S01D000041726D53796E635F536F6C7574696F6E5F435055302E7372656317
S31502000000E0010222F154000255530002ED540002AF
S31502000010ED540002ED540002ED540002ED540002CC
S31502000020000000000000000000000000FD240002A5
S31502000030ED54000200000000152500027D25000295
S31502000040C14D00023947000295460002CD47000223
S31502000050194800023947000295460002CD470002C0
S31502000060194800023947000295460002CD470002B0
S31502000070194800023947000295460002CD470002A0
S30D02000080194800029D49000225
S3150200008800000000010100001040000010400000BE
S3150200009810400000104000002D5F0002E57E0002BD
S315020000A843000000000000000000000000000000FD
S315020000B80000000000000000000000000000000030
S315020000C843000000000000000000000000000000DD
S315020000D80000000000000000000000000000000010
S315020000E843000000000000000000000000000000BD
S315020000F800000000000000000000000000000000F0
S31502000108430000000000000000000000000000009C
S3150200011800000000000000000000000000000000CF
S31502000128430000000000000000000000000000007C
S3150200013800000000000000000000000000000000AF
S31502000148430000000000000000000000000000005C
S31502000158000000000000000000000000000000008F
S31502000168430000000000000000000000000000003C
S31502000178000000000000000000000000000000006F
S3150200018839B90002B3AE00020000000050CD0002E9
S3150200019860CA0002F1CB0002F1CB0002F1CB0002E9
S315020001A8F1CB0002F1CB0002F1CB0002F1CB000247
S315020001B8F1CB0002F1CB0002FFFFFFFFFFFFFFFFBB
S315020001C8FFFFFFFFFFFF00000100415343494900BB
S315020001D8000000000000000000000000000000000F
S315020001E80000000000000000000041534349490096
S315020001F800000000000000000000000000000000EF
S31502000208000000000000000000000000900100222B
S3150200021800000000640B0322CC0B0322340C0322D9
S3150200022800000000000000000000000000000000BE
S3150200023800000000000000000000000000000000AE
S31502000248000000000000000000000000000000009E
S3110200025800000000000000000000000092
S315020002680348044B834202D0034B03B11847704735
S31502000278DC010022DC01002200000000064B0749CF
S31502000288C91A891048BF0131491003D0044B0BB172
S3150200029801481847704700BFDC010022DC01002232
S315020002A80000000010B5064C237843B9FFF7D8FFC3
S315020002B8044B13B10448AFF300800123237010BD29
S315020002C80C0202220000000028F1C90208B5054BFB
S315020002D81BB105490548AFF30080BDE80840FFF7A2
S315020002E8CDBF00BF000000001002022228F1C90299
S315020002F80160027143719DF800308371704710B531
S315020003080446006808B103F0ABFF204610BD0000A2
S31502000318F0B5ADF5057D07460C46037943BB0020CB
S31502000328C0F5FF720132214604AB184409F0B6FB48
S3150200033800238DF80F32224B1B7853B94FF47A7685
S3150200034801251F4C3146284604F098FF2378002BD6
S31502000358F8D01B4B00221A7004A809F038FC024692
S315020003683B6804A9186803F0C8FE0DF5057DF0BDC3
S31502000378144B1968144AA2FB01329209134BA3FBC8
S315020003880203DB0A4FF47A7000FB1211029110483D
S31502000398A0FB02514909C1EB0111A2EB81010191AE
S315020003A84FF4616101FB1322A0FB0202520900927B
S315020003B8084A4FF4007104A809F0B8FAB0E700BF7A
S315020003C80400002228020222D34D6210C5B3A2916C
S315020003D8898888885CBD00020EB410B5C3B004468D
S315020003E845AB53F8042B01934FF4807102A809F028
S315020003F81DFB02A92046FFF78BFF43B0BDE810405C
S3150200040803B0704708B4F0B5ADF50C7D04460E4648
S31502000418154691AB53F8042B4B934CAF4FF48071AE
S31502000428384609F003FB019700962B46074A4FF414
S31502000438907103A809F07AFA03A92046FFF768FF24
S315020004480DF50C7DBDE8F04001B0704778BD00029D
S315020004580EB410B5ADF50D7D04468FAB53F8042BDB
S315020004684B934FF480714CA809F0E0FA6379002B9C
S315020004784CAB0093094A0A4B08BF1346094A4FF484
S31502000488907103A809F052FA03A92046FFF740FF24
S315020004980DF50D7DBDE8104003B07047DCBD0002C6
S315020004A8C8BD0002C0BD00020EB410B5ADF50D7D83
S315020004B804468FAB53F8042B4B934FF480714CA828
S315020004C809F0B4FA6379002B4CAB0093094A0A4B3C
S315020004D808BF1346094A4FF4907103A809F026FA91
S315020004E803A92046FFF714FF0DF50D7DBDE8104060
S315020004F803B07047FCBD0002E4BD0002C0BD0002A5
S315020005080160426000228260C26002610275704721
S31502000518026943689A420DD202688368D154836895
S3150200052801334268B3FBF2FC02FB1C3383600369A6
S31502000538013303610A2904BF01230375704702695F
S315020005489AB110B4C3680168C95C01334468B3FB45
S31502000558F4FC04FB1C33C360013A02610AB90023A6
S31502000568037508465DF8044B70474FF0FF30704735
S3150200057800697047007D70472DE9F041037DCBB1D4
S31502000588064688464D1E571E00243046FFF7D7FFFB
S31502000598002808DBBC4205D0013405F8010F0A28F9
S315020005A8F3D100E03C46002308F8043033752046B0
S315020005B8BDE8F0810024FAE7844603699A4228BF17
S315020005C81A461046DCF80C3092B130B54C1E42F091
S315020005D801E0DCF80010C95C04F8011F0133DCF8FD
S315020005E80410B3FBF1F501FB15330FF00FC030BD54
S315020005F8704710B5044602F09BFFA06023685B684B
S315020006082046984710BD000008B50379042B00D090
S3150200061808BD017A0148FFF77BFFF9E76004022269
S3150200062808B50379042B00D008BD017A0148FFF703
S315020006386FFFF9E7480202222DE9F047B8B0804673
S315020006483148FFF797FF10B938B0BDE8F087802226
S3150200065818A92D48FFF790FF0028F5D0202200217F
S31502000668684609F001FA6F4618A80026B1464FF007
S315020006782C0A0BE087ED000A0136E4B20D2C20D9CC
S31502000688284600F801AB0437082E1CD090F9004022
S3150200069805464CB12C2C07D00A2C05D00D2C03D0BC
S315020006A815F9014F002CF5D185F80090494608F056
S315020006B89BFA052EDEDC87ED000A0136E4B20D2C24
S315020006C81DD8052EC0DD08AC6D460FCD0FC495E8C2
S315020006D80F0084E80F0010AC0C4D0FCD0FC495E83F
S315020006E8070003C4227002F023FF1790D8F81000FF
S315020006F800231A4608A9006802F090FAA4E72846D9
S3150200070800F801AB0437C1E7600402222C02022278
S315020007182DE9F043ABB08046564D4FF0AA090DF1CC
S3150200072849062846FFF724FF192840F2A0802846E2
S31502000738FFF705FFAA28F4D18DF830900CAF3C4696
S315020007482846FFF7FCFE04F8010FB442F8D19DF8DB
S3150200075849300D2BE5D113AB4FF0040E4EF001E0F4
S31502000768B9787A7842EA01221A803979FA7842EA1D
S3150200077801225A80B9797A7942EA01229A800637A1
S3150200078806330FF013C801238DF864303A4C274616
S315020007980DF14C0CBCE80F000FC79CE8070003C715
S315020007A83A70BDF94C3007EE903AF8EEE77ABDF9A1
S315020007B84E2007EE102AF8EEC76ABDF9501007EE6A
S315020007C8101AB8EEC77A67EEA77A66EEA66A77EEC9
S315020007D8A67A27EE077A77EE877AB1EEE76ABDF947
S315020007E8520007EE900AF8EEE77ABDF9547007EE62
S315020007F8107AF8EEC76ABDF956C007EE10CAB8EE07
S31502000808C77A67EEA77A66EEA66A77EEA67A27EE23
S31502000818077A77EE877AB1EEE77AB7EEC77A8DED81
S315020008280A7BCDF820C007970690B7EEC66A8DED0B
S31502000838046B029101920093104B114A1149124816
S31502000848FFF7E0FD202200211AA809F00DF922AFD0
S315020008580FCC0FC794E8070003C73A70D8F8100000
S3150200086800231A461AA9006802F0D8F959E72BB0EC
S31502000878BDE8F083480202222C02022204BE0002CC
S315020008883CBE000244BE00029802032238B5044662
S3150200089807490848FFF708FE02252046FFF738FFF2
S315020008A82046FFF7C9FE284602F0C6FFF5E700BF55
S315020008B84CBE00029802032208B54FF4806205492D
S315020008C80548FFF71DFE4FF4007204490448FFF776
S315020008D817FE08BD78040222600402226002022280
S315020008E84802022210B504460379042B03D0237961
S315020008F8022B05D010BD017A0348FFF709FEF6E779
S31502000908024B01221A70F5E7F808022205000022B6
S315020009180EB4F0B582B007AB53F8042B01937D21D0
S31502000928134809F083F800281CDB114BFF221A54DE
S3150200093803445A709A70C71C0E4B1B7853B94FF46E
S315020009487A7601250B4C3146284604F097FC237823
S31502000958002BF8D0074B00221A703A46044906487B
S3150200096803F0CBFB02B0BDE8F04003B0704700BF0E
S315020009787808022205000022440A03222DE9F04FD4
S3150200098889B0204C204E04F1100ADFF890804FF00F
S31502000998000910E05846FFF7D2FD0137BD42F9D1EA
S315020009A8039B0093194B1A4A1A491B48FFF72AFD5B
S315020009B80436544522D04046FFF7DAFD54F8045B64
S315020009C88542F5D8CDF81090CDF81490CDF8189048
S315020009D8CDF81C902A4604A94046FFF7EDFD336878
S315020009E803932A46194604A809F02EF80028DFD1EF
S315020009F8002DD5D00027DFF824B0CBE709B0BDE833
S31502000A08F08F00BF60C2000270C2000264BE00021C
S31502000A1868BE000270BE000298020322F80802228B
S31502000A2808B5DFED087A20EE270AFDEEC07A17EE42
S31502000A38903A4A1C0449FFF76BFF032002F0FCFEBA
S31502000A4808BD00BF0000C84278BE000270B5054660
S31502000A5816464C1C22460B49FFF75AFF032002F0A2
S31502000A68EBFE002E4EF2492243F6B16308BF134647
S31502000A78224605492846FFF74BFF032002F0DCFE13
S31502000A8870BD00BF88BE00029CBE000238B504468F
S31502000A980D46FDEEC07A17EE902A0E49FFF738FF8B
S31502000AA8032002F0C9FE0C492046FFF731FF032056
S31502000AB802F0C2FE002D43F6B1624EF2492318BF78
S31502000AC81A4606492046FFF723FF032002F0B4FE22
S31502000AD838BD00BFB0BE0002C4BE0002DCBE0002C2
S31502000AE82DE9F0412DED028B96B004462A492B4892
S31502000AF8FFF7DAFC0027DFF8A88039E00BAD0DF125
S31502000B08040CBCE80F000FC5BCE80F000FC59CE833
S31502000B18030085E803000BAE0025B6EC010A294658
S31502000B282046FFF77DFF0135062DF6D10DF1470662
S31502000B38002516F8012F82F0010229462046FFF702
S31502000B4885FF0135062DF4D11DE09DED018AB7EE2C
S31502000B58C87A53EC172B41461048FFF73DFC394635
S31502000B68B0EE480A2046FFF791FF322002F064FEF3
S31502000B782046FFF703FF23693A4601A9186802F0DF
S31502000B8801F90128BAD063693A4601A9186802F040
S31502000B98F9F80128E9D1D8E7F0BE00029802032243
S31502000BA804BF000238B505460C460A460549FFF752
S31502000BB8AFFE642C00D038BD03492846FFF7A8FECD
S31502000BC8F9E700BF18BF00022CBF000208B5802251
S31502000BD802490348FFF794FC08BD00BF1009022228
S31502000BE8F808022210B5002402F10C0E04E00C30BB
S31502000BF80C310334092C1CD013468446B3EC017A13
S31502000C08D1ED017AD3ED026A67EEA67AD1ED006AD2
S31502000C1827EE267A77EE877A91ED027AD3ED056A80
S31502000C2827EE267A77EE877AECEC017A7345E5D1D8
S31502000C38DDE710BD0B462431D3ED007A92ED007A3A
S31502000C4867EE877A93ED017AD2ED016A27EE267A64
S31502000C5877EE877A93ED027AD2ED026A27EE267A42
S31502000C6877EE877AE0EC017A0C338B42E4D170474F
S31502000C78F0B52DED068BC9B015461E4691ED00AAB4
S31502000C88DFED6F7A2AEE27AAD1ED019A69EEA79AC5
S31502000C98D1ED02AA6AEEA7AAD1ED038A68EEA78A5F
S31502000CA891ED048A28EE278A91ED059A29EE279A6C
S31502000CB8B0EE6A0A05F0D4FB10EE107AB0EE6A0AB4
S31502000CC805F0DAFA3F97002440948DED410A4294E2
S31502000CD8F7EE00AACDED43AA4494F1EE407ACDEDA3
S31502000CE8457A46944797B0EE4A0A05F0B9FB10EEE4
S31502000CF8107AB0EE4A0A05F0BFFACDED36AA379455
S31502000D08389439943A97F1EE407ACDED3B7A3C9491
S31502000D188DED3D0A3E97B0EE690A05F0A1FB10EE8D
S31502000D28107AB0EE690A05F0A7FA2D97F1EE407A25
S31502000D38CDED2E7A2F948DED300A31973294339475
S31502000D483494CDED35AA36AA3FA924A8FFF74AFF5F
S31502000D582DAA24A91BA8FFF745FF18941994394B05
S31502000D681A9318AA1BA92846FFF764FFB0EE490A88
S31502000D7805F076FB10EE107AB0EE490A05F07CFA19
S31502000D883F978DED410AF1EE407ACDED457A4797C8
S31502000D98B0EE680A05F064FB10EE107AB0EE680A47
S31502000DA805F06AFA3A97F1EE407ACDED3B7A8DED87
S31502000DB83D0A3E97B0EE480A05F052FB10EE107A4D
S31502000DC8B0EE480A05F058FA2D97F1EE407ACDEDC5
S31502000DD82E7A8DED300A319736AA3FA924A8FFF755
S31502000DE801FF2DAA24A90FA8FFF7FCFE0FAA1BA92B
S31502000DF806A8FFF7F7FE03940494134B059303AA78
S31502000E0806A96846FFF716FFD5ED007A9DED007A2A
S31502000E1877EE877AC6ED007AD5ED017A9DED017AED
S31502000E2877EE877AC6ED017AD5ED027A9DED027ADA
S31502000E3877EE877AC6ED027A49B0BDEC068BF0BD2D
S31502000E4835FA8E3C3333B3BEB81E85BE2DE9F04162
S31502000E582DED028BACB005465C495D48FFF724FBD5
S31502000E684FF0000844469FED5B8ADFED5B8A04E09B
S31502000E788DF8AC409DF8AC3013BB2B698DF86440F5
S31502000E884FF0FF320BA9186801F07CFF0128EFD159
S31502000E980DF16C0C0DF12C0EBEE80F00ACE80F003C
S31502000EA8BEE80F00ACE80F00BEE80F00ACE80F0082
S31502000EB89EE80F008CE80F0001238DF8AC30D9E7C5
S31502000EC81194019402940394049408AB05AA1BA9ED
S31502000ED82846FFF7CDFEDDED057A67EE887ACDED79
S31502000EE80B7ADDED067A67EE887ACDED0C7ADDEDC2
S31502000EF8077A67EE887ACDED0D7ADDED087A67EE28
S31502000F08887ACDED0E7ADDED097A67EE887ACDED2F
S31502000F180F7ADDED0A7A67EE887ACDED107A9DF8BA
S31502000F28A470002F2ED1219B01932A9E0296A869AE
S31502000F382346224601A9006801F070FEE8692346A5
S31502000F48224601A9006801F069FE229B03930496D2
S31502000F58286A2346224603A9006801F05FFE002F8D
S31502000F688BD002F0E5FA0746A0EB0803272B84D9B3
S31502000F7811966869234622460BA9006801F04EFEBF
S31502000F88B8467AE70DF18A020BAB0EA90232B2F91C
S31502000F98060007EE100AB8EEC77AD3ED006AB2F970
S31502000FA8000007EE900AF8EEE77A66EEA86A77EE90
S31502000FB8A67AE3EC017AD3ED027A67EEA87A77EE9F
S31502000FC8877AC3ED027A9942E0D1ACE778BF00028C
S31502000FD89802032200007A4400000000F0B5A5B08A
S31502000FE8044629492948FFF75FFA294F294E2A4D0F
S31502000FF805E000238DF840309DF84030C3B9636C94
S315020010084FF0FF3211A9186801F0BCFE0128F0D191
S315020010180DF1240C0DF1440EBEE80F00ACE80F00EA
S315020010289EE807008CE8070001238DF84030E3E7C5
S3150200103809AA04F1100111A801F060F80F9B239385
S31502001048A06C00231A4611A9006801F0E7FD1C9B53
S3150200105807939DF86C300693BDF86A3005939DF8A0
S3150200106868300493139B03939DF848300293BDF8A6
S31502001078463001939DF8443000933B463246294652
S315020010880248FFF7BFF9BAE790BF000298020322A7
S31502001098B0BF00023CBE0002E0BF000210B52DED53
S315020010A8048B82B09FED328A9FED329ADFED328A47
S315020010B810240094F0EE481A96231A460021B3EE3D
S315020010C8041AF0EE490AB0EE680A2C4801F07CF8D8
S315020010D80094F0EE481A962364220121B3EE0E1A02
S315020010E8DFED270A9FED270A274801F06DF80094DD
S315020010F8F0EE481A962364220021B2EE041AF0EEA4
S31502001108490AB0EE680A214801F05EF80094F0EE4A
S31502001118481A962364220121B2EE041ADFED1C0A4C
S315020011289FED1C0A1C4801F04FF80094F0EE481A8D
S31502001138962364220021B7EE001AF0EE490AB0EEB1
S31502001148680A164801F040F80094F0EE481A962309
S3150200115864220121B2EE041AF0EE490AB0EE680AD8
S315020011680F4801F031F802B0BDEC048B10BD00BF88
S315020011786666E63F0000B4420000B4C2300A0222A4
S315020011880000FA420000B4C1100A0222F009022243
S31502001198000000000000F4C2D0090222B0090222AF
S315020011A8900902222DE9F04F83B08B4601921F4621
S315020011B80D9D0E9E0F9CDDF840A0DDF84490DDF8EB
S315020011C84880DFEDAD7A70EEA70A32EE272A70EE76
S315020011D8E77A20EE007A67EEA76A37EE267A61EE9C
S315020011E8016A37EE267AF1EEC76A9FEDA47AF4EE23
S315020011F8C76AF1EE10FA40F329819FEDA16A86EEDD
S31502001208267A60EE076A9FED9F6A76EE866A67EE31
S31502001218870ADFED995A70EEA50A21EE077A37EEAC
S31502001228067AC5ED006AC6ED000A84ED007A9FEDDE
S31502001238957A30EE070A31EEC00ADFED8F6A77EE4D
S31502001248A67A72EE677A31EE071A32EEC11A20EEE4
S31502001258007A67EEA76A37EE267A61EE016A37EEFA
S31502001268267AF1EEC76A9FED857AF4EEC76AF1EE41
S3150200127810FA40F3F0809FED846A86EE267A20EE15
S31502001288070AD5ED006A76EE806ACAED006A67EE4D
S31502001298877AD6ED006A76EEA77AC9ED007A21EE4C
S315020012A8071AD4ED002A71EE222AC8ED002AD4EDD7
S315020012B8000AF1EE600A95ED000A04F097FF8BED3D
S315020012C8000AD5ED007AD6ED006A94ED007A67EE4B
S315020012D8A77A66EEA66A77EEA67A27EE077A77EEF9
S315020012E8877AB1EEE77A27EE077ADFED687A77EE44
S315020012F8C77A9FED677A87EE870AFFEE007AB4EE21
S31502001308E70AF1EE10FA00F1AB80F7EE007AB4EED6
S31502001318670AF1EE10FA37FE800A04F03BFFDFEDAA
S315020013285D7A30EE670A019B83ED000ADAED007AF0
S3150200133899ED007ADFED506A37EE667AD8ED006AE3
S3150200134867EEA77A27EE077A77EE877A66EEA66AB7
S3150200135877EEA67AB1EEE77A27EE077ADFED4E7ACE
S3150200136877EEC77A9FED4D7A87EE870AFFEE007A07
S31502001378B4EEE70AF1EE10FA75D4F7EE007AB4EE97
S31502001388670AF1EE10FA37FE800A04F003FFDFED72
S31502001398447A30EE670A0C9B83ED000A95ED006AE3
S315020013A8DFED377A86EE277AD6ED004A94ED005AB3
S315020013B8C5EE276A66EEA67ADFED325A77EEA57A89
S315020013C867EE075A77EEA57AF1EEE75ADFED357A38
S315020013D8F4EEE75AF1EE10FA48DDC6EEA50AB1EECA
S315020013E8477AC7EE256ADAED007A77EEC67A9FED76
S315020013F8267A87EE870AD9ED007A77EEE47AC7EE7F
S31502001408875A98ED006A36EE456AC6EE077A60EEA6
S31502001418800A9FED1C7A25EE876A70EE860A66EECA
S31502001428A76A70EEA60A20EE070A30EE250A67EECC
S31502001438877A30EE270AF1EE600AB1EE400A04F026
S31502001448D5FE87ED000A03B0BDE8F08FF0EE406ADC
S31502001458B0EE417AE5E6CAED001A89ED002A24E7DC
S31502001468BFEE000A59E7BFEE000A8EE7DFED056A0E
S31502001478F7EE000AB7E700BF0000F2420AD7233C9C
S31502001488AE17844300000000DD8439435BE9A447B4
S31502001498C5BC7947DB0FC93F8189CB475673BF471E
S315020014A8DB0F49406F12833A2DE9F0472DED0C8B7D
S315020014B8C2B0804688498948FEF7F6FF9FED88BA8A
S315020014C8DFF830927EA7D7E900679FED7FCB9FEDC5
S315020014D880DB00240025D8F810304FF0FF323BA9F4
S315020014E8186801F04FFC0128F5D19DED3B8ADDED28
S315020014F83C8A9DED3D9ADDED3E9A9DED3FAADDEDD6
S3150200150840AADDF804A13AAB069339AB059338AB8A
S31502001518049337AB039336AB029335AB019334ABE3
S31502001528009333AB32AA31A9F0EE6A2AB0EE4A2A00
S31502001538F0EE691AB0EE491AF0EE680AB0EE480AF9
S315020015484046FFF72FFECDF804A1DDED317A67EEAE
S315020015588B7ACDED3B7A9DED327A27EE0B7A8DEDBD
S315020015683C7ADDED336A66EE8B6ACDED3D6A9DED1A
S31502001578346A26EE0B6A8DED3E6ACDF8FC90CDF8FC
S3150200158800919DED355ADDED36BADDED375A65EE39
S31502001598054A2BEEAB4A74EE844A25EEA54A74EE4A
S315020015A8844AB1EEE42A9DED384ADDED394ADFED8B
S315020015B84D3A74EEE33A9DED3A3A64EE042A63EE46
S315020015C8A33A72EEA33A63EE032A73EEA23AB1EE97
S315020015D8E31A74EE453A74EEEB1A73EE652A63EE75
S315020015E8A33A61EEA11A73EEA13A62EEA22A73EE4B
S315020015F8A23AB1EEE30ACDE92E67B7EEC00A8DED3F
S315020016082C0B8DED2ACBB7EEC11A8DED281B8DED6D
S3150200161826DBB7EEC22A8DED242BB7EEC33A8DED43
S31502001628223BB7EEE43A8DED203BB7EEC44A8DED88
S315020016381E4BB7EEE53A8DED1C3BB7EEEB4A8DED48
S315020016481A4BB7EEC55A8DED185BB7EEEA5A8DED11
S31502001658165BB7EECAAA8DED14ABB7EEE95A8DED55
S31502001668125BB7EEC99A8DED109BB7EEE85A8DED6F
S315020016780E5BB7EEC88A8DED0C8BCDE90A45CDE92E
S315020016880845B7EEC65A8DED065BB7EEE66A8DEDEE
S31502001698046BB7EEC76A8DED026BB7EEE77A8DED8E
S315020016A8007B114B114A12490C48FEF7ABFE002388
S315020016B81A463BA9D8F81400006801F0AFFA0AE7FF
S315020016C8000000A09B30674000000080431B7C405E
S315020016D8000000C0F5827040E8BF000298020322AB
S315020016E8E02E65420000F242FCBF0002BCC00002C6
S315020016F8C4C000020000C07FB5EEC00AF1EE10FABF
S3150200170809D4DFED0C7AB4EEE70AF1EE10FA04DD3D
S315020017189FED080A01E09FED080A9FED067AC0EEE2
S31502001728077A9FED067A67EE877A9FED050A37EE06
S31502001738C00A70470000C842000000000000344397
S315020017480000B442F0B52DED028BA7B0044650490D
S315020017585048FEF7A9FE00259FED4F8ADFED4F8A16
S315020017685DE01EAE0DF13C0CBCE80F000FC69CE80E
S31502001778070086E8070001267CE0D0ED007A67EECE
S31502001788A87A91ED007A77EE877AE3EC017A04314A
S315020017980430013A04D0002EEFD1D1ED007AF4E7F5
S315020017A8B0EE680A25B1B0EE480A2046FFF7A4FF54
S315020017B88DED140AE06900231A460FA9006801F0A4
S315020017C82DFAB7EEC87A8DED0C7B9DED147AB7EE3D
S315020017D8C77A8DED0A7B9DED137AB7EEC77A8DED42
S315020017E8087B9DED127AB7EEC77A8DED067B9DEDE5
S315020017F8117AB7EEC77A8DED047B9DED107AB7EEB6
S31502001808C77A8DED027B9DED0F7AB7EEC77A8DED1D
S31502001818007B234B234A24491E48FEF7F3FDA3699E
S3150200182800221EA9186801F0ADFA012804BF9DED31
S315020018381E8A012523694FF0FF321EA9186801F096
S31502001848A1FA0128EBD10DF1580C0DF1780EBEE87C
S315020018580F00ACE80F009EE807008CE80700174661
S31502001868636900220FA9186801F08CFA01283FF46F
S3150200187878AF002600230F931093119312931393B4
S31502001888149315970FAB16A91EA8052283E700BF66
S31502001898C8C0000298020322000048420000000065
S315020018A8E0C0000220C1000228C100022DE9F0436F
S315020018B8B1B004465448E061544B236254220021D5
S315020018C808F0D2F828220021206A08F0CDF85049FB
S315020018D8504802F0DFFF0026DFF83891DFF848812A
S315020018E84D4F55E04C252A4609A91CA808F062F96D
S315020018F82A461CA904F1500008F05CF950E009AA2E
S3150200190807AB93E8030082E8030004F19C0383E82B
S3150200191803004DE004F12406304603F03DFD082895
S31502001928FAD04C2204F15001E06908F043F9E36960
S31502001938D4F89C20DA64E3691D65304603F038FD65
S31502001948A121484602F0F6FFA36D059394F8543098
S315020019580493B4F85230039394F85030029394EDFA
S31502001968277AB7EEC77A8DED007B43463A462B496E
S315020019782B48FEF747FD2E4620E0284603F018FDC1
S31502001988A06900231A4604F12801006801F046F905
S3150200199823690A2209A9186801F0F4F90128A1D0D5
S315020019A86369002207A9186801F0ECF90128A6D094
S315020019B801F0BEFD0546831B132BABD8194B1B78CA
S315020019C8002BE5D0174B00221A7004F1240528468D
S315020019D803F0E2FC0828FAD0236A5A6AD4F8A4105B
S315020019E88A42CAD0C4F8A42004F1280E9C46BCE850
S315020019F80F00AEE80F00BCE80F00AEE80F009CE847
S31502001A0803008EE80300B8E728401C2200401C2287
S31502001A18ACC40002780A032260C1000268C100024F
S31502001A2898020322500A022230C100028368B3F5E3
S31502001A38803F00D070474368A22BFBD1014B01229D
S31502001A481A70F7E7500A022210B50446006801F038
S31502001A5881FA204610BD10B50446006801F07AFAEC
S31502001A68204610BD10B50446006801F073FA2046F8
S31502001A7810BD10B50446006801F06CFA204610BD88
S31502001A8810B50446006801F065FA204610BD10B587
S31502001A980446006801F05EFA204610BD10B50446F9
S31502001AA8006801F057FA204610BD10B504460846EC
S31502001AB800222260082101F089F804E0206801F07A
S31502001AC849FA03F0FBFE2060204610BD10B5044615
S31502001AD80846002222601C2101F078F804E02068FA
S31502001AE801F038FA03F0EAFE2060204610BD000035
S31502001AF870B500224E4B1A604021042001F066F8A8
S31502001B084B4B18604B4A4C49184603F05DFE0022BF
S31502001B184A4B1A601C21042001F058F8474B1860FA
S31502001B28444C22464649184603F04EFE454D0221CC
S31502001B382846FFF7BAFF444E22463146284603F0A6
S31502001B4843FE424D02212846FFF7AFFF22463146A1
S31502001B58284603F039FE00223D4B1A60082104206C
S31502001B6801F034F805E0324B186801F0F3F903F096
S31502001B78A5FE374B18602F4C22463649184603F005
S31502001B8823FE354E04213046FFF7A0FF334D224689
S31502001B982946304603F018FE314E04213046FFF737
S31502001BA895FF22462946304603F00EFE2D4E0421A5
S31502001BB83046FFF78BFF22462946304603F004FEDD
S31502001BC80022294B1A604C21042000F0FFFF05E091
S31502001BD81A4B186801F0BEF903F070FE224B186022
S31502001BE8144A2249184603F0EFFD0022204B1A60D8
S31502001BF82821042000F0EAFF05E0154B186801F0D9
S31502001C08A9F903F05BFE1A4B18600A4A19491846E5
S31502001C1803F0DAFD70BD144B186801F09BF903F066
S31502001C284DFE134B186801F095F903F047FE00BF05
S31502001C38780A022200000022511A0002740A0222BD
S31502001C485F1A0002700A02226D1A00026C0A022248
S31502001C58680A02227B1A0002640A0222891A000210
S31502001C68600A02225C0A0222580A0222971A000213
S31502001C78540A0222A51A000210B50446034B036051
S31502001C88406808B101F0A6FB204610BD7CC30002DD
S31502001C9810B50446034B0360406808B101F09AFB8D
S31502001CA8204610BD7CC3000210B50446034B0360F0
S31502001CB8406808B101F08EFB204610BD7CC30002C5
S31502001CC810B50446034B0360406808B101F082FB75
S31502001CD8204610BD7CC3000210B50446034B0360C0
S31502001CE8406808B101F076FB204610BD7CC30002AD
S31502001CF810B50446034B0360406808B101F06AFB5D
S31502001D08204610BD7CC3000210B50446034B03608F
S31502001D18406808B101F05EFB204610BD7CC3000294
S31502001D2810B50446034B0360406808B101F052FB44
S31502001D38204610BD7CC3000270B50D4D4FF4857464
S31502001D480C4E01222146284602F052FE642001F07A
S31502001D5873FD31460848FEF77BFB002221462846DA
S31502001D6802F046FE4FF4617001F066FDE9E700BF36
S31502001D78800903226CC100029802032210B50446A8
S31502001D8801F0D6FBA06023685B682046984710BD21
S31502001D9830B583B004460846194600236360A3603B
S31502001DA80D4D25602373231D0193009023460B488E
S31502001DB801F0DEFA07E00A4B2360606808B101F019
S31502001DC809FB03F07BFD012814BF002001202073C4
S31502001DD8204603B030BD00BF8CC30002851D000239
S31502001DE87CC30002F0B585B0864B00225A609A6021
S31502001DF8854919601A731A1D0192012200924FF43D
S31502001E0800728249824801F0B3FA7E4B012814BF58
S31502001E180020012018737F4A1A607F4D2A467F499F
S31502001E28184603F0D1FC7E4C7E4B4FF480620321A8
S31502001E382046FFF7ADFF7C4B23607C4E26612A467F
S31502001E487B49204603F0C0FC7A4C7B4B4FF48062F8
S31502001E5803212046FFF79CFF784B23602661784FC3
S31502001E686761784BA361784BE361784E26622A460E
S31502001E787749204603F0A8FC764C774B4FF400626C
S31502001E8803212046FFF784FF744B23602761744FB2
S31502001E9867612A467349204603F096FC724C734BD7
S31502001EA84FF4806203212046FFF772FF704B2360CE
S31502001EB82761704B6361A6616F4BE3612A466F49DE
S31502001EC8204603F081FC6E4B00225A609A604E4906
S31502001ED819601A731A1D0192032200924FF40062C6
S31502001EE868494B4801F044FA654B012814BF0020A3
S31502001EF8012018731846644B40F8103B634B029353
S31502001F08634B0193634B0093634B644A644900F045
S31502001F18E1F811E03B4B634A1A60586808B101F0D0
S31502001F2859FA03F0CBFC564B5E4A1A60586808B158
S31502001F3801F050FA03F0C2FC51484F4B43645A4B26
S31502001F488364354A594903F03FFC594B00225A60CB
S31502001F589A602D4919601A731A1D0192032200927A
S31502001F684FF4806253492A4801F002FA504C01287C
S31502001F7814BF0020012020734F4B23604A4B236174
S31502001F88304B63614D4EA6610025E561256284F8F2
S31502001F9824504C22294604F1500007F065FDC4F886
S31502001FA89C50C4F8A050C4F8A4501B4D2A46444974
S31502001FB8204603F009FC434C434B4FF4407202217E
S31502001FC82046FFF7E5FE414B236026611E4B6361FF
S31502001FD82A463F49204603F0F7FB05B0F0BD284BD9
S31502001FE8304A1A60586808B101F0F4F903F066FC41
S31502001FF82F4B2C4A1A60586808B101F0EBF903F026
S315020020085DFC00BFF80B02228CC3000278C10002F5
S31502002018851D00029CC3000200000022291D000241
S31502002028E40B022280C1000234C20002780A0222AC
S31502002038111D0002C00B02228CC10002A4C20002BA
S31502002048740A0222700A02226C0A0222680A022210
S31502002058F91C0002A80B0222C4C00002FCC200023C
S31502002068640A0222E11C0002880B022298C10002BD
S3150200207828C30002600A02225C0A0222C91C000264
S315020020883C0B0222A0C10002D8C200029009022219
S31502002098B0090222D0090222F0090222100A0222FB
S315020020A8300A02227CC30002580A0222B11C00022C
S315020020B8940A0222ACC1000254C30002540A022244
S315020020C8991C00027C0A0222B4C1000258C200020C
S315020020D8811C0002016042608360009BC360019B11
S315020020E80361029B436100238361C3610362436206
S315020020F88362C36280F83030704700002DE9F843E6
S315020021082DED048B06460F4615464C22002107F094
S31502002118ABFC002D4DD097F8308088F001083C467C
S3150200212807F11809DFED258A9FED259ADFED259A35
S3150200213802E004344C4524D0B5EC018AF0EEC87AA4
S31502002148F4EE497AF1EE10FAF3D8B0EE480A2068AE
S3150200215800F069F8D4ED067A38EE678AB0EEC88AD6
S31502002168B4EE698AF1EE10FAA8BF4FF001082068AA
S3150200217800F002F9B4EE680AF1EE10FA70FE288A47
S31502002188D7E7B8F1000F14D03D1F002404EB440032
S31502002198B0EE680A55F8041F06EB800000F002F953
S315020021A82B689B68AB610134062CEFD1012387F8B3
S315020021B830303046BDEC048BBDE8F88300000000E1
S315020021C8FFFF7F7F0AD7233C00B580ED000AC0EDEA
S315020021D8010A4FF0000EC0F808E0DFF820E0C0F868
S315020021E80CE080ED041A0175C2820376BDF804304C
S315020021F84383C0ED071A5DF804FB00BF0000C07FE9
S31502002208F0EE407A90ED000AB4EEE70AF1EE10FA23
S3150200221808DC90ED010AB4EEE70AF1EE10FA58BFAF
S31502002228B0EE670A704710B50446FFF7E9FF84ED7A
S31502002238030A10BD08B5B0EEC00A90ED077AC0EEE3
S31502002248077A438B07EE103AB8EE477A67EE877A33
S3150200225890ED040A27EE800A03F0D8FF08BD0000B5
S3150200226882B00191A9B107EE901AB8EE677ADFED4E
S315020022780A7A77EEC77A9FED097A67EE877A9FED33
S31502002288087A67EE877AB7EE007A87EE270A02B0EF
S3150200229870479FED040AFAE70000804300004842AF
S315020022A8BD37863500000000B5EEC00AF1EE10FA19
S315020022B853D908B52DED028BB0EE608AF5EEC00A49
S315020022C8F1EE10FA4CD9DFED287AF4EEE70AF1EED0
S315020022D810FAC8BFB0EE678ADFED247AC0EE278A05
S315020022E8FFF7BEFFF0EE407AB5EEC00AF1EE10FA3D
S315020022F821D988EE006AB6EE007A28EE077A27EE2A
S31502002308067ADFED1B5AC7EE256A76EEA66AF4EE62
S31502002318E86AF1EE10FA15DA78EEE68ADFED147A53
S3150200232868EEA78A88EE880A36EE066A30EE060A4C
S31502002338BDEC028B08BDDFED0E7A68EEA78A88EE41
S31502002348880AF5E768EEA58A68EE808AB1EEE87A29
S3150200235837EE077A87EE270AEAE79FED060A7047FD
S315020023689FED040AE4E700BF00409C450000B44321
S31502002378000070420000000008B5C28A00EE902AEA
S31502002388D0ED037A90ED027A77EEC77AF0EEE77A25
S3150200239890ED040A017EF8EE600A27EE800AFFF73E
S315020023A883FF08BD2DE9F8432DED048B074600236C
S315020023B8036043608360D1ED038AF4EE688AF1EE26
S315020023C810FA13D60D46F0EE409A91ED028A38EECF
S315020023D8C88AB0EEC88AD1ED047A28EE278ADFEDDC
S315020023E8437AB4EEE78AF1EE10FA04D53846BDEC24
S315020023F8048BBDE8F883B1F8168091F8189049461F
S3150200240807EE908AF8EE670AB0EE480A2846FFF702
S315020024184BFFB0EE409AB4EE690AF1EE10FA48BFE5
S31502002428B0EE699A41F28833984528BF9846012644
S3150200243818E0A8EB060404EBD47406EB6404A4B211
S31502002448494607EE904AF8EE670AB0EE480A284669
S31502002458FFF72AFFB4EEC09AF1EE10FA46BF01342E
S31502002468A6B2A046B045E4D8494607EE906AF8EE09
S31502002478670AB0EE480A2846FFF716FFF0EE409ABA
S31502002488731E494600EE903AF8EEE00AB0EE480AA4
S315020024982846FFF709FF30EE490AB0EEC00A79EE80
S315020024A8C99AF0EEE99AB4EEE90AF1EE10FA44BFD7
S315020024B806F1FF36B6B22B7DF1EE687A002B48FE9E
S315020024C8A77AF5EEC07AF1EE10FAB4BF012300231B
S315020024D83B707E8087F80490B0EE680A2846FFF7BC
S315020024E8A9FEB860C5ED028A80E700BF17B7D138E2
S315020024F800BEFEE71EF0040F0CBFEFF30880EFF3F1
S315020025080980014908470000A12500020F4B1968F6
S31502002518EFF309821EF0100F08BF22ED108A22E996
S31502002528F04FEFF30B8342F8043D0A604FF01000B8
S3150200253880F31188BFF34F8FBFF36F8F01F0A0F9B5
S315020025484FF0000080F3118800F002B868010322F8
S31502002558074801680A6802CA81F30B88B2E8F04F95
S315020025681EF0100F08BFB2EC108A82F30988704772
S315020025786801032210B5EFF31184102383F311883F
S3150200258800F0DCFF18B1034B4FF080525A6084F317
S31502002598118810BD00ED00E008B5836913F8023C06
S315020025A8022B05D0032B05D9012383F31088FEE7F6
S315020025B8FFF7CEFF08BD000010B44FF0807440F854
S315020025C8044C22F0010240F8082C074A40F80C2C69
S315020025D840F8203C6FF0020340F8243C283140F8CA
S315020025E8481D5DF8044B7047F9240002EFF3118188
S315020025F8102383F31188094A136801331360012BE8
S3150200260800D07047064B1960064B5B68C3F3080394
S31502002618002BF6D0012383F31088FEE70C0C022266
S31502002628080C022200ED00E0074B1B681BB90123C8
S3150200263883F31088FEE7013B034A13601BB9034B79
S315020026481B6883F3118870470C0C0222080C0222BD
S315020026580A4B1B680A4AA2FB03239B09013BB3F1F7
S31502002668807F0AD24FF0E0225361064BF02183F8AD
S315020026782310002393610723136170474C0B03222F
S31502002688D34D621000ED00E008B50C4BF02283F83A
S315020026982220FFF7DDFF0A4A536B43F04043536398
S315020026A862B6BFF36F8FEFF3148C2CF0040C8CF325
S315020026B81488BFF36F8F02DF00BEFDE700ED00E06E
S315020026C800EF00E070B5431E13F10A0F00F298807E
S315020026D800F1080410F0070306D0A3F10902A2428A
S315020026E8C0F08E801030C41A00F01AFF4E4B1B68D9
S315020026F8002B00F08C80002C7DDD4C4B1968A14222
S3150200270879D34B4B1B684B4A934202D34A4A9342AC
S315020027181DD9012383F31088FEE74FF4704344481A
S315020027280260002141601344083B23F007033E4838
S31502002738036059601960991A516013603F4B19601A
S315020027483A4B1960D7E7012383F31088FEE7384E20
S315020027583848394D5A68A24208D21A6832B18242BA
S31502002768F1D31E46AA42EED81346F3E72E4A12685A
S315020027789A4240D0356808352E4A954202D32E4AE7
S31502002788954203D9012383F31088FEE71A6832605B
S315020027985A68A2420AD3121B102A10D9181910F025
S315020027A8070F07D0012383F31088FEE7012383F37B
S315020027B81088FEE742605C6032681A5130605A68D7
S315020027C8891A1A4801601D48006881423CBF1B48A5
S315020027D8016042F000425A6000221A60184A1368E1
S315020027E80133136000F076FF15F0070F06D00123B8
S315020027F883F31088FEE700F06DFF0025284670BDBA
S3150200280800F08EFE084B1B68002BF4D10024094AFF
S3150200281812F0070F81D0D11D21F0070102F570428F
S31502002828531A0A467BE700BF200C02221C0C02221E
S31502002838240C02222C0C02222BFC0222180C022245
S31502002848140C0222002863D038B50546A0F1080404
S31502002858304B9C420AD3304B9C4207D850F8043C72
S31502002868002B07DB012383F31088FEE7012383F39A
S315020028781088FEE750F8082C1AB1012383F3108852
S31502002888FEE723F0004340F8043C00F049FE55F801
S31502002898041C224A13680B441360214B1A461B6810
S315020028A89C42FBD81E48824209D01A48824202D369
S315020028B81948824203D9012383F31088FEE7506838
S315020028C802EB000C644510D055F8040C251819467D
S315020028D8AB4213D02160A24218BF1460114A136892
S315020028E80133136000F0F6FE38BD01445160084614
S315020028F811448B4201D01360F0E714460A4909686D
S315020029088B42E7D05B680344636013681968E1E7A2
S31502002918704700BF2C0C02222BFC02221C0C02223E
S31502002928240C0222100C0222200C022200F10803B7
S3150200293843604FF0FF328260C36003610023036085
S31502002948704700230361704743684B609A688A6040
S31502002958516099600861036801330360704730B4B7
S315020029680D68B5F1FF3F11D000F108031C465B68FC
S315020029781A68AA42FAD963684B6099608C606160EA
S31502002988086103680133036030BC70470469F2E7E3
S315020029980369416882688A60416851605A6882425E
S315020029A804BF82685A6000220261186801381860FA
S315020029B8704710B50446FFF719FEA46BFFF734FEFD
S315020029C8B4FA84F0400910BD70B504461646856B04
S315020029D8026C5AB903681BB100200135A56370BDA4
S315020029E8806801F0A5F80023A360F6E76EB940688F
S315020029F807F0E0F86368226C13446360A268304605
S31502002A089342EAD323686360E7E7C06807F0D2F81F
S31502002A18226C5142E3689B1AE3602268934202D20F
S31502002A28A3680B44E360022E01D00020D5E715B156
S31502002A38013D0020D1E70020CFE70346026C6AB1C8
S31502002A4810B50846D9681144D9609C68A14224BFCA
S31502002A581968D960D96807F0ADF810BD704770B526
S31502002A680546FFF7C3FD95F8454064B2002C0FDD15
S31502002A7805F1240602E0013C64B24CB16B6A3BB133
S31502002A88304600F087FF0028F5D001F03BF8F2E760
S31502002A98FF2385F84530FFF7C7FDFFF7A7FD95F831
S31502002AA8444064B2002C0FDD05F1100602E0013C39
S31502002AB864B24CB12B693BB1304600F06BFF00287B
S31502002AC8F5D001F01FF8F2E7FF2385F84430FFF747
S31502002AD8ABFD70BD38B558B10D460446C36B1BB184
S31502002AE8026CA2FB03233BB1012383F31088FEE7A2
S31502002AF8012383F31088FEE7FFF778FD2268216C2D
S31502002B08E36B01FB03F3D018A0600020A0636260A8
S31502002B185B1A1A44E260FF2384F8443084F845308D
S31502002B28A5B923691BB9FFF77FFD012038BD04F15A
S31502002B38100000F02FFF0028F5D0094B4FF0805205
S31502002B485A60BFF34F8FBFF36F8FECE704F11000A3
S31502002B58FFF7ECFE04F12400FFF7E8FEE3E700BF07
S31502002B6800ED00E04BB110B582B01C4608B142B187
S31502002B7819BB012383F31088FEE7012383F3108828
S31502002B88FEE70029F5D150230193019B502B19D159
S31502002B98019B2246012384F846302260E0632164C1
S31502002BA819462046FFF796FF9DF8103084F84C30F8
S31502002BB8204602B010BD019BECE750230193019B0E
S31502002BC8502BF8D0012383F31088FEE7F8B550B1ED
S31502002BD80D4614460646A1FB002323B901FB00F065
S31502002BE810F1510F03D9012383F31088FEE7503001
S31502002BF8FFF768FD074678B1002380F8463000F1F2
S31502002C085003002D08BF03460360C663056401210D
S31502002C18FFF760FF87F84C403846F8BD2DE9F047C4
S31502002C2884B0019260B10E461D46044661B1022D7A
S31502002C3811D1E36B012B0ED0012383F31088FEE733
S31502002C48012383F31088FEE7036C002BEFD00123E0
S31502002C5883F31088FEE700F05BFF814628B9019BE3
S31502002C682BB1012383F31088FEE74FF000090027F2
S31502002C78DFF80C8133E02A4631462046FFF7A4FEE8
S31502002C88636A73B938B13E4B4FF080525A60BFF34C
S31502002C984F8FBFF36F8FFFF7C7FC012004B0BDE863
S31502002CA8F08704F1240000F075FE0028F3D0344BB7
S31502002CB84FF080525A60BFF34F8FBFF36F8FEAE728
S31502002CC8FFF7B2FC0020E9E702A800F0D5FE14E0FF
S31502002CD82046FFF7C4FE00F0FDFC4FF00109FFF79E
S31502002CE885FCA26BE36B9A42C5D3022DC3D0019B26
S31502002CF8002BE5D0B9F1000FE6D0FFF795FC00F0FE
S31502002D080FFCFFF773FC94F8442052B2B2F1FF3F6E
S31502002D1808BF84F8447094F8452052B2B2F1FF3FD6
S31502002D2808BF84F84570FFF77FFC01A902A800F0E6
S31502002D38AFFEF0B9FFF75AFCD4F838A0D4F83C90A5
S31502002D48FFF772FCCA45C3D1019904F1100000F0DD
S31502002D58E7FD2046FFF783FE00F0BCFC0028BCD145
S31502002D684FF08053C8F80430BFF34F8FBFF36F8F0D
S31502002D78B3E72046FFF773FE00F0ACFC00208DE7B0
S31502002D8800ED00E02DE9F04385B0019260B10D46F1
S31502002D98044669B100F0BCFE814680B9019B83B145
S31502002DA8012383F31088FEE7012383F31088FEE7E5
S31502002DB8036C002BEED0012383F31088FEE74FF055
S31502002DC800090026DFF8FC8036E029462046FFF790
S31502002DD834FE7B1EA36323692BB9FFF725FC01206A
S31502002DE805B0BDE8F08304F1100000F0D3FD002819
S31502002DF8F3D0344B4FF080525A60BFF34F8FBFF374
S31502002E086F8FEAE7FFF710FC0020E9E702A800F057
S31502002E1833FE1CE02046FFF722FE00F05BFC09E0C9
S31502002E282046FFF71CFE00F055FC2046FFF7C1FDC1
S31502002E38002844D14FF00109FFF7D8FBA76B002FF2
S31502002E48C3D1019B002BDDD0B9F1000FDED0FFF70D
S31502002E58EBFB00F065FBFFF7C9FB94F844305BB265
S31502002E68B3F1FF3F08BF84F8446094F845305BB27B
S31502002E78B3F1FF3F08BF84F84560FFF7D5FB01A908
S31502002E8802A800F005FE0028CAD12046FFF791FDE8
S31502002E980028BFD0019904F1240000F041FD204624
S31502002EA8FFF7DDFD00F016FC0028C3D14FF0805372
S31502002EB8C8F80430BFF34F8FBFF36F8FBAE700200D
S31502002EC88EE700BF00ED00E038B130B50446F9B12F
S31502002ED8104B0020844608220CE0012383F3108855
S31502002EE8FEE70C4800EBCC0010E00CF1010C0833AD
S31502002EF8013A0AD09E465D68A542F2D00028F4D16E
S31502002F081D68002D08BF1846EFE708B10160446046
S31502002F1830BD00BF2CFC0222844650B100230B4868
S31502002F28082250F83310614507D00133013AF8D127
S31502002F387047012383F31088FEE7054A002142F809
S31502002F48331002EBC3025160704700BF30FC022205
S31502002F582CFC022238B110B50446FFF7DDFF94F8BF
S31502002F68463023B110BD012383F31088FEE72046BD
S31502002F78FFF768FCF6E770B504460D461646FFF7F6
S31502002F8835FB94F844305BB2B3F1FF3F04BF00232C
S31502002F9884F8443094F845305BB2B3F1FF3F04BF7E
S31502002FA8002384F84530FFF73FFBA36B1BB120468D
S31502002FB8FFF755FD70BD3246294604F1240000F09C
S31502002FC8C3FCF4E7074B1B681B6823B9064B4FF093
S31502002FD8FF321A607047034B1B68DB681A68024B9C
S31502002FE81A607047DCFC022274FC02222DE9F843BF
S31502002FF8074689469846089E0A9C95002A46A521B0
S31502003008206B06F031FD043D236B2B4423F00705A4
S315020030186565B9F1000F10D009F1FF3104F13303E8
S315020030284FF0200C11F9012F03F8012F12B1BCF150
S31502003038010CF7D1002384F85330372E03D9012324
S3150200304883F31088FEE7E6622666201DFFF779FC01
S3150200305804F11800FFF775FC2461C6F13806A6616B
S31502003068646243463A46216B2846FFF7A5FA206072
S31502003078099B03B11C60BDE8F883000070B50546DC
S31502003088FFF7B4FA364A136801331360354B1B68E7
S31502003098002B41D0344B1B683BB9324B1B68DA6AAA
S315020030A8EB6A9A429CBF2F4B1D60304A1368013364
S315020030B81360AB65EB6A2E4A1268934284BF2C4AA8
S315020030C813602C4A03EB830302EB83035B68AB6052
S315020030D89868E860291D41609960EB6A03EB8301F1
S315020030E802EB8100686152F82130013342F821303F
S315020030F8FFF79AFA1C4B1B686BB11A4B1B68DA6A04
S31502003108EB6A9A4207D21C4B4FF080525A60BFF3C1
S315020031184F8FBFF36F8F70BD124B1D601368012B63
S31502003128C3D1144C04F58C662046FFF7FFFB143412
S31502003138B442F9D1114E3046FFF7F8FB104C20463F
S31502003148FFF7F4FB0F48FFF7F1FB0F48FFF7EEFB1B
S315020031580E48FFF7EBFB0E4B1E600E4B1C60A4E7F6
S3150200316894FC02226801032288FC022278FC0222CD
S315020031788CFC022208FD022200ED00E0F4FC022289
S31502003188E0FC0222C4FC0222B0FC022298FC0222C3
S31502003198DCFC0222D8FC022210B5044690F86D30F7
S315020031A83BB1012B0CD0022B09D0012383F31088E3
S315020031B8FEE7006BFFF746FB2046FFF743FB10BD11
S315020031C8FFF740FBFBE70000F8B50E4B1B68BBB1E7
S315020031D80D4F0E4E0B4CFFF709FAFB68DD68281DEA
S315020031E8FFF7D6FB3368013B33602368013B236054
S315020031F8FFF71AFA2846FFF7CFFF2368002BEAD112
S31502003208F8BD00BFACFC0222B0FC022294FC0222EA
S3150200321808B5074C074E4FF08055FFF7D5FF2368D0
S31502003228012BFAD97560BFF34F8FBFF36F8FF4E79F
S3150200323808FD022200ED00E02DE9F04104460E46A3
S31502003248264B1D68264B1F68264BD3F80080264B53
S3150200325818680430FFF79CFBB4F1FF3F0DD02C44ED
S31502003268214B1B685C60A5421CD91F4B19680431A7
S315020032784046FFF774FBBDE8F08106B31B4A516866
S31502003288194B1868816018688C68C460186804301D
S3150200329860601868043088601B685A6113680133D5
S315020032A81360E8E7104B196804313846FFF757FBF5
S315020032B80F4B1B68A342DED90D4B1C60DBE76B1E66
S315020032C8094A126853609D42CFD8074B19680431E0
S315020032D83846FFF744FB064B1B68CCE790FC0222F4
S315020032E8DCFC0222D8FC02226801032298FC022294
S315020032F874FC02222DE9F04186B00D460D9E00218E
S3150200330805916EB1044690461F460E9B63B1702323
S315020033180493049B702B0BD0012383F31088FEE7DA
S31502003328012383F31088FEE7012383F31088FEE75F
S31502003338049B702200210E9806F096FB0E9B1E63D4
S3150200334802230E9A82F86D3000230393029205AB8C
S3150200335801930C9B00933B46424629462046FFF7BB
S3150200336845FE0E98FFF78AFE059806B0BDE8F0817D
S315020033782DE9F04385B005460E4614469846900058
S31502003388FFF7A0F910B381467020FFF79BF90746AD
S31502003398C8B17022002106F067FBC7F830900023F7
S315020033A8039302970D9B01930C9B00934346224677
S315020033B831462846FFF71AFE3846FFF75FFE012018
S315020033C805B0BDE8F0834846FFF73CFA4FF0FF30F8
S315020033D8F6E7000038B50446FFF708F93CB3251DA1
S315020033E82846FFF7D5FAA36A1BB104F11800FFF7BE
S315020033F8CFFA1E4A1368013313601D4B1A681D4B18
S315020034081B680BB1A24215D01B4A1368013B136015
S31502003418FFF7D8FDFFF708F92046FFF7BDFE154B63
S315020034281B681BB1124B1B68A3420ED038BD104B4A
S315020034381C68D4E729461148FFF786FA104A13682A
S3150200344801331360FFF7F0F8E9E70E4B1B681BB16F
S31502003458012383F31088FEE70B4B4FF080525A6024
S31502003468BFF34F8FBFF36F8FE0E700BF78FC0222EE
S315020034786801032288FC022294FC0222B0FC022282
S31502003488ACFC02226CFC022200ED00E010B590B002
S315020034981C4908AA11F9013B02F8013B002BF9D194
S315020034A800240594069407AA06A905A800F03AFD81
S315020034B8059B0293069B019300942346079A08A943
S315020034C81148FFF717FF114B1860B8B100F0FCFC62
S315020034D8012806D0B0F1FF3F10D1012383F31088EB
S315020034E8FEE7012383F31088094A4FF0FF31116082
S315020034F8084A1360084B1C60FFF7C6F8074B1B689F
S3150200350810B010BDB8C100021932000270FC0222C6
S3150200351874FC022288FC022290FC0222A4C3000246
S31502003528024A136801331360704700BF6CFC02221B
S31502003538014B1868704700BF90FC02225A4B1B6861
S31502003548002B40F0AB802DE9F047584B1C6801343C
S315020035581C609CB9564B1B681B681BB1012383F37D
S315020035681088FEE7524A1168524B186810601960B3
S31502003578514A136801331360FFF724FD4F4B1B684A
S31502003588A34278D84A4B1B681B684BB10020DFF868
S3150200359820C10546DFF838E1494ADFF828A134E0B8
S315020035A80020464B4FF0FF321A6065E0434B196024
S315020035B862E0D96ADEF80080414588BFCEF800107D
S315020035C801EB810102EB810149689960D1F8088013
S315020035D8C3F80C80C8F804708F60D96A01EB8107BA
S315020035E802EB8708C3F8148052F82710013142F813
S315020035F82710DAF80070D96AFB6A994288BF012057
S31502003608DCF800301B68002BCBD0DCF80030DB6816
S31502003618DB6859688C42C9D3D3F814809968DF6885
S315020036288F60996879601F1DD8F80410B94204BFE3
S31502003638D968C8F804105D61D8F800100139C8F8CD
S315020036480010D3F82880B8F1000FB2D0196ADE69E3
S31502003658B160DE694E6003F11809D8F804104945CD
S3150200366804BF196AC8F804109D62D8F80010013917
S31502003678C8F800109DE70020124B1B68DB6A03EBB3
S3150200368883030F4A52F82330022B28BF01200E4B20
S315020036981B68002B18BF0120BDE8F0870B4A136888
S315020036A801331360002070476CFC022290FC022250
S315020036B8DCFC0222D8FC02227CFC022274FC0222D6
S315020036C808FD02226801032280FC022284FC0222EF
S315020036D88CFC02222DE9F843FEF788FF4D4B1B6846
S315020036E81BB9012383F31088FEE74A4B1A68013A8D
S315020036F81A601B68002B40F08480474B1B68002B1E
S3150200370800F08580454B1B68002B5AD0DFF80CC1A8
S315020037180020DFF820E1424A424C434E4FF00109AD
S31502003728DCF80C30DB689F6A196ADD69A960DD6915
S315020037384D6003F118087968414504BF196A796032
S3150200374898623968013939605F69D9689D68A960E4
S315020037589D684D6003F104087968414504BFD9683C
S3150200376879605861396801393960D96ADEF80070BA
S31502003778B94288BFCEF8001001EB810102EB810144
S31502003788496899608F68DF60C7F80480C1F80880C5
S31502003798D96A01EB810702EB8708C3F8148052F84D
S315020037A82710013142F827102768D96AFB6A99421D
S315020037B888BFC6F80090DCF80030002BB0D1FFF7BE
S315020037C801FC1A4B1C686CB1174E012501E0013C3D
S315020037D805D0FFF7B3FE0028F9D03560F7E7134B9B
S315020037E800221A60104B1C6864B10E4B1B68104B02
S315020037F84FF080525A60BFF34F8FBFF36F8F012489
S3150200380800E00024FEF710FF2046BDE8F8830024F6
S31502003818F8E700BF6CFC022294FC0222C4FC0222D6
S3150200382808FD02226801032280FC022284FC02228D
S3150200383800ED00E08CFC022210B540B90E4B4FF0A9
S3150200384880525A60BFF34F8FBFF36F8F10BD044685
S31502003858FFF766FE094B1B68012B03D0012383F38E
S315020038681088FEE700212046FFF7E6FCFFF732FF45
S315020038780028EBD1E2E700BF00ED00E06CFC022273
S31502003888224B1B681BB1224B01221A607047204B40
S3150200389800221A601F4B1B6803EB83011E4A52F86B
S315020038A821208AB963B103EB83011B4A02EB810229
S315020038B81946013B52F8140C30B9143A0139F8D1B9
S315020038C8012383F31088FEE7134A03EB830102EB15
S315020038D8810148684068486003EB830102EB810274
S315020038E8083290420CD003EB83010B4A02EB8102A9
S315020038F85268D168094A116006490B601368704715
S31502003908054A02EB8102D1685160ECE76CFC02229F
S3150200391880FC02228CFC022208FD02226801032294
S3150200392858B110B50C46074A11681831FFF717F84F
S3150200393801212046FFF780FC10BD012383F310887E
S31502003948FEE700BF6801032238B5E0B18C4611468E
S31502003958054642680E4B1868C26118689468046284
S315020039681868183060601868183090601B689D6285
S315020039782B6801332B6000290CBF60464FF0FF30DD
S31502003988FFF75AFC38BD012383F31088FEE700BF10
S3150200399868010322C368DB68002B51D010B49A6A07
S315020039A8D869196A8160D869486003F118005168B4
S315020039B8814204BF196A516000219962116801396E
S315020039C81160274A1268002A3ED15A699868D9684E
S315020039D8816098684860181D5168814204BFD96899
S315020039E8516000215961116801391160DA6A1D496D
S315020039F809688A4284BF1B490A601B4902EB820294
S31502003A0801EB820252689A609468DC60606090609A
S31502003A18DA6A02EB820001EB80045C6151F820202D
S31502003A28013241F82020114A1168DA6ACB6A9A42B1
S31502003A3883BF01200E4B186000205DF8044B7047C7
S31502003A48012383F31088FEE70A4A5168D9618C6814
S31502003A581C62606088609A62116801311160E2E74F
S31502003A686CFC02228CFC022208FD02226801032257
S31502003A7880FC0222C4FC0222034B1B680360034B30
S31502003A881B684360704700BF7CFC022290FC02223E
S31502003A98B8B170B50C460546B9B1FEF7A7FD174B86
S31502003AA81A682368B3F1FF3F22D069681448006890
S31502003AB82E6886420DD091420BD80023236001243A
S31502003AC817E0012383F31088FEE7012383F31088A6
S31502003AD8FEE7501A834203D800232360012408E034
S31502003AE89B1A0B4423602846FFF7C6FF002400E012
S31502003AF80024FEF799FD204670BD00BF90FC022205
S31502003B087CFC0222014B01221A60704780FC0222C9
S31502003B18054B1B6833B1054B1868B0FA80F04009AB
S31502003B28400070470120704788FC02226CFC022282
S31502003B3800283FD038B50446204B1B68834203D081
S31502003B48012383F31088FEE7436E1BB9012383F32F
S31502003B581088FEE7013B4366C16A026E91422BD08A
S31502003B680BB1002038BD051D2846FEF711FF236E4E
S31502003B78E362C3F13802A261114A1268934284BF12
S31502003B880F4A13600F4A03EB830302EB83035B6856
S31502003B98A3609968E1604D609D60E36A03EB830167
S31502003BA802EB8100606152F82130013342F821307C
S31502003BB80120D7E7002070470020D3E768010322D7
S31502003BC88CFC022208FD022208B54160006191427E
S31502003BD80CD8D21A83699A4201D3012008BD011D65
S31502003BE8094B1868FEF7BBFE0020F7E79A4201D296
S31502003BF8994206D2011D054B1868FEF7B0FE002051
S31502003C08ECE70120EAE700BF680203226C020322FE
S31502003C1870B504460D46164604E0A3691D44236A98
S31502003C2820469847A1692B46324629442046FFF783
S31502003C38CBFF0028F1D170BD70B505460E460D4B77
S31502003C481B68DB68DC68201DFEF7A2FE94F82830A4
S31502003C5813F0040F07D123F0010384F82830236AEE
S31502003C682046984770BD324629462046FFF7D0FFC0
S31502003C78F5E700BF6C020322F8B50546FFF758FCC4
S31502003C880446104B1B68834205D800232B600D4B54
S31502003C981C602046F8BD0C4B1B681A685AB14FF0D7
S31502003CA8FF37094EDB6839461868FFF7C5FF3368E0
S31502003CB81A68002AF6D1054A106803490860136093
S31502003CC80123E3E75C0203226C0203226802032251
S31502003CD82DE9F04186B05C4E5C4D33681F68002FB3
S31502003CE800F09080DB681F68FFF71AFC02A8FFF74E
S31502003CF8C3FF0446029A4AB9874200F29380FFF745
S31502003D08E9FC21463846FFF797FF01E0FFF7E2FC98
S31502003D18002302930393049305931C4606E0059930
S31502003D280498039B9847029B002B09DA224602A9AC
S31502003D382868FFF727F80028CFD0029B002BEEDB76
S31502003D48049F7B6913B1381DFEF722FE01A8FFF70F
S31502003D5893FF8046029B013B082BE7D8DFE803F076
S31502003D680505293044050529300097F8283043F01F
S31502003D78010387F82830039BB96902461944384675
S31502003D88FFF722FF0028D1D097F8283013F0040F46
S31502003D9807D123F0010387F828303B6A384698474B
S31502003DA8C4E7BB694246039919443846FFF730FF10
S31502003DB8F3E797F8283023F0010387F82830B5E7A8
S31502003DC897F8283043F0010387F828300399B96138
S31502003DD831B10346024601443846FFF7F5FEA5E728
S31502003DE8012383F31088FEE797F8283013F0020FB1
S31502003DF804D023F0010387F8283097E73846FEF700
S31502003E0821FD93E7FFF78CFB02A8FFF735FF04466F
S31502003E18029B002B7FF47AAF0D4B1B681A68B2FA25
S31502003E2882F25209391B2868FFF7A5F8FFF752FCF8
S31502003E3800287FF46DAF074B4FF080525A60BFF3EC
S31502003E484F8FBFF36F8F63E76C020322640203226C
S31502003E586802032200ED00E030B583B0FEF7C6FB28
S31502003E68114B1B681BB1FEF7DFFB03B030BD0F4DCC
S31502003E782846FEF75BFD0E4C2046FEF757FD0D4B16
S31502003E881D600D4B1C60002300930C4B0C4A10213D
S31502003E980A20FEF767FE044B18600028E3D009499A
S31502003EA8FFF712F8DFE700BF640203228402032247
S31502003EB8700203226C020322680203226C010322A7
S31502003EC8BC010322C0C1000210B588B0FFF7C4FFC7
S31502003ED8104B1B68CBB100240594069407AA06A9C1
S31502003EE805A800F02BF8059B0293069B0193022373
S31502003EF800932346079A08490848FFF7FBF9084B37
S31502003F08186010B1012008B010BD012383F3108890
S31502003F18FEE700BF64020322C8C10002D93C0002C0
S31502003F2860020322034B0360034B0B60802313607A
S31502003F38704700BF1009032210070322034B0360D0
S31502003F48034B0B604FF4807313607047A00603227D
S31502003F58A0020322024A136801331360704700BFA6
S31502003F682802022208B5FCF74FFB08BD08B5FCF784
S31502003F7857FB08BD08B5FCF7B5FC08BD0379022B4B
S31502003F8800D07047014B01221A70FAE7040000229A
S31502003F9838B52C492C4800F031FA2C4C0C21204615
S31502003FA8FCF700FE2A4D2B49284600F075FE2846E6
S31502003FB800F058FE284600F021FE2749274800F05F
S31502003FC81DFA2749274800F019FA2749274800F019
S31502003FD815FA274D01224FF48571284600F008FD8F
S31502003FE84FF47A714FF4FA7001F048F900224FF44F
S31502003FF88571284600F0FCFC1C212046FCF7D2FD00
S315020040084FF47A714FF4C87001F038F92D21204621
S31502004018FCF7C8FD4FF47A714FF4FA7001F02EF9E5
S3150200402844212046FCF7BEFD4FF47A714FF4167010
S3150200403801F024F964212046FCF7B4FDFFF726FABD
S31502004048FEE700BF78C40002440A03227C0A022261
S3150200405888090322A8C30002D0C30002A8090322C2
S3150200406804C40002DC09032244C40002100A032223
S315020040788009032210B582B0074C0023009301235E
S315020040881A4606492046FCF733F9054A05492046E9
S3150200409801F09AFB02B010BD9802032238C400024E
S315020040A8000000220703000208B5074B4FF0027210
S315020040B85A64002283F854204AF20152A3F8642073
S315020040C8FFF766FF08BD00BF00F00040022800D0D7
S315020040D8704708B50249034800F086FD08BD00BFCF
S315020040E8BCC400028009032208B5FFF7DDFF0020E1
S315020040F808BD8161C2610020704710B4446AA36892
S3150200410823F44013A360446AA36C13F0804FFBD0D8
S31502004118A36823F01003A360446A237F13F0100FE9
S31502004128FBD142610161A36843F01013A36000202A
S315020041385DF8044B704781620263C36200207047D0
S315020041484FF0FF334B600B6000207047844611F036
S31502004158020F1DD0426A936823F440139360426AA1
S31502004168936C13F0804FFBD0936823F0100393608F
S31502004178DCF82420137F13F0100FFBD10020CCF8B3
S31502004188140011F0010F1CBF0020CCF81C00704768
S315020041980620F6E70346C2690A600020D86170471E
S315020041A8062070470620704730B4530902F01F05EF
S315020041B80124AC402033144D45F82340BFF34F8FFA
S315020041C8BFF36F8F114B02F5C65C53F82C4024F4EB
S315020041D8803443F82C4053F82C30002A0CDB0901B2
S315020041E8C9B202F1604303F5614383F80013084B31
S315020041F843F8220030BC704702F00F040901C9B225
S31502004208044B1955F3E700BF00E100E000600040E7
S31502004218F40A032214ED00E070B584B005460E4692
S315020042289446C46ACCB194E80F000DF1100E0EE95B
S315020042380F002B6A1B782360A66084F804C02B6BD8
S31502004248E360AB6A20469847EC6A24B104AB13E9EB
S315020042580F0084E80F0004B070BD6C46E9E7000061
S3150200426838B54268374B9A426AD10446426A93681D
S3150200427823F440139360426A936823F01003936011
S31502004288426A137F13F0100FFBD1236A93F90730A2
S31502004298580903F01F03012101FA03F32A4A2030C1
S315020042A842F82030BFF34F8FBFF36F8F236A93F91B
S315020042B80930580903F01F0301FA03F3203042F8C4
S315020042C82030BFF34F8FBFF36F8F606A836823F482
S315020042D880338360236A93F90530580903F01F0374
S315020042E801FA03F3203042F82030BFF34F8FBFF3B1
S315020042F86F8F236A93F90B30580903F01F0301FAEB
S3150200430803F3203042F82030BFF34F8FBFF36F8F8D
S31502004318EFF3108581F310880C4A5068236A93F8E4
S3150200432800C04FF0004323FA0CF30343536053686B
S315020043381E2000F0A3FF85F310880020606038BDB8
S315020043480720FCE74249435300E100E000302040E1
S3150200435870B5036ADD69002383606B7C03B970BD9F
S315020043680446184B93F8543003F00F03072B22D850
S31502004378DFE803F006060604251B1D1F062601E0D4
S3150200438801269E400F4B93F8550000F00F0000F0EF
S315020043980DFF6B7C0C4A126802FB03F3B0FBF6F0C6
S315020043A8B3FBF0F30133A360D9E70326EAE7052650
S315020043B8E8E70A26E6E7083B10269E40E2E70826D3
S315020043C8E0E700BF00E001404C0B0322F8B50446C3
S315020043D80D46426A936823F4401723F4441323F0E4
S315020043E81103936000260661FFF7B2FF636A2A6823
S315020043F81A61636A9F603046F8BD0000F8B5044644
S315020044080D460B7803F5800303F556531B024362E8
S315020044180023037001624A6982628A690263C3627F
S31502004428CE698378012262F3010383704B78002BED
S3150200443808BF0222837862F30103837091F90B2085
S31502004448897AFFF7B1FE95F9052029792046FFF703
S31502004458ABFE95F90720A9792046FFF7A5FE95F93F
S315020044680920297A2046FFF79FFEEFF310870121DC
S3150200447881F310887D4B5A6895F800C04FF00040CA
S3150200448820FA0CF022EA00025A605B681E2000F04D
S31502004498F5FE87F31088636A4FF480629A60EA69C8
S315020044A850686B781B0203F44073E978890301F4B8
S315020044B880410B431178090601F040710B4351788C
S315020044C8C90389B20B43517B490501F400110B4319
S315020044D843F48053616A4B6111788B1EDBB2012B60
S315020044E840F2BD800368616A0B61117B01F003012A
S315020044F841F03001AB7833B1022B14BF4FF440734D
S315020045084FF48073194393781B0703F080530B43C8
S31502004518616ACB60636A00219961297801238B401D
S31502004528C3F3090313B1636A51495962937B03F0D2
S315020045380103D17B01F01F0143EA0123127C02F039
S315020045481F0243EA0243626A136300252561656115
S31502004558A561E5612046FFF7FBFE7389A381636ABD
S31502004568444A9A66236A93F90530434A03F5C651C3
S3150200457852F8210065F3104042F8210052F8211042
S31502004588BFF35F8F03F01F00012101FA00F05B09F8
S315020045989B0003F1604303F56143C3F88001186089
S315020045A8236A93F90B3003F5C65052F8206065F377
S315020045B8104642F8206052F82000BFF35F8F03F0DE
S315020045C81F0001FA00F05B099B0003F1604303F543
S315020045D86143C3F880011860236A93F9073003F52B
S315020045E8C65052F8206065F3104642F8206052F829
S315020045F82000BFF35F8F03F01F0001FA00F05B098A
S315020046089B0003F1604303F56143C3F88001186018
S31502004618236A93F9093003F5C65052F8206065F308
S31502004628104642F8206052F82020BFF35F8F03F04D
S315020046381F0291405B099B0003F1604303F5614346
S31502004648C3F880111960636A0C4A9A60626A137F1A
S3150200465813F0010FFBD00A4B63600020F8BD022954
S31502004668084B094918BF0B463DE700BF00302040FA
S3150200467800001F1F1000079D006000401104010082
S315020046884249435324FF00FF04FF00FF38B5EFF306
S315020046980383103B5BB2244A03F5C65152F8210044
S315020046A820F4803042F8210052F821201F4A52F89D
S315020046B82340236A1B6913B16369EBB138BD636989
S315020046C8D3B1A37803F00303022B0DD0636A2269E0
S315020046D812781A71A37803F003036269D21A626127
S315020046E822691A442261E7E7626A23691B8823F46E
S315020046F8DC439BB25360EDE7636A9D6825F4801537
S3150200470845F40015A06860B9636A9D6000232361B9
S31502004718A36A002BD2D0802200212046FFF77CFD17
S31502004728CCE700F0A5FDEFE700600040F40A03229B
S3150200473810B582B0EFF30383103B5BB21F4A03F551
S31502004748C65152F8210020F4803042F8210052F86E
S3150200475821201B4A52F82340A37803F00303022BB5
S31502004768636A07BF1968C1F308011978C9B20191CA
S31502004778E3693BB9A36A1BB104222046FFF74CFD45
S3150200478802B010BDA27802F0030201A9A06905F0E1
S3150200479811FAA27802F00302A3691344A361E3693A
S315020047A89B1AE361002BEBD1A36A002BE8D0012206
S315020047B800212046FFF730FDE2E700BF0060004017
S315020047C8F40A032210B5EFF30383103B5CB20E4BD7
S315020047D853F82400426A936823F4401323F0100323
S315020047E89360836A1BB102220021FFF715FD074A6F
S315020047F804F5C65352F8231021F4803142F82310E7
S3150200480852F8233010BD00BFF40A032200600040AC
S3150200481838B5EFF30383103B5CB21C4B53F8240004
S31502004828837803F00303022B436A07BF1968C1F3AF
S3150200483808011978C9B2456AAA6CC2F3006CC2F3B8
S3150200484800731B0143EA4C13C2F3C06243EAC20C6B
S31502004858624613F0100F05D0AB6C13F4004F08BF75
S315020048684CF04002AB6E43F0C853AB66836A0BB199
S31502004878FFF7D2FC064A04F5C65352F8231021F470
S31502004888803142F8231052F8233038BDF40A032245
S315020048980060004041608B680361CB688361002336
S315020048A843610A681E4B03EB421383600A681D4B79
S315020048B803EB4213C36091F90430002B03DA1A4B57
S315020048C803600020704710B44A791201D2B203F18C
S315020048D8604101F5614181F80023144A42F8230038
S315020048E8134A03F5C65152F8214024F4803442F89B
S315020048F8214052F82120BFF35F8F03F01F010122E6
S315020049088A405B099B0003F1604303F56143C3F8E0
S3150200491880211A60044B036000205DF8044B70473F
S3150200492800010240C000024043504952F40A0322E1
S315020049380060004083681A6812F4003F06BF996057
S3150200494800200C20704770B584B005460E464469AF
S31502004958F4B194E80F000DF1100C0CE90F006B6826
S315020049681B682360A660AB69E360B6F5803F06BFA5
S31502004978EB68DB68002363602B69204698476C69FD
S3150200498824B104AB13E90F0084E80F0004B070BD2C
S315020049986C46E4E738B5EFF30383103B5BB2124A81
S315020049A803F5C65152F8210020F4803042F821005E
S315020049B852F821200D4A52F82350EB681C6814F469
S315020049C8803F03D134F4403406D138BD4FF48031E8
S315020049D82846FFF7B8FFF5E721462846FFF7B3FF53
S315020049E8EB681C61F1E700BF00600040F40A03228D
S315020049F8CBB20120984080B262B9024600200B0A67
S31502004A085B0103F1804303F5800340EA02409860A4
S31502004A18002070470022F2E710B411F4803F0ED04E
S31502004A28030A0C4A1B0153FA80F352F8234024F472
S31502004A38803442F8234021F4803442F82340030AA2
S31502004A481B0153FA80F0034B43F820105DF8044B20
S31502004A58704700BF000840400388002B7AD02DE932
S31502004A68F04F83B007464FF00008DFF8F0A04FF08A
S31502004A780109DFF8ECB065E09AF84C2C09FA04F360
S31502004A88D9B20191134230D004F120031BF8133036
S31502004A98DB0937D00134032C4FD07B68991935F8D6
S31502004AA8022B89889142F5D19B5903F0B853B3F189
S31502004AB8807FE1D09AF84C2C09FA04F3D9B2019115
S31502004AC813422CD104F120031BF81330DB09E1D081
S31502004AD804F120021BF8123023F080030BF812307F
S31502004AE84946C82000F0CAFBD4E7484600F0B6FC9F
S31502004AF89AF84C3C019A13438AF84C3C484600F013
S31502004B087BFCC1E704F120021BF8123043F0800354
S31502004B180BF812304946C82000F0B0FBBAE74846FF
S31502004B2800F09CFC9AF84C3C019A23EA02038AF8A4
S31502004B384C3C484600F060FCC4E708F101083B8893
S31502004B48434504D94FEAC806034D0024A5E703B036
S31502004B58BDE8F08F704700BF80C5000200E0014043
S31502004B680020204038B50546FFF776FFEFF310819F
S31502004B78012383F310881A4B1B6823B9194B0022A9
S31502004B881A7540221A75164A13680133136081F39F
S31502004B9810882B886BB100246B6803EBC40253F8A8
S31502004BA834109088FFF738FF01342A88A3B29A4254
S31502004BB8F2D8EFF31083012282F31088084A1268AA
S31502004BC81AB107490A68013A0A60054A126822B9FF
S31502004BD8044A002111758021117583F3108838BDA6
S31502004BE8F00A0322000D404008B5034B036008464D
S31502004BF8FFF7B8FF002008BD54524F50037B43B15C
S31502004C0883680269013A43F80C2BF1221A700020D4
S31502004C18704783680269013A92B223F8082BF4E7CF
S31502004C28037B53B181680C310B7803F00102C3F39D
S31502004C3840039A42F8D10020704781680831F3E7A9
S31502004C48016143681A7C064B43F822100139037B3B
S31502004C5813B1836819607047836889B219807047EF
S31502004C68940A032270B50446FFF7DAFF064648B9E6
S31502004C78237B4BB1A5680C3563681B78012B06D0DC
S31502004C88F1232B70304670BDA5680835F4E7216913
S31502004C982046FFF7D5FFF3E72DE9F04105460E4614
S31502004CA84160002707730B7C3E4C04EB03248460A7
S31502004CB8EFF31088012181F310883B4AD068337CD0
S31502004CC8C3F1050301FA03F320EA0303D360D368A9
S31502004CD81E2000F0D3FA88F310882772237A13F07D
S31502004CE8020FFBD10023A3722B7B7BB1AA680C327D
S31502004CF8F369197808461C79DB7803F0070341B98A
S31502004D08307A18B380F00200000105E0AA6808327A
S31502004D18EEE750291DD0317A1471002494710343A9
S31502004D28DBB25370C9B2917071682846FFF788FFE3
S31502004D3896F91230A3420EDA73696B61B369EB61B5
S31502004D480020A861194B2B60BDE8F08100210846B6
S31502004D58E2E70021E0E7727C1201D2B203F1604178
S31502004D6801F5614181F80023114A42F82350114A9C
S31502004D7803F5C65152F8210020F4803042F821008A
S31502004D8852F82120BFF35F8F03F01F0101228A40E8
S31502004D985B099B0003F1604303F56143C3F8802175
S31502004DA81A60C9E7001022400030204054474100EB
S31502004DB8F40A03220060004070B584B0EFF303835F
S31502004DC8103B5BB2224A03F5C65152F8210020F481
S31502004DD8803042F8210052F821201E4A52F8234018
S31502004DE8237B4BB3A5680C352B78DBB26268127845
S31502004DF8012A24D06269D2B1A66936B396E80700B9
S31502004E080DF1100C0CE9070013F0200F1CBF00234C
S31502004E183371E3693360636930469847A36923B1FE
S31502004E2804AA12E9070083E807002B78DBB203F02D
S31502004E380F032B7004B070BDA5680835D4E7F422B9
S31502004E482A7003F0F0032B70D4E701AEDCE700BF4B
S31502004E5800600040F40A032290F800C04CF0400CAF
S31502004E6880F800C090F800C05FEADC1CFAD00A702D
S31502004E7843F0C0030370037803F0BF03037003789B
S31502004E88DB09FCD1704700001A4A92F82630DBB2D9
S31502004E98928C02F00F02A2F10801032925D8DFE855
S31502004EA801F0020C141C144A52F82330134AA2FBCE
S31502004EB803235B08124A136070470F4A52F82330DD
S31502004EC80E4AA2FB03239B08F4E70B4A52F8233047
S31502004ED80A4AA2FB0323DB08ECE7074A52F8233007
S31502004EE8064AA2FB03231B09E4E7034951F82330C8
S31502004EF8D340DFE700E00140E0010222ABAAAAAAFA
S31502004F084C0B0322034B00221A701A781A781B7864
S31502004F18704700BF00C01340044B5B68C3F3090324
S31502004F28642B02D9014B01221A70704700C0134044
S31502004F387047000038B5844C4AF20353A4F8FA3392
S31502004F48824B834A1A60834A5A604FF400429A6037
S31502004F588149D9601A61814A5A61814ADA61814A6C
S31502004F681A62814A9A61814A5A62814A9A62FFF7AB
S31502004F788BFF0A2384F8503A092384F8A23094F85E
S31502004F88003C2BB994F8013C13F0030F00F0D780CC
S31502004F986D4B93F8003C002B00F0C3806A4B00224D
S31502004FA883F8012C83F8002C674B002283F8322001
S31502004FB81A4692F83C3013F0080FFAD0624B6D4A43
S31502004FC8C3F8C82040F22342A3F84E20002083F8F3
S31502004FD84A004FF60212C3F8AC2040F25142A3F837
S31502004FE84C20BFF34F8FBFF36F8F634A516921F489
S31502004FF800315161C2F85002BFF34F8FBFF36F8F72
S315020050085E490A6822F440520A60BFF34F8FBFF323
S315020050186F8F1A7D012161F302021A751A46137DF2
S3150200502813F0100FFBD1554A136843F4405313602B
S31502005038BFF34F8FBFF36F8F4F4B5B6913F4003F7C
S3150200504813D1BFF34F8FBFF36F8F4B4B0022C3F8B9
S315020050585022BFF34F8FBFF36F8F5A6942F4003263
S315020050685A61BFF34F8FBFF36F8F374B002283F816
S315020050782A201A4692F83C3013F0200FFAD0FFF78E
S3150200508841FF3F4B5B68FA2B05D03D4B3D495960C2
S315020050985A68FA2AFBD13A4B9B687D2B05D0384BC6
S315020050A8394999609A687D2AFBD1274C374B236286
S315020050B842F22013A384052384F82630FFF7E4FE80
S315020050C801211E2000F0DAF8FFF726FFFFF7DCFEC3
S315020050D82F4B4AF201521A80BFF35F8F01221A72CE
S315020050E8BFF35F8F4FF425451D8084F853200322B2
S315020050F884F83E20832384F83E300A23254926482D
S31502005108FFF7AAFE0A23022224492548FFF7A4FE2E
S315020051180623022223492448FFF79EFEA4F8FA53DF
S3150200512838BD0121084B83F8001CC82000F0A6F8F8
S31502005138054A92F8003CDBB2012BFAD12EE74FF46E
S315020051487A70FFF7F5FE2FE700E00140E001022240
S31502005158006CDC0200127A0000366E0100CA9A3B25
S315020051685543DE130084D7170046C3230008AF2F22
S3150200517800389C1C022B010000ED00E000E001E073
S3150200518800C01340FA00001E7D0000E132342332CB
S31502005198002000406EE0014076E0014054E0014004
S315020051A855E001405CE001405DE00140014B53F8E7
S315020051B820007047E001022238B5284C002584F801
S315020051C828500121C82000F059F884F824502246B4
S315020051D892F82430002BFBD1204A92F8243043F06F
S315020051E8020382F8243092F8243013F0020FFAD11F
S315020051F81A4B002283F822201A4692F82230002BF4
S31502005208FBD1164A92F8403023F0800382F84030E8
S3150200521892F84030DB09FBD1104A92F8423023F06B
S31502005228800382F8423092F84230DB09FBD10B4AFE
S3150200523892F8443023F0800382F8443092F84430DE
S31502005248DB09FBD1012000F009F9054B002283F89E
S315020052584C2C012000F0D0F838BD00BF00202040B9
S3150200526800E00140704700BEFEE7000000000000B3
S31502005278A0F101000028FBD1704700BFF8B500FB7A
S3150200528801F12F4B1B682F4A934219D303F5742356
S3150200529803F23F2302F1854202F5071202F6834220
S315020052A8A2FB03239B0CA3FB01014FF0FF338342AE
S315020052B84FF000038B4140D308B1FFF7D9FFF8BD81
S315020052C82148B0FBF3F04FF0000C0A46634652EA57
S315020052D84F13561A914294BF1F465F1E56EA8F070E
S315020052E88C19224647F1000352EACF034FF0FF34E6
S315020052F894427CEB030C02D3B2FBF0F0DCE7B1FB81
S31502005308F0F14FF0000C0A46634652EA4F13541A5C
S31502005318914294BF1D465D1E54EA8F050B19184625
S3150200532845F1000150EACF014FF0FF3383427CEB8F
S31502005338010CC1D24FF0FF30BFE74FF0FF30BCE798
S315020053484C0B032200127A0000CA9A3BF8B5104B9E
S31502005358D3F80021D3F820511540002401260D4F19
S3150200536802E00134152C0AD006FA04F32B42F8D0CF
S3150200537857F82430002BF4D0E0B29847F1E7044BF3
S31502005388C3F810511A46D2F820312B42FBD1F8BD88
S3150200539800C000409C0A03220278044B53F82200FC
S315020053A8003818BF0120C000704700BF0000024045
S315020053B80278034B012143F822100020704700BFF0
S315020053C80000024010B40A4800220A4C122302E0E6
S315020053D80132013B08D030F8021F0029F8D002F545
S315020053E8C65C44F82C10F3E75DF8044B704700BF1F
S315020053F82EC5000200600040EFF31082012383F3FA
S315020054081088134B33F810309BB233B1104931F878
S315020054181030013B9BB221F810300D4B33F8103097
S315020054289BB293B910B40B49B1F8FA339BB20A4C42
S3150200543834F8100043F4254323EA0003A1F8FA33AB
S3150200544882F310885DF8044B704782F31088704720
S315020054583C0B032200E00140B8C7000210B4EFF388
S315020054681081012383F310880F4B33F810309BB257
S315020054786BB90E4AB2F8FA339BB20D4C34F810C027
S3150200548843EA0C0343F425439BB2A2F8FA33064ACD
S3150200549832F8103001339BB222F8103081F31088AB
S315020054A85DF8044B704700BF3C0B032200E0014045
S315020054B8B8C7000208B5094B1A688318B3F5803FC6
S315020054C804D807481044054A136008BD04F052FB85
S315020054D80C2303604FF0FF30F7E700BF480B0322A7
S315020054E8E001002200BE704708B500F03DF8FEF75D
S315020054F8FBFDFEE72DE9F8430646194BD3F8008073
S31502005508B8F1000F13D0002425465F68A14603E0D0
S3150200551801350C3445450AD03B195A7AB242F7D1BD
S3150200552838595A68121A494604F09EFAF0E70C4BA3
S315020055389F6897B10024DD6802E00134BC420CD0B2
S31502005548210105EB04135A7BB242F6D168585A6810
S31502005558121A996804F02EFBEFE7BDE8F88300BF3C
S3150200556888C500020000000070B58D4B8D4A5A614D
S31502005578BFF34F8FBFF36F8F1B6803F47002B2F548
S31502005588801F00F0958013F4600F00F09680864A1B
S31502005598136823F004031360BFF34F8FBFF36F8FB3
S315020055A87F4B4FF47002C3F88820804A9A60002025
S315020055B8FEF78CFDFFF7BEFC7D4B4AF20252A3F8BA
S315020055C8FA23002283F8B02A4FF42542A3F8FA23D5
S315020055D80120FEF77BFD774B83F30A88724B1B6823
S315020055E813F0020F04D06E4B9B68B3F1007F78D09C
S315020055F80020FFF77FFFFFF747FCFFF7DDFD0320DB
S31502005608FFF72CFF00236C4819464FF00E0E4EF09A
S3150200561801E003F10C0220F8221001330FF007C84B
S315020056280320FFF7E9FE0320FFF718FF634B00226A
S315020056385A609A60DA601A610320FFF7DDFE5C4B56
S31502005648D3F8D83313F0020F6FD0594BD3F8D833A7
S31502005658574BD3F8D83313F0040F00F08380544B1A
S31502005668D3F8D8330120FFF745FFBFF34F8FBFF3B7
S315020056786F8F4B4B0022C3F85022BFF34F8FBFF3F5
S315020056886F8F4F4B4F4A9B1A9E10002B07DD15460C
S31502005698002455F8043B98470134A642F9DC022057
S315020056A8FEF714FDFFF78EFE0020FFF7DBFD70BD47
S315020056B813F00F0F7FF46BAF65E73B4A136843F0AD
S315020056C804031360BFF34F8FBFF36F8F4FF0E022CF
S315020056D8936843F480339360BFF34F8FBFF36F8FA2
S315020056E85EE7314A13695169C3F3C30309330122D9
S315020056F802FA03F3DB0800240025002043F005C064
S31502005708E0E802450FF005C0C1F3C303093302FA04
S3150200571803F3DB084FF0005243F007C0AFF30080F3
S31502005728E2E802450FF005C062E7214B93F8103113
S31502005738002B8DD00120FFF791FE1D4A92F81031F9
S3150200574803F0C003802BF9D1194B002283F81021EC
S315020057581A4692F81031DBB23F2BFAD80120FFF72E
S315020057684BFE75E7124B93F81431002B3FF47AAFD0
S315020057780120FFF773FE0E4A92F8143103F0C003B4
S31502005788802BF9D10A4B002283F814211A4692F883
S315020057981431DBB23F2BFAD80120FFF72DFE61E761
S315020057A800ED00E001020E0000E001E00000000248
S315020057B800E00140E0010122000D40400040204087
S315020057C8C8CE0002ACCE00020B460146184603F0CC
S315020057D859BA7FB50024102315461268CDE902345A
S315020057E80368CDE900449E696B46B0479DF80430CC
S315020057F803F00603062B05BF009B012020462B60FB
S3150200580804B070BD009890420CBF06200120704774
S31502005818034B10B50446036000F01BFC204610BD7E
S31502005828F8C7000210B50446FFF7F2FF0821204622
S3150200583800F042F8204610BD2DE9F041DDF8188047
S315020058481F4606461546DDE90834984507D10799E5
S3150200585800F002FC18B165710020BDE8F0813946F6
S31502005868304600F0F9FB0028F6D00123C4F8008080
S315020058782571A371F0E738B515461C4600F0ECFB16
S3150200588820B108232560E3600623237138BD2DE97C
S31502005898F04105460C4616461F4600F0DDFB48B9A0
S315020058A8032F07D823683246294620465B69BDE896
S315020058B8F0411847BDE8F08100F0E4BB1EB400F0E1
S315020058C89CF81EBC02F0EAF80378472B17D14378F6
S315020058D84E2B14D18378552B11D1C378432B0ED175
S315020058E80379432B0BD143792B2B08D183792B2BA5
S315020058F805D1C07901288CBF0020012070470020FD
S31502005908704700002DE9F3411D4603780E4602460C
S31502005918472BC17913D143784E2B10D18378552B57
S315020059280DD1C378432B0AD10379462B07D1437984
S315020059384F2B04D18379522B01D1002930D010463E
S31502005948FFF7C2FF80F001040023E4B200200190B1
S315020059584BBB54BB01290ABF52F8203CA2F12003D3
S31502005968783B01290CBF52F8202C58321C68019248
S31502005978236820469B689847C8B1019B02271B6883
S315020059880193336801AA21463046D3F810800123D1
S31502005998C04770B1019B2B60384602B0BDE8F08162
S315020059A801230C46D2E7044CE2E7044CE0E7012760
S315020059B8E7E70746F0E700BF3CC8000268C80002EE
S315020059C810B5044600F032F802462046A4F120013A
S315020059D8FFF77AFF60B154F8043C0133012B44F80F
S315020059E8043C03D1936844F8083C9160012010BD39
S315020059F89368002BF9D000F095FA10B500F016F866
S31502005A08826801460AB900F08DFA02F1200420469E
S31502005A18FFF75AFF40B1D369013BD36113B99069C5
S31502005A2888609361204610BD8860FBE7004870478E
S31502005A38500B032200231A4630B510F8015B05F015
S31502005A487F049440073223432C06F6D40B6030BDFC
S31502005A5800231A4630B510F8014B04F07F0595402D
S31502005A6807322B432506F6D41F2A06D8640642BFF8
S31502005A784FF0FF3404FA02F213430B6030BD50288C
S31502005A882DE9F3410646884615461F4608D1D01C1D
S31502005A9820F0030050F8044B3C6002B0BDE8F081E8
S31502005AA800F00F030C2B2ED8DFE803F025071D257F
S31502005AB8292D2D2D2D182125290001A92846FFF764
S31502005AC8B9FF019C002CE7D006F07003102B08BF23
S31502005AD8A8463306444448BF2468DDE701A9284698
S31502005AE8FFF7B6FFEDE7284630F8024BEAE7284605
S31502005AF830F9024BE6E7284650F8044BE2E7284617
S31502005B0850F8084BDEE702F0E9F908B503460846FD
S31502005B18FF2B0DD003F07003302B0FD004D8202BA7
S31502005B2808D005D902F0DAF9402B0BD0502BF9D15F
S31502005B38002008BDBDE8084002F0CDB9BDE808401E
S31502005B4802F0C6B9BDE8084002F0B2B970B50C4613
S31502005B5815461E4601462046FFF7D7FF334601463D
S31502005B682A462046BDE87040FFF789BF73B50C4642
S31502005B781546064608B102F09BF92246286012F835
S31502005B88011BFF291CD02B1D3046FFF7DFFF0246FB
S31502005B98104610F8013BFF2B14D0102301A92B75D0
S31502005BA8FFF748FF019B0344EB6001A910F8013B8C
S31502005BB86B75FFF73FFF019B03442B6102B070BD73
S31502005BC86860E5E72B750023EEE71FB503AB0A46C7
S31502005BD800930023194601F07DFB039805B05DF892
S31502005BE804FB00002DE9F04F002393B005460C464E
S31502005BF8079300F003031646012B10D0022B03D09D
S31502005C08002B3BD101073BD53146204602F03AF933
S31502005C1818B1092013B0BDE8F08F0820FAE7020789
S31502005C2823D5022305F008050C2230460C941D43A1
S31502005C380CAB00930023194601F072FB062D21D105
S31502005C48D4F83080B8F1000FD4E90A790CBF4FF0C6
S31502005C58010A4FF0030A15F0080500F00981BAF1A6
S31502005C68010F40F0018100F05DF90F6A30460D21FF
S31502005C78FFF7ABFF8742D4D10623D3E702F02EF90A
S31502005C880123CFE7304602F019F981460028BBD036
S31502005C980CAA01463046FFF769FF9DF844B0314623
S31502005CA803905846FFF731FF0F2102900E903046B7
S31502005CB8FFF78BFF20F00108039A08F1FF38109FBF
S31502005CC8974215D800274FF0010AB846EB07C2D506
S31502005CD8BAF1020F98D0079D0D213046FFF775FFDE
S31502005CE8C4F83080C4E90805C4E90A79062091E7B0
S31502005CF89DF845A008AB00205146FFF727FF09ABE0
S31502005D08024651460020FFF721FF0AAB02465146DA
S31502005D180020FFF71BFF0BA9FFF78CFE0C9B0899C7
S31502005D2802460B44434551D809990B444345C6D903
S31502005D38DDF82880B8F1000F01D00D9B98440B9B23
S31502005D48002B3BD0B8F1000F3FF45EAF15F0080206
S31502005D5804923DD0472222704E2262705522A270CA
S31502005D684322E270462222714F2262715222A271A6
S31502005D780022E271013BF8180023039309A9FFF7F1
S31502005D8867FE0AA90590FFF763FE099F002F68D0F0
S31502005D9842DDBBF1FF0F3BD00BF00703042B3FF6A6
S31502005DA86DAF01A252F823F0EB5D0002855C00029A
S31502005DB81D5E0002EB5D0002155E0002B8F1000FDF
S31502005DC83FF422AF00274FF0020A7FE73A4676E70A
S31502005DD8E279012A0CBF54F8202C04F158020792E2
S31502005DE8C8E704220F990BAB584602FB1712029911
S31502005DF8FFF745FE0B9931B13CB307AB00222046AB
S31502005E08FFF780FD08B34FF0030A5FE70822E9E7C8
S31502005E180022E7E70222E5E76FF040420F9BD21B1A
S31502005E2803EB820AC4B10499B1B9079BAAF1040A21
S31502005E380B935AF8041F0029E5D00BAB00225144F4
S31502005E482046FFF75FFD0028F3D00A98002859D0AC
S31502005E58059B0344184691E753F82230002BF4D1E8
S31502005E68D1E701230393F0E7002F1FDA00F06AF85F
S31502005E78BAF1010F02D1204600F023F9002F15DAF4
S31502005E880CAA49463046FFF771FE31469DF8440092
S31502005E98FFF73BFEFA430F9B03EB820353F82520D9
S31502005EA852BB0422C4E90A50C4E90C2300230BADF1
S31502005EB830460B941A461946009501F031FA00232A
S31502005EC801223046194600950B9701F029FA0F214F
S31502005ED83046FFF77AFE00F0010000230F2240EA5F
S31502005EE80800009519460B90304601F019FABAF1E6
S31502005EF8020F03D007208DE60135CFE72046FFF7CC
S31502005F085FFDF7E7039B002B3FF47EAE5AE700BF1F
S31502005F1808B5804701F0E2FF014BD3E8AF0F70479F
S31502005F281C00002208B5FFF7F7FFFFF7F1FF08B5D7
S31502005F388047FFF7F7FF0000014BD3E8AF0F704722
S31502005F481800002208B5FFF7F7FFFFF7F0FF000079
S31502005F58034B10B504460360FFF75AFC204610BDF2
S31502005F68ACC8000210B50446FFF7F2FF0C21204622
S31502005F78FFF7A2FC204610BD2DE9F041DDF8188096
S31502005F8806460F46154690451C460BD0B0682A466B
S31502005F9839460368CDF818801E6A2346B446BDE81A
S31502005FA8F0416047194600F057F80028EED006205F
S31502005FB8BDE8F0812DE9F14F0D461946814617468F
S31502005FC89846DDE90A4BDDE90CA600F045F890B1E2
S31502005FD8002D3460377109DB2C44A24514BF012415
S31502005FE80624B471002001B0BDE8F08F0235F9D15C
S31502005FF80123B371F6E7544506D15946484600F0DF
S315020060082BF808B17771EDE7D9F808003A46294620
S315020060180368CDE90CA6CDE90A4BDC694346A446DA
S3150200602801B0BDE8F04F60472DE9F04107460C463E
S3150200603815461E46FFF71FFC48B9B8682A46214688
S3150200604803689F693346BC46BDE8F0416047BDE830
S31502006058F081704700207047814208B50ED040682B
S3150200606803782A2B0CD049680B782A2B08BF0131F2
S3150200607803F088FDB0FA80F0400908BD0120FCE76C
S315020060880020FAE701F03ABF0378472B17D1437885
S315020060984E2B14D18378552B11D1C378432B0ED1AD
S315020060A80379432B0BD143792B2B08D183792B2BDD
S315020060B805D1C07901288CBF002001207047002035
S315020060C8704710B5044648B100F03BF82046FFF782
S315020060D8DBFF18B154F8140CFFF71AFFFFF722FF7B
S315020060E838B50246FFF7D0FF044640B152F8184CBD
S315020060F80025104600F025F81DB1FFF723FF0125FC
S31502006108F7E72046FFF713FF0378472B17D14378A3
S315020061184E2B14D18378552B11D1C378432B0ED12C
S315020061280379432B0BD143792B2B08D183792B2B5C
S3150200613805D1C07901288CBF0020012070470020B4
S31502006148704738B50446FFF771FC024605682046D3
S31502006158A4F12001FFF7D8FF28B90DB1FFF7E2FE37
S315020061681160284638BD54F80C3C2046002BB4BFB3
S31502006178C3F1010301338D4244F80C3C536803F121
S31502006188FF3353601CBF44F8105C1160656A01F066
S315020061989FF8E6E708B52DED028BB0EE408A00F0CF
S315020061A867FAF0EE408AB4EE488AF1EE10FA0AD699
S315020061B8B0EE480A00F01CF8F7EE007AB4EEE70AE9
S315020061C8F1EE10FA04DCB0EE680ABDEC028B08BDEB
S315020061D803F0D0FC212203460348BDEC028B1A6069
S315020061E8BDE8084000F00CB814BF000200F068BB16
S315020061F810EE103A23F0004300EE103A704700BF43
S315020062089FED010A704700BF0000C07F10EE101A0A
S31502006218C1F3C7520029A2F17F0CACBF01204FF08F
S31502006228FF30BCF11E0F0FDCBCF1000F1CDBC1F303
S315020062381603BCF1160F43F400030ADD963A03FA75
S3150200624802F202FB00F07047FDEEC07A17EE900AE2
S3150200625870474FF48002CCF1170142FA0CF21A4445
S31502006268CA4002FB00F07047BCF1FF3F18BF00208E
S31502006278704700BF0000000030B510EE104AB7EEB6
S31502006288C07A83B0C4F30A53B3F57D7F19D2B3F546
S31502006298667F27EE075B6CD327EE052B6C4B93EDD7
S315020062A81A3B93ED186B93ED164BA5EE036BA2EE14
S315020062B8047B25EE025BA6EE057BB7EEC70B03B0A1
S315020062C830BD40F22E4293425BD8614991ED086B8C
S315020062D891ED0A5B01F1700227EE066BFDEEC66BC5
S315020062E816EE903A03F500031B1606EE903A13F0E3
S315020062F8020FB8EEE66B08BF0A46D807A6EE457B3C
S3150200630827EE076B1BD403F0030301EBC30192EDDF
S315020063181A2B92ED184B92ED163B91ED005B27EE88
S31502006328057BA6EE024B27EE065BA5EE037B26EE61
S31502006338055BA4EE057BB7EEC70B03B030BD92ED45
S315020063480E2B92ED0C0B26EE065BA6EE020B92EDD9
S31502006358143B92ED127B92ED104BA6EE037BA5EE53
S31502006368040B26EE056BA7EE060BB7EEC00B03B0C1
S3150200637830BD14F0FF4FF0EE406A46D0B0EE660A22
S31502006388DBE7B3F5FF6F3BD2C4F38360314AC4F34C
S315020063981603C4F3C25502EB800152F8202043F4D7
S315020063A80003086AAB400969A0FB035003FB02F22B
S315020063B8E3FB010202F100518D0F01F04041511A2F
S315020063C805EBD47400F08CFD234B14F0020FA3F1F5
S315020063D870029FED1D6B41EC170B08BF1346E907C8
S315020063E827EE067B27EE076B14D402EBC40293ED65
S315020063F81A2B93ED184B93ED163B92ED005B8EE745
S3150200640803B0BDE8304000F023B9B7EEC55B8DEDA9
S31502006418015AB3E793ED0E1B93ED0C7B26EE064B62
S31502006428A6EE017B93ED142B93ED125B93ED103BD5
S31502006438A6EE025BA4EE037B26EE046BA5EE067BB4
S31502006448B7EEC70B79E700BF182D4454FB21193C58
S3150200645848C90002E8C80002B8C9000200000000E4
S3150200646838B510EE104AB7EEC07AC4F30A53B3F53C
S315020064787D7F1ED2B3F5667F27EE077B6FD36A4B05
S3150200648827EE071B93ED0E2B93ED0C6B93ED143B46
S3150200649893ED125BA7EE026BA7EE035B27EE017B79
S315020064A893ED104BA1EE046BA5EE076BB7EEC60B88
S315020064B838BD40F22E42934254D85B4991ED086B9F
S315020064C891ED0A5B01F1700227EE066BFDEEC66BD3
S315020064D816EE903A03F500031B1606EE903A13F0F1
S315020064E8020FB8EEE66B08BF0A46D807A6EE457B4A
S315020064F827EE076B1AD503F0030301EBC30192EDEE
S315020065081A2B92ED184B92ED163B91ED005B27EE96
S31502006518057BA6EE024B27EE065BA5EE037B26EE6F
S31502006528055BA4EE057BB7EEC70B38BD92ED0E2BC5
S3150200653892ED0C0B26EE065BA6EE020B92ED143BD1
S3150200654892ED127B92ED104BA6EE037BA5EE040BA1
S3150200655826EE056BA7EE060BB7EEC00B38BDB7EEF7
S31502006568000A38BDB3F5FF6F3DD2C4F383602F4AE4
S31502006578C4F31603C4F3C25502EB800152F8202075
S3150200658843F40003086AAB400969A0FB035003FB06
S3150200659802F2E3FB010202F100518D0F01F04041C4
S315020065A8511A05EBD47400F09BFC214B14F0020F30
S315020065B8A3F170029FED1A6B41EC170B08BF134645
S315020065C8E90727EE067B27EE076B10D504F00304CE
S315020065D802EBC40293ED1A2B93ED184B93ED163B7F
S315020065E892ED005B93E7BDE8384000F031B893EDD1
S315020065F80E1B93ED0C7B26EE064BA6EE017B93ED66
S31502006608142B93ED125B93ED103BA6EE025BA4EE00
S31502006618037B26EE046BA5EE067BB7EEC70B38BDE9
S31502006628182D4454FB21193C48C90002E8C8000247
S31502006638B8C9000210B52DED028BB0EE408A0446A9
S3150200664803F098FA0460B0EE480ABDEC028B10BD5E
S31502006658F0EE407A30EE407AF4EE677A87EE070A71
S31502006668F1EE10FA02D62120FFF7E4BF704700BF09
S3150200667810EE102A08B522F00043B3F17E5F2DED25
S31502006688028B12D00AD8B3F17C5F18D2B3F10C5F31
S315020066986FD89FED7A0ABDEC028B08BD70EE407A80
S315020066A887EEA70ABDEC028B08BD9FED750A002A84
S315020066B8DFED747ABDEC028B37FE800A08BD002A2C
S315020066C8C0F29480F7EE008AF6EE007A38EEC00A37
S315020066D820EE278AB0EE480A00F070FADFED6A6A01
S315020066E8DFED6A4A10EE103ADFED697AB0EE483A03
S315020066F8E8EE264A9FED677ADFED673A6FF30B03FA
S31502006708DFED665AE8EE073A9FED655A9FED656A30
S31502006718DFED656AE4EE887A9FED647AA3EE885A1D
S31502006728B0EE674A07EE903AA7EEE73AE4EE085A61
S31502006738F0EE454A70EE273AE4EE886AB0EE655AFC
S31502006748A5EE086AF0EE665AC3EE236AA6EE087A42
S31502006758E5EE888A27EE087A87EE286AB0EE667A28
S31502006768BDEC028BA0EE067A37EE870A30EE000AF7
S3150200677808BD20EE007ADFED446A9FED442AF7EE63
S31502006788005A9FED433AA7EE262ADFED427ADFED5D
S31502006798422A9FED424AE7EE272ADFED413A9FED6C
S315020067A8415ADFED414AA2EE073A9FED406ADFED14
S315020067B8406ADFED407AE2EE873ABDEC028BA3EE41
S315020067C8074AE3EE874AA4EE075AE4EE875AA5EE8D
S315020067D8076A26EE077A87EE256AB0EE667AA0EE93
S315020067E8467A30EE477A37EEC70A08BDB7EE007A20
S315020067F8DFED252AF6EE007ADFED243A9FED253AFB
S3150200680830EE070ADFED224A9FED234ADFED235ACF
S3150200681860EE277A9FED225ADFED226A9FED226A01
S31502006828E7EEA23A9FED218AA7EE834AB0EE670AFF
S31502006838E3EEA74AA4EE275AE4EEA75AA5EE276A7C
S31502006848E5EEA76AA6EE277AA6EEA78AF0EE478AAB
S3150200685828EE278A00F0B2F99FED177AF0EE006A61
S31502006868DFED167A88EE286AA0EE067A37EE007A07
S31502006878E7EE667AB0EE670A14E700BFDB0FC93F98
S31502006888DB0F49400000000008EF1138047F4F3A39
S31502006898461124BD2EC69D3D613330BFA80A4E3E21
S315020068A82D57014090B0A6BE39D119C0ABAA2A3ECF
S315020068B86821A233DA0FC93F6821A2B3DA0F494029
S315020068C810EE903A30B523F0004583B0B5F1FF4F8C
S315020068D88DED010A01982CDC20F00041B1F1FF4F41
S315020068E827DCB3F17E5F38D09C1704F0020444EA31
S315020068F8D07451B9022C2DD0DFED3E7A032C9DEDD2
S31502006908017A07FE870A03B030BDD5B1B5F1FF4F4C
S3150200691828D0B1F1FF4F14D0491BB1F1F45F4FEA09
S31502006928E1502CDA002B43DA3C3041DA9FED320A89
S3150200693827E007EE903A9DED017A37EE870A03B013
S3150200694830BDDFED2E7A00289FED2D0A27FE800A3C
S3150200695803B030BD9FED2B0AF1E703B0BDE8304026
S3150200696800F05AB8B1F1FF4F04F1FF3418D0022CE7
S3150200697839D8254B03EB840393ED000ADFE79FED35
S315020069881F0A012C28D0022C1DD0002CD7D09FED2F
S315020069981F7ADFED1C7A30EE070A30EE670ACEE779
S315020069A8022C23D81A4B03EB840393ED000AC6E79D
S315020069B8DDED017A07EE103A87EE870AFFF718FC33
S315020069C800F02AF8DDE79FED117ADFED0E7A30EE58
S315020069D8070A37EEC00AB2E710EE103A03F100438F
S315020069E800EE103AABE79FED040AA8E79FED090A05
S315020069F8A5E700BFDB0F49C000000000DB0FC93F57
S31502006A08DB0FC9BFDB0F494028CA00022EBDBB33C4
S31502006A1834CA0002DB0F493F38B510EE105AF0EEC1
S31502006A28407A25F00044B4F1A14F0AD3B4F1FF4FDE
S31502006A3858D8DFED4F7A002D9FED4E7A37FE270A9A
S31502006A4838BD4D4B9C425CD8B4F1445F4DD34FF0F0
S31502006A58FF3327EEA76ADFED491A9FED492A5A1C2A
S31502006A68DFED485A66EE066ADFED472A9FED473A9A
S31502006A78DFED473AA6EEA12A9FED464AE6EEA52A9B
S31502006A88DFED454A9FED455A9FED457ADFED455ABA
S31502006A98A2EE263AE2EEA63AA3EE264AE3EEA64A84
S31502006AA8A4EE265AA4EEA67AE5EE265A27EE267A0A
S31502006AB8A5EE867A27EE877A38D03B49002D3B4ADF
S31502006AC801EB830102EB830391ED006AD3ED006AC1
S31502006AD837EE467A37EE677A36EEC70AB0DAB1EE9D
S31502006AE8400A38BD30EE000A38BD9FED317AF7EE1E
S31502006AF8006A30EE077AB4EEE67AF1EE10FAA6DD0F
S31502006B0838BDFFF775FB2B4B9C4212D8A3F5D00371
S31502006B189C4223D8F0EE007A0023BFEE007AA0EE5C
S31502006B28277A30EE270AC7EE007A92E737EEC70AC7
S31502006B3838BD214B9C420BD8F7EE087A0223B7EEF2
S31502006B48007AA0EE277A30EE670AC0EE077A80E767
S31502006B58BFEE007A0323C7EE007A7AE7F7EE007AE9
S31502006B68012330EE677A30EE270AC7EE007A70E71D
S31502006B78DB0FC9BFDB0FC93FFFFFDF3ED769853C85
S31502006B8859DA4B3D21A215BD6BF16EBD356B883DB9
S31502006B9895879DBD6E2EBA3D388EE3BD2549123EB8
S31502006BA8CDCC4CBEABAAAA3E40CA000250CA0002CD
S31502006BB8CAF24971FFFF973FFFFF1B40B1EEC00AB9
S31502006BC8704700BF81F0004102E000BF83F0004336
S31502006BD830B54FEA41044FEA430594EA050F08BF68
S31502006BE890EA020F1FBF54EA000C55EA020C7FEA2C
S31502006BF8645C7FEA655C00F0E2804FEA5454D4EBA9
S31502006C085555B8BF6D420CDD2C4480EA020281EA72
S31502006C18030382EA000083EA010180EA020281EAAA
S31502006C280303362D88BF30BD11F0004F4FEA0131FC
S31502006C384FF4801C4CEA113102D0404261EB41010B
S31502006C4813F0004F4FEA03334CEA133302D0524291
S31502006C5863EB430394EA050F00F0A780A4F101044D
S31502006C68D5F1200E0DDB02FA0EFC22FA05F2801887
S31502006C7841F1000103FA0EF2801843FA05F359416D
S31502006C880EE0A5F120050EF1200E012A03FA0EFCEC
S31502006C9828BF4CF0020C43FA05F3C01851EBE37116
S31502006CA801F0004507D54FF0000EDCF1000C7EEB33
S31502006CB800006EEB0101B1F5801F1BD3B1F5001F71
S31502006CC80CD349085FEA30004FEA3C0C04F1010490
S31502006CD84FEA445212F5800F80F09A80BCF1004FB9
S31502006CE808BF5FEA500C50F1000041EB045141EA3B
S31502006CF8050130BD5FEA4C0C404141EB0101013C04
S31502006D0828BFB1F5801FE9D291F0000F04BF0146F2
S31502006D180020B1FA81F308BF2033A3F10B03B3F1C4
S31502006D2820020CDA0C3208DD02F1140CC2F10C0254
S31502006D3801FA0CF021FA02F10CE002F11402D8BFB2
S31502006D48C2F1200C01FA02F120FA0CFCDCBF41EA7E
S31502006D580C019040E41AA2BF01EB0451294330BD4D
S31502006D686FEA04041F3C1CDA0C340EDC04F114042A
S31502006D78C4F1200220FA04F001FA02F340EA030001
S31502006D8821FA04F345EA030130BDC4F10C04C4F147
S31502006D98200220FA02F001FA04F340EA0300294627
S31502006DA830BD21FA04F0294630BD94F0000F83F471
S31502006DB8801306BF81F480110134013D4EE77FEA54
S31502006DC8645C18BF7FEA655C29D094EA050F08BFA0
S31502006DD890EA020F05D054EA000C04BF1946104681
S31502006DE830BD91EA030F1EBF0021002030BD5FEAC5
S31502006DF8545C05D14000494128BF41F0004130BDED
S31502006E0814F580043CBF01F5801130BD01F0004540
S31502006E1845F0FE4141F470014FF0000030BD7FEAB3
S31502006E28645C1ABF194610467FEA655C1CBF0B46AE
S31502006E38024650EA013406BF52EA033591EA030FC5
S31502006E4841F4002130BD00BF90F0000F04BF0021BD
S31502006E58704730B54FF4806404F132044FF00005F0
S31502006E684FF0000150E700BF90F0000F04BF002169
S31502006E78704730B54FF4806404F1320410F00045CF
S31502006E8848BF40424FF000013EE700BF42004FEACA
S31502006E98E2014FEA31014FEA02701FBF12F07F4347
S31502006EA893F07F4F81F06051704732F07F4208BFFE
S31502006EB8704793F07F4F04BF41F40021704730B505
S31502006EC84FF4607401F0004521F000411CE700BF51
S31502006ED850EA010208BF704730B54FF000050AE0D4
S31502006EE850EA010208BF704730B511F0004502D5D5
S31502006EF8404261EB41014FF4806404F132045FEAD7
S31502006F08915C3FF4D8AE4FF003025FEADC0C18BF7F
S31502006F1803325FEADC0C18BF033202EBDC02C2F171
S31502006F28200300FA03FC20FA02F001FA03FE40EA03
S31502006F380E0021FA02F11444BDE600BF03685A00A6
S31502006F484CBF43F0004323F000431844704700BF88
S31502006F582DE9F04729B301F1FF3A8046914600250B
S31502006F685646A91948BF0131491008EBC107CC009A
S31502006F783846FFF7E3FF8A450DD00834484508EB43
S31502006F8804000AD8FFF7DAFF01384D1C4845E8D352
S31502006F983846BDE8F0874845FAD98D4201F1FF36F1
S31502006FA8DFD100273846BDE8F08700BF012809D09F
S31502006FB8022805D00028044B14BF00201846704743
S31502006FC80248704702487047A1760002B17600026D
S31502006FD8A9760002224B30B5044683B08D1E43B310
S31502006FE801A92846AFF30080F0B101992A46FFF7B6
S31502006FF8AFFF0146C0B1FFF7A1FF4B68A064012BA2
S315020070082AD0002B01F1040024DBFFF797FF0023A7
S3150200701823650368E064002B11DBFFF78FFF034645
S315020070280020236103B030BD00230920236103B089
S3150200703830BD0C480C49091AC9100191D6E7C3F3A9
S315020070480360FFF7B3FF031E0CBF0920002023616C
S3150200705803B030BD0123DBE700230520E1E700BFCB
S315020070680000000024D10002C4D300020368DA0734
S3150200707810B5044606D49B0700F1500009D500F066
S3150200708893FC2368590709D51A070ED5DB0613D5CB
S3150200709810BD00F081FC23685907F5D404F1D80025
S315020070A800F08AFC23681A07F0D404F5AC7000F0E5
S315020070B88BFC2368DB06EBD404F5EC70BDE81040C4
S315020070C800F0C6BC0346006800B11844704700BF0A
S315020070D8704700BF70B504460E46316C2046FFF76E
S315020070E879FF054698B9D6F840C032462369214643
S315020070F80120C4F814C098470828EED0072806D1FC
S315020071082846316CFFF7E4FF301D00F039FC00F029
S31502007118E5FE00BF2DE9F04701F1040CADF5787DD7
S31502007128C7680646D0F8188014460DF1140E04AD49
S315020071384FF00009BCE80F00AEE80F00BCE80F00EC
S31502007148AEE80F00BCE80F00AEE80F009CE80F009F
S315020071588EE80F00C5F8009023E02B6C4FF4F4720A
S3150200716829467EA8736102F025FD33697EAA314657
S31502007178504698478C9B2146814603933246039C88
S3150200718833460120AC64CDE90058B847044628BB0B
S315020071984FF4F4727EA9284602F00CFDB9F1080FE5
S315020071A819D10934296C3046FFF714FF81465FFA74
S315020071B884FA0028D1D0AC6B334632464AF0100125
S315020071C8AC640120CDE90058B84738B948460DF5F0
S315020071D8787DBDE8F087B9F1070F06D04FF00909A7
S315020071E848460DF5787DBDE8F0872046296CFFF7FD
S315020071F86FFF05A800F0C4FBF0B5CB6BFBB001F13D
S31502007208040C0E460B6401AC05464FF0FF37BCE88A
S315020072180F000FC4BCE80F000FC4BCE80F000FC470
S315020072289CE80F0084E80F00009706E02B696A467F
S31502007238294698470828044608D110992846FFF790
S31502007248C9FE0028F2D009207BB0F0BD6846FFF7D8
S315020072580DFF062CF7D131462846FFF73BFF00BF44
S3150200726810B4DC6BC1601946826100221C6410BC32
S31502007278FFF750BF70B54369C6680B64AEB90369B8
S315020072880A4604460D46014602209847072805D0B5
S3150200729808280FD129462046FFF71CFF3046296CDD
S315020072A8FFF716FF281D00F06BFB0122FFF732FFDE
S315020072B800F014FE00F012FEC26832B1D1F83CC0EA
S315020072C80022C1F840C0FFF725BFFFF795BF00BFF0
S315020072D8704700BF052915D8DFE801F00A03140331
S315020072E8030501207047436C0020009A136070471B
S315020072F843B90F2A06D800EB820200205368009A87
S31502007308136070470220704710B584B000230A46FE
S3150200731803AC19460094FFF7DDFF039804B010BDCD
S31502007328052915D8DFE801F00A031403030501202D
S315020073387047009B1B6843640020704743B90F2AB5
S3150200734806D8009B00EB820200201B685360704738
S315020073580220704710B584B0002303AC03920A4694
S3150200736819460094FFF7DCFF04B010BDF0B5D36BE5
S31502007378ADF5117D141D064613640DF15C0C0D4620
S315020073884FF0FF370FCCACE80F000FCCACE80F007C
S315020073980FCCACE80F0094E80F008CE80F001697A4
S315020073A810E0FFF7D7FF294616A8B047034616AAE4
S315020073B86946082083B9049B9847052804460CD0D9
S315020073C809280AD026996846FFF704FE03466A4644
S315020073D80C2116A8002BE4D0092416A8FFF746FEAE
S315020073E820460DF5117DF0BD2DE9F04F1646CA6C03
S315020073F889B00D4652F8041B00F0030C0692002BC6
S315020074087CD00C0C09048DF81D40E4B205910221CA
S3150200741802EB8402BCF1020F8DF81C10296D08BF1D
S31502007428AA6B11F0010809D005A9304600F0AAFB9B
S3150200743800285BD1082009B0BDE8F08F1768002F35
S31502007448F2D000F00801BB469A4667460191CDF88C
S315020074580880BAF1020F4DD0B2F800B002F1040961
S31502007468548824F00102AB6C64000F2102EB030876
S315020074783046FFF749FF04F002040BF0010380458A
S3150200748843EA04032CD82BF0010B012BC34472D018
S31502007498022B39D053BB17B1834500F2C88009F1D4
S315020074A80402D2F800B0BBF1000FD2D105A93046CA
S315020074B8DDF8088000F066FBC0B9B8F1000FB9D054
S315020074C80F213046FFF720FF0E2102463046FFF70E
S315020074D841FF704A0F213046FFF73CFF072006E0BE
S315020074E8012B66D0022B25D0002BD8D0092009B053
S315020074F8BDE8F08F546802F10809B2E709028DF86F
S315020075081D300591032185E7D9F8004024F000488B
S31502007518B7B9834505D9019B002B64D0B8F1000F92
S3150200752861D0002C01DA09F1040908F1010309EB1B
S315020075388302B6E7D9F8004024F00048002FF0D0BD
S31502007548D5F820B00D213046FFF7DEFE8345E8D197
S31502007558AA6A9145E5D100240422C5F82880C5E91E
S315020075680B424A446A63D9F80020A242C0F28D80CF
S3150200757801230293D9E7F7B9834517D9D9F8043015
S31502007588D9F80020991C4FEAD272AFD005F15804F7
S315020075980133049472D009F10400FFF793FD04AB9A
S315020075A801462846FEF7AEF9002853D109F108022A
S315020075B877E7002FFAD02C6A0D213046FFF7A4FE92
S315020075C88442F3D1AB6A9945F0D14846FFF7B6FC37
S315020075D80F2102463046FFF7BDFE2A4600213046F5
S315020075E8FFF7B8FE7AE705F15803039709F1040B8A
S315020075F800241F460CE0584600220497FFF762FD56
S3150200760804AB014628460BF1040BFEF77BF988BB4F
S31502007618444504F10104EED10D213046FFF774FE0C
S31502007628049B024606202A62C5E909395FE74846ED
S31502007638FFF784FC09F1040204462846AA63FEF70A
S31502007648BFF900283FF452AF22460F213046FFF712
S3150200765881FE43E704460D213046049EFFF754FE99
S31502007668022C286202D1EE6205F12C060620C5E933
S3150200767809693CE7039FD9F8004052E730460D21D5
S31502007688FFF742FE26462862F0E708F1010209EBF7
S3150200769882009BE7E96000020023FFF7A5BE00BF50
S315020076A80123FFF7A1BE00BF0223FFF79DBE00BF5D
S315020076B82DE9F0410546C4B01446052900F2B48006
S315020076C8DFE801F00F29B2698F03836B002C40F0C3
S315020076D8AB8053F8042B42648363002044B0BDE8B0
S315020076E8F081002B40F0A0801FFA84FC806B0126F3
S315020076F82F1D06FA03F1024611EA0C0F04D052F8BE
S31502007708041B104647F823100133102BF1D1A204AB
S31502007718E3D4A863E1E703F0FB02260CA4B2012A2C
S3150200772840F08280012B06EB040800F0C280B8F113
S31502007738200F79D80F2E79D9002CCED00268019362
S31502007748530705D522F0040240F8D82B00F038F981
S3150200775802AF6400384600F033F9A6F11002A96BAD
S31502007768601E019B07EBC202441C101F01EB840238
S3150200777851F8044B914240F8044FF9D1012B00F01D
S31502007788CA800F2EA96302D822A800F00DF938463E
S3150200779800F012F9A1E7032B46D11FFA84F8260C4A
S315020077A808EB1444102C3FD803681F0700F1AB807E
S315020077B822AF384600F02AF9AC6B4FEA480107EBCC
S315020077C8C6034A1E41B1E01A013A1958561C43F833
S315020077D8041BF9D104EBC8043846AC6300F0F4F88C
S315020077E87BE70BBB102C1FD80368D80600F18380F1
S315020077F822AF384600F036F9AE6B394600234FF011
S31502007808010C0CFA03F230460133224203D050F837
S31502007818042B06460A60042B01F10401F1D138460D
S31502007828AE6300F015F958E7022057E70268B8F187
S31502007838100F02F0010040F2898058B122F00102CD
S315020078482846019342F0020240F8502B00F0B0F8A5
S315020078582A68019B5107A8F1100800F18880019354
S3150200786822AF384600F0A4F802A800F0A9F8C6F13B
S315020078781001AA6B07EBC6004900019B01390131C9
S31502007888043802EB810152F8044B914240F8044F46
S31502007898F9D1B8F1000F4FD04FEA4802102E02AFC5
S315020078A802F1FF30324638BF1022103A07EBC20205
S315020078B85AE7B8F1100FB7D8102EB5D00168CA0723
S315020078C830D521F003012846019340F8501B00F0F9
S315020078D867F8019B012B25D022AF0193384600F0A9
S315020078E867F8AA6B74B3019B64004FF0000807EBB4
S315020078F8C600611EC3E723F0100305F5EC702B6082
S3150200790800F0B0F874E723F0080300F5AC702B60BA
S3150200791800F07CF84CE722AF04323846AA6300F03E
S315020079283BF8DAE622AF0193384600F039F8AA6B3B
S31502007938019B002CF0D0D7E7012BEDD00F2EA963BF
S315020079483FF6CBAE384600F02FF8C6E611460028B9
S31502007958C2D0052BB5D122F001022846019342F086
S31502007968020240F8502B00F023F8019BB4E722F0FC
S3150200797804022846019340F8D82B00F021F86FE755
S3150200798800F1340191E838009C46A6464CF8045D9D
S3150200799890E8FF0FE54600BD90EC210B704700BF4B
S315020079A880EC210B704700BF90EC200B704700BF9C
S315020079B880EC200B704700BFD0EC200B704700BF4D
S315020079C8C0EC200B704700BFF0EC0201F0EC02118C
S315020079D8F0EC0221F0EC0231F0EC0241F0EC02513B
S315020079E8F0EC0261F0EC0271F0EC0281F0EC02912B
S315020079F8F0EC02A1F0EC02B1F0EC02C1F0EC02D11B
S31502007A08F0EC02E1F0EC02F1704700BFE0EC020193
S31502007A18E0EC0211E0EC0221E0EC0231E0EC02417A
S31502007A28E0EC0251E0EC0261E0EC0271E0EC02816A
S31502007A38E0EC0291E0EC02A1E0EC02B1E0EC02C15A
S31502007A48E0EC02D1E0EC02E1E0EC02F1704700BFA3
S31502007A58B0FC0181B0FC0191B0FC01A1B0FC01B1FE
S31502007A68704700BFA0FC0181A0FC0191A0FC01A106
S31502007A78A0FC01B1704700BFEC4600B52DE90050E5
S31502007A882DE9FF1F4FF000032DE90C0001A9FFF7AE
S31502007A98B3FBDDF840E012B0704700BFEC4600B514
S31502007AA82DE900502DE9FF1F4FF000032DE90C00C8
S31502007AB801A9FFF7DFFBDDF840E012B0704700BF0F
S31502007AC8EC4600B52DE900502DE9FF1F4FF00003E3
S31502007AD82DE90C0001A9FFF7EFFBDDF840E012B033
S31502007AE8704700BFEC4600B52DE900502DE9FF1F8F
S31502007AF84FF000032DE90C0001ABFFF7B1FBDDF8EF
S31502007B0840E012B0704700BFEC4600B52DE90050C0
S31502007B182DE9FF1F4FF000032DE90C0001AAFFF71C
S31502007B2825FCDDF840E012B0704700BF027A034632
S31502007B388AB9427AB2B14168013A4FF0030C10B4DD
S31502007B4842720C1D086883F808C002025C60000EC7
S31502007B5810BC1A6070470068013A1A720202000ED7
S31502007B681A607047B020704710B584B000230C2203
S31502007B7803AC19460094FFF7ADFB039804B010BD99
S31502007B88FFF7F2BF2DE9F0434FF0000885B006462D
S31502007B980D462846FFF7CAFFB028044600F01E81A4
S31502007BA8070638D500F0F003A02B00F083800CD826
S31502007BB8802B5ED0902B04D100F00D030D2B40F0E4
S31502007BC88F80092005B0BDE8F083B02B68D0C02BA2
S31502007BD83ED1C62800F0EF80C72800F0048100F0E5
S31502007BE8F803C02B00F01181C82800F01C81C928AF
S31502007BF8E7D12846FFF79AFF020300F00F0002F4C6
S31502007C08702201300243012105233046FFF750FD59
S31502007C180028BED0D5E783000DF108090D223046AB
S31502007C28DBB2CDF800901F1D00231946FFF752FB61
S31502007C38029B60064FF00D023046CDF800904CBF0D
S31502007C48DF1BFF18002302971946FFF769FBA0E717
S31502007C5800F0F803D02BB4D100F007020523012166
S31502007C683046013242F40022FFF722FD002890D066
S31502007C78A7E724022846FFF759FF2043B0F5004F2D
S31502007C889FD0040100233046A2B21946FFF710FD21
S31502007C98002896D114F4004F18BF4FF0010878E770
S31502007CA8A0F1B103042B00F2DA80DFE803F07B507F
S31502007CB83D332A00C3434FF47F62010703F00703EB
S31502007CC842FA03F202F47F6201D542F480420023AB
S31502007CD830461946FFF7ECFC00283FF45AAF70E726
S31502007CE802AF002300F00F02304619460097FFF74D
S31502007CF8F1FA00230D22304619460097FFF710FBCA
S31502007D0847E703AA00233046009219460D22FFF7D9
S31502007D18E1FA3EE70023052130461A46FFF7C8FC7A
S31502007D2800283FF436AF4CE72846FFF7FFFE01234B
S31502007D38020300F00F001946013002F470220243D2
S31502007D483046FFF7B5FC00283FF423AF39E7002396
S31502007D580DF108090D2230461946CDF80090FFF7B5
S31502007D68B9FA2846FFF7E2FE0206029C4FF002071E
S31502007D780AD500F07F00B840073704442846029423
S31502007D88FFF7D4FE0306F4D4B84004F501740023C1
S31502007D980D222044CDF80090194602903046FFF78E
S31502007DA8BFFAF6E62846FFF7C1FE431E0246DBB2D5
S31502007DB80E2B8CD905E72846FFF7B8FE03230203E4
S31502007DC800F00F001946013002F4702202433046D1
S31502007DD8FFF76EFC00283FF4DCAEF2E6B8F1000FBE
S31502007DE82DD00020EEE62846FFF7A0FE431E0246E7
S31502007DF8DBB20E2B3FF6E5AE002304213046FFF731
S31502007E0857FC00283FF4C5AEDBE600F00F02032359
S31502007E1830460132194642F42022FFF749FC00286F
S31502007E283FF4B7AECDE62846FFF780FE00F0F00233
S31502007E3800F00F031032013343EA0232E3E602ACE2
S31502007E48434641460E2230460094FFF743FA0F2274
S31502007E584346414630460094FFF762FAC1E700F00E
S31502007E68FC03B42B3FF4ADAE00F007020123304603
S31502007E781A44194642F40022FFF71AFC00283FF476
S31502007E8888AE9EE6024603230846D26C10B584B035
S31502007E9808328DF80C3001A952F8043C1C021B0E5C
S31502007EA8CDE901428DF80D30FFF76CFE04B010BD26
S31502007EB808B5FFF765FE806C08BD00BF08B5FFF779
S31502007EC85FFEC06CC37900EB8300083008BD00BFB3
S31502007ED808B500F003F808B5FFF7FAFF062008B55B
S31502007EE801F018FE012003F033FF0000024B0146A1
S31502007EF8186800F02DB800BF8C010022024B01461B
S31502007F08186802F053BC00BF8C01002270B50F4EF0
S31502007F180C460546316811B901F01CFE306021464F
S31502007F28284601F017FE431C03D14FF0FF342046C2
S31502007F3870BDC41C24F00304A042F8D0211A2846B6
S31502007F4801F008FE0130F2D1EFE700BF5C0B032215
S31502007F582DE9F843CD1C064625F0030508350C2DF8
S31502007F6838BF0C25002D01DBA94204D90C23336046
S31502007F780020BDE8F883DFF8D48000F069F8D8F865
S31502007F8800301C4644BB29463046FFF7BFFF431C58
S31502007F98044658D1D8F800402746002F43D1002C72
S31502007FA84BD023683946304604EB030901F0D2FD6B
S31502007FB8814542D1216830466D1A2946FFF7A6FF48
S31502007FC801303AD023682B442360D8F800305A6827
S31502007FD862BBC8F800700FE02268521B20D40B2A35
S31502007FE817D96119A342256018BF5960636808BF8B
S31502007FF8C8F8001062514B60304600F02FF804F1C1
S315020080080B00231D20F00700C21A1CBF1B1AA3501F
S31502008018AFE76268A3420CBFC8F800205A60EBE7D4
S3150200802823466468AEE73C467F68B6E71A465B684D
S31502008038A342FBD100235360DEE70C2330463360AC
S3150200804800F00CF894E70560D6E700BF600B032240
S31502008058014801F095BD00BFA00C0322014801F0BA
S3150200806890BD00BFA00C032270B504460D46164605
S3150200807845EC104B03F0A0FA7EB1C5F30A53C3F1DF
S315020080886B03002B09DD1B05002003F17F5101F567
S31502008098401141EC170B20EE070B70BD00000000E3
S315020080A82DE9F04F2DED0A8B97B088464FF0000A5E
S315020080B84FF0000B0E920022059012920A46119278
S315020080C811782B294CD039D80D2933D8082933D819
S315020080D800293CD000220892119D2A78302A40F0C5
S315020080E8B7806A7802F0DF02582A70D1029311A982
S315020080F8089B914A019312AB0598009313AB02F0C1
S3150200810805FC10F00F06044605D0062E2AD10135C5
S315020081180023119508930E9B002B40F03B85089B84
S315020081284BEC10ABCBB1B1EE400B17B0BDEC0A8BE2
S31502008138BDE8F08F2029CDD10132C0E72D29C9D15A
S3150200814801210891511C11915278002AC4D10E9B23
S31502008158CDF84480002B40F01B854BEC10ABE4E7CE
S315020081680021EEE7129A3AB1352114A803F01FFB53
S315020081781299059802F0ECFE731E139A042B06D880
S31502008188DFE803F014031D201400DDE914ABE30550
S3150200819848BF4BF0004B2BF000431B0D1B05002B71
S315020081A8B9D101F0E7FC22230360B4E7DDE914A3A1
S315020081B802F2334223F4801343EA025BE7E7DFF86D
S315020081C880B1E4E76FF0004B4FF0FF3ADFE7119B0F
S315020081D85A1C11925B78302BF9D0002B9BD00123C5
S315020081E807930A22119B0A93002399461D46069372
S315020081F811980478A4F13003D9B209292AD901229F
S315020082084E4901F039FCA0B3002022462B46074608
S315020082180146652A01D0452A18D11BB9079B034393
S3150200822895D00023DDF8448008F10102119298F8EE
S3150200823801202B2A74D02D2A7AD04FF0000EA2F1F3
S315020082483004092C40F28280CDF8448000249DE057
S315020082580023C5E7082D00F1010005F10105CCBF91
S31502008268069902FB09391190C4BF02FB0133069332
S31502008278BEE7119B5A1C11925A78B5B307462B468C
S31502008288A2F13001092912D90121C2E7119B013055
S315020082985A1C11925A78302AF8D0A2F13103082BC7
S315020082A800F27D84119B074600200A930346303A62
S315020082B800F1010113D00F449C464FF00A0E0CF14F
S315020082C80104E61AB14212DC20EAE07019180133F9
S315020082D80829034419DC0A2101FB09290021119AFC
S315020082E8501C119008465278CAE72846D3E7BCF1D3
S315020082F8080F03DC0EFB09F9A446E0E7102CDEBFE3
S31502008308069E0EFB06F60696F6E70F29DFBF0698C7
S315020083180A2101FB00220692E0E7002701217DE7F8
S315020083284FF0000E08F10202119298F8022086E731
S315020083384FF0010EF6E700BF14CC000260CA000235
S315020083480000F07F119A541C11945278302AF9D001
S31502008358A2F13104082C3FF679AFA2F1300C119A3A
S315020083680992119A541C11945278A2F13006092ED8
S3150200837837D9099EA41B082C44F61F6402DC6445FF
S31502008388A8BF6446BEF1000F00D06442002B4DD14F
S31502008398079B03437FF4BFAE00297FF4D8AE692A50
S315020083A827D024DC492A24D04E2A7FF4D0AE974916
S315020083B811A802F0CBFC00283FF4C9AE119B1B782A
S315020083C8282B2DD114AA924911A802F0D3FC05280C
S315020083D826D1159BDDF850A043F0FF4B4BF4E00B7A
S315020083E899E60A2404FB0C2CACF1300CB9E76E2A88
S315020083F8DBE7884911A802F0A9FC00283FF4A7AEDA
S31502008408119B11A88449013B119302F09FFC10B9F4
S31502008418119B01331193DFF814B24FF0000A7AE682
S315020084287E4801F0DDFB5BEC10AB74E607EE909A32
S31502008438E21B002D08BF1D46102BB8EE677B09927A
S315020084481A46A8BF1022092B5BEC17AB15DCE11BF9
S3150200845800293FF460AEA4EB070172DD162959DC48
S315020084686F4B099A03EBC20393ED007B4BEC16ABF9
S3150200847827EE067B5BEC17AB4DE669490F2BDDED64
S31502008488066A01EBC201B8EE666B11ED125BA7EE46
S31502008498056B5BEC16ABDADD9A1AE11B0A44002A75
S315020084A840F3948012F00F000AD05D4901EBC00137
S315020084B891ED007B4BEC16AB27EE067B5BEC17AB1C
S315020084C832F00F0273D0B2F59A7F47DD00242546B3
S315020084D8264607942223059ADFF850B14FF0000A80
S315020084E81360079B002B3FF416AE1299059802F00B
S315020084F82FFD3146059802F02BFD2946059802F014
S3150200850827FD0799059802F023FD2146059802F0F2
S315020085181FFD00E6C3F12501E01B8142BCDBC3F166
S315020085280F033F4A02EBC30191ED007B0999CB1A6F
S3150200853802EBC3024BEC16AB27EE067B92ED006B01
S3150200854896E71631A8DB3C1B354B03EBC40494EDC6
S31502008558007B4BEC16AB86EE077B8BE700201211ED
S31502008568304E01464BEC17AB012A23DC08B15BEC13
S3150200857817AB2C4AABF1547B2B4802EBC10292EDA6
S31502008588007B4BEC16AB294A27EE067B17EE901AB0
S315020085980A4082425BEC17AB98D8A0F5801082425B
S315020085A886BFDFF88CB04FF0FF3A01F1547B002208
S315020085B8069277E012F0010F04D0012096ED006BC7
S315020085C827EE067B013152100836CDE7EFD052422C
S315020085D812F00F000AD0124901EBC00191ED007B9F
S315020085E84BEC16AB86EE077B5BEC17AB1211DED0B3
S315020085F81F2A1FDD00242546264607942223059AAC
S315020086084FF0000A4FF0000B13606AE76FCA0002C8
S3150200861800CC000267CA0002A6CA0002F1CB000219
S3150200862888CC000260CC00020000A07C0000F07F2B
S31502008638FFFFEF7F12F010014FF0000018BF6A210A
S315020086480691B1494BEC17ABD60704D5012091ED3B
S31502008658006B27EE067B521001F10801F4D108B12E
S315020086685BEC17AB069AB2B1CBF30A515846C1F185
S315020086786B02002A0FDD1F2A55DD342A4FF0000A45
S31502008688DBBF4FF0FF32C1F14B014FF05C7B8A40F2
S31502008698D8BF02EA000B4BEC17ABB5EE407BF1EE06
S315020086A810FAA7D02A460A990598CDF8009002F042
S315020086B8B9FC079000283FF409AF099B3F1B002429
S315020086C8002B2546B4BF3B4600230A93099B9FED20
S315020086D88ABB23EAE3730D93079B0598596802F050
S315020086E8F7FB064600283FF4F5AE079B0C301A69DD
S315020086F803F10C0102324BEC19AB920001F05AFA63
S31502008708B0EE490B14AA13A9059802F0C9FF1290F4
S3150200871800283FF4DFAE0121059802F019FD05464F
S3150200872840B90025D6E64FF0FF3101FA02F202EA15
S315020087380A0AB0E7139F149A002FA9BF0A9B0D9B3A
S3150200874807EB0309DDF83480B8BFA3EB0708069BDD
S31502008758B8BFDDF82890FF1AC2F1360317446B4AF0
S31502008768013F974250DAD11B01221F29A3EB0103CD
S315020087783EDC8A400C9200220B9209EB03079844CE
S31502008788069BB94598444B46A8BF3B464345A8BFF6
S315020087984346002BC2BFFF1AA8EB0308A9EB03093D
S315020087A80A9B002B16DD29461A46059802F08AFD11
S315020087B805460028B5D00146129A059802F0DEFC55
S315020087C80F9000283FF486AE1299059802F0C0FB76
S315020087D80F9B1293002F1BDC099B002B21DD3146D0
S315020087E80D9A059802F06EFD0646D0B9002671E686
S315020087F8C7F17F4707F57F0707F57B47E23702FA96
S3150200880807F10B910C92B8E700220B920122F9E7C5
S315020088183A461299059802F0AFFD12900028DBD16C
S3150200882858E6B8F1000F07DD31464246059802F0D0
S31502008838A3FD06460028D9D0B9F1000F08DD29465E
S315020088484A46059802F098FD054600283FF442AECE
S3150200885832461299059802F017FE044600283FF49C
S3150200886839AE0023D0F80C802946C36002F0F0FD29
S3150200887800284FDA58EA0A0875D1CBF31303002BFE
S3150200888871D12BF000431B0D1B05B3F1D66F6AD9C4
S31502008898636913B92369012B65DD2146012205980F
S315020088A802F06AFD2946044602F0D2FD00285ADD86
S315020088B82BF00043069A1B0D1B05002A71D0B3F153
S315020088C8D66F6ED8B3F15C7F7FF698AE104B9FEDEC
S315020088D80C7B4BEC16AB26EE077B17EE902A134061
S315020088E85BEC17AB002B7FF400AE2223059A1360CC
S315020088F8FBE500BFAFF300800000C0FFFFFFDF41CA
S31502008908000000000000503928CC000202FCFFFFDC
S315020089180000F07FD9465DD1CBF31303B8F1000FFF
S315020089282AD0A94A93422AD1069B5246FBB1A74BA3
S315020089384FF0FF310BEA0303B3F1D46F1AD81B0DBC
S31502008948C3F16B0301FA03F39A4218D1A04B994576
S3150200895802D101323FF4BEAD9C4B4FF0000A09EA40
S31502008968030303F5801B069B002BAFD1BDE54FF031
S31502008978FF33E9E70B46E7E753EA0A0398D00B9B6E
S31502008988C3B113EA090FEED0069A50465946B8F112
S31502008998000F13D0FFF768FB39EE007B5BEC17ABD1
S315020089A8E1E7A3F580134FF0FF3A6FEA135B6FEA2C
S315020089B80B5BD8E70C9B13EA0A0FE4E7FFF754FBB5
S315020089C839EE400BB5EE400B5BEC10ABF1EE10FA4C
S315020089D8C9D113E62946204602F0BAFEB0EE007B5C
S315020089E8B4EEC70BF1EE10FA5DD8B8F1000F64D1F8
S315020089F8BAF1000F4BD1CBF31303B7EE008B002B62
S31502008A0860D1B4EEC80BB6EE008BF1EE10FA01D4C3
S31502008A1820EE088BB1EE48AB6C486E4909EA0007AE
S31502008A288F4253EC1A2B7DD1A9F1547B4BEC1CAB2C
S31502008A38B0EE4C0B02F0C0FDA0EE0ACB6348664AC4
S31502008A481CEE903A03EA000191425BEC1CAB3CD95E
S31502008A5819EE902A5E4B9A4204D119EE103A013366
S31502008A683FF438ADDFF868B14FF0FF3A129905982E
S31502008A7802F06EFA3146059802F06AFA2946059816
S31502008A8802F066FA2146059802F062FA24E6BAF17D
S31502008A98010F03D1BBF1000F3FF4B0ADBFEE00AB3F
S31502008AA8B7EE008BB8E7B6EE008B20EE088BB8F16E
S31502008AB8000FAFD0B0EE48ABAEE7B7EE00ABB0EE04
S31502008AC84A8BA9E7BFEE00ABA6E703F1547B069BE8
S31502008AD8D946002BCAD12BF000431B0D1B059F421A
S31502008AE8C4D1CBF3130951EC180B49EA0A0903F06E
S31502008AF8E7F8FEF7F5F959EA080941EC170B38EEDB
S31502008B08478B3CD09FED2A7BB4EEC78BF1EE10FA69
S31502008B183FF5EBAC9FED287BB4EEC78BF1EE10FA6E
S31502008B28A4DDE2E40699E1B1B7F1D46F19D8B4EE3F
S31502008B38CB8BF1EE10FA11D8BCEEC88B18EE103AB0
S31502008B48012B38BF012308EE103AB8EE488BB8F16C
S31502008B58000F11D1B1EE487B53EC172B03F1D66106
S31502008B68CB1BB0EE490B43EC1A2B02F025FDAAEEFD
S31502008B78009B5BEC19ABAAE7B0EE487BECE79FEDEE
S31502008B88107BB4EEC78BF1EE10FA7FF56FAFACE44B
S31502008B9800230893119B0E9A1360FFF7C0BA652A41
S31502008BA83FF4BBAB452A3FF4B8AB0121FFF7F0BB54
S31502008BB89535A094FFFFDF3F35E5AF350000E03F6E
S31502008BC89535A094FFFFCF3FFFFF0F000000F07F0F
S31502008BD8FFFFEF7F0000E07FFFFF9F7C014BFFF75F
S31502008BE85FBA00BF2000002210B5214C0A46214B6D
S31502008BF801462068FFF754FAB4EE400BB0EE407B0C
S31502008C08F1EE10FA0DD717EE903A1B48002B04DA4C
S31502008C18FDF7F6FAB1EE400A10BDBDE81040FDF7C1
S31502008C28EFBAB7EEC00BDFED156AB0EEC06AB4EE66
S31502008C38666AF1EE10FA08DDB0EEC76B9FED0A5BC5
S31502008C48B4EE456BF1EE10FA0ADD10EE103A13F0A7
S31502008C58FF4FE1D117EE902A094B1340002BDBD0C8
S31502008C68236822221A60D7E7FFFFFFFFFFFFEF7F85
S31502008C788C01002220000022F1CB0002FFFF7F7F39
S31502008C880000F07F10B504460448134620B10A4690
S31502008C9802202146AFF3008010BD00BF000000008D
S31502008CA8F0B52DED028BB0EE408B85B017460C461B
S31502008CB80D9D18EE902A0C9E25F02005002AB6BFB7
S31502008CC82D220022B1EE408B462D1A7004D0452D76
S31502008CD800D10134022100E0032103ABB0EE480BB8
S31502008CE82246019302AB0093334601F011F8472D51
S31502008CF814D1FB070AD50219B5EE408B3021F1EEE5
S31502008D0810FA08BF0392039B934219D3039B0E9A48
S31502008D181B1A136005B0BDEC028BF0BD462D00EBA5
S31502008D280402E9D10378302B07D1B5EE408BF1EE78
S31502008D3810FA1CBFC4F10104346033681A44DBE735
S31502008D485C1C03941970DEE7F7B500290270BABFF6
S31502008D5849422D232B230929437028DD0DF10703E8
S31502008D680A271D461A46013BB1FBF7F607FB1614FE
S31502008D78303402F8014C0C463146632CF2DC3031B1
S31502008D88941E03F8011C411C2346AB420AD30DF17B
S31502008D9809039B1AAC4288BF002302330344181AFC
S31502008DA803B0F0BD13F8016B01F8016FEDE730234C
S31502008DB830318370031DC170F1E700000000000026
S31502008DC82DE9F04F8DB00C4616461F46DDF8588041
S31502008DD8054600F0A7FED0F800B0584600F0F7FEA8
S31502008DE8002394F818900A93D8F8003022680733BB
S31502008DF8059023F0070303F10801C8F8001093ED64
S31502008E08000B9FED976BB0EEC07B84ED120BB4EEB0
S31502008E18467BF1EE10FA24DDB5EEC00BF1EE10FA40
S31502008E2802D52D2384F843308F49904BB9F1470F69
S31502008E388CBF8846984622F0040203234FF0000AA4
S31502008E482260236133460BAA21462846009700F082
S31502008E58D1F9013040F089804FF0FF300DB0BDE8FE
S31502008E68F08FB4EE400BF1EE10FA09D710EE903AF5
S31502008E787F49002BBCBF2D2384F843307D4BD5E7B1
S31502008E88636809F0DF0A591C39D10623636042F484
S31502008E98806200232846226003930AABCDE9019338
S31502008EA809AB00930DF123036168FFF7F9FEBAF1E6
S31502008EB8470F8046099929D1C81C02DB6368994283
S31502008EC841DDA9F102095FFA89F901394A4604F135
S31502008ED850000991FFF738FF0A9A82461318012AA9
S31502008EE8236102DC2268D20701D5013323619DF88A
S31502008EF82330002BA6D02D2384F84330A2E7BAF1FB
S31502008F08470FC4D1002BC2D10123BFE7B9F1650FC0
S31502008F18DBD9B9F1660F18D1002963680BDD216127
S31502008F2813B92268D00702D501330B4423614FF0E7
S31502008F38000AA165DBE713B92268D20701D5023315
S31502008F48F4E70123F2E74FF067090A9B994205DB2A
S31502008F5823682161D807EAD54B1CE7E70029D4BF65
S31502008F68C1F1020201221344E0E723685A0507D435
S31502008F782369424631462846B84701302AD16BE76B
S31502008F88B9F1650F40F2E08094ED127BB5EE407BB5
S31502008F98F1EE10FA33D10123374A31462846B8474B
S31502008FA801303FF459AFDDE90938434502DB23684E
S31502008FB8D8070FD5059B5A4631462846B847013089
S31502008FC83FF44AAF4FF0000908F1FF3804F11A0AD4
S31502008FD8C84509DC23689B0700F10781E0680B9BFB
S31502008FE89842B8BF184639E7012352463146284601
S31502008FF8B84701303FF430AF09F10109E8E7099BA8
S31502009008002B3BDC01231C4A31462846B84701306F
S315020090183FF422AFDDE9093959EA030302D123688D
S31502009028D907D7D5059B5A4631462846B84701304F
S315020090383FF412AF4FF0000A04F11A0B099B5B4288
S31502009048534501DC4B4694E701235A4631462846E6
S31502009058B84701303FF400AF0AF1010AEEE700BF54
S31502009068FFFFFFFFFFFFEF7F66CA000262CA000228
S315020090786ECA00026ACA000272CA0002A36DDDF84D
S3150200908828A05345A8BF5346002B994637DC002330
S3150200909829EAE97904F11A020793A36D0799069357
S315020090A8A3EB09038B4231DC099B9A453BDC236817
S315020090B8DA0738D4099BAAEB0309069BAAEB030332
S315020090C89945A8BF9946B9F1000F34DC4FF000085C
S315020090D829EAE97904F11A0B099BAAEB0303A3EB24
S315020090E8090343457FF776AF01235A463146284698
S315020090F8B84701303FF4B0AE08F10108ECE7424642
S3150200910831462846B8470130C1D1A5E60123314682
S3150200911828460692B84701303FF49EAE079B069A48
S3150200912801330793B9E7059B5A4631462846B8479D
S315020091380130BFD190E6069A4B463146284642444C
S31502009148B8470130C2D187E6DDF82890B9F1010F98
S3150200915801DCDB0736D50123424631462846B847A5
S3150200916801303FF479AE059B5A4631462846B84740
S3150200917801303FF471AE09F1FF3994ED127BB5EE79
S31502009188407BF1EE10FA18D04B4608F1010231463F
S315020091982846B84701300CD15EE601235A463146C5
S315020091A82846B84701303FF457AE08F10108C845CA
S315020091B8F3DB534604F15002DCE64FF0000804F1F3
S315020091C81A0BF4E701234246E1E701234A463146F0
S315020091D82846B84701303FF43FAE08F10108E36874
S315020091E80B995B1A4345F0DCF8E64FF0000804F1E8
S315020091F81909F4E72DE9F047164698468A6807469C
S315020092080B690C46DDF820909342B8BF13463360CB
S3150200921891F843200AB1013333602368990642BFA5
S31502009228336802333360256815F0060506D104F162
S31502009238190AE36832689B1AAB422BDC94F843306E
S315020092482268003B18BF0123920630D404F1430278
S3150200925841463846C847013023D023681A3454F8A1
S315020092680A2C03F00603042B0ABF54F80E5C0025E9
S3150200927833684FF0000608BFED1A54F8123C08BFCF
S3150200928825EAE5759342C4BF9B1AED18B5421AD171
S31502009298002008E00123524641463846C8470130B5
S315020092A803D14FF0FF30BDE8F0870135C1E7E11879
S315020092B85A1C30200233224481F8430094F84510A0
S315020092C882F84310C2E70123224641463846C84778
S315020092D80130E6D00136D9E72DE9FF470F7E9146E0
S315020092E880460C46782F9A460C9E01F1430207D80F
S315020092F8622F0AD8002F00F0D180582F00F0B880CC
S3150200930804F1420684F842703AE0A7F16303152B8A
S31502009318F6D801A151F823F0799300028D93000241
S3150200932809930002099300020993000209930002B5
S315020093388D93000209930002099300020993000221
S31502009348099300028B940002B79300024594000227
S315020093580993000209930002AD94000209930002E0
S31502009368B793000209930002099300024D94000282
S3150200937833681A1D1B68326004F1420684F84230CB
S3150200938801239CE033682068191D3160060601D561
S315020093981D6803E04506FBD5B3F90050002D03DA34
S315020093A82D236D4284F8433058480A2311E0216878
S315020093B83368080653F8045B02D4490648BFADB2BF
S315020093C86F2F3360514814BF0A230823002184F8FB
S315020093D843106668002EA66005DB21682E4321F03D
S315020093E8040121604BD01646B5FBF3F103FB115776
S315020093F8C75D06F8017D2F460D46BB42F4D9082BF8
S315020094080BD12368DF0708D5236961689942DEBF55
S31502009418302306F8013C06F1FF36921B22614B46C1
S3150200942803AA21464046CDF800A0FFF7E3FE013025
S315020094384AD14FF0FF3004B0BDE8F087236843F005
S315020094482003236078273248236884F845701F066C
S31502009458316851F8045B02D45F0648BFADB2316089
S31502009468D90744BF43F0200323601DB11023ADE79B
S315020094782648E9E7236823F020032360F6E7164621
S31502009488BDE733682568181D616930602E061B68BA
S3150200949801D5196002E06806FBD519800023164635
S315020094A82361BCE7336800211A1D32601E686268B0
S315020094B8304600F071FB08B1801B60606368236167
S315020094C8002384F84330AAE72369324649464046D0
S315020094D8D0470130ADD023689B0713D4E068039BBD
S315020094E89842B8BF1846A6E701233246494640467F
S315020094F8D04701309DD00135E36803995B1AAB4228
S31502009508F2DCEBE7002504F11906F5E774CA000256
S3150200951885CA00022DE9F04F87B0174680460C46E9
S3150200952803938B685A1EB2F5AE7F0A4689BF6FF45B
S31502009538AE754FF0000B03EB050B40F25D134FF0CF
S31502009548000588BF8B600B68AA46A946029543F4B4
S31502009558F06342F81C3B16460192CDE90455A2680F
S3150200956852B13B681B784E2B64D8402B3CD8A3F1EA
S315020095782B01C8B20E283AD9B9F1000F03D02368D5
S3150200958823F4807323600AF1FF3ABAF1010F00F25D
S315020095981781019B9E4200F20881012007B0BDE8AF
S315020095A8F08FA3F161020D2AE6D801A151F822F043
S315020095B8FF960002819500028195000281950002BC
S315020095C85F97000237970002819500028195000293
S315020095D80D9700028195000281950002819500028D
S315020095E881950002C5960002A3F14102DBE70E2926
S315020095F8C2D801A050F821F0B59600028195000262
S31502009608B59600024B970002819500025D9600020C
S315020096189B9600029B9600029B9600029B9600026E
S315020096289B9600029B9600029B9600029B9600025E
S315020096389B9600026E2B09D8602BB2D8542B7BD08E
S31502009648592B99D1072D97D108252CE0742B73D065
S31502009658792BF6E72168C8051BD521F0800109F1A7
S3150200966801092160BBF1000F03D001320BF1FF3B68
S31502009678A260A368013BA3602369013323617B6867
S31502009688013B002B7B6040F387803B6801333B60DC
S3150200969865E71AEB05017FF46FAF22680D468A4625
S315020096A822F4C072226006F8013BE2E7226810063D
S315020096B87FF562AF22F080022260F4E7BAF1000F6A
S315020096C80ED1B9F1000F0ED1226802F4E061B1F5AC
S315020096D8E06F08D122F4F0624FF0010A2260E2E755
S315020096E8BAF1020F55D0012D02D0042D7FF444AFF2
S315020096F80135EDB2D7E7BAF1010F7FF43DAF4FF06E
S31502009708020AD0E77DB9B9F1000F7FF438AF2268B3
S3150200971802F4E061B1F5E06F40F0008122F4F062F4
S3150200972801252260BFE7032DE2D0052DDEE7022DD3
S315020097387FF422AF0325B6E7062D7FF41DAF072572
S31502009748B1E7226891057FF517AF22F42072CDF8AA
S3150200975808902260A7E7226802F4A061B1F5806F3B
S3150200976806D050057FF508AFB9F1000F00F0D68094
S31502009778910522F4F06258BF029942F4C07258BFAA
S31502009788A9EB010122604FF0000958BFCDE9041682
S3150200979889E74FF0030A86E7D4F88031394640460E
S315020097A8984700283FF4DBAEE6E6D4F87C313A4621
S315020097B816F8011D404698472369013B2361E8E6EE
S315020097C86B1E062B24D8022D36D8019B9E427FF6A5
S315020097D8E4AED4F87C313A4616F8011D404698475D
S315020097E82369013B2361F0E7D4F87C313A461BF83A
S315020097F8011D404698472369013B23610AF1FF3A56
S315020098085FFA8AFABAF1020FEED1033DEDB2761B80
S315020098182368DA052FD55B0511D5019B9E427FF693
S31502009828BCAED4F87C313A4616F8011D4046984734
S315020098382369013B2361F0E7AA46B346DEE716F839
S31502009848011C751E2369652903F1FF3323610CD0B8
S3150200985845290AD0D4F87C313A464046B51E98477F
S31502009868236916F8021C013B23612E46D4F87C3183
S315020098783A4640469847226812F0100201D0002064
S315020098888CE63270236803F4C063B3F5806F1AD18D
S31502009898029B9945A3EB090221D100220199404670
S315020098A8FFF79CF92168039B11F0020F1B6803F16D
S315020098B804021FD003990A601B6883ED000BE36854
S315020098C80133E360DBE7049B002BE6D005990A2304
S315020098D84046013102F02AF8049B059EC21A04F298
S315020098E86F1310499E4228BF04F5B776304600F03A
S315020098F851F8D2E711F0040F03990A60DCD1B4EEED
S31502009908400B1D68F1EE10FA05D70748FCF778FCFC
S3150200991885ED000AD3E7B7EEC00BF9E74FF0000969
S3150200992831E600BF96CA0002F1CB00020CB4184B0E
S3150200993830B50C1E9DB01D6808DA8B234FF0FF3038
S315020099482B601DB0BDE8304002B070474FF4027379
S315020099580290069002A9ADF8143014BF04F1FF3341
S315020099682346209A2846049307934FF6FF73ADF8C9
S31502009978163021AB019302F043F8431CBCBF8B237C
S315020099882B60002CDDD0029B00221A70D9E700BF9B
S315020099988C0100220EB400B59CB06FF000411DABDD
S315020099A802900690079104910848094953F8042B36
S315020099B8059102A90068019302F022F8029B00228F
S315020099C81A701CB05DF804EB03B070478C010022D4
S315020099D80802FFFF30B514469BB005461A46002C0E
S315020099E805DA8B2303604FF0FF301BB030BD4FF40E
S315020099F80273009104916946ADF80C3014BF04F164
S31502009A08FF332346029305934FF6FF73ADF80E30E4
S31502009A181E9B01F0F5FF431CBCBF8B232B60002C59
S31502009A28E3D0009B00221A70DFE7000007B5009317
S31502009A3813460A46014603480068FFF7CBFF03B000
S31502009A485DF804FB8C0100220139024410B59042EC
S31502009A5801D1002005E0037811F8014FA34201D095
S31502009A68181B10BD0130F2E702440346934200D1A7
S31502009A78704703F8011BF9E710B56AB10139841872
S31502009A8810F8012B11F8013F9A4203D1A04201D0E6
S31502009A98002AF5D1D01A10BD1046FCE70139034653
S31502009AA810B532B111F8014F013A03F8014B002CF7
S31502009AB8F7D11A440021934200D110BD03F8011BC5
S31502009AC8F9E71F2938B505460C4604D9162303605B
S31502009AD84FF0FF3038BDC26B12B152F821304BB984
S31502009AE8284600F035F8224601462846BDE83840A1
S31502009AF800F01CB8012B0AD0591C03D116230360A7
S31502009B080120E7E70021204642F824109847002062
S31502009B18E0E70000024B01461868FFF7D2BF00BF14
S31502009B288C010022004870471001002238B5002334
S31502009B38064D0446084611462B6002F001F9431CFD
S31502009B4802D12B6803B1236038BD00BF9C0C0322E7
S31502009B5802F0EEB838B50023054D044608462B60D8
S31502009B68FBF7A8FC431C02D12B6803B1236038BD5E
S31502009B789C0C0322014B1868704700BF8C01002217
S31502009B887047704710F8012B11F8013B012A28BFCC
S31502009B989A42F7D0D01A7047C9B20346024410B5A2
S31502009BA89342184601D1002003E0047801338C421F
S31502009BB8F6D110BD0A44431E914200D1704710B532
S31502009BC811F8014B914203F8014FF9D110BD034632
S31502009BD813F8012B002AFBD1181A01387047000026
S31502009BE89FED010B704700BF000000000000F87FE0
S31502009BF82DE9F74F036907460C69A342C0F2838031
S31502009C08013C00F1140501F11408A30055F82420BB
S31502009C1808EB8409009305EB8403019358F8243072
S31502009C2801339A42B2FBF3F631D34FF0000AC44627
S31502009C38AE46D3465CF8043B98B2E1454FEA134375
S31502009C4806FB00A04FEA104280B206FB0323DEF8A9
S31502009C58002092B24FEA134AA2EB00029BB2DEF848
S31502009C6800005A44C3EB224392B203EB104342EA82
S31502009C7803424FEA234B4EF8042BDBD2009BEB58E8
S31502009C882BB9019B043B9D421A4630D33C613846A8
S31502009C9801F0DEFB002826DB2946002058F8042BB3
S31502009CA8D1F800C01FFA82FEC1451FFA8CF34FEAAB
S31502009CB81242A3EB0E030344C2EB23429BB202EB0E
S31502009CC81C4243EA02434FEA224041F8043BE5D2EA
S31502009CD855F8242005EB840322B9043B9D421A4613
S31502009CE80BD33C610136304603B0BDE8F08F1268EB
S31502009CF8043B002ACAD1013CC5E71268043B002A84
S31502009D08EFD1013CEAE70020EEE700000000000080
S31502009D182DE9F04FC76981462DED028B91B055ECBE
S31502009D28104B1C9E069109920C938DED020B7FB97E
S31502009D381020FEF7DBF80246C9F81C0020B99E4B34
S31502009D48EF219E48FBF78FFAC0E901770760C760E3
S31502009D58D9F81C30196859B15A6801234846934004
S31502009D684A608B6001F0F4F8D9F81C3000221A60B8
S31502009D782B1EB7BF23F00043002301220393ACBF77
S31502009D88336032608E4B039EB34310D142F20F7397
S31502009D980C9A1360C6F31303234300F0D5841D9B64
S31502009DA8884F002B00F0D784FB1C00F0D2BC9DED37
S31502009DB8028BB5EE408BF1EE10FA0AD101230C9A0A
S31502009DC813601D9B13B1804B1D9A13607F4F00F0E1
S31502009DD8C2BC0EAAB0EE480B0FA9484601F060FCB9
S31502009DE8C6F30A530E9A0190002B45D018EE901A24
S31502009DF8B0EE487BA3F2FF330025C1F3130141F00D
S31502009E087F5141F44011B7EE086B07EE901A9FEDA9
S31502009E18645B37EE467B9FED646BA7EE056B07EE38
S31502009E28903AB8EEE74B9FED625BB0EE467BA4EE46
S31502009E38057BB5EEC07BFDEEC76BF1EE10FA16EEAA
S31502009E48908A08D5B8EEE66BB4EE476BF1EE10FAD7
S31502009E5818BF08F1FF38B8F1160F2DD85C4901EB87
S31502009E68C80191ED007BB4EEC78BF1EE10FA01D56D
S31502009E7808F1FF38002120E00F9B0125134403F265
S31502009E8832412029C9BFC1F14001C1F120018E40EA
S31502009E9803F21241D8BF04FA01F103F1FF33C4BF3A
S31502009EA824FA01F1314307EE901AB8EE677B17EEF2
S31502009EB8901AA1F1F871A6E70121D21A0B91531E45
S31502009EC8059345BFC2F10103002200230592B8F1AA
S31502009ED8000F17DB059ACDF8288042440592002226
S31502009EE80792069A092A42D8052AC5BF043A0024C7
S31502009EF801240692069A023A032A43D8DFE802F0B8
S31502009F083335160AC8F10002A3EB080307920022AA
S31502009F180A92E6E701220892099A08EB020B0BF16C
S31502009F28010A5246012AB8BF012206E00122089216
S31502009F38099A002A29DD93469246D9F81C7000210F
S31502009F48042000F11406964226D9796048460493FD
S31502009F5800F0BEFF049B074600283DD11D4B024672
S31502009F6840F2AF11EDE60022E1E70022D3E7012431
S31502009F780022089406924FF0FF3B00211222DA468D
S31502009F880991DAE701220892F5E74FF0010BDA4662
S31502009F985A46CDF824B0D0E701314000D1E700BFD8
S31502009FA861436F63A787D23FB3C8608B288AC63FCF
S31502009FB8FB799F501344D33FB0CA0002C7CA0002B6
S31502009FC80000F07FACCA000273CA000272CA00021D
S31502009FD888CC000220CB0002D9F81C20BAF10E0F59
S31502009FE810606ED8002C6CD0B8F1000F40F3B48024
S31502009FF808F00F01C74A18F4807F02EBC1024FEA44
S3150200A008281192ED007B00F09B80C34A01F00F01F4
S3150200A01892ED086B032288EE066B8DED026BBE4845
S3150200A028002940F08F809DED026B86EE077B8DED51
S3150200A038027B0B999DED027B002900F0B380B7EEF7
S3150200A048006BB4EEC67BF1EE10FA40F1AB80BAF1C2
S3150200A058000F00F0A780BBF1000F30DDB2EE046BF3
S3150200A06808F1FF3101325C46049127EE067B8DED3D
S3150200A078027B07EE902AB1EE0C5B9DED026BB8EE01
S3150200A088E77BA7EE065B15EE902A51EC150BA2F1BB
S3150200A0985071002C40F08A80B1EE047B36EE476B95
S3150200A0A841EC170BB4EEC76BF1EE10FA00F35D82C2
S3150200A0B8B1EE477BB4EEC76BF1EE10FA23D48DED01
S3150200A0C8028B0F990029C0F22981B8F10E0F00F30D
S3150200A0D82581904B03EBC80393ED006B099B002B7C
S3150200A0E880F2C880BAF1000F00F3C4800BD1B1EE3A
S3150200A0F8047B26EE076B9DED027BB4EEC76BF1EE91
S3150200A10810FAC0F22F8200242546099B3E46DB43FD
S3150200A11804934FF000082146484600F019FF002D27
S3150200A12800F0A280B8F1000F05D0A84503D0414639
S3150200A138484600F00DFF2946484600F009FF93E01D
S3150200A14802226CE7CC0704D5013290ED006B27EEAC
S3150200A158067B4910083063E722D0C8F100016D4A30
S3150200A168002401F00F00091102EBC0026A4892EDC1
S3150200A178007B022228EE077B8DED027B29B9002C93
S3150200A1883FF457AF8DED027B53E7CE0705D5013273
S3150200A198012490ED006B27EE067B49100830EDE7A7
S3150200A1A8022246E75446CDF8108062E7594A02EB86
S3150200A1B8C4023C4412ED024B089A41EC170B4AB30F
S3150200A1C8B6EE003B3E46B7EE002B83EE045BB2EEDC
S3150200A1D8043B35EE477BFDEEC64BB8EEE45B14EE68
S3150200A1E8902A303236EE456B06F8012BB4EEC76B71
S3150200A1F8F1EE10FA38D432EE465BB4EEC75BF1EEF6
S3150200A20810FA6ED4A6423FF45AAF27EE037B26EE27
S3150200A218036BE0E727EE047B21463E46B2EE043B9B
S3150200A228FDEEC64B14EE902AB8EEE45B303236EEFB
S3150200A238456B06F8012BA64219D1B6EE005B37EE3E
S3150200A248054BB4EEC46BF1EE10FA4ADC35EE475B09
S3150200A258B4EEC56BF1EE10FA7FF531AF0E46013951
S3150200A26816F8013C302BF9D0DDF8108027E026EEEF
S3150200A278036BD5E79DED027BB2EE044B3E4687EEB5
S3150200A288065BBDEEC55B15EE103AB8EEC53B30333C
S3150200A298A3EE467B06F8013BF31B9A4532D137EE0D
S3150200A2A8077BB4EEC67BF1EE10FA18DCB4EE467BF9
S3150200A2B8F1EE10FA03D115EE103ADB070FD4019925
S3150200A2C8484600F045FE00230C9A337008F1010354
S3150200A2D813601D9B002B00F03E821E603BE2CDF808
S3150200A2E8108033461E4613F8012D392A06D19F429D
S3150200A2F8F8D1049A0132049230223A701A7801325D
S3150200A3081A70B1E727EE047BB5EE407BF1EE10FA40
S3150200A318B5D1D4E788CC000260CC0002089A002A9C
S3150200A32800F0E580069A012A00F3C680002D00F0A7
S3150200A338BF8001F23341079C1E460B4448460493EC
S3150200A348059B0B440121059300F002FF049B054679
S3150200A35856B1059A002A07DDB2420599A8BF3246C8
S3150200A3689B1AB61A8A1A0592079A12B3089A002AEB
S3150200A37800F0C1809CB12946224648460D9300F05A
S3150200A388A1FF019A01460546484600F0F7FE0199E3
S3150200A3980490484600F0DCFD049A0D9B0192079A48
S3150200A3A8121B06D004930199484600F08BFF049BC2
S3150200A3B8019001214846049300F0CAFE0A9A04460F
S3150200A3C8049B002A00F0CD810146484600F07AFF38
S3150200A3D8069B0446012B049B00F39480029A002AEA
S3150200A3E840F08C80039AC2F31302002A40F0888058
S3150200A3F8039A22F00042120D120522B1059A013380
S3150200A40801320592012207920A9A002A00F0AF81C8
S3150200A4182269049304EB8202106900F04DFE049B44
S3150200A428C0F12000059A104410F01F0075D0C0F143
S3150200A4382002042A69DDC0F11C00059A034402447D
S3150200A44806440592002B05DD1A460199484600F096
S3150200A45893FF0190059B002B05DD21461A464846C7
S3150200A46800F08AFF04460B9B002B58D02146019820
S3150200A47800F0EEFF002852DA08F1FF330A220199AA
S3150200A48848460493002300F085FD089B0190002BA3
S3150200A49800F06F81294600230A22484600F07AFD19
S3150200A4A8BBF1000F054666DC069B022B40DC62E028
S3150200A4B80E99C1F136013EE70AF1FF34079AA24224
S3150200A4C807DBBAF1000FA2EB04040CDB1E46514669
S3150200A4D833E7079A1E460A99A21A079400241144DA
S3150200A4E80A91514629E7A3EB0A06002125E7079CAC
S3150200A4F81E46089D2CE7079A049354E7002282E732
S3150200A508029A80E70022079282E79BD01C320599BD
S3150200A518114413441644059194E70246F6E7BAF144
S3150200A528000FD346CDF8108021DC069B022B1EDDD8
S3150200A538BBF1000F7FF4E9AD21465B46052248468A
S3150200A54800F028FD01460446019800F081FF002824
S3150200A5587FF7DBAD31233E4606F8013B049B013308
S3150200A5680493D6E55446CDF810802546F2E7089BB3
S3150200A578002B00F00281002E05DD294632464846A8
S3150200A58800F0FAFE0546079B002B58D06968484634
S3150200A59800F09EFC064628B9824B024640F2EF219D
S3150200A5A8FFF7CFBB2A6905F10C010C300232920083
S3150200A5B8FFF700FB01223146484600F0DDFE7B1C10
S3150200A5C8A8460546059307EB0B030993029B03F07E
S3150200A5D801030893059B2146019803F1FF3BFFF708
S3150200A5E807FB4146029000F1300A019800F030FF5D
S3150200A5F82A4607902146484600F046FFC2680646A4
S3150200A608FAB90146019800F023FF02463146484648
S3150200A6180A9200F09DFC0A9ADDE9056342EA030103
S3150200A628089B19430FD1BAF1390F28D0079B002B83
S3150200A63802DD029B03F1310A8BF800A06BE528467E
S3150200A648BDE70122E2E7079B002B04DB06990B43D1
S3150200A65808990B4320D1002AEEDD012201994846CA
S3150200A66800F08AFE2146019000F0F2FE002803DC83
S3150200A678E2D11AF0010FDFD0BAF1390FD9D1392355
S3150200A6888BF8003033461E46013B16F8012C392A50
S3150200A69852D001321A703EE5002A07DDBAF1390FA7
S3150200A6A8EDD00AF101038BF8003034E5059B099ACF
S3150200A6B803F801AC934229D000230A22019948469D
S3150200A6C800F068FCA84501904FF000034FF00A021B
S3150200A6D84146484607D100F05DFC80460546059B83
S3150200A6E80133059376E700F055FC29468046002398
S3150200A6F80A22484600F04EFC0546F0E7BBF1000F79
S3150200A7084FF00008CCBF5E4601263E44012201995D
S3150200A718484600F031FE2146019000F099FE0028D5
S3150200A728B0DC02D11AF0010FACD133461E4613F83B
S3150200A738012D302AFAD0EEE49F42A4D1049B0133BC
S3150200A748049331233B70E6E41D9B174F1BB107F1B7
S3150200A75808031D9A1360384611B0BDEC028BBDE89A
S3150200A768F08F069A012A7FF739AE0A9A07920120D4
S3150200A77858E6BBF1000F7FF7D8AE3E462146019850
S3150200A788FFF736FA00F1300A06F801ABF21B9345D9
S3150200A798B4DD00230A220199484600F0FBFB01902A
S3150200A7A8ECE700BF20CB0002A3CA000238B5054673
S3150200A7B8002941D051F8043C0C1F002BB8BFE418FD
S3150200A7C8FDF746FC1D4A136833B9636014602846D0
S3150200A7D8BDE83840FDF742BCA34208D920682118D3
S3150200A7E88B4201BF19685B6809182160EDE71A46B2
S3150200A7F85B680BB1A342FAD911685018A0420BD173
S3150200A80820680144501811608342E0D118685B68D9
S3150200A818084453601060DAE702D90C232B60D6E7A6
S3150200A828206821188B4202BF19685B6809186360A1
S3150200A83808BF21605460CAE738BD00BF600B032217
S3150200A84803694A11B3EB611F2DE9F04300F11404C1
S3150200A85845DD11F01F0104EB830604EB82050CD1DA
S3150200A86800F110072946B14234D39B1AEA1E9B000F
S3150200A878964238BF0023234415E054F82270C1F1EA
S3150200A888200805F1040EA146CF407645F44615D8B0
S3150200A8989A1A01359200043AAE4238BF0022A3182A
S3150200A8A8A75007B104331A1BA3424FEAA20208BFF4
S3150200A8B80023026108BF4361BDE8F083DCF800C0EB
S3150200A8C80CFA08FC4CEA070749F8047B5EF8047B95
S3150200A8D8CF40DAE751F804CB47F804CFC3E723465B
S3150200A8E8E1E7A0F13003092B02D82038C0B270473D
S3150200A8F8A0F16103052B01D84738F7E7A0F1410318
S3150200A908052B01D82738F1E7002070472DE9F04FCB
S3150200A91885B08A46904602930B6801909C1CA14614
S3150200A92814F8010B3028FAD0A9EB0303A3F1020BA2
S3150200A938FFF7D7FF0546002866D101229E494846F9
S3150200A948FFF79AF80746002865D199F801002646C6
S3150200A958FFF7C7FF002860D02346187899460133C7
S3150200A9683028FAD0FFF7BDFFB0FA80F54FF0010B99
S3150200A9786D094A46164601323078FFF7B2FF0028BB
S3150200A988F8D101228C493046FFF776F800283ED1E5
S3150200A99844B9741C2246164601323078FFF7A1FFE5
S3150200A9A80028F8D1A41BA700337803F0DF03502B45
S3150200A9B83DD173782B2B32D02D2B33D0711C00242A
S3150200A9C80878FFF78EFF431EDBB2182B2FD8A0F1AB
S3150200A9D8100211F8010FFFF784FF00F1FF3C0A236A
S3150200A9E85FFA8CFCBCF1180F1ED904B15242174407
S3150200A9F8CAF80010EDB1BBF1000F0CBF0625002501
S3150200AA08284605B0BDE8F08F00252C46B1E7002C94
S3150200AA18C8D12746C8E74E462F460125C4E7002473
S3150200AA28B11CCDE70124FBE703FB0200CFE7314661
S3150200AA38DEE7A6EB09032946013B072B0ADC019848
S3150200AA4800F046FA044640B95C4B0246E4215C48EB
S3150200AA58FAF709FC01315B10EFE700F1140A00234B
S3150200AA6855469B46B14537D345F804BBA5EB0A05BF
S3150200AA785846AD1025616D0100F01EFBD8F800603E
S3150200AA882D1AB54254DDAD1B2046294600F0B2FE0A
S3150200AA98814678B16B1E4FF00109591103F01F0266
S3150200AAA85AF8211009FA02F20A4203D04B4536DC5B
S3150200AAB84FF002092F4429462046FFF7C1FED8F86F
S3150200AAC80830BB4242DA2146019800F041FA0023D7
S3150200AAD80E9AA325136093E716F8012D2E2A12D093
S3150200AAE8202B04D145F804BB4FF0000B5B463078A7
S3150200AAF80393FFF7F6FE039B00F00F00984004331A
S3150200AB084BEA000BAEE7B145EAD801222A4930469C
S3150200AB180393FEF7B1FF039B0028E1D1A2E7A91E22
S3150200AB28204600F067FE0028C2D04FF00309C1E7AD
S3150200AB3809DA751B214601982A467F1B00F01CFC80
S3150200AB48044600F1140A4FF00009B8E7D8F8045091
S3150200AB58BD426FDDED1BAE4234DCD8F80C30022B59
S3150200AB6822D0032B24D0012B15D1AE4213D1012EAC
S3150200AB780BD1D8F804306225029A136001232361A7
S3150200AB88CAF800300E9B1C603AE7711E204600F098
S3150200AB9831FE0028EDD12146019800F0D9F90023AB
S3150200ABA80E9A502513602BE70F9B002BF3D1E0E793
S3150200ABB80F9B002BDDD1EEE760CA000220CB000214
S3150200ABC831CB00026F1EB9F1000F30D127B13946D9
S3150200ABD8204600F00FFE81467A11012307F01F076F
S3150200ABE829465AF822202046BB40761B02251342E4
S3150200ABF818BF49F00209FFF723FED8F80470B9F125
S3150200AC08000F47D0D8F80C30022B15D0032B17D0DB
S3150200AC18012B09D119F0020F06D0DAF8003049EAF9
S3150200AC28030919F0010F0ED145F0100532E04FF075
S3150200AC380109D1E70125E2E70F9BC3F101030F934F
S3150200AC480F9B002BF0D0D4F810B004F114034FF088
S3150200AC58000C4FEA8B0A03EB8B01184653F8042BB8
S3150200AC68B2F1FF3F1BD001320260022D04F1140338
S3150200AC783CD1D8F80020013AB24209D17111012219
S3150200AC8806F01F0653F8213002FA06F61E423AD19A
S3150200AC9845F020050E9B1C60029B1F60B0E6994298
S3150200ACA843F804CCD9D8A3689B4517DB6168019899
S3150200ACB8013100F00DF9814618B91A4B0246842172
S3150200ACC8C5E6226904F10C010C3002329200FEF745
S3150200ACD871FF21464C46019800F03AF923695A1C3D
S3150200ACE804EB8303226101225A61BEE722695A45AF
S3150200ACF80BDD01212046FFF7A3FD0137D8F80830FE
S3150200AD08BB42FFF6E0AE0125C2E716F01F06FAD0EF
S3150200AD185344C6F1200653F8040C00F0CDF9B042AC
S3150200AD28E7DBF0E720CB0002C2F10802920070B519
S3150200AD38C2F120064368046803FA06F5D3402C4399
S3150200AD48046040F8043F8842F4D370BD03680133B7
S3150200AD5830B511F8014B14B90360012030BD13F860
S3150200AD68012BA2F14105192D98BF2032A242F0D03B
S3150200AD780020F3E70B6801682DE9F04F5E1113F026
S3150200AD881F034FF0000587B002EB860682469046FF
S3150200AD98AB4618BF043601930295371F46F8045C82
S3150200ADA8B9463C464B1C4A78039342B31046059172
S3150200ADB80492FFF796FD002851D1049A0599202A94
S3150200ADC818D8029B9B4513DD4C4506D2072D04DC99
S3150200ADD82A4649462046FFF7A7FF444551D900238C
S3150200ADE8A4F10409CDF808B044F8043C1D464C46C3
S3150200ADF80399D7E7292A56D10231CAF80010BBF1BE
S3150200AE08000F50D04C4506D2072D04DC2A46494687
S3150200AE182046FFF789FF444535D9A8F1040223469F
S3150200AE2853F8041B9F4242F8041FF9D23B1B033E08
S3150200AE380134002223F003030433B44288BF0423F7
S3150200AE48434443F8042B9F42FBD23B681BB9474550
S3150200AE5827D101233B60052007B0BDE8F08F0135F5
S3150200AE680BF1010B082D05DD4445C1D90023043C2D
S3150200AE7801252360226800F00F0040EA02102060D4
S3150200AE88B6E70825B4E7019B002BDED0C3F1200301
S3150200AE984FF0FF32DA4056F8043C134046F8043CB9
S3150200AEA8D3E7043FD1E70420D6E782B001B901A966
S3150200AEB842B14BB113780B601278101E18BF0120ED
S3150200AEC802B070471046FBE76FF00100F8E7000092
S3150200AED870B5C66904460D4676B91020FDF706F820
S3150200AEE80246E06120B9184B6B211848FAF7BBF9FC
S3150200AEF8C0E901660660C660E669F36883B1E3697C
S3150200AF08DB6853F82500B8B90121204601FA05F68F
S3150200AF18721D920000F08AFE60B1C0E901560EE089
S3150200AF2821220421204600F081FEE369F060DB68F5
S3150200AF38002BE4D1002070BD026843F825200023C7
S3150200AF48C0E90333F7E700BFB0CA000292CB00029A
S3150200AF5870B5C66905460C4676B91020FCF7C6FFD9
S3150200AF680246E86120B9094B8F210948FAF77BF9AD
S3150200AF78C0E901660660C6603CB1EB696268DB68D7
S3150200AF8853F82210216043F8224070BDB0CA00026D
S3150200AF9892CB00022DE9F04101F1140C07460C464A
S3150200AFA81E460D690020DCF80030013099B2854250
S3150200AFB802FB01614FEA13464FEA114389B202FBCB
S3150200AFC8063301EB03414FEA13464CF8041BEADC4D
S3150200AFD80EB3A368AB4219DC616838460131FFF744
S3150200AFE877FF804628B902460C4BBA210C48FAF775
S3150200AFF83AF9226904F10C010C3002329200FEF78A
S3150200B008D9FD214644463846FFF7A2FF04EB8503DD
S3150200B01801355E6125612046BDE8F08120CB00023C
S3150200B02892CB00022DE9F84315461F46092208333A
S3150200B0380C460646002193FBF2F301229A4209DBEB
S3150200B0483046FFF745FF40B90246194BD321194846
S3150200B058FAF709F952000131F0E7089B092D436115
S3150200B0684FF00103036116DD04F109092C44C846B1
S3150200B07818F8013B01460A223046303BFFF78AFFA1
S3150200B088A045F5D1A5F108044C442D1B6319BB4212
S3150200B09804DBBDE8F8830A340925F6E714F8013B10
S3150200B0A801460A223046303BFFF774FFEEE700BF3F
S3150200B0B820CB000292CB0002B0F5803F034636BF92
S3150200B0C8030400201020B3F1807F3CBF1B02083026
S3150200B0D8B3F1805F3CBF1B010430B3F1804F3CBF24
S3150200B0E89B000230002B05DB13F0804F00F10100B4
S3150200B0F808BF202070470368024613F007000BD0EA
S3150200B108D90721D4980747BF5B0801209B0802206C
S3150200B1184CBF13601360704799B209B91B0C102013
S3150200B128D9B209B908301B0A190704BF1B0904302A
S3150200B138990704BF9B080230D90703D45B0800F1BC
S3150200B148010003D013607047002070472020704723
S3150200B15810B50C460121FFF7BBFE024628B9054B7E
S3150200B16840F245110448FAF77EF801234461036167
S3150200B17810BD00BF20CB000292CB00022DE9F04F92
S3150200B18817460A69894685B03B699A42A2BF3B4679
S3150200B1980F4699463D69BB68D9F810A0796805EB50
S3150200B1A80A06B342B8BF0131FFF792FE30B902462A
S3150200B1B8424B4FF4B1714248FAF755F800F11404BC
S3150200B1C8002204EB860E2346734520D307F11408A2
S3150200B1D809F1140108EB850501EB8A030293EB1BBF
S3150200B1E81537153B23F003030433BD4238BF042346
S3150200B1F80193029B03918B420CD8002E03DD5EF865
S3150200B208043D002B57D0066105B0BDE8F08F43F820
S3150200B218042BD9E7B1F800A0BAF1000F21D0C44631
S3150200B228A14600275CF8042BD9F800301FFA82FBE6
S3150200B23865459BB24FEA12420AFB0B333B44D9F8E7
S3150200B24800704FEA17470AFB027202EB13429BB2DF
S3150200B2584FEA124743EA024349F8043BE2D8019B04
S3150200B268E750039B0431B3F80290B9F1000F20D0DE
S3150200B27823684746A4464FF0000AB7F800B09BB2C7
S3150200B288BCF8022009FB0B22524443EA02434CF85B
S3150200B298043B57F8043B4FEA134ABCF80030BD4258
S3150200B2A809FB0A3303EB12434FEA134AE5D8019A1C
S3150200B2B8A35004349DE7013E9FE700BF20CB00025E
S3150200B2C892CB00022DE9F843154612F0030207460F
S3150200B2D80E4607D0013A254C002354F82220FFF7E0
S3150200B2E859FE0646AD103DD0FC697CB91020FCF724
S3150200B2F8FDFD0246F86128B91D4B40F2B3111D48FF
S3150200B308F9F7B1FFC0E901440460C460D7F81C80AC
S3150200B318D8F808404CB940F271213846FFF718FFB1
S3150200B32800230446C8F8080003604FF00009EB073B
S3150200B3380AD5314622463846FFF720FF804631466F
S3150200B34838464646FFF704FE6D100BD0206838B91A
S3150200B358224621463846FFF711FF2060C0F80090C2
S3150200B3680446E4E73046BDE8F88300BF50CC000245
S3150200B378B0CA000292CB00022DE9F0470C460746F6
S3150200B38891464FEA621A2369496803EB6218A36871
S3150200B39808F10106B3420BDB3846FFF799FD05466D
S3150200B3A848B90246284B4FF4EF712848F9F75BFF74
S3150200B3B801315B00EEE7002300F1140100F11002EF
S3150200B3C81846534533DB2AEAEA7A04F1140320695C
S3150200B3D819F01F0901EB8A0103EB800C2BD0C9F186
S3150200B3E8200E8A460022186800FA09F010434AF825
S3150200B3F8040B53F8042B9C4522FA0EF2F3D8ACEB55
S3150200B408040304F11500153B23F0030304336045D6
S3150200B41888BF0423CA500AB108F10206013E38461B
S3150200B42821462E61FFF794FD2846BDE8F0870133D1
S3150200B43842F8040FC5E7043953F8042B9C4541F832
S3150200B448042FF9D8EAE700BF20CB000292CB00020C
S3150200B45803460A690069801A30B50ED114331431CD
S3150200B46803EB820401EB820154F8045D51F8042DC2
S3150200B478954203D005D24FF0FF3030BDA342F3D335
S3150200B488FBE70120F9E700002DE9F74F8946064652
S3150200B498114614464846FFF7DBFF051E12D1294618
S3150200B4A83046FFF715FD024628B9414B40F23721CF
S3150200B4B84048F9F7D8FE0123C0E90435104603B01F
S3150200B4C8BDE8F08FBCBF4B46A1463046B8BF012542
S3150200B4D8D9F80410B4BF1C460025FFF7F9FC02464A
S3150200B4E818B9334B40F24521E2E7D9F8107004F156
S3150200B4F8140E266900F1140BC56009F1140509F149
S3150200B50810030EEB860605EB8708D9464FF0000CAA
S3150200B5180193019B5EF8040B53F804AF7645019339
S3150200B5281FFA8AF3194683B24FEA1040A1EB0303C6
S3150200B538C0EB1A40634400EB23409BB24FEA204C0F
S3150200B54843EA004349F8043BE3D8331B1534153B59
S3150200B55823F003030433A64238BF04231D445B4485
S3150200B5682C461E4644450ED308F10301491B033DEA
S3150200B57821F00301A84538BF00210B4453F8041DE6
S3150200B58899B117619AE754F8041BE6461FFA81FC3B
S3150200B598080C7144F44489B200EB2C4041EA00419C
S3150200B5A84FEA204C46F8041BDCE7013FE6E700BFFA
S3150200B5B820CB000292CB000282B0114B8DED000B1C
S3150200B5C8019A1340A3F15073002B08DC5B42B3F1D6
S3150200B5D8A07F4FEA235204DA4FF4002313410022D4
S3150200B5E808E0A2F114031E2BD6BF4FF00042012237
S3150200B5F8DA4000231946104641EC100B02B0704798
S3150200B6080000F07F2DE9F041066900F1140808EB05
S3150200B618860656F8042C371F1046FFF74DFDC0F173
S3150200B62820030A280B601D4916DCC0F10B0CB8452D
S3150200B63800F1150022FA0CF302FA00F043EA0105BA
S3150200B64834BF56F8083C002323FA0CF303431C467E
S3150200B65845EC104BBDE8F081B8453ABFA6F108079C
S3150200B66856F8083C00230B3814D0C0F1200182405A
S3150200B678474523FA01F403FA00F342EA040242F0C8
S3150200B6887F558CBF57F8042C002245F44015CA4052
S3150200B6981343DCE742EA0105D9E700BF0000F03FA1
S3150200B6A82DE9F7430F460121164659EC108BFFF791
S3150200B6B80FFC044630B90246234B40F20F312348A9
S3150200B6C8F9F7D1FDC9F30A55C9F313030DB143F4CA
S3150200B6D880130193B8F1000323D068460093FFF75D
S3150200B6E80AFDDDE90012D0B1C0F1200302FA03F324
S3150200B6F8C2400B4301926361019B002BA3610CBFFD
S3150200B708012202222261A5B1A5F233450544C0F100
S3150200B71835003D603060204603B0BDE8F0836161C4
S3150200B728EAE701A8FFF7E7FC019B203001226361E3
S3150200B738E8E7A0F2324004EB820338601869FFF7A3
S3150200B748BBFCC0EB4210E5E720CB000292CB00021D
S3150200B7582DE9F74F884681466946FFF753FF01A947
S3150200B768404655EC104BFFF74DFFD8F81030D9F884
S3150200B7781020AB46A246D21ADDE9003157EC106B0F
S3150200B7885B1A03EB4213002BDBBFC3EB03333A46C8
S3150200B7982A4602EB0353CCBF02EB035B00EE903A58
S3150200B7A84BEC17AB87EE000B03B0BDE8F08F0139FF
S3150200B7B802F11403491170B501311469051F00EB32
S3150200B7C8810103EB8404A3420CD3A31A1132113B61
S3150200B7D823F00303A24288BF0023184400238842A9
S3150200B7E805D370BD53F8046B45F8046FEBE740F8D0
S3150200B7F8043BF4E700F114024B110069984210B5B4
S3150200B80811DB0ADD11F01F0107D052F8234024FA92
S3150200B81801F000FA01F18C420BD102EB8303934249
S3150200B82803D8002010BD0346F7E753F8041D002984
S3150200B838F5D00120F6E70000242B2DE9F0478646CD
S3150200B848904601D8012B06D1FEF794F91623036018
S3150200B8580020BDE8F0870D4633482A4615F8014B05
S3150200B868065D16F00806F8D12D2C10D12C78012683
S3150200B878951C33F0100215D1302C0DD12A7802F01E
S3150200B888DF02582A08D16C78023510230AE02B2CDD
S3150200B89804BF2C78951CECE7002BF6D1302C14BF8C
S3150200B8A80A23082306F1004C00220CF1FF3C10463D
S3150200B8B8BCFBF3F903FB19CAA4F13007092F0FD809
S3150200B8C83C46A3421BDD571C07D0814514D301D140
S3150200B8D8A24511DB00FB0340012215F8014BEBE7F9
S3150200B8E8A4F14107192F01D8373CEAE7A4F1610709
S3150200B8F8192F04D8573CE4E74FF0FF32EDE7531C03
S3150200B90808D122236046CEF80030B8F1000FA0D045
S3150200B918691E06E006B14042B8F1000F99D0002A26
S3150200B928F6D1C8F8001094E751CD0002FFF784BF9C
S3150200B9380346084641B1FF2A04D98A224FF0FF304E
S3150200B9481A60704701200A7070472DE9F0471F46B2
S3150200B9588E6882460C46BE4290460B682DD8B1F9CF
S3150200B9680C2012F4906F26D06569096905EB450526
S3150200B978A3EB01097B1C05EBD5754B446D109D4263
S3150200B98838BF1D46530527D52946FCF7E1FA064670
S3150200B99860B34A462169FEF70DF9A38923F4906339
S3150200B9A843F08003A38126614E446561A5EB090530
S3150200B9B826603E46A560BE4200D93E46324641460C
S3150200B9C8206800F019F9A36800209B1BA36023686E
S3150200B9D833442360BDE8F0872A4600F03BF9064661
S3150200B9E80028E0D121695046FEF7E0FE0C234FF00D
S3150200B9F8FF30CAF80030A38943F04003A381E9E780
S3150200BA082DE9F04F98468B899DB007461B060D46D1
S3150200BA18144610D50B6973B94021FCF799FA2860C8
S3150200BA28286130B90C233B604FF0FF301DB0BDE8EA
S3150200BA38F08F40236B610023CDF80C804FF001098B
S3150200BA48DFF8A081099320238DF8293030238DF859
S3150200BA582A3023469A4613F8012B0AB1252AF9D128
S3150200BA68BAEB040B0BD05B46224629463846FFF74B
S3150200BA786CFF013000F0A780099A5A4409929AF895
S3150200BA880030002B00F09F8000234FF0FF320AF1AE
S3150200BA98010A049307938DF853301A93CDE90523C7
S3150200BAA8544605224F4814F8011BFEF775F8049A06
S3150200BAB8D8B9D00644BF20238DF85330110744BFA6
S3150200BAC82B238DF853309AF800302A2B15D0079A73
S3150200BAD8544600204FF00A0C214611F8013B303B30
S3150200BAE8092B4BD9B0B1079214E0A0EB0803A24682
S3150200BAF809FA03F313430493D2E7039B191D1B6840
S3150200BB08002B0391BBBF5B4242F0020207930793E5
S3150200BB18B8BF049223782E2B0AD163782A2B32D106
S3150200BB28039B02341A1D1B6843EAE37303920593C7
S3150200BB38DFF8C0A0032221785046FEF72DF838B167
S3150200BB48A0EB0A004022049B01348240134304936B
S3150200BB5814F8011B062224488DF82810FEF71CF853
S3150200BB68002836D0214B1BBB039B073323F0070360
S3150200BB7808330393099B334409936AE70CFB0232A1
S3150200BB880C460120A8E7002301344FF00A0C194697
S3150200BB980593204610F8012B303A092A03D9002BBF
S3150200BBA8C6D00591C4E70CFB012104460123F0E740
S3150200BBB803AB2A4604A9384600930D4BFDF700F954
S3150200BBC8421C0646D6D1AB895B063FF52DAF0998CE
S3150200BBD82CE703AB2A4604A938460093044BFDF723
S3150200BBE87BFBEDE7ECCB0002F6CB0002C98D000227
S3150200BBF853B90002F2CB0002884210B501EB0204E7
S3150200BC0802D98442234607D8431EA14208D011F816
S3150200BC18012B03F8012FF8E7024401468A4200D1B4
S3150200BC2810BD13F8014D02F8014DF7E770B5A1FBF7
S3150200BC38025434B92946FCF78BF9064628B9304628
S3150200BC4870BD0C2200260260F9E72A462146FDF756
S3150200BC580BFFF4E72DE9F041074614460D4621B9D4
S3150200BC681146BDE8F041FCF773B92AB92546FEF735
S3150200BC789DFD2846BDE8F08100F01AF88442064682
S3150200BC8802D8B4EB500FF4D821463846FCF760F9CF
S3150200BC98804608B94546ECE7B4422246294628BFFB
S3150200BCA83246FDF787FF29463846FEF77FFDF1E75C
S3150200BCB851F8043C181F002BBCBF0B58C01870471C
S3150200BCC8024608B50B4643EC172BB5EEC07BF1EEE0
S3150200BCD810FA03D4BDE8084000F00AB8B1EE477B73
S3150200BCE851EC170B00F004F8404261EB410108BD24
S3150200BCF89FED0B6B41EC170B9FED0B5B27EE066B6B
S3150200BD08BCEEC66BB8EE464B16EE101AA4EE457B91
S3150200BD18FCEEC77B17EE900A704700BFAFF30080B0
S3150200BD28000000000000F03D000000000000F041A5
S3150200BD38024B58224FF0FF301A6070479C0C0322C0
S3150200BD48024B58224FF0FF301A6070479C0C0322B0
S3150200BD58FEE700BF5B2530326C753A2530326C75CA
S3150200BD683A2530326C752E2530336C755D2000000D
S3150200BD781B5B316D25735B25735D1B5B306D20255F
S3150200BD88730000001B5B39316D1B5B316D5B4552DD
S3150200BD98524F525D1B5B306D200000005B455252CC
S3150200BDA84F525D200000000025735B25733A256C0F
S3150200BDB8645D2025730000002573257300000000CA
S3150200BDC81B5B39326D1B5B316D5B4F4B5D1B5B3009
S3150200BDD86D2000005B4F4B5D200000001B5B393471
S3150200BDE86D1B5B316D5B494E464F5D1B5B306D20AB
S3150200BDF8000000005B494E464F5D20004B657950B6
S3150200BE086F696E74733A20452825642C25642C259F
S3150200BE186429207C252E30666D6D7C205728256482
S3150200BE282C25642C256429207C252E30666D6D7C94
S3150200BE380A0000001B5B39366D0000004A45545360
S3150200BE484F4E000055617274526563765461736B86
S3150200BE5820737461727465642E0A000025730A00E1
S3150200BE681B5B39336D000000544A432042544E008E
S3150200BE784A2564416E676C652E76616C3D256400C1
S3150200BE884A25645374617475732E7478743D22E27C
S3150200BE98978F22004A25645374617475732E7063F2
S3150200BEA86F3D256400000000475249505065726391
S3150200BEB8656E742E76616C3D2564000047524950C2
S3150200BEC85374617475732E7478743D22E2978F22C7
S3150200BED800000000475249505374617475732E70FE
S3150200BEE8636F3D256400000055495461736B2073E6
S3150200BEF87461727465642E0A0000000055493A207E
S3150200BF08677269703D252E316625250A00000000F4
S3150200BF1850726F67726573734261722E76616C3DF9
S3150200BF2825640000706167652041726D53796E63FE
S3150200BF385F4D61696E00000042545A5F5052455384
S3150200BF48534544004553544F505F50524553534549
S3150200BF58440000005245435F50524553534544003E
S3150200BF68504C41595F505245535345440000000016
S3150200BF784E6F726D616C697A655461736B20737466
S3150200BF8861727465642E0A004D6F74696F6E506C27
S3150200BF98616E6E696E675461736B20737461727435
S3150200BFA865642E0A000000006D30286469722564F3
S3150200BFB820722564206125642070256C7529206D00
S3150200BFC833286469722564207225642061256420F9
S3150200BFD870256C75290A0000504C414E000000007D
S3150200BFE8494B5461736B20737461727465642E0ACB
S3150200BFF8000000004A313D252E3166204A323D2591
S3150200C0082E3166204A333D252E3166204A343D2597
S3150200C0182E3166204A353D252E3166204A363D2583
S3150200C0282E3166207C20696E3A2045726177282572
S3150200C0382E30662C252E30662C252E306629205762
S3150200C04872617728252E30662C252E30662C252EF1
S3150200C0583066290A202070726F6A3A204528252EF2
S3150200C06830662C252E30662C252E30662920572838
S3150200C078252E30662C252E30662C252E3066292054
S3150200C0887C206C656E3A206431343D252E30662F4D
S3150200C098252E3066206432363D252E30662F252E13
S3150200C0A830662065773D252E30662F252E30660AA6
S3150200C0B8000000001B5B39326D000000494B00008E
S3150200C0C8467573696F6E5461736B2073746172740B
S3150200C0D865642E0A000000004A313D252E3166208D
S3150200C0E84A323D252E3166204A333D252E316620B9
S3150200C0F84A343D252E3166204A353D252E316620A5
S3150200C1084A363D252E3166202870697463683D25B6
S3150200C1182E30662525290A001B5B39356D0000007D
S3150200C128465553494F4E000054582D3E4D33333A27
S3150200C13820677269703D252E30662525207C206D84
S3150200C148302864697225642072256420612564207A
S3150200C15870256C75290A00001B5B39346D000000D6
S3150200C16849504300426C696E6B79797E0A00000079
S3150200C178426C696E6B000000556172745265637693
S3150200C188000000004E6F726D616C697A65000000EE
S3150200C198467573696F6E00004D6F74696F6E506CE9
S3150200C1A8616E0000435055436F6D6D00554900009E
S3150200C1B849444C4500000000546D725100000000CD
S3150200C1C8546D7220537663004E3846726565525432
S3150200C1D84F53385461736B42617365450000000022
S3150200C1E8F8C70002D0C100024E384672656552543D
S3150200C1F84F53345461736B4500000000ACC800020B
S3150200C208F0C10002E8C1000231325561727452650A
S3150200C21863765461736B0000ACC8000210C2000258
S3150200C22804C200020000000020C20002FB05000250
S3150200C238950800023655495461736B00ACC8000272
S3150200C2483CC2000204C200020000000044C200020E
S3150200C258FB050002E90A00020B0000000D000000BF
S3150200C2680B0000000C00000040BF00024CBF000299
S3150200C2785CBF000268BF000231334E6F726D616C9B
S3150200C288697A655461736B00ACC8000280C2000209
S3150200C29804C200020000000090C20002FB05000270
S3150200C2A8550E000231384D6F74696F6E506C616EAF
S3150200C2B86E696E675461736B00000000ACC80002B9
S3150200C2C8ACC2000204C2000200000000C4C200029E
S3150200C2D8FB050002E50F000236494B5461736B00F9
S3150200C2E8ACC80002E0C2000204C20002000000005C
S3150200C2F8E8C20002FB050002B1140002313046759D
S3150200C30873696F6E5461736B00000000ACC800025B
S3150200C31804C3000204C200020000000014C30002A3
S3150200C328FB0500024D1700023131435055436F6D2C
S3150200C3386D5461736B000000ACC8000230C3000282
S3150200C34804C200020000000040C30002FB0500020E
S3150200C358B518000239426C696E6B5461736B000042
S3150200C368ACC800025CC3000204C20002000000005E
S3150200C378E8C10002FB050002000000000000000000
S3150200C38804C20002FB0500020000000000000000D3
S3150200C39868C30002FB050002411D000237000000C7
S3150200C3A80000000024F4000000000000127A0000D9
S3150200C3B8000100005D3F000200000000C8C3000241
S3150200C3C800000001000000010002000007010C0243
S3150200C3D80C030C0400000000000000006D3F000280
S3150200C3E800000000F0C3000200010000080000225D
S3150200C3F80F00FFFF0000000101000000020200001A
S3150200C40807050C060C070C080000000000000000D7
S3150200C418753F00020000000024C40002000100006B
S3150200C4280C0000220F00FFFF0000000101000000BF
S3150200C438100A032244C4000254C50002090200007D
S3150200C4480C090C0A0C0B0C0C000000000000000082
S3150200C458853F00020000000064C4000200010000DB
S3150200C468100000220F00FFFF00000001010000007B
S3150200C47803020000070D0C0E0C0F0C100000000042
S3150200C488000000007D3F00020000000098C4000280
S3150200C49800010000140000220F00FFFF0000000147
S3150200C4A8010000000000000011080000351A000211
S3150200C4B8000000000D000000C8C4000200000000D1
S3150200C4C8040800000A010000100000000102000032
S3150200C4D8000001050802000000000105090200002B
S3150200C4E8000001000A020000000001000B02000021
S3150200C4F81000000003030000000001050A03000003
S3150200C5080000010402060000000001040306000000
S3150200C51800000104010800000000010402080000EE
S3150200C52800000105050900008600C402C502C6020C
S3150200C538C702D202D302D402D502030304030503B7
S3150200C5480603D902DA02DB02DC025B0005440002BA
S3150200C558FB40000203410002D543000249410002A2
S3150200C568554100023F410002694200029D41000214
S3150200C578A9410002AD4100020204030404040000BA
S3150200C5880A00000040C7000218000000C0C50002E9
S3150200C59804000000A0C50002000000680000006850
S3150200C5A8000000800000008000000070000000709B
S3150200C5B8E0010022E0010022000000680000006895
S3150200C5C8000000900001090D0000006800000068E4
S3150200C5D80000007800010B0D0000006800000068EA
S3150200C5E8000000270001020D000000680000006834
S3150200C5F8880000020001010D000000800000008092
S3150200C6080000009000010908000000800000008078
S3150200C6180000007800010B0800000080000000807E
S3150200C62800000027000102080000008000000080C8
S3150200C6388800000200010108000000700000007076
S3150200C648000000900001090A000000700000007056
S3150200C6580000007800010B0A00000070000000705C
S3150200C668000000270001020A0000007000000070A6
S3150200C678880000020001010A000000000000000014
S3150200C68800000090010109050000000000000000FA
S3150200C6980000007801010B05000000000000000000
S3150200C6A8000000270100020500000000000000004B
S3150200C6B88800000201000105000000200000002099
S3150200C6C8000000900101090400000020000000207B
S3150200C6D80000007801010B04000000200000002081
S3150200C6E800000027010002040000002000000020CC
S3150200C6F88800000201000104000000220000002256
S3150200C7080000009000010903000000220000002238
S3150200C7180000007800010B0300000022000000223E
S3150200C728000000270000020300000022DC010022AC
S3150200C738880000020000010300000068000000688B
S3150200C7480001000D00000068000000680001000DED
S3150200C7580000008000000080000100080000008040
S3150200C7680000008000010008000000700000007050
S3150200C7780001000A00000070000000700001000AB3
S3150200C7880000000000000000010000050000002073
S3150200C7980000002001000004DC010022E001002262
S3150200C7A8000000030C020222A10C0322000000036F
S3150200C7B8010002000800100020004E31305F5F635E
S3150200C7C87878616269763131375F5F636C6173735A
S3150200C7D85F747970655F696E666F4500ACC8000262
S3150200C7E8C2C70002E0C8000200000000E4C7000257
S3150200C7F8195800022D5800025D6000025D600002B1
S3150200C80897580002DB5700027F580002415800027F
S3150200C8180D5800024E31305F5F637878616269763F
S3150200C8283131355F5F666F726365645F756E77690E
S3150200C8386E644500F8C700021CC800024E31305F1C
S3150200C8485F637878616269763131395F5F666F72E4
S3150200C8586569676E5F657863657074696F6E4500B2
S3150200C868F8C7000244C800024E31305F5F63787829
S3150200C878616269763132305F5F73695F636C6173D7
S3150200C888735F747970655F696E666F4500000000B4
S3150200C898ACC8000270C80002E4C70002000000002B
S3150200C8A898C80002595F00026D5F00025D600002CF
S3150200C8B85D60000297580002DB57000231600002F1
S3150200C8C8BD5F0002815F0002537439747970655F37
S3150200C8D8696E666F00000000F8C70002D0C8000241
S3150200C8E8A2000000F9A2000083F9A2006E83F9A251
S3150200C8F84E6E83F9444E6E8315444E6E2915444E88
S3150200C908FC29154427FC29155727FC29D15727FC4A
S3150200C918F5D1572734F5D157DD34F5D1C0DD34F5D5
S3150200C928DBC0DD3462DBC0DD9562DBC0999562DB74
S3150200C9383C999562433C999590433C994190433C76
S3150200C948000000000000F03F000000000000F0BFF9
S3150200C958000000000000F0BF000000000000F03FE9
S3150200C96883C8C96D305F6441182D4454FB21F93FD1
S3150200C978000000000000F03F1C620CFDFFFFDFBF55
S3150200C988198F06E15355A53F9D359AE887C056BFCC
S3150200C998C3F87B024393F93E03A695595455C5BF7E
S3150200C9A8C40B23057610813F24CF7437EB9429BF35
S3150200C9B8000000000000F03F000000000000F0BF89
S3150200C9C8000000000000F0BF000000000000F03F79
S3150200C9D883C8C96D305F6441182D4454FB21F93F61
S3150200C9E8000000000000F0BF1C620CFDFFFFDF3FE5
S3150200C9F8198F06E15355A5BF9D359AE887C0563F5C
S3150200CA08C3F87B024393F9BE03A695595455C5BF8D
S3150200CA18C40B23057610813F24CF7437EB9429BFC4
S3150200CA2800000080DB0F4940DB0F49C0DB0F49BF1E
S3150200CA38E4CB1640E4CB16C06937AC316821223301
S3150200CA48B40F14336821A2333863ED3EDA0F493F37
S3150200CA585E987B3FDA0FC93F2E00494E4600696E43
S3150200CA6866004E414E006E616E0030003031323340
S3150200CA783435363738394142434445460030313237
S3150200CA88333435363738396162636465660065253D
S3150200CA986C64004300504F53495800496E66696EEC
S3150200CAA8697479004E614E005245454E54206D61B7
S3150200CAB86C6C6F6320737563636565646564002FC8
S3150200CAC8646174612F6A656E6B696E732F776F7214
S3150200CAD86B73706163652F474E552D746F6F6C6368
S3150200CAE86861696E2F61726D2D31332F7372632FF0
S3150200CAF86E65776C69622D63796777696E2F6E65E5
S3150200CB08776C69622F6C6962632F7374646C6962ED
S3150200CB182F64746F612E630042616C6C6F632073BD
S3150200CB287563636565646564002F646174612F6A61
S3150200CB38656E6B696E732F776F726B73706163655F
S3150200CB482F474E552D746F6F6C636861696E2F613E
S3150200CB58726D2D31332F7372632F6E65776C69622E
S3150200CB682D63796777696E2F6E65776C69622F6CAC
S3150200CB786962632F7374646C69622F6764746F6188
S3150200CB882D6765746865782E63002F646174612F5A
S3150200CB986A656E6B696E732F776F726B73706163FA
S3150200CBA8652F474E552D746F6F6C636861696E2FDA
S3150200CBB861726D2D31332F7372632F6E65776C69CF
S3150200CBC8622D63796777696E2F6E65776C69622F56
S3150200CBD86C6962632F7374646C69622F6D70726517
S3150200CBE8632E6300232D302B2000686C4C0065668B
S3150200CBF8674546470000000034000000CEFBFFFFF1
S3150200CC08CB03000001000000000000003500000010
S3150200CC18CEFBFFFFCB03000001000000000000006E
S3150200CC28BC89D897B2D29C3C33A7A8D523F64939F2
S3150200CC383DA7F444FD0FA5329D978CCF08BA5B2514
S3150200CC48436FAC642806681105000000190000004D
S3150200CC587D000000000000000080E03779C34143F0
S3150200CC68176E05B5B5B89346F5F93FE9034F384D42
S3150200CC78321D30F94877825A3CBF737FDD4F1575EE
S3150200CC88000000000000F03F000000000000244001
S3150200CC9800000000000059400000000000408F40DC
S3150200CCA8000000000088C34000000000006AF84047
S3150200CCB80000000080842E4100000000D01263416B
S3150200CCC80000000084D797410000000065CDCD41E1
S3150200CCD8000000205FA00242000000E876483742C2
S3150200CCE8000000A2941A6D42000040E59C30A24260
S3150200CCF80000901EC4BCD64200003426F56B0C43D5
S3150200CD080080E03779C3414300A0D885573476437B
S3150200CD1800C84E676DC1AB43003D9160E458E143DC
S3150200CD28408CB5781DAF154450EFE2D6E41A4B4451
S3150200CD3892D54D06CFF08044F64AE1C7022DB54496
S3150200CD48B49DD9794378EA44002020202020202067
S3150200CD58202028282828282020202020202020209B
S3150200CD6820202020202020202088101010101010AB
S3150200CD7810101010101010101004040404040404F7
S3150200CD880404041010101010101041414141414191
S3150200CD980101010101010101010101010101010173
S3150200CDA80101010110101010101042424242424283
S3150200CDB80202020202020202020202020202020243
S3150200CDC802020202101010102000000000000000EB
S3150200CDD80000000000000000000000000000000043
S3150200CDE80000000000000000000000000000000033
S3150200CDF80000000000000000000000000000000023
S3150200CE080000000000000000000000000000000012
S3150200CE180000000000000000000000000000000002
S3150200CE2800000000000000000000000000000000F2
S3150200CE3800000000000000000000000000000000E2
S3150200CE480000000000000000000000004275696C46
S3150200CE587420776974682052656E65736173204120
S3150200CE686476616E63656420466C657869626C6592
S3150200CE7820536F667477617265205061636B6167D0
S3150200CE88652076657273696F6E20362E352E3000F0
S3110200CE98362E352E300000000000050684
S3090200CEA4F8B500BF16
S3090200CEA8F8B500BF12
S3150200CEACD5020002C1080002D50B0002A510000231
S3110200CEBCF91A0002ED1D00027D40000282
S3090200CEC8AD020002AD
S3150200CECC218DFF7FB0B0A800FFFF01003F02018158
S3150200CEDCB00EB1A8000000000BB20181B008B1ABD4
S3150200CEEC000000000CB20181B00EB1A800000000D7
S3150200CEFC0CB20181B00EB1A80000000008B101818C
S3150200CF0CB0B000840000000008B10181B0B000840A
S3150200CF1C00000000AB010181B0B00EB100000000B0
S3150200CF2C08B10181B0B0008400000000C91501816E
S3150200CF3CB0B0AC8000000000C92B0181B0B0AC804F
S3150200CF4C000000003F010181B0AE85C9000000005F
S3150200CF5CC9260181B0B0AB8000000000858CFF7F32
S3150200CF6CB0B0A800FFFF0100798CFF7FB0B0A8001B
S3150200CF7CFFFF01006D8CFF7FB0B0A800FFFF010020
S3150200CF8C618CFF7FB0B0A800FFFF0100558CFF7FBC
S3150200CF9CB0B0A800FFFF0100498CFF7FB0B0A8001B
S3150200CFACFFFF01003D8CFF7FB0B0A800FFFF010020
S3150200CFBC318CFF7FB0B0A800FFFF01080C041200F1
S3150200CFCC180400001D8CFF7FB0B0A800FFFF0108FB
S3150200CFDC0C04120018040000098CFF7FB0B0AA00E2
S3150200CFECFFFF01360C0476002804E00100421A0009
S3150200CFFC0070048A02007E480000DA0104A60200D0
S3150200D00CE801040000840204B20200920204000049
S3150200D01CAE02040000BA020400000000C58BFF7FBA
S3150200D02CB0B0A800FFFF0100B98BFF7FB0B0A8001B
S3150200D03CFFFF0100AD8BFF7FB0B0A800FFFF010020
S3150200D04CA18BFF7FB0B0A800FFFF0100958BFF7F7D
S3150200D05CB0B0A800FFFF0100898BFF7FB0B0A8001B
S3150200D06CFFFF01007D8BFF7FB0B0A800FFFF010020
S3150200D07C718BFF7FB0B0A800FFFF0100658BFF7FAD
S3150200D08CB0A90200FFFF01082004260032040000AA
S3150200D09C518BFF7FB0AB0400FFFF01342204B002B8
S3150200D0AC004E7A0000800204C20200AA0204FA03AD
S3150200D0BC00BE02040000D0020400008403048C04A7
S3150200D0CC00DE0304000088040400009A0404000035
S3150200D0DC81C90181B0AD08B10000000008B101811F
S3150200D0ECB0B000840000000008B10181B0B0008429
S3150200D0FC0000000008B10181B0B0008400000000FD
S3150200D10C08B10181B0B000840000000008B10181B1
S30D0200D11CB0B00084000000001F
S3150200D124D431FF7F01000000DA31FF7F9CFDFF7FCF
S3150200D134E431FF7FAB04B280A432FF7F98FDFF7F08
S3150200D144C832FF7F9CFDFF7F0C33FF7FA0FDFF7F6C
S3150200D1545C33FF7FA4FDFF7FAC33FF7F0100000039
S3150200D1649634FF7FB0B0A880A434FF7F98FDFF7F7A
S3150200D174B434FF7F9CFDFF7FC434FF7FB0AE37809B
S3150200D1849435FF7FB0AD2A800837FF7FA908B180A6
S3150200D1942C37FF7F010000005037FF7FB0B0A88014
S3150200D1A47437FF7F78FDFF7FD837FF7FB0AF0880E3
S3150200D1B47438FF7F74FDFF7F9838FF7FB0B0AA8072
S3150200D1C4D038FF7FA908B1801C39FF7F68FDFF7F35
S3150200D1D4D839FF7FA908B180F839FF7F0100000022
S3150200D1E4703CFF7F5CFDFF7FF83DFF7FB0AB248080
S3150200D1F4B03EFF7F01000000B442FF7F50FDFF7F77
S3150200D204FC44FF7F010000004045FF7F4CFDFF7F89
S3150200D214A046FF7FB0AD30801848FF7F01000000B2
S3150200D2242C48FF7F40FDFF7F3248FF7F44FDFF7F8E
S3150200D2343848FF7F48FDFF7F3E48FF7F4CFDFF7F56
S3150200D2444448FF7F50FDFF7F4A48FF7F54FDFF7F1E
S3150200D2545048FF7F58FDFF7F5648FF7F5CFDFF7FE6
S3150200D2647048FF7F68FDFF7F8C48FF7F74FDFF7F58
S3150200D2740C4AFF7FB0FDFF7F1C4AFF7FB4FDFF7F90
S3150200D2842C4AFF7FB8FDFF7F3C4AFF7FBCFDFF7F30
S3150200D2944C4AFF7FC0FDFF7F5C4AFF7FC4FDFF7FD0
S3150200D2A46C4AFF7FC8FDFF7F7C4AFF7FCCFDFF7F70
S3150200D2B48C4AFF7FB0B0AA80C84AFF7FB0B0A8806C
S3150200D2C4D44AFF7FC0FDFF7F204BFF7FCCFDFF7F4B
S3150200D2D4084EFF7F01000000284EFF7FFCFDFF7F02
S3150200D2E4EC4EFF7F01000000806CFF7FF8FDFF7F9C
S3150200D2F4806CFF7FFCFDFF7F806CFF7F00FEFF7F5B
S3150200D304806CFF7F010000008C6CFF7FA908B1804E
S3150200D314686DFF7F01000000C09CFF7FB0A90280F8
S3150200D324509DFF7FB0B0A880A09DFF7F0100000042
S3150200D334A89DFF7FB0B0AA80E09DFF7FAE77B28042
S3150200D344BC9EFF7FAB3F3A801C9FFF7F010000001B
S3150200D354289FFF7FB0B0AA80649FFF7F0100000070
S3150200D36410A0FF7FAB10B28084A0FF7FB0AF08800D
S3150200D3742CA3FF7F010000003CA3FF7FAC3F038088
S3150200D38404A6FF7F01000000E4A7FF7FB0A8038084
S3150200D394F4A7FF7F01000000F0A7FF7FB0AD048071
S3150200D3A4E8AAFF7FB0A803800CABFF7F5CFDFF7F7A
S3150200D3B410ABFF7F60FDFF7F1CABFF7F0100000007
S30902C9F040FFFFFFFFFF
S30902C9F044EFFFFFFF0B
S30902C9F0C0FFFFFFFD81
S30902C9F0C4FFFFFFFF7B
S30902C9F120000000001A
S30902C9F1240000000016
S705020054F1B3
