ISO-10303-21;
HEADER;
FILE_DESCRIPTION (( 'STEP AP214' ),
    '1' );
FILE_NAME ('TPU_Gripper Adapter.STEP',
    '2026-08-25T07:29:43',
    ( '' ),
    ( '' ),
    'SwSTEP 2.0',
    'SolidWorks 2026',
    '' );
FILE_SCHEMA (( 'AUTOMOTIVE_DESIGN' ));
ENDSEC;

DATA;
#1 = CARTESIAN_POINT ( 'NONE',  ( 13.00000000000000178, 4.489793314643502065, -11.00059900497506149 ) ) ;
#2 = CARTESIAN_POINT ( 'NONE',  ( 15.36195717445325215, 10.87034185823797472, -32.79278838268994178 ) ) ;
#3 = PRODUCT_RELATED_PRODUCT_CATEGORY ( 'part', '', ( #3633 ) ) ;
#4 = DIRECTION ( 'NONE',  ( -0.7071067811865401342, -0.7071067811865549002, 0.000000000000000000 ) ) ;
#5 = ORIENTED_EDGE ( 'NONE', *, *, #1854, .F. ) ;
#6 = CARTESIAN_POINT ( 'NONE',  ( -1.527920433558173173E-10, 31.76345742619379564, 7.000000000152056145 ) ) ;
#7 = EDGE_CURVE ( 'NONE', #3263, #1902, #509, .T. ) ;
#8 = CARTESIAN_POINT ( 'NONE',  ( -12.85144293144818128, 2.586416710834325006, -5.422566068888090562 ) ) ;
#9 = FACE_BOUND ( 'NONE', #2738, .T. ) ;
#10 = CARTESIAN_POINT ( 'NONE',  ( -15.83081688574604406, 10.28117584083726577, -32.84845124581734410 ) ) ;
#11 = ORIENTED_EDGE ( 'NONE', *, *, #2422, .F. ) ;
#12 = ORIENTED_EDGE ( 'NONE', *, *, #2043, .F. ) ;
#13 = CARTESIAN_POINT ( 'NONE',  ( -15.36672571635735629, 7.655504167817424488, -35.17520191600797830 ) ) ;
#14 = CARTESIAN_POINT ( 'NONE',  ( -13.00000000000000000, 27.79363077184356001, -13.28030696595951277 ) ) ;
#15 = B_SPLINE_SURFACE_WITH_KNOTS ( 'NONE', 1, 3, ( 
 ( #462, #2480, #3080, #2101, #2393, #137, #4062, #2439, #3124, #3805, #2754, #1819, #832, #1519, #3435, #2142, #2165, #851, #503, #1128, #2120, #485, #787, #529, #1843, #113, #1107, #206, #3738, #2414 ),
 ( #2820, #4147, #3720, #1800, #765, #1755, #3100, #159, #3888, #1216, #1278, #1581, #3521, #896, #3250, #4168, #935, #2524, #224, #2227, #3190, #2504, #3566, #3830, #610, #3211, #568, #2563, #3501, #1537 ) ),
 .UNSPECIFIED., .F., .F., .F.,
 ( 2, 2 ),
 ( 4, 2, 2, 2, 2, 2, 2, 2, 2, 2, 2, 2, 2, 2, 4 ),
 ( 0.000000000000000000, 1.000000000000000000 ),
 ( 0.000000000000000000, 0.0007822748224803005666, 0.001564549644960601133, 0.002346824467440901917, 0.003129099289921202266, 0.003520236701161352875, 0.003911374112401503483, 0.004302511523641653658, 0.004693648934881803833, 0.005475923757362104183, 0.006258198579842404533, 0.007822748224803006967, 0.009387297869763607666, 0.01095184751472420837, 0.01251639715968480907 ),
 .UNSPECIFIED. ) ;
#16 = CARTESIAN_POINT ( 'NONE',  ( -13.00000000000000000, 3.259841981553230461, -6.073569299622571194 ) ) ;
#17 = CARTESIAN_POINT ( 'NONE',  ( 15.96241914587489674, 7.930248638902776648, -34.71860159000225110 ) ) ;
#18 = EDGE_LOOP ( 'NONE', ( #3865, #2657, #1019, #3768, #4039 ) ) ;
#19 = DIRECTION ( 'NONE',  ( -0.000000000000000000, -1.000000000000000000, -0.000000000000000000 ) ) ;
#20 = CARTESIAN_POINT ( 'NONE',  ( -16.54440579765413588, 10.50518376608836668, -33.15740444797636144 ) ) ;
#21 = ADVANCED_FACE ( 'NONE', ( #2509 ), #2907, .F. ) ;
#22 = CARTESIAN_POINT ( 'NONE',  ( -12.61506251305563708, 8.978723071869701755, -29.15944676355237775 ) ) ;
#23 = DIRECTION ( 'NONE',  ( -0.000000000000000000, 0.7987925879476792668, 0.6016065171188299532 ) ) ;
#24 = CARTESIAN_POINT ( 'NONE',  ( 13.93742660277885470, 10.18478943585731322, -31.71995960887581134 ) ) ;
#25 = CARTESIAN_POINT ( 'NONE',  ( 12.75115979500350250, 3.262884205137281945, -7.285978519478812032 ) ) ;
#26 = VERTEX_POINT ( 'NONE', #4151 ) ;
#27 = CARTESIAN_POINT ( 'NONE',  ( -20.00000000000000000, 18.21263249121784256, -42.55998464991215968 ) ) ;
#28 = CARTESIAN_POINT ( 'NONE',  ( -12.82888859095631062, 2.764586089179475792, -5.869982757942633356 ) ) ;
#29 = VECTOR ( 'NONE', #701, 1000.000000000000000 ) ;
#30 = CARTESIAN_POINT ( 'NONE',  ( 2.877919977996279827E-16, 6.000000000000000000, -2.350000000000000089 ) ) ;
#31 = CARTESIAN_POINT ( 'NONE',  ( -15.04705429953442497, 9.956745554050584701, -32.36791033225355108 ) ) ;
#32 = ADVANCED_FACE ( 'NONE', ( #2192 ), #3607, .F. ) ;
#33 = VECTOR ( 'NONE', #2176, 1000.000000000000000 ) ;
#34 = ORIENTED_EDGE ( 'NONE', *, *, #3924, .T. ) ;
#35 = CARTESIAN_POINT ( 'NONE',  ( -13.61102301971620498, 6.682853784907065275, -33.65485733288576853 ) ) ;
#36 = DIRECTION ( 'NONE',  ( -1.000000000000000000, -1.956789278525017583E-16, 2.598157977654573318E-16 ) ) ;
#37 = LINE ( 'NONE', #1352, #2169 ) ;
#38 = CARTESIAN_POINT ( 'NONE',  ( 13.43939356701366172, 6.431759692800459227, -32.19190286765481090 ) ) ;
#39 = VECTOR ( 'NONE', #3502, 1000.000000000000000 ) ;
#40 = ORIENTED_EDGE ( 'NONE', *, *, #3924, .F. ) ;
#41 = ORIENTED_EDGE ( 'NONE', *, *, #1654, .F. ) ;
#42 = AXIS2_PLACEMENT_3D ( 'NONE', #3319, #3299, #4042 ) ;
#43 = CARTESIAN_POINT ( 'NONE',  ( -18.30000000000000071, -3.101896647544507335, -60.74112435792092413 ) ) ;
#44 = CARTESIAN_POINT ( 'NONE',  ( -15.48642272858991120, 10.14922901317996562, -32.65785614171069540 ) ) ;
#45 = DIRECTION ( 'NONE',  ( 0.4226182617406971653, -0.7239519426841414251, -0.5452406711967929809 ) ) ;
#46 = CARTESIAN_POINT ( 'NONE',  ( 12.99999999999999822, 4.037550663463756351, -8.314848549977428505 ) ) ;
#47 = CARTESIAN_POINT ( 'NONE',  ( 13.00000000000000000, 31.76345742619379209, -60.55230722393334020 ) ) ;
#48 = EDGE_CURVE ( 'NONE', #158, #758, #3906, .T. ) ;
#49 = ORIENTED_EDGE ( 'NONE', *, *, #3204, .T. ) ;
#50 = DIRECTION ( 'NONE',  ( 0.000000000000000000, -0.6016065171188291760, 0.7987925879476798219 ) ) ;
#51 = CARTESIAN_POINT ( 'NONE',  ( -12.84427133589630010, 2.643904441294075980, -5.565880792617741157 ) ) ;
#52 = DIRECTION ( 'NONE',  ( 0.000000000000000000, -0.6016065171188291760, 0.7987925879476798219 ) ) ;
#53 = CARTESIAN_POINT ( 'NONE',  ( 0.000000000000000000, 0.000000000000000000, 0.000000000000000000 ) ) ;
#54 = ORIENTED_EDGE ( 'NONE', *, *, #681, .T. ) ;
#55 = DIRECTION ( 'NONE',  ( -0.000000000000000000, 1.000000000000000000, -0.000000000000000000 ) ) ;
#56 = CYLINDRICAL_SURFACE ( 'NONE', #999, 1.699999999999999289 ) ;
#57 = CARTESIAN_POINT ( 'NONE',  ( 13.61102301971620321, 6.682853784907064387, -33.65485733288576853 ) ) ;
#58 = ADVANCED_FACE ( 'NONE', ( #3999 ), #2667, .F. ) ;
#59 = EDGE_LOOP ( 'NONE', ( #3370, #210, #4021, #373 ) ) ;
#60 = CARTESIAN_POINT ( 'NONE',  ( -7.800000000000025580, 4.000000000000000000, 1.924999999999857270 ) ) ;
#61 = CARTESIAN_POINT ( 'NONE',  ( -16.16563345188729528, 10.39367927674365433, -33.00569323038045155 ) ) ;
#62 = CARTESIAN_POINT ( 'NONE',  ( 24.99999999999999289, 30.46165135654170086, -59.65492160057122817 ) ) ;
#63 = EDGE_CURVE ( 'NONE', #974, #700, #712, .T. ) ;
#64 = VECTOR ( 'NONE', #1227, 1000.000000000000227 ) ;
#65 = CARTESIAN_POINT ( 'NONE',  ( 14.14485947928932852, 9.446828740187109830, -31.51161835469207162 ) ) ;
#66 = VECTOR ( 'NONE', #3410, 1000.000000000000000 ) ;
#67 = ORIENTED_EDGE ( 'NONE', *, *, #3904, .F. ) ;
#68 = CARTESIAN_POINT ( 'NONE',  ( 7.039682604951752835E-16, 19.23536357031985133, -43.91793204942321438 ) ) ;
#69 = ORIENTED_EDGE ( 'NONE', *, *, #2086, .T. ) ;
#70 = CARTESIAN_POINT ( 'NONE',  ( -12.89702995692487697, 2.174533645697502404, -4.447362839548771873 ) ) ;
#71 = FACE_OUTER_BOUND ( 'NONE', #2016, .T. ) ;
#72 = CARTESIAN_POINT ( 'NONE',  ( -13.26173328093583237, 8.678817405861874335, -29.87274666720625049 ) ) ;
#73 = VERTEX_POINT ( 'NONE', #1942 ) ;
#74 = PLANE ( 'NONE',  #2231 ) ;
#75 = DIRECTION ( 'NONE',  ( -0.000000000000000000, 0.7987925879476792668, 0.6016065171188299532 ) ) ;
#76 = CARTESIAN_POINT ( 'NONE',  ( -13.00000000000000000, 4.000000000000000000, -23.64879701061938988 ) ) ;
#77 = VERTEX_POINT ( 'NONE', #2028 ) ;
#78 = CARTESIAN_POINT ( 'NONE',  ( 15.40055002074435109, 7.668908666781424799, -35.19418483360360739 ) ) ;
#79 = CARTESIAN_POINT ( 'NONE',  ( -14.61378757590515320, 9.733623071645675751, -32.01041712166229303 ) ) ;
#80 = LINE ( 'NONE', #2359, #3543 ) ;
#81 = EDGE_CURVE ( 'NONE', #1005, #2587, #2297, .T. ) ;
#82 = CARTESIAN_POINT ( 'NONE',  ( 15.45658881272060903, 10.13728107722859484, -32.64038277792705856 ) ) ;
#83 = ORIENTED_EDGE ( 'NONE', *, *, #2876, .T. ) ;
#84 = FACE_OUTER_BOUND ( 'NONE', #3234, .T. ) ;
#85 = VECTOR ( 'NONE', #2859, 1000.000000000000114 ) ;
#86 = DIRECTION ( 'NONE',  ( 0.000000000000000000, -0.000000000000000000, 1.000000000000000000 ) ) ;
#87 = DIRECTION ( 'NONE',  ( 0.000000000000000000, 0.000000000000000000, 1.000000000000000000 ) ) ;
#88 = CARTESIAN_POINT ( 'NONE',  ( 7.039682604951752835E-16, 16.04019321852913649, -46.32435811789853375 ) ) ;
#89 = ORIENTED_EDGE ( 'NONE', *, *, #246, .T. ) ;
#90 = AXIS2_PLACEMENT_3D ( 'NONE', #1686, #2990, #1622 ) ;
#91 = CYLINDRICAL_SURFACE ( 'NONE', #3044, 2.349999999999999645 ) ;
#92 = CARTESIAN_POINT ( 'NONE',  ( -20.00000000000000000, -3.101896647544507335, -60.74112435792092413 ) ) ;
#93 = CARTESIAN_POINT ( 'NONE',  ( 24.99999999999999289, 28.56828707440308079, -62.95873329240865246 ) ) ;
#94 = AXIS2_PLACEMENT_3D ( 'NONE', #276, #4263, #2537 ) ;
#95 = AXIS2_PLACEMENT_3D ( 'NONE', #3236, #577, #638 ) ;
#96 = VERTEX_POINT ( 'NONE', #2310 ) ;
#97 = CARTESIAN_POINT ( 'NONE',  ( 15.77908656113799069, 7.808579889190840007, -35.38930453767282813 ) ) ;
#98 = AXIS2_PLACEMENT_3D ( 'NONE', #3648, #2184, #1615 ) ;
#99 = CARTESIAN_POINT ( 'NONE',  ( -13.95619123725945165, 9.315014811094050273, -31.26578742784304765 ) ) ;
#100 = CARTESIAN_POINT ( 'NONE',  ( 16.20339252587582735, 7.947889070171455295, -35.57967303023750816 ) ) ;
#101 = DIRECTION ( 'NONE',  ( 0.000000000000000000, 1.000000000000000000, 0.000000000000000000 ) ) ;
#102 = CIRCLE ( 'NONE', #244, 1.350000000104089048 ) ;
#103 = CARTESIAN_POINT ( 'NONE',  ( 13.40579809983593407, 8.842129490871094788, -30.27053041980754600 ) ) ;
#104 = EDGE_CURVE ( 'NONE', #2061, #1584, #2499, .T. ) ;
#105 = ORIENTED_EDGE ( 'NONE', *, *, #615, .T. ) ;
#106 = CARTESIAN_POINT ( 'NONE',  ( -1.501113916175680507E-10, 31.76345742619379564, -6.999999999692554375 ) ) ;
#107 = DIRECTION ( 'NONE',  ( 0.000000000000000000, 0.000000000000000000, -1.000000000000000000 ) ) ;
#108 = LINE ( 'NONE', #4079, #1475 ) ;
#109 = CARTESIAN_POINT ( 'NONE',  ( 24.99999999999999289, 29.26848662693633329, -63.05732632782308400 ) ) ;
#110 = DIRECTION ( 'NONE',  ( 0.000000000000000000, 1.000000000000000000, 0.000000000000000000 ) ) ;
#111 = EDGE_CURVE ( 'NONE', #3440, #3692, #1366, .T. ) ;
#112 = ORIENTED_EDGE ( 'NONE', *, *, #3804, .T. ) ;
#113 = CARTESIAN_POINT ( 'NONE',  ( 12.97136754436137451, 1.180074962476267642, -2.326858810768035912 ) ) ;
#114 = CARTESIAN_POINT ( 'NONE',  ( 24.99999999999999289, 10.81992229886327728, -33.57530454308010093 ) ) ;
#115 = CARTESIAN_POINT ( 'NONE',  ( 16.54763719528402888, 10.50503247366357407, -33.15703128298981284 ) ) ;
#116 = ORIENTED_EDGE ( 'NONE', *, *, #1015, .T. ) ;
#117 = VERTEX_POINT ( 'NONE', #353 ) ;
#118 = CARTESIAN_POINT ( 'NONE',  ( -27.00000000000000711, 9.626757569257922142, -36.97770927033192834 ) ) ;
#119 = VECTOR ( 'NONE', #2420, 1000.000000000000000 ) ;
#120 = CARTESIAN_POINT ( 'NONE',  ( -7.800000000000025580, 8.000000000000000000, -1.925000000000143485 ) ) ;
#121 = DIRECTION ( 'NONE',  ( 0.000000000000000000, 0.9902317035601000406, -0.1394316078386174940 ) ) ;
#122 = EDGE_CURVE ( 'NONE', #130, #77, #2699, .T. ) ;
#123 = CARTESIAN_POINT ( 'NONE',  ( 12.98748752278700103, 0.7666077698449142996, -1.502896888359349648 ) ) ;
#124 = DIRECTION ( 'NONE',  ( -0.000000000000000000, -1.000000000000000000, -0.000000000000000000 ) ) ;
#125 = DIRECTION ( 'NONE',  ( 0.000000000000000000, 0.000000000000000000, -1.000000000000000000 ) ) ;
#126 = AXIS2_PLACEMENT_3D ( 'NONE', #1141, #3467, #885 ) ;
#127 = VERTEX_POINT ( 'NONE', #1664 ) ;
#128 = AXIS2_PLACEMENT_3D ( 'NONE', #2957, #3038, #3646 ) ;
#129 = DIRECTION ( 'NONE',  ( -0.000000000000000000, -1.000000000000000000, -0.000000000000000000 ) ) ;
#130 = VERTEX_POINT ( 'NONE', #27 ) ;
#131 = CARTESIAN_POINT ( 'NONE',  ( -13.74979497418063978, 6.785896896948051094, -33.83109800600469441 ) ) ;
#132 = DIRECTION ( 'NONE',  ( 1.000000000000000000, 0.000000000000000000, 0.000000000000000000 ) ) ;
#133 = CARTESIAN_POINT ( 'NONE',  ( -25.00000000000001066, 63.67327282043877545, 3.727144897396451384 ) ) ;
#134 = FACE_OUTER_BOUND ( 'NONE', #1880, .T. ) ;
#135 = EDGE_LOOP ( 'NONE', ( #3732, #2706, #1711, #1803 ) ) ;
#136 = EDGE_CURVE ( 'NONE', #2406, #2145, #2347, .T. ) ;
#137 = CARTESIAN_POINT ( 'NONE',  ( 12.60354048562684959, 3.862574778032753287, -9.777592801789761978 ) ) ;
#138 = DIRECTION ( 'NONE',  ( 0.000000000000000000, 0.6016065171188302863, -0.7987925879476790447 ) ) ;
#139 = CARTESIAN_POINT ( 'NONE',  ( 15.21792380371657849, 10.03456045610483827, -32.48666177497867125 ) ) ;
#140 = ORIENTED_EDGE ( 'NONE', *, *, #694, .F. ) ;
#141 = ORIENTED_EDGE ( 'NONE', *, *, #1035, .F. ) ;
#142 = LINE ( 'NONE', #2106, #3464 ) ;
#143 = DIRECTION ( 'NONE',  ( 0.000000000000000000, 1.000000000000000000, 0.000000000000000000 ) ) ;
#144 = FACE_OUTER_BOUND ( 'NONE', #3638, .T. ) ;
#145 = CARTESIAN_POINT ( 'NONE',  ( 12.99706404716373598, 0.3716342847296773555, -0.7255879998620904381 ) ) ;
#146 = ADVANCED_FACE ( 'NONE', ( #2901 ), #2979, .F. ) ;
#147 = CYLINDRICAL_SURFACE ( 'NONE', #1643, 1.925000000000002265 ) ;
#148 = DIRECTION ( 'NONE',  ( 0.000000000000000000, 0.000000000000000000, 1.000000000000000000 ) ) ;
#149 = ORIENTED_EDGE ( 'NONE', *, *, #4074, .F. ) ;
#150 = ADVANCED_FACE ( 'NONE', ( #777 ), #825, .F. ) ;
#151 = CARTESIAN_POINT ( 'NONE',  ( 12.99999999999999822, 0.3481620195242067783, -0.5808561785972327085 ) ) ;
#152 = CARTESIAN_POINT ( 'NONE',  ( -14.42603670592026610, 7.217320512184650205, -33.64237411195137639 ) ) ;
#153 = VERTEX_POINT ( 'NONE', #1144 ) ;
#154 = CARTESIAN_POINT ( 'NONE',  ( -15.05460817484313907, 7.559462792121297348, -34.18163856331236161 ) ) ;
#155 = CARTESIAN_POINT ( 'NONE',  ( -12.83333333333333215, 4.333333333333337478, -11.52171862180259154 ) ) ;
#156 = CARTESIAN_POINT ( 'NONE',  ( 7.799999999999999822, 4.000000000000000000, 0.000000000000000000 ) ) ;
#157 = CARTESIAN_POINT ( 'NONE',  ( 12.55358380333345281, 8.848834133843487493, -28.79159061449299273 ) ) ;
#158 = VERTEX_POINT ( 'NONE', #2685 ) ;
#159 = CARTESIAN_POINT ( 'NONE',  ( 12.99999999999999822, 4.193686305044114881, -8.929188985969297221 ) ) ;
#160 = CARTESIAN_POINT ( 'NONE',  ( -3.955169525227120175E-13, 7.500000000000015099, 7.000000000000011546 ) ) ;
#161 = CARTESIAN_POINT ( 'NONE',  ( 16.69230769230773603, 10.54225775250073127, -33.20663104095043394 ) ) ;
#162 = AXIS2_PLACEMENT_3D ( 'NONE', #3709, #2404, #125 ) ;
#163 = EDGE_CURVE ( 'NONE', #2061, #2665, #2365, .T. ) ;
#164 = VERTEX_POINT ( 'NONE', #1425 ) ;
#165 = DIRECTION ( 'NONE',  ( 0.000000000000000000, 0.000000000000000000, 1.000000000000000000 ) ) ;
#166 = DIRECTION ( 'NONE',  ( 0.000000000000000000, 0.6016065171188300642, -0.7987925879476791557 ) ) ;
#167 = CARTESIAN_POINT ( 'NONE',  ( 12.81282906921704345, 5.892863652121580031, -32.14219671956347923 ) ) ;
#168 = AXIS2_PLACEMENT_3D ( 'NONE', #1750, #1167, #3780 ) ;
#169 = CARTESIAN_POINT ( 'NONE',  ( 12.99078718069144500, 0.6599021224500121185, -1.291804189623807941 ) ) ;
#170 = EDGE_CURVE ( 'NONE', #3156, #3201, #1770, .T. ) ;
#171 = AXIS2_PLACEMENT_3D ( 'NONE', #2108, #4115, #2467 ) ;
#172 = FACE_OUTER_BOUND ( 'NONE', #986, .T. ) ;
#173 = LINE ( 'NONE', #1181, #3322 ) ;
#174 = CIRCLE ( 'NONE', #383, 2.350000000000000089 ) ;
#175 = CARTESIAN_POINT ( 'NONE',  ( 13.00000000000000178, 0.7968539507748567674, -1.335262751325872133 ) ) ;
#176 = CARTESIAN_POINT ( 'NONE',  ( -14.28934813857006780, 7.129896458798511638, -33.49624268627579227 ) ) ;
#177 = DIRECTION ( 'NONE',  ( 0.000000000000000000, 0.000000000000000000, -1.000000000000000000 ) ) ;
#178 = CARTESIAN_POINT ( 'NONE',  ( -12.99999999999999822, 4.449471085734524323, -10.47268925414748963 ) ) ;
#179 = DIRECTION ( 'NONE',  ( -0.000000000000000000, 0.7987925879476793778, 0.6016065171188298422 ) ) ;
#180 = ADVANCED_FACE ( 'NONE', ( #2407 ), #572, .F. ) ;
#181 = ORIENTED_EDGE ( 'NONE', *, *, #3650, .T. ) ;
#182 = CARTESIAN_POINT ( 'NONE',  ( -25.00000000000001066, 9.227361275284083675, -37.27851252889134059 ) ) ;
#183 = DIRECTION ( 'NONE',  ( 0.000000000000000000, 0.1394316078386020896, 0.9902317035601022610 ) ) ;
#184 = CARTESIAN_POINT ( 'NONE',  ( 14.01545588434410661, 9.357652399079768202, -31.34658643473712303 ) ) ;
#185 = EDGE_LOOP ( 'NONE', ( #3953, #1736, #1412, #2483 ) ) ;
#186 = ORIENTED_EDGE ( 'NONE', *, *, #351, .T. ) ;
#187 = LINE ( 'NONE', #3393, #1678 ) ;
#188 = ADVANCED_FACE ( 'NONE', ( #84 ), #3731, .F. ) ;
#189 = DIRECTION ( 'NONE',  ( -4.336808689942020201E-16, 0.6016065171188299532, -0.7987925879476792668 ) ) ;
#190 = LINE ( 'NONE', #4091, #3750 ) ;
#191 = CARTESIAN_POINT ( 'NONE',  ( 12.94455852606945179, 1.606534815752999723, -3.210628100171897259 ) ) ;
#192 = ORIENTED_EDGE ( 'NONE', *, *, #479, .F. ) ;
#193 = SURFACE_STYLE_USAGE ( .BOTH. , #800 ) ;
#194 = EDGE_CURVE ( 'NONE', #740, #805, #455, .T. ) ;
#195 = DIRECTION ( 'NONE',  ( 0.000000000000000000, -0.6016065171188288430, 0.7987925879476801549 ) ) ;
#196 = CARTESIAN_POINT ( 'NONE',  ( 13.00000000000000000, 2.383381340486823152, -4.187681510920058692 ) ) ;
#197 = CARTESIAN_POINT ( 'NONE',  ( -14.06542215305210597, 6.976339264926905592, -33.23193288281694180 ) ) ;
#198 = CARTESIAN_POINT ( 'NONE',  ( -13.28869389561035597, 6.253178607703707037, -31.80714317859118623 ) ) ;
#199 = VECTOR ( 'NONE', #2659, 1000.000000000000000 ) ;
#200 = LINE ( 'NONE', #2816, #2363 ) ;
#201 = CARTESIAN_POINT ( 'NONE',  ( 21.69999999999999574, 19.23536357031985844, -43.91793204942322149 ) ) ;
#202 = CARTESIAN_POINT ( 'NONE',  ( 12.62734713225888150, 9.004731532197320476, -29.23297208061026353 ) ) ;
#203 = AXIS2_PLACEMENT_3D ( 'NONE', #243, #2861, #482 ) ;
#204 = ORIENTED_EDGE ( 'NONE', *, *, #389, .T. ) ;
#205 = EDGE_CURVE ( 'NONE', #282, #158, #1335, .T. ) ;
#206 = CARTESIAN_POINT ( 'NONE',  ( 12.99635510580021780, 0.4768222620992185190, -0.9297940211007891254 ) ) ;
#207 = VECTOR ( 'NONE', #2447, 1000.000000000000227 ) ;
#208 = DIRECTION ( 'NONE',  ( 0.000000000000000000, 1.000000000000000000, 0.000000000000000000 ) ) ;
#209 = DIRECTION ( 'NONE',  ( 1.000000000000000000, -0.000000000000000000, -0.000000000000000000 ) ) ;
#210 = ORIENTED_EDGE ( 'NONE', *, *, #3499, .T. ) ;
#211 = VERTEX_POINT ( 'NONE', #1706 ) ;
#212 = DIRECTION ( 'NONE',  ( 0.000000000000000000, -0.6016065171188299532, 0.7987925879476792668 ) ) ;
#213 = CARTESIAN_POINT ( 'NONE',  ( 7.799999999999999822, 4.000000000000000000, 0.000000000000000000 ) ) ;
#214 = CARTESIAN_POINT ( 'NONE',  ( -12.50000000000000355, 8.594015433616521094, -27.96801447913775718 ) ) ;
#215 = ORIENTED_EDGE ( 'NONE', *, *, #63, .F. ) ;
#216 = DIRECTION ( 'NONE',  ( 0.000000000000000000, -0.6016065171188301752, 0.7987925879476791557 ) ) ;
#217 = ADVANCED_FACE ( 'NONE', ( #4016 ), #3676, .F. ) ;
#218 = CARTESIAN_POINT ( 'NONE',  ( 13.00000000000000000, 3.222164003470536109, -5.984082535185803131 ) ) ;
#219 = LINE ( 'NONE', #524, #85 ) ;
#220 = LINE ( 'NONE', #1532, #3046 ) ;
#221 = CARTESIAN_POINT ( 'NONE',  ( -12.86553401211548220, 2.477375376256236716, -5.145867877870050400 ) ) ;
#222 = LINE ( 'NONE', #2839, #3854 ) ;
#223 = VERTEX_POINT ( 'NONE', #4099 ) ;
#224 = CARTESIAN_POINT ( 'NONE',  ( 13.00000000000000178, 3.406668151342705286, -6.432273993294165493 ) ) ;
#225 = DIRECTION ( 'NONE',  ( 0.000000000000000000, 0.000000000000000000, 1.000000000000000000 ) ) ;
#226 = DIRECTION ( 'NONE',  ( 0.000000000000000000, 1.000000000000000000, 0.000000000000000000 ) ) ;
#227 = VERTEX_POINT ( 'NONE', #3071 ) ;
#228 = ORIENTED_EDGE ( 'NONE', *, *, #122, .F. ) ;
#229 = CARTESIAN_POINT ( 'NONE',  ( -12.58844393935456907, 5.504668679732279912, -31.26127521144123733 ) ) ;
#230 = CARTESIAN_POINT ( 'NONE',  ( 13.00516103684609348, 5.663627739974117503, -30.30654073461147746 ) ) ;
#231 = VECTOR ( 'NONE', #236, 1000.000000000000114 ) ;
#232 = CARTESIAN_POINT ( 'NONE',  ( 13.65475261269771856, 6.717079604794539804, -33.71456700390387340 ) ) ;
#233 = EDGE_LOOP ( 'NONE', ( #2971, #269, #1769, #746 ) ) ;
#234 = PLANE ( 'NONE',  #1504 ) ;
#235 = CIRCLE ( 'NONE', #1127, 1.500000000000008216 ) ;
#236 = DIRECTION ( 'NONE',  ( -0.7071067811865365815, -0.5648316556993633331, -0.4254000478607533053 ) ) ;
#237 = VECTOR ( 'NONE', #2395, 1000.000000000000000 ) ;
#238 = CARTESIAN_POINT ( 'NONE',  ( 13.00000000000000000, 4.008084496366741689, -8.207625867039057610 ) ) ;
#239 = DIRECTION ( 'NONE',  ( 0.000000000000000000, -0.6016065171188349492, 0.7987925879476754920 ) ) ;
#240 = ADVANCED_FACE ( 'NONE', ( #1119 ), #2428, .F. ) ;
#241 = AXIS2_PLACEMENT_3D ( 'NONE', #2606, #3361, #2968 ) ;
#242 = CARTESIAN_POINT ( 'NONE',  ( -13.00000000000000178, 3.885534182204272824, -7.790888073203634079 ) ) ;
#243 = CARTESIAN_POINT ( 'NONE',  ( 13.00000000000000000, 24.00000000000000000, -23.64879701061938633 ) ) ;
#244 = AXIS2_PLACEMENT_3D ( 'NONE', #3739, #3125, #1129 ) ;
#245 = ORIENTED_EDGE ( 'NONE', *, *, #2046, .F. ) ;
#246 = EDGE_CURVE ( 'NONE', #3062, #713, #3777, .T. ) ;
#247 = DIRECTION ( 'NONE',  ( -0.000000000000000000, 1.000000000000000000, -0.000000000000000000 ) ) ;
#248 = DIRECTION ( 'NONE',  ( 0.000000000000000000, -0.7987925879476792668, -0.6016065171188299532 ) ) ;
#249 = CARTESIAN_POINT ( 'NONE',  ( -15.77488099784751796, 11.01545766260863779, -32.99803664329662212 ) ) ;
#250 = ORIENTED_EDGE ( 'NONE', *, *, #1445, .T. ) ;
#251 = ORIENTED_EDGE ( 'NONE', *, *, #4179, .T. ) ;
#252 = DIRECTION ( 'NONE',  ( -3.464210636872764096E-16, 0.000000000000000000, -1.000000000000000000 ) ) ;
#253 = CARTESIAN_POINT ( 'NONE',  ( 14.88210614840557433, 7.472702110488505411, -34.04872056519395329 ) ) ;
#254 = CARTESIAN_POINT ( 'NONE',  ( -12.99999999999999822, 3.547296570719808084, -6.801359833336595884 ) ) ;
#255 = ORIENTED_EDGE ( 'NONE', *, *, #2681, .F. ) ;
#256 = CARTESIAN_POINT ( 'NONE',  ( -25.00000000000000711, 28.56828707440308079, -62.95873329240865246 ) ) ;
#257 = PLANE ( 'NONE',  #1610 ) ;
#258 = CARTESIAN_POINT ( 'NONE',  ( 12.99999999999999645, 0.7752746587517114207, -1.298723982682815414 ) ) ;
#259 = CARTESIAN_POINT ( 'NONE',  ( 15.29453101912515933, 10.84479460079803914, -32.75599597323396495 ) ) ;
#260 = CARTESIAN_POINT ( 'NONE',  ( -12.99999999999999822, 1.327584332794119915, -2.241820190557101800 ) ) ;
#261 = DIRECTION ( 'NONE',  ( 0.000000000000000000, 0.000000000000000000, 1.000000000000000000 ) ) ;
#262 = EDGE_LOOP ( 'NONE', ( #1621, #3968, #3725, #3634 ) ) ;
#263 = FACE_OUTER_BOUND ( 'NONE', #3150, .T. ) ;
#264 = CARTESIAN_POINT ( 'NONE',  ( 1.230770033143089935E-15, 2.799999999999999822, 10.05000000000000071 ) ) ;
#265 = CARTESIAN_POINT ( 'NONE',  ( 13.32244780494181313, 8.756706091110491030, -30.07393342302313499 ) ) ;
#266 = VECTOR ( 'NONE', #945, 1000.000000000000000 ) ;
#267 = EDGE_CURVE ( 'NONE', #1908, #1907, #1053, .T. ) ;
#268 = ORIENTED_EDGE ( 'NONE', *, *, #2433, .F. ) ;
#269 = ORIENTED_EDGE ( 'NONE', *, *, #3512, .F. ) ;
#270 = VECTOR ( 'NONE', #209, 1000.000000000000000 ) ;
#271 = CARTESIAN_POINT ( 'NONE',  ( -12.96941165656387263, 6.096958945374038485, -32.56905142353301841 ) ) ;
#272 = CARTESIAN_POINT ( 'NONE',  ( 13.00000000000000000, 11.52012185139653511, -33.67389757849451115 ) ) ;
#273 = CARTESIAN_POINT ( 'NONE',  ( -13.00000000000000178, 3.012876137040943814, -5.502334811582961116 ) ) ;
#274 = ORIENTED_EDGE ( 'NONE', *, *, #2555, .T. ) ;
#275 = CARTESIAN_POINT ( 'NONE',  ( 13.00000000000000000, 8.024148241046413332, -35.68092735299598672 ) ) ;
#276 = CARTESIAN_POINT ( 'NONE',  ( -26.50000000000000355, 28.86909033296249660, -63.35812958638249626 ) ) ;
#277 = DIRECTION ( 'NONE',  ( 0.000000000000000000, -0.6016065171188301752, 0.7987925879476791557 ) ) ;
#278 = CARTESIAN_POINT ( 'NONE',  ( 14.96733904554287165, 10.71241275996821507, -32.56184033833963554 ) ) ;
#279 = CARTESIAN_POINT ( 'NONE',  ( -13.00000000000000000, 3.469446951953614978E-15, 0.000000000000000000 ) ) ;
#280 = CARTESIAN_POINT ( 'NONE',  ( 12.88897004287760595, 2.252987862651549378, -4.627902588782733417 ) ) ;
#281 = EDGE_CURVE ( 'NONE', #1365, #2284, #3621, .T. ) ;
#282 = VERTEX_POINT ( 'NONE', #1659 ) ;
#283 = CARTESIAN_POINT ( 'NONE',  ( 20.00000000000000000, 16.04019321852915425, -46.32435811789854085 ) ) ;
#284 = DIRECTION ( 'NONE',  ( 0.000000000000000000, 1.000000000000000000, 0.000000000000000000 ) ) ;
#285 = DIRECTION ( 'NONE',  ( 3.252606517456508865E-16, -0.6016065171188300642, 0.7987925879476791557 ) ) ;
#286 = CARTESIAN_POINT ( 'NONE',  ( -16.41935183212102700, 10.47049521087544299, -33.11076816104517206 ) ) ;
#287 = B_SPLINE_CURVE_WITH_KNOTS ( 'NONE', 3,
 ( #557, #3174, #230, #3527, #2531, #3873, #1223, #1263, #1244, #2271, #2236, #1545, #3593, #3258, #1629, #2852, #3895, #920, #3217, #3552, #1604, #618, #2932, #1930, #3856, #4174, #4253, #1305, #1889, #1568, #3198, #253, #2870, #4194, #1910, #3366, #2337, #2012, #3033, #2373, #1672, #1693, #417, #3679, #1086, #1994, #3699, #2054, #3641, #1043, #1026, #1007, #1712, #2317, #3616, #3963, #3325, #2715 ),
 .UNSPECIFIED., .F., .F.,
 ( 4, 2, 2, 2, 2, 1, 2, 2, 2, 1, 2, 2, 2, 1, 1, 2, 2, 2, 1, 1, 1, 2, 2, 2, 1, 1, 1, 2, 2, 2, 1, 1, 2, 2, 4 ),
 ( 0.000000000000000000, 0.06249999999999877875, 0.1249999999999975575, 0.2499999999999951150, 0.3124999999999926725, 0.3437499999999913958, 0.3593749999999906186, 0.3749999999999897859, 0.4374999999999854561, 0.4687499999999835132, 0.4843749999999827915, 0.4999999999999820144, 0.5624999999999779066, 0.5937499999999771294, 0.6093749999999776845, 0.6171874999999776845, 0.6249999999999777955, 0.6874999999999847899, 0.7187499999999884537, 0.7343749999999901190, 0.7421874999999913403, 0.7460937499999927836, 0.7499999999999941158, 0.8124999999999980016, 0.8437499999999998890, 0.8593750000000009992, 0.8671875000000015543, 0.8710937500000019984, 0.8750000000000023315, 0.9062499999999964473, 0.9218749999999941158, 0.9296874999999934497, 0.9335937499999932276, 0.9374999999999928946, 1.000000000000000000 ),
 .UNSPECIFIED. ) ;
#288 = VERTEX_POINT ( 'NONE', #2961 ) ;
#289 = DIRECTION ( 'NONE',  ( 0.000000000000000000, 0.6016065171188290650, -0.7987925879476799329 ) ) ;
#290 = CARTESIAN_POINT ( 'NONE',  ( -19.00000000000000000, 27.79363077184356001, -13.28030696595950566 ) ) ;
#291 = CARTESIAN_POINT ( 'NONE',  ( -13.00000000000000178, 1.899490640932295582, -3.269246554601083155 ) ) ;
#292 = CARTESIAN_POINT ( 'NONE',  ( 14.62812118752215440, 7.336414021484960024, -33.83534944942337575 ) ) ;
#293 = EDGE_CURVE ( 'NONE', #153, #1499, #3321, .T. ) ;
#294 = DIRECTION ( 'NONE',  ( 1.000000000000000000, 0.000000000000000000, 0.000000000000000000 ) ) ;
#295 = ORIENTED_EDGE ( 'NONE', *, *, #4204, .F. ) ;
#296 = CARTESIAN_POINT ( 'NONE',  ( -19.00000000000000000, 8.324951499605838023, -36.08032364696984473 ) ) ;
#297 = CARTESIAN_POINT ( 'NONE',  ( -20.00000000000000355, 1.710955489406137175, -67.13146506150236803 ) ) ;
#298 = CARTESIAN_POINT ( 'NONE',  ( -12.66017220741831117, 9.058991589848112369, -29.37659048138096196 ) ) ;
#299 = ADVANCED_FACE ( 'NONE', ( #1361 ), #929, .T. ) ;
#300 = AXIS2_PLACEMENT_3D ( 'NONE', #2485, #858, #165 ) ;
#301 = VECTOR ( 'NONE', #534, 1000.000000000000000 ) ;
#302 = CARTESIAN_POINT ( 'NONE',  ( 13.00000000000000178, 4.401901941701107823, -10.08658453000068533 ) ) ;
#303 = CARTESIAN_POINT ( 'NONE',  ( 13.16108101276921616, 9.620760320205215876, -30.66718891697981064 ) ) ;
#304 = AXIS2_PLACEMENT_3D ( 'NONE', #519, #3513, #2491 ) ;
#305 = CARTESIAN_POINT ( 'NONE',  ( 12.86428584417438437, 2.480809165011382600, -5.162694631204529649 ) ) ;
#306 = AXIS2_PLACEMENT_3D ( 'NONE', #3765, #2799, #811 ) ;
#307 = VERTEX_POINT ( 'NONE', #1916 ) ;
#308 = VECTOR ( 'NONE', #1636, 1000.000000000000000 ) ;
#309 = CYLINDRICAL_SURFACE ( 'NONE', #652, 2.000000000000002220 ) ;
#310 = EDGE_CURVE ( 'NONE', #4082, #3944, #1593, .T. ) ;
#311 = CARTESIAN_POINT ( 'NONE',  ( -1.501040669211631018E-10, 6.000000000000000000, -4.649999999692551178 ) ) ;
#312 = CARTESIAN_POINT ( 'NONE',  ( -14.42203445101632120, 9.622359988613190751, -31.82217424402758610 ) ) ;
#313 = CIRCLE ( 'NONE', #3193, 16.00000000000000000 ) ;
#314 = EDGE_LOOP ( 'NONE', ( #401, #3459, #3871, #1319 ) ) ;
#315 = ORIENTED_EDGE ( 'NONE', *, *, #1485, .F. ) ;
#316 = DIRECTION ( 'NONE',  ( 0.000000000000000000, 1.000000000000000000, 0.000000000000000000 ) ) ;
#317 = DIRECTION ( 'NONE',  ( 0.000000000000000000, -0.7987925879476793778, -0.6016065171188298422 ) ) ;
#318 = CARTESIAN_POINT ( 'NONE',  ( -13.00000000000000178, 4.180474516062807844, -8.877772438524477394 ) ) ;
#319 = CARTESIAN_POINT ( 'NONE',  ( 14.06741945410353445, 6.978015741079127920, -33.23505680343567548 ) ) ;
#320 = ORIENTED_EDGE ( 'NONE', *, *, #3698, .T. ) ;
#321 = VERTEX_POINT ( 'NONE', #3928 ) ;
#322 = EDGE_CURVE ( 'NONE', #911, #288, #2126, .T. ) ;
#323 = DIRECTION ( 'NONE',  ( -1.000000000000000000, 0.000000000000000000, 0.000000000000000000 ) ) ;
#324 = DIRECTION ( 'NONE',  ( 0.000000000000000000, -0.6016065171188300642, 0.7987925879476791557 ) ) ;
#325 = CYLINDRICAL_SURFACE ( 'NONE', #4031, 1.699999999999998401 ) ;
#326 = ADVANCED_FACE ( 'NONE', ( #3086 ), #4068, .F. ) ;
#327 = CARTESIAN_POINT ( 'NONE',  ( -15.36068150747251693, 7.698374324737886631, -34.38795459150863820 ) ) ;
#328 = CARTESIAN_POINT ( 'NONE',  ( 13.07947701625055359, 8.404562653121987026, -29.11446806584127245 ) ) ;
#329 = CARTESIAN_POINT ( 'NONE',  ( 12.49999999999999467, 24.00000000000000000, -23.64879701061938633 ) ) ;
#330 = ORIENTED_EDGE ( 'NONE', *, *, #3858, .F. ) ;
#331 = DIRECTION ( 'NONE',  ( 0.000000000000000000, 0.000000000000000000, 1.000000000000000000 ) ) ;
#332 = CARTESIAN_POINT ( 'NONE',  ( -12.79656156629142494, 2.989010220495983194, -6.475028656340938937 ) ) ;
#333 = FACE_OUTER_BOUND ( 'NONE', #2683, .T. ) ;
#334 = CARTESIAN_POINT ( 'NONE',  ( -13.60109087360109825, 9.964679558169340368, -31.33086352014899489 ) ) ;
#335 = ORIENTED_EDGE ( 'NONE', *, *, #267, .F. ) ;
#336 = CARTESIAN_POINT ( 'NONE',  ( -12.68389498309202423, 5.694342589996414183, -31.70543028881151670 ) ) ;
#337 = CARTESIAN_POINT ( 'NONE',  ( -1.501113916175680507E-10, 31.76345742619379564, -8.349999999432505149 ) ) ;
#338 = VECTOR ( 'NONE', #2744, 1000.000000000000000 ) ;
#339 = CARTESIAN_POINT ( 'NONE',  ( -13.00000000000000000, 3.357989353210917738, -6.314355874534842705 ) ) ;
#340 = CARTESIAN_POINT ( 'NONE',  ( 13.41222754071437073, 6.401802257772154725, -32.12911372925115217 ) ) ;
#341 = ORIENTED_EDGE ( 'NONE', *, *, #3307, .T. ) ;
#342 = VECTOR ( 'NONE', #2542, 1000.000000000000227 ) ;
#343 = VERTEX_POINT ( 'NONE', #816 ) ;
#344 = CARTESIAN_POINT ( 'NONE',  ( 13.74979497418063445, 6.785896896948055534, -33.83109800600469441 ) ) ;
#345 = CARTESIAN_POINT ( 'NONE',  ( -25.00000000000000711, 31.76345742619379209, -60.55230722393334020 ) ) ;
#346 = CARTESIAN_POINT ( 'NONE',  ( -12.52152287653914620, 8.773772360552877458, -28.57396272594298736 ) ) ;
#347 = PRODUCT_DEFINITION_FORMATION_WITH_SPECIFIED_SOURCE ( 'ไป', '', #3633, .NOT_KNOWN. ) ;
#348 = CARTESIAN_POINT ( 'NONE',  ( -15.04861802847079133, 7.556692914604753675, -34.17750275845439489 ) ) ;
#349 = CARTESIAN_POINT ( 'NONE',  ( 12.50002053326280560, 8.679625528797142664, -28.27336615489940286 ) ) ;
#350 = CARTESIAN_POINT ( 'NONE',  ( 12.67584046966648081, 3.621673055879594205, -8.571454581149710705 ) ) ;
#351 = EDGE_CURVE ( 'NONE', #555, #117, #4089, .T. ) ;
#352 = EDGE_LOOP ( 'NONE', ( #960, #900 ) ) ;
#353 = CARTESIAN_POINT ( 'NONE',  ( -27.00000000000000711, 28.06527359269867716, -61.45974115192770881 ) ) ;
#354 = CARTESIAN_POINT ( 'NONE',  ( -12.90842379119789918, 2.051485543465942918, -4.172849038733688509 ) ) ;
#355 = DIRECTION ( 'NONE',  ( -1.000000000000000000, 0.000000000000000000, -0.000000000000000000 ) ) ;
#356 = CARTESIAN_POINT ( 'NONE',  ( -16.55464020905690958, 10.50774811138542297, -33.16080936865881768 ) ) ;
#357 = VERTEX_POINT ( 'NONE', #3460 ) ;
#358 = VERTEX_POINT ( 'NONE', #447 ) ;
#359 = DIRECTION ( 'NONE',  ( -0.000000000000000000, 0.7987925879476791557, 0.6016065171188301752 ) ) ;
#360 = FACE_OUTER_BOUND ( 'NONE', #2930, .T. ) ;
#361 = DIRECTION ( 'NONE',  ( -0.000000000000000000, 0.7987925879476791557, 0.6016065171188300642 ) ) ;
#362 = CARTESIAN_POINT ( 'NONE',  ( 14.73095158813963934, 7.393553754475645334, -33.92582288272858904 ) ) ;
#363 = VERTEX_POINT ( 'NONE', #2465 ) ;
#364 = ORIENTED_EDGE ( 'NONE', *, *, #1721, .T. ) ;
#365 = DIRECTION ( 'NONE',  ( 0.000000000000000000, 0.000000000000000000, -1.000000000000000000 ) ) ;
#366 = CARTESIAN_POINT ( 'NONE',  ( -15.05772729483294370, 9.960862679752109372, -32.37375698009646641 ) ) ;
#367 = LINE ( 'NONE', #2698, #377 ) ;
#368 = EDGE_CURVE ( 'NONE', #1283, #635, #142, .T. ) ;
#369 = CARTESIAN_POINT ( 'NONE',  ( 13.00000000000000178, 4.364103488218180615, -9.830233965945083696 ) ) ;
#370 = CARTESIAN_POINT ( 'NONE',  ( 14.72234808420201801, 9.792953292858181058, -32.10783751056331425 ) ) ;
#371 = AXIS2_PLACEMENT_3D ( 'NONE', #392, #1100, #1405 ) ;
#372 = VECTOR ( 'NONE', #1184, 1000.000000000000114 ) ;
#373 = ORIENTED_EDGE ( 'NONE', *, *, #3698, .F. ) ;
#374 = CARTESIAN_POINT ( 'NONE',  ( -12.97710291109630276, 1.035480301093670619, -2.039250616381794945 ) ) ;
#375 = DIRECTION ( 'NONE',  ( -1.000000000000000000, -2.609052371366690111E-16, 3.464210636872764096E-16 ) ) ;
#376 = PLANE ( 'NONE',  #4129 ) ;
#377 = VECTOR ( 'NONE', #1115, 1000.000000000000000 ) ;
#378 = VERTEX_POINT ( 'NONE', #3152 ) ;
#379 = EDGE_CURVE ( 'NONE', #466, #2633, #1744, .T. ) ;
#380 = CARTESIAN_POINT ( 'NONE',  ( 20.00000000000000000, 15.01746213942714547, -44.96641071838748616 ) ) ;
#381 = CARTESIAN_POINT ( 'NONE',  ( -12.99999999999999822, 0.4342217804026702876, -0.7248505551885772169 ) ) ;
#382 = CARTESIAN_POINT ( 'NONE',  ( 13.22515272059485092, 6.165981014368706603, -31.60948120518612114 ) ) ;
#383 = AXIS2_PLACEMENT_3D ( 'NONE', #1624, #3849, #3251 ) ;
#384 = VERTEX_POINT ( 'NONE', #467 ) ;
#385 = ORIENTED_EDGE ( 'NONE', *, *, #3554, .T. ) ;
#386 = CARTESIAN_POINT ( 'NONE',  ( 14.10292223525044619, 7.022289292604068756, -34.22051125530939686 ) ) ;
#387 = FACE_OUTER_BOUND ( 'NONE', #2074, .T. ) ;
#388 = DIRECTION ( 'NONE',  ( -0.000000000000000000, 1.000000000000000000, -0.000000000000000000 ) ) ;
#389 = EDGE_CURVE ( 'NONE', #2053, #384, #1540, .T. ) ;
#390 = CARTESIAN_POINT ( 'NONE',  ( 13.89467750965435933, 9.270552597252869731, -31.18130779146886411 ) ) ;
#391 = EDGE_LOOP ( 'NONE', ( #1990, #3757, #1132, #614 ) ) ;
#392 = CARTESIAN_POINT ( 'NONE',  ( -1.745325337799533004E-15, 21.97135497860653430, -51.87244969751361623 ) ) ;
#393 = CARTESIAN_POINT ( 'NONE',  ( -12.96557626402918295, 1.268219649521528991, -2.510425200587837580 ) ) ;
#394 = PLANE ( 'NONE',  #794 ) ;
#395 = CARTESIAN_POINT ( 'NONE',  ( -13.07947701625065662, 8.404562653122198412, -29.11446806584191194 ) ) ;
#396 = ORIENTED_EDGE ( 'NONE', *, *, #3336, .F. ) ;
#397 = FACE_OUTER_BOUND ( 'NONE', #3302, .T. ) ;
#398 = CARTESIAN_POINT ( 'NONE',  ( 18.30000000000000426, 20.85304535547978588, -52.71469882147997055 ) ) ;
#399 = CARTESIAN_POINT ( 'NONE',  ( 15.04111686647379287, 9.954033059405908546, -32.36376682916615977 ) ) ;
#400 = EDGE_CURVE ( 'NONE', #117, #73, #4113, .T. ) ;
#401 = ORIENTED_EDGE ( 'NONE', *, *, #4242, .F. ) ;
#402 = EDGE_LOOP ( 'NONE', ( #1355, #1725, #917, #2528 ) ) ;
#403 = AXIS2_PLACEMENT_3D ( 'NONE', #4261, #3860, #3511 ) ;
#404 = LINE ( 'NONE', #1677, #1097 ) ;
#405 = CARTESIAN_POINT ( 'NONE',  ( -13.78091225309481160, 9.181547275894212490, -31.00453944917364169 ) ) ;
#406 = LINE ( 'NONE', #1720, #3402 ) ;
#407 = MECHANICAL_DESIGN_GEOMETRIC_PRESENTATION_REPRESENTATION (  '', ( #3433 ), #4254 ) ;
#408 = LINE ( 'NONE', #1722, #231 ) ;
#409 = CIRCLE ( 'NONE', #894, 1.350000000104089048 ) ;
#410 = VERTEX_POINT ( 'NONE', #3769 ) ;
#411 = DIRECTION ( 'NONE',  ( 0.000000000000000000, 0.6016065171188302863, -0.7987925879476790447 ) ) ;
#412 = ORIENTED_EDGE ( 'NONE', *, *, #3160, .T. ) ;
#413 = CARTESIAN_POINT ( 'NONE',  ( -12.81607441253395585, 2.857530960160392652, -6.113918428830385388 ) ) ;
#414 = LINE ( 'NONE', #1001, #2917 ) ;
#415 = CYLINDRICAL_SURFACE ( 'NONE', #752, 4.999999999999999112 ) ;
#416 = ORIENTED_EDGE ( 'NONE', *, *, #3239, .T. ) ;
#417 = CARTESIAN_POINT ( 'NONE',  ( 15.77961911161618680, 7.865140470882736601, -34.62740638382418723 ) ) ;
#418 = CARTESIAN_POINT ( 'NONE',  ( -13.00000000000000000, 0.4204153982221263686, -0.7017349739530706065 ) ) ;
#419 = CARTESIAN_POINT ( 'NONE',  ( 16.69230769230773603, 10.54225775250073127, -33.20663104095043394 ) ) ;
#420 = EDGE_LOOP ( 'NONE', ( #4247, #895, #2068, #4134 ) ) ;
#421 = ORIENTED_EDGE ( 'NONE', *, *, #2136, .T. ) ;
#422 = CARTESIAN_POINT ( 'NONE',  ( 13.94726083511511305, 6.922239267110500194, -34.05812835797432570 ) ) ;
#423 = ADVANCED_FACE ( 'NONE', ( #3106 ), #1761, .F. ) ;
#424 = CARTESIAN_POINT ( 'NONE',  ( -14.13876549817394768, 9.443814464812616549, -31.50708670358437402 ) ) ;
#425 = CARTESIAN_POINT ( 'NONE',  ( -1.514515521593747970E-10, 5.999999999999998224, 1.350000000151683643 ) ) ;
#426 = CARTESIAN_POINT ( 'NONE',  ( -25.00000000000001066, 62.47005978620111932, 5.324730073291809695 ) ) ;
#427 = ADVANCED_FACE ( 'NONE', ( #1481 ), #2173, .F. ) ;
#428 = CARTESIAN_POINT ( 'NONE',  ( 14.42203445101451820, 9.622359988612108950, -31.82217424402574579 ) ) ;
#429 = ORIENTED_EDGE ( 'NONE', *, *, #1691, .T. ) ;
#430 = CARTESIAN_POINT ( 'NONE',  ( 13.00000000000000355, 0.1982982791273841250, -0.3306061045574896773 ) ) ;
#431 = CARTESIAN_POINT ( 'NONE',  ( -15.57094675669715933, 7.734275387296511539, -35.28615232689123360 ) ) ;
#432 = AXIS2_PLACEMENT_3D ( 'NONE', #2070, #359, #4057 ) ;
#433 = CARTESIAN_POINT ( 'NONE',  ( 24.99999999999999289, 8.423544535020255353, -35.38012409443657447 ) ) ;
#434 = DIRECTION ( 'NONE',  ( 0.000000000000000000, 0.000000000000000000, 1.000000000000000000 ) ) ;
#435 = CARTESIAN_POINT ( 'NONE',  ( 13.00000000000000000, 8.112578415917022667, -28.10299002502895149 ) ) ;
#436 = AXIS2_PLACEMENT_3D ( 'NONE', #510, #489, #3743 ) ;
#437 = ORIENTED_EDGE ( 'NONE', *, *, #1458, .F. ) ;
#438 = ADVANCED_FACE ( 'NONE', ( #2444 ), #2834, .T. ) ;
#439 = AXIS2_PLACEMENT_3D ( 'NONE', #283, #1317, #50 ) ;
#440 = DIRECTION ( 'NONE',  ( 0.000000000000000000, 0.9902317035601027051, -0.1394316078385989255 ) ) ;
#441 = CARTESIAN_POINT ( 'NONE',  ( -13.00000000000000000, 0.3249846465150317831, -0.5420981791459382748 ) ) ;
#442 = CARTESIAN_POINT ( 'NONE',  ( 15.95595611871553388, 10.32473736378822338, -32.90981386875760961 ) ) ;
#443 = VECTOR ( 'NONE', #2111, 1000.000000000000000 ) ;
#444 = CIRCLE ( 'NONE', #95, 1.699999999999998401 ) ;
#445 = ORIENTED_EDGE ( 'NONE', *, *, #3074, .F. ) ;
#446 = ORIENTED_EDGE ( 'NONE', *, *, #574, .F. ) ;
#447 = CARTESIAN_POINT ( 'NONE',  ( 12.50000000000000711, 8.000000000000000000, 0.000000000000000000 ) ) ;
#448 = CARTESIAN_POINT ( 'NONE',  ( -13.60891117772108316, 9.037814219247355396, -30.70808442701831709 ) ) ;
#449 = CARTESIAN_POINT ( 'NONE',  ( 0.000000000000000000, 7.499999999999996447, 0.000000000000000000 ) ) ;
#450 = VECTOR ( 'NONE', #2166, 1000.000000000000000 ) ;
#451 = CARTESIAN_POINT ( 'NONE',  ( 7.799999999999999822, 4.000000000000000000, 0.000000000000000000 ) ) ;
#452 = CARTESIAN_POINT ( 'NONE',  ( 14.32685532564200948, 9.564362821711291929, -31.72163231949749118 ) ) ;
#453 = ADVANCED_FACE ( 'NONE', ( #3129 ), #2289, .T. ) ;
#454 = ORIENTED_EDGE ( 'NONE', *, *, #389, .F. ) ;
#455 = LINE ( 'NONE', #2048, #1195 ) ;
#456 = ORIENTED_EDGE ( 'NONE', *, *, #2836, .F. ) ;
#457 = FACE_OUTER_BOUND ( 'NONE', #391, .T. ) ;
#458 = DIRECTION ( 'NONE',  ( 0.000000000000000000, 0.6016065171188311744, -0.7987925879476782676 ) ) ;
#459 = CARTESIAN_POINT ( 'NONE',  ( 7.799999999999999822, 4.000000000000000000, 0.000000000000000000 ) ) ;
#460 = DIRECTION ( 'NONE',  ( 0.000000000000000000, -0.6016065171188298422, 0.7987925879476793778 ) ) ;
#461 = ORIENTED_EDGE ( 'NONE', *, *, #4120, .T. ) ;
#462 = CARTESIAN_POINT ( 'NONE',  ( 12.49999999999999112, 4.000000000000000000, -11.52171862180292194 ) ) ;
#463 = CARTESIAN_POINT ( 'NONE',  ( -25.00000000000000711, 28.56828707440307014, -62.95873329240863825 ) ) ;
#464 = DIRECTION ( 'NONE',  ( 1.000000000000000000, -0.000000000000000000, -0.000000000000000000 ) ) ;
#465 = ORIENTED_EDGE ( 'NONE', *, *, #4105, .F. ) ;
#466 = VERTEX_POINT ( 'NONE', #837 ) ;
#467 = CARTESIAN_POINT ( 'NONE',  ( -1.501037178968253403E-10, 8.000000000000000000, -9.849999999692542474 ) ) ;
#468 = LINE ( 'NONE', #2761, #3541 ) ;
#469 = DIRECTION ( 'NONE',  ( -0.000000000000000000, -1.000000000000000000, -0.000000000000000000 ) ) ;
#470 = CARTESIAN_POINT ( 'NONE',  ( 16.49999999999995737, 11.21931859283713351, -33.27450128452068867 ) ) ;
#471 = EDGE_CURVE ( 'NONE', #1717, #555, #187, .T. ) ;
#472 = DIRECTION ( 'NONE',  ( 0.000000000000000000, 1.000000000000000000, 0.000000000000000000 ) ) ;
#473 = LINE ( 'NONE', #3775, #3741 ) ;
#474 = ORIENTED_EDGE ( 'NONE', *, *, #2876, .F. ) ;
#475 = VECTOR ( 'NONE', #689, 1000.000000000000000 ) ;
#476 = CARTESIAN_POINT ( 'NONE',  ( 12.99999999999999645, 0.2912067216969697614, -0.4856677139048109493 ) ) ;
#477 = CARTESIAN_POINT ( 'NONE',  ( -13.82526275300643093, 6.793334482662086948, -32.90274868856805313 ) ) ;
#478 = CARTESIAN_POINT ( 'NONE',  ( -15.96241914587490385, 7.930248638902796188, -34.71860159000223689 ) ) ;
#479 = EDGE_CURVE ( 'NONE', #2274, #3440, #854, .T. ) ;
#480 = CARTESIAN_POINT ( 'NONE',  ( -16.69230769231202416, 10.54225775250182906, -33.20663104095184082 ) ) ;
#481 = DIRECTION ( 'NONE',  ( 0.000000000000000000, 0.000000000000000000, -1.000000000000000000 ) ) ;
#482 = DIRECTION ( 'NONE',  ( 0.000000000000000000, -8.896017825522089585E-16, 1.000000000000000000 ) ) ;
#483 = AXIS2_PLACEMENT_3D ( 'NONE', #3903, #3538, #1315 ) ;
#484 = EDGE_LOOP ( 'NONE', ( #2651, #295, #40, #2015 ) ) ;
#485 = CARTESIAN_POINT ( 'NONE',  ( 12.86553401211548575, 2.477375376256294004, -5.145867877870172968 ) ) ;
#486 = CARTESIAN_POINT ( 'NONE',  ( 18.30000000000000426, 19.23536357031985844, -43.91793204942322149 ) ) ;
#487 = CARTESIAN_POINT ( 'NONE',  ( 14.53308574228941197, 9.687134543988403124, -31.93203675481179360 ) ) ;
#488 = ORIENTED_EDGE ( 'NONE', *, *, #4092, .T. ) ;
#489 = DIRECTION ( 'NONE',  ( 1.000000000000000000, 2.609052371366695534E-16, -3.464210636872771491E-16 ) ) ;
#490 = CARTESIAN_POINT ( 'NONE',  ( 21.69999999999998863, 28.86909033296250016, -63.35812958638249626 ) ) ;
#491 = CARTESIAN_POINT ( 'NONE',  ( 13.23719882833922767, 6.372958834229731195, -33.10279794686766763 ) ) ;
#492 = DIRECTION ( 'NONE',  ( 0.000000000000000000, 1.000000000000000000, 0.000000000000000000 ) ) ;
#493 = FACE_OUTER_BOUND ( 'NONE', #2408, .T. ) ;
#494 = CARTESIAN_POINT ( 'NONE',  ( -27.00000000000000711, 30.46165135654169731, -59.65492160057122817 ) ) ;
#495 = EDGE_CURVE ( 'NONE', #2067, #358, #4049, .T. ) ;
#496 = CARTESIAN_POINT ( 'NONE',  ( 13.00000000000000178, 1.474410721564755722, -2.504210512701019464 ) ) ;
#497 = CARTESIAN_POINT ( 'NONE',  ( -13.02032102666964342, 5.759975652520260780, -30.58901250759693369 ) ) ;
#498 = CARTESIAN_POINT ( 'NONE',  ( -12.55811165484864489, 3.964228286382093458, -10.53563107059234305 ) ) ;
#499 = CYLINDRICAL_SURFACE ( 'NONE', #889, 2.000000000000001776 ) ;
#500 = DIRECTION ( 'NONE',  ( -0.000000000000000000, 1.000000000000000000, -0.000000000000000000 ) ) ;
#501 = ADVANCED_FACE ( 'NONE', ( #3726 ), #1092, .T. ) ;
#502 = ORIENTED_EDGE ( 'NONE', *, *, #2472, .T. ) ;
#503 = CARTESIAN_POINT ( 'NONE',  ( 12.79077417407721917, 3.028149467860117294, -6.582151748029603233 ) ) ;
#504 = DIRECTION ( 'NONE',  ( -1.000000000000000000, 0.000000000000000000, 0.000000000000000000 ) ) ;
#505 = CARTESIAN_POINT ( 'NONE',  ( -15.26099504154134756, 10.83186685729555698, -32.73729519576201596 ) ) ;
#506 = VECTOR ( 'NONE', #1176, 1000.000000000000227 ) ;
#507 = AXIS2_PLACEMENT_3D ( 'NONE', #3303, #1102, #2430 ) ;
#508 = EDGE_CURVE ( 'NONE', #1101, #2633, #3216, .T. ) ;
#509 = LINE ( 'NONE', #3853, #2023 ) ;
#510 = CARTESIAN_POINT ( 'NONE',  ( 21.69999999999999218, 1.710955489406137175, -67.13146506150235382 ) ) ;
#511 = CARTESIAN_POINT ( 'NONE',  ( -12.49999999999999467, 24.00000000000000000, -23.64879701061938633 ) ) ;
#512 = CIRCLE ( 'NONE', #2908, 1.925000000000000266 ) ;
#513 = CARTESIAN_POINT ( 'NONE',  ( 14.37205039714795340, 7.186717540163207296, -34.48276992771347693 ) ) ;
#514 = VECTOR ( 'NONE', #1651, 1000.000000000000000 ) ;
#515 = CARTESIAN_POINT ( 'NONE',  ( 13.00000000000000178, 0.000000000000000000, 0.000000000000000000 ) ) ;
#516 = ORIENTED_EDGE ( 'NONE', *, *, #3554, .F. ) ;
#517 = AXIS2_PLACEMENT_3D ( 'NONE', #3642, #3680, #766 ) ;
#518 = DIRECTION ( 'NONE',  ( 0.000000000000000000, 0.000000000000000000, 1.000000000000000000 ) ) ;
#519 = CARTESIAN_POINT ( 'NONE',  ( 13.00000000000000000, 24.00000000000000000, -23.64879701061938633 ) ) ;
#520 = AXIS2_PLACEMENT_3D ( 'NONE', #1023, #2623, #52 ) ;
#521 = EDGE_CURVE ( 'NONE', #4190, #3692, #3855, .T. ) ;
#522 = CARTESIAN_POINT ( 'NONE',  ( 13.00000000000000533, 1.898798581700253285, -3.268337252361436907 ) ) ;
#523 = CARTESIAN_POINT ( 'NONE',  ( -14.69826364554076115, 7.374970809045945153, -33.89616098218679952 ) ) ;
#524 = CARTESIAN_POINT ( 'NONE',  ( -6.212399911202976632, 7.999999999999996447, -28.99999999999999645 ) ) ;
#525 = FACE_OUTER_BOUND ( 'NONE', #636, .T. ) ;
#526 = CARTESIAN_POINT ( 'NONE',  ( -12.99999999999999822, 4.193686305044056262, -8.929188985969027215 ) ) ;
#527 = CARTESIAN_POINT ( 'NONE',  ( 7.799999999999999822, 4.000000000000000000, -1.925000000000002265 ) ) ;
#528 = ORIENTED_EDGE ( 'NONE', *, *, #3880, .T. ) ;
#529 = CARTESIAN_POINT ( 'NONE',  ( 12.92679280162947286, 1.853189551332771190, -3.730406238015228748 ) ) ;
#530 = CARTESIAN_POINT ( 'NONE',  ( -20.00000000000000000, 15.01746213942712416, -44.96641071838747905 ) ) ;
#531 = CARTESIAN_POINT ( 'NONE',  ( 13.57930680770943432, 9.010174758880914681, -30.64736583918258006 ) ) ;
#532 = EDGE_LOOP ( 'NONE', ( #745, #3703, #756, #1042 ) ) ;
#533 = VERTEX_POINT ( 'NONE', #556 ) ;
#534 = DIRECTION ( 'NONE',  ( -0.7071067811865414665, 0.7071067811865536790, 0.000000000000000000 ) ) ;
#535 = LINE ( 'NONE', #3770, #2045 ) ;
#536 = CARTESIAN_POINT ( 'NONE',  ( 14.04879601325091976, 6.989220551854627317, -34.16776756990895336 ) ) ;
#537 = EDGE_CURVE ( 'NONE', #4044, #363, #2825, .T. ) ;
#538 = ORIENTED_EDGE ( 'NONE', *, *, #2904, .T. ) ;
#539 = CARTESIAN_POINT ( 'NONE',  ( -7.800000000000025580, 4.000000000000000000, -1.431146867680865853E-13 ) ) ;
#540 = B_SPLINE_CURVE_WITH_KNOTS ( 'NONE', 3,
 ( #3498, #4104, #892, #3826, #3431, #157, #1534, #202, #3782, #1473, #2477, #829, #4183, #1558, #3142, #4144, #4164, #2498, #2456, #1797, #872, #1213, #1148, #547, #2186, #1233, #2204, #2139 ),
 .UNSPECIFIED., .F., .F.,
 ( 4, 1, 2, 2, 1, 2, 2, 2, 2, 2, 2, 2, 2, 2, 4 ),
 ( 0.000000000000000000, 0.06250000000000190126, 0.09375000000000338618, 0.1250000000000048572, 0.1875000000000065503, 0.2187500000000065503, 0.2500000000000065503, 0.3750000000000051625, 0.4375000000000045519, 0.5000000000000038858, 0.6250000000000031086, 0.7500000000000023315, 0.8125000000000021094, 0.8750000000000017764, 1.000000000000000000 ),
 .UNSPECIFIED. ) ;
#541 = DIRECTION ( 'NONE',  ( 0.000000000000000000, -1.000000000000000000, 0.000000000000000000 ) ) ;
#542 = CARTESIAN_POINT ( 'NONE',  ( 12.99999999999999822, 3.133678013149711727, -5.775539395590327807 ) ) ;
#543 = DIRECTION ( 'NONE',  ( 0.000000000000000000, 0.7987925879476767133, 0.6016065171188335059 ) ) ;
#544 = CIRCLE ( 'NONE', #3504, 2.349999999999999645 ) ;
#545 = CARTESIAN_POINT ( 'NONE',  ( -14.59363211205652178, 10.54652007551831261, -32.31160198512180415 ) ) ;
#546 = CARTESIAN_POINT ( 'NONE',  ( -12.79077417407723338, 3.028149467860049793, -6.582151748029412275 ) ) ;
#547 = CARTESIAN_POINT ( 'NONE',  ( 15.36042885247038114, 10.87085359129080686, -32.79395611193330495 ) ) ;
#548 = VECTOR ( 'NONE', #2356, 1000.000000000000114 ) ;
#549 = EDGE_LOOP ( 'NONE', ( #83, #67, #1064, #1831 ) ) ;
#550 = CARTESIAN_POINT ( 'NONE',  ( -12.99505546807624867, 0.4858065536741574819, -0.9492340955233801170 ) ) ;
#551 = ADVANCED_FACE ( 'NONE', ( #1868 ), #2550, .F. ) ;
#552 = LINE ( 'NONE', #4084, #1554 ) ;
#553 = CARTESIAN_POINT ( 'NONE',  ( -14.25424347192555352, 10.36846672478801068, -32.02704890149942685 ) ) ;
#554 = ORIENTED_EDGE ( 'NONE', *, *, #3565, .F. ) ;
#555 = VERTEX_POINT ( 'NONE', #1909 ) ;
#556 = CARTESIAN_POINT ( 'NONE',  ( 19.00000000000000000, 8.423544535020248247, -35.38012409443658157 ) ) ;
#557 = CARTESIAN_POINT ( 'NONE',  ( 13.00000000000000000, 5.569582938477564582, -30.01823395106735148 ) ) ;
#558 = CYLINDRICAL_SURFACE ( 'NONE', #3331, 1.349999999921932758 ) ;
#559 = ORIENTED_EDGE ( 'NONE', *, *, #1125, .F. ) ;
#560 = CARTESIAN_POINT ( 'NONE',  ( 24.99999999999999289, 31.66486439077936055, -61.25250677646659625 ) ) ;
#561 = DIRECTION ( 'NONE',  ( 0.000000000000000000, 0.1394316078385993973, 0.9902317035601025941 ) ) ;
#562 = EDGE_CURVE ( 'NONE', #1365, #740, #1054, .T. ) ;
#563 = CARTESIAN_POINT ( 'NONE',  ( 13.00000000000000178, 3.684860195921481285, -7.177421892608326637 ) ) ;
#564 = CARTESIAN_POINT ( 'NONE',  ( -13.00000000000000000, 5.569582938477573464, -30.01823395106734083 ) ) ;
#565 = CARTESIAN_POINT ( 'NONE',  ( -12.88768405723293320, 2.275445261910620243, -4.672508515359505843 ) ) ;
#566 = DIRECTION ( 'NONE',  ( 1.000000000000000000, 0.000000000000000000, 0.000000000000000000 ) ) ;
#567 = ORIENTED_EDGE ( 'NONE', *, *, #521, .T. ) ;
#568 = CARTESIAN_POINT ( 'NONE',  ( 13.00000000000000178, 1.066108870200731751, -1.791441603893850987 ) ) ;
#569 = CYLINDRICAL_SURFACE ( 'NONE', #2367, 20.00000000000000000 ) ;
#570 = CARTESIAN_POINT ( 'NONE',  ( -1.527918780284994303E-10, 5.999999999999998224, 8.350000000256144972 ) ) ;
#571 = VECTOR ( 'NONE', #189, 1000.000000000000114 ) ;
#572 = CONICAL_SURFACE ( 'NONE', #1879, 6.499999999999993783, 0.7853981633974419507 ) ;
#573 = EDGE_LOOP ( 'NONE', ( #116, #1842, #1155, #554 ) ) ;
#574 = EDGE_CURVE ( 'NONE', #1992, #1174, #1917, .T. ) ;
#575 = ORIENTED_EDGE ( 'NONE', *, *, #3171, .F. ) ;
#576 = CARTESIAN_POINT ( 'NONE',  ( -16.20333322445626933, 7.947873823498693646, -35.57965278622611294 ) ) ;
#577 = DIRECTION ( 'NONE',  ( -0.000000000000000000, 0.7987925879476792668, 0.6016065171188299532 ) ) ;
#578 = AXIS2_PLACEMENT_3D ( 'NONE', #3733, #3759, #107 ) ;
#579 = CARTESIAN_POINT ( 'NONE',  ( -12.99999999999999822, 1.212641098277237317, -2.046796503771159514 ) ) ;
#580 = DIRECTION ( 'NONE',  ( -1.000000000000000000, 0.000000000000000000, 0.000000000000000000 ) ) ;
#581 = AXIS2_PLACEMENT_3D ( 'NONE', #1351, #1393, #2653 ) ;
#582 = DIRECTION ( 'NONE',  ( 0.000000000000000000, 0.000000000000000000, -1.000000000000000000 ) ) ;
#583 = CARTESIAN_POINT ( 'NONE',  ( 13.00000000000000000, 2.264299076871608474, -3.956351852536513114 ) ) ;
#584 = CARTESIAN_POINT ( 'NONE',  ( 13.46923396879228285, 9.870307070828486573, -31.15673923814589230 ) ) ;
#585 = AXIS2_PLACEMENT_3D ( 'NONE', #812, #3806, #504 ) ;
#586 = CARTESIAN_POINT ( 'NONE',  ( 26.49999999999998934, 9.227361275284078346, -37.27851252889135480 ) ) ;
#587 = CARTESIAN_POINT ( 'NONE',  ( 12.58685791019902567, 3.899905504589511906, -10.05597319814798141 ) ) ;
#588 = EDGE_CURVE ( 'NONE', #2684, #378, #637, .T. ) ;
#589 = AXIS2_PLACEMENT_3D ( 'NONE', #1967, #355, #3277 ) ;
#590 = ORIENTED_EDGE ( 'NONE', *, *, #4204, .T. ) ;
#591 = CARTESIAN_POINT ( 'NONE',  ( -12.99736239100968938, 0.3522219311205940229, -0.6875999531259145980 ) ) ;
#592 = DIRECTION ( 'NONE',  ( 0.000000000000000000, 1.000000000000000000, 0.000000000000000000 ) ) ;
#593 = CARTESIAN_POINT ( 'NONE',  ( 13.42451089617744486, 8.867084909641862467, -30.33479551230072602 ) ) ;
#594 = ORIENTED_EDGE ( 'NONE', *, *, #3047, .T. ) ;
#595 = ORIENTED_EDGE ( 'NONE', *, *, #1246, .T. ) ;
#596 = CARTESIAN_POINT ( 'NONE',  ( -13.47857029151431796, 6.579182649839051322, -33.47399451098954160 ) ) ;
#597 = CARTESIAN_POINT ( 'NONE',  ( -1.501113916175680507E-10, 5.999999999999998224, -8.349999999432505149 ) ) ;
#598 = CARTESIAN_POINT ( 'NONE',  ( -12.99999999999999822, 3.893938595023259897, -7.807900421780083811 ) ) ;
#599 = EDGE_CURVE ( 'NONE', #2047, #3852, #2357, .T. ) ;
#600 = ORIENTED_EDGE ( 'NONE', *, *, #537, .F. ) ;
#601 = FACE_BOUND ( 'NONE', #3195, .T. ) ;
#602 = FACE_OUTER_BOUND ( 'NONE', #1669, .T. ) ;
#603 = EDGE_CURVE ( 'NONE', #3835, #1283, #2424, .T. ) ;
#604 = CARTESIAN_POINT ( 'NONE',  ( 26.99999999999999289, 62.47005978620111932, 5.324730073291809695 ) ) ;
#605 = CARTESIAN_POINT ( 'NONE',  ( 14.71764215782630636, 10.60185469900438626, -32.39521370913369225 ) ) ;
#606 = CARTESIAN_POINT ( 'NONE',  ( -12.99999999999999822, 3.679769473914487499, -7.167368380904306946 ) ) ;
#607 = CARTESIAN_POINT ( 'NONE',  ( -1.745325337799533004E-15, 21.97135497860653786, -51.87244969751361623 ) ) ;
#608 = EDGE_LOOP ( 'NONE', ( #4210, #3359, #3989, #3127 ) ) ;
#609 = ADVANCED_FACE ( 'NONE', ( #1284 ), #1605, .T. ) ;
#610 = CARTESIAN_POINT ( 'NONE',  ( 13.00000000000000178, 1.836941988060696085, -3.149376111324023508 ) ) ;
#611 = DIRECTION ( 'NONE',  ( 0.000000000000000000, 0.000000000000000000, -1.000000000000000000 ) ) ;
#612 = CARTESIAN_POINT ( 'NONE',  ( -12.61317426145634002, 8.977393225804478405, -29.15741167648867460 ) ) ;
#613 = VECTOR ( 'NONE', #323, 1000.000000000000000 ) ;
#614 = ORIENTED_EDGE ( 'NONE', *, *, #1295, .F. ) ;
#615 = EDGE_CURVE ( 'NONE', #2479, #466, #3912, .T. ) ;
#616 = AXIS2_PLACEMENT_3D ( 'NONE', #1083, #2412, #3718 ) ;
#617 = CARTESIAN_POINT ( 'NONE',  ( -14.60134911756511045, 7.311078693744051726, -34.67261854673277810 ) ) ;
#618 = CARTESIAN_POINT ( 'NONE',  ( 14.06356931511850306, 6.976072095509682214, -33.23230162917280239 ) ) ;
#619 = CARTESIAN_POINT ( 'NONE',  ( -12.99999999999999822, 2.868032757424828993, -5.182836116422561368 ) ) ;
#620 = CARTESIAN_POINT ( 'NONE',  ( 16.02684913335814443, 7.952063044956465987, -34.74884351688829298 ) ) ;
#621 = ORIENTED_EDGE ( 'NONE', *, *, #2288, .F. ) ;
#622 = CARTESIAN_POINT ( 'NONE',  ( -12.49999999999999467, 5.097008142028281341, -30.18155284697627039 ) ) ;
#623 = PLANE ( 'NONE',  #94 ) ;
#624 = DIRECTION ( 'NONE',  ( -1.000000000000000000, 0.000000000000000000, 0.000000000000000000 ) ) ;
#625 = ADVANCED_FACE ( 'NONE', ( #3257 ), #3507, .T. ) ;
#626 = CARTESIAN_POINT ( 'NONE',  ( -15.90719623385109038, 7.910832828117563942, -34.69147987290555335 ) ) ;
#627 = CARTESIAN_POINT ( 'NONE',  ( 13.00001895378105132, 8.186765501590462790, -28.39916466621995284 ) ) ;
#628 = CARTESIAN_POINT ( 'NONE',  ( 12.64021677521163944, 3.752921331599133214, -9.167138908907269013 ) ) ;
#629 = EDGE_LOOP ( 'NONE', ( #1436, #49 ) ) ;
#630 = DIRECTION ( 'NONE',  ( -0.4226182617406962772, 0.7239519426841420913, 0.5452406711967925368 ) ) ;
#631 = DIRECTION ( 'NONE',  ( 0.000000000000000000, -0.7987925879476793778, -0.6016065171188298422 ) ) ;
#632 = LINE ( 'NONE', #936, #1758 ) ;
#633 = CARTESIAN_POINT ( 'NONE',  ( -12.96877425902076553, 9.437209942917039740, -30.27680036954358656 ) ) ;
#634 = ADVANCED_FACE ( 'NONE', ( #457 ), #2727, .T. ) ;
#635 = VERTEX_POINT ( 'NONE', #1427 ) ;
#636 = EDGE_LOOP ( 'NONE', ( #2980, #416 ) ) ;
#637 = LINE ( 'NONE', #2910, #3246 ) ;
#638 = DIRECTION ( 'NONE',  ( 0.000000000000000000, -0.6016065171188291760, 0.7987925879476798219 ) ) ;
#639 = CARTESIAN_POINT ( 'NONE',  ( -13.00000000000000000, 1.974666420275513534, -3.408551278773342741 ) ) ;
#640 = CARTESIAN_POINT ( 'NONE',  ( 15.77145224856261940, 7.862267696969970743, -34.62340943231419743 ) ) ;
#641 = EDGE_CURVE ( 'NONE', #1704, #282, #3939, .T. ) ;
#642 = EDGE_LOOP ( 'NONE', ( #3682, #2753, #2900, #3910 ) ) ;
#643 = EDGE_LOOP ( 'NONE', ( #1685, #1196, #2151, #5 ) ) ;
#644 = CARTESIAN_POINT ( 'NONE',  ( -13.00000000000000000, 24.00000000000000000, -23.64879701061940764 ) ) ;
#645 = CIRCLE ( 'NONE', #711, 2.350000000000000089 ) ;
#646 = CARTESIAN_POINT ( 'NONE',  ( -13.32753561838448242, 8.758102241169590130, -30.07148737223336710 ) ) ;
#647 = CARTESIAN_POINT ( 'NONE',  ( -12.50002061837679079, 8.679978735087930275, -28.27463235735219982 ) ) ;
#648 = CARTESIAN_POINT ( 'NONE',  ( 13.00000000000000000, 4.378057781424630868, -9.922205910652762029 ) ) ;
#649 = CARTESIAN_POINT ( 'NONE',  ( 15.91632218242031094, 11.06011026673773578, -33.05965592941051057 ) ) ;
#650 = CIRCLE ( 'NONE', #3043, 1.500000000000017764 ) ;
#651 = CARTESIAN_POINT ( 'NONE',  ( 12.67387817209646883, 3.629526696762845450, -8.604380635685810574 ) ) ;
#652 = AXIS2_PLACEMENT_3D ( 'NONE', #3230, #2206, #2584 ) ;
#653 = EDGE_CURVE ( 'NONE', #410, #4190, #2696, .T. ) ;
#654 = ORIENTED_EDGE ( 'NONE', *, *, #1163, .T. ) ;
#655 = DIRECTION ( 'NONE',  ( -0.000000000000000000, 1.000000000000000000, -0.000000000000000000 ) ) ;
#656 = AXIS2_PLACEMENT_3D ( 'NONE', #2064, #1073, #2083 ) ;
#657 = CARTESIAN_POINT ( 'NONE',  ( -12.70274969640379759, 3.507314985999182344, -8.118260346532958138 ) ) ;
#658 = DIRECTION ( 'NONE',  ( 0.000000000000000000, -0.6016065171188291760, 0.7987925879476798219 ) ) ;
#659 = CARTESIAN_POINT ( 'NONE',  ( -12.67865245816601671, 9.085817116345999978, -29.44454543966503124 ) ) ;
#660 = ADVANCED_FACE ( 'NONE', ( #1970 ), #1701, .T. ) ;
#661 = CIRCLE ( 'NONE', #3051, 19.49999999999999645 ) ;
#662 = ORIENTED_EDGE ( 'NONE', *, *, #3817, .F. ) ;
#663 = EDGE_LOOP ( 'NONE', ( #3549, #733, #3978, #2549 ) ) ;
#664 = DIRECTION ( 'NONE',  ( -0.000000000000000000, 0.7987925879476791557, 0.6016065171188300642 ) ) ;
#665 = CARTESIAN_POINT ( 'NONE',  ( 4.999999999999999112, 1.710955489406137175, -67.13146506150236803 ) ) ;
#666 = CARTESIAN_POINT ( 'NONE',  ( -12.99999999999999822, 1.589827305465883578, -2.709076002725455456 ) ) ;
#667 = CARTESIAN_POINT ( 'NONE',  ( 12.61585542609737054, 5.566420671949201093, -31.40954224490564428 ) ) ;
#668 = EDGE_LOOP ( 'NONE', ( #595, #4197, #778, #2233 ) ) ;
#669 = CARTESIAN_POINT ( 'NONE',  ( 15.26632051009415036, 7.614763126586967523, -35.11721441605100580 ) ) ;
#670 = ADVANCED_FACE ( 'NONE', ( #4122 ), #3812, .T. ) ;
#671 = CARTESIAN_POINT ( 'NONE',  ( 0.000000000000000000, 8.000000000000000000, 0.000000000000000000 ) ) ;
#672 = DIRECTION ( 'NONE',  ( 0.000000000000000000, 0.000000000000000000, 1.000000000000000000 ) ) ;
#673 = CARTESIAN_POINT ( 'NONE',  ( 7.799999999999999822, 4.000000000000000000, 1.925000000000002265 ) ) ;
#674 = DIRECTION ( 'NONE',  ( 0.000000000000000000, -0.7987925879476793778, -0.6016065171188298422 ) ) ;
#675 = DIRECTION ( 'NONE',  ( 0.000000000000000000, -0.6016065171188306193, 0.7987925879476788227 ) ) ;
#676 = ORIENTED_EDGE ( 'NONE', *, *, #3307, .F. ) ;
#677 = CARTESIAN_POINT ( 'NONE',  ( -12.95837609150387593, 1.392938642494865098, -2.766371287111490496 ) ) ;
#678 = CARTESIAN_POINT ( 'NONE',  ( 7.799999999999999822, 8.000000000000000000, 0.000000000000000000 ) ) ;
#679 = CARTESIAN_POINT ( 'NONE',  ( -13.48901207066639074, 8.925839038163129402, -30.46207693197028021 ) ) ;
#680 = ORIENTED_EDGE ( 'NONE', *, *, #3904, .T. ) ;
#681 = EDGE_CURVE ( 'NONE', #1670, #1908, #2474, .T. ) ;
#682 = CARTESIAN_POINT ( 'NONE',  ( -12.74391544731108716, 5.792505528285063932, -31.92487745430005219 ) ) ;
#683 = FACE_OUTER_BOUND ( 'NONE', #2500, .T. ) ;
#684 = CARTESIAN_POINT ( 'NONE',  ( 20.00000000000000355, 20.85304535547979299, -52.71469882147997765 ) ) ;
#685 = CARTESIAN_POINT ( 'NONE',  ( 14.02555971050729156, 6.947550474374947882, -33.18133316578961001 ) ) ;
#686 = B_SPLINE_CURVE_WITH_KNOTS ( 'NONE', 3,
 ( #1399, #100, #1420, #3108, #4137, #1224, #513, #536, #1158, #3154, #232, #3813, #491, #1806, #3746, #3420, #167, #4175, #3793, #1178, #881, #3771, #2762, #1828, #1484 ),
 .UNSPECIFIED., .F., .F.,
 ( 4, 2, 2, 2, 2, 2, 2, 1, 2, 2, 2, 2, 4 ),
 ( 0.000000000000000000, 0.1249999999999978351, 0.2499999999999957812, 0.3749999999999937272, 0.4374999999999926170, 0.4999999999999915623, 0.6249999999999912292, 0.6874999999999913403, 0.7187499999999913403, 0.7499999999999913403, 0.8124999999999941158, 0.8749999999999967804, 1.000000000000000000 ),
 .UNSPECIFIED. ) ;
#687 = VECTOR ( 'NONE', #2052, 1000.000000000000114 ) ;
#688 = ORIENTED_EDGE ( 'NONE', *, *, #3483, .T. ) ;
#689 = DIRECTION ( 'NONE',  ( -0.000000000000000000, 0.7987925879476791557, 0.6016065171188300642 ) ) ;
#690 = CARTESIAN_POINT ( 'NONE',  ( -16.26890225148648739, 10.42539535614778146, -33.04919366649791357 ) ) ;
#691 = FACE_OUTER_BOUND ( 'NONE', #2781, .T. ) ;
#692 = CARTESIAN_POINT ( 'NONE',  ( -15.92880567255186897, 7.918371973053929480, -34.70199500726419473 ) ) ;
#693 = CARTESIAN_POINT ( 'NONE',  ( 15.67308124675544789, 10.22271762509554982, -32.76480713171092418 ) ) ;
#694 = EDGE_CURVE ( 'NONE', #1907, #758, #219, .T. ) ;
#695 = ORIENTED_EDGE ( 'NONE', *, *, #2826, .F. ) ;
#696 = CARTESIAN_POINT ( 'NONE',  ( -12.60142199165421140, 3.865804670642224217, -9.813136841434873858 ) ) ;
#697 = DIRECTION ( 'NONE',  ( 0.000000000000000000, -0.000000000000000000, 1.000000000000000000 ) ) ;
#698 = CARTESIAN_POINT ( 'NONE',  ( -15.64180662257547461, 10.21075840438635929, -32.74755046878771481 ) ) ;
#699 = ORIENTED_EDGE ( 'NONE', *, *, #281, .F. ) ;
#700 = VERTEX_POINT ( 'NONE', #1837 ) ;
#701 = DIRECTION ( 'NONE',  ( 0.000000000000000000, 0.000000000000000000, 1.000000000000000000 ) ) ;
#702 = CARTESIAN_POINT ( 'NONE',  ( -12.99999999999999645, 0.08968698463703719814, -0.1494785827157180391 ) ) ;
#703 = CARTESIAN_POINT ( 'NONE',  ( 14.43107862781389095, 7.219426046195468238, -33.64525628142631319 ) ) ;
#704 = ORIENTED_EDGE ( 'NONE', *, *, #2775, .F. ) ;
#705 = ORIENTED_EDGE ( 'NONE', *, *, #368, .T. ) ;
#706 = CARTESIAN_POINT ( 'NONE',  ( 15.57094675669714512, 7.734275387296513316, -35.28615232689123360 ) ) ;
#707 = CARTESIAN_POINT ( 'NONE',  ( -13.93488130851842044, 9.299393482649790599, -31.23587003199256174 ) ) ;
#708 = LINE ( 'NONE', #1051, #3261 ) ;
#709 = CARTESIAN_POINT ( 'NONE',  ( 16.69230769230773603, 10.54225775250075259, -33.20663104095041973 ) ) ;
#710 = VECTOR ( 'NONE', #2896, 1000.000000000000000 ) ;
#711 = AXIS2_PLACEMENT_3D ( 'NONE', #3245, #2897, #2306 ) ;
#712 = CIRCLE ( 'NONE', #90, 2.349999999999999645 ) ;
#713 = VERTEX_POINT ( 'NONE', #4181 ) ;
#714 = CARTESIAN_POINT ( 'NONE',  ( 18.30000000000000071, 1.710955489406137175, -67.13146506150235382 ) ) ;
#715 = EDGE_CURVE ( 'NONE', #1717, #73, #4141, .T. ) ;
#716 = CARTESIAN_POINT ( 'NONE',  ( -12.98519643882078789, 0.8354309874049870022, -1.639341380404398141 ) ) ;
#717 = CIRCLE ( 'NONE', #1202, 1.699999999999998401 ) ;
#718 = FACE_OUTER_BOUND ( 'NONE', #3570, .T. ) ;
#719 = DIRECTION ( 'NONE',  ( 1.000000000000000000, 0.000000000000000000, -0.000000000000000000 ) ) ;
#720 = AXIS2_PLACEMENT_3D ( 'NONE', #3839, #3131, #1870 ) ;
#721 = ORIENTED_EDGE ( 'NONE', *, *, #3499, .F. ) ;
#722 = DIRECTION ( 'NONE',  ( 0.000000000000000000, 0.1394316078385996194, 0.9902317035601025941 ) ) ;
#723 = DIRECTION ( 'NONE',  ( 0.000000000000000000, -0.6016065171188298422, 0.7987925879476794888 ) ) ;
#724 = CARTESIAN_POINT ( 'NONE',  ( 15.91166683366494006, 10.30946931385505039, -32.88835705730458159 ) ) ;
#725 = AXIS2_PLACEMENT_3D ( 'NONE', #678, #1409, #2688 ) ;
#726 = EDGE_LOOP ( 'NONE', ( #3737, #1387, #1020, #2776 ) ) ;
#727 = ORIENTED_EDGE ( 'NONE', *, *, #1997, .F. ) ;
#728 = CARTESIAN_POINT ( 'NONE',  ( 15.36672571635736340, 7.655504167817433370, -35.17520191600799251 ) ) ;
#729 = CARTESIAN_POINT ( 'NONE',  ( 21.69999999999999574, 20.85304535547978588, -52.71469882147996344 ) ) ;
#730 = LINE ( 'NONE', #2741, #928 ) ;
#731 = CARTESIAN_POINT ( 'NONE',  ( 13.48901207066575125, 8.925839038162504124, -30.46207693196887689 ) ) ;
#732 = ORIENTED_EDGE ( 'NONE', *, *, #3454, .F. ) ;
#733 = ORIENTED_EDGE ( 'NONE', *, *, #588, .T. ) ;
#734 = CARTESIAN_POINT ( 'NONE',  ( 18.30000000000000426, -3.101896647544500674, -60.74112435792093834 ) ) ;
#735 = ORIENTED_EDGE ( 'NONE', *, *, #281, .T. ) ;
#736 = CARTESIAN_POINT ( 'NONE',  ( -12.93657710388680115, 1.714515665417803536, -3.439768016925776717 ) ) ;
#737 = DIRECTION ( 'NONE',  ( -0.000000000000000000, 0.000000000000000000, -1.000000000000000000 ) ) ;
#738 = DIRECTION ( 'NONE',  ( -0.000000000000000000, 0.7987925879476791557, 0.6016065171188300642 ) ) ;
#739 = EDGE_CURVE ( 'NONE', #2535, #1735, #1360, .T. ) ;
#740 = VERTEX_POINT ( 'NONE', #1531 ) ;
#741 = DIRECTION ( 'NONE',  ( -1.000000000000000000, -2.609052371366695534E-16, 3.464210636872771491E-16 ) ) ;
#742 = CARTESIAN_POINT ( 'NONE',  ( -13.00000000000000000, 0.7425104187123773292, -1.243191254181381877 ) ) ;
#743 = CARTESIAN_POINT ( 'NONE',  ( 16.05056770785653342, 10.35655133183910692, -32.95426945591345458 ) ) ;
#744 = EDGE_CURVE ( 'NONE', #1005, #2989, #3583, .T. ) ;
#745 = ORIENTED_EDGE ( 'NONE', *, *, #3686, .T. ) ;
#746 = ORIENTED_EDGE ( 'NONE', *, *, #2022, .F. ) ;
#747 = VECTOR ( 'NONE', #3400, 1000.000000000000000 ) ;
#748 = CARTESIAN_POINT ( 'NONE',  ( 14.26379795314890586, 7.120580058664291556, -34.37728255691257573 ) ) ;
#749 = CARTESIAN_POINT ( 'NONE',  ( -14.27472243091768789, 9.531657295470770563, -31.66406601625612538 ) ) ;
#750 = DIRECTION ( 'NONE',  ( 0.000000000000000000, -0.7987925879476767133, -0.6016065171188335059 ) ) ;
#751 = CARTESIAN_POINT ( 'NONE',  ( 12.99683549121867721, 0.3859310631194785013, -0.7535729486863874671 ) ) ;
#752 = AXIS2_PLACEMENT_3D ( 'NONE', #3696, #738, #1105 ) ;
#753 = CARTESIAN_POINT ( 'NONE',  ( -1.501040669211631018E-10, 6.000000000000000000, -6.999999999692551711 ) ) ;
#754 = B_SPLINE_CURVE_WITH_KNOTS ( 'NONE', 1,
 ( #3053, #480 ),
 .UNSPECIFIED., .F., .F.,
 ( 2, 2 ),
 ( 0.000000000000000000, 1.000000000000000000 ),
 .UNSPECIFIED. ) ;
#755 = EDGE_CURVE ( 'NONE', #923, #2994, #645, .T. ) ;
#756 = ORIENTED_EDGE ( 'NONE', *, *, #744, .T. ) ;
#757 = DIRECTION ( 'NONE',  ( 0.000000000000000000, 0.000000000000000000, -1.000000000000000000 ) ) ;
#758 = VERTEX_POINT ( 'NONE', #1575 ) ;
#759 = CARTESIAN_POINT ( 'NONE',  ( -13.39642664812452288, 6.510503434732016537, -33.35128614637126532 ) ) ;
#760 = ADVANCED_FACE ( 'NONE', ( #2579 ), #3378, .T. ) ;
#761 = DIRECTION ( 'NONE',  ( 0.000000000000000000, 0.000000000000000000, -1.000000000000000000 ) ) ;
#762 = DIRECTION ( 'NONE',  ( -1.000000000000000000, -0.000000000000000000, -0.000000000000000000 ) ) ;
#763 = CARTESIAN_POINT ( 'NONE',  ( 13.00000000000000000, 7.499999999999996447, -23.64879701061940764 ) ) ;
#764 = EDGE_LOOP ( 'NONE', ( #4258, #3576, #2732, #1984 ) ) ;
#765 = CARTESIAN_POINT ( 'NONE',  ( 13.00000000000000178, 4.420256601673550279, -10.21319978716281263 ) ) ;
#766 = DIRECTION ( 'NONE',  ( 0.000000000000000000, 0.000000000000000000, 1.000000000000000000 ) ) ;
#767 = DIRECTION ( 'NONE',  ( 0.000000000000000000, 0.000000000000000000, 1.000000000000000000 ) ) ;
#768 = ORIENTED_EDGE ( 'NONE', *, *, #1163, .F. ) ;
#769 = ORIENTED_EDGE ( 'NONE', *, *, #400, .F. ) ;
#770 = DIRECTION ( 'NONE',  ( 0.7071067811865524577, -0.5648316556993517867, -0.4254000478607425362 ) ) ;
#771 = CARTESIAN_POINT ( 'NONE',  ( -14.87405523443311672, 9.871051900071456942, -32.23289634372303425 ) ) ;
#772 = CARTESIAN_POINT ( 'NONE',  ( -6.212399911202984626, 19.23536357031984778, -43.91793204942321438 ) ) ;
#773 = EDGE_CURVE ( 'NONE', #3852, #2047, #3603, .T. ) ;
#774 = CARTESIAN_POINT ( 'NONE',  ( 13.26173328093548598, 8.678817405861442680, -29.87274666720515270 ) ) ;
#775 = ORIENTED_EDGE ( 'NONE', *, *, #562, .F. ) ;
#776 = ORIENTED_EDGE ( 'NONE', *, *, #3091, .T. ) ;
#777 = FACE_OUTER_BOUND ( 'NONE', #2882, .T. ) ;
#778 = ORIENTED_EDGE ( 'NONE', *, *, #3533, .F. ) ;
#779 = CARTESIAN_POINT ( 'NONE',  ( -13.03751096563949474, 6.165839252794245162, -32.70134030082038379 ) ) ;
#780 = AXIS2_PLACEMENT_3D ( 'NONE', #4100, #543, #239 ) ;
#781 = CARTESIAN_POINT ( 'NONE',  ( -12.59594753045575821, 3.879026176839632356, -9.904369131261113068 ) ) ;
#782 = EDGE_CURVE ( 'NONE', #4184, #2854, #3951, .T. ) ;
#783 = FACE_OUTER_BOUND ( 'NONE', #764, .T. ) ;
#784 = CARTESIAN_POINT ( 'NONE',  ( -25.00000000000000711, 32.06426068475317948, -60.95170351790719110 ) ) ;
#785 = ORIENTED_EDGE ( 'NONE', *, *, #1589, .F. ) ;
#786 = VECTOR ( 'NONE', #440, 1000.000000000000227 ) ;
#787 = CARTESIAN_POINT ( 'NONE',  ( 12.88768405723293498, 2.275445261910671313, -4.672508515359626635 ) ) ;
#788 = CARTESIAN_POINT ( 'NONE',  ( -3.955169525227120175E-13, 6.000000000000000000, 9.350000000000010303 ) ) ;
#789 = CARTESIAN_POINT ( 'NONE',  ( 15.54732974578733717, 10.17373905016224001, -32.69375456860251461 ) ) ;
#790 = AXIS2_PLACEMENT_3D ( 'NONE', #3816, #1161, #148 ) ;
#791 = AXIS2_PLACEMENT_3D ( 'NONE', #3034, #3388, #1394 ) ;
#792 = ORIENTED_EDGE ( 'NONE', *, *, #1727, .F. ) ;
#793 = CARTESIAN_POINT ( 'NONE',  ( -25.00000000000000711, 30.86104765051554111, -59.35411834201180170 ) ) ;
#794 = AXIS2_PLACEMENT_3D ( 'NONE', #2948, #375, #1646 ) ;
#795 = LINE ( 'NONE', #490, #571 ) ;
#796 = FACE_BOUND ( 'NONE', #2210, .T. ) ;
#797 = CARTESIAN_POINT ( 'NONE',  ( 12.93861175136291664, 1.688113774234880626, -3.383306448366476094 ) ) ;
#798 = AXIS2_PLACEMENT_3D ( 'NONE', #1321, #1667, #4001 ) ;
#799 = ADVANCED_FACE ( 'NONE', ( #4073 ), #2025, .F. ) ;
#800 = SURFACE_SIDE_STYLE ('',( #1789 ) ) ;
#801 = DIRECTION ( 'NONE',  ( 0.000000000000000000, -0.7987925879476780455, -0.6016065171188315075 ) ) ;
#802 = ORIENTED_EDGE ( 'NONE', *, *, #1952, .F. ) ;
#803 = DIRECTION ( 'NONE',  ( 0.000000000000000000, -0.6016065171188312855, 0.7987925879476782676 ) ) ;
#804 = CARTESIAN_POINT ( 'NONE',  ( -14.61228737751421036, 7.326399316099582393, -33.81870312652765165 ) ) ;
#805 = VERTEX_POINT ( 'NONE', #3314 ) ;
#806 = CARTESIAN_POINT ( 'NONE',  ( -12.97600969759813161, 6.097242741596281768, -32.56491230864767061 ) ) ;
#807 = CARTESIAN_POINT ( 'NONE',  ( -6.212399911202984626, 19.23536357031984778, -43.91793204942321438 ) ) ;
#808 = CARTESIAN_POINT ( 'NONE',  ( -1.514515521593747970E-10, 31.76345742619379564, 1.350000000151683643 ) ) ;
#809 = FACE_OUTER_BOUND ( 'NONE', #135, .T. ) ;
#810 = ORIENTED_EDGE ( 'NONE', *, *, #1841, .T. ) ;
#811 = DIRECTION ( 'NONE',  ( -4.625929269271490055E-15, -0.6016065171188297311, 0.7987925879476793778 ) ) ;
#812 = CARTESIAN_POINT ( 'NONE',  ( 13.00000000000000000, 29.26848662693633329, -63.05732632782308400 ) ) ;
#813 = CARTESIAN_POINT ( 'NONE',  ( 15.17689450426632902, 10.01605556534633656, -32.45852175167363640 ) ) ;
#814 = ADVANCED_FACE ( 'NONE', ( #1683 ), #1052, .F. ) ;
#815 = VERTEX_POINT ( 'NONE', #3377 ) ;
#816 = CARTESIAN_POINT ( 'NONE',  ( -1.501112262902501896E-10, 5.999999999999998224, -5.649999999952602714 ) ) ;
#817 = CARTESIAN_POINT ( 'NONE',  ( 13.00000000000000000, 7.499999999999996447, 0.000000000000000000 ) ) ;
#818 = CARTESIAN_POINT ( 'NONE',  ( -12.99999999999999822, 4.485340235295533162, -10.88342535282857249 ) ) ;
#819 = CARTESIAN_POINT ( 'NONE',  ( -1.501040669211631018E-10, 7.500000000000015099, -6.999999999692551711 ) ) ;
#820 = DIRECTION ( 'NONE',  ( 0.000000000000000000, 0.000000000000000000, -1.000000000000000000 ) ) ;
#821 = CARTESIAN_POINT ( 'NONE',  ( -16.69230769230767564, 8.145879988657720006, -35.01145059230686485 ) ) ;
#822 = VECTOR ( 'NONE', #1914, 1000.000000000000000 ) ;
#823 = EDGE_CURVE ( 'NONE', #2274, #3529, #408, .T. ) ;
#824 = AXIS2_PLACEMENT_3D ( 'NONE', #2441, #1734, #4064 ) ;
#825 = CYLINDRICAL_SURFACE ( 'NONE', #2234, 1.349999999739951662 ) ;
#826 = CARTESIAN_POINT ( 'NONE',  ( -13.26659777070116064, 6.223878900186546659, -31.74149258286985997 ) ) ;
#827 = CARTESIAN_POINT ( 'NONE',  ( -12.52833129771935639, 3.999999999999984457, -11.03617037366363540 ) ) ;
#828 = CYLINDRICAL_SURFACE ( 'NONE', #4188, 1.925000000000002265 ) ;
#829 = CARTESIAN_POINT ( 'NONE',  ( 12.85042412918160792, 9.315467068459597044, -30.00942790447780339 ) ) ;
#830 = EDGE_CURVE ( 'NONE', #466, #117, #2198, .T. ) ;
#831 = ORIENTED_EDGE ( 'NONE', *, *, #823, .F. ) ;
#832 = CARTESIAN_POINT ( 'NONE',  ( 12.71414026299340172, 3.453808161959411205, -7.924427742911289485 ) ) ;
#833 = LINE ( 'NONE', #3413, #39 ) ;
#834 = DIRECTION ( 'NONE',  ( -0.000000000000000000, 0.7987925879476791557, 0.6016065171188300642 ) ) ;
#835 = ORIENTED_EDGE ( 'NONE', *, *, #2826, .T. ) ;
#836 = VERTEX_POINT ( 'NONE', #2516 ) ;
#837 = CARTESIAN_POINT ( 'NONE',  ( -27.00000000000000711, 30.46165135654169731, -59.65492160057122106 ) ) ;
#838 = CARTESIAN_POINT ( 'NONE',  ( 6.212399911202984626, 19.23536357031984423, -43.91793204942320727 ) ) ;
#839 = CARTESIAN_POINT ( 'NONE',  ( -19.00000000000000000, 4.414509138333438720, -30.88817182530991445 ) ) ;
#840 = CARTESIAN_POINT ( 'NONE',  ( 12.99436801912287720, 0.5154111814856637830, -1.007432236383779989 ) ) ;
#841 = CARTESIAN_POINT ( 'NONE',  ( 7.039682604951752835E-16, -6.109929233138657878, -56.74716141818252879 ) ) ;
#842 = DIRECTION ( 'NONE',  ( 0.000000000000000000, -0.7987925879476780455, -0.6016065171188315075 ) ) ;
#843 = CARTESIAN_POINT ( 'NONE',  ( 12.99999999999999645, 0.7488652672972050395, -1.254044085686737864 ) ) ;
#844 = CARTESIAN_POINT ( 'NONE',  ( -16.69230769230767564, 8.145879988657718229, -35.01145059230687195 ) ) ;
#845 = DIRECTION ( 'NONE',  ( -0.000000000000000000, -1.000000000000000000, -0.000000000000000000 ) ) ;
#846 = CARTESIAN_POINT ( 'NONE',  ( -12.99999999999999467, 4.499992178115149954, -11.25735404079968660 ) ) ;
#847 = CARTESIAN_POINT ( 'NONE',  ( -5.000000000000004441, 20.85304535547979299, -52.71469882147998476 ) ) ;
#848 = ORIENTED_EDGE ( 'NONE', *, *, #1354, .T. ) ;
#849 = VECTOR ( 'NONE', #1948, 1000.000000000000114 ) ;
#850 = EDGE_CURVE ( 'NONE', #1584, #836, #2625, .T. ) ;
#851 = CARTESIAN_POINT ( 'NONE',  ( 12.77736327211566625, 3.112234629888778858, -6.823919498966838582 ) ) ;
#852 = DIRECTION ( 'NONE',  ( 0.000000000000000000, 0.000000000000000000, -1.000000000000000000 ) ) ;
#853 = CARTESIAN_POINT ( 'NONE',  ( -15.09593229991635432, 10.76627080648206558, -32.64161235070746159 ) ) ;
#854 = CIRCLE ( 'NONE', #2902, 1.499999999999988676 ) ;
#855 = ORIENTED_EDGE ( 'NONE', *, *, #1015, .F. ) ;
#856 = ORIENTED_EDGE ( 'NONE', *, *, #2904, .F. ) ;
#857 = VECTOR ( 'NONE', #1598, 1000.000000000000000 ) ;
#858 = DIRECTION ( 'NONE',  ( -0.000000000000000000, -1.000000000000000000, -0.000000000000000000 ) ) ;
#859 = DIRECTION ( 'NONE',  ( 0.000000000000000000, 0.000000000000000000, 1.000000000000000000 ) ) ;
#860 = AXIS2_PLACEMENT_3D ( 'NONE', #2241, #1290, #582 ) ;
#861 = DIRECTION ( 'NONE',  ( 0.000000000000000000, 0.000000000000000000, -1.000000000000000000 ) ) ;
#862 = CIRCLE ( 'NONE', #3254, 1.499999999999999334 ) ;
#863 = ORIENTED_EDGE ( 'NONE', *, *, #368, .F. ) ;
#864 = CIRCLE ( 'NONE', #1411, 1.699999999999999289 ) ;
#865 = FILL_AREA_STYLE ('',( #1464 ) ) ;
#866 = CARTESIAN_POINT ( 'NONE',  ( -1.745325337799533004E-15, 20.85304535547979299, -52.71469882147997765 ) ) ;
#867 = CIRCLE ( 'NONE', #2307, 5.999999999999999112 ) ;
#868 = CARTESIAN_POINT ( 'NONE',  ( 13.00000000000000178, 2.986311839783026834, -5.443101046900894247 ) ) ;
#869 = CARTESIAN_POINT ( 'NONE',  ( -16.55545700860671943, 8.111575053309065808, -34.96590085367085265 ) ) ;
#870 = CARTESIAN_POINT ( 'NONE',  ( -14.36255693327401239, 10.42977022753071559, -32.12845194863774623 ) ) ;
#871 = CARTESIAN_POINT ( 'NONE',  ( -12.99999999999999822, 2.084838245256496858, -3.606543425619335608 ) ) ;
#872 = CARTESIAN_POINT ( 'NONE',  ( 14.59243542069629385, 10.54598259045271469, -32.31078983405622296 ) ) ;
#873 = ORIENTED_EDGE ( 'NONE', *, *, #1402, .F. ) ;
#874 = CARTESIAN_POINT ( 'NONE',  ( -12.99881569498948508, 0.2380339713146975289, -0.4643602935818188504 ) ) ;
#875 = CARTESIAN_POINT ( 'NONE',  ( 7.799999999999999822, 4.000000000000000000, 0.000000000000000000 ) ) ;
#876 = CARTESIAN_POINT ( 'NONE',  ( -16.20429781813053438, 11.14390919501092014, -33.17381377979576484 ) ) ;
#877 = EDGE_LOOP ( 'NONE', ( #2417, #3714, #1349, #2529 ) ) ;
#878 = EDGE_LOOP ( 'NONE', ( #3405, #1112, #1974 ) ) ;
#879 = CARTESIAN_POINT ( 'NONE',  ( -25.00000000000000711, 31.76345742619379209, -60.55230722393334020 ) ) ;
#880 = DIRECTION ( 'NONE',  ( 0.000000000000000000, 0.7987925879476794888, 0.6016065171188299532 ) ) ;
#881 = CARTESIAN_POINT ( 'NONE',  ( 12.61627949905492230, 5.567357036016696625, -31.41176609872879055 ) ) ;
#882 = DIRECTION ( 'NONE',  ( 0.000000000000000000, 0.000000000000000000, 1.000000000000000000 ) ) ;
#883 = EDGE_CURVE ( 'NONE', #1704, #4044, #1332, .T. ) ;
#884 = EDGE_LOOP ( 'NONE', ( #2034, #3892, #3569, #1203 ) ) ;
#885 = DIRECTION ( 'NONE',  ( 0.000000000000000000, 0.6016065171188300642, -0.7987925879476791557 ) ) ;
#886 = CARTESIAN_POINT ( 'NONE',  ( 26.99999999999999289, 28.06527359269868072, -61.45974115192771592 ) ) ;
#887 = CARTESIAN_POINT ( 'NONE',  ( 13.00000000000000000, 2.022362209459826587, -3.496892484601685780 ) ) ;
#888 = CARTESIAN_POINT ( 'NONE',  ( -13.36035086962814233, 6.342114067920649134, -32.00194163156786686 ) ) ;
#889 = AXIS2_PLACEMENT_3D ( 'NONE', #133, #3141, #1815 ) ;
#890 = CARTESIAN_POINT ( 'NONE',  ( -14.03900975229715620, 10.24664559961759025, -31.82554231201223516 ) ) ;
#891 = CARTESIAN_POINT ( 'NONE',  ( -12.60354048562686735, 3.862574778032711542, -9.777592801789486643 ) ) ;
#892 = CARTESIAN_POINT ( 'NONE',  ( 12.50808138602732988, 8.704398052419143994, -28.34852881748305009 ) ) ;
#893 = EDGE_CURVE ( 'NONE', #2587, #3719, #473, .T. ) ;
#894 = AXIS2_PLACEMENT_3D ( 'NONE', #2719, #3683, #365 ) ;
#895 = ORIENTED_EDGE ( 'NONE', *, *, #3296, .T. ) ;
#896 = CARTESIAN_POINT ( 'NONE',  ( 12.99999999999999822, 3.805869917513978518, -7.540100322833487745 ) ) ;
#897 = DIRECTION ( 'NONE',  ( 4.625929269271513721E-15, -0.6016065171188305083, 0.7987925879476788227 ) ) ;
#898 = CARTESIAN_POINT ( 'NONE',  ( 13.99646785280019579, 9.344125870613465779, -31.32109970226768070 ) ) ;
#899 = ORIENTED_EDGE ( 'NONE', *, *, #2966, .T. ) ;
#900 = ORIENTED_EDGE ( 'NONE', *, *, #943, .T. ) ;
#901 = DIRECTION ( 'NONE',  ( 3.252606517456509358E-16, -0.6016065171188299532, 0.7987925879476792668 ) ) ;
#902 = PLANE ( 'NONE',  #3186 ) ;
#903 = CARTESIAN_POINT ( 'NONE',  ( -12.99999999999999645, 1.521750000119434620, -2.587775336661006786 ) ) ;
#904 = CARTESIAN_POINT ( 'NONE',  ( -21.69999999999999929, 1.710955489406137175, -67.13146506150236803 ) ) ;
#905 = ADVANCED_FACE ( 'NONE', ( #2449 ), #1264, .F. ) ;
#906 = CARTESIAN_POINT ( 'NONE',  ( -13.48847604527767174, 8.925074360673949769, -30.46004208316265860 ) ) ;
#907 = CARTESIAN_POINT ( 'NONE',  ( 13.00000000000000000, 0.6947952063774999187, -1.162690555071476117 ) ) ;
#908 = CARTESIAN_POINT ( 'NONE',  ( -14.33593307856780008, 7.159918594447350237, -33.54659588118433078 ) ) ;
#909 = CARTESIAN_POINT ( 'NONE',  ( -12.72853737918158501, 3.382995482234575579, -7.678028084940666353 ) ) ;
#910 = LINE ( 'NONE', #3098, #1648 ) ;
#911 = VERTEX_POINT ( 'NONE', #821 ) ;
#912 = EDGE_CURVE ( 'NONE', #3534, #3156, #173, .T. ) ;
#913 = FACE_OUTER_BOUND ( 'NONE', #3439, .T. ) ;
#914 = CARTESIAN_POINT ( 'NONE',  ( -12.83333333333333570, 8.273057421816861989, -28.05799817639855576 ) ) ;
#915 = CARTESIAN_POINT ( 'NONE',  ( 13.10471147801562175, 8.452033733198074827, -29.25601599015865162 ) ) ;
#916 = VERTEX_POINT ( 'NONE', #1117 ) ;
#917 = ORIENTED_EDGE ( 'NONE', *, *, #194, .F. ) ;
#918 = EDGE_CURVE ( 'NONE', #3529, #466, #3112, .T. ) ;
#919 = CARTESIAN_POINT ( 'NONE',  ( -12.72329914654641847, 5.760120504249258921, -31.85325712917854446 ) ) ;
#920 = CARTESIAN_POINT ( 'NONE',  ( 13.84518304298585356, 6.808826996443565704, -32.93078773910329460 ) ) ;
#921 = AXIS2_PLACEMENT_3D ( 'NONE', #1143, #2812, #2789 ) ;
#922 = CARTESIAN_POINT ( 'NONE',  ( -13.00000000000000178, 3.027105569425390552, -5.534226071378718359 ) ) ;
#923 = VERTEX_POINT ( 'NONE', #1809 ) ;
#924 = LINE ( 'NONE', #275, #613 ) ;
#925 = CIRCLE ( 'NONE', #996, 2.349999999999999645 ) ;
#926 = DIRECTION ( 'NONE',  ( 0.000000000000000000, 0.000000000000000000, 1.000000000000000000 ) ) ;
#927 = ADVANCED_FACE ( 'NONE', ( #3796 ), #4119, .F. ) ;
#928 = VECTOR ( 'NONE', #1440, 1000.000000000000000 ) ;
#929 = PLANE ( 'NONE',  #2017 ) ;
#930 = CARTESIAN_POINT ( 'NONE',  ( 12.88397623881568244, 9.346866936731059283, -30.07461789343852843 ) ) ;
#931 = CARTESIAN_POINT ( 'NONE',  ( -13.00000000000000178, 3.764692491413751174, -7.415453481846060235 ) ) ;
#932 = CARTESIAN_POINT ( 'NONE',  ( 12.76005365949419357, 3.212594576493170262, -7.129752317567480624 ) ) ;
#933 = ADVANCED_FACE ( 'NONE', ( #1488 ), #2634, .T. ) ;
#934 = ORIENTED_EDGE ( 'NONE', *, *, #3752, .T. ) ;
#935 = CARTESIAN_POINT ( 'NONE',  ( 13.00000000000000000, 3.636034080369572763, -7.043962410115259587 ) ) ;
#936 = CARTESIAN_POINT ( 'NONE',  ( 26.49999999999999645, 30.86104765051554466, -59.35411834201181591 ) ) ;
#937 = CARTESIAN_POINT ( 'NONE',  ( -14.21186335328159167, 9.491060659060734039, -31.59157404385828372 ) ) ;
#938 = ORIENTED_EDGE ( 'NONE', *, *, #739, .T. ) ;
#939 = CARTESIAN_POINT ( 'NONE',  ( -12.49999999999999467, 5.097008142028281341, -30.18155284697627039 ) ) ;
#940 = DIRECTION ( 'NONE',  ( -0.000000000000000000, 0.000000000000000000, -1.000000000000000000 ) ) ;
#941 = CARTESIAN_POINT ( 'NONE',  ( -13.00000000000000000, 4.096153295583290443, -8.536294053250307101 ) ) ;
#942 = CARTESIAN_POINT ( 'NONE',  ( 16.69230769230767208, 8.145879988657712900, -35.01145059230687906 ) ) ;
#943 = EDGE_CURVE ( 'NONE', #2848, #3348, #2163, .T. ) ;
#944 = VERTEX_POINT ( 'NONE', #886 ) ;
#945 = DIRECTION ( 'NONE',  ( -0.000000000000000000, 0.7987925879476791557, 0.6016065171188300642 ) ) ;
#946 = DIRECTION ( 'NONE',  ( -0.000000000000000000, 0.7987925879476791557, 0.6016065171188300642 ) ) ;
#947 = CARTESIAN_POINT ( 'NONE',  ( -15.95168072715784291, 7.926308553489994857, -34.71305242464447360 ) ) ;
#948 = CARTESIAN_POINT ( 'NONE',  ( 12.85751048264188867, 9.317022573219977843, -30.00614447686404063 ) ) ;
#949 = ADVANCED_FACE ( 'NONE', ( #1790 ), #3818, .T. ) ;
#950 = CARTESIAN_POINT ( 'NONE',  ( -12.69230643813674853, 3.553323051870118654, -8.294574026778711584 ) ) ;
#951 = CARTESIAN_POINT ( 'NONE',  ( 12.65140506067758963, 3.714987465279952161, -8.980581766661273946 ) ) ;
#952 = EDGE_LOOP ( 'NONE', ( #938, #1424, #1825, #1913 ) ) ;
#953 = VECTOR ( 'NONE', #2554, 1000.000000000000000 ) ;
#954 = CARTESIAN_POINT ( 'NONE',  ( -13.57225499325784313, 6.567587829635795238, -32.46833938294959410 ) ) ;
#955 = EDGE_CURVE ( 'NONE', #1499, #1255, #2832, .T. ) ;
#956 = PLANE ( 'NONE',  #2302 ) ;
#957 = FACE_OUTER_BOUND ( 'NONE', #2718, .T. ) ;
#958 = CARTESIAN_POINT ( 'NONE',  ( -14.01639157563180227, 9.358526877021525081, -31.34846236809519482 ) ) ;
#959 = AXIS2_PLACEMENT_3D ( 'NONE', #3184, #2160, #1840 ) ;
#960 = ORIENTED_EDGE ( 'NONE', *, *, #1110, .T. ) ;
#961 = EDGE_LOOP ( 'NONE', ( #538, #3783 ) ) ;
#962 = AXIS2_PLACEMENT_3D ( 'NONE', #3452, #1517, #566 ) ;
#963 = CARTESIAN_POINT ( 'NONE',  ( -12.68438984413311310, 5.695221535585050177, -31.70742314819559837 ) ) ;
#964 = DIRECTION ( 'NONE',  ( -1.000000000000000000, 0.000000000000000000, 0.000000000000000000 ) ) ;
#965 = CARTESIAN_POINT ( 'NONE',  ( -13.00000000000000355, 2.684086546613339230, -4.794912162220636098 ) ) ;
#966 = CARTESIAN_POINT ( 'NONE',  ( 12.89038010876381790, 5.994723038664910852, -32.35603852069813513 ) ) ;
#967 = ORIENTED_EDGE ( 'NONE', *, *, #3833, .F. ) ;
#968 = CARTESIAN_POINT ( 'NONE',  ( -12.50000000000015810, 4.000000000000000000, -11.52171862180274076 ) ) ;
#969 = DIRECTION ( 'NONE',  ( 0.000000000000000000, 0.7987925879476792668, 0.6016065171188301752 ) ) ;
#970 = CARTESIAN_POINT ( 'NONE',  ( -12.78327338099510158, 9.228028921123787143, -29.79651995664966790 ) ) ;
#971 = CARTESIAN_POINT ( 'NONE',  ( -15.21553623498623864, 7.633713167262828669, -34.29244549697708777 ) ) ;
#972 = CARTESIAN_POINT ( 'NONE',  ( 12.80722900214988513, 9.257703644552353950, -29.86734962512228009 ) ) ;
#973 = DIRECTION ( 'NONE',  ( -0.000000000000000000, 1.000000000000000000, -0.000000000000000000 ) ) ;
#974 = VERTEX_POINT ( 'NONE', #1833 ) ;
#975 = CARTESIAN_POINT ( 'NONE',  ( -12.76537607150246423, 3.181806610050132544, -7.035766267611569980 ) ) ;
#976 = FACE_OUTER_BOUND ( 'NONE', #4150, .T. ) ;
#977 = CARTESIAN_POINT ( 'NONE',  ( -13.40579809983646697, 8.842129490871647235, -30.27053041980884274 ) ) ;
#978 = ADVANCED_FACE ( 'NONE', ( #1552 ), #3423, .F. ) ;
#979 = VERTEX_POINT ( 'NONE', #3493 ) ;
#980 = ORIENTED_EDGE ( 'NONE', *, *, #3336, .T. ) ;
#981 = CARTESIAN_POINT ( 'NONE',  ( -15.29960919647675688, 7.628429912288272163, -35.13671440081731134 ) ) ;
#982 = CARTESIAN_POINT ( 'NONE',  ( 19.00000000000000000, 11.52012185139653688, -33.67389757849451115 ) ) ;
#983 = CARTESIAN_POINT ( 'NONE',  ( -13.00000000000000000, 2.948094255136142205, -5.357874036826081543 ) ) ;
#984 = CARTESIAN_POINT ( 'NONE',  ( 14.19807099271378270, 7.069279964678159445, -33.39330047794528866 ) ) ;
#985 = ORIENTED_EDGE ( 'NONE', *, *, #588, .F. ) ;
#986 = EDGE_LOOP ( 'NONE', ( #3834, #676, #1649, #1308 ) ) ;
#987 = LINE ( 'NONE', #1397, #548 ) ;
#988 = CARTESIAN_POINT ( 'NONE',  ( 12.50000000000000355, 8.594015433616521094, -27.96801447913775718 ) ) ;
#989 = CARTESIAN_POINT ( 'NONE',  ( -12.96752866373619284, 9.437119868262602296, -30.27786381239067026 ) ) ;
#990 = CONICAL_SURFACE ( 'NONE', #1541, 1.499999999999998668, 0.7853981633974506105 ) ;
#991 = CARTESIAN_POINT ( 'NONE',  ( -16.29733375186084388, 8.037405352553211202, -34.86577254543501425 ) ) ;
#992 = CARTESIAN_POINT ( 'NONE',  ( 13.64644474114624906, 9.996193434695655355, -31.38814961147006599 ) ) ;
#993 = CIRCLE ( 'NONE', #3397, 1.350000000104089048 ) ;
#994 = CARTESIAN_POINT ( 'NONE',  ( 12.57534786601967447, 3.923980904167777783, -10.24827396429493831 ) ) ;
#995 = B_SPLINE_CURVE_WITH_KNOTS ( 'NONE', 3,
 ( #1940, #3631, #2283, #2619, #2245, #994, #1983, #2944, #587, #1294, #2581, #628, #951, #3272, #3884, #651, #350, #2262, #1901, #1661, #2963, #25, #3228, #932, #1340, #3562, #2643, #4223, #3976, #3208, #1578, #3247, #2881, #4203, #1921, #305, #3584, #280, #1620, #3604, #2924, #4245, #1963, #2601, #2742, #1159, #3133, #4116, #1421, #797, #191, #1486, #2380, #3444, #2786, #3376, #1018, #2130, #3089, #1503, #3772, #2468, #2723, #1463, #2423, #3109, #3707, #3041, #123, #1740, #2109, #3794, #4094, #169, #1095, #840, #2150, #1807, #751, #145, #1441, #1829, #3463, #3421, #1787, #515 ),
 .UNSPECIFIED., .F., .F.,
 ( 4, 2, 1, 1, 2, 2, 2, 1, 1, 2, 2, 2, 1, 1, 2, 2, 2, 1, 1, 1, 2, 2, 2, 1, 1, 1, 2, 2, 1, 1, 2, 2, 1, 1, 1, 2, 2, 2, 1, 1, 2, 2, 2, 1, 1, 1, 2, 2, 2, 1, 1, 1, 1, 2, 2, 4 ),
 ( 0.000000000000000000, 0.06250000000000519029, 0.09375000000000778544, 0.1093750000000090622, 0.1171875000000097006, 0.1250000000000103251, 0.1875000000000161537, 0.2187500000000188460, 0.2343750000000201783, 0.2421875000000206501, 0.2500000000000210942, 0.3125000000000234812, 0.3437500000000245914, 0.3593750000000251466, 0.3671875000000252576, 0.3750000000000254241, 0.4375000000000265343, 0.4687500000000270894, 0.4843750000000274225, 0.4921875000000275335, 0.4960937500000275335, 0.5000000000000275335, 0.5625000000000272005, 0.5937500000000269784, 0.6093750000000270894, 0.6171875000000270894, 0.6210937500000269784, 0.6250000000000267564, 0.6562500000000246470, 0.6718750000000236478, 0.6796875000000229816, 0.6875000000000224265, 0.7187500000000203171, 0.7343750000000192069, 0.7421875000000186517, 0.7460937500000184297, 0.7500000000000182077, 0.7812500000000162093, 0.7968750000000153211, 0.8046875000000148770, 0.8085937500000146549, 0.8125000000000144329, 0.8437500000000125455, 0.8593750000000116573, 0.8671875000000112133, 0.8710937500000109912, 0.8730468750000107692, 0.8750000000000105471, 0.9062500000000077716, 0.9218750000000063283, 0.9296875000000055511, 0.9335937500000052180, 0.9355468750000051070, 0.9365234375000051070, 0.9375000000000049960, 1.000000000000000000 ),
 .UNSPECIFIED. ) ;
#996 = AXIS2_PLACEMENT_3D ( 'NONE', #3586, #284, #2265 ) ;
#997 = ORIENTED_EDGE ( 'NONE', *, *, #4040, .F. ) ;
#998 = DIRECTION ( 'NONE',  ( -0.000000000000000000, -1.000000000000000000, -0.000000000000000000 ) ) ;
#999 = AXIS2_PLACEMENT_3D ( 'NONE', #92, #361, #4024 ) ;
#1000 = CARTESIAN_POINT ( 'NONE',  ( -12.96041405346978159, 1.358872652919270285, -2.696193972798514249 ) ) ;
#1001 = CARTESIAN_POINT ( 'NONE',  ( 0.000000000000000000, 2.799999999999999822, -10.05000000000000071 ) ) ;
#1002 = CARTESIAN_POINT ( 'NONE',  ( -13.89467750965552284, 9.270552597253757909, -31.18130779147055875 ) ) ;
#1003 = CIRCLE ( 'NONE', #4098, 6.212399911202982850 ) ;
#1004 = ORIENTED_EDGE ( 'NONE', *, *, #4216, .F. ) ;
#1005 = VERTEX_POINT ( 'NONE', #3159 ) ;
#1006 = CARTESIAN_POINT ( 'NONE',  ( -15.77908656113799069, 7.808579889190834677, -35.38930453767283524 ) ) ;
#1007 = CARTESIAN_POINT ( 'NONE',  ( 16.22786802687076957, 8.016348572613935630, -34.83710993971450165 ) ) ;
#1008 = CARTESIAN_POINT ( 'NONE',  ( -3.955169525227120175E-13, 8.000000000000000000, 7.000000000000011546 ) ) ;
#1009 = CARTESIAN_POINT ( 'NONE',  ( 13.16974605300990042, 6.303440027802448498, -32.96835804334602216 ) ) ;
#1010 = EDGE_CURVE ( 'NONE', #635, #1076, #993, .T. ) ;
#1011 = ORIENTED_EDGE ( 'NONE', *, *, #3799, .T. ) ;
#1012 = CARTESIAN_POINT ( 'NONE',  ( 0.000000000000000000, 8.000000000000000000, 0.000000000000000000 ) ) ;
#1013 = CARTESIAN_POINT ( 'NONE',  ( -1.501113916175680507E-10, 2.799999999999999822, -6.999999999692554375 ) ) ;
#1014 = CARTESIAN_POINT ( 'NONE',  ( -13.02834699308899147, 9.497809662022781652, -30.40948355273274473 ) ) ;
#1015 = EDGE_CURVE ( 'NONE', #3425, #3448, #1529, .T. ) ;
#1016 = CARTESIAN_POINT ( 'NONE',  ( -16.34276498225054652, 8.050886878991555307, -34.88406351056523391 ) ) ;
#1017 = CARTESIAN_POINT ( 'NONE',  ( 12.58610010094082554, 8.924970061437573321, -29.01233330579524505 ) ) ;
#1018 = CARTESIAN_POINT ( 'NONE',  ( 12.96084632464452824, 1.352504115470961166, -2.682873973961093839 ) ) ;
#1019 = ORIENTED_EDGE ( 'NONE', *, *, #3660, .T. ) ;
#1020 = ORIENTED_EDGE ( 'NONE', *, *, #1691, .F. ) ;
#1021 = ORIENTED_EDGE ( 'NONE', *, *, #1573, .F. ) ;
#1022 = CARTESIAN_POINT ( 'NONE',  ( -12.97621964909540360, 1.055158057013846351, -2.078813762715760571 ) ) ;
#1023 = CARTESIAN_POINT ( 'NONE',  ( -20.00000000000000355, 24.04821570727049718, -50.30827275300465828 ) ) ;
#1024 = CARTESIAN_POINT ( 'NONE',  ( -14.32685532564372366, 9.564362821712355966, -31.72163231949935636 ) ) ;
#1025 = ORIENTED_EDGE ( 'NONE', *, *, #2264, .F. ) ;
#1026 = CARTESIAN_POINT ( 'NONE',  ( 16.16826400749270931, 7.997860514109389030, -34.81185305858640788 ) ) ;
#1027 = VECTOR ( 'NONE', #2152, 1000.000000000000114 ) ;
#1028 = FACE_OUTER_BOUND ( 'NONE', #3104, .T. ) ;
#1029 = CARTESIAN_POINT ( 'NONE',  ( 12.97600969759812983, 6.097242741596283544, -32.56491230864767061 ) ) ;
#1030 = VECTOR ( 'NONE', #4009, 1000.000000000000000 ) ;
#1031 = ORIENTED_EDGE ( 'NONE', *, *, #1257, .T. ) ;
#1032 = CARTESIAN_POINT ( 'NONE',  ( 15.29960919647674267, 7.628429912288273052, -35.13671440081729713 ) ) ;
#1033 = CARTESIAN_POINT ( 'NONE',  ( -15.82833785011811578, 10.28003037974804457, -32.84673880986458272 ) ) ;
#1034 = CYLINDRICAL_SURFACE ( 'NONE', #2095, 1.999999999999999556 ) ;
#1035 = EDGE_CURVE ( 'NONE', #2544, #130, #1206, .T. ) ;
#1036 = CARTESIAN_POINT ( 'NONE',  ( 14.28026382388798687, 9.535157613935425047, -31.67028659195119644 ) ) ;
#1037 = ORIENTED_EDGE ( 'NONE', *, *, #4196, .F. ) ;
#1038 = DIRECTION ( 'NONE',  ( 0.000000000000000000, -0.7987925879476800439, -0.6016065171188291760 ) ) ;
#1039 = CARTESIAN_POINT ( 'NONE',  ( -12.96322827822836743, 1.310562832285324220, -2.596963589162901709 ) ) ;
#1040 = LINE ( 'NONE', #3761, #2642 ) ;
#1041 = DIRECTION ( 'NONE',  ( -0.000000000000000000, 0.7987925879476792668, 0.6016065171188299532 ) ) ;
#1042 = ORIENTED_EDGE ( 'NONE', *, *, #3512, .T. ) ;
#1043 = CARTESIAN_POINT ( 'NONE',  ( 16.11859478104161170, 7.981962046487493190, -34.79002342256615776 ) ) ;
#1044 = CARTESIAN_POINT ( 'NONE',  ( -16.62820512820510999, 8.105302739453954075, -35.23460951253657925 ) ) ;
#1045 = CARTESIAN_POINT ( 'NONE',  ( 15.26063057608818418, 10.05363770678944846, -32.51557220691903183 ) ) ;
#1046 = B_SPLINE_CURVE_WITH_KNOTS ( 'NONE', 1,
 ( #622, #1571 ),
 .UNSPECIFIED., .F., .F.,
 ( 2, 2 ),
 ( 0.000000000000000000, 1.000000000000000000 ),
 .UNSPECIFIED. ) ;
#1047 = ADVANCED_FACE ( 'NONE', ( #1936 ), #257, .T. ) ;
#1048 = ORIENTED_EDGE ( 'NONE', *, *, #3042, .F. ) ;
#1049 = CARTESIAN_POINT ( 'NONE',  ( 12.49999999999999467, 4.000000000000000000, -23.64879701061938988 ) ) ;
#1050 = CARTESIAN_POINT ( 'NONE',  ( -16.69230769231202416, 10.54225775250182906, -33.20663104095184082 ) ) ;
#1051 = CARTESIAN_POINT ( 'NONE',  ( -1.501040669211631018E-10, 6.000000000000000000, -4.649999999692551178 ) ) ;
#1052 = PLANE ( 'NONE',  #2764 ) ;
#1053 = CIRCLE ( 'NONE', #2561, 6.212399911202982850 ) ;
#1054 = CIRCLE ( 'NONE', #3677, 13.00000000000000178 ) ;
#1055 = EDGE_CURVE ( 'NONE', #3961, #26, #2796, .T. ) ;
#1056 = ORIENTED_EDGE ( 'NONE', *, *, #205, .F. ) ;
#1057 = CARTESIAN_POINT ( 'NONE',  ( 13.00000000000000000, 24.00000000000000000, -23.64879701061940764 ) ) ;
#1058 = CIRCLE ( 'NONE', #860, 1.349999999739951662 ) ;
#1059 = CARTESIAN_POINT ( 'NONE',  ( -12.86140541137449311, 2.504028502799289679, -5.220196805085921987 ) ) ;
#1060 = LINE ( 'NONE', #2312, #1344 ) ;
#1061 = DIRECTION ( 'NONE',  ( 0.000000000000000000, -0.000000000000000000, 1.000000000000000000 ) ) ;
#1062 = EDGE_CURVE ( 'NONE', #4044, #158, #1249, .T. ) ;
#1063 = VECTOR ( 'NONE', #2661, 1000.000000000000000 ) ;
#1064 = ORIENTED_EDGE ( 'NONE', *, *, #1282, .F. ) ;
#1065 = CARTESIAN_POINT ( 'NONE',  ( -5.000000000000002665, 1.710955489406137175, -67.13146506150236803 ) ) ;
#1066 = CARTESIAN_POINT ( 'NONE',  ( -12.99999999999999645, 0.2333435935129539451, -0.3890827658049506588 ) ) ;
#1067 = CARTESIAN_POINT ( 'NONE',  ( -1.514517174866926582E-10, 5.999999999999998224, 2.297508586157503779E-10 ) ) ;
#1068 = CIRCLE ( 'NONE', #1962, 1.699999999999999289 ) ;
#1069 = ORIENTED_EDGE ( 'NONE', *, *, #1997, .T. ) ;
#1070 = ORIENTED_EDGE ( 'NONE', *, *, #2866, .T. ) ;
#1071 = LINE ( 'NONE', #2018, #3712 ) ;
#1072 = CARTESIAN_POINT ( 'NONE',  ( -15.87979102701143930, 10.29831406667610949, -32.87262342878803878 ) ) ;
#1073 = DIRECTION ( 'NONE',  ( -0.000000000000000000, 1.000000000000000000, -0.000000000000000000 ) ) ;
#1074 = EDGE_CURVE ( 'NONE', #1852, #3094, #1546, .T. ) ;
#1075 = CARTESIAN_POINT ( 'NONE',  ( 15.76733084431811527, 10.25813761080490494, -32.81568007398896469 ) ) ;
#1076 = VERTEX_POINT ( 'NONE', #1268 ) ;
#1077 = DIRECTION ( 'NONE',  ( 0.000000000000000000, 0.000000000000000000, -1.000000000000000000 ) ) ;
#1078 = ORIENTED_EDGE ( 'NONE', *, *, #122, .T. ) ;
#1079 = EDGE_CURVE ( 'NONE', #2187, #358, #4026, .T. ) ;
#1080 = CARTESIAN_POINT ( 'NONE',  ( -15.99097185118807118, 7.878538919310538624, -35.48517643755996431 ) ) ;
#1081 = CARTESIAN_POINT ( 'NONE',  ( -1.501037791291653071E-10, 7.500000000000015099, -9.349999999692551356 ) ) ;
#1082 = DIRECTION ( 'NONE',  ( -0.000000000000000000, 0.7987925879476791557, 0.6016065171188301752 ) ) ;
#1083 = CARTESIAN_POINT ( 'NONE',  ( 0.000000000000000000, 8.000000000000000000, 0.000000000000000000 ) ) ;
#1084 = ORIENTED_EDGE ( 'NONE', *, *, #2722, .F. ) ;
#1085 = ADVANCED_FACE ( 'NONE', ( #2874, #4240 ), #1657, .T. ) ;
#1086 = CARTESIAN_POINT ( 'NONE',  ( 15.86422137455658188, 7.895647625035695505, -34.67024587921470413 ) ) ;
#1087 = CARTESIAN_POINT ( 'NONE',  ( -13.00000000000000178, 0.2173321180013618736, -0.3623635172162590345 ) ) ;
#1088 = CARTESIAN_POINT ( 'NONE',  ( 16.29522532346866726, 10.43329799626425292, -33.05998609648295172 ) ) ;
#1089 = VERTEX_POINT ( 'NONE', #3242 ) ;
#1090 = ORIENTED_EDGE ( 'NONE', *, *, #1854, .T. ) ;
#1091 = VECTOR ( 'NONE', #2497, 1000.000000000000000 ) ;
#1092 = PLANE ( 'NONE',  #2019 ) ;
#1093 = CARTESIAN_POINT ( 'NONE',  ( -15.50331285280217486, 10.15607813083544286, -32.66791098703517804 ) ) ;
#1094 = LINE ( 'NONE', #3040, #4095 ) ;
#1095 = CARTESIAN_POINT ( 'NONE',  ( 12.99230702018240535, 0.6041594300463103417, -1.181897976838840236 ) ) ;
#1096 = B_SPLINE_CURVE_WITH_KNOTS ( 'NONE', 3,
 ( #1582, #2525, #914, #2905 ),
 .UNSPECIFIED., .F., .F.,
 ( 4, 4 ),
 ( 0.000000000000000000, 1.000000000000000000 ),
 .UNSPECIFIED. ) ;
#1097 = VECTOR ( 'NONE', #1718, 1000.000000000000000 ) ;
#1098 = CARTESIAN_POINT ( 'NONE',  ( 14.21186335328001960, 9.491060659059703752, -31.59157404385645762 ) ) ;
#1099 = ORIENTED_EDGE ( 'NONE', *, *, #2972, .F. ) ;
#1100 = DIRECTION ( 'NONE',  ( 0.000000000000000000, 0.7987925879476788227, 0.6016065171188306193 ) ) ;
#1101 = VERTEX_POINT ( 'NONE', #345 ) ;
#1102 = DIRECTION ( 'NONE',  ( 0.7071067811865536790, 0.7071067811865413555, 0.000000000000000000 ) ) ;
#1103 = DIRECTION ( 'NONE',  ( 0.000000000000000000, 0.000000000000000000, -1.000000000000000000 ) ) ;
#1104 = DIRECTION ( 'NONE',  ( 0.000000000000000000, 0.000000000000000000, 1.000000000000000000 ) ) ;
#1105 = DIRECTION ( 'NONE',  ( 0.000000000000000000, -0.6016065171188301752, 0.7987925879476791557 ) ) ;
#1106 = EDGE_LOOP ( 'NONE', ( #445, #2140, #705, #3072 ) ) ;
#1107 = CARTESIAN_POINT ( 'NONE',  ( 12.98203607340378696, 0.9476523290758649409, -1.860782523538474065 ) ) ;
#1108 = FACE_OUTER_BOUND ( 'NONE', #3644, .T. ) ;
#1109 = CARTESIAN_POINT ( 'NONE',  ( 13.00000000000000000, 16.44132867697359757, -21.83023472896330475 ) ) ;
#1110 = EDGE_CURVE ( 'NONE', #3348, #2848, #512, .T. ) ;
#1111 = ORIENTED_EDGE ( 'NONE', *, *, #3752, .F. ) ;
#1112 = ORIENTED_EDGE ( 'NONE', *, *, #2405, .F. ) ;
#1113 = DIRECTION ( 'NONE',  ( -0.000000000000000000, 1.000000000000000000, -0.000000000000000000 ) ) ;
#1114 = CARTESIAN_POINT ( 'NONE',  ( -16.50000000000005684, 11.21931859283713351, -33.27450128452068867 ) ) ;
#1115 = DIRECTION ( 'NONE',  ( 1.000000000000000000, 0.000000000000000000, 0.000000000000000000 ) ) ;
#1116 = PLANE ( 'NONE',  #126 ) ;
#1117 = CARTESIAN_POINT ( 'NONE',  ( -3.955169525227120175E-13, 8.000000000000000000, 9.850000000000001421 ) ) ;
#1118 = EDGE_LOOP ( 'NONE', ( #2346, #502 ) ) ;
#1119 = FACE_OUTER_BOUND ( 'NONE', #3606, .T. ) ;
#1120 = CARTESIAN_POINT ( 'NONE',  ( -14.37519755381799591, 7.184668538095789536, -34.47735679195356795 ) ) ;
#1121 = AXIS2_PLACEMENT_3D ( 'NONE', #3446, #4139, #195 ) ;
#1122 = PLANE ( 'NONE',  #3114 ) ;
#1123 = FACE_OUTER_BOUND ( 'NONE', #884, .T. ) ;
#1124 = DIRECTION ( 'NONE',  ( 0.000000000000000000, 0.000000000000000000, -1.000000000000000000 ) ) ;
#1125 = EDGE_CURVE ( 'NONE', #3170, #3172, #1058, .T. ) ;
#1126 = VERTEX_POINT ( 'NONE', #1956 ) ;
#1127 = AXIS2_PLACEMENT_3D ( 'NONE', #3429, #1773, #4101 ) ;
#1128 = CARTESIAN_POINT ( 'NONE',  ( 12.81675319919458467, 2.852636685853698673, -6.100921456515841612 ) ) ;
#1129 = DIRECTION ( 'NONE',  ( 0.000000000000000000, 0.000000000000000000, 1.000000000000000000 ) ) ;
#1130 = CARTESIAN_POINT ( 'NONE',  ( 16.44621228023022397, 10.47704256497913633, -33.11934962043281416 ) ) ;
#1131 = CIRCLE ( 'NONE', #1269, 13.00000000000000178 ) ;
#1132 = ORIENTED_EDGE ( 'NONE', *, *, #495, .F. ) ;
#1133 = EDGE_LOOP ( 'NONE', ( #1745, #980, #680, #1342, #2177, #1602, #3510 ) ) ;
#1134 = DIRECTION ( 'NONE',  ( 0.000000000000000000, -0.7987925879476767133, -0.6016065171188335059 ) ) ;
#1135 = ADVANCED_FACE ( 'NONE', ( #2615 ), #2258, .F. ) ;
#1136 = CIRCLE ( 'NONE', #1482, 1.925000000000002265 ) ;
#1137 = DIRECTION ( 'NONE',  ( 0.000000000000000000, -0.6016065171188297311, 0.7987925879476793778 ) ) ;
#1138 = CARTESIAN_POINT ( 'NONE',  ( 19.00000000000000000, 10.81992229886324175, -33.57530454308012224 ) ) ;
#1139 = CARTESIAN_POINT ( 'NONE',  ( -19.00000000000000000, 11.52012185139653688, -33.67389757849451115 ) ) ;
#1140 = CONICAL_SURFACE ( 'NONE', #798, 1.500000000000002442, 0.7853981633974431720 ) ;
#1141 = CARTESIAN_POINT ( 'NONE',  ( -26.50000000000001776, 8.000000000000000000, -29.00000000000000000 ) ) ;
#1142 = ADVANCED_FACE ( 'NONE', ( #602 ), #1915, .F. ) ;
#1143 = CARTESIAN_POINT ( 'NONE',  ( 20.00000000000000000, 16.04019321852915425, -46.32435811789854085 ) ) ;
#1144 = CARTESIAN_POINT ( 'NONE',  ( 7.039682604951752835E-16, 13.03216063293498728, -42.33039517816013131 ) ) ;
#1145 = CARTESIAN_POINT ( 'NONE',  ( -15.58425464290162310, 7.790410780471866303, -34.52114883961116476 ) ) ;
#1146 = DIRECTION ( 'NONE',  ( 0.000000000000000000, 0.6016065171188305083, -0.7987925879476789337 ) ) ;
#1147 = DIRECTION ( 'NONE',  ( -0.000000000000000000, 0.7987925879476791557, 0.6016065171188300642 ) ) ;
#1148 = CARTESIAN_POINT ( 'NONE',  ( 15.09510090098957136, 10.76682254228773594, -32.64276358729523508 ) ) ;
#1149 = ORIENTED_EDGE ( 'NONE', *, *, #3533, .T. ) ;
#1150 = ADVANCED_FACE ( 'NONE', ( #1310 ), #623, .T. ) ;
#1151 = FACE_OUTER_BOUND ( 'NONE', #2964, .T. ) ;
#1152 = CARTESIAN_POINT ( 'NONE',  ( -3.955169525227120175E-13, 7.500000000000015099, 7.000000000000011546 ) ) ;
#1153 = CARTESIAN_POINT ( 'NONE',  ( 13.61064201050617406, 9.038248652418298335, -30.70761736257350805 ) ) ;
#1154 = ORIENTED_EDGE ( 'NONE', *, *, #2269, .F. ) ;
#1155 = ORIENTED_EDGE ( 'NONE', *, *, #2644, .F. ) ;
#1156 = DIRECTION ( 'NONE',  ( 0.000000000000000000, 0.6016065171188423877, -0.7987925879476699409 ) ) ;
#1157 = PLANE ( 'NONE',  #3747 ) ;
#1158 = CARTESIAN_POINT ( 'NONE',  ( 13.94574172098491616, 6.922245356260576798, -34.05877810094627733 ) ) ;
#1159 = CARTESIAN_POINT ( 'NONE',  ( 12.92687138739301034, 1.838826393348531596, -3.706288271198112216 ) ) ;
#1160 = CARTESIAN_POINT ( 'NONE',  ( 24.99999999999999289, 63.67327282043877545, 3.727144897396453160 ) ) ;
#1161 = DIRECTION ( 'NONE',  ( 0.000000000000000000, 1.000000000000000000, 0.000000000000000000 ) ) ;
#1162 = CIRCLE ( 'NONE', #403, 1.699999999999998401 ) ;
#1163 = EDGE_CURVE ( 'NONE', #713, #96, #650, .T. ) ;
#1164 = CIRCLE ( 'NONE', #2333, 1.499999999999988676 ) ;
#1165 = CARTESIAN_POINT ( 'NONE',  ( 12.99999999999999822, 1.363270780501852020, -2.308516589513571304 ) ) ;
#1166 = CARTESIAN_POINT ( 'NONE',  ( -15.67743078837942328, 7.826707434931549301, -34.57297331967203036 ) ) ;
#1167 = DIRECTION ( 'NONE',  ( 0.000000000000000000, 0.7987925879476792668, 0.6016065171188301752 ) ) ;
#1168 = DIRECTION ( 'NONE',  ( 0.000000000000000000, 0.000000000000000000, 1.000000000000000000 ) ) ;
#1169 = FACE_OUTER_BOUND ( 'NONE', #1518, .T. ) ;
#1170 = VERTEX_POINT ( 'NONE', #988 ) ;
#1171 = DIRECTION ( 'NONE',  ( 0.4226182617406964437, 0.7239519426841400929, 0.5452406711967953123 ) ) ;
#1172 = FACE_BOUND ( 'NONE', #2216, .T. ) ;
#1173 = DIRECTION ( 'NONE',  ( 0.000000000000000000, -0.6016065171188301752, 0.7987925879476791557 ) ) ;
#1174 = VERTEX_POINT ( 'NONE', #3267 ) ;
#1175 = ORIENTED_EDGE ( 'NONE', *, *, #3266, .F. ) ;
#1176 = DIRECTION ( 'NONE',  ( -0.7071067811865434649, 0.5648316556993605575, 0.4254000478607455893 ) ) ;
#1177 = CARTESIAN_POINT ( 'NONE',  ( -1.527920433558173173E-10, 5.999999999999998224, 5.650000000047967319 ) ) ;
#1178 = CARTESIAN_POINT ( 'NONE',  ( 12.68301436923546710, 5.694958331645484151, -31.70804419757365622 ) ) ;
#1179 = ORIENTED_EDGE ( 'NONE', *, *, #4167, .T. ) ;
#1180 = PRESENTATION_STYLE_ASSIGNMENT (( #193 ) ) ;
#1181 = CARTESIAN_POINT ( 'NONE',  ( 24.99999999999999289, 28.86909033296249305, -63.35812958638249626 ) ) ;
#1182 = CARTESIAN_POINT ( 'NONE',  ( 13.00000000000000178, 0.8718750657140582616, -1.462364092462927978 ) ) ;
#1183 = CARTESIAN_POINT ( 'NONE',  ( -14.00562861729187780, 6.932594485974182597, -33.15460685334694801 ) ) ;
#1184 = DIRECTION ( 'NONE',  ( -0.7071067811865487940, 0.5648316556993506765, 0.4254000478607498636 ) ) ;
#1185 = EDGE_CURVE ( 'NONE', #223, #410, #3424, .T. ) ;
#1186 = CARTESIAN_POINT ( 'NONE',  ( -15.09028543809481526, 10.76813558379691216, -32.64646760783033130 ) ) ;
#1187 = LINE ( 'NONE', #1774, #4126 ) ;
#1188 = CARTESIAN_POINT ( 'NONE',  ( 7.799999999999999822, 4.000000000000000000, 1.925000000000002265 ) ) ;
#1189 = ORIENTED_EDGE ( 'NONE', *, *, #3042, .T. ) ;
#1190 = VECTOR ( 'NONE', #664, 1000.000000000000000 ) ;
#1191 = ADVANCED_FACE ( 'NONE', ( #2401 ), #3667, .F. ) ;
#1192 = CARTESIAN_POINT ( 'NONE',  ( -12.99732439941701401, 0.3547475972239424458, -0.6925418259408950838 ) ) ;
#1193 = CARTESIAN_POINT ( 'NONE',  ( -1.514517174866926582E-10, 2.799999999999999822, 2.297508586157503779E-10 ) ) ;
#1194 = CARTESIAN_POINT ( 'NONE',  ( -14.71764215782907925, 10.60185469900565280, -32.39521370913563914 ) ) ;
#1195 = VECTOR ( 'NONE', #2452, 1000.000000000000000 ) ;
#1196 = ORIENTED_EDGE ( 'NONE', *, *, #379, .F. ) ;
#1197 = VERTEX_POINT ( 'NONE', #1333 ) ;
#1198 = CARTESIAN_POINT ( 'NONE',  ( -13.24158241943852943, 6.372270450976684764, -33.09782043369668258 ) ) ;
#1199 = FACE_OUTER_BOUND ( 'NONE', #4088, .T. ) ;
#1200 = CARTESIAN_POINT ( 'NONE',  ( 19.00000000000000000, 4.414509138333438720, -30.88817182530991801 ) ) ;
#1201 = B_SPLINE_CURVE_WITH_KNOTS ( 'NONE', 3,
 ( #161, #4047, #115, #1130, #2416, #2038, #3701, #3767, #1088, #1457, #2396, #743, #4007, #442, #3740, #724, #2077, #3083, #3389, #3414, #789, #3681, #1802, #2103, #1045, #139, #1757, #813, #399, #2756, #1395, #4085, #3059, #3438, #1478, #487, #2354, #3346, #1715, #2693, #1865, #184, #898, #3869, #2506, #2167, #1564, #1153, #531, #2482, #593, #265, #1218, #3482, #915, #2526, #1240, #4187, #2229 ),
 .UNSPECIFIED., .F., .F.,
 ( 4, 2, 1, 1, 2, 2, 2, 1, 2, 2, 1, 1, 2, 2, 1, 1, 2, 2, 2, 1, 1, 2, 2, 2, 1, 2, 2, 2, 1, 2, 2, 2, 2, 2, 4 ),
 ( 0.000000000000000000, 0.03125000000000065919, 0.04687500000000157513, 0.05468750000000192901, 0.05859375000000210942, 0.06250000000000228983, 0.09375000000000088818, 0.1093750000000008327, 0.1171875000000020539, 0.1250000000000032752, 0.1562500000000052180, 0.1718750000000055234, 0.1796875000000060785, 0.1875000000000066336, 0.2187500000000052180, 0.2343750000000033862, 0.2421875000000023315, 0.2500000000000012768, 0.3124999999999858447, 0.3437499999999790168, 0.3593749999999763522, 0.3671874999999751865, 0.3749999999999739653, 0.4374999999999744094, 0.4687499999999757416, 0.4843749999999766298, 0.4999999999999775180, 0.5624999999999817923, 0.5937499999999840128, 0.6093749999999846789, 0.6249999999999853451, 0.7499999999999897859, 0.8124999999999926725, 0.8749999999999955591, 1.000000000000000000 ),
 .UNSPECIFIED. ) ;
#1202 = AXIS2_PLACEMENT_3D ( 'NONE', #2551, #1869, #2911 ) ;
#1203 = ORIENTED_EDGE ( 'NONE', *, *, #2998, .T. ) ;
#1204 = AXIS2_PLACEMENT_3D ( 'NONE', #2692, #2013, #1694 ) ;
#1205 = DIRECTION ( 'NONE',  ( 0.000000000000000000, 0.6016065171188308414, -0.7987925879476788227 ) ) ;
#1206 = LINE ( 'NONE', #2856, #443 ) ;
#1207 = EDGE_CURVE ( 'NONE', #2011, #1670, #3612, .T. ) ;
#1208 = VECTOR ( 'NONE', #4186, 1000.000000000000000 ) ;
#1209 = CARTESIAN_POINT ( 'NONE',  ( 13.00000000000000355, 1.263781185333356039, -2.135242288991346715 ) ) ;
#1210 = CARTESIAN_POINT ( 'NONE',  ( -16.22243555494288358, 8.014918670254523647, -34.83520919122015869 ) ) ;
#1211 = CARTESIAN_POINT ( 'NONE',  ( 0.000000000000000000, 0.000000000000000000, -10.05000000000000071 ) ) ;
#1212 = CARTESIAN_POINT ( 'NONE',  ( -12.71414026299341948, 3.453808161959348144, -7.924427742911060335 ) ) ;
#1213 = CARTESIAN_POINT ( 'NONE',  ( 14.96672045226099357, 10.71300044925812323, -32.56315727768306800 ) ) ;
#1214 = ADVANCED_FACE ( 'NONE', ( #387 ), #1699, .F. ) ;
#1215 = VERTEX_POINT ( 'NONE', #729 ) ;
#1216 = CARTESIAN_POINT ( 'NONE',  ( 12.99999999999999822, 4.032691026794796407, -8.295152202156044652 ) ) ;
#1217 = DIRECTION ( 'NONE',  ( -1.000000000000000000, -0.000000000000000000, 0.000000000000000000 ) ) ;
#1218 = CARTESIAN_POINT ( 'NONE',  ( 13.20069578972426960, 8.600505722281180709, -29.67046708818749323 ) ) ;
#1219 = EDGE_CURVE ( 'NONE', #3172, #3170, #3630, .T. ) ;
#1220 = ORIENTED_EDGE ( 'NONE', *, *, #603, .F. ) ;
#1221 = ORIENTED_EDGE ( 'NONE', *, *, #2170, .F. ) ;
#1222 = DIRECTION ( 'NONE',  ( 0.000000000000000000, 0.000000000000000000, 1.000000000000000000 ) ) ;
#1223 = CARTESIAN_POINT ( 'NONE',  ( 13.16387627813078254, 6.080380105616192132, -31.41430251247388128 ) ) ;
#1224 = CARTESIAN_POINT ( 'NONE',  ( 14.60230975431184675, 7.311540617592603652, -34.67330202394455796 ) ) ;
#1225 = SHAPE_DEFINITION_REPRESENTATION ( #3594, #4226 ) ;
#1226 = ORIENTED_EDGE ( 'NONE', *, *, #3827, .T. ) ;
#1227 = DIRECTION ( 'NONE',  ( 0.000000000000000000, 0.6016065171188299532, -0.7987925879476792668 ) ) ;
#1228 = DIRECTION ( 'NONE',  ( 0.000000000000000000, 0.6016065171188312855, -0.7987925879476782676 ) ) ;
#1229 = EDGE_CURVE ( 'NONE', #2677, #1255, #4069, .T. ) ;
#1230 = CARTESIAN_POINT ( 'NONE',  ( 12.99999999999999645, 3.431616084392913990, -6.497992076031449571 ) ) ;
#1231 = CARTESIAN_POINT ( 'NONE',  ( -14.02555971050729511, 6.947550474374952323, -33.18133316578960290 ) ) ;
#1232 = CARTESIAN_POINT ( 'NONE',  ( -12.66292786676009996, 3.674025725591368197, -8.788264532854633160 ) ) ;
#1233 = CARTESIAN_POINT ( 'NONE',  ( 15.91296127830436191, 11.06245873460743390, -33.06401918184116084 ) ) ;
#1234 = EDGE_CURVE ( 'NONE', #1247, #3453, #1765, .T. ) ;
#1235 = VECTOR ( 'NONE', #2717, 1000.000000000000227 ) ;
#1236 = ORIENTED_EDGE ( 'NONE', *, *, #1810, .F. ) ;
#1237 = CARTESIAN_POINT ( 'NONE',  ( 13.00000000000000000, 7.499999999999996447, -23.64879701061940764 ) ) ;
#1238 = AXIS2_PLACEMENT_3D ( 'NONE', #329, #3952, #261 ) ;
#1239 = FACE_OUTER_BOUND ( 'NONE', #2366, .T. ) ;
#1240 = CARTESIAN_POINT ( 'NONE',  ( 13.02000921154738577, 8.270003310440193545, -28.69133183626822259 ) ) ;
#1241 = EDGE_LOOP ( 'NONE', ( #1149, #1771, #11, #446 ) ) ;
#1242 = EDGE_LOOP ( 'NONE', ( #2299, #3149, #474, #3665 ) ) ;
#1243 = CARTESIAN_POINT ( 'NONE',  ( -1.527920433558173173E-10, 5.999999999999998224, 7.000000000152056145 ) ) ;
#1244 = CARTESIAN_POINT ( 'NONE',  ( 13.33320311260033364, 6.310795577720731409, -31.93512212212264245 ) ) ;
#1245 = CARTESIAN_POINT ( 'NONE',  ( -13.00000000000000178, 3.053987923951114070, -5.594813532622117336 ) ) ;
#1246 = EDGE_CURVE ( 'NONE', #2574, #1426, #3508, .T. ) ;
#1247 = VERTEX_POINT ( 'NONE', #120 ) ;
#1248 = LINE ( 'NONE', #3202, #3219 ) ;
#1249 = LINE ( 'NONE', #2219, #2700 ) ;
#1250 = CARTESIAN_POINT ( 'NONE',  ( 13.00000000000000355, 3.546657903725873417, -6.800780605378723642 ) ) ;
#1251 = CARTESIAN_POINT ( 'NONE',  ( 16.20429781812617875, 11.14390919500971933, -33.17381377979414481 ) ) ;
#1252 = CARTESIAN_POINT ( 'NONE',  ( -12.99999999999999822, 3.923932489883584118, -7.916765282284958793 ) ) ;
#1253 = LINE ( 'NONE', #2224, #3789 ) ;
#1254 = ORIENTED_EDGE ( 'NONE', *, *, #3483, .F. ) ;
#1255 = VERTEX_POINT ( 'NONE', #2445 ) ;
#1256 = CARTESIAN_POINT ( 'NONE',  ( -13.00000000000000178, 0.07928551075660832115, -0.1546073111334302363 ) ) ;
#1257 = EDGE_CURVE ( 'NONE', #2334, #2803, #3837, .T. ) ;
#1258 = PLANE ( 'NONE',  #1416 ) ;
#1259 = CARTESIAN_POINT ( 'NONE',  ( -13.81285196605506194, 10.10651413199389737, -31.58428998942710564 ) ) ;
#1260 = ORIENTED_EDGE ( 'NONE', *, *, #1062, .T. ) ;
#1261 = ORIENTED_EDGE ( 'NONE', *, *, #3880, .F. ) ;
#1262 = CARTESIAN_POINT ( 'NONE',  ( -15.91587096079326358, 7.858976291355887156, -35.45966210930031082 ) ) ;
#1263 = CARTESIAN_POINT ( 'NONE',  ( 13.28687472940666403, 6.252204883108325895, -31.80607908480503809 ) ) ;
#1264 = CONICAL_SURFACE ( 'NONE', #1121, 5.000000000000001776, 0.4363323129985795523 ) ;
#1265 = CARTESIAN_POINT ( 'NONE',  ( -12.99999999999999822, 0.9229280374454584823, -1.549334834002051187 ) ) ;
#1266 = ORIENTED_EDGE ( 'NONE', *, *, #2035, .F. ) ;
#1267 = DIRECTION ( 'NONE',  ( 0.000000000000000000, 1.000000000000000000, 0.000000000000000000 ) ) ;
#1268 = CARTESIAN_POINT ( 'NONE',  ( -1.527918780284994303E-10, 2.799999999999999822, 8.350000000256144972 ) ) ;
#1269 = AXIS2_PLACEMENT_3D ( 'NONE', #449, #3002, #2402 ) ;
#1270 = EDGE_CURVE ( 'NONE', #1126, #3403, #4038, .T. ) ;
#1271 = CARTESIAN_POINT ( 'NONE',  ( -16.30392321825459945, 8.039372616731887078, -34.86844405092799093 ) ) ;
#1272 = CARTESIAN_POINT ( 'NONE',  ( -13.20476257118993502, 6.137496117842834664, -31.54453476141492985 ) ) ;
#1273 = CARTESIAN_POINT ( 'NONE',  ( 15.26099504153794229, 10.83186685729424070, -32.73729519576011171 ) ) ;
#1274 = CARTESIAN_POINT ( 'NONE',  ( -12.70688214226099966, 3.487939991007639851, -8.047865795489361318 ) ) ;
#1275 = LINE ( 'NONE', #2560, #3654 ) ;
#1276 = ORIENTED_EDGE ( 'NONE', *, *, #3693, .T. ) ;
#1277 = CARTESIAN_POINT ( 'NONE',  ( 0.000000000000000000, 7.499999999999986677, 0.000000000000000000 ) ) ;
#1278 = CARTESIAN_POINT ( 'NONE',  ( 13.00000000000000178, 3.997488433353973747, -8.168827147703984437 ) ) ;
#1279 = FACE_OUTER_BOUND ( 'NONE', #2950, .T. ) ;
#1280 = CARTESIAN_POINT ( 'NONE',  ( -15.21918500033754995, 10.03537348667265761, -32.48803497430187548 ) ) ;
#1281 = ORIENTED_EDGE ( 'NONE', *, *, #3817, .T. ) ;
#1282 = EDGE_CURVE ( 'NONE', #2124, #1474, #535, .T. ) ;
#1283 = VERTEX_POINT ( 'NONE', #1177 ) ;
#1284 = FACE_OUTER_BOUND ( 'NONE', #3364, .T. ) ;
#1285 = CARTESIAN_POINT ( 'NONE',  ( 6.212399911202981961, 24.04821570727050073, -50.30827275300465828 ) ) ;
#1286 = CARTESIAN_POINT ( 'NONE',  ( -12.99999999999999822, 3.094008001500020200, -5.685498770983474337 ) ) ;
#1287 = CARTESIAN_POINT ( 'NONE',  ( 12.66581826501027663, 5.662091291864457254, -31.63175434839327238 ) ) ;
#1288 = ORIENTED_EDGE ( 'NONE', *, *, #3744, .T. ) ;
#1289 = DIRECTION ( 'NONE',  ( 8.659560562354982162E-17, 0.7071067811865435759, -0.7071067811865515695 ) ) ;
#1290 = DIRECTION ( 'NONE',  ( 0.000000000000000000, -1.000000000000000000, 0.000000000000000000 ) ) ;
#1291 = LINE ( 'NONE', #3973, #2705 ) ;
#1292 = CARTESIAN_POINT ( 'NONE',  ( -15.26307356489022560, 7.655213413928397159, -34.32434054074202834 ) ) ;
#1293 = CARTESIAN_POINT ( 'NONE',  ( 13.88695247587865822, 10.15362116204135390, -31.66638823928369462 ) ) ;
#1294 = CARTESIAN_POINT ( 'NONE',  ( 12.60318480605827673, 3.863368871123264103, -9.783519834384067693 ) ) ;
#1295 = EDGE_CURVE ( 'NONE', #3943, #2067, #1526, .T. ) ;
#1296 = VERTEX_POINT ( 'NONE', #2740 ) ;
#1297 = CIRCLE ( 'NONE', #2597, 2.849999999999991651 ) ;
#1298 = CARTESIAN_POINT ( 'NONE',  ( -12.98988800929355314, 0.6891484403350139898, -1.349650925704042326 ) ) ;
#1299 = DIRECTION ( 'NONE',  ( -1.000000000000000000, 0.000000000000000000, -0.000000000000000000 ) ) ;
#1300 = CARTESIAN_POINT ( 'NONE',  ( -12.80722900215029014, 9.257703644552861988, -29.86734962512348446 ) ) ;
#1301 = B_SPLINE_CURVE_WITH_KNOTS ( 'NONE', 3,
 ( #3462, #2446, #818, #4155, #2129, #3509, #1502, #3175, #3443, #2807, #4195, #318, #3237, #941, #1652, #1588, #1911, #1630, #598, #4235, #1606, #2532, #2933, #4255, #1306, #254, #2591, #2912, #339, #2611, #1569, #16, #3941, #1286, #1245, #922, #273, #983, #619, #3617, #3915, #1890, #965, #3553, #2272, #3595, #1931, #3573, #2215, #3896, #2294, #2254, #2871, #3218, #639, #3857, #291, #1950, #4213, #3259, #3283, #2954, #666, #903, #3528, #1972, #2890, #2237, #579, #2552, #3199, #3874, #1265, #2572, #3326, #2630, #3700, #3964, #742, #1733, #2654, #2318, #381, #418, #3663, #2056, #1714, #441, #2353, #1066, #1087, #3367, #2374, #2338, #2996, #702, #3987 ),
 .UNSPECIFIED., .F., .F.,
 ( 4, 1, 1, 1, 1, 2, 2, 1, 1, 1, 1, 2, 2, 1, 1, 1, 1, 2, 2, 1, 1, 2, 2, 1, 1, 2, 2, 1, 1, 2, 2, 1, 1, 2, 2, 1, 1, 1, 2, 2, 1, 1, 1, 2, 2, 1, 1, 1, 2, 2, 1, 1, 1, 1, 2, 2, 1, 1, 1, 1, 2, 2, 1, 1, 1, 1, 2, 2, 4 ),
 ( 0.000000000000000000, 0.06249999999999904243, 0.09374999999999875100, 0.1093749999999986261, 0.1171874999999985845, 0.1210937499999983347, 0.1249999999999981126, 0.1874999999999950873, 0.2187499999999935607, 0.2343749999999928391, 0.2421874999999926170, 0.2460937499999925060, 0.2499999999999923950, 0.3124999999999921174, 0.3437499999999919509, 0.3593749999999920064, 0.3671874999999921729, 0.3710937499999922839, 0.3749999999999923950, 0.4062499999999938938, 0.4218749999999945599, 0.4296874999999948375, 0.4374999999999951705, 0.4687499999999960587, 0.4843749999999963363, 0.4921874999999965028, 0.4999999999999966693, 0.5312499999999974465, 0.5468749999999978906, 0.5546874999999980016, 0.5624999999999982236, 0.5937499999999992228, 0.6093749999999995559, 0.6171874999999996669, 0.6249999999999997780, 0.6562499999999995559, 0.6718749999999994449, 0.6796874999999993339, 0.6835937499999993339, 0.6874999999999992228, 0.7187499999999991118, 0.7343749999999991118, 0.7421874999999991118, 0.7460937499999990008, 0.7499999999999988898, 0.7812499999999990008, 0.7968749999999990008, 0.8046874999999990008, 0.8085937499999988898, 0.8124999999999988898, 0.8437499999999987788, 0.8593749999999985567, 0.8671874999999985567, 0.8710937499999985567, 0.8730468749999985567, 0.8749999999999984457, 0.9062499999999986677, 0.9218749999999987788, 0.9296874999999987788, 0.9335937499999987788, 0.9355468749999987788, 0.9374999999999987788, 0.9531249999999988898, 0.9609374999999990008, 0.9648437499999991118, 0.9667968749999992228, 0.9677734374999991118, 0.9687499999999991118, 1.000000000000000000 ),
 .UNSPECIFIED. ) ;
#1302 = CIRCLE ( 'NONE', #3918, 4.999999999999999112 ) ;
#1303 = VERTEX_POINT ( 'NONE', #1114 ) ;
#1304 = CARTESIAN_POINT ( 'NONE',  ( -13.24178303312315386, 6.372450791696873118, -33.09815102734011560 ) ) ;
#1305 = CARTESIAN_POINT ( 'NONE',  ( 14.50344357928501893, 7.262880020665143377, -33.71616037993237569 ) ) ;
#1306 = CARTESIAN_POINT ( 'NONE',  ( -13.00000000000000711, 3.596587473421390957, -6.936123873485751545 ) ) ;
#1307 = CARTESIAN_POINT ( 'NONE',  ( 13.47903426316417530, 6.579546985727400710, -33.47462999418637963 ) ) ;
#1308 = ORIENTED_EDGE ( 'NONE', *, *, #599, .T. ) ;
#1309 = CARTESIAN_POINT ( 'NONE',  ( -19.00000000000000000, 8.423544535020248247, -35.38012409443658157 ) ) ;
#1310 = FACE_OUTER_BOUND ( 'NONE', #3742, .T. ) ;
#1311 = CARTESIAN_POINT ( 'NONE',  ( 12.99999999999999822, 7.499999999999996447, 0.000000000000000000 ) ) ;
#1312 = EDGE_CURVE ( 'NONE', #164, #815, #2784, .T. ) ;
#1313 = CARTESIAN_POINT ( 'NONE',  ( -16.21858579492788976, 8.013762846344056001, -34.83363831210898809 ) ) ;
#1314 = CARTESIAN_POINT ( 'NONE',  ( 15.49794174801112412, 10.92031670554126599, -32.86420617566980695 ) ) ;
#1315 = DIRECTION ( 'NONE',  ( 0.000000000000000000, 0.6016065171188301752, -0.7987925879476791557 ) ) ;
#1316 = ORIENTED_EDGE ( 'NONE', *, *, #782, .T. ) ;
#1317 = DIRECTION ( 'NONE',  ( -0.000000000000000000, 0.7987925879476792668, 0.6016065171188299532 ) ) ;
#1318 = EDGE_CURVE ( 'NONE', #26, #533, #2527, .T. ) ;
#1319 = ORIENTED_EDGE ( 'NONE', *, *, #3776, .T. ) ;
#1320 = CARTESIAN_POINT ( 'NONE',  ( -12.68479543815116628, 3.584899862275756188, -8.420991387631630687 ) ) ;
#1321 = CARTESIAN_POINT ( 'NONE',  ( -25.00000000000001066, 12.42253162707478076, -34.87208646041603544 ) ) ;
#1322 = CARTESIAN_POINT ( 'NONE',  ( -15.39624519992278984, 10.11218611780345711, -32.60326944555098549 ) ) ;
#1323 = ORIENTED_EDGE ( 'NONE', *, *, #246, .F. ) ;
#1324 = EDGE_CURVE ( 'NONE', #4082, #4112, #1328, .T. ) ;
#1325 = CARTESIAN_POINT ( 'NONE',  ( -15.40055002074435997, 7.668908666781429240, -35.19418483360361449 ) ) ;
#1326 = DIRECTION ( 'NONE',  ( 0.000000000000000000, -0.7987925879476793778, -0.6016065171188297311 ) ) ;
#1327 = CARTESIAN_POINT ( 'NONE',  ( 26.99999999999999289, 12.02313533310094229, -35.17288971897545480 ) ) ;
#1328 = CIRCLE ( 'NONE', #2419, 1.925000000000002265 ) ;
#1329 = CARTESIAN_POINT ( 'NONE',  ( 13.26659777070115709, 6.223878900186535112, -31.74149258286986708 ) ) ;
#1330 = ORIENTED_EDGE ( 'NONE', *, *, #2035, .T. ) ;
#1331 = CARTESIAN_POINT ( 'NONE',  ( 16.35174509265727139, 7.986031612656433687, -35.63031655756348925 ) ) ;
#1332 = CIRCLE ( 'NONE', #1470, 4.999999999999999112 ) ;
#1333 = CARTESIAN_POINT ( 'NONE',  ( -21.70000000000000284, 20.85304535547979299, -52.71469882147997055 ) ) ;
#1334 = CARTESIAN_POINT ( 'NONE',  ( 20.00000000000000000, -3.101896647544500674, -60.74112435792093834 ) ) ;
#1335 = CIRCLE ( 'NONE', #371, 5.000000000000000888 ) ;
#1336 = EDGE_CURVE ( 'NONE', #836, #1215, #795, .T. ) ;
#1337 = CARTESIAN_POINT ( 'NONE',  ( -16.39826717855373772, 8.067063306518472032, -34.90595213925639939 ) ) ;
#1338 = CARTESIAN_POINT ( 'NONE',  ( 26.99999999999999289, 63.67327282043877545, 3.727144897396449608 ) ) ;
#1339 = AXIS2_PLACEMENT_3D ( 'NONE', #2938, #1614, #3878 ) ;
#1340 = CARTESIAN_POINT ( 'NONE',  ( 12.76194673486404518, 3.201709750636694718, -7.096371227854437969 ) ) ;
#1341 = AXIS2_PLACEMENT_3D ( 'NONE', #3844, #2959, #1937 ) ;
#1342 = ORIENTED_EDGE ( 'NONE', *, *, #1654, .T. ) ;
#1343 = CARTESIAN_POINT ( 'NONE',  ( -20.00000000000000000, 19.23536357031985133, -43.91793204942321438 ) ) ;
#1344 = VECTOR ( 'NONE', #1389, 1000.000000000000000 ) ;
#1345 = CARTESIAN_POINT ( 'NONE',  ( -12.67950582544041183, 3.606812305065703050, -8.509911814223560356 ) ) ;
#1346 = DIRECTION ( 'NONE',  ( 1.000000000000000000, -0.000000000000000000, -0.000000000000000000 ) ) ;
#1347 = CARTESIAN_POINT ( 'NONE',  ( -14.93622443655617893, 9.902925737610424051, -32.28390664496905060 ) ) ;
#1348 = AXIS2_PLACEMENT_3D ( 'NONE', #3054, #4080, #1104 ) ;
#1349 = ORIENTED_EDGE ( 'NONE', *, *, #3160, .F. ) ;
#1350 = CARTESIAN_POINT ( 'NONE',  ( -12.81275172024454889, 5.892754997174805887, -32.14196885173844009 ) ) ;
#1351 = CARTESIAN_POINT ( 'NONE',  ( 0.000000000000000000, 8.000000000000000000, 0.000000000000000000 ) ) ;
#1352 = CARTESIAN_POINT ( 'NONE',  ( 26.49999999999998934, 9.227361275284078346, -37.27851252889135480 ) ) ;
#1353 = CARTESIAN_POINT ( 'NONE',  ( 13.39642664812452111, 6.510503434732010319, -33.35128614637126532 ) ) ;
#1354 = EDGE_CURVE ( 'NONE', #3048, #923, #468, .T. ) ;
#1355 = ORIENTED_EDGE ( 'NONE', *, *, #4257, .T. ) ;
#1356 = ORIENTED_EDGE ( 'NONE', *, *, #3675, .F. ) ;
#1357 = CARTESIAN_POINT ( 'NONE',  ( 15.99097185118806763, 7.878538919310542177, -35.48517643755996431 ) ) ;
#1358 = CARTESIAN_POINT ( 'NONE',  ( -13.89503336355901197, 9.269730483087732509, -31.17855843648491998 ) ) ;
#1359 = CARTESIAN_POINT ( 'NONE',  ( -3.955169525227120175E-13, 7.500000000000015099, 7.000000000000011546 ) ) ;
#1360 = B_SPLINE_CURVE_WITH_KNOTS ( 'NONE', 3,
 ( #3293, #2260, #1939, #2962 ),
 .UNSPECIFIED., .F., .F.,
 ( 4, 4 ),
 ( 0.000000000000000000, 1.000000000000000000 ),
 .UNSPECIFIED. ) ;
#1361 = FACE_OUTER_BOUND ( 'NONE', #532, .T. ) ;
#1362 = CARTESIAN_POINT ( 'NONE',  ( 15.64180662257223098, 10.21075840438511406, -32.74755046878592424 ) ) ;
#1363 = ADVANCED_FACE ( 'NONE', ( #4114 ), #3087, .T. ) ;
#1364 = ORIENTED_EDGE ( 'NONE', *, *, #2582, .T. ) ;
#1365 = VERTEX_POINT ( 'NONE', #1501 ) ;
#1366 = LINE ( 'NONE', #2646, #3113 ) ;
#1367 = CARTESIAN_POINT ( 'NONE',  ( -12.98729021377962312, 0.7748898125640748535, -1.519173358321980194 ) ) ;
#1368 = FACE_OUTER_BOUND ( 'NONE', #3671, .T. ) ;
#1369 = DIRECTION ( 'NONE',  ( 0.000000000000000000, 1.000000000000000000, 0.000000000000000000 ) ) ;
#1370 = EDGE_CURVE ( 'NONE', #2574, #1992, #3116, .T. ) ;
#1371 = ORIENTED_EDGE ( 'NONE', *, *, #1892, .T. ) ;
#1372 = DIRECTION ( 'NONE',  ( -2.598157977654573318E-16, 0.000000000000000000, -1.000000000000000000 ) ) ;
#1373 = AXIS2_PLACEMENT_3D ( 'NONE', #2138, #4059, #3409 ) ;
#1374 = CARTESIAN_POINT ( 'NONE',  ( 0.000000000000000000, 0.000000000000000000, 0.000000000000000000 ) ) ;
#1375 = CARTESIAN_POINT ( 'NONE',  ( 12.58823313558464463, 5.504084518552926575, -31.25982244951301681 ) ) ;
#1376 = CIRCLE ( 'NONE', #3653, 16.50000000000000000 ) ;
#1377 = ORIENTED_EDGE ( 'NONE', *, *, #471, .T. ) ;
#1378 = FACE_OUTER_BOUND ( 'NONE', #2461, .T. ) ;
#1379 = ADVANCED_FACE ( 'NONE', ( #1199 ), #2512, .F. ) ;
#1380 = CARTESIAN_POINT ( 'NONE',  ( -16.25148458304312626, 10.42011897154399769, -33.04197566167540145 ) ) ;
#1381 = CARTESIAN_POINT ( 'NONE',  ( 7.799999999999999822, 4.000000000000000000, -1.925000000000002265 ) ) ;
#1382 = EDGE_CURVE ( 'NONE', #3702, #1303, #1884, .T. ) ;
#1383 = CARTESIAN_POINT ( 'NONE',  ( 13.61022862717151227, 9.039034475477325969, -30.71075118461651599 ) ) ;
#1384 = ORIENTED_EDGE ( 'NONE', *, *, #4179, .F. ) ;
#1385 = ORIENTED_EDGE ( 'NONE', *, *, #3398, .T. ) ;
#1386 = DIRECTION ( 'NONE',  ( 0.000000000000000000, 0.000000000000000000, 1.000000000000000000 ) ) ;
#1387 = ORIENTED_EDGE ( 'NONE', *, *, #2895, .F. ) ;
#1388 = CARTESIAN_POINT ( 'NONE',  ( -12.88634111858114117, 2.279944159835880502, -4.688782315455467753 ) ) ;
#1389 = DIRECTION ( 'NONE',  ( 0.000000000000000000, 0.7071067811865439090, 0.7071067811865512365 ) ) ;
#1390 = LINE ( 'NONE', #1775, #3785 ) ;
#1391 = ORIENTED_EDGE ( 'NONE', *, *, #2966, .F. ) ;
#1392 = ADVANCED_FACE ( 'NONE', ( #1483 ), #1157, .F. ) ;
#1393 = DIRECTION ( 'NONE',  ( -0.000000000000000000, -1.000000000000000000, -0.000000000000000000 ) ) ;
#1394 = DIRECTION ( 'NONE',  ( 0.000000000000000000, 0.6016065171188335059, -0.7987925879476767133 ) ) ;
#1395 = CARTESIAN_POINT ( 'NONE',  ( 14.76726375018228765, 9.815970293917596123, -32.14459229777739324 ) ) ;
#1396 = ORIENTED_EDGE ( 'NONE', *, *, #2462, .F. ) ;
#1397 = CARTESIAN_POINT ( 'NONE',  ( 18.29999999999999716, 28.86909033296249660, -63.35812958638249626 ) ) ;
#1398 = CARTESIAN_POINT ( 'NONE',  ( -15.14793255534154071, 10.00282595359901094, -32.43831008275451211 ) ) ;
#1399 = CARTESIAN_POINT ( 'NONE',  ( 16.49999999999981171, 8.024148241046413332, -35.68092735299598672 ) ) ;
#1400 = CARTESIAN_POINT ( 'NONE',  ( 14.05825668413500651, 9.387936955206285461, -31.40343770289712921 ) ) ;
#1401 = AXIS2_PLACEMENT_3D ( 'NONE', #1057, #3049, #1077 ) ;
#1402 = EDGE_CURVE ( 'NONE', #3263, #1197, #444, .T. ) ;
#1403 = CLOSED_SHELL ( 'NONE', ( #4262, #146, #2733, #927, #2207, #32, #21, #2436, #3876, #2857, #3347, #1799, #3627, #58, #150, #2296, #326, #1214, #1976, #625, #3589, #3967, #3355, #1966, #3369, #1363, #3157, #3103, #1392, #2798, #2757, #3210, #2391, #2100, #1191, #2788, #299, #1786, #3938, #3060, #1506, #1379, #1776, #3375, #2131, #3132, #3933, #240, #427, #2123, #1553, #188, #1561, #3983, #1523, #1142, #551, #1665, #2921, #799, #4156, #905, #978, #814, #453, #438, #3317, #1047, #3067, #609, #1612, #1428, #2960, #180, #3893, #760, #3416, #217, #2246, #634, #4004, #3248, #3007, #1903, #660, #1980, #4065, #1696, #1150, #3432, #2569, #670, #501, #949, #2448, #2368, #3723, #933, #1135, #1742, #3032, #1637, #1085, #2813, #1991, #423, #2161, #2662, #3490 ) ) ;
#1404 = ORIENTED_EDGE ( 'NONE', *, *, #2217, .F. ) ;
#1405 = DIRECTION ( 'NONE',  ( 0.000000000000000000, 0.6016065171188306193, -0.7987925879476788227 ) ) ;
#1406 = AXIS2_PLACEMENT_3D ( 'NONE', #3841, #1465, #3753 ) ;
#1407 = CARTESIAN_POINT ( 'NONE',  ( -12.49999999999999467, 5.097008142028281341, -30.18155284697627039 ) ) ;
#1408 = AXIS2_PLACEMENT_3D ( 'NONE', #2158, #3474, #458 ) ;
#1409 = DIRECTION ( 'NONE',  ( 0.000000000000000000, 1.000000000000000000, 0.000000000000000000 ) ) ;
#1410 = CARTESIAN_POINT ( 'NONE',  ( -13.00001895378105310, 8.186765501590519634, -28.39916466622015179 ) ) ;
#1411 = AXIS2_PLACEMENT_3D ( 'NONE', #4006, #75, #723 ) ;
#1412 = ORIENTED_EDGE ( 'NONE', *, *, #2196, .T. ) ;
#1413 = CARTESIAN_POINT ( 'NONE',  ( -3.955169525227120175E-13, 6.000000000000000000, 7.000000000000011546 ) ) ;
#1414 = FACE_OUTER_BOUND ( 'NONE', #484, .T. ) ;
#1415 = DIRECTION ( 'NONE',  ( 0.000000000000000000, -0.6016065171188290650, 0.7987925879476800439 ) ) ;
#1416 = AXIS2_PLACEMENT_3D ( 'NONE', #4228, #592, #2585 ) ;
#1417 = EDGE_LOOP ( 'NONE', ( #2225, #848, #2708, #1565 ) ) ;
#1418 = CARTESIAN_POINT ( 'NONE',  ( 13.89679381678423731, 6.888450444575356713, -34.00250488925230030 ) ) ;
#1419 = CARTESIAN_POINT ( 'NONE',  ( -14.95672165578685764, 9.912495459086370531, -32.29852659168373918 ) ) ;
#1420 = CARTESIAN_POINT ( 'NONE',  ( 15.91814523752704424, 7.859795126727669334, -35.46080144301343751 ) ) ;
#1421 = CARTESIAN_POINT ( 'NONE',  ( 12.93353847502747556, 1.754352653582262667, -3.524796702304402451 ) ) ;
#1422 = AXIS2_PLACEMENT_3D ( 'NONE', #3442, #1762, #859 ) ;
#1423 = CARTESIAN_POINT ( 'NONE',  ( 13.16490996138369418, 8.549341658697350965, -29.53217824591464691 ) ) ;
#1424 = ORIENTED_EDGE ( 'NONE', *, *, #4117, .F. ) ;
#1425 = CARTESIAN_POINT ( 'NONE',  ( 24.99999999999999289, 8.324951499605848682, -36.08032364696985894 ) ) ;
#1426 = VERTEX_POINT ( 'NONE', #2253 ) ;
#1427 = CARTESIAN_POINT ( 'NONE',  ( -1.527920433558173173E-10, 2.799999999999999822, 5.650000000047967319 ) ) ;
#1428 = ADVANCED_FACE ( 'NONE', ( #2571 ), #902, .T. ) ;
#1429 = FACE_BOUND ( 'NONE', #3689, .T. ) ;
#1430 = DIRECTION ( 'NONE',  ( -0.000000000000000000, -1.000000000000000000, -0.000000000000000000 ) ) ;
#1431 = ORIENTED_EDGE ( 'NONE', *, *, #3560, .F. ) ;
#1432 = LINE ( 'NONE', #1778, #4158 ) ;
#1433 = FACE_OUTER_BOUND ( 'NONE', #3427, .T. ) ;
#1434 = CARTESIAN_POINT ( 'NONE',  ( 13.00000000000000000, 5.569582938477574352, -30.01823395106734438 ) ) ;
#1435 = VERTEX_POINT ( 'NONE', #597 ) ;
#1436 = ORIENTED_EDGE ( 'NONE', *, *, #2451, .T. ) ;
#1437 = CONICAL_SURFACE ( 'NONE', #2534, 16.50000000000000355, 0.7853981633974587151 ) ;
#1438 = CARTESIAN_POINT ( 'NONE',  ( -13.08126987868547886, 5.916120936783568318, -31.00208608519772824 ) ) ;
#1439 = DIRECTION ( 'NONE',  ( 0.000000000000000000, 1.000000000000000000, 0.000000000000000000 ) ) ;
#1440 = DIRECTION ( 'NONE',  ( 3.252606517456509358E-16, -0.6016065171188300642, 0.7987925879476791557 ) ) ;
#1441 = CARTESIAN_POINT ( 'NONE',  ( 12.99716005921666095, 0.3654771678061227713, -0.7135379990312619158 ) ) ;
#1442 = VECTOR ( 'NONE', #2752, 1000.000000000000114 ) ;
#1443 = DIRECTION ( 'NONE',  ( 0.000000000000000000, 0.000000000000000000, 1.000000000000000000 ) ) ;
#1444 = CARTESIAN_POINT ( 'NONE',  ( 13.51839287114991528, 8.954007336494420599, -30.52484402753506743 ) ) ;
#1445 = EDGE_CURVE ( 'NONE', #3440, #3702, #2590, .T. ) ;
#1446 = ORIENTED_EDGE ( 'NONE', *, *, #1062, .F. ) ;
#1447 = CARTESIAN_POINT ( 'NONE',  ( 12.99999999999999822, 0.1803571956231463658, -0.3006780080488477558 ) ) ;
#1448 = CARTESIAN_POINT ( 'NONE',  ( -13.32810059456424590, 6.309797636147201239, -31.93739115925409067 ) ) ;
#1449 = ORIENTED_EDGE ( 'NONE', *, *, #943, .F. ) ;
#1450 = CARTESIAN_POINT ( 'NONE',  ( -13.89679381678423553, 6.888450444575354936, -34.00250488925230030 ) ) ;
#1451 = FACE_BOUND ( 'NONE', #1118, .T. ) ;
#1452 = CARTESIAN_POINT ( 'NONE',  ( 24.99999999999999289, 9.626757569257925695, -36.97770927033192834 ) ) ;
#1453 = FACE_OUTER_BOUND ( 'NONE', #4146, .T. ) ;
#1454 = VERTEX_POINT ( 'NONE', #1285 ) ;
#1455 = CARTESIAN_POINT ( 'NONE',  ( 19.00000000000000000, 10.81992229886328971, -33.57530454308009382 ) ) ;
#1456 = CARTESIAN_POINT ( 'NONE',  ( 1.230770033143089935E-15, 2.799999999999999822, 10.05000000000000071 ) ) ;
#1457 = CARTESIAN_POINT ( 'NONE',  ( 16.21615741452067994, 10.40960352130193733, -33.02763825599954117 ) ) ;
#1458 = EDGE_CURVE ( 'NONE', #2994, #923, #1885, .T. ) ;
#1459 = ORIENTED_EDGE ( 'NONE', *, *, #1312, .T. ) ;
#1460 = DIRECTION ( 'NONE',  ( -2.312964634635760410E-15, 0.6016065171188290650, -0.7987925879476800439 ) ) ;
#1461 = CARTESIAN_POINT ( 'NONE',  ( 19.00000000000000000, 16.44132867697359757, -21.83023472896330475 ) ) ;
#1462 = LINE ( 'NONE', #2785, #33 ) ;
#1463 = CARTESIAN_POINT ( 'NONE',  ( 12.97556464173899649, 1.069503502199042222, -2.107686962343886528 ) ) ;
#1464 = FILL_AREA_STYLE_COLOUR ( '', #2731 ) ;
#1465 = DIRECTION ( 'NONE',  ( -0.000000000000000000, 1.000000000000000000, -0.000000000000000000 ) ) ;
#1466 = EDGE_LOOP ( 'NONE', ( #1692, #768, #1323, #1633 ) ) ;
#1467 = DIRECTION ( 'NONE',  ( -1.000000000000000000, 0.000000000000000000, 0.000000000000000000 ) ) ;
#1468 = CARTESIAN_POINT ( 'NONE',  ( -13.66685704329797701, 6.656550445731869381, -32.64326193704393120 ) ) ;
#1469 = CARTESIAN_POINT ( 'NONE',  ( -16.42088082671910598, 8.074497881747525696, -34.91618784275600973 ) ) ;
#1470 = AXIS2_PLACEMENT_3D ( 'NONE', #866, #2425, #216 ) ;
#1471 = CARTESIAN_POINT ( 'NONE',  ( 20.00000000000000000, 18.21263249121785321, -42.55998464991217389 ) ) ;
#1472 = LINE ( 'NONE', #2773, #1091 ) ;
#1473 = CARTESIAN_POINT ( 'NONE',  ( 12.71897674704553793, 9.142851386862238527, -29.58772731899115982 ) ) ;
#1474 = VERTEX_POINT ( 'NONE', #3572 ) ;
#1475 = VECTOR ( 'NONE', #1103, 1000.000000000000000 ) ;
#1476 = CARTESIAN_POINT ( 'NONE',  ( 7.039682604951752835E-16, 14.15047025606174635, -41.48814605419376988 ) ) ;
#1477 = DIRECTION ( 'NONE',  ( 0.000000000000000000, 0.000000000000000000, 1.000000000000000000 ) ) ;
#1478 = CARTESIAN_POINT ( 'NONE',  ( 14.54368533918034956, 9.693196060867499853, -31.94221926291917413 ) ) ;
#1479 = AXIS2_PLACEMENT_3D ( 'NONE', #839, #3489, #2195 ) ;
#1480 = ORIENTED_EDGE ( 'NONE', *, *, #2704, .T. ) ;
#1481 = FACE_OUTER_BOUND ( 'NONE', #877, .T. ) ;
#1482 = AXIS2_PLACEMENT_3D ( 'NONE', #875, #2189, #2800 ) ;
#1483 = FACE_OUTER_BOUND ( 'NONE', #1133, .T. ) ;
#1484 = CARTESIAN_POINT ( 'NONE',  ( 12.49999999999999467, 5.097008142028281341, -30.18155284697627039 ) ) ;
#1485 = EDGE_CURVE ( 'NONE', #378, #130, #717, .T. ) ;
#1486 = CARTESIAN_POINT ( 'NONE',  ( 12.95117631179908280, 1.507706710315191545, -3.004130199672129020 ) ) ;
#1487 = DIRECTION ( 'NONE',  ( -0.000000000000000000, 1.000000000000000000, -0.000000000000000000 ) ) ;
#1488 = FACE_OUTER_BOUND ( 'NONE', #952, .T. ) ;
#1489 = CARTESIAN_POINT ( 'NONE',  ( 13.00000000000000178, 2.307101017940092813, -4.039200241305766603 ) ) ;
#1490 = CARTESIAN_POINT ( 'NONE',  ( -15.28306232947046972, 7.665092214766190182, -34.33937448916617541 ) ) ;
#1491 = CARTESIAN_POINT ( 'NONE',  ( -18.30000000000000426, 24.04821570727049718, -50.30827275300465828 ) ) ;
#1492 = DIRECTION ( 'NONE',  ( 0.000000000000000000, 1.000000000000000000, 0.000000000000000000 ) ) ;
#1493 = CARTESIAN_POINT ( 'NONE',  ( 0.000000000000000000, 2.799999999999999822, 0.000000000000000000 ) ) ;
#1494 = ORIENTED_EDGE ( 'NONE', *, *, #4189, .T. ) ;
#1495 = DIRECTION ( 'NONE',  ( 0.000000000000000000, -0.6016065171188238470, 0.7987925879476838187 ) ) ;
#1496 = DIRECTION ( 'NONE',  ( 0.000000000000000000, -0.6016065171188298422, 0.7987925879476794888 ) ) ;
#1497 = DIRECTION ( 'NONE',  ( 0.000000000000000000, 0.000000000000000000, 1.000000000000000000 ) ) ;
#1498 = VERTEX_POINT ( 'NONE', #982 ) ;
#1499 = VERTEX_POINT ( 'NONE', #2293 ) ;
#1500 = CARTESIAN_POINT ( 'NONE',  ( 0.000000000000000000, 6.000000000000000000, 0.000000000000000000 ) ) ;
#1501 = CARTESIAN_POINT ( 'NONE',  ( 13.00000000000000178, 0.000000000000000000, 0.000000000000000000 ) ) ;
#1502 = CARTESIAN_POINT ( 'NONE',  ( -13.00000000000000000, 4.392398553320573384, -10.02234486484883469 ) ) ;
#1503 = CARTESIAN_POINT ( 'NONE',  ( 12.97088939940488039, 1.167361037079241770, -2.305247396018193839 ) ) ;
#1504 = AXIS2_PLACEMENT_3D ( 'NONE', #1551, #1267, #1591 ) ;
#1505 = EDGE_LOOP ( 'NONE', ( #1356, #54, #3099, #2892 ) ) ;
#1506 = ADVANCED_FACE ( 'NONE', ( #2889 ), #4212, .F. ) ;
#1507 = LINE ( 'NONE', #841, #747 ) ;
#1508 = CARTESIAN_POINT ( 'NONE',  ( -5.000000000000002665, 21.97135497860654141, -51.87244969751361623 ) ) ;
#1509 = CIRCLE ( 'NONE', #2538, 1.349999999921932758 ) ;
#1510 = EDGE_CURVE ( 'NONE', #1735, #26, #287, .T. ) ;
#1511 = VECTOR ( 'NONE', #3748, 1000.000000000000227 ) ;
#1512 = CARTESIAN_POINT ( 'NONE',  ( 12.99999999999999822, 2.572838038771081859, -4.566361852275425903 ) ) ;
#1513 = CARTESIAN_POINT ( 'NONE',  ( -14.19337895553342932, 7.066103401860347688, -33.38783241330765605 ) ) ;
#1514 = CARTESIAN_POINT ( 'NONE',  ( -14.94419505065512155, 7.505077839462848566, -34.09896767699903108 ) ) ;
#1515 = LINE ( 'NONE', #4241, #308 ) ;
#1516 = DIRECTION ( 'NONE',  ( 0.000000000000000000, 0.1394316078386039215, 0.9902317035601020390 ) ) ;
#1517 = DIRECTION ( 'NONE',  ( 0.000000000000000000, -0.9902317035601018169, 0.1394316078386058644 ) ) ;
#1518 = EDGE_LOOP ( 'NONE', ( #429, #4172, #2376, #1056 ) ) ;
#1519 = CARTESIAN_POINT ( 'NONE',  ( 12.72853737918158146, 3.382995482234640416, -7.678028084940865305 ) ) ;
#1520 = DIRECTION ( 'NONE',  ( 0.000000000000000000, 0.000000000000000000, 1.000000000000000000 ) ) ;
#1521 = FACE_OUTER_BOUND ( 'NONE', #1242, .T. ) ;
#1522 = ORIENTED_EDGE ( 'NONE', *, *, #2916, .F. ) ;
#1523 = ADVANCED_FACE ( 'NONE', ( #683 ), #2974, .F. ) ;
#1524 = DIRECTION ( 'NONE',  ( 0.000000000000000000, 0.7987925879476801549, 0.6016065171188289540 ) ) ;
#1525 = CARTESIAN_POINT ( 'NONE',  ( 24.99999999999999289, 30.86104765051554466, -59.35411834201180881 ) ) ;
#1526 = LINE ( 'NONE', #817, #3282 ) ;
#1527 = DIRECTION ( 'NONE',  ( -0.000000000000000000, -0.7987925879476741597, -0.6016065171188368366 ) ) ;
#1528 = DIRECTION ( 'NONE',  ( 0.000000000000000000, -1.000000000000000000, 0.000000000000000000 ) ) ;
#1529 = LINE ( 'NONE', #3179, #2841 ) ;
#1530 = CARTESIAN_POINT ( 'NONE',  ( 12.99999999999999822, 3.512785145427801847, -6.710249198067008258 ) ) ;
#1531 = CARTESIAN_POINT ( 'NONE',  ( -13.00000000000000178, 0.000000000000000000, 0.000000000000000000 ) ) ;
#1532 = CARTESIAN_POINT ( 'NONE',  ( 19.00000000000000000, 10.81992229886328793, -33.57530454308009382 ) ) ;
#1533 = CARTESIAN_POINT ( 'NONE',  ( -12.99999999999999822, 4.032691026794729794, -8.295152202155803067 ) ) ;
#1534 = CARTESIAN_POINT ( 'NONE',  ( 12.58635271679405854, 8.925564416664443002, -29.01405604138237493 ) ) ;
#1535 = EDGE_CURVE ( 'NONE', #3031, #1923, #2767, .T. ) ;
#1536 = EDGE_LOOP ( 'NONE', ( #3525, #2929 ) ) ;
#1537 = CARTESIAN_POINT ( 'NONE',  ( 13.00000000000000000, 0.000000000000000000, 0.000000000000000000 ) ) ;
#1538 = DIRECTION ( 'NONE',  ( 0.000000000000000000, 0.000000000000000000, 1.000000000000000000 ) ) ;
#1539 = CARTESIAN_POINT ( 'NONE',  ( 7.039682604951752835E-16, -3.101896647544507335, -60.74112435792092413 ) ) ;
#1540 = CIRCLE ( 'NONE', #300, 2.849999999999990763 ) ;
#1541 = AXIS2_PLACEMENT_3D ( 'NONE', #182, #4128, #1495 ) ;
#1542 = ORIENTED_EDGE ( 'NONE', *, *, #4102, .T. ) ;
#1543 = ORIENTED_EDGE ( 'NONE', *, *, #479, .T. ) ;
#1544 = CARTESIAN_POINT ( 'NONE',  ( -13.16974961695246193, 6.303445080486693719, -32.96836773192040226 ) ) ;
#1545 = CARTESIAN_POINT ( 'NONE',  ( 13.49562076111764952, 6.491015588862617314, -32.31394223657472509 ) ) ;
#1546 = CIRCLE ( 'NONE', #3470, 1.699999999999998401 ) ;
#1547 = FACE_BOUND ( 'NONE', #1632, .T. ) ;
#1548 = AXIS2_PLACEMENT_3D ( 'NONE', #1359, #3706, #1700 ) ;
#1549 = ORIENTED_EDGE ( 'NONE', *, *, #3686, .F. ) ;
#1550 = CIRCLE ( 'NONE', #1479, 6.500000000000018652 ) ;
#1551 = CARTESIAN_POINT ( 'NONE',  ( 0.000000000000000000, 8.000000000000000000, 0.000000000000000000 ) ) ;
#1552 = FACE_OUTER_BOUND ( 'NONE', #3932, .T. ) ;
#1553 = ADVANCED_FACE ( 'NONE', ( #360 ), #3986, .F. ) ;
#1554 = VECTOR ( 'NONE', #183, 1000.000000000000114 ) ;
#1555 = CARTESIAN_POINT ( 'NONE',  ( 12.99999999999999822, 1.744938997431209948, -2.987022336207429962 ) ) ;
#1556 = CARTESIAN_POINT ( 'NONE',  ( 7.039682604951752835E-16, 14.15047025606174103, -41.48814605419376278 ) ) ;
#1557 = CARTESIAN_POINT ( 'NONE',  ( -12.94374119626256281, 1.632837322728012630, -3.261678725443891480 ) ) ;
#1558 = CARTESIAN_POINT ( 'NONE',  ( 13.16133815799477169, 9.620999811075396480, -30.66769079210700966 ) ) ;
#1559 = ORIENTED_EDGE ( 'NONE', *, *, #1282, .T. ) ;
#1560 = AXIS2_PLACEMENT_3D ( 'NONE', #1805, #3107, #166 ) ;
#1561 = ADVANCED_FACE ( 'NONE', ( #3014 ), #74, .F. ) ;
#1562 = DIRECTION ( 'NONE',  ( 0.000000000000000000, 0.000000000000000000, 1.000000000000000000 ) ) ;
#1563 = DIRECTION ( 'NONE',  ( -0.000000000000000000, 0.6016065171188300642, -0.7987925879476791557 ) ) ;
#1564 = CARTESIAN_POINT ( 'NONE',  ( 13.65868130682400761, 9.080603460105976410, -30.79768692771186522 ) ) ;
#1565 = ORIENTED_EDGE ( 'NONE', *, *, #2704, .F. ) ;
#1566 = ORIENTED_EDGE ( 'NONE', *, *, #3171, .T. ) ;
#1567 = DIRECTION ( 'NONE',  ( 4.336808689942011820E-16, -0.6016065171188297311, 0.7987925879476794888 ) ) ;
#1568 = CARTESIAN_POINT ( 'NONE',  ( 14.62255518430493595, 7.333133513713764984, -33.83003438747834934 ) ) ;
#1569 = CARTESIAN_POINT ( 'NONE',  ( -13.00000000000000178, 3.319967268941633076, -6.220465704310503163 ) ) ;
#1570 = ORIENTED_EDGE ( 'NONE', *, *, #3520, .F. ) ;
#1571 = CARTESIAN_POINT ( 'NONE',  ( -13.00000000000000000, 5.569582938477553036, -30.01823395106736214 ) ) ;
#1572 = CARTESIAN_POINT ( 'NONE',  ( 16.69230769230767208, 8.145879988657751980, -35.01145059230684353 ) ) ;
#1573 = EDGE_CURVE ( 'NONE', #1426, #1296, #2674, .T. ) ;
#1574 = CARTESIAN_POINT ( 'NONE',  ( 13.00000000000000000, 1.141816610867048665, -1.924412367724202877 ) ) ;
#1575 = CARTESIAN_POINT ( 'NONE',  ( -6.212399911202985514, 24.04821570727050428, -50.30827275300466539 ) ) ;
#1576 = CIRCLE ( 'NONE', #3291, 10.05000000000000071 ) ;
#1577 = CARTESIAN_POINT ( 'NONE',  ( -13.00000000000000178, 3.997488433353906245, -8.168827147703741076 ) ) ;
#1578 = CARTESIAN_POINT ( 'NONE',  ( 12.83590455557896881, 2.709195138955330151, -5.730856654994822996 ) ) ;
#1579 = CIRCLE ( 'NONE', #2875, 1.349999999921932758 ) ;
#1580 = ORIENTED_EDGE ( 'NONE', *, *, #2323, .F. ) ;
#1581 = CARTESIAN_POINT ( 'NONE',  ( 12.99999999999999822, 3.923932489883651620, -7.916765282285184391 ) ) ;
#1582 = CARTESIAN_POINT ( 'NONE',  ( -12.50000000000000355, 8.594015433616521094, -27.96801447913775718 ) ) ;
#1583 = CARTESIAN_POINT ( 'NONE',  ( -13.46923396879354229, 9.870307070829422713, -31.15673923814764734 ) ) ;
#1584 = VERTEX_POINT ( 'NONE', #380 ) ;
#1585 = ORIENTED_EDGE ( 'NONE', *, *, #2397, .F. ) ;
#1586 = CARTESIAN_POINT ( 'NONE',  ( -13.39662726180915264, 6.510683775452214661, -33.35161674001468413 ) ) ;
#1587 = CARTESIAN_POINT ( 'NONE',  ( -19.00000000000000355, 11.52012185139653688, -33.67389757849451115 ) ) ;
#1588 = CARTESIAN_POINT ( 'NONE',  ( -13.00000000000000000, 4.074870422603334319, -8.454504471708565561 ) ) ;
#1589 = EDGE_CURVE ( 'NONE', #2848, #1247, #2036, .T. ) ;
#1590 = ORIENTED_EDGE ( 'NONE', *, *, #2217, .T. ) ;
#1591 = DIRECTION ( 'NONE',  ( 0.000000000000000000, -0.000000000000000000, 1.000000000000000000 ) ) ;
#1592 = DIRECTION ( 'NONE',  ( -0.000000000000000000, 0.7987925879476792668, 0.6016065171188300642 ) ) ;
#1593 = LINE ( 'NONE', #673, #710 ) ;
#1594 = CARTESIAN_POINT ( 'NONE',  ( 14.25424347192335084, 10.36846672478680631, -32.02704890149745864 ) ) ;
#1595 = CARTESIAN_POINT ( 'NONE',  ( -12.55895182081726169, 3.955085409542436814, -10.52238890257579840 ) ) ;
#1596 = DIRECTION ( 'NONE',  ( 1.000000000000000000, 0.000000000000000000, 0.000000000000000000 ) ) ;
#1597 = ORIENTED_EDGE ( 'NONE', *, *, #3991, .F. ) ;
#1598 = DIRECTION ( 'NONE',  ( -0.000000000000000000, 0.7987925879476791557, 0.6016065171188300642 ) ) ;
#1599 = CARTESIAN_POINT ( 'NONE',  ( -12.99836870796153931, 0.2789795793195283813, -0.5443530342902270780 ) ) ;
#1600 = DIRECTION ( 'NONE',  ( 8.659560562354985860E-17, 0.7071067811865432429, -0.7071067811865517916 ) ) ;
#1601 = CARTESIAN_POINT ( 'NONE',  ( -15.76733084432147258, 10.25813761080614128, -32.81568007399071973 ) ) ;
#1602 = ORIENTED_EDGE ( 'NONE', *, *, #1573, .T. ) ;
#1603 = CARTESIAN_POINT ( 'NONE',  ( -15.50224014314960286, 7.709435286412762878, -35.25158962696778531 ) ) ;
#1604 = CARTESIAN_POINT ( 'NONE',  ( 13.96529240298829500, 6.902326672853544842, -33.10051877421779665 ) ) ;
#1605 = CONICAL_SURFACE ( 'NONE', #3036, 1.500000000000005995, 0.7853981633974589371 ) ;
#1606 = CARTESIAN_POINT ( 'NONE',  ( -12.99999999999999822, 3.671632792450166161, -7.144977043755775803 ) ) ;
#1607 = CARTESIAN_POINT ( 'NONE',  ( 13.90372393522843097, 6.856126323404441614, -33.01795970404720038 ) ) ;
#1608 = AXIS2_PLACEMENT_3D ( 'NONE', #1343, #3954, #3979 ) ;
#1609 = EDGE_LOOP ( 'NONE', ( #4075, #3255, #3240, #2191 ) ) ;
#1610 = AXIS2_PLACEMENT_3D ( 'NONE', #3899, #3289, #324 ) ;
#1611 = CARTESIAN_POINT ( 'NONE',  ( -7.800000000000025580, 8.000000000000000000, 1.924999999999857270 ) ) ;
#1612 = ADVANCED_FACE ( 'NONE', ( #4005 ), #2953, .T. ) ;
#1613 = CONICAL_SURFACE ( 'NONE', #1408, 6.500000000000008882, 0.7853981633974621568 ) ;
#1614 = DIRECTION ( 'NONE',  ( 0.000000000000000000, 1.000000000000000000, 0.000000000000000000 ) ) ;
#1615 = DIRECTION ( 'NONE',  ( 2.312964634635797092E-15, -0.6016065171188306193, 0.7987925879476788227 ) ) ;
#1616 = AXIS2_PLACEMENT_3D ( 'NONE', #1374, #1673, #2975 ) ;
#1617 = CARTESIAN_POINT ( 'NONE',  ( 13.00000000000000000, 4.500000000000005329, -11.52171862180292194 ) ) ;
#1618 = CARTESIAN_POINT ( 'NONE',  ( 12.50000000000000355, 8.594015433616522870, -27.96801447913775718 ) ) ;
#1619 = AXIS2_PLACEMENT_3D ( 'NONE', #2564, #4207, #2845 ) ;
#1620 = CARTESIAN_POINT ( 'NONE',  ( 12.89820255007658112, 2.159713969909476727, -4.415664435630467288 ) ) ;
#1621 = ORIENTED_EDGE ( 'NONE', *, *, #4014, .T. ) ;
#1622 = DIRECTION ( 'NONE',  ( 0.000000000000000000, 0.000000000000000000, 1.000000000000000000 ) ) ;
#1623 = CARTESIAN_POINT ( 'NONE',  ( -13.00000000000000178, 0.000000000000000000, 0.000000000000000000 ) ) ;
#1624 = CARTESIAN_POINT ( 'NONE',  ( 0.000000000000000000, 6.000000000000000000, 0.000000000000000000 ) ) ;
#1625 = CARTESIAN_POINT ( 'NONE',  ( -13.67637280625700136, 9.096416259946215277, -30.83149913595593361 ) ) ;
#1626 = AXIS2_PLACEMENT_3D ( 'NONE', #1013, #3811, #2466 ) ;
#1627 = ORIENTED_EDGE ( 'NONE', *, *, #400, .T. ) ;
#1628 = CARTESIAN_POINT ( 'NONE',  ( -12.58823313558464285, 5.504084518552931904, -31.25982244951303102 ) ) ;
#1629 = CARTESIAN_POINT ( 'NONE',  ( 13.61685396510796409, 6.611317083060663791, -32.55583011559194517 ) ) ;
#1630 = CARTESIAN_POINT ( 'NONE',  ( -13.00000000000000000, 4.001710026794119912, -8.178156301148950647 ) ) ;
#1631 = CARTESIAN_POINT ( 'NONE',  ( 13.24178303312315208, 6.372450791696877559, -33.09815102734011560 ) ) ;
#1632 = EDGE_LOOP ( 'NONE', ( #2027, #4008, #3337, #488, #3500 ) ) ;
#1633 = ORIENTED_EDGE ( 'NONE', *, *, #2180, .F. ) ;
#1634 = CARTESIAN_POINT ( 'NONE',  ( 24.99999999999999289, 31.66486439077936055, -61.25250677646658914 ) ) ;
#1635 = CARTESIAN_POINT ( 'NONE',  ( -13.09960010506003236, 8.450097607703218827, -29.25766228767495036 ) ) ;
#1636 = DIRECTION ( 'NONE',  ( 0.000000000000000000, -0.6016065171188299532, 0.7987925879476792668 ) ) ;
#1637 = ADVANCED_FACE ( 'NONE', ( #397 ), #91, .F. ) ;
#1638 = CARTESIAN_POINT ( 'NONE',  ( 13.00000000000000178, 4.135607937465445083, -8.683651085793766100 ) ) ;
#1639 = CARTESIAN_POINT ( 'NONE',  ( 12.93961460815559938, 9.406968183668595884, -30.20996345493783153 ) ) ;
#1640 = CARTESIAN_POINT ( 'NONE',  ( -19.00000000000000000, 10.81992229886327728, -33.57530454308010093 ) ) ;
#1641 = EDGE_CURVE ( 'NONE', #1435, #3172, #3281, .T. ) ;
#1642 = ORIENTED_EDGE ( 'NONE', *, *, #2451, .F. ) ;
#1643 = AXIS2_PLACEMENT_3D ( 'NONE', #451, #3492, #518 ) ;
#1644 = CARTESIAN_POINT ( 'NONE',  ( 24.99999999999999289, 12.02313533310095295, -35.17288971897544059 ) ) ;
#1645 = CARTESIAN_POINT ( 'NONE',  ( -12.71353959023371871, 3.456733467445318286, -7.934868981198228255 ) ) ;
#1646 = DIRECTION ( 'NONE',  ( 3.464210636872764096E-16, 0.000000000000000000, 1.000000000000000000 ) ) ;
#1647 = CARTESIAN_POINT ( 'NONE',  ( -13.74026443589837854, 10.05922400554531571, -31.50091693055854236 ) ) ;
#1648 = VECTOR ( 'NONE', #500, 1000.000000000000000 ) ;
#1649 = ORIENTED_EDGE ( 'NONE', *, *, #3023, .T. ) ;
#1650 = CARTESIAN_POINT ( 'NONE',  ( -13.79791024210660488, 6.820176370357245332, -33.88881936918343740 ) ) ;
#1651 = DIRECTION ( 'NONE',  ( -0.000000000000000000, -1.000000000000000000, -0.000000000000000000 ) ) ;
#1652 = CARTESIAN_POINT ( 'NONE',  ( -13.00000000000000000, 4.083422698019536057, -8.487236040674304149 ) ) ;
#1653 = CARTESIAN_POINT ( 'NONE',  ( 13.33564697021539835, 6.312391827044885773, -31.93757743362160539 ) ) ;
#1654 = EDGE_CURVE ( 'NONE', #223, #288, #2629, .T. ) ;
#1655 = EDGE_LOOP ( 'NONE', ( #3144, #559 ) ) ;
#1656 = CARTESIAN_POINT ( 'NONE',  ( 13.65637107527882499, 6.717249244303112654, -33.71413967685865032 ) ) ;
#1657 = PLANE ( 'NONE',  #1339 ) ;
#1658 = DIRECTION ( 'NONE',  ( -0.000000000000000000, 0.7987925879476793778, 0.6016065171188298422 ) ) ;
#1659 = CARTESIAN_POINT ( 'NONE',  ( 4.999999999999999112, 21.97135497860653430, -51.87244969751361623 ) ) ;
#1660 = CARTESIAN_POINT ( 'NONE',  ( 16.35086022647382009, 11.18306600368671688, -33.22636541412001776 ) ) ;
#1661 = CARTESIAN_POINT ( 'NONE',  ( 12.72790395949273368, 3.386262726919707866, -7.689114097783405377 ) ) ;
#1662 = B_SPLINE_SURFACE_WITH_KNOTS ( 'NONE', 1, 3, ( 
 ( #3330, #1331, #3288, #1357, #1999, #97, #3372, #706, #1698, #78, #728, #1032, #669, #2040, #2695, #2377, #2341, #3666, #748, #386, #2062, #422, #1418, #2301, #344, #1656, #57, #1307, #1353, #1631, #1009, #2676, #3596, #1029, #3664, #966, #2631, #2612, #3942, #2339, #2997, #3988, #1287, #667, #1375, #2655, #2255, #3306 ),
 ( #942, #1996, #2955, #3574, #1695, #620, #17, #3260, #640, #1932, #3916, #3643, #2273, #4236, #1973, #2934, #3238, #362, #292, #1674, #703, #1951, #2913, #984, #2592, #319, #685, #1607, #3618, #4256, #2295, #2976, #3284, #38, #340, #2014, #1653, #3327, #1329, #382, #3965, #2319, #3102, #3035, #3368, #1780, #2057, #1434 ) ),
 .UNSPECIFIED., .F., .F., .F.,
 ( 2, 2 ),
 ( 4, 2, 2, 2, 2, 2, 2, 2, 2, 2, 2, 2, 2, 2, 2, 2, 2, 2, 2, 2, 2, 2, 2, 4 ),
 ( 0.000000000000000000, 1.000000000000000000 ),
 ( 0.000000000000000000, 0.0004814721208108629284, 0.0007222081812162943655, 0.0009629442416217258568, 0.001203680302027157348, 0.001324048332229872931, 0.001444416362432588731, 0.001925888483243451714, 0.002407360604054314696, 0.002888832724865177462, 0.003129568785270609062, 0.003370304845676040661, 0.003611040906081472261, 0.003851776966486903427, 0.004333249087297766193, 0.004814721208108629392, 0.005055457268514060992, 0.005296193328919491725, 0.005536929389324923324, 0.005777665449730354924, 0.006018401510135786524, 0.006259137570541218124, 0.006740609691352081323, 0.007703553932973806855 ),
 .UNSPECIFIED. ) ;
#1663 = ORIENTED_EDGE ( 'NONE', *, *, #4030, .F. ) ;
#1664 = CARTESIAN_POINT ( 'NONE',  ( 21.69999999999999218, 24.04821570727049718, -50.30827275300465118 ) ) ;
#1665 = ADVANCED_FACE ( 'NONE', ( #3455 ), #3480, .F. ) ;
#1666 = CARTESIAN_POINT ( 'NONE',  ( -12.95919316406158295, 1.379343363909365294, -2.738349909064360599 ) ) ;
#1667 = DIRECTION ( 'NONE',  ( 0.000000000000000000, -0.7987925879476767133, -0.6016065171188335059 ) ) ;
#1668 = CARTESIAN_POINT ( 'NONE',  ( -16.02296707493662353, 10.34841836227462331, -32.94329187516659374 ) ) ;
#1669 = EDGE_LOOP ( 'NONE', ( #3233, #2909, #732, #873 ) ) ;
#1670 = VERTEX_POINT ( 'NONE', #1476 ) ;
#1671 = CARTESIAN_POINT ( 'NONE',  ( -12.49999999999999467, 5.097008142028280453, -30.18155284697627039 ) ) ;
#1672 = CARTESIAN_POINT ( 'NONE',  ( 15.57019817299315712, 7.785046475228565299, -34.51349712226079447 ) ) ;
#1673 = DIRECTION ( 'NONE',  ( 0.000000000000000000, 1.000000000000000000, 0.000000000000000000 ) ) ;
#1674 = CARTESIAN_POINT ( 'NONE',  ( 14.47962052484652595, 7.248898943264833861, -33.69354234261236769 ) ) ;
#1675 = ORIENTED_EDGE ( 'NONE', *, *, #351, .F. ) ;
#1676 = AXIS2_PLACEMENT_3D ( 'NONE', #3006, #2091, #3404 ) ;
#1677 = CARTESIAN_POINT ( 'NONE',  ( 13.00000000000000000, 28.56828707440308079, -62.95873329240865246 ) ) ;
#1678 = VECTOR ( 'NONE', #4135, 1000.000000000000000 ) ;
#1679 = CARTESIAN_POINT ( 'NONE',  ( -13.83635014263749596, 9.225387168565552187, -31.09216096062278822 ) ) ;
#1680 = DIRECTION ( 'NONE',  ( 1.000000000000000000, 0.000000000000000000, 0.000000000000000000 ) ) ;
#1681 = CARTESIAN_POINT ( 'NONE',  ( 13.00000000000000178, 4.061883606261727842, -8.405363716625272374 ) ) ;
#1682 = VECTOR ( 'NONE', #1467, 1000.000000000000000 ) ;
#1683 = FACE_OUTER_BOUND ( 'NONE', #2090, .T. ) ;
#1684 = AXIS2_PLACEMENT_3D ( 'NONE', #3728, #3352, #3993 ) ;
#1685 = ORIENTED_EDGE ( 'NONE', *, *, #508, .T. ) ;
#1686 = CARTESIAN_POINT ( 'NONE',  ( -3.955169525227120175E-13, 7.500000000000015099, 7.000000000000011546 ) ) ;
#1687 = AXIS2_PLACEMENT_3D ( 'NONE', #2927, #2546, #658 ) ;
#1688 = CARTESIAN_POINT ( 'NONE',  ( -12.91547138572904529, 1.973487699647423765, -3.999986374256930599 ) ) ;
#1689 = CARTESIAN_POINT ( 'NONE',  ( -19.00000000000000000, 7.609679490124143797, -28.48174575683460219 ) ) ;
#1690 = CARTESIAN_POINT ( 'NONE',  ( -13.35443960506108851, 8.787035178760735477, -30.14009710855735591 ) ) ;
#1691 = EDGE_CURVE ( 'NONE', #282, #1454, #1432, .T. ) ;
#1692 = ORIENTED_EDGE ( 'NONE', *, *, #3579, .T. ) ;
#1693 = CARTESIAN_POINT ( 'NONE',  ( 15.66434110786803302, 7.822159701222403783, -34.56662442754134901 ) ) ;
#1694 = DIRECTION ( 'NONE',  ( 1.000000000000000000, 0.000000000000000000, 0.000000000000000000 ) ) ;
#1695 = CARTESIAN_POINT ( 'NONE',  ( 16.15685732278771880, 7.994398059270468870, -34.80714735980027541 ) ) ;
#1696 = ADVANCED_FACE ( 'NONE', ( #1151 ), #990, .T. ) ;
#1697 = EDGE_LOOP ( 'NONE', ( #105, #3809, #831, #1522 ) ) ;
#1698 = CARTESIAN_POINT ( 'NONE',  ( 15.50240660260953085, 7.708552342293613080, -35.25012533784774860 ) ) ;
#1699 = CYLINDRICAL_SURFACE ( 'NONE', #1834, 1.349999999739951662 ) ;
#1700 = DIRECTION ( 'NONE',  ( 0.000000000000000000, 0.000000000000000000, 1.000000000000000000 ) ) ;
#1701 = B_SPLINE_SURFACE_WITH_KNOTS ( 'NONE', 1, 3, ( 
 ( #1671, #3073, #3280, #1628, #2115, #4252, #336, #3615, #682, #2291, #1350, #2316, #2093, #2973, #806, #779, #1772, #3407, #1304, #759, #1993, #35, #2652, #131, #1650, #1450, #2749, #3985, #2931, #4078, #1120, #3428, #2952, #1748, #3381, #2609, #981, #13, #1325, #2628, #431, #3962, #1006, #3640, #1080, #2386, #3715, #3052 ),
 ( #564, #3182, #497, #2183, #2157, #2135, #2835, #3449, #2222, #826, #198, #3862, #888, #1794, #4160, #2201, #2771, #3495, #3843, #2540, #2495, #1231, #3095, #3822, #2791, #176, #908, #1813, #3162, #3117, #3779, #1514, #154, #1490, #2453, #3798, #1145, #2815, #1166, #3516, #3473, #478, #2519, #1876, #1210, #1469, #869, #844 ) ),
 .UNSPECIFIED., .F., .F., .F.,
 ( 2, 2 ),
 ( 4, 2, 2, 2, 2, 2, 2, 2, 2, 2, 2, 2, 2, 2, 2, 2, 2, 2, 2, 2, 2, 2, 2, 4 ),
 ( 0.000000000000000000, 1.000000000000000000 ),
 ( 0.000000000000000000, 0.0009629442416217258568, 0.001444416362432588731, 0.001685152422838020331, 0.001925888483243451714, 0.002166624543648883097, 0.002407360604054314696, 0.002648096664459745862, 0.002888832724865177462, 0.003370304845676040661, 0.003851776966486903427, 0.004092513026892334593, 0.004333249087297766193, 0.004573985147703197793, 0.004814721208108629392, 0.005296193328919491725, 0.005777665449730354924, 0.006259137570541218124, 0.006379505600743934357, 0.006499873630946649723, 0.006740609691352081323, 0.006981345751757512923, 0.007222081812162944522, 0.007703553932973806855 ),
 .UNSPECIFIED. ) ;
#1702 = CARTESIAN_POINT ( 'NONE',  ( 13.67637280625612384, 9.096416259945465654, -30.83149913595438463 ) ) ;
#1703 = EDGE_CURVE ( 'NONE', #3724, #3465, #3956, .T. ) ;
#1704 = VERTEX_POINT ( 'NONE', #2458 ) ;
#1705 = ORIENTED_EDGE ( 'NONE', *, *, #1382, .T. ) ;
#1706 = CARTESIAN_POINT ( 'NONE',  ( 7.799999999999999822, 8.000000000000000000, -1.925000000000002265 ) ) ;
#1707 = ORIENTED_EDGE ( 'NONE', *, *, #2288, .T. ) ;
#1708 = CARTESIAN_POINT ( 'NONE',  ( -12.95398283369480019, 1.464989088122258698, -2.915122119659921296 ) ) ;
#1709 = CARTESIAN_POINT ( 'NONE',  ( 12.50000000000000355, 24.00000000000000000, -23.64879701061940764 ) ) ;
#1710 = DIRECTION ( 'NONE',  ( 0.000000000000000000, 0.000000000000000000, 1.000000000000000000 ) ) ;
#1711 = ORIENTED_EDGE ( 'NONE', *, *, #562, .T. ) ;
#1712 = CARTESIAN_POINT ( 'NONE',  ( 16.25376971721309971, 8.024254045226921761, -34.84788233756105313 ) ) ;
#1713 = AXIS2_PLACEMENT_3D ( 'NONE', #1895, #4198, #2276 ) ;
#1714 = CARTESIAN_POINT ( 'NONE',  ( -13.00000000000000355, 0.3722906195819745134, -0.6211926116937379616 ) ) ;
#1715 = CARTESIAN_POINT ( 'NONE',  ( 14.18411332494251909, 9.473114616202538585, -31.55944726600175798 ) ) ;
#1716 = VECTOR ( 'NONE', #1845, 1000.000000000000000 ) ;
#1717 = VERTEX_POINT ( 'NONE', #3784 ) ;
#1718 = DIRECTION ( 'NONE',  ( 1.000000000000000000, 0.000000000000000000, 0.000000000000000000 ) ) ;
#1719 = CARTESIAN_POINT ( 'NONE',  ( -14.43120450331593574, 9.627695288146743025, -31.83119015515699246 ) ) ;
#1720 = CARTESIAN_POINT ( 'NONE',  ( -12.50000000000000533, 8.000000000000000000, 0.000000000000000000 ) ) ;
#1721 = EDGE_CURVE ( 'NONE', #363, #2011, #4083, .T. ) ;
#1722 = CARTESIAN_POINT ( 'NONE',  ( -26.50000000000001776, 12.42253162707478431, -34.87208646041603544 ) ) ;
#1723 = ORIENTED_EDGE ( 'NONE', *, *, #1055, .F. ) ;
#1724 = CARTESIAN_POINT ( 'NONE',  ( 13.00000000000000178, 0.000000000000000000, 0.000000000000000000 ) ) ;
#1725 = ORIENTED_EDGE ( 'NONE', *, *, #2141, .T. ) ;
#1726 = CARTESIAN_POINT ( 'NONE',  ( -12.78673276110209933, 3.052767211147904725, -6.654382690313152438 ) ) ;
#1727 = EDGE_CURVE ( 'NONE', #2334, #1498, #3387, .T. ) ;
#1728 = DIRECTION ( 'NONE',  ( 0.7071067811865487940, 0.7071067811865462405, 0.000000000000000000 ) ) ;
#1729 = FACE_OUTER_BOUND ( 'NONE', #3297, .T. ) ;
#1730 = B_SPLINE_CURVE_WITH_KNOTS ( 'NONE', 3,
 ( #1623, #1256, #1943, #874, #1599, #2545, #3544, #2926, #591, #1192, #1904, #2188, #550, #1863, #3167, #2348, #1298, #3672, #2007, #2311, #1367, #716, #3339, #3635, #2031, #374, #3360, #1022, #4000, #4018, #393, #1039, #1000, #1666, #677, #2622, #1708, #2668, #1965, #3276, #736, #1986, #3009, #3298, #1688, #3318, #2687, #354, #2991, #70, #1388, #2050, #1059, #8, #2369, #51, #2967, #3694, #28, #413, #332, #1726, #4248, #2605, #3934, #975, #2285, #3608, #1645, #657, #2947, #1320, #3955, #1345, #2647, #3980, #2330, #3656, #696, #781, #1814, #3382, #498, #827, #2387 ),
 .UNSPECIFIED., .F., .F.,
 ( 4, 2, 1, 1, 1, 1, 2, 2, 2, 1, 1, 1, 2, 2, 2, 1, 1, 2, 2, 2, 1, 1, 2, 2, 1, 1, 2, 2, 1, 1, 1, 2, 2, 2, 1, 1, 1, 2, 2, 2, 1, 1, 2, 2, 2, 1, 1, 2, 2, 2, 1, 1, 2, 2, 4 ),
 ( 0.000000000000000000, 0.03124999999999929223, 0.04687499999999894529, 0.05468749999999877182, 0.05859374999999870243, 0.06054687499999866773, 0.06152343749999867467, 0.06249999999999868161, 0.09374999999999847344, 0.1093749999999983485, 0.1171874999999982792, 0.1210937499999982236, 0.1230468749999981959, 0.1249999999999981681, 0.1562499999999983069, 0.1718749999999983902, 0.1796874999999983347, 0.1835937499999983624, 0.1874999999999983902, 0.2187499999999986677, 0.2343749999999988620, 0.2421874999999989453, 0.2460937499999990008, 0.2499999999999990563, 0.2812499999999988343, 0.2968749999999987788, 0.3046874999999987232, 0.3124999999999986122, 0.3437499999999985012, 0.3593749999999983902, 0.3671874999999984457, 0.3710937499999986122, 0.3749999999999987232, 0.4375000000000007772, 0.4687500000000018874, 0.4843750000000022760, 0.4921875000000025535, 0.4960937500000026090, 0.5000000000000026645, 0.5625000000000018874, 0.5937500000000014433, 0.6093750000000012212, 0.6171875000000011102, 0.6250000000000008882, 0.6875000000000004441, 0.7187500000000000000, 0.7343749999999998890, 0.7421874999999998890, 0.7499999999999997780, 0.8124999999999990008, 0.8437499999999986677, 0.8593749999999986677, 0.8671874999999986677, 0.8749999999999986677, 1.000000000000000000 ),
 .UNSPECIFIED. ) ;
#1731 = EDGE_LOOP ( 'NONE', ( #727, #3905, #2804, #3875, #69, #2484 ) ) ;
#1732 = CARTESIAN_POINT ( 'NONE',  ( -7.800000000000025580, 4.000000000000000000, -1.925000000000143485 ) ) ;
#1733 = CARTESIAN_POINT ( 'NONE',  ( -13.00000000000000178, 0.6485221680615347317, -1.084530802620663703 ) ) ;
#1734 = DIRECTION ( 'NONE',  ( 0.000000000000000000, 0.7987925879476833746, 0.6016065171188246241 ) ) ;
#1735 = VERTEX_POINT ( 'NONE', #2734 ) ;
#1736 = ORIENTED_EDGE ( 'NONE', *, *, #3764, .F. ) ;
#1737 = CYLINDRICAL_SURFACE ( 'NONE', #2735, 10.05000000000000071 ) ;
#1738 = CARTESIAN_POINT ( 'NONE',  ( -13.51822146380425238, 8.953599675788710854, -30.52364555591465844 ) ) ;
#1739 = CARTESIAN_POINT ( 'NONE',  ( 18.30000000000000071, 24.04821570727050428, -50.30827275300466539 ) ) ;
#1740 = CARTESIAN_POINT ( 'NONE',  ( 12.98835158428390280, 0.7395384422242503586, -1.449296630232857597 ) ) ;
#1741 = VECTOR ( 'NONE', #674, 1000.000000000000227 ) ;
#1742 = ADVANCED_FACE ( 'NONE', ( #3145 ), #15, .T. ) ;
#1743 = CARTESIAN_POINT ( 'NONE',  ( 16.55464020905275646, 10.50774811138430564, -33.16080936865731843 ) ) ;
#1744 = CIRCLE ( 'NONE', #2156, 1.999999999999998224 ) ;
#1745 = ORIENTED_EDGE ( 'NONE', *, *, #194, .T. ) ;
#1746 = CARTESIAN_POINT ( 'NONE',  ( 13.00000000000000000, 0.3754332439075539485, -0.6264626577313364697 ) ) ;
#1747 = EDGE_LOOP ( 'NONE', ( #2298, #1580, #1084, #3655 ) ) ;
#1748 = CARTESIAN_POINT ( 'NONE',  ( -14.97331752359303891, 7.488555326318860672, -34.93521868841898481 ) ) ;
#1749 = AXIS2_PLACEMENT_3D ( 'NONE', #1508, #2179, #1873 ) ;
#1750 = CARTESIAN_POINT ( 'NONE',  ( 20.00000000000000355, 24.04821570727050428, -50.30827275300466539 ) ) ;
#1751 = FACE_OUTER_BOUND ( 'NONE', #314, .T. ) ;
#1752 = CARTESIAN_POINT ( 'NONE',  ( 12.66666666666666963, 8.433536427716690653, -28.01300632776814936 ) ) ;
#1753 = VECTOR ( 'NONE', #3101, 1000.000000000000000 ) ;
#1754 = ORIENTED_EDGE ( 'NONE', *, *, #1892, .F. ) ;
#1755 = CARTESIAN_POINT ( 'NONE',  ( 12.99999999999999822, 4.345396625286301884, -9.696963481881880398 ) ) ;
#1756 = PLANE ( 'NONE',  #1204 ) ;
#1757 = CARTESIAN_POINT ( 'NONE',  ( 15.18968906175969025, 10.02185334199501199, -32.46735303301494469 ) ) ;
#1758 = VECTOR ( 'NONE', #1563, 1000.000000000000114 ) ;
#1759 = EDGE_CURVE ( 'NONE', #1584, #1852, #3907, .T. ) ;
#1760 = ORIENTED_EDGE ( 'NONE', *, *, #1207, .T. ) ;
#1761 = CYLINDRICAL_SURFACE ( 'NONE', #3815, 2.350000000000000089 ) ;
#1762 = DIRECTION ( 'NONE',  ( 0.000000000000000000, 1.000000000000000000, 0.000000000000000000 ) ) ;
#1763 = DIRECTION ( 'NONE',  ( -0.000000000000000000, -1.000000000000000000, -0.000000000000000000 ) ) ;
#1764 = CARTESIAN_POINT ( 'NONE',  ( -1.514515521593747970E-10, 2.799999999999999822, 1.350000000151683643 ) ) ;
#1765 = CIRCLE ( 'NONE', #1422, 1.925000000000000266 ) ;
#1766 = CARTESIAN_POINT ( 'NONE',  ( 21.69999999999999574, -3.101896647544500674, -60.74112435792093834 ) ) ;
#1767 = CARTESIAN_POINT ( 'NONE',  ( 15.27754373434727242, 10.06123232536285350, -32.52709544201103142 ) ) ;
#1768 = EDGE_CURVE ( 'NONE', #3453, #1247, #2164, .T. ) ;
#1769 = ORIENTED_EDGE ( 'NONE', *, *, #2517, .F. ) ;
#1770 = LINE ( 'NONE', #2069, #1682 ) ;
#1771 = ORIENTED_EDGE ( 'NONE', *, *, #322, .F. ) ;
#1772 = CARTESIAN_POINT ( 'NONE',  ( -13.06958241872944981, 6.200204539272478499, -32.76871442201390749 ) ) ;
#1773 = DIRECTION ( 'NONE',  ( -0.000000000000000000, 0.7987925879476792668, 0.6016065171188300642 ) ) ;
#1774 = CARTESIAN_POINT ( 'NONE',  ( 21.69999999999999218, 1.710955489406137175, -67.13146506150235382 ) ) ;
#1775 = CARTESIAN_POINT ( 'NONE',  ( 21.69999999999999218, 24.04821570727049718, -50.30827275300465118 ) ) ;
#1776 = ADVANCED_FACE ( 'NONE', ( #263 ), #309, .T. ) ;
#1777 = ORIENTED_EDGE ( 'NONE', *, *, #379, .T. ) ;
#1778 = CARTESIAN_POINT ( 'NONE',  ( 4.999999999999999112, 21.97135497860654141, -51.87244969751361623 ) ) ;
#1779 = CARTESIAN_POINT ( 'NONE',  ( -12.49999999999999467, 4.000000000000000000, -23.64879701061938988 ) ) ;
#1780 = CARTESIAN_POINT ( 'NONE',  ( 13.02032102666964519, 5.759975652520251010, -30.58901250759695145 ) ) ;
#1781 = ORIENTED_EDGE ( 'NONE', *, *, #2604, .F. ) ;
#1782 = VECTOR ( 'NONE', #2096, 1000.000000000000000 ) ;
#1783 = DIRECTION ( 'NONE',  ( -0.000000000000000000, -1.000000000000000000, -0.000000000000000000 ) ) ;
#1784 = DIRECTION ( 'NONE',  ( -0.7071067811865401342, -0.7071067811865549002, 0.000000000000000000 ) ) ;
#1785 = FACE_BOUND ( 'NONE', #2489, .T. ) ;
#1786 = ADVANCED_FACE ( 'NONE', ( #913 ), #956, .T. ) ;
#1787 = CARTESIAN_POINT ( 'NONE',  ( 13.00000000000000000, 0.1585913184104220941, -0.3092542013610722340 ) ) ;
#1788 = AXIS2_PLACEMENT_3D ( 'NONE', #1493, #2795, #4125 ) ;
#1789 = SURFACE_STYLE_FILL_AREA ( #865 ) ;
#1790 = FACE_OUTER_BOUND ( 'NONE', #1609, .T. ) ;
#1791 = EDGE_LOOP ( 'NONE', ( #204, #899 ) ) ;
#1792 = DIRECTION ( 'NONE',  ( -0.000000000000000000, 0.7987925879476791557, 0.6016065171188300642 ) ) ;
#1793 = CARTESIAN_POINT ( 'NONE',  ( -13.71825407959337184, 6.701958291387965616, -32.73021371387627454 ) ) ;
#1794 = CARTESIAN_POINT ( 'NONE',  ( -13.41222754071437251, 6.401802257772153837, -32.12911372925113795 ) ) ;
#1795 = PLANE ( 'NONE',  #3471 ) ;
#1796 = DIRECTION ( 'NONE',  ( -0.000000000000000000, 1.000000000000000000, -0.000000000000000000 ) ) ;
#1797 = CARTESIAN_POINT ( 'NONE',  ( 14.36118482440547517, 10.42899742251324824, -32.12717363839799845 ) ) ;
#1798 = EDGE_LOOP ( 'NONE', ( #2171, #2603, #3018, #3371 ) ) ;
#1799 = ADVANCED_FACE ( 'NONE', ( #4206 ), #1881, .F. ) ;
#1800 = CARTESIAN_POINT ( 'NONE',  ( 12.99999999999999822, 4.449471085734555409, -10.47268925414780583 ) ) ;
#1801 = DIRECTION ( 'NONE',  ( 3.469446951953614583E-15, -0.6016065171188313965, 0.7987925879476780455 ) ) ;
#1802 = CARTESIAN_POINT ( 'NONE',  ( 15.45468597383466758, 10.13651602909874683, -32.63926252138235640 ) ) ;
#1803 = ORIENTED_EDGE ( 'NONE', *, *, #1830, .T. ) ;
#1804 = CARTESIAN_POINT ( 'NONE',  ( -25.00000000000000711, 30.46165135654169731, -59.65492160057122817 ) ) ;
#1805 = CARTESIAN_POINT ( 'NONE',  ( -19.00000000000000000, 7.609679490124144685, -28.48174575683460219 ) ) ;
#1806 = CARTESIAN_POINT ( 'NONE',  ( 13.03585603106479596, 6.165445136058847808, -32.70149447025309541 ) ) ;
#1807 = CARTESIAN_POINT ( 'NONE',  ( 12.99636069521917037, 0.4142451357763645703, -0.8090161527292758503 ) ) ;
#1808 = CYLINDRICAL_SURFACE ( 'NONE', #3914, 1.925000000000000266 ) ;
#1809 = CARTESIAN_POINT ( 'NONE',  ( 2.877919977996279827E-16, 7.499999999999986677, -2.350000000000000089 ) ) ;
#1810 = EDGE_CURVE ( 'NONE', #2748, #3229, #925, .T. ) ;
#1811 = CARTESIAN_POINT ( 'NONE',  ( 12.99999999999999822, 3.259216212145673364, -6.072963407059803309 ) ) ;
#1812 = CARTESIAN_POINT ( 'NONE',  ( -14.32929722958654217, 7.156566352052427860, -33.54160086955037912 ) ) ;
#1813 = CARTESIAN_POINT ( 'NONE',  ( -14.43107862781388384, 7.219426046195468238, -33.64525628142629898 ) ) ;
#1814 = CARTESIAN_POINT ( 'NONE',  ( -12.59230460686570119, 3.887609543127124478, -9.965101925084724144 ) ) ;
#1815 = DIRECTION ( 'NONE',  ( 0.000000000000000000, 0.6016065171188308414, -0.7987925879476788227 ) ) ;
#1816 = CARTESIAN_POINT ( 'NONE',  ( -27.00000000000000711, 63.67327282043877545, 3.727144897396452716 ) ) ;
#1817 = ORIENTED_EDGE ( 'NONE', *, *, #2656, .F. ) ;
#1818 = AXIS2_PLACEMENT_3D ( 'NONE', #2772, #845, #177 ) ;
#1819 = CARTESIAN_POINT ( 'NONE',  ( 12.70688214226098367, 3.487939991007703799, -8.047865795489590468 ) ) ;
#1820 = LINE ( 'NONE', #788, #3687 ) ;
#1821 = LINE ( 'NONE', #4131, #1716 ) ;
#1822 = EDGE_CURVE ( 'NONE', #3943, #2797, #2863, .T. ) ;
#1823 = CIRCLE ( 'NONE', #3960, 2.849999999999991651 ) ;
#1824 = ORIENTED_EDGE ( 'NONE', *, *, #1589, .T. ) ;
#1825 = ORIENTED_EDGE ( 'NONE', *, *, #3619, .F. ) ;
#1826 = DIRECTION ( 'NONE',  ( 0.000000000000000000, 0.000000000000000000, 1.000000000000000000 ) ) ;
#1827 = DIRECTION ( 'NONE',  ( 0.000000000000000000, 0.000000000000000000, 1.000000000000000000 ) ) ;
#1828 = CARTESIAN_POINT ( 'NONE',  ( 12.50002258942271993, 5.206131848065268741, -30.49731002180422124 ) ) ;
#1829 = CARTESIAN_POINT ( 'NONE',  ( 12.99722363091346189, 0.3613657751200132773, -0.7054921180472244480 ) ) ;
#1830 = EDGE_CURVE ( 'NONE', #740, #3403, #1730, .T. ) ;
#1831 = ORIENTED_EDGE ( 'NONE', *, *, #3200, .F. ) ;
#1832 = DIRECTION ( 'NONE',  ( 0.000000000000000000, 0.000000000000000000, -1.000000000000000000 ) ) ;
#1833 = CARTESIAN_POINT ( 'NONE',  ( -3.952291605249124114E-13, 7.500000000000015099, 4.650000000000011013 ) ) ;
#1834 = AXIS2_PLACEMENT_3D ( 'NONE', #3001, #3394, #3684 ) ;
#1835 = CARTESIAN_POINT ( 'NONE',  ( 12.99999999999999822, 2.115526523738996634, -3.671521209972198552 ) ) ;
#1836 = CARTESIAN_POINT ( 'NONE',  ( -14.57634545330316911, 7.305658475984929900, -33.78536407397023567 ) ) ;
#1837 = CARTESIAN_POINT ( 'NONE',  ( -3.955169525227120175E-13, 7.500000000000015099, 9.350000000000010303 ) ) ;
#1838 = CARTESIAN_POINT ( 'NONE',  ( -25.00000000000000711, 28.06527359269867716, -61.45974115192771592 ) ) ;
#1839 = PLANE ( 'NONE',  #1373 ) ;
#1840 = DIRECTION ( 'NONE',  ( 0.000000000000000000, 0.000000000000000000, 1.000000000000000000 ) ) ;
#1841 = EDGE_CURVE ( 'NONE', #358, #2797, #108, .T. ) ;
#1842 = ORIENTED_EDGE ( 'NONE', *, *, #4108, .F. ) ;
#1843 = CARTESIAN_POINT ( 'NONE',  ( 12.94374119626256103, 1.632837322728048601, -3.261678725443982518 ) ) ;
#1844 = DIRECTION ( 'NONE',  ( -0.000000000000000000, -0.7987925879476782676, -0.6016065171188312855 ) ) ;
#1845 = DIRECTION ( 'NONE',  ( 0.000000000000000000, 0.7071067811865432429, 0.7071067811865517916 ) ) ;
#1846 = EDGE_LOOP ( 'NONE', ( #2457, #2627, #245, #2514 ) ) ;
#1847 = ORIENTED_EDGE ( 'NONE', *, *, #1074, .T. ) ;
#1848 = CARTESIAN_POINT ( 'NONE',  ( -26.50000000000000355, 27.66587729872482981, -61.76054441048712818 ) ) ;
#1849 = CARTESIAN_POINT ( 'NONE',  ( 19.00000000000000000, 4.813905432307278964, -30.58736856675049864 ) ) ;
#1850 = FACE_OUTER_BOUND ( 'NONE', #3079, .T. ) ;
#1851 =( NAMED_UNIT ( * ) SI_UNIT ( $, .STERADIAN. ) SOLID_ANGLE_UNIT ( ) );
#1852 = VERTEX_POINT ( 'NONE', #1471 ) ;
#1853 =( NAMED_UNIT ( * ) PLANE_ANGLE_UNIT ( ) SI_UNIT ( $, .RADIAN. ) );
#1854 = EDGE_CURVE ( 'NONE', #1101, #2479, #235, .T. ) ;
#1855 = DIRECTION ( 'NONE',  ( 0.000000000000000000, 0.000000000000000000, -1.000000000000000000 ) ) ;
#1856 = AXIS2_PLACEMENT_3D ( 'NONE', #2730, #110, #1710 ) ;
#1857 = CARTESIAN_POINT ( 'NONE',  ( 13.00000000000000000, 1.164971048577023938, -1.964375343523203421 ) ) ;
#1858 = CARTESIAN_POINT ( 'NONE',  ( -26.50000000000000000, 9.227361275284074793, -37.27851252889134770 ) ) ;
#1859 = CARTESIAN_POINT ( 'NONE',  ( -12.80732508533089131, 9.257823289252637977, -29.86763033951696045 ) ) ;
#1860 = CARTESIAN_POINT ( 'NONE',  ( -12.75672246536539056, 3.232030293661696252, -7.188697477998709395 ) ) ;
#1861 = DIRECTION ( 'NONE',  ( 0.000000000000000000, -1.000000000000000000, 0.000000000000000000 ) ) ;
#1862 = ORIENTED_EDGE ( 'NONE', *, *, #4167, .F. ) ;
#1863 = CARTESIAN_POINT ( 'NONE',  ( -12.99299455836424855, 0.5745548694833648717, -1.123699762832652604 ) ) ;
#1864 = CARTESIAN_POINT ( 'NONE',  ( 4.999999999999999112, 21.97135497860653786, -51.87244969751361623 ) ) ;
#1865 = CARTESIAN_POINT ( 'NONE',  ( 14.05620798771401603, 9.386297057886279660, -31.40016303142661158 ) ) ;
#1866 = EDGE_LOOP ( 'NONE', ( #2205, #528, #2658, #1048 ) ) ;
#1867 = VERTEX_POINT ( 'NONE', #3408 ) ;
#1868 = FACE_OUTER_BOUND ( 'NONE', #1866, .T. ) ;
#1869 = DIRECTION ( 'NONE',  ( 0.000000000000000000, 0.7987925879476792668, 0.6016065171188301752 ) ) ;
#1870 = DIRECTION ( 'NONE',  ( 0.000000000000000000, -0.6016065171188335059, 0.7987925879476767133 ) ) ;
#1871 = ORIENTED_EDGE ( 'NONE', *, *, #1927, .F. ) ;
#1872 = DIRECTION ( 'NONE',  ( 0.000000000000000000, 0.1394316078386154678, 0.9902317035601003736 ) ) ;
#1873 = DIRECTION ( 'NONE',  ( 3.252606517456508865E-16, -0.6016065171188300642, 0.7987925879476791557 ) ) ;
#1874 = EDGE_CURVE ( 'NONE', #1303, #410, #754, .T. ) ;
#1875 = CARTESIAN_POINT ( 'NONE',  ( 13.00000000000000000, 3.295331095599012272, -6.160279609919653510 ) ) ;
#1876 = CARTESIAN_POINT ( 'NONE',  ( -16.15685732278771525, 7.994398059270467094, -34.80714735980027541 ) ) ;
#1877 = CARTESIAN_POINT ( 'NONE',  ( -12.92679280162947819, 1.853189551332722784, -3.730406238015137266 ) ) ;
#1878 = DIRECTION ( 'NONE',  ( 1.000000000000000000, 0.000000000000000000, 0.000000000000000000 ) ) ;
#1879 = AXIS2_PLACEMENT_3D ( 'NONE', #3026, #3338, #4037 ) ;
#1880 = EDGE_LOOP ( 'NONE', ( #1179, #4127, #2438, #2694 ) ) ;
#1881 = CYLINDRICAL_SURFACE ( 'NONE', #2089, 1.925000000000000266 ) ;
#1882 = CARTESIAN_POINT ( 'NONE',  ( 16.69230769230773603, 10.54225775250073127, -33.20663104095043394 ) ) ;
#1883 = LINE ( 'NONE', #3192, #3294 ) ;
#1884 = CIRCLE ( 'NONE', #1560, 6.499999999999992895 ) ;
#1885 = CIRCLE ( 'NONE', #2361, 2.350000000000000089 ) ;
#1886 = ORIENTED_EDGE ( 'NONE', *, *, #136, .T. ) ;
#1887 = ORIENTED_EDGE ( 'NONE', *, *, #2998, .F. ) ;
#1888 = CARTESIAN_POINT ( 'NONE',  ( -12.54387653846616324, 5.381854804561484684, -30.95576454072608286 ) ) ;
#1889 = CARTESIAN_POINT ( 'NONE',  ( 14.51744144091758848, 7.271187776291260896, -33.72965850205824978 ) ) ;
#1890 = CARTESIAN_POINT ( 'NONE',  ( -13.00000000000000533, 2.699294415799108560, -4.826511768453891627 ) ) ;
#1891 = AXIS2_PLACEMENT_3D ( 'NONE', #1838, #3947, #3626 ) ;
#1892 = EDGE_CURVE ( 'NONE', #357, #384, #3075, .T. ) ;
#1893 = VERTEX_POINT ( 'NONE', #433 ) ;
#1894 = AXIS2_PLACEMENT_3D ( 'NONE', #4019, #1728, #737 ) ;
#1895 = CARTESIAN_POINT ( 'NONE',  ( -25.00000000000000711, 27.66587729872483337, -61.76054441048712818 ) ) ;
#1896 = DIRECTION ( 'NONE',  ( -0.7071067811865487940, 0.7071067811865462405, 0.000000000000000000 ) ) ;
#1897 = CIRCLE ( 'NONE', #1348, 16.50000000000000355 ) ;
#1898 = CARTESIAN_POINT ( 'NONE',  ( 13.00000000000000000, 2.472652500222754401, -4.363977087314624193 ) ) ;
#1899 = CARTESIAN_POINT ( 'NONE',  ( 14.04053732193238524, 10.24662969848337646, -31.82489107475384316 ) ) ;
#1900 = CARTESIAN_POINT ( 'NONE',  ( -12.99999999999999822, 3.209216271585267677, -5.949898853451855985 ) ) ;
#1901 = CARTESIAN_POINT ( 'NONE',  ( 12.70635290104560688, 3.491988391672717462, -8.057817034076686369 ) ) ;
#1902 = VERTEX_POINT ( 'NONE', #1491 ) ;
#1903 = ADVANCED_FACE ( 'NONE', ( #2094 ), #2024, .T. ) ;
#1904 = CARTESIAN_POINT ( 'NONE',  ( -12.99731788568606383, 0.3551825254660344044, -0.6933928183931105105 ) ) ;
#1905 = LINE ( 'NONE', #2864, #1208 ) ;
#1906 = CYLINDRICAL_SURFACE ( 'NONE', #3223, 4.999999999999999112 ) ;
#1907 = VERTEX_POINT ( 'NONE', #807 ) ;
#1908 = VERTEX_POINT ( 'NONE', #4058 ) ;
#1909 = CARTESIAN_POINT ( 'NONE',  ( -26.50000000000000000, 27.66587729872482981, -61.76054441048712818 ) ) ;
#1910 = CARTESIAN_POINT ( 'NONE',  ( 15.11661176543288221, 7.587931218987551851, -34.22405951629195187 ) ) ;
#1911 = CARTESIAN_POINT ( 'NONE',  ( -12.99999999999999645, 4.070252225678617997, -8.436957140665306554 ) ) ;
#1912 = PRODUCT_CONTEXT ( 'NONE', #2777, 'mechanical' ) ;
#1913 = ORIENTED_EDGE ( 'NONE', *, *, #4189, .F. ) ;
#1914 = DIRECTION ( 'NONE',  ( 4.336808689942019708E-16, -0.6016065171188300642, 0.7987925879476791557 ) ) ;
#1915 = CYLINDRICAL_SURFACE ( 'NONE', #2501, 1.699999999999993738 ) ;
#1916 = CARTESIAN_POINT ( 'NONE',  ( 12.49999999999999467, 4.000000000000000000, -23.64879701061938988 ) ) ;
#1917 = B_SPLINE_CURVE_WITH_KNOTS ( 'NONE', 3,
 ( #939, #3872, #3173, #2193, #1888, #229, #3592, #963, #919, #3550, #3571, #271, #1544, #1198, #1586, #596, #4233, #2213, #2850, #617, #4173, #2530, #2510, #1603, #1262, #576, #3196 ),
 .UNSPECIFIED., .F., .F.,
 ( 4, 2, 2, 1, 2, 2, 2, 2, 2, 2, 2, 2, 2, 4 ),
 ( 0.000000000000000000, 0.06250000000000076328, 0.1250000000000015266, 0.1875000000000022760, 0.2187500000000014710, 0.2500000000000006661, 0.3749999999999994449, 0.4374999999999988343, 0.4999999999999982236, 0.6249999999999990008, 0.7499999999999995559, 0.8124999999999996669, 0.8749999999999997780, 1.000000000000000000 ),
 .UNSPECIFIED. ) ;
#1918 = CARTESIAN_POINT ( 'NONE',  ( 12.61317426145619081, 8.977393225804195964, -29.15741167648791077 ) ) ;
#1919 = AXIS2_PLACEMENT_3D ( 'NONE', #4239, #2594, #3530 ) ;
#1920 = CARTESIAN_POINT ( 'NONE',  ( -13.00000000000000178, 2.787047298287977704, -4.998773417172724720 ) ) ;
#1921 = CARTESIAN_POINT ( 'NONE',  ( 12.85292062592710494, 2.576238841407895386, -5.395125270062836265 ) ) ;
#1922 = VECTOR ( 'NONE', #3350, 1000.000000000000000 ) ;
#1923 = VERTEX_POINT ( 'NONE', #2071 ) ;
#1924 = DIRECTION ( 'NONE',  ( 0.000000000000000000, 0.000000000000000000, 1.000000000000000000 ) ) ;
#1925 = CARTESIAN_POINT ( 'NONE',  ( 6.212399911202990843, 7.999999999999998224, -28.99999999999999645 ) ) ;
#1926 = CARTESIAN_POINT ( 'NONE',  ( -13.06159227707977344, 9.528603641447928041, -30.47402785579189555 ) ) ;
#1927 = EDGE_CURVE ( 'NONE', #3719, #3886, #862, .T. ) ;
#1928 = ORIENTED_EDGE ( 'NONE', *, *, #3710, .F. ) ;
#1929 = DIRECTION ( 'NONE',  ( 0.000000000000000000, 0.000000000000000000, 1.000000000000000000 ) ) ;
#1930 = CARTESIAN_POINT ( 'NONE',  ( 14.28396111100127008, 7.126392556520906751, -33.49031160470615731 ) ) ;
#1931 = CARTESIAN_POINT ( 'NONE',  ( -13.00000000000000000, 2.383045020436842520, -4.187561033320654325 ) ) ;
#1932 = CARTESIAN_POINT ( 'NONE',  ( 15.67743078837941972, 7.826707434931545748, -34.57297331967203036 ) ) ;
#1933 = APPLICATION_PROTOCOL_DEFINITION ( 'draft international standard', 'automotive_design', 1998, #2212 ) ;
#1934 = ORIENTED_EDGE ( 'NONE', *, *, #3920, .T. ) ;
#1935 = FACE_BOUND ( 'NONE', #2039, .T. ) ;
#1936 = FACE_OUTER_BOUND ( 'NONE', #2999, .T. ) ;
#1937 = DIRECTION ( 'NONE',  ( 0.000000000000000000, 0.000000000000000000, 1.000000000000000000 ) ) ;
#1938 = DIRECTION ( 'NONE',  ( 1.000000000000000000, 0.000000000000000000, 0.000000000000000000 ) ) ;
#1939 = CARTESIAN_POINT ( 'NONE',  ( 12.83333333333333215, 5.412058006327811199, -30.07267358303698757 ) ) ;
#1940 = CARTESIAN_POINT ( 'NONE',  ( 12.49999999999999467, 4.000000000000000000, -11.52171862180292194 ) ) ;
#1941 = ORIENTED_EDGE ( 'NONE', *, *, #3296, .F. ) ;
#1942 = CARTESIAN_POINT ( 'NONE',  ( -27.00000000000000711, 9.626757569257911484, -36.97770927033193544 ) ) ;
#1943 = CARTESIAN_POINT ( 'NONE',  ( -12.99960612479985578, 0.1487250084411038398, -0.2900010258136751506 ) ) ;
#1944 = CARTESIAN_POINT ( 'NONE',  ( -13.00000000000000000, 24.00000000000000000, -23.64879701061938633 ) ) ;
#1945 = CARTESIAN_POINT ( 'NONE',  ( -15.57956709458025379, 10.18654885074432137, -32.71244447820402712 ) ) ;
#1946 = VECTOR ( 'NONE', #3139, 1000.000000000000000 ) ;
#1947 = EDGE_LOOP ( 'NONE', ( #2548, #1404, #792, #4209 ) ) ;
#1948 = DIRECTION ( 'NONE',  ( -0.7071067811865375807, -0.5648316556993617787, -0.4254000478607539160 ) ) ;
#1949 = DIRECTION ( 'NONE',  ( 0.000000000000000000, 0.000000000000000000, 1.000000000000000000 ) ) ;
#1950 = CARTESIAN_POINT ( 'NONE',  ( -12.99999999999999822, 1.807989538563100851, -3.101478539435210902 ) ) ;
#1951 = CARTESIAN_POINT ( 'NONE',  ( 14.33593307856779653, 7.159918594447352014, -33.54659588118433078 ) ) ;
#1952 = EDGE_CURVE ( 'NONE', #127, #2145, #2632, .T. ) ;
#1953 = ORIENTED_EDGE ( 'NONE', *, *, #2269, .T. ) ;
#1954 = CARTESIAN_POINT ( 'NONE',  ( 26.99999999999999289, 28.06527359269868782, -61.45974115192771592 ) ) ;
#1955 = CIRCLE ( 'NONE', #98, 1.499999999999964695 ) ;
#1956 = CARTESIAN_POINT ( 'NONE',  ( 12.49999999999999467, 4.000000000000000000, -11.52171862180292194 ) ) ;
#1957 = FACE_OUTER_BOUND ( 'NONE', #2275, .T. ) ;
#1958 = EDGE_CURVE ( 'NONE', #3403, #1296, #2488, .T. ) ;
#1959 = CIRCLE ( 'NONE', #2432, 1.999999999999998890 ) ;
#1960 = CARTESIAN_POINT ( 'NONE',  ( -14.93539639073587644, 7.500663456911892624, -34.09217964325026884 ) ) ;
#1961 = CARTESIAN_POINT ( 'NONE',  ( 14.90411708369598642, 10.68506439498229277, -32.52094534014432980 ) ) ;
#1962 = AXIS2_PLACEMENT_3D ( 'NONE', #4148, #3437, #1496 ) ;
#1963 = CARTESIAN_POINT ( 'NONE',  ( 12.90664529635271052, 2.070721391577960535, -4.215745368473569066 ) ) ;
#1964 = ORIENTED_EDGE ( 'NONE', *, *, #893, .F. ) ;
#1965 = CARTESIAN_POINT ( 'NONE',  ( -12.94157133810680449, 1.647132147667054847, -3.296687814977504072 ) ) ;
#1966 = ADVANCED_FACE ( 'NONE', ( #1429, #4123, #2750, #2728 ), #1122, .T. ) ;
#1967 = CARTESIAN_POINT ( 'NONE',  ( -27.00000000000000711, 62.47005978620111932, 5.324730073291809695 ) ) ;
#1968 = CARTESIAN_POINT ( 'NONE',  ( -13.88695247588045412, 10.15362116204246945, -31.66638823928560953 ) ) ;
#1969 = EDGE_LOOP ( 'NONE', ( #1449, #1824, #4077, #3092 ) ) ;
#1970 = FACE_OUTER_BOUND ( 'NONE', #1241, .T. ) ;
#1971 = DIRECTION ( 'NONE',  ( 0.000000000000000000, 0.000000000000000000, 1.000000000000000000 ) ) ;
#1972 = CARTESIAN_POINT ( 'NONE',  ( -13.00000000000000178, 1.313524154249561482, -2.221980275552771111 ) ) ;
#1973 = CARTESIAN_POINT ( 'NONE',  ( 15.28306232947047327, 7.665092214766181300, -34.33937448916618962 ) ) ;
#1974 = ORIENTED_EDGE ( 'NONE', *, *, #1958, .F. ) ;
#1975 = ORIENTED_EDGE ( 'NONE', *, *, #773, .T. ) ;
#1976 = ADVANCED_FACE ( 'NONE', ( #2431 ), #3800, .F. ) ;
#1977 = CARTESIAN_POINT ( 'NONE',  ( 24.99999999999999289, 11.52012185139654044, -33.67389757849451826 ) ) ;
#1978 = CARTESIAN_POINT ( 'NONE',  ( -13.44489452398310725, 8.882515645712944163, -30.36420694330869452 ) ) ;
#1979 = CARTESIAN_POINT ( 'NONE',  ( -12.88392880336117940, 9.346816406169304869, -30.07450410508889505 ) ) ;
#1980 = ADVANCED_FACE ( 'NONE', ( #3118 ), #1613, .F. ) ;
#1981 = CARTESIAN_POINT ( 'NONE',  ( -16.69230769230767564, 8.145879988657720006, -35.01145059230686485 ) ) ;
#1982 = CARTESIAN_POINT ( 'NONE',  ( 12.71707055772762018, 9.141832330493436132, -29.58662842183860420 ) ) ;
#1983 = CARTESIAN_POINT ( 'NONE',  ( 12.58104833420810920, 3.912306166829720766, -10.15300073711808615 ) ) ;
#1984 = ORIENTED_EDGE ( 'NONE', *, *, #170, .T. ) ;
#1985 = CIRCLE ( 'NONE', #2666, 1.999999999999999556 ) ;
#1986 = CARTESIAN_POINT ( 'NONE',  ( -12.93563461642674639, 1.726984884390197594, -3.466337390871068624 ) ) ;
#1987 = PLANE ( 'NONE',  #3197 ) ;
#1988 = CARTESIAN_POINT ( 'NONE',  ( -15.54861080757665093, 10.17430117850981830, -32.69459868360060995 ) ) ;
#1989 = VECTOR ( 'NONE', #179, 1000.000000000000227 ) ;
#1990 = ORIENTED_EDGE ( 'NONE', *, *, #1822, .T. ) ;
#1991 = ADVANCED_FACE ( 'NONE', ( #525, #1451 ), #1795, .T. ) ;
#1992 = VERTEX_POINT ( 'NONE', #1407 ) ;
#1993 = CARTESIAN_POINT ( 'NONE',  ( -13.47903426316416642, 6.579546985727404262, -33.47462999418637963 ) ) ;
#1994 = CARTESIAN_POINT ( 'NONE',  ( 15.88134598650678697, 7.901728912086182888, -34.67875833203680713 ) ) ;
#1995 = DIRECTION ( 'NONE',  ( 0.000000000000000000, -0.6016065171188291760, 0.7987925879476798219 ) ) ;
#1996 = CARTESIAN_POINT ( 'NONE',  ( 16.55545700860671587, 8.111575053309067584, -34.96590085367084555 ) ) ;
#1997 = EDGE_CURVE ( 'NONE', #2797, #2124, #2710, .T. ) ;
#1998 = ORIENTED_EDGE ( 'NONE', *, *, #2336, .F. ) ;
#1999 = CARTESIAN_POINT ( 'NONE',  ( 15.91992876635335286, 7.855704754732508732, -35.45402184445862304 ) ) ;
#2000 = CARTESIAN_POINT ( 'NONE',  ( -13.53402819285035186, 8.968483590383225845, -30.55649524311667165 ) ) ;
#2001 = CARTESIAN_POINT ( 'NONE',  ( -12.50000000000000533, 8.000000000000000000, 0.000000000000000000 ) ) ;
#2002 = CARTESIAN_POINT ( 'NONE',  ( -15.44875991192154530, 7.735542759536714996, -34.44204419860115962 ) ) ;
#2003 = DIRECTION ( 'NONE',  ( -3.252606517456508865E-16, 0.6016065171188300642, -0.7987925879476791557 ) ) ;
#2004 = EDGE_CURVE ( 'NONE', #3262, #164, #1955, .T. ) ;
#2005 = ORIENTED_EDGE ( 'NONE', *, *, #310, .F. ) ;
#2006 = CARTESIAN_POINT ( 'NONE',  ( -5.000000000000002665, 21.97135497860653786, -51.87244969751361623 ) ) ;
#2007 = CARTESIAN_POINT ( 'NONE',  ( -12.98939431259289101, 0.7056803175075851975, -1.382324130967537590 ) ) ;
#2008 = DIRECTION ( 'NONE',  ( -4.336808689942011820E-16, 0.6016065171188299532, -0.7987925879476792668 ) ) ;
#2009 = CARTESIAN_POINT ( 'NONE',  ( -14.28026382388964244, 9.535157613936460663, -31.67028659195305451 ) ) ;
#2010 = EDGE_LOOP ( 'NONE', ( #421, #1585, #1175, #3911 ) ) ;
#2011 = VERTEX_POINT ( 'NONE', #2920 ) ;
#2012 = CARTESIAN_POINT ( 'NONE',  ( 15.16222467652912087, 7.609221006607428173, -34.25594225001616167 ) ) ;
#2013 = DIRECTION ( 'NONE',  ( 0.000000000000000000, -0.9902317035601018169, 0.1394316078386058644 ) ) ;
#2014 = CARTESIAN_POINT ( 'NONE',  ( 13.36035086962814056, 6.342114067920638476, -32.00194163156786686 ) ) ;
#2015 = ORIENTED_EDGE ( 'NONE', *, *, #1312, .F. ) ;
#2016 = EDGE_LOOP ( 'NONE', ( #3506, #3309, #3329, #3678 ) ) ;
#2017 = AXIS2_PLACEMENT_3D ( 'NONE', #604, #1938, #2242 ) ;
#2018 = CARTESIAN_POINT ( 'NONE',  ( 26.99999999999999289, 30.86104765051554821, -59.35411834201180881 ) ) ;
#2019 = AXIS2_PLACEMENT_3D ( 'NONE', #2400, #770, #3063 ) ;
#2020 = CARTESIAN_POINT ( 'NONE',  ( -15.40894029495822437, 10.11736555833993911, -32.61087489997929367 ) ) ;
#2021 = LINE ( 'NONE', #772, #2914 ) ;
#2022 = EDGE_CURVE ( 'NONE', #3465, #3262, #1515, .T. ) ;
#2023 = VECTOR ( 'NONE', #2172, 1000.000000000000000 ) ;
#2024 = CONICAL_SURFACE ( 'NONE', #3885, 19.49999999999999645, 0.7853981633974482790 ) ;
#2025 = PLANE ( 'NONE',  #2085 ) ;
#2026 = CONICAL_SURFACE ( 'NONE', #4162, 6.500000000000004441, 0.7853981633974528309 ) ;
#2027 = ORIENTED_EDGE ( 'NONE', *, *, #2566, .T. ) ;
#2028 = CARTESIAN_POINT ( 'NONE',  ( -18.30000000000000071, 19.23536357031985133, -43.91793204942321438 ) ) ;
#2029 = ORIENTED_EDGE ( 'NONE', *, *, #1270, .T. ) ;
#2030 = CIRCLE ( 'NONE', #520, 1.699999999999998401 ) ;
#2031 = CARTESIAN_POINT ( 'NONE',  ( -12.97801650153086150, 1.014866768275251463, -1.997838212835130189 ) ) ;
#2032 = CARTESIAN_POINT ( 'NONE',  ( 0.000000000000000000, 8.000000000000000000, 2.850000000000019185 ) ) ;
#2033 = LINE ( 'NONE', #3030, #1442 ) ;
#2034 = ORIENTED_EDGE ( 'NONE', *, *, #2220, .F. ) ;
#2035 = EDGE_CURVE ( 'NONE', #3201, #117, #3887, .T. ) ;
#2036 = LINE ( 'NONE', #1732, #4224 ) ;
#2037 = CARTESIAN_POINT ( 'NONE',  ( -16.69230769230767564, 8.145879988657720006, -35.01145059230686485 ) ) ;
#2038 = CARTESIAN_POINT ( 'NONE',  ( 16.34088771872078638, 10.44682518482737699, -33.07841421995014031 ) ) ;
#2039 = EDGE_LOOP ( 'NONE', ( #3555, #181 ) ) ;
#2040 = CARTESIAN_POINT ( 'NONE',  ( 15.10119887412726669, 7.545781408749817842, -35.01840418808814093 ) ) ;
#2041 = CARTESIAN_POINT ( 'NONE',  ( -14.49445579792130090, 9.664827293766556693, -31.89438175781504725 ) ) ;
#2042 = PLANE ( 'NONE',  #1684 ) ;
#2043 = EDGE_CURVE ( 'NONE', #343, #1435, #2507, .T. ) ;
#2044 = CARTESIAN_POINT ( 'NONE',  ( 15.39624519991983398, 10.11218611780221366, -32.60326944554915229 ) ) ;
#2045 = VECTOR ( 'NONE', #1784, 1000.000000000000000 ) ;
#2046 = EDGE_CURVE ( 'NONE', #1893, #2587, #1291, .T. ) ;
#2047 = VERTEX_POINT ( 'NONE', #1211 ) ;
#2048 = CARTESIAN_POINT ( 'NONE',  ( -12.99999999999999822, 8.000000000000000000, 0.000000000000000000 ) ) ;
#2049 = ORIENTED_EDGE ( 'NONE', *, *, #4120, .F. ) ;
#2050 = CARTESIAN_POINT ( 'NONE',  ( -12.86980145639146755, 2.430578894697420722, -5.044182343393073253 ) ) ;
#2051 = CARTESIAN_POINT ( 'NONE',  ( 0.000000000000000000, 7.499999999999986677, 2.350000000000000089 ) ) ;
#2052 = DIRECTION ( 'NONE',  ( 0.000000000000000000, 0.1394316078386068913, 0.9902317035601015949 ) ) ;
#2053 = VERTEX_POINT ( 'NONE', #2939 ) ;
#2054 = CARTESIAN_POINT ( 'NONE',  ( 15.95863744087343328, 7.928918973750436194, -34.71674431364785107 ) ) ;
#2055 = CIRCLE ( 'NONE', #203, 19.49999999999999645 ) ;
#2056 = CARTESIAN_POINT ( 'NONE',  ( -13.00000000000000000, 0.4056013809817916593, -0.6769378876027927205 ) ) ;
#2057 = CARTESIAN_POINT ( 'NONE',  ( 13.00002083047785284, 5.661543080866504596, -30.30675811679662246 ) ) ;
#2058 = EDGE_CURVE ( 'NONE', #1197, #1867, #200, .T. ) ;
#2059 = ORIENTED_EDGE ( 'NONE', *, *, #4117, .T. ) ;
#2060 = AXIS2_PLACEMENT_3D ( 'NONE', #3814, #882, #294 ) ;
#2061 = VERTEX_POINT ( 'NONE', #2278 ) ;
#2062 = CARTESIAN_POINT ( 'NONE',  ( 14.05033518013170735, 6.989165686175700110, -34.16714321575840785 ) ) ;
#2063 = CARTESIAN_POINT ( 'NONE',  ( -15.57643263525287303, 10.18549320040736639, -32.71098962707616664 ) ) ;
#2064 = CARTESIAN_POINT ( 'NONE',  ( -1.501040669211631018E-10, 6.000000000000000000, -6.999999999692551711 ) ) ;
#2065 = CARTESIAN_POINT ( 'NONE',  ( 12.99999999999999822, 8.000000000000000000, 0.000000000000000000 ) ) ;
#2066 = DIRECTION ( 'NONE',  ( 0.000000000000000000, 1.000000000000000000, 0.000000000000000000 ) ) ;
#2067 = VERTEX_POINT ( 'NONE', #1311 ) ;
#2068 = ORIENTED_EDGE ( 'NONE', *, *, #3675, .T. ) ;
#2069 = CARTESIAN_POINT ( 'NONE',  ( 13.00000000000000000, 29.26848662693633329, -63.05732632782308400 ) ) ;
#2070 = CARTESIAN_POINT ( 'NONE',  ( -19.00000000000000000, 7.210283196150299112, -28.78254901539402155 ) ) ;
#2071 = CARTESIAN_POINT ( 'NONE',  ( 3.490243377569979727E-16, 8.000000000000000000, -2.850000000000019185 ) ) ;
#2072 = CARTESIAN_POINT ( 'NONE',  ( -25.00000000000000711, 29.26848662693633329, -63.05732632782308400 ) ) ;
#2073 = LINE ( 'NONE', #4043, #687 ) ;
#2074 = EDGE_LOOP ( 'NONE', ( #330, #856, #2268, #3004 ) ) ;
#2075 = DIRECTION ( 'NONE',  ( -0.000000000000000000, 0.7987925879476791557, 0.6016065171188300642 ) ) ;
#2076 = CARTESIAN_POINT ( 'NONE',  ( -16.49999999999994671, 8.024148241046413332, -35.68092735299598672 ) ) ;
#2077 = CARTESIAN_POINT ( 'NONE',  ( 15.82766740937066174, 10.28007281782226379, -32.84689571544191722 ) ) ;
#2078 = ORIENTED_EDGE ( 'NONE', *, *, #3920, .F. ) ;
#2079 = VERTEX_POINT ( 'NONE', #3823 ) ;
#2080 = B_SPLINE_CURVE_WITH_KNOTS ( 'NONE', 3,
 ( #3290, #3496, #4142, #2325, #1186, #545, #870, #890, #2496, #2596, #2520, #2304, #3580, #1014, #989, #1979, #2616, #1859, #970, #2202, #298, #22, #3923, #3600, #346, #647, #3163 ),
 .UNSPECIFIED., .F., .F.,
 ( 4, 2, 2, 2, 2, 2, 2, 2, 2, 2, 1, 2, 2, 4 ),
 ( 0.000000000000000000, 0.1250000000000006384, 0.2500000000000012768, 0.3750000000000018874, 0.4375000000000019984, 0.5000000000000021094, 0.6250000000000023315, 0.6875000000000029976, 0.7187500000000031086, 0.7500000000000032196, 0.8125000000000036637, 0.8437500000000033307, 0.8750000000000028866, 1.000000000000000000 ),
 .UNSPECIFIED. ) ;
#2081 = DIRECTION ( 'NONE',  ( 0.000000000000000000, -0.7987925879476699409, -0.6016065171188423877 ) ) ;
#2082 = CARTESIAN_POINT ( 'NONE',  ( 7.039682604951752835E-16, 17.15850284165588491, -45.48210899393216522 ) ) ;
#2083 = DIRECTION ( 'NONE',  ( 0.000000000000000000, 0.000000000000000000, 1.000000000000000000 ) ) ;
#2084 =( LENGTH_UNIT ( ) NAMED_UNIT ( * ) SI_UNIT ( .MILLI., .METRE. ) );
#2085 = AXIS2_PLACEMENT_3D ( 'NONE', #2327, #3003, #2003 ) ;
#2086 = EDGE_CURVE ( 'NONE', #1303, #2340, #2080, .T. ) ;
#2087 = CARTESIAN_POINT ( 'NONE',  ( 14.12295736907972099, 9.432092151437203142, -31.48470705568093919 ) ) ;
#2088 = AXIS2_PLACEMENT_3D ( 'NONE', #2640, #23, #277 ) ;
#2089 = AXIS2_PLACEMENT_3D ( 'NONE', #2903, #247, #1562 ) ;
#2090 = EDGE_LOOP ( 'NONE', ( #2429, #1221, #3411, #2593 ) ) ;
#2091 = DIRECTION ( 'NONE',  ( -0.000000000000000000, 0.7987925879476791557, 0.6016065171188300642 ) ) ;
#2092 = ORIENTED_EDGE ( 'NONE', *, *, #1768, .F. ) ;
#2093 = CARTESIAN_POINT ( 'NONE',  ( -12.89038010876381790, 5.994723038664909076, -32.35603852069814224 ) ) ;
#2094 = FACE_OUTER_BOUND ( 'NONE', #668, .T. ) ;
#2095 = AXIS2_PLACEMENT_3D ( 'NONE', #2985, #4011, #2343 ) ;
#2096 = DIRECTION ( 'NONE',  ( -0.000000000000000000, -1.000000000000000000, -0.000000000000000000 ) ) ;
#2097 = CARTESIAN_POINT ( 'NONE',  ( 7.799999999999999822, 8.000000000000000000, 1.925000000000002265 ) ) ;
#2098 = AXIS2_PLACEMENT_3D ( 'NONE', #3587, #248, #897 ) ;
#2099 = ORIENTED_EDGE ( 'NONE', *, *, #2345, .T. ) ;
#2100 = ADVANCED_FACE ( 'NONE', ( #1957 ), #3268, .F. ) ;
#2101 = CARTESIAN_POINT ( 'NONE',  ( 12.55895182081724926, 3.955085409542464792, -10.52238890257609505 ) ) ;
#2102 = DIRECTION ( 'NONE',  ( -0.000000000000000000, 1.000000000000000000, -0.000000000000000000 ) ) ;
#2103 = CARTESIAN_POINT ( 'NONE',  ( 15.36278053969282453, 10.09823837589962281, -32.58262264576722345 ) ) ;
#2104 = VECTOR ( 'NONE', #285, 1000.000000000000114 ) ;
#2105 = ORIENTED_EDGE ( 'NONE', *, *, #3224, .T. ) ;
#2106 = CARTESIAN_POINT ( 'NONE',  ( -1.527920433558173173E-10, 31.76345742619379564, 5.650000000047967319 ) ) ;
#2107 = DIRECTION ( 'NONE',  ( -0.4226182617406964437, -0.7239519426841400929, -0.5452406711967953123 ) ) ;
#2108 = CARTESIAN_POINT ( 'NONE',  ( 13.00000000000000000, 8.000000000000000000, -29.00000000000000000 ) ) ;
#2109 = CARTESIAN_POINT ( 'NONE',  ( 12.98871547960316697, 0.7278627750102835137, -1.426193929217951517 ) ) ;
#2110 = CARTESIAN_POINT ( 'NONE',  ( 26.49999999999999289, 27.66587729872483692, -61.76054441048713528 ) ) ;
#2111 = DIRECTION ( 'NONE',  ( -0.000000000000000000, 0.7987925879476791557, 0.6016065171188300642 ) ) ;
#2112 = EDGE_CURVE ( 'NONE', #2587, #2334, #220, .T. ) ;
#2113 = DIRECTION ( 'NONE',  ( 0.000000000000000000, -0.7987925879476792668, -0.6016065171188300642 ) ) ;
#2114 = CARTESIAN_POINT ( 'NONE',  ( -14.12771589654390780, 7.021038022012560553, -33.31029473946240671 ) ) ;
#2115 = CARTESIAN_POINT ( 'NONE',  ( -12.61585542609737054, 5.566420671949208199, -31.40954224490564428 ) ) ;
#2116 = CARTESIAN_POINT ( 'NONE',  ( -12.50000000000015810, 4.000000000000000000, -11.52171862180274076 ) ) ;
#2117 = CARTESIAN_POINT ( 'NONE',  ( -3.952291605249124114E-13, 6.000000000000000000, 4.650000000000011013 ) ) ;
#2118 = PLANE ( 'NONE',  #2600 ) ;
#2119 = ORIENTED_EDGE ( 'NONE', *, *, #739, .F. ) ;
#2120 = CARTESIAN_POINT ( 'NONE',  ( 12.82932085190149607, 2.761205326085249379, -5.861460728068307979 ) ) ;
#2121 = LINE ( 'NONE', #2481, #450 ) ;
#2122 = CARTESIAN_POINT ( 'NONE',  ( 16.49999999999995737, 11.21931859283713351, -33.27450128452068867 ) ) ;
#2123 = ADVANCED_FACE ( 'NONE', ( #3243 ), #325, .F. ) ;
#2124 = VERTEX_POINT ( 'NONE', #3395 ) ;
#2125 = ORIENTED_EDGE ( 'NONE', *, *, #2154, .T. ) ;
#2126 = B_SPLINE_CURVE_WITH_KNOTS ( 'NONE', 3,
 ( #1981, #3292, #2598, #4220, #1337, #1016, #2326, #1271, #991, #1313, #2578, #3651, #3900, #947, #692, #2617, #626, #3244, #2922, #2002, #327, #1292, #971, #2281, #3949, #3601, #348, #1960, #2941, #523, #804, #1836, #3515, #3138, #152, #1812, #1513, #2114, #197, #2182, #1183, #2494, #477, #1793, #1468, #2770, #3778, #954, #2384, #1448, #1272, #2703, #2782, #1438, #2147, #2739, #2127 ),
 .UNSPECIFIED., .F., .F.,
 ( 4, 2, 1, 1, 2, 2, 2, 1, 1, 2, 2, 2, 1, 1, 1, 2, 2, 2, 1, 1, 2, 2, 2, 1, 2, 2, 2, 1, 2, 2, 2, 2, 2, 4 ),
 ( 0.000000000000000000, 0.03124999999999592687, 0.04687499999999437950, 0.05468749999999376193, 0.05859374999999390071, 0.06249999999999404643, 0.09374999999998739897, 0.1093749999999847067, 0.1171874999999839573, 0.1210937499999848871, 0.1249999999999857891, 0.1874999999999917011, 0.2187499999999953648, 0.2343749999999961697, 0.2421874999999966138, 0.2460937499999959199, 0.2499999999999952260, 0.3124999999999960587, 0.3437499999999968359, 0.3593749999999961142, 0.3671874999999968914, 0.3749999999999976130, 0.4374999999999935607, 0.4687499999999915623, 0.4843749999999919509, 0.4999999999999923395, 0.5624999999999901190, 0.5937499999999902300, 0.6093749999999904521, 0.6249999999999905631, 0.7499999999999932276, 0.8124999999999946709, 0.8749999999999961142, 1.000000000000000000 ),
 .UNSPECIFIED. ) ;
#2127 = CARTESIAN_POINT ( 'NONE',  ( -13.00000000000000000, 5.569582938477553036, -30.01823395106736214 ) ) ;
#2128 = DIRECTION ( 'NONE',  ( 0.000000000000000000, 0.000000000000000000, -1.000000000000000000 ) ) ;
#2129 = CARTESIAN_POINT ( 'NONE',  ( -13.00000000000000178, 4.414860483873594532, -10.18988109079734095 ) ) ;
#2130 = CARTESIAN_POINT ( 'NONE',  ( 12.96404260787181073, 1.296885545122886674, -2.568820736443314878 ) ) ;
#2131 = ADVANCED_FACE ( 'NONE', ( #2721 ), #1034, .T. ) ;
#2132 = CARTESIAN_POINT ( 'NONE',  ( -7.800000000000025580, 4.000000000000000000, 1.924999999999857270 ) ) ;
#2133 = DIRECTION ( 'NONE',  ( 0.000000000000000000, 0.9902317035600983752, -0.1394316078386294844 ) ) ;
#2134 = CARTESIAN_POINT ( 'NONE',  ( 13.00000000000000000, 2.728249419793328467, -4.886286754665357002 ) ) ;
#2135 = CARTESIAN_POINT ( 'NONE',  ( -13.15306301385566279, 6.052931916819015434, -31.34241402604895299 ) ) ;
#2136 = EDGE_CURVE ( 'NONE', #3724, #3156, #3685, .T. ) ;
#2137 = DIRECTION ( 'NONE',  ( 8.659560562354978464E-17, 0.7071067811865439090, -0.7071067811865512365 ) ) ;
#2138 = CARTESIAN_POINT ( 'NONE',  ( 13.00000000000000000, 32.06426068475320790, -60.95170351790716978 ) ) ;
#2139 = CARTESIAN_POINT ( 'NONE',  ( 16.49999999999995737, 11.21931859283713351, -33.27450128452068867 ) ) ;
#2140 = ORIENTED_EDGE ( 'NONE', *, *, #2582, .F. ) ;
#2141 = EDGE_CURVE ( 'NONE', #2067, #805, #1131, .T. ) ;
#2142 = CARTESIAN_POINT ( 'NONE',  ( 12.74975474417234800, 3.270906199035151118, -7.310645049674300289 ) ) ;
#2143 = DIRECTION ( 'NONE',  ( 0.000000000000000000, 0.000000000000000000, 1.000000000000000000 ) ) ;
#2144 = CARTESIAN_POINT ( 'NONE',  ( -15.36195717445676578, 10.87034185823928212, -32.79278838269180341 ) ) ;
#2145 = VERTEX_POINT ( 'NONE', #1739 ) ;
#2146 = ORIENTED_EDGE ( 'NONE', *, *, #2472, .F. ) ;
#2147 = CARTESIAN_POINT ( 'NONE',  ( -13.02067321191930738, 5.760872796417710440, -30.59138868455309179 ) ) ;
#2148 = DIRECTION ( 'NONE',  ( -0.000000000000000000, 1.000000000000000000, -0.000000000000000000 ) ) ;
#2149 = PLANE ( 'NONE',  #171 ) ;
#2150 = CARTESIAN_POINT ( 'NONE',  ( 12.99534374685680937, 0.4697541228848852168, -0.9177970901782257496 ) ) ;
#2151 = ORIENTED_EDGE ( 'NONE', *, *, #615, .F. ) ;
#2152 = DIRECTION ( 'NONE',  ( 0.7071067811865454633, 0.5648316556993572268, 0.4254000478607468105 ) ) ;
#2153 = DIRECTION ( 'NONE',  ( 0.000000000000000000, 0.7987925879476833746, 0.6016065171188246241 ) ) ;
#2154 = EDGE_CURVE ( 'NONE', #1907, #2011, #2021, .T. ) ;
#2155 = CARTESIAN_POINT ( 'NONE',  ( 13.00000000000000000, 1.648329213184865027, -2.813309577794188332 ) ) ;
#2156 = AXIS2_PLACEMENT_3D ( 'NONE', #1804, #3418, #1156 ) ;
#2157 = CARTESIAN_POINT ( 'NONE',  ( -13.10694347024369399, 5.970258969422316042, -31.13983938628781800 ) ) ;
#2158 = CARTESIAN_POINT ( 'NONE',  ( -19.00000000000000000, 4.414509138333438720, -30.88817182530991445 ) ) ;
#2159 = CARTESIAN_POINT ( 'NONE',  ( -12.99999999999999822, 4.345396625286256587, -9.696963481881592628 ) ) ;
#2160 = DIRECTION ( 'NONE',  ( 0.000000000000000000, 1.000000000000000000, 0.000000000000000000 ) ) ;
#2161 = ADVANCED_FACE ( 'NONE', ( #3065 ), #3824, .F. ) ;
#2162 = ORIENTED_EDGE ( 'NONE', *, *, #2604, .T. ) ;
#2163 = CIRCLE ( 'NONE', #790, 1.925000000000000266 ) ;
#2164 = CIRCLE ( 'NONE', #2567, 1.925000000000000266 ) ;
#2165 = CARTESIAN_POINT ( 'NONE',  ( 12.75672246536538346, 3.232030293661761533, -7.188697477998903018 ) ) ;
#2166 = DIRECTION ( 'NONE',  ( -0.000000000000000000, 0.7987925879476791557, 0.6016065171188300642 ) ) ;
#2167 = CARTESIAN_POINT ( 'NONE',  ( 13.70985980176714669, 9.123646093710075178, -30.88677481009536407 ) ) ;
#2168 = AXIS2_PLACEMENT_3D ( 'NONE', #4136, #143, #2486 ) ;
#2169 = VECTOR ( 'NONE', #2675, 1000.000000000000000 ) ;
#2170 = EDGE_CURVE ( 'NONE', #2633, #3534, #367, .T. ) ;
#2171 = ORIENTED_EDGE ( 'NONE', *, *, #2879, .F. ) ;
#2172 = DIRECTION ( 'NONE',  ( -0.000000000000000000, 0.7987925879476791557, 0.6016065171188300642 ) ) ;
#2173 = PLANE ( 'NONE',  #436 ) ;
#2174 = CIRCLE ( 'NONE', #241, 1.349999999739951662 ) ;
#2175 = CARTESIAN_POINT ( 'NONE',  ( 19.00000000000000000, 7.210283196150307106, -28.78254901539401800 ) ) ;
#2176 = DIRECTION ( 'NONE',  ( 0.000000000000000000, 0.000000000000000000, -1.000000000000000000 ) ) ;
#2177 = ORIENTED_EDGE ( 'NONE', *, *, #2829, .T. ) ;
#2178 = FACE_OUTER_BOUND ( 'NONE', #1697, .T. ) ;
#2179 = DIRECTION ( 'NONE',  ( -0.9063077870366514910, -0.3375843350098006734, -0.2542499005166342640 ) ) ;
#2180 = EDGE_CURVE ( 'NONE', #3534, #3062, #1959, .T. ) ;
#2181 = CARTESIAN_POINT ( 'NONE',  ( 13.00000000000000000, 2.947481825659952648, -5.357247777747109474 ) ) ;
#2182 = CARTESIAN_POINT ( 'NONE',  ( -14.02463257228763815, 6.946633991226147664, -33.17952499209154382 ) ) ;
#2183 = CARTESIAN_POINT ( 'NONE',  ( -13.08144597131030906, 5.916569508732296256, -31.00327417367580196 ) ) ;
#2184 = DIRECTION ( 'NONE',  ( 0.000000000000000000, -0.7987925879476792668, -0.6016065171188299532 ) ) ;
#2185 = CARTESIAN_POINT ( 'NONE',  ( -12.51463814989092427, 3.999993047213462383, -11.27084666719125927 ) ) ;
#2186 = CARTESIAN_POINT ( 'NONE',  ( 15.49767815265770565, 10.92110267233742604, -32.86557737711730454 ) ) ;
#2187 = VERTEX_POINT ( 'NONE', #2001 ) ;
#2188 = CARTESIAN_POINT ( 'NONE',  ( -12.99628366082327524, 0.4232247627804289203, -0.8265345135907026242 ) ) ;
#2189 = DIRECTION ( 'NONE',  ( 0.000000000000000000, 1.000000000000000000, 0.000000000000000000 ) ) ;
#2190 = CARTESIAN_POINT ( 'NONE',  ( -14.59757647293574401, 10.54482960498901889, -32.30733427202184771 ) ) ;
#2191 = ORIENTED_EDGE ( 'NONE', *, *, #2004, .F. ) ;
#2192 = FACE_OUTER_BOUND ( 'NONE', #3279, .T. ) ;
#2193 = CARTESIAN_POINT ( 'NONE',  ( -12.52758370658500553, 5.323235598331204521, -30.80461114373709108 ) ) ;
#2194 = CARTESIAN_POINT ( 'NONE',  ( 0.000000000000000000, 4.000000000000000000, 0.000000000000000000 ) ) ;
#2195 = DIRECTION ( 'NONE',  ( 0.000000000000000000, -0.6016065171188299532, 0.7987925879476792668 ) ) ;
#2196 = EDGE_CURVE ( 'NONE', #3597, #2385, #1094, .T. ) ;
#2197 = CARTESIAN_POINT ( 'NONE',  ( -25.00000000000001066, 11.52012185139654576, -33.67389757849452536 ) ) ;
#2198 = LINE ( 'NONE', #2765, #4154 ) ;
#2199 = CIRCLE ( 'NONE', #959, 2.350000000000000533 ) ;
#2200 = CARTESIAN_POINT ( 'NONE',  ( 12.99999999999999822, 0.3972634373888830894, -0.6629844979610202138 ) ) ;
#2201 = CARTESIAN_POINT ( 'NONE',  ( -13.49616396828261422, 6.491862128316904013, -32.31591901903790642 ) ) ;
#2202 = CARTESIAN_POINT ( 'NONE',  ( -12.71761257110027366, 9.142537340912003430, -29.58835181203461673 ) ) ;
#2203 = CARTESIAN_POINT ( 'NONE',  ( -12.99999999999999822, 0.5364250448712263308, -0.8940369977151673142 ) ) ;
#2204 = CARTESIAN_POINT ( 'NONE',  ( 16.20171510070782261, 11.14681122871366092, -33.17822848263877233 ) ) ;
#2205 = ORIENTED_EDGE ( 'NONE', *, *, #3710, .T. ) ;
#2206 = DIRECTION ( 'NONE',  ( -0.000000000000000000, 0.7987925879476781565, 0.6016065171188316185 ) ) ;
#2207 = ADVANCED_FACE ( 'NONE', ( #3333 ), #3312, .F. ) ;
#2208 = FACE_OUTER_BOUND ( 'NONE', #3730, .T. ) ;
#2209 = LINE ( 'NONE', #3523, #270 ) ;
#2210 = EDGE_LOOP ( 'NONE', ( #1254, #802, #4056, #3214, #1431 ) ) ;
#2211 = ORIENTED_EDGE ( 'NONE', *, *, #1402, .T. ) ;
#2212 = APPLICATION_CONTEXT ( 'automotive_design' ) ;
#2213 = CARTESIAN_POINT ( 'NONE',  ( -13.94253998524641958, 6.924297940022683839, -34.06421775896229320 ) ) ;
#2214 = DIRECTION ( 'NONE',  ( 0.000000000000000000, 1.000000000000000000, 0.000000000000000000 ) ) ;
#2215 = CARTESIAN_POINT ( 'NONE',  ( -13.00000000000000000, 2.336711912435214700, -4.096840601914653490 ) ) ;
#2216 = EDGE_LOOP ( 'NONE', ( #1189, #2211, #4214, #3308, #2725 ) ) ;
#2217 = EDGE_CURVE ( 'NONE', #1498, #3719, #80, .T. ) ;
#2218 = LINE ( 'NONE', #2614, #953 ) ;
#2219 = CARTESIAN_POINT ( 'NONE',  ( -5.000000000000002665, 1.710955489406137175, -67.13146506150236803 ) ) ;
#2220 = EDGE_CURVE ( 'NONE', #4112, #211, #2680, .T. ) ;
#2221 = CARTESIAN_POINT ( 'NONE',  ( 13.00000000000000178, 1.942840844952013590, -3.349566450255764050 ) ) ;
#2222 = CARTESIAN_POINT ( 'NONE',  ( -13.22515272059485092, 6.165981014368711044, -31.60948120518611404 ) ) ;
#2223 = CARTESIAN_POINT ( 'NONE',  ( -13.00000461540612662, 0.2384175970417621027, -0.4649160137049166419 ) ) ;
#2224 = CARTESIAN_POINT ( 'NONE',  ( -3.952291605249124114E-13, 6.000000000000000000, 4.650000000000011013 ) ) ;
#2225 = ORIENTED_EDGE ( 'NONE', *, *, #3239, .F. ) ;
#2226 = VECTOR ( 'NONE', #2252, 1000.000000000000000 ) ;
#2227 = CARTESIAN_POINT ( 'NONE',  ( 12.99999999999999822, 3.209216271585337843, -5.949898853452023850 ) ) ;
#2228 = LINE ( 'NONE', #4249, #2239 ) ;
#2229 = CARTESIAN_POINT ( 'NONE',  ( 13.00000000000000000, 8.112578415917022667, -28.10299002502895149 ) ) ;
#2230 = AXIS2_PLACEMENT_3D ( 'NONE', #3275, #655, #331 ) ;
#2231 = AXIS2_PLACEMENT_3D ( 'NONE', #665, #2691, #1372 ) ;
#2232 = ORIENTED_EDGE ( 'NONE', *, *, #1703, .T. ) ;
#2233 = ORIENTED_EDGE ( 'NONE', *, *, #1370, .F. ) ;
#2234 = AXIS2_PLACEMENT_3D ( 'NONE', #106, #129, #757 ) ;
#2235 = CARTESIAN_POINT ( 'NONE',  ( 24.99999999999999289, 12.42253162707478076, -34.87208646041603544 ) ) ;
#2236 = CARTESIAN_POINT ( 'NONE',  ( 13.45169352427922682, 6.445379876028054511, -32.22047477452479569 ) ) ;
#2237 = CARTESIAN_POINT ( 'NONE',  ( -12.99999999999999645, 1.229613762003537669, -2.076205012878242329 ) ) ;
#2238 = ORIENTED_EDGE ( 'NONE', *, *, #2555, .F. ) ;
#2239 = VECTOR ( 'NONE', #1600, 1000.000000000000000 ) ;
#2240 = FACE_BOUND ( 'NONE', #1791, .T. ) ;
#2241 = CARTESIAN_POINT ( 'NONE',  ( -1.501113916175680507E-10, 2.799999999999999822, -6.999999999692554375 ) ) ;
#2242 = DIRECTION ( 'NONE',  ( 0.000000000000000000, 0.000000000000000000, -1.000000000000000000 ) ) ;
#2243 = CARTESIAN_POINT ( 'NONE',  ( 12.96877425902015268, 9.437209942916425121, -30.27680036954222587 ) ) ;
#2244 = CARTESIAN_POINT ( 'NONE',  ( -13.00000000000000000, 3.636034080369501265, -7.043962410115058859 ) ) ;
#2245 = CARTESIAN_POINT ( 'NONE',  ( 12.56211869838593032, 3.948517805366922762, -10.46974309863614572 ) ) ;
#2246 = ADVANCED_FACE ( 'NONE', ( #691 ), #2042, .T. ) ;
#2247 = VERTEX_POINT ( 'NONE', #3374 ) ;
#2248 = DIRECTION ( 'NONE',  ( 0.000000000000000000, 1.000000000000000000, 0.000000000000000000 ) ) ;
#2249 = LINE ( 'NONE', #1925, #2104 ) ;
#2250 = CARTESIAN_POINT ( 'NONE',  ( -13.71653714983795425, 10.04345793307987655, -31.47286128064419941 ) ) ;
#2251 = ORIENTED_EDGE ( 'NONE', *, *, #2154, .F. ) ;
#2252 = DIRECTION ( 'NONE',  ( -1.000000000000000000, 0.000000000000000000, 0.000000000000000000 ) ) ;
#2253 = CARTESIAN_POINT ( 'NONE',  ( -13.00000000000000000, 4.500000000000005329, -23.64879701061938988 ) ) ;
#2254 = CARTESIAN_POINT ( 'NONE',  ( -12.99999999999999822, 2.068975867357066178, -3.584443608138005111 ) ) ;
#2255 = CARTESIAN_POINT ( 'NONE',  ( 12.50002256635099585, 5.206021621898885954, -30.49698709872718183 ) ) ;
#2256 = VERTEX_POINT ( 'NONE', #425 ) ;
#2257 = FACE_BOUND ( 'NONE', #629, .T. ) ;
#2258 = PLANE ( 'NONE',  #3253 ) ;
#2259 = CARTESIAN_POINT ( 'NONE',  ( 12.99999999999999822, 4.458893526511974237, -10.60541214454443448 ) ) ;
#2260 = CARTESIAN_POINT ( 'NONE',  ( 12.66666666666666252, 5.254533074178047158, -30.12711321500663075 ) ) ;
#2261 = VECTOR ( 'NONE', #1516, 1000.000000000000114 ) ;
#2262 = CARTESIAN_POINT ( 'NONE',  ( 12.69194464536746381, 3.556378205976221007, -8.301050154941842507 ) ) ;
#2263 = VERTEX_POINT ( 'NONE', #3668 ) ;
#2264 = EDGE_CURVE ( 'NONE', #2854, #2079, #708, .T. ) ;
#2265 = DIRECTION ( 'NONE',  ( 0.000000000000000000, 0.000000000000000000, 1.000000000000000000 ) ) ;
#2266 = DIRECTION ( 'NONE',  ( 0.000000000000000000, 1.000000000000000000, 0.000000000000000000 ) ) ;
#2267 = CARTESIAN_POINT ( 'NONE',  ( -15.45658881272362883, 10.13728107722984717, -32.64038277792888465 ) ) ;
#2268 = ORIENTED_EDGE ( 'NONE', *, *, #1641, .T. ) ;
#2269 = EDGE_CURVE ( 'NONE', #158, #2011, #730, .T. ) ;
#2270 = CARTESIAN_POINT ( 'NONE',  ( -26.50000000000001776, 30.86104765051553755, -59.35411834201180170 ) ) ;
#2271 = CARTESIAN_POINT ( 'NONE',  ( 13.41083988560959028, 6.400256241251987888, -32.12583312743195307 ) ) ;
#2272 = CARTESIAN_POINT ( 'NONE',  ( -12.99999999999999822, 2.530937704398866561, -4.480816147720878995 ) ) ;
#2273 = CARTESIAN_POINT ( 'NONE',  ( 15.55352662470210667, 7.778159463040705823, -34.50356210761045617 ) ) ;
#2274 = VERTEX_POINT ( 'NONE', #4070 ) ;
#2275 = EDGE_LOOP ( 'NONE', ( #776, #3997, #3623, #735, #2887, #2059, #112 ) ) ;
#2276 = DIRECTION ( 'NONE',  ( 0.000000000000000000, -0.6016065171188260674, 0.7987925879476821533 ) ) ;
#2277 = CARTESIAN_POINT ( 'NONE',  ( 24.99999999999999289, 30.86104765051554111, -59.35411834201180881 ) ) ;
#2278 = CARTESIAN_POINT ( 'NONE',  ( 18.30000000000000426, 16.04019321852914715, -46.32435811789853375 ) ) ;
#2279 = B_SPLINE_SURFACE_WITH_KNOTS ( 'NONE', 1, 3, ( 
 ( #2794, #846, #4124, #178, #2476, #2159, #3476, #526, #4202, #1533, #1577, #1252, #242, #3825, #931, #606, #2244, #2838, #2880, #1900, #2580, #1920, #4163, #871, #3227, #260, #2521, #2203, #3183, #279 ),
 ( #2559, #2185, #3517, #1595, #2898, #891, #3883, #4182, #1232, #4222, #950, #1274, #1212, #909, #3497, #3902, #1860, #3561, #546, #3845, #3164, #221, #565, #1877, #1557, #2541, #2860, #3863, #2223, #3537 ) ),
 .UNSPECIFIED., .F., .F., .F.,
 ( 2, 2 ),
 ( 4, 2, 2, 2, 2, 2, 2, 2, 2, 2, 2, 2, 2, 2, 4 ),
 ( 0.000000000000000000, 1.000000000000000000 ),
 ( 0.000000000000000000, 0.0007822748224802774731, 0.001564549644960554946, 0.002346824467440832528, 0.003129099289921109892, 0.003520236701161248358, 0.003911374112401387257, 0.004302511523641526156, 0.004693648934881665055, 0.005475923757361942854, 0.006258198579842219784, 0.007822748224802774514, 0.009387297869763330110, 0.01095184751472388571, 0.01251639715968443957 ),
 .UNSPECIFIED. ) ;
#2280 = EDGE_CURVE ( 'NONE', #2124, #2187, #406, .T. ) ;
#2281 = CARTESIAN_POINT ( 'NONE',  ( -15.19543224926905367, 7.624519094296608124, -34.27876148849341575 ) ) ;
#2282 = CARTESIAN_POINT ( 'NONE',  ( 13.74026443589677271, 10.05922400554424456, -31.50091693055664166 ) ) ;
#2283 = CARTESIAN_POINT ( 'NONE',  ( 12.52870126032916431, 3.991084068604654700, -11.03241221707808073 ) ) ;
#2284 = VERTEX_POINT ( 'NONE', #3022 ) ;
#2285 = CARTESIAN_POINT ( 'NONE',  ( -12.74941603651961586, 3.274432771235252559, -7.317813223999691807 ) ) ;
#2286 = CYLINDRICAL_SURFACE ( 'NONE', #1687, 1.699999999999998401 ) ;
#2287 = CARTESIAN_POINT ( 'NONE',  ( -12.78354438768128709, 9.228381426332854076, -29.79738165174717324 ) ) ;
#2288 = EDGE_CURVE ( 'NONE', #3961, #2535, #686, .T. ) ;
#2289 = CONICAL_SURFACE ( 'NONE', #4219, 1.500000000000005329, 0.7853981633974354004 ) ;
#2290 = ORIENTED_EDGE ( 'NONE', *, *, #2264, .T. ) ;
#2291 = CARTESIAN_POINT ( 'NONE',  ( -12.78881425159291751, 5.859101157998392928, -32.06985115678282483 ) ) ;
#2292 = VECTOR ( 'NONE', #212, 1000.000000000000227 ) ;
#2293 = CARTESIAN_POINT ( 'NONE',  ( 5.000000000000001776, 16.04019321852913649, -46.32435811789853375 ) ) ;
#2294 = CARTESIAN_POINT ( 'NONE',  ( -12.99999999999999822, 2.176421776974106770, -3.787054643662539632 ) ) ;
#2295 = CARTESIAN_POINT ( 'NONE',  ( 13.61822712585535911, 6.612663911189757826, -32.55852373019224189 ) ) ;
#2296 = ADVANCED_FACE ( 'NONE', ( #1850 ), #558, .F. ) ;
#2297 = CIRCLE ( 'NONE', #3469, 1.999999999999999334 ) ;
#2298 = ORIENTED_EDGE ( 'NONE', *, *, #3619, .T. ) ;
#2299 = ORIENTED_EDGE ( 'NONE', *, *, #1874, .T. ) ;
#2300 = AXIS2_PLACEMENT_3D ( 'NONE', #3090, #2153, #2470 ) ;
#2301 = CARTESIAN_POINT ( 'NONE',  ( 13.79791024210659778, 6.820176370357238227, -33.88881936918343740 ) ) ;
#2302 = AXIS2_PLACEMENT_3D ( 'NONE', #4185, #3866, #631 ) ;
#2303 = CARTESIAN_POINT ( 'NONE',  ( -13.28174354861303286, 8.704484083086565960, -29.93904686221738132 ) ) ;
#2304 = CARTESIAN_POINT ( 'NONE',  ( -13.38208073846726620, 9.807931184516409218, -31.04165300068262567 ) ) ;
#2305 = CARTESIAN_POINT ( 'NONE',  ( 12.99999999999999822, 4.227224427076200719, -9.071757737817714329 ) ) ;
#2306 = DIRECTION ( 'NONE',  ( 0.000000000000000000, 0.000000000000000000, 1.000000000000000000 ) ) ;
#2307 = AXIS2_PLACEMENT_3D ( 'NONE', #2736, #1844, #1801 ) ;
#2308 = DIRECTION ( 'NONE',  ( 0.000000000000000000, 0.7987925879476788227, 0.6016065171188306193 ) ) ;
#2309 = ORIENTED_EDGE ( 'NONE', *, *, #1458, .T. ) ;
#2310 = CARTESIAN_POINT ( 'NONE',  ( 24.99999999999999289, 31.76345742619379209, -60.55230722393334020 ) ) ;
#2311 = CARTESIAN_POINT ( 'NONE',  ( -12.98931467559090080, 0.7083215132764787425, -1.387545454444448323 ) ) ;
#2312 = CARTESIAN_POINT ( 'NONE',  ( -1.501040669211631018E-10, 7.500000000000015099, -4.649999999692551178 ) ) ;
#2313 = CARTESIAN_POINT ( 'NONE',  ( -12.71707055772790085, 9.141832330493842917, -29.58662842183961317 ) ) ;
#2314 = ORIENTED_EDGE ( 'NONE', *, *, #2422, .T. ) ;
#2315 = ORIENTED_EDGE ( 'NONE', *, *, #3650, .F. ) ;
#2316 = CARTESIAN_POINT ( 'NONE',  ( -12.86361755106667637, 5.960675597935869874, -32.28529300800551027 ) ) ;
#2317 = CARTESIAN_POINT ( 'NONE',  ( 16.27111709950214191, 8.029519794167670810, -34.85505162777234744 ) ) ;
#2318 = CARTESIAN_POINT ( 'NONE',  ( -13.00000000000000355, 0.4661165620251787045, -0.7782762186595760801 ) ) ;
#2319 = CARTESIAN_POINT ( 'NONE',  ( 13.16974921516187358, 6.080846056340208250, -31.40955989117792768 ) ) ;
#2320 = ORIENTED_EDGE ( 'NONE', *, *, #3520, .T. ) ;
#2321 = EDGE_LOOP ( 'NONE', ( #2355, #2392, #594, #2005 ) ) ;
#2322 = CARTESIAN_POINT ( 'NONE',  ( 0.000000000000000000, 2.799999999999999822, 0.000000000000000000 ) ) ;
#2323 = EDGE_CURVE ( 'NONE', #2284, #2263, #1462, .T. ) ;
#2324 = CARTESIAN_POINT ( 'NONE',  ( -14.34502782645472685, 9.575839693327576896, -31.74185577580404427 ) ) ;
#2325 = CARTESIAN_POINT ( 'NONE',  ( -15.35709118626990488, 10.87325231753360733, -32.79840296229946262 ) ) ;
#2326 = CARTESIAN_POINT ( 'NONE',  ( -16.31940345379633683, 8.043975129736619323, -34.87469029824836753 ) ) ;
#2327 = CARTESIAN_POINT ( 'NONE',  ( 4.999999999999999112, 21.97135497860654141, -51.87244969751361623 ) ) ;
#2328 = ORIENTED_EDGE ( 'NONE', *, *, #1370, .T. ) ;
#2329 = AXIS2_PLACEMENT_3D ( 'NONE', #4103, #1492, #3781 ) ;
#2330 = CARTESIAN_POINT ( 'NONE',  ( -12.62536106878768827, 3.799937125784980552, -9.414615788621230053 ) ) ;
#2331 = LINE ( 'NONE', #3636, #3551 ) ;
#2332 = CARTESIAN_POINT ( 'NONE',  ( -12.88397623881618692, 9.346866936731620612, -30.07461789343980030 ) ) ;
#2333 = AXIS2_PLACEMENT_3D ( 'NONE', #4025, #2737, #1415 ) ;
#2334 = VERTEX_POINT ( 'NONE', #1138 ) ;
#2335 = ORIENTED_EDGE ( 'NONE', *, *, #782, .F. ) ;
#2336 = EDGE_CURVE ( 'NONE', #1174, #3425, #1550, .T. ) ;
#2337 = CARTESIAN_POINT ( 'NONE',  ( 15.15383233970802657, 7.605326299631967935, -34.25011981286771601 ) ) ;
#2338 = CARTESIAN_POINT ( 'NONE',  ( -12.99999999999999822, 0.2024968639906775114, -0.3376107869353718316 ) ) ;
#2339 = CARTESIAN_POINT ( 'NONE',  ( 12.74391544731108539, 5.792505528285060379, -31.92487745430005219 ) ) ;
#2340 = VERTEX_POINT ( 'NONE', #214 ) ;
#2341 = CARTESIAN_POINT ( 'NONE',  ( 14.60621130487631447, 7.309613771932148119, -34.66896447093232325 ) ) ;
#2342 = CARTESIAN_POINT ( 'NONE',  ( -16.27875867795911091, 10.42836340711123633, -33.05324934212212185 ) ) ;
#2343 = DIRECTION ( 'NONE',  ( 0.000000000000000000, -0.6016065171188315075, 0.7987925879476781565 ) ) ;
#2344 = CARTESIAN_POINT ( 'NONE',  ( 15.04705429953187590, 9.956745554049353686, -32.36791033225167524 ) ) ;
#2345 = EDGE_CURVE ( 'NONE', #3448, #4190, #190, .T. ) ;
#2346 = ORIENTED_EDGE ( 'NONE', *, *, #3764, .T. ) ;
#2347 = LINE ( 'NONE', #714, #857 ) ;
#2348 = CARTESIAN_POINT ( 'NONE',  ( -12.99057166203798808, 0.6656875984475738584, -1.303312831186674847 ) ) ;
#2349 = DIRECTION ( 'NONE',  ( 0.000000000000000000, 0.000000000000000000, 1.000000000000000000 ) ) ;
#2350 = CARTESIAN_POINT ( 'NONE',  ( -13.00000000000000000, 24.00000000000000000, -23.64879701061940764 ) ) ;
#2351 = ORIENTED_EDGE ( 'NONE', *, *, #2891, .T. ) ;
#2352 = CARTESIAN_POINT ( 'NONE',  ( 13.00000000000000000, 11.52012185139653511, -33.67389757849451115 ) ) ;
#2353 = CARTESIAN_POINT ( 'NONE',  ( -13.00000000000000000, 0.2647340016693517928, -0.4414783946693108807 ) ) ;
#2354 = CARTESIAN_POINT ( 'NONE',  ( 14.41691035114883235, 9.620210540709498659, -31.81920388611185402 ) ) ;
#2355 = ORIENTED_EDGE ( 'NONE', *, *, #2743, .F. ) ;
#2356 = DIRECTION ( 'NONE',  ( 4.336808689942020201E-16, -0.6016065171188299532, 0.7987925879476792668 ) ) ;
#2357 = CIRCLE ( 'NONE', #3180, 10.05000000000000071 ) ;
#2358 = CARTESIAN_POINT ( 'NONE',  ( -15.95517063600208552, 10.32469380654416291, -32.90983022951666470 ) ) ;
#2359 = CARTESIAN_POINT ( 'NONE',  ( 24.99999999999999289, 11.52012185139653688, -33.67389757849451115 ) ) ;
#2360 = AXIS2_PLACEMENT_3D ( 'NONE', #2082, #3332, #3972 ) ;
#2361 = AXIS2_PLACEMENT_3D ( 'NONE', #4234, #2214, #1949 ) ;
#2362 = DIRECTION ( 'NONE',  ( 0.000000000000000000, -0.9902317035601000406, 0.1394316078386182156 ) ) ;
#2363 = VECTOR ( 'NONE', #2837, 1000.000000000000000 ) ;
#2364 = ORIENTED_EDGE ( 'NONE', *, *, #111, .F. ) ;
#2365 = LINE ( 'NONE', #734, #2768 ) ;
#2366 = EDGE_LOOP ( 'NONE', ( #4017, #3614, #1847, #3037 ) ) ;
#2367 = AXIS2_PLACEMENT_3D ( 'NONE', #3935, #1299, #2884 ) ;
#2368 = ADVANCED_FACE ( 'NONE', ( #2513 ), #2026, .F. ) ;
#2369 = CARTESIAN_POINT ( 'NONE',  ( -12.84642738341154811, 2.626782529016164602, -5.522999523428451241 ) ) ;
#2370 = DIRECTION ( 'NONE',  ( 0.000000000000000000, -0.6016065171188301752, 0.7987925879476790447 ) ) ;
#2371 = CARTESIAN_POINT ( 'NONE',  ( -12.99999999999999822, 8.112578415917033325, -28.10299002502894439 ) ) ;
#2372 = ORIENTED_EDGE ( 'NONE', *, *, #3074, .T. ) ;
#2373 = CARTESIAN_POINT ( 'NONE',  ( 15.38798240993061128, 7.710766399774890090, -34.40628253708651840 ) ) ;
#2374 = CARTESIAN_POINT ( 'NONE',  ( -13.00000000000000000, 0.2057673351509979043, -0.3430672829705106452 ) ) ;
#2375 = LINE ( 'NONE', #1109, #1235 ) ;
#2376 = ORIENTED_EDGE ( 'NONE', *, *, #48, .F. ) ;
#2377 = CARTESIAN_POINT ( 'NONE',  ( 14.72582552274669787, 7.370471141486106603, -34.76049742683355959 ) ) ;
#2378 = CARTESIAN_POINT ( 'NONE',  ( -16.40934115700806473, 10.46749519224792557, -33.10667268981465838 ) ) ;
#2379 = CARTESIAN_POINT ( 'NONE',  ( 24.99999999999999289, 28.56828707440308079, -62.95873329240865246 ) ) ;
#2380 = CARTESIAN_POINT ( 'NONE',  ( 12.95439654431373455, 1.457383533584068802, -2.899620225753566150 ) ) ;
#2381 = CARTESIAN_POINT ( 'NONE',  ( 15.83081688574261214, 10.28117584083603475, -32.84845124581560327 ) ) ;
#2382 = ORIENTED_EDGE ( 'NONE', *, *, #2004, .T. ) ;
#2383 = CARTESIAN_POINT ( 'NONE',  ( 13.00000000000000178, 0.1033978335920640729, -0.1723441694033402416 ) ) ;
#2384 = CARTESIAN_POINT ( 'NONE',  ( -13.43125175062014875, 6.429332010528129082, -32.19173208609292658 ) ) ;
#2385 = VERTEX_POINT ( 'NONE', #2828 ) ;
#2386 = CARTESIAN_POINT ( 'NONE',  ( -16.20595422894579229, 7.944814908338100778, -35.57509482645582466 ) ) ;
#2387 = CARTESIAN_POINT ( 'NONE',  ( -12.50000000000015810, 4.000000000000000000, -11.52171862180274076 ) ) ;
#2388 = PLANE ( 'NONE',  #589 ) ;
#2389 = CARTESIAN_POINT ( 'NONE',  ( -13.33000967628525579, 8.759725327633983483, -30.07408745941054917 ) ) ;
#2390 = VECTOR ( 'NONE', #820, 1000.000000000000000 ) ;
#2391 = ADVANCED_FACE ( 'NONE', ( #1547, #1785, #796, #144 ), #2149, .F. ) ;
#2392 = ORIENTED_EDGE ( 'NONE', *, *, #2220, .T. ) ;
#2393 = CARTESIAN_POINT ( 'NONE',  ( 12.57380353385103611, 3.929116979264882570, -10.27380840255866978 ) ) ;
#2394 = AXIS2_PLACEMENT_3D ( 'NONE', #2774, #3477, #2522 ) ;
#2395 = DIRECTION ( 'NONE',  ( 0.000000000000000000, -0.6016065171188300642, 0.7987925879476791557 ) ) ;
#2396 = CARTESIAN_POINT ( 'NONE',  ( 16.14842731772363749, 10.38838879571434148, -32.99844238058661716 ) ) ;
#2397 = EDGE_CURVE ( 'NONE', #944, #3156, #2573, .T. ) ;
#2398 =( GEOMETRIC_REPRESENTATION_CONTEXT ( 3 ) GLOBAL_UNCERTAINTY_ASSIGNED_CONTEXT ( ( #3273 ) ) GLOBAL_UNIT_ASSIGNED_CONTEXT ( ( #2084, #3066, #1851 ) ) REPRESENTATION_CONTEXT ( 'NONE', 'WORKASPACE' ) );
#2399 = EDGE_LOOP ( 'NONE', ( #149, #1371, #454, #1099 ) ) ;
#2400 = CARTESIAN_POINT ( 'NONE',  ( 26.49999999999998934, 28.86909033296249660, -63.35812958638249626 ) ) ;
#2401 = FACE_OUTER_BOUND ( 'NONE', #1731, .T. ) ;
#2402 = DIRECTION ( 'NONE',  ( 0.000000000000000000, 0.000000000000000000, 1.000000000000000000 ) ) ;
#2403 = DIRECTION ( 'NONE',  ( 0.000000000000000000, 0.000000000000000000, 1.000000000000000000 ) ) ;
#2404 = DIRECTION ( 'NONE',  ( 0.000000000000000000, -1.000000000000000000, 0.000000000000000000 ) ) ;
#2405 = EDGE_CURVE ( 'NONE', #1296, #740, #1301, .T. ) ;
#2406 = VERTEX_POINT ( 'NONE', #398 ) ;
#2407 = FACE_OUTER_BOUND ( 'NONE', #4048, .T. ) ;
#2408 = EDGE_LOOP ( 'NONE', ( #785, #2819, #1276, #2443 ) ) ;
#2409 = CARTESIAN_POINT ( 'NONE',  ( 4.999999999999999112, 1.710955489406137175, -67.13146506150236803 ) ) ;
#2410 = CARTESIAN_POINT ( 'NONE',  ( -12.66666666666666252, 4.166666666666668739, -11.52171862180259154 ) ) ;
#2411 = FACE_OUTER_BOUND ( 'NONE', #3763, .T. ) ;
#2412 = DIRECTION ( 'NONE',  ( 0.000000000000000000, -1.000000000000000000, 0.000000000000000000 ) ) ;
#2413 = EDGE_LOOP ( 'NONE', ( #186, #1266, #2238, #704 ) ) ;
#2414 = CARTESIAN_POINT ( 'NONE',  ( 13.00000000000000178, -4.898587196589410857E-16, 7.960204194457793505E-16 ) ) ;
#2415 = DIRECTION ( 'NONE',  ( 0.000000000000000000, -1.000000000000000000, 0.000000000000000000 ) ) ;
#2416 = CARTESIAN_POINT ( 'NONE',  ( 16.39666944596798359, 10.46305942058488547, -33.10045986338518276 ) ) ;
#2417 = ORIENTED_EDGE ( 'NONE', *, *, #3383, .T. ) ;
#2418 = CARTESIAN_POINT ( 'NONE',  ( -1.514517174866926582E-10, 31.76345742619379564, 2.297508586157503779E-10 ) ) ;
#2419 = AXIS2_PLACEMENT_3D ( 'NONE', #213, #3745, #1827 ) ;
#2420 = DIRECTION ( 'NONE',  ( -1.000000000000000000, 0.000000000000000000, -0.000000000000000000 ) ) ;
#2421 = DIRECTION ( 'NONE',  ( 0.000000000000000000, 0.000000000000000000, 1.000000000000000000 ) ) ;
#2422 = EDGE_CURVE ( 'NONE', #1174, #911, #3773, .T. ) ;
#2423 = CARTESIAN_POINT ( 'NONE',  ( 12.97834670454675177, 1.008572518621903225, -1.985050788258541754 ) ) ;
#2424 = CIRCLE ( 'NONE', #3466, 1.350000000104089048 ) ;
#2425 = DIRECTION ( 'NONE',  ( -0.000000000000000000, 0.7987925879476792668, 0.6016065171188299532 ) ) ;
#2426 = AXIS2_PLACEMENT_3D ( 'NONE', #2778, #2075, #4107 ) ;
#2427 = ORIENTED_EDGE ( 'NONE', *, *, #3799, .F. ) ;
#2428 = CYLINDRICAL_SURFACE ( 'NONE', #3879, 1.699999999999993072 ) ;
#2429 = ORIENTED_EDGE ( 'NONE', *, *, #3579, .F. ) ;
#2430 = DIRECTION ( 'NONE',  ( 0.000000000000000000, 0.000000000000000000, -1.000000000000000000 ) ) ;
#2431 = FACE_OUTER_BOUND ( 'NONE', #1106, .T. ) ;
#2432 = AXIS2_PLACEMENT_3D ( 'NONE', #62, #750, #4033 ) ;
#2433 = EDGE_CURVE ( 'NONE', #3692, #3529, #3119, .T. ) ;
#2434 = LINE ( 'NONE', #808, #1782 ) ;
#2435 = CARTESIAN_POINT ( 'NONE',  ( -13.20037282251951538, 8.600082723950379204, -29.66937426498880015 ) ) ;
#2436 = ADVANCED_FACE ( 'NONE', ( #1028 ), #56, .F. ) ;
#2437 = AXIS2_PLACEMENT_3D ( 'NONE', #1689, #1082, #2370 ) ;
#2438 = ORIENTED_EDGE ( 'NONE', *, *, #495, .T. ) ;
#2439 = CARTESIAN_POINT ( 'NONE',  ( 12.64811915870636128, 3.727721160039465076, -9.035299214712789961 ) ) ;
#2440 = DIRECTION ( 'NONE',  ( 0.000000000000000000, -0.7987925879476792668, -0.6016065171188300642 ) ) ;
#2441 = CARTESIAN_POINT ( 'NONE',  ( -25.00000000000001066, 9.626757569257925695, -36.97770927033192834 ) ) ;
#2442 = CIRCLE ( 'NONE', #42, 1.925000000000002265 ) ;
#2443 = ORIENTED_EDGE ( 'NONE', *, *, #1768, .T. ) ;
#2444 = FACE_OUTER_BOUND ( 'NONE', #1466, .T. ) ;
#2445 = CARTESIAN_POINT ( 'NONE',  ( 5.000000000000001776, 17.15850284165588135, -45.48210899393217233 ) ) ;
#2446 = CARTESIAN_POINT ( 'NONE',  ( -12.99999999999999822, 4.499992519206030828, -11.26888225290889345 ) ) ;
#2447 = DIRECTION ( 'NONE',  ( 0.000000000000000000, -0.9902317035601027051, 0.1394316078385989255 ) ) ;
#2448 = ADVANCED_FACE ( 'NONE', ( #1414 ), #1756, .T. ) ;
#2449 = FACE_OUTER_BOUND ( 'NONE', #3622, .T. ) ;
#2450 = AXIS2_PLACEMENT_3D ( 'NONE', #1461, #880, #1137 ) ;
#2451 = EDGE_CURVE ( 'NONE', #916, #1089, #1823, .T. ) ;
#2452 = DIRECTION ( 'NONE',  ( 0.000000000000000000, 1.000000000000000000, 0.000000000000000000 ) ) ;
#2453 = CARTESIAN_POINT ( 'NONE',  ( -15.40110665304132986, 7.716336091253498175, -34.41443695353821397 ) ) ;
#2454 = DIRECTION ( 'NONE',  ( -0.000000000000000000, 0.7987925879476792668, 0.6016065171188300642 ) ) ;
#2455 = CARTESIAN_POINT ( 'NONE',  ( -1.501112262902501896E-10, 2.799999999999999822, -5.649999999952602714 ) ) ;
#2456 = CARTESIAN_POINT ( 'NONE',  ( 13.93253280083590795, 10.18637686199496883, -31.72585074337285604 ) ) ;
#2457 = ORIENTED_EDGE ( 'NONE', *, *, #744, .F. ) ;
#2458 = CARTESIAN_POINT ( 'NONE',  ( 4.999999999999999112, 20.85304535547979299, -52.71469882147997055 ) ) ;
#2459 = FACE_OUTER_BOUND ( 'NONE', #3847, .T. ) ;
#2460 = CARTESIAN_POINT ( 'NONE',  ( -15.49794174801476565, 10.92031670554259470, -32.86420617567168279 ) ) ;
#2461 = EDGE_LOOP ( 'NONE', ( #4015, #2351, #1975, #3917 ) ) ;
#2462 = EDGE_CURVE ( 'NONE', #3062, #1005, #4046, .T. ) ;
#2463 = ORIENTED_EDGE ( 'NONE', *, *, #322, .T. ) ;
#2464 = AXIS2_PLACEMENT_3D ( 'NONE', #1160, #2831, #1205 ) ;
#2465 = CARTESIAN_POINT ( 'NONE',  ( -5.000000000000001776, 16.04019321852914004, -46.32435811789853375 ) ) ;
#2466 = DIRECTION ( 'NONE',  ( 0.000000000000000000, 0.000000000000000000, -1.000000000000000000 ) ) ;
#2467 = DIRECTION ( 'NONE',  ( 0.000000000000000000, 0.6016065171188300642, -0.7987925879476791557 ) ) ;
#2468 = CARTESIAN_POINT ( 'NONE',  ( 12.97447706387616506, 1.092912502710430944, -2.154855832951569461 ) ) ;
#2469 = CONICAL_SURFACE ( 'NONE', #616, 12.50000000000000711, 0.7853981633974380649 ) ;
#2470 = DIRECTION ( 'NONE',  ( 0.000000000000000000, -0.6016065171188246241, 0.7987925879476832636 ) ) ;
#2471 = VECTOR ( 'NONE', #101, 1000.000000000000000 ) ;
#2472 = EDGE_CURVE ( 'NONE', #2256, #3597, #3475, .T. ) ;
#2473 = CARTESIAN_POINT ( 'NONE',  ( 12.99999999999999822, 0.7938852749551469357, -1.330234700506288670 ) ) ;
#2474 = LINE ( 'NONE', #1556, #1946 ) ;
#2475 = DIRECTION ( 'NONE',  ( 0.000000000000000000, -1.000000000000000000, 0.000000000000000000 ) ) ;
#2476 = CARTESIAN_POINT ( 'NONE',  ( -13.00000000000000178, 4.420256601673512087, -10.21319978716250176 ) ) ;
#2477 = CARTESIAN_POINT ( 'NONE',  ( 12.73912702315853451, 9.170547892534367307, -29.65655624276832825 ) ) ;
#2478 = EDGE_CURVE ( 'NONE', #1215, #2406, #3620, .T. ) ;
#2479 = VERTEX_POINT ( 'NONE', #3305 ) ;
#2480 = CARTESIAN_POINT ( 'NONE',  ( 12.51463814989092249, 3.999993047213469488, -11.27084666719157724 ) ) ;
#2481 = CARTESIAN_POINT ( 'NONE',  ( -21.69999999999999929, -3.101896647544507335, -60.74112435792092413 ) ) ;
#2482 = CARTESIAN_POINT ( 'NONE',  ( 13.56456652652957295, 8.996757816969580546, -30.61831527584491042 ) ) ;
#2483 = ORIENTED_EDGE ( 'NONE', *, *, #4105, .T. ) ;
#2484 = ORIENTED_EDGE ( 'NONE', *, *, #3200, .T. ) ;
#2485 = CARTESIAN_POINT ( 'NONE',  ( -1.501040669211631018E-10, 8.000000000000000000, -6.999999999692551711 ) ) ;
#2486 = DIRECTION ( 'NONE',  ( 0.000000000000000000, -0.000000000000000000, 1.000000000000000000 ) ) ;
#2487 = CARTESIAN_POINT ( 'NONE',  ( -1.514517174866926582E-10, 31.76345742619379564, 2.297508586157503779E-10 ) ) ;
#2488 = B_SPLINE_CURVE_WITH_KNOTS ( 'NONE', 3,
 ( #2116, #2410, #155, #3716 ),
 .UNSPECIFIED., .F., .F.,
 ( 4, 4 ),
 ( 0.000000000000000000, 1.000000000000000000 ),
 .UNSPECIFIED. ) ;
#2489 = EDGE_LOOP ( 'NONE', ( #985, #4205, #1261, #228, #315 ) ) ;
#2490 =( LENGTH_UNIT ( ) NAMED_UNIT ( * ) SI_UNIT ( .MILLI., .METRE. ) );
#2491 = DIRECTION ( 'NONE',  ( 0.000000000000000000, 0.000000000000000000, 1.000000000000000000 ) ) ;
#2492 = AXIS2_PLACEMENT_3D ( 'NONE', #3526, #3235, #252 ) ;
#2493 = CARTESIAN_POINT ( 'NONE',  ( 12.99999999999999822, 2.812843244122330333, -5.064450017036365104 ) ) ;
#2494 = CARTESIAN_POINT ( 'NONE',  ( -13.90222445790417005, 6.855000843027169388, -33.01594931265618982 ) ) ;
#2495 = CARTESIAN_POINT ( 'NONE',  ( -13.90372393522840966, 6.856126323404446943, -33.01795970404715774 ) ) ;
#2496 = CARTESIAN_POINT ( 'NONE',  ( -13.93605554568143212, 10.18483553472786873, -31.72078945607199785 ) ) ;
#2497 = DIRECTION ( 'NONE',  ( -3.252606517456509358E-16, 0.6016065171188299532, -0.7987925879476792668 ) ) ;
#2498 = CARTESIAN_POINT ( 'NONE',  ( 13.73393959844779033, 10.05976488078025355, -31.50630108937065188 ) ) ;
#2499 = CIRCLE ( 'NONE', #439, 1.699999999999998401 ) ;
#2500 = EDGE_LOOP ( 'NONE', ( #1260, #1953, #2562, #600 ) ) ;
#2501 = AXIS2_PLACEMENT_3D ( 'NONE', #297, #4178, #3578 ) ;
#2502 = EDGE_CURVE ( 'NONE', #740, #1365, #3189, .T. ) ;
#2503 = AXIS2_PLACEMENT_3D ( 'NONE', #3662, #741, #2995 ) ;
#2504 = CARTESIAN_POINT ( 'NONE',  ( 13.00000000000000178, 2.787047298288038988, -4.998773417172853506 ) ) ;
#2505 = LINE ( 'NONE', #463, #2847 ) ;
#2506 = CARTESIAN_POINT ( 'NONE',  ( 13.81647403449625777, 9.210525989272960956, -31.06347904923205760 ) ) ;
#2507 = CIRCLE ( 'NONE', #3966, 1.349999999739951662 ) ;
#2508 = ORIENTED_EDGE ( 'NONE', *, *, #641, .F. ) ;
#2509 = FACE_OUTER_BOUND ( 'NONE', #1505, .T. ) ;
#2510 = CARTESIAN_POINT ( 'NONE',  ( -15.36544190997502923, 7.656173611463721329, -35.17653053160530874 ) ) ;
#2511 = CIRCLE ( 'NONE', #2986, 2.349999999999999645 ) ;
#2512 = CYLINDRICAL_SURFACE ( 'NONE', #2450, 6.000000000000002665 ) ;
#2513 = FACE_OUTER_BOUND ( 'NONE', #2645, .T. ) ;
#2514 = ORIENTED_EDGE ( 'NONE', *, *, #3143, .T. ) ;
#2515 = LINE ( 'NONE', #1766, #338 ) ;
#2516 = CARTESIAN_POINT ( 'NONE',  ( 21.69999999999999574, 16.04019321852915425, -46.32435811789853375 ) ) ;
#2517 = EDGE_CURVE ( 'NONE', #3262, #2989, #37, .T. ) ;
#2518 = CARTESIAN_POINT ( 'NONE',  ( 12.99999999999999467, 2.220260908253503196, -3.871470320176423119 ) ) ;
#2519 = CARTESIAN_POINT ( 'NONE',  ( -16.02684913335814798, 7.952063044956464211, -34.74884351688829298 ) ) ;
#2520 = CARTESIAN_POINT ( 'NONE',  ( -13.64466748876424163, 9.995867501325863103, -31.38840663888153060 ) ) ;
#2521 = CARTESIAN_POINT ( 'NONE',  ( -13.00000000000000178, 1.066108870200686010, -1.791441603893802359 ) ) ;
#2522 = DIRECTION ( 'NONE',  ( 0.000000000000000000, 0.6016065171188302863, -0.7987925879476790447 ) ) ;
#2523 = ORIENTED_EDGE ( 'NONE', *, *, #3660, .F. ) ;
#2524 = CARTESIAN_POINT ( 'NONE',  ( 13.00000000000000178, 3.501263958624704742, -6.675525453510940288 ) ) ;
#2525 = CARTESIAN_POINT ( 'NONE',  ( -12.66666666666666963, 8.433536427716692430, -28.01300632776815647 ) ) ;
#2526 = CARTESIAN_POINT ( 'NONE',  ( 13.07931246659289215, 8.404193158222989624, -29.11330416857862602 ) ) ;
#2527 = CIRCLE ( 'NONE', #3177, 5.999999999999999112 ) ;
#2528 = ORIENTED_EDGE ( 'NONE', *, *, #2502, .T. ) ;
#2529 = ORIENTED_EDGE ( 'NONE', *, *, #1336, .F. ) ;
#2530 = CARTESIAN_POINT ( 'NONE',  ( -15.10115045582653259, 7.545759954575357753, -35.01837420931158107 ) ) ;
#2531 = CARTESIAN_POINT ( 'NONE',  ( 13.04060495126336150, 5.811938527957393852, -30.72647660421167970 ) ) ;
#2532 = CARTESIAN_POINT ( 'NONE',  ( -13.00000000000000355, 3.631773008940145875, -7.033241848324327528 ) ) ;
#2533 = EDGE_CURVE ( 'NONE', #2544, #227, #864, .T. ) ;
#2534 = AXIS2_PLACEMENT_3D ( 'NONE', #644, #2855, #3921 ) ;
#2535 = VERTEX_POINT ( 'NONE', #3345 ) ;
#2536 = DIRECTION ( 'NONE',  ( 0.000000000000000000, 0.000000000000000000, -1.000000000000000000 ) ) ;
#2537 = DIRECTION ( 'NONE',  ( 0.000000000000000000, -0.6016065171188299532, 0.7987925879476792668 ) ) ;
#2538 = AXIS2_PLACEMENT_3D ( 'NONE', #3864, #1861, #3165 ) ;
#2539 = CARTESIAN_POINT ( 'NONE',  ( 12.99999999999999645, 3.814561016168132035, -7.557198677457114933 ) ) ;
#2540 = CARTESIAN_POINT ( 'NONE',  ( -13.82747075211504750, 6.795128581303048421, -32.90609056097670049 ) ) ;
#2541 = CARTESIAN_POINT ( 'NONE',  ( -12.97136754436137984, 1.180074962476229894, -2.326858810767978625 ) ) ;
#2542 = DIRECTION ( 'NONE',  ( -0.000000000000000000, -0.7987925879476793778, -0.6016065171188298422 ) ) ;
#2543 = EDGE_CURVE ( 'NONE', #1255, #282, #3766, .T. ) ;
#2544 = VERTEX_POINT ( 'NONE', #530 ) ;
#2545 = CARTESIAN_POINT ( 'NONE',  ( -12.99782432012296418, 0.3202687023964611579, -0.6250900610701266569 ) ) ;
#2546 = DIRECTION ( 'NONE',  ( -0.000000000000000000, 0.7987925879476791557, 0.6016065171188300642 ) ) ;
#2547 = LINE ( 'NONE', #3850, #2671 ) ;
#2548 = ORIENTED_EDGE ( 'NONE', *, *, #893, .T. ) ;
#2549 = ORIENTED_EDGE ( 'NONE', *, *, #2058, .F. ) ;
#2550 = PLANE ( 'NONE',  #2492 ) ;
#2551 = CARTESIAN_POINT ( 'NONE',  ( -20.00000000000000000, 19.23536357031985133, -43.91793204942321438 ) ) ;
#2552 = CARTESIAN_POINT ( 'NONE',  ( -13.00000000000000000, 1.203157257522222912, -2.030379050258829032 ) ) ;
#2553 = ORIENTED_EDGE ( 'NONE', *, *, #2112, .T. ) ;
#2554 = DIRECTION ( 'NONE',  ( -1.000000000000000000, 0.000000000000000000, -0.000000000000000000 ) ) ;
#2555 = EDGE_CURVE ( 'NONE', #3524, #3201, #2505, .T. ) ;
#2556 = DIRECTION ( 'NONE',  ( 0.000000000000000000, 1.000000000000000000, 0.000000000000000000 ) ) ;
#2557 = CARTESIAN_POINT ( 'NONE',  ( 13.00000000000000178, 0.5816499724953138051, -0.9720085473485141625 ) ) ;
#2558 = CARTESIAN_POINT ( 'NONE',  ( 15.09593229991315688, 10.76627080648076173, -32.64161235070554312 ) ) ;
#2559 = CARTESIAN_POINT ( 'NONE',  ( -12.50000000000001421, 4.000000000000000000, -11.52171862180258977 ) ) ;
#2560 = CARTESIAN_POINT ( 'NONE',  ( 24.99999999999999289, 8.423544535020262458, -35.38012409443657447 ) ) ;
#2561 = AXIS2_PLACEMENT_3D ( 'NONE', #68, #2113, #411 ) ;
#2562 = ORIENTED_EDGE ( 'NONE', *, *, #1721, .F. ) ;
#2563 = CARTESIAN_POINT ( 'NONE',  ( 12.99999999999999822, 0.5364250448712405417, -0.8940369977151936265 ) ) ;
#2564 = CARTESIAN_POINT ( 'NONE',  ( 13.00000000000000000, 28.86909033296249660, -63.35812958638249626 ) ) ;
#2565 = CARTESIAN_POINT ( 'NONE',  ( -13.38680705322987841, 9.807539074544839863, -31.03749945930663401 ) ) ;
#2566 = EDGE_CURVE ( 'NONE', #2677, #1908, #1003, .T. ) ;
#2567 = AXIS2_PLACEMENT_3D ( 'NONE', #3848, #2248, #1924 ) ;
#2568 = ORIENTED_EDGE ( 'NONE', *, *, #2713, .T. ) ;
#2569 = ADVANCED_FACE ( 'NONE', ( #1433 ), #3481, .F. ) ;
#2570 = CARTESIAN_POINT ( 'NONE',  ( 0.000000000000000000, 0.000000000000000000, 0.000000000000000000 ) ) ;
#2571 = FACE_OUTER_BOUND ( 'NONE', #1947, .T. ) ;
#2572 = CARTESIAN_POINT ( 'NONE',  ( -12.99999999999999822, 0.8626520152320288348, -1.446858631367375692 ) ) ;
#2573 = CIRCLE ( 'NONE', #720, 1.999999999999998890 ) ;
#2574 = VERTEX_POINT ( 'NONE', #1779 ) ;
#2575 = LINE ( 'NONE', #904, #266 ) ;
#2576 = CARTESIAN_POINT ( 'NONE',  ( -13.00000000000000000, 8.112578415917012009, -28.10299002502895860 ) ) ;
#2577 = EDGE_CURVE ( 'NONE', #1867, #378, #2121, .T. ) ;
#2578 = CARTESIAN_POINT ( 'NONE',  ( -16.15112754899437419, 7.992580039825987193, -34.80465240182533648 ) ) ;
#2579 = FACE_OUTER_BOUND ( 'NONE', #3519, .T. ) ;
#2580 = CARTESIAN_POINT ( 'NONE',  ( -13.00000000000000000, 3.106355991845983322, -5.710777276361014287 ) ) ;
#2581 = CARTESIAN_POINT ( 'NONE',  ( 12.61792846384654254, 3.823457819166875549, -9.538425612509781715 ) ) ;
#2582 = EDGE_CURVE ( 'NONE', #1283, #3835, #102, .T. ) ;
#2583 = ORIENTED_EDGE ( 'NONE', *, *, #2345, .F. ) ;
#2584 = DIRECTION ( 'NONE',  ( 0.000000000000000000, -0.6016065171188307303, 0.7987925879476788227 ) ) ;
#2585 = DIRECTION ( 'NONE',  ( 0.000000000000000000, -0.000000000000000000, 1.000000000000000000 ) ) ;
#2586 = CARTESIAN_POINT ( 'NONE',  ( -14.18929859696992679, 9.476304268481914761, -31.56503647369320120 ) ) ;
#2587 = VERTEX_POINT ( 'NONE', #114 ) ;
#2588 = ORIENTED_EDGE ( 'NONE', *, *, #170, .F. ) ;
#2589 = DIRECTION ( 'NONE',  ( 0.000000000000000000, -0.7987925879476800439, -0.6016065171188291760 ) ) ;
#2590 = LINE ( 'NONE', #1587, #4093 ) ;
#2591 = CARTESIAN_POINT ( 'NONE',  ( -13.00000000000000000, 3.479039907044927826, -6.620259181419577921 ) ) ;
#2592 = CARTESIAN_POINT ( 'NONE',  ( 14.15365689924366244, 7.038868375164609503, -33.34101991513756502 ) ) ;
#2593 = ORIENTED_EDGE ( 'NONE', *, *, #3398, .F. ) ;
#2594 = DIRECTION ( 'NONE',  ( 0.000000000000000000, 1.000000000000000000, 0.000000000000000000 ) ) ;
#2595 = CARTESIAN_POINT ( 'NONE',  ( -13.00000000000000178, 8.149861099048214541, -28.25183244414786543 ) ) ;
#2596 = CARTESIAN_POINT ( 'NONE',  ( -13.73904872631228891, 10.05959741595897938, -31.50252268935454225 ) ) ;
#2597 = AXIS2_PLACEMENT_3D ( 'NONE', #3097, #1430, #1168 ) ;
#2598 = CARTESIAN_POINT ( 'NONE',  ( -16.54844325603146160, 8.108854929830664915, -34.96214502263134705 ) ) ;
#2599 = CARTESIAN_POINT ( 'NONE',  ( 14.09316648296935526, 10.27729735098775343, -31.87624383557940178 ) ) ;
#2600 = AXIS2_PLACEMENT_3D ( 'NONE', #3011, #460, #3077 ) ;
#2601 = CARTESIAN_POINT ( 'NONE',  ( 12.91198349405923018, 2.013085526971803763, -4.087153442398305359 ) ) ;
#2602 = AXIS2_PLACEMENT_3D ( 'NONE', #819, #492, #2403 ) ;
#2603 = ORIENTED_EDGE ( 'NONE', *, *, #2713, .F. ) ;
#2604 = EDGE_CURVE ( 'NONE', #3448, #911, #867, .T. ) ;
#2605 = CARTESIAN_POINT ( 'NONE',  ( -12.77022394930059157, 3.153222479830975367, -6.949759579407322363 ) ) ;
#2606 = CARTESIAN_POINT ( 'NONE',  ( -1.501113916175680507E-10, 5.999999999999998224, -6.999999999692554375 ) ) ;
#2607 = CARTESIAN_POINT ( 'NONE',  ( -13.16108101277008480, 9.620760320205995697, -30.66718891698140581 ) ) ;
#2608 = ORIENTED_EDGE ( 'NONE', *, *, #2916, .T. ) ;
#2609 = CARTESIAN_POINT ( 'NONE',  ( -15.26632051009415392, 7.614763126586969300, -35.11721441605101290 ) ) ;
#2610 = DIRECTION ( 'NONE',  ( 1.000000000000000000, 0.000000000000000000, 0.000000000000000000 ) ) ;
#2611 = CARTESIAN_POINT ( 'NONE',  ( -13.00000000000000178, 3.333124248591982752, -6.252809603019596985 ) ) ;
#2612 = CARTESIAN_POINT ( 'NONE',  ( 12.81275172024455067, 5.892754997174808551, -32.14196885173845430 ) ) ;
#2613 = ORIENTED_EDGE ( 'NONE', *, *, #3670, .F. ) ;
#2614 = CARTESIAN_POINT ( 'NONE',  ( -25.00000000000001066, 8.324951499605838023, -36.08032364696984473 ) ) ;
#2615 = FACE_OUTER_BOUND ( 'NONE', #1747, .T. ) ;
#2616 = CARTESIAN_POINT ( 'NONE',  ( -12.85746141170511336, 9.316967845421491035, -30.00601565489480649 ) ) ;
#2617 = CARTESIAN_POINT ( 'NONE',  ( -15.91363111050349310, 7.913083683673645119, -34.69462081330396330 ) ) ;
#2618 = CARTESIAN_POINT ( 'NONE',  ( 13.78840681338242291, 10.09074279163768928, -31.55661524417538999 ) ) ;
#2619 = CARTESIAN_POINT ( 'NONE',  ( 12.55091141590542847, 3.964848448618405463, -10.65805706308258038 ) ) ;
#2620 = ORIENTED_EDGE ( 'NONE', *, *, #63, .T. ) ;
#2621 = DIRECTION ( 'NONE',  ( 0.000000000000000000, -0.9902317035601020390, 0.1394316078386038105 ) ) ;
#2622 = CARTESIAN_POINT ( 'NONE',  ( -12.95800081238911616, 1.399139524412103652, -2.779162099161687216 ) ) ;
#2623 = DIRECTION ( 'NONE',  ( 0.000000000000000000, 0.7987925879476792668, 0.6016065171188301752 ) ) ;
#2624 = CARTESIAN_POINT ( 'NONE',  ( -14.61930166639288409, 9.736799870758176212, -32.01577248238013595 ) ) ;
#2625 = CIRCLE ( 'NONE', #921, 1.699999999999998401 ) ;
#2626 = EDGE_CURVE ( 'NONE', #2748, #700, #1820, .T. ) ;
#2627 = ORIENTED_EDGE ( 'NONE', *, *, #81, .T. ) ;
#2628 = CARTESIAN_POINT ( 'NONE',  ( -15.50240660260952374, 7.708552342293600645, -35.25012533784772017 ) ) ;
#2629 = LINE ( 'NONE', #14, #3613 ) ;
#2630 = CARTESIAN_POINT ( 'NONE',  ( -13.00000000000000000, 0.8189144685768813270, -1.372649059601117827 ) ) ;
#2631 = CARTESIAN_POINT ( 'NONE',  ( 12.86361755106667815, 5.960675597935867209, -32.28529300800552448 ) ) ;
#2632 = CIRCLE ( 'NONE', #168, 1.699999999999998401 ) ;
#2633 = VERTEX_POINT ( 'NONE', #4063 ) ;
#2634 = CONICAL_SURFACE ( 'NONE', #304, 19.49999999999999645, 0.7853981633974482790 ) ;
#2635 = DIRECTION ( 'NONE',  ( 0.000000000000000000, 0.000000000000000000, -1.000000000000000000 ) ) ;
#2636 = AXIS2_PLACEMENT_3D ( 'NONE', #684, #3015, #1995 ) ;
#2637 = CARTESIAN_POINT ( 'NONE',  ( -16.11576494666767445, 10.37776267619921278, -32.98369917206131419 ) ) ;
#2638 = DIRECTION ( 'NONE',  ( -0.000000000000000000, 0.7987925879476791557, 0.6016065171188300642 ) ) ;
#2639 = VECTOR ( 'NONE', #3673, 1000.000000000000114 ) ;
#2640 = CARTESIAN_POINT ( 'NONE',  ( 7.039682604951752835E-16, 16.04019321852913649, -46.32435811789853375 ) ) ;
#2641 = CARTESIAN_POINT ( 'NONE',  ( 13.23273720677734744, 9.682770511698496563, -30.79273205523496415 ) ) ;
#2642 = VECTOR ( 'NONE', #3451, 1000.000000000000000 ) ;
#2643 = CARTESIAN_POINT ( 'NONE',  ( 12.79005441403985621, 3.032852778926065529, -6.595445199749731202 ) ) ;
#2644 = EDGE_CURVE ( 'NONE', #2872, #979, #552, .T. ) ;
#2645 = EDGE_LOOP ( 'NONE', ( #34, #3697, #1723, #1663 ) ) ;
#2646 = CARTESIAN_POINT ( 'NONE',  ( -25.00000000000001066, 11.52012185139654576, -33.67389757849452536 ) ) ;
#2647 = CARTESIAN_POINT ( 'NONE',  ( -12.66262179917609743, 3.675264212486817783, -8.793392290348936768 ) ) ;
#2648 = DIRECTION ( 'NONE',  ( -0.000000000000000000, -1.000000000000000000, -0.000000000000000000 ) ) ;
#2649 = CARTESIAN_POINT ( 'NONE',  ( -13.93742660278070566, 10.18478943585844476, -31.71995960887774402 ) ) ;
#2650 = EDGE_LOOP ( 'NONE', ( #2335, #461, #3998, #1025 ) ) ;
#2651 = ORIENTED_EDGE ( 'NONE', *, *, #3185, .T. ) ;
#2652 = CARTESIAN_POINT ( 'NONE',  ( -13.65637107527883032, 6.717249244303114430, -33.71413967685865032 ) ) ;
#2653 = DIRECTION ( 'NONE',  ( 0.000000000000000000, 0.000000000000000000, 1.000000000000000000 ) ) ;
#2654 = CARTESIAN_POINT ( 'NONE',  ( -13.00000000000000000, 0.5286256847418112637, -0.8830847746208755344 ) ) ;
#2655 = CARTESIAN_POINT ( 'NONE',  ( 12.52201444556181364, 5.321616189334768876, -30.80591472922488805 ) ) ;
#2656 = EDGE_CURVE ( 'NONE', #1867, #2544, #1068, .T. ) ;
#2657 = ORIENTED_EDGE ( 'NONE', *, *, #2478, .T. ) ;
#2658 = ORIENTED_EDGE ( 'NONE', *, *, #7, .F. ) ;
#2659 = DIRECTION ( 'NONE',  ( 0.7071067811865463515, 0.7071067811865487940, 0.000000000000000000 ) ) ;
#2660 = CARTESIAN_POINT ( 'NONE',  ( -15.30339792639387220, 10.07272196292375632, -32.54446380702125197 ) ) ;
#2661 = DIRECTION ( 'NONE',  ( -0.000000000000000000, 1.000000000000000000, -0.000000000000000000 ) ) ;
#2662 = ADVANCED_FACE ( 'NONE', ( #1108 ), #3547, .F. ) ;
#2663 = CARTESIAN_POINT ( 'NONE',  ( 13.00000000000000178, 4.058114337037339148, -8.391231166084464732 ) ) ;
#2664 = CARTESIAN_POINT ( 'NONE',  ( 14.61930166639085193, 9.736799870757044673, -32.01577248237826012 ) ) ;
#2665 = VERTEX_POINT ( 'NONE', #486 ) ;
#2666 = AXIS2_PLACEMENT_3D ( 'NONE', #1452, #3801, #3384 ) ;
#2667 = CYLINDRICAL_SURFACE ( 'NONE', #3611, 1.350000000104089048 ) ;
#2668 = CARTESIAN_POINT ( 'NONE',  ( -12.94840269754724105, 1.550732426387038787, -3.093537310901968151 ) ) ;
#2669 = CARTESIAN_POINT ( 'NONE',  ( 26.99999999999999289, 30.46165135654170086, -59.65492160057122817 ) ) ;
#2670 = CARTESIAN_POINT ( 'NONE',  ( 19.00000000000000000, 4.414509138333439608, -30.88817182530991801 ) ) ;
#2671 = VECTOR ( 'NONE', #3147, 1000.000000000000000 ) ;
#2672 = VERTEX_POINT ( 'NONE', #1456 ) ;
#2673 = CIRCLE ( 'NONE', #483, 6.500000000000023981 ) ;
#2674 = LINE ( 'NONE', #4023, #29 ) ;
#2675 = DIRECTION ( 'NONE',  ( 0.7071067811865424657, 0.5648316556993548954, 0.4254000478607548597 ) ) ;
#2676 = CARTESIAN_POINT ( 'NONE',  ( 13.06958241872945514, 6.200204539272483828, -32.76871442201391460 ) ) ;
#2677 = VERTEX_POINT ( 'NONE', #2755 ) ;
#2678 = DIRECTION ( 'NONE',  ( -0.000000000000000000, -1.000000000000000000, -0.000000000000000000 ) ) ;
#2679 = DIRECTION ( 'NONE',  ( 0.000000000000000000, 0.000000000000000000, 1.000000000000000000 ) ) ;
#2680 = LINE ( 'NONE', #1381, #1063 ) ;
#2681 = EDGE_CURVE ( 'NONE', #4225, #2385, #3970, .T. ) ;
#2682 = CARTESIAN_POINT ( 'NONE',  ( 14.93622443655375953, 9.902925737609225010, -32.28390664496717477 ) ) ;
#2683 = EDGE_LOOP ( 'NONE', ( #3176, #268, #2364, #192 ) ) ;
#2684 = VERTEX_POINT ( 'NONE', #3831 ) ;
#2685 = CARTESIAN_POINT ( 'NONE',  ( -5.000000000000002665, 21.97135497860653430, -51.87244969751361623 ) ) ;
#2686 = ORIENTED_EDGE ( 'NONE', *, *, #205, .T. ) ;
#2687 = CARTESIAN_POINT ( 'NONE',  ( -12.90960529771831311, 2.038592038747679691, -4.144166409534773443 ) ) ;
#2688 = DIRECTION ( 'NONE',  ( 0.000000000000000000, 0.000000000000000000, 1.000000000000000000 ) ) ;
#2689 = CARTESIAN_POINT ( 'NONE',  ( -13.28359600198488089, 8.705546811502173910, -29.94024183425657881 ) ) ;
#2690 = ORIENTED_EDGE ( 'NONE', *, *, #574, .T. ) ;
#2691 = DIRECTION ( 'NONE',  ( 1.000000000000000000, 1.956789278525017583E-16, -2.598157977654573318E-16 ) ) ;
#2692 = CARTESIAN_POINT ( 'NONE',  ( 13.00000000000000000, 8.324951499605839800, -36.08032364696983763 ) ) ;
#2693 = CARTESIAN_POINT ( 'NONE',  ( 14.11845735585494488, 9.429452128600779304, -31.48025390691531200 ) ) ;
#2694 = ORIENTED_EDGE ( 'NONE', *, *, #1079, .F. ) ;
#2695 = CARTESIAN_POINT ( 'NONE',  ( 14.97331752359303358, 7.488555326318857119, -34.93521868841898481 ) ) ;
#2696 = CIRCLE ( 'NONE', #432, 6.000000000000000888 ) ;
#2697 = CARTESIAN_POINT ( 'NONE',  ( -15.77917234225605725, 10.26233069327910385, -32.82160011909493846 ) ) ;
#2698 = CARTESIAN_POINT ( 'NONE',  ( 13.00000000000000000, 31.66486439077936055, -61.25250677646659625 ) ) ;
#2699 = CIRCLE ( 'NONE', #1608, 1.699999999999998401 ) ;
#2700 = VECTOR ( 'NONE', #946, 1000.000000000000000 ) ;
#2701 = VECTOR ( 'NONE', #2883, 1000.000000000000000 ) ;
#2702 = CARTESIAN_POINT ( 'NONE',  ( 15.57956709457706523, 10.18654885074306726, -32.71244447820219392 ) ) ;
#2703 = CARTESIAN_POINT ( 'NONE',  ( -13.16878966751807134, 6.081078637247934182, -31.41132918746540525 ) ) ;
#2704 = EDGE_CURVE ( 'NONE', #2247, #2994, #833, .T. ) ;
#2705 = VECTOR ( 'NONE', #1658, 1000.000000000000227 ) ;
#2706 = ORIENTED_EDGE ( 'NONE', *, *, #4216, .T. ) ;
#2707 = CARTESIAN_POINT ( 'NONE',  ( 12.99999999999999467, 0.04471949099064191635, -0.07453262209786752635 ) ) ;
#2708 = ORIENTED_EDGE ( 'NONE', *, *, #755, .T. ) ;
#2709 = CONICAL_SURFACE ( 'NONE', #4034, 2.349999999999999645, 0.7853981633974543852 ) ;
#2710 = LINE ( 'NONE', #4041, #3819 ) ;
#2711 = CARTESIAN_POINT ( 'NONE',  ( -3.955169525227120175E-13, 6.000000000000000000, 7.000000000000011546 ) ) ;
#2712 = DIRECTION ( 'NONE',  ( 0.000000000000000000, -0.6016065171188301752, 0.7987925879476791557 ) ) ;
#2713 = EDGE_CURVE ( 'NONE', #700, #974, #2511, .T. ) ;
#2714 = EDGE_LOOP ( 'NONE', ( #699, #1004, #3919 ) ) ;
#2715 = CARTESIAN_POINT ( 'NONE',  ( 16.69230769230767208, 8.145879988657751980, -35.01145059230684353 ) ) ;
#2716 = DIRECTION ( 'NONE',  ( 0.000000000000000000, 0.000000000000000000, 1.000000000000000000 ) ) ;
#2717 = DIRECTION ( 'NONE',  ( 0.000000000000000000, 0.7987925879476793778, 0.6016065171188298422 ) ) ;
#2718 = EDGE_LOOP ( 'NONE', ( #1707, #1494, #2427, #2328, #2690, #1570 ) ) ;
#2719 = CARTESIAN_POINT ( 'NONE',  ( -1.527920433558173173E-10, 2.799999999999999822, 7.000000000152056145 ) ) ;
#2720 = CARTESIAN_POINT ( 'NONE',  ( -15.13173978727612479, 9.995374250854123233, -32.42689410213504431 ) ) ;
#2721 = FACE_OUTER_BOUND ( 'NONE', #2746, .T. ) ;
#2722 = EDGE_CURVE ( 'NONE', #1126, #2284, #3925, .T. ) ;
#2723 = CARTESIAN_POINT ( 'NONE',  ( 12.97517923168693166, 1.077861842117251001, -2.124520494114505276 ) ) ;
#2724 = CARTESIAN_POINT ( 'NONE',  ( 13.81859112605717677, 9.212170791835166739, -31.06677001653773118 ) ) ;
#2725 = ORIENTED_EDGE ( 'NONE', *, *, #2533, .T. ) ;
#2726 = CARTESIAN_POINT ( 'NONE',  ( 13.00000000000000000, 0.3868623919582158677, -0.6455823445290720386 ) ) ;
#2727 = PLANE ( 'NONE',  #507 ) ;
#2728 = FACE_OUTER_BOUND ( 'NONE', #3220, .T. ) ;
#2729 = LINE ( 'NONE', #3430, #2261 ) ;
#2730 = CARTESIAN_POINT ( 'NONE',  ( 0.000000000000000000, 0.000000000000000000, 0.000000000000000000 ) ) ;
#2731 = COLOUR_RGB ( '',0.7921568627450980005, 0.8196078431372548767, 0.9333333333333333481 ) ;
#2732 = ORIENTED_EDGE ( 'NONE', *, *, #912, .T. ) ;
#2733 = ADVANCED_FACE ( 'NONE', ( #2459 ), #2709, .F. ) ;
#2734 = CARTESIAN_POINT ( 'NONE',  ( 13.00000000000000000, 5.569582938477564582, -30.01823395106735148 ) ) ;
#2735 = AXIS2_PLACEMENT_3D ( 'NONE', #2322, #19, #2635 ) ;
#2736 = CARTESIAN_POINT ( 'NONE',  ( -19.00000000000000000, 4.813905432307273635, -30.58736856675050220 ) ) ;
#2737 = DIRECTION ( 'NONE',  ( 0.000000000000000000, -0.7987925879476792668, -0.6016065171188299532 ) ) ;
#2738 = EDGE_LOOP ( 'NONE', ( #1364, #3542 ) ) ;
#2739 = CARTESIAN_POINT ( 'NONE',  ( -13.00000000000000355, 5.662038395404878521, -30.30831216195407052 ) ) ;
#2740 = CARTESIAN_POINT ( 'NONE',  ( -13.00000000000000000, 4.500000000000005329, -11.52171862180257200 ) ) ;
#2741 = CARTESIAN_POINT ( 'NONE',  ( -5.000000000000002665, 21.97135497860654141, -51.87244969751361623 ) ) ;
#2742 = CARTESIAN_POINT ( 'NONE',  ( 12.91898210500381872, 1.934254502011246268, -3.913296355256017378 ) ) ;
#2743 = EDGE_CURVE ( 'NONE', #4112, #4082, #1136, .T. ) ;
#2744 = DIRECTION ( 'NONE',  ( -0.000000000000000000, 0.7987925879476791557, 0.6016065171188300642 ) ) ;
#2745 = CARTESIAN_POINT ( 'NONE',  ( 14.18929859696838491, 9.476304268480898685, -31.56503647369138221 ) ) ;
#2746 = EDGE_LOOP ( 'NONE', ( #3458, #1777, #3391, #1330 ) ) ;
#2747 = CARTESIAN_POINT ( 'NONE',  ( 13.00000000000000000, 0.1910397778348762177, -0.3184972837281767055 ) ) ;
#2748 = VERTEX_POINT ( 'NONE', #4130 ) ;
#2749 = CARTESIAN_POINT ( 'NONE',  ( -13.94726083511511483, 6.922239267110490424, -34.05812835797431148 ) ) ;
#2750 = FACE_BOUND ( 'NONE', #3808, .T. ) ;
#2751 = CARTESIAN_POINT ( 'NONE',  ( -1.501113916175680507E-10, 2.799999999999999822, -8.349999999432505149 ) ) ;
#2752 = DIRECTION ( 'NONE',  ( -0.7071067811865414665, 0.5648316556993594473, 0.4254000478607503632 ) ) ;
#2753 = ORIENTED_EDGE ( 'NONE', *, *, #104, .F. ) ;
#2754 = CARTESIAN_POINT ( 'NONE',  ( 12.69230643813674320, 3.553323051870180826, -8.294574026778940734 ) ) ;
#2755 = CARTESIAN_POINT ( 'NONE',  ( 6.212399911202984626, 19.23536357031984423, -43.91793204942320727 ) ) ;
#2756 = CARTESIAN_POINT ( 'NONE',  ( 14.92750361469062348, 9.898619205544399335, -32.27709081077522058 ) ) ;
#2757 = ADVANCED_FACE ( 'NONE', ( #1172, #3908, #3522, #2208 ), #3231, .F. ) ;
#2758 = ORIENTED_EDGE ( 'NONE', *, *, #918, .T. ) ;
#2759 = ORIENTED_EDGE ( 'NONE', *, *, #2502, .F. ) ;
#2760 = CARTESIAN_POINT ( 'NONE',  ( 13.00000000000000000, 7.499999999999996447, 0.000000000000000000 ) ) ;
#2761 = CARTESIAN_POINT ( 'NONE',  ( 2.877919977996279827E-16, 6.000000000000000000, -2.350000000000000089 ) ) ;
#2762 = CARTESIAN_POINT ( 'NONE',  ( 12.52207600239285235, 5.321791775624100218, -30.80635230020908821 ) ) ;
#2763 = LINE ( 'NONE', #1139, #207 ) ;
#2764 = AXIS2_PLACEMENT_3D ( 'NONE', #47, #2362, #3688 ) ;
#2765 = CARTESIAN_POINT ( 'NONE',  ( -27.00000000000000711, 27.66587729872481560, -61.76054441048714239 ) ) ;
#2766 = VECTOR ( 'NONE', #630, 1000.000000000000114 ) ;
#2767 = CIRCLE ( 'NONE', #581, 2.850000000000019185 ) ;
#2768 = VECTOR ( 'NONE', #1792, 1000.000000000000000 ) ;
#2769 = CARTESIAN_POINT ( 'NONE',  ( 26.99999999999999289, 30.46165135654170086, -59.65492160057122817 ) ) ;
#2770 = CARTESIAN_POINT ( 'NONE',  ( -13.61857196144829629, 6.611653253601540214, -32.55540359476326273 ) ) ;
#2771 = CARTESIAN_POINT ( 'NONE',  ( -13.52576838651946289, 6.522007152340865588, -32.37714599318549347 ) ) ;
#2772 = CARTESIAN_POINT ( 'NONE',  ( -1.527920433558173173E-10, 31.76345742619379564, 7.000000000152056145 ) ) ;
#2773 = CARTESIAN_POINT ( 'NONE',  ( 4.999999999999995559, 28.86909033296249660, -63.35812958638249626 ) ) ;
#2774 = CARTESIAN_POINT ( 'NONE',  ( -1.745325337799533004E-15, 24.04821570727050073, -50.30827275300465828 ) ) ;
#2775 = EDGE_CURVE ( 'NONE', #555, #3524, #3828, .T. ) ;
#2776 = ORIENTED_EDGE ( 'NONE', *, *, #2543, .F. ) ;
#2777 = APPLICATION_CONTEXT ( 'automotive_design' ) ;
#2778 = CARTESIAN_POINT ( 'NONE',  ( -20.00000000000000000, -3.101896647544507335, -60.74112435792092413 ) ) ;
#2779 = CARTESIAN_POINT ( 'NONE',  ( 12.49999999999999467, 4.000000000000000000, -11.52171862180292194 ) ) ;
#2780 = CARTESIAN_POINT ( 'NONE',  ( -15.91632218242436458, 11.06011026673898812, -33.05965592941223719 ) ) ;
#2781 = EDGE_LOOP ( 'NONE', ( #1559, #396, #1862, #2925 ) ) ;
#2782 = CARTESIAN_POINT ( 'NONE',  ( -13.10717917690297973, 5.970739000868109159, -31.14102539084237264 ) ) ;
#2783 = DIRECTION ( 'NONE',  ( 0.000000000000000000, 0.6016065171188341720, -0.7987925879476760471 ) ) ;
#2784 = LINE ( 'NONE', #2827, #119 ) ;
#2785 = CARTESIAN_POINT ( 'NONE',  ( 13.00000000000000000, 4.500000000000005329, 0.000000000000000000 ) ) ;
#2786 = CARTESIAN_POINT ( 'NONE',  ( 12.95665896716497656, 1.421071468294802909, -2.824459392311570838 ) ) ;
#2787 = FACE_OUTER_BOUND ( 'NONE', #1846, .T. ) ;
#2788 = ADVANCED_FACE ( 'NONE', ( #957 ), #569, .T. ) ;
#2789 = DIRECTION ( 'NONE',  ( 0.000000000000000000, -0.6016065171188291760, 0.7987925879476798219 ) ) ;
#2790 = CARTESIAN_POINT ( 'NONE',  ( 13.00000000000000178, 0.4760881513801118459, -0.7948954895989409630 ) ) ;
#2791 = CARTESIAN_POINT ( 'NONE',  ( -14.19807099271379158, 7.069279964678168326, -33.39330047794528156 ) ) ;
#2792 = AXIS2_PLACEMENT_3D ( 'NONE', #2194, #1439, #3419 ) ;
#2793 = CARTESIAN_POINT ( 'NONE',  ( 24.99999999999999289, 12.42253162707478431, -34.87208646041603544 ) ) ;
#2794 = CARTESIAN_POINT ( 'NONE',  ( -13.00000000000000000, 4.500000000000006217, -11.52171862180257200 ) ) ;
#2795 = DIRECTION ( 'NONE',  ( 0.000000000000000000, -1.000000000000000000, 0.000000000000000000 ) ) ;
#2796 = B_SPLINE_CURVE_WITH_KNOTS ( 'NONE', 1,
 ( #4199, #1572 ),
 .UNSPECIFIED., .F., .F.,
 ( 2, 2 ),
 ( 0.000000000000000000, 1.000000000000000000 ),
 .UNSPECIFIED. ) ;
#2797 = VERTEX_POINT ( 'NONE', #3567 ) ;
#2798 = ADVANCED_FACE ( 'NONE', ( #976 ), #1258, .F. ) ;
#2799 = DIRECTION ( 'NONE',  ( 0.000000000000000000, -0.7987925879476792668, -0.6016065171188299532 ) ) ;
#2800 = DIRECTION ( 'NONE',  ( 0.000000000000000000, 0.000000000000000000, 1.000000000000000000 ) ) ;
#2801 = CARTESIAN_POINT ( 'NONE',  ( -14.96733904554593053, 10.71241275996952780, -32.56184033834158242 ) ) ;
#2802 = CONICAL_SURFACE ( 'NONE', #1919, 2.350000000000000533, 0.7853981633974533860 ) ;
#2803 = VERTEX_POINT ( 'NONE', #1882 ) ;
#2804 = ORIENTED_EDGE ( 'NONE', *, *, #4040, .T. ) ;
#2805 = DIRECTION ( 'NONE',  ( 0.000000000000000000, 0.000000000000000000, -1.000000000000000000 ) ) ;
#2806 = DIRECTION ( 'NONE',  ( -0.7071067811865463515, 0.7071067811865487940, 0.000000000000000000 ) ) ;
#2807 = CARTESIAN_POINT ( 'NONE',  ( -12.99999999999999822, 4.346752755504211585, -9.706237798005131978 ) ) ;
#2808 = LINE ( 'NONE', #2065, #2471 ) ;
#2809 = AXIS2_PLACEMENT_3D ( 'NONE', #2670, #4081, #4002 ) ;
#2810 = ORIENTED_EDGE ( 'NONE', *, *, #2180, .T. ) ;
#2811 = DIRECTION ( 'NONE',  ( 0.000000000000000000, 0.000000000000000000, 1.000000000000000000 ) ) ;
#2812 = DIRECTION ( 'NONE',  ( -0.000000000000000000, 0.7987925879476792668, 0.6016065171188299532 ) ) ;
#2813 = ADVANCED_FACE ( 'NONE', ( #1279 ), #3191, .F. ) ;
#2814 = CARTESIAN_POINT ( 'NONE',  ( 13.00000000000000355, 2.642794601715737990, -4.709589352783336125 ) ) ;
#2815 = CARTESIAN_POINT ( 'NONE',  ( -15.64620835356064354, 7.814686091264066548, -34.55585653048417072 ) ) ;
#2816 = CARTESIAN_POINT ( 'NONE',  ( -21.70000000000000995, 28.86909033296248595, -63.35812958638248205 ) ) ;
#2817 = DIRECTION ( 'NONE',  ( 0.000000000000000000, 1.000000000000000000, 0.000000000000000000 ) ) ;
#2818 = CARTESIAN_POINT ( 'NONE',  ( 19.00000000000000000, 62.47005978620111932, 5.324730073291809695 ) ) ;
#2819 = ORIENTED_EDGE ( 'NONE', *, *, #1110, .F. ) ;
#2820 = CARTESIAN_POINT ( 'NONE',  ( 13.00000000000000000, 4.500000000000005329, -11.52171862180292194 ) ) ;
#2821 = DIRECTION ( 'NONE',  ( 0.000000000000000000, 0.9902317035600999295, -0.1394316078386181879 ) ) ;
#2822 = CARTESIAN_POINT ( 'NONE',  ( -15.16130454711732511, 10.79278048578066951, -32.68048915732451576 ) ) ;
#2823 = ORIENTED_EDGE ( 'NONE', *, *, #2022, .T. ) ;
#2824 = DIRECTION ( 'NONE',  ( 0.000000000000000000, -0.6016065171188288430, 0.7987925879476801549 ) ) ;
#2825 = LINE ( 'NONE', #4152, #3532 ) ;
#2826 = EDGE_CURVE ( 'NONE', #3886, #713, #632, .T. ) ;
#2827 = CARTESIAN_POINT ( 'NONE',  ( 19.00000000000000000, 8.324951499605839800, -36.08032364696984473 ) ) ;
#2828 = CARTESIAN_POINT ( 'NONE',  ( -1.514517174866926582E-10, 2.799999999999999822, -1.349999999692181873 ) ) ;
#2829 = EDGE_CURVE ( 'NONE', #288, #1426, #661, .T. ) ;
#2830 = ORIENTED_EDGE ( 'NONE', *, *, #2577, .T. ) ;
#2831 = DIRECTION ( 'NONE',  ( 0.000000000000000000, -0.7987925879476794888, -0.6016065171188299532 ) ) ;
#2832 = LINE ( 'NONE', #3136, #3188 ) ;
#2833 = CARTESIAN_POINT ( 'NONE',  ( 12.99999999999999822, 1.180330935720299346, -1.990904768284078141 ) ) ;
#2834 = CONICAL_SURFACE ( 'NONE', #3390, 1.500000000000004663, 0.7853981633974403964 ) ;
#2835 = CARTESIAN_POINT ( 'NONE',  ( -13.16974921516187003, 6.080846056340206474, -31.40955989117791347 ) ) ;
#2836 = EDGE_CURVE ( 'NONE', #2247, #3048, #174, .T. ) ;
#2837 = DIRECTION ( 'NONE',  ( 4.336808689942011820E-16, -0.6016065171188299532, 0.7987925879476792668 ) ) ;
#2838 = CARTESIAN_POINT ( 'NONE',  ( -13.00000000000000178, 3.501263958624634132, -6.675525453510746665 ) ) ;
#2839 = CARTESIAN_POINT ( 'NONE',  ( -19.00000000000000000, 8.423544535020262458, -35.38012409443657447 ) ) ;
#2840 = ORIENTED_EDGE ( 'NONE', *, *, #1510, .F. ) ;
#2841 = VECTOR ( 'NONE', #561, 1000.000000000000114 ) ;
#2842 = AXIS2_PLACEMENT_3D ( 'NONE', #290, #317, #3913 ) ;
#2843 = EDGE_CURVE ( 'NONE', #307, #1126, #1905, .T. ) ;
#2844 = CARTESIAN_POINT ( 'NONE',  ( 20.00000000000000000, -4.124627726646509451, -59.38317695840988364 ) ) ;
#2845 = DIRECTION ( 'NONE',  ( 0.000000000000000000, -0.6016065171188299532, 0.7987925879476792668 ) ) ;
#2846 = CARTESIAN_POINT ( 'NONE',  ( -14.09316648297138208, 10.27729735098893116, -31.87624383558136643 ) ) ;
#2847 = VECTOR ( 'NONE', #2821, 1000.000000000000227 ) ;
#2848 = VERTEX_POINT ( 'NONE', #4169 ) ;
#2849 = ORIENTED_EDGE ( 'NONE', *, *, #2397, .T. ) ;
#2850 = CARTESIAN_POINT ( 'NONE',  ( -14.37055496385344178, 7.185807822558915703, -34.48131895272525327 ) ) ;
#2851 = AXIS2_PLACEMENT_3D ( 'NONE', #3212, #2266, #225 ) ;
#2852 = CARTESIAN_POINT ( 'NONE',  ( 13.68256210372473269, 6.671479166970322616, -32.67266379728636139 ) ) ;
#2853 = DIRECTION ( 'NONE',  ( -0.000000000000000000, 0.7987925879476793778, 0.6016065171188298422 ) ) ;
#2854 = VERTEX_POINT ( 'NONE', #311 ) ;
#2855 = DIRECTION ( 'NONE',  ( -1.000000000000000000, -0.000000000000000000, -0.000000000000000000 ) ) ;
#2856 = CARTESIAN_POINT ( 'NONE',  ( -20.00000000000000000, -4.124627726646517445, -59.38317695840986943 ) ) ;
#2857 = ADVANCED_FACE ( 'NONE', ( #1239 ), #2286, .F. ) ;
#2858 = CARTESIAN_POINT ( 'NONE',  ( 12.99999999999999822, 1.187050594685407079, -2.002518237561758507 ) ) ;
#2859 = DIRECTION ( 'NONE',  ( -3.252606517456508865E-16, 0.6016065171188300642, -0.7987925879476791557 ) ) ;
#2860 = CARTESIAN_POINT ( 'NONE',  ( -12.98203607340378873, 0.9476523290758239737, -1.860782523538422772 ) ) ;
#2861 = DIRECTION ( 'NONE',  ( 1.000000000000000000, -0.000000000000000000, -0.000000000000000000 ) ) ;
#2862 = ORIENTED_EDGE ( 'NONE', *, *, #1079, .T. ) ;
#2863 = LINE ( 'NONE', #1237, #3399 ) ;
#2864 = CARTESIAN_POINT ( 'NONE',  ( 12.49999999999999467, 4.000000000000000000, 13.00100000000000300 ) ) ;
#2865 = CARTESIAN_POINT ( 'NONE',  ( -1.501040669211631018E-10, 7.500000000000015099, -6.999999999692551711 ) ) ;
#2866 = EDGE_CURVE ( 'NONE', #2854, #4184, #4165, .T. ) ;
#2867 = ORIENTED_EDGE ( 'NONE', *, *, #955, .T. ) ;
#2868 = ORIENTED_EDGE ( 'NONE', *, *, #3708, .F. ) ;
#2869 = DIRECTION ( 'NONE',  ( 0.000000000000000000, -1.000000000000000000, 0.000000000000000000 ) ) ;
#2870 = CARTESIAN_POINT ( 'NONE',  ( 14.96450704405689436, 7.514671840900508215, -34.11329213400571092 ) ) ;
#2871 = CARTESIAN_POINT ( 'NONE',  ( -12.99999999999999645, 2.014208597591109928, -3.482087747067508232 ) ) ;
#2872 = VERTEX_POINT ( 'NONE', #3868 ) ;
#2873 = LINE ( 'NONE', #2936, #3005 ) ;
#2874 = FACE_OUTER_BOUND ( 'NONE', #3356, .T. ) ;
#2875 = AXIS2_PLACEMENT_3D ( 'NONE', #1067, #3016, #767 ) ;
#2876 = EDGE_CURVE ( 'NONE', #2340, #223, #1096, .T. ) ;
#2877 = CARTESIAN_POINT ( 'NONE',  ( 12.99999999999999822, 1.086987340578338568, -1.829983553589399126 ) ) ;
#2878 = CARTESIAN_POINT ( 'NONE',  ( 13.71653714983637329, 10.04345793307882140, -31.47286128064232003 ) ) ;
#2879 = EDGE_CURVE ( 'NONE', #974, #1089, #2228, .T. ) ;
#2880 = CARTESIAN_POINT ( 'NONE',  ( -13.00000000000000178, 3.406668151342632900, -6.432273993293973646 ) ) ;
#2881 = CARTESIAN_POINT ( 'NONE',  ( 12.83982765361032108, 2.678826008846089568, -5.653802851136886076 ) ) ;
#2882 = EDGE_LOOP ( 'NONE', ( #12, #3969, #3343, #4066 ) ) ;
#2883 = DIRECTION ( 'NONE',  ( -0.000000000000000000, 0.7987925879476791557, 0.6016065171188300642 ) ) ;
#2884 = DIRECTION ( 'NONE',  ( 0.000000000000000000, 0.000000000000000000, 1.000000000000000000 ) ) ;
#2885 = CARTESIAN_POINT ( 'NONE',  ( -15.27754373435008795, 10.06123232536409695, -32.52709544201288594 ) ) ;
#2886 = ORIENTED_EDGE ( 'NONE', *, *, #3565, .T. ) ;
#2887 = ORIENTED_EDGE ( 'NONE', *, *, #2323, .T. ) ;
#2888 = CARTESIAN_POINT ( 'NONE',  ( -25.00000000000001066, 10.81992229886328793, -33.57530454308009382 ) ) ;
#2889 = FACE_OUTER_BOUND ( 'NONE', #3128, .T. ) ;
#2890 = CARTESIAN_POINT ( 'NONE',  ( -13.00000000000000000, 1.254980538910522858, -2.120195136262008617 ) ) ;
#2891 = EDGE_CURVE ( 'NONE', #2672, #3852, #3545, .T. ) ;
#2892 = ORIENTED_EDGE ( 'NONE', *, *, #1229, .T. ) ;
#2893 = CARTESIAN_POINT ( 'NONE',  ( -1.514517174866926582E-10, 5.999999999999998224, -1.349999999692181873 ) ) ;
#2894 = CARTESIAN_POINT ( 'NONE',  ( 20.00000000000000000, 19.23536357031985844, -43.91793204942322149 ) ) ;
#2895 = EDGE_CURVE ( 'NONE', #1454, #2677, #2249, .T. ) ;
#2896 = DIRECTION ( 'NONE',  ( -0.000000000000000000, 1.000000000000000000, -0.000000000000000000 ) ) ;
#2897 = DIRECTION ( 'NONE',  ( 0.000000000000000000, 1.000000000000000000, 0.000000000000000000 ) ) ;
#2898 = CARTESIAN_POINT ( 'NONE',  ( -12.57380353385104677, 3.929116979264848819, -10.27380840255837136 ) ) ;
#2899 = CARTESIAN_POINT ( 'NONE',  ( -1.501037791291653071E-10, 6.000000000000000000, -9.349999999692551356 ) ) ;
#2900 = ORIENTED_EDGE ( 'NONE', *, *, #163, .T. ) ;
#2901 = FACE_OUTER_BOUND ( 'NONE', #59, .T. ) ;
#2902 = AXIS2_PLACEMENT_3D ( 'NONE', #3810, #3486, #1460 ) ;
#2903 = CARTESIAN_POINT ( 'NONE',  ( -7.800000000000025580, 4.000000000000000000, -1.431146867680865853E-13 ) ) ;
#2904 = EDGE_CURVE ( 'NONE', #1435, #343, #2174, .T. ) ;
#2905 = CARTESIAN_POINT ( 'NONE',  ( -13.00000000000000000, 8.112578415917012009, -28.10299002502895860 ) ) ;
#2906 = CARTESIAN_POINT ( 'NONE',  ( -14.72234808420417984, 9.792953292859337466, -32.10783751056520430 ) ) ;
#2907 = CONICAL_SURFACE ( 'NONE', #4022, 5.000000000000001776, 0.4363323129985795523 ) ;
#2908 = AXIS2_PLACEMENT_3D ( 'NONE', #2919, #3531, #926 ) ;
#2909 = ORIENTED_EDGE ( 'NONE', *, *, #3020, .T. ) ;
#2910 = CARTESIAN_POINT ( 'NONE',  ( -21.69999999999999929, 24.04821570727049718, -50.30827275300465828 ) ) ;
#2911 = DIRECTION ( 'NONE',  ( 0.000000000000000000, -0.6016065171188291760, 0.7987925879476798219 ) ) ;
#2912 = CARTESIAN_POINT ( 'NONE',  ( -13.00000000000000178, 3.394970077630222960, -6.406498373676272173 ) ) ;
#2913 = CARTESIAN_POINT ( 'NONE',  ( 14.28934813857007669, 7.129896458798506309, -33.49624268627579937 ) ) ;
#2914 = VECTOR ( 'NONE', #45, 1000.000000000000000 ) ;
#2915 = ORIENTED_EDGE ( 'NONE', *, *, #1510, .T. ) ;
#2916 = EDGE_CURVE ( 'NONE', #2479, #2274, #3695, .T. ) ;
#2917 = VECTOR ( 'NONE', #3029, 1000.000000000000000 ) ;
#2918 = LINE ( 'NONE', #3898, #822 ) ;
#2919 = CARTESIAN_POINT ( 'NONE',  ( -7.800000000000025580, 4.000000000000000000, -1.431146867680865853E-13 ) ) ;
#2920 = CARTESIAN_POINT ( 'NONE',  ( -5.000000000000000888, 17.15850284165588846, -45.48210899393216522 ) ) ;
#2921 = ADVANCED_FACE ( 'NONE', ( #3010 ), #394, .F. ) ;
#2922 = CARTESIAN_POINT ( 'NONE',  ( -15.63097672355157819, 7.809821953016928830, -34.54925761272119189 ) ) ;
#2923 = CARTESIAN_POINT ( 'NONE',  ( 15.16130454711404418, 10.79278048577933369, -32.68048915732256177 ) ) ;
#2924 = CARTESIAN_POINT ( 'NONE',  ( 12.90467678610952262, 2.091780915355935022, -4.262853002820624404 ) ) ;
#2925 = ORIENTED_EDGE ( 'NONE', *, *, #2280, .F. ) ;
#2926 = CARTESIAN_POINT ( 'NONE',  ( -12.99741951129782791, 0.3484045782359651011, -0.6801308623897007744 ) ) ;
#2927 = CARTESIAN_POINT ( 'NONE',  ( 20.00000000000000000, -3.101896647544500674, -60.74112435792093834 ) ) ;
#2928 = CARTESIAN_POINT ( 'NONE',  ( -13.61022862717230630, 9.039034475478016972, -30.71075118461800812 ) ) ;
#2929 = ORIENTED_EDGE ( 'NONE', *, *, #773, .F. ) ;
#2930 = EDGE_LOOP ( 'NONE', ( #1886, #688, #3659, #2523 ) ) ;
#2931 = CARTESIAN_POINT ( 'NONE',  ( -14.10292223525044797, 7.022289292604064315, -34.22051125530938975 ) ) ;
#2932 = CARTESIAN_POINT ( 'NONE',  ( 14.14804427153069000, 7.035928944538156316, -33.33654226976036483 ) ) ;
#2933 = CARTESIAN_POINT ( 'NONE',  ( -13.00000000000000000, 3.614432292050842488, -6.985240726896087438 ) ) ;
#2934 = CARTESIAN_POINT ( 'NONE',  ( 15.05460817484313196, 7.559462792121293795, -34.18163856331236161 ) ) ;
#2935 = EDGE_LOOP ( 'NONE', ( #1220, #2372, #4106, #863 ) ) ;
#2936 = CARTESIAN_POINT ( 'NONE',  ( -12.49999999999999467, 4.000000000000000000, 13.00100000000000300 ) ) ;
#2937 = B_SPLINE_CURVE_WITH_KNOTS ( 'NONE', 1,
 ( #419, #2122 ),
 .UNSPECIFIED., .F., .F.,
 ( 2, 2 ),
 ( 0.000000000000000000, 1.000000000000000000 ),
 .UNSPECIFIED. ) ;
#2938 = CARTESIAN_POINT ( 'NONE',  ( -1.501040669211631018E-10, 6.000000000000000000, -6.999999999692551711 ) ) ;
#2939 = CARTESIAN_POINT ( 'NONE',  ( -1.501040669211631018E-10, 8.000000000000000000, -4.149999999692560948 ) ) ;
#2940 = AXIS2_PLACEMENT_3D ( 'NONE', #3135, #124, #3445 ) ;
#2941 = CARTESIAN_POINT ( 'NONE',  ( -14.77563147420334388, 7.416833614119182627, -33.96188657012890388 ) ) ;
#2942 = CARTESIAN_POINT ( 'NONE',  ( 13.60109087359966829, 9.964679558168333173, -31.33086352014715459 ) ) ;
#2943 = TOROIDAL_SURFACE ( 'NONE', #1856, 17.00000000000000000, 4.000000000000000000 ) ;
#2944 = CARTESIAN_POINT ( 'NONE',  ( 12.58485526460159498, 3.904267320622647031, -10.08940802410034365 ) ) ;
#2945 = EDGE_CURVE ( 'NONE', #2797, #1170, #313, .T. ) ;
#2946 = ORIENTED_EDGE ( 'NONE', *, *, #2626, .T. ) ;
#2947 = CARTESIAN_POINT ( 'NONE',  ( -12.69017606883947380, 3.562242969583899743, -8.330445732430696637 ) ) ;
#2948 = CARTESIAN_POINT ( 'NONE',  ( -21.69999999999999929, 1.710955489406137175, -67.13146506150236803 ) ) ;
#2949 = CARTESIAN_POINT ( 'NONE',  ( -12.52132012157933438, 8.773292561476388585, -28.57257065877824331 ) ) ;
#2950 = EDGE_LOOP ( 'NONE', ( #2049, #3984, #2290, #1226 ) ) ;
#2951 = ORIENTED_EDGE ( 'NONE', *, *, #1958, .T. ) ;
#2952 = CARTESIAN_POINT ( 'NONE',  ( -14.72582552274670675, 7.370471141486103051, -34.76049742683355959 ) ) ;
#2953 = PLANE ( 'NONE',  #2978 ) ;
#2954 = CARTESIAN_POINT ( 'NONE',  ( -12.99999999999999822, 1.598795752368141088, -2.725072476227228702 ) ) ;
#2955 = CARTESIAN_POINT ( 'NONE',  ( 16.42088082671909888, 8.074497881747513262, -34.91618784275600973 ) ) ;
#2956 = ORIENTED_EDGE ( 'NONE', *, *, #3047, .F. ) ;
#2957 = CARTESIAN_POINT ( 'NONE',  ( 7.039682604951752835E-16, 17.15850284165588491, -45.48210899393216522 ) ) ;
#2958 = CARTESIAN_POINT ( 'NONE',  ( -15.10200255732960528, 9.981573475625898695, -32.40568322696876180 ) ) ;
#2959 = DIRECTION ( 'NONE',  ( -1.000000000000000000, 0.000000000000000000, 0.000000000000000000 ) ) ;
#2960 = ADVANCED_FACE ( 'NONE', ( #71 ), #3334, .F. ) ;
#2961 = CARTESIAN_POINT ( 'NONE',  ( -13.00000000000000000, 5.569582938477553036, -30.01823395106736214 ) ) ;
#2962 = CARTESIAN_POINT ( 'NONE',  ( 13.00000000000000000, 5.569582938477564582, -30.01823395106735148 ) ) ;
#2963 = CARTESIAN_POINT ( 'NONE',  ( 12.73866514986338672, 3.331116332489746590, -7.503797073106962756 ) ) ;
#2964 = EDGE_LOOP ( 'NONE', ( #3645, #3417, #3123, #3386 ) ) ;
#2965 = DIRECTION ( 'NONE',  ( 0.000000000000000000, 0.6016065171188290650, -0.7987925879476799329 ) ) ;
#2966 = EDGE_CURVE ( 'NONE', #384, #2053, #3122, .T. ) ;
#2967 = CARTESIAN_POINT ( 'NONE',  ( -12.84283261434926438, 2.655279533816481852, -5.594432305542729189 ) ) ;
#2968 = DIRECTION ( 'NONE',  ( 0.000000000000000000, 0.000000000000000000, 1.000000000000000000 ) ) ;
#2969 = CARTESIAN_POINT ( 'NONE',  ( -12.50000000000000355, 8.594015433616521094, -27.96801447913775718 ) ) ;
#2970 = VECTOR ( 'NONE', #3468, 1000.000000000000000 ) ;
#2971 = ORIENTED_EDGE ( 'NONE', *, *, #3266, .T. ) ;
#2972 = EDGE_CURVE ( 'NONE', #2079, #2053, #1060, .T. ) ;
#2973 = CARTESIAN_POINT ( 'NONE',  ( -12.94657983577389793, 6.063011493604102853, -32.49585847864695864 ) ) ;
#2974 = PLANE ( 'NONE',  #3396 ) ;
#2975 = DIRECTION ( 'NONE',  ( 0.000000000000000000, 0.000000000000000000, 1.000000000000000000 ) ) ;
#2976 = CARTESIAN_POINT ( 'NONE',  ( 13.52576838651946289, 6.522007152340867364, -32.37714599318549347 ) ) ;
#2977 = AXIS2_PLACEMENT_3D ( 'NONE', #3705, #3727, #2679 ) ;
#2978 = AXIS2_PLACEMENT_3D ( 'NONE', #2352, #722, #3344 ) ;
#2979 = CONICAL_SURFACE ( 'NONE', #3540, 2.350000000000000089, 0.7853981633974539411 ) ;
#2980 = ORIENTED_EDGE ( 'NONE', *, *, #2836, .T. ) ;
#2981 = ORIENTED_EDGE ( 'NONE', *, *, #4133, .T. ) ;
#2982 = LINE ( 'NONE', #3310, #1922 ) ;
#2983 = VECTOR ( 'NONE', #121, 1000.000000000000114 ) ;
#2984 = CARTESIAN_POINT ( 'NONE',  ( -15.21731027898302813, 10.03451706459711623, -32.48672680374409083 ) ) ;
#2985 = CARTESIAN_POINT ( 'NONE',  ( -25.00000000000000711, 82.11178884387949495, -20.75488698419918521 ) ) ;
#2986 = AXIS2_PLACEMENT_3D ( 'NONE', #160, #3456, #1477 ) ;
#2987 = CARTESIAN_POINT ( 'NONE',  ( 13.00000000000000000, 4.349379469005999255, -9.736337375160367458 ) ) ;
#2988 = CARTESIAN_POINT ( 'NONE',  ( 13.28359600198450252, 8.705546811501706728, -29.94024183425544550 ) ) ;
#2989 = VERTEX_POINT ( 'NONE', #3981 ) ;
#2990 = DIRECTION ( 'NONE',  ( 0.000000000000000000, 1.000000000000000000, 0.000000000000000000 ) ) ;
#2991 = CARTESIAN_POINT ( 'NONE',  ( -12.90787645896285518, 2.057428891679432326, -4.186088285258481534 ) ) ;
#2992 = PLANE ( 'NONE',  #1894 ) ;
#2993 = FACE_BOUND ( 'NONE', #1536, .T. ) ;
#2994 = VERTEX_POINT ( 'NONE', #2051 ) ;
#2995 = DIRECTION ( 'NONE',  ( 3.464210636872771491E-16, 0.000000000000000000, 1.000000000000000000 ) ) ;
#2996 = CARTESIAN_POINT ( 'NONE',  ( -13.00000000000000178, 0.1567235829262068059, -0.2612441313345744698 ) ) ;
#2997 = CARTESIAN_POINT ( 'NONE',  ( 12.72294342300912895, 5.759549421368563848, -31.85199124944069382 ) ) ;
#2998 = EDGE_CURVE ( 'NONE', #3944, #211, #3754, .T. ) ;
#2999 = EDGE_LOOP ( 'NONE', ( #89, #695, #2078, #1396 ) ) ;
#3000 = CARTESIAN_POINT ( 'NONE',  ( -19.00000000000000000, 11.52012185139653688, -33.67389757849451115 ) ) ;
#3001 = CARTESIAN_POINT ( 'NONE',  ( -1.501113916175680507E-10, 31.76345742619379564, -6.999999999692554375 ) ) ;
#3002 = DIRECTION ( 'NONE',  ( 0.000000000000000000, -1.000000000000000000, 0.000000000000000000 ) ) ;
#3003 = DIRECTION ( 'NONE',  ( 0.9063077870366513800, -0.3375843350098005624, -0.2542499005166348747 ) ) ;
#3004 = ORIENTED_EDGE ( 'NONE', *, *, #1219, .T. ) ;
#3005 = VECTOR ( 'NONE', #2536, 1000.000000000000000 ) ;
#3006 = CARTESIAN_POINT ( 'NONE',  ( -1.745325337799533004E-15, 1.710955489406137175, -67.13146506150236803 ) ) ;
#3007 = ADVANCED_FACE ( 'NONE', ( #718 ), #2992, .F. ) ;
#3008 = ORIENTED_EDGE ( 'NONE', *, *, #1207, .F. ) ;
#3009 = CARTESIAN_POINT ( 'NONE',  ( -12.93022718576584928, 1.797584851002931527, -3.617143694099397955 ) ) ;
#3010 = FACE_OUTER_BOUND ( 'NONE', #663, .T. ) ;
#3011 = CARTESIAN_POINT ( 'NONE',  ( 26.99999999999999289, 62.47005978620111932, 5.324730073291809695 ) ) ;
#3012 = CIRCLE ( 'NONE', #4192, 2.850000000000019185 ) ;
#3013 = ORIENTED_EDGE ( 'NONE', *, *, #293, .T. ) ;
#3014 = FACE_OUTER_BOUND ( 'NONE', #3301, .T. ) ;
#3015 = DIRECTION ( 'NONE',  ( -0.000000000000000000, 0.7987925879476792668, 0.6016065171188299532 ) ) ;
#3016 = DIRECTION ( 'NONE',  ( -0.000000000000000000, -1.000000000000000000, -0.000000000000000000 ) ) ;
#3017 = ORIENTED_EDGE ( 'NONE', *, *, #1727, .T. ) ;
#3018 = ORIENTED_EDGE ( 'NONE', *, *, #3833, .T. ) ;
#3019 = FACE_OUTER_BOUND ( 'NONE', #3286, .T. ) ;
#3020 = EDGE_CURVE ( 'NONE', #1902, #2684, #2030, .T. ) ;
#3021 = CARTESIAN_POINT ( 'NONE',  ( -14.50847608919704079, 9.672957977622633763, -31.90813510037009237 ) ) ;
#3022 = CARTESIAN_POINT ( 'NONE',  ( 13.00000000000000000, 4.500000000000005329, -11.52171862180292194 ) ) ;
#3023 = EDGE_CURVE ( 'NONE', #3590, #2047, #414, .T. ) ;
#3024 = CARTESIAN_POINT ( 'NONE',  ( 13.43271470063398532, 8.869900132297626527, -30.33492011041826331 ) ) ;
#3025 = ORIENTED_EDGE ( 'NONE', *, *, #3342, .F. ) ;
#3026 = CARTESIAN_POINT ( 'NONE',  ( 19.00000000000000000, 7.609679490124145573, -28.48174575683460574 ) ) ;
#3027 = ORIENTED_EDGE ( 'NONE', *, *, #471, .F. ) ;
#3028 = DIRECTION ( 'NONE',  ( 0.000000000000000000, 1.000000000000000000, 0.000000000000000000 ) ) ;
#3029 = DIRECTION ( 'NONE',  ( -0.000000000000000000, -1.000000000000000000, -0.000000000000000000 ) ) ;
#3030 = CARTESIAN_POINT ( 'NONE',  ( 26.99999999999999289, 12.02313533310094229, -35.17288971897545480 ) ) ;
#3031 = VERTEX_POINT ( 'NONE', #2032 ) ;
#3032 = ADVANCED_FACE ( 'NONE', ( #3717, #9 ), #1987, .T. ) ;
#3033 = CARTESIAN_POINT ( 'NONE',  ( 15.27460446219972390, 7.661181452824664007, -34.33353494580924092 ) ) ;
#3034 = CARTESIAN_POINT ( 'NONE',  ( -25.00000000000001066, 12.02313533310094051, -35.17288971897545480 ) ) ;
#3035 = CARTESIAN_POINT ( 'NONE',  ( 13.10694347024369044, 5.970258969422316930, -31.13983938628781445 ) ) ;
#3036 = AXIS2_PLACEMENT_3D ( 'NONE', #2235, #2589, #289 ) ;
#3037 = ORIENTED_EDGE ( 'NONE', *, *, #3383, .F. ) ;
#3038 = DIRECTION ( 'NONE',  ( 0.000000000000000000, 0.7987925879476801549, 0.6016065171188289540 ) ) ;
#3039 = CARTESIAN_POINT ( 'NONE',  ( -13.67429956881859887, 9.094666866848605480, -30.82783452825214354 ) ) ;
#3040 = CARTESIAN_POINT ( 'NONE',  ( -1.514517174866926582E-10, 31.76345742619379564, -1.349999999692181873 ) ) ;
#3041 = CARTESIAN_POINT ( 'NONE',  ( 12.98570145182828917, 0.8200500517419576640, -1.608873977427005997 ) ) ;
#3042 = EDGE_CURVE ( 'NONE', #227, #3263, #2331, .T. ) ;
#3043 = AXIS2_PLACEMENT_3D ( 'NONE', #2277, #1592, #1228 ) ;
#3044 = AXIS2_PLACEMENT_3D ( 'NONE', #1413, #4045, #1971 ) ;
#3045 = CARTESIAN_POINT ( 'NONE',  ( 15.54861080757350500, 10.17430117850856774, -32.69459868359878385 ) ) ;
#3046 = VECTOR ( 'NONE', #4161, 1000.000000000000000 ) ;
#3047 = EDGE_CURVE ( 'NONE', #211, #3944, #2442, .T. ) ;
#3048 = VERTEX_POINT ( 'NONE', #30 ) ;
#3049 = DIRECTION ( 'NONE',  ( 1.000000000000000000, -0.000000000000000000, -0.000000000000000000 ) ) ;
#3050 = ORIENTED_EDGE ( 'NONE', *, *, #4242, .T. ) ;
#3051 = AXIS2_PLACEMENT_3D ( 'NONE', #1944, #1217, #611 ) ;
#3052 = CARTESIAN_POINT ( 'NONE',  ( -16.49999999999997868, 8.024148241046415109, -35.68092735299598672 ) ) ;
#3053 = CARTESIAN_POINT ( 'NONE',  ( -16.50000000000005684, 11.21931859283713351, -33.27450128452068867 ) ) ;
#3054 = CARTESIAN_POINT ( 'NONE',  ( 13.00000000000000000, 24.00000000000000000, -23.64879701061940764 ) ) ;
#3055 = CARTESIAN_POINT ( 'NONE',  ( -13.10446854903671721, 8.451588359791140093, -29.25473839789770381 ) ) ;
#3056 = ORIENTED_EDGE ( 'NONE', *, *, #1927, .T. ) ;
#3057 = DIRECTION ( 'NONE',  ( -0.000000000000000000, 0.7987925879476791557, 0.6016065171188300642 ) ) ;
#3058 = DIRECTION ( 'NONE',  ( -0.000000000000000000, -1.000000000000000000, -0.000000000000000000 ) ) ;
#3059 = CARTESIAN_POINT ( 'NONE',  ( 14.60351226216872078, 9.727070090967416149, -31.99885065344133039 ) ) ;
#3060 = ADVANCED_FACE ( 'NONE', ( #1368 ), #2388, .T. ) ;
#3061 = ORIENTED_EDGE ( 'NONE', *, *, #1035, .T. ) ;
#3062 = VERTEX_POINT ( 'NONE', #2669 ) ;
#3063 = DIRECTION ( 'NONE',  ( 0.000000000000000000, 0.6016065171188299532, -0.7987925879476792668 ) ) ;
#3064 = CARTESIAN_POINT ( 'NONE',  ( -12.49999999999999467, 4.000000000000000000, -23.64879701061938988 ) ) ;
#3065 = FACE_OUTER_BOUND ( 'NONE', #1798, .T. ) ;
#3066 =( NAMED_UNIT ( * ) PLANE_ANGLE_UNIT ( ) SI_UNIT ( $, .RADIAN. ) );
#3067 = ADVANCED_FACE ( 'NONE', ( #333 ), #1140, .T. ) ;
#3068 = LINE ( 'NONE', #4072, #3575 ) ;
#3069 = CARTESIAN_POINT ( 'NONE',  ( 15.21918500033480193, 10.03537348667142481, -32.48803497430000675 ) ) ;
#3070 = ORIENTED_EDGE ( 'NONE', *, *, #2136, .F. ) ;
#3071 = CARTESIAN_POINT ( 'NONE',  ( -18.30000000000000071, 16.04019321852913649, -46.32435811789853375 ) ) ;
#3072 = ORIENTED_EDGE ( 'NONE', *, *, #1010, .T. ) ;
#3073 = CARTESIAN_POINT ( 'NONE',  ( -12.50002256635099585, 5.206021621898898388, -30.49698709872722802 ) ) ;
#3074 = EDGE_CURVE ( 'NONE', #3835, #1076, #1040, .T. ) ;
#3075 = LINE ( 'NONE', #1081, #3539 ) ;
#3076 = PLANE ( 'NONE',  #3758 ) ;
#3077 = DIRECTION ( 'NONE',  ( 0.000000000000000000, -0.7987925879476793778, -0.6016065171188298422 ) ) ;
#3078 = PRESENTATION_LAYER_ASSIGNMENT (  '', '', ( #3433 ) ) ;
#3079 = EDGE_LOOP ( 'NONE', ( #2146, #2105, #3392, #3585 ) ) ;
#3080 = CARTESIAN_POINT ( 'NONE',  ( 12.52936923359916221, 3.990519719589044279, -11.02090856714790768 ) ) ;
#3081 = CIRCLE ( 'NONE', #1788, 10.05000000000000071 ) ;
#3082 = CARTESIAN_POINT ( 'NONE',  ( 0.000000000000000000, 7.499999999999986677, 0.000000000000000000 ) ) ;
#3083 = CARTESIAN_POINT ( 'NONE',  ( 15.73020724412925730, 10.24461623102276597, -32.79642385120681780 ) ) ;
#3084 = VECTOR ( 'NONE', #4, 1000.000000000000000 ) ;
#3085 = ORIENTED_EDGE ( 'NONE', *, *, #2626, .F. ) ;
#3086 = FACE_OUTER_BOUND ( 'NONE', #185, .T. ) ;
#3087 = PLANE ( 'NONE',  #2168 ) ;
#3088 = DIRECTION ( 'NONE',  ( 0.000000000000000000, 0.6016065171188369476, -0.7987925879476740487 ) ) ;
#3089 = CARTESIAN_POINT ( 'NONE',  ( 12.96863995028164140, 1.210953106724444339, -2.393767601968408432 ) ) ;
#3090 = CARTESIAN_POINT ( 'NONE',  ( 24.99999999999999289, 9.227361275284083675, -37.27851252889134059 ) ) ;
#3091 = EDGE_CURVE ( 'NONE', #321, #3943, #1897, .T. ) ;
#3092 = ORIENTED_EDGE ( 'NONE', *, *, #3693, .F. ) ;
#3093 = CARTESIAN_POINT ( 'NONE',  ( 12.99999999999999822, 0.2382515823126939158, -0.3972624474412247420 ) ) ;
#3094 = VERTEX_POINT ( 'NONE', #201 ) ;
#3095 = CARTESIAN_POINT ( 'NONE',  ( -14.06741945410353978, 6.978015741079127920, -33.23505680343567548 ) ) ;
#3096 = CARTESIAN_POINT ( 'NONE',  ( 0.000000000000000000, 6.000000000000000000, 0.000000000000000000 ) ) ;
#3097 = CARTESIAN_POINT ( 'NONE',  ( -3.955169525227120175E-13, 8.000000000000000000, 7.000000000000011546 ) ) ;
#3098 = CARTESIAN_POINT ( 'NONE',  ( -1.501037791291653071E-10, 6.000000000000000000, -9.349999999692551356 ) ) ;
#3099 = ORIENTED_EDGE ( 'NONE', *, *, #2566, .F. ) ;
#3100 = CARTESIAN_POINT ( 'NONE',  ( 13.00000000000000178, 4.299740346001263980, -9.440218444318661639 ) ) ;
#3101 = DIRECTION ( 'NONE',  ( -3.252606517456509358E-16, 0.6016065171188300642, -0.7987925879476791557 ) ) ;
#3102 = CARTESIAN_POINT ( 'NONE',  ( 13.15306301385566101, 6.052931916819010993, -31.34241402604895299 ) ) ;
#3103 = ADVANCED_FACE ( 'NONE', ( #2411 ), #3076, .T. ) ;
#3104 = EDGE_LOOP ( 'NONE', ( #3134, #3061, #1078, #1928 ) ) ;
#3105 = ORIENTED_EDGE ( 'NONE', *, *, #830, .T. ) ;
#3106 = FACE_OUTER_BOUND ( 'NONE', #3897, .T. ) ;
#3107 = DIRECTION ( 'NONE',  ( 0.000000000000000000, -0.7987925879476792668, -0.6016065171188300642 ) ) ;
#3108 = CARTESIAN_POINT ( 'NONE',  ( 15.36208892720123842, 7.658769449393270534, -35.18109279914379783 ) ) ;
#3109 = CARTESIAN_POINT ( 'NONE',  ( 12.98072419924761256, 0.9522869261752651138, -1.872309575053571873 ) ) ;
#3110 = AXIS2_PLACEMENT_3D ( 'NONE', #753, #2066, #3401 ) ;
#3111 =( NAMED_UNIT ( * ) SI_UNIT ( $, .STERADIAN. ) SOLID_ANGLE_UNIT ( ) );
#3112 = LINE ( 'NONE', #494, #2970 ) ;
#3113 = VECTOR ( 'NONE', #2621, 1000.000000000000114 ) ;
#3114 = AXIS2_PLACEMENT_3D ( 'NONE', #3760, #2475, #3734 ) ;
#3115 = CARTESIAN_POINT ( 'NONE',  ( 13.00000000000000178, 3.579392020271259689, -6.889116116077009799 ) ) ;
#3116 = CIRCLE ( 'NONE', #3821, 19.99999999999999645 ) ;
#3117 = CARTESIAN_POINT ( 'NONE',  ( -14.62812118752215085, 7.336414021484961800, -33.83534944942334732 ) ) ;
#3118 = FACE_OUTER_BOUND ( 'NONE', #3194, .T. ) ;
#3119 = CIRCLE ( 'NONE', #791, 1.999999999999998890 ) ;
#3120 = FACE_OUTER_BOUND ( 'NONE', #878, .T. ) ;
#3121 = LINE ( 'NONE', #1816, #1989 ) ;
#3122 = CIRCLE ( 'NONE', #3891, 2.849999999999990763 ) ;
#3123 = ORIENTED_EDGE ( 'NONE', *, *, #715, .F. ) ;
#3124 = CARTESIAN_POINT ( 'NONE',  ( 12.66292786676009285, 3.674025725591421043, -8.788264532854858757 ) ) ;
#3125 = DIRECTION ( 'NONE',  ( -0.000000000000000000, -1.000000000000000000, -0.000000000000000000 ) ) ;
#3126 = CARTESIAN_POINT ( 'NONE',  ( -16.35086022647832138, 11.18306600368789283, -33.22636541412158095 ) ) ;
#3127 = ORIENTED_EDGE ( 'NONE', *, *, #1445, .F. ) ;
#3128 = EDGE_LOOP ( 'NONE', ( #41, #4028, #3484, #2583, #2162, #2463 ) ) ;
#3129 = FACE_OUTER_BOUND ( 'NONE', #643, .T. ) ;
#3130 = DIRECTION ( 'NONE',  ( 1.000000000000000000, 0.000000000000000000, -0.000000000000000000 ) ) ;
#3131 = DIRECTION ( 'NONE',  ( 0.000000000000000000, 0.7987925879476767133, 0.6016065171188335059 ) ) ;
#3132 = ADVANCED_FACE ( 'NONE', ( #1751 ), #499, .T. ) ;
#3133 = CARTESIAN_POINT ( 'NONE',  ( 12.93018674633486498, 1.797190893333298733, -3.616676483535711029 ) ) ;
#3134 = ORIENTED_EDGE ( 'NONE', *, *, #2533, .F. ) ;
#3135 = CARTESIAN_POINT ( 'NONE',  ( 0.000000000000000000, 2.799999999999999822, 0.000000000000000000 ) ) ;
#3136 = CARTESIAN_POINT ( 'NONE',  ( 5.000000000000001776, -3.101896647544507335, -60.74112435792092413 ) ) ;
#3137 = CARTESIAN_POINT ( 'NONE',  ( 13.00000000000000000, 1.574004903832750379, -2.680884222583892473 ) ) ;
#3138 = CARTESIAN_POINT ( 'NONE',  ( -14.54200625071566932, 7.285664401482406127, -33.75311603649911518 ) ) ;
#3139 = DIRECTION ( 'NONE',  ( 0.000000000000000000, 0.4697020421675071056, 0.8828250062065943204 ) ) ;
#3140 = CARTESIAN_POINT ( 'NONE',  ( -1.501113916175680507E-10, 5.999999999999998224, -6.999999999692554375 ) ) ;
#3141 = DIRECTION ( 'NONE',  ( 0.000000000000000000, -0.7987925879476794888, -0.6016065171188299532 ) ) ;
#3142 = CARTESIAN_POINT ( 'NONE',  ( 13.23316159108939516, 9.683148434588755293, -30.79348950489688619 ) ) ;
#3143 = EDGE_CURVE ( 'NONE', #1893, #2989, #1985, .T. ) ;
#3144 = ORIENTED_EDGE ( 'NONE', *, *, #1219, .F. ) ;
#3145 = FACE_OUTER_BOUND ( 'NONE', #2714, .T. ) ;
#3146 = CARTESIAN_POINT ( 'NONE',  ( 7.039682604951752835E-16, 19.23536357031985133, -43.91793204942321438 ) ) ;
#3147 = DIRECTION ( 'NONE',  ( -0.000000000000000000, -1.000000000000000000, -0.000000000000000000 ) ) ;
#3148 = CIRCLE ( 'NONE', #3851, 16.00000000000000000 ) ;
#3149 = ORIENTED_EDGE ( 'NONE', *, *, #1185, .F. ) ;
#3150 = EDGE_LOOP ( 'NONE', ( #4036, #2810, #1549, #2849 ) ) ;
#3151 = CIRCLE ( 'NONE', #128, 5.000000000000002665 ) ;
#3152 = CARTESIAN_POINT ( 'NONE',  ( -21.69999999999999929, 19.23536357031985133, -43.91793204942321438 ) ) ;
#3153 = DIRECTION ( 'NONE',  ( -0.000000000000000000, -0.7987925879476741597, -0.6016065171188368366 ) ) ;
#3154 = CARTESIAN_POINT ( 'NONE',  ( 13.74896233790591538, 6.786381458672025246, -33.83254615748944616 ) ) ;
#3155 = AXIS2_PLACEMENT_3D ( 'NONE', #607, #2308, #675 ) ;
#3156 = VERTEX_POINT ( 'NONE', #109 ) ;
#3157 = ADVANCED_FACE ( 'NONE', ( #1123 ), #828, .F. ) ;
#3158 = CYLINDRICAL_SURFACE ( 'NONE', #2464, 2.000000000000001776 ) ;
#3159 = CARTESIAN_POINT ( 'NONE',  ( 26.99999999999999289, 12.02313533310093341, -35.17288971897546190 ) ) ;
#3160 = EDGE_CURVE ( 'NONE', #1215, #127, #1187, .T. ) ;
#3161 = CARTESIAN_POINT ( 'NONE',  ( 13.00000000000000000, 0.7864589038739253635, -1.317658895328657653 ) ) ;
#3162 = CARTESIAN_POINT ( 'NONE',  ( -14.47962052484652595, 7.248898943264835637, -33.69354234261236059 ) ) ;
#3163 = CARTESIAN_POINT ( 'NONE',  ( -12.50000000000000355, 8.594015433616521094, -27.96801447913775718 ) ) ;
#3164 = CARTESIAN_POINT ( 'NONE',  ( -12.82932085190150673, 2.761205326085183653, -5.861460728068142778 ) ) ;
#3165 = DIRECTION ( 'NONE',  ( 0.000000000000000000, 0.000000000000000000, -1.000000000000000000 ) ) ;
#3166 = EDGE_LOOP ( 'NONE', ( #3548, #4132 ) ) ;
#3167 = CARTESIAN_POINT ( 'NONE',  ( -12.99190925522910689, 0.6176488586566071248, -1.208535646540829678 ) ) ;
#3168 = CARTESIAN_POINT ( 'NONE',  ( -1.501040669211631018E-10, 6.000000000000000000, -6.999999999692551711 ) ) ;
#3169 = FACE_OUTER_BOUND ( 'NONE', #420, .T. ) ;
#3170 = VERTEX_POINT ( 'NONE', #2455 ) ;
#3171 = EDGE_CURVE ( 'NONE', #1499, #1704, #1472, .T. ) ;
#3172 = VERTEX_POINT ( 'NONE', #2751 ) ;
#3173 = CARTESIAN_POINT ( 'NONE',  ( -12.50553029361488377, 5.207757599746408061, -30.49560867688281007 ) ) ;
#3174 = CARTESIAN_POINT ( 'NONE',  ( 13.00000000000000000, 5.615805566100076085, -30.16325705266493529 ) ) ;
#3175 = CARTESIAN_POINT ( 'NONE',  ( -13.00000000000000000, 4.387669775051476151, -9.988737477602393611 ) ) ;
#3176 = ORIENTED_EDGE ( 'NONE', *, *, #823, .T. ) ;
#3177 = AXIS2_PLACEMENT_3D ( 'NONE', #1849, #3153, #3838 ) ;
#3178 = FACE_OUTER_BOUND ( 'NONE', #4067, .T. ) ;
#3179 = CARTESIAN_POINT ( 'NONE',  ( -19.00000000000000000, 8.324951499605841576, -36.08032364696985184 ) ) ;
#3180 = AXIS2_PLACEMENT_3D ( 'NONE', #2570, #2869, #4193 ) ;
#3181 = CARTESIAN_POINT ( 'NONE',  ( 13.00000000000000000, 3.946762665370352252, -7.992167488026358235 ) ) ;
#3182 = CARTESIAN_POINT ( 'NONE',  ( -13.00002083047784929, 5.661543080866504596, -30.30675811679661535 ) ) ;
#3183 = CARTESIAN_POINT ( 'NONE',  ( -12.99999999999999645, 0.2682197966719859772, -0.4470338168362546494 ) ) ;
#3184 = CARTESIAN_POINT ( 'NONE',  ( -1.501040669211631018E-10, 7.500000000000015099, -6.999999999692551711 ) ) ;
#3185 = EDGE_CURVE ( 'NONE', #164, #1893, #2729, .T. ) ;
#3186 = AXIS2_PLACEMENT_3D ( 'NONE', #272, #3940, #964 ) ;
#3187 = ORIENTED_EDGE ( 'NONE', *, *, #81, .F. ) ;
#3188 = VECTOR ( 'NONE', #4097, 1000.000000000000000 ) ;
#3189 = CIRCLE ( 'NONE', #1616, 13.00000000000000178 ) ;
#3190 = CARTESIAN_POINT ( 'NONE',  ( 13.00000000000000000, 3.106355991846054376, -5.710777276361179489 ) ) ;
#3191 = CYLINDRICAL_SURFACE ( 'NONE', #3264, 2.350000000000000533 ) ;
#3192 = CARTESIAN_POINT ( 'NONE',  ( -18.30000000000000426, 24.04821570727049718, -50.30827275300465828 ) ) ;
#3193 = AXIS2_PLACEMENT_3D ( 'NONE', #1709, #1346, #87 ) ;
#3194 = EDGE_LOOP ( 'NONE', ( #2314, #1781, #855, #1998 ) ) ;
#3195 = EDGE_LOOP ( 'NONE', ( #1887, #2956 ) ) ;
#3196 = CARTESIAN_POINT ( 'NONE',  ( -16.49999999999994671, 8.024148241046413332, -35.68092735299598672 ) ) ;
#3197 = AXIS2_PLACEMENT_3D ( 'NONE', #2711, #3340, #697 ) ;
#3198 = CARTESIAN_POINT ( 'NONE',  ( 14.72234248050261129, 7.388871490969082245, -33.91842646076140255 ) ) ;
#3199 = CARTESIAN_POINT ( 'NONE',  ( -13.00000000000000533, 1.134927882638463670, -1.912355787414300679 ) ) ;
#3200 = EDGE_CURVE ( 'NONE', #2340, #2124, #3148, .T. ) ;
#3201 = VERTEX_POINT ( 'NONE', #2072 ) ;
#3202 = CARTESIAN_POINT ( 'NONE',  ( 2.877919977996279827E-16, 7.499999999999986677, -2.350000000000000089 ) ) ;
#3203 = DIRECTION ( 'NONE',  ( 0.000000000000000000, 0.000000000000000000, 1.000000000000000000 ) ) ;
#3204 = EDGE_CURVE ( 'NONE', #1089, #916, #1297, .T. ) ;
#3205 = CARTESIAN_POINT ( 'NONE',  ( 13.00000000000000000, 2.614925237903882760, -4.652392449937299723 ) ) ;
#3206 = CARTESIAN_POINT ( 'NONE',  ( 14.59757647293312210, 10.54482960498775945, -32.30733427201989372 ) ) ;
#3207 = CARTESIAN_POINT ( 'NONE',  ( -18.30000000000000426, 20.85304535547979654, -52.71469882147997055 ) ) ;
#3208 = CARTESIAN_POINT ( 'NONE',  ( 12.83038466473730743, 2.751239700397743349, -5.838439656367913955 ) ) ;
#3209 = ORIENTED_EDGE ( 'NONE', *, *, #1354, .F. ) ;
#3210 = ADVANCED_FACE ( 'NONE', ( #783 ), #1839, .F. ) ;
#3211 = CARTESIAN_POINT ( 'NONE',  ( 12.99999999999999822, 1.327584332794163435, -2.241820190557159531 ) ) ;
#3212 = CARTESIAN_POINT ( 'NONE',  ( -1.501040669211631018E-10, 6.000000000000000000, -6.999999999692551711 ) ) ;
#3213 = CARTESIAN_POINT ( 'NONE',  ( -16.50000000000469669, 11.21931859283826327, -33.27450128452218792 ) ) ;
#3214 = ORIENTED_EDGE ( 'NONE', *, *, #1074, .F. ) ;
#3215 = ORIENTED_EDGE ( 'NONE', *, *, #1257, .F. ) ;
#3216 = LINE ( 'NONE', #879, #4086 ) ;
#3217 = CARTESIAN_POINT ( 'NONE',  ( 13.90400560926332929, 6.855127977119870764, -33.01523149839527349 ) ) ;
#3218 = CARTESIAN_POINT ( 'NONE',  ( -13.00000000000000000, 1.990513128771965956, -3.437995875899814813 ) ) ;
#3219 = VECTOR ( 'NONE', #1289, 1000.000000000000000 ) ;
#3220 = EDGE_LOOP ( 'NONE', ( #341, #3591 ) ) ;
#3221 = FACE_OUTER_BOUND ( 'NONE', #3803, .T. ) ;
#3222 = DIRECTION ( 'NONE',  ( 0.000000000000000000, 0.000000000000000000, -1.000000000000000000 ) ) ;
#3223 = AXIS2_PLACEMENT_3D ( 'NONE', #1539, #834, #1173 ) ;
#3224 = EDGE_CURVE ( 'NONE', #2256, #4225, #2434, .T. ) ;
#3225 = CARTESIAN_POINT ( 'NONE',  ( 12.99999999999999822, 4.466854081448101255, -10.70036931256795754 ) ) ;
#3226 = CARTESIAN_POINT ( 'NONE',  ( 14.36587709121897127, 10.42813600622083392, -32.12325166969464618 ) ) ;
#3227 = CARTESIAN_POINT ( 'NONE',  ( -13.00000000000000178, 1.836941988060655895, -3.149376111323933358 ) ) ;
#3228 = CARTESIAN_POINT ( 'NONE',  ( 12.75649848349005211, 3.232819287596989444, -7.192287747078093041 ) ) ;
#3229 = VERTEX_POINT ( 'NONE', #2117 ) ;
#3230 = CARTESIAN_POINT ( 'NONE',  ( 24.99999999999999289, 30.86104765051554821, -59.35411834201180881 ) ) ;
#3231 = PLANE ( 'NONE',  #1619 ) ;
#3232 = CARTESIAN_POINT ( 'NONE',  ( -12.93961460815618025, 9.406968183669194516, -30.20996345493918156 ) ) ;
#3233 = ORIENTED_EDGE ( 'NONE', *, *, #7, .T. ) ;
#3234 = EDGE_LOOP ( 'NONE', ( #4260, #2686, #1446, #4087 ) ) ;
#3235 = DIRECTION ( 'NONE',  ( 1.000000000000000000, 2.609052371366690111E-16, -3.464210636872764096E-16 ) ) ;
#3236 = CARTESIAN_POINT ( 'NONE',  ( -20.00000000000000355, 20.85304535547979299, -52.71469882147997765 ) ) ;
#3237 = CARTESIAN_POINT ( 'NONE',  ( -13.00000000000000000, 4.125173314308227646, -8.650487363152697284 ) ) ;
#3238 = CARTESIAN_POINT ( 'NONE',  ( 14.94419505065511089, 7.505077839462849454, -34.09896767699902398 ) ) ;
#3239 = EDGE_CURVE ( 'NONE', #3048, #2247, #3994, .T. ) ;
#3240 = ORIENTED_EDGE ( 'NONE', *, *, #3185, .F. ) ;
#3241 = FACE_OUTER_BOUND ( 'NONE', #549, .T. ) ;
#3242 = CARTESIAN_POINT ( 'NONE',  ( -3.951679281849550312E-13, 8.000000000000000000, 4.150000000000019895 ) ) ;
#3243 = FACE_OUTER_BOUND ( 'NONE', #642, .T. ) ;
#3244 = CARTESIAN_POINT ( 'NONE',  ( -15.76054370471234201, 7.859271152760768153, -34.61945430363736165 ) ) ;
#3245 = CARTESIAN_POINT ( 'NONE',  ( 0.000000000000000000, 7.499999999999986677, 0.000000000000000000 ) ) ;
#3246 = VECTOR ( 'NONE', #1567, 1000.000000000000000 ) ;
#3247 = CARTESIAN_POINT ( 'NONE',  ( 12.83825983183094621, 2.690997398682978492, -5.684639103622493472 ) ) ;
#3248 = ADVANCED_FACE ( 'NONE', ( #3120 ), #2279, .T. ) ;
#3249 = EDGE_LOOP ( 'NONE', ( #141, #1817, #2830, #3661 ) ) ;
#3250 = CARTESIAN_POINT ( 'NONE',  ( 13.00000000000000178, 3.764692491413819564, -7.415453481846265404 ) ) ;
#3251 = DIRECTION ( 'NONE',  ( 0.000000000000000000, 0.000000000000000000, 1.000000000000000000 ) ) ;
#3252 = CARTESIAN_POINT ( 'NONE',  ( -14.47061521505046855, 9.651147880058703166, -31.87136341291375885 ) ) ;
#3253 = AXIS2_PLACEMENT_3D ( 'NONE', #3557, #1896, #3222 ) ;
#3254 = AXIS2_PLACEMENT_3D ( 'NONE', #2793, #2454, #1146 ) ;
#3255 = ORIENTED_EDGE ( 'NONE', *, *, #3143, .F. ) ;
#3256 = ORIENTED_EDGE ( 'NONE', *, *, #537, .T. ) ;
#3257 = FACE_OUTER_BOUND ( 'NONE', #402, .T. ) ;
#3258 = CARTESIAN_POINT ( 'NONE',  ( 13.54152146659563449, 6.537453319181290468, -32.40804901967002394 ) ) ;
#3259 = CARTESIAN_POINT ( 'NONE',  ( -13.00000000000000178, 1.639840736768280571, -2.798420281168035206 ) ) ;
#3260 = CARTESIAN_POINT ( 'NONE',  ( 15.83472008310505785, 7.885350937878581767, -34.65588455942437207 ) ) ;
#3261 = VECTOR ( 'NONE', #388, 1000.000000000000000 ) ;
#3262 = VERTEX_POINT ( 'NONE', #586 ) ;
#3263 = VERTEX_POINT ( 'NONE', #3207 ) ;
#3264 = AXIS2_PLACEMENT_3D ( 'NONE', #3168, #3609, #1538 ) ;
#3265 = FACE_OUTER_BOUND ( 'NONE', #2413, .T. ) ;
#3266 = EDGE_CURVE ( 'NONE', #3465, #944, #3795, .T. ) ;
#3267 = CARTESIAN_POINT ( 'NONE',  ( -16.49999999999994671, 8.024148241046413332, -35.68092735299598672 ) ) ;
#3268 = PLANE ( 'NONE',  #1341 ) ;
#3269 = CARTESIAN_POINT ( 'NONE',  ( 13.00000000000000000, 4.312296723114066310, -9.516201972588936187 ) ) ;
#3270 = CARTESIAN_POINT ( 'NONE',  ( 13.01968011223207178, 8.269264320642211175, -28.68900404174290841 ) ) ;
#3271 = VECTOR ( 'NONE', #2107, 1000.000000000000114 ) ;
#3272 = CARTESIAN_POINT ( 'NONE',  ( 12.66450611599884191, 3.666190584662749163, -8.761463615633360291 ) ) ;
#3273 = UNCERTAINTY_MEASURE_WITH_UNIT (LENGTH_MEASURE( 1.000000000000000082E-05 ), #2084, 'distance_accuracy_value', 'NONE');
#3274 = ORIENTED_EDGE ( 'NONE', *, *, #1952, .T. ) ;
#3275 = CARTESIAN_POINT ( 'NONE',  ( -3.955169525227120175E-13, 6.000000000000000000, 7.000000000000011546 ) ) ;
#3276 = CARTESIAN_POINT ( 'NONE',  ( -12.93858243176325473, 1.687666307642881502, -3.382679166527854164 ) ) ;
#3277 = DIRECTION ( 'NONE',  ( -0.000000000000000000, 0.000000000000000000, 1.000000000000000000 ) ) ;
#3278 = CARTESIAN_POINT ( 'NONE',  ( -13.78840681338409624, 10.09074279163877463, -31.55661524417730490 ) ) ;
#3279 = EDGE_LOOP ( 'NONE', ( #3025, #251, #2620, #3085 ) ) ;
#3280 = CARTESIAN_POINT ( 'NONE',  ( -12.52201444556181720, 5.321616189334783975, -30.80591472922491292 ) ) ;
#3281 = LINE ( 'NONE', #337, #514 ) ;
#3282 = VECTOR ( 'NONE', #3488, 1000.000000000000000 ) ;
#3283 = CARTESIAN_POINT ( 'NONE',  ( -12.99999999999999822, 1.615246488465537533, -2.754450227720804278 ) ) ;
#3284 = CARTESIAN_POINT ( 'NONE',  ( 13.49616396828261422, 6.491862128316907565, -32.31591901903791353 ) ) ;
#3285 = MANIFOLD_SOLID_BREP ( '\X2\501289d2\X0\4', #1403 ) ;
#3286 = EDGE_LOOP ( 'NONE', ( #4171, #2840, #2119, #621 ) ) ;
#3287 = ORIENTED_EDGE ( 'NONE', *, *, #1010, .F. ) ;
#3288 = CARTESIAN_POINT ( 'NONE',  ( 16.20595422894577808, 7.944814908338099002, -35.57509482645582466 ) ) ;
#3289 = DIRECTION ( 'NONE',  ( 0.7071067811865567876, 0.5648316556993482340, 0.4254000478607399827 ) ) ;
#3290 = CARTESIAN_POINT ( 'NONE',  ( -16.50000000000005684, 11.21931859283713351, -33.27450128452068867 ) ) ;
#3291 = AXIS2_PLACEMENT_3D ( 'NONE', #4096, #1528, #1832 ) ;
#3292 = CARTESIAN_POINT ( 'NONE',  ( -16.61879250224310312, 8.127452192304131628, -34.98698235473679574 ) ) ;
#3293 = CARTESIAN_POINT ( 'NONE',  ( 12.49999999999999467, 5.097008142028281341, -30.18155284697627039 ) ) ;
#3294 = VECTOR ( 'NONE', #3807, 1000.000000000000000 ) ;
#3295 = CARTESIAN_POINT ( 'NONE',  ( -12.50000000000000533, 8.000000000000000000, 0.000000000000000000 ) ) ;
#3296 = EDGE_CURVE ( 'NONE', #153, #1670, #1507, .T. ) ;
#3297 = EDGE_LOOP ( 'NONE', ( #1941, #1597, #364, #1760 ) ) ;
#3298 = CARTESIAN_POINT ( 'NONE',  ( -12.92354472040473645, 1.880358768300935735, -3.795748925363365611 ) ) ;
#3299 = DIRECTION ( 'NONE',  ( 0.000000000000000000, 1.000000000000000000, 0.000000000000000000 ) ) ;
#3300 = CARTESIAN_POINT ( 'NONE',  ( -13.64644474114774120, 9.996193434696660773, -31.38814961147189209 ) ) ;
#3301 = EDGE_LOOP ( 'NONE', ( #2867, #3349, #2508, #575 ) ) ;
#3302 = EDGE_LOOP ( 'NONE', ( #1384, #1236, #2946, #2568 ) ) ;
#3303 = CARTESIAN_POINT ( 'NONE',  ( 13.00000000000000000, 7.499999999999996447, 0.000000000000000000 ) ) ;
#3304 = DIRECTION ( 'NONE',  ( 2.598157977654573318E-16, 0.000000000000000000, 1.000000000000000000 ) ) ;
#3305 = CARTESIAN_POINT ( 'NONE',  ( -26.50000000000001776, 30.86104765051553755, -59.35411834201180170 ) ) ;
#3306 = CARTESIAN_POINT ( 'NONE',  ( 12.49999999999999467, 5.097008142028280453, -30.18155284697627039 ) ) ;
#3307 = EDGE_CURVE ( 'NONE', #3590, #2672, #1576, .T. ) ;
#3308 = ORIENTED_EDGE ( 'NONE', *, *, #2656, .T. ) ;
#3309 = ORIENTED_EDGE ( 'NONE', *, *, #653, .F. ) ;
#3310 = CARTESIAN_POINT ( 'NONE',  ( 0.000000000000000000, 7.499999999999986677, 2.350000000000000089 ) ) ;
#3311 = CARTESIAN_POINT ( 'NONE',  ( -14.05433615249408419, 9.385951341118483171, -31.40057116806271154 ) ) ;
#3312 = CYLINDRICAL_SURFACE ( 'NONE', #656, 2.350000000000000533 ) ;
#3313 = CARTESIAN_POINT ( 'NONE',  ( 13.00000000000000355, 4.373659815210733548, -9.892732325762795043 ) ) ;
#3314 = CARTESIAN_POINT ( 'NONE',  ( -12.99999999999999822, 7.499999999999996447, 0.000000000000000000 ) ) ;
#3315 = ORIENTED_EDGE ( 'NONE', *, *, #2743, .T. ) ;
#3316 = DIRECTION ( 'NONE',  ( 0.000000000000000000, 0.000000000000000000, -1.000000000000000000 ) ) ;
#3317 = ADVANCED_FACE ( 'NONE', ( #2178 ), #1116, .T. ) ;
#3318 = CARTESIAN_POINT ( 'NONE',  ( -12.91137365075135079, 2.019190144178701019, -4.101068200291501320 ) ) ;
#3319 = CARTESIAN_POINT ( 'NONE',  ( 7.799999999999999822, 8.000000000000000000, 0.000000000000000000 ) ) ;
#3320 = CARTESIAN_POINT ( 'NONE',  ( -16.15352816839118688, 10.39083534277487786, -33.00201562292758695 ) ) ;
#3321 = CIRCLE ( 'NONE', #2088, 4.999999999999999112 ) ;
#3322 = VECTOR ( 'NONE', #842, 1000.000000000000000 ) ;
#3323 = ORIENTED_EDGE ( 'NONE', *, *, #1234, .F. ) ;
#3324 = ORIENTED_EDGE ( 'NONE', *, *, #715, .T. ) ;
#3325 = CARTESIAN_POINT ( 'NONE',  ( 16.54524319783745767, 8.109015844627627700, -34.96250276280853342 ) ) ;
#3326 = CARTESIAN_POINT ( 'NONE',  ( -12.99999999999999467, 0.8320981158193241356, -1.395004357076956136 ) ) ;
#3327 = CARTESIAN_POINT ( 'NONE',  ( 13.28869389561035952, 6.253178607703700820, -31.80714317859119333 ) ) ;
#3328 = VECTOR ( 'NONE', #3057, 1000.000000000000000 ) ;
#3329 = ORIENTED_EDGE ( 'NONE', *, *, #1874, .F. ) ;
#3330 = CARTESIAN_POINT ( 'NONE',  ( 16.49999999999997513, 8.024148241046415109, -35.68092735299598672 ) ) ;
#3331 = AXIS2_PLACEMENT_3D ( 'NONE', #2487, #469, #861 ) ;
#3332 = DIRECTION ( 'NONE',  ( 0.000000000000000000, 0.7987925879476801549, 0.6016065171188289540 ) ) ;
#3333 = FACE_OUTER_BOUND ( 'NONE', #2650, .T. ) ;
#3334 = CONICAL_SURFACE ( 'NONE', #2437, 6.499999999999993783, 0.7853981633974349563 ) ;
#3335 = CARTESIAN_POINT ( 'NONE',  ( 16.15352816838744232, 10.39083534277368592, -33.00201562292595980 ) ) ;
#3336 = EDGE_CURVE ( 'NONE', #805, #1474, #3774, .T. ) ;
#3337 = ORIENTED_EDGE ( 'NONE', *, *, #694, .T. ) ;
#3338 = DIRECTION ( 'NONE',  ( -0.000000000000000000, 0.7987925879476833746, 0.6016065171188246241 ) ) ;
#3339 = CARTESIAN_POINT ( 'NONE',  ( -12.98184294460638277, 0.9230564557166311968, -1.814034470350678330 ) ) ;
#3340 = DIRECTION ( 'NONE',  ( 0.000000000000000000, 1.000000000000000000, 0.000000000000000000 ) ) ;
#3341 = CARTESIAN_POINT ( 'NONE',  ( -13.16490996138391090, 8.549341658697677815, -29.53217824591554574 ) ) ;
#3342 = EDGE_CURVE ( 'NONE', #3229, #2748, #544, .T. ) ;
#3343 = ORIENTED_EDGE ( 'NONE', *, *, #1125, .T. ) ;
#3344 = DIRECTION ( 'NONE',  ( -1.000000000000000000, 0.000000000000000000, 0.000000000000000000 ) ) ;
#3345 = CARTESIAN_POINT ( 'NONE',  ( 12.49999999999999467, 5.097008142028281341, -30.18155284697627039 ) ) ;
#3346 = CARTESIAN_POINT ( 'NONE',  ( 14.32007169423107662, 9.560956787641522681, -31.71642570338482869 ) ) ;
#3347 = ADVANCED_FACE ( 'NONE', ( #3840 ), #147, .F. ) ;
#3348 = VERTEX_POINT ( 'NONE', #2132 ) ;
#3349 = ORIENTED_EDGE ( 'NONE', *, *, #2543, .T. ) ;
#3350 = DIRECTION ( 'NONE',  ( 0.000000000000000000, 0.7071067811865435759, 0.7071067811865515695 ) ) ;
#3351 = CARTESIAN_POINT ( 'NONE',  ( -14.71381662288574610, 9.788402211989049917, -32.10039679977401761 ) ) ;
#3352 = DIRECTION ( 'NONE',  ( -0.7071067811865549002, 0.7071067811865401342, 0.000000000000000000 ) ) ;
#3353 = CARTESIAN_POINT ( 'NONE',  ( 14.47061521504859449, 9.651147880057600048, -31.87136341291189723 ) ) ;
#3354 = VECTOR ( 'NONE', #1872, 1000.000000000000114 ) ;
#3355 = ADVANCED_FACE ( 'NONE', ( #172 ), #4118, .F. ) ;
#3356 = EDGE_LOOP ( 'NONE', ( #1070, #1316 ) ) ;
#3357 = CIRCLE ( 'NONE', #2394, 6.212399911202982850 ) ;
#3358 = CARTESIAN_POINT ( 'NONE',  ( 20.00000000000000355, 1.710955489406144281, -67.13146506150236803 ) ) ;
#3359 = ORIENTED_EDGE ( 'NONE', *, *, #521, .F. ) ;
#3360 = CARTESIAN_POINT ( 'NONE',  ( -12.97649067325366978, 1.049156472515604843, -2.066742770930063866 ) ) ;
#3361 = DIRECTION ( 'NONE',  ( -0.000000000000000000, -1.000000000000000000, -0.000000000000000000 ) ) ;
#3362 = FACE_OUTER_BOUND ( 'NONE', #4003, .T. ) ;
#3363 = CIRCLE ( 'NONE', #3581, 2.350000000000000533 ) ;
#3364 = EDGE_LOOP ( 'NONE', ( #1934, #1871, #1964, #3187 ) ) ;
#3365 = CONICAL_SURFACE ( 'NONE', #2602, 2.350000000000000533, 0.7853981633974533860 ) ;
#3366 = CARTESIAN_POINT ( 'NONE',  ( 15.13891136047356767, 7.598370175320217967, -34.23970632430908978 ) ) ;
#3367 = CARTESIAN_POINT ( 'NONE',  ( -12.99999999999999822, 0.2104022846178122685, -0.3508006747875678233 ) ) ;
#3368 = CARTESIAN_POINT ( 'NONE',  ( 13.08144597131030729, 5.916569508732292704, -31.00327417367580551 ) ) ;
#3369 = ADVANCED_FACE ( 'NONE', ( #493 ), #1808, .F. ) ;
#3370 = ORIENTED_EDGE ( 'NONE', *, *, #755, .F. ) ;
#3371 = ORIENTED_EDGE ( 'NONE', *, *, #3204, .F. ) ;
#3372 = CARTESIAN_POINT ( 'NONE',  ( 15.70928740803113932, 7.784289188824424777, -35.35574191526601595 ) ) ;
#3373 = CARTESIAN_POINT ( 'NONE',  ( -16.22547804617136435, 10.41219821953935387, -33.03112925860284577 ) ) ;
#3374 = CARTESIAN_POINT ( 'NONE',  ( 0.000000000000000000, 6.000000000000000000, 2.350000000000000089 ) ) ;
#3375 = ADVANCED_FACE ( 'NONE', ( #2787 ), #3158, .T. ) ;
#3376 = CARTESIAN_POINT ( 'NONE',  ( 12.95714287602040216, 1.413200145993558809, -2.808193117374124803 ) ) ;
#3377 = CARTESIAN_POINT ( 'NONE',  ( 19.00000000000000000, 8.324951499605839800, -36.08032364696984473 ) ) ;
#3378 = B_SPLINE_SURFACE_WITH_KNOTS ( 'NONE', 1, 3, ( 
 ( #1618, #349, #3602, #1017, #1918, #3629, #1982, #3559, #972, #948, #930, #1639, #2243, #3536, #3882, #303, #2641, #3950, #584, #2942, #992, #2878, #2282, #2618, #3975, #1293, #24, #1899, #2599, #1594, #3226, #3206, #605, #1961, #278, #2558, #2923, #1273, #259, #2, #4201, #1314, #3929, #4221, #649, #1251, #1660, #3901 ),
 ( #4244, #627, #3270, #328, #3652, #1423, #4013, #774, #2988, #4053, #3995, #103, #3024, #731, #1444, #1383, #1702, #2724, #390, #4035, #1400, #2087, #65, #2745, #1098, #1036, #452, #428, #3353, #2664, #370, #2682, #2344, #3069, #1767, #2044, #82, #3045, #2702, #1362, #693, #1075, #2381, #3729, #3335, #3669, #1743, #709 ) ),
 .UNSPECIFIED., .F., .F., .F.,
 ( 2, 2 ),
 ( 4, 2, 2, 2, 2, 2, 2, 2, 2, 2, 2, 2, 2, 2, 2, 2, 2, 2, 2, 2, 2, 2, 2, 4 ),
 ( 0.000000000000000000, 1.000000000000000000 ),
 ( 0.000000000000000000, 0.0009680083295929395489, 0.001452012494389409323, 0.001936016659185879098, 0.002178018741584113876, 0.002420020823982348655, 0.002662022906380583434, 0.002904024988778818647, 0.003388029153575288638, 0.003872033318371758195, 0.004114035400769992974, 0.004235036441969109930, 0.004356037483168227753, 0.004598039565566462532, 0.004840041647964697311, 0.005324045812761166868, 0.005808049977557637293, 0.006050052059955872072, 0.006292054142354107718, 0.006413055183553225541, 0.006534056224752342497, 0.006776058307150577276, 0.007260062471947046833, 0.007744066636743516391 ),
 .UNSPECIFIED. ) ;
#3379 = ORIENTED_EDGE ( 'NONE', *, *, #136, .F. ) ;
#3380 = CARTESIAN_POINT ( 'NONE',  ( 13.00000000000000355, 0.1954211314037702096, -0.3258062868065185747 ) ) ;
#3381 = CARTESIAN_POINT ( 'NONE',  ( -15.10119887412728090, 7.545781408749814290, -35.01840418808813382 ) ) ;
#3382 = CARTESIAN_POINT ( 'NONE',  ( -12.59058203191960068, 3.891571978165447643, -9.993829947897776123 ) ) ;
#3383 = EDGE_CURVE ( 'NONE', #836, #3094, #2515, .T. ) ;
#3384 = DIRECTION ( 'NONE',  ( 0.000000000000000000, -0.6016065171188246241, 0.7987925879476833746 ) ) ;
#3385 = LINE ( 'NONE', #784, #66 ) ;
#3386 = ORIENTED_EDGE ( 'NONE', *, *, #3744, .F. ) ;
#3387 = LINE ( 'NONE', #1455, #786 ) ;
#3388 = DIRECTION ( 'NONE',  ( 0.000000000000000000, -0.7987925879476767133, -0.6016065171188335059 ) ) ;
#3389 = CARTESIAN_POINT ( 'NONE',  ( 15.62220348630149935, 10.20323831342753529, -32.73668735063768054 ) ) ;
#3390 = AXIS2_PLACEMENT_3D ( 'NONE', #1525, #1134, #2783 ) ;
#3391 = ORIENTED_EDGE ( 'NONE', *, *, #4027, .F. ) ;
#3392 = ORIENTED_EDGE ( 'NONE', *, *, #2681, .T. ) ;
#3393 = CARTESIAN_POINT ( 'NONE',  ( -26.50000000000000355, 27.66587729872482981, -61.76054441048712107 ) ) ;
#3394 = DIRECTION ( 'NONE',  ( -0.000000000000000000, -1.000000000000000000, -0.000000000000000000 ) ) ;
#3395 = CARTESIAN_POINT ( 'NONE',  ( -12.50000000000000533, 8.000000000000000000, -23.64879701061940764 ) ) ;
#3396 = AXIS2_PLACEMENT_3D ( 'NONE', #1065, #36, #3304 ) ;
#3397 = AXIS2_PLACEMENT_3D ( 'NONE', #4157, #541, #1855 ) ;
#3398 = EDGE_CURVE ( 'NONE', #96, #1101, #3068, .T. ) ;
#3399 = VECTOR ( 'NONE', #4227, 1000.000000000000000 ) ;
#3400 = DIRECTION ( 'NONE',  ( -0.000000000000000000, 0.7987925879476791557, 0.6016065171188300642 ) ) ;
#3401 = DIRECTION ( 'NONE',  ( 0.000000000000000000, 0.000000000000000000, 1.000000000000000000 ) ) ;
#3402 = VECTOR ( 'NONE', #2421, 1000.000000000000000 ) ;
#3403 = VERTEX_POINT ( 'NONE', #968 ) ;
#3404 = DIRECTION ( 'NONE',  ( 0.000000000000000000, -0.6016065171188295091, 0.7987925879476795998 ) ) ;
#3405 = ORIENTED_EDGE ( 'NONE', *, *, #1830, .F. ) ;
#3406 = VECTOR ( 'NONE', #3889, 1000.000000000000000 ) ;
#3407 = CARTESIAN_POINT ( 'NONE',  ( -13.16974605300990397, 6.303440027802460932, -32.96835804334603637 ) ) ;
#3408 = CARTESIAN_POINT ( 'NONE',  ( -21.69999999999999929, 16.04019321852914004, -46.32435811789853375 ) ) ;
#3409 = DIRECTION ( 'NONE',  ( 0.000000000000000000, -0.7987925879476781565, -0.6016065171188315075 ) ) ;
#3410 = DIRECTION ( 'NONE',  ( -0.000000000000000000, 0.7987925879476780455, 0.6016065171188315075 ) ) ;
#3411 = ORIENTED_EDGE ( 'NONE', *, *, #508, .F. ) ;
#3412 = CARTESIAN_POINT ( 'NONE',  ( -5.000000000000000888, -3.101896647544507335, -60.74112435792092413 ) ) ;
#3413 = CARTESIAN_POINT ( 'NONE',  ( 0.000000000000000000, 6.000000000000000000, 2.350000000000000089 ) ) ;
#3414 = CARTESIAN_POINT ( 'NONE',  ( 15.57711993586592847, 10.18553300123844174, -32.71094395140363531 ) ) ;
#3415 = ORIENTED_EDGE ( 'NONE', *, *, #2478, .F. ) ;
#3416 = ADVANCED_FACE ( 'NONE', ( #3241 ), #1437, .F. ) ;
#3417 = ORIENTED_EDGE ( 'NONE', *, *, #3776, .F. ) ;
#3418 = DIRECTION ( 'NONE',  ( 0.000000000000000000, -0.7987925879476699409, -0.6016065171188423877 ) ) ;
#3419 = DIRECTION ( 'NONE',  ( 0.000000000000000000, 0.000000000000000000, 1.000000000000000000 ) ) ;
#3420 = CARTESIAN_POINT ( 'NONE',  ( 12.86342329818070418, 5.960439820345738049, -32.28479688678795156 ) ) ;
#3421 = CARTESIAN_POINT ( 'NONE',  ( 12.99849598545668350, 0.2776742859414820797, -0.5417286274957707759 ) ) ;
#3422 = CARTESIAN_POINT ( 'NONE',  ( -3.955169525227120175E-13, 6.000000000000000000, 7.000000000000011546 ) ) ;
#3423 = PLANE ( 'NONE',  #1749 ) ;
#3424 = B_SPLINE_CURVE_WITH_KNOTS ( 'NONE', 3,
 ( #2576, #2595, #3599, #3922, #3861, #1635, #3946, #2303, #646, #3625, #1978, #906, #1738, #2000, #448, #3039, #405, #1679, #1358, #707, #99, #3311, #424, #749, #2324, #1719, #3992, #2041, #3021, #79, #3351, #771, #1419, #366, #2958, #2720, #1398, #2984, #2660, #2020, #4050, #44, #1093, #2063, #3647, #2697, #1033, #4032, #1072, #2358, #4010, #2637, #61, #3373, #1380, #690, #2342, #2378, #20, #1050 ),
 .UNSPECIFIED., .F., .F.,
 ( 4, 2, 2, 2, 2, 1, 2, 2, 2, 1, 2, 2, 2, 1, 1, 2, 2, 2, 1, 1, 2, 2, 1, 1, 2, 2, 1, 1, 2, 2, 2, 1, 1, 2, 2, 4 ),
 ( 0.000000000000000000, 0.06250000000000154043, 0.1250000000000030809, 0.2500000000000059397, 0.3125000000000079381, 0.3437500000000098255, 0.3593750000000107692, 0.3750000000000117129, 0.4375000000000157097, 0.4687500000000172085, 0.4843750000000172085, 0.5000000000000172085, 0.5625000000000170974, 0.5937500000000167644, 0.6093750000000154321, 0.6171875000000135447, 0.6250000000000116573, 0.6875000000000076605, 0.7187500000000061062, 0.7343750000000054401, 0.7421875000000039968, 0.7500000000000024425, 0.7812500000000002220, 0.7968749999999980016, 0.8046874999999963363, 0.8124999999999945599, 0.8437499999999880096, 0.8593749999999849010, 0.8671874999999840128, 0.8749999999999830136, 0.9062499999999824585, 0.9218749999999815703, 0.9296874999999809042, 0.9335937499999812372, 0.9374999999999815703, 1.000000000000000000 ),
 .UNSPECIFIED. ) ;
#3425 = VERTEX_POINT ( 'NONE', #296 ) ;
#3426 = DIRECTION ( 'NONE',  ( -0.7071067811865321406, 0.5648316556993642212, 0.4254000478607595781 ) ) ;
#3427 = EDGE_LOOP ( 'NONE', ( #274, #2588, #3070, #2868 ) ) ;
#3428 = CARTESIAN_POINT ( 'NONE',  ( -14.60621130487632513, 7.309613771932147230, -34.66896447093233746 ) ) ;
#3429 = CARTESIAN_POINT ( 'NONE',  ( -25.00000000000000711, 30.86104765051554111, -59.35411834201180881 ) ) ;
#3430 = CARTESIAN_POINT ( 'NONE',  ( 24.99999999999999289, 8.324951499605848682, -36.08032364696985894 ) ) ;
#3431 = CARTESIAN_POINT ( 'NONE',  ( 12.54435742706802692, 8.824514983542686153, -28.71936936890528358 ) ) ;
#3432 = ADVANCED_FACE ( 'NONE', ( #3265 ), #3649, .T. ) ;
#3433 = STYLED_ITEM ( 'NONE', ( #1180 ), #3285 ) ;
#3434 = ORIENTED_EDGE ( 'NONE', *, *, #2336, .T. ) ;
#3435 = CARTESIAN_POINT ( 'NONE',  ( 12.73566127104393608, 3.346393325701177979, -7.555326224245493272 ) ) ;
#3436 = CIRCLE ( 'NONE', #824, 1.999999999999999556 ) ;
#3437 = DIRECTION ( 'NONE',  ( -0.000000000000000000, 0.7987925879476792668, 0.6016065171188299532 ) ) ;
#3438 = CARTESIAN_POINT ( 'NONE',  ( 14.56749508580201358, 9.706731072354335410, -31.96489132072689898 ) ) ;
#3439 = EDGE_LOOP ( 'NONE', ( #3788, #2553, #1542, #590 ) ) ;
#3440 = VERTEX_POINT ( 'NONE', #2197 ) ;
#3441 = DIRECTION ( 'NONE',  ( -0.000000000000000000, -1.000000000000000000, -0.000000000000000000 ) ) ;
#3442 = CARTESIAN_POINT ( 'NONE',  ( -7.800000000000025580, 8.000000000000000000, -1.431146867680865853E-13 ) ) ;
#3443 = CARTESIAN_POINT ( 'NONE',  ( -13.00000000000000355, 4.385081229603366104, -9.970634374304356840 ) ) ;
#3444 = CARTESIAN_POINT ( 'NONE',  ( 12.95575671652947669, 1.435622161197396718, -2.854559803559483022 ) ) ;
#3445 = DIRECTION ( 'NONE',  ( 0.000000000000000000, 0.000000000000000000, -1.000000000000000000 ) ) ;
#3446 = CARTESIAN_POINT ( 'NONE',  ( 7.039682604951752835E-16, 17.15850284165588491, -45.48210899393216522 ) ) ;
#3447 = CARTESIAN_POINT ( 'NONE',  ( 13.00000000000000178, 3.358386674924061399, -6.314313677186865092 ) ) ;
#3448 = VERTEX_POINT ( 'NONE', #1309 ) ;
#3449 = CARTESIAN_POINT ( 'NONE',  ( -13.20579392893150761, 6.137370354582526666, -31.54309294191438795 ) ) ;
#3450 = CARTESIAN_POINT ( 'NONE',  ( -13.00000000000000000, 24.00000000000000000, -23.64879701061938633 ) ) ;
#3451 = DIRECTION ( 'NONE',  ( -0.000000000000000000, -1.000000000000000000, -0.000000000000000000 ) ) ;
#3452 = CARTESIAN_POINT ( 'NONE',  ( 13.00000000000000000, 8.324951499605839800, -36.08032364696983763 ) ) ;
#3453 = VERTEX_POINT ( 'NONE', #1611 ) ;
#3454 = EDGE_CURVE ( 'NONE', #1197, #2684, #2575, .T. ) ;
#3455 = FACE_OUTER_BOUND ( 'NONE', #3249, .T. ) ;
#3456 = DIRECTION ( 'NONE',  ( 0.000000000000000000, 1.000000000000000000, 0.000000000000000000 ) ) ;
#3457 = CARTESIAN_POINT ( 'NONE',  ( -15.29453101912861079, 10.84479460079935009, -32.75599597323586920 ) ) ;
#3458 = ORIENTED_EDGE ( 'NONE', *, *, #830, .F. ) ;
#3459 = ORIENTED_EDGE ( 'NONE', *, *, #2433, .T. ) ;
#3460 = CARTESIAN_POINT ( 'NONE',  ( -1.501037791291653071E-10, 7.500000000000015099, -9.349999999692551356 ) ) ;
#3461 = DIRECTION ( 'NONE',  ( 0.000000000000000000, 0.6016065171188248462, -0.7987925879476831525 ) ) ;
#3462 = CARTESIAN_POINT ( 'NONE',  ( -13.00000000000000000, 4.500000000000005329, -11.52171862180257200 ) ) ;
#3463 = CARTESIAN_POINT ( 'NONE',  ( 12.99726764803998691, 0.3584876946562747246, -0.6998602087754486334 ) ) ;
#3464 = VECTOR ( 'NONE', #3441, 1000.000000000000000 ) ;
#3465 = VERTEX_POINT ( 'NONE', #3877 ) ;
#3466 = AXIS2_PLACEMENT_3D ( 'NONE', #1243, #3836, #1929 ) ;
#3467 = DIRECTION ( 'NONE',  ( -0.7071067811865591191, 0.5648316556993463466, 0.4254000478607385394 ) ) ;
#3468 = DIRECTION ( 'NONE',  ( 0.000000000000000000, 0.6016065171188300642, -0.7987925879476791557 ) ) ;
#3469 = AXIS2_PLACEMENT_3D ( 'NONE', #1644, #1038, #2965 ) ;
#3470 = AXIS2_PLACEMENT_3D ( 'NONE', #2894, #969, #4217 ) ;
#3471 = AXIS2_PLACEMENT_3D ( 'NONE', #3096, #3028, #86 ) ;
#3472 = CARTESIAN_POINT ( 'NONE',  ( 12.99999999999999822, 1.853294146328114511, -3.184692052755360603 ) ) ;
#3473 = CARTESIAN_POINT ( 'NONE',  ( -15.83472008310506496, 7.885350937878586208, -34.65588455942438628 ) ) ;
#3474 = DIRECTION ( 'NONE',  ( -0.000000000000000000, -0.7987925879476782676, -0.6016065171188312855 ) ) ;
#3475 = CIRCLE ( 'NONE', #517, 1.349999999921932758 ) ;
#3476 = CARTESIAN_POINT ( 'NONE',  ( -13.00000000000000178, 4.299740346001211577, -9.440218444318379198 ) ) ;
#3477 = DIRECTION ( 'NONE',  ( 0.000000000000000000, -0.7987925879476792668, -0.6016065171188300642 ) ) ;
#3478 = AXIS2_PLACEMENT_3D ( 'NONE', #1193, #2415, #852 ) ;
#3479 = ORIENTED_EDGE ( 'NONE', *, *, #4102, .F. ) ;
#3480 = CYLINDRICAL_SURFACE ( 'NONE', #2426, 1.699999999999999289 ) ;
#3481 = PLANE ( 'NONE',  #585 ) ;
#3482 = CARTESIAN_POINT ( 'NONE',  ( 13.16527091985727083, 8.549890983653275711, -29.53365704523602275 ) ) ;
#3483 = EDGE_CURVE ( 'NONE', #2145, #2665, #2918, .T. ) ;
#3484 = ORIENTED_EDGE ( 'NONE', *, *, #653, .T. ) ;
#3485 = CARTESIAN_POINT ( 'NONE',  ( 7.039682604951752835E-16, 17.15850284165588491, -45.48210899393216522 ) ) ;
#3486 = DIRECTION ( 'NONE',  ( -0.000000000000000000, 0.7987925879476792668, 0.6016065171188300642 ) ) ;
#3487 = AXIS2_PLACEMENT_3D ( 'NONE', #2175, #4090, #3461 ) ;
#3488 = DIRECTION ( 'NONE',  ( 0.000000000000000000, -0.000000000000000000, 1.000000000000000000 ) ) ;
#3489 = DIRECTION ( 'NONE',  ( -0.000000000000000000, 0.7987925879476792668, 0.6016065171188299532 ) ) ;
#3490 = ADVANCED_FACE ( 'NONE', ( #3221 ), #2802, .F. ) ;
#3491 = ORIENTED_EDGE ( 'NONE', *, *, #2843, .T. ) ;
#3492 = DIRECTION ( 'NONE',  ( -0.000000000000000000, 1.000000000000000000, -0.000000000000000000 ) ) ;
#3493 = CARTESIAN_POINT ( 'NONE',  ( -25.00000000000001066, 8.423544535020255353, -35.38012409443657447 ) ) ;
#3494 = CARTESIAN_POINT ( 'NONE',  ( 13.00000000000000355, 3.054351444168144969, -5.594809095555121736 ) ) ;
#3495 = CARTESIAN_POINT ( 'NONE',  ( -13.61822712585536088, 6.612663911189761379, -32.55852373019222767 ) ) ;
#3496 = CARTESIAN_POINT ( 'NONE',  ( -16.20177645876772488, 11.14682614368672375, -33.17824828623066225 ) ) ;
#3497 = CARTESIAN_POINT ( 'NONE',  ( -12.73566127104394674, 3.346393325701115362, -7.555326224245295208 ) ) ;
#3498 = CARTESIAN_POINT ( 'NONE',  ( 12.50000000000000355, 8.594015433616521094, -27.96801447913775718 ) ) ;
#3499 = EDGE_CURVE ( 'NONE', #923, #1923, #1248, .T. ) ;
#3500 = ORIENTED_EDGE ( 'NONE', *, *, #2895, .T. ) ;
#3501 = CARTESIAN_POINT ( 'NONE',  ( 12.99999999999999645, 0.2682197966720177296, -0.4470338168362814613 ) ) ;
#3502 = DIRECTION ( 'NONE',  ( -0.000000000000000000, 1.000000000000000000, -0.000000000000000000 ) ) ;
#3503 = CARTESIAN_POINT ( 'NONE',  ( -14.36587709122131784, 10.42813600622206494, -32.12325166969661439 ) ) ;
#3504 = AXIS2_PLACEMENT_3D ( 'NONE', #3422, #472, #2811 ) ;
#3505 = ORIENTED_EDGE ( 'NONE', *, *, #1318, .T. ) ;
#3506 = ORIENTED_EDGE ( 'NONE', *, *, #4246, .T. ) ;
#3507 = CYLINDRICAL_SURFACE ( 'NONE', #578, 13.00000000000000178 ) ;
#3508 = LINE ( 'NONE', #3064, #4238 ) ;
#3509 = CARTESIAN_POINT ( 'NONE',  ( -13.00000000000000178, 4.399377337421723766, -10.07270748988458386 ) ) ;
#3510 = ORIENTED_EDGE ( 'NONE', *, *, #2405, .T. ) ;
#3511 = DIRECTION ( 'NONE',  ( 0.000000000000000000, -0.6016065171188291760, 0.7987925879476798219 ) ) ;
#3512 = EDGE_CURVE ( 'NONE', #2989, #944, #3598, .T. ) ;
#3513 = DIRECTION ( 'NONE',  ( -1.000000000000000000, 0.000000000000000000, 0.000000000000000000 ) ) ;
#3514 = CARTESIAN_POINT ( 'NONE',  ( 13.00000000000000000, 2.293469412356160753, -4.012759331122855322 ) ) ;
#3515 = CARTESIAN_POINT ( 'NONE',  ( -14.55258377718325491, 7.291850002117882923, -33.76310891755572641 ) ) ;
#3516 = CARTESIAN_POINT ( 'NONE',  ( -15.77145224856261585, 7.862267696969967190, -34.62340943231419743 ) ) ;
#3517 = CARTESIAN_POINT ( 'NONE',  ( -12.52936923359917820, 3.990519719589030512, -11.02090856714758615 ) ) ;
#3518 = FACE_OUTER_BOUND ( 'NONE', #573, .T. ) ;
#3519 = EDGE_LOOP ( 'NONE', ( #934, #997, #4111, #662 ) ) ;
#3520 = EDGE_CURVE ( 'NONE', #3961, #1174, #924, .T. ) ;
#3521 = CARTESIAN_POINT ( 'NONE',  ( 13.00000000000000178, 3.885534182204339437, -7.790888073203861452 ) ) ;
#3522 = FACE_BOUND ( 'NONE', #18, .T. ) ;
#3523 = CARTESIAN_POINT ( 'NONE',  ( 13.00000000000000000, 11.21931859283713351, -33.27450128452068867 ) ) ;
#3524 = VERTEX_POINT ( 'NONE', #256 ) ;
#3525 = ORIENTED_EDGE ( 'NONE', *, *, #599, .F. ) ;
#3526 = CARTESIAN_POINT ( 'NONE',  ( -18.30000000000000426, 1.710955489406137175, -67.13146506150236803 ) ) ;
#3527 = CARTESIAN_POINT ( 'NONE',  ( 13.02559601473883433, 5.762033574311359096, -30.58904822101464660 ) ) ;
#3528 = CARTESIAN_POINT ( 'NONE',  ( -12.99999999999999822, 1.428029261818603235, -2.422116626382210924 ) ) ;
#3529 = VERTEX_POINT ( 'NONE', #3556 ) ;
#3530 = DIRECTION ( 'NONE',  ( 0.000000000000000000, 0.000000000000000000, 1.000000000000000000 ) ) ;
#3531 = DIRECTION ( 'NONE',  ( 0.000000000000000000, 1.000000000000000000, 0.000000000000000000 ) ) ;
#3532 = VECTOR ( 'NONE', #901, 1000.000000000000000 ) ;
#3533 = EDGE_CURVE ( 'NONE', #1992, #288, #1046, .T. ) ;
#3534 = VERTEX_POINT ( 'NONE', #1634 ) ;
#3535 = CARTESIAN_POINT ( 'NONE',  ( 13.00000000000000000, 1.567061138048847946, -2.668526202572751416 ) ) ;
#3536 = CARTESIAN_POINT ( 'NONE',  ( 13.02976307655456978, 9.498027655563708649, -30.40883258737334316 ) ) ;
#3537 = CARTESIAN_POINT ( 'NONE',  ( -13.00000000000000178, -4.898587196589410857E-16, -2.388061258337337756E-15 ) ) ;
#3538 = DIRECTION ( 'NONE',  ( 0.000000000000000000, -0.7987925879476792668, -0.6016065171188300642 ) ) ;
#3539 = VECTOR ( 'NONE', #2137, 1000.000000000000000 ) ;
#3540 = AXIS2_PLACEMENT_3D ( 'NONE', #1277, #3691, #1386 ) ;
#3541 = VECTOR ( 'NONE', #2148, 1000.000000000000000 ) ;
#3542 = ORIENTED_EDGE ( 'NONE', *, *, #603, .T. ) ;
#3543 = VECTOR ( 'NONE', #1680, 1000.000000000000000 ) ;
#3544 = CARTESIAN_POINT ( 'NONE',  ( -12.99755362045594254, 0.3392954067712016242, -0.6623090557454884841 ) ) ;
#3545 = LINE ( 'NONE', #264, #3406 ) ;
#3546 = CARTESIAN_POINT ( 'NONE',  ( 1.230770033143089935E-15, 0.000000000000000000, 10.05000000000000071 ) ) ;
#3547 = CONICAL_SURFACE ( 'NONE', #4230, 2.350000000000000089, 0.7853981633974539411 ) ;
#3548 = ORIENTED_EDGE ( 'NONE', *, *, #1810, .T. ) ;
#3549 = ORIENTED_EDGE ( 'NONE', *, *, #3454, .T. ) ;
#3550 = CARTESIAN_POINT ( 'NONE',  ( -12.74382667518584000, 5.792372927650842662, -31.92458883114098711 ) ) ;
#3551 = VECTOR ( 'NONE', #2008, 1000.000000000000000 ) ;
#3552 = CARTESIAN_POINT ( 'NONE',  ( 13.94393781599069193, 6.886057747272173124, -33.07125859038696092 ) ) ;
#3553 = CARTESIAN_POINT ( 'NONE',  ( -13.00000000000000000, 2.615557874109227132, -4.653106412299531591 ) ) ;
#3554 = EDGE_CURVE ( 'NONE', #3403, #2574, #2873, .T. ) ;
#3555 = ORIENTED_EDGE ( 'NONE', *, *, #1535, .T. ) ;
#3556 = CARTESIAN_POINT ( 'NONE',  ( -27.00000000000000711, 12.02313533310093341, -35.17288971897546190 ) ) ;
#3557 = CARTESIAN_POINT ( 'NONE',  ( 13.00000000000000000, 4.500000000000005329, 0.000000000000000000 ) ) ;
#3558 = CARTESIAN_POINT ( 'NONE',  ( 13.00000000000000000, 4.450249281435415760, -10.50889154983353535 ) ) ;
#3559 = CARTESIAN_POINT ( 'NONE',  ( 12.78354438768091050, 9.228381426332383342, -29.79738165174603992 ) ) ;
#3560 = EDGE_CURVE ( 'NONE', #2665, #1852, #1162, .T. ) ;
#3561 = CARTESIAN_POINT ( 'NONE',  ( -12.77736327211567691, 3.112234629888709136, -6.823919498966632524 ) ) ;
#3562 = CARTESIAN_POINT ( 'NONE',  ( 12.77685072962690782, 3.115207646543344921, -6.832973542058437211 ) ) ;
#3563 = ORIENTED_EDGE ( 'NONE', *, *, #3867, .T. ) ;
#3564 = ORIENTED_EDGE ( 'NONE', *, *, #2280, .T. ) ;
#3565 = EDGE_CURVE ( 'NONE', #3425, #2872, #2218, .T. ) ;
#3566 = CARTESIAN_POINT ( 'NONE',  ( 13.00000000000000178, 2.559875919642326636, -4.531249564837812827 ) ) ;
#3567 = CARTESIAN_POINT ( 'NONE',  ( 12.50000000000000355, 8.000000000000000000, -23.64879701061940764 ) ) ;
#3568 = CARTESIAN_POINT ( 'NONE',  ( -14.12295736908117938, 9.432092151438187244, -31.48470705568273686 ) ) ;
#3569 = ORIENTED_EDGE ( 'NONE', *, *, #310, .T. ) ;
#3570 = EDGE_LOOP ( 'NONE', ( #2951, #1021, #4166, #516 ) ) ;
#3571 = CARTESIAN_POINT ( 'NONE',  ( -12.85651754651662593, 5.959525005105304807, -32.28846620314318727 ) ) ;
#3572 = CARTESIAN_POINT ( 'NONE',  ( -13.00000000000000000, 7.499999999999996447, -23.64879701061940764 ) ) ;
#3573 = CARTESIAN_POINT ( 'NONE',  ( -13.00000000000000178, 2.352850161612203728, -4.128361474566665024 ) ) ;
#3574 = CARTESIAN_POINT ( 'NONE',  ( 16.22243555494288358, 8.014918670254521871, -34.83520919122015869 ) ) ;
#3575 = VECTOR ( 'NONE', #580, 1000.000000000000000 ) ;
#3576 = ORIENTED_EDGE ( 'NONE', *, *, #2170, .T. ) ;
#3577 = LINE ( 'NONE', #1049, #199 ) ;
#3578 = DIRECTION ( 'NONE',  ( 0.000000000000000000, -0.6016065171188317295, 0.7987925879476780455 ) ) ;
#3579 = EDGE_CURVE ( 'NONE', #3534, #96, #3945, .T. ) ;
#3580 = CARTESIAN_POINT ( 'NONE',  ( -13.22757158075163986, 9.682348279056286700, -30.79627752309972166 ) ) ;
#3581 = AXIS2_PLACEMENT_3D ( 'NONE', #2865, #226, #1497 ) ;
#3582 = CARTESIAN_POINT ( 'NONE',  ( 12.99999999999999822, 4.464365984712277857, -10.66965117810052277 ) ) ;
#3583 = LINE ( 'NONE', #1338, #1741 ) ;
#3584 = CARTESIAN_POINT ( 'NONE',  ( 12.88082590137125472, 2.330175094091967214, -4.807294010144274488 ) ) ;
#3585 = ORIENTED_EDGE ( 'NONE', *, *, #2196, .F. ) ;
#3586 = CARTESIAN_POINT ( 'NONE',  ( -3.955169525227120175E-13, 6.000000000000000000, 7.000000000000011546 ) ) ;
#3587 = CARTESIAN_POINT ( 'NONE',  ( -25.00000000000000711, 27.66587729872483337, -61.76054441048712818 ) ) ;
#3588 = CARTESIAN_POINT ( 'NONE',  ( -13.81859112605823903, 9.212170791836006956, -31.06677001653937253 ) ) ;
#3589 = ADVANCED_FACE ( 'NONE', ( #2257, #1935, #2240, #601, #4177, #3178 ), #234, .T. ) ;
#3590 = VERTEX_POINT ( 'NONE', #4215 ) ;
#3591 = ORIENTED_EDGE ( 'NONE', *, *, #4145, .T. ) ;
#3592 = CARTESIAN_POINT ( 'NONE',  ( -12.63018229100542378, 5.598672982690814592, -31.48694450844143233 ) ) ;
#3593 = CARTESIAN_POINT ( 'NONE',  ( 13.52559035822599576, 6.521544339076053021, -32.37598119260059093 ) ) ;
#3594 = PRODUCT_DEFINITION_SHAPE ( 'NONE', 'NONE',  #3959 ) ;
#3595 = CARTESIAN_POINT ( 'NONE',  ( -13.00000000000000000, 2.428039088335622431, -4.276094950867471489 ) ) ;
#3596 = CARTESIAN_POINT ( 'NONE',  ( 13.03751096563949297, 6.165839252794246939, -32.70134030082038379 ) ) ;
#3597 = VERTEX_POINT ( 'NONE', #2893 ) ;
#3598 = LINE ( 'NONE', #1954, #64 ) ;
#3599 = CARTESIAN_POINT ( 'NONE',  ( -13.00499514998042905, 8.189216294548625541, -28.39891109344678100 ) ) ;
#3600 = CARTESIAN_POINT ( 'NONE',  ( -12.57525274897405509, 8.899570528341785192, -28.93869151450177668 ) ) ;
#3601 = CARTESIAN_POINT ( 'NONE',  ( -15.17634882863718282, 7.615751540246183282, -34.26569426172582666 ) ) ;
#3602 = CARTESIAN_POINT ( 'NONE',  ( 12.52132012157930419, 8.773292561476264240, -28.57257065877785607 ) ) ;
#3603 = CIRCLE ( 'NONE', #162, 10.05000000000000071 ) ;
#3604 = CARTESIAN_POINT ( 'NONE',  ( 12.90274588084325025, 2.112279764905047763, -4.308807272900302188 ) ) ;
#3605 = VECTOR ( 'NONE', #3426, 1000.000000000000114 ) ;
#3606 = EDGE_LOOP ( 'NONE', ( #412, #3274, #3379, #3415 ) ) ;
#3607 = CYLINDRICAL_SURFACE ( 'NONE', #2230, 2.349999999999999645 ) ;
#3608 = CARTESIAN_POINT ( 'NONE',  ( -12.73508995755846485, 3.351006672589379232, -7.566166754817166940 ) ) ;
#3609 = DIRECTION ( 'NONE',  ( -0.000000000000000000, 1.000000000000000000, -0.000000000000000000 ) ) ;
#3610 = CARTESIAN_POINT ( 'NONE',  ( -12.50002053326281271, 8.679625528797203060, -28.27336615489960892 ) ) ;
#3611 = AXIS2_PLACEMENT_3D ( 'NONE', #6, #998, #3316 ) ;
#3612 = CIRCLE ( 'NONE', #2360, 5.000000000000002665 ) ;
#3613 = VECTOR ( 'NONE', #1326, 1000.000000000000000 ) ;
#3614 = ORIENTED_EDGE ( 'NONE', *, *, #1759, .T. ) ;
#3615 = CARTESIAN_POINT ( 'NONE',  ( -12.72294342300912717, 5.759549421368570954, -31.85199124944070803 ) ) ;
#3616 = CARTESIAN_POINT ( 'NONE',  ( 16.28093985902249230, 8.032483421958996672, -34.85908277529378552 ) ) ;
#3617 = CARTESIAN_POINT ( 'NONE',  ( -12.99999999999999822, 2.770562007766911528, -4.975676475568393542 ) ) ;
#3618 = CARTESIAN_POINT ( 'NONE',  ( 13.82747075211504928, 6.795128581303037762, -32.90609056097672180 ) ) ;
#3619 = EDGE_CURVE ( 'NONE', #307, #2263, #3577, .T. ) ;
#3620 = CIRCLE ( 'NONE', #2636, 1.699999999999998401 ) ;
#3621 = B_SPLINE_CURVE_WITH_KNOTS ( 'NONE', 3,
 ( #1724, #2707, #2383, #3713, #1447, #2747, #3380, #430, #4076, #3093, #476, #151, #1746, #2726, #4055, #2200, #2790, #2557, #907, #843, #258, #3161, #2473, #175, #1182, #3797, #2877, #1574, #1857, #2833, #2858, #1209, #1165, #496, #3842, #4159, #3535, #3137, #2155, #1555, #3472, #522, #3881, #2221, #887, #1835, #2518, #583, #3514, #1489, #196, #1898, #1512, #3205, #2814, #4140, #2134, #2493, #3820, #2181, #4180, #868, #3494, #542, #218, #1811, #4200, #1875, #3447, #1230, #1530, #1250, #4121, #3115, #563, #2539, #3181, #238, #46, #4243, #2663, #1681, #1638, #2305, #3269, #2987, #369, #3313, #648, #302, #3974, #3558, #2259, #3582, #3225, #1, #3628, #1617 ),
 .UNSPECIFIED., .F., .F.,
 ( 4, 1, 1, 1, 1, 2, 2, 1, 1, 1, 2, 2, 1, 1, 1, 1, 2, 2, 1, 1, 1, 2, 2, 1, 1, 1, 2, 2, 1, 1, 2, 2, 1, 1, 2, 2, 1, 1, 2, 2, 1, 1, 2, 2, 1, 1, 2, 2, 1, 1, 2, 2, 1, 1, 1, 1, 2, 2, 1, 1, 1, 2, 2, 1, 1, 2, 2, 4 ),
 ( 0.000000000000000000, 0.01562499999999964612, 0.02343749999999947264, 0.02734374999999938591, 0.02929687499999935468, 0.03027343749999933387, 0.03124999999999931999, 0.04687499999999897998, 0.05468749999999880651, 0.05859374999999873018, 0.06054687499999866773, 0.06249999999999861222, 0.09374999999999789058, 0.1093749999999975575, 0.1171874999999974326, 0.1210937499999973493, 0.1230468749999973077, 0.1249999999999972800, 0.1562499999999969191, 0.1718749999999967804, 0.1796874999999966971, 0.1835937499999966693, 0.1874999999999966416, 0.2187499999999966416, 0.2343749999999966971, 0.2421874999999967248, 0.2460937499999967248, 0.2499999999999967248, 0.2812499999999965583, 0.2968749999999965028, 0.3046874999999963918, 0.3124999999999962252, 0.3437499999999955591, 0.3593749999999951705, 0.3671874999999950040, 0.3749999999999948375, 0.4062499999999941158, 0.4218749999999938938, 0.4296874999999937828, 0.4374999999999936162, 0.4687499999999931166, 0.4843749999999928391, 0.4921874999999926170, 0.4999999999999923395, 0.5312499999999917843, 0.5468749999999914513, 0.5546874999999914513, 0.5624999999999913403, 0.5937499999999912292, 0.6093749999999910072, 0.6171874999999908962, 0.6249999999999907851, 0.6874999999999907851, 0.7187499999999907851, 0.7343749999999910072, 0.7421874999999913403, 0.7460937499999916733, 0.7499999999999920064, 0.8124999999999955591, 0.8437499999999975575, 0.8593749999999985567, 0.8671874999999987788, 0.8749999999999990008, 0.9062499999999996669, 0.9218749999999997780, 0.9296874999999997780, 0.9374999999999998890, 1.000000000000000000 ),
 .UNSPECIFIED. ) ;
#3622 = EDGE_LOOP ( 'NONE', ( #4054, #3008, #2251, #335 ) ) ;
#3623 = ORIENTED_EDGE ( 'NONE', *, *, #4257, .F. ) ;
#3624 = DIRECTION ( 'NONE',  ( -0.000000000000000000, 0.7987925879476780455, 0.6016065171188315075 ) ) ;
#3625 = CARTESIAN_POINT ( 'NONE',  ( -13.40441089153053511, 8.840685456420372290, -30.26713612110111384 ) ) ;
#3626 = DIRECTION ( 'NONE',  ( 0.000000000000000000, -0.6016065171188246241, 0.7987925879476833746 ) ) ;
#3627 = ADVANCED_FACE ( 'NONE', ( #1378 ), #1737, .F. ) ;
#3628 = CARTESIAN_POINT ( 'NONE',  ( 13.00000000000000355, 4.499992352931345252, -11.26326248981609091 ) ) ;
#3629 = CARTESIAN_POINT ( 'NONE',  ( 12.67865245816578579, 9.085817116345635824, -29.44454543966409688 ) ) ;
#3630 = CIRCLE ( 'NONE', #1626, 1.349999999739951662 ) ;
#3631 = CARTESIAN_POINT ( 'NONE',  ( 12.51416477131706273, 4.000000000000000000, -11.27895953725915490 ) ) ;
#3632 = PRODUCT_DEFINITION_CONTEXT ( 'detailed design', #2212, 'design' ) ;
#3633 = PRODUCT ( 'TPU_Gripper Adapter', 'TPU_Gripper Adapter', '', ( #1912 ) ) ;
#3634 = ORIENTED_EDGE ( 'NONE', *, *, #3091, .F. ) ;
#3635 = CARTESIAN_POINT ( 'NONE',  ( -12.98011294519965553, 0.9660731185172160007, -1.899990717337902257 ) ) ;
#3636 = CARTESIAN_POINT ( 'NONE',  ( -18.30000000000001137, 28.86909033296248950, -63.35812958638248205 ) ) ;
#3637 = CARTESIAN_POINT ( 'NONE',  ( -13.51839287115059207, 8.954007336495065417, -30.52484402753648851 ) ) ;
#3638 = EDGE_LOOP ( 'NONE', ( #250, #1705, #3563, #4176, #1590, #3056, #835, #654, #1385, #1090, #2608, #1543 ) ) ;
#3639 = EDGE_LOOP ( 'NONE', ( #1566, #4061, #3256, #4191, #3013 ) ) ;
#3640 = CARTESIAN_POINT ( 'NONE',  ( -15.91992876635335996, 7.855704754732514061, -35.45402184445861593 ) ) ;
#3641 = CARTESIAN_POINT ( 'NONE',  ( 16.02112507374799577, 7.950148826129337820, -34.74619263341453035 ) ) ;
#3642 = CARTESIAN_POINT ( 'NONE',  ( -1.514517174866926582E-10, 5.999999999999998224, 2.297508586157503779E-10 ) ) ;
#3643 = CARTESIAN_POINT ( 'NONE',  ( 15.58425464290161244, 7.790410780471862751, -34.52114883961116476 ) ) ;
#3644 = EDGE_LOOP ( 'NONE', ( #721, #437, #320, #2315 ) ) ;
#3645 = ORIENTED_EDGE ( 'NONE', *, *, #2644, .T. ) ;
#3646 = DIRECTION ( 'NONE',  ( -1.776356839400250070E-15, 0.6016065171188290650, -0.7987925879476799329 ) ) ;
#3647 = CARTESIAN_POINT ( 'NONE',  ( -15.66735774666226355, 10.22095590874098114, -32.76242520139564363 ) ) ;
#3648 = CARTESIAN_POINT ( 'NONE',  ( 24.99999999999999289, 9.227361275284073017, -37.27851252889134770 ) ) ;
#3649 = CONICAL_SURFACE ( 'NONE', #1713, 1.499999999999984679, 0.7853981633974624899 ) ;
#3650 = EDGE_CURVE ( 'NONE', #1923, #3031, #3012, .T. ) ;
#3651 = CARTESIAN_POINT ( 'NONE',  ( -16.05365740216887005, 7.960767295429795887, -34.76082224463976189 ) ) ;
#3652 = CARTESIAN_POINT ( 'NONE',  ( 13.10446854903658043, 8.451588359790896732, -29.25473839789699326 ) ) ;
#3653 = AXIS2_PLACEMENT_3D ( 'NONE', #2350, #719, #1124 ) ;
#3654 = VECTOR ( 'NONE', #1596, 1000.000000000000000 ) ;
#3655 = ORIENTED_EDGE ( 'NONE', *, *, #2843, .F. ) ;
#3656 = CARTESIAN_POINT ( 'NONE',  ( -12.61426110088546082, 3.832541548118216568, -9.599350919368646373 ) ) ;
#3657 = CARTESIAN_POINT ( 'NONE',  ( -26.50000000000001776, 12.42253162707478609, -34.87208646041603544 ) ) ;
#3658 = CARTESIAN_POINT ( 'NONE',  ( -16.69230769231202771, 10.54225775250182728, -33.20663104095183371 ) ) ;
#3659 = ORIENTED_EDGE ( 'NONE', *, *, #163, .F. ) ;
#3660 = EDGE_CURVE ( 'NONE', #2406, #2061, #987, .T. ) ;
#3661 = ORIENTED_EDGE ( 'NONE', *, *, #1485, .T. ) ;
#3662 = CARTESIAN_POINT ( 'NONE',  ( 18.30000000000000071, 1.710955489406137175, -67.13146506150235382 ) ) ;
#3663 = CARTESIAN_POINT ( 'NONE',  ( -12.99999999999999822, 0.4111806567558494163, -0.6862759490584321442 ) ) ;
#3664 = CARTESIAN_POINT ( 'NONE',  ( 12.94657983577389793, 6.063011493604101076, -32.49585847864696575 ) ) ;
#3665 = ORIENTED_EDGE ( 'NONE', *, *, #2086, .F. ) ;
#3666 = CARTESIAN_POINT ( 'NONE',  ( 14.37519755381799236, 7.184668538095788648, -34.47735679195358216 ) ) ;
#3667 = CYLINDRICAL_SURFACE ( 'NONE', #2977, 16.00000000000000000 ) ;
#3668 = CARTESIAN_POINT ( 'NONE',  ( 13.00000000000000000, 4.500000000000005329, -23.64879701061938988 ) ) ;
#3669 = CARTESIAN_POINT ( 'NONE',  ( 16.41935183211699822, 10.47049521087430435, -33.11076816104362308 ) ) ;
#3670 = EDGE_CURVE ( 'NONE', #1076, #635, #409, .T. ) ;
#3671 = EDGE_LOOP ( 'NONE', ( #2981, #2758, #3105, #1627 ) ) ;
#3672 = CARTESIAN_POINT ( 'NONE',  ( -12.98959215183720062, 0.6990835035612081860, -1.369284886994158068 ) ) ;
#3673 = DIRECTION ( 'NONE',  ( 0.000000000000000000, -0.6016065171188300642, 0.7987925879476791557 ) ) ;
#3674 = CARTESIAN_POINT ( 'NONE',  ( -13.01968011223209487, 8.269264320642317756, -28.68900404174327079 ) ) ;
#3675 = EDGE_CURVE ( 'NONE', #1670, #1255, #3151, .T. ) ;
#3676 = CONICAL_SURFACE ( 'NONE', #1401, 16.50000000000000000, 0.7853981633974569387 ) ;
#3677 = AXIS2_PLACEMENT_3D ( 'NONE', #4211, #316, #1222 ) ;
#3678 = ORIENTED_EDGE ( 'NONE', *, *, #1382, .F. ) ;
#3679 = CARTESIAN_POINT ( 'NONE',  ( 15.83863339787187918, 7.886515503143483485, -34.65744978118696196 ) ) ;
#3680 = DIRECTION ( 'NONE',  ( -0.000000000000000000, -1.000000000000000000, -0.000000000000000000 ) ) ;
#3681 = CARTESIAN_POINT ( 'NONE',  ( 15.53374951815284177, 10.16832242366102612, -32.68584276345634976 ) ) ;
#3682 = ORIENTED_EDGE ( 'NONE', *, *, #1759, .F. ) ;
#3683 = DIRECTION ( 'NONE',  ( 0.000000000000000000, -1.000000000000000000, 0.000000000000000000 ) ) ;
#3684 = DIRECTION ( 'NONE',  ( 0.000000000000000000, 0.000000000000000000, -1.000000000000000000 ) ) ;
#3685 = LINE ( 'NONE', #2379, #2983 ) ;
#3686 = EDGE_CURVE ( 'NONE', #944, #3062, #1071, .T. ) ;
#3687 = VECTOR ( 'NONE', #2102, 1000.000000000000000 ) ;
#3688 = DIRECTION ( 'NONE',  ( -1.000000000000000000, 0.000000000000000000, 0.000000000000000000 ) ) ;
#3689 = EDGE_LOOP ( 'NONE', ( #3287, #2613 ) ) ;
#3690 = ORIENTED_EDGE ( 'NONE', *, *, #2879, .T. ) ;
#3691 = DIRECTION ( 'NONE',  ( 0.000000000000000000, 1.000000000000000000, 0.000000000000000000 ) ) ;
#3692 = VERTEX_POINT ( 'NONE', #4029 ) ;
#3693 = EDGE_CURVE ( 'NONE', #3348, #3453, #3704, .T. ) ;
#3694 = CARTESIAN_POINT ( 'NONE',  ( -12.84217336245303009, 2.660470921160704716, -5.607488966755830972 ) ) ;
#3695 = LINE ( 'NONE', #3657, #2639 ) ;
#3696 = CARTESIAN_POINT ( 'NONE',  ( 7.039682604951752835E-16, -3.101896647544507335, -60.74112435792092413 ) ) ;
#3697 = ORIENTED_EDGE ( 'NONE', *, *, #1318, .F. ) ;
#3698 = EDGE_CURVE ( 'NONE', #2994, #3031, #2982, .T. ) ;
#3699 = CARTESIAN_POINT ( 'NONE',  ( 15.89106113619204130, 7.905159890220706309, -34.68355541984649903 ) ) ;
#3700 = CARTESIAN_POINT ( 'NONE',  ( -13.00000000000000000, 0.8101055662102053523, -1.357716186380411472 ) ) ;
#3701 = CARTESIAN_POINT ( 'NONE',  ( 16.31741051782018204, 10.43989069638781864, -33.06897245284858400 ) ) ;
#3702 = VERTEX_POINT ( 'NONE', #3000 ) ;
#3703 = ORIENTED_EDGE ( 'NONE', *, *, #2462, .T. ) ;
#3704 = LINE ( 'NONE', #60, #1030 ) ;
#3705 = CARTESIAN_POINT ( 'NONE',  ( 0.000000000000000000, 24.00000000000000000, -23.64879701061940764 ) ) ;
#3706 = DIRECTION ( 'NONE',  ( 0.000000000000000000, 1.000000000000000000, 0.000000000000000000 ) ) ;
#3707 = CARTESIAN_POINT ( 'NONE',  ( 12.98407779403348883, 0.8646615715134342572, -1.697616363470306755 ) ) ;
#3708 = EDGE_CURVE ( 'NONE', #3524, #3724, #404, .T. ) ;
#3709 = CARTESIAN_POINT ( 'NONE',  ( 0.000000000000000000, 0.000000000000000000, 0.000000000000000000 ) ) ;
#3710 = EDGE_CURVE ( 'NONE', #227, #77, #3971, .T. ) ;
#3711 = ORIENTED_EDGE ( 'NONE', *, *, #2972, .T. ) ;
#3712 = VECTOR ( 'NONE', #3624, 1000.000000000000000 ) ;
#3713 = CARTESIAN_POINT ( 'NONE',  ( 13.00000000000000000, 0.1571543356624433285, -0.2619797160373994460 ) ) ;
#3714 = ORIENTED_EDGE ( 'NONE', *, *, #3948, .T. ) ;
#3715 = CARTESIAN_POINT ( 'NONE',  ( -16.35174509265728560, 7.986031612656417700, -35.63031655756346083 ) ) ;
#3716 = CARTESIAN_POINT ( 'NONE',  ( -13.00000000000000000, 4.500000000000005329, -11.52171862180257200 ) ) ;
#3717 = FACE_OUTER_BOUND ( 'NONE', #3166, .T. ) ;
#3718 = DIRECTION ( 'NONE',  ( 0.000000000000000000, 0.000000000000000000, -1.000000000000000000 ) ) ;
#3719 = VERTEX_POINT ( 'NONE', #1977 ) ;
#3720 = CARTESIAN_POINT ( 'NONE',  ( 13.00000000000000178, 4.489334684538403231, -10.99476708041191486 ) ) ;
#3721 = CARTESIAN_POINT ( 'NONE',  ( -16.56410256410254078, 8.064725490250189921, -35.45776843276627943 ) ) ;
#3722 = LINE ( 'NONE', #76, #3996 ) ;
#3723 = ADVANCED_FACE ( 'NONE', ( #3019 ), #1662, .T. ) ;
#3724 = VERTEX_POINT ( 'NONE', #93 ) ;
#3725 = ORIENTED_EDGE ( 'NONE', *, *, #1822, .F. ) ;
#3726 = FACE_OUTER_BOUND ( 'NONE', #233, .T. ) ;
#3727 = DIRECTION ( 'NONE',  ( -1.000000000000000000, 0.000000000000000000, 0.000000000000000000 ) ) ;
#3728 = CARTESIAN_POINT ( 'NONE',  ( -13.00000000000000000, 7.499999999999996447, 13.00100000000000300 ) ) ;
#3729 = CARTESIAN_POINT ( 'NONE',  ( 16.02296707493301398, 10.34841836227341183, -32.94329187516492397 ) ) ;
#3730 = EDGE_LOOP ( 'NONE', ( #1459, #4231, #2320, #3434, #2886, #1288, #1377, #3870, #4232, #2232, #2823, #2382 ) ) ;
#3731 = CYLINDRICAL_SURFACE ( 'NONE', #1676, 5.000000000000005329 ) ;
#3732 = ORIENTED_EDGE ( 'NONE', *, *, #1270, .F. ) ;
#3733 = CARTESIAN_POINT ( 'NONE',  ( 0.000000000000000000, 8.000000000000000000, 0.000000000000000000 ) ) ;
#3734 = DIRECTION ( 'NONE',  ( 0.000000000000000000, -0.000000000000000000, -1.000000000000000000 ) ) ;
#3735 = DIRECTION ( 'NONE',  ( 0.000000000000000000, -0.000000000000000000, 1.000000000000000000 ) ) ;
#3736 = CARTESIAN_POINT ( 'NONE',  ( 12.50000000000000355, 8.594015433616521094, -27.96801447913775718 ) ) ;
#3737 = ORIENTED_EDGE ( 'NONE', *, *, #1229, .F. ) ;
#3738 = CARTESIAN_POINT ( 'NONE',  ( 13.00000461540612484, 0.2384175970417911905, -0.4649160137049463404 ) ) ;
#3739 = CARTESIAN_POINT ( 'NONE',  ( -1.527920433558173173E-10, 5.999999999999998224, 7.000000000152056145 ) ) ;
#3740 = CARTESIAN_POINT ( 'NONE',  ( 15.92518371416166367, 10.31415436227039528, -32.89494936337298014 ) ) ;
#3741 = VECTOR ( 'NONE', #2133, 1000.000000000000114 ) ;
#3742 = EDGE_LOOP ( 'NONE', ( #3324, #769, #1675, #3027 ) ) ;
#3743 = DIRECTION ( 'NONE',  ( -3.464210636872771491E-16, 0.000000000000000000, -1.000000000000000000 ) ) ;
#3744 = EDGE_CURVE ( 'NONE', #2872, #1717, #1164, .T. ) ;
#3745 = DIRECTION ( 'NONE',  ( 0.000000000000000000, 1.000000000000000000, 0.000000000000000000 ) ) ;
#3746 = CARTESIAN_POINT ( 'NONE',  ( 12.94344465082481932, 6.062298294250614283, -32.49646900845225161 ) ) ;
#3747 = AXIS2_PLACEMENT_3D ( 'NONE', #3792, #3130, #940 ) ;
#3748 = DIRECTION ( 'NONE',  ( 0.000000000000000000, -0.7987925879476793778, -0.6016065171188298422 ) ) ;
#3749 = AXIS2_PLACEMENT_3D ( 'NONE', #671, #2556, #3203 ) ;
#3750 = VECTOR ( 'NONE', #2853, 1000.000000000000227 ) ;
#3751 = CARTESIAN_POINT ( 'NONE',  ( -13.00000000000000000, 7.499999999999996447, -23.64879701061938988 ) ) ;
#3752 = EDGE_CURVE ( 'NONE', #2803, #4237, #2937, .T. ) ;
#3753 = DIRECTION ( 'NONE',  ( 0.000000000000000000, 0.000000000000000000, 1.000000000000000000 ) ) ;
#3754 = CIRCLE ( 'NONE', #725, 1.925000000000002265 ) ;
#3755 = ORIENTED_EDGE ( 'NONE', *, *, #3804, .F. ) ;
#3756 = DIRECTION ( 'NONE',  ( -0.000000000000000000, 0.7987925879476791557, 0.6016065171188300642 ) ) ;
#3757 = ORIENTED_EDGE ( 'NONE', *, *, #1841, .F. ) ;
#3758 = AXIS2_PLACEMENT_3D ( 'NONE', #459, #2817, #3735 ) ;
#3759 = DIRECTION ( 'NONE',  ( -0.000000000000000000, -1.000000000000000000, -0.000000000000000000 ) ) ;
#3760 = CARTESIAN_POINT ( 'NONE',  ( 0.000000000000000000, 2.799999999999999822, 0.000000000000000000 ) ) ;
#3761 = CARTESIAN_POINT ( 'NONE',  ( -1.527918780284994303E-10, 31.76345742619379564, 8.350000000256144972 ) ) ;
#3762 = CARTESIAN_POINT ( 'NONE',  ( 12.83333333333333393, 8.273057421816861989, -28.05799817639854865 ) ) ;
#3763 = EDGE_LOOP ( 'NONE', ( #3829, #3315 ) ) ;
#3764 = EDGE_CURVE ( 'NONE', #3597, #2256, #1579, .T. ) ;
#3765 = CARTESIAN_POINT ( 'NONE',  ( 24.99999999999999289, 27.66587729872483337, -61.76054441048713528 ) ) ;
#3766 = LINE ( 'NONE', #1864, #1753 ) ;
#3767 = CARTESIAN_POINT ( 'NONE',  ( 16.30185407876721015, 10.43527348590252579, -33.06268023444985715 ) ) ;
#3768 = ORIENTED_EDGE ( 'NONE', *, *, #104, .T. ) ;
#3769 = CARTESIAN_POINT ( 'NONE',  ( -16.69230769231202416, 10.54225775250182906, -33.20663104095184082 ) ) ;
#3770 = CARTESIAN_POINT ( 'NONE',  ( -12.50000000000000533, 8.000000000000000000, -23.64879701061940764 ) ) ;
#3771 = CARTESIAN_POINT ( 'NONE',  ( 12.58820235716912883, 5.503996725408265789, -31.25960366402092561 ) ) ;
#3772 = CARTESIAN_POINT ( 'NONE',  ( 12.97341624011665395, 1.115410673344047421, -2.200234430195046276 ) ) ;
#3773 = B_SPLINE_CURVE_WITH_KNOTS ( 'NONE', 3,
 ( #2076, #3721, #1044, #2037 ),
 .UNSPECIFIED., .F., .F.,
 ( 4, 4 ),
 ( 0.000000000000000000, 1.000000000000000000 ),
 .UNSPECIFIED. ) ;
#3774 = LINE ( 'NONE', #3751, #2390 ) ;
#3775 = CARTESIAN_POINT ( 'NONE',  ( 24.99999999999999289, 10.81992229886330215, -33.57530454308007961 ) ) ;
#3776 = EDGE_CURVE ( 'NONE', #73, #979, #3436, .T. ) ;
#3777 = LINE ( 'NONE', #2769, #3605 ) ;
#3778 = CARTESIAN_POINT ( 'NONE',  ( -13.58706737990414837, 6.581844915639974758, -32.49664271375296920 ) ) ;
#3779 = CARTESIAN_POINT ( 'NONE',  ( -14.73095158813963934, 7.393553754475648887, -33.92582288272858193 ) ) ;
#3780 = DIRECTION ( 'NONE',  ( 0.000000000000000000, -0.6016065171188291760, 0.7987925879476798219 ) ) ;
#3781 = DIRECTION ( 'NONE',  ( 0.000000000000000000, 0.000000000000000000, 1.000000000000000000 ) ) ;
#3782 = CARTESIAN_POINT ( 'NONE',  ( 12.68067980073002765, 9.087188545151713370, -29.44653903943575557 ) ) ;
#3783 = ORIENTED_EDGE ( 'NONE', *, *, #2043, .T. ) ;
#3784 = CARTESIAN_POINT ( 'NONE',  ( -26.50000000000000355, 9.227361275284074793, -37.27851252889134770 ) ) ;
#3785 = VECTOR ( 'NONE', #4020, 1000.000000000000000 ) ;
#3786 = DIRECTION ( 'NONE',  ( 0.000000000000000000, 1.000000000000000000, 0.000000000000000000 ) ) ;
#3787 = CARTESIAN_POINT ( 'NONE',  ( -15.39583801732204016, 10.88295857708913239, -32.81087630318950232 ) ) ;
#3788 = ORIENTED_EDGE ( 'NONE', *, *, #2046, .T. ) ;
#3789 = VECTOR ( 'NONE', #973, 1000.000000000000000 ) ;
#3790 = EDGE_LOOP ( 'NONE', ( #2092, #3323 ) ) ;
#3791 = DIRECTION ( 'NONE',  ( 0.000000000000000000, 0.6016065171188408334, -0.7987925879476711621 ) ) ;
#3792 = CARTESIAN_POINT ( 'NONE',  ( -13.00000000000000000, 8.000000000000000000, 13.00100000000000300 ) ) ;
#3793 = CARTESIAN_POINT ( 'NONE',  ( 12.72192034100440239, 5.759883321015474067, -31.85386142613410954 ) ) ;
#3794 = CARTESIAN_POINT ( 'NONE',  ( 12.98895662730518374, 0.7200624458516740045, -1.410762971319126979 ) ) ;
#3795 = LINE ( 'NONE', #2110, #1027 ) ;
#3796 = FACE_OUTER_BOUND ( 'NONE', #1417, .T. ) ;
#3797 = CARTESIAN_POINT ( 'NONE',  ( 12.99999999999999822, 0.9741198041391783136, -1.636398442904575257 ) ) ;
#3798 = CARTESIAN_POINT ( 'NONE',  ( -15.55352662470210667, 7.778159463040715593, -34.50356210761044906 ) ) ;
#3799 = EDGE_CURVE ( 'NONE', #2574, #307, #3722, .T. ) ;
#3800 = CYLINDRICAL_SURFACE ( 'NONE', #1818, 1.350000000104089048 ) ;
#3801 = DIRECTION ( 'NONE',  ( 0.000000000000000000, 0.7987925879476833746, 0.6016065171188246241 ) ) ;
#3802 = PLANE ( 'NONE',  #962 ) ;
#3803 = EDGE_LOOP ( 'NONE', ( #1754, #4138, #3711, #1391 ) ) ;
#3804 = EDGE_CURVE ( 'NONE', #1735, #321, #2375, .T. ) ;
#3805 = CARTESIAN_POINT ( 'NONE',  ( 12.68498080040315301, 3.584614246039823371, -8.417982200929147396 ) ) ;
#3806 = DIRECTION ( 'NONE',  ( 0.000000000000000000, 0.1394316078386168278, 0.9902317035601002626 ) ) ;
#3807 = DIRECTION ( 'NONE',  ( -4.336808689942011820E-16, 0.6016065171188297311, -0.7987925879476794888 ) ) ;
#3808 = EDGE_LOOP ( 'NONE', ( #465, #255 ) ) ;
#3809 = ORIENTED_EDGE ( 'NONE', *, *, #918, .F. ) ;
#3810 = CARTESIAN_POINT ( 'NONE',  ( -25.00000000000001066, 12.42253162707478253, -34.87208646041602833 ) ) ;
#3811 = DIRECTION ( 'NONE',  ( 0.000000000000000000, -1.000000000000000000, 0.000000000000000000 ) ) ;
#3812 = CONICAL_SURFACE ( 'NONE', #780, 1.499999999999997113, 0.7853981633974463916 ) ;
#3813 = CARTESIAN_POINT ( 'NONE',  ( 13.39157507720115881, 6.511095345952463198, -33.35521065215017700 ) ) ;
#3814 = CARTESIAN_POINT ( 'NONE',  ( 0.000000000000000000, 0.000000000000000000, 0.000000000000000000 ) ) ;
#3815 = AXIS2_PLACEMENT_3D ( 'NONE', #1500, #1113, #1826 ) ;
#3816 = CARTESIAN_POINT ( 'NONE',  ( -7.800000000000025580, 4.000000000000000000, -1.431146867680865853E-13 ) ) ;
#3817 = EDGE_CURVE ( 'NONE', #2803, #321, #1201, .T. ) ;
#3818 = CONICAL_SURFACE ( 'NONE', #2300, 1.499999999999991118, 0.7853981633974570498 ) ;
#3819 = VECTOR ( 'NONE', #624, 1000.000000000000000 ) ;
#3820 = CARTESIAN_POINT ( 'NONE',  ( 13.00000000000000000, 2.907670136586600229, -5.269786541742840669 ) ) ;
#3821 = AXIS2_PLACEMENT_3D ( 'NONE', #511, #4153, #2128 ) ;
#3822 = CARTESIAN_POINT ( 'NONE',  ( -14.15365689924367132, 7.038868375164615721, -33.34101991513757923 ) ) ;
#3823 = CARTESIAN_POINT ( 'NONE',  ( -1.501040669211631018E-10, 7.500000000000015099, -4.649999999692551178 ) ) ;
#3824 = CONICAL_SURFACE ( 'NONE', #1548, 2.349999999999999645, 0.7853981633974543852 ) ;
#3825 = CARTESIAN_POINT ( 'NONE',  ( -12.99999999999999822, 3.805869917513906131, -7.540100322833273694 ) ) ;
#3826 = CARTESIAN_POINT ( 'NONE',  ( 12.52823588750812611, 8.775935541668440365, -28.57159203924887336 ) ) ;
#3827 = EDGE_CURVE ( 'NONE', #2079, #357, #3363, .T. ) ;
#3828 = CIRCLE ( 'NONE', #2098, 1.499999999999990896 ) ;
#3829 = ORIENTED_EDGE ( 'NONE', *, *, #1324, .T. ) ;
#3830 = CARTESIAN_POINT ( 'NONE',  ( 12.99999999999999822, 2.084838245256550149, -3.606543425619435084 ) ) ;
#3831 = CARTESIAN_POINT ( 'NONE',  ( -21.69999999999999929, 24.04821570727049718, -50.30827275300465828 ) ) ;
#3832 = CARTESIAN_POINT ( 'NONE',  ( 26.49999999999999645, 12.42253162707478431, -34.87208646041603544 ) ) ;
#3833 = EDGE_CURVE ( 'NONE', #700, #916, #1821, .T. ) ;
#3834 = ORIENTED_EDGE ( 'NONE', *, *, #2891, .F. ) ;
#3835 = VERTEX_POINT ( 'NONE', #570 ) ;
#3836 = DIRECTION ( 'NONE',  ( -0.000000000000000000, -1.000000000000000000, -0.000000000000000000 ) ) ;
#3837 = CIRCLE ( 'NONE', #3487, 6.000000000000000000 ) ;
#3838 = DIRECTION ( 'NONE',  ( 0.000000000000000000, -0.6016065171188369476, 0.7987925879476740487 ) ) ;
#3839 = CARTESIAN_POINT ( 'NONE',  ( 24.99999999999999289, 28.06527359269868072, -61.45974115192771592 ) ) ;
#3840 = FACE_OUTER_BOUND ( 'NONE', #2321, .T. ) ;
#3841 = CARTESIAN_POINT ( 'NONE',  ( 0.000000000000000000, 6.000000000000000000, 0.000000000000000000 ) ) ;
#3842 = CARTESIAN_POINT ( 'NONE',  ( 13.00000000000000000, 1.528747878771121060, -2.600442617439290949 ) ) ;
#3843 = CARTESIAN_POINT ( 'NONE',  ( -13.68472279980589335, 6.673398136667674230, -32.67637333791699916 ) ) ;
#3844 = CARTESIAN_POINT ( 'NONE',  ( 13.00000000000000000, 0.000000000000000000, 0.000000000000000000 ) ) ;
#3845 = CARTESIAN_POINT ( 'NONE',  ( -12.81675319919459177, 2.852636685853638721, -6.100921456515682628 ) ) ;
#3846 = LINE ( 'NONE', #2818, #342 ) ;
#3847 = EDGE_LOOP ( 'NONE', ( #215, #3690, #1642, #967 ) ) ;
#3848 = CARTESIAN_POINT ( 'NONE',  ( -7.800000000000025580, 8.000000000000000000, -1.431146867680865853E-13 ) ) ;
#3849 = DIRECTION ( 'NONE',  ( 0.000000000000000000, 1.000000000000000000, 0.000000000000000000 ) ) ;
#3850 = CARTESIAN_POINT ( 'NONE',  ( -1.501112262902501896E-10, 31.76345742619379564, -5.649999999952602714 ) ) ;
#3851 = AXIS2_PLACEMENT_3D ( 'NONE', #4143, #762, #481 ) ;
#3852 = VERTEX_POINT ( 'NONE', #3546 ) ;
#3853 = CARTESIAN_POINT ( 'NONE',  ( -18.30000000000000426, 1.710955489406137175, -67.13146506150236803 ) ) ;
#3854 = VECTOR ( 'NONE', #1878, 1000.000000000000000 ) ;
#3855 = LINE ( 'NONE', #2888, #2226 ) ;
#3856 = CARTESIAN_POINT ( 'NONE',  ( 14.35421934846822190, 7.171792930772336483, -33.56654701622036896 ) ) ;
#3857 = CARTESIAN_POINT ( 'NONE',  ( -12.99999999999999822, 1.966151927468684502, -3.392754794940326057 ) ) ;
#3858 = EDGE_CURVE ( 'NONE', #343, #3170, #2547, .T. ) ;
#3859 = APPLICATION_PROTOCOL_DEFINITION ( 'draft international standard', 'automotive_design', 1998, #2777 ) ;
#3860 = DIRECTION ( 'NONE',  ( 0.000000000000000000, 0.7987925879476792668, 0.6016065171188301752 ) ) ;
#3861 = CARTESIAN_POINT ( 'NONE',  ( -13.03951701983668698, 8.314146009591745212, -28.83013894287607570 ) ) ;
#3862 = CARTESIAN_POINT ( 'NONE',  ( -13.33564697021539835, 6.312391827044894654, -31.93757743362158408 ) ) ;
#3863 = CARTESIAN_POINT ( 'NONE',  ( -12.99635510580021602, 0.4768222620992038085, -0.9297940211007715838 ) ) ;
#3864 = CARTESIAN_POINT ( 'NONE',  ( -1.514517174866926582E-10, 2.799999999999999822, 2.297508586157503779E-10 ) ) ;
#3865 = ORIENTED_EDGE ( 'NONE', *, *, #1336, .T. ) ;
#3866 = DIRECTION ( 'NONE',  ( 0.000000000000000000, -0.6016065171188298422, 0.7987925879476793778 ) ) ;
#3867 = EDGE_CURVE ( 'NONE', #1303, #4237, #2209, .T. ) ;
#3868 = CARTESIAN_POINT ( 'NONE',  ( -25.00000000000001066, 8.324951499605836247, -36.08032364696984473 ) ) ;
#3869 = CARTESIAN_POINT ( 'NONE',  ( 13.89322969032474475, 9.269507103036190188, -31.17932207035550363 ) ) ;
#3870 = ORIENTED_EDGE ( 'NONE', *, *, #2775, .T. ) ;
#3871 = ORIENTED_EDGE ( 'NONE', *, *, #4133, .F. ) ;
#3872 = CARTESIAN_POINT ( 'NONE',  ( -12.50001129358156504, 5.151564537294542667, -30.33941564199748342 ) ) ;
#3873 = CARTESIAN_POINT ( 'NONE',  ( 13.10200306676352966, 5.969237614070042497, -31.14260764652524927 ) ) ;
#3874 = CARTESIAN_POINT ( 'NONE',  ( -13.00000000000000000, 1.040152975424393222, -1.749357855486774138 ) ) ;
#3875 = ORIENTED_EDGE ( 'NONE', *, *, #3867, .F. ) ;
#3876 = ADVANCED_FACE ( 'NONE', ( #3169 ), #1906, .F. ) ;
#3877 = CARTESIAN_POINT ( 'NONE',  ( 26.49999999999999289, 27.66587729872483692, -61.76054441048713528 ) ) ;
#3878 = DIRECTION ( 'NONE',  ( 0.000000000000000000, -0.000000000000000000, 1.000000000000000000 ) ) ;
#3879 = AXIS2_PLACEMENT_3D ( 'NONE', #3358, #3756, #803 ) ;
#3880 = EDGE_CURVE ( 'NONE', #77, #1902, #1883, .T. ) ;
#3881 = CARTESIAN_POINT ( 'NONE',  ( 13.00000000000000000, 1.928927430707527479, -3.323862853609890866 ) ) ;
#3882 = CARTESIAN_POINT ( 'NONE',  ( 13.06159227707904158, 9.528603641447233485, -30.47402785579042472 ) ) ;
#3883 = CARTESIAN_POINT ( 'NONE',  ( -12.61842574232714398, 3.821991418667483931, -9.529959090996900528 ) ) ;
#3884 = CARTESIAN_POINT ( 'NONE',  ( 12.67012850162716120, 3.644319078945967405, -8.667253379245817513 ) ) ;
#3885 = AXIS2_PLACEMENT_3D ( 'NONE', #3450, #132, #761 ) ;
#3886 = VERTEX_POINT ( 'NONE', #3832 ) ;
#3887 = CIRCLE ( 'NONE', #1891, 1.999999999999999556 ) ;
#3888 = CARTESIAN_POINT ( 'NONE',  ( 13.00000000000000533, 4.133278941290363662, -8.674896281299343315 ) ) ;
#3889 = DIRECTION ( 'NONE',  ( -0.000000000000000000, -1.000000000000000000, -0.000000000000000000 ) ) ;
#3890 = CARTESIAN_POINT ( 'NONE',  ( -13.02976307655526256, 9.498027655564392546, -30.40883258737480332 ) ) ;
#3891 = AXIS2_PLACEMENT_3D ( 'NONE', #3957, #2648, #2349 ) ;
#3892 = ORIENTED_EDGE ( 'NONE', *, *, #1324, .F. ) ;
#3893 = ADVANCED_FACE ( 'NONE', ( #1521 ), #4012, .T. ) ;
#3894 = DIRECTION ( 'NONE',  ( 0.000000000000000000, -0.1394316078386154678, -0.9902317035601003736 ) ) ;
#3895 = CARTESIAN_POINT ( 'NONE',  ( 13.78956922427383702, 6.762855876771475039, -32.84519946046060568 ) ) ;
#3896 = CARTESIAN_POINT ( 'NONE',  ( -13.00000000000000178, 2.264937762506073149, -3.957120068483933384 ) ) ;
#3897 = EDGE_LOOP ( 'NONE', ( #3209, #456, #1480, #2309 ) ) ;
#3898 = CARTESIAN_POINT ( 'NONE',  ( 18.30000000000000071, 24.04821570727049718, -50.30827275300465118 ) ) ;
#3899 = CARTESIAN_POINT ( 'NONE',  ( 26.50000000000000000, 8.000000000000000000, -29.00000000000000000 ) ) ;
#3900 = CARTESIAN_POINT ( 'NONE',  ( -16.00585137125981561, 7.944851036630628194, -34.73881900725350391 ) ) ;
#3901 = CARTESIAN_POINT ( 'NONE',  ( 16.50000000000004974, 11.21931859283713884, -33.27450128452069578 ) ) ;
#3902 = CARTESIAN_POINT ( 'NONE',  ( -12.74975474417235510, 3.270906199035085393, -7.310645049674105778 ) ) ;
#3903 = CARTESIAN_POINT ( 'NONE',  ( 19.00000000000000000, 7.609679490124148238, -28.48174575683460574 ) ) ;
#3904 = EDGE_CURVE ( 'NONE', #1474, #223, #1376, .T. ) ;
#3905 = ORIENTED_EDGE ( 'NONE', *, *, #2945, .T. ) ;
#3906 = LINE ( 'NONE', #2006, #2766 ) ;
#3907 = LINE ( 'NONE', #2844, #2701 ) ;
#3908 = FACE_BOUND ( 'NONE', #3639, .T. ) ;
#3909 = CARTESIAN_POINT ( 'NONE',  ( -14.05825668413637963, 9.387936955207239365, -31.40343770289890557 ) ) ;
#3910 = ORIENTED_EDGE ( 'NONE', *, *, #3560, .T. ) ;
#3911 = ORIENTED_EDGE ( 'NONE', *, *, #1703, .F. ) ;
#3912 = LINE ( 'NONE', #2270, #849 ) ;
#3913 = DIRECTION ( 'NONE',  ( 0.000000000000000000, 0.6016065171188299532, -0.7987925879476792668 ) ) ;
#3914 = AXIS2_PLACEMENT_3D ( 'NONE', #539, #1487, #1443 ) ;
#3915 = CARTESIAN_POINT ( 'NONE',  ( -13.00000000000000178, 2.727917614557506809, -4.886261900834457883 ) ) ;
#3916 = CARTESIAN_POINT ( 'NONE',  ( 15.64620835356064710, 7.814686091264068324, -34.55585653048417072 ) ) ;
#3917 = ORIENTED_EDGE ( 'NONE', *, *, #3023, .F. ) ;
#3918 = AXIS2_PLACEMENT_3D ( 'NONE', #88, #1041, #2712 ) ;
#3919 = ORIENTED_EDGE ( 'NONE', *, *, #2722, .T. ) ;
#3920 = EDGE_CURVE ( 'NONE', #1005, #3886, #2033, .T. ) ;
#3921 = DIRECTION ( 'NONE',  ( 0.000000000000000000, 0.000000000000000000, 1.000000000000000000 ) ) ;
#3922 = CARTESIAN_POINT ( 'NONE',  ( -13.02488256715564141, 8.271650413490361231, -28.68898146890467160 ) ) ;
#3923 = CARTESIAN_POINT ( 'NONE',  ( -12.58772953221813573, 8.925979884874381654, -29.01349074091454128 ) ) ;
#3924 = EDGE_CURVE ( 'NONE', #815, #533, #2073, .T. ) ;
#3925 = B_SPLINE_CURVE_WITH_KNOTS ( 'NONE', 1,
 ( #2779, #4109 ),
 .UNSPECIFIED., .F., .F.,
 ( 2, 2 ),
 ( 0.000000000000000000, 1.000000000000000000 ),
 .UNSPECIFIED. ) ;
#3926 = CIRCLE ( 'NONE', #1238, 20.00000000000000000 ) ;
#3927 = CONICAL_SURFACE ( 'NONE', #3155, 5.000000000000000888, 0.4363323129985789972 ) ;
#3928 = CARTESIAN_POINT ( 'NONE',  ( 13.00000000000000000, 8.112578415917022667, -28.10299002502895149 ) ) ;
#3929 = CARTESIAN_POINT ( 'NONE',  ( 15.56671829288807984, 10.94460320833746358, -32.89856864639045142 ) ) ;
#3930 = LINE ( 'NONE', #3295, #3084 ) ;
#3931 = B_SPLINE_CURVE_WITH_KNOTS ( 'NONE', 3,
 ( #435, #3762, #1752, #3736 ),
 .UNSPECIFIED., .F., .F.,
 ( 4, 4 ),
 ( 0.000000000000000000, 1.000000000000000000 ),
 .UNSPECIFIED. ) ;
#3932 = EDGE_LOOP ( 'NONE', ( #3937, #140, #2125, #1154 ) ) ;
#3933 = ADVANCED_FACE ( 'NONE', ( #809 ), #2943, .F. ) ;
#3934 = CARTESIAN_POINT ( 'NONE',  ( -12.76691467504966049, 3.172788010739668429, -7.008511168615538800 ) ) ;
#3935 = CARTESIAN_POINT ( 'NONE',  ( 13.00000000000000000, 24.00000000000000000, -23.64879701061938633 ) ) ;
#3936 = CARTESIAN_POINT ( 'NONE',  ( -14.14485947929080645, 9.446828740188113471, -31.51161835469386219 ) ) ;
#3937 = ORIENTED_EDGE ( 'NONE', *, *, #48, .T. ) ;
#3938 = ADVANCED_FACE ( 'NONE', ( #1453 ), #2118, .T. ) ;
#3939 = LINE ( 'NONE', #2409, #1190 ) ;
#3940 = DIRECTION ( 'NONE',  ( 0.000000000000000000, 0.1394316078385996194, 0.9902317035601025941 ) ) ;
#3941 = CARTESIAN_POINT ( 'NONE',  ( -12.99999999999999822, 3.185264002769693015, -5.895725985967144034 ) ) ;
#3942 = CARTESIAN_POINT ( 'NONE',  ( 12.78881425159291929, 5.859101157998396481, -32.06985115678282483 ) ) ;
#3943 = VERTEX_POINT ( 'NONE', #763 ) ;
#3944 = VERTEX_POINT ( 'NONE', #2097 ) ;
#3945 = LINE ( 'NONE', #560, #3354 ) ;
#3946 = CARTESIAN_POINT ( 'NONE',  ( -13.16035228716524763, 8.548749369500981743, -29.53677387496651008 ) ) ;
#3947 = DIRECTION ( 'NONE',  ( 0.000000000000000000, 0.7987925879476833746, 0.6016065171188246241 ) ) ;
#3948 = EDGE_CURVE ( 'NONE', #3094, #127, #1390, .T. ) ;
#3949 = CARTESIAN_POINT ( 'NONE',  ( -15.18208914811583554, 7.618394570191176385, -34.26963600358249806 ) ) ;
#3950 = CARTESIAN_POINT ( 'NONE',  ( 13.38680705322873088, 9.807539074543944579, -31.03749945930493226 ) ) ;
#3951 = CIRCLE ( 'NONE', #3110, 2.350000000000000533 ) ;
#3952 = DIRECTION ( 'NONE',  ( -1.000000000000000000, 0.000000000000000000, 0.000000000000000000 ) ) ;
#3953 = ORIENTED_EDGE ( 'NONE', *, *, #3224, .F. ) ;
#3954 = DIRECTION ( 'NONE',  ( 0.000000000000000000, 0.7987925879476792668, 0.6016065171188301752 ) ) ;
#3955 = CARTESIAN_POINT ( 'NONE',  ( -12.68121071347292173, 3.599807163835593293, -8.481266980378920906 ) ) ;
#3956 = CIRCLE ( 'NONE', #306, 1.499999999999998446 ) ;
#3957 = CARTESIAN_POINT ( 'NONE',  ( -1.501040669211631018E-10, 8.000000000000000000, -6.999999999692551711 ) ) ;
#3958 = CARTESIAN_POINT ( 'NONE',  ( -13.23273720677830312, 9.682770511699297700, -30.79273205523658063 ) ) ;
#3959 = PRODUCT_DEFINITION ( 'ๆ', '', #347, #3632 ) ;
#3960 = AXIS2_PLACEMENT_3D ( 'NONE', #1008, #3058, #2716 ) ;
#3961 = VERTEX_POINT ( 'NONE', #4060 ) ;
#3962 = CARTESIAN_POINT ( 'NONE',  ( -15.70928740803114643, 7.784289188824428329, -35.35574191526601595 ) ) ;
#3963 = CARTESIAN_POINT ( 'NONE',  ( 16.41088989640093487, 8.071498174776552403, -34.91211087141202540 ) ) ;
#3964 = CARTESIAN_POINT ( 'NONE',  ( -13.00000000000000000, 0.8049392412124317664, -1.348961053718428671 ) ) ;
#3965 = CARTESIAN_POINT ( 'NONE',  ( 13.20579392893150761, 6.137370354582522225, -31.54309294191440216 ) ) ;
#3966 = AXIS2_PLACEMENT_3D ( 'NONE', #3140, #4264, #672 ) ;
#3967 = ADVANCED_FACE ( 'NONE', ( #2993, #3362 ), #376, .F. ) ;
#3968 = ORIENTED_EDGE ( 'NONE', *, *, #2945, .F. ) ;
#3969 = ORIENTED_EDGE ( 'NONE', *, *, #3858, .T. ) ;
#3970 = CIRCLE ( 'NONE', #3478, 1.349999999921932758 ) ;
#3971 = LINE ( 'NONE', #43, #475 ) ;
#3972 = DIRECTION ( 'NONE',  ( 0.000000000000000000, 0.6016065171188290650, -0.7987925879476799329 ) ) ;
#3973 = CARTESIAN_POINT ( 'NONE',  ( 24.99999999999999289, 62.47005978620111932, 5.324730073291809695 ) ) ;
#3974 = CARTESIAN_POINT ( 'NONE',  ( 13.00000000000000000, 4.427030471824063618, -10.28254251820412968 ) ) ;
#3975 = CARTESIAN_POINT ( 'NONE',  ( 13.81285196605336019, 10.10651413199279958, -31.58428998942518362 ) ) ;
#3976 = CARTESIAN_POINT ( 'NONE',  ( 12.81925244927360197, 2.833650461411253207, -6.052572067712805648 ) ) ;
#3977 = UNCERTAINTY_MEASURE_WITH_UNIT (LENGTH_MEASURE( 1.000000000000000082E-05 ), #2490, 'distance_accuracy_value', 'NONE');
#3978 = ORIENTED_EDGE ( 'NONE', *, *, #2577, .F. ) ;
#3979 = DIRECTION ( 'NONE',  ( 0.000000000000000000, -0.6016065171188291760, 0.7987925879476798219 ) ) ;
#3980 = CARTESIAN_POINT ( 'NONE',  ( -12.64764851972136483, 3.729399260807316097, -9.043329726386156509 ) ) ;
#3981 = CARTESIAN_POINT ( 'NONE',  ( 26.99999999999999289, 9.626757569257904379, -36.97770927033194255 ) ) ;
#3982 = CARTESIAN_POINT ( 'NONE',  ( -12.85751048264236651, 9.317022573220510751, -30.00614447686526276 ) ) ;
#3983 = ADVANCED_FACE ( 'NONE', ( #1729 ), #415, .F. ) ;
#3984 = ORIENTED_EDGE ( 'NONE', *, *, #2866, .F. ) ;
#3985 = CARTESIAN_POINT ( 'NONE',  ( -14.05033518013169846, 6.989165686175687675, -34.16714321575837943 ) ) ;
#3986 = PLANE ( 'NONE',  #2503 ) ;
#3987 = CARTESIAN_POINT ( 'NONE',  ( -13.00000000000000178, 0.000000000000000000, 0.000000000000000000 ) ) ;
#3988 = CARTESIAN_POINT ( 'NONE',  ( 12.68389498309202601, 5.694342589996424842, -31.70543028881155934 ) ) ;
#3989 = ORIENTED_EDGE ( 'NONE', *, *, #4246, .F. ) ;
#3990 = DIRECTION ( 'NONE',  ( 0.000000000000000000, 0.000000000000000000, 1.000000000000000000 ) ) ;
#3991 = EDGE_CURVE ( 'NONE', #363, #153, #1302, .T. ) ;
#3992 = CARTESIAN_POINT ( 'NONE',  ( -14.46903509397357368, 9.649968955213862998, -31.86915008685919304 ) ) ;
#3993 = DIRECTION ( 'NONE',  ( 0.000000000000000000, -0.000000000000000000, 1.000000000000000000 ) ) ;
#3994 = CIRCLE ( 'NONE', #2329, 2.350000000000000089 ) ;
#3995 = CARTESIAN_POINT ( 'NONE',  ( 13.35443960506062666, 8.787035178760220333, -30.14009710855613378 ) ) ;
#3996 = VECTOR ( 'NONE', #464, 1000.000000000000000 ) ;
#3997 = ORIENTED_EDGE ( 'NONE', *, *, #1295, .T. ) ;
#3998 = ORIENTED_EDGE ( 'NONE', *, *, #4074, .T. ) ;
#3999 = FACE_OUTER_BOUND ( 'NONE', #2935, .T. ) ;
#4000 = CARTESIAN_POINT ( 'NONE',  ( -12.97310664569544691, 1.123336080103140899, -2.216036385283095100 ) ) ;
#4001 = DIRECTION ( 'NONE',  ( 0.000000000000000000, 0.6016065171188328398, -0.7987925879476772684 ) ) ;
#4002 = DIRECTION ( 'NONE',  ( 0.000000000000000000, -0.6016065171188299532, 0.7987925879476793778 ) ) ;
#4003 = EDGE_LOOP ( 'NONE', ( #775, #2759 ) ) ;
#4004 = ADVANCED_FACE ( 'NONE', ( #134 ), #2469, .T. ) ;
#4005 = FACE_OUTER_BOUND ( 'NONE', #608, .T. ) ;
#4006 = CARTESIAN_POINT ( 'NONE',  ( -20.00000000000000000, 16.04019321852913649, -46.32435811789853375 ) ) ;
#4007 = CARTESIAN_POINT ( 'NONE',  ( 16.00257151991797144, 10.34062850090640318, -32.93208787694665318 ) ) ;
#4008 = ORIENTED_EDGE ( 'NONE', *, *, #267, .T. ) ;
#4009 = DIRECTION ( 'NONE',  ( -0.000000000000000000, 1.000000000000000000, -0.000000000000000000 ) ) ;
#4010 = CARTESIAN_POINT ( 'NONE',  ( -16.01790577655093983, 10.34592473675778024, -32.93952561594760198 ) ) ;
#4011 = DIRECTION ( 'NONE',  ( 0.000000000000000000, 0.7987925879476781565, 0.6016065171188316185 ) ) ;
#4012 = B_SPLINE_SURFACE_WITH_KNOTS ( 'NONE', 1, 3, ( 
 ( #3213, #3126, #876, #2780, #249, #4110, #2460, #3787, #2144, #3457, #505, #2822, #853, #2801, #4149, #1194, #2190, #3503, #553, #2846, #4170, #2649, #1968, #1259, #3278, #1647, #2250, #3300, #334, #1583, #2565, #3958, #2607, #1926, #3890, #633, #3232, #2332, #3982, #1300, #2287, #2313, #659, #612, #4208, #2949, #3610, #2969 ),
 ( #3658, #356, #286, #3320, #1668, #10, #1601, #4229, #698, #1945, #1988, #2267, #1322, #2885, #1280, #31, #1347, #2906, #2624, #3252, #312, #1024, #2009, #937, #2586, #3936, #3568, #3909, #958, #1002, #3588, #1625, #2928, #3637, #679, #4250, #977, #1690, #2389, #2689, #72, #2435, #3341, #3055, #395, #3674, #1410, #2371 ) ),
 .UNSPECIFIED., .F., .F., .F.,
 ( 2, 2 ),
 ( 4, 2, 2, 2, 2, 2, 2, 2, 2, 2, 2, 2, 2, 2, 2, 2, 2, 2, 2, 2, 2, 2, 2, 4 ),
 ( 0.000000000000000000, 1.000000000000000000 ),
 ( 0.000000000000000000, 0.0004840041647967840304, 0.0009680083295935680609, 0.001210010411991960157, 0.001331011453191156043, 0.001452012494390352145, 0.001694014576788744134, 0.001936016659187136122, 0.002420020823983920315, 0.002904024988780704291, 0.003146027071179096496, 0.003388029153577488267, 0.003509030194776684153, 0.003630031235975880038, 0.003872033318374272243, 0.004356037483171056220, 0.004840041647967840630, 0.005082043730366232401, 0.005324045812764624172, 0.005566047895163015943, 0.005808049977561408582, 0.006292054142358192992, 0.006776058307154976534, 0.007744066636748544487 ),
 .UNSPECIFIED. ) ;
#4013 = CARTESIAN_POINT ( 'NONE',  ( 13.20037282251925781, 8.600082723949995511, -29.66937426498783736 ) ) ;
#4014 = EDGE_CURVE ( 'NONE', #321, #1170, #3931, .T. ) ;
#4015 = ORIENTED_EDGE ( 'NONE', *, *, #4145, .F. ) ;
#4016 = FACE_OUTER_BOUND ( 'NONE', #262, .T. ) ;
#4017 = ORIENTED_EDGE ( 'NONE', *, *, #850, .F. ) ;
#4018 = CARTESIAN_POINT ( 'NONE',  ( -12.97017349117530038, 1.182287050547583984, -2.335372233828997501 ) ) ;
#4019 = CARTESIAN_POINT ( 'NONE',  ( -12.49999999999999467, 4.000000000000000000, 13.00100000000000300 ) ) ;
#4020 = DIRECTION ( 'NONE',  ( -4.336808689942019708E-16, 0.6016065171188300642, -0.7987925879476791557 ) ) ;
#4021 = ORIENTED_EDGE ( 'NONE', *, *, #1535, .F. ) ;
#4022 = AXIS2_PLACEMENT_3D ( 'NONE', #3485, #1524, #2824 ) ;
#4023 = CARTESIAN_POINT ( 'NONE',  ( -13.00000000000000000, 4.500000000000005329, 13.00100000000000300 ) ) ;
#4024 = DIRECTION ( 'NONE',  ( 0.000000000000000000, -0.6016065171188298422, 0.7987925879476794888 ) ) ;
#4025 = CARTESIAN_POINT ( 'NONE',  ( -25.00000000000001066, 9.227361275284076569, -37.27851252889134770 ) ) ;
#4026 = CIRCLE ( 'NONE', #3749, 12.50000000000000711 ) ;
#4027 = EDGE_CURVE ( 'NONE', #3201, #2633, #3385, .T. ) ;
#4028 = ORIENTED_EDGE ( 'NONE', *, *, #1185, .T. ) ;
#4029 = CARTESIAN_POINT ( 'NONE',  ( -25.00000000000001066, 10.81992229886324886, -33.57530454308011514 ) ) ;
#4030 = EDGE_CURVE ( 'NONE', #815, #3961, #4259, .T. ) ;
#4031 = AXIS2_PLACEMENT_3D ( 'NONE', #1334, #2638, #4051 ) ;
#4032 = CARTESIAN_POINT ( 'NONE',  ( -15.86139321437655525, 10.29181928879783037, -32.86344370697500494 ) ) ;
#4033 = DIRECTION ( 'NONE',  ( 0.000000000000000000, 0.6016065171188335059, -0.7987925879476767133 ) ) ;
#4034 = AXIS2_PLACEMENT_3D ( 'NONE', #1152, #3786, #2143 ) ;
#4035 = CARTESIAN_POINT ( 'NONE',  ( 14.01639157563048421, 9.358526877020585388, -31.34846236809343978 ) ) ;
#4036 = ORIENTED_EDGE ( 'NONE', *, *, #912, .F. ) ;
#4037 = DIRECTION ( 'NONE',  ( 0.000000000000000000, -0.6016065171188245131, 0.7987925879476834856 ) ) ;
#4038 = CIRCLE ( 'NONE', #2792, 17.00000000000000000 ) ;
#4039 = ORIENTED_EDGE ( 'NONE', *, *, #850, .T. ) ;
#4040 = EDGE_CURVE ( 'NONE', #1170, #4237, #540, .T. ) ;
#4041 = CARTESIAN_POINT ( 'NONE',  ( 0.000000000000000000, 8.000000000000000000, -23.64879701061940764 ) ) ;
#4042 = DIRECTION ( 'NONE',  ( 0.000000000000000000, 0.000000000000000000, 1.000000000000000000 ) ) ;
#4043 = CARTESIAN_POINT ( 'NONE',  ( 19.00000000000000000, 8.324951499605839800, -36.08032364696984473 ) ) ;
#4044 = VERTEX_POINT ( 'NONE', #847 ) ;
#4045 = DIRECTION ( 'NONE',  ( -0.000000000000000000, 1.000000000000000000, -0.000000000000000000 ) ) ;
#4046 = LINE ( 'NONE', #1327, #237 ) ;
#4047 = CARTESIAN_POINT ( 'NONE',  ( 16.61837372824478365, 10.52372501642249247, -33.18202339704959769 ) ) ;
#4048 = EDGE_LOOP ( 'NONE', ( #3017, #1037, #1111, #3215 ) ) ;
#4049 = LINE ( 'NONE', #2760, #301 ) ;
#4050 = CARTESIAN_POINT ( 'NONE',  ( -15.45528107727218448, 10.13648698240295509, -32.63909790313724102 ) ) ;
#4051 = DIRECTION ( 'NONE',  ( 0.000000000000000000, -0.6016065171188291760, 0.7987925879476798219 ) ) ;
#4052 = FACE_OUTER_BOUND ( 'NONE', #2399, .T. ) ;
#4053 = CARTESIAN_POINT ( 'NONE',  ( 13.33000967628481881, 8.759725327633484326, -30.07408745940935191 ) ) ;
#4054 = ORIENTED_EDGE ( 'NONE', *, *, #681, .F. ) ;
#4055 = CARTESIAN_POINT ( 'NONE',  ( 12.99999999999999467, 0.3944243752048346985, -0.6582341474793669267 ) ) ;
#4056 = ORIENTED_EDGE ( 'NONE', *, *, #3948, .F. ) ;
#4057 = DIRECTION ( 'NONE',  ( 1.156482317317871133E-15, 0.6016065171188301752, -0.7987925879476790447 ) ) ;
#4058 = CARTESIAN_POINT ( 'NONE',  ( 7.039682604951752835E-16, 15.49794329679169635, -38.95551304698745554 ) ) ;
#4059 = DIRECTION ( 'NONE',  ( 0.000000000000000000, -0.6016065171188315075, 0.7987925879476781565 ) ) ;
#4060 = CARTESIAN_POINT ( 'NONE',  ( 16.49999999999981171, 8.024148241046413332, -35.68092735299598672 ) ) ;
#4061 = ORIENTED_EDGE ( 'NONE', *, *, #883, .T. ) ;
#4062 = CARTESIAN_POINT ( 'NONE',  ( 12.61842574232712799, 3.821991418667528784, -9.529959090997172311 ) ) ;
#4063 = CARTESIAN_POINT ( 'NONE',  ( -25.00000000000000711, 31.66486439077936055, -61.25250677646659625 ) ) ;
#4064 = DIRECTION ( 'NONE',  ( 0.000000000000000000, -0.6016065171188246241, 0.7987925879476833746 ) ) ;
#4065 = ADVANCED_FACE ( 'NONE', ( #3518 ), #3802, .T. ) ;
#4066 = ORIENTED_EDGE ( 'NONE', *, *, #1641, .F. ) ;
#4067 = EDGE_LOOP ( 'NONE', ( #2862, #810, #1069, #3564 ) ) ;
#4068 = CYLINDRICAL_SURFACE ( 'NONE', #4218, 1.349999999921932758 ) ;
#4069 = LINE ( 'NONE', #838, #3271 ) ;
#4070 = CARTESIAN_POINT ( 'NONE',  ( -26.50000000000001776, 12.42253162707478431, -34.87208646041603544 ) ) ;
#4071 = LINE ( 'NONE', #426, #1511 ) ;
#4072 = CARTESIAN_POINT ( 'NONE',  ( 13.00000000000000000, 31.76345742619379209, -60.55230722393334020 ) ) ;
#4073 = FACE_OUTER_BOUND ( 'NONE', #726, .T. ) ;
#4074 = EDGE_CURVE ( 'NONE', #357, #2079, #2199, .T. ) ;
#4075 = ORIENTED_EDGE ( 'NONE', *, *, #2517, .T. ) ;
#4076 = CARTESIAN_POINT ( 'NONE',  ( 13.00000000000000355, 0.1987884331522019876, -0.3314237832575346876 ) ) ;
#4077 = ORIENTED_EDGE ( 'NONE', *, *, #1234, .T. ) ;
#4078 = CARTESIAN_POINT ( 'NONE',  ( -14.26379795314889698, 7.120580058664280010, -34.37728255691254731 ) ) ;
#4079 = CARTESIAN_POINT ( 'NONE',  ( 12.50000000000000355, 8.000000000000000000, -23.64879701061940764 ) ) ;
#4080 = DIRECTION ( 'NONE',  ( -1.000000000000000000, 0.000000000000000000, 0.000000000000000000 ) ) ;
#4081 = DIRECTION ( 'NONE',  ( -0.000000000000000000, 0.7987925879476792668, 0.6016065171188299532 ) ) ;
#4082 = VERTEX_POINT ( 'NONE', #1188 ) ;
#4083 = LINE ( 'NONE', #3412, #3328 ) ;
#4084 = CARTESIAN_POINT ( 'NONE',  ( -25.00000000000001066, 8.324951499605839800, -36.08032364696984473 ) ) ;
#4085 = CARTESIAN_POINT ( 'NONE',  ( 14.68968652185008672, 9.774762298179938469, -32.07771991869619654 ) ) ;
#4086 = VECTOR ( 'NONE', #3894, 1000.000000000000114 ) ;
#4087 = ORIENTED_EDGE ( 'NONE', *, *, #883, .F. ) ;
#4088 = EDGE_LOOP ( 'NONE', ( #1031, #1281, #3755, #2915, #3505, #3479 ) ) ;
#4089 = LINE ( 'NONE', #1848, #506 ) ;
#4090 = DIRECTION ( 'NONE',  ( -0.000000000000000000, 0.7987925879476833746, 0.6016065171188246241 ) ) ;
#4091 = CARTESIAN_POINT ( 'NONE',  ( -19.00000000000000000, 62.47005978620111932, 5.324730073291809695 ) ) ;
#4092 = EDGE_CURVE ( 'NONE', #758, #1454, #3357, .T. ) ;
#4093 = VECTOR ( 'NONE', #2610, 1000.000000000000000 ) ;
#4094 = CARTESIAN_POINT ( 'NONE',  ( 12.98909611515891172, 0.7155082439086372093, -1.401756027488120893 ) ) ;
#4095 = VECTOR ( 'NONE', #1763, 1000.000000000000000 ) ;
#4096 = CARTESIAN_POINT ( 'NONE',  ( 0.000000000000000000, 2.799999999999999822, 0.000000000000000000 ) ) ;
#4097 = DIRECTION ( 'NONE',  ( -0.000000000000000000, 0.7987925879476791557, 0.6016065171188300642 ) ) ;
#4098 = AXIS2_PLACEMENT_3D ( 'NONE', #3146, #2440, #138 ) ;
#4099 = CARTESIAN_POINT ( 'NONE',  ( -13.00000000000000000, 8.112578415917012009, -28.10299002502895860 ) ) ;
#4100 = CARTESIAN_POINT ( 'NONE',  ( 24.99999999999999289, 27.66587729872483337, -61.76054441048713528 ) ) ;
#4101 = DIRECTION ( 'NONE',  ( 0.000000000000000000, 0.6016065171188305083, -0.7987925879476788227 ) ) ;
#4102 = EDGE_CURVE ( 'NONE', #2334, #533, #3846, .T. ) ;
#4103 = CARTESIAN_POINT ( 'NONE',  ( 0.000000000000000000, 6.000000000000000000, 0.000000000000000000 ) ) ;
#4104 = CARTESIAN_POINT ( 'NONE',  ( 12.50001030812370217, 8.636992645336572849, -28.12130758495871419 ) ) ;
#4105 = EDGE_CURVE ( 'NONE', #2385, #4225, #1509, .T. ) ;
#4106 = ORIENTED_EDGE ( 'NONE', *, *, #3670, .T. ) ;
#4107 = DIRECTION ( 'NONE',  ( 0.000000000000000000, -0.6016065171188298422, 0.7987925879476794888 ) ) ;
#4108 = EDGE_CURVE ( 'NONE', #979, #3448, #222, .T. ) ;
#4109 = CARTESIAN_POINT ( 'NONE',  ( 13.00000000000000000, 4.500000000000005329, -11.52171862180292194 ) ) ;
#4110 = CARTESIAN_POINT ( 'NONE',  ( -15.56671829289179776, 10.94460320833875677, -32.89856864639228462 ) ) ;
#4111 = ORIENTED_EDGE ( 'NONE', *, *, #4014, .F. ) ;
#4112 = VERTEX_POINT ( 'NONE', #527 ) ;
#4113 = LINE ( 'NONE', #118, #2292 ) ;
#4114 = FACE_OUTER_BOUND ( 'NONE', #352, .T. ) ;
#4115 = DIRECTION ( 'NONE',  ( 0.000000000000000000, -0.7987925879476791557, -0.6016065171188300642 ) ) ;
#4116 = CARTESIAN_POINT ( 'NONE',  ( 12.93238163463086643, 1.769270392406925074, -3.556736600271868554 ) ) ;
#4117 = EDGE_CURVE ( 'NONE', #2263, #1735, #2055, .T. ) ;
#4118 = CYLINDRICAL_SURFACE ( 'NONE', #2940, 10.05000000000000071 ) ;
#4119 = CYLINDRICAL_SURFACE ( 'NONE', #1406, 2.350000000000000089 ) ;
#4120 = EDGE_CURVE ( 'NONE', #4184, #357, #910, .T. ) ;
#4121 = CARTESIAN_POINT ( 'NONE',  ( 13.00000000000000355, 3.569036635447820238, -6.861038003430195431 ) ) ;
#4122 = FACE_OUTER_BOUND ( 'NONE', #2010, .T. ) ;
#4123 = FACE_BOUND ( 'NONE', #1655, .T. ) ;
#4124 = CARTESIAN_POINT ( 'NONE',  ( -13.00000000000000178, 4.489334684538388132, -10.99476708041157380 ) ) ;
#4125 = DIRECTION ( 'NONE',  ( 0.000000000000000000, 0.000000000000000000, -1.000000000000000000 ) ) ;
#4126 = VECTOR ( 'NONE', #1147, 1000.000000000000000 ) ;
#4127 = ORIENTED_EDGE ( 'NONE', *, *, #2141, .F. ) ;
#4128 = DIRECTION ( 'NONE',  ( 0.000000000000000000, 0.7987925879476833746, 0.6016065171188246241 ) ) ;
#4129 = AXIS2_PLACEMENT_3D ( 'NONE', #53, #1369, #1061 ) ;
#4130 = CARTESIAN_POINT ( 'NONE',  ( -3.955169525227120175E-13, 6.000000000000000000, 9.350000000000010303 ) ) ;
#4131 = CARTESIAN_POINT ( 'NONE',  ( -3.955169525227120175E-13, 7.500000000000015099, 9.350000000000010303 ) ) ;
#4132 = ORIENTED_EDGE ( 'NONE', *, *, #3342, .T. ) ;
#4133 = EDGE_CURVE ( 'NONE', #73, #3529, #3121, .T. ) ;
#4134 = ORIENTED_EDGE ( 'NONE', *, *, #955, .F. ) ;
#4135 = DIRECTION ( 'NONE',  ( 0.000000000000000000, 0.6016065171188299532, -0.7987925879476792668 ) ) ;
#4136 = CARTESIAN_POINT ( 'NONE',  ( -7.800000000000025580, 4.000000000000000000, -1.431146867680865853E-13 ) ) ;
#4137 = CARTESIAN_POINT ( 'NONE',  ( 15.09683329202787583, 7.547485850212357406, -35.02241409130797933 ) ) ;
#4138 = ORIENTED_EDGE ( 'NONE', *, *, #3827, .F. ) ;
#4139 = DIRECTION ( 'NONE',  ( 0.000000000000000000, 0.7987925879476801549, 0.6016065171188289540 ) ) ;
#4140 = CARTESIAN_POINT ( 'NONE',  ( 13.00000000000000000, 2.655913660192383841, -4.736617076629342726 ) ) ;
#4141 = LINE ( 'NONE', #1858, #372 ) ;
#4142 = CARTESIAN_POINT ( 'NONE',  ( -15.91512053615083389, 11.06319040199048587, -33.06504632842131031 ) ) ;
#4143 = CARTESIAN_POINT ( 'NONE',  ( -12.50000000000000533, 24.00000000000000000, -23.64879701061940764 ) ) ;
#4144 = CARTESIAN_POINT ( 'NONE',  ( 13.38728938542987379, 9.807930075343866960, -31.03825036235485513 ) ) ;
#4145 = EDGE_CURVE ( 'NONE', #2672, #3590, #3081, .T. ) ;
#4146 = EDGE_LOOP ( 'NONE', ( #2099, #567, #3050, #4251 ) ) ;
#4147 = CARTESIAN_POINT ( 'NONE',  ( 12.99999999999999467, 4.499992178115157948, -11.25735404080002766 ) ) ;
#4148 = CARTESIAN_POINT ( 'NONE',  ( -20.00000000000000000, 16.04019321852913649, -46.32435811789853375 ) ) ;
#4149 = CARTESIAN_POINT ( 'NONE',  ( -14.90411708369896360, 10.68506439498359128, -32.52094534014628380 ) ) ;
#4150 = EDGE_LOOP ( 'NONE', ( #1011, #3491, #2029, #385 ) ) ;
#4151 = CARTESIAN_POINT ( 'NONE',  ( 16.69230769230767208, 8.145879988657751980, -35.01145059230684353 ) ) ;
#4152 = CARTESIAN_POINT ( 'NONE',  ( -5.000000000000009770, 28.86909033296249305, -63.35812958638249626 ) ) ;
#4153 = DIRECTION ( 'NONE',  ( 1.000000000000000000, 0.000000000000000000, 0.000000000000000000 ) ) ;
#4154 = VECTOR ( 'NONE', #801, 1000.000000000000000 ) ;
#4155 = CARTESIAN_POINT ( 'NONE',  ( -13.00000000000000178, 4.442624044307437181, -10.42287152927352878 ) ) ;
#4156 = ADVANCED_FACE ( 'NONE', ( #1169 ), #3927, .F. ) ;
#4157 = CARTESIAN_POINT ( 'NONE',  ( -1.527920433558173173E-10, 2.799999999999999822, 7.000000000152056145 ) ) ;
#4158 = VECTOR ( 'NONE', #1171, 1000.000000000000114 ) ;
#4159 = CARTESIAN_POINT ( 'NONE',  ( 13.00000000000000000, 1.551771057575616508, -2.641338907286665538 ) ) ;
#4160 = CARTESIAN_POINT ( 'NONE',  ( -13.43939356701366350, 6.431759692800461004, -32.19190286765481801 ) ) ;
#4161 = DIRECTION ( 'NONE',  ( -1.000000000000000000, 0.000000000000000000, 0.000000000000000000 ) ) ;
#4162 = AXIS2_PLACEMENT_3D ( 'NONE', #1200, #1527, #3088 ) ;
#4163 = CARTESIAN_POINT ( 'NONE',  ( -13.00000000000000178, 2.559875919642272457, -4.531249564837684041 ) ) ;
#4164 = CARTESIAN_POINT ( 'NONE',  ( 13.46873805877191543, 9.869950653192450574, -31.15608259453477302 ) ) ;
#4165 = CIRCLE ( 'NONE', #2851, 2.350000000000000533 ) ;
#4166 = ORIENTED_EDGE ( 'NONE', *, *, #1246, .F. ) ;
#4167 = EDGE_CURVE ( 'NONE', #2187, #805, #3930, .T. ) ;
#4168 = CARTESIAN_POINT ( 'NONE',  ( 12.99999999999999822, 3.679769473914559885, -7.167368380904512115 ) ) ;
#4169 = CARTESIAN_POINT ( 'NONE',  ( -7.800000000000025580, 4.000000000000000000, -1.925000000000143485 ) ) ;
#4170 = CARTESIAN_POINT ( 'NONE',  ( -14.04053732193435344, 10.24662969848453287, -31.82489107475577939 ) ) ;
#4171 = ORIENTED_EDGE ( 'NONE', *, *, #1055, .T. ) ;
#4172 = ORIENTED_EDGE ( 'NONE', *, *, #4092, .F. ) ;
#4173 = CARTESIAN_POINT ( 'NONE',  ( -14.97368272597225847, 7.488730503981700259, -34.93547781307304234 ) ) ;
#4174 = CARTESIAN_POINT ( 'NONE',  ( 14.44028973735271748, 7.224910424346816740, -33.65416013124220740 ) ) ;
#4175 = CARTESIAN_POINT ( 'NONE',  ( 12.78858710367580365, 5.858763354204871376, -32.06911574524509234 ) ) ;
#4176 = ORIENTED_EDGE ( 'NONE', *, *, #4196, .T. ) ;
#4177 = FACE_BOUND ( 'NONE', #3790, .T. ) ;
#4178 = DIRECTION ( 'NONE',  ( -0.000000000000000000, 0.7987925879476791557, 0.6016065171188300642 ) ) ;
#4179 = EDGE_CURVE ( 'NONE', #3229, #974, #1253, .T. ) ;
#4180 = CARTESIAN_POINT ( 'NONE',  ( 12.99999999999999822, 2.973838861109509679, -5.415435239143937984 ) ) ;
#4181 = CARTESIAN_POINT ( 'NONE',  ( 26.50000000000001421, 30.86104765051554111, -59.35411834201180881 ) ) ;
#4182 = CARTESIAN_POINT ( 'NONE',  ( -12.64811915870637726, 3.727721160039413117, -9.035299214712541271 ) ) ;
#4183 = CARTESIAN_POINT ( 'NONE',  ( 12.96158925093775949, 9.435967980948895217, -30.27986304434663722 ) ) ;
#4184 = VERTEX_POINT ( 'NONE', #2899 ) ;
#4185 = CARTESIAN_POINT ( 'NONE',  ( 26.99999999999999289, 62.47005978620111932, 5.324730073291809695 ) ) ;
#4186 = DIRECTION ( 'NONE',  ( 0.000000000000000000, 0.000000000000000000, 1.000000000000000000 ) ) ;
#4187 = CARTESIAN_POINT ( 'NONE',  ( 12.99999999999999822, 8.187151946401575842, -28.40070745702016453 ) ) ;
#4188 = AXIS2_PLACEMENT_3D ( 'NONE', #156, #1796, #434 ) ;
#4189 = EDGE_CURVE ( 'NONE', #2535, #307, #3926, .T. ) ;
#4190 = VERTEX_POINT ( 'NONE', #1640 ) ;
#4191 = ORIENTED_EDGE ( 'NONE', *, *, #3991, .T. ) ;
#4192 = AXIS2_PLACEMENT_3D ( 'NONE', #1012, #2678, #3990 ) ;
#4193 = DIRECTION ( 'NONE',  ( 0.000000000000000000, 0.000000000000000000, -1.000000000000000000 ) ) ;
#4194 = CARTESIAN_POINT ( 'NONE',  ( 15.06515122983780230, 7.563543418665116924, -34.18736845845285899 ) ) ;
#4195 = CARTESIAN_POINT ( 'NONE',  ( -13.00000000000000178, 4.280121576790799409, -9.327936411535969086 ) ) ;
#4196 = EDGE_CURVE ( 'NONE', #4237, #1498, #2673, .T. ) ;
#4197 = ORIENTED_EDGE ( 'NONE', *, *, #2829, .F. ) ;
#4198 = DIRECTION ( 'NONE',  ( 0.000000000000000000, 0.7987925879476833746, 0.6016065171188246241 ) ) ;
#4199 = CARTESIAN_POINT ( 'NONE',  ( 16.49999999999981171, 8.024148241046413332, -35.68092735299598672 ) ) ;
#4200 = CARTESIAN_POINT ( 'NONE',  ( 13.00000000000000178, 3.283724271572383557, -6.132107375113315939 ) ) ;
#4201 = CARTESIAN_POINT ( 'NONE',  ( 15.39583801731848745, 10.88295857708782677, -32.81087630318763360 ) ) ;
#4202 = CARTESIAN_POINT ( 'NONE',  ( -13.00000000000000533, 4.133278941290302377, -8.674896281299078638 ) ) ;
#4203 = CARTESIAN_POINT ( 'NONE',  ( 12.84067136026735056, 2.672242624146496492, -5.637167559748477608 ) ) ;
#4204 = EDGE_CURVE ( 'NONE', #533, #1893, #1275, .T. ) ;
#4205 = ORIENTED_EDGE ( 'NONE', *, *, #3020, .F. ) ;
#4206 = FACE_OUTER_BOUND ( 'NONE', #1969, .T. ) ;
#4207 = DIRECTION ( 'NONE',  ( -0.000000000000000000, 0.7987925879476792668, 0.6016065171188299532 ) ) ;
#4208 = CARTESIAN_POINT ( 'NONE',  ( -12.58610010094093745, 8.924970061437806024, -29.01233330579589875 ) ) ;
#4209 = ORIENTED_EDGE ( 'NONE', *, *, #2112, .F. ) ;
#4210 = ORIENTED_EDGE ( 'NONE', *, *, #111, .T. ) ;
#4211 = CARTESIAN_POINT ( 'NONE',  ( 0.000000000000000000, 0.000000000000000000, 0.000000000000000000 ) ) ;
#4212 = CYLINDRICAL_SURFACE ( 'NONE', #2842, 6.000000000000003553 ) ;
#4213 = CARTESIAN_POINT ( 'NONE',  ( -13.00000000000000000, 1.696654325237861860, -2.900341055992988970 ) ) ;
#4214 = ORIENTED_EDGE ( 'NONE', *, *, #2058, .T. ) ;
#4215 = CARTESIAN_POINT ( 'NONE',  ( 0.000000000000000000, 2.799999999999999822, -10.05000000000000071 ) ) ;
#4216 = EDGE_CURVE ( 'NONE', #1126, #1365, #995, .T. ) ;
#4217 = DIRECTION ( 'NONE',  ( 0.000000000000000000, -0.6016065171188291760, 0.7987925879476798219 ) ) ;
#4218 = AXIS2_PLACEMENT_3D ( 'NONE', #2418, #1783, #2805 ) ;
#4219 = AXIS2_PLACEMENT_3D ( 'NONE', #793, #2081, #3791 ) ;
#4220 = CARTESIAN_POINT ( 'NONE',  ( -16.44755371065618732, 8.080989107917947223, -34.92471282796569199 ) ) ;
#4221 = CARTESIAN_POINT ( 'NONE',  ( 15.77488099784360820, 11.01545766260734283, -32.99803664329484576 ) ) ;
#4222 = CARTESIAN_POINT ( 'NONE',  ( -12.68498080040316545, 3.584614246039762087, -8.417982200928907588 ) ) ;
#4223 = CARTESIAN_POINT ( 'NONE',  ( 12.80956779001197887, 2.901374402789919316, -6.234334289906599658 ) ) ;
#4224 = VECTOR ( 'NONE', #55, 1000.000000000000000 ) ;
#4225 = VERTEX_POINT ( 'NONE', #1764 ) ;
#4226 = ADVANCED_BREP_SHAPE_REPRESENTATION ( 'TPU_Gripper Adapter', ( #3285, #2060 ), #2398 ) ;
#4227 = DIRECTION ( 'NONE',  ( -0.7071067811865414665, 0.7071067811865536790, 0.000000000000000000 ) ) ;
#4228 = CARTESIAN_POINT ( 'NONE',  ( -13.00000000000000000, 4.000000000000000000, 13.00100000000000300 ) ) ;
#4229 = CARTESIAN_POINT ( 'NONE',  ( -15.67308124675872705, 10.22271762509679860, -32.76480713171272185 ) ) ;
#4230 = AXIS2_PLACEMENT_3D ( 'NONE', #3082, #208, #1520 ) ;
#4231 = ORIENTED_EDGE ( 'NONE', *, *, #4030, .T. ) ;
#4232 = ORIENTED_EDGE ( 'NONE', *, *, #3708, .T. ) ;
#4233 = CARTESIAN_POINT ( 'NONE',  ( -13.74393971956793514, 6.786889255863437498, -33.83635563797881929 ) ) ;
#4234 = CARTESIAN_POINT ( 'NONE',  ( 0.000000000000000000, 7.499999999999986677, 0.000000000000000000 ) ) ;
#4235 = CARTESIAN_POINT ( 'NONE',  ( -12.99999999999999645, 3.748944802543492383, -7.367377749680906085 ) ) ;
#4236 = CARTESIAN_POINT ( 'NONE',  ( 15.40110665304133875, 7.716336091253504392, -34.41443695353825660 ) ) ;
#4237 = VERTEX_POINT ( 'NONE', #470 ) ;
#4238 = VECTOR ( 'NONE', #2806, 1000.000000000000000 ) ;
#4239 = CARTESIAN_POINT ( 'NONE',  ( -1.501040669211631018E-10, 7.500000000000015099, -6.999999999692551711 ) ) ;
#4240 = FACE_BOUND ( 'NONE', #961, .T. ) ;
#4241 = CARTESIAN_POINT ( 'NONE',  ( 26.49999999999998934, 9.227361275284081898, -37.27851252889135480 ) ) ;
#4242 = EDGE_CURVE ( 'NONE', #3692, #979, #4071, .T. ) ;
#4243 = CARTESIAN_POINT ( 'NONE',  ( 13.00000000000000000, 4.049923003276511224, -8.360692591257878448 ) ) ;
#4244 = CARTESIAN_POINT ( 'NONE',  ( 12.99999999999999822, 8.112578415917027996, -28.10299002502894439 ) ) ;
#4245 = CARTESIAN_POINT ( 'NONE',  ( 12.90596038100355258, 2.078077368545293346, -4.232181608114941262 ) ) ;
#4246 = EDGE_CURVE ( 'NONE', #3702, #4190, #2763, .T. ) ;
#4247 = ORIENTED_EDGE ( 'NONE', *, *, #293, .F. ) ;
#4248 = CARTESIAN_POINT ( 'NONE',  ( -12.77518487130083180, 3.123619322132138887, -6.861474681241620743 ) ) ;
#4249 = CARTESIAN_POINT ( 'NONE',  ( -3.952291605249124114E-13, 7.500000000000015099, 4.650000000000011013 ) ) ;
#4250 = CARTESIAN_POINT ( 'NONE',  ( -13.43271470063454842, 8.869900132298207396, -30.33492011041957426 ) ) ;
#4251 = ORIENTED_EDGE ( 'NONE', *, *, #4108, .T. ) ;
#4252 = CARTESIAN_POINT ( 'NONE',  ( -12.66581826501027663, 5.662091291864457254, -31.63175434839327238 ) ) ;
#4253 = CARTESIAN_POINT ( 'NONE',  ( 14.47806339894861161, 7.247691128291195106, -33.69140253495164217 ) ) ;
#4254 =( GEOMETRIC_REPRESENTATION_CONTEXT ( 3 ) GLOBAL_UNCERTAINTY_ASSIGNED_CONTEXT ( ( #3977 ) ) GLOBAL_UNIT_ASSIGNED_CONTEXT ( ( #2490, #1853, #3111 ) ) REPRESENTATION_CONTEXT ( 'NONE', 'WORKASPACE' ) );
#4255 = CARTESIAN_POINT ( 'NONE',  ( -13.00000000000000355, 3.602814491340673442, -6.953214510588267672 ) ) ;
#4256 = CARTESIAN_POINT ( 'NONE',  ( 13.68472279980588802, 6.673398136667668901, -32.67637333791699206 ) ) ;
#4257 = EDGE_CURVE ( 'NONE', #1365, #2067, #2808, .T. ) ;
#4258 = ORIENTED_EDGE ( 'NONE', *, *, #4027, .T. ) ;
#4259 = CIRCLE ( 'NONE', #2809, 6.500000000000065725 ) ;
#4260 = ORIENTED_EDGE ( 'NONE', *, *, #641, .T. ) ;
#4261 = CARTESIAN_POINT ( 'NONE',  ( 20.00000000000000000, 19.23536357031985844, -43.91793204942322149 ) ) ;
#4262 = ADVANCED_FACE ( 'NONE', ( #4052 ), #3365, .F. ) ;
#4263 = DIRECTION ( 'NONE',  ( -0.7071067811865524577, -0.5648316556993517867, -0.4254000478607425362 ) ) ;
#4264 = DIRECTION ( 'NONE',  ( -0.000000000000000000, -1.000000000000000000, -0.000000000000000000 ) ) ;
ENDSEC;
END-ISO-10303-21;
