ISO-10303-21;
HEADER;
FILE_DESCRIPTION (( 'STEP AP214' ),
    '1' );
FILE_NAME ('6060 base fastener.STEP',
    '2026-08-14T06:08:26',
    ( '' ),
    ( '' ),
    'SwSTEP 2.0',
    'SolidWorks 2026',
    '' );
FILE_SCHEMA (( 'AUTOMOTIVE_DESIGN' ));
ENDSEC;

DATA;
#1 = DIRECTION ( 'NONE',  ( 0.000000000000000000, 0.000000000000000000, -1.000000000000000000 ) ) ;
#2 = CARTESIAN_POINT ( 'NONE',  ( -0.7912798776136079626, 12.30000000000000249, -97.11511566413554419 ) ) ;
#3 = CONICAL_SURFACE ( 'NONE', #7370, 6.678199262354605814, 0.6981317007977448919 ) ;
#4 = DIRECTION ( 'NONE',  ( 0.000000000000000000, -1.000000000000000000, 0.000000000000000000 ) ) ;
#5 = CARTESIAN_POINT ( 'NONE',  ( 117.0000000000000142, 20.00000000000000000, 107.0000000000000000 ) ) ;
#6 = VERTEX_POINT ( 'NONE', #1204 ) ;
#7 = LINE ( 'NONE', #6831, #818 ) ;
#8 = AXIS2_PLACEMENT_3D ( 'NONE', #1581, #8339, #7748 ) ;
#9 = CARTESIAN_POINT ( 'NONE',  ( 107.0000000000000000, 12.29999999999997762, 112.0000000000000000 ) ) ;
#10 = CARTESIAN_POINT ( 'NONE',  ( -2.711703438157626156, 10.30000000000000249, -81.46525977104990091 ) ) ;
#11 = CARTESIAN_POINT ( 'NONE',  ( -2.081668171172167882E-14, 0.000000000000000000, 111.4499999999999886 ) ) ;
#12 = CARTESIAN_POINT ( 'NONE',  ( 0.000000000000000000, 10.30000000000000071, -92.36896198777731115 ) ) ;
#13 = ORIENTED_EDGE ( 'NONE', *, *, #6863, .F. ) ;
#14 = AXIS2_PLACEMENT_3D ( 'NONE', #1307, #3396, #682 ) ;
#15 = ORIENTED_EDGE ( 'NONE', *, *, #8436, .T. ) ;
#16 = EDGE_CURVE ( 'NONE', #1027, #8020, #6784, .T. ) ;
#17 = LINE ( 'NONE', #598, #6450 ) ;
#18 = CARTESIAN_POINT ( 'NONE',  ( -79.37009210107805757, 10.29999999999999716, -98.98208256679998840 ) ) ;
#19 = VERTEX_POINT ( 'NONE', #5378 ) ;
#20 = ORIENTED_EDGE ( 'NONE', *, *, #4068, .T. ) ;
#21 = FACE_OUTER_BOUND ( 'NONE', #4203, .T. ) ;
#22 = DIRECTION ( 'NONE',  ( 0.000000000000000000, 0.7071067811865507924, 0.7071067811865441310 ) ) ;
#23 = CARTESIAN_POINT ( 'NONE',  ( -111.9999999999999716, 20.00000000000000000, -69.99999999999961631 ) ) ;
#24 = CARTESIAN_POINT ( 'NONE',  ( 32.89100277204224909, -247.2515920719888811, 112.0000000000000000 ) ) ;
#25 = DIRECTION ( 'NONE',  ( 0.000000000000000000, 1.000000000000000000, 0.000000000000000000 ) ) ;
#26 = ORIENTED_EDGE ( 'NONE', *, *, #5256, .F. ) ;
#27 = VERTEX_POINT ( 'NONE', #3302 ) ;
#28 = DIRECTION ( 'NONE',  ( -0.6427876096865483557, 0.7660444431189704639, 0.000000000000000000 ) ) ;
#29 = LINE ( 'NONE', #6909, #2252 ) ;
#30 = EDGE_LOOP ( 'NONE', ( #4160, #5806, #1544, #336 ) ) ;
#31 = VECTOR ( 'NONE', #8270, 1000.000000000000000 ) ;
#32 = CARTESIAN_POINT ( 'NONE',  ( -84.82786055485176746, 10.29999999999999716, -81.12303644544962822 ) ) ;
#33 = CARTESIAN_POINT ( 'NONE',  ( -81.17482488493389781, 12.29999999999999893, -100.1479403966633157 ) ) ;
#34 = ADVANCED_FACE ( 'NONE', ( #4117 ), #5525, .F. ) ;
#35 = ORIENTED_EDGE ( 'NONE', *, *, #2760, .T. ) ;
#36 = DIRECTION ( 'NONE',  ( -0.000000000000000000, 1.000000000000000000, -0.000000000000000000 ) ) ;
#37 = VECTOR ( 'NONE', #3433, 1000.000000000000114 ) ;
#38 = VECTOR ( 'NONE', #3355, 1000.000000000000000 ) ;
#39 = ORIENTED_EDGE ( 'NONE', *, *, #40, .T. ) ;
#40 = EDGE_CURVE ( 'NONE', #4876, #7249, #8830, .T. ) ;
#41 = EDGE_CURVE ( 'NONE', #2137, #8017, #2923, .T. ) ;
#42 = EDGE_CURVE ( 'NONE', #19, #27, #6058, .T. ) ;
#43 = EDGE_CURVE ( 'NONE', #5122, #8700, #8789, .T. ) ;
#44 = VERTEX_POINT ( 'NONE', #8154 ) ;
#45 = CARTESIAN_POINT ( 'NONE',  ( 75.45000000000000284, 2.000000000000000000, 83.77180073764539259 ) ) ;
#46 = LINE ( 'NONE', #5054, #2827 ) ;
#47 = CARTESIAN_POINT ( 'NONE',  ( 49.45374916935988097, 12.30000000000000071, -79.41359231860285206 ) ) ;
#48 = AXIS2_PLACEMENT_3D ( 'NONE', #4945, #6886, #6197 ) ;
#49 = CARTESIAN_POINT ( 'NONE',  ( 53.49729820731779029, 10.29999999999999893, -87.29422186869982170 ) ) ;
#50 = LINE ( 'NONE', #3614, #8094 ) ;
#51 = VECTOR ( 'NONE', #8222, 1000.000000000000000 ) ;
#52 = AXIS2_PLACEMENT_3D ( 'NONE', #3820, #422, #2462 ) ;
#53 = CARTESIAN_POINT ( 'NONE',  ( 107.0000000000000142, 20.00000000000000000, 107.0000000000000000 ) ) ;
#54 = CARTESIAN_POINT ( 'NONE',  ( -47.30000000000032401, 10.90000000000000213, 47.29999999999965610 ) ) ;
#55 = ORIENTED_EDGE ( 'NONE', *, *, #480, .T. ) ;
#56 = DIRECTION ( 'NONE',  ( -0.000000000000000000, 1.000000000000000000, -0.000000000000000000 ) ) ;
#57 = DIRECTION ( 'NONE',  ( 0.6427876096865482447, -0.7660444431189705750, 0.000000000000000000 ) ) ;
#58 = DIRECTION ( 'NONE',  ( 0.000000000000000000, 0.000000000000000000, 1.000000000000000000 ) ) ;
#59 = CARTESIAN_POINT ( 'NONE',  ( 117.0000000000007390, 16.00000000000000000, 89.86523063261957134 ) ) ;
#60 = CARTESIAN_POINT ( 'NONE',  ( 93.45000000000000284, 0.000000000000000000, 88.45000000000000284 ) ) ;
#61 = ORIENTED_EDGE ( 'NONE', *, *, #5515, .T. ) ;
#62 = VERTEX_POINT ( 'NONE', #1937 ) ;
#63 = ORIENTED_EDGE ( 'NONE', *, *, #346, .F. ) ;
#64 = LINE ( 'NONE', #2088, #4868 ) ;
#65 = DIRECTION ( 'NONE',  ( -0.000000000000000000, -1.000000000000000000, -0.000000000000000000 ) ) ;
#66 = ORIENTED_EDGE ( 'NONE', *, *, #7073, .T. ) ;
#67 = EDGE_LOOP ( 'NONE', ( #418, #5225, #1819, #3889 ) ) ;
#68 = CARTESIAN_POINT ( 'NONE',  ( 5.379443795910335169, 12.30000000000000249, -88.23332230019794054 ) ) ;
#69 = FACE_OUTER_BOUND ( 'NONE', #6998, .T. ) ;
#70 = CARTESIAN_POINT ( 'NONE',  ( 0.000000000000000000, 10.30000000000000071, -95.76896198777731684 ) ) ;
#71 = DIRECTION ( 'NONE',  ( 1.000000000000000000, 0.000000000000000000, -0.000000000000000000 ) ) ;
#72 = DIRECTION ( 'NONE',  ( -1.000000000000000000, 0.000000000000000000, -0.000000000000000000 ) ) ;
#73 = ORIENTED_EDGE ( 'NONE', *, *, #3520, .T. ) ;
#74 = ORIENTED_EDGE ( 'NONE', *, *, #2083, .F. ) ;
#75 = FACE_OUTER_BOUND ( 'NONE', #8505, .T. ) ;
#76 = EDGE_CURVE ( 'NONE', #6293, #2484, #2576, .T. ) ;
#77 = CARTESIAN_POINT ( 'NONE',  ( -85.97715365627382766, 12.29999999999999893, -76.68903051396844717 ) ) ;
#78 = EDGE_LOOP ( 'NONE', ( #680, #8421, #5446, #5893 ) ) ;
#79 = CARTESIAN_POINT ( 'NONE',  ( -68.44999999999997442, 4.000000000000000000, 68.45000000000000284 ) ) ;
#80 = DIRECTION ( 'NONE',  ( -0.000000000000000000, 1.000000000000000000, -0.000000000000000000 ) ) ;
#81 = VERTEX_POINT ( 'NONE', #8928 ) ;
#82 = ORIENTED_EDGE ( 'NONE', *, *, #3043, .F. ) ;
#83 = DIRECTION ( 'NONE',  ( 0.000000000000000000, 0.000000000000000000, -1.000000000000000000 ) ) ;
#84 = CARTESIAN_POINT ( 'NONE',  ( 1.817779467013370676, 12.29999999999999893, -85.24937067359256559 ) ) ;
#85 = VECTOR ( 'NONE', #858, 1000.000000000000000 ) ;
#86 = CARTESIAN_POINT ( 'NONE',  ( 6.829135036628676048, 12.30000000000000071, -100.5292163148764217 ) ) ;
#87 = AXIS2_PLACEMENT_3D ( 'NONE', #1751, #1062, #8772 ) ;
#88 = EDGE_CURVE ( 'NONE', #787, #4190, #7230, .T. ) ;
#89 = CARTESIAN_POINT ( 'NONE',  ( 48.12671084024881196, 12.30000000000000071, -81.94469111801100780 ) ) ;
#90 = PLANE ( 'NONE',  #4086 ) ;
#91 = PLANE ( 'NONE',  #4767 ) ;
#92 = EDGE_CURVE ( 'NONE', #6224, #639, #139, .T. ) ;
#93 = AXIS2_PLACEMENT_3D ( 'NONE', #4617, #8116, #1896 ) ;
#94 = VECTOR ( 'NONE', #6908, 1000.000000000000000 ) ;
#95 = FACE_OUTER_BOUND ( 'NONE', #6036, .T. ) ;
#96 = DIRECTION ( 'NONE',  ( 0.000000000000000000, 0.000000000000000000, 1.000000000000000000 ) ) ;
#97 = AXIS2_PLACEMENT_3D ( 'NONE', #7087, #970, #2153 ) ;
#98 = ORIENTED_EDGE ( 'NONE', *, *, #6770, .T. ) ;
#99 = CARTESIAN_POINT ( 'NONE',  ( 0.000000000000000000, 0.000000000000000000, -80.44999999999998863 ) ) ;
#100 = CIRCLE ( 'NONE', #6733, 9.999999999999980460 ) ;
#101 = LINE ( 'NONE', #5666, #6217 ) ;
#102 = CARTESIAN_POINT ( 'NONE',  ( -23.25899999999998258, 10.30000000000000071, -77.00896198777729751 ) ) ;
#103 = DIRECTION ( 'NONE',  ( -1.000000000000000000, 0.000000000000000000, 0.000000000000000000 ) ) ;
#104 = DIRECTION ( 'NONE',  ( -2.740657271095691419E-17, 0.9063077870366512689, 0.4226182617406967212 ) ) ;
#105 = ADVANCED_FACE ( 'NONE', ( #95 ), #7670, .T. ) ;
#106 = ADVANCED_FACE ( 'NONE', ( #179 ), #1492, .T. ) ;
#107 = ORIENTED_EDGE ( 'NONE', *, *, #8040, .F. ) ;
#108 = AXIS2_PLACEMENT_3D ( 'NONE', #930, #2938, #2848 ) ;
#109 = ORIENTED_EDGE ( 'NONE', *, *, #8770, .T. ) ;
#110 = VERTEX_POINT ( 'NONE', #765 ) ;
#111 = CARTESIAN_POINT ( 'NONE',  ( 70.00000000000000000, 20.00000000000000000, -112.0000000000000000 ) ) ;
#112 = CARTESIAN_POINT ( 'NONE',  ( -80.22546532028711397, 12.30000000000000249, -99.61710073133015442 ) ) ;
#113 = ORIENTED_EDGE ( 'NONE', *, *, #979, .T. ) ;
#114 = EDGE_CURVE ( 'NONE', #3606, #7088, #2942, .T. ) ;
#115 = ORIENTED_EDGE ( 'NONE', *, *, #5193, .T. ) ;
#116 = CARTESIAN_POINT ( 'NONE',  ( 2.611777636827390392, 10.30000000000000071, -90.23124641640067978 ) ) ;
#117 = FACE_OUTER_BOUND ( 'NONE', #1259, .T. ) ;
#118 = CIRCLE ( 'NONE', #4006, 6.678199262354605814 ) ;
#119 = DIRECTION ( 'NONE',  ( -0.000000000000000000, 1.000000000000000000, -0.000000000000000000 ) ) ;
#120 = DIRECTION ( 'NONE',  ( 0.000000000000000000, 0.000000000000000000, 1.000000000000000000 ) ) ;
#121 = DIRECTION ( 'NONE',  ( -0.1592467030307479492, 0.000000000000000000, 0.9872388199285099253 ) ) ;
#122 = EDGE_LOOP ( 'NONE', ( #5718, #6417, #170, #5047 ) ) ;
#123 = ORIENTED_EDGE ( 'NONE', *, *, #4843, .F. ) ;
#124 = DIRECTION ( 'NONE',  ( 0.000000000000000000, 0.000000000000000000, 1.000000000000000000 ) ) ;
#125 = LINE ( 'NONE', #4241, #5153 ) ;
#126 = ORIENTED_EDGE ( 'NONE', *, *, #582, .T. ) ;
#127 = DIRECTION ( 'NONE',  ( -0.000000000000000000, 1.000000000000000000, -0.000000000000000000 ) ) ;
#128 = CARTESIAN_POINT ( 'NONE',  ( -78.60345906065818156, 12.29999999999999893, -98.25210936209178669 ) ) ;
#129 = ORIENTED_EDGE ( 'NONE', *, *, #456, .F. ) ;
#130 = VECTOR ( 'NONE', #3756, 1000.000000000000000 ) ;
#131 = EDGE_LOOP ( 'NONE', ( #6839, #6748, #6314, #2098 ) ) ;
#132 = LINE ( 'NONE', #6787, #6446 ) ;
#133 = EDGE_CURVE ( 'NONE', #2269, #3279, #4303, .T. ) ;
#134 = FACE_OUTER_BOUND ( 'NONE', #8707, .T. ) ;
#135 = CARTESIAN_POINT ( 'NONE',  ( 49.02201494853067487, 12.30000000000000071, -79.97045033276444315 ) ) ;
#136 = LINE ( 'NONE', #4254, #3357 ) ;
#137 = DIRECTION ( 'NONE',  ( -1.137613936111339002E-16, -0.6427876096865482447, 0.7660444431189705750 ) ) ;
#138 = B_SPLINE_SURFACE_WITH_KNOTS ( 'NONE', 3, 1, ( 
 ( #3261, #6020 ),
 ( #2670, #2534 ),
 ( #1815, #8026 ),
 ( #8117, #6111 ),
 ( #7386, #4758 ),
 ( #3310, #5438 ),
 ( #6650, #5304 ),
 ( #8075, #4577 ),
 ( #4620, #450 ),
 ( #1263, #5343 ),
 ( #3988, #592 ),
 ( #8797, #3354 ),
 ( #8884, #2582 ),
 ( #1897, #8210 ),
 ( #4664, #7431 ),
 ( #1995, #1856 ),
 ( #7345, #1125 ) ),
 .UNSPECIFIED., .F., .F., .F.,
 ( 4, 1, 1, 1, 1, 1, 1, 1, 1, 1, 1, 1, 1, 1, 4 ),
 ( 2, 2 ),
 ( 0.000000000000000000, 0.1515117252835140038, 0.2236454718722481472, 0.2928179978826851437, 0.3599813658667541105, 0.4253424332056771062, 0.4891255950026888732, 0.5507976436436770040, 0.6110738741777416161, 0.6693584875439776427, 0.7259294393514793553, 0.7816794060073223305, 0.8364583066756069440, 0.8906127282866175277, 1.000000000000000000 ),
 ( 0.000000000000000000, 1.000000000000000000 ),
 .UNSPECIFIED. ) ;
#139 = LINE ( 'NONE', #8516, #3637 ) ;
#140 = LINE ( 'NONE', #2856, #227 ) ;
#141 = VERTEX_POINT ( 'NONE', #2988 ) ;
#142 = DIRECTION ( 'NONE',  ( 0.000000000000000000, 0.000000000000000000, 1.000000000000000000 ) ) ;
#143 = VECTOR ( 'NONE', #6078, 1000.000000000000114 ) ;
#144 = CARTESIAN_POINT ( 'NONE',  ( -8.109999999999971010, 10.30000000000000071, -79.70896198777730035 ) ) ;
#145 = PLANE ( 'NONE',  #7905 ) ;
#146 = DIRECTION ( 'NONE',  ( -0.000000000000000000, 1.000000000000000000, -0.000000000000000000 ) ) ;
#147 = CARTESIAN_POINT ( 'NONE',  ( 91.73046126523996691, 20.00000000000000000, 117.0000000000000000 ) ) ;
#148 = VECTOR ( 'NONE', #5120, 1000.000000000000000 ) ;
#149 = ORIENTED_EDGE ( 'NONE', *, *, #1597, .F. ) ;
#150 = EDGE_LOOP ( 'NONE', ( #2261, #810, #2770, #7477, #2136, #6983, #8545, #2474, #4529, #3913, #1656, #6676 ) ) ;
#151 = CARTESIAN_POINT ( 'NONE',  ( -101.4500000000000455, 2.000000000000000000, 108.1281992623545563 ) ) ;
#152 = CARTESIAN_POINT ( 'NONE',  ( -106.9999999999999858, 20.00000000000000000, -112.0000000000000000 ) ) ;
#153 = VERTEX_POINT ( 'NONE', #5704 ) ;
#154 = ADVANCED_FACE ( 'NONE', ( #4258 ), #4979, .T. ) ;
#155 = ADVANCED_FACE ( 'NONE', ( #2900 ), #8468, .T. ) ;
#156 = ORIENTED_EDGE ( 'NONE', *, *, #3862, .F. ) ;
#157 = LINE ( 'NONE', #4955, #6008 ) ;
#158 = CARTESIAN_POINT ( 'NONE',  ( -87.94359959426023465, 12.29999999999999716, -80.91589988765126407 ) ) ;
#159 = CARTESIAN_POINT ( 'NONE',  ( 68.45000000000004547, 0.000000000000000000, 107.0000000000000142 ) ) ;
#160 = CARTESIAN_POINT ( 'NONE',  ( 108.1281992623546131, 2.000000000000000000, 101.4500000000000028 ) ) ;
#161 = DIRECTION ( 'NONE',  ( 0.000000000000000000, 0.000000000000000000, 1.000000000000000000 ) ) ;
#162 = ORIENTED_EDGE ( 'NONE', *, *, #5551, .F. ) ;
#163 = ORIENTED_EDGE ( 'NONE', *, *, #6666, .F. ) ;
#164 = CARTESIAN_POINT ( 'NONE',  ( -86.81200000000002603, 10.29999999999999893, -76.68896198777730433 ) ) ;
#165 = DIRECTION ( 'NONE',  ( 0.000000000000000000, 0.000000000000000000, -1.000000000000000000 ) ) ;
#166 = ORIENTED_EDGE ( 'NONE', *, *, #2412, .T. ) ;
#167 = CARTESIAN_POINT ( 'NONE',  ( -83.77180073764536417, 2.000000000000000000, 75.45000000000000284 ) ) ;
#168 = CARTESIAN_POINT ( 'NONE',  ( -76.44550182995500620, 12.29999999999999893, -94.36525726628325117 ) ) ;
#169 = ORIENTED_EDGE ( 'NONE', *, *, #3839, .T. ) ;
#170 = ORIENTED_EDGE ( 'NONE', *, *, #4360, .T. ) ;
#171 = CARTESIAN_POINT ( 'NONE',  ( 89.86523063261998345, 16.00000000000000000, -117.0000000000000000 ) ) ;
#172 = DIRECTION ( 'NONE',  ( 0.000000000000000000, 1.000000000000000000, 0.000000000000000000 ) ) ;
#173 = EDGE_CURVE ( 'NONE', #5511, #7088, #5786, .T. ) ;
#174 = CARTESIAN_POINT ( 'NONE',  ( 47.29999999999999005, 0.000000000000000000, -47.29999999999999005 ) ) ;
#175 = AXIS2_PLACEMENT_3D ( 'NONE', #876, #5088, #7860 ) ;
#176 = CARTESIAN_POINT ( 'NONE',  ( -67.04423606236410649, 4.299999999999999822, 4.850000000000011191 ) ) ;
#177 = EDGE_CURVE ( 'NONE', #2798, #2955, #295, .T. ) ;
#178 = DIRECTION ( 'NONE',  ( -0.000000000000000000, 1.000000000000000000, -0.000000000000000000 ) ) ;
#179 = FACE_OUTER_BOUND ( 'NONE', #7136, .T. ) ;
#180 = CARTESIAN_POINT ( 'NONE',  ( -0.4149999999999675060, 10.30000000000000249, -80.84896198777731513 ) ) ;
#181 = CIRCLE ( 'NONE', #5233, 6.678199262354605814 ) ;
#182 = VERTEX_POINT ( 'NONE', #5068 ) ;
#183 = CARTESIAN_POINT ( 'NONE',  ( -88.45000000000003126, 0.000000000000000000, -98.45000000000000284 ) ) ;
#184 = ADVANCED_FACE ( 'NONE', ( #1541 ), #6211, .F. ) ;
#185 = PLANE ( 'NONE',  #3400 ) ;
#186 = DIRECTION ( 'NONE',  ( -1.000000000000000000, 0.000000000000000000, 0.000000000000000000 ) ) ;
#187 = FACE_OUTER_BOUND ( 'NONE', #7826, .T. ) ;
#188 = VECTOR ( 'NONE', #4047, 1000.000000000000000 ) ;
#189 = CARTESIAN_POINT ( 'NONE',  ( 46.96800000000194331, 12.30000000000000071, -101.0089619877782212 ) ) ;
#190 = ORIENTED_EDGE ( 'NONE', *, *, #433, .T. ) ;
#191 = ORIENTED_EDGE ( 'NONE', *, *, #4606, .F. ) ;
#192 = EDGE_CURVE ( 'NONE', #4312, #5549, #2312, .T. ) ;
#193 = CARTESIAN_POINT ( 'NONE',  ( 7.556133687156478373, 12.30000000000000071, -83.63442520997952556 ) ) ;
#194 = CARTESIAN_POINT ( 'NONE',  ( -33.64999999999999858, 9.496152422706654050, -1.849999999999995648 ) ) ;
#195 = EDGE_LOOP ( 'NONE', ( #6193, #2910, #6540, #735 ) ) ;
#196 = EDGE_CURVE ( 'NONE', #8370, #6200, #7793, .T. ) ;
#197 = ORIENTED_EDGE ( 'NONE', *, *, #3521, .F. ) ;
#198 = CARTESIAN_POINT ( 'NONE',  ( -88.60312019403002637, 10.30000000000000071, -97.16855353654531768 ) ) ;
#199 = DIRECTION ( 'NONE',  ( 0.000000000000000000, 0.000000000000000000, -1.000000000000000000 ) ) ;
#200 = DIRECTION ( 'NONE',  ( 0.000000000000000000, 0.000000000000000000, 1.000000000000000000 ) ) ;
#201 = CARTESIAN_POINT ( 'NONE',  ( 7.580000000000032045, 12.30000000000000071, -95.54896198777730376 ) ) ;
#202 = EDGE_CURVE ( 'NONE', #6496, #8478, #7100, .T. ) ;
#203 = EDGE_LOOP ( 'NONE', ( #8950, #4227, #1596, #2629 ) ) ;
#204 = ORIENTED_EDGE ( 'NONE', *, *, #6449, .T. ) ;
#205 = EDGE_CURVE ( 'NONE', #3981, #2538, #6329, .T. ) ;
#206 = DIRECTION ( 'NONE',  ( -0.000000000000000000, -1.000000000000000000, -0.000000000000000000 ) ) ;
#207 = EDGE_CURVE ( 'NONE', #2774, #2973, #5661, .T. ) ;
#208 = CARTESIAN_POINT ( 'NONE',  ( 1.053258683380246419, 10.30000000000000071, -97.17000742620790277 ) ) ;
#209 = VERTEX_POINT ( 'NONE', #3656 ) ;
#210 = LINE ( 'NONE', #749, #5458 ) ;
#211 = CARTESIAN_POINT ( 'NONE',  ( 107.0000000000000142, 20.00000000000000000, 107.0000000000000000 ) ) ;
#212 = LINE ( 'NONE', #7824, #798 ) ;
#213 = ORIENTED_EDGE ( 'NONE', *, *, #1770, .F. ) ;
#214 = VERTEX_POINT ( 'NONE', #2215 ) ;
#215 = EDGE_CURVE ( 'NONE', #8020, #8479, #1987, .T. ) ;
#216 = CARTESIAN_POINT ( 'NONE',  ( 107.0000000000000426, 20.00000000000000000, -112.0000000000000000 ) ) ;
#217 = EDGE_CURVE ( 'NONE', #6220, #5852, #4894, .T. ) ;
#218 = FACE_OUTER_BOUND ( 'NONE', #8044, .T. ) ;
#219 = CARTESIAN_POINT ( 'NONE',  ( 55.92800000000000438, 10.30000000000000071, -92.36896198777731115 ) ) ;
#220 = LINE ( 'NONE', #2984, #6869 ) ;
#221 = CARTESIAN_POINT ( 'NONE',  ( -1.244999999999968354, 10.30000000000000071, -92.09896198777731513 ) ) ;
#222 = VECTOR ( 'NONE', #2122, 1000.000000000000000 ) ;
#223 = DIRECTION ( 'NONE',  ( -1.000000000000000000, 0.000000000000000000, 1.870321806983081102E-16 ) ) ;
#224 = AXIS2_PLACEMENT_3D ( 'NONE', #5090, #7862, #5463 ) ;
#225 = VERTEX_POINT ( 'NONE', #3833 ) ;
#226 = CARTESIAN_POINT ( 'NONE',  ( 0.000000000000000000, 10.30000000000000071, 0.000000000000000000 ) ) ;
#227 = VECTOR ( 'NONE', #8469, 1000.000000000000000 ) ;
#228 = DIRECTION ( 'NONE',  ( 0.9081971029186334254, 0.000000000000000000, -0.4185427364680949780 ) ) ;
#229 = CARTESIAN_POINT ( 'NONE',  ( 117.0000000000006679, 16.00000000000000000, 71.86523063261957134 ) ) ;
#230 = CARTESIAN_POINT ( 'NONE',  ( 82.12819926235459889, 2.000000000000000000, -75.44999999999998863 ) ) ;
#231 = CARTESIAN_POINT ( 'NONE',  ( -88.45000000000001705, 2.000000000000000000, -96.77180073764542101 ) ) ;
#232 = CIRCLE ( 'NONE', #4290, 6.678199262354605814 ) ;
#233 = LINE ( 'NONE', #3492, #5948 ) ;
#234 = ORIENTED_EDGE ( 'NONE', *, *, #8793, .F. ) ;
#235 = VERTEX_POINT ( 'NONE', #4556 ) ;
#236 = EDGE_CURVE ( 'NONE', #7102, #4502, #7328, .T. ) ;
#237 = VECTOR ( 'NONE', #7740, 1000.000000000000000 ) ;
#238 = DIRECTION ( 'NONE',  ( -0.000000000000000000, 1.000000000000000000, -0.000000000000000000 ) ) ;
#239 = VECTOR ( 'NONE', #7490, 1000.000000000000000 ) ;
#240 = CARTESIAN_POINT ( 'NONE',  ( 0.000000000000000000, 12.30000000000000071, -82.87396198777733503 ) ) ;
#241 = ORIENTED_EDGE ( 'NONE', *, *, #3628, .F. ) ;
#242 = VECTOR ( 'NONE', #6981, 1000.000000000000000 ) ;
#243 = ORIENTED_EDGE ( 'NONE', *, *, #7441, .F. ) ;
#244 = DIRECTION ( 'NONE',  ( 0.000000000000000000, 0.000000000000000000, 1.000000000000000000 ) ) ;
#245 = DIRECTION ( 'NONE',  ( -1.000000000000000000, 0.000000000000000000, -2.114442022521247160E-16 ) ) ;
#246 = CIRCLE ( 'NONE', #386, 3.299999999999997158 ) ;
#247 = CARTESIAN_POINT ( 'NONE',  ( -82.26861184439006536, 10.30000000000000071, -95.08499248127263570 ) ) ;
#248 = CARTESIAN_POINT ( 'NONE',  ( 1.053258683380246419, 12.30000000000000071, -97.17000742620790277 ) ) ;
#249 = PLANE ( 'NONE',  #224 ) ;
#250 = ORIENTED_EDGE ( 'NONE', *, *, #6460, .F. ) ;
#251 = ORIENTED_EDGE ( 'NONE', *, *, #8293, .F. ) ;
#252 = FACE_OUTER_BOUND ( 'NONE', #3420, .T. ) ;
#253 = VECTOR ( 'NONE', #6776, 1000.000000000000000 ) ;
#254 = AXIS2_PLACEMENT_3D ( 'NONE', #8631, #8546, #337 ) ;
#255 = CARTESIAN_POINT ( 'NONE',  ( -3.159506494315680758, 12.30000000000000071, -93.96207432418098904 ) ) ;
#256 = ORIENTED_EDGE ( 'NONE', *, *, #594, .F. ) ;
#257 = FACE_OUTER_BOUND ( 'NONE', #4627, .T. ) ;
#258 = CARTESIAN_POINT ( 'NONE',  ( -83.30722835027169992, 12.30000000000000071, -96.00874814445541006 ) ) ;
#259 = DIRECTION ( 'NONE',  ( 0.000000000000000000, -0.7071067811865489050, -0.7071067811865462405 ) ) ;
#260 = ORIENTED_EDGE ( 'NONE', *, *, #6956, .T. ) ;
#261 = VERTEX_POINT ( 'NONE', #1753 ) ;
#262 = CARTESIAN_POINT ( 'NONE',  ( 8.190000000000033253, 10.30000000000000071, -100.0389619877773129 ) ) ;
#263 = LINE ( 'NONE', #3026, #1399 ) ;
#264 = EDGE_CURVE ( 'NONE', #5002, #948, #2475, .T. ) ;
#265 = CARTESIAN_POINT ( 'NONE',  ( 2.720000000000033058, 10.29999999999999893, -83.38896198777732138 ) ) ;
#266 = DIRECTION ( 'NONE',  ( 4.769404321651172664E-17, 0.6427876096865482447, -0.7660444431189705750 ) ) ;
#267 = CARTESIAN_POINT ( 'NONE',  ( -2.691062453750032279, 12.30000000000000249, -96.15631725014800679 ) ) ;
#268 = FACE_OUTER_BOUND ( 'NONE', #6753, .T. ) ;
#269 = VERTEX_POINT ( 'NONE', #2344 ) ;
#270 = DIRECTION ( 'NONE',  ( 0.000000000000000000, -1.000000000000000000, 0.000000000000000000 ) ) ;
#271 = CARTESIAN_POINT ( 'NONE',  ( 47.90309419322787221, 12.30000000000000249, -85.82982652085034658 ) ) ;
#272 = DIRECTION ( 'NONE',  ( -0.000000000000000000, 1.000000000000000000, -0.000000000000000000 ) ) ;
#273 = DIRECTION ( 'NONE',  ( -1.000000000000000000, 0.000000000000000000, 1.091021054073463647E-16 ) ) ;
#274 = CARTESIAN_POINT ( 'NONE',  ( 32.27900000000001057, 12.30000000000000071, -81.16896198777733673 ) ) ;
#275 = LINE ( 'NONE', #4484, #3465 ) ;
#276 = ORIENTED_EDGE ( 'NONE', *, *, #7192, .T. ) ;
#277 = B_SPLINE_CURVE_WITH_KNOTS ( 'NONE', 3,
 ( #4514, #3158, #8095, #7325, #5273, #3965, #6042, #1148, #1837 ),
 .UNSPECIFIED., .F., .F.,
 ( 4, 1, 1, 1, 1, 1, 4 ),
 ( 0.000000000000000000, 0.2552717035795568079, 0.3804886756098910250, 0.5055280387609100146, 0.6297426574909941177, 0.7529749498845873523, 1.000000000000000000 ),
 .UNSPECIFIED. ) ;
#278 = CARTESIAN_POINT ( 'NONE',  ( 7.356717734028397793, 12.30000000000000071, -84.88882685095654779 ) ) ;
#279 = CARTESIAN_POINT ( 'NONE',  ( 28.31400000000001427, 10.30000000000000071, -87.88896198777732138 ) ) ;
#280 = ORIENTED_EDGE ( 'NONE', *, *, #7610, .T. ) ;
#281 = ORIENTED_EDGE ( 'NONE', *, *, #7684, .T. ) ;
#282 = CARTESIAN_POINT ( 'NONE',  ( -91.84520515294360621, 10.30000000000000071, -96.48705452575248387 ) ) ;
#283 = EDGE_CURVE ( 'NONE', #7132, #1754, #3111, .T. ) ;
#284 = DIRECTION ( 'NONE',  ( -0.4226182617406967212, -0.9063077870366512689, 0.000000000000000000 ) ) ;
#285 = AXIS2_PLACEMENT_3D ( 'NONE', #3082, #7291, #6600 ) ;
#286 = CARTESIAN_POINT ( 'NONE',  ( -0.4149999999999675060, 12.30000000000000249, -80.84896198777731513 ) ) ;
#287 = CARTESIAN_POINT ( 'NONE',  ( 101.4500000000000313, 2.000000000000000000, 101.4500000000000171 ) ) ;
#288 = ORIENTED_EDGE ( 'NONE', *, *, #1961, .T. ) ;
#289 = EDGE_CURVE ( 'NONE', #2631, #5037, #5238, .T. ) ;
#290 = ORIENTED_EDGE ( 'NONE', *, *, #6619, .F. ) ;
#291 = DIRECTION ( 'NONE',  ( 0.000000000000000000, 0.000000000000000000, 1.000000000000000000 ) ) ;
#292 = CARTESIAN_POINT ( 'NONE',  ( -2.729986139879596596, 12.30000000000000071, -93.17276063114692874 ) ) ;
#293 = EDGE_LOOP ( 'NONE', ( #5493, #8540, #3045, #6940 ) ) ;
#294 = DIRECTION ( 'NONE',  ( -1.000000000000000000, 0.000000000000000000, -7.425247623228708628E-17 ) ) ;
#295 = CIRCLE ( 'NONE', #1145, 3.299999999999997158 ) ;
#296 = DIRECTION ( 'NONE',  ( 0.000000000000000000, 0.000000000000000000, 1.000000000000000000 ) ) ;
#297 = DIRECTION ( 'NONE',  ( 0.000000000000000000, 0.000000000000000000, -1.000000000000000000 ) ) ;
#298 = ORIENTED_EDGE ( 'NONE', *, *, #8508, .T. ) ;
#299 = EDGE_LOOP ( 'NONE', ( #8907, #2885, #6272, #1868 ) ) ;
#300 = CONICAL_SURFACE ( 'NONE', #2180, 4.700000000000065015, 0.7853981633974463916 ) ;
#301 = DIRECTION ( 'NONE',  ( 0.000000000000000000, 0.000000000000000000, -1.000000000000000000 ) ) ;
#302 = CARTESIAN_POINT ( 'NONE',  ( -91.06515172489868348, 10.29999999999999716, -82.57548470920914951 ) ) ;
#303 = DIRECTION ( 'NONE',  ( -0.000000000000000000, 1.000000000000000000, -0.000000000000000000 ) ) ;
#304 = CARTESIAN_POINT ( 'NONE',  ( 52.65800000000000836, 10.29999999999999893, -84.68896198777730433 ) ) ;
#305 = DIRECTION ( 'NONE',  ( 0.000000000000000000, 1.000000000000000000, 0.000000000000000000 ) ) ;
#306 = ADVANCED_FACE ( 'NONE', ( #268 ), #7078, .T. ) ;
#307 = ADVANCED_FACE ( 'NONE', ( #3879 ), #2958, .T. ) ;
#308 = ADVANCED_FACE ( 'NONE', ( #434 ), #8104, .F. ) ;
#309 = CARTESIAN_POINT ( 'NONE',  ( -91.01921363451414493, 12.30000000000000071, -77.43007272092579285 ) ) ;
#310 = ADVANCED_FACE ( 'NONE', ( #2515 ), #7969, .T. ) ;
#311 = ORIENTED_EDGE ( 'NONE', *, *, #8176, .F. ) ;
#312 = LINE ( 'NONE', #3079, #676 ) ;
#313 = VECTOR ( 'NONE', #8451, 1000.000000000000000 ) ;
#314 = LINE ( 'NONE', #2304, #4125 ) ;
#315 = DIRECTION ( 'NONE',  ( -0.000000000000000000, -0.000000000000000000, 1.000000000000000000 ) ) ;
#316 = LINE ( 'NONE', #2264, #4288 ) ;
#317 = CARTESIAN_POINT ( 'NONE',  ( -67.59863898960414019, 12.30000000000000071, -6.849999999999992539 ) ) ;
#318 = CARTESIAN_POINT ( 'NONE',  ( 52.65800000000000836, 10.29999999999999893, -84.68896198777730433 ) ) ;
#319 = ORIENTED_EDGE ( 'NONE', *, *, #264, .F. ) ;
#320 = EDGE_CURVE ( 'NONE', #1151, #4036, #2564, .T. ) ;
#321 = AXIS2_PLACEMENT_3D ( 'NONE', #7756, #6382, #4352 ) ;
#322 = EDGE_LOOP ( 'NONE', ( #4667, #2440, #1284, #6430 ) ) ;
#323 = CARTESIAN_POINT ( 'NONE',  ( -107.0000000000000000, 0.000000000000000000, 107.0000000000000000 ) ) ;
#324 = ORIENTED_EDGE ( 'NONE', *, *, #582, .F. ) ;
#325 = ORIENTED_EDGE ( 'NONE', *, *, #4918, .F. ) ;
#326 = CARTESIAN_POINT ( 'NONE',  ( -71.86523063261998345, 16.00000000000000000, 112.0000000000000000 ) ) ;
#327 = VECTOR ( 'NONE', #1369, 1000.000000000000114 ) ;
#328 = DIRECTION ( 'NONE',  ( -1.000000000000000000, 0.000000000000000000, 0.000000000000000000 ) ) ;
#329 = CARTESIAN_POINT ( 'NONE',  ( 2.398770221448514040, 10.29999999999999893, -84.54469834703384379 ) ) ;
#330 = CARTESIAN_POINT ( 'NONE',  ( -33.27899999999998926, 10.30000000000000071, -77.00896198777729751 ) ) ;
#331 = ORIENTED_EDGE ( 'NONE', *, *, #8231, .F. ) ;
#332 = ORIENTED_EDGE ( 'NONE', *, *, #1903, .T. ) ;
#333 = VECTOR ( 'NONE', #1829, 1000.000000000000114 ) ;
#334 = PLANE ( 'NONE',  #4424 ) ;
#335 = CARTESIAN_POINT ( 'NONE',  ( -3.219999999999967777, 12.30000000000000249, -94.59396198777730547 ) ) ;
#336 = ORIENTED_EDGE ( 'NONE', *, *, #966, .F. ) ;
#337 = DIRECTION ( 'NONE',  ( 1.000000000000000000, 0.000000000000000000, 7.048140075070825921E-17 ) ) ;
#338 = DIRECTION ( 'NONE',  ( 1.000000000000000000, 0.000000000000000000, 0.000000000000000000 ) ) ;
#339 = DIRECTION ( 'NONE',  ( 0.000000000000000000, 0.000000000000000000, -1.000000000000000000 ) ) ;
#340 = VERTEX_POINT ( 'NONE', #572 ) ;
#341 = ORIENTED_EDGE ( 'NONE', *, *, #6666, .T. ) ;
#342 = EDGE_CURVE ( 'NONE', #5991, #5101, #6864, .T. ) ;
#343 = CARTESIAN_POINT ( 'NONE',  ( -88.45000000000004547, 2.000000000000000000, 96.77180073764537838 ) ) ;
#344 = CARTESIAN_POINT ( 'NONE',  ( -1.967411687700925782, 12.30000000000000249, -92.48079812738762939 ) ) ;
#345 = CARTESIAN_POINT ( 'NONE',  ( -88.79039960986321489, 10.29999999999999716, -81.13635602998198237 ) ) ;
#346 = EDGE_CURVE ( 'NONE', #2874, #4079, #667, .T. ) ;
#347 = CARTESIAN_POINT ( 'NONE',  ( -33.64999999999999858, 104.0000000000000142, -1.549999999999995826 ) ) ;
#348 = DIRECTION ( 'NONE',  ( 1.000000000000000000, 0.000000000000000000, 0.000000000000000000 ) ) ;
#349 = CARTESIAN_POINT ( 'NONE',  ( 2.269897517014906274, 12.30000000000000249, -81.84975189070684110 ) ) ;
#350 = ORIENTED_EDGE ( 'NONE', *, *, #8225, .F. ) ;
#351 = CARTESIAN_POINT ( 'NONE',  ( -70.00000000000000000, 20.00000000000000000, -112.0000000000000000 ) ) ;
#352 = EDGE_CURVE ( 'NONE', #2584, #6481, #6840, .T. ) ;
#353 = CARTESIAN_POINT ( 'NONE',  ( 24.07900000000001128, 10.30000000000000071, -81.16896198777733673 ) ) ;
#354 = EDGE_CURVE ( 'NONE', #3592, #3585, #5370, .T. ) ;
#355 = PRESENTATION_STYLE_ASSIGNMENT (( #399 ) ) ;
#356 = DIRECTION ( 'NONE',  ( -0.9063077870366512689, -0.4226182617406967768, 0.000000000000000000 ) ) ;
#357 = CARTESIAN_POINT ( 'NONE',  ( 55.92800000000000438, 12.30000000000000071, -88.20896198777730035 ) ) ;
#358 = ORIENTED_EDGE ( 'NONE', *, *, #5395, .F. ) ;
#359 = CONICAL_SURFACE ( 'NONE', #5272, 6.678199262354605814, 0.6981317007977448919 ) ;
#360 = ORIENTED_EDGE ( 'NONE', *, *, #2143, .F. ) ;
#361 = CARTESIAN_POINT ( 'NONE',  ( 0.000000000000000000, 10.30000000000000071, 0.000000000000000000 ) ) ;
#362 = ORIENTED_EDGE ( 'NONE', *, *, #1597, .T. ) ;
#363 = ORIENTED_EDGE ( 'NONE', *, *, #843, .F. ) ;
#364 = LINE ( 'NONE', #7122, #7970 ) ;
#365 = EDGE_CURVE ( 'NONE', #4036, #7669, #1979, .T. ) ;
#366 = DIRECTION ( 'NONE',  ( 1.725020237142878459E-16, 0.000000000000000000, 1.000000000000000000 ) ) ;
#367 = CARTESIAN_POINT ( 'NONE',  ( -2.125473691153650257, 10.30000000000000071, -81.19391881495897678 ) ) ;
#368 = AXIS2_PLACEMENT_3D ( 'NONE', #5994, #5365, #4596 ) ;
#369 = PLANE ( 'NONE',  #6660 ) ;
#370 = ORIENTED_EDGE ( 'NONE', *, *, #2297, .T. ) ;
#371 = CONICAL_SURFACE ( 'NONE', #8913, 3.299999999999997158, 0.7853981633974437271 ) ;
#372 = EDGE_LOOP ( 'NONE', ( #156, #2721, #2761, #4554, #4498, #3899, #4448, #2922, #4397, #1849, #6084, #5997, #4027, #2374, #234, #4065 ) ) ;
#373 = VECTOR ( 'NONE', #328, 1000.000000000000000 ) ;
#374 = VECTOR ( 'NONE', #315, 1000.000000000000000 ) ;
#375 = EDGE_CURVE ( 'NONE', #6738, #7327, #5226, .T. ) ;
#376 = DIRECTION ( 'NONE',  ( 8.659560562354890950E-17, 0.7071067811865510144, -0.7071067811865441310 ) ) ;
#377 = CARTESIAN_POINT ( 'NONE',  ( 117.0000000000007390, 20.00000000000000000, 91.73046126523954058 ) ) ;
#378 = ORIENTED_EDGE ( 'NONE', *, *, #6596, .T. ) ;
#379 = VECTOR ( 'NONE', #7189, 1000.000000000000114 ) ;
#380 = DIRECTION ( 'NONE',  ( 0.000000000000000000, -0.7660444431189705750, 0.6427876096865482447 ) ) ;
#381 = VECTOR ( 'NONE', #2165, 1000.000000000000000 ) ;
#382 = CARTESIAN_POINT ( 'NONE',  ( -87.78700000000003456, 10.29999999999999893, -97.16896198777730831 ) ) ;
#383 = LINE ( 'NONE', #6495, #1491 ) ;
#384 = EDGE_LOOP ( 'NONE', ( #4279, #3095, #736, #3256, #7529 ) ) ;
#385 = ORIENTED_EDGE ( 'NONE', *, *, #8345, .T. ) ;
#386 = AXIS2_PLACEMENT_3D ( 'NONE', #6970, #2303, #142 ) ;
#387 = FACE_OUTER_BOUND ( 'NONE', #8939, .T. ) ;
#388 = CARTESIAN_POINT ( 'NONE',  ( 68.45000000000003126, 4.299999999999999822, 68.45000000000000284 ) ) ;
#389 = CARTESIAN_POINT ( 'NONE',  ( -89.94842283852622700, 10.29999999999999716, -81.66457399100617920 ) ) ;
#390 = VECTOR ( 'NONE', #1510, 1000.000000000000114 ) ;
#391 = CARTESIAN_POINT ( 'NONE',  ( -6.765014346645617849, 12.30000000000000071, -98.65459707966554959 ) ) ;
#392 = CARTESIAN_POINT ( 'NONE',  ( -107.0000000000000000, 20.00000000000000000, -117.0000000000000000 ) ) ;
#393 = ORIENTED_EDGE ( 'NONE', *, *, #8040, .T. ) ;
#394 = EDGE_CURVE ( 'NONE', #6607, #8275, #7552, .T. ) ;
#395 = CARTESIAN_POINT ( 'NONE',  ( 2.639991237787759903, 12.30000000000000249, -82.46643970741001795 ) ) ;
#396 = EDGE_LOOP ( 'NONE', ( #3851, #3539, #1701, #7313 ) ) ;
#397 = DIRECTION ( 'NONE',  ( 0.000000000000000000, 0.000000000000000000, 1.000000000000000000 ) ) ;
#398 = CARTESIAN_POINT ( 'NONE',  ( -69.99999999999995737, 20.00000000000006750, 112.0000000000000000 ) ) ;
#399 = SURFACE_STYLE_USAGE ( .BOTH. , #7148 ) ;
#400 = CARTESIAN_POINT ( 'NONE',  ( -88.45000000000000284, 2.000000000000000000, -88.45000000000000284 ) ) ;
#401 = DIRECTION ( 'NONE',  ( -0.000000000000000000, 1.000000000000000000, -0.000000000000000000 ) ) ;
#402 = VECTOR ( 'NONE', #7150, 1000.000000000000000 ) ;
#403 = ORIENTED_EDGE ( 'NONE', *, *, #5293, .F. ) ;
#404 = EDGE_LOOP ( 'NONE', ( #794, #1948, #4948, #3380 ) ) ;
#405 = CARTESIAN_POINT ( 'NONE',  ( 117.0000000000006679, 20.00000000000000000, 69.99999999999958789 ) ) ;
#406 = ORIENTED_EDGE ( 'NONE', *, *, #556, .F. ) ;
#407 = VERTEX_POINT ( 'NONE', #4689 ) ;
#408 = LINE ( 'NONE', #1260, #6643 ) ;
#409 = LINE ( 'NONE', #8616, #5433 ) ;
#410 = CARTESIAN_POINT ( 'NONE',  ( 2.644401076045397758, 10.29999999999999893, -84.05325522339029476 ) ) ;
#411 = DIRECTION ( 'NONE',  ( -0.000000000000000000, 1.000000000000000000, -0.000000000000000000 ) ) ;
#412 = VERTEX_POINT ( 'NONE', #1883 ) ;
#413 = ORIENTED_EDGE ( 'NONE', *, *, #2690, .T. ) ;
#414 = EDGE_CURVE ( 'NONE', #5188, #4091, #2022, .T. ) ;
#415 = ADVANCED_FACE ( 'NONE', ( #4785 ), #2047, .F. ) ;
#416 = CARTESIAN_POINT ( 'NONE',  ( 0.000000000000000000, 10.30000000000000071, -88.16396198777729865 ) ) ;
#417 = CARTESIAN_POINT ( 'NONE',  ( 0.000000000000000000, 12.30000000000000071, -92.36896198777732536 ) ) ;
#418 = ORIENTED_EDGE ( 'NONE', *, *, #6442, .F. ) ;
#419 = AXIS2_PLACEMENT_3D ( 'NONE', #1720, #4442, #1070 ) ;
#420 = CARTESIAN_POINT ( 'NONE',  ( 83.77180073764539259, 2.000000000000000000, 0.000000000000000000 ) ) ;
#421 = CARTESIAN_POINT ( 'NONE',  ( -80.45143666074218913, 12.30000000000000071, -89.46818948473899979 ) ) ;
#422 = DIRECTION ( 'NONE',  ( -0.000000000000000000, 1.000000000000000000, -0.000000000000000000 ) ) ;
#423 = ORIENTED_EDGE ( 'NONE', *, *, #3696, .F. ) ;
#424 = VECTOR ( 'NONE', #2396, 1000.000000000000000 ) ;
#425 = CARTESIAN_POINT ( 'NONE',  ( -86.81200000000002603, 10.29999999999999893, -76.68896198777730433 ) ) ;
#426 = CARTESIAN_POINT ( 'NONE',  ( -2.729986139879596596, 12.30000000000000249, -93.17276063114692874 ) ) ;
#427 = FACE_OUTER_BOUND ( 'NONE', #1403, .T. ) ;
#428 = LINE ( 'NONE', #6768, #2681 ) ;
#429 = CIRCLE ( 'NONE', #5656, 4.699999999999981526 ) ;
#430 = CARTESIAN_POINT ( 'NONE',  ( 55.92800000000000438, 10.29999999999999893, -81.16896198777732252 ) ) ;
#431 = ORIENTED_EDGE ( 'NONE', *, *, #177, .F. ) ;
#432 = B_SPLINE_CURVE_WITH_KNOTS ( 'NONE', 3,
 ( #1333, #4103, #8277, #7594, #6671, #520, #3961, #6856, #474, #5323, #6713, #8092, #5362, #8139, #1923, #7734, #2286 ),
 .UNSPECIFIED., .F., .F.,
 ( 4, 1, 1, 1, 1, 1, 1, 1, 1, 1, 1, 1, 1, 1, 4 ),
 ( 0.000000000000000000, 0.1515117252835140038, 0.2236454718722481472, 0.2928179978826851437, 0.3599813658667541105, 0.4253424332056771062, 0.4891255950026888732, 0.5507976436436770040, 0.6110738741777416161, 0.6693584875439776427, 0.7259294393514793553, 0.7816794060073223305, 0.8364583066756069440, 0.8906127282866175277, 1.000000000000000000 ),
 .UNSPECIFIED. ) ;
#433 = EDGE_CURVE ( 'NONE', #1318, #999, #5516, .T. ) ;
#434 = FACE_OUTER_BOUND ( 'NONE', #3395, .T. ) ;
#435 = ORIENTED_EDGE ( 'NONE', *, *, #7392, .T. ) ;
#436 = DIRECTION ( 'NONE',  ( -1.000000000000000000, 0.000000000000000000, 0.000000000000000000 ) ) ;
#437 = LINE ( 'NONE', #3203, #6569 ) ;
#438 = LINE ( 'NONE', #534, #8347 ) ;
#439 = CARTESIAN_POINT ( 'NONE',  ( -101.4500000000000597, 0.000000000000000000, 111.4499999999999744 ) ) ;
#440 = DIRECTION ( 'NONE',  ( 0.000000000000000000, 0.000000000000000000, 1.000000000000000000 ) ) ;
#441 = EDGE_CURVE ( 'NONE', #4077, #3518, #7415, .T. ) ;
#442 = ORIENTED_EDGE ( 'NONE', *, *, #594, .T. ) ;
#443 = AXIS2_PLACEMENT_3D ( 'NONE', #7679, #1471, #4322 ) ;
#444 = DIRECTION ( 'NONE',  ( -0.000000000000000000, 1.000000000000000000, -0.000000000000000000 ) ) ;
#445 = AXIS2_PLACEMENT_3D ( 'NONE', #4657, #8250, #1255 ) ;
#446 = ORIENTED_EDGE ( 'NONE', *, *, #6654, .T. ) ;
#447 = ORIENTED_EDGE ( 'NONE', *, *, #6107, .T. ) ;
#448 = LINE ( 'NONE', #5339, #2605 ) ;
#449 = CARTESIAN_POINT ( 'NONE',  ( -80.44007385999240967, 12.29999999999999893, -88.21216393320474936 ) ) ;
#450 = CARTESIAN_POINT ( 'NONE',  ( -6.673141166363880217, 12.30000000000000249, -90.90613771247762998 ) ) ;
#451 = CARTESIAN_POINT ( 'NONE',  ( -33.30128879101122408, 10.30000000000000071, 7.491014855973743281 ) ) ;
#452 = VECTOR ( 'NONE', #2066, 1000.000000000000000 ) ;
#453 = VECTOR ( 'NONE', #6157, 1000.000000000000000 ) ;
#454 = ORIENTED_EDGE ( 'NONE', *, *, #941, .F. ) ;
#455 = ORIENTED_EDGE ( 'NONE', *, *, #217, .T. ) ;
#456 = EDGE_CURVE ( 'NONE', #7814, #1776, #888, .T. ) ;
#457 = CARTESIAN_POINT ( 'NONE',  ( 70.00000000000000000, 20.00000000000000000, -117.0000000000000000 ) ) ;
#458 = LINE ( 'NONE', #8748, #7466 ) ;
#459 = EDGE_LOOP ( 'NONE', ( #1266, #6664, #8539, #4388 ) ) ;
#460 = FACE_OUTER_BOUND ( 'NONE', #293, .T. ) ;
#461 = CARTESIAN_POINT ( 'NONE',  ( 49.01801473471090276, 10.30000000000000249, -89.10459137570677512 ) ) ;
#462 = EDGE_CURVE ( 'NONE', #5002, #8738, #529, .T. ) ;
#463 = VECTOR ( 'NONE', #4849, 1000.000000000000000 ) ;
#464 = LINE ( 'NONE', #3366, #51 ) ;
#465 = DIRECTION ( 'NONE',  ( 1.245203033451274888E-16, 0.000000000000000000, -1.000000000000000000 ) ) ;
#466 = DIRECTION ( 'NONE',  ( 0.000000000000000000, 0.000000000000000000, 1.000000000000000000 ) ) ;
#467 = ADVANCED_FACE ( 'NONE', ( #7369 ), #4110, .T. ) ;
#468 = VERTEX_POINT ( 'NONE', #5417 ) ;
#469 = AXIS2_PLACEMENT_3D ( 'NONE', #4722, #8754, #1275 ) ;
#470 = EDGE_LOOP ( 'NONE', ( #3212, #8240, #1859, #8800 ) ) ;
#471 = FACE_BOUND ( 'NONE', #1939, .T. ) ;
#472 = CARTESIAN_POINT ( 'NONE',  ( -1.244999999999968354, 12.30000000000000249, -92.09896198777731513 ) ) ;
#473 = ORIENTED_EDGE ( 'NONE', *, *, #2364, .F. ) ;
#474 = CARTESIAN_POINT ( 'NONE',  ( -6.673141166363880217, 10.30000000000000071, -90.90613771247762998 ) ) ;
#475 = ADVANCED_FACE ( 'NONE', ( #1152 ), #1294, .T. ) ;
#476 = EDGE_CURVE ( 'NONE', #2788, #7902, #7600, .T. ) ;
#477 = CARTESIAN_POINT ( 'NONE',  ( 64.45300000000001717, 10.30000000000000071, 0.000000000000000000 ) ) ;
#478 = CARTESIAN_POINT ( 'NONE',  ( -76.44550182995500620, 10.29999999999999893, -94.36525726628325117 ) ) ;
#479 = VERTEX_POINT ( 'NONE', #4831 ) ;
#480 = EDGE_CURVE ( 'NONE', #5696, #235, #6918, .T. ) ;
#481 = DIRECTION ( 'NONE',  ( 0.000000000000000000, 0.000000000000000000, 1.000000000000000000 ) ) ;
#482 = ORIENTED_EDGE ( 'NONE', *, *, #215, .T. ) ;
#483 = CARTESIAN_POINT ( 'NONE',  ( 59.99800000000000466, 10.30000000000000071, -88.20896198777730035 ) ) ;
#484 = CARTESIAN_POINT ( 'NONE',  ( 81.89200000000008117, 12.30000000000000071, -77.00896198777732593 ) ) ;
#485 = CARTESIAN_POINT ( 'NONE',  ( 55.92800000000000438, 12.30000000000000071, -77.00896198777732593 ) ) ;
#486 = CARTESIAN_POINT ( 'NONE',  ( 2.955117032440579994, 12.30000000000000071, -77.10662320083640964 ) ) ;
#487 = DIRECTION ( 'NONE',  ( -0.6427876096865482447, -0.7660444431189705750, 0.000000000000000000 ) ) ;
#488 = ORIENTED_EDGE ( 'NONE', *, *, #2433, .T. ) ;
#489 = LINE ( 'NONE', #1892, #2390 ) ;
#490 = ORIENTED_EDGE ( 'NONE', *, *, #3189, .F. ) ;
#491 = ORIENTED_EDGE ( 'NONE', *, *, #6975, .T. ) ;
#492 = FACE_OUTER_BOUND ( 'NONE', #4408, .T. ) ;
#493 = DIRECTION ( 'NONE',  ( -0.000000000000000000, -0.000000000000000000, -1.000000000000000000 ) ) ;
#494 = CARTESIAN_POINT ( 'NONE',  ( -47.30000000000032401, 0.000000000000000000, 50.59999999999965326 ) ) ;
#495 = LINE ( 'NONE', #2628, #5818 ) ;
#496 = EDGE_CURVE ( 'NONE', #7358, #787, #6115, .T. ) ;
#497 = ORIENTED_EDGE ( 'NONE', *, *, #3570, .F. ) ;
#498 = ORIENTED_EDGE ( 'NONE', *, *, #7220, .T. ) ;
#499 = CARTESIAN_POINT ( 'NONE',  ( 68.45000000000000284, 4.000000000000000000, -68.45000000000000284 ) ) ;
#500 = VECTOR ( 'NONE', #1586, 1000.000000000000000 ) ;
#501 = DIRECTION ( 'NONE',  ( 0.000000000000000000, 0.000000000000000000, -1.000000000000000000 ) ) ;
#502 = VERTEX_POINT ( 'NONE', #6937 ) ;
#503 = CARTESIAN_POINT ( 'NONE',  ( 91.73046126523996691, 20.00000000000000000, -112.0000000000000000 ) ) ;
#504 = DIRECTION ( 'NONE',  ( 1.000000000000000000, -0.000000000000000000, 0.000000000000000000 ) ) ;
#505 = CONICAL_SURFACE ( 'NONE', #2977, 8.321800737645393298, 0.6981317007977451139 ) ;
#506 = LINE ( 'NONE', #7586, #1632 ) ;
#507 = VECTOR ( 'NONE', #1835, 1000.000000000000000 ) ;
#508 = LINE ( 'NONE', #1224, #8048 ) ;
#509 = LINE ( 'NONE', #2733, #5089 ) ;
#510 = VECTOR ( 'NONE', #6246, 1000.000000000000114 ) ;
#511 = ORIENTED_EDGE ( 'NONE', *, *, #4330, .T. ) ;
#512 = EDGE_CURVE ( 'NONE', #884, #7409, #8216, .T. ) ;
#513 = EDGE_LOOP ( 'NONE', ( #1383, #7847, #1726, #6571 ) ) ;
#514 = DIRECTION ( 'NONE',  ( -0.000000000000000000, 1.000000000000000000, -0.000000000000000000 ) ) ;
#515 = AXIS2_PLACEMENT_3D ( 'NONE', #5460, #8232, #165 ) ;
#516 = CARTESIAN_POINT ( 'NONE',  ( 112.0000000000000142, -267.2719869180656929, 203.9571274732952020 ) ) ;
#517 = ORIENTED_EDGE ( 'NONE', *, *, #6316, .F. ) ;
#518 = VECTOR ( 'NONE', #6841, 999.9999999999998863 ) ;
#519 = AXIS2_PLACEMENT_3D ( 'NONE', #1157, #6051, #8196 ) ;
#520 = CARTESIAN_POINT ( 'NONE',  ( -5.474649429957000990, 10.30000000000000071, -89.65106988456841464 ) ) ;
#521 = AXIS2_PLACEMENT_3D ( 'NONE', #6697, #2725, #1317 ) ;
#522 = PLANE ( 'NONE',  #4419 ) ;
#523 = AXIS2_PLACEMENT_3D ( 'NONE', #1066, #5283, #1028 ) ;
#524 = FACE_OUTER_BOUND ( 'NONE', #8708, .T. ) ;
#525 = DIRECTION ( 'NONE',  ( -1.000000000000000000, 0.000000000000000000, 0.000000000000000000 ) ) ;
#526 = ORIENTED_EDGE ( 'NONE', *, *, #1787, .F. ) ;
#527 = EDGE_CURVE ( 'NONE', #8590, #7223, #6202, .T. ) ;
#528 = EDGE_CURVE ( 'NONE', #7213, #2501, #5094, .T. ) ;
#529 = LINE ( 'NONE', #3382, #8281 ) ;
#530 = ORIENTED_EDGE ( 'NONE', *, *, #289, .F. ) ;
#531 = DIRECTION ( 'NONE',  ( 0.000000000000000000, 0.000000000000000000, -1.000000000000000000 ) ) ;
#532 = AXIS2_PLACEMENT_3D ( 'NONE', #5401, #8897, #6755 ) ;
#533 = CARTESIAN_POINT ( 'NONE',  ( -7.603162506884832972, 10.30000000000000249, -79.22892428730703784 ) ) ;
#534 = CARTESIAN_POINT ( 'NONE',  ( -5.303157673718482457, 12.30000000000000071, -0.7204735369639808651 ) ) ;
#535 = CARTESIAN_POINT ( 'NONE',  ( 4.320603200163122715, 10.29999999999999893, -77.64664453620308393 ) ) ;
#536 = DIRECTION ( 'NONE',  ( 1.000000000000000000, 0.000000000000000000, 7.048140075070825921E-17 ) ) ;
#537 = ORIENTED_EDGE ( 'NONE', *, *, #3301, .T. ) ;
#538 = CARTESIAN_POINT ( 'NONE',  ( -33.64999999999999858, 9.496152422706655827, 33.65000000000000568 ) ) ;
#539 = EDGE_LOOP ( 'NONE', ( #2525, #3280, #2882, #6609 ) ) ;
#540 = CARTESIAN_POINT ( 'NONE',  ( -4.495569275865665126, 12.30000000000000071, -88.88465248404671115 ) ) ;
#541 = VERTEX_POINT ( 'NONE', #7486 ) ;
#542 = CARTESIAN_POINT ( 'NONE',  ( -108.1281992623546415, 2.000000000000000000, 101.4499999999999744 ) ) ;
#543 = CARTESIAN_POINT ( 'NONE',  ( -75.44999999999997442, 2.000000000000000000, 75.45000000000000284 ) ) ;
#544 = DIRECTION ( 'NONE',  ( 0.8660254037844402619, -0.4999999999999972800, 0.000000000000000000 ) ) ;
#545 = CARTESIAN_POINT ( 'NONE',  ( 101.4500000000000313, 2.000000000000000000, 101.4500000000000171 ) ) ;
#546 = ORIENTED_EDGE ( 'NONE', *, *, #4280, .T. ) ;
#547 = EDGE_LOOP ( 'NONE', ( #5078, #1501, #3990, #6548 ) ) ;
#548 = DIRECTION ( 'NONE',  ( 0.4298607147750039270, 0.000000000000000000, 0.9028952131300302941 ) ) ;
#549 = LINE ( 'NONE', #3316, #8916 ) ;
#550 = ADVANCED_FACE ( 'NONE', ( #2724 ), #1387, .F. ) ;
#551 = VERTEX_POINT ( 'NONE', #5490 ) ;
#552 = LINE ( 'NONE', #1910, #4430 ) ;
#553 = DIRECTION ( 'NONE',  ( -1.000000000000000000, -0.000000000000000000, 3.491481338843133355E-15 ) ) ;
#554 = DIRECTION ( 'NONE',  ( 0.000000000000000000, 0.000000000000000000, 1.000000000000000000 ) ) ;
#555 = FACE_OUTER_BOUND ( 'NONE', #1206, .T. ) ;
#556 = EDGE_CURVE ( 'NONE', #1739, #3804, #64, .T. ) ;
#557 = DIRECTION ( 'NONE',  ( -2.036359179429854203E-16, 0.000000000000000000, -1.000000000000000000 ) ) ;
#558 = ORIENTED_EDGE ( 'NONE', *, *, #4368, .F. ) ;
#559 = ORIENTED_EDGE ( 'NONE', *, *, #3823, .F. ) ;
#560 = CARTESIAN_POINT ( 'NONE',  ( -61.07814833225866380, 12.30000000000000071, -29.07878579643913497 ) ) ;
#561 = CARTESIAN_POINT ( 'NONE',  ( 51.41709520669376587, 12.30000000000000071, -91.35485734024790361 ) ) ;
#562 = VERTEX_POINT ( 'NONE', #3996 ) ;
#563 = AXIS2_PLACEMENT_3D ( 'NONE', #2278, #1045, #7124 ) ;
#564 = PLANE ( 'NONE',  #6022 ) ;
#565 = DIRECTION ( 'NONE',  ( -0.6427876096865482447, -0.7660444431189705750, 0.000000000000000000 ) ) ;
#566 = VECTOR ( 'NONE', #8064, 1000.000000000000114 ) ;
#567 = DIRECTION ( 'NONE',  ( 1.000000000000000000, 0.000000000000000000, 7.048140075070825921E-17 ) ) ;
#568 = FACE_OUTER_BOUND ( 'NONE', #3035, .T. ) ;
#569 = ORIENTED_EDGE ( 'NONE', *, *, #7397, .F. ) ;
#570 = EDGE_CURVE ( 'NONE', #5178, #3222, #17, .T. ) ;
#571 = EDGE_CURVE ( 'NONE', #7413, #665, #4809, .T. ) ;
#572 = CARTESIAN_POINT ( 'NONE',  ( -86.84200000000002717, 10.29999999999999716, -80.84896198777730092 ) ) ;
#573 = ORIENTED_EDGE ( 'NONE', *, *, #8543, .F. ) ;
#574 = DIRECTION ( 'NONE',  ( 0.000000000000000000, 0.000000000000000000, -1.000000000000000000 ) ) ;
#575 = CARTESIAN_POINT ( 'NONE',  ( -6.781476607922519051, 10.30000000000000249, -78.56864829717355292 ) ) ;
#576 = EDGE_CURVE ( 'NONE', #2009, #2285, #7580, .T. ) ;
#577 = CARTESIAN_POINT ( 'NONE',  ( 117.0000000000006679, 16.00000000000000000, 71.86523063261957134 ) ) ;
#578 = DIRECTION ( 'NONE',  ( 0.000000000000000000, 1.000000000000000000, 0.000000000000000000 ) ) ;
#579 = DIRECTION ( 'NONE',  ( 1.119176436114072389E-15, -0.000000000000000000, 1.000000000000000000 ) ) ;
#580 = EDGE_CURVE ( 'NONE', #7982, #5553, #1363, .T. ) ;
#581 = EDGE_CURVE ( 'NONE', #4786, #7352, #4857, .T. ) ;
#582 = EDGE_CURVE ( 'NONE', #4852, #3551, #1414, .T. ) ;
#583 = ADVANCED_FACE ( 'NONE', ( #5538 ), #4257, .T. ) ;
#584 = VECTOR ( 'NONE', #6525, 1000.000000000000000 ) ;
#585 = CARTESIAN_POINT ( 'NONE',  ( 35.54999999999998295, -312.4838379715732799, -38.65000000000001279 ) ) ;
#586 = DIRECTION ( 'NONE',  ( 0.000000000000000000, 1.000000000000000000, -0.000000000000000000 ) ) ;
#587 = EDGE_LOOP ( 'NONE', ( #7713, #3004, #6130, #8842 ) ) ;
#588 = PLANE ( 'NONE',  #3702 ) ;
#589 = ORIENTED_EDGE ( 'NONE', *, *, #4196, .F. ) ;
#590 = CARTESIAN_POINT ( 'NONE',  ( 68.45000000000000284, 4.299999999999999822, -68.45000000000000284 ) ) ;
#591 = CARTESIAN_POINT ( 'NONE',  ( -85.69833457323109371, 12.29999999999999893, -80.91182027028996515 ) ) ;
#592 = CARTESIAN_POINT ( 'NONE',  ( -7.271900180227506283, 12.30000000000000249, -91.80171566348501244 ) ) ;
#593 = CARTESIAN_POINT ( 'NONE',  ( 30.55000000000006821, 9.496152422706655827, 33.65000000000000568 ) ) ;
#594 = EDGE_CURVE ( 'NONE', #19, #5823, #1949, .T. ) ;
#595 = VERTEX_POINT ( 'NONE', #1594 ) ;
#596 = VERTEX_POINT ( 'NONE', #7717 ) ;
#597 = AXIS2_PLACEMENT_3D ( 'NONE', #5427, #6828, #7569 ) ;
#598 = CARTESIAN_POINT ( 'NONE',  ( 14.98725320819333362, 12.30000000000000071, -7.135303502445473178 ) ) ;
#599 = PLANE ( 'NONE',  #2987 ) ;
#600 = EDGE_LOOP ( 'NONE', ( #3078, #7706, #8845, #8569, #5308, #8307, #2902, #447 ) ) ;
#601 = ORIENTED_EDGE ( 'NONE', *, *, #5271, .T. ) ;
#602 = CARTESIAN_POINT ( 'NONE',  ( 82.01882382134002114, 10.30000000000000071, -92.36896198777732536 ) ) ;
#603 = CARTESIAN_POINT ( 'NONE',  ( 0.000000000000000000, 10.30000000000000071, -101.0089619877773259 ) ) ;
#604 = VECTOR ( 'NONE', #1914, 1000.000000000000000 ) ;
#605 = LINE ( 'NONE', #2731, #4238 ) ;
#606 = CARTESIAN_POINT ( 'NONE',  ( -83.13157565629504120, 10.29999999999999893, -82.00687401453255632 ) ) ;
#607 = CARTESIAN_POINT ( 'NONE',  ( 6.938893903907228378E-15, 0.000000000000000000, -106.4500000000000171 ) ) ;
#608 = ORIENTED_EDGE ( 'NONE', *, *, #7120, .T. ) ;
#609 = ORIENTED_EDGE ( 'NONE', *, *, #4394, .F. ) ;
#610 = FACE_OUTER_BOUND ( 'NONE', #7674, .T. ) ;
#611 = AXIS2_PLACEMENT_3D ( 'NONE', #2295, #5064, #3029 ) ;
#612 = CARTESIAN_POINT ( 'NONE',  ( -83.19409257467633267, 12.29999999999999893, -77.11528377629815623 ) ) ;
#613 = VERTEX_POINT ( 'NONE', #3001 ) ;
#614 = DIRECTION ( 'NONE',  ( 1.000000000000000000, 0.000000000000000000, 0.000000000000000000 ) ) ;
#615 = VECTOR ( 'NONE', #1324, 1000.000000000000000 ) ;
#616 = DIRECTION ( 'NONE',  ( 0.000000000000000000, 0.000000000000000000, -1.000000000000000000 ) ) ;
#617 = CARTESIAN_POINT ( 'NONE',  ( -3.747301209732850857, 10.29999999999999893, -100.6695463776221686 ) ) ;
#618 = CARTESIAN_POINT ( 'NONE',  ( 52.65800000000000125, 12.30000000000000071, -84.68896198777730433 ) ) ;
#619 = EDGE_CURVE ( 'NONE', #3606, #7223, #8766, .T. ) ;
#620 = EDGE_LOOP ( 'NONE', ( #107, #1502, #1922, #1695 ) ) ;
#621 = ADVANCED_FACE ( 'NONE', ( #3588 ), #7154, .F. ) ;
#622 = CARTESIAN_POINT ( 'NONE',  ( -98.45000000000000284, -1.734723475976807094E-15, -88.45000000000001705 ) ) ;
#623 = ORIENTED_EDGE ( 'NONE', *, *, #977, .T. ) ;
#624 = CARTESIAN_POINT ( 'NONE',  ( 48.65714417895365074, 10.30000000000000071, -80.57781608749655788 ) ) ;
#625 = FACE_OUTER_BOUND ( 'NONE', #7935, .T. ) ;
#626 = FACE_OUTER_BOUND ( 'NONE', #8218, .T. ) ;
#627 = DIRECTION ( 'NONE',  ( 2.888197254487934979E-15, 0.000000000000000000, 1.000000000000000000 ) ) ;
#628 = CARTESIAN_POINT ( 'NONE',  ( 107.0000000000000426, -312.4838379715732799, -107.0000000000000284 ) ) ;
#629 = DIRECTION ( 'NONE',  ( 1.000000000000000000, -0.000000000000000000, 0.000000000000000000 ) ) ;
#630 = CARTESIAN_POINT ( 'NONE',  ( 49.45312934230177859, 10.30000000000000071, -89.71248939521396437 ) ) ;
#631 = ORIENTED_EDGE ( 'NONE', *, *, #2623, .F. ) ;
#632 = CARTESIAN_POINT ( 'NONE',  ( 89.86523063261998345, 16.00000000000000000, 117.0000000000000000 ) ) ;
#633 = ADVANCED_FACE ( 'NONE', ( #7070 ), #4951, .T. ) ;
#634 = VERTEX_POINT ( 'NONE', #867 ) ;
#635 = CARTESIAN_POINT ( 'NONE',  ( 117.0000000000001705, 16.00000000000000000, -71.86523063262040978 ) ) ;
#636 = DIRECTION ( 'NONE',  ( 0.000000000000000000, 0.000000000000000000, -1.000000000000000000 ) ) ;
#637 = CARTESIAN_POINT ( 'NONE',  ( -33.64999999999999858, 9.496152422706655827, -33.64999999999999858 ) ) ;
#638 = CARTESIAN_POINT ( 'NONE',  ( 4.668470215189625350, 10.30000000000000071, -101.0023856098858062 ) ) ;
#639 = VERTEX_POINT ( 'NONE', #3625 ) ;
#640 = VERTEX_POINT ( 'NONE', #111 ) ;
#641 = CARTESIAN_POINT ( 'NONE',  ( -71.59549167055263297, 12.30000000000000071, 13.70037186288350028 ) ) ;
#642 = LINE ( 'NONE', #4908, #4431 ) ;
#643 = EDGE_LOOP ( 'NONE', ( #8527, #4886, #2999, #7835 ) ) ;
#644 = EDGE_CURVE ( 'NONE', #4830, #3160, #4928, .T. ) ;
#645 = ORIENTED_EDGE ( 'NONE', *, *, #4918, .T. ) ;
#646 = DIRECTION ( 'NONE',  ( 1.000000000000000000, -0.000000000000000000, 0.000000000000000000 ) ) ;
#647 = DIRECTION ( 'NONE',  ( -0.000000000000000000, 1.000000000000000000, -0.000000000000000000 ) ) ;
#648 = CARTESIAN_POINT ( 'NONE',  ( 88.45000000000000284, -1.472316558442722761E-15, 93.45000000000000284 ) ) ;
#649 = CARTESIAN_POINT ( 'NONE',  ( -47.30000000000032401, 12.30000000000000071, 51.99999999999963762 ) ) ;
#650 = CARTESIAN_POINT ( 'NONE',  ( 80.45000000000001705, -1.734723475976808278E-15, 75.44999999999998863 ) ) ;
#651 = VERTEX_POINT ( 'NONE', #151 ) ;
#652 = ORIENTED_EDGE ( 'NONE', *, *, #8521, .T. ) ;
#653 = EDGE_CURVE ( 'NONE', #971, #3383, #3541, .T. ) ;
#654 = VECTOR ( 'NONE', #4390, 1000.000000000000000 ) ;
#655 = CARTESIAN_POINT ( 'NONE',  ( 52.65800000000000836, 10.29999999999999893, -84.68896198777730433 ) ) ;
#656 = CARTESIAN_POINT ( 'NONE',  ( -85.97715365627382766, 10.29999999999999893, -76.68903051396844717 ) ) ;
#657 = EDGE_LOOP ( 'NONE', ( #5693, #6558, #5048, #7338, #5144, #5358, #4052, #2544, #917, #6199, #6794, #8942 ) ) ;
#658 = CARTESIAN_POINT ( 'NONE',  ( -93.49607802317036942, 12.29999999999999893, -79.16219699378494568 ) ) ;
#659 = CARTESIAN_POINT ( 'NONE',  ( -111.9999999999999716, 20.00000000000000000, -107.0000000000000284 ) ) ;
#660 = AXIS2_PLACEMENT_3D ( 'NONE', #3773, #4582, #5093 ) ;
#661 = ORIENTED_EDGE ( 'NONE', *, *, #5077, .F. ) ;
#662 = CARTESIAN_POINT ( 'NONE',  ( -4.474724153678574012, 10.29999999999999893, -100.3689452808199150 ) ) ;
#663 = DIRECTION ( 'NONE',  ( 0.4472135954999569840, 0.7745966692414845145, 0.4472135954999569840 ) ) ;
#664 = VECTOR ( 'NONE', #3171, 1000.000000000000000 ) ;
#665 = VERTEX_POINT ( 'NONE', #821 ) ;
#666 = VECTOR ( 'NONE', #4314, 1000.000000000000000 ) ;
#667 = LINE ( 'NONE', #1196, #1322 ) ;
#668 = EDGE_LOOP ( 'NONE', ( #2870, #435, #4799, #3450, #779, #2092, #491, #980, #298, #6163, #6521, #73 ) ) ;
#669 = CARTESIAN_POINT ( 'NONE',  ( 59.99800000000000466, 10.30000000000000071, 0.000000000000000000 ) ) ;
#670 = VECTOR ( 'NONE', #1090, 1000.000000000000000 ) ;
#671 = LINE ( 'NONE', #6232, #3250 ) ;
#672 = DIRECTION ( 'NONE',  ( -0.000000000000000000, 1.000000000000000000, -0.000000000000000000 ) ) ;
#673 = CARTESIAN_POINT ( 'NONE',  ( 55.46613572974138862, 10.29999999999999893, -88.20053272238759234 ) ) ;
#674 = ADVANCED_FACE ( 'NONE', ( #2226 ), #2953, .T. ) ;
#675 = CARTESIAN_POINT ( 'NONE',  ( 0.5100000000000329825, 12.30000000000000071, -97.16896198777732252 ) ) ;
#676 = VECTOR ( 'NONE', #8731, 1000.000000000000000 ) ;
#677 = VECTOR ( 'NONE', #8035, 1000.000000000000114 ) ;
#678 = CARTESIAN_POINT ( 'NONE',  ( -7.160900321211190800, 12.29999999999999893, -98.10314907726571221 ) ) ;
#679 = DIRECTION ( 'NONE',  ( 0.2506286776786581516, 0.000000000000000000, -0.9680832949313025182 ) ) ;
#680 = ORIENTED_EDGE ( 'NONE', *, *, #7506, .F. ) ;
#681 = CARTESIAN_POINT ( 'NONE',  ( 0.000000000000000000, 10.30000000000000071, -77.00896198777732593 ) ) ;
#682 = DIRECTION ( 'NONE',  ( 0.000000000000000000, 0.000000000000000000, 1.000000000000000000 ) ) ;
#683 = CARTESIAN_POINT ( 'NONE',  ( -4.670851650850432080, 10.30000000000000249, -82.87780048377757680 ) ) ;
#684 = DIRECTION ( 'NONE',  ( -0.000000000000000000, 0.000000000000000000, -1.000000000000000000 ) ) ;
#685 = CARTESIAN_POINT ( 'NONE',  ( 5.019778077619578838, 12.30000000000000249, -100.9411818515204970 ) ) ;
#686 = ORIENTED_EDGE ( 'NONE', *, *, #7857, .F. ) ;
#687 = ORIENTED_EDGE ( 'NONE', *, *, #8779, .T. ) ;
#688 = CARTESIAN_POINT ( 'NONE',  ( -165.7354017097557062, -185.3052315043353246, -112.0000000000000000 ) ) ;
#689 = DIRECTION ( 'NONE',  ( 0.000000000000000000, 0.000000000000000000, -1.000000000000000000 ) ) ;
#690 = ORIENTED_EDGE ( 'NONE', *, *, #8515, .T. ) ;
#691 = EDGE_CURVE ( 'NONE', #6481, #4412, #7761, .T. ) ;
#692 = ORIENTED_EDGE ( 'NONE', *, *, #3477, .F. ) ;
#693 = CARTESIAN_POINT ( 'NONE',  ( 3.203875819492147059, 12.30000000000000249, -89.90340584793686673 ) ) ;
#694 = FACE_OUTER_BOUND ( 'NONE', #2596, .T. ) ;
#695 = LINE ( 'NONE', #5594, #6101 ) ;
#696 = LINE ( 'NONE', #5546, #7954 ) ;
#697 = DIRECTION ( 'NONE',  ( 0.6562316346604650796, 0.000000000000000000, -0.7545595017431387941 ) ) ;
#698 = ADVANCED_FACE ( 'NONE', ( #5039 ), #4313, .F. ) ;
#699 = EDGE_LOOP ( 'NONE', ( #7049, #3291, #2795, #2888 ) ) ;
#700 = ORIENTED_EDGE ( 'NONE', *, *, #1877, .T. ) ;
#701 = EDGE_CURVE ( 'NONE', #7413, #8207, #908, .T. ) ;
#702 = EDGE_CURVE ( 'NONE', #906, #2506, #5758, .T. ) ;
#703 = CARTESIAN_POINT ( 'NONE',  ( -101.4500000000000455, -1.472316558442722761E-15, 106.4499999999999744 ) ) ;
#704 = CARTESIAN_POINT ( 'NONE',  ( -80.22363584813111004, 10.29999999999999893, -78.48016687820098980 ) ) ;
#705 = ORIENTED_EDGE ( 'NONE', *, *, #8890, .T. ) ;
#706 = CARTESIAN_POINT ( 'NONE',  ( -81.77346369768245893, 10.29999999999999716, -83.46096873817558048 ) ) ;
#707 = DIRECTION ( 'NONE',  ( -0.000000000000000000, 1.000000000000000000, -0.000000000000000000 ) ) ;
#708 = ORIENTED_EDGE ( 'NONE', *, *, #2568, .T. ) ;
#709 = CARTESIAN_POINT ( 'NONE',  ( 24.07900000000001128, 10.30000000000000071, -101.0089619877773259 ) ) ;
#710 = ORIENTED_EDGE ( 'NONE', *, *, #3352, .F. ) ;
#711 = VERTEX_POINT ( 'NONE', #4398 ) ;
#712 = CARTESIAN_POINT ( 'NONE',  ( 4.630181767091420042, 12.30000000000000071, -101.0089619877773117 ) ) ;
#713 = AXIS2_PLACEMENT_3D ( 'NONE', #5026, #6965, #2852 ) ;
#714 = DIRECTION ( 'NONE',  ( 0.000000000000000000, 0.000000000000000000, 1.000000000000000000 ) ) ;
#715 = LINE ( 'NONE', #4891, #381 ) ;
#716 = CARTESIAN_POINT ( 'NONE',  ( -30.49899999999993483, 10.30000000000000071, 1.374107297813819134E-14 ) ) ;
#717 = CARTESIAN_POINT ( 'NONE',  ( -80.45143666074218913, 12.30000000000000071, -89.46818948473899979 ) ) ;
#718 = PRESENTATION_LAYER_ASSIGNMENT (  '', '', ( #1009 ) ) ;
#719 = CARTESIAN_POINT ( 'NONE',  ( 35.54999999999998295, 20.00000000000000000, -38.65000000000001279 ) ) ;
#720 = CARTESIAN_POINT ( 'NONE',  ( 47.29999999999999005, 12.30000000000000071, -42.60000000000000853 ) ) ;
#721 = ORIENTED_EDGE ( 'NONE', *, *, #1356, .F. ) ;
#722 = CARTESIAN_POINT ( 'NONE',  ( -48.57800000000001006, 12.30000000000000071, 0.000000000000000000 ) ) ;
#723 = VECTOR ( 'NONE', #7834, 1000.000000000000000 ) ;
#724 = DIRECTION ( 'NONE',  ( 1.725020237142878459E-16, 0.000000000000000000, 1.000000000000000000 ) ) ;
#725 = LINE ( 'NONE', #3490, #5866 ) ;
#726 = DIRECTION ( 'NONE',  ( -0.4226182617406941677, 0.9063077870366524902, 0.000000000000000000 ) ) ;
#727 = CARTESIAN_POINT ( 'NONE',  ( -111.9999999999999858, 20.00000000000000000, 91.73046126524033639 ) ) ;
#728 = VERTEX_POINT ( 'NONE', #3048 ) ;
#729 = VECTOR ( 'NONE', #8298, 1000.000000000000000 ) ;
#730 = ORIENTED_EDGE ( 'NONE', *, *, #5953, .F. ) ;
#731 = ADVANCED_FACE ( 'NONE', ( #8360 ), #8153, .T. ) ;
#732 = B_SPLINE_CURVE_WITH_KNOTS ( 'NONE', 3,
 ( #6835, #5302, #1855, #2626, #8160, #1814, #4575, #7385, #5252 ),
 .UNSPECIFIED., .F., .F.,
 ( 4, 1, 1, 1, 1, 1, 4 ),
 ( 0.000000000000000000, 0.2776847310795541035, 0.3982845304934640174, 0.5143160584712279659, 0.6281404620232047264, 0.7433146382242058481, 1.000000000000000000 ),
 .UNSPECIFIED. ) ;
#733 = CARTESIAN_POINT ( 'NONE',  ( -0.02356147843175124615, 10.30000000000000071, -97.16799553492748487 ) ) ;
#734 = LINE ( 'NONE', #6254, #8051 ) ;
#735 = ORIENTED_EDGE ( 'NONE', *, *, #3828, .F. ) ;
#736 = ORIENTED_EDGE ( 'NONE', *, *, #3610, .T. ) ;
#737 = CARTESIAN_POINT ( 'NONE',  ( 2.611777636827390392, 12.30000000000000249, -90.23124641640067978 ) ) ;
#738 = CARTESIAN_POINT ( 'NONE',  ( 47.29999999999981952, 4.299999999999999822, 47.30000000000015348 ) ) ;
#739 = CARTESIAN_POINT ( 'NONE',  ( -116.9999999999996874, 16.00000000000000000, 89.86523063262039557 ) ) ;
#740 = CARTESIAN_POINT ( 'NONE',  ( -93.39200000000002433, 10.30000000000000071, -100.2039619877773049 ) ) ;
#741 = PLANE ( 'NONE',  #2336 ) ;
#742 = ORIENTED_EDGE ( 'NONE', *, *, #7007, .T. ) ;
#743 = ORIENTED_EDGE ( 'NONE', *, *, #3744, .F. ) ;
#744 = CARTESIAN_POINT ( 'NONE',  ( 36.42900000000000915, 10.30000000000000071, 0.000000000000000000 ) ) ;
#745 = ADVANCED_FACE ( 'NONE', ( #7535 ), #6804, .T. ) ;
#746 = CARTESIAN_POINT ( 'NONE',  ( -78.62461413686553158, 10.29999999999999893, -79.89296951570723593 ) ) ;
#747 = ORIENTED_EDGE ( 'NONE', *, *, #5569, .F. ) ;
#748 = VECTOR ( 'NONE', #2939, 1000.000000000000000 ) ;
#749 = CARTESIAN_POINT ( 'NONE',  ( 30.06900000000001327, 10.30000000000000071, -77.00896198777732593 ) ) ;
#750 = EDGE_CURVE ( 'NONE', #7450, #3336, #1325, .T. ) ;
#751 = CARTESIAN_POINT ( 'NONE',  ( -88.45000000000001705, 2.000000000000000000, -88.45000000000001705 ) ) ;
#752 = ORIENTED_EDGE ( 'NONE', *, *, #6499, .T. ) ;
#753 = ORIENTED_EDGE ( 'NONE', *, *, #1590, .T. ) ;
#754 = CARTESIAN_POINT ( 'NONE',  ( -7.160900321211190800, 10.29999999999999893, -98.10314907726571221 ) ) ;
#755 = VECTOR ( 'NONE', #104, 1000.000000000000114 ) ;
#756 = CARTESIAN_POINT ( 'NONE',  ( 0.000000000000000000, -1.734723475976807094E-15, -80.44999999999998863 ) ) ;
#757 = EDGE_CURVE ( 'NONE', #5556, #7961, #508, .T. ) ;
#758 = EDGE_CURVE ( 'NONE', #1118, #4154, #6758, .T. ) ;
#759 = CARTESIAN_POINT ( 'NONE',  ( 47.84799999999999898, 12.30000000000000071, -84.34896198777730092 ) ) ;
#760 = CARTESIAN_POINT ( 'NONE',  ( 75.45000000000000284, 2.000000000000000000, -75.45000000000000284 ) ) ;
#761 = CARTESIAN_POINT ( 'NONE',  ( -2.917338066917739572E-13, 10.30000000000000071, -101.0089619877770843 ) ) ;
#762 = LINE ( 'NONE', #7010, #8678 ) ;
#763 = CIRCLE ( 'NONE', #7414, 3.299999999999997158 ) ;
#764 = EDGE_CURVE ( 'NONE', #5187, #7814, #3953, .T. ) ;
#765 = CARTESIAN_POINT ( 'NONE',  ( 26.28900000000000858, 10.30000000000000071, -77.00896198777731172 ) ) ;
#766 = CARTESIAN_POINT ( 'NONE',  ( -116.9999999999997584, 16.00000000000000000, 71.86523063262039557 ) ) ;
#767 = VERTEX_POINT ( 'NONE', #5984 ) ;
#768 = FACE_OUTER_BOUND ( 'NONE', #3544, .T. ) ;
#769 = CARTESIAN_POINT ( 'NONE',  ( 0.000000000000000000, 10.30000000000000071, -77.00896198777732593 ) ) ;
#770 = CARTESIAN_POINT ( 'NONE',  ( 0.5100000000000329825, 10.30000000000000071, -97.16896198777732252 ) ) ;
#771 = CARTESIAN_POINT ( 'NONE',  ( 0.000000000000000000, 10.30000000000000071, -88.20896198777730035 ) ) ;
#772 = CARTESIAN_POINT ( 'NONE',  ( -96.77180073764540680, 2.000000000000000000, -88.45000000000001705 ) ) ;
#773 = ORIENTED_EDGE ( 'NONE', *, *, #702, .F. ) ;
#774 = VERTEX_POINT ( 'NONE', #649 ) ;
#775 = EDGE_LOOP ( 'NONE', ( #5860, #1057, #7518, #7951, #4487, #6632, #3680, #8226 ) ) ;
#776 = CARTESIAN_POINT ( 'NONE',  ( 7.503932075338144436, 12.30000000000000071, -84.17933977308707938 ) ) ;
#777 = CARTESIAN_POINT ( 'NONE',  ( -78.60345906065818156, 12.30000000000000249, -98.25210936209178669 ) ) ;
#778 = ORIENTED_EDGE ( 'NONE', *, *, #4465, .T. ) ;
#779 = ORIENTED_EDGE ( 'NONE', *, *, #3131, .T. ) ;
#780 = CARTESIAN_POINT ( 'NONE',  ( 7.209239905108007385, 10.30000000000000071, -85.40792580488685815 ) ) ;
#781 = CARTESIAN_POINT ( 'NONE',  ( -89.38819623441202111, 12.29999999999999716, -81.37215945204593481 ) ) ;
#782 = DIRECTION ( 'NONE',  ( 3.491481338843133355E-15, 0.000000000000000000, 1.000000000000000000 ) ) ;
#783 = DIRECTION ( 'NONE',  ( -0.2770469256046621531, 0.000000000000000000, -0.9608563893803302447 ) ) ;
#784 = CARTESIAN_POINT ( 'NONE',  ( 13.51539623048385153, 10.30000000000000071, 2.180102976516470115 ) ) ;
#785 = ORIENTED_EDGE ( 'NONE', *, *, #6996, .T. ) ;
#786 = ADVANCED_FACE ( 'NONE', ( #555 ), #8172, .T. ) ;
#787 = VERTEX_POINT ( 'NONE', #2732 ) ;
#788 = CARTESIAN_POINT ( 'NONE',  ( -77.36172522647746064, 10.29999999999999893, -81.67847270287337835 ) ) ;
#789 = CARTESIAN_POINT ( 'NONE',  ( 0.5100000000000329825, 10.30000000000000071, -97.16896198777732252 ) ) ;
#790 = ORIENTED_EDGE ( 'NONE', *, *, #4042, .F. ) ;
#791 = CARTESIAN_POINT ( 'NONE',  ( -81.11838966831579967, 12.29999999999999893, -84.72509431855867490 ) ) ;
#792 = LINE ( 'NONE', #3645, #1669 ) ;
#793 = ORIENTED_EDGE ( 'NONE', *, *, #7074, .T. ) ;
#794 = ORIENTED_EDGE ( 'NONE', *, *, #8321, .F. ) ;
#795 = CARTESIAN_POINT ( 'NONE',  ( -2.661889374871509784, 12.30000000000000071, -100.9758143847235061 ) ) ;
#796 = CARTESIAN_POINT ( 'NONE',  ( 71.86523063261998345, 16.00000000000000000, 117.0000000000000000 ) ) ;
#797 = CARTESIAN_POINT ( 'NONE',  ( 26.28900000000000858, 12.30000000000000071, -77.00896198777731172 ) ) ;
#798 = VECTOR ( 'NONE', #707, 1000.000000000000000 ) ;
#799 = PLANE ( 'NONE',  #4293 ) ;
#800 = VECTOR ( 'NONE', #6877, 1000.000000000000000 ) ;
#801 = CARTESIAN_POINT ( 'NONE',  ( 55.85519017781547291, 10.30000000000000071, -92.36821595577896460 ) ) ;
#802 = CARTESIAN_POINT ( 'NONE',  ( 88.45000000000001705, -1.734723475976807094E-15, -98.45000000000000284 ) ) ;
#803 = VECTOR ( 'NONE', #6931, 1000.000000000000000 ) ;
#804 = VECTOR ( 'NONE', #5163, 1000.000000000000114 ) ;
#805 = EDGE_CURVE ( 'NONE', #340, #2329, #3285, .T. ) ;
#806 = EDGE_CURVE ( 'NONE', #3229, #4830, #8947, .T. ) ;
#807 = DIRECTION ( 'NONE',  ( 2.036359179429854203E-16, -0.000000000000000000, 1.000000000000000000 ) ) ;
#808 = PLANE ( 'NONE',  #1535 ) ;
#809 = AXIS2_PLACEMENT_3D ( 'NONE', #929, #5019, #4335 ) ;
#810 = ORIENTED_EDGE ( 'NONE', *, *, #1936, .T. ) ;
#811 = CARTESIAN_POINT ( 'NONE',  ( -71.59549167055263297, 10.30000000000000071, 13.70037186288350028 ) ) ;
#812 = B_SPLINE_CURVE_WITH_KNOTS ( 'NONE', 3,
 ( #3735, #5728, #5647, #3684, #3602, #2328, #5605, #208, #789 ),
 .UNSPECIFIED., .F., .F.,
 ( 4, 1, 1, 1, 1, 1, 4 ),
 ( 0.000000000000000000, 0.2704152370959317930, 0.4022059016508223728, 0.5315022432348889270, 0.6574208302839994467, 0.7767221372520923817, 1.000000000000000000 ),
 .UNSPECIFIED. ) ;
#813 = CARTESIAN_POINT ( 'NONE',  ( 112.0000000000000142, 16.00000000000000000, -89.86523063262039557 ) ) ;
#814 = DIRECTION ( 'NONE',  ( -0.000000000000000000, 1.000000000000000000, -0.000000000000000000 ) ) ;
#815 = PLANE ( 'NONE',  #6675 ) ;
#816 = LINE ( 'NONE', #1409, #4194 ) ;
#817 = ORIENTED_EDGE ( 'NONE', *, *, #3351, .T. ) ;
#818 = VECTOR ( 'NONE', #4897, 1000.000000000000000 ) ;
#819 = VERTEX_POINT ( 'NONE', #7356 ) ;
#820 = EDGE_LOOP ( 'NONE', ( #7253, #1705, #3807, #2111 ) ) ;
#821 = CARTESIAN_POINT ( 'NONE',  ( -2.506605835772532043, 10.29999999999999893, -101.0089619881004381 ) ) ;
#822 = CARTESIAN_POINT ( 'NONE',  ( -47.30000000000032401, 0.000000000000000000, 43.99999999999965894 ) ) ;
#823 = ORIENTED_EDGE ( 'NONE', *, *, #3522, .F. ) ;
#824 = VERTEX_POINT ( 'NONE', #3910 ) ;
#825 = CARTESIAN_POINT ( 'NONE',  ( 7.503932075338144436, 12.30000000000000249, -84.17933977308707938 ) ) ;
#826 = DIRECTION ( 'NONE',  ( 1.000000000000000000, 0.000000000000000000, -0.000000000000000000 ) ) ;
#827 = CIRCLE ( 'NONE', #5884, 3.299999999999997158 ) ;
#828 = DIRECTION ( 'NONE',  ( 0.000000000000000000, 0.000000000000000000, 1.000000000000000000 ) ) ;
#829 = DIRECTION ( 'NONE',  ( 0.000000000000000000, 0.7660444431189704639, 0.6427876096865483557 ) ) ;
#830 = CARTESIAN_POINT ( 'NONE',  ( -71.86523063261998345, 16.00000000000000000, 117.0000000000000000 ) ) ;
#831 = ORIENTED_EDGE ( 'NONE', *, *, #4240, .T. ) ;
#832 = VERTEX_POINT ( 'NONE', #5596 ) ;
#833 = EDGE_CURVE ( 'NONE', #1342, #928, #696, .T. ) ;
#834 = CARTESIAN_POINT ( 'NONE',  ( -76.85816587328821470, 10.29999999999999893, -82.69168603687053576 ) ) ;
#835 = CARTESIAN_POINT ( 'NONE',  ( -48.57800000000001006, 10.30000000000000071, -77.00896198777732593 ) ) ;
#836 = ORIENTED_EDGE ( 'NONE', *, *, #3574, .F. ) ;
#837 = CARTESIAN_POINT ( 'NONE',  ( -81.77346369768245893, 12.29999999999999893, -83.46096873817558048 ) ) ;
#838 = EDGE_CURVE ( 'NONE', #3725, #911, #7080, .T. ) ;
#839 = CARTESIAN_POINT ( 'NONE',  ( -83.83282401281331886, 12.30000000000000071, -101.0089619877772975 ) ) ;
#840 = EDGE_LOOP ( 'NONE', ( #6539, #6384, #3169, #910 ) ) ;
#841 = VECTOR ( 'NONE', #3664, 1000.000000000000000 ) ;
#842 = VERTEX_POINT ( 'NONE', #2879 ) ;
#843 = EDGE_CURVE ( 'NONE', #4358, #5171, #8368, .T. ) ;
#844 = CARTESIAN_POINT ( 'NONE',  ( 4.630181767091420042, 10.30000000000000249, -101.0089619951388613 ) ) ;
#845 = DIRECTION ( 'NONE',  ( 1.000000000000000000, 0.000000000000000000, -0.000000000000000000 ) ) ;
#846 = CARTESIAN_POINT ( 'NONE',  ( 48.65714417895365074, 12.30000000000000071, -80.57781608749655788 ) ) ;
#847 = DIRECTION ( 'NONE',  ( 0.000000000000000000, 0.000000000000000000, 1.000000000000000000 ) ) ;
#848 = CARTESIAN_POINT ( 'NONE',  ( -80.69282827888102361, 12.30000000000000071, -91.63892211365347862 ) ) ;
#849 = EDGE_CURVE ( 'NONE', #7132, #5561, #2148, .T. ) ;
#850 = EDGE_CURVE ( 'NONE', #8167, #5399, #4038, .T. ) ;
#851 = B_SPLINE_SURFACE_WITH_KNOTS ( 'NONE', 3, 1, ( 
 ( #1478, #4199 ),
 ( #6221, #2968 ),
 ( #2886, #8375 ),
 ( #32, #8419 ),
 ( #5731, #8501 ),
 ( #6954, #2106 ),
 ( #7045, #3469 ),
 ( #4243, #2203 ),
 ( #7089, #1519 ),
 ( #706, #837 ),
 ( #2790, #6911 ),
 ( #6994, #791 ),
 ( #4967, #7780 ),
 ( #3514, #882 ),
 ( #3644, #1380 ),
 ( #3558, #3604 ),
 ( #2834, #4877 ) ),
 .UNSPECIFIED., .F., .F., .F.,
 ( 4, 1, 1, 1, 1, 1, 1, 1, 1, 1, 1, 1, 1, 1, 4 ),
 ( 2, 2 ),
 ( 0.000000000000000000, 0.1203188265842420196, 0.1770840744970103853, 0.2323808333993849784, 0.2874324481452071312, 0.3423696298753973744, 0.3983131762392832509, 0.4559601364704645166, 0.5150791709012468855, 0.5755118426849108459, 0.6379624447071429172, 0.7032124837466858791, 0.7715409866018164697, 0.8435793169397768354, 1.000000000000000000 ),
 ( 0.000000000000000000, 1.000000000000000000 ),
 .UNSPECIFIED. ) ;
#852 = CARTESIAN_POINT ( 'NONE',  ( 88.45000000000000284, 2.000000000000000000, -88.45000000000000284 ) ) ;
#853 = DIRECTION ( 'NONE',  ( 0.000000000000000000, 0.000000000000000000, 1.000000000000000000 ) ) ;
#854 = EDGE_LOOP ( 'NONE', ( #5390, #3759, #4819, #721 ) ) ;
#855 = CARTESIAN_POINT ( 'NONE',  ( 75.45000000000001705, 2.000000000000000000, 75.44999999999998863 ) ) ;
#856 = EDGE_CURVE ( 'NONE', #4154, #5556, #2782, .T. ) ;
#857 = AXIS2_PLACEMENT_3D ( 'NONE', #5682, #200, #71 ) ;
#858 = DIRECTION ( 'NONE',  ( -0.000000000000000000, 1.000000000000000000, -0.000000000000000000 ) ) ;
#859 = EDGE_CURVE ( 'NONE', #4591, #4312, #2234, .T. ) ;
#860 = CARTESIAN_POINT ( 'NONE',  ( 4.818237599369112445, 12.30000000000000071, -96.52086071389825861 ) ) ;
#861 = DIRECTION ( 'NONE',  ( -0.000000000000000000, -1.000000000000000000, -0.000000000000000000 ) ) ;
#862 = CARTESIAN_POINT ( 'NONE',  ( -106.4500000000000313, -1.734723475976807094E-15, -1.387778780781446307E-14 ) ) ;
#863 = CIRCLE ( 'NONE', #2164, 8.321800737645393298 ) ;
#864 = EDGE_CURVE ( 'NONE', #7153, #6358, #4866, .T. ) ;
#865 = ORIENTED_EDGE ( 'NONE', *, *, #1240, .F. ) ;
#866 = VERTEX_POINT ( 'NONE', #6305 ) ;
#867 = CARTESIAN_POINT ( 'NONE',  ( -75.44999999999997442, 0.000000000000000000, 85.45000000000000284 ) ) ;
#868 = CARTESIAN_POINT ( 'NONE',  ( -76.14047602250255409, 12.30000000000000249, -93.15109784760701928 ) ) ;
#869 = ORIENTED_EDGE ( 'NONE', *, *, #3397, .F. ) ;
#870 = EDGE_LOOP ( 'NONE', ( #5541, #6652, #3432, #2529 ) ) ;
#871 = CARTESIAN_POINT ( 'NONE',  ( 7.004258201248930504, 12.30000000000000249, -85.90853134798203428 ) ) ;
#872 = CARTESIAN_POINT ( 'NONE',  ( -82.13124043181869638, 12.29999999999999893, -77.47268422154984080 ) ) ;
#873 = EDGE_CURVE ( 'NONE', #468, #1776, #3461, .T. ) ;
#874 = PLANE ( 'NONE',  #3650 ) ;
#875 = CARTESIAN_POINT ( 'NONE',  ( -1.387778780781445202E-14, 0.000000000000000000, 93.44999999999998863 ) ) ;
#876 = CARTESIAN_POINT ( 'NONE',  ( -111.9999999999999716, -312.4838379715732799, -107.0000000000000284 ) ) ;
#877 = ORIENTED_EDGE ( 'NONE', *, *, #4598, .T. ) ;
#878 = VERTEX_POINT ( 'NONE', #7678 ) ;
#879 = CARTESIAN_POINT ( 'NONE',  ( 31.75400000000001910, 12.30000000000000071, -81.16896198777732252 ) ) ;
#880 = CARTESIAN_POINT ( 'NONE',  ( -38.64999999999999147, 12.29999999999997762, -6.849999999999996980 ) ) ;
#881 = ORIENTED_EDGE ( 'NONE', *, *, #6612, .T. ) ;
#882 = CARTESIAN_POINT ( 'NONE',  ( -80.67862814641188152, 12.29999999999999893, -86.20593925742024055 ) ) ;
#883 = CARTESIAN_POINT ( 'NONE',  ( 7.042206333115736072, 12.29999999999999893, -80.48524964823167238 ) ) ;
#884 = VERTEX_POINT ( 'NONE', #1470 ) ;
#885 = ORIENTED_EDGE ( 'NONE', *, *, #5975, .T. ) ;
#886 = DIRECTION ( 'NONE',  ( -1.000000000000000000, 0.000000000000000000, 0.000000000000000000 ) ) ;
#887 = DIRECTION ( 'NONE',  ( -0.000000000000000000, 0.000000000000000000, -1.000000000000000000 ) ) ;
#888 = CIRCLE ( 'NONE', #3201, 4.999999999999990230 ) ;
#889 = EDGE_CURVE ( 'NONE', #4061, #5561, #7947, .T. ) ;
#890 = CARTESIAN_POINT ( 'NONE',  ( 55.92800000000000438, 12.30000000000000071, -81.16896198777732252 ) ) ;
#891 = VECTOR ( 'NONE', #4665, 1000.000000000000000 ) ;
#892 = CARTESIAN_POINT ( 'NONE',  ( 47.29999999999999005, 4.299999999999999822, -47.29999999999999005 ) ) ;
#893 = CARTESIAN_POINT ( 'NONE',  ( -3.221602042398910459, 12.30000000000000249, -94.96952048079583619 ) ) ;
#894 = DIRECTION ( 'NONE',  ( -0.1592467030307476439, 0.000000000000000000, -0.9872388199285099253 ) ) ;
#895 = CARTESIAN_POINT ( 'NONE',  ( -47.29999999999949978, 10.90000000000000568, -47.30000000000048033 ) ) ;
#896 = ORIENTED_EDGE ( 'NONE', *, *, #6714, .F. ) ;
#897 = DIRECTION ( 'NONE',  ( 0.000000000000000000, 0.000000000000000000, 1.000000000000000000 ) ) ;
#898 = VECTOR ( 'NONE', #2176, 1000.000000000000000 ) ;
#899 = CARTESIAN_POINT ( 'NONE',  ( 112.0000000000000142, 20.00000000000000000, 107.0000000000000000 ) ) ;
#900 = LINE ( 'NONE', #3662, #1382 ) ;
#901 = DIRECTION ( 'NONE',  ( 0.000000000000000000, 0.000000000000000000, -1.000000000000000000 ) ) ;
#902 = CARTESIAN_POINT ( 'NONE',  ( 107.0000000000000426, -312.4838379715732799, -112.0000000000000000 ) ) ;
#903 = AXIS2_PLACEMENT_3D ( 'NONE', #5141, #4462, #5185 ) ;
#904 = DIRECTION ( 'NONE',  ( 8.659560562354831785E-17, -0.7071067811865556774, 0.7071067811865393571 ) ) ;
#905 = VERTEX_POINT ( 'NONE', #5640 ) ;
#906 = VERTEX_POINT ( 'NONE', #6354 ) ;
#907 = EDGE_CURVE ( 'NONE', #1141, #4744, #7035, .T. ) ;
#908 = LINE ( 'NONE', #6427, #5598 ) ;
#909 = CARTESIAN_POINT ( 'NONE',  ( -76.44550182995500620, 12.30000000000000249, -94.36525726628325117 ) ) ;
#910 = ORIENTED_EDGE ( 'NONE', *, *, #8134, .F. ) ;
#911 = VERTEX_POINT ( 'NONE', #160 ) ;
#912 = CARTESIAN_POINT ( 'NONE',  ( 88.31216542597195485, 12.30000000000000071, -96.52896198777732195 ) ) ;
#913 = CARTESIAN_POINT ( 'NONE',  ( -107.0000000000000000, 16.00000000000001421, 112.0000000000000000 ) ) ;
#914 = CARTESIAN_POINT ( 'NONE',  ( 1.817779467013370676, 10.29999999999999893, -85.24937067359256559 ) ) ;
#915 = CARTESIAN_POINT ( 'NONE',  ( 4.818237599369112445, 12.30000000000000071, -96.52086071389825861 ) ) ;
#916 = VERTEX_POINT ( 'NONE', #2920 ) ;
#917 = ORIENTED_EDGE ( 'NONE', *, *, #8200, .T. ) ;
#918 = EDGE_CURVE ( 'NONE', #1635, #2044, #4141, .T. ) ;
#919 = CARTESIAN_POINT ( 'NONE',  ( -63.15304191684395363, 20.00000000000000000, 6.850000000000004974 ) ) ;
#920 = CARTESIAN_POINT ( 'NONE',  ( -3.222315958992008511, 12.30000000000000071, -94.34105057843093789 ) ) ;
#921 = ORIENTED_EDGE ( 'NONE', *, *, #5935, .F. ) ;
#922 = DIRECTION ( 'NONE',  ( 0.000000000000000000, 0.000000000000000000, 1.000000000000000000 ) ) ;
#923 = B_SPLINE_CURVE_WITH_KNOTS ( 'NONE', 3,
 ( #180, #7659, #5621, #1542, #4304, #5662, #5030, #7060, #6968 ),
 .UNSPECIFIED., .F., .F.,
 ( 4, 1, 1, 1, 1, 1, 4 ),
 ( 0.000000000000000000, 0.2914184722183419951, 0.4162270693911803154, 0.5335466602919788359, 0.6455727606685639497, 0.7563127635087938394, 1.000000000000000000 ),
 .UNSPECIFIED. ) ;
#924 = DIRECTION ( 'NONE',  ( 0.000000000000000000, 1.000000000000000000, 0.000000000000000000 ) ) ;
#925 = FACE_OUTER_BOUND ( 'NONE', #322, .T. ) ;
#926 = ORIENTED_EDGE ( 'NONE', *, *, #4987, .F. ) ;
#927 = ADVANCED_FACE ( 'NONE', ( #5722 ), #2096, .T. ) ;
#928 = VERTEX_POINT ( 'NONE', #8450 ) ;
#929 = CARTESIAN_POINT ( 'NONE',  ( 107.0000000000000142, 0.000000000000000000, 107.0000000000000000 ) ) ;
#930 = CARTESIAN_POINT ( 'NONE',  ( 107.0000000000000142, 20.00000000000000000, 107.0000000000000000 ) ) ;
#931 = LINE ( 'NONE', #7097, #748 ) ;
#932 = DIRECTION ( 'NONE',  ( 1.000000000000000000, -0.000000000000000000, 0.000000000000000000 ) ) ;
#933 = CARTESIAN_POINT ( 'NONE',  ( -36.12702438247131909, 10.30000000000000071, 8.126654738487687268 ) ) ;
#934 = VECTOR ( 'NONE', #4113, 1000.000000000000000 ) ;
#935 = CARTESIAN_POINT ( 'NONE',  ( -93.45000000000001705, -1.734723475976807094E-15, -1.387778780781446307E-14 ) ) ;
#936 = VECTOR ( 'NONE', #565, 1000.000000000000114 ) ;
#937 = ORIENTED_EDGE ( 'NONE', *, *, #5913, .F. ) ;
#938 = DIRECTION ( 'NONE',  ( 1.000000000000000000, 0.000000000000000000, 0.000000000000000000 ) ) ;
#939 = VECTOR ( 'NONE', #4101, 1000.000000000000000 ) ;
#940 = FACE_OUTER_BOUND ( 'NONE', #8694, .T. ) ;
#941 = EDGE_CURVE ( 'NONE', #2663, #5885, #4999, .T. ) ;
#942 = LINE ( 'NONE', #230, #5733 ) ;
#943 = AXIS2_PLACEMENT_3D ( 'NONE', #6303, #5639, #7725 ) ;
#944 = CARTESIAN_POINT ( 'NONE',  ( -75.44999999999998863, 2.000000000000000000, -75.44999999999998863 ) ) ;
#945 = AXIS2_PLACEMENT_3D ( 'NONE', #1759, #7106, #7203 ) ;
#946 = FACE_OUTER_BOUND ( 'NONE', #6957, .T. ) ;
#947 = B_SPLINE_CURVE_WITH_KNOTS ( 'NONE', 3,
 ( #6692, #8209, #591, #8934, #2669, #3987, #6018, #4663, #3893, #3940, #6064, #6110, #5972, #6155, #6649, #449, #7479 ),
 .UNSPECIFIED., .F., .F.,
 ( 4, 1, 1, 1, 1, 1, 1, 1, 1, 1, 1, 1, 1, 1, 4 ),
 ( 0.000000000000000000, 0.1203188265842420196, 0.1770840744970103853, 0.2323808333993849784, 0.2874324481452071312, 0.3423696298753973744, 0.3983131762392832509, 0.4559601364704645166, 0.5150791709012468855, 0.5755118426849108459, 0.6379624447071429172, 0.7032124837466858791, 0.7715409866018164697, 0.8435793169397768354, 1.000000000000000000 ),
 .UNSPECIFIED. ) ;
#948 = VERTEX_POINT ( 'NONE', #2960 ) ;
#949 = ORIENTED_EDGE ( 'NONE', *, *, #6054, .T. ) ;
#950 = VECTOR ( 'NONE', #5431, 1000.000000000000000 ) ;
#951 = DIRECTION ( 'NONE',  ( 1.000000000000000000, 0.000000000000000000, -0.000000000000000000 ) ) ;
#952 = VECTOR ( 'NONE', #2675, 1000.000000000000000 ) ;
#953 = CIRCLE ( 'NONE', #8197, 4.699999999999981526 ) ;
#954 = DIRECTION ( 'NONE',  ( -0.000000000000000000, 1.000000000000000000, -0.000000000000000000 ) ) ;
#955 = ORIENTED_EDGE ( 'NONE', *, *, #4496, .T. ) ;
#956 = VECTOR ( 'NONE', #2633, 1000.000000000000000 ) ;
#957 = ORIENTED_EDGE ( 'NONE', *, *, #2428, .T. ) ;
#958 = DIRECTION ( 'NONE',  ( 0.000000000000000000, 0.000000000000000000, -1.000000000000000000 ) ) ;
#959 = DIRECTION ( 'NONE',  ( 0.4226182617406941122, -0.9063077870366523792, 0.000000000000000000 ) ) ;
#960 = CARTESIAN_POINT ( 'NONE',  ( 101.4500000000000313, 0.000000000000000000, 111.4500000000000028 ) ) ;
#961 = AXIS2_PLACEMENT_3D ( 'NONE', #4261, #5664, #7015 ) ;
#962 = CARTESIAN_POINT ( 'NONE',  ( -3.298812606246169565, 10.30000000000000071, -81.81168850169589746 ) ) ;
#963 = CARTESIAN_POINT ( 'NONE',  ( -5.303157673718482457, 10.30000000000000071, -0.7204735369639808651 ) ) ;
#964 = ORIENTED_EDGE ( 'NONE', *, *, #1418, .F. ) ;
#965 = VERTEX_POINT ( 'NONE', #3633 ) ;
#966 = EDGE_CURVE ( 'NONE', #5772, #2944, #2050, .T. ) ;
#967 = DIRECTION ( 'NONE',  ( 0.000000000000000000, 0.000000000000000000, 1.000000000000000000 ) ) ;
#968 = AXIS2_PLACEMENT_3D ( 'NONE', #2292, #7741, #845 ) ;
#969 = VECTOR ( 'NONE', #3686, 1000.000000000000000 ) ;
#970 = DIRECTION ( 'NONE',  ( 0.000000000000000000, 1.000000000000000000, 0.000000000000000000 ) ) ;
#971 = VERTEX_POINT ( 'NONE', #4817 ) ;
#972 = CARTESIAN_POINT ( 'NONE',  ( 107.0000000000000000, 20.00000000000000000, 33.64999999999998437 ) ) ;
#973 = EDGE_CURVE ( 'NONE', #2329, #5833, #4476, .T. ) ;
#974 = EDGE_CURVE ( 'NONE', #1246, #6114, #3826, .T. ) ;
#975 = CARTESIAN_POINT ( 'NONE',  ( -80.49300424996275183, 10.29999999999999893, -90.42219012522106425 ) ) ;
#976 = FACE_OUTER_BOUND ( 'NONE', #1832, .T. ) ;
#977 = EDGE_CURVE ( 'NONE', #5706, #3607, #3176, .T. ) ;
#978 = VERTEX_POINT ( 'NONE', #5810 ) ;
#979 = EDGE_CURVE ( 'NONE', #916, #62, #7258, .T. ) ;
#980 = ORIENTED_EDGE ( 'NONE', *, *, #873, .T. ) ;
#981 = EDGE_CURVE ( 'NONE', #878, #2516, #2014, .T. ) ;
#982 = CARTESIAN_POINT ( 'NONE',  ( 2.644401076045397758, 12.29999999999999893, -84.05325522339029476 ) ) ;
#983 = CARTESIAN_POINT ( 'NONE',  ( 49.95096382601623475, 12.30000000000000071, -78.90768211599764470 ) ) ;
#984 = DIRECTION ( 'NONE',  ( 0.000000000000000000, 0.000000000000000000, 1.000000000000000000 ) ) ;
#985 = DIRECTION ( 'NONE',  ( -0.2770469256046621531, 0.000000000000000000, -0.9608563893803302447 ) ) ;
#986 = CARTESIAN_POINT ( 'NONE',  ( 107.0000000000000426, 20.00000000000000000, -117.0000000000000000 ) ) ;
#987 = CARTESIAN_POINT ( 'NONE',  ( -87.56103777371090757, 12.30000000000000071, -76.69553844091078076 ) ) ;
#988 = VERTEX_POINT ( 'NONE', #3675 ) ;
#989 = CARTESIAN_POINT ( 'NONE',  ( -91.73046126523995270, 20.00000000000000000, 117.0000000000000000 ) ) ;
#990 = FACE_OUTER_BOUND ( 'NONE', #4546, .T. ) ;
#991 = LINE ( 'NONE', #5920, #5868 ) ;
#992 = PLANE ( 'NONE',  #3119 ) ;
#993 = CARTESIAN_POINT ( 'NONE',  ( 0.000000000000000000, 4.299999999999999822, -36.64999999999999858 ) ) ;
#994 = CARTESIAN_POINT ( 'NONE',  ( 52.73706338219438550, 10.29999999999999893, -85.91736112997251951 ) ) ;
#995 = ORIENTED_EDGE ( 'NONE', *, *, #2877, .T. ) ;
#996 = EDGE_LOOP ( 'NONE', ( #5318, #1941, #8404, #4175 ) ) ;
#997 = DIRECTION ( 'NONE',  ( 0.000000000000000000, 0.000000000000000000, 1.000000000000000000 ) ) ;
#998 = ORIENTED_EDGE ( 'NONE', *, *, #1697, .T. ) ;
#999 = VERTEX_POINT ( 'NONE', #4453 ) ;
#1000 = CARTESIAN_POINT ( 'NONE',  ( 88.45000000000001705, 2.000000000000000000, 88.45000000000001705 ) ) ;
#1001 = CARTESIAN_POINT ( 'NONE',  ( -48.57800000000001006, 10.30000000000000071, -101.0089619877773117 ) ) ;
#1002 = VECTOR ( 'NONE', #536, 1000.000000000000000 ) ;
#1003 = CARTESIAN_POINT ( 'NONE',  ( -3.298812606246169565, 12.30000000000000249, -81.81168850169589746 ) ) ;
#1004 = FACE_OUTER_BOUND ( 'NONE', #5905, .T. ) ;
#1005 = ADVANCED_FACE ( 'NONE', ( #8578 ), #2890, .T. ) ;
#1006 = VERTEX_POINT ( 'NONE', #3054 ) ;
#1007 = ORIENTED_EDGE ( 'NONE', *, *, #6710, .F. ) ;
#1008 = EDGE_CURVE ( 'NONE', #479, #8242, #7899, .T. ) ;
#1009 = STYLED_ITEM ( 'NONE', ( #355 ), #5846 ) ;
#1010 = PLANE ( 'NONE',  #4707 ) ;
#1011 = PLANE ( 'NONE',  #8341 ) ;
#1012 = ORIENTED_EDGE ( 'NONE', *, *, #8231, .T. ) ;
#1013 = DIRECTION ( 'NONE',  ( 1.137523590804464069E-16, -0.000000000000000000, 1.000000000000000000 ) ) ;
#1014 = CARTESIAN_POINT ( 'NONE',  ( 117.0000000000000142, 20.00000000000000000, 107.0000000000000000 ) ) ;
#1015 = FACE_OUTER_BOUND ( 'NONE', #2667, .T. ) ;
#1016 = ORIENTED_EDGE ( 'NONE', *, *, #5392, .T. ) ;
#1017 = ORIENTED_EDGE ( 'NONE', *, *, #619, .T. ) ;
#1018 = VECTOR ( 'NONE', #7254, 1000.000000000000000 ) ;
#1019 = ADVANCED_FACE ( 'NONE', ( #8618 ), #2407, .T. ) ;
#1020 = CARTESIAN_POINT ( 'NONE',  ( 0.000000000000000000, 2.000000000000000000, 0.000000000000000000 ) ) ;
#1021 = EDGE_CURVE ( 'NONE', #7223, #5511, #2450, .T. ) ;
#1022 = CARTESIAN_POINT ( 'NONE',  ( -111.9999999999999858, 15.99999999999998579, 71.86523063262040978 ) ) ;
#1023 = PLANE ( 'NONE',  #611 ) ;
#1024 = DIRECTION ( 'NONE',  ( -0.000000000000000000, -1.000000000000000000, -0.000000000000000000 ) ) ;
#1025 = ADVANCED_FACE ( 'NONE', ( #1212 ), #138, .T. ) ;
#1026 = CARTESIAN_POINT ( 'NONE',  ( -47.29999999999949978, 4.299999999999999822, -47.30000000000048033 ) ) ;
#1027 = VERTEX_POINT ( 'NONE', #3895 ) ;
#1028 = DIRECTION ( 'NONE',  ( 0.000000000000000000, 0.000000000000000000, 1.000000000000000000 ) ) ;
#1029 = VECTOR ( 'NONE', #3745, 1000.000000000000114 ) ;
#1030 = LINE ( 'NONE', #353, #85 ) ;
#1031 = DIRECTION ( 'NONE',  ( 1.000000000000000000, -0.000000000000000000, 0.000000000000000000 ) ) ;
#1032 = CARTESIAN_POINT ( 'NONE',  ( 0.000000000000000000, 12.30000000000000071, -77.00896198777729751 ) ) ;
#1033 = LINE ( 'NONE', #1679, #6783 ) ;
#1034 = EDGE_CURVE ( 'NONE', #3672, #5904, #4082, .T. ) ;
#1035 = ORIENTED_EDGE ( 'NONE', *, *, #3964, .F. ) ;
#1036 = VERTEX_POINT ( 'NONE', #3216 ) ;
#1037 = VECTOR ( 'NONE', #5870, 1000.000000000000114 ) ;
#1038 = EDGE_LOOP ( 'NONE', ( #6616, #3057, #3617, #3817 ) ) ;
#1039 = CARTESIAN_POINT ( 'NONE',  ( 0.000000000000000000, 12.30000000000000071, -92.36896198777731115 ) ) ;
#1040 = ORIENTED_EDGE ( 'NONE', *, *, #4072, .F. ) ;
#1041 = ORIENTED_EDGE ( 'NONE', *, *, #2083, .T. ) ;
#1042 = CARTESIAN_POINT ( 'NONE',  ( -4.102756319501140503, 12.30000000000000249, -82.37800213914850644 ) ) ;
#1043 = AXIS2_PLACEMENT_3D ( 'NONE', #2682, #7442, #554 ) ;
#1044 = CARTESIAN_POINT ( 'NONE',  ( -203.9571274732955146, -267.2719869180655223, 112.0000000000000000 ) ) ;
#1045 = DIRECTION ( 'NONE',  ( 0.000000000000000000, 1.000000000000000000, 0.000000000000000000 ) ) ;
#1046 = DIRECTION ( 'NONE',  ( -1.000000000000000000, 0.000000000000000000, -6.518453643877150850E-17 ) ) ;
#1047 = EDGE_LOOP ( 'NONE', ( #8675, #1952, #1574, #7023, #1965, #4896, #8589, #5096, #7184, #1096, #6399, #998 ) ) ;
#1048 = ORIENTED_EDGE ( 'NONE', *, *, #7053, .F. ) ;
#1049 = B_SPLINE_CURVE_WITH_KNOTS ( 'NONE', 3,
 ( #4553, #1106, #5415, #5996, #5275, #6043, #4645, #8819, #7366, #6134, #4060, #478, #4013, #4741, #3289, #6631 ),
 .UNSPECIFIED., .F., .F.,
 ( 4, 1, 1, 1, 1, 1, 1, 1, 1, 1, 1, 1, 1, 4 ),
 ( 0.1761380274507522714, 0.2032224132988484366, 0.2637109485400888631, 0.3215638450502130152, 0.3774003381439561822, 0.4321449068623832712, 0.4864925149321479569, 0.5412835239672487697, 0.5974772920537235743, 0.6557957202033554145, 0.7169336233222666221, 0.7813136866276935155, 0.8498340799447100524, 1.000000000000000000 ),
 .UNSPECIFIED. ) ;
#1050 = FACE_OUTER_BOUND ( 'NONE', #6179, .T. ) ;
#1051 = CARTESIAN_POINT ( 'NONE',  ( -1.244999999999968354, 12.30000000000000071, -92.09896198777731513 ) ) ;
#1052 = VERTEX_POINT ( 'NONE', #6745 ) ;
#1053 = DIRECTION ( 'NONE',  ( -1.000000000000000000, 0.000000000000000000, 0.000000000000000000 ) ) ;
#1054 = CARTESIAN_POINT ( 'NONE',  ( -80.49300424996275183, 12.30000000000000071, -90.42219012522106425 ) ) ;
#1055 = LINE ( 'NONE', #8588, #3516 ) ;
#1056 = ADVANCED_FACE ( 'NONE', ( #1311 ), #4034, .T. ) ;
#1057 = ORIENTED_EDGE ( 'NONE', *, *, #1139, .T. ) ;
#1058 = EDGE_LOOP ( 'NONE', ( #2624, #2611, #4861, #3021 ) ) ;
#1059 = CARTESIAN_POINT ( 'NONE',  ( -101.4500000000000313, -1.765686434610142725E-15, -111.4500000000000028 ) ) ;
#1060 = FACE_OUTER_BOUND ( 'NONE', #396, .T. ) ;
#1061 = CARTESIAN_POINT ( 'NONE',  ( 54.42933348409925287, 12.30000000000000071, -77.06183932432485051 ) ) ;
#1062 = DIRECTION ( 'NONE',  ( 0.000000000000000000, 1.000000000000000000, 0.000000000000000000 ) ) ;
#1063 = CARTESIAN_POINT ( 'NONE',  ( 101.4500000000000313, 0.000000000000000000, 101.4500000000000171 ) ) ;
#1064 = CARTESIAN_POINT ( 'NONE',  ( -87.56103777371090757, 10.29999999999999893, -76.69553844091078076 ) ) ;
#1065 = ORIENTED_EDGE ( 'NONE', *, *, #3033, .F. ) ;
#1066 = CARTESIAN_POINT ( 'NONE',  ( 47.29999999999999005, 12.30000000000000071, -47.29999999999999005 ) ) ;
#1067 = LINE ( 'NONE', #8690, #2976 ) ;
#1068 = LINE ( 'NONE', #8602, #1539 ) ;
#1069 = CARTESIAN_POINT ( 'NONE',  ( 3.667694673168418351, 10.29999999999999893, -77.34288084189925883 ) ) ;
#1070 = DIRECTION ( 'NONE',  ( 0.000000000000000000, 0.000000000000000000, 1.000000000000000000 ) ) ;
#1071 = EDGE_CURVE ( 'NONE', #1736, #3585, #7480, .T. ) ;
#1072 = ORIENTED_EDGE ( 'NONE', *, *, #864, .T. ) ;
#1073 = VECTOR ( 'NONE', #3437, 1000.000000000000000 ) ;
#1074 = ORIENTED_EDGE ( 'NONE', *, *, #7390, .F. ) ;
#1075 = DIRECTION ( 'NONE',  ( -0.000000000000000000, -0.000000000000000000, -1.000000000000000000 ) ) ;
#1076 = ORIENTED_EDGE ( 'NONE', *, *, #7462, .T. ) ;
#1077 = VERTEX_POINT ( 'NONE', #3941 ) ;
#1078 = DIRECTION ( 'NONE',  ( 0.000000000000000000, 0.000000000000000000, 1.000000000000000000 ) ) ;
#1079 = PLANE ( 'NONE',  #1104 ) ;
#1080 = VECTOR ( 'NONE', #6267, 1000.000000000000000 ) ;
#1081 = CARTESIAN_POINT ( 'NONE',  ( 47.29999999999999005, 0.000000000000000000, -43.99999999999999289 ) ) ;
#1082 = CARTESIAN_POINT ( 'NONE',  ( -87.21267610207108589, 10.30000000000000071, -97.16166366763852125 ) ) ;
#1083 = LINE ( 'NONE', #6485, #1323 ) ;
#1084 = ORIENTED_EDGE ( 'NONE', *, *, #8613, .F. ) ;
#1085 = VECTOR ( 'NONE', #2901, 1000.000000000000000 ) ;
#1086 = EDGE_LOOP ( 'NONE', ( #4220, #3847, #5260, #4459 ) ) ;
#1087 = VECTOR ( 'NONE', #646, 1000.000000000000000 ) ;
#1088 = VECTOR ( 'NONE', #4040, 1000.000000000000000 ) ;
#1089 = DIRECTION ( 'NONE',  ( 0.000000000000000000, 0.000000000000000000, 1.000000000000000000 ) ) ;
#1090 = DIRECTION ( 'NONE',  ( -0.000000000000000000, 1.000000000000000000, -0.000000000000000000 ) ) ;
#1091 = VERTEX_POINT ( 'NONE', #6693 ) ;
#1092 = AXIS2_PLACEMENT_3D ( 'NONE', #3555, #7778, #5051 ) ;
#1093 = LINE ( 'NONE', #5857, #3436 ) ;
#1094 = CARTESIAN_POINT ( 'NONE',  ( -81.83653863959993657, 10.29999999999999893, -94.52544826047609661 ) ) ;
#1095 = LINE ( 'NONE', #2377, #1916 ) ;
#1096 = ORIENTED_EDGE ( 'NONE', *, *, #8386, .T. ) ;
#1097 = ORIENTED_EDGE ( 'NONE', *, *, #7840, .T. ) ;
#1098 = EDGE_CURVE ( 'NONE', #27, #502, #8839, .T. ) ;
#1099 = CIRCLE ( 'NONE', #2267, 4.700000000000065015 ) ;
#1100 = DIRECTION ( 'NONE',  ( 1.475563774321956470E-15, 0.9063077870366523792, 0.4226182617406941122 ) ) ;
#1101 = EDGE_CURVE ( 'NONE', #8138, #878, #5973, .T. ) ;
#1102 = LINE ( 'NONE', #516, #5008 ) ;
#1103 = LINE ( 'NONE', #3156, #7635 ) ;
#1104 = AXIS2_PLACEMENT_3D ( 'NONE', #8533, #3853, #959 ) ;
#1105 = CARTESIAN_POINT ( 'NONE',  ( -107.0000000000000000, 20.00000000000000000, 112.0000000000000000 ) ) ;
#1106 = CARTESIAN_POINT ( 'NONE',  ( -83.66183443741111603, 10.29999999999999893, -100.9739466419084408 ) ) ;
#1107 = EDGE_CURVE ( 'NONE', #3779, #4136, #5388, .T. ) ;
#1108 = ORIENTED_EDGE ( 'NONE', *, *, #2207, .T. ) ;
#1109 = CARTESIAN_POINT ( 'NONE',  ( 68.45000000000003126, 4.000000000000000000, 68.45000000000000284 ) ) ;
#1110 = EDGE_LOOP ( 'NONE', ( #8146, #6575, #4129, #4734 ) ) ;
#1111 = DIRECTION ( 'NONE',  ( 0.000000000000000000, 1.000000000000000000, 0.000000000000000000 ) ) ;
#1112 = DIRECTION ( 'NONE',  ( 1.000000000000000000, -0.000000000000000000, 0.000000000000000000 ) ) ;
#1113 = FACE_OUTER_BOUND ( 'NONE', #5216, .T. ) ;
#1114 = CARTESIAN_POINT ( 'NONE',  ( 0.1989858385415463338, 10.29999999999999893, -76.67976145275022759 ) ) ;
#1115 = EDGE_CURVE ( 'NONE', #5042, #1991, #1945, .T. ) ;
#1116 = CARTESIAN_POINT ( 'NONE',  ( 88.45000000000001705, 2.000000000000000000, -88.45000000000001705 ) ) ;
#1117 = EDGE_CURVE ( 'NONE', #4311, #6228, #3648, .T. ) ;
#1118 = VERTEX_POINT ( 'NONE', #8256 ) ;
#1119 = DIRECTION ( 'NONE',  ( 0.6083547575322753032, 0.000000000000000000, -0.7936652247565383345 ) ) ;
#1120 = ORIENTED_EDGE ( 'NONE', *, *, #4987, .T. ) ;
#1121 = ADVANCED_FACE ( 'NONE', ( #7754 ), #815, .T. ) ;
#1122 = ORIENTED_EDGE ( 'NONE', *, *, #6091, .F. ) ;
#1123 = LINE ( 'NONE', #542, #4494 ) ;
#1124 = CARTESIAN_POINT ( 'NONE',  ( -38.25899999999997902, 10.30000000000000071, -77.00896198777729751 ) ) ;
#1125 = CARTESIAN_POINT ( 'NONE',  ( -8.044999999999969731, 12.30000000000000249, -94.67896198777731342 ) ) ;
#1126 = DIRECTION ( 'NONE',  ( -0.000000000000000000, 0.000000000000000000, -1.000000000000000000 ) ) ;
#1127 = ORIENTED_EDGE ( 'NONE', *, *, #4703, .T. ) ;
#1128 = ORIENTED_EDGE ( 'NONE', *, *, #3351, .F. ) ;
#1129 = CARTESIAN_POINT ( 'NONE',  ( -88.45000000000003126, 0.000000000000000000, 88.44999999999997442 ) ) ;
#1130 = ADVANCED_FACE ( 'NONE', ( #7664 ), #7710, .F. ) ;
#1131 = DIRECTION ( 'NONE',  ( -0.000000000000000000, 1.000000000000000000, -0.000000000000000000 ) ) ;
#1132 = ORIENTED_EDGE ( 'NONE', *, *, #5590, .F. ) ;
#1133 = CIRCLE ( 'NONE', #1591, 5.000000000000004441 ) ;
#1134 = FACE_OUTER_BOUND ( 'NONE', #5461, .T. ) ;
#1135 = CARTESIAN_POINT ( 'NONE',  ( -47.29999999999949978, 10.90000000000000568, -47.30000000000048033 ) ) ;
#1136 = CARTESIAN_POINT ( 'NONE',  ( -80.45143666074218913, 10.29999999999999893, -89.46818948473899979 ) ) ;
#1137 = CARTESIAN_POINT ( 'NONE',  ( -3.594206564539005555, 12.29999999999999893, -77.10699062238617785 ) ) ;
#1138 = FACE_OUTER_BOUND ( 'NONE', #3948, .T. ) ;
#1139 = EDGE_CURVE ( 'NONE', #4623, #6738, #1549, .T. ) ;
#1140 = ORIENTED_EDGE ( 'NONE', *, *, #6239, .F. ) ;
#1141 = VERTEX_POINT ( 'NONE', #4309 ) ;
#1142 = EDGE_CURVE ( 'NONE', #906, #153, #3536, .T. ) ;
#1143 = VECTOR ( 'NONE', #5955, 1000.000000000000114 ) ;
#1144 = CARTESIAN_POINT ( 'NONE',  ( -91.54620967144407473, 10.29999999999999716, -100.8211633619222738 ) ) ;
#1145 = AXIS2_PLACEMENT_3D ( 'NONE', #2300, #2805, #7658 ) ;
#1146 = CARTESIAN_POINT ( 'NONE',  ( -1.551281812837221219, 12.30000000000000249, -92.23452100183945390 ) ) ;
#1147 = CARTESIAN_POINT ( 'NONE',  ( 48.36436935401751214, 12.30000000000000071, -81.23756168546071876 ) ) ;
#1148 = CARTESIAN_POINT ( 'NONE',  ( -7.603162506884832972, 12.30000000000000249, -79.22892428730703784 ) ) ;
#1149 = VECTOR ( 'NONE', #2625, 1000.000000000000000 ) ;
#1150 = DIRECTION ( 'NONE',  ( 0.000000000000000000, 0.000000000000000000, 1.000000000000000000 ) ) ;
#1151 = VERTEX_POINT ( 'NONE', #3582 ) ;
#1152 = FACE_OUTER_BOUND ( 'NONE', #513, .T. ) ;
#1153 = ORIENTED_EDGE ( 'NONE', *, *, #2021, .T. ) ;
#1154 = DIRECTION ( 'NONE',  ( 0.000000000000000000, 0.000000000000000000, 1.000000000000000000 ) ) ;
#1155 = EDGE_CURVE ( 'NONE', #6935, #5610, #4264, .T. ) ;
#1156 = DIRECTION ( 'NONE',  ( 1.000000000000000000, -0.000000000000000000, 0.000000000000000000 ) ) ;
#1157 = CARTESIAN_POINT ( 'NONE',  ( 117.0000000000007390, 16.00000000000000000, 89.86523063261957134 ) ) ;
#1158 = DIRECTION ( 'NONE',  ( -0.000000000000000000, 0.000000000000000000, -1.000000000000000000 ) ) ;
#1159 = LINE ( 'NONE', #6684, #4608 ) ;
#1160 = ORIENTED_EDGE ( 'NONE', *, *, #2568, .F. ) ;
#1161 = VECTOR ( 'NONE', #5701, 1000.000000000000000 ) ;
#1162 = CARTESIAN_POINT ( 'NONE',  ( 49.01801473471090276, 12.30000000000000071, -89.10459137570677512 ) ) ;
#1163 = VERTEX_POINT ( 'NONE', #2221 ) ;
#1164 = ORIENTED_EDGE ( 'NONE', *, *, #6689, .T. ) ;
#1165 = PLANE ( 'NONE',  #7093 ) ;
#1166 = EDGE_CURVE ( 'NONE', #1928, #5398, #7065, .T. ) ;
#1167 = LINE ( 'NONE', #1944, #2836 ) ;
#1168 = DIRECTION ( 'NONE',  ( 0.000000000000000000, 0.7660444431189705750, 0.6427876096865482447 ) ) ;
#1169 = CARTESIAN_POINT ( 'NONE',  ( 8.190000000000033253, 10.30000000000000071, -100.0389619877772986 ) ) ;
#1170 = AXIS2_PLACEMENT_3D ( 'NONE', #5327, #1929, #8099 ) ;
#1171 = VECTOR ( 'NONE', #1312, 1000.000000000000000 ) ;
#1172 = EDGE_LOOP ( 'NONE', ( #6603, #1128, #6284, #3600, #7068, #7937, #7640, #1593, #3956, #1644, #5139, #5442 ) ) ;
#1173 = ORIENTED_EDGE ( 'NONE', *, *, #1229, .F. ) ;
#1174 = DIRECTION ( 'NONE',  ( -0.5000000000000052180, -0.8660254037844355990, 3.565012555702405871E-17 ) ) ;
#1175 = LINE ( 'NONE', #5310, #1232 ) ;
#1176 = ORIENTED_EDGE ( 'NONE', *, *, #7462, .F. ) ;
#1177 = CARTESIAN_POINT ( 'NONE',  ( -33.64999999999999858, 104.0000000000000142, -1.549999999999995826 ) ) ;
#1178 = CARTESIAN_POINT ( 'NONE',  ( 0.000000000000000000, 12.30000000000000071, -101.0089619877782212 ) ) ;
#1179 = VECTOR ( 'NONE', #2767, 1000.000000000000000 ) ;
#1180 = CARTESIAN_POINT ( 'NONE',  ( -57.70800000000001262, 10.30000000000000071, -101.0089619877772975 ) ) ;
#1181 = CARTESIAN_POINT ( 'NONE',  ( -7.603162506884832972, 12.29999999999999893, -79.22892428730703784 ) ) ;
#1182 = CYLINDRICAL_SURFACE ( 'NONE', #7104, 3.299999999999997158 ) ;
#1183 = ORIENTED_EDGE ( 'NONE', *, *, #5579, .F. ) ;
#1184 = VECTOR ( 'NONE', #338, 1000.000000000000000 ) ;
#1185 = AXIS2_PLACEMENT_3D ( 'NONE', #5943, #5223, #339 ) ;
#1186 = VERTEX_POINT ( 'NONE', #6339 ) ;
#1187 = EDGE_CURVE ( 'NONE', #8371, #562, #3399, .T. ) ;
#1188 = FACE_OUTER_BOUND ( 'NONE', #3859, .T. ) ;
#1189 = CARTESIAN_POINT ( 'NONE',  ( 84.77700000000005787, 12.30000000000000071, -82.87396198777733503 ) ) ;
#1190 = ORIENTED_EDGE ( 'NONE', *, *, #3892, .T. ) ;
#1191 = CARTESIAN_POINT ( 'NONE',  ( 47.29999999999999005, 0.000000000000000000, -47.29999999999999005 ) ) ;
#1192 = PLANE ( 'NONE',  #2102 ) ;
#1193 = CARTESIAN_POINT ( 'NONE',  ( -7.733968567411064754, 10.29999999999999893, -96.86271291853910270 ) ) ;
#1194 = DIRECTION ( 'NONE',  ( 0.000000000000000000, 0.000000000000000000, -1.000000000000000000 ) ) ;
#1195 = VERTEX_POINT ( 'NONE', #1498 ) ;
#1196 = CARTESIAN_POINT ( 'NONE',  ( -107.0000000000000000, 20.00000000000000000, 112.0000000000000000 ) ) ;
#1197 = ORIENTED_EDGE ( 'NONE', *, *, #2925, .T. ) ;
#1198 = CARTESIAN_POINT ( 'NONE',  ( -0.02356147843175124615, 10.30000000000000249, -97.16799553492748487 ) ) ;
#1199 = CARTESIAN_POINT ( 'NONE',  ( 4.461984187825990489, 10.30000000000000071, -89.04286755017842836 ) ) ;
#1200 = CARTESIAN_POINT ( 'NONE',  ( 54.42933348409925287, 10.30000000000000071, -77.06183932432485051 ) ) ;
#1201 = CARTESIAN_POINT ( 'NONE',  ( 7.488271006047084732, 10.29999999999999893, -82.04588829809468109 ) ) ;
#1202 = LINE ( 'NONE', #4695, #8817 ) ;
#1203 = EDGE_CURVE ( 'NONE', #8242, #5167, #6156, .T. ) ;
#1204 = CARTESIAN_POINT ( 'NONE',  ( 117.0000000000000995, 16.00000000000000000, -89.86523063262040978 ) ) ;
#1205 = FACE_BOUND ( 'NONE', #3392, .T. ) ;
#1206 = EDGE_LOOP ( 'NONE', ( #4486, #4917, #7381, #5767 ) ) ;
#1207 = DIRECTION ( 'NONE',  ( -0.000000000000000000, -0.000000000000000000, -1.000000000000000000 ) ) ;
#1208 = ADVANCED_FACE ( 'NONE', ( #5668 ), #8438, .T. ) ;
#1209 = ORIENTED_EDGE ( 'NONE', *, *, #7833, .F. ) ;
#1210 = CARTESIAN_POINT ( 'NONE',  ( 47.29999999999981952, 12.30000000000000071, 47.30000000000015348 ) ) ;
#1211 = DIRECTION ( 'NONE',  ( 0.000000000000000000, 0.000000000000000000, -1.000000000000000000 ) ) ;
#1212 = FACE_OUTER_BOUND ( 'NONE', #6365, .T. ) ;
#1213 = CARTESIAN_POINT ( 'NONE',  ( 24.07900000000001128, 10.30000000000000071, 0.000000000000000000 ) ) ;
#1214 = ORIENTED_EDGE ( 'NONE', *, *, #4703, .F. ) ;
#1215 = ORIENTED_EDGE ( 'NONE', *, *, #7453, .F. ) ;
#1216 = DIRECTION ( 'NONE',  ( -0.000000000000000000, 1.000000000000000000, -0.000000000000000000 ) ) ;
#1217 = CARTESIAN_POINT ( 'NONE',  ( -68.45000000000000284, 4.299999999999999822, -68.45000000000000284 ) ) ;
#1218 = CARTESIAN_POINT ( 'NONE',  ( -107.0000000000000000, 20.00000000000000000, -117.0000000000000000 ) ) ;
#1219 = ORIENTED_EDGE ( 'NONE', *, *, #5014, .T. ) ;
#1220 = CARTESIAN_POINT ( 'NONE',  ( 107.0000000000000142, 20.00000000000000000, 117.0000000000000000 ) ) ;
#1221 = CARTESIAN_POINT ( 'NONE',  ( -90.25821082270701368, 10.30000000000000071, -96.98998933259183275 ) ) ;
#1222 = DIRECTION ( 'NONE',  ( 0.000000000000000000, 0.000000000000000000, 1.000000000000000000 ) ) ;
#1223 = VECTOR ( 'NONE', #1075, 1000.000000000000000 ) ;
#1224 = CARTESIAN_POINT ( 'NONE',  ( -91.73046126523995270, 20.00000000000000000, -117.0000000000000000 ) ) ;
#1225 = LINE ( 'NONE', #1960, #1891 ) ;
#1226 = CONICAL_SURFACE ( 'NONE', #93, 6.678199262354605814, 0.6981317007977448919 ) ;
#1227 = ORIENTED_EDGE ( 'NONE', *, *, #4846, .T. ) ;
#1229 = EDGE_CURVE ( 'NONE', #8943, #2788, #8301, .T. ) ;
#1228 = VECTOR ( 'NONE', #2054, 999.9999999999998863 ) ;
#1230 = ORIENTED_EDGE ( 'NONE', *, *, #3132, .F. ) ;
#1231 = CARTESIAN_POINT ( 'NONE',  ( -83.77180073764536417, 2.000000000000000000, 0.000000000000000000 ) ) ;
#1232 = VECTOR ( 'NONE', #3947, 1000.000000000000000 ) ;
#1233 = EDGE_CURVE ( 'NONE', #3551, #1430, #4985, .T. ) ;
#1234 = FACE_OUTER_BOUND ( 'NONE', #3543, .T. ) ;
#1235 = ORIENTED_EDGE ( 'NONE', *, *, #2197, .T. ) ;
#1236 = VECTOR ( 'NONE', #3273, 1000.000000000000000 ) ;
#1237 = FACE_BOUND ( 'NONE', #150, .T. ) ;
#1238 = EDGE_CURVE ( 'NONE', #6476, #8412, #3491, .T. ) ;
#1239 = EDGE_CURVE ( 'NONE', #3425, #8658, #2811, .T. ) ;
#1240 = EDGE_CURVE ( 'NONE', #988, #8019, #6252, .T. ) ;
#1241 = LINE ( 'NONE', #1758, #7604 ) ;
#1242 = DIRECTION ( 'NONE',  ( -0.000000000000000000, 1.000000000000000000, -0.000000000000000000 ) ) ;
#1243 = CARTESIAN_POINT ( 'NONE',  ( 55.46205761999347317, 12.30000000000000071, -81.16209462025454968 ) ) ;
#1244 = ORIENTED_EDGE ( 'NONE', *, *, #3189, .T. ) ;
#1245 = DIRECTION ( 'NONE',  ( 0.6562316346604650796, 0.000000000000000000, -0.7545595017431387941 ) ) ;
#1246 = VERTEX_POINT ( 'NONE', #2134 ) ;
#1247 = CARTESIAN_POINT ( 'NONE',  ( 47.90328383675913670, 10.30000000000000071, -82.98222665616012250 ) ) ;
#1248 = ADVANCED_FACE ( 'NONE', ( #4900 ), #6973, .T. ) ;
#1249 = VECTOR ( 'NONE', #5939, 1000.000000000000000 ) ;
#1250 = CARTESIAN_POINT ( 'NONE',  ( -52.86300000000001376, 12.30000000000000071, -0.000000000000000000 ) ) ;
#1251 = CARTESIAN_POINT ( 'NONE',  ( 52.51490099749453577, 12.30000000000000071, -77.47629502725661155 ) ) ;
#1252 = CARTESIAN_POINT ( 'NONE',  ( 5.969033672315013916, 12.30000000000000071, -78.84460674040211359 ) ) ;
#1253 = DIRECTION ( 'NONE',  ( -0.000000000000000000, 1.000000000000000000, -0.000000000000000000 ) ) ;
#1254 = PRODUCT_DEFINITION_FORMATION_WITH_SPECIFIED_SOURCE ( 'ไป', '', #1274, .NOT_KNOWN. ) ;
#1255 = DIRECTION ( 'NONE',  ( -1.000000000000000000, 0.000000000000000000, -1.867804550176911838E-16 ) ) ;
#1256 = PLANE ( 'NONE',  #6878 ) ;
#1257 = ORIENTED_EDGE ( 'NONE', *, *, #3900, .T. ) ;
#1258 = FACE_OUTER_BOUND ( 'NONE', #4729, .T. ) ;
#1259 = EDGE_LOOP ( 'NONE', ( #8028, #2700, #1215, #5738 ) ) ;
#1260 = CARTESIAN_POINT ( 'NONE',  ( -67.04423606236410649, 4.299999999999999822, -1.849999999999991873 ) ) ;
#1261 = CARTESIAN_POINT ( 'NONE',  ( 47.29999999999999005, 12.30000000000000071, -51.99999999999997158 ) ) ;
#1262 = CIRCLE ( 'NONE', #3874, 6.678199262354605814 ) ;
#1263 = CARTESIAN_POINT ( 'NONE',  ( -6.991571144026765161, 10.30000000000000071, -91.35072794533822105 ) ) ;
#1264 = CARTESIAN_POINT ( 'NONE',  ( 59.99800000000000466, 12.30000000000000071, 0.000000000000000000 ) ) ;
#1265 = ORIENTED_EDGE ( 'NONE', *, *, #2862, .T. ) ;
#1266 = ORIENTED_EDGE ( 'NONE', *, *, #441, .F. ) ;
#1267 = DIRECTION ( 'NONE',  ( 0.8998451774189043517, 0.000000000000000000, 0.4362094183714292916 ) ) ;
#1268 = DIRECTION ( 'NONE',  ( 0.000000000000000000, 0.000000000000000000, -1.000000000000000000 ) ) ;
#1269 = ORIENTED_EDGE ( 'NONE', *, *, #8508, .F. ) ;
#1270 = ORIENTED_EDGE ( 'NONE', *, *, #7110, .T. ) ;
#1271 = PLANE ( 'NONE',  #2255 ) ;
#1272 = DIRECTION ( 'NONE',  ( 0.000000000000000000, 0.000000000000000000, 1.000000000000000000 ) ) ;
#1273 = EDGE_CURVE ( 'NONE', #2769, #4014, #7843, .T. ) ;
#1274 = PRODUCT ( '6060 base fastener', '6060 base fastener', '', ( #7255 ) ) ;
#1275 = DIRECTION ( 'NONE',  ( 0.000000000000000000, 0.000000000000000000, -1.000000000000000000 ) ) ;
#1276 = CARTESIAN_POINT ( 'NONE',  ( -1.122099412789232753, 10.30000000000000249, -76.69030267170430193 ) ) ;
#1277 = B_SPLINE_CURVE_WITH_KNOTS ( 'NONE', 3,
 ( #4450, #8660, #1042, #5807, #3808, #6482, #5719, #5211, #2957 ),
 .UNSPECIFIED., .F., .F.,
 ( 4, 1, 1, 1, 1, 1, 4 ),
 ( 0.000000000000000000, 0.2906385070828472750, 0.4246160123199810843, 0.5527974150643557572, 0.6736338514237888431, 0.7875054935617036289, 1.000000000000000000 ),
 .UNSPECIFIED. ) ;
#1278 = FACE_OUTER_BOUND ( 'NONE', #6105, .T. ) ;
#1279 = ORIENTED_EDGE ( 'NONE', *, *, #8097, .T. ) ;
#1280 = EDGE_LOOP ( 'NONE', ( #7379, #2702, #6376, #4099 ) ) ;
#1281 = ADVANCED_FACE ( 'NONE', ( #187 ), #7800, .T. ) ;
#1282 = LINE ( 'NONE', #703, #3843 ) ;
#1283 = CARTESIAN_POINT ( 'NONE',  ( -82.13124043181869638, 10.29999999999999893, -77.47268422154984080 ) ) ;
#1284 = ORIENTED_EDGE ( 'NONE', *, *, #2198, .T. ) ;
#1285 = VECTOR ( 'NONE', #4002, 1000.000000000000000 ) ;
#1286 = DIRECTION ( 'NONE',  ( -0.000000000000000000, 1.000000000000000000, -0.000000000000000000 ) ) ;
#1287 = CARTESIAN_POINT ( 'NONE',  ( 0.1989858385415463338, 10.29999999999999893, -76.67976145275022759 ) ) ;
#1288 = VECTOR ( 'NONE', #6144, 1000.000000000000000 ) ;
#1289 = CARTESIAN_POINT ( 'NONE',  ( -91.31700000000003570, 10.30000000000000071, -82.89896198777729808 ) ) ;
#1290 = CARTESIAN_POINT ( 'NONE',  ( 55.46205761999347317, 10.29999999999999893, -81.16209462025454968 ) ) ;
#1291 = EDGE_CURVE ( 'NONE', #5760, #2269, #5203, .T. ) ;
#1292 = ORIENTED_EDGE ( 'NONE', *, *, #2433, .F. ) ;
#1293 = ADVANCED_FACE ( 'NONE', ( #7246 ), #5710, .F. ) ;
#1294 = PLANE ( 'NONE',  #7113 ) ;
#1295 = ORIENTED_EDGE ( 'NONE', *, *, #8493, .F. ) ;
#1296 = CARTESIAN_POINT ( 'NONE',  ( 49.02201494853067487, 10.30000000000000071, -79.97045033276444315 ) ) ;
#1297 = CARTESIAN_POINT ( 'NONE',  ( 0.000000000000000000, 10.30000000000000071, -82.24896198777730660 ) ) ;
#1298 = DIRECTION ( 'NONE',  ( -0.1346207767345139750, 0.000000000000000000, 0.9908971926851928291 ) ) ;
#1299 = DIRECTION ( 'NONE',  ( 1.000000000000000000, 0.000000000000000000, 0.000000000000000000 ) ) ;
#1300 = DIRECTION ( 'NONE',  ( -0.000000000000000000, 1.000000000000000000, -0.000000000000000000 ) ) ;
#1301 = EDGE_CURVE ( 'NONE', #407, #3724, #1262, .T. ) ;
#1302 = ORIENTED_EDGE ( 'NONE', *, *, #5469, .F. ) ;
#1303 = PLANE ( 'NONE',  #3254 ) ;
#1304 = ORIENTED_EDGE ( 'NONE', *, *, #4606, .T. ) ;
#1305 = PLANE ( 'NONE',  #4719 ) ;
#1306 = VERTEX_POINT ( 'NONE', #2949 ) ;
#1307 = CARTESIAN_POINT ( 'NONE',  ( -47.30000000000032401, 10.90000000000000213, 47.29999999999965610 ) ) ;
#1308 = EDGE_CURVE ( 'NONE', #8852, #819, #2995, .T. ) ;
#1309 = ADVANCED_FACE ( 'NONE', ( #7108 ), #1573, .F. ) ;
#1310 = CARTESIAN_POINT ( 'NONE',  ( -86.81200000000002603, 12.29999999999999893, -76.68896198777730433 ) ) ;
#1311 = FACE_OUTER_BOUND ( 'NONE', #5361, .T. ) ;
#1312 = DIRECTION ( 'NONE',  ( -0.000000000000000000, 1.000000000000000000, -0.000000000000000000 ) ) ;
#1313 = ORIENTED_EDGE ( 'NONE', *, *, #3955, .F. ) ;
#1314 = ORIENTED_EDGE ( 'NONE', *, *, #283, .F. ) ;
#1315 = AXIS2_PLACEMENT_3D ( 'NONE', #287, #5305, #6565 ) ;
#1316 = CARTESIAN_POINT ( 'NONE',  ( 47.29999999999981952, 10.90000000000000036, 47.30000000000015348 ) ) ;
#1317 = DIRECTION ( 'NONE',  ( -1.000000000000000000, 0.000000000000000000, 1.091021054073463647E-16 ) ) ;
#1318 = VERTEX_POINT ( 'NONE', #3120 ) ;
#1319 = VERTEX_POINT ( 'NONE', #231 ) ;
#1320 = LINE ( 'NONE', #4093, #5288 ) ;
#1321 = CARTESIAN_POINT ( 'NONE',  ( 49.94769352147771713, 10.30000000000000249, -90.26923702598654131 ) ) ;
#1322 = VECTOR ( 'NONE', #3337, 1000.000000000000000 ) ;
#1323 = VECTOR ( 'NONE', #3812, 1000.000000000000000 ) ;
#1324 = DIRECTION ( 'NONE',  ( -1.000000000000000000, -0.000000000000000000, 3.491481338843133355E-15 ) ) ;
#1325 = LINE ( 'NONE', #4096, #3993 ) ;
#1326 = DIRECTION ( 'NONE',  ( 0.7660444431189705750, 0.6427876096865482447, 0.000000000000000000 ) ) ;
#1327 = ORIENTED_EDGE ( 'NONE', *, *, #3239, .F. ) ;
#1328 = VERTEX_POINT ( 'NONE', #1588 ) ;
#1329 = CARTESIAN_POINT ( 'NONE',  ( -111.9999999999999858, 12.29999999999997762, 107.0000000000000000 ) ) ;
#1330 = AXIS2_PLACEMENT_3D ( 'NONE', #2124, #4070, #4164 ) ;
#1331 = CARTESIAN_POINT ( 'NONE',  ( -47.30000000000032401, 0.000000000000000000, 47.29999999999965610 ) ) ;
#1332 = ORIENTED_EDGE ( 'NONE', *, *, #5873, .T. ) ;
#1333 = CARTESIAN_POINT ( 'NONE',  ( -2.759999999999963816, 10.30000000000000071, -87.84396198777731968 ) ) ;
#1334 = ADVANCED_FACE ( 'NONE', ( #3799, #5881 ), #2265, .F. ) ;
#1335 = VECTOR ( 'NONE', #5314, 1000.000000000000000 ) ;
#1336 = CARTESIAN_POINT ( 'NONE',  ( -117.0000000000002558, 20.00000000000000000, -69.99999999999960210 ) ) ;
#1337 = ORIENTED_EDGE ( 'NONE', *, *, #8351, .T. ) ;
#1338 = CARTESIAN_POINT ( 'NONE',  ( -4.474724153678574012, 12.30000000000000071, -100.3689452808199150 ) ) ;
#1339 = CARTESIAN_POINT ( 'NONE',  ( -29.32000000000003226, 16.99593241947986400, -29.32000000000003226 ) ) ;
#1340 = ORIENTED_EDGE ( 'NONE', *, *, #3441, .T. ) ;
#1341 = DIRECTION ( 'NONE',  ( -0.000000000000000000, 1.000000000000000000, -0.000000000000000000 ) ) ;
#1342 = VERTEX_POINT ( 'NONE', #4351 ) ;
#1343 = CARTESIAN_POINT ( 'NONE',  ( 50.50606351253295401, 10.30000000000000071, -78.45521585510651619 ) ) ;
#1344 = CARTESIAN_POINT ( 'NONE',  ( 7.556133687156478373, 10.30000000000000071, -83.63442520997952556 ) ) ;
#1345 = CARTESIAN_POINT ( 'NONE',  ( 47.85349995209151075, 12.30000000000000071, -83.79572614441092071 ) ) ;
#1346 = DIRECTION ( 'NONE',  ( -0.000000000000000000, 1.000000000000000000, -0.000000000000000000 ) ) ;
#1347 = CARTESIAN_POINT ( 'NONE',  ( 88.45000000000000284, 0.000000000000000000, -98.45000000000000284 ) ) ;
#1348 = EDGE_CURVE ( 'NONE', #4783, #1762, #2394, .T. ) ;
#1349 = B_SPLINE_SURFACE_WITH_KNOTS ( 'NONE', 3, 1, ( 
 ( #2720, #3942 ),
 ( #638, #3311 ),
 ( #8076, #685 ),
 ( #1857, #6067 ),
 ( #3449, #3401 ),
 ( #1946, #8885 ),
 ( #1169, #1360 ) ),
 .UNSPECIFIED., .F., .F., .F.,
 ( 4, 1, 1, 1, 4 ),
 ( 2, 2 ),
 ( 0.5113389894646018785, 0.5267446238593446184, 0.6527481554039171741, 0.7739477205639582191, 1.000000000000000000 ),
 ( 0.000000000000000000, 1.000000000000000000 ),
 .UNSPECIFIED. ) ;
#1350 = ORIENTED_EDGE ( 'NONE', *, *, #1749, .F. ) ;
#1351 = DIRECTION ( 'NONE',  ( -0.000000000000000000, -1.000000000000000000, -0.000000000000000000 ) ) ;
#1352 = ORIENTED_EDGE ( 'NONE', *, *, #6172, .F. ) ;
#1353 = LINE ( 'NONE', #7616, #1385 ) ;
#1354 = EDGE_CURVE ( 'NONE', #81, #711, #5164, .T. ) ;
#1355 = CARTESIAN_POINT ( 'NONE',  ( 75.45000000000000284, 2.000000000000000000, -83.77180073764539259 ) ) ;
#1356 = EDGE_CURVE ( 'NONE', #2558, #7639, #6381, .T. ) ;
#1357 = EDGE_CURVE ( 'NONE', #3124, #1553, #5897, .T. ) ;
#1358 = CARTESIAN_POINT ( 'NONE',  ( 6.974143598062057414, 10.30000000000000071, -95.80577295523029591 ) ) ;
#1359 = CARTESIAN_POINT ( 'NONE',  ( -88.45000000000003126, 2.000000000000000000, 88.44999999999997442 ) ) ;
#1360 = CARTESIAN_POINT ( 'NONE',  ( 8.190000000000033253, 12.30000000000000249, -100.0389619877772986 ) ) ;
#1361 = VERTEX_POINT ( 'NONE', #4393 ) ;
#1362 = ORIENTED_EDGE ( 'NONE', *, *, #7003, .T. ) ;
#1363 = LINE ( 'NONE', #688, #7178 ) ;
#1364 = DIRECTION ( 'NONE',  ( 1.000000000000000000, 0.000000000000000000, -1.870321806983080855E-16 ) ) ;
#1365 = ORIENTED_EDGE ( 'NONE', *, *, #2623, .T. ) ;
#1366 = EDGE_LOOP ( 'NONE', ( #4962, #2403, #3775, #1041 ) ) ;
#1367 = PLANE ( 'NONE',  #5872 ) ;
#1368 = CARTESIAN_POINT ( 'NONE',  ( -76.45411210138614422, 12.29999999999999893, -83.79061316033217111 ) ) ;
#1369 = DIRECTION ( 'NONE',  ( 0.000000000000000000, -0.7660444431189704639, 0.6427876096865483557 ) ) ;
#1370 = DIRECTION ( 'NONE',  ( -1.000000000000000000, 0.000000000000000000, -1.485049524645741479E-16 ) ) ;
#1371 = CARTESIAN_POINT ( 'NONE',  ( 1.279358249347100518, 12.30000000000000071, -85.70484657297996023 ) ) ;
#1372 = ORIENTED_EDGE ( 'NONE', *, *, #7397, .T. ) ;
#1373 = ORIENTED_EDGE ( 'NONE', *, *, #4746, .T. ) ;
#1374 = AXIS2_PLACEMENT_3D ( 'NONE', #211, #924, #8870 ) ;
#1375 = CARTESIAN_POINT ( 'NONE',  ( -107.0000000000000000, 16.00000000000001421, 112.0000000000000000 ) ) ;
#1376 = VECTOR ( 'NONE', #6178, 1000.000000000000000 ) ;
#1377 = FACE_OUTER_BOUND ( 'NONE', #4774, .T. ) ;
#1378 = ORIENTED_EDGE ( 'NONE', *, *, #3033, .T. ) ;
#1379 = VECTOR ( 'NONE', #5229, 1000.000000000000000 ) ;
#1380 = CARTESIAN_POINT ( 'NONE',  ( -80.49721936818373536, 12.29999999999999893, -87.33347279851113854 ) ) ;
#1381 = FACE_OUTER_BOUND ( 'NONE', #6989, .T. ) ;
#1382 = VECTOR ( 'NONE', #272, 1000.000000000000000 ) ;
#1383 = ORIENTED_EDGE ( 'NONE', *, *, #7610, .F. ) ;
#1384 = CARTESIAN_POINT ( 'NONE',  ( -91.06515172489868348, 10.29999999999999716, -82.57548470920914951 ) ) ;
#1385 = VECTOR ( 'NONE', #2713, 1000.000000000000000 ) ;
#1386 = ORIENTED_EDGE ( 'NONE', *, *, #5426, .F. ) ;
#1387 = CONICAL_SURFACE ( 'NONE', #2116, 3.299999999999997158, 0.7853981633974437271 ) ;
#1388 = CIRCLE ( 'NONE', #6723, 8.321800737645393298 ) ;
#1389 = AXIS2_PLACEMENT_3D ( 'NONE', #2372, #5936, #8709 ) ;
#1390 = CARTESIAN_POINT ( 'NONE',  ( 35.91387433994387379, 10.30000000000000071, -74.08580664736908261 ) ) ;
#1391 = ORIENTED_EDGE ( 'NONE', *, *, #8350, .T. ) ;
#1392 = CARTESIAN_POINT ( 'NONE',  ( -96.77180073764542101, 2.000000000000000000, -1.364122413831534618E-14 ) ) ;
#1393 = AXIS2_PLACEMENT_3D ( 'NONE', #6061, #2032, #2764 ) ;
#1394 = CARTESIAN_POINT ( 'NONE',  ( 117.0000000000000995, 20.00000000000000000, -91.73046126524037902 ) ) ;
#1395 = EDGE_CURVE ( 'NONE', #651, #6534, #6474, .T. ) ;
#1396 = DIRECTION ( 'NONE',  ( 0.000000000000000000, 0.000000000000000000, -1.000000000000000000 ) ) ;
#1397 = LINE ( 'NONE', #3483, #4515 ) ;
#1398 = CARTESIAN_POINT ( 'NONE',  ( -1.387778780781445202E-14, -1.734723475976807094E-15, 93.44999999999998863 ) ) ;
#1399 = VECTOR ( 'NONE', #5270, 1000.000000000000000 ) ;
#1400 = VECTOR ( 'NONE', #3737, 1000.000000000000000 ) ;
#1401 = VERTEX_POINT ( 'NONE', #274 ) ;
#1402 = CARTESIAN_POINT ( 'NONE',  ( 59.34409262557073106, 12.30000000000000071, 15.36368981952327317 ) ) ;
#1403 = EDGE_LOOP ( 'NONE', ( #5676, #5663, #700, #6215 ) ) ;
#1404 = CARTESIAN_POINT ( 'NONE',  ( -2.759999999999963816, 12.30000000000000071, -87.84396198777731968 ) ) ;
#1405 = DIRECTION ( 'NONE',  ( 0.000000000000000000, 0.000000000000000000, -1.000000000000000000 ) ) ;
#1406 = EDGE_CURVE ( 'NONE', #8700, #5037, #7889, .T. ) ;
#1407 = LINE ( 'NONE', #2080, #6152 ) ;
#1408 = CARTESIAN_POINT ( 'NONE',  ( -111.9999999999999716, 20.00000000000000000, -107.0000000000000284 ) ) ;
#1409 = CARTESIAN_POINT ( 'NONE',  ( 98.45000000000000284, -2.259537311044977340E-15, -88.45000000000001705 ) ) ;
#1410 = ORIENTED_EDGE ( 'NONE', *, *, #5077, .T. ) ;
#1411 = VERTEX_POINT ( 'NONE', #1677 ) ;
#1412 = ADVANCED_FACE ( 'NONE', ( #7205 ), #6517, .T. ) ;
#1413 = ADVANCED_FACE ( 'NONE', ( #8603 ), #4024, .T. ) ;
#1414 = LINE ( 'NONE', #3452, #2539 ) ;
#1415 = CARTESIAN_POINT ( 'NONE',  ( -82.21080379422035378, 10.29999999999999716, -100.5849472410272938 ) ) ;
#1416 = ORIENTED_EDGE ( 'NONE', *, *, #7680, .F. ) ;
#1417 = ORIENTED_EDGE ( 'NONE', *, *, #8617, .T. ) ;
#1418 = EDGE_CURVE ( 'NONE', #3578, #595, #7420, .T. ) ;
#1419 = CARTESIAN_POINT ( 'NONE',  ( 7.550000000000033573, 12.30000000000000249, -83.26896198777730262 ) ) ;
#1420 = DIRECTION ( 'NONE',  ( -0.000000000000000000, 1.000000000000000000, -0.000000000000000000 ) ) ;
#1421 = LINE ( 'NONE', #6986, #2791 ) ;
#1422 = CARTESIAN_POINT ( 'NONE',  ( -80.44700000000003115, 10.29999999999999893, -88.81396198777730433 ) ) ;
#1423 = FACE_OUTER_BOUND ( 'NONE', #7934, .T. ) ;
#1424 = EDGE_LOOP ( 'NONE', ( #2446, #1314, #3188, #8029 ) ) ;
#1425 = ORIENTED_EDGE ( 'NONE', *, *, #4527, .T. ) ;
#1426 = EDGE_CURVE ( 'NONE', #1091, #6534, #8150, .T. ) ;
#1427 = EDGE_CURVE ( 'NONE', #4085, #634, #3593, .T. ) ;
#1428 = CARTESIAN_POINT ( 'NONE',  ( -75.75700000000003342, 10.29999999999999893, -88.97396198777730092 ) ) ;
#1429 = CARTESIAN_POINT ( 'NONE',  ( -76.85816587328821470, 10.29999999999999893, -82.69168603687053576 ) ) ;
#1430 = VERTEX_POINT ( 'NONE', #439 ) ;
#1431 = LINE ( 'NONE', #79, #8782 ) ;
#1432 = ADVANCED_FACE ( 'NONE', ( #6009 ), #6097, .T. ) ;
#1433 = CARTESIAN_POINT ( 'NONE',  ( 7.550000000000033573, 12.30000000000000071, -83.26896198777730262 ) ) ;
#1434 = ORIENTED_EDGE ( 'NONE', *, *, #5293, .T. ) ;
#1435 = ADVANCED_FACE ( 'NONE', ( #6780 ), #7739, .T. ) ;
#1436 = ORIENTED_EDGE ( 'NONE', *, *, #6326, .T. ) ;
#1437 = DIRECTION ( 'NONE',  ( -1.000000000000000000, 0.000000000000000000, -0.000000000000000000 ) ) ;
#1438 = B_SPLINE_SURFACE_WITH_KNOTS ( 'NONE', 3, 1, ( 
 ( #2556, #5320 ),
 ( #7361, #4470 ),
 ( #1144, #5190 ),
 ( #5906, #7407 ) ),
 .UNSPECIFIED., .F., .F., .F.,
 ( 4, 4 ),
 ( 2, 2 ),
 ( 0.000000000000000000, 0.4620076937304268827 ),
 ( 0.000000000000000000, 1.000000000000000000 ),
 .UNSPECIFIED. ) ;
#1439 = ORIENTED_EDGE ( 'NONE', *, *, #1356, .T. ) ;
#1440 = PLANE ( 'NONE',  #2127 ) ;
#1441 = VECTOR ( 'NONE', #3206, 1000.000000000000114 ) ;
#1442 = FACE_OUTER_BOUND ( 'NONE', #2963, .T. ) ;
#1443 = VECTOR ( 'NONE', #5620, 1000.000000000000114 ) ;
#1444 = CARTESIAN_POINT ( 'NONE',  ( 50.50606351253295401, 10.30000000000000071, -78.45521585510651619 ) ) ;
#1445 = DIRECTION ( 'NONE',  ( -0.9680832949313028513, 0.000000000000000000, 0.2506286776786567638 ) ) ;
#1446 = CARTESIAN_POINT ( 'NONE',  ( -95.12819926235461310, 2.000000000000000000, -88.45000000000000284 ) ) ;
#1447 = VECTOR ( 'NONE', #6181, 1000.000000000000000 ) ;
#1448 = DIRECTION ( 'NONE',  ( 6.484947573745073354E-17, 0.000000000000000000, -1.000000000000000000 ) ) ;
#1449 = LINE ( 'NONE', #766, #5277 ) ;
#1450 = ORIENTED_EDGE ( 'NONE', *, *, #6118, .F. ) ;
#1451 = FACE_OUTER_BOUND ( 'NONE', #122, .T. ) ;
#1452 = VECTOR ( 'NONE', #3032, 1000.000000000000000 ) ;
#1453 = DIRECTION ( 'NONE',  ( -1.000000000000000000, 0.000000000000000000, -2.114442022521247160E-16 ) ) ;
#1454 = ADVANCED_FACE ( 'NONE', ( #5289 ), #4654, .F. ) ;
#1455 = CARTESIAN_POINT ( 'NONE',  ( -64.40800000000001546, 12.30000000000000071, -0.000000000000000000 ) ) ;
#1456 = CARTESIAN_POINT ( 'NONE',  ( -33.64999999999999858, 104.0000000000000142, 1.850000000000004086 ) ) ;
#1457 = LINE ( 'NONE', #7109, #8135 ) ;
#1458 = ORIENTED_EDGE ( 'NONE', *, *, #2126, .T. ) ;
#1459 = ORIENTED_EDGE ( 'NONE', *, *, #8065, .T. ) ;
#1460 = AXIS2_PLACEMENT_3D ( 'NONE', #3350, #5434, #7383 ) ;
#1461 = EDGE_LOOP ( 'NONE', ( #4009, #3148, #1227, #4649 ) ) ;
#1462 = CARTESIAN_POINT ( 'NONE',  ( 0.000000000000000000, 10.30000000000000071, -82.87396198777733503 ) ) ;
#1463 = CARTESIAN_POINT ( 'NONE',  ( -77.33961142584522008, 12.30000000000000249, -96.50343040448032639 ) ) ;
#1464 = EDGE_CURVE ( 'NONE', #7525, #4367, #7996, .T. ) ;
#1465 = EDGE_LOOP ( 'NONE', ( #4490, #5266, #7646, #3473 ) ) ;
#1466 = ORIENTED_EDGE ( 'NONE', *, *, #1882, .T. ) ;
#1467 = CARTESIAN_POINT ( 'NONE',  ( 2.200000000000033484, 12.30000000000000249, -90.42896198777731342 ) ) ;
#1468 = CARTESIAN_POINT ( 'NONE',  ( -90.62854540391286662, 12.29999999999999716, -82.13623666937780854 ) ) ;
#1469 = LINE ( 'NONE', #2190, #6677 ) ;
#1470 = CARTESIAN_POINT ( 'NONE',  ( -92.61700000000003286, 12.30000000000000071, -96.15396198777729353 ) ) ;
#1471 = DIRECTION ( 'NONE',  ( -1.000000000000000000, 0.000000000000000000, 0.000000000000000000 ) ) ;
#1472 = VERTEX_POINT ( 'NONE', #6052 ) ;
#1473 = EDGE_LOOP ( 'NONE', ( #8133, #836, #2205, #5814 ) ) ;
#1474 = DIRECTION ( 'NONE',  ( -1.000000000000000000, 0.000000000000000000, 9.351609034915406741E-17 ) ) ;
#1475 = LINE ( 'NONE', #2200, #3423 ) ;
#1476 = ORIENTED_EDGE ( 'NONE', *, *, #6027, .T. ) ;
#1477 = AXIS2_PLACEMENT_3D ( 'NONE', #8512, #5063, #1620 ) ;
#1478 = CARTESIAN_POINT ( 'NONE',  ( -86.84200000000002717, 10.29999999999999716, -80.84896198777730092 ) ) ;
#1479 = DIRECTION ( 'NONE',  ( -0.000000000000000000, 1.000000000000000000, -0.000000000000000000 ) ) ;
#1480 = EDGE_CURVE ( 'NONE', #1036, #182, #2615, .T. ) ;
#1481 = ORIENTED_EDGE ( 'NONE', *, *, #4068, .F. ) ;
#1482 = ADVANCED_FACE ( 'NONE', ( #8334 ), #2851, .T. ) ;
#1483 = VERTEX_POINT ( 'NONE', #5618 ) ;
#1484 = CARTESIAN_POINT ( 'NONE',  ( -4.474724153678574012, 10.29999999999999893, -100.3689452808199150 ) ) ;
#1485 = FACE_OUTER_BOUND ( 'NONE', #4659, .T. ) ;
#1486 = AXIS2_PLACEMENT_3D ( 'NONE', #2504, #7180, #296 ) ;
#1487 = FACE_OUTER_BOUND ( 'NONE', #8445, .T. ) ;
#1488 = CARTESIAN_POINT ( 'NONE',  ( 47.84799999999999898, 12.30000000000000071, -84.34896198777730092 ) ) ;
#1489 = DIRECTION ( 'NONE',  ( 0.000000000000000000, 0.000000000000000000, -1.000000000000000000 ) ) ;
#1490 = DIRECTION ( 'NONE',  ( 0.000000000000000000, -1.000000000000000000, 0.000000000000000000 ) ) ;
#1491 = VECTOR ( 'NONE', #5821, 999.9999999999998863 ) ;
#1492 = PLANE ( 'NONE',  #2592 ) ;
#1493 = LINE ( 'NONE', #4168, #1085 ) ;
#1494 = VERTEX_POINT ( 'NONE', #6324 ) ;
#1495 = LINE ( 'NONE', #2903, #7777 ) ;
#1496 = PLANE ( 'NONE',  #5145 ) ;
#1497 = CARTESIAN_POINT ( 'NONE',  ( 3.904355764416031160, 10.30000000000000071, -96.74819791801928659 ) ) ;
#1498 = CARTESIAN_POINT ( 'NONE',  ( -107.0000000000000000, 0.000000000000000000, 117.0000000000000000 ) ) ;
#1499 = PLANE ( 'NONE',  #5645 ) ;
#1500 = ADVANCED_FACE ( 'NONE', ( #8384 ), #6142, .T. ) ;
#1501 = ORIENTED_EDGE ( 'NONE', *, *, #2242, .F. ) ;
#1502 = ORIENTED_EDGE ( 'NONE', *, *, #3421, .F. ) ;
#1503 = ORIENTED_EDGE ( 'NONE', *, *, #1187, .T. ) ;
#1504 = EDGE_CURVE ( 'NONE', #5823, #502, #1397, .T. ) ;
#1505 = CARTESIAN_POINT ( 'NONE',  ( 2.611777636827390392, 12.30000000000000071, -90.23124641640067978 ) ) ;
#1506 = CARTESIAN_POINT ( 'NONE',  ( -75.75700000000003342, 10.29999999999999716, -88.97396198777730092 ) ) ;
#1507 = ORIENTED_EDGE ( 'NONE', *, *, #7110, .F. ) ;
#1508 = ORIENTED_EDGE ( 'NONE', *, *, #1750, .F. ) ;
#1509 = CARTESIAN_POINT ( 'NONE',  ( 4.932171864763814639, 10.30000000000000071, -88.64069588562898616 ) ) ;
#1510 = DIRECTION ( 'NONE',  ( 0.2506286776786581516, 0.000000000000000000, -0.9680832949313025182 ) ) ;
#1511 = LINE ( 'NONE', #1081, #8758 ) ;
#1512 = DIRECTION ( 'NONE',  ( -0.000000000000000000, 1.000000000000000000, -0.000000000000000000 ) ) ;
#1513 = CARTESIAN_POINT ( 'NONE',  ( -47.30000000000032401, 12.30000000000000071, 47.29999999999965610 ) ) ;
#1514 = ORIENTED_EDGE ( 'NONE', *, *, #7652, .F. ) ;
#1515 = ORIENTED_EDGE ( 'NONE', *, *, #1540, .T. ) ;
#1516 = DIRECTION ( 'NONE',  ( 0.000000000000000000, -0.000000000000000000, -1.000000000000000000 ) ) ;
#1517 = CARTESIAN_POINT ( 'NONE',  ( -3.219999999999967777, 12.30000000000000249, -94.59396198777730547 ) ) ;
#1518 = ORIENTED_EDGE ( 'NONE', *, *, #7115, .T. ) ;
#1519 = CARTESIAN_POINT ( 'NONE',  ( -82.18409769380961905, 12.29999999999999893, -82.91550768086530354 ) ) ;
#1520 = EDGE_CURVE ( 'NONE', #3724, #4266, #136, .T. ) ;
#1521 = DIRECTION ( 'NONE',  ( -0.000000000000000000, 1.000000000000000000, -0.000000000000000000 ) ) ;
#1522 = EDGE_CURVE ( 'NONE', #6028, #2445, #4959, .T. ) ;
#1523 = ORIENTED_EDGE ( 'NONE', *, *, #7827, .T. ) ;
#1524 = ORIENTED_EDGE ( 'NONE', *, *, #3232, .T. ) ;
#1525 = VECTOR ( 'NONE', #6049, 1000.000000000000000 ) ;
#1526 = EDGE_CURVE ( 'NONE', #1361, #5687, #6923, .T. ) ;
#1527 = LINE ( 'NONE', #8553, #5441 ) ;
#1528 = ADVANCED_FACE ( 'NONE', ( #8429 ), #6825, .T. ) ;
#1529 = ADVANCED_FACE ( 'NONE', ( #7514 ), #2072, .F. ) ;
#1530 = ADVANCED_FACE ( 'NONE', ( #6278 ), #4936, .T. ) ;
#1531 = DIRECTION ( 'NONE',  ( -0.000000000000000000, -0.6427876096865482447, -0.7660444431189705750 ) ) ;
#1532 = PRODUCT_RELATED_PRODUCT_CATEGORY ( 'part', '', ( #1274 ) ) ;
#1533 = AXIS2_PLACEMENT_3D ( 'NONE', #892, #3654, #6414 ) ;
#1534 = CARTESIAN_POINT ( 'NONE',  ( 49.95096382601623475, 10.30000000000000071, -78.90768211599764470 ) ) ;
#1535 = AXIS2_PLACEMENT_3D ( 'NONE', #2806, #5571, #3577 ) ;
#1536 = LINE ( 'NONE', #4298, #1955 ) ;
#1537 = DIRECTION ( 'NONE',  ( -0.000000000000000000, -1.000000000000000000, -0.000000000000000000 ) ) ;
#1538 = CIRCLE ( 'NONE', #6584, 5.000000000000004441 ) ;
#1539 = VECTOR ( 'NONE', #1031, 1000.000000000000000 ) ;
#1540 = EDGE_CURVE ( 'NONE', #7405, #1998, #7186, .T. ) ;
#1541 = FACE_OUTER_BOUND ( 'NONE', #7539, .T. ) ;
#1542 = CARTESIAN_POINT ( 'NONE',  ( 1.437686482136429911, 10.29999999999999893, -81.19162521868875615 ) ) ;
#1543 = AXIS2_PLACEMENT_3D ( 'NONE', #3024, #5614, #5779 ) ;
#1544 = ORIENTED_EDGE ( 'NONE', *, *, #3681, .T. ) ;
#1545 = CARTESIAN_POINT ( 'NONE',  ( -33.64999999999999858, 104.0000000000000142, -1.849999999999995648 ) ) ;
#1546 = AXIS2_PLACEMENT_3D ( 'NONE', #2123, #4114, #1396 ) ;
#1547 = CARTESIAN_POINT ( 'NONE',  ( 89.86523063261998345, 16.00000000000000000, 117.0000000000000000 ) ) ;
#1548 = CARTESIAN_POINT ( 'NONE',  ( 1.886374129916776665, 12.30000000000000071, -97.11312765208840858 ) ) ;
#1549 = LINE ( 'NONE', #5484, #898 ) ;
#1550 = PLANE ( 'NONE',  #2048 ) ;
#1551 = VECTOR ( 'NONE', #1843, 1000.000000000000000 ) ;
#1552 = ORIENTED_EDGE ( 'NONE', *, *, #8351, .F. ) ;
#1553 = VERTEX_POINT ( 'NONE', #5476 ) ;
#1554 = CARTESIAN_POINT ( 'NONE',  ( 55.92800000000000438, 10.30000000000000071, -81.16896198777732252 ) ) ;
#1555 = LINE ( 'NONE', #194, #4145 ) ;
#1556 = ORIENTED_EDGE ( 'NONE', *, *, #3696, .T. ) ;
#1557 = EDGE_LOOP ( 'NONE', ( #3850, #1337 ) ) ;
#1558 = CARTESIAN_POINT ( 'NONE',  ( -47.30000000000032401, 10.90000000000000213, 50.59999999999965326 ) ) ;
#1559 = DIRECTION ( 'NONE',  ( -0.000000000000000000, -0.000000000000000000, -1.000000000000000000 ) ) ;
#1560 = CIRCLE ( 'NONE', #7337, 8.321800737645393298 ) ;
#1561 = CARTESIAN_POINT ( 'NONE',  ( 47.29999999999981952, 10.90000000000000036, 44.00000000000015632 ) ) ;
#1562 = CARTESIAN_POINT ( 'NONE',  ( -88.45000000000000284, 2.000000000000000000, -95.12819926235461310 ) ) ;
#1563 = DIRECTION ( 'NONE',  ( 0.000000000000000000, 0.000000000000000000, 1.000000000000000000 ) ) ;
#1564 = ORIENTED_EDGE ( 'NONE', *, *, #2469, .F. ) ;
#1565 = ORIENTED_EDGE ( 'NONE', *, *, #5468, .F. ) ;
#1566 = LINE ( 'NONE', #4964, #8760 ) ;
#1567 = ADVANCED_FACE ( 'NONE', ( #8290 ), #90, .T. ) ;
#1568 = DIRECTION ( 'NONE',  ( -0.000000000000000000, 1.000000000000000000, -0.000000000000000000 ) ) ;
#1569 = EDGE_LOOP ( 'NONE', ( #4613, #3179, #6953, #6917, #7694, #3513, #7048, #5651 ) ) ;
#1570 = DIRECTION ( 'NONE',  ( 0.000000000000000000, 0.000000000000000000, 1.000000000000000000 ) ) ;
#1571 = CARTESIAN_POINT ( 'NONE',  ( 5.969033672315013916, 12.29999999999999893, -78.84460674040211359 ) ) ;
#1572 = ORIENTED_EDGE ( 'NONE', *, *, #6599, .F. ) ;
#1573 = CONICAL_SURFACE ( 'NONE', #5180, 4.700000000000065015, 0.7853981633974463916 ) ;
#1574 = ORIENTED_EDGE ( 'NONE', *, *, #1239, .T. ) ;
#1575 = CARTESIAN_POINT ( 'NONE',  ( 5.669721161599239778, 10.30000000000000071, -100.8137368554971118 ) ) ;
#1576 = CARTESIAN_POINT ( 'NONE',  ( 47.29999999999999005, 10.90000000000002878, -50.59999999999998721 ) ) ;
#1577 = DIRECTION ( 'NONE',  ( 0.000000000000000000, 0.000000000000000000, 1.000000000000000000 ) ) ;
#1578 = PLANE ( 'NONE',  #4128 ) ;
#1579 = CARTESIAN_POINT ( 'NONE',  ( -87.21267610207108589, 12.30000000000000071, -97.16166366763852125 ) ) ;
#1580 = EDGE_CURVE ( 'NONE', #7069, #4377, #7565, .T. ) ;
#1581 = CARTESIAN_POINT ( 'NONE',  ( 101.4500000000000313, 2.000000000000000000, -101.4500000000000171 ) ) ;
#1582 = CONICAL_SURFACE ( 'NONE', #2737, 8.321800737645393298, 0.6981317007977451139 ) ;
#1583 = CARTESIAN_POINT ( 'NONE',  ( 0.000000000000000000, 10.30000000000000071, -82.24896198777730660 ) ) ;
#1584 = ORIENTED_EDGE ( 'NONE', *, *, #3591, .T. ) ;
#1585 = PLANE ( 'NONE',  #6459 ) ;
#1586 = DIRECTION ( 'NONE',  ( -6.484947573745073354E-17, 0.000000000000000000, 1.000000000000000000 ) ) ;
#1587 = LINE ( 'NONE', #4440, #1962 ) ;
#1588 = CARTESIAN_POINT ( 'NONE',  ( -80.44700000000003115, 12.29999999999999893, -88.81396198777730433 ) ) ;
#1589 = DIRECTION ( 'NONE',  ( -0.3994171850752216146, 0.000000000000000000, -0.9167692797354120016 ) ) ;
#1590 = EDGE_CURVE ( 'NONE', #4266, #6969, #181, .T. ) ;
#1591 = AXIS2_PLACEMENT_3D ( 'NONE', #3788, #1024, #2296 ) ;
#1592 = VERTEX_POINT ( 'NONE', #4210 ) ;
#1593 = ORIENTED_EDGE ( 'NONE', *, *, #7393, .F. ) ;
#1594 = CARTESIAN_POINT ( 'NONE',  ( -89.86523063261998345, 16.00000000000000000, 117.0000000000000000 ) ) ;
#1595 = CARTESIAN_POINT ( 'NONE',  ( -76.85363629713386047, 12.30000000000000249, -95.47893385092059759 ) ) ;
#1596 = ORIENTED_EDGE ( 'NONE', *, *, #3529, .F. ) ;
#1597 = EDGE_CURVE ( 'NONE', #7352, #2584, #6095, .T. ) ;
#1598 = ORIENTED_EDGE ( 'NONE', *, *, #4108, .F. ) ;
#1599 = DIRECTION ( 'NONE',  ( 0.000000000000000000, -0.7660444431189704639, 0.6427876096865483557 ) ) ;
#1600 = APPLICATION_PROTOCOL_DEFINITION ( 'draft international standard', 'automotive_design', 1998, #6579 ) ;
#1601 = DIRECTION ( 'NONE',  ( 1.475563774321965542E-15, 0.9063077870366512689, 0.4226182617406967212 ) ) ;
#1602 = CARTESIAN_POINT ( 'NONE',  ( 0.8160614809882608123, 10.29999999999999893, -86.00015738400048804 ) ) ;
#1603 = VECTOR ( 'NONE', #5384, 1000.000000000000000 ) ;
#1604 = CARTESIAN_POINT ( 'NONE',  ( 0.000000000000000000, 12.30000000000000071, -81.16896198777733673 ) ) ;
#1605 = ORIENTED_EDGE ( 'NONE', *, *, #3771, .T. ) ;
#1606 = ORIENTED_EDGE ( 'NONE', *, *, #8357, .F. ) ;
#1607 = LINE ( 'NONE', #6311, #2838 ) ;
#1608 = DIRECTION ( 'NONE',  ( 0.5000000000000052180, 0.8660254037844355990, -8.912531389256014370E-17 ) ) ;
#1609 = ORIENTED_EDGE ( 'NONE', *, *, #1107, .T. ) ;
#1610 = CARTESIAN_POINT ( 'NONE',  ( -75.75700000000003342, 12.29999999999999893, -88.97396198777730092 ) ) ;
#1611 = DIRECTION ( 'NONE',  ( -1.000000000000000000, 0.000000000000000000, 2.182042108146926802E-16 ) ) ;
#1612 = CARTESIAN_POINT ( 'NONE',  ( 2.193950491127210523, 12.29999999999999893, -76.91301622480393974 ) ) ;
#1613 = ORIENTED_EDGE ( 'NONE', *, *, #5464, .F. ) ;
#1614 = ORIENTED_EDGE ( 'NONE', *, *, #1522, .F. ) ;
#1615 = VECTOR ( 'NONE', #2368, 1000.000000000000000 ) ;
#1616 = DIRECTION ( 'NONE',  ( 1.000000000000000000, 0.000000000000000000, -0.000000000000000000 ) ) ;
#1617 = EDGE_CURVE ( 'NONE', #2553, #5823, #8513, .T. ) ;
#1618 = FACE_OUTER_BOUND ( 'NONE', #5407, .T. ) ;
#1619 = VECTOR ( 'NONE', #1267, 1000.000000000000000 ) ;
#1620 = DIRECTION ( 'NONE',  ( 0.000000000000000000, 0.000000000000000000, -1.000000000000000000 ) ) ;
#1621 = CIRCLE ( 'NONE', #3925, 3.299999999999997158 ) ;
#1622 = DIRECTION ( 'NONE',  ( -1.000000000000000000, -0.000000000000000000, -0.000000000000000000 ) ) ;
#1623 = PLANE ( 'NONE',  #8822 ) ;
#1624 = CARTESIAN_POINT ( 'NONE',  ( 0.000000000000000000, 12.30000000000000071, -101.0089619877773259 ) ) ;
#1625 = ORIENTED_EDGE ( 'NONE', *, *, #2242, .T. ) ;
#1626 = CARTESIAN_POINT ( 'NONE',  ( -88.45000000000004547, 2.000000000000000000, 88.44999999999998863 ) ) ;
#1627 = VECTOR ( 'NONE', #8161, 1000.000000000000000 ) ;
#1628 = CARTESIAN_POINT ( 'NONE',  ( 19.92900000000000915, 10.30000000000000071, -77.00896198777732593 ) ) ;
#1629 = LINE ( 'NONE', #3713, #2395 ) ;
#1630 = CARTESIAN_POINT ( 'NONE',  ( 80.05738502500092579, 10.30000000000000071, -32.41697246775033392 ) ) ;
#1631 = CARTESIAN_POINT ( 'NONE',  ( -47.30000000000032401, 4.299999999999999822, 47.29999999999965610 ) ) ;
#1632 = VECTOR ( 'NONE', #3909, 1000.000000000000000 ) ;
#1633 = LINE ( 'NONE', #7336, #7231 ) ;
#1634 = EDGE_CURVE ( 'NONE', #595, #1006, #5785, .T. ) ;
#1635 = VERTEX_POINT ( 'NONE', #6505 ) ;
#1636 = ORIENTED_EDGE ( 'NONE', *, *, #8345, .F. ) ;
#1637 = ADVANCED_FACE ( 'NONE', ( #2383 ), #1023, .F. ) ;
#1638 = EDGE_CURVE ( 'NONE', #8478, #7102, #3613, .T. ) ;
#1639 = DIRECTION ( 'NONE',  ( -0.000000000000000000, 1.000000000000000000, -0.000000000000000000 ) ) ;
#1640 = CARTESIAN_POINT ( 'NONE',  ( -109.7718007376454210, 2.000000000000000000, -101.4500000000000171 ) ) ;
#1641 = VERTEX_POINT ( 'NONE', #3075 ) ;
#1642 = EDGE_CURVE ( 'NONE', #1641, #412, #7831, .T. ) ;
#1643 = EDGE_CURVE ( 'NONE', #7647, #866, #1665, .T. ) ;
#1644 = ORIENTED_EDGE ( 'NONE', *, *, #2972, .F. ) ;
#1645 = LINE ( 'NONE', #6562, #3055 ) ;
#1646 = SHAPE_DEFINITION_REPRESENTATION ( #8874, #6233 ) ;
#1647 = DIRECTION ( 'NONE',  ( 1.000000000000000000, 0.000000000000000000, 0.000000000000000000 ) ) ;
#1648 = EDGE_CURVE ( 'NONE', #7961, #7558, #3703, .T. ) ;
#1649 = CARTESIAN_POINT ( 'NONE',  ( -2.711703438157626156, 10.30000000000000071, -81.46525977104990091 ) ) ;
#1650 = PLANE ( 'NONE',  #8282 ) ;
#1651 = CARTESIAN_POINT ( 'NONE',  ( 0.000000000000000000, 12.30000000000000071, -101.0089619877773117 ) ) ;
#1652 = ORIENTED_EDGE ( 'NONE', *, *, #2947, .F. ) ;
#1653 = ORIENTED_EDGE ( 'NONE', *, *, #3802, .T. ) ;
#1654 = CARTESIAN_POINT ( 'NONE',  ( -88.45000000000001705, -1.667709403365238561E-15, -98.45000000000000284 ) ) ;
#1655 = DIRECTION ( 'NONE',  ( 0.000000000000000000, 1.000000000000000000, 0.000000000000000000 ) ) ;
#1656 = ORIENTED_EDGE ( 'NONE', *, *, #4461, .T. ) ;
#1657 = CARTESIAN_POINT ( 'NONE',  ( -108.1281992623546131, 2.000000000000000000, -101.4500000000000171 ) ) ;
#1658 = CARTESIAN_POINT ( 'NONE',  ( 85.45000000000000284, 0.000000000000000000, -75.45000000000000284 ) ) ;
#1659 = DIRECTION ( 'NONE',  ( 0.000000000000000000, 0.9063077870366512689, -0.4226182617406967212 ) ) ;
#1660 = ORIENTED_EDGE ( 'NONE', *, *, #1840, .F. ) ;
#1661 = ORIENTED_EDGE ( 'NONE', *, *, #5394, .F. ) ;
#1662 = CARTESIAN_POINT ( 'NONE',  ( 2.722059814195459726, 12.29999999999999893, -83.65359444396744948 ) ) ;
#1663 = CARTESIAN_POINT ( 'NONE',  ( 48.12671084024881196, 12.30000000000000071, -81.94469111801100780 ) ) ;
#1664 = CARTESIAN_POINT ( 'NONE',  ( 2.644401076045397758, 10.29999999999999893, -84.05325522339029476 ) ) ;
#1665 = LINE ( 'NONE', #2213, #7900 ) ;
#1666 = LINE ( 'NONE', #5746, #3472 ) ;
#1667 = VECTOR ( 'NONE', #3037, 1000.000000000000114 ) ;
#1668 = DIRECTION ( 'NONE',  ( 1.000000000000000000, -0.000000000000000000, 0.000000000000000000 ) ) ;
#1669 = VECTOR ( 'NONE', #1521, 1000.000000000000000 ) ;
#1670 = ORIENTED_EDGE ( 'NONE', *, *, #5394, .T. ) ;
#1671 = CARTESIAN_POINT ( 'NONE',  ( 0.000000000000000000, 2.000000000000000000, -83.77180073764539259 ) ) ;
#1672 = ADVANCED_FACE ( 'NONE', ( #5830 ), #1578, .T. ) ;
#1673 = VECTOR ( 'NONE', #3805, 1000.000000000000000 ) ;
#1674 = CARTESIAN_POINT ( 'NONE',  ( 48.36312745903174459, 12.30000000000000249, -87.72319953583669871 ) ) ;
#1675 = DIRECTION ( 'NONE',  ( -0.000000000000000000, 1.000000000000000000, -0.000000000000000000 ) ) ;
#1676 = AXIS2_PLACEMENT_3D ( 'NONE', #7161, #7898, #3766 ) ;
#1677 = CARTESIAN_POINT ( 'NONE',  ( -38.64999999999999147, 12.29999999999997762, 6.850000000000004086 ) ) ;
#1678 = AXIS2_PLACEMENT_3D ( 'NONE', #4548, #7318, #5147 ) ;
#1679 = CARTESIAN_POINT ( 'NONE',  ( -36.12702438247131909, 12.30000000000000071, 8.126654738487687268 ) ) ;
#1680 = VERTEX_POINT ( 'NONE', #7744 ) ;
#1681 = AXIS2_PLACEMENT_3D ( 'NONE', #3097, #5138, #1861 ) ;
#1682 = EDGE_LOOP ( 'NONE', ( #4372, #5124, #4832, #1458 ) ) ;
#1683 = VECTOR ( 'NONE', #1639, 1000.000000000000000 ) ;
#1684 = CONICAL_SURFACE ( 'NONE', #1546, 8.321800737645393298, 0.6981317007977451139 ) ;
#1685 = FACE_OUTER_BOUND ( 'NONE', #5805, .T. ) ;
#1686 = ORIENTED_EDGE ( 'NONE', *, *, #6590, .F. ) ;
#1687 = AXIS2_PLACEMENT_3D ( 'NONE', #7394, #2676, #7581 ) ;
#1688 = VERTEX_POINT ( 'NONE', #6466 ) ;
#1689 = LINE ( 'NONE', #7984, #584 ) ;
#1690 = PLANE ( 'NONE',  #8483 ) ;
#1691 = AXIS2_PLACEMENT_3D ( 'NONE', #811, #7836, #4306 ) ;
#1692 = CARTESIAN_POINT ( 'NONE',  ( -80.69282827888102361, 10.30000000000000071, -91.63892211365347862 ) ) ;
#1693 = DIRECTION ( 'NONE',  ( 0.000000000000000000, 0.000000000000000000, 1.000000000000000000 ) ) ;
#1694 = ADVANCED_FACE ( 'NONE', ( #7141 ), #7238, .F. ) ;
#1695 = ORIENTED_EDGE ( 'NONE', *, *, #3520, .F. ) ;
#1696 = ORIENTED_EDGE ( 'NONE', *, *, #16, .F. ) ;
#1697 = EDGE_CURVE ( 'NONE', #269, #596, #4976, .T. ) ;
#1698 = CARTESIAN_POINT ( 'NONE',  ( -107.0000000000000000, -312.4838379715732799, 112.0000000000000000 ) ) ;
#1699 = VECTOR ( 'NONE', #3017, 1000.000000000000000 ) ;
#1700 = DIRECTION ( 'NONE',  ( 0.000000000000000000, 1.000000000000000000, 0.000000000000000000 ) ) ;
#1701 = ORIENTED_EDGE ( 'NONE', *, *, #3031, .T. ) ;
#1702 = CARTESIAN_POINT ( 'NONE',  ( 68.45000000000000284, 4.299999999999999822, -68.15000000000000568 ) ) ;
#1703 = CARTESIAN_POINT ( 'NONE',  ( -80.69282827888102361, 12.30000000000000071, -91.63892211365347862 ) ) ;
#1704 = CARTESIAN_POINT ( 'NONE',  ( -75.44999999999997442, 2.000000000000000000, -83.77180073764539259 ) ) ;
#1705 = ORIENTED_EDGE ( 'NONE', *, *, #1115, .T. ) ;
#1706 = EDGE_LOOP ( 'NONE', ( #3624, #241, #6249, #3538 ) ) ;
#1707 = EDGE_CURVE ( 'NONE', #2973, #5559, #7196, .T. ) ;
#1708 = ADVANCED_FACE ( 'NONE', ( #7923 ), #3746, .T. ) ;
#1709 = PLANE ( 'NONE',  #6145 ) ;
#1710 = CARTESIAN_POINT ( 'NONE',  ( -47.29999999999949978, 4.299999999999999822, -52.00000000000046185 ) ) ;
#1711 = EDGE_CURVE ( 'NONE', #8590, #3336, #5862, .T. ) ;
#1712 = CARTESIAN_POINT ( 'NONE',  ( 0.000000000000000000, 12.30000000000000071, -101.0089619877773259 ) ) ;
#1713 = DIRECTION ( 'NONE',  ( -0.000000000000000000, 1.000000000000000000, -0.000000000000000000 ) ) ;
#1714 = CARTESIAN_POINT ( 'NONE',  ( 2.721370846643508035, 12.30000000000000249, -83.01992723998777990 ) ) ;
#1715 = ORIENTED_EDGE ( 'NONE', *, *, #3193, .T. ) ;
#1716 = DIRECTION ( 'NONE',  ( 1.000000000000000000, 0.000000000000000000, 0.000000000000000000 ) ) ;
#1717 = CARTESIAN_POINT ( 'NONE',  ( 117.0000000000007390, 16.00000000000000000, 89.86523063261957134 ) ) ;
#1718 = B_SPLINE_CURVE_WITH_KNOTS ( 'NONE', 3,
 ( #3764, #198, #7855, #282, #2274 ),
 .UNSPECIFIED., .F., .F.,
 ( 4, 1, 4 ),
 ( 0.000000000000000000, 0.4925409236112814337, 1.000000000000000000 ),
 .UNSPECIFIED. ) ;
#1719 = CARTESIAN_POINT ( 'NONE',  ( -80.44999999999997442, 0.000000000000000000, 1.387778780781445360E-14 ) ) ;
#1720 = CARTESIAN_POINT ( 'NONE',  ( 47.29999999999981952, 10.90000000000000036, 47.30000000000015348 ) ) ;
#1721 = ORIENTED_EDGE ( 'NONE', *, *, #8400, .T. ) ;
#1722 = ORIENTED_EDGE ( 'NONE', *, *, #3964, .T. ) ;
#1723 = ORIENTED_EDGE ( 'NONE', *, *, #833, .F. ) ;
#1724 = VECTOR ( 'NONE', #4493, 1000.000000000000000 ) ;
#1725 = CARTESIAN_POINT ( 'NONE',  ( -47.29999999999949978, 4.299999999999999822, -52.00000000000046185 ) ) ;
#1726 = ORIENTED_EDGE ( 'NONE', *, *, #2364, .T. ) ;
#1727 = EDGE_CURVE ( 'NONE', #7983, #141, #1536, .T. ) ;
#1728 = VERTEX_POINT ( 'NONE', #7055 ) ;
#1729 = DIRECTION ( 'NONE',  ( -0.000000000000000000, -1.000000000000000000, -0.000000000000000000 ) ) ;
#1730 =( LENGTH_UNIT ( ) NAMED_UNIT ( * ) SI_UNIT ( .MILLI., .METRE. ) );
#1731 = DIRECTION ( 'NONE',  ( 1.000000000000000000, -0.000000000000000000, 0.000000000000000000 ) ) ;
#1732 = VECTOR ( 'NONE', #2662, 1000.000000000000114 ) ;
#1733 = CARTESIAN_POINT ( 'NONE',  ( -83.30722835027169992, 10.30000000000000071, -96.00874814445541006 ) ) ;
#1734 = DIRECTION ( 'NONE',  ( 4.993425191620696631E-17, -0.6427876096865482447, -0.7660444431189705750 ) ) ;
#1735 = VERTEX_POINT ( 'NONE', #176 ) ;
#1736 = VERTEX_POINT ( 'NONE', #5025 ) ;
#1737 = LINE ( 'NONE', #416, #2847 ) ;
#1738 = CARTESIAN_POINT ( 'NONE',  ( 4.630181767091420042, 10.30000000000000249, -101.0089619951388613 ) ) ;
#1739 = VERTEX_POINT ( 'NONE', #7098 ) ;
#1740 = DIRECTION ( 'NONE',  ( 0.000000000000000000, 1.000000000000000000, -0.000000000000000000 ) ) ;
#1741 = PLANE ( 'NONE',  #4090 ) ;
#1742 = DIRECTION ( 'NONE',  ( 8.659560562354911904E-17, -0.7071067811865489050, 0.7071067811865460184 ) ) ;
#1743 = ORIENTED_EDGE ( 'NONE', *, *, #4347, .F. ) ;
#1744 = ORIENTED_EDGE ( 'NONE', *, *, #8604, .F. ) ;
#1745 = AXIS2_PLACEMENT_3D ( 'NONE', #5043, #5085, #7214 ) ;
#1746 = DIRECTION ( 'NONE',  ( 0.9756208922220240831, 0.000000000000000000, -0.2194626953719052698 ) ) ;
#1747 = LINE ( 'NONE', #3825, #7760 ) ;
#1748 = CARTESIAN_POINT ( 'NONE',  ( -107.0000000000000000, 0.000000000000000000, -117.0000000000000000 ) ) ;
#1749 = EDGE_CURVE ( 'NONE', #7870, #4580, #7022, .T. ) ;
#1750 = EDGE_CURVE ( 'NONE', #1319, #8526, #220, .T. ) ;
#1751 = CARTESIAN_POINT ( 'NONE',  ( -88.45000000000001705, 0.000000000000000000, -88.45000000000001705 ) ) ;
#1752 = PLANE ( 'NONE',  #5342 ) ;
#1753 = CARTESIAN_POINT ( 'NONE',  ( -23.25899999999998258, 12.30000000000000071, -77.00896198777729751 ) ) ;
#1754 = VERTEX_POINT ( 'NONE', #3333 ) ;
#1755 = PLANE ( 'NONE',  #8771 ) ;
#1756 = AXIS2_PLACEMENT_3D ( 'NONE', #830, #8537, #3009 ) ;
#1757 = CARTESIAN_POINT ( 'NONE',  ( 49.01801473471090276, 12.30000000000000249, -89.10459137570677512 ) ) ;
#1758 = CARTESIAN_POINT ( 'NONE',  ( 107.0000000000000000, 20.00000000000000000, -1.850000000000004530 ) ) ;
#1759 = CARTESIAN_POINT ( 'NONE',  ( -107.0000000000000000, 20.00000000000000000, 107.0000000000000000 ) ) ;
#1760 = CARTESIAN_POINT ( 'NONE',  ( 75.45000000000000284, 0.000000000000000000, -75.45000000000000284 ) ) ;
#1761 = CARTESIAN_POINT ( 'NONE',  ( 53.98278437694381182, 12.30000000000000071, -87.70411300367912588 ) ) ;
#1762 = VERTEX_POINT ( 'NONE', #2511 ) ;
#1763 = AXIS2_PLACEMENT_3D ( 'NONE', #400, #1934, #6598 ) ;
#1764 = ORIENTED_EDGE ( 'NONE', *, *, #4906, .F. ) ;
#1765 = LINE ( 'NONE', #279, #7606 ) ;
#1766 = VERTEX_POINT ( 'NONE', #5909 ) ;
#1767 = ORIENTED_EDGE ( 'NONE', *, *, #7731, .F. ) ;
#1768 = CARTESIAN_POINT ( 'NONE',  ( 117.0000000000001705, 20.00000000000000000, -70.00000000000042633 ) ) ;
#1769 = VECTOR ( 'NONE', #2147, 1000.000000000000114 ) ;
#1770 = EDGE_CURVE ( 'NONE', #2144, #4401, #277, .T. ) ;
#1771 = DIRECTION ( 'NONE',  ( -0.000000000000000000, -1.000000000000000000, -0.000000000000000000 ) ) ;
#1772 = CARTESIAN_POINT ( 'NONE',  ( 2.720000000000033058, 10.29999999999999893, -83.38896198777732138 ) ) ;
#1773 = LINE ( 'NONE', #4536, #2479 ) ;
#1774 = VERTEX_POINT ( 'NONE', #8684 ) ;
#1775 = EDGE_CURVE ( 'NONE', #7853, #5991, #8752, .T. ) ;
#1776 = VERTEX_POINT ( 'NONE', #1105 ) ;
#1777 = CARTESIAN_POINT ( 'NONE',  ( 80.45000000000001705, 0.000000000000000000, 75.44999999999998863 ) ) ;
#1778 = CARTESIAN_POINT ( 'NONE',  ( 44.64256873194884889, 10.30000000000000071, -7.847326534912886231 ) ) ;
#1779 = ORIENTED_EDGE ( 'NONE', *, *, #2877, .F. ) ;
#1780 = CARTESIAN_POINT ( 'NONE',  ( -107.0000000000000000, 20.00000000000000000, 117.0000000000000000 ) ) ;
#1781 = EDGE_CURVE ( 'NONE', #4761, #8943, #2560, .T. ) ;
#1782 = FACE_BOUND ( 'NONE', #4435, .T. ) ;
#1783 = LINE ( 'NONE', #4544, #1018 ) ;
#1784 = EDGE_LOOP ( 'NONE', ( #1007, #4870, #8441, #8581, #6810, #4690, #2290, #4615, #7030, #5803, #332 ) ) ;
#1785 = ORIENTED_EDGE ( 'NONE', *, *, #2779, .F. ) ;
#1786 = CARTESIAN_POINT ( 'NONE',  ( 112.0000000000000142, 20.00000000000000000, -70.00000000000041211 ) ) ;
#1787 = EDGE_CURVE ( 'NONE', #3795, #261, #428, .T. ) ;
#1788 = DIRECTION ( 'NONE',  ( 1.000000000000000000, 0.000000000000000000, -0.000000000000000000 ) ) ;
#1789 = CARTESIAN_POINT ( 'NONE',  ( -111.9999999999999716, 16.00000000000000000, -71.86523063261959976 ) ) ;
#1790 = EDGE_CURVE ( 'NONE', #3143, #6182, #6673, .T. ) ;
#1791 = DIRECTION ( 'NONE',  ( 0.000000000000000000, 0.000000000000000000, 1.000000000000000000 ) ) ;
#1792 = LINE ( 'NONE', #3241, #7817 ) ;
#1793 = EDGE_CURVE ( 'NONE', #1766, #640, #8818, .T. ) ;
#1794 = ORIENTED_EDGE ( 'NONE', *, *, #7057, .T. ) ;
#1795 = ADVANCED_FACE ( 'NONE', ( #3240 ), #8052, .F. ) ;
#1796 = CARTESIAN_POINT ( 'NONE',  ( 0.000000000000000000, 10.30000000000000071, -101.0089619877773117 ) ) ;
#1797 = ORIENTED_EDGE ( 'NONE', *, *, #2084, .F. ) ;
#1798 = CARTESIAN_POINT ( 'NONE',  ( 41.41339236820244452, 10.30000000000000071, -6.680193346157653700 ) ) ;
#1799 = CARTESIAN_POINT ( 'NONE',  ( -8.109999999999971010, 10.30000000000000071, -79.70896198777730035 ) ) ;
#1800 = DIRECTION ( 'NONE',  ( -0.000000000000000000, 0.000000000000000000, -1.000000000000000000 ) ) ;
#1801 = CARTESIAN_POINT ( 'NONE',  ( 2.193950491127210523, 10.29999999999999893, -76.91301622480393974 ) ) ;
#1802 = CARTESIAN_POINT ( 'NONE',  ( 53.11933773260547298, 12.30000000000000071, -86.77280469843904598 ) ) ;
#1803 = B_SPLINE_CURVE_WITH_KNOTS ( 'NONE', 3,
 ( #1428, #4282, #6402, #5770, #2199, #834, #788, #3552, #3511, #6443, #5646, #3683, #4195, #3014, #3601, #3639, #164 ),
 .UNSPECIFIED., .F., .F.,
 ( 4, 1, 1, 1, 1, 1, 1, 1, 1, 1, 1, 1, 1, 1, 4 ),
 ( 0.000000000000000000, 0.1472961307632329186, 0.2154187131892451590, 0.2801647480709156257, 0.3420536460949016866, 0.4020359698343847210, 0.4605123459365491057, 0.5180738708979363283, 0.5750908664204120724, 0.6312007702973687628, 0.6879313715875902124, 0.7455685112661741831, 0.8050653897586650398, 0.8666623776797269807, 1.000000000000000000 ),
 .UNSPECIFIED. ) ;
#1804 = VECTOR ( 'NONE', #8245, 1000.000000000000000 ) ;
#1805 = ADVANCED_FACE ( 'NONE', ( #524 ), #8642, .T. ) ;
#1806 = VECTOR ( 'NONE', #2324, 1000.000000000000000 ) ;
#1807 = VERTEX_POINT ( 'NONE', #5324 ) ;
#1808 = LINE ( 'NONE', #7339, #5429 ) ;
#1809 = VECTOR ( 'NONE', #5379, 1000.000000000000000 ) ;
#1810 = VERTEX_POINT ( 'NONE', #7365 ) ;
#1811 = ORIENTED_EDGE ( 'NONE', *, *, #5975, .F. ) ;
#1812 = LINE ( 'NONE', #3985, #5503 ) ;
#1813 = VECTOR ( 'NONE', #6174, 1000.000000000000000 ) ;
#1814 = CARTESIAN_POINT ( 'NONE',  ( 53.98184424820331628, 12.29999999999999893, -81.66206029528625265 ) ) ;
#1815 = CARTESIAN_POINT ( 'NONE',  ( -3.757743897372518571, 10.30000000000000071, -88.39072054998658245 ) ) ;
#1816 = DIRECTION ( 'NONE',  ( 0.000000000000000000, 1.000000000000000000, -0.000000000000000000 ) ) ;
#1817 = ORIENTED_EDGE ( 'NONE', *, *, #5189, .T. ) ;
#1818 = AXIS2_PLACEMENT_3D ( 'NONE', #4447, #3849, #2359 ) ;
#1819 = ORIENTED_EDGE ( 'NONE', *, *, #6596, .F. ) ;
#1820 = VECTOR ( 'NONE', #4217, 1000.000000000000000 ) ;
#1821 = VECTOR ( 'NONE', #8444, 1000.000000000000000 ) ;
#1822 = DIRECTION ( 'NONE',  ( 0.4298607147750038715, 0.000000000000000000, 0.9028952131300301831 ) ) ;
#1823 = DIRECTION ( 'NONE',  ( 0.000000000000000000, -1.000000000000000000, 0.000000000000000000 ) ) ;
#1824 = ORIENTED_EDGE ( 'NONE', *, *, #7429, .T. ) ;
#1825 = VECTOR ( 'NONE', #5259, 1000.000000000000000 ) ;
#1826 = LINE ( 'NONE', #8126, #4869 ) ;
#1827 = CARTESIAN_POINT ( 'NONE',  ( 51.41709520669376587, 10.30000000000000071, -91.35485734024790361 ) ) ;
#1828 = CARTESIAN_POINT ( 'NONE',  ( -80.44700000000003115, 10.29999999999999893, -88.81396198777730433 ) ) ;
#1829 = DIRECTION ( 'NONE',  ( -0.4226182617406967212, -0.9063077870366512689, 0.000000000000000000 ) ) ;
#1830 = CARTESIAN_POINT ( 'NONE',  ( -60.12300000000001887, 12.30000000000000071, 0.000000000000000000 ) ) ;
#1831 = VERTEX_POINT ( 'NONE', #5232 ) ;
#1832 = EDGE_LOOP ( 'NONE', ( #1214, #6601, #2746, #2138, #5347, #7643, #1481, #2002 ) ) ;
#1833 = ADVANCED_FACE ( 'NONE', ( #1878 ), #3379, .T. ) ;
#1834 = CARTESIAN_POINT ( 'NONE',  ( -93.49607802317036942, 10.29999999999999893, -79.16219699378494568 ) ) ;
#1835 = DIRECTION ( 'NONE',  ( -0.000000000000000000, 1.000000000000000000, -0.000000000000000000 ) ) ;
#1836 = CARTESIAN_POINT ( 'NONE',  ( 50.50606351253295401, 12.30000000000000071, -78.45521585510651619 ) ) ;
#1837 = CARTESIAN_POINT ( 'NONE',  ( -8.109999999999971010, 12.30000000000000071, -79.70896198777730035 ) ) ;
#1838 = FACE_OUTER_BOUND ( 'NONE', #4885, .T. ) ;
#1839 = ORIENTED_EDGE ( 'NONE', *, *, #2964, .F. ) ;
#1840 = EDGE_CURVE ( 'NONE', #7358, #665, #1876, .T. ) ;
#1841 = CARTESIAN_POINT ( 'NONE',  ( -90.06554416985633793, 12.30000000000000071, -77.09853245372090669 ) ) ;
#1842 = VERTEX_POINT ( 'NONE', #4106 ) ;
#1843 = DIRECTION ( 'NONE',  ( -0.000000000000000000, 1.000000000000000000, -0.000000000000000000 ) ) ;
#1844 = CARTESIAN_POINT ( 'NONE',  ( -88.45000000000003126, -1.997130393510892217E-15, 93.44999999999997442 ) ) ;
#1845 = DIRECTION ( 'NONE',  ( -1.000000000000000000, 0.000000000000000000, 0.000000000000000000 ) ) ;
#1846 = CARTESIAN_POINT ( 'NONE',  ( -89.86523063261998345, 16.00000000000000000, 117.0000000000000000 ) ) ;
#1847 = CARTESIAN_POINT ( 'NONE',  ( -57.97983683608704553, 20.00000000000000000, -1.849999999999992983 ) ) ;
#1848 = VERTEX_POINT ( 'NONE', #7503 ) ;
#1849 = ORIENTED_EDGE ( 'NONE', *, *, #8725, .F. ) ;
#1850 = FACE_OUTER_BOUND ( 'NONE', #4807, .T. ) ;
#1851 = ORIENTED_EDGE ( 'NONE', *, *, #581, .F. ) ;
#1852 = EDGE_LOOP ( 'NONE', ( #204, #1744, #3451, #2621 ) ) ;
#1853 = CARTESIAN_POINT ( 'NONE',  ( 24.59900000000001086, 12.30000000000000071, -81.16896198777733673 ) ) ;
#1854 = ADVANCED_FACE ( 'NONE', ( #8379 ), #2652, .T. ) ;
#1855 = CARTESIAN_POINT ( 'NONE',  ( 52.73459930060161582, 12.29999999999999893, -83.44999564423144989 ) ) ;
#1856 = CARTESIAN_POINT ( 'NONE',  ( -8.046433784686781721, 12.30000000000000249, -94.34742710363474316 ) ) ;
#1857 = CARTESIAN_POINT ( 'NONE',  ( 5.669721161599239778, 10.30000000000000071, -100.8137368554971118 ) ) ;
#1858 = ORIENTED_EDGE ( 'NONE', *, *, #7275, .T. ) ;
#1859 = ORIENTED_EDGE ( 'NONE', *, *, #4545, .F. ) ;
#1860 = CARTESIAN_POINT ( 'NONE',  ( 47.29999999999981952, 4.299999999999999822, 47.30000000000015348 ) ) ;
#1861 = DIRECTION ( 'NONE',  ( 0.000000000000000000, 0.000000000000000000, 1.000000000000000000 ) ) ;
#1862 = ORIENTED_EDGE ( 'NONE', *, *, #8774, .F. ) ;
#1863 = CARTESIAN_POINT ( 'NONE',  ( -107.0000000000000000, 20.00000000000000000, 117.0000000000000000 ) ) ;
#1864 = LINE ( 'NONE', #8847, #4730 ) ;
#1865 = LINE ( 'NONE', #3276, #7568 ) ;
#1866 = CARTESIAN_POINT ( 'NONE',  ( -81.77346369768245893, 10.29999999999999893, -83.46096873817558048 ) ) ;
#1867 = LINE ( 'NONE', #8464, #1161 ) ;
#1868 = ORIENTED_EDGE ( 'NONE', *, *, #3211, .F. ) ;
#1869 = ORIENTED_EDGE ( 'NONE', *, *, #88, .F. ) ;
#1870 = MECHANICAL_DESIGN_GEOMETRIC_PRESENTATION_REPRESENTATION (  '', ( #1009 ), #2249 ) ;
#1871 = CARTESIAN_POINT ( 'NONE',  ( -93.81200000000004025, 10.30000000000000071, -79.64396198777728841 ) ) ;
#1872 = VECTOR ( 'NONE', #1668, 1000.000000000000000 ) ;
#1873 = CARTESIAN_POINT ( 'NONE',  ( -116.9999999999999858, 20.00000000000000000, 107.0000000000000000 ) ) ;
#1874 = ORIENTED_EDGE ( 'NONE', *, *, #8779, .F. ) ;
#1875 = CARTESIAN_POINT ( 'NONE',  ( -1.967411687700925782, 10.30000000000000071, -92.48079812738762939 ) ) ;
#1876 = B_SPLINE_CURVE_WITH_KNOTS ( 'NONE', 3,
 ( #2747, #8325, #6087, #7695, #4156, #754, #1975, #2841, #7648, #4740, #1484, #617, #3430, #8862, #6226 ),
 .UNSPECIFIED., .F., .F.,
 ( 4, 1, 1, 1, 1, 1, 1, 1, 1, 1, 1, 1, 4 ),
 ( 0.000000000000000000, 0.1210031538655895050, 0.1772213293847222093, 0.2321348011602523131, 0.2857773369052810652, 0.3398955453889458966, 0.3944662649580650826, 0.4509013165325904682, 0.5090875601611567491, 0.5691468798720368261, 0.6318544576558593473, 0.6975771794455877250, 0.7356366592920499103 ),
 .UNSPECIFIED. ) ;
#1877 = EDGE_CURVE ( 'NONE', #7766, #340, #2319, .T. ) ;
#1878 = FACE_OUTER_BOUND ( 'NONE', #8614, .T. ) ;
#1879 = AXIS2_PLACEMENT_3D ( 'NONE', #2362, #4402, #5130 ) ;
#1880 = CARTESIAN_POINT ( 'NONE',  ( -88.45000000000003126, 2.000000000000000000, 88.44999999999997442 ) ) ;
#1881 = ORIENTED_EDGE ( 'NONE', *, *, #4844, .F. ) ;
#1882 = EDGE_CURVE ( 'NONE', #905, #6243, #6916, .T. ) ;
#1883 = CARTESIAN_POINT ( 'NONE',  ( 36.42900000000000915, 12.30000000000000071, -101.0089619877773259 ) ) ;
#1884 = ORIENTED_EDGE ( 'NONE', *, *, #7555, .F. ) ;
#1885 = CARTESIAN_POINT ( 'NONE',  ( -0.7912798776136079626, 10.30000000000000249, -97.11511566413554419 ) ) ;
#1886 = CARTESIAN_POINT ( 'NONE',  ( -89.86523063261998345, 16.00000000000000000, 112.0000000000000000 ) ) ;
#1887 = DIRECTION ( 'NONE',  ( 0.000000000000000000, 0.9063077870366512689, -0.4226182617406967212 ) ) ;
#1888 = CARTESIAN_POINT ( 'NONE',  ( 1.070905261782103768, 10.29999999999999893, -76.74453972926021095 ) ) ;
#1889 = CARTESIAN_POINT ( 'NONE',  ( -75.44999999999998863, 2.000000000000000000, -75.44999999999998863 ) ) ;
#1890 = VERTEX_POINT ( 'NONE', #709 ) ;
#1891 = VECTOR ( 'NONE', #4818, 1000.000000000000114 ) ;
#1892 = CARTESIAN_POINT ( 'NONE',  ( 108.1281992623546131, 2.000000000000000000, -101.4500000000000171 ) ) ;
#1893 = VERTEX_POINT ( 'NONE', #8911 ) ;
#1894 = ORIENTED_EDGE ( 'NONE', *, *, #2299, .T. ) ;
#1895 = CARTESIAN_POINT ( 'NONE',  ( 112.0000000000000142, 16.00000000000000000, 71.86523063261958555 ) ) ;
#1896 = DIRECTION ( 'NONE',  ( 0.000000000000000000, 0.000000000000000000, 1.000000000000000000 ) ) ;
#1897 = CARTESIAN_POINT ( 'NONE',  ( -7.855835787856018548, 10.30000000000000071, -93.20531827484077780 ) ) ;
#1898 = CARTESIAN_POINT ( 'NONE',  ( -80.44700000000003115, 10.29999999999999893, -88.81396198777730433 ) ) ;
#1899 = VECTOR ( 'NONE', #8840, 1000.000000000000000 ) ;
#1900 = VERTEX_POINT ( 'NONE', #6133 ) ;
#1901 = ORIENTED_EDGE ( 'NONE', *, *, #1580, .T. ) ;
#1902 = ADVANCED_FACE ( 'NONE', ( #2698 ), #4204, .T. ) ;
#1903 = EDGE_CURVE ( 'NONE', #7409, #6788, #8920, .T. ) ;
#1904 = ADVANCED_FACE ( 'NONE', ( #3519 ), #3977, .T. ) ;
#1905 = CARTESIAN_POINT ( 'NONE',  ( -3.116827455484562304, 12.30000000000000249, -95.53760971888154074 ) ) ;
#1906 = CARTESIAN_POINT ( 'NONE',  ( -60.12300000000001887, 10.30000000000000071, -77.00896198777732593 ) ) ;
#1907 = CARTESIAN_POINT ( 'NONE',  ( 112.0000000000000142, 16.00000000000001421, 107.0000000000000000 ) ) ;
#1908 = ORIENTED_EDGE ( 'NONE', *, *, #8861, .F. ) ;
#1909 = ADVANCED_FACE ( 'NONE', ( #2796 ), #505, .F. ) ;
#1910 = CARTESIAN_POINT ( 'NONE',  ( 80.94183457402817794, 10.30000000000000071, -96.52896198777732195 ) ) ;
#1911 = FACE_OUTER_BOUND ( 'NONE', #643, .T. ) ;
#1912 = LINE ( 'NONE', #6167, #4517 ) ;
#1913 = DIRECTION ( 'NONE',  ( 7.130025111404739020E-17, 0.000000000000000000, 1.000000000000000000 ) ) ;
#1914 = DIRECTION ( 'NONE',  ( 0.000000000000000000, 0.000000000000000000, 1.000000000000000000 ) ) ;
#1915 = ORIENTED_EDGE ( 'NONE', *, *, #4545, .T. ) ;
#1916 = VECTOR ( 'NONE', #5775, 1000.000000000000000 ) ;
#1917 = ORIENTED_EDGE ( 'NONE', *, *, #1464, .F. ) ;
#1918 = EDGE_CURVE ( 'NONE', #3518, #8852, #3678, .T. ) ;
#1919 = CARTESIAN_POINT ( 'NONE',  ( 107.0000000000000142, 0.000000000000000000, 107.0000000000000000 ) ) ;
#1920 = B_SPLINE_CURVE_WITH_KNOTS ( 'NONE', 3,
 ( #2580, #4032, #1992, #2531, #4706 ),
 .UNSPECIFIED., .F., .F.,
 ( 4, 1, 4 ),
 ( 0.000000000000000000, 0.4925409236112814337, 1.000000000000000000 ),
 .UNSPECIFIED. ) ;
#1921 = CARTESIAN_POINT ( 'NONE',  ( -76.85816587328821470, 12.29999999999999893, -82.69168603687053576 ) ) ;
#1922 = ORIENTED_EDGE ( 'NONE', *, *, #7281, .T. ) ;
#1923 = CARTESIAN_POINT ( 'NONE',  ( -8.005802973896782859, 10.30000000000000071, -93.85084571639457351 ) ) ;
#1924 = CARTESIAN_POINT ( 'NONE',  ( 5.472454195508313468, 10.29999999999999893, -78.39870175930185781 ) ) ;
#1925 = CARTESIAN_POINT ( 'NONE',  ( -7.485436169623046254, 10.29999999999999893, -97.50522010691290120 ) ) ;
#1926 = CARTESIAN_POINT ( 'NONE',  ( 53.11954078560610526, 12.30000000000000071, -82.59020095088276037 ) ) ;
#1927 = B_SPLINE_SURFACE_WITH_KNOTS ( 'NONE', 2, 1, ( 
 ( #3653, #6413 ),
 ( #3911, #6663 ),
 ( #219, #2982 ) ),
 .UNSPECIFIED., .F., .F., .F.,
 ( 3, 3 ),
 ( 2, 2 ),
 ( 0.9887384378410062347, 1.000000000000000000 ),
 ( 0.000000000000000000, 1.000000000000000000 ),
 .UNSPECIFIED. ) ;
#1928 = VERTEX_POINT ( 'NONE', #3011 ) ;
#1929 = DIRECTION ( 'NONE',  ( 0.000000000000000000, -1.000000000000000000, 0.000000000000000000 ) ) ;
#1930 = VERTEX_POINT ( 'NONE', #4406 ) ;
#1931 = CARTESIAN_POINT ( 'NONE',  ( 49.95096382601623475, 10.30000000000000071, -78.90768211599764470 ) ) ;
#1932 = DIRECTION ( 'NONE',  ( 0.000000000000000000, 1.000000000000000000, 0.000000000000000000 ) ) ;
#1933 = PLANE ( 'NONE',  #7037 ) ;
#1934 = DIRECTION ( 'NONE',  ( -0.000000000000000000, 1.000000000000000000, -0.000000000000000000 ) ) ;
#1935 = DIRECTION ( 'NONE',  ( -0.000000000000000000, -1.000000000000000000, -0.000000000000000000 ) ) ;
#1936 = EDGE_CURVE ( 'NONE', #3636, #2141, #5766, .T. ) ;
#1937 = CARTESIAN_POINT ( 'NONE',  ( -38.64999999999998437, 20.00000000000000000, 38.65000000000001279 ) ) ;
#1938 = DIRECTION ( 'NONE',  ( 0.000000000000000000, -1.000000000000000000, 0.000000000000000000 ) ) ;
#1939 = EDGE_LOOP ( 'NONE', ( #5769, #2370, #1257, #2013, #8158, #3822, #3658, #3402 ) ) ;
#1940 = LINE ( 'NONE', #681, #7041 ) ;
#1941 = ORIENTED_EDGE ( 'NONE', *, *, #7212, .T. ) ;
#1942 = CARTESIAN_POINT ( 'NONE',  ( -47.29999999999949978, 12.30000000000000071, -52.00000000000046185 ) ) ;
#1943 = ADVANCED_FACE ( 'NONE', ( #8538 ), #249, .F. ) ;
#1944 = CARTESIAN_POINT ( 'NONE',  ( 107.0000000000000000, 20.00000000000000000, 1.849999999999990541 ) ) ;
#1945 = LINE ( 'NONE', #4709, #4808 ) ;
#1946 = CARTESIAN_POINT ( 'NONE',  ( 7.661307975381458135, 10.30000000000000071, -100.2523833129255735 ) ) ;
#1947 = VERTEX_POINT ( 'NONE', #4780 ) ;
#1948 = ORIENTED_EDGE ( 'NONE', *, *, #5050, .F. ) ;
#1949 = LINE ( 'NONE', #8165, #3705 ) ;
#1950 = DIRECTION ( 'NONE',  ( 0.000000000000000000, 0.000000000000000000, 1.000000000000000000 ) ) ;
#1951 = EDGE_LOOP ( 'NONE', ( #4043, #7891, #4119, #7092 ) ) ;
#1952 = ORIENTED_EDGE ( 'NONE', *, *, #5103, .T. ) ;
#1953 = CARTESIAN_POINT ( 'NONE',  ( 0.000000000000000000, 10.30000000000000071, -81.16896198777732252 ) ) ;
#1954 = DIRECTION ( 'NONE',  ( -0.1592467030307476716, 0.000000000000000000, -0.9872388199285099253 ) ) ;
#1955 = VECTOR ( 'NONE', #6371, 1000.000000000000000 ) ;
#1956 = EDGE_CURVE ( 'NONE', #4181, #5980, #4153, .T. ) ;
#1957 = CARTESIAN_POINT ( 'NONE',  ( 52.28300000000195524, 10.30000000000000071, -101.0089619877782070 ) ) ;
#1958 = VECTOR ( 'NONE', #4895, 1000.000000000000000 ) ;
#1959 = CARTESIAN_POINT ( 'NONE',  ( -26.04400000000002535, 10.30000000000000071, -1.174993415770824197E-14 ) ) ;
#1960 = CARTESIAN_POINT ( 'NONE',  ( 75.45000000000000284, -1.734723475976807094E-15, -85.45000000000000284 ) ) ;
#1961 = EDGE_CURVE ( 'NONE', #5257, #2951, #3251, .T. ) ;
#1962 = VECTOR ( 'NONE', #7149, 1000.000000000000000 ) ;
#1963 = ORIENTED_EDGE ( 'NONE', *, *, #907, .T. ) ;
#1964 = AXIS2_PLACEMENT_3D ( 'NONE', #4100, #4007, #6216 ) ;
#1965 = ORIENTED_EDGE ( 'NONE', *, *, #4042, .T. ) ;
#1966 = PLANE ( 'NONE',  #3699 ) ;
#1967 = VECTOR ( 'NONE', #2209, 1000.000000000000000 ) ;
#1968 = CARTESIAN_POINT ( 'NONE',  ( -75.75700000000003342, 12.29999999999999893, -88.97396198777730092 ) ) ;
#1969 = EDGE_LOOP ( 'NONE', ( #6844, #6688, #5609, #1908 ) ) ;
#1970 = VECTOR ( 'NONE', #1845, 1000.000000000000000 ) ;
#1971 = CARTESIAN_POINT ( 'NONE',  ( -2.448811538943157284, 10.30000000000000071, -92.86864859262351501 ) ) ;
#1972 = CARTESIAN_POINT ( 'NONE',  ( 1.070905261782103768, 10.29999999999999893, -76.74453972926021095 ) ) ;
#1973 = ADVANCED_FACE ( 'NONE', ( #8860 ), #3375, .T. ) ;
#1974 = AXIS2_PLACEMENT_3D ( 'NONE', #855, #5071, #3618 ) ;
#1975 = CARTESIAN_POINT ( 'NONE',  ( -6.765014346645617849, 10.29999999999999893, -98.65459707966554959 ) ) ;
#1976 = CARTESIAN_POINT ( 'NONE',  ( 52.66368854577712710, 12.30000000000000071, -84.18746435361133251 ) ) ;
#1977 = EDGE_LOOP ( 'NONE', ( #1636, #3646, #8418, #281 ) ) ;
#1978 = EDGE_CURVE ( 'NONE', #988, #4580, #6857, .T. ) ;
#1979 = LINE ( 'NONE', #8867, #2478 ) ;
#1980 = ORIENTED_EDGE ( 'NONE', *, *, #889, .F. ) ;
#1981 = LINE ( 'NONE', #4691, #4149 ) ;
#1982 = VECTOR ( 'NONE', #1420, 1000.000000000000000 ) ;
#1983 = CARTESIAN_POINT ( 'NONE',  ( 7.503932075338144436, 10.30000000000000071, -84.17933977308707938 ) ) ;
#1984 = CARTESIAN_POINT ( 'NONE',  ( 51.78968710821857258, 12.30000000000000071, -77.73682393773059118 ) ) ;
#1985 = CARTESIAN_POINT ( 'NONE',  ( 5.472454195508313468, 10.29999999999999893, -78.39870175930185781 ) ) ;
#1986 = DIRECTION ( 'NONE',  ( 0.000000000000000000, 0.000000000000000000, 1.000000000000000000 ) ) ;
#1987 = LINE ( 'NONE', #719, #3476 ) ;
#1988 = CARTESIAN_POINT ( 'NONE',  ( 71.86523063261998345, 16.00000000000000000, 112.0000000000000000 ) ) ;
#1989 = ORIENTED_EDGE ( 'NONE', *, *, #5393, .T. ) ;
#1990 = DIRECTION ( 'NONE',  ( 1.000000000000000000, 0.000000000000000000, -0.000000000000000000 ) ) ;
#1991 = VERTEX_POINT ( 'NONE', #1336 ) ;
#1992 = CARTESIAN_POINT ( 'NONE',  ( -90.25821082270701368, 12.30000000000000071, -96.98998933259183275 ) ) ;
#1993 = LINE ( 'NONE', #7430, #8049 ) ;
#1994 = VECTOR ( 'NONE', #5921, 1000.000000000000000 ) ;
#1995 = CARTESIAN_POINT ( 'NONE',  ( -8.046433784686781721, 10.30000000000000071, -94.34742710363474316 ) ) ;
#1996 = LINE ( 'NONE', #4759, #1171 ) ;
#1997 = EDGE_LOOP ( 'NONE', ( #6138, #5961, #6205, #4222 ) ) ;
#1998 = VERTEX_POINT ( 'NONE', #5413 ) ;
#1999 = EDGE_CURVE ( 'NONE', #5457, #6567, #1241, .T. ) ;
#2000 = DIRECTION ( 'NONE',  ( -1.000000000000000000, 0.000000000000000000, 0.000000000000000000 ) ) ;
#2001 = CARTESIAN_POINT ( 'NONE',  ( 55.92800000000000438, 10.30000000000000071, -81.16896198777732252 ) ) ;
#2002 = ORIENTED_EDGE ( 'NONE', *, *, #4465, .F. ) ;
#2003 = ORIENTED_EDGE ( 'NONE', *, *, #236, .F. ) ;
#2004 = CARTESIAN_POINT ( 'NONE',  ( 19.92900000000000915, 12.30000000000000071, -101.0089619877773259 ) ) ;
#2005 = LINE ( 'NONE', #7533, #2414 ) ;
#2006 = DIRECTION ( 'NONE',  ( -0.000000000000000000, -1.000000000000000000, -0.000000000000000000 ) ) ;
#2007 = CARTESIAN_POINT ( 'NONE',  ( -80.44700000000003115, 10.29999999999999893, -88.81396198777730433 ) ) ;
#2008 = CARTESIAN_POINT ( 'NONE',  ( 0.4800000000000325118, 10.29999999999999893, -86.17396198777730376 ) ) ;
#2009 = VERTEX_POINT ( 'NONE', #4011 ) ;
#2010 = ORIENTED_EDGE ( 'NONE', *, *, #8151, .T. ) ;
#2011 = CARTESIAN_POINT ( 'NONE',  ( -44.08666308555050506, 10.30000000000000071, -38.34165883077631065 ) ) ;
#2012 = CARTESIAN_POINT ( 'NONE',  ( -47.29999999999949978, 12.30000000000000071, -42.60000000000049880 ) ) ;
#2013 = ORIENTED_EDGE ( 'NONE', *, *, #1395, .T. ) ;
#2014 = CIRCLE ( 'NONE', #563, 9.999999999999994671 ) ;
#2015 = DIRECTION ( 'NONE',  ( 1.475563774321956470E-15, 0.9063077870366523792, 0.4226182617406941122 ) ) ;
#2016 = DIRECTION ( 'NONE',  ( 1.000000000000000000, 0.000000000000000000, -0.000000000000000000 ) ) ;
#2017 = VECTOR ( 'NONE', #8786, 1000.000000000000114 ) ;
#2018 = CARTESIAN_POINT ( 'NONE',  ( -2.661889374871509784, 10.29999999999999893, -100.9758143847235061 ) ) ;
#2019 = DIRECTION ( 'NONE',  ( 8.326672684688666165E-15, 0.000000000000000000, 1.000000000000000000 ) ) ;
#2020 = ORIENTED_EDGE ( 'NONE', *, *, #5455, .F. ) ;
#2021 = EDGE_CURVE ( 'NONE', #5257, #5430, #4523, .T. ) ;
#2022 = LINE ( 'NONE', #4648, #37 ) ;
#2023 = EDGE_LOOP ( 'NONE', ( #5933, #4446, #8072, #3970 ) ) ;
#2024 = CARTESIAN_POINT ( 'NONE',  ( 0.5100000000000329825, 10.30000000000000071, -97.16896198777732252 ) ) ;
#2025 = LINE ( 'NONE', #4375, #1804 ) ;
#2026 = CARTESIAN_POINT ( 'NONE',  ( 48.36436935401751214, 12.30000000000000071, -81.23756168546071876 ) ) ;
#2027 = DIRECTION ( 'NONE',  ( 0.2506286776786567638, 0.000000000000000000, 0.9680832949313028513 ) ) ;
#2028 = DIRECTION ( 'NONE',  ( 0.000000000000000000, 0.000000000000000000, 1.000000000000000000 ) ) ;
#2029 = CARTESIAN_POINT ( 'NONE',  ( -6.294189168174193050, 12.29999999999999893, -99.15978083022264400 ) ) ;
#2030 = CARTESIAN_POINT ( 'NONE',  ( 47.84799999999999898, 12.30000000000000071, -84.34896198777730092 ) ) ;
#2031 = ORIENTED_EDGE ( 'NONE', *, *, #3700, .F. ) ;
#2032 = DIRECTION ( 'NONE',  ( -0.000000000000000000, -1.000000000000000000, -0.000000000000000000 ) ) ;
#2033 = LINE ( 'NONE', #4801, #2246 ) ;
#2034 = FACE_OUTER_BOUND ( 'NONE', #870, .T. ) ;
#2035 = CARTESIAN_POINT ( 'NONE',  ( 71.11272853558162410, -329.2183474857187093, -112.0000000000000000 ) ) ;
#2036 = CARTESIAN_POINT ( 'NONE',  ( -47.29999999999949978, 10.90000000000000568, -44.00000000000048317 ) ) ;
#2037 = ORIENTED_EDGE ( 'NONE', *, *, #6000, .T. ) ;
#2038 = ORIENTED_EDGE ( 'NONE', *, *, #2828, .F. ) ;
#2039 = VECTOR ( 'NONE', #557, 1000.000000000000000 ) ;
#2040 = DIRECTION ( 'NONE',  ( -0.1879478355797142008, 0.000000000000000000, -0.9821790117391537844 ) ) ;
#2041 = CARTESIAN_POINT ( 'NONE',  ( 35.54999999999998295, 12.29999999999997762, -38.65000000000001279 ) ) ;
#2042 = ORIENTED_EDGE ( 'NONE', *, *, #7119, .F. ) ;
#2043 = ADVANCED_FACE ( 'NONE', ( #2696 ), #1192, .F. ) ;
#2044 = VERTEX_POINT ( 'NONE', #5879 ) ;
#2045 = DIRECTION ( 'NONE',  ( -0.000000000000000000, -1.000000000000000000, -0.000000000000000000 ) ) ;
#2046 = CARTESIAN_POINT ( 'NONE',  ( -86.81200000000002603, 10.29999999999999893, -76.68896198777730433 ) ) ;
#2047 = CONICAL_SURFACE ( 'NONE', #4795, 8.321800737645393298, 0.6981317007977451139 ) ;
#2048 = AXIS2_PLACEMENT_3D ( 'NONE', #147, #4851, #7066 ) ;
#2049 = CARTESIAN_POINT ( 'NONE',  ( 75.44999999999998863, 0.000000000000000000, -75.44999999999998863 ) ) ;
#2050 = LINE ( 'NONE', #24, #5911 ) ;
#2051 = DIRECTION ( 'NONE',  ( -1.000000000000000000, 0.000000000000000000, 0.000000000000000000 ) ) ;
#2052 = ORIENTED_EDGE ( 'NONE', *, *, #4568, .F. ) ;
#2053 = ORIENTED_EDGE ( 'NONE', *, *, #6508, .T. ) ;
#2054 = DIRECTION ( 'NONE',  ( 0.4298607147750037605, 0.000000000000000000, -0.9028952131300302941 ) ) ;
#2055 = EDGE_CURVE ( 'NONE', #613, #269, #4104, .T. ) ;
#2056 = CARTESIAN_POINT ( 'NONE',  ( 89.86523063261998345, 16.00000000000000000, 117.0000000000000000 ) ) ;
#2057 = ORIENTED_EDGE ( 'NONE', *, *, #365, .T. ) ;
#2058 = AXIS2_PLACEMENT_3D ( 'NONE', #6836, #544, #6066 ) ;
#2059 = CARTESIAN_POINT ( 'NONE',  ( -107.0000000000000000, 20.00000000000000000, 112.0000000000000000 ) ) ;
#2060 = CIRCLE ( 'NONE', #1043, 4.700000000000065015 ) ;
#2061 = CARTESIAN_POINT ( 'NONE',  ( 0.000000000000000000, 10.30000000000000071, -101.0089619877782212 ) ) ;
#2062 = VERTEX_POINT ( 'NONE', #7974 ) ;
#2063 = CARTESIAN_POINT ( 'NONE',  ( -92.48315953250805421, 12.29999999999999893, -100.5473997096388530 ) ) ;
#2064 = VERTEX_POINT ( 'NONE', #8236 ) ;
#2065 = ADVANCED_FACE ( 'NONE', ( #3962 ), #522, .T. ) ;
#2066 = DIRECTION ( 'NONE',  ( -0.4472135954999569285, -0.7745966692414844035, 0.4472135954999570950 ) ) ;
#2067 = VERTEX_POINT ( 'NONE', #3287 ) ;
#2068 = CARTESIAN_POINT ( 'NONE',  ( -35.68000000000000682, 5.980089283341808226, -3.880000000000003446 ) ) ;
#2069 = CYLINDRICAL_SURFACE ( 'NONE', #3829, 3.299999999999997158 ) ;
#2070 = EDGE_CURVE ( 'NONE', #2062, #1077, #7197, .T. ) ;
#2071 = CARTESIAN_POINT ( 'NONE',  ( 48.36436935401751214, 10.30000000000000071, -81.23756168546071876 ) ) ;
#2072 = PLANE ( 'NONE',  #1330 ) ;
#2073 = LINE ( 'NONE', #2168, #8535 ) ;
#2074 = ADVANCED_FACE ( 'NONE', ( #1381 ), #7502, .T. ) ;
#2075 = ORIENTED_EDGE ( 'NONE', *, *, #1240, .T. ) ;
#2076 = DIRECTION ( 'NONE',  ( -1.000000000000000000, 0.000000000000000000, 0.000000000000000000 ) ) ;
#2077 = ORIENTED_EDGE ( 'NONE', *, *, #7833, .T. ) ;
#2078 = FACE_OUTER_BOUND ( 'NONE', #8739, .T. ) ;
#2079 = DIRECTION ( 'NONE',  ( -0.000000000000000000, 1.000000000000000000, -0.000000000000000000 ) ) ;
#2080 = CARTESIAN_POINT ( 'NONE',  ( 0.000000000000000000, 12.30000000000000071, -81.16896198777733673 ) ) ;
#2081 = DIRECTION ( 'NONE',  ( 0.000000000000000000, 0.000000000000000000, -1.000000000000000000 ) ) ;
#2082 = LINE ( 'NONE', #4901, #6241 ) ;
#2083 = EDGE_CURVE ( 'NONE', #3183, #1141, #212, .T. ) ;
#2084 = EDGE_CURVE ( 'NONE', #3160, #2144, #6749, .T. ) ;
#2085 = ORIENTED_EDGE ( 'NONE', *, *, #3381, .T. ) ;
#2086 = ORIENTED_EDGE ( 'NONE', *, *, #3792, .F. ) ;
#2087 = EDGE_CURVE ( 'NONE', #1318, #2798, #792, .T. ) ;
#2088 = CARTESIAN_POINT ( 'NONE',  ( -56.16849892670283850, 10.30000000000000071, -24.47143924552000271 ) ) ;
#2089 = CARTESIAN_POINT ( 'NONE',  ( 82.01882382134002114, 12.30000000000000071, -92.36896198777732536 ) ) ;
#2090 = ORIENTED_EDGE ( 'NONE', *, *, #3381, .F. ) ;
#2091 = EDGE_CURVE ( 'NONE', #6480, #5134, #4200, .T. ) ;
#2092 = ORIENTED_EDGE ( 'NONE', *, *, #8568, .F. ) ;
#2093 = CARTESIAN_POINT ( 'NONE',  ( 3.203875819492147059, 10.30000000000000071, -89.90340584793686673 ) ) ;
#2094 = CARTESIAN_POINT ( 'NONE',  ( -85.97715365627382766, 12.29999999999999893, -76.68903051396844717 ) ) ;
#2095 = LINE ( 'NONE', #1561, #5377 ) ;
#2096 = PLANE ( 'NONE',  #857 ) ;
#2097 = CARTESIAN_POINT ( 'NONE',  ( 0.8160614809882608123, 12.30000000000000071, -86.00015738400048804 ) ) ;
#2098 = ORIENTED_EDGE ( 'NONE', *, *, #7073, .F. ) ;
#2099 = VERTEX_POINT ( 'NONE', #7090 ) ;
#2100 = VECTOR ( 'NONE', #3115, 1000.000000000000000 ) ;
#2101 = LINE ( 'NONE', #3422, #3121 ) ;
#2102 = AXIS2_PLACEMENT_3D ( 'NONE', #6767, #8278, #4826 ) ;
#2103 = CARTESIAN_POINT ( 'NONE',  ( -83.19409257467633267, 10.29999999999999893, -77.11528377629815623 ) ) ;
#2104 = ORIENTED_EDGE ( 'NONE', *, *, #1648, .T. ) ;
#2105 = VECTOR ( 'NONE', #8609, 1000.000000000000114 ) ;
#2106 = CARTESIAN_POINT ( 'NONE',  ( -83.66046874600273497, 12.29999999999999893, -81.64684082610479265 ) ) ;
#2107 = VECTOR ( 'NONE', #1601, 1000.000000000000114 ) ;
#2108 = CARTESIAN_POINT ( 'NONE',  ( -79.37009210107805757, 12.29999999999999893, -98.98208256679998840 ) ) ;
#2109 = AXIS2_PLACEMENT_3D ( 'NONE', #2829, #206, #2283 ) ;
#2110 = ORIENTED_EDGE ( 'NONE', *, *, #5568, .T. ) ;
#2111 = ORIENTED_EDGE ( 'NONE', *, *, #5103, .F. ) ;
#2112 = DIRECTION ( 'NONE',  ( -1.000000000000000000, 0.000000000000000000, 0.000000000000000000 ) ) ;
#2113 = EDGE_CURVE ( 'NONE', #1754, #8711, #5613, .T. ) ;
#2114 = AXIS2_PLACEMENT_3D ( 'NONE', #1331, #8906, #3467 ) ;
#2115 = ORIENTED_EDGE ( 'NONE', *, *, #354, .T. ) ;
#2116 = AXIS2_PLACEMENT_3D ( 'NONE', #1316, #5396, #6893 ) ;
#2117 = AXIS2_PLACEMENT_3D ( 'NONE', #3341, #3387, #7512 ) ;
#2118 = AXIS2_PLACEMENT_3D ( 'NONE', #1129, #6655, #5978 ) ;
#2119 = VERTEX_POINT ( 'NONE', #4376 ) ;
#2120 = CARTESIAN_POINT ( 'NONE',  ( -47.29999999999949978, 12.30000000000000071, -47.30000000000048033 ) ) ;
#2121 = AXIS2_PLACEMENT_3D ( 'NONE', #2703, #8243, #6867 ) ;
#2122 = DIRECTION ( 'NONE',  ( 1.000000000000000000, -0.000000000000000000, 0.000000000000000000 ) ) ;
#2123 = CARTESIAN_POINT ( 'NONE',  ( -101.4500000000000313, 2.000000000000000000, -101.4500000000000171 ) ) ;
#2124 = CARTESIAN_POINT ( 'NONE',  ( 117.0000000000007390, 20.00000000000000000, 91.73046126523954058 ) ) ;
#2125 = CARTESIAN_POINT ( 'NONE',  ( -89.86523063261998345, 16.00000000000000000, -117.0000000000000000 ) ) ;
#2126 = EDGE_CURVE ( 'NONE', #6119, #4528, #763, .T. ) ;
#2127 = AXIS2_PLACEMENT_3D ( 'NONE', #5740, #6960, #4933 ) ;
#2128 = CARTESIAN_POINT ( 'NONE',  ( 47.29999999999981952, 10.90000000000000036, 47.30000000000015348 ) ) ;
#2129 = CARTESIAN_POINT ( 'NONE',  ( 36.42900000000000915, 10.30000000000000071, -77.00896198777732593 ) ) ;
#2130 = ORIENTED_EDGE ( 'NONE', *, *, #8061, .F. ) ;
#2131 = CARTESIAN_POINT ( 'NONE',  ( -111.9999999999999858, 20.00000000000000000, 107.0000000000000000 ) ) ;
#2132 = LINE ( 'NONE', #769, #8467 ) ;
#2133 = DIRECTION ( 'NONE',  ( -0.2770469256046621531, 0.000000000000000000, -0.9608563893803302447 ) ) ;
#2134 = CARTESIAN_POINT ( 'NONE',  ( 2.720000000000033058, 10.29999999999999893, -83.38896198777732138 ) ) ;
#2135 = FACE_OUTER_BOUND ( 'NONE', #4416, .T. ) ;
#2136 = ORIENTED_EDGE ( 'NONE', *, *, #2964, .T. ) ;
#2137 = VERTEX_POINT ( 'NONE', #8420 ) ;
#2138 = ORIENTED_EDGE ( 'NONE', *, *, #5896, .F. ) ;
#2139 = DIRECTION ( 'NONE',  ( 1.000000000000000000, 0.000000000000000000, 0.000000000000000000 ) ) ;
#2140 = CARTESIAN_POINT ( 'NONE',  ( 82.01882382134002114, 10.30000000000000071, -92.36896198777732536 ) ) ;
#2141 = VERTEX_POINT ( 'NONE', #4925 ) ;
#2142 = ADVANCED_FACE ( 'NONE', ( #5555 ), #8582, .F. ) ;
#2143 = EDGE_CURVE ( 'NONE', #235, #4830, #4878, .T. ) ;
#2144 = VERTEX_POINT ( 'NONE', #4245 ) ;
#2145 = DIRECTION ( 'NONE',  ( 0.000000000000000000, 1.000000000000000000, -0.000000000000000000 ) ) ;
#2146 = PLANE ( 'NONE',  #2555 ) ;
#2147 = DIRECTION ( 'NONE',  ( -2.740657271095691419E-17, -0.9063077870366512689, 0.4226182617406967212 ) ) ;
#2148 = LINE ( 'NONE', #6987, #8391 ) ;
#2149 = CARTESIAN_POINT ( 'NONE',  ( -93.45000000000001705, -0.000000000000000000, -1.387778780781446307E-14 ) ) ;
#2150 = ORIENTED_EDGE ( 'NONE', *, *, #2411, .F. ) ;
#2151 = ORIENTED_EDGE ( 'NONE', *, *, #8066, .F. ) ;
#2152 = CYLINDRICAL_SURFACE ( 'NONE', #8910, 3.299999999999997158 ) ;
#2153 = DIRECTION ( 'NONE',  ( 0.000000000000000000, 0.000000000000000000, 1.000000000000000000 ) ) ;
#2154 = ORIENTED_EDGE ( 'NONE', *, *, #2859, .F. ) ;
#2155 = FACE_OUTER_BOUND ( 'NONE', #5584, .T. ) ;
#2156 = CARTESIAN_POINT ( 'NONE',  ( -77.93064335878082716, 12.29999999999999893, -97.42329730498141771 ) ) ;
#2157 = ORIENTED_EDGE ( 'NONE', *, *, #758, .F. ) ;
#2158 = ORIENTED_EDGE ( 'NONE', *, *, #2198, .F. ) ;
#2159 = DIRECTION ( 'NONE',  ( 0.000000000000000000, 0.000000000000000000, 1.000000000000000000 ) ) ;
#2160 = CARTESIAN_POINT ( 'NONE',  ( 0.4800000000000290146, 12.30000000000000071, -86.17396198777731797 ) ) ;
#2161 = B_SPLINE_CURVE_WITH_KNOTS ( 'NONE', 3,
 ( #2189, #7724, #5680, #7634, #1368, #8448, #3595, #6943, #4997, #7768, #4183, #6208, #872, #6393, #2729, #2094, #5496 ),
 .UNSPECIFIED., .F., .F.,
 ( 4, 1, 1, 1, 1, 1, 1, 1, 1, 1, 1, 1, 1, 1, 4 ),
 ( 0.000000000000000000, 0.1472961307632329186, 0.2154187131892451590, 0.2801647480709156257, 0.3420536460949016866, 0.4020359698343847210, 0.4605123459365491057, 0.5180738708979363283, 0.5750908664204120724, 0.6312007702973687628, 0.6879313715875902124, 0.7455685112661741831, 0.8050653897586650398, 0.8666623776797269807, 1.000000000000000000 ),
 .UNSPECIFIED. ) ;
#2162 = LINE ( 'NONE', #4295, #4882 ) ;
#2163 = EDGE_CURVE ( 'NONE', #1848, #1036, #5608, .T. ) ;
#2164 = AXIS2_PLACEMENT_3D ( 'NONE', #3757, #7977, #8693 ) ;
#2165 = DIRECTION ( 'NONE',  ( -0.000000000000000000, -1.000000000000000000, -0.000000000000000000 ) ) ;
#2166 = CARTESIAN_POINT ( 'NONE',  ( 55.92800000000000438, 10.30000000000000071, -92.36896198777731115 ) ) ;
#2167 = ADVANCED_FACE ( 'NONE', ( #4968 ), #6364, .F. ) ;
#2168 = CARTESIAN_POINT ( 'NONE',  ( -38.64999999999999147, 20.00000000000000000, -6.849999999999996980 ) ) ;
#2169 = VECTOR ( 'NONE', #7239, 1000.000000000000000 ) ;
#2170 = CARTESIAN_POINT ( 'NONE',  ( 75.45000000000000284, 2.000000000000000000, 83.77180073764539259 ) ) ;
#2171 = DIRECTION ( 'NONE',  ( 0.7660444431189705750, 0.6427876096865482447, 0.000000000000000000 ) ) ;
#2172 = ORIENTED_EDGE ( 'NONE', *, *, #5615, .F. ) ;
#2173 = PLANE ( 'NONE',  #3138 ) ;
#2174 = FACE_BOUND ( 'NONE', #3370, .T. ) ;
#2175 = CARTESIAN_POINT ( 'NONE',  ( 3.012079403857673920, 12.30000000000000071, -96.93263521649105030 ) ) ;
#2176 = DIRECTION ( 'NONE',  ( 1.245203033451274888E-16, 0.000000000000000000, -1.000000000000000000 ) ) ;
#2177 = CARTESIAN_POINT ( 'NONE',  ( -111.9999999999999716, -267.2719869180656929, -203.9571274732952020 ) ) ;
#2178 = ORIENTED_EDGE ( 'NONE', *, *, #2575, .T. ) ;
#2179 = ORIENTED_EDGE ( 'NONE', *, *, #4655, .F. ) ;
#2180 = AXIS2_PLACEMENT_3D ( 'NONE', #4491, #1729, #5172 ) ;
#2181 = ORIENTED_EDGE ( 'NONE', *, *, #3290, .F. ) ;
#2182 = EDGE_CURVE ( 'NONE', #978, #2558, #6624, .T. ) ;
#2183 = DIRECTION ( 'NONE',  ( 0.000000000000000000, 0.000000000000000000, 1.000000000000000000 ) ) ;
#2184 = CARTESIAN_POINT ( 'NONE',  ( -79.37009210107805757, 12.30000000000000249, -98.98208256679998840 ) ) ;
#2185 = EDGE_LOOP ( 'NONE', ( #2775, #2840, #8098, #3172 ) ) ;
#2186 = EDGE_CURVE ( 'NONE', #8479, #2506, #8716, .T. ) ;
#2187 = ORIENTED_EDGE ( 'NONE', *, *, #5027, .F. ) ;
#2188 = CARTESIAN_POINT ( 'NONE',  ( 7.356717734028397793, 10.30000000000000071, -84.88882685095654779 ) ) ;
#2189 = CARTESIAN_POINT ( 'NONE',  ( -75.75700000000003342, 12.29999999999999893, -88.97396198777730092 ) ) ;
#2190 = CARTESIAN_POINT ( 'NONE',  ( 107.0000000000000142, 0.000000000000000000, -68.45000000000000284 ) ) ;
#2191 = CARTESIAN_POINT ( 'NONE',  ( 88.45000000000001705, 0.000000000000000000, -88.45000000000001705 ) ) ;
#2192 = CARTESIAN_POINT ( 'NONE',  ( 3.012079403857673920, 12.30000000000000071, -96.93263521649105030 ) ) ;
#2193 = ADVANCED_FACE ( 'NONE', ( #7312, #976 ), #7181, .F. ) ;
#2194 = EDGE_LOOP ( 'NONE', ( #2857, #1140, #5883, #8698 ) ) ;
#2195 = VERTEX_POINT ( 'NONE', #3869 ) ;
#2196 = ADVANCED_FACE ( 'NONE', ( #1015 ), #7916, .T. ) ;
#2197 = EDGE_CURVE ( 'NONE', #2490, #2881, #1055, .T. ) ;
#2198 = EDGE_CURVE ( 'NONE', #4029, #5210, #1095, .T. ) ;
#2199 = CARTESIAN_POINT ( 'NONE',  ( -76.45411210138614422, 10.29999999999999893, -83.79061316033217111 ) ) ;
#2200 = CARTESIAN_POINT ( 'NONE',  ( 79.78200000000008174, 10.30000000000000071, -101.0089619877773259 ) ) ;
#2201 = VERTEX_POINT ( 'NONE', #8039 ) ;
#2202 = AXIS2_PLACEMENT_3D ( 'NONE', #4278, #7081, #4915 ) ;
#2203 = CARTESIAN_POINT ( 'NONE',  ( -82.63909194307537120, 12.29999999999999893, -82.42994305747241413 ) ) ;
#2204 = DIRECTION ( 'NONE',  ( 0.000000000000000000, 0.000000000000000000, -1.000000000000000000 ) ) ;
#2205 = ORIENTED_EDGE ( 'NONE', *, *, #974, .T. ) ;
#2206 = ORIENTED_EDGE ( 'NONE', *, *, #4341, .F. ) ;
#2207 = EDGE_CURVE ( 'NONE', #27, #7069, #8634, .T. ) ;
#2208 = VECTOR ( 'NONE', #7788, 1000.000000000000227 ) ;
#2209 = DIRECTION ( 'NONE',  ( -1.000000000000000000, -0.000000000000000000, 3.491481338843133355E-15 ) ) ;
#2210 = VECTOR ( 'NONE', #4957, 1000.000000000000114 ) ;
#2211 = DIRECTION ( 'NONE',  ( -1.000000000000000000, 0.000000000000000000, 0.000000000000000000 ) ) ;
#2212 = FACE_OUTER_BOUND ( 'NONE', #2240, .T. ) ;
#2213 = CARTESIAN_POINT ( 'NONE',  ( 0.000000000000000000, 10.30000000000000071, -101.0089619877773117 ) ) ;
#2214 = DIRECTION ( 'NONE',  ( -1.000000000000000000, 0.000000000000000000, 0.000000000000000000 ) ) ;
#2215 = CARTESIAN_POINT ( 'NONE',  ( -8.109999999999971010, 10.30000000000000071, -79.70896198777730035 ) ) ;
#2216 = CARTESIAN_POINT ( 'NONE',  ( -2.081668171172168198E-14, 0.000000000000000000, 106.4499999999999886 ) ) ;
#2217 = ORIENTED_EDGE ( 'NONE', *, *, #3066, .T. ) ;
#2218 = DIRECTION ( 'NONE',  ( 3.164356725686688634E-15, -0.4226182617406941677, 0.9063077870366524902 ) ) ;
#2219 = CARTESIAN_POINT ( 'NONE',  ( 30.55000000000006821, 4.299999999999999822, 36.64999999999999858 ) ) ;
#2220 = CARTESIAN_POINT ( 'NONE',  ( -4.102756319501140503, 10.30000000000000249, -82.37800213914850644 ) ) ;
#2221 = CARTESIAN_POINT ( 'NONE',  ( 36.42900000000000915, 10.30000000000000071, -77.00896198777732593 ) ) ;
#2222 = PLANE ( 'NONE',  #4797 ) ;
#2223 = VERTEX_POINT ( 'NONE', #4463 ) ;
#2224 = EDGE_LOOP ( 'NONE', ( #2674, #6492, #4953, #2873 ) ) ;
#2225 = EDGE_CURVE ( 'NONE', #2195, #2064, #7270, .T. ) ;
#2226 = FACE_OUTER_BOUND ( 'NONE', #6391, .T. ) ;
#2227 = CARTESIAN_POINT ( 'NONE',  ( -2.759999999999963816, 10.30000000000000071, -87.84396198777731968 ) ) ;
#2228 = ORIENTED_EDGE ( 'NONE', *, *, #4360, .F. ) ;
#2229 = ADVANCED_FACE ( 'NONE', ( #6537 ), #6574, .F. ) ;
#2230 = ORIENTED_EDGE ( 'NONE', *, *, #1117, .F. ) ;
#2231 = CARTESIAN_POINT ( 'NONE',  ( 55.92800000000000438, 12.30000000000000071, -92.36896198777731115 ) ) ;
#2232 = CARTESIAN_POINT ( 'NONE',  ( -70.00000000000000000, 20.00000000000000000, 117.0000000000000000 ) ) ;
#2233 = CARTESIAN_POINT ( 'NONE',  ( 75.44999999999998863, 2.000000000000000000, -82.12819926235459889 ) ) ;
#2234 = LINE ( 'NONE', #1562, #3608 ) ;
#2235 = DIRECTION ( 'NONE',  ( -0.000000000000000000, 1.000000000000000000, -0.000000000000000000 ) ) ;
#2236 = ORIENTED_EDGE ( 'NONE', *, *, #4655, .T. ) ;
#2237 = VERTEX_POINT ( 'NONE', #1704 ) ;
#2238 = LINE ( 'NONE', #5049, #1080 ) ;
#2239 = LINE ( 'NONE', #6992, #3264 ) ;
#2240 = EDGE_LOOP ( 'NONE', ( #661, #2585, #5856, #4940 ) ) ;
#2241 = DIRECTION ( 'NONE',  ( 0.000000000000000000, -1.000000000000000000, 0.000000000000000000 ) ) ;
#2242 = EDGE_CURVE ( 'NONE', #2316, #6915, #3187, .T. ) ;
#2243 = DIRECTION ( 'NONE',  ( -0.000000000000000000, 1.000000000000000000, -0.000000000000000000 ) ) ;
#2244 = ORIENTED_EDGE ( 'NONE', *, *, #4679, .T. ) ;
#2245 = EDGE_LOOP ( 'NONE', ( #8834, #2086, #4585, #3312 ) ) ;
#2246 = VECTOR ( 'NONE', #7708, 1000.000000000000000 ) ;
#2247 = LINE ( 'NONE', #6367, #1967 ) ;
#2248 = CARTESIAN_POINT ( 'NONE',  ( 4.630181767091420042, 12.30000000000000071, -101.0089619877773117 ) ) ;
#2249 =( GEOMETRIC_REPRESENTATION_CONTEXT ( 3 ) GLOBAL_UNCERTAINTY_ASSIGNED_CONTEXT ( ( #5235 ) ) GLOBAL_UNIT_ASSIGNED_CONTEXT ( ( #7887, #8650, #7975 ) ) REPRESENTATION_CONTEXT ( 'NONE', 'WORKASPACE' ) );
#2250 = ADVANCED_FACE ( 'NONE', ( #925 ), #3688, .T. ) ;
#2251 = CARTESIAN_POINT ( 'NONE',  ( -47.29999999999949978, 10.90000000000000568, -50.60000000000047748 ) ) ;
#2252 = VECTOR ( 'NONE', #7642, 1000.000000000000000 ) ;
#2253 = DIRECTION ( 'NONE',  ( 0.000000000000000000, 0.000000000000000000, -1.000000000000000000 ) ) ;
#2254 = CARTESIAN_POINT ( 'NONE',  ( 101.4500000000000313, 2.000000000000000000, -109.7718007376454068 ) ) ;
#2255 = AXIS2_PLACEMENT_3D ( 'NONE', #8220, #7532, #6029 ) ;
#2256 = VECTOR ( 'NONE', #65, 1000.000000000000000 ) ;
#2257 = EDGE_CURVE ( 'NONE', #2736, #6070, #3101, .T. ) ;
#2258 = DIRECTION ( 'NONE',  ( 0.000000000000000000, 0.000000000000000000, -1.000000000000000000 ) ) ;
#2259 = LINE ( 'NONE', #2129, #1958 ) ;
#2260 = VECTOR ( 'NONE', #1608, 1000.000000000000114 ) ;
#2261 = ORIENTED_EDGE ( 'NONE', *, *, #3790, .T. ) ;
#2262 = LINE ( 'NONE', #7796, #2849 ) ;
#2263 = CARTESIAN_POINT ( 'NONE',  ( 47.29999999999981952, 10.90000000000000036, 44.00000000000015632 ) ) ;
#2264 = CARTESIAN_POINT ( 'NONE',  ( 32.27900000000001057, 10.30000000000000071, -101.0089619877773259 ) ) ;
#2265 = PLANE ( 'NONE',  #4018 ) ;
#2266 = CARTESIAN_POINT ( 'NONE',  ( 0.000000000000000000, 12.30000000000000071, -77.00896198777729751 ) ) ;
#2267 = AXIS2_PLACEMENT_3D ( 'NONE', #3113, #7928, #1154 ) ;
#2268 = ORIENTED_EDGE ( 'NONE', *, *, #2514, .F. ) ;
#2269 = VERTEX_POINT ( 'NONE', #8549 ) ;
#2270 = DIRECTION ( 'NONE',  ( -0.000000000000000000, 1.000000000000000000, -0.000000000000000000 ) ) ;
#2271 = CARTESIAN_POINT ( 'NONE',  ( -75.83178486006363528, 10.29999999999999716, -91.35224062525306010 ) ) ;
#2272 = VERTEX_POINT ( 'NONE', #4505 ) ;
#2273 = ORIENTED_EDGE ( 'NONE', *, *, #6499, .F. ) ;
#2274 = CARTESIAN_POINT ( 'NONE',  ( -92.61700000000003286, 10.30000000000000071, -96.15396198777729353 ) ) ;
#2275 = DIRECTION ( 'NONE',  ( 0.000000000000000000, 0.000000000000000000, 1.000000000000000000 ) ) ;
#2276 = VECTOR ( 'NONE', #2015, 1000.000000000000227 ) ;
#2277 = LINE ( 'NONE', #5044, #2210 ) ;
#2278 = CARTESIAN_POINT ( 'NONE',  ( 88.45000000000001705, 0.000000000000000000, 88.45000000000001705 ) ) ;
#2279 = FACE_OUTER_BOUND ( 'NONE', #620, .T. ) ;
#2280 = ORIENTED_EDGE ( 'NONE', *, *, #6790, .T. ) ;
#2281 = EDGE_CURVE ( 'NONE', #2601, #3218, #3778, .T. ) ;
#2282 = ORIENTED_EDGE ( 'NONE', *, *, #859, .F. ) ;
#2283 = DIRECTION ( 'NONE',  ( 0.000000000000000000, 0.000000000000000000, 1.000000000000000000 ) ) ;
#2284 = PLANE ( 'NONE',  #1092 ) ;
#2285 = VERTEX_POINT ( 'NONE', #7998 ) ;
#2286 = CARTESIAN_POINT ( 'NONE',  ( -8.044999999999969731, 10.30000000000000071, -94.67896198777731342 ) ) ;
#2287 = CARTESIAN_POINT ( 'NONE',  ( -38.64999999999999147, -312.4838379715732799, 6.850000000000004086 ) ) ;
#2288 = CARTESIAN_POINT ( 'NONE',  ( -76.85363629713386047, 12.29999999999999893, -95.47893385092059759 ) ) ;
#2289 = ORIENTED_EDGE ( 'NONE', *, *, #3744, .T. ) ;
#2290 = ORIENTED_EDGE ( 'NONE', *, *, #3671, .T. ) ;
#2291 = FACE_OUTER_BOUND ( 'NONE', #3244, .T. ) ;
#2292 = CARTESIAN_POINT ( 'NONE',  ( 0.000000000000000000, 10.30000000000000071, -81.16896198777732252 ) ) ;
#2293 = EDGE_CURVE ( 'NONE', #7207, #5706, #383, .T. ) ;
#2294 = CARTESIAN_POINT ( 'NONE',  ( -47.30000000000032401, 10.90000000000000213, 47.29999999999965610 ) ) ;
#2295 = CARTESIAN_POINT ( 'NONE',  ( 112.0000000000000142, -312.4838379715732799, 107.0000000000000000 ) ) ;
#2296 = DIRECTION ( 'NONE',  ( 0.000000000000000000, 0.000000000000000000, 1.000000000000000000 ) ) ;
#2297 = EDGE_CURVE ( 'NONE', #6862, #1688, #3151, .T. ) ;
#2298 = EDGE_CURVE ( 'NONE', #4994, #1842, #1783, .T. ) ;
#2299 = EDGE_CURVE ( 'NONE', #8930, #5610, #1277, .T. ) ;
#2300 = CARTESIAN_POINT ( 'NONE',  ( 47.29999999999981952, 10.90000000000000036, 47.30000000000015348 ) ) ;
#2301 = VECTOR ( 'NONE', #6518, 1000.000000000000114 ) ;
#2302 = VERTEX_POINT ( 'NONE', #2317 ) ;
#2303 = DIRECTION ( 'NONE',  ( -0.000000000000000000, -1.000000000000000000, -0.000000000000000000 ) ) ;
#2304 = CARTESIAN_POINT ( 'NONE',  ( 64.45300000000001717, 10.30000000000000071, -101.0089619877773117 ) ) ;
#2305 = CARTESIAN_POINT ( 'NONE',  ( 117.0000000000001705, 16.00000000000000000, -71.86523063262040978 ) ) ;
#2306 = FACE_OUTER_BOUND ( 'NONE', #3590, .T. ) ;
#2307 = DIRECTION ( 'NONE',  ( 0.000000000000000000, 1.000000000000000000, 0.000000000000000000 ) ) ;
#2308 = LINE ( 'NONE', #3716, #2301 ) ;
#2309 = VECTOR ( 'NONE', #7798, 1000.000000000000114 ) ;
#2310 = ORIENTED_EDGE ( 'NONE', *, *, #6782, .F. ) ;
#2311 = ORIENTED_EDGE ( 'NONE', *, *, #8753, .T. ) ;
#2312 = CIRCLE ( 'NONE', #5346, 6.678199262354605814 ) ;
#2313 = DIRECTION ( 'NONE',  ( 0.9063077870366512689, -0.4226182617406967768, 0.000000000000000000 ) ) ;
#2314 = LINE ( 'NONE', #5207, #1223 ) ;
#2315 = ORIENTED_EDGE ( 'NONE', *, *, #215, .F. ) ;
#2316 = VERTEX_POINT ( 'NONE', #8488 ) ;
#2317 = CARTESIAN_POINT ( 'NONE',  ( -3.219999999999967777, 10.30000000000000249, -94.59396198777730547 ) ) ;
#2318 =( NAMED_UNIT ( * ) PLANE_ANGLE_UNIT ( ) SI_UNIT ( $, .RADIAN. ) );
#2319 = B_SPLINE_CURVE_WITH_KNOTS ( 'NONE', 3,
 ( #1289, #1384, #4059, #6180, #6815, #7597, #8960, #3377, #6959 ),
 .UNSPECIFIED., .F., .F.,
 ( 4, 1, 1, 1, 1, 1, 4 ),
 ( 0.000000000000000000, 0.2411916912607245944, 0.3617660202116520507, 0.4859744349272956399, 0.6124258641462529962, 0.7392763686143597468, 1.000000000000000000 ),
 .UNSPECIFIED. ) ;
#2320 = CARTESIAN_POINT ( 'NONE',  ( 2.720000000000033058, 10.29999999999999893, -83.38896198777732138 ) ) ;
#2321 = CARTESIAN_POINT ( 'NONE',  ( -5.039999999999968061, 10.30000000000000071, -83.23896198777730149 ) ) ;
#2322 = VECTOR ( 'NONE', #3630, 1000.000000000000000 ) ;
#2323 = CARTESIAN_POINT ( 'NONE',  ( 55.78234326538286325, 10.30000000000000071, -92.36693746158452711 ) ) ;
#2324 = DIRECTION ( 'NONE',  ( 1.000000000000000000, -0.000000000000000000, 0.000000000000000000 ) ) ;
#2325 = VERTEX_POINT ( 'NONE', #4533 ) ;
#2326 = EDGE_LOOP ( 'NONE', ( #7446, #7014, #6657, #6910 ) ) ;
#2327 = CARTESIAN_POINT ( 'NONE',  ( 94.27700000000005787, 10.30000000000000071, -101.0089619877773686 ) ) ;
#2328 = CARTESIAN_POINT ( 'NONE',  ( 3.012079403857673920, 10.30000000000000071, -96.93263521649105030 ) ) ;
#2329 = VERTEX_POINT ( 'NONE', #3726 ) ;
#2330 = PLANE ( 'NONE',  #4884 ) ;
#2331 = CARTESIAN_POINT ( 'NONE',  ( -87.21267610207108589, 12.30000000000000071, -97.16166366763852125 ) ) ;
#2332 = CARTESIAN_POINT ( 'NONE',  ( 0.000000000000000000, 12.30000000000000071, -77.00896198777732593 ) ) ;
#2333 = VERTEX_POINT ( 'NONE', #2447 ) ;
#2334 = ORIENTED_EDGE ( 'NONE', *, *, #3084, .F. ) ;
#2335 = EDGE_CURVE ( 'NONE', #5833, #8485, #1718, .T. ) ;
#2336 = AXIS2_PLACEMENT_3D ( 'NONE', #3508, #6263, #72 ) ;
#2337 = CARTESIAN_POINT ( 'NONE',  ( 0.000000000000000000, 10.30000000000000071, -92.68896198777731854 ) ) ;
#2338 = CARTESIAN_POINT ( 'NONE',  ( -111.9999999999999716, -312.4838379715732799, -107.0000000000000284 ) ) ;
#2339 = CARTESIAN_POINT ( 'NONE',  ( 2.722059814195459726, 10.29999999999999893, -83.65359444396744948 ) ) ;
#2340 = CIRCLE ( 'NONE', #6967, 4.699999999999981526 ) ;
#2341 = CARTESIAN_POINT ( 'NONE',  ( -91.73046126523995270, 20.00000000000000000, 117.0000000000000000 ) ) ;
#2342 = LINE ( 'NONE', #5112, #3886 ) ;
#2343 = ADVANCED_FACE ( 'NONE', ( #4359 ), #6951, .F. ) ;
#2344 = CARTESIAN_POINT ( 'NONE',  ( -111.9999999999999858, 20.00000000000000000, -91.73046126523958321 ) ) ;
#2345 = ORIENTED_EDGE ( 'NONE', *, *, #1956, .F. ) ;
#2346 = CARTESIAN_POINT ( 'NONE',  ( -116.9999999999996874, 20.00000000000000000, 91.73046126524035060 ) ) ;
#2347 = EDGE_CURVE ( 'NONE', #3425, #1991, #8615, .T. ) ;
#2348 = VECTOR ( 'NONE', #7523, 1000.000000000000000 ) ;
#2349 = CARTESIAN_POINT ( 'NONE',  ( 47.85386517526825401, 12.30000000000000249, -84.94869808164419567 ) ) ;
#2350 = EDGE_CURVE ( 'NONE', #7979, #3358, #3052, .T. ) ;
#2351 = CARTESIAN_POINT ( 'NONE',  ( -117.0000000000003268, 20.00000000000000000, -91.73046126523956900 ) ) ;
#2352 = DIRECTION ( 'NONE',  ( -0.9268952929330569468, 0.000000000000000000, 0.3753200180359992921 ) ) ;
#2353 = CARTESIAN_POINT ( 'NONE',  ( -71.11272853558263307, -329.2183474857183114, 112.0000000000000000 ) ) ;
#2354 = VECTOR ( 'NONE', #6271, 1000.000000000000000 ) ;
#2355 = CARTESIAN_POINT ( 'NONE',  ( 53.98278437694381182, 10.29999999999999893, -87.70411300367912588 ) ) ;
#2356 = ORIENTED_EDGE ( 'NONE', *, *, #1648, .F. ) ;
#2357 = ORIENTED_EDGE ( 'NONE', *, *, #1540, .F. ) ;
#2358 = EDGE_LOOP ( 'NONE', ( #6362, #6125, #1721, #2654, #6266, #3022, #4717, #4711, #5368, #8174, #8461, #5337 ) ) ;
#2359 = DIRECTION ( 'NONE',  ( 0.000000000000000000, 0.000000000000000000, -1.000000000000000000 ) ) ;
#2360 = ORIENTED_EDGE ( 'NONE', *, *, #5276, .T. ) ;
#2361 = VERTEX_POINT ( 'NONE', #7299 ) ;
#2362 = CARTESIAN_POINT ( 'NONE',  ( -75.44999999999996021, 0.000000000000000000, 75.44999999999998863 ) ) ;
#2363 = CARTESIAN_POINT ( 'NONE',  ( 0.000000000000000000, 0.000000000000000000, 0.000000000000000000 ) ) ;
#2364 = EDGE_CURVE ( 'NONE', #5297, #5002, #5845, .T. ) ;
#2365 = EDGE_CURVE ( 'NONE', #2099, #2769, #3334, .T. ) ;
#2366 = DIRECTION ( 'NONE',  ( -0.4472135954999567065, 0.7745966692414846255, 0.4472135954999570395 ) ) ;
#2367 = CARTESIAN_POINT ( 'NONE',  ( -81.83653863959993657, 10.30000000000000071, -94.52544826047609661 ) ) ;
#2368 = DIRECTION ( 'NONE',  ( 0.2194626953719052698, 0.000000000000000000, 0.9756208922220240831 ) ) ;
#2369 = ORIENTED_EDGE ( 'NONE', *, *, #5027, .T. ) ;
#2370 = ORIENTED_EDGE ( 'NONE', *, *, #2550, .T. ) ;
#2371 = EDGE_CURVE ( 'NONE', #4761, #8308, #1645, .T. ) ;
#2372 = CARTESIAN_POINT ( 'NONE',  ( 35.19427580803570521, 10.30000000000000071, -68.28110995091935820 ) ) ;
#2373 = DIRECTION ( 'NONE',  ( 0.1731268707254287609, 0.000000000000000000, 0.9848995312379941192 ) ) ;
#2374 = ORIENTED_EDGE ( 'NONE', *, *, #6756, .F. ) ;
#2375 = LINE ( 'NONE', #1657, #4157 ) ;
#2376 = CARTESIAN_POINT ( 'NONE',  ( -87.21267610207108589, 10.29999999999999893, -97.16166366763852125 ) ) ;
#2377 = CARTESIAN_POINT ( 'NONE',  ( 59.99800000000000466, 10.30000000000000071, 0.000000000000000000 ) ) ;
#2378 = ORIENTED_EDGE ( 'NONE', *, *, #7827, .F. ) ;
#2379 = ORIENTED_EDGE ( 'NONE', *, *, #8753, .F. ) ;
#2380 = LINE ( 'NONE', #6668, #7029 ) ;
#2381 = CARTESIAN_POINT ( 'NONE',  ( -90.06554416985633793, 12.29999999999999893, -77.09853245372090669 ) ) ;
#2382 = CARTESIAN_POINT ( 'NONE',  ( -8.109999999999971010, 12.30000000000000071, -79.70896198777730035 ) ) ;
#2383 = FACE_OUTER_BOUND ( 'NONE', #657, .T. ) ;
#2384 = CARTESIAN_POINT ( 'NONE',  ( 2.720000000000033058, 12.29999999999999893, -83.38896198777732138 ) ) ;
#2385 = ADVANCED_FACE ( 'NONE', ( #2404 ), #300, .F. ) ;
#2386 = CARTESIAN_POINT ( 'NONE',  ( -92.88047223632257499, 10.29999999999999893, -78.52511585883341638 ) ) ;
#2387 = AXIS2_PLACEMENT_3D ( 'NONE', #5507, #5201, #616 ) ;
#2388 = ORIENTED_EDGE ( 'NONE', *, *, #1999, .F. ) ;
#2389 = LINE ( 'NONE', #1798, #6012 ) ;
#2390 = VECTOR ( 'NONE', #3346, 1000.000000000000000 ) ;
#2391 = PLANE ( 'NONE',  #5720 ) ;
#2392 = LINE ( 'NONE', #2351, #804 ) ;
#2393 = VECTOR ( 'NONE', #245, 1000.000000000000000 ) ;
#2394 = LINE ( 'NONE', #317, #6328 ) ;
#2395 = VECTOR ( 'NONE', #7245, 1000.000000000000000 ) ;
#2396 = DIRECTION ( 'NONE',  ( -1.000000000000000000, 0.000000000000000000, 0.000000000000000000 ) ) ;
#2397 = ORIENTED_EDGE ( 'NONE', *, *, #8225, .T. ) ;
#2398 = AXIS2_PLACEMENT_3D ( 'NONE', #7265, #1823, #3816 ) ;
#2399 = VERTEX_POINT ( 'NONE', #326 ) ;
#2400 = CIRCLE ( 'NONE', #2117, 8.321800737645393298 ) ;
#2401 = CARTESIAN_POINT ( 'NONE',  ( 7.580000000000032045, 10.30000000000000071, -95.54896198777730376 ) ) ;
#2402 = ORIENTED_EDGE ( 'NONE', *, *, #205, .T. ) ;
#2403 = ORIENTED_EDGE ( 'NONE', *, *, #3300, .F. ) ;
#2404 = FACE_OUTER_BOUND ( 'NONE', #8175, .T. ) ;
#2405 = LINE ( 'NONE', #2320, #5587 ) ;
#2406 = CONICAL_SURFACE ( 'NONE', #7472, 4.699999999999898925, 0.7853981633974460586 ) ;
#2407 = PLANE ( 'NONE',  #5642 ) ;
#2408 = DIRECTION ( 'NONE',  ( 0.2194626953719052698, 0.000000000000000000, 0.9756208922220240831 ) ) ;
#2409 = ORIENTED_EDGE ( 'NONE', *, *, #5732, .F. ) ;
#2410 = EDGE_LOOP ( 'NONE', ( #3922, #7021, #3130, #6227 ) ) ;
#2411 = EDGE_CURVE ( 'NONE', #7971, #8138, #4344, .T. ) ;
#2412 = EDGE_CURVE ( 'NONE', #8017, #1186, #364, .T. ) ;
#2413 = CARTESIAN_POINT ( 'NONE',  ( 0.000000000000000000, 10.30000000000000071, -81.16896198777733673 ) ) ;
#2414 = VECTOR ( 'NONE', #647, 1000.000000000000000 ) ;
#2415 = CARTESIAN_POINT ( 'NONE',  ( -28.11899999999997846, 10.30000000000000071, -88.16396198777729865 ) ) ;
#2416 = ORIENTED_EDGE ( 'NONE', *, *, #8888, .T. ) ;
#2417 = CARTESIAN_POINT ( 'NONE',  ( 71.86523063261998345, 16.00000000000000000, 117.0000000000000000 ) ) ;
#2418 = CARTESIAN_POINT ( 'NONE',  ( -85.30306847526810543, 12.30000000000000071, -96.88828958458121576 ) ) ;
#2419 = CARTESIAN_POINT ( 'NONE',  ( 44.64256873194884889, 10.30000000000000071, -7.847326534912886231 ) ) ;
#2420 = ORIENTED_EDGE ( 'NONE', *, *, #2895, .F. ) ;
#2421 = ORIENTED_EDGE ( 'NONE', *, *, #7816, .T. ) ;
#2422 = LINE ( 'NONE', #3070, #7611 ) ;
#2423 = CARTESIAN_POINT ( 'NONE',  ( 0.6682006370310883403, 12.29999999999999893, -80.91400267722033846 ) ) ;
#2424 = LINE ( 'NONE', #5192, #4579 ) ;
#2425 = AXIS2_PLACEMENT_3D ( 'NONE', #6552, #8523, #3715 ) ;
#2426 = CARTESIAN_POINT ( 'NONE',  ( -7.733968567411064754, 12.30000000000000071, -96.86271291853910270 ) ) ;
#2427 = LINE ( 'NONE', #3831, #3894 ) ;
#2428 = EDGE_CURVE ( 'NONE', #3724, #4014, #7939, .T. ) ;
#2429 = CARTESIAN_POINT ( 'NONE',  ( -0.4149999999999675060, 10.29999999999999893, -80.84896198777731513 ) ) ;
#2430 = VERTEX_POINT ( 'NONE', #912 ) ;
#2431 = LINE ( 'NONE', #7243, #3429 ) ;
#2432 = DIRECTION ( 'NONE',  ( 0.000000000000000000, 1.000000000000000000, 0.000000000000000000 ) ) ;
#2433 = EDGE_CURVE ( 'NONE', #3050, #3218, #1689, .T. ) ;
#2434 = DIRECTION ( 'NONE',  ( 1.000000000000000000, 0.000000000000000000, 0.000000000000000000 ) ) ;
#2435 = CARTESIAN_POINT ( 'NONE',  ( 91.73046126523996691, 20.00000000000000000, 117.0000000000000000 ) ) ;
#2436 = CARTESIAN_POINT ( 'NONE',  ( 107.0000000000000142, 0.000000000000000000, 107.0000000000000000 ) ) ;
#2437 = CARTESIAN_POINT ( 'NONE',  ( 82.12819926235459889, 2.000000000000000000, -75.44999999999998863 ) ) ;
#2438 = EDGE_LOOP ( 'NONE', ( #1874, #573, #4345, #5988 ) ) ;
#2439 = B_SPLINE_CURVE_WITH_KNOTS ( 'NONE', 3,
 ( #201, #8411, #2921, #915, #3676, #2192, #5000, #248, #7813 ),
 .UNSPECIFIED., .F., .F.,
 ( 4, 1, 1, 1, 1, 1, 4 ),
 ( 0.000000000000000000, 0.2704152370959317930, 0.4022059016508223728, 0.5315022432348889270, 0.6574208302839994467, 0.7767221372520923817, 1.000000000000000000 ),
 .UNSPECIFIED. ) ;
#2440 = ORIENTED_EDGE ( 'NONE', *, *, #8177, .F. ) ;
#2441 = EDGE_CURVE ( 'NONE', #3725, #1091, #4630, .T. ) ;
#2442 = EDGE_LOOP ( 'NONE', ( #8487, #869, #455, #1584 ) ) ;
#2443 = VECTOR ( 'NONE', #1370, 1000.000000000000000 ) ;
#2444 = FACE_OUTER_BOUND ( 'NONE', #7917, .T. ) ;
#2445 = VERTEX_POINT ( 'NONE', #3005 ) ;
#2446 = ORIENTED_EDGE ( 'NONE', *, *, #2113, .F. ) ;
#2447 = CARTESIAN_POINT ( 'NONE',  ( -47.30000000000032401, 12.30000000000000071, 42.59999999999967457 ) ) ;
#2448 = CARTESIAN_POINT ( 'NONE',  ( -5.039999999999960956, 10.30000000000000071, -83.23896198777730149 ) ) ;
#2449 = CIRCLE ( 'NONE', #2589, 5.000000000000004441 ) ;
#2450 = LINE ( 'NONE', #6792, #2487 ) ;
#2451 = DIRECTION ( 'NONE',  ( -1.119176436114072389E-15, 0.000000000000000000, -1.000000000000000000 ) ) ;
#2452 = ORIENTED_EDGE ( 'NONE', *, *, #570, .F. ) ;
#2453 = ORIENTED_EDGE ( 'NONE', *, *, #5176, .T. ) ;
#2454 = EDGE_CURVE ( 'NONE', #2528, #7639, #2755, .T. ) ;
#2455 = EDGE_CURVE ( 'NONE', #8526, #1774, #6801, .T. ) ;
#2456 = DIRECTION ( 'NONE',  ( -1.000000000000000000, 0.000000000000000000, 0.000000000000000000 ) ) ;
#2457 = FACE_OUTER_BOUND ( 'NONE', #8645, .T. ) ;
#2458 = ORIENTED_EDGE ( 'NONE', *, *, #8725, .T. ) ;
#2459 = LINE ( 'NONE', #3185, #6901 ) ;
#2460 = ADVANCED_FACE ( 'NONE', ( #3258 ), #1165, .T. ) ;
#2461 = DIRECTION ( 'NONE',  ( 0.000000000000000000, -1.000000000000000000, 0.000000000000000000 ) ) ;
#2462 = DIRECTION ( 'NONE',  ( 0.000000000000000000, 0.000000000000000000, 1.000000000000000000 ) ) ;
#2463 = EDGE_CURVE ( 'NONE', #1930, #1163, #448, .T. ) ;
#2464 = ORIENTED_EDGE ( 'NONE', *, *, #1098, .F. ) ;
#2465 = ORIENTED_EDGE ( 'NONE', *, *, #856, .T. ) ;
#2466 = DIRECTION ( 'NONE',  ( -0.000000000000000000, 0.000000000000000000, -1.000000000000000000 ) ) ;
#2467 = CARTESIAN_POINT ( 'NONE',  ( -3.219999999999967777, 12.30000000000000249, -94.59396198777730547 ) ) ;
#2468 = CARTESIAN_POINT ( 'NONE',  ( 55.92800000000000438, 12.30000000000000071, -77.00896198777732593 ) ) ;
#2469 = EDGE_CURVE ( 'NONE', #7647, #3636, #8701, .T. ) ;
#2470 = DIRECTION ( 'NONE',  ( -0.4226182617406967212, 0.9063077870366511579, 0.000000000000000000 ) ) ;
#2471 = DIRECTION ( 'NONE',  ( -1.000000000000000000, 0.000000000000000000, 0.000000000000000000 ) ) ;
#2472 = VECTOR ( 'NONE', #7830, 1000.000000000000000 ) ;
#2473 = VECTOR ( 'NONE', #629, 1000.000000000000000 ) ;
#2474 = ORIENTED_EDGE ( 'NONE', *, *, #2225, .T. ) ;
#2475 = LINE ( 'NONE', #3748, #8547 ) ;
#2476 = ORIENTED_EDGE ( 'NONE', *, *, #4063, .T. ) ;
#2477 = CARTESIAN_POINT ( 'NONE',  ( -30.49899999999997036, 12.30000000000000071, -93.30835063406551910 ) ) ;
#2478 = VECTOR ( 'NONE', #5470, 1000.000000000000114 ) ;
#2479 = VECTOR ( 'NONE', #6614, 1000.000000000000000 ) ;
#2480 = CARTESIAN_POINT ( 'NONE',  ( -0.3999999999999681033, 10.29999999999999893, -76.68896198777730433 ) ) ;
#2481 = LINE ( 'NONE', #3754, #8337 ) ;
#2482 = CARTESIAN_POINT ( 'NONE',  ( 2.955117032440579994, 10.29999999999999893, -77.10662320083640964 ) ) ;
#2483 = CARTESIAN_POINT ( 'NONE',  ( 52.66303433343966134, 10.29999999999999893, -85.18588077611885012 ) ) ;
#2484 = VERTEX_POINT ( 'NONE', #2668 ) ;
#2485 = AXIS2_PLACEMENT_3D ( 'NONE', #4605, #578, #8872 ) ;
#2486 = VERTEX_POINT ( 'NONE', #590 ) ;
#2487 = VECTOR ( 'NONE', #1168, 1000.000000000000114 ) ;
#2488 = DIRECTION ( 'NONE',  ( -0.000000000000000000, 1.000000000000000000, -0.000000000000000000 ) ) ;
#2489 = EDGE_LOOP ( 'NONE', ( #7582, #1048, #8832, #881 ) ) ;
#2490 = VERTEX_POINT ( 'NONE', #8159 ) ;
#2491 = DIRECTION ( 'NONE',  ( 0.8660254037844394848, -0.4999999999999986677, 0.000000000000000000 ) ) ;
#2492 = CIRCLE ( 'NONE', #8859, 8.321800737645393298 ) ;
#2493 = CARTESIAN_POINT ( 'NONE',  ( 117.0000000000001705, 16.00000000000000000, -71.86523063262040978 ) ) ;
#2494 = DIRECTION ( 'NONE',  ( -0.000000000000000000, 1.000000000000000000, -0.000000000000000000 ) ) ;
#2495 = CARTESIAN_POINT ( 'NONE',  ( 8.190000000000033253, 12.30000000000000071, -100.0389619877773129 ) ) ;
#2496 = EDGE_CURVE ( 'NONE', #7558, #832, #5352, .T. ) ;
#2497 = EDGE_LOOP ( 'NONE', ( #8087, #526, #3051, #5652 ) ) ;
#2498 = ORIENTED_EDGE ( 'NONE', *, *, #8612, .T. ) ;
#2499 = DIRECTION ( 'NONE',  ( 0.000000000000000000, 0.7660444431189731285, 0.6427876096865451361 ) ) ;
#2500 = CARTESIAN_POINT ( 'NONE',  ( 32.27900000000001057, 12.30000000000000071, 0.000000000000000000 ) ) ;
#2501 = VERTEX_POINT ( 'NONE', #1942 ) ;
#2502 = CARTESIAN_POINT ( 'NONE',  ( 59.99800000000000466, 10.30000000000000071, 0.000000000000000000 ) ) ;
#2503 = PLANE ( 'NONE',  #3281 ) ;
#2504 = CARTESIAN_POINT ( 'NONE',  ( -101.4500000000000455, 0.000000000000000000, 101.4499999999999744 ) ) ;
#2505 = CARTESIAN_POINT ( 'NONE',  ( -38.64999999999999858, 20.00000000000000000, -38.64999999999999858 ) ) ;
#2506 = VERTEX_POINT ( 'NONE', #3891 ) ;
#2507 = CARTESIAN_POINT ( 'NONE',  ( -91.88706167433458916, 10.29999999999999893, -77.84957317619922890 ) ) ;
#2508 = ADVANCED_FACE ( 'NONE', ( #8115 ), #7241, .T. ) ;
#2509 = CARTESIAN_POINT ( 'NONE',  ( -2.945789902099384516, 12.30000000000000249, -93.49958085944855668 ) ) ;
#2510 = CARTESIAN_POINT ( 'NONE',  ( 51.12361572931513365, 12.30000000000000071, -78.07069363223423863 ) ) ;
#2511 = CARTESIAN_POINT ( 'NONE',  ( -67.59863898960414019, 12.30000000000000071, -6.849999999999991651 ) ) ;
#2512 = CARTESIAN_POINT ( 'NONE',  ( 53.98184424820331628, 12.30000000000000071, -81.66206029528625265 ) ) ;
#2513 = VERTEX_POINT ( 'NONE', #1895 ) ;
#2514 = EDGE_CURVE ( 'NONE', #4367, #7525, #429, .T. ) ;
#2515 = FACE_OUTER_BOUND ( 'NONE', #1951, .T. ) ;
#2516 = VERTEX_POINT ( 'NONE', #4661 ) ;
#2517 = CARTESIAN_POINT ( 'NONE',  ( 47.29999999999999005, 5.699999999999989519, -43.99999999999999289 ) ) ;
#2518 = CARTESIAN_POINT ( 'NONE',  ( -1.122099412789232753, 10.30000000000000249, -76.69030267170430193 ) ) ;
#2519 = DIRECTION ( 'NONE',  ( -1.000000000000000000, 0.000000000000000000, 0.000000000000000000 ) ) ;
#2520 = CARTESIAN_POINT ( 'NONE',  ( -0.3999999999999681033, 12.30000000000000071, -76.68896198777730433 ) ) ;
#2521 = LINE ( 'NONE', #5291, #566 ) ;
#2522 = EDGE_CURVE ( 'NONE', #3509, #884, #1920, .T. ) ;
#2523 = CONICAL_SURFACE ( 'NONE', #4274, 8.321800737645393298, 0.6981317007977451139 ) ;
#2524 = VECTOR ( 'NONE', #7288, 1000.000000000000000 ) ;
#2525 = ORIENTED_EDGE ( 'NONE', *, *, #6442, .T. ) ;
#2526 = CARTESIAN_POINT ( 'NONE',  ( 50.50507531620850443, 12.30000000000000071, -90.76528025827946067 ) ) ;
#2527 = VECTOR ( 'NONE', #3531, 1000.000000000000000 ) ;
#2528 = VERTEX_POINT ( 'NONE', #3937 ) ;
#2529 = ORIENTED_EDGE ( 'NONE', *, *, #3238, .T. ) ;
#2530 = VECTOR ( 'NONE', #8393, 1000.000000000000000 ) ;
#2531 = CARTESIAN_POINT ( 'NONE',  ( -91.84520515294360621, 12.30000000000000071, -96.48705452575248387 ) ) ;
#2532 = VECTOR ( 'NONE', #301, 1000.000000000000000 ) ;
#2533 = DIRECTION ( 'NONE',  ( 1.000000000000000000, 0.000000000000000000, 0.000000000000000000 ) ) ;
#2534 = CARTESIAN_POINT ( 'NONE',  ( -3.167724713665917680, 12.30000000000000249, -88.05523631072669843 ) ) ;
#2535 = FACE_OUTER_BOUND ( 'NONE', #5606, .T. ) ;
#2536 = ORIENTED_EDGE ( 'NONE', *, *, #5469, .T. ) ;
#2537 = VECTOR ( 'NONE', #8455, 1000.000000000000000 ) ;
#2538 = VERTEX_POINT ( 'NONE', #8073 ) ;
#2539 = VECTOR ( 'NONE', #4763, 1000.000000000000114 ) ;
#2540 = VECTOR ( 'NONE', #4848, 1000.000000000000000 ) ;
#2541 = VECTOR ( 'NONE', #6490, 1000.000000000000000 ) ;
#2542 = FACE_OUTER_BOUND ( 'NONE', #4272, .T. ) ;
#2543 = DIRECTION ( 'NONE',  ( -0.000000000000000000, 1.000000000000000000, -0.000000000000000000 ) ) ;
#2544 = ORIENTED_EDGE ( 'NONE', *, *, #7507, .T. ) ;
#2545 = VECTOR ( 'NONE', #6636, 1000.000000000000000 ) ;
#2546 = PLANE ( 'NONE',  #6307 ) ;
#2547 = DIRECTION ( 'NONE',  ( 0.000000000000000000, 1.000000000000000000, 0.000000000000000000 ) ) ;
#2548 = LINE ( 'NONE', #5452, #1335 ) ;
#2549 = CARTESIAN_POINT ( 'NONE',  ( -8.109999999999967457, 10.30000000000000249, -79.70896198777731456 ) ) ;
#2550 = EDGE_CURVE ( 'NONE', #824, #541, #1123, .T. ) ;
#2551 = DIRECTION ( 'NONE',  ( 1.000000000000000000, -0.000000000000000000, 0.000000000000000000 ) ) ;
#2552 = ORIENTED_EDGE ( 'NONE', *, *, #5615, .T. ) ;
#2553 = VERTEX_POINT ( 'NONE', #1853 ) ;
#2554 = VECTOR ( 'NONE', #5780, 1000.000000000000000 ) ;
#2555 = AXIS2_PLACEMENT_3D ( 'NONE', #2821, #5593, #4275 ) ;
#2556 = CARTESIAN_POINT ( 'NONE',  ( -93.39200000000002433, 10.29999999999999893, -100.2039619877773049 ) ) ;
#2557 = PLANE ( 'NONE',  #4286 ) ;
#2558 = VERTEX_POINT ( 'NONE', #3307 ) ;
#2559 = LINE ( 'NONE', #5462, #4444 ) ;
#2560 = LINE ( 'NONE', #3917, #8331 ) ;
#2561 = CARTESIAN_POINT ( 'NONE',  ( 53.49610506798467213, 12.30000000000000071, -82.06932430375756837 ) ) ;
#2562 = ORIENTED_EDGE ( 'NONE', *, *, #7562, .F. ) ;
#2563 = EDGE_CURVE ( 'NONE', #6243, #2064, #8024, .T. ) ;
#2564 = LINE ( 'NONE', #8917, #4205 ) ;
#2565 = ORIENTED_EDGE ( 'NONE', *, *, #1239, .F. ) ;
#2566 = FACE_OUTER_BOUND ( 'NONE', #2185, .T. ) ;
#2567 = CARTESIAN_POINT ( 'NONE',  ( 51.31757991338199076, 12.30000000000000249, -91.30046065687052703 ) ) ;
#2568 = EDGE_CURVE ( 'NONE', #2635, #1151, #1812, .T. ) ;
#2569 = EDGE_CURVE ( 'NONE', #5628, #4407, #6063, .T. ) ;
#2570 = DIRECTION ( 'NONE',  ( 1.000000000000000000, 0.000000000000000000, -2.036359179429854203E-16 ) ) ;
#2571 = CARTESIAN_POINT ( 'NONE',  ( 47.29999999999981952, 12.30000000000000071, 47.30000000000015348 ) ) ;
#2572 = CYLINDRICAL_SURFACE ( 'NONE', #4337, 4.999999999999976907 ) ;
#2573 = ADVANCED_FACE ( 'NONE', ( #492 ), #6017, .F. ) ;
#2574 = EDGE_CURVE ( 'NONE', #269, #4879, #3174, .T. ) ;
#2575 = EDGE_CURVE ( 'NONE', #5457, #7218, #408, .T. ) ;
#2576 = LINE ( 'NONE', #6876, #7546 ) ;
#2577 = CARTESIAN_POINT ( 'NONE',  ( 47.90309419322787221, 10.30000000000000071, -85.82982652085034658 ) ) ;
#2578 = ORIENTED_EDGE ( 'NONE', *, *, #1781, .T. ) ;
#2579 = ORIENTED_EDGE ( 'NONE', *, *, #76, .T. ) ;
#2580 = CARTESIAN_POINT ( 'NONE',  ( -87.78700000000003456, 12.30000000000000071, -97.16896198777730831 ) ) ;
#2581 = LINE ( 'NONE', #3353, #5011 ) ;
#2582 = CARTESIAN_POINT ( 'NONE',  ( -7.704390919590080600, 12.30000000000000249, -92.72937885561047722 ) ) ;
#2583 = LINE ( 'NONE', #4126, #7850 ) ;
#2584 = VERTEX_POINT ( 'NONE', #6245 ) ;
#2585 = ORIENTED_EDGE ( 'NONE', *, *, #3237, .F. ) ;
#2586 = DIRECTION ( 'NONE',  ( 0.000000000000000000, 0.000000000000000000, -1.000000000000000000 ) ) ;
#2587 = DIRECTION ( 'NONE',  ( -1.239088197126290817E-16, 0.000000000000000000, -1.000000000000000000 ) ) ;
#2588 = ORIENTED_EDGE ( 'NONE', *, *, #7684, .F. ) ;
#2589 = AXIS2_PLACEMENT_3D ( 'NONE', #3299, #1935, #6053 ) ;
#2590 = DIRECTION ( 'NONE',  ( 1.000000000000000000, 0.000000000000000000, 0.000000000000000000 ) ) ;
#2591 = CARTESIAN_POINT ( 'NONE',  ( 48.65856390894515471, 10.30000000000000249, -88.43938065510481294 ) ) ;
#2592 = AXIS2_PLACEMENT_3D ( 'NONE', #3615, #4212, #6966 ) ;
#2593 = DIRECTION ( 'NONE',  ( -0.000000000000000000, 1.000000000000000000, -0.000000000000000000 ) ) ;
#2594 = CARTESIAN_POINT ( 'NONE',  ( -80.86606654601330035, 10.29999999999999893, -85.43654749316418417 ) ) ;
#2595 = CARTESIAN_POINT ( 'NONE',  ( 0.000000000000000000, 10.30000000000000071, -77.00896198777729751 ) ) ;
#2596 = EDGE_LOOP ( 'NONE', ( #6990, #8213, #2962, #8228 ) ) ;
#2597 = ORIENTED_EDGE ( 'NONE', *, *, #6608, .F. ) ;
#2598 = FACE_BOUND ( 'NONE', #8143, .T. ) ;
#2599 = AXIS2_PLACEMENT_3D ( 'NONE', #2128, #4342, #3485 ) ;
#2600 = DIRECTION ( 'NONE',  ( -0.4472135954999555407, -0.7745966692414849586, 0.4472135954999573726 ) ) ;
#2601 = VERTEX_POINT ( 'NONE', #813 ) ;
#2602 = DIRECTION ( 'NONE',  ( -0.000000000000000000, -1.000000000000000000, -0.000000000000000000 ) ) ;
#2603 = CARTESIAN_POINT ( 'NONE',  ( 7.550000000000033573, 10.30000000000000071, -83.26896198777730262 ) ) ;
#2604 = CARTESIAN_POINT ( 'NONE',  ( -8.044999999999969731, 12.30000000000000071, -94.67896198777731342 ) ) ;
#2605 = VECTOR ( 'NONE', #3213, 1000.000000000000000 ) ;
#2606 = CARTESIAN_POINT ( 'NONE',  ( 47.29999999999999005, 10.90000000000002878, -47.29999999999999005 ) ) ;
#2607 = ADVANCED_FACE ( 'NONE', ( #7662 ), #6286, .F. ) ;
#2608 = ORIENTED_EDGE ( 'NONE', *, *, #7721, .T. ) ;
#2609 = EDGE_CURVE ( 'NONE', #5430, #6343, #3580, .T. ) ;
#2610 = DIRECTION ( 'NONE',  ( 0.7545595017431387941, 0.000000000000000000, 0.6562316346604650796 ) ) ;
#2611 = ORIENTED_EDGE ( 'NONE', *, *, #6173, .F. ) ;
#2612 = CARTESIAN_POINT ( 'NONE',  ( -3.219999999999967777, 10.30000000000000249, -94.59396198777730547 ) ) ;
#2613 = CARTESIAN_POINT ( 'NONE',  ( 4.932171864763814639, 10.30000000000000071, -88.64069588562898616 ) ) ;
#2614 = FACE_OUTER_BOUND ( 'NONE', #4611, .T. ) ;
#2615 = LINE ( 'NONE', #5375, #2630 ) ;
#2616 = FACE_OUTER_BOUND ( 'NONE', #8114, .T. ) ;
#2617 = EDGE_CURVE ( 'NONE', #6605, #4136, #4934, .T. ) ;
#2618 = ORIENTED_EDGE ( 'NONE', *, *, #5913, .T. ) ;
#2619 = AXIS2_PLACEMENT_3D ( 'NONE', #4975, #3438, #7654 ) ;
#2620 = CARTESIAN_POINT ( 'NONE',  ( -75.44999999999996021, 2.000000000000000000, 82.12819926235459889 ) ) ;
#2621 = ORIENTED_EDGE ( 'NONE', *, *, #1775, .F. ) ;
#2622 = CARTESIAN_POINT ( 'NONE',  ( 75.45000000000001705, 2.000000000000000000, 82.12819926235459889 ) ) ;
#2623 = EDGE_CURVE ( 'NONE', #3732, #7863, #5624, .T. ) ;
#2624 = ORIENTED_EDGE ( 'NONE', *, *, #414, .T. ) ;
#2625 = DIRECTION ( 'NONE',  ( -0.000000000000000000, 1.000000000000000000, -0.000000000000000000 ) ) ;
#2626 = CARTESIAN_POINT ( 'NONE',  ( 53.11954078560610526, 12.29999999999999893, -82.59020095088276037 ) ) ;
#2627 = CARTESIAN_POINT ( 'NONE',  ( 88.45000000000001705, 2.000000000000000000, 96.77180073764540680 ) ) ;
#2628 = CARTESIAN_POINT ( 'NONE',  ( -91.73046126523995270, 20.00000000000000000, 117.0000000000000000 ) ) ;
#2629 = ORIENTED_EDGE ( 'NONE', *, *, #4853, .F. ) ;
#2630 = VECTOR ( 'NONE', #6964, 1000.000000000000000 ) ;
#2631 = VERTEX_POINT ( 'NONE', #4845 ) ;
#2632 = CARTESIAN_POINT ( 'NONE',  ( -3.221602042398910459, 12.30000000000000249, -94.96952048079583619 ) ) ;
#2633 = DIRECTION ( 'NONE',  ( -0.000000000000000000, 1.000000000000000000, -0.000000000000000000 ) ) ;
#2634 = AXIS2_PLACEMENT_3D ( 'NONE', #6803, #4095, #4001 ) ;
#2635 = VERTEX_POINT ( 'NONE', #4122 ) ;
#2636 = EDGE_CURVE ( 'NONE', #6357, #634, #101, .T. ) ;
#2637 = ORIENTED_EDGE ( 'NONE', *, *, #3828, .T. ) ;
#2638 = DIRECTION ( 'NONE',  ( 0.000000000000000000, 0.000000000000000000, -1.000000000000000000 ) ) ;
#2639 = DIRECTION ( 'NONE',  ( -0.000000000000000000, 1.000000000000000000, -0.000000000000000000 ) ) ;
#2640 = CARTESIAN_POINT ( 'NONE',  ( 112.0000000000000142, 20.00000000000006750, -91.73046126524033639 ) ) ;
#2641 = CARTESIAN_POINT ( 'NONE',  ( -5.558861535925204045, 12.29999999999999893, -77.88509691832013004 ) ) ;
#2642 = PLANE ( 'NONE',  #2929 ) ;
#2643 = VERTEX_POINT ( 'NONE', #635 ) ;
#2644 = AXIS2_PLACEMENT_3D ( 'NONE', #6453, #7956, #3019 ) ;
#2645 = ORIENTED_EDGE ( 'NONE', *, *, #7368, .F. ) ;
#2646 = ADVANCED_FACE ( 'NONE', ( #8348, #5482, #2174, #6833, #4216, #6153 ), #2860, .F. ) ;
#2647 = DIRECTION ( 'NONE',  ( 0.000000000000000000, 1.000000000000000000, 0.000000000000000000 ) ) ;
#2648 = CARTESIAN_POINT ( 'NONE',  ( -77.36172522647746064, 12.29999999999999893, -81.67847270287337835 ) ) ;
#2649 = VERTEX_POINT ( 'NONE', #1355 ) ;
#2650 = FACE_BOUND ( 'NONE', #6170, .T. ) ;
#2651 = CARTESIAN_POINT ( 'NONE',  ( 2.955117032440579994, 10.29999999999999893, -77.10662320083640964 ) ) ;
#2652 = PLANE ( 'NONE',  #7758 ) ;
#2653 = CARTESIAN_POINT ( 'NONE',  ( 53.98184424820331628, 10.29999999999999893, -81.66206029528625265 ) ) ;
#2654 = ORIENTED_EDGE ( 'NONE', *, *, #5896, .T. ) ;
#2655 = DIRECTION ( 'NONE',  ( 0.000000000000000000, -0.7071067811865489050, -0.7071067811865460184 ) ) ;
#2656 = ORIENTED_EDGE ( 'NONE', *, *, #5824, .T. ) ;
#2657 = CARTESIAN_POINT ( 'NONE',  ( 52.51490099749453577, 10.30000000000000071, -77.47629502725661155 ) ) ;
#2658 = LINE ( 'NONE', #5421, #7747 ) ;
#2659 = CARTESIAN_POINT ( 'NONE',  ( 53.28988043151446874, 10.30000000000000071, -77.26314857679093961 ) ) ;
#2660 = CARTESIAN_POINT ( 'NONE',  ( 7.550000000000033573, 12.30000000000000071, -83.26896198777730262 ) ) ;
#2661 = EDGE_CURVE ( 'NONE', #6290, #2513, #5530, .T. ) ;
#2662 = DIRECTION ( 'NONE',  ( -0.6427876096865482447, -0.7660444431189705750, 0.000000000000000000 ) ) ;
#2663 = VERTEX_POINT ( 'NONE', #2809 ) ;
#2664 = CARTESIAN_POINT ( 'NONE',  ( 35.91387433994387379, 10.30000000000000071, -74.08580664736908261 ) ) ;
#2665 = ORIENTED_EDGE ( 'NONE', *, *, #2575, .F. ) ;
#2666 = DIRECTION ( 'NONE',  ( 1.000000000000000000, 0.000000000000000000, -0.000000000000000000 ) ) ;
#2667 = EDGE_LOOP ( 'NONE', ( #1386, #3510, #7127, #6760 ) ) ;
#2668 = CARTESIAN_POINT ( 'NONE',  ( -38.64999999999999147, 20.00000000000000000, 6.850000000000004086 ) ) ;
#2669 = CARTESIAN_POINT ( 'NONE',  ( -84.22883846918820439, 12.29999999999999893, -81.35972751795105751 ) ) ;
#2670 = CARTESIAN_POINT ( 'NONE',  ( -3.167724713665917680, 10.30000000000000071, -88.05523631072669843 ) ) ;
#2671 = LINE ( 'NONE', #1264, #891 ) ;
#2672 = ORIENTED_EDGE ( 'NONE', *, *, #5788, .T. ) ;
#2673 = B_SPLINE_CURVE_WITH_KNOTS ( 'NONE', 3,
 ( #5878, #7063, #7839, #3797, #8648, #4481, #8601, #6419, #5797 ),
 .UNSPECIFIED., .F., .F.,
 ( 4, 1, 1, 1, 1, 1, 4 ),
 ( 0.000000000000000000, 0.2568933668120270131, 0.3730790329440269448, 0.4876622124673595238, 0.6038623782457555045, 0.7246374548906411306, 1.000000000000000000 ),
 .UNSPECIFIED. ) ;
#2674 = ORIENTED_EDGE ( 'NONE', *, *, #5209, .F. ) ;
#2675 = DIRECTION ( 'NONE',  ( -1.000000000000000000, 0.000000000000000000, 1.239088197126290570E-16 ) ) ;
#2676 = DIRECTION ( 'NONE',  ( 3.164356725686685084E-15, -0.4226182617406967212, 0.9063077870366512689 ) ) ;
#2677 = ORIENTED_EDGE ( 'NONE', *, *, #8200, .F. ) ;
#2678 = VERTEX_POINT ( 'NONE', #5574 ) ;
#2679 = LINE ( 'NONE', #8804, #3417 ) ;
#2680 = CARTESIAN_POINT ( 'NONE',  ( 117.0000000000006679, 20.00000000000000000, 69.99999999999958789 ) ) ;
#2681 = VECTOR ( 'NONE', #7279, 1000.000000000000000 ) ;
#2682 = CARTESIAN_POINT ( 'NONE',  ( -47.30000000000032401, 4.299999999999999822, 47.29999999999965610 ) ) ;
#2683 = VECTOR ( 'NONE', #679, 1000.000000000000114 ) ;
#2684 = CARTESIAN_POINT ( 'NONE',  ( -4.599685496743295410, 12.29999999999999893, -77.44608715465163584 ) ) ;
#2685 = CARTESIAN_POINT ( 'NONE',  ( 88.45000000000000284, 2.000000000000000000, -95.12819926235461310 ) ) ;
#2686 = VECTOR ( 'NONE', #186, 1000.000000000000000 ) ;
#2687 = ORIENTED_EDGE ( 'NONE', *, *, #1101, .F. ) ;
#2688 = VECTOR ( 'NONE', #1100, 1000.000000000000227 ) ;
#2689 = ORIENTED_EDGE ( 'NONE', *, *, #1711, .T. ) ;
#2690 = EDGE_CURVE ( 'NONE', #4872, #6696, #3446, .T. ) ;
#2691 = CARTESIAN_POINT ( 'NONE',  ( 117.0000000000006679, 20.00000000000000000, 69.99999999999958789 ) ) ;
#2692 = AXIS2_PLACEMENT_3D ( 'NONE', #2337, #5105, #1616 ) ;
#2693 = CARTESIAN_POINT ( 'NONE',  ( -77.94633341708909313, 12.29999999999999893, -80.74143906631020684 ) ) ;
#2694 = ORIENTED_EDGE ( 'NONE', *, *, #1166, .T. ) ;
#2695 = CARTESIAN_POINT ( 'NONE',  ( -1.244999999999968354, 10.30000000000000071, -92.09896198777731513 ) ) ;
#2696 = FACE_OUTER_BOUND ( 'NONE', #996, .T. ) ;
#2697 = CONICAL_SURFACE ( 'NONE', #1393, 4.699999999999898925, 0.7853981633974460586 ) ;
#2698 = FACE_OUTER_BOUND ( 'NONE', #2497, .T. ) ;
#2699 = CARTESIAN_POINT ( 'NONE',  ( 54.77767755250492598, 10.29999999999999893, -81.26311065134747480 ) ) ;
#2700 = ORIENTED_EDGE ( 'NONE', *, *, #4409, .T. ) ;
#2701 = CARTESIAN_POINT ( 'NONE',  ( -33.64999999999999858, 104.0000000000000142, -33.64999999999999858 ) ) ;
#2702 = ORIENTED_EDGE ( 'NONE', *, *, #3591, .F. ) ;
#2703 = CARTESIAN_POINT ( 'NONE',  ( 107.0000000000000426, 20.00000000000000000, -107.0000000000000284 ) ) ;
#2704 = VECTOR ( 'NONE', #5908, 1000.000000000000114 ) ;
#2705 = DIRECTION ( 'NONE',  ( 0.000000000000000000, -0.9063077870366524902, -0.4226182617406941677 ) ) ;
#2706 = LINE ( 'NONE', #6277, #7700 ) ;
#2707 = DIRECTION ( 'NONE',  ( -4.505417547505892002E-16, 0.000000000000000000, -1.000000000000000000 ) ) ;
#2708 = LINE ( 'NONE', #3975, #1732 ) ;
#2709 = ADVANCED_FACE ( 'NONE', ( #3489 ), #2716, .T. ) ;
#2710 = CARTESIAN_POINT ( 'NONE',  ( -5.145129151502004561, 12.29999999999999893, -100.0195756962954334 ) ) ;
#2711 = LINE ( 'NONE', #8251, #7319 ) ;
#2712 = ORIENTED_EDGE ( 'NONE', *, *, #2739, .T. ) ;
#2713 = DIRECTION ( 'NONE',  ( -0.000000000000000000, 1.000000000000000000, -0.000000000000000000 ) ) ;
#2714 = EDGE_CURVE ( 'NONE', #214, #4401, #7573, .T. ) ;
#2715 = VERTEX_POINT ( 'NONE', #9 ) ;
#2716 = PLANE ( 'NONE',  #7160 ) ;
#2717 = LINE ( 'NONE', #7663, #5149 ) ;
#2718 = VECTOR ( 'NONE', #5243, 1000.000000000000114 ) ;
#2719 = CARTESIAN_POINT ( 'NONE',  ( 117.0000000000006679, 16.00000000000000000, 71.86523063261957134 ) ) ;
#2720 = CARTESIAN_POINT ( 'NONE',  ( 4.630181766074907834, 10.30000000000000071, -101.0089619953134559 ) ) ;
#2721 = ORIENTED_EDGE ( 'NONE', *, *, #6000, .F. ) ;
#2722 = ORIENTED_EDGE ( 'NONE', *, *, #8890, .F. ) ;
#2723 = EDGE_CURVE ( 'NONE', #110, #1592, #2132, .T. ) ;
#2724 = FACE_OUTER_BOUND ( 'NONE', #5589, .T. ) ;
#2725 = DIRECTION ( 'NONE',  ( -9.448519488912964061E-17, -0.4999999999999982236, -0.8660254037844397068 ) ) ;
#2726 = ORIENTED_EDGE ( 'NONE', *, *, #856, .F. ) ;
#2727 = EDGE_LOOP ( 'NONE', ( #4766, #6408, #276, #1122 ) ) ;
#2728 = CARTESIAN_POINT ( 'NONE',  ( 7.556133687156478373, 10.30000000000000071, -83.63442520997952556 ) ) ;
#2729 = CARTESIAN_POINT ( 'NONE',  ( -84.75407533311991415, 12.29999999999999893, -76.77604562775080410 ) ) ;
#2730 = B_SPLINE_SURFACE_WITH_KNOTS ( 'NONE', 3, 1, ( 
 ( #6585, #8681 ),
 ( #302, #4550 ),
 ( #8555, #3072 ),
 ( #389, #6544 ),
 ( #5952, #8050 ),
 ( #345, #8004 ),
 ( #6628, #3108 ),
 ( #3873, #5109 ),
 ( #5867, #8640 ) ),
 .UNSPECIFIED., .F., .F., .F.,
 ( 4, 1, 1, 1, 1, 1, 4 ),
 ( 2, 2 ),
 ( 0.000000000000000000, 0.2411916912607245944, 0.3617660202116520507, 0.4859744349272956399, 0.6124258641462529962, 0.7392763686143597468, 1.000000000000000000 ),
 ( 0.000000000000000000, 1.000000000000000000 ),
 .UNSPECIFIED. ) ;
#2731 = CARTESIAN_POINT ( 'NONE',  ( -28.11899999999997846, 10.30000000000000071, -88.16396198777729865 ) ) ;
#2732 = CARTESIAN_POINT ( 'NONE',  ( -8.044999999999969731, 12.30000000000000071, -94.67896198777731342 ) ) ;
#2733 = CARTESIAN_POINT ( 'NONE',  ( -44.08666308555050506, 12.30000000000000071, -38.34165883077631065 ) ) ;
#2734 = ORIENTED_EDGE ( 'NONE', *, *, #2550, .F. ) ;
#2735 = EDGE_CURVE ( 'NONE', #8054, #8071, #2033, .T. ) ;
#2736 = VERTEX_POINT ( 'NONE', #2904 ) ;
#2737 = AXIS2_PLACEMENT_3D ( 'NONE', #4166, #1490, #5660 ) ;
#2738 = CARTESIAN_POINT ( 'NONE',  ( -88.45000000000003126, 2.000000000000000000, 95.12819926235458468 ) ) ;
#2739 = EDGE_CURVE ( 'NONE', #2272, #479, #4171, .T. ) ;
#2740 = DIRECTION ( 'NONE',  ( 0.000000000000000000, 0.000000000000000000, -1.000000000000000000 ) ) ;
#2741 = ORIENTED_EDGE ( 'NONE', *, *, #2723, .T. ) ;
#2742 = CARTESIAN_POINT ( 'NONE',  ( -2.945789902099384516, 10.30000000000000071, -93.49958085944855668 ) ) ;
#2743 = ADVANCED_FACE ( 'NONE', ( #4898 ), #1496, .T. ) ;
#2744 = CARTESIAN_POINT ( 'NONE',  ( 4.320603200163122715, 10.29999999999999893, -77.64664453620308393 ) ) ;
#2745 = AXIS2_PLACEMENT_3D ( 'NONE', #2606, #7504, #5366 ) ;
#2746 = ORIENTED_EDGE ( 'NONE', *, *, #6858, .F. ) ;
#2747 = CARTESIAN_POINT ( 'NONE',  ( -8.044999999999969731, 10.30000000000000071, -94.67896198777731342 ) ) ;
#2748 = DIRECTION ( 'NONE',  ( -0.000000000000000000, -1.000000000000000000, -0.000000000000000000 ) ) ;
#2749 = ORIENTED_EDGE ( 'NONE', *, *, #2454, .F. ) ;
#2750 = DIRECTION ( 'NONE',  ( 0.000000000000000000, 1.000000000000000000, 0.000000000000000000 ) ) ;
#2751 = ORIENTED_EDGE ( 'NONE', *, *, #6409, .T. ) ;
#2752 = LINE ( 'NONE', #1392, #253 ) ;
#2753 = EDGE_CURVE ( 'NONE', #4400, #6013, #4983, .T. ) ;
#2754 = CARTESIAN_POINT ( 'NONE',  ( 6.148210091335907457, 10.30000000000000071, -87.34674347178498977 ) ) ;
#2755 = CIRCLE ( 'NONE', #8416, 4.999999999999976907 ) ;
#2756 = CARTESIAN_POINT ( 'NONE',  ( 32.27900000000001057, 10.30000000000000071, -81.16896198777733673 ) ) ;
#2757 = CARTESIAN_POINT ( 'NONE',  ( 53.11933773260547298, 10.29999999999999893, -86.77280469843904598 ) ) ;
#2758 = CARTESIAN_POINT ( 'NONE',  ( -2.259197017068998115, 12.30000000000000249, -96.53214377178107952 ) ) ;
#2759 = EDGE_CURVE ( 'NONE', #1592, #5167, #3661, .T. ) ;
#2760 = EDGE_CURVE ( 'NONE', #3143, #971, #314, .T. ) ;
#2761 = ORIENTED_EDGE ( 'NONE', *, *, #2723, .F. ) ;
#2762 = DIRECTION ( 'NONE',  ( -0.000000000000000000, 1.000000000000000000, -0.000000000000000000 ) ) ;
#2763 = ORIENTED_EDGE ( 'NONE', *, *, #2828, .T. ) ;
#2764 = DIRECTION ( 'NONE',  ( 0.000000000000000000, 0.000000000000000000, -1.000000000000000000 ) ) ;
#2765 = CARTESIAN_POINT ( 'NONE',  ( 80.45000000000000284, 0.000000000000000000, -1.387778780781445991E-14 ) ) ;
#2766 = CARTESIAN_POINT ( 'NONE',  ( -0.7929007645955813421, 10.30000000000000249, -80.85178374062280682 ) ) ;
#2767 = DIRECTION ( 'NONE',  ( -2.182042108146927295E-16, 0.000000000000000000, -1.000000000000000000 ) ) ;
#2768 = DIRECTION ( 'NONE',  ( 0.000000000000000000, 1.000000000000000000, 0.000000000000000000 ) ) ;
#2769 = VERTEX_POINT ( 'NONE', #4348 ) ;
#2770 = ORIENTED_EDGE ( 'NONE', *, *, #5659, .T. ) ;
#2771 = AXIS2_PLACEMENT_3D ( 'NONE', #2294, #7879, #466 ) ;
#2772 = DIRECTION ( 'NONE',  ( -0.4226182617406967212, -0.9063077870366511579, 0.000000000000000000 ) ) ;
#2773 = LINE ( 'NONE', #8403, #2256 ) ;
#2774 = VERTEX_POINT ( 'NONE', #5708 ) ;
#2775 = ORIENTED_EDGE ( 'NONE', *, *, #2574, .T. ) ;
#2776 = CARTESIAN_POINT ( 'NONE',  ( 7.550000000000033573, 10.30000000000000071, -83.26896198777730262 ) ) ;
#2777 = CARTESIAN_POINT ( 'NONE',  ( -5.039999999999960956, 12.30000000000000071, -83.23896198777730149 ) ) ;
#2778 = VECTOR ( 'NONE', #1216, 1000.000000000000000 ) ;
#2779 = EDGE_CURVE ( 'NONE', #3336, #6738, #5751, .T. ) ;
#2780 = CONICAL_SURFACE ( 'NONE', #7114, 8.321800737645393298, 0.6981317007977451139 ) ;
#2781 = CARTESIAN_POINT ( 'NONE',  ( -52.86300000000001376, 10.30000000000000071, -101.0089619877773117 ) ) ;
#2782 = LINE ( 'NONE', #3597, #6356 ) ;
#2783 = CARTESIAN_POINT ( 'NONE',  ( 2.141236637241971330, 10.29999999999999893, -84.90275408236141175 ) ) ;
#2784 = ORIENTED_EDGE ( 'NONE', *, *, #5137, .T. ) ;
#2785 = ORIENTED_EDGE ( 'NONE', *, *, #1790, .T. ) ;
#2786 = LINE ( 'NONE', #1375, #7461 ) ;
#2787 = CARTESIAN_POINT ( 'NONE',  ( -76.45411210138614422, 12.29999999999999893, -83.79061316033217111 ) ) ;
#2788 = VERTEX_POINT ( 'NONE', #3619 ) ;
#2789 = AXIS2_PLACEMENT_3D ( 'NONE', #59, #2865, #7018 ) ;
#2790 = CARTESIAN_POINT ( 'NONE',  ( -81.41701720175096568, 10.29999999999999716, -84.06502548811671716 ) ) ;
#2791 = VECTOR ( 'NONE', #782, 1000.000000000000000 ) ;
#2792 = DIRECTION ( 'NONE',  ( 0.000000000000000000, 1.000000000000000000, 0.000000000000000000 ) ) ;
#2793 = AXIS2_PLACEMENT_3D ( 'NONE', #8458, #2243, #5100 ) ;
#2794 = ADVANCED_FACE ( 'NONE', ( #990 ), #5836, .T. ) ;
#2795 = ORIENTED_EDGE ( 'NONE', *, *, #4635, .F. ) ;
#2796 = FACE_OUTER_BOUND ( 'NONE', #4268, .T. ) ;
#2797 = EDGE_LOOP ( 'NONE', ( #2115, #4468, #5056, #6742 ) ) ;
#2798 = VERTEX_POINT ( 'NONE', #2263 ) ;
#2799 = DIRECTION ( 'NONE',  ( -1.279714039655022108E-16, 0.000000000000000000, -1.000000000000000000 ) ) ;
#2800 = CARTESIAN_POINT ( 'NONE',  ( 5.379443795910335169, 10.30000000000000071, -88.23332230019794054 ) ) ;
#2801 = DIRECTION ( 'NONE',  ( -1.000000000000000000, 0.000000000000000000, 0.000000000000000000 ) ) ;
#2802 = CARTESIAN_POINT ( 'NONE',  ( 52.73706338219438550, 10.29999999999999893, -85.91736112997251951 ) ) ;
#2803 = DIRECTION ( 'NONE',  ( -0.000000000000000000, 1.000000000000000000, -0.000000000000000000 ) ) ;
#2804 = EDGE_CURVE ( 'NONE', #596, #8424, #8472, .T. ) ;
#2805 = DIRECTION ( 'NONE',  ( 0.000000000000000000, 1.000000000000000000, 0.000000000000000000 ) ) ;
#2806 = CARTESIAN_POINT ( 'NONE',  ( -5.303157673718482457, 10.30000000000000071, -0.7204735369639808651 ) ) ;
#2807 = EDGE_LOOP ( 'NONE', ( #742, #2402, #8730, #3563, #5245, #3362, #4236, #169, #7649, #3210, #995, #7292, #687, #4191, #6273, #8119 ) ) ;
#2808 = CARTESIAN_POINT ( 'NONE',  ( -93.45000000000000284, 0.000000000000000000, -88.45000000000000284 ) ) ;
#2809 = CARTESIAN_POINT ( 'NONE',  ( 88.45000000000000284, 0.000000000000000000, 93.45000000000000284 ) ) ;
#2810 = CARTESIAN_POINT ( 'NONE',  ( 6.053850660280708951, 12.30000000000000071, -96.13921519803176352 ) ) ;
#2811 = LINE ( 'NONE', #1408, #5104 ) ;
#2812 = CARTESIAN_POINT ( 'NONE',  ( 75.45000000000001705, 2.000000000000000000, 82.12819926235459889 ) ) ;
#2813 = ORIENTED_EDGE ( 'NONE', *, *, #1203, .F. ) ;
#2814 = ORIENTED_EDGE ( 'NONE', *, *, #8321, .T. ) ;
#2815 = EDGE_LOOP ( 'NONE', ( #8887, #8656, #1391, #5636 ) ) ;
#2816 = CARTESIAN_POINT ( 'NONE',  ( -2.259197017068998115, 10.30000000000000071, -96.53214377178107952 ) ) ;
#2817 = CARTESIAN_POINT ( 'NONE',  ( -77.93064335878082716, 10.29999999999999716, -97.42329730498141771 ) ) ;
#2818 = ORIENTED_EDGE ( 'NONE', *, *, #441, .T. ) ;
#2819 = VERTEX_POINT ( 'NONE', #7244 ) ;
#2820 = CARTESIAN_POINT ( 'NONE',  ( 6.479286781316145216, 12.30000000000000249, -86.88152902685850165 ) ) ;
#2821 = CARTESIAN_POINT ( 'NONE',  ( -71.86523063261998345, 16.00000000000000000, 117.0000000000000000 ) ) ;
#2822 = CARTESIAN_POINT ( 'NONE',  ( 80.45000000000000284, -1.734723475976807094E-15, -1.387778780781445991E-14 ) ) ;
#2823 = CARTESIAN_POINT ( 'NONE',  ( 106.4500000000000171, -1.734723475976807094E-15, 101.4500000000000028 ) ) ;
#2824 = CARTESIAN_POINT ( 'NONE',  ( 55.78234326538287746, 12.30000000000000071, -92.36693746158452711 ) ) ;
#2825 = ORIENTED_EDGE ( 'NONE', *, *, #3290, .T. ) ;
#2826 = ORIENTED_EDGE ( 'NONE', *, *, #5018, .F. ) ;
#2827 = VECTOR ( 'NONE', #3480, 1000.000000000000000 ) ;
#2828 = EDGE_CURVE ( 'NONE', #8676, #3325, #5033, .T. ) ;
#2829 = CARTESIAN_POINT ( 'NONE',  ( -107.0000000000000000, 12.29999999999997762, -107.0000000000000284 ) ) ;
#2830 = VECTOR ( 'NONE', #1791, 1000.000000000000000 ) ;
#2831 = CARTESIAN_POINT ( 'NONE',  ( 47.29999999999999005, 4.299999999999999822, -47.29999999999999005 ) ) ;
#2832 = ORIENTED_EDGE ( 'NONE', *, *, #918, .F. ) ;
#2833 = VECTOR ( 'NONE', #3723, 1000.000000000000000 ) ;
#2834 = CARTESIAN_POINT ( 'NONE',  ( -80.44700000000003115, 10.29999999999999716, -88.81396198777730433 ) ) ;
#2835 = ADVANCED_FACE ( 'NONE', ( #4437 ), #2523, .F. ) ;
#2836 = VECTOR ( 'NONE', #4708, 1000.000000000000000 ) ;
#2837 = CARTESIAN_POINT ( 'NONE',  ( -77.33961142584522008, 12.29999999999999893, -96.50343040448032639 ) ) ;
#2838 = VECTOR ( 'NONE', #124, 1000.000000000000000 ) ;
#2839 = ORIENTED_EDGE ( 'NONE', *, *, #4016, .T. ) ;
#2840 = ORIENTED_EDGE ( 'NONE', *, *, #5853, .T. ) ;
#2841 = CARTESIAN_POINT ( 'NONE',  ( -6.294189168174193050, 10.29999999999999893, -99.15978083022264400 ) ) ;
#2842 = B_SPLINE_CURVE_WITH_KNOTS ( 'NONE', 3,
 ( #1517, #920, #255, #3865, #292, #5899, #8032, #7395, #1051 ),
 .UNSPECIFIED., .F., .F.,
 ( 4, 1, 1, 1, 1, 1, 4 ),
 ( 0.000000000000000000, 0.2248799438149796659, 0.3356868275375052280, 0.4512428397804887914, 0.5719263944897128304, 0.7025392767042049069, 1.000000000000000000 ),
 .UNSPECIFIED. ) ;
#2843 = AXIS2_PLACEMENT_3D ( 'NONE', #5979, #1700, #5182 ) ;
#2844 = AXIS2_PLACEMENT_3D ( 'NONE', #5315, #1913, #8269 ) ;
#2845 = AXIS2_PLACEMENT_3D ( 'NONE', #8447, #2045, #3545 ) ;
#2846 = CARTESIAN_POINT ( 'NONE',  ( 0.8160614809882608123, 12.29999999999999893, -86.00015738400048804 ) ) ;
#2847 = VECTOR ( 'NONE', #7868, 1000.000000000000000 ) ;
#2848 = DIRECTION ( 'NONE',  ( 0.000000000000000000, -0.000000000000000000, 1.000000000000000000 ) ) ;
#2849 = VECTOR ( 'NONE', #7103, 999.9999999999998863 ) ;
#2850 = CARTESIAN_POINT ( 'NONE',  ( 28.31400000000001427, 10.30000000000000071, -87.88896198777732138 ) ) ;
#2851 = PLANE ( 'NONE',  #7705 ) ;
#2852 = DIRECTION ( 'NONE',  ( 0.000000000000000000, 0.000000000000000000, 1.000000000000000000 ) ) ;
#2853 = EDGE_CURVE ( 'NONE', #988, #8275, #5072, .T. ) ;
#2854 = AXIS2_PLACEMENT_3D ( 'NONE', #7871, #3776, #8713 ) ;
#2855 = DIRECTION ( 'NONE',  ( -0.000000000000000000, 1.000000000000000000, -0.000000000000000000 ) ) ;
#2856 = CARTESIAN_POINT ( 'NONE',  ( 0.4800000000000290146, 10.30000000000000071, -86.17396198777731797 ) ) ;
#2857 = ORIENTED_EDGE ( 'NONE', *, *, #8958, .F. ) ;
#2858 = CARTESIAN_POINT ( 'NONE',  ( 85.45000000000000284, 0.000000000000000000, 75.45000000000000284 ) ) ;
#2859 = EDGE_CURVE ( 'NONE', #5822, #767, #2673, .T. ) ;
#2860 = PLANE ( 'NONE',  #3481 ) ;
#2861 = ADVANCED_FACE ( 'NONE', ( #940 ), #2391, .F. ) ;
#2862 = EDGE_CURVE ( 'NONE', #8091, #2889, #1030, .T. ) ;
#2863 = ADVANCED_FACE ( 'NONE', ( #6379 ), #185, .T. ) ;
#2864 = CARTESIAN_POINT ( 'NONE',  ( -0.4149999999999675060, 10.30000000000000249, -80.84896198777731513 ) ) ;
#2865 = DIRECTION ( 'NONE',  ( 0.000000000000000000, -1.000000000000000000, 0.000000000000000000 ) ) ;
#2866 = PLANE ( 'NONE',  #321 ) ;
#2867 = VERTEX_POINT ( 'NONE', #8519 ) ;
#2868 = EDGE_CURVE ( 'NONE', #2998, #7211, #7541, .T. ) ;
#2869 = ORIENTED_EDGE ( 'NONE', *, *, #2225, .F. ) ;
#2870 = ORIENTED_EDGE ( 'NONE', *, *, #346, .T. ) ;
#2871 = CARTESIAN_POINT ( 'NONE',  ( 2.200000000000035261, 12.30000000000000071, -90.42896198777731342 ) ) ;
#2872 = CARTESIAN_POINT ( 'NONE',  ( -83.11110847782860844, 12.30000000000000249, -100.8502033776666735 ) ) ;
#2873 = ORIENTED_EDGE ( 'NONE', *, *, #2163, .T. ) ;
#2874 = VERTEX_POINT ( 'NONE', #398 ) ;
#2875 = CARTESIAN_POINT ( 'NONE',  ( 6.148210091335907457, 12.30000000000000249, -87.34674347178498977 ) ) ;
#2876 = CARTESIAN_POINT ( 'NONE',  ( -86.84200000000002717, 12.29999999999999716, -80.84896198777730092 ) ) ;
#2877 = EDGE_CURVE ( 'NONE', #412, #1483, #5330, .T. ) ;
#2878 = CARTESIAN_POINT ( 'NONE',  ( 107.0000000000000142, 20.00000000000000000, 107.0000000000000000 ) ) ;
#2879 = CARTESIAN_POINT ( 'NONE',  ( 93.45000000000000284, 0.000000000000000000, -88.45000000000000284 ) ) ;
#2880 = DIRECTION ( 'NONE',  ( -0.000000000000000000, -1.000000000000000000, -0.000000000000000000 ) ) ;
#2881 = VERTEX_POINT ( 'NONE', #8148 ) ;
#2882 = ORIENTED_EDGE ( 'NONE', *, *, #177, .T. ) ;
#2883 = DIRECTION ( 'NONE',  ( 0.000000000000000000, -1.000000000000000000, 0.000000000000000000 ) ) ;
#2884 = LINE ( 'NONE', #4327, #5017 ) ;
#2885 = ORIENTED_EDGE ( 'NONE', *, *, #2911, .F. ) ;
#2886 = CARTESIAN_POINT ( 'NONE',  ( -85.69833457323109371, 10.29999999999999716, -80.91182027028996515 ) ) ;
#2887 = CARTESIAN_POINT ( 'NONE',  ( -75.75700000000003342, 12.29999999999999893, -88.97396198777730092 ) ) ;
#2888 = ORIENTED_EDGE ( 'NONE', *, *, #2609, .F. ) ;
#2889 = VERTEX_POINT ( 'NONE', #6096 ) ;
#2890 = B_SPLINE_SURFACE_WITH_KNOTS ( 'NONE', 3, 1, ( 
 ( #2321, #5132 ),
 ( #5045, #7812 ),
 ( #5174, #6564 ),
 ( #962, #1003 ),
 ( #1649, #7216 ),
 ( #367, #5087 ),
 ( #7859, #4404 ),
 ( #3729, #3811 ),
 ( #7942, #286 ) ),
 .UNSPECIFIED., .F., .F., .F.,
 ( 4, 1, 1, 1, 1, 1, 4 ),
 ( 2, 2 ),
 ( 0.000000000000000000, 0.2906385070828472750, 0.4246160123199810843, 0.5527974150643557572, 0.6736338514237888431, 0.7875054935617036289, 1.000000000000000000 ),
 ( 0.000000000000000000, 1.000000000000000000 ),
 .UNSPECIFIED. ) ;
#2891 = VECTOR ( 'NONE', #3092, 1000.000000000000114 ) ;
#2892 = CARTESIAN_POINT ( 'NONE',  ( 2.398770221448514040, 12.29999999999999893, -84.54469834703384379 ) ) ;
#2893 = CARTESIAN_POINT ( 'NONE',  ( -36.64999999999999858, 4.299999999999999822, -36.64999999999999858 ) ) ;
#2894 = VECTOR ( 'NONE', #6475, 1000.000000000000000 ) ;
#2895 = EDGE_CURVE ( 'NONE', #7669, #2635, #1067, .T. ) ;
#2896 = CARTESIAN_POINT ( 'NONE',  ( 49.02201494853067487, 10.30000000000000071, -79.97045033276444315 ) ) ;
#2897 = DIRECTION ( 'NONE',  ( 1.000000000000000000, -0.000000000000000000, 0.000000000000000000 ) ) ;
#2898 = DIRECTION ( 'NONE',  ( 1.000000000000000000, 0.000000000000000000, 1.485049524645741479E-16 ) ) ;
#2899 = EDGE_CURVE ( 'NONE', #5210, #3143, #5373, .T. ) ;
#2900 = FACE_OUTER_BOUND ( 'NONE', #6761, .T. ) ;
#2901 = DIRECTION ( 'NONE',  ( -0.000000000000000000, 1.000000000000000000, -0.000000000000000000 ) ) ;
#2902 = ORIENTED_EDGE ( 'NONE', *, *, #2411, .T. ) ;
#2903 = CARTESIAN_POINT ( 'NONE',  ( 89.86523063261998345, 16.00000000000000000, 117.0000000000000000 ) ) ;
#2904 = CARTESIAN_POINT ( 'NONE',  ( 47.29999999999981952, 5.699999999999909583, 50.60000000000015064 ) ) ;
#2905 = CARTESIAN_POINT ( 'NONE',  ( -101.4500000000000171, 2.000000000000000000, -108.1281992623546131 ) ) ;
#2906 = DIRECTION ( 'NONE',  ( -1.000000000000000000, 0.000000000000000000, 0.000000000000000000 ) ) ;
#2907 = DIRECTION ( 'NONE',  ( -0.6427876096865482447, 0.7660444431189705750, 0.000000000000000000 ) ) ;
#2908 = ORIENTED_EDGE ( 'NONE', *, *, #8613, .T. ) ;
#2909 = AXIS2_PLACEMENT_3D ( 'NONE', #1000, #7808, #958 ) ;
#2910 = ORIENTED_EDGE ( 'NONE', *, *, #6508, .F. ) ;
#2911 = EDGE_CURVE ( 'NONE', #7450, #1430, #4418, .T. ) ;
#2912 = ADVANCED_FACE ( 'NONE', ( #4522 ), #5285, .T. ) ;
#2913 = DIRECTION ( 'NONE',  ( 0.000000000000000000, 1.000000000000000000, 0.000000000000000000 ) ) ;
#2914 = CARTESIAN_POINT ( 'NONE',  ( -47.30000000000032401, 10.90000000000000213, 43.99999999999965894 ) ) ;
#2915 = ORIENTED_EDGE ( 'NONE', *, *, #8125, .T. ) ;
#2916 = ORIENTED_EDGE ( 'NONE', *, *, #3785, .F. ) ;
#2917 = CARTESIAN_POINT ( 'NONE',  ( 107.0000000000000142, 20.00000000000000000, 107.0000000000000000 ) ) ;
#2918 = CARTESIAN_POINT ( 'NONE',  ( -89.94842283852622700, 12.29999999999999716, -81.66457399100617920 ) ) ;
#2919 = LINE ( 'NONE', #159, #6827 ) ;
#2920 = CARTESIAN_POINT ( 'NONE',  ( -38.64999999999998437, 12.29999999999997762, 38.65000000000001279 ) ) ;
#2921 = CARTESIAN_POINT ( 'NONE',  ( 6.053850660280708951, 12.30000000000000071, -96.13921519803176352 ) ) ;
#2922 = ORIENTED_EDGE ( 'NONE', *, *, #2463, .F. ) ;
#2923 = CIRCLE ( 'NONE', #597, 6.678199262354605814 ) ;
#2924 = ORIENTED_EDGE ( 'NONE', *, *, #6326, .F. ) ;
#2925 = EDGE_CURVE ( 'NONE', #5885, #6228, #3296, .T. ) ;
#2926 = CARTESIAN_POINT ( 'NONE',  ( -80.44999999999996021, -1.472316558442722761E-15, 75.44999999999998863 ) ) ;
#2927 = CARTESIAN_POINT ( 'NONE',  ( 70.00000000000000000, 20.00000000000000000, 117.0000000000000000 ) ) ;
#2928 = ORIENTED_EDGE ( 'NONE', *, *, #3554, .T. ) ;
#2929 = AXIS2_PLACEMENT_3D ( 'NONE', #5405, #6124, #7494 ) ;
#2930 = CARTESIAN_POINT ( 'NONE',  ( 0.000000000000000000, 2.000000000000000000, -83.77180073764539259 ) ) ;
#2931 = CARTESIAN_POINT ( 'NONE',  ( 7.488271006047084732, 12.29999999999999893, -82.04588829809468109 ) ) ;
#2932 = ORIENTED_EDGE ( 'NONE', *, *, #7735, .F. ) ;
#2933 = ADVANCED_FACE ( 'NONE', ( #3882 ), #359, .T. ) ;
#2934 = ORIENTED_EDGE ( 'NONE', *, *, #1427, .T. ) ;
#2935 = AXIS2_PLACEMENT_3D ( 'NONE', #716, #3388, #2707 ) ;
#2936 = CARTESIAN_POINT ( 'NONE',  ( 84.47700000000006071, 10.30000000000000071, -82.87396198777733503 ) ) ;
#2937 = AXIS2_PLACEMENT_3D ( 'NONE', #4139, #5545, #8311 ) ;
#2938 = DIRECTION ( 'NONE',  ( 0.000000000000000000, 1.000000000000000000, 0.000000000000000000 ) ) ;
#2939 = DIRECTION ( 'NONE',  ( -0.000000000000000000, 1.000000000000000000, -0.000000000000000000 ) ) ;
#2940 = CARTESIAN_POINT ( 'NONE',  ( -101.4500000000000313, 0.000000000000000000, -101.4500000000000171 ) ) ;
#2941 = DIRECTION ( 'NONE',  ( -1.000000000000000000, 0.000000000000000000, 1.782506277851184632E-16 ) ) ;
#2942 = LINE ( 'NONE', #6416, #3321 ) ;
#2943 = LINE ( 'NONE', #7704, #2527 ) ;
#2944 = VERTEX_POINT ( 'NONE', #1886 ) ;
#2945 = DIRECTION ( 'NONE',  ( -0.000000000000000000, 1.000000000000000000, -0.000000000000000000 ) ) ;
#2946 = CARTESIAN_POINT ( 'NONE',  ( -111.4500000000000171, -1.734723475976807094E-15, -101.4500000000000171 ) ) ;
#2947 = EDGE_CURVE ( 'NONE', #1077, #214, #8093, .T. ) ;
#2948 = CARTESIAN_POINT ( 'NONE',  ( -101.4500000000000455, 2.000000000000000000, 101.4499999999999744 ) ) ;
#2949 = CARTESIAN_POINT ( 'NONE',  ( 30.06900000000001327, 10.30000000000000071, -77.00896198777732593 ) ) ;
#2950 = LINE ( 'NONE', #5711, #5778 ) ;
#2951 = VERTEX_POINT ( 'NONE', #7332 ) ;
#2952 = VERTEX_POINT ( 'NONE', #6638 ) ;
#2953 = PLANE ( 'NONE',  #3266 ) ;
#2954 = DIRECTION ( 'NONE',  ( 1.000000000000000000, 0.000000000000000000, -1.137523590804464069E-16 ) ) ;
#2955 = VERTEX_POINT ( 'NONE', #4692 ) ;
#2956 = ORIENTED_EDGE ( 'NONE', *, *, #5426, .T. ) ;
#2957 = CARTESIAN_POINT ( 'NONE',  ( -0.4149999999999675060, 12.30000000000000249, -80.84896198777731513 ) ) ;
#2958 = B_SPLINE_SURFACE_WITH_KNOTS ( 'NONE', 3, 1, ( 
 ( #5914, #8644 ),
 ( #1064, #987 ),
 ( #8687, #7143 ),
 ( #5157, #1841 ),
 ( #3198, #309 ),
 ( #3077, #5832 ),
 ( #2386, #5197 ),
 ( #8009, #7926 ),
 ( #4477, #7240 ) ),
 .UNSPECIFIED., .F., .F., .F.,
 ( 4, 1, 1, 1, 1, 1, 4 ),
 ( 2, 2 ),
 ( 0.000000000000000000, 0.2847445992815954563, 0.4173494283031717877, 0.5454234821401464650, 0.6673872864749725853, 0.7821636662827655684, 1.000000000000000000 ),
 ( 0.000000000000000000, 1.000000000000000000 ),
 .UNSPECIFIED. ) ;
#2959 = DIRECTION ( 'NONE',  ( 8.659560562354892183E-17, 0.7071067811865507924, -0.7071067811865441310 ) ) ;
#2960 = CARTESIAN_POINT ( 'NONE',  ( -26.04399999999997917, 10.30000000000000071, -93.31885281747162253 ) ) ;
#2961 = CARTESIAN_POINT ( 'NONE',  ( -67.59863898960414019, 12.29999999999997762, 6.850000000000004974 ) ) ;
#2962 = ORIENTED_EDGE ( 'NONE', *, *, #8793, .T. ) ;
#2963 = EDGE_LOOP ( 'NONE', ( #6647, #5205, #63, #4966 ) ) ;
#2964 = EDGE_CURVE ( 'NONE', #8572, #4417, #7467, .T. ) ;
#2965 = CARTESIAN_POINT ( 'NONE',  ( -55.27800000000001290, 10.30000000000000071, -77.00896198777732593 ) ) ;
#2966 = DIRECTION ( 'NONE',  ( -0.000000000000000000, 1.000000000000000000, -0.000000000000000000 ) ) ;
#2967 = EDGE_LOOP ( 'NONE', ( #2110, #1508, #8188, #1989 ) ) ;
#2968 = CARTESIAN_POINT ( 'NONE',  ( -86.37851280778565410, 12.29999999999999893, -80.84211434333838042 ) ) ;
#2969 = EDGE_CURVE ( 'NONE', #1991, #1472, #437, .T. ) ;
#2970 = CARTESIAN_POINT ( 'NONE',  ( 107.0000000000000142, 20.00000000000001776, 112.0000000000000000 ) ) ;
#2971 = CARTESIAN_POINT ( 'NONE',  ( 7.558137635452819580, 12.29999999999999893, -82.77228271876775523 ) ) ;
#2972 = EDGE_CURVE ( 'NONE', #7757, #6220, #7418, .T. ) ;
#2973 = VERTEX_POINT ( 'NONE', #484 ) ;
#2974 = EDGE_CURVE ( 'NONE', #235, #2062, #8967, .T. ) ;
#2975 = ORIENTED_EDGE ( 'NONE', *, *, #5655, .T. ) ;
#2976 = VECTOR ( 'NONE', #1156, 1000.000000000000000 ) ;
#2977 = AXIS2_PLACEMENT_3D ( 'NONE', #5558, #4883, #83 ) ;
#2978 = CARTESIAN_POINT ( 'NONE',  ( 88.45000000000000284, 2.000000000000000000, -95.12819926235461310 ) ) ;
#2979 = CONICAL_SURFACE ( 'NONE', #1818, 4.699999999999981526, 0.7853981633974461696 ) ;
#2980 = CARTESIAN_POINT ( 'NONE',  ( 33.54999999999999716, 4.299999999999999822, -36.64999999999999858 ) ) ;
#2981 = AXIS2_PLACEMENT_3D ( 'NONE', #3154, #1746, #3782 ) ;
#2982 = CARTESIAN_POINT ( 'NONE',  ( 55.92800000000000438, 12.30000000000000071, -92.36896198777731115 ) ) ;
#2983 = CIRCLE ( 'NONE', #8490, 5.000000000000004441 ) ;
#2984 = CARTESIAN_POINT ( 'NONE',  ( 6.820612069157671514E-15, 2.000000000000000000, -96.77180073764540680 ) ) ;
#2985 = FACE_BOUND ( 'NONE', #4354, .T. ) ;
#2986 = AXIS2_PLACEMENT_3D ( 'NONE', #6700, #5261, #5981 ) ;
#2987 = AXIS2_PLACEMENT_3D ( 'NONE', #7436, #6162, #2586 ) ;
#2988 = CARTESIAN_POINT ( 'NONE',  ( -64.40800000000001546, 12.30000000000000071, -77.00896198777732593 ) ) ;
#2989 = VECTOR ( 'NONE', #7131, 1000.000000000000227 ) ;
#2990 = ORIENTED_EDGE ( 'NONE', *, *, #6054, .F. ) ;
#2991 = DIRECTION ( 'NONE',  ( -0.4226182617406967212, -0.9063077870366511579, 0.000000000000000000 ) ) ;
#2992 = DIRECTION ( 'NONE',  ( -0.4185427364680949780, 0.000000000000000000, -0.9081971029186334254 ) ) ;
#2993 = DIRECTION ( 'NONE',  ( -3.164356725686685084E-15, -0.4226182617406967212, -0.9063077870366512689 ) ) ;
#2994 = DIRECTION ( 'NONE',  ( -0.000000000000000000, -1.000000000000000000, -0.000000000000000000 ) ) ;
#2995 = LINE ( 'NONE', #1032, #841 ) ;
#2996 = DIRECTION ( 'NONE',  ( 0.000000000000000000, 0.000000000000000000, -1.000000000000000000 ) ) ;
#2997 = VECTOR ( 'NONE', #7559, 1000.000000000000000 ) ;
#2998 = VERTEX_POINT ( 'NONE', #759 ) ;
#2999 = ORIENTED_EDGE ( 'NONE', *, *, #2335, .T. ) ;
#3000 = VECTOR ( 'NONE', #4413, 1000.000000000000000 ) ;
#3001 = CARTESIAN_POINT ( 'NONE',  ( -111.9999999999999716, 20.00000000000000000, -107.0000000000000284 ) ) ;
#3002 = DIRECTION ( 'NONE',  ( 1.000000000000000000, -0.000000000000000000, 0.000000000000000000 ) ) ;
#3003 = ORIENTED_EDGE ( 'NONE', *, *, #5193, .F. ) ;
#3004 = ORIENTED_EDGE ( 'NONE', *, *, #3471, .F. ) ;
#3005 = CARTESIAN_POINT ( 'NONE',  ( -96.77180073764543522, 2.000000000000000000, 88.44999999999998863 ) ) ;
#3006 = AXIS2_PLACEMENT_3D ( 'NONE', #2363, #5808, #4451 ) ;
#3007 = CARTESIAN_POINT ( 'NONE',  ( 111.4500000000000171, 0.000000000000000000, -101.4500000000000171 ) ) ;
#3008 = CARTESIAN_POINT ( 'NONE',  ( 1.279358249347100518, 10.29999999999999893, -85.70484657297996023 ) ) ;
#3009 = DIRECTION ( 'NONE',  ( 0.4226182617406967212, 0.9063077870366511579, 0.000000000000000000 ) ) ;
#3010 = ADVANCED_FACE ( 'NONE', ( #625 ), #2069, .F. ) ;
#3011 = CARTESIAN_POINT ( 'NONE',  ( -89.86523063261998345, 16.00000000000000000, -112.0000000000000000 ) ) ;
#3012 = ORIENTED_EDGE ( 'NONE', *, *, #1643, .T. ) ;
#3013 = ORIENTED_EDGE ( 'NONE', *, *, #2293, .T. ) ;
#3014 = CARTESIAN_POINT ( 'NONE',  ( -83.19409257467633267, 10.29999999999999893, -77.11528377629815623 ) ) ;
#3015 = LINE ( 'NONE', #5771, #4426 ) ;
#3016 = ORIENTED_EDGE ( 'NONE', *, *, #7275, .F. ) ;
#3017 = DIRECTION ( 'NONE',  ( -0.000000000000000000, -0.000000000000000000, -1.000000000000000000 ) ) ;
#3018 = CARTESIAN_POINT ( 'NONE',  ( -84.58002309465425128, 12.30000000000000071, -96.66636894209425179 ) ) ;
#3019 = DIRECTION ( 'NONE',  ( 0.000000000000000000, -0.000000000000000000, 1.000000000000000000 ) ) ;
#3020 = EDGE_CURVE ( 'NONE', #7069, #6291, #46, .T. ) ;
#3021 = ORIENTED_EDGE ( 'NONE', *, *, #7429, .F. ) ;
#3022 = ORIENTED_EDGE ( 'NONE', *, *, #7120, .F. ) ;
#3023 = EDGE_CURVE ( 'NONE', #6117, #2201, #8502, .T. ) ;
#3024 = CARTESIAN_POINT ( 'NONE',  ( 35.54999999999998295, -312.4838379715732799, -38.65000000000001279 ) ) ;
#3025 = EDGE_CURVE ( 'NONE', #4417, #8078, #5563, .T. ) ;
#3026 = CARTESIAN_POINT ( 'NONE',  ( 96.77180073764540680, 2.000000000000000000, 0.000000000000000000 ) ) ;
#3027 = EDGE_CURVE ( 'NONE', #6607, #6993, #3525, .T. ) ;
#3028 = LINE ( 'NONE', #1830, #2472 ) ;
#3029 = DIRECTION ( 'NONE',  ( 0.000000000000000000, 0.000000000000000000, -1.000000000000000000 ) ) ;
#3030 = DIRECTION ( 'NONE',  ( 0.000000000000000000, -0.000000000000000000, 1.000000000000000000 ) ) ;
#3031 = EDGE_CURVE ( 'NONE', #6949, #7757, #4889, .T. ) ;
#3032 = DIRECTION ( 'NONE',  ( -0.000000000000000000, 1.000000000000000000, -0.000000000000000000 ) ) ;
#3033 = EDGE_CURVE ( 'NONE', #7039, #6081, #8922, .T. ) ;
#3034 = CONICAL_SURFACE ( 'NONE', #8396, 3.299999999999997158, 0.7853981633974533860 ) ;
#3035 = EDGE_LOOP ( 'NONE', ( #6919, #4248, #4305, #191 ) ) ;
#3036 = CARTESIAN_POINT ( 'NONE',  ( 47.29999999999999005, 4.299999999999999822, -42.60000000000003695 ) ) ;
#3037 = DIRECTION ( 'NONE',  ( 0.6427876096865482447, 0.7660444431189705750, 0.000000000000000000 ) ) ;
#3038 = PLANE ( 'NONE',  #7765 ) ;
#3039 = EDGE_CURVE ( 'NONE', #4365, #6290, #6921, .T. ) ;
#3040 = CARTESIAN_POINT ( 'NONE',  ( 0.000000000000000000, 10.30000000000000071, -95.76896198777731684 ) ) ;
#3041 = CARTESIAN_POINT ( 'NONE',  ( 71.86523063261998345, 16.00000000000000000, 117.0000000000000000 ) ) ;
#3042 = DIRECTION ( 'NONE',  ( -1.000000000000000000, 0.000000000000000000, 0.000000000000000000 ) ) ;
#3043 = EDGE_CURVE ( 'NONE', #2952, #971, #671, .T. ) ;
#3044 = VECTOR ( 'NONE', #8096, 1000.000000000000000 ) ;
#3045 = ORIENTED_EDGE ( 'NONE', *, *, #354, .F. ) ;
#3046 = ORIENTED_EDGE ( 'NONE', *, *, #1590, .F. ) ;
#3047 = AXIS2_PLACEMENT_3D ( 'NONE', #935, #6468, #8285 ) ;
#3048 = CARTESIAN_POINT ( 'NONE',  ( 117.0000000000001705, 20.00000000000000000, -70.00000000000042633 ) ) ;
#3049 = DIRECTION ( 'NONE',  ( -0.000000000000000000, 1.000000000000000000, -0.000000000000000000 ) ) ;
#3050 = VERTEX_POINT ( 'NONE', #1394 ) ;
#3051 = ORIENTED_EDGE ( 'NONE', *, *, #3861, .T. ) ;
#3052 = LINE ( 'NONE', #8576, #3184 ) ;
#3053 = CARTESIAN_POINT ( 'NONE',  ( 47.29999999999999005, 10.90000000000002878, -47.29999999999999005 ) ) ;
#3054 = CARTESIAN_POINT ( 'NONE',  ( -91.73046126523995270, 20.00000000000000000, 117.0000000000000000 ) ) ;
#3055 = VECTOR ( 'NONE', #5762, 1000.000000000000000 ) ;
#3056 = DIRECTION ( 'NONE',  ( 0.000000000000000000, 1.000000000000000000, 0.000000000000000000 ) ) ;
#3057 = ORIENTED_EDGE ( 'NONE', *, *, #4062, .F. ) ;
#3058 = ORIENTED_EDGE ( 'NONE', *, *, #3020, .F. ) ;
#3059 = DIRECTION ( 'NONE',  ( -0.9028952131300302941, 0.000000000000000000, 0.4298607147750039270 ) ) ;
#3060 = ADVANCED_FACE ( 'NONE', ( #5474 ), #4162, .T. ) ;
#3061 = CARTESIAN_POINT ( 'NONE',  ( 30.54999999999999005, 104.0000000000000142, -33.34999999999999432 ) ) ;
#3062 = VERTEX_POINT ( 'NONE', #2970 ) ;
#3063 = FACE_OUTER_BOUND ( 'NONE', #3228, .T. ) ;
#3064 = CARTESIAN_POINT ( 'NONE',  ( -81.14469960853088537, 12.30000000000000071, -93.21201394122628869 ) ) ;
#3065 = DIRECTION ( 'NONE',  ( 0.1731268707254287609, 0.000000000000000000, 0.9848995312379941192 ) ) ;
#3066 = EDGE_CURVE ( 'NONE', #1890, #8091, #2025, .T. ) ;
#3067 = ORIENTED_EDGE ( 'NONE', *, *, #6612, .F. ) ;
#3068 = ORIENTED_EDGE ( 'NONE', *, *, #4072, .T. ) ;
#3069 = CONICAL_SURFACE ( 'NONE', #2771, 3.299999999999997158, 0.7853981633974433940 ) ;
#3070 = CARTESIAN_POINT ( 'NONE',  ( 0.000000000000000000, 0.000000000000000000, -85.45000000000000284 ) ) ;
#3071 = ADVANCED_FACE ( 'NONE', ( #4788 ), #7134, .T. ) ;
#3072 = CARTESIAN_POINT ( 'NONE',  ( -90.62854540391286662, 12.30000000000000071, -82.13623666937780854 ) ) ;
#3073 = FACE_OUTER_BOUND ( 'NONE', #5894, .T. ) ;
#3074 = VECTOR ( 'NONE', #4946, 1000.000000000000000 ) ;
#3075 = CARTESIAN_POINT ( 'NONE',  ( 32.27900000000001057, 12.30000000000000071, -101.0089619877773259 ) ) ;
#3076 = DIRECTION ( 'NONE',  ( 0.2194626953719052698, 0.000000000000000000, 0.9756208922220240831 ) ) ;
#3077 = CARTESIAN_POINT ( 'NONE',  ( -91.88706167433458916, 10.29999999999999893, -77.84957317619922890 ) ) ;
#3078 = ORIENTED_EDGE ( 'NONE', *, *, #1522, .T. ) ;
#3079 = CARTESIAN_POINT ( 'NONE',  ( -71.86523063261998345, 16.00000000000000000, 117.0000000000000000 ) ) ;
#3080 = CARTESIAN_POINT ( 'NONE',  ( 47.29999999999999005, 0.000000000000000000, -50.59999999999998721 ) ) ;
#3081 = DIRECTION ( 'NONE',  ( 0.000000000000000000, -0.4999999999999986677, 0.8660254037844394848 ) ) ;
#3082 = CARTESIAN_POINT ( 'NONE',  ( 10.02136768107052056, 10.30000000000000071, 1.761568537688178226 ) ) ;
#3083 = ADVANCED_FACE ( 'NONE', ( #1442 ), #4207, .T. ) ;
#3084 = EDGE_CURVE ( 'NONE', #8017, #2119, #2658, .T. ) ;
#3085 = EDGE_LOOP ( 'NONE', ( #3770, #1564, #3012, #537 ) ) ;
#3086 = ORIENTED_EDGE ( 'NONE', *, *, #7577, .F. ) ;
#3087 = CARTESIAN_POINT ( 'NONE',  ( -107.0000000000000000, 0.000000000000000000, 117.0000000000000000 ) ) ;
#3088 = ORIENTED_EDGE ( 'NONE', *, *, #3232, .F. ) ;
#3089 = ORIENTED_EDGE ( 'NONE', *, *, #3404, .T. ) ;
#3090 = DIRECTION ( 'NONE',  ( 0.6427876096865482447, 0.7660444431189705750, 0.000000000000000000 ) ) ;
#3091 = CARTESIAN_POINT ( 'NONE',  ( -116.9999999999999858, 0.000000000000000000, -107.0000000000000284 ) ) ;
#3092 = DIRECTION ( 'NONE',  ( -0.1592467030307479492, 0.000000000000000000, 0.9872388199285099253 ) ) ;
#3093 = FACE_OUTER_BOUND ( 'NONE', #1461, .T. ) ;
#3094 = ORIENTED_EDGE ( 'NONE', *, *, #1464, .T. ) ;
#3095 = ORIENTED_EDGE ( 'NONE', *, *, #3733, .T. ) ;
#3096 = DIRECTION ( 'NONE',  ( 1.000000000000000000, 0.000000000000000000, 0.000000000000000000 ) ) ;
#3097 = CARTESIAN_POINT ( 'NONE',  ( 88.45000000000000284, 0.000000000000000000, 88.45000000000000284 ) ) ;
#3098 = ORIENTED_EDGE ( 'NONE', *, *, #7283, .F. ) ;
#3099 = CARTESIAN_POINT ( 'NONE',  ( 0.000000000000000000, 10.30000000000000071, 0.000000000000000000 ) ) ;
#3100 = CARTESIAN_POINT ( 'NONE',  ( -83.91645229884062474, 10.29999999999999893, -96.36870304938427978 ) ) ;
#3101 = LINE ( 'NONE', #5859, #4246 ) ;
#3102 = ORIENTED_EDGE ( 'NONE', *, *, #8227, .F. ) ;
#3103 = ORIENTED_EDGE ( 'NONE', *, *, #496, .F. ) ;
#3104 = EDGE_CURVE ( 'NONE', #1900, #2952, #5099, .T. ) ;
#3105 = FACE_OUTER_BOUND ( 'NONE', #7091, .T. ) ;
#3106 = EDGE_CURVE ( 'NONE', #44, #7750, #4850, .T. ) ;
#3107 = CARTESIAN_POINT ( 'NONE',  ( -3.219999999999967777, 10.30000000000000071, -94.59396198777730547 ) ) ;
#3108 = CARTESIAN_POINT ( 'NONE',  ( -87.94359959426023465, 12.30000000000000071, -80.91589988765126407 ) ) ;
#3109 = DIRECTION ( 'NONE',  ( 0.000000000000000000, 1.000000000000000000, 0.000000000000000000 ) ) ;
#3110 = CARTESIAN_POINT ( 'NONE',  ( -3.116827455484562304, 12.30000000000000249, -95.53760971888154074 ) ) ;
#3111 = LINE ( 'NONE', #5113, #1452 ) ;
#3112 = ORIENTED_EDGE ( 'NONE', *, *, #1166, .F. ) ;
#3113 = CARTESIAN_POINT ( 'NONE',  ( -47.30000000000032401, 4.299999999999999822, 47.29999999999965610 ) ) ;
#3114 = AXIS2_PLACEMENT_3D ( 'NONE', #5, #2076, #4840 ) ;
#3115 = DIRECTION ( 'NONE',  ( -0.000000000000000000, 1.000000000000000000, -0.000000000000000000 ) ) ;
#3117 = EDGE_CURVE ( 'NONE', #8918, #225, #7355, .T. ) ;
#3116 = CARTESIAN_POINT ( 'NONE',  ( 0.000000000000000000, -1.734723475976807094E-15, 80.44999999999998863 ) ) ;
#3118 = CARTESIAN_POINT ( 'NONE',  ( 112.0000000000000142, -185.3052315043351825, -165.7354017097560472 ) ) ;
#3119 = AXIS2_PLACEMENT_3D ( 'NONE', #3755, #8522, #273 ) ;
#3120 = CARTESIAN_POINT ( 'NONE',  ( 47.29999999999981952, 5.699999999999909583, 44.00000000000015632 ) ) ;
#3122 = ADVANCED_FACE ( 'NONE', ( #5774 ), #7423, .T. ) ;
#3121 = VECTOR ( 'NONE', #7448, 1000.000000000000114 ) ;
#3123 = CARTESIAN_POINT ( 'NONE',  ( 53.49729820731779029, 10.29999999999999893, -87.29422186869982170 ) ) ;
#3124 = VERTEX_POINT ( 'NONE', #1658 ) ;
#3125 = AXIS2_PLACEMENT_3D ( 'NONE', #4670, #2587, #7437 ) ;
#3126 = ADVANCED_FACE ( 'NONE', ( #1782, #7915 ), #6494, .T. ) ;
#3127 = EDGE_LOOP ( 'NONE', ( #2751, #7722, #4167, #6712 ) ) ;
#3128 = VECTOR ( 'NONE', #672, 1000.000000000000000 ) ;
#3129 = CARTESIAN_POINT ( 'NONE',  ( 28.31400000000001427, 12.30000000000000071, -87.88896198777732138 ) ) ;
#3130 = ORIENTED_EDGE ( 'NONE', *, *, #2779, .T. ) ;
#3131 = EDGE_CURVE ( 'NONE', #711, #3062, #3150, .T. ) ;
#3132 = EDGE_CURVE ( 'NONE', #6862, #728, #5222, .T. ) ;
#3133 = ADVANCED_FACE ( 'NONE', ( #7955 ), #1741, .F. ) ;
#3134 = ORIENTED_EDGE ( 'NONE', *, *, #8510, .F. ) ;
#3135 = DIRECTION ( 'NONE',  ( 1.000000000000000000, -0.000000000000000000, 0.000000000000000000 ) ) ;
#3136 = FACE_OUTER_BOUND ( 'NONE', #30, .T. ) ;
#3137 = CARTESIAN_POINT ( 'NONE',  ( 0.000000000000000000, 12.30000000000000071, -77.00896198777732593 ) ) ;
#3138 = AXIS2_PLACEMENT_3D ( 'NONE', #4941, #6470, #897 ) ;
#3139 = ADVANCED_FACE ( 'NONE', ( #7997 ), #8715, .T. ) ;
#3140 = CARTESIAN_POINT ( 'NONE',  ( 107.0000000000000142, 20.00000000000000000, 107.0000000000000000 ) ) ;
#3141 = CARTESIAN_POINT ( 'NONE',  ( 64.45300000000001717, 10.30000000000000071, 0.000000000000000000 ) ) ;
#3142 = ORIENTED_EDGE ( 'NONE', *, *, #2899, .F. ) ;
#3143 = VERTEX_POINT ( 'NONE', #6031 ) ;
#3144 = DIRECTION ( 'NONE',  ( -0.000000000000000000, 0.000000000000000000, 1.000000000000000000 ) ) ;
#3145 = EDGE_CURVE ( 'NONE', #2663, #7624, #6702, .T. ) ;
#3146 = VECTOR ( 'NONE', #4503, 1000.000000000000000 ) ;
#3147 = DIRECTION ( 'NONE',  ( -1.000000000000000000, -0.000000000000000000, 3.491481338843133355E-15 ) ) ;
#3148 = ORIENTED_EDGE ( 'NONE', *, *, #3301, .F. ) ;
#3149 = CARTESIAN_POINT ( 'NONE',  ( -111.9999999999999716, 20.00000000000000000, 70.00000000000039790 ) ) ;
#3150 = LINE ( 'NONE', #7226, #1184 ) ;
#3151 = LINE ( 'NONE', #5903, #6255 ) ;
#3152 = ORIENTED_EDGE ( 'NONE', *, *, #644, .T. ) ;
#3153 = EDGE_LOOP ( 'NONE', ( #7075, #280, #2360, #6851, #1410, #3623, #2818, #7720, #7250, #3487 ) ) ;
#3154 = CARTESIAN_POINT ( 'NONE',  ( -36.12702438247131909, 10.30000000000000071, 8.126654738487687268 ) ) ;
#3155 = LINE ( 'NONE', #1873, #8187 ) ;
#3156 = CARTESIAN_POINT ( 'NONE',  ( 99.27826237330735637, 12.30000000000000071, -25.70231275669579318 ) ) ;
#3157 = AXIS2_PLACEMENT_3D ( 'NONE', #1760, #5754, #5075 ) ;
#3158 = CARTESIAN_POINT ( 'NONE',  ( -1.122099412789232753, 12.30000000000000249, -76.69030267170430193 ) ) ;
#3159 = FACE_OUTER_BOUND ( 'NONE', #3897, .T. ) ;
#3160 = VERTEX_POINT ( 'NONE', #7492 ) ;
#3161 = CARTESIAN_POINT ( 'NONE',  ( 0.02913372182865263393, 12.30000000000000249, -80.84497176836100607 ) ) ;
#3162 = ORIENTED_EDGE ( 'NONE', *, *, #3404, .F. ) ;
#3163 = CARTESIAN_POINT ( 'NONE',  ( -48.57800000000001006, 12.30000000000000071, -101.0089619877773117 ) ) ;
#3164 = EDGE_CURVE ( 'NONE', #1766, #7153, #8129, .T. ) ;
#3165 = CARTESIAN_POINT ( 'NONE',  ( -101.4500000000000597, 0.000000000000000000, 101.4499999999999886 ) ) ;
#3166 = CARTESIAN_POINT ( 'NONE',  ( 3.667694673168418351, 12.30000000000000071, -77.34288084189925883 ) ) ;
#3167 = CARTESIAN_POINT ( 'NONE',  ( 19.92900000000000915, 10.30000000000000071, -101.0089619877773259 ) ) ;
#3168 = ORIENTED_EDGE ( 'NONE', *, *, #5895, .F. ) ;
#3169 = ORIENTED_EDGE ( 'NONE', *, *, #342, .T. ) ;
#3170 = AXIS2_PLACEMENT_3D ( 'NONE', #1959, #8130, #3277 ) ;
#3171 = DIRECTION ( 'NONE',  ( -1.000000000000000000, 0.000000000000000000, 1.239088197126290570E-16 ) ) ;
#3172 = ORIENTED_EDGE ( 'NONE', *, *, #1697, .F. ) ;
#3173 = ORIENTED_EDGE ( 'NONE', *, *, #8521, .F. ) ;
#3174 = LINE ( 'NONE', #6610, #1603 ) ;
#3175 = DIRECTION ( 'NONE',  ( -0.000000000000000000, 1.000000000000000000, -0.000000000000000000 ) ) ;
#3176 = LINE ( 'NONE', #4362, #1724 ) ;
#3177 = CARTESIAN_POINT ( 'NONE',  ( 59.99800000000000466, 10.30000000000000071, -88.20896198777730035 ) ) ;
#3178 = ORIENTED_EDGE ( 'NONE', *, *, #3145, .T. ) ;
#3179 = ORIENTED_EDGE ( 'NONE', *, *, #6715, .T. ) ;
#3180 = EDGE_CURVE ( 'NONE', #2333, #774, #7865, .T. ) ;
#3181 = CARTESIAN_POINT ( 'NONE',  ( 14.98725320819333362, 10.30000000000000071, -7.135303502445473178 ) ) ;
#3182 = DIRECTION ( 'NONE',  ( -0.9848995312379942302, 0.000000000000000000, 0.1731268707254287886 ) ) ;
#3183 = VERTEX_POINT ( 'NONE', #1957 ) ;
#3184 = VECTOR ( 'NONE', #3090, 1000.000000000000114 ) ;
#3185 = CARTESIAN_POINT ( 'NONE',  ( -88.45000000000004547, 2.000000000000000000, 96.77180073764537838 ) ) ;
#3186 = CARTESIAN_POINT ( 'NONE',  ( -81.45987952899491802, 10.29999999999999893, -93.90191434852255270 ) ) ;
#3187 = LINE ( 'NONE', #7227, #333 ) ;
#3188 = ORIENTED_EDGE ( 'NONE', *, *, #5732, .T. ) ;
#3189 = EDGE_CURVE ( 'NONE', #8500, #5430, #3938, .T. ) ;
#3190 = CARTESIAN_POINT ( 'NONE',  ( -88.66425111273758830, 10.29999999999999893, -76.76900583924737020 ) ) ;
#3191 = CARTESIAN_POINT ( 'NONE',  ( -1.967411687700925782, 10.30000000000000071, -92.48079812738762939 ) ) ;
#3192 = CARTESIAN_POINT ( 'NONE',  ( 52.51490099749453577, 12.30000000000000071, -77.47629502725661155 ) ) ;
#3193 = EDGE_CURVE ( 'NONE', #5297, #8071, #506, .T. ) ;
#3194 = CARTESIAN_POINT ( 'NONE',  ( -5.145129151502004561, 10.29999999999999893, -100.0195756962954334 ) ) ;
#3195 = CARTESIAN_POINT ( 'NONE',  ( 35.54999999999998295, -312.4838379715732799, 38.65000000000000568 ) ) ;
#3196 = ORIENTED_EDGE ( 'NONE', *, *, #8788, .F. ) ;
#3197 = B_SPLINE_CURVE_WITH_KNOTS ( 'NONE', 3,
 ( #425, #3871, #3190, #8720, #8592, #2507, #5268, #1834, #1871 ),
 .UNSPECIFIED., .F., .F.,
 ( 4, 1, 1, 1, 1, 1, 4 ),
 ( 0.000000000000000000, 0.2847445992815954563, 0.4173494283031717877, 0.5454234821401464650, 0.6673872864749725853, 0.7821636662827655684, 1.000000000000000000 ),
 .UNSPECIFIED. ) ;
#3198 = CARTESIAN_POINT ( 'NONE',  ( -91.01921363451414493, 10.29999999999999893, -77.43007272092579285 ) ) ;
#3199 = ORIENTED_EDGE ( 'NONE', *, *, #7696, .T. ) ;
#3200 = DIRECTION ( 'NONE',  ( 0.000000000000000000, -0.000000000000000000, 1.000000000000000000 ) ) ;
#3201 = AXIS2_PLACEMENT_3D ( 'NONE', #7557, #2750, #4600 ) ;
#3202 = CIRCLE ( 'NONE', #8706, 4.999999999999990230 ) ;
#3203 = CARTESIAN_POINT ( 'NONE',  ( -116.9999999999999858, 20.00000000000000000, 107.0000000000000000 ) ) ;
#3204 = CARTESIAN_POINT ( 'NONE',  ( 55.92800000000000438, 12.30000000000000071, -92.36896198777731115 ) ) ;
#3205 = CARTESIAN_POINT ( 'NONE',  ( 7.042206333115736072, 12.30000000000000071, -80.48524964823167238 ) ) ;
#3206 = DIRECTION ( 'NONE',  ( 0.4472135954999575946, -0.7745966692414844035, 0.4472135954999564289 ) ) ;
#3207 = VERTEX_POINT ( 'NONE', #6077 ) ;
#3208 = VECTOR ( 'NONE', #2494, 1000.000000000000000 ) ;
#3209 = DIRECTION ( 'NONE',  ( 0.8998451774189043517, 0.000000000000000000, 0.4362094183714292916 ) ) ;
#3210 = ORIENTED_EDGE ( 'NONE', *, *, #1642, .T. ) ;
#3211 = EDGE_CURVE ( 'NONE', #2067, #4623, #2492, .T. ) ;
#3212 = ORIENTED_EDGE ( 'NONE', *, *, #3386, .F. ) ;
#3213 = DIRECTION ( 'NONE',  ( 0.000000000000000000, 0.000000000000000000, 1.000000000000000000 ) ) ;
#3214 = VECTOR ( 'NONE', #8171, 1000.000000000000000 ) ;
#3215 = CARTESIAN_POINT ( 'NONE',  ( -33.64999999999998437, 20.00000000000000000, 107.0000000000000000 ) ) ;
#3216 = CARTESIAN_POINT ( 'NONE',  ( -59.49800000000002598, 12.30000000000000071, -95.76896198777731684 ) ) ;
#3217 = LINE ( 'NONE', #5974, #8428 ) ;
#3218 = VERTEX_POINT ( 'NONE', #2640 ) ;
#3219 = ORIENTED_EDGE ( 'NONE', *, *, #8459, .T. ) ;
#3220 = CARTESIAN_POINT ( 'NONE',  ( -75.44999999999997442, 2.000000000000000000, 83.77180073764539259 ) ) ;
#3221 = DIRECTION ( 'NONE',  ( -1.000000000000000000, -0.000000000000000000, 3.491481338843133355E-15 ) ) ;
#3222 = VERTEX_POINT ( 'NONE', #5403 ) ;
#3223 = LINE ( 'NONE', #1953, #1087 ) ;
#3224 = CARTESIAN_POINT ( 'NONE',  ( -26.04399999999997917, 12.30000000000000071, -101.0089619877772975 ) ) ;
#3225 = LINE ( 'NONE', #5983, #615 ) ;
#3226 = CARTESIAN_POINT ( 'NONE',  ( -71.86523063261998345, 16.00000000000000000, -117.0000000000000000 ) ) ;
#3227 = DIRECTION ( 'NONE',  ( 3.491481338843133355E-15, 0.000000000000000000, 1.000000000000000000 ) ) ;
#3228 = EDGE_LOOP ( 'NONE', ( #3455, #2003, #2908, #8112 ) ) ;
#3229 = VERTEX_POINT ( 'NONE', #5354 ) ;
#3230 = EDGE_CURVE ( 'NONE', #7500, #4077, #605, .T. ) ;
#3231 = FACE_OUTER_BOUND ( 'NONE', #2224, .T. ) ;
#3232 = EDGE_CURVE ( 'NONE', #1998, #4105, #464, .T. ) ;
#3233 = EDGE_CURVE ( 'NONE', #7757, #8572, #1865, .T. ) ;
#3234 = CARTESIAN_POINT ( 'NONE',  ( -0.4149999999999675060, 12.30000000000000249, -80.84896198777731513 ) ) ;
#3235 = ORIENTED_EDGE ( 'NONE', *, *, #480, .F. ) ;
#3236 = CARTESIAN_POINT ( 'NONE',  ( -93.81200000000004025, 12.30000000000000071, -79.64396198777728841 ) ) ;
#3237 = EDGE_CURVE ( 'NONE', #2819, #3222, #5497, .T. ) ;
#3238 = EDGE_CURVE ( 'NONE', #928, #5559, #1912, .T. ) ;
#3239 = EDGE_CURVE ( 'NONE', #2881, #2678, #2060, .T. ) ;
#3240 = FACE_OUTER_BOUND ( 'NONE', #1997, .T. ) ;
#3241 = CARTESIAN_POINT ( 'NONE',  ( 0.000000000000000000, 12.30000000000000071, -88.20896198777730035 ) ) ;
#3242 = ORIENTED_EDGE ( 'NONE', *, *, #6707, .F. ) ;
#3243 = CARTESIAN_POINT ( 'NONE',  ( 52.65800000000000836, 10.29999999999999893, -84.68896198777730433 ) ) ;
#3244 = EDGE_LOOP ( 'NONE', ( #4683, #256, #5236, #5517 ) ) ;
#3245 = DIRECTION ( 'NONE',  ( -1.782506277851184632E-16, 0.000000000000000000, -1.000000000000000000 ) ) ;
#3246 = CARTESIAN_POINT ( 'NONE',  ( 2.200000000000035261, 10.30000000000000071, -90.42896198777731342 ) ) ;
#3247 = CARTESIAN_POINT ( 'NONE',  ( 0.000000000000000000, 10.30000000000000071, -77.00896198777732593 ) ) ;
#3248 = DIRECTION ( 'NONE',  ( 0.000000000000000000, -1.000000000000000000, 0.000000000000000000 ) ) ;
#3249 = LINE ( 'NONE', #6011, #2017 ) ;
#3250 = VECTOR ( 'NONE', #7823, 1000.000000000000000 ) ;
#3251 = CIRCLE ( 'NONE', #2387, 6.678199262354605814 ) ;
#3252 = VERTEX_POINT ( 'NONE', #8268 ) ;
#3253 = CARTESIAN_POINT ( 'NONE',  ( 49.94769352147771713, 10.30000000000000071, -90.26923702598654131 ) ) ;
#3254 = AXIS2_PLACEMENT_3D ( 'NONE', #2664, #6645, #3209 ) ;
#3255 = ORIENTED_EDGE ( 'NONE', *, *, #3292, .T. ) ;
#3256 = ORIENTED_EDGE ( 'NONE', *, *, #5020, .T. ) ;
#3257 = VECTOR ( 'NONE', #1647, 1000.000000000000000 ) ;
#3258 = FACE_OUTER_BOUND ( 'NONE', #195, .T. ) ;
#3259 = AXIS2_PLACEMENT_3D ( 'NONE', #3181, #3059, #1822 ) ;
#3260 = DIRECTION ( 'NONE',  ( -0.000000000000000000, 1.000000000000000000, -0.000000000000000000 ) ) ;
#3261 = CARTESIAN_POINT ( 'NONE',  ( -2.759999999999967368, 10.30000000000000071, -87.84396198777731968 ) ) ;
#3262 = DIRECTION ( 'NONE',  ( -0.000000000000000000, -0.000000000000000000, -1.000000000000000000 ) ) ;
#3263 = ORIENTED_EDGE ( 'NONE', *, *, #4432, .T. ) ;
#3264 = VECTOR ( 'NONE', #7043, 1000.000000000000114 ) ;
#3265 = EDGE_LOOP ( 'NONE', ( #473, #3750, #7459, #5986, #406, #4988, #8042, #4581, #3689, #319 ) ) ;
#3266 = AXIS2_PLACEMENT_3D ( 'NONE', #8528, #2139, #4991 ) ;
#3267 = AXIS2_PLACEMENT_3D ( 'NONE', #760, #3526, #3482 ) ;
#3268 = CIRCLE ( 'NONE', #6154, 4.699999999999898925 ) ;
#3269 = DIRECTION ( 'NONE',  ( 0.000000000000000000, -1.000000000000000000, 0.000000000000000000 ) ) ;
#3270 = CYLINDRICAL_SURFACE ( 'NONE', #6889, 9.999999999999980460 ) ;
#3271 = VERTEX_POINT ( 'NONE', #6122 ) ;
#3272 = VECTOR ( 'NONE', #5750, 1000.000000000000000 ) ;
#3273 = DIRECTION ( 'NONE',  ( 1.000000000000000000, 0.000000000000000000, 1.485049524645741479E-16 ) ) ;
#3274 = CARTESIAN_POINT ( 'NONE',  ( -33.27899999999998926, 12.30000000000000071, -77.00896198777729751 ) ) ;
#3275 = EDGE_CURVE ( 'NONE', #8676, #5187, #8849, .T. ) ;
#3276 = CARTESIAN_POINT ( 'NONE',  ( -52.86300000000001376, 10.30000000000000071, -82.24896198777730660 ) ) ;
#3277 = DIRECTION ( 'NONE',  ( -4.511570479844966326E-16, 0.000000000000000000, 1.000000000000000000 ) ) ;
#3278 = LINE ( 'NONE', #607, #4950 ) ;
#3279 = VERTEX_POINT ( 'NONE', #6661 ) ;
#3280 = ORIENTED_EDGE ( 'NONE', *, *, #2087, .T. ) ;
#3281 = AXIS2_PLACEMENT_3D ( 'NONE', #7310, #7821, #294 ) ;
#3282 = CARTESIAN_POINT ( 'NONE',  ( 112.0000000000000142, 20.00000000000000000, 107.0000000000000000 ) ) ;
#3283 = CARTESIAN_POINT ( 'NONE',  ( -3.222315958992008511, 10.30000000000000071, -94.34105057843093789 ) ) ;
#3284 = EDGE_LOOP ( 'NONE', ( #1016, #7892, #26, #3349 ) ) ;
#3285 = B_SPLINE_CURVE_WITH_KNOTS ( 'NONE', 3,
 ( #6032, #8756, #8085, #6168, #8223, #8807, #606, #4675, #3367, #1866, #8899, #7493, #2594, #4633, #6123, #7402, #2007 ),
 .UNSPECIFIED., .F., .F.,
 ( 4, 1, 1, 1, 1, 1, 1, 1, 1, 1, 1, 1, 1, 1, 4 ),
 ( 0.000000000000000000, 0.1203188265842420196, 0.1770840744970103853, 0.2323808333993849784, 0.2874324481452071312, 0.3423696298753973744, 0.3983131762392832509, 0.4559601364704645166, 0.5150791709012468855, 0.5755118426849108459, 0.6379624447071429172, 0.7032124837466858791, 0.7715409866018164697, 0.8435793169397768354, 1.000000000000000000 ),
 .UNSPECIFIED. ) ;
#3286 = FACE_BOUND ( 'NONE', #1784, .T. ) ;
#3287 = CARTESIAN_POINT ( 'NONE',  ( -101.4500000000000597, 2.000000000000000000, 109.7718007376453784 ) ) ;
#3288 = CARTESIAN_POINT ( 'NONE',  ( -8.044999999999969731, 10.29999999999999893, -94.67896198777731342 ) ) ;
#3289 = CARTESIAN_POINT ( 'NONE',  ( -75.75809690615042769, 10.29999999999999893, -89.94084206137338811 ) ) ;
#3290 = EDGE_CURVE ( 'NONE', #6, #2601, #3225, .T. ) ;
#3291 = ORIENTED_EDGE ( 'NONE', *, *, #3878, .F. ) ;
#3292 = EDGE_CURVE ( 'NONE', #5171, #7156, #5689, .T. ) ;
#3293 = CARTESIAN_POINT ( 'NONE',  ( -44.08666308555050506, 10.30000000000000071, -38.34165883077631065 ) ) ;
#3294 = EDGE_LOOP ( 'NONE', ( #82, #1767, #5622, #35 ) ) ;
#3295 = LINE ( 'NONE', #6048, #4874 ) ;
#3296 = LINE ( 'NONE', #1844, #8031 ) ;
#3297 = PLANE ( 'NONE',  #519 ) ;
#3298 = DIRECTION ( 'NONE',  ( 0.000000000000000000, 0.000000000000000000, 1.000000000000000000 ) ) ;
#3299 = CARTESIAN_POINT ( 'NONE',  ( -88.45000000000000284, 0.000000000000000000, -88.45000000000000284 ) ) ;
#3300 = EDGE_CURVE ( 'NONE', #1680, #5168, #2548, .T. ) ;
#3301 = EDGE_CURVE ( 'NONE', #866, #2141, #8084, .T. ) ;
#3302 = CARTESIAN_POINT ( 'NONE',  ( 29.72900000000001697, 10.30000000000000071, -92.68896198777731854 ) ) ;
#3303 = CARTESIAN_POINT ( 'NONE',  ( -0.4149999999999675060, 10.30000000000000249, -80.84896198777731513 ) ) ;
#3304 = VERTEX_POINT ( 'NONE', #8449 ) ;
#3305 = CARTESIAN_POINT ( 'NONE',  ( -7.704390919590080600, 12.30000000000000071, -92.72937885561047722 ) ) ;
#3306 = ORIENTED_EDGE ( 'NONE', *, *, #701, .T. ) ;
#3307 = CARTESIAN_POINT ( 'NONE',  ( 107.0000000000000426, 12.29999999999997762, -112.0000000000000000 ) ) ;
#3308 = ADVANCED_FACE ( 'NONE', ( #7079 ), #7033, .T. ) ;
#3309 = CARTESIAN_POINT ( 'NONE',  ( 83.77180073764539259, 2.000000000000000000, 75.45000000000000284 ) ) ;
#3310 = CARTESIAN_POINT ( 'NONE',  ( -5.474649429957000990, 10.30000000000000071, -89.65106988456841464 ) ) ;
#3311 = CARTESIAN_POINT ( 'NONE',  ( 4.668470215189625350, 12.30000000000000249, -101.0023856098858062 ) ) ;
#3312 = ORIENTED_EDGE ( 'NONE', *, *, #1155, .T. ) ;
#3313 = ORIENTED_EDGE ( 'NONE', *, *, #1187, .F. ) ;
#3314 = VECTOR ( 'NONE', #4589, 1000.000000000000000 ) ;
#3315 = CARTESIAN_POINT ( 'NONE',  ( -2.259197017068998115, 12.30000000000000249, -96.53214377178107952 ) ) ;
#3316 = CARTESIAN_POINT ( 'NONE',  ( 117.0000000000000142, 20.00000000000000000, 107.0000000000000000 ) ) ;
#3317 = EDGE_LOOP ( 'NONE', ( #7084, #964, #393, #7650 ) ) ;
#3318 = VECTOR ( 'NONE', #579, 1000.000000000000000 ) ;
#3319 = DIRECTION ( 'NONE',  ( 1.000000000000000000, -0.000000000000000000, 0.000000000000000000 ) ) ;
#3320 = CARTESIAN_POINT ( 'NONE',  ( 51.00408128352539450, 10.30000000000000249, -91.11879411823714747 ) ) ;
#3321 = VECTOR ( 'NONE', #3530, 1000.000000000000114 ) ;
#3322 = DIRECTION ( 'NONE',  ( 1.000000000000000000, 0.000000000000000000, -0.000000000000000000 ) ) ;
#3323 = CARTESIAN_POINT ( 'NONE',  ( -6.781476607922519051, 12.29999999999999893, -78.56864829717355292 ) ) ;
#3324 = CARTESIAN_POINT ( 'NONE',  ( 0.4800000000000325118, 12.30000000000000071, -86.17396198777730376 ) ) ;
#3325 = VERTEX_POINT ( 'NONE', #739 ) ;
#3326 = ORIENTED_EDGE ( 'NONE', *, *, #4063, .F. ) ;
#3327 = DIRECTION ( 'NONE',  ( 0.000000000000000000, 0.000000000000000000, -1.000000000000000000 ) ) ;
#3328 = DIRECTION ( 'NONE',  ( -0.000000000000000000, -0.000000000000000000, -1.000000000000000000 ) ) ;
#3329 = ORIENTED_EDGE ( 'NONE', *, *, #2091, .F. ) ;
#3330 = CARTESIAN_POINT ( 'NONE',  ( -92.61700000000003286, 10.30000000000000071, -96.15396198777729353 ) ) ;
#3331 = ADVANCED_FACE ( 'NONE', ( #3460 ), #874, .T. ) ;
#3332 = CARTESIAN_POINT ( 'NONE',  ( 7.558137635452819580, 10.29999999999999893, -82.77228271876775523 ) ) ;
#3333 = CARTESIAN_POINT ( 'NONE',  ( -83.83282401281331886, 12.30000000000000071, -101.0089619877772975 ) ) ;
#3334 = CIRCLE ( 'NONE', #1879, 5.000000000000004441 ) ;
#3335 = CARTESIAN_POINT ( 'NONE',  ( 87.23517617866014007, 12.30000000000000071, -92.36896198777732536 ) ) ;
#3336 = VERTEX_POINT ( 'NONE', #4320 ) ;
#3337 = DIRECTION ( 'NONE',  ( 1.000000000000000000, 0.000000000000000000, 0.000000000000000000 ) ) ;
#3338 = ORIENTED_EDGE ( 'NONE', *, *, #5393, .F. ) ;
#3339 = LINE ( 'NONE', #2068, #5294 ) ;
#3340 = CARTESIAN_POINT ( 'NONE',  ( 51.00408128352539450, 12.30000000000000249, -91.11879411823714747 ) ) ;
#3341 = CARTESIAN_POINT ( 'NONE',  ( 75.45000000000000284, 2.000000000000000000, 75.45000000000000284 ) ) ;
#3342 = CARTESIAN_POINT ( 'NONE',  ( 6.387317127797724758, 10.29999999999999893, -79.35185100061414687 ) ) ;
#3343 = FACE_OUTER_BOUND ( 'NONE', #854, .T. ) ;
#3344 = DIRECTION ( 'NONE',  ( -0.000000000000000000, 1.000000000000000000, -0.000000000000000000 ) ) ;
#3345 = VECTOR ( 'NONE', #121, 1000.000000000000114 ) ;
#3346 = DIRECTION ( 'NONE',  ( 0.000000000000000000, 0.000000000000000000, -1.000000000000000000 ) ) ;
#3347 = ORIENTED_EDGE ( 'NONE', *, *, #2197, .F. ) ;
#3348 = CARTESIAN_POINT ( 'NONE',  ( -52.86300000000001376, 10.30000000000000071, -82.24896198777730660 ) ) ;
#3349 = ORIENTED_EDGE ( 'NONE', *, *, #6914, .F. ) ;
#3350 = CARTESIAN_POINT ( 'NONE',  ( -107.0000000000000000, 20.00000000000000000, -107.0000000000000284 ) ) ;
#3351 = EDGE_CURVE ( 'NONE', #7983, #7647, #6944, .T. ) ;
#3352 = EDGE_CURVE ( 'NONE', #8658, #8371, #3506, .T. ) ;
#3353 = CARTESIAN_POINT ( 'NONE',  ( 107.0000000000000142, 20.00000000000000000, 117.0000000000000000 ) ) ;
#3354 = CARTESIAN_POINT ( 'NONE',  ( -7.518201448106932361, 12.30000000000000249, -92.25739125399108786 ) ) ;
#3355 = DIRECTION ( 'NONE',  ( -0.000000000000000000, 1.000000000000000000, -0.000000000000000000 ) ) ;
#3356 = EDGE_LOOP ( 'NONE', ( #8574, #7544, #1373, #7938 ) ) ;
#3357 = VECTOR ( 'NONE', #5658, 1000.000000000000000 ) ;
#3358 = VERTEX_POINT ( 'NONE', #8409 ) ;
#3359 = CARTESIAN_POINT ( 'NONE',  ( -0.7912798776136079626, 12.30000000000000249, -97.11511566413554419 ) ) ;
#3360 = DIRECTION ( 'NONE',  ( 0.000000000000000000, 0.000000000000000000, 1.000000000000000000 ) ) ;
#3361 = CONICAL_SURFACE ( 'NONE', #943, 4.699999999999953992, 0.7853981633974367327 ) ;
#3362 = ORIENTED_EDGE ( 'NONE', *, *, #1504, .T. ) ;
#3363 = ORIENTED_EDGE ( 'NONE', *, *, #2298, .F. ) ;
#3364 = FACE_OUTER_BOUND ( 'NONE', #2194, .T. ) ;
#3365 = DIRECTION ( 'NONE',  ( 1.000000000000000000, -0.000000000000000000, 0.000000000000000000 ) ) ;
#3366 = CARTESIAN_POINT ( 'NONE',  ( 55.92800000000000438, 10.30000000000000071, -92.36896198777731115 ) ) ;
#3367 = CARTESIAN_POINT ( 'NONE',  ( -82.18409769380961905, 10.29999999999999893, -82.91550768086530354 ) ) ;
#3368 = CARTESIAN_POINT ( 'NONE',  ( -93.81200000000004025, 10.30000000000000071, -79.64396198777728841 ) ) ;
#3369 = ORIENTED_EDGE ( 'NONE', *, *, #4193, .F. ) ;
#3370 = EDGE_LOOP ( 'NONE', ( #378, #6035 ) ) ;
#3371 = DIRECTION ( 'NONE',  ( -0.6427876096865483557, 0.7660444431189704639, 0.000000000000000000 ) ) ;
#3372 = CYLINDRICAL_SURFACE ( 'NONE', #2114, 3.299999999999997158 ) ;
#3373 = ORIENTED_EDGE ( 'NONE', *, *, #6756, .T. ) ;
#3374 = FACE_OUTER_BOUND ( 'NONE', #5542, .T. ) ;
#3375 = PLANE ( 'NONE',  #3553 ) ;
#3376 = EDGE_CURVE ( 'NONE', #2951, #8500, #7677, .T. ) ;
#3377 = CARTESIAN_POINT ( 'NONE',  ( -87.28513033663195131, 10.29999999999999716, -80.84906279341338120 ) ) ;
#3378 = CARTESIAN_POINT ( 'NONE',  ( -75.44999999999996021, -1.734723475976807094E-15, 80.44999999999998863 ) ) ;
#3379 = B_SPLINE_SURFACE_WITH_KNOTS ( 'NONE', 3, 1, ( 
 ( #3288, #2604 ),
 ( #6588, #8141 ),
 ( #4644, #7411 ),
 ( #1193, #2426 ),
 ( #1925, #5194 ),
 ( #4686, #7455 ),
 ( #4012, #391 ),
 ( #8005, #4552 ),
 ( #3875, #6630 ),
 ( #3194, #8726 ),
 ( #662, #1338 ),
 ( #6999, #8184 ),
 ( #4931, #4249 ),
 ( #2018, #795 ),
 ( #5414, #7550 ) ),
 .UNSPECIFIED., .F., .F., .F.,
 ( 4, 1, 1, 1, 1, 1, 1, 1, 1, 1, 1, 1, 4 ),
 ( 2, 2 ),
 ( 0.000000000000000000, 0.1210031538655895189, 0.1772213293847222093, 0.2321348011602523131, 0.2857773369052810652, 0.3398955453889458966, 0.3944662649580650826, 0.4509013165325904127, 0.5090875601611567491, 0.5691468798720368261, 0.6318544576558593473, 0.6975771794455877250, 0.7356366592920499103 ),
 ( 0.000000000000000000, 1.000000000000000000 ),
 .UNSPECIFIED. ) ;
#3380 = ORIENTED_EDGE ( 'NONE', *, *, #3300, .T. ) ;
#3381 = EDGE_CURVE ( 'NONE', #6060, #842, #8489, .T. ) ;
#3382 = CARTESIAN_POINT ( 'NONE',  ( -26.04399999999997917, 10.30000000000000071, -101.0089619877772975 ) ) ;
#3383 = VERTEX_POINT ( 'NONE', #4276 ) ;
#3384 = CARTESIAN_POINT ( 'NONE',  ( 53.28988043151446874, 10.30000000000000071, -77.26314857679093961 ) ) ;
#3385 = CARTESIAN_POINT ( 'NONE',  ( 7.209239905108007385, 10.30000000000000071, -85.40792580488685815 ) ) ;
#3386 = EDGE_CURVE ( 'NONE', #1728, #4502, #2919, .T. ) ;
#3387 = DIRECTION ( 'NONE',  ( 0.000000000000000000, -1.000000000000000000, 0.000000000000000000 ) ) ;
#3388 = DIRECTION ( 'NONE',  ( 1.000000000000000000, 0.000000000000000000, -4.505417547505892002E-16 ) ) ;
#3389 = DIRECTION ( 'NONE',  ( -0.000000000000000000, 1.000000000000000000, -0.000000000000000000 ) ) ;
#3390 = ORIENTED_EDGE ( 'NONE', *, *, #2335, .F. ) ;
#3391 = CARTESIAN_POINT ( 'NONE',  ( 51.00408128352539450, 10.30000000000000071, -91.11879411823714747 ) ) ;
#3392 = EDGE_LOOP ( 'NONE', ( #7152, #149, #1851, #331, #1035 ) ) ;
#3393 = CARTESIAN_POINT ( 'NONE',  ( 87.36200000000008004, 10.30000000000000071, -77.00896198777731172 ) ) ;
#3394 = EDGE_CURVE ( 'NONE', #2798, #4367, #2095, .T. ) ;
#3395 = EDGE_LOOP ( 'NONE', ( #686, #3741, #4176, #7272 ) ) ;
#3396 = DIRECTION ( 'NONE',  ( 0.000000000000000000, 1.000000000000000000, 0.000000000000000000 ) ) ;
#3397 = EDGE_CURVE ( 'NONE', #6220, #4417, #4913, .T. ) ;
#3398 = DIRECTION ( 'NONE',  ( -0.000000000000000000, -1.000000000000000000, -0.000000000000000000 ) ) ;
#3399 = LINE ( 'NONE', #2719, #8714 ) ;
#3400 = AXIS2_PLACEMENT_3D ( 'NONE', #5116, #228, #2992 ) ;
#3401 = CARTESIAN_POINT ( 'NONE',  ( 6.829135036628676048, 12.30000000000000249, -100.5292163148764217 ) ) ;
#3402 = ORIENTED_EDGE ( 'NONE', *, *, #3084, .T. ) ;
#3403 = ORIENTED_EDGE ( 'NONE', *, *, #320, .T. ) ;
#3404 = EDGE_CURVE ( 'NONE', #3062, #6069, #4381, .T. ) ;
#3405 = EDGE_CURVE ( 'NONE', #5549, #7825, #695, .T. ) ;
#3406 = CARTESIAN_POINT ( 'NONE',  ( -2.691062453750032279, 10.30000000000000071, -96.15631725014800679 ) ) ;
#3407 = CARTESIAN_POINT ( 'NONE',  ( -36.64999999999999858, 4.299999999999999822, 33.65000000000000568 ) ) ;
#3408 = ORIENTED_EDGE ( 'NONE', *, *, #4770, .F. ) ;
#3409 = VECTOR ( 'NONE', #967, 1000.000000000000000 ) ;
#3410 = ORIENTED_EDGE ( 'NONE', *, *, #2347, .T. ) ;
#3411 = DIRECTION ( 'NONE',  ( 0.000000000000000000, 0.000000000000000000, -1.000000000000000000 ) ) ;
#3412 = LINE ( 'NONE', #5262, #7482 ) ;
#3413 = DIRECTION ( 'NONE',  ( -0.000000000000000000, -0.000000000000000000, -1.000000000000000000 ) ) ;
#3414 = CONICAL_SURFACE ( 'NONE', #4700, 3.299999999999997158, 0.7853981633974433940 ) ;
#3415 = CARTESIAN_POINT ( 'NONE',  ( -8.109999999999967457, 12.29999999999999893, -79.70896198777731456 ) ) ;
#3416 = CARTESIAN_POINT ( 'NONE',  ( -116.9999999999999858, 20.00000000000000000, 107.0000000000000000 ) ) ;
#3417 = VECTOR ( 'NONE', #3411, 1000.000000000000000 ) ;
#3418 = ORIENTED_EDGE ( 'NONE', *, *, #6486, .F. ) ;
#3419 = VECTOR ( 'NONE', #3269, 1000.000000000000000 ) ;
#3420 = EDGE_LOOP ( 'NONE', ( #8446, #5749, #3920, #6982 ) ) ;
#3421 = EDGE_CURVE ( 'NONE', #8374, #3578, #2277, .T. ) ;
#3422 = CARTESIAN_POINT ( 'NONE',  ( 44.64256873194884889, 12.30000000000000071, -7.847326534912886231 ) ) ;
#3423 = VECTOR ( 'NONE', #8373, 1000.000000000000000 ) ;
#3424 = CARTESIAN_POINT ( 'NONE',  ( -75.83528348376681549, 10.29999999999999893, -86.70078135642248185 ) ) ;
#3425 = VERTEX_POINT ( 'NONE', #23 ) ;
#3426 = FACE_BOUND ( 'NONE', #6866, .T. ) ;
#3427 = CARTESIAN_POINT ( 'NONE',  ( 5.969033672315013916, 10.29999999999999893, -78.84460674040211359 ) ) ;
#3428 = EDGE_LOOP ( 'NONE', ( #6251, #1072, #5092, #4031 ) ) ;
#3429 = VECTOR ( 'NONE', #436, 1000.000000000000000 ) ;
#3430 = CARTESIAN_POINT ( 'NONE',  ( -3.083370568590949823, 10.29999999999999893, -100.8764664482388156 ) ) ;
#3431 = CARTESIAN_POINT ( 'NONE',  ( 55.92800000000000438, 12.30000000000000071, -88.20896198777730035 ) ) ;
#3432 = ORIENTED_EDGE ( 'NONE', *, *, #833, .T. ) ;
#3433 = DIRECTION ( 'NONE',  ( 0.6427876096865482447, 0.7660444431189705750, 0.000000000000000000 ) ) ;
#3434 = ORIENTED_EDGE ( 'NONE', *, *, #6770, .F. ) ;
#3435 = CARTESIAN_POINT ( 'NONE',  ( 49.45374916935988097, 10.30000000000000071, -79.41359231860285206 ) ) ;
#3436 = VECTOR ( 'NONE', #1053, 1000.000000000000000 ) ;
#3437 = DIRECTION ( 'NONE',  ( 1.000000000000000000, -0.000000000000000000, 0.000000000000000000 ) ) ;
#3438 = DIRECTION ( 'NONE',  ( -0.000000000000000000, 1.000000000000000000, -0.000000000000000000 ) ) ;
#3439 = CARTESIAN_POINT ( 'NONE',  ( 54.77191330842718742, 10.29999999999999893, -88.12371481361944348 ) ) ;
#3440 = LINE ( 'NONE', #6325, #5915 ) ;
#3441 = EDGE_CURVE ( 'NONE', #2325, #1728, #1469, .T. ) ;
#3442 = CARTESIAN_POINT ( 'NONE',  ( -7.981436766771070168, 12.29999999999999893, -95.92470773741148093 ) ) ;
#3443 = CARTESIAN_POINT ( 'NONE',  ( 109.7718007376454210, 2.000000000000000000, -101.4500000000000171 ) ) ;
#3444 = EDGE_LOOP ( 'NONE', ( #6820, #4813, #817, #4820 ) ) ;
#3445 = CARTESIAN_POINT ( 'NONE',  ( -8.005802973896782859, 12.30000000000000071, -93.85084571639457351 ) ) ;
#3446 = LINE ( 'NONE', #2219, #729 ) ;
#3447 = CARTESIAN_POINT ( 'NONE',  ( 7.580000000000032934, 10.30000000000000071, -95.54896198777730376 ) ) ;
#3448 = DIRECTION ( 'NONE',  ( -0.000000000000000000, 1.000000000000000000, -0.000000000000000000 ) ) ;
#3449 = CARTESIAN_POINT ( 'NONE',  ( 6.829135036628676048, 10.30000000000000071, -100.5292163148764217 ) ) ;
#3450 = ORIENTED_EDGE ( 'NONE', *, *, #1354, .T. ) ;
#3451 = ORIENTED_EDGE ( 'NONE', *, *, #342, .F. ) ;
#3452 = CARTESIAN_POINT ( 'NONE',  ( 101.4500000000000313, 2.000000000000000000, 109.7718007376454068 ) ) ;
#3453 = CARTESIAN_POINT ( 'NONE',  ( 59.99800000000000466, 12.30000000000000071, -81.16896198777732252 ) ) ;
#3454 = EDGE_CURVE ( 'NONE', #8412, #3666, #5237, .T. ) ;
#3455 = ORIENTED_EDGE ( 'NONE', *, *, #3386, .T. ) ;
#3456 = VERTEX_POINT ( 'NONE', #4864 ) ;
#3457 = CARTESIAN_POINT ( 'NONE',  ( 6.479286781316145216, 10.30000000000000071, -86.88152902685850165 ) ) ;
#3458 = LINE ( 'NONE', #3631, #390 ) ;
#3459 = B_SPLINE_SURFACE_WITH_KNOTS ( 'NONE', 3, 1, ( 
 ( #6984, #1467 ),
 ( #116, #737 ),
 ( #2093, #693 ),
 ( #5543, #6301 ),
 ( #8407, #4995 ),
 ( #1509, #5679 ),
 ( #6258, #68 ),
 ( #3594, #4862 ),
 ( #5592, #2875 ),
 ( #3457, #2820 ),
 ( #4318, #7076 ),
 ( #6207, #871 ),
 ( #780, #6165 ),
 ( #2188, #8944 ),
 ( #4230, #825 ),
 ( #2728, #4273 ),
 ( #2776, #1419 ) ),
 .UNSPECIFIED., .F., .F., .F.,
 ( 4, 1, 1, 1, 1, 1, 1, 1, 1, 1, 1, 1, 1, 1, 4 ),
 ( 2, 2 ),
 ( 0.000000000000000000, 0.1451066443975278231, 0.2147296114008372669, 0.2817772694285636814, 0.3475495626799744997, 0.4112488609658360716, 0.4738400290931584768, 0.5355444545366856435, 0.5959373116963867512, 0.6550630449235163022, 0.7128526612453670586, 0.7698900182157222272, 0.8267032105715752532, 0.8840348292901286653, 1.000000000000000000 ),
 ( 0.000000000000000000, 1.000000000000000000 ),
 .UNSPECIFIED. ) ;
#3460 = FACE_OUTER_BOUND ( 'NONE', #6204, .T. ) ;
#3461 = LINE ( 'NONE', #7587, #7082 ) ;
#3462 = CARTESIAN_POINT ( 'NONE',  ( 0.8160614809882608123, 10.29999999999999893, -86.00015738400048804 ) ) ;
#3463 = ORIENTED_EDGE ( 'NONE', *, *, #6172, .T. ) ;
#3464 = ORIENTED_EDGE ( 'NONE', *, *, #4461, .F. ) ;
#3465 = VECTOR ( 'NONE', #3042, 1000.000000000000000 ) ;
#3466 = CARTESIAN_POINT ( 'NONE',  ( -47.29999999999949978, 10.90000000000000568, -44.00000000000048317 ) ) ;
#3467 = DIRECTION ( 'NONE',  ( 0.000000000000000000, 0.000000000000000000, 1.000000000000000000 ) ) ;
#3468 = ORIENTED_EDGE ( 'NONE', *, *, #1357, .T. ) ;
#3469 = CARTESIAN_POINT ( 'NONE',  ( -83.13157565629504120, 12.29999999999999893, -82.00687401453255632 ) ) ;
#3470 = CARTESIAN_POINT ( 'NONE',  ( 7.276477176490062426, 12.29999999999999893, -81.11705689056203994 ) ) ;
#3471 = EDGE_CURVE ( 'NONE', #209, #8711, #4233, .T. ) ;
#3472 = VECTOR ( 'NONE', #348, 1000.000000000000000 ) ;
#3473 = ORIENTED_EDGE ( 'NONE', *, *, #8611, .F. ) ;
#3474 = CARTESIAN_POINT ( 'NONE',  ( -90.59250486435941241, 12.29999999999999893, -101.0089619781285109 ) ) ;
#3475 = ORIENTED_EDGE ( 'NONE', *, *, #4189, .T. ) ;
#3476 = VECTOR ( 'NONE', #223, 1000.000000000000000 ) ;
#3477 = EDGE_CURVE ( 'NONE', #6, #2643, #1421, .T. ) ;
#3478 = EDGE_LOOP ( 'NONE', ( #2154, #423, #362, #8283 ) ) ;
#3479 = CARTESIAN_POINT ( 'NONE',  ( -3.221602042398910459, 10.30000000000000249, -94.96952048079583619 ) ) ;
#3480 = DIRECTION ( 'NONE',  ( -0.000000000000000000, 1.000000000000000000, -0.000000000000000000 ) ) ;
#3481 = AXIS2_PLACEMENT_3D ( 'NONE', #6971, #8933, #6882 ) ;
#3482 = DIRECTION ( 'NONE',  ( 0.000000000000000000, 0.000000000000000000, -1.000000000000000000 ) ) ;
#3483 = CARTESIAN_POINT ( 'NONE',  ( 0.000000000000000000, 12.30000000000000071, -92.68896198777731854 ) ) ;
#3484 = CARTESIAN_POINT ( 'NONE',  ( -80.49300424996275183, 12.30000000000000071, -90.42219012522106425 ) ) ;
#3485 = DIRECTION ( 'NONE',  ( 0.000000000000000000, 0.000000000000000000, 1.000000000000000000 ) ) ;
#3486 = FACE_OUTER_BOUND ( 'NONE', #7433, .T. ) ;
#3487 = ORIENTED_EDGE ( 'NONE', *, *, #6118, .T. ) ;
#3488 = DIRECTION ( 'NONE',  ( 0.000000000000000000, 0.000000000000000000, 1.000000000000000000 ) ) ;
#3489 = FACE_OUTER_BOUND ( 'NONE', #6890, .T. ) ;
#3490 = CARTESIAN_POINT ( 'NONE',  ( -30.49899999999997036, 10.30000000000000071, -93.30835063406551910 ) ) ;
#3491 = LINE ( 'NONE', #6247, #3933 ) ;
#3492 = CARTESIAN_POINT ( 'NONE',  ( -106.4500000000000313, -0.000000000000000000, -1.387778780781446307E-14 ) ) ;
#3493 = ADVANCED_FACE ( 'NONE', ( #3547 ), #3361, .F. ) ;
#3494 = ORIENTED_EDGE ( 'NONE', *, *, #133, .F. ) ;
#3495 = ORIENTED_EDGE ( 'NONE', *, *, #1638, .F. ) ;
#3496 = ORIENTED_EDGE ( 'NONE', *, *, #4619, .F. ) ;
#3497 = VECTOR ( 'NONE', #5046, 1000.000000000000000 ) ;
#3498 = EDGE_CURVE ( 'NONE', #8019, #6607, #1511, .T. ) ;
#3499 = CARTESIAN_POINT ( 'NONE',  ( -1.711912807537499415, 12.30000000000000249, -96.81965546741596995 ) ) ;
#3500 = CARTESIAN_POINT ( 'NONE',  ( -83.83282401979647602, 10.29999999999999716, -101.0089619902498583 ) ) ;
#3501 = ORIENTED_EDGE ( 'NONE', *, *, #8836, .F. ) ;
#3502 = ORIENTED_EDGE ( 'NONE', *, *, #3802, .F. ) ;
#3503 = CARTESIAN_POINT ( 'NONE',  ( -85.44999999999997442, -0.000000000000000000, 75.45000000000000284 ) ) ;
#3504 = LINE ( 'NONE', #2232, #5743 ) ;
#3505 = AXIS2_PLACEMENT_3D ( 'NONE', #4710, #4035, #6793 ) ;
#3506 = LINE ( 'NONE', #5681, #1769 ) ;
#3507 = CARTESIAN_POINT ( 'NONE',  ( -80.49300424996275183, 10.30000000000000071, -90.42219012522106425 ) ) ;
#3508 = CARTESIAN_POINT ( 'NONE',  ( -107.0000000000000000, 20.00000000000000000, 117.0000000000000000 ) ) ;
#3509 = VERTEX_POINT ( 'NONE', #7810 ) ;
#3510 = ORIENTED_EDGE ( 'NONE', *, *, #6925, .F. ) ;
#3511 = CARTESIAN_POINT ( 'NONE',  ( -78.62461413686553158, 10.29999999999999893, -79.89296951570723593 ) ) ;
#3512 = CARTESIAN_POINT ( 'NONE',  ( -84.75407533311991415, 12.29999999999999893, -76.77604562775080410 ) ) ;
#3513 = ORIENTED_EDGE ( 'NONE', *, *, #8683, .T. ) ;
#3514 = CARTESIAN_POINT ( 'NONE',  ( -80.67862814641188152, 10.29999999999999716, -86.20593925742024055 ) ) ;
#3515 = DIRECTION ( 'NONE',  ( 0.000000000000000000, -1.000000000000000000, 0.000000000000000000 ) ) ;
#3516 = VECTOR ( 'NONE', #259, 1000.000000000000000 ) ;
#3517 = ORIENTED_EDGE ( 'NONE', *, *, #6143, .T. ) ;
#3518 = VERTEX_POINT ( 'NONE', #5173 ) ;
#3519 = FACE_OUTER_BOUND ( 'NONE', #7271, .T. ) ;
#3520 = EDGE_CURVE ( 'NONE', #2399, #2874, #5930, .T. ) ;
#3521 = EDGE_CURVE ( 'NONE', #878, #3304, #5086, .T. ) ;
#3522 = EDGE_CURVE ( 'NONE', #5134, #141, #5890, .T. ) ;
#3523 = CARTESIAN_POINT ( 'NONE',  ( 4.668470216685472352, 12.30000000000000071, -101.0023856096252075 ) ) ;
#3524 = EDGE_CURVE ( 'NONE', #1318, #2736, #8915, .T. ) ;
#3525 = LINE ( 'NONE', #4834, #6432 ) ;
#3526 = DIRECTION ( 'NONE',  ( 0.000000000000000000, -1.000000000000000000, 0.000000000000000000 ) ) ;
#3527 = DIRECTION ( 'NONE',  ( 1.000000000000000000, -0.000000000000000000, 0.000000000000000000 ) ) ;
#3528 = CARTESIAN_POINT ( 'NONE',  ( -81.83653863959993657, 12.30000000000000071, -94.52544826047609661 ) ) ;
#3529 = EDGE_CURVE ( 'NONE', #8328, #8700, #3810, .T. ) ;
#3530 = DIRECTION ( 'NONE',  ( -0.6427876096865482447, 0.7660444431189705750, 0.000000000000000000 ) ) ;
#3531 = DIRECTION ( 'NONE',  ( 0.000000000000000000, 0.000000000000000000, -1.000000000000000000 ) ) ;
#3532 = VERTEX_POINT ( 'NONE', #8702 ) ;
#3533 = CARTESIAN_POINT ( 'NONE',  ( -36.64999999999999858, 4.299999999999999822, 4.850000000000006750 ) ) ;
#3534 = CARTESIAN_POINT ( 'NONE',  ( 83.77180073764539259, 2.000000000000000000, 75.45000000000000284 ) ) ;
#3535 = CARTESIAN_POINT ( 'NONE',  ( 0.5100000000000329825, 12.30000000000000071, -97.16896198777732252 ) ) ;
#3536 = LINE ( 'NONE', #5532, #1179 ) ;
#3537 = CARTESIAN_POINT ( 'NONE',  ( 47.29999999999999005, 4.299999999999999822, -42.60000000000003695 ) ) ;
#3538 = ORIENTED_EDGE ( 'NONE', *, *, #5835, .F. ) ;
#3539 = ORIENTED_EDGE ( 'NONE', *, *, #7687, .F. ) ;
#3540 = EDGE_LOOP ( 'NONE', ( #4443, #752, #4158, #3501 ) ) ;
#3541 = LINE ( 'NONE', #8402, #6007 ) ;
#3542 = FACE_OUTER_BOUND ( 'NONE', #1424, .T. ) ;
#3543 = EDGE_LOOP ( 'NONE', ( #4396, #98, #1609, #6039 ) ) ;
#3544 = EDGE_LOOP ( 'NONE', ( #1417, #6151, #1613, #1614 ) ) ;
#3545 = DIRECTION ( 'NONE',  ( 0.000000000000000000, 0.000000000000000000, 1.000000000000000000 ) ) ;
#3546 = DIRECTION ( 'NONE',  ( 0.000000000000000000, 0.000000000000000000, 1.000000000000000000 ) ) ;
#3547 = FACE_OUTER_BOUND ( 'NONE', #8023, .T. ) ;
#3548 = DIRECTION ( 'NONE',  ( 0.000000000000000000, 1.000000000000000000, 0.000000000000000000 ) ) ;
#3549 = LINE ( 'NONE', #4187, #7838 ) ;
#3550 = ORIENTED_EDGE ( 'NONE', *, *, #3878, .T. ) ;
#3551 = VERTEX_POINT ( 'NONE', #960 ) ;
#3552 = CARTESIAN_POINT ( 'NONE',  ( -77.94633341708909313, 10.29999999999999893, -80.74143906631020684 ) ) ;
#3553 = AXIS2_PLACEMENT_3D ( 'NONE', #3116, #8816, #2434 ) ;
#3554 = EDGE_CURVE ( 'NONE', #728, #6013, #5131, .T. ) ;
#3555 = CARTESIAN_POINT ( 'NONE',  ( 0.000000000000000000, 10.30000000000000071, -92.36896198777731115 ) ) ;
#3556 = ORIENTED_EDGE ( 'NONE', *, *, #2371, .T. ) ;
#3557 = AXIS2_PLACEMENT_3D ( 'NONE', #323, #5125, #6606 ) ;
#3558 = CARTESIAN_POINT ( 'NONE',  ( -80.44007385999240967, 10.29999999999999716, -88.21216393320474936 ) ) ;
#3559 = VECTOR ( 'NONE', #3260, 1000.000000000000000 ) ;
#3560 = CARTESIAN_POINT ( 'NONE',  ( -83.11110847547902836, 12.29999999999999893, -100.8502033769744202 ) ) ;
#3561 = VECTOR ( 'NONE', #3371, 1000.000000000000114 ) ;
#3562 = ADVANCED_FACE ( 'NONE', ( #8661 ), #1690, .T. ) ;
#3563 = ORIENTED_EDGE ( 'NONE', *, *, #4680, .T. ) ;
#3564 = ORIENTED_EDGE ( 'NONE', *, *, #4726, .F. ) ;
#3565 = VECTOR ( 'NONE', #5937, 1000.000000000000000 ) ;
#3566 = VECTOR ( 'NONE', #7419, 1000.000000000000000 ) ;
#3567 = LINE ( 'NONE', #2978, #379 ) ;
#3568 = CARTESIAN_POINT ( 'NONE',  ( 47.29999999999981952, 4.299999999999999822, 47.30000000000015348 ) ) ;
#3569 = CIRCLE ( 'NONE', #8637, 4.699999999999981526 ) ;
#3570 = EDGE_CURVE ( 'NONE', #4407, #7795, #8577, .T. ) ;
#3571 = CARTESIAN_POINT ( 'NONE',  ( 47.84799999999999898, 10.30000000000000071, -84.34896198777730092 ) ) ;
#3572 = CARTESIAN_POINT ( 'NONE',  ( -75.44999999999996021, 2.000000000000000000, 75.44999999999998863 ) ) ;
#3573 = CARTESIAN_POINT ( 'NONE',  ( -87.78700000000003456, 12.30000000000000071, -97.16896198777730831 ) ) ;
#3574 = EDGE_CURVE ( 'NONE', #1246, #5643, #2405, .T. ) ;
#3575 = AXIS2_PLACEMENT_3D ( 'NONE', #8671, #1013, #3867 ) ;
#3576 = CARTESIAN_POINT ( 'NONE',  ( -88.45000000000000284, 2.000000000000000000, -88.45000000000000284 ) ) ;
#3577 = DIRECTION ( 'NONE',  ( -0.1346207767345139472, 0.000000000000000000, 0.9908971926851928291 ) ) ;
#3578 = VERTEX_POINT ( 'NONE', #5848 ) ;
#3579 = DIRECTION ( 'NONE',  ( 0.000000000000000000, 0.000000000000000000, -1.000000000000000000 ) ) ;
#3580 = LINE ( 'NONE', #2765, #3907 ) ;
#3581 = CARTESIAN_POINT ( 'NONE',  ( -33.27899999999998926, 10.30000000000000071, -77.00896198777729751 ) ) ;
#3582 = CARTESIAN_POINT ( 'NONE',  ( 87.23517617866014007, 10.30000000000000071, -92.36896198777732536 ) ) ;
#3583 = DIRECTION ( 'NONE',  ( 0.000000000000000000, 0.000000000000000000, 1.000000000000000000 ) ) ;
#3584 = ADVANCED_FACE ( 'NONE', ( #3728 ), #7460, .F. ) ;
#3585 = VERTEX_POINT ( 'NONE', #7941 ) ;
#3586 = ORIENTED_EDGE ( 'NONE', *, *, #5489, .F. ) ;
#3587 = ORIENTED_EDGE ( 'NONE', *, *, #7293, .T. ) ;
#3588 = FACE_OUTER_BOUND ( 'NONE', #1706, .T. ) ;
#3589 = DIRECTION ( 'NONE',  ( -0.000000000000000000, 1.000000000000000000, -0.000000000000000000 ) ) ;
#3590 = EDGE_LOOP ( 'NONE', ( #4214, #74, #7738, #2236 ) ) ;
#3591 = EDGE_CURVE ( 'NONE', #5852, #8078, #3855, .T. ) ;
#3592 = VERTEX_POINT ( 'NONE', #6611 ) ;
#3593 = CIRCLE ( 'NONE', #2485, 9.999999999999994671 ) ;
#3594 = CARTESIAN_POINT ( 'NONE',  ( 5.776141237214579505, 10.30000000000000071, -87.79356017653438471 ) ) ;
#3595 = CARTESIAN_POINT ( 'NONE',  ( -77.36172522647746064, 12.29999999999999893, -81.67847270287337835 ) ) ;
#3596 = DIRECTION ( 'NONE',  ( 0.7660444431189705750, -0.6427876096865482447, -1.321442166931070839E-16 ) ) ;
#3597 = CARTESIAN_POINT ( 'NONE',  ( -89.86523063261998345, 16.00000000000000000, -117.0000000000000000 ) ) ;
#3598 = CARTESIAN_POINT ( 'NONE',  ( -33.64999999999999858, 20.00000000000000355, 33.65000000000000568 ) ) ;
#3599 = VERTEX_POINT ( 'NONE', #2448 ) ;
#3600 = ORIENTED_EDGE ( 'NONE', *, *, #5788, .F. ) ;
#3601 = CARTESIAN_POINT ( 'NONE',  ( -84.75407533311991415, 10.29999999999999893, -76.77604562775080410 ) ) ;
#3602 = CARTESIAN_POINT ( 'NONE',  ( 3.904355764416031160, 10.30000000000000071, -96.74819791801928659 ) ) ;
#3603 = ORIENTED_EDGE ( 'NONE', *, *, #7384, .F. ) ;
#3604 = CARTESIAN_POINT ( 'NONE',  ( -80.44007385999240967, 12.29999999999999893, -88.21216393320474936 ) ) ;
#3605 = CARTESIAN_POINT ( 'NONE',  ( -76.14047602250255409, 12.29999999999999893, -93.15109784760701928 ) ) ;
#3606 = VERTEX_POINT ( 'NONE', #3007 ) ;
#3607 = VERTEX_POINT ( 'NONE', #5212 ) ;
#3608 = VECTOR ( 'NONE', #6903, 1000.000000000000000 ) ;
#3609 = LINE ( 'NONE', #171, #4865 ) ;
#3610 = EDGE_CURVE ( 'NONE', #4412, #6512, #409, .T. ) ;
#3611 = CARTESIAN_POINT ( 'NONE',  ( 5.669721161599239778, 12.30000000000000071, -100.8137368554971118 ) ) ;
#3612 = CARTESIAN_POINT ( 'NONE',  ( 0.000000000000000000, 10.30000000000000071, -77.00896198777729751 ) ) ;
#3613 = LINE ( 'NONE', #5702, #5995 ) ;
#3614 = CARTESIAN_POINT ( 'NONE',  ( 47.29999999999981952, 0.000000000000000000, 50.60000000000015064 ) ) ;
#3615 = CARTESIAN_POINT ( 'NONE',  ( -97.54709531149960355, 10.30000000000000071, -74.77112221265458913 ) ) ;
#3616 = DIRECTION ( 'NONE',  ( 1.475563774321965542E-15, -0.9063077870366512689, 0.4226182617406967212 ) ) ;
#3617 = ORIENTED_EDGE ( 'NONE', *, *, #805, .T. ) ;
#3618 = DIRECTION ( 'NONE',  ( 0.000000000000000000, 0.000000000000000000, 1.000000000000000000 ) ) ;
#3619 = CARTESIAN_POINT ( 'NONE',  ( -33.64999999999999858, 9.496152422706655827, 1.850000000000004086 ) ) ;
#3620 = LINE ( 'NONE', #4308, #6451 ) ;
#3621 = DIRECTION ( 'NONE',  ( 0.4226182617406967212, 0.9063077870366511579, 0.000000000000000000 ) ) ;
#3622 = DIRECTION ( 'NONE',  ( 0.000000000000000000, 0.000000000000000000, 1.000000000000000000 ) ) ;
#3623 = ORIENTED_EDGE ( 'NONE', *, *, #5121, .T. ) ;
#3624 = ORIENTED_EDGE ( 'NONE', *, *, #3554, .F. ) ;
#3625 = CARTESIAN_POINT ( 'NONE',  ( -111.9999999999999716, 12.29999999999997762, -107.0000000000000284 ) ) ;
#3626 = CARTESIAN_POINT ( 'NONE',  ( -75.75809690615042769, 12.30000000000000249, -89.94084206137338811 ) ) ;
#3627 = ORIENTED_EDGE ( 'NONE', *, *, #8055, .F. ) ;
#3628 = EDGE_CURVE ( 'NONE', #2643, #728, #7123, .T. ) ;
#3629 = ORIENTED_EDGE ( 'NONE', *, *, #92, .F. ) ;
#3630 = DIRECTION ( 'NONE',  ( -1.000000000000000000, -0.000000000000000000, 3.491481338843133355E-15 ) ) ;
#3631 = CARTESIAN_POINT ( 'NONE',  ( 59.34409262557073106, 10.30000000000000071, 15.36368981952327317 ) ) ;
#3632 = DIRECTION ( 'NONE',  ( 2.036359179429854203E-16, -0.000000000000000000, 1.000000000000000000 ) ) ;
#3633 = CARTESIAN_POINT ( 'NONE',  ( -68.44999999999997442, 0.000000000000000000, 68.45000000000000284 ) ) ;
#3634 = PLANE ( 'NONE',  #443 ) ;
#3635 = VECTOR ( 'NONE', #5024, 1000.000000000000114 ) ;
#3636 = VERTEX_POINT ( 'NONE', #4361 ) ;
#3637 = VECTOR ( 'NONE', #1448, 1000.000000000000000 ) ;
#3638 = ORIENTED_EDGE ( 'NONE', *, *, #3733, .F. ) ;
#3639 = CARTESIAN_POINT ( 'NONE',  ( -85.97715365627382766, 10.29999999999999893, -76.68903051396844717 ) ) ;
#3640 = VECTOR ( 'NONE', #6183, 1000.000000000000000 ) ;
#3641 = LINE ( 'NONE', #6361, #2989 ) ;
#3642 = ORIENTED_EDGE ( 'NONE', *, *, #8611, .T. ) ;
#3643 = AXIS2_PLACEMENT_3D ( 'NONE', #6974, #8476, #4986 ) ;
#3644 = CARTESIAN_POINT ( 'NONE',  ( -80.49721936818373536, 10.29999999999999716, -87.33347279851113854 ) ) ;
#3645 = CARTESIAN_POINT ( 'NONE',  ( 47.29999999999981952, 0.000000000000000000, 44.00000000000015632 ) ) ;
#3646 = ORIENTED_EDGE ( 'NONE', *, *, #701, .F. ) ;
#3647 = ORIENTED_EDGE ( 'NONE', *, *, #3106, .F. ) ;
#3648 = CIRCLE ( 'NONE', #4379, 6.678199262354605814 ) ;
#3649 = FACE_OUTER_BOUND ( 'NONE', #8077, .T. ) ;
#3650 = AXIS2_PLACEMENT_3D ( 'NONE', #70, #5721, #6353 ) ;
#3651 = DIRECTION ( 'NONE',  ( -0.000000000000000000, -1.000000000000000000, -0.000000000000000000 ) ) ;
#3652 = EDGE_CURVE ( 'NONE', #2944, #2399, #5809, .T. ) ;
#3653 = CARTESIAN_POINT ( 'NONE',  ( 55.78234326538285615, 10.30000000000000071, -92.36693746158452711 ) ) ;
#3654 = DIRECTION ( 'NONE',  ( 0.000000000000000000, 1.000000000000000000, 0.000000000000000000 ) ) ;
#3655 = PLANE ( 'NONE',  #5494 ) ;
#3656 = CARTESIAN_POINT ( 'NONE',  ( -75.75700000000003342, 10.29999999999999893, -88.97396198777730092 ) ) ;
#3657 = CARTESIAN_POINT ( 'NONE',  ( -2.448811538943157284, 12.30000000000000249, -92.86864859262351501 ) ) ;
#3658 = ORIENTED_EDGE ( 'NONE', *, *, #41, .T. ) ;
#3659 = LINE ( 'NONE', #6418, #3272 ) ;
#3660 = ADVANCED_FACE ( 'NONE', ( #4403 ), #7215, .T. ) ;
#3661 = LINE ( 'NONE', #1628, #654 ) ;
#3662 = CARTESIAN_POINT ( 'NONE',  ( 64.45300000000001717, 10.30000000000000071, -77.00896198777732593 ) ) ;
#3663 = CARTESIAN_POINT ( 'NONE',  ( 117.0000000000000995, 20.00000000000000000, -91.73046126524037902 ) ) ;
#3664 = DIRECTION ( 'NONE',  ( -1.000000000000000000, 0.000000000000000000, 0.000000000000000000 ) ) ;
#3665 = LINE ( 'NONE', #2177, #755 ) ;
#3666 = VERTEX_POINT ( 'NONE', #3091 ) ;
#3667 = VERTEX_POINT ( 'NONE', #8074 ) ;
#3668 = DIRECTION ( 'NONE',  ( 3.164356725686685084E-15, -0.4226182617406967212, 0.9063077870366512689 ) ) ;
#3669 = CARTESIAN_POINT ( 'NONE',  ( -80.22546532028711397, 10.29999999999999716, -99.61710073133015442 ) ) ;
#3670 = EDGE_LOOP ( 'NONE', ( #4479, #793, #8263, #8168, #7285, #3967, #7815, #7341 ) ) ;
#3671 = EDGE_CURVE ( 'NONE', #5488, #1328, #947, .T. ) ;
#3672 = VERTEX_POINT ( 'NONE', #6744 ) ;
#3673 = CARTESIAN_POINT ( 'NONE',  ( 101.4500000000000171, 0.000000000000000000, 101.4500000000000028 ) ) ;
#3674 = DIRECTION ( 'NONE',  ( 0.4226182617406967212, 0.9063077870366511579, 0.000000000000000000 ) ) ;
#3675 = CARTESIAN_POINT ( 'NONE',  ( 47.29999999999999005, 5.699999999999989519, -50.59999999999998721 ) ) ;
#3676 = CARTESIAN_POINT ( 'NONE',  ( 3.904355764416031160, 12.30000000000000071, -96.74819791801928659 ) ) ;
#3677 = EDGE_CURVE ( 'NONE', #6567, #3592, #4081, .T. ) ;
#3678 = LINE ( 'NONE', #7166, #8036 ) ;
#3679 = ORIENTED_EDGE ( 'NONE', *, *, #5935, .T. ) ;
#3680 = ORIENTED_EDGE ( 'NONE', *, *, #4844, .T. ) ;
#3681 = EDGE_CURVE ( 'NONE', #595, #2944, #1993, .T. ) ;
#3682 = B_SPLINE_CURVE_WITH_KNOTS ( 'NONE', 3,
 ( #2248, #3523, #6276, #3611, #86, #6322, #7006 ),
 .UNSPECIFIED., .F., .F.,
 ( 4, 1, 1, 1, 4 ),
 ( 0.5113389897656575034, 0.5267446238593446184, 0.6527481554039171741, 0.7739477205639582191, 1.000000000000000000 ),
 .UNSPECIFIED. ) ;
#3683 = CARTESIAN_POINT ( 'NONE',  ( -81.13655661433467969, 10.29999999999999893, -77.92137276918273869 ) ) ;
#3684 = CARTESIAN_POINT ( 'NONE',  ( 4.818237599369112445, 10.30000000000000071, -96.52086071389825861 ) ) ;
#3685 = VERTEX_POINT ( 'NONE', #1310 ) ;
#3686 = DIRECTION ( 'NONE',  ( -0.000000000000000000, -1.000000000000000000, -0.000000000000000000 ) ) ;
#3687 = CARTESIAN_POINT ( 'NONE',  ( 6.479286781316145216, 10.30000000000000071, -86.88152902685850165 ) ) ;
#3688 = PLANE ( 'NONE',  #1185 ) ;
#3689 = ORIENTED_EDGE ( 'NONE', *, *, #7011, .F. ) ;
#3690 = ORIENTED_EDGE ( 'NONE', *, *, #7656, .F. ) ;
#3691 = ADVANCED_FACE ( 'NONE', ( #5437 ), #1226, .T. ) ;
#3692 = EDGE_CURVE ( 'NONE', #4037, #8902, #2581, .T. ) ;
#3693 = AXIS2_PLACEMENT_3D ( 'NONE', #3830, #1242, #7967 ) ;
#3694 = CARTESIAN_POINT ( 'NONE',  ( 0.000000000000000000, 12.30000000000000071, -101.0089619877772975 ) ) ;
#3695 = VECTOR ( 'NONE', #3049, 1000.000000000000000 ) ;
#3696 = EDGE_CURVE ( 'NONE', #7352, #5822, #5387, .T. ) ;
#3697 = AXIS2_PLACEMENT_3D ( 'NONE', #6483, #1771, #4492 ) ;
#3698 = FACE_OUTER_BOUND ( 'NONE', #67, .T. ) ;
#3699 = AXIS2_PLACEMENT_3D ( 'NONE', #8811, #6763, #7540 ) ;
#3700 = EDGE_CURVE ( 'NONE', #6357, #8575, #1388, .T. ) ;
#3701 = FACE_OUTER_BOUND ( 'NONE', #1473, .T. ) ;
#3702 = AXIS2_PLACEMENT_3D ( 'NONE', #5573, #3488, #2666 ) ;
#3703 = LINE ( 'NONE', #4427, #6578 ) ;
#3704 = CARTESIAN_POINT ( 'NONE',  ( -3.219999999999967777, 12.30000000000000249, -94.59396198777730547 ) ) ;
#3705 = VECTOR ( 'NONE', #6161, 1000.000000000000000 ) ;
#3706 = VECTOR ( 'NONE', #6845, 1000.000000000000000 ) ;
#3707 = VECTOR ( 'NONE', #4624, 1000.000000000000000 ) ;
#3708 = CARTESIAN_POINT ( 'NONE',  ( 0.6682006370310883403, 12.30000000000000249, -80.91400267722033846 ) ) ;
#3709 = AXIS2_PLACEMENT_3D ( 'NONE', #4745, #3971, #8966 ) ;
#3710 = EDGE_LOOP ( 'NONE', ( #5311, #2689, #6213, #5928, #4570, #2975, #2273, #1017 ) ) ;
#3711 = FACE_OUTER_BOUND ( 'NONE', #6184, .T. ) ;
#3712 = CARTESIAN_POINT ( 'NONE',  ( 47.84799999999999898, 12.30000000000000071, -84.34896198777730092 ) ) ;
#3713 = CARTESIAN_POINT ( 'NONE',  ( -64.04423606236392175, 9.496152422706654050, 1.850000000000007860 ) ) ;
#3714 = CARTESIAN_POINT ( 'NONE',  ( 101.4500000000000171, 0.000000000000000000, -101.4500000000000171 ) ) ;
#3715 = DIRECTION ( 'NONE',  ( 0.2506286776786581516, 0.000000000000000000, -0.9680832949313026292 ) ) ;
#3716 = CARTESIAN_POINT ( 'NONE',  ( -29.32000000000003936, 16.99593241947985334, 29.32000000000003936 ) ) ;
#3717 = VECTOR ( 'NONE', #7139, 1000.000000000000000 ) ;
#3718 = ORIENTED_EDGE ( 'NONE', *, *, #7368, .T. ) ;
#3719 = ORIENTED_EDGE ( 'NONE', *, *, #2974, .F. ) ;
#3720 = ADVANCED_FACE ( 'NONE', ( #8741 ), #8796, .T. ) ;
#3721 = VECTOR ( 'NONE', #6405, 1000.000000000000000 ) ;
#3722 = CARTESIAN_POINT ( 'NONE',  ( 6.479286781316145216, 12.30000000000000071, -86.88152902685850165 ) ) ;
#3723 = DIRECTION ( 'NONE',  ( 1.000000000000000000, 0.000000000000000000, 0.000000000000000000 ) ) ;
#3724 = VERTEX_POINT ( 'NONE', #7522 ) ;
#3725 = VERTEX_POINT ( 'NONE', #8838 ) ;
#3726 = CARTESIAN_POINT ( 'NONE',  ( -80.44700000000003115, 10.29999999999999893, -88.81396198777730433 ) ) ;
#3727 = CARTESIAN_POINT ( 'NONE',  ( 60.17805082010780637, 12.30000000000000071, 17.33880089254346757 ) ) ;
#3728 = FACE_OUTER_BOUND ( 'NONE', #7118, .T. ) ;
#3729 = CARTESIAN_POINT ( 'NONE',  ( -0.7929007645955813421, 10.30000000000000071, -80.85178374062280682 ) ) ;
#3730 = DIRECTION ( 'NONE',  ( -0.9756208922220240831, 0.000000000000000000, 0.2194626953719052698 ) ) ;
#3731 = ORIENTED_EDGE ( 'NONE', *, *, #5127, .F. ) ;
#3732 = VERTEX_POINT ( 'NONE', #3309 ) ;
#3733 = EDGE_CURVE ( 'NONE', #767, #4412, #732, .T. ) ;
#3734 = CARTESIAN_POINT ( 'NONE',  ( 117.0000000000000995, 16.00000000000000000, -89.86523063262040978 ) ) ;
#3735 = CARTESIAN_POINT ( 'NONE',  ( 7.580000000000032045, 10.30000000000000071, -95.54896198777730376 ) ) ;
#3736 = ORIENTED_EDGE ( 'NONE', *, *, #6056, .T. ) ;
#3737 = DIRECTION ( 'NONE',  ( -1.000000000000000000, 0.000000000000000000, 1.091021054073463647E-16 ) ) ;
#3738 = CARTESIAN_POINT ( 'NONE',  ( -81.14469960853088537, 10.29999999999999893, -93.21201394122628869 ) ) ;
#3739 = CARTESIAN_POINT ( 'NONE',  ( 106.4500000000000171, -1.734723475976807094E-15, 0.000000000000000000 ) ) ;
#3740 = EDGE_LOOP ( 'NONE', ( #1153, #490, #7111, #7426 ) ) ;
#3741 = ORIENTED_EDGE ( 'NONE', *, *, #1526, .T. ) ;
#3742 = FACE_OUTER_BOUND ( 'NONE', #775, .T. ) ;
#3743 = CARTESIAN_POINT ( 'NONE',  ( 47.84799999999999898, 12.30000000000000071, -84.34896198777730092 ) ) ;
#3744 = EDGE_CURVE ( 'NONE', #8943, #5528, #1167, .T. ) ;
#3745 = DIRECTION ( 'NONE',  ( 0.6427876096865482447, -0.7660444431189705750, 0.000000000000000000 ) ) ;
#3746 = PLANE ( 'NONE',  #6292 ) ;
#3747 = LINE ( 'NONE', #392, #8968 ) ;
#3748 = CARTESIAN_POINT ( 'NONE',  ( -26.04400000000002535, 10.30000000000000071, -1.174993415770824197E-14 ) ) ;
#3749 = CONICAL_SURFACE ( 'NONE', #6934, 8.321800737645393298, 0.6981317007977451139 ) ;
#3750 = ORIENTED_EDGE ( 'NONE', *, *, #8235, .F. ) ;
#3751 = DIRECTION ( 'NONE',  ( 0.000000000000000000, 1.000000000000000000, 0.000000000000000000 ) ) ;
#3752 = AXIS2_PLACEMENT_3D ( 'NONE', #4387, #8387, #894 ) ;
#3753 = DIRECTION ( 'NONE',  ( 0.000000000000000000, 0.000000000000000000, -1.000000000000000000 ) ) ;
#3754 = CARTESIAN_POINT ( 'NONE',  ( 0.000000000000000000, 10.30000000000000071, -87.88896198777732138 ) ) ;
#3755 = CARTESIAN_POINT ( 'NONE',  ( 30.25000000000000355, 104.0000000000000142, 33.64999999999999858 ) ) ;
#3756 = DIRECTION ( 'NONE',  ( -1.725020237142878459E-16, 0.000000000000000000, -1.000000000000000000 ) ) ;
#3757 = CARTESIAN_POINT ( 'NONE',  ( -75.44999999999997442, 2.000000000000000000, -75.45000000000000284 ) ) ;
#3758 = CIRCLE ( 'NONE', #8406, 9.999999999999994671 ) ;
#3759 = ORIENTED_EDGE ( 'NONE', *, *, #6907, .T. ) ;
#3760 = ORIENTED_EDGE ( 'NONE', *, *, #6102, .T. ) ;
#3761 = CARTESIAN_POINT ( 'NONE',  ( -107.0000000000000000, 20.00000000000000000, 117.0000000000000000 ) ) ;
#3762 = VERTEX_POINT ( 'NONE', #1261 ) ;
#3763 = ORIENTED_EDGE ( 'NONE', *, *, #2441, .F. ) ;
#3764 = CARTESIAN_POINT ( 'NONE',  ( -87.78700000000003456, 10.30000000000000071, -97.16896198777730831 ) ) ;
#3765 = EDGE_CURVE ( 'NONE', #1893, #819, #7344, .T. ) ;
#3766 = DIRECTION ( 'NONE',  ( -1.000000000000000000, 0.000000000000000000, 0.000000000000000000 ) ) ;
#3767 = CARTESIAN_POINT ( 'NONE',  ( 13.51539623048385153, 12.30000000000000071, 2.180102976516470115 ) ) ;
#3768 = AXIS2_PLACEMENT_3D ( 'NONE', #6334, #4080, #1453 ) ;
#3769 = CARTESIAN_POINT ( 'NONE',  ( -33.30128879101122408, 10.30000000000000071, 7.491014855973743281 ) ) ;
#3770 = ORIENTED_EDGE ( 'NONE', *, *, #1936, .F. ) ;
#3771 = EDGE_CURVE ( 'NONE', #6182, #4181, #6791, .T. ) ;
#3772 = ORIENTED_EDGE ( 'NONE', *, *, #5292, .T. ) ;
#3773 = CARTESIAN_POINT ( 'NONE',  ( 47.29999999999999005, 4.299999999999999822, -47.29999999999999005 ) ) ;
#3774 = CYLINDRICAL_SURFACE ( 'NONE', #4569, 3.299999999999997158 ) ;
#3775 = ORIENTED_EDGE ( 'NONE', *, *, #4438, .T. ) ;
#3776 = DIRECTION ( 'NONE',  ( 0.9028952131300304051, 0.000000000000000000, 0.4298607147750037605 ) ) ;
#3777 = DIRECTION ( 'NONE',  ( -0.8888729996029228753, 0.000000000000000000, -0.4581536757212609778 ) ) ;
#3778 = LINE ( 'NONE', #7873, #5385 ) ;
#3779 = VERTEX_POINT ( 'NONE', #7017 ) ;
#3780 = EDGE_LOOP ( 'NONE', ( #5070, #4954, #3736, #8068 ) ) ;
#3781 = VECTOR ( 'NONE', #2551, 1000.000000000000000 ) ;
#3782 = DIRECTION ( 'NONE',  ( -0.2194626953719052698, 0.000000000000000000, -0.9756208922220240831 ) ) ;
#3783 = EDGE_CURVE ( 'NONE', #2119, #5717, #6196, .T. ) ;
#3784 = DIRECTION ( 'NONE',  ( -0.000000000000000000, 1.000000000000000000, -0.000000000000000000 ) ) ;
#3785 = EDGE_CURVE ( 'NONE', #2538, #2889, #3620, .T. ) ;
#3786 = CARTESIAN_POINT ( 'NONE',  ( 6.834408963296246563E-15, 2.000000000000000000, -109.7718007376454068 ) ) ;
#3787 = AXIS2_PLACEMENT_3D ( 'NONE', #4749, #1445, #2027 ) ;
#3788 = CARTESIAN_POINT ( 'NONE',  ( 75.45000000000001705, 0.000000000000000000, 75.44999999999998863 ) ) ;
#3789 = ADVANCED_FACE ( 'NONE', ( #2034 ), #145, .T. ) ;
#3790 = EDGE_CURVE ( 'NONE', #141, #3636, #5531, .T. ) ;
#3791 = ADVANCED_FACE ( 'NONE', ( #7064 ), #6190, .T. ) ;
#3792 = EDGE_CURVE ( 'NONE', #3599, #8930, #2717, .T. ) ;
#3793 = VECTOR ( 'NONE', #5858, 1000.000000000000000 ) ;
#3794 = DIRECTION ( 'NONE',  ( 0.000000000000000000, 0.000000000000000000, -1.000000000000000000 ) ) ;
#3795 = VERTEX_POINT ( 'NONE', #102 ) ;
#3796 = CARTESIAN_POINT ( 'NONE',  ( -85.44999999999997442, 0.000000000000000000, -75.45000000000000284 ) ) ;
#3797 = CARTESIAN_POINT ( 'NONE',  ( 53.98278437694381182, 12.29999999999999893, -87.70411300367912588 ) ) ;
#3798 = CARTESIAN_POINT ( 'NONE',  ( -88.45000000000003126, 0.000000000000000000, 93.44999999999997442 ) ) ;
#3799 = FACE_BOUND ( 'NONE', #470, .T. ) ;
#3800 = CARTESIAN_POINT ( 'NONE',  ( 59.99800000000000466, 10.30000000000000071, -101.0089619877773117 ) ) ;
#3801 = ORIENTED_EDGE ( 'NONE', *, *, #4890, .F. ) ;
#3802 = EDGE_CURVE ( 'NONE', #7971, #2516, #6972, .T. ) ;
#3803 = ORIENTED_EDGE ( 'NONE', *, *, #8888, .F. ) ;
#3804 = VERTEX_POINT ( 'NONE', #3581 ) ;
#3805 = DIRECTION ( 'NONE',  ( -0.000000000000000000, 1.000000000000000000, -0.000000000000000000 ) ) ;
#3806 = ORIENTED_EDGE ( 'NONE', *, *, #202, .T. ) ;
#3807 = ORIENTED_EDGE ( 'NONE', *, *, #2347, .F. ) ;
#3808 = CARTESIAN_POINT ( 'NONE',  ( -2.711703438157626156, 12.30000000000000249, -81.46525977104990091 ) ) ;
#3809 = LINE ( 'NONE', #3727, #5028 ) ;
#3810 = LINE ( 'NONE', #7858, #8624 ) ;
#3811 = CARTESIAN_POINT ( 'NONE',  ( -0.7929007645955813421, 12.30000000000000249, -80.85178374062280682 ) ) ;
#3812 = DIRECTION ( 'NONE',  ( -0.000000000000000000, 1.000000000000000000, -0.000000000000000000 ) ) ;
#3813 = ORIENTED_EDGE ( 'NONE', *, *, #3132, .T. ) ;
#3814 = ORIENTED_EDGE ( 'NONE', *, *, #5791, .T. ) ;
#3815 = DIRECTION ( 'NONE',  ( -0.000000000000000000, 1.000000000000000000, -0.000000000000000000 ) ) ;
#3816 = DIRECTION ( 'NONE',  ( 0.000000000000000000, 0.000000000000000000, -1.000000000000000000 ) ) ;
#3817 = ORIENTED_EDGE ( 'NONE', *, *, #5018, .T. ) ;
#3818 = CARTESIAN_POINT ( 'NONE',  ( 59.99800000000000466, 10.30000000000000071, -81.16896198777732252 ) ) ;
#3819 = CARTESIAN_POINT ( 'NONE',  ( -82.26861184439006536, 10.29999999999999893, -95.08499248127263570 ) ) ;
#3820 = CARTESIAN_POINT ( 'NONE',  ( 47.29999999999981952, 0.000000000000000000, 47.30000000000015348 ) ) ;
#3821 = ORIENTED_EDGE ( 'NONE', *, *, #4049, .T. ) ;
#3822 = ORIENTED_EDGE ( 'NONE', *, *, #6925, .T. ) ;
#3823 = EDGE_CURVE ( 'NONE', #3599, #6935, #4723, .T. ) ;
#3824 = DIRECTION ( 'NONE',  ( 0.000000000000000000, 0.7660444431189731285, 0.6427876096865451361 ) ) ;
#3825 = CARTESIAN_POINT ( 'NONE',  ( -38.64999999999998437, 20.00000000000000000, 38.65000000000001279 ) ) ;
#3826 = B_SPLINE_CURVE_WITH_KNOTS ( 'NONE', 3,
 ( #1772, #7302, #410, #329, #3857, #914, #3008, #1602, #5764 ),
 .UNSPECIFIED., .F., .F.,
 ( 4, 1, 1, 1, 1, 1, 4 ),
 ( 0.000000000000000000, 0.2110735921258685421, 0.3195377497452391302, 0.4371148147047062005, 0.5625261028631994842, 0.6976696937665364251, 1.000000000000000000 ),
 .UNSPECIFIED. ) ;
#3827 = LINE ( 'NONE', #5230, #2554 ) ;
#3828 = EDGE_CURVE ( 'NONE', #8308, #2788, #5625, .T. ) ;
#3829 = AXIS2_PLACEMENT_3D ( 'NONE', #7511, #7560, #714 ) ;
#3830 = CARTESIAN_POINT ( 'NONE',  ( -107.0000000000000000, -312.4838379715732799, -107.0000000000000284 ) ) ;
#3831 = CARTESIAN_POINT ( 'NONE',  ( 24.59900000000001086, 10.30000000000000071, -81.16896198777733673 ) ) ;
#3832 = AXIS2_PLACEMENT_3D ( 'NONE', #1231, #5359, #5409 ) ;
#3833 = CARTESIAN_POINT ( 'NONE',  ( -2.759999999999963816, 12.30000000000000071, -87.84396198777731968 ) ) ;
#3834 = ORIENTED_EDGE ( 'NONE', *, *, #5189, .F. ) ;
#3835 = DIRECTION ( 'NONE',  ( -0.000000000000000000, -0.000000000000000000, -1.000000000000000000 ) ) ;
#3836 = EDGE_CURVE ( 'NONE', #7327, #5511, #5483, .T. ) ;
#3837 = VECTOR ( 'NONE', #2600, 1000.000000000000114 ) ;
#3838 = DIRECTION ( 'NONE',  ( 0.000000000000000000, 0.000000000000000000, 1.000000000000000000 ) ) ;
#3839 = EDGE_CURVE ( 'NONE', #6291, #1401, #1407, .T. ) ;
#3840 = FILL_AREA_STYLE ('',( #5880 ) ) ;
#3841 = CIRCLE ( 'NONE', #6881, 6.678199262354605814 ) ;
#3842 = CARTESIAN_POINT ( 'NONE',  ( 7.550000000000033573, 10.29999999999999893, -83.26896198777730262 ) ) ;
#3843 = VECTOR ( 'NONE', #8905, 1000.000000000000000 ) ;
#3844 = CARTESIAN_POINT ( 'NONE',  ( 52.66303433343966134, 12.30000000000000071, -85.18588077611885012 ) ) ;
#3845 = ORIENTED_EDGE ( 'NONE', *, *, #2947, .T. ) ;
#3846 = VECTOR ( 'NONE', #7732, 1000.000000000000000 ) ;
#3847 = ORIENTED_EDGE ( 'NONE', *, *, #7185, .F. ) ;
#3848 = ORIENTED_EDGE ( 'NONE', *, *, #3792, .T. ) ;
#3849 = DIRECTION ( 'NONE',  ( -0.000000000000000000, -1.000000000000000000, -0.000000000000000000 ) ) ;
#3850 = ORIENTED_EDGE ( 'NONE', *, *, #4135, .T. ) ;
#3851 = ORIENTED_EDGE ( 'NONE', *, *, #7256, .F. ) ;
#3852 = DIRECTION ( 'NONE',  ( -1.000000000000000000, -0.000000000000000000, -0.000000000000000000 ) ) ;
#3853 = DIRECTION ( 'NONE',  ( -0.9063077870366524902, -0.4226182617406941677, 0.000000000000000000 ) ) ;
#3854 = EDGE_CURVE ( 'NONE', #6477, #8054, #725, .T. ) ;
#3855 = LINE ( 'NONE', #1001, #6296 ) ;
#3856 = CONICAL_SURFACE ( 'NONE', #1974, 6.678199262354605814, 0.6981317007977448919 ) ;
#3857 = CARTESIAN_POINT ( 'NONE',  ( 2.141236637241971330, 10.29999999999999893, -84.90275408236141175 ) ) ;
#3858 = LINE ( 'NONE', #451, #1615 ) ;
#3859 = EDGE_LOOP ( 'NONE', ( #7229, #4537, #7295, #6171 ) ) ;
#3860 = ORIENTED_EDGE ( 'NONE', *, *, #6218, .F. ) ;
#3861 = EDGE_CURVE ( 'NONE', #3795, #7500, #1587, .T. ) ;
#3862 = EDGE_CURVE ( 'NONE', #5215, #1890, #5753, .T. ) ;
#3863 = CARTESIAN_POINT ( 'NONE',  ( -47.30000000000032401, 10.90000000000000213, 43.99999999999965894 ) ) ;
#3864 = AXIS2_PLACEMENT_3D ( 'NONE', #738, #6259, #2275 ) ;
#3865 = CARTESIAN_POINT ( 'NONE',  ( -2.945789902099384516, 12.30000000000000071, -93.49958085944855668 ) ) ;
#3866 = ORIENTED_EDGE ( 'NONE', *, *, #1117, .T. ) ;
#3867 = DIRECTION ( 'NONE',  ( 1.000000000000000000, 0.000000000000000000, -1.137523590804464069E-16 ) ) ;
#3868 = DIRECTION ( 'NONE',  ( 0.000000000000000000, -0.000000000000000000, -1.000000000000000000 ) ) ;
#3869 = CARTESIAN_POINT ( 'NONE',  ( -48.57800000000001006, 12.30000000000000071, -77.00896198777732593 ) ) ;
#3870 = ORIENTED_EDGE ( 'NONE', *, *, #5665, .F. ) ;
#3871 = CARTESIAN_POINT ( 'NONE',  ( -87.56103777371090757, 10.29999999999999893, -76.69553844091078076 ) ) ;
#3872 = CARTESIAN_POINT ( 'NONE',  ( -2.945789902099384516, 10.30000000000000071, -93.49958085944855668 ) ) ;
#3873 = CARTESIAN_POINT ( 'NONE',  ( -87.28513033663195131, 10.29999999999999716, -80.84906279341338120 ) ) ;
#3874 = AXIS2_PLACEMENT_3D ( 'NONE', #944, #4525, #7976 ) ;
#3875 = CARTESIAN_POINT ( 'NONE',  ( -5.751818784298963649, 10.29999999999999893, -99.61361715360496305 ) ) ;
#3876 = CARTESIAN_POINT ( 'NONE',  ( 54.77767755250492598, 12.30000000000000071, -81.26311065134747480 ) ) ;
#3877 = ORIENTED_EDGE ( 'NONE', *, *, #6790, .F. ) ;
#3878 = EDGE_CURVE ( 'NONE', #7156, #5257, #942, .T. ) ;
#3879 = FACE_OUTER_BOUND ( 'NONE', #3780, .T. ) ;
#3880 = ORIENTED_EDGE ( 'NONE', *, *, #2143, .T. ) ;
#3881 = CARTESIAN_POINT ( 'NONE',  ( -36.64999999999999858, 4.299999999999999822, -1.849999999999995648 ) ) ;
#3882 = FACE_OUTER_BOUND ( 'NONE', #6073, .T. ) ;
#3883 = DIRECTION ( 'NONE',  ( 1.000000000000000000, 0.000000000000000000, -0.000000000000000000 ) ) ;
#3884 = CARTESIAN_POINT ( 'NONE',  ( 0.1989858385415463338, 12.30000000000000071, -76.67976145275022759 ) ) ;
#3885 = CARTESIAN_POINT ( 'NONE',  ( 52.73706338219438550, 12.30000000000000071, -85.91736112997251951 ) ) ;
#3886 = VECTOR ( 'NONE', #2471, 1000.000000000000000 ) ;
#3887 = EDGE_LOOP ( 'NONE', ( #8886, #4247, #3403, #341 ) ) ;
#3888 = CARTESIAN_POINT ( 'NONE',  ( 48.65856390894515471, 12.30000000000000071, -88.43938065510481294 ) ) ;
#3889 = ORIENTED_EDGE ( 'NONE', *, *, #433, .F. ) ;
#3890 = ORIENTED_EDGE ( 'NONE', *, *, #7908, .F. ) ;
#3891 = CARTESIAN_POINT ( 'NONE',  ( -38.64999999999999147, 20.00000000000000000, -6.849999999999996980 ) ) ;
#3892 = EDGE_CURVE ( 'NONE', #1186, #4765, #1538, .T. ) ;
#3893 = CARTESIAN_POINT ( 'NONE',  ( -82.18409769380961905, 12.29999999999999893, -82.91550768086530354 ) ) ;
#3894 = VECTOR ( 'NONE', #1713, 1000.000000000000000 ) ;
#3895 = CARTESIAN_POINT ( 'NONE',  ( 35.54999999999998295, 12.29999999999997762, -38.65000000000000568 ) ) ;
#3896 = CARTESIAN_POINT ( 'NONE',  ( 2.200000000000035261, 12.30000000000000071, -90.42896198777731342 ) ) ;
#3897 = EDGE_LOOP ( 'NONE', ( #250, #8560, #3098, #5322 ) ) ;
#3898 = VECTOR ( 'NONE', #6240, 1000.000000000000000 ) ;
#3899 = ORIENTED_EDGE ( 'NONE', *, *, #8067, .F. ) ;
#3900 = EDGE_CURVE ( 'NONE', #541, #651, #7026, .T. ) ;
#3901 = ADVANCED_FACE ( 'NONE', ( #6516 ), #992, .T. ) ;
#3902 = ADVANCED_FACE ( 'NONE', ( #5709 ), #7888, .F. ) ;
#3903 = FACE_OUTER_BOUND ( 'NONE', #7112, .T. ) ;
#3904 = FACE_OUTER_BOUND ( 'NONE', #4041, .T. ) ;
#3905 = ORIENTED_EDGE ( 'NONE', *, *, #580, .F. ) ;
#3906 = PLANE ( 'NONE',  #5599 ) ;
#3907 = VECTOR ( 'NONE', #724, 1000.000000000000000 ) ;
#3908 = LINE ( 'NONE', #4046, #6320 ) ;
#3909 = DIRECTION ( 'NONE',  ( -0.000000000000000000, 1.000000000000000000, -0.000000000000000000 ) ) ;
#3910 = CARTESIAN_POINT ( 'NONE',  ( -108.1281992623546131, 2.000000000000000000, -101.4500000000000171 ) ) ;
#3911 = CARTESIAN_POINT ( 'NONE',  ( 55.85519017781547291, 10.30000000000000071, -92.36821595577896460 ) ) ;
#3912 = EDGE_LOOP ( 'NONE', ( #5505, #4146, #6342, #1715 ) ) ;
#3913 = ORIENTED_EDGE ( 'NONE', *, *, #1480, .T. ) ;
#3914 = CARTESIAN_POINT ( 'NONE',  ( -98.45000000000000284, 0.000000000000000000, -88.45000000000001705 ) ) ;
#3915 = CARTESIAN_POINT ( 'NONE',  ( -1.244999999999968354, 10.30000000000000071, -92.09896198777731513 ) ) ;
#3916 = DIRECTION ( 'NONE',  ( 0.000000000000000000, 1.000000000000000000, 0.000000000000000000 ) ) ;
#3917 = CARTESIAN_POINT ( 'NONE',  ( -33.64999999999998437, 20.00000000000000000, 107.0000000000000000 ) ) ;
#3918 = CARTESIAN_POINT ( 'NONE',  ( -47.30000000000032401, 10.90000000000000213, 50.59999999999965326 ) ) ;
#3919 = VECTOR ( 'NONE', #3227, 1000.000000000000000 ) ;
#3920 = ORIENTED_EDGE ( 'NONE', *, *, #2617, .T. ) ;
#3921 = CARTESIAN_POINT ( 'NONE',  ( 0.000000000000000000, 10.30000000000000071, -101.0089619877772975 ) ) ;
#3922 = ORIENTED_EDGE ( 'NONE', *, *, #7391, .T. ) ;
#3923 = CARTESIAN_POINT ( 'NONE',  ( 96.77180073764540680, 2.000000000000000000, 88.45000000000001705 ) ) ;
#3924 = VECTOR ( 'NONE', #4039, 1000.000000000000000 ) ;
#3925 = AXIS2_PLACEMENT_3D ( 'NONE', #8798, #2768, #5389 ) ;
#3926 = CARTESIAN_POINT ( 'NONE',  ( -4.599685496743295410, 10.30000000000000249, -77.44608715465163584 ) ) ;
#3927 = CARTESIAN_POINT ( 'NONE',  ( -75.44999999999997442, -2.259537311044977340E-15, -85.45000000000000284 ) ) ;
#3928 = CARTESIAN_POINT ( 'NONE',  ( 2.193950491127210523, 12.30000000000000071, -76.91301622480393974 ) ) ;
#3929 = CARTESIAN_POINT ( 'NONE',  ( -47.29999999999949978, 0.000000000000000000, -47.30000000000048033 ) ) ;
#3930 = ORIENTED_EDGE ( 'NONE', *, *, #653, .F. ) ;
#3931 = EDGE_CURVE ( 'NONE', #5052, #1641, #316, .T. ) ;
#3932 = ORIENTED_EDGE ( 'NONE', *, *, #3164, .F. ) ;
#3933 = VECTOR ( 'NONE', #7622, 1000.000000000000000 ) ;
#3934 = DIRECTION ( 'NONE',  ( -1.000000000000000000, -0.000000000000000000, 1.091021054073463647E-16 ) ) ;
#3935 = ORIENTED_EDGE ( 'NONE', *, *, #8774, .T. ) ;
#3936 = ORIENTED_EDGE ( 'NONE', *, *, #2925, .F. ) ;
#3937 = CARTESIAN_POINT ( 'NONE',  ( 112.0000000000000142, 20.00000000000000000, -107.0000000000000284 ) ) ;
#3938 = CIRCLE ( 'NONE', #7711, 5.000000000000004441 ) ;
#3939 = VECTOR ( 'NONE', #7135, 1000.000000000000000 ) ;
#3940 = CARTESIAN_POINT ( 'NONE',  ( -81.77346369768245893, 12.29999999999999893, -83.46096873817558048 ) ) ;
#3941 = CARTESIAN_POINT ( 'NONE',  ( -0.3999999999999681033, 10.29999999999999893, -76.68896198777730433 ) ) ;
#3942 = CARTESIAN_POINT ( 'NONE',  ( 4.630181766074907834, 12.30000000000000249, -101.0089619953134559 ) ) ;
#3943 = ORIENTED_EDGE ( 'NONE', *, *, #2574, .F. ) ;
#3944 = ORIENTED_EDGE ( 'NONE', *, *, #7507, .F. ) ;
#3945 = EDGE_CURVE ( 'NONE', #1848, #7629, #5798, .T. ) ;
#3946 = LINE ( 'NONE', #8844, #7620 ) ;
#3947 = DIRECTION ( 'NONE',  ( -0.000000000000000000, 1.000000000000000000, -0.000000000000000000 ) ) ;
#3948 = EDGE_LOOP ( 'NONE', ( #6439, #6390, #7121, #8007 ) ) ;
#3949 = CARTESIAN_POINT ( 'NONE',  ( -80.44999999999998863, 0.000000000000000000, -75.44999999999998863 ) ) ;
#3950 = CARTESIAN_POINT ( 'NONE',  ( -90.25821082270701368, 12.30000000000000071, -96.98998933259183275 ) ) ;
#3951 = ADVANCED_FACE ( 'NONE', ( #2306 ), #7107, .T. ) ;
#3952 = DIRECTION ( 'NONE',  ( -0.000000000000000000, 1.000000000000000000, -0.000000000000000000 ) ) ;
#3953 = LINE ( 'NONE', #5404, #1285 ) ;
#3954 = LINE ( 'NONE', #5985, #1029 ) ;
#3955 = EDGE_CURVE ( 'NONE', #2119, #824, #3841, .T. ) ;
#3956 = ORIENTED_EDGE ( 'NONE', *, *, #217, .F. ) ;
#3957 = ORIENTED_EDGE ( 'NONE', *, *, #6863, .T. ) ;
#3958 = PLANE ( 'NONE',  #3832 ) ;
#3959 = DIRECTION ( 'NONE',  ( 0.000000000000000000, 0.9063077870366512689, -0.4226182617406967212 ) ) ;
#3960 = ORIENTED_EDGE ( 'NONE', *, *, #849, .T. ) ;
#3961 = CARTESIAN_POINT ( 'NONE',  ( -5.910766772914516132, 10.30000000000000071, -90.05637986421932339 ) ) ;
#3962 = FACE_OUTER_BOUND ( 'NONE', #1366, .T. ) ;
#3963 = ADVANCED_FACE ( 'NONE', ( #1134 ), #5400, .T. ) ;
#3964 = EDGE_CURVE ( 'NONE', #6481, #8717, #3223, .T. ) ;
#3965 = CARTESIAN_POINT ( 'NONE',  ( -5.558861535925204045, 12.30000000000000249, -77.88509691832013004 ) ) ;
#3966 = LINE ( 'NONE', #3918, #5062 ) ;
#3967 = ORIENTED_EDGE ( 'NONE', *, *, #1707, .T. ) ;
#3968 = ADVANCED_FACE ( 'NONE', ( #3364 ), #1271, .T. ) ;
#3969 = CARTESIAN_POINT ( 'NONE',  ( 54.77767755250492598, 10.29999999999999893, -81.26311065134747480 ) ) ;
#3970 = ORIENTED_EDGE ( 'NONE', *, *, #873, .F. ) ;
#3971 = DIRECTION ( 'NONE',  ( 0.000000000000000000, 1.000000000000000000, -0.000000000000000000 ) ) ;
#3972 = CARTESIAN_POINT ( 'NONE',  ( 48.65856390894515471, 12.30000000000000249, -88.43938065510481294 ) ) ;
#3973 = DIRECTION ( 'NONE',  ( -0.000000000000000000, -0.000000000000000000, -1.000000000000000000 ) ) ;
#3974 = CARTESIAN_POINT ( 'NONE',  ( 5.969033672315013916, 10.29999999999999893, -78.84460674040211359 ) ) ;
#3975 = CARTESIAN_POINT ( 'NONE',  ( 108.1281992623546131, 2.000000000000000000, -101.4500000000000171 ) ) ;
#3976 = AXIS2_PLACEMENT_3D ( 'NONE', #7797, #6471, #7929 ) ;
#3977 = CONICAL_SURFACE ( 'NONE', #4854, 6.678199262354605814, 0.6981317007977448919 ) ;
#3978 = DIRECTION ( 'NONE',  ( -0.000000000000000000, 1.000000000000000000, -0.000000000000000000 ) ) ;
#3979 = FACE_OUTER_BOUND ( 'NONE', #6838, .T. ) ;
#3980 = VECTOR ( 'NONE', #4118, 1000.000000000000000 ) ;
#3981 = VERTEX_POINT ( 'NONE', #2004 ) ;
#3982 = CARTESIAN_POINT ( 'NONE',  ( -3.757743897372518571, 12.30000000000000071, -88.39072054998658245 ) ) ;
#3983 = ORIENTED_EDGE ( 'NONE', *, *, #7506, .T. ) ;
#3984 = VECTOR ( 'NONE', #8883, 1000.000000000000000 ) ;
#3985 = CARTESIAN_POINT ( 'NONE',  ( 59.34409262557055342, 10.30000000000000071, 15.36368981952332113 ) ) ;
#3986 = AXIS2_PLACEMENT_3D ( 'NONE', #744, #5603, #7730 ) ;
#3987 = CARTESIAN_POINT ( 'NONE',  ( -83.66046874600273497, 12.29999999999999893, -81.64684082610479265 ) ) ;
#3988 = CARTESIAN_POINT ( 'NONE',  ( -7.271900180227506283, 10.30000000000000071, -91.80171566348501244 ) ) ;
#3989 = CARTESIAN_POINT ( 'NONE',  ( 117.0000000000000142, 20.00000000000000000, -107.0000000000000284 ) ) ;
#3990 = ORIENTED_EDGE ( 'NONE', *, *, #5828, .T. ) ;
#3991 = CIRCLE ( 'NONE', #97, 4.999999999999976907 ) ;
#3992 = VERTEX_POINT ( 'NONE', #503 ) ;
#3993 = VECTOR ( 'NONE', #465, 1000.000000000000000 ) ;
#3994 = VECTOR ( 'NONE', #6098, 1000.000000000000114 ) ;
#3995 = EDGE_CURVE ( 'NONE', #8803, #8020, #2679, .T. ) ;
#3996 = CARTESIAN_POINT ( 'NONE',  ( -116.9999999999997584, 16.00000000000000000, 71.86523063262039557 ) ) ;
#3997 = PLANE ( 'NONE',  #521 ) ;
#3998 = ORIENTED_EDGE ( 'NONE', *, *, #757, .F. ) ;
#3999 = CARTESIAN_POINT ( 'NONE',  ( -62.97983683608704553, 12.29999999999997762, 6.850000000000004974 ) ) ;
#4000 = CARTESIAN_POINT ( 'NONE',  ( 48.12633505457227301, 10.30000000000000249, -86.95575809439918658 ) ) ;
#4001 = DIRECTION ( 'NONE',  ( 0.000000000000000000, 0.000000000000000000, 1.000000000000000000 ) ) ;
#4002 = DIRECTION ( 'NONE',  ( -6.484947573745073354E-17, 0.000000000000000000, 1.000000000000000000 ) ) ;
#4003 = CARTESIAN_POINT ( 'NONE',  ( -85.44999999999997442, -0.000000000000000000, 0.000000000000000000 ) ) ;
#4004 = ORIENTED_EDGE ( 'NONE', *, *, #8682, .T. ) ;
#4005 = ORIENTED_EDGE ( 'NONE', *, *, #3106, .T. ) ;
#4006 = AXIS2_PLACEMENT_3D ( 'NONE', #8221, #2639, #6166 ) ;
#4007 = DIRECTION ( 'NONE',  ( 0.000000000000000000, 1.000000000000000000, 0.000000000000000000 ) ) ;
#4008 = LINE ( 'NONE', #6764, #8194 ) ;
#4009 = ORIENTED_EDGE ( 'NONE', *, *, #5659, .F. ) ;
#4010 = FACE_BOUND ( 'NONE', #3670, .T. ) ;
#4011 = CARTESIAN_POINT ( 'NONE',  ( 79.78200000000008174, 12.30000000000000071, -101.0089619877773259 ) ) ;
#4012 = CARTESIAN_POINT ( 'NONE',  ( -6.765014346645617849, 10.29999999999999893, -98.65459707966554959 ) ) ;
#4013 = CARTESIAN_POINT ( 'NONE',  ( -76.14047602250255409, 10.29999999999999893, -93.15109784760701928 ) ) ;
#4014 = VERTEX_POINT ( 'NONE', #3949 ) ;
#4015 = ADVANCED_FACE ( 'NONE', ( #7439 ), #6800, .T. ) ;
#4016 = EDGE_CURVE ( 'NONE', #8328, #8286, #7398, .T. ) ;
#4017 = CARTESIAN_POINT ( 'NONE',  ( 55.46205761999347317, 10.29999999999999893, -81.16209462025454968 ) ) ;
#4018 = AXIS2_PLACEMENT_3D ( 'NONE', #2436, #2307, #5119 ) ;
#4019 = EDGE_LOOP ( 'NONE', ( #497, #5876, #4855, #4557, #2206, #2356, #3998, #2726, #2157, #8864, #6928, #3690 ) ) ;
#4020 = CARTESIAN_POINT ( 'NONE',  ( 51.78968710821857258, 10.30000000000000071, -77.73682393773059118 ) ) ;
#4021 = B_SPLINE_CURVE_WITH_KNOTS ( 'NONE', 3,
 ( #1404, #8297, #3982, #540, #4842, #8205, #4702, #4120, #6150, #6880, #6106, #6741, #3305, #4754, #3445, #8157, #8931 ),
 .UNSPECIFIED., .F., .F.,
 ( 4, 1, 1, 1, 1, 1, 1, 1, 1, 1, 1, 1, 1, 1, 4 ),
 ( 0.000000000000000000, 0.1515117252835140038, 0.2236454718722481472, 0.2928179978826851437, 0.3599813658667541105, 0.4253424332056771062, 0.4891255950026888732, 0.5507976436436770040, 0.6110738741777416161, 0.6693584875439776427, 0.7259294393514793553, 0.7816794060073223305, 0.8364583066756069440, 0.8906127282866175277, 1.000000000000000000 ),
 .UNSPECIFIED. ) ;
#4022 = CARTESIAN_POINT ( 'NONE',  ( 0.000000000000000000, 10.30000000000000071, -101.0089619877773117 ) ) ;
#4023 = FACE_OUTER_BOUND ( 'NONE', #6615, .T. ) ;
#4024 = PLANE ( 'NONE',  #6617 ) ;
#4025 = CARTESIAN_POINT ( 'NONE',  ( 35.54999999999998295, -312.4838379715732799, 38.65000000000000568 ) ) ;
#4026 = B_SPLINE_SURFACE_WITH_KNOTS ( 'NONE', 3, 1, ( 
 ( #4094, #4673 ),
 ( #8751, #6701 ),
 ( #1221, #3950 ),
 ( #4721, #6802 ),
 ( #6121, #7491 ) ),
 .UNSPECIFIED., .F., .F., .F.,
 ( 4, 1, 4 ),
 ( 2, 2 ),
 ( 0.000000000000000000, 0.4925409236112814337, 1.000000000000000000 ),
 ( 0.000000000000000000, 1.000000000000000000 ),
 .UNSPECIFIED. ) ;
#4027 = ORIENTED_EDGE ( 'NONE', *, *, #42, .F. ) ;
#4028 = CARTESIAN_POINT ( 'NONE',  ( 47.90309419322787221, 12.30000000000000071, -85.82982652085034658 ) ) ;
#4029 = VERTEX_POINT ( 'NONE', #8082 ) ;
#4030 = LINE ( 'NONE', #8343, #7614 ) ;
#4031 = ORIENTED_EDGE ( 'NONE', *, *, #1793, .F. ) ;
#4032 = CARTESIAN_POINT ( 'NONE',  ( -88.60312019403002637, 12.30000000000000071, -97.16855353654531768 ) ) ;
#4033 = DIRECTION ( 'NONE',  ( -0.000000000000000000, 1.000000000000000000, -0.000000000000000000 ) ) ;
#4034 = PLANE ( 'NONE',  #2058 ) ;
#4035 = DIRECTION ( 'NONE',  ( -0.9063077870366524902, -0.4226182617406941677, 0.000000000000000000 ) ) ;
#4036 = VERTEX_POINT ( 'NONE', #602 ) ;
#4037 = VERTEX_POINT ( 'NONE', #1220 ) ;
#4038 = CIRCLE ( 'NONE', #5196, 9.999999999999994671 ) ;
#4039 = DIRECTION ( 'NONE',  ( 1.000000000000000000, 0.000000000000000000, 6.226015167256373205E-17 ) ) ;
#4040 = DIRECTION ( 'NONE',  ( 0.000000000000000000, 0.000000000000000000, 1.000000000000000000 ) ) ;
#4041 = EDGE_LOOP ( 'NONE', ( #8744, #6879, #6497, #3306 ) ) ;
#4042 = EDGE_CURVE ( 'NONE', #8371, #8676, #1320, .T. ) ;
#4043 = ORIENTED_EDGE ( 'NONE', *, *, #6218, .T. ) ;
#4044 = CIRCLE ( 'NONE', #7962, 6.678199262354605814 ) ;
#4045 = DIRECTION ( 'NONE',  ( -6.484947573745073354E-17, 0.000000000000000000, 1.000000000000000000 ) ) ;
#4046 = CARTESIAN_POINT ( 'NONE',  ( 0.000000000000000000, 10.30000000000000071, -81.16896198777733673 ) ) ;
#4047 = DIRECTION ( 'NONE',  ( -0.000000000000000000, 1.000000000000000000, -0.000000000000000000 ) ) ;
#4048 = CARTESIAN_POINT ( 'NONE',  ( -4.599685496743295410, 10.30000000000000249, -77.44608715465163584 ) ) ;
#4049 = EDGE_CURVE ( 'NONE', #1411, #4783, #5449, .T. ) ;
#4050 = CARTESIAN_POINT ( 'NONE',  ( 2.141236637241971330, 12.30000000000000071, -84.90275408236141175 ) ) ;
#4051 = ORIENTED_EDGE ( 'NONE', *, *, #6884, .F. ) ;
#4052 = ORIENTED_EDGE ( 'NONE', *, *, #3023, .T. ) ;
#4053 = DIRECTION ( 'NONE',  ( 1.000000000000000000, 0.000000000000000000, 0.000000000000000000 ) ) ;
#4054 = ADVANCED_FACE ( 'NONE', ( #8169, #8712 ), #3906, .T. ) ;
#4055 = CARTESIAN_POINT ( 'NONE',  ( -76.13997716721773656, 10.29999999999999893, -84.97078840487554885 ) ) ;
#4056 = ORIENTED_EDGE ( 'NONE', *, *, #2163, .F. ) ;
#4057 = FACE_BOUND ( 'NONE', #8355, .T. ) ;
#4058 = CARTESIAN_POINT ( 'NONE',  ( 99.27826237330735637, 10.30000000000000071, -25.70231275669579318 ) ) ;
#4059 = CARTESIAN_POINT ( 'NONE',  ( -90.62854540391286662, 10.29999999999999716, -82.13623666937780854 ) ) ;
#4060 = CARTESIAN_POINT ( 'NONE',  ( -76.85363629713386047, 10.29999999999999893, -95.47893385092059759 ) ) ;
#4061 = VERTEX_POINT ( 'NONE', #8896 ) ;
#4062 = EDGE_CURVE ( 'NONE', #340, #5488, #1826, .T. ) ;
#4063 = EDGE_CURVE ( 'NONE', #6228, #7624, #4586, .T. ) ;
#4064 = DIRECTION ( 'NONE',  ( 1.000000000000000000, 0.000000000000000000, -0.000000000000000000 ) ) ;
#4065 = ORIENTED_EDGE ( 'NONE', *, *, #3066, .F. ) ;
#4066 = CARTESIAN_POINT ( 'NONE',  ( 55.31963893544907762, 10.30000000000000071, -77.00816972969403196 ) ) ;
#4067 = CARTESIAN_POINT ( 'NONE',  ( 7.004258201248930504, 10.30000000000000071, -85.90853134798203428 ) ) ;
#4068 = EDGE_CURVE ( 'NONE', #3252, #6476, #100, .T. ) ;
#4069 = CARTESIAN_POINT ( 'NONE',  ( -68.45000000000000284, 4.000000000000000000, -68.15000000000000568 ) ) ;
#4070 = DIRECTION ( 'NONE',  ( 3.164356725686688634E-15, -0.4226182617406941677, 0.9063077870366524902 ) ) ;
#4071 = LINE ( 'NONE', #4025, #1288 ) ;
#4072 = EDGE_CURVE ( 'NONE', #5706, #2285, #552, .T. ) ;
#4073 = ADVANCED_FACE ( 'NONE', ( #460 ), #2546, .T. ) ;
#4074 = VERTEX_POINT ( 'NONE', #1863 ) ;
#4075 = VECTOR ( 'NONE', #6504, 1000.000000000000000 ) ;
#4076 = FACE_OUTER_BOUND ( 'NONE', #8362, .T. ) ;
#4077 = VERTEX_POINT ( 'NONE', #6074 ) ;
#4078 = LINE ( 'NONE', #2622, #6004 ) ;
#4079 = VERTEX_POINT ( 'NONE', #4629 ) ;
#4080 = DIRECTION ( 'NONE',  ( -1.619756561649638654E-16, 0.6427876096865482447, 0.7660444431189705750 ) ) ;
#4081 = LINE ( 'NONE', #3215, #3984 ) ;
#4082 = LINE ( 'NONE', #5253, #2348 ) ;
#4083 = CARTESIAN_POINT ( 'NONE',  ( 32.27900000000001057, 10.30000000000000071, -101.0089619877773259 ) ) ;
#4084 = ADVANCED_FACE ( 'NONE', ( #8846 ), #7675, .F. ) ;
#4085 = VERTEX_POINT ( 'NONE', #3503 ) ;
#4086 = AXIS2_PLACEMENT_3D ( 'NONE', #4792, #7009, #6236 ) ;
#4087 = ORIENTED_EDGE ( 'NONE', *, *, #6554, .F. ) ;
#4088 = CARTESIAN_POINT ( 'NONE',  ( -1.711912807537499415, 10.30000000000000071, -96.81965546741596995 ) ) ;
#4089 = CARTESIAN_POINT ( 'NONE',  ( 117.0000000000007390, 16.00000000000000000, 89.86523063261957134 ) ) ;
#4090 = AXIS2_PLACEMENT_3D ( 'NONE', #5902, #2461, #3868 ) ;
#4091 = VERTEX_POINT ( 'NONE', #4814 ) ;
#4092 = EDGE_LOOP ( 'NONE', ( #3086, #8506, #4775, #7028 ) ) ;
#4093 = CARTESIAN_POINT ( 'NONE',  ( -111.9999999999999716, 16.00000000000001421, -107.0000000000000284 ) ) ;
#4094 = CARTESIAN_POINT ( 'NONE',  ( -87.78700000000003456, 10.30000000000000071, -97.16896198777730831 ) ) ;
#4095 = DIRECTION ( 'NONE',  ( -0.000000000000000000, -1.000000000000000000, -0.000000000000000000 ) ) ;
#4096 = CARTESIAN_POINT ( 'NONE',  ( -111.4500000000000313, -0.000000000000000000, -1.387778780781446307E-14 ) ) ;
#4097 = DIRECTION ( 'NONE',  ( -0.000000000000000000, 0.000000000000000000, 1.000000000000000000 ) ) ;
#4098 = ORIENTED_EDGE ( 'NONE', *, *, #580, .T. ) ;
#4099 = ORIENTED_EDGE ( 'NONE', *, *, #7278, .T. ) ;
#4100 = CARTESIAN_POINT ( 'NONE',  ( 75.45000000000000284, 0.000000000000000000, 75.45000000000000284 ) ) ;
#4101 = DIRECTION ( 'NONE',  ( -1.000000000000000000, 0.000000000000000000, 0.000000000000000000 ) ) ;
#4102 = ORIENTED_EDGE ( 'NONE', *, *, #1877, .F. ) ;
#4103 = CARTESIAN_POINT ( 'NONE',  ( -3.167724713665917680, 10.30000000000000071, -88.05523631072669843 ) ) ;
#4104 = LINE ( 'NONE', #659, #7163 ) ;
#4105 = VERTEX_POINT ( 'NONE', #2231 ) ;
#4106 = CARTESIAN_POINT ( 'NONE',  ( -67.04423606236410649, 4.299999999999999822, -4.849999999999995204 ) ) ;
#4107 = CARTESIAN_POINT ( 'NONE',  ( 107.0000000000000142, 12.29999999999997762, 107.0000000000000000 ) ) ;
#4108 = EDGE_CURVE ( 'NONE', #8019, #988, #7179, .T. ) ;
#4109 = ORIENTED_EDGE ( 'NONE', *, *, #4802, .F. ) ;
#4110 = PLANE ( 'NONE',  #5947 ) ;
#4111 = EDGE_LOOP ( 'NONE', ( #2310, #3088, #1120, #5079 ) ) ;
#4112 = DIRECTION ( 'NONE',  ( -3.164356725686685084E-15, -0.4226182617406967212, -0.9063077870366512689 ) ) ;
#4113 = DIRECTION ( 'NONE',  ( 0.000000000000000000, 0.000000000000000000, 1.000000000000000000 ) ) ;
#4114 = DIRECTION ( 'NONE',  ( 0.000000000000000000, -1.000000000000000000, 0.000000000000000000 ) ) ;
#4115 = DIRECTION ( 'NONE',  ( 0.000000000000000000, 0.000000000000000000, -1.000000000000000000 ) ) ;
#4116 = CARTESIAN_POINT ( 'NONE',  ( 80.44999999999998863, 0.000000000000000000, -75.44999999999998863 ) ) ;
#4117 = FACE_OUTER_BOUND ( 'NONE', #7427, .T. ) ;
#4118 = DIRECTION ( 'NONE',  ( -0.000000000000000000, 1.000000000000000000, -0.000000000000000000 ) ) ;
#4119 = ORIENTED_EDGE ( 'NONE', *, *, #3405, .T. ) ;
#4120 = CARTESIAN_POINT ( 'NONE',  ( -6.310040720032232819, 12.30000000000000071, -90.47529604379633383 ) ) ;
#4121 = ADVANCED_FACE ( 'NONE', ( #7584 ), #1367, .T. ) ;
#4122 = CARTESIAN_POINT ( 'NONE',  ( 84.77700000000005787, 10.30000000000000071, -82.87396198777733503 ) ) ;
#4123 = CARTESIAN_POINT ( 'NONE',  ( 96.77180073764540680, 2.000000000000000000, 88.45000000000001705 ) ) ;
#4124 = CARTESIAN_POINT ( 'NONE',  ( 0.000000000000000000, 10.30000000000000071, -92.36896198777732536 ) ) ;
#4125 = VECTOR ( 'NONE', #6514, 1000.000000000000000 ) ;
#4126 = CARTESIAN_POINT ( 'NONE',  ( -75.44999999999998863, 2.000000000000000000, -82.12819926235459889 ) ) ;
#4127 = ORIENTED_EDGE ( 'NONE', *, *, #1770, .T. ) ;
#4128 = AXIS2_PLACEMENT_3D ( 'NONE', #347, #4385, #2253 ) ;
#4129 = ORIENTED_EDGE ( 'NONE', *, *, #8617, .F. ) ;
#4130 = AXIS2_PLACEMENT_3D ( 'NONE', #8155, #8831, #7474 ) ;
#4131 = CARTESIAN_POINT ( 'NONE',  ( 99.27826237330729953, 12.30000000000000071, -25.70231275669561910 ) ) ;
#4132 = DIRECTION ( 'NONE',  ( 1.000000000000000000, 0.000000000000000000, -0.000000000000000000 ) ) ;
#4133 = EDGE_LOOP ( 'NONE', ( #2453, #6936, #7681, #4601 ) ) ;
#4134 = AXIS2_PLACEMENT_3D ( 'NONE', #1698, #3144, #3096 ) ;
#4135 = EDGE_CURVE ( 'NONE', #6772, #5687, #953, .T. ) ;
#4136 = VERTEX_POINT ( 'NONE', #1558 ) ;
#4137 = DIRECTION ( 'NONE',  ( 0.000000000000000000, -0.000000000000000000, -1.000000000000000000 ) ) ;
#4138 = CARTESIAN_POINT ( 'NONE',  ( 47.29999999999981952, 10.90000000000000036, 50.60000000000015064 ) ) ;
#4139 = CARTESIAN_POINT ( 'NONE',  ( -107.0000000000000000, 0.000000000000000000, -107.0000000000000284 ) ) ;
#4140 = CIRCLE ( 'NONE', #2843, 9.999999999999994671 ) ;
#4141 = LINE ( 'NONE', #6262, #7225 ) ;
#4142 = PLANE ( 'NONE',  #8128 ) ;
#4143 = AXIS2_PLACEMENT_3D ( 'NONE', #6478, #2913, #4355 ) ;
#4144 = ORIENTED_EDGE ( 'NONE', *, *, #3020, .T. ) ;
#4145 = VECTOR ( 'NONE', #2954, 1000.000000000000000 ) ;
#4146 = ORIENTED_EDGE ( 'NONE', *, *, #3854, .F. ) ;
#4147 = ADVANCED_FACE ( 'NONE', ( #21 ), #3459, .T. ) ;
#4148 = FACE_OUTER_BOUND ( 'NONE', #6895, .T. ) ;
#4149 = VECTOR ( 'NONE', #7465, 1000.000000000000000 ) ;
#4150 = CARTESIAN_POINT ( 'NONE',  ( 79.78200000000008174, 10.30000000000000071, -101.0089619877773259 ) ) ;
#4151 = ORIENTED_EDGE ( 'NONE', *, *, #4469, .F. ) ;
#4152 = LINE ( 'NONE', #4287, #5306 ) ;
#4153 = LINE ( 'NONE', #7452, #1376 ) ;
#4154 = VERTEX_POINT ( 'NONE', #4182 ) ;
#4155 = CONICAL_SURFACE ( 'NONE', #5604, 8.321800737645393298, 0.6981317007977451139 ) ;
#4156 = CARTESIAN_POINT ( 'NONE',  ( -7.485436169623046254, 10.29999999999999893, -97.50522010691290120 ) ) ;
#4157 = VECTOR ( 'NONE', #5819, 1000.000000000000114 ) ;
#4158 = ORIENTED_EDGE ( 'NONE', *, *, #4432, .F. ) ;
#4159 = CARTESIAN_POINT ( 'NONE',  ( -35.68000000000000682, 5.980089283341812667, 3.880000000000010107 ) ) ;
#4160 = ORIENTED_EDGE ( 'NONE', *, *, #4990, .F. ) ;
#4161 = DIRECTION ( 'NONE',  ( 0.4472135954999569840, 0.7745966692414845145, 0.4472135954999568175 ) ) ;
#4162 = PLANE ( 'NONE',  #7897 ) ;
#4163 = CARTESIAN_POINT ( 'NONE',  ( 50.50606351253295401, 12.30000000000000071, -78.45521585510651619 ) ) ;
#4164 = DIRECTION ( 'NONE',  ( 0.000000000000000000, -0.9063077870366524902, -0.4226182617406941677 ) ) ;
#4165 = EDGE_CURVE ( 'NONE', #8167, #2516, #157, .T. ) ;
#4166 = CARTESIAN_POINT ( 'NONE',  ( -75.44999999999997442, 2.000000000000000000, 75.45000000000000284 ) ) ;
#4167 = ORIENTED_EDGE ( 'NONE', *, *, #6460, .T. ) ;
#4168 = CARTESIAN_POINT ( 'NONE',  ( -47.29999999999949978, 0.000000000000000000, -50.60000000000047748 ) ) ;
#4169 = ORIENTED_EDGE ( 'NONE', *, *, #7930, .F. ) ;
#4170 = LINE ( 'NONE', #3393, #950 ) ;
#4171 = LINE ( 'NONE', #8435, #5418 ) ;
#4172 = DIRECTION ( 'NONE',  ( 1.000000000000000000, -0.000000000000000000, 0.000000000000000000 ) ) ;
#4173 = DIRECTION ( 'NONE',  ( -6.484947573745073354E-17, 0.000000000000000000, 1.000000000000000000 ) ) ;
#4174 = CARTESIAN_POINT ( 'NONE',  ( -26.04399999999997917, 12.30000000000000071, -93.31885281747162253 ) ) ;
#4175 = ORIENTED_EDGE ( 'NONE', *, *, #5580, .F. ) ;
#4176 = ORIENTED_EDGE ( 'NONE', *, *, #4135, .F. ) ;
#4177 = CARTESIAN_POINT ( 'NONE',  ( 0.5100000000000330935, 12.30000000000000249, -97.16896198777732252 ) ) ;
#4178 = CARTESIAN_POINT ( 'NONE',  ( -81.17482488493389781, 10.29999999999999716, -100.1479403966633157 ) ) ;
#4179 = ORIENTED_EDGE ( 'NONE', *, *, #7966, .F. ) ;
#4180 = ADVANCED_FACE ( 'NONE', ( #6349 ), #6942, .T. ) ;
#4181 = VERTEX_POINT ( 'NONE', #5637 ) ;
#4182 = CARTESIAN_POINT ( 'NONE',  ( -71.86523063261998345, 16.00000000000000000, -117.0000000000000000 ) ) ;
#4183 = CARTESIAN_POINT ( 'NONE',  ( -80.22363584813111004, 12.29999999999999893, -78.48016687820098980 ) ) ;
#4184 = B_SPLINE_SURFACE_WITH_KNOTS ( 'NONE', 3, 1, ( 
 ( #3107, #2467 ),
 ( #3283, #6038 ),
 ( #4549, #7320 ),
 ( #3872, #2509 ),
 ( #7101, #426 ),
 ( #4594, #3657 ),
 ( #3191, #344 ),
 ( #7362, #1146 ),
 ( #3915, #472 ) ),
 .UNSPECIFIED., .F., .F., .F.,
 ( 4, 1, 1, 1, 1, 1, 4 ),
 ( 2, 2 ),
 ( 0.000000000000000000, 0.2248799438149796659, 0.3356868275375052280, 0.4512428397804887914, 0.5719263944897128304, 0.7025392767042049069, 1.000000000000000000 ),
 ( 0.000000000000000000, 1.000000000000000000 ),
 .UNSPECIFIED. ) ;
#4185 = CARTESIAN_POINT ( 'NONE',  ( -64.40800000000001546, 10.30000000000000071, 0.000000000000000000 ) ) ;
#4186 = DIRECTION ( 'NONE',  ( -0.4226182617406967212, 0.9063077870366512689, 0.000000000000000000 ) ) ;
#4187 = CARTESIAN_POINT ( 'NONE',  ( -116.9999999999996874, 16.00000000000000000, 89.86523063262039557 ) ) ;
#4188 = ADVANCED_FACE ( 'NONE', ( #4023 ), #1933, .T. ) ;
#4189 = EDGE_CURVE ( 'NONE', #4744, #4105, #6344, .T. ) ;
#4190 = VERTEX_POINT ( 'NONE', #4562 ) ;
#4191 = ORIENTED_EDGE ( 'NONE', *, *, #5299, .T. ) ;
#4192 = ADVANCED_FACE ( 'NONE', ( #1113 ), #8105, .T. ) ;
#4193 = EDGE_CURVE ( 'NONE', #1928, #5556, #6640, .T. ) ;
#4194 = VECTOR ( 'NONE', #2907, 1000.000000000000114 ) ;
#4195 = CARTESIAN_POINT ( 'NONE',  ( -82.13124043181869638, 10.29999999999999893, -77.47268422154984080 ) ) ;
#4196 = EDGE_CURVE ( 'NONE', #3732, #8370, #2400, .T. ) ;
#4197 = CARTESIAN_POINT ( 'NONE',  ( -75.75711074200638961, 10.29999999999999893, -88.05167650300137439 ) ) ;
#4198 = ORIENTED_EDGE ( 'NONE', *, *, #5468, .T. ) ;
#4199 = CARTESIAN_POINT ( 'NONE',  ( -86.84200000000002717, 12.29999999999999893, -80.84896198777730092 ) ) ;
#4200 = LINE ( 'NONE', #5650, #5583 ) ;
#4201 = ORIENTED_EDGE ( 'NONE', *, *, #3239, .T. ) ;
#4202 = VECTOR ( 'NONE', #6515, 1000.000000000000000 ) ;
#4203 = EDGE_LOOP ( 'NONE', ( #5440, #360, #8442, #785 ) ) ;
#4204 = PLANE ( 'NONE',  #5274 ) ;
#4205 = VECTOR ( 'NONE', #8241, 1000.000000000000000 ) ;
#4206 = PLANE ( 'NONE',  #968 ) ;
#4207 = PLANE ( 'NONE',  #1374 ) ;
#4208 = VECTOR ( 'NONE', #3135, 1000.000000000000000 ) ;
#4209 = CARTESIAN_POINT ( 'NONE',  ( 0.000000000000000000, 10.30000000000000071, -77.00896198777732593 ) ) ;
#4210 = CARTESIAN_POINT ( 'NONE',  ( 19.92900000000000915, 10.30000000000000071, -77.00896198777732593 ) ) ;
#4211 = FACE_OUTER_BOUND ( 'NONE', #3740, .T. ) ;
#4212 = DIRECTION ( 'NONE',  ( 0.7936652247565383345, 0.000000000000000000, 0.6083547575322753032 ) ) ;
#4213 = LINE ( 'NONE', #7013, #6872 ) ;
#4214 = ORIENTED_EDGE ( 'NONE', *, *, #907, .F. ) ;
#4215 = DIRECTION ( 'NONE',  ( 0.000000000000000000, 1.000000000000000000, -0.000000000000000000 ) ) ;
#4216 = FACE_BOUND ( 'NONE', #7061, .T. ) ;
#4217 = DIRECTION ( 'NONE',  ( 0.000000000000000000, 0.000000000000000000, -1.000000000000000000 ) ) ;
#4218 = DIRECTION ( 'NONE',  ( -1.000000000000000000, 0.000000000000000000, -1.867804550176911838E-16 ) ) ;
#4219 = DIRECTION ( 'NONE',  ( 1.000000000000000000, 0.000000000000000000, 0.000000000000000000 ) ) ;
#4220 = ORIENTED_EDGE ( 'NONE', *, *, #6710, .T. ) ;
#4221 = ORIENTED_EDGE ( 'NONE', *, *, #5382, .T. ) ;
#4222 = ORIENTED_EDGE ( 'NONE', *, *, #8386, .F. ) ;
#4223 = EDGE_CURVE ( 'NONE', #3992, #4407, #5964, .T. ) ;
#4224 = AXIS2_PLACEMENT_3D ( 'NONE', #8224, #1326, #4097 ) ;
#4225 = CARTESIAN_POINT ( 'NONE',  ( 4.461984187825990489, 12.30000000000000071, -89.04286755017842836 ) ) ;
#4226 = CARTESIAN_POINT ( 'NONE',  ( -76.44550182995500620, 10.29999999999999716, -94.36525726628325117 ) ) ;
#4227 = ORIENTED_EDGE ( 'NONE', *, *, #1406, .F. ) ;
#4228 = ADVANCED_FACE ( 'NONE', ( #2614 ), #4748, .T. ) ;
#4229 = ORIENTED_EDGE ( 'NONE', *, *, #2441, .T. ) ;
#4230 = CARTESIAN_POINT ( 'NONE',  ( 7.503932075338144436, 10.30000000000000071, -84.17933977308707938 ) ) ;
#4231 = CARTESIAN_POINT ( 'NONE',  ( -47.30000000000032401, 5.700000000000073008, 47.29999999999965610 ) ) ;
#4232 = AXIS2_PLACEMENT_3D ( 'NONE', #7346, #1126, #6746 ) ;
#4233 = LINE ( 'NONE', #7636, #7273 ) ;
#4234 = CARTESIAN_POINT ( 'NONE',  ( -92.48315953250805421, 10.29999999999999893, -100.5473997096388530 ) ) ;
#4235 = FACE_OUTER_BOUND ( 'NONE', #5737, .T. ) ;
#4236 = ORIENTED_EDGE ( 'NONE', *, *, #6127, .T. ) ;
#4237 = ORIENTED_EDGE ( 'NONE', *, *, #3376, .T. ) ;
#4238 = VECTOR ( 'NONE', #6757, 1000.000000000000000 ) ;
#4239 = PLANE ( 'NONE',  #5280 ) ;
#4240 = EDGE_CURVE ( 'NONE', #4923, #8397, #438, .T. ) ;
#4241 = CARTESIAN_POINT ( 'NONE',  ( -63.15304191684395363, 20.00000000000000000, 0.000000000000000000 ) ) ;
#4242 = ORIENTED_EDGE ( 'NONE', *, *, #5634, .F. ) ;
#4243 = CARTESIAN_POINT ( 'NONE',  ( -82.63909194307537120, 10.29999999999999716, -82.42994305747241413 ) ) ;
#4244 = ADVANCED_FACE ( 'NONE', ( #6731 ), #6824, .F. ) ;
#4245 = CARTESIAN_POINT ( 'NONE',  ( -0.3999999999999681033, 12.29999999999999893, -76.68896198777730433 ) ) ;
#4246 = VECTOR ( 'NONE', #1742, 1000.000000000000114 ) ;
#4247 = ORIENTED_EDGE ( 'NONE', *, *, #7530, .F. ) ;
#4248 = ORIENTED_EDGE ( 'NONE', *, *, #3995, .F. ) ;
#4249 = CARTESIAN_POINT ( 'NONE',  ( -3.083370568590949823, 12.30000000000000071, -100.8764664482388156 ) ) ;
#4250 = PLANE ( 'NONE',  #5284 ) ;
#4251 = DIRECTION ( 'NONE',  ( 0.000000000000000000, 0.000000000000000000, 1.000000000000000000 ) ) ;
#4252 = EDGE_CURVE ( 'NONE', #3383, #5980, #8062, .T. ) ;
#4253 = CARTESIAN_POINT ( 'NONE',  ( 47.90328383675913670, 10.30000000000000071, -82.98222665616012250 ) ) ;
#4254 = CARTESIAN_POINT ( 'NONE',  ( -82.12819926235457046, 2.000000000000000000, 75.44999999999998863 ) ) ;
#4255 = CARTESIAN_POINT ( 'NONE',  ( -80.89144691102325169, 12.30000000000000071, -92.45705901919477299 ) ) ;
#4256 = ADVANCED_FACE ( 'NONE', ( #626 ), #3297, .F. ) ;
#4257 = B_SPLINE_SURFACE_WITH_KNOTS ( 'NONE', 3, 1, ( 
 ( #8305, #4177 ),
 ( #733, #6751 ),
 ( #5444, #3359 ),
 ( #4088, #3499 ),
 ( #2816, #3315 ),
 ( #3406, #7435 ),
 ( #6253, #1905 ),
 ( #6071, #2632 ),
 ( #4668, #8843 ) ),
 .UNSPECIFIED., .F., .F., .F.,
 ( 4, 1, 1, 1, 1, 1, 4 ),
 ( 2, 2 ),
 ( 0.000000000000000000, 0.3140869322872986147, 0.4457890859159726049, 0.5647762196100429843, 0.6742193948299602946, 0.7783459738617535262, 1.000000000000000000 ),
 ( 0.000000000000000000, 1.000000000000000000 ),
 .UNSPECIFIED. ) ;
#4258 = FACE_OUTER_BOUND ( 'NONE', #2438, .T. ) ;
#4259 = CARTESIAN_POINT ( 'NONE',  ( 31.75400000000001910, 10.30000000000000071, -81.16896198777732252 ) ) ;
#4260 = VERTEX_POINT ( 'NONE', #4653 ) ;
#4261 = CARTESIAN_POINT ( 'NONE',  ( 0.000000000000000000, 10.30000000000000071, -101.0089619877773259 ) ) ;
#4262 = CARTESIAN_POINT ( 'NONE',  ( 59.34409262557055342, 10.30000000000000071, 15.36368981952332113 ) ) ;
#4263 = CARTESIAN_POINT ( 'NONE',  ( -5.039999999999960956, 10.30000000000000071, -83.23896198777730149 ) ) ;
#4264 = LINE ( 'NONE', #7575, #7861 ) ;
#4265 = DIRECTION ( 'NONE',  ( -0.7660444431189705750, -0.6427876096865482447, -9.986850383241396960E-17 ) ) ;
#4266 = VERTEX_POINT ( 'NONE', #4604 ) ;
#4267 = ORIENTED_EDGE ( 'NONE', *, *, #653, .T. ) ;
#4268 = EDGE_LOOP ( 'NONE', ( #546, #7044, #7728, #1176 ) ) ;
#4269 = CARTESIAN_POINT ( 'NONE',  ( 3.946324633265547721, 12.30000000000000071, -89.41803144676913462 ) ) ;
#4270 = LINE ( 'NONE', #4859, #666 ) ;
#4271 = ORIENTED_EDGE ( 'NONE', *, *, #3524, .F. ) ;
#4272 = EDGE_LOOP ( 'NONE', ( #1340, #4087, #2498, #4755 ) ) ;
#4273 = CARTESIAN_POINT ( 'NONE',  ( 7.556133687156478373, 12.30000000000000249, -83.63442520997952556 ) ) ;
#4274 = AXIS2_PLACEMENT_3D ( 'NONE', #7752, #7147, #3753 ) ;
#4275 = DIRECTION ( 'NONE',  ( 0.4226182617406967212, 0.9063077870366511579, 0.000000000000000000 ) ) ;
#4276 = CARTESIAN_POINT ( 'NONE',  ( 64.45300000000001717, 12.30000000000000071, -77.00896198777732593 ) ) ;
#4277 = DIRECTION ( 'NONE',  ( 0.6427876096865482447, 0.7660444431189705750, 0.000000000000000000 ) ) ;
#4278 = CARTESIAN_POINT ( 'NONE',  ( 107.0000000000000142, 0.000000000000000000, 107.0000000000000000 ) ) ;
#4279 = ORIENTED_EDGE ( 'NONE', *, *, #2859, .T. ) ;
#4280 = EDGE_CURVE ( 'NONE', #8494, #2237, #6141, .T. ) ;
#4281 = ORIENTED_EDGE ( 'NONE', *, *, #8612, .F. ) ;
#4282 = CARTESIAN_POINT ( 'NONE',  ( -75.75711074200638961, 10.29999999999999893, -88.05167650300137439 ) ) ;
#4283 = VECTOR ( 'NONE', #7880, 1000.000000000000114 ) ;
#4284 = CARTESIAN_POINT ( 'NONE',  ( -92.61700000000003286, 10.30000000000000071, -96.15396198777729353 ) ) ;
#4285 = ORIENTED_EDGE ( 'NONE', *, *, #7882, .T. ) ;
#4286 = AXIS2_PLACEMENT_3D ( 'NONE', #1583, #5321, #1788 ) ;
#4287 = CARTESIAN_POINT ( 'NONE',  ( 107.0000000000000142, -312.4838379715732799, 112.0000000000000000 ) ) ;
#4288 = VECTOR ( 'NONE', #1675, 1000.000000000000000 ) ;
#4289 = CARTESIAN_POINT ( 'NONE',  ( 4.929862573838073914, 12.29999999999999893, -77.98857073433269704 ) ) ;
#4290 = AXIS2_PLACEMENT_3D ( 'NONE', #8953, #514, #3327 ) ;
#4291 = ORIENTED_EDGE ( 'NONE', *, *, #5050, .T. ) ;
#4292 = ORIENTED_EDGE ( 'NONE', *, *, #3765, .F. ) ;
#4293 = AXIS2_PLACEMENT_3D ( 'NONE', #3612, #6370, #2801 ) ;
#4294 = CARTESIAN_POINT ( 'NONE',  ( 1.279358249347100518, 12.29999999999999893, -85.70484657297996023 ) ) ;
#4295 = CARTESIAN_POINT ( 'NONE',  ( 77.13569464698541367, 12.30000000000000071, -35.54799350621698295 ) ) ;
#4296 = CIRCLE ( 'NONE', #523, 4.699999999999981526 ) ;
#4297 = CARTESIAN_POINT ( 'NONE',  ( 49.95096382601623475, 12.30000000000000071, -78.90768211599764470 ) ) ;
#4298 = CARTESIAN_POINT ( 'NONE',  ( -64.40800000000001546, 10.30000000000000071, -77.00896198777732593 ) ) ;
#4299 = DIRECTION ( 'NONE',  ( 0.000000000000000000, 0.000000000000000000, 1.000000000000000000 ) ) ;
#4300 = ADVANCED_FACE ( 'NONE', ( #8826 ), #6044, .T. ) ;
#4301 = ADVANCED_FACE ( 'NONE', ( #6962 ), #1684, .F. ) ;
#4302 = AXIS2_PLACEMENT_3D ( 'NONE', #6985, #5544, #826 ) ;
#4303 = LINE ( 'NONE', #6374, #1443 ) ;
#4304 = CARTESIAN_POINT ( 'NONE',  ( 1.901729919595342100, 10.29999999999999893, -81.47741391428368729 ) ) ;
#4305 = ORIENTED_EDGE ( 'NONE', *, *, #5382, .F. ) ;
#4306 = DIRECTION ( 'NONE',  ( -0.1879478355797142008, 0.000000000000000000, -0.9821790117391536734 ) ) ;
#4307 = DIRECTION ( 'NONE',  ( 0.000000000000000000, 0.000000000000000000, -1.000000000000000000 ) ) ;
#4308 = CARTESIAN_POINT ( 'NONE',  ( 24.07900000000001128, 12.30000000000000071, -0.000000000000000000 ) ) ;
#4309 = CARTESIAN_POINT ( 'NONE',  ( 52.28300000000195524, 12.30000000000000071, -101.0089619877782070 ) ) ;
#4310 = FACE_OUTER_BOUND ( 'NONE', #547, .T. ) ;
#4311 = VERTEX_POINT ( 'NONE', #7008 ) ;
#4312 = VERTEX_POINT ( 'NONE', #6922 ) ;
#4313 = PLANE ( 'NONE',  #4429 ) ;
#4314 = DIRECTION ( 'NONE',  ( -1.000000000000000000, 0.000000000000000000, 0.000000000000000000 ) ) ;
#4315 = EDGE_LOOP ( 'NONE', ( #446, #6318, #7208, #4572 ) ) ;
#4316 = ORIENTED_EDGE ( 'NONE', *, *, #528, .F. ) ;
#4317 = AXIS2_PLACEMENT_3D ( 'NONE', #6932, #5576, #8353 ) ;
#4318 = CARTESIAN_POINT ( 'NONE',  ( 6.764854162177678099, 10.30000000000000071, -86.40129757741382832 ) ) ;
#4319 = PLANE ( 'NONE',  #7050 ) ;
#4320 = CARTESIAN_POINT ( 'NONE',  ( -111.4500000000000171, 0.000000000000000000, -101.4500000000000171 ) ) ;
#4321 = CARTESIAN_POINT ( 'NONE',  ( -90.59250486435941241, 10.29999999999999893, -101.0089619781285109 ) ) ;
#4322 = DIRECTION ( 'NONE',  ( 0.000000000000000000, 0.000000000000000000, 1.000000000000000000 ) ) ;
#4323 = ORIENTED_EDGE ( 'NONE', *, *, #805, .F. ) ;
#4324 = ORIENTED_EDGE ( 'NONE', *, *, #702, .T. ) ;
#4325 = ADVANCED_FACE ( 'NONE', ( #2212 ), #799, .T. ) ;
#4326 = FACE_OUTER_BOUND ( 'NONE', #7782, .T. ) ;
#4327 = CARTESIAN_POINT ( 'NONE',  ( -38.64999999999999147, 20.00000000000000000, 6.850000000000004086 ) ) ;
#4328 = ORIENTED_EDGE ( 'NONE', *, *, #4464, .F. ) ;
#4329 = CARTESIAN_POINT ( 'NONE',  ( 88.45000000000001705, 2.000000000000000000, -96.77180073764540680 ) ) ;
#4330 = EDGE_CURVE ( 'NONE', #4091, #6060, #6323, .T. ) ;
#4331 = CARTESIAN_POINT ( 'NONE',  ( -0.3999999999999681033, 12.29999999999999893, -76.68896198777730433 ) ) ;
#4332 = ORIENTED_EDGE ( 'NONE', *, *, #5319, .F. ) ;
#4333 = ORIENTED_EDGE ( 'NONE', *, *, #6336, .T. ) ;
#4334 = EDGE_CURVE ( 'NONE', #6224, #7814, #6871, .T. ) ;
#4335 = DIRECTION ( 'NONE',  ( 0.000000000000000000, -0.000000000000000000, 1.000000000000000000 ) ) ;
#4336 = LINE ( 'NONE', #7651, #7632 ) ;
#4337 = AXIS2_PLACEMENT_3D ( 'NONE', #628, #8873, #4656 ) ;
#4338 = CARTESIAN_POINT ( 'NONE',  ( 68.45000000000003126, 0.000000000000000000, 68.45000000000000284 ) ) ;
#4339 = CARTESIAN_POINT ( 'NONE',  ( 33.55000000000003268, 4.299999999999999822, -3.754836943162716770E-14 ) ) ;
#4340 = CARTESIAN_POINT ( 'NONE',  ( 80.05738502500092579, 10.30000000000000071, -32.41697246775033392 ) ) ;
#4341 = EDGE_CURVE ( 'NONE', #7558, #8412, #715, .T. ) ;
#4342 = DIRECTION ( 'NONE',  ( 0.000000000000000000, 1.000000000000000000, 0.000000000000000000 ) ) ;
#4343 = DIRECTION ( 'NONE',  ( -0.000000000000000000, -0.000000000000000000, 1.000000000000000000 ) ) ;
#4344 = CIRCLE ( 'NONE', #2909, 8.321800737645393298 ) ;
#4345 = ORIENTED_EDGE ( 'NONE', *, *, #8067, .T. ) ;
#4346 = FACE_OUTER_BOUND ( 'NONE', #7252, .T. ) ;
#4347 = EDGE_CURVE ( 'NONE', #2649, #8101, #7618, .T. ) ;
#4348 = CARTESIAN_POINT ( 'NONE',  ( -80.44999999999996021, 0.000000000000000000, 75.44999999999998863 ) ) ;
#4349 = ADVANCED_FACE ( 'NONE', ( #8427 ), #6378, .T. ) ;
#4350 = DIRECTION ( 'NONE',  ( -1.725020237142878459E-16, 0.000000000000000000, -1.000000000000000000 ) ) ;
#4351 = CARTESIAN_POINT ( 'NONE',  ( 81.89200000000008117, 10.30000000000000071, -77.00896198777732593 ) ) ;
#4352 = DIRECTION ( 'NONE',  ( 1.000000000000000000, 0.000000000000000000, -0.000000000000000000 ) ) ;
#4353 = VERTEX_POINT ( 'NONE', #2850 ) ;
#4354 = EDGE_LOOP ( 'NONE', ( #2289, #1523, #4666, #7298, #498, #1670, #4004, #2578 ) ) ;
#4355 = DIRECTION ( 'NONE',  ( 0.000000000000000000, 0.000000000000000000, 1.000000000000000000 ) ) ;
#4356 = LINE ( 'NONE', #5716, #8486 ) ;
#4357 = EDGE_LOOP ( 'NONE', ( #8517, #5678, #2037, #4455 ) ) ;
#4358 = VERTEX_POINT ( 'NONE', #6187 ) ;
#4359 = FACE_OUTER_BOUND ( 'NONE', #4507, .T. ) ;
#4360 = EDGE_CURVE ( 'NONE', #8485, #4061, #6234, .T. ) ;
#4361 = CARTESIAN_POINT ( 'NONE',  ( -64.40800000000001546, 12.30000000000000071, -101.0089619877773117 ) ) ;
#4362 = CARTESIAN_POINT ( 'NONE',  ( 0.000000000000000000, 10.30000000000000071, -96.52896198777732195 ) ) ;
#4363 = LINE ( 'NONE', #7125, #5367 ) ;
#4364 = VECTOR ( 'NONE', #7699, 1000.000000000000000 ) ;
#4365 = VERTEX_POINT ( 'NONE', #8970 ) ;
#4366 = CLOSED_SHELL ( 'NONE', ( #6341, #8267, #2385, #308, #7004, #550, #3584, #7165, #3010, #6231, #2229, #8504, #8481, #1334, #4561, #1019, #4121, #2794, #6519, #3083, #5364, #8122, #5123, #5698, #8237, #2193, #155, #7095, #1208, #7567, #5924, #4738, #1672, #8724, #6577, #4228, #1854, #2646, #8244, #7454, #4610, #4073, #8677, #3901, #1708, #1412, #6538, #2709, #2460, #1805, #3071, #1056, #1637, #5408, #6337, #1795, #4728, #4499, #6369, #2167, #745, #3060, #6214, #5768, #7683, #8338, #8113, #5691, #4638, #4084, #8963, #5161, #6280, #1293, #5010, #3133, #8882, #7716, #2861, #698, #5940, #4256, #7856, #8215, #8889, #6555, #1529, #1130, #4244, #621, #1454, #3902, #5987, #6068, #3126, #4054, #7598, #2196, #1904, #2933, #6281, #4825, #8554, #4349, #5166, #7846, #2508, #105, #5560, #8721, #5789, #1432, #310, #3308, #7925, #5512, #1973, #8284, #3691, #5386, #3562, #7042, #4969, #7262, #34, #1694, #2835, #4301, #1943, #2573, #415, #5279, #2607, #8647, #7867, #2142, #6351, #4628, #7485, #6333, #2043, #8593, #5564, #1909, #6201, #4467, #7445, #7236, #5436, #2343, #5451, #184, #4472, #6834, #1309, #7791, #3493, #6637, #7235, #307, #106, #8401, #8591, #3122, #8787, #7946, #5946, #4625, #8206, #927, #4784, #7173, #674, #5060, #4732, #4188, #5944, #3331, #7953, #5958, #3720, #7948, #475, #786, #6335, #4325, #1902, #1413, #6055, #4567, #8719, #1530, #8653, #4971, #6979, #3791, #583, #7187, #6891, #4147, #1435, #731, #467, #1005, #306, #4518, #6448, #1025, #1833, #7556, #4905, #7957, #5023, #8879, #5263, #7685, #7422, #6387, #6582, #3139, #6265, #5677, #154, #3660, #5673, #4927, #1500, #4180, #5747, #8344, #4015, #1248, #4508, #7317, #2250, #1567, #4847, #8316, #4300, #6912, #2863, #2065, #3951, #5231, #6898, #2074, #633, #2743, #1281, #1482, #3968, #3963, #3789, #4192, #1528, #7742, #1121, #6728, #8016, #2912 ) ) ;
#4367 = VERTEX_POINT ( 'NONE', #7743 ) ;
#4368 = EDGE_CURVE ( 'NONE', #3279, #1342, #5520, .T. ) ;
#4369 = CARTESIAN_POINT ( 'NONE',  ( 89.86523063261998345, 16.00000000000000000, 117.0000000000000000 ) ) ;
#4370 = VECTOR ( 'NONE', #2655, 1000.000000000000114 ) ;
#4371 = DIRECTION ( 'NONE',  ( -0.000000000000000000, -1.000000000000000000, -0.000000000000000000 ) ) ;
#4372 = ORIENTED_EDGE ( 'NONE', *, *, #7067, .F. ) ;
#4373 = VECTOR ( 'NONE', #7524, 1000.000000000000114 ) ;
#4374 = FACE_OUTER_BOUND ( 'NONE', #2967, .T. ) ;
#4375 = CARTESIAN_POINT ( 'NONE',  ( 24.07900000000001128, 10.30000000000000071, 0.000000000000000000 ) ) ;
#4376 = CARTESIAN_POINT ( 'NONE',  ( -101.4500000000000171, 2.000000000000000000, -108.1281992623546131 ) ) ;
#4377 = VERTEX_POINT ( 'NONE', #2756 ) ;
#4378 = EDGE_LOOP ( 'NONE', ( #1436, #7715, #957, #4903 ) ) ;
#4379 = AXIS2_PLACEMENT_3D ( 'NONE', #1359, #146, #2081 ) ;
#4380 = CARTESIAN_POINT ( 'NONE',  ( 2.720000000000033058, 12.29999999999999893, -83.38896198777732138 ) ) ;
#4381 = CIRCLE ( 'NONE', #5540, 5.000000000000004441 ) ;
#4382 = CARTESIAN_POINT ( 'NONE',  ( -1.244999999999968354, 10.30000000000000071, -92.09896198777731513 ) ) ;
#4383 = EDGE_CURVE ( 'NONE', #5833, #3509, #2706, .T. ) ;
#4384 = LINE ( 'NONE', #8757, #3781 ) ;
#4385 = DIRECTION ( 'NONE',  ( 1.000000000000000000, -0.000000000000000000, 0.000000000000000000 ) ) ;
#4386 = CARTESIAN_POINT ( 'NONE',  ( 107.0000000000000142, 20.00000000000000000, 107.0000000000000000 ) ) ;
#4387 = CARTESIAN_POINT ( 'NONE',  ( 41.41339236820244452, 10.30000000000000071, -6.680193346157653700 ) ) ;
#4388 = ORIENTED_EDGE ( 'NONE', *, *, #5369, .T. ) ;
#4389 = FACE_OUTER_BOUND ( 'NONE', #1172, .T. ) ;
#4390 = DIRECTION ( 'NONE',  ( -0.000000000000000000, 1.000000000000000000, -0.000000000000000000 ) ) ;
#4391 = CYLINDRICAL_SURFACE ( 'NONE', #945, 9.999999999999994671 ) ;
#4392 = DIRECTION ( 'NONE',  ( 0.000000000000000000, 0.000000000000000000, 1.000000000000000000 ) ) ;
#4393 = CARTESIAN_POINT ( 'NONE',  ( -47.29999999999949978, 5.699999999999987743, -44.00000000000048317 ) ) ;
#4394 = EDGE_CURVE ( 'NONE', #1810, #5991, #5475, .T. ) ;
#4395 = CARTESIAN_POINT ( 'NONE',  ( 107.0000000000000426, 20.00000000000000000, -112.0000000000000000 ) ) ;
#4396 = ORIENTED_EDGE ( 'NONE', *, *, #6672, .F. ) ;
#4397 = ORIENTED_EDGE ( 'NONE', *, *, #8350, .F. ) ;
#4398 = CARTESIAN_POINT ( 'NONE',  ( 91.73046126523996691, 20.00000000000003908, 112.0000000000000000 ) ) ;
#4399 = CARTESIAN_POINT ( 'NONE',  ( -47.30000000000032401, 5.700000000000073008, 47.29999999999965610 ) ) ;
#4400 = VERTEX_POINT ( 'NONE', #4634 ) ;
#4401 = VERTEX_POINT ( 'NONE', #2382 ) ;
#4402 = DIRECTION ( 'NONE',  ( -0.000000000000000000, -1.000000000000000000, -0.000000000000000000 ) ) ;
#4403 = FACE_OUTER_BOUND ( 'NONE', #6062, .T. ) ;
#4404 = CARTESIAN_POINT ( 'NONE',  ( -1.372687643978517391, 12.30000000000000249, -80.93322336521440263 ) ) ;
#4405 = LINE ( 'NONE', #4454, #5526 ) ;
#4406 = CARTESIAN_POINT ( 'NONE',  ( 36.42900000000000915, 10.30000000000000071, -101.0089619877773259 ) ) ;
#4407 = VERTEX_POINT ( 'NONE', #5110 ) ;
#4408 = EDGE_LOOP ( 'NONE', ( #7305, #8069, #3502, #4660 ) ) ;
#4409 = EDGE_CURVE ( 'NONE', #8686, #5042, #8086, .T. ) ;
#4410 = PLANE ( 'NONE',  #6454 ) ;
#4411 = LINE ( 'NONE', #835, #7770 ) ;
#4412 = VERTEX_POINT ( 'NONE', #890 ) ;
#4413 = DIRECTION ( 'NONE',  ( -1.000000000000000000, 0.000000000000000000, 0.000000000000000000 ) ) ;
#4414 = CARTESIAN_POINT ( 'NONE',  ( -86.36965833901274436, 12.30000000000000071, -97.11762006461044905 ) ) ;
#4415 = DIRECTION ( 'NONE',  ( 2.182042108146927048E-16, 0.000000000000000000, 1.000000000000000000 ) ) ;
#4416 = EDGE_LOOP ( 'NONE', ( #3760, #2734, #5041, #6488 ) ) ;
#4417 = VERTEX_POINT ( 'NONE', #7357 ) ;
#4418 = CIRCLE ( 'NONE', #6716, 9.999999999999994671 ) ;
#4419 = AXIS2_PLACEMENT_3D ( 'NONE', #2061, #6717, #2016 ) ;
#4420 = CARTESIAN_POINT ( 'NONE',  ( 88.45000000000000284, 2.000000000000000000, 95.12819926235461310 ) ) ;
#4421 = VECTOR ( 'NONE', #8812, 999.9999999999998863 ) ;
#4422 = VECTOR ( 'NONE', #4033, 1000.000000000000000 ) ;
#4423 = CARTESIAN_POINT ( 'NONE',  ( 55.31963893544907762, 12.30000000000000071, -77.00816972969403196 ) ) ;
#4424 = AXIS2_PLACEMENT_3D ( 'NONE', #4539, #7992, #2456 ) ;
#4425 = CARTESIAN_POINT ( 'NONE',  ( 2.644401076045397758, 12.30000000000000071, -84.05325522339029476 ) ) ;
#4426 = VECTOR ( 'NONE', #8544, 1000.000000000000000 ) ;
#4427 = CARTESIAN_POINT ( 'NONE',  ( -107.0000000000000000, 20.00000000000000000, -117.0000000000000000 ) ) ;
#4428 = DIRECTION ( 'NONE',  ( -0.2194626953719052698, 0.000000000000000000, -0.9756208922220240831 ) ) ;
#4429 = AXIS2_PLACEMENT_3D ( 'NONE', #7804, #2313, #7116 ) ;
#4430 = VECTOR ( 'NONE', #4672, 1000.000000000000000 ) ;
#4431 = VECTOR ( 'NONE', #6346, 1000.000000000000000 ) ;
#4432 = EDGE_CURVE ( 'NONE', #4466, #551, #3954, .T. ) ;
#4433 = CARTESIAN_POINT ( 'NONE',  ( 0.6682006370310883403, 10.29999999999999893, -80.91400267722033846 ) ) ;
#4434 = VECTOR ( 'NONE', #2991, 1000.000000000000227 ) ;
#4435 = EDGE_LOOP ( 'NONE', ( #5501, #6977, #753, #6023, #3255, #3550, #288, #1219 ) ) ;
#4436 = PLANE ( 'NONE',  #7329 ) ;
#4437 = FACE_OUTER_BOUND ( 'NONE', #299, .T. ) ;
#4438 = EDGE_CURVE ( 'NONE', #1680, #3183, #4384, .T. ) ;
#4439 = DIRECTION ( 'NONE',  ( -1.000000000000000000, 0.000000000000000000, 0.000000000000000000 ) ) ;
#4440 = CARTESIAN_POINT ( 'NONE',  ( 8.650237178974609975, 10.30000000000000071, -3.768727269369480659 ) ) ;
#4441 = CARTESIAN_POINT ( 'NONE',  ( 101.4500000000000171, 2.000000000000000000, 108.1281992623545989 ) ) ;
#4442 = DIRECTION ( 'NONE',  ( 0.000000000000000000, 1.000000000000000000, 0.000000000000000000 ) ) ;
#4443 = ORIENTED_EDGE ( 'NONE', *, *, #114, .F. ) ;
#4444 = VECTOR ( 'NONE', #2602, 1000.000000000000000 ) ;
#4445 = ORIENTED_EDGE ( 'NONE', *, *, #7278, .F. ) ;
#4446 = ORIENTED_EDGE ( 'NONE', *, *, #4334, .T. ) ;
#4447 = CARTESIAN_POINT ( 'NONE',  ( -47.29999999999949978, 4.299999999999999822, -47.30000000000048033 ) ) ;
#4448 = ORIENTED_EDGE ( 'NONE', *, *, #7840, .F. ) ;
#4449 = ORIENTED_EDGE ( 'NONE', *, *, #2365, .F. ) ;
#4450 = CARTESIAN_POINT ( 'NONE',  ( -5.039999999999960956, 12.30000000000000071, -83.23896198777730149 ) ) ;
#4451 = DIRECTION ( 'NONE',  ( 1.000000000000000000, 0.000000000000000000, 0.000000000000000000 ) ) ;
#4452 = CARTESIAN_POINT ( 'NONE',  ( 91.73046126523996691, 20.00000000000000000, -117.0000000000000000 ) ) ;
#4453 = CARTESIAN_POINT ( 'NONE',  ( 47.29999999999981952, 4.299999999999999822, 42.60000000000025722 ) ) ;
#4454 = CARTESIAN_POINT ( 'NONE',  ( -53.63538884989142019, 27.52480464293116569, 8.558847212472734611 ) ) ;
#4455 = ORIENTED_EDGE ( 'NONE', *, *, #8055, .T. ) ;
#4456 = ORIENTED_EDGE ( 'NONE', *, *, #6127, .F. ) ;
#4457 = DIRECTION ( 'NONE',  ( 0.000000000000000000, -1.000000000000000000, 0.000000000000000000 ) ) ;
#4458 = CARTESIAN_POINT ( 'NONE',  ( -111.4500000000000455, -0.000000000000000000, 101.4499999999999886 ) ) ;
#4459 = ORIENTED_EDGE ( 'NONE', *, *, #283, .T. ) ;
#4460 = CARTESIAN_POINT ( 'NONE',  ( 30.54999999999998650, 9.496152422706655827, -33.64999999999999858 ) ) ;
#4461 = EDGE_CURVE ( 'NONE', #182, #5134, #3028, .T. ) ;
#4462 = DIRECTION ( 'NONE',  ( 0.000000000000000000, -1.000000000000000000, 0.000000000000000000 ) ) ;
#4463 = CARTESIAN_POINT ( 'NONE',  ( -117.0000000000000000, 0.000000000000000000, 107.0000000000000000 ) ) ;
#4464 = EDGE_CURVE ( 'NONE', #7639, #3992, #1867, .T. ) ;
#4465 = EDGE_CURVE ( 'NONE', #2361, #3252, #5316, .T. ) ;
#4466 = VERTEX_POINT ( 'NONE', #7403 ) ;
#4467 = ADVANCED_FACE ( 'NONE', ( #4590 ), #1182, .F. ) ;
#4468 = ORIENTED_EDGE ( 'NONE', *, *, #5634, .T. ) ;
#4469 = EDGE_CURVE ( 'NONE', #948, #5178, #931, .T. ) ;
#4470 = CARTESIAN_POINT ( 'NONE',  ( -92.48315953222078178, 12.30000000000000071, -100.5473997097474097 ) ) ;
#4471 = CARTESIAN_POINT ( 'NONE',  ( 7.580000000000032045, 12.30000000000000071, -95.54896198777730376 ) ) ;
#4472 = ADVANCED_FACE ( 'NONE', ( #1138 ), #3069, .F. ) ;
#4473 = DIRECTION ( 'NONE',  ( 1.000000000000000000, -0.000000000000000000, 0.000000000000000000 ) ) ;
#4474 = CARTESIAN_POINT ( 'NONE',  ( -47.29999999999949978, 4.299999999999999822, -42.60000000000049880 ) ) ;
#4475 = VECTOR ( 'NONE', #829, 1000.000000000000114 ) ;
#4476 = B_SPLINE_CURVE_WITH_KNOTS ( 'NONE', 3,
 ( #1422, #6945, #3507, #1692, #6434, #5213, #7162, #2367, #247, #7986, #1733, #8491, #6527, #6484, #6613, #1082, #4535 ),
 .UNSPECIFIED., .F., .F.,
 ( 4, 1, 1, 1, 1, 1, 1, 1, 1, 1, 1, 1, 1, 1, 4 ),
 ( 0.000000000000000000, 0.1541352155247325550, 0.2241205159900080124, 0.2899716005903480442, 0.3521332785915380903, 0.4112967091774436534, 0.4681554457151543280, 0.5232485997069904471, 0.5773492570036228289, 0.6315820666050618870, 0.6868259011009236747, 0.7435545321454557488, 0.8023735008747524544, 0.8645512737966738470, 1.000000000000000000 ),
 .UNSPECIFIED. ) ;
#4477 = CARTESIAN_POINT ( 'NONE',  ( -93.81200000000005446, 10.29999999999999893, -79.64396198777730262 ) ) ;
#4478 = CIRCLE ( 'NONE', #419, 3.299999999999997158 ) ;
#4479 = ORIENTED_EDGE ( 'NONE', *, *, #8227, .T. ) ;
#4480 = CARTESIAN_POINT ( 'NONE',  ( 83.77180073764539259, 2.000000000000000000, -75.45000000000000284 ) ) ;
#4481 = CARTESIAN_POINT ( 'NONE',  ( 53.11933773260547298, 12.29999999999999893, -86.77280469843904598 ) ) ;
#4482 = CARTESIAN_POINT ( 'NONE',  ( -48.57800000000001006, 10.30000000000000071, -101.0089619877773117 ) ) ;
#4483 = CARTESIAN_POINT ( 'NONE',  ( 30.55000000000006821, 9.496152422706655827, 33.64999999999999858 ) ) ;
#4484 = CARTESIAN_POINT ( 'NONE',  ( 0.000000000000000000, 12.30000000000000071, -87.88896198777732138 ) ) ;
#4485 = EDGE_LOOP ( 'NONE', ( #4742, #7483, #3866, #2476, #6523, #511, #109, #5582 ) ) ;
#4486 = ORIENTED_EDGE ( 'NONE', *, *, #5276, .F. ) ;
#4487 = ORIENTED_EDGE ( 'NONE', *, *, #173, .T. ) ;
#4488 = LINE ( 'NONE', #5842, #8333 ) ;
#4489 = ORIENTED_EDGE ( 'NONE', *, *, #2186, .T. ) ;
#4490 = ORIENTED_EDGE ( 'NONE', *, *, #843, .T. ) ;
#4491 = CARTESIAN_POINT ( 'NONE',  ( -47.30000000000032401, 4.299999999999999822, 47.29999999999965610 ) ) ;
#4492 = DIRECTION ( 'NONE',  ( 0.000000000000000000, 0.000000000000000000, 1.000000000000000000 ) ) ;
#4493 = DIRECTION ( 'NONE',  ( 1.000000000000000000, -0.000000000000000000, 0.000000000000000000 ) ) ;
#4494 = VECTOR ( 'NONE', #7428, 1000.000000000000000 ) ;
#4495 = DIRECTION ( 'NONE',  ( -0.1346207767345139750, 0.000000000000000000, 0.9908971926851928291 ) ) ;
#4496 = EDGE_CURVE ( 'NONE', #4528, #2501, #8595, .T. ) ;
#4497 = ORIENTED_EDGE ( 'NONE', *, *, #8927, .T. ) ;
#4498 = ORIENTED_EDGE ( 'NONE', *, *, #5919, .F. ) ;
#4499 = ADVANCED_FACE ( 'NONE', ( #5744 ), #7787, .F. ) ;
#4500 = LINE ( 'NONE', #8746, #8769 ) ;
#4501 = FACE_OUTER_BOUND ( 'NONE', #8670, .T. ) ;
#4502 = VERTEX_POINT ( 'NONE', #4338 ) ;
#4503 = DIRECTION ( 'NONE',  ( 1.000000000000000000, 0.000000000000000000, 0.000000000000000000 ) ) ;
#4504 = CARTESIAN_POINT ( 'NONE',  ( 59.99800000000000466, 12.30000000000000071, 0.000000000000000000 ) ) ;
#4505 = CARTESIAN_POINT ( 'NONE',  ( 28.04400000000001469, 10.30000000000000071, -87.88896198777732138 ) ) ;
#4506 = ORIENTED_EDGE ( 'NONE', *, *, #4330, .F. ) ;
#4507 = EDGE_LOOP ( 'NONE', ( #5756, #8761, #2369, #251 ) ) ;
#4508 = ADVANCED_FACE ( 'NONE', ( #3073 ), #1927, .T. ) ;
#4509 = AXIS2_PLACEMENT_3D ( 'NONE', #6465, #303, #1577 ) ;
#4510 = LINE ( 'NONE', #8679, #5435 ) ;
#4511 = EDGE_CURVE ( 'NONE', #3532, #4074, #4790, .T. ) ;
#4512 = CARTESIAN_POINT ( 'NONE',  ( 117.0000000000000142, 20.00000000000000000, 107.0000000000000000 ) ) ;
#4513 = LINE ( 'NONE', #1710, #2704 ) ;
#4514 = CARTESIAN_POINT ( 'NONE',  ( -0.3999999999999681033, 12.29999999999999893, -76.68896198777730433 ) ) ;
#4515 = VECTOR ( 'NONE', #2897, 1000.000000000000000 ) ;
#4516 = PLANE ( 'NONE',  #5782 ) ;
#4517 = VECTOR ( 'NONE', #4674, 1000.000000000000000 ) ;
#4518 = ADVANCED_FACE ( 'NONE', ( #3701 ), #6771, .T. ) ;
#4519 = CARTESIAN_POINT ( 'NONE',  ( 2.721370846643508035, 10.29999999999999893, -83.01992723998777990 ) ) ;
#4520 = EDGE_LOOP ( 'NONE', ( #7242, #7389, #1785, #7759 ) ) ;
#4521 = CARTESIAN_POINT ( 'NONE',  ( -91.73046126523995270, 20.00000000000000000, -117.0000000000000000 ) ) ;
#4522 = FACE_OUTER_BOUND ( 'NONE', #8219, .T. ) ;
#4523 = LINE ( 'NONE', #8909, #936 ) ;
#4524 = DIRECTION ( 'NONE',  ( -0.6427876096865482447, -0.7660444431189705750, 0.000000000000000000 ) ) ;
#4525 = DIRECTION ( 'NONE',  ( -0.000000000000000000, 1.000000000000000000, -0.000000000000000000 ) ) ;
#4526 = PLANE ( 'NONE',  #285 ) ;
#4527 = EDGE_CURVE ( 'NONE', #832, #4879, #5454, .T. ) ;
#4528 = VERTEX_POINT ( 'NONE', #7638 ) ;
#4529 = ORIENTED_EDGE ( 'NONE', *, *, #5209, .T. ) ;
#4530 = LINE ( 'NONE', #3087, #8480 ) ;
#4531 = ORIENTED_EDGE ( 'NONE', *, *, #973, .T. ) ;
#4532 = ORIENTED_EDGE ( 'NONE', *, *, #4368, .T. ) ;
#4533 = CARTESIAN_POINT ( 'NONE',  ( -68.45000000000000284, 0.000000000000000000, -68.45000000000000284 ) ) ;
#4534 = DIRECTION ( 'NONE',  ( -1.000000000000000000, -0.000000000000000000, 3.491481338843133355E-15 ) ) ;
#4535 = CARTESIAN_POINT ( 'NONE',  ( -87.78700000000003456, 10.30000000000000071, -97.16896198777730831 ) ) ;
#4536 = CARTESIAN_POINT ( 'NONE',  ( 107.0000000000000426, 16.00000000000001421, -112.0000000000000000 ) ) ;
#4537 = ORIENTED_EDGE ( 'NONE', *, *, #4619, .T. ) ;
#4538 = ORIENTED_EDGE ( 'NONE', *, *, #8795, .F. ) ;
#4539 = CARTESIAN_POINT ( 'NONE',  ( 107.0000000000000426, -312.4838379715732799, -112.0000000000000000 ) ) ;
#4540 = LINE ( 'NONE', #7910, #8046 ) ;
#4541 = ORIENTED_EDGE ( 'NONE', *, *, #2091, .T. ) ;
#4542 = PLANE ( 'NONE',  #2854 ) ;
#4543 = CARTESIAN_POINT ( 'NONE',  ( -84.58002309465425128, 10.29999999999999893, -96.66636894209425179 ) ) ;
#4544 = CARTESIAN_POINT ( 'NONE',  ( -64.04423606236392175, 4.299999999999999822, -4.849999999999995204 ) ) ;
#4545 = EDGE_CURVE ( 'NONE', #965, #2325, #8808, .T. ) ;
#4546 = EDGE_LOOP ( 'NONE', ( #8132, #3983, #2677, #3162, #4881, #8606, #6850, #260 ) ) ;
#4547 = EDGE_LOOP ( 'NONE', ( #7219, #692, #2825, #2562 ) ) ;
#4548 = CARTESIAN_POINT ( 'NONE',  ( -56.16849892670283850, 10.30000000000000071, -24.47143924552000271 ) ) ;
#4549 = CARTESIAN_POINT ( 'NONE',  ( -3.159506494315680758, 10.30000000000000071, -93.96207432418098904 ) ) ;
#4550 = CARTESIAN_POINT ( 'NONE',  ( -91.06515172489868348, 12.30000000000000071, -82.57548470920914951 ) ) ;
#4551 = VECTOR ( 'NONE', #8254, 1000.000000000000000 ) ;
#4552 = CARTESIAN_POINT ( 'NONE',  ( -6.294189168174193050, 12.30000000000000071, -99.15978083022264400 ) ) ;
#4553 = CARTESIAN_POINT ( 'NONE',  ( -83.83282401281331886, 10.29999999999999893, -101.0089619888198342 ) ) ;
#4554 = ORIENTED_EDGE ( 'NONE', *, *, #4746, .F. ) ;
#4555 = CONICAL_SURFACE ( 'NONE', #660, 4.699999999999953992, 0.7853981633974367327 ) ;
#4556 = CARTESIAN_POINT ( 'NONE',  ( 2.200000000000035261, 10.30000000000000071, -90.42896198777731342 ) ) ;
#4557 = ORIENTED_EDGE ( 'NONE', *, *, #1238, .T. ) ;
#4558 = CARTESIAN_POINT ( 'NONE',  ( 0.000000000000000000, 12.30000000000000071, 0.000000000000000000 ) ) ;
#4559 = AXIS2_PLACEMENT_3D ( 'NONE', #4399, #5926, #7155 ) ;
#4560 = DIRECTION ( 'NONE',  ( -0.000000000000000000, 1.000000000000000000, -0.000000000000000000 ) ) ;
#4561 = ADVANCED_FACE ( 'NONE', ( #8313 ), #6212, .T. ) ;
#4562 = CARTESIAN_POINT ( 'NONE',  ( -2.506605835772532043, 12.29999999999999893, -101.0089619881004381 ) ) ;
#4563 = AXIS2_PLACEMENT_3D ( 'NONE', #2502, #2590, #4720 ) ;
#4564 = CARTESIAN_POINT ( 'NONE',  ( 4.929862573838073914, 12.30000000000000071, -77.98857073433269704 ) ) ;
#4565 = AXIS2_PLACEMENT_3D ( 'NONE', #8121, #1950, #4132 ) ;
#4566 = CARTESIAN_POINT ( 'NONE',  ( 53.11933773260547298, 10.29999999999999893, -86.77280469843904598 ) ) ;
#4567 = ADVANCED_FACE ( 'NONE', ( #1423 ), #4142, .T. ) ;
#4568 = EDGE_CURVE ( 'NONE', #4401, #8930, #509, .T. ) ;
#4569 = AXIS2_PLACEMENT_3D ( 'NONE', #6533, #7993, #8584 ) ;
#4570 = ORIENTED_EDGE ( 'NONE', *, *, #1233, .F. ) ;
#4571 = CARTESIAN_POINT ( 'NONE',  ( 59.99800000000000466, 10.30000000000000071, -81.16896198777732252 ) ) ;
#4572 = ORIENTED_EDGE ( 'NONE', *, *, #236, .T. ) ;
#4573 = ORIENTED_EDGE ( 'NONE', *, *, #7837, .F. ) ;
#4574 = CARTESIAN_POINT ( 'NONE',  ( -64.40800000000001546, 10.30000000000000071, -101.0089619877773117 ) ) ;
#4575 = CARTESIAN_POINT ( 'NONE',  ( 54.77767755250492598, 12.29999999999999893, -81.26311065134747480 ) ) ;
#4576 = VECTOR ( 'NONE', #5962, 1000.000000000000000 ) ;
#4577 = CARTESIAN_POINT ( 'NONE',  ( -6.310040720032232819, 12.30000000000000249, -90.47529604379633383 ) ) ;
#4578 = CARTESIAN_POINT ( 'NONE',  ( -36.64999999999999858, 4.299999999999999822, 36.65000000000000568 ) ) ;
#4579 = VECTOR ( 'NONE', #7877, 1000.000000000000000 ) ;
#4580 = VERTEX_POINT ( 'NONE', #4725 ) ;
#4581 = ORIENTED_EDGE ( 'NONE', *, *, #8109, .F. ) ;
#4582 = DIRECTION ( 'NONE',  ( -0.000000000000000000, -1.000000000000000000, -0.000000000000000000 ) ) ;
#4583 = AXIS2_PLACEMENT_3D ( 'NONE', #1191, #1286, #8814 ) ;
#4584 = LINE ( 'NONE', #7351, #6587 ) ;
#4585 = ORIENTED_EDGE ( 'NONE', *, *, #3823, .T. ) ;
#4586 = LINE ( 'NONE', #8750, #1236 ) ;
#4587 = CARTESIAN_POINT ( 'NONE',  ( 48.36312745903174459, 10.30000000000000249, -87.72319953583669871 ) ) ;
#4588 = CARTESIAN_POINT ( 'NONE',  ( -80.44700000000003115, 12.30000000000000071, -88.81396198777730433 ) ) ;
#4589 = DIRECTION ( 'NONE',  ( 0.8998451774189043517, 0.000000000000000000, 0.4362094183714292916 ) ) ;
#4590 = FACE_OUTER_BOUND ( 'NONE', #4760, .T. ) ;
#4591 = VERTEX_POINT ( 'NONE', #2685 ) ;
#4592 = ORIENTED_EDGE ( 'NONE', *, *, #3405, .F. ) ;
#4593 = LINE ( 'NONE', #7233, #6586 ) ;
#4594 = CARTESIAN_POINT ( 'NONE',  ( -2.448811538943157284, 10.30000000000000071, -92.86864859262351501 ) ) ;
#4595 = CARTESIAN_POINT ( 'NONE',  ( 49.02201494853067487, 12.30000000000000071, -79.97045033276444315 ) ) ;
#4596 = DIRECTION ( 'NONE',  ( 1.000000000000000000, 0.000000000000000000, -1.137523590804464069E-16 ) ) ;
#4597 = DIRECTION ( 'NONE',  ( -0.000000000000000000, 1.000000000000000000, -0.000000000000000000 ) ) ;
#4598 = EDGE_CURVE ( 'NONE', #5717, #1186, #3278, .T. ) ;
#4599 = ORIENTED_EDGE ( 'NONE', *, *, #889, .T. ) ;
#4600 = DIRECTION ( 'NONE',  ( 0.000000000000000000, 0.000000000000000000, 1.000000000000000000 ) ) ;
#4601 = ORIENTED_EDGE ( 'NONE', *, *, #850, .F. ) ;
#4602 = LINE ( 'NONE', #483, #2545 ) ;
#4603 = DIRECTION ( 'NONE',  ( 0.000000000000000000, 0.000000000000000000, -1.000000000000000000 ) ) ;
#4604 = CARTESIAN_POINT ( 'NONE',  ( -82.12819926235457046, 2.000000000000000000, 75.44999999999998863 ) ) ;
#4605 = CARTESIAN_POINT ( 'NONE',  ( -75.44999999999997442, 0.000000000000000000, 75.45000000000000284 ) ) ;
#4606 = EDGE_CURVE ( 'NONE', #1027, #3456, #8948, .T. ) ;
#4607 = CARTESIAN_POINT ( 'NONE',  ( -28.41899999999997917, 10.30000000000000071, -88.16396198777729865 ) ) ;
#4608 = VECTOR ( 'NONE', #487, 1000.000000000000114 ) ;
#4609 = ORIENTED_EDGE ( 'NONE', *, *, #6455, .T. ) ;
#4610 = ADVANCED_FACE ( 'NONE', ( #8173 ), #4676, .T. ) ;
#4611 = EDGE_LOOP ( 'NONE', ( #1915, #8962, #3806, #8081 ) ) ;
#4612 = CARTESIAN_POINT ( 'NONE',  ( 0.000000000000000000, 10.30000000000000071, 0.000000000000000000 ) ) ;
#4613 = ORIENTED_EDGE ( 'NONE', *, *, #3700, .T. ) ;
#4614 = EDGE_CURVE ( 'NONE', #1553, #2649, #1225, .T. ) ;
#4615 = ORIENTED_EDGE ( 'NONE', *, *, #5489, .T. ) ;
#4616 = CARTESIAN_POINT ( 'NONE',  ( 88.45000000000000284, 2.000000000000000000, 88.45000000000000284 ) ) ;
#4617 = CARTESIAN_POINT ( 'NONE',  ( -75.44999999999996021, 2.000000000000000000, 75.44999999999998863 ) ) ;
#4618 = COLOUR_RGB ( '',0.7921568627450980005, 0.8196078431372548767, 0.9333333333333333481 ) ;
#4619 = EDGE_CURVE ( 'NONE', #4085, #7979, #6805, .T. ) ;
#4620 = CARTESIAN_POINT ( 'NONE',  ( -6.673141166363880217, 10.30000000000000071, -90.90613771247762998 ) ) ;
#4621 = FACE_OUTER_BOUND ( 'NONE', #6566, .T. ) ;
#4622 = VERTEX_POINT ( 'NONE', #3368 ) ;
#4623 = VERTEX_POINT ( 'NONE', #6079 ) ;
#4624 = DIRECTION ( 'NONE',  ( 0.000000000000000000, 0.000000000000000000, 1.000000000000000000 ) ) ;
#4625 = ADVANCED_FACE ( 'NONE', ( #8851 ), #2642, .F. ) ;
#4626 = PLANE ( 'NONE',  #6729 ) ;
#4627 = EDGE_LOOP ( 'NONE', ( #8304, #1065, #2597, #2282 ) ) ;
#4628 = ADVANCED_FACE ( 'NONE', ( #1278 ), #8900, .F. ) ;
#4629 = CARTESIAN_POINT ( 'NONE',  ( 70.00000000000000000, 20.00000000000000000, 112.0000000000000000 ) ) ;
#4630 = CIRCLE ( 'NONE', #6075, 5.000000000000004441 ) ;
#4631 = LINE ( 'NONE', #603, #6602 ) ;
#4632 = DIRECTION ( 'NONE',  ( 0.000000000000000000, -1.000000000000000000, 0.000000000000000000 ) ) ;
#4633 = CARTESIAN_POINT ( 'NONE',  ( -80.67862814641188152, 10.29999999999999893, -86.20593925742024055 ) ) ;
#4634 = CARTESIAN_POINT ( 'NONE',  ( 112.0000000000000142, 20.00000000000009237, 69.99999999999957367 ) ) ;
#4635 = EDGE_CURVE ( 'NONE', #6343, #7156, #6849, .T. ) ;
#4636 = ORIENTED_EDGE ( 'NONE', *, *, #7878, .F. ) ;
#4637 = EDGE_LOOP ( 'NONE', ( #7200, #6948, #3168, #2031 ) ) ;
#4638 = ADVANCED_FACE ( 'NONE', ( #2279 ), #8369, .F. ) ;
#4639 = DIRECTION ( 'NONE',  ( 1.000000000000000000, 0.000000000000000000, 0.000000000000000000 ) ) ;
#4640 = CARTESIAN_POINT ( 'NONE',  ( 2.721370846643508035, 12.29999999999999893, -83.01992723998777990 ) ) ;
#4641 = ORIENTED_EDGE ( 'NONE', *, *, #8788, .T. ) ;
#4642 = CARTESIAN_POINT ( 'NONE',  ( -3.159506494315680758, 10.30000000000000071, -93.96207432418098904 ) ) ;
#4643 = B_SPLINE_CURVE_WITH_KNOTS ( 'NONE', 3,
 ( #7676, #7032, #1468, #2918, #781, #8310, #158, #8266, #2876 ),
 .UNSPECIFIED., .F., .F.,
 ( 4, 1, 1, 1, 1, 1, 4 ),
 ( 0.000000000000000000, 0.2411916912607245944, 0.3617660202116520507, 0.4859744349272956399, 0.6124258641462529962, 0.7392763686143597468, 1.000000000000000000 ),
 .UNSPECIFIED. ) ;
#4644 = CARTESIAN_POINT ( 'NONE',  ( -7.981436766771070168, 10.29999999999999893, -95.92470773741148093 ) ) ;
#4645 = CARTESIAN_POINT ( 'NONE',  ( -79.37009210107805757, 10.29999999999999893, -98.98208256679998840 ) ) ;
#4646 = CIRCLE ( 'NONE', #6235, 4.999999999999976907 ) ;
#4647 = ORIENTED_EDGE ( 'NONE', *, *, #6239, .T. ) ;
#4648 = CARTESIAN_POINT ( 'NONE',  ( 93.45000000000000284, -1.734723475976807094E-15, 88.45000000000000284 ) ) ;
#4649 = ORIENTED_EDGE ( 'NONE', *, *, #7687, .T. ) ;
#4650 = CARTESIAN_POINT ( 'NONE',  ( 51.12361572931513365, 10.30000000000000071, -78.07069363223423863 ) ) ;
#4651 = EDGE_CURVE ( 'NONE', #8397, #7249, #2439, .T. ) ;
#4652 = CARTESIAN_POINT ( 'NONE',  ( -3.594206564539005555, 10.30000000000000249, -77.10699062238617785 ) ) ;
#4653 = CARTESIAN_POINT ( 'NONE',  ( 30.06900000000001327, 12.30000000000000071, -77.00896198777732593 ) ) ;
#4654 = PLANE ( 'NONE',  #5683 ) ;
#4655 = EDGE_CURVE ( 'NONE', #7405, #4744, #5765, .T. ) ;
#4656 = DIRECTION ( 'NONE',  ( 0.000000000000000000, 0.000000000000000000, 1.000000000000000000 ) ) ;
#4657 = CARTESIAN_POINT ( 'NONE',  ( -2.050322688988873180E-14, 2.000000000000000000, 109.7718007376453926 ) ) ;
#4658 = CARTESIAN_POINT ( 'NONE',  ( 48.36312745903174459, 12.30000000000000071, -87.72319953583669871 ) ) ;
#4659 = EDGE_LOOP ( 'NONE', ( #6348, #2315, #1696, #7516 ) ) ;
#4660 = ORIENTED_EDGE ( 'NONE', *, *, #8382, .F. ) ;
#4661 = CARTESIAN_POINT ( 'NONE',  ( 98.45000000000000284, 0.000000000000000000, 88.45000000000001705 ) ) ;
#4662 = AXIS2_PLACEMENT_3D ( 'NONE', #751, #3515, #2204 ) ;
#4663 = CARTESIAN_POINT ( 'NONE',  ( -82.63909194307537120, 12.29999999999999893, -82.42994305747241413 ) ) ;
#4664 = CARTESIAN_POINT ( 'NONE',  ( -8.005802973896782859, 10.30000000000000071, -93.85084571639457351 ) ) ;
#4665 = DIRECTION ( 'NONE',  ( 0.000000000000000000, 0.000000000000000000, -1.000000000000000000 ) ) ;
#4666 = ORIENTED_EDGE ( 'NONE', *, *, #1999, .T. ) ;
#4667 = ORIENTED_EDGE ( 'NONE', *, *, #3104, .F. ) ;
#4668 = CARTESIAN_POINT ( 'NONE',  ( -3.219999999999967777, 10.30000000000000071, -94.59396198777730547 ) ) ;
#4669 = LINE ( 'NONE', #5397, #7323 ) ;
#4670 = CARTESIAN_POINT ( 'NONE',  ( -1.251590126030330073E-14, 10.30000000000000071, -101.0089619877773117 ) ) ;
#4671 = ORIENTED_EDGE ( 'NONE', *, *, #6102, .F. ) ;
#4672 = DIRECTION ( 'NONE',  ( -0.000000000000000000, 1.000000000000000000, -0.000000000000000000 ) ) ;
#4673 = CARTESIAN_POINT ( 'NONE',  ( -87.78700000000003456, 12.30000000000000071, -97.16896198777730831 ) ) ;
#4674 = DIRECTION ( 'NONE',  ( -0.000000000000000000, 1.000000000000000000, -0.000000000000000000 ) ) ;
#4675 = CARTESIAN_POINT ( 'NONE',  ( -82.63909194307537120, 10.29999999999999893, -82.42994305747241413 ) ) ;
#4676 = PLANE ( 'NONE',  #8696 ) ;
#4677 = EDGE_LOOP ( 'NONE', ( #2452, #4151, #8323, #5802 ) ) ;
#4678 = ORIENTED_EDGE ( 'NONE', *, *, #4193, .T. ) ;
#4679 = EDGE_CURVE ( 'NONE', #6750, #7825, #5684, .T. ) ;
#4680 = EDGE_CURVE ( 'NONE', #2889, #2553, #8492, .T. ) ;
#4681 = CARTESIAN_POINT ( 'NONE',  ( -2.046183620747300508E-14, 2.000000000000000000, 96.77180073764539259 ) ) ;
#4682 = CARTESIAN_POINT ( 'NONE',  ( -78.62461413686553158, 12.29999999999999893, -79.89296951570723593 ) ) ;
#4683 = ORIENTED_EDGE ( 'NONE', *, *, #1504, .F. ) ;
#4684 = CARTESIAN_POINT ( 'NONE',  ( -38.64999999999999858, 20.00000000000000000, -38.64999999999999858 ) ) ;
#4685 = CARTESIAN_POINT ( 'NONE',  ( 7.276477176490062426, 10.29999999999999893, -81.11705689056203994 ) ) ;
#4686 = CARTESIAN_POINT ( 'NONE',  ( -7.160900321211190800, 10.29999999999999893, -98.10314907726571221 ) ) ;
#4687 = CARTESIAN_POINT ( 'NONE',  ( 53.49610506798467213, 10.29999999999999893, -82.06932430375756837 ) ) ;
#4688 = ORIENTED_EDGE ( 'NONE', *, *, #5793, .T. ) ;
#4689 = CARTESIAN_POINT ( 'NONE',  ( -75.44999999999998863, 2.000000000000000000, -82.12819926235459889 ) ) ;
#4690 = ORIENTED_EDGE ( 'NONE', *, *, #8891, .T. ) ;
#4691 = CARTESIAN_POINT ( 'NONE',  ( 59.99800000000000466, 10.30000000000000071, -92.36896198777731115 ) ) ;
#4692 = CARTESIAN_POINT ( 'NONE',  ( 47.29999999999981952, 10.90000000000000036, 50.60000000000015064 ) ) ;
#4693 = CARTESIAN_POINT ( 'NONE',  ( 0.000000000000000000, 10.30000000000000071, -101.0089619877773259 ) ) ;
#4694 = CARTESIAN_POINT ( 'NONE',  ( 7.488271006047084732, 12.30000000000000071, -82.04588829809468109 ) ) ;
#4695 = CARTESIAN_POINT ( 'NONE',  ( 89.47200000000007947, 10.30000000000000071, -101.0089619877773544 ) ) ;
#4696 = EDGE_CURVE ( 'NONE', #110, #8242, #4363, .T. ) ;
#4697 = VECTOR ( 'NONE', #2112, 1000.000000000000000 ) ;
#4698 = DIRECTION ( 'NONE',  ( 1.000000000000000000, 0.000000000000000000, -7.130025111404739020E-17 ) ) ;
#4699 = CARTESIAN_POINT ( 'NONE',  ( 112.0000000000000142, -312.4838379715732799, -107.0000000000000284 ) ) ;
#4700 = AXIS2_PLACEMENT_3D ( 'NONE', #54, #6330, #853 ) ;
#4701 = ORIENTED_EDGE ( 'NONE', *, *, #2182, .T. ) ;
#4702 = CARTESIAN_POINT ( 'NONE',  ( -5.910766772914516132, 12.30000000000000071, -90.05637986421932339 ) ) ;
#4703 = EDGE_CURVE ( 'NONE', #8902, #2361, #8562, .T. ) ;
#4704 = EDGE_LOOP ( 'NONE', ( #5840, #2465, #3369, #3801 ) ) ;
#4705 = VECTOR ( 'NONE', #6885, 1000.000000000000114 ) ;
#4706 = CARTESIAN_POINT ( 'NONE',  ( -92.61700000000003286, 12.30000000000000071, -96.15396198777729353 ) ) ;
#4707 = AXIS2_PLACEMENT_3D ( 'NONE', #7949, #7306, #5854 ) ;
#4708 = DIRECTION ( 'NONE',  ( -1.000000000000000000, 0.000000000000000000, 1.279714039655022108E-16 ) ) ;
#4709 = CARTESIAN_POINT ( 'NONE',  ( -117.0000000000002558, 16.00000000000000000, -71.86523063261958555 ) ) ;
#4710 = CARTESIAN_POINT ( 'NONE',  ( -91.73046126523995270, 20.00000000000000000, 117.0000000000000000 ) ) ;
#4711 = ORIENTED_EDGE ( 'NONE', *, *, #4737, .F. ) ;
#4712 = VECTOR ( 'NONE', #8425, 1000.000000000000000 ) ;
#4713 = VERTEX_POINT ( 'NONE', #4960 ) ;
#4714 = VECTOR ( 'NONE', #5657, 1000.000000000000000 ) ;
#4715 = CARTESIAN_POINT ( 'NONE',  ( -47.29999999999949978, 12.30000000000000071, -47.30000000000048033 ) ) ;
#4716 = FACE_OUTER_BOUND ( 'NONE', #7779, .T. ) ;
#4717 = ORIENTED_EDGE ( 'NONE', *, *, #6027, .F. ) ;
#4718 = ORIENTED_EDGE ( 'NONE', *, *, #1021, .F. ) ;
#4719 = AXIS2_PLACEMENT_3D ( 'NONE', #6194, #7062, #6332 ) ;
#4720 = DIRECTION ( 'NONE',  ( 0.000000000000000000, 0.000000000000000000, -1.000000000000000000 ) ) ;
#4721 = CARTESIAN_POINT ( 'NONE',  ( -91.84520515294360621, 10.30000000000000071, -96.48705452575248387 ) ) ;
#4722 = CARTESIAN_POINT ( 'NONE',  ( 75.45000000000001705, 2.000000000000000000, 75.44999999999998863 ) ) ;
#4723 = B_SPLINE_CURVE_WITH_KNOTS ( 'NONE', 3,
 ( #4263, #683, #2220, #8255, #10, #6338, #4984, #2766, #2864 ),
 .UNSPECIFIED., .F., .F.,
 ( 4, 1, 1, 1, 1, 1, 4 ),
 ( 0.000000000000000000, 0.2906385070828472750, 0.4246160123199810843, 0.5527974150643557572, 0.6736338514237888431, 0.7875054935617036289, 1.000000000000000000 ),
 .UNSPECIFIED. ) ;
#4724 = CARTESIAN_POINT ( 'NONE',  ( -2.198933949516666875, 12.29999999999999893, -76.78524219754454805 ) ) ;
#4725 = CARTESIAN_POINT ( 'NONE',  ( 47.29999999999999005, 4.299999999999999822, -51.99999999999994316 ) ) ;
#4726 = EDGE_CURVE ( 'NONE', #2558, #6117, #4646, .T. ) ;
#4727 = EDGE_LOOP ( 'NONE', ( #4678, #8319, #8665, #3112 ) ) ;
#4728 = ADVANCED_FACE ( 'NONE', ( #6355 ), #6988, .F. ) ;
#4729 = EDGE_LOOP ( 'NONE', ( #3102, #1040, #623, #5925 ) ) ;
#4730 = VECTOR ( 'NONE', #1954, 1000.000000000000114 ) ;
#4731 = CARTESIAN_POINT ( 'NONE',  ( -93.45000000000003126, -1.472316558442722761E-15, 88.44999999999997442 ) ) ;
#4732 = ADVANCED_FACE ( 'NONE', ( #6435 ), #3634, .T. ) ;
#4733 = CARTESIAN_POINT ( 'NONE',  ( -76.45411210138614422, 10.29999999999999893, -83.79061316033217111 ) ) ;
#4734 = ORIENTED_EDGE ( 'NONE', *, *, #6107, .F. ) ;
#4735 = CARTESIAN_POINT ( 'NONE',  ( -75.44999999999997442, 0.000000000000000000, -85.45000000000000284 ) ) ;
#4736 = EDGE_CURVE ( 'NONE', #4852, #2067, #5641, .T. ) ;
#4737 = EDGE_CURVE ( 'NONE', #562, #3325, #3549, .T. ) ;
#4738 = ADVANCED_FACE ( 'NONE', ( #4235 ), #741, .F. ) ;
#4739 = CARTESIAN_POINT ( 'NONE',  ( -0.3999999999999681033, 10.29999999999999893, -76.68896198777730433 ) ) ;
#4740 = CARTESIAN_POINT ( 'NONE',  ( -5.145129151502004561, 10.29999999999999893, -100.0195756962954334 ) ) ;
#4741 = CARTESIAN_POINT ( 'NONE',  ( -75.83178486006363528, 10.29999999999999893, -91.35224062525306010 ) ) ;
#4742 = ORIENTED_EDGE ( 'NONE', *, *, #192, .T. ) ;
#4743 = DIRECTION ( 'NONE',  ( 0.000000000000000000, 0.000000000000000000, -1.000000000000000000 ) ) ;
#4744 = VERTEX_POINT ( 'NONE', #2824 ) ;
#4745 = CARTESIAN_POINT ( 'NONE',  ( 0.000000000000000000, 10.30000000000000071, 0.000000000000000000 ) ) ;
#4746 = EDGE_CURVE ( 'NONE', #2272, #110, #6397, .T. ) ;
#4747 = CARTESIAN_POINT ( 'NONE',  ( 0.000000000000000000, 12.30000000000000071, -101.0089619877773117 ) ) ;
#4748 = PLANE ( 'NONE',  #8632 ) ;
#4749 = CARTESIAN_POINT ( 'NONE',  ( 99.27826237330729953, 10.30000000000000071, -25.70231275669561910 ) ) ;
#4750 = CARTESIAN_POINT ( 'NONE',  ( 47.29999999999999005, 10.90000000000002878, -47.29999999999999005 ) ) ;
#4751 = CARTESIAN_POINT ( 'NONE',  ( -3.747301209732850857, 12.29999999999999893, -100.6695463776221686 ) ) ;
#4752 = FACE_OUTER_BOUND ( 'NONE', #6016, .T. ) ;
#4753 = EDGE_LOOP ( 'NONE', ( #2656, #8813, #3089, #3944 ) ) ;
#4754 = CARTESIAN_POINT ( 'NONE',  ( -7.855835787856018548, 12.30000000000000071, -93.20531827484077780 ) ) ;
#4755 = ORIENTED_EDGE ( 'NONE', *, *, #6892, .T. ) ;
#4756 = CARTESIAN_POINT ( 'NONE',  ( -107.0000000000000000, 20.00000000000000000, -117.0000000000000000 ) ) ;
#4757 = DIRECTION ( 'NONE',  ( 0.000000000000000000, -1.000000000000000000, 0.000000000000000000 ) ) ;
#4758 = CARTESIAN_POINT ( 'NONE',  ( -5.003700066541869163, 12.30000000000000249, -89.26072975144852251 ) ) ;
#4759 = CARTESIAN_POINT ( 'NONE',  ( 51.41709520669376587, 10.30000000000000071, -91.35485734024790361 ) ) ;
#4760 = EDGE_LOOP ( 'NONE', ( #4806, #2075, #8470, #5713 ) ) ;
#4761 = VERTEX_POINT ( 'NONE', #3598 ) ;
#4762 = VECTOR ( 'NONE', #8410, 999.9999999999998863 ) ;
#4763 = DIRECTION ( 'NONE',  ( 0.000000000000000000, -0.7660444431189705750, 0.6427876096865482447 ) ) ;
#4764 = CARTESIAN_POINT ( 'NONE',  ( 101.4500000000000171, 2.000000000000000000, 108.1281992623545989 ) ) ;
#4765 = VERTEX_POINT ( 'NONE', #7727 ) ;
#4766 = ORIENTED_EDGE ( 'NONE', *, *, #8664, .F. ) ;
#4767 = AXIS2_PLACEMENT_3D ( 'NONE', #1398, #137, #2898 ) ;
#4768 = CARTESIAN_POINT ( 'NONE',  ( -33.64999999999999858, 4.299999999999999822, -36.64999999999999858 ) ) ;
#4769 = CARTESIAN_POINT ( 'NONE',  ( 35.54999999999998295, 20.00000000000000000, 38.65000000000000568 ) ) ;
#4770 = EDGE_CURVE ( 'NONE', #774, #2333, #6529, .T. ) ;
#4771 = CARTESIAN_POINT ( 'NONE',  ( -101.4500000000000597, 2.000000000000000000, 101.4499999999999886 ) ) ;
#4772 = CARTESIAN_POINT ( 'NONE',  ( -2.198933949516666875, 10.30000000000000249, -76.78524219754454805 ) ) ;
#4773 = DIRECTION ( 'NONE',  ( 0.000000000000000000, -0.000000000000000000, 1.000000000000000000 ) ) ;
#4774 = EDGE_LOOP ( 'NONE', ( #5686, #5934, #4718, #7978 ) ) ;
#4775 = ORIENTED_EDGE ( 'NONE', *, *, #8776, .T. ) ;
#4776 = DIRECTION ( 'NONE',  ( 0.6562316346604650796, 0.000000000000000000, -0.7545595017431387941 ) ) ;
#4777 = CARTESIAN_POINT ( 'NONE',  ( -81.13655661433467969, 12.29999999999999893, -77.92137276918273869 ) ) ;
#4778 = ORIENTED_EDGE ( 'NONE', *, *, #6056, .F. ) ;
#4779 = CARTESIAN_POINT ( 'NONE',  ( -92.88047223632257499, 12.29999999999999893, -78.52511585883341638 ) ) ;
#4780 = CARTESIAN_POINT ( 'NONE',  ( -47.29999999999949978, 5.699999999999987743, -50.60000000000047748 ) ) ;
#4781 = CARTESIAN_POINT ( 'NONE',  ( 101.4500000000000171, 2.000000000000000000, 101.4500000000000028 ) ) ;
#4782 = LINE ( 'NONE', #2435, #4202 ) ;
#4783 = VERTEX_POINT ( 'NONE', #2961 ) ;
#4784 = ADVANCED_FACE ( 'NONE', ( #3093 ), #7943, .T. ) ;
#4785 = FACE_OUTER_BOUND ( 'NONE', #7615, .T. ) ;
#4786 = VERTEX_POINT ( 'NONE', #3177 ) ;
#4787 = LINE ( 'NONE', #8102, #2997 ) ;
#4788 = FACE_OUTER_BOUND ( 'NONE', #5478, .T. ) ;
#4789 = CARTESIAN_POINT ( 'NONE',  ( 47.90328383675913670, 12.30000000000000071, -82.98222665616012250 ) ) ;
#4790 = CIRCLE ( 'NONE', #1477, 9.999999999999994671 ) ;
#4791 = VECTOR ( 'NONE', #3978, 1000.000000000000000 ) ;
#4792 = CARTESIAN_POINT ( 'NONE',  ( 0.000000000000000000, 10.30000000000000071, -101.0089619877773117 ) ) ;
#4793 = CARTESIAN_POINT ( 'NONE',  ( 6.938893903907228378E-15, 0.000000000000000000, -98.45000000000000284 ) ) ;
#4794 = EDGE_CURVE ( 'NONE', #6705, #6807, #5133, .T. ) ;
#4795 = AXIS2_PLACEMENT_3D ( 'NONE', #7463, #6774, #4743 ) ;
#4796 = ORIENTED_EDGE ( 'NONE', *, *, #1617, .F. ) ;
#4797 = AXIS2_PLACEMENT_3D ( 'NONE', #5036, #3622, #8302 ) ;
#4798 = CARTESIAN_POINT ( 'NONE',  ( 48.65856390894515471, 10.30000000000000071, -88.43938065510481294 ) ) ;
#4799 = ORIENTED_EDGE ( 'NONE', *, *, #6091, .T. ) ;
#4800 = DIRECTION ( 'NONE',  ( 0.000000000000000000, 0.000000000000000000, 1.000000000000000000 ) ) ;
#4801 = CARTESIAN_POINT ( 'NONE',  ( -30.49899999999993483, 12.30000000000000071, 1.374107297813819134E-14 ) ) ;
#4802 = EDGE_CURVE ( 'NONE', #4713, #2998, #3217, .T. ) ;
#4803 = DIRECTION ( 'NONE',  ( 0.9608563893803302447, 0.000000000000000000, -0.2770469256046621531 ) ) ;
#4804 = DIRECTION ( 'NONE',  ( -1.000000000000000000, -0.000000000000000000, 3.491481338843133355E-15 ) ) ;
#4805 = FACE_OUTER_BOUND ( 'NONE', #4727, .T. ) ;
#4806 = ORIENTED_EDGE ( 'NONE', *, *, #2853, .F. ) ;
#4807 = EDGE_LOOP ( 'NONE', ( #2357, #1132, #8460, #3870, #1862, #311, #5945, #7348, #3142, #2158, #926 ) ) ;
#4808 = VECTOR ( 'NONE', #8394, 1000.000000000000114 ) ;
#4809 = LINE ( 'NONE', #8892, #952 ) ;
#4810 = LINE ( 'NONE', #7487, #956 ) ;
#4811 = VECTOR ( 'NONE', #199, 1000.000000000000000 ) ;
#4812 = ORIENTED_EDGE ( 'NONE', *, *, #7656, .T. ) ;
#4813 = ORIENTED_EDGE ( 'NONE', *, *, #1727, .F. ) ;
#4814 = CARTESIAN_POINT ( 'NONE',  ( 95.12819926235461310, 2.000000000000000000, 88.45000000000000284 ) ) ;
#4815 = CARTESIAN_POINT ( 'NONE',  ( 0.4800000000000290146, 12.30000000000000071, -86.17396198777731797 ) ) ;
#4816 = DIRECTION ( 'NONE',  ( 0.000000000000000000, 0.000000000000000000, -1.000000000000000000 ) ) ;
#4817 = CARTESIAN_POINT ( 'NONE',  ( 64.45300000000001717, 12.30000000000000071, -101.0089619877773117 ) ) ;
#4818 = DIRECTION ( 'NONE',  ( 0.000000000000000000, 0.7660444431189705750, 0.6427876096865482447 ) ) ;
#4819 = ORIENTED_EDGE ( 'NONE', *, *, #2454, .T. ) ;
#4820 = ORIENTED_EDGE ( 'NONE', *, *, #2469, .T. ) ;
#4821 = PLANE ( 'NONE',  #8475 ) ;
#4822 = CARTESIAN_POINT ( 'NONE',  ( -84.75407533311991415, 10.29999999999999893, -76.77604562775080410 ) ) ;
#4823 = ORIENTED_EDGE ( 'NONE', *, *, #5340, .T. ) ;
#4824 = FACE_BOUND ( 'NONE', #3153, .T. ) ;
#4825 = ADVANCED_FACE ( 'NONE', ( #8579 ), #7303, .T. ) ;
#4826 = DIRECTION ( 'NONE',  ( -1.000000000000000000, 0.000000000000000000, 0.000000000000000000 ) ) ;
#4827 = ORIENTED_EDGE ( 'NONE', *, *, #7212, .F. ) ;
#4828 = CARTESIAN_POINT ( 'NONE',  ( -91.54620967203638315, 12.29999999999999893, -100.8211633617492140 ) ) ;
#4829 = B_SPLINE_SURFACE_WITH_KNOTS ( 'NONE', 3, 1, ( 
 ( #7457, #618 ),
 ( #8142, #1976 ),
 ( #6088, #7326 ),
 ( #7412, #1926 ),
 ( #4687, #2561 ),
 ( #2653, #2512 ),
 ( #2699, #3876 ),
 ( #1290, #1243 ),
 ( #430, #6769 ) ),
 .UNSPECIFIED., .F., .F., .F.,
 ( 4, 1, 1, 1, 1, 1, 4 ),
 ( 2, 2 ),
 ( 0.000000000000000000, 0.2776847310795541035, 0.3982845304934640174, 0.5143160584712279659, 0.6281404620232047264, 0.7433146382242058481, 1.000000000000000000 ),
 ( 0.000000000000000000, 1.000000000000000000 ),
 .UNSPECIFIED. ) ;
#4830 = VERTEX_POINT ( 'NONE', #3896 ) ;
#4831 = CARTESIAN_POINT ( 'NONE',  ( 28.04400000000001469, 12.30000000000000071, -87.88896198777732138 ) ) ;
#4832 = ORIENTED_EDGE ( 'NONE', *, *, #6707, .T. ) ;
#4833 = CARTESIAN_POINT ( 'NONE',  ( 112.0000000000000142, 20.00000000000000000, 107.0000000000000000 ) ) ;
#4834 = CARTESIAN_POINT ( 'NONE',  ( 47.29999999999999005, 10.90000000000002878, -43.99999999999999289 ) ) ;
#4835 = CARTESIAN_POINT ( 'NONE',  ( 48.12671084024881196, 10.30000000000000071, -81.94469111801100780 ) ) ;
#4836 = CARTESIAN_POINT ( 'NONE',  ( 0.000000000000000000, 10.30000000000000071, -81.16896198777733673 ) ) ;
#4837 = CARTESIAN_POINT ( 'NONE',  ( -85.30306847526810543, 12.30000000000000071, -96.88828958458121576 ) ) ;
#4838 = EDGE_CURVE ( 'NONE', #1810, #3304, #5672, .T. ) ;
#4839 = CARTESIAN_POINT ( 'NONE',  ( -7.733968567411064754, 12.29999999999999893, -96.86271291853910270 ) ) ;
#4840 = DIRECTION ( 'NONE',  ( 0.000000000000000000, 0.000000000000000000, 1.000000000000000000 ) ) ;
#4841 = ORIENTED_EDGE ( 'NONE', *, *, #3477, .T. ) ;
#4842 = CARTESIAN_POINT ( 'NONE',  ( -5.003700066541869163, 12.30000000000000071, -89.26072975144852251 ) ) ;
#4843 = EDGE_CURVE ( 'NONE', #1930, #412, #1083, .T. ) ;
#4844 = EDGE_CURVE ( 'NONE', #4466, #4852, #5221, .T. ) ;
#4845 = CARTESIAN_POINT ( 'NONE',  ( 30.55000000000006821, 20.00000000000000355, 33.65000000000000568 ) ) ;
#4846 = EDGE_CURVE ( 'NONE', #866, #6949, #3858, .T. ) ;
#4847 = ADVANCED_FACE ( 'NONE', ( #1004 ), #369, .T. ) ;
#4848 = DIRECTION ( 'NONE',  ( -1.000000000000000000, 0.000000000000000000, 0.000000000000000000 ) ) ;
#4849 = DIRECTION ( 'NONE',  ( 0.000000000000000000, -1.000000000000000000, 0.000000000000000000 ) ) ;
#4850 = CIRCLE ( 'NONE', #1486, 5.000000000000004441 ) ;
#4851 = DIRECTION ( 'NONE',  ( 0.9063077870366512689, -0.4226182617406967768, 0.000000000000000000 ) ) ;
#4852 = VERTEX_POINT ( 'NONE', #8743 ) ;
#4853 = EDGE_CURVE ( 'NONE', #6696, #8328, #5850, .T. ) ;
#4854 = AXIS2_PLACEMENT_3D ( 'NONE', #4781, #36, #2159 ) ;
#4855 = ORIENTED_EDGE ( 'NONE', *, *, #6619, .T. ) ;
#4856 = CIRCLE ( 'NONE', #4130, 10.00000000000000888 ) ;
#4857 = LINE ( 'NONE', #8261, #6732 ) ;
#4858 = VECTOR ( 'NONE', #284, 1000.000000000000114 ) ;
#4859 = CARTESIAN_POINT ( 'NONE',  ( 107.0000000000000142, 0.000000000000000000, 68.45000000000000284 ) ) ;
#4860 = ORIENTED_EDGE ( 'NONE', *, *, #4890, .T. ) ;
#4861 = ORIENTED_EDGE ( 'NONE', *, *, #3145, .F. ) ;
#4862 = CARTESIAN_POINT ( 'NONE',  ( 5.776141237214579505, 12.30000000000000249, -87.79356017653438471 ) ) ;
#4863 = CARTESIAN_POINT ( 'NONE',  ( -33.64999999999999858, 20.00000000000000355, 1.850000000000004086 ) ) ;
#4864 = CARTESIAN_POINT ( 'NONE',  ( 35.54999999999997584, 12.29999999999997762, 38.65000000000000568 ) ) ;
#4865 = VECTOR ( 'NONE', #886, 1000.000000000000000 ) ;
#4866 = LINE ( 'NONE', #7771, #6779 ) ;
#4867 = CARTESIAN_POINT ( 'NONE',  ( 107.0000000000000142, 20.00000000000000000, 107.0000000000000000 ) ) ;
#4868 = VECTOR ( 'NONE', #7627, 1000.000000000000114 ) ;
#4869 = VECTOR ( 'NONE', #6754, 1000.000000000000000 ) ;
#4870 = ORIENTED_EDGE ( 'NONE', *, *, #2113, .T. ) ;
#4871 = CIRCLE ( 'NONE', #6010, 3.299999999999997158 ) ;
#4872 = VERTEX_POINT ( 'NONE', #4578 ) ;
#4873 = LINE ( 'NONE', #2691, #8190 ) ;
#4874 = VECTOR ( 'NONE', #5372, 1000.000000000000000 ) ;
#4875 = LINE ( 'NONE', #8137, #6438 ) ;
#4876 = VERTEX_POINT ( 'NONE', #5214 ) ;
#4877 = CARTESIAN_POINT ( 'NONE',  ( -80.44700000000003115, 12.29999999999999893, -88.81396198777730433 ) ) ;
#4878 = LINE ( 'NONE', #7781, #2354 ) ;
#4879 = VERTEX_POINT ( 'NONE', #7987 ) ;
#4880 = B_SPLINE_CURVE_WITH_KNOTS ( 'NONE', 3,
 ( #2024, #1198, #1885, #5329, #6139, #8824, #6094, #3479, #2612 ),
 .UNSPECIFIED., .F., .F.,
 ( 4, 1, 1, 1, 1, 1, 4 ),
 ( 0.000000000000000000, 0.3140869322872986147, 0.4457890859159726049, 0.5647762196100429843, 0.6742193948299602946, 0.7783459738617535262, 1.000000000000000000 ),
 .UNSPECIFIED. ) ;
#4881 = ORIENTED_EDGE ( 'NONE', *, *, #3131, .F. ) ;
#4882 = VECTOR ( 'NONE', #8463, 1000.000000000000114 ) ;
#4883 = DIRECTION ( 'NONE',  ( 0.000000000000000000, -1.000000000000000000, 0.000000000000000000 ) ) ;
#4884 = AXIS2_PLACEMENT_3D ( 'NONE', #3099, #1740, #922 ) ;
#4885 = EDGE_LOOP ( 'NONE', ( #1197, #2230, #3860, #8156 ) ) ;
#4886 = ORIENTED_EDGE ( 'NONE', *, *, #4383, .F. ) ;
#4887 = CARTESIAN_POINT ( 'NONE',  ( -33.64999999999999858, 9.496152422706655827, 33.65000000000000568 ) ) ;
#4888 =( GEOMETRIC_REPRESENTATION_CONTEXT ( 3 ) GLOBAL_UNCERTAINTY_ASSIGNED_CONTEXT ( ( #7845 ) ) GLOBAL_UNIT_ASSIGNED_CONTEXT ( ( #1730, #2318, #7809 ) ) REPRESENTATION_CONTEXT ( 'NONE', 'WORKASPACE' ) );
#4889 = LINE ( 'NONE', #1297, #1073 ) ;
#4890 = EDGE_CURVE ( 'NONE', #5553, #1928, #1773, .T. ) ;
#4891 = CARTESIAN_POINT ( 'NONE',  ( -107.0000000000000000, 20.00000000000000000, -117.0000000000000000 ) ) ;
#4892 = CARTESIAN_POINT ( 'NONE',  ( 19.92900000000000915, 10.30000000000000071, 0.000000000000000000 ) ) ;
#4893 = CARTESIAN_POINT ( 'NONE',  ( -83.91645229884062474, 12.30000000000000071, -96.36870304938427978 ) ) ;
#4894 = LINE ( 'NONE', #1796, #1872 ) ;
#4895 = DIRECTION ( 'NONE',  ( -0.000000000000000000, 1.000000000000000000, -0.000000000000000000 ) ) ;
#4896 = ORIENTED_EDGE ( 'NONE', *, *, #3275, .T. ) ;
#4897 = DIRECTION ( 'NONE',  ( 0.000000000000000000, 0.000000000000000000, -1.000000000000000000 ) ) ;
#4898 = FACE_OUTER_BOUND ( 'NONE', #7183, .T. ) ;
#4899 = CARTESIAN_POINT ( 'NONE',  ( 1.886374129916776665, 10.30000000000000071, -97.11312765208840858 ) ) ;
#4900 = FACE_OUTER_BOUND ( 'NONE', #5671, .T. ) ;
#4901 = CARTESIAN_POINT ( 'NONE',  ( -107.0000000000000000, 20.00000000000000000, 117.0000000000000000 ) ) ;
#4902 = ORIENTED_EDGE ( 'NONE', *, *, #850, .T. ) ;
#4903 = ORIENTED_EDGE ( 'NONE', *, *, #1273, .F. ) ;
#4904 = ORIENTED_EDGE ( 'NONE', *, *, #5106, .F. ) ;
#4905 = ADVANCED_FACE ( 'NONE', ( #2535 ), #1650, .T. ) ;
#4906 = EDGE_CURVE ( 'NONE', #1842, #7218, #4405, .T. ) ;
#4907 = CARTESIAN_POINT ( 'NONE',  ( -0.3999999999999681033, 10.30000000000000249, -76.68896198777730433 ) ) ;
#4908 = CARTESIAN_POINT ( 'NONE',  ( 0.000000000000000000, 10.30000000000000071, -77.00896198777732593 ) ) ;
#4909 = ORIENTED_EDGE ( 'NONE', *, *, #8795, .T. ) ;
#4910 = EDGE_LOOP ( 'NONE', ( #8666, #4242, #6843, #8695 ) ) ;
#4911 = DIRECTION ( 'NONE',  ( 0.000000000000000000, 0.000000000000000000, 1.000000000000000000 ) ) ;
#4912 = DIRECTION ( 'NONE',  ( 0.000000000000000000, -1.000000000000000000, 0.000000000000000000 ) ) ;
#4913 = LINE ( 'NONE', #2781, #8718 ) ;
#4914 = CARTESIAN_POINT ( 'NONE',  ( 75.45000000000001705, -1.472316558442722761E-15, 80.44999999999998863 ) ) ;
#4915 = DIRECTION ( 'NONE',  ( 0.000000000000000000, 0.000000000000000000, 1.000000000000000000 ) ) ;
#4916 = ORIENTED_EDGE ( 'NONE', *, *, #365, .F. ) ;
#4917 = ORIENTED_EDGE ( 'NONE', *, *, #462, .F. ) ;
#4918 = EDGE_CURVE ( 'NONE', #3804, #8852, #7217, .T. ) ;
#4919 = EDGE_CURVE ( 'NONE', #3762, #6993, #2340, .T. ) ;
#4920 = CONICAL_SURFACE ( 'NONE', #5334, 6.678199262354605814, 0.6981317007977448919 ) ;
#4921 = CARTESIAN_POINT ( 'NONE',  ( 75.45000000000000284, 2.000000000000000000, -75.45000000000000284 ) ) ;
#4922 = CARTESIAN_POINT ( 'NONE',  ( 88.45000000000000284, 0.000000000000000000, -88.45000000000000284 ) ) ;
#4923 = VERTEX_POINT ( 'NONE', #2495 ) ;
#4924 = CARTESIAN_POINT ( 'NONE',  ( -52.86300000000001376, 12.30000000000000071, -82.24896198777730660 ) ) ;
#4925 = CARTESIAN_POINT ( 'NONE',  ( -57.70800000000001262, 12.30000000000000071, -101.0089619877772975 ) ) ;
#4926 = EDGE_LOOP ( 'NONE', ( #2181, #1811, #488, #5472 ) ) ;
#4927 = ADVANCED_FACE ( 'NONE', ( #5254 ), #8027, .T. ) ;
#4928 = B_SPLINE_CURVE_WITH_KNOTS ( 'NONE', 3,
 ( #2871, #1505, #8482, #4269, #4225, #6388, #7025, #5631, #5715, #3722, #6345, #6980, #7671, #278, #776, #193, #8443 ),
 .UNSPECIFIED., .F., .F.,
 ( 4, 1, 1, 1, 1, 1, 1, 1, 1, 1, 1, 1, 1, 1, 4 ),
 ( 0.000000000000000000, 0.1451066443975278231, 0.2147296114008372669, 0.2817772694285636814, 0.3475495626799744997, 0.4112488609658360716, 0.4738400290931584768, 0.5355444545366856435, 0.5959373116963867512, 0.6550630449235163022, 0.7128526612453670586, 0.7698900182157222272, 0.8267032105715752532, 0.8840348292901286653, 1.000000000000000000 ),
 .UNSPECIFIED. ) ;
#4929 = AXIS2_PLACEMENT_3D ( 'NONE', #4107, #2748, #2019 ) ;
#4930 = VERTEX_POINT ( 'NONE', #3989 ) ;
#4931 = CARTESIAN_POINT ( 'NONE',  ( -3.083370568590949823, 10.29999999999999893, -100.8764664482388156 ) ) ;
#4932 = CARTESIAN_POINT ( 'NONE',  ( -53.48800000000000665, 10.30000000000000071, -82.24896198777730660 ) ) ;
#4933 = DIRECTION ( 'NONE',  ( 2.182042108146927295E-16, 0.000000000000000000, 1.000000000000000000 ) ) ;
#4934 = CIRCLE ( 'NONE', #14, 3.299999999999997158 ) ;
#4935 = CARTESIAN_POINT ( 'NONE',  ( -98.45000000000001705, -0.000000000000000000, -1.387778780781446307E-14 ) ) ;
#4936 = PLANE ( 'NONE',  #2935 ) ;
#4937 = CARTESIAN_POINT ( 'NONE',  ( 74.97200000000005105, 12.30000000000000071, -101.0089619877773401 ) ) ;
#4938 = DIRECTION ( 'NONE',  ( 0.000000000000000000, -0.7660444431189705750, 0.6427876096865482447 ) ) ;
#4939 = CARTESIAN_POINT ( 'NONE',  ( -101.4500000000000171, 0.000000000000000000, -101.4500000000000171 ) ) ;
#4940 = ORIENTED_EDGE ( 'NONE', *, *, #1787, .T. ) ;
#4941 = CARTESIAN_POINT ( 'NONE',  ( -60.12300000000001887, 10.30000000000000071, 0.000000000000000000 ) ) ;
#4942 = DIRECTION ( 'NONE',  ( -1.000000000000000000, 0.000000000000000000, 0.000000000000000000 ) ) ;
#4943 = EDGE_CURVE ( 'NONE', #7766, #5904, #7481, .T. ) ;
#4944 = CARTESIAN_POINT ( 'NONE',  ( 6.974143598062057414, 12.30000000000000071, -95.80577295523029591 ) ) ;
#4945 = CARTESIAN_POINT ( 'NONE',  ( 107.0000000000000426, 20.00000000000000000, -107.0000000000000284 ) ) ;
#4946 = DIRECTION ( 'NONE',  ( 0.000000000000000000, 0.000000000000000000, -1.000000000000000000 ) ) ;
#4947 = EDGE_LOOP ( 'NONE', ( #3943, #5248, #3603, #6818, #6561, #2104, #7579, #1425 ) ) ;
#4948 = ORIENTED_EDGE ( 'NONE', *, *, #5665, .T. ) ;
#4949 = ORIENTED_EDGE ( 'NONE', *, *, #571, .T. ) ;
#4950 = VECTOR ( 'NONE', #5356, 1000.000000000000000 ) ;
#4951 = PLANE ( 'NONE',  #7617 ) ;
#4952 = CARTESIAN_POINT ( 'NONE',  ( -75.75809690615042769, 10.29999999999999716, -89.94084206137338811 ) ) ;
#4953 = ORIENTED_EDGE ( 'NONE', *, *, #5635, .T. ) ;
#4954 = ORIENTED_EDGE ( 'NONE', *, *, #5179, .F. ) ;
#4955 = CARTESIAN_POINT ( 'NONE',  ( 98.45000000000000284, 0.000000000000000000, 0.000000000000000000 ) ) ;
#4956 = PLANE ( 'NONE',  #4302 ) ;
#4957 = DIRECTION ( 'NONE',  ( -0.4226182617406967212, -0.9063077870366512689, -0.000000000000000000 ) ) ;
#4958 = DIRECTION ( 'NONE',  ( -1.000000000000000000, -0.000000000000000000, -0.000000000000000000 ) ) ;
#4959 = CIRCLE ( 'NONE', #6396, 8.321800737645393298 ) ;
#4960 = CARTESIAN_POINT ( 'NONE',  ( 47.84799999999999898, 10.30000000000000071, -84.34896198777730092 ) ) ;
#4961 = ORIENTED_EDGE ( 'NONE', *, *, #192, .F. ) ;
#4962 = ORIENTED_EDGE ( 'NONE', *, *, #8837, .F. ) ;
#4963 = AXIS2_PLACEMENT_3D ( 'NONE', #2822, #3596, #6394 ) ;
#4964 = CARTESIAN_POINT ( 'NONE',  ( -33.64999999999999858, 4.299999999999999822, 4.850000000000006750 ) ) ;
#4965 = CARTESIAN_POINT ( 'NONE',  ( -8.044999999999969731, 10.30000000000000071, -94.67896198777731342 ) ) ;
#4966 = ORIENTED_EDGE ( 'NONE', *, *, #7281, .F. ) ;
#4967 = CARTESIAN_POINT ( 'NONE',  ( -80.86606654601330035, 10.29999999999999716, -85.43654749316418417 ) ) ;
#4968 = FACE_OUTER_BOUND ( 'NONE', #4753, .T. ) ;
#4969 = ADVANCED_FACE ( 'NONE', ( #4621 ), #2780, .F. ) ;
#4970 = EDGE_LOOP ( 'NONE', ( #2763, #1476, #3834, #5500 ) ) ;
#4971 = ADVANCED_FACE ( 'NONE', ( #6887 ), #1349, .T. ) ;
#4972 = ORIENTED_EDGE ( 'NONE', *, *, #7343, .T. ) ;
#4973 = CARTESIAN_POINT ( 'NONE',  ( 4.668470215867023043, 10.30000000000000071, -101.0023856097677850 ) ) ;
#4974 = CARTESIAN_POINT ( 'NONE',  ( 0.000000000000000000, 10.30000000000000071, -101.0089619877773259 ) ) ;
#4975 = CARTESIAN_POINT ( 'NONE',  ( -101.4500000000000171, 2.000000000000000000, -101.4500000000000171 ) ) ;
#4976 = LINE ( 'NONE', #5111, #4283 ) ;
#4977 = DIRECTION ( 'NONE',  ( -0.000000000000000000, 1.000000000000000000, -0.000000000000000000 ) ) ;
#4978 = B_SPLINE_SURFACE_WITH_KNOTS ( 'NONE', 3, 1, ( 
 ( #8737, #2030 ),
 ( #7570, #6014 ),
 ( #2577, #4028 ),
 ( #7517, #6739 ),
 ( #5428, #4658 ),
 ( #4798, #3888 ),
 ( #6829, #1162 ),
 ( #630, #5336 ),
 ( #3253, #6785 ),
 ( #5968, #2526 ),
 ( #3391, #5296 ),
 ( #6059, #8790 ),
 ( #8070, #8111 ) ),
 .UNSPECIFIED., .F., .F., .F.,
 ( 4, 1, 1, 1, 1, 1, 1, 1, 1, 1, 4 ),
 ( 2, 2 ),
 ( 0.000000000000000000, 0.1391042832769330273, 0.2037142684141520499, 0.2655315063187240199, 0.3249205927519568937, 0.3829927631556946377, 0.4403268924330646095, 0.4977714884407283269, 0.5552160844483919888, 0.6128654561921728083, 0.6391350285580224000 ),
 ( 0.000000000000000000, 1.000000000000000000 ),
 .UNSPECIFIED. ) ;
#4979 = PLANE ( 'NONE',  #3752 ) ;
#4980 = FACE_OUTER_BOUND ( 'NONE', #7382, .T. ) ;
#4981 = ORIENTED_EDGE ( 'NONE', *, *, #4794, .F. ) ;
#4982 = DIRECTION ( 'NONE',  ( -1.000000000000000000, 0.000000000000000000, 0.000000000000000000 ) ) ;
#4983 = LINE ( 'NONE', #899, #8178 ) ;
#4984 = CARTESIAN_POINT ( 'NONE',  ( -1.372687643978517391, 10.30000000000000249, -80.93322336521440263 ) ) ;
#4985 = LINE ( 'NONE', #11, #5537 ) ;
#4986 = DIRECTION ( 'NONE',  ( 0.000000000000000000, 0.000000000000000000, 1.000000000000000000 ) ) ;
#4987 = EDGE_CURVE ( 'NONE', #1998, #4029, #6694, .T. ) ;
#4988 = ORIENTED_EDGE ( 'NONE', *, *, #6401, .F. ) ;
#4989 = ORIENTED_EDGE ( 'NONE', *, *, #7157, .F. ) ;
#4990 = EDGE_CURVE ( 'NONE', #1006, #5772, #495, .T. ) ;
#4991 = DIRECTION ( 'NONE',  ( 0.000000000000000000, 0.000000000000000000, -1.000000000000000000 ) ) ;
#4992 = DIRECTION ( 'NONE',  ( 0.4999999999999972244, 0.8660254037844401509, -6.398570198275074794E-17 ) ) ;
#4993 = ORIENTED_EDGE ( 'NONE', *, *, #977, .F. ) ;
#4994 = VERTEX_POINT ( 'NONE', #6021 ) ;
#4995 = CARTESIAN_POINT ( 'NONE',  ( 4.461984187825990489, 12.30000000000000249, -89.04286755017842836 ) ) ;
#4996 = VECTOR ( 'NONE', #4603, 1000.000000000000000 ) ;
#4997 = CARTESIAN_POINT ( 'NONE',  ( -78.62461413686553158, 12.29999999999999893, -79.89296951570723593 ) ) ;
#4998 = CARTESIAN_POINT ( 'NONE',  ( 95.12819926235461310, 2.000000000000000000, -88.45000000000000284 ) ) ;
#4999 = LINE ( 'NONE', #875, #2443 ) ;
#5000 = CARTESIAN_POINT ( 'NONE',  ( 1.886374129916776665, 12.30000000000000071, -97.11312765208840858 ) ) ;
#5001 = EDGE_CURVE ( 'NONE', #4136, #6605, #1621, .T. ) ;
#5002 = VERTEX_POINT ( 'NONE', #8162 ) ;
#5003 = ORIENTED_EDGE ( 'NONE', *, *, #394, .F. ) ;
#5004 = CIRCLE ( 'NONE', #2109, 4.999999999999976907 ) ;
#5005 = DIRECTION ( 'NONE',  ( -1.498027557486209236E-16, -0.6427876096865482447, 0.7660444431189705750 ) ) ;
#5006 = LINE ( 'NONE', #8417, #2260 ) ;
#5007 = ORIENTED_EDGE ( 'NONE', *, *, #3692, .T. ) ;
#5008 = VECTOR ( 'NONE', #3959, 1000.000000000000114 ) ;
#5009 = DIRECTION ( 'NONE',  ( -0.000000000000000000, 1.000000000000000000, -0.000000000000000000 ) ) ;
#5010 = ADVANCED_FACE ( 'NONE', ( #4805 ), #6198, .F. ) ;
#5011 = VECTOR ( 'NONE', #3398, 1000.000000000000000 ) ;
#5012 = CARTESIAN_POINT ( 'NONE',  ( -75.75809690615042769, 12.29999999999999893, -89.94084206137338811 ) ) ;
#5014 = EDGE_CURVE ( 'NONE', #2951, #407, #2583, .T. ) ;
#5013 = VECTOR ( 'NONE', #1364, 1000.000000000000000 ) ;
#5015 = ORIENTED_EDGE ( 'NONE', *, *, #576, .F. ) ;
#5016 = VERTEX_POINT ( 'NONE', #5344 ) ;
#5017 = VECTOR ( 'NONE', #5095, 1000.000000000000000 ) ;
#5018 = EDGE_CURVE ( 'NONE', #2329, #1328, #8118, .T. ) ;
#5019 = DIRECTION ( 'NONE',  ( 0.000000000000000000, 1.000000000000000000, 0.000000000000000000 ) ) ;
#5020 = EDGE_CURVE ( 'NONE', #6512, #5016, #2671, .T. ) ;
#5021 = DIRECTION ( 'NONE',  ( 1.000000000000000000, -0.000000000000000000, 0.000000000000000000 ) ) ;
#5022 = VECTOR ( 'NONE', #397, 1000.000000000000000 ) ;
#5023 = ADVANCED_FACE ( 'NONE', ( #7432 ), #5485, .T. ) ;
#5024 = DIRECTION ( 'NONE',  ( 8.659560562354892183E-17, 0.7071067811865507924, -0.7071067811865441310 ) ) ;
#5025 = CARTESIAN_POINT ( 'NONE',  ( -33.64999999999999858, 9.496152422706655827, -1.849999999999995648 ) ) ;
#5026 = CARTESIAN_POINT ( 'NONE',  ( 75.44999999999998863, 2.000000000000000000, -75.44999999999998863 ) ) ;
#5027 = EDGE_CURVE ( 'NONE', #6119, #7213, #8211, .T. ) ;
#5028 = VECTOR ( 'NONE', #7940, 1000.000000000000114 ) ;
#5029 = DIRECTION ( 'NONE',  ( 0.000000000000000000, 0.000000000000000000, -1.000000000000000000 ) ) ;
#5030 = CARTESIAN_POINT ( 'NONE',  ( 2.639991237787759903, 10.29999999999999893, -82.46643970741001795 ) ) ;
#5031 = ORIENTED_EDGE ( 'NONE', *, *, #1480, .F. ) ;
#5032 = PLANE ( 'NONE',  #1691 ) ;
#5033 = LINE ( 'NONE', #1717, #5577 ) ;
#5034 = DIRECTION ( 'NONE',  ( 0.3753200180359992921, 0.000000000000000000, 0.9268952929330569468 ) ) ;
#5035 = DIRECTION ( 'NONE',  ( 0.000000000000000000, 0.000000000000000000, -1.000000000000000000 ) ) ;
#5036 = CARTESIAN_POINT ( 'NONE',  ( 0.000000000000000000, 10.30000000000000071, -101.0089619877773117 ) ) ;
#5037 = VERTEX_POINT ( 'NONE', #593 ) ;
#5038 = EDGE_LOOP ( 'NONE', ( #7803, #2345, #8759, #8164 ) ) ;
#5039 = FACE_OUTER_BOUND ( 'NONE', #8610, .T. ) ;
#5040 = CARTESIAN_POINT ( 'NONE',  ( 33.55000000000007532, 4.299999999999999822, 36.64999999999999858 ) ) ;
#5041 = ORIENTED_EDGE ( 'NONE', *, *, #8627, .T. ) ;
#5042 = VERTEX_POINT ( 'NONE', #5439 ) ;
#5043 = CARTESIAN_POINT ( 'NONE',  ( -47.29999999999949978, 10.90000000000000568, -47.30000000000048033 ) ) ;
#5044 = CARTESIAN_POINT ( 'NONE',  ( -71.86523063261998345, 16.00000000000000000, 117.0000000000000000 ) ) ;
#5045 = CARTESIAN_POINT ( 'NONE',  ( -4.670851650850432080, 10.30000000000000071, -82.87780048377757680 ) ) ;
#5046 = DIRECTION ( 'NONE',  ( 1.485049524645741972E-16, 0.000000000000000000, -1.000000000000000000 ) ) ;
#5047 = ORIENTED_EDGE ( 'NONE', *, *, #6510, .T. ) ;
#5048 = ORIENTED_EDGE ( 'NONE', *, *, #7562, .T. ) ;
#5049 = CARTESIAN_POINT ( 'NONE',  ( -38.64999999999999858, -312.4838379715732799, -38.64999999999999858 ) ) ;
#5050 = EDGE_CURVE ( 'NONE', #1807, #7211, #1996, .T. ) ;
#5051 = DIRECTION ( 'NONE',  ( 1.000000000000000000, 0.000000000000000000, -0.000000000000000000 ) ) ;
#5052 = VERTEX_POINT ( 'NONE', #4083 ) ;
#5053 = DIRECTION ( 'NONE',  ( -0.000000000000000000, 1.000000000000000000, -0.000000000000000000 ) ) ;
#5054 = CARTESIAN_POINT ( 'NONE',  ( 31.75400000000001910, 10.30000000000000071, -81.16896198777732252 ) ) ;
#5055 = CARTESIAN_POINT ( 'NONE',  ( -75.83178486006363528, 12.29999999999999893, -91.35224062525306010 ) ) ;
#5056 = ORIENTED_EDGE ( 'NONE', *, *, #43, .F. ) ;
#5057 = ORIENTED_EDGE ( 'NONE', *, *, #7988, .F. ) ;
#5058 = VECTOR ( 'NONE', #7280, 999.9999999999998863 ) ;
#5059 = PLANE ( 'NONE',  #2692 ) ;
#5060 = ADVANCED_FACE ( 'NONE', ( #5669 ), #2222, .T. ) ;
#5061 = DIRECTION ( 'NONE',  ( 0.000000000000000000, 0.000000000000000000, 1.000000000000000000 ) ) ;
#5062 = VECTOR ( 'NONE', #6674, 1000.000000000000000 ) ;
#5063 = DIRECTION ( 'NONE',  ( 0.000000000000000000, 1.000000000000000000, -0.000000000000000000 ) ) ;
#5064 = DIRECTION ( 'NONE',  ( 1.000000000000000000, 0.000000000000000000, 0.000000000000000000 ) ) ;
#5065 = AXIS2_PLACEMENT_3D ( 'NONE', #53, #7059, #2258 ) ;
#5066 = LINE ( 'NONE', #933, #7237 ) ;
#5067 = EDGE_CURVE ( 'NONE', #2316, #4037, #2082, .T. ) ;
#5068 = CARTESIAN_POINT ( 'NONE',  ( -60.12300000000001887, 12.30000000000000071, -95.76896198777731684 ) ) ;
#5069 = VECTOR ( 'NONE', #57, 1000.000000000000114 ) ;
#5070 = ORIENTED_EDGE ( 'NONE', *, *, #8477, .F. ) ;
#5071 = DIRECTION ( 'NONE',  ( -0.000000000000000000, 1.000000000000000000, -0.000000000000000000 ) ) ;
#5072 = LINE ( 'NONE', #3080, #2100 ) ;
#5073 = CARTESIAN_POINT ( 'NONE',  ( -116.9999999999999858, 0.000000000000000000, 107.0000000000000000 ) ) ;
#5074 = DIRECTION ( 'NONE',  ( -0.000000000000000000, 1.000000000000000000, -0.000000000000000000 ) ) ;
#5075 = DIRECTION ( 'NONE',  ( 0.000000000000000000, 0.000000000000000000, 1.000000000000000000 ) ) ;
#5076 = CARTESIAN_POINT ( 'NONE',  ( 55.92800000000000438, 10.29999999999999893, -88.20896198777730035 ) ) ;
#5077 = EDGE_CURVE ( 'NONE', #3222, #261, #8354, .T. ) ;
#5078 = ORIENTED_EDGE ( 'NONE', *, *, #7192, .F. ) ;
#5079 = ORIENTED_EDGE ( 'NONE', *, *, #8177, .T. ) ;
#5080 = CARTESIAN_POINT ( 'NONE',  ( -38.64999999999999147, -312.4838379715732799, -6.849999999999996980 ) ) ;
#5081 = CARTESIAN_POINT ( 'NONE',  ( -93.45000000000003126, -0.000000000000000000, 88.44999999999997442 ) ) ;
#5082 = ORIENTED_EDGE ( 'NONE', *, *, #1775, .T. ) ;
#5083 = EDGE_CURVE ( 'NONE', #1947, #1361, #8570, .T. ) ;
#5084 = ORIENTED_EDGE ( 'NONE', *, *, #7542, .F. ) ;
#5085 = DIRECTION ( 'NONE',  ( 0.000000000000000000, 1.000000000000000000, 0.000000000000000000 ) ) ;
#5086 = LINE ( 'NONE', #6563, #2393 ) ;
#5087 = CARTESIAN_POINT ( 'NONE',  ( -2.125473691153650257, 12.30000000000000249, -81.19391881495897678 ) ) ;
#5088 = DIRECTION ( 'NONE',  ( -1.000000000000000000, 0.000000000000000000, -6.484947573745073354E-17 ) ) ;
#5089 = VECTOR ( 'NONE', #697, 999.9999999999998863 ) ;
#5090 = CARTESIAN_POINT ( 'NONE',  ( -109.7718007376454352, 2.000000000000000000, -1.366881792659249944E-14 ) ) ;
#5091 = ORIENTED_EDGE ( 'NONE', *, *, #6590, .T. ) ;
#5092 = ORIENTED_EDGE ( 'NONE', *, *, #6709, .F. ) ;
#5093 = DIRECTION ( 'NONE',  ( 0.000000000000000000, 0.000000000000000000, -1.000000000000000000 ) ) ;
#5094 = CIRCLE ( 'NONE', #5287, 4.699999999999981526 ) ;
#5095 = DIRECTION ( 'NONE',  ( 2.182042108146926555E-16, 0.000000000000000000, 1.000000000000000000 ) ) ;
#5096 = ORIENTED_EDGE ( 'NONE', *, *, #4334, .F. ) ;
#5097 = AXIS2_PLACEMENT_3D ( 'NONE', #1213, #7576, #8257 ) ;
#5098 = FACE_OUTER_BOUND ( 'NONE', #6722, .T. ) ;
#5099 = LINE ( 'NONE', #4504, #8903 ) ;
#5100 = DIRECTION ( 'NONE',  ( 0.000000000000000000, 0.000000000000000000, 1.000000000000000000 ) ) ;
#5101 = VERTEX_POINT ( 'NONE', #772 ) ;
#5102 = ORIENTED_EDGE ( 'NONE', *, *, #6608, .T. ) ;
#5103 = EDGE_CURVE ( 'NONE', #8424, #3425, #3665, .T. ) ;
#5104 = VECTOR ( 'NONE', #4173, 1000.000000000000000 ) ;
#5105 = DIRECTION ( 'NONE',  ( 0.000000000000000000, 0.000000000000000000, 1.000000000000000000 ) ) ;
#5106 = EDGE_CURVE ( 'NONE', #3050, #4930, #7801, .T. ) ;
#5107 = VECTOR ( 'NONE', #3777, 999.9999999999998863 ) ;
#5108 = AXIS2_PLACEMENT_3D ( 'NONE', #3739, #5186, #297 ) ;
#5109 = CARTESIAN_POINT ( 'NONE',  ( -87.28513033663195131, 12.30000000000000071, -80.84906279341338120 ) ) ;
#5110 = CARTESIAN_POINT ( 'NONE',  ( 91.73046126523996691, 20.00000000000000000, -117.0000000000000000 ) ) ;
#5111 = CARTESIAN_POINT ( 'NONE',  ( -111.9999999999999858, -247.2515920719879432, 32.89100277204316569 ) ) ;
#5112 = CARTESIAN_POINT ( 'NONE',  ( 0.000000000000000000, 2.000000000000000000, 83.77180073764539259 ) ) ;
#5113 = CARTESIAN_POINT ( 'NONE',  ( -83.83282401281331886, 10.29999999999999893, -101.0089619888198342 ) ) ;
#5114 = ORIENTED_EDGE ( 'NONE', *, *, #3104, .T. ) ;
#5115 = LINE ( 'NONE', #6594, #8926 ) ;
#5116 = CARTESIAN_POINT ( 'NONE',  ( 77.13569464698541367, 10.30000000000000071, -35.54799350621698295 ) ) ;
#5117 = LINE ( 'NONE', #3118, #2309 ) ;
#5118 = CARTESIAN_POINT ( 'NONE',  ( -101.4500000000000171, 2.000000000000000000, -101.4500000000000171 ) ) ;
#5119 = DIRECTION ( 'NONE',  ( 0.000000000000000000, -0.000000000000000000, 1.000000000000000000 ) ) ;
#5120 = DIRECTION ( 'NONE',  ( -1.000000000000000000, 0.000000000000000000, 0.000000000000000000 ) ) ;
#5121 = EDGE_CURVE ( 'NONE', #261, #4077, #1457, .T. ) ;
#5122 = VERTEX_POINT ( 'NONE', #7712 ) ;
#5123 = ADVANCED_FACE ( 'NONE', ( #6340 ), #2866, .F. ) ;
#5124 = ORIENTED_EDGE ( 'NONE', *, *, #5083, .T. ) ;
#5125 = DIRECTION ( 'NONE',  ( 0.000000000000000000, 1.000000000000000000, -0.000000000000000000 ) ) ;
#5126 = ORIENTED_EDGE ( 'NONE', *, *, #5299, .F. ) ;
#5127 = EDGE_CURVE ( 'NONE', #8019, #7870, #5627, .T. ) ;
#5128 = EDGE_CURVE ( 'NONE', #468, #6224, #3202, .T. ) ;
#5129 = EDGE_LOOP ( 'NONE', ( #5267, #7571, #3772, #4098, #4860, #2694, #5912, #730, #4701, #1439, #8314, #8880 ) ) ;
#5130 = DIRECTION ( 'NONE',  ( 0.000000000000000000, 0.000000000000000000, 1.000000000000000000 ) ) ;
#5131 = LINE ( 'NONE', #7985, #7171 ) ;
#5132 = CARTESIAN_POINT ( 'NONE',  ( -5.039999999999968061, 12.30000000000000249, -83.23896198777730149 ) ) ;
#5133 = LINE ( 'NONE', #963, #6963 ) ;
#5134 = VERTEX_POINT ( 'NONE', #8440 ) ;
#5135 = EDGE_LOOP ( 'NONE', ( #7991, #8635, #1097, #5629 ) ) ;
#5136 = PLANE ( 'NONE',  #3259 ) ;
#5137 = EDGE_CURVE ( 'NONE', #7750, #3271, #233, .T. ) ;
#5138 = DIRECTION ( 'NONE',  ( -0.000000000000000000, -1.000000000000000000, -0.000000000000000000 ) ) ;
#5139 = ORIENTED_EDGE ( 'NONE', *, *, #3031, .F. ) ;
#5140 = LINE ( 'NONE', #7177, #969 ) ;
#5141 = CARTESIAN_POINT ( 'NONE',  ( 0.000000000000000000, 2.000000000000000000, 0.000000000000000000 ) ) ;
#5142 = DIRECTION ( 'NONE',  ( -1.000000000000000000, 0.000000000000000000, 0.000000000000000000 ) ) ;
#5143 = EDGE_LOOP ( 'NONE', ( #6906, #3803, #5969, #6625 ) ) ;
#5144 = ORIENTED_EDGE ( 'NONE', *, *, #7190, .T. ) ;
#5145 = AXIS2_PLACEMENT_3D ( 'NONE', #4262, #7016, #7202 ) ;
#5146 = VECTOR ( 'NONE', #2470, 1000.000000000000227 ) ;
#5147 = DIRECTION ( 'NONE',  ( -0.3994171850752217812, 0.000000000000000000, 0.9167692797354120016 ) ) ;
#5148 = AXIS2_PLACEMENT_3D ( 'NONE', #6283, #2171, #6927 ) ;
#5149 = VECTOR ( 'NONE', #814, 1000.000000000000000 ) ;
#5150 = CARTESIAN_POINT ( 'NONE',  ( -91.01921363451414493, 12.29999999999999893, -77.43007272092579285 ) ) ;
#5151 = VECTOR ( 'NONE', #8691, 1000.000000000000000 ) ;
#5152 = CARTESIAN_POINT ( 'NONE',  ( -117.0000000000003268, 16.00000000000000000, -89.86523063261958555 ) ) ;
#5153 = VECTOR ( 'NONE', #8499, 1000.000000000000000 ) ;
#5154 = DIRECTION ( 'NONE',  ( -0.8660254037844393737, -0.4999999999999987788, 9.692352249917193466E-16 ) ) ;
#5155 = DIRECTION ( 'NONE',  ( -0.000000000000000000, 0.000000000000000000, -1.000000000000000000 ) ) ;
#5156 = AXIS2_PLACEMENT_3D ( 'NONE', #4693, #6006, #3883 ) ;
#5157 = CARTESIAN_POINT ( 'NONE',  ( -90.06554416985633793, 10.29999999999999893, -77.09853245372090669 ) ) ;
#5158 = AXIS2_PLACEMENT_3D ( 'NONE', #7786, #2799, #8329 ) ;
#5159 = ORIENTED_EDGE ( 'NONE', *, *, #6420, .T. ) ;
#5160 = CARTESIAN_POINT ( 'NONE',  ( -30.49899999999998101, 12.30000000000000071, -101.0089619877772975 ) ) ;
#5161 = ADVANCED_FACE ( 'NONE', ( #4310 ), #1550, .F. ) ;
#5162 = CARTESIAN_POINT ( 'NONE',  ( -111.9999999999999716, 16.00000000000001421, -107.0000000000000284 ) ) ;
#5163 = DIRECTION ( 'NONE',  ( 1.475563774321965542E-15, -0.9063077870366512689, 0.4226182617406967212 ) ) ;
#5164 = LINE ( 'NONE', #2353, #7058 ) ;
#5165 = CARTESIAN_POINT ( 'NONE',  ( 117.0000000000000142, 20.00000000000000000, -107.0000000000000284 ) ) ;
#5166 = ADVANCED_FACE ( 'NONE', ( #2135 ), #1499, .T. ) ;
#5167 = VERTEX_POINT ( 'NONE', #7019 ) ;
#5168 = VERTEX_POINT ( 'NONE', #189 ) ;
#5169 = LINE ( 'NONE', #3761, #2833 ) ;
#5170 = ORIENTED_EDGE ( 'NONE', *, *, #8357, .T. ) ;
#5171 = VERTEX_POINT ( 'NONE', #2812 ) ;
#5172 = DIRECTION ( 'NONE',  ( 0.000000000000000000, 0.000000000000000000, -1.000000000000000000 ) ) ;
#5173 = CARTESIAN_POINT ( 'NONE',  ( -28.41899999999997917, 12.30000000000000071, -88.16396198777729865 ) ) ;
#5174 = CARTESIAN_POINT ( 'NONE',  ( -4.102756319501140503, 10.30000000000000071, -82.37800213914850644 ) ) ;
#5175 = CARTESIAN_POINT ( 'NONE',  ( 0.000000000000000000, 10.30000000000000071, 0.000000000000000000 ) ) ;
#5176 = EDGE_CURVE ( 'NONE', #8167, #1774, #816, .T. ) ;
#5177 = ORIENTED_EDGE ( 'NONE', *, *, #6762, .T. ) ;
#5178 = VERTEX_POINT ( 'NONE', #4174 ) ;
#5179 = EDGE_CURVE ( 'NONE', #8914, #3685, #2950, .T. ) ;
#5180 = AXIS2_PLACEMENT_3D ( 'NONE', #1631, #861, #5799 ) ;
#5181 = DIRECTION ( 'NONE',  ( 0.000000000000000000, 0.000000000000000000, -1.000000000000000000 ) ) ;
#5182 = DIRECTION ( 'NONE',  ( 0.000000000000000000, 0.000000000000000000, 1.000000000000000000 ) ) ;
#5183 = ORIENTED_EDGE ( 'NONE', *, *, #1418, .T. ) ;
#5184 = CARTESIAN_POINT ( 'NONE',  ( -117.0000000000003268, 16.00000000000000000, -89.86523063261958555 ) ) ;
#5185 = DIRECTION ( 'NONE',  ( 0.000000000000000000, -0.000000000000000000, -1.000000000000000000 ) ) ;
#5186 = DIRECTION ( 'NONE',  ( 0.7660444431189705750, -0.6427876096865482447, 0.000000000000000000 ) ) ;
#5187 = VERTEX_POINT ( 'NONE', #727 ) ;
#5188 = VERTEX_POINT ( 'NONE', #60 ) ;
#5189 = EDGE_CURVE ( 'NONE', #5187, #7875, #6248, .T. ) ;
#5190 = CARTESIAN_POINT ( 'NONE',  ( -91.54620967144407473, 12.29999999999999893, -100.8211633619222738 ) ) ;
#5191 = DIRECTION ( 'NONE',  ( 0.000000000000000000, 1.000000000000000000, 0.000000000000000000 ) ) ;
#5192 = CARTESIAN_POINT ( 'NONE',  ( 107.0000000000000426, 16.00000000000001421, -112.0000000000000000 ) ) ;
#5193 = EDGE_CURVE ( 'NONE', #2955, #2798, #4478, .T. ) ;
#5194 = CARTESIAN_POINT ( 'NONE',  ( -7.485436169623046254, 12.30000000000000071, -97.50522010691290120 ) ) ;
#5195 = DIRECTION ( 'NONE',  ( -1.000000000000000000, -0.000000000000000000, -0.000000000000000000 ) ) ;
#5196 = AXIS2_PLACEMENT_3D ( 'NONE', #2191, #3548, #120 ) ;
#5197 = CARTESIAN_POINT ( 'NONE',  ( -92.88047223632257499, 12.30000000000000071, -78.52511585883341638 ) ) ;
#5198 = ORIENTED_EDGE ( 'NONE', *, *, #4737, .T. ) ;
#5199 = FACE_OUTER_BOUND ( 'NONE', #384, .T. ) ;
#5200 = CARTESIAN_POINT ( 'NONE',  ( 0.000000000000000000, 12.30000000000000071, 0.000000000000000000 ) ) ;
#5201 = DIRECTION ( 'NONE',  ( -0.000000000000000000, 1.000000000000000000, -0.000000000000000000 ) ) ;
#5202 = LINE ( 'NONE', #5073, #374 ) ;
#5203 = LINE ( 'NONE', #8474, #402 ) ;
#5204 = CARTESIAN_POINT ( 'NONE',  ( 52.65800000000000836, 12.30000000000000071, -84.68896198777730433 ) ) ;
#5205 = ORIENTED_EDGE ( 'NONE', *, *, #7988, .T. ) ;
#5206 = ORIENTED_EDGE ( 'NONE', *, *, #3574, .T. ) ;
#5207 = CARTESIAN_POINT ( 'NONE',  ( 70.00000000000000000, 20.00000000000000000, 117.0000000000000000 ) ) ;
#5208 = ORIENTED_EDGE ( 'NONE', *, *, #8066, .T. ) ;
#5209 = EDGE_CURVE ( 'NONE', #2064, #1036, #1033, .T. ) ;
#5210 = VERTEX_POINT ( 'NONE', #3800 ) ;
#5211 = CARTESIAN_POINT ( 'NONE',  ( -0.7929007645955813421, 12.30000000000000249, -80.85178374062280682 ) ) ;
#5212 = CARTESIAN_POINT ( 'NONE',  ( 88.31216542597195485, 10.30000000000000071, -96.52896198777732195 ) ) ;
#5213 = CARTESIAN_POINT ( 'NONE',  ( -81.14469960853088537, 10.30000000000000071, -93.21201394122628869 ) ) ;
#5214 = CARTESIAN_POINT ( 'NONE',  ( 0.5100000000000329825, 10.30000000000000071, -97.16896198777732252 ) ) ;
#5215 = VERTEX_POINT ( 'NONE', #3167 ) ;
#5216 = EDGE_LOOP ( 'NONE', ( #6404, #8342, #4909, #3718 ) ) ;
#5217 = CARTESIAN_POINT ( 'NONE',  ( -2.759999999999963816, 10.30000000000000071, -87.84396198777731968 ) ) ;
#5218 = LINE ( 'NONE', #7308, #670 ) ;
#5219 = ORIENTED_EDGE ( 'NONE', *, *, #2868, .T. ) ;
#5220 = FACE_OUTER_BOUND ( 'NONE', #8571, .T. ) ;
#5221 = CIRCLE ( 'NONE', #1315, 8.321800737645393298 ) ;
#5222 = LINE ( 'NONE', #1014, #3793 ) ;
#5223 = DIRECTION ( 'NONE',  ( 1.000000000000000000, 0.000000000000000000, 0.000000000000000000 ) ) ;
#5224 = ORIENTED_EDGE ( 'NONE', *, *, #5271, .F. ) ;
#5225 = ORIENTED_EDGE ( 'NONE', *, *, #2257, .T. ) ;
#5226 = CIRCLE ( 'NONE', #1170, 8.321800737645393298 ) ;
#5227 = AXIS2_PLACEMENT_3D ( 'NONE', #1513, #7036, #161 ) ;
#5228 = DIRECTION ( 'NONE',  ( 1.475563774321965542E-15, -0.9063077870366512689, 0.4226182617406967212 ) ) ;
#5229 = DIRECTION ( 'NONE',  ( -0.000000000000000000, -1.000000000000000000, -0.000000000000000000 ) ) ;
#5230 = CARTESIAN_POINT ( 'NONE',  ( -116.9999999999999858, 20.00000000000000000, -107.0000000000000284 ) ) ;
#5231 = ADVANCED_FACE ( 'NONE', ( #6553 ), #6352, .T. ) ;
#5232 = CARTESIAN_POINT ( 'NONE',  ( 89.86523063261998345, 15.99999999999995914, -112.0000000000000000 ) ) ;
#5233 = AXIS2_PLACEMENT_3D ( 'NONE', #3572, #1346, #4115 ) ;
#5234 = CARTESIAN_POINT ( 'NONE',  ( -67.59863898960414019, 12.30000000000000071, 0.000000000000000000 ) ) ;
#5235 = UNCERTAINTY_MEASURE_WITH_UNIT (LENGTH_MEASURE( 1.000000000000000082E-05 ), #7887, 'distance_accuracy_value', 'NONE');
#5236 = ORIENTED_EDGE ( 'NONE', *, *, #42, .T. ) ;
#5237 = CIRCLE ( 'NONE', #2937, 9.999999999999980460 ) ;
#5238 = LINE ( 'NONE', #7883, #6506 ) ;
#5239 = ORIENTED_EDGE ( 'NONE', *, *, #2569, .T. ) ;
#5240 = DIRECTION ( 'NONE',  ( -1.000000000000000000, 0.000000000000000000, 1.782506277851184632E-16 ) ) ;
#5241 = CARTESIAN_POINT ( 'NONE',  ( -5.558861535925204045, 10.30000000000000249, -77.88509691832013004 ) ) ;
#5242 = CARTESIAN_POINT ( 'NONE',  ( 51.12361572931513365, 10.30000000000000071, -78.07069363223423863 ) ) ;
#5243 = DIRECTION ( 'NONE',  ( 0.000000000000000000, 0.7660444431189704639, 0.6427876096865483557 ) ) ;
#5244 = LINE ( 'NONE', #5839, #6498 ) ;
#5245 = ORIENTED_EDGE ( 'NONE', *, *, #1617, .T. ) ;
#5246 = ORIENTED_EDGE ( 'NONE', *, *, #7047, .F. ) ;
#5247 = CARTESIAN_POINT ( 'NONE',  ( -60.12300000000001887, 10.30000000000000071, -95.76896198777731684 ) ) ;
#5248 = ORIENTED_EDGE ( 'NONE', *, *, #2055, .F. ) ;
#5249 = EDGE_LOOP ( 'NONE', ( #5338, #1076, #3496, #2934, #4827, #3517, #8688, #3468 ) ) ;
#5250 = DIRECTION ( 'NONE',  ( 0.000000000000000000, 0.000000000000000000, 1.000000000000000000 ) ) ;
#5251 = EDGE_CURVE ( 'NONE', #3358, #2237, #863, .T. ) ;
#5252 = CARTESIAN_POINT ( 'NONE',  ( 55.92800000000000438, 12.30000000000000071, -81.16896198777732252 ) ) ;
#5253 = CARTESIAN_POINT ( 'NONE',  ( -97.54709531149960355, 12.30000000000000071, -74.77112221265458913 ) ) ;
#5254 = FACE_OUTER_BOUND ( 'NONE', #6786, .T. ) ;
#5255 = ORIENTED_EDGE ( 'NONE', *, *, #1233, .T. ) ;
#5256 = EDGE_CURVE ( 'NONE', #8308, #4872, #2308, .T. ) ;
#5257 = VERTEX_POINT ( 'NONE', #2437 ) ;
#5258 = FACE_OUTER_BOUND ( 'NONE', #668, .T. ) ;
#5259 = DIRECTION ( 'NONE',  ( 0.000000000000000000, 0.000000000000000000, -1.000000000000000000 ) ) ;
#5260 = ORIENTED_EDGE ( 'NONE', *, *, #849, .F. ) ;
#5261 = DIRECTION ( 'NONE',  ( -0.000000000000000000, 0.000000000000000000, -1.000000000000000000 ) ) ;
#5262 = CARTESIAN_POINT ( 'NONE',  ( 109.7718007376454210, 2.000000000000000000, 0.000000000000000000 ) ) ;
#5263 = ADVANCED_FACE ( 'NONE', ( #946 ), #4526, .T. ) ;
#5264 = CARTESIAN_POINT ( 'NONE',  ( -82.75738197924864892, 10.29999999999999893, -95.58057037388176980 ) ) ;
#5265 = CARTESIAN_POINT ( 'NONE',  ( 107.0000000000000426, 12.29999999999997762, -112.0000000000000000 ) ) ;
#5266 = ORIENTED_EDGE ( 'NONE', *, *, #7790, .F. ) ;
#5267 = ORIENTED_EDGE ( 'NONE', *, *, #8422, .T. ) ;
#5268 = CARTESIAN_POINT ( 'NONE',  ( -92.88047223632257499, 10.29999999999999893, -78.52511585883341638 ) ) ;
#5269 = DIRECTION ( 'NONE',  ( 1.000000000000000000, 0.000000000000000000, -9.351609034915406741E-17 ) ) ;
#5270 = DIRECTION ( 'NONE',  ( 0.000000000000000000, 0.000000000000000000, 1.000000000000000000 ) ) ;
#5271 = EDGE_CURVE ( 'NONE', #2302, #7484, #1633, .T. ) ;
#5272 = AXIS2_PLACEMENT_3D ( 'NONE', #8012, #4560, #7973 ) ;
#5273 = CARTESIAN_POINT ( 'NONE',  ( -4.599685496743295410, 12.30000000000000249, -77.44608715465163584 ) ) ;
#5274 = AXIS2_PLACEMENT_3D ( 'NONE', #5510, #5465, #8238 ) ;
#5275 = CARTESIAN_POINT ( 'NONE',  ( -81.17482488493389781, 10.29999999999999893, -100.1479403966633157 ) ) ;
#5276 = EDGE_CURVE ( 'NONE', #8738, #5178, #5244, .T. ) ;
#5277 = VECTOR ( 'NONE', #3616, 1000.000000000000114 ) ;
#5278 = ORIENTED_EDGE ( 'NONE', *, *, #6310, .F. ) ;
#5279 = ADVANCED_FACE ( 'NONE', ( #8605 ), #3749, .F. ) ;
#5280 = AXIS2_PLACEMENT_3D ( 'NONE', #7130, #5005, #8542 ) ;
#5281 = CARTESIAN_POINT ( 'NONE',  ( -0.4149999999999675060, 12.30000000000000249, -80.84896198777731513 ) ) ;
#5282 = ORIENTED_EDGE ( 'NONE', *, *, #6222, .T. ) ;
#5283 = DIRECTION ( 'NONE',  ( -0.000000000000000000, -1.000000000000000000, -0.000000000000000000 ) ) ;
#5284 = AXIS2_PLACEMENT_3D ( 'NONE', #796, #7002, #6321 ) ;
#5285 = PLANE ( 'NONE',  #7307 ) ;
#5286 = DIRECTION ( 'NONE',  ( -3.164356725686685084E-15, -0.4226182617406967212, -0.9063077870366512689 ) ) ;
#5287 = AXIS2_PLACEMENT_3D ( 'NONE', #4715, #8940, #6796 ) ;
#5288 = VECTOR ( 'NONE', #4045, 1000.000000000000000 ) ;
#5289 = FACE_OUTER_BOUND ( 'NONE', #4547, .T. ) ;
#5290 = VECTOR ( 'NONE', #2488, 1000.000000000000000 ) ;
#5291 = CARTESIAN_POINT ( 'NONE',  ( -101.4500000000000597, 2.000000000000000000, 109.7718007376453784 ) ) ;
#5292 = EDGE_CURVE ( 'NONE', #640, #7982, #8524, .T. ) ;
#5293 = EDGE_CURVE ( 'NONE', #4930, #3252, #7151, .T. ) ;
#5294 = VECTOR ( 'NONE', #4161, 1000.000000000000227 ) ;
#5295 = EDGE_LOOP ( 'NONE', ( #166, #6997, #8326, #2334 ) ) ;
#5296 = CARTESIAN_POINT ( 'NONE',  ( 51.00408128352539450, 12.30000000000000071, -91.11879411823714747 ) ) ;
#5297 = VERTEX_POINT ( 'NONE', #7933 ) ;
#5298 = ORIENTED_EDGE ( 'NONE', *, *, #6884, .T. ) ;
#5299 = EDGE_CURVE ( 'NONE', #6795, #479, #275, .T. ) ;
#5300 = DIRECTION ( 'NONE',  ( -0.000000000000000000, 1.000000000000000000, -0.000000000000000000 ) ) ;
#5301 = EDGE_CURVE ( 'NONE', #3804, #1893, #7247, .T. ) ;
#5302 = CARTESIAN_POINT ( 'NONE',  ( 52.66368854577712710, 12.29999999999999893, -84.18746435361133251 ) ) ;
#5303 = AXIS2_PLACEMENT_3D ( 'NONE', #6368, #172, #5061 ) ;
#5304 = CARTESIAN_POINT ( 'NONE',  ( -5.910766772914516132, 12.30000000000000249, -90.05637986421932339 ) ) ;
#5305 = DIRECTION ( 'NONE',  ( 0.000000000000000000, -1.000000000000000000, 0.000000000000000000 ) ) ;
#5306 = VECTOR ( 'NONE', #5009, 1000.000000000000000 ) ;
#5307 = VERTEX_POINT ( 'NONE', #7890 ) ;
#5308 = ORIENTED_EDGE ( 'NONE', *, *, #2455, .T. ) ;
#5309 = DIRECTION ( 'NONE',  ( 1.000000000000000000, 0.000000000000000000, 0.000000000000000000 ) ) ;
#5310 = CARTESIAN_POINT ( 'NONE',  ( 84.77700000000005787, 10.30000000000000071, -82.87396198777733503 ) ) ;
#5311 = ORIENTED_EDGE ( 'NONE', *, *, #527, .F. ) ;
#5312 = DIRECTION ( 'NONE',  ( 0.000000000000000000, 0.000000000000000000, -1.000000000000000000 ) ) ;
#5313 = DIRECTION ( 'NONE',  ( 1.000000000000000000, -0.000000000000000000, 0.000000000000000000 ) ) ;
#5314 = DIRECTION ( 'NONE',  ( -0.000000000000000000, 1.000000000000000000, -0.000000000000000000 ) ) ;
#5315 = CARTESIAN_POINT ( 'NONE',  ( -62.97983683608704553, -312.4838379715732799, 6.850000000000004974 ) ) ;
#5316 = LINE ( 'NONE', #5784, #4075 ) ;
#5317 = VERTEX_POINT ( 'NONE', #8248 ) ;
#5318 = ORIENTED_EDGE ( 'NONE', *, *, #196, .T. ) ;
#5319 = EDGE_CURVE ( 'NONE', #7825, #7039, #2449, .T. ) ;
#5320 = CARTESIAN_POINT ( 'NONE',  ( -93.39200000000002433, 12.30000000000000071, -100.2039619877773049 ) ) ;
#5321 = DIRECTION ( 'NONE',  ( 0.000000000000000000, 0.000000000000000000, 1.000000000000000000 ) ) ;
#5322 = ORIENTED_EDGE ( 'NONE', *, *, #1348, .F. ) ;
#5323 = CARTESIAN_POINT ( 'NONE',  ( -6.991571144026765161, 10.30000000000000071, -91.35072794533822105 ) ) ;
#5324 = CARTESIAN_POINT ( 'NONE',  ( 51.41709520669376587, 10.30000000000000071, -91.35485734024790361 ) ) ;
#5325 = PLANE ( 'NONE',  #6941 ) ;
#5326 = ORIENTED_EDGE ( 'NONE', *, *, #1903, .F. ) ;
#5327 = CARTESIAN_POINT ( 'NONE',  ( -101.4500000000000313, 2.000000000000000000, -101.4500000000000171 ) ) ;
#5328 = ORIENTED_EDGE ( 'NONE', *, *, #2087, .F. ) ;
#5329 = CARTESIAN_POINT ( 'NONE',  ( -1.711912807537499415, 10.30000000000000249, -96.81965546741596995 ) ) ;
#5330 = LINE ( 'NONE', #6681, #6865 ) ;
#5331 = DIRECTION ( 'NONE',  ( -2.036359179429854203E-16, 0.000000000000000000, -1.000000000000000000 ) ) ;
#5332 = CARTESIAN_POINT ( 'NONE',  ( 7.558137635452819580, 12.30000000000000071, -82.77228271876775523 ) ) ;
#5333 = FACE_OUTER_BOUND ( 'NONE', #6047, .T. ) ;
#5334 = AXIS2_PLACEMENT_3D ( 'NONE', #1889, #1300, #2028 ) ;
#5335 = CARTESIAN_POINT ( 'NONE',  ( -8.047412238656935557, 12.29999999999999893, -95.18347898677946262 ) ) ;
#5336 = CARTESIAN_POINT ( 'NONE',  ( 49.45312934230177859, 12.30000000000000071, -89.71248939521396437 ) ) ;
#5337 = ORIENTED_EDGE ( 'NONE', *, *, #4409, .F. ) ;
#5338 = ORIENTED_EDGE ( 'NONE', *, *, #6033, .F. ) ;
#5339 = CARTESIAN_POINT ( 'NONE',  ( 36.42900000000000915, 10.30000000000000071, 0.000000000000000000 ) ) ;
#5340 = EDGE_CURVE ( 'NONE', #5760, #1635, #1202, .T. ) ;
#5341 = CARTESIAN_POINT ( 'NONE',  ( -64.40800000000001546, 10.30000000000000071, 0.000000000000000000 ) ) ;
#5342 = AXIS2_PLACEMENT_3D ( 'NONE', #6507, #8558, #8643 ) ;
#5343 = CARTESIAN_POINT ( 'NONE',  ( -6.991571144026765161, 12.30000000000000249, -91.35072794533822105 ) ) ;
#5344 = CARTESIAN_POINT ( 'NONE',  ( 59.99800000000000466, 12.30000000000000071, -88.20896198777730035 ) ) ;
#5345 = ORIENTED_EDGE ( 'NONE', *, *, #1406, .T. ) ;
#5346 = AXIS2_PLACEMENT_3D ( 'NONE', #3576, #7012, #5029 ) ;
#5347 = ORIENTED_EDGE ( 'NONE', *, *, #3454, .F. ) ;
#5348 = FACE_OUTER_BOUND ( 'NONE', #820, .T. ) ;
#5349 = DIRECTION ( 'NONE',  ( 0.000000000000000000, 0.000000000000000000, -1.000000000000000000 ) ) ;
#5350 = ORIENTED_EDGE ( 'NONE', *, *, #2868, .F. ) ;
#5351 = CARTESIAN_POINT ( 'NONE',  ( 0.000000000000000000, 2.000000000000000000, 0.000000000000000000 ) ) ;
#5352 = CIRCLE ( 'NONE', #1460, 9.999999999999980460 ) ;
#5353 = CARTESIAN_POINT ( 'NONE',  ( 47.84799999999999898, 10.30000000000000071, -84.34896198777730092 ) ) ;
#5354 = CARTESIAN_POINT ( 'NONE',  ( -1.244999999999968354, 12.30000000000000071, -92.09896198777731513 ) ) ;
#5355 = CARTESIAN_POINT ( 'NONE',  ( -3.594206564539005555, 10.30000000000000249, -77.10699062238617785 ) ) ;
#5356 = DIRECTION ( 'NONE',  ( 1.000000000000000000, 0.000000000000000000, 6.518453643877150850E-17 ) ) ;
#5357 = ORIENTED_EDGE ( 'NONE', *, *, #3995, .T. ) ;
#5358 = ORIENTED_EDGE ( 'NONE', *, *, #6907, .F. ) ;
#5359 = DIRECTION ( 'NONE',  ( -0.7660444431189705750, 0.6427876096865482447, 0.000000000000000000 ) ) ;
#5360 = CARTESIAN_POINT ( 'NONE',  ( -86.81200000000002603, 12.29999999999999893, -76.68896198777730433 ) ) ;
#5361 = EDGE_LOOP ( 'NONE', ( #2665, #2378, #8853, #7263, #1686, #6456 ) ) ;
#5362 = CARTESIAN_POINT ( 'NONE',  ( -7.704390919590080600, 10.30000000000000071, -92.72937885561047722 ) ) ;
#5363 = CARTESIAN_POINT ( 'NONE',  ( 7.488271006047084732, 10.29999999999999893, -82.04588829809468109 ) ) ;
#5364 = ADVANCED_FACE ( 'NONE', ( #7377 ), #6100, .T. ) ;
#5365 = DIRECTION ( 'NONE',  ( 9.851243270407614996E-17, -0.4999999999999986122, 0.8660254037844394848 ) ) ;
#5366 = DIRECTION ( 'NONE',  ( 0.000000000000000000, 0.000000000000000000, 1.000000000000000000 ) ) ;
#5367 = VECTOR ( 'NONE', #2235, 1000.000000000000000 ) ;
#5368 = ORIENTED_EDGE ( 'NONE', *, *, #7005, .F. ) ;
#5369 = EDGE_CURVE ( 'NONE', #1739, #3518, #8152, .T. ) ;
#5370 = LINE ( 'NONE', #2701, #5524 ) ;
#5371 = ORIENTED_EDGE ( 'NONE', *, *, #1348, .T. ) ;
#5372 = DIRECTION ( 'NONE',  ( -4.505417547505892002E-16, 0.000000000000000000, -1.000000000000000000 ) ) ;
#5373 = LINE ( 'NONE', #4022, #8327 ) ;
#5374 = CARTESIAN_POINT ( 'NONE',  ( 55.31963893544907762, 12.30000000000000071, -77.00816972969403196 ) ) ;
#5375 = CARTESIAN_POINT ( 'NONE',  ( 0.000000000000000000, 12.30000000000000071, -95.76896198777731684 ) ) ;
#5376 = CARTESIAN_POINT ( 'NONE',  ( 26.22000000000008768, 16.99593241947987110, 29.32000000000003581 ) ) ;
#5377 = VECTOR ( 'NONE', #2959, 1000.000000000000114 ) ;
#5378 = CARTESIAN_POINT ( 'NONE',  ( 26.62400000000000944, 10.30000000000000071, -92.68896198777731854 ) ) ;
#5379 = DIRECTION ( 'NONE',  ( -1.000000000000000000, 0.000000000000000000, -0.000000000000000000 ) ) ;
#5380 = ORIENTED_EDGE ( 'NONE', *, *, #6089, .T. ) ;
#5381 = LINE ( 'NONE', #5481, #8356 ) ;
#5382 = EDGE_CURVE ( 'NONE', #3456, #8803, #4071, .T. ) ;
#5383 = EDGE_LOOP ( 'NONE', ( #3196, #955, #4316, #2187 ) ) ;
#5384 = DIRECTION ( 'NONE',  ( -1.000000000000000000, -0.000000000000000000, 3.491481338843133355E-15 ) ) ;
#5385 = VECTOR ( 'NONE', #1659, 1000.000000000000114 ) ;
#5386 = ADVANCED_FACE ( 'NONE', ( #2616 ), #4920, .T. ) ;
#5387 = LINE ( 'NONE', #8025, #3559 ) ;
#5388 = LINE ( 'NONE', #494, #1627 ) ;
#5389 = DIRECTION ( 'NONE',  ( 0.000000000000000000, 0.000000000000000000, 1.000000000000000000 ) ) ;
#5390 = ORIENTED_EDGE ( 'NONE', *, *, #4726, .T. ) ;
#5391 = ORIENTED_EDGE ( 'NONE', *, *, #3043, .T. ) ;
#5392 = EDGE_CURVE ( 'NONE', #5037, #6696, #6826, .T. ) ;
#5393 = EDGE_CURVE ( 'NONE', #7853, #5399, #7471, .T. ) ;
#5394 = EDGE_CURVE ( 'NONE', #5122, #2631, #7566, .T. ) ;
#5395 = EDGE_CURVE ( 'NONE', #6534, #911, #4044, .T. ) ;
#5396 = DIRECTION ( 'NONE',  ( 0.000000000000000000, 1.000000000000000000, 0.000000000000000000 ) ) ;
#5397 = CARTESIAN_POINT ( 'NONE',  ( 111.4500000000000171, 0.000000000000000000, 0.000000000000000000 ) ) ;
#5398 = VERTEX_POINT ( 'NONE', #8925 ) ;
#5399 = VERTEX_POINT ( 'NONE', #1347 ) ;
#5400 = PLANE ( 'NONE',  #2986 ) ;
#5401 = CARTESIAN_POINT ( 'NONE',  ( 68.45000000000000284, 4.000000000000000000, -68.15000000000000568 ) ) ;
#5402 = B_SPLINE_SURFACE_WITH_KNOTS ( 'NONE', 3, 1, ( 
 ( #3500, #7718 ),
 ( #7071, #6938 ),
 ( #7672, #2872 ),
 ( #1415, #5632 ),
 ( #4178, #6297 ),
 ( #3669, #112 ),
 ( #18, #2184 ),
 ( #7117, #777 ),
 ( #2817, #5588 ),
 ( #7805, #1463 ),
 ( #5539, #1595 ),
 ( #4226, #909 ),
 ( #8361, #868 ),
 ( #2271, #8306 ),
 ( #4952, #3626 ),
 ( #1506, #6389 ) ),
 .UNSPECIFIED., .F., .F., .F.,
 ( 4, 1, 1, 1, 1, 1, 1, 1, 1, 1, 1, 1, 1, 4 ),
 ( 2, 2 ),
 ( 0.1761380270820454563, 0.2032224132988484366, 0.2637109485400888631, 0.3215638450502130152, 0.3774003381439561822, 0.4321449068623832712, 0.4864925149321480125, 0.5412835239672487697, 0.5974772920537235743, 0.6557957202033554145, 0.7169336233222666221, 0.7813136866276935155, 0.8498340799447100524, 1.000000000000000000 ),
 ( 0.000000000000000000, 1.000000000000000000 ),
 .UNSPECIFIED. ) ;
#5403 = CARTESIAN_POINT ( 'NONE',  ( -18.27899999999997860, 12.30000000000000071, -77.00896198777729751 ) ) ;
#5404 = CARTESIAN_POINT ( 'NONE',  ( -111.9999999999999716, 20.00000000000000000, -107.0000000000000284 ) ) ;
#5405 = CARTESIAN_POINT ( 'NONE',  ( -1.251590126030330073E-14, 10.30000000000000071, -101.0089619877773117 ) ) ;
#5406 = ORIENTED_EDGE ( 'NONE', *, *, #7390, .T. ) ;
#5407 = EDGE_LOOP ( 'NONE', ( #4324, #7945, #7526, #8585 ) ) ;
#5408 = ADVANCED_FACE ( 'NONE', ( #3343 ), #2572, .F. ) ;
#5409 = DIRECTION ( 'NONE',  ( 0.000000000000000000, 0.000000000000000000, -1.000000000000000000 ) ) ;
#5410 = CARTESIAN_POINT ( 'NONE',  ( -79.38364356512519748, 10.29999999999999893, -79.13674514798337611 ) ) ;
#5411 = ORIENTED_EDGE ( 'NONE', *, *, #7001, .F. ) ;
#5412 = CARTESIAN_POINT ( 'NONE',  ( -3.219999999999967777, 10.30000000000000249, -94.59396198777730547 ) ) ;
#5413 = CARTESIAN_POINT ( 'NONE',  ( 55.92800000000000438, 10.30000000000000071, -92.36896198777731115 ) ) ;
#5414 = CARTESIAN_POINT ( 'NONE',  ( -2.506605835772501845, 10.29999999999999893, -101.0089619881004381 ) ) ;
#5415 = CARTESIAN_POINT ( 'NONE',  ( -83.11110847554601833, 10.29999999999999893, -100.8502033769941590 ) ) ;
#5416 = EDGE_LOOP ( 'NONE', ( #5057, #1565, #7673, #6699 ) ) ;
#5417 = CARTESIAN_POINT ( 'NONE',  ( -107.0000000000000000, 12.29999999999997762, 111.9999999999999858 ) ) ;
#5418 = VECTOR ( 'NONE', #2079, 1000.000000000000000 ) ;
#5419 = ORIENTED_EDGE ( 'NONE', *, *, #3839, .F. ) ;
#5420 = CARTESIAN_POINT ( 'NONE',  ( 55.92800000000000438, 10.30000000000000071, -77.00896198777732593 ) ) ;
#5421 = CARTESIAN_POINT ( 'NONE',  ( -101.4500000000000171, 2.000000000000000000, -108.1281992623546131 ) ) ;
#5422 = CARTESIAN_POINT ( 'NONE',  ( 0.000000000000000000, 12.30000000000000071, -77.00896198777732593 ) ) ;
#5423 = CARTESIAN_POINT ( 'NONE',  ( 6.754228525878987810, 12.30000000000000071, -79.89221229248529710 ) ) ;
#5424 = FACE_OUTER_BOUND ( 'NONE', #1682, .T. ) ;
#5425 = VECTOR ( 'NONE', #932, 1000.000000000000000 ) ;
#5426 = EDGE_CURVE ( 'NONE', #2137, #4765, #2708, .T. ) ;
#5427 = CARTESIAN_POINT ( 'NONE',  ( 101.4500000000000171, 2.000000000000000000, -101.4500000000000171 ) ) ;
#5428 = CARTESIAN_POINT ( 'NONE',  ( 48.36312745903174459, 10.30000000000000071, -87.72319953583669871 ) ) ;
#5429 = VECTOR ( 'NONE', #1119, 1000.000000000000000 ) ;
#5430 = VERTEX_POINT ( 'NONE', #4116 ) ;
#5431 = DIRECTION ( 'NONE',  ( -0.000000000000000000, 1.000000000000000000, -0.000000000000000000 ) ) ;
#5432 = ORIENTED_EDGE ( 'NONE', *, *, #5508, .T. ) ;
#5433 = VECTOR ( 'NONE', #1731, 1000.000000000000000 ) ;
#5434 = DIRECTION ( 'NONE',  ( 0.000000000000000000, 1.000000000000000000, -0.000000000000000000 ) ) ;
#5435 = VECTOR ( 'NONE', #7920, 1000.000000000000000 ) ;
#5436 = ADVANCED_FACE ( 'NONE', ( #5424 ), #7421, .F. ) ;
#5437 = FACE_OUTER_BOUND ( 'NONE', #8271, .T. ) ;
#5438 = CARTESIAN_POINT ( 'NONE',  ( -5.474649429957000990, 12.30000000000000249, -89.65106988456841464 ) ) ;
#5439 = CARTESIAN_POINT ( 'NONE',  ( -117.0000000000002558, 16.00000000000000000, -71.86523063261958555 ) ) ;
#5440 = ORIENTED_EDGE ( 'NONE', *, *, #644, .F. ) ;
#5441 = VECTOR ( 'NONE', #8509, 1000.000000000000000 ) ;
#5442 = ORIENTED_EDGE ( 'NONE', *, *, #4846, .F. ) ;
#5443 = AXIS2_PLACEMENT_3D ( 'NONE', #577, #5286, #1887 ) ;
#5444 = CARTESIAN_POINT ( 'NONE',  ( -0.7912798776136079626, 10.30000000000000071, -97.11511566413554419 ) ) ;
#5445 = FACE_OUTER_BOUND ( 'NONE', #3284, .T. ) ;
#5446 = ORIENTED_EDGE ( 'NONE', *, *, #7630, .T. ) ;
#5447 = ORIENTED_EDGE ( 'NONE', *, *, #88, .T. ) ;
#5448 = VECTOR ( 'NONE', #6285, 1000.000000000000000 ) ;
#5449 = LINE ( 'NONE', #3999, #3706 ) ;
#5450 = DIRECTION ( 'NONE',  ( 0.000000000000000000, 0.000000000000000000, -1.000000000000000000 ) ) ;
#5451 = ADVANCED_FACE ( 'NONE', ( #5333 ), #3034, .F. ) ;
#5452 = CARTESIAN_POINT ( 'NONE',  ( 46.96800000000194331, 10.30000000000000071, -101.0089619877782212 ) ) ;
#5453 = CARTESIAN_POINT ( 'NONE',  ( -7.603162506884832972, 10.30000000000000249, -79.22892428730703784 ) ) ;
#5454 = LINE ( 'NONE', #3416, #31 ) ;
#5455 = EDGE_CURVE ( 'NONE', #2067, #1430, #2521, .T. ) ;
#5456 = ORIENTED_EDGE ( 'NONE', *, *, #5919, .T. ) ;
#5457 = VERTEX_POINT ( 'NONE', #1847 ) ;
#5458 = VECTOR ( 'NONE', #5053, 1000.000000000000000 ) ;
#5459 = LINE ( 'NONE', #2011, #7316 ) ;
#5460 = CARTESIAN_POINT ( 'NONE',  ( 101.4500000000000313, 2.000000000000000000, -101.4500000000000171 ) ) ;
#5461 = EDGE_LOOP ( 'NONE', ( #7144, #8279, #4532, #6487 ) ) ;
#5462 = CARTESIAN_POINT ( 'NONE',  ( -107.0000000000000000, 20.00000000000000000, 117.0000000000000000 ) ) ;
#5463 = DIRECTION ( 'NONE',  ( 1.245203033451274888E-16, 0.000000000000000000, -1.000000000000000000 ) ) ;
#5464 = EDGE_CURVE ( 'NONE', #2445, #1810, #1159, .T. ) ;
#5465 = DIRECTION ( 'NONE',  ( 0.9167692797354121126, 0.000000000000000000, -0.3994171850752216701 ) ) ;
#5466 = CARTESIAN_POINT ( 'NONE',  ( 80.94183457402817794, 10.30000000000000071, -96.52896198777732195 ) ) ;
#5467 = ORIENTED_EDGE ( 'NONE', *, *, #6858, .T. ) ;
#5468 = EDGE_CURVE ( 'NONE', #5633, #7340, #3249, .T. ) ;
#5469 = EDGE_CURVE ( 'NONE', #2506, #7128, #2073, .T. ) ;
#5470 = DIRECTION ( 'NONE',  ( 0.2506286776786582071, 0.000000000000000000, 0.9680832949313025182 ) ) ;
#5471 = AXIS2_PLACEMENT_3D ( 'NONE', #3041, #356, #8651 ) ;
#5472 = ORIENTED_EDGE ( 'NONE', *, *, #2281, .F. ) ;
#5473 = CARTESIAN_POINT ( 'NONE',  ( 47.84799999999999898, 10.30000000000000071, -84.34896198777730092 ) ) ;
#5474 = FACE_OUTER_BOUND ( 'NONE', #7589, .T. ) ;
#5475 = LINE ( 'NONE', #4935, #4364 ) ;
#5476 = CARTESIAN_POINT ( 'NONE',  ( 75.45000000000000284, 0.000000000000000000, -85.45000000000000284 ) ) ;
#5477 = CARTESIAN_POINT ( 'NONE',  ( 107.0000000000000142, 20.00000000000000000, 107.0000000000000000 ) ) ;
#5478 = EDGE_LOOP ( 'NONE', ( #7304, #6264, #4989, #7416 ) ) ;
#5479 = LINE ( 'NONE', #4699, #8622 ) ;
#5480 = ORIENTED_EDGE ( 'NONE', *, *, #981, .F. ) ;
#5481 = CARTESIAN_POINT ( 'NONE',  ( -0.3999999999999681033, 10.29999999999999893, -76.68896198777730433 ) ) ;
#5482 = FACE_BOUND ( 'NONE', #6425, .T. ) ;
#5483 = LINE ( 'NONE', #8300, #803 ) ;
#5484 = CARTESIAN_POINT ( 'NONE',  ( -109.7718007376454352, 2.000000000000000000, -1.366881792659249944E-14 ) ) ;
#5485 = PLANE ( 'NONE',  #5097 ) ;
#5486 = VECTOR ( 'NONE', #8652, 1000.000000000000000 ) ;
#5487 = ORIENTED_EDGE ( 'NONE', *, *, #4943, .T. ) ;
#5488 = VERTEX_POINT ( 'NONE', #5523 ) ;
#5489 = EDGE_CURVE ( 'NONE', #1328, #3509, #5783, .T. ) ;
#5490 = CARTESIAN_POINT ( 'NONE',  ( 111.4500000000000171, 0.000000000000000000, 101.4500000000000171 ) ) ;
#5491 = FACE_OUTER_BOUND ( 'NONE', #2358, .T. ) ;
#5492 = ORIENTED_EDGE ( 'NONE', *, *, #3783, .T. ) ;
#5493 = ORIENTED_EDGE ( 'NONE', *, *, #7930, .T. ) ;
#5494 = AXIS2_PLACEMENT_3D ( 'NONE', #5234, #6415, #3030 ) ;
#5495 = DIRECTION ( 'NONE',  ( 0.000000000000000000, -0.000000000000000000, 1.000000000000000000 ) ) ;
#5496 = CARTESIAN_POINT ( 'NONE',  ( -86.81200000000002603, 12.29999999999999893, -76.68896198777730433 ) ) ;
#5497 = LINE ( 'NONE', #7401, #188 ) ;
#5498 = CARTESIAN_POINT ( 'NONE',  ( 35.91387433994387379, 12.30000000000000071, -74.08580664736908261 ) ) ;
#5499 = CARTESIAN_POINT ( 'NONE',  ( 1.817779467013370676, 12.30000000000000071, -85.24937067359256559 ) ) ;
#5500 = ORIENTED_EDGE ( 'NONE', *, *, #3275, .F. ) ;
#5501 = ORIENTED_EDGE ( 'NONE', *, *, #1301, .T. ) ;
#5502 = LINE ( 'NONE', #560, #1228 ) ;
#5503 = VECTOR ( 'NONE', #6691, 999.9999999999998863 ) ;
#5504 = CARTESIAN_POINT ( 'NONE',  ( -86.81200000000002603, 10.29999999999999893, -76.68896198777730433 ) ) ;
#5505 = ORIENTED_EDGE ( 'NONE', *, *, #2735, .F. ) ;
#5506 = FACE_BOUND ( 'NONE', #8296, .T. ) ;
#5507 = CARTESIAN_POINT ( 'NONE',  ( 75.44999999999998863, 2.000000000000000000, -75.44999999999998863 ) ) ;
#5508 = EDGE_CURVE ( 'NONE', #665, #4190, #6237, .T. ) ;
#5509 = ORIENTED_EDGE ( 'NONE', *, *, #4919, .T. ) ;
#5510 = CARTESIAN_POINT ( 'NONE',  ( 8.650237178974609975, 10.30000000000000071, -3.768727269369480659 ) ) ;
#5511 = VERTEX_POINT ( 'NONE', #2254 ) ;
#5512 = ADVANCED_FACE ( 'NONE', ( #4211 ), #7085, .T. ) ;
#5513 = EDGE_CURVE ( 'NONE', #1483, #4260, #3440, .T. ) ;
#5514 = B_SPLINE_CURVE_WITH_KNOTS ( 'NONE', 3,
 ( #6502, #5827, #8594, #2381, #5150, #6085, #4779, #658, #3236 ),
 .UNSPECIFIED., .F., .F.,
 ( 4, 1, 1, 1, 1, 1, 4 ),
 ( 0.000000000000000000, 0.2847445992815954563, 0.4173494283031717877, 0.5454234821401464650, 0.6673872864749725853, 0.7821636662827655684, 1.000000000000000000 ),
 .UNSPECIFIED. ) ;
#5515 = EDGE_CURVE ( 'NONE', #2736, #2955, #50, .T. ) ;
#5516 = LINE ( 'NONE', #7508, #4370 ) ;
#5517 = ORIENTED_EDGE ( 'NONE', *, *, #1098, .T. ) ;
#5518 = CARTESIAN_POINT ( 'NONE',  ( 98.45000000000000284, 0.000000000000000000, -88.45000000000001705 ) ) ;
#5519 = CARTESIAN_POINT ( 'NONE',  ( 5.776141237214579505, 10.30000000000000071, -87.79356017653438471 ) ) ;
#5520 = LINE ( 'NONE', #4209, #8848 ) ;
#5521 = AXIS2_PLACEMENT_3D ( 'NONE', #6651, #1734, #1046 ) ;
#5522 = CARTESIAN_POINT ( 'NONE',  ( 55.92800000000000438, 10.30000000000000071, -88.20896198777730035 ) ) ;
#5523 = CARTESIAN_POINT ( 'NONE',  ( -86.84200000000002717, 12.29999999999999716, -80.84896198777730092 ) ) ;
#5524 = VECTOR ( 'NONE', #8777, 1000.000000000000000 ) ;
#5525 = PLANE ( 'NONE',  #445 ) ;
#5526 = VECTOR ( 'NONE', #7164, 1000.000000000000114 ) ;
#5527 = CARTESIAN_POINT ( 'NONE',  ( 14.98725320819333362, 10.30000000000000071, -7.135303502445473178 ) ) ;
#5528 = VERTEX_POINT ( 'NONE', #7608 ) ;
#5529 = LINE ( 'NONE', #632, #5875 ) ;
#5530 = LINE ( 'NONE', #6195, #8552 ) ;
#5531 = LINE ( 'NONE', #1455, #1820 ) ;
#5532 = CARTESIAN_POINT ( 'NONE',  ( -38.64999999999999858, 12.29999999999997762, -38.64999999999999858 ) ) ;
#5533 = DIRECTION ( 'NONE',  ( 1.303690728775430663E-16, 0.000000000000000000, -1.000000000000000000 ) ) ;
#5534 = B_SPLINE_CURVE_WITH_KNOTS ( 'NONE', 3,
 ( #4380, #1662, #982, #2892, #6275, #84, #4294, #2846, #2160 ),
 .UNSPECIFIED., .F., .F.,
 ( 4, 1, 1, 1, 1, 1, 4 ),
 ( 0.000000000000000000, 0.2110735921258685421, 0.3195377497452391302, 0.4371148147047062005, 0.5625261028631994842, 0.6976696937665364251, 1.000000000000000000 ),
 .UNSPECIFIED. ) ;
#5535 = EDGE_LOOP ( 'NONE', ( #7806, #7020, #1722, #2280 ) ) ;
#5536 = ORIENTED_EDGE ( 'NONE', *, *, #414, .F. ) ;
#5537 = VECTOR ( 'NONE', #4218, 1000.000000000000000 ) ;
#5538 = FACE_OUTER_BOUND ( 'NONE', #5801, .T. ) ;
#5539 = CARTESIAN_POINT ( 'NONE',  ( -76.85363629713386047, 10.29999999999999716, -95.47893385092059759 ) ) ;
#5540 = AXIS2_PLACEMENT_3D ( 'NONE', #2878, #6261, #828 ) ;
#5541 = ORIENTED_EDGE ( 'NONE', *, *, #1707, .F. ) ;
#5542 = EDGE_LOOP ( 'NONE', ( #6854, #7297, #8181, #7083 ) ) ;
#5543 = CARTESIAN_POINT ( 'NONE',  ( 3.946324633265547721, 10.30000000000000071, -89.41803144676913462 ) ) ;
#5544 = DIRECTION ( 'NONE',  ( 0.000000000000000000, 0.000000000000000000, 1.000000000000000000 ) ) ;
#5545 = DIRECTION ( 'NONE',  ( 0.000000000000000000, 1.000000000000000000, -0.000000000000000000 ) ) ;
#5546 = CARTESIAN_POINT ( 'NONE',  ( 96.10634308895032518, 10.30000000000000071, -27.71066225731403776 ) ) ;
#5547 = CARTESIAN_POINT ( 'NONE',  ( -68.44999999999996021, 0.000000000000000000, 107.0000000000000426 ) ) ;
#5548 = ORIENTED_EDGE ( 'NONE', *, *, #806, .F. ) ;
#5549 = VERTEX_POINT ( 'NONE', #1446 ) ;
#5550 = LINE ( 'NONE', #4681, #94 ) ;
#5551 = EDGE_CURVE ( 'NONE', #3607, #2430, #762, .T. ) ;
#5552 = CARTESIAN_POINT ( 'NONE',  ( -80.22363584813111004, 12.29999999999999893, -78.48016687820098980 ) ) ;
#5553 = VERTEX_POINT ( 'NONE', #5619 ) ;
#5554 = LINE ( 'NONE', #5649, #3721 ) ;
#5555 = FACE_OUTER_BOUND ( 'NONE', #1852, .T. ) ;
#5556 = VERTEX_POINT ( 'NONE', #2125 ) ;
#5557 = ORIENTED_EDGE ( 'NONE', *, *, #4736, .F. ) ;
#5558 = CARTESIAN_POINT ( 'NONE',  ( -75.44999999999997442, 2.000000000000000000, -75.45000000000000284 ) ) ;
#5559 = VERTEX_POINT ( 'NONE', #4937 ) ;
#5560 = ADVANCED_FACE ( 'NONE', ( #8291 ), #91, .T. ) ;
#5561 = VERTEX_POINT ( 'NONE', #6279 ) ;
#5562 = DIRECTION ( 'NONE',  ( 0.000000000000000000, 0.000000000000000000, -1.000000000000000000 ) ) ;
#5563 = LINE ( 'NONE', #4747, #222 ) ;
#5564 = ADVANCED_FACE ( 'NONE', ( #6874 ), #1582, .F. ) ;
#5565 = CARTESIAN_POINT ( 'NONE',  ( 95.12819926235461310, 2.000000000000000000, -88.45000000000000284 ) ) ;
#5566 = CARTESIAN_POINT ( 'NONE',  ( 55.78234326538286325, 10.30000000000000071, -92.36693746158452711 ) ) ;
#5567 = CARTESIAN_POINT ( 'NONE',  ( -86.36965833901274436, 12.30000000000000071, -97.11762006461044905 ) ) ;
#5568 = EDGE_CURVE ( 'NONE', #5399, #8526, #6189, .T. ) ;
#5569 = EDGE_CURVE ( 'NONE', #4014, #5317, #8249, .T. ) ;
#5570 = DIRECTION ( 'NONE',  ( 0.000000000000000000, 0.000000000000000000, 1.000000000000000000 ) ) ;
#5571 = DIRECTION ( 'NONE',  ( -0.9908971926851928291, 0.000000000000000000, -0.1346207767345139472 ) ) ;
#5572 = EDGE_LOOP ( 'NONE', ( #1365, #8965, #8951, #589 ) ) ;
#5573 = CARTESIAN_POINT ( 'NONE',  ( 0.000000000000000000, 10.30000000000000071, -96.52896198777732195 ) ) ;
#5574 = CARTESIAN_POINT ( 'NONE',  ( -47.30000000000032401, 4.299999999999999822, 51.99999999999972289 ) ) ;
#5575 = CARTESIAN_POINT ( 'NONE',  ( 0.000000000000000000, 10.30000000000000071, -77.00896198777732593 ) ) ;
#5576 = DIRECTION ( 'NONE',  ( -0.000000000000000000, -1.000000000000000000, -0.000000000000000000 ) ) ;
#5577 = VECTOR ( 'NONE', #7105, 1000.000000000000000 ) ;
#5578 = CARTESIAN_POINT ( 'NONE',  ( 117.0000000000007390, 20.00000000000000000, 91.73046126523954058 ) ) ;
#5579 = EDGE_CURVE ( 'NONE', #7249, #7484, #8423, .T. ) ;
#5580 = EDGE_CURVE ( 'NONE', #8370, #6357, #2342, .T. ) ;
#5581 = ORIENTED_EDGE ( 'NONE', *, *, #8493, .T. ) ;
#5582 = ORIENTED_EDGE ( 'NONE', *, *, #859, .T. ) ;
#5583 = VECTOR ( 'NONE', #80, 1000.000000000000000 ) ;
#5584 = EDGE_LOOP ( 'NONE', ( #5380, #6690, #4671, #3647 ) ) ;
#5585 = EDGE_CURVE ( 'NONE', #6358, #1118, #3747, .T. ) ;
#5586 = CARTESIAN_POINT ( 'NONE',  ( -8.044999999999969731, 10.30000000000000071, -94.67896198777731342 ) ) ;
#5587 = VECTOR ( 'NONE', #6526, 1000.000000000000000 ) ;
#5588 = CARTESIAN_POINT ( 'NONE',  ( -77.93064335878082716, 12.30000000000000249, -97.42329730498141771 ) ) ;
#5589 = EDGE_LOOP ( 'NONE', ( #431, #8405, #1917, #7266 ) ) ;
#5590 = EDGE_CURVE ( 'NONE', #3183, #7405, #8006, .T. ) ;
#5591 = EDGE_LOOP ( 'NONE', ( #4051, #3434, #1235, #7424 ) ) ;
#5592 = CARTESIAN_POINT ( 'NONE',  ( 6.148210091335907457, 10.30000000000000071, -87.34674347178498977 ) ) ;
#5593 = DIRECTION ( 'NONE',  ( 0.9063077870366512689, -0.4226182617406967768, 0.000000000000000000 ) ) ;
#5594 = CARTESIAN_POINT ( 'NONE',  ( -95.12819926235461310, 2.000000000000000000, -88.45000000000000284 ) ) ;
#5595 = CIRCLE ( 'NONE', #1681, 5.000000000000004441 ) ;
#5596 = CARTESIAN_POINT ( 'NONE',  ( -116.9999999999999858, 20.00000000000000000, -107.0000000000000284 ) ) ;
#5597 = DIRECTION ( 'NONE',  ( -1.000000000000000000, 0.000000000000000000, -1.867804550176911838E-16 ) ) ;
#5598 = VECTOR ( 'NONE', #238, 1000.000000000000000 ) ;
#5599 = AXIS2_PLACEMENT_3D ( 'NONE', #5351, #6120, #8034 ) ;
#5600 = ORIENTED_EDGE ( 'NONE', *, *, #5790, .F. ) ;
#5601 = VECTOR ( 'NONE', #2499, 1000.000000000000114 ) ;
#5602 = EDGE_LOOP ( 'NONE', ( #7693, #6113, #7438, #7918 ) ) ;
#5603 = DIRECTION ( 'NONE',  ( -1.000000000000000000, 0.000000000000000000, 0.000000000000000000 ) ) ;
#5604 = AXIS2_PLACEMENT_3D ( 'NONE', #1626, #270, #3579 ) ;
#5605 = CARTESIAN_POINT ( 'NONE',  ( 1.886374129916776665, 10.30000000000000071, -97.11312765208840858 ) ) ;
#5606 = EDGE_LOOP ( 'NONE', ( #1514, #4949, #1660, #3173, #2042, #7601, #7475, #559, #6410, #1652, #6149, #3719, #3235, #1295, #8398, #3016, #4981 ) ) ;
#5607 = FACE_OUTER_BOUND ( 'NONE', #1038, .T. ) ;
#5608 = LINE ( 'NONE', #7692, #7719 ) ;
#5609 = ORIENTED_EDGE ( 'NONE', *, *, #5585, .T. ) ;
#5610 = VERTEX_POINT ( 'NONE', #7099 ) ;
#5611 = CARTESIAN_POINT ( 'NONE',  ( 0.000000000000000000, 10.30000000000000071, -77.00896198777732593 ) ) ;
#5612 = CONICAL_SURFACE ( 'NONE', #8937, 6.678199262354605814, 0.6981317007977448919 ) ;
#5613 = B_SPLINE_CURVE_WITH_KNOTS ( 'NONE', 3,
 ( #839, #6407, #3560, #5735, #33, #7645, #2108, #128, #2156, #2837, #2288, #168, #3605, #5055, #5012, #2887 ),
 .UNSPECIFIED., .F., .F.,
 ( 4, 1, 1, 1, 1, 1, 1, 1, 1, 1, 1, 1, 1, 4 ),
 ( 0.1761380274615699237, 0.2032224132988484366, 0.2637109485400888631, 0.3215638450502130152, 0.3774003381439561822, 0.4321449068623832712, 0.4864925149321480125, 0.5412835239672486587, 0.5974772920537235743, 0.6557957202033554145, 0.7169336233222666221, 0.7813136866276935155, 0.8498340799447101634, 1.000000000000000000 ),
 .UNSPECIFIED. ) ;
#5614 = DIRECTION ( 'NONE',  ( -1.870321806983080855E-16, 0.000000000000000000, -1.000000000000000000 ) ) ;
#5615 = EDGE_CURVE ( 'NONE', #6343, #4358, #1133, .T. ) ;
#5616 = PLANE ( 'NONE',  #6312 ) ;
#5617 = CARTESIAN_POINT ( 'NONE',  ( -71.59549167055263297, 10.30000000000000071, 13.70037186288350028 ) ) ;
#5618 = CARTESIAN_POINT ( 'NONE',  ( 36.42900000000000915, 12.30000000000000071, -77.00896198777732593 ) ) ;
#5619 = CARTESIAN_POINT ( 'NONE',  ( -71.86523063261998345, 15.99999999999998579, -112.0000000000000000 ) ) ;
#5620 = DIRECTION ( 'NONE',  ( -0.2768620965121626476, 0.000000000000000000, 0.9609096625151033466 ) ) ;
#5621 = CARTESIAN_POINT ( 'NONE',  ( 0.6682006370310883403, 10.29999999999999893, -80.91400267722033846 ) ) ;
#5622 = ORIENTED_EDGE ( 'NONE', *, *, #2899, .T. ) ;
#5623 = CARTESIAN_POINT ( 'NONE',  ( -32.89100277204282463, -247.2515920719881137, -112.0000000000000000 ) ) ;
#5624 = LINE ( 'NONE', #3534, #5069 ) ;
#5625 = LINE ( 'NONE', #7753, #2530 ) ;
#5626 = DIRECTION ( 'NONE',  ( -1.000000000000000000, 0.000000000000000000, 0.000000000000000000 ) ) ;
#5627 = LINE ( 'NONE', #3537, #6386 ) ;
#5628 = VERTEX_POINT ( 'NONE', #986 ) ;
#5629 = ORIENTED_EDGE ( 'NONE', *, *, #8543, .T. ) ;
#5630 = ORIENTED_EDGE ( 'NONE', *, *, #8770, .F. ) ;
#5631 = CARTESIAN_POINT ( 'NONE',  ( 5.776141237214579505, 12.30000000000000071, -87.79356017653438471 ) ) ;
#5632 = CARTESIAN_POINT ( 'NONE',  ( -82.21080379422035378, 12.30000000000000249, -100.5849472410272938 ) ) ;
#5633 = VERTEX_POINT ( 'NONE', #6546 ) ;
#5634 = EDGE_CURVE ( 'NONE', #3585, #8700, #1666, .T. ) ;
#5635 = EDGE_CURVE ( 'NONE', #6243, #1848, #5066, .T. ) ;
#5636 = ORIENTED_EDGE ( 'NONE', *, *, #4843, .T. ) ;
#5637 = CARTESIAN_POINT ( 'NONE',  ( 55.92800000000000438, 10.30000000000000071, -77.00896198777732593 ) ) ;
#5638 = CARTESIAN_POINT ( 'NONE',  ( 107.0000000000000142, 0.000000000000000000, 117.0000000000000000 ) ) ;
#5639 = DIRECTION ( 'NONE',  ( -0.000000000000000000, -1.000000000000000000, -0.000000000000000000 ) ) ;
#5640 = CARTESIAN_POINT ( 'NONE',  ( -48.57800000000001006, 10.30000000000000071, -77.00896198777732593 ) ) ;
#5641 = LINE ( 'NONE', #6306, #7260 ) ;
#5642 = AXIS2_PLACEMENT_3D ( 'NONE', #3140, #5891, #8662 ) ;
#5643 = VERTEX_POINT ( 'NONE', #2384 ) ;
#5644 = ORIENTED_EDGE ( 'NONE', *, *, #2760, .F. ) ;
#5645 = AXIS2_PLACEMENT_3D ( 'NONE', #862, #4265, #7623 ) ;
#5646 = CARTESIAN_POINT ( 'NONE',  ( -80.22363584813111004, 10.29999999999999893, -78.48016687820098980 ) ) ;
#5647 = CARTESIAN_POINT ( 'NONE',  ( 6.053850660280708951, 10.30000000000000071, -96.13921519803176352 ) ) ;
#5648 = ORIENTED_EDGE ( 'NONE', *, *, #8510, .T. ) ;
#5649 = CARTESIAN_POINT ( 'NONE',  ( -95.12819926235464152, 2.000000000000000000, 88.44999999999997442 ) ) ;
#5650 = CARTESIAN_POINT ( 'NONE',  ( -60.12300000000001887, 10.30000000000000071, -77.00896198777732593 ) ) ;
#5651 = ORIENTED_EDGE ( 'NONE', *, *, #5580, .T. ) ;
#5652 = ORIENTED_EDGE ( 'NONE', *, *, #3230, .T. ) ;
#5653 = PLANE ( 'NONE',  #809 ) ;
#5654 = LINE ( 'NONE', #4974, #6019 ) ;
#5655 = EDGE_CURVE ( 'NONE', #3551, #551, #3758, .T. ) ;
#5656 = AXIS2_PLACEMENT_3D ( 'NONE', #1210, #6109, #6648 ) ;
#5657 = DIRECTION ( 'NONE',  ( 0.000000000000000000, 0.000000000000000000, -1.000000000000000000 ) ) ;
#5658 = DIRECTION ( 'NONE',  ( 1.725020237142878459E-16, 0.000000000000000000, 1.000000000000000000 ) ) ;
#5659 = EDGE_CURVE ( 'NONE', #2141, #8877, #5910, .T. ) ;
#5660 = DIRECTION ( 'NONE',  ( 0.000000000000000000, 0.000000000000000000, -1.000000000000000000 ) ) ;
#5661 = LINE ( 'NONE', #8431, #3898 ) ;
#5662 = CARTESIAN_POINT ( 'NONE',  ( 2.269897517014906274, 10.29999999999999893, -81.84975189070684110 ) ) ;
#5663 = ORIENTED_EDGE ( 'NONE', *, *, #4943, .F. ) ;
#5664 = DIRECTION ( 'NONE',  ( 0.000000000000000000, 0.000000000000000000, 1.000000000000000000 ) ) ;
#5665 = EDGE_CURVE ( 'NONE', #1807, #1680, #7881, .T. ) ;
#5666 = CARTESIAN_POINT ( 'NONE',  ( -75.44999999999997442, 2.000000000000000000, 83.77180073764539259 ) ) ;
#5667 = CARTESIAN_POINT ( 'NONE',  ( 4.818237599369112445, 10.30000000000000071, -96.52086071389825861 ) ) ;
#5668 = FACE_OUTER_BOUND ( 'NONE', #8780, .T. ) ;
#5669 = FACE_OUTER_BOUND ( 'NONE', #2442, .T. ) ;
#5670 = ORIENTED_EDGE ( 'NONE', *, *, #2969, .T. ) ;
#5671 = EDGE_LOOP ( 'NONE', ( #7378, #6670, #8629, #1556 ) ) ;
#5672 = CIRCLE ( 'NONE', #6817, 9.999999999999994671 ) ;
#5673 = ADVANCED_FACE ( 'NONE', ( #6467 ), #1752, .T. ) ;
#5674 = DIRECTION ( 'NONE',  ( 0.000000000000000000, -0.9063077870366512689, -0.4226182617406967212 ) ) ;
#5675 = LINE ( 'NONE', #2227, #242 ) ;
#5676 = ORIENTED_EDGE ( 'NONE', *, *, #8891, .F. ) ;
#5677 = ADVANCED_FACE ( 'NONE', ( #5831 ), #4516, .T. ) ;
#5678 = ORIENTED_EDGE ( 'NONE', *, *, #2759, .F. ) ;
#5679 = CARTESIAN_POINT ( 'NONE',  ( 4.932171864763814639, 12.30000000000000249, -88.64069588562898616 ) ) ;
#5680 = CARTESIAN_POINT ( 'NONE',  ( -75.83528348376681549, 12.29999999999999893, -86.70078135642248185 ) ) ;
#5681 = CARTESIAN_POINT ( 'NONE',  ( -111.9999999999999858, -185.3052315043351541, 165.7354017097560472 ) ) ;
#5682 = CARTESIAN_POINT ( 'NONE',  ( 0.000000000000000000, 10.30000000000000071, -101.0089619877773117 ) ) ;
#5683 = AXIS2_PLACEMENT_3D ( 'NONE', #6683, #3248, #8785 ) ;
#5684 = LINE ( 'NONE', #2149, #3497 ) ;
#5685 = EDGE_CURVE ( 'NONE', #2867, #2553, #2427, .T. ) ;
#5686 = ORIENTED_EDGE ( 'NONE', *, *, #114, .T. ) ;
#5687 = VERTEX_POINT ( 'NONE', #4474 ) ;
#5688 = EDGE_CURVE ( 'NONE', #8207, #4190, #8685, .T. ) ;
#5689 = CIRCLE ( 'NONE', #469, 6.678199262354605814 ) ;
#5690 = LINE ( 'NONE', #2926, #8625 ) ;
#5691 = ADVANCED_FACE ( 'NONE', ( #3159 ), #3655, .T. ) ;
#5692 = CARTESIAN_POINT ( 'NONE',  ( -101.4500000000000313, 2.000000000000000000, -109.7718007376454210 ) ) ;
#5693 = ORIENTED_EDGE ( 'NONE', *, *, #2753, .T. ) ;
#5694 = DIRECTION ( 'NONE',  ( 0.000000000000000000, 0.6427876096865482447, -0.7660444431189705750 ) ) ;
#5695 = CARTESIAN_POINT ( 'NONE',  ( 2.955117032440579994, 12.29999999999999893, -77.10662320083640964 ) ) ;
#5696 = VERTEX_POINT ( 'NONE', #221 ) ;
#5697 = ORIENTED_EDGE ( 'NONE', *, *, #6230, .T. ) ;
#5698 = ADVANCED_FACE ( 'NONE', ( #2985, #8514 ), #1623, .T. ) ;
#5699 = CARTESIAN_POINT ( 'NONE',  ( 7.661307975381458135, 10.30000000000000071, -100.2523833129255735 ) ) ;
#5700 = DIRECTION ( 'NONE',  ( -1.000000000000000000, 0.000000000000000000, 0.000000000000000000 ) ) ;
#5701 = DIRECTION ( 'NONE',  ( -1.000000000000000000, 0.000000000000000000, 0.000000000000000000 ) ) ;
#5702 = CARTESIAN_POINT ( 'NONE',  ( -68.14999999999997726, 4.299999999999999822, 68.45000000000000284 ) ) ;
#5703 = CARTESIAN_POINT ( 'NONE',  ( -82.26861184439006536, 12.30000000000000071, -95.08499248127263570 ) ) ;
#5704 = CARTESIAN_POINT ( 'NONE',  ( -38.65000000000000568, 12.29999999999997762, -38.64999999999999858 ) ) ;
#5705 = FACE_OUTER_BOUND ( 'NONE', #3540, .T. ) ;
#5706 = VERTEX_POINT ( 'NONE', #5466 ) ;
#5707 = LINE ( 'NONE', #1545, #5448 ) ;
#5708 = CARTESIAN_POINT ( 'NONE',  ( 87.36200000000008004, 12.30000000000000071, -77.00896198777731172 ) ) ;
#5709 = FACE_OUTER_BOUND ( 'NONE', #4926, .T. ) ;
#5710 = PLANE ( 'NONE',  #5471 ) ;
#5711 = CARTESIAN_POINT ( 'NONE',  ( -86.81200000000002603, 10.29999999999999893, -76.68896198777730433 ) ) ;
#5712 = ORIENTED_EDGE ( 'NONE', *, *, #8002, .T. ) ;
#5713 = ORIENTED_EDGE ( 'NONE', *, *, #394, .T. ) ;
#5714 = EDGE_CURVE ( 'NONE', #5016, #5822, #1792, .T. ) ;
#5715 = CARTESIAN_POINT ( 'NONE',  ( 6.148210091335907457, 12.30000000000000071, -87.34674347178498977 ) ) ;
#5716 = CARTESIAN_POINT ( 'NONE',  ( -88.45000000000000284, 2.000000000000000000, -95.12819926235461310 ) ) ;
#5717 = VERTEX_POINT ( 'NONE', #8863 ) ;
#5718 = ORIENTED_EDGE ( 'NONE', *, *, #512, .F. ) ;
#5719 = CARTESIAN_POINT ( 'NONE',  ( -1.372687643978517391, 12.30000000000000249, -80.93322336521440263 ) ) ;
#5720 = AXIS2_PLACEMENT_3D ( 'NONE', #1547, #6550, #8563 ) ;
#5721 = DIRECTION ( 'NONE',  ( -0.000000000000000000, 0.000000000000000000, -1.000000000000000000 ) ) ;
#5722 = FACE_OUTER_BOUND ( 'NONE', #3085, .T. ) ;
#5723 = DIRECTION ( 'NONE',  ( -0.000000000000000000, 1.000000000000000000, -0.000000000000000000 ) ) ;
#5724 = ORIENTED_EDGE ( 'NONE', *, *, #8002, .F. ) ;
#5725 = ORIENTED_EDGE ( 'NONE', *, *, #205, .F. ) ;
#5726 = VECTOR ( 'NONE', #3824, 1000.000000000000114 ) ;
#5727 = DIRECTION ( 'NONE',  ( 0.000000000000000000, 0.000000000000000000, 1.000000000000000000 ) ) ;
#5728 = CARTESIAN_POINT ( 'NONE',  ( 6.974143598062057414, 10.30000000000000071, -95.80577295523029591 ) ) ;
#5729 = ORIENTED_EDGE ( 'NONE', *, *, #7146, .F. ) ;
#5730 = VECTOR ( 'NONE', #8657, 1000.000000000000000 ) ;
#5731 = CARTESIAN_POINT ( 'NONE',  ( -84.22883846918820439, 10.29999999999999716, -81.35972751795105751 ) ) ;
#5732 = EDGE_CURVE ( 'NONE', #7132, #209, #1049, .T. ) ;
#5733 = VECTOR ( 'NONE', #4350, 1000.000000000000000 ) ;
#5734 = CARTESIAN_POINT ( 'NONE',  ( 6.764854162177678099, 10.30000000000000071, -86.40129757741382832 ) ) ;
#5735 = CARTESIAN_POINT ( 'NONE',  ( -82.21080379422035378, 12.29999999999999893, -100.5849472410272938 ) ) ;
#5736 = VECTOR ( 'NONE', #6842, 1000.000000000000000 ) ;
#5737 = EDGE_LOOP ( 'NONE', ( #4285, #4198, #8378, #6383, #5183, #7371, #7314, #5648, #5923, #8799, #6331, #1625 ) ) ;
#5738 = ORIENTED_EDGE ( 'NONE', *, *, #2804, .F. ) ;
#5739 = PLANE ( 'NONE',  #1543 ) ;
#5740 = CARTESIAN_POINT ( 'NONE',  ( -38.64999999999999858, -312.4838379715732799, -38.64999999999999858 ) ) ;
#5741 = EDGE_CURVE ( 'NONE', #8275, #6607, #6634, .T. ) ;
#5742 = AXIS2_PLACEMENT_3D ( 'NONE', #8781, #1111, #3200 ) ;
#5743 = VECTOR ( 'NONE', #1559, 1000.000000000000000 ) ;
#5744 = FACE_OUTER_BOUND ( 'NONE', #2023, .T. ) ;
#5745 = CARTESIAN_POINT ( 'NONE',  ( 10.02136768107052056, 12.30000000000000071, 1.761568537688178226 ) ) ;
#5746 = CARTESIAN_POINT ( 'NONE',  ( 30.54999999999999005, 9.496152422706655827, -33.64999999999999858 ) ) ;
#5747 = ADVANCED_FACE ( 'NONE', ( #8773 ), #4829, .T. ) ;
#5748 = CARTESIAN_POINT ( 'NONE',  ( -2.661889374871509784, 12.29999999999999893, -100.9758143847235061 ) ) ;
#5749 = ORIENTED_EDGE ( 'NONE', *, *, #6672, .T. ) ;
#5750 = DIRECTION ( 'NONE',  ( -1.000000000000000000, 0.000000000000000000, 0.000000000000000000 ) ) ;
#5751 = LINE ( 'NONE', #2946, #1667 ) ;
#5752 = CARTESIAN_POINT ( 'NONE',  ( -87.78700000000003456, 10.30000000000000071, -97.16896198777730831 ) ) ;
#5753 = LINE ( 'NONE', #6422, #7321 ) ;
#5754 = DIRECTION ( 'NONE',  ( 0.000000000000000000, 1.000000000000000000, 0.000000000000000000 ) ) ;
#5755 = DIRECTION ( 'NONE',  ( -0.2194626953719052698, 0.000000000000000000, -0.9756208922220240831 ) ) ;
#5756 = ORIENTED_EDGE ( 'NONE', *, *, #4496, .F. ) ;
#5757 = ORIENTED_EDGE ( 'NONE', *, *, #3180, .T. ) ;
#5758 = LINE ( 'NONE', #5080, #1683 ) ;
#5759 = LINE ( 'NONE', #8929, #8755 ) ;
#5760 = VERTEX_POINT ( 'NONE', #6721 ) ;
#5761 = ORIENTED_EDGE ( 'NONE', *, *, #5369, .F. ) ;
#5762 = DIRECTION ( 'NONE',  ( 0.000000000000000000, -1.000000000000000000, 0.000000000000000000 ) ) ;
#5763 = DIRECTION ( 'NONE',  ( -0.000000000000000000, 1.000000000000000000, -0.000000000000000000 ) ) ;
#5764 = CARTESIAN_POINT ( 'NONE',  ( 0.4800000000000290146, 10.30000000000000071, -86.17396198777731797 ) ) ;
#5765 = LINE ( 'NONE', #2323, #7989 ) ;
#5766 = LINE ( 'NONE', #1651, #1806 ) ;
#5767 = ORIENTED_EDGE ( 'NONE', *, *, #4469, .T. ) ;
#5768 = ADVANCED_FACE ( 'NONE', ( #568 ), #5325, .T. ) ;
#5769 = ORIENTED_EDGE ( 'NONE', *, *, #3955, .T. ) ;
#5770 = CARTESIAN_POINT ( 'NONE',  ( -76.13997716721773656, 10.29999999999999893, -84.97078840487554885 ) ) ;
#5771 = CARTESIAN_POINT ( 'NONE',  ( -70.00000000000000000, 20.00000000000000000, 117.0000000000000000 ) ) ;
#5772 = VERTEX_POINT ( 'NONE', #8186 ) ;
#5773 = DIRECTION ( 'NONE',  ( 0.000000000000000000, -1.000000000000000000, 0.000000000000000000 ) ) ;
#5774 = FACE_OUTER_BOUND ( 'NONE', #8901, .T. ) ;
#5775 = DIRECTION ( 'NONE',  ( 0.000000000000000000, 0.000000000000000000, -1.000000000000000000 ) ) ;
#5776 = VERTEX_POINT ( 'NONE', #3335 ) ;
#5777 = ORIENTED_EDGE ( 'NONE', *, *, #764, .F. ) ;
#5778 = VECTOR ( 'NONE', #6933, 1000.000000000000000 ) ;
#5779 = DIRECTION ( 'NONE',  ( -1.000000000000000000, 0.000000000000000000, 1.870321806983080855E-16 ) ) ;
#5780 = DIRECTION ( 'NONE',  ( -0.000000000000000000, -1.000000000000000000, -0.000000000000000000 ) ) ;
#5781 = EDGE_CURVE ( 'NONE', #2099, #6969, #6816, .T. ) ;
#5782 = AXIS2_PLACEMENT_3D ( 'NONE', #8597, #5155, #7924 ) ;
#5783 = B_SPLINE_CURVE_WITH_KNOTS ( 'NONE', 3,
 ( #8335, #717, #3484, #848, #4255, #7789, #7657, #3528, #5703, #7702, #8385, #4893, #6924, #4837, #5567, #1579, #3573 ),
 .UNSPECIFIED., .F., .F.,
 ( 4, 1, 1, 1, 1, 1, 1, 1, 1, 1, 1, 1, 1, 1, 4 ),
 ( 0.000000000000000000, 0.1541352155247325550, 0.2241205159900080124, 0.2899716005903480442, 0.3521332785915380903, 0.4112967091774436534, 0.4681554457151543280, 0.5232485997069904471, 0.5773492570036228289, 0.6315820666050618870, 0.6868259011009236747, 0.7435545321454557488, 0.8023735008747524544, 0.8645512737966738470, 1.000000000000000000 ),
 .UNSPECIFIED. ) ;
#5784 = CARTESIAN_POINT ( 'NONE',  ( 117.0000000000000142, 0.000000000000000000, 107.0000000000000000 ) ) ;
#5785 = LINE ( 'NONE', #2341, #2208 ) ;
#5786 = CIRCLE ( 'NONE', #8, 8.321800737645393298 ) ;
#5787 = DIRECTION ( 'NONE',  ( 0.000000000000000000, -0.000000000000000000, 1.000000000000000000 ) ) ;
#5788 = EDGE_CURVE ( 'NONE', #7629, #6480, #8727, .T. ) ;
#5789 = ADVANCED_FACE ( 'NONE', ( #1838 ), #3, .T. ) ;
#5790 = EDGE_CURVE ( 'NONE', #4136, #774, #3966, .T. ) ;
#5791 = EDGE_CURVE ( 'NONE', #8286, #3585, #6861, .T. ) ;
#5792 = DIRECTION ( 'NONE',  ( -4.511570479844966326E-16, 0.000000000000000000, 1.000000000000000000 ) ) ;
#5793 = EDGE_CURVE ( 'NONE', #842, #5188, #8239, .T. ) ;
#5794 = VECTOR ( 'NONE', #3852, 1000.000000000000000 ) ;
#5795 = ORIENTED_EDGE ( 'NONE', *, *, #4511, .F. ) ;
#5796 = FACE_OUTER_BOUND ( 'NONE', #6799, .T. ) ;
#5797 = CARTESIAN_POINT ( 'NONE',  ( 52.65800000000000836, 12.30000000000000071, -84.68896198777730433 ) ) ;
#5798 = LINE ( 'NONE', #3040, #2686 ) ;
#5799 = DIRECTION ( 'NONE',  ( 0.000000000000000000, 0.000000000000000000, -1.000000000000000000 ) ) ;
#5800 = CARTESIAN_POINT ( 'NONE',  ( 54.77191330842718742, 10.29999999999999893, -88.12371481361944348 ) ) ;
#5801 = EDGE_LOOP ( 'NONE', ( #1183, #7583, #2915, #601 ) ) ;
#5802 = ORIENTED_EDGE ( 'NONE', *, *, #3237, .T. ) ;
#5803 = ORIENTED_EDGE ( 'NONE', *, *, #512, .T. ) ;
#5804 = LINE ( 'NONE', #8021, #664 ) ;
#5805 = EDGE_LOOP ( 'NONE', ( #2722, #4993, #7990, #4538, #1723, #558, #3494, #7038 ) ) ;
#5806 = ORIENTED_EDGE ( 'NONE', *, *, #1634, .F. ) ;
#5807 = CARTESIAN_POINT ( 'NONE',  ( -3.298812606246169565, 12.30000000000000249, -81.81168850169589746 ) ) ;
#5808 = DIRECTION ( 'NONE',  ( 0.000000000000000000, 0.000000000000000000, 1.000000000000000000 ) ) ;
#5809 = LINE ( 'NONE', #913, #3257 ) ;
#5810 = CARTESIAN_POINT ( 'NONE',  ( -106.9999999999999858, 12.29999999999997762, -112.0000000000000000 ) ) ;
#5811 = DIRECTION ( 'NONE',  ( 0.000000000000000000, 0.000000000000000000, 1.000000000000000000 ) ) ;
#5812 = AXIS2_PLACEMENT_3D ( 'NONE', #4867, #25, #4773 ) ;
#5813 = ORIENTED_EDGE ( 'NONE', *, *, #202, .F. ) ;
#5814 = ORIENTED_EDGE ( 'NONE', *, *, #7053, .T. ) ;
#5815 = DIRECTION ( 'NONE',  ( 1.000000000000000000, 0.000000000000000000, -0.000000000000000000 ) ) ;
#5816 = DIRECTION ( 'NONE',  ( -1.000000000000000000, 0.000000000000000000, 1.119176436114072389E-15 ) ) ;
#5817 = ORIENTED_EDGE ( 'NONE', *, *, #2759, .T. ) ;
#5818 = VECTOR ( 'NONE', #3262, 1000.000000000000000 ) ;
#5819 = DIRECTION ( 'NONE',  ( 0.6427876096865483557, -0.7660444431189704639, 0.000000000000000000 ) ) ;
#5820 = CARTESIAN_POINT ( 'NONE',  ( -82.26861184439006536, 12.30000000000000071, -95.08499248127263570 ) ) ;
#5821 = DIRECTION ( 'NONE',  ( 0.2506286776786568193, 0.000000000000000000, 0.9680832949313029623 ) ) ;
#5822 = VERTEX_POINT ( 'NONE', #3431 ) ;
#5823 = VERTEX_POINT ( 'NONE', #7551 ) ;
#5824 = EDGE_CURVE ( 'NONE', #2201, #2715, #6206, .T. ) ;
#5825 = LINE ( 'NONE', #1059, #5726 ) ;
#5826 = VECTOR ( 'NONE', #3065, 1000.000000000000114 ) ;
#5827 = CARTESIAN_POINT ( 'NONE',  ( -87.56103777371090757, 12.29999999999999893, -76.69553844091078076 ) ) ;
#5828 = EDGE_CURVE ( 'NONE', #2316, #711, #4782, .T. ) ;
#5829 = CARTESIAN_POINT ( 'NONE',  ( 2.722059814195459726, 12.30000000000000071, -83.65359444396744948 ) ) ;
#5830 = FACE_OUTER_BOUND ( 'NONE', #6090, .T. ) ;
#5831 = FACE_OUTER_BOUND ( 'NONE', #5135, .T. ) ;
#5832 = CARTESIAN_POINT ( 'NONE',  ( -91.88706167433458916, 12.30000000000000071, -77.84957317619922890 ) ) ;
#5833 = VERTEX_POINT ( 'NONE', #5752 ) ;
#5834 = CARTESIAN_POINT ( 'NONE',  ( 35.54999999999998295, 20.00000000000000000, -38.65000000000001279 ) ) ;
#5835 = EDGE_CURVE ( 'NONE', #6013, #1494, #5117, .T. ) ;
#5836 = PLANE ( 'NONE',  #3976 ) ;
#5837 = EDGE_CURVE ( 'NONE', #2643, #1494, #8520, .T. ) ;
#5838 = DIRECTION ( 'NONE',  ( 1.000000000000000000, 0.000000000000000000, 0.000000000000000000 ) ) ;
#5839 = CARTESIAN_POINT ( 'NONE',  ( -26.04400000000002535, 12.30000000000000071, -1.174993415770824197E-14 ) ) ;
#5840 = ORIENTED_EDGE ( 'NONE', *, *, #7735, .T. ) ;
#5841 = ORIENTED_EDGE ( 'NONE', *, *, #2661, .F. ) ;
#5842 = CARTESIAN_POINT ( 'NONE',  ( -83.77180073764536417, 2.000000000000000000, 0.000000000000000000 ) ) ;
#5843 = ORIENTED_EDGE ( 'NONE', *, *, #758, .T. ) ;
#5844 = ORIENTED_EDGE ( 'NONE', *, *, #1781, .F. ) ;
#5845 = LINE ( 'NONE', #6392, #4208 ) ;
#5846 = MANIFOLD_SOLID_BREP ( '\X2\52079664\X0\-\X2\62c94f38\X0\7', #4366 ) ;
#5847 = EDGE_CURVE ( 'NONE', #5559, #2009, #1068, .T. ) ;
#5848 = CARTESIAN_POINT ( 'NONE',  ( -71.86523063261998345, 16.00000000000000000, 117.0000000000000000 ) ) ;
#5849 = DIRECTION ( 'NONE',  ( -0.000000000000000000, 1.000000000000000000, -0.000000000000000000 ) ) ;
#5850 = LINE ( 'NONE', #5892, #7553 ) ;
#5851 = EDGE_LOOP ( 'NONE', ( #5777, #1817, #608, #6524, #5927, #8124, #1269, #129 ) ) ;
#5852 = VERTEX_POINT ( 'NONE', #4482 ) ;
#5853 = EDGE_CURVE ( 'NONE', #4879, #8686, #2392, .T. ) ;
#5854 = DIRECTION ( 'NONE',  ( 1.409628015014165431E-16, 0.000000000000000000, -1.000000000000000000 ) ) ;
#5855 = DIRECTION ( 'NONE',  ( 1.119176436114072389E-15, 0.000000000000000000, 1.000000000000000000 ) ) ;
#5856 = ORIENTED_EDGE ( 'NONE', *, *, #8109, .T. ) ;
#5857 = CARTESIAN_POINT ( 'NONE',  ( -68.15000000000000568, 4.299999999999999822, -68.45000000000000284 ) ) ;
#5858 = DIRECTION ( 'NONE',  ( 0.000000000000000000, 0.000000000000000000, -1.000000000000000000 ) ) ;
#5859 = CARTESIAN_POINT ( 'NONE',  ( 47.29999999999981952, 4.299999999999999822, 52.00000000000004974 ) ) ;
#5860 = ORIENTED_EDGE ( 'NONE', *, *, #3211, .T. ) ;
#5861 = ORIENTED_EDGE ( 'NONE', *, *, #6975, .F. ) ;
#5862 = CIRCLE ( 'NONE', #8185, 9.999999999999994671 ) ;
#5863 = FACE_OUTER_BOUND ( 'NONE', #6798, .T. ) ;
#5864 = VECTOR ( 'NONE', #7613, 1000.000000000000000 ) ;
#5865 = CARTESIAN_POINT ( 'NONE',  ( 2.639991237787759903, 12.29999999999999893, -82.46643970741001795 ) ) ;
#5866 = VECTOR ( 'NONE', #8565, 1000.000000000000000 ) ;
#5867 = CARTESIAN_POINT ( 'NONE',  ( -86.84200000000002717, 10.29999999999999716, -80.84896198777730092 ) ) ;
#5868 = VECTOR ( 'NONE', #4524, 1000.000000000000114 ) ;
#5869 = VECTOR ( 'NONE', #8380, 1000.000000000000000 ) ;
#5870 = DIRECTION ( 'NONE',  ( 0.1731268707254287609, 0.000000000000000000, -0.9848995312379941192 ) ) ;
#5871 = CARTESIAN_POINT ( 'NONE',  ( -33.30128879101122408, 12.30000000000000071, 7.491014855973743281 ) ) ;
#5872 = AXIS2_PLACEMENT_3D ( 'NONE', #2917, #7723, #5495 ) ;
#5873 = EDGE_CURVE ( 'NONE', #2788, #8736, #1629, .T. ) ;
#5874 = CARTESIAN_POINT ( 'NONE',  ( 2.720000000000033058, 10.29999999999999893, -83.38896198777732138 ) ) ;
#5875 = VECTOR ( 'NONE', #1207, 1000.000000000000000 ) ;
#5876 = ORIENTED_EDGE ( 'NONE', *, *, #2569, .F. ) ;
#5877 = DIRECTION ( 'NONE',  ( -0.000000000000000000, 1.000000000000000000, -0.000000000000000000 ) ) ;
#5878 = CARTESIAN_POINT ( 'NONE',  ( 55.92800000000000438, 12.30000000000000071, -88.20896198777730035 ) ) ;
#5879 = CARTESIAN_POINT ( 'NONE',  ( 94.27700000000005787, 12.30000000000000071, -101.0089619877773686 ) ) ;
#5880 = FILL_AREA_STYLE_COLOUR ( '', #4618 ) ;
#5881 = FACE_OUTER_BOUND ( 'NONE', #6531, .T. ) ;
#5882 = CARTESIAN_POINT ( 'NONE',  ( 53.49729820731779029, 12.30000000000000071, -87.29422186869982170 ) ) ;
#5883 = ORIENTED_EDGE ( 'NONE', *, *, #133, .T. ) ;
#5884 = AXIS2_PLACEMENT_3D ( 'NONE', #1135, #2547, #1272 ) ;
#5885 = VERTEX_POINT ( 'NONE', #3798 ) ;
#5886 = DIRECTION ( 'NONE',  ( 1.000000000000000000, 0.000000000000000000, 0.000000000000000000 ) ) ;
#5887 = ORIENTED_EDGE ( 'NONE', *, *, #941, .T. ) ;
#5888 = ORIENTED_EDGE ( 'NONE', *, *, #2298, .T. ) ;
#5889 = DIRECTION ( 'NONE',  ( 0.6427876096865483557, -0.7660444431189704639, 0.000000000000000000 ) ) ;
#5890 = LINE ( 'NONE', #3137, #373 ) ;
#5891 = DIRECTION ( 'NONE',  ( 0.000000000000000000, 1.000000000000000000, 0.000000000000000000 ) ) ;
#5892 = CARTESIAN_POINT ( 'NONE',  ( 33.54999999999999716, 4.299999999999999822, -33.64999999999999858 ) ) ;
#5893 = ORIENTED_EDGE ( 'NONE', *, *, #3039, .F. ) ;
#5894 = EDGE_LOOP ( 'NONE', ( #6080, #2179, #1515, #1524 ) ) ;
#5895 = EDGE_CURVE ( 'NONE', #8575, #4085, #991, .T. ) ;
#5896 = EDGE_CURVE ( 'NONE', #3666, #2223, #5202, .T. ) ;
#5897 = CIRCLE ( 'NONE', #3157, 9.999999999999994671 ) ;
#5898 = CARTESIAN_POINT ( 'NONE',  ( 47.29999999999981952, 5.699999999999909583, 47.30000000000015348 ) ) ;
#5899 = CARTESIAN_POINT ( 'NONE',  ( -2.448811538943157284, 12.30000000000000071, -92.86864859262351501 ) ) ;
#5900 = ORIENTED_EDGE ( 'NONE', *, *, #5824, .F. ) ;
#5901 = DIRECTION ( 'NONE',  ( 0.000000000000000000, 0.000000000000000000, 1.000000000000000000 ) ) ;
#5902 = CARTESIAN_POINT ( 'NONE',  ( -89.86523063261998345, 16.00000000000000000, 117.0000000000000000 ) ) ;
#5903 = CARTESIAN_POINT ( 'NONE',  ( 117.0000000000006679, 16.00000000000000000, 71.86523063261957134 ) ) ;
#5904 = VERTEX_POINT ( 'NONE', #7289 ) ;
#5905 = EDGE_LOOP ( 'NONE', ( #3930, #5644, #2785, #3679 ) ) ;
#5906 = CARTESIAN_POINT ( 'NONE',  ( -90.59250486345510467, 10.29999999999999716, -101.0089619783066013 ) ) ;
#5907 = LINE ( 'NONE', #8680, #507 ) ;
#5908 = DIRECTION ( 'NONE',  ( 0.000000000000000000, -0.7071067811865489050, -0.7071067811865460184 ) ) ;
#5909 = CARTESIAN_POINT ( 'NONE',  ( 71.86523063261998345, 16.00000000000000000, -112.0000000000000000 ) ) ;
#5910 = LINE ( 'NONE', #5871, #6065 ) ;
#5911 = VECTOR ( 'NONE', #7637, 999.9999999999998863 ) ;
#5912 = ORIENTED_EDGE ( 'NONE', *, *, #7960, .T. ) ;
#5913 = EDGE_CURVE ( 'NONE', #8275, #3762, #6551, .T. ) ;
#5914 = CARTESIAN_POINT ( 'NONE',  ( -86.81200000000002603, 10.29999999999999893, -76.68896198777730433 ) ) ;
#5915 = VECTOR ( 'NONE', #2214, 1000.000000000000000 ) ;
#5916 = ORIENTED_EDGE ( 'NONE', *, *, #4223, .T. ) ;
#5917 = LINE ( 'NONE', #1671, #8497 ) ;
#5918 = CARTESIAN_POINT ( 'NONE',  ( 49.94769352147771713, 12.30000000000000249, -90.26923702598654131 ) ) ;
#5919 = EDGE_CURVE ( 'NONE', #4353, #2272, #2481, .T. ) ;
#5920 = CARTESIAN_POINT ( 'NONE',  ( -83.77180073764536417, 2.000000000000000000, 75.45000000000000284 ) ) ;
#5921 = DIRECTION ( 'NONE',  ( -1.000000000000000000, -0.000000000000000000, -0.000000000000000000 ) ) ;
#5922 = CARTESIAN_POINT ( 'NONE',  ( 54.77191330842718742, 12.30000000000000071, -88.12371481361944348 ) ) ;
#5923 = ORIENTED_EDGE ( 'NONE', *, *, #6813, .T. ) ;
#5924 = ADVANCED_FACE ( 'NONE', ( #6472 ), #4391, .T. ) ;
#5925 = ORIENTED_EDGE ( 'NONE', *, *, #5551, .T. ) ;
#5926 = DIRECTION ( 'NONE',  ( -0.000000000000000000, -1.000000000000000000, -0.000000000000000000 ) ) ;
#5927 = ORIENTED_EDGE ( 'NONE', *, *, #8699, .T. ) ;
#5928 = ORIENTED_EDGE ( 'NONE', *, *, #2911, .T. ) ;
#5929 = CARTESIAN_POINT ( 'NONE',  ( -36.64999999999999858, 4.299999999999999822, 0.000000000000000000 ) ) ;
#5930 = LINE ( 'NONE', #1044, #6440 ) ;
#5931 = DIRECTION ( 'NONE',  ( 0.000000000000000000, 0.000000000000000000, -1.000000000000000000 ) ) ;
#5932 = CARTESIAN_POINT ( 'NONE',  ( 47.29999999999999005, 12.30000000000000071, -47.29999999999999005 ) ) ;
#5933 = ORIENTED_EDGE ( 'NONE', *, *, #5128, .T. ) ;
#5934 = ORIENTED_EDGE ( 'NONE', *, *, #173, .F. ) ;
#5935 = EDGE_CURVE ( 'NONE', #6182, #3383, #900, .T. ) ;
#5936 = DIRECTION ( 'NONE',  ( 0.4581536757212609778, 0.000000000000000000, -0.8888729996029228753 ) ) ;
#5937 = DIRECTION ( 'NONE',  ( -1.000000000000000000, 0.000000000000000000, 0.000000000000000000 ) ) ;
#5938 = ORIENTED_EDGE ( 'NONE', *, *, #1034, .F. ) ;
#5939 = DIRECTION ( 'NONE',  ( -2.036359179429854203E-16, 0.000000000000000000, -1.000000000000000000 ) ) ;
#5940 = ADVANCED_FACE ( 'NONE', ( #6421 ), #3038, .F. ) ;
#5941 = VECTOR ( 'NONE', #6759, 1000.000000000000000 ) ;
#5942 = CARTESIAN_POINT ( 'NONE',  ( -81.45987952899491802, 12.30000000000000071, -93.90191434852255270 ) ) ;
#5943 = CARTESIAN_POINT ( 'NONE',  ( 59.99800000000000466, 10.30000000000000071, 0.000000000000000000 ) ) ;
#5944 = ADVANCED_FACE ( 'NONE', ( #3231 ), #6626, .T. ) ;
#5945 = ORIENTED_EDGE ( 'NONE', *, *, #3771, .F. ) ;
#5946 = ADVANCED_FACE ( 'NONE', ( #3105 ), #1438, .T. ) ;
#5947 = AXIS2_PLACEMENT_3D ( 'NONE', #3293, #2610, #1245 ) ;
#5948 = VECTOR ( 'NONE', #5533, 1000.000000000000000 ) ;
#5949 = APPLICATION_CONTEXT ( 'automotive_design' ) ;
#5950 = LINE ( 'NONE', #6542, #2532 ) ;
#5951 = LINE ( 'NONE', #8047, #4421 ) ;
#5952 = CARTESIAN_POINT ( 'NONE',  ( -89.38819623441202111, 10.29999999999999716, -81.37215945204593481 ) ) ;
#5953 = EDGE_CURVE ( 'NONE', #978, #6679, #4510, .T. ) ;
#5954 = CARTESIAN_POINT ( 'NONE',  ( 203.9571274732954862, -267.2719869180655792, -112.0000000000000000 ) ) ;
#5955 = DIRECTION ( 'NONE',  ( 0.000000000000000000, 0.7660444431189705750, 0.6427876096865482447 ) ) ;
#5956 = VECTOR ( 'NONE', #726, 999.9999999999998863 ) ;
#5957 = ORIENTED_EDGE ( 'NONE', *, *, #1727, .T. ) ;
#5958 = ADVANCED_FACE ( 'NONE', ( #5863 ), #1709, .T. ) ;
#5959 = VECTOR ( 'NONE', #3413, 1000.000000000000000 ) ;
#5960 = DIRECTION ( 'NONE',  ( 0.000000000000000000, -1.000000000000000000, 0.000000000000000000 ) ) ;
#5961 = ORIENTED_EDGE ( 'NONE', *, *, #5953, .T. ) ;
#5962 = DIRECTION ( 'NONE',  ( -0.000000000000000000, -0.000000000000000000, -1.000000000000000000 ) ) ;
#5963 = DIRECTION ( 'NONE',  ( -0.000000000000000000, -0.000000000000000000, 1.000000000000000000 ) ) ;
#5964 = LINE ( 'NONE', #8871, #3566 ) ;
#5965 = CARTESIAN_POINT ( 'NONE',  ( 0.000000000000000000, 10.30000000000000071, -88.16396198777729865 ) ) ;
#5966 = DIRECTION ( 'NONE',  ( 0.000000000000000000, 0.000000000000000000, -1.000000000000000000 ) ) ;
#5967 = ORIENTED_EDGE ( 'NONE', *, *, #4651, .T. ) ;
#5968 = CARTESIAN_POINT ( 'NONE',  ( 50.50507531620850443, 10.30000000000000071, -90.76528025827946067 ) ) ;
#5969 = ORIENTED_EDGE ( 'NONE', *, *, #2895, .T. ) ;
#5970 = ORIENTED_EDGE ( 'NONE', *, *, #8400, .F. ) ;
#5971 = DIRECTION ( 'NONE',  ( 0.000000000000000000, 0.000000000000000000, -1.000000000000000000 ) ) ;
#5972 = CARTESIAN_POINT ( 'NONE',  ( -80.86606654601330035, 12.29999999999999893, -85.43654749316418417 ) ) ;
#5973 = LINE ( 'NONE', #2627, #6398 ) ;
#5974 = CARTESIAN_POINT ( 'NONE',  ( 47.84799999999999898, 10.30000000000000071, -84.34896198777730092 ) ) ;
#5975 = EDGE_CURVE ( 'NONE', #3050, #6, #4593, .T. ) ;
#5976 = EDGE_LOOP ( 'NONE', ( #8433, #7495 ) ) ;
#5977 = ORIENTED_EDGE ( 'NONE', *, *, #7958, .F. ) ;
#5978 = DIRECTION ( 'NONE',  ( 0.000000000000000000, 0.000000000000000000, 1.000000000000000000 ) ) ;
#5979 = CARTESIAN_POINT ( 'NONE',  ( -75.44999999999997442, 0.000000000000000000, -75.45000000000000284 ) ) ;
#5980 = VERTEX_POINT ( 'NONE', #7274 ) ;
#5981 = DIRECTION ( 'NONE',  ( -1.000000000000000000, 0.000000000000000000, 0.000000000000000000 ) ) ;
#5982 = CARTESIAN_POINT ( 'NONE',  ( 49.45312934230177859, 10.30000000000000249, -89.71248939521396437 ) ) ;
#5983 = CARTESIAN_POINT ( 'NONE',  ( 117.0000000000000995, 16.00000000000000000, -89.86523063262040978 ) ) ;
#5984 = CARTESIAN_POINT ( 'NONE',  ( 52.65800000000000836, 12.30000000000000071, -84.68896198777730433 ) ) ;
#5985 = CARTESIAN_POINT ( 'NONE',  ( 109.7718007376454210, 2.000000000000000000, 101.4500000000000171 ) ) ;
#5986 = ORIENTED_EDGE ( 'NONE', *, *, #5301, .F. ) ;
#5987 = ADVANCED_FACE ( 'NONE', ( #471, #3742 ), #8762, .T. ) ;
#5988 = ORIENTED_EDGE ( 'NONE', *, *, #6714, .T. ) ;
#5989 = LINE ( 'NONE', #6500, #2688 ) ;
#5990 = CARTESIAN_POINT ( 'NONE',  ( 2.269897517014906274, 12.29999999999999893, -81.84975189070684110 ) ) ;
#5991 = VERTEX_POINT ( 'NONE', #3914 ) ;
#5992 = FACE_BOUND ( 'NONE', #2807, .T. ) ;
#5993 = VECTOR ( 'NONE', #2705, 1000.000000000000000 ) ;
#5994 = CARTESIAN_POINT ( 'NONE',  ( -5.516989415401651928E-16, 4.299999999999999822, -4.850000000000002309 ) ) ;
#5995 = VECTOR ( 'NONE', #8465, 1000.000000000000000 ) ;
#5996 = CARTESIAN_POINT ( 'NONE',  ( -82.21080379422035378, 10.29999999999999893, -100.5849472410272938 ) ) ;
#5997 = ORIENTED_EDGE ( 'NONE', *, *, #2207, .F. ) ;
#5998 = AXIS2_PLACEMENT_3D ( 'NONE', #3053, #6433, #7257 ) ;
#5999 = VECTOR ( 'NONE', #1474, 1000.000000000000000 ) ;
#6000 = EDGE_CURVE ( 'NONE', #1592, #5215, #5950, .T. ) ;
#6001 = CARTESIAN_POINT ( 'NONE',  ( 52.66368854577712710, 10.29999999999999893, -84.18746435361133251 ) ) ;
#6002 = EDGE_LOOP ( 'NONE', ( #1797, #7783, #8895, #2421 ) ) ;
#6003 = FACE_OUTER_BOUND ( 'NONE', #4947, .T. ) ;
#6004 = VECTOR ( 'NONE', #1990, 1000.000000000000000 ) ;
#6005 = CARTESIAN_POINT ( 'NONE',  ( 2.611777636827390392, 10.30000000000000071, -90.23124641640067978 ) ) ;
#6006 = DIRECTION ( 'NONE',  ( 0.000000000000000000, 0.000000000000000000, 1.000000000000000000 ) ) ;
#6007 = VECTOR ( 'NONE', #2183, 1000.000000000000000 ) ;
#6008 = VECTOR ( 'NONE', #7031, 1000.000000000000000 ) ;
#6009 = FACE_OUTER_BOUND ( 'NONE', #8303, .T. ) ;
#6010 = AXIS2_PLACEMENT_3D ( 'NONE', #5898, #8668, #1089 ) ;
#6011 = CARTESIAN_POINT ( 'NONE',  ( 71.86523063261998345, 16.00000000000000000, 117.0000000000000000 ) ) ;
#6012 = VECTOR ( 'NONE', #7372, 1000.000000000000114 ) ;
#6013 = VERTEX_POINT ( 'NONE', #1786 ) ;
#6014 = CARTESIAN_POINT ( 'NONE',  ( 47.85386517526825401, 12.30000000000000071, -84.94869808164419567 ) ) ;
#6015 = ORIENTED_EDGE ( 'NONE', *, *, #4240, .F. ) ;
#6016 = EDGE_LOOP ( 'NONE', ( #6015, #2588, #6556, #5208 ) ) ;
#6017 = PLANE ( 'NONE',  #7688 ) ;
#6018 = CARTESIAN_POINT ( 'NONE',  ( -83.13157565629504120, 12.29999999999999893, -82.00687401453255632 ) ) ;
#6019 = VECTOR ( 'NONE', #5021, 1000.000000000000000 ) ;
#6020 = CARTESIAN_POINT ( 'NONE',  ( -2.759999999999967368, 12.30000000000000249, -87.84396198777731968 ) ) ;
#6021 = CARTESIAN_POINT ( 'NONE',  ( -36.64999999999999858, 4.299999999999999822, -4.849999999999998757 ) ) ;
#6022 = AXIS2_PLACEMENT_3D ( 'NONE', #7410, #3916, #8908 ) ;
#6023 = ORIENTED_EDGE ( 'NONE', *, *, #7790, .T. ) ;
#6024 = ORIENTED_EDGE ( 'NONE', *, *, #41, .F. ) ;
#6025 = PLANE ( 'NONE',  #7182 ) ;
#6026 = CARTESIAN_POINT ( 'NONE',  ( -107.0000000000000000, 20.00000000000000000, -107.0000000000000284 ) ) ;
#6027 = EDGE_CURVE ( 'NONE', #3325, #7875, #5989, .T. ) ;
#6028 = VERTEX_POINT ( 'NONE', #343 ) ;
#6029 = DIRECTION ( 'NONE',  ( -0.2768620965121626476, 0.000000000000000000, 0.9609096625151033466 ) ) ;
#6030 = LINE ( 'NONE', #8805, #677 ) ;
#6031 = CARTESIAN_POINT ( 'NONE',  ( 64.45300000000001717, 10.30000000000000071, -101.0089619877773117 ) ) ;
#6032 = CARTESIAN_POINT ( 'NONE',  ( -86.84200000000002717, 10.29999999999999716, -80.84896198777730092 ) ) ;
#6033 = EDGE_CURVE ( 'NONE', #8494, #1553, #2422, .T. ) ;
#6034 = CARTESIAN_POINT ( 'NONE',  ( 1.279358249347100518, 10.29999999999999893, -85.70484657297996023 ) ) ;
#6035 = ORIENTED_EDGE ( 'NONE', *, *, #8949, .T. ) ;
#6036 = EDGE_LOOP ( 'NONE', ( #2085, #1074, #1416, #5630 ) ) ;
#6037 = CARTESIAN_POINT ( 'NONE',  ( 75.45000000000000284, 0.000000000000000000, 85.45000000000000284 ) ) ;
#6038 = CARTESIAN_POINT ( 'NONE',  ( -3.222315958992008511, 12.30000000000000249, -94.34105057843093789 ) ) ;
#6039 = ORIENTED_EDGE ( 'NONE', *, *, #5001, .T. ) ;
#6040 = CARTESIAN_POINT ( 'NONE',  ( -1.551281812837221219, 10.30000000000000071, -92.23452100183945390 ) ) ;
#6041 = CARTESIAN_POINT ( 'NONE',  ( 7.042206333115736072, 10.29999999999999893, -80.48524964823167238 ) ) ;
#6042 = CARTESIAN_POINT ( 'NONE',  ( -6.781476607922519051, 12.30000000000000249, -78.56864829717355292 ) ) ;
#6043 = CARTESIAN_POINT ( 'NONE',  ( -80.22546532028711397, 10.29999999999999893, -99.61710073133015442 ) ) ;
#6044 = B_SPLINE_SURFACE_WITH_KNOTS ( 'NONE', 3, 1, ( 
 ( #6682, #485 ),
 ( #8784, #5374 ),
 ( #1200, #8923 ),
 ( #2659, #8149 ),
 ( #7468, #1251 ),
 ( #6778, #1984 ),
 ( #5242, #8013 ),
 ( #1444, #4163 ),
 ( #1534, #4297 ),
 ( #7054, #47 ),
 ( #2896, #135 ),
 ( #8246, #846 ),
 ( #2071, #2026 ),
 ( #4835, #89 ),
 ( #4253, #4789 ),
 ( #7563, #1345 ),
 ( #3571, #1488 ) ),
 .UNSPECIFIED., .F., .F., .F.,
 ( 4, 1, 1, 1, 1, 1, 1, 1, 1, 1, 1, 1, 1, 1, 4 ),
 ( 2, 2 ),
 ( 0.000000000000000000, 0.1469852535301812146, 0.2149136607078768191, 0.2791919362331371501, 0.3409813183600179376, 0.4007700797705197604, 0.4588641555859607202, 0.5164085478424232933, 0.5733595297824540804, 0.6299033208733965106, 0.6862560826708781203, 0.7441110152613804596, 0.8039607683400732396, 0.8662011976985239947, 1.000000000000000000 ),
 ( 0.000000000000000000, 1.000000000000000000 ),
 .UNSPECIFIED. ) ;
#6045 = ORIENTED_EDGE ( 'NONE', *, *, #5319, .T. ) ;
#6046 = CARTESIAN_POINT ( 'NONE',  ( 55.92800000000000438, 10.30000000000000071, -81.16896198777732252 ) ) ;
#6047 = EDGE_LOOP ( 'NONE', ( #937, #5003, #8823, #7911 ) ) ;
#6048 = CARTESIAN_POINT ( 'NONE',  ( -30.49899999999993483, 10.30000000000000071, 1.374107297813819134E-14 ) ) ;
#6049 = DIRECTION ( 'NONE',  ( 0.000000000000000000, 0.000000000000000000, -1.000000000000000000 ) ) ;
#6050 = EDGE_CURVE ( 'NONE', #8590, #7327, #5825, .T. ) ;
#6051 = DIRECTION ( 'NONE',  ( 0.000000000000000000, -1.000000000000000000, 0.000000000000000000 ) ) ;
#6052 = CARTESIAN_POINT ( 'NONE',  ( -116.9999999999997584, 20.00000000000000000, 70.00000000000041211 ) ) ;
#6053 = DIRECTION ( 'NONE',  ( 0.000000000000000000, 0.000000000000000000, 1.000000000000000000 ) ) ;
#6054 = EDGE_CURVE ( 'NONE', #916, #1411, #2380, .T. ) ;
#6055 = ADVANCED_FACE ( 'NONE', ( #387 ), #8089, .T. ) ;
#6056 = EDGE_CURVE ( 'NONE', #8914, #4622, #3197, .T. ) ;
#6057 = AXIS2_PLACEMENT_3D ( 'NONE', #3929, #8199, #1986 ) ;
#6058 = LINE ( 'NONE', #6146, #2473 ) ;
#6059 = CARTESIAN_POINT ( 'NONE',  ( 51.31757991338199076, 10.30000000000000071, -91.30046065687052703 ) ) ;
#6060 = VERTEX_POINT ( 'NONE', #8230 ) ;
#6061 = CARTESIAN_POINT ( 'NONE',  ( 47.29999999999981952, 4.299999999999999822, 47.30000000000015348 ) ) ;
#6062 = EDGE_LOOP ( 'NONE', ( #5126, #896, #5456, #2712 ) ) ;
#6063 = LINE ( 'NONE', #4756, #5794 ) ;
#6064 = CARTESIAN_POINT ( 'NONE',  ( -81.41701720175096568, 12.29999999999999893, -84.06502548811671716 ) ) ;
#6065 = VECTOR ( 'NONE', #3076, 1000.000000000000000 ) ;
#6066 = DIRECTION ( 'NONE',  ( 0.000000000000000000, 0.000000000000000000, -1.000000000000000000 ) ) ;
#6067 = CARTESIAN_POINT ( 'NONE',  ( 5.669721161599239778, 12.30000000000000249, -100.8137368554971118 ) ) ;
#6068 = ADVANCED_FACE ( 'NONE', ( #2598, #4148 ), #4821, .F. ) ;
#6069 = VERTEX_POINT ( 'NONE', #3282 ) ;
#6070 = VERTEX_POINT ( 'NONE', #6082 ) ;
#6071 = CARTESIAN_POINT ( 'NONE',  ( -3.221602042398910459, 10.30000000000000071, -94.96952048079583619 ) ) ;
#6072 = LINE ( 'NONE', #2041, #5013 ) ;
#6073 = EDGE_LOOP ( 'NONE', ( #2956, #7404, #6859, #6024 ) ) ;
#6074 = CARTESIAN_POINT ( 'NONE',  ( -28.11899999999997846, 12.30000000000000071, -88.16396198777729865 ) ) ;
#6075 = AXIS2_PLACEMENT_3D ( 'NONE', #3673, #6431, #244 ) ;
#6076 = CARTESIAN_POINT ( 'NONE',  ( 32.27900000000001057, 10.30000000000000071, 0.000000000000000000 ) ) ;
#6077 = CARTESIAN_POINT ( 'NONE',  ( 117.0000000000007390, 20.00000000000000000, 91.73046126523954058 ) ) ;
#6078 = DIRECTION ( 'NONE',  ( -0.4226182617406967212, -0.9063077870366512689, -0.000000000000000000 ) ) ;
#6079 = CARTESIAN_POINT ( 'NONE',  ( -109.7718007376454494, 2.000000000000000000, 101.4499999999999886 ) ) ;
#6080 = ORIENTED_EDGE ( 'NONE', *, *, #4189, .F. ) ;
#6081 = VERTEX_POINT ( 'NONE', #8273 ) ;
#6082 = CARTESIAN_POINT ( 'NONE',  ( 47.29999999999981952, 4.299999999999999822, 52.00000000000004974 ) ) ;
#6083 = CARTESIAN_POINT ( 'NONE',  ( 0.000000000000000000, 0.000000000000000000, 85.45000000000000284 ) ) ;
#6084 = ORIENTED_EDGE ( 'NONE', *, *, #1580, .F. ) ;
#6085 = CARTESIAN_POINT ( 'NONE',  ( -91.88706167433458916, 12.29999999999999893, -77.84957317619922890 ) ) ;
#6086 = CARTESIAN_POINT ( 'NONE',  ( 3.667694673168418351, 10.29999999999999893, -77.34288084189925883 ) ) ;
#6087 = CARTESIAN_POINT ( 'NONE',  ( -7.981436766771070168, 10.29999999999999893, -95.92470773741148093 ) ) ;
#6088 = CARTESIAN_POINT ( 'NONE',  ( 52.73459930060161582, 10.29999999999999893, -83.44999564423144989 ) ) ;
#6089 = EDGE_CURVE ( 'NONE', #44, #651, #1282, .T. ) ;
#6090 = EDGE_LOOP ( 'NONE', ( #3556, #2637, #1173, #5844 ) ) ;
#6091 = EDGE_CURVE ( 'NONE', #6978, #81, #2786, .T. ) ;
#6092 = CARTESIAN_POINT ( 'NONE',  ( 53.11954078560610526, 10.29999999999999893, -82.59020095088276037 ) ) ;
#6093 = ORIENTED_EDGE ( 'NONE', *, *, #4568, .T. ) ;
#6094 = CARTESIAN_POINT ( 'NONE',  ( -3.116827455484562304, 10.30000000000000249, -95.53760971888154074 ) ) ;
#6095 = B_SPLINE_CURVE_WITH_KNOTS ( 'NONE', 3,
 ( #5522, #673, #3439, #6188, #49, #2757, #2802, #7655, #304 ),
 .UNSPECIFIED., .F., .F.,
 ( 4, 1, 1, 1, 1, 1, 4 ),
 ( 0.000000000000000000, 0.2568933668120270131, 0.3730790329440269448, 0.4876622124673595238, 0.6038623782457555045, 0.7246374548906411306, 1.000000000000000000 ),
 .UNSPECIFIED. ) ;
#6096 = CARTESIAN_POINT ( 'NONE',  ( 24.07900000000001128, 12.30000000000000071, -81.16896198777733673 ) ) ;
#6097 = CONICAL_SURFACE ( 'NONE', #1763, 6.678199262354605814, 0.6981317007977448919 ) ;
#6098 = DIRECTION ( 'NONE',  ( 0.000000000000000000, 0.7660444431189705750, 0.6427876096865482447 ) ) ;
#6099 = CARTESIAN_POINT ( 'NONE',  ( 5.472454195508313468, 12.30000000000000071, -78.39870175930185781 ) ) ;
#6100 = PLANE ( 'NONE',  #6629 ) ;
#6101 = VECTOR ( 'NONE', #6902, 1000.000000000000114 ) ;
#6102 = EDGE_CURVE ( 'NONE', #7750, #541, #8136, .T. ) ;
#6103 = CARTESIAN_POINT ( 'NONE',  ( -7.485436169623046254, 12.29999999999999893, -97.50522010691290120 ) ) ;
#6104 = CARTESIAN_POINT ( 'NONE',  ( -53.48800000000000665, 10.30000000000000071, -82.24896198777730660 ) ) ;
#6105 = EDGE_LOOP ( 'NONE', ( #2379, #4333, #631, #7488 ) ) ;
#6106 = CARTESIAN_POINT ( 'NONE',  ( -7.271900180227506283, 12.30000000000000071, -91.80171566348501244 ) ) ;
#6107 = EDGE_CURVE ( 'NONE', #8138, #6028, #5550, .T. ) ;
#6108 = EDGE_LOOP ( 'NONE', ( #5328, #8214, #61, #115 ) ) ;
#6109 = DIRECTION ( 'NONE',  ( -0.000000000000000000, -1.000000000000000000, -0.000000000000000000 ) ) ;
#6110 = CARTESIAN_POINT ( 'NONE',  ( -81.11838966831579967, 12.29999999999999893, -84.72509431855867490 ) ) ;
#6111 = CARTESIAN_POINT ( 'NONE',  ( -4.495569275865665126, 12.30000000000000249, -88.88465248404671115 ) ) ;
#6112 = CARTESIAN_POINT ( 'NONE',  ( -91.31700000000003570, 10.30000000000000071, -82.89896198777729808 ) ) ;
#6113 = ORIENTED_EDGE ( 'NONE', *, *, #6914, .T. ) ;
#6114 = VERTEX_POINT ( 'NONE', #6708 ) ;
#6115 = LINE ( 'NONE', #5586, #2778 ) ;
#6116 = LINE ( 'NONE', #4089, #5736 ) ;
#6117 = VERTEX_POINT ( 'NONE', #8317 ) ;
#6118 = EDGE_CURVE ( 'NONE', #819, #8054, #5502, .T. ) ;
#6119 = VERTEX_POINT ( 'NONE', #3466 ) ;
#6120 = DIRECTION ( 'NONE',  ( 0.000000000000000000, -1.000000000000000000, 0.000000000000000000 ) ) ;
#6121 = CARTESIAN_POINT ( 'NONE',  ( -92.61700000000004707, 10.30000000000000071, -96.15396198777730774 ) ) ;
#6122 = CARTESIAN_POINT ( 'NONE',  ( -106.4500000000000171, 0.000000000000000000, -101.4500000000000171 ) ) ;
#6123 = CARTESIAN_POINT ( 'NONE',  ( -80.49721936818373536, 10.29999999999999893, -87.33347279851113854 ) ) ;
#6124 = DIRECTION ( 'NONE',  ( -1.239088197126290817E-16, 0.000000000000000000, -1.000000000000000000 ) ) ;
#6125 = ORIENTED_EDGE ( 'NONE', *, *, #4527, .F. ) ;
#6126 = EDGE_LOOP ( 'NONE', ( #5900, #6560, #3564, #6557, #517, #3629, #8623, #5861 ) ) ;
#6127 = EDGE_CURVE ( 'NONE', #502, #6291, #2101, .T. ) ;
#6128 = CARTESIAN_POINT ( 'NONE',  ( -52.86300000000001376, 10.30000000000000071, -101.0089619877773117 ) ) ;
#6129 = FACE_OUTER_BOUND ( 'NONE', #587, .T. ) ;
#6130 = ORIENTED_EDGE ( 'NONE', *, *, #6310, .T. ) ;
#6131 = FACE_BOUND ( 'NONE', #8608, .T. ) ;
#6132 = CARTESIAN_POINT ( 'NONE',  ( 47.29999999999999005, 4.299999999999999822, -51.99999999999994316 ) ) ;
#6133 = CARTESIAN_POINT ( 'NONE',  ( 59.99800000000000466, 12.30000000000000071, -92.36896198777731115 ) ) ;
#6134 = CARTESIAN_POINT ( 'NONE',  ( -77.33961142584522008, 10.29999999999999893, -96.50343040448032639 ) ) ;
#6135 = ORIENTED_EDGE ( 'NONE', *, *, #4341, .T. ) ;
#6136 = DIRECTION ( 'NONE',  ( 0.000000000000000000, 0.000000000000000000, 1.000000000000000000 ) ) ;
#6137 = AXIS2_PLACEMENT_3D ( 'NONE', #7653, #8969, #6406 ) ;
#6138 = ORIENTED_EDGE ( 'NONE', *, *, #6316, .T. ) ;
#6139 = CARTESIAN_POINT ( 'NONE',  ( -2.259197017068998115, 10.30000000000000249, -96.53214377178107952 ) ) ;
#6140 = CARTESIAN_POINT ( 'NONE',  ( 112.0000000000000142, 12.29999999999997762, 107.0000000000000000 ) ) ;
#6141 = LINE ( 'NONE', #3927, #3994 ) ;
#6142 = PLANE ( 'NONE',  #7268 ) ;
#6143 = EDGE_CURVE ( 'NONE', #6200, #7863, #7755, .T. ) ;
#6144 = DIRECTION ( 'NONE',  ( -0.000000000000000000, 1.000000000000000000, -0.000000000000000000 ) ) ;
#6145 = AXIS2_PLACEMENT_3D ( 'NONE', #7963, #2466, #8045 ) ;
#6146 = CARTESIAN_POINT ( 'NONE',  ( 0.000000000000000000, 10.30000000000000071, -92.68896198777731854 ) ) ;
#6147 = CARTESIAN_POINT ( 'NONE',  ( 89.86523063261998345, 16.00000000000000000, 117.0000000000000000 ) ) ;
#6148 = VECTOR ( 'NONE', #3328, 1000.000000000000000 ) ;
#6149 = ORIENTED_EDGE ( 'NONE', *, *, #2070, .F. ) ;
#6150 = CARTESIAN_POINT ( 'NONE',  ( -6.673141166363880217, 12.30000000000000071, -90.90613771247762998 ) ) ;
#6151 = ORIENTED_EDGE ( 'NONE', *, *, #4838, .F. ) ;
#6152 = VECTOR ( 'NONE', #4172, 1000.000000000000000 ) ;
#6153 = FACE_OUTER_BOUND ( 'NONE', #7733, .T. ) ;
#6154 = AXIS2_PLACEMENT_3D ( 'NONE', #1860, #6797, #3360 ) ;
#6155 = CARTESIAN_POINT ( 'NONE',  ( -80.67862814641188152, 12.29999999999999893, -86.20593925742024055 ) ) ;
#6156 = LINE ( 'NONE', #8935, #7126 ) ;
#6157 = DIRECTION ( 'NONE',  ( 1.000000000000000000, -0.000000000000000000, 0.000000000000000000 ) ) ;
#6158 = ORIENTED_EDGE ( 'NONE', *, *, #4614, .T. ) ;
#6159 = CIRCLE ( 'NONE', #7324, 4.699999999999953992 ) ;
#6160 = ORIENTED_EDGE ( 'NONE', *, *, #3117, .T. ) ;
#6161 = DIRECTION ( 'NONE',  ( -0.000000000000000000, 1.000000000000000000, -0.000000000000000000 ) ) ;
#6162 = DIRECTION ( 'NONE',  ( 1.000000000000000000, -0.000000000000000000, 0.000000000000000000 ) ) ;
#6163 = ORIENTED_EDGE ( 'NONE', *, *, #966, .T. ) ;
#6164 = ORIENTED_EDGE ( 'NONE', *, *, #7908, .T. ) ;
#6165 = CARTESIAN_POINT ( 'NONE',  ( 7.209239905108007385, 12.30000000000000249, -85.40792580488685815 ) ) ;
#6166 = DIRECTION ( 'NONE',  ( 0.000000000000000000, 0.000000000000000000, -1.000000000000000000 ) ) ;
#6167 = CARTESIAN_POINT ( 'NONE',  ( 74.97200000000005105, 10.30000000000000071, -101.0089619877773401 ) ) ;
#6168 = CARTESIAN_POINT ( 'NONE',  ( -84.82786055485176746, 10.29999999999999893, -81.12303644544962822 ) ) ;
#6169 = DIRECTION ( 'NONE',  ( 0.6427876096865482447, 0.7660444431189705750, 0.000000000000000000 ) ) ;
#6170 = EDGE_LOOP ( 'NONE', ( #5371, #7944, #8192, #7667, #1304, #8258, #949, #3821 ) ) ;
#6171 = ORIENTED_EDGE ( 'NONE', *, *, #6715, .F. ) ;
#6172 = EDGE_CURVE ( 'NONE', #8658, #1472, #4873, .T. ) ;
#6173 = EDGE_CURVE ( 'NONE', #7624, #4091, #232, .T. ) ;
#6174 = DIRECTION ( 'NONE',  ( -0.000000000000000000, 1.000000000000000000, -0.000000000000000000 ) ) ;
#6175 = CARTESIAN_POINT ( 'NONE',  ( -64.04423606236412070, 9.496152422706654050, -1.849999999999992317 ) ) ;
#6176 = EDGE_LOOP ( 'NONE', ( #2565, #3410, #5670, #1352 ) ) ;
#6177 = LINE ( 'NONE', #8234, #2276 ) ;
#6178 = DIRECTION ( 'NONE',  ( -0.000000000000000000, 1.000000000000000000, -0.000000000000000000 ) ) ;
#6179 = EDGE_LOOP ( 'NONE', ( #5419, #3058, #1901, #6347 ) ) ;
#6180 = CARTESIAN_POINT ( 'NONE',  ( -89.94842283852622700, 10.29999999999999716, -81.66457399100617920 ) ) ;
#6181 = DIRECTION ( 'NONE',  ( 0.000000000000000000, 0.000000000000000000, 1.000000000000000000 ) ) ;
#6182 = VERTEX_POINT ( 'NONE', #8854 ) ;
#6183 = DIRECTION ( 'NONE',  ( -1.000000000000000000, 0.000000000000000000, 0.000000000000000000 ) ) ;
#6184 = EDGE_LOOP ( 'NONE', ( #3464, #8495, #2672, #4541 ) ) ;
#6185 = LINE ( 'NONE', #4833, #6897 ) ;
#6186 = DIRECTION ( 'NONE',  ( 2.182042108146926802E-16, 0.000000000000000000, 1.000000000000000000 ) ) ;
#6187 = CARTESIAN_POINT ( 'NONE',  ( 75.45000000000001705, 0.000000000000000000, 80.44999999999998863 ) ) ;
#6188 = CARTESIAN_POINT ( 'NONE',  ( 53.98278437694381182, 10.29999999999999893, -87.70411300367912588 ) ) ;
#6189 = LINE ( 'NONE', #802, #7364 ) ;
#6190 = B_SPLINE_SURFACE_WITH_KNOTS ( 'NONE', 3, 1, ( 
 ( #3447, #6380 ),
 ( #1358, #4944 ),
 ( #6287, #2810 ),
 ( #5667, #860 ),
 ( #1497, #8352 ),
 ( #7574, #2175 ),
 ( #4899, #1548 ),
 ( #8437, #7709 ),
 ( #770, #3535 ) ),
 .UNSPECIFIED., .F., .F., .F.,
 ( 4, 1, 1, 1, 1, 1, 4 ),
 ( 2, 2 ),
 ( 0.000000000000000000, 0.2704152370959317930, 0.4022059016508223728, 0.5315022432348889270, 0.6574208302839994467, 0.7767221372520923817, 1.000000000000000000 ),
 ( 0.000000000000000000, 1.000000000000000000 ),
 .UNSPECIFIED. ) ;
#6191 = CARTESIAN_POINT ( 'NONE',  ( -3.083370568590949823, 12.29999999999999893, -100.8764664482388156 ) ) ;
#6192 = PLANE ( 'NONE',  #3114 ) ;
#6193 = ORIENTED_EDGE ( 'NONE', *, *, #5256, .T. ) ;
#6194 = CARTESIAN_POINT ( 'NONE',  ( 93.45000000000000284, -1.734723475976807094E-15, 0.000000000000000000 ) ) ;
#6195 = CARTESIAN_POINT ( 'NONE',  ( 112.0000000000000142, 16.00000000000001421, 107.0000000000000000 ) ) ;
#6196 = LINE ( 'NONE', #2905, #510 ) ;
#6197 = DIRECTION ( 'NONE',  ( 0.000000000000000000, 0.000000000000000000, -1.000000000000000000 ) ) ;
#6198 = PLANE ( 'NONE',  #3505 ) ;
#6199 = ORIENTED_EDGE ( 'NONE', *, *, #3039, .T. ) ;
#6200 = VERTEX_POINT ( 'NONE', #6037 ) ;
#6201 = ADVANCED_FACE ( 'NONE', ( #1188 ), #3958, .F. ) ;
#6202 = LINE ( 'NONE', #7527, #3924 ) ;
#6203 = PLANE ( 'NONE',  #1687 ) ;
#6204 = EDGE_LOOP ( 'NONE', ( #5031, #4056, #6469, #5177 ) ) ;
#6205 = ORIENTED_EDGE ( 'NONE', *, *, #7384, .T. ) ;
#6206 = CIRCLE ( 'NONE', #4929, 5.000000000000004441 ) ;
#6207 = CARTESIAN_POINT ( 'NONE',  ( 7.004258201248930504, 10.30000000000000071, -85.90853134798203428 ) ) ;
#6208 = CARTESIAN_POINT ( 'NONE',  ( -81.13655661433467969, 12.29999999999999893, -77.92137276918273869 ) ) ;
#6209 = DIRECTION ( 'NONE',  ( -0.000000000000000000, 1.000000000000000000, -0.000000000000000000 ) ) ;
#6210 = DIRECTION ( 'NONE',  ( 1.000000000000000000, 0.000000000000000000, -2.888197254487934585E-15 ) ) ;
#6211 = CONICAL_SURFACE ( 'NONE', #2599, 3.299999999999997158, 0.7853981633974437271 ) ;
#6212 = PLANE ( 'NONE',  #5812 ) ;
#6213 = ORIENTED_EDGE ( 'NONE', *, *, #750, .F. ) ;
#6214 = ADVANCED_FACE ( 'NONE', ( #610 ), #1966, .T. ) ;
#6215 = ORIENTED_EDGE ( 'NONE', *, *, #4062, .T. ) ;
#6216 = DIRECTION ( 'NONE',  ( 0.000000000000000000, 0.000000000000000000, 1.000000000000000000 ) ) ;
#6217 = VECTOR ( 'NONE', #7521, 1000.000000000000114 ) ;
#6218 = EDGE_CURVE ( 'NONE', #6750, #4311, #8179, .T. ) ;
#6219 = LINE ( 'NONE', #6083, #939 ) ;
#6220 = VERTEX_POINT ( 'NONE', #6128 ) ;
#6221 = CARTESIAN_POINT ( 'NONE',  ( -86.37851280778565410, 10.29999999999999716, -80.84211434333838042 ) ) ;
#6222 = EDGE_CURVE ( 'NONE', #214, #3599, #5459, .T. ) ;
#6223 = CARTESIAN_POINT ( 'NONE',  ( 4.320603200163122715, 12.29999999999999893, -77.64664453620308393 ) ) ;
#6224 = VERTEX_POINT ( 'NONE', #1329 ) ;
#6225 = EDGE_CURVE ( 'NONE', #2584, #767, #6852, .T. ) ;
#6226 = CARTESIAN_POINT ( 'NONE',  ( -2.506605835772532043, 10.29999999999999893, -101.0089619881004381 ) ) ;
#6227 = ORIENTED_EDGE ( 'NONE', *, *, #1139, .F. ) ;
#6228 = VERTEX_POINT ( 'NONE', #2738 ) ;
#6229 = CARTESIAN_POINT ( 'NONE',  ( 47.85349995209151075, 10.30000000000000071, -83.79572614441092071 ) ) ;
#6230 = EDGE_CURVE ( 'NONE', #1735, #7902, #1566, .T. ) ;
#6231 = ADVANCED_FACE ( 'NONE', ( #252 ), #2152, .F. ) ;
#6232 = CARTESIAN_POINT ( 'NONE',  ( 0.000000000000000000, 12.30000000000000071, -101.0089619877773117 ) ) ;
#6233 = ADVANCED_BREP_SHAPE_REPRESENTATION ( '6060 base fastener', ( #5846, #3006 ), #4888 ) ;
#6234 = LINE ( 'NONE', #5617, #7545 ) ;
#6235 = AXIS2_PLACEMENT_3D ( 'NONE', #7772, #2880, #1563 ) ;
#6236 = DIRECTION ( 'NONE',  ( 1.000000000000000000, 0.000000000000000000, -0.000000000000000000 ) ) ;
#6237 = LINE ( 'NONE', #8466, #6359 ) ;
#6238 = EDGE_CURVE ( 'NONE', #3456, #916, #8415, .T. ) ;
#6239 = EDGE_CURVE ( 'NONE', #2269, #2044, #6991, .T. ) ;
#6240 = DIRECTION ( 'NONE',  ( -1.000000000000000000, 0.000000000000000000, 0.000000000000000000 ) ) ;
#6241 = VECTOR ( 'NONE', #4219, 1000.000000000000000 ) ;
#6242 = CARTESIAN_POINT ( 'NONE',  ( 7.550000000000033573, 10.30000000000000071, -83.26896198777730262 ) ) ;
#6243 = VERTEX_POINT ( 'NONE', #2965 ) ;
#6244 = CARTESIAN_POINT ( 'NONE',  ( 89.86523063261998345, 16.00000000000000000, -117.0000000000000000 ) ) ;
#6245 = CARTESIAN_POINT ( 'NONE',  ( 52.65800000000000836, 10.29999999999999893, -84.68896198777730433 ) ) ;
#6246 = DIRECTION ( 'NONE',  ( 0.000000000000000000, -0.7660444431189705750, 0.6427876096865482447 ) ) ;
#6247 = CARTESIAN_POINT ( 'NONE',  ( -107.0000000000000000, 0.000000000000000000, -117.0000000000000000 ) ) ;
#6248 = LINE ( 'NONE', #5578, #5486 ) ;
#6249 = ORIENTED_EDGE ( 'NONE', *, *, #5837, .T. ) ;
#6250 = ORIENTED_EDGE ( 'NONE', *, *, #691, .T. ) ;
#6251 = ORIENTED_EDGE ( 'NONE', *, *, #3164, .T. ) ;
#6252 = CIRCLE ( 'NONE', #4317, 3.299999999999997158 ) ;
#6253 = CARTESIAN_POINT ( 'NONE',  ( -3.116827455484562304, 10.30000000000000071, -95.53760971888154074 ) ) ;
#6254 = CARTESIAN_POINT ( 'NONE',  ( -67.04423606236410649, 4.299999999999999822, 1.850000000000008304 ) ) ;
#6255 = VECTOR ( 'NONE', #8674, 1000.000000000000114 ) ;
#6256 = ORIENTED_EDGE ( 'NONE', *, *, #1840, .T. ) ;
#6257 = ORIENTED_EDGE ( 'NONE', *, *, #7907, .T. ) ;
#6258 = CARTESIAN_POINT ( 'NONE',  ( 5.379443795910335169, 10.30000000000000071, -88.23332230019794054 ) ) ;
#6259 = DIRECTION ( 'NONE',  ( 0.000000000000000000, 1.000000000000000000, 0.000000000000000000 ) ) ;
#6260 = EDGE_CURVE ( 'NONE', #4765, #3725, #1607, .T. ) ;
#6261 = DIRECTION ( 'NONE',  ( 0.000000000000000000, 1.000000000000000000, 0.000000000000000000 ) ) ;
#6262 = CARTESIAN_POINT ( 'NONE',  ( -2.917338066917739572E-13, 12.30000000000000071, -101.0089619877770843 ) ) ;
#6263 = DIRECTION ( 'NONE',  ( 0.000000000000000000, 0.000000000000000000, -1.000000000000000000 ) ) ;
#6264 = ORIENTED_EDGE ( 'NONE', *, *, #6230, .F. ) ;
#6265 = ADVANCED_FACE ( 'NONE', ( #4326 ), #7086, .T. ) ;
#6266 = ORIENTED_EDGE ( 'NONE', *, *, #8667, .F. ) ;
#6267 = DIRECTION ( 'NONE',  ( -0.000000000000000000, 1.000000000000000000, -0.000000000000000000 ) ) ;
#6268 = CARTESIAN_POINT ( 'NONE',  ( -76.13997716721773656, 12.29999999999999893, -84.97078840487554885 ) ) ;
#6269 = ORIENTED_EDGE ( 'NONE', *, *, #5569, .T. ) ;
#6270 = DIRECTION ( 'NONE',  ( 1.000000000000000000, 0.000000000000000000, 0.000000000000000000 ) ) ;
#6271 = DIRECTION ( 'NONE',  ( -0.000000000000000000, 1.000000000000000000, -0.000000000000000000 ) ) ;
#6272 = ORIENTED_EDGE ( 'NONE', *, *, #7391, .F. ) ;
#6273 = ORIENTED_EDGE ( 'NONE', *, *, #1008, .T. ) ;
#6274 = DIRECTION ( 'NONE',  ( 0.000000000000000000, 0.000000000000000000, -1.000000000000000000 ) ) ;
#6275 = CARTESIAN_POINT ( 'NONE',  ( 2.141236637241971330, 12.29999999999999893, -84.90275408236141175 ) ) ;
#6276 = CARTESIAN_POINT ( 'NONE',  ( 5.019778078364677043, 12.30000000000000071, -100.9411818513744095 ) ) ;
#6277 = CARTESIAN_POINT ( 'NONE',  ( -87.78700000000003456, 10.30000000000000071, -97.16896198777730831 ) ) ;
#6278 = FACE_OUTER_BOUND ( 'NONE', #3912, .T. ) ;
#6279 = CARTESIAN_POINT ( 'NONE',  ( -90.59250486435941241, 10.29999999999999893, -101.0089619781285109 ) ) ;
#6280 = ADVANCED_FACE ( 'NONE', ( #7818 ), #8372, .F. ) ;
#6281 = ADVANCED_FACE ( 'NONE', ( #7641 ), #4239, .T. ) ;
#6282 = CARTESIAN_POINT ( 'NONE',  ( -2.506605835772532043, 12.29999999999999893, -101.0089619881004381 ) ) ;
#6283 = CARTESIAN_POINT ( 'NONE',  ( 109.7718007376454210, 2.000000000000000000, 0.000000000000000000 ) ) ;
#6284 = ORIENTED_EDGE ( 'NONE', *, *, #6604, .F. ) ;
#6285 = DIRECTION ( 'NONE',  ( 0.000000000000000000, -1.000000000000000000, 0.000000000000000000 ) ) ;
#6286 = PLANE ( 'NONE',  #3768 ) ;
#6287 = CARTESIAN_POINT ( 'NONE',  ( 6.053850660280708951, 10.30000000000000071, -96.13921519803176352 ) ) ;
#6288 = DIRECTION ( 'NONE',  ( -0.000000000000000000, 0.000000000000000000, -1.000000000000000000 ) ) ;
#6289 = CARTESIAN_POINT ( 'NONE',  ( 117.0000000000000142, 20.00000000000000000, 107.0000000000000000 ) ) ;
#6290 = VERTEX_POINT ( 'NONE', #7776 ) ;
#6291 = VERTEX_POINT ( 'NONE', #879 ) ;
#6292 = AXIS2_PLACEMENT_3D ( 'NONE', #4339, #5154, #6545 ) ;
#6293 = VERTEX_POINT ( 'NONE', #919 ) ;
#6294 = VECTOR ( 'NONE', #3934, 1000.000000000000000 ) ;
#6295 = DIRECTION ( 'NONE',  ( 0.000000000000000000, 0.000000000000000000, 1.000000000000000000 ) ) ;
#6296 = VECTOR ( 'NONE', #5763, 1000.000000000000000 ) ;
#6297 = CARTESIAN_POINT ( 'NONE',  ( -81.17482488493389781, 12.30000000000000249, -100.1479403966633157 ) ) ;
#6298 = ORIENTED_EDGE ( 'NONE', *, *, #4223, .F. ) ;
#6299 = VECTOR ( 'NONE', #7040, 1000.000000000000000 ) ;
#6300 = EDGE_LOOP ( 'NONE', ( #2536, #7737, #2579, #3587, #1270, #5357, #482, #4489 ) ) ;
#6301 = CARTESIAN_POINT ( 'NONE',  ( 3.946324633265547721, 12.30000000000000249, -89.41803144676913462 ) ) ;
#6302 = CARTESIAN_POINT ( 'NONE',  ( 84.47700000000006071, 10.30000000000000071, -82.87396198777733503 ) ) ;
#6303 = CARTESIAN_POINT ( 'NONE',  ( 47.29999999999999005, 4.299999999999999822, -47.29999999999999005 ) ) ;
#6304 = CONICAL_SURFACE ( 'NONE', #2398, 8.321800737645393298, 0.6981317007977451139 ) ;
#6305 = CARTESIAN_POINT ( 'NONE',  ( -57.70800000000001262, 10.30000000000000071, -101.0089619877772975 ) ) ;
#6306 = CARTESIAN_POINT ( 'NONE',  ( -2.050322688988873180E-14, 2.000000000000000000, 109.7718007376453926 ) ) ;
#6307 = AXIS2_PLACEMENT_3D ( 'NONE', #1177, #3319, #5312 ) ;
#6308 = ORIENTED_EDGE ( 'NONE', *, *, #3454, .T. ) ;
#6309 = ORIENTED_EDGE ( 'NONE', *, *, #979, .F. ) ;
#6310 = EDGE_CURVE ( 'NONE', #209, #8914, #1803, .T. ) ;
#6311 = CARTESIAN_POINT ( 'NONE',  ( 106.4500000000000171, 0.000000000000000000, 0.000000000000000000 ) ) ;
#6312 = AXIS2_PLACEMENT_3D ( 'NONE', #756, #1531, #5700 ) ;
#6313 = LINE ( 'NONE', #6403, #3846 ) ;
#6314 = ORIENTED_EDGE ( 'NONE', *, *, #6089, .F. ) ;
#6315 = CARTESIAN_POINT ( 'NONE',  ( -101.4500000000000455, 2.000000000000000000, 101.4499999999999744 ) ) ;
#6316 = EDGE_CURVE ( 'NONE', #639, #978, #5004, .T. ) ;
#6317 = CARTESIAN_POINT ( 'NONE',  ( 3.667694673168418351, 12.29999999999999893, -77.34288084189925883 ) ) ;
#6318 = ORIENTED_EDGE ( 'NONE', *, *, #8607, .F. ) ;
#6319 = ORIENTED_EDGE ( 'NONE', *, *, #6604, .T. ) ;
#6320 = VECTOR ( 'NONE', #5313, 1000.000000000000000 ) ;
#6321 = DIRECTION ( 'NONE',  ( 0.4226182617406967212, -0.9063077870366511579, 0.000000000000000000 ) ) ;
#6322 = CARTESIAN_POINT ( 'NONE',  ( 7.661307975381458135, 12.30000000000000071, -100.2523833129255735 ) ) ;
#6323 = LINE ( 'NONE', #5565, #4714 ) ;
#6324 = CARTESIAN_POINT ( 'NONE',  ( 112.0000000000000142, 16.00000000000000000, -71.86523063262039557 ) ) ;
#6325 = CARTESIAN_POINT ( 'NONE',  ( 0.000000000000000000, 12.30000000000000071, -77.00896198777732593 ) ) ;
#6326 = EDGE_CURVE ( 'NONE', #2769, #4266, #5690, .T. ) ;
#6327 = EDGE_CURVE ( 'NONE', #153, #8479, #2238, .T. ) ;
#6328 = VECTOR ( 'NONE', #5035, 1000.000000000000000 ) ;
#6329 = LINE ( 'NONE', #1624, #723 ) ;
#6330 = DIRECTION ( 'NONE',  ( 0.000000000000000000, 1.000000000000000000, 0.000000000000000000 ) ) ;
#6331 = ORIENTED_EDGE ( 'NONE', *, *, #5067, .F. ) ;
#6332 = DIRECTION ( 'NONE',  ( 0.000000000000000000, 0.000000000000000000, -1.000000000000000000 ) ) ;
#6333 = ADVANCED_FACE ( 'NONE', ( #75 ), #7906, .F. ) ;
#6334 = CARTESIAN_POINT ( 'NONE',  ( -2.046183620747300508E-14, 2.000000000000000000, 96.77180073764539259 ) ) ;
#6335 = ADVANCED_FACE ( 'NONE', ( #8030 ), #5136, .T. ) ;
#6336 = EDGE_CURVE ( 'NONE', #3124, #7863, #7909, .T. ) ;
#6337 = ADVANCED_FACE ( 'NONE', ( #7264 ), #334, .F. ) ;
#6338 = CARTESIAN_POINT ( 'NONE',  ( -2.125473691153650257, 10.30000000000000249, -81.19391881495897678 ) ) ;
#6339 = CARTESIAN_POINT ( 'NONE',  ( 101.4500000000000171, 0.000000000000000000, -106.4500000000000171 ) ) ;
#6340 = FACE_OUTER_BOUND ( 'NONE', #4019, .T. ) ;
#6341 = ADVANCED_FACE ( 'NONE', ( #3903 ), #4555, .F. ) ;
#6342 = ORIENTED_EDGE ( 'NONE', *, *, #8235, .T. ) ;
#6343 = VERTEX_POINT ( 'NONE', #1777 ) ;
#6344 = B_SPLINE_CURVE_WITH_KNOTS ( 'NONE', 2,
 ( #7375, #7334, #3204 ),
 .UNSPECIFIED., .F., .F.,
 ( 3, 3 ),
 ( 0.9887384378410062347, 1.000000000000000000 ),
 .UNSPECIFIED. ) ;
#6345 = CARTESIAN_POINT ( 'NONE',  ( 6.764854162177678099, 12.30000000000000071, -86.40129757741382832 ) ) ;
#6346 = DIRECTION ( 'NONE',  ( -1.000000000000000000, 0.000000000000000000, 0.000000000000000000 ) ) ;
#6347 = ORIENTED_EDGE ( 'NONE', *, *, #7555, .T. ) ;
#6348 = ORIENTED_EDGE ( 'NONE', *, *, #6327, .T. ) ;
#6349 = FACE_OUTER_BOUND ( 'NONE', #372, .T. ) ;
#6350 = DIRECTION ( 'NONE',  ( 0.000000000000000000, -0.000000000000000000, -1.000000000000000000 ) ) ;
#6351 = ADVANCED_FACE ( 'NONE', ( #7221 ), #1010, .F. ) ;
#6352 = B_SPLINE_SURFACE_WITH_KNOTS ( 'NONE', 3, 1, ( 
 ( #5076, #357 ),
 ( #7844, #7206 ),
 ( #5800, #5922 ),
 ( #2355, #1761 ),
 ( #3123, #5882 ),
 ( #4566, #1802 ),
 ( #994, #3885 ),
 ( #2483, #3844 ),
 ( #318, #5204 ) ),
 .UNSPECIFIED., .F., .F., .F.,
 ( 4, 1, 1, 1, 1, 1, 4 ),
 ( 2, 2 ),
 ( 0.000000000000000000, 0.2568933668120270131, 0.3730790329440269448, 0.4876622124673595238, 0.6038623782457555045, 0.7246374548906411306, 1.000000000000000000 ),
 ( 0.000000000000000000, 1.000000000000000000 ),
 .UNSPECIFIED. ) ;
#6353 = DIRECTION ( 'NONE',  ( -1.000000000000000000, 0.000000000000000000, 0.000000000000000000 ) ) ;
#6354 = CARTESIAN_POINT ( 'NONE',  ( -38.64999999999999147, 12.29999999999997762, -6.850000000000002309 ) ) ;
#6355 = FACE_OUTER_BOUND ( 'NONE', #1047, .T. ) ;
#6356 = VECTOR ( 'NONE', #4958, 1000.000000000000000 ) ;
#6357 = VERTEX_POINT ( 'NONE', #3220 ) ;
#6358 = VERTEX_POINT ( 'NONE', #457 ) ;
#6359 = VECTOR ( 'NONE', #178, 1000.000000000000000 ) ;
#6360 = CARTESIAN_POINT ( 'NONE',  ( -47.30000000000032401, 0.000000000000000000, 47.29999999999965610 ) ) ;
#6361 = CARTESIAN_POINT ( 'NONE',  ( 165.7354017097557630, -185.3052315043353246, 112.0000000000000000 ) ) ;
#6362 = ORIENTED_EDGE ( 'NONE', *, *, #5853, .F. ) ;
#6363 = FACE_OUTER_BOUND ( 'NONE', #8932, .T. ) ;
#6364 = CYLINDRICAL_SURFACE ( 'NONE', #2793, 5.000000000000004441 ) ;
#6365 = EDGE_LOOP ( 'NONE', ( #4573, #3067, #652, #8399 ) ) ;
#6366 = ORIENTED_EDGE ( 'NONE', *, *, #7837, .T. ) ;
#6367 = CARTESIAN_POINT ( 'NONE',  ( 117.0000000000007390, 16.00000000000000000, 89.86523063261957134 ) ) ;
#6368 = CARTESIAN_POINT ( 'NONE',  ( -47.29999999999949978, 4.299999999999999822, -47.30000000000048033 ) ) ;
#6369 = ADVANCED_FACE ( 'NONE', ( #5258 ), #8626, .F. ) ;
#6370 = DIRECTION ( 'NONE',  ( -0.000000000000000000, 0.000000000000000000, -1.000000000000000000 ) ) ;
#6371 = DIRECTION ( 'NONE',  ( -0.000000000000000000, 1.000000000000000000, -0.000000000000000000 ) ) ;
#6372 = CARTESIAN_POINT ( 'NONE',  ( -1.711912807537499415, 12.30000000000000249, -96.81965546741596995 ) ) ;
#6373 = B_SPLINE_CURVE_WITH_KNOTS ( 'NONE', 3,
 ( #5420, #4066, #8193, #3384, #2657, #4020, #4650, #1343, #1931, #3435, #1296, #624, #8287, #8919, #1247, #6229, #5473 ),
 .UNSPECIFIED., .F., .F.,
 ( 4, 1, 1, 1, 1, 1, 1, 1, 1, 1, 1, 1, 1, 1, 4 ),
 ( 0.000000000000000000, 0.1469852535301812146, 0.2149136607078768191, 0.2791919362331371501, 0.3409813183600179376, 0.4007700797705197604, 0.4588641555859607202, 0.5164085478424232933, 0.5733595297824540804, 0.6299033208733965106, 0.6862560826708781203, 0.7441110152613804596, 0.8039607683400732396, 0.8662011976985239947, 1.000000000000000000 ),
 .UNSPECIFIED. ) ;
#6374 = CARTESIAN_POINT ( 'NONE',  ( 60.17805082010780637, 10.30000000000000071, 17.33880089254346757 ) ) ;
#6375 = CARTESIAN_POINT ( 'NONE',  ( -88.45000000000000284, 0.000000000000000000, -93.45000000000000284 ) ) ;
#6376 = ORIENTED_EDGE ( 'NONE', *, *, #7393, .T. ) ;
#6377 = LINE ( 'NONE', #99, #8201 ) ;
#6378 = CONICAL_SURFACE ( 'NONE', #2619, 6.678199262354605814, 0.6981317007977448919 ) ;
#6379 = FACE_OUTER_BOUND ( 'NONE', #404, .T. ) ;
#6380 = CARTESIAN_POINT ( 'NONE',  ( 7.580000000000032934, 12.30000000000000071, -95.54896198777730376 ) ) ;
#6381 = LINE ( 'NONE', #902, #7792 ) ;
#6382 = DIRECTION ( 'NONE',  ( 0.000000000000000000, 0.000000000000000000, 1.000000000000000000 ) ) ;
#6383 = ORIENTED_EDGE ( 'NONE', *, *, #3421, .T. ) ;
#6384 = ORIENTED_EDGE ( 'NONE', *, *, #4394, .T. ) ;
#6385 = VECTOR ( 'NONE', #8964, 1000.000000000000114 ) ;
#6386 = VECTOR ( 'NONE', #904, 1000.000000000000000 ) ;
#6387 = ADVANCED_FACE ( 'NONE', ( #1050 ), #4410, .T. ) ;
#6388 = CARTESIAN_POINT ( 'NONE',  ( 4.932171864763814639, 12.30000000000000071, -88.64069588562898616 ) ) ;
#6389 = CARTESIAN_POINT ( 'NONE',  ( -75.75700000000003342, 12.30000000000000249, -88.97396198777730092 ) ) ;
#6390 = ORIENTED_EDGE ( 'NONE', *, *, #5001, .F. ) ;
#6391 = EDGE_LOOP ( 'NONE', ( #1839, #6926, #6976, #7848 ) ) ;
#6392 = CARTESIAN_POINT ( 'NONE',  ( 0.000000000000000000, 10.30000000000000071, -101.0089619877772975 ) ) ;
#6393 = CARTESIAN_POINT ( 'NONE',  ( -83.19409257467633267, 12.29999999999999893, -77.11528377629815623 ) ) ;
#6394 = DIRECTION ( 'NONE',  ( -1.725020237142878459E-16, 0.000000000000000000, -1.000000000000000000 ) ) ;
#6395 = DIRECTION ( 'NONE',  ( -1.000000000000000000, 0.000000000000000000, 1.239088197126290570E-16 ) ) ;
#6396 = AXIS2_PLACEMENT_3D ( 'NONE', #7701, #8924, #1489 ) ;
#6397 = LINE ( 'NONE', #784, #3345 ) ;
#6398 = VECTOR ( 'NONE', #8742, 1000.000000000000114 ) ;
#6399 = ORIENTED_EDGE ( 'NONE', *, *, #2055, .T. ) ;
#6400 = ORIENTED_EDGE ( 'NONE', *, *, #7047, .T. ) ;
#6401 = EDGE_CURVE ( 'NONE', #7500, #1739, #1737, .T. ) ;
#6402 = CARTESIAN_POINT ( 'NONE',  ( -75.83528348376681549, 10.29999999999999893, -86.70078135642248185 ) ) ;
#6403 = CARTESIAN_POINT ( 'NONE',  ( -48.57800000000001006, 10.30000000000000071, 0.000000000000000000 ) ) ;
#6404 = ORIENTED_EDGE ( 'NONE', *, *, #5847, .F. ) ;
#6405 = DIRECTION ( 'NONE',  ( -1.485049524645741972E-16, 0.000000000000000000, 1.000000000000000000 ) ) ;
#6406 = DIRECTION ( 'NONE',  ( -1.000000000000000000, 0.000000000000000000, 1.279714039655022108E-16 ) ) ;
#6407 = CARTESIAN_POINT ( 'NONE',  ( -83.66183443727504709, 12.29999999999999893, -100.9739466418778449 ) ) ;
#6408 = ORIENTED_EDGE ( 'NONE', *, *, #7882, .F. ) ;
#6409 = EDGE_CURVE ( 'NONE', #1411, #2484, #4500, .T. ) ;
#6410 = ORIENTED_EDGE ( 'NONE', *, *, #6222, .F. ) ;
#6411 = LINE ( 'NONE', #3694, #5869 ) ;
#6412 = PLANE ( 'NONE',  #5158 ) ;
#6413 = CARTESIAN_POINT ( 'NONE',  ( 55.78234326538285615, 12.30000000000000071, -92.36693746158452711 ) ) ;
#6414 = DIRECTION ( 'NONE',  ( 0.000000000000000000, 0.000000000000000000, 1.000000000000000000 ) ) ;
#6415 = DIRECTION ( 'NONE',  ( -0.8660254037844357100, 0.5000000000000053291, 0.000000000000000000 ) ) ;
#6416 = CARTESIAN_POINT ( 'NONE',  ( 111.4500000000000171, -2.259537311044977340E-15, -101.4500000000000171 ) ) ;
#6417 = ORIENTED_EDGE ( 'NONE', *, *, #7333, .F. ) ;
#6418 = CARTESIAN_POINT ( 'NONE',  ( 107.0000000000000426, 20.00000000000000000, -112.0000000000000000 ) ) ;
#6419 = CARTESIAN_POINT ( 'NONE',  ( 52.66303433343966134, 12.29999999999999893, -85.18588077611885012 ) ) ;
#6420 = EDGE_CURVE ( 'NONE', #6605, #2333, #6568, .T. ) ;
#6421 = FACE_OUTER_BOUND ( 'NONE', #8599, .T. ) ;
#6422 = CARTESIAN_POINT ( 'NONE',  ( 0.000000000000000000, 10.30000000000000071, -101.0089619877773259 ) ) ;
#6423 = DIRECTION ( 'NONE',  ( -0.000000000000000000, 1.000000000000000000, -0.000000000000000000 ) ) ;
#6424 = CARTESIAN_POINT ( 'NONE',  ( -107.0000000000000000, 12.29999999999997762, 107.0000000000000000 ) ) ;
#6425 = EDGE_LOOP ( 'NONE', ( #4201, #1279 ) ) ;
#6426 = ORIENTED_EDGE ( 'NONE', *, *, #7074, .F. ) ;
#6427 = CARTESIAN_POINT ( 'NONE',  ( 4.630181767091420042, 10.30000000000000249, -101.0089619951388613 ) ) ;
#6428 = LINE ( 'NONE', #240, #7903 ) ;
#6429 = ORIENTED_EDGE ( 'NONE', *, *, #7907, .F. ) ;
#6430 = ORIENTED_EDGE ( 'NONE', *, *, #7731, .T. ) ;
#6431 = DIRECTION ( 'NONE',  ( -0.000000000000000000, -1.000000000000000000, -0.000000000000000000 ) ) ;
#6432 = VECTOR ( 'NONE', #8330, 1000.000000000000000 ) ;
#6433 = DIRECTION ( 'NONE',  ( 0.000000000000000000, 1.000000000000000000, 0.000000000000000000 ) ) ;
#6434 = CARTESIAN_POINT ( 'NONE',  ( -80.89144691102325169, 10.30000000000000071, -92.45705901919477299 ) ) ;
#6435 = FACE_OUTER_BOUND ( 'NONE', #1280, .T. ) ;
#6436 = DIRECTION ( 'NONE',  ( -0.3994171850752217812, 0.000000000000000000, 0.9167692797354120016 ) ) ;
#6437 = VERTEX_POINT ( 'NONE', #5217 ) ;
#6438 = VECTOR ( 'NONE', #2740, 1000.000000000000000 ) ;
#6439 = ORIENTED_EDGE ( 'NONE', *, *, #6420, .F. ) ;
#6440 = VECTOR ( 'NONE', #3674, 1000.000000000000227 ) ;
#6441 = AXIS2_PLACEMENT_3D ( 'NONE', #1020, #8001, #8638 ) ;
#6442 = EDGE_CURVE ( 'NONE', #2736, #1318, #4871, .T. ) ;
#6443 = CARTESIAN_POINT ( 'NONE',  ( -79.38364356512519748, 10.29999999999999893, -79.13674514798337611 ) ) ;
#6444 = CARTESIAN_POINT ( 'NONE',  ( 55.92800000000000438, 10.30000000000000071, -88.20896198777730035 ) ) ;
#6445 = ORIENTED_EDGE ( 'NONE', *, *, #1978, .F. ) ;
#6446 = VECTOR ( 'NONE', #6929, 999.9999999999998863 ) ;
#6447 = LINE ( 'NONE', #420, #7194 ) ;
#6448 = ADVANCED_FACE ( 'NONE', ( #6618 ), #8583, .T. ) ;
#6449 = EDGE_CURVE ( 'NONE', #7853, #1319, #7350, .T. ) ;
#6450 = VECTOR ( 'NONE', #548, 1000.000000000000000 ) ;
#6451 = VECTOR ( 'NONE', #58, 1000.000000000000000 ) ;
#6452 = CARTESIAN_POINT ( 'NONE',  ( -82.75738197924864892, 12.30000000000000071, -95.58057037388176980 ) ) ;
#6453 = CARTESIAN_POINT ( 'NONE',  ( 107.0000000000000142, 0.000000000000000000, 107.0000000000000000 ) ) ;
#6454 = AXIS2_PLACEMENT_3D ( 'NONE', #2413, #291, #5815 ) ;
#6455 = EDGE_CURVE ( 'NONE', #5885, #6750, #8349, .T. ) ;
#6456 = ORIENTED_EDGE ( 'NONE', *, *, #4906, .T. ) ;
#6457 = EDGE_CURVE ( 'NONE', #596, #8686, #7172, .T. ) ;
#6458 = EDGE_LOOP ( 'NONE', ( #1292, #6740, #2397, #5239, #6298, #4328, #2749, #7489 ) ) ;
#6459 = AXIS2_PLACEMENT_3D ( 'NONE', #8434, #2218, #7145 ) ;
#6460 = EDGE_CURVE ( 'NONE', #6293, #4783, #3946, .T. ) ;
#6461 = CARTESIAN_POINT ( 'NONE',  ( -64.40800000000001546, 10.30000000000000071, -101.0089619877773117 ) ) ;
#6462 = CARTESIAN_POINT ( 'NONE',  ( 49.45374916935988097, 12.30000000000000071, -79.41359231860285206 ) ) ;
#6463 = VECTOR ( 'NONE', #3784, 1000.000000000000000 ) ;
#6464 = VECTOR ( 'NONE', #504, 1000.000000000000000 ) ;
#6465 = CARTESIAN_POINT ( 'NONE',  ( -107.0000000000000000, -312.4838379715732799, 107.0000000000000000 ) ) ;
#6466 = CARTESIAN_POINT ( 'NONE',  ( 117.0000000000006679, 16.00000000000000000, 71.86523063261957134 ) ) ;
#6467 = FACE_OUTER_BOUND ( 'NONE', #3356, .T. ) ;
#6468 = DIRECTION ( 'NONE',  ( -0.7660444431189705750, -0.6427876096865482447, -1.137613936111339495E-16 ) ) ;
#6469 = ORIENTED_EDGE ( 'NONE', *, *, #3945, .T. ) ;
#6470 = DIRECTION ( 'NONE',  ( -1.000000000000000000, 0.000000000000000000, 0.000000000000000000 ) ) ;
#6471 = DIRECTION ( 'NONE',  ( 0.000000000000000000, 1.000000000000000000, 0.000000000000000000 ) ) ;
#6472 = FACE_OUTER_BOUND ( 'NONE', #8324, .T. ) ;
#6473 = DIRECTION ( 'NONE',  ( 0.000000000000000000, 0.000000000000000000, -1.000000000000000000 ) ) ;
#6474 = LINE ( 'NONE', #4441, #8229 ) ;
#6475 = DIRECTION ( 'NONE',  ( -0.000000000000000000, -1.000000000000000000, -0.000000000000000000 ) ) ;
#6476 = VERTEX_POINT ( 'NONE', #8217 ) ;
#6477 = VERTEX_POINT ( 'NONE', #8941 ) ;
#6478 = CARTESIAN_POINT ( 'NONE',  ( 101.4500000000000313, 0.000000000000000000, -101.4500000000000171 ) ) ;
#6479 = LINE ( 'NONE', #7296, #5290 ) ;
#6480 = VERTEX_POINT ( 'NONE', #1906 ) ;
#6481 = VERTEX_POINT ( 'NONE', #2001 ) ;
#6482 = CARTESIAN_POINT ( 'NONE',  ( -2.125473691153650257, 12.30000000000000249, -81.19391881495897678 ) ) ;
#6483 = CARTESIAN_POINT ( 'NONE',  ( 47.29999999999981952, 5.699999999999909583, 47.30000000000015348 ) ) ;
#6484 = CARTESIAN_POINT ( 'NONE',  ( -85.30306847526810543, 10.30000000000000071, -96.88828958458121576 ) ) ;
#6485 = CARTESIAN_POINT ( 'NONE',  ( 36.42900000000000915, 10.30000000000000071, -101.0089619877773259 ) ) ;
#6486 = EDGE_CURVE ( 'NONE', #1052, #3207, #549, .T. ) ;
#6487 = ORIENTED_EDGE ( 'NONE', *, *, #8815, .T. ) ;
#6488 = ORIENTED_EDGE ( 'NONE', *, *, #5137, .F. ) ;
#6489 = B_SPLINE_CURVE_WITH_KNOTS ( 'NONE', 3,
 ( #2468, #4423, #1061, #7322, #3192, #8723, #2510, #1836, #983, #6462, #4595, #7363, #1147, #1663, #7191, #7921, #3743 ),
 .UNSPECIFIED., .F., .F.,
 ( 4, 1, 1, 1, 1, 1, 1, 1, 1, 1, 1, 1, 1, 1, 4 ),
 ( 0.000000000000000000, 0.1469852535301812146, 0.2149136607078768191, 0.2791919362331371501, 0.3409813183600179376, 0.4007700797705197604, 0.4588641555859607202, 0.5164085478424232933, 0.5733595297824540804, 0.6299033208733965106, 0.6862560826708781203, 0.7441110152613804596, 0.8039607683400732396, 0.8662011976985239947, 1.000000000000000000 ),
 .UNSPECIFIED. ) ;
#6490 = DIRECTION ( 'NONE',  ( -1.000000000000000000, -0.000000000000000000, 3.491481338843133355E-15 ) ) ;
#6491 = FACE_OUTER_BOUND ( 'NONE', #4111, .T. ) ;
#6492 = ORIENTED_EDGE ( 'NONE', *, *, #2563, .F. ) ;
#6493 = LINE ( 'NONE', #972, #1400 ) ;
#6494 = PLANE ( 'NONE',  #903 ) ;
#6495 = CARTESIAN_POINT ( 'NONE',  ( 99.27826237330729953, 10.30000000000000071, -25.70231275669561910 ) ) ;
#6496 = VERTEX_POINT ( 'NONE', #1217 ) ;
#6497 = ORIENTED_EDGE ( 'NONE', *, *, #571, .F. ) ;
#6498 = VECTOR ( 'NONE', #8015, 1000.000000000000000 ) ;
#6499 = EDGE_CURVE ( 'NONE', #3606, #551, #4669, .T. ) ;
#6500 = CARTESIAN_POINT ( 'NONE',  ( -116.9999999999996874, 20.00000000000000000, 91.73046126524035060 ) ) ;
#6501 = EDGE_CURVE ( 'NONE', #153, #1027, #6072, .T. ) ;
#6502 = CARTESIAN_POINT ( 'NONE',  ( -86.81200000000002603, 12.29999999999999893, -76.68896198777730433 ) ) ;
#6503 = VECTOR ( 'NONE', #7931, 1000.000000000000000 ) ;
#6504 = DIRECTION ( 'NONE',  ( 0.000000000000000000, 0.000000000000000000, -1.000000000000000000 ) ) ;
#6505 = CARTESIAN_POINT ( 'NONE',  ( 89.47200000000007947, 12.30000000000000071, -101.0089619877773544 ) ) ;
#6506 = VECTOR ( 'NONE', #5960, 1000.000000000000000 ) ;
#6507 = CARTESIAN_POINT ( 'NONE',  ( 13.51539623048385153, 10.30000000000000071, 2.180102976516470115 ) ) ;
#6508 = EDGE_CURVE ( 'NONE', #7902, #4872, #8893, .T. ) ;
#6509 = CARTESIAN_POINT ( 'NONE',  ( 0.02913372182865263393, 10.29999999999999893, -80.84497176836100607 ) ) ;
#6510 = EDGE_CURVE ( 'NONE', #4061, #7409, #4810, .T. ) ;
#6511 = AXIS2_PLACEMENT_3D ( 'NONE', #4616, #5300, #5250 ) ;
#6512 = VERTEX_POINT ( 'NONE', #3453 ) ;
#6513 = LINE ( 'NONE', #989, #4576 ) ;
#6514 = DIRECTION ( 'NONE',  ( -0.000000000000000000, 1.000000000000000000, -0.000000000000000000 ) ) ;
#6515 = DIRECTION ( 'NONE',  ( -0.000000000000000000, -0.000000000000000000, -1.000000000000000000 ) ) ;
#6516 = FACE_OUTER_BOUND ( 'NONE', #5602, .T. ) ;
#6517 = PLANE ( 'NONE',  #7497 ) ;
#6518 = DIRECTION ( 'NONE',  ( -0.4472135954999570395, -0.7745966692414846255, 0.4472135954999565399 ) ) ;
#6519 = ADVANCED_FACE ( 'NONE', ( #5491 ), #599, .F. ) ;
#6520 = ORIENTED_EDGE ( 'NONE', *, *, #1155, .F. ) ;
#6521 = ORIENTED_EDGE ( 'NONE', *, *, #3652, .T. ) ;
#6522 = PLANE ( 'NONE',  #7024 ) ;
#6523 = ORIENTED_EDGE ( 'NONE', *, *, #6173, .T. ) ;
#6524 = ORIENTED_EDGE ( 'NONE', *, *, #4511, .T. ) ;
#6525 = DIRECTION ( 'NONE',  ( -1.000000000000000000, -0.000000000000000000, 3.491481338843133355E-15 ) ) ;
#6526 = DIRECTION ( 'NONE',  ( -0.000000000000000000, 1.000000000000000000, -0.000000000000000000 ) ) ;
#6527 = CARTESIAN_POINT ( 'NONE',  ( -84.58002309465425128, 10.30000000000000071, -96.66636894209425179 ) ) ;
#6528 = DIRECTION ( 'NONE',  ( -1.000000000000000000, 0.000000000000000000, 0.000000000000000000 ) ) ;
#6529 = CIRCLE ( 'NONE', #5227, 4.699999999999981526 ) ;
#6530 = ORIENTED_EDGE ( 'NONE', *, *, #3854, .T. ) ;
#6531 = EDGE_LOOP ( 'NONE', ( #6695, #6269, #6164, #1244, #6958, #2552, #3642, #7626 ) ) ;
#6532 = CARTESIAN_POINT ( 'NONE',  ( 85.45000000000000284, 0.000000000000000000, 0.000000000000000000 ) ) ;
#6533 = CARTESIAN_POINT ( 'NONE',  ( 47.29999999999981952, 0.000000000000000000, 47.30000000000015348 ) ) ;
#6534 = VERTEX_POINT ( 'NONE', #4764 ) ;
#6535 = PLANE ( 'NONE',  #254 ) ;
#6536 = CARTESIAN_POINT ( 'NONE',  ( -85.30306847526810543, 10.29999999999999893, -96.88828958458121576 ) ) ;
#6537 = FACE_OUTER_BOUND ( 'NONE', #539, .T. ) ;
#6538 = ADVANCED_FACE ( 'NONE', ( #5445 ), #3997, .T. ) ;
#6539 = ORIENTED_EDGE ( 'NONE', *, *, #5464, .T. ) ;
#6540 = ORIENTED_EDGE ( 'NONE', *, *, #476, .F. ) ;
#6541 = AXIS2_PLACEMENT_3D ( 'NONE', #8946, #1222, #3322 ) ;
#6542 = CARTESIAN_POINT ( 'NONE',  ( 19.92900000000000915, 10.30000000000000071, 0.000000000000000000 ) ) ;
#6543 = CARTESIAN_POINT ( 'NONE',  ( -83.83282401281331886, 10.29999999999999893, -101.0089619888198342 ) ) ;
#6544 = CARTESIAN_POINT ( 'NONE',  ( -89.94842283852622700, 12.30000000000000071, -81.66457399100617920 ) ) ;
#6545 = DIRECTION ( 'NONE',  ( 1.119176436114072389E-15, -0.000000000000000000, 1.000000000000000000 ) ) ;
#6546 = CARTESIAN_POINT ( 'NONE',  ( 71.86523063261998345, 16.00000000000000000, 117.0000000000000000 ) ) ;
#6547 = CARTESIAN_POINT ( 'NONE',  ( 1.901729919595342100, 12.30000000000000249, -81.47741391428368729 ) ) ;
#6548 = ORIENTED_EDGE ( 'NONE', *, *, #1354, .F. ) ;
#6549 = CARTESIAN_POINT ( 'NONE',  ( 24.07900000000001128, 10.30000000000000071, -81.16896198777733673 ) ) ;
#6550 = DIRECTION ( 'NONE',  ( 0.000000000000000000, -1.000000000000000000, 0.000000000000000000 ) ) ;
#6551 = LINE ( 'NONE', #7841, #5151 ) ;
#6552 = CARTESIAN_POINT ( 'NONE',  ( 59.34409262557073106, 10.30000000000000071, 15.36368981952327317 ) ) ;
#6553 = FACE_OUTER_BOUND ( 'NONE', #3478, .T. ) ;
#6554 = EDGE_CURVE ( 'NONE', #2486, #1728, #8262, .T. ) ;
#6555 = ADVANCED_FACE ( 'NONE', ( #5348 ), #6203, .F. ) ;
#6556 = ORIENTED_EDGE ( 'NONE', *, *, #4794, .T. ) ;
#6557 = ORIENTED_EDGE ( 'NONE', *, *, #2182, .F. ) ;
#6558 = ORIENTED_EDGE ( 'NONE', *, *, #5835, .T. ) ;
#6559 = FACE_BOUND ( 'NONE', #7864, .T. ) ;
#6560 = ORIENTED_EDGE ( 'NONE', *, *, #3023, .F. ) ;
#6561 = ORIENTED_EDGE ( 'NONE', *, *, #8008, .T. ) ;
#6562 = CARTESIAN_POINT ( 'NONE',  ( -33.64999999999999858, 104.0000000000000142, 33.65000000000000568 ) ) ;
#6563 = CARTESIAN_POINT ( 'NONE',  ( -2.081668171172167567E-14, 0.000000000000000000, 98.45000000000000284 ) ) ;
#6564 = CARTESIAN_POINT ( 'NONE',  ( -4.102756319501140503, 12.30000000000000249, -82.37800213914850644 ) ) ;
#6565 = DIRECTION ( 'NONE',  ( 0.000000000000000000, 0.000000000000000000, -1.000000000000000000 ) ) ;
#6566 = EDGE_LOOP ( 'NONE', ( #3263, #7434, #324, #1881 ) ) ;
#6567 = VERTEX_POINT ( 'NONE', #8166 ) ;
#6568 = LINE ( 'NONE', #3863, #6735 ) ;
#6569 = VECTOR ( 'NONE', #5963, 1000.000000000000000 ) ;
#6570 = LINE ( 'NONE', #377, #8921 ) ;
#6571 = ORIENTED_EDGE ( 'NONE', *, *, #462, .T. ) ;
#6572 = LINE ( 'NONE', #1702, #1249 ) ;
#6573 = CARTESIAN_POINT ( 'NONE',  ( -80.69282827888102361, 10.29999999999999893, -91.63892211365347862 ) ) ;
#6574 = CYLINDRICAL_SURFACE ( 'NONE', #52, 3.299999999999997158 ) ;
#6575 = ORIENTED_EDGE ( 'NONE', *, *, #3521, .T. ) ;
#6576 = EDGE_LOOP ( 'NONE', ( #2409, #3960, #1980, #2228, #3390, #7167, #4323, #4102, #13, #4778, #5278 ) ) ;
#6577 = ADVANCED_FACE ( 'NONE', ( #2542 ), #6752, .T. ) ;
#6578 = VECTOR ( 'NONE', #1622, 1000.000000000000000 ) ;
#6579 = APPLICATION_CONTEXT ( 'automotive_design' ) ;
#6580 = DIRECTION ( 'NONE',  ( -2.182042108146926802E-16, 0.000000000000000000, -1.000000000000000000 ) ) ;
#6581 = AXIS2_PLACEMENT_3D ( 'NONE', #4939, #1351, #96 ) ;
#6582 = ADVANCED_FACE ( 'NONE', ( #4716 ), #6025, .T. ) ;
#6583 = CARTESIAN_POINT ( 'NONE',  ( 2.720000000000033058, 12.29999999999999893, -83.38896198777732138 ) ) ;
#6584 = AXIS2_PLACEMENT_3D ( 'NONE', #3714, #2994, #4392 ) ;
#6585 = CARTESIAN_POINT ( 'NONE',  ( -91.31700000000003570, 10.29999999999999716, -82.89896198777729808 ) ) ;
#6586 = VECTOR ( 'NONE', #5228, 1000.000000000000114 ) ;
#6587 = VECTOR ( 'NONE', #1131, 1000.000000000000000 ) ;
#6588 = CARTESIAN_POINT ( 'NONE',  ( -8.047412238656935557, 10.29999999999999893, -95.18347898677946262 ) ) ;
#6589 = CARTESIAN_POINT ( 'NONE',  ( -1.251590126030330073E-14, 12.30000000000000071, -101.0089619877773117 ) ) ;
#6590 = EDGE_CURVE ( 'NONE', #1842, #1735, #8079, .T. ) ;
#6591 = CARTESIAN_POINT ( 'NONE',  ( 2.639991237787759903, 10.29999999999999893, -82.46643970741001795 ) ) ;
#6592 = AXIS2_PLACEMENT_3D ( 'NONE', #226, #4215, #8390 ) ;
#6593 = EDGE_LOOP ( 'NONE', ( #8456, #2151, #1858, #39 ) ) ;
#6594 = CARTESIAN_POINT ( 'NONE',  ( 70.00000000000000000, 20.00000000000000000, 117.0000000000000000 ) ) ;
#6595 = DIRECTION ( 'NONE',  ( 0.000000000000000000, -0.000000000000000000, 1.000000000000000000 ) ) ;
#6596 = EDGE_CURVE ( 'NONE', #999, #6070, #3268, .T. ) ;
#6597 = SURFACE_STYLE_FILL_AREA ( #3840 ) ;
#6598 = DIRECTION ( 'NONE',  ( 0.000000000000000000, 0.000000000000000000, 1.000000000000000000 ) ) ;
#6599 = EDGE_CURVE ( 'NONE', #1688, #3667, #6116, .T. ) ;
#6600 = DIRECTION ( 'NONE',  ( 0.1731268707254287609, 0.000000000000000000, -0.9848995312379941192 ) ) ;
#6601 = ORIENTED_EDGE ( 'NONE', *, *, #6813, .F. ) ;
#6602 = VECTOR ( 'NONE', #3365, 1000.000000000000000 ) ;
#6603 = ORIENTED_EDGE ( 'NONE', *, *, #1643, .F. ) ;
#6604 = EDGE_CURVE ( 'NONE', #6480, #7983, #642, .T. ) ;
#6605 = VERTEX_POINT ( 'NONE', #2914 ) ;
#6606 = DIRECTION ( 'NONE',  ( 0.000000000000000000, 0.000000000000000000, -1.000000000000000000 ) ) ;
#6607 = VERTEX_POINT ( 'NONE', #8484 ) ;
#6608 = EDGE_CURVE ( 'NONE', #4312, #7039, #4356, .T. ) ;
#6609 = ORIENTED_EDGE ( 'NONE', *, *, #5515, .F. ) ;
#6610 = CARTESIAN_POINT ( 'NONE',  ( 117.0000000000000995, 20.00000000000000000, -91.73046126524037902 ) ) ;
#6611 = CARTESIAN_POINT ( 'NONE',  ( -33.64999999999999858, 20.00000000000000355, -33.64999999999999858 ) ) ;
#6612 = EDGE_CURVE ( 'NONE', #6437, #225, #5675, .T. ) ;
#6613 = CARTESIAN_POINT ( 'NONE',  ( -86.36965833901274436, 10.30000000000000071, -97.11762006461044905 ) ) ;
#6614 = DIRECTION ( 'NONE',  ( -1.000000000000000000, 0.000000000000000000, 0.000000000000000000 ) ) ;
#6615 = EDGE_LOOP ( 'NONE', ( #2869, #4445, #1466, #7802 ) ) ;
#6616 = ORIENTED_EDGE ( 'NONE', *, *, #3671, .F. ) ;
#6617 = AXIS2_PLACEMENT_3D ( 'NONE', #5965, #1158, #8014 ) ;
#6618 = FACE_OUTER_BOUND ( 'NONE', #2489, .T. ) ;
#6619 = EDGE_CURVE ( 'NONE', #5628, #6476, #2773, .T. ) ;
#6620 = LINE ( 'NONE', #417, #3565 ) ;
#6621 = ORIENTED_EDGE ( 'NONE', *, *, #1918, .F. ) ;
#6622 = PLANE ( 'NONE',  #532 ) ;
#6623 = CARTESIAN_POINT ( 'NONE',  ( -86.36965833901274436, 10.29999999999999893, -97.11762006461044905 ) ) ;
#6624 = LINE ( 'NONE', #5265, #3939 ) ;
#6625 = ORIENTED_EDGE ( 'NONE', *, *, #7441, .T. ) ;
#6626 = PLANE ( 'NONE',  #2981 ) ;
#6627 = CARTESIAN_POINT ( 'NONE',  ( 1.437686482136429911, 12.29999999999999893, -81.19162521868875615 ) ) ;
#6628 = CARTESIAN_POINT ( 'NONE',  ( -87.94359959426023465, 10.29999999999999716, -80.91589988765126407 ) ) ;
#6629 = AXIS2_PLACEMENT_3D ( 'NONE', #5477, #6736, #8828 ) ;
#6630 = CARTESIAN_POINT ( 'NONE',  ( -5.751818784298963649, 12.30000000000000071, -99.61361715360496305 ) ) ;
#6631 = CARTESIAN_POINT ( 'NONE',  ( -75.75700000000003342, 10.29999999999999893, -88.97396198777730092 ) ) ;
#6632 = ORIENTED_EDGE ( 'NONE', *, *, #8836, .T. ) ;
#6633 = CARTESIAN_POINT ( 'NONE',  ( 2.269897517014906274, 10.29999999999999893, -81.84975189070684110 ) ) ;
#6634 = CIRCLE ( 'NONE', #2745, 3.299999999999997158 ) ;
#6635 = EDGE_LOOP ( 'NONE', ( #8636, #1572, #6896, #5841 ) ) ;
#6636 = DIRECTION ( 'NONE',  ( -0.000000000000000000, 1.000000000000000000, -0.000000000000000000 ) ) ;
#6637 = ADVANCED_FACE ( 'NONE', ( #3542 ), #5402, .T. ) ;
#6638 = CARTESIAN_POINT ( 'NONE',  ( 59.99800000000000466, 12.30000000000000071, -101.0089619877773117 ) ) ;
#6639 = AXIS2_PLACEMENT_3D ( 'NONE', #1026, #8729, #3794 ) ;
#6640 = LINE ( 'NONE', #8733, #7914 ) ;
#6641 = CARTESIAN_POINT ( 'NONE',  ( -0.3999999999999681033, 10.29999999999999893, -76.68896198777730433 ) ) ;
#6642 = DIRECTION ( 'NONE',  ( 0.000000000000000000, -1.000000000000000000, 0.000000000000000000 ) ) ;
#6643 = VECTOR ( 'NONE', #6789, 1000.000000000000114 ) ;
#6644 = EDGE_LOOP ( 'NONE', ( #3813, #2928, #7660, #8033 ) ) ;
#6645 = DIRECTION ( 'NONE',  ( -0.4362094183714292916, 0.000000000000000000, 0.8998451774189043517 ) ) ;
#6646 = VERTEX_POINT ( 'NONE', #2089 ) ;
#6647 = ORIENTED_EDGE ( 'NONE', *, *, #6773, .T. ) ;
#6648 = DIRECTION ( 'NONE',  ( 0.000000000000000000, 0.000000000000000000, 1.000000000000000000 ) ) ;
#6649 = CARTESIAN_POINT ( 'NONE',  ( -80.49721936818373536, 12.29999999999999893, -87.33347279851113854 ) ) ;
#6650 = CARTESIAN_POINT ( 'NONE',  ( -5.910766772914516132, 10.30000000000000071, -90.05637986421932339 ) ) ;
#6651 = CARTESIAN_POINT ( 'NONE',  ( 6.938893903907228378E-15, -1.734723475976807094E-15, -106.4500000000000171 ) ) ;
#6652 = ORIENTED_EDGE ( 'NONE', *, *, #8815, .F. ) ;
#6653 = ORIENTED_EDGE ( 'NONE', *, *, #5301, .T. ) ;
#6654 = EDGE_CURVE ( 'NONE', #4502, #965, #4270, .T. ) ;
#6655 = DIRECTION ( 'NONE',  ( -0.000000000000000000, -1.000000000000000000, -0.000000000000000000 ) ) ;
#6656 = PLANE ( 'NONE',  #3125 ) ;
#6657 = ORIENTED_EDGE ( 'NONE', *, *, #6050, .F. ) ;
#6658 = DIRECTION ( 'NONE',  ( 0.000000000000000000, 1.000000000000000000, -0.000000000000000000 ) ) ;
#6659 = DIRECTION ( 'NONE',  ( 0.000000000000000000, 0.000000000000000000, 1.000000000000000000 ) ) ;
#6660 = AXIS2_PLACEMENT_3D ( 'NONE', #3141, #6528, #5811 ) ;
#6661 = CARTESIAN_POINT ( 'NONE',  ( 87.36200000000008004, 10.30000000000000071, -77.00896198777731172 ) ) ;
#6662 = CARTESIAN_POINT ( 'NONE',  ( -1.122099412789232753, 12.29999999999999893, -76.69030267170430193 ) ) ;
#6663 = CARTESIAN_POINT ( 'NONE',  ( 55.85519017781547291, 12.30000000000000071, -92.36821595577896460 ) ) ;
#6664 = ORIENTED_EDGE ( 'NONE', *, *, #3230, .F. ) ;
#6665 = ORIENTED_EDGE ( 'NONE', *, *, #6033, .T. ) ;
#6666 = EDGE_CURVE ( 'NONE', #4036, #6646, #7027, .T. ) ;
#6667 = VECTOR ( 'NONE', #411, 1000.000000000000000 ) ;
#6668 = CARTESIAN_POINT ( 'NONE',  ( -38.64999999999999147, 12.29999999999997762, 6.850000000000004086 ) ) ;
#6669 = FACE_OUTER_BOUND ( 'NONE', #7820, .T. ) ;
#6670 = ORIENTED_EDGE ( 'NONE', *, *, #8065, .F. ) ;
#6671 = CARTESIAN_POINT ( 'NONE',  ( -5.003700066541869163, 10.30000000000000071, -89.26072975144852251 ) ) ;
#6672 = EDGE_CURVE ( 'NONE', #2490, #6605, #7763, .T. ) ;
#6673 = LINE ( 'NONE', #477, #2830 ) ;
#6674 = DIRECTION ( 'NONE',  ( 0.000000000000000000, 0.7071067811865510144, 0.7071067811865441310 ) ) ;
#6675 = AXIS2_PLACEMENT_3D ( 'NONE', #4124, #684, #103 ) ;
#6676 = ORIENTED_EDGE ( 'NONE', *, *, #3522, .T. ) ;
#6677 = VECTOR ( 'NONE', #8367, 1000.000000000000000 ) ;
#6678 = DIRECTION ( 'NONE',  ( 0.000000000000000000, 1.000000000000000000, 0.000000000000000000 ) ) ;
#6679 = VERTEX_POINT ( 'NONE', #152 ) ;
#6680 = FACE_OUTER_BOUND ( 'NONE', #7668, .T. ) ;
#6681 = CARTESIAN_POINT ( 'NONE',  ( 36.42900000000000915, 12.30000000000000071, -0.000000000000000000 ) ) ;
#6682 = CARTESIAN_POINT ( 'NONE',  ( 55.92800000000000438, 10.30000000000000071, -77.00896198777732593 ) ) ;
#6683 = CARTESIAN_POINT ( 'NONE',  ( 117.0000000000000995, 16.00000000000000000, -89.86523063262040978 ) ) ;
#6684 = CARTESIAN_POINT ( 'NONE',  ( -96.77180073764543522, 2.000000000000000000, 88.44999999999998863 ) ) ;
#6685 = EDGE_CURVE ( 'NONE', #8736, #5528, #734, .T. ) ;
#6686 = ORIENTED_EDGE ( 'NONE', *, *, #4280, .F. ) ;
#6687 = DIRECTION ( 'NONE',  ( 8.659560562354916834E-17, -0.7071067811865489050, 0.7071067811865462405 ) ) ;
#6688 = ORIENTED_EDGE ( 'NONE', *, *, #6709, .T. ) ;
#6689 = EDGE_CURVE ( 'NONE', #7218, #1736, #1555, .T. ) ;
#6690 = ORIENTED_EDGE ( 'NONE', *, *, #3900, .F. ) ;
#6691 = DIRECTION ( 'NONE',  ( 0.2506286776786595394, 0.000000000000000000, -0.9680832949313022961 ) ) ;
#6692 = CARTESIAN_POINT ( 'NONE',  ( -86.84200000000002717, 12.29999999999999716, -80.84896198777730092 ) ) ;
#6693 = CARTESIAN_POINT ( 'NONE',  ( 101.4500000000000171, 0.000000000000000000, 106.4500000000000028 ) ) ;
#6694 = LINE ( 'NONE', #12, #453 ) ;
#6695 = ORIENTED_EDGE ( 'NONE', *, *, #1273, .T. ) ;
#6696 = VERTEX_POINT ( 'NONE', #5040 ) ;
#6697 = CARTESIAN_POINT ( 'NONE',  ( 3.998592163179244110E-15, 4.299999999999999822, 36.64999999999999858 ) ) ;
#6698 = FACE_OUTER_BOUND ( 'NONE', #7248, .T. ) ;
#6699 = ORIENTED_EDGE ( 'NONE', *, *, #7392, .F. ) ;
#6700 = CARTESIAN_POINT ( 'NONE',  ( 0.000000000000000000, 10.30000000000000071, -77.00896198777732593 ) ) ;
#6701 = CARTESIAN_POINT ( 'NONE',  ( -88.60312019403002637, 12.30000000000000071, -97.16855353654531768 ) ) ;
#6702 = LINE ( 'NONE', #648, #8439 ) ;
#6703 = CARTESIAN_POINT ( 'NONE',  ( -6.781476607922519051, 10.30000000000000249, -78.56864829717355292 ) ) ;
#6704 = DIRECTION ( 'NONE',  ( -0.000000000000000000, 0.000000000000000000, -1.000000000000000000 ) ) ;
#6705 = VERTEX_POINT ( 'NONE', #7893 ) ;
#6706 = ORIENTED_EDGE ( 'NONE', *, *, #981, .T. ) ;
#6707 = EDGE_CURVE ( 'NONE', #1361, #6119, #6479, .T. ) ;
#6708 = CARTESIAN_POINT ( 'NONE',  ( 0.4800000000000290146, 10.30000000000000071, -86.17396198777731797 ) ) ;
#6709 = EDGE_CURVE ( 'NONE', #640, #6358, #2314, .T. ) ;
#6710 = EDGE_CURVE ( 'NONE', #1754, #6788, #5804, .T. ) ;
#6711 = LINE ( 'NONE', #7276, #3837 ) ;
#6712 = ORIENTED_EDGE ( 'NONE', *, *, #4049, .F. ) ;
#6713 = CARTESIAN_POINT ( 'NONE',  ( -7.271900180227506283, 10.30000000000000071, -91.80171566348501244 ) ) ;
#6714 = EDGE_CURVE ( 'NONE', #4353, #6795, #1765, .T. ) ;
#6715 = EDGE_CURVE ( 'NONE', #8575, #3358, #4488, .T. ) ;
#6716 = AXIS2_PLACEMENT_3D ( 'NONE', #3165, #2432, #3838 ) ;
#6717 = DIRECTION ( 'NONE',  ( 0.000000000000000000, 0.000000000000000000, 1.000000000000000000 ) ) ;
#6718 = PRODUCT_DEFINITION ( 'ๆ', '', #1254, #7315 ) ;
#6719 = DIRECTION ( 'NONE',  ( 0.000000000000000000, 0.000000000000000000, -1.000000000000000000 ) ) ;
#6720 = AXIS2_PLACEMENT_3D ( 'NONE', #3786, #266, #8557 ) ;
#6721 = CARTESIAN_POINT ( 'NONE',  ( 89.47200000000007947, 10.30000000000000071, -101.0089619877773544 ) ) ;
#6722 = EDGE_LOOP ( 'NONE', ( #1450, #4292, #2608, #6530 ) ) ;
#6723 = AXIS2_PLACEMENT_3D ( 'NONE', #543, #4757, #636 ) ;
#6724 = VECTOR ( 'NONE', #28, 1000.000000000000114 ) ;
#6725 = CARTESIAN_POINT ( 'NONE',  ( 47.29999999999999005, 10.90000000000002878, -47.29999999999999005 ) ) ;
#6726 = EDGE_LOOP ( 'NONE', ( #3178, #3326, #3936, #454 ) ) ;
#6727 = LINE ( 'NONE', #669, #8057 ) ;
#6728 = ADVANCED_FACE ( 'NONE', ( #1685, #6559 ), #6522, .T. ) ;
#6729 = AXIS2_PLACEMENT_3D ( 'NONE', #3061, #5816, #5855 ) ;
#6730 = DIRECTION ( 'NONE',  ( 0.000000000000000000, 0.000000000000000000, 1.000000000000000000 ) ) ;
#6731 = FACE_OUTER_BOUND ( 'NONE', #4092, .T. ) ;
#6732 = VECTOR ( 'NONE', #2000, 1000.000000000000000 ) ;
#6733 = AXIS2_PLACEMENT_3D ( 'NONE', #7353, #6658, #2638 ) ;
#6734 = DIRECTION ( 'NONE',  ( -0.000000000000000000, -1.000000000000000000, -0.000000000000000000 ) ) ;
#6735 = VECTOR ( 'NONE', #376, 1000.000000000000000 ) ;
#6736 = DIRECTION ( 'NONE',  ( 0.000000000000000000, 1.000000000000000000, 0.000000000000000000 ) ) ;
#6737 = AXIS2_PLACEMENT_3D ( 'NONE', #7417, #4112, #6821 ) ;
#6738 = VERTEX_POINT ( 'NONE', #1640 ) ;
#6739 = CARTESIAN_POINT ( 'NONE',  ( 48.12633505457227301, 12.30000000000000071, -86.95575809439918658 ) ) ;
#6740 = ORIENTED_EDGE ( 'NONE', *, *, #5106, .T. ) ;
#6741 = CARTESIAN_POINT ( 'NONE',  ( -7.518201448106932361, 12.30000000000000071, -92.25739125399108786 ) ) ;
#6742 = ORIENTED_EDGE ( 'NONE', *, *, #7220, .F. ) ;
#6743 = DIRECTION ( 'NONE',  ( 0.7660444431189705750, 0.6427876096865482447, 0.000000000000000000 ) ) ;
#6744 = CARTESIAN_POINT ( 'NONE',  ( -93.81200000000004025, 12.30000000000000071, -79.64396198777728841 ) ) ;
#6745 = CARTESIAN_POINT ( 'NONE',  ( 117.0000000000000142, 20.00000000000000000, 107.0000000000000000 ) ) ;
#6746 = DIRECTION ( 'NONE',  ( -1.000000000000000000, 0.000000000000000000, 0.000000000000000000 ) ) ;
#6747 = AXIS2_PLACEMENT_3D ( 'NONE', #2930, #5694, #6270 ) ;
#6748 = ORIENTED_EDGE ( 'NONE', *, *, #1395, .F. ) ;
#6749 = B_SPLINE_CURVE_WITH_KNOTS ( 'NONE', 3,
 ( #1433, #2971, #2931, #3470, #883, #7046, #8322, #1571, #6995, #4289, #6223, #6317, #5695, #1612, #8503, #7736, #4331 ),
 .UNSPECIFIED., .F., .F.,
 ( 4, 1, 1, 1, 1, 1, 1, 1, 1, 1, 1, 1, 1, 1, 4 ),
 ( 0.000000000000000000, 0.1270149001952534384, 0.1862471217906807863, 0.2435127008767843659, 0.2992639152469226960, 0.3546790141256468409, 0.4104351322161818860, 0.4672405340115310945, 0.5252178284047132051, 0.5843144999316801647, 0.6458290808742688238, 0.7094183234581450392, 0.7763084462010545472, 0.8467773217583043355, 1.000000000000000000 ),
 .UNSPECIFIED. ) ;
#6750 = VERTEX_POINT ( 'NONE', #5081 ) ;
#6751 = CARTESIAN_POINT ( 'NONE',  ( -0.02356147843175124615, 12.30000000000000249, -97.16799553492748487 ) ) ;
#6752 = PLANE ( 'NONE',  #4565 ) ;
#6753 = EDGE_LOOP ( 'NONE', ( #8868, #6520, #1362, #5206 ) ) ;
#6754 = DIRECTION ( 'NONE',  ( -0.000000000000000000, 1.000000000000000000, -0.000000000000000000 ) ) ;
#6755 = DIRECTION ( 'NONE',  ( 2.036359179429854203E-16, 0.000000000000000000, 1.000000000000000000 ) ) ;
#6756 = EDGE_CURVE ( 'NONE', #2867, #19, #7852, .T. ) ;
#6757 = DIRECTION ( 'NONE',  ( -0.000000000000000000, 1.000000000000000000, -0.000000000000000000 ) ) ;
#6758 = LINE ( 'NONE', #3226, #143 ) ;
#6759 = DIRECTION ( 'NONE',  ( 0.000000000000000000, 0.000000000000000000, -1.000000000000000000 ) ) ;
#6760 = ORIENTED_EDGE ( 'NONE', *, *, #6260, .F. ) ;
#6761 = EDGE_LOOP ( 'NONE', ( #1127, #5729, #7874, #5007 ) ) ;
#6762 = EDGE_CURVE ( 'NONE', #7629, #182, #8529, .T. ) ;
#6763 = DIRECTION ( 'NONE',  ( 9.351609034915406741E-17, 0.000000000000000000, 1.000000000000000000 ) ) ;
#6764 = CARTESIAN_POINT ( 'NONE',  ( 0.000000000000000000, 12.30000000000000071, -82.24896198777730660 ) ) ;
#6765 = ORIENTED_EDGE ( 'NONE', *, *, #5020, .F. ) ;
#6766 = FACE_BOUND ( 'NONE', #5976, .T. ) ;
#6767 = CARTESIAN_POINT ( 'NONE',  ( 0.000000000000000000, 2.000000000000000000, 83.77180073764539259 ) ) ;
#6768 = CARTESIAN_POINT ( 'NONE',  ( -23.25899999999998258, 10.30000000000000071, -77.00896198777729751 ) ) ;
#6769 = CARTESIAN_POINT ( 'NONE',  ( 55.92800000000000438, 12.30000000000000071, -81.16896198777732252 ) ) ;
#6770 = EDGE_CURVE ( 'NONE', #2490, #3779, #7168, .T. ) ;
#6771 = B_SPLINE_SURFACE_WITH_KNOTS ( 'NONE', 3, 1, ( 
 ( #265, #8556 ),
 ( #2339, #5829 ),
 ( #1664, #4425 ),
 ( #7195, #8041 ),
 ( #2783, #4050 ),
 ( #7588, #5499 ),
 ( #6034, #1371 ),
 ( #3462, #2097 ),
 ( #2008, #3324 ) ),
 .UNSPECIFIED., .F., .F., .F.,
 ( 4, 1, 1, 1, 1, 1, 4 ),
 ( 2, 2 ),
 ( 0.000000000000000000, 0.2110735921258685421, 0.3195377497452391302, 0.4371148147047062005, 0.5625261028631994842, 0.6976696937665364251, 1.000000000000000000 ),
 ( 0.000000000000000000, 1.000000000000000000 ),
 .UNSPECIFIED. ) ;
#6772 = VERTEX_POINT ( 'NONE', #1725 ) ;
#6773 = EDGE_CURVE ( 'NONE', #8374, #7340, #5169, .T. ) ;
#6774 = DIRECTION ( 'NONE',  ( 0.000000000000000000, -1.000000000000000000, 0.000000000000000000 ) ) ;
#6775 = EDGE_LOOP ( 'NONE', ( #4972, #8659 ) ) ;
#6776 = DIRECTION ( 'NONE',  ( 1.409628015014165431E-16, 0.000000000000000000, -1.000000000000000000 ) ) ;
#6777 = CARTESIAN_POINT ( 'NONE',  ( 49.45312934230177859, 12.30000000000000249, -89.71248939521396437 ) ) ;
#6778 = CARTESIAN_POINT ( 'NONE',  ( 51.78968710821857258, 10.30000000000000071, -77.73682393773059118 ) ) ;
#6779 = VECTOR ( 'NONE', #4186, 1000.000000000000114 ) ;
#6780 = FACE_OUTER_BOUND ( 'NONE', #6002, .T. ) ;
#6781 = CARTESIAN_POINT ( 'NONE',  ( 30.55000000000014637, 20.00000000000000000, 107.0000000000000853 ) ) ;
#6782 = EDGE_CURVE ( 'NONE', #4105, #1900, #8697, .T. ) ;
#6783 = VECTOR ( 'NONE', #5755, 1000.000000000000000 ) ;
#6784 = LINE ( 'NONE', #585, #4791 ) ;
#6785 = CARTESIAN_POINT ( 'NONE',  ( 49.94769352147771713, 12.30000000000000071, -90.26923702598654131 ) ) ;
#6786 = EDGE_LOOP ( 'NONE', ( #2813, #7999, #2741, #5817 ) ) ;
#6787 = CARTESIAN_POINT ( 'NONE',  ( -61.07814833225866380, 10.30000000000000071, -29.07878579643913497 ) ) ;
#6788 = VERTEX_POINT ( 'NONE', #8573 ) ;
#6789 = DIRECTION ( 'NONE',  ( -0.4999999999999972244, -0.8660254037844401509, 5.687617954022289528E-17 ) ) ;
#6790 = EDGE_CURVE ( 'NONE', #8717, #6512, #7936, .T. ) ;
#6791 = LINE ( 'NONE', #5575, #2540 ) ;
#6792 = CARTESIAN_POINT ( 'NONE',  ( 101.4500000000000313, -1.734723475976807094E-15, -111.4500000000000028 ) ) ;
#6793 = DIRECTION ( 'NONE',  ( 0.4226182617406941122, -0.9063077870366523792, 0.000000000000000000 ) ) ;
#6794 = ORIENTED_EDGE ( 'NONE', *, *, #2661, .T. ) ;
#6795 = VERTEX_POINT ( 'NONE', #3129 ) ;
#6796 = DIRECTION ( 'NONE',  ( 0.000000000000000000, 0.000000000000000000, 1.000000000000000000 ) ) ;
#6797 = DIRECTION ( 'NONE',  ( 0.000000000000000000, 1.000000000000000000, 0.000000000000000000 ) ) ;
#6798 = EDGE_LOOP ( 'NONE', ( #823, #3329, #6319, #5957 ) ) ;
#6799 = EDGE_LOOP ( 'NONE', ( #8000, #8022, #363, #2172 ) ) ;
#6800 = PLANE ( 'NONE',  #4563 ) ;
#6801 = CIRCLE ( 'NONE', #8829, 8.321800737645393298 ) ;
#6802 = CARTESIAN_POINT ( 'NONE',  ( -91.84520515294360621, 12.30000000000000071, -96.48705452575248387 ) ) ;
#6803 = CARTESIAN_POINT ( 'NONE',  ( -47.30000000000032401, 12.30000000000000071, 47.29999999999965610 ) ) ;
#6804 = PLANE ( 'NONE',  #2844 ) ;
#6805 = LINE ( 'NONE', #4003, #5941 ) ;
#6806 = ORIENTED_EDGE ( 'NONE', *, *, #6685, .T. ) ;
#6807 = VERTEX_POINT ( 'NONE', #2401 ) ;
#6808 = CARTESIAN_POINT ( 'NONE',  ( -106.4500000000000455, -1.472316558442722761E-15, 101.4499999999999744 ) ) ;
#6809 = CARTESIAN_POINT ( 'NONE',  ( -79.38364356512519748, 12.29999999999999893, -79.13674514798337611 ) ) ;
#6810 = ORIENTED_EDGE ( 'NONE', *, *, #1034, .T. ) ;
#6811 = VECTOR ( 'NONE', #3344, 1000.000000000000000 ) ;
#6812 = LINE ( 'NONE', #2059, #8366 ) ;
#6813 = EDGE_CURVE ( 'NONE', #1195, #8902, #4530, .T. ) ;
#6814 = DIRECTION ( 'NONE',  ( 0.2506286776786582071, 0.000000000000000000, 0.9680832949313025182 ) ) ;
#6815 = CARTESIAN_POINT ( 'NONE',  ( -89.38819623441202111, 10.29999999999999716, -81.37215945204593481 ) ) ;
#6816 = LINE ( 'NONE', #3378, #1143 ) ;
#6817 = AXIS2_PLACEMENT_3D ( 'NONE', #8663, #3056, #7259 ) ;
#6818 = ORIENTED_EDGE ( 'NONE', *, *, #7960, .F. ) ;
#6819 = CARTESIAN_POINT ( 'NONE',  ( 52.73459930060161582, 10.29999999999999893, -83.44999564423144989 ) ) ;
#6820 = ORIENTED_EDGE ( 'NONE', *, *, #3790, .F. ) ;
#6821 = DIRECTION ( 'NONE',  ( 0.000000000000000000, 0.9063077870366512689, -0.4226182617406967212 ) ) ;
#6822 = DIRECTION ( 'NONE',  ( 1.000000000000000000, 0.000000000000000000, 7.425247623228708628E-17 ) ) ;
#6823 = VECTOR ( 'NONE', #7607, 1000.000000000000114 ) ;
#6824 = PLANE ( 'NONE',  #5443 ) ;
#6825 = PLANE ( 'NONE',  #3787 ) ;
#6826 = LINE ( 'NONE', #5376, #1441 ) ;
#6827 = VECTOR ( 'NONE', #3632, 1000.000000000000000 ) ;
#6828 = DIRECTION ( 'NONE',  ( -0.000000000000000000, 1.000000000000000000, -0.000000000000000000 ) ) ;
#6829 = CARTESIAN_POINT ( 'NONE',  ( 49.01801473471090276, 10.30000000000000071, -89.10459137570677512 ) ) ;
#6830 = EDGE_LOOP ( 'NONE', ( #3094, #7294 ) ) ;
#6831 = CARTESIAN_POINT ( 'NONE',  ( -57.97983683608706684, 20.00000000000000000, 107.0000000000000000 ) ) ;
#6832 = EDGE_LOOP ( 'NONE', ( #2832, #7330, #7158, #4647 ) ) ;
#6833 = FACE_BOUND ( 'NONE', #6775, .T. ) ;
#6834 = ADVANCED_FACE ( 'NONE', ( #2444 ), #2979, .F. ) ;
#6835 = CARTESIAN_POINT ( 'NONE',  ( 52.65800000000000836, 12.30000000000000071, -84.68896198777730433 ) ) ;
#6836 = CARTESIAN_POINT ( 'NONE',  ( -67.04423606236410649, 4.299999999999999822, 0.000000000000000000 ) ) ;
#6837 = DIRECTION ( 'NONE',  ( 0.000000000000000000, -1.000000000000000000, 0.000000000000000000 ) ) ;
#6838 = EDGE_LOOP ( 'NONE', ( #5350, #4109, #3935, #4291 ) ) ;
#6839 = ORIENTED_EDGE ( 'NONE', *, *, #1426, .T. ) ;
#6840 = B_SPLINE_CURVE_WITH_KNOTS ( 'NONE', 3,
 ( #3243, #6001, #6819, #6092, #8191, #8145, #3969, #4017, #6046 ),
 .UNSPECIFIED., .F., .F.,
 ( 4, 1, 1, 1, 1, 1, 4 ),
 ( 0.000000000000000000, 0.2776847310795541035, 0.3982845304934640174, 0.5143160584712279659, 0.6281404620232047264, 0.7433146382242058481, 1.000000000000000000 ),
 .UNSPECIFIED. ) ;
#6841 = DIRECTION ( 'NONE',  ( 0.2506286776786568193, 0.000000000000000000, 0.9680832949313029623 ) ) ;
#6842 = DIRECTION ( 'NONE',  ( 3.491481338843133355E-15, -0.000000000000000000, 1.000000000000000000 ) ) ;
#6843 = ORIENTED_EDGE ( 'NONE', *, *, #5791, .F. ) ;
#6844 = ORIENTED_EDGE ( 'NONE', *, *, #5292, .F. ) ;
#6845 = DIRECTION ( 'NONE',  ( -1.000000000000000000, 0.000000000000000000, 7.130025111404739020E-17 ) ) ;
#6846 = CARTESIAN_POINT ( 'NONE',  ( 51.31757991338199076, 10.30000000000000249, -91.30046065687052703 ) ) ;
#6847 = CARTESIAN_POINT ( 'NONE',  ( 71.86523063261998345, 16.00000000000000000, 117.0000000000000000 ) ) ;
#6848 = DIRECTION ( 'NONE',  ( -0.4226182617406941122, 0.9063077870366523792, -0.000000000000000000 ) ) ;
#6849 = LINE ( 'NONE', #650, #8276 ) ;
#6850 = ORIENTED_EDGE ( 'NONE', *, *, #5067, .T. ) ;
#6851 = ORIENTED_EDGE ( 'NONE', *, *, #570, .T. ) ;
#6852 = LINE ( 'NONE', #655, #1813 ) ;
#6853 = DIRECTION ( 'NONE',  ( 1.000000000000000000, -0.000000000000000000, 0.000000000000000000 ) ) ;
#6854 = ORIENTED_EDGE ( 'NONE', *, *, #4108, .T. ) ;
#6855 = B_SPLINE_CURVE_WITH_KNOTS ( 'NONE', 3,
 ( #3234, #8764, #2423, #6627, #7964, #5990, #5865, #4640, #6583 ),
 .UNSPECIFIED., .F., .F.,
 ( 4, 1, 1, 1, 1, 1, 4 ),
 ( 0.000000000000000000, 0.2914184722183419951, 0.4162270693911803154, 0.5335466602919788359, 0.6455727606685639497, 0.7563127635087938394, 1.000000000000000000 ),
 .UNSPECIFIED. ) ;
#6856 = CARTESIAN_POINT ( 'NONE',  ( -6.310040720032232819, 10.30000000000000071, -90.47529604379633383 ) ) ;
#6857 = LINE ( 'NONE', #6132, #2524 ) ;
#6858 = EDGE_CURVE ( 'NONE', #2223, #1195, #8038, .T. ) ;
#6859 = ORIENTED_EDGE ( 'NONE', *, *, #2412, .F. ) ;
#6860 = CARTESIAN_POINT ( 'NONE',  ( -68.14999999999997726, 4.000000000000000000, 68.45000000000000284 ) ) ;
#6861 = LINE ( 'NONE', #1339, #8541 ) ;
#6862 = VERTEX_POINT ( 'NONE', #405 ) ;
#6863 = EDGE_CURVE ( 'NONE', #4622, #7766, #1808, .T. ) ;
#6864 = LINE ( 'NONE', #622, #6385 ) ;
#6865 = VECTOR ( 'NONE', #6730, 1000.000000000000000 ) ;
#6866 = EDGE_LOOP ( 'NONE', ( #1963, #3475, #7854, #5114, #5391, #4267, #7729, #3219, #5219, #2814, #7807 ) ) ;
#6867 = DIRECTION ( 'NONE',  ( 0.000000000000000000, 0.000000000000000000, -1.000000000000000000 ) ) ;
#6868 = CARTESIAN_POINT ( 'NONE',  ( 112.0000000000000142, -247.2515920719887106, -32.89100277204258305 ) ) ;
#6869 = VECTOR ( 'NONE', #567, 1000.000000000000000 ) ;
#6870 = EDGE_CURVE ( 'NONE', #5307, #7169, #6428, .T. ) ;
#6871 = LINE ( 'NONE', #8332, #3128 ) ;
#6872 = VECTOR ( 'NONE', #2762, 1000.000000000000000 ) ;
#6873 = CARTESIAN_POINT ( 'NONE',  ( -47.29999999999949978, 4.299999999999999822, -42.60000000000049880 ) ) ;
#6874 = FACE_OUTER_BOUND ( 'NONE', #4637, .T. ) ;
#6875 = AXIS2_PLACEMENT_3D ( 'NONE', #4369, #2883, #1516 ) ;
#6876 = CARTESIAN_POINT ( 'NONE',  ( -62.97983683608704553, 20.00000000000000000, 6.850000000000004974 ) ) ;
#6877 = DIRECTION ( 'NONE',  ( -1.000000000000000000, 0.000000000000000000, -1.955536093163145501E-16 ) ) ;
#6878 = AXIS2_PLACEMENT_3D ( 'NONE', #4612, #586, #7380 ) ;
#6879 = ORIENTED_EDGE ( 'NONE', *, *, #5508, .F. ) ;
#6880 = CARTESIAN_POINT ( 'NONE',  ( -6.991571144026765161, 12.30000000000000071, -91.35072794533822105 ) ) ;
#6881 = AXIS2_PLACEMENT_3D ( 'NONE', #5118, #7799, #901 ) ;
#6882 = DIRECTION ( 'NONE',  ( 0.000000000000000000, -0.000000000000000000, 1.000000000000000000 ) ) ;
#6884 = EDGE_CURVE ( 'NONE', #3779, #2678, #5759, .T. ) ;
#6883 = VECTOR ( 'NONE', #3589, 1000.000000000000000 ) ;
#6885 = DIRECTION ( 'NONE',  ( 0.6427876096865482447, -0.7660444431189705750, 0.000000000000000000 ) ) ;
#6886 = DIRECTION ( 'NONE',  ( -0.000000000000000000, -1.000000000000000000, -0.000000000000000000 ) ) ;
#6887 = FACE_OUTER_BOUND ( 'NONE', #1977, .T. ) ;
#6888 = EDGE_LOOP ( 'NONE', ( #6765, #3877, #1012, #1459 ) ) ;
#6889 = AXIS2_PLACEMENT_3D ( 'NONE', #6026, #8802, #5349 ) ;
#6890 = EDGE_LOOP ( 'NONE', ( #3814, #8260, #7927, #2130 ) ) ;
#6891 = ADVANCED_FACE ( 'NONE', ( #4076 ), #1303, .T. ) ;
#6892 = EDGE_CURVE ( 'NONE', #6496, #2325, #2711, .T. ) ;
#6893 = DIRECTION ( 'NONE',  ( 0.000000000000000000, 0.000000000000000000, 1.000000000000000000 ) ) ;
#6894 = CARTESIAN_POINT ( 'NONE',  ( 32.27900000000001057, 10.30000000000000071, 0.000000000000000000 ) ) ;
#6895 = EDGE_LOOP ( 'NONE', ( #877, #1190, #7509, #4229, #66, #4005, #2784, #6400 ) ) ;
#6896 = ORIENTED_EDGE ( 'NONE', *, *, #7577, .T. ) ;
#6897 = VECTOR ( 'NONE', #574, 1000.000000000000000 ) ;
#6898 = ADVANCED_FACE ( 'NONE', ( #1850, #1205 ), #1256, .T. ) ;
#6899 = DIRECTION ( 'NONE',  ( 0.000000000000000000, 0.000000000000000000, 1.000000000000000000 ) ) ;
#6900 = LINE ( 'NONE', #6302, #1982 ) ;
#6901 = VECTOR ( 'NONE', #380, 1000.000000000000114 ) ;
#6902 = DIRECTION ( 'NONE',  ( 0.6427876096865483557, -0.7660444431189704639, 0.000000000000000000 ) ) ;
#6903 = DIRECTION ( 'NONE',  ( -1.000000000000000000, 0.000000000000000000, -7.425247623228708628E-17 ) ) ;
#6904 = DIRECTION ( 'NONE',  ( 0.000000000000000000, 0.000000000000000000, 1.000000000000000000 ) ) ;
#6905 = EDGE_LOOP ( 'NONE', ( #5015, #2645, #3013, #3068 ) ) ;
#6906 = ORIENTED_EDGE ( 'NONE', *, *, #6870, .F. ) ;
#6907 = EDGE_CURVE ( 'NONE', #6117, #2528, #5479, .T. ) ;
#6908 = DIRECTION ( 'NONE',  ( -1.000000000000000000, 0.000000000000000000, -2.114442022521247160E-16 ) ) ;
#6909 = CARTESIAN_POINT ( 'NONE',  ( 107.0000000000000142, 20.00000000000000000, -33.64999999999999858 ) ) ;
#6910 = ORIENTED_EDGE ( 'NONE', *, *, #527, .T. ) ;
#6911 = CARTESIAN_POINT ( 'NONE',  ( -81.41701720175096568, 12.29999999999999893, -84.06502548811671716 ) ) ;
#6912 = ADVANCED_FACE ( 'NONE', ( #3979 ), #4978, .T. ) ;
#6913 = DIRECTION ( 'NONE',  ( -0.9680832949313025182, 0.000000000000000000, 0.2506286776786582071 ) ) ;
#6914 = EDGE_CURVE ( 'NONE', #5037, #8308, #7425, .T. ) ;
#6915 = VERTEX_POINT ( 'NONE', #6147 ) ;
#6916 = LINE ( 'NONE', #5611, #4697 ) ;
#6917 = ORIENTED_EDGE ( 'NONE', *, *, #7966, .T. ) ;
#6918 = LINE ( 'NONE', #1390, #1619 ) ;
#6919 = ORIENTED_EDGE ( 'NONE', *, *, #16, .T. ) ;
#6920 = FACE_OUTER_BOUND ( 'NONE', #6576, .T. ) ;
#6921 = LINE ( 'NONE', #6868, #5993 ) ;
#6922 = CARTESIAN_POINT ( 'NONE',  ( -88.45000000000000284, 2.000000000000000000, -95.12819926235461310 ) ) ;
#6923 = LINE ( 'NONE', #6873, #6823 ) ;
#6924 = CARTESIAN_POINT ( 'NONE',  ( -84.58002309465425128, 12.30000000000000071, -96.66636894209425179 ) ) ;
#6925 = EDGE_CURVE ( 'NONE', #911, #2137, #489, .T. ) ;
#6926 = ORIENTED_EDGE ( 'NONE', *, *, #3233, .F. ) ;
#6927 = DIRECTION ( 'NONE',  ( -0.000000000000000000, 0.000000000000000000, 1.000000000000000000 ) ) ;
#6928 = ORIENTED_EDGE ( 'NONE', *, *, #864, .F. ) ;
#6929 = DIRECTION ( 'NONE',  ( 0.4298607147750037605, 0.000000000000000000, -0.9028952131300302941 ) ) ;
#6930 = DIRECTION ( 'NONE',  ( 0.8660254037844394848, -0.4999999999999986677, 0.000000000000000000 ) ) ;
#6931 = DIRECTION ( 'NONE',  ( 1.000000000000000000, 0.000000000000000000, 6.226015167256373205E-17 ) ) ;
#6932 = CARTESIAN_POINT ( 'NONE',  ( 47.29999999999999005, 5.699999999999989519, -47.29999999999999005 ) ) ;
#6933 = DIRECTION ( 'NONE',  ( -0.000000000000000000, 1.000000000000000000, -0.000000000000000000 ) ) ;
#6934 = AXIS2_PLACEMENT_3D ( 'NONE', #1116, #6642, #2996 ) ;
#6935 = VERTEX_POINT ( 'NONE', #3303 ) ;
#6936 = ORIENTED_EDGE ( 'NONE', *, *, #2455, .F. ) ;
#6937 = CARTESIAN_POINT ( 'NONE',  ( 29.72900000000001697, 12.30000000000000071, -92.68896198777731854 ) ) ;
#6938 = CARTESIAN_POINT ( 'NONE',  ( -83.66183444204854425, 12.30000000000000249, -100.9739466429504091 ) ) ;
#6939 = ORIENTED_EDGE ( 'NONE', *, *, #1308, .F. ) ;
#6940 = ORIENTED_EDGE ( 'NONE', *, *, #3677, .F. ) ;
#6941 = AXIS2_PLACEMENT_3D ( 'NONE', #3195, #8912, #1194 ) ;
#6942 = PLANE ( 'NONE',  #7469 ) ;
#6943 = CARTESIAN_POINT ( 'NONE',  ( -77.94633341708909313, 12.29999999999999893, -80.74143906631020684 ) ) ;
#6944 = LINE ( 'NONE', #4185, #4811 ) ;
#6945 = CARTESIAN_POINT ( 'NONE',  ( -80.45143666074218913, 10.30000000000000071, -89.46818948473899979 ) ) ;
#6946 = VECTOR ( 'NONE', #7199, 1000.000000000000000 ) ;
#6947 = DIRECTION ( 'NONE',  ( 3.491481338843133355E-15, -0.000000000000000000, 1.000000000000000000 ) ) ;
#6948 = ORIENTED_EDGE ( 'NONE', *, *, #1427, .F. ) ;
#6949 = VERTEX_POINT ( 'NONE', #6104 ) ;
#6950 = DIRECTION ( 'NONE',  ( -0.6427876096865483557, 0.7660444431189704639, 0.000000000000000000 ) ) ;
#6951 = CONICAL_SURFACE ( 'NONE', #1745, 3.299999999999997158, 0.7853981633974437271 ) ;
#6952 = CARTESIAN_POINT ( 'NONE',  ( -77.94633341708909313, 10.29999999999999893, -80.74143906631020684 ) ) ;
#6953 = ORIENTED_EDGE ( 'NONE', *, *, #5251, .T. ) ;
#6954 = CARTESIAN_POINT ( 'NONE',  ( -83.66046874600273497, 10.29999999999999716, -81.64684082610479265 ) ) ;
#6955 = CARTESIAN_POINT ( 'NONE',  ( -47.29999999999949978, 10.90000000000000568, -47.30000000000048033 ) ) ;
#6956 = EDGE_CURVE ( 'NONE', #4037, #1052, #4856, .T. ) ;
#6957 = EDGE_LOOP ( 'NONE', ( #4796, #7309, #3373, #442 ) ) ;
#6958 = ORIENTED_EDGE ( 'NONE', *, *, #2609, .T. ) ;
#6959 = CARTESIAN_POINT ( 'NONE',  ( -86.84200000000002717, 10.29999999999999716, -80.84896198777730092 ) ) ;
#6960 = DIRECTION ( 'NONE',  ( -1.000000000000000000, 0.000000000000000000, 2.182042108146927295E-16 ) ) ;
#6961 = CARTESIAN_POINT ( 'NONE',  ( 7.550000000000033573, 10.30000000000000071, -83.26896198777730262 ) ) ;
#6962 = FACE_OUTER_BOUND ( 'NONE', #4520, .T. ) ;
#6963 = VECTOR ( 'NONE', #4495, 1000.000000000000114 ) ;
#6964 = DIRECTION ( 'NONE',  ( -1.000000000000000000, 0.000000000000000000, 0.000000000000000000 ) ) ;
#6965 = DIRECTION ( 'NONE',  ( -0.000000000000000000, 1.000000000000000000, -0.000000000000000000 ) ) ;
#6966 = DIRECTION ( 'NONE',  ( 0.6083547575322753032, 0.000000000000000000, -0.7936652247565383345 ) ) ;
#6967 = AXIS2_PLACEMENT_3D ( 'NONE', #5932, #8620, #8704 ) ;
#6968 = CARTESIAN_POINT ( 'NONE',  ( 2.720000000000033058, 10.29999999999999893, -83.38896198777732138 ) ) ;
#6969 = VERTEX_POINT ( 'NONE', #2620 ) ;
#6970 = CARTESIAN_POINT ( 'NONE',  ( -47.29999999999949978, 5.699999999999987743, -47.30000000000048033 ) ) ;
#6971 = CARTESIAN_POINT ( 'NONE',  ( 0.000000000000000000, 4.299999999999999822, 0.000000000000000000 ) ) ;
#6972 = LINE ( 'NONE', #4123, #4705 ) ;
#6973 = PLANE ( 'NONE',  #8654 ) ;
#6974 = CARTESIAN_POINT ( 'NONE',  ( -47.29999999999949978, 5.699999999999987743, -47.30000000000048033 ) ) ;
#6975 = EDGE_CURVE ( 'NONE', #2715, #468, #8203, .T. ) ;
#6976 = ORIENTED_EDGE ( 'NONE', *, *, #2972, .T. ) ;
#6977 = ORIENTED_EDGE ( 'NONE', *, *, #1520, .T. ) ;
#6978 = VERTEX_POINT ( 'NONE', #1988 ) ;
#6979 = ADVANCED_FACE ( 'NONE', ( #4752 ), #808, .T. ) ;
#6980 = CARTESIAN_POINT ( 'NONE',  ( 7.004258201248930504, 12.30000000000000071, -85.90853134798203428 ) ) ;
#6981 = DIRECTION ( 'NONE',  ( -0.000000000000000000, 1.000000000000000000, -0.000000000000000000 ) ) ;
#6982 = ORIENTED_EDGE ( 'NONE', *, *, #1107, .F. ) ;
#6983 = ORIENTED_EDGE ( 'NONE', *, *, #3025, .T. ) ;
#6984 = CARTESIAN_POINT ( 'NONE',  ( 2.200000000000033484, 10.30000000000000071, -90.42896198777731342 ) ) ;
#6985 = CARTESIAN_POINT ( 'NONE',  ( 0.000000000000000000, 10.30000000000000071, -81.16896198777733673 ) ) ;
#6986 = CARTESIAN_POINT ( 'NONE',  ( 117.0000000000000995, 16.00000000000000000, -89.86523063262040978 ) ) ;
#6987 = CARTESIAN_POINT ( 'NONE',  ( -1.251590126030330073E-14, 10.30000000000000071, -101.0089619877773117 ) ) ;
#6988 = PLANE ( 'NONE',  #175 ) ;
#6989 = EDGE_LOOP ( 'NONE', ( #8745, #163, #2057, #2416 ) ) ;
#6990 = ORIENTED_EDGE ( 'NONE', *, *, #4680, .F. ) ;
#6991 = LINE ( 'NONE', #2327, #6299 ) ;
#6992 = CARTESIAN_POINT ( 'NONE',  ( -109.7718007376454494, 2.000000000000000000, 101.4499999999999886 ) ) ;
#6993 = VERTEX_POINT ( 'NONE', #720 ) ;
#6994 = CARTESIAN_POINT ( 'NONE',  ( -81.11838966831579967, 10.29999999999999716, -84.72509431855867490 ) ) ;
#6995 = CARTESIAN_POINT ( 'NONE',  ( 5.472454195508313468, 12.29999999999999893, -78.39870175930185781 ) ) ;
#6996 = EDGE_CURVE ( 'NONE', #2062, #3160, #7749, .T. ) ;
#6997 = ORIENTED_EDGE ( 'NONE', *, *, #4598, .F. ) ;
#6998 = EDGE_LOOP ( 'NONE', ( #7396, #5843, #2932, #3905 ) ) ;
#6999 = CARTESIAN_POINT ( 'NONE',  ( -3.747301209732850857, 10.29999999999999893, -100.6695463776221686 ) ) ;
#7000 = B_SPLINE_SURFACE_WITH_KNOTS ( 'NONE', 3, 1, ( 
 ( #8180, #1968 ),
 ( #4197, #7543 ),
 ( #3424, #8318 ),
 ( #4055, #6268 ),
 ( #4733, #2787 ),
 ( #1429, #1921 ),
 ( #8856, #2648 ),
 ( #6952, #2693 ),
 ( #746, #4682 ),
 ( #5410, #6809 ),
 ( #704, #5552 ),
 ( #7499, #4777 ),
 ( #1283, #8954 ),
 ( #2103, #612 ),
 ( #4822, #3512 ),
 ( #656, #77 ),
 ( #5504, #5360 ) ),
 .UNSPECIFIED., .F., .F., .F.,
 ( 4, 1, 1, 1, 1, 1, 1, 1, 1, 1, 1, 1, 1, 1, 4 ),
 ( 2, 2 ),
 ( 0.000000000000000000, 0.1472961307632329186, 0.2154187131892451590, 0.2801647480709156257, 0.3420536460949016866, 0.4020359698343847210, 0.4605123459365491057, 0.5180738708979363283, 0.5750908664204120724, 0.6312007702973687628, 0.6879313715875902124, 0.7455685112661741831, 0.8050653897586650398, 0.8666623776797269807, 1.000000000000000000 ),
 ( 0.000000000000000000, 1.000000000000000000 ),
 .UNSPECIFIED. ) ;
#7001 = EDGE_CURVE ( 'NONE', #4622, #3672, #4213, .T. ) ;
#7002 = DIRECTION ( 'NONE',  ( -0.9063077870366512689, -0.4226182617406967768, 0.000000000000000000 ) ) ;
#7003 = EDGE_CURVE ( 'NONE', #6935, #1246, #923, .T. ) ;
#7004 = ADVANCED_FACE ( 'NONE', ( #4980 ), #3414, .F. ) ;
#7005 = EDGE_CURVE ( 'NONE', #1472, #562, #1449, .T. ) ;
#7006 = CARTESIAN_POINT ( 'NONE',  ( 8.190000000000033253, 12.30000000000000071, -100.0389619877773129 ) ) ;
#7007 = EDGE_CURVE ( 'NONE', #5167, #3981, #2943, .T. ) ;
#7008 = CARTESIAN_POINT ( 'NONE',  ( -95.12819926235464152, 2.000000000000000000, 88.44999999999997442 ) ) ;
#7009 = DIRECTION ( 'NONE',  ( 0.000000000000000000, 0.000000000000000000, 1.000000000000000000 ) ) ;
#7010 = CARTESIAN_POINT ( 'NONE',  ( 88.31216542597195485, 10.30000000000000071, -96.52896198777732195 ) ) ;
#7011 = EDGE_CURVE ( 'NONE', #948, #2819, #8340, .T. ) ;
#7012 = DIRECTION ( 'NONE',  ( -0.000000000000000000, 1.000000000000000000, -0.000000000000000000 ) ) ;
#7013 = CARTESIAN_POINT ( 'NONE',  ( -93.81200000000004025, 10.30000000000000071, -79.64396198777728841 ) ) ;
#7014 = ORIENTED_EDGE ( 'NONE', *, *, #3836, .F. ) ;
#7015 = DIRECTION ( 'NONE',  ( 1.000000000000000000, 0.000000000000000000, -0.000000000000000000 ) ) ;
#7016 = DIRECTION ( 'NONE',  ( 0.9680832949313022961, 0.000000000000000000, 0.2506286776786595394 ) ) ;
#7017 = CARTESIAN_POINT ( 'NONE',  ( -47.30000000000032401, 5.700000000000073008, 50.59999999999965326 ) ) ;
#7018 = DIRECTION ( 'NONE',  ( 0.000000000000000000, 0.000000000000000000, -1.000000000000000000 ) ) ;
#7019 = CARTESIAN_POINT ( 'NONE',  ( 19.92900000000000915, 12.30000000000000071, -77.00896198777732593 ) ) ;
#7020 = ORIENTED_EDGE ( 'NONE', *, *, #691, .F. ) ;
#7021 = ORIENTED_EDGE ( 'NONE', *, *, #750, .T. ) ;
#7022 = CIRCLE ( 'NONE', #1533, 4.699999999999953992 ) ;
#7023 = ORIENTED_EDGE ( 'NONE', *, *, #3352, .T. ) ;
#7024 = AXIS2_PLACEMENT_3D ( 'NONE', #361, #7210, #997 ) ;
#7025 = CARTESIAN_POINT ( 'NONE',  ( 5.379443795910335169, 12.30000000000000071, -88.23332230019794054 ) ) ;
#7026 = CIRCLE ( 'NONE', #7609, 6.678199262354605814 ) ;
#7027 = LINE ( 'NONE', #2140, #1821 ) ;
#7028 = ORIENTED_EDGE ( 'NONE', *, *, #7170, .F. ) ;
#7029 = VECTOR ( 'NONE', #6580, 1000.000000000000000 ) ;
#7030 = ORIENTED_EDGE ( 'NONE', *, *, #2522, .T. ) ;
#7031 = DIRECTION ( 'NONE',  ( 0.000000000000000000, 0.000000000000000000, 1.000000000000000000 ) ) ;
#7032 = CARTESIAN_POINT ( 'NONE',  ( -91.06515172489868348, 12.29999999999999716, -82.57548470920914951 ) ) ;
#7033 = PLANE ( 'NONE',  #4963 ) ;
#7034 = CONICAL_SURFACE ( 'NONE', #515, 8.321800737645393298, 0.6981317007977451139 ) ;
#7035 = LINE ( 'NONE', #7726, #4762 ) ;
#7036 = DIRECTION ( 'NONE',  ( -0.000000000000000000, -1.000000000000000000, -0.000000000000000000 ) ) ;
#7037 = AXIS2_PLACEMENT_3D ( 'NONE', #3247, #1800, #2519 ) ;
#7038 = ORIENTED_EDGE ( 'NONE', *, *, #1291, .F. ) ;
#7039 = VERTEX_POINT ( 'NONE', #6375 ) ;
#7040 = DIRECTION ( 'NONE',  ( -0.000000000000000000, 1.000000000000000000, -0.000000000000000000 ) ) ;
#7041 = VECTOR ( 'NONE', #7519, 1000.000000000000000 ) ;
#7042 = ADVANCED_FACE ( 'NONE', ( #5705 ), #8388, .F. ) ;
#7043 = DIRECTION ( 'NONE',  ( -0.6427876096865482447, -0.7660444431189705750, 0.000000000000000000 ) ) ;
#7044 = ORIENTED_EDGE ( 'NONE', *, *, #5251, .F. ) ;
#7045 = CARTESIAN_POINT ( 'NONE',  ( -83.13157565629504120, 10.29999999999999716, -82.00687401453255632 ) ) ;
#7046 = CARTESIAN_POINT ( 'NONE',  ( 6.754228525878987810, 12.29999999999999893, -79.89221229248529710 ) ) ;
#7047 = EDGE_CURVE ( 'NONE', #3271, #5717, #7458, .T. ) ;
#7048 = ORIENTED_EDGE ( 'NONE', *, *, #4196, .T. ) ;
#7049 = ORIENTED_EDGE ( 'NONE', *, *, #2021, .F. ) ;
#7050 = AXIS2_PLACEMENT_3D ( 'NONE', #7077, #4912, #6350 ) ;
#7051 = CARTESIAN_POINT ( 'NONE',  ( -60.12300000000001887, 10.30000000000000071, -95.76896198777731684 ) ) ;
#7052 = FACE_OUTER_BOUND ( 'NONE', #5535, .T. ) ;
#7053 = EDGE_CURVE ( 'NONE', #6114, #8918, #140, .T. ) ;
#7054 = CARTESIAN_POINT ( 'NONE',  ( 49.45374916935988097, 10.30000000000000071, -79.41359231860285206 ) ) ;
#7055 = CARTESIAN_POINT ( 'NONE',  ( 68.45000000000000284, 0.000000000000000000, -68.45000000000000284 ) ) ;
#7056 = CARTESIAN_POINT ( 'NONE',  ( -0.02356147843175124615, 12.30000000000000249, -97.16799553492748487 ) ) ;
#7057 = EDGE_CURVE ( 'NONE', #1163, #1483, #2259, .T. ) ;
#7058 = VECTOR ( 'NONE', #3621, 1000.000000000000227 ) ;
#7059 = DIRECTION ( 'NONE',  ( -0.000000000000000000, -1.000000000000000000, -0.000000000000000000 ) ) ;
#7060 = CARTESIAN_POINT ( 'NONE',  ( 2.721370846643508035, 10.29999999999999893, -83.01992723998777990 ) ) ;
#7061 = EDGE_LOOP ( 'NONE', ( #5888, #5091, #5697, #2053, #413, #8655, #2839, #8453 ) ) ;
#7062 = DIRECTION ( 'NONE',  ( 0.7660444431189705750, -0.6427876096865482447, 0.000000000000000000 ) ) ;
#7063 = CARTESIAN_POINT ( 'NONE',  ( 55.46613572974138862, 12.29999999999999893, -88.20053272238759234 ) ) ;
#7064 = FACE_OUTER_BOUND ( 'NONE', #6593, .T. ) ;
#7065 = LINE ( 'NONE', #2035, #5956 ) ;
#7066 = DIRECTION ( 'NONE',  ( 0.4226182617406967212, 0.9063077870366511579, 0.000000000000000000 ) ) ;
#7067 = EDGE_CURVE ( 'NONE', #1947, #4528, #1493, .T. ) ;
#7068 = ORIENTED_EDGE ( 'NONE', *, *, #3945, .F. ) ;
#7069 = VERTEX_POINT ( 'NONE', #4259 ) ;
#7070 = FACE_OUTER_BOUND ( 'NONE', #5143, .T. ) ;
#7071 = CARTESIAN_POINT ( 'NONE',  ( -83.66183444204854425, 10.29999999999999716, -100.9739466429504091 ) ) ;
#7072 = ORIENTED_EDGE ( 'NONE', *, *, #2084, .T. ) ;
#7073 = EDGE_CURVE ( 'NONE', #1091, #44, #8432, .T. ) ;
#7074 = EDGE_CURVE ( 'NONE', #2430, #1635, #8295, .T. ) ;
#7075 = ORIENTED_EDGE ( 'NONE', *, *, #2735, .T. ) ;
#7076 = CARTESIAN_POINT ( 'NONE',  ( 6.764854162177678099, 12.30000000000000249, -86.40129757741382832 ) ) ;
#7077 = CARTESIAN_POINT ( 'NONE',  ( 117.0000000000000995, 16.00000000000000000, -89.86523063262040978 ) ) ;
#7078 = B_SPLINE_SURFACE_WITH_KNOTS ( 'NONE', 3, 1, ( 
 ( #2429, #5281 ),
 ( #6509, #3161 ),
 ( #4433, #3708 ),
 ( #8056, #7284 ),
 ( #8559, #6547 ),
 ( #6633, #349 ),
 ( #6591, #395 ),
 ( #4519, #1714 ),
 ( #5874, #8598 ) ),
 .UNSPECIFIED., .F., .F., .F.,
 ( 4, 1, 1, 1, 1, 1, 4 ),
 ( 2, 2 ),
 ( 0.000000000000000000, 0.2914184722183419951, 0.4162270693911803154, 0.5335466602919788359, 0.6455727606685639497, 0.7563127635087938394, 1.000000000000000000 ),
 ( 0.000000000000000000, 1.000000000000000000 ),
 .UNSPECIFIED. ) ;
#7079 = FACE_OUTER_BOUND ( 'NONE', #699, .T. ) ;
#7080 = LINE ( 'NONE', #2823, #7513 ) ;
#7081 = DIRECTION ( 'NONE',  ( 0.000000000000000000, 1.000000000000000000, 0.000000000000000000 ) ) ;
#7082 = VECTOR ( 'NONE', #1512, 1000.000000000000000 ) ;
#7083 = ORIENTED_EDGE ( 'NONE', *, *, #3498, .F. ) ;
#7084 = ORIENTED_EDGE ( 'NONE', *, *, #3681, .F. ) ;
#7085 = CONICAL_SURFACE ( 'NONE', #713, 6.678199262354605814, 0.6981317007977448919 ) ;
#7086 = PLANE ( 'NONE',  #3986 ) ;
#7087 = CARTESIAN_POINT ( 'NONE',  ( -107.0000000000000000, 20.00000000000000000, -107.0000000000000284 ) ) ;
#7088 = VERTEX_POINT ( 'NONE', #3443 ) ;
#7089 = CARTESIAN_POINT ( 'NONE',  ( -82.18409769380961905, 10.29999999999999716, -82.91550768086530354 ) ) ;
#7090 = CARTESIAN_POINT ( 'NONE',  ( -75.44999999999996021, 0.000000000000000000, 80.44999999999998863 ) ) ;
#7091 = EDGE_LOOP ( 'NONE', ( #5326, #8531, #4599, #8728 ) ) ;
#7092 = ORIENTED_EDGE ( 'NONE', *, *, #4679, .F. ) ;
#7093 = AXIS2_PLACEMENT_3D ( 'NONE', #5929, #2491, #8881 ) ;
#7094 = FACE_BOUND ( 'NONE', #5249, .T. ) ;
#7095 = ADVANCED_FACE ( 'NONE', ( #3486 ), #6192, .F. ) ;
#7096 = PLANE ( 'NONE',  #8778 ) ;
#7097 = CARTESIAN_POINT ( 'NONE',  ( -26.04399999999997917, 10.30000000000000071, -93.31885281747162253 ) ) ;
#7098 = CARTESIAN_POINT ( 'NONE',  ( -28.41899999999997917, 10.30000000000000071, -88.16396198777729865 ) ) ;
#7099 = CARTESIAN_POINT ( 'NONE',  ( -0.4149999999999675060, 12.30000000000000249, -80.84896198777731513 ) ) ;
#7100 = LINE ( 'NONE', #7703, #7822 ) ;
#7101 = CARTESIAN_POINT ( 'NONE',  ( -2.729986139879596596, 10.30000000000000071, -93.17276063114692874 ) ) ;
#7102 = VERTEX_POINT ( 'NONE', #388 ) ;
#7103 = DIRECTION ( 'NONE',  ( 0.2506286776786595394, 0.000000000000000000, -0.9680832949313022961 ) ) ;
#7104 = AXIS2_PLACEMENT_3D ( 'NONE', #174, #7140, #984 ) ;
#7105 = DIRECTION ( 'NONE',  ( -1.000000000000000000, -0.000000000000000000, 3.491481338843133355E-15 ) ) ;
#7106 = DIRECTION ( 'NONE',  ( -0.000000000000000000, -1.000000000000000000, -0.000000000000000000 ) ) ;
#7107 = PLANE ( 'NONE',  #7762 ) ;
#7108 = FACE_OUTER_BOUND ( 'NONE', #5591, .T. ) ;
#7109 = CARTESIAN_POINT ( 'NONE',  ( 8.650237178974609975, 12.30000000000000071, -3.768727269369480659 ) ) ;
#7110 = EDGE_CURVE ( 'NONE', #62, #8803, #1747, .T. ) ;
#7111 = ORIENTED_EDGE ( 'NONE', *, *, #3376, .F. ) ;
#7112 = EDGE_LOOP ( 'NONE', ( #1598, #7593, #8809, #6445 ) ) ;
#7113 = AXIS2_PLACEMENT_3D ( 'NONE', #3921, #6136, #4064 ) ;
#7114 = AXIS2_PLACEMENT_3D ( 'NONE', #545, #6837, #7387 ) ;
#7115 = EDGE_CURVE ( 'NONE', #5610, #5643, #6855, .T. ) ;
#7116 = DIRECTION ( 'NONE',  ( 0.4226182617406967212, 0.9063077870366511579, 0.000000000000000000 ) ) ;
#7117 = CARTESIAN_POINT ( 'NONE',  ( -78.60345906065818156, 10.29999999999999716, -98.25210936209178669 ) ) ;
#7118 = EDGE_LOOP ( 'NONE', ( #7714, #2618, #5724, #8955 ) ) ;
#7119 = EDGE_CURVE ( 'NONE', #6114, #6437, #5951, .T. ) ;
#7120 = EDGE_CURVE ( 'NONE', #7875, #3532, #3155, .T. ) ;
#7121 = ORIENTED_EDGE ( 'NONE', *, *, #5790, .T. ) ;
#7122 = CARTESIAN_POINT ( 'NONE',  ( 101.4500000000000171, 2.000000000000000000, -108.1281992623546131 ) ) ;
#7123 = LINE ( 'NONE', #2493, #2107 ) ;
#7124 = DIRECTION ( 'NONE',  ( 0.000000000000000000, 0.000000000000000000, 1.000000000000000000 ) ) ;
#7125 = CARTESIAN_POINT ( 'NONE',  ( 26.28900000000000858, 10.30000000000000071, -77.00896198777731172 ) ) ;
#7126 = VECTOR ( 'NONE', #2906, 1000.000000000000000 ) ;
#7127 = ORIENTED_EDGE ( 'NONE', *, *, #838, .F. ) ;
#7128 = VERTEX_POINT ( 'NONE', #7408 ) ;
#7129 = VECTOR ( 'NONE', #7769, 1000.000000000000114 ) ;
#7130 = CARTESIAN_POINT ( 'NONE',  ( -2.081668171172168198E-14, -1.734723475976807094E-15, 106.4499999999999886 ) ) ;
#7131 = DIRECTION ( 'NONE',  ( 0.4226182617406967212, -0.9063077870366511579, 0.000000000000000000 ) ) ;
#7132 = VERTEX_POINT ( 'NONE', #6543 ) ;
#7133 = LINE ( 'NONE', #2417, #1699 ) ;
#7134 = PLANE ( 'NONE',  #6137 ) ;
#7135 = DIRECTION ( 'NONE',  ( 1.000000000000000000, 0.000000000000000000, 0.000000000000000000 ) ) ;
#7136 = EDGE_LOOP ( 'NONE', ( #5938, #5411, #3957, #5487 ) ) ;
#7137 = ORIENTED_EDGE ( 'NONE', *, *, #7536, .T. ) ;
#7138 = CARTESIAN_POINT ( 'NONE',  ( 117.0000000000006679, 16.00000000000000000, 71.86523063261957134 ) ) ;
#7139 = DIRECTION ( 'NONE',  ( -0.000000000000000000, 1.000000000000000000, -0.000000000000000000 ) ) ;
#7140 = DIRECTION ( 'NONE',  ( -0.000000000000000000, 1.000000000000000000, -0.000000000000000000 ) ) ;
#7141 = FACE_OUTER_BOUND ( 'NONE', #2326, .T. ) ;
#7142 = DIRECTION ( 'NONE',  ( 0.000000000000000000, 1.000000000000000000, 0.000000000000000000 ) ) ;
#7143 = CARTESIAN_POINT ( 'NONE',  ( -88.66425111273758830, 12.30000000000000071, -76.76900583924737020 ) ) ;
#7144 = ORIENTED_EDGE ( 'NONE', *, *, #207, .F. ) ;
#7145 = DIRECTION ( 'NONE',  ( 0.000000000000000000, -0.9063077870366524902, -0.4226182617406941677 ) ) ;
#7146 = EDGE_CURVE ( 'NONE', #1052, #2361, #8639, .T. ) ;
#7147 = DIRECTION ( 'NONE',  ( 0.000000000000000000, -1.000000000000000000, 0.000000000000000000 ) ) ;
#7148 = SURFACE_SIDE_STYLE ('',( #6597 ) ) ;
#7149 = DIRECTION ( 'NONE',  ( -0.3994171850752216146, 0.000000000000000000, -0.9167692797354120016 ) ) ;
#7150 = DIRECTION ( 'NONE',  ( 1.000000000000000000, 0.000000000000000000, -2.888197254487934585E-15 ) ) ;
#7151 = LINE ( 'NONE', #5165, #2894 ) ;
#7152 = ORIENTED_EDGE ( 'NONE', *, *, #352, .F. ) ;
#7153 = VERTEX_POINT ( 'NONE', #8722 ) ;
#7154 = PLANE ( 'NONE',  #7913 ) ;
#7155 = DIRECTION ( 'NONE',  ( 0.000000000000000000, 0.000000000000000000, 1.000000000000000000 ) ) ;
#7156 = VERTEX_POINT ( 'NONE', #8090 ) ;
#7157 = EDGE_CURVE ( 'NONE', #8736, #1735, #6711, .T. ) ;
#7158 = ORIENTED_EDGE ( 'NONE', *, *, #1291, .T. ) ;
#7159 = DIRECTION ( 'NONE',  ( 0.000000000000000000, 1.000000000000000000, 0.000000000000000000 ) ) ;
#7160 = AXIS2_PLACEMENT_3D ( 'NONE', #7619, #6930, #1405 ) ;
#7161 = CARTESIAN_POINT ( 'NONE',  ( 0.000000000000000000, 10.30000000000000071, -87.88896198777732138 ) ) ;
#7162 = CARTESIAN_POINT ( 'NONE',  ( -81.45987952899491802, 10.30000000000000071, -93.90191434852255270 ) ) ;
#7163 = VECTOR ( 'NONE', #8649, 1000.000000000000000 ) ;
#7164 = DIRECTION ( 'NONE',  ( 0.4472135954999556517, 0.7745966692414850696, 0.4472135954999572061 ) ) ;
#7165 = ADVANCED_FACE ( 'NONE', ( #7794 ), #371, .F. ) ;
#7166 = CARTESIAN_POINT ( 'NONE',  ( -56.16849892670283850, 12.30000000000000071, -24.47143924552000271 ) ) ;
#7167 = ORIENTED_EDGE ( 'NONE', *, *, #973, .F. ) ;
#7168 = CIRCLE ( 'NONE', #4559, 3.299999999999997158 ) ;
#7169 = VERTEX_POINT ( 'NONE', #1189 ) ;
#7170 = EDGE_CURVE ( 'NONE', #2513, #4400, #1102, .T. ) ;
#7171 = VECTOR ( 'NONE', #4534, 1000.000000000000000 ) ;
#7172 = LINE ( 'NONE', #3734, #2541 ) ;
#7173 = ADVANCED_FACE ( 'NONE', ( #1060 ), #2557, .T. ) ;
#7174 = DIRECTION ( 'NONE',  ( 0.000000000000000000, 0.000000000000000000, 1.000000000000000000 ) ) ;
#7175 = ORIENTED_EDGE ( 'NONE', *, *, #7293, .F. ) ;
#7176 = VECTOR ( 'NONE', #1568, 1000.000000000000000 ) ;
#7177 = CARTESIAN_POINT ( 'NONE',  ( -117.0000000000000000, 20.00000000000000000, 107.0000000000000000 ) ) ;
#7178 = VECTOR ( 'NONE', #2772, 1000.000000000000227 ) ;
#7179 = CIRCLE ( 'NONE', #2845, 3.299999999999997158 ) ;
#7180 = DIRECTION ( 'NONE',  ( -0.000000000000000000, -1.000000000000000000, -0.000000000000000000 ) ) ;
#7181 = PLANE ( 'NONE',  #2644 ) ;
#7182 = AXIS2_PLACEMENT_3D ( 'NONE', #6894, #5309, #1268 ) ;
#7183 = EDGE_LOOP ( 'NONE', ( #5977, #243, #708, #8120 ) ) ;
#7184 = ORIENTED_EDGE ( 'NONE', *, *, #92, .T. ) ;
#7185 = EDGE_CURVE ( 'NONE', #5561, #6788, #5907, .T. ) ;
#7186 = B_SPLINE_CURVE_WITH_KNOTS ( 'NONE', 2,
 ( #5566, #801, #2166 ),
 .UNSPECIFIED., .F., .F.,
 ( 3, 3 ),
 ( 0.9887384378410062347, 1.000000000000000000 ),
 .UNSPECIFIED. ) ;
#7187 = ADVANCED_FACE ( 'NONE', ( #6669 ), #4184, .T. ) ;
#7188 = VECTOR ( 'NONE', #2945, 1000.000000000000000 ) ;
#7189 = DIRECTION ( 'NONE',  ( 0.000000000000000000, -0.7660444431189704639, 0.6427876096865483557 ) ) ;
#7190 = EDGE_CURVE ( 'NONE', #3218, #2528, #4875, .T. ) ;
#7191 = CARTESIAN_POINT ( 'NONE',  ( 47.90328383675913670, 12.30000000000000071, -82.98222665616012250 ) ) ;
#7192 = EDGE_CURVE ( 'NONE', #6915, #81, #8274, .T. ) ;
#7193 = CIRCLE ( 'NONE', #5303, 4.699999999999981526 ) ;
#7194 = VECTOR ( 'NONE', #5901, 1000.000000000000000 ) ;
#7195 = CARTESIAN_POINT ( 'NONE',  ( 2.398770221448514040, 10.29999999999999893, -84.54469834703384379 ) ) ;
#7196 = LINE ( 'NONE', #8596, #7456 ) ;
#7197 = B_SPLINE_CURVE_WITH_KNOTS ( 'NONE', 3,
 ( #2603, #3332, #5363, #4685, #6041, #7595, #8140, #3427, #1924, #8957, #2744, #6086, #2651, #8183, #1972, #1287, #4739 ),
 .UNSPECIFIED., .F., .F.,
 ( 4, 1, 1, 1, 1, 1, 1, 1, 1, 1, 1, 1, 1, 1, 4 ),
 ( 0.000000000000000000, 0.1270149001952534384, 0.1862471217906807863, 0.2435127008767843659, 0.2992639152469226960, 0.3546790141256468409, 0.4104351322161818860, 0.4672405340115310945, 0.5252178284047132051, 0.5843144999316801647, 0.6458290808742688238, 0.7094183234581450392, 0.7763084462010545472, 0.8467773217583043355, 1.000000000000000000 ),
 .UNSPECIFIED. ) ;
#7198 = CARTESIAN_POINT ( 'NONE',  ( 77.13569464698541367, 10.30000000000000071, -35.54799350621698295 ) ) ;
#7199 = DIRECTION ( 'NONE',  ( 0.000000000000000000, -1.000000000000000000, 0.000000000000000000 ) ) ;
#7200 = ORIENTED_EDGE ( 'NONE', *, *, #2636, .T. ) ;
#7201 = DIRECTION ( 'NONE',  ( 0.000000000000000000, -0.000000000000000000, 1.000000000000000000 ) ) ;
#7202 = DIRECTION ( 'NONE',  ( 0.2506286776786595394, 0.000000000000000000, -0.9680832949313022961 ) ) ;
#7203 = DIRECTION ( 'NONE',  ( 0.000000000000000000, 0.000000000000000000, -1.000000000000000000 ) ) ;
#7204 = DIRECTION ( 'NONE',  ( 1.000000000000000000, -0.000000000000000000, 0.000000000000000000 ) ) ;
#7205 = FACE_OUTER_BOUND ( 'NONE', #4910, .T. ) ;
#7206 = CARTESIAN_POINT ( 'NONE',  ( 55.46613572974138862, 12.30000000000000071, -88.20053272238759234 ) ) ;
#7207 = VERTEX_POINT ( 'NONE', #4150 ) ;
#7208 = ORIENTED_EDGE ( 'NONE', *, *, #1638, .T. ) ;
#7209 = ORIENTED_EDGE ( 'NONE', *, *, #8865, .F. ) ;
#7210 = DIRECTION ( 'NONE',  ( 0.000000000000000000, 1.000000000000000000, -0.000000000000000000 ) ) ;
#7211 = VERTEX_POINT ( 'NONE', #561 ) ;
#7212 = EDGE_CURVE ( 'NONE', #6200, #634, #6219, .T. ) ;
#7213 = VERTEX_POINT ( 'NONE', #2012 ) ;
#7214 = DIRECTION ( 'NONE',  ( 0.000000000000000000, 0.000000000000000000, 1.000000000000000000 ) ) ;
#7215 = PLANE ( 'NONE',  #1676 ) ;
#7216 = CARTESIAN_POINT ( 'NONE',  ( -2.711703438157626156, 12.30000000000000249, -81.46525977104990091 ) ) ;
#7217 = LINE ( 'NONE', #330, #6667 ) ;
#7218 = VERTEX_POINT ( 'NONE', #6175 ) ;
#7219 = ORIENTED_EDGE ( 'NONE', *, *, #5837, .F. ) ;
#7220 = EDGE_CURVE ( 'NONE', #3592, #5122, #29, .T. ) ;
#7221 = FACE_OUTER_BOUND ( 'NONE', #840, .T. ) ;
#7222 = CARTESIAN_POINT ( 'NONE',  ( -93.39200000000002433, 12.30000000000000071, -100.2039619877773049 ) ) ;
#7223 = VERTEX_POINT ( 'NONE', #7449 ) ;
#7224 = PLANE ( 'NONE',  #3575 ) ;
#7225 = VECTOR ( 'NONE', #6210, 1000.000000000000000 ) ;
#7226 = CARTESIAN_POINT ( 'NONE',  ( -107.0000000000000000, 20.00000000000000000, 112.0000000000000000 ) ) ;
#7227 = CARTESIAN_POINT ( 'NONE',  ( 91.73046126523996691, 20.00000000000000000, 117.0000000000000000 ) ) ;
#7228 = ORIENTED_EDGE ( 'NONE', *, *, #2617, .F. ) ;
#7229 = ORIENTED_EDGE ( 'NONE', *, *, #5895, .T. ) ;
#7230 = B_SPLINE_CURVE_WITH_KNOTS ( 'NONE', 3,
 ( #7473, #5335, #3442, #4839, #6103, #678, #7612, #2029, #8875, #2710, #8202, #4751, #6191, #5748, #6282 ),
 .UNSPECIFIED., .F., .F.,
 ( 4, 1, 1, 1, 1, 1, 1, 1, 1, 1, 1, 1, 4 ),
 ( 0.000000000000000000, 0.1210031538655895050, 0.1772213293847222093, 0.2321348011602523131, 0.2857773369052810652, 0.3398955453889458966, 0.3944662649580650826, 0.4509013165325904682, 0.5090875601611567491, 0.5691468798720368261, 0.6318544576558593473, 0.6975771794455877250, 0.7356366592920499103 ),
 .UNSPECIFIED. ) ;
#7231 = VECTOR ( 'NONE', #401, 1000.000000000000000 ) ;
#7232 = AXIS2_PLACEMENT_3D ( 'NONE', #852, #2855, #5570 ) ;
#7233 = CARTESIAN_POINT ( 'NONE',  ( 117.0000000000000995, 20.00000000000000000, -91.73046126524037902 ) ) ;
#7234 = CARTESIAN_POINT ( 'NONE',  ( -70.00000000000000000, 20.00000000000000000, 117.0000000000000000 ) ) ;
#7235 = ADVANCED_FACE ( 'NONE', ( #6129 ), #7000, .T. ) ;
#7236 = ADVANCED_FACE ( 'NONE', ( #1234 ), #3372, .F. ) ;
#7237 = VECTOR ( 'NONE', #4428, 1000.000000000000000 ) ;
#7238 = PLANE ( 'NONE',  #6720 ) ;
#7239 = DIRECTION ( 'NONE',  ( -1.000000000000000000, 0.000000000000000000, 1.239088197126290570E-16 ) ) ;
#7240 = CARTESIAN_POINT ( 'NONE',  ( -93.81200000000005446, 12.30000000000000071, -79.64396198777730262 ) ) ;
#7241 = CONICAL_SURFACE ( 'NONE', #6511, 6.678199262354605814, 0.6981317007977448919 ) ;
#7242 = ORIENTED_EDGE ( 'NONE', *, *, #6050, .T. ) ;
#7243 = CARTESIAN_POINT ( 'NONE',  ( 0.000000000000000000, 10.30000000000000071, -77.00896198777729751 ) ) ;
#7244 = CARTESIAN_POINT ( 'NONE',  ( -18.27899999999997860, 10.30000000000000071, -77.00896198777729751 ) ) ;
#7245 = DIRECTION ( 'NONE',  ( -1.000000000000000000, -0.000000000000000000, 1.279714039655022108E-16 ) ) ;
#7246 = FACE_OUTER_BOUND ( 'NONE', #5416, .T. ) ;
#7247 = LINE ( 'NONE', #8567, #148 ) ;
#7248 = EDGE_LOOP ( 'NONE', ( #6308, #5970, #8010, #6135 ) ) ;
#7249 = VERTEX_POINT ( 'NONE', #7592 ) ;
#7250 = ORIENTED_EDGE ( 'NONE', *, *, #1308, .T. ) ;
#7251 = DIRECTION ( 'NONE',  ( 0.000000000000000000, 0.000000000000000000, -1.000000000000000000 ) ) ;
#7252 = EDGE_LOOP ( 'NONE', ( #5725, #3627, #8264, #6257 ) ) ;
#7253 = ORIENTED_EDGE ( 'NONE', *, *, #7453, .T. ) ;
#7254 = DIRECTION ( 'NONE',  ( -1.000000000000000000, 0.000000000000000000, 1.137523590804464069E-16 ) ) ;
#7255 = PRODUCT_CONTEXT ( 'NONE', #5949, 'mechanical' ) ;
#7256 = EDGE_CURVE ( 'NONE', #8877, #8572, #4008, .T. ) ;
#7257 = DIRECTION ( 'NONE',  ( 0.000000000000000000, 0.000000000000000000, 1.000000000000000000 ) ) ;
#7258 = LINE ( 'NONE', #8536, #8672 ) ;
#7259 = DIRECTION ( 'NONE',  ( 0.000000000000000000, 0.000000000000000000, 1.000000000000000000 ) ) ;
#7260 = VECTOR ( 'NONE', #5597, 1000.000000000000000 ) ;
#7261 = ORIENTED_EDGE ( 'NONE', *, *, #7067, .T. ) ;
#7262 = ADVANCED_FACE ( 'NONE', ( #1377 ), #7034, .F. ) ;
#7263 = ORIENTED_EDGE ( 'NONE', *, *, #7157, .T. ) ;
#7264 = FACE_OUTER_BOUND ( 'NONE', #5129, .T. ) ;
#7265 = CARTESIAN_POINT ( 'NONE',  ( 75.45000000000000284, 2.000000000000000000, 75.45000000000000284 ) ) ;
#7266 = ORIENTED_EDGE ( 'NONE', *, *, #8927, .F. ) ;
#7267 = CARTESIAN_POINT ( 'NONE',  ( 0.000000000000000000, 0.000000000000000000, 80.44999999999998863 ) ) ;
#7268 = AXIS2_PLACEMENT_3D ( 'NONE', #4892, #1299, #1 ) ;
#7269 = DIRECTION ( 'NONE',  ( 0.000000000000000000, 0.000000000000000000, -1.000000000000000000 ) ) ;
#7270 = LINE ( 'NONE', #2332, #7866 ) ;
#7271 = EDGE_LOOP ( 'NONE', ( #7895, #358, #8272, #3763 ) ) ;
#7272 = ORIENTED_EDGE ( 'NONE', *, *, #8414, .F. ) ;
#7273 = VECTOR ( 'NONE', #119, 1000.000000000000000 ) ;
#7274 = CARTESIAN_POINT ( 'NONE',  ( 55.92800000000000438, 12.30000000000000071, -77.00896198777732593 ) ) ;
#7275 = EDGE_CURVE ( 'NONE', #6807, #4876, #812, .T. ) ;
#7276 = CARTESIAN_POINT ( 'NONE',  ( -53.63538884989142019, 27.52480464293116569, -8.558847212472723953 ) ) ;
#7277 = DIRECTION ( 'NONE',  ( 0.2506286776786582071, 0.000000000000000000, 0.9680832949313025182 ) ) ;
#7278 = EDGE_CURVE ( 'NONE', #905, #2195, #4411, .T. ) ;
#7279 = DIRECTION ( 'NONE',  ( -0.000000000000000000, 1.000000000000000000, -0.000000000000000000 ) ) ;
#7280 = DIRECTION ( 'NONE',  ( 0.3753200180359992921, 0.000000000000000000, 0.9268952929330569468 ) ) ;
#7281 = EDGE_CURVE ( 'NONE', #8374, #2874, #3015, .T. ) ;
#7282 = EDGE_CURVE ( 'NONE', #7128, #6293, #125, .T. ) ;
#7283 = EDGE_CURVE ( 'NONE', #1762, #7128, #5006, .T. ) ;
#7284 = CARTESIAN_POINT ( 'NONE',  ( 1.437686482136429911, 12.30000000000000249, -81.19162521868875615 ) ) ;
#7285 = ORIENTED_EDGE ( 'NONE', *, *, #207, .T. ) ;
#7286 = CARTESIAN_POINT ( 'NONE',  ( 19.92900000000000915, 10.30000000000000071, -101.0089619877773259 ) ) ;
#7287 = CARTESIAN_POINT ( 'NONE',  ( -2.198933949516666875, 10.30000000000000249, -76.78524219754454805 ) ) ;
#7288 = DIRECTION ( 'NONE',  ( 0.000000000000000000, -0.7071067811865556774, -0.7071067811865393571 ) ) ;
#7289 = CARTESIAN_POINT ( 'NONE',  ( -91.31700000000003570, 12.30000000000000071, -82.89896198777729808 ) ) ;
#7290 = CARTESIAN_POINT ( 'NONE',  ( 4.929862573838073914, 10.29999999999999893, -77.98857073433269704 ) ) ;
#7291 = DIRECTION ( 'NONE',  ( 0.9848995312379942302, 0.000000000000000000, 0.1731268707254287886 ) ) ;
#7292 = ORIENTED_EDGE ( 'NONE', *, *, #5513, .T. ) ;
#7293 = EDGE_CURVE ( 'NONE', #2484, #62, #2884, .T. ) ;
#7294 = ORIENTED_EDGE ( 'NONE', *, *, #2514, .T. ) ;
#7295 = ORIENTED_EDGE ( 'NONE', *, *, #2350, .T. ) ;
#7296 = CARTESIAN_POINT ( 'NONE',  ( -47.29999999999949978, 0.000000000000000000, -44.00000000000048317 ) ) ;
#7297 = ORIENTED_EDGE ( 'NONE', *, *, #2853, .T. ) ;
#7298 = ORIENTED_EDGE ( 'NONE', *, *, #3677, .T. ) ;
#7299 = CARTESIAN_POINT ( 'NONE',  ( 117.0000000000000142, 0.000000000000000000, 107.0000000000000000 ) ) ;
#7300 = APPLICATION_PROTOCOL_DEFINITION ( 'draft international standard', 'automotive_design', 1998, #5949 ) ;
#7301 = DIRECTION ( 'NONE',  ( -0.7660444431189705750, -0.6427876096865482447, 1.321442166931070839E-16 ) ) ;
#7302 = CARTESIAN_POINT ( 'NONE',  ( 2.722059814195459726, 10.29999999999999893, -83.65359444396744948 ) ) ;
#7303 = PLANE ( 'NONE',  #5521 ) ;
#7304 = ORIENTED_EDGE ( 'NONE', *, *, #476, .T. ) ;
#7305 = ORIENTED_EDGE ( 'NONE', *, *, #5176, .F. ) ;
#7306 = DIRECTION ( 'NONE',  ( -0.7660444431189705750, 0.6427876096865482447, -1.079837707766426262E-16 ) ) ;
#7307 = AXIS2_PLACEMENT_3D ( 'NONE', #5200, #1932, #6595 ) ;
#7308 = CARTESIAN_POINT ( 'NONE',  ( 87.23517617866014007, 10.30000000000000071, -92.36896198777732536 ) ) ;
#7309 = ORIENTED_EDGE ( 'NONE', *, *, #5685, .F. ) ;
#7310 = CARTESIAN_POINT ( 'NONE',  ( 6.938893903907228378E-15, -1.734723475976807094E-15, -93.45000000000000284 ) ) ;
#7311 = CARTESIAN_POINT ( 'NONE',  ( -80.89144691102325169, 10.29999999999999893, -92.45705901919477299 ) ) ;
#7312 = FACE_BOUND ( 'NONE', #3710, .T. ) ;
#7313 = ORIENTED_EDGE ( 'NONE', *, *, #3233, .T. ) ;
#7314 = ORIENTED_EDGE ( 'NONE', *, *, #8699, .F. ) ;
#7315 = PRODUCT_DEFINITION_CONTEXT ( 'detailed design', #6579, 'design' ) ;
#7316 = VECTOR ( 'NONE', #4776, 999.9999999999998863 ) ;
#7317 = ADVANCED_FACE ( 'NONE', ( #6491 ), #2284, .T. ) ;
#7318 = DIRECTION ( 'NONE',  ( -0.9167692797354120016, 0.000000000000000000, -0.3994171850752217812 ) ) ;
#7319 = VECTOR ( 'NONE', #1938, 1000.000000000000000 ) ;
#7320 = CARTESIAN_POINT ( 'NONE',  ( -3.159506494315680758, 12.30000000000000249, -93.96207432418098904 ) ) ;
#7321 = VECTOR ( 'NONE', #7204, 1000.000000000000000 ) ;
#7322 = CARTESIAN_POINT ( 'NONE',  ( 53.28988043151446874, 12.30000000000000071, -77.26314857679093961 ) ) ;
#7323 = VECTOR ( 'NONE', #8801, 1000.000000000000000 ) ;
#7324 = AXIS2_PLACEMENT_3D ( 'NONE', #2831, #1655, #7174 ) ;
#7325 = CARTESIAN_POINT ( 'NONE',  ( -3.594206564539005555, 12.30000000000000249, -77.10699062238617785 ) ) ;
#7326 = CARTESIAN_POINT ( 'NONE',  ( 52.73459930060161582, 12.30000000000000071, -83.44999564423144989 ) ) ;
#7327 = VERTEX_POINT ( 'NONE', #5692 ) ;
#7328 = LINE ( 'NONE', #1109, #6946 ) ;
#7329 = AXIS2_PLACEMENT_3D ( 'NONE', #4558, #3751, #7201 ) ;
#7330 = ORIENTED_EDGE ( 'NONE', *, *, #5340, .F. ) ;
#7331 = PLANE ( 'NONE',  #5742 ) ;
#7332 = CARTESIAN_POINT ( 'NONE',  ( 75.44999999999998863, 2.000000000000000000, -82.12819926235459889 ) ) ;
#7333 = EDGE_CURVE ( 'NONE', #8485, #884, #7869, .T. ) ;
#7334 = CARTESIAN_POINT ( 'NONE',  ( 55.85519017781547291, 12.30000000000000071, -92.36821595577896460 ) ) ;
#7335 = CARTESIAN_POINT ( 'NONE',  ( 1.070905261782103768, 12.30000000000000071, -76.74453972926021095 ) ) ;
#7336 = CARTESIAN_POINT ( 'NONE',  ( -3.219999999999967777, 10.30000000000000249, -94.59396198777730547 ) ) ;
#7337 = AXIS2_PLACEMENT_3D ( 'NONE', #8457, #2241, #7644 ) ;
#7338 = ORIENTED_EDGE ( 'NONE', *, *, #2281, .T. ) ;
#7339 = CARTESIAN_POINT ( 'NONE',  ( -97.54709531149960355, 10.30000000000000071, -74.77112221265458913 ) ) ;
#7340 = VERTEX_POINT ( 'NONE', #2927 ) ;
#7341 = ORIENTED_EDGE ( 'NONE', *, *, #576, .T. ) ;
#7342 = CARTESIAN_POINT ( 'NONE',  ( 96.77180073764540680, 2.000000000000000000, 0.000000000000000000 ) ) ;
#7343 = EDGE_CURVE ( 'NONE', #4580, #7870, #6159, .T. ) ;
#7344 = LINE ( 'NONE', #1124, #4422 ) ;
#7345 = CARTESIAN_POINT ( 'NONE',  ( -8.044999999999969731, 10.30000000000000071, -94.67896198777731342 ) ) ;
#7346 = CARTESIAN_POINT ( 'NONE',  ( 0.000000000000000000, 10.30000000000000071, -77.00896198777732593 ) ) ;
#7347 = ORIENTED_EDGE ( 'NONE', *, *, #1301, .F. ) ;
#7348 = ORIENTED_EDGE ( 'NONE', *, *, #1790, .F. ) ;
#7349 = EDGE_CURVE ( 'NONE', #1762, #906, #7819, .T. ) ;
#7350 = LINE ( 'NONE', #1654, #5601 ) ;
#7351 = CARTESIAN_POINT ( 'NONE',  ( 32.27900000000001057, 10.30000000000000071, -81.16896198777733673 ) ) ;
#7352 = VERTEX_POINT ( 'NONE', #6444 ) ;
#7353 = CARTESIAN_POINT ( 'NONE',  ( 107.0000000000000426, 0.000000000000000000, -107.0000000000000284 ) ) ;
#7354 = CARTESIAN_POINT ( 'NONE',  ( 47.85386517526825401, 10.30000000000000249, -84.94869808164419567 ) ) ;
#7355 = LINE ( 'NONE', #8037, #5107 ) ;
#7356 = CARTESIAN_POINT ( 'NONE',  ( -38.25899999999997902, 12.30000000000000071, -77.00896198777729751 ) ) ;
#7357 = CARTESIAN_POINT ( 'NONE',  ( -52.86300000000001376, 12.30000000000000071, -101.0089619877773117 ) ) ;
#7358 = VERTEX_POINT ( 'NONE', #4965 ) ;
#7359 = EDGE_LOOP ( 'NONE', ( #5492, #5246, #7538, #1313 ) ) ;
#7360 = B_SPLINE_CURVE_WITH_KNOTS ( 'NONE', 3,
 ( #5353, #7354, #8945, #4000, #4587, #2591, #461, #5982, #1321, #8127, #3320, #6846, #1827 ),
 .UNSPECIFIED., .F., .F.,
 ( 4, 1, 1, 1, 1, 1, 1, 1, 1, 1, 4 ),
 ( 0.000000000000000000, 0.1391042832769330273, 0.2037142684141520221, 0.2655315063187240199, 0.3249205927519568937, 0.3829927631556946377, 0.4403268924330646095, 0.4977714884407283269, 0.5552160844483919888, 0.6128654561921728083, 0.6391350285580224000 ),
 .UNSPECIFIED. ) ;
#7361 = CARTESIAN_POINT ( 'NONE',  ( -92.48315953222078178, 10.29999999999999893, -100.5473997097474097 ) ) ;
#7362 = CARTESIAN_POINT ( 'NONE',  ( -1.551281812837221219, 10.30000000000000071, -92.23452100183945390 ) ) ;
#7363 = CARTESIAN_POINT ( 'NONE',  ( 48.65714417895365074, 12.30000000000000071, -80.57781608749655788 ) ) ;
#7364 = VECTOR ( 'NONE', #8430, 1000.000000000000114 ) ;
#7365 = CARTESIAN_POINT ( 'NONE',  ( -98.45000000000003126, -0.000000000000000000, 88.44999999999998863 ) ) ;
#7366 = CARTESIAN_POINT ( 'NONE',  ( -77.93064335878082716, 10.29999999999999893, -97.42329730498141771 ) ) ;
#7367 = ORIENTED_EDGE ( 'NONE', *, *, #6409, .F. ) ;
#7368 = EDGE_CURVE ( 'NONE', #7207, #2009, #1475, .T. ) ;
#7369 = FACE_OUTER_BOUND ( 'NONE', #8841, .T. ) ;
#7370 = AXIS2_PLACEMENT_3D ( 'NONE', #1880, #4597, #1150 ) ;
#7371 = ORIENTED_EDGE ( 'NONE', *, *, #1634, .T. ) ;
#7372 = DIRECTION ( 'NONE',  ( -0.1592467030307476716, 0.000000000000000000, -0.9872388199285099253 ) ) ;
#7373 = CARTESIAN_POINT ( 'NONE',  ( 51.41709520669376587, 12.30000000000000071, -91.35485734024790361 ) ) ;
#7374 = VECTOR ( 'NONE', #4938, 1000.000000000000114 ) ;
#7375 = CARTESIAN_POINT ( 'NONE',  ( 55.78234326538287746, 12.30000000000000071, -92.36693746158452711 ) ) ;
#7376 = CARTESIAN_POINT ( 'NONE',  ( 7.276477176490062426, 10.29999999999999893, -81.11705689056203994 ) ) ;
#7377 = FACE_OUTER_BOUND ( 'NONE', #1969, .T. ) ;
#7378 = ORIENTED_EDGE ( 'NONE', *, *, #5714, .F. ) ;
#7379 = ORIENTED_EDGE ( 'NONE', *, *, #7746, .F. ) ;
#7380 = DIRECTION ( 'NONE',  ( 0.000000000000000000, 0.000000000000000000, 1.000000000000000000 ) ) ;
#7381 = ORIENTED_EDGE ( 'NONE', *, *, #264, .T. ) ;
#7382 = EDGE_LOOP ( 'NONE', ( #7228, #5159, #3408, #5600 ) ) ;
#7383 = DIRECTION ( 'NONE',  ( 0.000000000000000000, 0.000000000000000000, -1.000000000000000000 ) ) ;
#7384 = EDGE_CURVE ( 'NONE', #6679, #613, #3991, .T. ) ;
#7385 = CARTESIAN_POINT ( 'NONE',  ( 55.46205761999347317, 12.29999999999999893, -81.16209462025454968 ) ) ;
#7386 = CARTESIAN_POINT ( 'NONE',  ( -5.003700066541869163, 10.30000000000000071, -89.26072975144852251 ) ) ;
#7387 = DIRECTION ( 'NONE',  ( 0.000000000000000000, 0.000000000000000000, -1.000000000000000000 ) ) ;
#7388 = ORIENTED_EDGE ( 'NONE', *, *, #3570, .T. ) ;
#7389 = ORIENTED_EDGE ( 'NONE', *, *, #375, .F. ) ;
#7390 = EDGE_CURVE ( 'NONE', #6081, #842, #2983, .T. ) ;
#7391 = EDGE_CURVE ( 'NONE', #4623, #7450, #2239, .T. ) ;
#7392 = EDGE_CURVE ( 'NONE', #4079, #6978, #3641, .T. ) ;
#7393 = EDGE_CURVE ( 'NONE', #5852, #905, #6313, .T. ) ;
#7394 = CARTESIAN_POINT ( 'NONE',  ( 117.0000000000001705, 16.00000000000000000, -71.86523063262040978 ) ) ;
#7395 = CARTESIAN_POINT ( 'NONE',  ( -1.551281812837221219, 12.30000000000000071, -92.23452100183945390 ) ) ;
#7396 = ORIENTED_EDGE ( 'NONE', *, *, #8861, .T. ) ;
#7397 = EDGE_CURVE ( 'NONE', #7484, #3229, #2842, .T. ) ;
#7398 = LINE ( 'NONE', #4768, #239 ) ;
#7399 = LINE ( 'NONE', #1178, #6464 ) ;
#7400 = AXIS2_PLACEMENT_3D ( 'NONE', #3769, #3730, #2408 ) ;
#7401 = CARTESIAN_POINT ( 'NONE',  ( -18.27899999999997860, 10.30000000000000071, -77.00896198777729751 ) ) ;
#7402 = CARTESIAN_POINT ( 'NONE',  ( -80.44007385999240967, 10.29999999999999893, -88.21216393320474936 ) ) ;
#7403 = CARTESIAN_POINT ( 'NONE',  ( 109.7718007376454210, 2.000000000000000000, 101.4500000000000171 ) ) ;
#7404 = ORIENTED_EDGE ( 'NONE', *, *, #3892, .F. ) ;
#7405 = VERTEX_POINT ( 'NONE', #8080 ) ;
#7406 = VECTOR ( 'NONE', #7665, 1000.000000000000000 ) ;
#7407 = CARTESIAN_POINT ( 'NONE',  ( -90.59250486345510467, 12.29999999999999893, -101.0089619783066013 ) ) ;
#7408 = CARTESIAN_POINT ( 'NONE',  ( -63.15304191684395363, 20.00000000000000000, -6.849999999999992539 ) ) ;
#7409 = VERTEX_POINT ( 'NONE', #7222 ) ;
#7410 = CARTESIAN_POINT ( 'NONE',  ( 0.000000000000000000, 12.30000000000000071, 0.000000000000000000 ) ) ;
#7411 = CARTESIAN_POINT ( 'NONE',  ( -7.981436766771070168, 12.30000000000000071, -95.92470773741148093 ) ) ;
#7412 = CARTESIAN_POINT ( 'NONE',  ( 53.11954078560610526, 10.29999999999999893, -82.59020095088276037 ) ) ;
#7413 = VERTEX_POINT ( 'NONE', #1738 ) ;
#7414 = AXIS2_PLACEMENT_3D ( 'NONE', #6955, #2792, #8376 ) ;
#7415 = LINE ( 'NONE', #8821, #3640 ) ;
#7416 = ORIENTED_EDGE ( 'NONE', *, *, #5873, .F. ) ;
#7417 = CARTESIAN_POINT ( 'NONE',  ( 117.0000000000000995, 20.00000000000000000, -91.73046126524037902 ) ) ;
#7418 = LINE ( 'NONE', #8060, #4996 ) ;
#7419 = DIRECTION ( 'NONE',  ( -0.000000000000000000, -0.000000000000000000, -1.000000000000000000 ) ) ;
#7420 = LINE ( 'NONE', #1846, #1994 ) ;
#7421 = CYLINDRICAL_SURFACE ( 'NONE', #6057, 3.299999999999997158 ) ;
#7422 = ADVANCED_FACE ( 'NONE', ( #2457 ), #1011, .T. ) ;
#7423 = B_SPLINE_SURFACE_WITH_KNOTS ( 'NONE', 3, 1, ( 
 ( #1828, #4588 ),
 ( #1136, #421 ),
 ( #975, #1054 ),
 ( #6573, #1703 ),
 ( #7311, #8633 ),
 ( #3738, #3064 ),
 ( #3186, #5942 ),
 ( #1094, #8673 ),
 ( #3819, #5820 ),
 ( #5264, #6452 ),
 ( #8587, #258 ),
 ( #3100, #8548 ),
 ( #4543, #3018 ),
 ( #6536, #2418 ),
 ( #6623, #4414 ),
 ( #2376, #2331 ),
 ( #382, #7872 ) ),
 .UNSPECIFIED., .F., .F., .F.,
 ( 4, 1, 1, 1, 1, 1, 1, 1, 1, 1, 1, 1, 1, 1, 4 ),
 ( 2, 2 ),
 ( 0.000000000000000000, 0.1541352155247325550, 0.2241205159900080124, 0.2899716005903480442, 0.3521332785915380903, 0.4112967091774436534, 0.4681554457151543280, 0.5232485997069904471, 0.5773492570036228289, 0.6315820666050618870, 0.6868259011009236747, 0.7435545321454557488, 0.8023735008747524544, 0.8645512737966738470, 1.000000000000000000 ),
 ( 0.000000000000000000, 1.000000000000000000 ),
 .UNSPECIFIED. ) ;
#7424 = ORIENTED_EDGE ( 'NONE', *, *, #8097, .F. ) ;
#7425 = LINE ( 'NONE', #538, #6294 ) ;
#7426 = ORIENTED_EDGE ( 'NONE', *, *, #1961, .F. ) ;
#7427 = EDGE_LOOP ( 'NONE', ( #126, #5255, #2020, #5557 ) ) ;
#7428 = DIRECTION ( 'NONE',  ( -1.303690728775430663E-16, 0.000000000000000000, 1.000000000000000000 ) ) ;
#7429 = EDGE_CURVE ( 'NONE', #5188, #2663, #5595, .T. ) ;
#7430 = CARTESIAN_POINT ( 'NONE',  ( -89.86523063261998345, 16.00000000000000000, 117.0000000000000000 ) ) ;
#7431 = CARTESIAN_POINT ( 'NONE',  ( -8.005802973896782859, 12.30000000000000249, -93.85084571639457351 ) ) ;
#7432 = FACE_OUTER_BOUND ( 'NONE', #8791, .T. ) ;
#7433 = EDGE_LOOP ( 'NONE', ( #4841, #7554, #1230, #370, #7520, #690, #3418, #8058, #778, #403, #4904, #885 ) ) ;
#7434 = ORIENTED_EDGE ( 'NONE', *, *, #5655, .F. ) ;
#7435 = CARTESIAN_POINT ( 'NONE',  ( -2.691062453750032279, 12.30000000000000249, -96.15631725014800679 ) ) ;
#7436 = CARTESIAN_POINT ( 'NONE',  ( -116.9999999999999858, 20.00000000000000000, 107.0000000000000000 ) ) ;
#7437 = DIRECTION ( 'NONE',  ( -1.000000000000000000, 0.000000000000000000, 1.239088197126290817E-16 ) ) ;
#7438 = ORIENTED_EDGE ( 'NONE', *, *, #2371, .F. ) ;
#7439 = FACE_OUTER_BOUND ( 'NONE', #6888, .T. ) ;
#7440 = CARTESIAN_POINT ( 'NONE',  ( -64.04423606236412070, 9.496152422706654050, 1.850000000000007860 ) ) ;
#7441 = EDGE_CURVE ( 'NONE', #2635, #7169, #1175, .T. ) ;
#7442 = DIRECTION ( 'NONE',  ( 0.000000000000000000, 1.000000000000000000, 0.000000000000000000 ) ) ;
#7443 = CARTESIAN_POINT ( 'NONE',  ( -5.558861535925204045, 10.30000000000000249, -77.88509691832013004 ) ) ;
#7444 = DIRECTION ( 'NONE',  ( 1.000000000000000000, 0.000000000000000000, -0.000000000000000000 ) ) ;
#7445 = ADVANCED_FACE ( 'NONE', ( #7950 ), #3774, .F. ) ;
#7446 = ORIENTED_EDGE ( 'NONE', *, *, #1021, .T. ) ;
#7447 = ORIENTED_EDGE ( 'NONE', *, *, #806, .T. ) ;
#7448 = DIRECTION ( 'NONE',  ( 0.1731268707254287609, 0.000000000000000000, 0.9848995312379941192 ) ) ;
#7449 = CARTESIAN_POINT ( 'NONE',  ( 101.4500000000000171, 0.000000000000000000, -111.4500000000000028 ) ) ;
#7450 = VERTEX_POINT ( 'NONE', #4458 ) ;
#7451 = FACE_BOUND ( 'NONE', #6830, .T. ) ;
#7452 = CARTESIAN_POINT ( 'NONE',  ( 55.92800000000000438, 10.30000000000000071, -77.00896198777732593 ) ) ;
#7453 = EDGE_CURVE ( 'NONE', #8424, #5042, #4540, .T. ) ;
#7454 = ADVANCED_FACE ( 'NONE', ( #4501 ), #4626, .T. ) ;
#7455 = CARTESIAN_POINT ( 'NONE',  ( -7.160900321211190800, 12.30000000000000071, -98.10314907726571221 ) ) ;
#7456 = VECTOR ( 'NONE', #985, 1000.000000000000114 ) ;
#7457 = CARTESIAN_POINT ( 'NONE',  ( 52.65800000000000125, 10.29999999999999893, -84.68896198777730433 ) ) ;
#7458 = CIRCLE ( 'NONE', #6581, 5.000000000000004441 ) ;
#7459 = ORIENTED_EDGE ( 'NONE', *, *, #7721, .F. ) ;
#7460 = CONICAL_SURFACE ( 'NONE', #5998, 3.299999999999997158, 0.7853981633974533860 ) ;
#7461 = VECTOR ( 'NONE', #4053, 1000.000000000000000 ) ;
#7462 = EDGE_CURVE ( 'NONE', #8494, #7979, #4140, .T. ) ;
#7463 = CARTESIAN_POINT ( 'NONE',  ( 88.45000000000001705, 2.000000000000000000, 88.45000000000001705 ) ) ;
#7464 = ORIENTED_EDGE ( 'NONE', *, *, #4838, .T. ) ;
#7465 = DIRECTION ( 'NONE',  ( -0.000000000000000000, 1.000000000000000000, -0.000000000000000000 ) ) ;
#7466 = VECTOR ( 'NONE', #2543, 1000.000000000000000 ) ;
#7467 = LINE ( 'NONE', #1250, #1525 ) ;
#7468 = CARTESIAN_POINT ( 'NONE',  ( 52.51490099749453577, 10.30000000000000071, -77.47629502725661155 ) ) ;
#7469 = AXIS2_PLACEMENT_3D ( 'NONE', #8364, #2145, #4911 ) ;
#7470 = CARTESIAN_POINT ( 'NONE',  ( 6.754228525878987810, 10.29999999999999893, -79.89221229248529710 ) ) ;
#7471 = LINE ( 'NONE', #4793, #1002 ) ;
#7472 = AXIS2_PLACEMENT_3D ( 'NONE', #3568, #8511, #5562 ) ;
#7473 = CARTESIAN_POINT ( 'NONE',  ( -8.044999999999969731, 12.30000000000000071, -94.67896198777731342 ) ) ;
#7474 = DIRECTION ( 'NONE',  ( 0.000000000000000000, 0.000000000000000000, 1.000000000000000000 ) ) ;
#7475 = ORIENTED_EDGE ( 'NONE', *, *, #7003, .F. ) ;
#7476 = FACE_OUTER_BOUND ( 'NONE', #8551, .T. ) ;
#7477 = ORIENTED_EDGE ( 'NONE', *, *, #7256, .T. ) ;
#7478 = CARTESIAN_POINT ( 'NONE',  ( -55.27800000000001290, 10.30000000000000071, -77.00896198777732593 ) ) ;
#7479 = CARTESIAN_POINT ( 'NONE',  ( -80.44700000000003115, 12.29999999999999893, -88.81396198777730433 ) ) ;
#7480 = LINE ( 'NONE', #637, #7564 ) ;
#7481 = LINE ( 'NONE', #6112, #1899 ) ;
#7482 = VECTOR ( 'NONE', #6659, 1000.000000000000000 ) ;
#7483 = ORIENTED_EDGE ( 'NONE', *, *, #8525, .T. ) ;
#7484 = VERTEX_POINT ( 'NONE', #335 ) ;
#7485 = ADVANCED_FACE ( 'NONE', ( #8628 ), #6304, .F. ) ;
#7486 = CARTESIAN_POINT ( 'NONE',  ( -108.1281992623546415, 2.000000000000000000, 101.4499999999999744 ) ) ;
#7487 = CARTESIAN_POINT ( 'NONE',  ( -93.39200000000002433, 10.30000000000000071, -100.2039619877773049 ) ) ;
#7488 = ORIENTED_EDGE ( 'NONE', *, *, #8683, .F. ) ;
#7489 = ORIENTED_EDGE ( 'NONE', *, *, #7190, .F. ) ;
#7490 = DIRECTION ( 'NONE',  ( -1.000000000000000000, 0.000000000000000000, 0.000000000000000000 ) ) ;
#7491 = CARTESIAN_POINT ( 'NONE',  ( -92.61700000000004707, 12.30000000000000071, -96.15396198777730774 ) ) ;
#7492 = CARTESIAN_POINT ( 'NONE',  ( 7.550000000000033573, 12.30000000000000071, -83.26896198777730262 ) ) ;
#7493 = CARTESIAN_POINT ( 'NONE',  ( -81.11838966831579967, 10.29999999999999893, -84.72509431855867490 ) ) ;
#7494 = DIRECTION ( 'NONE',  ( -1.000000000000000000, 0.000000000000000000, 1.239088197126290817E-16 ) ) ;
#7495 = ORIENTED_EDGE ( 'NONE', *, *, #8293, .T. ) ;
#7496 = ORIENTED_EDGE ( 'NONE', *, *, #2463, .T. ) ;
#7497 = AXIS2_PLACEMENT_3D ( 'NONE', #993, #3081, #5838 ) ;
#7498 = DIRECTION ( 'NONE',  ( -1.000000000000000000, -0.000000000000000000, 3.491481338843133355E-15 ) ) ;
#7499 = CARTESIAN_POINT ( 'NONE',  ( -81.13655661433467969, 10.29999999999999893, -77.92137276918273869 ) ) ;
#7500 = VERTEX_POINT ( 'NONE', #2415 ) ;
#7501 = CYLINDRICAL_SURFACE ( 'NONE', #4583, 3.299999999999997158 ) ;
#7502 = PLANE ( 'NONE',  #8619 ) ;
#7503 = CARTESIAN_POINT ( 'NONE',  ( -59.49800000000002598, 10.30000000000000071, -95.76896198777731684 ) ) ;
#7504 = DIRECTION ( 'NONE',  ( 0.000000000000000000, 1.000000000000000000, 0.000000000000000000 ) ) ;
#7505 = EDGE_LOOP ( 'NONE', ( #213, #8163, #3845, #7631 ) ) ;
#7506 = EDGE_CURVE ( 'NONE', #3207, #4365, #6570, .T. ) ;
#7507 = EDGE_CURVE ( 'NONE', #2201, #6069, #458, .T. ) ;
#7508 = CARTESIAN_POINT ( 'NONE',  ( 47.29999999999981952, 4.299999999999999822, 42.60000000000025722 ) ) ;
#7509 = ORIENTED_EDGE ( 'NONE', *, *, #6260, .T. ) ;
#7510 = PLANE ( 'NONE',  #6737 ) ;
#7511 = CARTESIAN_POINT ( 'NONE',  ( -47.29999999999949978, 0.000000000000000000, -47.30000000000048033 ) ) ;
#7512 = DIRECTION ( 'NONE',  ( 0.000000000000000000, 0.000000000000000000, -1.000000000000000000 ) ) ;
#7513 = VECTOR ( 'NONE', #4277, 1000.000000000000114 ) ;
#7514 = FACE_OUTER_BOUND ( 'NONE', #78, .T. ) ;
#7515 = DIRECTION ( 'NONE',  ( -0.000000000000000000, 1.000000000000000000, -0.000000000000000000 ) ) ;
#7516 = ORIENTED_EDGE ( 'NONE', *, *, #6501, .F. ) ;
#7517 = CARTESIAN_POINT ( 'NONE',  ( 48.12633505457227301, 10.30000000000000071, -86.95575809439918658 ) ) ;
#7518 = ORIENTED_EDGE ( 'NONE', *, *, #375, .T. ) ;
#7519 = DIRECTION ( 'NONE',  ( -1.000000000000000000, 0.000000000000000000, 0.000000000000000000 ) ) ;
#7520 = ORIENTED_EDGE ( 'NONE', *, *, #6599, .T. ) ;
#7521 = DIRECTION ( 'NONE',  ( 0.000000000000000000, -0.7660444431189705750, 0.6427876096865482447 ) ) ;
#7522 = CARTESIAN_POINT ( 'NONE',  ( -82.12819926235459889, 2.000000000000000000, -75.44999999999998863 ) ) ;
#7523 = DIRECTION ( 'NONE',  ( 0.6083547575322753032, 0.000000000000000000, -0.7936652247565383345 ) ) ;
#7524 = DIRECTION ( 'NONE',  ( 0.000000000000000000, 0.7071067811865507924, 0.7071067811865441310 ) ) ;
#7525 = VERTEX_POINT ( 'NONE', #8669 ) ;
#7526 = ORIENTED_EDGE ( 'NONE', *, *, #6327, .F. ) ;
#7527 = CARTESIAN_POINT ( 'NONE',  ( 6.938893903907228378E-15, 0.000000000000000000, -111.4500000000000028 ) ) ;
#7528 = CARTESIAN_POINT ( 'NONE',  ( -67.04423606236410649, 4.299999999999999822, 1.850000000000007860 ) ) ;
#7529 = ORIENTED_EDGE ( 'NONE', *, *, #5714, .T. ) ;
#7530 = EDGE_CURVE ( 'NONE', #1151, #5776, #5218, .T. ) ;
#7531 = ORIENTED_EDGE ( 'NONE', *, *, #4614, .F. ) ;
#7532 = DIRECTION ( 'NONE',  ( -0.9609096625151034576, 0.000000000000000000, -0.2768620965121627031 ) ) ;
#7533 = CARTESIAN_POINT ( 'NONE',  ( 81.89200000000008117, 10.30000000000000071, -77.00896198777732593 ) ) ;
#7534 = CARTESIAN_POINT ( 'NONE',  ( -111.9999999999999716, -329.2183474857188799, -71.11272853558128304 ) ) ;
#7535 = FACE_OUTER_BOUND ( 'NONE', #3127, .T. ) ;
#7536 = EDGE_CURVE ( 'NONE', #5776, #6646, #6620, .T. ) ;
#7537 = CARTESIAN_POINT ( 'NONE',  ( -33.34999999999999432, 104.0000000000000142, -33.64999999999999858 ) ) ;
#7538 = ORIENTED_EDGE ( 'NONE', *, *, #8627, .F. ) ;
#7539 = EDGE_LOOP ( 'NONE', ( #8233, #3003, #4497, #2268 ) ) ;
#7540 = DIRECTION ( 'NONE',  ( 1.000000000000000000, 0.000000000000000000, -9.351609034915406741E-17 ) ) ;
#7541 = B_SPLINE_CURVE_WITH_KNOTS ( 'NONE', 3,
 ( #3712, #2349, #271, #7886, #1674, #3972, #1757, #6777, #5918, #8732, #3340, #2567, #7373 ),
 .UNSPECIFIED., .F., .F.,
 ( 4, 1, 1, 1, 1, 1, 1, 1, 1, 1, 4 ),
 ( 0.000000000000000000, 0.1391042832769330273, 0.2037142684141520221, 0.2655315063187240199, 0.3249205927519568937, 0.3829927631556946377, 0.4403268924330646095, 0.4977714884407283269, 0.5552160844483919888, 0.6128654561921728083, 0.6391350285580224000 ),
 .UNSPECIFIED. ) ;
#7542 = EDGE_CURVE ( 'NONE', #1401, #1641, #8710, .T. ) ;
#7543 = CARTESIAN_POINT ( 'NONE',  ( -75.75711074200638961, 12.29999999999999893, -88.05167650300137439 ) ) ;
#7544 = ORIENTED_EDGE ( 'NONE', *, *, #2739, .F. ) ;
#7545 = VECTOR ( 'NONE', #7605, 999.9999999999998863 ) ;
#7546 = VECTOR ( 'NONE', #4698, 1000.000000000000000 ) ;
#7547 = CARTESIAN_POINT ( 'NONE',  ( -68.44999999999997442, 4.299999999999999822, 68.45000000000000284 ) ) ;
#7548 = DIRECTION ( 'NONE',  ( 1.000000000000000000, 0.000000000000000000, -1.137523590804464069E-16 ) ) ;
#7549 = ORIENTED_EDGE ( 'NONE', *, *, #8414, .T. ) ;
#7550 = CARTESIAN_POINT ( 'NONE',  ( -2.506605835772501845, 12.30000000000000071, -101.0089619881004381 ) ) ;
#7551 = CARTESIAN_POINT ( 'NONE',  ( 26.62400000000000944, 12.30000000000000071, -92.68896198777731854 ) ) ;
#7552 = CIRCLE ( 'NONE', #8705, 3.299999999999997158 ) ;
#7553 = VECTOR ( 'NONE', #2451, 1000.000000000000000 ) ;
#7554 = ORIENTED_EDGE ( 'NONE', *, *, #3628, .T. ) ;
#7555 = EDGE_CURVE ( 'NONE', #4377, #1401, #4584, .T. ) ;
#7556 = ADVANCED_FACE ( 'NONE', ( #3904 ), #6656, .F. ) ;
#7557 = CARTESIAN_POINT ( 'NONE',  ( -107.0000000000000000, 20.00000000000000000, 107.0000000000000000 ) ) ;
#7558 = VERTEX_POINT ( 'NONE', #1218 ) ;
#7559 = DIRECTION ( 'NONE',  ( 1.000000000000000000, -0.000000000000000000, 0.000000000000000000 ) ) ;
#7560 = DIRECTION ( 'NONE',  ( -0.000000000000000000, 1.000000000000000000, -0.000000000000000000 ) ) ;
#7561 = AXIS2_PLACEMENT_3D ( 'NONE', #2571, #6734, #3298 ) ;
#7562 = EDGE_CURVE ( 'NONE', #1494, #2601, #8123, .T. ) ;
#7563 = CARTESIAN_POINT ( 'NONE',  ( 47.85349995209151075, 10.30000000000000071, -83.79572614441092071 ) ) ;
#7564 = VECTOR ( 'NONE', #5931, 1000.000000000000000 ) ;
#7565 = LINE ( 'NONE', #4836, #8855 ) ;
#7566 = LINE ( 'NONE', #6781, #3318 ) ;
#7567 = ADVANCED_FACE ( 'NONE', ( #6698 ), #3270, .T. ) ;
#7568 = VECTOR ( 'NONE', #2593, 1000.000000000000000 ) ;
#7569 = DIRECTION ( 'NONE',  ( 0.000000000000000000, 0.000000000000000000, -1.000000000000000000 ) ) ;
#7570 = CARTESIAN_POINT ( 'NONE',  ( 47.85386517526825401, 10.30000000000000071, -84.94869808164419567 ) ) ;
#7571 = ORIENTED_EDGE ( 'NONE', *, *, #1793, .T. ) ;
#7572 = CARTESIAN_POINT ( 'NONE',  ( -91.31700000000003570, 10.30000000000000071, -82.89896198777729808 ) ) ;
#7573 = LINE ( 'NONE', #144, #4551 ) ;
#7574 = CARTESIAN_POINT ( 'NONE',  ( 3.012079403857673920, 10.30000000000000071, -96.93263521649105030 ) ) ;
#7575 = CARTESIAN_POINT ( 'NONE',  ( -0.4149999999999675060, 10.30000000000000249, -80.84896198777731513 ) ) ;
#7576 = DIRECTION ( 'NONE',  ( -1.000000000000000000, 0.000000000000000000, 0.000000000000000000 ) ) ;
#7577 = EDGE_CURVE ( 'NONE', #1688, #2513, #8462, .T. ) ;
#7578 = ORIENTED_EDGE ( 'NONE', *, *, #1357, .F. ) ;
#7579 = ORIENTED_EDGE ( 'NONE', *, *, #2496, .T. ) ;
#7580 = LINE ( 'NONE', #4131, #518 ) ;
#7581 = DIRECTION ( 'NONE',  ( 0.000000000000000000, -0.9063077870366512689, -0.4226182617406967212 ) ) ;
#7582 = ORIENTED_EDGE ( 'NONE', *, *, #3117, .F. ) ;
#7583 = ORIENTED_EDGE ( 'NONE', *, *, #40, .F. ) ;
#7584 = FACE_OUTER_BOUND ( 'NONE', #6644, .T. ) ;
#7585 = LINE ( 'NONE', #4138, #8498 ) ;
#7586 = CARTESIAN_POINT ( 'NONE',  ( -30.49899999999998101, 10.30000000000000071, -101.0089619877772975 ) ) ;
#7587 = CARTESIAN_POINT ( 'NONE',  ( -107.0000000000000000, -312.4838379715732799, 112.0000000000000000 ) ) ;
#7588 = CARTESIAN_POINT ( 'NONE',  ( 1.817779467013370676, 10.29999999999999893, -85.24937067359256559 ) ) ;
#7589 = EDGE_LOOP ( 'NONE', ( #113, #7175, #7367, #2990 ) ) ;
#7590 = ORIENTED_EDGE ( 'NONE', *, *, #3765, .T. ) ;
#7591 = DIRECTION ( 'NONE',  ( 0.000000000000000000, -0.000000000000000000, 1.000000000000000000 ) ) ;
#7592 = CARTESIAN_POINT ( 'NONE',  ( 0.5100000000000329825, 12.30000000000000071, -97.16896198777732252 ) ) ;
#7593 = ORIENTED_EDGE ( 'NONE', *, *, #5127, .T. ) ;
#7594 = CARTESIAN_POINT ( 'NONE',  ( -4.495569275865665126, 10.30000000000000071, -88.88465248404671115 ) ) ;
#7595 = CARTESIAN_POINT ( 'NONE',  ( 6.754228525878987810, 10.29999999999999893, -79.89221229248529710 ) ) ;
#7596 = ORIENTED_EDGE ( 'NONE', *, *, #556, .T. ) ;
#7597 = CARTESIAN_POINT ( 'NONE',  ( -88.79039960986321489, 10.29999999999999716, -81.13635602998198237 ) ) ;
#7598 = ADVANCED_FACE ( 'NONE', ( #7094, #3649 ), #5653, .F. ) ;
#7599 = ORIENTED_EDGE ( 'NONE', *, *, #8667, .T. ) ;
#7600 = LINE ( 'NONE', #4159, #452 ) ;
#7601 = ORIENTED_EDGE ( 'NONE', *, *, #974, .F. ) ;
#7602 = PLANE ( 'NONE',  #3709 ) ;
#7603 = CARTESIAN_POINT ( 'NONE',  ( 6.938893903907228378E-15, 0.000000000000000000, -93.45000000000000284 ) ) ;
#7604 = VECTOR ( 'NONE', #7548, 1000.000000000000000 ) ;
#7605 = DIRECTION ( 'NONE',  ( -0.1879478355797142008, 0.000000000000000000, -0.9821790117391537844 ) ) ;
#7606 = VECTOR ( 'NONE', #954, 1000.000000000000000 ) ;
#7607 = DIRECTION ( 'NONE',  ( 8.659560562354913137E-17, -0.7071067811865489050, 0.7071067811865460184 ) ) ;
#7608 = CARTESIAN_POINT ( 'NONE',  ( -57.97983683608704553, 20.00000000000000000, 1.850000000000007194 ) ) ;
#7609 = AXIS2_PLACEMENT_3D ( 'NONE', #2948, #5074, #6473 ) ;
#7610 = EDGE_CURVE ( 'NONE', #8071, #8738, #6411, .T. ) ;
#7611 = VECTOR ( 'NONE', #4639, 1000.000000000000000 ) ;
#7612 = CARTESIAN_POINT ( 'NONE',  ( -6.765014346645617849, 12.29999999999999893, -98.65459707966554959 ) ) ;
#7613 = DIRECTION ( 'NONE',  ( 0.4298607147750039270, 0.000000000000000000, 0.9028952131300302941 ) ) ;
#7614 = VECTOR ( 'NONE', #8878, 1000.000000000000000 ) ;
#7615 = EDGE_LOOP ( 'NONE', ( #1653, #5480, #2687, #2150 ) ) ;
#7616 = CARTESIAN_POINT ( 'NONE',  ( 59.99800000000000466, 10.30000000000000071, -101.0089619877773117 ) ) ;
#7617 = AXIS2_PLACEMENT_3D ( 'NONE', #1462, #6295, #951 ) ;
#7618 = CIRCLE ( 'NONE', #3267, 8.321800737645393298 ) ;
#7619 = CARTESIAN_POINT ( 'NONE',  ( -36.64999999999999858, 4.299999999999999822, 0.000000000000000000 ) ) ;
#7620 = VECTOR ( 'NONE', #1174, 1000.000000000000114 ) ;
#7621 = CARTESIAN_POINT ( 'NONE',  ( 96.10634308895032518, 10.30000000000000071, -27.71066225731403776 ) ) ;
#7622 = DIRECTION ( 'NONE',  ( -1.000000000000000000, -0.000000000000000000, -0.000000000000000000 ) ) ;
#7623 = DIRECTION ( 'NONE',  ( -1.303690728775430663E-16, 0.000000000000000000, 1.000000000000000000 ) ) ;
#7624 = VERTEX_POINT ( 'NONE', #4420 ) ;
#7625 = VECTOR ( 'NONE', #5877, 1000.000000000000000 ) ;
#7626 = ORIENTED_EDGE ( 'NONE', *, *, #2365, .T. ) ;
#7627 = DIRECTION ( 'NONE',  ( -0.3994171850752217812, 0.000000000000000000, 0.9167692797354120016 ) ) ;
#7628 = DIRECTION ( 'NONE',  ( 0.000000000000000000, -0.7660444431189705750, 0.6427876096865482447 ) ) ;
#7629 = VERTEX_POINT ( 'NONE', #7051 ) ;
#7630 = EDGE_CURVE ( 'NONE', #3667, #6290, #2247, .T. ) ;
#7631 = ORIENTED_EDGE ( 'NONE', *, *, #2714, .T. ) ;
#7632 = VECTOR ( 'NONE', #8381, 1000.000000000000114 ) ;
#7633 = CARTESIAN_POINT ( 'NONE',  ( -47.29999999999949978, 4.299999999999999822, -47.30000000000048033 ) ) ;
#7634 = CARTESIAN_POINT ( 'NONE',  ( -76.13997716721773656, 12.29999999999999893, -84.97078840487554885 ) ) ;
#7635 = VECTOR ( 'NONE', #7277, 1000.000000000000114 ) ;
#7636 = CARTESIAN_POINT ( 'NONE',  ( -75.75700000000003342, 10.29999999999999893, -88.97396198777730092 ) ) ;
#7637 = DIRECTION ( 'NONE',  ( 0.4226182617406941677, -0.9063077870366524902, 0.000000000000000000 ) ) ;
#7638 = CARTESIAN_POINT ( 'NONE',  ( -47.29999999999949978, 10.90000000000000568, -50.60000000000047748 ) ) ;
#7639 = VERTEX_POINT ( 'NONE', #216 ) ;
#7640 = ORIENTED_EDGE ( 'NONE', *, *, #1882, .F. ) ;
#7641 = FACE_OUTER_BOUND ( 'NONE', #131, .T. ) ;
#7642 = DIRECTION ( 'NONE',  ( 1.000000000000000000, 0.000000000000000000, 0.000000000000000000 ) ) ;
#7643 = ORIENTED_EDGE ( 'NONE', *, *, #1238, .F. ) ;
#7644 = DIRECTION ( 'NONE',  ( 0.000000000000000000, 0.000000000000000000, -1.000000000000000000 ) ) ;
#7645 = CARTESIAN_POINT ( 'NONE',  ( -80.22546532028711397, 12.29999999999999893, -99.61710073133015442 ) ) ;
#7646 = ORIENTED_EDGE ( 'NONE', *, *, #5781, .F. ) ;
#7647 = VERTEX_POINT ( 'NONE', #6461 ) ;
#7648 = CARTESIAN_POINT ( 'NONE',  ( -5.751818784298963649, 10.29999999999999893, -99.61361715360496305 ) ) ;
#7649 = ORIENTED_EDGE ( 'NONE', *, *, #7542, .T. ) ;
#7650 = ORIENTED_EDGE ( 'NONE', *, *, #3652, .F. ) ;
#7651 = CARTESIAN_POINT ( 'NONE',  ( -75.44999999999998863, 2.000000000000000000, -82.12819926235459889 ) ) ;
#7652 = EDGE_CURVE ( 'NONE', #7413, #6705, #8018, .T. ) ;
#7653 = CARTESIAN_POINT ( 'NONE',  ( 6.206613092326860145E-16, 4.299999999999999822, 4.850000000000002309 ) ) ;
#7654 = DIRECTION ( 'NONE',  ( 0.000000000000000000, 0.000000000000000000, 1.000000000000000000 ) ) ;
#7655 = CARTESIAN_POINT ( 'NONE',  ( 52.66303433343966134, 10.29999999999999893, -85.18588077611885012 ) ) ;
#7656 = EDGE_CURVE ( 'NONE', #7795, #7153, #3609, .T. ) ;
#7657 = CARTESIAN_POINT ( 'NONE',  ( -81.45987952899491802, 12.30000000000000071, -93.90191434852255270 ) ) ;
#7658 = DIRECTION ( 'NONE',  ( 0.000000000000000000, 0.000000000000000000, 1.000000000000000000 ) ) ;
#7659 = CARTESIAN_POINT ( 'NONE',  ( 0.02913372182865263393, 10.29999999999999893, -80.84497176836100607 ) ) ;
#7660 = ORIENTED_EDGE ( 'NONE', *, *, #2753, .F. ) ;
#7661 = FACE_OUTER_BOUND ( 'NONE', #4970, .T. ) ;
#7662 = FACE_OUTER_BOUND ( 'NONE', #1110, .T. ) ;
#7663 = CARTESIAN_POINT ( 'NONE',  ( -5.039999999999960956, 10.30000000000000071, -83.23896198777730149 ) ) ;
#7664 = FACE_OUTER_BOUND ( 'NONE', #6635, .T. ) ;
#7665 = DIRECTION ( 'NONE',  ( -1.000000000000000000, 0.000000000000000000, 0.000000000000000000 ) ) ;
#7666 = VECTOR ( 'NONE', #7515, 1000.000000000000000 ) ;
#7667 = ORIENTED_EDGE ( 'NONE', *, *, #6501, .T. ) ;
#7668 = EDGE_LOOP ( 'NONE', ( #8775, #8358, #1302, #773 ) ) ;
#7669 = VERTEX_POINT ( 'NONE', #2936 ) ;
#7670 = CONICAL_SURFACE ( 'NONE', #7232, 6.678199262354605814, 0.6981317007977448919 ) ;
#7671 = CARTESIAN_POINT ( 'NONE',  ( 7.209239905108007385, 12.30000000000000071, -85.40792580488685815 ) ) ;
#7672 = CARTESIAN_POINT ( 'NONE',  ( -83.11110847782860844, 10.29999999999999716, -100.8502033776666735 ) ) ;
#7673 = ORIENTED_EDGE ( 'NONE', *, *, #8664, .T. ) ;
#7674 = EDGE_LOOP ( 'NONE', ( #4221, #1507, #6309, #7764 ) ) ;
#7675 = PLANE ( 'NONE',  #8767 ) ;
#7676 = CARTESIAN_POINT ( 'NONE',  ( -91.31700000000003570, 12.30000000000000071, -82.89896198777729808 ) ) ;
#7677 = LINE ( 'NONE', #2233, #327 ) ;
#7678 = CARTESIAN_POINT ( 'NONE',  ( 88.45000000000001705, 0.000000000000000000, 98.45000000000000284 ) ) ;
#7679 = CARTESIAN_POINT ( 'NONE',  ( -48.57800000000001006, 10.30000000000000071, 0.000000000000000000 ) ) ;
#7680 = EDGE_CURVE ( 'NONE', #4591, #6081, #3567, .T. ) ;
#7681 = ORIENTED_EDGE ( 'NONE', *, *, #5568, .F. ) ;
#7682 = ORIENTED_EDGE ( 'NONE', *, *, #2257, .F. ) ;
#7683 = ADVANCED_FACE ( 'NONE', ( #1485 ), #5739, .T. ) ;
#7684 = EDGE_CURVE ( 'NONE', #6705, #4923, #1527, .T. ) ;
#7685 = ADVANCED_FACE ( 'NONE', ( #2291 ), #5059, .T. ) ;
#7686 = DIRECTION ( 'NONE',  ( -0.000000000000000000, 1.000000000000000000, -0.000000000000000000 ) ) ;
#7687 = EDGE_CURVE ( 'NONE', #6949, #8877, #7876, .T. ) ;
#7688 = AXIS2_PLACEMENT_3D ( 'NONE', #7342, #6743, #8835 ) ;
#7689 = DIRECTION ( 'NONE',  ( 0.000000000000000000, 0.000000000000000000, 1.000000000000000000 ) ) ;
#7690 = ORIENTED_EDGE ( 'NONE', *, *, #7005, .T. ) ;
#7691 = CARTESIAN_POINT ( 'NONE',  ( -101.4500000000000455, 0.000000000000000000, -111.4500000000000028 ) ) ;
#7692 = CARTESIAN_POINT ( 'NONE',  ( -59.49800000000002598, 10.30000000000000071, -95.76896198777731684 ) ) ;
#7693 = ORIENTED_EDGE ( 'NONE', *, *, #289, .T. ) ;
#7694 = ORIENTED_EDGE ( 'NONE', *, *, #4347, .T. ) ;
#7695 = CARTESIAN_POINT ( 'NONE',  ( -7.733968567411064754, 10.29999999999999893, -96.86271291853910270 ) ) ;
#7696 = EDGE_CURVE ( 'NONE', #5643, #8918, #5534, .T. ) ;
#7697 = FACE_OUTER_BOUND ( 'NONE', #3428, .T. ) ;
#7698 = PLANE ( 'NONE',  #108 ) ;
#7699 = DIRECTION ( 'NONE',  ( 1.409628015014165431E-16, 0.000000000000000000, -1.000000000000000000 ) ) ;
#7700 = VECTOR ( 'NONE', #8289, 1000.000000000000000 ) ;
#7701 = CARTESIAN_POINT ( 'NONE',  ( -88.45000000000004547, 2.000000000000000000, 88.44999999999998863 ) ) ;
#7702 = CARTESIAN_POINT ( 'NONE',  ( -82.75738197924864892, 12.30000000000000071, -95.58057037388176980 ) ) ;
#7703 = CARTESIAN_POINT ( 'NONE',  ( -68.45000000000000284, 4.299999999999999822, -68.15000000000000568 ) ) ;
#7704 = CARTESIAN_POINT ( 'NONE',  ( 19.92900000000000915, 12.30000000000000071, 0.000000000000000000 ) ) ;
#7705 = AXIS2_PLACEMENT_3D ( 'NONE', #761, #627, #8247 ) ;
#7706 = ORIENTED_EDGE ( 'NONE', *, *, #8134, .T. ) ;
#7707 = PLANE ( 'NONE',  #961 ) ;
#7708 = DIRECTION ( 'NONE',  ( -4.505417547505892002E-16, 0.000000000000000000, -1.000000000000000000 ) ) ;
#7709 = CARTESIAN_POINT ( 'NONE',  ( 1.053258683380246419, 12.30000000000000071, -97.17000742620790277 ) ) ;
#7710 = PLANE ( 'NONE',  #2789 ) ;
#7711 = AXIS2_PLACEMENT_3D ( 'NONE', #2049, #2006, #8898 ) ;
#7712 = CARTESIAN_POINT ( 'NONE',  ( 30.54999999999998650, 20.00000000000000355, -33.64999999999999858 ) ) ;
#7713 = ORIENTED_EDGE ( 'NONE', *, *, #8904, .F. ) ;
#7714 = ORIENTED_EDGE ( 'NONE', *, *, #5741, .F. ) ;
#7715 = ORIENTED_EDGE ( 'NONE', *, *, #1520, .F. ) ;
#7716 = ADVANCED_FACE ( 'NONE', ( #7697 ), #4250, .F. ) ;
#7717 = CARTESIAN_POINT ( 'NONE',  ( -111.9999999999999716, 16.00000000000001421, -89.86523063261955713 ) ) ;
#7718 = CARTESIAN_POINT ( 'NONE',  ( -83.83282401979647602, 12.30000000000000249, -101.0089619902498583 ) ) ;
#7719 = VECTOR ( 'NONE', #1479, 1000.000000000000000 ) ;
#7720 = ORIENTED_EDGE ( 'NONE', *, *, #1918, .T. ) ;
#7721 = EDGE_CURVE ( 'NONE', #1893, #6477, #132, .T. ) ;
#7722 = ORIENTED_EDGE ( 'NONE', *, *, #76, .F. ) ;
#7723 = DIRECTION ( 'NONE',  ( 0.000000000000000000, 1.000000000000000000, 0.000000000000000000 ) ) ;
#7724 = CARTESIAN_POINT ( 'NONE',  ( -75.75711074200638961, 12.29999999999999893, -88.05167650300137439 ) ) ;
#7725 = DIRECTION ( 'NONE',  ( 0.000000000000000000, 0.000000000000000000, -1.000000000000000000 ) ) ;
#7726 = CARTESIAN_POINT ( 'NONE',  ( 80.05738502500092579, 12.30000000000000071, -32.41697246775033392 ) ) ;
#7727 = CARTESIAN_POINT ( 'NONE',  ( 106.4500000000000171, 0.000000000000000000, -101.4500000000000171 ) ) ;
#7728 = ORIENTED_EDGE ( 'NONE', *, *, #2350, .F. ) ;
#7729 = ORIENTED_EDGE ( 'NONE', *, *, #4252, .T. ) ;
#7730 = DIRECTION ( 'NONE',  ( 0.000000000000000000, 0.000000000000000000, 1.000000000000000000 ) ) ;
#7731 = EDGE_CURVE ( 'NONE', #5210, #2952, #1353, .T. ) ;
#7732 = DIRECTION ( 'NONE',  ( 0.000000000000000000, 0.000000000000000000, 1.000000000000000000 ) ) ;
#7733 = EDGE_LOOP ( 'NONE', ( #4281, #1084, #3495, #5813 ) ) ;
#7734 = CARTESIAN_POINT ( 'NONE',  ( -8.046433784686781721, 10.30000000000000071, -94.34742710363474316 ) ) ;
#7735 = EDGE_CURVE ( 'NONE', #5553, #4154, #4030, .T. ) ;
#7736 = CARTESIAN_POINT ( 'NONE',  ( 0.1989858385415463338, 12.29999999999999893, -76.67976145275022759 ) ) ;
#7737 = ORIENTED_EDGE ( 'NONE', *, *, #7282, .T. ) ;
#7738 = ORIENTED_EDGE ( 'NONE', *, *, #5590, .T. ) ;
#7739 = B_SPLINE_SURFACE_WITH_KNOTS ( 'NONE', 3, 1, ( 
 ( #3842, #2660 ),
 ( #8198, #5332 ),
 ( #1201, #4694 ),
 ( #7376, #8063 ),
 ( #8106, #3205 ),
 ( #7470, #5423 ),
 ( #3342, #8734 ),
 ( #3974, #1252 ),
 ( #1985, #6099 ),
 ( #7290, #4564 ),
 ( #535, #8827 ),
 ( #1069, #3166 ),
 ( #2482, #486 ),
 ( #1801, #3928 ),
 ( #1888, #7335 ),
 ( #1114, #3884 ),
 ( #6641, #2520 ) ),
 .UNSPECIFIED., .F., .F., .F.,
 ( 4, 1, 1, 1, 1, 1, 1, 1, 1, 1, 1, 1, 1, 1, 4 ),
 ( 2, 2 ),
 ( 0.000000000000000000, 0.1270149001952534384, 0.1862471217906807863, 0.2435127008767843659, 0.2992639152469226960, 0.3546790141256468409, 0.4104351322161818860, 0.4672405340115310945, 0.5252178284047132051, 0.5843144999316801647, 0.6458290808742688238, 0.7094183234581450392, 0.7763084462010545472, 0.8467773217583043355, 1.000000000000000000 ),
 ( 0.000000000000000000, 1.000000000000000000 ),
 .UNSPECIFIED. ) ;
#7740 = DIRECTION ( 'NONE',  ( -0.000000000000000000, 1.000000000000000000, -0.000000000000000000 ) ) ;
#7741 = DIRECTION ( 'NONE',  ( 0.000000000000000000, 0.000000000000000000, 1.000000000000000000 ) ) ;
#7742 = ADVANCED_FACE ( 'NONE', ( #1258 ), #588, .T. ) ;
#7743 = CARTESIAN_POINT ( 'NONE',  ( 47.29999999999981952, 12.30000000000000071, 42.60000000000017195 ) ) ;
#7744 = CARTESIAN_POINT ( 'NONE',  ( 46.96800000000194331, 10.30000000000000071, -101.0089619877782212 ) ) ;
#7745 = CARTESIAN_POINT ( 'NONE',  ( -75.44999999999998863, 0.000000000000000000, -75.44999999999998863 ) ) ;
#7746 = EDGE_CURVE ( 'NONE', #8078, #2195, #8833, .T. ) ;
#7747 = VECTOR ( 'NONE', #8195, 1000.000000000000000 ) ;
#7748 = DIRECTION ( 'NONE',  ( 0.000000000000000000, 0.000000000000000000, -1.000000000000000000 ) ) ;
#7749 = LINE ( 'NONE', #6242, #3980 ) ;
#7750 = VERTEX_POINT ( 'NONE', #8253 ) ;
#7751 = LINE ( 'NONE', #8561, #7188 ) ;
#7752 = CARTESIAN_POINT ( 'NONE',  ( -101.4500000000000597, 2.000000000000000000, 101.4499999999999886 ) ) ;
#7753 = CARTESIAN_POINT ( 'NONE',  ( -33.64999999999999858, 9.496152422706655827, 1.850000000000004086 ) ) ;
#7754 = FACE_OUTER_BOUND ( 'NONE', #3887, .T. ) ;
#7755 = CIRCLE ( 'NONE', #1964, 9.999999999999994671 ) ;
#7756 = CARTESIAN_POINT ( 'NONE',  ( -107.0000000000000000, 20.00000000000000000, -117.0000000000000000 ) ) ;
#7757 = VERTEX_POINT ( 'NONE', #3348 ) ;
#7758 = AXIS2_PLACEMENT_3D ( 'NONE', #6860, #6274, #1437 ) ;
#7759 = ORIENTED_EDGE ( 'NONE', *, *, #1711, .F. ) ;
#7760 = VECTOR ( 'NONE', #5269, 1000.000000000000000 ) ;
#7761 = LINE ( 'NONE', #1554, #8346 ) ;
#7762 = AXIS2_PLACEMENT_3D ( 'NONE', #1630, #2352, #5034 ) ;
#7763 = LINE ( 'NONE', #822, #6883 ) ;
#7764 = ORIENTED_EDGE ( 'NONE', *, *, #6238, .F. ) ;
#7765 = AXIS2_PLACEMENT_3D ( 'NONE', #229, #2993, #8564 ) ;
#7766 = VERTEX_POINT ( 'NONE', #7572 ) ;
#7767 = DIRECTION ( 'NONE',  ( 0.000000000000000000, 1.000000000000000000, 0.000000000000000000 ) ) ;
#7768 = CARTESIAN_POINT ( 'NONE',  ( -79.38364356512519748, 12.29999999999999893, -79.13674514798337611 ) ) ;
#7769 = DIRECTION ( 'NONE',  ( -0.6427876096865482447, -0.7660444431189705750, 0.000000000000000000 ) ) ;
#7770 = VECTOR ( 'NONE', #2966, 1000.000000000000000 ) ;
#7771 = CARTESIAN_POINT ( 'NONE',  ( 71.86523063261998345, 16.00000000000000000, -117.0000000000000000 ) ) ;
#7772 = CARTESIAN_POINT ( 'NONE',  ( 107.0000000000000426, 12.29999999999997762, -107.0000000000000284 ) ) ;
#7773 = ORIENTED_EDGE ( 'NONE', *, *, #4252, .F. ) ;
#7774 = EDGE_CURVE ( 'NONE', #3279, #2774, #4170, .T. ) ;
#7775 = ORIENTED_EDGE ( 'NONE', *, *, #2428, .F. ) ;
#7776 = CARTESIAN_POINT ( 'NONE',  ( 112.0000000000000142, 16.00000000000000000, 89.86523063261958555 ) ) ;
#7777 = VECTOR ( 'NONE', #4982, 1000.000000000000000 ) ;
#7778 = DIRECTION ( 'NONE',  ( 0.000000000000000000, 0.000000000000000000, 1.000000000000000000 ) ) ;
#7779 = EDGE_LOOP ( 'NONE', ( #5084, #1884, #2458, #8938 ) ) ;
#7780 = CARTESIAN_POINT ( 'NONE',  ( -80.86606654601330035, 12.29999999999999893, -85.43654749316418417 ) ) ;
#7781 = CARTESIAN_POINT ( 'NONE',  ( 2.200000000000035261, 10.30000000000000071, -90.42896198777731342 ) ) ;
#7782 = EDGE_LOOP ( 'NONE', ( #1779, #123, #7496, #1794 ) ) ;
#7783 = ORIENTED_EDGE ( 'NONE', *, *, #6996, .F. ) ;
#7784 = CIRCLE ( 'NONE', #3864, 4.699999999999898925 ) ;
#7785 = CARTESIAN_POINT ( 'NONE',  ( 5.019778077956998708, 10.30000000000000071, -100.9411818514543455 ) ) ;
#7786 = CARTESIAN_POINT ( 'NONE',  ( -33.34999999999999432, 104.0000000000000142, 1.850000000000004086 ) ) ;
#7787 = CYLINDRICAL_SURFACE ( 'NONE', #4509, 4.999999999999990230 ) ;
#7788 = DIRECTION ( 'NONE',  ( -0.4226182617406941122, 0.9063077870366523792, -0.000000000000000000 ) ) ;
#7789 = CARTESIAN_POINT ( 'NONE',  ( -81.14469960853088537, 12.30000000000000071, -93.21201394122628869 ) ) ;
#7790 = EDGE_CURVE ( 'NONE', #6969, #5171, #4078, .T. ) ;
#7791 = ADVANCED_FACE ( 'NONE', ( #2078 ), #2697, .F. ) ;
#7792 = VECTOR ( 'NONE', #6423, 1000.000000000000000 ) ;
#7793 = LINE ( 'NONE', #2170, #7374 ) ;
#7794 = FACE_OUTER_BOUND ( 'NONE', #5383, .T. ) ;
#7795 = VERTEX_POINT ( 'NONE', #6244 ) ;
#7796 = CARTESIAN_POINT ( 'NONE',  ( 59.34409262557055342, 12.30000000000000071, 15.36368981952332113 ) ) ;
#7797 = CARTESIAN_POINT ( 'NONE',  ( 107.0000000000000142, 20.00000000000000000, 107.0000000000000000 ) ) ;
#7798 = DIRECTION ( 'NONE',  ( 0.000000000000000000, -0.9063077870366512689, -0.4226182617406967212 ) ) ;
#7799 = DIRECTION ( 'NONE',  ( -0.000000000000000000, 1.000000000000000000, -0.000000000000000000 ) ) ;
#7800 = PLANE ( 'NONE',  #2425 ) ;
#7801 = LINE ( 'NONE', #6289, #3074 ) ;
#7802 = ORIENTED_EDGE ( 'NONE', *, *, #2563, .T. ) ;
#7803 = ORIENTED_EDGE ( 'NONE', *, *, #8459, .F. ) ;
#7804 = CARTESIAN_POINT ( 'NONE',  ( 91.73046126523996691, 20.00000000000000000, 117.0000000000000000 ) ) ;
#7805 = CARTESIAN_POINT ( 'NONE',  ( -77.33961142584522008, 10.29999999999999716, -96.50343040448032639 ) ) ;
#7806 = ORIENTED_EDGE ( 'NONE', *, *, #3610, .F. ) ;
#7807 = ORIENTED_EDGE ( 'NONE', *, *, #8837, .T. ) ;
#7808 = DIRECTION ( 'NONE',  ( 0.000000000000000000, -1.000000000000000000, 0.000000000000000000 ) ) ;
#7809 =( NAMED_UNIT ( * ) SI_UNIT ( $, .STERADIAN. ) SOLID_ANGLE_UNIT ( ) );
#7810 = CARTESIAN_POINT ( 'NONE',  ( -87.78700000000003456, 12.30000000000000071, -97.16896198777730831 ) ) ;
#7811 = AXIS2_PLACEMENT_3D ( 'NONE', #7745, #1537, #4299 ) ;
#7812 = CARTESIAN_POINT ( 'NONE',  ( -4.670851650850432080, 12.30000000000000249, -82.87780048377757680 ) ) ;
#7813 = CARTESIAN_POINT ( 'NONE',  ( 0.5100000000000329825, 12.30000000000000071, -97.16896198777732252 ) ) ;
#7814 = VERTEX_POINT ( 'NONE', #2131 ) ;
#7815 = ORIENTED_EDGE ( 'NONE', *, *, #5847, .T. ) ;
#7816 = EDGE_CURVE ( 'NONE', #1077, #2144, #5381, .T. ) ;
#7817 = VECTOR ( 'NONE', #525, 1000.000000000000000 ) ;
#7818 = FACE_OUTER_BOUND ( 'NONE', #2727, .T. ) ;
#7819 = LINE ( 'NONE', #880, #2537 ) ;
#7820 = EDGE_LOOP ( 'NONE', ( #569, #5224, #5581, #5170 ) ) ;
#7821 = DIRECTION ( 'NONE',  ( 5.688069680556696241E-17, -0.6427876096865482447, -0.7660444431189705750 ) ) ;
#7822 = VECTOR ( 'NONE', #807, 1000.000000000000000 ) ;
#7823 = DIRECTION ( 'NONE',  ( 1.000000000000000000, -0.000000000000000000, 0.000000000000000000 ) ) ;
#7824 = CARTESIAN_POINT ( 'NONE',  ( 52.28300000000195524, 10.30000000000000071, -101.0089619877782070 ) ) ;
#7825 = VERTEX_POINT ( 'NONE', #2808 ) ;
#7826 = EDGE_LOOP ( 'NONE', ( #6426, #162, #705, #4823 ) ) ;
#7827 = EDGE_CURVE ( 'NONE', #5528, #5457, #7, .T. ) ;
#7828 = CARTESIAN_POINT ( 'NONE',  ( 6.829135036628676048, 10.30000000000000071, -100.5292163148764217 ) ) ;
#7829 = LINE ( 'NONE', #4382, #3717 ) ;
#7830 = DIRECTION ( 'NONE',  ( 0.000000000000000000, 0.000000000000000000, 1.000000000000000000 ) ) ;
#7831 = LINE ( 'NONE', #1712, #5425 ) ;
#7832 = DIRECTION ( 'NONE',  ( -0.4185427364680949780, 0.000000000000000000, -0.9081971029186334254 ) ) ;
#7833 = EDGE_CURVE ( 'NONE', #1831, #7795, #5529, .T. ) ;
#7834 = DIRECTION ( 'NONE',  ( 1.000000000000000000, -0.000000000000000000, 0.000000000000000000 ) ) ;
#7835 = ORIENTED_EDGE ( 'NONE', *, *, #7333, .T. ) ;
#7836 = DIRECTION ( 'NONE',  ( 0.9821790117391537844, 0.000000000000000000, -0.1879478355797142286 ) ) ;
#7837 = EDGE_CURVE ( 'NONE', #225, #787, #4021, .T. ) ;
#7838 = VECTOR ( 'NONE', #6947, 1000.000000000000000 ) ;
#7839 = CARTESIAN_POINT ( 'NONE',  ( 54.77191330842718742, 12.29999999999999893, -88.12371481361944348 ) ) ;
#7840 = EDGE_CURVE ( 'NONE', #1163, #1306, #1940, .T. ) ;
#7841 = CARTESIAN_POINT ( 'NONE',  ( 47.29999999999999005, 10.90000000000002878, -50.59999999999998721 ) ) ;
#7842 = DIRECTION ( 'NONE',  ( 0.000000000000000000, 0.9063077870366512689, -0.4226182617406967212 ) ) ;
#7843 = LINE ( 'NONE', #1719, #130 ) ;
#7844 = CARTESIAN_POINT ( 'NONE',  ( 55.46613572974138862, 10.29999999999999893, -88.20053272238759234 ) ) ;
#7845 = UNCERTAINTY_MEASURE_WITH_UNIT (LENGTH_MEASURE( 1.000000000000000082E-05 ), #1730, 'distance_accuracy_value', 'NONE');
#7846 = ADVANCED_FACE ( 'NONE', ( #7476 ), #1305, .T. ) ;
#7847 = ORIENTED_EDGE ( 'NONE', *, *, #3193, .F. ) ;
#7848 = ORIENTED_EDGE ( 'NONE', *, *, #3397, .T. ) ;
#7849 = VECTOR ( 'NONE', #2040, 999.9999999999998863 ) ;
#7850 = VECTOR ( 'NONE', #8936, 1000.000000000000000 ) ;
#7851 = CARTESIAN_POINT ( 'NONE',  ( 117.0000000000001705, 16.00000000000000000, -71.86523063262040978 ) ) ;
#7852 = LINE ( 'NONE', #7980, #2105 ) ;
#7853 = VERTEX_POINT ( 'NONE', #183 ) ;
#7854 = ORIENTED_EDGE ( 'NONE', *, *, #6782, .T. ) ;
#7855 = CARTESIAN_POINT ( 'NONE',  ( -90.25821082270701368, 10.30000000000000071, -96.98998933259183275 ) ) ;
#7856 = ADVANCED_FACE ( 'NONE', ( #7661 ), #1585, .F. ) ;
#7857 = EDGE_CURVE ( 'NONE', #1361, #1947, #246, .T. ) ;
#7858 = CARTESIAN_POINT ( 'NONE',  ( 26.84000000000003183, 15.92206091878715313, -29.94000000000003681 ) ) ;
#7859 = CARTESIAN_POINT ( 'NONE',  ( -1.372687643978517391, 10.30000000000000071, -80.93322336521440263 ) ) ;
#7860 = DIRECTION ( 'NONE',  ( -6.484947573745073354E-17, 0.000000000000000000, 1.000000000000000000 ) ) ;
#7861 = VECTOR ( 'NONE', #3448, 1000.000000000000000 ) ;
#7862 = DIRECTION ( 'NONE',  ( -0.7660444431189705750, 0.6427876096865482447, -9.538808643302347794E-17 ) ) ;
#7863 = VERTEX_POINT ( 'NONE', #2858 ) ;
#7864 = EDGE_LOOP ( 'NONE', ( #4916, #8810, #1160, #2420 ) ) ;
#7865 = CIRCLE ( 'NONE', #2634, 4.699999999999981526 ) ;
#7866 = VECTOR ( 'NONE', #5142, 1000.000000000000000 ) ;
#7867 = ADVANCED_FACE ( 'NONE', ( #768 ), #4155, .F. ) ;
#7868 = DIRECTION ( 'NONE',  ( -1.000000000000000000, 0.000000000000000000, 0.000000000000000000 ) ) ;
#7869 = LINE ( 'NONE', #4284, #7176 ) ;
#7870 = VERTEX_POINT ( 'NONE', #3036 ) ;
#7871 = CARTESIAN_POINT ( 'NONE',  ( -61.07814833225866380, 10.30000000000000071, -29.07878579643913497 ) ) ;
#7872 = CARTESIAN_POINT ( 'NONE',  ( -87.78700000000003456, 12.30000000000000071, -97.16896198777730831 ) ) ;
#7873 = CARTESIAN_POINT ( 'NONE',  ( 112.0000000000000142, -329.2183474857184819, 71.11272853558232043 ) ) ;
#7874 = ORIENTED_EDGE ( 'NONE', *, *, #6956, .F. ) ;
#7875 = VERTEX_POINT ( 'NONE', #2346 ) ;
#7876 = LINE ( 'NONE', #4932, #237 ) ;
#7877 = DIRECTION ( 'NONE',  ( -1.000000000000000000, 0.000000000000000000, 0.000000000000000000 ) ) ;
#7878 = EDGE_CURVE ( 'NONE', #3992, #1831, #8518, .T. ) ;
#7879 = DIRECTION ( 'NONE',  ( 0.000000000000000000, 1.000000000000000000, 0.000000000000000000 ) ) ;
#7880 = DIRECTION ( 'NONE',  ( -2.740657271095691419E-17, -0.9063077870366512689, 0.4226182617406967212 ) ) ;
#7881 = LINE ( 'NONE', #7198, #8100 ) ;
#7882 = EDGE_CURVE ( 'NONE', #6915, #5633, #1495, .T. ) ;
#7883 = CARTESIAN_POINT ( 'NONE',  ( 30.55000000000006821, 104.0000000000000142, 33.65000000000000568 ) ) ;
#7884 = ORIENTED_EDGE ( 'NONE', *, *, #7958, .T. ) ;
#7885 = CARTESIAN_POINT ( 'NONE',  ( -64.40800000000001546, 10.30000000000000071, -77.00896198777732593 ) ) ;
#7886 = CARTESIAN_POINT ( 'NONE',  ( 48.12633505457227301, 12.30000000000000249, -86.95575809439918658 ) ) ;
#7887 =( LENGTH_UNIT ( ) NAMED_UNIT ( * ) SI_UNIT ( .MILLI., .METRE. ) );
#7888 = PLANE ( 'NONE',  #8189 ) ;
#7889 = LINE ( 'NONE', #4483, #8952 ) ;
#7890 = CARTESIAN_POINT ( 'NONE',  ( 84.47700000000006071, 12.30000000000000071, -82.87396198777733503 ) ) ;
#7891 = ORIENTED_EDGE ( 'NONE', *, *, #8525, .F. ) ;
#7892 = ORIENTED_EDGE ( 'NONE', *, *, #2690, .F. ) ;
#7893 = CARTESIAN_POINT ( 'NONE',  ( 8.190000000000033253, 10.30000000000000071, -100.0389619877773129 ) ) ;
#7894 = ORIENTED_EDGE ( 'NONE', *, *, #1526, .F. ) ;
#7895 = ORIENTED_EDGE ( 'NONE', *, *, #838, .T. ) ;
#7896 = CARTESIAN_POINT ( 'NONE',  ( -82.12819926235459889, 2.000000000000000000, -75.44999999999998863 ) ) ;
#7897 = AXIS2_PLACEMENT_3D ( 'NONE', #2287, #1611, #6186 ) ;
#7898 = DIRECTION ( 'NONE',  ( -0.000000000000000000, 0.000000000000000000, -1.000000000000000000 ) ) ;
#7899 = LINE ( 'NONE', #3767, #2891 ) ;
#7900 = VECTOR ( 'NONE', #4473, 1000.000000000000000 ) ;
#7901 = DIRECTION ( 'NONE',  ( -0.000000000000000000, 1.000000000000000000, -0.000000000000000000 ) ) ;
#7902 = VERTEX_POINT ( 'NONE', #3533 ) ;
#7903 = VECTOR ( 'NONE', #3002, 1000.000000000000000 ) ;
#7904 = ORIENTED_EDGE ( 'NONE', *, *, #1978, .T. ) ;
#7905 = AXIS2_PLACEMENT_3D ( 'NONE', #7621, #4803, #2133 ) ;
#7906 = CONICAL_SURFACE ( 'NONE', #8043, 8.321800737645393298, 0.6981317007977451139 ) ;
#7907 = EDGE_CURVE ( 'NONE', #1890, #2538, #7751, .T. ) ;
#7908 = EDGE_CURVE ( 'NONE', #5317, #8500, #6377, .T. ) ;
#7909 = LINE ( 'NONE', #6532, #3409 ) ;
#7910 = CARTESIAN_POINT ( 'NONE',  ( 117.0000000000001705, 16.00000000000000000, -71.86523063262040978 ) ) ;
#7911 = ORIENTED_EDGE ( 'NONE', *, *, #4919, .F. ) ;
#7912 = LINE ( 'NONE', #1780, #3146 ) ;
#7913 = AXIS2_PLACEMENT_3D ( 'NONE', #7851, #3668, #5674 ) ;
#7914 = VECTOR ( 'NONE', #3973, 1000.000000000000000 ) ;
#7915 = FACE_OUTER_BOUND ( 'NONE', #1569, .T. ) ;
#7916 = PLANE ( 'NONE',  #5108 ) ;
#7917 = EDGE_LOOP ( 'NONE', ( #7894, #8363, #7549, #1552 ) ) ;
#7918 = ORIENTED_EDGE ( 'NONE', *, *, #8682, .F. ) ;
#7919 = CIRCLE ( 'NONE', #2121, 9.999999999999980460 ) ;
#7920 = DIRECTION ( 'NONE',  ( -0.000000000000000000, 1.000000000000000000, -0.000000000000000000 ) ) ;
#7921 = CARTESIAN_POINT ( 'NONE',  ( 47.85349995209151075, 12.30000000000000071, -83.79572614441092071 ) ) ;
#7922 = VECTOR ( 'NONE', #5450, 1000.000000000000000 ) ;
#7923 = FACE_OUTER_BOUND ( 'NONE', #203, .T. ) ;
#7924 = DIRECTION ( 'NONE',  ( -1.000000000000000000, 0.000000000000000000, 0.000000000000000000 ) ) ;
#7925 = ADVANCED_FACE ( 'NONE', ( #5796 ), #3856, .T. ) ;
#7926 = CARTESIAN_POINT ( 'NONE',  ( -93.49607802317036942, 12.30000000000000071, -79.16219699378494568 ) ) ;
#7927 = ORIENTED_EDGE ( 'NONE', *, *, #8151, .F. ) ;
#7928 = DIRECTION ( 'NONE',  ( 0.000000000000000000, 1.000000000000000000, 0.000000000000000000 ) ) ;
#7929 = DIRECTION ( 'NONE',  ( 0.000000000000000000, -0.000000000000000000, 1.000000000000000000 ) ) ;
#7930 = EDGE_CURVE ( 'NONE', #6567, #1736, #5707, .T. ) ;
#7931 = DIRECTION ( 'NONE',  ( -1.000000000000000000, -0.000000000000000000, 3.491481338843133355E-15 ) ) ;
#7932 = DIRECTION ( 'NONE',  ( 1.119176436114072389E-15, 0.000000000000000000, 1.000000000000000000 ) ) ;
#7933 = CARTESIAN_POINT ( 'NONE',  ( -30.49899999999998101, 10.30000000000000071, -101.0089619877772975 ) ) ;
#7934 = EDGE_LOOP ( 'NONE', ( #6939, #325, #6653, #7590 ) ) ;
#7935 = EDGE_LOOP ( 'NONE', ( #8621, #7261, #4641, #3242 ) ) ;
#7936 = LINE ( 'NONE', #4571, #1673 ) ;
#7937 = ORIENTED_EDGE ( 'NONE', *, *, #5635, .F. ) ;
#7938 = ORIENTED_EDGE ( 'NONE', *, *, #4696, .T. ) ;
#7939 = LINE ( 'NONE', #7896, #8259 ) ;
#7940 = DIRECTION ( 'NONE',  ( -0.2768620965121626476, 0.000000000000000000, 0.9609096625151033466 ) ) ;
#7941 = CARTESIAN_POINT ( 'NONE',  ( -33.64999999999999858, 9.496152422706655827, -33.64999999999999858 ) ) ;
#7942 = CARTESIAN_POINT ( 'NONE',  ( -0.4149999999999675060, 10.30000000000000071, -80.84896198777731513 ) ) ;
#7943 = PLANE ( 'NONE',  #7400 ) ;
#7944 = ORIENTED_EDGE ( 'NONE', *, *, #7349, .T. ) ;
#7945 = ORIENTED_EDGE ( 'NONE', *, *, #2186, .F. ) ;
#7946 = ADVANCED_FACE ( 'NONE', ( #1451 ), #5032, .T. ) ;
#7947 = B_SPLINE_CURVE_WITH_KNOTS ( 'NONE', 3,
 ( #740, #4234, #8312, #4321 ),
 .UNSPECIFIED., .F., .F.,
 ( 4, 4 ),
 ( 0.000000000000000000, 0.4620076935843898669 ),
 .UNSPECIFIED. ) ;
#7948 = ADVANCED_FACE ( 'NONE', ( #4389 ), #8471, .T. ) ;
#7949 = CARTESIAN_POINT ( 'NONE',  ( -96.77180073764542101, 2.000000000000000000, -1.364122413831534618E-14 ) ) ;
#7950 = FACE_OUTER_BOUND ( 'NONE', #6108, .T. ) ;
#7951 = ORIENTED_EDGE ( 'NONE', *, *, #3836, .T. ) ;
#7952 = CARTESIAN_POINT ( 'NONE',  ( -111.9999999999999858, 16.00000000000000000, 89.86523063262038136 ) ) ;
#7953 = ADVANCED_FACE ( 'NONE', ( #3711 ), #2173, .T. ) ;
#7954 = VECTOR ( 'NONE', #783, 1000.000000000000114 ) ;
#7955 = FACE_OUTER_BOUND ( 'NONE', #4704, .T. ) ;
#7956 = DIRECTION ( 'NONE',  ( 0.000000000000000000, 1.000000000000000000, 0.000000000000000000 ) ) ;
#7957 = ADVANCED_FACE ( 'NONE', ( #4346 ), #7707, .T. ) ;
#7958 = EDGE_CURVE ( 'NONE', #7169, #5776, #2262, .T. ) ;
#7959 = ORIENTED_EDGE ( 'NONE', *, *, #5688, .F. ) ;
#7960 = EDGE_CURVE ( 'NONE', #5398, #6679, #3659, .T. ) ;
#7961 = VERTEX_POINT ( 'NONE', #4521 ) ;
#7962 = AXIS2_PLACEMENT_3D ( 'NONE', #8735, #3389, #5966 ) ;
#7963 = CARTESIAN_POINT ( 'NONE',  ( 0.000000000000000000, 10.30000000000000071, -77.00896198777732593 ) ) ;
#7964 = CARTESIAN_POINT ( 'NONE',  ( 1.901729919595342100, 12.29999999999999893, -81.47741391428368729 ) ) ;
#7965 = LINE ( 'NONE', #2338, #6463 ) ;
#7966 = EDGE_CURVE ( 'NONE', #2237, #2649, #5917, .T. ) ;
#7967 = DIRECTION ( 'NONE',  ( 0.000000000000000000, 0.000000000000000000, 1.000000000000000000 ) ) ;
#7968 = DIRECTION ( 'NONE',  ( 0.000000000000000000, 0.000000000000000000, 1.000000000000000000 ) ) ;
#7969 = PLANE ( 'NONE',  #3047 ) ;
#7970 = VECTOR ( 'NONE', #1599, 1000.000000000000114 ) ;
#7971 = VERTEX_POINT ( 'NONE', #3923 ) ;
#7972 = LINE ( 'NONE', #8011, #7625 ) ;
#7973 = DIRECTION ( 'NONE',  ( 0.000000000000000000, 0.000000000000000000, 1.000000000000000000 ) ) ;
#7974 = CARTESIAN_POINT ( 'NONE',  ( 7.550000000000033573, 10.30000000000000071, -83.26896198777730262 ) ) ;
#7975 =( NAMED_UNIT ( * ) SI_UNIT ( $, .STERADIAN. ) SOLID_ANGLE_UNIT ( ) );
#7976 = DIRECTION ( 'NONE',  ( 0.000000000000000000, 0.000000000000000000, -1.000000000000000000 ) ) ;
#7977 = DIRECTION ( 'NONE',  ( 0.000000000000000000, -1.000000000000000000, 0.000000000000000000 ) ) ;
#7978 = ORIENTED_EDGE ( 'NONE', *, *, #619, .F. ) ;
#7979 = VERTEX_POINT ( 'NONE', #3796 ) ;
#7980 = CARTESIAN_POINT ( 'NONE',  ( 10.02136768107052056, 10.30000000000000071, 1.761568537688178226 ) ) ;
#7981 = VECTOR ( 'NONE', #4, 1000.000000000000000 ) ;
#7982 = VERTEX_POINT ( 'NONE', #351 ) ;
#7983 = VERTEX_POINT ( 'NONE', #7885 ) ;
#7984 = CARTESIAN_POINT ( 'NONE',  ( 117.0000000000000995, 20.00000000000000000, -91.73046126524037902 ) ) ;
#7985 = CARTESIAN_POINT ( 'NONE',  ( 117.0000000000001705, 20.00000000000000000, -70.00000000000042633 ) ) ;
#7986 = CARTESIAN_POINT ( 'NONE',  ( -82.75738197924864892, 10.30000000000000071, -95.58057037388176980 ) ) ;
#7987 = CARTESIAN_POINT ( 'NONE',  ( -117.0000000000003268, 20.00000000000000000, -91.73046126523956900 ) ) ;
#7988 = EDGE_CURVE ( 'NONE', #7340, #4079, #5115, .T. ) ;
#7989 = VECTOR ( 'NONE', #5723, 1000.000000000000000 ) ;
#7990 = ORIENTED_EDGE ( 'NONE', *, *, #2293, .F. ) ;
#7991 = ORIENTED_EDGE ( 'NONE', *, *, #5513, .F. ) ;
#7992 = DIRECTION ( 'NONE',  ( -0.000000000000000000, 0.000000000000000000, -1.000000000000000000 ) ) ;
#7993 = DIRECTION ( 'NONE',  ( -0.000000000000000000, 1.000000000000000000, -0.000000000000000000 ) ) ;
#7994 = ORIENTED_EDGE ( 'NONE', *, *, #8299, .T. ) ;
#7995 = LINE ( 'NONE', #7267, #3000 ) ;
#7996 = CIRCLE ( 'NONE', #7561, 4.699999999999981526 ) ;
#7997 = FACE_OUTER_BOUND ( 'NONE', #2815, .T. ) ;
#7998 = CARTESIAN_POINT ( 'NONE',  ( 80.94183457402817794, 12.30000000000000071, -96.52896198777732195 ) ) ;
#7999 = ORIENTED_EDGE ( 'NONE', *, *, #4696, .F. ) ;
#8000 = ORIENTED_EDGE ( 'NONE', *, *, #4635, .T. ) ;
#8001 = DIRECTION ( 'NONE',  ( 0.000000000000000000, -1.000000000000000000, 0.000000000000000000 ) ) ;
#8002 = EDGE_CURVE ( 'NONE', #6993, #3762, #4296, .T. ) ;
#8003 = DIRECTION ( 'NONE',  ( 0.000000000000000000, 0.000000000000000000, 1.000000000000000000 ) ) ;
#8004 = CARTESIAN_POINT ( 'NONE',  ( -88.79039960986321489, 12.30000000000000071, -81.13635602998198237 ) ) ;
#8005 = CARTESIAN_POINT ( 'NONE',  ( -6.294189168174193050, 10.29999999999999893, -99.15978083022264400 ) ) ;
#8006 = LINE ( 'NONE', #4340, #5058 ) ;
#8007 = ORIENTED_EDGE ( 'NONE', *, *, #3180, .F. ) ;
#8008 = EDGE_CURVE ( 'NONE', #5398, #7961, #6513, .T. ) ;
#8009 = CARTESIAN_POINT ( 'NONE',  ( -93.49607802317036942, 10.29999999999999893, -79.16219699378494568 ) ) ;
#8010 = ORIENTED_EDGE ( 'NONE', *, *, #2496, .F. ) ;
#8011 = CARTESIAN_POINT ( 'NONE',  ( 7.580000000000032045, 10.30000000000000071, -95.54896198777730376 ) ) ;
#8012 = CARTESIAN_POINT ( 'NONE',  ( 101.4500000000000171, 2.000000000000000000, -101.4500000000000171 ) ) ;
#8013 = CARTESIAN_POINT ( 'NONE',  ( 51.12361572931513365, 12.30000000000000071, -78.07069363223423863 ) ) ;
#8014 = DIRECTION ( 'NONE',  ( -1.000000000000000000, 0.000000000000000000, 0.000000000000000000 ) ) ;
#8015 = DIRECTION ( 'NONE',  ( -4.511570479844966326E-16, 0.000000000000000000, 1.000000000000000000 ) ) ;
#8016 = ADVANCED_FACE ( 'NONE', ( #5199 ), #4436, .T. ) ;
#8017 = VERTEX_POINT ( 'NONE', #8059 ) ;
#8018 = B_SPLINE_CURVE_WITH_KNOTS ( 'NONE', 3,
 ( #844, #4973, #7785, #1575, #7828, #5699, #262 ),
 .UNSPECIFIED., .F., .F.,
 ( 4, 1, 1, 1, 4 ),
 ( 0.5113389896009356006, 0.5267446238593446184, 0.6527481554039171741, 0.7739477205639582191, 1.000000000000000000 ),
 .UNSPECIFIED. ) ;
#8019 = VERTEX_POINT ( 'NONE', #2517 ) ;
#8020 = VERTEX_POINT ( 'NONE', #5834 ) ;
#8021 = CARTESIAN_POINT ( 'NONE',  ( -1.251590126030330073E-14, 12.30000000000000071, -101.0089619877773117 ) ) ;
#8022 = ORIENTED_EDGE ( 'NONE', *, *, #3292, .F. ) ;
#8023 = EDGE_LOOP ( 'NONE', ( #3731, #865, #7904, #1350 ) ) ;
#8024 = LINE ( 'NONE', #7478, #1149 ) ;
#8025 = CARTESIAN_POINT ( 'NONE',  ( 55.92800000000000438, 10.30000000000000071, -88.20896198777730035 ) ) ;
#8026 = CARTESIAN_POINT ( 'NONE',  ( -3.757743897372518571, 12.30000000000000249, -88.39072054998658245 ) ) ;
#8027 = PLANE ( 'NONE',  #4232 ) ;
#8028 = ORIENTED_EDGE ( 'NONE', *, *, #6457, .T. ) ;
#8029 = ORIENTED_EDGE ( 'NONE', *, *, #3471, .T. ) ;
#8030 = FACE_OUTER_BOUND ( 'NONE', #4677, .T. ) ;
#8031 = VECTOR ( 'NONE', #8103, 1000.000000000000114 ) ;
#8032 = CARTESIAN_POINT ( 'NONE',  ( -1.967411687700925782, 12.30000000000000071, -92.48079812738762939 ) ) ;
#8033 = ORIENTED_EDGE ( 'NONE', *, *, #8776, .F. ) ;
#8034 = DIRECTION ( 'NONE',  ( 0.000000000000000000, -0.000000000000000000, -1.000000000000000000 ) ) ;
#8035 = DIRECTION ( 'NONE',  ( -0.6427876096865482447, 0.7660444431189705750, 0.000000000000000000 ) ) ;
#8036 = VECTOR ( 'NONE', #6436, 1000.000000000000114 ) ;
#8037 = CARTESIAN_POINT ( 'NONE',  ( 35.19427580803570521, 12.30000000000000071, -68.28110995091935820 ) ) ;
#8038 = CIRCLE ( 'NONE', #3557, 9.999999999999994671 ) ;
#8039 = CARTESIAN_POINT ( 'NONE',  ( 112.0000000000000142, 12.29999999999997762, 107.0000000000000000 ) ) ;
#8040 = EDGE_CURVE ( 'NONE', #3578, #2399, #312, .T. ) ;
#8041 = CARTESIAN_POINT ( 'NONE',  ( 2.398770221448514040, 12.30000000000000071, -84.54469834703384379 ) ) ;
#8042 = ORIENTED_EDGE ( 'NONE', *, *, #3861, .F. ) ;
#8043 = AXIS2_PLACEMENT_3D ( 'NONE', #4921, #4457, #5181 ) ;
#8044 = EDGE_LOOP ( 'NONE', ( #7773, #921, #1605, #8765 ) ) ;
#8045 = DIRECTION ( 'NONE',  ( -1.000000000000000000, 0.000000000000000000, 0.000000000000000000 ) ) ;
#8046 = VECTOR ( 'NONE', #3221, 1000.000000000000000 ) ;
#8047 = CARTESIAN_POINT ( 'NONE',  ( 35.19427580803570521, 10.30000000000000071, -68.28110995091935820 ) ) ;
#8048 = VECTOR ( 'NONE', #6848, 1000.000000000000227 ) ;
#8049 = VECTOR ( 'NONE', #493, 1000.000000000000000 ) ;
#8050 = CARTESIAN_POINT ( 'NONE',  ( -89.38819623441202111, 12.30000000000000071, -81.37215945204593481 ) ) ;
#8051 = VECTOR ( 'NONE', #4992, 1000.000000000000114 ) ;
#8052 = CYLINDRICAL_SURFACE ( 'NONE', #3693, 4.999999999999976907 ) ;
#8053 = CARTESIAN_POINT ( 'NONE',  ( -60.12300000000001887, 10.30000000000000071, 0.000000000000000000 ) ) ;
#8054 = VERTEX_POINT ( 'NONE', #2477 ) ;
#8055 = EDGE_CURVE ( 'NONE', #5215, #3981, #8600, .T. ) ;
#8056 = CARTESIAN_POINT ( 'NONE',  ( 1.437686482136429911, 10.29999999999999893, -81.19162521868875615 ) ) ;
#8057 = VECTOR ( 'NONE', #531, 1000.000000000000000 ) ;
#8058 = ORIENTED_EDGE ( 'NONE', *, *, #7146, .T. ) ;
#8059 = CARTESIAN_POINT ( 'NONE',  ( 101.4500000000000171, 2.000000000000000000, -108.1281992623546131 ) ) ;
#8060 = CARTESIAN_POINT ( 'NONE',  ( -52.86300000000001376, 10.30000000000000071, 0.000000000000000000 ) ) ;
#8061 = EDGE_CURVE ( 'NONE', #8286, #4994, #8646, .T. ) ;
#8062 = LINE ( 'NONE', #5422, #1970 ) ;
#8063 = CARTESIAN_POINT ( 'NONE',  ( 7.276477176490062426, 12.30000000000000071, -81.11705689056203994 ) ) ;
#8064 = DIRECTION ( 'NONE',  ( 0.000000000000000000, -0.7660444431189705750, 0.6427876096865482447 ) ) ;
#8065 = EDGE_CURVE ( 'NONE', #4786, #5016, #4602, .T. ) ;
#8066 = EDGE_CURVE ( 'NONE', #6807, #8397, #7972, .T. ) ;
#8067 = EDGE_CURVE ( 'NONE', #1306, #4353, #2389, .T. ) ;
#8068 = ORIENTED_EDGE ( 'NONE', *, *, #7001, .T. ) ;
#8069 = ORIENTED_EDGE ( 'NONE', *, *, #4165, .T. ) ;
#8070 = CARTESIAN_POINT ( 'NONE',  ( 51.41709520669375877, 10.30000000000000071, -91.35485734024788940 ) ) ;
#8071 = VERTEX_POINT ( 'NONE', #5160 ) ;
#8072 = ORIENTED_EDGE ( 'NONE', *, *, #456, .T. ) ;
#8073 = CARTESIAN_POINT ( 'NONE',  ( 24.07900000000001128, 12.30000000000000071, -101.0089619877773259 ) ) ;
#8074 = CARTESIAN_POINT ( 'NONE',  ( 117.0000000000007390, 16.00000000000000000, 89.86523063261957134 ) ) ;
#8075 = CARTESIAN_POINT ( 'NONE',  ( -6.310040720032232819, 10.30000000000000071, -90.47529604379633383 ) ) ;
#8076 = CARTESIAN_POINT ( 'NONE',  ( 5.019778077619578838, 10.30000000000000071, -100.9411818515204970 ) ) ;
#8077 = EDGE_LOOP ( 'NONE', ( #1378, #5406, #4688, #1824, #5887, #4609, #2244, #6045 ) ) ;
#8078 = VERTEX_POINT ( 'NONE', #3163 ) ;
#8079 = LINE ( 'NONE', #7528, #1088 ) ;
#8080 = CARTESIAN_POINT ( 'NONE',  ( 55.78234326538286325, 10.30000000000000071, -92.36693746158452711 ) ) ;
#8081 = ORIENTED_EDGE ( 'NONE', *, *, #8607, .T. ) ;
#8082 = CARTESIAN_POINT ( 'NONE',  ( 59.99800000000000466, 10.30000000000000071, -92.36896198777731115 ) ) ;
#8083 = LINE ( 'NONE', #6076, #7922 ) ;
#8084 = LINE ( 'NONE', #1180, #8292 ) ;
#8085 = CARTESIAN_POINT ( 'NONE',  ( -85.69833457323109371, 10.29999999999999893, -80.91182027028996515 ) ) ;
#8086 = LINE ( 'NONE', #5152, #3919 ) ;
#8087 = ORIENTED_EDGE ( 'NONE', *, *, #5121, .F. ) ;
#8088 = ORIENTED_EDGE ( 'NONE', *, *, #5579, .T. ) ;
#8089 = PLANE ( 'NONE',  #1678 ) ;
#8090 = CARTESIAN_POINT ( 'NONE',  ( 82.12819926235462731, 2.000000000000000000, 75.44999999999998863 ) ) ;
#8091 = VERTEX_POINT ( 'NONE', #6549 ) ;
#8092 = CARTESIAN_POINT ( 'NONE',  ( -7.518201448106932361, 10.30000000000000071, -92.25739125399108786 ) ) ;
#8093 = B_SPLINE_CURVE_WITH_KNOTS ( 'NONE', 3,
 ( #2480, #2518, #7287, #4652, #3926, #5241, #575, #533, #1799 ),
 .UNSPECIFIED., .F., .F.,
 ( 4, 1, 1, 1, 1, 1, 4 ),
 ( 0.000000000000000000, 0.2552717035795568079, 0.3804886756098910250, 0.5055280387609100146, 0.6297426574909941177, 0.7529749498845873523, 1.000000000000000000 ),
 .UNSPECIFIED. ) ;
#8094 = VECTOR ( 'NONE', #2803, 1000.000000000000000 ) ;
#8095 = CARTESIAN_POINT ( 'NONE',  ( -2.198933949516666875, 12.30000000000000249, -76.78524219754454805 ) ) ;
#8096 = DIRECTION ( 'NONE',  ( 0.000000000000000000, 0.000000000000000000, 1.000000000000000000 ) ) ;
#8097 = EDGE_CURVE ( 'NONE', #2678, #2881, #1099, .T. ) ;
#8098 = ORIENTED_EDGE ( 'NONE', *, *, #6457, .F. ) ;
#8099 = DIRECTION ( 'NONE',  ( 0.000000000000000000, 0.000000000000000000, -1.000000000000000000 ) ) ;
#8100 = VECTOR ( 'NONE', #7832, 1000.000000000000114 ) ;
#8101 = VERTEX_POINT ( 'NONE', #4480 ) ;
#8102 = CARTESIAN_POINT ( 'NONE',  ( 0.000000000000000000, 12.30000000000000071, -96.52896198777732195 ) ) ;
#8103 = DIRECTION ( 'NONE',  ( 0.000000000000000000, 0.7660444431189705750, 0.6427876096865482447 ) ) ;
#8104 = CONICAL_SURFACE ( 'NONE', #6639, 4.699999999999981526, 0.7853981633974461696 ) ;
#8105 = PLANE ( 'NONE',  #5156 ) ;
#8106 = CARTESIAN_POINT ( 'NONE',  ( 7.042206333115736072, 10.29999999999999893, -80.48524964823167238 ) ) ;
#8107 = DIRECTION ( 'NONE',  ( 0.000000000000000000, 1.000000000000000000, 0.000000000000000000 ) ) ;
#8108 = VECTOR ( 'NONE', #8794, 1000.000000000000000 ) ;
#8109 = EDGE_CURVE ( 'NONE', #2819, #3795, #2431, .T. ) ;
#8110 = CARTESIAN_POINT ( 'NONE',  ( 30.54999999999998650, 104.0000000000000142, -33.64999999999999858 ) ) ;
#8111 = CARTESIAN_POINT ( 'NONE',  ( 51.41709520669375877, 12.30000000000000071, -91.35485734024788940 ) ) ;
#8112 = ORIENTED_EDGE ( 'NONE', *, *, #6554, .T. ) ;
#8113 = ADVANCED_FACE ( 'NONE', ( #6680 ), #1755, .T. ) ;
#8114 = EDGE_LOOP ( 'NONE', ( #7994, #747, #7775, #7347 ) ) ;
#8115 = FACE_OUTER_BOUND ( 'NONE', #1058, .T. ) ;
#8116 = DIRECTION ( 'NONE',  ( -0.000000000000000000, 1.000000000000000000, -0.000000000000000000 ) ) ;
#8117 = CARTESIAN_POINT ( 'NONE',  ( -4.495569275865665126, 10.30000000000000071, -88.88465248404671115 ) ) ;
#8118 = LINE ( 'NONE', #1898, #38 ) ;
#8119 = ORIENTED_EDGE ( 'NONE', *, *, #1203, .T. ) ;
#8120 = ORIENTED_EDGE ( 'NONE', *, *, #7530, .T. ) ;
#8121 = CARTESIAN_POINT ( 'NONE',  ( -68.15000000000000568, 4.000000000000000000, -68.45000000000000284 ) ) ;
#8122 = ADVANCED_FACE ( 'NONE', ( #6003 ), #7331, .T. ) ;
#8123 = LINE ( 'NONE', #1907, #8630 ) ;
#8124 = ORIENTED_EDGE ( 'NONE', *, *, #4990, .T. ) ;
#8125 = EDGE_CURVE ( 'NONE', #4876, #2302, #4880, .T. ) ;
#8126 = CARTESIAN_POINT ( 'NONE',  ( -86.84200000000002717, 10.29999999999999716, -80.84896198777730092 ) ) ;
#8127 = CARTESIAN_POINT ( 'NONE',  ( 50.50507531620850443, 10.30000000000000249, -90.76528025827946067 ) ) ;
#8128 = AXIS2_PLACEMENT_3D ( 'NONE', #2595, #6704, #2051 ) ;
#8129 = LINE ( 'NONE', #6847, #5959 ) ;
#8130 = DIRECTION ( 'NONE',  ( -1.000000000000000000, 0.000000000000000000, -4.511570479844966326E-16 ) ) ;
#8131 = CARTESIAN_POINT ( 'NONE',  ( 35.54999999999998295, 12.29999999999997762, 38.65000000000000568 ) ) ;
#8132 = ORIENTED_EDGE ( 'NONE', *, *, #6486, .T. ) ;
#8133 = ORIENTED_EDGE ( 'NONE', *, *, #7696, .F. ) ;
#8134 = EDGE_CURVE ( 'NONE', #2445, #5101, #2752, .T. ) ;
#8135 = VECTOR ( 'NONE', #1589, 1000.000000000000000 ) ;
#8136 = LINE ( 'NONE', #6808, #6724 ) ;
#8137 = CARTESIAN_POINT ( 'NONE',  ( 112.0000000000000142, 20.00000000000000000, 107.0000000000000000 ) ) ;
#8138 = VERTEX_POINT ( 'NONE', #8869 ) ;
#8139 = CARTESIAN_POINT ( 'NONE',  ( -7.855835787856018548, 10.30000000000000071, -93.20531827484077780 ) ) ;
#8140 = CARTESIAN_POINT ( 'NONE',  ( 6.387317127797724758, 10.29999999999999893, -79.35185100061414687 ) ) ;
#8141 = CARTESIAN_POINT ( 'NONE',  ( -8.047412238656935557, 12.30000000000000071, -95.18347898677946262 ) ) ;
#8142 = CARTESIAN_POINT ( 'NONE',  ( 52.66368854577712710, 10.29999999999999893, -84.18746435361133251 ) ) ;
#8143 = EDGE_LOOP ( 'NONE', ( #3338, #5082, #609, #7464, #197, #6706, #8550, #4902 ) ) ;
#8144 = VECTOR ( 'NONE', #4415, 1000.000000000000000 ) ;
#8145 = CARTESIAN_POINT ( 'NONE',  ( 53.98184424820331628, 10.29999999999999893, -81.66206029528625265 ) ) ;
#8146 = ORIENTED_EDGE ( 'NONE', *, *, #1101, .T. ) ;
#8147 = FACE_OUTER_BOUND ( 'NONE', #6458, .T. ) ;
#8148 = CARTESIAN_POINT ( 'NONE',  ( -47.30000000000032401, 4.299999999999999822, 42.59999999999958931 ) ) ;
#8149 = CARTESIAN_POINT ( 'NONE',  ( 53.28988043151446874, 12.30000000000000071, -77.26314857679093961 ) ) ;
#8150 = LINE ( 'NONE', #8692, #2718 ) ;
#8151 = EDGE_CURVE ( 'NONE', #4994, #1736, #3339, .T. ) ;
#8152 = LINE ( 'NONE', #4607, #7666 ) ;
#8153 = B_SPLINE_SURFACE_WITH_KNOTS ( 'NONE', 3, 1, ( 
 ( #4907, #8850 ),
 ( #1276, #6662 ),
 ( #4772, #4724 ),
 ( #5355, #1137 ),
 ( #4048, #2684 ),
 ( #7443, #2641 ),
 ( #6703, #3323 ),
 ( #5453, #1181 ),
 ( #2549, #3415 ) ),
 .UNSPECIFIED., .F., .F., .F.,
 ( 4, 1, 1, 1, 1, 1, 4 ),
 ( 2, 2 ),
 ( 0.000000000000000000, 0.2552717035795568079, 0.3804886756098910250, 0.5055280387609100146, 0.6297426574909941177, 0.7529749498845873523, 1.000000000000000000 ),
 ( 0.000000000000000000, 1.000000000000000000 ),
 .UNSPECIFIED. ) ;
#8154 = CARTESIAN_POINT ( 'NONE',  ( -101.4500000000000455, 0.000000000000000000, 106.4499999999999744 ) ) ;
#8155 = CARTESIAN_POINT ( 'NONE',  ( 107.0000000000000142, 20.00000000000000000, 107.0000000000000000 ) ) ;
#8156 = ORIENTED_EDGE ( 'NONE', *, *, #6455, .F. ) ;
#8157 = CARTESIAN_POINT ( 'NONE',  ( -8.046433784686781721, 12.30000000000000071, -94.34742710363474316 ) ) ;
#8158 = ORIENTED_EDGE ( 'NONE', *, *, #5395, .T. ) ;
#8159 = CARTESIAN_POINT ( 'NONE',  ( -47.30000000000032401, 5.700000000000073008, 43.99999999999965894 ) ) ;
#8160 = CARTESIAN_POINT ( 'NONE',  ( 53.49610506798467213, 12.29999999999999893, -82.06932430375756837 ) ) ;
#8161 = DIRECTION ( 'NONE',  ( -0.000000000000000000, 1.000000000000000000, -0.000000000000000000 ) ) ;
#8162 = CARTESIAN_POINT ( 'NONE',  ( -26.04399999999997917, 10.30000000000000071, -101.0089619877772975 ) ) ;
#8163 = ORIENTED_EDGE ( 'NONE', *, *, #7816, .F. ) ;
#8164 = ORIENTED_EDGE ( 'NONE', *, *, #4802, .T. ) ;
#8165 = CARTESIAN_POINT ( 'NONE',  ( 26.62400000000000944, 10.30000000000000071, -92.68896198777731854 ) ) ;
#8166 = CARTESIAN_POINT ( 'NONE',  ( -33.64999999999999858, 20.00000000000000355, -1.849999999999995648 ) ) ;
#8167 = VERTEX_POINT ( 'NONE', #5518 ) ;
#8168 = ORIENTED_EDGE ( 'NONE', *, *, #8958, .T. ) ;
#8169 = FACE_BOUND ( 'NONE', #4485, .T. ) ;
#8170 = LINE ( 'NONE', #2680, #8507 ) ;
#8171 = DIRECTION ( 'NONE',  ( -2.740657271095675087E-17, 0.9063077870366524902, 0.4226182617406941677 ) ) ;
#8172 = PLANE ( 'NONE',  #3170 ) ;
#8173 = FACE_OUTER_BOUND ( 'NONE', #2797, .T. ) ;
#8174 = ORIENTED_EDGE ( 'NONE', *, *, #2969, .F. ) ;
#8175 = EDGE_LOOP ( 'NONE', ( #7209, #5298, #1327, #3347 ) ) ;
#8176 = EDGE_CURVE ( 'NONE', #4181, #4713, #6373, .T. ) ;
#8177 = EDGE_CURVE ( 'NONE', #4029, #1900, #1981, .T. ) ;
#8178 = VECTOR ( 'NONE', #4307, 1000.000000000000000 ) ;
#8179 = LINE ( 'NONE', #4731, #3561 ) ;
#8180 = CARTESIAN_POINT ( 'NONE',  ( -75.75700000000003342, 10.29999999999999893, -88.97396198777730092 ) ) ;
#8181 = ORIENTED_EDGE ( 'NONE', *, *, #5741, .T. ) ;
#8182 = CARTESIAN_POINT ( 'NONE',  ( -2.729986139879596596, 10.30000000000000071, -93.17276063114692874 ) ) ;
#8183 = CARTESIAN_POINT ( 'NONE',  ( 2.193950491127210523, 10.29999999999999893, -76.91301622480393974 ) ) ;
#8184 = CARTESIAN_POINT ( 'NONE',  ( -3.747301209732850857, 12.30000000000000071, -100.6695463776221686 ) ) ;
#8185 = AXIS2_PLACEMENT_3D ( 'NONE', #2940, #3109, #847 ) ;
#8186 = CARTESIAN_POINT ( 'NONE',  ( -91.73046126523995270, 20.00000000000000000, 112.0000000000000000 ) ) ;
#8187 = VECTOR ( 'NONE', #4343, 1000.000000000000000 ) ;
#8188 = ORIENTED_EDGE ( 'NONE', *, *, #6449, .F. ) ;
#8189 = AXIS2_PLACEMENT_3D ( 'NONE', #3663, #8473, #7842 ) ;
#8190 = VECTOR ( 'NONE', #7498, 1000.000000000000000 ) ;
#8191 = CARTESIAN_POINT ( 'NONE',  ( 53.49610506798467213, 10.29999999999999893, -82.06932430375756837 ) ) ;
#8192 = ORIENTED_EDGE ( 'NONE', *, *, #1142, .T. ) ;
#8193 = CARTESIAN_POINT ( 'NONE',  ( 54.42933348409925287, 10.30000000000000071, -77.06183932432485051 ) ) ;
#8194 = VECTOR ( 'NONE', #6853, 1000.000000000000000 ) ;
#8195 = DIRECTION ( 'NONE',  ( -1.000000000000000000, 0.000000000000000000, -6.518453643877150850E-17 ) ) ;
#8196 = DIRECTION ( 'NONE',  ( 0.000000000000000000, 0.000000000000000000, -1.000000000000000000 ) ) ;
#8197 = AXIS2_PLACEMENT_3D ( 'NONE', #7633, #7767, #6899 ) ;
#8198 = CARTESIAN_POINT ( 'NONE',  ( 7.558137635452819580, 10.29999999999999893, -82.77228271876775523 ) ) ;
#8199 = DIRECTION ( 'NONE',  ( -0.000000000000000000, 1.000000000000000000, -0.000000000000000000 ) ) ;
#8200 = EDGE_CURVE ( 'NONE', #6069, #4365, #6185, .T. ) ;
#8201 = VECTOR ( 'NONE', #938, 1000.000000000000000 ) ;
#8202 = CARTESIAN_POINT ( 'NONE',  ( -4.474724153678574012, 12.29999999999999893, -100.3689452808199150 ) ) ;
#8203 = LINE ( 'NONE', #8876, #1809 ) ;
#8204 = EDGE_LOOP ( 'NONE', ( #3638, #8452, #8389, #6250 ) ) ;
#8205 = CARTESIAN_POINT ( 'NONE',  ( -5.474649429957000990, 12.30000000000000071, -89.65106988456841464 ) ) ;
#8206 = ADVANCED_FACE ( 'NONE', ( #6920 ), #7602, .T. ) ;
#8207 = VERTEX_POINT ( 'NONE', #712 ) ;
#8208 = CARTESIAN_POINT ( 'NONE',  ( 88.45000000000001705, 2.000000000000000000, -88.45000000000001705 ) ) ;
#8209 = CARTESIAN_POINT ( 'NONE',  ( -86.37851280778565410, 12.29999999999999893, -80.84211434333838042 ) ) ;
#8210 = CARTESIAN_POINT ( 'NONE',  ( -7.855835787856018548, 12.30000000000000249, -93.20531827484077780 ) ) ;
#8211 = LINE ( 'NONE', #2036, #4373 ) ;
#8212 = AXIS2_PLACEMENT_3D ( 'NONE', #4231, #8365, #3546 ) ;
#8213 = ORIENTED_EDGE ( 'NONE', *, *, #2862, .F. ) ;
#8214 = ORIENTED_EDGE ( 'NONE', *, *, #3524, .T. ) ;
#8215 = ADVANCED_FACE ( 'NONE', ( #2566 ), #7510, .F. ) ;
#8216 = LINE ( 'NONE', #641, #7849 ) ;
#8217 = CARTESIAN_POINT ( 'NONE',  ( 107.0000000000000426, 0.000000000000000000, -117.0000000000000000 ) ) ;
#8218 = EDGE_LOOP ( 'NONE', ( #1503, #5198, #2038, #790 ) ) ;
#8219 = EDGE_LOOP ( 'NONE', ( #7137, #15, #8792, #7884 ) ) ;
#8220 = CARTESIAN_POINT ( 'NONE',  ( 60.17805082010780637, 10.30000000000000071, 17.33880089254346757 ) ) ;
#8221 = CARTESIAN_POINT ( 'NONE',  ( 88.45000000000000284, 2.000000000000000000, -88.45000000000000284 ) ) ;
#8222 = DIRECTION ( 'NONE',  ( -0.000000000000000000, 1.000000000000000000, -0.000000000000000000 ) ) ;
#8223 = CARTESIAN_POINT ( 'NONE',  ( -84.22883846918820439, 10.29999999999999893, -81.35972751795105751 ) ) ;
#8224 = CARTESIAN_POINT ( 'NONE',  ( 83.77180073764539259, 2.000000000000000000, 0.000000000000000000 ) ) ;
#8225 = EDGE_CURVE ( 'NONE', #4930, #5628, #7919, .T. ) ;
#8226 = ORIENTED_EDGE ( 'NONE', *, *, #4736, .T. ) ;
#8227 = EDGE_CURVE ( 'NONE', #2285, #2430, #4787, .T. ) ;
#8228 = ORIENTED_EDGE ( 'NONE', *, *, #5685, .T. ) ;
#8229 = VECTOR ( 'NONE', #8566, 1000.000000000000000 ) ;
#8230 = CARTESIAN_POINT ( 'NONE',  ( 95.12819926235461310, 2.000000000000000000, -88.45000000000000284 ) ) ;
#8231 = EDGE_CURVE ( 'NONE', #8717, #4786, #6727, .T. ) ;
#8232 = DIRECTION ( 'NONE',  ( 0.000000000000000000, -1.000000000000000000, 0.000000000000000000 ) ) ;
#8233 = ORIENTED_EDGE ( 'NONE', *, *, #3394, .F. ) ;
#8234 = CARTESIAN_POINT ( 'NONE',  ( 117.0000000000007390, 20.00000000000000000, 91.73046126523954058 ) ) ;
#8235 = EDGE_CURVE ( 'NONE', #6477, #5297, #3295, .T. ) ;
#8236 = CARTESIAN_POINT ( 'NONE',  ( -55.27800000000001290, 12.30000000000000071, -77.00896198777732593 ) ) ;
#8237 = ADVANCED_FACE ( 'NONE', ( #8147 ), #7698, .T. ) ;
#8238 = DIRECTION ( 'NONE',  ( -0.3994171850752216146, 0.000000000000000000, -0.9167692797354120016 ) ) ;
#8239 = LINE ( 'NONE', #8961, #1447 ) ;
#8240 = ORIENTED_EDGE ( 'NONE', *, *, #3441, .F. ) ;
#8241 = DIRECTION ( 'NONE',  ( -1.000000000000000000, 0.000000000000000000, 0.000000000000000000 ) ) ;
#8242 = VERTEX_POINT ( 'NONE', #797 ) ;
#8243 = DIRECTION ( 'NONE',  ( 0.000000000000000000, 1.000000000000000000, -0.000000000000000000 ) ) ;
#8244 = ADVANCED_FACE ( 'NONE', ( #1487 ), #6412, .T. ) ;
#8245 = DIRECTION ( 'NONE',  ( 0.000000000000000000, 0.000000000000000000, 1.000000000000000000 ) ) ;
#8246 = CARTESIAN_POINT ( 'NONE',  ( 48.65714417895365074, 10.30000000000000071, -80.57781608749655788 ) ) ;
#8247 = DIRECTION ( 'NONE',  ( 1.000000000000000000, 0.000000000000000000, -2.888197254487934979E-15 ) ) ;
#8248 = CARTESIAN_POINT ( 'NONE',  ( -75.44999999999998863, 0.000000000000000000, -80.44999999999998863 ) ) ;
#8249 = CIRCLE ( 'NONE', #7811, 5.000000000000004441 ) ;
#8250 = DIRECTION ( 'NONE',  ( -1.430821296495351676E-16, 0.6427876096865482447, 0.7660444431189705750 ) ) ;
#8251 = CARTESIAN_POINT ( 'NONE',  ( -68.45000000000000284, 4.000000000000000000, -68.45000000000000284 ) ) ;
#8252 = ORIENTED_EDGE ( 'NONE', *, *, #5793, .F. ) ;
#8253 = CARTESIAN_POINT ( 'NONE',  ( -106.4500000000000455, -0.000000000000000000, 101.4499999999999744 ) ) ;
#8254 = DIRECTION ( 'NONE',  ( -0.000000000000000000, 1.000000000000000000, -0.000000000000000000 ) ) ;
#8255 = CARTESIAN_POINT ( 'NONE',  ( -3.298812606246169565, 10.30000000000000249, -81.81168850169589746 ) ) ;
#8256 = CARTESIAN_POINT ( 'NONE',  ( -70.00000000000000000, 20.00000000000000000, -117.0000000000000000 ) ) ;
#8257 = DIRECTION ( 'NONE',  ( 0.000000000000000000, 0.000000000000000000, 1.000000000000000000 ) ) ;
#8258 = ORIENTED_EDGE ( 'NONE', *, *, #6238, .T. ) ;
#8259 = VECTOR ( 'NONE', #5889, 1000.000000000000114 ) ;
#8260 = ORIENTED_EDGE ( 'NONE', *, *, #1071, .F. ) ;
#8261 = CARTESIAN_POINT ( 'NONE',  ( 0.000000000000000000, 10.30000000000000071, -88.20896198777730035 ) ) ;
#8262 = LINE ( 'NONE', #499, #3419 ) ;
#8263 = ORIENTED_EDGE ( 'NONE', *, *, #918, .T. ) ;
#8264 = ORIENTED_EDGE ( 'NONE', *, *, #3862, .T. ) ;
#8265 = DIRECTION ( 'NONE',  ( 0.000000000000000000, -1.000000000000000000, 0.000000000000000000 ) ) ;
#8266 = CARTESIAN_POINT ( 'NONE',  ( -87.28513033663195131, 12.29999999999999716, -80.84906279341338120 ) ) ;
#8267 = ADVANCED_FACE ( 'NONE', ( #3698 ), #2406, .F. ) ;
#8268 = CARTESIAN_POINT ( 'NONE',  ( 117.0000000000000142, 0.000000000000000000, -107.0000000000000284 ) ) ;
#8269 = DIRECTION ( 'NONE',  ( 1.000000000000000000, 0.000000000000000000, -7.130025111404739020E-17 ) ) ;
#8270 = DIRECTION ( 'NONE',  ( -0.000000000000000000, -0.000000000000000000, 1.000000000000000000 ) ) ;
#8271 = EDGE_LOOP ( 'NONE', ( #8580, #3046, #2924, #4449 ) ) ;
#8272 = ORIENTED_EDGE ( 'NONE', *, *, #1426, .F. ) ;
#8273 = CARTESIAN_POINT ( 'NONE',  ( 88.45000000000000284, 0.000000000000000000, -93.45000000000000284 ) ) ;
#8274 = LINE ( 'NONE', #2056, #6148 ) ;
#8275 = VERTEX_POINT ( 'NONE', #1576 ) ;
#8276 = VECTOR ( 'NONE', #6169, 1000.000000000000114 ) ;
#8277 = CARTESIAN_POINT ( 'NONE',  ( -3.757743897372518571, 10.30000000000000071, -88.39072054998658245 ) ) ;
#8278 = DIRECTION ( 'NONE',  ( 0.000000000000000000, 0.6427876096865482447, 0.7660444431189705750 ) ) ;
#8279 = ORIENTED_EDGE ( 'NONE', *, *, #7774, .F. ) ;
#8280 = CARTESIAN_POINT ( 'NONE',  ( -93.39200000000002433, 12.30000000000000071, -100.2039619877773049 ) ) ;
#8281 = VECTOR ( 'NONE', #1341, 1000.000000000000000 ) ;
#8282 = AXIS2_PLACEMENT_3D ( 'NONE', #5175, #1816, #1693 ) ;
#8283 = ORIENTED_EDGE ( 'NONE', *, *, #6225, .T. ) ;
#8284 = ADVANCED_FACE ( 'NONE', ( #134 ), #5616, .T. ) ;
#8285 = DIRECTION ( 'NONE',  ( -1.485049524645741972E-16, 0.000000000000000000, 1.000000000000000000 ) ) ;
#8286 = VERTEX_POINT ( 'NONE', #2893 ) ;
#8287 = CARTESIAN_POINT ( 'NONE',  ( 48.36436935401751214, 10.30000000000000071, -81.23756168546071876 ) ) ;
#8288 = CARTESIAN_POINT ( 'NONE',  ( 7.356717734028397793, 10.30000000000000071, -84.88882685095654779 ) ) ;
#8289 = DIRECTION ( 'NONE',  ( -0.000000000000000000, 1.000000000000000000, -0.000000000000000000 ) ) ;
#8290 = FACE_OUTER_BOUND ( 'NONE', #3294, .T. ) ;
#8291 = FACE_OUTER_BOUND ( 'NONE', #6726, .T. ) ;
#8292 = VECTOR ( 'NONE', #3952, 1000.000000000000000 ) ;
#8293 = EDGE_CURVE ( 'NONE', #2501, #7213, #3569, .T. ) ;
#8294 = CARTESIAN_POINT ( 'NONE',  ( 0.5100000000000329825, 10.30000000000000071, -97.16896198777732252 ) ) ;
#8295 = LINE ( 'NONE', #1402, #2683 ) ;
#8296 = EDGE_LOOP ( 'NONE', ( #7959, #385, #831, #5967, #8088, #1372, #7447, #3152, #7072, #4127, #6093, #1894, #1518, #3199, #6160, #6366, #5447 ) ) ;
#8297 = CARTESIAN_POINT ( 'NONE',  ( -3.167724713665917680, 12.30000000000000071, -88.05523631072669843 ) ) ;
#8298 = DIRECTION ( 'NONE',  ( 1.000000000000000000, 0.000000000000000000, -1.091021054073463647E-16 ) ) ;
#8299 = EDGE_CURVE ( 'NONE', #407, #5317, #4336, .T. ) ;
#8300 = CARTESIAN_POINT ( 'NONE',  ( 6.834408963296246563E-15, 2.000000000000000000, -109.7718007376454068 ) ) ;
#8301 = LINE ( 'NONE', #1456, #463 ) ;
#8302 = DIRECTION ( 'NONE',  ( 1.000000000000000000, 0.000000000000000000, -0.000000000000000000 ) ) ;
#8303 = EDGE_LOOP ( 'NONE', ( #5102, #4332, #4592, #4961 ) ) ;
#8304 = ORIENTED_EDGE ( 'NONE', *, *, #7680, .T. ) ;
#8305 = CARTESIAN_POINT ( 'NONE',  ( 0.5100000000000330935, 10.30000000000000071, -97.16896198777732252 ) ) ;
#8306 = CARTESIAN_POINT ( 'NONE',  ( -75.83178486006363528, 12.30000000000000249, -91.35224062525306010 ) ) ;
#8307 = ORIENTED_EDGE ( 'NONE', *, *, #8382, .T. ) ;
#8308 = VERTEX_POINT ( 'NONE', #4887 ) ;
#8309 = CARTESIAN_POINT ( 'NONE',  ( -89.86523063261998345, 16.00000000000000000, 117.0000000000000000 ) ) ;
#8310 = CARTESIAN_POINT ( 'NONE',  ( -88.79039960986321489, 12.29999999999999716, -81.13635602998198237 ) ) ;
#8311 = DIRECTION ( 'NONE',  ( 0.000000000000000000, 0.000000000000000000, -1.000000000000000000 ) ) ;
#8312 = CARTESIAN_POINT ( 'NONE',  ( -91.54620967203638315, 10.29999999999999893, -100.8211633617492140 ) ) ;
#8313 = FACE_OUTER_BOUND ( 'NONE', #6176, .T. ) ;
#8314 = ORIENTED_EDGE ( 'NONE', *, *, #4464, .T. ) ;
#8315 = ORIENTED_EDGE ( 'NONE', *, *, #5014, .F. ) ;
#8316 = ADVANCED_FACE ( 'NONE', ( #218 ), #7096, .T. ) ;
#8317 = CARTESIAN_POINT ( 'NONE',  ( 112.0000000000000142, 12.29999999999997762, -107.0000000000000284 ) ) ;
#8318 = CARTESIAN_POINT ( 'NONE',  ( -75.83528348376681549, 12.29999999999999893, -86.70078135642248185 ) ) ;
#8319 = ORIENTED_EDGE ( 'NONE', *, *, #757, .T. ) ;
#8320 = PLANE ( 'NONE',  #6747 ) ;
#8321 = EDGE_CURVE ( 'NONE', #7211, #5168, #2162, .T. ) ;
#8322 = CARTESIAN_POINT ( 'NONE',  ( 6.387317127797724758, 12.29999999999999893, -79.35185100061414687 ) ) ;
#8323 = ORIENTED_EDGE ( 'NONE', *, *, #7011, .T. ) ;
#8324 = EDGE_LOOP ( 'NONE', ( #5467, #3134, #5795, #7599 ) ) ;
#8325 = CARTESIAN_POINT ( 'NONE',  ( -8.047412238656935557, 10.29999999999999893, -95.18347898677946262 ) ) ;
#8326 = ORIENTED_EDGE ( 'NONE', *, *, #3783, .F. ) ;
#8327 = VECTOR ( 'NONE', #1112, 1000.000000000000000 ) ;
#8328 = VERTEX_POINT ( 'NONE', #2980 ) ;
#8329 = DIRECTION ( 'NONE',  ( -1.000000000000000000, 0.000000000000000000, 1.279714039655022108E-16 ) ) ;
#8330 = DIRECTION ( 'NONE',  ( 0.000000000000000000, 0.7071067811865439090, 0.7071067811865512365 ) ) ;
#8331 = VECTOR ( 'NONE', #6719, 1000.000000000000000 ) ;
#8332 = CARTESIAN_POINT ( 'NONE',  ( -111.9999999999999858, -312.4838379715732799, 107.0000000000000000 ) ) ;
#8333 = VECTOR ( 'NONE', #7251, 1000.000000000000000 ) ;
#8334 = FACE_OUTER_BOUND ( 'NONE', #6832, .T. ) ;
#8335 = CARTESIAN_POINT ( 'NONE',  ( -80.44700000000003115, 12.29999999999999893, -88.81396198777730433 ) ) ;
#8336 = AXIS2_PLACEMENT_3D ( 'NONE', #5341, #2533, #1211 ) ;
#8337 = VECTOR ( 'NONE', #4439, 1000.000000000000000 ) ;
#8338 = ADVANCED_FACE ( 'NONE', ( #1618 ), #1440, .T. ) ;
#8339 = DIRECTION ( 'NONE',  ( 0.000000000000000000, -1.000000000000000000, 0.000000000000000000 ) ) ;
#8340 = LINE ( 'NONE', #5527, #5864 ) ;
#8341 = AXIS2_PLACEMENT_3D ( 'NONE', #1778, #3182, #2373 ) ;
#8342 = ORIENTED_EDGE ( 'NONE', *, *, #3238, .F. ) ;
#8343 = CARTESIAN_POINT ( 'NONE',  ( -71.86523063261998345, 16.00000000000000000, 117.0000000000000000 ) ) ;
#8344 = ADVANCED_FACE ( 'NONE', ( #7052 ), #4206, .T. ) ;
#8345 = EDGE_CURVE ( 'NONE', #8207, #4923, #3682, .T. ) ;
#8346 = VECTOR ( 'NONE', #2270, 1000.000000000000000 ) ;
#8347 = VECTOR ( 'NONE', #1298, 1000.000000000000114 ) ;
#8348 = FACE_BOUND ( 'NONE', #1557, .T. ) ;
#8349 = CIRCLE ( 'NONE', #2118, 5.000000000000004441 ) ;
#8350 = EDGE_CURVE ( 'NONE', #5052, #1930, #5654, .T. ) ;
#8351 = EDGE_CURVE ( 'NONE', #5687, #6772, #7193, .T. ) ;
#8352 = CARTESIAN_POINT ( 'NONE',  ( 3.904355764416031160, 12.30000000000000071, -96.74819791801928659 ) ) ;
#8353 = DIRECTION ( 'NONE',  ( 0.000000000000000000, 0.000000000000000000, 1.000000000000000000 ) ) ;
#8354 = LINE ( 'NONE', #2266, #7406 ) ;
#8355 = EDGE_LOOP ( 'NONE', ( #5712, #5509 ) ) ;
#8356 = VECTOR ( 'NONE', #56, 1000.000000000000000 ) ;
#8357 = EDGE_CURVE ( 'NONE', #5696, #3229, #7829, .T. ) ;
#8358 = ORIENTED_EDGE ( 'NONE', *, *, #7283, .T. ) ;
#8359 = ORIENTED_EDGE ( 'NONE', *, *, #6689, .F. ) ;
#8360 = FACE_OUTER_BOUND ( 'NONE', #7505, .T. ) ;
#8361 = CARTESIAN_POINT ( 'NONE',  ( -76.14047602250255409, 10.29999999999999716, -93.15109784760701928 ) ) ;
#8362 = EDGE_LOOP ( 'NONE', ( #5548, #1606, #55, #3880 ) ) ;
#8363 = ORIENTED_EDGE ( 'NONE', *, *, #5083, .F. ) ;
#8364 = CARTESIAN_POINT ( 'NONE',  ( 0.000000000000000000, 10.30000000000000071, 0.000000000000000000 ) ) ;
#8365 = DIRECTION ( 'NONE',  ( -0.000000000000000000, -1.000000000000000000, -0.000000000000000000 ) ) ;
#8366 = VECTOR ( 'NONE', #614, 1000.000000000000000 ) ;
#8367 = DIRECTION ( 'NONE',  ( 1.000000000000000000, 0.000000000000000000, 0.000000000000000000 ) ) ;
#8368 = LINE ( 'NONE', #4914, #4475 ) ;
#8369 = PLANE ( 'NONE',  #1756 ) ;
#8370 = VERTEX_POINT ( 'NONE', #45 ) ;
#8371 = VERTEX_POINT ( 'NONE', #1022 ) ;
#8372 = PLANE ( 'NONE',  #6875 ) ;
#8373 = DIRECTION ( 'NONE',  ( -0.000000000000000000, 1.000000000000000000, -0.000000000000000000 ) ) ;
#8374 = VERTEX_POINT ( 'NONE', #7234 ) ;
#8375 = CARTESIAN_POINT ( 'NONE',  ( -85.69833457323109371, 12.29999999999999893, -80.91182027028996515 ) ) ;
#8376 = DIRECTION ( 'NONE',  ( 0.000000000000000000, 0.000000000000000000, 1.000000000000000000 ) ) ;
#8377 = ORIENTED_EDGE ( 'NONE', *, *, #1229, .T. ) ;
#8378 = ORIENTED_EDGE ( 'NONE', *, *, #6773, .F. ) ;
#8379 = FACE_OUTER_BOUND ( 'NONE', #4315, .T. ) ;
#8380 = DIRECTION ( 'NONE',  ( 1.000000000000000000, -0.000000000000000000, 0.000000000000000000 ) ) ;
#8381 = DIRECTION ( 'NONE',  ( 0.000000000000000000, -0.7660444431189705750, 0.6427876096865482447 ) ) ;
#8382 = EDGE_CURVE ( 'NONE', #1774, #7971, #263, .T. ) ;
#8383 = DIRECTION ( 'NONE',  ( -1.000000000000000000, 0.000000000000000000, 0.000000000000000000 ) ) ;
#8384 = FACE_OUTER_BOUND ( 'NONE', #4357, .T. ) ;
#8385 = CARTESIAN_POINT ( 'NONE',  ( -83.30722835027169992, 12.30000000000000071, -96.00874814445541006 ) ) ;
#8386 = EDGE_CURVE ( 'NONE', #639, #613, #7965, .T. ) ;
#8387 = DIRECTION ( 'NONE',  ( 0.9872388199285100363, 0.000000000000000000, -0.1592467030307476716 ) ) ;
#8388 = PLANE ( 'NONE',  #5148 ) ;
#8389 = ORIENTED_EDGE ( 'NONE', *, *, #352, .T. ) ;
#8390 = DIRECTION ( 'NONE',  ( 0.000000000000000000, 0.000000000000000000, 1.000000000000000000 ) ) ;
#8391 = VECTOR ( 'NONE', #6395, 1000.000000000000000 ) ;
#8392 = DIRECTION ( 'NONE',  ( 0.000000000000000000, 0.000000000000000000, -1.000000000000000000 ) ) ;
#8393 = DIRECTION ( 'NONE',  ( 0.000000000000000000, 0.000000000000000000, -1.000000000000000000 ) ) ;
#8394 = DIRECTION ( 'NONE',  ( 1.475563774321965542E-15, 0.9063077870366512689, 0.4226182617406967212 ) ) ;
#8395 = DIRECTION ( 'NONE',  ( -0.000000000000000000, -1.000000000000000000, -0.000000000000000000 ) ) ;
#8396 = AXIS2_PLACEMENT_3D ( 'NONE', #4750, #8107, #440 ) ;
#8397 = VERTEX_POINT ( 'NONE', #4471 ) ;
#8398 = ORIENTED_EDGE ( 'NONE', *, *, #8125, .F. ) ;
#8399 = ORIENTED_EDGE ( 'NONE', *, *, #496, .T. ) ;
#8400 = EDGE_CURVE ( 'NONE', #832, #3666, #3827, .T. ) ;
#8401 = ADVANCED_FACE ( 'NONE', ( #427 ), #2730, .T. ) ;
#8402 = CARTESIAN_POINT ( 'NONE',  ( 64.45300000000001717, 12.30000000000000071, -0.000000000000000000 ) ) ;
#8403 = CARTESIAN_POINT ( 'NONE',  ( 107.0000000000000426, 20.00000000000000000, -117.0000000000000000 ) ) ;
#8404 = ORIENTED_EDGE ( 'NONE', *, *, #2636, .F. ) ;
#8405 = ORIENTED_EDGE ( 'NONE', *, *, #3394, .T. ) ;
#8406 = AXIS2_PLACEMENT_3D ( 'NONE', #1063, #305, #7968 ) ;
#8407 = CARTESIAN_POINT ( 'NONE',  ( 4.461984187825990489, 10.30000000000000071, -89.04286755017842836 ) ) ;
#8408 = CARTESIAN_POINT ( 'NONE',  ( -53.48800000000000665, 12.30000000000000071, -82.24896198777730660 ) ) ;
#8409 = CARTESIAN_POINT ( 'NONE',  ( -83.77180073764536417, 2.000000000000000000, -75.45000000000000284 ) ) ;
#8410 = DIRECTION ( 'NONE',  ( 0.3753200180359992921, 0.000000000000000000, 0.9268952929330569468 ) ) ;
#8411 = CARTESIAN_POINT ( 'NONE',  ( 6.974143598062057414, 12.30000000000000071, -95.80577295523029591 ) ) ;
#8412 = VERTEX_POINT ( 'NONE', #1748 ) ;
#8413 = ORIENTED_EDGE ( 'NONE', *, *, #4770, .T. ) ;
#8414 = EDGE_CURVE ( 'NONE', #1947, #6772, #4513, .T. ) ;
#8415 = LINE ( 'NONE', #8454, #5999 ) ;
#8416 = AXIS2_PLACEMENT_3D ( 'NONE', #8532, #7159, #1078 ) ;
#8417 = CARTESIAN_POINT ( 'NONE',  ( -67.59863898960414019, 12.30000000000000071, -6.849999999999991651 ) ) ;
#8418 = ORIENTED_EDGE ( 'NONE', *, *, #7652, .T. ) ;
#8419 = CARTESIAN_POINT ( 'NONE',  ( -84.82786055485176746, 12.29999999999999893, -81.12303644544962822 ) ) ;
#8420 = CARTESIAN_POINT ( 'NONE',  ( 108.1281992623546131, 2.000000000000000000, -101.4500000000000171 ) ) ;
#8421 = ORIENTED_EDGE ( 'NONE', *, *, #8515, .F. ) ;
#8422 = EDGE_CURVE ( 'NONE', #1831, #1766, #2424, .T. ) ;
#8423 = B_SPLINE_CURVE_WITH_KNOTS ( 'NONE', 3,
 ( #675, #7056, #2, #6372, #2758, #267, #3110, #893, #3704 ),
 .UNSPECIFIED., .F., .F.,
 ( 4, 1, 1, 1, 1, 1, 4 ),
 ( 0.000000000000000000, 0.3140869322872986147, 0.4457890859159726049, 0.5647762196100429843, 0.6742193948299602946, 0.7783459738617535262, 1.000000000000000000 ),
 .UNSPECIFIED. ) ;
#8424 = VERTEX_POINT ( 'NONE', #1789 ) ;
#8425 = DIRECTION ( 'NONE',  ( -1.000000000000000000, -0.000000000000000000, 3.491481338843133355E-15 ) ) ;
#8426 = CARTESIAN_POINT ( 'NONE',  ( 0.000000000000000000, 10.30000000000000071, -77.00896198777732593 ) ) ;
#8427 = FACE_OUTER_BOUND ( 'NONE', #7359, .T. ) ;
#8428 = VECTOR ( 'NONE', #7901, 1000.000000000000000 ) ;
#8429 = FACE_OUTER_BOUND ( 'NONE', #6905, .T. ) ;
#8430 = DIRECTION ( 'NONE',  ( 0.000000000000000000, 0.7660444431189705750, 0.6427876096865482447 ) ) ;
#8431 = CARTESIAN_POINT ( 'NONE',  ( 0.000000000000000000, 12.30000000000000071, -77.00896198777732593 ) ) ;
#8432 = LINE ( 'NONE', #2216, #800 ) ;
#8433 = ORIENTED_EDGE ( 'NONE', *, *, #528, .T. ) ;
#8434 = CARTESIAN_POINT ( 'NONE',  ( 117.0000000000007390, 20.00000000000000000, 91.73046126523954058 ) ) ;
#8435 = CARTESIAN_POINT ( 'NONE',  ( 28.04400000000001469, 10.30000000000000071, -87.88896198777732138 ) ) ;
#8436 = EDGE_CURVE ( 'NONE', #6646, #5307, #1103, .T. ) ;
#8437 = CARTESIAN_POINT ( 'NONE',  ( 1.053258683380246419, 10.30000000000000071, -97.17000742620790277 ) ) ;
#8438 = CYLINDRICAL_SURFACE ( 'NONE', #48, 9.999999999999980460 ) ;
#8439 = VECTOR ( 'NONE', #8806, 1000.000000000000114 ) ;
#8440 = CARTESIAN_POINT ( 'NONE',  ( -60.12300000000001887, 12.30000000000000071, -77.00896198777732593 ) ) ;
#8441 = ORIENTED_EDGE ( 'NONE', *, *, #8904, .T. ) ;
#8442 = ORIENTED_EDGE ( 'NONE', *, *, #2974, .T. ) ;
#8443 = CARTESIAN_POINT ( 'NONE',  ( 7.550000000000033573, 12.30000000000000071, -83.26896198777730262 ) ) ;
#8444 = DIRECTION ( 'NONE',  ( -0.000000000000000000, 1.000000000000000000, -0.000000000000000000 ) ) ;
#8445 = EDGE_LOOP ( 'NONE', ( #8377, #1332, #6806, #743 ) ) ;
#8446 = ORIENTED_EDGE ( 'NONE', *, *, #8865, .T. ) ;
#8447 = CARTESIAN_POINT ( 'NONE',  ( 47.29999999999999005, 5.699999999999989519, -47.29999999999999005 ) ) ;
#8448 = CARTESIAN_POINT ( 'NONE',  ( -76.85816587328821470, 12.29999999999999893, -82.69168603687053576 ) ) ;
#8449 = CARTESIAN_POINT ( 'NONE',  ( -88.45000000000004547, 0.000000000000000000, 98.44999999999998863 ) ) ;
#8450 = CARTESIAN_POINT ( 'NONE',  ( 74.97200000000005105, 10.30000000000000071, -101.0089619877773401 ) ) ;
#8451 = DIRECTION ( 'NONE',  ( 1.000000000000000000, -0.000000000000000000, 0.000000000000000000 ) ) ;
#8452 = ORIENTED_EDGE ( 'NONE', *, *, #6225, .F. ) ;
#8453 = ORIENTED_EDGE ( 'NONE', *, *, #8061, .T. ) ;
#8454 = CARTESIAN_POINT ( 'NONE',  ( -38.64999999999998437, 12.29999999999997762, 38.65000000000001279 ) ) ;
#8455 = DIRECTION ( 'NONE',  ( 1.000000000000000000, 0.000000000000000000, -1.782506277851184632E-16 ) ) ;
#8456 = ORIENTED_EDGE ( 'NONE', *, *, #4651, .F. ) ;
#8457 = CARTESIAN_POINT ( 'NONE',  ( -88.45000000000001705, 2.000000000000000000, -88.45000000000001705 ) ) ;
#8458 = CARTESIAN_POINT ( 'NONE',  ( 107.0000000000000142, -312.4838379715732799, 107.0000000000000000 ) ) ;
#8459 = EDGE_CURVE ( 'NONE', #5980, #2998, #6489, .T. ) ;
#8460 = ORIENTED_EDGE ( 'NONE', *, *, #4438, .F. ) ;
#8461 = ORIENTED_EDGE ( 'NONE', *, *, #1115, .F. ) ;
#8462 = LINE ( 'NONE', #7138, #4712 ) ;
#8463 = DIRECTION ( 'NONE',  ( -0.4185427364680949780, 0.000000000000000000, -0.9081971029186334254 ) ) ;
#8464 = CARTESIAN_POINT ( 'NONE',  ( 107.0000000000000426, 20.00000000000000000, -112.0000000000000000 ) ) ;
#8465 = DIRECTION ( 'NONE',  ( 1.000000000000000000, -0.000000000000000000, 0.000000000000000000 ) ) ;
#8466 = CARTESIAN_POINT ( 'NONE',  ( -2.506605835772532043, 10.29999999999999893, -101.0089619881004381 ) ) ;
#8467 = VECTOR ( 'NONE', #4942, 1000.000000000000000 ) ;
#8468 = CYLINDRICAL_SURFACE ( 'NONE', #5065, 10.00000000000000888 ) ;
#8469 = DIRECTION ( 'NONE',  ( -0.000000000000000000, 1.000000000000000000, -0.000000000000000000 ) ) ;
#8470 = ORIENTED_EDGE ( 'NONE', *, *, #3498, .T. ) ;
#8471 = PLANE ( 'NONE',  #6592 ) ;
#8472 = LINE ( 'NONE', #5162, #500 ) ;
#8473 = DIRECTION ( 'NONE',  ( -3.164356725686685084E-15, -0.4226182617406967212, -0.9063077870366512689 ) ) ;
#8474 = CARTESIAN_POINT ( 'NONE',  ( -2.917338066917739572E-13, 10.30000000000000071, -101.0089619877770843 ) ) ;
#8475 = AXIS2_PLACEMENT_3D ( 'NONE', #1919, #2647, #7591 ) ;
#8476 = DIRECTION ( 'NONE',  ( -0.000000000000000000, -1.000000000000000000, -0.000000000000000000 ) ) ;
#8477 = EDGE_CURVE ( 'NONE', #3685, #3672, #5514, .T. ) ;
#8478 = VERTEX_POINT ( 'NONE', #7547 ) ;
#8479 = VERTEX_POINT ( 'NONE', #4684 ) ;
#8480 = VECTOR ( 'NONE', #5886, 1000.000000000000000 ) ;
#8481 = ADVANCED_FACE ( 'NONE', ( #3426, #6766, #4057, #7451, #6131, #8858, #2650, #3286, #1237, #4824, #5506, #5992, #4010 ), #564, .T. ) ;
#8482 = CARTESIAN_POINT ( 'NONE',  ( 3.203875819492147059, 12.30000000000000071, -89.90340584793686673 ) ) ;
#8483 = AXIS2_PLACEMENT_3D ( 'NONE', #8534, #7301, #366 ) ;
#8484 = CARTESIAN_POINT ( 'NONE',  ( 47.29999999999999005, 10.90000000000002878, -43.99999999999999289 ) ) ;
#8485 = VERTEX_POINT ( 'NONE', #3330 ) ;
#8486 = VECTOR ( 'NONE', #7628, 1000.000000000000114 ) ;
#8487 = ORIENTED_EDGE ( 'NONE', *, *, #3025, .F. ) ;
#8488 = CARTESIAN_POINT ( 'NONE',  ( 91.73046126523996691, 20.00000000000000000, 117.0000000000000000 ) ) ;
#8489 = LINE ( 'NONE', #4998, #7129 ) ;
#8490 = AXIS2_PLACEMENT_3D ( 'NONE', #4922, #4371, #7689 ) ;
#8491 = CARTESIAN_POINT ( 'NONE',  ( -83.91645229884062474, 10.30000000000000071, -96.36870304938427978 ) ) ;
#8492 = LINE ( 'NONE', #1604, #313 ) ;
#8493 = EDGE_CURVE ( 'NONE', #2302, #5696, #8866, .T. ) ;
#8494 = VERTEX_POINT ( 'NONE', #4735 ) ;
#8495 = ORIENTED_EDGE ( 'NONE', *, *, #6762, .F. ) ;
#8496 = DIRECTION ( 'NONE',  ( 1.000000000000000000, 0.000000000000000000, -1.279714039655022108E-16 ) ) ;
#8497 = VECTOR ( 'NONE', #1716, 1000.000000000000000 ) ;
#8498 = VECTOR ( 'NONE', #22, 1000.000000000000114 ) ;
#8499 = DIRECTION ( 'NONE',  ( -0.000000000000000000, -0.000000000000000000, 1.000000000000000000 ) ) ;
#8500 = VERTEX_POINT ( 'NONE', #8768 ) ;
#8501 = CARTESIAN_POINT ( 'NONE',  ( -84.22883846918820439, 12.29999999999999893, -81.35972751795105751 ) ) ;
#8502 = LINE ( 'NONE', #6140, #934 ) ;
#8503 = CARTESIAN_POINT ( 'NONE',  ( 1.070905261782103768, 12.29999999999999893, -76.74453972926021095 ) ) ;
#8504 = ADVANCED_FACE ( 'NONE', ( #3374 ), #7501, .F. ) ;
#8505 = EDGE_LOOP ( 'NONE', ( #2311, #1743, #7531, #7578 ) ) ;
#8506 = ORIENTED_EDGE ( 'NONE', *, *, #2297, .F. ) ;
#8507 = VECTOR ( 'NONE', #553, 1000.000000000000000 ) ;
#8508 = EDGE_CURVE ( 'NONE', #1776, #5772, #6812, .T. ) ;
#8509 = DIRECTION ( 'NONE',  ( -0.000000000000000000, 1.000000000000000000, -0.000000000000000000 ) ) ;
#8510 = EDGE_CURVE ( 'NONE', #4074, #1195, #2559, .T. ) ;
#8511 = DIRECTION ( 'NONE',  ( -0.000000000000000000, -1.000000000000000000, -0.000000000000000000 ) ) ;
#8512 = CARTESIAN_POINT ( 'NONE',  ( -107.0000000000000000, 20.00000000000000000, 107.0000000000000000 ) ) ;
#8513 = LINE ( 'NONE', #5745, #1037 ) ;
#8514 = FACE_OUTER_BOUND ( 'NONE', #6300, .T. ) ;
#8515 = EDGE_CURVE ( 'NONE', #3667, #3207, #6177, .T. ) ;
#8516 = CARTESIAN_POINT ( 'NONE',  ( -111.9999999999999716, 12.29999999999997762, -107.0000000000000284 ) ) ;
#8517 = ORIENTED_EDGE ( 'NONE', *, *, #7007, .F. ) ;
#8518 = LINE ( 'NONE', #5623, #4434 ) ;
#8519 = CARTESIAN_POINT ( 'NONE',  ( 24.59900000000001086, 10.30000000000000071, -81.16896198777733673 ) ) ;
#8520 = LINE ( 'NONE', #2305, #6503 ) ;
#8521 = EDGE_CURVE ( 'NONE', #6437, #7358, #432, .T. ) ;
#8522 = DIRECTION ( 'NONE',  ( -1.091021054073463647E-16, 0.000000000000000000, -1.000000000000000000 ) ) ;
#8523 = DIRECTION ( 'NONE',  ( 0.9680832949313026292, 0.000000000000000000, 0.2506286776786581516 ) ) ;
#8524 = LINE ( 'NONE', #4395, #424 ) ;
#8525 = EDGE_CURVE ( 'NONE', #5549, #4311, #5554, .T. ) ;
#8526 = VERTEX_POINT ( 'NONE', #4329 ) ;
#8527 = ORIENTED_EDGE ( 'NONE', *, *, #2522, .F. ) ;
#8528 = CARTESIAN_POINT ( 'NONE',  ( -52.86300000000001376, 10.30000000000000071, 0.000000000000000000 ) ) ;
#8529 = LINE ( 'NONE', #5247, #3695 ) ;
#8530 = ORIENTED_EDGE ( 'NONE', *, *, #8949, .F. ) ;
#8531 = ORIENTED_EDGE ( 'NONE', *, *, #6510, .F. ) ;
#8532 = CARTESIAN_POINT ( 'NONE',  ( 107.0000000000000426, 20.00000000000000000, -107.0000000000000284 ) ) ;
#8533 = CARTESIAN_POINT ( 'NONE',  ( -91.73046126523995270, 20.00000000000000000, 117.0000000000000000 ) ) ;
#8534 = CARTESIAN_POINT ( 'NONE',  ( -80.44999999999997442, -1.734723475976807094E-15, 1.387778780781445360E-14 ) ) ;
#8535 = VECTOR ( 'NONE', #2941, 1000.000000000000000 ) ;
#8536 = CARTESIAN_POINT ( 'NONE',  ( -38.64999999999998437, -312.4838379715732799, 38.65000000000001279 ) ) ;
#8537 = DIRECTION ( 'NONE',  ( 0.9063077870366512689, -0.4226182617406967768, 0.000000000000000000 ) ) ;
#8538 = FACE_OUTER_BOUND ( 'NONE', #2410, .T. ) ;
#8539 = ORIENTED_EDGE ( 'NONE', *, *, #6401, .T. ) ;
#8540 = ORIENTED_EDGE ( 'NONE', *, *, #1071, .T. ) ;
#8541 = VECTOR ( 'NONE', #663, 1000.000000000000000 ) ;
#8542 = DIRECTION ( 'NONE',  ( 1.000000000000000000, 0.000000000000000000, 1.955536093163145501E-16 ) ) ;
#8543 = EDGE_CURVE ( 'NONE', #1306, #4260, #210, .T. ) ;
#8544 = DIRECTION ( 'NONE',  ( -0.000000000000000000, -0.000000000000000000, -1.000000000000000000 ) ) ;
#8545 = ORIENTED_EDGE ( 'NONE', *, *, #7746, .T. ) ;
#8546 = DIRECTION ( 'NONE',  ( 5.399188538832130079E-17, 0.6427876096865482447, -0.7660444431189705750 ) ) ;
#8547 = VECTOR ( 'NONE', #5792, 1000.000000000000000 ) ;
#8548 = CARTESIAN_POINT ( 'NONE',  ( -83.91645229884062474, 12.30000000000000071, -96.36870304938427978 ) ) ;
#8549 = CARTESIAN_POINT ( 'NONE',  ( 94.27700000000005787, 10.30000000000000071, -101.0089619877773686 ) ) ;
#8550 = ORIENTED_EDGE ( 'NONE', *, *, #4165, .F. ) ;
#8551 = EDGE_LOOP ( 'NONE', ( #2090, #4506, #5536, #8252 ) ) ;
#8552 = VECTOR ( 'NONE', #8392, 1000.000000000000000 ) ;
#8553 = CARTESIAN_POINT ( 'NONE',  ( 8.190000000000033253, 10.30000000000000071, -100.0389619877773129 ) ) ;
#8554 = ADVANCED_FACE ( 'NONE', ( #2155 ), #5612, .T. ) ;
#8555 = CARTESIAN_POINT ( 'NONE',  ( -90.62854540391286662, 10.29999999999999716, -82.13623666937780854 ) ) ;
#8556 = CARTESIAN_POINT ( 'NONE',  ( 2.720000000000033058, 12.30000000000000071, -83.38896198777732138 ) ) ;
#8557 = DIRECTION ( 'NONE',  ( 1.000000000000000000, 0.000000000000000000, 6.226015167256373205E-17 ) ) ;
#8558 = DIRECTION ( 'NONE',  ( -0.9872388199285099253, 0.000000000000000000, -0.1592467030307479214 ) ) ;
#8559 = CARTESIAN_POINT ( 'NONE',  ( 1.901729919595342100, 10.29999999999999893, -81.47741391428368729 ) ) ;
#8560 = ORIENTED_EDGE ( 'NONE', *, *, #7282, .F. ) ;
#8561 = CARTESIAN_POINT ( 'NONE',  ( 24.07900000000001128, 10.30000000000000071, -101.0089619877773259 ) ) ;
#8562 = CIRCLE ( 'NONE', #2202, 10.00000000000000888 ) ;
#8563 = DIRECTION ( 'NONE',  ( 0.000000000000000000, -0.000000000000000000, -1.000000000000000000 ) ) ;
#8564 = DIRECTION ( 'NONE',  ( 0.000000000000000000, 0.9063077870366512689, -0.4226182617406967212 ) ) ;
#8565 = DIRECTION ( 'NONE',  ( -0.000000000000000000, 1.000000000000000000, -0.000000000000000000 ) ) ;
#8566 = DIRECTION ( 'NONE',  ( 1.000000000000000000, 0.000000000000000000, 1.955536093163145501E-16 ) ) ;
#8567 = CARTESIAN_POINT ( 'NONE',  ( 0.000000000000000000, 10.30000000000000071, -77.00896198777729751 ) ) ;
#8568 = EDGE_CURVE ( 'NONE', #2715, #3062, #4152, .T. ) ;
#8569 = ORIENTED_EDGE ( 'NONE', *, *, #1750, .T. ) ;
#8570 = CIRCLE ( 'NONE', #3643, 3.299999999999997158 ) ;
#8571 = EDGE_LOOP ( 'NONE', ( #2178, #1164, #4169, #2388 ) ) ;
#8572 = VERTEX_POINT ( 'NONE', #4924 ) ;
#8573 = CARTESIAN_POINT ( 'NONE',  ( -90.59250486435941241, 12.29999999999999893, -101.0089619781285109 ) ) ;
#8574 = ORIENTED_EDGE ( 'NONE', *, *, #1008, .F. ) ;
#8575 = VERTEX_POINT ( 'NONE', #167 ) ;
#8576 = CARTESIAN_POINT ( 'NONE',  ( -85.44999999999997442, -1.734723475976807094E-15, -75.45000000000000284 ) ) ;
#8577 = LINE ( 'NONE', #4452, #4858 ) ;
#8578 = FACE_OUTER_BOUND ( 'NONE', #2245, .T. ) ;
#8579 = FACE_OUTER_BOUND ( 'NONE', #5295, .T. ) ;
#8580 = ORIENTED_EDGE ( 'NONE', *, *, #5781, .T. ) ;
#8581 = ORIENTED_EDGE ( 'NONE', *, *, #8477, .T. ) ;
#8582 = CONICAL_SURFACE ( 'NONE', #4662, 8.321800737645393298, 0.6981317007977451139 ) ;
#8583 = PLANE ( 'NONE',  #1389 ) ;
#8584 = DIRECTION ( 'NONE',  ( 0.000000000000000000, 0.000000000000000000, 1.000000000000000000 ) ) ;
#8585 = ORIENTED_EDGE ( 'NONE', *, *, #1142, .F. ) ;
#8586 = FACE_OUTER_BOUND ( 'NONE', #3265, .T. ) ;
#8587 = CARTESIAN_POINT ( 'NONE',  ( -83.30722835027169992, 10.29999999999999893, -96.00874814445541006 ) ) ;
#8588 = CARTESIAN_POINT ( 'NONE',  ( -47.30000000000032401, 4.299999999999999822, 42.59999999999958931 ) ) ;
#8589 = ORIENTED_EDGE ( 'NONE', *, *, #764, .T. ) ;
#8590 = VERTEX_POINT ( 'NONE', #7691 ) ;
#8591 = ADVANCED_FACE ( 'NONE', ( #5607 ), #851, .T. ) ;
#8592 = CARTESIAN_POINT ( 'NONE',  ( -91.01921363451414493, 10.29999999999999893, -77.43007272092579285 ) ) ;
#8593 = ADVANCED_FACE ( 'NONE', ( #6363 ), #8320, .F. ) ;
#8594 = CARTESIAN_POINT ( 'NONE',  ( -88.66425111273758830, 12.29999999999999893, -76.76900583924737020 ) ) ;
#8595 = LINE ( 'NONE', #2251, #3635 ) ;
#8596 = CARTESIAN_POINT ( 'NONE',  ( 96.10634308895032518, 12.30000000000000071, -27.71066225731403776 ) ) ;
#8597 = CARTESIAN_POINT ( 'NONE',  ( 0.000000000000000000, 10.30000000000000071, -77.00896198777732593 ) ) ;
#8598 = CARTESIAN_POINT ( 'NONE',  ( 2.720000000000033058, 12.30000000000000249, -83.38896198777732138 ) ) ;
#8599 = EDGE_LOOP ( 'NONE', ( #3463, #7690, #3313, #710 ) ) ;
#8600 = LINE ( 'NONE', #7286, #1551 ) ;
#8601 = CARTESIAN_POINT ( 'NONE',  ( 52.73706338219438550, 12.29999999999999893, -85.91736112997251951 ) ) ;
#8602 = CARTESIAN_POINT ( 'NONE',  ( 0.000000000000000000, 12.30000000000000071, -101.0089619877773259 ) ) ;
#8603 = FACE_OUTER_BOUND ( 'NONE', #459, .T. ) ;
#8604 = EDGE_CURVE ( 'NONE', #5101, #1319, #1560, .T. ) ;
#8605 = FACE_OUTER_BOUND ( 'NONE', #4133, .T. ) ;
#8606 = ORIENTED_EDGE ( 'NONE', *, *, #5828, .F. ) ;
#8607 = EDGE_CURVE ( 'NONE', #8478, #965, #1431, .T. ) ;
#8608 = EDGE_LOOP ( 'NONE', ( #8413, #5757 ) ) ;
#8609 = DIRECTION ( 'NONE',  ( 0.1731268707254287609, 0.000000000000000000, -0.9848995312379941192 ) ) ;
#8610 = EDGE_LOOP ( 'NONE', ( #5916, #7388, #1209, #4636 ) ) ;
#8611 = EDGE_CURVE ( 'NONE', #4358, #2099, #7995, .T. ) ;
#8612 = EDGE_CURVE ( 'NONE', #2486, #6496, #1093, .T. ) ;
#8613 = EDGE_CURVE ( 'NONE', #7102, #2486, #6572, .T. ) ;
#8614 = EDGE_LOOP ( 'NONE', ( #1869, #3103, #6256, #5432 ) ) ;
#8615 = LINE ( 'NONE', #1768, #2322 ) ;
#8616 = CARTESIAN_POINT ( 'NONE',  ( 0.000000000000000000, 12.30000000000000071, -81.16896198777732252 ) ) ;
#8617 = EDGE_CURVE ( 'NONE', #6028, #3304, #2459, .T. ) ;
#8618 = FACE_OUTER_BOUND ( 'NONE', #5851, .T. ) ;
#8619 = AXIS2_PLACEMENT_3D ( 'NONE', #4058, #6913, #6814 ) ;
#8620 = DIRECTION ( 'NONE',  ( -0.000000000000000000, -1.000000000000000000, -0.000000000000000000 ) ) ;
#8621 = ORIENTED_EDGE ( 'NONE', *, *, #7857, .T. ) ;
#8622 = VECTOR ( 'NONE', #444, 1000.000000000000000 ) ;
#8623 = ORIENTED_EDGE ( 'NONE', *, *, #5128, .F. ) ;
#8624 = VECTOR ( 'NONE', #2366, 1000.000000000000114 ) ;
#8625 = VECTOR ( 'NONE', #6950, 1000.000000000000114 ) ;
#8626 = PLANE ( 'NONE',  #4134 ) ;
#8627 = EDGE_CURVE ( 'NONE', #824, #3271, #2375, .T. ) ;
#8628 = FACE_OUTER_BOUND ( 'NONE', #5572, .T. ) ;
#8629 = ORIENTED_EDGE ( 'NONE', *, *, #581, .T. ) ;
#8630 = VECTOR ( 'NONE', #501, 1000.000000000000000 ) ;
#8631 = CARTESIAN_POINT ( 'NONE',  ( 6.820612069157671514E-15, 2.000000000000000000, -96.77180073764540680 ) ) ;
#8632 = AXIS2_PLACEMENT_3D ( 'NONE', #4069, #2570, #5331 ) ;
#8633 = CARTESIAN_POINT ( 'NONE',  ( -80.89144691102325169, 12.30000000000000071, -92.45705901919477299 ) ) ;
#8634 = LINE ( 'NONE', #2419, #5826 ) ;
#8635 = ORIENTED_EDGE ( 'NONE', *, *, #7057, .F. ) ;
#8636 = ORIENTED_EDGE ( 'NONE', *, *, #7630, .F. ) ;
#8637 = AXIS2_PLACEMENT_3D ( 'NONE', #2120, #3651, #4251 ) ;
#8638 = DIRECTION ( 'NONE',  ( 0.000000000000000000, -0.000000000000000000, -1.000000000000000000 ) ) ;
#8639 = LINE ( 'NONE', #4512, #1379 ) ;
#8640 = CARTESIAN_POINT ( 'NONE',  ( -86.84200000000002717, 12.30000000000000071, -80.84896198777730092 ) ) ;
#8641 = CIRCLE ( 'NONE', #8212, 3.299999999999997158 ) ;
#8642 = PLANE ( 'NONE',  #368 ) ;
#8643 = DIRECTION ( 'NONE',  ( -0.1592467030307479214, 0.000000000000000000, 0.9872388199285099253 ) ) ;
#8644 = CARTESIAN_POINT ( 'NONE',  ( -86.81200000000002603, 12.30000000000000071, -76.68896198777730433 ) ) ;
#8645 = EDGE_LOOP ( 'NONE', ( #4456, #2464, #1108, #4144 ) ) ;
#8646 = LINE ( 'NONE', #3881, #5022 ) ;
#8647 = ADVANCED_FACE ( 'NONE', ( #4374 ), #6535, .F. ) ;
#8648 = CARTESIAN_POINT ( 'NONE',  ( 53.49729820731779029, 12.29999999999999893, -87.29422186869982170 ) ) ;
#8649 = DIRECTION ( 'NONE',  ( -6.484947573745073354E-17, 0.000000000000000000, 1.000000000000000000 ) ) ;
#8650 =( NAMED_UNIT ( * ) PLANE_ANGLE_UNIT ( ) SI_UNIT ( $, .RADIAN. ) );
#8651 = DIRECTION ( 'NONE',  ( 0.4226182617406967212, -0.9063077870366511579, 0.000000000000000000 ) ) ;
#8652 = DIRECTION ( 'NONE',  ( -1.000000000000000000, -0.000000000000000000, 3.491481338843133355E-15 ) ) ;
#8653 = ADVANCED_FACE ( 'NONE', ( #8586 ), #2330, .T. ) ;
#8654 = AXIS2_PLACEMENT_3D ( 'NONE', #771, #6288, #5626 ) ;
#8655 = ORIENTED_EDGE ( 'NONE', *, *, #4853, .T. ) ;
#8656 = ORIENTED_EDGE ( 'NONE', *, *, #3931, .F. ) ;
#8657 = DIRECTION ( 'NONE',  ( 1.000000000000000000, -0.000000000000000000, 0.000000000000000000 ) ) ;
#8658 = VERTEX_POINT ( 'NONE', #3149 ) ;
#8659 = ORIENTED_EDGE ( 'NONE', *, *, #1749, .T. ) ;
#8660 = CARTESIAN_POINT ( 'NONE',  ( -4.670851650850432080, 12.30000000000000249, -82.87780048377757680 ) ) ;
#8661 = FACE_OUTER_BOUND ( 'NONE', #4378, .T. ) ;
#8662 = DIRECTION ( 'NONE',  ( 0.000000000000000000, -0.000000000000000000, 1.000000000000000000 ) ) ;
#8663 = CARTESIAN_POINT ( 'NONE',  ( -88.45000000000004547, 0.000000000000000000, 88.44999999999998863 ) ) ;
#8664 = EDGE_CURVE ( 'NONE', #5633, #6978, #7133, .T. ) ;
#8665 = ORIENTED_EDGE ( 'NONE', *, *, #8008, .F. ) ;
#8666 = ORIENTED_EDGE ( 'NONE', *, *, #3529, .T. ) ;
#8667 = EDGE_CURVE ( 'NONE', #3532, #2223, #5140, .T. ) ;
#8668 = DIRECTION ( 'NONE',  ( -0.000000000000000000, -1.000000000000000000, -0.000000000000000000 ) ) ;
#8669 = CARTESIAN_POINT ( 'NONE',  ( 47.29999999999981952, 12.30000000000000071, 52.00000000000013500 ) ) ;
#8670 = EDGE_LOOP ( 'NONE', ( #8959, #5345, #530, #1661 ) ) ;
#8671 = CARTESIAN_POINT ( 'NONE',  ( -33.34999999999999432, 104.0000000000000142, -1.849999999999995648 ) ) ;
#8672 = VECTOR ( 'NONE', #5849, 1000.000000000000000 ) ;
#8673 = CARTESIAN_POINT ( 'NONE',  ( -81.83653863959993657, 12.30000000000000071, -94.52544826047609661 ) ) ;
#8674 = DIRECTION ( 'NONE',  ( 1.475563774321965542E-15, -0.9063077870366512689, 0.4226182617406967212 ) ) ;
#8675 = ORIENTED_EDGE ( 'NONE', *, *, #2804, .T. ) ;
#8676 = VERTEX_POINT ( 'NONE', #7952 ) ;
#8677 = ADVANCED_FACE ( 'NONE', ( #5220 ), #7224, .T. ) ;
#8678 = VECTOR ( 'NONE', #4977, 1000.000000000000000 ) ;
#8679 = CARTESIAN_POINT ( 'NONE',  ( -106.9999999999999858, -312.4838379715732799, -112.0000000000000000 ) ) ;
#8680 = CARTESIAN_POINT ( 'NONE',  ( -90.59250486435941241, 10.29999999999999893, -101.0089619781285109 ) ) ;
#8681 = CARTESIAN_POINT ( 'NONE',  ( -91.31700000000003570, 12.30000000000000071, -82.89896198777729808 ) ) ;
#8682 = EDGE_CURVE ( 'NONE', #2631, #4761, #6493, .T. ) ;
#8683 = EDGE_CURVE ( 'NONE', #8101, #3732, #6447, .T. ) ;
#8684 = CARTESIAN_POINT ( 'NONE',  ( 96.77180073764540680, 2.000000000000000000, -88.45000000000001705 ) ) ;
#8685 = LINE ( 'NONE', #6589, #2169 ) ;
#8686 = VERTEX_POINT ( 'NONE', #5184 ) ;
#8687 = CARTESIAN_POINT ( 'NONE',  ( -88.66425111273758830, 10.29999999999999893, -76.76900583924737020 ) ) ;
#8688 = ORIENTED_EDGE ( 'NONE', *, *, #6336, .F. ) ;
#8689 = CARTESIAN_POINT ( 'NONE',  ( -38.64999999999999147, -312.4838379715732799, -6.849999999999996980 ) ) ;
#8690 = CARTESIAN_POINT ( 'NONE',  ( 0.000000000000000000, 10.30000000000000071, -82.87396198777733503 ) ) ;
#8691 = DIRECTION ( 'NONE',  ( 8.659560562354979697E-17, 0.7071067811865439090, -0.7071067811865512365 ) ) ;
#8692 = CARTESIAN_POINT ( 'NONE',  ( 101.4500000000000171, -1.472316558442721972E-15, 106.4500000000000028 ) ) ;
#8693 = DIRECTION ( 'NONE',  ( 0.000000000000000000, 0.000000000000000000, -1.000000000000000000 ) ) ;
#8694 = EDGE_LOOP ( 'NONE', ( #2077, #4812, #3932, #8820 ) ) ;
#8695 = ORIENTED_EDGE ( 'NONE', *, *, #4016, .F. ) ;
#8696 = AXIS2_PLACEMENT_3D ( 'NONE', #7537, #6904, #7444 ) ;
#8697 = LINE ( 'NONE', #1039, #5730 ) ;
#8698 = ORIENTED_EDGE ( 'NONE', *, *, #7774, .T. ) ;
#8699 = EDGE_CURVE ( 'NONE', #4074, #1006, #7912, .T. ) ;
#8700 = VERTEX_POINT ( 'NONE', #4460 ) ;
#8701 = LINE ( 'NONE', #4574, #8108 ) ;
#8702 = CARTESIAN_POINT ( 'NONE',  ( -117.0000000000000000, 20.00000000000000000, 107.0000000000000000 ) ) ;
#8703 = CARTESIAN_POINT ( 'NONE',  ( 29.72900000000001697, 10.30000000000000071, -92.68896198777731854 ) ) ;
#8704 = DIRECTION ( 'NONE',  ( 0.000000000000000000, 0.000000000000000000, 1.000000000000000000 ) ) ;
#8705 = AXIS2_PLACEMENT_3D ( 'NONE', #6725, #6678, #481 ) ;
#8706 = AXIS2_PLACEMENT_3D ( 'NONE', #6424, #8395, #3583 ) ;
#8707 = EDGE_LOOP ( 'NONE', ( #4237, #3890, #8749, #8315 ) ) ;
#8708 = EDGE_LOOP ( 'NONE', ( #8359, #1764, #3363, #2010 ) ) ;
#8709 = DIRECTION ( 'NONE',  ( -0.8888729996029227642, 0.000000000000000000, -0.4581536757212609223 ) ) ;
#8710 = LINE ( 'NONE', #2500, #1825 ) ;
#8711 = VERTEX_POINT ( 'NONE', #1610 ) ;
#8712 = FACE_OUTER_BOUND ( 'NONE', #600, .T. ) ;
#8713 = DIRECTION ( 'NONE',  ( 0.4298607147750037050, 0.000000000000000000, -0.9028952131300302941 ) ) ;
#8714 = VECTOR ( 'NONE', #4804, 1000.000000000000000 ) ;
#8715 = PLANE ( 'NONE',  #6541 ) ;
#8716 = LINE ( 'NONE', #2505, #8144 ) ;
#8717 = VERTEX_POINT ( 'NONE', #3818 ) ;
#8718 = VECTOR ( 'NONE', #6209, 1000.000000000000000 ) ;
#8719 = ADVANCED_FACE ( 'NONE', ( #5098 ), #4542, .T. ) ;
#8720 = CARTESIAN_POINT ( 'NONE',  ( -90.06554416985633793, 10.29999999999999893, -77.09853245372090669 ) ) ;
#8721 = ADVANCED_FACE ( 'NONE', ( #257 ), #2503, .T. ) ;
#8722 = CARTESIAN_POINT ( 'NONE',  ( 71.86523063261998345, 16.00000000000000000, -117.0000000000000000 ) ) ;
#8723 = CARTESIAN_POINT ( 'NONE',  ( 51.78968710821857258, 12.30000000000000071, -77.73682393773059118 ) ) ;
#8724 = ADVANCED_FACE ( 'NONE', ( #3063 ), #6622, .T. ) ;
#8725 = EDGE_CURVE ( 'NONE', #4377, #5052, #8083, .T. ) ;
#8726 = CARTESIAN_POINT ( 'NONE',  ( -5.145129151502004561, 12.30000000000000071, -100.0195756962954334 ) ) ;
#8727 = LINE ( 'NONE', #8053, #3044 ) ;
#8728 = ORIENTED_EDGE ( 'NONE', *, *, #7185, .T. ) ;
#8729 = DIRECTION ( 'NONE',  ( -0.000000000000000000, -1.000000000000000000, -0.000000000000000000 ) ) ;
#8730 = ORIENTED_EDGE ( 'NONE', *, *, #3785, .T. ) ;
#8731 = DIRECTION ( 'NONE',  ( -0.000000000000000000, -0.000000000000000000, -1.000000000000000000 ) ) ;
#8732 = CARTESIAN_POINT ( 'NONE',  ( 50.50507531620850443, 12.30000000000000249, -90.76528025827946067 ) ) ;
#8733 = CARTESIAN_POINT ( 'NONE',  ( -89.86523063261998345, 16.00000000000000000, 117.0000000000000000 ) ) ;
#8734 = CARTESIAN_POINT ( 'NONE',  ( 6.387317127797724758, 12.30000000000000071, -79.35185100061414687 ) ) ;
#8735 = CARTESIAN_POINT ( 'NONE',  ( 101.4500000000000171, 2.000000000000000000, 101.4500000000000028 ) ) ;
#8736 = VERTEX_POINT ( 'NONE', #7440 ) ;
#8737 = CARTESIAN_POINT ( 'NONE',  ( 47.84799999999999898, 10.30000000000000071, -84.34896198777730092 ) ) ;
#8738 = VERTEX_POINT ( 'NONE', #3224 ) ;
#8739 = EDGE_LOOP ( 'NONE', ( #7682, #4271, #190, #8530 ) ) ;
#8740 = DIRECTION ( 'NONE',  ( 0.000000000000000000, -1.000000000000000000, 0.000000000000000000 ) ) ;
#8741 = FACE_OUTER_BOUND ( 'NONE', #3444, .T. ) ;
#8742 = DIRECTION ( 'NONE',  ( 0.000000000000000000, -0.7660444431189705750, 0.6427876096865482447 ) ) ;
#8743 = CARTESIAN_POINT ( 'NONE',  ( 101.4500000000000313, 2.000000000000000000, 109.7718007376454068 ) ) ;
#8744 = ORIENTED_EDGE ( 'NONE', *, *, #5688, .T. ) ;
#8745 = ORIENTED_EDGE ( 'NONE', *, *, #8436, .F. ) ;
#8746 = CARTESIAN_POINT ( 'NONE',  ( -38.64999999999999147, -312.4838379715732799, 6.850000000000004086 ) ) ;
#8747 = VECTOR ( 'NONE', #6822, 1000.000000000000000 ) ;
#8748 = CARTESIAN_POINT ( 'NONE',  ( 112.0000000000000142, -312.4838379715732799, 107.0000000000000000 ) ) ;
#8749 = ORIENTED_EDGE ( 'NONE', *, *, #8299, .F. ) ;
#8750 = CARTESIAN_POINT ( 'NONE',  ( 88.45000000000000284, 2.000000000000000000, 95.12819926235461310 ) ) ;
#8751 = CARTESIAN_POINT ( 'NONE',  ( -88.60312019403002637, 10.30000000000000071, -97.16855353654531768 ) ) ;
#8752 = CIRCLE ( 'NONE', #87, 9.999999999999994671 ) ;
#8753 = EDGE_CURVE ( 'NONE', #3124, #8101, #6030, .T. ) ;
#8754 = DIRECTION ( 'NONE',  ( -0.000000000000000000, 1.000000000000000000, -0.000000000000000000 ) ) ;
#8755 = VECTOR ( 'NONE', #6687, 1000.000000000000000 ) ;
#8756 = CARTESIAN_POINT ( 'NONE',  ( -86.37851280778565410, 10.29999999999999893, -80.84211434333838042 ) ) ;
#8757 = CARTESIAN_POINT ( 'NONE',  ( 0.000000000000000000, 10.30000000000000071, -101.0089619877782212 ) ) ;
#8758 = VECTOR ( 'NONE', #3175, 1000.000000000000000 ) ;
#8759 = ORIENTED_EDGE ( 'NONE', *, *, #8176, .T. ) ;
#8760 = VECTOR ( 'NONE', #8496, 1000.000000000000000 ) ;
#8761 = ORIENTED_EDGE ( 'NONE', *, *, #2126, .F. ) ;
#8762 = PLANE ( 'NONE',  #6441 ) ;
#8763 = VECTOR ( 'NONE', #4800, 1000.000000000000000 ) ;
#8764 = CARTESIAN_POINT ( 'NONE',  ( 0.02913372182865263393, 12.29999999999999893, -80.84497176836100607 ) ) ;
#8765 = ORIENTED_EDGE ( 'NONE', *, *, #1956, .T. ) ;
#8766 = CIRCLE ( 'NONE', #4143, 9.999999999999994671 ) ;
#8767 = AXIS2_PLACEMENT_3D ( 'NONE', #8309, #8265, #4137 ) ;
#8768 = CARTESIAN_POINT ( 'NONE',  ( 75.44999999999998863, 0.000000000000000000, -80.44999999999998863 ) ) ;
#8770 = EDGE_CURVE ( 'NONE', #6060, #4591, #118, .T. ) ;
#8769 = VECTOR ( 'NONE', #3815, 1000.000000000000000 ) ;
#8771 = AXIS2_PLACEMENT_3D ( 'NONE', #8689, #3245, #5240 ) ;
#8772 = DIRECTION ( 'NONE',  ( 0.000000000000000000, 0.000000000000000000, 1.000000000000000000 ) ) ;
#8773 = FACE_OUTER_BOUND ( 'NONE', #8204, .T. ) ;
#8774 = EDGE_CURVE ( 'NONE', #4713, #1807, #7360, .T. ) ;
#8775 = ORIENTED_EDGE ( 'NONE', *, *, #7349, .F. ) ;
#8776 = EDGE_CURVE ( 'NONE', #6862, #4400, #8170, .T. ) ;
#8777 = DIRECTION ( 'NONE',  ( -0.000000000000000000, -1.000000000000000000, 0.000000000000000000 ) ) ;
#8778 = AXIS2_PLACEMENT_3D ( 'NONE', #8426, #887, #2211 ) ;
#8779 = EDGE_CURVE ( 'NONE', #4260, #6795, #1864, .T. ) ;
#8780 = EDGE_LOOP ( 'NONE', ( #20, #290, #350, #1434 ) ) ;
#8781 = CARTESIAN_POINT ( 'NONE',  ( 107.0000000000000142, 20.00000000000000000, 107.0000000000000000 ) ) ;
#8782 = VECTOR ( 'NONE', #5773, 1000.000000000000000 ) ;
#8783 = CARTESIAN_POINT ( 'NONE',  ( 3.946324633265547721, 10.30000000000000071, -89.41803144676913462 ) ) ;
#8784 = CARTESIAN_POINT ( 'NONE',  ( 55.31963893544907762, 10.30000000000000071, -77.00816972969403196 ) ) ;
#8785 = DIRECTION ( 'NONE',  ( 0.000000000000000000, -0.000000000000000000, -1.000000000000000000 ) ) ;
#8786 = DIRECTION ( 'NONE',  ( -0.4226182617406967212, 0.9063077870366512689, 0.000000000000000000 ) ) ;
#8787 = ADVANCED_FACE ( 'NONE', ( #1911 ), #4026, .T. ) ;
#8788 = EDGE_CURVE ( 'NONE', #4528, #6119, #827, .T. ) ;
#8789 = LINE ( 'NONE', #8110, #7981 ) ;
#8790 = CARTESIAN_POINT ( 'NONE',  ( 51.31757991338199076, 12.30000000000000071, -91.30046065687052703 ) ) ;
#8791 = EDGE_LOOP ( 'NONE', ( #2916, #6429, #2217, #1265 ) ) ;
#8792 = ORIENTED_EDGE ( 'NONE', *, *, #6870, .T. ) ;
#8793 = EDGE_CURVE ( 'NONE', #8091, #2867, #3908, .T. ) ;
#8794 = DIRECTION ( 'NONE',  ( -0.000000000000000000, 1.000000000000000000, -0.000000000000000000 ) ) ;
#8795 = EDGE_CURVE ( 'NONE', #928, #7207, #4631, .T. ) ;
#8796 = PLANE ( 'NONE',  #8336 ) ;
#8797 = CARTESIAN_POINT ( 'NONE',  ( -7.518201448106932361, 10.30000000000000071, -92.25739125399108786 ) ) ;
#8798 = CARTESIAN_POINT ( 'NONE',  ( -47.30000000000032401, 10.90000000000000213, 47.29999999999965610 ) ) ;
#8799 = ORIENTED_EDGE ( 'NONE', *, *, #3692, .F. ) ;
#8800 = ORIENTED_EDGE ( 'NONE', *, *, #6654, .F. ) ;
#8801 = DIRECTION ( 'NONE',  ( 0.000000000000000000, 0.000000000000000000, 1.000000000000000000 ) ) ;
#8802 = DIRECTION ( 'NONE',  ( -0.000000000000000000, -1.000000000000000000, -0.000000000000000000 ) ) ;
#8803 = VERTEX_POINT ( 'NONE', #4769 ) ;
#8804 = CARTESIAN_POINT ( 'NONE',  ( 35.54999999999998295, 20.00000000000000000, 38.65000000000000568 ) ) ;
#8805 = CARTESIAN_POINT ( 'NONE',  ( 85.45000000000000284, -2.259537311044977340E-15, -75.45000000000000284 ) ) ;
#8806 = DIRECTION ( 'NONE',  ( 0.000000000000000000, 0.7660444431189704639, 0.6427876096865483557 ) ) ;
#8807 = CARTESIAN_POINT ( 'NONE',  ( -83.66046874600273497, 10.29999999999999893, -81.64684082610479265 ) ) ;
#8808 = LINE ( 'NONE', #5547, #2039 ) ;
#8809 = ORIENTED_EDGE ( 'NONE', *, *, #7343, .F. ) ;
#8810 = ORIENTED_EDGE ( 'NONE', *, *, #320, .F. ) ;
#8811 = CARTESIAN_POINT ( 'NONE',  ( -38.64999999999998437, -312.4838379715732799, 38.65000000000001279 ) ) ;
#8812 = DIRECTION ( 'NONE',  ( -0.8888729996029228753, 0.000000000000000000, -0.4581536757212609778 ) ) ;
#8813 = ORIENTED_EDGE ( 'NONE', *, *, #8568, .T. ) ;
#8814 = DIRECTION ( 'NONE',  ( 0.000000000000000000, 0.000000000000000000, 1.000000000000000000 ) ) ;
#8815 = EDGE_CURVE ( 'NONE', #1342, #2973, #2005, .T. ) ;
#8816 = DIRECTION ( 'NONE',  ( 0.000000000000000000, -0.6427876096865482447, 0.7660444431189705750 ) ) ;
#8817 = VECTOR ( 'NONE', #1253, 1000.000000000000000 ) ;
#8818 = LINE ( 'NONE', #5954, #5146 ) ;
#8819 = CARTESIAN_POINT ( 'NONE',  ( -78.60345906065818156, 10.29999999999999893, -98.25210936209178669 ) ) ;
#8820 = ORIENTED_EDGE ( 'NONE', *, *, #8422, .F. ) ;
#8821 = CARTESIAN_POINT ( 'NONE',  ( 0.000000000000000000, 12.30000000000000071, -88.16396198777729865 ) ) ;
#8822 = AXIS2_PLACEMENT_3D ( 'NONE', #4386, #7142, #5787 ) ;
#8823 = ORIENTED_EDGE ( 'NONE', *, *, #3027, .T. ) ;
#8824 = CARTESIAN_POINT ( 'NONE',  ( -2.691062453750032279, 10.30000000000000249, -96.15631725014800679 ) ) ;
#8825 = CARTESIAN_POINT ( 'NONE',  ( 3.203875819492147059, 10.30000000000000071, -89.90340584793686673 ) ) ;
#8826 = FACE_OUTER_BOUND ( 'NONE', #5038, .T. ) ;
#8827 = CARTESIAN_POINT ( 'NONE',  ( 4.320603200163122715, 12.30000000000000071, -77.64664453620308393 ) ) ;
#8828 = DIRECTION ( 'NONE',  ( 0.000000000000000000, -0.000000000000000000, 1.000000000000000000 ) ) ;
#8829 = AXIS2_PLACEMENT_3D ( 'NONE', #8208, #8740, #5971 ) ;
#8830 = LINE ( 'NONE', #8294, #6811 ) ;
#8831 = DIRECTION ( 'NONE',  ( 0.000000000000000000, 1.000000000000000000, 0.000000000000000000 ) ) ;
#8832 = ORIENTED_EDGE ( 'NONE', *, *, #7119, .T. ) ;
#8833 = LINE ( 'NONE', #722, #8763 ) ;
#8834 = ORIENTED_EDGE ( 'NONE', *, *, #2299, .F. ) ;
#8835 = DIRECTION ( 'NONE',  ( -0.000000000000000000, 0.000000000000000000, 1.000000000000000000 ) ) ;
#8836 = EDGE_CURVE ( 'NONE', #7088, #4466, #3412, .T. ) ;
#8837 = EDGE_CURVE ( 'NONE', #5168, #1141, #7399, .T. ) ;
#8838 = CARTESIAN_POINT ( 'NONE',  ( 106.4500000000000171, 0.000000000000000000, 101.4500000000000028 ) ) ;
#8839 = LINE ( 'NONE', #8703, #3208 ) ;
#8840 = DIRECTION ( 'NONE',  ( -0.000000000000000000, 1.000000000000000000, -0.000000000000000000 ) ) ;
#8841 = EDGE_LOOP ( 'NONE', ( #2052, #8894, #5282, #3848 ) ) ;
#8842 = ORIENTED_EDGE ( 'NONE', *, *, #5179, .T. ) ;
#8843 = CARTESIAN_POINT ( 'NONE',  ( -3.219999999999967777, 12.30000000000000249, -94.59396198777730547 ) ) ;
#8844 = CARTESIAN_POINT ( 'NONE',  ( -67.59863898960414019, 12.30000000000000071, 6.850000000000004974 ) ) ;
#8845 = ORIENTED_EDGE ( 'NONE', *, *, #8604, .T. ) ;
#8846 = FACE_OUTER_BOUND ( 'NONE', #3317, .T. ) ;
#8847 = CARTESIAN_POINT ( 'NONE',  ( 41.41339236820244452, 12.30000000000000071, -6.680193346157653700 ) ) ;
#8848 = VECTOR ( 'NONE', #8383, 1000.000000000000000 ) ;
#8849 = LINE ( 'NONE', #7534, #3214 ) ;
#8850 = CARTESIAN_POINT ( 'NONE',  ( -0.3999999999999681033, 12.29999999999999893, -76.68896198777730433 ) ) ;
#8851 = FACE_OUTER_BOUND ( 'NONE', #1086, .T. ) ;
#8852 = VERTEX_POINT ( 'NONE', #3274 ) ;
#8853 = ORIENTED_EDGE ( 'NONE', *, *, #6685, .F. ) ;
#8854 = CARTESIAN_POINT ( 'NONE',  ( 64.45300000000001717, 10.30000000000000071, -77.00896198777732593 ) ) ;
#8855 = VECTOR ( 'NONE', #3527, 1000.000000000000000 ) ;
#8856 = CARTESIAN_POINT ( 'NONE',  ( -77.36172522647746064, 10.29999999999999893, -81.67847270287337835 ) ) ;
#8857 = ORIENTED_EDGE ( 'NONE', *, *, #4383, .T. ) ;
#8858 = FACE_OUTER_BOUND ( 'NONE', #6126, .T. ) ;
#8859 = AXIS2_PLACEMENT_3D ( 'NONE', #4771, #4632, #4816 ) ;
#8860 = FACE_OUTER_BOUND ( 'NONE', #1465, .T. ) ;
#8861 = EDGE_CURVE ( 'NONE', #7982, #1118, #3504, .T. ) ;
#8862 = CARTESIAN_POINT ( 'NONE',  ( -2.661889374871509784, 10.29999999999999893, -100.9758143847235061 ) ) ;
#8863 = CARTESIAN_POINT ( 'NONE',  ( -101.4500000000000171, 0.000000000000000000, -106.4500000000000171 ) ) ;
#8864 = ORIENTED_EDGE ( 'NONE', *, *, #5585, .F. ) ;
#8865 = EDGE_CURVE ( 'NONE', #3779, #2490, #8641, .T. ) ;
#8866 = B_SPLINE_CURVE_WITH_KNOTS ( 'NONE', 3,
 ( #5412, #8956, #4642, #2742, #8182, #1971, #1875, #6040, #2695 ),
 .UNSPECIFIED., .F., .F.,
 ( 4, 1, 1, 1, 1, 1, 4 ),
 ( 0.000000000000000000, 0.2248799438149796659, 0.3356868275375052280, 0.4512428397804887914, 0.5719263944897128304, 0.7025392767042049069, 1.000000000000000000 ),
 .UNSPECIFIED. ) ;
#8867 = CARTESIAN_POINT ( 'NONE',  ( 99.27826237330735637, 10.30000000000000071, -25.70231275669579318 ) ) ;
#8868 = ORIENTED_EDGE ( 'NONE', *, *, #7115, .F. ) ;
#8869 = CARTESIAN_POINT ( 'NONE',  ( 88.45000000000001705, 2.000000000000000000, 96.77180073764540680 ) ) ;
#8870 = DIRECTION ( 'NONE',  ( 0.000000000000000000, -0.000000000000000000, 1.000000000000000000 ) ) ;
#8871 = CARTESIAN_POINT ( 'NONE',  ( 91.73046126523996691, 20.00000000000000000, 117.0000000000000000 ) ) ;
#8872 = DIRECTION ( 'NONE',  ( 0.000000000000000000, 0.000000000000000000, 1.000000000000000000 ) ) ;
#8873 = DIRECTION ( 'NONE',  ( -0.000000000000000000, 1.000000000000000000, -0.000000000000000000 ) ) ;
#8874 = PRODUCT_DEFINITION_SHAPE ( 'NONE', 'NONE',  #6718 ) ;
#8875 = CARTESIAN_POINT ( 'NONE',  ( -5.751818784298963649, 12.29999999999999893, -99.61361715360496305 ) ) ;
#8876 = CARTESIAN_POINT ( 'NONE',  ( -107.0000000000000000, 12.29999999999997762, 112.0000000000000000 ) ) ;
#8877 = VERTEX_POINT ( 'NONE', #8408 ) ;
#8878 = DIRECTION ( 'NONE',  ( -0.000000000000000000, -0.000000000000000000, -1.000000000000000000 ) ) ;
#8879 = ADVANCED_FACE ( 'NONE', ( #694 ), #4956, .T. ) ;
#8880 = ORIENTED_EDGE ( 'NONE', *, *, #7878, .T. ) ;
#8881 = DIRECTION ( 'NONE',  ( 0.000000000000000000, 0.000000000000000000, -1.000000000000000000 ) ) ;
#8882 = ADVANCED_FACE ( 'NONE', ( #69 ), #2146, .F. ) ;
#8883 = DIRECTION ( 'NONE',  ( 0.000000000000000000, 0.000000000000000000, -1.000000000000000000 ) ) ;
#8884 = CARTESIAN_POINT ( 'NONE',  ( -7.704390919590080600, 10.30000000000000071, -92.72937885561047722 ) ) ;
#8885 = CARTESIAN_POINT ( 'NONE',  ( 7.661307975381458135, 12.30000000000000249, -100.2523833129255735 ) ) ;
#8886 = ORIENTED_EDGE ( 'NONE', *, *, #7536, .F. ) ;
#8887 = ORIENTED_EDGE ( 'NONE', *, *, #1642, .F. ) ;
#8888 = EDGE_CURVE ( 'NONE', #7669, #5307, #6900, .T. ) ;
#8889 = ADVANCED_FACE ( 'NONE', ( #117 ), #4319, .F. ) ;
#8890 = EDGE_CURVE ( 'NONE', #3607, #5760, #3458, .T. ) ;
#8891 = EDGE_CURVE ( 'NONE', #5904, #5488, #4643, .T. ) ;
#8892 = CARTESIAN_POINT ( 'NONE',  ( -1.251590126030330073E-14, 10.30000000000000071, -101.0089619877773117 ) ) ;
#8893 = LINE ( 'NONE', #3407, #3707 ) ;
#8894 = ORIENTED_EDGE ( 'NONE', *, *, #2714, .F. ) ;
#8895 = ORIENTED_EDGE ( 'NONE', *, *, #2070, .T. ) ;
#8896 = CARTESIAN_POINT ( 'NONE',  ( -93.39200000000002433, 10.30000000000000071, -100.2039619877773049 ) ) ;
#8897 = DIRECTION ( 'NONE',  ( -1.000000000000000000, 0.000000000000000000, 2.036359179429854203E-16 ) ) ;
#8898 = DIRECTION ( 'NONE',  ( 0.000000000000000000, 0.000000000000000000, 1.000000000000000000 ) ) ;
#8899 = CARTESIAN_POINT ( 'NONE',  ( -81.41701720175096568, 10.29999999999999893, -84.06502548811671716 ) ) ;
#8900 = PLANE ( 'NONE',  #4224 ) ;
#8901 = EDGE_LOOP ( 'NONE', ( #3586, #2826, #4531, #8857 ) ) ;
#8902 = VERTEX_POINT ( 'NONE', #5638 ) ;
#8903 = VECTOR ( 'NONE', #7269, 1000.000000000000000 ) ;
#8904 = EDGE_CURVE ( 'NONE', #8711, #3685, #2161, .T. ) ;
#8905 = DIRECTION ( 'NONE',  ( 0.000000000000000000, 0.7660444431189730174, 0.6427876096865452471 ) ) ;
#8906 = DIRECTION ( 'NONE',  ( -0.000000000000000000, 1.000000000000000000, -0.000000000000000000 ) ) ;
#8907 = ORIENTED_EDGE ( 'NONE', *, *, #5455, .T. ) ;
#8908 = DIRECTION ( 'NONE',  ( 0.000000000000000000, -0.000000000000000000, 1.000000000000000000 ) ) ;
#8909 = CARTESIAN_POINT ( 'NONE',  ( 82.12819926235459889, 2.000000000000000000, -75.44999999999998863 ) ) ;
#8910 = AXIS2_PLACEMENT_3D ( 'NONE', #6360, #7686, #5727 ) ;
#8911 = CARTESIAN_POINT ( 'NONE',  ( -38.25899999999997902, 10.30000000000000071, -77.00896198777729751 ) ) ;
#8912 = DIRECTION ( 'NONE',  ( 1.000000000000000000, 0.000000000000000000, 0.000000000000000000 ) ) ;
#8913 = AXIS2_PLACEMENT_3D ( 'NONE', #895, #5191, #8003 ) ;
#8914 = VERTEX_POINT ( 'NONE', #2046 ) ;
#8915 = CIRCLE ( 'NONE', #3697, 3.299999999999997158 ) ;
#8916 = VECTOR ( 'NONE', #689, 1000.000000000000000 ) ;
#8917 = CARTESIAN_POINT ( 'NONE',  ( 0.000000000000000000, 10.30000000000000071, -92.36896198777732536 ) ) ;
#8918 = VERTEX_POINT ( 'NONE', #4815 ) ;
#8919 = CARTESIAN_POINT ( 'NONE',  ( 48.12671084024881196, 10.30000000000000071, -81.94469111801100780 ) ) ;
#8920 = B_SPLINE_CURVE_WITH_KNOTS ( 'NONE', 3,
 ( #8280, #2063, #4828, #3474 ),
 .UNSPECIFIED., .F., .F.,
 ( 4, 4 ),
 ( 0.000000000000000000, 0.4620076935843898669 ),
 .UNSPECIFIED. ) ;
#8921 = VECTOR ( 'NONE', #3147, 1000.000000000000000 ) ;
#8922 = LINE ( 'NONE', #7603, #8747 ) ;
#8923 = CARTESIAN_POINT ( 'NONE',  ( 54.42933348409925287, 12.30000000000000071, -77.06183932432485051 ) ) ;
#8924 = DIRECTION ( 'NONE',  ( 0.000000000000000000, -1.000000000000000000, 0.000000000000000000 ) ) ;
#8925 = CARTESIAN_POINT ( 'NONE',  ( -91.73046126523995270, 20.00000000000000000, -112.0000000000000000 ) ) ;
#8926 = VECTOR ( 'NONE', #3835, 1000.000000000000000 ) ;
#8927 = EDGE_CURVE ( 'NONE', #2955, #7525, #7585, .T. ) ;
#8928 = CARTESIAN_POINT ( 'NONE',  ( 89.86523063261998345, 16.00000000000000000, 112.0000000000000000 ) ) ;
#8929 = CARTESIAN_POINT ( 'NONE',  ( -47.30000000000032401, 4.299999999999999822, 51.99999999999972289 ) ) ;
#8930 = VERTEX_POINT ( 'NONE', #2777 ) ;
#8931 = CARTESIAN_POINT ( 'NONE',  ( -8.044999999999969731, 12.30000000000000071, -94.67896198777731342 ) ) ;
#8932 = EDGE_LOOP ( 'NONE', ( #6158, #4179, #6686, #6665 ) ) ;
#8933 = DIRECTION ( 'NONE',  ( 0.000000000000000000, 1.000000000000000000, 0.000000000000000000 ) ) ;
#8934 = CARTESIAN_POINT ( 'NONE',  ( -84.82786055485176746, 12.29999999999999893, -81.12303644544962822 ) ) ;
#8935 = CARTESIAN_POINT ( 'NONE',  ( 0.000000000000000000, 12.30000000000000071, -77.00896198777732593 ) ) ;
#8936 = DIRECTION ( 'NONE',  ( -1.000000000000000000, 0.000000000000000000, 0.000000000000000000 ) ) ;
#8937 = AXIS2_PLACEMENT_3D ( 'NONE', #6315, #127, #1570 ) ;
#8938 = ORIENTED_EDGE ( 'NONE', *, *, #3931, .T. ) ;
#8939 = EDGE_LOOP ( 'NONE', ( #6621, #5761, #7596, #645 ) ) ;
#8940 = DIRECTION ( 'NONE',  ( -0.000000000000000000, -1.000000000000000000, -0.000000000000000000 ) ) ;
#8941 = CARTESIAN_POINT ( 'NONE',  ( -30.49899999999997036, 10.30000000000000071, -93.30835063406551910 ) ) ;
#8942 = ORIENTED_EDGE ( 'NONE', *, *, #7170, .T. ) ;
#8943 = VERTEX_POINT ( 'NONE', #4863 ) ;
#8944 = CARTESIAN_POINT ( 'NONE',  ( 7.356717734028397793, 12.30000000000000249, -84.88882685095654779 ) ) ;
#8945 = CARTESIAN_POINT ( 'NONE',  ( 47.90309419322787221, 10.30000000000000249, -85.82982652085034658 ) ) ;
#8946 = CARTESIAN_POINT ( 'NONE',  ( 0.000000000000000000, 10.30000000000000071, -101.0089619877773259 ) ) ;
#8947 = LINE ( 'NONE', #5498, #3314 ) ;
#8948 = LINE ( 'NONE', #8131, #604 ) ;
#8949 = EDGE_CURVE ( 'NONE', #6070, #999, #7784, .T. ) ;
#8950 = ORIENTED_EDGE ( 'NONE', *, *, #5392, .F. ) ;
#8951 = ORIENTED_EDGE ( 'NONE', *, *, #196, .F. ) ;
#8952 = VECTOR ( 'NONE', #7932, 1000.000000000000000 ) ;
#8953 = CARTESIAN_POINT ( 'NONE',  ( 88.45000000000000284, 2.000000000000000000, 88.45000000000000284 ) ) ;
#8954 = CARTESIAN_POINT ( 'NONE',  ( -82.13124043181869638, 12.29999999999999893, -77.47268422154984080 ) ) ;
#8955 = ORIENTED_EDGE ( 'NONE', *, *, #3027, .F. ) ;
#8956 = CARTESIAN_POINT ( 'NONE',  ( -3.222315958992008511, 10.30000000000000071, -94.34105057843093789 ) ) ;
#8957 = CARTESIAN_POINT ( 'NONE',  ( 4.929862573838073914, 10.29999999999999893, -77.98857073433269704 ) ) ;
#8958 = EDGE_CURVE ( 'NONE', #2044, #2774, #3809, .T. ) ;
#8959 = ORIENTED_EDGE ( 'NONE', *, *, #43, .T. ) ;
#8960 = CARTESIAN_POINT ( 'NONE',  ( -87.94359959426023465, 10.29999999999999716, -80.91589988765126407 ) ) ;
#8961 = CARTESIAN_POINT ( 'NONE',  ( 93.45000000000000284, 0.000000000000000000, 0.000000000000000000 ) ) ;
#8962 = ORIENTED_EDGE ( 'NONE', *, *, #6892, .F. ) ;
#8963 = ADVANCED_FACE ( 'NONE', ( #3136 ), #1079, .F. ) ;
#8964 = DIRECTION ( 'NONE',  ( 0.6427876096865482447, 0.7660444431189705750, 0.000000000000000000 ) ) ;
#8965 = ORIENTED_EDGE ( 'NONE', *, *, #6143, .F. ) ;
#8966 = DIRECTION ( 'NONE',  ( 0.000000000000000000, 0.000000000000000000, 1.000000000000000000 ) ) ;
#8967 = B_SPLINE_CURVE_WITH_KNOTS ( 'NONE', 3,
 ( #3246, #6005, #8825, #8783, #1199, #2613, #2800, #5519, #2754, #3687, #5734, #4067, #3385, #8288, #1983, #1344, #6961 ),
 .UNSPECIFIED., .F., .F.,
 ( 4, 1, 1, 1, 1, 1, 1, 1, 1, 1, 1, 1, 1, 1, 4 ),
 ( 0.000000000000000000, 0.1451066443975278231, 0.2147296114008372669, 0.2817772694285636814, 0.3475495626799744997, 0.4112488609658360716, 0.4738400290931584768, 0.5355444545366856435, 0.5959373116963867512, 0.6550630449235163022, 0.7128526612453670586, 0.7698900182157222272, 0.8267032105715752532, 0.8840348292901286653, 1.000000000000000000 ),
 .UNSPECIFIED. ) ;
#8968 = VECTOR ( 'NONE', #5195, 1000.000000000000000 ) ;
#8969 = DIRECTION ( 'NONE',  ( -1.108264867920856625E-16, -0.4999999999999987232, -0.8660254037844393737 ) ) ;
#8970 = CARTESIAN_POINT ( 'NONE',  ( 112.0000000000000142, 20.00000000000000000, 91.73046126523955479 ) ) ;
ENDSEC;
END-ISO-10303-21;
