ISO-10303-21;
HEADER;
FILE_DESCRIPTION (( 'STEP AP214' ),
    '1' );
FILE_NAME ('Forearm up - ÁªÖáÆ÷D32d8°æ±¾',
    '2026-07-05T06:07:56',
    ( '' ),
    ( '' ),
    'SwSTEP 2.0',
    'SolidWorks 2026',
    '' );
FILE_SCHEMA (( 'AUTOMOTIVE_DESIGN' ));
ENDSEC;

DATA;
#1 = DIRECTION ( 'NONE',  ( -1.000000000000000000, 0.000000000000000000, 0.000000000000000000 ) ) ;
#2 = LINE ( 'NONE', #1252, #1544 ) ;
#3 = DIRECTION ( 'NONE',  ( -1.000000000000000000, -0.000000000000000000, -0.000000000000000000 ) ) ;
#4 = ORIENTED_EDGE ( 'NONE', *, *, #468, .T. ) ;
#5 = DIRECTION ( 'NONE',  ( 1.000000000000000000, 0.000000000000000000, -6.217646867300384409E-16 ) ) ;
#6 = FACE_OUTER_BOUND ( 'NONE', #3786, .T. ) ;
#7 = EDGE_CURVE ( 'NONE', #2410, #2722, #5423, .T. ) ;
#8 = EDGE_CURVE ( 'NONE', #1059, #2862, #3860, .T. ) ;
#9 = DIRECTION ( 'NONE',  ( -1.467375195723603756E-30, 0.000000000000000000, -1.000000000000000000 ) ) ;
#10 = ORIENTED_EDGE ( 'NONE', *, *, #5154, .T. ) ;
#11 = ORIENTED_EDGE ( 'NONE', *, *, #1329, .T. ) ;
#12 = AXIS2_PLACEMENT_3D ( 'NONE', #5540, #2995, #1736 ) ;
#13 = DIRECTION ( 'NONE',  ( -0.000000000000000000, -0.000000000000000000, -1.000000000000000000 ) ) ;
#14 = FACE_OUTER_BOUND ( 'NONE', #4441, .T. ) ;
#15 = CARTESIAN_POINT ( 'NONE',  ( 50.89514804236019785, -39.79785578486993103, -8.752133225851636666 ) ) ;
#16 = EDGE_CURVE ( 'NONE', #1356, #4605, #97, .T. ) ;
#17 = AXIS2_PLACEMENT_3D ( 'NONE', #299, #4517, #5051 ) ;
#18 = ORIENTED_EDGE ( 'NONE', *, *, #4534, .F. ) ;
#19 = DIRECTION ( 'NONE',  ( 0.000000000000000000, 0.000000000000000000, -1.000000000000000000 ) ) ;
#20 = ORIENTED_EDGE ( 'NONE', *, *, #3759, .T. ) ;
#21 = CARTESIAN_POINT ( 'NONE',  ( 60.00000000000000000, -57.18147956208619576, 50.97570028453421997 ) ) ;
#22 = CARTESIAN_POINT ( 'NONE',  ( 54.80000000000011084, -69.35331204931708271, -42.00000000000003553 ) ) ;
#23 = EDGE_LOOP ( 'NONE', ( #1032, #4106, #5164, #4194 ) ) ;
#24 = DIRECTION ( 'NONE',  ( -0.7071067811865517916, -0.7071067811865433539, -0.000000000000000000 ) ) ;
#25 = ORIENTED_EDGE ( 'NONE', *, *, #102, .T. ) ;
#26 = DIRECTION ( 'NONE',  ( 0.000000000000000000, 0.000000000000000000, -1.000000000000000000 ) ) ;
#27 = PLANE ( 'NONE',  #4809 ) ;
#28 = CARTESIAN_POINT ( 'NONE',  ( -96.19999999999997442, -69.35331204931708271, 1.012730321745886291E-13 ) ) ;
#29 = EDGE_LOOP ( 'NONE', ( #1075, #2375, #3162, #3286 ) ) ;
#30 = ORIENTED_EDGE ( 'NONE', *, *, #4420, .T. ) ;
#31 = DIRECTION ( 'NONE',  ( 1.000000000000000000, -0.000000000000000000, -0.000000000000000000 ) ) ;
#32 = EDGE_CURVE ( 'NONE', #1779, #2635, #1429, .T. ) ;
#33 = VECTOR ( 'NONE', #3043, 1000.000000000000000 ) ;
#34 = AXIS2_PLACEMENT_3D ( 'NONE', #1152, #4506, #707 ) ;
#35 = DIRECTION ( 'NONE',  ( 0.000000000000000000, 0.000000000000000000, -1.000000000000000000 ) ) ;
#36 = LINE ( 'NONE', #4651, #3279 ) ;
#37 = ORIENTED_EDGE ( 'NONE', *, *, #4603, .T. ) ;
#38 = EDGE_CURVE ( 'NONE', #1474, #765, #1170, .T. ) ;
#39 = VECTOR ( 'NONE', #518, 1000.000000000000000 ) ;
#40 = AXIS2_PLACEMENT_3D ( 'NONE', #3993, #4836, #984 ) ;
#41 = SHAPE_DEFINITION_REPRESENTATION ( #3114, #160 ) ;
#42 = ORIENTED_EDGE ( 'NONE', *, *, #903, .F. ) ;
#43 = CARTESIAN_POINT ( 'NONE',  ( 50.18808331631544917, -36.63437161758102434, -0.9999999999999245048 ) ) ;
#44 = FACE_OUTER_BOUND ( 'NONE', #4516, .T. ) ;
#45 = VECTOR ( 'NONE', #2696, 1000.000000000000114 ) ;
#46 = DIRECTION ( 'NONE',  ( 1.000000000000000000, 9.598933135901296437E-32, -5.256737805990325036E-16 ) ) ;
#47 = AXIS2_PLACEMENT_3D ( 'NONE', #1665, #488, #1240 ) ;
#48 = ORIENTED_EDGE ( 'NONE', *, *, #2529, .T. ) ;
#49 = DIRECTION ( 'NONE',  ( -0.7071067811865507924, 0.000000000000000000, 0.7071067811865441310 ) ) ;
#50 = ORIENTED_EDGE ( 'NONE', *, *, #3352, .F. ) ;
#51 = CARTESIAN_POINT ( 'NONE',  ( 36.50000000000000000, 8.000000000000000000, -5.500000000000011546 ) ) ;
#52 = AXIS2_PLACEMENT_3D ( 'NONE', #222, #5425, #2320 ) ;
#53 = CARTESIAN_POINT ( 'NONE',  ( 0.000000000000000000, 0.000000000000000000, -34.19999999999998863 ) ) ;
#54 = VERTEX_POINT ( 'NONE', #2754 ) ;
#55 = DIRECTION ( 'NONE',  ( -0.04430961977791336714, 0.9990178464848046280, 2.755015686034141289E-17 ) ) ;
#56 = DIRECTION ( 'NONE',  ( 3.304235192336775512E-16, -2.514091994169284236E-16, 1.000000000000000000 ) ) ;
#57 = CARTESIAN_POINT ( 'NONE',  ( 64.00000000000001421, -76.00000000000002842, -39.00000000000000000 ) ) ;
#58 = CARTESIAN_POINT ( 'NONE',  ( 52.00000000000002132, -108.0000000000000000, -27.84999999999997655 ) ) ;
#59 = ORIENTED_EDGE ( 'NONE', *, *, #2384, .F. ) ;
#60 = DIRECTION ( 'NONE',  ( 1.000000000000000000, 9.598933135901296437E-32, -5.256737805990325036E-16 ) ) ;
#61 = VECTOR ( 'NONE', #3928, 1000.000000000000000 ) ;
#62 = LINE ( 'NONE', #1318, #2729 ) ;
#63 = EDGE_CURVE ( 'NONE', #933, #3751, #2493, .T. ) ;
#64 = CARTESIAN_POINT ( 'NONE',  ( -5.204170427930423650E-15, 0.000000000000000000, -32.25000000000000000 ) ) ;
#65 = VERTEX_POINT ( 'NONE', #2065 ) ;
#66 = VERTEX_POINT ( 'NONE', #3359 ) ;
#67 = ADVANCED_FACE ( 'NONE', ( #4160 ), #308, .T. ) ;
#68 = DIRECTION ( 'NONE',  ( 1.000000000000000000, -0.000000000000000000, -0.000000000000000000 ) ) ;
#69 = AXIS2_PLACEMENT_3D ( 'NONE', #723, #1933, #5457 ) ;
#70 = ORIENTED_EDGE ( 'NONE', *, *, #867, .F. ) ;
#71 = CONICAL_SURFACE ( 'NONE', #3368, 16.50000000000000000, 0.7853981633974552734 ) ;
#72 = ORIENTED_EDGE ( 'NONE', *, *, #4214, .T. ) ;
#73 = DIRECTION ( 'NONE',  ( -1.652117596168386277E-16, -0.000000000000000000, 1.000000000000000000 ) ) ;
#74 = ORIENTED_EDGE ( 'NONE', *, *, #1605, .F. ) ;
#75 = ADVANCED_FACE ( 'NONE', ( #4617 ), #5211, .T. ) ;
#76 = DIRECTION ( 'NONE',  ( 3.304235192336776005E-16, 0.000000000000000000, 1.000000000000000000 ) ) ;
#77 = ORIENTED_EDGE ( 'NONE', *, *, #5113, .T. ) ;
#78 = CARTESIAN_POINT ( 'NONE',  ( 64.00000000000001421, -76.00000000000002842, -0.9999999999999624745 ) ) ;
#79 = ORIENTED_EDGE ( 'NONE', *, *, #938, .T. ) ;
#80 = FACE_OUTER_BOUND ( 'NONE', #2019, .T. ) ;
#81 = DIRECTION ( 'NONE',  ( -0.2181262695449070477, 0.9759205554421027662, -0.000000000000000000 ) ) ;
#82 = CARTESIAN_POINT ( 'NONE',  ( 52.00000000000002132, -87.00000000000000000, -19.10000000000003695 ) ) ;
#83 = ORIENTED_EDGE ( 'NONE', *, *, #4744, .F. ) ;
#84 = ORIENTED_EDGE ( 'NONE', *, *, #533, .F. ) ;
#85 = DIRECTION ( 'NONE',  ( 0.000000000000000000, 0.000000000000000000, -1.000000000000000000 ) ) ;
#86 = CARTESIAN_POINT ( 'NONE',  ( 60.00000000000001421, -3.928198973604922983, -7.199999999999997513 ) ) ;
#87 = PLANE ( 'NONE',  #421 ) ;
#88 = ORIENTED_EDGE ( 'NONE', *, *, #4903, .T. ) ;
#89 = EDGE_LOOP ( 'NONE', ( #1715, #5250, #2598, #1422 ) ) ;
#90 = CARTESIAN_POINT ( 'NONE',  ( 60.27433276148052954, 8.000000000000000000, -15.60000000000000675 ) ) ;
#91 = ORIENTED_EDGE ( 'NONE', *, *, #1970, .F. ) ;
#92 = EDGE_CURVE ( 'NONE', #4011, #564, #1071, .T. ) ;
#93 = ORIENTED_EDGE ( 'NONE', *, *, #4650, .T. ) ;
#94 = CARTESIAN_POINT ( 'NONE',  ( 63.06835443566141919, -76.02065057137701842, -0.06835443566140426974 ) ) ;
#95 = ORIENTED_EDGE ( 'NONE', *, *, #290, .F. ) ;
#96 = EDGE_CURVE ( 'NONE', #2288, #5475, #4588, .T. ) ;
#97 = CIRCLE ( 'NONE', #3496, 1.375000000000001332 ) ;
#98 = PLANE ( 'NONE',  #4961 ) ;
#99 = ORIENTED_EDGE ( 'NONE', *, *, #4977, .T. ) ;
#100 = ORIENTED_EDGE ( 'NONE', *, *, #497, .F. ) ;
#101 = CARTESIAN_POINT ( 'NONE',  ( 0.000000000000000000, 0.000000000000000000, -23.39999999999999147 ) ) ;
#102 = EDGE_CURVE ( 'NONE', #5272, #4251, #3595, .T. ) ;
#103 = DIRECTION ( 'NONE',  ( 1.000000000000000000, 0.000000000000000000, 0.000000000000000000 ) ) ;
#104 = EDGE_LOOP ( 'NONE', ( #5546, #4410, #557, #486 ) ) ;
#105 = CARTESIAN_POINT ( 'NONE',  ( 63.00000000000001421, -87.00000000000000000, -30.50000000000004263 ) ) ;
#106 = ORIENTED_EDGE ( 'NONE', *, *, #878, .T. ) ;
#107 = CARTESIAN_POINT ( 'NONE',  ( 42.58159558283757207, -2.602121630877943126, -19.04431656748078083 ) ) ;
#108 = CARTESIAN_POINT ( 'NONE',  ( 5.499999999999989342, 0.000000000000000000, -36.50000000000000711 ) ) ;
#109 = VERTEX_POINT ( 'NONE', #3733 ) ;
#110 = ORIENTED_EDGE ( 'NONE', *, *, #1623, .F. ) ;
#111 = AXIS2_PLACEMENT_3D ( 'NONE', #2306, #621, #3974 ) ;
#112 = LINE ( 'NONE', #3159, #2905 ) ;
#113 = ORIENTED_EDGE ( 'NONE', *, *, #5002, .T. ) ;
#114 = ADVANCED_FACE ( 'NONE', ( #275 ), #5479, .F. ) ;
#115 = VECTOR ( 'NONE', #5522, 1000.000000000000000 ) ;
#116 = VERTEX_POINT ( 'NONE', #2466 ) ;
#117 = CARTESIAN_POINT ( 'NONE',  ( 50.18808331631544917, -36.63437161758102434, -9.009483739831503968 ) ) ;
#118 = ORIENTED_EDGE ( 'NONE', *, *, #3618, .F. ) ;
#119 = DIRECTION ( 'NONE',  ( -1.000000000000000000, 0.000000000000000000, -0.000000000000000000 ) ) ;
#120 = ORIENTED_EDGE ( 'NONE', *, *, #4728, .T. ) ;
#121 = AXIS2_PLACEMENT_3D ( 'NONE', #1631, #370, #704 ) ;
#122 = CIRCLE ( 'NONE', #2270, 16.49999999999999645 ) ;
#123 = ORIENTED_EDGE ( 'NONE', *, *, #4404, .F. ) ;
#124 = CARTESIAN_POINT ( 'NONE',  ( 5.499999999999991118, 8.000000000000000000, -5.500000000000011546 ) ) ;
#125 = ADVANCED_FACE ( 'NONE', ( #2014 ), #1794, .F. ) ;
#126 = AXIS2_PLACEMENT_3D ( 'NONE', #3030, #4704, #1324 ) ;
#127 = DIRECTION ( 'NONE',  ( -0.000000000000000000, -0.000000000000000000, 1.000000000000000000 ) ) ;
#128 = CARTESIAN_POINT ( 'NONE',  ( 42.00000000000000000, 0.000000000000000000, -19.50000000000000355 ) ) ;
#129 = PLANE ( 'NONE',  #5094 ) ;
#130 = VECTOR ( 'NONE', #1737, 1000.000000000000000 ) ;
#131 = VERTEX_POINT ( 'NONE', #2432 ) ;
#132 = EDGE_CURVE ( 'NONE', #307, #499, #982, .T. ) ;
#133 = DIRECTION ( 'NONE',  ( 0.000000000000000000, 0.000000000000000000, 1.000000000000000000 ) ) ;
#134 = CARTESIAN_POINT ( 'NONE',  ( 60.00000000000000711, -35.92819897360492121, -26.40000000000000213 ) ) ;
#135 = DIRECTION ( 'NONE',  ( 0.000000000000000000, 1.000000000000000000, 0.000000000000000000 ) ) ;
#136 = VERTEX_POINT ( 'NONE', #5452 ) ;
#137 = VERTEX_POINT ( 'NONE', #3301 ) ;
#138 = AXIS2_PLACEMENT_3D ( 'NONE', #4642, #4182, #357 ) ;
#139 = CARTESIAN_POINT ( 'NONE',  ( 64.00000000000001421, -76.00000000000002842, -15.60000000000000675 ) ) ;
#140 = LINE ( 'NONE', #3132, #4899 ) ;
#141 = VERTEX_POINT ( 'NONE', #5030 ) ;
#142 = AXIS2_PLACEMENT_3D ( 'NONE', #3373, #2952, #4262 ) ;
#143 = ORIENTED_EDGE ( 'NONE', *, *, #4595, .T. ) ;
#144 = VECTOR ( 'NONE', #5427, 1000.000000000000000 ) ;
#145 = DIRECTION ( 'NONE',  ( 0.000000000000000000, 0.000000000000000000, 1.000000000000000000 ) ) ;
#146 = DIRECTION ( 'NONE',  ( -5.028183988338568473E-16, 0.000000000000000000, -1.000000000000000000 ) ) ;
#147 = VERTEX_POINT ( 'NONE', #4190 ) ;
#148 = DIRECTION ( 'NONE',  ( 1.000000000000000000, -0.000000000000000000, -0.000000000000000000 ) ) ;
#149 = ORIENTED_EDGE ( 'NONE', *, *, #4474, .F. ) ;
#150 = AXIS2_PLACEMENT_3D ( 'NONE', #1787, #4848, #5195 ) ;
#151 = EDGE_LOOP ( 'NONE', ( #5267, #4757, #4296, #353 ) ) ;
#152 = DIRECTION ( 'NONE',  ( 1.000000000000000000, -0.000000000000000000, 0.000000000000000000 ) ) ;
#153 = CIRCLE ( 'NONE', #3285, 1.375000000000001332 ) ;
#154 = DIRECTION ( 'NONE',  ( 1.000000000000000000, 0.000000000000000000, -8.704705614220536398E-16 ) ) ;
#155 = CARTESIAN_POINT ( 'NONE',  ( 4.199999999999999289, 0.000000000000000000, -0.9999999999999731326 ) ) ;
#156 = FACE_OUTER_BOUND ( 'NONE', #1595, .T. ) ;
#157 = VERTEX_POINT ( 'NONE', #2043 ) ;
#158 = DIRECTION ( 'NONE',  ( 0.000000000000000000, 0.000000000000000000, -1.000000000000000000 ) ) ;
#159 = DIRECTION ( 'NONE',  ( 1.000000000000000000, 0.000000000000000000, -8.704705614220536398E-16 ) ) ;
#160 = ADVANCED_BREP_SHAPE_REPRESENTATION ( 'Forearm up - \X2\80548f745668\X0\D32d8\X2\7248672c\X0\', ( #2233, #4293 ), #1134 ) ;
#161 = CARTESIAN_POINT ( 'NONE',  ( 48.15353161276343030, -9.999999999999994671, -39.00000000000000000 ) ) ;
#162 = ORIENTED_EDGE ( 'NONE', *, *, #3337, .T. ) ;
#163 = VERTEX_POINT ( 'NONE', #4648 ) ;
#164 = EDGE_CURVE ( 'NONE', #3501, #1266, #4774, .T. ) ;
#165 = CARTESIAN_POINT ( 'NONE',  ( 5.499999999999989342, 8.000000000000000000, -34.80000000000000426 ) ) ;
#166 = DIRECTION ( 'NONE',  ( 1.000000000000000000, -0.000000000000000000, -0.000000000000000000 ) ) ;
#167 = ORIENTED_EDGE ( 'NONE', *, *, #4925, .F. ) ;
#168 = CARTESIAN_POINT ( 'NONE',  ( 59.39999999999999858, -88.87499999999997158, -11.50000000000003020 ) ) ;
#169 = DIRECTION ( 'NONE',  ( 0.000000000000000000, -1.000000000000000000, -0.000000000000000000 ) ) ;
#170 = FACE_OUTER_BOUND ( 'NONE', #1836, .T. ) ;
#171 = CARTESIAN_POINT ( 'NONE',  ( 42.00000000000000711, -9.999999999999994671, -9.750000000000005329 ) ) ;
#172 = VERTEX_POINT ( 'NONE', #3473 ) ;
#173 = ORIENTED_EDGE ( 'NONE', *, *, #7, .F. ) ;
#174 = FACE_OUTER_BOUND ( 'NONE', #3966, .T. ) ;
#175 = AXIS2_PLACEMENT_3D ( 'NONE', #2858, #2941, #1565 ) ;
#176 = DIRECTION ( 'NONE',  ( -0.000000000000000000, -1.000000000000000000, -0.000000000000000000 ) ) ;
#177 = DIRECTION ( 'NONE',  ( 1.000000000000000000, 9.598933135901296437E-32, -5.256737805990325036E-16 ) ) ;
#178 = VECTOR ( 'NONE', #4579, 1000.000000000000000 ) ;
#179 = DIRECTION ( 'NONE',  ( 0.000000000000000000, 0.000000000000000000, -1.000000000000000000 ) ) ;
#180 = VERTEX_POINT ( 'NONE', #3411 ) ;
#181 = DIRECTION ( 'NONE',  ( 0.000000000000000000, 1.000000000000000000, 0.000000000000000000 ) ) ;
#182 = EDGE_CURVE ( 'NONE', #5507, #1284, #1683, .T. ) ;
#183 = ADVANCED_FACE ( 'NONE', ( #1339 ), #2210, .T. ) ;
#184 = CARTESIAN_POINT ( 'NONE',  ( 41.99999999999999289, 0.000000000000000000, -4.400000000000000355 ) ) ;
#185 = DIRECTION ( 'NONE',  ( -1.000000000000000000, 1.841791997293421075E-16, 0.000000000000000000 ) ) ;
#186 = ORIENTED_EDGE ( 'NONE', *, *, #4208, .F. ) ;
#187 = ORIENTED_EDGE ( 'NONE', *, *, #2408, .F. ) ;
#188 = EDGE_CURVE ( 'NONE', #3887, #2317, #3216, .T. ) ;
#189 = LINE ( 'NONE', #1905, #1103 ) ;
#190 = CYLINDRICAL_SURFACE ( 'NONE', #52, 1.930000000000001048 ) ;
#191 = LINE ( 'NONE', #1304, #4991 ) ;
#192 = ORIENTED_EDGE ( 'NONE', *, *, #2376, .T. ) ;
#193 = VECTOR ( 'NONE', #1918, 1000.000000000000000 ) ;
#194 = CARTESIAN_POINT ( 'NONE',  ( 52.00000000000002132, -46.18523055774773667, -37.59999999999997300 ) ) ;
#195 = ADVANCED_FACE ( 'NONE', ( #5143 ), #1286, .F. ) ;
#196 = EDGE_CURVE ( 'NONE', #2629, #2396, #4241, .T. ) ;
#197 = LINE ( 'NONE', #2780, #1455 ) ;
#198 = CARTESIAN_POINT ( 'NONE',  ( 52.00000000000002132, -46.18523055774767272, -27.84999999999997655 ) ) ;
#199 = VECTOR ( 'NONE', #5083, 1000.000000000000114 ) ;
#200 = CIRCLE ( 'NONE', #4250, 1.375000000000001332 ) ;
#201 = AXIS2_PLACEMENT_3D ( 'NONE', #3766, #4309, #840 ) ;
#202 = VERTEX_POINT ( 'NONE', #2130 ) ;
#203 = DIRECTION ( 'NONE',  ( 1.000000000000000000, 0.000000000000000000, -1.734723475976805517E-15 ) ) ;
#204 = CARTESIAN_POINT ( 'NONE',  ( 59.89999999999997726, -88.37500000000000000, -9.250000000000033751 ) ) ;
#205 = CIRCLE ( 'NONE', #2001, 1.929999999999997717 ) ;
#206 = CARTESIAN_POINT ( 'NONE',  ( 4.200000000000000178, 1.000000000000000888, -42.00000000000000000 ) ) ;
#207 = ORIENTED_EDGE ( 'NONE', *, *, #5106, .T. ) ;
#208 = AXIS2_PLACEMENT_3D ( 'NONE', #2440, #4167, #316 ) ;
#209 = DIRECTION ( 'NONE',  ( -1.000000000000000000, 0.000000000000000000, -0.000000000000000000 ) ) ;
#210 = ORIENTED_EDGE ( 'NONE', *, *, #1911, .F. ) ;
#211 = AXIS2_PLACEMENT_3D ( 'NONE', #90, #4337, #3912 ) ;
#212 = DIRECTION ( 'NONE',  ( -0.000000000000000000, -0.000000000000000000, 1.000000000000000000 ) ) ;
#213 = LINE ( 'NONE', #2338, #5326 ) ;
#214 = DIRECTION ( 'NONE',  ( 0.000000000000000000, 0.000000000000000000, 1.000000000000000000 ) ) ;
#215 = DIRECTION ( 'NONE',  ( 1.000000000000000000, -1.841791997293421075E-16, -0.000000000000000000 ) ) ;
#216 = VERTEX_POINT ( 'NONE', #5170 ) ;
#217 = AXIS2_PLACEMENT_3D ( 'NONE', #1983, #3706, #1568 ) ;
#218 = CARTESIAN_POINT ( 'NONE',  ( 60.87867965644037582, -45.44951931716452265, -23.40000000000000568 ) ) ;
#219 = ORIENTED_EDGE ( 'NONE', *, *, #2681, .F. ) ;
#220 = DIRECTION ( 'NONE',  ( 0.3420201433256651602, 0.000000000000000000, 0.9396926207859097602 ) ) ;
#221 = CIRCLE ( 'NONE', #3172, 12.99999999999999467 ) ;
#222 = CARTESIAN_POINT ( 'NONE',  ( 59.80000000000001847, -7.228198973604922806, -10.52249999999999908 ) ) ;
#223 = LINE ( 'NONE', #5007, #4647 ) ;
#224 = EDGE_LOOP ( 'NONE', ( #4675, #785, #3062, #995, #514 ) ) ;
#225 = VECTOR ( 'NONE', #3900, 1000.000000000000227 ) ;
#226 = ADVANCED_FACE ( 'NONE', ( #1256 ), #912, .T. ) ;
#227 = DIRECTION ( 'NONE',  ( 0.9781476007338054668, 0.2079116908177600642, 0.000000000000000000 ) ) ;
#228 = EDGE_CURVE ( 'NONE', #2945, #3940, #4304, .T. ) ;
#229 = DIRECTION ( 'NONE',  ( 3.304235192336775512E-16, -5.392922723243960303E-16, 1.000000000000000000 ) ) ;
#230 = CARTESIAN_POINT ( 'NONE',  ( 64.00000000000001421, -89.37500000000000000, -11.50000000000003020 ) ) ;
#231 = DIRECTION ( 'NONE',  ( 0.000000000000000000, 1.000000000000000000, 0.000000000000000000 ) ) ;
#232 = EDGE_CURVE ( 'NONE', #3260, #3843, #1523, .T. ) ;
#233 = AXIS2_PLACEMENT_3D ( 'NONE', #5481, #2100, #2067 ) ;
#234 = ORIENTED_EDGE ( 'NONE', *, *, #4834, .T. ) ;
#235 = LINE ( 'NONE', #2418, #3147 ) ;
#236 = EDGE_CURVE ( 'NONE', #163, #1360, #3953, .T. ) ;
#237 = CARTESIAN_POINT ( 'NONE',  ( 5.499999999999991118, 0.000000000000000000, -7.200000000000011724 ) ) ;
#238 = CARTESIAN_POINT ( 'NONE',  ( 59.39999999999999858, -86.99999999999998579, -21.00000000000003553 ) ) ;
#239 = DIRECTION ( 'NONE',  ( 3.304235192336776005E-16, 0.000000000000000000, 1.000000000000000000 ) ) ;
#240 = ORIENTED_EDGE ( 'NONE', *, *, #5344, .F. ) ;
#241 = DIRECTION ( 'NONE',  ( 0.000000000000000000, 1.000000000000000000, 0.000000000000000000 ) ) ;
#242 = EDGE_LOOP ( 'NONE', ( #4457, #1682, #448 ) ) ;
#243 = AXIS2_PLACEMENT_3D ( 'NONE', #662, #3700, #1929 ) ;
#244 = DIRECTION ( 'NONE',  ( 1.000000000000000000, 0.000000000000000000, -6.433411566536498763E-16 ) ) ;
#245 = CARTESIAN_POINT ( 'NONE',  ( 54.80000000000000426, -86.99999999999998579, -21.00000000000003553 ) ) ;
#246 = DIRECTION ( 'NONE',  ( -5.028183988338568473E-16, 2.514091994169284236E-16, -1.000000000000000000 ) ) ;
#247 = EDGE_LOOP ( 'NONE', ( #1117, #5294, #5295, #2999, #820 ) ) ;
#248 = VECTOR ( 'NONE', #1089, 999.9999999999998863 ) ;
#249 = ORIENTED_EDGE ( 'NONE', *, *, #1623, .T. ) ;
#250 = FACE_OUTER_BOUND ( 'NONE', #3731, .T. ) ;
#251 = CARTESIAN_POINT ( 'NONE',  ( 43.05499388327440613, -9.999999999999998224, -2.999999999999988898 ) ) ;
#252 = FACE_BOUND ( 'NONE', #560, .T. ) ;
#253 = ORIENTED_EDGE ( 'NONE', *, *, #1745, .F. ) ;
#254 = DIRECTION ( 'NONE',  ( -1.000000000000000000, 0.000000000000000000, 0.000000000000000000 ) ) ;
#255 = CARTESIAN_POINT ( 'NONE',  ( 5.499999999999991118, 0.000000000000000000, -5.500000000000011546 ) ) ;
#256 = DIRECTION ( 'NONE',  ( -1.000000000000000000, 0.000000000000000000, 8.704705614220535412E-16 ) ) ;
#257 = ADVANCED_FACE ( 'NONE', ( #3905 ), #2630, .F. ) ;
#258 = FACE_OUTER_BOUND ( 'NONE', #3408, .T. ) ;
#259 = ORIENTED_EDGE ( 'NONE', *, *, #2915, .F. ) ;
#260 = EDGE_CURVE ( 'NONE', #4093, #3995, #4276, .T. ) ;
#261 = DIRECTION ( 'NONE',  ( 0.000000000000000000, -1.000000000000000000, 0.000000000000000000 ) ) ;
#262 = DIRECTION ( 'NONE',  ( 0.000000000000000000, -0.000000000000000000, 1.000000000000000000 ) ) ;
#263 = CYLINDRICAL_SURFACE ( 'NONE', #1846, 3.000000000000002665 ) ;
#264 = ADVANCED_FACE ( 'NONE', ( #502 ), #5222, .T. ) ;
#265 = DIRECTION ( 'NONE',  ( 0.9990178464848046280, 0.04430961977791336714, 0.000000000000000000 ) ) ;
#266 = CARTESIAN_POINT ( 'NONE',  ( 52.00000000000002132, -88.37500000000000000, -30.50000000000004263 ) ) ;
#267 = ORIENTED_EDGE ( 'NONE', *, *, #3220, .T. ) ;
#268 = CARTESIAN_POINT ( 'NONE',  ( 50.18808331631544917, -36.63437161758102434, -0.9999999999999245048 ) ) ;
#269 = DIRECTION ( 'NONE',  ( -0.000000000000000000, -0.000000000000000000, 1.000000000000000000 ) ) ;
#270 = DIRECTION ( 'NONE',  ( -0.000000000000000000, -1.000000000000000000, -0.000000000000000000 ) ) ;
#271 = ORIENTED_EDGE ( 'NONE', *, *, #1601, .F. ) ;
#272 = AXIS2_PLACEMENT_3D ( 'NONE', #1505, #1053, #547 ) ;
#273 = DIRECTION ( 'NONE',  ( -0.000000000000000000, -0.000000000000000000, 1.000000000000000000 ) ) ;
#274 = VERTEX_POINT ( 'NONE', #5197 ) ;
#275 = FACE_OUTER_BOUND ( 'NONE', #4333, .T. ) ;
#276 = CARTESIAN_POINT ( 'NONE',  ( 54.80000000000003268, -87.00000000000000000, -42.00000000000003553 ) ) ;
#277 = DIRECTION ( 'NONE',  ( -1.000000000000000000, -8.673617379884033500E-16, 0.000000000000000000 ) ) ;
#278 = DIRECTION ( 'NONE',  ( -0.2810846377148343844, -0.6785983445458461105, 0.6785983445458421137 ) ) ;
#279 = ORIENTED_EDGE ( 'NONE', *, *, #2033, .F. ) ;
#280 = LINE ( 'NONE', #5429, #248 ) ;
#281 = DIRECTION ( 'NONE',  ( 0.000000000000000000, 1.000000000000000000, 0.000000000000000000 ) ) ;
#282 = DIRECTION ( 'NONE',  ( -0.2079116908177600920, 0.9781476007338054668, 0.000000000000000000 ) ) ;
#283 = EDGE_CURVE ( 'NONE', #3904, #3503, #1317, .T. ) ;
#284 = DIRECTION ( 'NONE',  ( -1.000000000000000000, 0.000000000000000000, 0.000000000000000000 ) ) ;
#285 = ADVANCED_FACE ( 'NONE', ( #4750 ), #1789, .T. ) ;
#286 = ORIENTED_EDGE ( 'NONE', *, *, #2564, .F. ) ;
#287 = DIRECTION ( 'NONE',  ( -0.000000000000000000, -0.000000000000000000, -1.000000000000000000 ) ) ;
#288 = AXIS2_PLACEMENT_3D ( 'NONE', #635, #863, #1229 ) ;
#289 = VECTOR ( 'NONE', #320, 1000.000000000000000 ) ;
#290 = EDGE_CURVE ( 'NONE', #5062, #5158, #390, .T. ) ;
#291 = LINE ( 'NONE', #2055, #3821 ) ;
#292 = LINE ( 'NONE', #1439, #4616 ) ;
#293 = ORIENTED_EDGE ( 'NONE', *, *, #3276, .T. ) ;
#294 = VECTOR ( 'NONE', #2308, 1000.000000000000114 ) ;
#295 = CARTESIAN_POINT ( 'NONE',  ( 5.499999999999991118, 8.000000000000000000, -5.500000000000011546 ) ) ;
#296 = EDGE_CURVE ( 'NONE', #337, #2288, #3586, .T. ) ;
#297 = ORIENTED_EDGE ( 'NONE', *, *, #2719, .F. ) ;
#298 = EDGE_CURVE ( 'NONE', #4605, #2604, #604, .T. ) ;
#299 = CARTESIAN_POINT ( 'NONE',  ( 60.00000000000001421, 8.000000000000000000, -3.469446951953614189E-14 ) ) ;
#300 = CIRCLE ( 'NONE', #2263, 2.375000000000002220 ) ;
#301 = VECTOR ( 'NONE', #2587, 1000.000000000000000 ) ;
#302 = DIRECTION ( 'NONE',  ( -0.000000000000000000, 0.000000000000000000, -1.000000000000000000 ) ) ;
#303 = CARTESIAN_POINT ( 'NONE',  ( 42.00000000000000711, -9.999999999999994671, -2.631835035486266772E-15 ) ) ;
#304 = ORIENTED_EDGE ( 'NONE', *, *, #5069, .T. ) ;
#305 = EDGE_CURVE ( 'NONE', #1817, #2380, #2739, .T. ) ;
#306 = AXIS2_PLACEMENT_3D ( 'NONE', #5100, #1720, #4315 ) ;
#307 = VERTEX_POINT ( 'NONE', #2654 ) ;
#308 = PLANE ( 'NONE',  #2869 ) ;
#309 = CARTESIAN_POINT ( 'NONE',  ( 42.00000000000000711, -0.000000000000000000, 6.938893903907223644E-15 ) ) ;
#310 = PLANE ( 'NONE',  #4796 ) ;
#311 = EDGE_CURVE ( 'NONE', #1284, #968, #1845, .T. ) ;
#312 = AXIS2_PLACEMENT_3D ( 'NONE', #4781, #4810, #2266 ) ;
#313 = CARTESIAN_POINT ( 'NONE',  ( 53.80000000000001137, -52.79447807108846291, 33.00000000000000711 ) ) ;
#314 = ORIENTED_EDGE ( 'NONE', *, *, #981, .F. ) ;
#315 = FACE_OUTER_BOUND ( 'NONE', #669, .T. ) ;
#316 = DIRECTION ( 'NONE',  ( -1.000000000000000000, 1.156482317317870344E-14, 0.000000000000000000 ) ) ;
#317 = CARTESIAN_POINT ( 'NONE',  ( 0.000000000000000000, 0.000000000000000000, 0.000000000000000000 ) ) ;
#318 = CARTESIAN_POINT ( 'NONE',  ( 42.00000000000000711, -9.999999999999994671, -4.400000000000000355 ) ) ;
#319 = VERTEX_POINT ( 'NONE', #2337 ) ;
#320 = DIRECTION ( 'NONE',  ( 0.000000000000000000, 0.000000000000000000, -1.000000000000000000 ) ) ;
#321 = DIRECTION ( 'NONE',  ( 0.000000000000000000, 0.000000000000000000, 1.000000000000000000 ) ) ;
#322 = DIRECTION ( 'NONE',  ( 0.000000000000000000, 0.000000000000000000, 1.000000000000000000 ) ) ;
#323 = ORIENTED_EDGE ( 'NONE', *, *, #372, .F. ) ;
#324 = ADVANCED_FACE ( 'NONE', ( #1870 ), #2235, .F. ) ;
#325 = CARTESIAN_POINT ( 'NONE',  ( 5.499999999999991118, 0.000000000000000000, -3.800000000000011369 ) ) ;
#326 = ORIENTED_EDGE ( 'NONE', *, *, #1250, .F. ) ;
#327 = VECTOR ( 'NONE', #2777, 1000.000000000000000 ) ;
#328 = FACE_OUTER_BOUND ( 'NONE', #1302, .T. ) ;
#329 = EDGE_LOOP ( 'NONE', ( #3038, #3466, #4280, #4998 ) ) ;
#330 = CARTESIAN_POINT ( 'NONE',  ( 63.80000000000001137, -35.92819897360492831, -15.60000000000000853 ) ) ;
#331 = CIRCLE ( 'NONE', #2651, 18.00000000000000000 ) ;
#332 = CARTESIAN_POINT ( 'NONE',  ( 60.27433276148052954, 8.000000000000000000, -23.40000000000000568 ) ) ;
#333 = LINE ( 'NONE', #3783, #384 ) ;
#334 = VERTEX_POINT ( 'NONE', #996 ) ;
#335 = CARTESIAN_POINT ( 'NONE',  ( 4.249651130712128300, 7.119868433152378273, -41.88013156684763771 ) ) ;
#336 = VECTOR ( 'NONE', #3844, 1000.000000000000114 ) ;
#337 = VERTEX_POINT ( 'NONE', #1026 ) ;
#338 = CARTESIAN_POINT ( 'NONE',  ( 59.90000000000002700, -85.62499999999998579, -32.75000000000003553 ) ) ;
#339 = CARTESIAN_POINT ( 'NONE',  ( 53.80000000000001137, -87.00000000000000000, -41.00000000000000000 ) ) ;
#340 = VECTOR ( 'NONE', #2200, 1000.000000000000000 ) ;
#341 = CYLINDRICAL_SURFACE ( 'NONE', #1400, 3.000000000000002665 ) ;
#342 = ORIENTED_EDGE ( 'NONE', *, *, #2304, .T. ) ;
#343 = EDGE_CURVE ( 'NONE', #499, #2222, #4033, .T. ) ;
#344 = EDGE_CURVE ( 'NONE', #849, #4575, #4847, .T. ) ;
#345 = PLANE ( 'NONE',  #1916 ) ;
#346 = DIRECTION ( 'NONE',  ( -0.000000000000000000, -0.000000000000000000, -1.000000000000000000 ) ) ;
#347 = EDGE_LOOP ( 'NONE', ( #3698, #2686, #2264, #2677 ) ) ;
#348 = CARTESIAN_POINT ( 'NONE',  ( 59.39999999999999858, -88.87500000000001421, -32.75000000000003553 ) ) ;
#349 = CARTESIAN_POINT ( 'NONE',  ( -20.99999999999998934, -87.00000000000000000, -3.469446951953614189E-14 ) ) ;
#350 = DIRECTION ( 'NONE',  ( 0.000000000000000000, 0.000000000000000000, -1.000000000000000000 ) ) ;
#351 = ORIENTED_EDGE ( 'NONE', *, *, #2175, .T. ) ;
#352 = LINE ( 'NONE', #2454, #1643 ) ;
#353 = ORIENTED_EDGE ( 'NONE', *, *, #4650, .F. ) ;
#354 = DIRECTION ( 'NONE',  ( -0.000000000000000000, -1.000000000000000000, -0.000000000000000000 ) ) ;
#355 = ORIENTED_EDGE ( 'NONE', *, *, #432, .T. ) ;
#356 = CARTESIAN_POINT ( 'NONE',  ( 52.00000000000001421, -9.999999999999994671, -8.349999999999997868 ) ) ;
#357 = DIRECTION ( 'NONE',  ( -1.000000000000000000, 0.000000000000000000, 0.000000000000000000 ) ) ;
#358 = DIRECTION ( 'NONE',  ( 1.652117596168386277E-16, 0.000000000000000000, -1.000000000000000000 ) ) ;
#359 = ORIENTED_EDGE ( 'NONE', *, *, #3649, .T. ) ;
#360 = EDGE_CURVE ( 'NONE', #319, #3652, #4062, .T. ) ;
#361 = ADVANCED_FACE ( 'NONE', ( #2680 ), #3179, .F. ) ;
#362 = CARTESIAN_POINT ( 'NONE',  ( 52.00000000000002132, -88.37500000000000000, -9.250000000000035527 ) ) ;
#363 = DIRECTION ( 'NONE',  ( 0.000000000000000000, 0.000000000000000000, -1.000000000000000000 ) ) ;
#364 = CLOSED_SHELL ( 'NONE', ( #3064, #125, #1634, #3809, #4967, #3233, #3916, #5345, #1574, #5098, #4932, #4078, #4027, #2747, #4361, #4860, #2627, #2773, #2239, #195, #4565, #2271, #1041, #1697, #596, #2184, #440, #2438, #3737, #3111, #4355, #1553, #3765, #803, #642, #446, #2174, #5353, #4080, #3354, #603, #1796, #3135, #5287, #5210, #3199, #3507, #5209, #3837, #2893, #624, #3937, #993, #3665, #4467, #619, #5492, #2794, #2445, #1115, #1154, #2976, #2992, #1772, #1804, #324, #5559, #3031, #2843, #5285, #1811, #1044, #394, #4178, #4012, #4979, #361, #5220, #2426, #5137, #1742, #610, #257, #575, #4667, #2107, #2155, #4661, #4299, #2106, #1443, #1878, #5496, #4395, #2523, #3445, #4907, #264, #1020, #5076, #3854, #1399, #3831, #1883, #3454, #5180, #845, #2695, #880, #3913, #4038, #2489, #5248, #1278, #5041, #1180, #4391, #538, #5455, #756, #75, #3347, #4118, #2759, #1150, #5350, #3477, #1495, #2591, #1874, #285, #67, #5242, #4023, #1299, #691, #1458, #2072, #3082, #4800, #482, #4872, #5036, #1780, #1331, #3227, #949, #1139, #5118, #183, #4426, #2987, #2498, #3906, #4101, #4312, #4239, #4297, #4039, #4112, #4187, #705, #4702, #4284, #2698, #5445, #3551, #5268, #742, #806, #3000, #226, #403, #3684, #114, #4183, #1680, #3399, #3867, #2046, #768, #3863, #2554, #1057, #3228, #5489, #872, #4640, #3138 ) ) ;
#365 = DIRECTION ( 'NONE',  ( -0.000000000000000000, 1.000000000000000000, 0.000000000000000000 ) ) ;
#366 = EDGE_LOOP ( 'NONE', ( #5196, #2360, #2612, #5505 ) ) ;
#367 = EDGE_CURVE ( 'NONE', #2609, #4345, #4134, .T. ) ;
#368 = CARTESIAN_POINT ( 'NONE',  ( 83.10000000000000853, -23.22819897360515995, -7.200000000000006395 ) ) ;
#369 = DIRECTION ( 'NONE',  ( 1.652117596168386277E-16, 0.000000000000000000, -1.000000000000000000 ) ) ;
#370 = DIRECTION ( 'NONE',  ( 0.000000000000000000, 0.000000000000000000, -1.000000000000000000 ) ) ;
#371 = EDGE_CURVE ( 'NONE', #1765, #3214, #1418, .T. ) ;
#372 = EDGE_CURVE ( 'NONE', #5464, #2684, #2329, .T. ) ;
#373 = VERTEX_POINT ( 'NONE', #1531 ) ;
#374 = FACE_OUTER_BOUND ( 'NONE', #2040, .T. ) ;
#375 = ORIENTED_EDGE ( 'NONE', *, *, #2767, .F. ) ;
#376 = LINE ( 'NONE', #2115, #2023 ) ;
#377 = ORIENTED_EDGE ( 'NONE', *, *, #5477, .F. ) ;
#378 = FACE_OUTER_BOUND ( 'NONE', #5521, .T. ) ;
#379 = CARTESIAN_POINT ( 'NONE',  ( 0.000000000000000000, 0.000000000000000000, -31.19999999999998863 ) ) ;
#380 = AXIS2_PLACEMENT_3D ( 'NONE', #5110, #1248, #3436 ) ;
#381 = ORIENTED_EDGE ( 'NONE', *, *, #2339, .T. ) ;
#382 = CARTESIAN_POINT ( 'NONE',  ( 59.39999999999999858, -87.00000000000000000, -7.375000000000060396 ) ) ;
#383 = PLANE ( 'NONE',  #3090 ) ;
#384 = VECTOR ( 'NONE', #4237, 1000.000000000000114 ) ;
#385 = DIRECTION ( 'NONE',  ( -1.000000000000000000, -0.000000000000000000, 0.000000000000000000 ) ) ;
#386 = CIRCLE ( 'NONE', #40, 1.929999999999997717 ) ;
#387 = CARTESIAN_POINT ( 'NONE',  ( 36.49999999999998579, 8.000000000000000000, -36.50000000000001421 ) ) ;
#388 = ORIENTED_EDGE ( 'NONE', *, *, #4072, .T. ) ;
#389 = VECTOR ( 'NONE', #2781, 1000.000000000000114 ) ;
#390 = LINE ( 'NONE', #3816, #5123 ) ;
#391 = LINE ( 'NONE', #5510, #757 ) ;
#392 = CYLINDRICAL_SURFACE ( 'NONE', #233, 1.899999999999999023 ) ;
#393 = ORIENTED_EDGE ( 'NONE', *, *, #2636, .T. ) ;
#394 = ADVANCED_FACE ( 'NONE', ( #2036 ), #2008, .F. ) ;
#395 = CIRCLE ( 'NONE', #3799, 1.700000000000000178 ) ;
#396 = VECTOR ( 'NONE', #1561, 1000.000000000000000 ) ;
#397 = ORIENTED_EDGE ( 'NONE', *, *, #1502, .T. ) ;
#398 = DIRECTION ( 'NONE',  ( -3.304235192336776005E-16, 1.348230680810990322E-16, -1.000000000000000000 ) ) ;
#399 = CIRCLE ( 'NONE', #5065, 10.00000000000000178 ) ;
#400 = CARTESIAN_POINT ( 'NONE',  ( 64.00000000000001421, -87.00000000000000000, -9.250000000000033751 ) ) ;
#401 =( BOUNDED_CURVE ( )  B_SPLINE_CURVE ( 3, ( #4577, #1074, #1868, #4092 ),
 .UNSPECIFIED., .F., .T. ) 
 B_SPLINE_CURVE_WITH_KNOTS ( ( 4, 4 ),
 ( 3.296667326554131972, 3.361486748699467064 ),
 .UNSPECIFIED. ) 
 CURVE ( )  GEOMETRIC_REPRESENTATION_ITEM ( )  RATIONAL_B_SPLINE_CURVE ( ( 1.000000000000000000, 0.9996499008560398858, 0.9996499008560398858, 1.000000000000000000 ) ) 
 REPRESENTATION_ITEM ( '' )  );
#402 = CARTESIAN_POINT ( 'NONE',  ( 51.49933179446942688, -42.98259040445617529, -8.532228324056603697 ) ) ;
#403 = ADVANCED_FACE ( 'NONE', ( #3752 ), #1167, .T. ) ;
#404 = EDGE_CURVE ( 'NONE', #5014, #4802, #4323, .T. ) ;
#405 = ORIENTED_EDGE ( 'NONE', *, *, #5069, .F. ) ;
#406 = DIRECTION ( 'NONE',  ( 1.000000000000000000, -0.000000000000000000, -0.000000000000000000 ) ) ;
#407 = ORIENTED_EDGE ( 'NONE', *, *, #533, .T. ) ;
#408 = VECTOR ( 'NONE', #3907, 1000.000000000000000 ) ;
#409 = CARTESIAN_POINT ( 'NONE',  ( 63.00000000000001421, -87.00000000000000000, -21.00000000000003553 ) ) ;
#410 = DIRECTION ( 'NONE',  ( -0.000000000000000000, 0.000000000000000000, -1.000000000000000000 ) ) ;
#411 = ORIENTED_EDGE ( 'NONE', *, *, #4404, .T. ) ;
#412 = EDGE_CURVE ( 'NONE', #2317, #4335, #5387, .T. ) ;
#413 = FACE_OUTER_BOUND ( 'NONE', #1792, .T. ) ;
#414 = AXIS2_PLACEMENT_3D ( 'NONE', #4797, #2622, #103 ) ;
#415 = ORIENTED_EDGE ( 'NONE', *, *, #726, .F. ) ;
#416 = DIRECTION ( 'NONE',  ( 0.2181262695449070199, -0.9759205554421027662, 0.000000000000000000 ) ) ;
#417 = CARTESIAN_POINT ( 'NONE',  ( 42.00000000000001421, 0.000000000000000000, -39.00000000000000000 ) ) ;
#418 = AXIS2_PLACEMENT_3D ( 'NONE', #4857, #3460, #879 ) ;
#419 = FACE_OUTER_BOUND ( 'NONE', #4658, .T. ) ;
#420 = VERTEX_POINT ( 'NONE', #2487 ) ;
#421 = AXIS2_PLACEMENT_3D ( 'NONE', #917, #4805, #3152 ) ;
#422 = CARTESIAN_POINT ( 'NONE',  ( 60.27433276148052954, 8.000000000000000000, -34.20000000000000284 ) ) ;
#423 = FACE_BOUND ( 'NONE', #5176, .T. ) ;
#424 = CARTESIAN_POINT ( 'NONE',  ( 42.00000000000000711, -9.999999999999994671, -14.15000000000002878 ) ) ;
#425 = ORIENTED_EDGE ( 'NONE', *, *, #2265, .T. ) ;
#426 = ORIENTED_EDGE ( 'NONE', *, *, #3911, .T. ) ;
#427 = VECTOR ( 'NONE', #3680, 1000.000000000000114 ) ;
#428 = DIRECTION ( 'NONE',  ( -1.000000000000000000, 0.000000000000000000, 2.891205793294675861E-16 ) ) ;
#429 = PLANE ( 'NONE',  #2459 ) ;
#430 = FACE_OUTER_BOUND ( 'NONE', #2276, .T. ) ;
#431 = VERTEX_POINT ( 'NONE', #3231 ) ;
#432 = EDGE_CURVE ( 'NONE', #4032, #2380, #626, .T. ) ;
#433 = LINE ( 'NONE', #5099, #3426 ) ;
#434 = DIRECTION ( 'NONE',  ( -1.000000000000000000, 1.619075244245018482E-14, 0.000000000000000000 ) ) ;
#435 = ORIENTED_EDGE ( 'NONE', *, *, #4192, .T. ) ;
#436 = DIRECTION ( 'NONE',  ( -1.000000000000000000, 0.000000000000000000, 5.028183988338567487E-16 ) ) ;
#437 =( NAMED_UNIT ( * ) SI_UNIT ( $, .STERADIAN. ) SOLID_ANGLE_UNIT ( ) );
#438 = VERTEX_POINT ( 'NONE', #2460 ) ;
#439 = CARTESIAN_POINT ( 'NONE',  ( 59.89999999999997726, -87.00000000000000000, -9.250000000000033751 ) ) ;
#440 = ADVANCED_FACE ( 'NONE', ( #1135 ), #4148, .T. ) ;
#441 = ORIENTED_EDGE ( 'NONE', *, *, #2010, .T. ) ;
#442 = DIRECTION ( 'NONE',  ( -0.7071067811865573427, 0.000000000000000000, 0.7071067811865378028 ) ) ;
#443 = CARTESIAN_POINT ( 'NONE',  ( 59.80000000000000426, -7.228198973604920141, -31.47749999999999915 ) ) ;
#444 = FACE_OUTER_BOUND ( 'NONE', #104, .T. ) ;
#445 = ORIENTED_EDGE ( 'NONE', *, *, #4689, .F. ) ;
#446 = ADVANCED_FACE ( 'NONE', ( #1590 ), #2427, .T. ) ;
#447 = DIRECTION ( 'NONE',  ( 1.000000000000000000, 9.598933135901296437E-32, -5.256737805990325036E-16 ) ) ;
#448 = ORIENTED_EDGE ( 'NONE', *, *, #1865, .F. ) ;
#449 = DIRECTION ( 'NONE',  ( -1.000000000000000000, 0.000000000000000000, 0.000000000000000000 ) ) ;
#450 = DIRECTION ( 'NONE',  ( -1.000000000000000000, -0.000000000000000000, -0.000000000000000000 ) ) ;
#451 = DIRECTION ( 'NONE',  ( 0.7071067811865517916, 0.7071067811865433539, -0.000000000000000000 ) ) ;
#452 = VERTEX_POINT ( 'NONE', #4960 ) ;
#453 = ORIENTED_EDGE ( 'NONE', *, *, #3007, .F. ) ;
#454 = VECTOR ( 'NONE', #4360, 1000.000000000000114 ) ;
#455 = CARTESIAN_POINT ( 'NONE',  ( 1.132959002237222457, -0.1329590022372370839, -37.33071301566069167 ) ) ;
#456 = DIRECTION ( 'NONE',  ( 0.000000000000000000, 0.000000000000000000, 1.000000000000000000 ) ) ;
#457 = CARTESIAN_POINT ( 'NONE',  ( 63.80000000000001137, -35.92819897360492121, -26.40000000000000213 ) ) ;
#458 = AXIS2_PLACEMENT_3D ( 'NONE', #3726, #1192, #2881 ) ;
#459 = EDGE_LOOP ( 'NONE', ( #3878, #5135, #2977, #3293, #113 ) ) ;
#460 = CARTESIAN_POINT ( 'NONE',  ( 59.80000000000001847, -7.228198973604922806, -10.52249999999999908 ) ) ;
#461 = CYLINDRICAL_SURFACE ( 'NONE', #3340, 1.700000000000000178 ) ;
#462 = ORIENTED_EDGE ( 'NONE', *, *, #2758, .T. ) ;
#463 = CARTESIAN_POINT ( 'NONE',  ( -20.99999999999998934, -87.00000000000000000, -21.00000000000003553 ) ) ;
#464 = DIRECTION ( 'NONE',  ( 0.7070199436074204868, 0.01567158839151319011, 0.7070199436074253718 ) ) ;
#465 = EDGE_CURVE ( 'NONE', #2269, #4939, #5484, .T. ) ;
#466 = CARTESIAN_POINT ( 'NONE',  ( 50.89514804236026180, -39.79785578486997366, -38.00213322585158693 ) ) ;
#467 = ORIENTED_EDGE ( 'NONE', *, *, #2701, .F. ) ;
#468 = EDGE_CURVE ( 'NONE', #3197, #4232, #2851, .T. ) ;
#469 = PLANE ( 'NONE',  #380 ) ;
#470 = LINE ( 'NONE', #991, #3915 ) ;
#471 = EDGE_CURVE ( 'NONE', #5464, #2900, #1620, .T. ) ;
#472 = EDGE_CURVE ( 'NONE', #846, #2222, #4181, .T. ) ;
#473 = VERTEX_POINT ( 'NONE', #356 ) ;
#474 = CARTESIAN_POINT ( 'NONE',  ( 59.80000000000000426, -39.22819897360492547, -29.54750000000000298 ) ) ;
#475 = VECTOR ( 'NONE', #4611, 1000.000000000000000 ) ;
#476 = CONICAL_SURFACE ( 'NONE', #1183, 10.00000000000000178, 1.221730476396034826 ) ;
#477 = DIRECTION ( 'NONE',  ( 1.000000000000000000, -9.183830166936040923E-16, -8.163404592832036924E-16 ) ) ;
#478 = PLANE ( 'NONE',  #2209 ) ;
#479 = ORIENTED_EDGE ( 'NONE', *, *, #4115, .F. ) ;
#480 = VECTOR ( 'NONE', #3308, 1000.000000000000000 ) ;
#481 = ORIENTED_EDGE ( 'NONE', *, *, #3310, .T. ) ;
#482 = ADVANCED_FACE ( 'NONE', ( #3322 ), #1647, .F. ) ;
#483 = DIRECTION ( 'NONE',  ( -1.000000000000000000, 0.000000000000000000, 0.000000000000000000 ) ) ;
#484 = ORIENTED_EDGE ( 'NONE', *, *, #2603, .F. ) ;
#485 = CIRCLE ( 'NONE', #1378, 2.375000000000000444 ) ;
#486 = ORIENTED_EDGE ( 'NONE', *, *, #1673, .T. ) ;
#487 = CARTESIAN_POINT ( 'NONE',  ( 60.00000000000001421, 8.000000000000000000, -3.469446951953614189E-14 ) ) ;
#488 = DIRECTION ( 'NONE',  ( 1.000000000000000000, -1.841791997293421075E-16, -0.000000000000000000 ) ) ;
#489 = ORIENTED_EDGE ( 'NONE', *, *, #1875, .T. ) ;
#490 = CIRCLE ( 'NONE', #1298, 10.00000000000000178 ) ;
#491 = LINE ( 'NONE', #4319, #4064 ) ;
#492 = ORIENTED_EDGE ( 'NONE', *, *, #260, .F. ) ;
#493 = CARTESIAN_POINT ( 'NONE',  ( 63.80000000000001137, -42.52819897360491552, -31.19999999999999218 ) ) ;
#494 = ORIENTED_EDGE ( 'NONE', *, *, #1000, .F. ) ;
#495 = AXIS2_PLACEMENT_3D ( 'NONE', #245, #1109, #4963 ) ;
#496 = DIRECTION ( 'NONE',  ( -0.000000000000000000, -0.000000000000000000, -1.000000000000000000 ) ) ;
#497 = EDGE_CURVE ( 'NONE', #5230, #3210, #4123, .T. ) ;
#498 = CARTESIAN_POINT ( 'NONE',  ( 20.99999999999999645, 5.000000000000028422, -8.000000000000005329 ) ) ;
#499 = VERTEX_POINT ( 'NONE', #4094 ) ;
#500 = AXIS2_PLACEMENT_3D ( 'NONE', #856, #3812, #5447 ) ;
#501 = ORIENTED_EDGE ( 'NONE', *, *, #2340, .T. ) ;
#502 = FACE_OUTER_BOUND ( 'NONE', #3099, .T. ) ;
#503 = AXIS2_PLACEMENT_3D ( 'NONE', #1277, #3355, #2575 ) ;
#504 = DIRECTION ( 'NONE',  ( 0.000000000000000000, -1.000000000000000000, -1.348230680810990076E-16 ) ) ;
#505 = LINE ( 'NONE', #4776, #2927 ) ;
#506 = ORIENTED_EDGE ( 'NONE', *, *, #2786, .T. ) ;
#507 = VECTOR ( 'NONE', #2364, 1000.000000000000114 ) ;
#508 = EDGE_LOOP ( 'NONE', ( #1379, #4084, #5355, #3035 ) ) ;
#509 = EDGE_CURVE ( 'NONE', #1281, #373, #1953, .T. ) ;
#510 = VECTOR ( 'NONE', #2213, 1000.000000000000000 ) ;
#511 = EDGE_LOOP ( 'NONE', ( #2778, #2503 ) ) ;
#512 = EDGE_CURVE ( 'NONE', #5306, #4053, #3694, .T. ) ;
#513 = CIRCLE ( 'NONE', #3650, 3.000000000000002665 ) ;
#514 = ORIENTED_EDGE ( 'NONE', *, *, #2449, .T. ) ;
#515 = CARTESIAN_POINT ( 'NONE',  ( 64.00000000000001421, -76.00000000000002842, -7.800000000000004263 ) ) ;
#516 = CARTESIAN_POINT ( 'NONE',  ( 42.87364948594030523, -3.908802426041738443, -12.75000000000000355 ) ) ;
#517 = ORIENTED_EDGE ( 'NONE', *, *, #4461, .T. ) ;
#518 = DIRECTION ( 'NONE',  ( -0.000000000000000000, -0.000000000000000000, 1.000000000000000000 ) ) ;
#519 = ORIENTED_EDGE ( 'NONE', *, *, #530, .F. ) ;
#520 = EDGE_LOOP ( 'NONE', ( #5000, #3169, #1663, #2673 ) ) ;
#521 = DIRECTION ( 'NONE',  ( -1.000000000000000000, 0.000000000000000000, 0.000000000000000000 ) ) ;
#522 = CARTESIAN_POINT ( 'NONE',  ( 63.00000000000001421, -47.57083966072418946, -4.965676038726633608E-14 ) ) ;
#523 = ORIENTED_EDGE ( 'NONE', *, *, #3824, .F. ) ;
#524 = ORIENTED_EDGE ( 'NONE', *, *, #1385, .T. ) ;
#525 = CARTESIAN_POINT ( 'NONE',  ( 60.00000000000000000, -57.18147956208619576, -31.20000000000000284 ) ) ;
#526 = LINE ( 'NONE', #3983, #408 ) ;
#527 = CARTESIAN_POINT ( 'NONE',  ( 63.80000000000001137, -3.928198973604922983, -7.199999999999998401 ) ) ;
#528 = ORIENTED_EDGE ( 'NONE', *, *, #3487, .T. ) ;
#529 = EDGE_CURVE ( 'NONE', #4429, #4047, #2148, .T. ) ;
#530 = EDGE_CURVE ( 'NONE', #5243, #420, #4665, .T. ) ;
#531 = VERTEX_POINT ( 'NONE', #1756 ) ;
#532 = ORIENTED_EDGE ( 'NONE', *, *, #1875, .F. ) ;
#533 = EDGE_CURVE ( 'NONE', #1145, #5151, #3811, .T. ) ;
#534 = EDGE_LOOP ( 'NONE', ( #1834, #1275, #4127, #4753, #1333 ) ) ;
#535 = CARTESIAN_POINT ( 'NONE',  ( 42.87364948594029812, -3.908802426041710909, -9.750000000000005329 ) ) ;
#536 = PLANE ( 'NONE',  #5240 ) ;
#537 = VERTEX_POINT ( 'NONE', #798 ) ;
#538 = ADVANCED_FACE ( 'NONE', ( #3839 ), #4508, .T. ) ;
#539 = CARTESIAN_POINT ( 'NONE',  ( 61.03731512000088344, -9.202426843997557171, -38.99999999999998579 ) ) ;
#540 = EDGE_CURVE ( 'NONE', #4171, #1281, #2257, .T. ) ;
#541 = ORIENTED_EDGE ( 'NONE', *, *, #1392, .F. ) ;
#542 = DIRECTION ( 'NONE',  ( 0.000000000000000000, 1.000000000000000000, 0.000000000000000000 ) ) ;
#543 = CARTESIAN_POINT ( 'NONE',  ( 59.80000000000000426, -7.228198973604920141, -33.40749999999999886 ) ) ;
#544 = ORIENTED_EDGE ( 'NONE', *, *, #4903, .F. ) ;
#545 = DIRECTION ( 'NONE',  ( -5.256737805990325036E-16, 0.000000000000000000, -1.000000000000000000 ) ) ;
#546 = EDGE_LOOP ( 'NONE', ( #3778, #1417, #2521, #3372 ) ) ;
#547 = DIRECTION ( 'NONE',  ( 0.000000000000000000, 0.000000000000000000, -1.000000000000000000 ) ) ;
#548 = CARTESIAN_POINT ( 'NONE',  ( 42.00000000000000711, 0.000000000000000000, -18.09999999999997655 ) ) ;
#549 = DIRECTION ( 'NONE',  ( 0.000000000000000000, 0.000000000000000000, 1.000000000000000000 ) ) ;
#550 = ORIENTED_EDGE ( 'NONE', *, *, #2719, .T. ) ;
#551 = ORIENTED_EDGE ( 'NONE', *, *, #412, .T. ) ;
#552 = VECTOR ( 'NONE', #1955, 1000.000000000000114 ) ;
#553 = CONICAL_SURFACE ( 'NONE', #2615, 151.0000000000000284, 0.7853981633974482790 ) ;
#554 = FACE_OUTER_BOUND ( 'NONE', #23, .T. ) ;
#555 = EDGE_CURVE ( 'NONE', #2430, #3134, #4950, .T. ) ;
#556 = LINE ( 'NONE', #2143, #3544 ) ;
#557 = ORIENTED_EDGE ( 'NONE', *, *, #4247, .T. ) ;
#558 = AXIS2_PLACEMENT_3D ( 'NONE', #4953, #682, #2395 ) ;
#559 = CIRCLE ( 'NONE', #4700, 6.153531612763413428 ) ;
#560 = EDGE_LOOP ( 'NONE', ( #893, #411 ) ) ;
#561 = DIRECTION ( 'NONE',  ( 0.000000000000000000, 1.000000000000000000, 0.000000000000000000 ) ) ;
#562 = AXIS2_PLACEMENT_3D ( 'NONE', #2415, #1691, #2898 ) ;
#563 = DIRECTION ( 'NONE',  ( 0.7071067811865517916, 0.7071067811865433539, -0.000000000000000000 ) ) ;
#564 = VERTEX_POINT ( 'NONE', #2203 ) ;
#565 = ORIENTED_EDGE ( 'NONE', *, *, #3036, .F. ) ;
#566 = AXIS2_PLACEMENT_3D ( 'NONE', #1994, #3284, #3714 ) ;
#567 = EDGE_LOOP ( 'NONE', ( #1734, #3105 ) ) ;
#568 = EDGE_CURVE ( 'NONE', #531, #3145, #3019, .T. ) ;
#569 = DIRECTION ( 'NONE',  ( 0.9396926207859098712, 0.000000000000000000, -0.3420201433256644385 ) ) ;
#570 = CONICAL_SURFACE ( 'NONE', #312, 2.399999999999971489, 0.7853981633974561616 ) ;
#571 = DIRECTION ( 'NONE',  ( -1.000000000000000000, 0.000000000000000000, 0.000000000000000000 ) ) ;
#572 =( BOUNDED_CURVE ( )  B_SPLINE_CURVE ( 3, ( #4255, #402, #15, #3420 ),
 .UNSPECIFIED., .F., .T. ) 
 B_SPLINE_CURVE_WITH_KNOTS ( ( 4, 4 ),
 ( 3.296667326554131972, 3.361486748699467064 ),
 .UNSPECIFIED. ) 
 CURVE ( )  GEOMETRIC_REPRESENTATION_ITEM ( )  RATIONAL_B_SPLINE_CURVE ( ( 1.000000000000000000, 0.9996499008560398858, 0.9996499008560398858, 1.000000000000000000 ) ) 
 REPRESENTATION_ITEM ( '' )  );
#573 = DIRECTION ( 'NONE',  ( 0.000000000000000000, 0.000000000000000000, -1.000000000000000000 ) ) ;
#574 = EDGE_LOOP ( 'NONE', ( #3270, #388, #25, #4122 ) ) ;
#575 = ADVANCED_FACE ( 'NONE', ( #80 ), #4766, .T. ) ;
#576 = VECTOR ( 'NONE', #4587, 1000.000000000000000 ) ;
#577 = ORIENTED_EDGE ( 'NONE', *, *, #2044, .F. ) ;
#578 = FACE_OUTER_BOUND ( 'NONE', #2922, .T. ) ;
#579 = AXIS2_PLACEMENT_3D ( 'NONE', #4439, #2211, #2606 ) ;
#580 = CARTESIAN_POINT ( 'NONE',  ( 5.499999999999991118, 8.000000000000000000, -3.800000000000011369 ) ) ;
#581 = VERTEX_POINT ( 'NONE', #1701 ) ;
#582 = ORIENTED_EDGE ( 'NONE', *, *, #694, .T. ) ;
#583 = DIRECTION ( 'NONE',  ( 3.304235192336776005E-16, -2.514091994169284236E-16, 1.000000000000000000 ) ) ;
#584 = CARTESIAN_POINT ( 'NONE',  ( 54.80000000000000426, -86.99999999999998579, -4.500000000000035527 ) ) ;
#585 = ORIENTED_EDGE ( 'NONE', *, *, #5154, .F. ) ;
#586 = VECTOR ( 'NONE', #3112, 1000.000000000000000 ) ;
#587 = PLANE ( 'NONE',  #3471 ) ;
#588 = EDGE_LOOP ( 'NONE', ( #3571, #351, #4058, #4 ) ) ;
#589 = VECTOR ( 'NONE', #3848, 1000.000000000000000 ) ;
#590 = PLANE ( 'NONE',  #3150 ) ;
#591 = CARTESIAN_POINT ( 'NONE',  ( 64.00000000000001421, -76.00000000000002842, 50.97570028453421997 ) ) ;
#592 = ORIENTED_EDGE ( 'NONE', *, *, #4396, .F. ) ;
#593 = FACE_OUTER_BOUND ( 'NONE', #3085, .T. ) ;
#594 = ORIENTED_EDGE ( 'NONE', *, *, #5416, .T. ) ;
#595 = VECTOR ( 'NONE', #2063, 1000.000000000000000 ) ;
#596 = ADVANCED_FACE ( 'NONE', ( #4324 ), #1729, .F. ) ;
#597 = ORIENTED_EDGE ( 'NONE', *, *, #4859, .T. ) ;
#598 = FACE_OUTER_BOUND ( 'NONE', #3178, .T. ) ;
#599 = DIRECTION ( 'NONE',  ( -0.000000000000000000, 1.000000000000000000, 0.000000000000000000 ) ) ;
#600 = DIRECTION ( 'NONE',  ( 0.000000000000000000, 0.000000000000000000, -1.000000000000000000 ) ) ;
#601 = CARTESIAN_POINT ( 'NONE',  ( 54.80000000000000426, -86.99999999999998579, -4.500000000000035527 ) ) ;
#602 = VERTEX_POINT ( 'NONE', #382 ) ;
#603 = ADVANCED_FACE ( 'NONE', ( #2988 ), #5136, .F. ) ;
#604 = LINE ( 'NONE', #2312, #4318 ) ;
#605 = DIRECTION ( 'NONE',  ( 0.04430961977791336714, -0.9990178464848046280, 0.000000000000000000 ) ) ;
#606 = LINE ( 'NONE', #688, #1842 ) ;
#607 = CARTESIAN_POINT ( 'NONE',  ( -96.19999999999997442, -69.35331204931708271, 1.040834085586084257E-13 ) ) ;
#608 = ORIENTED_EDGE ( 'NONE', *, *, #2293, .T. ) ;
#609 = EDGE_CURVE ( 'NONE', #5068, #3245, #4298, .T. ) ;
#610 = ADVANCED_FACE ( 'NONE', ( #3381 ), #469, .T. ) ;
#611 = ORIENTED_EDGE ( 'NONE', *, *, #939, .F. ) ;
#612 = DIRECTION ( 'NONE',  ( 0.000000000000000000, -1.000000000000000000, 0.000000000000000000 ) ) ;
#613 = CARTESIAN_POINT ( 'NONE',  ( 63.80000000000001137, -10.52819897360491375, -15.60000000000000853 ) ) ;
#614 = DIRECTION ( 'NONE',  ( 1.000000000000000000, -1.841791997293421075E-16, -0.000000000000000000 ) ) ;
#615 = ORIENTED_EDGE ( 'NONE', *, *, #799, .T. ) ;
#616 = LINE ( 'NONE', #4349, #960 ) ;
#617 = DIRECTION ( 'NONE',  ( 0.000000000000000000, -0.000000000000000000, -1.000000000000000000 ) ) ;
#618 = DIRECTION ( 'NONE',  ( -0.2079116908177600642, 0.9781476007338054668, 0.000000000000000000 ) ) ;
#619 = ADVANCED_FACE ( 'NONE', ( #4718 ), #4745, .F. ) ;
#620 = ORIENTED_EDGE ( 'NONE', *, *, #529, .T. ) ;
#621 = DIRECTION ( 'NONE',  ( 4.396540262891410789E-16, -0.7071067811865451302, 0.7071067811865500152 ) ) ;
#622 = VECTOR ( 'NONE', #1624, 1000.000000000000000 ) ;
#623 = CARTESIAN_POINT ( 'NONE',  ( 20.99999999999999645, 5.000000000000028422, -21.00000000000000000 ) ) ;
#624 = ADVANCED_FACE ( 'NONE', ( #4687 ), #827, .T. ) ;
#625 = CARTESIAN_POINT ( 'NONE',  ( 64.00000000000001421, -76.00000000000002842, -23.40000000000000568 ) ) ;
#626 = CIRCLE ( 'NONE', #1888, 3.000000000000002665 ) ;
#627 = DIRECTION ( 'NONE',  ( -0.000000000000000000, -0.000000000000000000, -1.000000000000000000 ) ) ;
#628 = EDGE_LOOP ( 'NONE', ( #143, #660, #314, #3802, #2315, #3757, #2151, #3321, #5451, #528 ) ) ;
#629 = CARTESIAN_POINT ( 'NONE',  ( 85.15592597064390645, 29.89375286150326261, -34.79999999999998295 ) ) ;
#630 = CARTESIAN_POINT ( 'NONE',  ( 63.80000000000002558, -7.228198973604922806, -10.52250000000000085 ) ) ;
#631 = EDGE_LOOP ( 'NONE', ( #120, #1300, #3346, #3254 ) ) ;
#632 = EDGE_CURVE ( 'NONE', #933, #968, #2621, .T. ) ;
#633 = EDGE_CURVE ( 'NONE', #1862, #3503, #1411, .T. ) ;
#634 = ORIENTED_EDGE ( 'NONE', *, *, #1605, .T. ) ;
#635 = CARTESIAN_POINT ( 'NONE',  ( 36.50000000000000000, 8.000000000000000000, -5.500000000000011546 ) ) ;
#636 = DIRECTION ( 'NONE',  ( -1.000000000000000000, -0.000000000000000000, -0.000000000000000000 ) ) ;
#637 = CARTESIAN_POINT ( 'NONE',  ( 59.39999999999999858, -87.00000000000000000, -21.00000000000003553 ) ) ;
#638 = ORIENTED_EDGE ( 'NONE', *, *, #4630, .F. ) ;
#639 = VECTOR ( 'NONE', #1263, 1000.000000000000000 ) ;
#640 = AXIS2_PLACEMENT_3D ( 'NONE', #4000, #152, #3573 ) ;
#641 = PLANE ( 'NONE',  #2300 ) ;
#642 = ADVANCED_FACE ( 'NONE', ( #598 ), #3491, .T. ) ;
#643 = CARTESIAN_POINT ( 'NONE',  ( 64.00000000000001421, -76.00000000000002842, 50.97570028453421997 ) ) ;
#644 = DIRECTION ( 'NONE',  ( 0.000000000000000000, 0.000000000000000000, -1.000000000000000000 ) ) ;
#645 = VECTOR ( 'NONE', #573, 1000.000000000000000 ) ;
#646 = AXIS2_PLACEMENT_3D ( 'NONE', #3217, #4944, #2808 ) ;
#647 = AXIS2_PLACEMENT_3D ( 'NONE', #4504, #4898, #3599 ) ;
#648 = ORIENTED_EDGE ( 'NONE', *, *, #2116, .F. ) ;
#649 = CARTESIAN_POINT ( 'NONE',  ( 5.499999999999989342, 8.000000000000000000, -34.80000000000000426 ) ) ;
#650 = DIRECTION ( 'NONE',  ( 0.000000000000000000, 0.000000000000000000, 1.000000000000000000 ) ) ;
#651 = CARTESIAN_POINT ( 'NONE',  ( 59.39999999999999858, -87.00000000000000000, -28.62500000000002487 ) ) ;
#652 = DIRECTION ( 'NONE',  ( 0.000000000000000000, 1.000000000000000000, 0.000000000000000000 ) ) ;
#653 = VECTOR ( 'NONE', #1972, 1000.000000000000000 ) ;
#654 = DIRECTION ( 'NONE',  ( -5.256737805990325036E-16, 0.000000000000000000, -1.000000000000000000 ) ) ;
#655 = ORIENTED_EDGE ( 'NONE', *, *, #1844, .F. ) ;
#656 = CIRCLE ( 'NONE', #3805, 12.99999999999999467 ) ;
#657 = CARTESIAN_POINT ( 'NONE',  ( 60.00000000000000000, -57.18147956208619576, -15.60000000000000675 ) ) ;
#658 = CARTESIAN_POINT ( 'NONE',  ( 63.80000000000001137, -35.92819897360492831, -10.80000000000000959 ) ) ;
#659 = CARTESIAN_POINT ( 'NONE',  ( 4.930380657631323784E-29, 1.000000000000000888, -4.199999999999939782 ) ) ;
#660 = ORIENTED_EDGE ( 'NONE', *, *, #2318, .T. ) ;
#661 = VECTOR ( 'NONE', #2066, 1000.000000000000000 ) ;
#662 = CARTESIAN_POINT ( 'NONE',  ( 59.80000000000000426, -39.22819897360492547, -31.47750000000000625 ) ) ;
#663 = ORIENTED_EDGE ( 'NONE', *, *, #2765, .F. ) ;
#664 = EDGE_CURVE ( 'NONE', #1474, #1356, #4244, .T. ) ;
#665 = DIRECTION ( 'NONE',  ( -0.000000000000000000, -1.000000000000000000, -0.000000000000000000 ) ) ;
#666 = CIRCLE ( 'NONE', #1387, 1.699999999999999289 ) ;
#667 = DIRECTION ( 'NONE',  ( 1.000000000000000000, 9.598933135901296437E-32, -5.256737805990325036E-16 ) ) ;
#668 = DIRECTION ( 'NONE',  ( -0.000000000000000000, 1.000000000000000000, 0.000000000000000000 ) ) ;
#669 = EDGE_LOOP ( 'NONE', ( #5219, #5057, #2053, #1160 ) ) ;
#670 = EDGE_CURVE ( 'NONE', #4811, #1448, #963, .T. ) ;
#671 = VECTOR ( 'NONE', #5024, 1000.000000000000000 ) ;
#672 = CARTESIAN_POINT ( 'NONE',  ( 42.00000000000000711, 0.000000000000000000, -33.65000000000002700 ) ) ;
#673 = DIRECTION ( 'NONE',  ( -1.000000000000000000, 0.000000000000000000, 0.000000000000000000 ) ) ;
#674 = LINE ( 'NONE', #2387, #5245 ) ;
#675 = VECTOR ( 'NONE', #4873, 1000.000000000000000 ) ;
#676 = VECTOR ( 'NONE', #1058, 1000.000000000000000 ) ;
#677 = ORIENTED_EDGE ( 'NONE', *, *, #509, .F. ) ;
#678 = DIRECTION ( 'NONE',  ( 0.000000000000000000, 1.000000000000000000, 0.000000000000000000 ) ) ;
#679 = FACE_OUTER_BOUND ( 'NONE', #3736, .T. ) ;
#680 = DIRECTION ( 'NONE',  ( 3.304235192336776005E-16, -2.514091994169284236E-16, 1.000000000000000000 ) ) ;
#681 = VECTOR ( 'NONE', #1652, 1000.000000000000000 ) ;
#682 = DIRECTION ( 'NONE',  ( 1.000000000000000000, 9.598933135901296437E-32, -5.256737805990325036E-16 ) ) ;
#683 = ORIENTED_EDGE ( 'NONE', *, *, #4583, .F. ) ;
#684 = FACE_OUTER_BOUND ( 'NONE', #3402, .T. ) ;
#685 = ORIENTED_EDGE ( 'NONE', *, *, #3200, .T. ) ;
#686 = VECTOR ( 'NONE', #1332, 1000.000000000000000 ) ;
#687 = DIRECTION ( 'NONE',  ( 0.9990178464848046280, 0.04430961977791336714, 0.000000000000000000 ) ) ;
#688 = CARTESIAN_POINT ( 'NONE',  ( 4.930380657631323784E-29, 8.000000000000000000, -4.199999999999939782 ) ) ;
#689 = LINE ( 'NONE', #2401, #4783 ) ;
#690 = ORIENTED_EDGE ( 'NONE', *, *, #2339, .F. ) ;
#691 = ADVANCED_FACE ( 'NONE', ( #1838 ), #2252, .F. ) ;
#692 = CARTESIAN_POINT ( 'NONE',  ( 50.18808331631544917, -36.63437161758102434, -39.00000000000000000 ) ) ;
#693 = EDGE_LOOP ( 'NONE', ( #393, #989, #462, #3990, #407 ) ) ;
#694 = EDGE_CURVE ( 'NONE', #4657, #431, #3969, .T. ) ;
#695 = DIRECTION ( 'NONE',  ( 0.000000000000000000, -1.000000000000000000, 0.000000000000000000 ) ) ;
#696 = DIRECTION ( 'NONE',  ( -1.000000000000000000, 0.000000000000000000, 0.000000000000000000 ) ) ;
#697 = DIRECTION ( 'NONE',  ( 1.000000000000000000, 0.000000000000000000, -3.304235192336780935E-16 ) ) ;
#698 = ORIENTED_EDGE ( 'NONE', *, *, #4966, .T. ) ;
#699 = EDGE_CURVE ( 'NONE', #66, #4175, #4484, .T. ) ;
#700 = EDGE_CURVE ( 'NONE', #3210, #4261, #5216, .T. ) ;
#701 = FACE_OUTER_BOUND ( 'NONE', #4818, .T. ) ;
#702 = DIRECTION ( 'NONE',  ( 1.000000000000000000, -0.000000000000000000, -0.000000000000000000 ) ) ;
#703 = CARTESIAN_POINT ( 'NONE',  ( 42.29070357630712351, -1.300639286824833762, -33.17660601407857257 ) ) ;
#704 = DIRECTION ( 'NONE',  ( -1.000000000000000000, 0.000000000000000000, 0.000000000000000000 ) ) ;
#705 = ADVANCED_FACE ( 'NONE', ( #4460 ), #2281, .F. ) ;
#706 = ORIENTED_EDGE ( 'NONE', *, *, #2374, .T. ) ;
#707 = DIRECTION ( 'NONE',  ( 1.000000000000000000, 0.000000000000000000, 0.000000000000000000 ) ) ;
#708 = DIRECTION ( 'NONE',  ( -1.000000000000000000, 0.000000000000000000, 0.000000000000000000 ) ) ;
#709 = CARTESIAN_POINT ( 'NONE',  ( 63.00000000000001421, -47.57083966072418946, -4.965676038726633608E-14 ) ) ;
#710 = EDGE_CURVE ( 'NONE', #2661, #4379, #3546, .T. ) ;
#711 = DIRECTION ( 'NONE',  ( 0.000000000000000000, 0.000000000000000000, -1.000000000000000000 ) ) ;
#712 = ORIENTED_EDGE ( 'NONE', *, *, #3941, .F. ) ;
#713 = FACE_OUTER_BOUND ( 'NONE', #4670, .T. ) ;
#714 = ORIENTED_EDGE ( 'NONE', *, *, #1261, .F. ) ;
#715 = CARTESIAN_POINT ( 'NONE',  ( 59.39999999999999858, -87.00000000000000000, -23.40000000000000924 ) ) ;
#716 = DIRECTION ( 'NONE',  ( -1.652117596168386277E-16, -0.000000000000000000, 1.000000000000000000 ) ) ;
#717 = DIRECTION ( 'NONE',  ( 0.000000000000000000, 0.000000000000000000, 1.000000000000000000 ) ) ;
#718 = VERTEX_POINT ( 'NONE', #4025 ) ;
#719 = VECTOR ( 'NONE', #1976, 1000.000000000000114 ) ;
#720 = FACE_OUTER_BOUND ( 'NONE', #151, .T. ) ;
#721 = VERTEX_POINT ( 'NONE', #1388 ) ;
#722 = LINE ( 'NONE', #2834, #4170 ) ;
#723 = CARTESIAN_POINT ( 'NONE',  ( 52.00000000000001421, -108.0000000000000000, -9.797174393178803964E-16 ) ) ;
#724 = ORIENTED_EDGE ( 'NONE', *, *, #2116, .T. ) ;
#725 = FACE_OUTER_BOUND ( 'NONE', #4701, .T. ) ;
#726 = EDGE_CURVE ( 'NONE', #4802, #5014, #5403, .T. ) ;
#727 = DIRECTION ( 'NONE',  ( 0.000000000000000000, 0.000000000000000000, -1.000000000000000000 ) ) ;
#728 = CARTESIAN_POINT ( 'NONE',  ( 43.05499388327440613, -9.999999999999998224, -1.994434053180987497E-14 ) ) ;
#729 = CARTESIAN_POINT ( 'NONE',  ( 63.80000000000001137, -10.52819897360492085, -23.39999999999998437 ) ) ;
#730 = ORIENTED_EDGE ( 'NONE', *, *, #8, .F. ) ;
#731 = CARTESIAN_POINT ( 'NONE',  ( 63.80000000000001137, -10.52819897360491375, -15.60000000000000853 ) ) ;
#732 = CIRCLE ( 'NONE', #2619, 1.700000000000000178 ) ;
#733 = AXIS2_PLACEMENT_3D ( 'NONE', #4843, #3068, #4383 ) ;
#734 = CARTESIAN_POINT ( 'NONE',  ( 42.00000000000001421, 0.000000000000000000, -37.59999999999997300 ) ) ;
#735 = LINE ( 'NONE', #5102, #4372 ) ;
#736 = EDGE_LOOP ( 'NONE', ( #187, #974, #5074, #1013 ) ) ;
#737 = LINE ( 'NONE', #3806, #4165 ) ;
#738 = VECTOR ( 'NONE', #1578, 1000.000000000000000 ) ;
#739 = DIRECTION ( 'NONE',  ( 0.000000000000000000, 0.000000000000000000, 1.000000000000000000 ) ) ;
#740 = ORIENTED_EDGE ( 'NONE', *, *, #4767, .T. ) ;
#741 = DIRECTION ( 'NONE',  ( 0.000000000000000000, 0.000000000000000000, 1.000000000000000000 ) ) ;
#742 = ADVANCED_FACE ( 'NONE', ( #174 ), #553, .F. ) ;
#743 = VECTOR ( 'NONE', #2557, 1000.000000000000114 ) ;
#744 = PLANE ( 'NONE',  #942 ) ;
#745 = FACE_OUTER_BOUND ( 'NONE', #1433, .T. ) ;
#746 = ORIENTED_EDGE ( 'NONE', *, *, #5027, .F. ) ;
#747 = EDGE_CURVE ( 'NONE', #918, #4943, #4407, .T. ) ;
#748 = FACE_OUTER_BOUND ( 'NONE', #3639, .T. ) ;
#749 = CIRCLE ( 'NONE', #5063, 6.153531612763440961 ) ;
#750 = ORIENTED_EDGE ( 'NONE', *, *, #1294, .T. ) ;
#751 = DIRECTION ( 'NONE',  ( 0.7071067811865515695, 0.000000000000000000, -0.7071067811865435759 ) ) ;
#752 = LINE ( 'NONE', #1230, #4358 ) ;
#753 = AXIS2_PLACEMENT_3D ( 'NONE', #3852, #2947, #895 ) ;
#754 = LINE ( 'NONE', #1598, #5360 ) ;
#755 = ORIENTED_EDGE ( 'NONE', *, *, #5232, .T. ) ;
#756 = ADVANCED_FACE ( 'NONE', ( #3601 ), #3699, .T. ) ;
#757 = VECTOR ( 'NONE', #4305, 1000.000000000000000 ) ;
#758 = CARTESIAN_POINT ( 'NONE',  ( 42.58159558283759338, -2.602121630877949343, -32.70568343251922983 ) ) ;
#759 = CYLINDRICAL_SURFACE ( 'NONE', #2453, 150.0000000000000000 ) ;
#760 = VERTEX_POINT ( 'NONE', #5324 ) ;
#761 = AXIS2_PLACEMENT_3D ( 'NONE', #3122, #4844, #4325 ) ;
#762 = CARTESIAN_POINT ( 'NONE',  ( 64.00000000000001421, -76.00000000000002842, 50.97570028453421997 ) ) ;
#763 = CARTESIAN_POINT ( 'NONE',  ( 60.00000000000000711, -35.92819897360492121, -23.39999999999998437 ) ) ;
#764 = CARTESIAN_POINT ( 'NONE',  ( 52.00000000000002132, -9.999999999999994671, -27.84999999999997655 ) ) ;
#765 = VERTEX_POINT ( 'NONE', #4430 ) ;
#766 = LINE ( 'NONE', #4346, #920 ) ;
#767 = ORIENTED_EDGE ( 'NONE', *, *, #1966, .T. ) ;
#768 = ADVANCED_FACE ( 'NONE', ( #5297 ), #1437, .T. ) ;
#769 = AXIS2_PLACEMENT_3D ( 'NONE', #4204, #4142, #2000 ) ;
#770 = CARTESIAN_POINT ( 'NONE',  ( 52.00000000000002132, -87.00000000000000000, -30.50000000000004263 ) ) ;
#771 = ORIENTED_EDGE ( 'NONE', *, *, #2959, .F. ) ;
#772 = CARTESIAN_POINT ( 'NONE',  ( 4.200000000000000178, 1.000000000000000888, 1.385068275350231914E-14 ) ) ;
#773 = VECTOR ( 'NONE', #1484, 1000.000000000000000 ) ;
#774 = CARTESIAN_POINT ( 'NONE',  ( 64.00000000000001421, -87.00000000000000000, -30.50000000000004263 ) ) ;
#775 = DIRECTION ( 'NONE',  ( 1.000000000000000000, 9.598933135901296437E-32, -5.256737805990325036E-16 ) ) ;
#776 = EDGE_CURVE ( 'NONE', #2661, #5068, #3173, .T. ) ;
#777 = DIRECTION ( 'NONE',  ( 0.000000000000000000, 0.000000000000000000, 1.000000000000000000 ) ) ;
#778 = AXIS2_PLACEMENT_3D ( 'NONE', #4302, #447, #545 ) ;
#779 = ORIENTED_EDGE ( 'NONE', *, *, #2807, .F. ) ;
#780 = ORIENTED_EDGE ( 'NONE', *, *, #3415, .T. ) ;
#781 = DIRECTION ( 'NONE',  ( -0.2174420766755847390, 0.9728594024390662121, -0.07914244358694055848 ) ) ;
#782 = LINE ( 'NONE', #2098, #5337 ) ;
#783 = EDGE_CURVE ( 'NONE', #4393, #3351, #1274, .T. ) ;
#784 = CARTESIAN_POINT ( 'NONE',  ( 63.00000000000001421, -89.37500000000000000, -30.50000000000004263 ) ) ;
#785 = ORIENTED_EDGE ( 'NONE', *, *, #5010, .T. ) ;
#786 = EDGE_CURVE ( 'NONE', #2087, #452, #2027, .T. ) ;
#787 = CARTESIAN_POINT ( 'NONE',  ( 48.15353161276342320, -27.53156693133770005, -19.50000000000000355 ) ) ;
#788 = CARTESIAN_POINT ( 'NONE',  ( 63.00000000000005684, -76.02216569494623855, -3.730588120380234511E-14 ) ) ;
#789 = CARTESIAN_POINT ( 'NONE',  ( 20.99999999999999645, 8.000000000000000000, -21.00000000000000000 ) ) ;
#790 = ORIENTED_EDGE ( 'NONE', *, *, #747, .F. ) ;
#791 = CARTESIAN_POINT ( 'NONE',  ( 62.56997467337698282, -43.75822430022793696, -31.20000000000000284 ) ) ;
#792 = ORIENTED_EDGE ( 'NONE', *, *, #4536, .T. ) ;
#793 = DIRECTION ( 'NONE',  ( -1.000000000000000000, 0.000000000000000000, 0.000000000000000000 ) ) ;
#794 = VERTEX_POINT ( 'NONE', #1070 ) ;
#795 = PLANE ( 'NONE',  #3977 ) ;
#796 = DIRECTION ( 'NONE',  ( 0.3420201433256644941, 0.000000000000000000, 0.9396926207859099822 ) ) ;
#797 = EDGE_LOOP ( 'NONE', ( #2579, #4139 ) ) ;
#798 = CARTESIAN_POINT ( 'NONE',  ( 4.200000000000000178, 7.000000000000069278, 1.387778780781445676E-14 ) ) ;
#799 = EDGE_CURVE ( 'NONE', #2577, #66, #2361, .T. ) ;
#800 = DIRECTION ( 'NONE',  ( -1.000000000000000000, -0.000000000000000000, -0.000000000000000000 ) ) ;
#801 = CARTESIAN_POINT ( 'NONE',  ( 63.80000000000001137, -35.92819897360492121, -23.39999999999998437 ) ) ;
#802 = ORIENTED_EDGE ( 'NONE', *, *, #1945, .T. ) ;
#803 = ADVANCED_FACE ( 'NONE', ( #1998 ), #1496, .F. ) ;
#804 = EDGE_LOOP ( 'NONE', ( #4147, #1908, #1365, #1348 ) ) ;
#805 = DIRECTION ( 'NONE',  ( 0.000000000000000000, -1.000000000000000000, 0.000000000000000000 ) ) ;
#806 = ADVANCED_FACE ( 'NONE', ( #1968 ), #4172, .T. ) ;
#807 = LINE ( 'NONE', #1684, #931 ) ;
#808 = EDGE_CURVE ( 'NONE', #4833, #3524, #1522, .T. ) ;
#809 = VECTOR ( 'NONE', #60, 1000.000000000000000 ) ;
#810 = CARTESIAN_POINT ( 'NONE',  ( 52.00000000000002132, -85.62499999999998579, -11.50000000000003020 ) ) ;
#811 = ORIENTED_EDGE ( 'NONE', *, *, #3449, .T. ) ;
#812 = ORIENTED_EDGE ( 'NONE', *, *, #3740, .F. ) ;
#813 = CARTESIAN_POINT ( 'NONE',  ( 48.15353161276343030, -27.53156693133770005, -32.25000000000000000 ) ) ;
#814 = CARTESIAN_POINT ( 'NONE',  ( 4.930380657631323784E-29, 7.000000000000013323, -4.199999999999939782 ) ) ;
#815 = EDGE_CURVE ( 'NONE', #2214, #3480, #2706, .T. ) ;
#816 = ORIENTED_EDGE ( 'NONE', *, *, #1425, .F. ) ;
#817 = CARTESIAN_POINT ( 'NONE',  ( 63.00000000000001421, -89.37500000000000000, -9.250000000000037303 ) ) ;
#818 = EDGE_LOOP ( 'NONE', ( #1338, #5296, #3725, #3304 ) ) ;
#819 = FACE_OUTER_BOUND ( 'NONE', #1218, .T. ) ;
#820 = ORIENTED_EDGE ( 'NONE', *, *, #5080, .T. ) ;
#821 = CARTESIAN_POINT ( 'NONE',  ( 63.80000000000002558, -39.22819897360492547, -12.45250000000000234 ) ) ;
#822 = VERTEX_POINT ( 'NONE', #3632 ) ;
#823 = PLANE ( 'NONE',  #2750 ) ;
#824 = VECTOR ( 'NONE', #1550, 1000.000000000000000 ) ;
#825 = VECTOR ( 'NONE', #936, 1000.000000000000000 ) ;
#826 = EDGE_LOOP ( 'NONE', ( #1654, #683, #1125, #1102 ) ) ;
#827 = PLANE ( 'NONE',  #4054 ) ;
#828 = PLANE ( 'NONE',  #1926 ) ;
#829 = AXIS2_PLACEMENT_3D ( 'NONE', #2490, #1679, #3870 ) ;
#830 = CARTESIAN_POINT ( 'NONE',  ( 60.00000000000000000, -57.18147956208619576, -31.20000000000000284 ) ) ;
#831 = VERTEX_POINT ( 'NONE', #3686 ) ;
#832 = DIRECTION ( 'NONE',  ( -0.04430961977791337408, 0.9990178464848046280, 3.857021960447798667E-17 ) ) ;
#833 = FACE_BOUND ( 'NONE', #1793, .T. ) ;
#834 = CARTESIAN_POINT ( 'NONE',  ( 4.930380657631323784E-29, 7.000000000000013323, -4.199999999999939782 ) ) ;
#835 = ORIENTED_EDGE ( 'NONE', *, *, #1491, .F. ) ;
#836 = AXIS2_PLACEMENT_3D ( 'NONE', #5207, #3568, #1886 ) ;
#837 = VECTOR ( 'NONE', #2314, 1000.000000000000227 ) ;
#838 = EDGE_CURVE ( 'NONE', #3108, #1284, #4571, .T. ) ;
#839 = ORIENTED_EDGE ( 'NONE', *, *, #2340, .F. ) ;
#840 = DIRECTION ( 'NONE',  ( 0.000000000000000000, 0.000000000000000000, 1.000000000000000000 ) ) ;
#841 = VECTOR ( 'NONE', #3110, 1000.000000000000114 ) ;
#842 = DIRECTION ( 'NONE',  ( -0.000000000000000000, -0.000000000000000000, 1.000000000000000000 ) ) ;
#843 = EDGE_CURVE ( 'NONE', #4575, #849, #3422, .T. ) ;
#844 = AXIS2_PLACEMENT_3D ( 'NONE', #2582, #1709, #35 ) ;
#845 = ADVANCED_FACE ( 'NONE', ( #5401 ), #1727, .F. ) ;
#846 = VERTEX_POINT ( 'NONE', #1607 ) ;
#847 = CARTESIAN_POINT ( 'NONE',  ( 62.56997467337698993, -43.75822430022794407, -7.800000000000004263 ) ) ;
#848 = CARTESIAN_POINT ( 'NONE',  ( 63.00000000000001421, -47.57083966072418235, -15.59999999999999254 ) ) ;
#849 = VERTEX_POINT ( 'NONE', #649 ) ;
#850 = DIRECTION ( 'NONE',  ( 1.000000000000000000, 0.000000000000000000, 0.000000000000000000 ) ) ;
#851 = DIRECTION ( 'NONE',  ( -1.000000000000000000, 0.000000000000000000, 3.304235192336776005E-16 ) ) ;
#852 = ORIENTED_EDGE ( 'NONE', *, *, #4896, .F. ) ;
#853 = FACE_OUTER_BOUND ( 'NONE', #3891, .T. ) ;
#854 = ORIENTED_EDGE ( 'NONE', *, *, #4218, .T. ) ;
#855 = CARTESIAN_POINT ( 'NONE',  ( 63.00000000000001421, -87.00000000000000000, -32.75000000000003553 ) ) ;
#856 = CARTESIAN_POINT ( 'NONE',  ( 63.00000000000001421, -87.00000000000000000, -32.75000000000003553 ) ) ;
#857 = VECTOR ( 'NONE', #4416, 1000.000000000000000 ) ;
#858 = FACE_OUTER_BOUND ( 'NONE', #5495, .T. ) ;
#859 = FACE_OUTER_BOUND ( 'NONE', #567, .T. ) ;
#860 = ORIENTED_EDGE ( 'NONE', *, *, #2655, .F. ) ;
#861 = CIRCLE ( 'NONE', #1221, 1.375000000000001332 ) ;
#862 = DIRECTION ( 'NONE',  ( -1.000000000000000000, -0.000000000000000000, -0.000000000000000000 ) ) ;
#863 = DIRECTION ( 'NONE',  ( 0.000000000000000000, 1.000000000000000000, 0.000000000000000000 ) ) ;
#864 = CARTESIAN_POINT ( 'NONE',  ( 41.99999999999999289, 1.000000000000000888, -1.902599941393916237E-14 ) ) ;
#865 = DIRECTION ( 'NONE',  ( -1.000000000000000000, -0.000000000000000000, -0.000000000000000000 ) ) ;
#866 = ORIENTED_EDGE ( 'NONE', *, *, #2909, .F. ) ;
#867 = EDGE_CURVE ( 'NONE', #5205, #2661, #2891, .T. ) ;
#868 = EDGE_LOOP ( 'NONE', ( #3516, #1069, #2723, #1398 ) ) ;
#869 = VECTOR ( 'NONE', #1600, 1000.000000000000000 ) ;
#870 = CARTESIAN_POINT ( 'NONE',  ( 63.80000000000001137, -10.52819897360492085, -31.20000000000000639 ) ) ;
#871 = FACE_OUTER_BOUND ( 'NONE', #3157, .T. ) ;
#872 = ADVANCED_FACE ( 'NONE', ( #5015 ), #2846, .T. ) ;
#873 = DIRECTION ( 'NONE',  ( 0.000000000000000000, 1.000000000000000000, 0.000000000000000000 ) ) ;
#874 = ORIENTED_EDGE ( 'NONE', *, *, #1423, .T. ) ;
#875 = FACE_OUTER_BOUND ( 'NONE', #3646, .T. ) ;
#876 = FACE_OUTER_BOUND ( 'NONE', #3489, .T. ) ;
#877 = ORIENTED_EDGE ( 'NONE', *, *, #3371, .T. ) ;
#878 = EDGE_CURVE ( 'NONE', #3503, #794, #235, .T. ) ;
#879 = DIRECTION ( 'NONE',  ( 1.467375195723603756E-30, 0.000000000000000000, 1.000000000000000000 ) ) ;
#880 = ADVANCED_FACE ( 'NONE', ( #2901 ), #476, .F. ) ;
#881 = DIRECTION ( 'NONE',  ( 0.000000000000000000, 0.000000000000000000, -1.000000000000000000 ) ) ;
#882 = ORIENTED_EDGE ( 'NONE', *, *, #4247, .F. ) ;
#883 = CARTESIAN_POINT ( 'NONE',  ( 60.00000000000000000, -57.18147956208619576, -10.80000000000000426 ) ) ;
#884 = ORIENTED_EDGE ( 'NONE', *, *, #2857, .T. ) ;
#885 = CARTESIAN_POINT ( 'NONE',  ( 48.15353161276345162, -9.999999999999994671, -9.750000000000005329 ) ) ;
#886 = EDGE_CURVE ( 'NONE', #5169, #216, #4613, .T. ) ;
#887 = FACE_OUTER_BOUND ( 'NONE', #3944, .T. ) ;
#888 = ORIENTED_EDGE ( 'NONE', *, *, #977, .T. ) ;
#889 = CARTESIAN_POINT ( 'NONE',  ( 63.80000000000002558, -42.52819897360492263, -7.200000000000002842 ) ) ;
#890 = DIRECTION ( 'NONE',  ( -1.000000000000000000, 0.000000000000000000, 0.000000000000000000 ) ) ;
#891 = CARTESIAN_POINT ( 'NONE',  ( 63.00000000000001421, -85.62499999999998579, -9.250000000000035527 ) ) ;
#892 = ORIENTED_EDGE ( 'NONE', *, *, #1261, .T. ) ;
#893 = ORIENTED_EDGE ( 'NONE', *, *, #367, .T. ) ;
#894 = AXIS2_PLACEMENT_3D ( 'NONE', #2182, #31, #1366 ) ;
#895 = DIRECTION ( 'NONE',  ( 1.000000000000000000, 0.000000000000000000, -3.304235192336780935E-16 ) ) ;
#896 = CARTESIAN_POINT ( 'NONE',  ( 36.49999999999998579, 8.000000000000000000, -36.50000000000001421 ) ) ;
#897 = AXIS2_PLACEMENT_3D ( 'NONE', #2060, #4994, #741 ) ;
#898 = EDGE_LOOP ( 'NONE', ( #2303, #1869, #4268, #746, #1806 ) ) ;
#899 = EDGE_LOOP ( 'NONE', ( #3579, #441, #4398, #3124, #1975, #1797, #2496, #951, #1928, #1409, #5278, #4029, #95, #3748 ) ) ;
#900 = CARTESIAN_POINT ( 'NONE',  ( 63.80000000000001137, -35.92819897360492121, -23.39999999999998437 ) ) ;
#901 = ORIENTED_EDGE ( 'NONE', *, *, #3518, .F. ) ;
#902 = PLANE ( 'NONE',  #1232 ) ;
#903 = EDGE_CURVE ( 'NONE', #3214, #3210, #4599, .T. ) ;
#904 = ORIENTED_EDGE ( 'NONE', *, *, #2076, .T. ) ;
#905 = DIRECTION ( 'NONE',  ( 1.000000000000000000, 0.000000000000000000, -6.217646867300384409E-16 ) ) ;
#906 = DIRECTION ( 'NONE',  ( -0.6900800426524552611, -0.1542385643501291426, 0.7071067811865451302 ) ) ;
#907 = DIRECTION ( 'NONE',  ( 0.000000000000000000, 0.000000000000000000, 1.000000000000000000 ) ) ;
#908 = ORIENTED_EDGE ( 'NONE', *, *, #3624, .T. ) ;
#909 = AXIS2_PLACEMENT_3D ( 'NONE', #5192, #1311, #4235 ) ;
#910 = ORIENTED_EDGE ( 'NONE', *, *, #2122, .F. ) ;
#911 = EDGE_CURVE ( 'NONE', #2251, #1536, #5043, .T. ) ;
#912 = PLANE ( 'NONE',  #1882 ) ;
#913 = VECTOR ( 'NONE', #1866, 1000.000000000000000 ) ;
#914 = CIRCLE ( 'NONE', #1910, 10.00000000000000178 ) ;
#915 = DIRECTION ( 'NONE',  ( 1.000000000000000000, 9.598933135901296437E-32, -5.256737805990325036E-16 ) ) ;
#916 = EDGE_CURVE ( 'NONE', #5553, #4032, #2112, .T. ) ;
#917 = CARTESIAN_POINT ( 'NONE',  ( -1.040834085586084730E-14, 0.000000000000000000, -19.50000000000000355 ) ) ;
#918 = VERTEX_POINT ( 'NONE', #4709 ) ;
#919 = EDGE_CURVE ( 'NONE', #4377, #4261, #1664, .T. ) ;
#920 = VECTOR ( 'NONE', #4761, 1000.000000000000227 ) ;
#921 = ORIENTED_EDGE ( 'NONE', *, *, #2414, .T. ) ;
#922 = PLANE ( 'NONE',  #211 ) ;
#923 = VECTOR ( 'NONE', #2948, 1000.000000000000114 ) ;
#924 = ORIENTED_EDGE ( 'NONE', *, *, #3220, .F. ) ;
#925 = AXIS2_PLACEMENT_3D ( 'NONE', #2319, #220, #695 ) ;
#926 = VECTOR ( 'NONE', #4169, 1000.000000000000114 ) ;
#927 = ORIENTED_EDGE ( 'NONE', *, *, #815, .T. ) ;
#928 = CARTESIAN_POINT ( 'NONE',  ( 60.00000000000000000, -57.18147956208619576, -26.40000000000000213 ) ) ;
#929 = FACE_BOUND ( 'NONE', #2247, .T. ) ;
#930 = ORIENTED_EDGE ( 'NONE', *, *, #3661, .F. ) ;
#931 = VECTOR ( 'NONE', #363, 1000.000000000000000 ) ;
#932 = LINE ( 'NONE', #4378, #1909 ) ;
#933 = VERTEX_POINT ( 'NONE', #847 ) ;
#934 = FACE_OUTER_BOUND ( 'NONE', #1812, .T. ) ;
#935 = ORIENTED_EDGE ( 'NONE', *, *, #4455, .F. ) ;
#936 = DIRECTION ( 'NONE',  ( 3.304235192336776005E-16, -2.514091994169284236E-16, 1.000000000000000000 ) ) ;
#937 = CARTESIAN_POINT ( 'NONE',  ( 61.03731512000088344, -9.202426843997562500, -39.00000000000000000 ) ) ;
#938 = EDGE_CURVE ( 'NONE', #2699, #141, #433, .T. ) ;
#939 = EDGE_CURVE ( 'NONE', #274, #2309, #2140, .T. ) ;
#940 = DIRECTION ( 'NONE',  ( 0.000000000000000000, -1.000000000000000000, 0.000000000000000000 ) ) ;
#941 = ORIENTED_EDGE ( 'NONE', *, *, #311, .F. ) ;
#942 = AXIS2_PLACEMENT_3D ( 'NONE', #332, #1249, #2989 ) ;
#943 = ORIENTED_EDGE ( 'NONE', *, *, #4856, .T. ) ;
#944 = DIRECTION ( 'NONE',  ( 0.000000000000000000, -0.000000000000000000, 1.000000000000000000 ) ) ;
#945 = AXIS2_PLACEMENT_3D ( 'NONE', #4485, #2307, #154 ) ;
#946 = CYLINDRICAL_SURFACE ( 'NONE', #5346, 1.375000000000001332 ) ;
#947 = FACE_OUTER_BOUND ( 'NONE', #242, .T. ) ;
#948 = ORIENTED_EDGE ( 'NONE', *, *, #1441, .T. ) ;
#949 = ADVANCED_FACE ( 'NONE', ( #875 ), #4314, .T. ) ;
#950 = AXIS2_PLACEMENT_3D ( 'NONE', #3413, #1233, #2998 ) ;
#951 = ORIENTED_EDGE ( 'NONE', *, *, #3683, .T. ) ;
#952 = EDGE_CURVE ( 'NONE', #846, #1474, #4401, .T. ) ;
#953 = CARTESIAN_POINT ( 'NONE',  ( 54.80000000000003268, 8.000000000000000000, -3.016802260014148556E-14 ) ) ;
#954 = VECTOR ( 'NONE', #1957, 1000.000000000000000 ) ;
#955 = EDGE_LOOP ( 'NONE', ( #4338, #541, #4450, #1887, #1415 ) ) ;
#956 = ORIENTED_EDGE ( 'NONE', *, *, #699, .T. ) ;
#957 = CARTESIAN_POINT ( 'NONE',  ( 59.80000000000000426, -39.22819897360492547, -33.40750000000000597 ) ) ;
#958 = FACE_OUTER_BOUND ( 'NONE', #3087, .T. ) ;
#959 = ORIENTED_EDGE ( 'NONE', *, *, #843, .F. ) ;
#960 = VECTOR ( 'NONE', #3925, 1000.000000000000000 ) ;
#961 = CARTESIAN_POINT ( 'NONE',  ( 64.00000000000001421, -87.00000000000000000, -21.00000000000003553 ) ) ;
#962 = EDGE_LOOP ( 'NONE', ( #4806, #375 ) ) ;
#963 = LINE ( 'NONE', #4795, #825 ) ;
#964 = DIRECTION ( 'NONE',  ( 0.000000000000000000, 1.000000000000000000, 0.000000000000000000 ) ) ;
#965 =( BOUNDED_CURVE ( )  B_SPLINE_CURVE ( 3, ( #1434, #5352, #4111, #2277 ),
 .UNSPECIFIED., .F., .T. ) 
 B_SPLINE_CURVE_WITH_KNOTS ( ( 4, 4 ),
 ( 6.063291212069912284, 6.128110634215247821 ),
 .UNSPECIFIED. ) 
 CURVE ( )  GEOMETRIC_REPRESENTATION_ITEM ( )  RATIONAL_B_SPLINE_CURVE ( ( 1.000000000000000000, 0.9996499008560398858, 0.9996499008560398858, 1.000000000000000000 ) ) 
 REPRESENTATION_ITEM ( '' )  );
#966 = LINE ( 'NONE', #2676, #4699 ) ;
#967 = VERTEX_POINT ( 'NONE', #117 ) ;
#968 = VERTEX_POINT ( 'NONE', #515 ) ;
#969 = EDGE_CURVE ( 'NONE', #2087, #1862, #1832, .T. ) ;
#970 = DIRECTION ( 'NONE',  ( 0.000000000000000000, 0.000000000000000000, 1.000000000000000000 ) ) ;
#971 = FACE_OUTER_BOUND ( 'NONE', #1851, .T. ) ;
#972 = EDGE_CURVE ( 'NONE', #3129, #2269, #3483, .T. ) ;
#973 = DIRECTION ( 'NONE',  ( 0.000000000000000000, 0.000000000000000000, -1.000000000000000000 ) ) ;
#974 = ORIENTED_EDGE ( 'NONE', *, *, #96, .T. ) ;
#975 = ORIENTED_EDGE ( 'NONE', *, *, #3840, .F. ) ;
#976 = EDGE_CURVE ( 'NONE', #1510, #5062, #4108, .T. ) ;
#977 = EDGE_CURVE ( 'NONE', #1958, #2672, #1350, .T. ) ;
#978 = FACE_OUTER_BOUND ( 'NONE', #224, .T. ) ;
#979 = DIRECTION ( 'NONE',  ( -0.000000000000000000, -1.000000000000000000, -0.000000000000000000 ) ) ;
#980 = ORIENTED_EDGE ( 'NONE', *, *, #5001, .F. ) ;
#981 = EDGE_CURVE ( 'NONE', #1342, #438, #2274, .T. ) ;
#982 = CIRCLE ( 'NONE', #3309, 1.000000000000000888 ) ;
#983 = ORIENTED_EDGE ( 'NONE', *, *, #1412, .F. ) ;
#984 = DIRECTION ( 'NONE',  ( 0.000000000000000000, 0.000000000000000000, -1.000000000000000000 ) ) ;
#985 = ORIENTED_EDGE ( 'NONE', *, *, #236, .F. ) ;
#986 = VECTOR ( 'NONE', #2369, 1000.000000000000000 ) ;
#987 = EDGE_CURVE ( 'NONE', #3792, #2820, #386, .T. ) ;
#988 = DIRECTION ( 'NONE',  ( -1.000000000000000000, 0.000000000000000000, -0.000000000000000000 ) ) ;
#989 = ORIENTED_EDGE ( 'NONE', *, *, #555, .T. ) ;
#990 = DIRECTION ( 'NONE',  ( 0.000000000000000000, 0.000000000000000000, -1.000000000000000000 ) ) ;
#991 = CARTESIAN_POINT ( 'NONE',  ( 42.00000000000000711, 0.000000000000000000, -32.25000000000000000 ) ) ;
#992 = DIRECTION ( 'NONE',  ( 1.000000000000000000, 0.000000000000000000, -8.704705614220536398E-16 ) ) ;
#993 = ADVANCED_FACE ( 'NONE', ( #4342 ), #590, .F. ) ;
#994 = CARTESIAN_POINT ( 'NONE',  ( 52.00000000000002132, -9.999999999999994671, -23.90000000000003055 ) ) ;
#995 = ORIENTED_EDGE ( 'NONE', *, *, #1692, .T. ) ;
#996 = CARTESIAN_POINT ( 'NONE',  ( 59.80000000000001847, -7.228198973604922806, -12.45250000000000057 ) ) ;
#997 = LINE ( 'NONE', #2710, #2280 ) ;
#998 = LINE ( 'NONE', #4363, #2381 ) ;
#999 = ORIENTED_EDGE ( 'NONE', *, *, #2839, .F. ) ;
#1000 = EDGE_CURVE ( 'NONE', #3192, #1587, #3537, .T. ) ;
#1001 = ORIENTED_EDGE ( 'NONE', *, *, #4957, .T. ) ;
#1002 = VECTOR ( 'NONE', #3774, 1000.000000000000000 ) ;
#1003 = PLANE ( 'NONE',  #1813 ) ;
#1004 = DIRECTION ( 'NONE',  ( -0.2079116908177600920, 0.9781476007338054668, 0.000000000000000000 ) ) ;
#1005 = CARTESIAN_POINT ( 'NONE',  ( 85.15592597064392066, 29.89375286150325195, -2.062026159885232574E-14 ) ) ;
#1006 = ORIENTED_EDGE ( 'NONE', *, *, #3380, .F. ) ;
#1007 = EDGE_CURVE ( 'NONE', #452, #1880, #2693, .T. ) ;
#1008 = VECTOR ( 'NONE', #4028, 1000.000000000000000 ) ;
#1009 = VECTOR ( 'NONE', #5206, 1000.000000000000000 ) ;
#1010 = ORIENTED_EDGE ( 'NONE', *, *, #5084, .T. ) ;
#1011 = CARTESIAN_POINT ( 'NONE',  ( 42.29070357630713062, -1.300639286824817109, -8.823393985921445193 ) ) ;
#1012 = LINE ( 'NONE', #4021, #1017 ) ;
#1013 = ORIENTED_EDGE ( 'NONE', *, *, #1068, .T. ) ;
#1014 = DIRECTION ( 'NONE',  ( 1.000000000000000000, -0.000000000000000000, 0.000000000000000000 ) ) ;
#1015 = ORIENTED_EDGE ( 'NONE', *, *, #4728, .F. ) ;
#1016 = EDGE_CURVE ( 'NONE', #1260, #4113, #559, .T. ) ;
#1017 = VECTOR ( 'NONE', #2275, 1000.000000000000000 ) ;
#1018 = ORIENTED_EDGE ( 'NONE', *, *, #2458, .F. ) ;
#1019 = DIRECTION ( 'NONE',  ( -1.000000000000000000, 0.000000000000000000, 0.000000000000000000 ) ) ;
#1020 = ADVANCED_FACE ( 'NONE', ( #170 ), #3704, .F. ) ;
#1021 = CARTESIAN_POINT ( 'NONE',  ( 0.000000000000000000, 0.000000000000000000, -26.39999999999998792 ) ) ;
#1022 = LINE ( 'NONE', #5361, #3702 ) ;
#1023 = EDGE_LOOP ( 'NONE', ( #740, #4056, #2285, #18 ) ) ;
#1024 = AXIS2_PLACEMENT_3D ( 'NONE', #1906, #667, #1035 ) ;
#1025 = ORIENTED_EDGE ( 'NONE', *, *, #3881, .T. ) ;
#1026 = CARTESIAN_POINT ( 'NONE',  ( 59.89999999999997726, -85.62499999999998579, -11.50000000000003020 ) ) ;
#1027 = DIRECTION ( 'NONE',  ( 0.000000000000000000, 0.000000000000000000, -1.000000000000000000 ) ) ;
#1028 = CARTESIAN_POINT ( 'NONE',  ( 60.00000000000000000, -57.18147956208619576, -23.40000000000000568 ) ) ;
#1029 = AXIS2_PLACEMENT_3D ( 'NONE', #4330, #3078, #3444 ) ;
#1030 = DIRECTION ( 'NONE',  ( 0.000000000000000000, 0.000000000000000000, -1.000000000000000000 ) ) ;
#1031 = EDGE_LOOP ( 'NONE', ( #1614, #4628, #1739, #4794 ) ) ;
#1032 = ORIENTED_EDGE ( 'NONE', *, *, #3872, .T. ) ;
#1033 = VECTOR ( 'NONE', #964, 1000.000000000000000 ) ;
#1034 = CARTESIAN_POINT ( 'NONE',  ( 60.27433276148052954, 8.000000000000000000, -10.80000000000000426 ) ) ;
#1035 = DIRECTION ( 'NONE',  ( 0.000000000000000000, 0.000000000000000000, -1.000000000000000000 ) ) ;
#1036 = CARTESIAN_POINT ( 'NONE',  ( 0.000000000000000000, 0.000000000000000000, -15.59999999999999254 ) ) ;
#1037 = ORIENTED_EDGE ( 'NONE', *, *, #1865, .T. ) ;
#1038 = AXIS2_PLACEMENT_3D ( 'NONE', #4601, #5554, #5438 ) ;
#1039 = LINE ( 'NONE', #493, #3931 ) ;
#1040 = DIRECTION ( 'NONE',  ( 0.000000000000000000, 0.000000000000000000, 1.000000000000000000 ) ) ;
#1041 = ADVANCED_FACE ( 'NONE', ( #2641 ), #4862, .F. ) ;
#1042 = VECTOR ( 'NONE', #2047, 1000.000000000000114 ) ;
#1043 = CARTESIAN_POINT ( 'NONE',  ( 42.00000000000001421, -9.999999999999994671, -29.25000000000000000 ) ) ;
#1044 = ADVANCED_FACE ( 'NONE', ( #3567 ), #1858, .F. ) ;
#1045 = ORIENTED_EDGE ( 'NONE', *, *, #2962, .T. ) ;
#1046 = CARTESIAN_POINT ( 'NONE',  ( 48.15353161276349425, 0.000000000000000000, -3.000000000000002665 ) ) ;
#1047 = EDGE_CURVE ( 'NONE', #3108, #2945, #4375, .T. ) ;
#1048 = DIRECTION ( 'NONE',  ( -0.3420201433256629397, -0.000000000000000000, 0.9396926207859105373 ) ) ;
#1049 = LINE ( 'NONE', #3689, #3333 ) ;
#1050 = ORIENTED_EDGE ( 'NONE', *, *, #3195, .F. ) ;
#1051 = CARTESIAN_POINT ( 'NONE',  ( 60.00000000000000000, -10.52819897360492085, -23.40000000000000568 ) ) ;
#1052 = ORIENTED_EDGE ( 'NONE', *, *, #3389, .T. ) ;
#1053 = DIRECTION ( 'NONE',  ( -0.000000000000000000, -1.000000000000000000, -0.000000000000000000 ) ) ;
#1054 = DIRECTION ( 'NONE',  ( 0.000000000000000000, -1.000000000000000000, -5.204170427930421283E-16 ) ) ;
#1055 = DIRECTION ( 'NONE',  ( 0.000000000000000000, -1.000000000000000000, 0.000000000000000000 ) ) ;
#1056 = ORIENTED_EDGE ( 'NONE', *, *, #5257, .T. ) ;
#1057 = ADVANCED_FACE ( 'NONE', ( #1431 ), #5234, .T. ) ;
#1058 = DIRECTION ( 'NONE',  ( -0.000000000000000000, -0.000000000000000000, -1.000000000000000000 ) ) ;
#1059 = VERTEX_POINT ( 'NONE', #4922 ) ;
#1060 = CARTESIAN_POINT ( 'NONE',  ( 60.00000000000000000, -47.57083966072418946, -10.80000000000000426 ) ) ;
#1061 = CARTESIAN_POINT ( 'NONE',  ( 50.18808331631544917, -36.63437161758102434, -3.740516260168496920 ) ) ;
#1062 = CARTESIAN_POINT ( 'NONE',  ( 48.15353161276345162, -27.53156693133782440, -9.750000000000005329 ) ) ;
#1063 = ORIENTED_EDGE ( 'NONE', *, *, #182, .T. ) ;
#1064 = PLANE ( 'NONE',  #4915 ) ;
#1065 = CARTESIAN_POINT ( 'NONE',  ( 4.200000000000000178, 1.000000000000000888, 1.387778780781445676E-14 ) ) ;
#1066 = CARTESIAN_POINT ( 'NONE',  ( 63.00000000000001421, -85.62499999999998579, -9.250000000000035527 ) ) ;
#1067 = LINE ( 'NONE', #4456, #5058 ) ;
#1068 = EDGE_CURVE ( 'NONE', #157, #2684, #200, .T. ) ;
#1069 = ORIENTED_EDGE ( 'NONE', *, *, #3492, .F. ) ;
#1070 = CARTESIAN_POINT ( 'NONE',  ( 64.00000000000001421, -76.00000000000002842, -39.00000000000000000 ) ) ;
#1071 = CIRCLE ( 'NONE', #5032, 1.000000000000000888 ) ;
#1072 = LINE ( 'NONE', #2731, #507 ) ;
#1073 = CARTESIAN_POINT ( 'NONE',  ( 64.00000000000001421, -76.00000000000002842, -10.80000000000000426 ) ) ;
#1074 = CARTESIAN_POINT ( 'NONE',  ( 51.49933179446948373, -42.98259040445616819, -18.28222832405656462 ) ) ;
#1075 = ORIENTED_EDGE ( 'NONE', *, *, #843, .T. ) ;
#1076 = CARTESIAN_POINT ( 'NONE',  ( 63.00000000000001421, -87.00000000000000000, -13.87500000000003375 ) ) ;
#1077 = LINE ( 'NONE', #2790, #3637 ) ;
#1078 = DIRECTION ( 'NONE',  ( 1.000000000000000000, 0.000000000000000000, 0.000000000000000000 ) ) ;
#1079 = ORIENTED_EDGE ( 'NONE', *, *, #4595, .F. ) ;
#1080 = LINE ( 'NONE', #218, #4002 ) ;
#1081 = ORIENTED_EDGE ( 'NONE', *, *, #371, .T. ) ;
#1082 = LINE ( 'NONE', #309, #1829 ) ;
#1083 = LINE ( 'NONE', #4162, #576 ) ;
#1084 = EDGE_CURVE ( 'NONE', #2080, #3955, #914, .T. ) ;
#1085 = CYLINDRICAL_SURFACE ( 'NONE', #5354, 1.000000000000000888 ) ;
#1086 = ORIENTED_EDGE ( 'NONE', *, *, #3962, .F. ) ;
#1087 = AXIS2_PLACEMENT_3D ( 'NONE', #1184, #3344, #2420 ) ;
#1088 = VECTOR ( 'NONE', #2649, 1000.000000000000114 ) ;
#1089 = DIRECTION ( 'NONE',  ( 0.000000000000000000, 0.7071067811865464625, 0.7071067811865486830 ) ) ;
#1090 = LINE ( 'NONE', #1065, #2532 ) ;
#1091 = LINE ( 'NONE', #5377, #2095 ) ;
#1092 = AXIS2_PLACEMENT_3D ( 'NONE', #4119, #265, #5407 ) ;
#1093 = AXIS2_PLACEMENT_3D ( 'NONE', #3136, #3919, #5293 ) ;
#1094 = DIRECTION ( 'NONE',  ( -0.2079116908177600642, 0.9781476007338054668, 0.000000000000000000 ) ) ;
#1095 = VECTOR ( 'NONE', #464, 1000.000000000000000 ) ;
#1096 = EDGE_LOOP ( 'NONE', ( #4275, #3598, #1454, #5396 ) ) ;
#1097 = DIRECTION ( 'NONE',  ( -0.000000000000000000, -0.000000000000000000, -1.000000000000000000 ) ) ;
#1098 = DIRECTION ( 'NONE',  ( 0.000000000000000000, 1.000000000000000000, 0.000000000000000000 ) ) ;
#1099 = LINE ( 'NONE', #4544, #4374 ) ;
#1100 = VECTOR ( 'NONE', #49, 1000.000000000000114 ) ;
#1101 = CARTESIAN_POINT ( 'NONE',  ( 59.80000000000001847, -39.22819897360492547, -10.52250000000000263 ) ) ;
#1102 = ORIENTED_EDGE ( 'NONE', *, *, #4859, .F. ) ;
#1103 = VECTOR ( 'NONE', #612, 1000.000000000000000 ) ;
#1104 = EDGE_CURVE ( 'NONE', #4232, #3921, #1090, .T. ) ;
#1105 = DIRECTION ( 'NONE',  ( -0.3420201433256651602, -0.000000000000000000, 0.9396926207859097602 ) ) ;
#1106 = ORIENTED_EDGE ( 'NONE', *, *, #3872, .F. ) ;
#1107 = VECTOR ( 'NONE', #1004, 1000.000000000000114 ) ;
#1108 = CARTESIAN_POINT ( 'NONE',  ( 64.00000000000001421, -87.00000000000000000, -11.50000000000003197 ) ) ;
#1109 = DIRECTION ( 'NONE',  ( -1.000000000000000000, 0.000000000000000000, 0.000000000000000000 ) ) ;
#1110 = DIRECTION ( 'NONE',  ( 0.2181262695449070199, -0.9759205554421027662, 0.000000000000000000 ) ) ;
#1111 = ORIENTED_EDGE ( 'NONE', *, *, #4771, .T. ) ;
#1112 = DIRECTION ( 'NONE',  ( 0.000000000000000000, 0.000000000000000000, -1.000000000000000000 ) ) ;
#1113 = ORIENTED_EDGE ( 'NONE', *, *, #63, .T. ) ;
#1114 = CARTESIAN_POINT ( 'NONE',  ( 63.00000000000001421, -87.00000000000000000, -23.90000000000003411 ) ) ;
#1115 = ADVANCED_FACE ( 'NONE', ( #3742 ), #5348, .T. ) ;
#1116 = DIRECTION ( 'NONE',  ( 0.000000000000000000, -1.000000000000000000, 0.000000000000000000 ) ) ;
#1117 = ORIENTED_EDGE ( 'NONE', *, *, #3898, .F. ) ;
#1118 = CIRCLE ( 'NONE', #500, 1.375000000000001332 ) ;
#1119 = CARTESIAN_POINT ( 'NONE',  ( 50.89514804236022627, -39.79785578486985287, -13.74786677414840597 ) ) ;
#1120 = EDGE_CURVE ( 'NONE', #3858, #3153, #4428, .T. ) ;
#1121 = EDGE_CURVE ( 'NONE', #846, #2481, #197, .T. ) ;
#1122 = DIRECTION ( 'NONE',  ( -0.000000000000000000, -1.000000000000000000, -0.000000000000000000 ) ) ;
#1123 = PLANE ( 'NONE',  #3160 ) ;
#1124 = CIRCLE ( 'NONE', #5446, 1.700000000000000178 ) ;
#1125 = ORIENTED_EDGE ( 'NONE', *, *, #1297, .F. ) ;
#1126 = CARTESIAN_POINT ( 'NONE',  ( 64.00000000000001421, -76.00000000000002842, -26.40000000000000213 ) ) ;
#1127 = CARTESIAN_POINT ( 'NONE',  ( 64.00000000000001421, -89.37500000000000000, -30.50000000000004619 ) ) ;
#1128 = CARTESIAN_POINT ( 'NONE',  ( 50.18808331631544917, -36.63437161758102434, -3.740516260168496920 ) ) ;
#1129 = VECTOR ( 'NONE', #4721, 1000.000000000000000 ) ;
#1130 = LINE ( 'NONE', #625, #1992 ) ;
#1131 = ORIENTED_EDGE ( 'NONE', *, *, #4326, .F. ) ;
#1132 = CARTESIAN_POINT ( 'NONE',  ( 42.00000000000001421, -9.999999999999994671, -23.90000000000003055 ) ) ;
#1133 = ORIENTED_EDGE ( 'NONE', *, *, #2656, .F. ) ;
#1134 =( GEOMETRIC_REPRESENTATION_CONTEXT ( 3 ) GLOBAL_UNCERTAINTY_ASSIGNED_CONTEXT ( ( #2925 ) ) GLOBAL_UNIT_ASSIGNED_CONTEXT ( ( #4196, #1291, #3822 ) ) REPRESENTATION_CONTEXT ( 'NONE', 'WORKASPACE' ) );
#1135 = FACE_OUTER_BOUND ( 'NONE', #3572, .T. ) ;
#1136 = DIRECTION ( 'NONE',  ( 1.000000000000000000, 0.000000000000000000, 1.652117596168386277E-16 ) ) ;
#1137 = CARTESIAN_POINT ( 'NONE',  ( 63.80000000000001137, -10.52819897360492085, -18.60000000000000497 ) ) ;
#1138 = ORIENTED_EDGE ( 'NONE', *, *, #1676, .T. ) ;
#1139 = ADVANCED_FACE ( 'NONE', ( #5037 ), #1990, .F. ) ;
#1140 = ORIENTED_EDGE ( 'NONE', *, *, #4758, .F. ) ;
#1141 = DIRECTION ( 'NONE',  ( -1.000000000000000000, 0.000000000000000000, 0.000000000000000000 ) ) ;
#1142 = PLANE ( 'NONE',  #2544 ) ;
#1143 = DIRECTION ( 'NONE',  ( 1.652117596168386277E-16, 0.000000000000000000, -1.000000000000000000 ) ) ;
#1144 = CARTESIAN_POINT ( 'NONE',  ( 60.00000000000000000, -57.18147956208619576, -15.60000000000000675 ) ) ;
#1145 = VERTEX_POINT ( 'NONE', #4537 ) ;
#1146 =( BOUNDED_CURVE ( )  B_SPLINE_CURVE ( 3, ( #194, #2597, #466, #3063 ),
 .UNSPECIFIED., .F., .T. ) 
 B_SPLINE_CURVE_WITH_KNOTS ( ( 4, 4 ),
 ( 3.296667326554131083, 3.361486748699467064 ),
 .UNSPECIFIED. ) 
 CURVE ( )  GEOMETRIC_REPRESENTATION_ITEM ( )  RATIONAL_B_SPLINE_CURVE ( ( 1.000000000000000000, 0.9996499008560398858, 0.9996499008560398858, 1.000000000000000000 ) ) 
 REPRESENTATION_ITEM ( '' )  );
#1147 = CARTESIAN_POINT ( 'NONE',  ( 50.18808331631544917, -36.63437161758102434, -13.49051626016852623 ) ) ;
#1148 = CARTESIAN_POINT ( 'NONE',  ( 52.00000000000001421, -46.18523055774763009, -18.09999999999997655 ) ) ;
#1149 = CARTESIAN_POINT ( 'NONE',  ( 59.39999999999999858, -87.00000000000000000, -11.50000000000003197 ) ) ;
#1150 = ADVANCED_FACE ( 'NONE', ( #4081 ), #3626, .F. ) ;
#1151 = ORIENTED_EDGE ( 'NONE', *, *, #3280, .T. ) ;
#1152 = CARTESIAN_POINT ( 'NONE',  ( 42.00000000000000711, -9.999999999999994671, -19.50000000000000355 ) ) ;
#1153 = CARTESIAN_POINT ( 'NONE',  ( 52.00000000000001421, -9.999999999999994671, -9.797174393178803964E-16 ) ) ;
#1154 = ADVANCED_FACE ( 'NONE', ( #1489 ), #2755, .T. ) ;
#1155 = CARTESIAN_POINT ( 'NONE',  ( 60.00000000000000000, -57.18147956208619576, -18.60000000000000497 ) ) ;
#1156 = LINE ( 'NONE', #2848, #1395 ) ;
#1157 =( LENGTH_UNIT ( ) NAMED_UNIT ( * ) SI_UNIT ( .MILLI., .METRE. ) );
#1158 = VERTEX_POINT ( 'NONE', #1517 ) ;
#1159 = CARTESIAN_POINT ( 'NONE',  ( 59.80000000000001847, -7.228198973604922806, -12.45250000000000057 ) ) ;
#1160 = ORIENTED_EDGE ( 'NONE', *, *, #3968, .T. ) ;
#1161 = AXIS2_PLACEMENT_3D ( 'NONE', #4469, #4911, #3205 ) ;
#1162 = CARTESIAN_POINT ( 'NONE',  ( 63.00000000000000000, -47.57083966072418235, -31.19999999999998863 ) ) ;
#1163 = FACE_OUTER_BOUND ( 'NONE', #3028, .T. ) ;
#1164 = DIRECTION ( 'NONE',  ( 0.000000000000000000, 0.000000000000000000, 1.000000000000000000 ) ) ;
#1165 = VERTEX_POINT ( 'NONE', #3193 ) ;
#1166 = EDGE_CURVE ( 'NONE', #1494, #2227, #5322, .T. ) ;
#1167 = CONICAL_SURFACE ( 'NONE', #4592, 21.00000000000000000, 0.7853981633974552734 ) ;
#1168 = CARTESIAN_POINT ( 'NONE',  ( 59.39999999999999858, -86.99999999999998579, -21.00000000000003553 ) ) ;
#1169 = ORIENTED_EDGE ( 'NONE', *, *, #3209, .F. ) ;
#1170 = LINE ( 'NONE', #338, #1705 ) ;
#1171 = CARTESIAN_POINT ( 'NONE',  ( 4.200000000000000178, 1.000000000000000888, 1.387778780781445676E-14 ) ) ;
#1172 = CARTESIAN_POINT ( 'NONE',  ( 53.80000000000001137, -86.99999999999998579, -21.00000000000003553 ) ) ;
#1173 = EDGE_LOOP ( 'NONE', ( #2368, #1262, #93, #4071 ) ) ;
#1174 = CARTESIAN_POINT ( 'NONE',  ( 61.03731512000088344, -9.202426843997566053, -3.000000000000002665 ) ) ;
#1175 = DIRECTION ( 'NONE',  ( 3.304235192336776005E-16, 0.000000000000000000, 1.000000000000000000 ) ) ;
#1176 = CARTESIAN_POINT ( 'NONE',  ( 42.00000000000001421, -9.999999999999994671, -37.59999999999997300 ) ) ;
#1177 = EDGE_CURVE ( 'NONE', #537, #4232, #2386, .T. ) ;
#1178 = CARTESIAN_POINT ( 'NONE',  ( 59.39999999999999858, -85.12499999999997158, -30.50000000000004263 ) ) ;
#1179 = ORIENTED_EDGE ( 'NONE', *, *, #3163, .T. ) ;
#1180 = ADVANCED_FACE ( 'NONE', ( #5376 ), #2841, .T. ) ;
#1181 = CARTESIAN_POINT ( 'NONE',  ( 63.80000000000001137, -35.92819897360492121, -23.39999999999998437 ) ) ;
#1182 = CIRCLE ( 'NONE', #4339, 1.929999999999997717 ) ;
#1183 = AXIS2_PLACEMENT_3D ( 'NONE', #5380, #287, #4948 ) ;
#1184 = CARTESIAN_POINT ( 'NONE',  ( 63.00000000000001421, -87.00000000000000000, -11.50000000000003197 ) ) ;
#1185 = FACE_OUTER_BOUND ( 'NONE', #2738, .T. ) ;
#1186 = ORIENTED_EDGE ( 'NONE', *, *, #2316, .T. ) ;
#1187 = EDGE_CURVE ( 'NONE', #1474, #499, #4482, .T. ) ;
#1188 = CYLINDRICAL_SURFACE ( 'NONE', #4786, 1.375000000000001332 ) ;
#1189 = VECTOR ( 'NONE', #3629, 1000.000000000000000 ) ;
#1190 = CARTESIAN_POINT ( 'NONE',  ( 59.89999999999997726, -88.37500000000000000, -9.250000000000035527 ) ) ;
#1191 = VERTEX_POINT ( 'NONE', #1148 ) ;
#1192 = DIRECTION ( 'NONE',  ( -8.704705614220536398E-16, 0.000000000000000000, -1.000000000000000000 ) ) ;
#1193 = AXIS2_PLACEMENT_3D ( 'NONE', #1149, #3828, #4656 ) ;
#1194 = FACE_OUTER_BOUND ( 'NONE', #347, .T. ) ;
#1195 = CARTESIAN_POINT ( 'NONE',  ( 64.00000000000001421, -76.00000000000002842, -31.20000000000000284 ) ) ;
#1196 = VERTEX_POINT ( 'NONE', #2412 ) ;
#1197 = DIRECTION ( 'NONE',  ( -1.000000000000000000, 0.000000000000000000, 0.000000000000000000 ) ) ;
#1198 = CIRCLE ( 'NONE', #126, 40.00000000000000000 ) ;
#1199 = EDGE_LOOP ( 'NONE', ( #1131, #1081, #3133, #100 ) ) ;
#1200 = CARTESIAN_POINT ( 'NONE',  ( 59.89999999999997726, -87.00000000000000000, -11.50000000000003197 ) ) ;
#1201 = FACE_OUTER_BOUND ( 'NONE', #2295, .T. ) ;
#1202 = VECTOR ( 'NONE', #3388, 1000.000000000000000 ) ;
#1203 = LINE ( 'NONE', #2520, #4553 ) ;
#1204 = ORIENTED_EDGE ( 'NONE', *, *, #4496, .T. ) ;
#1205 = VECTOR ( 'NONE', #5365, 1000.000000000000114 ) ;
#1206 = DIRECTION ( 'NONE',  ( 0.000000000000000000, 0.000000000000000000, -1.000000000000000000 ) ) ;
#1207 = CARTESIAN_POINT ( 'NONE',  ( 20.99999999999999645, 5.000000000000028422, -21.00000000000000000 ) ) ;
#1208 = AXIS2_PLACEMENT_3D ( 'NONE', #629, #4912, #1054 ) ;
#1209 = LINE ( 'NONE', #2024, #1285 ) ;
#1210 = EDGE_CURVE ( 'NONE', #4749, #2202, #1368, .T. ) ;
#1211 = ORIENTED_EDGE ( 'NONE', *, *, #5463, .T. ) ;
#1212 = CARTESIAN_POINT ( 'NONE',  ( 60.00000000000000000, -57.18147956208619576, -7.800000000000004263 ) ) ;
#1213 = ORIENTED_EDGE ( 'NONE', *, *, #2962, .F. ) ;
#1214 = DIRECTION ( 'NONE',  ( 3.304235192336776005E-16, 0.000000000000000000, 1.000000000000000000 ) ) ;
#1215 = AXIS2_PLACEMENT_3D ( 'NONE', #1005, #3892, #436 ) ;
#1216 = CARTESIAN_POINT ( 'NONE',  ( 63.80000000000001137, -35.92819897360492121, -18.60000000000000497 ) ) ;
#1217 = EDGE_CURVE ( 'NONE', #3751, #3054, #3341, .T. ) ;
#1218 = EDGE_LOOP ( 'NONE', ( #1050, #5428, #3536, #1421 ) ) ;
#1219 = EDGE_CURVE ( 'NONE', #3129, #3325, #1602, .T. ) ;
#1220 = DIRECTION ( 'NONE',  ( -1.000000000000000000, 0.000000000000000000, 3.304235192336776005E-16 ) ) ;
#1221 = AXIS2_PLACEMENT_3D ( 'NONE', #4440, #3500, #549 ) ;
#1222 = FACE_OUTER_BOUND ( 'NONE', #5055, .T. ) ;
#1223 = DIRECTION ( 'NONE',  ( -8.704705614220536398E-16, 0.000000000000000000, -1.000000000000000000 ) ) ;
#1224 = FACE_OUTER_BOUND ( 'NONE', #1173, .T. ) ;
#1225 = AXIS2_PLACEMENT_3D ( 'NONE', #1168, #2153, #1594 ) ;
#1226 = EDGE_LOOP ( 'NONE', ( #3780, #415 ) ) ;
#1227 = EDGE_CURVE ( 'NONE', #2635, #3448, #5095, .T. ) ;
#1228 = CARTESIAN_POINT ( 'NONE',  ( 59.90000000000002700, -87.00000000000000000, -32.75000000000003553 ) ) ;
#1229 = DIRECTION ( 'NONE',  ( 0.000000000000000000, 0.000000000000000000, 1.000000000000000000 ) ) ;
#1230 = CARTESIAN_POINT ( 'NONE',  ( 53.16409948680210107, -53.16409948680272635, -10.79999999999999005 ) ) ;
#1231 = EDGE_CURVE ( 'NONE', #3236, #3501, #4435, .T. ) ;
#1232 = AXIS2_PLACEMENT_3D ( 'NONE', #53, #4480, #1753 ) ;
#1233 = DIRECTION ( 'NONE',  ( -1.000000000000000000, -0.000000000000000000, -0.000000000000000000 ) ) ;
#1234 = ORIENTED_EDGE ( 'NONE', *, *, #5483, .F. ) ;
#1235 = DIRECTION ( 'NONE',  ( 1.000000000000000000, 9.598933135901296437E-32, -5.256737805990325036E-16 ) ) ;
#1236 = CARTESIAN_POINT ( 'NONE',  ( 63.00000000000001421, -84.62499999999998579, -30.50000000000004263 ) ) ;
#1237 = FACE_OUTER_BOUND ( 'NONE', #3410, .T. ) ;
#1238 = ORIENTED_EDGE ( 'NONE', *, *, #2289, .T. ) ;
#1239 = DIRECTION ( 'NONE',  ( 0.000000000000000000, 0.000000000000000000, -1.000000000000000000 ) ) ;
#1240 = DIRECTION ( 'NONE',  ( 0.000000000000000000, -1.000000000000000000, 2.775557561562930005E-15 ) ) ;
#1241 = VERTEX_POINT ( 'NONE', #3003 ) ;
#1242 = DIRECTION ( 'NONE',  ( -0.7071067811865474617, -0.7071067811865474617, 0.000000000000000000 ) ) ;
#1243 = ORIENTED_EDGE ( 'NONE', *, *, #4896, .T. ) ;
#1244 = EDGE_CURVE ( 'NONE', #3946, #5263, #5515, .T. ) ;
#1245 = CARTESIAN_POINT ( 'NONE',  ( 52.00000000000002132, -88.37500000000000000, -11.50000000000003020 ) ) ;
#1246 = PLANE ( 'NONE',  #2932 ) ;
#1247 = ORIENTED_EDGE ( 'NONE', *, *, #4331, .F. ) ;
#1248 = DIRECTION ( 'NONE',  ( 0.000000000000000000, 0.000000000000000000, -1.000000000000000000 ) ) ;
#1249 = DIRECTION ( 'NONE',  ( 0.9990178464848046280, 0.04430961977791336714, 0.000000000000000000 ) ) ;
#1250 = EDGE_CURVE ( 'NONE', #116, #180, #5152, .T. ) ;
#1251 = EDGE_CURVE ( 'NONE', #5046, #202, #1462, .T. ) ;
#1252 = CARTESIAN_POINT ( 'NONE',  ( 63.79999999999999716, -42.52819897360491552, -34.80000000000001847 ) ) ;
#1253 = ORIENTED_EDGE ( 'NONE', *, *, #2497, .T. ) ;
#1254 = CARTESIAN_POINT ( 'NONE',  ( 59.89999999999997726, -87.00000000000000000, -9.250000000000033751 ) ) ;
#1255 = VERTEX_POINT ( 'NONE', #1660 ) ;
#1256 = FACE_OUTER_BOUND ( 'NONE', #5343, .T. ) ;
#1257 = CARTESIAN_POINT ( 'NONE',  ( 42.00000000000001421, 0.000000000000000000, -41.00000000000004263 ) ) ;
#1258 = AXIS2_PLACEMENT_3D ( 'NONE', #2886, #751, #3787 ) ;
#1259 = DIRECTION ( 'NONE',  ( -1.000000000000000000, 0.000000000000000000, 0.000000000000000000 ) ) ;
#1260 = VERTEX_POINT ( 'NONE', #4282 ) ;
#1261 = EDGE_CURVE ( 'NONE', #3503, #1326, #3796, .T. ) ;
#1262 = ORIENTED_EDGE ( 'NONE', *, *, #2600, .T. ) ;
#1263 = DIRECTION ( 'NONE',  ( 0.7071067811865517916, 0.7071067811865433539, -1.383104054131383375E-16 ) ) ;
#1264 = FACE_BOUND ( 'NONE', #4098, .T. ) ;
#1265 = DIRECTION ( 'NONE',  ( 0.000000000000000000, 0.000000000000000000, 1.000000000000000000 ) ) ;
#1266 = VERTEX_POINT ( 'NONE', #813 ) ;
#1267 = PLANE ( 'NONE',  #4622 ) ;
#1268 = ORIENTED_EDGE ( 'NONE', *, *, #432, .F. ) ;
#1269 = DIRECTION ( 'NONE',  ( 0.000000000000000000, 0.000000000000000000, 1.000000000000000000 ) ) ;
#1270 = FACE_OUTER_BOUND ( 'NONE', #2646, .T. ) ;
#1271 = DIRECTION ( 'NONE',  ( 1.000000000000000000, -0.000000000000000000, -0.000000000000000000 ) ) ;
#1272 = CIRCLE ( 'NONE', #4422, 3.000000000000002665 ) ;
#1273 = EDGE_CURVE ( 'NONE', #4175, #2918, #2946, .T. ) ;
#1274 = CIRCLE ( 'NONE', #2344, 3.000000000000002665 ) ;
#1275 = ORIENTED_EDGE ( 'NONE', *, *, #529, .F. ) ;
#1276 = DIRECTION ( 'NONE',  ( 0.000000000000000000, 0.000000000000000000, -1.000000000000000000 ) ) ;
#1277 = CARTESIAN_POINT ( 'NONE',  ( 63.00000000000001421, -87.00000000000000000, -18.10000000000004050 ) ) ;
#1278 = ADVANCED_FACE ( 'NONE', ( #5064 ), #4877, .F. ) ;
#1279 = AXIS2_PLACEMENT_3D ( 'NONE', #1533, #4491, #1110 ) ;
#1280 = DIRECTION ( 'NONE',  ( 0.000000000000000000, 1.000000000000000000, 5.392922723243959317E-16 ) ) ;
#1281 = VERTEX_POINT ( 'NONE', #43 ) ;
#1282 = AXIS2_PLACEMENT_3D ( 'NONE', #1380, #2302, #4020 ) ;
#1283 = LINE ( 'NONE', #2991, #1129 ) ;
#1284 = VERTEX_POINT ( 'NONE', #2049 ) ;
#1285 = VECTOR ( 'NONE', #5550, 1000.000000000000000 ) ;
#1286 = CYLINDRICAL_SURFACE ( 'NONE', #894, 1.375000000000001332 ) ;
#1287 = CARTESIAN_POINT ( 'NONE',  ( 64.00000000000001421, -84.62499999999998579, -32.75000000000003553 ) ) ;
#1288 = CARTESIAN_POINT ( 'NONE',  ( 42.32948828471135982, -1.474166273040108388, -10.63022158551240715 ) ) ;
#1289 = VERTEX_POINT ( 'NONE', #787 ) ;
#1290 = AXIS2_PLACEMENT_3D ( 'NONE', #1638, #3343, #3890 ) ;
#1291 =( NAMED_UNIT ( * ) PLANE_ANGLE_UNIT ( ) SI_UNIT ( $, .RADIAN. ) );
#1292 = ORIENTED_EDGE ( 'NONE', *, *, #694, .F. ) ;
#1293 = EDGE_CURVE ( 'NONE', #3722, #4483, #5485, .T. ) ;
#1294 = EDGE_CURVE ( 'NONE', #2586, #1479, #2183, .T. ) ;
#1295 = DIRECTION ( 'NONE',  ( -1.000000000000000000, 0.000000000000000000, 3.304235192336776005E-16 ) ) ;
#1296 = DIRECTION ( 'NONE',  ( 1.000000000000000000, 9.598933135901296437E-32, -5.256737805990325036E-16 ) ) ;
#1297 = EDGE_CURVE ( 'NONE', #3379, #2604, #2500, .T. ) ;
#1298 = AXIS2_PLACEMENT_3D ( 'NONE', #2378, #4129, #277 ) ;
#1299 = ADVANCED_FACE ( 'NONE', ( #1743 ), #1629, .F. ) ;
#1300 = ORIENTED_EDGE ( 'NONE', *, *, #1334, .F. ) ;
#1301 = FACE_OUTER_BOUND ( 'NONE', #955, .T. ) ;
#1302 = EDGE_LOOP ( 'NONE', ( #2030, #4364, #3569, #2963, #4210 ) ) ;
#1303 = AXIS2_PLACEMENT_3D ( 'NONE', #3048, #3126, #3026 ) ;
#1304 = CARTESIAN_POINT ( 'NONE',  ( 52.00000000000002132, -87.00000000000000000, -22.90000000000003411 ) ) ;
#1305 = EDGE_CURVE ( 'NONE', #4532, #137, #3800, .T. ) ;
#1306 = CARTESIAN_POINT ( 'NONE',  ( 41.99999999999999289, 0.000000000000000000, -4.400000000000000355 ) ) ;
#1307 = ORIENTED_EDGE ( 'NONE', *, *, #1995, .F. ) ;
#1308 = DIRECTION ( 'NONE',  ( 0.9396926207859096492, 0.000000000000000000, 0.3420201433256651047 ) ) ;
#1309 = CONICAL_SURFACE ( 'NONE', #5434, 6.153531612763413428, 1.221730476396034160 ) ;
#1310 = EDGE_LOOP ( 'NONE', ( #4578, #4646, #5543, #3171 ) ) ;
#1311 = DIRECTION ( 'NONE',  ( -0.000000000000000000, -0.000000000000000000, 1.000000000000000000 ) ) ;
#1312 = CARTESIAN_POINT ( 'NONE',  ( 63.00000000000001421, -88.37500000000000000, -11.50000000000003020 ) ) ;
#1313 = AXIS2_PLACEMENT_3D ( 'NONE', #1036, #2751, #4832 ) ;
#1314 = CARTESIAN_POINT ( 'NONE',  ( 63.00000000000001421, -87.00000000000000000, -19.10000000000003695 ) ) ;
#1315 = ORIENTED_EDGE ( 'NONE', *, *, #298, .F. ) ;
#1316 = VECTOR ( 'NONE', #4882, 1000.000000000000114 ) ;
#1317 = LINE ( 'NONE', #422, #4040 ) ;
#1318 = CARTESIAN_POINT ( 'NONE',  ( 42.97592055544213707, 0.2181262695449121547, -42.00000000000002132 ) ) ;
#1319 = DIRECTION ( 'NONE',  ( 2.471015800063868937E-17, -5.571225606499637017E-16, 1.000000000000000000 ) ) ;
#1320 = ORIENTED_EDGE ( 'NONE', *, *, #3389, .F. ) ;
#1321 = EDGE_CURVE ( 'NONE', #1479, #4365, #4252, .T. ) ;
#1322 = VECTOR ( 'NONE', #2086, 1000.000000000000114 ) ;
#1323 = ORIENTED_EDGE ( 'NONE', *, *, #3970, .F. ) ;
#1324 = DIRECTION ( 'NONE',  ( -1.000000000000000000, 0.000000000000000000, 3.252606517456513302E-16 ) ) ;
#1325 = FACE_OUTER_BOUND ( 'NONE', #818, .T. ) ;
#1326 = VERTEX_POINT ( 'NONE', #2136 ) ;
#1327 = LINE ( 'NONE', #3034, #1648 ) ;
#1328 = VERTEX_POINT ( 'NONE', #2070 ) ;
#1329 = EDGE_CURVE ( 'NONE', #5078, #1536, #2971, .T. ) ;
#1330 = EDGE_LOOP ( 'NONE', ( #4936, #4730 ) ) ;
#1331 = ADVANCED_FACE ( 'NONE', ( #1852 ), #1003, .T. ) ;
#1332 = DIRECTION ( 'NONE',  ( 0.000000000000000000, 0.000000000000000000, -1.000000000000000000 ) ) ;
#1333 = ORIENTED_EDGE ( 'NONE', *, *, #2876, .F. ) ;
#1334 = EDGE_CURVE ( 'NONE', #4483, #2402, #3274, .T. ) ;
#1335 = CARTESIAN_POINT ( 'NONE',  ( 63.00000000000001421, -47.57083966072418235, -18.59999999999999076 ) ) ;
#1336 = LINE ( 'NONE', #1839, #1754 ) ;
#1337 = CARTESIAN_POINT ( 'NONE',  ( 60.00000000000000000, -57.18147956208619576, -39.00000000000000000 ) ) ;
#1338 = ORIENTED_EDGE ( 'NONE', *, *, #2959, .T. ) ;
#1339 = FACE_OUTER_BOUND ( 'NONE', #2530, .T. ) ;
#1340 = DIRECTION ( 'NONE',  ( -0.2181262695449070199, 0.9759205554421027662, 1.356232116511810426E-16 ) ) ;
#1341 = DIRECTION ( 'NONE',  ( 0.000000000000000000, 0.000000000000000000, -1.000000000000000000 ) ) ;
#1342 = VERTEX_POINT ( 'NONE', #276 ) ;
#1343 = ORIENTED_EDGE ( 'NONE', *, *, #164, .T. ) ;
#1344 = DIRECTION ( 'NONE',  ( -0.000000000000000000, 0.000000000000000000, -1.000000000000000000 ) ) ;
#1345 = ORIENTED_EDGE ( 'NONE', *, *, #5106, .F. ) ;
#1346 = UNCERTAINTY_MEASURE_WITH_UNIT (LENGTH_MEASURE( 1.000000000000000082E-05 ), #1157, 'distance_accuracy_value', 'NONE');
#1347 = VECTOR ( 'NONE', #3868, 1000.000000000000000 ) ;
#1348 = ORIENTED_EDGE ( 'NONE', *, *, #3299, .T. ) ;
#1349 = EDGE_CURVE ( 'NONE', #319, #4762, #3659, .T. ) ;
#1350 = LINE ( 'NONE', #957, #2800 ) ;
#1351 = DIRECTION ( 'NONE',  ( 1.000000000000000000, 9.598933135901296437E-32, -5.256737805990325036E-16 ) ) ;
#1352 = ORIENTED_EDGE ( 'NONE', *, *, #5201, .T. ) ;
#1353 = CARTESIAN_POINT ( 'NONE',  ( 60.00000000000000000, -42.52819897360491552, -34.80000000000001847 ) ) ;
#1354 = VERTEX_POINT ( 'NONE', #3211 ) ;
#1355 = FACE_OUTER_BOUND ( 'NONE', #2561, .T. ) ;
#1356 = VERTEX_POINT ( 'NONE', #1451 ) ;
#1357 = CARTESIAN_POINT ( 'NONE',  ( 64.00000000000001421, -76.00000000000002842, -31.20000000000000284 ) ) ;
#1358 = EDGE_CURVE ( 'NONE', #3539, #3141, #4073, .T. ) ;
#1359 = DIRECTION ( 'NONE',  ( 0.000000000000000000, 0.000000000000000000, -1.000000000000000000 ) ) ;
#1360 = VERTEX_POINT ( 'NONE', #2833 ) ;
#1361 = VECTOR ( 'NONE', #4128, 1000.000000000000114 ) ;
#1362 = AXIS2_PLACEMENT_3D ( 'NONE', #4140, #5356, #3716 ) ;
#1363 = EDGE_CURVE ( 'NONE', #3929, #163, #5424, .T. ) ;
#1364 = DIRECTION ( 'NONE',  ( 0.000000000000000000, 0.000000000000000000, -1.000000000000000000 ) ) ;
#1365 = ORIENTED_EDGE ( 'NONE', *, *, #1767, .F. ) ;
#1366 = DIRECTION ( 'NONE',  ( 0.000000000000000000, 0.000000000000000000, -1.000000000000000000 ) ) ;
#1367 = AXIS2_PLACEMENT_3D ( 'NONE', #630, #2827, #4555 ) ;
#1368 = CIRCLE ( 'NONE', #4514, 2.899999999999996358 ) ;
#1369 = FACE_OUTER_BOUND ( 'NONE', #1096, .T. ) ;
#1370 = LINE ( 'NONE', #3557, #3098 ) ;
#1371 = VERTEX_POINT ( 'NONE', #2801 ) ;
#1372 = CIRCLE ( 'NONE', #2806, 18.00000000000000000 ) ;
#1373 = EDGE_LOOP ( 'NONE', ( #2129, #240 ) ) ;
#1374 = DIRECTION ( 'NONE',  ( 0.000000000000000000, 0.000000000000000000, -1.000000000000000000 ) ) ;
#1375 = VECTOR ( 'NONE', #605, 1000.000000000000114 ) ;
#1376 = ORIENTED_EDGE ( 'NONE', *, *, #2824, .F. ) ;
#1377 = AXIS2_PLACEMENT_3D ( 'NONE', #3289, #5493, #1999 ) ;
#1378 = AXIS2_PLACEMENT_3D ( 'NONE', #400, #2588, #4198 ) ;
#1379 = ORIENTED_EDGE ( 'NONE', *, *, #3522, .F. ) ;
#1380 = CARTESIAN_POINT ( 'NONE',  ( 59.39999999999999858, -88.87499999999997158, -21.00000000000003553 ) ) ;
#1381 = CARTESIAN_POINT ( 'NONE',  ( 63.80000000000002558, 1.626996461241751002E-29, -3.142471330311939622E-14 ) ) ;
#1382 = ORIENTED_EDGE ( 'NONE', *, *, #3338, .F. ) ;
#1383 = CARTESIAN_POINT ( 'NONE',  ( 60.00000000000000000, -57.18147956208619576, -34.20000000000000284 ) ) ;
#1384 = VERTEX_POINT ( 'NONE', #3647 ) ;
#1385 = EDGE_CURVE ( 'NONE', #5151, #2788, #4560, .T. ) ;
#1386 = ORIENTED_EDGE ( 'NONE', *, *, #2796, .F. ) ;
#1387 = AXIS2_PLACEMENT_3D ( 'NONE', #4065, #2370, #214 ) ;
#1388 = CARTESIAN_POINT ( 'NONE',  ( 59.39999999999999858, -88.87499999999997158, -9.250000000000035527 ) ) ;
#1389 = DIRECTION ( 'NONE',  ( 1.000000000000000000, 0.000000000000000000, -3.304235192336780935E-16 ) ) ;
#1390 = LINE ( 'NONE', #2652, #5318 ) ;
#1391 = ORIENTED_EDGE ( 'NONE', *, *, #4493, .F. ) ;
#1392 = EDGE_CURVE ( 'NONE', #172, #2336, #189, .T. ) ;
#1393 = VERTEX_POINT ( 'NONE', #3158 ) ;
#1394 = CARTESIAN_POINT ( 'NONE',  ( 42.00000000000000711, -9.999999999999994671, -2.631835035486266772E-15 ) ) ;
#1395 = VECTOR ( 'NONE', #3345, 1000.000000000000114 ) ;
#1396 = DIRECTION ( 'NONE',  ( 0.000000000000000000, 0.000000000000000000, -1.000000000000000000 ) ) ;
#1397 = FACE_OUTER_BOUND ( 'NONE', #1199, .T. ) ;
#1398 = ORIENTED_EDGE ( 'NONE', *, *, #2560, .F. ) ;
#1399 = ADVANCED_FACE ( 'NONE', ( #250 ), #4886, .F. ) ;
#1400 = AXIS2_PLACEMENT_3D ( 'NONE', #3191, #3735, #697 ) ;
#1401 = ORIENTED_EDGE ( 'NONE', *, *, #1995, .T. ) ;
#1402 = DIRECTION ( 'NONE',  ( 0.000000000000000000, -1.000000000000000000, 0.000000000000000000 ) ) ;
#1403 = CIRCLE ( 'NONE', #150, 1.375000000000001332 ) ;
#1404 = CYLINDRICAL_SURFACE ( 'NONE', #1215, 40.00000000000000000 ) ;
#1405 = EDGE_LOOP ( 'NONE', ( #3692, #2830, #615, #877 ) ) ;
#1406 = ORIENTED_EDGE ( 'NONE', *, *, #4461, .F. ) ;
#1407 = CARTESIAN_POINT ( 'NONE',  ( 64.00000000000001421, -76.00000000000002842, -23.40000000000000568 ) ) ;
#1408 = ORIENTED_EDGE ( 'NONE', *, *, #283, .F. ) ;
#1409 = ORIENTED_EDGE ( 'NONE', *, *, #1425, .T. ) ;
#1410 = ORIENTED_EDGE ( 'NONE', *, *, #2572, .T. ) ;
#1411 = LINE ( 'NONE', #1357, #1633 ) ;
#1412 = EDGE_CURVE ( 'NONE', #4527, #4350, #122, .T. ) ;
#1413 = CARTESIAN_POINT ( 'NONE',  ( 36.49999999999998579, 8.000000000000000000, -38.20000000000000995 ) ) ;
#1414 = LINE ( 'NONE', #4747, #1636 ) ;
#1415 = ORIENTED_EDGE ( 'NONE', *, *, #5487, .F. ) ;
#1416 = DIRECTION ( 'NONE',  ( 0.000000000000000000, 0.000000000000000000, -1.000000000000000000 ) ) ;
#1417 = ORIENTED_EDGE ( 'NONE', *, *, #1963, .F. ) ;
#1418 = LINE ( 'NONE', #330, #2419 ) ;
#1419 = DIRECTION ( 'NONE',  ( -1.000000000000000000, -0.000000000000000000, -0.000000000000000000 ) ) ;
#1420 = CARTESIAN_POINT ( 'NONE',  ( 4.200000000000000178, 1.000000000000000888, -42.00000000000000000 ) ) ;
#1421 = ORIENTED_EDGE ( 'NONE', *, *, #1120, .F. ) ;
#1422 = ORIENTED_EDGE ( 'NONE', *, *, #4263, .F. ) ;
#1423 = EDGE_CURVE ( 'NONE', #5458, #531, #5371, .T. ) ;
#1424 = LINE ( 'NONE', #3131, #1107 ) ;
#1425 = EDGE_CURVE ( 'NONE', #5105, #3505, #1082, .T. ) ;
#1426 = DIRECTION ( 'NONE',  ( -1.000000000000000000, -0.000000000000000000, 3.304235192336776005E-16 ) ) ;
#1427 = ORIENTED_EDGE ( 'NONE', *, *, #981, .T. ) ;
#1428 = EDGE_CURVE ( 'NONE', #3029, #3955, #1511, .T. ) ;
#1429 = CIRCLE ( 'NONE', #175, 16.50000000000000000 ) ;
#1430 = ORIENTED_EDGE ( 'NONE', *, *, #2583, .F. ) ;
#1431 = FACE_OUTER_BOUND ( 'NONE', #3532, .T. ) ;
#1432 = CARTESIAN_POINT ( 'NONE',  ( 42.29070357630713062, -1.300639286824832430, -38.07339398592143453 ) ) ;
#1433 = EDGE_LOOP ( 'NONE', ( #479, #4389, #3958, #792 ) ) ;
#1434 = CARTESIAN_POINT ( 'NONE',  ( 50.18808331631544917, -36.63437161758102434, -23.24051626016852268 ) ) ;
#1435 = ORIENTED_EDGE ( 'NONE', *, *, #2069, .T. ) ;
#1436 = ORIENTED_EDGE ( 'NONE', *, *, #1273, .T. ) ;
#1437 = PLANE ( 'NONE',  #5049 ) ;
#1438 = FACE_OUTER_BOUND ( 'NONE', #4831, .T. ) ;
#1439 = CARTESIAN_POINT ( 'NONE',  ( 60.00000000000000000, -57.18147956208619576, -31.20000000000000284 ) ) ;
#1440 = ORIENTED_EDGE ( 'NONE', *, *, #1210, .T. ) ;
#1441 = EDGE_CURVE ( 'NONE', #4759, #4365, #1959, .T. ) ;
#1442 = ORIENTED_EDGE ( 'NONE', *, *, #4530, .T. ) ;
#1443 = ADVANCED_FACE ( 'NONE', ( #5004 ), #1142, .F. ) ;
#1444 = LINE ( 'NONE', #2341, #4541 ) ;
#1445 = LINE ( 'NONE', #3530, #3548 ) ;
#1446 = ORIENTED_EDGE ( 'NONE', *, *, #1321, .T. ) ;
#1447 = EDGE_CURVE ( 'NONE', #1958, #2629, #1556, .T. ) ;
#1448 = VERTEX_POINT ( 'NONE', #1060 ) ;
#1449 = AXIS2_PLACEMENT_3D ( 'NONE', #5025, #385, #5167 ) ;
#1450 = EDGE_CURVE ( 'NONE', #2035, #2228, #4070, .T. ) ;
#1451 = CARTESIAN_POINT ( 'NONE',  ( 59.90000000000002700, -87.00000000000000000, -34.12500000000003553 ) ) ;
#1452 = CARTESIAN_POINT ( 'NONE',  ( 1.654436742383813572E-16, 1.000000000000000666, -4.199999999999938893 ) ) ;
#1453 = CARTESIAN_POINT ( 'NONE',  ( 59.39999999999999858, -87.00000000000000000, -21.00000000000003553 ) ) ;
#1454 = ORIENTED_EDGE ( 'NONE', *, *, #2915, .T. ) ;
#1455 = VECTOR ( 'NONE', #2356, 999.9999999999998863 ) ;
#1456 = EDGE_CURVE ( 'NONE', #967, #4429, #2581, .T. ) ;
#1457 = CARTESIAN_POINT ( 'NONE',  ( 59.80000000000000426, -7.228198973604920141, -29.54749999999999943 ) ) ;
#1458 = ADVANCED_FACE ( 'NONE', ( #4672 ), #4242, .T. ) ;
#1459 = ORIENTED_EDGE ( 'NONE', *, *, #1980, .F. ) ;
#1460 = CARTESIAN_POINT ( 'NONE',  ( 64.00000000000001421, -76.00000000000002842, 50.97570028453421997 ) ) ;
#1461 = AXIS2_PLACEMENT_3D ( 'NONE', #2973, #1475, #1027 ) ;
#1462 = CIRCLE ( 'NONE', #201, 1.700000000000000178 ) ;
#1463 = CARTESIAN_POINT ( 'NONE',  ( 42.00000000000001421, 0.000000000000000000, -37.59999999999997300 ) ) ;
#1464 = EDGE_LOOP ( 'NONE', ( #1211, #550, #935, #3482, #2625 ) ) ;
#1465 = LINE ( 'NONE', #3658, #2896 ) ;
#1466 = VECTOR ( 'NONE', #1402, 1000.000000000000000 ) ;
#1467 = ORIENTED_EDGE ( 'NONE', *, *, #4396, .T. ) ;
#1468 = DIRECTION ( 'NONE',  ( 0.000000000000000000, 0.000000000000000000, -1.000000000000000000 ) ) ;
#1469 = EDGE_CURVE ( 'NONE', #1952, #3054, #2054, .T. ) ;
#1470 = VECTOR ( 'NONE', #1630, 1000.000000000000000 ) ;
#1471 = CARTESIAN_POINT ( 'NONE',  ( 20.99999999999999645, 8.000000000000000000, -21.00000000000000000 ) ) ;
#1472 = PLANE ( 'NONE',  #1092 ) ;
#1473 = PLANE ( 'NONE',  #2840 ) ;
#1474 = VERTEX_POINT ( 'NONE', #2847 ) ;
#1475 = DIRECTION ( 'NONE',  ( -0.000000000000000000, -1.000000000000000000, -0.000000000000000000 ) ) ;
#1476 = CARTESIAN_POINT ( 'NONE',  ( 42.87364948594028391, -3.908802426041664724, -3.000000000000002665 ) ) ;
#1477 = CARTESIAN_POINT ( 'NONE',  ( 63.00000000000000000, -47.57083966072418235, -34.80000000000001847 ) ) ;
#1478 = ORIENTED_EDGE ( 'NONE', *, *, #5450, .F. ) ;
#1479 = VERTEX_POINT ( 'NONE', #2902 ) ;
#1480 = CIRCLE ( 'NONE', #4985, 1.930000000000001048 ) ;
#1481 = DIRECTION ( 'NONE',  ( 1.000000000000000000, 9.598933135901296437E-32, -5.256737805990325036E-16 ) ) ;
#1482 = DIRECTION ( 'NONE',  ( 0.000000000000000000, 0.000000000000000000, 1.000000000000000000 ) ) ;
#1483 = EDGE_CURVE ( 'NONE', #180, #4943, #4951, .T. ) ;
#1484 = DIRECTION ( 'NONE',  ( 3.304235192336776005E-16, -2.514091994169284236E-16, 1.000000000000000000 ) ) ;
#1485 = ORIENTED_EDGE ( 'NONE', *, *, #3720, .T. ) ;
#1486 = AXIS2_PLACEMENT_3D ( 'NONE', #2594, #4016, #850 ) ;
#1487 = CARTESIAN_POINT ( 'NONE',  ( 60.00000000000000711, -35.92819897360492121, -31.20000000000000639 ) ) ;
#1488 = VECTOR ( 'NONE', #1030, 1000.000000000000000 ) ;
#1489 = FACE_OUTER_BOUND ( 'NONE', #5122, .T. ) ;
#1490 = FACE_OUTER_BOUND ( 'NONE', #899, .T. ) ;
#1491 = EDGE_CURVE ( 'NONE', #3963, #1802, #5402, .T. ) ;
#1492 = DIRECTION ( 'NONE',  ( 0.000000000000000000, 0.000000000000000000, -1.000000000000000000 ) ) ;
#1493 = VECTOR ( 'NONE', #4908, 1000.000000000000000 ) ;
#1494 = VERTEX_POINT ( 'NONE', #237 ) ;
#1495 = ADVANCED_FACE ( 'NONE', ( #3717 ), #2362, .T. ) ;
#1496 = PLANE ( 'NONE',  #1362 ) ;
#1497 = CIRCLE ( 'NONE', #4104, 1.930000000000001048 ) ;
#1498 = CARTESIAN_POINT ( 'NONE',  ( 60.87867965644036872, -45.44951931716452265, -31.19999999999999218 ) ) ;
#1499 = EDGE_CURVE ( 'NONE', #3214, #4377, #4116, .T. ) ;
#1500 = CARTESIAN_POINT ( 'NONE',  ( 54.80000000000003268, 8.000000000000000000, -42.00000000000003553 ) ) ;
#1501 = EDGE_LOOP ( 'NONE', ( #4563, #1435 ) ) ;
#1502 = EDGE_CURVE ( 'NONE', #5263, #2734, #4970, .T. ) ;
#1503 = DIRECTION ( 'NONE',  ( 1.000000000000000000, -0.000000000000000000, 0.000000000000000000 ) ) ;
#1504 = ORIENTED_EDGE ( 'NONE', *, *, #296, .F. ) ;
#1505 = CARTESIAN_POINT ( 'NONE',  ( 36.50000000000000000, 8.000000000000000000, -5.500000000000011546 ) ) ;
#1506 = DIRECTION ( 'NONE',  ( 0.04430961977791336714, -0.9990178464848046280, 0.000000000000000000 ) ) ;
#1507 = DIRECTION ( 'NONE',  ( 1.467375195723603756E-30, 0.000000000000000000, 1.000000000000000000 ) ) ;
#1508 = EDGE_LOOP ( 'NONE', ( #5115, #3801, #5379, #3463 ) ) ;
#1509 = CARTESIAN_POINT ( 'NONE',  ( 53.80000000000001137, -69.35331204931708271, -1.000000000000056399 ) ) ;
#1510 = VERTEX_POINT ( 'NONE', #4087 ) ;
#1511 = LINE ( 'NONE', #4161, #3250 ) ;
#1512 = CARTESIAN_POINT ( 'NONE',  ( 53.80000000000001137, -52.79447807108846291, -1.000000000000056399 ) ) ;
#1513 = LINE ( 'NONE', #3213, #2745 ) ;
#1514 = ORIENTED_EDGE ( 'NONE', *, *, #2786, .F. ) ;
#1515 = LINE ( 'NONE', #3215, #869 ) ;
#1516 = B_SPLINE_CURVE_WITH_KNOTS ( 'NONE', 3,
 ( #3045, #3607, #2787, #4992 ),
 .UNSPECIFIED., .F., .F.,
 ( 4, 4 ),
 ( 0.000000000000000000, 0.004242876362812566908 ),
 .UNSPECIFIED. ) ;
#1517 = CARTESIAN_POINT ( 'NONE',  ( 42.80116534701016917, 1.000000000000000888, -1.972339026334300512E-14 ) ) ;
#1518 = DIRECTION ( 'NONE',  ( 1.000000000000000000, -0.000000000000000000, -0.000000000000000000 ) ) ;
#1519 = EDGE_CURVE ( 'NONE', #2935, #216, #2393, .T. ) ;
#1520 = PLANE ( 'NONE',  #3520 ) ;
#1521 = ORIENTED_EDGE ( 'NONE', *, *, #236, .T. ) ;
#1522 = LINE ( 'NONE', #3198, #5145 ) ;
#1523 = CIRCLE ( 'NONE', #2416, 18.00000000000000000 ) ;
#1524 = CARTESIAN_POINT ( 'NONE',  ( 5.499999999999991118, 8.000000000000000000, -7.200000000000011724 ) ) ;
#1525 = DIRECTION ( 'NONE',  ( 0.000000000000000000, 0.000000000000000000, 1.000000000000000000 ) ) ;
#1526 = CARTESIAN_POINT ( 'NONE',  ( 64.00000000000001421, -76.00000000000002842, -26.40000000000000213 ) ) ;
#1527 = EDGE_LOOP ( 'NONE', ( #4634, #5047, #1558, #5328 ) ) ;
#1528 = LINE ( 'NONE', #4005, #3468 ) ;
#1529 = VERTEX_POINT ( 'NONE', #5044 ) ;
#1530 = EDGE_CURVE ( 'NONE', #337, #3480, #4573, .T. ) ;
#1531 = CARTESIAN_POINT ( 'NONE',  ( 51.16400387175742992, -36.41624534803614210, -2.700299500906173563E-14 ) ) ;
#1532 = DIRECTION ( 'NONE',  ( -1.000000000000000000, -0.000000000000000000, 3.304235192336776005E-16 ) ) ;
#1533 = CARTESIAN_POINT ( 'NONE',  ( 42.00000000000001421, 0.000000000000000000, -39.00000000000000000 ) ) ;
#1534 = ORIENTED_EDGE ( 'NONE', *, *, #2691, .T. ) ;
#1535 = EDGE_CURVE ( 'NONE', #5014, #1494, #5382, .T. ) ;
#1536 = VERTEX_POINT ( 'NONE', #763 ) ;
#1537 = CARTESIAN_POINT ( 'NONE',  ( 60.00000000000000000, -10.52819897360491375, -15.60000000000000675 ) ) ;
#1538 = CARTESIAN_POINT ( 'NONE',  ( 63.80000000000001137, -10.52819897360491375, -10.80000000000000959 ) ) ;
#1539 = ORIENTED_EDGE ( 'NONE', *, *, #196, .F. ) ;
#1540 = CONICAL_SURFACE ( 'NONE', #4694, 151.0000000000000284, 0.7853981633974482790 ) ;
#1541 = VECTOR ( 'NONE', #3517, 1000.000000000000000 ) ;
#1542 = DIRECTION ( 'NONE',  ( -1.000000000000000000, 0.000000000000000000, 0.000000000000000000 ) ) ;
#1543 = DIRECTION ( 'NONE',  ( 0.2810846377148163433, -0.6785983445458524388, -0.6785983445458432239 ) ) ;
#1544 = VECTOR ( 'NONE', #1280, 1000.000000000000000 ) ;
#1545 = VECTOR ( 'NONE', #2224, 1000.000000000000000 ) ;
#1546 = CARTESIAN_POINT ( 'NONE',  ( 63.79999999999999716, -42.52819897360491552, -34.80000000000001847 ) ) ;
#1547 = CIRCLE ( 'NONE', #2984, 2.899999999999996358 ) ;
#1548 = EDGE_LOOP ( 'NONE', ( #4861, #435, #1391, #1721 ) ) ;
#1549 = DIRECTION ( 'NONE',  ( 0.000000000000000000, 0.000000000000000000, -1.000000000000000000 ) ) ;
#1550 = DIRECTION ( 'NONE',  ( 0.000000000000000000, 1.000000000000000000, 0.000000000000000000 ) ) ;
#1551 = CARTESIAN_POINT ( 'NONE',  ( 4.200000000000000178, 7.000000000000015987, -42.00000000000000000 ) ) ;
#1552 = EDGE_LOOP ( 'NONE', ( #1807, #1430 ) ) ;
#1553 = ADVANCED_FACE ( 'NONE', ( #3223 ), #1639, .T. ) ;
#1554 = CIRCLE ( 'NONE', #4706, 10.00000000000000178 ) ;
#1555 = PLANE ( 'NONE',  #4249 ) ;
#1556 = CIRCLE ( 'NONE', #4258, 1.930000000000001048 ) ;
#1557 = DIRECTION ( 'NONE',  ( -1.000000000000000000, 0.000000000000000000, 0.000000000000000000 ) ) ;
#1558 = ORIENTED_EDGE ( 'NONE', *, *, #3315, .T. ) ;
#1559 = DIRECTION ( 'NONE',  ( 6.217646867300384409E-16, -0.000000000000000000, 1.000000000000000000 ) ) ;
#1560 = CARTESIAN_POINT ( 'NONE',  ( 42.29070357630710930, -1.300639286824806895, -3.926606014078555251 ) ) ;
#1561 = DIRECTION ( 'NONE',  ( -1.000000000000000000, -0.000000000000000000, 3.304235192336776005E-16 ) ) ;
#1562 = VERTEX_POINT ( 'NONE', #2816 ) ;
#1563 = VECTOR ( 'NONE', #504, 1000.000000000000000 ) ;
#1564 = ORIENTED_EDGE ( 'NONE', *, *, #3449, .F. ) ;
#1565 = DIRECTION ( 'NONE',  ( 0.000000000000000000, -1.000000000000000000, 0.000000000000000000 ) ) ;
#1566 = EDGE_CURVE ( 'NONE', #2003, #2760, #4526, .T. ) ;
#1567 = CARTESIAN_POINT ( 'NONE',  ( 63.80000000000001137, -3.928198973604922983, -7.199999999999998401 ) ) ;
#1568 = DIRECTION ( 'NONE',  ( 0.000000000000000000, 0.000000000000000000, -1.000000000000000000 ) ) ;
#1569 = FACE_OUTER_BOUND ( 'NONE', #366, .T. ) ;
#1570 = ORIENTED_EDGE ( 'NONE', *, *, #2382, .F. ) ;
#1571 = EDGE_CURVE ( 'NONE', #5078, #5261, #2479, .T. ) ;
#1572 = AXIS2_PLACEMENT_3D ( 'NONE', #5111, #3382, #1 ) ;
#1573 = CARTESIAN_POINT ( 'NONE',  ( 60.87867965644037582, -45.44951931716452265, -26.39999999999998792 ) ) ;
#1574 = ADVANCED_FACE ( 'NONE', ( #679 ), #2791, .T. ) ;
#1575 = DIRECTION ( 'NONE',  ( -1.000000000000000000, 0.000000000000000000, -0.000000000000000000 ) ) ;
#1576 = LINE ( 'NONE', #1066, #1740 ) ;
#1577 = AXIS2_PLACEMENT_3D ( 'NONE', #5325, #1048, #599 ) ;
#1578 = DIRECTION ( 'NONE',  ( -0.000000000000000000, 1.000000000000000000, 0.000000000000000000 ) ) ;
#1579 = VECTOR ( 'NONE', #4726, 1000.000000000000000 ) ;
#1580 = ORIENTED_EDGE ( 'NONE', *, *, #1187, .F. ) ;
#1581 = DIRECTION ( 'NONE',  ( -3.304235192336776005E-16, 5.392922723243960303E-16, -1.000000000000000000 ) ) ;
#1582 = EDGE_CURVE ( 'NONE', #1860, #5400, #4987, .T. ) ;
#1583 = DIRECTION ( 'NONE',  ( 0.000000000000000000, 1.000000000000000000, 0.000000000000000000 ) ) ;
#1584 = FACE_OUTER_BOUND ( 'NONE', #3271, .T. ) ;
#1585 = AXIS2_PLACEMENT_3D ( 'NONE', #3262, #1105, #2367 ) ;
#1586 = DIRECTION ( 'NONE',  ( -3.304235192336776005E-16, 2.514091994169284236E-16, -1.000000000000000000 ) ) ;
#1587 = VERTEX_POINT ( 'NONE', #734 ) ;
#1588 = DIRECTION ( 'NONE',  ( -0.000000000000000000, 0.000000000000000000, -1.000000000000000000 ) ) ;
#1589 = ORIENTED_EDGE ( 'NONE', *, *, #3720, .F. ) ;
#1590 = FACE_OUTER_BOUND ( 'NONE', #2541, .T. ) ;
#1591 = FACE_OUTER_BOUND ( 'NONE', #3585, .T. ) ;
#1592 = DIRECTION ( 'NONE',  ( -1.000000000000000000, 0.000000000000000000, -1.652117596168386030E-16 ) ) ;
#1593 = ORIENTED_EDGE ( 'NONE', *, *, #2732, .F. ) ;
#1594 = DIRECTION ( 'NONE',  ( 0.000000000000000000, -1.000000000000000000, 0.000000000000000000 ) ) ;
#1595 = EDGE_LOOP ( 'NONE', ( #3472, #20, #4621 ) ) ;
#1596 = CARTESIAN_POINT ( 'NONE',  ( 63.80000000000002558, -7.228198973604922806, -10.52250000000000085 ) ) ;
#1597 = DIRECTION ( 'NONE',  ( 0.000000000000000000, 1.000000000000000000, 0.000000000000000000 ) ) ;
#1598 = CARTESIAN_POINT ( 'NONE',  ( 64.00000000000001421, -84.62499999999998579, -11.50000000000003020 ) ) ;
#1599 = EDGE_LOOP ( 'NONE', ( #4205, #4234, #3397, #1564 ) ) ;
#1600 = DIRECTION ( 'NONE',  ( 0.000000000000000000, 0.000000000000000000, -1.000000000000000000 ) ) ;
#1601 = EDGE_CURVE ( 'NONE', #3887, #822, #4203, .T. ) ;
#1602 = LINE ( 'NONE', #2021, #2353 ) ;
#1603 = FACE_OUTER_BOUND ( 'NONE', #3226, .T. ) ;
#1604 = LINE ( 'NONE', #729, #480 ) ;
#1605 = EDGE_CURVE ( 'NONE', #1562, #537, #4173, .T. ) ;
#1606 = ORIENTED_EDGE ( 'NONE', *, *, #1601, .T. ) ;
#1607 = CARTESIAN_POINT ( 'NONE',  ( 59.90000000000002700, -85.62499999999998579, -30.50000000000004263 ) ) ;
#1608 = DIRECTION ( 'NONE',  ( -0.000000000000000000, -0.000000000000000000, 1.000000000000000000 ) ) ;
#1609 = DIRECTION ( 'NONE',  ( -1.000000000000000000, 0.000000000000000000, 8.704705614220536398E-16 ) ) ;
#1610 = LINE ( 'NONE', #3747, #4547 ) ;
#1611 = EDGE_LOOP ( 'NONE', ( #724, #77, #1534, #1674, #5551, #1401 ) ) ;
#1612 = CARTESIAN_POINT ( 'NONE',  ( 0.9999999999999870104, 0.000000000000000000, -37.80000000000003979 ) ) ;
#1613 = CARTESIAN_POINT ( 'NONE',  ( 59.39999999999999858, -88.87500000000001421, -32.75000000000003553 ) ) ;
#1614 = ORIENTED_EDGE ( 'NONE', *, *, #5186, .F. ) ;
#1615 = VECTOR ( 'NONE', #2580, 1000.000000000000000 ) ;
#1616 = DIRECTION ( 'NONE',  ( -0.04430961977791336714, 0.9990178464848046280, 0.000000000000000000 ) ) ;
#1617 = CYLINDRICAL_SURFACE ( 'NONE', #5171, 1.929999999999997717 ) ;
#1618 = CYLINDRICAL_SURFACE ( 'NONE', #2078, 1.930000000000001048 ) ;
#1619 = EDGE_LOOP ( 'NONE', ( #3534, #4824, #4307, #5498 ) ) ;
#1620 = CIRCLE ( 'NONE', #2607, 2.375000000000000444 ) ;
#1621 = DIRECTION ( 'NONE',  ( 0.000000000000000000, 0.000000000000000000, -1.000000000000000000 ) ) ;
#1622 = ORIENTED_EDGE ( 'NONE', *, *, #886, .F. ) ;
#1623 = EDGE_CURVE ( 'NONE', #2635, #1779, #5144, .T. ) ;
#1624 = DIRECTION ( 'NONE',  ( -0.7071067811865517916, -0.7071067811865433539, -0.000000000000000000 ) ) ;
#1625 = DIRECTION ( 'NONE',  ( -1.000000000000000000, 1.841791997293421075E-16, 0.000000000000000000 ) ) ;
#1626 = CARTESIAN_POINT ( 'NONE',  ( 59.80000000000001847, -39.22819897360492547, -8.592500000000004690 ) ) ;
#1627 = EDGE_LOOP ( 'NONE', ( #3095, #3414, #3137, #3058 ) ) ;
#1628 = CARTESIAN_POINT ( 'NONE',  ( 53.16409948680208686, -53.16409948680271924, -26.39999999999998792 ) ) ;
#1629 = PLANE ( 'NONE',  #4152 ) ;
#1630 = DIRECTION ( 'NONE',  ( 0.000000000000000000, -1.000000000000000000, 0.000000000000000000 ) ) ;
#1631 = CARTESIAN_POINT ( 'NONE',  ( 63.00000000000001421, -84.62499999999998579, -11.50000000000003020 ) ) ;
#1632 = EDGE_CURVE ( 'NONE', #3029, #172, #3235, .T. ) ;
#1633 = VECTOR ( 'NONE', #990, 1000.000000000000000 ) ;
#1634 = ADVANCED_FACE ( 'NONE', ( #1927 ), #5241, .F. ) ;
#1635 = EDGE_LOOP ( 'NONE', ( #453, #1728, #2850, #279 ) ) ;
#1636 = VECTOR ( 'NONE', #3901, 1000.000000000000114 ) ;
#1637 = AXIS2_PLACEMENT_3D ( 'NONE', #487, #3964, #2194 ) ;
#1638 = CARTESIAN_POINT ( 'NONE',  ( 64.00000000000001421, -87.00000000000000000, -32.75000000000003553 ) ) ;
#1639 = PLANE ( 'NONE',  #5421 ) ;
#1640 = DIRECTION ( 'NONE',  ( 0.000000000000000000, 0.000000000000000000, -1.000000000000000000 ) ) ;
#1641 = ORIENTED_EDGE ( 'NONE', *, *, #2273, .T. ) ;
#1642 = CARTESIAN_POINT ( 'NONE',  ( 52.00000000000002132, -87.00000000000000000, -32.75000000000003553 ) ) ;
#1643 = VECTOR ( 'NONE', #5497, 1000.000000000000000 ) ;
#1644 = CARTESIAN_POINT ( 'NONE',  ( 60.00000000000000711, -10.52819897360492085, -18.60000000000000497 ) ) ;
#1645 = ORIENTED_EDGE ( 'NONE', *, *, #3125, .F. ) ;
#1646 = EDGE_CURVE ( 'NONE', #2900, #157, #3982, .T. ) ;
#1647 = PLANE ( 'NONE',  #17 ) ;
#1648 = VECTOR ( 'NONE', #563, 1000.000000000000000 ) ;
#1649 = VECTOR ( 'NONE', #2524, 999.9999999999998863 ) ;
#1650 = FACE_OUTER_BOUND ( 'NONE', #4494, .T. ) ;
#1651 = FACE_OUTER_BOUND ( 'NONE', #574, .T. ) ;
#1652 = DIRECTION ( 'NONE',  ( 0.000000000000000000, -0.000000000000000000, -1.000000000000000000 ) ) ;
#1653 = VECTOR ( 'NONE', #1877, 1000.000000000000000 ) ;
#1654 = ORIENTED_EDGE ( 'NONE', *, *, #512, .F. ) ;
#1655 = CARTESIAN_POINT ( 'NONE',  ( 59.39999999999999858, -87.00000000000000000, -30.50000000000004263 ) ) ;
#1656 = CYLINDRICAL_SURFACE ( 'NONE', #844, 1.899999999999999023 ) ;
#1657 = CIRCLE ( 'NONE', #217, 1.930000000000001048 ) ;
#1658 = DIRECTION ( 'NONE',  ( 3.304235192336776005E-16, -1.348230680810990322E-16, 1.000000000000000000 ) ) ;
#1659 = ORIENTED_EDGE ( 'NONE', *, *, #2771, .F. ) ;
#1660 = CARTESIAN_POINT ( 'NONE',  ( 59.89999999999997726, -87.00000000000000000, -7.875000000000032863 ) ) ;
#1661 = LINE ( 'NONE', #3336, #2993 ) ;
#1662 = CARTESIAN_POINT ( 'NONE',  ( 60.00000000000000000, -57.18147956208619576, -10.80000000000000426 ) ) ;
#1663 = ORIENTED_EDGE ( 'NONE', *, *, #4007, .T. ) ;
#1664 = LINE ( 'NONE', #5552, #2979 ) ;
#1665 = CARTESIAN_POINT ( 'NONE',  ( 59.39999999999999858, -87.00000000000000000, -9.250000000000033751 ) ) ;
#1666 = ORIENTED_EDGE ( 'NONE', *, *, #2421, .F. ) ;
#1667 = DIRECTION ( 'NONE',  ( 1.000000000000000000, 0.000000000000000000, -3.304235192336780935E-16 ) ) ;
#1668 = ORIENTED_EDGE ( 'NONE', *, *, #3991, .F. ) ;
#1669 = DIRECTION ( 'NONE',  ( -0.2079116908177600920, 0.9781476007338054668, 0.000000000000000000 ) ) ;
#1670 = EDGE_LOOP ( 'NONE', ( #1025, #2431, #4489, #3820 ) ) ;
#1671 = CIRCLE ( 'NONE', #3924, 1.375000000000001332 ) ;
#1672 = DIRECTION ( 'NONE',  ( 0.000000000000000000, -1.000000000000000000, 0.000000000000000000 ) ) ;
#1673 = EDGE_CURVE ( 'NONE', #147, #5261, #4472, .T. ) ;
#1674 = ORIENTED_EDGE ( 'NONE', *, *, #4328, .T. ) ;
#1675 = DIRECTION ( 'NONE',  ( 0.2174420766755847390, -0.9728594024390662121, -0.07914244358694097481 ) ) ;
#1676 = EDGE_CURVE ( 'NONE', #4365, #2410, #2429, .T. ) ;
#1677 = TOROIDAL_SURFACE ( 'NONE', #3741, 2.375000000000001332, 1.000000000000000000 ) ;
#1678 = CARTESIAN_POINT ( 'NONE',  ( 0.000000000000000000, 0.000000000000000000, -10.79999999999999005 ) ) ;
#1679 = DIRECTION ( 'NONE',  ( 0.000000000000000000, -1.000000000000000000, 0.000000000000000000 ) ) ;
#1680 = ADVANCED_FACE ( 'NONE', ( #2853 ), #1540, .F. ) ;
#1681 = LINE ( 'NONE', #1706, #336 ) ;
#1682 = ORIENTED_EDGE ( 'NONE', *, *, #3879, .T. ) ;
#1683 = LINE ( 'NONE', #5116, #2511 ) ;
#1684 = CARTESIAN_POINT ( 'NONE',  ( 64.00000000000001421, -76.00000000000002842, 50.97570028453421997 ) ) ;
#1685 = DIRECTION ( 'NONE',  ( -0.000000000000000000, -0.000000000000000000, 1.000000000000000000 ) ) ;
#1686 = ORIENTED_EDGE ( 'NONE', *, *, #2389, .F. ) ;
#1687 = PRODUCT_CONTEXT ( 'NONE', #4550, 'mechanical' ) ;
#1688 = ORIENTED_EDGE ( 'NONE', *, *, #2120, .F. ) ;
#1689 = CARTESIAN_POINT ( 'NONE',  ( 59.39999999999999858, -88.87500000000001421, -30.50000000000004263 ) ) ;
#1690 = CARTESIAN_POINT ( 'NONE',  ( 63.80000000000001137, -10.52819897360491375, -10.80000000000000959 ) ) ;
#1691 = DIRECTION ( 'NONE',  ( 1.000000000000000000, -0.000000000000000000, 0.000000000000000000 ) ) ;
#1692 = EDGE_CURVE ( 'NONE', #1328, #4657, #4036, .T. ) ;
#1693 = VERTEX_POINT ( 'NONE', #3183 ) ;
#1694 = ORIENTED_EDGE ( 'NONE', *, *, #1535, .F. ) ;
#1695 = CARTESIAN_POINT ( 'NONE',  ( 36.49999999999998579, 0.000000000000000000, -36.50000000000001421 ) ) ;
#1696 = ORIENTED_EDGE ( 'NONE', *, *, #3769, .T. ) ;
#1697 = ADVANCED_FACE ( 'NONE', ( #4581 ), #2342, .F. ) ;
#1698 = EDGE_CURVE ( 'NONE', #4570, #2087, #3613, .T. ) ;
#1699 = CARTESIAN_POINT ( 'NONE',  ( 59.90000000000002700, -87.00000000000000000, -29.12500000000003908 ) ) ;
#1700 = ORIENTED_EDGE ( 'NONE', *, *, #3769, .F. ) ;
#1701 = CARTESIAN_POINT ( 'NONE',  ( 42.87364948594031233, -3.908802426041737554, -39.00000000000000000 ) ) ;
#1702 = DIRECTION ( 'NONE',  ( 1.000000000000000000, 0.000000000000000000, 0.000000000000000000 ) ) ;
#1703 = DIRECTION ( 'NONE',  ( -0.04430961977791336714, 0.9990178464848046280, 0.000000000000000000 ) ) ;
#1704 = EDGE_CURVE ( 'NONE', #2722, #718, #1272, .T. ) ;
#1705 = VECTOR ( 'NONE', #4671, 999.9999999999998863 ) ;
#1706 = CARTESIAN_POINT ( 'NONE',  ( 64.00000000000001421, -76.00000000000002842, -7.800000000000004263 ) ) ;
#1707 = ORIENTED_EDGE ( 'NONE', *, *, #1815, .T. ) ;
#1708 = DIRECTION ( 'NONE',  ( 3.304235192336776005E-16, -2.514091994169284236E-16, 1.000000000000000000 ) ) ;
#1709 = DIRECTION ( 'NONE',  ( 1.000000000000000000, -0.000000000000000000, -0.000000000000000000 ) ) ;
#1710 = EDGE_CURVE ( 'NONE', #5256, #765, #2170, .T. ) ;
#1711 = VECTOR ( 'NONE', #5332, 1000.000000000000000 ) ;
#1712 = DIRECTION ( 'NONE',  ( 0.04430961977791337408, -0.9990178464848046280, -2.755015686034142213E-17 ) ) ;
#1713 = ORIENTED_EDGE ( 'NONE', *, *, #5450, .T. ) ;
#1714 = EDGE_CURVE ( 'NONE', #3722, #3197, #3296, .T. ) ;
#1715 = ORIENTED_EDGE ( 'NONE', *, *, #1915, .T. ) ;
#1716 = DIRECTION ( 'NONE',  ( 0.000000000000000000, 0.000000000000000000, -1.000000000000000000 ) ) ;
#1717 = CARTESIAN_POINT ( 'NONE',  ( 53.80000000000001137, -52.79447807108846291, -41.00000000000000000 ) ) ;
#1718 = DIRECTION ( 'NONE',  ( 0.000000000000000000, 0.000000000000000000, -1.000000000000000000 ) ) ;
#1719 = ORIENTED_EDGE ( 'NONE', *, *, #1803, .T. ) ;
#1720 = DIRECTION ( 'NONE',  ( 0.7071067811865539010, 0.000000000000000000, 0.7071067811865411334 ) ) ;
#1721 = ORIENTED_EDGE ( 'NONE', *, *, #3315, .F. ) ;
#1722 = CARTESIAN_POINT ( 'NONE',  ( 59.39999999999999858, -87.00000000000000000, -23.40000000000000924 ) ) ;
#1723 = DIRECTION ( 'NONE',  ( -1.000000000000000000, 0.000000000000000000, 3.304235192336776005E-16 ) ) ;
#1724 = ORIENTED_EDGE ( 'NONE', *, *, #3072, .F. ) ;
#1725 = LINE ( 'NONE', #78, #2219 ) ;
#1726 = AXIS2_PLACEMENT_3D ( 'NONE', #2576, #3842, #2092 ) ;
#1727 = CONICAL_SURFACE ( 'NONE', #34, 6.153531612763413428, 1.221730476396034160 ) ;
#1728 = ORIENTED_EDGE ( 'NONE', *, *, #1499, .F. ) ;
#1729 = PLANE ( 'NONE',  #2439 ) ;
#1730 = DIRECTION ( 'NONE',  ( -0.9759205554421028772, -0.2181262695449070477, 0.000000000000000000 ) ) ;
#1731 = VECTOR ( 'NONE', #2733, 1000.000000000000000 ) ;
#1732 = DIRECTION ( 'NONE',  ( -1.000000000000000000, 0.000000000000000000, 8.704705614220535412E-16 ) ) ;
#1733 = VECTOR ( 'NONE', #2592, 1000.000000000000000 ) ;
#1734 = ORIENTED_EDGE ( 'NONE', *, *, #1447, .T. ) ;
#1735 = AXIS2_PLACEMENT_3D ( 'NONE', #2057, #410, #4714 ) ;
#1736 = DIRECTION ( 'NONE',  ( 0.000000000000000000, 0.000000000000000000, 1.000000000000000000 ) ) ;
#1737 = DIRECTION ( 'NONE',  ( -1.000000000000000000, -0.000000000000000000, 3.304235192336776005E-16 ) ) ;
#1738 = DIRECTION ( 'NONE',  ( 0.000000000000000000, 0.000000000000000000, 1.000000000000000000 ) ) ;
#1739 = ORIENTED_EDGE ( 'NONE', *, *, #2655, .T. ) ;
#1740 = VECTOR ( 'NONE', #4982, 1000.000000000000000 ) ;
#1741 = ORIENTED_EDGE ( 'NONE', *, *, #939, .T. ) ;
#1742 = ADVANCED_FACE ( 'NONE', ( #4097 ), #5366, .T. ) ;
#1743 = FACE_OUTER_BOUND ( 'NONE', #3073, .T. ) ;
#1744 = CARTESIAN_POINT ( 'NONE',  ( 59.39999999999999858, -87.00000000000000000, -21.00000000000003553 ) ) ;
#1745 = EDGE_CURVE ( 'NONE', #2862, #1059, #4513, .T. ) ;
#1746 = CARTESIAN_POINT ( 'NONE',  ( 59.90000000000002700, -88.37500000000000000, -30.50000000000004263 ) ) ;
#1747 = EDGE_CURVE ( 'NONE', #5362, #2577, #689, .T. ) ;
#1748 = ORIENTED_EDGE ( 'NONE', *, *, #2349, .T. ) ;
#1749 = DIRECTION ( 'NONE',  ( -0.000000000000000000, -1.000000000000000000, -0.000000000000000000 ) ) ;
#1750 = ORIENTED_EDGE ( 'NONE', *, *, #1673, .F. ) ;
#1751 = DIRECTION ( 'NONE',  ( -0.000000000000000000, -0.000000000000000000, 1.000000000000000000 ) ) ;
#1752 = CARTESIAN_POINT ( 'NONE',  ( 64.00000000000001421, -87.00000000000000000, -32.75000000000003553 ) ) ;
#1753 = DIRECTION ( 'NONE',  ( -1.000000000000000000, 0.000000000000000000, 0.000000000000000000 ) ) ;
#1754 = VECTOR ( 'NONE', #2253, 1000.000000000000114 ) ;
#1755 = ORIENTED_EDGE ( 'NONE', *, *, #4530, .F. ) ;
#1756 = CARTESIAN_POINT ( 'NONE',  ( 64.00000000000001421, -76.00000000000002842, -10.80000000000000426 ) ) ;
#1757 = CARTESIAN_POINT ( 'NONE',  ( 4.614213562373087107, 0.000000000000000000, -0.9999999999999735767 ) ) ;
#1758 = AXIS2_PLACEMENT_3D ( 'NONE', #3564, #5290, #5160 ) ;
#1759 = DIRECTION ( 'NONE',  ( -0.2079116908177600920, 0.9781476007338054668, 0.000000000000000000 ) ) ;
#1760 = DIRECTION ( 'NONE',  ( -0.3420201433256651602, -0.000000000000000000, 0.9396926207859097602 ) ) ;
#1761 = ORIENTED_EDGE ( 'NONE', *, *, #2273, .F. ) ;
#1762 = CARTESIAN_POINT ( 'NONE',  ( 52.00000000000002132, -108.0000000000000000, -37.59999999999997300 ) ) ;
#1763 = CARTESIAN_POINT ( 'NONE',  ( 52.00000000000002132, -87.00000000000000000, -32.75000000000003553 ) ) ;
#1764 = DIRECTION ( 'NONE',  ( -1.000000000000000000, 0.000000000000000000, -0.000000000000000000 ) ) ;
#1765 = VERTEX_POINT ( 'NONE', #1978 ) ;
#1766 = VECTOR ( 'NONE', #241, 1000.000000000000000 ) ;
#1767 = EDGE_CURVE ( 'NONE', #4379, #473, #3697, .T. ) ;
#1768 = EDGE_LOOP ( 'NONE', ( #3208, #4158, #3092, #425 ) ) ;
#1769 = AXIS2_PLACEMENT_3D ( 'NONE', #3764, #4591, #1542 ) ;
#1770 = DIRECTION ( 'NONE',  ( -1.000000000000000000, 0.000000000000000000, 0.000000000000000000 ) ) ;
#1771 = ORIENTED_EDGE ( 'NONE', *, *, #747, .T. ) ;
#1772 = ADVANCED_FACE ( 'NONE', ( #4997 ), #4153, .F. ) ;
#1773 = ORIENTED_EDGE ( 'NONE', *, *, #4572, .F. ) ;
#1774 = DIRECTION ( 'NONE',  ( 1.652117596168386277E-16, 0.000000000000000000, -1.000000000000000000 ) ) ;
#1775 = FACE_BOUND ( 'NONE', #2951, .T. ) ;
#1776 = ORIENTED_EDGE ( 'NONE', *, *, #2250, .F. ) ;
#1777 = EDGE_CURVE ( 'NONE', #3325, #116, #3240, .T. ) ;
#1778 = CARTESIAN_POINT ( 'NONE',  ( 50.18808331631544917, -36.63437161758102434, -23.24051626016852268 ) ) ;
#1779 = VERTEX_POINT ( 'NONE', #2462 ) ;
#1780 = ADVANCED_FACE ( 'NONE', ( #5112 ), #1618, .F. ) ;
#1781 = DIRECTION ( 'NONE',  ( 0.000000000000000000, 0.000000000000000000, 1.000000000000000000 ) ) ;
#1782 = ORIENTED_EDGE ( 'NONE', *, *, #5419, .T. ) ;
#1783 = CARTESIAN_POINT ( 'NONE',  ( 61.03731512000088344, -9.202426843997564276, -41.00000000000005684 ) ) ;
#1784 = FACE_OUTER_BOUND ( 'NONE', #3917, .T. ) ;
#1785 = DIRECTION ( 'NONE',  ( 1.000000000000000000, -0.000000000000000000, -0.000000000000000000 ) ) ;
#1786 = ORIENTED_EDGE ( 'NONE', *, *, #1710, .T. ) ;
#1787 = CARTESIAN_POINT ( 'NONE',  ( 63.00000000000001421, -87.00000000000000000, -32.75000000000003553 ) ) ;
#1788 = EDGE_LOOP ( 'NONE', ( #4885, #1761, #2692, #2980 ) ) ;
#1789 = PLANE ( 'NONE',  #2241 ) ;
#1790 = DIRECTION ( 'NONE',  ( 0.000000000000000000, 0.000000000000000000, -1.000000000000000000 ) ) ;
#1791 = DIRECTION ( 'NONE',  ( -0.000000000000000000, 0.000000000000000000, -1.000000000000000000 ) ) ;
#1792 = EDGE_LOOP ( 'NONE', ( #1406, #3046, #2854, #1186 ) ) ;
#1793 = EDGE_LOOP ( 'NONE', ( #767, #2234, #1713, #927, #4143 ) ) ;
#1794 = CONICAL_SURFACE ( 'NONE', #4937, 1.875000000000015543, 0.7853981633974346233 ) ;
#1795 = CARTESIAN_POINT ( 'NONE',  ( 42.00000000000001421, -9.999999999999994671, -22.50000000000000355 ) ) ;
#1796 = ADVANCED_FACE ( 'NONE', ( #1651 ), #2546, .F. ) ;
#1797 = ORIENTED_EDGE ( 'NONE', *, *, #3439, .T. ) ;
#1798 = EDGE_CURVE ( 'NONE', #373, #4711, #5410, .T. ) ;
#1799 = ORIENTED_EDGE ( 'NONE', *, *, #3209, .T. ) ;
#1800 = DIRECTION ( 'NONE',  ( -0.000000000000000000, -0.000000000000000000, 1.000000000000000000 ) ) ;
#1801 = FACE_BOUND ( 'NONE', #1552, .T. ) ;
#1802 = VERTEX_POINT ( 'NONE', #4213 ) ;
#1803 = EDGE_CURVE ( 'NONE', #1923, #4727, #4720, .T. ) ;
#1804 = ADVANCED_FACE ( 'NONE', ( #745 ), #3356, .F. ) ;
#1805 = DIRECTION ( 'NONE',  ( -3.304235192336776005E-16, 2.514091994169284236E-16, -1.000000000000000000 ) ) ;
#1806 = ORIENTED_EDGE ( 'NONE', *, *, #2867, .F. ) ;
#1807 = ORIENTED_EDGE ( 'NONE', *, *, #4354, .F. ) ;
#1808 = CARTESIAN_POINT ( 'NONE',  ( 60.00000000000000711, -10.52819897360491375, -15.60000000000000675 ) ) ;
#1809 = CARTESIAN_POINT ( 'NONE',  ( 0.000000000000000000, 0.000000000000000000, -18.59999999999999076 ) ) ;
#1810 = CARTESIAN_POINT ( 'NONE',  ( 59.80000000000000426, -39.22819897360492547, -31.47750000000000625 ) ) ;
#1811 = ADVANCED_FACE ( 'NONE', ( #419 ), #3813, .F. ) ;
#1812 = EDGE_LOOP ( 'NONE', ( #1894, #519, #5303, #1079 ) ) ;
#1813 = AXIS2_PLACEMENT_3D ( 'NONE', #4780, #2717, #3242 ) ;
#1814 = VECTOR ( 'NONE', #55, 1000.000000000000114 ) ;
#1815 = EDGE_CURVE ( 'NONE', #4022, #4113, #4301, .T. ) ;
#1816 = DIRECTION ( 'NONE',  ( -0.9396926207859096492, 0.000000000000000000, 0.3420201433256651047 ) ) ;
#1817 = VERTEX_POINT ( 'NONE', #830 ) ;
#1818 = CARTESIAN_POINT ( 'NONE',  ( 64.00000000000001421, -76.00000000000002842, 50.97570028453421997 ) ) ;
#1819 = VECTOR ( 'NONE', #1507, 1000.000000000000000 ) ;
#1820 = VECTOR ( 'NONE', #5265, 1000.000000000000000 ) ;
#1821 = DIRECTION ( 'NONE',  ( 0.000000000000000000, 0.000000000000000000, -1.000000000000000000 ) ) ;
#1822 = PLANE ( 'NONE',  #2025 ) ;
#1823 = ORIENTED_EDGE ( 'NONE', *, *, #1217, .F. ) ;
#1824 = CONICAL_SURFACE ( 'NONE', #5235, 12.99999999999999645, 0.7853981633974498333 ) ;
#1825 = ORIENTED_EDGE ( 'NONE', *, *, #4474, .T. ) ;
#1826 = CARTESIAN_POINT ( 'NONE',  ( 63.79999999999999716, -3.928198973604913657, -34.79999999999999716 ) ) ;
#1827 = AXIS2_PLACEMENT_3D ( 'NONE', #817, #4737, #4289 ) ;
#1828 = ORIENTED_EDGE ( 'NONE', *, *, #3840, .T. ) ;
#1829 = VECTOR ( 'NONE', #2748, 1000.000000000000000 ) ;
#1830 = AXIS2_PLACEMENT_3D ( 'NONE', #1795, #3533, #4415 ) ;
#1831 = ORIENTED_EDGE ( 'NONE', *, *, #2384, .T. ) ;
#1832 = LINE ( 'NONE', #1460, #1009 ) ;
#1833 = FACE_BOUND ( 'NONE', #962, .T. ) ;
#1834 = ORIENTED_EDGE ( 'NONE', *, *, #3795, .T. ) ;
#1835 = DIRECTION ( 'NONE',  ( 0.000000000000000000, 0.000000000000000000, -1.000000000000000000 ) ) ;
#1836 = EDGE_LOOP ( 'NONE', ( #5202, #779, #1386, #2196 ) ) ;
#1837 = AXIS2_PLACEMENT_3D ( 'NONE', #4096, #2826, #3232 ) ;
#1838 = FACE_OUTER_BOUND ( 'NONE', #4870, .T. ) ;
#1839 = CARTESIAN_POINT ( 'NONE',  ( 42.00000000000000000, 0.000000000000000000, -12.75000000000000355 ) ) ;
#1840 = DIRECTION ( 'NONE',  ( 1.000000000000000000, -1.841791997293421075E-16, -0.000000000000000000 ) ) ;
#1841 = EDGE_LOOP ( 'NONE', ( #594, #2405, #4782, #5128 ) ) ;
#1842 = VECTOR ( 'NONE', #3695, 1000.000000000000000 ) ;
#1843 = ORIENTED_EDGE ( 'NONE', *, *, #3238, .F. ) ;
#1844 = EDGE_CURVE ( 'NONE', #1165, #2251, #4668, .T. ) ;
#1845 = LINE ( 'NONE', #1818, #3588 ) ;
#1846 = AXIS2_PLACEMENT_3D ( 'NONE', #709, #3317, #1667 ) ;
#1847 = CARTESIAN_POINT ( 'NONE',  ( 42.87364948594030523, -3.908802426041734446, -19.50000000000000355 ) ) ;
#1848 = CARTESIAN_POINT ( 'NONE',  ( 60.87867965644037582, -45.44951931716452975, -23.39999999999999147 ) ) ;
#1849 = ORIENTED_EDGE ( 'NONE', *, *, #3490, .T. ) ;
#1850 = AXIS2_PLACEMENT_3D ( 'NONE', #5255, #135, #3957 ) ;
#1851 = EDGE_LOOP ( 'NONE', ( #2856, #42, #4019, #2508 ) ) ;
#1852 = FACE_OUTER_BOUND ( 'NONE', #4077, .T. ) ;
#1853 = AXIS2_PLACEMENT_3D ( 'NONE', #1254, #3, #3409 ) ;
#1854 = CYLINDRICAL_SURFACE ( 'NONE', #3009, 21.00000000000000000 ) ;
#1855 = VERTEX_POINT ( 'NONE', #2062 ) ;
#1856 = AXIS2_PLACEMENT_3D ( 'NONE', #3039, #3895, #5190 ) ;
#1857 = ORIENTED_EDGE ( 'NONE', *, *, #3661, .T. ) ;
#1858 = PLANE ( 'NONE',  #1093 ) ;
#1859 = FACE_OUTER_BOUND ( 'NONE', #29, .T. ) ;
#1860 = VERTEX_POINT ( 'NONE', #5139 ) ;
#1861 = DIRECTION ( 'NONE',  ( 0.000000000000000000, 8.410780489584520650E-16, -1.000000000000000000 ) ) ;
#1862 = VERTEX_POINT ( 'NONE', #1195 ) ;
#1863 = CARTESIAN_POINT ( 'NONE',  ( 0.000000000000000000, 0.000000000000000000, -26.39999999999998792 ) ) ;
#1864 = DIRECTION ( 'NONE',  ( 0.000000000000000000, 1.000000000000000000, 0.000000000000000000 ) ) ;
#1865 = EDGE_CURVE ( 'NONE', #1289, #4419, #333, .T. ) ;
#1866 = DIRECTION ( 'NONE',  ( -1.000000000000000000, 0.000000000000000000, 8.704705614220536398E-16 ) ) ;
#1867 = VERTEX_POINT ( 'NONE', #2514 ) ;
#1868 = CARTESIAN_POINT ( 'NONE',  ( 50.89514804236025469, -39.79785578486993103, -18.50213322585160114 ) ) ;
#1869 = ORIENTED_EDGE ( 'NONE', *, *, #3506, .F. ) ;
#1870 = FACE_OUTER_BOUND ( 'NONE', #804, .T. ) ;
#1871 = PLANE ( 'NONE',  #2286 ) ;
#1872 = LINE ( 'NONE', #1420, #1316 ) ;
#1873 = ORIENTED_EDGE ( 'NONE', *, *, #2831, .T. ) ;
#1874 = ADVANCED_FACE ( 'NONE', ( #444 ), #2125, .T. ) ;
#1875 = EDGE_CURVE ( 'NONE', #2410, #3100, #2, .T. ) ;
#1876 = ORIENTED_EDGE ( 'NONE', *, *, #3109, .F. ) ;
#1877 = DIRECTION ( 'NONE',  ( -0.000000000000000000, -1.000000000000000000, -0.000000000000000000 ) ) ;
#1878 = ADVANCED_FACE ( 'NONE', ( #2961 ), #2039, .T. ) ;
#1879 = FACE_OUTER_BOUND ( 'NONE', #1464, .T. ) ;
#1880 = VERTEX_POINT ( 'NONE', #2990 ) ;
#1881 = DIRECTION ( 'NONE',  ( 0.000000000000000000, 0.000000000000000000, -1.000000000000000000 ) ) ;
#1882 = AXIS2_PLACEMENT_3D ( 'NONE', #3933, #3846, #5 ) ;
#1883 = ADVANCED_FACE ( 'NONE', ( #858 ), #3754, .F. ) ;
#1884 = DIRECTION ( 'NONE',  ( 0.000000000000000000, 0.000000000000000000, 1.000000000000000000 ) ) ;
#1885 = CARTESIAN_POINT ( 'NONE',  ( 42.58159558283757207, -2.602121630877927583, -9.294316567480786162 ) ) ;
#1886 = DIRECTION ( 'NONE',  ( 0.000000000000000000, 0.000000000000000000, -1.000000000000000000 ) ) ;
#1887 = ORIENTED_EDGE ( 'NONE', *, *, #4519, .F. ) ;
#1888 = AXIS2_PLACEMENT_3D ( 'NONE', #1162, #2399, #5472 ) ;
#1889 = DIRECTION ( 'NONE',  ( -1.000000000000000000, 0.000000000000000000, 0.000000000000000000 ) ) ;
#1890 = ORIENTED_EDGE ( 'NONE', *, *, #2069, .F. ) ;
#1891 = CARTESIAN_POINT ( 'NONE',  ( 64.00000000000001421, -87.00000000000000000, -1.000000000000014655 ) ) ;
#1892 = DIRECTION ( 'NONE',  ( 0.000000000000000000, 0.000000000000000000, -1.000000000000000000 ) ) ;
#1893 = CARTESIAN_POINT ( 'NONE',  ( 5.499999999999991118, 0.000000000000000000, -5.500000000000011546 ) ) ;
#1894 = ORIENTED_EDGE ( 'NONE', *, *, #2017, .T. ) ;
#1895 = DIRECTION ( 'NONE',  ( 0.000000000000000000, 0.000000000000000000, -1.000000000000000000 ) ) ;
#1896 = ORIENTED_EDGE ( 'NONE', *, *, #2691, .F. ) ;
#1897 = LINE ( 'NONE', #1924, #1375 ) ;
#1898 = CARTESIAN_POINT ( 'NONE',  ( 4.200000000000000178, 1.000000000000000888, -42.00000000000000000 ) ) ;
#1899 = DIRECTION ( 'NONE',  ( 3.304235192336776005E-16, 0.000000000000000000, 1.000000000000000000 ) ) ;
#1900 = VERTEX_POINT ( 'NONE', #4644 ) ;
#1901 = AXIS2_PLACEMENT_3D ( 'NONE', #1863, #2730, #1019 ) ;
#1902 = EDGE_LOOP ( 'NONE', ( #3297, #2452, #5159, #2048, #1504 ) ) ;
#1903 = VECTOR ( 'NONE', #1785, 1000.000000000000000 ) ;
#1904 = AXIS2_PLACEMENT_3D ( 'NONE', #855, #4269, #2573 ) ;
#1905 = CARTESIAN_POINT ( 'NONE',  ( 48.15353161276342320, 0.000000000000000000, -12.75000000000000355 ) ) ;
#1906 = CARTESIAN_POINT ( 'NONE',  ( 59.80000000000000426, -7.228198973604920141, -31.47749999999999915 ) ) ;
#1907 = CARTESIAN_POINT ( 'NONE',  ( 63.80000000000001137, -10.52819897360492085, -18.60000000000000497 ) ) ;
#1908 = ORIENTED_EDGE ( 'NONE', *, *, #3074, .T. ) ;
#1909 = VECTOR ( 'NONE', #1805, 1000.000000000000000 ) ;
#1910 = AXIS2_PLACEMENT_3D ( 'NONE', #5397, #2864, #673 ) ;
#1911 = EDGE_CURVE ( 'NONE', #794, #5097, #3576, .T. ) ;
#1912 = CYLINDRICAL_SURFACE ( 'NONE', #1769, 1.000000000000000888 ) ;
#1913 = CARTESIAN_POINT ( 'NONE',  ( 63.00000000000001421, -87.00000000000000000, -11.50000000000003197 ) ) ;
#1914 = CIRCLE ( 'NONE', #4969, 1.000000000000000888 ) ;
#1915 = EDGE_CURVE ( 'NONE', #2317, #3887, #3514, .T. ) ;
#1916 = AXIS2_PLACEMENT_3D ( 'NONE', #1717, #2924, #3767 ) ;
#1917 = ORIENTED_EDGE ( 'NONE', *, *, #5085, .F. ) ;
#1918 = DIRECTION ( 'NONE',  ( 0.000000000000000000, -1.000000000000000000, 0.000000000000000000 ) ) ;
#1919 = AXIS2_PLACEMENT_3D ( 'NONE', #5394, #3734, #4973 ) ;
#1920 = LINE ( 'NONE', #3224, #2473 ) ;
#1921 = LINE ( 'NONE', #206, #2346 ) ;
#1922 = DIRECTION ( 'NONE',  ( 0.000000000000000000, 0.000000000000000000, 1.000000000000000000 ) ) ;
#1923 = VERTEX_POINT ( 'NONE', #3470 ) ;
#1924 = CARTESIAN_POINT ( 'NONE',  ( 60.27433276148052954, 8.000000000000000000, -39.00000000000000000 ) ) ;
#1925 = CARTESIAN_POINT ( 'NONE',  ( 59.39999999999999858, -85.12500000000001421, -9.250000000000035527 ) ) ;
#1926 = AXIS2_PLACEMENT_3D ( 'NONE', #417, #3753, #2912 ) ;
#1927 = FACE_OUTER_BOUND ( 'NONE', #2180, .T. ) ;
#1928 = ORIENTED_EDGE ( 'NONE', *, *, #2004, .F. ) ;
#1929 = DIRECTION ( 'NONE',  ( 0.000000000000000000, 0.000000000000000000, -1.000000000000000000 ) ) ;
#1930 = ORIENTED_EDGE ( 'NONE', *, *, #1969, .F. ) ;
#1931 = AXIS2_PLACEMENT_3D ( 'NONE', #1471, #176, #1892 ) ;
#1932 = DIRECTION ( 'NONE',  ( 0.000000000000000000, 1.000000000000000000, 0.000000000000000000 ) ) ;
#1933 = DIRECTION ( 'NONE',  ( 1.000000000000000000, 0.000000000000000000, 1.652117596168386277E-16 ) ) ;
#1934 = ORIENTED_EDGE ( 'NONE', *, *, #412, .F. ) ;
#1935 = EDGE_CURVE ( 'NONE', #5558, #3192, #1414, .T. ) ;
#1936 = VECTOR ( 'NONE', #3303, 1000.000000000000000 ) ;
#1937 = DIRECTION ( 'NONE',  ( -0.2079116908177600642, 0.9781476007338054668, 0.000000000000000000 ) ) ;
#1938 = AXIS2_PLACEMENT_3D ( 'NONE', #4968, #4884, #2772 ) ;
#1939 = DIRECTION ( 'NONE',  ( 0.000000000000000000, 1.000000000000000000, 0.000000000000000000 ) ) ;
#1940 = DIRECTION ( 'NONE',  ( -0.000000000000000000, -0.000000000000000000, 1.000000000000000000 ) ) ;
#1941 = CARTESIAN_POINT ( 'NONE',  ( 60.00000000000000000, -47.57083966072418235, -18.60000000000000497 ) ) ;
#1942 = AXIS2_PLACEMENT_3D ( 'NONE', #3384, #3873, #5114 ) ;
#1943 = ORIENTED_EDGE ( 'NONE', *, *, #4049, .T. ) ;
#1944 = DIRECTION ( 'NONE',  ( 0.000000000000000000, 0.000000000000000000, -1.000000000000000000 ) ) ;
#1945 = EDGE_CURVE ( 'NONE', #2080, #3505, #4356, .T. ) ;
#1946 = CARTESIAN_POINT ( 'NONE',  ( 63.80000000000001137, -35.92819897360492831, -10.80000000000000959 ) ) ;
#1947 = FACE_OUTER_BOUND ( 'NONE', #2534, .T. ) ;
#1948 = EDGE_CURVE ( 'NONE', #3815, #438, #3549, .T. ) ;
#1949 = DIRECTION ( 'NONE',  ( 0.2181262695449070199, -0.9759205554421027662, -1.356232116511810426E-16 ) ) ;
#1950 = ORIENTED_EDGE ( 'NONE', *, *, #1447, .F. ) ;
#1951 = LINE ( 'NONE', #601, #2123 ) ;
#1952 = VERTEX_POINT ( 'NONE', #4798 ) ;
#1953 = LINE ( 'NONE', #268, #719 ) ;
#1954 = LINE ( 'NONE', #2400, #4539 ) ;
#1955 = DIRECTION ( 'NONE',  ( 0.04430961977791336714, -0.9990178464848046280, 0.000000000000000000 ) ) ;
#1956 = ORIENTED_EDGE ( 'NONE', *, *, #2318, .F. ) ;
#1957 = DIRECTION ( 'NONE',  ( 2.471015800063868937E-17, -5.571225606499637017E-16, 1.000000000000000000 ) ) ;
#1958 = VERTEX_POINT ( 'NONE', #4409 ) ;
#1959 = LINE ( 'NONE', #1567, #2256 ) ;
#1960 = FACE_OUTER_BOUND ( 'NONE', #826, .T. ) ;
#1961 = FACE_OUTER_BOUND ( 'NONE', #4320, .T. ) ;
#1962 = ORIENTED_EDGE ( 'NONE', *, *, #4692, .T. ) ;
#1963 = EDGE_CURVE ( 'NONE', #3392, #54, #2254, .T. ) ;
#1964 = DIRECTION ( 'NONE',  ( 0.000000000000000000, 0.000000000000000000, -1.000000000000000000 ) ) ;
#1965 = FACE_BOUND ( 'NONE', #2331, .T. ) ;
#1966 = EDGE_CURVE ( 'NONE', #2147, #602, #2890, .T. ) ;
#1967 = ORIENTED_EDGE ( 'NONE', *, *, #188, .F. ) ;
#1968 = FACE_OUTER_BOUND ( 'NONE', #2221, .T. ) ;
#1969 = EDGE_CURVE ( 'NONE', #3887, #2003, #4769, .T. ) ;
#1970 = EDGE_CURVE ( 'NONE', #1191, #136, #1390, .T. ) ;
#1971 = AXIS2_PLACEMENT_3D ( 'NONE', #2549, #85, #4723 ) ;
#1972 = DIRECTION ( 'NONE',  ( -0.000000000000000000, -1.000000000000000000, -0.000000000000000000 ) ) ;
#1973 = CARTESIAN_POINT ( 'NONE',  ( 4.200000000000000178, 1.000000000000000888, 1.387778780781445676E-14 ) ) ;
#1974 = DIRECTION ( 'NONE',  ( 0.000000000000000000, -1.000000000000000000, -0.000000000000000000 ) ) ;
#1975 = ORIENTED_EDGE ( 'NONE', *, *, #1334, .T. ) ;
#1976 = DIRECTION ( 'NONE',  ( 0.6900800426524452691, 0.1542385643501305303, 0.7071067811865545671 ) ) ;
#1977 = DIRECTION ( 'NONE',  ( -3.304235192336776005E-16, 2.514091994169284236E-16, -1.000000000000000000 ) ) ;
#1978 = CARTESIAN_POINT ( 'NONE',  ( 63.80000000000001137, -35.92819897360492831, -15.60000000000000853 ) ) ;
#1979 = ORIENTED_EDGE ( 'NONE', *, *, #3200, .F. ) ;
#1980 = EDGE_CURVE ( 'NONE', #2567, #4833, #4386, .T. ) ;
#1981 = ORIENTED_EDGE ( 'NONE', *, *, #2408, .T. ) ;
#1982 = DIRECTION ( 'NONE',  ( -1.000000000000000000, -0.000000000000000000, -0.000000000000000000 ) ) ;
#1983 = CARTESIAN_POINT ( 'NONE',  ( 59.80000000000001847, -7.228198973604922806, -10.52249999999999908 ) ) ;
#1984 = DIRECTION ( 'NONE',  ( -0.000000000000000000, 0.000000000000000000, -1.000000000000000000 ) ) ;
#1985 = ORIENTED_EDGE ( 'NONE', *, *, #2662, .T. ) ;
#1986 = AXIS2_PLACEMENT_3D ( 'NONE', #1946, #1098, #262 ) ;
#1987 = AXIS2_PLACEMENT_3D ( 'NONE', #3745, #3287, #4542 ) ;
#1988 = LINE ( 'NONE', #2354, #427 ) ;
#1989 = EDGE_CURVE ( 'NONE', #2251, #760, #966, .T. ) ;
#1990 = CYLINDRICAL_SURFACE ( 'NONE', #2178, 1.929999999999997717 ) ;
#1991 = FACE_BOUND ( 'NONE', #5412, .T. ) ;
#1992 = VECTOR ( 'NONE', #600, 1000.000000000000000 ) ;
#1993 = AXIS2_PLACEMENT_3D ( 'NONE', #4502, #229, #3282 ) ;
#1994 = CARTESIAN_POINT ( 'NONE',  ( 63.00000000000000000, -47.57083966072418235, -26.39999999999998792 ) ) ;
#1995 = EDGE_CURVE ( 'NONE', #54, #3260, #4433, .T. ) ;
#1996 = AXIS2_PLACEMENT_3D ( 'NONE', #318, #346, #5462 ) ;
#1997 = ORIENTED_EDGE ( 'NONE', *, *, #2456, .F. ) ;
#1998 = FACE_OUTER_BOUND ( 'NONE', #4965, .T. ) ;
#1999 = DIRECTION ( 'NONE',  ( 0.000000000000000000, 0.000000000000000000, -1.000000000000000000 ) ) ;
#2000 = DIRECTION ( 'NONE',  ( 0.000000000000000000, 0.000000000000000000, -1.000000000000000000 ) ) ;
#2001 = AXIS2_PLACEMENT_3D ( 'NONE', #2559, #1296, #1718 ) ;
#2002 = CARTESIAN_POINT ( 'NONE',  ( -1.040834085586084730E-14, 0.000000000000000000, -22.50000000000000355 ) ) ;
#2003 = VERTEX_POINT ( 'NONE', #1314 ) ;
#2004 = EDGE_CURVE ( 'NONE', #5105, #5532, #2703, .T. ) ;
#2005 = DIRECTION ( 'NONE',  ( -0.000000000000000000, -1.000000000000000000, -0.000000000000000000 ) ) ;
#2006 = ORIENTED_EDGE ( 'NONE', *, *, #2758, .F. ) ;
#2007 = AXIS2_PLACEMENT_3D ( 'NONE', #2190, #1344, #1770 ) ;
#2008 = PLANE ( 'NONE',  #458 ) ;
#2009 = CARTESIAN_POINT ( 'NONE',  ( 60.87867965644037582, -45.44951931716452975, -7.799999999999990052 ) ) ;
#2010 = EDGE_CURVE ( 'NONE', #2793, #3921, #4003, .T. ) ;
#2011 = CARTESIAN_POINT ( 'NONE',  ( 60.00000000000001421, 8.000000000000000000, -3.469446951953614189E-14 ) ) ;
#2012 = EDGE_LOOP ( 'NONE', ( #4228, #5537, #975, #210 ) ) ;
#2013 = ORIENTED_EDGE ( 'NONE', *, *, #1120, .T. ) ;
#2014 = FACE_OUTER_BOUND ( 'NONE', #1627, .T. ) ;
#2015 = DIRECTION ( 'NONE',  ( 0.000000000000000000, 0.000000000000000000, -1.000000000000000000 ) ) ;
#2016 = EDGE_CURVE ( 'NONE', #531, #2484, #3022, .T. ) ;
#2017 = EDGE_CURVE ( 'NONE', #1354, #420, #1022, .T. ) ;
#2018 = DIRECTION ( 'NONE',  ( 1.000000000000000000, 0.000000000000000000, -0.000000000000000000 ) ) ;
#2019 = EDGE_LOOP ( 'NONE', ( #426, #293, #3617 ) ) ;
#2020 = CYLINDRICAL_SURFACE ( 'NONE', #3023, 10.00000000000000178 ) ;
#2021 = CARTESIAN_POINT ( 'NONE',  ( 53.80000000000001137, -52.79447807108846291, -41.00000000000000000 ) ) ;
#2022 = DIRECTION ( 'NONE',  ( 0.000000000000000000, 1.000000000000000000, 0.000000000000000000 ) ) ;
#2023 = VECTOR ( 'NONE', #3290, 1000.000000000000000 ) ;
#2024 = CARTESIAN_POINT ( 'NONE',  ( 60.00000000000000711, -10.52819897360492085, -18.60000000000000497 ) ) ;
#2025 = AXIS2_PLACEMENT_3D ( 'NONE', #64, #1341, #1764 ) ;
#2026 = ORIENTED_EDGE ( 'NONE', *, *, #1698, .T. ) ;
#2027 = LINE ( 'NONE', #1126, #3789 ) ;
#2028 = DIRECTION ( 'NONE',  ( -0.000000000000000000, 0.000000000000000000, -1.000000000000000000 ) ) ;
#2029 = FACE_OUTER_BOUND ( 'NONE', #546, .T. ) ;
#2030 = ORIENTED_EDGE ( 'NONE', *, *, #710, .T. ) ;
#2031 = AXIS2_PLACEMENT_3D ( 'NONE', #379, #1588, #2485 ) ;
#2032 = ORIENTED_EDGE ( 'NONE', *, *, #4689, .T. ) ;
#2033 = EDGE_CURVE ( 'NONE', #1371, #1765, #5384, .T. ) ;
#2034 = DIRECTION ( 'NONE',  ( 0.000000000000000000, 0.000000000000000000, -1.000000000000000000 ) ) ;
#2035 = VERTEX_POINT ( 'NONE', #4545 ) ;
#2036 = FACE_OUTER_BOUND ( 'NONE', #3755, .T. ) ;
#2037 = EDGE_CURVE ( 'NONE', #5558, #4559, #1921, .T. ) ;
#2038 = CARTESIAN_POINT ( 'NONE',  ( 59.80000000000001847, -39.22819897360492547, -12.45250000000000057 ) ) ;
#2039 = PLANE ( 'NONE',  #4869 ) ;
#2040 = EDGE_LOOP ( 'NONE', ( #2056, #4816, #790, #3363 ) ) ;
#2041 = EDGE_CURVE ( 'NONE', #1342, #2269, #3144, .T. ) ;
#2042 = ORIENTED_EDGE ( 'NONE', *, *, #555, .F. ) ;
#2043 = CARTESIAN_POINT ( 'NONE',  ( 63.00000000000001421, -88.37500000000000000, -11.50000000000003020 ) ) ;
#2044 = EDGE_CURVE ( 'NONE', #4762, #4138, #3603, .T. ) ;
#2045 = CYLINDRICAL_SURFACE ( 'NONE', #3257, 1.000000000000000888 ) ;
#2046 = ADVANCED_FACE ( 'NONE', ( #4089 ), #3635, .T. ) ;
#2047 = DIRECTION ( 'NONE',  ( 0.2174420766755847112, -0.9728594024390662121, -0.07914244358694116910 ) ) ;
#2048 = ORIENTED_EDGE ( 'NONE', *, *, #96, .F. ) ;
#2049 = CARTESIAN_POINT ( 'NONE',  ( 64.00000000000001421, -76.00000000000002842, -3.000000000000002665 ) ) ;
#2050 = CARTESIAN_POINT ( 'NONE',  ( 52.00000000000001421, -108.0000000000000000, -9.797174393178803964E-16 ) ) ;
#2051 = CARTESIAN_POINT ( 'NONE',  ( 43.05499388327440613, -9.999999999999998224, -38.99999999999997868 ) ) ;
#2052 = EDGE_CURVE ( 'NONE', #2820, #3792, #1182, .T. ) ;
#2053 = ORIENTED_EDGE ( 'NONE', *, *, #3261, .F. ) ;
#2054 = LINE ( 'NONE', #1212, #3528 ) ;
#2055 = CARTESIAN_POINT ( 'NONE',  ( 59.89999999999997726, -88.37500000000000000, -11.50000000000003020 ) ) ;
#2056 = ORIENTED_EDGE ( 'NONE', *, *, #1047, .T. ) ;
#2057 = CARTESIAN_POINT ( 'NONE',  ( 0.000000000000000000, 0.000000000000000000, -31.19999999999998863 ) ) ;
#2058 = CARTESIAN_POINT ( 'NONE',  ( 4.200000000000000178, 8.000000000000000000, -42.00000000000000000 ) ) ;
#2059 = ORIENTED_EDGE ( 'NONE', *, *, #1935, .F. ) ;
#2060 = CARTESIAN_POINT ( 'NONE',  ( 5.499999999999991118, 8.000000000000000000, -5.500000000000011546 ) ) ;
#2061 = CARTESIAN_POINT ( 'NONE',  ( 59.39999999999999858, -85.12499999999997158, -30.50000000000004263 ) ) ;
#2062 = CARTESIAN_POINT ( 'NONE',  ( 43.05499388327440613, 6.999999999999998224, -42.00000000000002132 ) ) ;
#2063 = DIRECTION ( 'NONE',  ( 0.2810846377148360498, 0.6785983445458462215, 0.6785983445458413366 ) ) ;
#2064 = ORIENTED_EDGE ( 'NONE', *, *, #540, .T. ) ;
#2065 = CARTESIAN_POINT ( 'NONE',  ( 64.00000000000001421, -89.37500000000000000, -9.250000000000035527 ) ) ;
#2066 = DIRECTION ( 'NONE',  ( 1.000000000000000000, 0.000000000000000000, -6.217646867300384409E-16 ) ) ;
#2067 = DIRECTION ( 'NONE',  ( 0.000000000000000000, 0.000000000000000000, -1.000000000000000000 ) ) ;
#2068 = EDGE_LOOP ( 'NONE', ( #4984, #3558, #342, #2171 ) ) ;
#2069 = EDGE_CURVE ( 'NONE', #2227, #1494, #732, .T. ) ;
#2070 = CARTESIAN_POINT ( 'NONE',  ( 59.89999999999997726, -85.62499999999998579, -9.250000000000035527 ) ) ;
#2071 = FACE_BOUND ( 'NONE', #4716, .T. ) ;
#2072 = ADVANCED_FACE ( 'NONE', ( #2819 ), #2763, .F. ) ;
#2073 = LINE ( 'NONE', #5126, #923 ) ;
#2074 = VECTOR ( 'NONE', #4600, 1000.000000000000114 ) ;
#2075 = AXIS2_PLACEMENT_3D ( 'NONE', #1335, #496, #5533 ) ;
#2076 = EDGE_CURVE ( 'NONE', #4171, #3129, #4929, .T. ) ;
#2077 = ORIENTED_EDGE ( 'NONE', *, *, #3898, .T. ) ;
#2078 = AXIS2_PLACEMENT_3D ( 'NONE', #2150, #775, #4185 ) ;
#2079 = EDGE_CURVE ( 'NONE', #3192, #5226, #1049, .T. ) ;
#2080 = VERTEX_POINT ( 'NONE', #3666 ) ;
#2081 = DIRECTION ( 'NONE',  ( 0.000000000000000000, 1.000000000000000000, 0.000000000000000000 ) ) ;
#2082 = ORIENTED_EDGE ( 'NONE', *, *, #2517, .T. ) ;
#2083 = CARTESIAN_POINT ( 'NONE',  ( 60.00000000000001421, 8.000000000000000000, -3.469446951953614189E-14 ) ) ;
#2084 = ORIENTED_EDGE ( 'NONE', *, *, #633, .F. ) ;
#2085 = CIRCLE ( 'NONE', #3709, 1.899999999999999023 ) ;
#2086 = DIRECTION ( 'NONE',  ( -0.2181262695449070477, 0.9759205554421027662, -0.000000000000000000 ) ) ;
#2087 = VERTEX_POINT ( 'NONE', #1526 ) ;
#2088 = DIRECTION ( 'NONE',  ( 1.000000000000000000, -0.000000000000000000, -0.000000000000000000 ) ) ;
#2089 = CIRCLE ( 'NONE', #3437, 21.00000000000000000 ) ;
#2090 = AXIS2_PLACEMENT_3D ( 'NONE', #3316, #185, #3672 ) ;
#2091 = DIRECTION ( 'NONE',  ( -1.000000000000000000, 0.000000000000000000, 0.000000000000000000 ) ) ;
#2092 = DIRECTION ( 'NONE',  ( 0.000000000000000000, -0.000000000000000000, -1.000000000000000000 ) ) ;
#2093 = ORIENTED_EDGE ( 'NONE', *, *, #3543, .F. ) ;
#2094 = DIRECTION ( 'NONE',  ( -0.000000000000000000, -1.000000000000000000, -0.000000000000000000 ) ) ;
#2095 = VECTOR ( 'NONE', #1518, 1000.000000000000000 ) ;
#2096 = ORIENTED_EDGE ( 'NONE', *, *, #3490, .F. ) ;
#2097 = DIRECTION ( 'NONE',  ( -0.3420201433256651602, -0.000000000000000000, 0.9396926207859097602 ) ) ;
#2098 = CARTESIAN_POINT ( 'NONE',  ( 52.00000000000002132, -87.00000000000000000, -34.12500000000003553 ) ) ;
#2099 = CIRCLE ( 'NONE', #2817, 6.153531612763413428 ) ;
#2100 = DIRECTION ( 'NONE',  ( 1.000000000000000000, -0.000000000000000000, -0.000000000000000000 ) ) ;
#2101 = EDGE_CURVE ( 'NONE', #2672, #2396, #3065, .T. ) ;
#2102 = ORIENTED_EDGE ( 'NONE', *, *, #3266, .T. ) ;
#2103 = CIRCLE ( 'NONE', #4273, 1.930000000000001048 ) ;
#2104 = DIRECTION ( 'NONE',  ( -1.000000000000000000, -0.000000000000000000, 3.304235192336776005E-16 ) ) ;
#2105 = PLANE ( 'NONE',  #4352 ) ;
#2106 = ADVANCED_FACE ( 'NONE', ( #5327 ), #1472, .T. ) ;
#2107 = ADVANCED_FACE ( 'NONE', ( #2422 ), #1555, .T. ) ;
#2108 = CIRCLE ( 'NONE', #3996, 2.375000000000002220 ) ;
#2109 = DIRECTION ( 'NONE',  ( -1.000000000000000000, 0.000000000000000000, 0.000000000000000000 ) ) ;
#2110 = ORIENTED_EDGE ( 'NONE', *, *, #976, .F. ) ;
#2111 = VECTOR ( 'NONE', #1751, 1000.000000000000000 ) ;
#2112 = LINE ( 'NONE', #3771, #115 ) ;
#2113 = LINE ( 'NONE', #2533, #1100 ) ;
#2114 = ORIENTED_EDGE ( 'NONE', *, *, #2101, .T. ) ;
#2115 = CARTESIAN_POINT ( 'NONE',  ( 36.50000000000000000, 8.000000000000000000, -3.800000000000012701 ) ) ;
#2116 = EDGE_CURVE ( 'NONE', #3260, #4652, #4905, .T. ) ;
#2117 = AXIS2_PLACEMENT_3D ( 'NONE', #637, #2469, #4131 ) ;
#2118 = CARTESIAN_POINT ( 'NONE',  ( 63.00000000000000000, -47.57083966072418235, -23.39999999999999147 ) ) ;
#2119 = EDGE_LOOP ( 'NONE', ( #4840, #3874, #2272, #2366 ) ) ;
#2120 = EDGE_CURVE ( 'NONE', #2798, #2087, #1130, .T. ) ;
#2121 = CARTESIAN_POINT ( 'NONE',  ( 52.00000000000002132, -87.00000000000000000, -11.50000000000003197 ) ) ;
#2122 = EDGE_CURVE ( 'NONE', #2907, #2918, #292, .T. ) ;
#2123 = VECTOR ( 'NONE', #4121, 1000.000000000000000 ) ;
#2124 = DIRECTION ( 'NONE',  ( 0.000000000000000000, 0.000000000000000000, 1.000000000000000000 ) ) ;
#2125 = PLANE ( 'NONE',  #1726 ) ;
#2126 = ORIENTED_EDGE ( 'NONE', *, *, #938, .F. ) ;
#2127 = DIRECTION ( 'NONE',  ( 1.000000000000000000, 9.598933135901296437E-32, -5.256737805990325036E-16 ) ) ;
#2128 = TOROIDAL_SURFACE ( 'NONE', #3107, 2.899999999999998135, 1.000000000000000000 ) ;
#2129 = ORIENTED_EDGE ( 'NONE', *, *, #2101, .F. ) ;
#2130 = CARTESIAN_POINT ( 'NONE',  ( 36.49999999999998579, 0.000000000000000000, -38.20000000000000995 ) ) ;
#2131 = CARTESIAN_POINT ( 'NONE',  ( 59.39999999999999858, -86.99999999999998579, -21.00000000000003553 ) ) ;
#2132 = CARTESIAN_POINT ( 'NONE',  ( 59.90000000000002700, -88.37500000000000000, -32.75000000000003553 ) ) ;
#2133 = ORIENTED_EDGE ( 'NONE', *, *, #367, .F. ) ;
#2134 = APPLICATION_PROTOCOL_DEFINITION ( 'draft international standard', 'automotive_design', 1998, #4442 ) ;
#2135 = ORIENTED_EDGE ( 'NONE', *, *, #2868, .T. ) ;
#2136 = CARTESIAN_POINT ( 'NONE',  ( 60.00000000000000000, -57.18147956208619576, -34.20000000000000284 ) ) ;
#2137 = CARTESIAN_POINT ( 'NONE',  ( 0.000000000000000000, 8.000000000000000000, 0.000000000000000000 ) ) ;
#2138 = PLANE ( 'NONE',  #4069 ) ;
#2139 = ORIENTED_EDGE ( 'NONE', *, *, #4149, .T. ) ;
#2140 = LINE ( 'NONE', #3424, #3241 ) ;
#2141 = CARTESIAN_POINT ( 'NONE',  ( 54.80000000000003268, -87.00000000000000000, -21.00000000000003553 ) ) ;
#2142 = ORIENTED_EDGE ( 'NONE', *, *, #2499, .T. ) ;
#2143 = CARTESIAN_POINT ( 'NONE',  ( 63.80000000000001137, -35.92819897360492831, -15.60000000000000853 ) ) ;
#2144 = CARTESIAN_POINT ( 'NONE',  ( 50.18808331631544917, -36.63437161758102434, -38.25948373983148088 ) ) ;
#2145 = ORIENTED_EDGE ( 'NONE', *, *, #4208, .T. ) ;
#2146 = DIRECTION ( 'NONE',  ( 0.000000000000000000, 0.000000000000000000, -1.000000000000000000 ) ) ;
#2147 = VERTEX_POINT ( 'NONE', #5439 ) ;
#2148 = LINE ( 'NONE', #885, #1347 ) ;
#2149 = LINE ( 'NONE', #4300, #225 ) ;
#2150 = CARTESIAN_POINT ( 'NONE',  ( 59.80000000000000426, -7.228198973604920141, -31.47749999999999915 ) ) ;
#2151 = ORIENTED_EDGE ( 'NONE', *, *, #2037, .T. ) ;
#2152 = AXIS2_PLACEMENT_3D ( 'NONE', #1200, #4050, #1884 ) ;
#2153 = DIRECTION ( 'NONE',  ( -1.000000000000000000, 1.841791997293421322E-16, -0.000000000000000000 ) ) ;
#2154 = EDGE_LOOP ( 'NONE', ( #3784, #2470, #4037, #1890 ) ) ;
#2155 = ADVANCED_FACE ( 'NONE', ( #3721 ), #795, .F. ) ;
#2156 = CARTESIAN_POINT ( 'NONE',  ( 43.05499388327440613, -9.999999999999998224, -0.9999999999999444888 ) ) ;
#2157 = CARTESIAN_POINT ( 'NONE',  ( 63.80000000000001137, -35.92819897360492121, -26.40000000000000213 ) ) ;
#2158 = DIRECTION ( 'NONE',  ( 1.000000000000000000, -0.000000000000000000, -0.000000000000000000 ) ) ;
#2159 = ORIENTED_EDGE ( 'NONE', *, *, #2282, .F. ) ;
#2160 = ORIENTED_EDGE ( 'NONE', *, *, #609, .T. ) ;
#2161 = CARTESIAN_POINT ( 'NONE',  ( 60.00000000000000000, -47.57083966072418946, -7.800000000000004263 ) ) ;
#2162 = DIRECTION ( 'NONE',  ( -0.000000000000000000, -1.000000000000000000, 0.000000000000000000 ) ) ;
#2163 = ORIENTED_EDGE ( 'NONE', *, *, #2529, .F. ) ;
#2164 = DIRECTION ( 'NONE',  ( 1.000000000000000000, 9.598933135901296437E-32, -5.256737805990325036E-16 ) ) ;
#2165 = CARTESIAN_POINT ( 'NONE',  ( 5.499999999999991118, 8.000000000000000000, -5.500000000000011546 ) ) ;
#2166 = ORIENTED_EDGE ( 'NONE', *, *, #5232, .F. ) ;
#2167 = FACE_OUTER_BOUND ( 'NONE', #1548, .T. ) ;
#2168 = CARTESIAN_POINT ( 'NONE',  ( 60.00000000000001421, 8.000000000000000000, -3.469446951953614189E-14 ) ) ;
#2169 = LINE ( 'NONE', #3465, #686 ) ;
#2170 = CIRCLE ( 'NONE', #3793, 1.875000000000015543 ) ;
#2171 = ORIENTED_EDGE ( 'NONE', *, *, #2628, .T. ) ;
#2172 = CARTESIAN_POINT ( 'NONE',  ( 4.200000000000000178, 8.000000000000000000, -42.00000000000000000 ) ) ;
#2173 = DIRECTION ( 'NONE',  ( -0.000000000000000000, -1.000000000000000000, -0.000000000000000000 ) ) ;
#2174 = ADVANCED_FACE ( 'NONE', ( #1270 ), #4231, .F. ) ;
#2175 = EDGE_CURVE ( 'NONE', #537, #2949, #352, .T. ) ;
#2176 = VECTOR ( 'NONE', #4817, 1000.000000000000114 ) ;
#2177 = DIRECTION ( 'NONE',  ( -1.000000000000000000, -0.000000000000000000, -0.000000000000000000 ) ) ;
#2178 = AXIS2_PLACEMENT_3D ( 'NONE', #4051, #3248, #3711 ) ;
#2179 = DIRECTION ( 'NONE',  ( 1.000000000000000000, -0.000000000000000000, 0.000000000000000000 ) ) ;
#2180 = EDGE_LOOP ( 'NONE', ( #5482, #2032, #4164, #2665 ) ) ;
#2181 = CONICAL_SURFACE ( 'NONE', #1193, 1.874999999999973799, 0.7853981633974482790 ) ;
#2182 = CARTESIAN_POINT ( 'NONE',  ( 52.00000000000002132, -87.00000000000000000, -11.50000000000003197 ) ) ;
#2183 = CIRCLE ( 'NONE', #5329, 3.000000000000002665 ) ;
#2184 = ADVANCED_FACE ( 'NONE', ( #378 ), #3319, .F. ) ;
#2185 = DIRECTION ( 'NONE',  ( 0.000000000000000000, 1.000000000000000000, 0.000000000000000000 ) ) ;
#2186 = LINE ( 'NONE', #4853, #510 ) ;
#2187 = ORIENTED_EDGE ( 'NONE', *, *, #911, .T. ) ;
#2188 = VECTOR ( 'NONE', #2022, 1000.000000000000000 ) ;
#2189 = ORIENTED_EDGE ( 'NONE', *, *, #1714, .F. ) ;
#2190 = CARTESIAN_POINT ( 'NONE',  ( 0.000000000000000000, 0.000000000000000000, -10.79999999999999005 ) ) ;
#2191 = EDGE_LOOP ( 'NONE', ( #1238, #2279, #5338, #1956 ) ) ;
#2192 = VECTOR ( 'NONE', #5031, 1000.000000000000000 ) ;
#2193 = ORIENTED_EDGE ( 'NONE', *, *, #5185, .T. ) ;
#2194 = DIRECTION ( 'NONE',  ( 3.304235192336776005E-16, 0.000000000000000000, 1.000000000000000000 ) ) ;
#2195 = CARTESIAN_POINT ( 'NONE',  ( 63.80000000000001137, -7.228198973604920141, -29.54749999999999943 ) ) ;
#2196 = ORIENTED_EDGE ( 'NONE', *, *, #3759, .F. ) ;
#2197 = VECTOR ( 'NONE', #3103, 1000.000000000000000 ) ;
#2198 = CARTESIAN_POINT ( 'NONE',  ( 48.15353161276342320, -27.53156693133770005, -12.75000000000000355 ) ) ;
#2199 = EDGE_LOOP ( 'NONE', ( #4017, #2633, #3067, #874, #4200 ) ) ;
#2200 = DIRECTION ( 'NONE',  ( 1.000000000000000000, 9.598933135901296437E-32, -5.256737805990325036E-16 ) ) ;
#2201 = AXIS2_PLACEMENT_3D ( 'NONE', #1021, #4431, #571 ) ;
#2202 = VERTEX_POINT ( 'NONE', #3291 ) ;
#2203 = CARTESIAN_POINT ( 'NONE',  ( 63.00000000000001421, -87.00000000000000000, -34.12500000000003553 ) ) ;
#2204 = LINE ( 'NONE', #1312, #3540 ) ;
#2205 = AXIS2_PLACEMENT_3D ( 'NONE', #313, #5342, #1984 ) ;
#2206 = CARTESIAN_POINT ( 'NONE',  ( 2.807106781186513800, 8.000000000000000000, -2.807106781186545330 ) ) ;
#2207 = EDGE_LOOP ( 'NONE', ( #323, #186, #2082, #4754 ) ) ;
#2208 = ORIENTED_EDGE ( 'NONE', *, *, #3266, .F. ) ;
#2209 = AXIS2_PLACEMENT_3D ( 'NONE', #3050, #4392, #3584 ) ;
#2210 = PLANE ( 'NONE',  #2957 ) ;
#2211 = DIRECTION ( 'NONE',  ( 0.000000000000000000, -1.000000000000000000, 0.000000000000000000 ) ) ;
#2212 = EDGE_CURVE ( 'NONE', #5475, #157, #5104, .T. ) ;
#2213 = DIRECTION ( 'NONE',  ( 0.6785983445458509955, 0.6785983445458416696, -0.2810846377148237818 ) ) ;
#2214 = VERTEX_POINT ( 'NONE', #2982 ) ;
#2215 = AXIS2_PLACEMENT_3D ( 'NONE', #2424, #796, #1672 ) ;
#2216 = ORIENTED_EDGE ( 'NONE', *, *, #4448, .T. ) ;
#2217 = EDGE_CURVE ( 'NONE', #1479, #3751, #2483, .T. ) ;
#2218 = EDGE_CURVE ( 'NONE', #2798, #2788, #737, .T. ) ;
#2219 = VECTOR ( 'NONE', #5214, 1000.000000000000114 ) ;
#2220 = FACE_OUTER_BOUND ( 'NONE', #5174, .T. ) ;
#2221 = EDGE_LOOP ( 'NONE', ( #5367, #4464, #2059, #4602 ) ) ;
#2222 = VERTEX_POINT ( 'NONE', #4176 ) ;
#2223 = EDGE_CURVE ( 'NONE', #2620, #4483, #3777, .T. ) ;
#2224 = DIRECTION ( 'NONE',  ( 0.000000000000000000, 0.000000000000000000, -1.000000000000000000 ) ) ;
#2225 = ORIENTED_EDGE ( 'NONE', *, *, #4493, .T. ) ;
#2226 = LINE ( 'NONE', #5188, #2176 ) ;
#2227 = VERTEX_POINT ( 'NONE', #325 ) ;
#2228 = VERTEX_POINT ( 'NONE', #3376 ) ;
#2229 = DIRECTION ( 'NONE',  ( 1.734723475976805319E-15, 0.000000000000000000, 1.000000000000000000 ) ) ;
#2230 = LINE ( 'NONE', #3493, #1033 ) ;
#2231 = CARTESIAN_POINT ( 'NONE',  ( 59.89999999999997016, -87.00000000000000000, -21.00000000000003553 ) ) ;
#2232 = VERTEX_POINT ( 'NONE', #821 ) ;
#2233 = MANIFOLD_SOLID_BREP ( '\X2\501289d2\X0\7', #364 ) ;
#2234 = ORIENTED_EDGE ( 'NONE', *, *, #2685, .T. ) ;
#2235 = CYLINDRICAL_SURFACE ( 'NONE', #2872, 10.00000000000000178 ) ;
#2236 = LINE ( 'NONE', #2631, #4449 ) ;
#2237 = CARTESIAN_POINT ( 'NONE',  ( 52.00000000000002132, -46.18523055774773667, -33.65000000000002700 ) ) ;
#2238 = EDGE_LOOP ( 'NONE', ( #3999, #381, #839, #1052, #1828, #3400 ) ) ;
#2239 = ADVANCED_FACE ( 'NONE', ( #5132 ), #1188, .F. ) ;
#2240 = ORIENTED_EDGE ( 'NONE', *, *, #1423, .F. ) ;
#2241 = AXIS2_PLACEMENT_3D ( 'NONE', #3076, #4803, #944 ) ;
#2242 = LINE ( 'NONE', #953, #1466 ) ;
#2243 = VERTEX_POINT ( 'NONE', #2933 ) ;
#2244 = ORIENTED_EDGE ( 'NONE', *, *, #3581, .F. ) ;
#2245 = DIRECTION ( 'NONE',  ( -1.000000000000000000, 0.000000000000000000, 0.000000000000000000 ) ) ;
#2246 = CARTESIAN_POINT ( 'NONE',  ( 63.00000000000001421, -87.00000000000000000, -22.90000000000003411 ) ) ;
#2247 = EDGE_LOOP ( 'NONE', ( #730, #253 ) ) ;
#2248 = CARTESIAN_POINT ( 'NONE',  ( 63.80000000000002558, -39.22819897360492547, -8.592500000000006466 ) ) ;
#2249 = EDGE_LOOP ( 'NONE', ( #5336, #812, #2538, #3896 ) ) ;
#2250 = EDGE_CURVE ( 'NONE', #1158, #373, #766, .T. ) ;
#2251 = VERTEX_POINT ( 'NONE', #900 ) ;
#2252 = PLANE ( 'NONE',  #3329 ) ;
#2253 = DIRECTION ( 'NONE',  ( -0.2181262695449070477, 0.9759205554421027662, -0.000000000000000000 ) ) ;
#2254 = LINE ( 'NONE', #2206, #33 ) ;
#2255 = VERTEX_POINT ( 'NONE', #1306 ) ;
#2256 = VECTOR ( 'NONE', #4476, 1000.000000000000000 ) ;
#2257 = CIRCLE ( 'NONE', #909, 150.0000000000000000 ) ;
#2258 = EDGE_LOOP ( 'NONE', ( #4854, #1776, #377, #3566 ) ) ;
#2259 = VECTOR ( 'NONE', #711, 1000.000000000000000 ) ;
#2260 = PLANE ( 'NONE',  #579 ) ;
#2261 = CARTESIAN_POINT ( 'NONE',  ( 60.00000000000000000, -47.57083966072418946, -15.60000000000000675 ) ) ;
#2262 = ORIENTED_EDGE ( 'NONE', *, *, #4072, .F. ) ;
#2263 = AXIS2_PLACEMENT_3D ( 'NONE', #1752, #988, #881 ) ;
#2264 = ORIENTED_EDGE ( 'NONE', *, *, #3979, .F. ) ;
#2265 = EDGE_CURVE ( 'NONE', #452, #1817, #491, .T. ) ;
#2266 = DIRECTION ( 'NONE',  ( 0.000000000000000000, 0.000000000000000000, 1.000000000000000000 ) ) ;
#2267 = CIRCLE ( 'NONE', #3712, 17.00000000000006750 ) ;
#2268 = CARTESIAN_POINT ( 'NONE',  ( 43.05499388327440613, 7.000000000000015987, -42.00000000000002132 ) ) ;
#2269 = VERTEX_POINT ( 'NONE', #22 ) ;
#2270 = AXIS2_PLACEMENT_3D ( 'NONE', #2406, #4940, #2433 ) ;
#2271 = ADVANCED_FACE ( 'NONE', ( #3015 ), #98, .F. ) ;
#2272 = ORIENTED_EDGE ( 'NONE', *, *, #3582, .F. ) ;
#2273 = EDGE_CURVE ( 'NONE', #307, #4011, #300, .T. ) ;
#2274 = LINE ( 'NONE', #5315, #1820 ) ;
#2275 = DIRECTION ( 'NONE',  ( 1.000000000000000000, 0.000000000000000000, -6.217646867300384409E-16 ) ) ;
#2276 = EDGE_LOOP ( 'NONE', ( #3973, #59, #3830, #2187 ) ) ;
#2277 = CARTESIAN_POINT ( 'NONE',  ( 52.00000000000002132, -46.18523055774767272, -23.90000000000003055 ) ) ;
#2278 = VERTEX_POINT ( 'NONE', #2248 ) ;
#2279 = ORIENTED_EDGE ( 'NONE', *, *, #2868, .F. ) ;
#2280 = VECTOR ( 'NONE', #4934, 1000.000000000000000 ) ;
#2281 = PLANE ( 'NONE',  #111 ) ;
#2282 = EDGE_CURVE ( 'NONE', #3325, #1342, #5269, .T. ) ;
#2283 = DIRECTION ( 'NONE',  ( 1.000000000000000000, 9.598933135901296437E-32, -5.256737805990325036E-16 ) ) ;
#2284 = DIRECTION ( 'NONE',  ( -0.000000000000000000, 1.000000000000000000, -0.000000000000000000 ) ) ;
#2285 = ORIENTED_EDGE ( 'NONE', *, *, #4030, .F. ) ;
#2286 = AXIS2_PLACEMENT_3D ( 'NONE', #1898, #3583, #5304 ) ;
#2287 = DIRECTION ( 'NONE',  ( -0.000000000000000000, 1.000000000000000000, 0.000000000000000000 ) ) ;
#2288 = VERTEX_POINT ( 'NONE', #3430 ) ;
#2289 = EDGE_CURVE ( 'NONE', #5422, #5243, #3037, .T. ) ;
#2290 = LINE ( 'NONE', #86, #1563 ) ;
#2291 = DIRECTION ( 'NONE',  ( -0.2174420766755847112, 0.9728594024390662121, -0.07914244358694116910 ) ) ;
#2292 = ORIENTED_EDGE ( 'NONE', *, *, #3338, .T. ) ;
#2293 = EDGE_CURVE ( 'NONE', #334, #4453, #4874, .T. ) ;
#2294 = AXIS2_PLACEMENT_3D ( 'NONE', #2888, #5033, #2608 ) ;
#2295 = EDGE_LOOP ( 'NONE', ( #5183, #249 ) ) ;
#2296 = CARTESIAN_POINT ( 'NONE',  ( 42.00000000000001421, 0.000000000000000000, -40.99999999999999289 ) ) ;
#2297 = PLANE ( 'NONE',  #1313 ) ;
#2298 = EDGE_LOOP ( 'NONE', ( #5168, #11, #1485, #1253 ) ) ;
#2299 = DIRECTION ( 'NONE',  ( 0.7064122937757807419, 0.03133163261675986355, -0.7071067811865534569 ) ) ;
#2300 = AXIS2_PLACEMENT_3D ( 'NONE', #2838, #4564, #4533 ) ;
#2301 = VERTEX_POINT ( 'NONE', #2616 ) ;
#2302 = DIRECTION ( 'NONE',  ( -0.7071067811865475727, 0.7071067811865475727, 0.000000000000000000 ) ) ;
#2303 = ORIENTED_EDGE ( 'NONE', *, *, #5185, .F. ) ;
#2304 = EDGE_CURVE ( 'NONE', #420, #3914, #3462, .T. ) ;
#2305 = ORIENTED_EDGE ( 'NONE', *, *, #4248, .T. ) ;
#2306 = CARTESIAN_POINT ( 'NONE',  ( -2.549235215593159166E-14, 8.000000000000000000, -41.00000000000002132 ) ) ;
#2307 = DIRECTION ( 'NONE',  ( -6.155156368047971851E-16, -0.7071067811865453523, -0.7071067811865496822 ) ) ;
#2308 = DIRECTION ( 'NONE',  ( -0.2079116908177600920, 0.9781476007338054668, 0.000000000000000000 ) ) ;
#2309 = VERTEX_POINT ( 'NONE', #1778 ) ;
#2310 = CARTESIAN_POINT ( 'NONE',  ( 60.00000000000000000, -57.18147956208619576, -18.60000000000000497 ) ) ;
#2311 = ORIENTED_EDGE ( 'NONE', *, *, #4534, .T. ) ;
#2312 = CARTESIAN_POINT ( 'NONE',  ( 59.90000000000002700, -88.37500000000000000, -30.50000000000004263 ) ) ;
#2313 = CARTESIAN_POINT ( 'NONE',  ( 42.58159558283757917, -2.602121630877892944, -3.455683432519220499 ) ) ;
#2314 = DIRECTION ( 'NONE',  ( -0.9396926207859096492, 0.000000000000000000, 0.3420201433256651047 ) ) ;
#2315 = ORIENTED_EDGE ( 'NONE', *, *, #465, .T. ) ;
#2316 = EDGE_CURVE ( 'NONE', #4559, #3722, #2226, .T. ) ;
#2317 = VERTEX_POINT ( 'NONE', #4405 ) ;
#2318 = EDGE_CURVE ( 'NONE', #5422, #438, #3118, .T. ) ;
#2319 = CARTESIAN_POINT ( 'NONE',  ( 48.15353161276343030, 0.000000000000000000, -32.25000000000000000 ) ) ;
#2320 = DIRECTION ( 'NONE',  ( 0.000000000000000000, 0.000000000000000000, -1.000000000000000000 ) ) ;
#2321 = LINE ( 'NONE', #1907, #2111 ) ;
#2322 = VERTEX_POINT ( 'NONE', #2144 ) ;
#2323 =( BOUNDED_CURVE ( )  B_SPLINE_CURVE ( 3, ( #198, #5349, #4923, #3251 ),
 .UNSPECIFIED., .F., .T. ) 
 B_SPLINE_CURVE_WITH_KNOTS ( ( 4, 4 ),
 ( 3.296667326554131527, 3.361486748699467064 ),
 .UNSPECIFIED. ) 
 CURVE ( )  GEOMETRIC_REPRESENTATION_ITEM ( )  RATIONAL_B_SPLINE_CURVE ( ( 1.000000000000000000, 0.9996499008560398858, 0.9996499008560398858, 1.000000000000000000 ) ) 
 REPRESENTATION_ITEM ( '' )  );
#2324 = CARTESIAN_POINT ( 'NONE',  ( 63.00000000000001421, -87.00000000000000000, -21.00000000000003553 ) ) ;
#2325 = EDGE_LOOP ( 'NONE', ( #3980, #1896, #3447, #492 ) ) ;
#2326 = CARTESIAN_POINT ( 'NONE',  ( 64.00000000000001421, -76.00000000000002842, 50.97570028453421997 ) ) ;
#2327 = FACE_BOUND ( 'NONE', #1373, .T. ) ;
#2328 = B_SPLINE_CURVE_WITH_KNOTS ( 'NONE', 3,
 ( #1847, #107, #3529, #548 ),
 .UNSPECIFIED., .F., .F.,
 ( 4, 4 ),
 ( 0.000000000000000000, 0.004242876362812562571 ),
 .UNSPECIFIED. ) ;
#2329 = CIRCLE ( 'NONE', #3130, 1.000000000000000888 ) ;
#2330 = CARTESIAN_POINT ( 'NONE',  ( 63.80000000000001137, -35.92819897360492121, -18.60000000000000497 ) ) ;
#2331 = EDGE_LOOP ( 'NONE', ( #2746, #2013 ) ) ;
#2332 = CARTESIAN_POINT ( 'NONE',  ( 63.80000000000001137, -10.52819897360492085, -31.20000000000000639 ) ) ;
#2333 = CARTESIAN_POINT ( 'NONE',  ( 48.15353161276345162, -9.999999999999994671, -9.750000000000005329 ) ) ;
#2334 = CARTESIAN_POINT ( 'NONE',  ( 63.80000000000001137, -35.92819897360492831, -10.80000000000000959 ) ) ;
#2335 = CARTESIAN_POINT ( 'NONE',  ( 0.000000000000000000, 0.000000000000000000, -39.00000000000000000 ) ) ;
#2336 = VERTEX_POINT ( 'NONE', #2198 ) ;
#2337 = CARTESIAN_POINT ( 'NONE',  ( 50.18808331631544917, -36.63437161758102434, -32.99051626016852623 ) ) ;
#2338 = CARTESIAN_POINT ( 'NONE',  ( 42.32948828471135982, -1.474166273040109942, -30.13022158551240182 ) ) ;
#2339 = EDGE_CURVE ( 'NONE', #718, #4393, #3861, .T. ) ;
#2340 = EDGE_CURVE ( 'NONE', #1326, #4393, #5238, .T. ) ;
#2341 = CARTESIAN_POINT ( 'NONE',  ( 51.16400387175765019, -36.41624534803609237, -42.00000000000002842 ) ) ;
#2342 = PLANE ( 'NONE',  #2974 ) ;
#2343 = ORIENTED_EDGE ( 'NONE', *, *, #1250, .T. ) ;
#2344 = AXIS2_PLACEMENT_3D ( 'NONE', #3255, #1097, #4986 ) ;
#2345 = EDGE_LOOP ( 'NONE', ( #4523, #3833, #1962, #1857, #2398, #2160 ) ) ;
#2346 = VECTOR ( 'NONE', #4057, 1000.000000000000000 ) ;
#2347 = DIRECTION ( 'NONE',  ( 0.7071067811865507924, 0.000000000000000000, -0.7071067811865441310 ) ) ;
#2348 = CYLINDRICAL_SURFACE ( 'NONE', #1919, 1.930000000000001048 ) ;
#2349 = EDGE_CURVE ( 'NONE', #718, #216, #5212, .T. ) ;
#2350 = CARTESIAN_POINT ( 'NONE',  ( 0.000000000000000000, 8.000000000000000000, -37.80000000000003979 ) ) ;
#2351 = ORIENTED_EDGE ( 'NONE', *, *, #4292, .F. ) ;
#2352 = VECTOR ( 'NONE', #2812, 1000.000000000000114 ) ;
#2353 = VECTOR ( 'NONE', #3306, 1000.000000000000000 ) ;
#2354 = CARTESIAN_POINT ( 'NONE',  ( 33.42265293890386602, -10.70608844117661285, -11.70608844117646719 ) ) ;
#2355 = EDGE_CURVE ( 'NONE', #3351, #2722, #932, .T. ) ;
#2356 = DIRECTION ( 'NONE',  ( -0.7071067811865574537, 0.7071067811865376918, 0.000000000000000000 ) ) ;
#2357 = VECTOR ( 'NONE', #46, 1000.000000000000000 ) ;
#2358 = VECTOR ( 'NONE', #781, 1000.000000000000227 ) ;
#2359 = LINE ( 'NONE', #4538, #926 ) ;
#2360 = ORIENTED_EDGE ( 'NONE', *, *, #3506, .T. ) ;
#2361 = LINE ( 'NONE', #4114, #4423 ) ;
#2362 = PLANE ( 'NONE',  #1986 ) ;
#2363 = AXIS2_PLACEMENT_3D ( 'NONE', #1171, #3761, #2887 ) ;
#2364 = DIRECTION ( 'NONE',  ( 0.6785983445458509955, 0.6785983445458415586, 0.2810846377148235598 ) ) ;
#2365 = DIRECTION ( 'NONE',  ( -1.000000000000000000, 0.000000000000000000, 3.304235192336776005E-16 ) ) ;
#2366 = ORIENTED_EDGE ( 'NONE', *, *, #3633, .F. ) ;
#2367 = DIRECTION ( 'NONE',  ( -0.000000000000000000, 1.000000000000000000, 0.000000000000000000 ) ) ;
#2368 = ORIENTED_EDGE ( 'NONE', *, *, #3871, .F. ) ;
#2369 = DIRECTION ( 'NONE',  ( 0.000000000000000000, 1.000000000000000000, 0.000000000000000000 ) ) ;
#2370 = DIRECTION ( 'NONE',  ( 0.000000000000000000, 1.000000000000000000, 0.000000000000000000 ) ) ;
#2371 = CARTESIAN_POINT ( 'NONE',  ( 52.00000000000002132, -85.62499999999998579, -9.250000000000035527 ) ) ;
#2372 = ORIENTED_EDGE ( 'NONE', *, *, #5518, .T. ) ;
#2373 = CARTESIAN_POINT ( 'NONE',  ( 62.56997467337698282, -43.75822430022792275, -23.40000000000003055 ) ) ;
#2374 = EDGE_CURVE ( 'NONE', #2567, #581, #4839, .T. ) ;
#2375 = ORIENTED_EDGE ( 'NONE', *, *, #3195, .T. ) ;
#2376 = EDGE_CURVE ( 'NONE', #2202, #4749, #1547, .T. ) ;
#2377 = CARTESIAN_POINT ( 'NONE',  ( 51.49933179446948373, -42.98259040445616108, -33.46777167594343183 ) ) ;
#2378 = CARTESIAN_POINT ( 'NONE',  ( 42.00000000000000711, -9.999999999999994671, -4.400000000000000355 ) ) ;
#2379 = DIRECTION ( 'NONE',  ( -1.000000000000000000, 0.000000000000000000, 0.000000000000000000 ) ) ;
#2380 = VERTEX_POINT ( 'NONE', #3541 ) ;
#2381 = VECTOR ( 'NONE', #4412, 1000.000000000000000 ) ;
#2382 = EDGE_CURVE ( 'NONE', #3448, #4639, #2623, .T. ) ;
#2383 = CARTESIAN_POINT ( 'NONE',  ( 51.49933179446945530, -42.98259040445607582, -13.96777167594343538 ) ) ;
#2384 = EDGE_CURVE ( 'NONE', #1165, #5078, #2388, .T. ) ;
#2385 = CIRCLE ( 'NONE', #1942, 16.49999999999999645 ) ;
#2386 = LINE ( 'NONE', #3654, #2897 ) ;
#2387 = CARTESIAN_POINT ( 'NONE',  ( 48.15353161276343030, -9.999999999999994671, -29.25000000000000000 ) ) ;
#2388 = LINE ( 'NONE', #2330, #1189 ) ;
#2389 = EDGE_CURVE ( 'NONE', #2309, #831, #965, .T. ) ;
#2390 = ORIENTED_EDGE ( 'NONE', *, *, #3911, .F. ) ;
#2391 = DIRECTION ( 'NONE',  ( 0.000000000000000000, 0.000000000000000000, 1.000000000000000000 ) ) ;
#2392 = EDGE_CURVE ( 'NONE', #2760, #2003, #2085, .T. ) ;
#2393 = LINE ( 'NONE', #4631, #3077 ) ;
#2394 = CARTESIAN_POINT ( 'NONE',  ( 0.000000000000000000, 7.000000000000013323, -37.80000000000003979 ) ) ;
#2395 = DIRECTION ( 'NONE',  ( 0.000000000000000000, 0.000000000000000000, -1.000000000000000000 ) ) ;
#2396 = VERTEX_POINT ( 'NONE', #4924 ) ;
#2397 = PLANE ( 'NONE',  #4735 ) ;
#2398 = ORIENTED_EDGE ( 'NONE', *, *, #4218, .F. ) ;
#2399 = DIRECTION ( 'NONE',  ( 0.000000000000000000, 0.000000000000000000, 1.000000000000000000 ) ) ;
#2400 = CARTESIAN_POINT ( 'NONE',  ( 60.27433276148052954, 8.000000000000000000, -18.60000000000000497 ) ) ;
#2401 = CARTESIAN_POINT ( 'NONE',  ( 63.80000000000001137, -35.92819897360492121, -26.40000000000000213 ) ) ;
#2402 = VERTEX_POINT ( 'NONE', #3139 ) ;
#2403 = B_SPLINE_CURVE_WITH_KNOTS ( 'NONE', 3,
 ( #4837, #3597, #1432, #1463 ),
 .UNSPECIFIED., .F., .F.,
 ( 4, 4 ),
 ( 0.000000000000000000, 0.004242876362812566908 ),
 .UNSPECIFIED. ) ;
#2404 = CARTESIAN_POINT ( 'NONE',  ( 50.18808331631544917, -36.63437161758102434, -18.75948373983148443 ) ) ;
#2405 = ORIENTED_EDGE ( 'NONE', *, *, #1084, .F. ) ;
#2406 = CARTESIAN_POINT ( 'NONE',  ( 54.80000000000000426, -86.99999999999998579, -21.00000000000003553 ) ) ;
#2407 = LINE ( 'NONE', #4941, #2997 ) ;
#2408 = EDGE_CURVE ( 'NONE', #2288, #2684, #1067, .T. ) ;
#2409 = LINE ( 'NONE', #4499, #3738 ) ;
#2410 = VERTEX_POINT ( 'NONE', #1546 ) ;
#2411 = PLANE ( 'NONE',  #5368 ) ;
#2412 = CARTESIAN_POINT ( 'NONE',  ( 52.00000000000002132, -9.999999999999994671, -23.90000000000003055 ) ) ;
#2413 = LINE ( 'NONE', #4136, #2547 ) ;
#2414 = EDGE_CURVE ( 'NONE', #1284, #3673, #3196, .T. ) ;
#2415 = CARTESIAN_POINT ( 'NONE',  ( 63.00000000000001421, -87.00000000000000000, -9.250000000000033751 ) ) ;
#2416 = AXIS2_PLACEMENT_3D ( 'NONE', #2156, #2964, #449 ) ;
#2417 = EDGE_LOOP ( 'NONE', ( #5020, #4418, #1343 ) ) ;
#2418 = CARTESIAN_POINT ( 'NONE',  ( 64.00000000000001421, -76.00000000000002842, 50.97570028453421997 ) ) ;
#2419 = VECTOR ( 'NONE', #2911, 1000.000000000000000 ) ;
#2420 = DIRECTION ( 'NONE',  ( 0.000000000000000000, 0.000000000000000000, -1.000000000000000000 ) ) ;
#2421 = EDGE_CURVE ( 'NONE', #2697, #1862, #3570, .T. ) ;
#2422 = FACE_OUTER_BOUND ( 'NONE', #3001, .T. ) ;
#2423 = ORIENTED_EDGE ( 'NONE', *, *, #4925, .T. ) ;
#2424 = CARTESIAN_POINT ( 'NONE',  ( 48.15353161276349425, 0.000000000000000000, -3.000000000000002665 ) ) ;
#2425 = ORIENTED_EDGE ( 'NONE', *, *, #4400, .F. ) ;
#2426 = ADVANCED_FACE ( 'NONE', ( #4983 ), #1824, .F. ) ;
#2427 = PLANE ( 'NONE',  #5035 ) ;
#2428 = FACE_OUTER_BOUND ( 'NONE', #631, .T. ) ;
#2429 = LINE ( 'NONE', #3207, #4243 ) ;
#2430 = VERTEX_POINT ( 'NONE', #1941 ) ;
#2431 = ORIENTED_EDGE ( 'NONE', *, *, #1231, .F. ) ;
#2432 = CARTESIAN_POINT ( 'NONE',  ( 20.99999999999999645, 5.000000000000028422, -33.99999999999999289 ) ) ;
#2433 = DIRECTION ( 'NONE',  ( 0.000000000000000000, 0.000000000000000000, -1.000000000000000000 ) ) ;
#2434 = LINE ( 'NONE', #5454, #4887 ) ;
#2435 = LINE ( 'NONE', #2350, #144 ) ;
#2436 = ORIENTED_EDGE ( 'NONE', *, *, #1244, .F. ) ;
#2437 = VECTOR ( 'NONE', #3494, 999.9999999999998863 ) ;
#2438 = ADVANCED_FACE ( 'NONE', ( #593 ), #5320, .F. ) ;
#2439 = AXIS2_PLACEMENT_3D ( 'NONE', #2512, #1220, #3405 ) ;
#2440 = CARTESIAN_POINT ( 'NONE',  ( 63.00000000000001421, -47.57083966072418946, -7.799999999999990052 ) ) ;
#2441 = LINE ( 'NONE', #2865, #2188 ) ;
#2442 = EDGE_CURVE ( 'NONE', #721, #5272, #1465, .T. ) ;
#2443 = VECTOR ( 'NONE', #5019, 1000.000000000000000 ) ;
#2444 = DIRECTION ( 'NONE',  ( -1.000000000000000000, 0.000000000000000000, 0.000000000000000000 ) ) ;
#2445 = ADVANCED_FACE ( 'NONE', ( #258 ), #1520, .T. ) ;
#2446 = VECTOR ( 'NONE', #4424, 1000.000000000000000 ) ;
#2447 = ORIENTED_EDGE ( 'NONE', *, *, #1441, .F. ) ;
#2448 = CARTESIAN_POINT ( 'NONE',  ( 59.39999999999999858, -85.12499999999997158, -21.00000000000003553 ) ) ;
#2449 = EDGE_CURVE ( 'NONE', #4657, #4251, #3246, .T. ) ;
#2450 = DIRECTION ( 'NONE',  ( -1.000000000000000000, 0.000000000000000000, 0.000000000000000000 ) ) ;
#2451 = CARTESIAN_POINT ( 'NONE',  ( 52.00000000000001421, -46.18523055774759456, -4.400000000000000355 ) ) ;
#2452 = ORIENTED_EDGE ( 'NONE', *, *, #815, .F. ) ;
#2453 = AXIS2_PLACEMENT_3D ( 'NONE', #4224, #4199, #284 ) ;
#2454 = CARTESIAN_POINT ( 'NONE',  ( 4.200000000000000178, 7.000000000000013323, 1.387778780781445676E-14 ) ) ;
#2455 = CYLINDRICAL_SURFACE ( 'NONE', #4468, 1.700000000000000178 ) ;
#2456 = EDGE_CURVE ( 'NONE', #3914, #2935, #1372, .T. ) ;
#2457 = EDGE_LOOP ( 'NONE', ( #4681, #4382, #1247, #4500 ) ) ;
#2458 = EDGE_CURVE ( 'NONE', #831, #1196, #5096, .T. ) ;
#2459 = AXIS2_PLACEMENT_3D ( 'NONE', #2137, #3419, #5153 ) ;
#2460 = CARTESIAN_POINT ( 'NONE',  ( 63.00000000000005684, -87.00000000000000000, -42.00000000000003553 ) ) ;
#2461 = DIRECTION ( 'NONE',  ( 0.000000000000000000, -1.000000000000000000, 0.000000000000000000 ) ) ;
#2462 = CARTESIAN_POINT ( 'NONE',  ( 59.39999999999999858, -103.4999999999999858, -21.00000000000003553 ) ) ;
#2463 = ORIENTED_EDGE ( 'NONE', *, *, #3299, .F. ) ;
#2464 = CYLINDRICAL_SURFACE ( 'NONE', #1225, 16.50000000000000000 ) ;
#2465 = ORIENTED_EDGE ( 'NONE', *, *, #3434, .T. ) ;
#2466 = CARTESIAN_POINT ( 'NONE',  ( 53.80000000000001137, -87.00000000000000000, -1.000000000000063283 ) ) ;
#2467 = CIRCLE ( 'NONE', #1303, 20.00000000000002842 ) ;
#2468 = PLANE ( 'NONE',  #3810 ) ;
#2469 = DIRECTION ( 'NONE',  ( 1.000000000000000000, -1.841791997293421075E-16, -0.000000000000000000 ) ) ;
#2470 = ORIENTED_EDGE ( 'NONE', *, *, #726, .T. ) ;
#2471 = CARTESIAN_POINT ( 'NONE',  ( 63.00000000000001421, -47.57083966072418946, -7.200000000000002842 ) ) ;
#2472 = CARTESIAN_POINT ( 'NONE',  ( 59.80000000000001847, -39.22819897360492547, -8.592500000000004690 ) ) ;
#2473 = VECTOR ( 'NONE', #3575, 1000.000000000000000 ) ;
#2474 = CARTESIAN_POINT ( 'NONE',  ( 1.000000000000000888, 8.000000000000000000, -37.38578643762694043 ) ) ;
#2475 = VECTOR ( 'NONE', #9, 1000.000000000000000 ) ;
#2476 = EDGE_LOOP ( 'NONE', ( #2743, #2610, #4406, #167 ) ) ;
#2477 = DIRECTION ( 'NONE',  ( -0.7071067811865376918, -0.7071067811865574537, -0.000000000000000000 ) ) ;
#2478 = CARTESIAN_POINT ( 'NONE',  ( 59.80000000000000426, -39.22819897360492547, -29.54750000000000298 ) ) ;
#2479 = LINE ( 'NONE', #1155, #824 ) ;
#2480 = CARTESIAN_POINT ( 'NONE',  ( 42.87364948594030523, -3.908802426041736222, -29.25000000000000000 ) ) ;
#2481 = VERTEX_POINT ( 'NONE', #1178 ) ;
#2482 = VECTOR ( 'NONE', #5048, 1000.000000000000000 ) ;
#2483 = LINE ( 'NONE', #3835, #2539 ) ;
#2484 = VERTEX_POINT ( 'NONE', #1662 ) ;
#2485 = DIRECTION ( 'NONE',  ( -1.000000000000000000, 0.000000000000000000, 0.000000000000000000 ) ) ;
#2486 = EDGE_LOOP ( 'NONE', ( #1934, #1967, #1606, #3865 ) ) ;
#2487 = CARTESIAN_POINT ( 'NONE',  ( 61.03731512000088344, -9.202426843997557171, -41.00000000000004263 ) ) ;
#2488 = CARTESIAN_POINT ( 'NONE',  ( 5.499999999999989342, 8.000000000000000000, -38.20000000000000284 ) ) ;
#2489 = ADVANCED_FACE ( 'NONE', ( #1237 ), #5155, .F. ) ;
#2490 = CARTESIAN_POINT ( 'NONE',  ( 52.00000000000002132, -88.37500000000000000, -11.50000000000003020 ) ) ;
#2491 = LINE ( 'NONE', #335, #595 ) ;
#2492 = EDGE_LOOP ( 'NONE', ( #234, #4914, #677, #4221 ) ) ;
#2493 = LINE ( 'NONE', #5313, #622 ) ;
#2494 = DIRECTION ( 'NONE',  ( 0.7071067811865517916, 0.7071067811865433539, -0.000000000000000000 ) ) ;
#2495 = CARTESIAN_POINT ( 'NONE',  ( 20.99999999999999645, 8.000000000000000000, -5.000000000000024869 ) ) ;
#2496 = ORIENTED_EDGE ( 'NONE', *, *, #1000, .T. ) ;
#2497 = EDGE_CURVE ( 'NONE', #5204, #5261, #1209, .T. ) ;
#2498 = ADVANCED_FACE ( 'NONE', ( #3768 ), #4137, .F. ) ;
#2499 = EDGE_CURVE ( 'NONE', #760, #5204, #1604, .T. ) ;
#2500 = LINE ( 'NONE', #1689, #1649 ) ;
#2501 = DIRECTION ( 'NONE',  ( -1.000000000000000000, 0.000000000000000000, 0.000000000000000000 ) ) ;
#2502 = DIRECTION ( 'NONE',  ( 0.000000000000000000, 0.000000000000000000, -1.000000000000000000 ) ) ;
#2503 = ORIENTED_EDGE ( 'NONE', *, *, #2560, .T. ) ;
#2504 = ORIENTED_EDGE ( 'NONE', *, *, #3415, .F. ) ;
#2505 = DIRECTION ( 'NONE',  ( 0.000000000000000000, 0.000000000000000000, -1.000000000000000000 ) ) ;
#2506 = ORIENTED_EDGE ( 'NONE', *, *, #1016, .T. ) ;
#2507 = DIRECTION ( 'NONE',  ( 0.000000000000000000, 0.000000000000000000, -1.000000000000000000 ) ) ;
#2508 = ORIENTED_EDGE ( 'NONE', *, *, #919, .T. ) ;
#2509 = DIRECTION ( 'NONE',  ( 0.7071067811865500152, 0.000000000000000000, -0.7071067811865451302 ) ) ;
#2510 = ORIENTED_EDGE ( 'NONE', *, *, #2017, .F. ) ;
#2511 = VECTOR ( 'NONE', #3498, 1000.000000000000114 ) ;
#2512 = CARTESIAN_POINT ( 'NONE',  ( 60.00000000000001421, 8.000000000000000000, -3.469446951953614189E-14 ) ) ;
#2513 = DIRECTION ( 'NONE',  ( 0.000000000000000000, 0.000000000000000000, 1.000000000000000000 ) ) ;
#2514 = CARTESIAN_POINT ( 'NONE',  ( 64.00000000000001421, -84.62499999999998579, -11.50000000000003020 ) ) ;
#2515 = LINE ( 'NONE', #4669, #4384 ) ;
#2516 = EDGE_LOOP ( 'NONE', ( #4636, #2506, #2823 ) ) ;
#2517 = EDGE_CURVE ( 'NONE', #1867, #4868, #3155, .T. ) ;
#2518 = DIRECTION ( 'NONE',  ( -0.7071067811865517916, -0.7071067811865433539, -1.476925116884220020E-16 ) ) ;
#2519 = DIRECTION ( 'NONE',  ( 0.000000000000000000, 0.000000000000000000, -1.000000000000000000 ) ) ;
#2520 = CARTESIAN_POINT ( 'NONE',  ( 53.16409948680208686, -53.16409948680271924, -34.19999999999998863 ) ) ;
#2521 = ORIENTED_EDGE ( 'NONE', *, *, #4767, .F. ) ;
#2522 = VERTEX_POINT ( 'NONE', #2474 ) ;
#2523 = ADVANCED_FACE ( 'NONE', ( #5039 ), #759, .F. ) ;
#2524 = DIRECTION ( 'NONE',  ( 0.7071067811865574537, 0.7071067811865376918, 0.000000000000000000 ) ) ;
#2525 = CYLINDRICAL_SURFACE ( 'NONE', #753, 3.000000000000002665 ) ;
#2526 = VECTOR ( 'NONE', #1609, 1000.000000000000000 ) ;
#2527 = VECTOR ( 'NONE', #3948, 1000.000000000000000 ) ;
#2528 = EDGE_CURVE ( 'NONE', #1448, #1900, #2809, .T. ) ;
#2529 = EDGE_CURVE ( 'NONE', #1880, #5553, #2899, .T. ) ;
#2530 = EDGE_LOOP ( 'NONE', ( #2596, #2836, #3263, #2351, #2878, #5478, #2870, #5130, #2006, #943, #3502, #852, #1234, #5292, #4615, #4858, #1755, #2875, #173, #5101 ) ) ;
#2531 = AXIS2_PLACEMENT_3D ( 'NONE', #3324, #5054, #2913 ) ;
#2532 = VECTOR ( 'NONE', #1543, 1000.000000000000000 ) ;
#2533 = CARTESIAN_POINT ( 'NONE',  ( -18.19289321881347377, 8.000000000000000000, -18.19289321881364430 ) ) ;
#2534 = EDGE_LOOP ( 'NONE', ( #5526, #4584, #648, #5370, #2931, #1979, #565, #4906, #4126, #3667, #4679, #1997 ) ) ;
#2535 = PLANE ( 'NONE',  #1038 ) ;
#2536 = ORIENTED_EDGE ( 'NONE', *, *, #5518, .F. ) ;
#2537 = DIRECTION ( 'NONE',  ( -1.000000000000000000, 0.000000000000000000, -0.000000000000000000 ) ) ;
#2538 = ORIENTED_EDGE ( 'NONE', *, *, #38, .F. ) ;
#2539 = VECTOR ( 'NONE', #1586, 1000.000000000000000 ) ;
#2540 = PLANE ( 'NONE',  #2031 ) ;
#2541 = EDGE_LOOP ( 'NONE', ( #1408, #5191, #5331, #3577 ) ) ;
#2542 = CARTESIAN_POINT ( 'NONE',  ( 42.00000000000001421, 0.000000000000000000, -39.00000000000000000 ) ) ;
#2543 = CIRCLE ( 'NONE', #4168, 1.930000000000001048 ) ;
#2544 = AXIS2_PLACEMENT_3D ( 'NONE', #2859, #3676, #3619 ) ;
#2545 = CARTESIAN_POINT ( 'NONE',  ( 61.03731512000088344, -9.202426843997557171, -0.9999999999999447109 ) ) ;
#2546 = PLANE ( 'NONE',  #829 ) ;
#2547 = VECTOR ( 'NONE', #282, 1000.000000000000114 ) ;
#2548 = ORIENTED_EDGE ( 'NONE', *, *, #699, .F. ) ;
#2549 = CARTESIAN_POINT ( 'NONE',  ( -1.561251128379127016E-14, 0.000000000000000000, -9.750000000000005329 ) ) ;
#2550 = FACE_BOUND ( 'NONE', #4290, .T. ) ;
#2551 = VECTOR ( 'NONE', #2860, 1000.000000000000000 ) ;
#2552 = DIRECTION ( 'NONE',  ( -1.000000000000000000, 3.565820478396770314E-15, 3.373073425510458458E-16 ) ) ;
#2553 = EDGE_LOOP ( 'NONE', ( #4259, #5393, #3349, #690 ) ) ;
#2554 = ADVANCED_FACE ( 'NONE', ( #5013 ), #2181, .F. ) ;
#2555 = ORIENTED_EDGE ( 'NONE', *, *, #911, .F. ) ;
#2556 = AXIS2_PLACEMENT_3D ( 'NONE', #4804, #2657, #890 ) ;
#2557 = DIRECTION ( 'NONE',  ( -0.2079116908177600920, 0.9781476007338054668, 0.000000000000000000 ) ) ;
#2558 = FACE_BOUND ( 'NONE', #3083, .T. ) ;
#2559 = CARTESIAN_POINT ( 'NONE',  ( 63.80000000000002558, -39.22819897360492547, -10.52250000000000441 ) ) ;
#2560 = EDGE_CURVE ( 'NONE', #137, #4532, #4791, .T. ) ;
#2561 = EDGE_LOOP ( 'NONE', ( #501, #5087, #1442, #4371, #892 ) ) ;
#2562 = CONICAL_SURFACE ( 'NONE', #2832, 17.00000000000000711, 0.7853981633974517207 ) ;
#2563 = ORIENTED_EDGE ( 'NONE', *, *, #4156, .T. ) ;
#2564 = EDGE_CURVE ( 'NONE', #1923, #2798, #2073, .T. ) ;
#2565 = DIRECTION ( 'NONE',  ( 1.000000000000000000, -0.000000000000000000, -0.000000000000000000 ) ) ;
#2566 = FILL_AREA_STYLE ('',( #4265 ) ) ;
#2567 = VERTEX_POINT ( 'NONE', #5519 ) ;
#2568 = EDGE_CURVE ( 'NONE', #1529, #967, #572, .T. ) ;
#2569 = CIRCLE ( 'NONE', #2294, 1.699999999999999289 ) ;
#2570 = DIRECTION ( 'NONE',  ( -1.000000000000000000, -0.000000000000000000, -0.000000000000000000 ) ) ;
#2571 = VERTEX_POINT ( 'NONE', #3367 ) ;
#2572 = EDGE_CURVE ( 'NONE', #3108, #918, #4756, .T. ) ;
#2573 = DIRECTION ( 'NONE',  ( 0.000000000000000000, 0.000000000000000000, -1.000000000000000000 ) ) ;
#2574 = VECTOR ( 'NONE', #1816, 1000.000000000000227 ) ;
#2575 = DIRECTION ( 'NONE',  ( 0.000000000000000000, 0.000000000000000000, 1.000000000000000000 ) ) ;
#2576 = CARTESIAN_POINT ( 'NONE',  ( 63.80000000000001137, -10.52819897360492085, -18.60000000000000497 ) ) ;
#2577 = VERTEX_POINT ( 'NONE', #457 ) ;
#2578 = PLANE ( 'NONE',  #778 ) ;
#2579 = ORIENTED_EDGE ( 'NONE', *, *, #4225, .T. ) ;
#2580 = DIRECTION ( 'NONE',  ( 0.000000000000000000, -1.000000000000000000, 0.000000000000000000 ) ) ;
#2581 = LINE ( 'NONE', #3328, #2358 ) ;
#2582 = CARTESIAN_POINT ( 'NONE',  ( 52.00000000000002132, -87.00000000000000000, -21.00000000000003553 ) ) ;
#2583 = EDGE_CURVE ( 'NONE', #2278, #2232, #205, .T. ) ;
#2584 = DIRECTION ( 'NONE',  ( -0.000000000000000000, -1.000000000000000000, -0.000000000000000000 ) ) ;
#2585 = EDGE_LOOP ( 'NONE', ( #5133, #1750, #5280, #1831 ) ) ;
#2586 = VERTEX_POINT ( 'NONE', #4286 ) ;
#2587 = DIRECTION ( 'NONE',  ( 0.7071067811865422437, 0.000000000000000000, 0.7071067811865527908 ) ) ;
#2588 = DIRECTION ( 'NONE',  ( -1.000000000000000000, 0.000000000000000000, -0.000000000000000000 ) ) ;
#2589 = DIRECTION ( 'NONE',  ( 0.000000000000000000, 0.000000000000000000, 1.000000000000000000 ) ) ;
#2590 = ORIENTED_EDGE ( 'NONE', *, *, #3543, .T. ) ;
#2591 = ADVANCED_FACE ( 'NONE', ( #430 ), #2138, .T. ) ;
#2592 = DIRECTION ( 'NONE',  ( -1.000000000000000000, -0.000000000000000000, 3.304235192336776005E-16 ) ) ;
#2593 = ORIENTED_EDGE ( 'NONE', *, *, #1358, .F. ) ;
#2594 = CARTESIAN_POINT ( 'NONE',  ( 43.05499388327440613, -9.999999999999998224, -41.00000000000004263 ) ) ;
#2595 = CARTESIAN_POINT ( 'NONE',  ( 59.80000000000001847, -7.228198973604922806, -10.52249999999999908 ) ) ;
#2596 = ORIENTED_EDGE ( 'NONE', *, *, #1321, .F. ) ;
#2597 = CARTESIAN_POINT ( 'NONE',  ( 51.49933179446950504, -42.98259040445626056, -37.78222832405654685 ) ) ;
#2598 = ORIENTED_EDGE ( 'NONE', *, *, #1566, .T. ) ;
#2599 = DIRECTION ( 'NONE',  ( -1.000000000000000000, 0.000000000000000000, -0.000000000000000000 ) ) ;
#2600 = EDGE_CURVE ( 'NONE', #1802, #3963, #395, .T. ) ;
#2601 = LINE ( 'NONE', #4822, #61 ) ;
#2602 = CARTESIAN_POINT ( 'NONE',  ( 42.00000000000000711, 0.000000000000000000, -29.25000000000000000 ) ) ;
#2603 = EDGE_CURVE ( 'NONE', #3792, #2232, #4311, .T. ) ;
#2604 = VERTEX_POINT ( 'NONE', #1746 ) ;
#2605 = DIRECTION ( 'NONE',  ( 0.7071067811865433539, -0.7071067811865517916, -4.114178608740478531E-16 ) ) ;
#2606 = DIRECTION ( 'NONE',  ( 0.000000000000000000, -0.000000000000000000, -1.000000000000000000 ) ) ;
#2607 = AXIS2_PLACEMENT_3D ( 'NONE', #1108, #5502, #4608 ) ;
#2608 = DIRECTION ( 'NONE',  ( 0.000000000000000000, 0.000000000000000000, 1.000000000000000000 ) ) ;
#2609 = VERTEX_POINT ( 'NONE', #3453 ) ;
#2610 = ORIENTED_EDGE ( 'NONE', *, *, #4850, .F. ) ;
#2611 = CARTESIAN_POINT ( 'NONE',  ( 42.00000000000000711, -9.999999999999994671, -8.349999999999997868 ) ) ;
#2612 = ORIENTED_EDGE ( 'NONE', *, *, #1970, .T. ) ;
#2613 = DIRECTION ( 'NONE',  ( -0.7071067811865514585, 0.000000000000000000, -0.7071067811865435759 ) ) ;
#2614 = ORIENTED_EDGE ( 'NONE', *, *, #2076, .F. ) ;
#2615 = AXIS2_PLACEMENT_3D ( 'NONE', #4821, #2700, #2674 ) ;
#2616 = CARTESIAN_POINT ( 'NONE',  ( 60.00000000000000000, -47.57083966072418235, -23.40000000000000568 ) ) ;
#2617 = ORIENTED_EDGE ( 'NONE', *, *, #228, .F. ) ;
#2618 = CARTESIAN_POINT ( 'NONE',  ( 63.80000000000001137, -10.52819897360492085, -26.40000000000000213 ) ) ;
#2619 = AXIS2_PLACEMENT_3D ( 'NONE', #1893, #652, #4576 ) ;
#2620 = VERTEX_POINT ( 'NONE', #5179 ) ;
#2621 = LINE ( 'NONE', #5273, #1088 ) ;
#2622 = DIRECTION ( 'NONE',  ( 0.000000000000000000, 0.000000000000000000, 1.000000000000000000 ) ) ;
#2623 = CIRCLE ( 'NONE', #4520, 16.49999999999999645 ) ;
#2624 = CARTESIAN_POINT ( 'NONE',  ( 59.39999999999999858, -87.00000000000000000, -9.250000000000033751 ) ) ;
#2625 = ORIENTED_EDGE ( 'NONE', *, *, #4977, .F. ) ;
#2626 = VECTOR ( 'NONE', #3312, 1000.000000000000000 ) ;
#2627 = ADVANCED_FACE ( 'NONE', ( #1325 ), #3032, .F. ) ;
#2628 = EDGE_CURVE ( 'NONE', #3914, #794, #1897, .T. ) ;
#2629 = VERTEX_POINT ( 'NONE', #2478 ) ;
#2630 = PLANE ( 'NONE',  #1971 ) ;
#2631 = CARTESIAN_POINT ( 'NONE',  ( 59.80000000000001847, -7.228198973604922806, -8.592499999999997584 ) ) ;
#2632 = DIRECTION ( 'NONE',  ( 0.000000000000000000, 0.000000000000000000, -1.000000000000000000 ) ) ;
#2633 = ORIENTED_EDGE ( 'NONE', *, *, #2528, .T. ) ;
#2634 = VECTOR ( 'NONE', #583, 1000.000000000000000 ) ;
#2635 = VERTEX_POINT ( 'NONE', #3180 ) ;
#2636 = EDGE_CURVE ( 'NONE', #5151, #2430, #4470, .T. ) ;
#2637 = VECTOR ( 'NONE', #5117, 1000.000000000000000 ) ;
#2638 = LINE ( 'NONE', #4369, #3253 ) ;
#2639 = ORIENTED_EDGE ( 'NONE', *, *, #5357, .T. ) ;
#2640 = VERTEX_POINT ( 'NONE', #5466 ) ;
#2641 = FACE_OUTER_BOUND ( 'NONE', #1768, .T. ) ;
#2642 = CARTESIAN_POINT ( 'NONE',  ( 42.58159558283758628, -2.602121630877941794, -13.20568343251922983 ) ) ;
#2643 = ORIENTED_EDGE ( 'NONE', *, *, #2600, .F. ) ;
#2644 = AXIS2_PLACEMENT_3D ( 'NONE', #3976, #127, #4353 ) ;
#2645 = CARTESIAN_POINT ( 'NONE',  ( 63.00000000000005684, -87.00000000000000000, -42.00000000000003553 ) ) ;
#2646 = EDGE_LOOP ( 'NONE', ( #5374, #355, #3008, #5008, #1666 ) ) ;
#2647 = LINE ( 'NONE', #1487, #2844 ) ;
#2648 = EDGE_LOOP ( 'NONE', ( #3176, #1001, #4492, #3992 ) ) ;
#2649 = DIRECTION ( 'NONE',  ( 0.04430961977791336714, -0.9990178464848046280, 0.000000000000000000 ) ) ;
#2650 = DIRECTION ( 'NONE',  ( 1.000000000000000000, 9.598933135901296437E-32, -5.256737805990325036E-16 ) ) ;
#2651 = AXIS2_PLACEMENT_3D ( 'NONE', #4220, #1658, #2552 ) ;
#2652 = CARTESIAN_POINT ( 'NONE',  ( 52.00000000000001421, -46.18523055774763009, -19.50000000000000355 ) ) ;
#2653 = ORIENTED_EDGE ( 'NONE', *, *, #878, .F. ) ;
#2654 = CARTESIAN_POINT ( 'NONE',  ( 64.00000000000001421, -84.62499999999998579, -32.75000000000003553 ) ) ;
#2655 = EDGE_CURVE ( 'NONE', #4175, #5362, #4851, .T. ) ;
#2656 = EDGE_CURVE ( 'NONE', #1266, #319, #213, .T. ) ;
#2657 = DIRECTION ( 'NONE',  ( -0.000000000000000000, -0.000000000000000000, -1.000000000000000000 ) ) ;
#2658 = CARTESIAN_POINT ( 'NONE',  ( 63.00000000000001421, -87.00000000000000000, -11.50000000000003197 ) ) ;
#2659 = ORIENTED_EDGE ( 'NONE', *, *, #2265, .F. ) ;
#2660 = AXIS2_PLACEMENT_3D ( 'NONE', #4274, #2127, #5476 ) ;
#2661 = VERTEX_POINT ( 'NONE', #4063 ) ;
#2662 = EDGE_CURVE ( 'NONE', #5256, #4605, #5436, .T. ) ;
#2663 = VECTOR ( 'NONE', #1881, 1000.000000000000000 ) ;
#2664 = LINE ( 'NONE', #5308, #5161 ) ;
#2665 = ORIENTED_EDGE ( 'NONE', *, *, #3582, .T. ) ;
#2666 = EDGE_CURVE ( 'NONE', #1196, #4207, #5016, .T. ) ;
#2667 = EDGE_LOOP ( 'NONE', ( #2166, #620, #4976 ) ) ;
#2668 = DIRECTION ( 'NONE',  ( -5.256737805990325036E-16, 0.000000000000000000, -1.000000000000000000 ) ) ;
#2669 = PLANE ( 'NONE',  #3981 ) ;
#2670 = VERTEX_POINT ( 'NONE', #3772 ) ;
#2671 = DIRECTION ( 'NONE',  ( 0.000000000000000000, 1.000000000000000000, 5.392922723243959317E-16 ) ) ;
#2672 = VERTEX_POINT ( 'NONE', #5491 ) ;
#2673 = ORIENTED_EDGE ( 'NONE', *, *, #4370, .T. ) ;
#2674 = DIRECTION ( 'NONE',  ( -1.000000000000000000, 0.000000000000000000, 0.000000000000000000 ) ) ;
#2675 = CARTESIAN_POINT ( 'NONE',  ( 59.89999999999997016, -87.00000000000000000, -19.10000000000003695 ) ) ;
#2676 = CARTESIAN_POINT ( 'NONE',  ( 63.80000000000001137, -10.52819897360492085, -23.39999999999998437 ) ) ;
#2677 = ORIENTED_EDGE ( 'NONE', *, *, #1016, .F. ) ;
#2678 = EDGE_CURVE ( 'NONE', #4011, #1860, #4525, .T. ) ;
#2679 = ORIENTED_EDGE ( 'NONE', *, *, #1714, .T. ) ;
#2680 = FACE_OUTER_BOUND ( 'NONE', #1527, .T. ) ;
#2681 = EDGE_CURVE ( 'NONE', #3921, #2620, #4227, .T. ) ;
#2682 = CARTESIAN_POINT ( 'NONE',  ( 48.15353161276343030, -9.999999999999994671, -32.25000000000000000 ) ) ;
#2683 = DIRECTION ( 'NONE',  ( -1.000000000000000000, 0.000000000000000000, 0.000000000000000000 ) ) ;
#2684 = VERTEX_POINT ( 'NONE', #4344 ) ;
#2685 = EDGE_CURVE ( 'NONE', #602, #721, #5157, .T. ) ;
#2686 = ORIENTED_EDGE ( 'NONE', *, *, #5107, .F. ) ;
#2687 = AXIS2_PLACEMENT_3D ( 'NONE', #1762, #2097, #3443 ) ;
#2688 = CARTESIAN_POINT ( 'NONE',  ( 52.00000000000002132, -87.00000000000000000, -9.250000000000033751 ) ) ;
#2689 = PLANE ( 'NONE',  #418 ) ;
#2690 = ORIENTED_EDGE ( 'NONE', *, *, #290, .T. ) ;
#2691 = EDGE_CURVE ( 'NONE', #3117, #2522, #2113, .T. ) ;
#2692 = ORIENTED_EDGE ( 'NONE', *, *, #132, .T. ) ;
#2693 = LINE ( 'NONE', #928, #3515 ) ;
#2694 = ORIENTED_EDGE ( 'NONE', *, *, #977, .F. ) ;
#2695 = ADVANCED_FACE ( 'NONE', ( #1301 ), #1267, .F. ) ;
#2696 = DIRECTION ( 'NONE',  ( -0.2181262695449070477, 0.9759205554421027662, -0.000000000000000000 ) ) ;
#2697 = VERTEX_POINT ( 'NONE', #791 ) ;
#2698 = ADVANCED_FACE ( 'NONE', ( #374 ), #2950, .T. ) ;
#2699 = VERTEX_POINT ( 'NONE', #3011 ) ;
#2700 = DIRECTION ( 'NONE',  ( -0.000000000000000000, -0.000000000000000000, -1.000000000000000000 ) ) ;
#2701 = EDGE_CURVE ( 'NONE', #4251, #65, #3075, .T. ) ;
#2702 = CARTESIAN_POINT ( 'NONE',  ( 64.00000000000001421, -87.00000000000000000, -35.12500000000003553 ) ) ;
#2703 = LINE ( 'NONE', #2602, #645 ) ;
#2704 = ORIENTED_EDGE ( 'NONE', *, *, #3450, .T. ) ;
#2705 = AXIS2_PLACEMENT_3D ( 'NONE', #4522, #3643, #1164 ) ;
#2706 = CIRCLE ( 'NONE', #3606, 1.874999999999973799 ) ;
#2707 = LINE ( 'NONE', #4388, #4653 ) ;
#2708 = EDGE_LOOP ( 'NONE', ( #2704, #750, #1446, #2447, #4549, #5225 ) ) ;
#2709 = AXIS2_PLACEMENT_3D ( 'NONE', #303, #5448, #1592 ) ;
#2710 = CARTESIAN_POINT ( 'NONE',  ( 42.00000000000000711, -0.000000000000000000, 6.938893903907223644E-15 ) ) ;
#2711 = CARTESIAN_POINT ( 'NONE',  ( 0.000000000000000000, 0.000000000000000000, -15.59999999999999254 ) ) ;
#2712 = ORIENTED_EDGE ( 'NONE', *, *, #4354, .T. ) ;
#2713 = PRODUCT_RELATED_PRODUCT_CATEGORY ( 'part', '', ( #3975 ) ) ;
#2714 = VECTOR ( 'NONE', #5528, 1000.000000000000000 ) ;
#2715 = VECTOR ( 'NONE', #1235, 1000.000000000000000 ) ;
#2716 = ORIENTED_EDGE ( 'NONE', *, *, #296, .T. ) ;
#2717 = DIRECTION ( 'NONE',  ( 1.000000000000000000, 9.598933135901296437E-32, -5.256737805990325036E-16 ) ) ;
#2718 = LINE ( 'NONE', #4445, #2634 ) ;
#2719 = EDGE_CURVE ( 'NONE', #4993, #4811, #3894, .T. ) ;
#2720 = AXIS2_PLACEMENT_3D ( 'NONE', #789, #4596, #2502 ) ;
#2721 = LINE ( 'NONE', #21, #857 ) ;
#2722 = VERTEX_POINT ( 'NONE', #3920 ) ;
#2723 = ORIENTED_EDGE ( 'NONE', *, *, #5527, .T. ) ;
#2724 = DIRECTION ( 'NONE',  ( 0.7071067811865401342, 0.000000000000000000, -0.7071067811865549002 ) ) ;
#2725 = VERTEX_POINT ( 'NONE', #4260 ) ;
#2726 = CARTESIAN_POINT ( 'NONE',  ( 20.99999999999999645, 5.000000000000028422, -21.00000000000000000 ) ) ;
#2727 = EDGE_LOOP ( 'NONE', ( #1427, #2292, #3033, #2885 ) ) ;
#2728 = ORIENTED_EDGE ( 'NONE', *, *, #5311, .T. ) ;
#2729 = VECTOR ( 'NONE', #1340, 1000.000000000000227 ) ;
#2730 = DIRECTION ( 'NONE',  ( -0.000000000000000000, 0.000000000000000000, -1.000000000000000000 ) ) ;
#2731 = CARTESIAN_POINT ( 'NONE',  ( 8.131098366035510949, 15.13109836603541147, -34.43198877979840233 ) ) ;
#2732 = EDGE_CURVE ( 'NONE', #180, #1342, #2089, .T. ) ;
#2733 = DIRECTION ( 'NONE',  ( 0.000000000000000000, 0.000000000000000000, -1.000000000000000000 ) ) ;
#2734 = VERTEX_POINT ( 'NONE', #2195 ) ;
#2735 = AXIS2_PLACEMENT_3D ( 'NONE', #1678, #302, #2091 ) ;
#2736 = EDGE_CURVE ( 'NONE', #141, #1860, #1914, .T. ) ;
#2737 = CARTESIAN_POINT ( 'NONE',  ( 56.12080039314770374, 2.380819853569979827, -34.79999999999999005 ) ) ;
#2738 = EDGE_LOOP ( 'NONE', ( #3385, #4743, #1876, #2189 ) ) ;
#2739 = LINE ( 'NONE', #525, #1711 ) ;
#2740 = AXIS2_PLACEMENT_3D ( 'NONE', #1453, #614, #1116 ) ;
#2741 = CARTESIAN_POINT ( 'NONE',  ( 0.000000000000000000, 1.000000000000001776, -37.80000000000003979 ) ) ;
#2742 = DIRECTION ( 'NONE',  ( 1.000000000000000000, -0.000000000000000000, 0.000000000000000000 ) ) ;
#2743 = ORIENTED_EDGE ( 'NONE', *, *, #3657, .F. ) ;
#2744 = CYLINDRICAL_SURFACE ( 'NONE', #243, 1.930000000000001048 ) ;
#2745 = VECTOR ( 'NONE', #4531, 1000.000000000000000 ) ;
#2746 = ORIENTED_EDGE ( 'NONE', *, *, #4772, .T. ) ;
#2747 = ADVANCED_FACE ( 'NONE', ( #876 ), #461, .F. ) ;
#2748 = DIRECTION ( 'NONE',  ( -1.652117596168386277E-16, -0.000000000000000000, 1.000000000000000000 ) ) ;
#2749 = DIRECTION ( 'NONE',  ( 0.000000000000000000, 0.000000000000000000, -1.000000000000000000 ) ) ;
#2750 = AXIS2_PLACEMENT_3D ( 'NONE', #3723, #2509, #5530 ) ;
#2751 = DIRECTION ( 'NONE',  ( -0.000000000000000000, 0.000000000000000000, -1.000000000000000000 ) ) ;
#2752 = ORIENTED_EDGE ( 'NONE', *, *, #776, .T. ) ;
#2753 = DIRECTION ( 'NONE',  ( -0.04430961977791336714, 0.9990178464848046280, 2.755015686034141597E-17 ) ) ;
#2754 = CARTESIAN_POINT ( 'NONE',  ( 4.614213562373167932, 8.000000000000000000, -0.9999999999999110711 ) ) ;
#2755 = PLANE ( 'NONE',  #4618 ) ;
#2756 = DIRECTION ( 'NONE',  ( -1.000000000000000000, -0.000000000000000000, 3.304235192336776005E-16 ) ) ;
#2757 = DIRECTION ( 'NONE',  ( 0.000000000000000000, 0.000000000000000000, 1.000000000000000000 ) ) ;
#2758 = EDGE_CURVE ( 'NONE', #3134, #2243, #1327, .T. ) ;
#2759 = ADVANCED_FACE ( 'NONE', ( #1801, #929, #1833, #2327, #5236, #4376, #4052, #1775 ), #536, .T. ) ;
#2760 = VERTEX_POINT ( 'NONE', #2246 ) ;
#2761 = CARTESIAN_POINT ( 'NONE',  ( 63.00000000000001421, -84.62499999999998579, -9.250000000000035527 ) ) ;
#2762 = DIRECTION ( 'NONE',  ( 0.000000000000000000, 0.000000000000000000, 1.000000000000000000 ) ) ;
#2763 = PLANE ( 'NONE',  #2978 ) ;
#2764 = ORIENTED_EDGE ( 'NONE', *, *, #3615, .F. ) ;
#2765 = EDGE_CURVE ( 'NONE', #3995, #1855, #1012, .T. ) ;
#2766 = ORIENTED_EDGE ( 'NONE', *, *, #1305, .F. ) ;
#2767 = EDGE_CURVE ( 'NONE', #2734, #5263, #2543, .T. ) ;
#2768 = DIRECTION ( 'NONE',  ( 0.000000000000000000, 1.000000000000000000, 0.000000000000000000 ) ) ;
#2769 = CARTESIAN_POINT ( 'NONE',  ( 52.00000000000001421, -9.999999999999994671, -14.15000000000003055 ) ) ;
#2770 = EDGE_LOOP ( 'NONE', ( #4303, #162, #1010, #1580 ) ) ;
#2771 = EDGE_CURVE ( 'NONE', #4047, #1510, #749, .T. ) ;
#2772 = DIRECTION ( 'NONE',  ( 0.000000000000000000, -1.000000000000000000, 0.000000000000000000 ) ) ;
#2773 = ADVANCED_FACE ( 'NONE', ( #1859 ), #3057, .F. ) ;
#2774 = ORIENTED_EDGE ( 'NONE', *, *, #2943, .T. ) ;
#2775 = CARTESIAN_POINT ( 'NONE',  ( 60.00000000000000000, -57.18147956208619576, -26.40000000000000213 ) ) ;
#2776 = DIRECTION ( 'NONE',  ( 0.000000000000000000, 1.000000000000000000, 0.000000000000000000 ) ) ;
#2777 = DIRECTION ( 'NONE',  ( 2.471015800063868937E-17, -5.571225606499637017E-16, 1.000000000000000000 ) ) ;
#2778 = ORIENTED_EDGE ( 'NONE', *, *, #1305, .T. ) ;
#2779 = AXIS2_PLACEMENT_3D ( 'NONE', #5059, #3327, #5509 ) ;
#2780 = CARTESIAN_POINT ( 'NONE',  ( 59.90000000000002700, -85.62499999999998579, -30.50000000000004263 ) ) ;
#2781 = DIRECTION ( 'NONE',  ( 0.04430961977791336714, -0.9990178464848046280, 0.000000000000000000 ) ) ;
#2782 = ORIENTED_EDGE ( 'NONE', *, *, #3074, .F. ) ;
#2783 = DIRECTION ( 'NONE',  ( 1.000000000000000000, -1.841791997293421075E-16, -0.000000000000000000 ) ) ;
#2784 = DIRECTION ( 'NONE',  ( -0.000000000000000000, -0.000000000000000000, 1.000000000000000000 ) ) ;
#2785 = DIRECTION ( 'NONE',  ( 0.7064122937757884024, 0.03133163261675948191, 0.7071067811865457964 ) ) ;
#2786 = EDGE_CURVE ( 'NONE', #5158, #5310, #3403, .T. ) ;
#2787 = CARTESIAN_POINT ( 'NONE',  ( 42.58159558283758628, -2.602121630877940905, -22.95568343251922983 ) ) ;
#2788 = VERTEX_POINT ( 'NONE', #4863 ) ;
#2789 = CARTESIAN_POINT ( 'NONE',  ( 60.27433276148052954, 8.000000000000000000, -31.20000000000000284 ) ) ;
#2790 = CARTESIAN_POINT ( 'NONE',  ( 52.00000000000002132, -46.18523055774767272, -29.25000000000000000 ) ) ;
#2791 = TOROIDAL_SURFACE ( 'NONE', #1087, 2.375000000000001332, 1.000000000000000000 ) ;
#2792 = DIRECTION ( 'NONE',  ( -1.000000000000000000, 0.000000000000000000, 3.304235192336776005E-16 ) ) ;
#2793 = VERTEX_POINT ( 'NONE', #3538 ) ;
#2794 = ADVANCED_FACE ( 'NONE', ( #958 ), #2669, .T. ) ;
#2795 = VECTOR ( 'NONE', #1675, 1000.000000000000114 ) ;
#2796 = EDGE_CURVE ( 'NONE', #581, #1587, #2403, .T. ) ;
#2797 = DIRECTION ( 'NONE',  ( -0.000000000000000000, -1.000000000000000000, -0.000000000000000000 ) ) ;
#2798 = VERTEX_POINT ( 'NONE', #1407 ) ;
#2799 = AXIS2_PLACEMENT_3D ( 'NONE', #3440, #358, #4271 ) ;
#2800 = VECTOR ( 'NONE', #4451, 1000.000000000000000 ) ;
#2801 = CARTESIAN_POINT ( 'NONE',  ( 63.80000000000001137, -35.92819897360492831, -10.80000000000000959 ) ) ;
#2802 = DIRECTION ( 'NONE',  ( 0.000000000000000000, -1.000000000000000000, -0.000000000000000000 ) ) ;
#2803 = CARTESIAN_POINT ( 'NONE',  ( 63.00000000000001421, -84.62499999999998579, -30.50000000000004263 ) ) ;
#2804 = ORIENTED_EDGE ( 'NONE', *, *, #3562, .T. ) ;
#2805 = EDGE_CURVE ( 'NONE', #5362, #3141, #3168, .T. ) ;
#2806 = AXIS2_PLACEMENT_3D ( 'NONE', #2051, #1265, #2444 ) ;
#2807 = EDGE_CURVE ( 'NONE', #1587, #3524, #1554, .T. ) ;
#2808 = DIRECTION ( 'NONE',  ( 1.000000000000000000, 0.000000000000000000, 0.000000000000000000 ) ) ;
#2809 = CIRCLE ( 'NONE', #5513, 3.000000000000002665 ) ;
#2810 = AXIS2_PLACEMENT_3D ( 'NONE', #4125, #717, #4964 ) ;
#2811 = DIRECTION ( 'NONE',  ( -0.9759205554421028772, -0.2181262695449070477, 0.000000000000000000 ) ) ;
#2812 = DIRECTION ( 'NONE',  ( -0.2079116908177600920, 0.9781476007338054668, 0.000000000000000000 ) ) ;
#2813 = VECTOR ( 'NONE', #456, 1000.000000000000000 ) ;
#2814 = ORIENTED_EDGE ( 'NONE', *, *, #2517, .F. ) ;
#2815 = CARTESIAN_POINT ( 'NONE',  ( 43.05499388327440613, -9.999999999999998224, -34.79999999999998295 ) ) ;
#2816 = CARTESIAN_POINT ( 'NONE',  ( 43.05499388327440613, 7.000000000000069278, -1.994434053180987497E-14 ) ) ;
#2817 = AXIS2_PLACEMENT_3D ( 'NONE', #3212, #2749, #696 ) ;
#2818 = DIRECTION ( 'NONE',  ( -1.000000000000000000, 1.841791997293421322E-16, -0.000000000000000000 ) ) ;
#2819 = FACE_OUTER_BOUND ( 'NONE', #2298, .T. ) ;
#2820 = VERTEX_POINT ( 'NONE', #2472 ) ;
#2821 = CARTESIAN_POINT ( 'NONE',  ( 42.00000000000001421, 0.000000000000000000, -27.84999999999997655 ) ) ;
#2822 = CIRCLE ( 'NONE', #1837, 1.875000000000015543 ) ;
#2823 = ORIENTED_EDGE ( 'NONE', *, *, #1815, .F. ) ;
#2824 = EDGE_CURVE ( 'NONE', #3940, #1562, #2267, .T. ) ;
#2825 = CARTESIAN_POINT ( 'NONE',  ( 54.80000000000003268, -87.00000000000000000, -21.00000000000003553 ) ) ;
#2826 = DIRECTION ( 'NONE',  ( 1.000000000000000000, -1.841791997293421075E-16, -0.000000000000000000 ) ) ;
#2827 = DIRECTION ( 'NONE',  ( 1.000000000000000000, 9.598933135901296437E-32, -5.256737805990325036E-16 ) ) ;
#2828 = ORIENTED_EDGE ( 'NONE', *, *, #1911, .T. ) ;
#2829 = LINE ( 'NONE', #2373, #954 ) ;
#2830 = ORIENTED_EDGE ( 'NONE', *, *, #3378, .F. ) ;
#2831 = EDGE_CURVE ( 'NONE', #4664, #3652, #2323, .T. ) ;
#2832 = AXIS2_PLACEMENT_3D ( 'NONE', #3592, #1269, #3989 ) ;
#2833 = CARTESIAN_POINT ( 'NONE',  ( 20.99999999999999645, 0.000000000000000000, -34.00000000000000000 ) ) ;
#2834 = CARTESIAN_POINT ( 'NONE',  ( 65.38182725906868598, -104.6128276687175997, -32.72941319760695933 ) ) ;
#2835 = CARTESIAN_POINT ( 'NONE',  ( 62.56997467337698282, -43.75822430022792275, -31.20000000000003126 ) ) ;
#2836 = ORIENTED_EDGE ( 'NONE', *, *, #2217, .T. ) ;
#2837 = CONICAL_SURFACE ( 'NONE', #950, 1.875000000000015543, 0.7853981633974346233 ) ;
#2838 = CARTESIAN_POINT ( 'NONE',  ( 59.39999999999999858, -88.87500000000001421, -21.00000000000003553 ) ) ;
#2839 = EDGE_CURVE ( 'NONE', #4868, #4657, #1576, .T. ) ;
#2840 = AXIS2_PLACEMENT_3D ( 'NONE', #2335, #1895, #209 ) ;
#2841 = CYLINDRICAL_SURFACE ( 'NONE', #646, 1.000000000000000888 ) ;
#2842 = CARTESIAN_POINT ( 'NONE',  ( 60.00000000000000000, -10.52819897360492085, -31.20000000000000284 ) ) ;
#2843 = ADVANCED_FACE ( 'NONE', ( #1490, #4503, #1991, #1965, #5012, #3743 ), #1123, .T. ) ;
#2844 = VECTOR ( 'NONE', #3017, 1000.000000000000000 ) ;
#2845 = ORIENTED_EDGE ( 'NONE', *, *, #344, .F. ) ;
#2846 = PLANE ( 'NONE',  #4866 ) ;
#2847 = CARTESIAN_POINT ( 'NONE',  ( 59.90000000000002700, -85.62499999999998579, -32.75000000000003553 ) ) ;
#2848 = CARTESIAN_POINT ( 'NONE',  ( 41.99999999999999289, 0.000000000000000000, -3.000000000000002665 ) ) ;
#2849 = DIRECTION ( 'NONE',  ( -1.000000000000000000, -8.673617379884033500E-16, 0.000000000000000000 ) ) ;
#2850 = ORIENTED_EDGE ( 'NONE', *, *, #371, .F. ) ;
#2851 = LINE ( 'NONE', #772, #4765 ) ;
#2852 = CARTESIAN_POINT ( 'NONE',  ( 60.00000000000000000, -57.18147956208619576, -3.000000000000002665 ) ) ;
#2853 = FACE_OUTER_BOUND ( 'NONE', #2492, .T. ) ;
#2854 = ORIENTED_EDGE ( 'NONE', *, *, #4598, .T. ) ;
#2855 = CARTESIAN_POINT ( 'NONE',  ( 63.00000000000001421, -85.62499999999998579, -11.50000000000003020 ) ) ;
#2856 = ORIENTED_EDGE ( 'NONE', *, *, #700, .F. ) ;
#2857 = EDGE_CURVE ( 'NONE', #5532, #3236, #3952, .T. ) ;
#2858 = CARTESIAN_POINT ( 'NONE',  ( 59.39999999999999858, -86.99999999999998579, -21.00000000000003553 ) ) ;
#2859 = CARTESIAN_POINT ( 'NONE',  ( 0.000000000000000000, 0.000000000000000000, -38.99999999999998579 ) ) ;
#2860 = DIRECTION ( 'NONE',  ( -0.000000000000000000, -1.000000000000000000, -0.000000000000000000 ) ) ;
#2861 = LINE ( 'NONE', #1144, #1936 ) ;
#2862 = VERTEX_POINT ( 'NONE', #3627 ) ;
#2863 = CARTESIAN_POINT ( 'NONE',  ( 42.80116534701016917, 1.000000000000001332, -42.00000000000002132 ) ) ;
#2864 = DIRECTION ( 'NONE',  ( -0.000000000000000000, -0.000000000000000000, -1.000000000000000000 ) ) ;
#2865 = CARTESIAN_POINT ( 'NONE',  ( 64.00000000000001421, -76.00000000000002842, -41.00000000000007105 ) ) ;
#2866 = CARTESIAN_POINT ( 'NONE',  ( 52.00000000000002132, -108.0000000000000000, -23.90000000000003055 ) ) ;
#2867 = EDGE_CURVE ( 'NONE', #4900, #1289, #2359, .T. ) ;
#2868 = EDGE_CURVE ( 'NONE', #3815, #5243, #2441, .T. ) ;
#2869 = AXIS2_PLACEMENT_3D ( 'NONE', #4217, #805, #617 ) ;
#2870 = ORIENTED_EDGE ( 'NONE', *, *, #5463, .F. ) ;
#2871 = DIRECTION ( 'NONE',  ( -1.927470528863118950E-15, -1.000000000000000000, -3.854941057726238097E-16 ) ) ;
#2872 = AXIS2_PLACEMENT_3D ( 'NONE', #1394, #3527, #3580 ) ;
#2873 = DIRECTION ( 'NONE',  ( 0.000000000000000000, 0.000000000000000000, 1.000000000000000000 ) ) ;
#2874 = PLANE ( 'NONE',  #4812 ) ;
#2875 = ORIENTED_EDGE ( 'NONE', *, *, #2355, .T. ) ;
#2876 = EDGE_CURVE ( 'NONE', #473, #1529, #5461, .T. ) ;
#2877 = PRESENTATION_STYLE_ASSIGNMENT (( #5555 ) ) ;
#2878 = ORIENTED_EDGE ( 'NONE', *, *, #3386, .F. ) ;
#2879 = DIRECTION ( 'NONE',  ( 0.000000000000000000, 0.000000000000000000, 1.000000000000000000 ) ) ;
#2880 = ORIENTED_EDGE ( 'NONE', *, *, #4827, .T. ) ;
#2881 = DIRECTION ( 'NONE',  ( -1.000000000000000000, 0.000000000000000000, 8.704705614220536398E-16 ) ) ;
#2882 = DIRECTION ( 'NONE',  ( -0.9396926207859103153, 0.000000000000000000, -0.3420201433256632173 ) ) ;
#2883 = DIRECTION ( 'NONE',  ( 1.000000000000000000, 0.000000000000000000, -1.467375195723603756E-30 ) ) ;
#2884 = EDGE_LOOP ( 'NONE', ( #2216, #74, #3623, #1307 ) ) ;
#2885 = ORIENTED_EDGE ( 'NONE', *, *, #2732, .T. ) ;
#2886 = CARTESIAN_POINT ( 'NONE',  ( 54.80000000000003268, 8.000000000000000000, -3.016802260014148556E-14 ) ) ;
#2887 = DIRECTION ( 'NONE',  ( -0.7071067811865514585, 0.000000000000000000, -0.7071067811865435759 ) ) ;
#2888 = CARTESIAN_POINT ( 'NONE',  ( 36.50000000000000000, 0.000000000000000000, -5.500000000000011546 ) ) ;
#2889 = ORIENTED_EDGE ( 'NONE', *, *, #1747, .F. ) ;
#2890 = CIRCLE ( 'NONE', #3146, 1.874999999999973799 ) ;
#2891 = CIRCLE ( 'NONE', #4155, 6.153531612763482705 ) ;
#2892 = DIRECTION ( 'NONE',  ( -1.000000000000000000, 0.000000000000000000, -1.652117596168386030E-16 ) ) ;
#2893 = ADVANCED_FACE ( 'NONE', ( #1603 ), #3307, .T. ) ;
#2894 = CARTESIAN_POINT ( 'NONE',  ( 20.99999999999999645, 8.000000000000000000, -21.00000000000000000 ) ) ;
#2895 = DIRECTION ( 'NONE',  ( 8.704705614220536398E-16, -0.000000000000000000, 1.000000000000000000 ) ) ;
#2896 = VECTOR ( 'NONE', #5378, 1000.000000000000114 ) ;
#2897 = VECTOR ( 'NONE', #1122, 1000.000000000000000 ) ;
#2898 = DIRECTION ( 'NONE',  ( 0.000000000000000000, 0.000000000000000000, -1.000000000000000000 ) ) ;
#2899 = CIRCLE ( 'NONE', #566, 3.000000000000002665 ) ;
#2900 = VERTEX_POINT ( 'NONE', #230 ) ;
#2901 = FACE_OUTER_BOUND ( 'NONE', #3545, .T. ) ;
#2902 = CARTESIAN_POINT ( 'NONE',  ( 60.87867965644036872, -45.44951931716452975, -7.200000000000002842 ) ) ;
#2903 = CARTESIAN_POINT ( 'NONE',  ( 4.930380657631323784E-29, 1.000000000000000888, -4.199999999999939782 ) ) ;
#2904 = EDGE_LOOP ( 'NONE', ( #1943, #5291, #3985, #4067 ) ) ;
#2905 = VECTOR ( 'NONE', #3960, 1000.000000000000000 ) ;
#2906 = DIRECTION ( 'NONE',  ( 1.000000000000000000, -0.000000000000000000, -0.000000000000000000 ) ) ;
#2907 = VERTEX_POINT ( 'NONE', #4945 ) ;
#2908 = PLANE ( 'NONE',  #3190 ) ;
#2909 = EDGE_CURVE ( 'NONE', #3245, #1281, #5038, .T. ) ;
#2910 = ORIENTED_EDGE ( 'NONE', *, *, #2831, .F. ) ;
#2911 = DIRECTION ( 'NONE',  ( 0.000000000000000000, 1.000000000000000000, 0.000000000000000000 ) ) ;
#2912 = DIRECTION ( 'NONE',  ( 0.2181262695449070199, -0.9759205554421027662, 0.000000000000000000 ) ) ;
#2913 = DIRECTION ( 'NONE',  ( 0.000000000000000000, -1.000000000000000000, 0.000000000000000000 ) ) ;
#2914 = ORIENTED_EDGE ( 'NONE', *, *, #2678, .T. ) ;
#2915 = EDGE_CURVE ( 'NONE', #4605, #141, #1091, .T. ) ;
#2916 = CONICAL_SURFACE ( 'NONE', #5524, 21.00000000000000000, 0.7853981633974552734 ) ;
#2917 = CARTESIAN_POINT ( 'NONE',  ( 59.89999999999997726, -85.62499999999998579, -11.50000000000003020 ) ) ;
#2918 = VERTEX_POINT ( 'NONE', #2842 ) ;
#2919 = DIRECTION ( 'NONE',  ( 1.000000000000000000, -0.000000000000000000, -0.000000000000000000 ) ) ;
#2920 = LINE ( 'NONE', #3412, #1202 ) ;
#2921 = LINE ( 'NONE', #3877, #4195 ) ;
#2922 = EDGE_LOOP ( 'NONE', ( #304, #1645, #1917, #585 ) ) ;
#2923 = VECTOR ( 'NONE', #716, 1000.000000000000000 ) ;
#2924 = DIRECTION ( 'NONE',  ( 0.7071067811865549002, 0.000000000000000000, 0.7071067811865401342 ) ) ;
#2925 = UNCERTAINTY_MEASURE_WITH_UNIT (LENGTH_MEASURE( 1.000000000000000082E-05 ), #4196, 'distance_accuracy_value', 'NONE');
#2926 = DIRECTION ( 'NONE',  ( -0.000000000000000000, -0.000000000000000000, -1.000000000000000000 ) ) ;
#2927 = VECTOR ( 'NONE', #973, 1000.000000000000000 ) ;
#2928 = EDGE_LOOP ( 'NONE', ( #3332, #4154, #5194, #2126 ) ) ;
#2929 = ORIENTED_EDGE ( 'NONE', *, *, #664, .F. ) ;
#2930 = CARTESIAN_POINT ( 'NONE',  ( 50.89514804236022627, -39.79785578486985287, -3.997866774148375768 ) ) ;
#2931 = ORIENTED_EDGE ( 'NONE', *, *, #4049, .F. ) ;
#2932 = AXIS2_PLACEMENT_3D ( 'NONE', #4685, #4715, #2879 ) ;
#2933 = CARTESIAN_POINT ( 'NONE',  ( 62.56997467337698282, -43.75822430022793696, -18.60000000000000497 ) ) ;
#2934 = CARTESIAN_POINT ( 'NONE',  ( 50.18808331631544917, -36.63437161758102434, -40.99999999999992184 ) ) ;
#2935 = VERTEX_POINT ( 'NONE', #5398 ) ;
#2936 = DIRECTION ( 'NONE',  ( -0.2079116908177600920, 0.9781476007338054668, 0.000000000000000000 ) ) ;
#2937 = DIRECTION ( 'NONE',  ( 0.000000000000000000, 0.000000000000000000, -1.000000000000000000 ) ) ;
#2938 = DIRECTION ( 'NONE',  ( -1.467375195723603756E-30, 0.000000000000000000, -1.000000000000000000 ) ) ;
#2939 = EDGE_CURVE ( 'NONE', #4022, #1260, #674, .T. ) ;
#2940 = ORIENTED_EDGE ( 'NONE', *, *, #497, .T. ) ;
#2941 = DIRECTION ( 'NONE',  ( -1.000000000000000000, 1.841791997293421075E-16, 0.000000000000000000 ) ) ;
#2942 = CARTESIAN_POINT ( 'NONE',  ( 60.00000000000000000, -57.18147956208619576, 50.97570028453421997 ) ) ;
#2943 = EDGE_CURVE ( 'NONE', #1862, #1817, #2413, .T. ) ;
#2944 = CARTESIAN_POINT ( 'NONE',  ( 36.49999999999998579, 8.000000000000000000, -38.20000000000000995 ) ) ;
#2945 = VERTEX_POINT ( 'NONE', #788 ) ;
#2946 = LINE ( 'NONE', #870, #3156 ) ;
#2947 = DIRECTION ( 'NONE',  ( 3.304235192336775512E-16, -2.514091994169284236E-16, 1.000000000000000000 ) ) ;
#2948 = DIRECTION ( 'NONE',  ( 0.04430961977791336714, -0.9990178464848046280, 0.000000000000000000 ) ) ;
#2949 = VERTEX_POINT ( 'NONE', #814 ) ;
#2950 = PLANE ( 'NONE',  #306 ) ;
#2951 = EDGE_LOOP ( 'NONE', ( #2548, #3115, #2889, #860 ) ) ;
#2952 = DIRECTION ( 'NONE',  ( 0.4999999999999937828, -0.7071067811865523467, -0.4999999999999993894 ) ) ;
#2953 = EDGE_LOOP ( 'NONE', ( #3040, #5418, #4916, #3604 ) ) ;
#2954 = DIRECTION ( 'NONE',  ( 0.000000000000000000, 1.000000000000000000, 0.000000000000000000 ) ) ;
#2955 = DIRECTION ( 'NONE',  ( -0.000000000000000000, -1.000000000000000000, -0.000000000000000000 ) ) ;
#2956 = ORIENTED_EDGE ( 'NONE', *, *, #465, .F. ) ;
#2957 = AXIS2_PLACEMENT_3D ( 'NONE', #889, #2605, #1708 ) ;
#2958 = DIRECTION ( 'NONE',  ( 6.217646867300384409E-16, -0.000000000000000000, 1.000000000000000000 ) ) ;
#2959 = EDGE_CURVE ( 'NONE', #131, #3929, #656, .T. ) ;
#2960 = DIRECTION ( 'NONE',  ( -1.000000000000000000, 0.000000000000000000, -0.000000000000000000 ) ) ;
#2961 = FACE_OUTER_BOUND ( 'NONE', #2904, .T. ) ;
#2962 = EDGE_CURVE ( 'NONE', #4813, #2222, #4625, .T. ) ;
#2963 = ORIENTED_EDGE ( 'NONE', *, *, #609, .F. ) ;
#2964 = DIRECTION ( 'NONE',  ( 0.000000000000000000, 0.000000000000000000, -1.000000000000000000 ) ) ;
#2965 = EDGE_CURVE ( 'NONE', #4759, #109, #1198, .T. ) ;
#2966 = CARTESIAN_POINT ( 'NONE',  ( 36.50000000000000000, 0.000000000000000000, -7.200000000000011724 ) ) ;
#2967 = EDGE_CURVE ( 'NONE', #65, #431, #485, .T. ) ;
#2968 = LINE ( 'NONE', #810, #4095 ) ;
#2969 = ORIENTED_EDGE ( 'NONE', *, *, #471, .T. ) ;
#2970 = EDGE_LOOP ( 'NONE', ( #5140, #2752, #854 ) ) ;
#2971 = LINE ( 'NONE', #3851, #4792 ) ;
#2972 = FACE_OUTER_BOUND ( 'NONE', #520, .T. ) ;
#2973 = CARTESIAN_POINT ( 'NONE',  ( 20.99999999999999645, 8.000000000000000000, -21.00000000000000000 ) ) ;
#2974 = AXIS2_PLACEMENT_3D ( 'NONE', #2011, #2792, #1899 ) ;
#2975 = AXIS2_PLACEMENT_3D ( 'NONE', #124, #542, #3096 ) ;
#2976 = ADVANCED_FACE ( 'NONE', ( #2972 ), #3826, .F. ) ;
#2977 = ORIENTED_EDGE ( 'NONE', *, *, #3380, .T. ) ;
#2978 = AXIS2_PLACEMENT_3D ( 'NONE', #3225, #2365, #239 ) ;
#2979 = VECTOR ( 'NONE', #3457, 1000.000000000000000 ) ;
#2980 = ORIENTED_EDGE ( 'NONE', *, *, #5084, .F. ) ;
#2981 = DIRECTION ( 'NONE',  ( 0.000000000000000000, 0.7071067811865489050, 0.7071067811865460184 ) ) ;
#2982 = CARTESIAN_POINT ( 'NONE',  ( 59.39999999999999858, -88.87499999999997158, -11.50000000000003020 ) ) ;
#2983 = ORIENTED_EDGE ( 'NONE', *, *, #5419, .F. ) ;
#2984 = AXIS2_PLACEMENT_3D ( 'NONE', #961, #119, #1835 ) ;
#2985 = CARTESIAN_POINT ( 'NONE',  ( 42.87364948594030523, -3.908802426041738443, -12.75000000000000355 ) ) ;
#2986 = ORIENTED_EDGE ( 'NONE', *, *, #92, .T. ) ;
#2987 = ADVANCED_FACE ( 'NONE', ( #3797 ), #2525, .F. ) ;
#2988 = FACE_OUTER_BOUND ( 'NONE', #736, .T. ) ;
#2989 = DIRECTION ( 'NONE',  ( -0.04430961977791336714, 0.9990178464848046280, 0.000000000000000000 ) ) ;
#2990 = CARTESIAN_POINT ( 'NONE',  ( 60.00000000000000000, -47.57083966072418235, -26.40000000000000213 ) ) ;
#2991 = CARTESIAN_POINT ( 'NONE',  ( 48.15353161276342320, -9.999999999999994671, -19.50000000000000355 ) ) ;
#2992 = ADVANCED_FACE ( 'NONE', ( #4755, #4310, #2071, #14 ), #2105, .T. ) ;
#2993 = VECTOR ( 'NONE', #842, 1000.000000000000000 ) ;
#2994 = ORIENTED_EDGE ( 'NONE', *, *, #3238, .T. ) ;
#2995 = DIRECTION ( 'NONE',  ( 0.000000000000000000, 1.000000000000000000, 0.000000000000000000 ) ) ;
#2996 = LINE ( 'NONE', #1257, #661 ) ;
#2997 = VECTOR ( 'NONE', #4477, 999.9999999999998863 ) ;
#2998 = DIRECTION ( 'NONE',  ( 0.000000000000000000, 0.000000000000000000, 1.000000000000000000 ) ) ;
#2999 = ORIENTED_EDGE ( 'NONE', *, *, #472, .T. ) ;
#3000 = ADVANCED_FACE ( 'NONE', ( #871 ), #345, .F. ) ;
#3001 = EDGE_LOOP ( 'NONE', ( #30, #5103, #3715 ) ) ;
#3002 = VECTOR ( 'NONE', #3642, 1000.000000000000000 ) ;
#3003 = CARTESIAN_POINT ( 'NONE',  ( 60.00000000000001421, -3.928198973604922983, -7.199999999999997513 ) ) ;
#3004 = LINE ( 'NONE', #4732, #2813 ) ;
#3005 = CIRCLE ( 'NONE', #1572, 6.153531612763413428 ) ;
#3006 = DIRECTION ( 'NONE',  ( -0.000000000000000000, 1.000000000000000000, 0.000000000000000000 ) ) ;
#3007 = EDGE_CURVE ( 'NONE', #4377, #1371, #5549, .T. ) ;
#3008 = ORIENTED_EDGE ( 'NONE', *, *, #305, .F. ) ;
#3009 = AXIS2_PLACEMENT_3D ( 'NONE', #463, #166, #5184 ) ;
#3010 = DIRECTION ( 'NONE',  ( 0.2174420766755847112, -0.9728594024390662121, -0.07914244358694116910 ) ) ;
#3011 = CARTESIAN_POINT ( 'NONE',  ( 63.00000000000001421, -88.37500000000000000, -30.50000000000004263 ) ) ;
#3012 = ORIENTED_EDGE ( 'NONE', *, *, #3261, .T. ) ;
#3013 = CYLINDRICAL_SURFACE ( 'NONE', #5175, 1.699999999999999289 ) ;
#3014 = EDGE_CURVE ( 'NONE', #5226, #2322, #1661, .T. ) ;
#3015 = FACE_OUTER_BOUND ( 'NONE', #2238, .T. ) ;
#3016 = ORIENTED_EDGE ( 'NONE', *, *, #3014, .T. ) ;
#3017 = DIRECTION ( 'NONE',  ( -0.000000000000000000, -0.000000000000000000, -1.000000000000000000 ) ) ;
#3018 = ORIENTED_EDGE ( 'NONE', *, *, #1798, .T. ) ;
#3019 = LINE ( 'NONE', #3041, #3237 ) ;
#3020 = AXIS2_PLACEMENT_3D ( 'NONE', #770, #1271, #4233 ) ;
#3021 = DIRECTION ( 'NONE',  ( 0.000000000000000000, 0.000000000000000000, -1.000000000000000000 ) ) ;
#3022 = LINE ( 'NONE', #1073, #294 ) ;
#3023 = AXIS2_PLACEMENT_3D ( 'NONE', #3739, #3305, #2892 ) ;
#3024 = ORIENTED_EDGE ( 'NONE', *, *, #3693, .F. ) ;
#3025 = CARTESIAN_POINT ( 'NONE',  ( 59.89999999999997016, -87.00000000000000000, -21.00000000000003553 ) ) ;
#3026 = DIRECTION ( 'NONE',  ( 0.000000000000000000, 0.000000000000000000, -1.000000000000000000 ) ) ;
#3027 = CARTESIAN_POINT ( 'NONE',  ( 54.80000000000000426, -86.99999999999998579, -37.50000000000003553 ) ) ;
#3028 = EDGE_LOOP ( 'NONE', ( #3951, #1243, #3239, #4100 ) ) ;
#3029 = VERTEX_POINT ( 'NONE', #3394 ) ;
#3030 = CARTESIAN_POINT ( 'NONE',  ( 85.15592597064392066, 29.89375286150325550, -7.200000000000001066 ) ) ;
#3031 = ADVANCED_FACE ( 'NONE', ( #3883, #5125, #5066, #1264, #2558, #4283 ), #429, .F. ) ;
#3032 = CYLINDRICAL_SURFACE ( 'NONE', #1461, 12.99999999999999467 ) ;
#3033 = ORIENTED_EDGE ( 'NONE', *, *, #1483, .F. ) ;
#3034 = CARTESIAN_POINT ( 'NONE',  ( 53.16409948680210107, -53.16409948680272635, -18.59999999999999076 ) ) ;
#3035 = ORIENTED_EDGE ( 'NONE', *, *, #8, .T. ) ;
#3036 = EDGE_CURVE ( 'NONE', #1241, #1693, #3004, .T. ) ;
#3037 = LINE ( 'NONE', #3971, #1095 ) ;
#3038 = ORIENTED_EDGE ( 'NONE', *, *, #4455, .T. ) ;
#3039 = CARTESIAN_POINT ( 'NONE',  ( 63.80000000000001137, -3.928198973604922983, -7.199999999999998401 ) ) ;
#3040 = ORIENTED_EDGE ( 'NONE', *, *, #472, .F. ) ;
#3041 = CARTESIAN_POINT ( 'NONE',  ( 64.00000000000001421, -76.00000000000002842, 50.97570028453421997 ) ) ;
#3042 = LINE ( 'NONE', #3438, #4277 ) ;
#3043 = DIRECTION ( 'NONE',  ( 0.7071067811865514585, 0.000000000000000000, 0.7071067811865435759 ) ) ;
#3044 = AXIS2_PLACEMENT_3D ( 'NONE', #1596, #5089, #3166 ) ;
#3045 = CARTESIAN_POINT ( 'NONE',  ( 42.00000000000000000, 0.000000000000000000, -23.90000000000003055 ) ) ;
#3046 = ORIENTED_EDGE ( 'NONE', *, *, #260, .T. ) ;
#3047 = DIRECTION ( 'NONE',  ( 0.04430961977791336714, -0.9990178464848046280, 0.000000000000000000 ) ) ;
#3048 = CARTESIAN_POINT ( 'NONE',  ( 64.00000000000001421, -87.00000000000000000, -21.00000000000003553 ) ) ;
#3049 = VECTOR ( 'NONE', #442, 1000.000000000000000 ) ;
#3050 = CARTESIAN_POINT ( 'NONE',  ( 60.27433276148052954, 8.000000000000000000, -0.9999999999999585887 ) ) ;
#3051 = ORIENTED_EDGE ( 'NONE', *, *, #3798, .F. ) ;
#3052 = ORIENTED_EDGE ( 'NONE', *, *, #1582, .T. ) ;
#3053 = LINE ( 'NONE', #1452, #841 ) ;
#3054 = VERTEX_POINT ( 'NONE', #2161 ) ;
#3055 = ORIENTED_EDGE ( 'NONE', *, *, #3758, .F. ) ;
#3056 = CARTESIAN_POINT ( 'NONE',  ( 42.00000000000000711, -0.000000000000000000, 6.938893903907223644E-15 ) ) ;
#3057 = CYLINDRICAL_SURFACE ( 'NONE', #836, 1.700000000000000178 ) ;
#3058 = ORIENTED_EDGE ( 'NONE', *, *, #1121, .F. ) ;
#3059 = VECTOR ( 'NONE', #3746, 1000.000000000000000 ) ;
#3060 = VECTOR ( 'NONE', #3121, 1000.000000000000114 ) ;
#3061 = DIRECTION ( 'NONE',  ( 0.7071067811865401342, 0.000000000000000000, -0.7071067811865549002 ) ) ;
#3062 = ORIENTED_EDGE ( 'NONE', *, *, #5319, .T. ) ;
#3063 = CARTESIAN_POINT ( 'NONE',  ( 50.18808331631544917, -36.63437161758102434, -38.25948373983148088 ) ) ;
#3064 = ADVANCED_FACE ( 'NONE', ( #44 ), #3899, .F. ) ;
#3065 = CIRCLE ( 'NONE', #558, 1.930000000000001048 ) ;
#3066 = AXIS2_PLACEMENT_3D ( 'NONE', #5460, #281, #4593 ) ;
#3067 = ORIENTED_EDGE ( 'NONE', *, *, #3386, .T. ) ;
#3068 = DIRECTION ( 'NONE',  ( -1.000000000000000000, -0.000000000000000000, -0.000000000000000000 ) ) ;
#3069 = CARTESIAN_POINT ( 'NONE',  ( 42.00000000000001421, -7.041417938418593734E-15, -1.000000000000049516 ) ) ;
#3070 = AXIS2_PLACEMENT_3D ( 'NONE', #2595, #5162, #3893 ) ;
#3071 = AXIS2_PLACEMENT_3D ( 'NONE', #4703, #1716, #3418 ) ;
#3072 = EDGE_CURVE ( 'NONE', #1260, #4207, #2638, .T. ) ;
#3073 = EDGE_LOOP ( 'NONE', ( #2593, #3855, #3531, #3614 ) ) ;
#3074 = EDGE_CURVE ( 'NONE', #5062, #473, #399, .T. ) ;
#3075 = CIRCLE ( 'NONE', #1827, 1.000000000000000888 ) ;
#3076 = CARTESIAN_POINT ( 'NONE',  ( 63.80000000000001137, -35.92819897360492121, -31.20000000000000639 ) ) ;
#3077 = VECTOR ( 'NONE', #2873, 1000.000000000000000 ) ;
#3078 = DIRECTION ( 'NONE',  ( -0.000000000000000000, -0.000000000000000000, -1.000000000000000000 ) ) ;
#3079 = EDGE_CURVE ( 'NONE', #4711, #180, #2242, .T. ) ;
#3080 = CARTESIAN_POINT ( 'NONE',  ( 52.00000000000002132, -46.18523055774767272, -27.84999999999997655 ) ) ;
#3081 = ORIENTED_EDGE ( 'NONE', *, *, #3979, .T. ) ;
#3082 = ADVANCED_FACE ( 'NONE', ( #554 ), #3479, .T. ) ;
#3083 = EDGE_LOOP ( 'NONE', ( #2764, #5092 ) ) ;
#3084 = FACE_OUTER_BOUND ( 'NONE', #2486, .T. ) ;
#3085 = EDGE_LOOP ( 'NONE', ( #1113, #3497, #4216, #980, #4778 ) ) ;
#3086 = VECTOR ( 'NONE', #1532, 1000.000000000000000 ) ;
#3087 = EDGE_LOOP ( 'NONE', ( #2465, #3369, #5239, #84 ) ) ;
#3088 = CARTESIAN_POINT ( 'NONE',  ( 53.80000000000001137, -69.35331204931708271, -40.99999999999992184 ) ) ;
#3089 = ORIENTED_EDGE ( 'NONE', *, *, #2736, .T. ) ;
#3090 = AXIS2_PLACEMENT_3D ( 'NONE', #3069, #906, #4385 ) ;
#3091 = CARTESIAN_POINT ( 'NONE',  ( 42.00000000000001421, 0.000000000000000000, -39.00000000000000000 ) ) ;
#3092 = ORIENTED_EDGE ( 'NONE', *, *, #1007, .F. ) ;
#3093 = EDGE_CURVE ( 'NONE', #4207, #4664, #112, .T. ) ;
#3094 = CONICAL_SURFACE ( 'NONE', #5535, 17.00000000000006750, 0.7853981633974517207 ) ;
#3095 = ORIENTED_EDGE ( 'NONE', *, *, #4807, .F. ) ;
#3096 = DIRECTION ( 'NONE',  ( 0.000000000000000000, 0.000000000000000000, 1.000000000000000000 ) ) ;
#3097 = CARTESIAN_POINT ( 'NONE',  ( 52.00000000000001421, -9.999999999999994671, -18.09999999999997655 ) ) ;
#3098 = VECTOR ( 'NONE', #2291, 1000.000000000000114 ) ;
#3099 = EDGE_LOOP ( 'NONE', ( #2983, #523, #3553, #1459, #1169 ) ) ;
#3100 = VERTEX_POINT ( 'NONE', #1826 ) ;
#3101 = CIRCLE ( 'NONE', #3829, 1.375000000000001332 ) ;
#3102 = DIRECTION ( 'NONE',  ( -0.000000000000000000, 0.000000000000000000, 1.000000000000000000 ) ) ;
#3103 = DIRECTION ( 'NONE',  ( 0.000000000000000000, -0.7071067811865496822, 0.7071067811865453523 ) ) ;
#3104 = CARTESIAN_POINT ( 'NONE',  ( 54.80000000000003268, -69.35331204931708271, -3.016802260014148556E-14 ) ) ;
#3105 = ORIENTED_EDGE ( 'NONE', *, *, #3518, .T. ) ;
#3106 = EDGE_CURVE ( 'NONE', #2900, #65, #2664, .T. ) ;
#3107 = AXIS2_PLACEMENT_3D ( 'NONE', #2324, #4321, #5347 ) ;
#3108 = VERTEX_POINT ( 'NONE', #4397 ) ;
#3109 = EDGE_CURVE ( 'NONE', #3197, #2620, #3053, .T. ) ;
#3110 = DIRECTION ( 'NONE',  ( 0.6785983445458422247, -0.6785983445458515506, -0.2810846377148207287 ) ) ;
#3111 = ADVANCED_FACE ( 'NONE', ( #2220 ), #922, .T. ) ;
#3112 = DIRECTION ( 'NONE',  ( 1.467375195723603756E-30, 0.000000000000000000, 1.000000000000000000 ) ) ;
#3113 = ORIENTED_EDGE ( 'NONE', *, *, #3093, .F. ) ;
#3114 = PRODUCT_DEFINITION_SHAPE ( 'NONE', 'NONE',  #4552 ) ;
#3115 = ORIENTED_EDGE ( 'NONE', *, *, #799, .F. ) ;
#3116 = CARTESIAN_POINT ( 'NONE',  ( 59.90000000000002700, -85.62499999999998579, -32.75000000000003553 ) ) ;
#3117 = VERTEX_POINT ( 'NONE', #4888 ) ;
#3118 = LINE ( 'NONE', #2645, #2446 ) ;
#3119 = ORIENTED_EDGE ( 'NONE', *, *, #5002, .F. ) ;
#3120 = ORIENTED_EDGE ( 'NONE', *, *, #568, .F. ) ;
#3121 = DIRECTION ( 'NONE',  ( -0.7071067811865411334, 0.000000000000000000, 0.7071067811865539010 ) ) ;
#3122 = CARTESIAN_POINT ( 'NONE',  ( 42.00000000000001421, -9.999999999999994671, -33.65000000000002700 ) ) ;
#3123 = DIRECTION ( 'NONE',  ( -0.000000000000000000, -0.000000000000000000, 1.000000000000000000 ) ) ;
#3124 = ORIENTED_EDGE ( 'NONE', *, *, #2223, .T. ) ;
#3125 = EDGE_CURVE ( 'NONE', #1384, #3636, #3621, .T. ) ;
#3126 = DIRECTION ( 'NONE',  ( 1.000000000000000000, -0.000000000000000000, 0.000000000000000000 ) ) ;
#3127 = CARTESIAN_POINT ( 'NONE',  ( 64.00000000000001421, -87.00000000000000000, -18.10000000000004050 ) ) ;
#3128 = ORIENTED_EDGE ( 'NONE', *, *, #5357, .F. ) ;
#3129 = VERTEX_POINT ( 'NONE', #5229 ) ;
#3130 = AXIS2_PLACEMENT_3D ( 'NONE', #1076, #3670, #5413 ) ;
#3131 = CARTESIAN_POINT ( 'NONE',  ( 64.00000000000001421, -76.00000000000002842, -15.60000000000000675 ) ) ;
#3132 = CARTESIAN_POINT ( 'NONE',  ( 62.56997467337698282, -43.75822430022792986, -7.800000000000032685 ) ) ;
#3133 = ORIENTED_EDGE ( 'NONE', *, *, #903, .T. ) ;
#3134 = VERTEX_POINT ( 'NONE', #5288 ) ;
#3135 = ADVANCED_FACE ( 'NONE', ( #978 ), #3939, .F. ) ;
#3136 = CARTESIAN_POINT ( 'NONE',  ( 4.200000000000000178, 8.000000000000000000, 1.387778780781445676E-14 ) ) ;
#3137 = ORIENTED_EDGE ( 'NONE', *, *, #3624, .F. ) ;
#3138 = ADVANCED_FACE ( 'NONE', ( #3084 ), #570, .F. ) ;
#3139 = CARTESIAN_POINT ( 'NONE',  ( 4.614213562373092437, 0.000000000000000000, -41.00000000000002132 ) ) ;
#3140 = ORIENTED_EDGE ( 'NONE', *, *, #4572, .T. ) ;
#3141 = VERTEX_POINT ( 'NONE', #3988 ) ;
#3142 = DIRECTION ( 'NONE',  ( -0.7071067811865475727, -0.7071067811865475727, -0.000000000000000000 ) ) ;
#3143 = FACE_OUTER_BOUND ( 'NONE', #2884, .T. ) ;
#3144 = LINE ( 'NONE', #1500, #5053 ) ;
#3145 = VERTEX_POINT ( 'NONE', #139 ) ;
#3146 = AXIS2_PLACEMENT_3D ( 'NONE', #2624, #1840, #940 ) ;
#3147 = VECTOR ( 'NONE', #3662, 1000.000000000000000 ) ;
#3148 = ORIENTED_EDGE ( 'NONE', *, *, #1915, .F. ) ;
#3149 =( GEOMETRIC_REPRESENTATION_CONTEXT ( 3 ) GLOBAL_UNCERTAINTY_ASSIGNED_CONTEXT ( ( #1346 ) ) GLOBAL_UNIT_ASSIGNED_CONTEXT ( ( #1157, #4604, #437 ) ) REPRESENTATION_CONTEXT ( 'NONE', 'WORKASPACE' ) );
#3150 = AXIS2_PLACEMENT_3D ( 'NONE', #3167, #4785, #1774 ) ;
#3151 = DIRECTION ( 'NONE',  ( -0.6900800426524498210, -0.1542385643501308357, 0.7071067811865500152 ) ) ;
#3152 = DIRECTION ( 'NONE',  ( -1.000000000000000000, 0.000000000000000000, -0.000000000000000000 ) ) ;
#3153 = VERTEX_POINT ( 'NONE', #3563 ) ;
#3154 = DIRECTION ( 'NONE',  ( 0.7071067811865435759, 0.000000000000000000, 0.7071067811865515695 ) ) ;
#3155 = CIRCLE ( 'NONE', #121, 1.000000000000000888 ) ;
#3156 = VECTOR ( 'NONE', #2104, 1000.000000000000000 ) ;
#3157 = EDGE_LOOP ( 'NONE', ( #3763, #4879, #2159, #3690 ) ) ;
#3158 = CARTESIAN_POINT ( 'NONE',  ( 50.18808331631544917, -36.63437161758102434, -13.49051626016852623 ) ) ;
#3159 = CARTESIAN_POINT ( 'NONE',  ( 52.00000000000002132, -46.18523055774767272, -27.84999999999997655 ) ) ;
#3160 = AXIS2_PLACEMENT_3D ( 'NONE', #317, #3713, #644 ) ;
#3161 = CARTESIAN_POINT ( 'NONE',  ( 1.000000000000000888, 8.000000000000000000, -1.467375195723605158E-30 ) ) ;
#3162 = ORIENTED_EDGE ( 'NONE', *, *, #4772, .F. ) ;
#3163 = EDGE_CURVE ( 'NONE', #3145, #2725, #1424, .T. ) ;
#3164 = DIRECTION ( 'NONE',  ( 1.000000000000000000, 9.598933135901296437E-32, -5.256737805990325036E-16 ) ) ;
#3165 = VECTOR ( 'NONE', #1940, 1000.000000000000000 ) ;
#3166 = DIRECTION ( 'NONE',  ( 0.000000000000000000, 0.000000000000000000, -1.000000000000000000 ) ) ;
#3167 = CARTESIAN_POINT ( 'NONE',  ( 52.00000000000001421, -108.0000000000000000, -9.797174393178803964E-16 ) ) ;
#3168 = LINE ( 'NONE', #4895, #3249 ) ;
#3169 = ORIENTED_EDGE ( 'NONE', *, *, #2876, .T. ) ;
#3170 = EDGE_CURVE ( 'NONE', #2301, #2430, #2718, .T. ) ;
#3171 = ORIENTED_EDGE ( 'NONE', *, *, #3378, .T. ) ;
#3172 = AXIS2_PLACEMENT_3D ( 'NONE', #4751, #2185, #4411 ) ;
#3173 = LINE ( 'NONE', #1046, #193 ) ;
#3174 = PLANE ( 'NONE',  #945 ) ;
#3175 = CARTESIAN_POINT ( 'NONE',  ( 53.80000000000001137, -69.35331204931708271, 33.00000000000000711 ) ) ;
#3176 = ORIENTED_EDGE ( 'NONE', *, *, #1692, .F. ) ;
#3177 = CIRCLE ( 'NONE', #761, 10.00000000000000178 ) ;
#3178 = EDGE_LOOP ( 'NONE', ( #4186, #48, #5237, #2026, #5213 ) ) ;
#3179 = CYLINDRICAL_SURFACE ( 'NONE', #272, 1.699999999999999289 ) ;
#3180 = CARTESIAN_POINT ( 'NONE',  ( 59.39999999999999858, -70.49999999999998579, -21.00000000000003197 ) ) ;
#3181 = CONICAL_SURFACE ( 'NONE', #5082, 12.99999999999999645, 0.7853981633974498333 ) ;
#3182 = DIRECTION ( 'NONE',  ( 1.652117596168386277E-16, 0.000000000000000000, -1.000000000000000000 ) ) ;
#3183 = CARTESIAN_POINT ( 'NONE',  ( 59.99999999999999289, -3.928198973604922983, -2.999999999999988898 ) ) ;
#3184 = ORIENTED_EDGE ( 'NONE', *, *, #1777, .T. ) ;
#3185 = LINE ( 'NONE', #4938, #676 ) ;
#3186 = VECTOR ( 'NONE', #365, 1000.000000000000000 ) ;
#3187 = ORIENTED_EDGE ( 'NONE', *, *, #1710, .F. ) ;
#3188 = CARTESIAN_POINT ( 'NONE',  ( 50.89514804236023338, -39.79785578486989550, -33.24786677414839176 ) ) ;
#3189 = CARTESIAN_POINT ( 'NONE',  ( 42.87364948594030523, -3.908802426041745548, -32.25000000000000000 ) ) ;
#3190 = AXIS2_PLACEMENT_3D ( 'NONE', #2058, #4179, #3350 ) ;
#3191 = CARTESIAN_POINT ( 'NONE',  ( 63.00000000000001421, -47.57083966072418946, -4.965676038726633608E-14 ) ) ;
#3192 = VERTEX_POINT ( 'NONE', #2296 ) ;
#3193 = CARTESIAN_POINT ( 'NONE',  ( 63.80000000000001137, -35.92819897360492121, -18.60000000000000497 ) ) ;
#3194 = CARTESIAN_POINT ( 'NONE',  ( 50.18808331631544917, -36.63437161758102434, -39.00000000000000000 ) ) ;
#3195 = EDGE_CURVE ( 'NONE', #849, #3858, #4015, .T. ) ;
#3196 = LINE ( 'NONE', #3252, #2352 ) ;
#3197 = VERTEX_POINT ( 'NONE', #4918 ) ;
#3198 = CARTESIAN_POINT ( 'NONE',  ( 48.15353161276343030, -9.999999999999994671, -39.00000000000000000 ) ) ;
#3199 = ADVANCED_FACE ( 'NONE', ( #4074 ), #310, .F. ) ;
#3200 = EDGE_CURVE ( 'NONE', #1693, #5507, #4264, .T. ) ;
#3201 = CARTESIAN_POINT ( 'NONE',  ( 42.00000000000001421, 0.000000000000000000, -27.84999999999997655 ) ) ;
#3202 = DIRECTION ( 'NONE',  ( -1.000000000000000000, 0.000000000000000000, 8.704705614220536398E-16 ) ) ;
#3203 = PLANE ( 'NONE',  #1585 ) ;
#3204 = ORIENTED_EDGE ( 'NONE', *, *, #3109, .T. ) ;
#3205 = DIRECTION ( 'NONE',  ( 0.000000000000000000, 0.000000000000000000, 1.000000000000000000 ) ) ;
#3206 = CARTESIAN_POINT ( 'NONE',  ( 48.15353161276343030, -9.999999999999994671, -22.50000000000000355 ) ) ;
#3207 = CARTESIAN_POINT ( 'NONE',  ( 63.80000000000001137, -42.52819897360492263, -7.200000000000002842 ) ) ;
#3208 = ORIENTED_EDGE ( 'NONE', *, *, #305, .T. ) ;
#3209 = EDGE_CURVE ( 'NONE', #2322, #2567, #722, .T. ) ;
#3210 = VERTEX_POINT ( 'NONE', #1537 ) ;
#3211 = CARTESIAN_POINT ( 'NONE',  ( 60.03829727351607914, -9.246736463775469872, -42.00000000000003553 ) ) ;
#3212 = CARTESIAN_POINT ( 'NONE',  ( 42.00000000000000711, -9.999999999999994671, -12.75000000000000355 ) ) ;
#3213 = CARTESIAN_POINT ( 'NONE',  ( 64.00000000000001421, -76.00000000000002842, -39.00000000000000000 ) ) ;
#3214 = VERTEX_POINT ( 'NONE', #613 ) ;
#3215 = CARTESIAN_POINT ( 'NONE',  ( 64.00000000000001421, -76.00000000000002842, -15.60000000000000675 ) ) ;
#3216 = CIRCLE ( 'NONE', #5298, 1.899999999999999023 ) ;
#3217 = CARTESIAN_POINT ( 'NONE',  ( 63.00000000000001421, -89.37500000000000000, -30.50000000000004263 ) ) ;
#3218 = DIRECTION ( 'NONE',  ( 0.2181262695449070199, -0.9759205554421027662, 0.000000000000000000 ) ) ;
#3219 = CARTESIAN_POINT ( 'NONE',  ( 64.00000000000001421, -76.00000000000002842, 50.97570028453421997 ) ) ;
#3220 = EDGE_CURVE ( 'NONE', #2202, #2760, #3441, .T. ) ;
#3221 = ORIENTED_EDGE ( 'NONE', *, *, #164, .F. ) ;
#3222 = DIRECTION ( 'NONE',  ( -0.2079116908177600920, 0.9781476007338054668, 0.000000000000000000 ) ) ;
#3223 = FACE_OUTER_BOUND ( 'NONE', #693, .T. ) ;
#3224 = CARTESIAN_POINT ( 'NONE',  ( 61.03731512000088344, -9.202426843997557171, -1.500000000000002220 ) ) ;
#3225 = CARTESIAN_POINT ( 'NONE',  ( 60.00000000000001421, 8.000000000000000000, -3.469446951953614189E-14 ) ) ;
#3226 = EDGE_LOOP ( 'NONE', ( #1323, #3358, #5523, #2880, #1707, #3081, #4607, #884 ) ) ;
#3227 = ADVANCED_FACE ( 'NONE', ( #3677 ), #190, .F. ) ;
#3228 = ADVANCED_FACE ( 'NONE', ( #1960 ), #4980, .F. ) ;
#3229 = DIRECTION ( 'NONE',  ( 1.000000000000000000, 9.598933135901296437E-32, -5.256737805990325036E-16 ) ) ;
#3230 = ORIENTED_EDGE ( 'NONE', *, *, #4630, .T. ) ;
#3231 = CARTESIAN_POINT ( 'NONE',  ( 64.00000000000001421, -84.62499999999998579, -9.250000000000037303 ) ) ;
#3232 = DIRECTION ( 'NONE',  ( 0.000000000000000000, -1.000000000000000000, 0.000000000000000000 ) ) ;
#3233 = ADVANCED_FACE ( 'NONE', ( #3243 ), #2348, .F. ) ;
#3234 = AXIS2_PLACEMENT_3D ( 'NONE', #1809, #3574, #2450 ) ;
#3235 = LINE ( 'NONE', #2769, #837 ) ;
#3236 = VERTEX_POINT ( 'NONE', #3189 ) ;
#3237 = VECTOR ( 'NONE', #5560, 1000.000000000000000 ) ;
#3238 = EDGE_CURVE ( 'NONE', #2640, #3946, #4717, .T. ) ;
#3239 = ORIENTED_EDGE ( 'NONE', *, *, #2564, .T. ) ;
#3240 = CIRCLE ( 'NONE', #1449, 19.99999999999997158 ) ;
#3241 = VECTOR ( 'NONE', #3010, 1000.000000000000114 ) ;
#3242 = DIRECTION ( 'NONE',  ( -5.256737805990325036E-16, 0.000000000000000000, -1.000000000000000000 ) ) ;
#3243 = FACE_OUTER_BOUND ( 'NONE', #4479, .T. ) ;
#3244 = CARTESIAN_POINT ( 'NONE',  ( 60.00000000000000711, -47.57083966072418235, -26.40000000000000213 ) ) ;
#3245 = VERTEX_POINT ( 'NONE', #1061 ) ;
#3246 = CIRCLE ( 'NONE', #562, 1.375000000000001332 ) ;
#3247 = DIRECTION ( 'NONE',  ( -0.7071067811865517916, -0.7071067811865433539, -0.000000000000000000 ) ) ;
#3248 = DIRECTION ( 'NONE',  ( 1.000000000000000000, 9.598933135901296437E-32, -5.256737805990325036E-16 ) ) ;
#3249 = VECTOR ( 'NONE', #2756, 1000.000000000000000 ) ;
#3250 = VECTOR ( 'NONE', #4528, 1000.000000000000000 ) ;
#3251 = CARTESIAN_POINT ( 'NONE',  ( 50.18808331631544917, -36.63437161758102434, -28.50948373983148443 ) ) ;
#3252 = CARTESIAN_POINT ( 'NONE',  ( 64.00000000000001421, -76.00000000000002842, -3.000000000000002665 ) ) ;
#3253 = VECTOR ( 'NONE', #3590, 1000.000000000000227 ) ;
#3254 = ORIENTED_EDGE ( 'NONE', *, *, #2316, .F. ) ;
#3255 = CARTESIAN_POINT ( 'NONE',  ( 63.00000000000000000, -47.57083966072418235, -34.19999999999998863 ) ) ;
#3256 = CARTESIAN_POINT ( 'NONE',  ( 59.89999999999997726, -85.62499999999998579, -11.50000000000003020 ) ) ;
#3257 = AXIS2_PLACEMENT_3D ( 'NONE', #5480, #5060, #4278 ) ;
#3258 = DIRECTION ( 'NONE',  ( 0.000000000000000000, 0.000000000000000000, -1.000000000000000000 ) ) ;
#3259 = DIRECTION ( 'NONE',  ( 0.000000000000000000, 0.000000000000000000, -1.000000000000000000 ) ) ;
#3260 = VERTEX_POINT ( 'NONE', #4561 ) ;
#3261 = EDGE_CURVE ( 'NONE', #4138, #3524, #3620, .T. ) ;
#3262 = CARTESIAN_POINT ( 'NONE',  ( 52.00000000000001421, -108.0000000000000000, -18.09999999999997655 ) ) ;
#3263 = ORIENTED_EDGE ( 'NONE', *, *, #63, .F. ) ;
#3264 = DIRECTION ( 'NONE',  ( 1.000000000000000000, -0.000000000000000000, -0.000000000000000000 ) ) ;
#3265 = EDGE_CURVE ( 'NONE', #3673, #1693, #2434, .T. ) ;
#3266 = EDGE_CURVE ( 'NONE', #116, #4171, #3648, .T. ) ;
#3267 = FACE_OUTER_BOUND ( 'NONE', #4512, .T. ) ;
#3268 = AXIS2_PLACEMENT_3D ( 'NONE', #522, #56, #1389 ) ;
#3269 = DIRECTION ( 'NONE',  ( 1.652117596168386277E-16, 0.000000000000000000, -1.000000000000000000 ) ) ;
#3270 = ORIENTED_EDGE ( 'NONE', *, *, #2212, .F. ) ;
#3271 = EDGE_LOOP ( 'NONE', ( #5247, #1376, #1140, #4947 ) ) ;
#3272 = AXIS2_PLACEMENT_3D ( 'NONE', #238, #2818, #3688 ) ;
#3273 = CARTESIAN_POINT ( 'NONE',  ( 63.00000000000001421, -84.62499999999998579, -32.75000000000003553 ) ) ;
#3274 = LINE ( 'NONE', #4972, #3696 ) ;
#3275 = LINE ( 'NONE', #5005, #2551 ) ;
#3276 = EDGE_CURVE ( 'NONE', #5310, #172, #2099, .T. ) ;
#3277 = CARTESIAN_POINT ( 'NONE',  ( 42.87364948594030523, -3.908802426041734446, -19.50000000000000355 ) ) ;
#3278 = ORIENTED_EDGE ( 'NONE', *, *, #3281, .F. ) ;
#3279 = VECTOR ( 'NONE', #1685, 1000.000000000000000 ) ;
#3280 = EDGE_CURVE ( 'NONE', #131, #137, #2407, .T. ) ;
#3281 = EDGE_CURVE ( 'NONE', #3636, #274, #1083, .T. ) ;
#3282 = DIRECTION ( 'NONE',  ( 0.000000000000000000, -1.000000000000000000, -5.392922723243960303E-16 ) ) ;
#3283 = CARTESIAN_POINT ( 'NONE',  ( 42.87364948594030523, -3.908802426041745548, -32.25000000000000000 ) ) ;
#3284 = DIRECTION ( 'NONE',  ( -0.000000000000000000, -0.000000000000000000, -1.000000000000000000 ) ) ;
#3285 = AXIS2_PLACEMENT_3D ( 'NONE', #439, #2570, #1781 ) ;
#3286 = ORIENTED_EDGE ( 'NONE', *, *, #3856, .F. ) ;
#3287 = DIRECTION ( 'NONE',  ( -0.6900800426524562603, -0.1542385643501291426, -0.7071067811865441310 ) ) ;
#3288 = DIRECTION ( 'NONE',  ( 0.7071067811865574537, 0.7071067811865376918, 0.000000000000000000 ) ) ;
#3289 = CARTESIAN_POINT ( 'NONE',  ( 63.80000000000001137, -7.228198973604920141, -31.47749999999999915 ) ) ;
#3290 = DIRECTION ( 'NONE',  ( -0.000000000000000000, -1.000000000000000000, -0.000000000000000000 ) ) ;
#3291 = CARTESIAN_POINT ( 'NONE',  ( 64.00000000000001421, -87.00000000000000000, -23.90000000000003411 ) ) ;
#3292 = DIRECTION ( 'NONE',  ( 0.000000000000000000, 1.000000000000000000, 0.000000000000000000 ) ) ;
#3293 = ORIENTED_EDGE ( 'NONE', *, *, #1412, .T. ) ;
#3294 = DIRECTION ( 'NONE',  ( 0.9990178464848046280, 0.04430961977791336714, 0.000000000000000000 ) ) ;
#3295 = CARTESIAN_POINT ( 'NONE',  ( 52.00000000000002132, -46.18523055774773667, -37.59999999999997300 ) ) ;
#3296 = LINE ( 'NONE', #659, #1819 ) ;
#3297 = ORIENTED_EDGE ( 'NONE', *, *, #1530, .T. ) ;
#3298 = DIRECTION ( 'NONE',  ( 0.04430961977791336714, -0.9990178464848046280, 0.000000000000000000 ) ) ;
#3299 = EDGE_CURVE ( 'NONE', #4379, #2255, #490, .T. ) ;
#3300 = ORIENTED_EDGE ( 'NONE', *, *, #228, .T. ) ;
#3301 = CARTESIAN_POINT ( 'NONE',  ( 20.99999999999999645, 8.000000000000000000, -36.99999999999997868 ) ) ;
#3302 = DIRECTION ( 'NONE',  ( -0.000000000000000000, -0.000000000000000000, -1.000000000000000000 ) ) ;
#3303 = DIRECTION ( 'NONE',  ( 0.000000000000000000, 1.000000000000000000, 0.000000000000000000 ) ) ;
#3304 = ORIENTED_EDGE ( 'NONE', *, *, #5276, .F. ) ;
#3305 = DIRECTION ( 'NONE',  ( 1.652117596168386277E-16, 0.000000000000000000, -1.000000000000000000 ) ) ;
#3306 = DIRECTION ( 'NONE',  ( 0.000000000000000000, -1.000000000000000000, 0.000000000000000000 ) ) ;
#3307 = PLANE ( 'NONE',  #4974 ) ;
#3308 = DIRECTION ( 'NONE',  ( -1.000000000000000000, -0.000000000000000000, 3.304235192336776005E-16 ) ) ;
#3309 = AXIS2_PLACEMENT_3D ( 'NONE', #3273, #5003, #1141 ) ;
#3310 = EDGE_CURVE ( 'NONE', #4453, #334, #1657, .T. ) ;
#3311 = ORIENTED_EDGE ( 'NONE', *, *, #3740, .T. ) ;
#3312 = DIRECTION ( 'NONE',  ( -1.000000000000000000, -0.000000000000000000, 3.304235192336776005E-16 ) ) ;
#3313 = DIRECTION ( 'NONE',  ( 1.652117596168386277E-16, 0.000000000000000000, -1.000000000000000000 ) ) ;
#3314 = AXIS2_PLACEMENT_3D ( 'NONE', #3640, #3555, #5281 ) ;
#3315 = EDGE_CURVE ( 'NONE', #2228, #3442, #3275, .T. ) ;
#3316 = CARTESIAN_POINT ( 'NONE',  ( 59.39999999999999858, -86.99999999999998579, -21.00000000000003553 ) ) ;
#3317 = DIRECTION ( 'NONE',  ( 3.304235192336775512E-16, -2.514091994169284236E-16, 1.000000000000000000 ) ) ;
#3318 = ORIENTED_EDGE ( 'NONE', *, *, #2044, .T. ) ;
#3319 = PLANE ( 'NONE',  #5321 ) ;
#3320 = CARTESIAN_POINT ( 'NONE',  ( 5.499999999999991118, 8.000000000000000000, -3.800000000000011813 ) ) ;
#3321 = ORIENTED_EDGE ( 'NONE', *, *, #4598, .F. ) ;
#3322 = FACE_OUTER_BOUND ( 'NONE', #4842, .T. ) ;
#3323 = DIRECTION ( 'NONE',  ( 1.000000000000000000, 9.598933135901296437E-32, -5.256737805990325036E-16 ) ) ;
#3324 = CARTESIAN_POINT ( 'NONE',  ( 48.15353161276343030, 0.000000000000000000, -22.50000000000000355 ) ) ;
#3325 = VERTEX_POINT ( 'NONE', #339 ) ;
#3326 = EDGE_LOOP ( 'NONE', ( #1086, #1570, #3119, #207, #123 ) ) ;
#3327 = DIRECTION ( 'NONE',  ( 1.000000000000000000, -0.000000000000000000, 0.000000000000000000 ) ) ;
#3328 = CARTESIAN_POINT ( 'NONE',  ( 65.38182725906868598, -104.6128276687175997, -3.479413197607013064 ) ) ;
#3329 = AXIS2_PLACEMENT_3D ( 'NONE', #101, #4871, #521 ) ;
#3330 = CARTESIAN_POINT ( 'NONE',  ( 54.80000000000000426, -70.49999999999998579, -21.00000000000003197 ) ) ;
#3331 = DIRECTION ( 'NONE',  ( 0.000000000000000000, 0.000000000000000000, 1.000000000000000000 ) ) ;
#3332 = ORIENTED_EDGE ( 'NONE', *, *, #4638, .T. ) ;
#3333 = VECTOR ( 'NONE', #1949, 1000.000000000000227 ) ;
#3334 = VECTOR ( 'NONE', #73, 1000.000000000000000 ) ;
#3335 = CARTESIAN_POINT ( 'NONE',  ( 59.39999999999999858, -70.49999999999998579, -21.00000000000003197 ) ) ;
#3336 = CARTESIAN_POINT ( 'NONE',  ( 50.18808331631544917, -36.63437161758102434, -39.00000000000000000 ) ) ;
#3337 = EDGE_CURVE ( 'NONE', #1356, #564, #782, .T. ) ;
#3338 = EDGE_CURVE ( 'NONE', #438, #4943, #4801, .T. ) ;
#3339 = PRESENTATION_LAYER_ASSIGNMENT (  '', '', ( #4432 ) ) ;
#3340 = AXIS2_PLACEMENT_3D ( 'NONE', #2165, #1749, #3458 ) ;
#3341 = CIRCLE ( 'NONE', #208, 3.000000000000002665 ) ;
#3342 = EDGE_LOOP ( 'NONE', ( #698, #3838, #4226, #663 ) ) ;
#3343 = DIRECTION ( 'NONE',  ( -1.000000000000000000, 0.000000000000000000, -0.000000000000000000 ) ) ;
#3344 = DIRECTION ( 'NONE',  ( 1.000000000000000000, -0.000000000000000000, 0.000000000000000000 ) ) ;
#3345 = DIRECTION ( 'NONE',  ( -0.2181262695449070477, 0.9759205554421027662, -0.000000000000000000 ) ) ;
#3346 = ORIENTED_EDGE ( 'NONE', *, *, #1293, .F. ) ;
#3347 = ADVANCED_FACE ( 'NONE', ( #4619 ), #2045, .T. ) ;
#3348 = AXIS2_PLACEMENT_3D ( 'NONE', #2688, #68, #1374 ) ;
#3349 = ORIENTED_EDGE ( 'NONE', *, *, #783, .F. ) ;
#3350 = DIRECTION ( 'NONE',  ( 0.7071067811865507924, 0.000000000000000000, -0.7071067811865441310 ) ) ;
#3351 = VERTEX_POINT ( 'NONE', #3790 ) ;
#3352 = EDGE_CURVE ( 'NONE', #2484, #2725, #391, .T. ) ;
#3353 = CARTESIAN_POINT ( 'NONE',  ( 60.27433276148052954, 8.000000000000000000, -7.800000000000004263 ) ) ;
#3354 = ADVANCED_FACE ( 'NONE', ( #6 ), #1656, .F. ) ;
#3355 = DIRECTION ( 'NONE',  ( 0.000000000000000000, 1.000000000000000000, -1.224646799147353207E-16 ) ) ;
#3356 = CYLINDRICAL_SURFACE ( 'NONE', #2799, 10.00000000000000178 ) ;
#3357 = CARTESIAN_POINT ( 'NONE',  ( 54.80000000000000426, -86.99999999999998579, -21.00000000000003553 ) ) ;
#3358 = ORIENTED_EDGE ( 'NONE', *, *, #2656, .T. ) ;
#3359 = CARTESIAN_POINT ( 'NONE',  ( 63.80000000000001137, -35.92819897360492121, -31.20000000000000639 ) ) ;
#3360 = AXIS2_PLACEMENT_3D ( 'NONE', #4996, #1136, #3182 ) ;
#3361 = DIRECTION ( 'NONE',  ( 1.000000000000000000, -0.000000000000000000, -0.000000000000000000 ) ) ;
#3362 = CARTESIAN_POINT ( 'NONE',  ( 54.80000000000000426, -103.4999999999999858, -21.00000000000003553 ) ) ;
#3363 = ORIENTED_EDGE ( 'NONE', *, *, #2572, .F. ) ;
#3364 = CARTESIAN_POINT ( 'NONE',  ( 60.00000000000001421, 8.000000000000000000, -3.469446951953614189E-14 ) ) ;
#3365 = DIRECTION ( 'NONE',  ( 1.000000000000000000, -0.000000000000000000, 0.000000000000000000 ) ) ;
#3366 = CIRCLE ( 'NONE', #5264, 1.000000000000000888 ) ;
#3367 = CARTESIAN_POINT ( 'NONE',  ( 48.15353161276342320, -9.999999999999994671, -19.50000000000000355 ) ) ;
#3368 = AXIS2_PLACEMENT_3D ( 'NONE', #3357, #1197, #777 ) ;
#3369 = ORIENTED_EDGE ( 'NONE', *, *, #2218, .T. ) ;
#3370 = DIRECTION ( 'NONE',  ( 0.000000000000000000, -1.000000000000000000, 0.000000000000000000 ) ) ;
#3371 = EDGE_CURVE ( 'NONE', #66, #2907, #2920, .T. ) ;
#3372 = ORIENTED_EDGE ( 'NONE', *, *, #2175, .F. ) ;
#3373 = CARTESIAN_POINT ( 'NONE',  ( 2.807106781186513800, 8.000000000000000000, -2.807106781186545330 ) ) ;
#3374 = ORIENTED_EDGE ( 'NONE', *, *, #1989, .F. ) ;
#3375 = VECTOR ( 'NONE', #1308, 1000.000000000000227 ) ;
#3376 = CARTESIAN_POINT ( 'NONE',  ( 36.50000000000000000, 8.000000000000000000, -7.200000000000011724 ) ) ;
#3377 = CARTESIAN_POINT ( 'NONE',  ( 20.99999999999999645, 8.000000000000000000, -33.99999999999999289 ) ) ;
#3378 = EDGE_CURVE ( 'NONE', #2577, #3539, #4191, .T. ) ;
#3379 = VERTEX_POINT ( 'NONE', #5090 ) ;
#3380 = EDGE_CURVE ( 'NONE', #1779, #4527, #4696, .T. ) ;
#3381 = FACE_OUTER_BOUND ( 'NONE', #2970, .T. ) ;
#3382 = DIRECTION ( 'NONE',  ( -0.000000000000000000, -0.000000000000000000, 1.000000000000000000 ) ) ;
#3383 = CARTESIAN_POINT ( 'NONE',  ( 42.00000000000000711, 0.000000000000000000, -29.25000000000000000 ) ) ;
#3384 = CARTESIAN_POINT ( 'NONE',  ( 54.80000000000000426, -86.99999999999998579, -21.00000000000003553 ) ) ;
#3385 = ORIENTED_EDGE ( 'NONE', *, *, #1293, .T. ) ;
#3386 = EDGE_CURVE ( 'NONE', #1900, #5458, #752, .T. ) ;
#3387 = CARTESIAN_POINT ( 'NONE',  ( 48.15353161276343030, 0.000000000000000000, -32.25000000000000000 ) ) ;
#3388 = DIRECTION ( 'NONE',  ( -1.000000000000000000, -0.000000000000000000, 3.304235192336776005E-16 ) ) ;
#3389 = EDGE_CURVE ( 'NONE', #1326, #5097, #3876, .T. ) ;
#3390 = DIRECTION ( 'NONE',  ( 0.000000000000000000, 0.000000000000000000, -1.000000000000000000 ) ) ;
#3391 = EDGE_LOOP ( 'NONE', ( #3055, #4444, #267, #4926 ) ) ;
#3392 = VERTEX_POINT ( 'NONE', #4649 ) ;
#3393 = DIRECTION ( 'NONE',  ( 0.6785983445458423358, -0.6785983445458517727, 0.2810846377148201181 ) ) ;
#3394 = CARTESIAN_POINT ( 'NONE',  ( 52.00000000000001421, -9.999999999999994671, -14.15000000000003055 ) ) ;
#3395 = CARTESIAN_POINT ( 'NONE',  ( 63.00000000000001421, -47.57083966072418946, -4.965676038726633608E-14 ) ) ;
#3396 = ORIENTED_EDGE ( 'NONE', *, *, #471, .F. ) ;
#3397 = ORIENTED_EDGE ( 'NONE', *, *, #5477, .T. ) ;
#3398 = CARTESIAN_POINT ( 'NONE',  ( 64.00000000000001421, -87.00000000000000000, -11.50000000000003197 ) ) ;
#3399 = ADVANCED_FACE ( 'NONE', ( #4673 ), #5146, .T. ) ;
#3400 = ORIENTED_EDGE ( 'NONE', *, *, #1519, .T. ) ;
#3401 = LINE ( 'NONE', #3779, #1322 ) ;
#3402 = EDGE_LOOP ( 'NONE', ( #259, #4990, #2077, #79 ) ) ;
#3403 = B_SPLINE_CURVE_WITH_KNOTS ( 'NONE', 3,
 ( #4787, #3965, #2642, #516 ),
 .UNSPECIFIED., .F., .F.,
 ( 4, 4 ),
 ( 0.000000000000000000, 0.004242876362812567775 ),
 .UNSPECIFIED. ) ;
#3404 = VECTOR ( 'NONE', #4551, 1000.000000000000000 ) ;
#3405 = DIRECTION ( 'NONE',  ( 3.304235192336776005E-16, 0.000000000000000000, 1.000000000000000000 ) ) ;
#3406 = LINE ( 'NONE', #2488, #5077 ) ;
#3407 = CARTESIAN_POINT ( 'NONE',  ( 4.930380657631323784E-29, 8.000000000000000000, -4.199999999999939782 ) ) ;
#3408 = EDGE_LOOP ( 'NONE', ( #3644, #1179, #50, #4188 ) ) ;
#3409 = DIRECTION ( 'NONE',  ( 0.000000000000000000, 0.000000000000000000, 1.000000000000000000 ) ) ;
#3410 = EDGE_LOOP ( 'NONE', ( #930, #2463, #4347, #70 ) ) ;
#3411 = CARTESIAN_POINT ( 'NONE',  ( 54.80000000000003268, -87.00000000000000000, -3.469446951953614189E-14 ) ) ;
#3412 = CARTESIAN_POINT ( 'NONE',  ( 63.80000000000001137, -35.92819897360492121, -31.20000000000000639 ) ) ;
#3413 = CARTESIAN_POINT ( 'NONE',  ( 59.39999999999999858, -87.00000000000000000, -32.75000000000003553 ) ) ;
#3414 = ORIENTED_EDGE ( 'NONE', *, *, #512, .T. ) ;
#3415 = EDGE_CURVE ( 'NONE', #4813, #307, #4219, .T. ) ;
#3416 = CARTESIAN_POINT ( 'NONE',  ( 0.000000000000000000, 0.000000000000000000, 0.000000000000000000 ) ) ;
#3417 = ORIENTED_EDGE ( 'NONE', *, *, #5381, .T. ) ;
#3418 = DIRECTION ( 'NONE',  ( -1.000000000000000000, 0.000000000000000000, 0.000000000000000000 ) ) ;
#3419 = DIRECTION ( 'NONE',  ( 0.000000000000000000, -1.000000000000000000, 0.000000000000000000 ) ) ;
#3420 = CARTESIAN_POINT ( 'NONE',  ( 50.18808331631544917, -36.63437161758102434, -9.009483739831503968 ) ) ;
#3421 = AXIS2_PLACEMENT_3D ( 'NONE', #4141, #4543, #5017 ) ;
#3422 = CIRCLE ( 'NONE', #3886, 1.700000000000000178 ) ;
#3423 = EDGE_LOOP ( 'NONE', ( #5469, #1593, #326, #4414 ) ) ;
#3424 = CARTESIAN_POINT ( 'NONE',  ( 42.32948828471135982, -1.474166273040109942, -20.38022158551240182 ) ) ;
#3425 = VECTOR ( 'NONE', #3950, 1000.000000000000000 ) ;
#3426 = VECTOR ( 'NONE', #1239, 1000.000000000000000 ) ;
#3427 = DIRECTION ( 'NONE',  ( -1.000000000000000000, 0.000000000000000000, 0.000000000000000000 ) ) ;
#3428 = EDGE_LOOP ( 'NONE', ( #2910, #3113, #1724, #4612, #4177 ) ) ;
#3429 = CARTESIAN_POINT ( 'NONE',  ( 53.80000000000001137, -86.99999999999998579, -38.50000000000003553 ) ) ;
#3430 = CARTESIAN_POINT ( 'NONE',  ( 59.89999999999997726, -87.00000000000000000, -12.87500000000003375 ) ) ;
#3431 = ORIENTED_EDGE ( 'NONE', *, *, #4487, .F. ) ;
#3432 = VECTOR ( 'NONE', #3061, 1000.000000000000000 ) ;
#3433 = CARTESIAN_POINT ( 'NONE',  ( 48.15353161276342320, -9.999999999999994671, -19.50000000000000355 ) ) ;
#3434 = EDGE_CURVE ( 'NONE', #1145, #2798, #807, .T. ) ;
#3435 = ORIENTED_EDGE ( 'NONE', *, *, #1363, .F. ) ;
#3436 = DIRECTION ( 'NONE',  ( -1.000000000000000000, 0.000000000000000000, -0.000000000000000000 ) ) ;
#3437 = AXIS2_PLACEMENT_3D ( 'NONE', #2141, #406, #3832 ) ;
#3438 = CARTESIAN_POINT ( 'NONE',  ( 36.49999999999998579, 8.000000000000000000, -34.80000000000001137 ) ) ;
#3439 = EDGE_CURVE ( 'NONE', #2402, #3192, #2996, .T. ) ;
#3440 = CARTESIAN_POINT ( 'NONE',  ( 42.00000000000000711, -9.999999999999994671, -2.631835035486266772E-15 ) ) ;
#3441 = CIRCLE ( 'NONE', #5516, 1.000000000000000888 ) ;
#3442 = VERTEX_POINT ( 'NONE', #2966 ) ;
#3443 = DIRECTION ( 'NONE',  ( -0.000000000000000000, 1.000000000000000000, 0.000000000000000000 ) ) ;
#3444 = DIRECTION ( 'NONE',  ( 1.000000000000000000, 6.198745220823790947E-15, 0.000000000000000000 ) ) ;
#3445 = ADVANCED_FACE ( 'NONE', ( #833, #2550, #423, #1201 ), #2468, .T. ) ;
#3446 = DIRECTION ( 'NONE',  ( -1.000000000000000000, 0.000000000000000000, 0.000000000000000000 ) ) ;
#3447 = ORIENTED_EDGE ( 'NONE', *, *, #4966, .F. ) ;
#3448 = VERTEX_POINT ( 'NONE', #3330 ) ;
#3449 = EDGE_CURVE ( 'NONE', #4232, #1158, #4725, .T. ) ;
#3450 = EDGE_CURVE ( 'NONE', #1241, #2586, #2290, .T. ) ;
#3451 = DIRECTION ( 'NONE',  ( -1.000000000000000000, -0.000000000000000000, -0.000000000000000000 ) ) ;
#3452 = AXIS2_PLACEMENT_3D ( 'NONE', #4666, #800, #2513 ) ;
#3453 = CARTESIAN_POINT ( 'NONE',  ( 53.80000000000001137, -86.99999999999998579, -3.500000000000034195 ) ) ;
#3454 = ADVANCED_FACE ( 'NONE', ( #578 ), #5072, .F. ) ;
#3455 = ORIENTED_EDGE ( 'NONE', *, *, #3434, .F. ) ;
#3456 = AXIS2_PLACEMENT_3D ( 'NONE', #409, #4659, #2505 ) ;
#3457 = DIRECTION ( 'NONE',  ( -1.000000000000000000, -0.000000000000000000, 3.304235192336776005E-16 ) ) ;
#3458 = DIRECTION ( 'NONE',  ( 0.000000000000000000, 0.000000000000000000, -1.000000000000000000 ) ) ;
#3459 = EDGE_LOOP ( 'NONE', ( #3128, #1668, #4272, #397 ) ) ;
#3460 = DIRECTION ( 'NONE',  ( 0.7071067811865425767, -0.7071067811865524577, -1.037590951441090448E-30 ) ) ;
#3461 = EDGE_CURVE ( 'NONE', #4939, #5558, #62, .T. ) ;
#3462 = LINE ( 'NONE', #539, #39 ) ;
#3463 = ORIENTED_EDGE ( 'NONE', *, *, #5314, .F. ) ;
#3464 = CIRCLE ( 'NONE', #2117, 2.399999999999971489 ) ;
#3465 = CARTESIAN_POINT ( 'NONE',  ( 60.00000000000000711, -35.92819897360492831, -10.80000000000000782 ) ) ;
#3466 = ORIENTED_EDGE ( 'NONE', *, *, #670, .T. ) ;
#3467 = CARTESIAN_POINT ( 'NONE',  ( 64.00000000000001421, -76.00000000000002842, -18.60000000000000497 ) ) ;
#3468 = VECTOR ( 'NONE', #3668, 1000.000000000000000 ) ;
#3469 = CARTESIAN_POINT ( 'NONE',  ( 42.87364948594030523, -3.908802426041736222, -29.25000000000000000 ) ) ;
#3470 = CARTESIAN_POINT ( 'NONE',  ( 62.56997467337698282, -43.75822430022793696, -23.40000000000000568 ) ) ;
#3471 = AXIS2_PLACEMENT_3D ( 'NONE', #4892, #2299, #2753 ) ;
#3472 = ORIENTED_EDGE ( 'NONE', *, *, #1980, .T. ) ;
#3473 = CARTESIAN_POINT ( 'NONE',  ( 48.15353161276342320, -9.999999999999994671, -12.75000000000000355 ) ) ;
#3474 = CARTESIAN_POINT ( 'NONE',  ( 43.05499388327440613, 8.000000000000000000, -0.9999999999999444888 ) ) ;
#3475 = FACE_OUTER_BOUND ( 'NONE', #5471, .T. ) ;
#3476 = ORIENTED_EDGE ( 'NONE', *, *, #5344, .T. ) ;
#3477 = ADVANCED_FACE ( 'NONE', ( #971 ), #2260, .T. ) ;
#3478 = ORIENTED_EDGE ( 'NONE', *, *, #1989, .T. ) ;
#3479 = PLANE ( 'NONE',  #2007 ) ;
#3480 = VERTEX_POINT ( 'NONE', #4009 ) ;
#3481 = EDGE_CURVE ( 'NONE', #5226, #3129, #5432, .T. ) ;
#3482 = ORIENTED_EDGE ( 'NONE', *, *, #3163, .F. ) ;
#3483 = LINE ( 'NONE', #3088, #5231 ) ;
#3484 = DIRECTION ( 'NONE',  ( 1.000000000000000000, 2.711660768736250590E-31, -5.028183988338568473E-16 ) ) ;
#3485 = ORIENTED_EDGE ( 'NONE', *, *, #2218, .F. ) ;
#3486 = EDGE_LOOP ( 'NONE', ( #1985, #4582, #2929, #4931, #3187 ) ) ;
#3487 = EDGE_CURVE ( 'NONE', #1855, #1354, #4891, .T. ) ;
#3488 = LINE ( 'NONE', #1457, #4013 ) ;
#3489 = EDGE_LOOP ( 'NONE', ( #4741, #1056, #5408, #1694 ) ) ;
#3490 = EDGE_CURVE ( 'NONE', #918, #3815, #2467, .T. ) ;
#3491 = PLANE ( 'NONE',  #1901 ) ;
#3492 = EDGE_CURVE ( 'NONE', #3929, #131, #221, .T. ) ;
#3493 = CARTESIAN_POINT ( 'NONE',  ( 60.00000000000000000, -57.18147956208619576, -10.80000000000000426 ) ) ;
#3494 = DIRECTION ( 'NONE',  ( -0.7071067811865425767, 0.000000000000000000, -0.7071067811865525687 ) ) ;
#3495 = ORIENTED_EDGE ( 'NONE', *, *, #976, .T. ) ;
#3496 = AXIS2_PLACEMENT_3D ( 'NONE', #1228, #4585, #1040 ) ;
#3497 = ORIENTED_EDGE ( 'NONE', *, *, #1217, .T. ) ;
#3498 = DIRECTION ( 'NONE',  ( 0.04430961977791336714, -0.9990178464848046280, 0.000000000000000000 ) ) ;
#3499 = LINE ( 'NONE', #5253, #5254 ) ;
#3500 = DIRECTION ( 'NONE',  ( -1.000000000000000000, -0.000000000000000000, -0.000000000000000000 ) ) ;
#3501 = VERTEX_POINT ( 'NONE', #2682 ) ;
#3502 = ORIENTED_EDGE ( 'NONE', *, *, #1803, .F. ) ;
#3503 = VERTEX_POINT ( 'NONE', #5223 ) ;
#3504 = EDGE_CURVE ( 'NONE', #3260, #1562, #3956, .T. ) ;
#3505 = VERTEX_POINT ( 'NONE', #4390 ) ;
#3506 = EDGE_CURVE ( 'NONE', #3955, #1191, #526, .T. ) ;
#3507 = ADVANCED_FACE ( 'NONE', ( #1369 ), #946, .F. ) ;
#3508 = CARTESIAN_POINT ( 'NONE',  ( 42.00000000000001421, -9.999999999999994671, -39.00000000000000000 ) ) ;
#3509 = ORIENTED_EDGE ( 'NONE', *, *, #2037, .F. ) ;
#3510 = VECTOR ( 'NONE', #665, 1000.000000000000000 ) ;
#3511 = AXIS2_PLACEMENT_3D ( 'NONE', #2172, #2958, #905 ) ;
#3512 = DIRECTION ( 'NONE',  ( 3.304235192336776005E-16, -2.514091994169284236E-16, 1.000000000000000000 ) ) ;
#3513 = EDGE_LOOP ( 'NONE', ( #3587, #1741, #88, #5050, #1037, #4459, #802, #3932 ) ) ;
#3514 = CIRCLE ( 'NONE', #4865, 1.899999999999999023 ) ;
#3515 = VECTOR ( 'NONE', #561, 1000.000000000000000 ) ;
#3516 = ORIENTED_EDGE ( 'NONE', *, *, #3280, .F. ) ;
#3517 = DIRECTION ( 'NONE',  ( 0.000000000000000000, 0.000000000000000000, 1.000000000000000000 ) ) ;
#3518 = EDGE_CURVE ( 'NONE', #2629, #1958, #2103, .T. ) ;
#3519 = CARTESIAN_POINT ( 'NONE',  ( 42.00000000000001421, 0.000000000000000000, -39.00000000000000000 ) ) ;
#3520 = AXIS2_PLACEMENT_3D ( 'NONE', #3219, #4946, #1094 ) ;
#3521 = ORIENTED_EDGE ( 'NONE', *, *, #3265, .F. ) ;
#3522 = EDGE_CURVE ( 'NONE', #4453, #2862, #2236, .T. ) ;
#3523 = LINE ( 'NONE', #994, #2574 ) ;
#3524 = VERTEX_POINT ( 'NONE', #4828 ) ;
#3525 = EDGE_CURVE ( 'NONE', #4419, #2080, #2328, .T. ) ;
#3526 = VECTOR ( 'NONE', #2613, 1000.000000000000000 ) ;
#3527 = DIRECTION ( 'NONE',  ( 1.652117596168386277E-16, 0.000000000000000000, -1.000000000000000000 ) ) ;
#3528 = VECTOR ( 'NONE', #5071, 1000.000000000000000 ) ;
#3529 = CARTESIAN_POINT ( 'NONE',  ( 42.29070357630713062, -1.300639286824826879, -18.57339398592143098 ) ) ;
#3530 = CARTESIAN_POINT ( 'NONE',  ( 59.39999999999999858, -87.00000000000000000, -7.375000000000060396 ) ) ;
#3531 = ORIENTED_EDGE ( 'NONE', *, *, #2122, .T. ) ;
#3532 = EDGE_LOOP ( 'NONE', ( #3679, #2262, #72, #1478 ) ) ;
#3533 = DIRECTION ( 'NONE',  ( 0.000000000000000000, 0.000000000000000000, -1.000000000000000000 ) ) ;
#3534 = ORIENTED_EDGE ( 'NONE', *, *, #5330, .F. ) ;
#3535 = PRODUCT_DEFINITION_CONTEXT ( 'detailed design', #4442, 'design' ) ;
#3536 = ORIENTED_EDGE ( 'NONE', *, *, #3856, .T. ) ;
#3537 = LINE ( 'NONE', #3056, #3334 ) ;
#3538 = CARTESIAN_POINT ( 'NONE',  ( 41.99999999999999289, 0.000000000000000000, -1.000000000000047962 ) ) ;
#3539 = VERTEX_POINT ( 'NONE', #134 ) ;
#3540 = VECTOR ( 'NONE', #3021, 1000.000000000000000 ) ;
#3541 = CARTESIAN_POINT ( 'NONE',  ( 60.00000000000000000, -47.57083966072418235, -31.20000000000000284 ) ) ;
#3542 = ORIENTED_EDGE ( 'NONE', *, *, #3656, .F. ) ;
#3543 = EDGE_CURVE ( 'NONE', #3379, #5256, #3499, .T. ) ;
#3544 = VECTOR ( 'NONE', #1426, 1000.000000000000000 ) ;
#3545 = EDGE_LOOP ( 'NONE', ( #4327, #4288, #1514, #3550 ) ) ;
#3546 = LINE ( 'NONE', #5244, #4695 ) ;
#3547 = DIRECTION ( 'NONE',  ( 1.000000000000000000, -0.000000000000000000, -0.000000000000000000 ) ) ;
#3548 = VECTOR ( 'NONE', #5199, 1000.000000000000114 ) ;
#3549 = LINE ( 'NONE', #5218, #2437 ) ;
#3550 = ORIENTED_EDGE ( 'NONE', *, *, #4536, .F. ) ;
#3551 = ADVANCED_FACE ( 'NONE', ( #3556 ), #2916, .T. ) ;
#3552 = CARTESIAN_POINT ( 'NONE',  ( 60.00000000000001421, -35.92819897360492121, -18.60000000000000497 ) ) ;
#3553 = ORIENTED_EDGE ( 'NONE', *, *, #808, .F. ) ;
#3554 = CIRCLE ( 'NONE', #1853, 1.375000000000001332 ) ;
#3555 = DIRECTION ( 'NONE',  ( 1.000000000000000000, 0.000000000000000000, -0.000000000000000000 ) ) ;
#3556 = FACE_OUTER_BOUND ( 'NONE', #5163, .T. ) ;
#3557 = CARTESIAN_POINT ( 'NONE',  ( 65.38182725906868598, -104.6128276687175997, -22.97941319760695578 ) ) ;
#3558 = ORIENTED_EDGE ( 'NONE', *, *, #530, .T. ) ;
#3559 = VECTOR ( 'NONE', #4624, 1000.000000000000000 ) ;
#3560 = EDGE_CURVE ( 'NONE', #5062, #2255, #997, .T. ) ;
#3561 = ORIENTED_EDGE ( 'NONE', *, *, #1210, .F. ) ;
#3562 = EDGE_CURVE ( 'NONE', #4639, #4527, #5340, .T. ) ;
#3563 = CARTESIAN_POINT ( 'NONE',  ( 5.499999999999989342, 0.000000000000000000, -38.20000000000000284 ) ) ;
#3564 = CARTESIAN_POINT ( 'NONE',  ( 63.80000000000002558, -39.22819897360492547, -10.52250000000000441 ) ) ;
#3565 = ORIENTED_EDGE ( 'NONE', *, *, #4331, .T. ) ;
#3566 = ORIENTED_EDGE ( 'NONE', *, *, #5040, .F. ) ;
#3567 = FACE_OUTER_BOUND ( 'NONE', #588, .T. ) ;
#3568 = DIRECTION ( 'NONE',  ( -0.000000000000000000, -1.000000000000000000, -0.000000000000000000 ) ) ;
#3569 = ORIENTED_EDGE ( 'NONE', *, *, #4156, .F. ) ;
#3570 = LINE ( 'NONE', #4867, #389 ) ;
#3571 = ORIENTED_EDGE ( 'NONE', *, *, #1177, .F. ) ;
#3572 = EDGE_LOOP ( 'NONE', ( #2240, #4799, #3947, #4466 ) ) ;
#3573 = DIRECTION ( 'NONE',  ( 0.000000000000000000, 0.000000000000000000, -1.000000000000000000 ) ) ;
#3574 = DIRECTION ( 'NONE',  ( -0.000000000000000000, 0.000000000000000000, -1.000000000000000000 ) ) ;
#3575 = DIRECTION ( 'NONE',  ( 0.000000000000000000, 0.000000000000000000, 1.000000000000000000 ) ) ;
#3576 = LINE ( 'NONE', #57, #4610 ) ;
#3577 = ORIENTED_EDGE ( 'NONE', *, *, #633, .T. ) ;
#3578 = CARTESIAN_POINT ( 'NONE',  ( 60.00000000000000711, -10.52819897360492085, -26.40000000000000213 ) ) ;
#3579 = ORIENTED_EDGE ( 'NONE', *, *, #4692, .F. ) ;
#3580 = DIRECTION ( 'NONE',  ( -1.000000000000000000, 0.000000000000000000, -1.652117596168386030E-16 ) ) ;
#3581 = EDGE_CURVE ( 'NONE', #1900, #4993, #5390, .T. ) ;
#3582 = EDGE_CURVE ( 'NONE', #2147, #1328, #4521, .T. ) ;
#3583 = DIRECTION ( 'NONE',  ( -0.5000000000000012212, -0.7071067811865425767, -0.5000000000000058842 ) ) ;
#3584 = DIRECTION ( 'NONE',  ( -0.04430961977791336714, 0.9990178464848046280, 3.857021960447798051E-17 ) ) ;
#3585 = EDGE_LOOP ( 'NONE', ( #3923, #3140, #4808, #484 ) ) ;
#3586 = CIRCLE ( 'NONE', #1161, 1.375000000000001332 ) ;
#3587 = ORIENTED_EDGE ( 'NONE', *, *, #4420, .F. ) ;
#3588 = VECTOR ( 'NONE', #4933, 1000.000000000000000 ) ;
#3589 = CARTESIAN_POINT ( 'NONE',  ( 20.99999999999999645, 8.000000000000000000, -8.000000000000005329 ) ) ;
#3590 = DIRECTION ( 'NONE',  ( 0.9396926207859096492, 0.000000000000000000, 0.3420201433256651047 ) ) ;
#3591 = EDGE_CURVE ( 'NONE', #1371, #5109, #4490, .T. ) ;
#3592 = CARTESIAN_POINT ( 'NONE',  ( 43.05499388327440613, -9.999999999999998224, -42.00000000000002132 ) ) ;
#3593 = ORIENTED_EDGE ( 'NONE', *, *, #3439, .F. ) ;
#3594 = LINE ( 'NONE', #883, #5274 ) ;
#3595 = LINE ( 'NONE', #362, #5127 ) ;
#3596 = DIRECTION ( 'NONE',  ( 1.000000000000000000, 0.000000000000000000, 0.000000000000000000 ) ) ;
#3597 = CARTESIAN_POINT ( 'NONE',  ( 42.58159558283758628, -2.602121630877945346, -38.54431656748077017 ) ) ;
#3598 = ORIENTED_EDGE ( 'NONE', *, *, #16, .T. ) ;
#3599 = DIRECTION ( 'NONE',  ( -1.000000000000000000, 0.000000000000000000, 0.000000000000000000 ) ) ;
#3600 = ORIENTED_EDGE ( 'NONE', *, *, #3106, .T. ) ;
#3601 = FACE_OUTER_BOUND ( 'NONE', #3926, .T. ) ;
#3602 = FACE_OUTER_BOUND ( 'NONE', #4240, .T. ) ;
#3603 = LINE ( 'NONE', #4511, #1008 ) ;
#3604 = ORIENTED_EDGE ( 'NONE', *, *, #343, .T. ) ;
#3605 = VECTOR ( 'NONE', #5277, 1000.000000000000000 ) ;
#3606 = AXIS2_PLACEMENT_3D ( 'NONE', #4201, #2783, #261 ) ;
#3607 = CARTESIAN_POINT ( 'NONE',  ( 42.29070357630711641, -1.300639286824831098, -23.42660601407857257 ) ) ;
#3608 = ORIENTED_EDGE ( 'NONE', *, *, #5289, .F. ) ;
#3609 = CARTESIAN_POINT ( 'NONE',  ( 50.18808331631544917, -36.63437161758102434, -39.00000000000000000 ) ) ;
#3610 = CARTESIAN_POINT ( 'NONE',  ( 60.00000000000000000, -57.18147956208619576, -18.60000000000000497 ) ) ;
#3611 = AXIS2_PLACEMENT_3D ( 'NONE', #2326, #4981, #618 ) ;
#3612 = PLANE ( 'NONE',  #2735 ) ;
#3613 = LINE ( 'NONE', #4066, #552 ) ;
#3614 = ORIENTED_EDGE ( 'NONE', *, *, #5186, .T. ) ;
#3615 = EDGE_CURVE ( 'NONE', #2228, #2035, #666, .T. ) ;
#3616 = AXIS2_PLACEMENT_3D ( 'NONE', #848, #4680, #434 ) ;
#3617 = ORIENTED_EDGE ( 'NONE', *, *, #1392, .T. ) ;
#3618 = EDGE_CURVE ( 'NONE', #2243, #1145, #1954, .T. ) ;
#3619 = DIRECTION ( 'NONE',  ( -1.000000000000000000, 0.000000000000000000, 0.000000000000000000 ) ) ;
#3620 = LINE ( 'NONE', #5341, #4535 ) ;
#3621 = CIRCLE ( 'NONE', #1830, 6.153531612763413428 ) ;
#3622 = FACE_OUTER_BOUND ( 'NONE', #5284, .T. ) ;
#3623 = ORIENTED_EDGE ( 'NONE', *, *, #3504, .F. ) ;
#3624 = EDGE_CURVE ( 'NONE', #2481, #4053, #2822, .T. ) ;
#3625 = DIRECTION ( 'NONE',  ( 1.000000000000000000, 9.598933135901296437E-32, -5.256737805990325036E-16 ) ) ;
#3626 = PLANE ( 'NONE',  #1993 ) ;
#3627 = CARTESIAN_POINT ( 'NONE',  ( 63.80000000000002558, -7.228198973604922806, -8.592499999999999361 ) ) ;
#3628 = VECTOR ( 'NONE', #1977, 1000.000000000000000 ) ;
#3629 = DIRECTION ( 'NONE',  ( -1.000000000000000000, -0.000000000000000000, 3.304235192336776005E-16 ) ) ;
#3630 = ORIENTED_EDGE ( 'NONE', *, *, #132, .F. ) ;
#3631 = CONICAL_SURFACE ( 'NONE', #138, 10.00000000000000178, 1.221730476396034826 ) ;
#3632 = CARTESIAN_POINT ( 'NONE',  ( 59.39999999999999858, -87.00000000000000000, -18.60000000000006537 ) ) ;
#3633 = EDGE_CURVE ( 'NONE', #3480, #2147, #4124, .T. ) ;
#3634 = CARTESIAN_POINT ( 'NONE',  ( 48.15353161276343030, -27.53156693133770005, -29.25000000000000000 ) ) ;
#3635 = PLANE ( 'NONE',  #4159 ) ;
#3636 = VERTEX_POINT ( 'NONE', #3206 ) ;
#3637 = VECTOR ( 'NONE', #269, 1000.000000000000000 ) ;
#3638 = CARTESIAN_POINT ( 'NONE',  ( 42.00000000000000000, 0.000000000000000000, -14.15000000000002878 ) ) ;
#3639 = EDGE_LOOP ( 'NONE', ( #3749, #4359, #2133, #1345, #983 ) ) ;
#3640 = CARTESIAN_POINT ( 'NONE',  ( 53.80000000000001137, -86.99999999999998579, -21.00000000000003553 ) ) ;
#3641 = AXIS2_PLACEMENT_3D ( 'NONE', #3398, #5018, #350 ) ;
#3642 = DIRECTION ( 'NONE',  ( 0.000000000000000000, 0.000000000000000000, 1.000000000000000000 ) ) ;
#3643 = DIRECTION ( 'NONE',  ( -1.000000000000000000, -0.000000000000000000, -0.000000000000000000 ) ) ;
#3644 = ORIENTED_EDGE ( 'NONE', *, *, #568, .T. ) ;
#3645 = AXIS2_PLACEMENT_3D ( 'NONE', #2711, #1791, #2683 ) ;
#3646 = EDGE_LOOP ( 'NONE', ( #608, #481 ) ) ;
#3647 = CARTESIAN_POINT ( 'NONE',  ( 42.87364948594030523, -3.908802426041737554, -22.50000000000000355 ) ) ;
#3648 = LINE ( 'NONE', #1512, #4632 ) ;
#3649 = EDGE_CURVE ( 'NONE', #4664, #831, #1077, .T. ) ;
#3650 = AXIS2_PLACEMENT_3D ( 'NONE', #2118, #3836, #5557 ) ;
#3651 = DIRECTION ( 'NONE',  ( -0.2181262695449070477, 0.9759205554421027662, -0.000000000000000000 ) ) ;
#3652 = VERTEX_POINT ( 'NONE', #4554 ) ;
#3653 = CARTESIAN_POINT ( 'NONE',  ( 0.000000000000000000, 0.000000000000000000, -2.999999999999988898 ) ) ;
#3654 = CARTESIAN_POINT ( 'NONE',  ( 4.200000000000000178, 8.000000000000000000, 1.387778780781445676E-14 ) ) ;
#3655 = CARTESIAN_POINT ( 'NONE',  ( 52.00000000000001421, -46.18523055774759456, -8.349999999999999645 ) ) ;
#3656 = EDGE_CURVE ( 'NONE', #2949, #3197, #606, .T. ) ;
#3657 = EDGE_CURVE ( 'NONE', #5169, #3100, #3728, .T. ) ;
#3658 = CARTESIAN_POINT ( 'NONE',  ( 59.39999999999999858, -88.87499999999997158, -9.250000000000035527 ) ) ;
#3659 =( BOUNDED_CURVE ( )  B_SPLINE_CURVE ( 3, ( #4044, #3188, #2377, #4586 ),
 .UNSPECIFIED., .F., .T. ) 
 B_SPLINE_CURVE_WITH_KNOTS ( ( 4, 4 ),
 ( 6.063291212069912284, 6.128110634215247821 ),
 .UNSPECIFIED. ) 
 CURVE ( )  GEOMETRIC_REPRESENTATION_ITEM ( )  RATIONAL_B_SPLINE_CURVE ( ( 1.000000000000000000, 0.9996499008560398858, 0.9996499008560398858, 1.000000000000000000 ) ) 
 REPRESENTATION_ITEM ( '' )  );
#3660 = VERTEX_POINT ( 'NONE', #5415 ) ;
#3661 = EDGE_CURVE ( 'NONE', #2255, #5205, #4151, .T. ) ;
#3662 = DIRECTION ( 'NONE',  ( 0.000000000000000000, 0.000000000000000000, -1.000000000000000000 ) ) ;
#3663 = CARTESIAN_POINT ( 'NONE',  ( 63.80000000000001137, -10.52819897360491375, -15.60000000000000853 ) ) ;
#3664 = CYLINDRICAL_SURFACE ( 'NONE', #3998, 17.99999999999999645 ) ;
#3665 = ADVANCED_FACE ( 'NONE', ( #3267 ), #4150, .F. ) ;
#3666 = CARTESIAN_POINT ( 'NONE',  ( 42.00000000000000711, 0.000000000000000000, -18.09999999999997655 ) ) ;
#3667 = ORIENTED_EDGE ( 'NONE', *, *, #886, .T. ) ;
#3668 = DIRECTION ( 'NONE',  ( -1.000000000000000000, 0.000000000000000000, 6.217646867300384409E-16 ) ) ;
#3669 = ORIENTED_EDGE ( 'NONE', *, *, #2449, .F. ) ;
#3670 = DIRECTION ( 'NONE',  ( 0.000000000000000000, -1.000000000000000000, -0.000000000000000000 ) ) ;
#3671 = CARTESIAN_POINT ( 'NONE',  ( 59.39999999999999858, -85.12500000000001421, -9.250000000000035527 ) ) ;
#3672 = DIRECTION ( 'NONE',  ( 0.000000000000000000, -1.000000000000000000, 0.000000000000000000 ) ) ;
#3673 = VERTEX_POINT ( 'NONE', #2852 ) ;
#3674 = LINE ( 'NONE', #692, #5544 ) ;
#3675 = ORIENTED_EDGE ( 'NONE', *, *, #1219, .T. ) ;
#3676 = DIRECTION ( 'NONE',  ( -0.000000000000000000, 0.000000000000000000, -1.000000000000000000 ) ) ;
#3677 = FACE_OUTER_BOUND ( 'NONE', #508, .T. ) ;
#3678 = PLANE ( 'NONE',  #2205 ) ;
#3679 = ORIENTED_EDGE ( 'NONE', *, *, #2442, .T. ) ;
#3680 = DIRECTION ( 'NONE',  ( 0.4929090257579651357, 0.6152400719744872681, 0.6152400719744782753 ) ) ;
#3681 = DIRECTION ( 'NONE',  ( 0.000000000000000000, 0.000000000000000000, 1.000000000000000000 ) ) ;
#3682 = CARTESIAN_POINT ( 'NONE',  ( 63.00000000000001421, -87.00000000000000000, -21.00000000000003553 ) ) ;
#3683 = EDGE_CURVE ( 'NONE', #1587, #5532, #4580, .T. ) ;
#3684 = ADVANCED_FACE ( 'NONE', ( #2428 ), #1871, .T. ) ;
#3685 = EDGE_LOOP ( 'NONE', ( #959, #2845 ) ) ;
#3686 = CARTESIAN_POINT ( 'NONE',  ( 52.00000000000002132, -46.18523055774767272, -23.90000000000003055 ) ) ;
#3687 = DIRECTION ( 'NONE',  ( 1.000000000000000000, -0.000000000000000000, -0.000000000000000000 ) ) ;
#3688 = DIRECTION ( 'NONE',  ( 0.000000000000000000, -1.000000000000000000, 0.000000000000000000 ) ) ;
#3689 = CARTESIAN_POINT ( 'NONE',  ( 50.18808331631544917, -36.63437161758103144, -41.00000000000000000 ) ) ;
#3690 = ORIENTED_EDGE ( 'NONE', *, *, #1219, .F. ) ;
#3691 = DIRECTION ( 'NONE',  ( 0.000000000000000000, 0.000000000000000000, -1.000000000000000000 ) ) ;
#3692 = ORIENTED_EDGE ( 'NONE', *, *, #5359, .F. ) ;
#3693 = EDGE_CURVE ( 'NONE', #4939, #5226, #1444, .T. ) ;
#3694 = LINE ( 'NONE', #3897, #3049 ) ;
#3695 = DIRECTION ( 'NONE',  ( -0.000000000000000000, -1.000000000000000000, -0.000000000000000000 ) ) ;
#3696 = VECTOR ( 'NONE', #2347, 1000.000000000000114 ) ;
#3697 = LINE ( 'NONE', #5417, #4059 ) ;
#3698 = ORIENTED_EDGE ( 'NONE', *, *, #3072, .T. ) ;
#3699 = TOROIDAL_SURFACE ( 'NONE', #640, 2.375000000000001332, 1.000000000000000000 ) ;
#3700 = DIRECTION ( 'NONE',  ( 1.000000000000000000, 9.598933135901296437E-32, -5.256737805990325036E-16 ) ) ;
#3701 = ORIENTED_EDGE ( 'NONE', *, *, #969, .F. ) ;
#3702 = VECTOR ( 'NONE', #2785, 1000.000000000000114 ) ;
#3703 = DIRECTION ( 'NONE',  ( 0.000000000000000000, 0.000000000000000000, 1.000000000000000000 ) ) ;
#3704 = CONICAL_SURFACE ( 'NONE', #4956, 6.153531612763413428, 1.221730476396034382 ) ;
#3705 = DIRECTION ( 'NONE',  ( 0.000000000000000000, 1.000000000000000000, 0.000000000000000000 ) ) ;
#3706 = DIRECTION ( 'NONE',  ( 1.000000000000000000, 9.598933135901296437E-32, -5.256737805990325036E-16 ) ) ;
#3707 = CARTESIAN_POINT ( 'NONE',  ( 59.80000000000001847, -7.228198973604922806, -8.592499999999997584 ) ) ;
#3708 = ORIENTED_EDGE ( 'NONE', *, *, #4834, .F. ) ;
#3709 = AXIS2_PLACEMENT_3D ( 'NONE', #3682, #1014, #1492 ) ;
#3710 = DIRECTION ( 'NONE',  ( -0.000000000000000000, 0.000000000000000000, -1.000000000000000000 ) ) ;
#3711 = DIRECTION ( 'NONE',  ( 0.000000000000000000, 0.000000000000000000, -1.000000000000000000 ) ) ;
#3712 = AXIS2_PLACEMENT_3D ( 'NONE', #728, #2895, #256 ) ;
#3713 = DIRECTION ( 'NONE',  ( 0.000000000000000000, -1.000000000000000000, 0.000000000000000000 ) ) ;
#3714 = DIRECTION ( 'NONE',  ( -1.000000000000000000, 0.000000000000000000, 0.000000000000000000 ) ) ;
#3715 = ORIENTED_EDGE ( 'NONE', *, *, #3281, .T. ) ;
#3716 = DIRECTION ( 'NONE',  ( -1.000000000000000000, 0.000000000000000000, 0.000000000000000000 ) ) ;
#3717 = FACE_OUTER_BOUND ( 'NONE', #1619, .T. ) ;
#3718 = VECTOR ( 'NONE', #4245, 1000.000000000000000 ) ;
#3719 = FACE_OUTER_BOUND ( 'NONE', #3391, .T. ) ;
#3720 = EDGE_CURVE ( 'NONE', #1536, #5204, #4881, .T. ) ;
#3721 = FACE_OUTER_BOUND ( 'NONE', #2516, .T. ) ;
#3722 = VERTEX_POINT ( 'NONE', #2741 ) ;
#3723 = CARTESIAN_POINT ( 'NONE',  ( 63.00000000000005684, 8.000000000000000000, -42.00000000000003553 ) ) ;
#3724 = AXIS2_PLACEMENT_3D ( 'NONE', #5172, #3934, #477 ) ;
#3725 = ORIENTED_EDGE ( 'NONE', *, *, #5311, .F. ) ;
#3726 = CARTESIAN_POINT ( 'NONE',  ( 4.200000000000000178, 8.000000000000000000, 1.387778780781445676E-14 ) ) ;
#3727 = LINE ( 'NONE', #2061, #671 ) ;
#3728 = CIRCLE ( 'NONE', #1208, 40.00000000000000000 ) ;
#3729 = CARTESIAN_POINT ( 'NONE',  ( 59.39999999999999858, -87.00000000000000000, -32.75000000000003553 ) ) ;
#3730 = ORIENTED_EDGE ( 'NONE', *, *, #2382, .T. ) ;
#3731 = EDGE_LOOP ( 'NONE', ( #1133, #3221, #4790, #577, #5286 ) ) ;
#3732 = CIRCLE ( 'NONE', #1758, 1.929999999999997717 ) ;
#3733 = CARTESIAN_POINT ( 'NONE',  ( 56.12080039314771085, 2.380819853569968281, -7.199999999999994849 ) ) ;
#3734 = DIRECTION ( 'NONE',  ( 1.000000000000000000, 9.598933135901296437E-32, -5.256737805990325036E-16 ) ) ;
#3735 = DIRECTION ( 'NONE',  ( 3.304235192336775512E-16, -2.514091994169284236E-16, 1.000000000000000000 ) ) ;
#3736 = EDGE_LOOP ( 'NONE', ( #3396, #3744, #3942, #4266 ) ) ;
#3737 = ADVANCED_FACE ( 'NONE', ( #4471 ), #3612, .T. ) ;
#3738 = VECTOR ( 'NONE', #278, 1000.000000000000000 ) ;
#3739 = CARTESIAN_POINT ( 'NONE',  ( 42.00000000000000711, -9.999999999999994671, -2.631835035486266772E-15 ) ) ;
#3740 = EDGE_CURVE ( 'NONE', #765, #2481, #3727, .T. ) ;
#3741 = AXIS2_PLACEMENT_3D ( 'NONE', #105, #2179, #1364 ) ;
#3742 = FACE_OUTER_BOUND ( 'NONE', #2457, .T. ) ;
#3743 = FACE_BOUND ( 'NONE', #1501, .T. ) ;
#3744 = ORIENTED_EDGE ( 'NONE', *, *, #372, .T. ) ;
#3745 = CARTESIAN_POINT ( 'NONE',  ( 39.47444044859707901, 15.88412751676376189, -42.00000000000002132 ) ) ;
#3746 = DIRECTION ( 'NONE',  ( -0.000000000000000000, -0.000000000000000000, 1.000000000000000000 ) ) ;
#3747 = CARTESIAN_POINT ( 'NONE',  ( 63.00000000000005684, -76.00000000000002842, -3.730588120380234511E-14 ) ) ;
#3748 = ORIENTED_EDGE ( 'NONE', *, *, #3560, .T. ) ;
#3749 = ORIENTED_EDGE ( 'NONE', *, *, #3562, .F. ) ;
#3750 = FACE_OUTER_BOUND ( 'NONE', #5189, .T. ) ;
#3751 = VERTEX_POINT ( 'NONE', #2009 ) ;
#3752 = FACE_OUTER_BOUND ( 'NONE', #3423, .T. ) ;
#3753 = DIRECTION ( 'NONE',  ( -0.9759205554421028772, -0.2181262695449070477, 0.000000000000000000 ) ) ;
#3754 = PLANE ( 'NONE',  #2531 ) ;
#3755 = EDGE_LOOP ( 'NONE', ( #5148, #2139, #3300, #5449, #634, #4660, #811, #4394, #3018, #5200 ) ) ;
#3756 = FACE_OUTER_BOUND ( 'NONE', #1508, .T. ) ;
#3757 = ORIENTED_EDGE ( 'NONE', *, *, #3461, .T. ) ;
#3758 = EDGE_CURVE ( 'NONE', #4749, #2003, #4724, .T. ) ;
#3759 = EDGE_CURVE ( 'NONE', #4833, #581, #3005, .T. ) ;
#3760 = DIRECTION ( 'NONE',  ( 0.000000000000000000, 0.000000000000000000, -1.000000000000000000 ) ) ;
#3761 = DIRECTION ( 'NONE',  ( -0.5000000000000006661, -0.7071067811865426878, 0.5000000000000062172 ) ) ;
#3762 = CARTESIAN_POINT ( 'NONE',  ( 4.200000000000000178, 1.000000000000000888, -42.00000000000000000 ) ) ;
#3763 = ORIENTED_EDGE ( 'NONE', *, *, #972, .T. ) ;
#3764 = CARTESIAN_POINT ( 'NONE',  ( 63.00000000000001421, -84.62499999999998579, -11.50000000000003020 ) ) ;
#3765 = ADVANCED_FACE ( 'NONE', ( #1163 ), #744, .T. ) ;
#3766 = CARTESIAN_POINT ( 'NONE',  ( 36.49999999999998579, 0.000000000000000000, -36.50000000000001421 ) ) ;
#3767 = DIRECTION ( 'NONE',  ( 0.000000000000000000, -1.000000000000000000, 0.000000000000000000 ) ) ;
#3768 = FACE_OUTER_BOUND ( 'NONE', #2553, .T. ) ;
#3769 = EDGE_CURVE ( 'NONE', #5400, #4813, #2108, .T. ) ;
#3770 = ORIENTED_EDGE ( 'NONE', *, *, #3649, .F. ) ;
#3771 = CARTESIAN_POINT ( 'NONE',  ( 60.87867965644037582, -45.44951931716452265, -31.20000000000000284 ) ) ;
#3772 = CARTESIAN_POINT ( 'NONE',  ( 62.56997467337698993, -43.75822430022794407, -15.60000000000000675 ) ) ;
#3773 = AXIS2_PLACEMENT_3D ( 'NONE', #4826, #181, #970 ) ;
#3774 = DIRECTION ( 'NONE',  ( -0.7071067811865420216, 0.000000000000000000, 0.7071067811865531239 ) ) ;
#3775 = CARTESIAN_POINT ( 'NONE',  ( 63.80000000000001137, -10.52819897360492085, -31.20000000000000639 ) ) ;
#3776 = ORIENTED_EDGE ( 'NONE', *, *, #969, .T. ) ;
#3777 = LINE ( 'NONE', #1612, #2443 ) ;
#3778 = ORIENTED_EDGE ( 'NONE', *, *, #4448, .F. ) ;
#3779 = CARTESIAN_POINT ( 'NONE',  ( 42.00000000000000000, 0.000000000000000000, -9.750000000000005329 ) ) ;
#3780 = ORIENTED_EDGE ( 'NONE', *, *, #404, .F. ) ;
#3781 = CARTESIAN_POINT ( 'NONE',  ( -96.19999999999997442, -69.35331204931708271, -41.99999999999994316 ) ) ;
#3782 = CARTESIAN_POINT ( 'NONE',  ( 60.00000000000000000, -57.18147956208619576, -39.00000000000000000 ) ) ;
#3783 = CARTESIAN_POINT ( 'NONE',  ( 42.00000000000000000, 0.000000000000000000, -19.50000000000000355 ) ) ;
#3784 = ORIENTED_EDGE ( 'NONE', *, *, #5257, .F. ) ;
#3785 = CARTESIAN_POINT ( 'NONE',  ( 63.00000000000005684, -87.00000000000000000, -3.469446951953614189E-14 ) ) ;
#3786 = EDGE_LOOP ( 'NONE', ( #1930, #5433, #4686, #4132 ) ) ;
#3787 = DIRECTION ( 'NONE',  ( 0.000000000000000000, -1.000000000000000000, 0.000000000000000000 ) ) ;
#3788 = VECTOR ( 'NONE', #3705, 1000.000000000000000 ) ;
#3789 = VECTOR ( 'NONE', #3222, 1000.000000000000114 ) ;
#3790 = CARTESIAN_POINT ( 'NONE',  ( 60.87867965644037582, -45.44951931716452265, -34.19999999999998863 ) ) ;
#3791 = FACE_OUTER_BOUND ( 'NONE', #3486, .T. ) ;
#3792 = VERTEX_POINT ( 'NONE', #2038 ) ;
#3793 = AXIS2_PLACEMENT_3D ( 'NONE', #3729, #215, #1055 ) ;
#3794 = VECTOR ( 'NONE', #702, 1000.000000000000000 ) ;
#3795 = EDGE_CURVE ( 'NONE', #473, #4047, #5081, .T. ) ;
#3796 = LINE ( 'NONE', #5548, #743 ) ;
#3797 = FACE_OUTER_BOUND ( 'NONE', #5323, .T. ) ;
#3798 = EDGE_CURVE ( 'NONE', #141, #564, #1118, .T. ) ;
#3799 = AXIS2_PLACEMENT_3D ( 'NONE', #896, #873, #2589 ) ;
#3800 = CIRCLE ( 'NONE', #5227, 15.99999999999997691 ) ;
#3801 = ORIENTED_EDGE ( 'NONE', *, *, #3522, .T. ) ;
#3802 = ORIENTED_EDGE ( 'NONE', *, *, #2041, .T. ) ;
#3803 = CARTESIAN_POINT ( 'NONE',  ( 4.200000000000000178, 1.000000000000000888, 1.387778780781445676E-14 ) ) ;
#3804 = ORIENTED_EDGE ( 'NONE', *, *, #3450, .F. ) ;
#3805 = AXIS2_PLACEMENT_3D ( 'NONE', #1207, #4655, #4223 ) ;
#3806 = CARTESIAN_POINT ( 'NONE',  ( 64.00000000000001421, -76.00000000000002842, -23.40000000000000568 ) ) ;
#3807 = CARTESIAN_POINT ( 'NONE',  ( 64.00000000000001421, -76.00000000000002842, -41.00000000000005684 ) ) ;
#3808 = EDGE_LOOP ( 'NONE', ( #1773, #4341, #5363, #2712 ) ) ;
#3809 = ADVANCED_FACE ( 'NONE', ( #1591 ), #1617, .F. ) ;
#3810 = AXIS2_PLACEMENT_3D ( 'NONE', #2131, #1625, #3847 ) ;
#3811 = LINE ( 'NONE', #3467, #5500 ) ;
#3812 = DIRECTION ( 'NONE',  ( 1.000000000000000000, -0.000000000000000000, 0.000000000000000000 ) ) ;
#3813 = PLANE ( 'NONE',  #4955 ) ;
#3814 = CARTESIAN_POINT ( 'NONE',  ( 60.87867965644037582, -45.44951931716452975, -15.59999999999999254 ) ) ;
#3815 = VERTEX_POINT ( 'NONE', #5534 ) ;
#3816 = CARTESIAN_POINT ( 'NONE',  ( 42.00000000000000000, 0.000000000000000000, -9.750000000000005329 ) ) ;
#3817 = VECTOR ( 'NONE', #5052, 1000.000000000000000 ) ;
#3818 = CARTESIAN_POINT ( 'NONE',  ( 63.00000000000005684, -87.00000000000000000, -21.00000000000003553 ) ) ;
#3819 = CARTESIAN_POINT ( 'NONE',  ( 62.56997467337698282, -43.75822430022793696, -26.40000000000000213 ) ) ;
#3820 = ORIENTED_EDGE ( 'NONE', *, *, #3968, .F. ) ;
#3821 = VECTOR ( 'NONE', #1242, 1000.000000000000114 ) ;
#3822 =( NAMED_UNIT ( * ) SI_UNIT ( $, .STERADIAN. ) SOLID_ANGLE_UNIT ( ) );
#3823 = ORIENTED_EDGE ( 'NONE', *, *, #5527, .F. ) ;
#3824 = EDGE_CURVE ( 'NONE', #3524, #4835, #4688, .T. ) ;
#3825 = DIRECTION ( 'NONE',  ( -1.000000000000000000, 1.841791997293421322E-16, -0.000000000000000000 ) ) ;
#3826 = PLANE ( 'NONE',  #4075 ) ;
#3827 = VECTOR ( 'NONE', #3651, 1000.000000000000114 ) ;
#3828 = DIRECTION ( 'NONE',  ( -1.000000000000000000, -0.000000000000000000, -0.000000000000000000 ) ) ;
#3829 = AXIS2_PLACEMENT_3D ( 'NONE', #5279, #4436, #1416 ) ;
#3830 = ORIENTED_EDGE ( 'NONE', *, *, #1844, .T. ) ;
#3831 = ADVANCED_FACE ( 'NONE', ( #4609 ), #3631, .F. ) ;
#3832 = DIRECTION ( 'NONE',  ( 0.000000000000000000, 0.000000000000000000, -1.000000000000000000 ) ) ;
#3833 = ORIENTED_EDGE ( 'NONE', *, *, #5040, .T. ) ;
#3834 = CARTESIAN_POINT ( 'NONE',  ( 43.05499388327440613, -9.999999999999998224, -1.994434053180987497E-14 ) ) ;
#3835 = CARTESIAN_POINT ( 'NONE',  ( 60.87867965644037582, -45.44951931716452975, -7.800000000000005151 ) ) ;
#3836 = DIRECTION ( 'NONE',  ( 0.000000000000000000, 0.000000000000000000, 1.000000000000000000 ) ) ;
#3837 = ADVANCED_FACE ( 'NONE', ( #1222 ), #828, .T. ) ;
#3838 = ORIENTED_EDGE ( 'NONE', *, *, #5113, .F. ) ;
#3839 = FACE_OUTER_BOUND ( 'NONE', #1788, .T. ) ;
#3840 = EDGE_CURVE ( 'NONE', #5097, #2935, #5473, .T. ) ;
#3841 = CARTESIAN_POINT ( 'NONE',  ( 59.80000000000001847, -39.22819897360492547, -10.52250000000000263 ) ) ;
#3842 = DIRECTION ( 'NONE',  ( 0.000000000000000000, -1.000000000000000000, 0.000000000000000000 ) ) ;
#3843 = VERTEX_POINT ( 'NONE', #2545 ) ;
#3844 = DIRECTION ( 'NONE',  ( -0.2079116908177600920, 0.9781476007338054668, 0.000000000000000000 ) ) ;
#3845 = ORIENTED_EDGE ( 'NONE', *, *, #5276, .T. ) ;
#3846 = DIRECTION ( 'NONE',  ( -4.396540262891431990E-16, -0.7071067811865416886, -0.7071067811865533459 ) ) ;
#3847 = DIRECTION ( 'NONE',  ( -1.841791997293421075E-16, -1.000000000000000000, 0.000000000000000000 ) ) ;
#3848 = DIRECTION ( 'NONE',  ( 1.000000000000000000, 9.598933135901296437E-32, -5.256737805990325036E-16 ) ) ;
#3849 = ORIENTED_EDGE ( 'NONE', *, *, #670, .F. ) ;
#3850 = ORIENTED_EDGE ( 'NONE', *, *, #4518, .F. ) ;
#3851 = CARTESIAN_POINT ( 'NONE',  ( 60.00000000000000711, -35.92819897360492121, -23.39999999999998437 ) ) ;
#3852 = CARTESIAN_POINT ( 'NONE',  ( 63.00000000000001421, -47.57083966072418946, -4.965676038726633608E-14 ) ) ;
#3853 = CARTESIAN_POINT ( 'NONE',  ( 63.80000000000001137, -35.92819897360492121, -23.39999999999998437 ) ) ;
#3854 = ADVANCED_FACE ( 'NONE', ( #1194 ), #1309, .F. ) ;
#3855 = ORIENTED_EDGE ( 'NONE', *, *, #5359, .T. ) ;
#3856 = EDGE_CURVE ( 'NONE', #4575, #3153, #3406, .T. ) ;
#3857 = CARTESIAN_POINT ( 'NONE',  ( 63.00000000000001421, -89.37500000000000000, -32.75000000000003553 ) ) ;
#3858 = VERTEX_POINT ( 'NONE', #5503 ) ;
#3859 = CARTESIAN_POINT ( 'NONE',  ( 63.00000000000001421, -88.37500000000000000, -9.250000000000035527 ) ) ;
#3860 = CIRCLE ( 'NONE', #3044, 1.930000000000001048 ) ;
#3861 = LINE ( 'NONE', #3945, #5414 ) ;
#3862 = ORIENTED_EDGE ( 'NONE', *, *, #5201, .F. ) ;
#3863 = ADVANCED_FACE ( 'NONE', ( #1650 ), #5259, .F. ) ;
#3864 = CARTESIAN_POINT ( 'NONE',  ( 64.00000000000001421, -89.37500000000000000, -30.50000000000004263 ) ) ;
#3865 = ORIENTED_EDGE ( 'NONE', *, *, #4367, .F. ) ;
#3866 = VECTOR ( 'NONE', #3102, 1000.000000000000000 ) ;
#3867 = ADVANCED_FACE ( 'NONE', ( #4236 ), #383, .T. ) ;
#3868 = DIRECTION ( 'NONE',  ( -0.000000000000000000, 1.000000000000000000, 0.000000000000000000 ) ) ;
#3869 = FACE_OUTER_BOUND ( 'NONE', #4024, .T. ) ;
#3870 = DIRECTION ( 'NONE',  ( 0.000000000000000000, -0.000000000000000000, -1.000000000000000000 ) ) ;
#3871 = EDGE_CURVE ( 'NONE', #1802, #5046, #3042, .T. ) ;
#3872 = EDGE_CURVE ( 'NONE', #5109, #4261, #2230, .T. ) ;
#3873 = DIRECTION ( 'NONE',  ( -1.000000000000000000, 0.000000000000000000, 0.000000000000000000 ) ) ;
#3874 = ORIENTED_EDGE ( 'NONE', *, *, #4957, .F. ) ;
#3875 = CARTESIAN_POINT ( 'NONE',  ( 4.200000000000000178, 7.000000000000010658, -42.00000000000000000 ) ) ;
#3876 = LINE ( 'NONE', #2942, #2192 ) ;
#3877 = CARTESIAN_POINT ( 'NONE',  ( 4.200000000000000178, 8.000000000000000000, -42.00000000000000000 ) ) ;
#3878 = ORIENTED_EDGE ( 'NONE', *, *, #1227, .F. ) ;
#3879 = EDGE_CURVE ( 'NONE', #2571, #4419, #4184, .T. ) ;
#3880 = ORIENTED_EDGE ( 'NONE', *, *, #2662, .F. ) ;
#3881 = EDGE_CURVE ( 'NONE', #4138, #3501, #2149, .T. ) ;
#3882 = CARTESIAN_POINT ( 'NONE',  ( 53.80000000000001137, -87.00000000000000000, -1.000000000000063283 ) ) ;
#3883 = FACE_BOUND ( 'NONE', #511, .T. ) ;
#3884 = CARTESIAN_POINT ( 'NONE',  ( 59.80000000000001847, -39.22819897360492547, -12.45250000000000057 ) ) ;
#3885 = AXIS2_PLACEMENT_3D ( 'NONE', #28, #1223, #1732 ) ;
#3886 = AXIS2_PLACEMENT_3D ( 'NONE', #4927, #678, #2391 ) ;
#3887 = VERTEX_POINT ( 'NONE', #2675 ) ;
#3888 = MECHANICAL_DESIGN_GEOMETRIC_PRESENTATION_REPRESENTATION (  '', ( #4432 ), #3149 ) ;
#3889 = VECTOR ( 'NONE', #3943, 1000.000000000000114 ) ;
#3890 = DIRECTION ( 'NONE',  ( 0.000000000000000000, 0.000000000000000000, -1.000000000000000000 ) ) ;
#3891 = EDGE_LOOP ( 'NONE', ( #3561, #4322, #4006, #924 ) ) ;
#3892 = DIRECTION ( 'NONE',  ( -5.028183988338568473E-16, 3.456876491982768475E-16, -1.000000000000000000 ) ) ;
#3893 = DIRECTION ( 'NONE',  ( 0.000000000000000000, 0.000000000000000000, -1.000000000000000000 ) ) ;
#3894 = CIRCLE ( 'NONE', #3616, 3.000000000000002665 ) ;
#3895 = DIRECTION ( 'NONE',  ( -3.304235192336776005E-16, 1.348230680810990322E-16, -1.000000000000000000 ) ) ;
#3896 = ORIENTED_EDGE ( 'NONE', *, *, #952, .F. ) ;
#3897 = CARTESIAN_POINT ( 'NONE',  ( 59.39999999999999858, -87.00000000000000000, -28.62500000000002487 ) ) ;
#3898 = EDGE_CURVE ( 'NONE', #2604, #2699, #4746, .T. ) ;
#3899 = CONICAL_SURFACE ( 'NONE', #3903, 2.399999999999971489, 0.7853981633974561616 ) ;
#3900 = DIRECTION ( 'NONE',  ( -0.9396926207859096492, 0.000000000000000000, 0.3420201433256651047 ) ) ;
#3901 = DIRECTION ( 'NONE',  ( -0.4929090257579633594, -0.6152400719744883784, 0.6152400719744786084 ) ) ;
#3902 = CARTESIAN_POINT ( 'NONE',  ( 42.00000000000000711, 0.000000000000000000, -8.349999999999997868 ) ) ;
#3903 = AXIS2_PLACEMENT_3D ( 'NONE', #1744, #3451, #5177 ) ;
#3904 = VERTEX_POINT ( 'NONE', #3949 ) ;
#3905 = FACE_OUTER_BOUND ( 'NONE', #2667, .T. ) ;
#3906 = ADVANCED_FACE ( 'NONE', ( #4768 ), #4408, .F. ) ;
#3907 = DIRECTION ( 'NONE',  ( 0.000000000000000000, -1.000000000000000000, 0.000000000000000000 ) ) ;
#3908 = FACE_OUTER_BOUND ( 'NONE', #2417, .T. ) ;
#3909 = ORIENTED_EDGE ( 'NONE', *, *, #1349, .T. ) ;
#3910 = ORIENTED_EDGE ( 'NONE', *, *, #3991, .T. ) ;
#3911 = EDGE_CURVE ( 'NONE', #2336, #5310, #1336, .T. ) ;
#3912 = DIRECTION ( 'NONE',  ( -0.04430961977791336714, 0.9990178464848046280, 0.000000000000000000 ) ) ;
#3913 = ADVANCED_FACE ( 'NONE', ( #1784 ), #4897, .F. ) ;
#3914 = VERTEX_POINT ( 'NONE', #937 ) ;
#3915 = VECTOR ( 'NONE', #81, 1000.000000000000114 ) ;
#3916 = ADVANCED_FACE ( 'NONE', ( #3869 ), #5166, .F. ) ;
#3917 = EDGE_LOOP ( 'NONE', ( #2110, #1659, #5258, #2782 ) ) ;
#3918 = VECTOR ( 'NONE', #2981, 1000.000000000000114 ) ;
#3919 = DIRECTION ( 'NONE',  ( 0.7071067811865435759, 0.000000000000000000, -0.7071067811865514585 ) ) ;
#3920 = CARTESIAN_POINT ( 'NONE',  ( 60.87867965644037582, -45.44951931716452265, -34.80000000000001847 ) ) ;
#3921 = VERTEX_POINT ( 'NONE', #1757 ) ;
#3922 = DIRECTION ( 'NONE',  ( 0.000000000000000000, 1.000000000000000000, 0.000000000000000000 ) ) ;
#3923 = ORIENTED_EDGE ( 'NONE', *, *, #2052, .F. ) ;
#3924 = AXIS2_PLACEMENT_3D ( 'NONE', #5091, #865, #3331 ) ;
#3925 = DIRECTION ( 'NONE',  ( -0.000000000000000000, -0.000000000000000000, 1.000000000000000000 ) ) ;
#3926 = EDGE_LOOP ( 'NONE', ( #582, #4413, #467, #3669 ) ) ;
#3927 = CIRCLE ( 'NONE', #4287, 10.00000000000000178 ) ;
#3928 = DIRECTION ( 'NONE',  ( -0.7071067811865426878, 8.659560562354994488E-17, -0.7071067811865524577 ) ) ;
#3929 = VERTEX_POINT ( 'NONE', #498 ) ;
#3930 = CARTESIAN_POINT ( 'NONE',  ( 36.49999999999998579, 0.000000000000000000, -34.80000000000001137 ) ) ;
#3931 = VECTOR ( 'NONE', #24, 1000.000000000000000 ) ;
#3932 = ORIENTED_EDGE ( 'NONE', *, *, #5085, .T. ) ;
#3933 = CARTESIAN_POINT ( 'NONE',  ( 4.200000000000000178, 1.000000000000000888, -42.00000000000000000 ) ) ;
#3934 = DIRECTION ( 'NONE',  ( -6.217646867300384409E-16, 0.000000000000000000, -1.000000000000000000 ) ) ;
#3935 = DIRECTION ( 'NONE',  ( 0.000000000000000000, 0.000000000000000000, 1.000000000000000000 ) ) ;
#3936 = ORIENTED_EDGE ( 'NONE', *, *, #4256, .F. ) ;
#3937 = ADVANCED_FACE ( 'NONE', ( #887 ), #27, .T. ) ;
#3938 = ORIENTED_EDGE ( 'NONE', *, *, #3106, .F. ) ;
#3939 = CYLINDRICAL_SURFACE ( 'NONE', #3348, 1.375000000000001332 ) ;
#3940 = VERTEX_POINT ( 'NONE', #5275 ) ;
#3941 = EDGE_CURVE ( 'NONE', #4251, #157, #2204, .T. ) ;
#3942 = ORIENTED_EDGE ( 'NONE', *, *, #1068, .F. ) ;
#3943 = DIRECTION ( 'NONE',  ( -0.7070199436074144916, -0.01567158839168855330, 0.7070199436074274812 ) ) ;
#3944 = EDGE_LOOP ( 'NONE', ( #2390, #1204, #3417, #4399, #755, #3495, #2690, #506 ) ) ;
#3945 = CARTESIAN_POINT ( 'NONE',  ( 60.00000000000000000, -47.57083966072418235, -34.20000000000000284 ) ) ;
#3946 = VERTEX_POINT ( 'NONE', #543 ) ;
#3947 = ORIENTED_EDGE ( 'NONE', *, *, #632, .T. ) ;
#3948 = DIRECTION ( 'NONE',  ( -0.000000000000000000, 1.000000000000000000, -0.000000000000000000 ) ) ;
#3949 = CARTESIAN_POINT ( 'NONE',  ( 62.56997467337698282, -43.75822430022792986, -34.20000000000000284 ) ) ;
#3950 = DIRECTION ( 'NONE',  ( 0.000000000000000000, 0.000000000000000000, -1.000000000000000000 ) ) ;
#3951 = ORIENTED_EDGE ( 'NONE', *, *, #1698, .F. ) ;
#3952 = B_SPLINE_CURVE_WITH_KNOTS ( 'NONE', 3,
 ( #4626, #703, #758, #3283 ),
 .UNSPECIFIED., .F., .F.,
 ( 4, 4 ),
 ( 0.000000000000000000, 0.004242876362812573847 ),
 .UNSPECIFIED. ) ;
#3953 = CIRCLE ( 'NONE', #12, 12.99999999999999645 ) ;
#3954 = CARTESIAN_POINT ( 'NONE',  ( 48.15353161276349425, -27.53156693133804112, -3.000000000000002665 ) ) ;
#3955 = VERTEX_POINT ( 'NONE', #3097 ) ;
#3956 = LINE ( 'NONE', #3474, #2197 ) ;
#3957 = DIRECTION ( 'NONE',  ( 0.000000000000000000, 0.000000000000000000, 1.000000000000000000 ) ) ;
#3958 = ORIENTED_EDGE ( 'NONE', *, *, #1428, .F. ) ;
#3959 = ORIENTED_EDGE ( 'NONE', *, *, #838, .F. ) ;
#3960 = DIRECTION ( 'NONE',  ( 0.000000000000000000, -1.000000000000000000, 0.000000000000000000 ) ) ;
#3961 = ORIENTED_EDGE ( 'NONE', *, *, #2528, .F. ) ;
#3962 = EDGE_CURVE ( 'NONE', #4639, #4345, #2601, .T. ) ;
#3963 = VERTEX_POINT ( 'NONE', #1413 ) ;
#3964 = DIRECTION ( 'NONE',  ( -1.000000000000000000, 0.000000000000000000, 3.304235192336776005E-16 ) ) ;
#3965 = CARTESIAN_POINT ( 'NONE',  ( 42.29070357630711641, -1.300639286824831542, -13.67660601407857435 ) ) ;
#3966 = EDGE_LOOP ( 'NONE', ( #4597, #4403, #3024, #2956 ) ) ;
#3967 = VECTOR ( 'NONE', #4935, 1000.000000000000000 ) ;
#3968 = EDGE_CURVE ( 'NONE', #4138, #5532, #3177, .T. ) ;
#3969 = CIRCLE ( 'NONE', #4779, 1.000000000000000888 ) ;
#3970 = EDGE_CURVE ( 'NONE', #1266, #3236, #470, .T. ) ;
#3971 = CARTESIAN_POINT ( 'NONE',  ( 62.04106999581963322, -76.04342104489562360, -42.95893000418046626 ) ) ;
#3972 = VECTOR ( 'NONE', #5504, 1000.000000000000000 ) ;
#3973 = ORIENTED_EDGE ( 'NONE', *, *, #1329, .F. ) ;
#3974 = DIRECTION ( 'NONE',  ( -1.000000000000000000, 0.000000000000000000, 6.217646867300384409E-16 ) ) ;
#3975 = PRODUCT ( 'Forearm up - \X2\80548f745668\X0\D32d8\X2\7248672c\X0\', 'Forearm up - \X2\80548f745668\X0\D32d8\X2\7248672c\X0\', '', ( #1687 ) ) ;
#3976 = CARTESIAN_POINT ( 'NONE',  ( 42.00000000000000711, -9.999999999999994671, -19.50000000000000355 ) ) ;
#3977 = AXIS2_PLACEMENT_3D ( 'NONE', #4684, #2507, #2537 ) ;
#3978 = ORIENTED_EDGE ( 'NONE', *, *, #916, .F. ) ;
#3979 = EDGE_CURVE ( 'NONE', #4113, #5105, #4421, .T. ) ;
#3980 = ORIENTED_EDGE ( 'NONE', *, *, #4030, .T. ) ;
#3981 = AXIS2_PLACEMENT_3D ( 'NONE', #591, #4402, #5266 ) ;
#3982 = CIRCLE ( 'NONE', #2810, 1.000000000000000888 ) ;
#3983 = CARTESIAN_POINT ( 'NONE',  ( 52.00000000000001421, -46.18523055774763009, -18.09999999999997655 ) ) ;
#3984 = CARTESIAN_POINT ( 'NONE',  ( 41.99999999999999289, 0.000000000000000000, -2.602085213965210642E-15 ) ) ;
#3985 = ORIENTED_EDGE ( 'NONE', *, *, #838, .T. ) ;
#3986 = ORIENTED_EDGE ( 'NONE', *, *, #343, .F. ) ;
#3987 = VECTOR ( 'NONE', #159, 1000.000000000000000 ) ;
#3988 = CARTESIAN_POINT ( 'NONE',  ( 60.00000000000000711, -10.52819897360492085, -26.40000000000000213 ) ) ;
#3989 = DIRECTION ( 'NONE',  ( 1.000000000000000000, 0.000000000000000000, 0.000000000000000000 ) ) ;
#3990 = ORIENTED_EDGE ( 'NONE', *, *, #3618, .T. ) ;
#3991 = EDGE_CURVE ( 'NONE', #3946, #2640, #1480, .T. ) ;
#3992 = ORIENTED_EDGE ( 'NONE', *, *, #2839, .T. ) ;
#3993 = CARTESIAN_POINT ( 'NONE',  ( 59.80000000000001847, -39.22819897360492547, -10.52250000000000263 ) ) ;
#3994 = DIRECTION ( 'NONE',  ( 0.000000000000000000, 0.000000000000000000, -1.000000000000000000 ) ) ;
#3995 = VERTEX_POINT ( 'NONE', #1551 ) ;
#3996 = AXIS2_PLACEMENT_3D ( 'NONE', #774, #2960, #5138 ) ;
#3997 = ORIENTED_EDGE ( 'NONE', *, *, #2678, .F. ) ;
#3998 = AXIS2_PLACEMENT_3D ( 'NONE', #5383, #1525, #4952 ) ;
#3999 = ORIENTED_EDGE ( 'NONE', *, *, #2349, .F. ) ;
#4000 = CARTESIAN_POINT ( 'NONE',  ( 63.00000000000001421, -87.00000000000000000, -9.250000000000033751 ) ) ;
#4001 = PLANE ( 'NONE',  #1577 ) ;
#4002 = VECTOR ( 'NONE', #4557, 1000.000000000000000 ) ;
#4003 = LINE ( 'NONE', #155, #913 ) ;
#4004 = ORIENTED_EDGE ( 'NONE', *, *, #786, .F. ) ;
#4005 = CARTESIAN_POINT ( 'NONE',  ( -2.549235215593159166E-14, 8.000000000000000000, -41.00000000000002132 ) ) ;
#4006 = ORIENTED_EDGE ( 'NONE', *, *, #2392, .F. ) ;
#4007 = EDGE_CURVE ( 'NONE', #1529, #4830, #4928, .T. ) ;
#4008 = AXIS2_PLACEMENT_3D ( 'NONE', #5411, #3229, #654 ) ;
#4009 = CARTESIAN_POINT ( 'NONE',  ( 59.39999999999999858, -85.12500000000001421, -11.50000000000003020 ) ) ;
#4010 = CARTESIAN_POINT ( 'NONE',  ( 52.00000000000001421, -46.18523055774759456, -4.400000000000000355 ) ) ;
#4011 = VERTEX_POINT ( 'NONE', #2702 ) ;
#4012 = ADVANCED_FACE ( 'NONE', ( #1438 ), #4510, .F. ) ;
#4013 = VECTOR ( 'NONE', #3625, 1000.000000000000000 ) ;
#4014 = ORIENTED_EDGE ( 'NONE', *, *, #1294, .F. ) ;
#4015 = LINE ( 'NONE', #165, #1653 ) ;
#4016 = DIRECTION ( 'NONE',  ( 0.000000000000000000, 0.000000000000000000, 1.000000000000000000 ) ) ;
#4017 = ORIENTED_EDGE ( 'NONE', *, *, #5453, .T. ) ;
#4018 = LINE ( 'NONE', #168, #2663 ) ;
#4019 = ORIENTED_EDGE ( 'NONE', *, *, #1499, .T. ) ;
#4020 = DIRECTION ( 'NONE',  ( 0.000000000000000000, 0.000000000000000000, 1.000000000000000000 ) ) ;
#4021 = CARTESIAN_POINT ( 'NONE',  ( 4.200000000000000178, 7.000000000000015987, -42.00000000000000000 ) ) ;
#4022 = VERTEX_POINT ( 'NONE', #3634 ) ;
#4023 = ADVANCED_FACE ( 'NONE', ( #5358 ), #4902, .T. ) ;
#4024 = EDGE_LOOP ( 'NONE', ( #901, #5392, #3476, #2694 ) ) ;
#4025 = CARTESIAN_POINT ( 'NONE',  ( 60.00000000000000000, -47.57083966072418235, -34.80000000000001847 ) ) ;
#4026 = FACE_OUTER_BOUND ( 'NONE', #4061, .T. ) ;
#4027 = ADVANCED_FACE ( 'NONE', ( #3602 ), #3181, .F. ) ;
#4028 = DIRECTION ( 'NONE',  ( -0.000000000000000000, 1.000000000000000000, 0.000000000000000000 ) ) ;
#4029 = ORIENTED_EDGE ( 'NONE', *, *, #4115, .T. ) ;
#4030 = EDGE_CURVE ( 'NONE', #4093, #2522, #1072, .T. ) ;
#4031 = LINE ( 'NONE', #4465, #1766 ) ;
#4032 = VERTEX_POINT ( 'NONE', #1498 ) ;
#4033 = LINE ( 'NONE', #5252, #3866 ) ;
#4034 = DIRECTION ( 'NONE',  ( 0.000000000000000000, 1.000000000000000000, 0.000000000000000000 ) ) ;
#4035 = CARTESIAN_POINT ( 'NONE',  ( 60.87867965644037582, -45.44951931716452265, -15.60000000000000675 ) ) ;
#4036 = LINE ( 'NONE', #2371, #3967 ) ;
#4037 = ORIENTED_EDGE ( 'NONE', *, *, #1535, .T. ) ;
#4038 = ADVANCED_FACE ( 'NONE', ( #4088 ), #4001, .T. ) ;
#4039 = ADVANCED_FACE ( 'NONE', ( #3143 ), #3174, .F. ) ;
#4040 = VECTOR ( 'NONE', #3047, 1000.000000000000114 ) ;
#4041 = CARTESIAN_POINT ( 'NONE',  ( 52.00000000000002132, -46.18523055774773667, -37.59999999999997300 ) ) ;
#4042 = ORIENTED_EDGE ( 'NONE', *, *, #3079, .F. ) ;
#4043 = AXIS2_PLACEMENT_3D ( 'NONE', #3781, #1559, #244 ) ;
#4044 = CARTESIAN_POINT ( 'NONE',  ( 50.18808331631544917, -36.63437161758102434, -32.99051626016852623 ) ) ;
#4045 = CARTESIAN_POINT ( 'NONE',  ( 59.39999999999999858, -87.00000000000000000, -30.50000000000004263 ) ) ;
#4046 = LINE ( 'NONE', #2268, #3918 ) ;
#4047 = VERTEX_POINT ( 'NONE', #2333 ) ;
#4048 = FACE_OUTER_BOUND ( 'NONE', #4883, .T. ) ;
#4049 = EDGE_CURVE ( 'NONE', #5507, #3843, #1920, .T. ) ;
#4050 = DIRECTION ( 'NONE',  ( -1.000000000000000000, -0.000000000000000000, -0.000000000000000000 ) ) ;
#4051 = CARTESIAN_POINT ( 'NONE',  ( 59.80000000000001847, -39.22819897360492547, -10.52250000000000263 ) ) ;
#4052 = FACE_BOUND ( 'NONE', #4876, .T. ) ;
#4053 = VERTEX_POINT ( 'NONE', #651 ) ;
#4054 = AXIS2_PLACEMENT_3D ( 'NONE', #2542, #4351, #416 ) ;
#4055 = CYLINDRICAL_SURFACE ( 'NONE', #3272, 16.50000000000000000 ) ;
#4056 = ORIENTED_EDGE ( 'NONE', *, *, #4328, .F. ) ;
#4057 = DIRECTION ( 'NONE',  ( -1.000000000000000000, 0.000000000000000000, 6.217646867300384409E-16 ) ) ;
#4058 = ORIENTED_EDGE ( 'NONE', *, *, #3656, .T. ) ;
#4059 = VECTOR ( 'NONE', #3269, 1000.000000000000000 ) ;
#4060 = AXIS2_PLACEMENT_3D ( 'NONE', #255, #1939, #3681 ) ;
#4061 = EDGE_LOOP ( 'NONE', ( #110, #5270, #3730, #2804, #1006 ) ) ;
#4062 = LINE ( 'NONE', #3609, #5301 ) ;
#4063 = CARTESIAN_POINT ( 'NONE',  ( 48.15353161276349425, -9.999999999999994671, -3.000000000000002665 ) ) ;
#4064 = VECTOR ( 'NONE', #4789, 1000.000000000000000 ) ;
#4065 = CARTESIAN_POINT ( 'NONE',  ( 36.50000000000000000, 8.000000000000000000, -5.500000000000011546 ) ) ;
#4066 = CARTESIAN_POINT ( 'NONE',  ( 60.27433276148052954, 8.000000000000000000, -26.40000000000000213 ) ) ;
#4067 = ORIENTED_EDGE ( 'NONE', *, *, #182, .F. ) ;
#4068 = CARTESIAN_POINT ( 'NONE',  ( 36.49999999999998579, 8.000000000000000000, -36.50000000000001421 ) ) ;
#4069 = AXIS2_PLACEMENT_3D ( 'NONE', #3853, #3006, #4734 ) ;
#4070 = CIRCLE ( 'NONE', #288, 1.699999999999999289 ) ;
#4071 = ORIENTED_EDGE ( 'NONE', *, *, #1251, .F. ) ;
#4072 = EDGE_CURVE ( 'NONE', #5475, #5272, #5299, .T. ) ;
#4073 = LINE ( 'NONE', #2775, #3788 ) ;
#4074 = FACE_OUTER_BOUND ( 'NONE', #2953, .T. ) ;
#4075 = AXIS2_PLACEMENT_3D ( 'NONE', #2050, #5486, #369 ) ;
#4076 = CARTESIAN_POINT ( 'NONE',  ( 42.00000000000000000, 0.000000000000000000, -22.50000000000000355 ) ) ;
#4077 = EDGE_LOOP ( 'NONE', ( #3910, #2994 ) ) ;
#4078 = ADVANCED_FACE ( 'NONE', ( #4026 ), #4055, .F. ) ;
#4079 = CARTESIAN_POINT ( 'NONE',  ( 63.80000000000002558, -42.52819897360492263, -15.59999999999999254 ) ) ;
#4080 = ADVANCED_FACE ( 'NONE', ( #1947 ), #3664, .T. ) ;
#4081 = FACE_OUTER_BOUND ( 'NONE', #5022, .T. ) ;
#4082 = DIRECTION ( 'NONE',  ( 0.000000000000000000, -1.000000000000000000, 0.000000000000000000 ) ) ;
#4083 = EDGE_CURVE ( 'NONE', #3054, #2586, #1099, .T. ) ;
#4084 = ORIENTED_EDGE ( 'NONE', *, *, #2293, .F. ) ;
#4085 = VECTOR ( 'NONE', #3547, 1000.000000000000000 ) ;
#4086 = DIRECTION ( 'NONE',  ( -1.000000000000000000, 0.000000000000000000, 0.000000000000000000 ) ) ;
#4087 = CARTESIAN_POINT ( 'NONE',  ( 42.87364948594029812, -3.908802426041710909, -9.750000000000005329 ) ) ;
#4088 = FACE_OUTER_BOUND ( 'NONE', #534, .T. ) ;
#4089 = FACE_OUTER_BOUND ( 'NONE', #1599, .T. ) ;
#4090 = ORIENTED_EDGE ( 'NONE', *, *, #2666, .T. ) ;
#4091 = TOROIDAL_SURFACE ( 'NONE', #3456, 2.899999999999998135, 1.000000000000000000 ) ;
#4092 = CARTESIAN_POINT ( 'NONE',  ( 50.18808331631544917, -36.63437161758102434, -18.75948373983148443 ) ) ;
#4093 = VERTEX_POINT ( 'NONE', #2394 ) ;
#4094 = CARTESIAN_POINT ( 'NONE',  ( 63.00000000000001421, -85.62499999999998579, -32.75000000000003553 ) ) ;
#4095 = VECTOR ( 'NONE', #2158, 1000.000000000000000 ) ;
#4096 = CARTESIAN_POINT ( 'NONE',  ( 59.39999999999999858, -87.00000000000000000, -30.50000000000004263 ) ) ;
#4097 = FACE_OUTER_BOUND ( 'NONE', #2345, .T. ) ;
#4098 = EDGE_LOOP ( 'NONE', ( #835, #2643 ) ) ;
#4099 = VECTOR ( 'NONE', #3298, 1000.000000000000114 ) ;
#4100 = ORIENTED_EDGE ( 'NONE', *, *, #2120, .T. ) ;
#4101 = ADVANCED_FACE ( 'NONE', ( #4117 ), #263, .F. ) ;
#4102 = DIRECTION ( 'NONE',  ( 0.000000000000000000, 0.000000000000000000, -1.000000000000000000 ) ) ;
#4103 = CARTESIAN_POINT ( 'NONE',  ( 52.00000000000002132, -85.62499999999998579, -30.50000000000004263 ) ) ;
#4104 = AXIS2_PLACEMENT_3D ( 'NONE', #4763, #3164, #2146 ) ;
#4105 = DIRECTION ( 'NONE',  ( 0.000000000000000000, 0.000000000000000000, -1.000000000000000000 ) ) ;
#4106 = ORIENTED_EDGE ( 'NONE', *, *, #919, .F. ) ;
#4107 = CARTESIAN_POINT ( 'NONE',  ( 52.00000000000001421, -46.18523055774763009, -14.15000000000003055 ) ) ;
#4108 = B_SPLINE_CURVE_WITH_KNOTS ( 'NONE', 3,
 ( #535, #1885, #1011, #4894 ),
 .UNSPECIFIED., .F., .F.,
 ( 4, 4 ),
 ( 8.673617379884035472E-19, 0.004242876362812532214 ),
 .UNSPECIFIED. ) ;
#4109 = DIRECTION ( 'NONE',  ( 1.000000000000000000, -0.000000000000000000, 0.000000000000000000 ) ) ;
#4110 = DIRECTION ( 'NONE',  ( -0.000000000000000000, -0.000000000000000000, -1.000000000000000000 ) ) ;
#4111 = CARTESIAN_POINT ( 'NONE',  ( 51.49933179446948373, -42.98259040445616108, -23.71777167594343894 ) ) ;
#4112 = ADVANCED_FACE ( 'NONE', ( #4574 ), #2535, .F. ) ;
#4113 = VERTEX_POINT ( 'NONE', #2480 ) ;
#4114 = CARTESIAN_POINT ( 'NONE',  ( 63.80000000000001137, -35.92819897360492121, -31.20000000000000639 ) ) ;
#4115 = EDGE_CURVE ( 'NONE', #2080, #5158, #735, .T. ) ;
#4116 = LINE ( 'NONE', #3663, #4507 ) ;
#4117 = FACE_OUTER_BOUND ( 'NONE', #5501, .T. ) ;
#4118 = ADVANCED_FACE ( 'NONE', ( #3719 ), #4091, .T. ) ;
#4119 = CARTESIAN_POINT ( 'NONE',  ( 60.27433276148052954, 8.000000000000000000, -39.00000000000000000 ) ) ;
#4120 = EDGE_LOOP ( 'NONE', ( #2225, #1111 ) ) ;
#4121 = DIRECTION ( 'NONE',  ( -0.7071067811865426878, 0.000000000000000000, 0.7071067811865524577 ) ) ;
#4122 = ORIENTED_EDGE ( 'NONE', *, *, #3941, .T. ) ;
#4123 = LINE ( 'NONE', #657, #986 ) ;
#4124 = LINE ( 'NONE', #1925, #3002 ) ;
#4125 = CARTESIAN_POINT ( 'NONE',  ( 63.00000000000001421, -89.37500000000000000, -11.50000000000003020 ) ) ;
#4126 = ORIENTED_EDGE ( 'NONE', *, *, #4850, .T. ) ;
#4127 = ORIENTED_EDGE ( 'NONE', *, *, #1456, .F. ) ;
#4128 = DIRECTION ( 'NONE',  ( 0.04430961977791336714, -0.9990178464848046280, 0.000000000000000000 ) ) ;
#4129 = DIRECTION ( 'NONE',  ( 0.000000000000000000, 0.000000000000000000, 1.000000000000000000 ) ) ;
#4130 = VECTOR ( 'NONE', #832, 1000.000000000000114 ) ;
#4131 = DIRECTION ( 'NONE',  ( 0.000000000000000000, -1.000000000000000000, 0.000000000000000000 ) ) ;
#4132 = ORIENTED_EDGE ( 'NONE', *, *, #2392, .T. ) ;
#4133 = CARTESIAN_POINT ( 'NONE',  ( 64.00000000000001421, -76.00000000000002842, 50.97570028453421997 ) ) ;
#4134 = CIRCLE ( 'NONE', #3314, 17.49999999999999645 ) ;
#4135 = CARTESIAN_POINT ( 'NONE',  ( 64.00000000000001421, -87.00000000000000000, -21.00000000000003553 ) ) ;
#4136 = CARTESIAN_POINT ( 'NONE',  ( 64.00000000000001421, -76.00000000000002842, -31.20000000000000284 ) ) ;
#4137 = CYLINDRICAL_SURFACE ( 'NONE', #4343, 3.000000000000002665 ) ;
#4138 = VERTEX_POINT ( 'NONE', #4174 ) ;
#4139 = ORIENTED_EDGE ( 'NONE', *, *, #1251, .T. ) ;
#4140 = CARTESIAN_POINT ( 'NONE',  ( 0.000000000000000000, 0.000000000000000000, -23.39999999999999147 ) ) ;
#4141 = CARTESIAN_POINT ( 'NONE',  ( 63.00000000000001421, -87.00000000000000000, -21.00000000000003553 ) ) ;
#4142 = DIRECTION ( 'NONE',  ( -0.000000000000000000, -1.000000000000000000, -0.000000000000000000 ) ) ;
#4143 = ORIENTED_EDGE ( 'NONE', *, *, #3633, .T. ) ;
#4144 = DIRECTION ( 'NONE',  ( 0.000000000000000000, 0.000000000000000000, -1.000000000000000000 ) ) ;
#4145 = EDGE_LOOP ( 'NONE', ( #192, #1440 ) ) ;
#4146 = FACE_OUTER_BOUND ( 'NONE', #2191, .T. ) ;
#4147 = ORIENTED_EDGE ( 'NONE', *, *, #3560, .F. ) ;
#4148 = PLANE ( 'NONE',  #4495 ) ;
#4149 = EDGE_CURVE ( 'NONE', #4943, #2945, #1610, .T. ) ;
#4150 = PLANE ( 'NONE',  #3360 ) ;
#4151 = B_SPLINE_CURVE_WITH_KNOTS ( 'NONE', 3,
 ( #184, #1560, #2313, #1476 ),
 .UNSPECIFIED., .F., .F.,
 ( 4, 4 ),
 ( 0.000000000000000000, 0.004242876362812487111 ),
 .UNSPECIFIED. ) ;
#4152 = AXIS2_PLACEMENT_3D ( 'NONE', #3364, #1295, #1175 ) ;
#4153 = CYLINDRICAL_SURFACE ( 'NONE', #2709, 10.00000000000000178 ) ;
#4154 = ORIENTED_EDGE ( 'NONE', *, *, #1582, .F. ) ;
#4155 = AXIS2_PLACEMENT_3D ( 'NONE', #5435, #1944, #4086 ) ;
#4156 = EDGE_CURVE ( 'NONE', #3245, #4830, #5389, .T. ) ;
#4157 = FACE_OUTER_BOUND ( 'NONE', #4683, .T. ) ;
#4158 = ORIENTED_EDGE ( 'NONE', *, *, #4400, .T. ) ;
#4159 = AXIS2_PLACEMENT_3D ( 'NONE', #1973, #4875, #3202 ) ;
#4160 = FACE_OUTER_BOUND ( 'NONE', #1031, .T. ) ;
#4161 = CARTESIAN_POINT ( 'NONE',  ( 52.00000000000001421, -9.999999999999994671, -9.797174393178803964E-16 ) ) ;
#4162 = CARTESIAN_POINT ( 'NONE',  ( 48.15353161276343030, 0.000000000000000000, -22.50000000000000355 ) ) ;
#4163 = CARTESIAN_POINT ( 'NONE',  ( 60.00000000000000000, -47.57083966072418235, -34.20000000000000284 ) ) ;
#4164 = ORIENTED_EDGE ( 'NONE', *, *, #1966, .F. ) ;
#4165 = VECTOR ( 'NONE', #1669, 1000.000000000000114 ) ;
#4166 = VECTOR ( 'NONE', #3393, 1000.000000000000000 ) ;
#4167 = DIRECTION ( 'NONE',  ( 0.000000000000000000, 0.000000000000000000, 1.000000000000000000 ) ) ;
#4168 = AXIS2_PLACEMENT_3D ( 'NONE', #4452, #1351, #3994 ) ;
#4169 = DIRECTION ( 'NONE',  ( -0.2174420766755847112, 0.9728594024390662121, -0.07914244358694116910 ) ) ;
#4170 = VECTOR ( 'NONE', #5372, 1000.000000000000114 ) ;
#4171 = VERTEX_POINT ( 'NONE', #5468 ) ;
#4172 = PLANE ( 'NONE',  #1987 ) ;
#4173 = LINE ( 'NONE', #5467, #2526 ) ;
#4174 = CARTESIAN_POINT ( 'NONE',  ( 52.00000000000002132, -9.999999999999994671, -33.65000000000002700 ) ) ;
#4175 = VERTEX_POINT ( 'NONE', #3775 ) ;
#4176 = CARTESIAN_POINT ( 'NONE',  ( 63.00000000000001421, -85.62499999999998579, -30.50000000000004263 ) ) ;
#4177 = ORIENTED_EDGE ( 'NONE', *, *, #4827, .F. ) ;
#4178 = ADVANCED_FACE ( 'NONE', ( #819 ), #5045, .F. ) ;
#4179 = DIRECTION ( 'NONE',  ( 0.7071067811865442421, -0.000000000000000000, 0.7071067811865509034 ) ) ;
#4180 = ORIENTED_EDGE ( 'NONE', *, *, #5289, .T. ) ;
#4181 = LINE ( 'NONE', #4211, #178 ) ;
#4182 = DIRECTION ( 'NONE',  ( -0.000000000000000000, -0.000000000000000000, -1.000000000000000000 ) ) ;
#4183 = ADVANCED_FACE ( 'NONE', ( #1185 ), #2874, .T. ) ;
#4184 = CIRCLE ( 'NONE', #2644, 6.153531612763413428 ) ;
#4185 = DIRECTION ( 'NONE',  ( 0.000000000000000000, 0.000000000000000000, -1.000000000000000000 ) ) ;
#4186 = ORIENTED_EDGE ( 'NONE', *, *, #1007, .T. ) ;
#4187 = ADVANCED_FACE ( 'NONE', ( #1584 ), #3094, .T. ) ;
#4188 = ORIENTED_EDGE ( 'NONE', *, *, #2016, .F. ) ;
#4189 = CIRCLE ( 'NONE', #5441, 1.700000000000000178 ) ;
#4190 = CARTESIAN_POINT ( 'NONE',  ( 63.80000000000001137, -10.52819897360492085, -18.60000000000000497 ) ) ;
#4191 = LINE ( 'NONE', #2157, #130 ) ;
#4192 = EDGE_CURVE ( 'NONE', #2035, #3660, #376, .T. ) ;
#4193 = DIRECTION ( 'NONE',  ( 0.000000000000000000, 0.000000000000000000, -1.000000000000000000 ) ) ;
#4194 = ORIENTED_EDGE ( 'NONE', *, *, #3591, .T. ) ;
#4195 = VECTOR ( 'NONE', #2584, 1000.000000000000000 ) ;
#4196 =( LENGTH_UNIT ( ) NAMED_UNIT ( * ) SI_UNIT ( .MILLI., .METRE. ) );
#4197 = AXIS2_PLACEMENT_3D ( 'NONE', #4878, #627, #1557 ) ;
#4198 = DIRECTION ( 'NONE',  ( 0.000000000000000000, 0.000000000000000000, -1.000000000000000000 ) ) ;
#4199 = DIRECTION ( 'NONE',  ( 0.000000000000000000, 0.000000000000000000, -1.000000000000000000 ) ) ;
#4200 = ORIENTED_EDGE ( 'NONE', *, *, #2016, .T. ) ;
#4201 = CARTESIAN_POINT ( 'NONE',  ( 59.39999999999999858, -87.00000000000000000, -11.50000000000003197 ) ) ;
#4202 = DIRECTION ( 'NONE',  ( 0.2174420766755847112, -0.9728594024390662121, -0.07914244358694116910 ) ) ;
#4203 = LINE ( 'NONE', #5437, #1002 ) ;
#4204 = CARTESIAN_POINT ( 'NONE',  ( 5.499999999999989342, 8.000000000000000000, -36.50000000000000711 ) ) ;
#4205 = ORIENTED_EDGE ( 'NONE', *, *, #1104, .T. ) ;
#4206 = SURFACE_SIDE_STYLE ('',( #4662 ) ) ;
#4207 = VERTEX_POINT ( 'NONE', #764 ) ;
#4208 = EDGE_CURVE ( 'NONE', #1867, #5464, #4729, .T. ) ;
#4209 = CARTESIAN_POINT ( 'NONE',  ( 63.80000000000001137, -7.228198973604920141, -33.40749999999999886 ) ) ;
#4210 = ORIENTED_EDGE ( 'NONE', *, *, #776, .F. ) ;
#4211 = CARTESIAN_POINT ( 'NONE',  ( 52.00000000000002132, -85.62499999999998579, -30.50000000000004263 ) ) ;
#4212 = DIRECTION ( 'NONE',  ( -0.000000000000000000, -1.000000000000000000, -0.000000000000000000 ) ) ;
#4213 = CARTESIAN_POINT ( 'NONE',  ( 36.49999999999998579, 8.000000000000000000, -34.80000000000001137 ) ) ;
#4214 = EDGE_CURVE ( 'NONE', #5475, #2214, #291, .T. ) ;
#4215 = CARTESIAN_POINT ( 'NONE',  ( 60.27433276148052954, 8.000000000000000000, -15.60000000000000675 ) ) ;
#4216 = ORIENTED_EDGE ( 'NONE', *, *, #1469, .F. ) ;
#4217 = CARTESIAN_POINT ( 'NONE',  ( 63.80000000000001137, -10.52819897360492085, -26.40000000000000213 ) ) ;
#4218 = EDGE_CURVE ( 'NONE', #5068, #5205, #1156, .T. ) ;
#4219 = LINE ( 'NONE', #1287, #2637 ) ;
#4220 = CARTESIAN_POINT ( 'NONE',  ( 43.05499388327440613, -9.999999999999998224, -7.199999999999992184 ) ) ;
#4221 = ORIENTED_EDGE ( 'NONE', *, *, #540, .F. ) ;
#4222 = CARTESIAN_POINT ( 'NONE',  ( 54.80000000000000426, -86.99999999999998579, -21.00000000000003553 ) ) ;
#4223 = DIRECTION ( 'NONE',  ( 0.000000000000000000, 0.000000000000000000, -1.000000000000000000 ) ) ;
#4224 = CARTESIAN_POINT ( 'NONE',  ( -96.19999999999997442, -69.35331204931708271, 33.00000000000000711 ) ) ;
#4225 = EDGE_CURVE ( 'NONE', #202, #5046, #4189, .T. ) ;
#4226 = ORIENTED_EDGE ( 'NONE', *, *, #4248, .F. ) ;
#4227 = LINE ( 'NONE', #5129, #3526 ) ;
#4228 = ORIENTED_EDGE ( 'NONE', *, *, #2628, .F. ) ;
#4229 = DIRECTION ( 'NONE',  ( 0.000000000000000000, 1.000000000000000000, 0.000000000000000000 ) ) ;
#4230 = ORIENTED_EDGE ( 'NONE', *, *, #5330, .T. ) ;
#4231 = PLANE ( 'NONE',  #1735 ) ;
#4232 = VERTEX_POINT ( 'NONE', #3803 ) ;
#4233 = DIRECTION ( 'NONE',  ( 0.000000000000000000, 0.000000000000000000, -1.000000000000000000 ) ) ;
#4234 = ORIENTED_EDGE ( 'NONE', *, *, #2010, .F. ) ;
#4235 = DIRECTION ( 'NONE',  ( -1.000000000000000000, 0.000000000000000000, 0.000000000000000000 ) ) ;
#4236 = FACE_OUTER_BOUND ( 'NONE', #2258, .T. ) ;
#4237 = DIRECTION ( 'NONE',  ( -0.2181262695449070477, 0.9759205554421027662, -0.000000000000000000 ) ) ;
#4238 = CYLINDRICAL_SURFACE ( 'NONE', #4819, 1.700000000000000178 ) ;
#4239 = ADVANCED_FACE ( 'NONE', ( #2029 ), #5525, .F. ) ;
#4240 = EDGE_LOOP ( 'NONE', ( #771, #1151, #2766, #3823 ) ) ;
#4241 = LINE ( 'NONE', #474, #809 ) ;
#4242 = PLANE ( 'NONE',  #3234 ) ;
#4243 = VECTOR ( 'NONE', #246, 1000.000000000000000 ) ;
#4244 = CIRCLE ( 'NONE', #733, 1.375000000000001332 ) ;
#4245 = DIRECTION ( 'NONE',  ( -1.000000000000000000, 1.841791997293421322E-16, -0.000000000000000000 ) ) ;
#4246 = CARTESIAN_POINT ( 'NONE',  ( 52.00000000000001421, -108.0000000000000000, -14.15000000000003055 ) ) ;
#4247 = EDGE_CURVE ( 'NONE', #760, #147, #2321, .T. ) ;
#4248 = EDGE_CURVE ( 'NONE', #1855, #4652, #4046, .T. ) ;
#4249 = AXIS2_PLACEMENT_3D ( 'NONE', #2002, #3259, #4989 ) ;
#4250 = AXIS2_PLACEMENT_3D ( 'NONE', #1913, #4109, #1964 ) ;
#4251 = VERTEX_POINT ( 'NONE', #3859 ) ;
#4252 = LINE ( 'NONE', #368, #639 ) ;
#4253 = DIRECTION ( 'NONE',  ( 0.000000000000000000, 0.000000000000000000, -1.000000000000000000 ) ) ;
#4254 = VECTOR ( 'NONE', #3922, 1000.000000000000000 ) ;
#4255 = CARTESIAN_POINT ( 'NONE',  ( 52.00000000000001421, -46.18523055774759456, -8.349999999999999645 ) ) ;
#4256 = EDGE_CURVE ( 'NONE', #420, #4652, #5262, .T. ) ;
#4257 = VECTOR ( 'NONE', #1608, 1000.000000000000000 ) ;
#4258 = AXIS2_PLACEMENT_3D ( 'NONE', #5339, #1481, #4917 ) ;
#4259 = ORIENTED_EDGE ( 'NONE', *, *, #1704, .F. ) ;
#4260 = CARTESIAN_POINT ( 'NONE',  ( 60.00000000000000000, -57.18147956208619576, -15.60000000000000675 ) ) ;
#4261 = VERTEX_POINT ( 'NONE', #4712 ) ;
#4262 = DIRECTION ( 'NONE',  ( 0.7071067811865514585, 0.000000000000000000, 0.7071067811865435759 ) ) ;
#4263 = EDGE_CURVE ( 'NONE', #2317, #2760, #191, .T. ) ;
#4264 = CIRCLE ( 'NONE', #4713, 18.00000000000000000 ) ;
#4265 = FILL_AREA_STYLE_COLOUR ( '', #4705 ) ;
#4266 = ORIENTED_EDGE ( 'NONE', *, *, #1646, .F. ) ;
#4267 = LINE ( 'NONE', #3377, #2482 ) ;
#4268 = ORIENTED_EDGE ( 'NONE', *, *, #5416, .F. ) ;
#4269 = DIRECTION ( 'NONE',  ( 1.000000000000000000, -0.000000000000000000, 0.000000000000000000 ) ) ;
#4270 = CARTESIAN_POINT ( 'NONE',  ( 42.00000000000001421, -9.999999999999994671, -29.25000000000000000 ) ) ;
#4271 = DIRECTION ( 'NONE',  ( -1.000000000000000000, 0.000000000000000000, -1.652117596168386030E-16 ) ) ;
#4272 = ORIENTED_EDGE ( 'NONE', *, *, #1244, .T. ) ;
#4273 = AXIS2_PLACEMENT_3D ( 'NONE', #4775, #915, #1821 ) ;
#4274 = CARTESIAN_POINT ( 'NONE',  ( 59.80000000000001847, -7.228198973604922806, -10.52249999999999908 ) ) ;
#4275 = ORIENTED_EDGE ( 'NONE', *, *, #3337, .F. ) ;
#4276 = LINE ( 'NONE', #3875, #454 ) ;
#4277 = VECTOR ( 'NONE', #2173, 1000.000000000000000 ) ;
#4278 = DIRECTION ( 'NONE',  ( 1.000000000000000000, 0.000000000000000000, 0.000000000000000000 ) ) ;
#4279 = CARTESIAN_POINT ( 'NONE',  ( 62.56997467337698282, -43.75822430022792986, -15.60000000000003517 ) ) ;
#4280 = ORIENTED_EDGE ( 'NONE', *, *, #5453, .F. ) ;
#4281 = ORIENTED_EDGE ( 'NONE', *, *, #3481, .T. ) ;
#4282 = CARTESIAN_POINT ( 'NONE',  ( 48.15353161276343030, -9.999999999999994671, -29.25000000000000000 ) ) ;
#4283 = FACE_BOUND ( 'NONE', #1226, .T. ) ;
#4284 = ADVANCED_FACE ( 'NONE', ( #5131 ), #2562, .T. ) ;
#4285 = AXIS2_PLACEMENT_3D ( 'NONE', #2658, #2742, #2632 ) ;
#4286 = CARTESIAN_POINT ( 'NONE',  ( 60.00000000000001421, -47.57083966072418946, -7.200000000000002842 ) ) ;
#4287 = AXIS2_PLACEMENT_3D ( 'NONE', #1132, #1922, #2849 ) ;
#4288 = ORIENTED_EDGE ( 'NONE', *, *, #3276, .F. ) ;
#4289 = DIRECTION ( 'NONE',  ( -1.000000000000000000, 0.000000000000000000, -1.734723475976805517E-15 ) ) ;
#4290 = EDGE_LOOP ( 'NONE', ( #2590, #1786, #3311, #908, #597 ) ) ;
#4291 = FACE_OUTER_BOUND ( 'NONE', #2727, .T. ) ;
#4292 = EDGE_CURVE ( 'NONE', #5458, #933, #140, .T. ) ;
#4293 = AXIS2_PLACEMENT_3D ( 'NONE', #3416, #5121, #4334 ) ;
#4294 = EDGE_LOOP ( 'NONE', ( #3608, #4770, #2042, #4373 ) ) ;
#4295 = FACE_OUTER_BOUND ( 'NONE', #2708, .T. ) ;
#4296 = ORIENTED_EDGE ( 'NONE', *, *, #4225, .F. ) ;
#4297 = ADVANCED_FACE ( 'NONE', ( #4317 ), #2689, .F. ) ;
#4298 = LINE ( 'NONE', #5165, #2795 ) ;
#4299 = ADVANCED_FACE ( 'NONE', ( #4291 ), #1854, .T. ) ;
#4300 = CARTESIAN_POINT ( 'NONE',  ( 52.00000000000002132, -9.999999999999994671, -33.65000000000002700 ) ) ;
#4301 = LINE ( 'NONE', #3383, #199 ) ;
#4302 = CARTESIAN_POINT ( 'NONE',  ( 59.80000000000000426, -39.22819897360492547, -31.47750000000000625 ) ) ;
#4303 = ORIENTED_EDGE ( 'NONE', *, *, #664, .T. ) ;
#4304 = LINE ( 'NONE', #4693, #4130 ) ;
#4305 = DIRECTION ( 'NONE',  ( 0.000000000000000000, 0.000000000000000000, -1.000000000000000000 ) ) ;
#4306 = FACE_OUTER_BOUND ( 'NONE', #89, .T. ) ;
#4307 = ORIENTED_EDGE ( 'NONE', *, *, #2033, .T. ) ;
#4308 = ORIENTED_EDGE ( 'NONE', *, *, #2458, .T. ) ;
#4309 = DIRECTION ( 'NONE',  ( 0.000000000000000000, 1.000000000000000000, 0.000000000000000000 ) ) ;
#4310 = FACE_BOUND ( 'NONE', #4691, .T. ) ;
#4311 = LINE ( 'NONE', #3884, #2357 ) ;
#4312 = ADVANCED_FACE ( 'NONE', ( #4739 ), #1404, .F. ) ;
#4313 = EDGE_LOOP ( 'NONE', ( #5538, #1315, #3880, #2093 ) ) ;
#4314 = PLANE ( 'NONE',  #5150 ) ;
#4315 = DIRECTION ( 'NONE',  ( 0.000000000000000000, -1.000000000000000000, 0.000000000000000000 ) ) ;
#4316 = ORIENTED_EDGE ( 'NONE', *, *, #2666, .F. ) ;
#4317 = FACE_OUTER_BOUND ( 'NONE', #1023, .T. ) ;
#4318 = VECTOR ( 'NONE', #133, 1000.000000000000000 ) ;
#4319 = CARTESIAN_POINT ( 'NONE',  ( 60.00000000000000000, -57.18147956208619576, 50.97570028453421997 ) ) ;
#4320 = EDGE_LOOP ( 'NONE', ( #3184, #2102, #904, #3675 ) ) ;
#4321 = DIRECTION ( 'NONE',  ( 1.000000000000000000, -0.000000000000000000, 0.000000000000000000 ) ) ;
#4322 = ORIENTED_EDGE ( 'NONE', *, *, #3758, .T. ) ;
#4323 = CIRCLE ( 'NONE', #897, 1.700000000000000178 ) ;
#4324 = FACE_OUTER_BOUND ( 'NONE', #329, .T. ) ;
#4325 = DIRECTION ( 'NONE',  ( -1.000000000000000000, 0.000000000000000000, 0.000000000000000000 ) ) ;
#4326 = EDGE_CURVE ( 'NONE', #1765, #5230, #556, .T. ) ;
#4327 = ORIENTED_EDGE ( 'NONE', *, *, #1632, .T. ) ;
#4328 = EDGE_CURVE ( 'NONE', #2522, #3392, #4889, .T. ) ;
#4329 = DIRECTION ( 'NONE',  ( 0.000000000000000000, 0.000000000000000000, 1.000000000000000000 ) ) ;
#4330 = CARTESIAN_POINT ( 'NONE',  ( -96.19999999999997442, -69.35331204931708271, -40.99999999999992184 ) ) ;
#4331 = EDGE_CURVE ( 'NONE', #3673, #1952, #2721, .T. ) ;
#4332 = LINE ( 'NONE', #4246, #3186 ) ;
#4333 = EDGE_LOOP ( 'NONE', ( #2343, #4042, #3708, #2208 ) ) ;
#4334 = DIRECTION ( 'NONE',  ( 1.000000000000000000, 0.000000000000000000, 0.000000000000000000 ) ) ;
#4335 = VERTEX_POINT ( 'NONE', #1722 ) ;
#4336 = AXIS2_PLACEMENT_3D ( 'NONE', #5079, #26, #2599 ) ;
#4337 = DIRECTION ( 'NONE',  ( 0.9990178464848046280, 0.04430961977791336714, 0.000000000000000000 ) ) ;
#4338 = ORIENTED_EDGE ( 'NONE', *, *, #4496, .F. ) ;
#4339 = AXIS2_PLACEMENT_3D ( 'NONE', #1101, #177, #4144 ) ;
#4340 = AXIS2_PLACEMENT_3D ( 'NONE', #2815, #1581, #2871 ) ;
#4341 = ORIENTED_EDGE ( 'NONE', *, *, #987, .F. ) ;
#4342 = FACE_OUTER_BOUND ( 'NONE', #4698, .T. ) ;
#4343 = AXIS2_PLACEMENT_3D ( 'NONE', #3395, #4627, #4568 ) ;
#4344 = CARTESIAN_POINT ( 'NONE',  ( 63.00000000000001421, -87.00000000000000000, -12.87500000000003375 ) ) ;
#4345 = VERTEX_POINT ( 'NONE', #3429 ) ;
#4346 = CARTESIAN_POINT ( 'NONE',  ( 51.16400387175757203, -36.41624534803611368, -2.700299500906185554E-14 ) ) ;
#4347 = ORIENTED_EDGE ( 'NONE', *, *, #710, .F. ) ;
#4348 = VECTOR ( 'NONE', #4034, 1000.000000000000000 ) ;
#4349 = CARTESIAN_POINT ( 'NONE',  ( 50.18808331631544917, -36.63437161758102434, -39.00000000000000000 ) ) ;
#4350 = VERTEX_POINT ( 'NONE', #584 ) ;
#4351 = DIRECTION ( 'NONE',  ( -0.9759205554421028772, -0.2181262695449070477, 0.000000000000000000 ) ) ;
#4352 = AXIS2_PLACEMENT_3D ( 'NONE', #5517, #3365, #4678 ) ;
#4353 = DIRECTION ( 'NONE',  ( -1.000000000000000000, 0.000000000000000000, 0.000000000000000000 ) ) ;
#4354 = EDGE_CURVE ( 'NONE', #2232, #2278, #3732, .T. ) ;
#4355 = ADVANCED_FACE ( 'NONE', ( #1879 ), #2297, .F. ) ;
#4356 = LINE ( 'NONE', #128, #3425 ) ;
#4357 = FACE_OUTER_BOUND ( 'NONE', #4777, .T. ) ;
#4358 = VECTOR ( 'NONE', #2494, 1000.000000000000000 ) ;
#4359 = ORIENTED_EDGE ( 'NONE', *, *, #3962, .T. ) ;
#4360 = DIRECTION ( 'NONE',  ( 0.7071067811865507924, 0.000000000000000000, -0.7071067811865441310 ) ) ;
#4361 = ADVANCED_FACE ( 'NONE', ( #2167 ), #3013, .F. ) ;
#4362 = DIRECTION ( 'NONE',  ( 1.000000000000000000, 9.598933135901296437E-32, -5.256737805990325036E-16 ) ) ;
#4363 = CARTESIAN_POINT ( 'NONE',  ( 61.03731512000088344, -9.202426843997557171, -0.9999999999999444888 ) ) ;
#4364 = ORIENTED_EDGE ( 'NONE', *, *, #4370, .F. ) ;
#4365 = VERTEX_POINT ( 'NONE', #5309 ) ;
#4366 = VECTOR ( 'NONE', #2768, 1000.000000000000000 ) ;
#4367 = EDGE_CURVE ( 'NONE', #4335, #822, #4458, .T. ) ;
#4368 = EDGE_CURVE ( 'NONE', #3904, #2697, #4620, .T. ) ;
#4369 = CARTESIAN_POINT ( 'NONE',  ( 48.15353161276343030, -9.999999999999994671, -29.25000000000000000 ) ) ;
#4370 = EDGE_CURVE ( 'NONE', #4830, #4379, #223, .T. ) ;
#4371 = ORIENTED_EDGE ( 'NONE', *, *, #283, .T. ) ;
#4372 = VECTOR ( 'NONE', #5073, 1000.000000000000000 ) ;
#4373 = ORIENTED_EDGE ( 'NONE', *, *, #3170, .F. ) ;
#4374 = VECTOR ( 'NONE', #680, 1000.000000000000000 ) ;
#4375 = LINE ( 'NONE', #94, #3889 ) ;
#4376 = FACE_BOUND ( 'NONE', #1635, .T. ) ;
#4377 = VERTEX_POINT ( 'NONE', #1538 ) ;
#4378 = CARTESIAN_POINT ( 'NONE',  ( 60.87867965644037582, -45.44951931716452265, -34.80000000000001847 ) ) ;
#4379 = VERTEX_POINT ( 'NONE', #4562 ) ;
#4380 = VECTOR ( 'NONE', #3154, 999.9999999999998863 ) ;
#4381 = PLANE ( 'NONE',  #1856 ) ;
#4382 = ORIENTED_EDGE ( 'NONE', *, *, #5001, .T. ) ;
#4383 = DIRECTION ( 'NONE',  ( 0.000000000000000000, 0.000000000000000000, 1.000000000000000000 ) ) ;
#4384 = VECTOR ( 'NONE', #4614, 1000.000000000000000 ) ;
#4385 = DIRECTION ( 'NONE',  ( 0.2181262695449070199, -0.9759205554421027662, -1.898724963116534103E-16 ) ) ;
#4386 = LINE ( 'NONE', #4823, #3605 ) ;
#4387 = ORIENTED_EDGE ( 'NONE', *, *, #1704, .T. ) ;
#4388 = CARTESIAN_POINT ( 'NONE',  ( 42.00000000000001421, 3.939980611418549862E-15, -1.000000000000047962 ) ) ;
#4389 = ORIENTED_EDGE ( 'NONE', *, *, #1084, .T. ) ;
#4390 = CARTESIAN_POINT ( 'NONE',  ( 42.00000000000000000, 0.000000000000000000, -23.90000000000003055 ) ) ;
#4391 = ADVANCED_FACE ( 'NONE', ( #3622 ), #1085, .T. ) ;
#4392 = DIRECTION ( 'NONE',  ( 0.7064122937757809639, 0.03133163261675982886, 0.7071067811865534569 ) ) ;
#4393 = VERTEX_POINT ( 'NONE', #4163 ) ;
#4394 = ORIENTED_EDGE ( 'NONE', *, *, #2250, .T. ) ;
#4395 = ADVANCED_FACE ( 'NONE', ( #252, #1961 ), #3678, .F. ) ;
#4396 = EDGE_CURVE ( 'NONE', #822, #4335, #3464, .T. ) ;
#4397 = CARTESIAN_POINT ( 'NONE',  ( 64.00000000000001421, -76.00000000000002842, -0.9999999999999592548 ) ) ;
#4398 = ORIENTED_EDGE ( 'NONE', *, *, #2681, .T. ) ;
#4399 = ORIENTED_EDGE ( 'NONE', *, *, #1456, .T. ) ;
#4400 = EDGE_CURVE ( 'NONE', #2380, #1880, #5395, .T. ) ;
#4401 = LINE ( 'NONE', #3116, #1545 ) ;
#4402 = DIRECTION ( 'NONE',  ( 0.9781476007338054668, 0.2079116908177600642, 0.000000000000000000 ) ) ;
#4403 = ORIENTED_EDGE ( 'NONE', *, *, #3481, .F. ) ;
#4404 = EDGE_CURVE ( 'NONE', #4345, #2609, #4995, .T. ) ;
#4405 = CARTESIAN_POINT ( 'NONE',  ( 59.89999999999997016, -87.00000000000000000, -22.90000000000003411 ) ) ;
#4406 = ORIENTED_EDGE ( 'NONE', *, *, #2965, .F. ) ;
#4407 = LINE ( 'NONE', #1891, #3060 ) ;
#4408 = CYLINDRICAL_SURFACE ( 'NONE', #3268, 3.000000000000002665 ) ;
#4409 = CARTESIAN_POINT ( 'NONE',  ( 59.80000000000000426, -39.22819897360492547, -33.40750000000000597 ) ) ;
#4410 = ORIENTED_EDGE ( 'NONE', *, *, #2499, .F. ) ;
#4411 = DIRECTION ( 'NONE',  ( 0.000000000000000000, 0.000000000000000000, -1.000000000000000000 ) ) ;
#4412 = DIRECTION ( 'NONE',  ( -0.7064122937757937315, -0.03133163261676066846, 0.7071067811865404673 ) ) ;
#4413 = ORIENTED_EDGE ( 'NONE', *, *, #2967, .F. ) ;
#4414 = ORIENTED_EDGE ( 'NONE', *, *, #1777, .F. ) ;
#4415 = DIRECTION ( 'NONE',  ( -1.000000000000000000, 0.000000000000000000, 0.000000000000000000 ) ) ;
#4416 = DIRECTION ( 'NONE',  ( 0.000000000000000000, 0.000000000000000000, -1.000000000000000000 ) ) ;
#4417 = ORIENTED_EDGE ( 'NONE', *, *, #2442, .F. ) ;
#4418 = ORIENTED_EDGE ( 'NONE', *, *, #1231, .T. ) ;
#4419 = VERTEX_POINT ( 'NONE', #3277 ) ;
#4420 = EDGE_CURVE ( 'NONE', #274, #1384, #4975, .T. ) ;
#4421 = B_SPLINE_CURVE_WITH_KNOTS ( 'NONE', 3,
 ( #3469, #5193, #5405, #3201 ),
 .UNSPECIFIED., .F., .F.,
 ( 4, 4 ),
 ( 0.000000000000000000, 0.004242876362812563439 ),
 .UNSPECIFIED. ) ;
#4422 = AXIS2_PLACEMENT_3D ( 'NONE', #1477, #5391, #4913 ) ;
#4423 = VECTOR ( 'NONE', #4629, 1000.000000000000000 ) ;
#4424 = DIRECTION ( 'NONE',  ( -0.000000000000000000, -1.000000000000000000, 0.000000000000000000 ) ) ;
#4425 = ORIENTED_EDGE ( 'NONE', *, *, #360, .F. ) ;
#4426 = ADVANCED_FACE ( 'NONE', ( #4919 ), #341, .F. ) ;
#4427 = VECTOR ( 'NONE', #4486, 1000.000000000000000 ) ;
#4428 = CIRCLE ( 'NONE', #3066, 1.700000000000000178 ) ;
#4429 = VERTEX_POINT ( 'NONE', #1062 ) ;
#4430 = CARTESIAN_POINT ( 'NONE',  ( 59.39999999999999858, -85.12499999999997158, -32.75000000000003553 ) ) ;
#4431 = DIRECTION ( 'NONE',  ( -0.000000000000000000, 0.000000000000000000, -1.000000000000000000 ) ) ;
#4432 = STYLED_ITEM ( 'NONE', ( #2877 ), #2233 ) ;
#4433 = LINE ( 'NONE', #4845, #5149 ) ;
#4434 = ORIENTED_EDGE ( 'NONE', *, *, #3036, .T. ) ;
#4435 = CIRCLE ( 'NONE', #3071, 6.153531612763406322 ) ;
#4436 = DIRECTION ( 'NONE',  ( 1.000000000000000000, -0.000000000000000000, 0.000000000000000000 ) ) ;
#4437 = ORIENTED_EDGE ( 'NONE', *, *, #1935, .T. ) ;
#4438 = VECTOR ( 'NONE', #2162, 1000.000000000000000 ) ;
#4439 = CARTESIAN_POINT ( 'NONE',  ( 63.80000000000001137, -10.52819897360491375, -15.60000000000000853 ) ) ;
#4440 = CARTESIAN_POINT ( 'NONE',  ( 59.90000000000002700, -87.00000000000000000, -30.50000000000004263 ) ) ;
#4441 = EDGE_LOOP ( 'NONE', ( #1849, #2135, #3431, #2653, #2084, #3701, #1688, #3455, #2536, #3120, #83, #941, #3959, #1410 ) ) ;
#4442 = APPLICATION_CONTEXT ( 'automotive_design' ) ;
#4443 = VECTOR ( 'NONE', #4082, 1000.000000000000000 ) ;
#4444 = ORIENTED_EDGE ( 'NONE', *, *, #2376, .F. ) ;
#4445 = CARTESIAN_POINT ( 'NONE',  ( 60.00000000000000711, -47.57083966072418235, -18.60000000000000497 ) ) ;
#4446 = DIRECTION ( 'NONE',  ( 2.471015800063868937E-17, -5.571225606499637017E-16, 1.000000000000000000 ) ) ;
#4447 = EDGE_LOOP ( 'NONE', ( #2305, #3936, #2510, #4788 ) ) ;
#4448 = EDGE_CURVE ( 'NONE', #54, #537, #2409, .T. ) ;
#4449 = VECTOR ( 'NONE', #4362, 1000.000000000000000 ) ;
#4450 = ORIENTED_EDGE ( 'NONE', *, *, #1632, .F. ) ;
#4451 = DIRECTION ( 'NONE',  ( 1.000000000000000000, 9.598933135901296437E-32, -5.256737805990325036E-16 ) ) ;
#4452 = CARTESIAN_POINT ( 'NONE',  ( 63.80000000000001137, -7.228198973604920141, -31.47749999999999915 ) ) ;
#4453 = VERTEX_POINT ( 'NONE', #3707 ) ;
#4454 = VECTOR ( 'NONE', #2882, 1000.000000000000227 ) ;
#4455 = EDGE_CURVE ( 'NONE', #2725, #4811, #2861, .T. ) ;
#4456 = CARTESIAN_POINT ( 'NONE',  ( 52.00000000000002132, -87.00000000000000000, -12.87500000000003375 ) ) ;
#4457 = ORIENTED_EDGE ( 'NONE', *, *, #5027, .T. ) ;
#4458 = CIRCLE ( 'NONE', #2740, 2.399999999999971489 ) ;
#4459 = ORIENTED_EDGE ( 'NONE', *, *, #3525, .T. ) ;
#4460 = FACE_OUTER_BOUND ( 'NONE', #3342, .T. ) ;
#4461 = EDGE_CURVE ( 'NONE', #4093, #3722, #2435, .T. ) ;
#4462 = CIRCLE ( 'NONE', #1938, 1.875000000000015543 ) ;
#4463 = DIRECTION ( 'NONE',  ( 0.000000000000000000, 1.000000000000000000, 0.000000000000000000 ) ) ;
#4464 = ORIENTED_EDGE ( 'NONE', *, *, #2079, .F. ) ;
#4465 = CARTESIAN_POINT ( 'NONE',  ( 60.00000000000000000, -57.18147956208619576, -23.40000000000000568 ) ) ;
#4466 = ORIENTED_EDGE ( 'NONE', *, *, #4744, .T. ) ;
#4467 = ADVANCED_FACE ( 'NONE', ( #1569 ), #4589, .F. ) ;
#4468 = AXIS2_PLACEMENT_3D ( 'NONE', #295, #354, #2034 ) ;
#4469 = CARTESIAN_POINT ( 'NONE',  ( 59.89999999999997726, -87.00000000000000000, -11.50000000000003197 ) ) ;
#4470 = LINE ( 'NONE', #3610, #4348 ) ;
#4471 = FACE_OUTER_BOUND ( 'NONE', #2199, .T. ) ;
#4472 = LINE ( 'NONE', #1137, #396 ) ;
#4473 = ORIENTED_EDGE ( 'NONE', *, *, #1469, .T. ) ;
#4474 = EDGE_CURVE ( 'NONE', #431, #1867, #754, .T. ) ;
#4475 = ORIENTED_EDGE ( 'NONE', *, *, #1948, .F. ) ;
#4476 = DIRECTION ( 'NONE',  ( 0.000000000000000000, -1.000000000000000000, -1.348230680810990076E-16 ) ) ;
#4477 = DIRECTION ( 'NONE',  ( 8.659560562354947649E-17, 0.7071067811865464625, -0.7071067811865486830 ) ) ;
#4478 = DIRECTION ( 'NONE',  ( 0.000000000000000000, 0.000000000000000000, -1.000000000000000000 ) ) ;
#4479 = EDGE_LOOP ( 'NONE', ( #1843, #2639, #4971, #2436 ) ) ;
#4480 = DIRECTION ( 'NONE',  ( -0.000000000000000000, 0.000000000000000000, -1.000000000000000000 ) ) ;
#4481 = CARTESIAN_POINT ( 'NONE',  ( 63.00000000000001421, -87.00000000000000000, -35.12500000000003553 ) ) ;
#4482 = LINE ( 'NONE', #4566, #3794 ) ;
#4483 = VERTEX_POINT ( 'NONE', #5373 ) ;
#4484 = LINE ( 'NONE', #2332, #2527 ) ;
#4485 = CARTESIAN_POINT ( 'NONE',  ( -8.704705614219725844E-16, 8.000000000000000000, -0.9999999999999069633 ) ) ;
#4486 = DIRECTION ( 'NONE',  ( -0.000000000000000000, 0.000000000000000000, -1.000000000000000000 ) ) ;
#4487 = EDGE_CURVE ( 'NONE', #794, #5243, #1513, .T. ) ;
#4488 = PLANE ( 'NONE',  #4008 ) ;
#4489 = ORIENTED_EDGE ( 'NONE', *, *, #2857, .F. ) ;
#4490 = LINE ( 'NONE', #658, #3086 ) ;
#4491 = DIRECTION ( 'NONE',  ( -0.9759205554421028772, -0.2181262695449070477, 0.000000000000000000 ) ) ;
#4492 = ORIENTED_EDGE ( 'NONE', *, *, #4518, .T. ) ;
#4493 = EDGE_CURVE ( 'NONE', #3442, #3660, #2569, .T. ) ;
#4494 = EDGE_LOOP ( 'NONE', ( #445, #5440, #4417, #5307 ) ) ;
#4495 = AXIS2_PLACEMENT_3D ( 'NONE', #3353, #687, #1616 ) ;
#4496 = EDGE_CURVE ( 'NONE', #2336, #1393, #4697, .T. ) ;
#4497 = CARTESIAN_POINT ( 'NONE',  ( 60.00000000000000000, -57.18147956208619576, 50.97570028453421997 ) ) ;
#4498 = DIRECTION ( 'NONE',  ( -1.000000000000000000, 0.000000000000000000, 0.000000000000000000 ) ) ;
#4499 = CARTESIAN_POINT ( 'NONE',  ( 4.249651130712180702, 7.119868433152375609, -0.1198684331522913427 ) ) ;
#4500 = ORIENTED_EDGE ( 'NONE', *, *, #2414, .F. ) ;
#4501 = CARTESIAN_POINT ( 'NONE',  ( 64.00000000000001421, -87.00000000000000000, -13.87500000000003375 ) ) ;
#4502 = CARTESIAN_POINT ( 'NONE',  ( 63.79999999999999716, -42.52819897360491552, -34.80000000000001847 ) ) ;
#4503 = FACE_BOUND ( 'NONE', #4120, .T. ) ;
#4504 = CARTESIAN_POINT ( 'NONE',  ( 0.000000000000000000, 0.000000000000000000, -7.799999999999990052 ) ) ;
#4505 = EDGE_LOOP ( 'NONE', ( #3204, #219, #4784, #4864 ) ) ;
#4506 = DIRECTION ( 'NONE',  ( 0.000000000000000000, 0.000000000000000000, 1.000000000000000000 ) ) ;
#4507 = VECTOR ( 'NONE', #650, 1000.000000000000000 ) ;
#4508 = TOROIDAL_SURFACE ( 'NONE', #1904, 2.375000000000001332, 1.000000000000000000 ) ;
#4509 = CARTESIAN_POINT ( 'NONE',  ( 36.49999999999998579, 8.000000000000000000, -36.50000000000001421 ) ) ;
#4510 = CYLINDRICAL_SURFACE ( 'NONE', #1931, 12.99999999999999467 ) ;
#4511 = CARTESIAN_POINT ( 'NONE',  ( 52.00000000000002132, -108.0000000000000000, -33.65000000000002700 ) ) ;
#4512 = EDGE_LOOP ( 'NONE', ( #4090, #5233, #359, #4308 ) ) ;
#4513 = CIRCLE ( 'NONE', #1367, 1.930000000000001048 ) ;
#4514 = AXIS2_PLACEMENT_3D ( 'NONE', #4135, #1575, #727 ) ;
#4515 = CARTESIAN_POINT ( 'NONE',  ( 63.00000000000001421, -87.00000000000000000, -32.75000000000003553 ) ) ;
#4516 = EDGE_LOOP ( 'NONE', ( #3148, #551, #592, #271 ) ) ;
#4517 = DIRECTION ( 'NONE',  ( -1.000000000000000000, 0.000000000000000000, 3.304235192336776005E-16 ) ) ;
#4518 = EDGE_CURVE ( 'NONE', #337, #4868, #2968, .T. ) ;
#4519 = EDGE_CURVE ( 'NONE', #136, #3029, #4332, .T. ) ;
#4520 = AXIS2_PLACEMENT_3D ( 'NONE', #5399, #1889, #1861 ) ;
#4521 = LINE ( 'NONE', #3671, #1205 ) ;
#4522 = CARTESIAN_POINT ( 'NONE',  ( 59.39999999999999858, -87.00000000000000000, -9.250000000000033751 ) ) ;
#4523 = ORIENTED_EDGE ( 'NONE', *, *, #2909, .T. ) ;
#4524 = CYLINDRICAL_SURFACE ( 'NONE', #4999, 1.700000000000000178 ) ;
#4525 = CIRCLE ( 'NONE', #1290, 2.375000000000002220 ) ;
#4526 = CIRCLE ( 'NONE', #3421, 1.899999999999999023 ) ;
#4527 = VERTEX_POINT ( 'NONE', #3362 ) ;
#4528 = DIRECTION ( 'NONE',  ( 1.652117596168386277E-16, 0.000000000000000000, -1.000000000000000000 ) ) ;
#4529 = DIRECTION ( 'NONE',  ( 0.000000000000000000, -0.000000000000000000, 1.000000000000000000 ) ) ;
#4530 = EDGE_CURVE ( 'NONE', #3351, #3904, #1203, .T. ) ;
#4531 = DIRECTION ( 'NONE',  ( 0.000000000000000000, 0.000000000000000000, -1.000000000000000000 ) ) ;
#4532 = VERTEX_POINT ( 'NONE', #2495 ) ;
#4533 = DIRECTION ( 'NONE',  ( 0.000000000000000000, 0.000000000000000000, 1.000000000000000000 ) ) ;
#4534 = EDGE_CURVE ( 'NONE', #2949, #4093, #4674, .T. ) ;
#4535 = VECTOR ( 'NONE', #1143, 1000.000000000000000 ) ;
#4536 = EDGE_CURVE ( 'NONE', #3029, #5158, #5088, .T. ) ;
#4537 = CARTESIAN_POINT ( 'NONE',  ( 64.00000000000001421, -76.00000000000002842, -18.60000000000000497 ) ) ;
#4538 = CARTESIAN_POINT ( 'NONE',  ( 65.38182725906868598, -104.6128276687175997, -13.22941319760695400 ) ) ;
#4539 = VECTOR ( 'NONE', #1506, 1000.000000000000114 ) ;
#4540 = EDGE_LOOP ( 'NONE', ( #816, #4920, #4316, #10 ) ) ;
#4541 = VECTOR ( 'NONE', #3151, 1000.000000000000114 ) ;
#4542 = DIRECTION ( 'NONE',  ( 0.2181262695449070199, -0.9759205554421027662, -1.356232116511810426E-16 ) ) ;
#4543 = DIRECTION ( 'NONE',  ( 1.000000000000000000, -0.000000000000000000, 0.000000000000000000 ) ) ;
#4544 = CARTESIAN_POINT ( 'NONE',  ( 60.00000000000001421, -47.57083966072418946, -7.200000000000002842 ) ) ;
#4545 = CARTESIAN_POINT ( 'NONE',  ( 36.50000000000000000, 8.000000000000000000, -3.800000000000012257 ) ) ;
#4546 = ORIENTED_EDGE ( 'NONE', *, *, #3492, .T. ) ;
#4547 = VECTOR ( 'NONE', #4229, 1000.000000000000000 ) ;
#4548 = CARTESIAN_POINT ( 'NONE',  ( 60.00000000000000711, -35.92819897360492831, -10.80000000000000782 ) ) ;
#4549 = ORIENTED_EDGE ( 'NONE', *, *, #2965, .T. ) ;
#4550 = APPLICATION_CONTEXT ( 'automotive_design' ) ;
#4551 = DIRECTION ( 'NONE',  ( -0.7071067811865420216, 8.659560562355001884E-17, -0.7071067811865531239 ) ) ;
#4552 = PRODUCT_DEFINITION ( 'æœ', '', #5006, #3535 ) ;
#4553 = VECTOR ( 'NONE', #451, 1000.000000000000000 ) ;
#4554 = CARTESIAN_POINT ( 'NONE',  ( 50.18808331631544917, -36.63437161758102434, -28.50948373983148443 ) ) ;
#4555 = DIRECTION ( 'NONE',  ( 0.000000000000000000, 0.000000000000000000, -1.000000000000000000 ) ) ;
#4556 = ORIENTED_EDGE ( 'NONE', *, *, #2568, .T. ) ;
#4557 = DIRECTION ( 'NONE',  ( -3.304235192336776005E-16, 2.514091994169284236E-16, -1.000000000000000000 ) ) ;
#4558 = TOROIDAL_SURFACE ( 'NONE', #4910, 2.375000000000001332, 1.000000000000000000 ) ;
#4559 = VERTEX_POINT ( 'NONE', #3762 ) ;
#4560 = LINE ( 'NONE', #4497, #4707 ) ;
#4561 = CARTESIAN_POINT ( 'NONE',  ( 43.05499388327440613, 8.000000000000000000, -0.9999999999999453770 ) ) ;
#4562 = CARTESIAN_POINT ( 'NONE',  ( 52.00000000000001421, -9.999999999999994671, -4.400000000000000355 ) ) ;
#4563 = ORIENTED_EDGE ( 'NONE', *, *, #1166, .T. ) ;
#4564 = DIRECTION ( 'NONE',  ( -0.7071067811865376918, 0.7071067811865574537, 0.000000000000000000 ) ) ;
#4565 = ADVANCED_FACE ( 'NONE', ( #4306 ), #392, .F. ) ;
#4566 = CARTESIAN_POINT ( 'NONE',  ( 52.00000000000002132, -85.62499999999998579, -32.75000000000003553 ) ) ;
#4567 = DIRECTION ( 'NONE',  ( -0.000000000000000000, 1.000000000000000000, 0.000000000000000000 ) ) ;
#4568 = DIRECTION ( 'NONE',  ( 1.000000000000000000, 0.000000000000000000, -3.304235192336780935E-16 ) ) ;
#4569 = EDGE_CURVE ( 'NONE', #1241, #109, #331, .T. ) ;
#4570 = VERTEX_POINT ( 'NONE', #3819 ) ;
#4571 = LINE ( 'NONE', #762, #289 ) ;
#4572 = EDGE_CURVE ( 'NONE', #2820, #2278, #5542, .T. ) ;
#4573 = LINE ( 'NONE', #3256, #2074 ) ;
#4574 = FACE_OUTER_BOUND ( 'NONE', #2325, .T. ) ;
#4575 = VERTEX_POINT ( 'NONE', #5119 ) ;
#4576 = DIRECTION ( 'NONE',  ( 0.000000000000000000, 0.000000000000000000, 1.000000000000000000 ) ) ;
#4577 = CARTESIAN_POINT ( 'NONE',  ( 52.00000000000001421, -46.18523055774763009, -18.09999999999997655 ) ) ;
#4578 = ORIENTED_EDGE ( 'NONE', *, *, #1358, .T. ) ;
#4579 = DIRECTION ( 'NONE',  ( 1.000000000000000000, -0.000000000000000000, -0.000000000000000000 ) ) ;
#4580 = LINE ( 'NONE', #5334, #2923 ) ;
#4581 = FACE_OUTER_BOUND ( 'NONE', #4773, .T. ) ;
#4582 = ORIENTED_EDGE ( 'NONE', *, *, #16, .F. ) ;
#4583 = EDGE_CURVE ( 'NONE', #2604, #5306, #1671, .T. ) ;
#4584 = ORIENTED_EDGE ( 'NONE', *, *, #4256, .T. ) ;
#4585 = DIRECTION ( 'NONE',  ( -1.000000000000000000, -0.000000000000000000, -0.000000000000000000 ) ) ;
#4586 = CARTESIAN_POINT ( 'NONE',  ( 52.00000000000002132, -46.18523055774773667, -33.65000000000002700 ) ) ;
#4587 = DIRECTION ( 'NONE',  ( 0.000000000000000000, -1.000000000000000000, 0.000000000000000000 ) ) ;
#4588 = CIRCLE ( 'NONE', #2152, 1.375000000000001332 ) ;
#4589 = PLANE ( 'NONE',  #69 ) ;
#4590 = ORIENTED_EDGE ( 'NONE', *, *, #1646, .T. ) ;
#4591 = DIRECTION ( 'NONE',  ( 0.000000000000000000, 0.000000000000000000, -1.000000000000000000 ) ) ;
#4592 = AXIS2_PLACEMENT_3D ( 'NONE', #2825, #3264, #5444 ) ;
#4593 = DIRECTION ( 'NONE',  ( 0.000000000000000000, 0.000000000000000000, 1.000000000000000000 ) ) ;
#4594 = CARTESIAN_POINT ( 'NONE',  ( 42.00000000000001421, 0.000000000000000000, -39.00000000000000000 ) ) ;
#4595 = EDGE_CURVE ( 'NONE', #1354, #5422, #5147, .T. ) ;
#4596 = DIRECTION ( 'NONE',  ( 0.000000000000000000, -1.000000000000000000, -0.000000000000000000 ) ) ;
#4597 = ORIENTED_EDGE ( 'NONE', *, *, #972, .F. ) ;
#4598 = EDGE_CURVE ( 'NONE', #3995, #4559, #2921, .T. ) ;
#4599 = LINE ( 'NONE', #731, #2626 ) ;
#4600 = DIRECTION ( 'NONE',  ( -0.7071067811865474617, 0.7071067811865474617, 0.000000000000000000 ) ) ;
#4601 = CARTESIAN_POINT ( 'NONE',  ( -18.19289321881347732, 8.000000000000000000, -18.19289321881364785 ) ) ;
#4602 = ORIENTED_EDGE ( 'NONE', *, *, #3461, .F. ) ;
#4603 = EDGE_CURVE ( 'NONE', #2243, #2670, #5173, .T. ) ;
#4604 =( NAMED_UNIT ( * ) PLANE_ANGLE_UNIT ( ) SI_UNIT ( $, .RADIAN. ) );
#4605 = VERTEX_POINT ( 'NONE', #2132 ) ;
#4606 = FACE_OUTER_BOUND ( 'NONE', #247, .T. ) ;
#4607 = ORIENTED_EDGE ( 'NONE', *, *, #2004, .T. ) ;
#4608 = DIRECTION ( 'NONE',  ( 0.000000000000000000, 0.000000000000000000, -1.000000000000000000 ) ) ;
#4609 = FACE_OUTER_BOUND ( 'NONE', #1670, .T. ) ;
#4610 = VECTOR ( 'NONE', #1759, 1000.000000000000114 ) ;
#4611 = DIRECTION ( 'NONE',  ( -0.000000000000000000, -0.000000000000000000, -1.000000000000000000 ) ) ;
#4612 = ORIENTED_EDGE ( 'NONE', *, *, #2939, .F. ) ;
#4613 = CIRCLE ( 'NONE', #4340, 18.00000000000000000 ) ;
#4614 = DIRECTION ( 'NONE',  ( 5.028183988338571431E-16, -3.456876491982767982E-16, 1.000000000000000000 ) ) ;
#4615 = ORIENTED_EDGE ( 'NONE', *, *, #5388, .F. ) ;
#4616 = VECTOR ( 'NONE', #2954, 1000.000000000000000 ) ;
#4617 = FACE_OUTER_BOUND ( 'NONE', #2207, .T. ) ;
#4618 = AXIS2_PLACEMENT_3D ( 'NONE', #643, #5430, #5011 ) ;
#4619 = FACE_OUTER_BOUND ( 'NONE', #5386, .T. ) ;
#4620 = LINE ( 'NONE', #2835, #327 ) ;
#4621 = ORIENTED_EDGE ( 'NONE', *, *, #2374, .F. ) ;
#4622 = AXIS2_PLACEMENT_3D ( 'NONE', #5070, #4710, #3370 ) ;
#4623 = AXIS2_PLACEMENT_3D ( 'NONE', #4222, #4677, #4654 ) ;
#4624 = DIRECTION ( 'NONE',  ( 0.7071067811865517916, 0.7071067811865433539, -0.000000000000000000 ) ) ;
#4625 = CIRCLE ( 'NONE', #5426, 1.000000000000000888 ) ;
#4626 = CARTESIAN_POINT ( 'NONE',  ( 42.00000000000000711, 0.000000000000000000, -33.65000000000002700 ) ) ;
#4627 = DIRECTION ( 'NONE',  ( 3.304235192336775512E-16, -2.514091994169284236E-16, 1.000000000000000000 ) ) ;
#4628 = ORIENTED_EDGE ( 'NONE', *, *, #1273, .F. ) ;
#4629 = DIRECTION ( 'NONE',  ( -0.000000000000000000, -0.000000000000000000, -1.000000000000000000 ) ) ;
#4630 = EDGE_CURVE ( 'NONE', #4835, #4762, #36, .T. ) ;
#4631 = CARTESIAN_POINT ( 'NONE',  ( 60.00000000000000000, -3.928198973604920763, -39.00000000000000000 ) ) ;
#4632 = VECTOR ( 'NONE', #1597, 1000.000000000000000 ) ;
#4633 = DIRECTION ( 'NONE',  ( -1.467375195723603756E-30, 0.000000000000000000, -1.000000000000000000 ) ) ;
#4634 = ORIENTED_EDGE ( 'NONE', *, *, #4192, .F. ) ;
#4635 = DIRECTION ( 'NONE',  ( 0.000000000000000000, 0.000000000000000000, -1.000000000000000000 ) ) ;
#4636 = ORIENTED_EDGE ( 'NONE', *, *, #2939, .T. ) ;
#4637 = CARTESIAN_POINT ( 'NONE',  ( 60.00000000000000711, -35.92819897360492831, -15.60000000000000675 ) ) ;
#4638 = EDGE_CURVE ( 'NONE', #2699, #5400, #3366, .T. ) ;
#4639 = VERTEX_POINT ( 'NONE', #3027 ) ;
#4640 = ADVANCED_FACE ( 'NONE', ( #3791 ), #2837, .F. ) ;
#4641 = DIRECTION ( 'NONE',  ( -0.04430961977791336714, 0.9990178464848046280, 0.000000000000000000 ) ) ;
#4642 = CARTESIAN_POINT ( 'NONE',  ( 42.00000000000001421, -9.999999999999994671, -33.65000000000002700 ) ) ;
#4643 = VECTOR ( 'NONE', #2784, 1000.000000000000000 ) ;
#4644 = CARTESIAN_POINT ( 'NONE',  ( 60.87867965644038293, -45.44951931716452975, -10.79999999999999005 ) ) ;
#4645 = FACE_OUTER_BOUND ( 'NONE', #459, .T. ) ;
#4646 = ORIENTED_EDGE ( 'NONE', *, *, #2805, .F. ) ;
#4647 = VECTOR ( 'NONE', #668, 1000.000000000000000 ) ;
#4648 = CARTESIAN_POINT ( 'NONE',  ( 20.99999999999999645, 0.000000000000000000, -8.000000000000005329 ) ) ;
#4649 = CARTESIAN_POINT ( 'NONE',  ( 1.000000000000000888, 8.000000000000000000, -4.614213562373038258 ) ) ;
#4650 = EDGE_CURVE ( 'NONE', #3963, #202, #5511, .T. ) ;
#4651 = CARTESIAN_POINT ( 'NONE',  ( 52.00000000000002132, -46.18523055774773667, -39.00000000000000000 ) ) ;
#4652 = VERTEX_POINT ( 'NONE', #4752 ) ;
#4653 = VECTOR ( 'NONE', #4748, 1000.000000000000227 ) ;
#4654 = DIRECTION ( 'NONE',  ( 0.000000000000000000, 0.000000000000000000, 1.000000000000000000 ) ) ;
#4655 = DIRECTION ( 'NONE',  ( 0.000000000000000000, 1.000000000000000000, 0.000000000000000000 ) ) ;
#4656 = DIRECTION ( 'NONE',  ( 0.000000000000000000, 0.000000000000000000, 1.000000000000000000 ) ) ;
#4657 = VERTEX_POINT ( 'NONE', #891 ) ;
#4658 = EDGE_LOOP ( 'NONE', ( #3542, #2311, #517, #2679 ) ) ;
#4659 = DIRECTION ( 'NONE',  ( 1.000000000000000000, -0.000000000000000000, 0.000000000000000000 ) ) ;
#4660 = ORIENTED_EDGE ( 'NONE', *, *, #1177, .T. ) ;
#4661 = ADVANCED_FACE ( 'NONE', ( #3908 ), #1822, .T. ) ;
#4662 = SURFACE_STYLE_FILL_AREA ( #2566 ) ;
#4663 = LINE ( 'NONE', #1216, #5181 ) ;
#4664 = VERTEX_POINT ( 'NONE', #3080 ) ;
#4665 = LINE ( 'NONE', #1783, #1814 ) ;
#4666 = CARTESIAN_POINT ( 'NONE',  ( 59.39999999999999858, -87.00000000000000000, -9.250000000000033751 ) ) ;
#4667 = ADVANCED_FACE ( 'NONE', ( #947 ), #87, .F. ) ;
#4668 = LINE ( 'NONE', #801, #475 ) ;
#4669 = CARTESIAN_POINT ( 'NONE',  ( 63.79999999999999716, -3.928198973604913657, -34.79999999999999716 ) ) ;
#4670 = EDGE_LOOP ( 'NONE', ( #3997, #2986, #3051, #3089 ) ) ;
#4671 = DIRECTION ( 'NONE',  ( -0.7071067811865574537, 0.7071067811865376918, 0.000000000000000000 ) ) ;
#4672 = FACE_OUTER_BOUND ( 'NONE', #2585, .T. ) ;
#4673 = FACE_OUTER_BOUND ( 'NONE', #4505, .T. ) ;
#4674 = LINE ( 'NONE', #834, #2475 ) ;
#4675 = ORIENTED_EDGE ( 'NONE', *, *, #102, .F. ) ;
#4676 = EDGE_CURVE ( 'NONE', #2684, #4868, #4904, .T. ) ;
#4677 = DIRECTION ( 'NONE',  ( -1.000000000000000000, 0.000000000000000000, 0.000000000000000000 ) ) ;
#4678 = DIRECTION ( 'NONE',  ( 0.000000000000000000, 0.000000000000000000, -1.000000000000000000 ) ) ;
#4679 = ORIENTED_EDGE ( 'NONE', *, *, #1519, .F. ) ;
#4680 = DIRECTION ( 'NONE',  ( 0.000000000000000000, 0.000000000000000000, 1.000000000000000000 ) ) ;
#4681 = ORIENTED_EDGE ( 'NONE', *, *, #311, .T. ) ;
#4682 = CARTESIAN_POINT ( 'NONE',  ( 51.49933179446948373, -42.98259040445607582, -4.217771675943413179 ) ) ;
#4683 = EDGE_LOOP ( 'NONE', ( #1539, #1950, #888, #2114 ) ) ;
#4684 = CARTESIAN_POINT ( 'NONE',  ( -5.204170427930423650E-15, 0.000000000000000000, -29.25000000000000000 ) ) ;
#4685 = CARTESIAN_POINT ( 'NONE',  ( 52.00000000000002132, -85.62499999999998579, -11.50000000000003020 ) ) ;
#4686 = ORIENTED_EDGE ( 'NONE', *, *, #4263, .T. ) ;
#4687 = FACE_OUTER_BOUND ( 'NONE', #3513, .T. ) ;
#4688 = LINE ( 'NONE', #3295, #5531 ) ;
#4689 = EDGE_CURVE ( 'NONE', #1255, #602, #1445, .T. ) ;
#4690 = DIRECTION ( 'NONE',  ( 0.9990178464848046280, 0.04430961977791336714, 0.000000000000000000 ) ) ;
#4691 = EDGE_LOOP ( 'NONE', ( #780, #1641, #2914, #3052, #1696 ) ) ;
#4692 = EDGE_CURVE ( 'NONE', #2793, #2255, #5305, .T. ) ;
#4693 = CARTESIAN_POINT ( 'NONE',  ( 60.03829727351613599, -9.246736463775476977, -3.472780616871466442E-14 ) ) ;
#4694 = AXIS2_PLACEMENT_3D ( 'NONE', #607, #5335, #1078 ) ;
#4695 = VECTOR ( 'NONE', #569, 1000.000000000000227 ) ;
#4696 = LINE ( 'NONE', #5541, #3718 ) ;
#4697 = LINE ( 'NONE', #1288, #1042 ) ;
#4698 = EDGE_LOOP ( 'NONE', ( #3012, #4722, #3230, #3318 ) ) ;
#4699 = VECTOR ( 'NONE', #2284, 1000.000000000000000 ) ;
#4700 = AXIS2_PLACEMENT_3D ( 'NONE', #1043, #1800, #2245 ) ;
#4701 = EDGE_LOOP ( 'NONE', ( #4959, #685, #1063, #921 ) ) ;
#4702 = ADVANCED_FACE ( 'NONE', ( #3475 ), #478, .T. ) ;
#4703 = CARTESIAN_POINT ( 'NONE',  ( 42.00000000000001421, -9.999999999999994671, -32.25000000000000000 ) ) ;
#4704 = DIRECTION ( 'NONE',  ( -3.304235192336776005E-16, 1.348230680810990322E-16, -1.000000000000000000 ) ) ;
#4705 = COLOUR_RGB ( '',0.7921568627450980005, 0.8196078431372548767, 0.9333333333333333481 ) ;
#4706 = AXIS2_PLACEMENT_3D ( 'NONE', #1176, #4110, #5431 ) ;
#4707 = VECTOR ( 'NONE', #4102, 1000.000000000000000 ) ;
#4708 = ORIENTED_EDGE ( 'NONE', *, *, #4676, .T. ) ;
#4709 = CARTESIAN_POINT ( 'NONE',  ( 64.00000000000001421, -87.00000000000000000, -1.000000000000007772 ) ) ;
#4710 = DIRECTION ( 'NONE',  ( 0.3420201433256651602, 0.000000000000000000, 0.9396926207859097602 ) ) ;
#4711 = VERTEX_POINT ( 'NONE', #3104 ) ;
#4712 = CARTESIAN_POINT ( 'NONE',  ( 60.00000000000000711, -10.52819897360491375, -10.80000000000000782 ) ) ;
#4713 = AXIS2_PLACEMENT_3D ( 'NONE', #251, #3302, #4498 ) ;
#4714 = DIRECTION ( 'NONE',  ( -1.000000000000000000, 0.000000000000000000, 0.000000000000000000 ) ) ;
#4715 = DIRECTION ( 'NONE',  ( 0.000000000000000000, 1.000000000000000000, -0.000000000000000000 ) ) ;
#4716 = EDGE_LOOP ( 'NONE', ( #2145, #2969, #3600, #4764, #1825 ) ) ;
#4717 = CIRCLE ( 'NONE', #1024, 1.930000000000001048 ) ;
#4718 = FACE_OUTER_BOUND ( 'NONE', #628, .T. ) ;
#4719 = CARTESIAN_POINT ( 'NONE',  ( 52.00000000000001421, -9.999999999999994671, -8.349999999999997868 ) ) ;
#4720 = LINE ( 'NONE', #5536, #3972 ) ;
#4721 = DIRECTION ( 'NONE',  ( -0.000000000000000000, 1.000000000000000000, 0.000000000000000000 ) ) ;
#4722 = ORIENTED_EDGE ( 'NONE', *, *, #3824, .T. ) ;
#4723 = DIRECTION ( 'NONE',  ( -1.000000000000000000, 0.000000000000000000, -0.000000000000000000 ) ) ;
#4724 = CIRCLE ( 'NONE', #503, 1.000000000000000888 ) ;
#4725 = LINE ( 'NONE', #864, #3987 ) ;
#4726 = DIRECTION ( 'NONE',  ( -0.000000000000000000, -1.000000000000000000, -0.000000000000000000 ) ) ;
#4727 = VERTEX_POINT ( 'NONE', #1848 ) ;
#4728 = EDGE_CURVE ( 'NONE', #4559, #2402, #1872, .T. ) ;
#4729 = CIRCLE ( 'NONE', #3641, 2.375000000000000444 ) ;
#4730 = ORIENTED_EDGE ( 'NONE', *, *, #2052, .T. ) ;
#4731 = CARTESIAN_POINT ( 'NONE',  ( 59.80000000000000426, -7.228198973604920141, -33.40749999999999886 ) ) ;
#4732 = CARTESIAN_POINT ( 'NONE',  ( 60.00000000000000000, -3.928198973604920763, -7.800000000000004263 ) ) ;
#4733 = AXIS2_PLACEMENT_3D ( 'NONE', #1172, #2018, #4193 ) ;
#4734 = DIRECTION ( 'NONE',  ( 0.000000000000000000, -0.000000000000000000, 1.000000000000000000 ) ) ;
#4735 = AXIS2_PLACEMENT_3D ( 'NONE', #266, #1974, #3691 ) ;
#4736 = ORIENTED_EDGE ( 'NONE', *, *, #2389, .T. ) ;
#4737 = DIRECTION ( 'NONE',  ( 1.734723475976805319E-15, 1.734723475976805319E-15, -1.000000000000000000 ) ) ;
#4738 = ORIENTED_EDGE ( 'NONE', *, *, #2796, .T. ) ;
#4739 = FACE_OUTER_BOUND ( 'NONE', #2476, .T. ) ;
#4740 = CARTESIAN_POINT ( 'NONE',  ( 53.80000000000001137, -87.00000000000000000, -41.00000000000000000 ) ) ;
#4741 = ORIENTED_EDGE ( 'NONE', *, *, #404, .T. ) ;
#4742 = LINE ( 'NONE', #3433, #3375 ) ;
#4743 = ORIENTED_EDGE ( 'NONE', *, *, #2223, .F. ) ;
#4744 = EDGE_CURVE ( 'NONE', #968, #531, #505, .T. ) ;
#4745 = PLANE ( 'NONE',  #3511 ) ;
#4746 = LINE ( 'NONE', #5217, #4085 ) ;
#4747 = CARTESIAN_POINT ( 'NONE',  ( 33.42265293890391575, -10.70608844117661818, -30.29391155882359854 ) ) ;
#4748 = DIRECTION ( 'NONE',  ( -0.2181262695449070199, 0.9759205554421027662, 1.898724963116534103E-16 ) ) ;
#4749 = VERTEX_POINT ( 'NONE', #3127 ) ;
#4750 = FACE_OUTER_BOUND ( 'NONE', #1405, .T. ) ;
#4751 = CARTESIAN_POINT ( 'NONE',  ( 20.99999999999999645, 5.000000000000028422, -21.00000000000000000 ) ) ;
#4752 = CARTESIAN_POINT ( 'NONE',  ( 43.05499388327440613, 8.000000000000000000, -41.00000000000004263 ) ) ;
#4753 = ORIENTED_EDGE ( 'NONE', *, *, #2568, .F. ) ;
#4754 = ORIENTED_EDGE ( 'NONE', *, *, #4676, .F. ) ;
#4755 = FACE_BOUND ( 'NONE', #4145, .T. ) ;
#4756 = LINE ( 'NONE', #5156, #4438 ) ;
#4757 = ORIENTED_EDGE ( 'NONE', *, *, #3871, .T. ) ;
#4758 = EDGE_CURVE ( 'NONE', #3843, #3940, #998, .T. ) ;
#4759 = VERTEX_POINT ( 'NONE', #527 ) ;
#4760 = VECTOR ( 'NONE', #2518, 1000.000000000000000 ) ;
#4761 = DIRECTION ( 'NONE',  ( 0.2181262695449070199, -0.9759205554421027662, -1.898724963116534103E-16 ) ) ;
#4762 = VERTEX_POINT ( 'NONE', #2237 ) ;
#4763 = CARTESIAN_POINT ( 'NONE',  ( 63.80000000000001137, -39.22819897360492547, -31.47750000000000625 ) ) ;
#4764 = ORIENTED_EDGE ( 'NONE', *, *, #2967, .T. ) ;
#4765 = VECTOR ( 'NONE', #5023, 1000.000000000000000 ) ;
#4766 = PLANE ( 'NONE',  #4336 ) ;
#4767 = EDGE_CURVE ( 'NONE', #2949, #3392, #2186, .T. ) ;
#4768 = FACE_OUTER_BOUND ( 'NONE', #4294, .T. ) ;
#4769 = LINE ( 'NONE', #82, #1903 ) ;
#4770 = ORIENTED_EDGE ( 'NONE', *, *, #4856, .F. ) ;
#4771 = EDGE_CURVE ( 'NONE', #3660, #3442, #5539, .T. ) ;
#4772 = EDGE_CURVE ( 'NONE', #3153, #3858, #1124, .T. ) ;
#4773 = EDGE_LOOP ( 'NONE', ( #1352, #5406, #5443, #524 ) ) ;
#4774 = LINE ( 'NONE', #3387, #1615 ) ;
#4775 = CARTESIAN_POINT ( 'NONE',  ( 59.80000000000000426, -39.22819897360492547, -31.47750000000000625 ) ) ;
#4776 = CARTESIAN_POINT ( 'NONE',  ( 64.00000000000001421, -76.00000000000002842, -7.800000000000004263 ) ) ;
#4777 = EDGE_LOOP ( 'NONE', ( #1213, #1700, #5026, #5142 ) ) ;
#4778 = ORIENTED_EDGE ( 'NONE', *, *, #632, .F. ) ;
#4779 = AXIS2_PLACEMENT_3D ( 'NONE', #2761, #2229, #203 ) ;
#4780 = CARTESIAN_POINT ( 'NONE',  ( 59.80000000000000426, -7.228198973604920141, -31.47749999999999915 ) ) ;
#4781 = CARTESIAN_POINT ( 'NONE',  ( 59.39999999999999858, -87.00000000000000000, -21.00000000000003553 ) ) ;
#4782 = ORIENTED_EDGE ( 'NONE', *, *, #3525, .F. ) ;
#4783 = VECTOR ( 'NONE', #270, 1000.000000000000000 ) ;
#4784 = ORIENTED_EDGE ( 'NONE', *, *, #1104, .F. ) ;
#4785 = DIRECTION ( 'NONE',  ( 1.000000000000000000, 0.000000000000000000, 1.652117596168386277E-16 ) ) ;
#4786 = AXIS2_PLACEMENT_3D ( 'NONE', #1642, #2906, #4635 ) ;
#4787 = CARTESIAN_POINT ( 'NONE',  ( 42.00000000000000000, 0.000000000000000000, -14.15000000000002878 ) ) ;
#4788 = ORIENTED_EDGE ( 'NONE', *, *, #3487, .F. ) ;
#4789 = DIRECTION ( 'NONE',  ( 0.000000000000000000, 0.000000000000000000, -1.000000000000000000 ) ) ;
#4790 = ORIENTED_EDGE ( 'NONE', *, *, #3881, .F. ) ;
#4791 = CIRCLE ( 'NONE', #2720, 15.99999999999997691 ) ;
#4792 = VECTOR ( 'NONE', #13, 1000.000000000000000 ) ;
#4793 = CARTESIAN_POINT ( 'NONE',  ( 63.00000000000005684, -76.02216569494748910, -42.00000000000003553 ) ) ;
#4794 = ORIENTED_EDGE ( 'NONE', *, *, #2805, .T. ) ;
#4795 = CARTESIAN_POINT ( 'NONE',  ( 60.00000000000000711, -47.57083966072418946, -10.80000000000000426 ) ) ;
#4796 = AXIS2_PLACEMENT_3D ( 'NONE', #4103, #2776, #4529 ) ;
#4797 = CARTESIAN_POINT ( 'NONE',  ( 42.00000000000000711, -9.999999999999994671, -9.750000000000005329 ) ) ;
#4798 = CARTESIAN_POINT ( 'NONE',  ( 60.00000000000000000, -57.18147956208619576, -7.800000000000004263 ) ) ;
#4799 = ORIENTED_EDGE ( 'NONE', *, *, #4292, .T. ) ;
#4800 = ADVANCED_FACE ( 'NONE', ( #1397 ), #4829, .F. ) ;
#4801 = CIRCLE ( 'NONE', #5067, 21.00000000000000000 ) ;
#4802 = VERTEX_POINT ( 'NONE', #580 ) ;
#4803 = DIRECTION ( 'NONE',  ( -0.000000000000000000, 1.000000000000000000, 0.000000000000000000 ) ) ;
#4804 = CARTESIAN_POINT ( 'NONE',  ( 42.00000000000001421, -9.999999999999994671, -23.90000000000003055 ) ) ;
#4805 = DIRECTION ( 'NONE',  ( 0.000000000000000000, 0.000000000000000000, -1.000000000000000000 ) ) ;
#4806 = ORIENTED_EDGE ( 'NONE', *, *, #1502, .F. ) ;
#4807 = EDGE_CURVE ( 'NONE', #5306, #846, #861, .T. ) ;
#4808 = ORIENTED_EDGE ( 'NONE', *, *, #2583, .T. ) ;
#4809 = AXIS2_PLACEMENT_3D ( 'NONE', #3519, #1730, #5246 ) ;
#4810 = DIRECTION ( 'NONE',  ( -1.000000000000000000, -0.000000000000000000, -0.000000000000000000 ) ) ;
#4811 = VERTEX_POINT ( 'NONE', #2261 ) ;
#4812 = AXIS2_PLACEMENT_3D ( 'NONE', #2903, #5494, #4633 ) ;
#4813 = VERTEX_POINT ( 'NONE', #5224 ) ;
#4814 = VECTOR ( 'NONE', #1319, 1000.000000000000000 ) ;
#4815 = DIRECTION ( 'NONE',  ( -1.000000000000000000, 0.000000000000000000, 0.000000000000000000 ) ) ;
#4816 = ORIENTED_EDGE ( 'NONE', *, *, #4149, .F. ) ;
#4817 = DIRECTION ( 'NONE',  ( -0.7071067811865507924, 0.000000000000000000, 0.7071067811865441310 ) ) ;
#4818 = EDGE_LOOP ( 'NONE', ( #3776, #2774, #2659, #4004 ) ) ;
#4819 = AXIS2_PLACEMENT_3D ( 'NONE', #387, #2094, #1621 ) ;
#4820 = ORIENTED_EDGE ( 'NONE', *, *, #2217, .F. ) ;
#4821 = CARTESIAN_POINT ( 'NONE',  ( -96.19999999999997442, -69.35331204931708271, -41.99999999999995026 ) ) ;
#4822 = CARTESIAN_POINT ( 'NONE',  ( 54.80000000000000426, -86.99999999999998579, -37.50000000000003553 ) ) ;
#4823 = CARTESIAN_POINT ( 'NONE',  ( 48.15353161276343030, -9.999999999999994671, -39.00000000000000000 ) ) ;
#4824 = ORIENTED_EDGE ( 'NONE', *, *, #3591, .F. ) ;
#4825 = ORIENTED_EDGE ( 'NONE', *, *, #4007, .F. ) ;
#4826 = CARTESIAN_POINT ( 'NONE',  ( 5.499999999999989342, 8.000000000000000000, -36.50000000000000711 ) ) ;
#4827 = EDGE_CURVE ( 'NONE', #3652, #4022, #1370, .T. ) ;
#4828 = CARTESIAN_POINT ( 'NONE',  ( 52.00000000000002132, -9.999999999999994671, -37.59999999999997300 ) ) ;
#4829 = PLANE ( 'NONE',  #3645 ) ;
#4830 = VERTEX_POINT ( 'NONE', #4010 ) ;
#4831 = EDGE_LOOP ( 'NONE', ( #3435, #4546, #3845, #985 ) ) ;
#4832 = DIRECTION ( 'NONE',  ( -1.000000000000000000, 0.000000000000000000, 0.000000000000000000 ) ) ;
#4833 = VERTEX_POINT ( 'NONE', #161 ) ;
#4834 = EDGE_CURVE ( 'NONE', #4171, #4711, #5369, .T. ) ;
#4835 = VERTEX_POINT ( 'NONE', #4041 ) ;
#4836 = DIRECTION ( 'NONE',  ( 1.000000000000000000, 9.598933135901296437E-32, -5.256737805990325036E-16 ) ) ;
#4837 = CARTESIAN_POINT ( 'NONE',  ( 42.87364948594031233, -3.908802426041737554, -39.00000000000000000 ) ) ;
#4838 = ORIENTED_EDGE ( 'NONE', *, *, #3657, .T. ) ;
#4839 = LINE ( 'NONE', #3091, #45 ) ;
#4840 = ORIENTED_EDGE ( 'NONE', *, *, #1530, .F. ) ;
#4841 =( BOUNDED_CURVE ( )  B_SPLINE_CURVE ( 3, ( #1147, #1119, #2383, #4107 ),
 .UNSPECIFIED., .F., .T. ) 
 B_SPLINE_CURVE_WITH_KNOTS ( ( 4, 4 ),
 ( 6.063291212069912284, 6.128110634215246932 ),
 .UNSPECIFIED. ) 
 CURVE ( )  GEOMETRIC_REPRESENTATION_ITEM ( )  RATIONAL_B_SPLINE_CURVE ( ( 1.000000000000000000, 0.9996499008560398858, 0.9996499008560398858, 1.000000000000000000 ) ) 
 REPRESENTATION_ITEM ( '' )  );
#4842 = EDGE_LOOP ( 'NONE', ( #2940, #5215, #1106, #4230 ) ) ;
#4843 = CARTESIAN_POINT ( 'NONE',  ( 59.90000000000002700, -87.00000000000000000, -32.75000000000003553 ) ) ;
#4844 = DIRECTION ( 'NONE',  ( 0.000000000000000000, 0.000000000000000000, 1.000000000000000000 ) ) ;
#4845 = CARTESIAN_POINT ( 'NONE',  ( -8.704705614219725844E-16, 8.000000000000000000, -0.9999999999999069633 ) ) ;
#4846 = ORIENTED_EDGE ( 'NONE', *, *, #7, .T. ) ;
#4847 = CIRCLE ( 'NONE', #3773, 1.700000000000000178 ) ;
#4848 = DIRECTION ( 'NONE',  ( 1.000000000000000000, -0.000000000000000000, 0.000000000000000000 ) ) ;
#4849 = ORIENTED_EDGE ( 'NONE', *, *, #5487, .T. ) ;
#4850 = EDGE_CURVE ( 'NONE', #109, #5169, #3185, .T. ) ;
#4851 = LINE ( 'NONE', #5333, #4257 ) ;
#4852 = DIRECTION ( 'NONE',  ( 0.000000000000000000, 0.000000000000000000, 1.000000000000000000 ) ) ;
#4853 = CARTESIAN_POINT ( 'NONE',  ( 0.1198684331524299124, 7.119868433152441334, -4.249651130712089220 ) ) ;
#4854 = ORIENTED_EDGE ( 'NONE', *, *, #509, .T. ) ;
#4855 = ORIENTED_EDGE ( 'NONE', *, *, #5409, .F. ) ;
#4856 = EDGE_CURVE ( 'NONE', #3134, #4727, #1080, .T. ) ;
#4857 = CARTESIAN_POINT ( 'NONE',  ( 1.000000000000000888, 8.000000000000000000, -1.467375195723605158E-30 ) ) ;
#4858 = ORIENTED_EDGE ( 'NONE', *, *, #4368, .F. ) ;
#4859 = EDGE_CURVE ( 'NONE', #4053, #3379, #4462, .T. ) ;
#4860 = ADVANCED_FACE ( 'NONE', ( #720 ), #4524, .F. ) ;
#4861 = ORIENTED_EDGE ( 'NONE', *, *, #3615, .T. ) ;
#4862 = PLANE ( 'NONE',  #1637 ) ;
#4863 = CARTESIAN_POINT ( 'NONE',  ( 60.00000000000000000, -57.18147956208619576, -23.40000000000000568 ) ) ;
#4864 = ORIENTED_EDGE ( 'NONE', *, *, #468, .F. ) ;
#4865 = AXIS2_PLACEMENT_3D ( 'NONE', #2231, #2177, #907 ) ;
#4866 = AXIS2_PLACEMENT_3D ( 'NONE', #2448, #2477, #1549 ) ;
#4867 = CARTESIAN_POINT ( 'NONE',  ( 60.27433276148052954, 8.000000000000000000, -31.20000000000000284 ) ) ;
#4868 = VERTEX_POINT ( 'NONE', #2855 ) ;
#4869 = AXIS2_PLACEMENT_3D ( 'NONE', #5474, #4690, #1703 ) ;
#4870 = EDGE_LOOP ( 'NONE', ( #2555, #3478, #2142, #1589 ) ) ;
#4871 = DIRECTION ( 'NONE',  ( -0.000000000000000000, 0.000000000000000000, -1.000000000000000000 ) ) ;
#4872 = ADVANCED_FACE ( 'NONE', ( #4157 ), #2744, .F. ) ;
#4873 = DIRECTION ( 'NONE',  ( 0.000000000000000000, 0.000000000000000000, 1.000000000000000000 ) ) ;
#4874 = CIRCLE ( 'NONE', #3070, 1.930000000000001048 ) ;
#4875 = DIRECTION ( 'NONE',  ( 6.155156368047995517E-16, -0.7071067811865425767, 0.7071067811865524577 ) ) ;
#4876 = EDGE_LOOP ( 'NONE', ( #3374, #655, #4890, #882 ) ) ;
#4877 = CONICAL_SURFACE ( 'NONE', #4623, 16.50000000000000000, 0.7853981633974552734 ) ;
#4878 = CARTESIAN_POINT ( 'NONE',  ( 42.00000000000001421, -9.999999999999994671, -27.84999999999997655 ) ) ;
#4879 = ORIENTED_EDGE ( 'NONE', *, *, #2041, .F. ) ;
#4880 = VECTOR ( 'NONE', #3313, 1000.000000000000000 ) ;
#4881 = LINE ( 'NONE', #1028, #4366 ) ;
#4882 = DIRECTION ( 'NONE',  ( 0.2810846377148188413, -0.6785983445458531049, 0.6785983445458415586 ) ) ;
#4883 = EDGE_LOOP ( 'NONE', ( #2814, #149, #1292, #999 ) ) ;
#4884 = DIRECTION ( 'NONE',  ( 1.000000000000000000, -1.841791997293421075E-16, -0.000000000000000000 ) ) ;
#4885 = ORIENTED_EDGE ( 'NONE', *, *, #92, .F. ) ;
#4886 = PLANE ( 'NONE',  #925 ) ;
#4887 = VECTOR ( 'NONE', #1932, 1000.000000000000000 ) ;
#4888 = CARTESIAN_POINT ( 'NONE',  ( 4.614213562373115529, 8.000000000000000000, -41.00000000000002132 ) ) ;
#4889 = LINE ( 'NONE', #3161, #586 ) ;
#4890 = ORIENTED_EDGE ( 'NONE', *, *, #5251, .F. ) ;
#4891 = CIRCLE ( 'NONE', #3724, 16.99999999999999289 ) ;
#4892 = CARTESIAN_POINT ( 'NONE',  ( 59.16522179966069928, 10.43788245377324664, -42.00000000000003553 ) ) ;
#4893 = CARTESIAN_POINT ( 'NONE',  ( 63.80000000000001137, -42.52819897360492263, -34.80000000000001847 ) ) ;
#4894 = CARTESIAN_POINT ( 'NONE',  ( 42.00000000000000711, 0.000000000000000000, -8.349999999999997868 ) ) ;
#4895 = CARTESIAN_POINT ( 'NONE',  ( 63.80000000000001137, -10.52819897360492085, -26.40000000000000213 ) ) ;
#4896 = EDGE_CURVE ( 'NONE', #4570, #1923, #2829, .T. ) ;
#4897 = CONICAL_SURFACE ( 'NONE', #414, 6.153531612763440961, 1.221730476396036602 ) ;
#4898 = DIRECTION ( 'NONE',  ( -0.000000000000000000, 0.000000000000000000, -1.000000000000000000 ) ) ;
#4899 = VECTOR ( 'NONE', #4446, 1000.000000000000000 ) ;
#4900 = VERTEX_POINT ( 'NONE', #2404 ) ;
#4901 = CARTESIAN_POINT ( 'NONE',  ( 59.39999999999999858, -85.12500000000001421, -21.00000000000003553 ) ) ;
#4902 = PLANE ( 'NONE',  #2201 ) ;
#4903 = EDGE_CURVE ( 'NONE', #2309, #4900, #3674, .T. ) ;
#4904 = CIRCLE ( 'NONE', #4285, 1.375000000000001332 ) ;
#4905 = LINE ( 'NONE', #5300, #4427 ) ;
#4906 = ORIENTED_EDGE ( 'NONE', *, *, #4569, .T. ) ;
#4907 = ADVANCED_FACE ( 'NONE', ( #4645 ), #2464, .F. ) ;
#4908 = DIRECTION ( 'NONE',  ( -0.000000000000000000, -0.000000000000000000, 1.000000000000000000 ) ) ;
#4909 = EDGE_LOOP ( 'NONE', ( #1138, #489, #2423, #948 ) ) ;
#4910 = AXIS2_PLACEMENT_3D ( 'NONE', #4515, #1503, #179 ) ;
#4911 = DIRECTION ( 'NONE',  ( -1.000000000000000000, -0.000000000000000000, -0.000000000000000000 ) ) ;
#4912 = DIRECTION ( 'NONE',  ( 3.304235192336776005E-16, -5.392922723243960303E-16, 1.000000000000000000 ) ) ;
#4913 = DIRECTION ( 'NONE',  ( 0.000000000000000000, -1.000000000000000000, 0.000000000000000000 ) ) ;
#4914 = ORIENTED_EDGE ( 'NONE', *, *, #1798, .F. ) ;
#4915 = AXIS2_PLACEMENT_3D ( 'NONE', #3653, #3710, #254 ) ;
#4916 = ORIENTED_EDGE ( 'NONE', *, *, #1187, .T. ) ;
#4917 = DIRECTION ( 'NONE',  ( 0.000000000000000000, 0.000000000000000000, -1.000000000000000000 ) ) ;
#4918 = CARTESIAN_POINT ( 'NONE',  ( 4.930380657631323784E-29, 1.000000000000000888, -4.199999999999939782 ) ) ;
#4919 = FACE_OUTER_BOUND ( 'NONE', #5029, .T. ) ;
#4920 = ORIENTED_EDGE ( 'NONE', *, *, #5107, .T. ) ;
#4921 = LINE ( 'NONE', #1628, #3559 ) ;
#4922 = CARTESIAN_POINT ( 'NONE',  ( 63.80000000000002558, -7.228198973604922806, -12.45250000000000234 ) ) ;
#4923 = CARTESIAN_POINT ( 'NONE',  ( 50.89514804236026180, -39.79785578486995234, -28.25213322585160824 ) ) ;
#4924 = CARTESIAN_POINT ( 'NONE',  ( 63.80000000000001137, -39.22819897360492547, -29.54750000000000298 ) ) ;
#4925 = EDGE_CURVE ( 'NONE', #3100, #4759, #2515, .T. ) ;
#4926 = ORIENTED_EDGE ( 'NONE', *, *, #1566, .F. ) ;
#4927 = CARTESIAN_POINT ( 'NONE',  ( 5.499999999999989342, 8.000000000000000000, -36.50000000000000711 ) ) ;
#4928 = LINE ( 'NONE', #4988, #4643 ) ;
#4929 = LINE ( 'NONE', #3175, #1731 ) ;
#4930 = LINE ( 'NONE', #3578, #1493 ) ;
#4931 = ORIENTED_EDGE ( 'NONE', *, *, #38, .T. ) ;
#4932 = ADVANCED_FACE ( 'NONE', ( #748 ), #71, .F. ) ;
#4933 = DIRECTION ( 'NONE',  ( 0.000000000000000000, 0.000000000000000000, -1.000000000000000000 ) ) ;
#4934 = DIRECTION ( 'NONE',  ( -1.652117596168386277E-16, -0.000000000000000000, 1.000000000000000000 ) ) ;
#4935 = DIRECTION ( 'NONE',  ( 1.000000000000000000, -0.000000000000000000, -0.000000000000000000 ) ) ;
#4936 = ORIENTED_EDGE ( 'NONE', *, *, #987, .T. ) ;
#4937 = AXIS2_PLACEMENT_3D ( 'NONE', #1655, #1982, #3703 ) ;
#4938 = CARTESIAN_POINT ( 'NONE',  ( 56.12080039314771085, 2.380819853569962063, -1.239378274813014208E-29 ) ) ;
#4939 = VERTEX_POINT ( 'NONE', #5028 ) ;
#4940 = DIRECTION ( 'NONE',  ( -1.000000000000000000, 0.000000000000000000, 0.000000000000000000 ) ) ;
#4941 = CARTESIAN_POINT ( 'NONE',  ( 20.99999999999999645, 5.000000000000028422, -33.99999999999999289 ) ) ;
#4942 = DIRECTION ( 'NONE',  ( 0.000000000000000000, -0.000000000000000000, -1.000000000000000000 ) ) ;
#4943 = VERTEX_POINT ( 'NONE', #3785 ) ;
#4944 = DIRECTION ( 'NONE',  ( 0.000000000000000000, 0.000000000000000000, 1.000000000000000000 ) ) ;
#4945 = CARTESIAN_POINT ( 'NONE',  ( 60.00000000000000711, -35.92819897360492121, -31.20000000000000639 ) ) ;
#4946 = DIRECTION ( 'NONE',  ( 0.9781476007338054668, 0.2079116908177600642, 0.000000000000000000 ) ) ;
#4947 = ORIENTED_EDGE ( 'NONE', *, *, #232, .F. ) ;
#4948 = DIRECTION ( 'NONE',  ( -1.000000000000000000, 0.000000000000000000, 0.000000000000000000 ) ) ;
#4949 = VECTOR ( 'NONE', #3687, 1000.000000000000000 ) ;
#4950 = CIRCLE ( 'NONE', #2075, 3.000000000000002665 ) ;
#4951 = LINE ( 'NONE', #349, #4949 ) ;
#4952 = DIRECTION ( 'NONE',  ( 1.000000000000000000, 0.000000000000000000, 0.000000000000000000 ) ) ;
#4953 = CARTESIAN_POINT ( 'NONE',  ( 63.80000000000001137, -39.22819897360492547, -31.47750000000000625 ) ) ;
#4954 = ORIENTED_EDGE ( 'NONE', *, *, #2701, .T. ) ;
#4955 = AXIS2_PLACEMENT_3D ( 'NONE', #3407, #2883, #2938 ) ;
#4956 = AXIS2_PLACEMENT_3D ( 'NONE', #3508, #145, #3596 ) ;
#4957 = EDGE_CURVE ( 'NONE', #1328, #337, #5506, .T. ) ;
#4958 = FACE_OUTER_BOUND ( 'NONE', #898, .T. ) ;
#4959 = ORIENTED_EDGE ( 'NONE', *, *, #3265, .T. ) ;
#4960 = CARTESIAN_POINT ( 'NONE',  ( 60.00000000000000000, -57.18147956208619576, -26.40000000000000213 ) ) ;
#4961 = AXIS2_PLACEMENT_3D ( 'NONE', #2168, #1723, #76 ) ;
#4962 = VECTOR ( 'NONE', #3825, 1000.000000000000000 ) ;
#4963 = DIRECTION ( 'NONE',  ( 0.000000000000000000, 0.000000000000000000, -1.000000000000000000 ) ) ;
#4964 = DIRECTION ( 'NONE',  ( 1.000000000000000000, 0.000000000000000000, 0.000000000000000000 ) ) ;
#4965 = EDGE_LOOP ( 'NONE', ( #1719, #4180, #3862, #3485, #286 ) ) ;
#4966 = EDGE_CURVE ( 'NONE', #3995, #3117, #2491, .T. ) ;
#4967 = ADVANCED_FACE ( 'NONE', ( #3756 ), #5056, .F. ) ;
#4968 = CARTESIAN_POINT ( 'NONE',  ( 59.39999999999999858, -87.00000000000000000, -30.50000000000004263 ) ) ;
#4969 = AXIS2_PLACEMENT_3D ( 'NONE', #3857, #19, #3427 ) ;
#4970 = CIRCLE ( 'NONE', #1377, 1.930000000000001048 ) ;
#4971 = ORIENTED_EDGE ( 'NONE', *, *, #2767, .T. ) ;
#4972 = CARTESIAN_POINT ( 'NONE',  ( 4.907106781186538313, 0.000000000000000000, -41.29289321881346098 ) ) ;
#4973 = DIRECTION ( 'NONE',  ( 0.000000000000000000, 0.000000000000000000, -1.000000000000000000 ) ) ;
#4974 = AXIS2_PLACEMENT_3D ( 'NONE', #4594, #2811, #3218 ) ;
#4975 = LINE ( 'NONE', #4076, #3827 ) ;
#4976 = ORIENTED_EDGE ( 'NONE', *, *, #2771, .T. ) ;
#4977 = EDGE_CURVE ( 'NONE', #2670, #3145, #5086, .T. ) ;
#4978 = FACE_OUTER_BOUND ( 'NONE', #4313, .T. ) ;
#4979 = ADVANCED_FACE ( 'NONE', ( #1224 ), #4238, .F. ) ;
#4980 = CONICAL_SURFACE ( 'NONE', #5520, 1.875000000000015543, 0.7853981633974346233 ) ;
#4981 = DIRECTION ( 'NONE',  ( 0.9781476007338054668, 0.2079116908177600642, 0.000000000000000000 ) ) ;
#4982 = DIRECTION ( 'NONE',  ( -0.000000000000000000, 0.000000000000000000, 1.000000000000000000 ) ) ;
#4983 = FACE_OUTER_BOUND ( 'NONE', #868, .T. ) ;
#4984 = ORIENTED_EDGE ( 'NONE', *, *, #4487, .T. ) ;
#4985 = AXIS2_PLACEMENT_3D ( 'NONE', #443, #2283, #3258 ) ;
#4986 = DIRECTION ( 'NONE',  ( -1.000000000000000000, 0.000000000000000000, 0.000000000000000000 ) ) ;
#4987 = LINE ( 'NONE', #1127, #3059 ) ;
#4988 = CARTESIAN_POINT ( 'NONE',  ( 52.00000000000001421, -46.18523055774759456, -9.750000000000005329 ) ) ;
#4989 = DIRECTION ( 'NONE',  ( -1.000000000000000000, 0.000000000000000000, -0.000000000000000000 ) ) ;
#4990 = ORIENTED_EDGE ( 'NONE', *, *, #298, .T. ) ;
#4991 = VECTOR ( 'NONE', #2565, 1000.000000000000000 ) ;
#4992 = CARTESIAN_POINT ( 'NONE',  ( 42.87364948594030523, -3.908802426041737554, -22.50000000000000355 ) ) ;
#4993 = VERTEX_POINT ( 'NONE', #3814 ) ;
#4994 = DIRECTION ( 'NONE',  ( 0.000000000000000000, 1.000000000000000000, 0.000000000000000000 ) ) ;
#4995 = CIRCLE ( 'NONE', #4733, 17.49999999999999645 ) ;
#4996 = CARTESIAN_POINT ( 'NONE',  ( 52.00000000000001421, -108.0000000000000000, -9.797174393178803964E-16 ) ) ;
#4997 = FACE_OUTER_BOUND ( 'NONE', #4540, .T. ) ;
#4998 = ORIENTED_EDGE ( 'NONE', *, *, #3352, .T. ) ;
#4999 = AXIS2_PLACEMENT_3D ( 'NONE', #4068, #2797, #1112 ) ;
#5000 = ORIENTED_EDGE ( 'NONE', *, *, #1767, .T. ) ;
#5001 = EDGE_CURVE ( 'NONE', #968, #1952, #1681, .T. ) ;
#5002 = EDGE_CURVE ( 'NONE', #4350, #3448, #2385, .T. ) ;
#5003 = DIRECTION ( 'NONE',  ( 0.000000000000000000, 0.000000000000000000, -1.000000000000000000 ) ) ;
#5004 = FACE_OUTER_BOUND ( 'NONE', #2012, .T. ) ;
#5005 = CARTESIAN_POINT ( 'NONE',  ( 36.50000000000000000, 8.000000000000000000, -7.200000000000010836 ) ) ;
#5006 = PRODUCT_DEFINITION_FORMATION_WITH_SPECIFIED_SOURCE ( 'ä»', '', #3975, .NOT_KNOWN. ) ;
#5007 = CARTESIAN_POINT ( 'NONE',  ( 52.00000000000001421, -108.0000000000000000, -4.400000000000000355 ) ) ;
#5008 = ORIENTED_EDGE ( 'NONE', *, *, #2943, .F. ) ;
#5009 = CARTESIAN_POINT ( 'NONE',  ( 62.56997467337698993, -43.75822430022794407, -10.80000000000000426 ) ) ;
#5010 = EDGE_CURVE ( 'NONE', #5272, #1255, #3554, .T. ) ;
#5011 = DIRECTION ( 'NONE',  ( -0.2079116908177600642, 0.9781476007338054668, 0.000000000000000000 ) ) ;
#5012 = FACE_BOUND ( 'NONE', #797, .T. ) ;
#5013 = FACE_OUTER_BOUND ( 'NONE', #1902, .T. ) ;
#5014 = VERTEX_POINT ( 'NONE', #5141 ) ;
#5015 = FACE_OUTER_BOUND ( 'NONE', #2249, .T. ) ;
#5016 = LINE ( 'NONE', #1153, #4880 ) ;
#5017 = DIRECTION ( 'NONE',  ( 0.000000000000000000, 0.000000000000000000, -1.000000000000000000 ) ) ;
#5018 = DIRECTION ( 'NONE',  ( -1.000000000000000000, 0.000000000000000000, -0.000000000000000000 ) ) ;
#5019 = DIRECTION ( 'NONE',  ( -1.467375195723603756E-30, 0.000000000000000000, -1.000000000000000000 ) ) ;
#5020 = ORIENTED_EDGE ( 'NONE', *, *, #3970, .T. ) ;
#5021 = LINE ( 'NONE', #1159, #340 ) ;
#5022 = EDGE_LOOP ( 'NONE', ( #1748, #1622, #4838, #532, #4846, #4387 ) ) ;
#5023 = DIRECTION ( 'NONE',  ( 0.7071067811865514585, 0.000000000000000000, 0.7071067811865435759 ) ) ;
#5024 = DIRECTION ( 'NONE',  ( 0.000000000000000000, -0.000000000000000000, 1.000000000000000000 ) ) ;
#5025 = CARTESIAN_POINT ( 'NONE',  ( 53.80000000000001137, -87.00000000000000000, -21.00000000000003553 ) ) ;
#5026 = ORIENTED_EDGE ( 'NONE', *, *, #4638, .F. ) ;
#5027 = EDGE_CURVE ( 'NONE', #1289, #2571, #1283, .T. ) ;
#5028 = CARTESIAN_POINT ( 'NONE',  ( 51.16400387175765019, -36.41624534803609237, -42.00000000000002842 ) ) ;
#5029 = EDGE_LOOP ( 'NONE', ( #1823, #4820, #4014, #5490 ) ) ;
#5030 = CARTESIAN_POINT ( 'NONE',  ( 63.00000000000001421, -88.37500000000000000, -32.75000000000003553 ) ) ;
#5031 = DIRECTION ( 'NONE',  ( 0.000000000000000000, 0.000000000000000000, -1.000000000000000000 ) ) ;
#5032 = AXIS2_PLACEMENT_3D ( 'NONE', #4481, #169, #3760 ) ;
#5033 = DIRECTION ( 'NONE',  ( 0.000000000000000000, 1.000000000000000000, 0.000000000000000000 ) ) ;
#5034 = EDGE_LOOP ( 'NONE', ( #2716, #1981, #4708, #3850 ) ) ;
#5035 = AXIS2_PLACEMENT_3D ( 'NONE', #2789, #3294, #4641 ) ;
#5036 = ADVANCED_FACE ( 'NONE', ( #859 ), #2578, .T. ) ;
#5037 = FACE_OUTER_BOUND ( 'NONE', #3808, .T. ) ;
#5038 = LINE ( 'NONE', #3194, #3165 ) ;
#5039 = FACE_OUTER_BOUND ( 'NONE', #5208, .T. ) ;
#5040 = EDGE_CURVE ( 'NONE', #1281, #2793, #2707, .T. ) ;
#5041 = ADVANCED_FACE ( 'NONE', ( #4357 ), #1677, .T. ) ;
#5042 = ORIENTED_EDGE ( 'NONE', *, *, #4083, .T. ) ;
#5043 = LINE ( 'NONE', #1181, #1733 ) ;
#5044 = CARTESIAN_POINT ( 'NONE',  ( 52.00000000000001421, -46.18523055774759456, -8.349999999999999645 ) ) ;
#5045 = CYLINDRICAL_SURFACE ( 'NONE', #769, 1.700000000000000178 ) ;
#5046 = VERTEX_POINT ( 'NONE', #3930 ) ;
#5047 = ORIENTED_EDGE ( 'NONE', *, *, #1450, .T. ) ;
#5048 = DIRECTION ( 'NONE',  ( -0.000000000000000000, -1.000000000000000000, -0.000000000000000000 ) ) ;
#5049 = AXIS2_PLACEMENT_3D ( 'NONE', #4901, #3142, #1468 ) ;
#5050 = ORIENTED_EDGE ( 'NONE', *, *, #2867, .T. ) ;
#5051 = DIRECTION ( 'NONE',  ( 3.304235192336776005E-16, 0.000000000000000000, 1.000000000000000000 ) ) ;
#5052 = DIRECTION ( 'NONE',  ( 0.000000000000000000, 1.000000000000000000, 0.000000000000000000 ) ) ;
#5053 = VECTOR ( 'NONE', #4463, 1000.000000000000000 ) ;
#5054 = DIRECTION ( 'NONE',  ( 0.3420201433256651602, 0.000000000000000000, 0.9396926207859097602 ) ) ;
#5055 = EDGE_LOOP ( 'NONE', ( #494, #5529, #3016, #1799, #706, #4738 ) ) ;
#5056 = CYLINDRICAL_SURFACE ( 'NONE', #2660, 1.930000000000001048 ) ;
#5057 = ORIENTED_EDGE ( 'NONE', *, *, #2807, .T. ) ;
#5058 = VECTOR ( 'NONE', #148, 1000.000000000000000 ) ;
#5059 = CARTESIAN_POINT ( 'NONE',  ( 63.00000000000001421, -87.00000000000000000, -11.50000000000003197 ) ) ;
#5060 = DIRECTION ( 'NONE',  ( 0.000000000000000000, 0.000000000000000000, 1.000000000000000000 ) ) ;
#5061 = CARTESIAN_POINT ( 'NONE',  ( 63.00098215351520992, -76.04430961977794823, -42.00000000000003553 ) ) ;
#5062 = VERTEX_POINT ( 'NONE', #3902 ) ;
#5063 = AXIS2_PLACEMENT_3D ( 'NONE', #171, #5316, #4815 ) ;
#5064 = FACE_OUTER_BOUND ( 'NONE', #3326, .T. ) ;
#5065 = AXIS2_PLACEMENT_3D ( 'NONE', #2611, #5260, #483 ) ;
#5066 = FACE_BOUND ( 'NONE', #3685, .T. ) ;
#5067 = AXIS2_PLACEMENT_3D ( 'NONE', #3818, #450, #2519 ) ;
#5068 = VERTEX_POINT ( 'NONE', #3954 ) ;
#5069 = EDGE_CURVE ( 'NONE', #1196, #3636, #3523, .T. ) ;
#5070 = CARTESIAN_POINT ( 'NONE',  ( 48.15353161276342320, 0.000000000000000000, -12.75000000000000355 ) ) ;
#5071 = DIRECTION ( 'NONE',  ( 0.000000000000000000, 1.000000000000000000, 0.000000000000000000 ) ) ;
#5072 = CONICAL_SURFACE ( 'NONE', #2556, 10.00000000000000178, 1.221730476396034604 ) ;
#5073 = DIRECTION ( 'NONE',  ( -1.652117596168386277E-16, -0.000000000000000000, 1.000000000000000000 ) ) ;
#5074 = ORIENTED_EDGE ( 'NONE', *, *, #2212, .T. ) ;
#5075 = LINE ( 'NONE', #3320, #5364 ) ;
#5076 = ADVANCED_FACE ( 'NONE', ( #5249 ), #129, .T. ) ;
#5077 = VECTOR ( 'NONE', #4212, 1000.000000000000000 ) ;
#5078 = VERTEX_POINT ( 'NONE', #3552 ) ;
#5079 = CARTESIAN_POINT ( 'NONE',  ( -1.561251128379127016E-14, 0.000000000000000000, -12.75000000000000355 ) ) ;
#5080 = EDGE_CURVE ( 'NONE', #2222, #2699, #3101, .T. ) ;
#5081 = LINE ( 'NONE', #4719, #4454 ) ;
#5082 = AXIS2_PLACEMENT_3D ( 'NONE', #623, #1864, #2762 ) ;
#5083 = DIRECTION ( 'NONE',  ( -0.2181262695449070477, 0.9759205554421027662, -0.000000000000000000 ) ) ;
#5084 = EDGE_CURVE ( 'NONE', #564, #499, #1403, .T. ) ;
#5085 = EDGE_CURVE ( 'NONE', #3505, #1384, #1516, .T. ) ;
#5086 = LINE ( 'NONE', #4215, #4099 ) ;
#5087 = ORIENTED_EDGE ( 'NONE', *, *, #783, .T. ) ;
#5088 = CIRCLE ( 'NONE', #5093, 10.00000000000000178 ) ;
#5089 = DIRECTION ( 'NONE',  ( 1.000000000000000000, 9.598933135901296437E-32, -5.256737805990325036E-16 ) ) ;
#5090 = CARTESIAN_POINT ( 'NONE',  ( 59.39999999999999858, -88.87500000000001421, -30.50000000000004263 ) ) ;
#5091 = CARTESIAN_POINT ( 'NONE',  ( 59.90000000000002700, -87.00000000000000000, -30.50000000000004263 ) ) ;
#5092 = ORIENTED_EDGE ( 'NONE', *, *, #1450, .F. ) ;
#5093 = AXIS2_PLACEMENT_3D ( 'NONE', #424, #1738, #3446 ) ;
#5094 = AXIS2_PLACEMENT_3D ( 'NONE', #58, #1760, #2287 ) ;
#5095 = LINE ( 'NONE', #3335, #4962 ) ;
#5096 = LINE ( 'NONE', #2866, #738 ) ;
#5097 = VERTEX_POINT ( 'NONE', #1337 ) ;
#5098 = ADVANCED_FACE ( 'NONE', ( #713 ), #4558, .T. ) ;
#5099 = CARTESIAN_POINT ( 'NONE',  ( 63.00000000000001421, -88.37500000000000000, -32.75000000000003553 ) ) ;
#5100 = CARTESIAN_POINT ( 'NONE',  ( 63.00000000000005684, 8.000000000000000000, -3.730588120380234511E-14 ) ) ;
#5101 = ORIENTED_EDGE ( 'NONE', *, *, #1676, .F. ) ;
#5102 = CARTESIAN_POINT ( 'NONE',  ( 42.00000000000000711, -0.000000000000000000, 6.938893903907223644E-15 ) ) ;
#5103 = ORIENTED_EDGE ( 'NONE', *, *, #3125, .T. ) ;
#5104 = LINE ( 'NONE', #1245, #2714 ) ;
#5105 = VERTEX_POINT ( 'NONE', #2821 ) ;
#5106 = EDGE_CURVE ( 'NONE', #4350, #2609, #1951, .T. ) ;
#5107 = EDGE_CURVE ( 'NONE', #5105, #4207, #5271, .T. ) ;
#5108 = FACE_OUTER_BOUND ( 'NONE', #2648, .T. ) ;
#5109 = VERTEX_POINT ( 'NONE', #4548 ) ;
#5110 = CARTESIAN_POINT ( 'NONE',  ( -2.081668171172169460E-14, 0.000000000000000000, -3.000000000000002665 ) ) ;
#5111 = CARTESIAN_POINT ( 'NONE',  ( 42.00000000000001421, -9.999999999999994671, -39.00000000000000000 ) ) ;
#5112 = FACE_OUTER_BOUND ( 'NONE', #3459, .T. ) ;
#5113 = EDGE_CURVE ( 'NONE', #4652, #3117, #1528, .T. ) ;
#5114 = DIRECTION ( 'NONE',  ( 0.000000000000000000, 0.000000000000000000, -1.000000000000000000 ) ) ;
#5115 = ORIENTED_EDGE ( 'NONE', *, *, #3310, .F. ) ;
#5116 = CARTESIAN_POINT ( 'NONE',  ( 60.27433276148052954, 8.000000000000000000, -3.000000000000002665 ) ) ;
#5117 = DIRECTION ( 'NONE',  ( 0.000000000000000000, -0.000000000000000000, -1.000000000000000000 ) ) ;
#5118 = ADVANCED_FACE ( 'NONE', ( #5385 ), #4488, .T. ) ;
#5119 = CARTESIAN_POINT ( 'NONE',  ( 5.499999999999989342, 8.000000000000000000, -38.20000000000000284 ) ) ;
#5120 = ORIENTED_EDGE ( 'NONE', *, *, #1047, .F. ) ;
#5121 = DIRECTION ( 'NONE',  ( 0.000000000000000000, 0.000000000000000000, 1.000000000000000000 ) ) ;
#5122 = EDGE_LOOP ( 'NONE', ( #714, #106, #2828, #1320 ) ) ;
#5123 = VECTOR ( 'NONE', #158, 1000.000000000000000 ) ;
#5124 = DIRECTION ( 'NONE',  ( 0.000000000000000000, -1.000000000000000000, -0.000000000000000000 ) ) ;
#5125 = FACE_OUTER_BOUND ( 'NONE', #1611, .T. ) ;
#5126 = CARTESIAN_POINT ( 'NONE',  ( 60.27433276148052954, 8.000000000000000000, -23.40000000000000568 ) ) ;
#5127 = VECTOR ( 'NONE', #2919, 1000.000000000000000 ) ;
#5128 = ORIENTED_EDGE ( 'NONE', *, *, #3879, .F. ) ;
#5129 = CARTESIAN_POINT ( 'NONE',  ( 0.7071067811865342501, 0.000000000000000000, -4.907106781186482358 ) ) ;
#5130 = ORIENTED_EDGE ( 'NONE', *, *, #4603, .F. ) ;
#5131 = FACE_OUTER_BOUND ( 'NONE', #4447, .T. ) ;
#5132 = FACE_OUTER_BOUND ( 'NONE', #2770, .T. ) ;
#5133 = ORIENTED_EDGE ( 'NONE', *, *, #1571, .T. ) ;
#5134 = CYLINDRICAL_SURFACE ( 'NONE', #3020, 1.375000000000001332 ) ;
#5135 = ORIENTED_EDGE ( 'NONE', *, *, #32, .F. ) ;
#5136 = CYLINDRICAL_SURFACE ( 'NONE', #5228, 1.375000000000001332 ) ;
#5137 = ADVANCED_FACE ( 'NONE', ( #156 ), #1473, .F. ) ;
#5138 = DIRECTION ( 'NONE',  ( 0.000000000000000000, 0.000000000000000000, -1.000000000000000000 ) ) ;
#5139 = CARTESIAN_POINT ( 'NONE',  ( 64.00000000000001421, -89.37500000000000000, -32.75000000000003553 ) ) ;
#5140 = ORIENTED_EDGE ( 'NONE', *, *, #867, .T. ) ;
#5141 = CARTESIAN_POINT ( 'NONE',  ( 5.499999999999991118, 8.000000000000000000, -7.200000000000011724 ) ) ;
#5142 = ORIENTED_EDGE ( 'NONE', *, *, #5080, .F. ) ;
#5143 = FACE_OUTER_BOUND ( 'NONE', #5034, .T. ) ;
#5144 = CIRCLE ( 'NONE', #2090, 16.50000000000000000 ) ;
#5145 = VECTOR ( 'NONE', #5465, 1000.000000000000227 ) ;
#5146 = PLANE ( 'NONE',  #2363 ) ;
#5147 = LINE ( 'NONE', #5061, #5178 ) ;
#5148 = ORIENTED_EDGE ( 'NONE', *, *, #1483, .T. ) ;
#5149 = VECTOR ( 'NONE', #992, 1000.000000000000000 ) ;
#5150 = AXIS2_PLACEMENT_3D ( 'NONE', #460, #2164, #2668 ) ;
#5151 = VERTEX_POINT ( 'NONE', #2310 ) ;
#5152 = LINE ( 'NONE', #3882, #301 ) ;
#5153 = DIRECTION ( 'NONE',  ( 0.000000000000000000, 0.000000000000000000, -1.000000000000000000 ) ) ;
#5154 = EDGE_CURVE ( 'NONE', #1196, #3505, #3927, .T. ) ;
#5155 = CONICAL_SURFACE ( 'NONE', #1996, 10.00000000000000178, 1.221730476396035270 ) ;
#5156 = CARTESIAN_POINT ( 'NONE',  ( 64.00000000000001421, -87.00000000000000000, -1.000000000000014655 ) ) ;
#5157 = CIRCLE ( 'NONE', #47, 1.874999999999973799 ) ;
#5158 = VERTEX_POINT ( 'NONE', #3638 ) ;
#5159 = ORIENTED_EDGE ( 'NONE', *, *, #4214, .F. ) ;
#5160 = DIRECTION ( 'NONE',  ( 0.000000000000000000, 0.000000000000000000, -1.000000000000000000 ) ) ;
#5161 = VECTOR ( 'NONE', #5203, 1000.000000000000000 ) ;
#5162 = DIRECTION ( 'NONE',  ( 1.000000000000000000, 9.598933135901296437E-32, -5.256737805990325036E-16 ) ) ;
#5163 = EDGE_LOOP ( 'NONE', ( #1771, #1382, #4475, #2096 ) ) ;
#5164 = ORIENTED_EDGE ( 'NONE', *, *, #3007, .T. ) ;
#5165 = CARTESIAN_POINT ( 'NONE',  ( 42.32948828471136693, -1.474166273040124375, -0.8802215855123856070 ) ) ;
#5166 = CYLINDRICAL_SURFACE ( 'NONE', #5351, 1.930000000000001048 ) ;
#5167 = DIRECTION ( 'NONE',  ( 0.000000000000000000, 0.000000000000000000, -1.000000000000000000 ) ) ;
#5168 = ORIENTED_EDGE ( 'NONE', *, *, #1571, .F. ) ;
#5169 = VERTEX_POINT ( 'NONE', #2737 ) ;
#5170 = CARTESIAN_POINT ( 'NONE',  ( 60.00000000000000000, -3.928198973604913657, -34.79999999999999716 ) ) ;
#5171 = AXIS2_PLACEMENT_3D ( 'NONE', #3841, #3323, #2937 ) ;
#5172 = CARTESIAN_POINT ( 'NONE',  ( 43.05499388327440613, -9.999999999999998224, -42.00000000000002132 ) ) ;
#5173 = LINE ( 'NONE', #4279, #4814 ) ;
#5174 = EDGE_LOOP ( 'NONE', ( #118, #37, #99, #2372 ) ) ;
#5175 = AXIS2_PLACEMENT_3D ( 'NONE', #51, #979, #4478 ) ;
#5176 = EDGE_LOOP ( 'NONE', ( #1467, #5512 ) ) ;
#5177 = DIRECTION ( 'NONE',  ( 0.000000000000000000, 0.000000000000000000, 1.000000000000000000 ) ) ;
#5178 = VECTOR ( 'NONE', #1712, 1000.000000000000114 ) ;
#5179 = CARTESIAN_POINT ( 'NONE',  ( 0.9999999999999870104, 0.000000000000000000, -4.614213562373032929 ) ) ;
#5180 = ADVANCED_FACE ( 'NONE', ( #4958 ), #3203, .T. ) ;
#5181 = VECTOR ( 'NONE', #2955, 1000.000000000000000 ) ;
#5182 = ORIENTED_EDGE ( 'NONE', *, *, #4758, .T. ) ;
#5183 = ORIENTED_EDGE ( 'NONE', *, *, #32, .T. ) ;
#5184 = DIRECTION ( 'NONE',  ( 0.000000000000000000, 0.000000000000000000, -1.000000000000000000 ) ) ;
#5185 = EDGE_CURVE ( 'NONE', #1191, #4900, #401, .T. ) ;
#5186 = EDGE_CURVE ( 'NONE', #2918, #3141, #4930, .T. ) ;
#5187 = AXIS2_PLACEMENT_3D ( 'NONE', #5442, #3292, #739 ) ;
#5188 = CARTESIAN_POINT ( 'NONE',  ( 4.150789005852238412E-16, 1.000000000000001554, -37.80000000000003979 ) ) ;
#5189 = EDGE_LOOP ( 'NONE', ( #5556, #956, #1436, #910 ) ) ;
#5190 = DIRECTION ( 'NONE',  ( -1.000000000000000000, 0.000000000000000000, 3.304235192336776005E-16 ) ) ;
#5191 = ORIENTED_EDGE ( 'NONE', *, *, #4368, .T. ) ;
#5192 = CARTESIAN_POINT ( 'NONE',  ( -96.19999999999997442, -69.35331204931708271, -0.9999999999999245048 ) ) ;
#5193 = CARTESIAN_POINT ( 'NONE',  ( 42.58159558283757917, -2.602121630877944458, -28.79431656748077728 ) ) ;
#5194 = ORIENTED_EDGE ( 'NONE', *, *, #2736, .F. ) ;
#5195 = DIRECTION ( 'NONE',  ( 0.000000000000000000, 0.000000000000000000, -1.000000000000000000 ) ) ;
#5196 = ORIENTED_EDGE ( 'NONE', *, *, #1428, .T. ) ;
#5197 = CARTESIAN_POINT ( 'NONE',  ( 48.15353161276343030, -27.53156693133772492, -22.50000000000000355 ) ) ;
#5198 = DIRECTION ( 'NONE',  ( 1.000000000000000000, -0.000000000000000000, -0.000000000000000000 ) ) ;
#5199 = DIRECTION ( 'NONE',  ( -0.7071067811865474617, 0.000000000000000000, 0.7071067811865474617 ) ) ;
#5200 = ORIENTED_EDGE ( 'NONE', *, *, #3079, .T. ) ;
#5201 = EDGE_CURVE ( 'NONE', #2788, #2301, #4031, .T. ) ;
#5202 = ORIENTED_EDGE ( 'NONE', *, *, #808, .T. ) ;
#5203 = DIRECTION ( 'NONE',  ( -0.000000000000000000, -0.000000000000000000, 1.000000000000000000 ) ) ;
#5204 = VERTEX_POINT ( 'NONE', #1051 ) ;
#5205 = VERTEX_POINT ( 'NONE', #5302 ) ;
#5206 = DIRECTION ( 'NONE',  ( 0.000000000000000000, 0.000000000000000000, -1.000000000000000000 ) ) ;
#5207 = CARTESIAN_POINT ( 'NONE',  ( 5.499999999999989342, 8.000000000000000000, -36.50000000000000711 ) ) ;
#5208 = EDGE_LOOP ( 'NONE', ( #2614, #2064, #866, #2563, #4825, #4556, #5221, #4849, #91, #2193, #544, #4736, #3770, #1873, #4425, #3909, #638, #1782, #5317, #4281 ) ) ;
#5209 = ADVANCED_FACE ( 'NONE', ( #684 ), #2397, .F. ) ;
#5210 = ADVANCED_FACE ( 'NONE', ( #4606 ), #5134, .F. ) ;
#5211 = TOROIDAL_SURFACE ( 'NONE', #2779, 2.375000000000001332, 1.000000000000000000 ) ;
#5212 = LINE ( 'NONE', #1353, #5508 ) ;
#5213 = ORIENTED_EDGE ( 'NONE', *, *, #786, .T. ) ;
#5214 = DIRECTION ( 'NONE',  ( 0.04430961977791336714, -0.9990178464848046280, -3.857021960447798051E-17 ) ) ;
#5215 = ORIENTED_EDGE ( 'NONE', *, *, #700, .T. ) ;
#5216 = LINE ( 'NONE', #1808, #1541 ) ;
#5217 = CARTESIAN_POINT ( 'NONE',  ( 52.00000000000002132, -88.37500000000000000, -30.50000000000004263 ) ) ;
#5218 = CARTESIAN_POINT ( 'NONE',  ( 64.00000000000001421, -87.00000000000000000, -41.00000000000006395 ) ) ;
#5219 = ORIENTED_EDGE ( 'NONE', *, *, #3683, .F. ) ;
#5220 = ADVANCED_FACE ( 'NONE', ( #5499 ), #2455, .F. ) ;
#5221 = ORIENTED_EDGE ( 'NONE', *, *, #5381, .F. ) ;
#5222 = PLANE ( 'NONE',  #2687 ) ;
#5223 = CARTESIAN_POINT ( 'NONE',  ( 64.00000000000001421, -76.00000000000002842, -34.20000000000000284 ) ) ;
#5224 = CARTESIAN_POINT ( 'NONE',  ( 64.00000000000001421, -84.62499999999998579, -30.50000000000004263 ) ) ;
#5225 = ORIENTED_EDGE ( 'NONE', *, *, #4569, .F. ) ;
#5226 = VERTEX_POINT ( 'NONE', #2934 ) ;
#5227 = AXIS2_PLACEMENT_3D ( 'NONE', #2894, #5124, #1206 ) ;
#5228 = AXIS2_PLACEMENT_3D ( 'NONE', #2121, #2088, #1276 ) ;
#5229 = CARTESIAN_POINT ( 'NONE',  ( 53.80000000000001137, -69.35331204931708271, -40.99999999999992184 ) ) ;
#5230 = VERTEX_POINT ( 'NONE', #4637 ) ;
#5231 = VECTOR ( 'NONE', #2724, 1000.000000000000000 ) ;
#5232 = EDGE_CURVE ( 'NONE', #4429, #1510, #3401, .T. ) ;
#5233 = ORIENTED_EDGE ( 'NONE', *, *, #3093, .T. ) ;
#5234 = PLANE ( 'NONE',  #1282 ) ;
#5235 = AXIS2_PLACEMENT_3D ( 'NONE', #2726, #231, #2757 ) ;
#5236 = FACE_OUTER_BOUND ( 'NONE', #4909, .T. ) ;
#5237 = ORIENTED_EDGE ( 'NONE', *, *, #5483, .T. ) ;
#5238 = LINE ( 'NONE', #1383, #4254 ) ;
#5239 = ORIENTED_EDGE ( 'NONE', *, *, #1385, .F. ) ;
#5240 = AXIS2_PLACEMENT_3D ( 'NONE', #1381, #3484, #146 ) ;
#5241 = CONICAL_SURFACE ( 'NONE', #2705, 1.874999999999973799, 0.7853981633974482790 ) ;
#5242 = ADVANCED_FACE ( 'NONE', ( #3750 ), #2540, .F. ) ;
#5243 = VERTEX_POINT ( 'NONE', #3807 ) ;
#5244 = CARTESIAN_POINT ( 'NONE',  ( 48.15353161276349425, -9.999999999999994671, -3.000000000000002665 ) ) ;
#5245 = VECTOR ( 'NONE', #4567, 1000.000000000000000 ) ;
#5246 = DIRECTION ( 'NONE',  ( 0.2181262695449070199, -0.9759205554421027662, 0.000000000000000000 ) ) ;
#5247 = ORIENTED_EDGE ( 'NONE', *, *, #3504, .T. ) ;
#5248 = ADVANCED_FACE ( 'NONE', ( #328 ), #5470, .F. ) ;
#5249 = FACE_OUTER_BOUND ( 'NONE', #3428, .T. ) ;
#5250 = ORIENTED_EDGE ( 'NONE', *, *, #1969, .T. ) ;
#5251 = EDGE_CURVE ( 'NONE', #147, #1165, #4663, .T. ) ;
#5252 = CARTESIAN_POINT ( 'NONE',  ( 63.00000000000001421, -85.62499999999998579, -30.50000000000004263 ) ) ;
#5253 = CARTESIAN_POINT ( 'NONE',  ( 59.39999999999999858, -88.87500000000001421, -32.75000000000003553 ) ) ;
#5254 = VECTOR ( 'NONE', #1396, 1000.000000000000000 ) ;
#5255 = CARTESIAN_POINT ( 'NONE',  ( 36.50000000000000000, 0.000000000000000000, -5.500000000000011546 ) ) ;
#5256 = VERTEX_POINT ( 'NONE', #1613 ) ;
#5257 = EDGE_CURVE ( 'NONE', #4802, #2227, #5075, .T. ) ;
#5258 = ORIENTED_EDGE ( 'NONE', *, *, #3795, .F. ) ;
#5259 = CONICAL_SURFACE ( 'NONE', #3452, 1.874999999999973799, 0.7853981633974482790 ) ;
#5260 = DIRECTION ( 'NONE',  ( -0.000000000000000000, -0.000000000000000000, -1.000000000000000000 ) ) ;
#5261 = VERTEX_POINT ( 'NONE', #1644 ) ;
#5262 = CIRCLE ( 'NONE', #1486, 17.99999999999999645 ) ;
#5263 = VERTEX_POINT ( 'NONE', #4209 ) ;
#5264 = AXIS2_PLACEMENT_3D ( 'NONE', #784, #3390, #1259 ) ;
#5265 = DIRECTION ( 'NONE',  ( 1.000000000000000000, -0.000000000000000000, -0.000000000000000000 ) ) ;
#5266 = DIRECTION ( 'NONE',  ( -0.2079116908177600642, 0.9781476007338054668, 0.000000000000000000 ) ) ;
#5267 = ORIENTED_EDGE ( 'NONE', *, *, #1491, .T. ) ;
#5268 = ADVANCED_FACE ( 'NONE', ( #4146 ), #823, .T. ) ;
#5269 = LINE ( 'NONE', #4740, #3432 ) ;
#5270 = ORIENTED_EDGE ( 'NONE', *, *, #1227, .T. ) ;
#5271 = CIRCLE ( 'NONE', #4197, 10.00000000000000178 ) ;
#5272 = VERTEX_POINT ( 'NONE', #1190 ) ;
#5273 = CARTESIAN_POINT ( 'NONE',  ( 60.27433276148052954, 8.000000000000000000, -7.800000000000004263 ) ) ;
#5274 = VECTOR ( 'NONE', #5312, 1000.000000000000000 ) ;
#5275 = CARTESIAN_POINT ( 'NONE',  ( 60.03829727351615020, -9.246736463775468096, -3.472780616871467704E-14 ) ) ;
#5276 = EDGE_CURVE ( 'NONE', #131, #1360, #4267, .T. ) ;
#5277 = DIRECTION ( 'NONE',  ( -0.000000000000000000, 1.000000000000000000, 0.000000000000000000 ) ) ;
#5278 = ORIENTED_EDGE ( 'NONE', *, *, #1945, .F. ) ;
#5279 = CARTESIAN_POINT ( 'NONE',  ( 63.00000000000001421, -87.00000000000000000, -30.50000000000004263 ) ) ;
#5280 = ORIENTED_EDGE ( 'NONE', *, *, #5251, .T. ) ;
#5281 = DIRECTION ( 'NONE',  ( 0.000000000000000000, 0.000000000000000000, -1.000000000000000000 ) ) ;
#5282 = CARTESIAN_POINT ( 'NONE',  ( 63.00000000000005684, -87.00000000000000000, -21.00000000000003553 ) ) ;
#5283 = DIRECTION ( 'NONE',  ( 0.000000000000000000, 1.000000000000000000, 0.000000000000000000 ) ) ;
#5284 = EDGE_LOOP ( 'NONE', ( #1045, #3986, #3630, #2504 ) ) ;
#5285 = ADVANCED_FACE ( 'NONE', ( #413 ), #2908, .F. ) ;
#5286 = ORIENTED_EDGE ( 'NONE', *, *, #1349, .F. ) ;
#5287 = ADVANCED_FACE ( 'NONE', ( #5108 ), #1246, .F. ) ;
#5288 = CARTESIAN_POINT ( 'NONE',  ( 60.87867965644038293, -45.44951931716452975, -18.59999999999999076 ) ) ;
#5289 = EDGE_CURVE ( 'NONE', #4727, #2301, #513, .T. ) ;
#5290 = DIRECTION ( 'NONE',  ( 1.000000000000000000, 9.598933135901296437E-32, -5.256737805990325036E-16 ) ) ;
#5291 = ORIENTED_EDGE ( 'NONE', *, *, #5409, .T. ) ;
#5292 = ORIENTED_EDGE ( 'NONE', *, *, #916, .T. ) ;
#5293 = DIRECTION ( 'NONE',  ( -0.7071067811865514585, 0.000000000000000000, -0.7071067811865435759 ) ) ;
#5294 = ORIENTED_EDGE ( 'NONE', *, *, #4583, .T. ) ;
#5295 = ORIENTED_EDGE ( 'NONE', *, *, #4807, .T. ) ;
#5296 = ORIENTED_EDGE ( 'NONE', *, *, #1363, .T. ) ;
#5297 = FACE_OUTER_BOUND ( 'NONE', #2119, .T. ) ;
#5298 = AXIS2_PLACEMENT_3D ( 'NONE', #3025, #862, #4329 ) ;
#5299 = LINE ( 'NONE', #204, #675 ) ;
#5300 = CARTESIAN_POINT ( 'NONE',  ( 43.05499388327440613, 8.000000000000000000, -41.99999999999998579 ) ) ;
#5301 = VECTOR ( 'NONE', #212, 1000.000000000000000 ) ;
#5302 = CARTESIAN_POINT ( 'NONE',  ( 42.87364948594028391, -3.908802426041664724, -3.000000000000002665 ) ) ;
#5303 = ORIENTED_EDGE ( 'NONE', *, *, #2289, .F. ) ;
#5304 = DIRECTION ( 'NONE',  ( 0.7071067811865507924, 0.000000000000000000, -0.7071067811865441310 ) ) ;
#5305 = LINE ( 'NONE', #3984, #1488 ) ;
#5306 = VERTEX_POINT ( 'NONE', #1699 ) ;
#5307 = ORIENTED_EDGE ( 'NONE', *, *, #2685, .F. ) ;
#5308 = CARTESIAN_POINT ( 'NONE',  ( 64.00000000000001421, -89.37500000000000000, -9.250000000000035527 ) ) ;
#5309 = CARTESIAN_POINT ( 'NONE',  ( 63.80000000000001137, -42.52819897360492263, -7.200000000000002842 ) ) ;
#5310 = VERTEX_POINT ( 'NONE', #2985 ) ;
#5311 = EDGE_CURVE ( 'NONE', #1360, #163, #5547, .T. ) ;
#5312 = DIRECTION ( 'NONE',  ( 0.000000000000000000, 1.000000000000000000, 0.000000000000000000 ) ) ;
#5313 = CARTESIAN_POINT ( 'NONE',  ( 63.80000000000002558, -42.52819897360492263, -7.799999999999990052 ) ) ;
#5314 = EDGE_CURVE ( 'NONE', #334, #1059, #5021, .T. ) ;
#5315 = CARTESIAN_POINT ( 'NONE',  ( -20.99999999999998934, -87.00000000000000000, -42.00000000000003553 ) ) ;
#5316 = DIRECTION ( 'NONE',  ( -0.000000000000000000, -0.000000000000000000, 1.000000000000000000 ) ) ;
#5317 = ORIENTED_EDGE ( 'NONE', *, *, #3014, .F. ) ;
#5318 = VECTOR ( 'NONE', #3123, 1000.000000000000000 ) ;
#5319 = EDGE_CURVE ( 'NONE', #1255, #1328, #153, .T. ) ;
#5320 = PLANE ( 'NONE',  #647 ) ;
#5321 = AXIS2_PLACEMENT_3D ( 'NONE', #2083, #851, #1214 ) ;
#5322 = CIRCLE ( 'NONE', #4060, 1.700000000000000178 ) ;
#5323 = EDGE_LOOP ( 'NONE', ( #297, #2244, #3961, #3849 ) ) ;
#5324 = CARTESIAN_POINT ( 'NONE',  ( 63.80000000000001137, -10.52819897360492085, -23.39999999999998437 ) ) ;
#5325 = CARTESIAN_POINT ( 'NONE',  ( 52.00000000000001421, -108.0000000000000000, -8.349999999999999645 ) ) ;
#5326 = VECTOR ( 'NONE', #4202, 1000.000000000000114 ) ;
#5327 = FACE_OUTER_BOUND ( 'NONE', #2068, .T. ) ;
#5328 = ORIENTED_EDGE ( 'NONE', *, *, #4771, .F. ) ;
#5329 = AXIS2_PLACEMENT_3D ( 'NONE', #2471, #398, #428 ) ;
#5330 = EDGE_CURVE ( 'NONE', #5109, #5230, #2169, .T. ) ;
#5331 = ORIENTED_EDGE ( 'NONE', *, *, #2421, .T. ) ;
#5332 = DIRECTION ( 'NONE',  ( 0.000000000000000000, 1.000000000000000000, 0.000000000000000000 ) ) ;
#5333 = CARTESIAN_POINT ( 'NONE',  ( 63.80000000000001137, -10.52819897360492085, -26.40000000000000213 ) ) ;
#5334 = CARTESIAN_POINT ( 'NONE',  ( 42.00000000000000711, -0.000000000000000000, 6.938893903907223644E-15 ) ) ;
#5335 = DIRECTION ( 'NONE',  ( -0.000000000000000000, -0.000000000000000000, 1.000000000000000000 ) ) ;
#5336 = ORIENTED_EDGE ( 'NONE', *, *, #1121, .T. ) ;
#5337 = VECTOR ( 'NONE', #3361, 1000.000000000000000 ) ;
#5338 = ORIENTED_EDGE ( 'NONE', *, *, #1948, .T. ) ;
#5339 = CARTESIAN_POINT ( 'NONE',  ( 59.80000000000000426, -39.22819897360492547, -31.47750000000000625 ) ) ;
#5340 = CIRCLE ( 'NONE', #495, 16.49999999999999645 ) ;
#5341 = CARTESIAN_POINT ( 'NONE',  ( 52.00000000000001421, -9.999999999999994671, -9.797174393178803964E-16 ) ) ;
#5342 = DIRECTION ( 'NONE',  ( 1.000000000000000000, 0.000000000000000000, -0.000000000000000000 ) ) ;
#5343 = EDGE_LOOP ( 'NONE', ( #4437, #3593, #1015, #3509 ) ) ;
#5344 = EDGE_CURVE ( 'NONE', #2396, #2672, #1497, .T. ) ;
#5345 = ADVANCED_FACE ( 'NONE', ( #853 ), #2128, .T. ) ;
#5346 = AXIS2_PLACEMENT_3D ( 'NONE', #1763, #5198, #1790 ) ;
#5347 = DIRECTION ( 'NONE',  ( 0.000000000000000000, 0.000000000000000000, -1.000000000000000000 ) ) ;
#5348 = PLANE ( 'NONE',  #3611 ) ;
#5349 = CARTESIAN_POINT ( 'NONE',  ( 51.49933179446948373, -42.98259040445621793, -28.03222832405657527 ) ) ;
#5350 = ADVANCED_FACE ( 'NONE', ( #4295 ), #4381, .F. ) ;
#5351 = AXIS2_PLACEMENT_3D ( 'NONE', #1810, #2650, #1359 ) ;
#5352 = CARTESIAN_POINT ( 'NONE',  ( 50.89514804236023338, -39.79785578486989550, -23.49786677414840241 ) ) ;
#5353 = ADVANCED_FACE ( 'NONE', ( #1355 ), #902, .T. ) ;
#5354 = AXIS2_PLACEMENT_3D ( 'NONE', #2803, #4105, #2379 ) ;
#5355 = ORIENTED_EDGE ( 'NONE', *, *, #5314, .T. ) ;
#5356 = DIRECTION ( 'NONE',  ( -0.000000000000000000, 0.000000000000000000, -1.000000000000000000 ) ) ;
#5357 = EDGE_CURVE ( 'NONE', #2640, #2734, #3488, .T. ) ;
#5358 = FACE_OUTER_BOUND ( 'NONE', #1310, .T. ) ;
#5359 = EDGE_CURVE ( 'NONE', #3539, #2907, #2647, .T. ) ;
#5360 = VECTOR ( 'NONE', #4942, 1000.000000000000000 ) ;
#5361 = CARTESIAN_POINT ( 'NONE',  ( 60.03829727351607914, -9.246736463775469872, -42.00000000000003553 ) ) ;
#5362 = VERTEX_POINT ( 'NONE', #2618 ) ;
#5363 = ORIENTED_EDGE ( 'NONE', *, *, #2603, .T. ) ;
#5364 = VECTOR ( 'NONE', #2005, 1000.000000000000000 ) ;
#5365 = DIRECTION ( 'NONE',  ( 0.7071067811865474617, -0.7071067811865474617, 0.000000000000000000 ) ) ;
#5366 = PLANE ( 'NONE',  #1279 ) ;
#5367 = ORIENTED_EDGE ( 'NONE', *, *, #3693, .T. ) ;
#5368 = AXIS2_PLACEMENT_3D ( 'NONE', #4133, #227, #1937 ) ;
#5369 = LINE ( 'NONE', #1509, #4380 ) ;
#5370 = ORIENTED_EDGE ( 'NONE', *, *, #232, .T. ) ;
#5371 = LINE ( 'NONE', #1034, #1361 ) ;
#5372 = DIRECTION ( 'NONE',  ( -0.2174420766755847112, 0.9728594024390662121, -0.07914244358694116910 ) ) ;
#5373 = CARTESIAN_POINT ( 'NONE',  ( 0.9999999999999885647, 0.000000000000000000, -37.38578643762695464 ) ) ;
#5374 = ORIENTED_EDGE ( 'NONE', *, *, #5388, .T. ) ;
#5375 = CARTESIAN_POINT ( 'NONE',  ( 59.89999999999997726, -88.37500000000000000, -11.50000000000003020 ) ) ;
#5376 = FACE_OUTER_BOUND ( 'NONE', #2928, .T. ) ;
#5377 = CARTESIAN_POINT ( 'NONE',  ( 52.00000000000002132, -88.37500000000000000, -32.75000000000003553 ) ) ;
#5378 = DIRECTION ( 'NONE',  ( 0.7071067811865474617, 0.7071067811865474617, 0.000000000000000000 ) ) ;
#5379 = ORIENTED_EDGE ( 'NONE', *, *, #1745, .T. ) ;
#5380 = CARTESIAN_POINT ( 'NONE',  ( 42.00000000000000711, -9.999999999999994671, -14.15000000000002878 ) ) ;
#5381 = EDGE_CURVE ( 'NONE', #1393, #967, #616, .T. ) ;
#5382 = LINE ( 'NONE', #1524, #653 ) ;
#5383 = CARTESIAN_POINT ( 'NONE',  ( 43.05499388327440613, -9.999999999999998224, 0.000000000000000000 ) ) ;
#5384 = LINE ( 'NONE', #2334, #2259 ) ;
#5385 = FACE_OUTER_BOUND ( 'NONE', #1330, .T. ) ;
#5386 = EDGE_LOOP ( 'NONE', ( #4954, #3938, #4590, #712 ) ) ;
#5387 = LINE ( 'NONE', #715, #3404 ) ;
#5388 = EDGE_CURVE ( 'NONE', #2697, #4032, #1039, .T. ) ;
#5389 =( BOUNDED_CURVE ( )  B_SPLINE_CURVE ( 3, ( #1128, #2930, #4682, #2451 ),
 .UNSPECIFIED., .F., .T. ) 
 B_SPLINE_CURVE_WITH_KNOTS ( ( 4, 4 ),
 ( 6.063291212069912284, 6.128110634215246932 ),
 .UNSPECIFIED. ) 
 CURVE ( )  GEOMETRIC_REPRESENTATION_ITEM ( )  RATIONAL_B_SPLINE_CURVE ( ( 1.000000000000000000, 0.9996499008560398858, 0.9996499008560398858, 1.000000000000000000 ) ) 
 REPRESENTATION_ITEM ( '' )  );
#5390 = LINE ( 'NONE', #4035, #3628 ) ;
#5391 = DIRECTION ( 'NONE',  ( 3.304235192336776005E-16, -5.392922723243960303E-16, 1.000000000000000000 ) ) ;
#5392 = ORIENTED_EDGE ( 'NONE', *, *, #196, .T. ) ;
#5393 = ORIENTED_EDGE ( 'NONE', *, *, #2355, .F. ) ;
#5394 = CARTESIAN_POINT ( 'NONE',  ( 59.80000000000000426, -7.228198973604920141, -31.47749999999999915 ) ) ;
#5395 = LINE ( 'NONE', #3244, #773 ) ;
#5396 = ORIENTED_EDGE ( 'NONE', *, *, #3798, .T. ) ;
#5397 = CARTESIAN_POINT ( 'NONE',  ( 42.00000000000000711, -9.999999999999994671, -18.09999999999997655 ) ) ;
#5398 = CARTESIAN_POINT ( 'NONE',  ( 60.00000000000000000, -3.928198973604919875, -39.00000000000000000 ) ) ;
#5399 = CARTESIAN_POINT ( 'NONE',  ( 54.80000000000000426, -86.99999999999998579, -21.00000000000003553 ) ) ;
#5400 = VERTEX_POINT ( 'NONE', #3864 ) ;
#5401 = FACE_OUTER_BOUND ( 'NONE', #1841, .T. ) ;
#5402 = CIRCLE ( 'NONE', #5514, 1.700000000000000178 ) ;
#5403 = CIRCLE ( 'NONE', #2975, 1.700000000000000178 ) ;
#5404 = CARTESIAN_POINT ( 'NONE',  ( 0.000000000000000000, 0.000000000000000000, -18.59999999999999076 ) ) ;
#5405 = CARTESIAN_POINT ( 'NONE',  ( 42.29070357630713062, -1.300639286824828433, -28.32339398592143098 ) ) ;
#5406 = ORIENTED_EDGE ( 'NONE', *, *, #3170, .T. ) ;
#5407 = DIRECTION ( 'NONE',  ( -0.04430961977791336714, 0.9990178464848046280, 0.000000000000000000 ) ) ;
#5408 = ORIENTED_EDGE ( 'NONE', *, *, #1166, .F. ) ;
#5409 = EDGE_CURVE ( 'NONE', #3843, #3108, #1725, .T. ) ;
#5410 = CIRCLE ( 'NONE', #3885, 150.9999999999998863 ) ;
#5411 = CARTESIAN_POINT ( 'NONE',  ( 59.80000000000001847, -39.22819897360492547, -10.52250000000000263 ) ) ;
#5412 = EDGE_LOOP ( 'NONE', ( #2728, #1521 ) ) ;
#5413 = DIRECTION ( 'NONE',  ( 0.000000000000000000, 0.000000000000000000, -1.000000000000000000 ) ) ;
#5414 = VECTOR ( 'NONE', #3512, 1000.000000000000000 ) ;
#5415 = CARTESIAN_POINT ( 'NONE',  ( 36.50000000000000000, 0.000000000000000000, -3.800000000000012257 ) ) ;
#5416 = EDGE_CURVE ( 'NONE', #2571, #3955, #4742, .T. ) ;
#5417 = CARTESIAN_POINT ( 'NONE',  ( 52.00000000000001421, -9.999999999999994671, -9.797174393178803964E-16 ) ) ;
#5418 = ORIENTED_EDGE ( 'NONE', *, *, #952, .T. ) ;
#5419 = EDGE_CURVE ( 'NONE', #4835, #2322, #1146, .T. ) ;
#5420 = VECTOR ( 'NONE', #3288, 999.9999999999998863 ) ;
#5421 = AXIS2_PLACEMENT_3D ( 'NONE', #5404, #2028, #708 ) ;
#5422 = VERTEX_POINT ( 'NONE', #4793 ) ;
#5423 = LINE ( 'NONE', #4893, #4760 ) ;
#5424 = LINE ( 'NONE', #3589, #3510 ) ;
#5425 = DIRECTION ( 'NONE',  ( 1.000000000000000000, 9.598933135901296437E-32, -5.256737805990325036E-16 ) ) ;
#5426 = AXIS2_PLACEMENT_3D ( 'NONE', #1236, #4253, #2501 ) ;
#5427 = DIRECTION ( 'NONE',  ( -0.000000000000000000, -1.000000000000000000, -0.000000000000000000 ) ) ;
#5428 = ORIENTED_EDGE ( 'NONE', *, *, #344, .T. ) ;
#5429 = CARTESIAN_POINT ( 'NONE',  ( 20.99999999999999645, 5.000000000000028422, -8.000000000000005329 ) ) ;
#5430 = DIRECTION ( 'NONE',  ( 0.9781476007338054668, 0.2079116908177600642, 0.000000000000000000 ) ) ;
#5431 = DIRECTION ( 'NONE',  ( -1.000000000000000000, 0.000000000000000000, 0.000000000000000000 ) ) ;
#5432 = CIRCLE ( 'NONE', #1029, 150.0000000000000000 ) ;
#5433 = ORIENTED_EDGE ( 'NONE', *, *, #188, .T. ) ;
#5434 = AXIS2_PLACEMENT_3D ( 'NONE', #4270, #2124, #1702 ) ;
#5435 = CARTESIAN_POINT ( 'NONE',  ( 42.00000000000000711, -9.999999999999994671, -3.000000000000002665 ) ) ;
#5436 = LINE ( 'NONE', #348, #5420 ) ;
#5437 = CARTESIAN_POINT ( 'NONE',  ( 59.39999999999999858, -87.00000000000000000, -18.60000000000006537 ) ) ;
#5438 = DIRECTION ( 'NONE',  ( -0.7071067811865507924, 0.000000000000000000, 0.7071067811865441310 ) ) ;
#5439 = CARTESIAN_POINT ( 'NONE',  ( 59.39999999999999858, -85.12500000000001421, -9.250000000000035527 ) ) ;
#5440 = ORIENTED_EDGE ( 'NONE', *, *, #5010, .F. ) ;
#5441 = AXIS2_PLACEMENT_3D ( 'NONE', #1695, #2081, #322 ) ;
#5442 = CARTESIAN_POINT ( 'NONE',  ( 20.99999999999999645, 0.000000000000000000, -21.00000000000000000 ) ) ;
#5443 = ORIENTED_EDGE ( 'NONE', *, *, #2636, .F. ) ;
#5444 = DIRECTION ( 'NONE',  ( 0.000000000000000000, 0.000000000000000000, -1.000000000000000000 ) ) ;
#5445 = ADVANCED_FACE ( 'NONE', ( #934 ), #587, .T. ) ;
#5446 = AXIS2_PLACEMENT_3D ( 'NONE', #108, #5283, #3935 ) ;
#5447 = DIRECTION ( 'NONE',  ( 0.000000000000000000, 0.000000000000000000, -1.000000000000000000 ) ) ;
#5448 = DIRECTION ( 'NONE',  ( 1.652117596168386277E-16, 0.000000000000000000, -1.000000000000000000 ) ) ;
#5449 = ORIENTED_EDGE ( 'NONE', *, *, #2824, .T. ) ;
#5450 = EDGE_CURVE ( 'NONE', #721, #2214, #4018, .T. ) ;
#5451 = ORIENTED_EDGE ( 'NONE', *, *, #2765, .T. ) ;
#5452 = CARTESIAN_POINT ( 'NONE',  ( 52.00000000000001421, -46.18523055774763009, -14.15000000000003055 ) ) ;
#5453 = EDGE_CURVE ( 'NONE', #2484, #1448, #3594, .T. ) ;
#5454 = CARTESIAN_POINT ( 'NONE',  ( 60.00000000000000000, -57.18147956208619576, -3.000000000000002665 ) ) ;
#5455 = ADVANCED_FACE ( 'NONE', ( #4048 ), #1912, .T. ) ;
#5456 = VECTOR ( 'NONE', #3247, 1000.000000000000000 ) ;
#5457 = DIRECTION ( 'NONE',  ( 1.652117596168386277E-16, 0.000000000000000000, -1.000000000000000000 ) ) ;
#5458 = VERTEX_POINT ( 'NONE', #5009 ) ;
#5459 = LINE ( 'NONE', #4079, #5456 ) ;
#5460 = CARTESIAN_POINT ( 'NONE',  ( 5.499999999999989342, 0.000000000000000000, -36.50000000000000711 ) ) ;
#5461 = LINE ( 'NONE', #3655, #4443 ) ;
#5462 = DIRECTION ( 'NONE',  ( -1.000000000000000000, 0.000000000000000000, 0.000000000000000000 ) ) ;
#5463 = EDGE_CURVE ( 'NONE', #2670, #4993, #5459, .T. ) ;
#5464 = VERTEX_POINT ( 'NONE', #4501 ) ;
#5465 = DIRECTION ( 'NONE',  ( 0.9396926207859096492, 0.000000000000000000, 0.3420201433256651047 ) ) ;
#5466 = CARTESIAN_POINT ( 'NONE',  ( 59.80000000000000426, -7.228198973604920141, -29.54749999999999943 ) ) ;
#5467 = CARTESIAN_POINT ( 'NONE',  ( 4.200000000000000178, 7.000000000000069278, 1.387778780781445676E-14 ) ) ;
#5468 = CARTESIAN_POINT ( 'NONE',  ( 53.80000000000001137, -69.35331204931708271, -1.000000000000056399 ) ) ;
#5469 = ORIENTED_EDGE ( 'NONE', *, *, #2282, .T. ) ;
#5470 = PLANE ( 'NONE',  #2215 ) ;
#5471 = EDGE_LOOP ( 'NONE', ( #5182, #2617, #5120, #4855 ) ) ;
#5472 = DIRECTION ( 'NONE',  ( -1.000000000000000000, 1.156482317317870344E-14, 0.000000000000000000 ) ) ;
#5473 = LINE ( 'NONE', #3782, #3817 ) ;
#5474 = CARTESIAN_POINT ( 'NONE',  ( 60.27433276148052954, 8.000000000000000000, -2.602085213965210642E-15 ) ) ;
#5475 = VERTEX_POINT ( 'NONE', #5375 ) ;
#5476 = DIRECTION ( 'NONE',  ( 0.000000000000000000, 0.000000000000000000, -1.000000000000000000 ) ) ;
#5477 = EDGE_CURVE ( 'NONE', #2793, #1158, #1988, .T. ) ;
#5478 = ORIENTED_EDGE ( 'NONE', *, *, #3581, .T. ) ;
#5479 = PLANE ( 'NONE',  #1258 ) ;
#5480 = CARTESIAN_POINT ( 'NONE',  ( 63.00000000000001421, -89.37500000000000000, -11.50000000000003020 ) ) ;
#5481 = CARTESIAN_POINT ( 'NONE',  ( 52.00000000000002132, -87.00000000000000000, -21.00000000000003553 ) ) ;
#5482 = ORIENTED_EDGE ( 'NONE', *, *, #5319, .F. ) ;
#5483 = EDGE_CURVE ( 'NONE', #5553, #4570, #4921, .T. ) ;
#5484 = CIRCLE ( 'NONE', #4043, 151.0000000000001137 ) ;
#5485 = LINE ( 'NONE', #455, #4166 ) ;
#5486 = DIRECTION ( 'NONE',  ( 1.000000000000000000, 0.000000000000000000, 1.652117596168386277E-16 ) ) ;
#5487 = EDGE_CURVE ( 'NONE', #1393, #136, #4841, .T. ) ;
#5488 = CARTESIAN_POINT ( 'NONE',  ( 63.00000000000001421, -47.57083966072418946, -10.79999999999999005 ) ) ;
#5489 = ADVANCED_FACE ( 'NONE', ( #4978 ), #641, .T. ) ;
#5490 = ORIENTED_EDGE ( 'NONE', *, *, #4083, .F. ) ;
#5491 = CARTESIAN_POINT ( 'NONE',  ( 63.80000000000001137, -39.22819897360492547, -33.40750000000000597 ) ) ;
#5492 = ADVANCED_FACE ( 'NONE', ( #701 ), #2411, .T. ) ;
#5493 = DIRECTION ( 'NONE',  ( 1.000000000000000000, 9.598933135901296437E-32, -5.256737805990325036E-16 ) ) ;
#5494 = DIRECTION ( 'NONE',  ( -0.7071067811865524577, -0.7071067811865425767, 1.037590951441104811E-30 ) ) ;
#5495 = EDGE_LOOP ( 'NONE', ( #611, #3278, #405, #1018, #1686 ) ) ;
#5496 = ADVANCED_FACE ( 'NONE', ( #725 ), #1064, .T. ) ;
#5497 = DIRECTION ( 'NONE',  ( -0.7071067811865514585, 0.000000000000000000, -0.7071067811865435759 ) ) ;
#5498 = ORIENTED_EDGE ( 'NONE', *, *, #4326, .T. ) ;
#5499 = FACE_OUTER_BOUND ( 'NONE', #2154, .T. ) ;
#5500 = VECTOR ( 'NONE', #2936, 1000.000000000000114 ) ;
#5501 = EDGE_LOOP ( 'NONE', ( #1268, #3978, #2163, #2425 ) ) ;
#5502 = DIRECTION ( 'NONE',  ( -1.000000000000000000, 0.000000000000000000, -0.000000000000000000 ) ) ;
#5503 = CARTESIAN_POINT ( 'NONE',  ( 5.499999999999989342, 0.000000000000000000, -34.80000000000000426 ) ) ;
#5504 = DIRECTION ( 'NONE',  ( -0.7071067811865517916, -0.7071067811865433539, -0.000000000000000000 ) ) ;
#5505 = ORIENTED_EDGE ( 'NONE', *, *, #4519, .T. ) ;
#5506 = LINE ( 'NONE', #2917, #681 ) ;
#5507 = VERTEX_POINT ( 'NONE', #1174 ) ;
#5508 = VECTOR ( 'NONE', #2671, 1000.000000000000000 ) ;
#5509 = DIRECTION ( 'NONE',  ( 0.000000000000000000, 0.000000000000000000, -1.000000000000000000 ) ) ;
#5510 = CARTESIAN_POINT ( 'NONE',  ( 60.00000000000000000, -57.18147956208619576, 50.97570028453421997 ) ) ;
#5511 = LINE ( 'NONE', #2944, #1579 ) ;
#5512 = ORIENTED_EDGE ( 'NONE', *, *, #4367, .T. ) ;
#5513 = AXIS2_PLACEMENT_3D ( 'NONE', #5488, #2926, #2109 ) ;
#5514 = AXIS2_PLACEMENT_3D ( 'NONE', #4509, #1583, #321 ) ;
#5515 = LINE ( 'NONE', #4731, #2715 ) ;
#5516 = AXIS2_PLACEMENT_3D ( 'NONE', #1114, #2802, #2015 ) ;
#5517 = CARTESIAN_POINT ( 'NONE',  ( 64.00000000000001421, -108.0000000000000284, 50.97570028453421997 ) ) ;
#5518 = EDGE_CURVE ( 'NONE', #3145, #1145, #1515, .T. ) ;
#5519 = CARTESIAN_POINT ( 'NONE',  ( 48.15353161276343030, -27.53156693133766453, -39.00000000000000000 ) ) ;
#5520 = AXIS2_PLACEMENT_3D ( 'NONE', #4045, #636, #1482 ) ;
#5521 = EDGE_LOOP ( 'NONE', ( #4473, #5042, #3804, #4434, #3521, #3565 ) ) ;
#5522 = DIRECTION ( 'NONE',  ( -3.304235192336776005E-16, 2.514091994169284236E-16, -1.000000000000000000 ) ) ;
#5523 = ORIENTED_EDGE ( 'NONE', *, *, #360, .T. ) ;
#5524 = AXIS2_PLACEMENT_3D ( 'NONE', #5282, #1419, #4852 ) ;
#5525 = PLANE ( 'NONE',  #142 ) ;
#5526 = ORIENTED_EDGE ( 'NONE', *, *, #2304, .F. ) ;
#5527 = EDGE_CURVE ( 'NONE', #3929, #4532, #280, .T. ) ;
#5528 = DIRECTION ( 'NONE',  ( 1.000000000000000000, -0.000000000000000000, -0.000000000000000000 ) ) ;
#5529 = ORIENTED_EDGE ( 'NONE', *, *, #2079, .T. ) ;
#5530 = DIRECTION ( 'NONE',  ( 0.000000000000000000, 1.000000000000000000, 0.000000000000000000 ) ) ;
#5531 = VECTOR ( 'NONE', #2461, 1000.000000000000000 ) ;
#5532 = VERTEX_POINT ( 'NONE', #672 ) ;
#5533 = DIRECTION ( 'NONE',  ( -1.000000000000000000, 0.000000000000000000, 0.000000000000000000 ) ) ;
#5534 = CARTESIAN_POINT ( 'NONE',  ( 64.00000000000001421, -87.00000000000000000, -41.00000000000006395 ) ) ;
#5535 = AXIS2_PLACEMENT_3D ( 'NONE', #3834, #1640, #793 ) ;
#5536 = CARTESIAN_POINT ( 'NONE',  ( 63.80000000000002558, -42.52819897360491552, -23.39999999999999147 ) ) ;
#5537 = ORIENTED_EDGE ( 'NONE', *, *, #2456, .T. ) ;
#5538 = ORIENTED_EDGE ( 'NONE', *, *, #1297, .T. ) ;
#5539 = CIRCLE ( 'NONE', #1850, 1.699999999999999289 ) ;
#5540 = CARTESIAN_POINT ( 'NONE',  ( 20.99999999999999645, 0.000000000000000000, -21.00000000000000000 ) ) ;
#5541 = CARTESIAN_POINT ( 'NONE',  ( 59.39999999999999858, -103.4999999999999858, -21.00000000000003553 ) ) ;
#5542 = LINE ( 'NONE', #1626, #589 ) ;
#5543 = ORIENTED_EDGE ( 'NONE', *, *, #1747, .T. ) ;
#5544 = VECTOR ( 'NONE', #273, 1000.000000000000000 ) ;
#5545 = APPLICATION_PROTOCOL_DEFINITION ( 'draft international standard', 'automotive_design', 1998, #4550 ) ;
#5546 = ORIENTED_EDGE ( 'NONE', *, *, #2497, .F. ) ;
#5547 = CIRCLE ( 'NONE', #5187, 12.99999999999999645 ) ;
#5548 = CARTESIAN_POINT ( 'NONE',  ( 64.00000000000001421, -76.00000000000002842, -34.20000000000000284 ) ) ;
#5549 = LINE ( 'NONE', #1690, #1470 ) ;
#5550 = DIRECTION ( 'NONE',  ( -0.000000000000000000, -0.000000000000000000, 1.000000000000000000 ) ) ;
#5551 = ORIENTED_EDGE ( 'NONE', *, *, #1963, .T. ) ;
#5552 = CARTESIAN_POINT ( 'NONE',  ( 63.80000000000001137, -10.52819897360491375, -10.80000000000000959 ) ) ;
#5553 = VERTEX_POINT ( 'NONE', #1573 ) ;
#5554 = DIRECTION ( 'NONE',  ( 0.4999999999999942268, -0.7071067811865524577, 0.4999999999999989453 ) ) ;
#5555 = SURFACE_STYLE_USAGE ( .BOTH. , #4206 ) ;
#5556 = ORIENTED_EDGE ( 'NONE', *, *, #3371, .F. ) ;
#5557 = DIRECTION ( 'NONE',  ( -1.000000000000000000, 1.156482317317870344E-14, 0.000000000000000000 ) ) ;
#5558 = VERTEX_POINT ( 'NONE', #2863 ) ;
#5559 = ADVANCED_FACE ( 'NONE', ( #315 ), #2020, .F. ) ;
#5560 = DIRECTION ( 'NONE',  ( 0.000000000000000000, 0.000000000000000000, -1.000000000000000000 ) ) ;
ENDSEC;
END-ISO-10303-21;
