ISO-10303-21;
HEADER;
FILE_DESCRIPTION (( 'STEP AP214' ),
    '1' );
FILE_NAME ('Upperarm up - ÁªÖáÆ÷D32d8°æ±¾',
    '2026-07-05T05:57:49',
    ( '' ),
    ( '' ),
    'SwSTEP 2.0',
    'SolidWorks 2026',
    '' );
FILE_SCHEMA (( 'AUTOMOTIVE_DESIGN' ));
ENDSEC;

DATA;
#1 = FACE_OUTER_BOUND ( 'NONE', #3727, .T. ) ;
#2 = CARTESIAN_POINT ( 'NONE',  ( -25.92451534642806266, 7.687049551703590389, 21.41543734648890407 ) ) ;
#3 = EDGE_CURVE ( 'NONE', #5999, #5416, #765, .T. ) ;
#4 = EDGE_CURVE ( 'NONE', #6035, #1804, #3015, .T. ) ;
#5 = VERTEX_POINT ( 'NONE', #3696 ) ;
#6 = VERTEX_POINT ( 'NONE', #1995 ) ;
#7 = VERTEX_POINT ( 'NONE', #10954 ) ;
#8 = VERTEX_POINT ( 'NONE', #1328 ) ;
#9 = CIRCLE ( 'NONE', #6679, 1.843629150101545155 ) ;
#10 = CARTESIAN_POINT ( 'NONE',  ( -28.77809044707268171, 2.295346093869667481, 21.00000000000000000 ) ) ;
#11 = CONICAL_SURFACE ( 'NONE', #2209, 10.99999999999998934, 0.7853981633974699283 ) ;
#12 = ORIENTED_EDGE ( 'NONE', *, *, #5575, .T. ) ;
#13 = VECTOR ( 'NONE', #5228, 1000.000000000000000 ) ;
#14 = CARTESIAN_POINT ( 'NONE',  ( -20.99999999999998934, 31.50306154330093023, 7.500000000000002665 ) ) ;
#15 = DIRECTION ( 'NONE',  ( 4.290341195610180999E-17, 0.9931720082105803815, -0.1166591706937893796 ) ) ;
#16 = DIRECTION ( 'NONE',  ( -1.355252715606884487E-16, -4.336808689942030358E-15, -1.000000000000000000 ) ) ;
#17 = ORIENTED_EDGE ( 'NONE', *, *, #2157, .T. ) ;
#18 = ORIENTED_EDGE ( 'NONE', *, *, #3135, .T. ) ;
#19 = EDGE_CURVE ( 'NONE', #7502, #510, #1382, .T. ) ;
#20 = ORIENTED_EDGE ( 'NONE', *, *, #11237, .F. ) ;
#21 = ORIENTED_EDGE ( 'NONE', *, *, #4934, .F. ) ;
#22 = LINE ( 'NONE', #2569, #1911 ) ;
#23 = CARTESIAN_POINT ( 'NONE',  ( 12.06992757980552788, -37.49945344790946677, 27.00000000000000355 ) ) ;
#24 = CARTESIAN_POINT ( 'NONE',  ( 3.033519862834639985E-16, -1.750000000000004441, 24.03108891324554008 ) ) ;
#25 = CARTESIAN_POINT ( 'NONE',  ( -30.02871870788960962, 22.99999999999999289, 7.500000000000002665 ) ) ;
#26 = CARTESIAN_POINT ( 'NONE',  ( -18.59711812681304721, 0.4253002367663290539, 26.56902361102830668 ) ) ;
#27 = EDGE_CURVE ( 'NONE', #8938, #10361, #392, .T. ) ;
#28 = ORIENTED_EDGE ( 'NONE', *, *, #2378, .F. ) ;
#29 = EDGE_CURVE ( 'NONE', #9538, #4988, #8937, .T. ) ;
#30 = EDGE_CURVE ( 'NONE', #9907, #7885, #9195, .T. ) ;
#31 = CARTESIAN_POINT ( 'NONE',  ( -20.99999999999998934, 31.50306154330093023, -11.99999999999999645 ) ) ;
#32 = DIRECTION ( 'NONE',  ( 0.000000000000000000, 0.000000000000000000, -1.000000000000000000 ) ) ;
#33 = ORIENTED_EDGE ( 'NONE', *, *, #9497, .T. ) ;
#34 = AXIS2_PLACEMENT_3D ( 'NONE', #8797, #1695, #6121 ) ;
#35 = CARTESIAN_POINT ( 'NONE',  ( 15.50000000000000355, 8.000000000000000000, -15.49999999999999467 ) ) ;
#36 = CARTESIAN_POINT ( 'NONE',  ( -30.02871870788963449, 22.99999999999999289, 1.000000000000001776 ) ) ;
#37 = DIRECTION ( 'NONE',  ( 0.000000000000000000, 0.000000000000000000, -1.000000000000000000 ) ) ;
#38 = PLANE ( 'NONE',  #3859 ) ;
#39 = FACE_OUTER_BOUND ( 'NONE', #5747, .T. ) ;
#40 = CARTESIAN_POINT ( 'NONE',  ( -26.13553390593274273, 30.63859544923362677, 1.000000000000001776 ) ) ;
#41 = EDGE_CURVE ( 'NONE', #9313, #116, #5596, .T. ) ;
#42 = EDGE_CURVE ( 'NONE', #9031, #855, #3774, .T. ) ;
#43 = CARTESIAN_POINT ( 'NONE',  ( -23.99999999999997158, 10.30306154330093094, 4.423427616617237490 ) ) ;
#44 = DIRECTION ( 'NONE',  ( 0.000000000000000000, 0.000000000000000000, -1.000000000000000000 ) ) ;
#45 = VERTEX_POINT ( 'NONE', #7552 ) ;
#46 = DIRECTION ( 'NONE',  ( -0.000000000000000000, -0.000000000000000000, -1.000000000000000000 ) ) ;
#47 = ORIENTED_EDGE ( 'NONE', *, *, #6072, .F. ) ;
#48 = DIRECTION ( 'NONE',  ( 0.000000000000000000, 0.000000000000000000, 1.000000000000000000 ) ) ;
#49 = CARTESIAN_POINT ( 'NONE',  ( -23.99999999999998579, 23.50306154330088759, -47.00000000000000000 ) ) ;
#50 = CARTESIAN_POINT ( 'NONE',  ( -27.59999999999998721, 17.63098360465878400, -5.499999999999999112 ) ) ;
#51 = CARTESIAN_POINT ( 'NONE',  ( -35.82634199384856544, 60.14035386226424862, -20.92628654975537827 ) ) ;
#52 = ORIENTED_EDGE ( 'NONE', *, *, #5235, .T. ) ;
#53 = EDGE_CURVE ( 'NONE', #7, #3082, #5217, .T. ) ;
#54 = EDGE_LOOP ( 'NONE', ( #1704, #5779, #446, #3315 ) ) ;
#55 = ADVANCED_FACE ( 'NONE', ( #10249 ), #9137, .F. ) ;
#56 = AXIS2_PLACEMENT_3D ( 'NONE', #5139, #11381, #1697 ) ;
#57 = ORIENTED_EDGE ( 'NONE', *, *, #7594, .T. ) ;
#58 = ORIENTED_EDGE ( 'NONE', *, *, #8207, .F. ) ;
#59 = EDGE_CURVE ( 'NONE', #3937, #5473, #7316, .T. ) ;
#60 = DIRECTION ( 'NONE',  ( 1.000000000000000000, 0.000000000000000000, 0.000000000000000000 ) ) ;
#61 = VECTOR ( 'NONE', #7114, 1000.000000000000000 ) ;
#62 = CARTESIAN_POINT ( 'NONE',  ( -43.00000000000000000, 66.70253441421070306, -13.99999999999994316 ) ) ;
#63 = PLANE ( 'NONE',  #7840 ) ;
#64 = CYLINDRICAL_SURFACE ( 'NONE', #2405, 20.00000000000000000 ) ;
#65 = CARTESIAN_POINT ( 'NONE',  ( -1.000000000000000888, 51.31596721165375641, -21.00000000000000000 ) ) ;
#66 = EDGE_LOOP ( 'NONE', ( #9136, #3412, #7921, #6146 ) ) ;
#67 = ORIENTED_EDGE ( 'NONE', *, *, #2943, .T. ) ;
#68 = CONICAL_SURFACE ( 'NONE', #2838, 29.02871870788964515, 1.308996938995754089 ) ;
#69 = EDGE_CURVE ( 'NONE', #5351, #7938, #2952, .T. ) ;
#70 = EDGE_LOOP ( 'NONE', ( #3530, #10746, #4855, #2490, #7862, #11134, #1522, #8913, #8155, #11392, #5736, #938, #878, #3102, #11533, #6033, #6218, #10613, #8904, #7846, #2267, #1137, #4365, #5411, #3373 ) ) ;
#72 = ORIENTED_EDGE ( 'NONE', *, *, #3128, .F. ) ;
#71 = EDGE_CURVE ( 'NONE', #6455, #4716, #10136, .T. ) ;
#73 = CARTESIAN_POINT ( 'NONE',  ( -22.60000000000000853, 34.17412935516637162, -11.99999999999999645 ) ) ;
#74 = DIRECTION ( 'NONE',  ( 0.7071067811865499042, -0.7071067811865451302, 0.000000000000000000 ) ) ;
#75 = LINE ( 'NONE', #4607, #2853 ) ;
#76 = LINE ( 'NONE', #7055, #5179 ) ;
#77 = DIRECTION ( 'NONE',  ( 0.000000000000000000, 0.000000000000000000, 1.000000000000000000 ) ) ;
#78 = CARTESIAN_POINT ( 'NONE',  ( -27.59999999999998721, 17.63098360465878400, 5.500000000000002665 ) ) ;
#79 = AXIS2_PLACEMENT_3D ( 'NONE', #1694, #2435, #711 ) ;
#80 = CARTESIAN_POINT ( 'NONE',  ( -19.34063702656344574, 0.7193570772798751900, 26.15880176833486814 ) ) ;
#81 = VECTOR ( 'NONE', #6595, 1000.000000000000114 ) ;
#82 = ORIENTED_EDGE ( 'NONE', *, *, #8812, .T. ) ;
#83 = DIRECTION ( 'NONE',  ( 1.000000000000000000, 0.000000000000000000, 0.000000000000000000 ) ) ;
#84 = FACE_OUTER_BOUND ( 'NONE', #6313, .T. ) ;
#85 = VERTEX_POINT ( 'NONE', #1211 ) ;
#86 = CONICAL_SURFACE ( 'NONE', #6217, 20.00000000000000000, 1.308996938995755199 ) ;
#87 = EDGE_CURVE ( 'NONE', #10034, #9213, #7436, .T. ) ;
#88 = CARTESIAN_POINT ( 'NONE',  ( -27.60000000000000853, 34.17412935516636452, -7.500000000000000000 ) ) ;
#89 = DIRECTION ( 'NONE',  ( 0.000000000000000000, -1.000000000000000000, 0.000000000000000000 ) ) ;
#90 = ORIENTED_EDGE ( 'NONE', *, *, #6040, .T. ) ;
#91 = VECTOR ( 'NONE', #1588, 1000.000000000000000 ) ;
#92 = DIRECTION ( 'NONE',  ( 0.7071067811865499042, -0.7071067811865451302, 0.000000000000000000 ) ) ;
#93 = ORIENTED_EDGE ( 'NONE', *, *, #5225, .T. ) ;
#94 = EDGE_CURVE ( 'NONE', #11494, #4615, #6871, .T. ) ;
#95 = DIRECTION ( 'NONE',  ( 0.000000000000000000, 0.000000000000000000, -1.000000000000000000 ) ) ;
#96 = CIRCLE ( 'NONE', #2287, 5.000000000000000888 ) ;
#97 = ADVANCED_FACE ( 'NONE', ( #4763 ), #10618, .F. ) ;
#98 = AXIS2_PLACEMENT_3D ( 'NONE', #2367, #5939, #1501 ) ;
#99 = B_SPLINE_CURVE_WITH_KNOTS ( 'NONE', 3,
 ( #7572, #9393, #1231, #4837 ),
 .UNSPECIFIED., .F., .F.,
 ( 4, 4 ),
 ( 3.576224061345498009E-18, 0.0003471750017867318637 ),
 .UNSPECIFIED. ) ;
#100 = CARTESIAN_POINT ( 'NONE',  ( -44.49999999999998579, 51.28339046910143395, 15.49999999999997158 ) ) ;
#101 = CARTESIAN_POINT ( 'NONE',  ( -34.09999999999998721, 110.4999999999999858, -3.037741699796940864 ) ) ;
#102 = ORIENTED_EDGE ( 'NONE', *, *, #3739, .F. ) ;
#103 = EDGE_CURVE ( 'NONE', #7149, #10630, #6322, .T. ) ;
#104 = EDGE_CURVE ( 'NONE', #7351, #8415, #3028, .T. ) ;
#105 = FACE_OUTER_BOUND ( 'NONE', #4871, .T. ) ;
#106 = DIRECTION ( 'NONE',  ( 0.5478338651825963579, -0.8365871479762864160, 0.000000000000000000 ) ) ;
#107 = EDGE_CURVE ( 'NONE', #5227, #1002, #563, .T. ) ;
#108 = CARTESIAN_POINT ( 'NONE',  ( -20.99999999999997868, 38.70306154330083359, 5.500000000000002665 ) ) ;
#109 = AXIS2_PLACEMENT_3D ( 'NONE', #7696, #6757, #10333 ) ;
#110 = CARTESIAN_POINT ( 'NONE',  ( -18.00456258834033463, -1.018243573215154907, 25.94054402355235922 ) ) ;
#111 = CARTESIAN_POINT ( 'NONE',  ( -27.98324375614009796, 9.719976817861248009, 20.00000508442944280 ) ) ;
#112 = ORIENTED_EDGE ( 'NONE', *, *, #9831, .T. ) ;
#113 = ORIENTED_EDGE ( 'NONE', *, *, #7816, .F. ) ;
#114 = ORIENTED_EDGE ( 'NONE', *, *, #4043, .T. ) ;
#115 = AXIS2_PLACEMENT_3D ( 'NONE', #7730, #4238, #8485 ) ;
#116 = VERTEX_POINT ( 'NONE', #2526 ) ;
#117 = ORIENTED_EDGE ( 'NONE', *, *, #5966, .F. ) ;
#118 = EDGE_CURVE ( 'NONE', #10588, #3457, #3405, .T. ) ;
#119 = CARTESIAN_POINT ( 'NONE',  ( -21.95366791077113078, 1.000000214069117765, 23.68229224818061596 ) ) ;
#120 = EDGE_LOOP ( 'NONE', ( #768, #2565, #9911, #1152, #6990 ) ) ;
#121 = CARTESIAN_POINT ( 'NONE',  ( -24.33585154307734655, 84.96753294093512920, -3.900000000000002132 ) ) ;
#122 = FACE_OUTER_BOUND ( 'NONE', #5099, .T. ) ;
#123 = CARTESIAN_POINT ( 'NONE',  ( -22.16561135359184220, 8.468672896892817548, -10.51307425404456808 ) ) ;
#124 = AXIS2_PLACEMENT_3D ( 'NONE', #4984, #2353, #4926 ) ;
#125 = LINE ( 'NONE', #7268, #3148 ) ;
#126 = DIRECTION ( 'NONE',  ( -0.000000000000000000, 1.000000000000000000, -0.000000000000000000 ) ) ;
#127 = ORIENTED_EDGE ( 'NONE', *, *, #7063, .F. ) ;
#128 = EDGE_CURVE ( 'NONE', #5262, #2100, #10641, .T. ) ;
#129 = ORIENTED_EDGE ( 'NONE', *, *, #9067, .F. ) ;
#130 = CIRCLE ( 'NONE', #5524, 29.02871870788966646 ) ;
#131 = ORIENTED_EDGE ( 'NONE', *, *, #6781, .T. ) ;
#132 = AXIS2_PLACEMENT_3D ( 'NONE', #1117, #7448, #4553 ) ;
#133 = CARTESIAN_POINT ( 'NONE',  ( -10.18507242019446402, -1.750000000000004441, 24.03108891324554008 ) ) ;
#134 = CARTESIAN_POINT ( 'NONE',  ( 12.36992757980552504, 0.000000000000000000, 21.00000000000000000 ) ) ;
#135 = CARTESIAN_POINT ( 'NONE',  ( -20.99999999999998934, 24.74570223042017503, -7.499999999999998224 ) ) ;
#136 = DIRECTION ( 'NONE',  ( -0.7071067811865495711, -0.7071067811865455743, -0.000000000000000000 ) ) ;
#137 = FACE_OUTER_BOUND ( 'NONE', #3858, .T. ) ;
#138 = DIRECTION ( 'NONE',  ( 4.319837007227158624E-17, 1.000000000000000000, -0.000000000000000000 ) ) ;
#139 = CARTESIAN_POINT ( 'NONE',  ( -42.39999999999999147, 89.25000000000000000, 1.375000000000003331 ) ) ;
#140 = EDGE_CURVE ( 'NONE', #11265, #9445, #4460, .T. ) ;
#141 = ORIENTED_EDGE ( 'NONE', *, *, #445, .F. ) ;
#142 = CARTESIAN_POINT ( 'NONE',  ( -33.03137084989845107, 91.50000000000000000, -1.843629150101524727 ) ) ;
#143 = DIRECTION ( 'NONE',  ( -0.7071067811865475727, 0.7071067811865475727, 0.000000000000000000 ) ) ;
#144 = VERTEX_POINT ( 'NONE', #8488 ) ;
#145 = DIRECTION ( 'NONE',  ( -0.000000000000000000, -0.000000000000000000, -1.000000000000000000 ) ) ;
#146 = FACE_OUTER_BOUND ( 'NONE', #8840, .T. ) ;
#147 = CARTESIAN_POINT ( 'NONE',  ( -42.39999999999999147, 89.25000000000000000, 1.375000000000003331 ) ) ;
#148 = CARTESIAN_POINT ( 'NONE',  ( -21.55394421707360664, 8.083199782916736353, 10.41962455498975260 ) ) ;
#149 = ORIENTED_EDGE ( 'NONE', *, *, #7963, .T. ) ;
#150 = EDGE_LOOP ( 'NONE', ( #3357, #7359, #10377, #1621, #10723, #5907, #8752 ) ) ;
#151 = CARTESIAN_POINT ( 'NONE',  ( -20.99999999999999289, 27.26042085618161082, -13.99999999999999645 ) ) ;
#152 = AXIS2_PLACEMENT_3D ( 'NONE', #4911, #1414, #311 ) ;
#153 = LINE ( 'NONE', #7420, #9206 ) ;
#154 = FACE_OUTER_BOUND ( 'NONE', #2914, .T. ) ;
#155 = AXIS2_PLACEMENT_3D ( 'NONE', #7732, #11305, #4946 ) ;
#156 = CARTESIAN_POINT ( 'NONE',  ( -23.99999999999997868, 59.90306154330092880, -11.99999999999999645 ) ) ;
#157 = LINE ( 'NONE', #4523, #2528 ) ;
#158 = LINE ( 'NONE', #7143, #11105 ) ;
#159 = DIRECTION ( 'NONE',  ( -0.000000000000000000, -1.000000000000000000, -0.000000000000000000 ) ) ;
#160 = CARTESIAN_POINT ( 'NONE',  ( -24.00000000000006040, 59.90306154330085064, -47.00000000000000000 ) ) ;
#161 = DIRECTION ( 'NONE',  ( 1.000000000000000000, 0.000000000000000000, 0.000000000000000000 ) ) ;
#162 = CARTESIAN_POINT ( 'NONE',  ( -26.07971275182131876, 8.885261623358704952, 20.25462354286841204 ) ) ;
#163 = ORIENTED_EDGE ( 'NONE', *, *, #1215, .F. ) ;
#164 = EDGE_CURVE ( 'NONE', #8826, #9811, #3465, .T. ) ;
#165 = ORIENTED_EDGE ( 'NONE', *, *, #11220, .T. ) ;
#166 = VECTOR ( 'NONE', #3989, 1000.000000000000000 ) ;
#167 = VERTEX_POINT ( 'NONE', #2587 ) ;
#168 = VERTEX_POINT ( 'NONE', #1781 ) ;
#169 = DIRECTION ( 'NONE',  ( 1.000000000000000000, 0.000000000000000000, 0.000000000000000000 ) ) ;
#170 = CARTESIAN_POINT ( 'NONE',  ( -23.68832858178251755, 8.242040586995960538, 21.15515965827225742 ) ) ;
#171 = LINE ( 'NONE', #2781, #7503 ) ;
#172 = DIRECTION ( 'NONE',  ( 1.000000000000000000, 0.000000000000000000, 0.000000000000000000 ) ) ;
#173 = AXIS2_PLACEMENT_3D ( 'NONE', #4840, #409, #2913 ) ;
#174 = B_SPLINE_SURFACE_WITH_KNOTS ( 'NONE', 1, 3, ( 
 ( #5681, #9232, #1243, #365, #3919, #7466, #3039, #6589, #10171, #2169, #5745, #9288, #1297, #9522, #11390, #6133, #2449, #10576, #4210, #7764, #3452, #3388, #5089, #8691, #8753, #9706, #10453, #6018, #2509, #5210 ),
 ( #9650, #11456, #6078, #4152, #4269, #4973, #11337, #5149, #9465, #2571, #9588, #4324, #8522, #3335, #1648, #5030, #11271, #1589, #725, #606, #6997, #7825, #1527, #2391, #11212, #6934, #786, #10515, #550, #666 ) ),
 .UNSPECIFIED., .F., .F., .F.,
 ( 2, 2 ),
 ( 4, 2, 2, 2, 2, 2, 2, 2, 2, 2, 2, 2, 2, 2, 4 ),
 ( 0.000000000000000000, 1.000000000000000000 ),
 ( 0.000000000000000000, 0.0004212702687851265990, 0.0006319054031776898984, 0.0008425405375702531979, 0.001053175671962816497, 0.001158493239159098147, 0.001263810806355379797, 0.001685081075140506396, 0.001895716209533069695, 0.002106351343925632995, 0.002316986478318196294, 0.002527621612710759594, 0.002738256747103322893, 0.002948891881495886193, 0.003370162150281012792 ),
 .UNSPECIFIED. ) ;
#175 = FACE_OUTER_BOUND ( 'NONE', #3001, .T. ) ;
#176 = FACE_OUTER_BOUND ( 'NONE', #1275, .T. ) ;
#177 = VERTEX_POINT ( 'NONE', #10468 ) ;
#178 = EDGE_CURVE ( 'NONE', #1536, #8443, #8017, .T. ) ;
#179 = VERTEX_POINT ( 'NONE', #6952 ) ;
#180 = ORIENTED_EDGE ( 'NONE', *, *, #11407, .F. ) ;
#181 = AXIS2_PLACEMENT_3D ( 'NONE', #4719, #10261, #3904 ) ;
#182 = VERTEX_POINT ( 'NONE', #8768 ) ;
#183 = DIRECTION ( 'NONE',  ( -0.8660254037844390407, -0.4999999999999994449, 0.000000000000000000 ) ) ;
#184 = DIRECTION ( 'NONE',  ( 0.000000000000000000, 0.000000000000000000, 1.000000000000000000 ) ) ;
#185 = FACE_BOUND ( 'NONE', #4832, .T. ) ;
#186 = ORIENTED_EDGE ( 'NONE', *, *, #7576, .F. ) ;
#187 = CYLINDRICAL_SURFACE ( 'NONE', #3317, 1.700000000000000178 ) ;
#188 = CARTESIAN_POINT ( 'NONE',  ( -22.77561206912258740, 9.078673612423557415, 10.66293125528659225 ) ) ;
#189 = PLANE ( 'NONE',  #7071 ) ;
#190 = CARTESIAN_POINT ( 'NONE',  ( -46.00000000000000000, 7.760605024106787004E-16, 17.00000000000001776 ) ) ;
#191 = CARTESIAN_POINT ( 'NONE',  ( 16.56992757980552611, 0.000000000000000000, -20.00000000000001421 ) ) ;
#192 = EDGE_LOOP ( 'NONE', ( #1411, #9711, #3632, #825 ) ) ;
#193 = PLANE ( 'NONE',  #3949 ) ;
#194 = VERTEX_POINT ( 'NONE', #10593 ) ;
#195 = CARTESIAN_POINT ( 'NONE',  ( -22.60283219674759891, 7.029661076000111919, 23.13252986389928267 ) ) ;
#196 = FACE_OUTER_BOUND ( 'NONE', #5425, .T. ) ;
#197 = LINE ( 'NONE', #3748, #1033 ) ;
#198 = ORIENTED_EDGE ( 'NONE', *, *, #6525, .F. ) ;
#199 = ADVANCED_FACE ( 'NONE', ( #39 ), #1491, .F. ) ;
#200 = EDGE_CURVE ( 'NONE', #6013, #9485, #6264, .T. ) ;
#201 = CARTESIAN_POINT ( 'NONE',  ( -26.13553390593271075, 21.36752763736817329, 5.500000000000002665 ) ) ;
#202 = CARTESIAN_POINT ( 'NONE',  ( -22.11087063048444890, 0.000000000000000000, 22.11087063048414336 ) ) ;
#203 = CARTESIAN_POINT ( 'NONE',  ( -15.50000000000000533, 8.000000000000000000, 13.89999999999998792 ) ) ;
#204 = FACE_OUTER_BOUND ( 'NONE', #1220, .T. ) ;
#205 = CARTESIAN_POINT ( 'NONE',  ( 11.56992757980552966, -37.00000000000000000, 24.50000000000000000 ) ) ;
#206 = DIRECTION ( 'NONE',  ( -1.379656123914496359E-15, 1.000000000000000000, -0.000000000000000000 ) ) ;
#207 = DIRECTION ( 'NONE',  ( -1.000000000000000000, 0.000000000000000000, 1.652117596168387756E-16 ) ) ;
#208 = PLANE ( 'NONE',  #10032 ) ;
#209 = VECTOR ( 'NONE', #1342, 1000.000000000000000 ) ;
#210 = LINE ( 'NONE', #7975, #9773 ) ;
#211 = CARTESIAN_POINT ( 'NONE',  ( -27.56477648050143259, 8.350092234941870473, 21.06913671888887407 ) ) ;
#212 = CIRCLE ( 'NONE', #3184, 5.000000000000000888 ) ;
#213 = ORIENTED_EDGE ( 'NONE', *, *, #3521, .F. ) ;
#214 = ADVANCED_FACE ( 'NONE', ( #7613 ), #11182, .F. ) ;
#215 = ORIENTED_EDGE ( 'NONE', *, *, #30, .T. ) ;
#216 = EDGE_LOOP ( 'NONE', ( #5275, #9429, #8915, #6344, #9869, #3571, #8159, #7608, #8215, #3842, #3172, #8966, #2171, #941, #1319, #4399, #10907, #1970, #3057, #6044, #7802, #1262 ) ) ;
#217 = AXIS2_PLACEMENT_3D ( 'NONE', #3221, #9474, #1307 ) ;
#218 = CARTESIAN_POINT ( 'NONE',  ( 9.693539204939243703, -1.750000000000000222, 24.50000000000000000 ) ) ;
#219 = DIRECTION ( 'NONE',  ( 1.000000000000000000, 0.000000000000000000, 0.000000000000000000 ) ) ;
#220 = ADVANCED_FACE ( 'NONE', ( #1605 ), #9301, .T. ) ;
#221 = CARTESIAN_POINT ( 'NONE',  ( -27.60000000000004761, 54.23199373143538082, 1.000000000000000888 ) ) ;
#222 = FACE_OUTER_BOUND ( 'NONE', #1902, .T. ) ;
#223 = CARTESIAN_POINT ( 'NONE',  ( -23.38689500141420297, 9.689956544715162323, -2.198675443213571779 ) ) ;
#224 = CARTESIAN_POINT ( 'NONE',  ( -32.49999999999998579, 110.4999999999999858, -2.374999999999992006 ) ) ;
#225 = EDGE_CURVE ( 'NONE', #2520, #5638, #8809, .T. ) ;
#226 = DIRECTION ( 'NONE',  ( 1.000000000000000000, 0.000000000000000000, 0.000000000000000000 ) ) ;
#227 = LINE ( 'NONE', #7269, #5734 ) ;
#228 = VERTEX_POINT ( 'NONE', #2511 ) ;
#229 = ORIENTED_EDGE ( 'NONE', *, *, #10254, .T. ) ;
#230 = ORIENTED_EDGE ( 'NONE', *, *, #3938, .T. ) ;
#231 = ORIENTED_EDGE ( 'NONE', *, *, #9400, .F. ) ;
#232 = AXIS2_PLACEMENT_3D ( 'NONE', #3336, #6879, #2450 ) ;
#233 = LINE ( 'NONE', #1864, #1951 ) ;
#234 = CARTESIAN_POINT ( 'NONE',  ( -24.00000000000000000, 28.50306154330090536, -47.00000000000000000 ) ) ;
#235 = DIRECTION ( 'NONE',  ( -1.652117596168388002E-16, 0.000000000000000000, -1.000000000000000000 ) ) ;
#236 = VERTEX_POINT ( 'NONE', #4326 ) ;
#237 = AXIS2_PLACEMENT_3D ( 'NONE', #2457, #8820, #8882 ) ;
#238 = ADVANCED_FACE ( 'NONE', ( #7884 ), #6999, .F. ) ;
#239 = EDGE_CURVE ( 'NONE', #922, #5266, #9765, .T. ) ;
#240 = CARTESIAN_POINT ( 'NONE',  ( -35.99999999999999289, 122.0000000000000000, 2.599999999999998312 ) ) ;
#241 = FACE_OUTER_BOUND ( 'NONE', #8358, .T. ) ;
#242 = DIRECTION ( 'NONE',  ( -1.000000000000000000, 0.000000000000000000, 0.000000000000000000 ) ) ;
#243 = EDGE_CURVE ( 'NONE', #4179, #10244, #8371, .T. ) ;
#244 = CARTESIAN_POINT ( 'NONE',  ( -17.78408146220683861, -0.06127972217297354002, 26.85071401709560845 ) ) ;
#245 = VECTOR ( 'NONE', #7855, 1000.000000000000114 ) ;
#246 = VECTOR ( 'NONE', #1350, 1000.000000000000000 ) ;
#247 = CARTESIAN_POINT ( 'NONE',  ( -8.699777001142356525, 1.398234681329208013E-13, 23.10279783643516538 ) ) ;
#248 = ORIENTED_EDGE ( 'NONE', *, *, #4516, .F. ) ;
#249 = ORIENTED_EDGE ( 'NONE', *, *, #9484, .T. ) ;
#250 = CARTESIAN_POINT ( 'NONE',  ( -26.63187090397115853, 7.943880536069158005, 21.23169578630590237 ) ) ;
#251 = CARTESIAN_POINT ( 'NONE',  ( -27.59999999999998721, 17.83199373143543198, -0.9999999999999983347 ) ) ;
#252 = CARTESIAN_POINT ( 'NONE',  ( -27.97597494221479053, 9.715929918766780915, 20.00000520416796590 ) ) ;
#253 = ORIENTED_EDGE ( 'NONE', *, *, #11176, .T. ) ;
#254 = AXIS2_PLACEMENT_3D ( 'NONE', #10784, #6389, #5428 ) ;
#255 = DIRECTION ( 'NONE',  ( 0.000000000000000000, 0.000000000000000000, -1.000000000000000000 ) ) ;
#256 = VERTEX_POINT ( 'NONE', #10852 ) ;
#257 = PLANE ( 'NONE',  #5118 ) ;
#258 = CARTESIAN_POINT ( 'NONE',  ( -26.02411907401665303, 79.84994088672971202, 9.100000000000010303 ) ) ;
#259 = AXIS2_PLACEMENT_3D ( 'NONE', #3011, #6561, #7796 ) ;
#260 = AXIS2_PLACEMENT_3D ( 'NONE', #4828, #397, #7499 ) ;
#261 = CARTESIAN_POINT ( 'NONE',  ( -32.96862915010149919, 89.25000000000000000, 1.906370849898483710 ) ) ;
#262 = AXIS2_PLACEMENT_3D ( 'NONE', #6099, #9672, #2645 ) ;
#263 = DIRECTION ( 'NONE',  ( 4.319837007227158624E-17, 1.000000000000000000, -0.000000000000000000 ) ) ;
#265 = DIRECTION ( 'NONE',  ( -1.652117596168393672E-16, 1.000000000000000000, -3.491481338843133355E-15 ) ) ;
#264 = DIRECTION ( 'NONE',  ( 0.000000000000000000, 0.000000000000000000, -1.000000000000000000 ) ) ;
#266 = FACE_OUTER_BOUND ( 'NONE', #9743, .T. ) ;
#267 = ORIENTED_EDGE ( 'NONE', *, *, #94, .T. ) ;
#268 = LINE ( 'NONE', #4633, #9412 ) ;
#269 = CARTESIAN_POINT ( 'NONE',  ( -19.64284886039479971, 64.26021268290610067, 12.00000000000000178 ) ) ;
#270 = CYLINDRICAL_SURFACE ( 'NONE', #2821, 5.000000000000000888 ) ;
#271 = CONICAL_SURFACE ( 'NONE', #11459, 20.00000000000001776, 0.7853981633974691512 ) ;
#272 = ORIENTED_EDGE ( 'NONE', *, *, #4632, .T. ) ;
#273 = ADVANCED_FACE ( 'NONE', ( #956 ), #8934, .F. ) ;
#274 = ORIENTED_EDGE ( 'NONE', *, *, #6839, .T. ) ;
#275 = ORIENTED_EDGE ( 'NONE', *, *, #7829, .F. ) ;
#276 = ORIENTED_EDGE ( 'NONE', *, *, #4369, .F. ) ;
#277 = VECTOR ( 'NONE', #4004, 1000.000000000000114 ) ;
#278 = FACE_OUTER_BOUND ( 'NONE', #4053, .T. ) ;
#279 = DIRECTION ( 'NONE',  ( 0.000000000000000000, 0.000000000000000000, 1.000000000000000000 ) ) ;
#280 = CARTESIAN_POINT ( 'NONE',  ( -7.685072420194471121, -5.000000000000002665, 27.00000000000000355 ) ) ;
#281 = FACE_OUTER_BOUND ( 'NONE', #1650, .T. ) ;
#282 = DIRECTION ( 'NONE',  ( 0.000000000000000000, -1.000000000000000000, 0.000000000000000000 ) ) ;
#283 = CARTESIAN_POINT ( 'NONE',  ( -26.13553390593274628, 39.56752763736815126, -7.499999999999999112 ) ) ;
#284 = CARTESIAN_POINT ( 'NONE',  ( -32.49999999999998579, 100.9999999999999858, 3.743037625879104828E-15 ) ) ;
#285 = AXIS2_PLACEMENT_3D ( 'NONE', #7927, #9692, #4431 ) ;
#286 = VERTEX_POINT ( 'NONE', #78 ) ;
#287 = AXIS2_PLACEMENT_3D ( 'NONE', #6948, #5224, #852 ) ;
#288 = EDGE_CURVE ( 'NONE', #4878, #9421, #4725, .T. ) ;
#289 = ORIENTED_EDGE ( 'NONE', *, *, #3915, .F. ) ;
#290 = ORIENTED_EDGE ( 'NONE', *, *, #4303, .T. ) ;
#291 = ORIENTED_EDGE ( 'NONE', *, *, #10003, .T. ) ;
#292 = DIRECTION ( 'NONE',  ( -0.000000000000000000, 1.000000000000000000, 1.927470528863117569E-16 ) ) ;
#293 = DIRECTION ( 'NONE',  ( 0.000000000000000000, -1.000000000000000000, 0.000000000000000000 ) ) ;
#294 = ORIENTED_EDGE ( 'NONE', *, *, #2961, .F. ) ;
#295 = CIRCLE ( 'NONE', #6800, 1.599999999999999867 ) ;
#296 = LINE ( 'NONE', #1122, #11135 ) ;
#297 = DIRECTION ( 'NONE',  ( 0.000000000000000000, 0.000000000000000000, 1.000000000000000000 ) ) ;
#298 = CARTESIAN_POINT ( 'NONE',  ( -0.9999999999999940048, 51.31596721165377062, 21.00000000000000000 ) ) ;
#299 = CARTESIAN_POINT ( 'NONE',  ( -27.14916902195712822, 14.77120655742153588, 14.33098872194337581 ) ) ;
#300 = DIRECTION ( 'NONE',  ( 0.000000000000000000, 1.000000000000000000, 1.927470528863117569E-16 ) ) ;
#301 = EDGE_CURVE ( 'NONE', #9385, #11231, #7053, .T. ) ;
#302 = VERTEX_POINT ( 'NONE', #2912 ) ;
#303 = CONICAL_SURFACE ( 'NONE', #5145, 25.74999999999998934, 0.7853981633974431720 ) ;
#304 = EDGE_CURVE ( 'NONE', #720, #5408, #6352, .T. ) ;
#305 = EDGE_CURVE ( 'NONE', #6475, #9907, #8757, .T. ) ;
#306 = CARTESIAN_POINT ( 'NONE',  ( -8.851673391638319899, 0.000000000000000000, 21.00166216536977615 ) ) ;
#307 = ORIENTED_EDGE ( 'NONE', *, *, #6690, .T. ) ;
#308 = DIRECTION ( 'NONE',  ( -0.7071067811865474617, -0.7071067811865474617, 0.000000000000000000 ) ) ;
#309 = DIRECTION ( 'NONE',  ( 0.000000000000000000, 0.000000000000000000, 1.000000000000000000 ) ) ;
#310 = DIRECTION ( 'NONE',  ( 1.652117596168388002E-16, 0.000000000000000000, 1.000000000000000000 ) ) ;
#311 = DIRECTION ( 'NONE',  ( 0.000000000000000000, 0.000000000000000000, 1.000000000000000000 ) ) ;
#312 = ORIENTED_EDGE ( 'NONE', *, *, #5788, .T. ) ;
#313 = AXIS2_PLACEMENT_3D ( 'NONE', #4057, #11122, #7610 ) ;
#314 = EDGE_CURVE ( 'NONE', #9479, #2319, #11375, .T. ) ;
#315 = CARTESIAN_POINT ( 'NONE',  ( -46.00000000000000000, 100.9999999999999858, 1.230037288700441648E-31 ) ) ;
#316 = CARTESIAN_POINT ( 'NONE',  ( -45.00000000000006395, 101.0000000000000000, -21.00000000000000000 ) ) ;
#317 = CONICAL_SURFACE ( 'NONE', #7752, 1.374999999999997113, 0.7853981633974480570 ) ;
#318 = VERTEX_POINT ( 'NONE', #3629 ) ;
#319 = ADVANCED_FACE ( 'NONE', ( #3567 ), #1688, .F. ) ;
#320 = DIRECTION ( 'NONE',  ( 1.000000000000000000, 0.000000000000000000, 0.000000000000000000 ) ) ;
#321 = CARTESIAN_POINT ( 'NONE',  ( -20.99999999999998224, 49.70306154330096859, 14.00000000000000178 ) ) ;
#323 = CARTESIAN_POINT ( 'NONE',  ( -24.01591453700672574, 87.23058784445814240, -9.091386886199050110 ) ) ;
#322 = PLANE ( 'NONE',  #11455 ) ;
#324 = CARTESIAN_POINT ( 'NONE',  ( -27.60000000000001208, 36.03199373143541351, -0.9999999999999983347 ) ) ;
#325 = FACE_OUTER_BOUND ( 'NONE', #10691, .T. ) ;
#326 = EDGE_CURVE ( 'NONE', #9485, #7489, #7115, .T. ) ;
#327 = EDGE_LOOP ( 'NONE', ( #11430, #756 ) ) ;
#328 = VECTOR ( 'NONE', #9392, 1000.000000000000114 ) ;
#329 = ORIENTED_EDGE ( 'NONE', *, *, #895, .F. ) ;
#330 = ORIENTED_EDGE ( 'NONE', *, *, #6191, .F. ) ;
#331 = VECTOR ( 'NONE', #2793, 1000.000000000000000 ) ;
#332 = DIRECTION ( 'NONE',  ( -0.7071067811865444641, -0.7071067811865505703, 0.000000000000000000 ) ) ;
#333 = CARTESIAN_POINT ( 'NONE',  ( -27.09083954634446201, 64.04131992144893104, -0.9999999999999983347 ) ) ;
#334 = DIRECTION ( 'NONE',  ( 1.000000000000000000, 0.000000000000000000, 0.000000000000000000 ) ) ;
#335 = EDGE_CURVE ( 'NONE', #5264, #11372, #3912, .T. ) ;
#336 = CARTESIAN_POINT ( 'NONE',  ( -32.78586014155452233, 65.98631720019237434, 19.81179247625375339 ) ) ;
#337 = EDGE_CURVE ( 'NONE', #892, #4312, #1824, .T. ) ;
#338 = EDGE_CURVE ( 'NONE', #5255, #10962, #1127, .T. ) ;
#339 = LINE ( 'NONE', #10198, #8619 ) ;
#340 = CARTESIAN_POINT ( 'NONE',  ( -35.99999999999999289, 22.99999999999999289, 9.100000000000003197 ) ) ;
#341 = CARTESIAN_POINT ( 'NONE',  ( 16.56992757980552611, 0.000000000000000000, 24.50000000000000000 ) ) ;
#342 = VECTOR ( 'NONE', #10607, 1000.000000000000000 ) ;
#343 = VERTEX_POINT ( 'NONE', #8982 ) ;
#344 = ORIENTED_EDGE ( 'NONE', *, *, #10357, .F. ) ;
#345 = PLANE ( 'NONE',  #3797 ) ;
#346 = ORIENTED_EDGE ( 'NONE', *, *, #6502, .F. ) ;
#347 = ORIENTED_EDGE ( 'NONE', *, *, #3552, .T. ) ;
#348 = ORIENTED_EDGE ( 'NONE', *, *, #9863, .T. ) ;
#349 = CARTESIAN_POINT ( 'NONE',  ( -23.99999999999997158, 10.30306154330093094, -15.07657238338275185 ) ) ;
#350 = VECTOR ( 'NONE', #3231, 1000.000000000000000 ) ;
#351 = ORIENTED_EDGE ( 'NONE', *, *, #3619, .F. ) ;
#352 = B_SPLINE_CURVE_WITH_KNOTS ( 'NONE', 3,
 ( #2488, #5194, #4665, #4493, #5435, #4891, #2253, #5156, #11277, #3281, #5094, #2400, #3393, #671 ),
 .UNSPECIFIED., .F., .F.,
 ( 4, 2, 1, 1, 1, 1, 2, 2, 4 ),
 ( 0.000000000000000000, 0.2499999999998417377, 0.3749999999997559175, 0.4374999999997093436, 0.4687499999996860289, 0.4843749999996805333, 0.4921874999996803668, 0.4999999999996802003, 1.000000000000000000 ),
 .UNSPECIFIED. ) ;
#353 = CARTESIAN_POINT ( 'NONE',  ( -32.45779162047082878, 66.65895734927150329, 2.600000000000002309 ) ) ;
#354 = CARTESIAN_POINT ( 'NONE',  ( -24.00000000000006040, 59.90306154330085064, -47.00000000000000000 ) ) ;
#355 = DIRECTION ( 'NONE',  ( 0.8681683818352190496, -0.4234340121835281634, -0.2588190451025131900 ) ) ;
#356 = DIRECTION ( 'NONE',  ( 0.4383711467890782920, 0.8987940462991665935, 0.000000000000000000 ) ) ;
#357 = CARTESIAN_POINT ( 'NONE',  ( -16.99761971378717007, -0.8086645392696450996, 26.98123904348614133 ) ) ;
#358 = AXIS2_PLACEMENT_3D ( 'NONE', #5669, #10973, #10916 ) ;
#359 = ORIENTED_EDGE ( 'NONE', *, *, #3230, .T. ) ;
#360 = ADVANCED_FACE ( 'NONE', ( #1124 ), #189, .T. ) ;
#361 = ORIENTED_EDGE ( 'NONE', *, *, #5580, .F. ) ;
#362 = CARTESIAN_POINT ( 'NONE',  ( -27.51294097767125280, 16.27707977365666636, -11.91356859351483344 ) ) ;
#363 = LINE ( 'NONE', #8520, #422 ) ;
#364 = PLANE ( 'NONE',  #3265 ) ;
#365 = CARTESIAN_POINT ( 'NONE',  ( -19.64860501192726971, 0.8080275210130374308, 25.93674550247698463 ) ) ;
#366 = CARTESIAN_POINT ( 'NONE',  ( -36.00000000000000000, 22.99999999999999289, -15.59999999999999432 ) ) ;
#367 = ORIENTED_EDGE ( 'NONE', *, *, #6267, .T. ) ;
#368 = CIRCLE ( 'NONE', #5215, 29.02871870788962738 ) ;
#369 = CARTESIAN_POINT ( 'NONE',  ( -24.00000000000002487, 41.70306154330087622, -47.00000000000000000 ) ) ;
#370 = ADVANCED_FACE ( 'NONE', ( #2042 ), #9507, .T. ) ;
#371 = DIRECTION ( 'NONE',  ( 0.000000000000000000, 0.000000000000000000, 1.000000000000000000 ) ) ;
#372 = VECTOR ( 'NONE', #8261, 1000.000000000000114 ) ;
#373 = ADVANCED_FACE ( 'NONE', ( #1008 ), #7337, .F. ) ;
#374 = ORIENTED_EDGE ( 'NONE', *, *, #2756, .F. ) ;
#375 = EDGE_CURVE ( 'NONE', #510, #704, #9921, .T. ) ;
#376 = CARTESIAN_POINT ( 'NONE',  ( -22.16561135359184220, 8.468672896892817548, -10.51307425404456808 ) ) ;
#377 = CARTESIAN_POINT ( 'NONE',  ( 12.36992757980554636, 0.000000000000000000, 21.00000000000000000 ) ) ;
#378 = AXIS2_PLACEMENT_3D ( 'NONE', #6249, #4661, #242 ) ;
#380 = DIRECTION ( 'NONE',  ( 0.000000000000000000, 3.465585876565463235E-15, 1.000000000000000000 ) ) ;
#379 = FACE_OUTER_BOUND ( 'NONE', #3913, .T. ) ;
#381 = FACE_OUTER_BOUND ( 'NONE', #10298, .T. ) ;
#382 = ORIENTED_EDGE ( 'NONE', *, *, #5434, .F. ) ;
#383 = ADVANCED_FACE ( 'NONE', ( #5898 ), #9515, .F. ) ;
#384 = EDGE_CURVE ( 'NONE', #11331, #8730, #9125, .T. ) ;
#385 = CARTESIAN_POINT ( 'NONE',  ( -19.04918634727801674, -0.2525728590669146789, 25.41833418755084750 ) ) ;
#386 = LINE ( 'NONE', #3934, #7664 ) ;
#387 = ORIENTED_EDGE ( 'NONE', *, *, #7145, .F. ) ;
#388 = ORIENTED_EDGE ( 'NONE', *, *, #9400, .T. ) ;
#389 = VERTEX_POINT ( 'NONE', #3085 ) ;
#390 = CARTESIAN_POINT ( 'NONE',  ( -23.99999999999997158, 10.30306154330093094, -47.00000000000000000 ) ) ;
#391 = DIRECTION ( 'NONE',  ( 0.2588190451025130234, -0.000000000000000000, -0.9659258262890704216 ) ) ;
#392 = LINE ( 'NONE', #8319, #7248 ) ;
#393 = CARTESIAN_POINT ( 'NONE',  ( 12.10325409937562213, 0.000000000000000000, 21.00000000000000000 ) ) ;
#394 = CARTESIAN_POINT ( 'NONE',  ( -32.45779162047082878, 66.65895734927148908, 19.71550740233812604 ) ) ;
#395 = DIRECTION ( 'NONE',  ( -1.652117596168388002E-16, 0.000000000000000000, -1.000000000000000000 ) ) ;
#396 = DIRECTION ( 'NONE',  ( 0.9659258262890700886, 0.000000000000000000, -0.2588190451025139116 ) ) ;
#397 = DIRECTION ( 'NONE',  ( 0.000000000000000000, -1.000000000000000000, 1.927470528863117569E-16 ) ) ;
#398 = CARTESIAN_POINT ( 'NONE',  ( -21.03832892204481908, 8.000048970288766270, 9.100000000000003197 ) ) ;
#399 = ORIENTED_EDGE ( 'NONE', *, *, #6640, .T. ) ;
#400 = VERTEX_POINT ( 'NONE', #6634 ) ;
#401 = EDGE_CURVE ( 'NONE', #10277, #9904, #7633, .T. ) ;
#402 = ORIENTED_EDGE ( 'NONE', *, *, #853, .T. ) ;
#403 = ORIENTED_EDGE ( 'NONE', *, *, #895, .T. ) ;
#404 = CARTESIAN_POINT ( 'NONE',  ( -23.99999999999997158, 10.30306154330093094, -10.92342761661722861 ) ) ;
#405 = CARTESIAN_POINT ( 'NONE',  ( -15.49999999999999467, 8.000000000000000000, -15.50000000000000533 ) ) ;
#406 = DIRECTION ( 'NONE',  ( 0.000000000000000000, 0.000000000000000000, -1.000000000000000000 ) ) ;
#407 = CARTESIAN_POINT ( 'NONE',  ( -35.99999999999999289, 51.99999999999992184, -20.99999999999982236 ) ) ;
#408 = DIRECTION ( 'NONE',  ( 0.000000000000000000, -1.000000000000000000, 0.000000000000000000 ) ) ;
#409 = DIRECTION ( 'NONE',  ( -0.000000000000000000, -0.000000000000000000, -1.000000000000000000 ) ) ;
#410 = VERTEX_POINT ( 'NONE', #10215 ) ;
#411 = EDGE_CURVE ( 'NONE', #5997, #704, #11085, .T. ) ;
#412 = VECTOR ( 'NONE', #8229, 1000.000000000000000 ) ;
#413 = ORIENTED_EDGE ( 'NONE', *, *, #7459, .F. ) ;
#414 = DIRECTION ( 'NONE',  ( -1.000000000000000000, 0.000000000000000000, 0.000000000000000000 ) ) ;
#415 = FACE_BOUND ( 'NONE', #7310, .T. ) ;
#416 = CARTESIAN_POINT ( 'NONE',  ( 0.000000000000000000, 8.000000000000000000, 21.00000000000000000 ) ) ;
#417 = DIRECTION ( 'NONE',  ( -0.7071067811865474617, 0.000000000000000000, 0.7071067811865474617 ) ) ;
#418 = ORIENTED_EDGE ( 'NONE', *, *, #1912, .T. ) ;
#419 = CARTESIAN_POINT ( 'NONE',  ( -30.02871870788957764, 22.99999999999999289, 14.00000000000000178 ) ) ;
#420 = DIRECTION ( 'NONE',  ( -0.000000000000000000, -0.000000000000000000, -1.000000000000000000 ) ) ;
#421 = DIRECTION ( 'NONE',  ( -1.000000000000000000, 0.000000000000000000, 1.652117596168388002E-16 ) ) ;
#422 = VECTOR ( 'NONE', #11094, 1000.000000000000000 ) ;
#423 = VERTEX_POINT ( 'NONE', #11025 ) ;
#424 = ADVANCED_FACE ( 'NONE', ( #7573 ), #10264, .F. ) ;
#425 = CYLINDRICAL_SURFACE ( 'NONE', #5859, 5.000000000000000888 ) ;
#426 = CONICAL_SURFACE ( 'NONE', #2663, 1.374999999999997113, 0.7853981633974549403 ) ;
#427 = LINE ( 'NONE', #7656, #10646 ) ;
#428 = VECTOR ( 'NONE', #10181, 1000.000000000000000 ) ;
#430 = CARTESIAN_POINT ( 'NONE',  ( -23.99999999999998579, 84.98906412751230732, -3.987471941855791346 ) ) ;
#429 = DIRECTION ( 'NONE',  ( 1.355252715606883008E-16, 0.000000000000000000, 1.000000000000000000 ) ) ;
#431 = DIRECTION ( 'NONE',  ( 0.000000000000000000, 0.000000000000000000, 1.000000000000000000 ) ) ;
#432 = ORIENTED_EDGE ( 'NONE', *, *, #9323, .F. ) ;
#433 = ORIENTED_EDGE ( 'NONE', *, *, #243, .F. ) ;
#434 = CARTESIAN_POINT ( 'NONE',  ( -32.45779162047084299, 66.65895734927147487, -84.74336439883575167 ) ) ;
#435 = CARTESIAN_POINT ( 'NONE',  ( -23.99999999999997158, 10.30306154330093094, 10.92342761661724282 ) ) ;
#436 = EDGE_CURVE ( 'NONE', #5167, #6499, #977, .T. ) ;
#437 = CIRCLE ( 'NONE', #3417, 4.242640687119314968 ) ;
#438 = ORIENTED_EDGE ( 'NONE', *, *, #1669, .T. ) ;
#439 = VECTOR ( 'NONE', #10899, 1000.000000000000000 ) ;
#440 = VECTOR ( 'NONE', #7049, 1000.000000000000000 ) ;
#441 = ORIENTED_EDGE ( 'NONE', *, *, #8102, .F. ) ;
#442 = EDGE_CURVE ( 'NONE', #829, #6414, #2974, .T. ) ;
#443 = EDGE_CURVE ( 'NONE', #2824, #707, #1462, .T. ) ;
#444 = ORIENTED_EDGE ( 'NONE', *, *, #7460, .F. ) ;
#445 = EDGE_CURVE ( 'NONE', #11304, #6591, #9218, .T. ) ;
#446 = ORIENTED_EDGE ( 'NONE', *, *, #5088, .F. ) ;
#447 = VECTOR ( 'NONE', #982, 1000.000000000000000 ) ;
#448 = VERTEX_POINT ( 'NONE', #2258 ) ;
#449 = FACE_OUTER_BOUND ( 'NONE', #7093, .T. ) ;
#450 = CARTESIAN_POINT ( 'NONE',  ( -15.50000000000000533, 8.000000000000000000, 17.09999999999999432 ) ) ;
#451 = EDGE_LOOP ( 'NONE', ( #6294, #1989, #4045, #5801 ) ) ;
#452 = DIRECTION ( 'NONE',  ( 0.000000000000000000, 0.000000000000000000, 1.000000000000000000 ) ) ;
#453 = LINE ( 'NONE', #4003, #3689 ) ;
#454 = AXIS2_PLACEMENT_3D ( 'NONE', #3524, #907, #9713 ) ;
#455 = DIRECTION ( 'NONE',  ( 0.7071067811865426878, 0.7071067811865523467, -1.168223555568277134E-16 ) ) ;
#456 = VERTEX_POINT ( 'NONE', #9275 ) ;
#457 = CYLINDRICAL_SURFACE ( 'NONE', #6384, 6.000000000000000000 ) ;
#458 = CARTESIAN_POINT ( 'NONE',  ( -27.42013171315745268, 15.76764722094123350, 5.330385415784252068 ) ) ;
#459 = DIRECTION ( 'NONE',  ( -0.000000000000000000, -0.000000000000000000, -1.000000000000000000 ) ) ;
#460 = CARTESIAN_POINT ( 'NONE',  ( 11.56992757980552788, -5.000000000000000000, 24.50000000000000000 ) ) ;
#461 = ORIENTED_EDGE ( 'NONE', *, *, #4369, .T. ) ;
#462 = ORIENTED_EDGE ( 'NONE', *, *, #5878, .T. ) ;
#463 = CIRCLE ( 'NONE', #4195, 1.600000000000000311 ) ;
#464 = EDGE_CURVE ( 'NONE', #6, #6979, #5785, .T. ) ;
#465 = ORIENTED_EDGE ( 'NONE', *, *, #2383, .T. ) ;
#466 = ORIENTED_EDGE ( 'NONE', *, *, #4592, .F. ) ;
#467 = CARTESIAN_POINT ( 'NONE',  ( -20.99999999999999289, 22.99999999999999289, -2.599999999999994760 ) ) ;
#468 = APPLICATION_PROTOCOL_DEFINITION ( 'draft international standard', 'automotive_design', 1998, #8939 ) ;
#469 = DIRECTION ( 'NONE',  ( 0.4383711467890783475, 0.8987940462991667046, 0.000000000000000000 ) ) ;
#470 = DIRECTION ( 'NONE',  ( -0.7071067811865474617, -0.7071067811865474617, 0.000000000000000000 ) ) ;
#471 = DIRECTION ( 'NONE',  ( -0.000000000000000000, -1.000000000000000000, -0.000000000000000000 ) ) ;
#472 = VECTOR ( 'NONE', #10558, 1000.000000000000000 ) ;
#473 = CARTESIAN_POINT ( 'NONE',  ( -27.56135765566533635, 16.79787558810392767, 13.99999999999999822 ) ) ;
#474 = VECTOR ( 'NONE', #2107, 1000.000000000000000 ) ;
#475 = DIRECTION ( 'NONE',  ( -0.000000000000000000, -1.000000000000000000, -0.000000000000000000 ) ) ;
#476 = EDGE_CURVE ( 'NONE', #144, #7756, #4664, .T. ) ;
#477 = ORIENTED_EDGE ( 'NONE', *, *, #5126, .F. ) ;
#478 = VECTOR ( 'NONE', #4540, 1000.000000000000000 ) ;
#479 = ORIENTED_EDGE ( 'NONE', *, *, #107, .F. ) ;
#480 = VECTOR ( 'NONE', #8839, 1000.000000000000000 ) ;
#481 = ORIENTED_EDGE ( 'NONE', *, *, #2244, .F. ) ;
#482 = CARTESIAN_POINT ( 'NONE',  ( 34.00000000000000000, 110.4999999999999858, -5.203881532260287837E-15 ) ) ;
#483 = LINE ( 'NONE', #6756, #7876 ) ;
#484 = DIRECTION ( 'NONE',  ( -1.652117596168388002E-16, 0.000000000000000000, -1.000000000000000000 ) ) ;
#485 = CARTESIAN_POINT ( 'NONE',  ( -22.16561135359183510, 8.468672896892810442, -8.986925745955424816 ) ) ;
#486 = CARTESIAN_POINT ( 'NONE',  ( -20.99999999999999289, 22.99999999999999289, 1.000000000000001776 ) ) ;
#487 = ORIENTED_EDGE ( 'NONE', *, *, #10067, .F. ) ;
#488 = ADVANCED_FACE ( 'NONE', ( #4780 ), #8336, .T. ) ;
#489 = CARTESIAN_POINT ( 'NONE',  ( -34.16274169979692488, 89.25000000000000000, -1.374999999999992006 ) ) ;
#490 = CARTESIAN_POINT ( 'NONE',  ( -23.99999999999998579, 84.98906412751230732, 3.987471941855791346 ) ) ;
#491 = CIRCLE ( 'NONE', #7365, 15.00000000000000000 ) ;
#492 = ORIENTED_EDGE ( 'NONE', *, *, #6941, .F. ) ;
#493 = VECTOR ( 'NONE', #6638, 1000.000000000000114 ) ;
#494 = CARTESIAN_POINT ( 'NONE',  ( -34.16274169979691067, 110.4999999999999858, 6.057404964271234590E-15 ) ) ;
#495 = CARTESIAN_POINT ( 'NONE',  ( -26.13553390593278181, 57.76752763736812568, -13.99999999999999645 ) ) ;
#496 = ORIENTED_EDGE ( 'NONE', *, *, #7385, .F. ) ;
#497 = AXIS2_PLACEMENT_3D ( 'NONE', #7548, #9373, #1379 ) ;
#499 = CARTESIAN_POINT ( 'NONE',  ( -23.99999999999997513, 52.00000000000017053, 48.53342357274375729 ) ) ;
#498 = CARTESIAN_POINT ( 'NONE',  ( 17.01418956330567056, -0.1592861447164492794, 22.06747956680662526 ) ) ;
#500 = VECTOR ( 'NONE', #4197, 1000.000000000000000 ) ;
#501 = CARTESIAN_POINT ( 'NONE',  ( -20.99999999999998224, 49.70306154330096859, -0.9999999999999974465 ) ) ;
#502 = ORIENTED_EDGE ( 'NONE', *, *, #2885, .T. ) ;
#503 = CIRCLE ( 'NONE', #1059, 5.000000000000000888 ) ;
#504 = ORIENTED_EDGE ( 'NONE', *, *, #2943, .F. ) ;
#505 = DIRECTION ( 'NONE',  ( 0.000000000000000000, -1.000000000000000000, 2.973811673103097665E-16 ) ) ;
#506 = CARTESIAN_POINT ( 'NONE',  ( -18.11038950675277093, -0.9045514417652040784, 25.91304864990891588 ) ) ;
#507 = AXIS2_PLACEMENT_3D ( 'NONE', #2497, #1755, #8863 ) ;
#508 = VERTEX_POINT ( 'NONE', #10157 ) ;
#509 = ADVANCED_FACE ( 'NONE', ( #2097 ), #7271, .T. ) ;
#510 = VERTEX_POINT ( 'NONE', #4080 ) ;
#511 = CIRCLE ( 'NONE', #1985, 25.74999999999997513 ) ;
#512 = ORIENTED_EDGE ( 'NONE', *, *, #384, .T. ) ;
#513 = DIRECTION ( 'NONE',  ( -1.000000000000000000, 0.000000000000000000, 1.652117596168397370E-16 ) ) ;
#514 = CARTESIAN_POINT ( 'NONE',  ( 0.000000000000000000, 0.000000000000000000, 24.50000000000000000 ) ) ;
#515 = ORIENTED_EDGE ( 'NONE', *, *, #10212, .T. ) ;
#516 = CARTESIAN_POINT ( 'NONE',  ( 16.56992757980552611, 6.999999999999979572, 27.00000000000000355 ) ) ;
#517 = CARTESIAN_POINT ( 'NONE',  ( -20.99999999999998934, 22.99999999999999289, 21.00000000000000000 ) ) ;
#518 = DIRECTION ( 'NONE',  ( 1.000000000000000000, -1.387778780781445478E-15, 0.000000000000000000 ) ) ;
#519 = ORIENTED_EDGE ( 'NONE', *, *, #2930, .F. ) ;
#520 = LINE ( 'NONE', #4065, #4366 ) ;
#521 = LINE ( 'NONE', #2025, #7086 ) ;
#522 = FACE_OUTER_BOUND ( 'NONE', #10667, .T. ) ;
#523 = EDGE_CURVE ( 'NONE', #7104, #1097, #4021, .T. ) ;
#524 = CARTESIAN_POINT ( 'NONE',  ( 17.25325071561868739, -0.04122395632792378445, 21.73599935199973032 ) ) ;
#525 = ADVANCED_FACE ( 'NONE', ( #4900 ), #3558, .F. ) ;
#526 = ORIENTED_EDGE ( 'NONE', *, *, #3436, .F. ) ;
#527 = ORIENTED_EDGE ( 'NONE', *, *, #2065, .F. ) ;
#528 = VECTOR ( 'NONE', #3513, 1000.000000000000000 ) ;
#529 = ORIENTED_EDGE ( 'NONE', *, *, #4250, .T. ) ;
#530 = ORIENTED_EDGE ( 'NONE', *, *, #11030, .F. ) ;
#531 = LINE ( 'NONE', #4895, #3446 ) ;
#532 = VECTOR ( 'NONE', #3889, 1000.000000000000000 ) ;
#533 = SHAPE_DEFINITION_REPRESENTATION ( #3149, #860 ) ;
#534 = ORIENTED_EDGE ( 'NONE', *, *, #4103, .F. ) ;
#535 = DIRECTION ( 'NONE',  ( 1.000000000000000000, 0.000000000000000000, 0.000000000000000000 ) ) ;
#536 = FACE_OUTER_BOUND ( 'NONE', #6624, .T. ) ;
#537 = DIRECTION ( 'NONE',  ( -1.000000000000000000, 0.000000000000000000, 0.000000000000000000 ) ) ;
#538 = VECTOR ( 'NONE', #7368, 1000.000000000000000 ) ;
#539 = LINE ( 'NONE', #5614, #2900 ) ;
#540 = DIRECTION ( 'NONE',  ( -8.357552882253592277E-33, 1.000000000000000000, -1.927470528863117569E-16 ) ) ;
#541 = EDGE_CURVE ( 'NONE', #4801, #5932, #7512, .T. ) ;
#542 = DIRECTION ( 'NONE',  ( -0.000000000000000000, -0.000000000000000000, -1.000000000000000000 ) ) ;
#543 = ORIENTED_EDGE ( 'NONE', *, *, #6320, .F. ) ;
#544 = VECTOR ( 'NONE', #9168, 1000.000000000000000 ) ;
#545 = EDGE_LOOP ( 'NONE', ( #7795, #8649, #5457, #1234 ) ) ;
#546 = EDGE_LOOP ( 'NONE', ( #833, #1612, #6840, #5603 ) ) ;
#547 = CARTESIAN_POINT ( 'NONE',  ( -26.97065927659423323, 14.28331496040744142, -11.59068668399712010 ) ) ;
#548 = DIRECTION ( 'NONE',  ( 1.000000000000000000, 0.000000000000000000, 0.000000000000000000 ) ) ;
#549 = FACE_OUTER_BOUND ( 'NONE', #11236, .T. ) ;
#550 = CARTESIAN_POINT ( 'NONE',  ( -17.80601138525365101, -1.267396814901438962, 25.97823013628674005 ) ) ;
#551 = DIRECTION ( 'NONE',  ( -1.000000000000000000, 0.000000000000000000, 0.000000000000000000 ) ) ;
#552 = ORIENTED_EDGE ( 'NONE', *, *, #2221, .T. ) ;
#553 = CARTESIAN_POINT ( 'NONE',  ( -20.99999999999998934, 45.46042085618157103, 5.500000000000002665 ) ) ;
#554 = CONICAL_SURFACE ( 'NONE', #7228, 20.00000000000000000, 1.308996938995756310 ) ;
#555 = ORIENTED_EDGE ( 'NONE', *, *, #9731, .T. ) ;
#556 = DIRECTION ( 'NONE',  ( 0.000000000000000000, 0.000000000000000000, 1.000000000000000000 ) ) ;
#557 = EDGE_CURVE ( 'NONE', #877, #7272, #3498, .T. ) ;
#558 = EDGE_CURVE ( 'NONE', #10557, #9579, #4315, .T. ) ;
#559 = CARTESIAN_POINT ( 'NONE',  ( -34.09999999999998721, 100.9999999999999858, 3.562741699796953654 ) ) ;
#560 = EDGE_LOOP ( 'NONE', ( #10635, #5308, #4438, #276 ) ) ;
#562 = CARTESIAN_POINT ( 'NONE',  ( -22.16561135359183510, 8.468672896892810442, 2.486925745955428368 ) ) ;
#561 = DIRECTION ( 'NONE',  ( -1.000000000000000000, 0.000000000000000000, 0.000000000000000000 ) ) ;
#563 = CIRCLE ( 'NONE', #2035, 9.000000000000000000 ) ;
#564 = CARTESIAN_POINT ( 'NONE',  ( -22.60000000000001208, 36.03199373143542061, -47.00000000000000000 ) ) ;
#565 = VERTEX_POINT ( 'NONE', #7867 ) ;
#566 = ORIENTED_EDGE ( 'NONE', *, *, #2641, .F. ) ;
#567 = CARTESIAN_POINT ( 'NONE',  ( -18.30083687306188267, -0.7257030919102451794, 25.85047812139288581 ) ) ;
#568 = ADVANCED_FACE ( 'NONE', ( #2558 ), #8771, .F. ) ;
#569 = DIRECTION ( 'NONE',  ( -0.9659258262890703106, 0.000000000000000000, -0.2588190451025131344 ) ) ;
#570 = EDGE_LOOP ( 'NONE', ( #2393, #275, #8028, #1987 ) ) ;
#571 = LINE ( 'NONE', #9487, #7557 ) ;
#572 = DIRECTION ( 'NONE',  ( 0.000000000000000000, 0.000000000000000000, 1.000000000000000000 ) ) ;
#573 = VERTEX_POINT ( 'NONE', #5200 ) ;
#574 = CARTESIAN_POINT ( 'NONE',  ( 13.44631595467181029, -1.750000000000000000, 24.03108891324553653 ) ) ;
#575 = CARTESIAN_POINT ( 'NONE',  ( -33.49999999999997158, 89.25000000000000000, 1.375000000000001776 ) ) ;
#576 = CARTESIAN_POINT ( 'NONE',  ( -24.00000000000006040, 59.90306154330085064, -47.00000000000000000 ) ) ;
#577 = ORIENTED_EDGE ( 'NONE', *, *, #5082, .T. ) ;
#578 = CARTESIAN_POINT ( 'NONE',  ( -32.45779162047084299, 66.65895734927147487, -84.74336439883575167 ) ) ;
#579 = CARTESIAN_POINT ( 'NONE',  ( -22.15140626401169044, 0.02605070617864375937, 22.25309194675413238 ) ) ;
#580 = DIRECTION ( 'NONE',  ( 0.7071067811865474617, 0.000000000000000000, -0.7071067811865474617 ) ) ;
#581 = DIRECTION ( 'NONE',  ( -0.7071067811865451302, -0.7071067811865499042, 0.000000000000000000 ) ) ;
#582 = ORIENTED_EDGE ( 'NONE', *, *, #4685, .F. ) ;
#583 = ORIENTED_EDGE ( 'NONE', *, *, #8851, .F. ) ;
#584 = CIRCLE ( 'NONE', #4491, 9.028718707889607842 ) ;
#585 = ADVANCED_FACE ( 'NONE', ( #1635 ), #591, .F. ) ;
#586 = ORIENTED_EDGE ( 'NONE', *, *, #4290, .F. ) ;
#587 = CARTESIAN_POINT ( 'NONE',  ( -21.84310305542822306, 8.203844758761089651, 3.948536630649801538 ) ) ;
#588 = APPLICATION_PROTOCOL_DEFINITION ( 'draft international standard', 'automotive_design', 1998, #4101 ) ;
#589 = EDGE_CURVE ( 'NONE', #7756, #8032, #5136, .T. ) ;
#590 = DIRECTION ( 'NONE',  ( 1.000000000000000000, 0.000000000000000000, 0.000000000000000000 ) ) ;
#591 = CYLINDRICAL_SURFACE ( 'NONE', #6162, 4.242640687119346055 ) ;
#592 = DIRECTION ( 'NONE',  ( -1.000000000000000000, 0.000000000000000000, 0.000000000000000000 ) ) ;
#593 = CYLINDRICAL_SURFACE ( 'NONE', #5586, 5.000000000000000888 ) ;
#594 = CARTESIAN_POINT ( 'NONE',  ( -35.99999999999999289, 51.31596721165376351, 2.599999999999999201 ) ) ;
#595 = EDGE_CURVE ( 'NONE', #2869, #4745, #11389, .T. ) ;
#596 = ORIENTED_EDGE ( 'NONE', *, *, #10386, .F. ) ;
#597 = EDGE_LOOP ( 'NONE', ( #2451, #10918, #465, #1777 ) ) ;
#599 = ORIENTED_EDGE ( 'NONE', *, *, #2121, .F. ) ;
#598 = EDGE_CURVE ( 'NONE', #9318, #1679, #6981, .T. ) ;
#600 = EDGE_CURVE ( 'NONE', #3564, #4300, #4137, .T. ) ;
#601 = FACE_OUTER_BOUND ( 'NONE', #7172, .T. ) ;
#602 = CARTESIAN_POINT ( 'NONE',  ( -26.13553390593274628, 39.56752763736815126, 12.00000000000000178 ) ) ;
#603 = FACE_OUTER_BOUND ( 'NONE', #8587, .T. ) ;
#604 = EDGE_CURVE ( 'NONE', #7938, #5714, #3321, .T. ) ;
#605 = LINE ( 'NONE', #4323, #91 ) ;
#606 = CARTESIAN_POINT ( 'NONE',  ( -18.33862779101949769, -0.6932940795978344006, 25.83625792116515285 ) ) ;
#607 = DIRECTION ( 'NONE',  ( 1.000000000000000000, 0.000000000000000000, 0.000000000000000000 ) ) ;
#608 = CARTESIAN_POINT ( 'NONE',  ( -33.03137084989845107, 100.9999999999999858, -2.368629150101527081 ) ) ;
#609 = DIRECTION ( 'NONE',  ( 1.000000000000000000, 0.000000000000000000, 0.000000000000000000 ) ) ;
#610 = EDGE_LOOP ( 'NONE', ( #3168, #9253, #4916, #9775 ) ) ;
#611 = AXIS2_PLACEMENT_3D ( 'NONE', #10634, #7007, #3525 ) ;
#612 = CARTESIAN_POINT ( 'NONE',  ( -27.56135765566532925, 16.79787558810382464, -1.000000000000000888 ) ) ;
#613 = CARTESIAN_POINT ( 'NONE',  ( 12.36992757980554281, -1.891469190391897648, 24.10847689947046391 ) ) ;
#614 = ORIENTED_EDGE ( 'NONE', *, *, #4639, .F. ) ;
#616 = DIRECTION ( 'NONE',  ( -1.000000000000000000, 0.000000000000000000, 0.000000000000000000 ) ) ;
#615 = DIRECTION ( 'NONE',  ( -0.7071067811865474617, -0.7071067811865474617, 0.000000000000000000 ) ) ;
#617 = ORIENTED_EDGE ( 'NONE', *, *, #10571, .T. ) ;
#618 = AXIS2_PLACEMENT_3D ( 'NONE', #1064, #7336, #2794 ) ;
#619 =( NAMED_UNIT ( * ) PLANE_ANGLE_UNIT ( ) SI_UNIT ( $, .RADIAN. ) );
#620 = CARTESIAN_POINT ( 'NONE',  ( -19.60934104347439089, -0.07083776856101628439, 24.82842712474618097 ) ) ;
#621 = EDGE_LOOP ( 'NONE', ( #7606, #1187, #2014, #10016 ) ) ;
#622 = VECTOR ( 'NONE', #5028, 1000.000000000000000 ) ;
#623 = CARTESIAN_POINT ( 'NONE',  ( -32.49999999999998579, 100.9999999999999858, 3.743037625879104828E-15 ) ) ;
#624 = EDGE_CURVE ( 'NONE', #801, #800, #5956, .T. ) ;
#625 = ORIENTED_EDGE ( 'NONE', *, *, #738, .F. ) ;
#626 = ORIENTED_EDGE ( 'NONE', *, *, #1224, .F. ) ;
#627 = ORIENTED_EDGE ( 'NONE', *, *, #1727, .F. ) ;
#628 = ORIENTED_EDGE ( 'NONE', *, *, #8127, .F. ) ;
#629 = DIRECTION ( 'NONE',  ( 0.000000000000000000, 0.000000000000000000, 1.000000000000000000 ) ) ;
#630 = DIRECTION ( 'NONE',  ( 0.000000000000000000, 0.000000000000000000, 1.000000000000000000 ) ) ;
#631 = VERTEX_POINT ( 'NONE', #2436 ) ;
#632 = DIRECTION ( 'NONE',  ( 0.9659258262890700886, 0.000000000000000000, -0.2588190451025141892 ) ) ;
#633 = AXIS2_PLACEMENT_3D ( 'NONE', #1398, #4079, #3197 ) ;
#634 = CARTESIAN_POINT ( 'NONE',  ( -26.13553390593271075, 21.36752763736817684, 14.00000000000000178 ) ) ;
#635 = DIRECTION ( 'NONE',  ( 0.8681683818352192716, -0.4234340121835272752, -0.2588190451025142447 ) ) ;
#636 = VECTOR ( 'NONE', #9140, 1000.000000000000000 ) ;
#637 = EDGE_LOOP ( 'NONE', ( #444, #7371, #487, #8503, #6742, #2131 ) ) ;
#638 = LINE ( 'NONE', #5941, #3232 ) ;
#639 = CARTESIAN_POINT ( 'NONE',  ( -23.53445136793647663, 1.082374999154538386, 22.47858611183527344 ) ) ;
#640 = AXIS2_PLACEMENT_3D ( 'NONE', #3535, #1725, #5291 ) ;
#641 = CARTESIAN_POINT ( 'NONE',  ( -27.60000000000000497, 32.10306154330088901, -47.00000000000000000 ) ) ;
#642 = EDGE_CURVE ( 'NONE', #11032, #3546, #9569, .T. ) ;
#643 = DIRECTION ( 'NONE',  ( -0.7071067811865454633, 0.7071067811865495711, 0.000000000000000000 ) ) ;
#644 = CARTESIAN_POINT ( 'NONE',  ( -1.011173287611549168E-16, -1.750000000000000888, 24.03108891324553653 ) ) ;
#645 = FACE_OUTER_BOUND ( 'NONE', #4714, .T. ) ;
#646 = ORIENTED_EDGE ( 'NONE', *, *, #7963, .F. ) ;
#647 = ORIENTED_EDGE ( 'NONE', *, *, #3158, .F. ) ;
#648 = VECTOR ( 'NONE', #9900, 1000.000000000000000 ) ;
#649 = PRESENTATION_LAYER_ASSIGNMENT (  '', '', ( #6581 ) ) ;
#650 = CARTESIAN_POINT ( 'NONE',  ( -21.14413886674965681, 8.000319343246260928, 3.899999999999998579 ) ) ;
#651 = CARTESIAN_POINT ( 'NONE',  ( -26.29036575877760740, 0.5649416457671245784, 20.33372457396455957 ) ) ;
#652 = DIRECTION ( 'NONE',  ( 0.000000000000000000, 0.9931720082105803815, -0.1166591706937890605 ) ) ;
#653 = CARTESIAN_POINT ( 'NONE',  ( -20.99999999999997868, 38.70306154330083359, -13.99999999999999645 ) ) ;
#654 = CARTESIAN_POINT ( 'NONE',  ( -43.99999999999998579, 88.61736382251127964, 1.000000000000001776 ) ) ;
#655 = B_SPLINE_CURVE_WITH_KNOTS ( 'NONE', 3,
 ( #5104, #5979, #9603, #1541 ),
 .UNSPECIFIED., .F., .F.,
 ( 4, 4 ),
 ( 0.000000000000000000, 0.001374740175555839777 ),
 .UNSPECIFIED. ) ;
#656 = CARTESIAN_POINT ( 'NONE',  ( -23.99999999999998224, 82.94838732530588743, 4.085076095979692568 ) ) ;
#657 = VECTOR ( 'NONE', #6847, 999.9999999999998863 ) ;
#658 = DIRECTION ( 'NONE',  ( 0.000000000000000000, 0.000000000000000000, 1.000000000000000000 ) ) ;
#659 = CONICAL_SURFACE ( 'NONE', #9786, 1.899999999999999467, 0.7853981633974551624 ) ;
#660 = ORIENTED_EDGE ( 'NONE', *, *, #2122, .T. ) ;
#661 = EDGE_LOOP ( 'NONE', ( #10503, #2387, #4968, #9792 ) ) ;
#662 = DIRECTION ( 'NONE',  ( 1.000000000000000000, 0.000000000000000000, 0.000000000000000000 ) ) ;
#663 = CARTESIAN_POINT ( 'NONE',  ( -24.96396103067888106, 11.26702257397983331, 13.99999999999999822 ) ) ;
#664 = FACE_BOUND ( 'NONE', #3879, .T. ) ;
#665 = VECTOR ( 'NONE', #3528, 1000.000000000000000 ) ;
#666 = CARTESIAN_POINT ( 'NONE',  ( -17.74766032130123250, -1.356498404452210149, 25.98499123478892514 ) ) ;
#667 = FACE_OUTER_BOUND ( 'NONE', #8853, .T. ) ;
#668 = EDGE_LOOP ( 'NONE', ( #948, #1693, #8960, #4809 ) ) ;
#669 = PLANE ( 'NONE',  #10975 ) ;
#670 = EDGE_CURVE ( 'NONE', #6048, #10598, #4856, .T. ) ;
#671 = CARTESIAN_POINT ( 'NONE',  ( -20.25742176523009164, 0.000000000000000000, 23.96431949573860720 ) ) ;
#672 = ORIENTED_EDGE ( 'NONE', *, *, #5777, .F. ) ;
#673 = AXIS2_PLACEMENT_3D ( 'NONE', #9857, #10782, #6334 ) ;
#674 = EDGE_CURVE ( 'NONE', #9031, #8387, #3745, .T. ) ;
#675 = AXIS2_PLACEMENT_3D ( 'NONE', #7128, #10814, #310 ) ;
#676 = DIRECTION ( 'NONE',  ( -1.652117596168388002E-16, 0.000000000000000000, -1.000000000000000000 ) ) ;
#677 = CARTESIAN_POINT ( 'NONE',  ( -36.00000000000000000, 22.99999999999999289, -10.39999999999996660 ) ) ;
#678 = EDGE_LOOP ( 'NONE', ( #10336, #1039, #6106, #367 ) ) ;
#680 = CARTESIAN_POINT ( 'NONE',  ( -42.39999999999999147, 112.7499999999999858, 1.375000000000003331 ) ) ;
#679 = CARTESIAN_POINT ( 'NONE',  ( -25.67007771840335550, 12.03797273682628699, -1.771199490477260552 ) ) ;
#681 = DIRECTION ( 'NONE',  ( 0.8987940462991665935, -0.4383711467890782920, 0.000000000000000000 ) ) ;
#682 = VERTEX_POINT ( 'NONE', #11497 ) ;
#683 = EDGE_LOOP ( 'NONE', ( #10432, #4056, #8763, #272 ) ) ;
#684 = CIRCLE ( 'NONE', #4759, 4.242640687119346055 ) ;
#685 = DIRECTION ( 'NONE',  ( 1.000000000000000000, 0.000000000000000000, 0.000000000000000000 ) ) ;
#686 = ADVANCED_FACE ( 'NONE', ( #7044 ), #1515, .F. ) ;
#687 = CIRCLE ( 'NONE', #6617, 35.00000000000000000 ) ;
#688 = VECTOR ( 'NONE', #5079, 1000.000000000000000 ) ;
#689 = ORIENTED_EDGE ( 'NONE', *, *, #8342, .T. ) ;
#690 = EDGE_CURVE ( 'NONE', #7778, #8428, #8563, .T. ) ;
#691 = DIRECTION ( 'NONE',  ( 0.8681683818352192716, -0.4234340121835273307, -0.2588190451025138561 ) ) ;
#692 = EDGE_CURVE ( 'NONE', #6261, #3238, #8615, .T. ) ;
#693 = FACE_OUTER_BOUND ( 'NONE', #2750, .T. ) ;
#694 = DIRECTION ( 'NONE',  ( 1.652117596168388002E-16, 0.000000000000000000, 1.000000000000000000 ) ) ;
#695 = ORIENTED_EDGE ( 'NONE', *, *, #9928, .F. ) ;
#696 = LINE ( 'NONE', #11536, #6235 ) ;
#697 = LINE ( 'NONE', #4240, #4382 ) ;
#698 = CARTESIAN_POINT ( 'NONE',  ( -64.05715113960525287, 68.56021268290588466, -5.499999999999999112 ) ) ;
#699 = CYLINDRICAL_SURFACE ( 'NONE', #9013, 5.000000000000000888 ) ;
#700 = CARTESIAN_POINT ( 'NONE',  ( -23.09384110416516833, 0.08580729078422864864, 21.62644472303494680 ) ) ;
#701 = DIRECTION ( 'NONE',  ( 0.000000000000000000, 0.000000000000000000, 1.000000000000000000 ) ) ;
#702 = PLANE ( 'NONE',  #9169 ) ;
#703 = CARTESIAN_POINT ( 'NONE',  ( -43.99999999999998579, 88.61736382251127964, 13.99999999999999822 ) ) ;
#704 = VERTEX_POINT ( 'NONE', #7811 ) ;
#705 = ORIENTED_EDGE ( 'NONE', *, *, #3664, .T. ) ;
#706 = VECTOR ( 'NONE', #92, 1000.000000000000114 ) ;
#707 = VERTEX_POINT ( 'NONE', #2495 ) ;
#708 = ADVANCED_FACE ( 'NONE', ( #6066 ), #1107, .T. ) ;
#709 = ADVANCED_FACE ( 'NONE', ( #8096 ), #6390, .T. ) ;
#710 = CARTESIAN_POINT ( 'NONE',  ( -25.15649521040242220, 1.301797409113520265, 21.67874613451433419 ) ) ;
#711 = DIRECTION ( 'NONE',  ( -1.000000000000000000, 0.000000000000000000, 0.000000000000000000 ) ) ;
#712 = CARTESIAN_POINT ( 'NONE',  ( 15.50000000000000355, 8.000000000000000000, -13.89999999999999325 ) ) ;
#713 = VECTOR ( 'NONE', #3597, 1000.000000000000000 ) ;
#714 = CARTESIAN_POINT ( 'NONE',  ( -0.9999999999999983347, 51.31596721165376351, -5.499999999999999112 ) ) ;
#715 = DIRECTION ( 'NONE',  ( 0.000000000000000000, 0.000000000000000000, 1.000000000000000000 ) ) ;
#716 = CIRCLE ( 'NONE', #1264, 6.000000000000000000 ) ;
#717 = EDGE_LOOP ( 'NONE', ( #10347, #4731, #10435, #7037 ) ) ;
#718 = LINE ( 'NONE', #779, #832 ) ;
#719 = LINE ( 'NONE', #4264, #5708 ) ;
#720 = VERTEX_POINT ( 'NONE', #10028 ) ;
#721 = VERTEX_POINT ( 'NONE', #2728 ) ;
#722 = VECTOR ( 'NONE', #2421, 1000.000000000000000 ) ;
#723 = CARTESIAN_POINT ( 'NONE',  ( -35.99999999999999289, 22.99999999999999289, 10.40000000000000036 ) ) ;
#724 = CARTESIAN_POINT ( 'NONE',  ( -19.64284886039479971, 64.26021268290610067, 7.500000000000002665 ) ) ;
#725 = CARTESIAN_POINT ( 'NONE',  ( -18.41891655067209044, -0.6288107948057348739, 25.80296801613581792 ) ) ;
#726 = DIRECTION ( 'NONE',  ( -0.7071067811865495711, -0.7071067811865454633, 0.000000000000000000 ) ) ;
#727 = VERTEX_POINT ( 'NONE', #9861 ) ;
#728 = CARTESIAN_POINT ( 'NONE',  ( -37.00000000000002842, 8.000000000000000000, -21.00000000000000000 ) ) ;
#729 = ADVANCED_FACE ( 'NONE', ( #2782 ), #63, .T. ) ;
#730 = ORIENTED_EDGE ( 'NONE', *, *, #10011, .F. ) ;
#731 = LINE ( 'NONE', #6942, #4549 ) ;
#732 = DIRECTION ( 'NONE',  ( 0.000000000000000000, 0.000000000000000000, 1.000000000000000000 ) ) ;
#733 = EDGE_LOOP ( 'NONE', ( #11264, #10660, #1768, #11417, #8855, #2790, #8516 ) ) ;
#735 = CARTESIAN_POINT ( 'NONE',  ( -21.03424050369337550, 9.600043746791298460, -21.00000000000000000 ) ) ;
#734 = CARTESIAN_POINT ( 'NONE',  ( -20.99999999999998934, 31.50306154330093023, -0.9999999999999974465 ) ) ;
#736 = CARTESIAN_POINT ( 'NONE',  ( -23.99999999999998934, 100.9999999999999289, -18.49999999999997868 ) ) ;
#737 = DIRECTION ( 'NONE',  ( -1.000000000000000000, 0.000000000000000000, 1.652117596168388002E-16 ) ) ;
#738 = EDGE_CURVE ( 'NONE', #6035, #9590, #5320, .T. ) ;
#739 = CYLINDRICAL_SURFACE ( 'NONE', #5732, 35.00000000000000000 ) ;
#740 = ORIENTED_EDGE ( 'NONE', *, *, #6309, .T. ) ;
#741 = VECTOR ( 'NONE', #3854, 1000.000000000000000 ) ;
#742 = ORIENTED_EDGE ( 'NONE', *, *, #4551, .F. ) ;
#743 = ADVANCED_FACE ( 'NONE', ( #8917 ), #5429, .T. ) ;
#744 = CARTESIAN_POINT ( 'NONE',  ( -27.60000000000001208, 36.03199373143541351, -13.99999999999999645 ) ) ;
#745 = AXIS2_PLACEMENT_3D ( 'NONE', #7362, #9839, #8950 ) ;
#746 = VECTOR ( 'NONE', #10160, 1000.000000000000000 ) ;
#747 = CARTESIAN_POINT ( 'NONE',  ( -23.38689500141420297, 9.689956544715164100, 4.301324556786420672 ) ) ;
#748 = DIRECTION ( 'NONE',  ( 1.000000000000000000, -1.733439921619798256E-16, 0.000000000000000000 ) ) ;
#749 = ORIENTED_EDGE ( 'NONE', *, *, #10583, .F. ) ;
#750 = CARTESIAN_POINT ( 'NONE',  ( -23.99999999999999289, 51.99999999999983658, -48.53342357274340202 ) ) ;
#751 = VERTEX_POINT ( 'NONE', #123 ) ;
#752 = ADVANCED_FACE ( 'NONE', ( #1857 ), #3923, .F. ) ;
#753 = EDGE_CURVE ( 'NONE', #800, #10694, #10825, .T. ) ;
#754 = CARTESIAN_POINT ( 'NONE',  ( -35.99999999999999289, 51.99999999999992184, -20.99999999999982236 ) ) ;
#755 = DIRECTION ( 'NONE',  ( 0.000000000000000000, -1.000000000000000000, 0.000000000000000000 ) ) ;
#756 = ORIENTED_EDGE ( 'NONE', *, *, #10704, .T. ) ;
#757 = EDGE_CURVE ( 'NONE', #9472, #4322, #8896, .T. ) ;
#758 = FACE_OUTER_BOUND ( 'NONE', #9708, .T. ) ;
#759 = PLANE ( 'NONE',  #3440 ) ;
#760 = DIRECTION ( 'NONE',  ( -0.000000000000000000, -0.000000000000000000, -1.000000000000000000 ) ) ;
#761 = ORIENTED_EDGE ( 'NONE', *, *, #11354, .F. ) ;
#762 = LINE ( 'NONE', #4301, #9953 ) ;
#763 = CARTESIAN_POINT ( 'NONE',  ( -22.98214895828239790, 1.040898707093677489, 22.85051903666965245 ) ) ;
#764 = CARTESIAN_POINT ( 'NONE',  ( -15.50000000000000533, 8.000000000000000000, 15.49999999999999112 ) ) ;
#765 = CIRCLE ( 'NONE', #10430, 1.374999999999997113 ) ;
#766 = DIRECTION ( 'NONE',  ( -1.000000000000000000, 0.000000000000000000, 0.000000000000000000 ) ) ;
#767 = EDGE_CURVE ( 'NONE', #1476, #4430, #5802, .T. ) ;
#768 = ORIENTED_EDGE ( 'NONE', *, *, #375, .F. ) ;
#769 = ORIENTED_EDGE ( 'NONE', *, *, #7728, .T. ) ;
#770 = EDGE_LOOP ( 'NONE', ( #5471, #6686, #10256, #5271 ) ) ;
#771 = AXIS2_PLACEMENT_3D ( 'NONE', #4610, #6406, #5388 ) ;
#772 = CARTESIAN_POINT ( 'NONE',  ( -23.82456133147995203, 1.112783527582550613, 22.31151044448654019 ) ) ;
#773 = ORIENTED_EDGE ( 'NONE', *, *, #3688, .T. ) ;
#774 = CARTESIAN_POINT ( 'NONE',  ( -27.64911153303539137, 0.8996990877074382276, 20.08738756704908468 ) ) ;
#775 = DIRECTION ( 'NONE',  ( 1.000000000000000000, 0.000000000000000000, 0.000000000000000000 ) ) ;
#776 = FACE_OUTER_BOUND ( 'NONE', #560, .T. ) ;
#777 = DIRECTION ( 'NONE',  ( 0.000000000000000000, 0.000000000000000000, 1.000000000000000000 ) ) ;
#778 = ORIENTED_EDGE ( 'NONE', *, *, #1080, .F. ) ;
#779 = CARTESIAN_POINT ( 'NONE',  ( -54.95715113960527987, 77.66021268290592161, 1.000000000000001776 ) ) ;
#780 = ORIENTED_EDGE ( 'NONE', *, *, #4866, .F. ) ;
#781 = ORIENTED_EDGE ( 'NONE', *, *, #436, .T. ) ;
#782 = CYLINDRICAL_SURFACE ( 'NONE', #5157, 4.242640687119387799 ) ;
#783 = DIRECTION ( 'NONE',  ( -0.7071067811865474617, -0.7071067811865474617, 0.000000000000000000 ) ) ;
#784 = ORIENTED_EDGE ( 'NONE', *, *, #8931, .F. ) ;
#785 = AXIS2_PLACEMENT_3D ( 'NONE', #1964, #3611, #10785 ) ;
#786 = CARTESIAN_POINT ( 'NONE',  ( -17.96815114145685044, -1.060414226307756724, 25.94869347828369399 ) ) ;
#787 = LINE ( 'NONE', #1649, #4692 ) ;
#788 = CARTESIAN_POINT ( 'NONE',  ( -20.67420149422811448, 1.000026651274252165, 24.96175332911362332 ) ) ;
#789 = ORIENTED_EDGE ( 'NONE', *, *, #9926, .F. ) ;
#790 = CARTESIAN_POINT ( 'NONE',  ( -35.99999999999999289, 100.9999999999999858, 5.725578741281170530E-15 ) ) ;
#791 = ADVANCED_FACE ( 'NONE', ( #9908 ), #1906, .T. ) ;
#792 = EDGE_LOOP ( 'NONE', ( #6821, #9283, #5991, #3286 ) ) ;
#793 = FILL_AREA_STYLE_COLOUR ( '', #2309 ) ;
#794 = AXIS2_PLACEMENT_3D ( 'NONE', #2877, #10007, #2004 ) ;
#795 = CARTESIAN_POINT ( 'NONE',  ( -24.00000000000000000, 87.09349884531900443, -18.49999999999993960 ) ) ;
#796 = ORIENTED_EDGE ( 'NONE', *, *, #3451, .T. ) ;
#797 = CARTESIAN_POINT ( 'NONE',  ( -22.60000000000000853, 34.17412935516637162, 5.500000000000005329 ) ) ;
#798 = CARTESIAN_POINT ( 'NONE',  ( -22.60000000000001208, 36.03199373143542061, -1.000000000000000888 ) ) ;
#799 = PLANE ( 'NONE',  #11501 ) ;
#800 = VERTEX_POINT ( 'NONE', #1046 ) ;
#801 = VERTEX_POINT ( 'NONE', #8149 ) ;
#802 = PLANE ( 'NONE',  #8918 ) ;
#803 = CARTESIAN_POINT ( 'NONE',  ( -33.37284752453720671, 64.62005467201966269, 19.99999999999999645 ) ) ;
#804 = AXIS2_PLACEMENT_3D ( 'NONE', #7586, #3040, #2219 ) ;
#805 = AXIS2_PLACEMENT_3D ( 'NONE', #4931, #5811, #10883 ) ;
#806 = FACE_OUTER_BOUND ( 'NONE', #4975, .T. ) ;
#807 = ORIENTED_EDGE ( 'NONE', *, *, #7743, .T. ) ;
#808 = DIRECTION ( 'NONE',  ( -1.683387419516472146E-32, -1.000000000000000000, 4.565061778886332934E-17 ) ) ;
#809 = ORIENTED_EDGE ( 'NONE', *, *, #10167, .T. ) ;
#810 = CARTESIAN_POINT ( 'NONE',  ( -27.60000000000004405, 52.37412935516633894, 12.00000000000000355 ) ) ;
#811 = PLANE ( 'NONE',  #6050 ) ;
#812 = DIRECTION ( 'NONE',  ( -0.9659258262890700886, 0.000000000000000000, -0.2588190451025139116 ) ) ;
#813 = ORIENTED_EDGE ( 'NONE', *, *, #1545, .F. ) ;
#814 = DIRECTION ( 'NONE',  ( -0.000000000000000000, -0.000000000000000000, 1.000000000000000000 ) ) ;
#815 = CARTESIAN_POINT ( 'NONE',  ( -22.46099459312856794, 0.04260281988930748193, 22.03557094033658004 ) ) ;
#816 = AXIS2_PLACEMENT_3D ( 'NONE', #8575, #11272, #1353 ) ;
#817 = CARTESIAN_POINT ( 'NONE',  ( -23.99999999999998934, 78.86271205119405181, -11.00343198033006864 ) ) ;
#818 = ORIENTED_EDGE ( 'NONE', *, *, #7097, .T. ) ;
#819 = EDGE_CURVE ( 'NONE', #5010, #8458, #3722, .T. ) ;
#820 = EDGE_CURVE ( 'NONE', #11449, #10518, #9086, .T. ) ;
#821 = ORIENTED_EDGE ( 'NONE', *, *, #2780, .F. ) ;
#822 = EDGE_CURVE ( 'NONE', #1629, #6911, #9724, .T. ) ;
#823 = CARTESIAN_POINT ( 'NONE',  ( -22.01204912305427897, 8.329379647026090794, 9.021012778114435804 ) ) ;
#824 = EDGE_CURVE ( 'NONE', #11414, #9031, #10199, .T. ) ;
#825 = ORIENTED_EDGE ( 'NONE', *, *, #2426, .F. ) ;
#826 = CARTESIAN_POINT ( 'NONE',  ( -21.00000000000000000, 25.00000000000000000, -21.00000000000000000 ) ) ;
#827 = DIRECTION ( 'NONE',  ( 1.000000000000000000, 0.000000000000000000, 0.000000000000000000 ) ) ;
#828 = CARTESIAN_POINT ( 'NONE',  ( -24.00000000000000000, 28.50306154330090536, -47.00000000000000000 ) ) ;
#829 = VERTEX_POINT ( 'NONE', #2194 ) ;
#830 = EDGE_CURVE ( 'NONE', #8810, #2758, #4112, .T. ) ;
#831 = CIRCLE ( 'NONE', #5100, 29.02871870788962383 ) ;
#832 = VECTOR ( 'NONE', #10570, 1000.000000000000114 ) ;
#833 = ORIENTED_EDGE ( 'NONE', *, *, #598, .T. ) ;
#834 = DIRECTION ( 'NONE',  ( 0.000000000000000000, -1.000000000000000000, 0.000000000000000000 ) ) ;
#835 = DIRECTION ( 'NONE',  ( -4.290341195610180999E-17, -0.9931720082105803815, -0.1166591706937895323 ) ) ;
#836 = ORIENTED_EDGE ( 'NONE', *, *, #9512, .T. ) ;
#837 = AXIS2_PLACEMENT_3D ( 'NONE', #8846, #3595, #872 ) ;
#838 = EDGE_CURVE ( 'NONE', #7778, #1381, #4006, .T. ) ;
#839 = VECTOR ( 'NONE', #206, 1000.000000000000000 ) ;
#840 = DIRECTION ( 'NONE',  ( -0.000000000000000000, -0.000000000000000000, -1.000000000000000000 ) ) ;
#841 = CARTESIAN_POINT ( 'NONE',  ( -35.99999999999999289, 22.99999999999999289, 10.40000000000000036 ) ) ;
#842 = CARTESIAN_POINT ( 'NONE',  ( -24.00000000000000000, 28.50306154330090536, -47.00000000000000000 ) ) ;
#843 = ORIENTED_EDGE ( 'NONE', *, *, #9512, .F. ) ;
#844 = CONICAL_SURFACE ( 'NONE', #1937, 20.00000000000000000, 1.308996938995754311 ) ;
#845 = CARTESIAN_POINT ( 'NONE',  ( -26.26467776801765197, 12.88539553710949193, 1.633736633095289381 ) ) ;
#846 = ORIENTED_EDGE ( 'NONE', *, *, #6547, .F. ) ;
#847 = CARTESIAN_POINT ( 'NONE',  ( 16.21920158330858186, 8.000000000000000000, -19.99999999999997158 ) ) ;
#848 = CIRCLE ( 'NONE', #5871, 20.88751140824009767 ) ;
#849 = CYLINDRICAL_SURFACE ( 'NONE', #7479, 4.242640687119346055 ) ;
#850 = EDGE_LOOP ( 'NONE', ( #6225, #529, #9447, #11207, #5244, #10091, #8089 ) ) ;
#851 = CARTESIAN_POINT ( 'NONE',  ( -22.60000000000000853, 34.17412935516637162, -5.499999999999998224 ) ) ;
#852 = DIRECTION ( 'NONE',  ( 1.652117596168387756E-16, 0.000000000000000000, 1.000000000000000000 ) ) ;
#853 = EDGE_CURVE ( 'NONE', #1684, #8365, #11072, .T. ) ;
#854 = DIRECTION ( 'NONE',  ( 1.652117596168388002E-16, -1.927470528863117569E-16, 1.000000000000000000 ) ) ;
#855 = VERTEX_POINT ( 'NONE', #3069 ) ;
#856 = ORIENTED_EDGE ( 'NONE', *, *, #6700, .T. ) ;
#857 = LINE ( 'NONE', #8770, #10599 ) ;
#858 = VECTOR ( 'NONE', #11400, 1000.000000000000000 ) ;
#859 = CIRCLE ( 'NONE', #6594, 5.000000000000000888 ) ;
#860 = ADVANCED_BREP_SHAPE_REPRESENTATION ( 'Upperarm up - \X2\80548f745668\X0\D32d8\X2\7248672c\X0\', ( #5617, #6452 ), #6824 ) ;
#861 = CARTESIAN_POINT ( 'NONE',  ( -0.9999999999999967804, 51.31596721165376351, 3.899999999999997247 ) ) ;
#862 = ORIENTED_EDGE ( 'NONE', *, *, #7471, .T. ) ;
#863 = VERTEX_POINT ( 'NONE', #8265 ) ;
#864 = AXIS2_PLACEMENT_3D ( 'NONE', #8022, #10604, #1890 ) ;
#865 = EDGE_CURVE ( 'NONE', #6398, #3974, #5774, .T. ) ;
#866 = DIRECTION ( 'NONE',  ( 1.000000000000000000, 0.000000000000000000, 0.000000000000000000 ) ) ;
#867 = ORIENTED_EDGE ( 'NONE', *, *, #3964, .T. ) ;
#868 = DIRECTION ( 'NONE',  ( -0.000000000000000000, -1.000000000000000000, -0.000000000000000000 ) ) ;
#869 = DIRECTION ( 'NONE',  ( 0.000000000000000000, 0.000000000000000000, 1.000000000000000000 ) ) ;
#870 = PLANE ( 'NONE',  #10400 ) ;
#871 = ORIENTED_EDGE ( 'NONE', *, *, #10357, .T. ) ;
#872 = DIRECTION ( 'NONE',  ( -1.000000000000000000, 0.000000000000000000, 0.000000000000000000 ) ) ;
#873 = CARTESIAN_POINT ( 'NONE',  ( -26.63288119392435860, 7.944279064915800603, 21.23147594806234650 ) ) ;
#874 = PLANE ( 'NONE',  #9076 ) ;
#875 = ORIENTED_EDGE ( 'NONE', *, *, #3256, .T. ) ;
#876 = EDGE_CURVE ( 'NONE', #9868, #7640, #6735, .T. ) ;
#877 = VERTEX_POINT ( 'NONE', #7556 ) ;
#878 = ORIENTED_EDGE ( 'NONE', *, *, #5240, .F. ) ;
#879 = ORIENTED_EDGE ( 'NONE', *, *, #9722, .T. ) ;
#880 = CARTESIAN_POINT ( 'NONE',  ( -27.60000000000005116, 56.30306154330085633, -47.00000000000000000 ) ) ;
#881 = CARTESIAN_POINT ( 'NONE',  ( -23.50480275576477140, 1.081388989731155714, 22.50266512716497758 ) ) ;
#882 = AXIS2_PLACEMENT_3D ( 'NONE', #10845, #2092, #8976 ) ;
#883 = EDGE_CURVE ( 'NONE', #1390, #631, #584, .T. ) ;
#884 = DIRECTION ( 'NONE',  ( -1.379656123914496359E-15, 1.000000000000000000, -0.000000000000000000 ) ) ;
#885 = CARTESIAN_POINT ( 'NONE',  ( -21.45244968739819669, 8.052153116132492627, -2.587765609764979491 ) ) ;
#886 = CIRCLE ( 'NONE', #11111, 5.000000000000000888 ) ;
#887 = EDGE_CURVE ( 'NONE', #7144, #3675, #521, .T. ) ;
#888 = EDGE_CURVE ( 'NONE', #5379, #10702, #4148, .T. ) ;
#889 = FACE_BOUND ( 'NONE', #9939, .T. ) ;
#890 = DIRECTION ( 'NONE',  ( -1.000000000000000000, 0.000000000000000000, 1.652117596168388002E-16 ) ) ;
#891 = CIRCLE ( 'NONE', #6621, 30.03342357274359387 ) ;
#892 = VERTEX_POINT ( 'NONE', #5246 ) ;
#893 = ORIENTED_EDGE ( 'NONE', *, *, #10232, .T. ) ;
#894 = CIRCLE ( 'NONE', #4425, 3.499999999999999556 ) ;
#895 = EDGE_CURVE ( 'NONE', #10588, #9188, #2060, .T. ) ;
#896 = ORIENTED_EDGE ( 'NONE', *, *, #6996, .T. ) ;
#897 = ORIENTED_EDGE ( 'NONE', *, *, #5162, .T. ) ;
#898 = DIRECTION ( 'NONE',  ( 1.000000000000000000, 0.000000000000000000, 0.000000000000000000 ) ) ;
#899 = CARTESIAN_POINT ( 'NONE',  ( -23.99999999999998579, 84.69013533309194486, -2.497661816008006408 ) ) ;
#900 = ADVANCED_FACE ( 'NONE', ( #7674 ), #8457, .T. ) ;
#901 = LINE ( 'NONE', #10747, #8518 ) ;
#902 = DIRECTION ( 'NONE',  ( -0.000000000000000000, -0.000000000000000000, -1.000000000000000000 ) ) ;
#903 = EDGE_CURVE ( 'NONE', #1150, #2198, #1797, .T. ) ;
#904 = CARTESIAN_POINT ( 'NONE',  ( -19.02006409630420336, 0.6095401983375532406, 26.35863132425102862 ) ) ;
#905 = EDGE_LOOP ( 'NONE', ( #5063, #344, #8101, #4591, #1761, #2269, #3764 ) ) ;
#906 = VECTOR ( 'NONE', #635, 1000.000000000000227 ) ;
#907 = DIRECTION ( 'NONE',  ( 0.000000000000000000, 0.000000000000000000, 1.000000000000000000 ) ) ;
#908 = CARTESIAN_POINT ( 'NONE',  ( -23.99999999999998579, 23.50306154330088759, -47.00000000000000000 ) ) ;
#909 = ORIENTED_EDGE ( 'NONE', *, *, #9067, .T. ) ;
#910 = DIRECTION ( 'NONE',  ( -0.000000000000000000, -0.000000000000000000, -1.000000000000000000 ) ) ;
#911 = DIRECTION ( 'NONE',  ( 0.000000000000000000, 0.000000000000000000, 1.000000000000000000 ) ) ;
#912 = CARTESIAN_POINT ( 'NONE',  ( -25.26294418748358694, 8.617517434846664770, 20.48365160389500161 ) ) ;
#913 = CARTESIAN_POINT ( 'NONE',  ( -23.99999999999998934, 88.19122569133402578, 10.40121630914669026 ) ) ;
#914 = CARTESIAN_POINT ( 'NONE',  ( -21.84310305542821595, 8.203844758761087874, -9.051463369350193133 ) ) ;
#915 = EDGE_LOOP ( 'NONE', ( #1971, #5293, #8716, #11500, #3254, #1745, #4117, #9388, #1057, #4228, #6973, #5621, #11118, #1499, #3126, #2464, #6456, #2902, #4995, #5618, #1222, #7783, #2431, #8407, #7952 ) ) ;
#916 = LINE ( 'NONE', #4462, #921 ) ;
#917 = EDGE_CURVE ( 'NONE', #6968, #7718, #983, .T. ) ;
#918 = ADVANCED_FACE ( 'NONE', ( #8906 ), #2210, .T. ) ;
#919 = EDGE_CURVE ( 'NONE', #9213, #1855, #7110, .T. ) ;
#920 = LINE ( 'NONE', #4518, #7896 ) ;
#921 = VECTOR ( 'NONE', #10705, 1000.000000000000114 ) ;
#922 = VERTEX_POINT ( 'NONE', #435 ) ;
#923 = PLANE ( 'NONE',  #9819 ) ;
#924 = DIRECTION ( 'NONE',  ( 0.5915564453875582496, 0.3873770410342588510, -0.7071067811865328068 ) ) ;
#925 = ORIENTED_EDGE ( 'NONE', *, *, #3620, .F. ) ;
#926 = FACE_OUTER_BOUND ( 'NONE', #1712, .T. ) ;
#927 = DIRECTION ( 'NONE',  ( 0.000000000000000000, 0.000000000000000000, -1.000000000000000000 ) ) ;
#928 = EDGE_LOOP ( 'NONE', ( #2582, #117, #9029, #8255 ) ) ;
#929 = CARTESIAN_POINT ( 'NONE',  ( 9.869927579805526818, -5.000000000000000000, 27.00000000000000355 ) ) ;
#930 = CARTESIAN_POINT ( 'NONE',  ( -25.85422463642843027, 1.437371650077592822, 21.43664394885134783 ) ) ;
#931 = DIRECTION ( 'NONE',  ( 1.000000000000000000, 0.000000000000000000, 0.000000000000000000 ) ) ;
#932 = ORIENTED_EDGE ( 'NONE', *, *, #1404, .F. ) ;
#933 = AXIS2_PLACEMENT_3D ( 'NONE', #11380, #7686, #6984 ) ;
#934 = EDGE_CURVE ( 'NONE', #4775, #144, #10946, .T. ) ;
#935 = EDGE_LOOP ( 'NONE', ( #2233, #9360 ) ) ;
#936 = EDGE_CURVE ( 'NONE', #10595, #11316, #4812, .T. ) ;
#937 = VERTEX_POINT ( 'NONE', #8369 ) ;
#938 = ORIENTED_EDGE ( 'NONE', *, *, #5584, .T. ) ;
#939 = ORIENTED_EDGE ( 'NONE', *, *, #7964, .F. ) ;
#940 = CARTESIAN_POINT ( 'NONE',  ( -25.54396198892744252, 1.372911432894392991, 21.53491244264614579 ) ) ;
#941 = ORIENTED_EDGE ( 'NONE', *, *, #558, .T. ) ;
#942 = AXIS2_PLACEMENT_3D ( 'NONE', #2135, #5769, #9260 ) ;
#943 = CARTESIAN_POINT ( 'NONE',  ( 11.94846063791714386, -41.99781379163786710, 26.00000000000001776 ) ) ;
#944 = DIRECTION ( 'NONE',  ( 1.000000000000000000, 0.000000000000000000, -0.000000000000000000 ) ) ;
#945 = DIRECTION ( 'NONE',  ( 0.000000000000000000, 1.000000000000000000, -0.000000000000000000 ) ) ;
#946 = DIRECTION ( 'NONE',  ( -1.000000000000000000, 0.000000000000000000, -0.000000000000000000 ) ) ;
#947 = VERTEX_POINT ( 'NONE', #7370 ) ;
#948 = ORIENTED_EDGE ( 'NONE', *, *, #4478, .F. ) ;
#949 = EDGE_CURVE ( 'NONE', #8620, #3948, #386, .T. ) ;
#950 = ORIENTED_EDGE ( 'NONE', *, *, #3929, .T. ) ;
#951 = ORIENTED_EDGE ( 'NONE', *, *, #8480, .T. ) ;
#952 = CARTESIAN_POINT ( 'NONE',  ( -20.99999999999998934, 31.50306154330093023, -5.499999999999998224 ) ) ;
#953 = FACE_BOUND ( 'NONE', #2230, .T. ) ;
#954 = CARTESIAN_POINT ( 'NONE',  ( -10.18507242019446402, 0.000000000000000000, 21.00000000000000000 ) ) ;
#955 = DIRECTION ( 'NONE',  ( 1.000000000000000000, 0.000000000000000000, 0.000000000000000000 ) ) ;
#956 = FACE_OUTER_BOUND ( 'NONE', #6687, .T. ) ;
#957 = B_SPLINE_CURVE_WITH_KNOTS ( 'NONE', 3,
 ( #5479, #2079, #7263, #121 ),
 .UNSPECIFIED., .F., .F.,
 ( 4, 4 ),
 ( 0.01446796083342177623, 0.01579042266285341639 ),
 .UNSPECIFIED. ) ;
#958 = EDGE_CURVE ( 'NONE', #9353, #2484, #8249, .T. ) ;
#959 = CARTESIAN_POINT ( 'NONE',  ( -27.60000000000004761, 54.23199373143538082, -5.499999999999998224 ) ) ;
#960 = ORIENTED_EDGE ( 'NONE', *, *, #5580, .T. ) ;
#961 = EDGE_CURVE ( 'NONE', #8273, #1627, #8479, .T. ) ;
#962 = ADVANCED_FACE ( 'NONE', ( #10076 ), #270, .F. ) ;
#963 = ADVANCED_FACE ( 'NONE', ( #7869 ), #11439, .T. ) ;
#964 = CARTESIAN_POINT ( 'NONE',  ( 8.867482676658271501, -42.00000000000000000, 27.00000000000000355 ) ) ;
#965 = DIRECTION ( 'NONE',  ( -0.000000000000000000, 0.000000000000000000, -1.000000000000000000 ) ) ;
#966 = ORIENTED_EDGE ( 'NONE', *, *, #8039, .F. ) ;
#967 = AXIS2_PLACEMENT_3D ( 'NONE', #826, #1573, #7931 ) ;
#968 = CARTESIAN_POINT ( 'NONE',  ( -22.24490087619509282, 7.010684635995172442, 23.42837098533694018 ) ) ;
#969 = CARTESIAN_POINT ( 'NONE',  ( -24.00152046944818096, 88.19089646100425739, 10.40081087223796885 ) ) ;
#970 = ORIENTED_EDGE ( 'NONE', *, *, #3619, .T. ) ;
#971 = CARTESIAN_POINT ( 'NONE',  ( 16.56992757980552611, 6.999999999999971578, -21.00000000000000000 ) ) ;
#972 = EDGE_LOOP ( 'NONE', ( #781, #3987, #1092, #2801 ) ) ;
#973 = ORIENTED_EDGE ( 'NONE', *, *, #5288, .F. ) ;
#974 = CARTESIAN_POINT ( 'NONE',  ( -36.00000000000000000, 51.31596721165376351, -3.900000000000001688 ) ) ;
#975 = DIRECTION ( 'NONE',  ( -0.000000000000000000, -0.000000000000000000, -1.000000000000000000 ) ) ;
#976 = DIRECTION ( 'NONE',  ( -0.000000000000000000, -0.000000000000000000, -1.000000000000000000 ) ) ;
#977 = B_SPLINE_CURVE_WITH_KNOTS ( 'NONE', 3,
 ( #4961, #7453, #2324, #10971 ),
 .UNSPECIFIED., .F., .F.,
 ( 4, 4 ),
 ( 0.000000000000000000, 0.001457054811810063561 ),
 .UNSPECIFIED. ) ;
#978 = ORIENTED_EDGE ( 'NONE', *, *, #9612, .T. ) ;
#979 = FACE_OUTER_BOUND ( 'NONE', #683, .T. ) ;
#980 = CARTESIAN_POINT ( 'NONE',  ( -17.87981750627012190, -1.170206438093351231, 25.96583349042738931 ) ) ;
#981 = EDGE_CURVE ( 'NONE', #318, #8542, #7990, .T. ) ;
#982 = DIRECTION ( 'NONE',  ( -1.652117596168393672E-16, 1.000000000000000000, -3.491481338843133355E-15 ) ) ;
#983 = LINE ( 'NONE', #5365, #4885 ) ;
#984 = ORIENTED_EDGE ( 'NONE', *, *, #8564, .T. ) ;
#985 = ORIENTED_EDGE ( 'NONE', *, *, #3258, .T. ) ;
#986 = B_SPLINE_CURVE_WITH_KNOTS ( 'NONE', 3,
 ( #1049, #2249, #4068, #10255, #8325, #8441 ),
 .UNSPECIFIED., .F., .F.,
 ( 4, 2, 4 ),
 ( 0.000000000000000000, 0.004870569261666155697, 0.009741138523332311394 ),
 .UNSPECIFIED. ) ;
#988 = EDGE_CURVE ( 'NONE', #1012, #5932, #9742, .T. ) ;
#987 = ORIENTED_EDGE ( 'NONE', *, *, #7486, .F. ) ;
#989 = AXIS2_PLACEMENT_3D ( 'NONE', #10404, #2403, #5974 ) ;
#990 = CARTESIAN_POINT ( 'NONE',  ( -21.70709447113338442, 0.9999999999999453770, 23.92886035298547043 ) ) ;
#991 = ORIENTED_EDGE ( 'NONE', *, *, #5458, .F. ) ;
#992 = VECTOR ( 'NONE', #7526, 1000.000000000000114 ) ;
#993 = ADVANCED_FACE ( 'NONE', ( #7738 ), #2280, .T. ) ;
#994 = DIRECTION ( 'NONE',  ( 0.000000000000000000, 0.000000000000000000, -1.000000000000000000 ) ) ;
#995 = DIRECTION ( 'NONE',  ( -1.000000000000000000, 0.000000000000000000, 2.197316402903956179E-15 ) ) ;
#996 = VECTOR ( 'NONE', #783, 1000.000000000000114 ) ;
#997 = CARTESIAN_POINT ( 'NONE',  ( -27.59999999999998721, 88.61736382251127964, -13.99999999999999645 ) ) ;
#998 = LINE ( 'NONE', #10735, #9836 ) ;
#999 = EDGE_LOOP ( 'NONE', ( #991, #2537, #4892, #4756 ) ) ;
#1000 = VECTOR ( 'NONE', #10056, 1000.000000000000000 ) ;
#1001 = ORIENTED_EDGE ( 'NONE', *, *, #2548, .T. ) ;
#1002 = VERTEX_POINT ( 'NONE', #3365 ) ;
#1003 = FACE_OUTER_BOUND ( 'NONE', #4071, .T. ) ;
#1004 = LINE ( 'NONE', #3847, #6442 ) ;
#1005 = LINE ( 'NONE', #8218, #6370 ) ;
#1006 = DIRECTION ( 'NONE',  ( 0.000000000000000000, -1.000000000000000000, 0.000000000000000000 ) ) ;
#1007 = CARTESIAN_POINT ( 'NONE',  ( -20.99999999999998934, 31.50306154330093023, 1.000000000000002665 ) ) ;
#1008 = FACE_OUTER_BOUND ( 'NONE', #1564, .T. ) ;
#1009 = VECTOR ( 'NONE', #6577, 1000.000000000000114 ) ;
#1010 = CARTESIAN_POINT ( 'NONE',  ( -23.99999999999997868, 70.37848011702416784, -5.499999999999999112 ) ) ;
#1011 = VECTOR ( 'NONE', #2701, 1000.000000000000000 ) ;
#1012 = VERTEX_POINT ( 'NONE', #2372 ) ;
#1013 = CARTESIAN_POINT ( 'NONE',  ( -26.13553390593277115, 48.83859544923360119, -11.99999999999999645 ) ) ;
#1014 = CIRCLE ( 'NONE', #7697, 5.000000000000000888 ) ;
#1015 = VERTEX_POINT ( 'NONE', #10483 ) ;
#1016 = VECTOR ( 'NONE', #580, 1000.000000000000114 ) ;
#1017 = CARTESIAN_POINT ( 'NONE',  ( -22.43486417919560694, 7.020030429160458496, 23.26928848048729392 ) ) ;
#1018 = DIRECTION ( 'NONE',  ( 0.000000000000000000, 0.000000000000000000, 1.000000000000000000 ) ) ;
#1019 = DIRECTION ( 'NONE',  ( -1.652117596168388002E-16, -3.387343054164789649E-16, -1.000000000000000000 ) ) ;
#1020 = ORIENTED_EDGE ( 'NONE', *, *, #10179, .T. ) ;
#1021 = VECTOR ( 'NONE', #5973, 1000.000000000000000 ) ;
#1022 = CARTESIAN_POINT ( 'NONE',  ( -21.84310305542821951, 8.203844758761087874, 10.44853663064980331 ) ) ;
#1023 = ORIENTED_EDGE ( 'NONE', *, *, #411, .F. ) ;
#1024 = EDGE_CURVE ( 'NONE', #7155, #877, #6098, .T. ) ;
#1025 = DIRECTION ( 'NONE',  ( 0.8681683818352196047, -0.4234340121835272197, -0.2588190451025135230 ) ) ;
#1026 = VECTOR ( 'NONE', #2920, 1000.000000000000000 ) ;
#1027 = CIRCLE ( 'NONE', #8842, 1.374999999999997113 ) ;
#1028 = ADVANCED_FACE ( 'NONE', ( #5187 ), #702, .F. ) ;
#1029 = CYLINDRICAL_SURFACE ( 'NONE', #1204, 25.00000000000000000 ) ;
#1030 = CARTESIAN_POINT ( 'NONE',  ( -24.00000000000000000, 28.50306154330090536, -0.9999999999999974465 ) ) ;
#1031 = DIRECTION ( 'NONE',  ( -0.000000000000000000, -0.000000000000000000, -1.000000000000000000 ) ) ;
#1032 = LINE ( 'NONE', #9951, #7950 ) ;
#1033 = VECTOR ( 'NONE', #7292, 1000.000000000000000 ) ;
#1034 = ADVANCED_FACE ( 'NONE', ( #4245 ), #3312, .F. ) ;
#1035 = CARTESIAN_POINT ( 'NONE',  ( -22.60000000000001208, 36.03199373143542061, -47.00000000000000000 ) ) ;
#1036 = CARTESIAN_POINT ( 'NONE',  ( 34.00000000000000000, 100.9999999999999858, -5.839244431897545537E-15 ) ) ;
#1037 = CARTESIAN_POINT ( 'NONE',  ( -25.02616391525879536, 8.550193238978279098, 20.56576308495790073 ) ) ;
#1038 = CARTESIAN_POINT ( 'NONE',  ( -35.91468306713547776, 59.94177598416448660, -20.96378511060260408 ) ) ;
#1039 = ORIENTED_EDGE ( 'NONE', *, *, #6662, .F. ) ;
#1040 = ORIENTED_EDGE ( 'NONE', *, *, #10582, .T. ) ;
#1041 = CIRCLE ( 'NONE', #2332, 1.975000000000000089 ) ;
#1042 = ORIENTED_EDGE ( 'NONE', *, *, #3964, .F. ) ;
#1043 =( BOUNDED_CURVE ( )  B_SPLINE_CURVE ( 3, ( #1941, #5513, #3754, #7297 ),
 .UNSPECIFIED., .F., .F. ) 
 B_SPLINE_CURVE_WITH_KNOTS ( ( 4, 4 ),
 ( 4.712388980384689674, 5.235987755982987935 ),
 .UNSPECIFIED. ) 
 CURVE ( )  GEOMETRIC_REPRESENTATION_ITEM ( )  RATIONAL_B_SPLINE_CURVE ( ( 1.000000000000000000, 0.9772838841927120601, 0.9772838841927120601, 1.000000000000000000 ) ) 
 REPRESENTATION_ITEM ( '' )  );
#1044 = DIRECTION ( 'NONE',  ( 0.4383711467890783475, 0.8987940462991667046, 0.000000000000000000 ) ) ;
#1045 = DIRECTION ( 'NONE',  ( 1.000000000000000000, 0.000000000000000000, 0.000000000000000000 ) ) ;
#1046 = CARTESIAN_POINT ( 'NONE',  ( -20.99999999999999289, 27.26042085618161082, 7.500000000000002665 ) ) ;
#1047 = VECTOR ( 'NONE', #691, 1000.000000000000114 ) ;
#1048 = LINE ( 'NONE', #1907, #9495 ) ;
#1049 = CARTESIAN_POINT ( 'NONE',  ( -23.99999999999998934, 78.86271205119403760, -14.99656801966992603 ) ) ;
#1050 = EDGE_LOOP ( 'NONE', ( #1055, #2046, #3811, #8399 ) ) ;
#1051 = AXIS2_PLACEMENT_3D ( 'NONE', #10240, #2292, #1542 ) ;
#1052 = VERTEX_POINT ( 'NONE', #1687 ) ;
#1053 = EDGE_CURVE ( 'NONE', #11174, #9517, #11041, .T. ) ;
#1054 = ADVANCED_FACE ( 'NONE', ( #4304 ), #11250, .T. ) ;
#1055 = ORIENTED_EDGE ( 'NONE', *, *, #7068, .F. ) ;
#1056 = ORIENTED_EDGE ( 'NONE', *, *, #10513, .F. ) ;
#1057 = ORIENTED_EDGE ( 'NONE', *, *, #8665, .F. ) ;
#1058 = LINE ( 'NONE', #4603, #7373 ) ;
#1059 = AXIS2_PLACEMENT_3D ( 'NONE', #6347, #4656, #9147 ) ;
#1060 = CARTESIAN_POINT ( 'NONE',  ( -27.09083954634440516, 64.04131992144890262, 12.00000000000000178 ) ) ;
#1061 = CARTESIAN_POINT ( 'NONE',  ( 9.693539204939243703, -1.750000000000000888, 24.03108891324553653 ) ) ;
#1062 = ORIENTED_EDGE ( 'NONE', *, *, #11329, .F. ) ;
#1063 = CARTESIAN_POINT ( 'NONE',  ( -24.00000000000002487, 41.70306154330087622, -11.99999999999999645 ) ) ;
#1064 = CARTESIAN_POINT ( 'NONE',  ( -20.99999999999998224, 49.70306154330096859, 12.00000000000000178 ) ) ;
#1065 = CARTESIAN_POINT ( 'NONE',  ( -22.01204912305427897, 8.329379647026092570, 2.521012778114430475 ) ) ;
#1066 = DIRECTION ( 'NONE',  ( 0.000000000000000000, 0.000000000000000000, 1.000000000000000000 ) ) ;
#1067 = ORIENTED_EDGE ( 'NONE', *, *, #8151, .T. ) ;
#1068 = DIRECTION ( 'NONE',  ( 1.000000000000000000, 0.000000000000000000, 0.000000000000000000 ) ) ;
#1069 = ORIENTED_EDGE ( 'NONE', *, *, #2185, .T. ) ;
#1070 = CARTESIAN_POINT ( 'NONE',  ( -45.00000000000005684, 25.00000000000000000, 21.00000000000000000 ) ) ;
#1071 = EDGE_LOOP ( 'NONE', ( #8514, #6059, #3485, #3134 ) ) ;
#1072 = CARTESIAN_POINT ( 'NONE',  ( -21.70709447113344126, 6.999999999999833022, 23.92886035298541358 ) ) ;
#1073 = DIRECTION ( 'NONE',  ( 0.000000000000000000, 0.000000000000000000, 1.000000000000000000 ) ) ;
#1074 = CARTESIAN_POINT ( 'NONE',  ( -32.49999999999998579, 100.9999999999999858, 3.743037625879104828E-15 ) ) ;
#1075 = CARTESIAN_POINT ( 'NONE',  ( -30.02871870788958475, 51.31596721165377062, 12.00000000000000178 ) ) ;
#1076 = ORIENTED_EDGE ( 'NONE', *, *, #9362, .F. ) ;
#1077 = EDGE_CURVE ( 'NONE', #5829, #4474, #6113, .T. ) ;
#1078 = DIRECTION ( 'NONE',  ( -0.7071067811865463515, 0.000000000000000000, 0.7071067811865487940 ) ) ;
#1079 = VECTOR ( 'NONE', #9981, 1000.000000000000000 ) ;
#1080 = EDGE_CURVE ( 'NONE', #8794, #4745, #4128, .T. ) ;
#1081 = LINE ( 'NONE', #9006, #81 ) ;
#1082 = EDGE_CURVE ( 'NONE', #2484, #11351, #9557, .T. ) ;
#1083 = CARTESIAN_POINT ( 'NONE',  ( -24.02728627600260936, 87.53179694482594186, 9.546969064934582860 ) ) ;
#1084 = CIRCLE ( 'NONE', #1261, 4.242640687119280329 ) ;
#1085 = DIRECTION ( 'NONE',  ( 0.000000000000000000, 0.000000000000000000, 1.000000000000000000 ) ) ;
#1086 = ADVANCED_FACE ( 'NONE', ( #10372 ), #8790, .F. ) ;
#1087 = DIRECTION ( 'NONE',  ( -0.000000000000000000, -1.000000000000000000, -0.000000000000000000 ) ) ;
#1088 = LINE ( 'NONE', #1369, #5728 ) ;
#1089 = LINE ( 'NONE', #8954, #7039 ) ;
#1090 = CARTESIAN_POINT ( 'NONE',  ( -27.04072976609730361, 9.265711470255036275, 20.07605039077823861 ) ) ;
#1091 = ADVANCED_FACE ( 'NONE', ( #5061 ), #11485, .F. ) ;
#1092 = ORIENTED_EDGE ( 'NONE', *, *, #9690, .F. ) ;
#1093 = ORIENTED_EDGE ( 'NONE', *, *, #9455, .T. ) ;
#1094 = AXIS2_PLACEMENT_3D ( 'NONE', #10816, #2872, #5573 ) ;
#1095 = EDGE_CURVE ( 'NONE', #1381, #11300, #1561, .T. ) ;
#1096 = EDGE_CURVE ( 'NONE', #4955, #10630, #7999, .T. ) ;
#1097 = VERTEX_POINT ( 'NONE', #5746 ) ;
#1098 = EDGE_CURVE ( 'NONE', #1613, #9238, #4912, .T. ) ;
#1099 = VERTEX_POINT ( 'NONE', #3160 ) ;
#1100 = CARTESIAN_POINT ( 'NONE',  ( -22.78582032138498548, 1.029242682706088985, 22.99377279351591596 ) ) ;
#1101 = DIRECTION ( 'NONE',  ( 0.000000000000000000, 1.000000000000000000, 0.000000000000000000 ) ) ;
#1102 = FACE_OUTER_BOUND ( 'NONE', #10376, .T. ) ;
#1103 = FACE_OUTER_BOUND ( 'NONE', #9295, .T. ) ;
#1104 = CARTESIAN_POINT ( 'NONE',  ( -22.77561206912258385, 9.078673612423557415, -2.337068744713399759 ) ) ;
#1105 = CARTESIAN_POINT ( 'NONE',  ( -43.00000000000000000, -3.806754294504610928E-16, 1.974999999999989431 ) ) ;
#1106 = AXIS2_PLACEMENT_3D ( 'NONE', #6522, #300, #1176 ) ;
#1107 = B_SPLINE_SURFACE_WITH_KNOTS ( 'NONE', 1, 3, ( 
 ( #6919, #9638, #9805, #10898 ),
 ( #4596, #6234, #4542, #2832 ) ),
 .UNSPECIFIED., .F., .F., .F.,
 ( 2, 2 ),
 ( 4, 4 ),
 ( 0.000000000000000000, 1.000000000000000000 ),
 ( 1.484141377214341917, 1.570796326794897002 ),
 .UNSPECIFIED. ) ;
#1108 = CARTESIAN_POINT ( 'NONE',  ( -22.60000000000001208, 36.03199373143542061, -47.00000000000000000 ) ) ;
#1109 = FACE_OUTER_BOUND ( 'NONE', #10545, .T. ) ;
#1110 = ORIENTED_EDGE ( 'NONE', *, *, #8948, .F. ) ;
#1111 = ORIENTED_EDGE ( 'NONE', *, *, #5084, .F. ) ;
#1112 = ORIENTED_EDGE ( 'NONE', *, *, #7444, .F. ) ;
#1113 = VECTOR ( 'NONE', #3475, 1000.000000000000000 ) ;
#1114 = AXIS2_PLACEMENT_3D ( 'NONE', #9639, #6004, #6749 ) ;
#1115 = VERTEX_POINT ( 'NONE', #11159 ) ;
#1116 = AXIS2_PLACEMENT_3D ( 'NONE', #2892, #8203, #11126 ) ;
#1117 = CARTESIAN_POINT ( 'NONE',  ( -22.60000000000004761, 54.23199373143538793, -47.00000000000000000 ) ) ;
#1118 = DIRECTION ( 'NONE',  ( 0.7071067811865419106, 0.7071067811865531239, -1.168223555568275901E-16 ) ) ;
#1119 = FACE_OUTER_BOUND ( 'NONE', #1493, .T. ) ;
#1120 = ORIENTED_EDGE ( 'NONE', *, *, #1597, .T. ) ;
#1121 = FACE_OUTER_BOUND ( 'NONE', #6422, .T. ) ;
#1122 = CARTESIAN_POINT ( 'NONE',  ( -36.00000000000000000, 51.31596721165375641, -20.99999999999997513 ) ) ;
#1123 = CARTESIAN_POINT ( 'NONE',  ( -26.02411907401664592, 79.84994088672972623, 15.60000000000000320 ) ) ;
#1124 = FACE_OUTER_BOUND ( 'NONE', #8386, .T. ) ;
#1125 = CARTESIAN_POINT ( 'NONE',  ( -18.73697634183113081, 0.4903522553813910445, 26.50421669163860727 ) ) ;
#1126 = AXIS2_PLACEMENT_3D ( 'NONE', #517, #4062, #11183 ) ;
#1127 = CIRCLE ( 'NONE', #10438, 4.242640687119346055 ) ;
#1128 = ORIENTED_EDGE ( 'NONE', *, *, #11142, .T. ) ;
#1129 = ORIENTED_EDGE ( 'NONE', *, *, #4785, .T. ) ;
#1130 = CARTESIAN_POINT ( 'NONE',  ( -22.16561135359183510, 8.468672896892810442, -2.486925745955423928 ) ) ;
#1131 = VERTEX_POINT ( 'NONE', #9289 ) ;
#1132 = CARTESIAN_POINT ( 'NONE',  ( -0.9999999999999997780, 51.31596721165375641, -13.99999999999999645 ) ) ;
#1133 = FACE_OUTER_BOUND ( 'NONE', #6717, .T. ) ;
#1134 = FACE_OUTER_BOUND ( 'NONE', #3548, .T. ) ;
#1135 = CARTESIAN_POINT ( 'NONE',  ( -21.14413886674964616, 8.000319343246259152, -9.099999999999996092 ) ) ;
#1136 = ORIENTED_EDGE ( 'NONE', *, *, #10792, .F. ) ;
#1137 = ORIENTED_EDGE ( 'NONE', *, *, #1139, .T. ) ;
#1138 = DIRECTION ( 'NONE',  ( 0.000000000000000000, 0.000000000000000000, 1.000000000000000000 ) ) ;
#1139 = EDGE_CURVE ( 'NONE', #11022, #6455, #8416, .T. ) ;
#1140 = CARTESIAN_POINT ( 'NONE',  ( -32.49999999999998579, 110.4999999999999858, -3.037741699796940864 ) ) ;
#1141 = CARTESIAN_POINT ( 'NONE',  ( -22.09190783115894519, 8.394969374459922307, -10.49496773618063372 ) ) ;
#1142 = CYLINDRICAL_SURFACE ( 'NONE', #8783, 5.000000000000000888 ) ;
#1144 = DIRECTION ( 'NONE',  ( 0.000000000000000000, 0.000000000000000000, 1.000000000000000000 ) ) ;
#1143 = CARTESIAN_POINT ( 'NONE',  ( -30.02871870788963449, 51.31596721165377062, -0.9999999999999983347 ) ) ;
#1145 = CARTESIAN_POINT ( 'NONE',  ( -27.09083954634441938, 64.04131992144888841, 7.500000000000002665 ) ) ;
#1146 = PLANE ( 'NONE',  #5873 ) ;
#1147 = DIRECTION ( 'NONE',  ( 1.000000000000000000, 0.000000000000000000, -1.362997016838919825E-16 ) ) ;
#1148 = CARTESIAN_POINT ( 'NONE',  ( -22.20268986658970434, 7.006649106991426734, 23.45813184580423183 ) ) ;
#1149 = ADVANCED_FACE ( 'NONE', ( #2338 ), #9924, .F. ) ;
#1150 = VERTEX_POINT ( 'NONE', #10276 ) ;
#1151 = EDGE_LOOP ( 'NONE', ( #82, #4047, #7995, #1416 ) ) ;
#1152 = ORIENTED_EDGE ( 'NONE', *, *, #2733, .F. ) ;
#1153 = ORIENTED_EDGE ( 'NONE', *, *, #10645, .T. ) ;
#1154 = CARTESIAN_POINT ( 'NONE',  ( -23.99999999999998579, 70.37848011702413942, -0.9999999999999983347 ) ) ;
#1155 = DIRECTION ( 'NONE',  ( -1.379656123914496359E-15, 1.000000000000000000, -0.000000000000000000 ) ) ;
#1156 = CARTESIAN_POINT ( 'NONE',  ( -20.99999999999998934, 20.50306154330089470, -11.99999999999999645 ) ) ;
#1157 = LINE ( 'NONE', #5597, #277 ) ;
#1158 = DIRECTION ( 'NONE',  ( 0.5000000000000013323, -0.7071067811865505703, -0.4999999999999943934 ) ) ;
#1159 = DIRECTION ( 'NONE',  ( -1.000000000000000000, 0.000000000000000000, 0.000000000000000000 ) ) ;
#1160 = CARTESIAN_POINT ( 'NONE',  ( -27.60000000000010445, 88.61736382251130806, -13.99999999999999645 ) ) ;
#1161 = EDGE_CURVE ( 'NONE', #4370, #1276, #9750, .T. ) ;
#1162 = CARTESIAN_POINT ( 'NONE',  ( 17.00250540247595410, -0.1647947492351025667, 22.45483606220054540 ) ) ;
#1163 = EDGE_CURVE ( 'NONE', #2944, #5361, #1475, .T. ) ;
#1164 = ORIENTED_EDGE ( 'NONE', *, *, #822, .F. ) ;
#1165 = CIRCLE ( 'NONE', #8595, 1.906370849898480380 ) ;
#1166 = ORIENTED_EDGE ( 'NONE', *, *, #2329, .F. ) ;
#1167 = EDGE_LOOP ( 'NONE', ( #4654, #7723, #9985, #348 ) ) ;
#1168 = VECTOR ( 'NONE', #8981, 1000.000000000000000 ) ;
#1169 = CARTESIAN_POINT ( 'NONE',  ( -32.96862915010149919, 100.9999999999999858, 5.224760629118247574E-15 ) ) ;
#1170 = CYLINDRICAL_SURFACE ( 'NONE', #7140, 5.000000000000000888 ) ;
#1171 = EDGE_LOOP ( 'NONE', ( #2840, #7815, #1672, #3857 ) ) ;
#1172 = DIRECTION ( 'NONE',  ( -1.000000000000000000, 2.465190328815661892E-32, 1.712579034340941216E-16 ) ) ;
#1173 = CYLINDRICAL_SURFACE ( 'NONE', #2466, 1.600000000000000089 ) ;
#1174 = DIRECTION ( 'NONE',  ( -0.000000000000000000, -0.000000000000000000, -1.000000000000000000 ) ) ;
#1175 = CARTESIAN_POINT ( 'NONE',  ( -35.99999999999999289, 122.0000000000000000, 19.99999999999982947 ) ) ;
#1176 = DIRECTION ( 'NONE',  ( 0.000000000000000000, 0.000000000000000000, 1.000000000000000000 ) ) ;
#1177 = EDGE_CURVE ( 'NONE', #2689, #7821, #4519, .T. ) ;
#1178 = AXIS2_PLACEMENT_3D ( 'NONE', #1007, #1868, #955 ) ;
#1179 = ORIENTED_EDGE ( 'NONE', *, *, #3581, .F. ) ;
#1180 = CARTESIAN_POINT ( 'NONE',  ( -10.18507242019446402, 0.000000000000000000, 23.12970608451341192 ) ) ;
#1181 = ORIENTED_EDGE ( 'NONE', *, *, #9735, .F. ) ;
#1182 = ADVANCED_FACE ( 'NONE', ( #6760 ), #8427, .F. ) ;
#1183 = CARTESIAN_POINT ( 'NONE',  ( -23.25519230661658909, 7.090868602962116185, 22.66345262705973340 ) ) ;
#1184 = CARTESIAN_POINT ( 'NONE',  ( -19.64284886039479971, 64.26021268290610067, -5.499999999999999112 ) ) ;
#1185 = DIRECTION ( 'NONE',  ( 0.7071067811865477948, -1.362927481496331581E-16, 0.7071067811865473507 ) ) ;
#1186 = DIRECTION ( 'NONE',  ( -1.379656123914496359E-15, 1.000000000000000000, -0.000000000000000000 ) ) ;
#1187 = ORIENTED_EDGE ( 'NONE', *, *, #1923, .T. ) ;
#1188 = CARTESIAN_POINT ( 'NONE',  ( 15.49999999999999822, 8.000000000000000000, 15.50000000000000178 ) ) ;
#1189 = VECTOR ( 'NONE', #7019, 999.9999999999998863 ) ;
#1190 = PLANE ( 'NONE',  #7045 ) ;
#1191 = ORIENTED_EDGE ( 'NONE', *, *, #2716, .T. ) ;
#1192 = AXIS2_PLACEMENT_3D ( 'NONE', #5058, #6849, #5992 ) ;
#1193 = AXIS2_PLACEMENT_3D ( 'NONE', #1388, #6737, #4244 ) ;
#1194 = EDGE_CURVE ( 'NONE', #3512, #343, #2274, .T. ) ;
#1195 = CARTESIAN_POINT ( 'NONE',  ( -3.469446951953614189E-15, 0.000000000000000000, -13.00000000000000178 ) ) ;
#1196 = ADVANCED_FACE ( 'NONE', ( #4794 ), #6650, .F. ) ;
#1197 = CARTESIAN_POINT ( 'NONE',  ( -24.96396103067888106, 11.26702257397983331, 11.10082212879905761 ) ) ;
#1199 = CARTESIAN_POINT ( 'NONE',  ( -33.03137084989845107, 89.25000000000000000, -1.843629150101526282 ) ) ;
#1198 = CARTESIAN_POINT ( 'NONE',  ( -27.60000000000001208, 36.03199373143541351, -7.499999999999999112 ) ) ;
#1200 = CARTESIAN_POINT ( 'NONE',  ( 10.76992757980552895, -3.500000000000000000, 21.00000000000000000 ) ) ;
#1201 = CARTESIAN_POINT ( 'NONE',  ( -26.97028684189957204, 14.28242300105683249, 11.59054349732546818 ) ) ;
#1202 = LINE ( 'NONE', #9014, #7982 ) ;
#1203 = AXIS2_PLACEMENT_3D ( 'NONE', #2406, #10345, #4041 ) ;
#1204 = AXIS2_PLACEMENT_3D ( 'NONE', #4575, #10068, #2991 ) ;
#1205 = VERTEX_POINT ( 'NONE', #366 ) ;
#1206 = ORIENTED_EDGE ( 'NONE', *, *, #3492, .F. ) ;
#1207 = ORIENTED_EDGE ( 'NONE', *, *, #10728, .F. ) ;
#1208 = VECTOR ( 'NONE', #10063, 1000.000000000000000 ) ;
#1209 = CARTESIAN_POINT ( 'NONE',  ( -22.20290801559412586, 1.004647487576741938, 23.45882297542749484 ) ) ;
#1210 = DIRECTION ( 'NONE',  ( -1.000000000000000000, 0.000000000000000000, 0.000000000000000000 ) ) ;
#1211 = CARTESIAN_POINT ( 'NONE',  ( 19.99999999999996803, 8.000000000000000000, -16.21920158330858541 ) ) ;
#1212 = CARTESIAN_POINT ( 'NONE',  ( -20.99999999999999645, 22.99999999999999289, -15.59999999999999432 ) ) ;
#1213 = DIRECTION ( 'NONE',  ( 0.000000000000000000, 0.000000000000000000, 1.000000000000000000 ) ) ;
#1214 = CARTESIAN_POINT ( 'NONE',  ( -26.26452026777607074, 12.88515400628444674, -14.63377564985951906 ) ) ;
#1215 = EDGE_CURVE ( 'NONE', #7680, #8559, #9348, .T. ) ;
#1216 = LINE ( 'NONE', #10957, #439 ) ;
#1217 = DIRECTION ( 'NONE',  ( -4.290341195610181615E-17, -0.9931720082105803815, -0.1166591706937897682 ) ) ;
#1218 = ORIENTED_EDGE ( 'NONE', *, *, #595, .T. ) ;
#1219 = CONICAL_SURFACE ( 'NONE', #7726, 16.00000000000002842, 0.7853981633974482790 ) ;
#1220 = EDGE_LOOP ( 'NONE', ( #8925, #2501, #3781, #215 ) ) ;
#1221 = EDGE_LOOP ( 'NONE', ( #8315, #4640, #186, #2734 ) ) ;
#1222 = ORIENTED_EDGE ( 'NONE', *, *, #8279, .F. ) ;
#1223 = ORIENTED_EDGE ( 'NONE', *, *, #3789, .F. ) ;
#1224 = EDGE_CURVE ( 'NONE', #3491, #11494, #11213, .T. ) ;
#1225 = DIRECTION ( 'NONE',  ( 1.000000000000000000, 5.778133072065997886E-17, 0.000000000000000000 ) ) ;
#1226 = CIRCLE ( 'NONE', #9242, 5.000000000000000888 ) ;
#1227 = DIRECTION ( 'NONE',  ( -0.7071067811865426878, 0.000000000000000000, 0.7071067811865522357 ) ) ;
#1228 = EDGE_CURVE ( 'NONE', #5659, #3238, #10855, .T. ) ;
#1229 = AXIS2_PLACEMENT_3D ( 'NONE', #7262, #5645, #7435 ) ;
#1230 = DIRECTION ( 'NONE',  ( 1.000000000000000000, 0.000000000000000000, 0.000000000000000000 ) ) ;
#1231 = CARTESIAN_POINT ( 'NONE',  ( -24.22389684499599483, 84.97462330905720762, 3.929147716244586253 ) ) ;
#1232 = DIRECTION ( 'NONE',  ( 0.000000000000000000, 0.000000000000000000, 1.000000000000000000 ) ) ;
#1233 = CARTESIAN_POINT ( 'NONE',  ( -46.00000000000000000, 101.0000000000000000, -17.00000000000001421 ) ) ;
#1234 = ORIENTED_EDGE ( 'NONE', *, *, #10704, .F. ) ;
#1235 = CIRCLE ( 'NONE', #3661, 16.50000000000000000 ) ;
#1236 = CARTESIAN_POINT ( 'NONE',  ( -8.815429640083685570, -1.824501811256293182, 24.07445808677040588 ) ) ;
#1237 = VERTEX_POINT ( 'NONE', #6590 ) ;
#1239 = EDGE_LOOP ( 'NONE', ( #8986, #10542, #1861, #11252 ) ) ;
#1238 = EDGE_CURVE ( 'NONE', #11032, #144, #5849, .T. ) ;
#1240 = CARTESIAN_POINT ( 'NONE',  ( -43.00000000000000000, 91.50000000000000000, -1.974999999999992761 ) ) ;
#1241 = FACE_OUTER_BOUND ( 'NONE', #8482, .T. ) ;
#1242 = CARTESIAN_POINT ( 'NONE',  ( -27.60000000000004405, 52.37412935516633894, -11.99999999999999645 ) ) ;
#1243 = CARTESIAN_POINT ( 'NONE',  ( -19.84739107277941272, 0.8567878017918427735, 25.77548460755079418 ) ) ;
#1244 = CARTESIAN_POINT ( 'NONE',  ( -22.60000000000004405, 52.37412935516634604, -11.99999999999999645 ) ) ;
#1245 = ORIENTED_EDGE ( 'NONE', *, *, #6429, .T. ) ;
#1246 = AXIS2_PLACEMENT_3D ( 'NONE', #1253, #1311, #4807 ) ;
#1247 = CARTESIAN_POINT ( 'NONE',  ( -23.99999999999998224, 88.61736382251127964, 14.00000000000000178 ) ) ;
#1248 = CARTESIAN_POINT ( 'NONE',  ( -34.16274169979691067, 112.7499999999999858, 1.375000000000001998 ) ) ;
#1249 = CARTESIAN_POINT ( 'NONE',  ( 12.36992757980554281, 0.000000000000000000, 23.12970608451341903 ) ) ;
#1251 = CARTESIAN_POINT ( 'NONE',  ( -44.50000000000000000, 51.28339046910141974, 8.095598992471730213E-15 ) ) ;
#1250 = FACE_OUTER_BOUND ( 'NONE', #9022, .T. ) ;
#1252 = EDGE_CURVE ( 'NONE', #8400, #1653, #2461, .T. ) ;
#1253 = CARTESIAN_POINT ( 'NONE',  ( -9.385072420194470411, -5.000000000000002665, 24.50000000000000000 ) ) ;
#1254 = VECTOR ( 'NONE', #9201, 1000.000000000000000 ) ;
#1255 = ORIENTED_EDGE ( 'NONE', *, *, #11001, .T. ) ;
#1256 = DIRECTION ( 'NONE',  ( -0.8681683818352190496, 0.4234340121835280524, -0.2588190451025134120 ) ) ;
#1257 = CARTESIAN_POINT ( 'NONE',  ( -16.75744236410154642, -1.102080914929477906, 27.00000000000000355 ) ) ;
#1258 = CARTESIAN_POINT ( 'NONE',  ( -23.57726326549581586, 7.132599110397304543, 22.45841854757096456 ) ) ;
#1259 = EDGE_CURVE ( 'NONE', #10796, #7603, #4097, .T. ) ;
#1260 = ORIENTED_EDGE ( 'NONE', *, *, #4964, .F. ) ;
#1261 = AXIS2_PLACEMENT_3D ( 'NONE', #7614, #7553, #1444 ) ;
#1262 = ORIENTED_EDGE ( 'NONE', *, *, #8894, .F. ) ;
#1263 = ORIENTED_EDGE ( 'NONE', *, *, #9541, .F. ) ;
#1264 = AXIS2_PLACEMENT_3D ( 'NONE', #3626, #7173, #4391 ) ;
#1265 = ORIENTED_EDGE ( 'NONE', *, *, #2610, .F. ) ;
#1266 = FACE_OUTER_BOUND ( 'NONE', #5699, .T. ) ;
#1267 = DIRECTION ( 'NONE',  ( -0.000000000000000000, -0.000000000000000000, -1.000000000000000000 ) ) ;
#1268 = CARTESIAN_POINT ( 'NONE',  ( -10.18507242019446402, -1.750000000000004441, 24.03108891324554008 ) ) ;
#1269 = DIRECTION ( 'NONE',  ( 1.000000000000000000, 0.000000000000000000, 0.000000000000000000 ) ) ;
#1270 = CARTESIAN_POINT ( 'NONE',  ( -35.99999999999998579, 59.74211698483085797, 21.00000000000014566 ) ) ;
#1271 = DIRECTION ( 'NONE',  ( 0.9659258262890701996, 0.000000000000000000, -0.2588190451025136340 ) ) ;
#1272 = ADVANCED_FACE ( 'NONE', ( #11098 ), #3099, .F. ) ;
#1273 = CARTESIAN_POINT ( 'NONE',  ( -23.38689500141419941, 9.689956544715167652, 15.19867544321358466 ) ) ;
#1274 = VECTOR ( 'NONE', #6436, 1000.000000000000000 ) ;
#1275 = EDGE_LOOP ( 'NONE', ( #1391, #10166, #10204, #4124 ) ) ;
#1276 = VERTEX_POINT ( 'NONE', #8523 ) ;
#1277 = FACE_OUTER_BOUND ( 'NONE', #4760, .T. ) ;
#1278 = VERTEX_POINT ( 'NONE', #3453 ) ;
#1279 = ORIENTED_EDGE ( 'NONE', *, *, #690, .T. ) ;
#1280 = DIRECTION ( 'NONE',  ( 1.000000000000000000, 0.000000000000000000, 0.000000000000000000 ) ) ;
#1281 = AXIS2_PLACEMENT_3D ( 'NONE', #1839, #4515, #95 ) ;
#1282 = CARTESIAN_POINT ( 'NONE',  ( -32.49999999999998579, 91.50000000000000000, -2.374999999999991562 ) ) ;
#1283 = LINE ( 'NONE', #240, #7971 ) ;
#1284 = CARTESIAN_POINT ( 'NONE',  ( -37.00000000000004263, 51.31596721165375641, -21.00000000000000000 ) ) ;
#1285 = CARTESIAN_POINT ( 'NONE',  ( -33.49999999999997158, 100.9999999999999858, 5.312549342239068907E-15 ) ) ;
#1286 = LINE ( 'NONE', #1343, #3089 ) ;
#1287 = FACE_OUTER_BOUND ( 'NONE', #7822, .T. ) ;
#1288 = DIRECTION ( 'NONE',  ( -0.000000000000000000, -0.000000000000000000, -1.000000000000000000 ) ) ;
#1289 = EDGE_CURVE ( 'NONE', #2679, #5829, #7296, .T. ) ;
#1290 = AXIS2_PLACEMENT_3D ( 'NONE', #205, #2062, #8302 ) ;
#1291 = CONICAL_SURFACE ( 'NONE', #9300, 1.899999999999999467, 0.7853981633974477239 ) ;
#1292 = ORIENTED_EDGE ( 'NONE', *, *, #4429, .F. ) ;
#1293 = EDGE_CURVE ( 'NONE', #8828, #11331, #6134, .T. ) ;
#1294 = CARTESIAN_POINT ( 'NONE',  ( -23.99999999999998934, 88.61736382251127964, 15.60000000000000320 ) ) ;
#1295 = LINE ( 'NONE', #4846, #246 ) ;
#1296 = CARTESIAN_POINT ( 'NONE',  ( -9.385072420194470411, -5.000000000000002665, 27.00000000000000355 ) ) ;
#1297 = CARTESIAN_POINT ( 'NONE',  ( -18.91681916826716048, 0.5667022407621110647, 26.41248929450190275 ) ) ;
#1298 = CARTESIAN_POINT ( 'NONE',  ( -37.00000000000002842, 23.00000000000002132, -21.00000000000000000 ) ) ;
#1299 = ORIENTED_EDGE ( 'NONE', *, *, #3901, .F. ) ;
#1300 = AXIS2_PLACEMENT_3D ( 'NONE', #5258, #5072, #1575 ) ;
#1301 = CARTESIAN_POINT ( 'NONE',  ( -32.49999999999998579, 112.7499999999999858, 3.037741699796951966 ) ) ;
#1302 = CARTESIAN_POINT ( 'NONE',  ( -27.60000000000004761, 54.23199373143538082, 14.00000000000000178 ) ) ;
#1303 = ADVANCED_FACE ( 'NONE', ( #3566 ), #6998, .T. ) ;
#1304 = EDGE_CURVE ( 'NONE', #2032, #5262, #1711, .T. ) ;
#1305 = ORIENTED_EDGE ( 'NONE', *, *, #476, .F. ) ;
#1306 = CARTESIAN_POINT ( 'NONE',  ( -34.16274169979691067, 91.50000000000000000, 1.375000000000002442 ) ) ;
#1307 = DIRECTION ( 'NONE',  ( 0.000000000000000000, 0.000000000000000000, 1.000000000000000000 ) ) ;
#1308 = EDGE_CURVE ( 'NONE', #8620, #4981, #2646, .T. ) ;
#1310 = DIRECTION ( 'NONE',  ( -0.000000000000000000, -1.000000000000000000, -1.927470528863117569E-16 ) ) ;
#1309 = DIRECTION ( 'NONE',  ( -0.000000000000000000, 0.000000000000000000, -1.000000000000000000 ) ) ;
#1311 = DIRECTION ( 'NONE',  ( 0.000000000000000000, 0.000000000000000000, -1.000000000000000000 ) ) ;
#1312 = ORIENTED_EDGE ( 'NONE', *, *, #5542, .T. ) ;
#1313 = ORIENTED_EDGE ( 'NONE', *, *, #6160, .F. ) ;
#1314 = FACE_OUTER_BOUND ( 'NONE', #10548, .T. ) ;
#1315 = DIRECTION ( 'NONE',  ( 1.000000000000000000, 0.000000000000000000, 0.000000000000000000 ) ) ;
#1316 = CARTESIAN_POINT ( 'NONE',  ( -20.99999999999998934, 45.46042085618157103, 12.00000000000000178 ) ) ;
#1317 = EDGE_CURVE ( 'NONE', #3361, #682, #7765, .T. ) ;
#1318 = ORIENTED_EDGE ( 'NONE', *, *, #5689, .T. ) ;
#1319 = ORIENTED_EDGE ( 'NONE', *, *, #6086, .T. ) ;
#1320 = EDGE_LOOP ( 'NONE', ( #7501, #2074, #4550, #3561 ) ) ;
#1321 = CYLINDRICAL_SURFACE ( 'NONE', #6074, 9.000000000000001776 ) ;
#1322 = EDGE_LOOP ( 'NONE', ( #6988, #180, #10903, #1327, #9072 ) ) ;
#1323 = EDGE_CURVE ( 'NONE', #3238, #5659, #5462, .T. ) ;
#1324 = AXIS2_PLACEMENT_3D ( 'NONE', #5071, #6807, #775 ) ;
#1325 = PLANE ( 'NONE',  #8878 ) ;
#1326 = FACE_OUTER_BOUND ( 'NONE', #1171, .T. ) ;
#1327 = ORIENTED_EDGE ( 'NONE', *, *, #10212, .F. ) ;
#1328 = CARTESIAN_POINT ( 'NONE',  ( -24.96396103067888106, 11.26702257397983331, 8.399177871200949497 ) ) ;
#1329 = DIRECTION ( 'NONE',  ( 1.000000000000000000, 0.000000000000000000, 0.000000000000000000 ) ) ;
#1330 = CARTESIAN_POINT ( 'NONE',  ( 15.50000000000000355, 0.000000000000000000, -17.09999999999999787 ) ) ;
#1331 = CARTESIAN_POINT ( 'NONE',  ( -22.59999999999998366, 17.83199373143543198, -11.99999999999999645 ) ) ;
#1332 = CARTESIAN_POINT ( 'NONE',  ( -36.00000000000000000, 22.99999999999999289, -20.99999999999999645 ) ) ;
#1333 = DIRECTION ( 'NONE',  ( 1.000000000000000000, 0.000000000000000000, 0.000000000000000000 ) ) ;
#1334 = CARTESIAN_POINT ( 'NONE',  ( 16.67182698324675272, -0.5445823563252798483, 23.91807044963361761 ) ) ;
#1335 = B_SPLINE_CURVE_WITH_KNOTS ( 'NONE', 3,
 ( #2696, #9887, #6262, #10815 ),
 .UNSPECIFIED., .F., .F.,
 ( 4, 4 ),
 ( 0.000000000000000000, 0.001374740175555842379 ),
 .UNSPECIFIED. ) ;
#1336 = ORIENTED_EDGE ( 'NONE', *, *, #9143, .F. ) ;
#1337 = ORIENTED_EDGE ( 'NONE', *, *, #4919, .T. ) ;
#1338 = ORIENTED_EDGE ( 'NONE', *, *, #541, .F. ) ;
#1339 = ADVANCED_FACE ( 'NONE', ( #8808 ), #1539, .T. ) ;
#1340 = DIRECTION ( 'NONE',  ( 4.319837007227158624E-17, 1.000000000000000000, -0.000000000000000000 ) ) ;
#1341 = CARTESIAN_POINT ( 'NONE',  ( -33.49999999999997158, 91.50000000000000000, 5.947912241876326607E-15 ) ) ;
#1342 = DIRECTION ( 'NONE',  ( -1.652117596168393672E-16, 1.000000000000000000, -3.491481338843133355E-15 ) ) ;
#1343 = CARTESIAN_POINT ( 'NONE',  ( -26.02411907401665303, 79.84994088672971202, 15.60000000000000320 ) ) ;
#1344 = CARTESIAN_POINT ( 'NONE',  ( -42.39999999999999147, 91.50000000000000000, -1.374999999999989786 ) ) ;
#1345 = DIRECTION ( 'NONE',  ( 0.000000000000000000, -1.000000000000000000, 0.000000000000000000 ) ) ;
#1346 = VERTEX_POINT ( 'NONE', #7946 ) ;
#1347 = AXIS2_PLACEMENT_3D ( 'NONE', #2581, #4335, #6088 ) ;
#1348 = EDGE_LOOP ( 'NONE', ( #6444, #11193, #17, #5544 ) ) ;
#1349 = DIRECTION ( 'NONE',  ( -0.7071067811865437980, 0.7071067811865513475, -1.283068383871533552E-13 ) ) ;
#1350 = DIRECTION ( 'NONE',  ( -0.7071067811865495711, -0.7071067811865454633, 0.000000000000000000 ) ) ;
#1351 = DIRECTION ( 'NONE',  ( 1.000000000000000000, 0.000000000000000000, 0.000000000000000000 ) ) ;
#1352 = DIRECTION ( 'NONE',  ( -1.000000000000000000, 0.000000000000000000, -0.000000000000000000 ) ) ;
#1353 = DIRECTION ( 'NONE',  ( 1.000000000000000000, 0.000000000000000000, 0.000000000000000000 ) ) ;
#1354 = ORIENTED_EDGE ( 'NONE', *, *, #1723, .T. ) ;
#1355 = VECTOR ( 'NONE', #11037, 999.9999999999998863 ) ;
#1356 = B_SPLINE_CURVE_WITH_KNOTS ( 'NONE', 3,
 ( #10718, #2708, #6273, #1847, #980, #4526, #4583, #8084, #7252, #110, #9248, #10296, #506, #2231, #2295, #7663, #8478, #567, #5045, #10125, #1370, #2125, #10241, #6665, #2998, #5930, #3933, #6544, #385, #4049, #4868, #6780 ),
 .UNSPECIFIED., .F., .F.,
 ( 4, 2, 1, 2, 2, 2, 2, 2, 2, 2, 2, 1, 2, 2, 2, 2, 4 ),
 ( 0.000000000000000000, 0.06250000000000380251, 0.09375000000000689726, 0.1093750000000084516, 0.1250000000000099920, 0.1875000000000135170, 0.2187500000000136002, 0.2500000000000136557, 0.3125000000000172085, 0.3437500000000170974, 0.3750000000000169309, 0.4375000000000164868, 0.4687500000000170419, 0.5000000000000175415, 0.6250000000000136557, 0.7500000000000098810, 1.000000000000000000 ),
 .UNSPECIFIED. ) ;
#1357 = CARTESIAN_POINT ( 'NONE',  ( -22.60000000000004405, 52.37412935516634604, 1.000000000000000888 ) ) ;
#1358 = DIRECTION ( 'NONE',  ( 1.000000000000000000, -0.000000000000000000, -1.652117596168387756E-16 ) ) ;
#1359 = CARTESIAN_POINT ( 'NONE',  ( 11.70348690305451278, 0.000000000000000000, 21.00571780710525616 ) ) ;
#1360 = AXIS2_PLACEMENT_3D ( 'NONE', #35, #9718, #3574 ) ;
#1362 = DIRECTION ( 'NONE',  ( -1.652117596168393672E-16, 1.000000000000000000, -3.491481338843133355E-15 ) ) ;
#1361 = DIRECTION ( 'NONE',  ( 0.000000000000000000, 0.000000000000000000, -1.000000000000000000 ) ) ;
#1363 = EDGE_LOOP ( 'NONE', ( #11005, #4546, #10270, #2441 ) ) ;
#1364 = EDGE_CURVE ( 'NONE', #11465, #7418, #2264, .T. ) ;
#1365 = CYLINDRICAL_SURFACE ( 'NONE', #124, 20.00000000000000000 ) ;
#1366 = LINE ( 'NONE', #9180, #2725 ) ;
#1367 = ORIENTED_EDGE ( 'NONE', *, *, #10919, .T. ) ;
#1368 = EDGE_CURVE ( 'NONE', #8608, #3331, #5150, .T. ) ;
#1369 = CARTESIAN_POINT ( 'NONE',  ( -27.60000000000004761, 54.23199373143538082, 7.500000000000000000 ) ) ;
#1370 = CARTESIAN_POINT ( 'NONE',  ( -18.41963338505172487, -0.6282325892004990697, 25.80267115817550660 ) ) ;
#1371 = CARTESIAN_POINT ( 'NONE',  ( -21.94946364272758643, 7.000002830396813813, 23.68650987549646558 ) ) ;
#1372 = VECTOR ( 'NONE', #6681, 1000.000000000000000 ) ;
#1373 = ORIENTED_EDGE ( 'NONE', *, *, #3506, .F. ) ;
#1374 = AXIS2_PLACEMENT_3D ( 'NONE', #3897, #8772, #10597 ) ;
#1375 = EDGE_LOOP ( 'NONE', ( #1191, #6874, #6498, #8593 ) ) ;
#1376 = AXIS2_PLACEMENT_3D ( 'NONE', #3710, #2817, #6373 ) ;
#1377 = EDGE_CURVE ( 'NONE', #11331, #1930, #4211, .T. ) ;
#1378 = CIRCLE ( 'NONE', #6758, 2.499999999999946709 ) ;
#1379 = DIRECTION ( 'NONE',  ( 1.000000000000000000, 0.000000000000000000, -1.486905836551548832E-16 ) ) ;
#1380 = CARTESIAN_POINT ( 'NONE',  ( -28.29195979413055539, 9.891707877805611560, 19.99999999999983302 ) ) ;
#1381 = VERTEX_POINT ( 'NONE', #841 ) ;
#1382 = LINE ( 'NONE', #6676, #372 ) ;
#1383 = DIRECTION ( 'NONE',  ( -1.000000000000000000, 0.000000000000000000, 1.652117596168388002E-16 ) ) ;
#1384 = AXIS2_PLACEMENT_3D ( 'NONE', #31, #4507, #83 ) ;
#1385 = LINE ( 'NONE', #2420, #11270 ) ;
#1386 = ORIENTED_EDGE ( 'NONE', *, *, #4685, .T. ) ;
#1387 = CARTESIAN_POINT ( 'NONE',  ( -35.91468306713578329, 59.94177598416551689, 20.96378511060304106 ) ) ;
#1388 = CARTESIAN_POINT ( 'NONE',  ( -21.03424050369337550, 9.600043746791298460, -21.00000000000000000 ) ) ;
#1389 = CARTESIAN_POINT ( 'NONE',  ( -46.00000000000000000, 101.0000000000000000, -17.00000000000001421 ) ) ;
#1390 = VERTEX_POINT ( 'NONE', #25 ) ;
#1391 = ORIENTED_EDGE ( 'NONE', *, *, #9051, .F. ) ;
#1392 = AXIS2_PLACEMENT_3D ( 'NONE', #6425, #869, #2542 ) ;
#1393 = VERTEX_POINT ( 'NONE', #9651 ) ;
#1394 = DIRECTION ( 'NONE',  ( 0.000000000000000000, -6.938893903907223447E-16, -1.000000000000000000 ) ) ;
#1395 = CARTESIAN_POINT ( 'NONE',  ( -33.03137084989843686, 110.4999999999999858, 5.870489195380307290E-15 ) ) ;
#1396 = CARTESIAN_POINT ( 'NONE',  ( -20.99999999999998224, 49.70306154330096859, 7.500000000000002665 ) ) ;
#1397 = VECTOR ( 'NONE', #2997, 1000.000000000000000 ) ;
#1398 = CARTESIAN_POINT ( 'NONE',  ( 0.000000000000000000, -3.500000000000000000, 21.00000000000000000 ) ) ;
#1399 = DIRECTION ( 'NONE',  ( -0.4383711467890783475, -0.8987940462991667046, 0.000000000000000000 ) ) ;
#1400 = AXIS2_PLACEMENT_3D ( 'NONE', #7169, #1488, #6946 ) ;
#1401 = LINE ( 'NONE', #3908, #2001 ) ;
#1402 = CONICAL_SURFACE ( 'NONE', #11279, 9.028718707889641593, 1.308996938995754089 ) ;
#1403 = CARTESIAN_POINT ( 'NONE',  ( -24.00000000000002487, 41.70306154330087622, -47.00000000000000000 ) ) ;
#1404 = EDGE_CURVE ( 'NONE', #10640, #1855, #4270, .T. ) ;
#1405 = ADVANCED_FACE ( 'NONE', ( #11511 ), #8754, .F. ) ;
#1406 = ORIENTED_EDGE ( 'NONE', *, *, #8294, .T. ) ;
#1407 = VECTOR ( 'NONE', #1044, 999.9999999999998863 ) ;
#1408 = CARTESIAN_POINT ( 'NONE',  ( -17.40147415945252618, -1.885153006177739510, 26.00000000000001776 ) ) ;
#1409 = ORIENTED_EDGE ( 'NONE', *, *, #9710, .F. ) ;
#1410 = VECTOR ( 'NONE', #3063, 1000.000000000000114 ) ;
#1411 = ORIENTED_EDGE ( 'NONE', *, *, #8789, .F. ) ;
#1412 = LINE ( 'NONE', #5791, #9174 ) ;
#1413 = FACE_BOUND ( 'NONE', #11461, .T. ) ;
#1414 = DIRECTION ( 'NONE',  ( -0.000000000000000000, 1.000000000000000000, 0.000000000000000000 ) ) ;
#1415 = DIRECTION ( 'NONE',  ( 1.652117596168388002E-16, 3.387343054164790142E-16, 1.000000000000000000 ) ) ;
#1416 = ORIENTED_EDGE ( 'NONE', *, *, #8864, .T. ) ;
#1417 = DIRECTION ( 'NONE',  ( 0.000000000000000000, 1.000000000000000000, 0.000000000000000000 ) ) ;
#1418 = LINE ( 'NONE', #11217, #5673 ) ;
#1419 = AXIS2_PLACEMENT_3D ( 'NONE', #4967, #4088, #7639 ) ;
#1420 = EDGE_CURVE ( 'NONE', #10127, #9851, #11039, .T. ) ;
#1421 = ORIENTED_EDGE ( 'NONE', *, *, #2870, .T. ) ;
#1422 = VECTOR ( 'NONE', #2327, 1000.000000000000000 ) ;
#1423 = LINE ( 'NONE', #9297, #8833 ) ;
#1424 = CARTESIAN_POINT ( 'NONE',  ( 11.30344132665920043, 0.000000000000000000, 21.00456467141638939 ) ) ;
#1425 = ORIENTED_EDGE ( 'NONE', *, *, #7125, .T. ) ;
#1426 = VECTOR ( 'NONE', #629, 1000.000000000000000 ) ;
#1428 = DIRECTION ( 'NONE',  ( -0.000000000000000000, -0.000000000000000000, -1.000000000000000000 ) ) ;
#1427 = PLANE ( 'NONE',  #8270 ) ;
#1429 = VECTOR ( 'NONE', #1340, 1000.000000000000000 ) ;
#1430 = CARTESIAN_POINT ( 'NONE',  ( -20.99999999999999289, 22.99999999999999289, 1.000000000000000888 ) ) ;
#1431 = CARTESIAN_POINT ( 'NONE',  ( -23.99999999999998934, 100.9999999999999858, 21.00000000000000000 ) ) ;
#1432 = ORIENTED_EDGE ( 'NONE', *, *, #41, .F. ) ;
#1433 = AXIS2_PLACEMENT_3D ( 'NONE', #8929, #1118, #8977 ) ;
#1434 = DIRECTION ( 'NONE',  ( 0.9205048534524231663, 1.516308670200274058E-15, 0.3907311284893140169 ) ) ;
#1435 = CIRCLE ( 'NONE', #3841, 1.600000000000000755 ) ;
#1436 = ADVANCED_FACE ( 'NONE', ( #667 ), #5273, .T. ) ;
#1437 = ORIENTED_EDGE ( 'NONE', *, *, #1442, .F. ) ;
#1438 = EDGE_CURVE ( 'NONE', #1662, #5130, #6019, .T. ) ;
#1439 = EDGE_LOOP ( 'NONE', ( #1831, #7678, #8372, #9915 ) ) ;
#1440 = DIRECTION ( 'NONE',  ( 0.7071067811865505703, -0.7071067811865444641, 0.000000000000000000 ) ) ;
#1441 = CARTESIAN_POINT ( 'NONE',  ( -23.99999999999998224, 88.61736382251127964, 18.50000000000003197 ) ) ;
#1442 = EDGE_CURVE ( 'NONE', #6, #1015, #787, .T. ) ;
#1443 = EDGE_LOOP ( 'NONE', ( #6753, #1484, #10410, #330 ) ) ;
#1444 = DIRECTION ( 'NONE',  ( -1.000000000000000000, 0.000000000000000000, 0.000000000000000000 ) ) ;
#1445 = DIRECTION ( 'NONE',  ( 0.7071067811865473507, 1.362927481496331581E-16, -0.7071067811865477948 ) ) ;
#1446 = CARTESIAN_POINT ( 'NONE',  ( -23.99999999999998579, 23.50306154330088759, 14.00000000000000178 ) ) ;
#1447 = CARTESIAN_POINT ( 'NONE',  ( -22.32135373153706581, 1.009090959908819363, 23.36203949542020197 ) ) ;
#1448 = PLANE ( 'NONE',  #7903 ) ;
#1449 = CARTESIAN_POINT ( 'NONE',  ( -23.99999999999998579, 84.69013533309194486, 2.497661816008019287 ) ) ;
#1450 = VECTOR ( 'NONE', #2043, 1000.000000000000000 ) ;
#1451 = ORIENTED_EDGE ( 'NONE', *, *, #595, .F. ) ;
#1452 = EDGE_CURVE ( 'NONE', #8104, #6639, #7826, .T. ) ;
#1453 = ADVANCED_FACE ( 'NONE', ( #137 ), #2847, .F. ) ;
#1454 = ORIENTED_EDGE ( 'NONE', *, *, #624, .T. ) ;
#1455 = CIRCLE ( 'NONE', #10019, 35.00000000000000000 ) ;
#1456 = ADVANCED_FACE ( 'NONE', ( #3791 ), #8167, .F. ) ;
#1457 = VERTEX_POINT ( 'NONE', #8111 ) ;
#1458 = DIRECTION ( 'NONE',  ( -0.7071067811865474617, -0.7071067811865474617, 0.000000000000000000 ) ) ;
#1459 = CIRCLE ( 'NONE', #7978, 21.00000000000000355 ) ;
#1460 = CARTESIAN_POINT ( 'NONE',  ( -20.10042091740903913, 6.999999999999833022, 25.53553390593271644 ) ) ;
#1461 = DIRECTION ( 'NONE',  ( 0.000000000000000000, 0.000000000000000000, 1.000000000000000000 ) ) ;
#1462 = LINE ( 'NONE', #11144, #7456 ) ;
#1463 = VECTOR ( 'NONE', #1434, 1000.000000000000227 ) ;
#1464 = CARTESIAN_POINT ( 'NONE',  ( -30.02871870788960962, 22.99999999999999289, -11.99999999999999645 ) ) ;
#1465 = DIRECTION ( 'NONE',  ( -4.290341195610180999E-17, -0.9931720082105803815, -0.1166591706937893796 ) ) ;
#1466 = DIRECTION ( 'NONE',  ( 1.000000000000000000, 0.000000000000000000, 0.000000000000000000 ) ) ;
#1467 = ORIENTED_EDGE ( 'NONE', *, *, #1368, .T. ) ;
#1468 = AXIS2_PLACEMENT_3D ( 'NONE', #11528, #7962, #1544 ) ;
#1469 = ORIENTED_EDGE ( 'NONE', *, *, #2961, .T. ) ;
#1470 = ORIENTED_EDGE ( 'NONE', *, *, #3712, .T. ) ;
#1471 = CARTESIAN_POINT ( 'NONE',  ( -27.56135765566532925, 16.79787558810386727, -11.99999999999999645 ) ) ;
#1472 = CARTESIAN_POINT ( 'NONE',  ( -22.01822538210326741, 8.321286925404237422, -15.52313360465146452 ) ) ;
#1473 = DIRECTION ( 'NONE',  ( 0.000000000000000000, -0.000000000000000000, 1.000000000000000000 ) ) ;
#1474 = CARTESIAN_POINT ( 'NONE',  ( -33.03137084989843686, 91.50000000000000000, 1.843629150101549374 ) ) ;
#1475 = LINE ( 'NONE', #4033, #1903 ) ;
#1476 = VERTEX_POINT ( 'NONE', #1123 ) ;
#1477 = DIRECTION ( 'NONE',  ( 0.000000000000000000, 0.000000000000000000, -1.000000000000000000 ) ) ;
#1478 = CARTESIAN_POINT ( 'NONE',  ( -22.60000000000000853, 34.17412935516637162, -1.000000000000000888 ) ) ;
#1479 = VECTOR ( 'NONE', #11100, 1000.000000000000114 ) ;
#1480 = ORIENTED_EDGE ( 'NONE', *, *, #6070, .T. ) ;
#1481 =( BOUNDED_SURFACE ( )  B_SPLINE_SURFACE ( 3, 2, ( 
 ( #6771, #1483, #4858 ),
 ( #2992, #10285, #5921 ),
 ( #3925, #5804, #10343 ),
 ( #8412, #4039, #1424 ),
 ( #6538, #9298, #9416 ),
 ( #5753, #3982, #1359 ),
 ( #6596, #7535, #10119 ),
 ( #5039, #11046, #2346 ),
 ( #8580, #5690, #9241 ),
 ( #613, #1249, #377 ) ),
 .UNSPECIFIED., .F., .F., .F. ) 
 B_SPLINE_SURFACE_WITH_KNOTS ( ( 4, 2, 2, 2, 4 ),
 ( 3, 3 ),
 ( 0.006113825461789010492, 0.006518446430849178172, 0.006923067399909346720, 0.007327688368969514400, 0.007732309338029682080 ),
 ( 0.3126987739667781430, 1.000000000000000000 ),
 .UNSPECIFIED. ) 
 GEOMETRIC_REPRESENTATION_ITEM ( )  RATIONAL_B_SPLINE_SURFACE ( (
 ( 0.8741038035259458550, 0.7986941316126974222, 1.000000000000000000),
 ( 0.8765066448974804247, 0.8025362339354107366, 1.000000000000000000),
 ( 0.8786876662354767831, 0.8060236498122445026, 1.000000000000000000),
 ( 0.8817825142494669644, 0.8109722589396965997, 1.000000000000000000),
 ( 0.8826681385364278931, 0.8123883570518288799, 1.000000000000000000),
 ( 0.8826662152982789333, 0.8123852818268693099, 1.000000000000000000),
 ( 0.8817791054993033839, 0.8109668084063917926, 1.000000000000000000),
 ( 0.8786853644375636208, 0.8060199692766860657, 1.000000000000000000),
 ( 0.8765065783774750319, 0.8025361275710578557, 1.000000000000000000),
 ( 0.8741038035259454109, 0.7986941316126967561, 1.000000000000000000) ) ) 
 REPRESENTATION_ITEM ( '' )  SURFACE ( )  );
#1482 = CARTESIAN_POINT ( 'NONE',  ( -24.00000000000000000, 28.50306154330090536, 5.500000000000002665 ) ) ;
#1483 = CARTESIAN_POINT ( 'NONE',  ( 10.76992757980552895, 0.000000000000000000, 23.12970608451341548 ) ) ;
#1484 = ORIENTED_EDGE ( 'NONE', *, *, #10919, .F. ) ;
#1485 = VECTOR ( 'NONE', #748, 1000.000000000000000 ) ;
#1486 = PRODUCT ( 'Upperarm up - \X2\80548f745668\X0\D32d8\X2\7248672c\X0\', 'Upperarm up - \X2\80548f745668\X0\D32d8\X2\7248672c\X0\', '', ( #8508 ) ) ;
#1488 = DIRECTION ( 'NONE',  ( -0.000000000000000000, -0.000000000000000000, -1.000000000000000000 ) ) ;
#1487 = DIRECTION ( 'NONE',  ( -0.7071067811865495711, -0.7071067811865454633, 0.000000000000000000 ) ) ;
#1489 = ORIENTED_EDGE ( 'NONE', *, *, #5385, .F. ) ;
#1490 = EDGE_CURVE ( 'NONE', #4176, #456, #7225, .T. ) ;
#1491 = CONICAL_SURFACE ( 'NONE', #8005, 13.99999999999995737, 0.7853981633974574939 ) ;
#1492 = FACE_OUTER_BOUND ( 'NONE', #4205, .T. ) ;
#1493 = EDGE_LOOP ( 'NONE', ( #1206, #4485, #2018, #8060 ) ) ;
#1494 = DIRECTION ( 'NONE',  ( -0.7071067811865525687, -1.362927481496321720E-16, 0.7071067811865424657 ) ) ;
#1495 = VERTEX_POINT ( 'NONE', #9151 ) ;
#1496 = CARTESIAN_POINT ( 'NONE',  ( -24.96396103067888106, 11.26702257397983331, -8.399177871200938839 ) ) ;
#1497 = FACE_OUTER_BOUND ( 'NONE', #9668, .T. ) ;
#1498 = EDGE_CURVE ( 'NONE', #10130, #1536, #9982, .T. ) ;
#1499 = ORIENTED_EDGE ( 'NONE', *, *, #9874, .T. ) ;
#1500 = CARTESIAN_POINT ( 'NONE',  ( -24.12873080214071919, 84.69535989887043570, 2.531778508766217684 ) ) ;
#1501 = DIRECTION ( 'NONE',  ( -0.000000000000000000, 1.000000000000000000, 0.000000000000000000 ) ) ;
#1502 = LINE ( 'NONE', #353, #906 ) ;
#1503 = DIRECTION ( 'NONE',  ( 1.000000000000000000, 0.000000000000000000, 0.000000000000000000 ) ) ;
#1504 = CARTESIAN_POINT ( 'NONE',  ( -21.70709913155204873, 0.9999999999999453770, 23.92885569261722623 ) ) ;
#1505 = EDGE_CURVE ( 'NONE', #7207, #7487, #8604, .T. ) ;
#1506 = CARTESIAN_POINT ( 'NONE',  ( 8.867482676658271501, -42.00000000000000000, 24.50000000000000000 ) ) ;
#1507 = CARTESIAN_POINT ( 'NONE',  ( -23.99999999999998934, 81.96392917305828973, -10.67431855784156447 ) ) ;
#1508 = CARTESIAN_POINT ( 'NONE',  ( -22.01204912305427541, 8.329379647026089017, -3.978987221885572190 ) ) ;
#1509 = ORIENTED_EDGE ( 'NONE', *, *, #6041, .F. ) ;
#1510 = ORIENTED_EDGE ( 'NONE', *, *, #600, .F. ) ;
#1511 = EDGE_LOOP ( 'NONE', ( #3243, #4403, #10328, #5322 ) ) ;
#1512 = VECTOR ( 'NONE', #7320, 1000.000000000000000 ) ;
#1513 = LINE ( 'NONE', #10321, #1973 ) ;
#1514 = EDGE_CURVE ( 'NONE', #4735, #7680, #3584, .T. ) ;
#1515 = PLANE ( 'NONE',  #2619 ) ;
#1516 = EDGE_CURVE ( 'NONE', #8088, #6529, #4609, .T. ) ;
#1517 = CARTESIAN_POINT ( 'NONE',  ( -32.49999999999998579, 110.4999999999999858, 2.375000000000003997 ) ) ;
#1518 = DIRECTION ( 'NONE',  ( -0.000000000000000000, -0.000000000000000000, 1.000000000000000000 ) ) ;
#1519 = VECTOR ( 'NONE', #10991, 1000.000000000000000 ) ;
#1520 = EDGE_CURVE ( 'NONE', #8210, #922, #9551, .T. ) ;
#1521 = VERTEX_POINT ( 'NONE', #6465 ) ;
#1522 = ORIENTED_EDGE ( 'NONE', *, *, #2015, .F. ) ;
#1523 = CARTESIAN_POINT ( 'NONE',  ( -35.99999999999999289, 22.99999999999999289, 9.100000000000003197 ) ) ;
#1524 = CARTESIAN_POINT ( 'NONE',  ( -10.18507242019446402, 0.000000000000000000, 21.00000000000000000 ) ) ;
#1525 = DIRECTION ( 'NONE',  ( -1.652117596168388002E-16, 0.000000000000000000, -1.000000000000000000 ) ) ;
#1526 = EDGE_CURVE ( 'NONE', #4720, #3367, #6928, .T. ) ;
#1527 = CARTESIAN_POINT ( 'NONE',  ( -18.18286503511650665, -0.8322971581544241770, 25.89155977049067303 ) ) ;
#1528 = DIRECTION ( 'NONE',  ( 0.000000000000000000, -1.000000000000000000, 0.000000000000000000 ) ) ;
#1529 = ORIENTED_EDGE ( 'NONE', *, *, #6409, .F. ) ;
#1530 = DIRECTION ( 'NONE',  ( 1.000000000000000000, -0.000000000000000000, -1.652117596168387756E-16 ) ) ;
#1531 = ORIENTED_EDGE ( 'NONE', *, *, #5317, .T. ) ;
#1532 = CIRCLE ( 'NONE', #8050, 9.028718707889641593 ) ;
#1533 = EDGE_CURVE ( 'NONE', #4715, #8458, #4660, .T. ) ;
#1534 = CARTESIAN_POINT ( 'NONE',  ( -32.96862915010149919, 89.25000000000000000, 1.906370849898483710 ) ) ;
#1535 = DIRECTION ( 'NONE',  ( 1.652117596168388002E-16, 3.387343054164790142E-16, 1.000000000000000000 ) ) ;
#1536 = VERTEX_POINT ( 'NONE', #5495 ) ;
#1538 = CARTESIAN_POINT ( 'NONE',  ( -1.000000000000000888, 51.31596721165375641, -21.00000000000000000 ) ) ;
#1537 = CARTESIAN_POINT ( 'NONE',  ( 17.56992757980552611, 0.000000000000000000, 21.00000000000000000 ) ) ;
#1539 = CONICAL_SURFACE ( 'NONE', #5076, 25.74999999999997158, 0.7853981633974482790 ) ;
#1540 = VECTOR ( 'NONE', #11312, 1000.000000000000000 ) ;
#1541 = CARTESIAN_POINT ( 'NONE',  ( -23.99999999999997158, 10.30306154330093094, -4.423427616617243707 ) ) ;
#1542 = DIRECTION ( 'NONE',  ( 0.000000000000000000, 0.000000000000000000, 1.000000000000000000 ) ) ;
#1543 = AXIS2_PLACEMENT_3D ( 'NONE', #6531, #10109, #5678 ) ;
#1544 = DIRECTION ( 'NONE',  ( 1.000000000000000000, 0.000000000000000000, 0.000000000000000000 ) ) ;
#1545 = EDGE_CURVE ( 'NONE', #7275, #7717, #3031, .T. ) ;
#1546 = ADVANCED_FACE ( 'NONE', ( #241 ), #1173, .T. ) ;
#1547 = ADVANCED_FACE ( 'NONE', ( #2684 ), #5387, .T. ) ;
#1548 = VECTOR ( 'NONE', #308, 1000.000000000000114 ) ;
#1549 = CARTESIAN_POINT ( 'NONE',  ( -11.26146079506075637, -1.750000000000002442, 24.50000000000000000 ) ) ;
#1550 = CARTESIAN_POINT ( 'NONE',  ( -32.45779162047082167, 66.65895734927150329, -3.900000000000000799 ) ) ;
#1551 = DIRECTION ( 'NONE',  ( 0.000000000000000000, 0.000000000000000000, 1.000000000000000000 ) ) ;
#1552 = DIRECTION ( 'NONE',  ( -1.000000000000000000, 0.000000000000000000, 1.652117596168388002E-16 ) ) ;
#1553 = ORIENTED_EDGE ( 'NONE', *, *, #10011, .T. ) ;
#1554 = DIRECTION ( 'NONE',  ( -0.000000000000000000, -0.000000000000000000, -1.000000000000000000 ) ) ;
#1555 = CARTESIAN_POINT ( 'NONE',  ( -25.33626004114814023, 11.63932158444908360, -4.663401620000930947 ) ) ;
#1556 = FACE_OUTER_BOUND ( 'NONE', #5034, .T. ) ;
#1557 = ORIENTED_EDGE ( 'NONE', *, *, #9863, .F. ) ;
#1558 = DIRECTION ( 'NONE',  ( -1.652117596168388002E-16, -3.387343054164789649E-16, -1.000000000000000000 ) ) ;
#1559 = CARTESIAN_POINT ( 'NONE',  ( -27.65042968390424960, 0.8978298603682712820, 20.08303979511324044 ) ) ;
#1560 = FACE_OUTER_BOUND ( 'NONE', #6238, .T. ) ;
#1561 = LINE ( 'NONE', #8606, #1904 ) ;
#1562 = CARTESIAN_POINT ( 'NONE',  ( 20.00000000000003197, 0.000000000000000000, -16.21920158330861028 ) ) ;
#1563 = ORIENTED_EDGE ( 'NONE', *, *, #9129, .T. ) ;
#1564 = EDGE_LOOP ( 'NONE', ( #8034, #1721, #8972, #2607 ) ) ;
#1565 = AXIS2_PLACEMENT_3D ( 'NONE', #2081, #1213, #4766 ) ;
#1566 = VECTOR ( 'NONE', #1362, 1000.000000000000000 ) ;
#1567 = ORIENTED_EDGE ( 'NONE', *, *, #3293, .T. ) ;
#1568 = EDGE_LOOP ( 'NONE', ( #8180, #10306, #5505, #856 ) ) ;
#1569 = VECTOR ( 'NONE', #11454, 1000.000000000000000 ) ;
#1570 = CARTESIAN_POINT ( 'NONE',  ( -21.74732162115795475, 8.163926359816642275, 9.061029445681006322 ) ) ;
#1571 = EDGE_CURVE ( 'NONE', #9375, #1729, #4903, .T. ) ;
#1572 = DIRECTION ( 'NONE',  ( 4.290341195610181615E-17, 0.9931720082105804925, -0.1166591706937890466 ) ) ;
#1573 = DIRECTION ( 'NONE',  ( 0.000000000000000000, 0.000000000000000000, -1.000000000000000000 ) ) ;
#1574 = LINE ( 'NONE', #6866, #7550 ) ;
#1575 = DIRECTION ( 'NONE',  ( -1.000000000000000000, 0.000000000000000000, 0.000000000000000000 ) ) ;
#1576 = CYLINDRICAL_SURFACE ( 'NONE', #10187, 5.000000000000000888 ) ;
#1577 = VERTEX_POINT ( 'NONE', #4499 ) ;
#1578 = AXIS2_PLACEMENT_3D ( 'NONE', #7914, #9680, #1138 ) ;
#1579 = ORIENTED_EDGE ( 'NONE', *, *, #288, .F. ) ;
#1580 = EDGE_CURVE ( 'NONE', #8346, #5050, #4529, .T. ) ;
#1581 = LINE ( 'NONE', #8746, #688 ) ;
#1582 = ADVANCED_FACE ( 'NONE', ( #4558 ), #6351, .F. ) ;
#1583 = ORIENTED_EDGE ( 'NONE', *, *, #9922, .F. ) ;
#1584 = ORIENTED_EDGE ( 'NONE', *, *, #1252, .F. ) ;
#1585 = LINE ( 'NONE', #5147, #6813 ) ;
#1586 = CARTESIAN_POINT ( 'NONE',  ( -20.96452854641666264, 0.9999999999999462652, 24.67142627692507872 ) ) ;
#1587 = CIRCLE ( 'NONE', #2700, 1.600000000000000089 ) ;
#1588 = DIRECTION ( 'NONE',  ( 1.734723475976807489E-15, -1.000000000000000000, 0.000000000000000000 ) ) ;
#1589 = CARTESIAN_POINT ( 'NONE',  ( -18.45954659495875205, -0.5978757832619449042, 25.78488990676409642 ) ) ;
#1590 = DIRECTION ( 'NONE',  ( -1.000000000000000000, -0.000000000000000000, -0.000000000000000000 ) ) ;
#1591 = ORIENTED_EDGE ( 'NONE', *, *, #1505, .F. ) ;
#1592 = DIRECTION ( 'NONE',  ( -0.7071067811865451302, -0.7071067811865499042, 0.000000000000000000 ) ) ;
#1593 = ORIENTED_EDGE ( 'NONE', *, *, #3379, .F. ) ;
#1594 = TOROIDAL_SURFACE ( 'NONE', #864, 2.975000000000005418, 1.600000000000000089 ) ;
#1595 = ADVANCED_FACE ( 'NONE', ( #9337 ), #3141, .F. ) ;
#1596 = ADVANCED_FACE ( 'NONE', ( #3906 ), #426, .F. ) ;
#1597 = EDGE_CURVE ( 'NONE', #2401, #6316, #99, .T. ) ;
#1598 = DIRECTION ( 'NONE',  ( -0.7071067811865474617, -0.7071067811865474617, 0.000000000000000000 ) ) ;
#1599 = CYLINDRICAL_SURFACE ( 'NONE', #2454, 1.374999999999997113 ) ;
#1600 = ORIENTED_EDGE ( 'NONE', *, *, #1404, .T. ) ;
#1602 = DIRECTION ( 'NONE',  ( -0.000000000000000000, -0.000000000000000000, 1.000000000000000000 ) ) ;
#1601 = DIRECTION ( 'NONE',  ( 1.000000000000000000, 0.000000000000000000, 0.000000000000000000 ) ) ;
#1603 = CARTESIAN_POINT ( 'NONE',  ( -1.000000000000000888, 51.31596721165375641, -20.99999999999998224 ) ) ;
#1604 = ORIENTED_EDGE ( 'NONE', *, *, #7134, .T. ) ;
#1605 = FACE_OUTER_BOUND ( 'NONE', #6987, .T. ) ;
#1606 = EDGE_CURVE ( 'NONE', #5361, #800, #2973, .T. ) ;
#1607 = DIRECTION ( 'NONE',  ( -0.000000000000000000, -0.000000000000000000, -1.000000000000000000 ) ) ;
#1608 = CIRCLE ( 'NONE', #7748, 9.028718707889613171 ) ;
#1609 = AXIS2_PLACEMENT_3D ( 'NONE', #8216, #3846, #2841 ) ;
#1610 = CARTESIAN_POINT ( 'NONE',  ( -42.39999999999999147, 112.7499999999999858, -1.374999999999990896 ) ) ;
#1611 = DIRECTION ( 'NONE',  ( -1.652117596168387756E-16, 0.000000000000000000, -1.000000000000000000 ) ) ;
#1612 = ORIENTED_EDGE ( 'NONE', *, *, #5903, .T. ) ;
#1613 = VERTEX_POINT ( 'NONE', #9217 ) ;
#1614 = DIRECTION ( 'NONE',  ( 1.734723475976807489E-15, -1.000000000000000000, 0.000000000000000000 ) ) ;
#1615 = CARTESIAN_POINT ( 'NONE',  ( -23.99999999999998224, 82.94838732530588743, -4.085076095979693456 ) ) ;
#1616 = ORIENTED_EDGE ( 'NONE', *, *, #11190, .T. ) ;
#1617 = LINE ( 'NONE', #810, #7531 ) ;
#1618 = DIRECTION ( 'NONE',  ( 0.000000000000000000, -1.000000000000000000, 0.000000000000000000 ) ) ;
#1619 = ADVANCED_FACE ( 'NONE', ( #10323 ), #6633, .F. ) ;
#1620 = DIRECTION ( 'NONE',  ( 1.000000000000000000, 0.000000000000000000, 0.000000000000000000 ) ) ;
#1621 = ORIENTED_EDGE ( 'NONE', *, *, #6941, .T. ) ;
#1622 = DIRECTION ( 'NONE',  ( 0.000000000000000000, 0.000000000000000000, 1.000000000000000000 ) ) ;
#1623 = CARTESIAN_POINT ( 'NONE',  ( -25.75191464100632999, 0.4555954688313097467, 20.48030834373587439 ) ) ;
#1624 = VECTOR ( 'NONE', #431, 1000.000000000000000 ) ;
#1625 = DIRECTION ( 'NONE',  ( 0.000000000000000000, 0.000000000000000000, 1.000000000000000000 ) ) ;
#1626 = CARTESIAN_POINT ( 'NONE',  ( -43.99999999999998579, 88.61736382251127964, 3.900000000000000799 ) ) ;
#1627 = VERTEX_POINT ( 'NONE', #11143 ) ;
#1628 = ORIENTED_EDGE ( 'NONE', *, *, #10399, .T. ) ;
#1629 = VERTEX_POINT ( 'NONE', #8449 ) ;
#1630 = AXIS2_PLACEMENT_3D ( 'NONE', #4402, #6834, #9478 ) ;
#1631 = LINE ( 'NONE', #2434, #9224 ) ;
#1632 = VERTEX_POINT ( 'NONE', #9451 ) ;
#1633 = EDGE_CURVE ( 'NONE', #9517, #4040, #6692, .T. ) ;
#1634 = CARTESIAN_POINT ( 'NONE',  ( -22.61788347936510135, 0.05190118625026995253, 21.92896228712102413 ) ) ;
#1635 = FACE_OUTER_BOUND ( 'NONE', #1882, .T. ) ;
#1636 = AXIS2_PLACEMENT_3D ( 'NONE', #4962, #11146, #10216 ) ;
#1637 = FACE_OUTER_BOUND ( 'NONE', #11102, .T. ) ;
#1638 = CARTESIAN_POINT ( 'NONE',  ( -32.96862915010149919, 110.4999999999999858, 5.860123528755503697E-15 ) ) ;
#1639 = CIRCLE ( 'NONE', #5377, 9.000000000000000000 ) ;
#1640 = ORIENTED_EDGE ( 'NONE', *, *, #239, .F. ) ;
#1641 = AXIS2_PLACEMENT_3D ( 'NONE', #10196, #1554, #11068 ) ;
#1642 = DIRECTION ( 'NONE',  ( -0.000000000000000000, -0.000000000000000000, -1.000000000000000000 ) ) ;
#1643 = EDGE_LOOP ( 'NONE', ( #7875, #9747, #4147, #7860 ) ) ;
#1644 = VERTEX_POINT ( 'NONE', #9274 ) ;
#1645 = CIRCLE ( 'NONE', #9670, 35.00000000000000000 ) ;
#1646 = CARTESIAN_POINT ( 'NONE',  ( -27.60000000000000853, 34.17412935516636452, 12.00000000000000355 ) ) ;
#1647 = LINE ( 'NONE', #11451, #6930 ) ;
#1648 = CARTESIAN_POINT ( 'NONE',  ( -18.70786782801994619, -0.4292503601022001902, 25.65636855982387843 ) ) ;
#1649 = CARTESIAN_POINT ( 'NONE',  ( 7.090893672577271545, -39.28700319109558592, 26.00000000000001776 ) ) ;
#1650 = EDGE_LOOP ( 'NONE', ( #3205, #7468, #2474, #5195 ) ) ;
#1651 = CARTESIAN_POINT ( 'NONE',  ( -18.63595482334174136, 1.000000000000007327, 27.00000000000003553 ) ) ;
#1652 = AXIS2_PLACEMENT_3D ( 'NONE', #8354, #420, #10174 ) ;
#1653 = VERTEX_POINT ( 'NONE', #8394 ) ;
#1654 = ADVANCED_FACE ( 'NONE', ( #536 ), #5836, .F. ) ;
#1655 = DIRECTION ( 'NONE',  ( 1.734723475976807489E-15, -1.000000000000000000, 0.000000000000000000 ) ) ;
#1656 = CARTESIAN_POINT ( 'NONE',  ( -23.99999999999998934, 78.86271205119403760, -14.99656801966992603 ) ) ;
#1657 = ORIENTED_EDGE ( 'NONE', *, *, #8861, .F. ) ;
#1658 = CARTESIAN_POINT ( 'NONE',  ( -11.91505103631857132, -2.882051505189738183, 24.49999999999999645 ) ) ;
#1659 = CARTESIAN_POINT ( 'NONE',  ( -32.45779162047084299, 66.65895734927147487, -84.74336439883575167 ) ) ;
#1660 = EDGE_CURVE ( 'NONE', #2444, #9130, #7632, .T. ) ;
#1661 = CARTESIAN_POINT ( 'NONE',  ( 16.56992757980552611, 8.000000000000000000, -21.00000000000000000 ) ) ;
#1662 = VERTEX_POINT ( 'NONE', #2323 ) ;
#1663 = AXIS2_PLACEMENT_3D ( 'NONE', #790, #1530, #3518 ) ;
#1664 = EDGE_CURVE ( 'NONE', #4716, #4027, #9573, .T. ) ;
#1665 = EDGE_CURVE ( 'NONE', #4027, #2160, #7511, .T. ) ;
#1666 = DIRECTION ( 'NONE',  ( 1.355252715606884487E-16, 4.336808689942030358E-15, 1.000000000000000000 ) ) ;
#1667 = VECTOR ( 'NONE', #10539, 1000.000000000000000 ) ;
#1668 = VECTOR ( 'NONE', #5484, 1000.000000000000000 ) ;
#1669 = EDGE_CURVE ( 'NONE', #9517, #11174, #3038, .T. ) ;
#1670 = DIRECTION ( 'NONE',  ( -0.000000000000000000, -0.000000000000000000, -1.000000000000000000 ) ) ;
#1671 = FACE_OUTER_BOUND ( 'NONE', #4835, .T. ) ;
#1672 = ORIENTED_EDGE ( 'NONE', *, *, #6549, .T. ) ;
#1673 = CARTESIAN_POINT ( 'NONE',  ( -24.04774182467028254, 87.23627957273178879, -9.099999999999997868 ) ) ;
#1674 = EDGE_LOOP ( 'NONE', ( #5432, #7289, #11488, #10508 ) ) ;
#1675 = ORIENTED_EDGE ( 'NONE', *, *, #103, .T. ) ;
#1676 = LINE ( 'NONE', #8077, #9046 ) ;
#1677 = FACE_OUTER_BOUND ( 'NONE', #10559, .T. ) ;
#1678 = DIRECTION ( 'NONE',  ( -0.9205048534524195025, 0.000000000000000000, 0.3907311284893227876 ) ) ;
#1679 = VERTEX_POINT ( 'NONE', #10970 ) ;
#1680 = DIRECTION ( 'NONE',  ( -1.000000000000000000, 0.000000000000000000, 2.312964634635742957E-16 ) ) ;
#1681 = CARTESIAN_POINT ( 'NONE',  ( -22.60000000000000853, 34.17412935516637162, -47.00000000000000000 ) ) ;
#1682 = EDGE_CURVE ( 'NONE', #3512, #8701, #5016, .T. ) ;
#1683 = CARTESIAN_POINT ( 'NONE',  ( -26.13553390593274273, 30.63859544923362677, 7.500000000000002665 ) ) ;
#1684 = VERTEX_POINT ( 'NONE', #10099 ) ;
#1685 = FACE_OUTER_BOUND ( 'NONE', #1443, .T. ) ;
#1686 = CARTESIAN_POINT ( 'NONE',  ( -21.94685343378662168, 1.001061732300355445, 23.69506183844012526 ) ) ;
#1687 = CARTESIAN_POINT ( 'NONE',  ( -27.60000000000000853, 34.17412935516636452, 7.500000000000002665 ) ) ;
#1688 = CONICAL_SURFACE ( 'NONE', #771, 1.374999999999997113, 0.7853981633974480570 ) ;
#1689 = ORIENTED_EDGE ( 'NONE', *, *, #3568, .T. ) ;
#1690 = ORIENTED_EDGE ( 'NONE', *, *, #2739, .F. ) ;
#1691 = ADVANCED_FACE ( 'NONE', ( #2096 ), #10156, .T. ) ;
#1692 = LINE ( 'NONE', #9633, #9037 ) ;
#1693 = ORIENTED_EDGE ( 'NONE', *, *, #3523, .F. ) ;
#1694 = CARTESIAN_POINT ( 'NONE',  ( -22.60000000000004405, 52.37412935516634604, -47.00000000000000000 ) ) ;
#1695 = DIRECTION ( 'NONE',  ( 0.000000000000000000, 1.000000000000000000, -0.000000000000000000 ) ) ;
#1696 = PLANE ( 'NONE',  #6490 ) ;
#1697 = DIRECTION ( 'NONE',  ( 0.000000000000000000, 1.000000000000000000, -0.000000000000000000 ) ) ;
#1698 = CARTESIAN_POINT ( 'NONE',  ( -32.49999999999998579, 100.9999999999999858, -3.037741699796939088 ) ) ;
#1699 = CIRCLE ( 'NONE', #8199, 9.028718707889650474 ) ;
#1700 = ORIENTED_EDGE ( 'NONE', *, *, #3739, .T. ) ;
#1701 = VECTOR ( 'NONE', #5825, 1000.000000000000114 ) ;
#1702 = EDGE_CURVE ( 'NONE', #1759, #10405, #8335, .T. ) ;
#1703 = DIRECTION ( 'NONE',  ( 0.000000000000000000, 0.000000000000000000, 1.000000000000000000 ) ) ;
#1704 = ORIENTED_EDGE ( 'NONE', *, *, #5349, .F. ) ;
#1705 = EDGE_LOOP ( 'NONE', ( #672, #3642, #5906, #2029, #3277 ) ) ;
#1706 = DIRECTION ( 'NONE',  ( 0.000000000000000000, 0.000000000000000000, 1.000000000000000000 ) ) ;
#1707 = CARTESIAN_POINT ( 'NONE',  ( -20.67446074656979604, 1.000026627475556040, 24.96149407677194887 ) ) ;
#1708 = ORIENTED_EDGE ( 'NONE', *, *, #10385, .F. ) ;
#1709 = VECTOR ( 'NONE', #3187, 1000.000000000000000 ) ;
#1710 = FACE_OUTER_BOUND ( 'NONE', #4342, .T. ) ;
#1711 = LINE ( 'NONE', #9707, #8237 ) ;
#1712 = EDGE_LOOP ( 'NONE', ( #3880, #6884, #1860, #4349 ) ) ;
#1713 = CARTESIAN_POINT ( 'NONE',  ( -44.49999999999998579, 51.28339046910143395, 15.49999999999997158 ) ) ;
#1714 = EDGE_LOOP ( 'NONE', ( #9430, #5683, #1263, #646 ) ) ;
#1715 = DIRECTION ( 'NONE',  ( 0.000000000000000000, 0.000000000000000000, 1.000000000000000000 ) ) ;
#1716 = CARTESIAN_POINT ( 'NONE',  ( -24.17191295084354508, 85.59883396483309070, -18.49859557406432486 ) ) ;
#1717 = ORIENTED_EDGE ( 'NONE', *, *, #2963, .T. ) ;
#1718 = CARTESIAN_POINT ( 'NONE',  ( -36.00000000000000000, 51.31596721165376351, -2.599999999999994760 ) ) ;
#1719 = DIRECTION ( 'NONE',  ( -0.000000000000000000, -0.000000000000000000, -1.000000000000000000 ) ) ;
#1720 = LINE ( 'NONE', #5283, #10947 ) ;
#1721 = ORIENTED_EDGE ( 'NONE', *, *, #1533, .T. ) ;
#1722 = ORIENTED_EDGE ( 'NONE', *, *, #11141, .T. ) ;
#1723 = EDGE_CURVE ( 'NONE', #9674, #6475, #5256, .T. ) ;
#1724 = DIRECTION ( 'NONE',  ( 0.000000000000000000, 0.000000000000000000, 1.000000000000000000 ) ) ;
#1725 = DIRECTION ( 'NONE',  ( 1.000000000000000000, -4.319837007227158624E-17, 0.000000000000000000 ) ) ;
#1726 = AXIS2_PLACEMENT_3D ( 'NONE', #3973, #4849, #551 ) ;
#1727 = EDGE_CURVE ( 'NONE', #2520, #7551, #4712, .T. ) ;
#1728 = CARTESIAN_POINT ( 'NONE',  ( -18.59999999999998366, 17.63098360465878756, -47.00000000000000000 ) ) ;
#1729 = VERTEX_POINT ( 'NONE', #10619 ) ;
#1730 = CARTESIAN_POINT ( 'NONE',  ( 20.33312358293829547, 0.3331235829382643288, -16.33729991213548871 ) ) ;
#1731 = ADVANCED_FACE ( 'NONE', ( #5319 ), #2494, .F. ) ;
#1732 = ORIENTED_EDGE ( 'NONE', *, *, #11292, .F. ) ;
#1733 = ORIENTED_EDGE ( 'NONE', *, *, #11373, .T. ) ;
#1734 = FACE_OUTER_BOUND ( 'NONE', #7234, .T. ) ;
#1735 = FACE_OUTER_BOUND ( 'NONE', #6622, .T. ) ;
#1736 = DIRECTION ( 'NONE',  ( 0.000000000000000000, 0.000000000000000000, -1.000000000000000000 ) ) ;
#1737 = EDGE_LOOP ( 'NONE', ( #2499, #5534, #2589, #9562 ) ) ;
#1738 = DIRECTION ( 'NONE',  ( 0.000000000000000000, 0.000000000000000000, -1.000000000000000000 ) ) ;
#1739 = CARTESIAN_POINT ( 'NONE',  ( -27.60000000000001208, 36.03199373143541351, -5.499999999999998224 ) ) ;
#1740 = DIRECTION ( 'NONE',  ( 0.7071067811865499042, -0.7071067811865451302, 0.000000000000000000 ) ) ;
#1741 = ORIENTED_EDGE ( 'NONE', *, *, #2469, .F. ) ;
#1742 = FACE_OUTER_BOUND ( 'NONE', #8374, .T. ) ;
#1743 = CARTESIAN_POINT ( 'NONE',  ( -26.39749649672464926, 7.854420878599671418, 21.28715890280282608 ) ) ;
#1744 = DIRECTION ( 'NONE',  ( -0.000000000000000000, 0.000000000000000000, -1.000000000000000000 ) ) ;
#1745 = ORIENTED_EDGE ( 'NONE', *, *, #107, .T. ) ;
#1746 = AXIS2_PLACEMENT_3D ( 'NONE', #6360, #9934, #548 ) ;
#1747 = ORIENTED_EDGE ( 'NONE', *, *, #9514, .T. ) ;
#1748 = EDGE_CURVE ( 'NONE', #6529, #8723, #2723, .T. ) ;
#1749 = CARTESIAN_POINT ( 'NONE',  ( -24.48027872284806605, 1.194516742677312005, 21.97029604853416274 ) ) ;
#1750 = CARTESIAN_POINT ( 'NONE',  ( -22.92439153339963909, 8.121045363398170736, 21.60004759202615077 ) ) ;
#1751 = ORIENTED_EDGE ( 'NONE', *, *, #11242, .F. ) ;
#1752 = CARTESIAN_POINT ( 'NONE',  ( -22.60000000000004761, 54.23199373143538793, 12.00000000000000355 ) ) ;
#1753 = DIRECTION ( 'NONE',  ( -0.7071067811865474617, -0.7071067811865474617, 0.000000000000000000 ) ) ;
#1754 = CARTESIAN_POINT ( 'NONE',  ( -0.9999999999999954481, 51.31596721165377062, 12.00000000000000178 ) ) ;
#1755 = DIRECTION ( 'NONE',  ( 0.000000000000000000, 0.000000000000000000, 1.000000000000000000 ) ) ;
#1756 = VECTOR ( 'NONE', #1622, 1000.000000000000000 ) ;
#1757 = ORIENTED_EDGE ( 'NONE', *, *, #8564, .F. ) ;
#1758 = CIRCLE ( 'NONE', #9776, 20.00000000000000000 ) ;
#1759 = VERTEX_POINT ( 'NONE', #6980 ) ;
#1760 = CIRCLE ( 'NONE', #5660, 35.00000000000000000 ) ;
#1761 = ORIENTED_EDGE ( 'NONE', *, *, #888, .F. ) ;
#1762 = DIRECTION ( 'NONE',  ( -0.000000000000000000, -0.000000000000000000, -1.000000000000000000 ) ) ;
#1763 = DIRECTION ( 'NONE',  ( 0.000000000000000000, 0.000000000000000000, 1.000000000000000000 ) ) ;
#1764 = VECTOR ( 'NONE', #615, 1000.000000000000114 ) ;
#1765 = DIRECTION ( 'NONE',  ( -1.000000000000000000, 0.000000000000000000, 0.000000000000000000 ) ) ;
#1766 = CARTESIAN_POINT ( 'NONE',  ( -33.03137084989843686, 91.50000000000000000, 5.870489195380307290E-15 ) ) ;
#1767 = DIRECTION ( 'NONE',  ( -0.000000000000000000, -0.000000000000000000, 1.000000000000000000 ) ) ;
#1768 = ORIENTED_EDGE ( 'NONE', *, *, #4043, .F. ) ;
#1769 = AXIS2_PLACEMENT_3D ( 'NONE', #964, #8010, #2517 ) ;
#1770 = EDGE_CURVE ( 'NONE', #10781, #6194, #9751, .T. ) ;
#1771 = CARTESIAN_POINT ( 'NONE',  ( -19.16336384169046170, 0.6621166806395164528, 26.27519352592587865 ) ) ;
#1772 = EDGE_CURVE ( 'NONE', #8912, #10448, #3793, .T. ) ;
#1773 = VERTEX_POINT ( 'NONE', #11259 ) ;
#1774 = CARTESIAN_POINT ( 'NONE',  ( 16.33729991213546384, 7.666876417061712523, -20.33312358293826350 ) ) ;
#1775 = VECTOR ( 'NONE', #5823, 1000.000000000000000 ) ;
#1776 = DIRECTION ( 'NONE',  ( -1.000000000000000000, 0.000000000000000000, 0.000000000000000000 ) ) ;
#1777 = ORIENTED_EDGE ( 'NONE', *, *, #5008, .T. ) ;
#1778 = FACE_OUTER_BOUND ( 'NONE', #5893, .T. ) ;
#1779 = DIRECTION ( 'NONE',  ( 0.000000000000000000, 0.000000000000000000, 1.000000000000000000 ) ) ;
#1780 = CARTESIAN_POINT ( 'NONE',  ( -21.55394421707360308, 8.083199782916734577, -9.080375445010236746 ) ) ;
#1781 = CARTESIAN_POINT ( 'NONE',  ( -20.99999999999998934, 45.46042085618157103, -11.99999999999999645 ) ) ;
#1782 = EDGE_CURVE ( 'NONE', #4941, #4534, #5135, .T. ) ;
#1783 = CARTESIAN_POINT ( 'NONE',  ( -20.99999999999999645, 6.999999999999971578, -21.00000000000000000 ) ) ;
#1784 = VECTOR ( 'NONE', #2754, 1000.000000000000000 ) ;
#1785 = B_SPLINE_CURVE_WITH_KNOTS ( 'NONE', 3,
 ( #3342, #4161, #10233, #2176 ),
 .UNSPECIFIED., .F., .F.,
 ( 4, 4 ),
 ( 0.000000000000000000, 1.000000000000000000 ),
 .UNSPECIFIED. ) ;
#1786 = DIRECTION ( 'NONE',  ( -1.000000000000000000, -8.260587980841938780E-17, 0.000000000000000000 ) ) ;
#1787 = LINE ( 'NONE', #3298, #7358 ) ;
#1788 = ORIENTED_EDGE ( 'NONE', *, *, #2378, .T. ) ;
#1789 = VECTOR ( 'NONE', #6504, 1000.000000000000000 ) ;
#1790 = CYLINDRICAL_SURFACE ( 'NONE', #10369, 10.00000000000000000 ) ;
#1791 = ORIENTED_EDGE ( 'NONE', *, *, #8431, .T. ) ;
#1792 = DIRECTION ( 'NONE',  ( -0.7071067811865495711, -0.7071067811865454633, 0.000000000000000000 ) ) ;
#1793 = DIRECTION ( 'NONE',  ( 0.000000000000000000, 0.000000000000000000, -1.000000000000000000 ) ) ;
#1794 = DIRECTION ( 'NONE',  ( 0.000000000000000000, 0.000000000000000000, -1.000000000000000000 ) ) ;
#1795 = ORIENTED_EDGE ( 'NONE', *, *, #7728, .F. ) ;
#1796 = CARTESIAN_POINT ( 'NONE',  ( -27.60000000000000853, 34.17412935516636452, 1.000000000000001776 ) ) ;
#1797 = LINE ( 'NONE', #49, #8780 ) ;
#1798 = CARTESIAN_POINT ( 'NONE',  ( -27.60000000000005116, 56.30306154330085633, -47.00000000000000000 ) ) ;
#1799 = ORIENTED_EDGE ( 'NONE', *, *, #2221, .F. ) ;
#1800 = EDGE_CURVE ( 'NONE', #6053, #5922, #6806, .T. ) ;
#1801 = EDGE_LOOP ( 'NONE', ( #4296, #3260, #4440, #2072 ) ) ;
#1802 = VECTOR ( 'NONE', #5960, 1000.000000000000227 ) ;
#1803 = ORIENTED_EDGE ( 'NONE', *, *, #10513, .T. ) ;
#1804 = VERTEX_POINT ( 'NONE', #6864 ) ;
#1805 = EDGE_CURVE ( 'NONE', #7969, #1115, #3783, .T. ) ;
#1806 = CYLINDRICAL_SURFACE ( 'NONE', #8106, 1.000000000000000888 ) ;
#1807 = VECTOR ( 'NONE', #8658, 1000.000000000000000 ) ;
#1808 = CARTESIAN_POINT ( 'NONE',  ( -11.08507242019447148, -5.000000000000002665, 24.50000000000000000 ) ) ;
#1809 = DIRECTION ( 'NONE',  ( -0.000000000000000000, -0.000000000000000000, -1.000000000000000000 ) ) ;
#1810 = DIRECTION ( 'NONE',  ( -8.260587980841938780E-17, -0.000000000000000000, -1.000000000000000000 ) ) ;
#1811 = EDGE_CURVE ( 'NONE', #4988, #7107, #2831, .T. ) ;
#1812 = EDGE_CURVE ( 'NONE', #11075, #3935, #3610, .T. ) ;
#1813 = PLANE ( 'NONE',  #2929 ) ;
#1814 = ADVANCED_FACE ( 'NONE', ( #9804 ), #5536, .F. ) ;
#1815 = VERTEX_POINT ( 'NONE', #8148 ) ;
#1816 = ORIENTED_EDGE ( 'NONE', *, *, #7428, .F. ) ;
#1817 = EDGE_LOOP ( 'NONE', ( #10600, #3826, #496, #7229, #2889 ) ) ;
#1818 = ORIENTED_EDGE ( 'NONE', *, *, #876, .F. ) ;
#1819 = CYLINDRICAL_SURFACE ( 'NONE', #8481, 1.600000000000000755 ) ;
#1820 = AXIS2_PLACEMENT_3D ( 'NONE', #9910, #16, #5431 ) ;
#1821 = CARTESIAN_POINT ( 'NONE',  ( -26.02411907401664592, 79.84994088672972623, -84.74336439883576588 ) ) ;
#1822 = DIRECTION ( 'NONE',  ( 1.000000000000000000, 0.000000000000000000, 0.000000000000000000 ) ) ;
#1823 = DIRECTION ( 'NONE',  ( 0.000000000000000000, 1.000000000000000000, -1.927470528863117569E-16 ) ) ;
#1824 = LINE ( 'NONE', #10687, #4842 ) ;
#1825 = AXIS2_PLACEMENT_3D ( 'NONE', #8066, #4624, #5455 ) ;
#1826 = CARTESIAN_POINT ( 'NONE',  ( -19.64284886039479971, 64.26021268290610067, -13.99999999999999645 ) ) ;
#1827 = CIRCLE ( 'NONE', #9840, 15.00000000000000000 ) ;
#1828 = ORIENTED_EDGE ( 'NONE', *, *, #4429, .T. ) ;
#1829 = VECTOR ( 'NONE', #4676, 1000.000000000000000 ) ;
#1830 = LINE ( 'NONE', #7953, #9783 ) ;
#1831 = ORIENTED_EDGE ( 'NONE', *, *, #10353, .F. ) ;
#1832 = ADVANCED_FACE ( 'NONE', ( #122 ), #3220, .T. ) ;
#1833 = DIRECTION ( 'NONE',  ( 1.734723475976807489E-15, -1.000000000000000000, 0.000000000000000000 ) ) ;
#1834 = LINE ( 'NONE', #1184, #5641 ) ;
#1835 = PLANE ( 'NONE',  #675 ) ;
#1836 = ORIENTED_EDGE ( 'NONE', *, *, #8698, .F. ) ;
#1837 = CARTESIAN_POINT ( 'NONE',  ( -26.13553390593274273, 30.63859544923362677, -5.499999999999999112 ) ) ;
#1838 = VERTEX_POINT ( 'NONE', #2895 ) ;
#1839 = CARTESIAN_POINT ( 'NONE',  ( -34.09999999999998721, 100.9999999999999858, 4.823069572725425064E-15 ) ) ;
#1840 = CIRCLE ( 'NONE', #2761, 5.000000000000000888 ) ;
#1841 = DIRECTION ( 'NONE',  ( 1.000000000000000000, -1.387778780781445478E-15, 0.000000000000000000 ) ) ;
#1842 = EDGE_CURVE ( 'NONE', #11300, #6398, #171, .T. ) ;
#1843 = DIRECTION ( 'NONE',  ( 0.000000000000000000, 1.000000000000000000, -0.000000000000000000 ) ) ;
#1844 = VERTEX_POINT ( 'NONE', #9966 ) ;
#1845 = CYLINDRICAL_SURFACE ( 'NONE', #11493, 5.000000000000000888 ) ;
#1846 = ORIENTED_EDGE ( 'NONE', *, *, #4698, .F. ) ;
#1847 = CARTESIAN_POINT ( 'NONE',  ( -17.85626386623090056, -1.201351014325049649, 25.96979783756380655 ) ) ;
#1848 = CARTESIAN_POINT ( 'NONE',  ( -21.91913331686952660, 8.027567598173048324, 22.34976821615521914 ) ) ;
#1849 = EDGE_LOOP ( 'NONE', ( #10052, #9604, #10592, #2988 ) ) ;
#1850 = EDGE_LOOP ( 'NONE', ( #1690, #3603, #7256, #626, #8656 ) ) ;
#1851 = ORIENTED_EDGE ( 'NONE', *, *, #1452, .T. ) ;
#1852 = EDGE_CURVE ( 'NONE', #6240, #256, #4646, .T. ) ;
#1853 = VERTEX_POINT ( 'NONE', #62 ) ;
#1854 = CARTESIAN_POINT ( 'NONE',  ( -22.48408009546587749, 1.015216228892889649, 23.22916381710748723 ) ) ;
#1855 = VERTEX_POINT ( 'NONE', #1808 ) ;
#1856 = DIRECTION ( 'NONE',  ( 0.000000000000000000, 0.000000000000000000, -1.000000000000000000 ) ) ;
#1857 = FACE_OUTER_BOUND ( 'NONE', #3678, .T. ) ;
#1858 = LINE ( 'NONE', #9027, #7619 ) ;
#1859 = LINE ( 'NONE', #8971, #2559 ) ;
#1860 = ORIENTED_EDGE ( 'NONE', *, *, #8777, .F. ) ;
#1861 = ORIENTED_EDGE ( 'NONE', *, *, #11164, .F. ) ;
#1862 = EDGE_LOOP ( 'NONE', ( #10194, #9387, #4986, #4905 ) ) ;
#1863 = ADVANCED_FACE ( 'NONE', ( #4486 ), #10731, .F. ) ;
#1864 = CARTESIAN_POINT ( 'NONE',  ( -19.64284886039479971, 64.26021268290610067, -7.499999999999999112 ) ) ;
#1865 = CARTESIAN_POINT ( 'NONE',  ( -20.65716699989025784, 77.23230345890713977, -0.9999999999999983347 ) ) ;
#1866 = LINE ( 'NONE', #9039, #5851 ) ;
#1867 = CARTESIAN_POINT ( 'NONE',  ( -28.77809044707268171, 2.295346093869667481, 21.00000000000000000 ) ) ;
#1868 = DIRECTION ( 'NONE',  ( -0.000000000000000000, -0.000000000000000000, -1.000000000000000000 ) ) ;
#1869 = DIRECTION ( 'NONE',  ( 0.7071067811865499042, -0.7071067811865451302, 0.000000000000000000 ) ) ;
#1870 = CARTESIAN_POINT ( 'NONE',  ( 11.56992757980552966, -37.00000000000000000, 27.00000000000000355 ) ) ;
#1871 = ADVANCED_FACE ( 'NONE', ( #2727 ), #5372, .F. ) ;
#1872 = ORIENTED_EDGE ( 'NONE', *, *, #304, .T. ) ;
#1873 = DIRECTION ( 'NONE',  ( -1.000000000000000000, 0.000000000000000000, 1.652117596168387756E-16 ) ) ;
#1875 = VERTEX_POINT ( 'NONE', #3721 ) ;
#1874 = EDGE_CURVE ( 'NONE', #4322, #3564, #7873, .T. ) ;
#1876 = AXIS2_PLACEMENT_3D ( 'NONE', #11435, #5257, #10498 ) ;
#1877 = CARTESIAN_POINT ( 'NONE',  ( -22.94588068729172647, 7.057965016448482842, 22.87641936852119784 ) ) ;
#1878 = CARTESIAN_POINT ( 'NONE',  ( -22.59999999999998366, 17.83199373143543198, -1.000000000000000888 ) ) ;
#1879 = FACE_BOUND ( 'NONE', #4279, .T. ) ;
#1880 = ORIENTED_EDGE ( 'NONE', *, *, #7125, .F. ) ;
#1881 = LINE ( 'NONE', #7241, #7392 ) ;
#1882 = EDGE_LOOP ( 'NONE', ( #1373, #3213, #6720, #10682 ) ) ;
#1883 = LINE ( 'NONE', #9001, #2385 ) ;
#1884 = EDGE_CURVE ( 'NONE', #5050, #286, #10673, .T. ) ;
#1885 = CARTESIAN_POINT ( 'NONE',  ( -30.02871870788963449, 51.31596721165376351, 1.000000000000001776 ) ) ;
#1886 = DIRECTION ( 'NONE',  ( -0.7071067811865452413, -0.7071067811865499042, 0.000000000000000000 ) ) ;
#1887 = CARTESIAN_POINT ( 'NONE',  ( -33.49999999999997158, 100.9999999999999858, -1.899999999999994360 ) ) ;
#1888 = ORIENTED_EDGE ( 'NONE', *, *, #9065, .F. ) ;
#1889 = DIRECTION ( 'NONE',  ( 0.000000000000000000, 0.000000000000000000, 1.000000000000000000 ) ) ;
#1890 = DIRECTION ( 'NONE',  ( 1.652117596168387756E-16, 0.000000000000000000, 1.000000000000000000 ) ) ;
#1891 = CARTESIAN_POINT ( 'NONE',  ( -26.26452026777605298, 12.88515400628443253, 11.36622435014047383 ) ) ;
#1892 = LINE ( 'NONE', #9070, #6654 ) ;
#1893 = DIRECTION ( 'NONE',  ( -0.000000000000000000, -0.000000000000000000, -1.000000000000000000 ) ) ;
#1894 = CARTESIAN_POINT ( 'NONE',  ( -26.56322305583069365, 1.601337602255857417, 21.24701529590169002 ) ) ;
#1895 = ADVANCED_FACE ( 'NONE', ( #7265 ), #10836, .T. ) ;
#1896 = EDGE_CURVE ( 'NONE', #3331, #2824, #7986, .T. ) ;
#1897 = EDGE_LOOP ( 'NONE', ( #346, #5820, #6741, #9997 ) ) ;
#1898 = ORIENTED_EDGE ( 'NONE', *, *, #6276, .F. ) ;
#1899 = ORIENTED_EDGE ( 'NONE', *, *, #2152, .T. ) ;
#1900 = ORIENTED_EDGE ( 'NONE', *, *, #6209, .T. ) ;
#1901 = DIRECTION ( 'NONE',  ( 0.000000000000000000, -1.000000000000000000, 1.927470528863117569E-16 ) ) ;
#1902 = EDGE_LOOP ( 'NONE', ( #3659, #4907, #4773, #8471 ) ) ;
#1903 = VECTOR ( 'NONE', #5031, 1000.000000000000000 ) ;
#1904 = VECTOR ( 'NONE', #2427, 1000.000000000000000 ) ;
#1905 = DIRECTION ( 'NONE',  ( 1.355252715606883008E-16, 0.000000000000000000, 1.000000000000000000 ) ) ;
#1906 = PLANE ( 'NONE',  #5251 ) ;
#1907 = CARTESIAN_POINT ( 'NONE',  ( 20.99999999999999645, 0.9999999999999629186, -16.56992757980552966 ) ) ;
#1908 = CYLINDRICAL_SURFACE ( 'NONE', #10360, 4.242640687119387799 ) ;
#1909 = ORIENTED_EDGE ( 'NONE', *, *, #2726, .T. ) ;
#1910 = EDGE_LOOP ( 'NONE', ( #11137, #11218, #6801, #519, #973, #10049, #3229 ) ) ;
#1911 = VECTOR ( 'NONE', #3562, 1000.000000000000000 ) ;
#1912 = EDGE_CURVE ( 'NONE', #2859, #9114, #6233, .T. ) ;
#1913 = ORIENTED_EDGE ( 'NONE', *, *, #9199, .T. ) ;
#1914 = VERTEX_POINT ( 'NONE', #9860 ) ;
#1915 = DIRECTION ( 'NONE',  ( 5.778133072065997886E-17, -1.000000000000000000, 0.000000000000000000 ) ) ;
#1916 = CARTESIAN_POINT ( 'NONE',  ( -20.99999999999998934, 42.94570223042018142, -11.99999999999999645 ) ) ;
#1917 = DIRECTION ( 'NONE',  ( 0.000000000000000000, 0.000000000000000000, 1.000000000000000000 ) ) ;
#1918 = CARTESIAN_POINT ( 'NONE',  ( -27.60000000000001208, 36.03199373143541351, 1.000000000000001776 ) ) ;
#1919 = CARTESIAN_POINT ( 'NONE',  ( -22.11087063048444890, 0.000000000000000000, 22.11087063048414336 ) ) ;
#1920 = CARTESIAN_POINT ( 'NONE',  ( 16.56992757980552611, 0.000000000000000000, 26.00000000000001776 ) ) ;
#1921 = DIRECTION ( 'NONE',  ( 0.000000000000000000, 0.000000000000000000, 1.000000000000000000 ) ) ;
#1922 = CIRCLE ( 'NONE', #4913, 5.000000000000000888 ) ;
#1923 = EDGE_CURVE ( 'NONE', #7756, #5369, #5423, .T. ) ;
#1924 = ORIENTED_EDGE ( 'NONE', *, *, #4824, .T. ) ;
#1925 = EDGE_CURVE ( 'NONE', #8506, #1838, #4354, .T. ) ;
#1926 = B_SPLINE_CURVE_WITH_KNOTS ( 'NONE', 3,
 ( #6300, #8980, #4445, #8166 ),
 .UNSPECIFIED., .F., .F.,
 ( 4, 4 ),
 ( 0.000000000000000000, 0.001374740175555841078 ),
 .UNSPECIFIED. ) ;
#1927 = CARTESIAN_POINT ( 'NONE',  ( -10.18507242019445869, -1.891469190391891653, 24.10847689947045680 ) ) ;
#1928 = CIRCLE ( 'NONE', #1565, 5.000000000000000888 ) ;
#1929 = DIRECTION ( 'NONE',  ( 1.000000000000000000, 0.000000000000000000, 0.000000000000000000 ) ) ;
#1930 = VERTEX_POINT ( 'NONE', #7497 ) ;
#1931 = AXIS2_PLACEMENT_3D ( 'NONE', #11169, #2289, #4925 ) ;
#1932 = EDGE_CURVE ( 'NONE', #5361, #5408, #437, .T. ) ;
#1933 = DIRECTION ( 'NONE',  ( 4.650794143487090872E-14, -0.7071067811865474617, 0.7071067811865474617 ) ) ;
#1934 = DIRECTION ( 'NONE',  ( 0.000000000000000000, 1.000000000000000000, -0.000000000000000000 ) ) ;
#1935 = CARTESIAN_POINT ( 'NONE',  ( -23.99999999999997158, 10.30306154330093094, 15.07657238338276606 ) ) ;
#1936 = ORIENTED_EDGE ( 'NONE', *, *, #1782, .T. ) ;
#1937 = AXIS2_PLACEMENT_3D ( 'NONE', #6715, #10284, #2284 ) ;
#1938 = CARTESIAN_POINT ( 'NONE',  ( -22.01822538210326741, 8.321286925404237422, 10.47686639534852837 ) ) ;
#1939 = ORIENTED_EDGE ( 'NONE', *, *, #8533, .T. ) ;
#1940 = VERTEX_POINT ( 'NONE', #3127 ) ;
#1941 = CARTESIAN_POINT ( 'NONE',  ( 8.683176233857397008, -3.500000000000000000, 24.50000000000000000 ) ) ;
#1942 = EDGE_CURVE ( 'NONE', #6316, #11227, #3328, .T. ) ;
#1943 = EDGE_CURVE ( 'NONE', #6499, #85, #7617, .T. ) ;
#1944 = ADVANCED_FACE ( 'NONE', ( #11012 ), #7438, .T. ) ;
#1945 = CIRCLE ( 'NONE', #4560, 4.242640687119346055 ) ;
#1946 = CARTESIAN_POINT ( 'NONE',  ( -34.16274169979693909, 110.4999999999999858, 1.375000000000002442 ) ) ;
#1947 = CARTESIAN_POINT ( 'NONE',  ( -32.96862915010149919, 100.9999999999999858, 5.224760629118247574E-15 ) ) ;
#1948 = CARTESIAN_POINT ( 'NONE',  ( -20.99999999999999289, 27.26042085618161082, 12.00000000000000178 ) ) ;
#1949 = CARTESIAN_POINT ( 'NONE',  ( -26.97065927659422258, 14.28331496040744142, 7.909313316002865690 ) ) ;
#1950 = DIRECTION ( 'NONE',  ( 0.9205048534524195025, 0.000000000000000000, 0.3907311284893227876 ) ) ;
#1951 = VECTOR ( 'NONE', #5439, 1000.000000000000114 ) ;
#1952 = CARTESIAN_POINT ( 'NONE',  ( -17.74766032130123250, -1.356498404452211481, 25.98499123478892514 ) ) ;
#1953 = AXIS2_PLACEMENT_3D ( 'NONE', #6016, #3097, #484 ) ;
#1954 = CARTESIAN_POINT ( 'NONE',  ( -22.60000000000004761, 54.23199373143538793, -5.499999999999998224 ) ) ;
#1955 = CARTESIAN_POINT ( 'NONE',  ( -21.51107794550900110, 8.006233537804702038, 22.70394503038319201 ) ) ;
#1956 = ORIENTED_EDGE ( 'NONE', *, *, #9065, .T. ) ;
#1957 = EDGE_LOOP ( 'NONE', ( #7547, #3741, #3193, #9940, #7092, #5359, #8158 ) ) ;
#1958 = AXIS2_PLACEMENT_3D ( 'NONE', #2950, #6503, #8094 ) ;
#1959 = EDGE_LOOP ( 'NONE', ( #2143, #3608, #3444, #5490 ) ) ;
#1960 = CARTESIAN_POINT ( 'NONE',  ( -20.65716699989026139, 77.23230345890713977, -7.499999999999999112 ) ) ;
#1961 = CARTESIAN_POINT ( 'NONE',  ( -22.04692789263377861, 8.025012941737612593, 22.21460169482391223 ) ) ;
#1962 = DIRECTION ( 'NONE',  ( -0.4383711467890783475, -0.8987940462991667046, 0.000000000000000000 ) ) ;
#1963 = CARTESIAN_POINT ( 'NONE',  ( -1.000000000000000000, 51.31596721165375641, -15.59999999999999254 ) ) ;
#1964 = CARTESIAN_POINT ( 'NONE',  ( -43.99999999999998579, 88.61736382251127964, 15.60000000000000320 ) ) ;
#1965 = VECTOR ( 'NONE', #11232, 1000.000000000000114 ) ;
#1966 = CARTESIAN_POINT ( 'NONE',  ( -23.99999999999998934, 83.99999999999998579, 10.39999999999999325 ) ) ;
#1967 = CARTESIAN_POINT ( 'NONE',  ( 16.56992757980552256, 6.999999999999978684, 25.38900250903704503 ) ) ;
#1968 = VERTEX_POINT ( 'NONE', #8381 ) ;
#1969 = CONICAL_SURFACE ( 'NONE', #8486, 14.99999999999999645, 1.308996938995754089 ) ;
#1970 = ORIENTED_EDGE ( 'NONE', *, *, #4477, .F. ) ;
#1971 = ORIENTED_EDGE ( 'NONE', *, *, #9608, .T. ) ;
#1972 = EDGE_LOOP ( 'NONE', ( #8610, #9399, #1563, #57 ) ) ;
#1973 = VECTOR ( 'NONE', #3138, 1000.000000000000000 ) ;
#1974 = ADVANCED_FACE ( 'NONE', ( #9325 ), #3945, .F. ) ;
#1975 = CARTESIAN_POINT ( 'NONE',  ( -24.00000000000002487, 41.70306154330087622, -5.499999999999998224 ) ) ;
#1976 = AXIS2_PLACEMENT_3D ( 'NONE', #6130, #9704, #7942 ) ;
#1977 = DIRECTION ( 'NONE',  ( -0.000000000000000000, -1.000000000000000000, -0.000000000000000000 ) ) ;
#1978 = DIRECTION ( 'NONE',  ( -0.000000000000000000, 0.000000000000000000, -1.000000000000000000 ) ) ;
#1979 = ORIENTED_EDGE ( 'NONE', *, *, #5592, .T. ) ;
#1980 = CARTESIAN_POINT ( 'NONE',  ( 15.49999999999999822, 0.000000000000000000, 15.50000000000000178 ) ) ;
#1981 = DIRECTION ( 'NONE',  ( -0.7071067811865474617, -0.7071067811865474617, 0.000000000000000000 ) ) ;
#1982 = CARTESIAN_POINT ( 'NONE',  ( -21.74732162115794765, 8.163926359816642275, 2.561029445681000993 ) ) ;
#1983 = CARTESIAN_POINT ( 'NONE',  ( -19.37464710666339585, 0.7300088491617376940, 26.13589996277179850 ) ) ;
#1984 = VERTEX_POINT ( 'NONE', #9198 ) ;
#1985 = AXIS2_PLACEMENT_3D ( 'NONE', #3932, #7478, #4929 ) ;
#1986 = CARTESIAN_POINT ( 'NONE',  ( -9.682332263484854096, -1.779110378048786689, 24.05223063768588787 ) ) ;
#1987 = ORIENTED_EDGE ( 'NONE', *, *, #10254, .F. ) ;
#1988 = CARTESIAN_POINT ( 'NONE',  ( -33.03137084989845107, 100.9999999999999858, 2.368629150101537739 ) ) ;
#1989 = ORIENTED_EDGE ( 'NONE', *, *, #4331, .F. ) ;
#1990 = EDGE_CURVE ( 'NONE', #11386, #2986, #11129, .T. ) ;
#1991 = AXIS2_PLACEMENT_3D ( 'NONE', #3404, #6950, #2354 ) ;
#1992 = CARTESIAN_POINT ( 'NONE',  ( -26.31789672729010832, 7.824052110776571922, 21.30600843823312829 ) ) ;
#1993 = DIRECTION ( 'NONE',  ( 1.000000000000000000, 0.000000000000000000, 0.000000000000000000 ) ) ;
#1994 = CARTESIAN_POINT ( 'NONE',  ( -26.13553390593278181, 57.76752763736812568, -0.9999999999999983347 ) ) ;
#1995 = CARTESIAN_POINT ( 'NONE',  ( 7.090893672577268880, -39.28700319109558592, 26.00000000000001776 ) ) ;
#1996 = CARTESIAN_POINT ( 'NONE',  ( -26.13553390593274628, 39.56752763736815126, -0.9999999999999983347 ) ) ;
#1997 = ORIENTED_EDGE ( 'NONE', *, *, #9922, .T. ) ;
#1998 = PLANE ( 'NONE',  #7524 ) ;
#1999 = CARTESIAN_POINT ( 'NONE',  ( -27.60000000000010445, 88.61736382251130806, 12.00000000000000178 ) ) ;
#2000 = CIRCLE ( 'NONE', #10015, 1.700000000000000178 ) ;
#2001 = VECTOR ( 'NONE', #3199, 1000.000000000000114 ) ;
#2002 = AXIS2_PLACEMENT_3D ( 'NONE', #8629, #6878, #7882 ) ;
#2003 = DIRECTION ( 'NONE',  ( 0.000000000000000000, 0.000000000000000000, 1.000000000000000000 ) ) ;
#2004 = DIRECTION ( 'NONE',  ( -1.000000000000000000, 0.000000000000000000, 0.000000000000000000 ) ) ;
#2005 = VECTOR ( 'NONE', #6057, 1000.000000000000000 ) ;
#2006 = DIRECTION ( 'NONE',  ( 1.000000000000000000, -1.733439921619798503E-16, 0.000000000000000000 ) ) ;
#2007 = ADVANCED_FACE ( 'NONE', ( #9139 ), #457, .T. ) ;
#2008 = CARTESIAN_POINT ( 'NONE',  ( -25.33626004114813668, 11.63932158444908183, 8.336598379999074382 ) ) ;
#2009 = FACE_OUTER_BOUND ( 'NONE', #4319, .T. ) ;
#2010 = VECTOR ( 'NONE', #4690, 1000.000000000000114 ) ;
#2011 = EDGE_CURVE ( 'NONE', #11223, #7144, #10252, .T. ) ;
#2012 = DIRECTION ( 'NONE',  ( 0.000000000000000000, 0.000000000000000000, 1.000000000000000000 ) ) ;
#2013 = DIRECTION ( 'NONE',  ( -0.000000000000000000, -1.000000000000000000, -0.000000000000000000 ) ) ;
#2014 = ORIENTED_EDGE ( 'NONE', *, *, #3796, .T. ) ;
#2015 = EDGE_CURVE ( 'NONE', #4817, #3116, #339, .T. ) ;
#2016 = EDGE_LOOP ( 'NONE', ( #8975, #7075, #2620 ) ) ;
#2017 = ORIENTED_EDGE ( 'NONE', *, *, #934, .F. ) ;
#2018 = ORIENTED_EDGE ( 'NONE', *, *, #7170, .F. ) ;
#2019 = EDGE_CURVE ( 'NONE', #4817, #7242, #2850, .T. ) ;
#2020 = CARTESIAN_POINT ( 'NONE',  ( -19.60934104347439089, -0.07083776856101628439, 24.82842712474618097 ) ) ;
#2021 = CARTESIAN_POINT ( 'NONE',  ( -27.60000000000000497, 32.10306154330088901, -47.00000000000000000 ) ) ;
#2022 = ORIENTED_EDGE ( 'NONE', *, *, #11215, .T. ) ;
#2023 = CARTESIAN_POINT ( 'NONE',  ( -35.73499348497428940, 100.9999999999999858, 5.681796548623847908E-15 ) ) ;
#2024 = CARTESIAN_POINT ( 'NONE',  ( -13.13784916992704055, -5.000000000000002665, 24.50000000000000000 ) ) ;
#2025 = CARTESIAN_POINT ( 'NONE',  ( -20.99991585402048244, 8.000000000000000000, 23.22182540694790731 ) ) ;
#2026 = AXIS2_PLACEMENT_3D ( 'NONE', #11275, #6882, #2452 ) ;
#2027 = CARTESIAN_POINT ( 'NONE',  ( -0.9999999999999965583, 51.31596721165376351, 5.500000000000002665 ) ) ;
#2028 = CARTESIAN_POINT ( 'NONE',  ( -27.09083954634445135, 64.04131992144891683, -7.499999999999999112 ) ) ;
#2029 = ORIENTED_EDGE ( 'NONE', *, *, #9162, .F. ) ;
#2030 = EDGE_CURVE ( 'NONE', #2758, #4176, #520, .T. ) ;
#2031 = ORIENTED_EDGE ( 'NONE', *, *, #6547, .T. ) ;
#2032 = VERTEX_POINT ( 'NONE', #5705 ) ;
#2033 = AXIS2_PLACEMENT_3D ( 'NONE', #1728, #9543, #7906 ) ;
#2034 = ORIENTED_EDGE ( 'NONE', *, *, #6241, .F. ) ;
#2035 = AXIS2_PLACEMENT_3D ( 'NONE', #4404, #9834, #4341 ) ;
#2036 = CARTESIAN_POINT ( 'NONE',  ( 9.693539204939243703, -1.750000000000000222, 21.00000000000000000 ) ) ;
#2037 = CARTESIAN_POINT ( 'NONE',  ( -26.13553390593271075, 21.36752763736817329, -13.99999999999999645 ) ) ;
#2038 = CARTESIAN_POINT ( 'NONE',  ( 10.76992757980552895, -1.750000000000000888, 24.03108891324553653 ) ) ;
#2039 = ORIENTED_EDGE ( 'NONE', *, *, #7504, .T. ) ;
#2040 = CARTESIAN_POINT ( 'NONE',  ( -34.16274169979692488, 100.9999999999999858, 1.900000000000005018 ) ) ;
#2041 = DIRECTION ( 'NONE',  ( -1.652117596168388002E-16, 0.000000000000000000, -1.000000000000000000 ) ) ;
#2042 = FACE_OUTER_BOUND ( 'NONE', #4427, .T. ) ;
#2043 = DIRECTION ( 'NONE',  ( 0.9659258262890704216, 0.000000000000000000, -0.2588190451025128569 ) ) ;
#2044 = FACE_OUTER_BOUND ( 'NONE', #3427, .T. ) ;
#2045 = EDGE_CURVE ( 'NONE', #3564, #2819, #4448, .T. ) ;
#2046 = ORIENTED_EDGE ( 'NONE', *, *, #53, .F. ) ;
#2047 = CARTESIAN_POINT ( 'NONE',  ( -23.99999999999998579, 23.50306154330088759, 1.000000000000002665 ) ) ;
#2048 = ORIENTED_EDGE ( 'NONE', *, *, #2941, .F. ) ;
#2049 = CARTESIAN_POINT ( 'NONE',  ( -22.59999999999998366, 17.83199373143543198, -47.00000000000000000 ) ) ;
#2050 = ORIENTED_EDGE ( 'NONE', *, *, #10579, .T. ) ;
#2051 = CARTESIAN_POINT ( 'NONE',  ( -22.35575750042394461, 7.015854715734339386, 23.33471402168322584 ) ) ;
#2052 = CARTESIAN_POINT ( 'NONE',  ( -23.99999999999998934, 88.61736382251127964, 15.60000000000000320 ) ) ;
#2053 = CARTESIAN_POINT ( 'NONE',  ( -26.55779825524168558, 9.067568483808960522, 20.15656602463652547 ) ) ;
#2054 = ORIENTED_EDGE ( 'NONE', *, *, #5936, .T. ) ;
#2055 = CARTESIAN_POINT ( 'NONE',  ( -32.49999999999998579, 89.25000000000000000, -3.037741699796941308 ) ) ;
#2056 = ORIENTED_EDGE ( 'NONE', *, *, #949, .T. ) ;
#2057 = DIRECTION ( 'NONE',  ( 0.7071067811865426878, 0.000000000000000000, 0.7071067811865524577 ) ) ;
#2058 = CARTESIAN_POINT ( 'NONE',  ( 16.56992757980552611, 8.000000000000000000, 25.38900250903704503 ) ) ;
#2059 = ORIENTED_EDGE ( 'NONE', *, *, #7920, .T. ) ;
#2060 = CIRCLE ( 'NONE', #5982, 3.999999999999829914 ) ;
#2061 = CARTESIAN_POINT ( 'NONE',  ( -21.24999708661760423, 8.000589839559816951, -10.40000000000000036 ) ) ;
#2062 = DIRECTION ( 'NONE',  ( 0.000000000000000000, 0.000000000000000000, -1.000000000000000000 ) ) ;
#2064 = PLANE ( 'NONE',  #3428 ) ;
#2063 = CARTESIAN_POINT ( 'NONE',  ( -36.00000000000000000, 22.99999999999999289, -20.99999999999999645 ) ) ;
#2065 = EDGE_CURVE ( 'NONE', #4474, #6602, #1928, .T. ) ;
#2066 = DIRECTION ( 'NONE',  ( -1.000000000000000000, 0.000000000000000000, 1.652117596168387756E-16 ) ) ;
#2067 = CARTESIAN_POINT ( 'NONE',  ( -0.9999999999999981126, 51.31596721165376351, -3.900000000000004352 ) ) ;
#2068 = CARTESIAN_POINT ( 'NONE',  ( -23.14706522482880047, 7.077818110663854689, 22.73437469097970620 ) ) ;
#2069 = CIRCLE ( 'NONE', #4501, 4.242640687119387799 ) ;
#2070 = ORIENTED_EDGE ( 'NONE', *, *, #11001, .F. ) ;
#2071 = ADVANCED_FACE ( 'NONE', ( #4883 ), #3891, .F. ) ;
#2072 = ORIENTED_EDGE ( 'NONE', *, *, #8864, .F. ) ;
#2073 = EDGE_CURVE ( 'NONE', #7158, #6424, #3421, .T. ) ;
#2074 = ORIENTED_EDGE ( 'NONE', *, *, #4521, .T. ) ;
#2075 = VERTEX_POINT ( 'NONE', #9552 ) ;
#2076 = LINE ( 'NONE', #218, #7932 ) ;
#2077 = CARTESIAN_POINT ( 'NONE',  ( -34.16274169979691777, 112.7499999999999858, -2.975000000000006306 ) ) ;
#2078 = DIRECTION ( 'NONE',  ( 0.7071067811865430208, 0.000000000000000000, 0.7071067811865521247 ) ) ;
#2079 = CARTESIAN_POINT ( 'NONE',  ( -24.37231453804555770, 84.77562155803499877, -3.035456230269999001 ) ) ;
#2080 = CARTESIAN_POINT ( 'NONE',  ( -27.56135765566532925, 16.79787558810383885, -5.499999999999998224 ) ) ;
#2081 = CARTESIAN_POINT ( 'NONE',  ( -22.59999999999998366, 17.83199373143543198, 12.00000000000000355 ) ) ;
#2082 = DIRECTION ( 'NONE',  ( -1.652117596168388002E-16, 0.000000000000000000, -1.000000000000000000 ) ) ;
#2083 = CARTESIAN_POINT ( 'NONE',  ( -37.00000000000002842, 22.99999999999999289, -21.00000000000000000 ) ) ;
#2084 = CARTESIAN_POINT ( 'NONE',  ( 16.61072877786705249, -0.7111485913360235944, 24.46793336982337763 ) ) ;
#2085 = VERTEX_POINT ( 'NONE', #9683 ) ;
#2086 = EDGE_CURVE ( 'NONE', #7640, #9318, #8602, .T. ) ;
#2087 = ORIENTED_EDGE ( 'NONE', *, *, #865, .F. ) ;
#2088 = ADVANCED_FACE ( 'NONE', ( #1685 ), #699, .F. ) ;
#2089 = ORIENTED_EDGE ( 'NONE', *, *, #7425, .T. ) ;
#2090 = VERTEX_POINT ( 'NONE', #7032 ) ;
#2091 = AXIS2_PLACEMENT_3D ( 'NONE', #1766, #5270, #7056 ) ;
#2092 = DIRECTION ( 'NONE',  ( 0.000000000000000000, 0.000000000000000000, 1.000000000000000000 ) ) ;
#2093 = ORIENTED_EDGE ( 'NONE', *, *, #1812, .F. ) ;
#2094 = AXIS2_PLACEMENT_3D ( 'NONE', #5792, #7645, #7583 ) ;
#2095 = DIRECTION ( 'NONE',  ( 0.000000000000000000, -1.000000000000000000, 0.000000000000000000 ) ) ;
#2096 = FACE_OUTER_BOUND ( 'NONE', #1817, .T. ) ;
#2097 = FACE_OUTER_BOUND ( 'NONE', #6132, .T. ) ;
#2098 = DIRECTION ( 'NONE',  ( 0.000000000000000000, 0.000000000000000000, 1.000000000000000000 ) ) ;
#2099 = CARTESIAN_POINT ( 'NONE',  ( -20.65716699989026139, 77.23230345890713977, -0.9999999999999983347 ) ) ;
#2100 = VERTEX_POINT ( 'NONE', #6969 ) ;
#2101 = CARTESIAN_POINT ( 'NONE',  ( -8.585072420194459042, -1.891469190391897426, 24.10847689947046391 ) ) ;
#2102 = ORIENTED_EDGE ( 'NONE', *, *, #8214, .T. ) ;
#2103 = EDGE_LOOP ( 'NONE', ( #7578, #4480, #10888, #10455 ) ) ;
#2104 = B_SPLINE_CURVE_WITH_KNOTS ( 'NONE', 3,
 ( #4688, #6542, #9121, #1891, #7303, #1201, #4752, #10823, #10010, #7367 ),
 .UNSPECIFIED., .F., .F.,
 ( 4, 2, 2, 2, 4 ),
 ( 0.000000000000000000, 0.001566009538732425575, 0.003132019077464851149, 0.004698028616197277157, 0.006264038154929702298 ),
 .UNSPECIFIED. ) ;
#2105 = DIRECTION ( 'NONE',  ( -0.7071067811865452413, -0.7071067811865499042, 0.000000000000000000 ) ) ;
#2106 = CARTESIAN_POINT ( 'NONE',  ( -22.60000000000000853, 34.17412935516637162, 12.00000000000000355 ) ) ;
#2107 = DIRECTION ( 'NONE',  ( -0.7071067811865426878, -0.000000000000000000, -0.7071067811865524577 ) ) ;
#2108 = EDGE_CURVE ( 'NONE', #4364, #10244, #8082, .T. ) ;
#2109 = FACE_OUTER_BOUND ( 'NONE', #11448, .T. ) ;
#2110 = CARTESIAN_POINT ( 'NONE',  ( -0.9999999999999941158, 51.31596721165377062, 19.99999999999983302 ) ) ;
#2111 = ORIENTED_EDGE ( 'NONE', *, *, #10161, .T. ) ;
#2112 = VECTOR ( 'NONE', #1703, 1000.000000000000000 ) ;
#2113 = DIRECTION ( 'NONE',  ( -1.000000000000000000, 4.319837007227158624E-17, -0.000000000000000000 ) ) ;
#2114 = ORIENTED_EDGE ( 'NONE', *, *, #5074, .T. ) ;
#2115 = AXIS2_PLACEMENT_3D ( 'NONE', #3164, #10882, #6823 ) ;
#2116 = CIRCLE ( 'NONE', #7517, 9.000000000000000000 ) ;
#2117 = DIRECTION ( 'NONE',  ( 1.000000000000000000, -1.387778780781445478E-15, 0.000000000000000000 ) ) ;
#2118 = FACE_OUTER_BOUND ( 'NONE', #8706, .T. ) ;
#2120 = DIRECTION ( 'NONE',  ( 1.000000000000000000, 0.000000000000000000, 0.000000000000000000 ) ) ;
#2119 = LINE ( 'NONE', #2063, #8832 ) ;
#2121 = EDGE_CURVE ( 'NONE', #8732, #6527, #638, .T. ) ;
#2122 = EDGE_CURVE ( 'NONE', #7969, #2544, #8787, .T. ) ;
#2123 = DIRECTION ( 'NONE',  ( -0.7071067811865475727, 0.7071067811865475727, 0.000000000000000000 ) ) ;
#2124 = EDGE_LOOP ( 'NONE', ( #4771, #2445, #3767, #3716 ) ) ;
#2125 = CARTESIAN_POINT ( 'NONE',  ( -18.48113787386517970, -0.5814740352470941787, 25.77524498570945255 ) ) ;
#2126 = AXIS2_PLACEMENT_3D ( 'NONE', #11466, #3462, #10696 ) ;
#2127 = CARTESIAN_POINT ( 'NONE',  ( -24.01595982706312782, 7.201987281002854679, 22.20510551924449416 ) ) ;
#2128 = ORIENTED_EDGE ( 'NONE', *, *, #3929, .F. ) ;
#2129 = VERTEX_POINT ( 'NONE', #6054 ) ;
#2130 = AXIS2_PLACEMENT_3D ( 'NONE', #2168, #10110, #10058 ) ;
#2131 = ORIENTED_EDGE ( 'NONE', *, *, #888, .T. ) ;
#2132 = DIRECTION ( 'NONE',  ( -1.000000000000000000, 0.000000000000000000, 0.000000000000000000 ) ) ;
#2133 = DIRECTION ( 'NONE',  ( -0.000000000000000000, -0.000000000000000000, 1.000000000000000000 ) ) ;
#2134 = EDGE_CURVE ( 'NONE', #9306, #10978, #762, .T. ) ;
#2135 = CARTESIAN_POINT ( 'NONE',  ( 15.49999999999999822, 0.000000000000000000, 15.50000000000000178 ) ) ;
#2136 = CARTESIAN_POINT ( 'NONE',  ( -24.00000000000002487, 41.70306154330087622, 5.500000000000002665 ) ) ;
#2137 = CARTESIAN_POINT ( 'NONE',  ( -20.99999999999998934, 31.50306154330093023, 5.500000000000002665 ) ) ;
#2138 = EDGE_CURVE ( 'NONE', #7214, #8826, #3045, .T. ) ;
#2139 = CARTESIAN_POINT ( 'NONE',  ( -32.45779162047084299, 66.65895734927147487, -84.74336439883575167 ) ) ;
#2140 = DIRECTION ( 'NONE',  ( 0.000000000000000000, 0.000000000000000000, -1.000000000000000000 ) ) ;
#2141 = ORIENTED_EDGE ( 'NONE', *, *, #7382, .T. ) ;
#2142 = VECTOR ( 'NONE', #10893, 1000.000000000000227 ) ;
#2143 = ORIENTED_EDGE ( 'NONE', *, *, #5864, .T. ) ;
#2144 = EDGE_CURVE ( 'NONE', #182, #8273, #2545, .T. ) ;
#2145 = ORIENTED_EDGE ( 'NONE', *, *, #820, .F. ) ;
#2146 = EDGE_LOOP ( 'NONE', ( #5526, #1313, #10890, #7031, #8786, #11359, #4308 ) ) ;
#2147 = ORIENTED_EDGE ( 'NONE', *, *, #11124, .F. ) ;
#2148 = LINE ( 'NONE', #5719, #1429 ) ;
#2149 = CARTESIAN_POINT ( 'NONE',  ( -23.99999999999998224, 78.86271205119403760, 8.496568019669940242 ) ) ;
#2150 = EDGE_LOOP ( 'NONE', ( #3117, #9330, #10740, #5867 ) ) ;
#2151 = ADVANCED_FACE ( 'NONE', ( #8724 ), #4189, .F. ) ;
#2152 = EDGE_CURVE ( 'NONE', #7727, #1131, #7917, .T. ) ;
#2153 = LINE ( 'NONE', #5057, #10951 ) ;
#2154 = CARTESIAN_POINT ( 'NONE',  ( -15.50000000000000533, 8.000000000000000000, 15.49999999999999112 ) ) ;
#2155 = CARTESIAN_POINT ( 'NONE',  ( -32.49999999999998579, 100.9999999999999858, -16.49999999999999645 ) ) ;
#2156 = LINE ( 'NONE', #7402, #1450 ) ;
#2157 = EDGE_CURVE ( 'NONE', #5167, #4599, #4359, .T. ) ;
#2158 = CARTESIAN_POINT ( 'NONE',  ( -30.02871870788963804, 51.31596721165376351, -7.499999999999999112 ) ) ;
#2159 = CARTESIAN_POINT ( 'NONE',  ( 19.34001531319177758, 6.999999999999978684, 18.48043039773444818 ) ) ;
#2160 = VERTEX_POINT ( 'NONE', #3486 ) ;
#2161 = AXIS2_PLACEMENT_3D ( 'NONE', #4000, #4118, #2132 ) ;
#2162 = EDGE_CURVE ( 'NONE', #343, #9349, #11453, .T. ) ;
#2163 = ORIENTED_EDGE ( 'NONE', *, *, #5904, .F. ) ;
#2164 = ORIENTED_EDGE ( 'NONE', *, *, #6278, .T. ) ;
#2165 = VECTOR ( 'NONE', #5073, 999.9999999999998863 ) ;
#2166 = LINE ( 'NONE', #4970, #8639 ) ;
#2167 = LINE ( 'NONE', #10169, #11228 ) ;
#2168 = CARTESIAN_POINT ( 'NONE',  ( -9.385072420194470411, -5.000000000000002665, 27.00000000000000355 ) ) ;
#2169 = CARTESIAN_POINT ( 'NONE',  ( -19.05973653077466778, 0.6224782091843121812, 26.33329405712647642 ) ) ;
#2170 = CARTESIAN_POINT ( 'NONE',  ( -3.469446951953614189E-15, 6.999999999999971578, 0.000000000000000000 ) ) ;
#2171 = ORIENTED_EDGE ( 'NONE', *, *, #8985, .T. ) ;
#2172 = FACE_OUTER_BOUND ( 'NONE', #3840, .T. ) ;
#2173 = DIRECTION ( 'NONE',  ( -0.000000000000000000, 0.000000000000000000, -1.000000000000000000 ) ) ;
#2174 = ORIENTED_EDGE ( 'NONE', *, *, #4250, .F. ) ;
#2175 = ADVANCED_FACE ( 'NONE', ( #7735 ), #7673, .F. ) ;
#2176 = CARTESIAN_POINT ( 'NONE',  ( -21.70709447113344126, 6.999999999999833022, 23.92886035298541358 ) ) ;
#2177 = DIRECTION ( 'NONE',  ( 0.000000000000000000, -1.000000000000000000, 0.000000000000000000 ) ) ;
#2179 = CYLINDRICAL_SURFACE ( 'NONE', #5312, 30.03342357274358676 ) ;
#2178 = DIRECTION ( 'NONE',  ( 1.000000000000000000, 0.000000000000000000, 0.000000000000000000 ) ) ;
#2180 = ORIENTED_EDGE ( 'NONE', *, *, #338, .T. ) ;
#2181 = DIRECTION ( 'NONE',  ( -1.000000000000000000, 0.000000000000000000, 1.652117596168388002E-16 ) ) ;
#2182 = DIRECTION ( 'NONE',  ( -1.000000000000000000, 0.000000000000000000, 0.000000000000000000 ) ) ;
#2183 = VECTOR ( 'NONE', #4458, 1000.000000000000000 ) ;
#2184 = ORIENTED_EDGE ( 'NONE', *, *, #8026, .T. ) ;
#2185 = EDGE_CURVE ( 'NONE', #7714, #4300, #10055, .T. ) ;
#2186 = AXIS2_PLACEMENT_3D ( 'NONE', #11238, #10363, #3244 ) ;
#2187 = ORIENTED_EDGE ( 'NONE', *, *, #4600, .T. ) ;
#2188 = CARTESIAN_POINT ( 'NONE',  ( -27.60000000000004050, 50.30306154330085633, -47.00000000000000000 ) ) ;
#2189 = CARTESIAN_POINT ( 'NONE',  ( -43.00000000000000000, 91.50000000000000000, 7.517423958236300152E-15 ) ) ;
#2190 = EDGE_LOOP ( 'NONE', ( #2909, #9532, #11121 ) ) ;
#2191 = CARTESIAN_POINT ( 'NONE',  ( -22.60000000000001208, 36.03199373143542061, -7.500000000000000000 ) ) ;
#2192 = DIRECTION ( 'NONE',  ( 1.000000000000000000, 0.000000000000000000, 0.000000000000000000 ) ) ;
#2193 = CARTESIAN_POINT ( 'NONE',  ( -20.99999999999998934, 20.50306154330089470, -7.499999999999998224 ) ) ;
#2194 = CARTESIAN_POINT ( 'NONE',  ( -32.45779162047082878, 66.65895734927150329, -2.599999999999991207 ) ) ;
#2195 = CYLINDRICAL_SURFACE ( 'NONE', #10128, 4.242640687119280329 ) ;
#2196 = CARTESIAN_POINT ( 'NONE',  ( -46.00000000000000000, 25.00000000000000000, -20.00000000000001066 ) ) ;
#2197 = VECTOR ( 'NONE', #8711, 1000.000000000000000 ) ;
#2198 = VERTEX_POINT ( 'NONE', #1446 ) ;
#2199 = ORIENTED_EDGE ( 'NONE', *, *, #11157, .F. ) ;
#2200 = DIRECTION ( 'NONE',  ( -1.000000000000000000, 0.000000000000000000, 1.486905836551548832E-16 ) ) ;
#2201 = ORIENTED_EDGE ( 'NONE', *, *, #1800, .T. ) ;
#2202 = LINE ( 'NONE', #2320, #7004 ) ;
#2203 = AXIS2_PLACEMENT_3D ( 'NONE', #3101, #6652, #2396 ) ;
#2204 = LINE ( 'NONE', #7510, #4662 ) ;
#2205 = CARTESIAN_POINT ( 'NONE',  ( -15.50000000000000533, 8.000000000000000000, 13.89999999999998792 ) ) ;
#2206 = CARTESIAN_POINT ( 'NONE',  ( -32.45779162047082878, 66.65895734927150329, 15.60000000000001030 ) ) ;
#2207 = DIRECTION ( 'NONE',  ( 0.4383711467890783475, 0.8987940462991667046, 0.000000000000000000 ) ) ;
#2208 = AXIS2_PLACEMENT_3D ( 'NONE', #101, #5577, #3648 ) ;
#2209 = AXIS2_PLACEMENT_3D ( 'NONE', #7753, #2496, #11201 ) ;
#2210 = B_SPLINE_SURFACE_WITH_KNOTS ( 'NONE', 1, 3, ( 
 ( #8847, #111, #10662, #1090, #8135, #9017, #162, #4475, #9794, #3596, #3657, #7151, #10720, #2711, #1037, #6165, #3711, #9071, #6328, #7089, #8956, #6374, #9957, #6275, #7197, #7254, #9849, #7033, #1848, #1955, #4528, #8086 ),
 ( #4636, #10774, #8194, #211, #10610, #9741, #873, #1743, #5305, #4423, #7976, #2, #2657, #6220, #3878, #8424, #6497, #7427, #6666, #2127, #10999, #9249, #1258, #2999, #2232, #2068, #3822, #7306, #9123, #1148, #1371, #10242 ) ),
 .UNSPECIFIED., .F., .F., .F.,
 ( 2, 2 ),
 ( 4, 2, 2, 2, 2, 2, 2, 2, 2, 2, 2, 2, 2, 2, 2, 4 ),
 ( 0.000000000000000000, 1.000000000000000000 ),
 ( 0.000000000000000000, 0.001115705969808384896, 0.002231411939616769792, 0.002789264924520962023, 0.003068191416973058139, 0.003347117909425154688, 0.003626044401877251237, 0.003904970894329347353, 0.004462823879233539584, 0.005578529849041924046, 0.006136382833946116278, 0.006415309326398213260, 0.006694235818850309376, 0.007252088803754502475, 0.007809941788658694706, 0.008925647758467079168 ),
 .UNSPECIFIED. ) ;
#2211 = ORIENTED_EDGE ( 'NONE', *, *, #9215, .F. ) ;
#2212 = EDGE_CURVE ( 'NONE', #3546, #6685, #5856, .T. ) ;
#2213 = ORIENTED_EDGE ( 'NONE', *, *, #3353, .F. ) ;
#2214 = ORIENTED_EDGE ( 'NONE', *, *, #4867, .F. ) ;
#2215 = CARTESIAN_POINT ( 'NONE',  ( -24.38617074886427361, 84.70613612429512784, 2.600000000000006750 ) ) ;
#2216 = DIRECTION ( 'NONE',  ( -0.000000000000000000, -0.000000000000000000, -1.000000000000000000 ) ) ;
#2217 = DIRECTION ( 'NONE',  ( -1.000000000000000000, -1.734723475976807489E-15, 0.000000000000000000 ) ) ;
#2218 = CARTESIAN_POINT ( 'NONE',  ( -21.03832892204481553, 8.000048970288762717, -21.00000000000000000 ) ) ;
#2219 = DIRECTION ( 'NONE',  ( 0.000000000000000000, 0.000000000000000000, 1.000000000000000000 ) ) ;
#2220 = ORIENTED_EDGE ( 'NONE', *, *, #314, .F. ) ;
#2221 = EDGE_CURVE ( 'NONE', #1984, #3994, #3800, .T. ) ;
#2222 = DIRECTION ( 'NONE',  ( -0.000000000000000000, 1.000000000000000000, 1.927470528863117569E-16 ) ) ;
#2223 = VERTEX_POINT ( 'NONE', #929 ) ;
#2224 = EDGE_CURVE ( 'NONE', #9739, #6417, #10512, .T. ) ;
#2225 = CARTESIAN_POINT ( 'NONE',  ( -43.00000000000000000, -6.391086490440836896E-16, -13.99999999999995559 ) ) ;
#2226 = CARTESIAN_POINT ( 'NONE',  ( -26.13553390593276760, 48.83859544923359408, -13.99999999999999645 ) ) ;
#2228 = LINE ( 'NONE', #10993, #3615 ) ;
#2227 = FACE_OUTER_BOUND ( 'NONE', #5297, .T. ) ;
#2229 = DIRECTION ( 'NONE',  ( 1.652117596168387756E-16, 0.000000000000000000, 1.000000000000000000 ) ) ;
#2230 = EDGE_LOOP ( 'NONE', ( #10488, #5193 ) ) ;
#2231 = CARTESIAN_POINT ( 'NONE',  ( -18.12657385812936894, -0.8880765642840817709, 25.90842671277804143 ) ) ;
#2232 = CARTESIAN_POINT ( 'NONE',  ( -23.36079412585108273, 7.103546234552595706, 22.59403850854497620 ) ) ;
#2233 = ORIENTED_EDGE ( 'NONE', *, *, #5348, .T. ) ;
#2234 = VECTOR ( 'NONE', #4838, 1000.000000000000000 ) ;
#2235 = ORIENTED_EDGE ( 'NONE', *, *, #4113, .F. ) ;
#2236 = AXIS2_PLACEMENT_3D ( 'NONE', #8968, #4487, #995 ) ;
#2237 = DIRECTION ( 'NONE',  ( 1.000000000000000000, 1.379656123914496162E-15, -0.000000000000000000 ) ) ;
#2238 = FACE_BOUND ( 'NONE', #5075, .T. ) ;
#2239 = ORIENTED_EDGE ( 'NONE', *, *, #7369, .T. ) ;
#2240 = DIRECTION ( 'NONE',  ( -0.000000000000000000, -0.000000000000000000, -1.000000000000000000 ) ) ;
#2241 = CARTESIAN_POINT ( 'NONE',  ( -24.25745437732004817, 84.70069342268244839, 2.565891292618130759 ) ) ;
#2242 = CARTESIAN_POINT ( 'NONE',  ( 0.000000000000000000, 101.0000000000000000, -21.00000000000000000 ) ) ;
#2243 = EDGE_CURVE ( 'NONE', #2966, #9882, #5414, .T. ) ;
#2244 = EDGE_CURVE ( 'NONE', #5010, #3191, #9956, .T. ) ;
#2245 = EDGE_LOOP ( 'NONE', ( #9605, #504, #5279, #10505, #526 ) ) ;
#2246 = CARTESIAN_POINT ( 'NONE',  ( -35.73499348497428230, 60.33781306909220632, 20.88751140824024688 ) ) ;
#2247 = CARTESIAN_POINT ( 'NONE',  ( -20.99999999999997868, 38.70306154330083359, -7.499999999999998224 ) ) ;
#2248 = LINE ( 'NONE', #1506, #6038 ) ;
#2249 = CARTESIAN_POINT ( 'NONE',  ( -23.99999999999997868, 80.49024197717709228, -15.18773962929532217 ) ) ;
#2250 = EDGE_LOOP ( 'NONE', ( #8942, #2527, #10188, #7740 ) ) ;
#2251 = ORIENTED_EDGE ( 'NONE', *, *, #8417, .T. ) ;
#2252 = DIRECTION ( 'NONE',  ( -1.355252715606884487E-16, -0.000000000000000000, -1.000000000000000000 ) ) ;
#2253 = CARTESIAN_POINT ( 'NONE',  ( -19.90531623689325258, -0.02071829848635754409, 24.43379211361047609 ) ) ;
#2254 = CARTESIAN_POINT ( 'NONE',  ( -21.24809247871001716, 8.010977461642101005, 3.902485433210048704 ) ) ;
#2255 = LINE ( 'NONE', #1282, #10811 ) ;
#2256 = DIRECTION ( 'NONE',  ( 0.000000000000000000, 0.000000000000000000, 1.000000000000000000 ) ) ;
#2257 = CARTESIAN_POINT ( 'NONE',  ( -27.60000000000005116, 56.30306154330085633, -47.00000000000000000 ) ) ;
#2258 = CARTESIAN_POINT ( 'NONE',  ( -34.16274169979692488, 110.4999999999999858, -1.374999999999991118 ) ) ;
#2259 = DIRECTION ( 'NONE',  ( 0.000000000000000000, 0.000000000000000000, -1.000000000000000000 ) ) ;
#2260 = DIRECTION ( 'NONE',  ( 1.652117596168388002E-16, 3.387343054164790142E-16, 1.000000000000000000 ) ) ;
#2261 = CARTESIAN_POINT ( 'NONE',  ( -15.49999999999999467, 0.000000000000000000, -17.10000000000000853 ) ) ;
#2262 = ORIENTED_EDGE ( 'NONE', *, *, #1514, .F. ) ;
#2263 = EDGE_CURVE ( 'NONE', #1237, #8104, #210, .T. ) ;
#2264 = CIRCLE ( 'NONE', #6188, 5.000000000000000888 ) ;
#2265 = VECTOR ( 'NONE', #9309, 1000.000000000000000 ) ;
#2266 = CARTESIAN_POINT ( 'NONE',  ( -35.99999999999999289, 51.31596721165377062, 15.60000000000001030 ) ) ;
#2267 = ORIENTED_EDGE ( 'NONE', *, *, #8294, .F. ) ;
#2268 = VECTOR ( 'NONE', #8648, 999.9999999999998863 ) ;
#2269 = ORIENTED_EDGE ( 'NONE', *, *, #8654, .F. ) ;
#2270 = CARTESIAN_POINT ( 'NONE',  ( -23.99999999999998934, 78.86271205119405181, 14.99656801966993847 ) ) ;
#2271 = CARTESIAN_POINT ( 'NONE',  ( -21.55394421707360664, 8.083199782916736353, -15.58037544501023319 ) ) ;
#2272 = DIRECTION ( 'NONE',  ( 0.000000000000000000, 0.000000000000000000, -1.000000000000000000 ) ) ;
#2273 = CARTESIAN_POINT ( 'NONE',  ( -27.60000000000004405, 52.37412935516633894, 5.500000000000002665 ) ) ;
#2274 = LINE ( 'NONE', #1298, #10671 ) ;
#2275 = ORIENTED_EDGE ( 'NONE', *, *, #10647, .F. ) ;
#2276 = ADVANCED_FACE ( 'NONE', ( #10661 ), #8029, .F. ) ;
#2277 = FACE_OUTER_BOUND ( 'NONE', #9427, .T. ) ;
#2278 = CARTESIAN_POINT ( 'NONE',  ( -43.99999999999998579, 88.61736382251127964, -15.59999999999998899 ) ) ;
#2279 = DIRECTION ( 'NONE',  ( -0.000000000000000000, 0.000000000000000000, -1.000000000000000000 ) ) ;
#2280 = CONICAL_SURFACE ( 'NONE', #4702, 20.00000000000000000, 1.308996938995755421 ) ;
#2281 = ADVANCED_FACE ( 'NONE', ( #7196 ), #10609, .F. ) ;
#2282 = AXIS2_PLACEMENT_3D ( 'NONE', #5396, #1018, #4568 ) ;
#2283 = ADVANCED_FACE ( 'NONE', ( #1742 ), #5304, .F. ) ;
#2284 = DIRECTION ( 'NONE',  ( 1.000000000000000000, 0.000000000000000000, 0.000000000000000000 ) ) ;
#2285 = CARTESIAN_POINT ( 'NONE',  ( -34.16274169979692488, 112.7499999999999858, -1.374999999999992006 ) ) ;
#2286 = EDGE_LOOP ( 'NONE', ( #7941, #8576, #8420, #7432 ) ) ;
#2287 = AXIS2_PLACEMENT_3D ( 'NONE', #851, #9777, #5280 ) ;
#2289 = DIRECTION ( 'NONE',  ( 1.000000000000000000, 0.000000000000000000, 0.000000000000000000 ) ) ;
#2288 = CARTESIAN_POINT ( 'NONE',  ( -27.59999999999998721, 19.90306154330091104, -47.00000000000000000 ) ) ;
#2290 = LINE ( 'NONE', #9420, #7956 ) ;
#2291 = ORIENTED_EDGE ( 'NONE', *, *, #3325, .T. ) ;
#2292 = DIRECTION ( 'NONE',  ( -0.000000000000000000, 1.000000000000000000, -0.000000000000000000 ) ) ;
#2293 = EDGE_CURVE ( 'NONE', #9766, #4364, #4422, .T. ) ;
#2294 = ADVANCED_FACE ( 'NONE', ( #1 ), #7088, .T. ) ;
#2295 = CARTESIAN_POINT ( 'NONE',  ( -18.18428389362931341, -0.8308912034152617920, 25.89113532108353866 ) ) ;
#2296 = EDGE_CURVE ( 'NONE', #2819, #7714, #6219, .T. ) ;
#2297 = VECTOR ( 'NONE', #6746, 1000.000000000000000 ) ;
#2298 = CIRCLE ( 'NONE', #7138, 15.00000000000000000 ) ;
#2299 = VECTOR ( 'NONE', #658, 1000.000000000000000 ) ;
#2300 = ORIENTED_EDGE ( 'NONE', *, *, #9079, .T. ) ;
#2301 = ORIENTED_EDGE ( 'NONE', *, *, #1082, .F. ) ;
#2302 = CARTESIAN_POINT ( 'NONE',  ( -30.02871870788961317, 22.99999999999999289, -13.99999999999999645 ) ) ;
#2303 = AXIS2_PLACEMENT_3D ( 'NONE', #1036, #9740, #48 ) ;
#2304 = AXIS2_PLACEMENT_3D ( 'NONE', #5755, #9244, #10942 ) ;
#2305 = CARTESIAN_POINT ( 'NONE',  ( -42.40000000000004832, 100.9999999999999858, 6.782934002828947529E-15 ) ) ;
#2306 = PLANE ( 'NONE',  #5890 ) ;
#2307 = ORIENTED_EDGE ( 'NONE', *, *, #2857, .F. ) ;
#2308 = CARTESIAN_POINT ( 'NONE',  ( 34.00000000000000000, 100.9999999999999858, -1.900000000000005462 ) ) ;
#2309 = COLOUR_RGB ( '',0.7921568627450980005, 0.8196078431372548767, 0.9333333333333333481 ) ;
#2310 = FACE_OUTER_BOUND ( 'NONE', #8779, .T. ) ;
#2311 = ORIENTED_EDGE ( 'NONE', *, *, #9363, .F. ) ;
#2312 = DIRECTION ( 'NONE',  ( -0.000000000000000000, -0.000000000000000000, 1.000000000000000000 ) ) ;
#2313 = CARTESIAN_POINT ( 'NONE',  ( -21.70383339581618287, 0.009469749905078416255, 22.59824344496222182 ) ) ;
#2314 = PLANE ( 'NONE',  #8453 ) ;
#2315 = DIRECTION ( 'NONE',  ( 0.000000000000000000, 0.000000000000000000, -1.000000000000000000 ) ) ;
#2316 = ORIENTED_EDGE ( 'NONE', *, *, #3963, .T. ) ;
#2317 = ORIENTED_EDGE ( 'NONE', *, *, #9163, .T. ) ;
#2318 = ORIENTED_EDGE ( 'NONE', *, *, #71, .T. ) ;
#2319 = VERTEX_POINT ( 'NONE', #1796 ) ;
#2320 = CARTESIAN_POINT ( 'NONE',  ( -54.95715113960527987, 77.66021268290592161, -5.499999999999999112 ) ) ;
#2321 = DIRECTION ( 'NONE',  ( -1.000000000000000000, 0.000000000000000000, 0.000000000000000000 ) ) ;
#2322 = DIRECTION ( 'NONE',  ( 1.000000000000000000, 0.000000000000000000, 0.000000000000000000 ) ) ;
#2323 = CARTESIAN_POINT ( 'NONE',  ( 10.76992757980552895, 0.000000000000000000, 21.00000000000000000 ) ) ;
#2324 = CARTESIAN_POINT ( 'NONE',  ( 20.33312358293825994, 7.666876417061714299, 16.33729991213548871 ) ) ;
#2325 = CIRCLE ( 'NONE', #3473, 1.374999999999997113 ) ;
#2326 = CARTESIAN_POINT ( 'NONE',  ( -24.00000000000002487, 41.70306154330087622, 1.000000000000002665 ) ) ;
#2327 = DIRECTION ( 'NONE',  ( 0.000000000000000000, -1.000000000000000000, 0.000000000000000000 ) ) ;
#2328 = ORIENTED_EDGE ( 'NONE', *, *, #11176, .F. ) ;
#2329 = EDGE_CURVE ( 'NONE', #4481, #2814, #4527, .T. ) ;
#2330 = CIRCLE ( 'NONE', #4009, 5.000000000000000888 ) ;
#2331 = ORIENTED_EDGE ( 'NONE', *, *, #6428, .T. ) ;
#2332 = AXIS2_PLACEMENT_3D ( 'NONE', #2189, #6555, #279 ) ;
#2333 = VERTEX_POINT ( 'NONE', #9848 ) ;
#2334 = CARTESIAN_POINT ( 'NONE',  ( -26.52537696864644801, 13.33409845592775866, -11.43830492530832643 ) ) ;
#2335 = CARTESIAN_POINT ( 'NONE',  ( -43.00000000000000000, 100.9999999999999858, 6.882061058599042452E-15 ) ) ;
#2336 = LINE ( 'NONE', #11156, #2883 ) ;
#2337 = CARTESIAN_POINT ( 'NONE',  ( -30.02871870788963449, 22.99999999999999289, -0.9999999999999983347 ) ) ;
#2338 = FACE_OUTER_BOUND ( 'NONE', #6534, .T. ) ;
#2339 = ORIENTED_EDGE ( 'NONE', *, *, #7097, .F. ) ;
#2340 = CARTESIAN_POINT ( 'NONE',  ( -25.67011599180681003, 12.03801022220755357, 1.771193247230828050 ) ) ;
#2341 = DIRECTION ( 'NONE',  ( 0.000000000000000000, 1.000000000000000000, 1.927470528863117569E-16 ) ) ;
#2342 = AXIS2_PLACEMENT_3D ( 'NONE', #73, #1428, #6890 ) ;
#2343 = ORIENTED_EDGE ( 'NONE', *, *, #7199, .F. ) ;
#2344 = EDGE_CURVE ( 'NONE', #3594, #2376, #5299, .T. ) ;
#2345 = CYLINDRICAL_SURFACE ( 'NONE', #8633, 1.600000000000000755 ) ;
#2346 = CARTESIAN_POINT ( 'NONE',  ( 12.10332660836168017, 0.000000000000000000, 21.00166216536977615 ) ) ;
#2347 = ORIENTED_EDGE ( 'NONE', *, *, #1782, .F. ) ;
#2348 = VECTOR ( 'NONE', #4996, 1000.000000000000000 ) ;
#2350 = DIRECTION ( 'NONE',  ( 0.000000000000000000, 0.000000000000000000, 1.000000000000000000 ) ) ;
#2349 = CARTESIAN_POINT ( 'NONE',  ( -26.13553390593271075, 21.36752763736817684, 5.500000000000005329 ) ) ;
#2351 = VERTEX_POINT ( 'NONE', #1302 ) ;
#2352 = AXIS2_PLACEMENT_3D ( 'NONE', #467, #7628, #1280 ) ;
#2353 = DIRECTION ( 'NONE',  ( 0.000000000000000000, 0.000000000000000000, 1.000000000000000000 ) ) ;
#2354 = DIRECTION ( 'NONE',  ( 0.000000000000000000, 0.000000000000000000, -1.000000000000000000 ) ) ;
#2355 = ORIENTED_EDGE ( 'NONE', *, *, #7206, .T. ) ;
#2356 = FACE_OUTER_BOUND ( 'NONE', #3743, .T. ) ;
#2357 = ADVANCED_FACE ( 'NONE', ( #10338 ), #8635, .T. ) ;
#2358 = ADVANCED_FACE ( 'NONE', ( #6711 ), #3215, .T. ) ;
#2359 = EDGE_LOOP ( 'NONE', ( #11233, #6186, #5285, #10924 ) ) ;
#2360 = DIRECTION ( 'NONE',  ( 0.000000000000000000, 0.000000000000000000, -1.000000000000000000 ) ) ;
#2361 = ORIENTED_EDGE ( 'NONE', *, *, #1633, .F. ) ;
#2362 = CYLINDRICAL_SURFACE ( 'NONE', #2161, 5.000000000000000888 ) ;
#2363 = PLANE ( 'NONE',  #8859 ) ;
#2364 = AXIS2_PLACEMENT_3D ( 'NONE', #10349, #10466, #7716 ) ;
#2365 = ORIENTED_EDGE ( 'NONE', *, *, #8127, .T. ) ;
#2366 = CARTESIAN_POINT ( 'NONE',  ( -35.99999999999999289, 22.99999999999999289, 2.599999999999998312 ) ) ;
#2367 = CARTESIAN_POINT ( 'NONE',  ( -18.63595482334174136, 0.000000000000000000, 27.00000000000003553 ) ) ;
#2368 = DIRECTION ( 'NONE',  ( 0.000000000000000000, 1.000000000000000000, -0.000000000000000000 ) ) ;
#2369 = CARTESIAN_POINT ( 'NONE',  ( -27.60000000000010800, 88.61736382251130806, 7.500000000000002665 ) ) ;
#2370 = CARTESIAN_POINT ( 'NONE',  ( -21.55873556283067671, 0.005840967723595672824, 22.71800126436201595 ) ) ;
#2371 = CARTESIAN_POINT ( 'NONE',  ( -23.99999999999998224, 78.86271205119403760, 1.996568019669932026 ) ) ;
#2372 = CARTESIAN_POINT ( 'NONE',  ( 8.683176233857397008, -3.500000000000000000, 24.50000000000000000 ) ) ;
#2373 = CARTESIAN_POINT ( 'NONE',  ( -20.99999999999998934, 24.74570223042017503, -13.99999999999999645 ) ) ;
#2374 = VECTOR ( 'NONE', #6619, 1000.000000000000000 ) ;
#2375 = ORIENTED_EDGE ( 'NONE', *, *, #5542, .F. ) ;
#2376 = VERTEX_POINT ( 'NONE', #8466 ) ;
#2377 = AXIS2_PLACEMENT_3D ( 'NONE', #10098, #2095, #1794 ) ;
#2378 = EDGE_CURVE ( 'NONE', #5205, #11315, #1014, .T. ) ;
#2379 = ORIENTED_EDGE ( 'NONE', *, *, #10617, .T. ) ;
#2380 = DIRECTION ( 'NONE',  ( 0.000000000000000000, 0.000000000000000000, 1.000000000000000000 ) ) ;
#2381 = CARTESIAN_POINT ( 'NONE',  ( -20.99999999999997868, 38.70306154330083359, -7.499999999999998224 ) ) ;
#2382 = CARTESIAN_POINT ( 'NONE',  ( -32.45779162047082878, 66.65895734927150329, -9.099999999999997868 ) ) ;
#2383 = EDGE_CURVE ( 'NONE', #5654, #8821, #2672, .T. ) ;
#2384 = CARTESIAN_POINT ( 'NONE',  ( -23.99999999999998224, 78.86271205119403760, 4.503431980330071305 ) ) ;
#2385 = VECTOR ( 'NONE', #1025, 1000.000000000000227 ) ;
#2386 = ORIENTED_EDGE ( 'NONE', *, *, #8793, .T. ) ;
#2387 = ORIENTED_EDGE ( 'NONE', *, *, #10224, .F. ) ;
#2388 = CARTESIAN_POINT ( 'NONE',  ( -21.03832892204481553, 8.000048970288762717, -21.00000000000000000 ) ) ;
#2389 = CARTESIAN_POINT ( 'NONE',  ( -8.585072420194476805, 0.000000000000000000, 21.00000000000000000 ) ) ;
#2390 = DIRECTION ( 'NONE',  ( -1.000000000000000000, 0.000000000000000000, 1.486905836551548832E-16 ) ) ;
#2391 = CARTESIAN_POINT ( 'NONE',  ( -18.10875603814218593, -0.9057323965011941924, 25.91376606060240206 ) ) ;
#2392 = CARTESIAN_POINT ( 'NONE',  ( -11.08507242019447148, -5.000000000000002665, 27.00000000000000355 ) ) ;
#2393 = ORIENTED_EDGE ( 'NONE', *, *, #4641, .T. ) ;
#2394 = EDGE_CURVE ( 'NONE', #5733, #3034, #4100, .T. ) ;
#2395 = ADVANCED_FACE ( 'NONE', ( #7530 ), #10144, .F. ) ;
#2396 = DIRECTION ( 'NONE',  ( 0.000000000000000000, 0.000000000000000000, 1.000000000000000000 ) ) ;
#2397 = EDGE_CURVE ( 'NONE', #2608, #2806, #2398, .T. ) ;
#2398 = LINE ( 'NONE', #7704, #4733 ) ;
#2399 = AXIS2_PLACEMENT_3D ( 'NONE', #5272, #10337, #4273 ) ;
#2400 = CARTESIAN_POINT ( 'NONE',  ( -20.00363844269984881, -0.009871700789321310315, 24.30269708251280392 ) ) ;
#2401 = VERTEX_POINT ( 'NONE', #490 ) ;
#2402 = DIRECTION ( 'NONE',  ( 0.4383711467890782920, 0.8987940462991665935, 0.000000000000000000 ) ) ;
#2403 = DIRECTION ( 'NONE',  ( -1.000000000000000000, 0.000000000000000000, 1.652117596168388002E-16 ) ) ;
#2404 = VERTEX_POINT ( 'NONE', #10279 ) ;
#2405 = AXIS2_PLACEMENT_3D ( 'NONE', #2834, #3672, #8920 ) ;
#2407 = CARTESIAN_POINT ( 'NONE',  ( 15.49999999999999822, 0.000000000000000000, 17.10000000000000853 ) ) ;
#2406 = CARTESIAN_POINT ( 'NONE',  ( 0.000000000000000000, 6.999999999999833022, 27.00000000000000355 ) ) ;
#2408 = VECTOR ( 'NONE', #5646, 1000.000000000000000 ) ;
#2409 = DIRECTION ( 'NONE',  ( -0.8660254037844388186, -0.4999999999999996669, 0.000000000000000000 ) ) ;
#2410 = ORIENTED_EDGE ( 'NONE', *, *, #3744, .F. ) ;
#2411 = DIRECTION ( 'NONE',  ( -0.000000000000000000, -1.000000000000000000, -0.000000000000000000 ) ) ;
#2412 = EDGE_CURVE ( 'NONE', #8775, #9886, #9526, .T. ) ;
#2413 = DIRECTION ( 'NONE',  ( 1.000000000000000000, 0.000000000000000000, 0.000000000000000000 ) ) ;
#2414 = ORIENTED_EDGE ( 'NONE', *, *, #10227, .T. ) ;
#2415 = ORIENTED_EDGE ( 'NONE', *, *, #1772, .T. ) ;
#2416 = FACE_OUTER_BOUND ( 'NONE', #1363, .T. ) ;
#2417 = DIRECTION ( 'NONE',  ( -0.000000000000000000, -0.000000000000000000, -1.000000000000000000 ) ) ;
#2418 = VERTEX_POINT ( 'NONE', #6653 ) ;
#2419 = PLANE ( 'NONE',  #155 ) ;
#2420 = CARTESIAN_POINT ( 'NONE',  ( -36.00000000000000000, 23.00000000000002132, -9.099999999999996092 ) ) ;
#2421 = DIRECTION ( 'NONE',  ( -0.000000000000000000, -0.000000000000000000, -1.000000000000000000 ) ) ;
#2422 = ORIENTED_EDGE ( 'NONE', *, *, #5196, .T. ) ;
#2423 = DIRECTION ( 'NONE',  ( 0.7071067811865505703, -0.7071067811865444641, 0.000000000000000000 ) ) ;
#2424 = CARTESIAN_POINT ( 'NONE',  ( -25.15396580755304257, 1.300786222954330329, 21.67837623807685077 ) ) ;
#2425 = CARTESIAN_POINT ( 'NONE',  ( -27.60000000000004761, 54.23199373143538082, 12.00000000000000178 ) ) ;
#2426 = EDGE_CURVE ( 'NONE', #179, #9045, #6765, .T. ) ;
#2427 = DIRECTION ( 'NONE',  ( -1.652117596168388002E-16, 0.000000000000000000, -1.000000000000000000 ) ) ;
#2428 = DIRECTION ( 'NONE',  ( 0.7071067811865499042, -0.7071067811865451302, 0.000000000000000000 ) ) ;
#2429 = EDGE_CURVE ( 'NONE', #182, #11052, #1418, .T. ) ;
#2430 = ORIENTED_EDGE ( 'NONE', *, *, #4538, .F. ) ;
#2431 = ORIENTED_EDGE ( 'NONE', *, *, #10179, .F. ) ;
#2432 = AXIS2_PLACEMENT_3D ( 'NONE', #8858, #10837, #944 ) ;
#2433 = CARTESIAN_POINT ( 'NONE',  ( -42.40000000000004832, 100.9999999999999858, -1.899999999999992806 ) ) ;
#2434 = CARTESIAN_POINT ( 'NONE',  ( -27.60000000000001563, 38.10306154330088191, 14.00000000000000178 ) ) ;
#2435 = DIRECTION ( 'NONE',  ( 0.000000000000000000, 0.000000000000000000, -1.000000000000000000 ) ) ;
#2436 = CARTESIAN_POINT ( 'NONE',  ( -27.56135765566533280, 16.79787558810388148, 7.500000000000000000 ) ) ;
#2437 = LINE ( 'NONE', #5138, #7060 ) ;
#2438 = EDGE_CURVE ( 'NONE', #9538, #7242, #10656, .T. ) ;
#2439 = LINE ( 'NONE', #6809, #3481 ) ;
#2440 = ADVANCED_FACE ( 'NONE', ( #2475 ), #11360, .F. ) ;
#2441 = ORIENTED_EDGE ( 'NONE', *, *, #8829, .T. ) ;
#2442 = ORIENTED_EDGE ( 'NONE', *, *, #9469, .F. ) ;
#2443 = CARTESIAN_POINT ( 'NONE',  ( -27.59999999999998721, 17.83199373143543198, 1.000000000000000888 ) ) ;
#2444 = VERTEX_POINT ( 'NONE', #5241 ) ;
#2445 = ORIENTED_EDGE ( 'NONE', *, *, #903, .F. ) ;
#2446 = CARTESIAN_POINT ( 'NONE',  ( -20.99999999999998224, 49.70306154330096859, 5.500000000000002665 ) ) ;
#2447 = CARTESIAN_POINT ( 'NONE',  ( -15.49999999999999467, 0.000000000000000000, -13.90000000000000213 ) ) ;
#2448 = CARTESIAN_POINT ( 'NONE',  ( -27.59999999999998721, 17.63098360465878400, -7.499999999999999112 ) ) ;
#2449 = CARTESIAN_POINT ( 'NONE',  ( -18.32069696623599242, 0.2817858170727093881, 26.68213580650223449 ) ) ;
#2450 = DIRECTION ( 'NONE',  ( 0.000000000000000000, 0.000000000000000000, 1.000000000000000000 ) ) ;
#2451 = ORIENTED_EDGE ( 'NONE', *, *, #338, .F. ) ;
#2452 = DIRECTION ( 'NONE',  ( -1.000000000000000000, 0.000000000000000000, 0.000000000000000000 ) ) ;
#2453 = ORIENTED_EDGE ( 'NONE', *, *, #7568, .T. ) ;
#2454 = AXIS2_PLACEMENT_3D ( 'NONE', #5159, #8700, #732 ) ;
#2455 = CARTESIAN_POINT ( 'NONE',  ( 16.45418556420812095, 7.333536837632966154, -20.66646316236700542 ) ) ;
#2456 = ADVANCED_FACE ( 'NONE', ( #4471 ), #659, .F. ) ;
#2457 = CARTESIAN_POINT ( 'NONE',  ( -32.49999999999998579, 100.9999999999999858, 4.823069572725425064E-15 ) ) ;
#2458 = ORIENTED_EDGE ( 'NONE', *, *, #4479, .F. ) ;
#2460 = CARTESIAN_POINT ( 'NONE',  ( -43.99999999999998579, 88.61736382251127964, 7.500000000000002665 ) ) ;
#2459 = CARTESIAN_POINT ( 'NONE',  ( 11.94846063791714386, -41.99781379163786710, 26.00000000000001776 ) ) ;
#2461 = CIRCLE ( 'NONE', #7118, 26.75000000000000000 ) ;
#2462 = DIRECTION ( 'NONE',  ( 0.7071067811865499042, -0.7071067811865451302, -0.000000000000000000 ) ) ;
#2463 = EDGE_LOOP ( 'NONE', ( #3482, #2379, #7773, #10388 ) ) ;
#2464 = ORIENTED_EDGE ( 'NONE', *, *, #5088, .T. ) ;
#2465 = DIRECTION ( 'NONE',  ( 0.000000000000000000, 0.000000000000000000, 1.000000000000000000 ) ) ;
#2466 = AXIS2_PLACEMENT_3D ( 'NONE', #10801, #4724, #5442 ) ;
#2467 = VECTOR ( 'NONE', #11506, 1000.000000000000000 ) ;
#2468 = DIRECTION ( 'NONE',  ( 0.4383711467890782920, 0.8987940462991665935, 0.000000000000000000 ) ) ;
#2469 = EDGE_CURVE ( 'NONE', #5369, #5117, #8079, .T. ) ;
#2470 = CYLINDRICAL_SURFACE ( 'NONE', #2592, 4.242640687119387799 ) ;
#2471 = CARTESIAN_POINT ( 'NONE',  ( -23.99999999999999289, 100.9999999999999858, 6.938893903907228378E-15 ) ) ;
#2472 = CARTESIAN_POINT ( 'NONE',  ( -27.14907309865520446, 14.77089705523736818, -7.831038670737473062 ) ) ;
#2473 = DIRECTION ( 'NONE',  ( 1.000000000000000000, -0.000000000000000000, -0.000000000000000000 ) ) ;
#2474 = ORIENTED_EDGE ( 'NONE', *, *, #5800, .T. ) ;
#2475 = FACE_OUTER_BOUND ( 'NONE', #10061, .T. ) ;
#2476 = DIRECTION ( 'NONE',  ( -0.4383711467890783475, -0.8987940462991667046, 0.000000000000000000 ) ) ;
#2477 = LINE ( 'NONE', #9550, #8527 ) ;
#2478 = ORIENTED_EDGE ( 'NONE', *, *, #3387, .F. ) ;
#2479 = DIRECTION ( 'NONE',  ( -0.7071067811865444641, -0.7071067811865505703, 0.000000000000000000 ) ) ;
#2480 = CARTESIAN_POINT ( 'NONE',  ( -27.56135765566532925, 16.79787558810386727, -13.99999999999999822 ) ) ;
#2481 = VECTOR ( 'NONE', #5171, 1000.000000000000000 ) ;
#2482 = DIRECTION ( 'NONE',  ( -0.000000000000000000, 1.000000000000000000, -0.000000000000000000 ) ) ;
#2483 = DIRECTION ( 'NONE',  ( 0.7071067811865499042, -0.7071067811865451302, 0.000000000000000000 ) ) ;
#2484 = VERTEX_POINT ( 'NONE', #3541 ) ;
#2485 = ORIENTED_EDGE ( 'NONE', *, *, #2611, .F. ) ;
#2486 = AXIS2_PLACEMENT_3D ( 'NONE', #8134, #1893, #161 ) ;
#2487 = VERTEX_POINT ( 'NONE', #8661 ) ;
#2488 = CARTESIAN_POINT ( 'NONE',  ( -19.60934104347439089, -0.07083776856101628439, 24.82842712474618097 ) ) ;
#2489 = EDGE_CURVE ( 'NONE', #8542, #168, #6964, .T. ) ;
#2490 = ORIENTED_EDGE ( 'NONE', *, *, #8241, .T. ) ;
#2491 = CIRCLE ( 'NONE', #7904, 1.700000000000000178 ) ;
#2492 = CARTESIAN_POINT ( 'NONE',  ( -22.16561135359183510, 8.468672896892815771, 4.013074254044568079 ) ) ;
#2493 = ORIENTED_EDGE ( 'NONE', *, *, #5831, .T. ) ;
#2494 = CYLINDRICAL_SURFACE ( 'NONE', #79, 5.000000000000000888 ) ;
#2495 = CARTESIAN_POINT ( 'NONE',  ( -30.02871870788963804, 22.99999999999999289, -5.499999999999999112 ) ) ;
#2496 = DIRECTION ( 'NONE',  ( -0.000000000000000000, -1.000000000000000000, -0.000000000000000000 ) ) ;
#2497 = CARTESIAN_POINT ( 'NONE',  ( -43.99999999999998579, 88.61736382251127964, -84.74336439883576588 ) ) ;
#2498 = EDGE_CURVE ( 'NONE', #10277, #9868, #696, .T. ) ;
#2499 = ORIENTED_EDGE ( 'NONE', *, *, #1442, .T. ) ;
#2500 = AXIS2_PLACEMENT_3D ( 'NONE', #10251, #7318, #1269 ) ;
#2501 = ORIENTED_EDGE ( 'NONE', *, *, #4538, .T. ) ;
#2503 = ORIENTED_EDGE ( 'NONE', *, *, #6929, .T. ) ;
#2502 = ADVANCED_FACE ( 'NONE', ( #6049 ), #9619, .F. ) ;
#2504 = EDGE_CURVE ( 'NONE', #4450, #9048, #1617, .T. ) ;
#2505 = DIRECTION ( 'NONE',  ( -7.993605777301127091E-15, 0.000000000000000000, 1.000000000000000000 ) ) ;
#2506 = DIRECTION ( 'NONE',  ( 0.000000000000000000, -1.000000000000000000, 0.000000000000000000 ) ) ;
#2507 = ADVANCED_FACE ( 'NONE', ( #758 ), #7083, .F. ) ;
#2508 = CIRCLE ( 'NONE', #6787, 3.500000000000000000 ) ;
#2509 = CARTESIAN_POINT ( 'NONE',  ( -17.09487148704123527, -0.6898624198686178488, 26.97278767035841085 ) ) ;
#2510 = DIRECTION ( 'NONE',  ( 0.000000000000000000, 0.000000000000000000, -1.000000000000000000 ) ) ;
#2511 = CARTESIAN_POINT ( 'NONE',  ( -27.56135765566532925, 16.79787558810382109, 12.00000000000000355 ) ) ;
#2512 = ORIENTED_EDGE ( 'NONE', *, *, #3884, .F. ) ;
#2513 = CARTESIAN_POINT ( 'NONE',  ( -42.99999999999998579, 61.52233036175878311, 13.99999999999995737 ) ) ;
#2514 = EDGE_CURVE ( 'NONE', #6639, #1015, #8247, .T. ) ;
#2515 = ORIENTED_EDGE ( 'NONE', *, *, #6524, .F. ) ;
#2516 = AXIS2_PLACEMENT_3D ( 'NONE', #6157, #10714, #1678 ) ;
#2517 = DIRECTION ( 'NONE',  ( -0.5478338651825963579, 0.8365871479762864160, 0.000000000000000000 ) ) ;
#2518 = DIRECTION ( 'NONE',  ( 0.000000000000000000, 0.000000000000000000, 1.000000000000000000 ) ) ;
#2520 = VERTEX_POINT ( 'NONE', #2940 ) ;
#2519 = EDGE_CURVE ( 'NONE', #3887, #228, #2104, .T. ) ;
#2522 = CARTESIAN_POINT ( 'NONE',  ( -24.00304094604636518, 88.19056726304556548, -10.40040543585531374 ) ) ;
#2521 = CARTESIAN_POINT ( 'NONE',  ( -27.56135765566532925, 16.79787558810382464, -1.000000000000000888 ) ) ;
#2523 = DIRECTION ( 'NONE',  ( 1.712579034340941216E-16, 0.000000000000000000, 1.000000000000000000 ) ) ;
#2524 = CARTESIAN_POINT ( 'NONE',  ( 13.44631595467181029, -1.750000000000000000, 21.00000000000000000 ) ) ;
#2525 = ORIENTED_EDGE ( 'NONE', *, *, #9530, .F. ) ;
#2526 = CARTESIAN_POINT ( 'NONE',  ( -26.13553390593278181, 57.76752763736812568, -7.499999999999999112 ) ) ;
#2527 = ORIENTED_EDGE ( 'NONE', *, *, #5007, .F. ) ;
#2528 = VECTOR ( 'NONE', #10602, 1000.000000000000000 ) ;
#2529 = FACE_OUTER_BOUND ( 'NONE', #1674, .T. ) ;
#2530 = EDGE_CURVE ( 'NONE', #892, #6053, #268, .T. ) ;
#2531 = AXIS2_PLACEMENT_3D ( 'NONE', #4783, #7577, #11028 ) ;
#2532 = CYLINDRICAL_SURFACE ( 'NONE', #262, 9.000000000000001776 ) ;
#2533 = LINE ( 'NONE', #6100, #9712 ) ;
#2534 = ORIENTED_EDGE ( 'NONE', *, *, #2045, .T. ) ;
#2535 = DIRECTION ( 'NONE',  ( 0.7071067811865499042, -0.7071067811865452413, 0.000000000000000000 ) ) ;
#2536 = ADVANCED_FACE ( 'NONE', ( #9012 ), #1146, .T. ) ;
#2537 = ORIENTED_EDGE ( 'NONE', *, *, #1490, .F. ) ;
#2538 = ORIENTED_EDGE ( 'NONE', *, *, #5707, .F. ) ;
#2539 = DIRECTION ( 'NONE',  ( -0.3907311284893227876, 3.149372140868861799E-15, 0.9205048534524195025 ) ) ;
#2540 = PLANE ( 'NONE',  #2516 ) ;
#2541 = ORIENTED_EDGE ( 'NONE', *, *, #6085, .T. ) ;
#2542 = DIRECTION ( 'NONE',  ( -1.000000000000000000, 0.000000000000000000, 0.000000000000000000 ) ) ;
#2543 = FACE_OUTER_BOUND ( 'NONE', #2776, .T. ) ;
#2544 = VERTEX_POINT ( 'NONE', #8191 ) ;
#2545 = LINE ( 'NONE', #3362, #9586 ) ;
#2546 = CARTESIAN_POINT ( 'NONE',  ( -27.42013171315744557, 15.76764722094122639, -14.16961458421574527 ) ) ;
#2547 = CIRCLE ( 'NONE', #9062, 5.000000000000000888 ) ;
#2548 = EDGE_CURVE ( 'NONE', #7551, #1984, #5412, .T. ) ;
#2549 = DIRECTION ( 'NONE',  ( 0.8987940462991665935, -0.4383711467890782920, 0.000000000000000000 ) ) ;
#2550 = CARTESIAN_POINT ( 'NONE',  ( -20.99999999999998934, 45.46042085618157103, 14.00000000000000178 ) ) ;
#2551 = ORIENTED_EDGE ( 'NONE', *, *, #10753, .F. ) ;
#2552 = ORIENTED_EDGE ( 'NONE', *, *, #7841, .T. ) ;
#2553 = ORIENTED_EDGE ( 'NONE', *, *, #9912, .F. ) ;
#2554 = ORIENTED_EDGE ( 'NONE', *, *, #5718, .T. ) ;
#2555 = CARTESIAN_POINT ( 'NONE',  ( -26.02411907401664592, 79.84994088672972623, -10.40000000000000568 ) ) ;
#2556 = DIRECTION ( 'NONE',  ( -0.7071067811865474617, -0.7071067811865474617, -0.000000000000000000 ) ) ;
#2557 = DIRECTION ( 'NONE',  ( 0.000000000000000000, 0.000000000000000000, 1.000000000000000000 ) ) ;
#2558 = FACE_OUTER_BOUND ( 'NONE', #3053, .T. ) ;
#2559 = VECTOR ( 'NONE', #4544, 1000.000000000000000 ) ;
#2560 = CONICAL_SURFACE ( 'NONE', #1051, 11.00000000000000711, 0.7853981633974422838 ) ;
#2561 = DIRECTION ( 'NONE',  ( -0.000000000000000000, -0.000000000000000000, -1.000000000000000000 ) ) ;
#2562 = CARTESIAN_POINT ( 'NONE',  ( -22.77561206912258740, 9.078673612423557415, 8.837068744713409529 ) ) ;
#2563 = CIRCLE ( 'NONE', #9078, 26.75000000000000000 ) ;
#2564 = VERTEX_POINT ( 'NONE', #2882 ) ;
#2565 = ORIENTED_EDGE ( 'NONE', *, *, #19, .F. ) ;
#2566 = VECTOR ( 'NONE', #7561, 1000.000000000000000 ) ;
#2567 = ORIENTED_EDGE ( 'NONE', *, *, #1161, .F. ) ;
#2568 = ORIENTED_EDGE ( 'NONE', *, *, #8426, .F. ) ;
#2569 = CARTESIAN_POINT ( 'NONE',  ( -26.13553390593271075, 21.36752763736817684, -13.99999999999999822 ) ) ;
#2570 = DIRECTION ( 'NONE',  ( 0.000000000000000000, -0.000000000000000000, 1.000000000000000000 ) ) ;
#2571 = CARTESIAN_POINT ( 'NONE',  ( -18.98493041149207983, -0.2831413431124877866, 25.46663524570251269 ) ) ;
#2572 = DIRECTION ( 'NONE',  ( -1.000000000000000000, 0.000000000000000000, 0.000000000000000000 ) ) ;
#2573 = VERTEX_POINT ( 'NONE', #6435 ) ;
#2574 = DIRECTION ( 'NONE',  ( 0.000000000000000000, -1.000000000000000000, 0.000000000000000000 ) ) ;
#2575 = ADVANCED_FACE ( 'NONE', ( #4525 ), #8081, .F. ) ;
#2576 = VECTOR ( 'NONE', #2222, 1000.000000000000000 ) ;
#2577 = ORIENTED_EDGE ( 'NONE', *, *, #3838, .T. ) ;
#2578 = EDGE_CURVE ( 'NONE', #7551, #7742, #7194, .T. ) ;
#2579 =( BOUNDED_CURVE ( )  B_SPLINE_CURVE ( 3, ( #3489, #51, #1038, #7255 ),
 .UNSPECIFIED., .F., .F. ) 
 B_SPLINE_CURVE_WITH_KNOTS ( ( 4, 4 ),
 ( 5.886514673722978763, 5.914017237520221570 ),
 .UNSPECIFIED. ) 
 CURVE ( )  GEOMETRIC_REPRESENTATION_ITEM ( )  RATIONAL_B_SPLINE_CURVE ( ( 1.000000000000000000, 0.9999369684086518717, 0.9999369684086518717, 1.000000000000000000 ) ) 
 REPRESENTATION_ITEM ( '' )  );
#2580 = SURFACE_STYLE_USAGE ( .BOTH. , #10586 ) ;
#2581 = CARTESIAN_POINT ( 'NONE',  ( -32.96862915010149919, 112.7499999999999858, 5.446805234043272572E-15 ) ) ;
#2582 = ORIENTED_EDGE ( 'NONE', *, *, #42, .T. ) ;
#2583 = CYLINDRICAL_SURFACE ( 'NONE', #3965, 1.700000000000000178 ) ;
#2584 = CARTESIAN_POINT ( 'NONE',  ( 16.56992757980552611, -3.500000000000000000, 21.00000000000000000 ) ) ;
#2585 = CARTESIAN_POINT ( 'NONE',  ( -24.00000000000000000, 28.50306154330090536, 14.00000000000000178 ) ) ;
#2586 = ORIENTED_EDGE ( 'NONE', *, *, #2514, .T. ) ;
#2587 = CARTESIAN_POINT ( 'NONE',  ( -24.00000000000003908, 46.70306154330088333, 7.500000000000000000 ) ) ;
#2588 = VECTOR ( 'NONE', #7588, 1000.000000000000000 ) ;
#2589 = ORIENTED_EDGE ( 'NONE', *, *, #9980, .F. ) ;
#2590 = CARTESIAN_POINT ( 'NONE',  ( -27.60000000000000853, 34.17412935516636452, -13.99999999999999822 ) ) ;
#2591 = EDGE_CURVE ( 'NONE', #6308, #9413, #3708, .T. ) ;
#2592 = AXIS2_PLACEMENT_3D ( 'NONE', #7079, #10649, #2413 ) ;
#2593 = CARTESIAN_POINT ( 'NONE',  ( -22.16561135359183510, 8.468672896892815771, 4.013074254044568079 ) ) ;
#2594 = ORIENTED_EDGE ( 'NONE', *, *, #7382, .F. ) ;
#2595 = ORIENTED_EDGE ( 'NONE', *, *, #8311, .T. ) ;
#2596 = EDGE_LOOP ( 'NONE', ( #2213, #5685, #6697, #7805, #8459, #4239, #2660 ) ) ;
#2597 = DIRECTION ( 'NONE',  ( -0.000000000000000000, -1.000000000000000000, 1.927470528863117569E-16 ) ) ;
#2598 = CARTESIAN_POINT ( 'NONE',  ( -18.59999999999998366, 17.63098360465878756, -1.000000000000000888 ) ) ;
#2599 = FACE_OUTER_BOUND ( 'NONE', #6280, .T. ) ;
#2600 = ORIENTED_EDGE ( 'NONE', *, *, #2653, .F. ) ;
#2601 = DIRECTION ( 'NONE',  ( 0.7071067811865512365, 0.7071067811865439090, -0.000000000000000000 ) ) ;
#2602 = LINE ( 'NONE', #6161, #6298 ) ;
#2603 = ORIENTED_EDGE ( 'NONE', *, *, #5799, .T. ) ;
#2604 = DIRECTION ( 'NONE',  ( 0.000000000000000000, -1.000000000000000000, 0.000000000000000000 ) ) ;
#2605 = CARTESIAN_POINT ( 'NONE',  ( -26.24785319724718136, 1.524838063791169374, 21.32403769337948773 ) ) ;
#2606 = ORIENTED_EDGE ( 'NONE', *, *, #1990, .F. ) ;
#2607 = ORIENTED_EDGE ( 'NONE', *, *, #2244, .T. ) ;
#2608 = VERTEX_POINT ( 'NONE', #5582 ) ;
#2609 = VERTEX_POINT ( 'NONE', #1952 ) ;
#2610 = EDGE_CURVE ( 'NONE', #10835, #7727, #1088, .T. ) ;
#2611 = EDGE_CURVE ( 'NONE', #5922, #11411, #5929, .T. ) ;
#2612 = CARTESIAN_POINT ( 'NONE',  ( -21.84032041970593241, 8.214066791885558771, 9.048961939630146389 ) ) ;
#2613 = CARTESIAN_POINT ( 'NONE',  ( -23.84103704950449298, 8.270649668640812635, 21.07562564253846205 ) ) ;
#2614 = CARTESIAN_POINT ( 'NONE',  ( -25.66337860478363098, 0.4381173826544226269, 20.50553221376133450 ) ) ;
#2615 = CARTESIAN_POINT ( 'NONE',  ( -27.60000000000001563, 38.10306154330088191, -47.00000000000000000 ) ) ;
#2616 = FACE_OUTER_BOUND ( 'NONE', #11214, .T. ) ;
#2617 = DIRECTION ( 'NONE',  ( 0.8987940462991665935, -0.4383711467890782920, 0.000000000000000000 ) ) ;
#2618 = ORIENTED_EDGE ( 'NONE', *, *, #824, .T. ) ;
#2619 = AXIS2_PLACEMENT_3D ( 'NONE', #2615, #9752, #1753 ) ;
#2620 = ORIENTED_EDGE ( 'NONE', *, *, #9034, .T. ) ;
#2621 = B_SPLINE_CURVE_WITH_KNOTS ( 'NONE', 3,
 ( #5567, #252, #3807, #7350, #2922, #6479, #2053, #4739, #6532, #8630, #5795, #912, #9826, #11467, #5281, #3669, #7205, #2613, #170, #9749, #1750, #1961, #3009, #4644 ),
 .UNSPECIFIED., .F., .F.,
 ( 4, 2, 1, 1, 2, 2, 2, 2, 2, 2, 2, 2, 4 ),
 ( 0.000000000000000000, 0.1249999999999942268, 0.1874999999999918399, 0.2187499999999902023, 0.2343749999999899525, 0.2499999999999896749, 0.3749999999999911737, 0.4374999999999918954, 0.4999999999999926725, 0.5624999999999934497, 0.6249999999999942268, 0.7499999999999962252, 1.000000000000000000 ),
 .UNSPECIFIED. ) ;
#2622 = ORIENTED_EDGE ( 'NONE', *, *, #7003, .T. ) ;
#2624 = ORIENTED_EDGE ( 'NONE', *, *, #988, .F. ) ;
#2623 = EDGE_CURVE ( 'NONE', #85, #2886, #511, .T. ) ;
#2625 = CARTESIAN_POINT ( 'NONE',  ( -32.49999999999998579, 100.9999999999999858, -16.49999999999999645 ) ) ;
#2626 = CARTESIAN_POINT ( 'NONE',  ( -33.03137084989845107, 112.7499999999999858, -1.843629150101525616 ) ) ;
#2627 = DIRECTION ( 'NONE',  ( 0.000000000000000000, 0.000000000000000000, -1.000000000000000000 ) ) ;
#2628 = DIRECTION ( 'NONE',  ( 0.000000000000000000, 0.000000000000000000, 1.000000000000000000 ) ) ;
#2629 = ORIENTED_EDGE ( 'NONE', *, *, #1293, .T. ) ;
#2630 = CARTESIAN_POINT ( 'NONE',  ( -16.99761971378717007, -0.8086645392696450996, 26.98123904348614133 ) ) ;
#2631 = VERTEX_POINT ( 'NONE', #8477 ) ;
#2632 = DIRECTION ( 'NONE',  ( 0.000000000000000000, 0.000000000000000000, 1.000000000000000000 ) ) ;
#2633 = CYLINDRICAL_SURFACE ( 'NONE', #8422, 35.00000000000000000 ) ;
#2634 = ORIENTED_EDGE ( 'NONE', *, *, #6202, .F. ) ;
#2635 = EDGE_CURVE ( 'NONE', #1381, #8852, #5174, .T. ) ;
#2636 = CARTESIAN_POINT ( 'NONE',  ( -25.33626385280649274, 11.63932539610743788, -1.836597739299968168 ) ) ;
#2637 = DIRECTION ( 'NONE',  ( -1.000000000000000000, 2.465190328815661892E-32, 1.712579034340941216E-16 ) ) ;
#2638 = DIRECTION ( 'NONE',  ( 0.8660254037844385966, -0.5000000000000003331, 0.000000000000000000 ) ) ;
#2639 = ORIENTED_EDGE ( 'NONE', *, *, #1228, .T. ) ;
#2640 = CARTESIAN_POINT ( 'NONE',  ( -26.13553390593271075, 21.36752763736817684, -7.500000000000000000 ) ) ;
#2641 = EDGE_CURVE ( 'NONE', #6830, #11181, #5759, .T. ) ;
#2642 = CARTESIAN_POINT ( 'NONE',  ( -26.13553390593278181, 57.76752763736812568, -5.499999999999999112 ) ) ;
#2643 = VECTOR ( 'NONE', #3763, 1000.000000000000000 ) ;
#2644 = AXIS2_PLACEMENT_3D ( 'NONE', #5346, #8885, #911 ) ;
#2645 = DIRECTION ( 'NONE',  ( -1.000000000000000000, 0.000000000000000000, 0.000000000000000000 ) ) ;
#2646 = CIRCLE ( 'NONE', #2091, 1.843629150101543379 ) ;
#2647 = LINE ( 'NONE', #1549, #1485 ) ;
#2648 = VECTOR ( 'NONE', #4268, 1000.000000000000114 ) ;
#2649 = ADVANCED_FACE ( 'NONE', ( #1314 ), #4865, .F. ) ;
#2650 = ADVANCED_FACE ( 'NONE', ( #11113 ), #2560, .F. ) ;
#2651 = LINE ( 'NONE', #6211, #1426 ) ;
#2652 = ORIENTED_EDGE ( 'NONE', *, *, #2915, .F. ) ;
#2653 = EDGE_CURVE ( 'NONE', #2085, #2887, #6484, .T. ) ;
#2654 = DIRECTION ( 'NONE',  ( 0.000000000000000000, 0.000000000000000000, 1.000000000000000000 ) ) ;
#2655 = CARTESIAN_POINT ( 'NONE',  ( -34.09999999999998721, 100.9999999999999858, -3.037741699796939088 ) ) ;
#2656 = ORIENTED_EDGE ( 'NONE', *, *, #7481, .F. ) ;
#2657 = CARTESIAN_POINT ( 'NONE',  ( -25.84594845001526409, 7.661138890005668500, 21.43917950455010057 ) ) ;
#2658 = ORIENTED_EDGE ( 'NONE', *, *, #4906, .F. ) ;
#2659 = ORIENTED_EDGE ( 'NONE', *, *, #5686, .T. ) ;
#2660 = ORIENTED_EDGE ( 'NONE', *, *, #8504, .F. ) ;
#2661 =( BOUNDED_CURVE ( )  B_SPLINE_CURVE ( 3, ( #4922, #4804, #5860, #11166 ),
 .UNSPECIFIED., .F., .F. ) 
 B_SPLINE_CURVE_WITH_KNOTS ( ( 4, 4 ),
 ( 4.053259359228031045, 4.712388980384686121 ),
 .UNSPECIFIED. ) 
 CURVE ( )  GEOMETRIC_REPRESENTATION_ITEM ( )  RATIONAL_B_SPLINE_CURVE ( ( 1.000000000000000000, 0.9641221826911070547, 0.9641221826911070547, 1.000000000000000000 ) ) 
 REPRESENTATION_ITEM ( '' )  );
#2662 = EDGE_LOOP ( 'NONE', ( #4089, #813, #9615, #4483 ) ) ;
#2663 = AXIS2_PLACEMENT_3D ( 'NONE', #1341, #5784, #406 ) ;
#2664 = VECTOR ( 'NONE', #5430, 999.9999999999998863 ) ;
#2665 = CARTESIAN_POINT ( 'NONE',  ( -22.98766062969371049, 1.040919309178693908, 22.84531889684034311 ) ) ;
#2666 = ORIENTED_EDGE ( 'NONE', *, *, #7705, .F. ) ;
#2667 = TOROIDAL_SURFACE ( 'NONE', #9779, 3.037741699796946637, 1.600000000000000089 ) ;
#2668 = DIRECTION ( 'NONE',  ( 1.000000000000000000, 0.000000000000000000, -1.486905836551548832E-16 ) ) ;
#2669 = CARTESIAN_POINT ( 'NONE',  ( -21.24809247871001361, 8.010977461642102782, -2.597514566789943302 ) ) ;
#2670 = CARTESIAN_POINT ( 'NONE',  ( -23.99999999999998224, 101.0000000000000426, 18.49999999999998934 ) ) ;
#2671 = DIRECTION ( 'NONE',  ( 0.000000000000000000, 0.000000000000000000, -1.000000000000000000 ) ) ;
#2672 = CIRCLE ( 'NONE', #2115, 4.242640687119346055 ) ;
#2673 = ORIENTED_EDGE ( 'NONE', *, *, #1580, .T. ) ;
#2674 = EDGE_CURVE ( 'NONE', #5654, #947, #1401, .T. ) ;
#2675 = CIRCLE ( 'NONE', #1931, 16.50000000000000000 ) ;
#2676 = ORIENTED_EDGE ( 'NONE', *, *, #5756, .T. ) ;
#2677 = VECTOR ( 'NONE', #2402, 999.9999999999998863 ) ;
#2678 = ORIENTED_EDGE ( 'NONE', *, *, #6574, .T. ) ;
#2679 = VERTEX_POINT ( 'NONE', #6748 ) ;
#2680 = FACE_OUTER_BOUND ( 'NONE', #9547, .T. ) ;
#2681 = DIRECTION ( 'NONE',  ( 0.000000000000000000, 0.000000000000000000, 1.000000000000000000 ) ) ;
#2682 = AXIS2_PLACEMENT_3D ( 'NONE', #5101, #2178, #5862 ) ;
#2683 = DIRECTION ( 'NONE',  ( -1.000000000000000000, 0.000000000000000000, 1.652117596168388002E-16 ) ) ;
#2684 = FACE_OUTER_BOUND ( 'NONE', #717, .T. ) ;
#2685 = DIRECTION ( 'NONE',  ( 0.2588190451025139116, -0.000000000000000000, -0.9659258262890700886 ) ) ;
#2686 = CIRCLE ( 'NONE', #3245, 13.00000000000000178 ) ;
#2687 = DIRECTION ( 'NONE',  ( -0.000000000000000000, -0.000000000000000000, -1.000000000000000000 ) ) ;
#2688 = ADVANCED_FACE ( 'NONE', ( #7513 ), #3086, .F. ) ;
#2689 = VERTEX_POINT ( 'NONE', #10158 ) ;
#2690 = CARTESIAN_POINT ( 'NONE',  ( -20.99999999999998224, 49.70306154330096859, -5.499999999999998224 ) ) ;
#2691 = CIRCLE ( 'NONE', #9962, 5.000000000000000888 ) ;
#2692 = CARTESIAN_POINT ( 'NONE',  ( -32.96862915010149919, 89.25000000000000000, 5.446805234043271783E-15 ) ) ;
#2693 = ORIENTED_EDGE ( 'NONE', *, *, #8572, .T. ) ;
#2694 = CARTESIAN_POINT ( 'NONE',  ( -22.60000000000001208, 36.03199373143542061, -13.99999999999999822 ) ) ;
#2695 = ORIENTED_EDGE ( 'NONE', *, *, #3325, .F. ) ;
#2696 = CARTESIAN_POINT ( 'NONE',  ( -23.99999999999997158, 10.30306154330093094, -8.576572383382760734 ) ) ;
#2697 = CARTESIAN_POINT ( 'NONE',  ( -43.00000000000000000, 100.9999999999999858, -4.956352788505163268E-16 ) ) ;
#2698 = ORIENTED_EDGE ( 'NONE', *, *, #3368, .F. ) ;
#2699 = CARTESIAN_POINT ( 'NONE',  ( -20.96452854641666264, 0.9999999999999462652, 24.67142627692507872 ) ) ;
#2700 = AXIS2_PLACEMENT_3D ( 'NONE', #5909, #6877, #2272 ) ;
#2701 = DIRECTION ( 'NONE',  ( -0.000000000000000000, -1.000000000000000000, -0.000000000000000000 ) ) ;
#2702 = DIRECTION ( 'NONE',  ( 0.000000000000000000, 0.000000000000000000, 1.000000000000000000 ) ) ;
#2703 = B_SPLINE_CURVE_WITH_KNOTS ( 'NONE', 3,
 ( #1496, #3479, #8596, #6900, #4237, #7847, #2472, #4180, #11301, #6843 ),
 .UNSPECIFIED., .F., .F.,
 ( 4, 2, 2, 2, 4 ),
 ( 0.000000000000000000, 0.001566009538732428177, 0.003132019077464856353, 0.004698028616197284096, 0.006264038154929712707 ),
 .UNSPECIFIED. ) ;
#2704 = CARTESIAN_POINT ( 'NONE',  ( -43.00000000000000000, 112.7499999999999858, 1.975000000000007194 ) ) ;
#2705 = CARTESIAN_POINT ( 'NONE',  ( -21.03832892204481197, 8.000048970288762717, -9.099999999999996092 ) ) ;
#2706 = CARTESIAN_POINT ( 'NONE',  ( -27.60000000000001208, 36.03199373143541351, 12.00000000000000178 ) ) ;
#2707 = ORIENTED_EDGE ( 'NONE', *, *, #6267, .F. ) ;
#2708 = CARTESIAN_POINT ( 'NONE',  ( -17.77825669806465214, -1.309775233064505828, 25.98144590671834919 ) ) ;
#2709 = ORIENTED_EDGE ( 'NONE', *, *, #5324, .F. ) ;
#2710 = CARTESIAN_POINT ( 'NONE',  ( -20.65716699989023297, 77.23230345890712556, 7.500000000000002665 ) ) ;
#2711 = CARTESIAN_POINT ( 'NONE',  ( -25.10665469021209262, 8.572856765851978977, 20.53749186093324042 ) ) ;
#2712 = ORIENTED_EDGE ( 'NONE', *, *, #1800, .F. ) ;
#2713 = VECTOR ( 'NONE', #3759, 1000.000000000000000 ) ;
#2714 = ORIENTED_EDGE ( 'NONE', *, *, #7528, .T. ) ;
#2715 = VECTOR ( 'NONE', #11475, 1000.000000000000000 ) ;
#2716 = EDGE_CURVE ( 'NONE', #5558, #6069, #2156, .T. ) ;
#2717 = EDGE_LOOP ( 'NONE', ( #1616, #6182, #6959, #8390, #114, #1056 ) ) ;
#2718 = EDGE_CURVE ( 'NONE', #3752, #5401, #10017, .T. ) ;
#2719 = ORIENTED_EDGE ( 'NONE', *, *, #2791, .T. ) ;
#2720 = CIRCLE ( 'NONE', #9250, 1.374999999999997113 ) ;
#2721 = AXIS2_PLACEMENT_3D ( 'NONE', #108, #2012, #3655 ) ;
#2722 = ORIENTED_EDGE ( 'NONE', *, *, #10709, .F. ) ;
#2723 = B_SPLINE_CURVE_WITH_KNOTS ( 'NONE', 3,
 ( #3434, #8796, #6065, #6120, #8678, #4374, #1634, #11496, #6002, #4254, #7810, #5199, #8736, #11378, #2614, #10440, #651, #7683, #5955, #9568, #10497, #3497, #774, #7866, #9509, #11434, #7043 ),
 .UNSPECIFIED., .F., .F.,
 ( 4, 2, 2, 2, 2, 2, 2, 2, 1, 2, 2, 2, 2, 4 ),
 ( 0.000000000000000000, 0.1250000000000001388, 0.1874999999999998335, 0.2499999999999995559, 0.3749999999999996114, 0.4999999999999996669, 0.5624999999999992228, 0.6249999999999986677, 0.6874999999999982236, 0.7187499999999983347, 0.7499999999999984457, 0.8124999999999986677, 0.8749999999999988898, 1.000000000000000000 ),
 .UNSPECIFIED. ) ;
#2724 = CARTESIAN_POINT ( 'NONE',  ( -27.60000000000004405, 52.37412935516633894, -7.499999999999999112 ) ) ;
#2725 = VECTOR ( 'NONE', #8418, 1000.000000000000227 ) ;
#2726 = EDGE_CURVE ( 'NONE', #7885, #5151, #6641, .T. ) ;
#2727 = FACE_OUTER_BOUND ( 'NONE', #2245, .T. ) ;
#2728 = CARTESIAN_POINT ( 'NONE',  ( -21.03832892204482263, 8.000048970288762717, -15.59999999999999432 ) ) ;
#2729 = DIRECTION ( 'NONE',  ( -1.000000000000000000, 0.000000000000000000, 0.000000000000000000 ) ) ;
#2730 = DIRECTION ( 'NONE',  ( -2.168404344970946745E-16, -0.000000000000000000, -1.000000000000000000 ) ) ;
#2731 = B_SPLINE_CURVE_WITH_KNOTS ( 'NONE', 3,
 ( #3022, #10153, #5720, #6628 ),
 .UNSPECIFIED., .F., .F.,
 ( 4, 4 ),
 ( 3.576224061345498009E-18, 0.0003994733082391567621 ),
 .UNSPECIFIED. ) ;
#2732 = EDGE_LOOP ( 'NONE', ( #3044, #5424, #6701, #10793 ) ) ;
#2733 = EDGE_CURVE ( 'NONE', #5997, #1476, #1286, .T. ) ;
#2734 = ORIENTED_EDGE ( 'NONE', *, *, #140, .T. ) ;
#2735 = ORIENTED_EDGE ( 'NONE', *, *, #4632, .F. ) ;
#2736 = CARTESIAN_POINT ( 'NONE',  ( -26.13553390593276760, 48.83859544923359408, 5.500000000000002665 ) ) ;
#2737 = CARTESIAN_POINT ( 'NONE',  ( -24.32088110486508370, 10.62394264816603418, 10.98733276310324136 ) ) ;
#2738 = ORIENTED_EDGE ( 'NONE', *, *, #10224, .T. ) ;
#2739 = EDGE_CURVE ( 'NONE', #7272, #3594, #539, .T. ) ;
#2740 = DIRECTION ( 'NONE',  ( -0.7071067811865474617, -0.7071067811865474617, 0.000000000000000000 ) ) ;
#2741 = CARTESIAN_POINT ( 'NONE',  ( -21.03424050369336840, 9.600043746791298460, -21.00000000000000000 ) ) ;
#2742 = CARTESIAN_POINT ( 'NONE',  ( -20.99999999999997868, 38.70306154330083359, 7.500000000000002665 ) ) ;
#2743 = CIRCLE ( 'NONE', #7026, 1.975000000000000089 ) ;
#2744 = DIRECTION ( 'NONE',  ( -0.000000000000000000, -0.000000000000000000, -1.000000000000000000 ) ) ;
#2745 = CIRCLE ( 'NONE', #8707, 4.242640687119280329 ) ;
#2746 = ORIENTED_EDGE ( 'NONE', *, *, #8987, .F. ) ;
#2747 = CIRCLE ( 'NONE', #7581, 1.600000000000005862 ) ;
#2748 = CARTESIAN_POINT ( 'NONE',  ( -9.241151519879753806, -1.422675188036786551E-13, 23.03883562697221876 ) ) ;
#2749 = CARTESIAN_POINT ( 'NONE',  ( 20.00000000000003908, 0.000000000000000000, 17.76407892349047302 ) ) ;
#2750 = EDGE_LOOP ( 'NONE', ( #7624, #1337, #6625, #1489, #7048 ) ) ;
#2751 = ADVANCED_FACE ( 'NONE', ( #11200 ), #10265, .F. ) ;
#2752 = CARTESIAN_POINT ( 'NONE',  ( -23.90879241939821043, 7.183994604519279292, 22.26489299870226901 ) ) ;
#2753 = DIRECTION ( 'NONE',  ( 0.5773502691895726624, 0.5773502691896713612, 0.5773502691896335026 ) ) ;
#2754 = DIRECTION ( 'NONE',  ( 0.000000000000000000, 0.000000000000000000, 1.000000000000000000 ) ) ;
#2755 = EDGE_CURVE ( 'NONE', #2631, #1875, #9052, .T. ) ;
#2756 = EDGE_CURVE ( 'NONE', #5227, #2924, #6281, .T. ) ;
#2757 = DIRECTION ( 'NONE',  ( -1.652117596168387756E-16, -1.232595164407803029E-32, -1.000000000000000000 ) ) ;
#2758 = VERTEX_POINT ( 'NONE', #5727 ) ;
#2759 = ORIENTED_EDGE ( 'NONE', *, *, #7309, .T. ) ;
#2760 = CARTESIAN_POINT ( 'NONE',  ( 34.00000000000000000, 112.7499999999999858, -1.375000000000003331 ) ) ;
#2761 = AXIS2_PLACEMENT_3D ( 'NONE', #10478, #760, #6109 ) ;
#2762 = CARTESIAN_POINT ( 'NONE',  ( -27.60000000000010445, 88.61736382251130806, 1.000000000000001776 ) ) ;
#2763 = CARTESIAN_POINT ( 'NONE',  ( 18.61702408653039242, 8.000000000000000000, 17.78957318660417997 ) ) ;
#2764 = VECTOR ( 'NONE', #9351, 1000.000000000000000 ) ;
#2765 = CARTESIAN_POINT ( 'NONE',  ( -24.96396103067888106, 11.26702257397983331, 4.600822128799054944 ) ) ;
#2766 = CARTESIAN_POINT ( 'NONE',  ( -27.56135765566533280, 16.79787558810388148, 7.500000000000000000 ) ) ;
#2767 = CYLINDRICAL_SURFACE ( 'NONE', #3279, 35.00000000000000000 ) ;
#2768 = CYLINDRICAL_SURFACE ( 'NONE', #2939, 5.000000000000000888 ) ;
#2769 = DIRECTION ( 'NONE',  ( 0.2326250168069756152, -0.1134588016124435106, 0.9659258262890699775 ) ) ;
#2770 = CARTESIAN_POINT ( 'NONE',  ( -27.19482296375183950, 1.768800928058629873, 21.12089194914428703 ) ) ;
#2771 = EDGE_LOOP ( 'NONE', ( #10245, #9144, #3344, #7022 ) ) ;
#2772 = CIRCLE ( 'NONE', #4274, 2.431370849898479847 ) ;
#2773 = CIRCLE ( 'NONE', #2026, 4.242640687119280329 ) ;
#2774 = EDGE_CURVE ( 'NONE', #8559, #727, #8696, .T. ) ;
#2775 = ORIENTED_EDGE ( 'NONE', *, *, #178, .T. ) ;
#2776 = EDGE_LOOP ( 'NONE', ( #2316, #9888, #7307, #481 ) ) ;
#2777 = ORIENTED_EDGE ( 'NONE', *, *, #9194, .F. ) ;
#2778 = LINE ( 'NONE', #1960, #1407 ) ;
#2779 = DIRECTION ( 'NONE',  ( 1.000000000000000000, 0.000000000000000000, 0.000000000000000000 ) ) ;
#2780 = EDGE_CURVE ( 'NONE', #3728, #7443, #3502, .T. ) ;
#2781 = CARTESIAN_POINT ( 'NONE',  ( -35.99999999999999289, 122.0000000000000000, 9.100000000000003197 ) ) ;
#2782 = FACE_OUTER_BOUND ( 'NONE', #1348, .T. ) ;
#2783 = EDGE_CURVE ( 'NONE', #573, #318, #9631, .T. ) ;
#2784 = CARTESIAN_POINT ( 'NONE',  ( -43.99999999999998579, 88.61736382251127964, 1.000000000000000888 ) ) ;
#2785 = DIRECTION ( 'NONE',  ( 0.000000000000000000, 0.000000000000000000, 1.000000000000000000 ) ) ;
#2786 = ORIENTED_EDGE ( 'NONE', *, *, #6376, .T. ) ;
#2787 = CARTESIAN_POINT ( 'NONE',  ( -23.38689500141419941, 9.689956544715165876, -4.301324556786426889 ) ) ;
#2788 = DIRECTION ( 'NONE',  ( -0.8681683818352192716, 0.4234340121835278858, -0.2588190451025133565 ) ) ;
#2789 = CARTESIAN_POINT ( 'NONE',  ( -46.00000000000000000, 8.000000000000000000, -20.00000000000001421 ) ) ;
#2790 = ORIENTED_EDGE ( 'NONE', *, *, #10985, .T. ) ;
#2791 = EDGE_CURVE ( 'NONE', #5255, #2418, #1574, .T. ) ;
#2792 = ADVANCED_FACE ( 'NONE', ( #9795 ), #874, .F. ) ;
#2793 = DIRECTION ( 'NONE',  ( 0.000000000000000000, 0.000000000000000000, 1.000000000000000000 ) ) ;
#2794 = DIRECTION ( 'NONE',  ( 1.000000000000000000, 0.000000000000000000, 0.000000000000000000 ) ) ;
#2795 = DIRECTION ( 'NONE',  ( 1.000000000000000000, 0.000000000000000000, -2.310390584376974866E-16 ) ) ;
#2796 = EDGE_CURVE ( 'NONE', #2404, #7692, #10721, .T. ) ;
#2797 = LINE ( 'NONE', #190, #9867 ) ;
#2798 = B_SPLINE_CURVE_WITH_KNOTS ( 'NONE', 3,
 ( #1537, #8646, #3108, #9476, #498, #5923, #3926, #11224, #7474, #4165 ),
 .UNSPECIFIED., .F., .F.,
 ( 4, 2, 2, 2, 4 ),
 ( -1.183216979163352324E-05, 0.0007152809138107022336, 0.001442393997413037943, 0.002169507081015373436, 0.002896620164617709145 ),
 .UNSPECIFIED. ) ;
#2799 = CARTESIAN_POINT ( 'NONE',  ( -46.00000000000000000, 35.86424652399214352, -17.00000000000001066 ) ) ;
#2800 = EDGE_LOOP ( 'NONE', ( #9688, #10189, #10038, #2235 ) ) ;
#2801 = ORIENTED_EDGE ( 'NONE', *, *, #7061, .F. ) ;
#2802 = VECTOR ( 'NONE', #5373, 1000.000000000000000 ) ;
#2803 = CARTESIAN_POINT ( 'NONE',  ( -25.22558641697037629, 7.474170064541764802, 21.65078988003312688 ) ) ;
#2804 = FACE_OUTER_BOUND ( 'NONE', #2124, .T. ) ;
#2805 = CARTESIAN_POINT ( 'NONE',  ( -24.64217666525580697, 10.94523820855675744, 14.95326638956556486 ) ) ;
#2806 = VERTEX_POINT ( 'NONE', #8907 ) ;
#2807 = DIRECTION ( 'NONE',  ( 1.000000000000000000, 0.000000000000000000, 0.000000000000000000 ) ) ;
#2808 = ORIENTED_EDGE ( 'NONE', *, *, #3663, .F. ) ;
#2809 = CARTESIAN_POINT ( 'NONE',  ( -20.25742176523009164, 0.000000000000000000, 23.96431949573860720 ) ) ;
#2810 = DIRECTION ( 'NONE',  ( -0.000000000000000000, -0.000000000000000000, -1.000000000000000000 ) ) ;
#2811 = CARTESIAN_POINT ( 'NONE',  ( -24.01183860630147038, 87.84956478433105076, 9.980389997344532915 ) ) ;
#2812 = DIRECTION ( 'NONE',  ( -1.000000000000000000, 0.000000000000000000, 0.000000000000000000 ) ) ;
#2813 = CARTESIAN_POINT ( 'NONE',  ( -23.99999999999998934, 88.61736382251127964, -15.59999999999998899 ) ) ;
#2814 = VERTEX_POINT ( 'NONE', #50 ) ;
#2815 = DIRECTION ( 'NONE',  ( 0.000000000000000000, 0.000000000000000000, 1.000000000000000000 ) ) ;
#2816 = DIRECTION ( 'NONE',  ( 1.000000000000000000, 0.000000000000000000, -0.000000000000000000 ) ) ;
#2817 = DIRECTION ( 'NONE',  ( -1.000000000000000000, 4.319837007227158624E-17, -0.000000000000000000 ) ) ;
#2818 = CARTESIAN_POINT ( 'NONE',  ( -28.46108294739492450, 2.175887799508005038, 21.00000660163099653 ) ) ;
#2819 = VERTEX_POINT ( 'NONE', #4424 ) ;
#2820 = ADVANCED_FACE ( 'NONE', ( #9453 ), #9434, .T. ) ;
#2821 = AXIS2_PLACEMENT_3D ( 'NONE', #4755, #6545, #9640 ) ;
#2822 = VERTEX_POINT ( 'NONE', #8031 ) ;
#2823 = AXIS2_PLACEMENT_3D ( 'NONE', #6887, #10461, #6027 ) ;
#2824 = VERTEX_POINT ( 'NONE', #7152 ) ;
#2825 = ORIENTED_EDGE ( 'NONE', *, *, #335, .F. ) ;
#2826 = CARTESIAN_POINT ( 'NONE',  ( -36.00000000000000000, 22.99999999999999289, -10.40000000000000036 ) ) ;
#2827 = FACE_OUTER_BOUND ( 'NONE', #8922, .T. ) ;
#2828 = VERTEX_POINT ( 'NONE', #1464 ) ;
#2829 = CARTESIAN_POINT ( 'NONE',  ( -18.59999999999998366, 17.63098360465878756, 7.500000000000000000 ) ) ;
#2830 = VECTOR ( 'NONE', #6935, 1000.000000000000114 ) ;
#2831 = LINE ( 'NONE', #8095, #5847 ) ;
#2832 = CARTESIAN_POINT ( 'NONE',  ( -17.40147415945251907, -1.885153006177754165, 26.00000000000001776 ) ) ;
#2833 = AXIS2_PLACEMENT_3D ( 'NONE', #4443, #10627, #3333 ) ;
#2834 = CARTESIAN_POINT ( 'NONE',  ( -43.99999999999998579, 88.61736382251127964, -84.74336439883576588 ) ) ;
#2835 = CARTESIAN_POINT ( 'NONE',  ( -43.99999999999998579, 88.61736382251127964, -11.99999999999999645 ) ) ;
#2836 = ORIENTED_EDGE ( 'NONE', *, *, #6914, .F. ) ;
#2837 = ADVANCED_FACE ( 'NONE', ( #4476 ), #6696, .F. ) ;
#2838 = AXIS2_PLACEMENT_3D ( 'NONE', #8413, #429, #6659 ) ;
#2839 = ORIENTED_EDGE ( 'NONE', *, *, #3699, .T. ) ;
#2840 = ORIENTED_EDGE ( 'NONE', *, *, #1377, .T. ) ;
#2841 = DIRECTION ( 'NONE',  ( 1.000000000000000000, 0.000000000000000000, 0.000000000000000000 ) ) ;
#2842 = B_SPLINE_CURVE_WITH_KNOTS ( 'NONE', 3,
 ( #8585, #9665, #4340, #7836 ),
 .UNSPECIFIED., .F., .F.,
 ( 4, 4 ),
 ( 0.000000000000000000, 0.002232393327123468121 ),
 .UNSPECIFIED. ) ;
#2843 = DIRECTION ( 'NONE',  ( -0.000000000000000000, -0.000000000000000000, -1.000000000000000000 ) ) ;
#2844 = FACE_BOUND ( 'NONE', #9642, .T. ) ;
#2845 = VERTEX_POINT ( 'NONE', #7457 ) ;
#2846 = DIRECTION ( 'NONE',  ( -0.7071067811865475727, 0.7071067811865475727, 0.000000000000000000 ) ) ;
#2847 = CYLINDRICAL_SURFACE ( 'NONE', #4142, 1.600000000000000755 ) ;
#2848 = CARTESIAN_POINT ( 'NONE',  ( -23.99999999999998224, 100.9999999999998295, 48.53342357274357965 ) ) ;
#2849 = EDGE_CURVE ( 'NONE', #9845, #6069, #5731, .T. ) ;
#2850 = CIRCLE ( 'NONE', #10869, 5.000000000000000888 ) ;
#2851 = CARTESIAN_POINT ( 'NONE',  ( -19.84387034554393026, 0.8545003824507830803, 25.77492596253225088 ) ) ;
#2852 = CONICAL_SURFACE ( 'NONE', #11444, 25.97128129211036196, 1.308996938995752979 ) ;
#2853 = VECTOR ( 'NONE', #8049, 1000.000000000000000 ) ;
#2854 = ORIENTED_EDGE ( 'NONE', *, *, #2224, .T. ) ;
#2855 = ADVANCED_FACE ( 'NONE', ( #9278 ), #1969, .F. ) ;
#2856 = EDGE_CURVE ( 'NONE', #9504, #5249, #5787, .T. ) ;
#2857 = EDGE_CURVE ( 'NONE', #7013, #7603, #3111, .T. ) ;
#2858 = CARTESIAN_POINT ( 'NONE',  ( -44.50000000000000000, 51.28339046910141974, -15.49999999999997158 ) ) ;
#2859 = VERTEX_POINT ( 'NONE', #2159 ) ;
#2860 = CARTESIAN_POINT ( 'NONE',  ( -35.73499348497428940, 60.33781306909052233, -20.88751140823994845 ) ) ;
#2861 = EDGE_LOOP ( 'NONE', ( #1318, #5663, #3551, #3100, #9423, #10624 ) ) ;
#2862 = CARTESIAN_POINT ( 'NONE',  ( -25.84611623064248320, 7.660388636780192329, 21.43807949891033360 ) ) ;
#2863 = FACE_OUTER_BOUND ( 'NONE', #5364, .T. ) ;
#2864 = LINE ( 'NONE', #2984, #8468 ) ;
#2865 = VERTEX_POINT ( 'NONE', #7636 ) ;
#2866 = AXIS2_PLACEMENT_3D ( 'NONE', #10118, #4220, #11281 ) ;
#2867 = LINE ( 'NONE', #3641, #4050 ) ;
#2868 = ORIENTED_EDGE ( 'NONE', *, *, #335, .T. ) ;
#2869 = VERTEX_POINT ( 'NONE', #2261 ) ;
#2870 = EDGE_CURVE ( 'NONE', #10356, #1577, #5551, .T. ) ;
#2871 = CARTESIAN_POINT ( 'NONE',  ( 15.56992757980551367, 8.000000000000000000, 0.000000000000000000 ) ) ;
#2872 = DIRECTION ( 'NONE',  ( -0.000000000000000000, -0.000000000000000000, -1.000000000000000000 ) ) ;
#2873 = CIRCLE ( 'NONE', #109, 1.899999999999999467 ) ;
#2874 = EDGE_CURVE ( 'NONE', #7443, #5558, #3469, .T. ) ;
#2875 = DIRECTION ( 'NONE',  ( 0.000000000000000000, 0.000000000000000000, -1.000000000000000000 ) ) ;
#2876 = B_SPLINE_CURVE_WITH_KNOTS ( 'NONE', 3,
 ( #10396, #11460, #5214, #7001, #3455, #7886, #845, #2340, #7828, #9653 ),
 .UNSPECIFIED., .F., .F.,
 ( 4, 2, 2, 2, 4 ),
 ( 2.168404344971008868E-19, 0.001567842970656433332, 0.003135685941312861026, 0.004703528911969289371, 0.006271371882625716848 ),
 .UNSPECIFIED. ) ;
#2877 = CARTESIAN_POINT ( 'NONE',  ( -43.99999999999998579, 88.61736382251127964, -11.99999999999999645 ) ) ;
#2878 = PLANE ( 'NONE',  #11255 ) ;
#2879 = AXIS2_PLACEMENT_3D ( 'NONE', #7849, #159, #3760 ) ;
#2880 = DIRECTION ( 'NONE',  ( -0.7071067811865315855, 0.000000000000000000, -0.7071067811865634489 ) ) ;
#2881 = AXIS2_PLACEMENT_3D ( 'NONE', #3731, #2906, #292 ) ;
#2882 = CARTESIAN_POINT ( 'NONE',  ( -24.00000000000000000, 28.50306154330090536, -5.499999999999998224 ) ) ;
#2883 = VECTOR ( 'NONE', #4209, 1000.000000000000000 ) ;
#2884 = DIRECTION ( 'NONE',  ( 0.4383711467890782920, 0.8987940462991665935, 0.000000000000000000 ) ) ;
#2885 = EDGE_CURVE ( 'NONE', #3974, #1390, #3911, .T. ) ;
#2886 = VERTEX_POINT ( 'NONE', #5021 ) ;
#2887 = VERTEX_POINT ( 'NONE', #3030 ) ;
#2888 = CIRCLE ( 'NONE', #4011, 24.00000000000006040 ) ;
#2889 = ORIENTED_EDGE ( 'NONE', *, *, #8861, .T. ) ;
#2890 = CARTESIAN_POINT ( 'NONE',  ( 16.56992757980552611, -3.499999999999999112, 24.50000000000000000 ) ) ;
#2891 = CARTESIAN_POINT ( 'NONE',  ( 16.56992757980552611, 6.999999999999980460, 26.00000000000001776 ) ) ;
#2892 = CARTESIAN_POINT ( 'NONE',  ( -43.99999999999998579, 88.61736382251127964, 12.00000000000000178 ) ) ;
#2893 = CARTESIAN_POINT ( 'NONE',  ( 3.033519862834639985E-16, -1.750000000000004441, 24.03108891324554008 ) ) ;
#2894 = EDGE_CURVE ( 'NONE', #5698, #4535, #7404, .T. ) ;
#2895 = CARTESIAN_POINT ( 'NONE',  ( -20.99999999999998934, 24.74570223042017503, -7.499999999999998224 ) ) ;
#2896 = CARTESIAN_POINT ( 'NONE',  ( -24.96396103067888106, 11.26702257397983331, 4.600822128799054944 ) ) ;
#2897 = CARTESIAN_POINT ( 'NONE',  ( -43.00000000000000000, 101.0000000000000000, -13.99999999999995914 ) ) ;
#2898 = CARTESIAN_POINT ( 'NONE',  ( 15.50000000000000355, 8.000000000000000000, -17.09999999999999787 ) ) ;
#2899 = ORIENTED_EDGE ( 'NONE', *, *, #4641, .F. ) ;
#2900 = VECTOR ( 'NONE', #7454, 999.9999999999998863 ) ;
#2901 = VERTEX_POINT ( 'NONE', #4841 ) ;
#2902 = ORIENTED_EDGE ( 'NONE', *, *, #4187, .T. ) ;
#2903 = CIRCLE ( 'NONE', #10932, 5.000000000000000888 ) ;
#2904 = ORIENTED_EDGE ( 'NONE', *, *, #9891, .F. ) ;
#2905 = CIRCLE ( 'NONE', #2352, 15.00000000000000000 ) ;
#2906 = DIRECTION ( 'NONE',  ( -0.7071067811865521247, 1.362927481496322706E-16, -0.7071067811865429098 ) ) ;
#2907 = DIRECTION ( 'NONE',  ( 1.000000000000000000, 0.000000000000000000, 0.000000000000000000 ) ) ;
#2908 = DIRECTION ( 'NONE',  ( -1.000000000000000000, 0.000000000000000000, 0.000000000000000000 ) ) ;
#2909 = ORIENTED_EDGE ( 'NONE', *, *, #8504, .T. ) ;
#2910 = CARTESIAN_POINT ( 'NONE',  ( -26.13553390593278181, 57.76752763736812568, 12.00000000000000178 ) ) ;
#2911 = CARTESIAN_POINT ( 'NONE',  ( -23.99999999999997158, 10.30306154330093094, 10.92342761661724282 ) ) ;
#2912 = CARTESIAN_POINT ( 'NONE',  ( -24.00000000000006040, 59.90306154330085064, -13.99999999999999822 ) ) ;
#2913 = DIRECTION ( 'NONE',  ( 1.000000000000000000, 0.000000000000000000, 0.000000000000000000 ) ) ;
#2914 = EDGE_LOOP ( 'NONE', ( #5476, #9272, #3253, #7154, #7216, #4034, #4320 ) ) ;
#2915 = EDGE_CURVE ( 'NONE', #11527, #7880, #5902, .T. ) ;
#2916 = CARTESIAN_POINT ( 'NONE',  ( -46.00000000000000000, 41.04445057644407768, -17.00000000000001421 ) ) ;
#2917 = VERTEX_POINT ( 'NONE', #7687 ) ;
#2918 = CARTESIAN_POINT ( 'NONE',  ( -20.99999999999998934, 31.50306154330093023, 12.00000000000000178 ) ) ;
#2919 = ORIENTED_EDGE ( 'NONE', *, *, #7145, .T. ) ;
#2920 = DIRECTION ( 'NONE',  ( -0.000000000000000000, -0.000000000000000000, -1.000000000000000000 ) ) ;
#2921 = CARTESIAN_POINT ( 'NONE',  ( -24.00000000000000000, 28.50306154330090536, -11.99999999999999645 ) ) ;
#2922 = CARTESIAN_POINT ( 'NONE',  ( -26.94988019370066112, 9.228659586706299933, 20.09127492863485287 ) ) ;
#2923 = CARTESIAN_POINT ( 'NONE',  ( 13.75529020207694408, -2.285159094736046725, 24.34006316065066855 ) ) ;
#2924 = VERTEX_POINT ( 'NONE', #3438 ) ;
#2925 = EDGE_LOOP ( 'NONE', ( #361, #7564, #3549, #1265 ) ) ;
#2926 = FACE_OUTER_BOUND ( 'NONE', #1850, .T. ) ;
#2927 = EDGE_CURVE ( 'NONE', #6602, #7960, #7754, .T. ) ;
#2928 = CARTESIAN_POINT ( 'NONE',  ( -24.96396103067888106, 11.26702257397983331, -11.99999999999999645 ) ) ;
#2929 = AXIS2_PLACEMENT_3D ( 'NONE', #2835, #5376, #5485 ) ;
#2930 = EDGE_CURVE ( 'NONE', #1773, #7640, #3283, .T. ) ;
#2931 = EDGE_CURVE ( 'NONE', #2845, #4364, #891, .T. ) ;
#2932 = ORIENTED_EDGE ( 'NONE', *, *, #9735, .T. ) ;
#2933 = CARTESIAN_POINT ( 'NONE',  ( -30.35926487435034460, 70.96157479849921401, -19.09960922900294022 ) ) ;
#2934 = DIRECTION ( 'NONE',  ( 1.734723475976807489E-15, -1.000000000000000000, 0.000000000000000000 ) ) ;
#2935 = VECTOR ( 'NONE', #469, 999.9999999999998863 ) ;
#2937 = CARTESIAN_POINT ( 'NONE',  ( -27.60000000000004405, 52.37412935516633894, -0.9999999999999983347 ) ) ;
#2936 = CARTESIAN_POINT ( 'NONE',  ( -27.59999999999998721, 13.90306154330091282, -47.00000000000000000 ) ) ;
#2938 = DIRECTION ( 'NONE',  ( 0.000000000000000000, -1.000000000000000000, 2.973811673103097665E-16 ) ) ;
#2939 = AXIS2_PLACEMENT_3D ( 'NONE', #1035, #5637, #6326 ) ;
#2940 = CARTESIAN_POINT ( 'NONE',  ( -23.99999999999998579, 23.50306154330088759, -0.9999999999999974465 ) ) ;
#2941 = EDGE_CURVE ( 'NONE', #5473, #4395, #7870, .T. ) ;
#2942 = DIRECTION ( 'NONE',  ( -0.000000000000000000, 0.000000000000000000, -1.000000000000000000 ) ) ;
#2943 = EDGE_CURVE ( 'NONE', #9413, #7969, #8681, .T. ) ;
#2944 = VERTEX_POINT ( 'NONE', #9697 ) ;
#2945 = ORIENTED_EDGE ( 'NONE', *, *, #7776, .F. ) ;
#2946 = VECTOR ( 'NONE', #3468, 1000.000000000000000 ) ;
#2947 =( BOUNDED_CURVE ( )  B_SPLINE_CURVE ( 3, ( #9063, #9240, #2933, #5630 ),
 .UNSPECIFIED., .F., .F. ) 
 B_SPLINE_CURVE_WITH_KNOTS ( ( 4, 4 ),
 ( 1.638243000722617859, 1.856270679068458884 ),
 .UNSPECIFIED. ) 
 CURVE ( )  GEOMETRIC_REPRESENTATION_ITEM ( )  RATIONAL_B_SPLINE_CURVE ( ( 1.000000000000000000, 0.9960425824542911144, 0.9960425824542911144, 1.000000000000000000 ) ) 
 REPRESENTATION_ITEM ( '' )  );
#2948 = ORIENTED_EDGE ( 'NONE', *, *, #2519, .F. ) ;
#2949 = CARTESIAN_POINT ( 'NONE',  ( -20.99999999999998934, 42.94570223042018142, 12.00000000000000178 ) ) ;
#2950 = CARTESIAN_POINT ( 'NONE',  ( -36.00000000000000000, 122.0000000000000000, -20.99999999999999645 ) ) ;
#2951 = LINE ( 'NONE', #4697, #4954 ) ;
#2952 = LINE ( 'NONE', #11067, #8184 ) ;
#2953 = LINE ( 'NONE', #6505, #4185 ) ;
#2954 = CARTESIAN_POINT ( 'NONE',  ( -24.38617074886427361, 84.70613612429512784, 2.600000000000006750 ) ) ;
#2955 = CARTESIAN_POINT ( 'NONE',  ( -27.14907309865520446, 14.77089705523739482, 5.168961329262528714 ) ) ;
#2956 = AXIS2_PLACEMENT_3D ( 'NONE', #8983, #2744, #9878 ) ;
#2957 = DIRECTION ( 'NONE',  ( -1.652117596168388002E-16, -3.387343054164789649E-16, -1.000000000000000000 ) ) ;
#2958 = DIRECTION ( 'NONE',  ( -0.7071067811865452413, -0.7071067811865499042, 0.000000000000000000 ) ) ;
#2959 = ORIENTED_EDGE ( 'NONE', *, *, #9542, .F. ) ;
#2960 = ORIENTED_EDGE ( 'NONE', *, *, #6842, .F. ) ;
#2961 = EDGE_CURVE ( 'NONE', #5714, #5010, #8875, .T. ) ;
#2962 = EDGE_CURVE ( 'NONE', #10361, #9000, #8910, .T. ) ;
#2963 = EDGE_CURVE ( 'NONE', #6058, #9458, #9513, .T. ) ;
#2964 = ORIENTED_EDGE ( 'NONE', *, *, #2073, .F. ) ;
#2965 = CIRCLE ( 'NONE', #4464, 15.00000000000000000 ) ;
#2966 = VERTEX_POINT ( 'NONE', #3501 ) ;
#2967 = VERTEX_POINT ( 'NONE', #9754 ) ;
#2968 = VECTOR ( 'NONE', #4061, 1000.000000000000000 ) ;
#2969 = DIRECTION ( 'NONE',  ( -8.260587980841938780E-17, 1.000000000000000000, 0.000000000000000000 ) ) ;
#2970 = CARTESIAN_POINT ( 'NONE',  ( -43.00000000000000000, 89.25000000000000000, 7.104105663524068238E-15 ) ) ;
#2971 = ORIENTED_EDGE ( 'NONE', *, *, #7933, .F. ) ;
#2972 = CARTESIAN_POINT ( 'NONE',  ( 12.10325409937562213, -1.750000000000000000, 24.03108891324553653 ) ) ;
#2973 = LINE ( 'NONE', #4899, #10492 ) ;
#2974 = LINE ( 'NONE', #5837, #2234 ) ;
#2975 = CARTESIAN_POINT ( 'NONE',  ( -22.09190783115893808, 8.394969374459918754, 15.50503226381936983 ) ) ;
#2976 = CARTESIAN_POINT ( 'NONE',  ( -1.000000000000000888, 51.31596721165375641, -20.99999999999998224 ) ) ;
#2977 = ORIENTED_EDGE ( 'NONE', *, *, #5904, .T. ) ;
#2978 = ADVANCED_FACE ( 'NONE', ( #6869 ), #5203, .F. ) ;
#2979 = EDGE_CURVE ( 'NONE', #5751, #8230, #4218, .T. ) ;
#2980 = LINE ( 'NONE', #5501, #9007 ) ;
#2981 = ORIENTED_EDGE ( 'NONE', *, *, #8987, .T. ) ;
#2982 = CARTESIAN_POINT ( 'NONE',  ( -22.44943961812930766, 7.020839859160118657, 23.25734790202192670 ) ) ;
#2983 = CARTESIAN_POINT ( 'NONE',  ( -21.24809247871001716, 8.010977461642102782, -15.59751456678994330 ) ) ;
#2984 = CARTESIAN_POINT ( 'NONE',  ( -20.99999999999999289, 27.26042085618161082, -0.9999999999999974465 ) ) ;
#2985 = CARTESIAN_POINT ( 'NONE',  ( -34.09999999999998721, 112.7499999999999858, -3.037741699796941752 ) ) ;
#2986 = VERTEX_POINT ( 'NONE', #7937 ) ;
#2987 = CARTESIAN_POINT ( 'NONE',  ( -24.00000000000006040, 59.90306154330085064, -1.000000000000000888 ) ) ;
#2988 = ORIENTED_EDGE ( 'NONE', *, *, #8391, .F. ) ;
#2989 = VECTOR ( 'NONE', #7751, 1000.000000000000114 ) ;
#2990 = ADVANCED_FACE ( 'NONE', ( #10444 ), #11440, .T. ) ;
#2991 = DIRECTION ( 'NONE',  ( 1.000000000000000000, 0.000000000000000000, -1.652117596168387756E-16 ) ) ;
#2992 = CARTESIAN_POINT ( 'NONE',  ( 10.87653583709352212, -1.856523138767750769, 24.09038623287463921 ) ) ;
#2994 = DIRECTION ( 'NONE',  ( 4.319837007227158624E-17, 1.000000000000000000, -0.000000000000000000 ) ) ;
#2993 = DIRECTION ( 'NONE',  ( -1.000000000000000000, 0.000000000000000000, 0.000000000000000000 ) ) ;
#2995 = ADVANCED_FACE ( 'NONE', ( #10501 ), #5958, .T. ) ;
#2996 = CARTESIAN_POINT ( 'NONE',  ( -22.60000000000004405, 52.37412935516634604, -1.000000000000000888 ) ) ;
#2997 = DIRECTION ( 'NONE',  ( 0.5478338651825963579, -0.8365871479762863050, 0.000000000000000000 ) ) ;
#2998 = CARTESIAN_POINT ( 'NONE',  ( -18.60301863066891315, -0.4972799148938082947, 25.71359501271554393 ) ) ;
#2999 = CARTESIAN_POINT ( 'NONE',  ( -23.43276814411792230, 7.112799953379234985, 22.54809060887619410 ) ) ;
#3000 = CIRCLE ( 'NONE', #5253, 1.600000000000000311 ) ;
#3001 = EDGE_LOOP ( 'NONE', ( #9209, #6572, #7458, #5054, #403, #6609, #5781, #3803, #5146, #7157 ) ) ;
#3002 = ORIENTED_EDGE ( 'NONE', *, *, #3078, .F. ) ;
#3003 = EDGE_CURVE ( 'NONE', #9467, #400, #2439, .T. ) ;
#3004 = EDGE_CURVE ( 'NONE', #5922, #2401, #10441, .T. ) ;
#3005 = ORIENTED_EDGE ( 'NONE', *, *, #4477, .T. ) ;
#3006 = LINE ( 'NONE', #2302, #10739 ) ;
#3007 = ADVANCED_FACE ( 'NONE', ( #10383 ), #1576, .F. ) ;
#3008 = CARTESIAN_POINT ( 'NONE',  ( -23.99999999999997158, 10.30306154330093094, -10.92342761661722861 ) ) ;
#3009 = CARTESIAN_POINT ( 'NONE',  ( -21.49929486319157235, 7.999999999999992895, 22.68920115351615863 ) ) ;
#3010 = CARTESIAN_POINT ( 'NONE',  ( -26.13553390593273562, 30.63859544923362321, 14.00000000000000178 ) ) ;
#3011 = CARTESIAN_POINT ( 'NONE',  ( -30.02871870788957764, 88.61736382251127964, 14.00000000000000178 ) ) ;
#3012 = CARTESIAN_POINT ( 'NONE',  ( -26.13553390593273562, 30.63859544923362321, -5.499999999999998224 ) ) ;
#3013 = DIRECTION ( 'NONE',  ( 0.000000000000000000, 0.000000000000000000, 1.000000000000000000 ) ) ;
#3014 = CARTESIAN_POINT ( 'NONE',  ( 7.090893672577268880, -39.28700319109558592, 24.50000000000000000 ) ) ;
#3015 =( BOUNDED_CURVE ( )  B_SPLINE_CURVE ( 3, ( #5509, #9056, #10863, #9993 ),
 .UNSPECIFIED., .F., .F. ) 
 B_SPLINE_CURVE_WITH_KNOTS ( ( 4, 4 ),
 ( 4.188790204786391413, 4.712388980384689674 ),
 .UNSPECIFIED. ) 
 CURVE ( )  GEOMETRIC_REPRESENTATION_ITEM ( )  RATIONAL_B_SPLINE_CURVE ( ( 1.000000000000000000, 0.9772838841927120601, 0.9772838841927120601, 1.000000000000000000 ) ) 
 REPRESENTATION_ITEM ( '' )  );
#3016 = ORIENTED_EDGE ( 'NONE', *, *, #4219, .T. ) ;
#3017 = VECTOR ( 'NONE', #4163, 1000.000000000000000 ) ;
#3018 = ORIENTED_EDGE ( 'NONE', *, *, #2885, .F. ) ;
#3019 = ORIENTED_EDGE ( 'NONE', *, *, #6409, .T. ) ;
#3020 = AXIS2_PLACEMENT_3D ( 'NONE', #5796, #1415, #4974 ) ;
#3021 = CARTESIAN_POINT ( 'NONE',  ( -21.55394421707360308, 8.083199782916734577, 3.919624554989755705 ) ) ;
#3022 = CARTESIAN_POINT ( 'NONE',  ( -23.99999999999998579, 84.69013533309194486, -2.497661816008006408 ) ) ;
#3023 = ORIENTED_EDGE ( 'NONE', *, *, #523, .T. ) ;
#3024 = CIRCLE ( 'NONE', #4706, 5.000000000000000888 ) ;
#3025 = DIRECTION ( 'NONE',  ( -0.4383711467890782920, -0.8987940462991665935, 0.000000000000000000 ) ) ;
#3026 = CARTESIAN_POINT ( 'NONE',  ( -15.50000000000000533, 8.000000000000000000, 15.49999999999999112 ) ) ;
#3027 = DIRECTION ( 'NONE',  ( 0.9659258262890701996, 0.000000000000000000, -0.2588190451025134120 ) ) ;
#3028 = B_SPLINE_CURVE_WITH_KNOTS ( 'NONE', 3,
 ( #1268, #10895, #8435, #6449, #10024, #5284, #8827 ),
 .UNSPECIFIED., .F., .F.,
 ( 4, 3, 4 ),
 ( 0.000000000000000000, 0.0008000204412897096631, 0.001600040882579419326 ),
 .UNSPECIFIED. ) ;
#3029 = EDGE_CURVE ( 'NONE', #3076, #6261, #1435, .T. ) ;
#3030 = CARTESIAN_POINT ( 'NONE',  ( -26.13553390593276760, 48.83859544923359408, 1.000000000000001776 ) ) ;
#3031 = CIRCLE ( 'NONE', #11230, 1.843629150101545155 ) ;
#3032 = AXIS2_PLACEMENT_3D ( 'NONE', #3208, #5741, #414 ) ;
#3033 = ORIENTED_EDGE ( 'NONE', *, *, #7964, .T. ) ;
#3034 = VERTEX_POINT ( 'NONE', #7103 ) ;
#3035 = DIRECTION ( 'NONE',  ( -0.000000000000000000, -0.000000000000000000, 1.000000000000000000 ) ) ;
#3036 = CARTESIAN_POINT ( 'NONE',  ( -26.13553390593271075, 21.36752763736817329, 1.000000000000001776 ) ) ;
#3037 = CARTESIAN_POINT ( 'NONE',  ( -34.09999999999998721, 100.9999999999999858, -3.562741699796944328 ) ) ;
#3038 = CIRCLE ( 'NONE', #10502, 1.600000000000002531 ) ;
#3039 = CARTESIAN_POINT ( 'NONE',  ( -19.37635295239012834, 0.7309949476219501641, 26.13552963834399279 ) ) ;
#3040 = DIRECTION ( 'NONE',  ( 0.000000000000000000, 1.000000000000000000, -0.000000000000000000 ) ) ;
#3041 = CIRCLE ( 'NONE', #11446, 1.600000000000002531 ) ;
#3042 = ADVANCED_FACE ( 'NONE', ( #176 ), #1908, .F. ) ;
#3043 = CARTESIAN_POINT ( 'NONE',  ( 19.34001531319177758, 6.999999999999978684, 18.48043039773444818 ) ) ;
#3044 = ORIENTED_EDGE ( 'NONE', *, *, #9530, .T. ) ;
#3045 = CIRCLE ( 'NONE', #10879, 1.899999999999999467 ) ;
#3046 = AXIS2_PLACEMENT_3D ( 'NONE', #7422, #1031, #4577 ) ;
#3047 = CARTESIAN_POINT ( 'NONE',  ( -21.03832892204481908, 8.000048970288766270, -10.40000000000000036 ) ) ;
#3048 = DIRECTION ( 'NONE',  ( 1.000000000000000000, 0.000000000000000000, 0.000000000000000000 ) ) ;
#3050 = DIRECTION ( 'NONE',  ( -0.000000000000000000, -0.000000000000000000, -1.000000000000000000 ) ) ;
#3049 = LINE ( 'NONE', #6597, #428 ) ;
#3051 = EDGE_LOOP ( 'NONE', ( #11539, #2430, #3380, #2600 ) ) ;
#3052 = DIRECTION ( 'NONE',  ( 1.000000000000000000, 0.000000000000000000, 0.000000000000000000 ) ) ;
#3053 = EDGE_LOOP ( 'NONE', ( #9251, #6786, #1023, #3636 ) ) ;
#3054 = LINE ( 'NONE', #10186, #5006 ) ;
#3055 = DIRECTION ( 'NONE',  ( 0.000000000000000000, 1.000000000000000000, 0.000000000000000000 ) ) ;
#3056 = AXIS2_PLACEMENT_3D ( 'NONE', #11070, #11011, #3775 ) ;
#3057 = ORIENTED_EDGE ( 'NONE', *, *, #1024, .T. ) ;
#3058 = ORIENTED_EDGE ( 'NONE', *, *, #1098, .F. ) ;
#3059 = LINE ( 'NONE', #2555, #7187 ) ;
#3060 = EDGE_LOOP ( 'NONE', ( #10151, #2375, #7985, #9092 ) ) ;
#3061 = AXIS2_PLACEMENT_3D ( 'NONE', #147, #1185, #8349 ) ;
#3062 = CARTESIAN_POINT ( 'NONE',  ( -22.77561206912259095, 9.078673612423559192, -10.66293125528658869 ) ) ;
#3063 = DIRECTION ( 'NONE',  ( 0.7071067811865474617, 0.000000000000000000, -0.7071067811865474617 ) ) ;
#3064 = EDGE_LOOP ( 'NONE', ( #4994, #4439, #230, #5872 ) ) ;
#3065 = DIRECTION ( 'NONE',  ( -0.000000000000000000, -0.000000000000000000, 1.000000000000000000 ) ) ;
#3066 = CARTESIAN_POINT ( 'NONE',  ( 0.000000000000000000, 0.000000000000000000, 21.00000000000000000 ) ) ;
#3067 = CARTESIAN_POINT ( 'NONE',  ( -26.52537696864643024, 13.33409845592774801, -4.938304925308345972 ) ) ;
#3068 = CARTESIAN_POINT ( 'NONE',  ( -24.37225562912473364, 84.77591697154801409, 3.037307548565348014 ) ) ;
#3069 = CARTESIAN_POINT ( 'NONE',  ( -21.00000000000000000, 0.000000000000000000, -20.00000000000001421 ) ) ;
#3070 = DIRECTION ( 'NONE',  ( -0.000000000000000000, -0.000000000000000000, 1.000000000000000000 ) ) ;
#3071 = EDGE_CURVE ( 'NONE', #6836, #2444, #7322, .T. ) ;
#3072 = CARTESIAN_POINT ( 'NONE',  ( -30.02871870788963449, 51.31596721165376351, -0.9999999999999983347 ) ) ;
#3073 = EDGE_CURVE ( 'NONE', #7418, #4817, #6454, .T. ) ;
#3074 = ORIENTED_EDGE ( 'NONE', *, *, #6566, .T. ) ;
#3075 = CIRCLE ( 'NONE', #3645, 29.02871870788963449 ) ;
#3076 = VERTEX_POINT ( 'NONE', #2898 ) ;
#3077 = ORIENTED_EDGE ( 'NONE', *, *, #8009, .F. ) ;
#3078 = EDGE_CURVE ( 'NONE', #11090, #10415, #6292, .T. ) ;
#3079 = ORIENTED_EDGE ( 'NONE', *, *, #11530, .T. ) ;
#3080 = CARTESIAN_POINT ( 'NONE',  ( -36.00000000000000000, 51.31596721165375641, -20.99999999999997513 ) ) ;
#3081 = CARTESIAN_POINT ( 'NONE',  ( -23.99999999999998579, 87.22774616617205368, 9.087080077594338334 ) ) ;
#3082 = VERTEX_POINT ( 'NONE', #3726 ) ;
#3083 = VECTOR ( 'NONE', #6752, 1000.000000000000227 ) ;
#3084 = DIRECTION ( 'NONE',  ( 0.000000000000000000, 0.000000000000000000, -1.000000000000000000 ) ) ;
#3085 = CARTESIAN_POINT ( 'NONE',  ( -27.09083954634442648, 64.04131992144891683, -5.499999999999999112 ) ) ;
#3086 = CYLINDRICAL_SURFACE ( 'NONE', #11490, 5.000000000000000888 ) ;
#3087 = CYLINDRICAL_SURFACE ( 'NONE', #4630, 35.00000000000000000 ) ;
#3088 = EDGE_CURVE ( 'NONE', #7217, #8828, #2720, .T. ) ;
#3089 = VECTOR ( 'NONE', #356, 999.9999999999998863 ) ;
#3090 = AXIS2_PLACEMENT_3D ( 'NONE', #7490, #2237, #6610 ) ;
#3091 = VECTOR ( 'NONE', #2969, 1000.000000000000000 ) ;
#3092 = VECTOR ( 'NONE', #834, 1000.000000000000000 ) ;
#3093 = ORIENTED_EDGE ( 'NONE', *, *, #5020, .F. ) ;
#3094 = ORIENTED_EDGE ( 'NONE', *, *, #838, .T. ) ;
#3095 = CARTESIAN_POINT ( 'NONE',  ( -27.60000000000004405, 52.37412935516633894, 1.000000000000001776 ) ) ;
#3096 = LINE ( 'NONE', #6646, #5081 ) ;
#3097 = DIRECTION ( 'NONE',  ( 0.7071067811865430208, 0.7071067811865520136, -1.168223555568277873E-16 ) ) ;
#3098 = CARTESIAN_POINT ( 'NONE',  ( -43.00000000000000000, 110.4999999999999858, 7.517423958236300152E-15 ) ) ;
#3099 = CYLINDRICAL_SURFACE ( 'NONE', #3020, 35.00000000000000000 ) ;
#3100 = ORIENTED_EDGE ( 'NONE', *, *, #4144, .F. ) ;
#3101 = CARTESIAN_POINT ( 'NONE',  ( -34.16274169979693909, 89.25000000000000000, 2.975000000000001865 ) ) ;
#3102 = ORIENTED_EDGE ( 'NONE', *, *, #7170, .T. ) ;
#3103 = VECTOR ( 'NONE', #8705, 1000.000000000000000 ) ;
#3104 = CARTESIAN_POINT ( 'NONE',  ( -20.99999999999998934, 45.46042085618157103, -0.9999999999999974465 ) ) ;
#3105 = EDGE_CURVE ( 'NONE', #9715, #456, #6340, .T. ) ;
#3106 = EDGE_CURVE ( 'NONE', #177, #8006, #227, .T. ) ;
#3107 = CARTESIAN_POINT ( 'NONE',  ( -24.00000000000003908, 46.70306154330088333, -47.00000000000000000 ) ) ;
#3109 = CARTESIAN_POINT ( 'NONE',  ( -24.03182847877778627, 87.23343231198703052, -9.095693527376447207 ) ) ;
#3108 = CARTESIAN_POINT ( 'NONE',  ( 17.34059499979179364, -0.01966972129880377451, 21.42898102564289786 ) ) ;
#3110 = DIRECTION ( 'NONE',  ( 0.000000000000000000, -1.734723475976807292E-15, 1.000000000000000000 ) ) ;
#3111 = CIRCLE ( 'NONE', #4048, 5.000000000000000888 ) ;
#3112 = CARTESIAN_POINT ( 'NONE',  ( -26.13553390593278181, 57.76752763736812568, 12.00000000000000355 ) ) ;
#3113 = AXIS2_PLACEMENT_3D ( 'NONE', #10800, #2627, #1765 ) ;
#3114 = ORIENTED_EDGE ( 'NONE', *, *, #6910, .T. ) ;
#3115 = CIRCLE ( 'NONE', #8150, 20.00000000000000000 ) ;
#3116 = VERTEX_POINT ( 'NONE', #10031 ) ;
#3117 = ORIENTED_EDGE ( 'NONE', *, *, #9798, .T. ) ;
#3118 = DIRECTION ( 'NONE',  ( -1.000000000000000000, 0.000000000000000000, 0.000000000000000000 ) ) ;
#3119 = VERTEX_POINT ( 'NONE', #3780 ) ;
#3120 = LINE ( 'NONE', #9432, #2348 ) ;
#3121 = DIRECTION ( 'NONE',  ( 0.000000000000000000, -1.000000000000000000, 0.000000000000000000 ) ) ;
#3122 = VERTEX_POINT ( 'NONE', #2028 ) ;
#3123 = CARTESIAN_POINT ( 'NONE',  ( -27.60000000000004405, 52.37412935516633894, -13.99999999999999822 ) ) ;
#3124 = LINE ( 'NONE', #2308, #10029 ) ;
#3125 = DIRECTION ( 'NONE',  ( -1.000000000000000000, 0.000000000000000000, 0.000000000000000000 ) ) ;
#3126 = ORIENTED_EDGE ( 'NONE', *, *, #1660, .F. ) ;
#3127 = CARTESIAN_POINT ( 'NONE',  ( -20.99999999999998934, 45.46042085618157103, 14.00000000000000178 ) ) ;
#3128 = EDGE_CURVE ( 'NONE', #6013, #8419, #4436, .T. ) ;
#3129 = LINE ( 'NONE', #1160, #3606 ) ;
#3130 = CARTESIAN_POINT ( 'NONE',  ( 16.56992757980552611, -1.000000000000000888, 25.38900250903704503 ) ) ;
#3131 = CIRCLE ( 'NONE', #6122, 5.000000000000000888 ) ;
#3132 = ORIENTED_EDGE ( 'NONE', *, *, #4198, .F. ) ;
#3133 = ORIENTED_EDGE ( 'NONE', *, *, #2243, .F. ) ;
#3134 = ORIENTED_EDGE ( 'NONE', *, *, #7595, .F. ) ;
#3135 = EDGE_CURVE ( 'NONE', #9318, #3491, #6825, .T. ) ;
#3136 = EDGE_LOOP ( 'NONE', ( #8287, #6383 ) ) ;
#3137 = ADVANCED_FACE ( 'NONE', ( #1109 ), #3556, .T. ) ;
#3138 = DIRECTION ( 'NONE',  ( -0.000000000000000000, 0.000000000000000000, -1.000000000000000000 ) ) ;
#3139 = CARTESIAN_POINT ( 'NONE',  ( -23.99999999999998224, 88.61736382251127964, 7.500000000000002665 ) ) ;
#3140 = EDGE_CURVE ( 'NONE', #3076, #5659, #4598, .T. ) ;
#3141 = CYLINDRICAL_SURFACE ( 'NONE', #8996, 9.000000000000001776 ) ;
#3142 = DIRECTION ( 'NONE',  ( 0.000000000000000000, 0.000000000000000000, -1.000000000000000000 ) ) ;
#3143 = CARTESIAN_POINT ( 'NONE',  ( -21.74732162115795120, 8.163926359816640499, 15.56102944568100810 ) ) ;
#3144 = CARTESIAN_POINT ( 'NONE',  ( 9.869927579805526818, -5.000000000000000000, 27.00000000000000355 ) ) ;
#3145 = CARTESIAN_POINT ( 'NONE',  ( -22.60000000000004761, 54.23199373143538793, -11.99999999999999645 ) ) ;
#3146 = ADVANCED_FACE ( 'NONE', ( #10840 ), #1813, .T. ) ;
#3147 = AXIS2_PLACEMENT_3D ( 'NONE', #5516, #1843, #4748 ) ;
#3148 = VECTOR ( 'NONE', #15, 1000.000000000000227 ) ;
#3149 = PRODUCT_DEFINITION_SHAPE ( 'NONE', 'NONE',  #7117 ) ;
#3150 = EDGE_LOOP ( 'NONE', ( #5937, #2594, #9914, #6410, #7612, #7405 ) ) ;
#3151 = AXIS2_PLACEMENT_3D ( 'NONE', #1156, #2240, #5821 ) ;
#3152 = VERTEX_POINT ( 'NONE', #8921 ) ;
#3154 = ORIENTED_EDGE ( 'NONE', *, *, #1259, .T. ) ;
#3153 = ADVANCED_FACE ( 'NONE', ( #8043 ), #4604, .F. ) ;
#3155 = EDGE_CURVE ( 'NONE', #2814, #6194, #998, .T. ) ;
#3156 = CARTESIAN_POINT ( 'NONE',  ( -46.00000000000000000, 35.86424652399214352, -17.00000000000001066 ) ) ;
#3157 = DIRECTION ( 'NONE',  ( 1.000000000000000000, 0.000000000000000000, 0.000000000000000000 ) ) ;
#3158 = EDGE_CURVE ( 'NONE', #5168, #11208, #1859, .T. ) ;
#3159 = CARTESIAN_POINT ( 'NONE',  ( -24.96396103067888106, 11.26702257397983331, -11.10082212879904517 ) ) ;
#3160 = CARTESIAN_POINT ( 'NONE',  ( 16.56992757980552611, -1.000000000000000000, 23.44948974278317877 ) ) ;
#3161 = CONICAL_SURFACE ( 'NONE', #8551, 5.000000000000053291, 0.7853981633974284060 ) ;
#3162 = DIRECTION ( 'NONE',  ( -0.000000000000000000, 0.000000000000000000, -1.000000000000000000 ) ) ;
#3163 = CARTESIAN_POINT ( 'NONE',  ( -24.00000000000003908, 46.70306154330088333, -47.00000000000000000 ) ) ;
#3164 = CARTESIAN_POINT ( 'NONE',  ( -20.99999999999997868, 38.70306154330083359, 5.500000000000002665 ) ) ;
#3165 = ORIENTED_EDGE ( 'NONE', *, *, #8214, .F. ) ;
#3166 = FACE_OUTER_BOUND ( 'NONE', #10730, .T. ) ;
#3167 = CARTESIAN_POINT ( 'NONE',  ( -15.50000000000000533, 0.000000000000000000, 13.89999999999998792 ) ) ;
#3168 = ORIENTED_EDGE ( 'NONE', *, *, #10741, .T. ) ;
#3170 = CARTESIAN_POINT ( 'NONE',  ( -24.33585154307734655, 84.96753294093512920, -3.900000000000002132 ) ) ;
#3169 = DIRECTION ( 'NONE',  ( -0.8681683818352189386, 0.4234340121835285520, -0.2588190451025134675 ) ) ;
#3171 = CARTESIAN_POINT ( 'NONE',  ( -20.25742176523009164, 0.000000000000000000, 23.96431949573860720 ) ) ;
#3172 = ORIENTED_EDGE ( 'NONE', *, *, #9608, .F. ) ;
#3173 = CARTESIAN_POINT ( 'NONE',  ( -16.56488701147627651, -1.337319140995194111, 27.00000000000000355 ) ) ;
#3174 = AXIS2_PLACEMENT_3D ( 'NONE', #321, #976, #10767 ) ;
#3175 = VECTOR ( 'NONE', #9381, 1000.000000000000000 ) ;
#3176 = ORIENTED_EDGE ( 'NONE', *, *, #3436, .T. ) ;
#3177 = ORIENTED_EDGE ( 'NONE', *, *, #9446, .T. ) ;
#3178 = ORIENTED_EDGE ( 'NONE', *, *, #6250, .T. ) ;
#3179 = ORIENTED_EDGE ( 'NONE', *, *, #6986, .T. ) ;
#3180 = CARTESIAN_POINT ( 'NONE',  ( -20.02568976538362833, -0.006702234188046827731, 21.25029893614515331 ) ) ;
#3181 = DIRECTION ( 'NONE',  ( 0.000000000000000000, 0.000000000000000000, -1.000000000000000000 ) ) ;
#3182 = VERTEX_POINT ( 'NONE', #8098 ) ;
#3183 = DIRECTION ( 'NONE',  ( 0.000000000000000000, 0.000000000000000000, 1.000000000000000000 ) ) ;
#3184 = AXIS2_PLACEMENT_3D ( 'NONE', #10180, #2177, #10234 ) ;
#3185 = CARTESIAN_POINT ( 'NONE',  ( -7.508684045328186230, -1.750000000000003109, 24.50000000000000000 ) ) ;
#3186 = CARTESIAN_POINT ( 'NONE',  ( -24.33585154307734300, 84.96753294093512920, 3.900000000000002132 ) ) ;
#3187 = DIRECTION ( 'NONE',  ( -1.000000000000000000, 0.000000000000000000, 0.000000000000000000 ) ) ;
#3188 = FACE_OUTER_BOUND ( 'NONE', #7609, .T. ) ;
#3189 = EDGE_CURVE ( 'NONE', #4120, #8080, #986, .T. ) ;
#3190 = DIRECTION ( 'NONE',  ( 1.000000000000000000, -0.000000000000000000, -0.000000000000000000 ) ) ;
#3191 = VERTEX_POINT ( 'NONE', #8384 ) ;
#3192 = B_SPLINE_CURVE_WITH_KNOTS ( 'NONE', 3,
 ( #3159, #10060, #7585, #6707 ),
 .UNSPECIFIED., .F., .F.,
 ( 4, 4 ),
 ( 0.000000000000000000, 0.001374740175555839777 ),
 .UNSPECIFIED. ) ;
#3193 = ORIENTED_EDGE ( 'NONE', *, *, #1368, .F. ) ;
#3194 = ORIENTED_EDGE ( 'NONE', *, *, #10789, .T. ) ;
#3195 = LINE ( 'NONE', #3080, #472 ) ;
#3196 = CARTESIAN_POINT ( 'NONE',  ( -37.00000000000002842, 51.31596721165375641, -21.00000000000000000 ) ) ;
#3197 = DIRECTION ( 'NONE',  ( 0.000000000000000000, 0.000000000000000000, -1.000000000000000000 ) ) ;
#3198 = CARTESIAN_POINT ( 'NONE',  ( -20.99999999999999289, 22.99999999999999289, -9.099999999999996092 ) ) ;
#3199 = DIRECTION ( 'NONE',  ( -0.7071067811865474617, -0.7071067811865474617, 0.000000000000000000 ) ) ;
#3200 = AXIS2_PLACEMENT_3D ( 'NONE', #3862, #1934, #9159 ) ;
#3201 = DIRECTION ( 'NONE',  ( 0.000000000000000000, 0.000000000000000000, 1.000000000000000000 ) ) ;
#3202 = EDGE_CURVE ( 'NONE', #11482, #8006, #11188, .T. ) ;
#3203 = VERTEX_POINT ( 'NONE', #398 ) ;
#3204 = FACE_OUTER_BOUND ( 'NONE', #3150, .T. ) ;
#3205 = ORIENTED_EDGE ( 'NONE', *, *, #8454, .T. ) ;
#3206 = CIRCLE ( 'NONE', #11219, 4.242640687119346055 ) ;
#3207 = ORIENTED_EDGE ( 'NONE', *, *, #10227, .F. ) ;
#3208 = CARTESIAN_POINT ( 'NONE',  ( -20.99999999999998934, 20.50306154330089470, 7.500000000000002665 ) ) ;
#3209 = DIRECTION ( 'NONE',  ( 1.000000000000000000, 0.000000000000000000, 0.000000000000000000 ) ) ;
#3210 = FACE_BOUND ( 'NONE', #327, .T. ) ;
#3211 = DIRECTION ( 'NONE',  ( 0.000000000000000000, 1.000000000000000000, -0.000000000000000000 ) ) ;
#3212 = DIRECTION ( 'NONE',  ( 7.105427357601001859E-15, 0.000000000000000000, 1.000000000000000000 ) ) ;
#3213 = ORIENTED_EDGE ( 'NONE', *, *, #8417, .F. ) ;
#3214 = CARTESIAN_POINT ( 'NONE',  ( -24.96396103067888106, 11.26702257397983331, -5.499999999999998224 ) ) ;
#3215 = PLANE ( 'NONE',  #6214 ) ;
#3216 = ADVANCED_FACE ( 'NONE', ( #3947 ), #4829, .F. ) ;
#3217 = ORIENTED_EDGE ( 'NONE', *, *, #1438, .T. ) ;
#3218 = ADVANCED_FACE ( 'NONE', ( #5827 ), #7500, .F. ) ;
#3219 = FACE_OUTER_BOUND ( 'NONE', #3967, .T. ) ;
#3220 = TOROIDAL_SURFACE ( 'NONE', #5477, 3.037741699796946637, 1.600000000000000089 ) ;
#3221 = CARTESIAN_POINT ( 'NONE',  ( -42.40000000000004832, 100.9999999999999858, 6.782934002828947529E-15 ) ) ;
#3222 = VERTEX_POINT ( 'NONE', #3072 ) ;
#3223 = EDGE_CURVE ( 'NONE', #2090, #7445, #6738, .T. ) ;
#3225 = DIRECTION ( 'NONE',  ( 0.8660254037844385966, -0.5000000000000003331, 0.000000000000000000 ) ) ;
#3224 = CARTESIAN_POINT ( 'NONE',  ( -20.99999999999998934, 42.94570223042018142, -0.9999999999999974465 ) ) ;
#3226 = ORIENTED_EDGE ( 'NONE', *, *, #3884, .T. ) ;
#3227 = DIRECTION ( 'NONE',  ( 1.000000000000000000, 0.000000000000000000, 0.000000000000000000 ) ) ;
#3228 = DIRECTION ( 'NONE',  ( 0.4999999999999996669, -0.8660254037844388186, 0.000000000000000000 ) ) ;
#3229 = ORIENTED_EDGE ( 'NONE', *, *, #8500, .F. ) ;
#3230 = EDGE_CURVE ( 'NONE', #5, #3361, #10314, .T. ) ;
#3231 = DIRECTION ( 'NONE',  ( 0.000000000000000000, -1.000000000000000000, 0.000000000000000000 ) ) ;
#3232 = VECTOR ( 'NONE', #9623, 1000.000000000000114 ) ;
#3233 = EDGE_CURVE ( 'NONE', #2333, #10408, #2000, .T. ) ;
#3234 = CIRCLE ( 'NONE', #10134, 11.00000000000000711 ) ;
#3235 = CIRCLE ( 'NONE', #10690, 4.242640687119346055 ) ;
#3236 = ORIENTED_EDGE ( 'NONE', *, *, #8829, .F. ) ;
#3237 = DIRECTION ( 'NONE',  ( 1.000000000000000000, 0.000000000000000000, 0.000000000000000000 ) ) ;
#3238 = VERTEX_POINT ( 'NONE', #6509 ) ;
#3239 = EDGE_CURVE ( 'NONE', #5213, #5367, #10958, .T. ) ;
#3240 = VECTOR ( 'NONE', #9418, 1000.000000000000000 ) ;
#3241 = DIRECTION ( 'NONE',  ( -0.8681683818352194937, 0.4234340121835274418, -0.2588190451025130234 ) ) ;
#3242 = CARTESIAN_POINT ( 'NONE',  ( -34.16274169979691067, 89.25000000000000000, 5.644086669559001887E-15 ) ) ;
#3243 = ORIENTED_EDGE ( 'NONE', *, *, #8948, .T. ) ;
#3244 = DIRECTION ( 'NONE',  ( -0.7071067811865474617, -0.7071067811865474617, 0.000000000000000000 ) ) ;
#3245 = AXIS2_PLACEMENT_3D ( 'NONE', #5158, #5277, #1715 ) ;
#3246 = DIRECTION ( 'NONE',  ( -0.7071067811865474617, -0.7071067811865474617, 0.000000000000000000 ) ) ;
#3247 = CARTESIAN_POINT ( 'NONE',  ( -24.00000000000002487, 41.70306154330087622, -7.499999999999998224 ) ) ;
#3248 = CARTESIAN_POINT ( 'NONE',  ( -24.64217666525580697, 10.94523820855675744, 1.953266389565552874 ) ) ;
#3249 = CARTESIAN_POINT ( 'NONE',  ( -26.02240174368042958, 0.5089978897868360219, 20.40324895165802843 ) ) ;
#3250 = DIRECTION ( 'NONE',  ( -0.8681683818352190496, 0.4234340121835277193, -0.2588190451025140781 ) ) ;
#3251 = DIRECTION ( 'NONE',  ( -0.7071067811865495711, -0.7071067811865454633, 0.000000000000000000 ) ) ;
#3252 = CARTESIAN_POINT ( 'NONE',  ( -46.00000000000000000, 25.00000000000000000, -20.00000000000001066 ) ) ;
#3253 = ORIENTED_EDGE ( 'NONE', *, *, #10434, .F. ) ;
#3254 = ORIENTED_EDGE ( 'NONE', *, *, #7281, .T. ) ;
#3255 = CIRCLE ( 'NONE', #2500, 5.000000000000000888 ) ;
#3256 = EDGE_CURVE ( 'NONE', #7718, #7207, #4770, .T. ) ;
#3257 = ORIENTED_EDGE ( 'NONE', *, *, #5049, .T. ) ;
#3258 = EDGE_CURVE ( 'NONE', #9369, #4882, #11014, .T. ) ;
#3259 = CARTESIAN_POINT ( 'NONE',  ( -23.99999999999998224, 88.61736382251127964, -0.9999999999999983347 ) ) ;
#3260 = ORIENTED_EDGE ( 'NONE', *, *, #11437, .F. ) ;
#3261 = B_SPLINE_CURVE_WITH_KNOTS ( 'NONE', 3,
 ( #11083, #4958, #8507, #4074 ),
 .UNSPECIFIED., .F., .F.,
 ( 4, 4 ),
 ( 0.000000000000000000, 0.001374740175555839560 ),
 .UNSPECIFIED. ) ;
#3262 = CARTESIAN_POINT ( 'NONE',  ( -1.442848860394842170, 46.06021268290589177, 1.000000000000001776 ) ) ;
#3263 = DIRECTION ( 'NONE',  ( 0.000000000000000000, 0.000000000000000000, 1.000000000000000000 ) ) ;
#3264 = AXIS2_PLACEMENT_3D ( 'NONE', #3668, #7160, #7314 ) ;
#3265 = AXIS2_PLACEMENT_3D ( 'NONE', #9109, #3918, #7237 ) ;
#3266 = CARTESIAN_POINT ( 'NONE',  ( -16.56488701147627651, 0.000000000000000000, 22.00000000000000355 ) ) ;
#3267 = DIRECTION ( 'NONE',  ( -0.000000000000000000, -0.000000000000000000, -1.000000000000000000 ) ) ;
#3268 = ORIENTED_EDGE ( 'NONE', *, *, #8638, .F. ) ;
#3269 = CIRCLE ( 'NONE', #6254, 1.374999999999997113 ) ;
#3270 = ORIENTED_EDGE ( 'NONE', *, *, #830, .F. ) ;
#3271 = CARTESIAN_POINT ( 'NONE',  ( -28.17851724822688197, 8.650941298935913792, 20.99999999999999645 ) ) ;
#3272 = CARTESIAN_POINT ( 'NONE',  ( -54.95715113960527987, 77.66021268290592161, 7.500000000000002665 ) ) ;
#3273 = PLANE ( 'NONE',  #5332 ) ;
#3274 = DIRECTION ( 'NONE',  ( 0.000000000000000000, 0.000000000000000000, 1.000000000000000000 ) ) ;
#3275 = DIRECTION ( 'NONE',  ( 0.000000000000000000, 0.000000000000000000, 1.000000000000000000 ) ) ;
#3276 = VERTEX_POINT ( 'NONE', #3014 ) ;
#3277 = ORIENTED_EDGE ( 'NONE', *, *, #6881, .T. ) ;
#3278 = CARTESIAN_POINT ( 'NONE',  ( -30.02871870788963804, 51.31596721165376351, -5.499999999999999112 ) ) ;
#3279 = AXIS2_PLACEMENT_3D ( 'NONE', #3818, #7366, #2938 ) ;
#3280 = VECTOR ( 'NONE', #8047, 1000.000000000000000 ) ;
#3281 = CARTESIAN_POINT ( 'NONE',  ( -19.92769587110557339, -0.01817431989044377208, 24.40395363012126495 ) ) ;
#3282 = VERTEX_POINT ( 'NONE', #1389 ) ;
#3283 = CIRCLE ( 'NONE', #10750, 15.00000000000000000 ) ;
#3284 = DIRECTION ( 'NONE',  ( 1.734723475976807489E-15, -1.000000000000000000, 0.000000000000000000 ) ) ;
#3285 = DIRECTION ( 'NONE',  ( 1.000000000000000000, 0.000000000000000000, 0.000000000000000000 ) ) ;
#3286 = ORIENTED_EDGE ( 'NONE', *, *, #4290, .T. ) ;
#3287 = AXIS2_PLACEMENT_3D ( 'NONE', #10770, #10009, #3706 ) ;
#3289 = PLANE ( 'NONE',  #10183 ) ;
#3288 = CARTESIAN_POINT ( 'NONE',  ( -20.99999999999998934, 24.74570223042017503, 5.500000000000002665 ) ) ;
#3290 = EDGE_CURVE ( 'NONE', #11527, #2573, #4008, .T. ) ;
#3291 = CARTESIAN_POINT ( 'NONE',  ( -42.39999999999999147, 89.25000000000000000, 1.375000000000003331 ) ) ;
#3292 = ORIENTED_EDGE ( 'NONE', *, *, #10819, .F. ) ;
#3293 = EDGE_CURVE ( 'NONE', #3119, #7203, #9329, .T. ) ;
#3294 = CARTESIAN_POINT ( 'NONE',  ( -20.99999999999997868, 38.70306154330083359, -11.99999999999999645 ) ) ;
#3295 = VECTOR ( 'NONE', #8132, 1000.000000000000000 ) ;
#3296 = B_SPLINE_CURVE_WITH_KNOTS ( 'NONE', 3,
 ( #7515, #4728, #7403, #9339 ),
 .UNSPECIFIED., .F., .F.,
 ( 4, 4 ),
 ( 0.000000000000000000, 1.000000000000000000 ),
 .UNSPECIFIED. ) ;
#3297 = ORIENTED_EDGE ( 'NONE', *, *, #42, .F. ) ;
#3298 = CARTESIAN_POINT ( 'NONE',  ( 13.44631595467181029, -1.750000000000000000, 21.00000000000000000 ) ) ;
#3299 = VERTEX_POINT ( 'NONE', #8268 ) ;
#3300 = EDGE_CURVE ( 'NONE', #4102, #8828, #4952, .T. ) ;
#3301 = LINE ( 'NONE', #3355, #1807 ) ;
#3302 = CARTESIAN_POINT ( 'NONE',  ( -24.04340002523229103, 87.09602638715129785, 18.49990599132024727 ) ) ;
#3303 = AXIS2_PLACEMENT_3D ( 'NONE', #7131, #2807, #8946 ) ;
#3304 = ORIENTED_EDGE ( 'NONE', *, *, #1516, .F. ) ;
#3305 = EDGE_CURVE ( 'NONE', #5266, #3728, #4589, .T. ) ;
#3306 = CARTESIAN_POINT ( 'NONE',  ( 11.30325409937562320, 0.000000000000000000, 21.00571895806876910 ) ) ;
#3307 = LINE ( 'NONE', #9620, #9789 ) ;
#3308 = CARTESIAN_POINT ( 'NONE',  ( -46.00000000000000000, 100.9999999999999858, 20.00000000000001421 ) ) ;
#3309 = DIRECTION ( 'NONE',  ( 0.000000000000000000, 0.000000000000000000, 1.000000000000000000 ) ) ;
#3310 = CARTESIAN_POINT ( 'NONE',  ( -23.41954960044470724, 0.1151001843994720747, 21.44121582224985900 ) ) ;
#3311 = LINE ( 'NONE', #11249, #7325 ) ;
#3312 = CYLINDRICAL_SURFACE ( 'NONE', #10672, 1.600000000000002531 ) ;
#3313 = LINE ( 'NONE', #2550, #2005 ) ;
#3314 = CIRCLE ( 'NONE', #3505, 4.242640687119346055 ) ;
#3315 = ORIENTED_EDGE ( 'NONE', *, *, #3071, .F. ) ;
#3316 = ORIENTED_EDGE ( 'NONE', *, *, #981, .F. ) ;
#3317 = AXIS2_PLACEMENT_3D ( 'NONE', #9919, #840, #11510 ) ;
#3318 = EDGE_CURVE ( 'NONE', #7013, #6455, #5653, .T. ) ;
#3319 = CARTESIAN_POINT ( 'NONE',  ( 17.56992757980552611, -1.000000000000000000, 27.00000000000000355 ) ) ;
#3320 = CARTESIAN_POINT ( 'NONE',  ( -23.99999999999998224, 83.99999999999998579, 3.900000000000002576 ) ) ;
#3321 = LINE ( 'NONE', #4200, #7648 ) ;
#3322 = LINE ( 'NONE', #7868, #11365 ) ;
#3323 = DIRECTION ( 'NONE',  ( -1.652117596168393672E-16, 1.000000000000000000, -3.491481338843133355E-15 ) ) ;
#3324 = EDGE_CURVE ( 'NONE', #6316, #11411, #3115, .T. ) ;
#3325 = EDGE_CURVE ( 'NONE', #9444, #8683, #1459, .T. ) ;
#3326 = ORIENTED_EDGE ( 'NONE', *, *, #2726, .F. ) ;
#3327 = LINE ( 'NONE', #9757, #2299 ) ;
#3328 = B_SPLINE_CURVE_WITH_KNOTS ( 'NONE', 3,
 ( #3186, #10139, #3068, #2954 ),
 .UNSPECIFIED., .F., .F.,
 ( 4, 4 ),
 ( 0.007944471632214565246, 0.009271135716238308039 ),
 .UNSPECIFIED. ) ;
#3329 = AXIS2_PLACEMENT_3D ( 'NONE', #623, #9669, #11406 ) ;
#3330 = ORIENTED_EDGE ( 'NONE', *, *, #10149, .T. ) ;
#3331 = VERTEX_POINT ( 'NONE', #8670 ) ;
#3332 = CARTESIAN_POINT ( 'NONE',  ( -42.39999999999999147, 110.4999999999999858, -1.374999999999989786 ) ) ;
#3333 = DIRECTION ( 'NONE',  ( 1.000000000000000000, 1.503427012513232710E-14, 0.000000000000000000 ) ) ;
#3334 = DIRECTION ( 'NONE',  ( 0.000000000000000000, 0.000000000000000000, 1.000000000000000000 ) ) ;
#3335 = CARTESIAN_POINT ( 'NONE',  ( -18.79247223446937554, -0.3802438715467422181, 25.60435106755606682 ) ) ;
#3336 = CARTESIAN_POINT ( 'NONE',  ( -3.469446951953614189E-15, 0.9999999999999626965, 0.000000000000000000 ) ) ;
#3337 = ORIENTED_EDGE ( 'NONE', *, *, #10362, .F. ) ;
#3338 = CARTESIAN_POINT ( 'NONE',  ( -26.02411907401664948, 79.84994088672971202, 18.56828593791821191 ) ) ;
#3339 = CIRCLE ( 'NONE', #1663, 20.99999999999999645 ) ;
#3340 = ADVANCED_FACE ( 'NONE', ( #5005 ), #3425, .F. ) ;
#3341 = ORIENTED_EDGE ( 'NONE', *, *, #8391, .T. ) ;
#3342 = CARTESIAN_POINT ( 'NONE',  ( -20.99999151476403370, 8.000000000000000000, 23.22174974702289418 ) ) ;
#3343 = DIRECTION ( 'NONE',  ( 0.9659258262890690894, 0.000000000000000000, -0.2588190451025179639 ) ) ;
#3344 = ORIENTED_EDGE ( 'NONE', *, *, #9941, .T. ) ;
#3346 = CARTESIAN_POINT ( 'NONE',  ( -23.99999999999997158, 10.30306154330093094, 2.076572383382754960 ) ) ;
#3345 = DIRECTION ( 'NONE',  ( 1.000000000000000000, 0.000000000000000000, 0.000000000000000000 ) ) ;
#3347 = LINE ( 'NONE', #4282, #8652 ) ;
#3348 = VECTOR ( 'NONE', #7074, 1000.000000000000000 ) ;
#3349 = DIRECTION ( 'NONE',  ( 0.000000000000000000, 0.000000000000000000, -1.000000000000000000 ) ) ;
#3350 = CARTESIAN_POINT ( 'NONE',  ( -43.99999999999998579, 88.61736382251127964, 5.500000000000002665 ) ) ;
#3351 = ORIENTED_EDGE ( 'NONE', *, *, #1665, .T. ) ;
#3352 = CARTESIAN_POINT ( 'NONE',  ( -23.99999999999998224, 78.86271205119403760, -1.996568019669923366 ) ) ;
#3353 = EDGE_CURVE ( 'NONE', #423, #3622, #10431, .T. ) ;
#3354 = CARTESIAN_POINT ( 'NONE',  ( -36.00000000000000000, 122.0000000000000000, -20.99999999999999645 ) ) ;
#3355 = CARTESIAN_POINT ( 'NONE',  ( 13.26992757980552895, -37.00000000000000000, 27.00000000000000355 ) ) ;
#3356 = DIRECTION ( 'NONE',  ( -0.2588190451025139116, -0.000000000000000000, -0.9659258262890700886 ) ) ;
#3357 = ORIENTED_EDGE ( 'NONE', *, *, #9625, .T. ) ;
#3358 = CARTESIAN_POINT ( 'NONE',  ( -20.99999999999998934, 45.46042085618157103, -13.99999999999999645 ) ) ;
#3359 = CARTESIAN_POINT ( 'NONE',  ( -42.39999999999999147, 89.25000000000000000, -1.374999999999990896 ) ) ;
#3360 = CARTESIAN_POINT ( 'NONE',  ( -24.00000000000003908, 46.70306154330088333, 1.000000000000000888 ) ) ;
#3361 = VERTEX_POINT ( 'NONE', #3252 ) ;
#3362 = CARTESIAN_POINT ( 'NONE',  ( -30.02871870788960962, 51.31596721165377062, 5.500000000000002665 ) ) ;
#3363 = CARTESIAN_POINT ( 'NONE',  ( -23.18789984659206027, 1.055216658227912330, 22.70803061772828713 ) ) ;
#3364 = CARTESIAN_POINT ( 'NONE',  ( -27.60000000000004761, 54.23199373143538082, -13.99999999999999645 ) ) ;
#3365 = CARTESIAN_POINT ( 'NONE',  ( -27.59999999999998721, 17.63098360465878756, 14.00000000000000178 ) ) ;
#3366 = LINE ( 'NONE', #6909, #2935 ) ;
#3367 = VERTEX_POINT ( 'NONE', #1449 ) ;
#3368 = EDGE_CURVE ( 'NONE', #1684, #4813, #5128, .T. ) ;
#3369 = ADVANCED_FACE ( 'NONE', ( #8556 ), #9667, .T. ) ;
#3370 = VERTEX_POINT ( 'NONE', #2373 ) ;
#3371 = EDGE_CURVE ( 'NONE', #4002, #10145, #10292, .T. ) ;
#3372 = VECTOR ( 'NONE', #6003, 1000.000000000000000 ) ;
#3373 = ORIENTED_EDGE ( 'NONE', *, *, #1259, .F. ) ;
#3374 = CARTESIAN_POINT ( 'NONE',  ( -21.24999708661761133, 8.000589839559822281, 9.100000000000004974 ) ) ;
#3375 = DIRECTION ( 'NONE',  ( 0.000000000000000000, 0.000000000000000000, 1.000000000000000000 ) ) ;
#3376 = DIRECTION ( 'NONE',  ( -0.000000000000000000, 0.000000000000000000, -1.000000000000000000 ) ) ;
#3377 = DIRECTION ( 'NONE',  ( -1.000000000000000000, 0.000000000000000000, 0.000000000000000000 ) ) ;
#3378 = ORIENTED_EDGE ( 'NONE', *, *, #3318, .T. ) ;
#3379 = EDGE_CURVE ( 'NONE', #236, #1940, #3313, .T. ) ;
#3380 = ORIENTED_EDGE ( 'NONE', *, *, #9572, .F. ) ;
#3381 = DIRECTION ( 'NONE',  ( -0.000000000000000000, -0.000000000000000000, -1.000000000000000000 ) ) ;
#3382 = ORIENTED_EDGE ( 'NONE', *, *, #7780, .F. ) ;
#3383 = ORIENTED_EDGE ( 'NONE', *, *, #934, .T. ) ;
#3384 = CARTESIAN_POINT ( 'NONE',  ( 16.56992757980552611, 0.9999999999999453770, -21.00000000000000000 ) ) ;
#3385 = DIRECTION ( 'NONE',  ( 0.000000000000000000, -1.000000000000000000, 0.000000000000000000 ) ) ;
#3386 = CARTESIAN_POINT ( 'NONE',  ( 15.49999999999999822, 8.000000000000000000, 17.10000000000000853 ) ) ;
#3387 = EDGE_CURVE ( 'NONE', #4801, #4861, #6114, .T. ) ;
#3388 = CARTESIAN_POINT ( 'NONE',  ( -17.78627443416347020, -0.06209321473721701040, 26.84899029785629310 ) ) ;
#3389 = CARTESIAN_POINT ( 'NONE',  ( -42.39999999999999147, 112.7499999999999858, -1.374999999999990896 ) ) ;
#3390 = CARTESIAN_POINT ( 'NONE',  ( -20.96452854641666619, 0.9999999999999462652, 24.67142627692508228 ) ) ;
#3391 = VERTEX_POINT ( 'NONE', #1562 ) ;
#3392 = FACE_BOUND ( 'NONE', #8136, .T. ) ;
#3393 = CARTESIAN_POINT ( 'NONE',  ( -20.11229525979745247, 1.016439536705159618E-15, 24.15782150298206687 ) ) ;
#3394 = CIRCLE ( 'NONE', #237, 3.562741699796949213 ) ;
#3395 = DIRECTION ( 'NONE',  ( 1.000000000000000000, 0.000000000000000000, 0.000000000000000000 ) ) ;
#3396 = LINE ( 'NONE', #6943, #6543 ) ;
#3397 = ORIENTED_EDGE ( 'NONE', *, *, #3963, .F. ) ;
#3399 = CYLINDRICAL_SURFACE ( 'NONE', #10354, 1.700000000000000178 ) ;
#3398 = DIRECTION ( 'NONE',  ( -0.000000000000000000, -0.000000000000000000, 1.000000000000000000 ) ) ;
#3400 = CARTESIAN_POINT ( 'NONE',  ( -43.00000000000000000, 3.806754294504709043E-16, 1.975000000000028288 ) ) ;
#3401 = DIRECTION ( 'NONE',  ( -0.000000000000000000, -1.000000000000000000, -0.000000000000000000 ) ) ;
#3402 = AXIS2_PLACEMENT_3D ( 'NONE', #8001, #6079, #9764 ) ;
#3403 = ADVANCED_FACE ( 'NONE', ( #7800 ), #5887, .F. ) ;
#3404 = CARTESIAN_POINT ( 'NONE',  ( -16.56488701147627651, 8.000000000000000000, 22.00000000000000355 ) ) ;
#3405 = LINE ( 'NONE', #3531, #3348 ) ;
#3406 = VECTOR ( 'NONE', #4150, 1000.000000000000000 ) ;
#3407 = PLANE ( 'NONE',  #5574 ) ;
#3408 = DIRECTION ( 'NONE',  ( 1.000000000000000000, 0.000000000000000000, -1.362997016838919825E-16 ) ) ;
#3409 = ORIENTED_EDGE ( 'NONE', *, *, #1323, .F. ) ;
#3410 = CARTESIAN_POINT ( 'NONE',  ( -24.00456142979123797, 88.19023809745083042, -10.40000000000000568 ) ) ;
#3411 = B_SPLINE_CURVE_WITH_KNOTS ( 'NONE', 3,
 ( #4791, #6705, #2983, #4030, #2271, #9462, #1472, #3917 ),
 .UNSPECIFIED., .F., .F.,
 ( 4, 2, 2, 4 ),
 ( 0.000000000000000000, 0.0003128767791609510002, 0.0006257535583219020004, 0.001251507116643804001 ),
 .UNSPECIFIED. ) ;
#3412 = ORIENTED_EDGE ( 'NONE', *, *, #4580, .T. ) ;
#3413 = ORIENTED_EDGE ( 'NONE', *, *, #9484, .F. ) ;
#3414 = CARTESIAN_POINT ( 'NONE',  ( -27.60000000000005116, 56.30306154330085633, -47.00000000000000000 ) ) ;
#3415 = FACE_OUTER_BOUND ( 'NONE', #621, .T. ) ;
#3416 = ORIENTED_EDGE ( 'NONE', *, *, #27, .F. ) ;
#3417 = AXIS2_PLACEMENT_3D ( 'NONE', #2137, #5773, #5599 ) ;
#3418 = CARTESIAN_POINT ( 'NONE',  ( -22.60000000000001208, 36.03199373143542061, 7.500000000000000000 ) ) ;
#3419 = CYLINDRICAL_SURFACE ( 'NONE', #8343, 1.600000000000000089 ) ;
#3420 = ORIENTED_EDGE ( 'NONE', *, *, #10149, .F. ) ;
#3421 = LINE ( 'NONE', #10425, #1756 ) ;
#3422 = CARTESIAN_POINT ( 'NONE',  ( -24.42887636694830178, 0.2356636780603375281, 20.95484771477864072 ) ) ;
#3423 = CIRCLE ( 'NONE', #7508, 5.000000000000000888 ) ;
#3424 = CARTESIAN_POINT ( 'NONE',  ( -23.99999999999997868, 86.63056900498283142, -10.41012433916933055 ) ) ;
#3425 = CYLINDRICAL_SURFACE ( 'NONE', #7590, 1.899999999999999467 ) ;
#3426 = ORIENTED_EDGE ( 'NONE', *, *, #4086, .F. ) ;
#3427 = EDGE_LOOP ( 'NONE', ( #2262, #730, #10191, #163 ) ) ;
#3428 = AXIS2_PLACEMENT_3D ( 'NONE', #8414, #5633, #9176 ) ;
#3429 = ORIENTED_EDGE ( 'NONE', *, *, #9352, .F. ) ;
#3430 = ORIENTED_EDGE ( 'NONE', *, *, #11441, .F. ) ;
#3431 = AXIS2_PLACEMENT_3D ( 'NONE', #5342, #7830, #11396 ) ;
#3432 = CARTESIAN_POINT ( 'NONE',  ( -23.39857959207001770, 1.072204635852955557, 22.57013445535371332 ) ) ;
#3433 = EDGE_CURVE ( 'NONE', #11486, #10557, #5945, .T. ) ;
#3434 = CARTESIAN_POINT ( 'NONE',  ( -20.99999151476408699, 0.000000000000000000, 23.22174974702306827 ) ) ;
#3435 = DIRECTION ( 'NONE',  ( -0.000000000000000000, -1.000000000000000000, 1.927470528863117569E-16 ) ) ;
#3436 = EDGE_CURVE ( 'NONE', #7507, #4348, #3366, .T. ) ;
#3437 = CARTESIAN_POINT ( 'NONE',  ( -18.59999999999998366, 17.63098360465878756, -11.99999999999999645 ) ) ;
#3438 = CARTESIAN_POINT ( 'NONE',  ( -24.96396103067888106, 11.26702257397983331, 14.89917787120095305 ) ) ;
#3439 = ORIENTED_EDGE ( 'NONE', *, *, #4675, .F. ) ;
#3440 = AXIS2_PLACEMENT_3D ( 'NONE', #3359, #1445, #8662 ) ;
#3441 = ORIENTED_EDGE ( 'NONE', *, *, #8561, .T. ) ;
#3442 = ADVANCED_FACE ( 'NONE', ( #9336 ), #5895, .T. ) ;
#3443 = DIRECTION ( 'NONE',  ( -0.000000000000000000, -0.000000000000000000, -1.000000000000000000 ) ) ;
#3444 = ORIENTED_EDGE ( 'NONE', *, *, #8578, .T. ) ;
#3445 = ORIENTED_EDGE ( 'NONE', *, *, #178, .F. ) ;
#3446 = VECTOR ( 'NONE', #1458, 1000.000000000000114 ) ;
#3447 = CARTESIAN_POINT ( 'NONE',  ( -42.40000000000004832, 100.9999999999999858, -1.899999999999992806 ) ) ;
#3448 = CARTESIAN_POINT ( 'NONE',  ( -9.918398939764561106, 0.000000000000000000, 21.00000000000000000 ) ) ;
#3449 = CIRCLE ( 'NONE', #3997, 9.028718707889636264 ) ;
#3450 = FACE_OUTER_BOUND ( 'NONE', #4492, .T. ) ;
#3451 = EDGE_CURVE ( 'NONE', #10207, #9739, #5855, .T. ) ;
#3452 = CARTESIAN_POINT ( 'NONE',  ( -17.91607905426364056, 0.03059451465410003776, 26.81443740114465513 ) ) ;
#3453 = CARTESIAN_POINT ( 'NONE',  ( -32.45779162047082878, 66.65895734927148908, 19.71550740233812604 ) ) ;
#3454 = ORIENTED_EDGE ( 'NONE', *, *, #1053, .F. ) ;
#3455 = CARTESIAN_POINT ( 'NONE',  ( -26.97065927659422258, 14.28331496040741655, 1.409313316002861916 ) ) ;
#3456 = B_SPLINE_CURVE_WITH_KNOTS ( 'NONE', 3,
 ( #913, #969, #5397, #4512 ),
 .UNSPECIFIED., .F., .F.,
 ( 4, 4 ),
 ( 0.000000000000000000, 4.823006464744595295E-06 ),
 .UNSPECIFIED. ) ;
#3457 = VERTEX_POINT ( 'NONE', #1460 ) ;
#3458 = CONICAL_SURFACE ( 'NONE', #9979, 1.374999999999997113, 0.7853981633974549403 ) ;
#3459 = LINE ( 'NONE', #4451, #6039 ) ;
#3460 = FACE_OUTER_BOUND ( 'NONE', #8685, .T. ) ;
#3461 = VERTEX_POINT ( 'NONE', #11377 ) ;
#3462 = DIRECTION ( 'NONE',  ( 1.000000000000000000, 0.000000000000000000, 6.195440985631456550E-17 ) ) ;
#3463 = CARTESIAN_POINT ( 'NONE',  ( -20.99999999999999289, 27.26042085618161082, 12.00000000000000178 ) ) ;
#3464 = DIRECTION ( 'NONE',  ( 0.000000000000000000, -1.000000000000000000, 2.973811673103097665E-16 ) ) ;
#3465 = LINE ( 'NONE', #6200, #7819 ) ;
#3466 = ORIENTED_EDGE ( 'NONE', *, *, #1077, .F. ) ;
#3467 = VECTOR ( 'NONE', #8584, 1000.000000000000000 ) ;
#3468 = DIRECTION ( 'NONE',  ( -0.000000000000000000, -0.000000000000000000, 1.000000000000000000 ) ) ;
#3469 = CIRCLE ( 'NONE', #9989, 15.00000000000000000 ) ;
#3470 = EDGE_CURVE ( 'NONE', #1131, #8530, #5015, .T. ) ;
#3471 = EDGE_CURVE ( 'NONE', #8387, #3361, #10213, .T. ) ;
#3472 = AXIS2_PLACEMENT_3D ( 'NONE', #754, #2539, #1950 ) ;
#3473 = AXIS2_PLACEMENT_3D ( 'NONE', #6803, #9449, #10209 ) ;
#3474 = CARTESIAN_POINT ( 'NONE',  ( -23.99999999999998934, 83.99999999999998579, 3.900000000000000799 ) ) ;
#3475 = DIRECTION ( 'NONE',  ( -1.652117596168393672E-16, 1.000000000000000000, -3.491481338843133355E-15 ) ) ;
#3476 = ORIENTED_EDGE ( 'NONE', *, *, #10788, .T. ) ;
#3477 = ORIENTED_EDGE ( 'NONE', *, *, #10810, .F. ) ;
#3478 = DIRECTION ( 'NONE',  ( 0.000000000000000000, -1.000000000000000000, 0.000000000000000000 ) ) ;
#3479 = CARTESIAN_POINT ( 'NONE',  ( -25.33626385280648563, 11.63932539610743788, -8.336597739299968168 ) ) ;
#3480 = CARTESIAN_POINT ( 'NONE',  ( -43.00000000000000000, 89.25000000000000000, -1.974999999999994094 ) ) ;
#3481 = VECTOR ( 'NONE', #6005, 1000.000000000000000 ) ;
#3482 = ORIENTED_EDGE ( 'NONE', *, *, #69, .F. ) ;
#3483 = DIRECTION ( 'NONE',  ( 0.000000000000000000, 0.000000000000000000, 1.000000000000000000 ) ) ;
#3484 = DIRECTION ( 'NONE',  ( -0.000000000000000000, -0.000000000000000000, -1.000000000000000000 ) ) ;
#3485 = ORIENTED_EDGE ( 'NONE', *, *, #9502, .F. ) ;
#3486 = CARTESIAN_POINT ( 'NONE',  ( -24.00000000000003908, 46.70306154330088333, -13.99999999999999645 ) ) ;
#3487 = CARTESIAN_POINT ( 'NONE',  ( -21.13579957162660961, 1.071816137966650981E-07, 23.09137737678237556 ) ) ;
#3488 = VECTOR ( 'NONE', #9304, 1000.000000000000000 ) ;
#3489 = CARTESIAN_POINT ( 'NONE',  ( -35.73499348497428940, 60.33781306909052233, -20.88751140823994845 ) ) ;
#3490 = CARTESIAN_POINT ( 'NONE',  ( -27.59999999999998721, 19.90306154330091104, -47.00000000000000000 ) ) ;
#3491 = VERTEX_POINT ( 'NONE', #8448 ) ;
#3492 = EDGE_CURVE ( 'NONE', #4642, #3937, #8332, .T. ) ;
#3493 = ORIENTED_EDGE ( 'NONE', *, *, #6839, .F. ) ;
#3494 = ORIENTED_EDGE ( 'NONE', *, *, #4990, .T. ) ;
#3495 = ORIENTED_EDGE ( 'NONE', *, *, #1682, .F. ) ;
#3496 = CARTESIAN_POINT ( 'NONE',  ( -42.39999999999999147, 91.50000000000000000, 1.375000000000003775 ) ) ;
#3497 = CARTESIAN_POINT ( 'NONE',  ( -27.28671427187650522, 0.8026362612457677015, 20.13751906496981547 ) ) ;
#3498 = LINE ( 'NONE', #11379, #2989 ) ;
#3499 = VECTOR ( 'NONE', #10294, 1000.000000000000000 ) ;
#3500 = CARTESIAN_POINT ( 'NONE',  ( -27.60000000000004050, 50.30306154330085633, 14.00000000000000178 ) ) ;
#3501 = CARTESIAN_POINT ( 'NONE',  ( -27.59999999999998721, 17.83199373143543198, 1.000000000000001776 ) ) ;
#3502 = B_SPLINE_CURVE_WITH_KNOTS ( 'NONE', 3,
 ( #8338, #2975, #6521, #4839, #3143, #6694, #6221, #8616 ),
 .UNSPECIFIED., .F., .F.,
 ( 4, 2, 2, 4 ),
 ( 0.000000000000000000, 0.0003129701388936079122, 0.0006259402777872158244, 0.001251880555574432299 ),
 .UNSPECIFIED. ) ;
#3503 = ORIENTED_EDGE ( 'NONE', *, *, #6376, .F. ) ;
#3504 = EDGE_CURVE ( 'NONE', #7925, #167, #9087, .T. ) ;
#3505 = AXIS2_PLACEMENT_3D ( 'NONE', #4077, #7631, #11196 ) ;
#3506 = EDGE_CURVE ( 'NONE', #7274, #9715, #3314, .T. ) ;
#3507 = ORIENTED_EDGE ( 'NONE', *, *, #2397, .T. ) ;
#3508 = EDGE_LOOP ( 'NONE', ( #1467, #9314, #5987, #3292 ) ) ;
#3509 = AXIS2_PLACEMENT_3D ( 'NONE', #7915, #46, #6848 ) ;
#3510 = PLANE ( 'NONE',  #11047 ) ;
#3511 = CARTESIAN_POINT ( 'NONE',  ( -24.00000000000000000, 28.50306154330090536, 14.00000000000000178 ) ) ;
#3512 = VERTEX_POINT ( 'NONE', #3196 ) ;
#3513 = DIRECTION ( 'NONE',  ( 1.734723475976807489E-15, -1.000000000000000000, 0.000000000000000000 ) ) ;
#3514 = DIRECTION ( 'NONE',  ( 8.357552882253592277E-33, -1.000000000000000000, 1.927470528863117569E-16 ) ) ;
#3515 = CARTESIAN_POINT ( 'NONE',  ( -23.99999999999997158, 10.30306154330093094, -47.00000000000000000 ) ) ;
#3516 = EDGE_LOOP ( 'NONE', ( #3132, #11503, #8038, #6546 ) ) ;
#3517 = EDGE_CURVE ( 'NONE', #7692, #7091, #8526, .T. ) ;
#3518 = DIRECTION ( 'NONE',  ( 0.000000000000000000, 0.000000000000000000, -1.000000000000000000 ) ) ;
#3519 = AXIS2_PLACEMENT_3D ( 'NONE', #3877, #7604, #11175 ) ;
#3520 = ORIENTED_EDGE ( 'NONE', *, *, #8862, .F. ) ;
#3521 = EDGE_CURVE ( 'NONE', #2689, #7880, #957, .T. ) ;
#3522 = EDGE_CURVE ( 'NONE', #5367, #3182, #10025, .T. ) ;
#3523 = EDGE_CURVE ( 'NONE', #4534, #5638, #10783, .T. ) ;
#3524 = CARTESIAN_POINT ( 'NONE',  ( -0.9999999999999961142, 51.31596721165376351, 7.500000000000002665 ) ) ;
#3525 = DIRECTION ( 'NONE',  ( 0.000000000000000000, 0.000000000000000000, -1.000000000000000000 ) ) ;
#3526 = ORIENTED_EDGE ( 'NONE', *, *, #1884, .T. ) ;
#3527 = LINE ( 'NONE', #6029, #9595 ) ;
#3528 = DIRECTION ( 'NONE',  ( 0.000000000000000000, 1.000000000000000000, 0.000000000000000000 ) ) ;
#3529 = DIRECTION ( 'NONE',  ( -1.000000000000000000, 0.000000000000000000, 1.652117596168388002E-16 ) ) ;
#3530 = ORIENTED_EDGE ( 'NONE', *, *, #3871, .T. ) ;
#3531 = CARTESIAN_POINT ( 'NONE',  ( -19.39331413622247879, 8.000000000000000000, 24.82842712474616320 ) ) ;
#3532 = CIRCLE ( 'NONE', #173, 4.242640687119314968 ) ;
#3533 = DIRECTION ( 'NONE',  ( 0.000000000000000000, -0.7071067811865463515, 0.7071067811865487940 ) ) ;
#3534 = AXIS2_PLACEMENT_3D ( 'NONE', #405, #3956, #7449 ) ;
#3535 = CARTESIAN_POINT ( 'NONE',  ( -23.99999999999998224, 88.61736382251127964, 5.500000000000002665 ) ) ;
#3536 = VECTOR ( 'NONE', #6095, 1000.000000000000000 ) ;
#3537 = EDGE_LOOP ( 'NONE', ( #8865, #5768, #6378, #10950, #7057 ) ) ;
#3538 = PLANE ( 'NONE',  #10175 ) ;
#3539 = DIRECTION ( 'NONE',  ( 0.7071067811865543451, -3.227986140386019937E-17, -0.7071067811865408004 ) ) ;
#3540 = ORIENTED_EDGE ( 'NONE', *, *, #6976, .T. ) ;
#3541 = CARTESIAN_POINT ( 'NONE',  ( -27.60000000000001208, 36.03199373143541351, -11.99999999999999645 ) ) ;
#3542 = DIRECTION ( 'NONE',  ( -1.000000000000000000, 0.000000000000000000, 1.652117596168398356E-16 ) ) ;
#3543 = DIRECTION ( 'NONE',  ( 0.000000000000000000, 0.000000000000000000, 1.000000000000000000 ) ) ;
#3544 = EDGE_LOOP ( 'NONE', ( #7527, #3445, #20, #3236 ) ) ;
#3545 = CARTESIAN_POINT ( 'NONE',  ( -27.51111049204592618, 1.861916665952069394, 21.07549072283062586 ) ) ;
#3546 = VERTEX_POINT ( 'NONE', #6558 ) ;
#3547 = ORIENTED_EDGE ( 'NONE', *, *, #2296, .F. ) ;
#3548 = EDGE_LOOP ( 'NONE', ( #1628, #5952, #2538, #4844 ) ) ;
#3549 = ORIENTED_EDGE ( 'NONE', *, *, #9002, .F. ) ;
#3550 = CARTESIAN_POINT ( 'NONE',  ( -23.12249554794650308, 1.050090454139676277, 22.75134246469847810 ) ) ;
#3551 = ORIENTED_EDGE ( 'NONE', *, *, #3838, .F. ) ;
#3552 = EDGE_CURVE ( 'NONE', #631, #2986, #10594, .T. ) ;
#3553 = CARTESIAN_POINT ( 'NONE',  ( -36.00000000000000000, 22.99999999999999289, -20.99999999999999645 ) ) ;
#3554 = CARTESIAN_POINT ( 'NONE',  ( -26.26452026777607074, 12.88515400628445029, 4.866224350140476496 ) ) ;
#3555 = DIRECTION ( 'NONE',  ( 0.000000000000000000, -0.000000000000000000, -1.000000000000000000 ) ) ;
#3556 = PLANE ( 'NONE',  #9655 ) ;
#3557 = ORIENTED_EDGE ( 'NONE', *, *, #7406, .F. ) ;
#3558 = CONICAL_SURFACE ( 'NONE', #5433, 14.99999999999999645, 1.308996938995754311 ) ;
#3559 = VERTEX_POINT ( 'NONE', #6336 ) ;
#3560 = ORIENTED_EDGE ( 'NONE', *, *, #9722, .F. ) ;
#3561 = ORIENTED_EDGE ( 'NONE', *, *, #4993, .T. ) ;
#3562 = DIRECTION ( 'NONE',  ( -0.000000000000000000, 0.000000000000000000, -1.000000000000000000 ) ) ;
#3563 = LINE ( 'NONE', #1821, #11056 ) ;
#3564 = VERTEX_POINT ( 'NONE', #4594 ) ;
#3565 = CARTESIAN_POINT ( 'NONE',  ( -26.13553390593276760, 48.83859544923359408, -5.499999999999999112 ) ) ;
#3566 = FACE_OUTER_BOUND ( 'NONE', #6571, .T. ) ;
#3567 = FACE_OUTER_BOUND ( 'NONE', #6902, .T. ) ;
#3568 = EDGE_CURVE ( 'NONE', #5408, #10694, #8147, .T. ) ;
#3569 = DIRECTION ( 'NONE',  ( 1.000000000000000000, 0.000000000000000000, -1.652117596168387756E-16 ) ) ;
#3570 = ADVANCED_FACE ( 'NONE', ( #1102 ), #8379, .F. ) ;
#3571 = ORIENTED_EDGE ( 'NONE', *, *, #2108, .T. ) ;
#3572 = LINE ( 'NONE', #6255, #5672 ) ;
#3573 = ORIENTED_EDGE ( 'NONE', *, *, #3004, .T. ) ;
#3574 = DIRECTION ( 'NONE',  ( 0.000000000000000000, 0.000000000000000000, 1.000000000000000000 ) ) ;
#3575 = CARTESIAN_POINT ( 'NONE',  ( -20.99999999999999645, 22.99999999999999289, -11.99999999999999645 ) ) ;
#3576 = LINE ( 'NONE', #1659, #7346 ) ;
#3577 = ORIENTED_EDGE ( 'NONE', *, *, #10936, .T. ) ;
#3578 = DIRECTION ( 'NONE',  ( 0.5000000000000002220, 0.8660254037844384856, 0.000000000000000000 ) ) ;
#3579 = ADVANCED_FACE ( 'NONE', ( #5882 ), #3943, .F. ) ;
#3580 = CARTESIAN_POINT ( 'NONE',  ( -27.60000000000001208, 36.03199373143541351, 5.500000000000002665 ) ) ;
#3581 = EDGE_CURVE ( 'NONE', #7214, #11340, #3124, .T. ) ;
#3582 = VECTOR ( 'NONE', #6947, 1000.000000000000000 ) ;
#3583 = CARTESIAN_POINT ( 'NONE',  ( -26.13553390593278181, 57.76752763736812568, 1.000000000000001776 ) ) ;
#3584 = CIRCLE ( 'NONE', #10113, 1.600000000000000089 ) ;
#3585 = AXIS2_PLACEMENT_3D ( 'NONE', #10551, #2549, #11368 ) ;
#3586 = ORIENTED_EDGE ( 'NONE', *, *, #1080, .T. ) ;
#3587 = CONICAL_SURFACE ( 'NONE', #10487, 20.00000000000000000, 1.308996938995752979 ) ;
#3588 = DIRECTION ( 'NONE',  ( 0.2588190451025129124, -0.000000000000000000, -0.9659258262890704216 ) ) ;
#3589 = CARTESIAN_POINT ( 'NONE',  ( 15.56992757980551367, 8.000000000000000000, 25.99999999999983658 ) ) ;
#3590 = ORIENTED_EDGE ( 'NONE', *, *, #4198, .T. ) ;
#3591 = CARTESIAN_POINT ( 'NONE',  ( -34.25142880775443643, 63.24144817394690676, 20.28860218559169226 ) ) ;
#3592 = EDGE_CURVE ( 'NONE', #3559, #4370, #6791, .T. ) ;
#3593 = DIRECTION ( 'NONE',  ( 1.734723475976807489E-15, -1.000000000000000000, 0.000000000000000000 ) ) ;
#3594 = VERTEX_POINT ( 'NONE', #10307 ) ;
#3595 = DIRECTION ( 'NONE',  ( 0.000000000000000000, 0.000000000000000000, -1.000000000000000000 ) ) ;
#3596 = CARTESIAN_POINT ( 'NONE',  ( -25.59341394673712955, 8.720368826921157890, 20.38291153960889801 ) ) ;
#3597 = DIRECTION ( 'NONE',  ( 1.734723475976807489E-15, -1.000000000000000000, 0.000000000000000000 ) ) ;
#3598 = ORIENTED_EDGE ( 'NONE', *, *, #436, .F. ) ;
#3599 = CIRCLE ( 'NONE', #1360, 1.600000000000000755 ) ;
#3600 = EDGE_LOOP ( 'NONE', ( #1851, #2586, #6103, #7041, #9202, #10218 ) ) ;
#3601 = ORIENTED_EDGE ( 'NONE', *, *, #10457, .T. ) ;
#3602 = EDGE_CURVE ( 'NONE', #10145, #2824, #1827, .T. ) ;
#3603 = ORIENTED_EDGE ( 'NONE', *, *, #557, .F. ) ;
#3604 = EDGE_LOOP ( 'NONE', ( #10794, #7327, #72, #5456 ) ) ;
#3605 = AXIS2_PLACEMENT_3D ( 'NONE', #2193, #5824, #10311 ) ;
#3606 = VECTOR ( 'NONE', #8440, 1000.000000000000000 ) ;
#3607 = CARTESIAN_POINT ( 'NONE',  ( -32.49999999999998579, 91.50000000000000000, -3.037741699796940864 ) ) ;
#3608 = ORIENTED_EDGE ( 'NONE', *, *, #4160, .F. ) ;
#3609 = VECTOR ( 'NONE', #4262, 1000.000000000000000 ) ;
#3610 = LINE ( 'NONE', #943, #8250 ) ;
#3611 = DIRECTION ( 'NONE',  ( 0.000000000000000000, 0.000000000000000000, 1.000000000000000000 ) ) ;
#3612 = DIRECTION ( 'NONE',  ( -0.000000000000000000, -0.000000000000000000, -1.000000000000000000 ) ) ;
#3613 = DIRECTION ( 'NONE',  ( -1.000000000000000000, 0.000000000000000000, 1.927470528863117569E-16 ) ) ;
#3614 = VERTEX_POINT ( 'NONE', #9436 ) ;
#3615 = VECTOR ( 'NONE', #10122, 1000.000000000000000 ) ;
#3616 = ORIENTED_EDGE ( 'NONE', *, *, #5948, .F. ) ;
#3617 = EDGE_CURVE ( 'NONE', #2032, #4336, #1084, .T. ) ;
#3618 = AXIS2_PLACEMENT_3D ( 'NONE', #494, #1358, #8579 ) ;
#3619 = EDGE_CURVE ( 'NONE', #11227, #3367, #8874, .T. ) ;
#3620 = EDGE_CURVE ( 'NONE', #1278, #9760, #3909, .T. ) ;
#3621 = ORIENTED_EDGE ( 'NONE', *, *, #1727, .T. ) ;
#3622 = VERTEX_POINT ( 'NONE', #574 ) ;
#3623 = CARTESIAN_POINT ( 'NONE',  ( -23.99999999999998934, 88.19122569133416789, -10.40121630914684481 ) ) ;
#3624 = CARTESIAN_POINT ( 'NONE',  ( -27.59999999999998721, 17.83199373143543198, -11.99999999999999645 ) ) ;
#3625 = ORIENTED_EDGE ( 'NONE', *, *, #3433, .F. ) ;
#3626 = CARTESIAN_POINT ( 'NONE',  ( 12.11041656043498804, -36.00000000000000711, 26.00000000000001776 ) ) ;
#3627 = AXIS2_PLACEMENT_3D ( 'NONE', #11033, #6585, #10168 ) ;
#3628 = DIRECTION ( 'NONE',  ( 1.000000000000000000, 0.000000000000000000, 0.000000000000000000 ) ) ;
#3629 = CARTESIAN_POINT ( 'NONE',  ( -20.99999999999998934, 42.94570223042018142, -13.99999999999999645 ) ) ;
#3630 = CIRCLE ( 'NONE', #1392, 24.99999999999999645 ) ;
#3631 = FACE_OUTER_BOUND ( 'NONE', #5588, .T. ) ;
#3632 = ORIENTED_EDGE ( 'NONE', *, *, #5004, .T. ) ;
#3633 = CARTESIAN_POINT ( 'NONE',  ( -10.18507242019446402, 0.000000000000000000, 21.00000000000000000 ) ) ;
#3634 = AXIS2_PLACEMENT_3D ( 'NONE', #1296, #7584, #3157 ) ;
#3635 = DIRECTION ( 'NONE',  ( -0.7071067811865474617, -0.7071067811865474617, 0.000000000000000000 ) ) ;
#3636 = ORIENTED_EDGE ( 'NONE', *, *, #6986, .F. ) ;
#3637 = LINE ( 'NONE', #9053, #1548 ) ;
#3638 = CARTESIAN_POINT ( 'NONE',  ( -36.00000000000000000, 51.31596721165376351, -3.900000000000000799 ) ) ;
#3639 = FACE_BOUND ( 'NONE', #9075, .T. ) ;
#3640 = ORIENTED_EDGE ( 'NONE', *, *, #5761, .T. ) ;
#3641 = CARTESIAN_POINT ( 'NONE',  ( -24.00000000000002487, 41.70306154330087622, -47.00000000000000000 ) ) ;
#3642 = ORIENTED_EDGE ( 'NONE', *, *, #10035, .F. ) ;
#3643 = EDGE_CURVE ( 'NONE', #2198, #4948, #2745, .T. ) ;
#3644 = LINE ( 'NONE', #9942, #7416 ) ;
#3645 = AXIS2_PLACEMENT_3D ( 'NONE', #10359, #6046, #4997 ) ;
#3646 = FACE_OUTER_BOUND ( 'NONE', #150, .T. ) ;
#3647 = ADVANCED_FACE ( 'NONE', ( #4184 ), #2419, .T. ) ;
#3648 = DIRECTION ( 'NONE',  ( 0.000000000000000000, 0.000000000000000000, 1.000000000000000000 ) ) ;
#3649 = EDGE_CURVE ( 'NONE', #4348, #4120, #453, .T. ) ;
#3650 = ORIENTED_EDGE ( 'NONE', *, *, #8231, .T. ) ;
#3651 = CIRCLE ( 'NONE', #6805, 26.75000000000000000 ) ;
#3652 = DIRECTION ( 'NONE',  ( 1.243449787580175325E-14, 0.000000000000000000, 1.000000000000000000 ) ) ;
#3653 = LINE ( 'NONE', #1145, #9634 ) ;
#3654 = CARTESIAN_POINT ( 'NONE',  ( -15.49999999999999467, 8.000000000000000000, -15.50000000000000533 ) ) ;
#3655 = DIRECTION ( 'NONE',  ( 1.000000000000000000, 0.000000000000000000, 0.000000000000000000 ) ) ;
#3656 = CARTESIAN_POINT ( 'NONE',  ( -27.60000000000000853, 34.17412935516636452, 14.00000000000000178 ) ) ;
#3657 = CARTESIAN_POINT ( 'NONE',  ( -25.51187881018372394, 8.694399514995824418, 20.40686783431406326 ) ) ;
#3658 = EDGE_CURVE ( 'NONE', #4882, #1662, #6895, .T. ) ;
#3659 = ORIENTED_EDGE ( 'NONE', *, *, #6250, .F. ) ;
#3660 = CIRCLE ( 'NONE', #5706, 9.000000000000000000 ) ;
#3661 = AXIS2_PLACEMENT_3D ( 'NONE', #4115, #3237, #8543 ) ;
#3662 = ORIENTED_EDGE ( 'NONE', *, *, #4378, .F. ) ;
#3663 = EDGE_CURVE ( 'NONE', #2487, #1457, #10210, .T. ) ;
#3664 = EDGE_CURVE ( 'NONE', #8743, #9370, #4880, .T. ) ;
#3665 = ORIENTED_EDGE ( 'NONE', *, *, #4078, .F. ) ;
#3666 = AXIS2_PLACEMENT_3D ( 'NONE', #10622, #2617, #6174 ) ;
#3667 = EDGE_CURVE ( 'NONE', #10415, #10777, #10989, .T. ) ;
#3668 = CARTESIAN_POINT ( 'NONE',  ( -20.99999999999998934, 22.99999999999999289, 14.00000000000000178 ) ) ;
#3669 = CARTESIAN_POINT ( 'NONE',  ( -24.30962394497655055, 8.368768505902123067, 20.85164305090508563 ) ) ;
#3670 = AXIS2_PLACEMENT_3D ( 'NONE', #7424, #2066, #2229 ) ;
#3671 = CARTESIAN_POINT ( 'NONE',  ( -21.84310305542821595, 8.203844758761086098, -2.551463369350189581 ) ) ;
#3672 = DIRECTION ( 'NONE',  ( 0.000000000000000000, 0.000000000000000000, 1.000000000000000000 ) ) ;
#3673 = DIRECTION ( 'NONE',  ( 1.000000000000000000, 0.000000000000000000, 0.000000000000000000 ) ) ;
#3674 = ORIENTED_EDGE ( 'NONE', *, *, #9725, .T. ) ;
#3675 = VERTEX_POINT ( 'NONE', #9377 ) ;
#3676 = VECTOR ( 'NONE', #2757, 1000.000000000000000 ) ;
#3677 = ORIENTED_EDGE ( 'NONE', *, *, #3353, .T. ) ;
#3678 = EDGE_LOOP ( 'NONE', ( #7972, #9575, #10330, #2512, #2948, #2214, #7983 ) ) ;
#3679 = CYLINDRICAL_SURFACE ( 'NONE', #132, 5.000000000000000888 ) ;
#3680 = CARTESIAN_POINT ( 'NONE',  ( -23.99999999999998224, 88.61736382251127964, -7.499999999999999112 ) ) ;
#3681 = CARTESIAN_POINT ( 'NONE',  ( -15.49999999999999467, 8.000000000000000000, -15.50000000000000533 ) ) ;
#3682 = DIRECTION ( 'NONE',  ( 0.000000000000000000, 0.000000000000000000, 1.000000000000000000 ) ) ;
#3683 = CARTESIAN_POINT ( 'NONE',  ( -45.00000000000005684, 100.9999999999999858, 21.00000000000000000 ) ) ;
#3684 = DIRECTION ( 'NONE',  ( -1.000000000000000000, 4.319837007227158624E-17, -0.000000000000000000 ) ) ;
#3685 = CARTESIAN_POINT ( 'NONE',  ( -22.60000000000004761, 54.23199373143538793, -1.000000000000000888 ) ) ;
#3686 = AXIS2_PLACEMENT_3D ( 'NONE', #5611, #1172, #3790 ) ;
#3687 = CARTESIAN_POINT ( 'NONE',  ( -19.57894330024440066, 0.7896710000305049437, 25.99030954632666734 ) ) ;
#3688 = EDGE_CURVE ( 'NONE', #2822, #4775, #3720, .T. ) ;
#3689 = VECTOR ( 'NONE', #8489, 1000.000000000000227 ) ;
#3690 = ORIENTED_EDGE ( 'NONE', *, *, #604, .F. ) ;
#3691 = FACE_OUTER_BOUND ( 'NONE', #770, .T. ) ;
#3692 = ORIENTED_EDGE ( 'NONE', *, *, #2144, .T. ) ;
#3693 = CARTESIAN_POINT ( 'NONE',  ( -24.80580780001965735, 7.366891284593736877, 21.82215880782652917 ) ) ;
#3694 = PLANE ( 'NONE',  #1746 ) ;
#3695 = CARTESIAN_POINT ( 'NONE',  ( 19.99999999999997158, 8.000000000000000000, 16.21920158330860673 ) ) ;
#3696 = CARTESIAN_POINT ( 'NONE',  ( -46.00000000000000000, 101.0000000000000000, -20.00000000000001421 ) ) ;
#3697 = CARTESIAN_POINT ( 'NONE',  ( -64.05715113960525287, 68.56021268290588466, -0.9999999999999983347 ) ) ;
#3698 = EDGE_LOOP ( 'NONE', ( #10949, #8581, #6443, #3616 ) ) ;
#3699 = EDGE_CURVE ( 'NONE', #11494, #1457, #8509, .T. ) ;
#3700 = FACE_OUTER_BOUND ( 'NONE', #8057, .T. ) ;
#3701 = CIRCLE ( 'NONE', #1652, 4.242640687119314968 ) ;
#3702 = LINE ( 'NONE', #8185, #4168 ) ;
#3703 = DIRECTION ( 'NONE',  ( -0.000000000000000000, -0.000000000000000000, -1.000000000000000000 ) ) ;
#3704 = TOROIDAL_SURFACE ( 'NONE', #358, 2.975000000000005418, 1.600000000000000089 ) ;
#3705 = DIRECTION ( 'NONE',  ( -1.733439921619798503E-16, -1.000000000000000000, 0.000000000000000000 ) ) ;
#3706 = DIRECTION ( 'NONE',  ( 1.000000000000000000, 0.000000000000000000, 0.000000000000000000 ) ) ;
#3707 = ORIENTED_EDGE ( 'NONE', *, *, #2548, .F. ) ;
#3708 = LINE ( 'NONE', #7251, #9837 ) ;
#3709 = DIRECTION ( 'NONE',  ( -1.652117596168388002E-16, 2.975747962828892757E-32, -1.000000000000000000 ) ) ;
#3710 = CARTESIAN_POINT ( 'NONE',  ( -23.99999999999998579, 100.9999999999999858, 4.823069572725428220E-15 ) ) ;
#3711 = CARTESIAN_POINT ( 'NONE',  ( -24.62624757723694913, 8.444013995989514854, 20.71680256181527824 ) ) ;
#3712 = EDGE_CURVE ( 'NONE', #4735, #4981, #2255, .T. ) ;
#3713 = ORIENTED_EDGE ( 'NONE', *, *, #5723, .T. ) ;
#3714 = AXIS2_PLACEMENT_3D ( 'NONE', #9895, #1886, #5463 ) ;
#3715 = VECTOR ( 'NONE', #10195, 1000.000000000000000 ) ;
#3716 = ORIENTED_EDGE ( 'NONE', *, *, #6662, .T. ) ;
#3717 = ORIENTED_EDGE ( 'NONE', *, *, #2469, .T. ) ;
#3718 = ADVANCED_FACE ( 'NONE', ( #7571 ), #3161, .T. ) ;
#3719 = CARTESIAN_POINT ( 'NONE',  ( -22.56770490850234623, 1.018629759767785581, 23.16199524664725118 ) ) ;
#3720 = CIRCLE ( 'NONE', #1126, 16.00000000000016698 ) ;
#3721 = CARTESIAN_POINT ( 'NONE',  ( -32.49999999999998579, 100.9999999999999858, 3.562741699796953654 ) ) ;
#3722 = LINE ( 'NONE', #224, #6714 ) ;
#3723 = FACE_BOUND ( 'NONE', #4070, .T. ) ;
#3724 = EDGE_CURVE ( 'NONE', #11340, #9811, #5222, .T. ) ;
#3725 = EDGE_CURVE ( 'NONE', #7832, #8794, #6137, .T. ) ;
#3726 = CARTESIAN_POINT ( 'NONE',  ( -43.00000000000000000, 112.7499999999999858, 1.975000000000007194 ) ) ;
#3727 = EDGE_LOOP ( 'NONE', ( #6129, #7539, #8370, #11273, #6083 ) ) ;
#3728 = VERTEX_POINT ( 'NONE', #5833 ) ;
#3729 = EDGE_CURVE ( 'NONE', #4652, #167, #2204, .T. ) ;
#3730 = ORIENTED_EDGE ( 'NONE', *, *, #8721, .T. ) ;
#3731 = CARTESIAN_POINT ( 'NONE',  ( -33.49999999999997158, 89.25000000000000000, -1.374999999999992228 ) ) ;
#3732 =( NAMED_UNIT ( * ) SI_UNIT ( $, .STERADIAN. ) SOLID_ANGLE_UNIT ( ) );
#3733 = FACE_OUTER_BOUND ( 'NONE', #6272, .T. ) ;
#3734 = ORIENTED_EDGE ( 'NONE', *, *, #5543, .T. ) ;
#3735 = CARTESIAN_POINT ( 'NONE',  ( -20.99999999999999289, 27.26042085618161082, -13.99999999999999645 ) ) ;
#3736 = CARTESIAN_POINT ( 'NONE',  ( 12.06992757980552788, -37.49945344790946677, 24.50000000000000000 ) ) ;
#3737 = CARTESIAN_POINT ( 'NONE',  ( -21.45807374258841094, 8.043111923418949871, 2.589982744805119363 ) ) ;
#3738 = CARTESIAN_POINT ( 'NONE',  ( -20.03676238009267863, 0.8942811285717755521, 25.59919244324907339 ) ) ;
#3739 = EDGE_CURVE ( 'NONE', #11018, #2806, #4140, .T. ) ;
#3740 = DIRECTION ( 'NONE',  ( 1.000000000000000000, 0.000000000000000000, 0.000000000000000000 ) ) ;
#3741 = ORIENTED_EDGE ( 'NONE', *, *, #7488, .F. ) ;
#3742 = CARTESIAN_POINT ( 'NONE',  ( -34.25142880775482723, 63.24144817394501672, -20.28860218559155371 ) ) ;
#3743 = EDGE_LOOP ( 'NONE', ( #9762, #7397, #2056, #8092 ) ) ;
#3744 = EDGE_CURVE ( 'NONE', #10518, #6830, #5023, .T. ) ;
#3745 = CIRCLE ( 'NONE', #967, 24.00000000000006040 ) ;
#3746 = CARTESIAN_POINT ( 'NONE',  ( -24.00000000000003908, 46.70306154330088333, -47.00000000000000000 ) ) ;
#3747 = CARTESIAN_POINT ( 'NONE',  ( -20.99999999999999289, 22.99999999999999289, -7.499999999999999112 ) ) ;
#3748 = CARTESIAN_POINT ( 'NONE',  ( -26.02411907401664592, 79.84994088672972623, -84.74336439883576588 ) ) ;
#3749 = ORIENTED_EDGE ( 'NONE', *, *, #8309, .F. ) ;
#3750 = FACE_OUTER_BOUND ( 'NONE', #9872, .T. ) ;
#3751 = ORIENTED_EDGE ( 'NONE', *, *, #8709, .F. ) ;
#3752 = VERTEX_POINT ( 'NONE', #6516 ) ;
#3753 = CARTESIAN_POINT ( 'NONE',  ( -43.00000000000000000, 61.52233036175876890, -13.99999999999994316 ) ) ;
#3754 = CARTESIAN_POINT ( 'NONE',  ( 9.384564957534111684, -2.285159094736047170, 24.34006316065067210 ) ) ;
#3755 = CARTESIAN_POINT ( 'NONE',  ( -23.99999999999997158, 10.30306154330093094, 15.07657238338276606 ) ) ;
#3756 = EDGE_CURVE ( 'NONE', #8458, #3461, #9, .T. ) ;
#3757 = CARTESIAN_POINT ( 'NONE',  ( -27.60000000000010800, 88.61736382251130806, 1.000000000000001776 ) ) ;
#3758 = DIRECTION ( 'NONE',  ( 1.892425610156515790E-15, 0.000000000000000000, 1.000000000000000000 ) ) ;
#3759 = DIRECTION ( 'NONE',  ( 0.7071067811865426878, 0.000000000000000000, 0.7071067811865524577 ) ) ;
#3760 = DIRECTION ( 'NONE',  ( 0.000000000000000000, 0.000000000000000000, -1.000000000000000000 ) ) ;
#3761 = LINE ( 'NONE', #269, #7213 ) ;
#3762 = DIRECTION ( 'NONE',  ( -1.000000000000000000, 0.000000000000000000, 0.000000000000000000 ) ) ;
#3763 = DIRECTION ( 'NONE',  ( -0.9659258262890699775, 0.000000000000000000, -0.2588190451025145777 ) ) ;
#3764 = ORIENTED_EDGE ( 'NONE', *, *, #7309, .F. ) ;
#3765 = AXIS2_PLACEMENT_3D ( 'NONE', #10516, #5968, #9523 ) ;
#3766 = VECTOR ( 'NONE', #4869, 1000.000000000000000 ) ;
#3767 = ORIENTED_EDGE ( 'NONE', *, *, #9814, .T. ) ;
#3768 = AXIS2_PLACEMENT_3D ( 'NONE', #7291, #10057, #9108 ) ;
#3769 = VERTEX_POINT ( 'NONE', #7396 ) ;
#3770 = B_SPLINE_CURVE_WITH_KNOTS ( 'NONE', 3,
 ( #8605, #8668, #11367, #2371 ),
 .UNSPECIFIED., .F., .F.,
 ( 4, 4 ),
 ( 0.01703297826485663385, 0.02284960619394448694 ),
 .UNSPECIFIED. ) ;
#3771 = CYLINDRICAL_SURFACE ( 'NONE', #7186, 1.600000000000000089 ) ;
#3772 = LINE ( 'NONE', #2891, #8657 ) ;
#3773 = EDGE_LOOP ( 'NONE', ( #1510, #2534, #7669, #1069 ) ) ;
#3774 = LINE ( 'NONE', #4879, #4087 ) ;
#3775 = DIRECTION ( 'NONE',  ( 0.7071067811865499042, -0.7071067811865452413, 0.000000000000000000 ) ) ;
#3776 = CARTESIAN_POINT ( 'NONE',  ( -23.99999999999997158, 10.30306154330093094, -2.076572383382754960 ) ) ;
#3777 = CARTESIAN_POINT ( 'NONE',  ( -7.508684045328186230, -1.750000000000003109, 21.00000000000000000 ) ) ;
#3778 = AXIS2_PLACEMENT_3D ( 'NONE', #2789, #3787, #10043 ) ;
#3779 = DIRECTION ( 'NONE',  ( -1.000000000000000000, 0.000000000000000000, 0.000000000000000000 ) ) ;
#3780 = CARTESIAN_POINT ( 'NONE',  ( 16.56992757980552611, -1.000000000000000888, 25.38900250903704503 ) ) ;
#3781 = ORIENTED_EDGE ( 'NONE', *, *, #5628, .F. ) ;
#3782 = ORIENTED_EDGE ( 'NONE', *, *, #11295, .T. ) ;
#3783 = CIRCLE ( 'NONE', #6750, 35.00000000000000000 ) ;
#3784 = EDGE_CURVE ( 'NONE', #4720, #2689, #2731, .T. ) ;
#3785 = DIRECTION ( 'NONE',  ( -0.000000000000000000, 1.000000000000000000, -1.927470528863117569E-16 ) ) ;
#3786 = CARTESIAN_POINT ( 'NONE',  ( -30.02871870788963449, 88.61736382251127964, 1.000000000000001776 ) ) ;
#3787 = DIRECTION ( 'NONE',  ( -0.7071067811865647812, 0.000000000000000000, -0.7071067811865303643 ) ) ;
#3788 = EDGE_LOOP ( 'NONE', ( #818, #2201, #3573, #10703, #1700, #6175, #1223, #9334 ) ) ;
#3789 = EDGE_CURVE ( 'NONE', #9445, #9459, #8447, .T. ) ;
#3790 = DIRECTION ( 'NONE',  ( 0.000000000000000000, 0.000000000000000000, 1.000000000000000000 ) ) ;
#3791 = FACE_OUTER_BOUND ( 'NONE', #6777, .T. ) ;
#3792 = CARTESIAN_POINT ( 'NONE',  ( -36.00000000000000000, 122.0000000000000000, -9.099999999999996092 ) ) ;
#3793 = CIRCLE ( 'NONE', #4537, 5.000000000000000888 ) ;
#3794 = DIRECTION ( 'NONE',  ( 4.290341195610180999E-17, 0.9931720082105803815, -0.1166591706937890049 ) ) ;
#3795 = AXIS2_PLACEMENT_3D ( 'NONE', #10253, #8206, #8267 ) ;
#3796 = EDGE_CURVE ( 'NONE', #5369, #4179, #9610, .T. ) ;
#3797 = AXIS2_PLACEMENT_3D ( 'NONE', #5780, #9332, #11136 ) ;
#3798 = ORIENTED_EDGE ( 'NONE', *, *, #1770, .T. ) ;
#3799 = CARTESIAN_POINT ( 'NONE',  ( -20.99999999999998934, 24.74570223042017503, 14.00000000000000178 ) ) ;
#3800 = CIRCLE ( 'NONE', #2486, 4.242640687119314968 ) ;
#3801 = DIRECTION ( 'NONE',  ( -0.4383711467890782920, -0.8987940462991665935, 0.000000000000000000 ) ) ;
#3803 = ORIENTED_EDGE ( 'NONE', *, *, #10780, .T. ) ;
#3802 = ADVANCED_FACE ( 'NONE', ( #10471 ), #2470, .F. ) ;
#3804 = AXIS2_PLACEMENT_3D ( 'NONE', #641, #4067, #10313 ) ;
#3805 = CARTESIAN_POINT ( 'NONE',  ( -26.79014471897867722, 8.007665689641630280, 21.19832457469622611 ) ) ;
#3806 = PLANE ( 'NONE',  #8239 ) ;
#3807 = CARTESIAN_POINT ( 'NONE',  ( -27.65949153702051078, 9.554836351793339233, 20.01554280168425493 ) ) ;
#3808 = CIRCLE ( 'NONE', #3618, 1.374999999999997113 ) ;
#3809 = DIRECTION ( 'NONE',  ( 1.652117596168388002E-16, -0.000000000000000000, 1.000000000000000000 ) ) ;
#3810 = ORIENTED_EDGE ( 'NONE', *, *, #442, .T. ) ;
#3811 = ORIENTED_EDGE ( 'NONE', *, *, #5481, .F. ) ;
#3812 = CARTESIAN_POINT ( 'NONE',  ( 16.56992757980552611, 6.999999999999978684, 25.38900250903704503 ) ) ;
#3813 = CARTESIAN_POINT ( 'NONE',  ( -21.47139942103469679, 0.6666666666666314356, 23.69315088237113898 ) ) ;
#3814 = CARTESIAN_POINT ( 'NONE',  ( -28.77809044707268171, 8.447342767637985972, 21.00000000000000000 ) ) ;
#3815 = CYLINDRICAL_SURFACE ( 'NONE', #745, 9.000000000000001776 ) ;
#3817 = CARTESIAN_POINT ( 'NONE',  ( -27.60000000000001208, 36.03199373143541351, 7.500000000000002665 ) ) ;
#3816 = CARTESIAN_POINT ( 'NONE',  ( -22.60000000000004761, 54.23199373143538793, -47.00000000000000000 ) ) ;
#3818 = CARTESIAN_POINT ( 'NONE',  ( -1.000000000000000888, 51.31596721165375641, -20.99999999999998224 ) ) ;
#3819 = DIRECTION ( 'NONE',  ( -1.379656123914496359E-15, 1.000000000000000000, -0.000000000000000000 ) ) ;
#3820 = VECTOR ( 'NONE', #3401, 1000.000000000000000 ) ;
#3821 = DIRECTION ( 'NONE',  ( 1.000000000000000000, -1.387778780781445478E-15, 0.000000000000000000 ) ) ;
#3822 = CARTESIAN_POINT ( 'NONE',  ( -23.00727768720282640, 7.063329930741117479, 22.83136315478508038 ) ) ;
#3823 = EDGE_CURVE ( 'NONE', #3391, #937, #5109, .T. ) ;
#3824 = ADVANCED_FACE ( 'NONE', ( #5983 ), #6042, .F. ) ;
#3825 = ORIENTED_EDGE ( 'NONE', *, *, #10733, .T. ) ;
#3826 = ORIENTED_EDGE ( 'NONE', *, *, #3239, .F. ) ;
#3827 = CONICAL_SURFACE ( 'NONE', #1229, 1.374999999999997113, 0.7853981633974480570 ) ;
#3828 = ORIENTED_EDGE ( 'NONE', *, *, #5468, .T. ) ;
#3829 = EDGE_LOOP ( 'NONE', ( #9528, #10014, #10190, #4637 ) ) ;
#3830 = ORIENTED_EDGE ( 'NONE', *, *, #5448, .F. ) ;
#3831 = CARTESIAN_POINT ( 'NONE',  ( -22.51751779706479084, 1.016555640105736957, 23.20219958055745124 ) ) ;
#3832 = DIRECTION ( 'NONE',  ( -1.000000000000000000, -1.734723475976807489E-15, 0.000000000000000000 ) ) ;
#3833 = DIRECTION ( 'NONE',  ( 0.000000000000000000, 0.000000000000000000, 1.000000000000000000 ) ) ;
#3834 = CARTESIAN_POINT ( 'NONE',  ( -43.99999999999998579, 88.61736382251127964, -84.74336439883576588 ) ) ;
#3835 = CARTESIAN_POINT ( 'NONE',  ( -24.64217666525580341, 10.94523820855675744, -1.953266389565549543 ) ) ;
#3836 = CIRCLE ( 'NONE', #8305, 4.242640687119314968 ) ;
#3837 = CARTESIAN_POINT ( 'NONE',  ( -20.99999999999999289, 27.26042085618161082, -13.99999999999999645 ) ) ;
#3838 = EDGE_CURVE ( 'NONE', #256, #9590, #2647, .T. ) ;
#3839 = CARTESIAN_POINT ( 'NONE',  ( 34.00000000000000000, 112.7499999999999858, -1.375000000000003331 ) ) ;
#3840 = EDGE_LOOP ( 'NONE', ( #6158, #2553, #784, #248 ) ) ;
#3841 = AXIS2_PLACEMENT_3D ( 'NONE', #8153, #9089, #5539 ) ;
#3842 = ORIENTED_EDGE ( 'NONE', *, *, #19, .T. ) ;
#3843 = DIRECTION ( 'NONE',  ( 0.7071067811865475727, -1.362927481496331581E-16, -0.7071067811865475727 ) ) ;
#3844 = EDGE_LOOP ( 'NONE', ( #6335, #11405, #2089, #441 ) ) ;
#3845 = AXIS2_PLACEMENT_3D ( 'NONE', #5052, #10544, #4295 ) ;
#3846 = DIRECTION ( 'NONE',  ( -0.000000000000000000, -0.000000000000000000, -1.000000000000000000 ) ) ;
#3847 = CARTESIAN_POINT ( 'NONE',  ( -42.39999999999999147, 112.7499999999999858, 1.375000000000003331 ) ) ;
#3848 = DIRECTION ( 'NONE',  ( 0.000000000000000000, 0.000000000000000000, 1.000000000000000000 ) ) ;
#3849 = ORIENTED_EDGE ( 'NONE', *, *, #10163, .T. ) ;
#3850 = CARTESIAN_POINT ( 'NONE',  ( 11.30325409937562320, -1.750000000000000222, 24.03680787131430563 ) ) ;
#3851 = DIRECTION ( 'NONE',  ( 0.7071067811865474617, 0.000000000000000000, 0.7071067811865474617 ) ) ;
#3852 = CARTESIAN_POINT ( 'NONE',  ( 12.06992757980552788, -37.49945344790946677, 27.00000000000000355 ) ) ;
#3853 = CARTESIAN_POINT ( 'NONE',  ( -26.26467776801766973, 12.88539553710951502, 14.63373663309530137 ) ) ;
#3854 = DIRECTION ( 'NONE',  ( -0.000000000000000000, -0.000000000000000000, -1.000000000000000000 ) ) ;
#3855 = ADVANCED_FACE ( 'NONE', ( #6207 ), #8774, .F. ) ;
#3856 = CARTESIAN_POINT ( 'NONE',  ( -9.651558673340677075, 0.000000000000000000, 21.00456467141638939 ) ) ;
#3857 = ORIENTED_EDGE ( 'NONE', *, *, #384, .F. ) ;
#3858 = EDGE_LOOP ( 'NONE', ( #1757, #7293, #10107, #11458 ) ) ;
#3859 = AXIS2_PLACEMENT_3D ( 'NONE', #7294, #2638, #3578 ) ;
#3860 =( BOUNDED_CURVE ( )  B_SPLINE_CURVE ( 3, ( #9662, #1658, #5223, #10108 ),
 .UNSPECIFIED., .F., .F. ) 
 B_SPLINE_CURVE_WITH_KNOTS ( ( 4, 4 ),
 ( 4.712388980384689674, 5.235987755982987046 ),
 .UNSPECIFIED. ) 
 CURVE ( )  GEOMETRIC_REPRESENTATION_ITEM ( )  RATIONAL_B_SPLINE_CURVE ( ( 1.000000000000000000, 0.9772838841927123932, 0.9772838841927123932, 1.000000000000000000 ) ) 
 REPRESENTATION_ITEM ( '' )  );
#3861 = CARTESIAN_POINT ( 'NONE',  ( -24.01836117823253858, 7.203232031050375461, 22.20530307120486313 ) ) ;
#3862 = CARTESIAN_POINT ( 'NONE',  ( 15.49999999999999822, 8.000000000000000000, 15.50000000000000178 ) ) ;
#3863 = LINE ( 'NONE', #10983, #7533 ) ;
#3864 = CARTESIAN_POINT ( 'NONE',  ( -20.99999999999998934, 45.46042085618157103, -0.9999999999999974465 ) ) ;
#3865 = B_SPLINE_CURVE_WITH_KNOTS ( 'NONE', 3,
 ( #4920, #4038, #7593, #11165 ),
 .UNSPECIFIED., .F., .F.,
 ( 4, 4 ),
 ( 0.000000000000000000, 0.001457054811810074187 ),
 .UNSPECIFIED. ) ;
#3866 = CARTESIAN_POINT ( 'NONE',  ( -43.00000000000000000, 66.70253441421070306, -13.99999999999994316 ) ) ;
#3867 = CARTESIAN_POINT ( 'NONE',  ( -27.56135765566532925, 16.79787558810386727, -11.99999999999999645 ) ) ;
#3868 = EDGE_CURVE ( 'NONE', #8032, #4179, #2533, .T. ) ;
#3869 = ADVANCED_FACE ( 'NONE', ( #1671 ), #5232, .F. ) ;
#3870 = VECTOR ( 'NONE', #136, 1000.000000000000114 ) ;
#3871 = EDGE_CURVE ( 'NONE', #10796, #7272, #8242, .T. ) ;
#3872 = CARTESIAN_POINT ( 'NONE',  ( -36.00000000000000000, 22.99999999999999289, -19.99999999999997158 ) ) ;
#3873 = DIRECTION ( 'NONE',  ( 1.652117596168388002E-16, 0.000000000000000000, 1.000000000000000000 ) ) ;
#3875 = CARTESIAN_POINT ( 'NONE',  ( -24.04774182467028254, 87.23627957273178879, -9.099999999999997868 ) ) ;
#3874 = FACE_OUTER_BOUND ( 'NONE', #1167, .T. ) ;
#3876 = CARTESIAN_POINT ( 'NONE',  ( -20.99999999999998934, 20.50306154330089470, 5.500000000000002665 ) ) ;
#3877 = CARTESIAN_POINT ( 'NONE',  ( -34.16274169979691067, 112.7499999999999858, 5.644086669559001887E-15 ) ) ;
#3878 = CARTESIAN_POINT ( 'NONE',  ( -25.61125807968189605, 7.586872788243336885, 21.51433007723460378 ) ) ;
#3879 = EDGE_LOOP ( 'NONE', ( #5132, #1675 ) ) ;
#3880 = ORIENTED_EDGE ( 'NONE', *, *, #8591, .T. ) ;
#3881 = ORIENTED_EDGE ( 'NONE', *, *, #8927, .T. ) ;
#3882 = ORIENTED_EDGE ( 'NONE', *, *, #9814, .F. ) ;
#3883 = LINE ( 'NONE', #5816, #4390 ) ;
#3884 = EDGE_CURVE ( 'NONE', #228, #7778, #1699, .T. ) ;
#3885 = CARTESIAN_POINT ( 'NONE',  ( -23.38689500141420297, 9.689956544715167652, -10.80132455678641712 ) ) ;
#3886 = CYLINDRICAL_SURFACE ( 'NONE', #8299, 4.242640687119346055 ) ;
#3887 = VERTEX_POINT ( 'NONE', #1197 ) ;
#3888 = CARTESIAN_POINT ( 'NONE',  ( -0.9999999999999983347, 51.31596721165376351, -5.499999999999998224 ) ) ;
#3889 = DIRECTION ( 'NONE',  ( -0.000000000000000000, 0.000000000000000000, -1.000000000000000000 ) ) ;
#3890 = CARTESIAN_POINT ( 'NONE',  ( -32.96862915010149919, 110.4999999999999858, 1.906370849898484598 ) ) ;
#3891 = PLANE ( 'NONE',  #259 ) ;
#3892 = AXIS2_PLACEMENT_3D ( 'NONE', #10803, #9923, #1921 ) ;
#3893 = FACE_OUTER_BOUND ( 'NONE', #6170, .T. ) ;
#3894 = CARTESIAN_POINT ( 'NONE',  ( -23.99999999999998224, 77.13902729523029222, 1.794101948832361515 ) ) ;
#3895 = ORIENTED_EDGE ( 'NONE', *, *, #5196, .F. ) ;
#3896 = ORIENTED_EDGE ( 'NONE', *, *, #4705, .F. ) ;
#3897 = CARTESIAN_POINT ( 'NONE',  ( 26.56992757980552256, 6.999999999999978684, 25.38900250903704503 ) ) ;
#3898 = ORIENTED_EDGE ( 'NONE', *, *, #225, .F. ) ;
#3899 = VECTOR ( 'NONE', #9909, 1000.000000000000000 ) ;
#3900 = ORIENTED_EDGE ( 'NONE', *, *, #11124, .T. ) ;
#3901 = EDGE_CURVE ( 'NONE', #4040, #10447, #4638, .T. ) ;
#3902 = AXIS2_PLACEMENT_3D ( 'NONE', #842, #4393, #11512 ) ;
#3903 = LINE ( 'NONE', #9095, #9636 ) ;
#3904 = DIRECTION ( 'NONE',  ( 0.000000000000000000, 0.000000000000000000, 1.000000000000000000 ) ) ;
#3905 = DIRECTION ( 'NONE',  ( 1.000000000000000000, 0.000000000000000000, -1.362997016838919825E-16 ) ) ;
#3906 = FACE_OUTER_BOUND ( 'NONE', #4204, .T. ) ;
#3907 = DIRECTION ( 'NONE',  ( -1.000000000000000000, 0.000000000000000000, 1.652117596168398356E-16 ) ) ;
#3908 = CARTESIAN_POINT ( 'NONE',  ( -10.54284886039479829, 55.16021268290609925, 5.500000000000002665 ) ) ;
#3909 =( BOUNDED_CURVE ( )  B_SPLINE_CURVE ( 3, ( #5055, #4999, #8548, #9320 ),
 .UNSPECIFIED., .F., .F. ) 
 B_SPLINE_CURVE_WITH_KNOTS ( ( 4, 4 ),
 ( 4.426914628111130234, 4.644942306456970371 ),
 .UNSPECIFIED. ) 
 CURVE ( )  GEOMETRIC_REPRESENTATION_ITEM ( )  RATIONAL_B_SPLINE_CURVE ( ( 1.000000000000000000, 0.9960425824542911144, 0.9960425824542911144, 1.000000000000000000 ) ) 
 REPRESENTATION_ITEM ( '' )  );
#3910 = CARTESIAN_POINT ( 'NONE',  ( -7.685072420194470233, -5.000000000000002665, 27.00000000000000355 ) ) ;
#3911 = LINE ( 'NONE', #10326, #1422 ) ;
#3912 = CIRCLE ( 'NONE', #5598, 13.00000000000000178 ) ;
#3913 = EDGE_LOOP ( 'NONE', ( #8671, #7900, #6224, #6043 ) ) ;
#3914 = ORIENTED_EDGE ( 'NONE', *, *, #5584, .F. ) ;
#3915 = EDGE_CURVE ( 'NONE', #1940, #410, #11353, .T. ) ;
#3916 = DIRECTION ( 'NONE',  ( 0.000000000000000000, -1.000000000000000000, 0.000000000000000000 ) ) ;
#3917 = CARTESIAN_POINT ( 'NONE',  ( -22.16561135359184220, 8.468672896892817548, -15.48692574595542304 ) ) ;
#3918 = DIRECTION ( 'NONE',  ( 1.000000000000000000, 1.379656123914496162E-15, -0.000000000000000000 ) ) ;
#3919 = CARTESIAN_POINT ( 'NONE',  ( -19.58140007206154820, 0.7903384095778654972, 25.98845220885945295 ) ) ;
#3920 = DIRECTION ( 'NONE',  ( 0.000000000000000000, -1.000000000000000000, -1.927470528863117569E-16 ) ) ;
#3921 = ORIENTED_EDGE ( 'NONE', *, *, #2870, .F. ) ;
#3922 = LINE ( 'NONE', #3214, #2764 ) ;
#3923 = CONICAL_SURFACE ( 'NONE', #2236, 14.99999999999999645, 1.308996938995755421 ) ;
#3924 = CARTESIAN_POINT ( 'NONE',  ( -22.01204912305428962, 8.329379647026092570, -10.47898722188556420 ) ) ;
#3925 = CARTESIAN_POINT ( 'NONE',  ( 11.00040411508367377, -1.824468137532705647, 24.07444131683025290 ) ) ;
#3927 = LINE ( 'NONE', #5692, #9015 ) ;
#3926 = CARTESIAN_POINT ( 'NONE',  ( 16.74018620263407442, -0.4239339487280777141, 22.68634047431002188 ) ) ;
#3928 = ORIENTED_EDGE ( 'NONE', *, *, #1812, .T. ) ;
#3929 = EDGE_CURVE ( 'NONE', #9851, #10127, #6314, .T. ) ;
#3930 = CARTESIAN_POINT ( 'NONE',  ( -23.99999999999998224, 78.86271205119403760, -1.996568019669923366 ) ) ;
#3931 = ORIENTED_EDGE ( 'NONE', *, *, #2138, .F. ) ;
#3932 = CARTESIAN_POINT ( 'NONE',  ( -3.469446951953614189E-15, 8.000000000000000000, 0.000000000000000000 ) ) ;
#3933 = CARTESIAN_POINT ( 'NONE',  ( -18.79658673171697103, -0.3779552421808166085, 25.60167201326423481 ) ) ;
#3934 = CARTESIAN_POINT ( 'NONE',  ( -33.49999999999997158, 91.50000000000000000, 1.375000000000002887 ) ) ;
#3935 = VERTEX_POINT ( 'NONE', #10710 ) ;
#3936 = VERTEX_POINT ( 'NONE', #6431 ) ;
#3937 = VERTEX_POINT ( 'NONE', #8075 ) ;
#3938 = EDGE_CURVE ( 'NONE', #8196, #6135, #2772, .T. ) ;
#3939 = DIRECTION ( 'NONE',  ( 0.000000000000000000, 0.000000000000000000, 1.000000000000000000 ) ) ;
#3940 = CARTESIAN_POINT ( 'NONE',  ( -20.99999999999997868, 38.70306154330083359, -0.9999999999999974465 ) ) ;
#3941 = ORIENTED_EDGE ( 'NONE', *, *, #8207, .T. ) ;
#3942 = CARTESIAN_POINT ( 'NONE',  ( -43.99999999999998579, 88.61736382251127964, -10.40000000000000568 ) ) ;
#3943 = PLANE ( 'NONE',  #11330 ) ;
#3944 = CARTESIAN_POINT ( 'NONE',  ( -20.99999999999999289, 27.26042085618161082, 14.00000000000000178 ) ) ;
#3945 = PLANE ( 'NONE',  #10688 ) ;
#3946 = DIRECTION ( 'NONE',  ( -0.000000000000000000, -0.000000000000000000, -1.000000000000000000 ) ) ;
#3947 = FACE_OUTER_BOUND ( 'NONE', #5892, .T. ) ;
#3948 = VERTEX_POINT ( 'NONE', #5631 ) ;
#3949 = AXIS2_PLACEMENT_3D ( 'NONE', #4452, #9881, #3801 ) ;
#3950 = ADVANCED_FACE ( 'NONE', ( #6270 ), #3815, .F. ) ;
#3951 = EDGE_LOOP ( 'NONE', ( #4415, #6279, #3420, #1469 ) ) ;
#3952 = VERTEX_POINT ( 'NONE', #4520 ) ;
#3953 = VECTOR ( 'NONE', #7174, 1000.000000000000000 ) ;
#3954 = AXIS2_PLACEMENT_3D ( 'NONE', #9556, #10429, #7919 ) ;
#3955 = DIRECTION ( 'NONE',  ( -1.000000000000000000, -0.000000000000000000, 1.652117596168388002E-16 ) ) ;
#3956 = DIRECTION ( 'NONE',  ( 0.000000000000000000, 1.000000000000000000, -0.000000000000000000 ) ) ;
#3957 = B_SPLINE_CURVE_WITH_KNOTS ( 'NONE', 3,
 ( #2766, #9950, #5634, #8188, #1949, #10073, #10995, #10876, #2008, #5693 ),
 .UNSPECIFIED., .F., .F.,
 ( 4, 2, 2, 2, 4 ),
 ( 0.000000000000000000, 0.001567842970656446559, 0.003135685941312887481, 0.004703528911969328402, 0.006271371882625770625 ),
 .UNSPECIFIED. ) ;
#3958 = CARTESIAN_POINT ( 'NONE',  ( -27.60000000000000497, 32.10306154330088901, 14.00000000000000178 ) ) ;
#3959 = DIRECTION ( 'NONE',  ( -0.000000000000000000, -0.000000000000000000, -1.000000000000000000 ) ) ;
#3960 = CARTESIAN_POINT ( 'NONE',  ( -27.51294097767125280, 16.27707977365672321, 14.08643140648516656 ) ) ;
#3961 = LINE ( 'NONE', #2099, #5578 ) ;
#3962 = EDGE_CURVE ( 'NONE', #7885, #11192, #9064, .T. ) ;
#3963 = EDGE_CURVE ( 'NONE', #5010, #9458, #7240, .T. ) ;
#3964 = EDGE_CURVE ( 'NONE', #10147, #3491, #7247, .T. ) ;
#3965 = AXIS2_PLACEMENT_3D ( 'NONE', #8884, #910, #4455 ) ;
#3966 = VERTEX_POINT ( 'NONE', #2763 ) ;
#3967 = EDGE_LOOP ( 'NONE', ( #4509, #3002, #4623, #1509 ) ) ;
#3968 = ORIENTED_EDGE ( 'NONE', *, *, #6169, .T. ) ;
#3969 = CARTESIAN_POINT ( 'NONE',  ( -20.99999999999999645, 8.000000000000000000, -19.99999999999997158 ) ) ;
#3970 = CARTESIAN_POINT ( 'NONE',  ( -32.49999999999998579, 100.9999999999999858, 3.037741699796953743 ) ) ;
#3971 = FACE_OUTER_BOUND ( 'NONE', #5850, .T. ) ;
#3972 = CARTESIAN_POINT ( 'NONE',  ( -23.99999999999998934, 100.9999999999999858, 0.000000000000000000 ) ) ;
#3973 = CARTESIAN_POINT ( 'NONE',  ( -20.99999999999999289, 22.99999999999999289, -2.599999999999994760 ) ) ;
#3974 = VERTEX_POINT ( 'NONE', #7300 ) ;
#3975 = LINE ( 'NONE', #11160, #8463 ) ;
#3976 = VECTOR ( 'NONE', #8949, 1000.000000000000000 ) ;
#3977 = CARTESIAN_POINT ( 'NONE',  ( -24.00000000000002487, 41.70306154330087622, 14.00000000000000178 ) ) ;
#3978 = CARTESIAN_POINT ( 'NONE',  ( -0.9999999999999956701, 51.31596721165377062, 10.39999999999999680 ) ) ;
#3979 = ORIENTED_EDGE ( 'NONE', *, *, #7460, .T. ) ;
#3980 = AXIS2_PLACEMENT_3D ( 'NONE', #5469, #6164, #9016 ) ;
#3981 = CARTESIAN_POINT ( 'NONE',  ( -27.60000000000010800, 88.61736382251130806, 12.00000000000000178 ) ) ;
#3982 = CARTESIAN_POINT ( 'NONE',  ( 11.71384848012012192, -1.067006391027584044E-13, 23.03883562697237863 ) ) ;
#3984 = FACE_OUTER_BOUND ( 'NONE', #6296, .T. ) ;
#3983 = LINE ( 'NONE', #6773, #1764 ) ;
#3985 = ADVANCED_FACE ( 'NONE', ( #10820 ), #6321, .F. ) ;
#3986 = DIRECTION ( 'NONE',  ( -1.000000000000000000, 0.000000000000000000, 0.000000000000000000 ) ) ;
#3987 = ORIENTED_EDGE ( 'NONE', *, *, #7343, .F. ) ;
#3988 = DIRECTION ( 'NONE',  ( 1.652117596168388002E-16, 3.387343054164790142E-16, 1.000000000000000000 ) ) ;
#3989 = DIRECTION ( 'NONE',  ( -1.652117596168388002E-16, -3.387343054164789649E-16, -1.000000000000000000 ) ) ;
#3990 = CARTESIAN_POINT ( 'NONE',  ( -27.60000000000001208, 36.03199373143541351, -11.99999999999999645 ) ) ;
#3991 = AXIS2_PLACEMENT_3D ( 'NONE', #7355, #3483, #7029 ) ;
#3992 = VERTEX_POINT ( 'NONE', #9008 ) ;
#3993 = EDGE_CURVE ( 'NONE', #6937, #3936, #10402, .T. ) ;
#3994 = VERTEX_POINT ( 'NONE', #1030 ) ;
#3995 = ADVANCED_FACE ( 'NONE', ( #154 ), #10093, .F. ) ;
#3996 = ORIENTED_EDGE ( 'NONE', *, *, #10141, .F. ) ;
#3997 = AXIS2_PLACEMENT_3D ( 'NONE', #10451, #6818, #1351 ) ;
#3998 = ORIENTED_EDGE ( 'NONE', *, *, #981, .T. ) ;
#3999 = DIRECTION ( 'NONE',  ( 0.7071067811865499042, -0.7071067811865452413, 0.000000000000000000 ) ) ;
#4000 = CARTESIAN_POINT ( 'NONE',  ( -22.60000000000004405, 52.37412935516634604, -47.00000000000000000 ) ) ;
#4001 = PLANE ( 'NONE',  #7935 ) ;
#4002 = VERTEX_POINT ( 'NONE', #8186 ) ;
#4003 = CARTESIAN_POINT ( 'NONE',  ( -23.99999999999998934, 83.99999999999998579, -15.59999999999998899 ) ) ;
#4004 = DIRECTION ( 'NONE',  ( 0.000000000000000000, 0.7071067811865474617, 0.7071067811865474617 ) ) ;
#4005 = DIRECTION ( 'NONE',  ( 0.7071067811865423547, 0.7071067811865526798, -1.168223555568276641E-16 ) ) ;
#4006 = LINE ( 'NONE', #7439, #1701 ) ;
#4007 = LINE ( 'NONE', #2083, #7313 ) ;
#4008 = LINE ( 'NONE', #7441, #7779 ) ;
#4009 = AXIS2_PLACEMENT_3D ( 'NONE', #5478, #4643, #10085 ) ;
#4010 = ORIENTED_EDGE ( 'NONE', *, *, #401, .T. ) ;
#4011 = AXIS2_PLACEMENT_3D ( 'NONE', #5701, #2133, #1210 ) ;
#4012 = ADVANCED_FACE ( 'NONE', ( #10873 ), #10460, .T. ) ;
#4013 = ADVANCED_FACE ( 'NONE', ( #9118 ), #1142, .F. ) ;
#4014 = EDGE_LOOP ( 'NONE', ( #10316, #5716, #479, #6536, #7345, #5499 ) ) ;
#4015 = ORIENTED_EDGE ( 'NONE', *, *, #6631, .T. ) ;
#4016 = CARTESIAN_POINT ( 'NONE',  ( -21.03832892204481908, 8.000048970288762717, 3.899999999999997247 ) ) ;
#4017 = DIRECTION ( 'NONE',  ( -1.000000000000000000, 0.000000000000000000, 1.652117596168387756E-16 ) ) ;
#4018 = CARTESIAN_POINT ( 'NONE',  ( -45.00000000000006395, 25.00000000000000000, -21.00000000000000000 ) ) ;
#4019 = VECTOR ( 'NONE', #9842, 999.9999999999998863 ) ;
#4020 = DIRECTION ( 'NONE',  ( -1.000000000000000000, 0.000000000000000000, 0.000000000000000000 ) ) ;
#4021 = LINE ( 'NONE', #407, #209 ) ;
#4022 = CARTESIAN_POINT ( 'NONE',  ( -25.67011599180682069, 12.03801022220756423, 14.77119324723083693 ) ) ;
#4023 = PLANE ( 'NONE',  #9687 ) ;
#4024 = AXIS2_PLACEMENT_3D ( 'NONE', #8421, #3988, #505 ) ;
#4025 = ORIENTED_EDGE ( 'NONE', *, *, #4746, .T. ) ;
#4026 = AXIS2_PLACEMENT_3D ( 'NONE', #9146, #11020, #5662 ) ;
#4027 = VERTEX_POINT ( 'NONE', #2226 ) ;
#4028 = VERTEX_POINT ( 'NONE', #495 ) ;
#4029 = CARTESIAN_POINT ( 'NONE',  ( -15.50000000000000533, 8.000000000000000000, 17.09999999999999432 ) ) ;
#4030 = CARTESIAN_POINT ( 'NONE',  ( -21.45244968739820735, 8.052153116132490851, -15.58776560976497727 ) ) ;
#4031 = LINE ( 'NONE', #11095, #5876 ) ;
#4032 = CYLINDRICAL_SURFACE ( 'NONE', #4991, 21.00000000000000355 ) ;
#4033 = CARTESIAN_POINT ( 'NONE',  ( -20.99999999999999289, 27.26042085618161082, 5.500000000000002665 ) ) ;
#4034 = ORIENTED_EDGE ( 'NONE', *, *, #2962, .F. ) ;
#4035 = CIRCLE ( 'NONE', #10569, 4.242640687119387799 ) ;
#4036 = DIRECTION ( 'NONE',  ( 1.000000000000000000, 0.000000000000000000, 0.000000000000000000 ) ) ;
#4037 = ORIENTED_EDGE ( 'NONE', *, *, #11237, .T. ) ;
#4038 = CARTESIAN_POINT ( 'NONE',  ( 20.66646316236700187, 7.333536837632967043, -16.45418556420812450 ) ) ;
#4039 = CARTESIAN_POINT ( 'NONE',  ( 11.28256704802332067, 0.000000000000000000, 23.04761504897062707 ) ) ;
#4040 = VERTEX_POINT ( 'NONE', #3167 ) ;
#4042 = CARTESIAN_POINT ( 'NONE',  ( -20.99999999999998934, 42.94570223042018142, 12.00000000000000178 ) ) ;
#4041 = DIRECTION ( 'NONE',  ( 1.000000000000000000, 0.000000000000000000, 0.000000000000000000 ) ) ;
#4043 = EDGE_CURVE ( 'NONE', #8290, #5815, #2661, .T. ) ;
#4044 = DIRECTION ( 'NONE',  ( -1.000000000000000000, 0.000000000000000000, 0.000000000000000000 ) ) ;
#4045 = ORIENTED_EDGE ( 'NONE', *, *, #2718, .F. ) ;
#4046 = AXIS2_PLACEMENT_3D ( 'NONE', #284, #3190, #2140 ) ;
#4047 = ORIENTED_EDGE ( 'NONE', *, *, #9220, .T. ) ;
#4048 = AXIS2_PLACEMENT_3D ( 'NONE', #3145, #4084, #10268 ) ;
#4049 = CARTESIAN_POINT ( 'NONE',  ( -19.30087424423095754, -0.1508296435999654794, 25.19828835774927001 ) ) ;
#4050 = VECTOR ( 'NONE', #5350, 1000.000000000000000 ) ;
#4051 = VECTOR ( 'NONE', #2483, 1000.000000000000114 ) ;
#4052 = ORIENTED_EDGE ( 'NONE', *, *, #8677, .T. ) ;
#4053 = EDGE_LOOP ( 'NONE', ( #374, #7625, #5080, #5184, #821, #10605, #7837 ) ) ;
#4054 = CIRCLE ( 'NONE', #6471, 5.000000000000000888 ) ;
#4055 = ORIENTED_EDGE ( 'NONE', *, *, #118, .T. ) ;
#4056 = ORIENTED_EDGE ( 'NONE', *, *, #3155, .T. ) ;
#4057 = CARTESIAN_POINT ( 'NONE',  ( -34.09999999999998721, 100.9999999999999858, 4.823069572725425064E-15 ) ) ;
#4058 = DIRECTION ( 'NONE',  ( -1.000000000000000000, 0.000000000000000000, -0.000000000000000000 ) ) ;
#4059 = EDGE_CURVE ( 'NONE', #5303, #8701, #427, .T. ) ;
#4060 = VERTEX_POINT ( 'NONE', #6716 ) ;
#4061 = DIRECTION ( 'NONE',  ( 0.000000000000000000, 0.000000000000000000, 1.000000000000000000 ) ) ;
#4062 = DIRECTION ( 'NONE',  ( 0.000000000000000000, 0.000000000000000000, -1.000000000000000000 ) ) ;
#4063 = LINE ( 'NONE', #3185, #4932 ) ;
#4064 = ORIENTED_EDGE ( 'NONE', *, *, #8710, .F. ) ;
#4065 = CARTESIAN_POINT ( 'NONE',  ( -20.99999999999998934, 45.46042085618157103, -7.499999999999998224 ) ) ;
#4066 = DIRECTION ( 'NONE',  ( -0.5000000000000037748, -0.7071067811865455743, 0.4999999999999989453 ) ) ;
#4067 = DIRECTION ( 'NONE',  ( -1.000000000000000000, -1.734723475976807489E-15, 0.000000000000000000 ) ) ;
#4068 = CARTESIAN_POINT ( 'NONE',  ( -23.99999999999998934, 82.11701775376560875, -15.33997105581415710 ) ) ;
#4069 = VECTOR ( 'NONE', #8465, 1000.000000000000000 ) ;
#4070 = EDGE_LOOP ( 'NONE', ( #3921, #7922 ) ) ;
#4071 = EDGE_LOOP ( 'NONE', ( #8755, #1112, #2307, #5353 ) ) ;
#4072 = ORIENTED_EDGE ( 'NONE', *, *, #9252, .F. ) ;
#4073 = EDGE_LOOP ( 'NONE', ( #7979, #10965, #2624 ) ) ;
#4074 = CARTESIAN_POINT ( 'NONE',  ( -23.99999999999997158, 10.30306154330093094, 8.576572383382760734 ) ) ;
#4075 = CIRCLE ( 'NONE', #2956, 5.000000000000000888 ) ;
#4076 = CARTESIAN_POINT ( 'NONE',  ( 12.11041656043498804, -36.00000000000000711, 27.00000000000000355 ) ) ;
#4077 = CARTESIAN_POINT ( 'NONE',  ( -20.99999999999997868, 38.70306154330083359, -5.499999999999998224 ) ) ;
#4078 = EDGE_CURVE ( 'NONE', #1150, #4474, #8529, .T. ) ;
#4079 = DIRECTION ( 'NONE',  ( 1.000000000000000000, 0.000000000000000000, 0.000000000000000000 ) ) ;
#4080 = CARTESIAN_POINT ( 'NONE',  ( -23.99999999999997868, 70.37848011702402573, 14.00000000000000178 ) ) ;
#4081 = CARTESIAN_POINT ( 'NONE',  ( -32.49999999999998579, 100.9999999999999858, 4.823069572725425064E-15 ) ) ;
#4082 = EDGE_CURVE ( 'NONE', #9811, #11340, #5261, .T. ) ;
#4083 = LINE ( 'NONE', #6867, #10805 ) ;
#4084 = DIRECTION ( 'NONE',  ( -0.000000000000000000, -0.000000000000000000, -1.000000000000000000 ) ) ;
#4085 = ORIENTED_EDGE ( 'NONE', *, *, #5170, .F. ) ;
#4086 = EDGE_CURVE ( 'NONE', #1875, #8196, #3000, .T. ) ;
#4087 = VECTOR ( 'NONE', #7493, 1000.000000000000000 ) ;
#4088 = DIRECTION ( 'NONE',  ( -1.355252715606877091E-16, -0.000000000000000000, -1.000000000000000000 ) ) ;
#4089 = ORIENTED_EDGE ( 'NONE', *, *, #8931, .T. ) ;
#4090 = ORIENTED_EDGE ( 'NONE', *, *, #4144, .T. ) ;
#4091 = ADVANCED_FACE ( 'NONE', ( #2118 ), #1481, .F. ) ;
#4092 = DIRECTION ( 'NONE',  ( 0.000000000000000000, -1.000000000000000000, 0.000000000000000000 ) ) ;
#4093 = DIRECTION ( 'NONE',  ( 1.000000000000000000, 0.000000000000000000, 0.000000000000000000 ) ) ;
#4094 = DIRECTION ( 'NONE',  ( -0.2588190451025130234, -0.000000000000000000, -0.9659258262890704216 ) ) ;
#4095 = EDGE_CURVE ( 'NONE', #11316, #11015, #2069, .T. ) ;
#4096 = FACE_OUTER_BOUND ( 'NONE', #10727, .T. ) ;
#4097 = LINE ( 'NONE', #7650, #992 ) ;
#4098 = ORIENTED_EDGE ( 'NONE', *, *, #7676, .T. ) ;
#4099 = DIRECTION ( 'NONE',  ( 0.7071067811865423547, 0.7071067811865526798, -1.168223555568276641E-16 ) ) ;
#4100 = LINE ( 'NONE', #6437, #10133 ) ;
#4101 = APPLICATION_CONTEXT ( 'automotive_design' ) ;
#4102 = VERTEX_POINT ( 'NONE', #2285 ) ;
#4103 = EDGE_CURVE ( 'NONE', #8104, #3457, #212, .T. ) ;
#4104 = CARTESIAN_POINT ( 'NONE',  ( -20.65716699989026139, 77.23230345890713977, -5.499999999999999112 ) ) ;
#4105 = DIRECTION ( 'NONE',  ( 0.000000000000000000, 0.000000000000000000, 1.000000000000000000 ) ) ;
#4106 = ORIENTED_EDGE ( 'NONE', *, *, #301, .F. ) ;
#4108 = FACE_OUTER_BOUND ( 'NONE', #8227, .T. ) ;
#4107 = CARTESIAN_POINT ( 'NONE',  ( -34.16274169979693909, 110.4999999999999858, 2.975000000000002753 ) ) ;
#4109 = DIRECTION ( 'NONE',  ( 0.000000000000000000, 0.000000000000000000, 1.000000000000000000 ) ) ;
#4110 = CARTESIAN_POINT ( 'NONE',  ( -10.54284886039479829, 55.16021268290609925, -13.99999999999999645 ) ) ;
#4111 = CARTESIAN_POINT ( 'NONE',  ( -7.685072420194470233, -5.000000000000002665, 24.50000000000000000 ) ) ;
#4112 = CIRCLE ( 'NONE', #8027, 4.242640687119346055 ) ;
#4113 = EDGE_CURVE ( 'NONE', #11015, #410, #11104, .T. ) ;
#4114 = ORIENTED_EDGE ( 'NONE', *, *, #10617, .F. ) ;
#4115 = CARTESIAN_POINT ( 'NONE',  ( -23.99999999999998934, 100.9999999999999858, 3.743037625879104828E-15 ) ) ;
#4116 = B_SPLINE_CURVE_WITH_KNOTS ( 'NONE', 3,
 ( #7233, #3742, #8011, #2860 ),
 .UNSPECIFIED., .F., .F.,
 ( 4, 4 ),
 ( 0.000000000000000000, 0.004970412778029895291 ),
 .UNSPECIFIED. ) ;
#4117 = ORIENTED_EDGE ( 'NONE', *, *, #6278, .F. ) ;
#4118 = DIRECTION ( 'NONE',  ( 0.000000000000000000, 0.000000000000000000, -1.000000000000000000 ) ) ;
#4119 = LINE ( 'NONE', #5115, #10165 ) ;
#4120 = VERTEX_POINT ( 'NONE', #1656 ) ;
#4121 = DIRECTION ( 'NONE',  ( -0.000000000000000000, -0.000000000000000000, -1.000000000000000000 ) ) ;
#4122 = DIRECTION ( 'NONE',  ( -0.000000000000000000, -0.000000000000000000, -1.000000000000000000 ) ) ;
#4123 = DIRECTION ( 'NONE',  ( -0.000000000000000000, -0.000000000000000000, 1.000000000000000000 ) ) ;
#4124 = ORIENTED_EDGE ( 'NONE', *, *, #11354, .T. ) ;
#4125 = CARTESIAN_POINT ( 'NONE',  ( -23.99999999999998579, 100.9999999999999858, 3.743037625879104039E-15 ) ) ;
#4126 = CARTESIAN_POINT ( 'NONE',  ( -23.11899952617063647, 1.050186034943297875, 22.75490160023295516 ) ) ;
#4127 = CARTESIAN_POINT ( 'NONE',  ( -23.99999999999998224, 88.61736382251127964, -5.499999999999999112 ) ) ;
#4128 = LINE ( 'NONE', #6166, #1540 ) ;
#4129 = CARTESIAN_POINT ( 'NONE',  ( -20.65716699989021166, 77.23230345890711135, 12.00000000000000178 ) ) ;
#4130 = ORIENTED_EDGE ( 'NONE', *, *, #9362, .T. ) ;
#4131 = ORIENTED_EDGE ( 'NONE', *, *, #6698, .T. ) ;
#4132 = ORIENTED_EDGE ( 'NONE', *, *, #6358, .F. ) ;
#4133 = CARTESIAN_POINT ( 'NONE',  ( -22.16561135359183510, 8.468672896892815771, 4.013074254044568079 ) ) ;
#4134 = ADVANCED_FACE ( 'NONE', ( #10524 ), #849, .F. ) ;
#4135 = CARTESIAN_POINT ( 'NONE',  ( -23.99999999999998224, 84.44221164832929105, -9.035345542744932956 ) ) ;
#4136 = CARTESIAN_POINT ( 'NONE',  ( -20.99999999999998934, 20.50306154330089470, -0.9999999999999974465 ) ) ;
#4137 = LINE ( 'NONE', #8737, #10267 ) ;
#4138 = CYLINDRICAL_SURFACE ( 'NONE', #1300, 5.000000000000000888 ) ;
#4139 = CARTESIAN_POINT ( 'NONE',  ( -20.99999999999999289, 22.99999999999999289, -10.40000000000000036 ) ) ;
#4140 = B_SPLINE_CURVE_WITH_KNOTS ( 'NONE', 3,
 ( #3081, #7629, #11195, #2149 ),
 .UNSPECIFIED., .F., .F.,
 ( 4, 4 ),
 ( 0.01449757462288895141, 0.02284960619394448694 ),
 .UNSPECIFIED. ) ;
#4141 = ORIENTED_EDGE ( 'NONE', *, *, #1682, .T. ) ;
#4142 = AXIS2_PLACEMENT_3D ( 'NONE', #2741, #2041, #6405 ) ;
#4143 = EDGE_CURVE ( 'NONE', #5130, #8415, #6722, .T. ) ;
#4144 = EDGE_CURVE ( 'NONE', #4872, #256, #3396, .T. ) ;
#4145 = ORIENTED_EDGE ( 'NONE', *, *, #3823, .F. ) ;
#4146 = CIRCLE ( 'NONE', #2833, 9.000000000000000000 ) ;
#4147 = ORIENTED_EDGE ( 'NONE', *, *, #5592, .F. ) ;
#4148 = B_SPLINE_CURVE_WITH_KNOTS ( 'NONE', 3,
 ( #5650, #6562, #7387, #1214, #9439, #6907, #11419, #2546, #10481, #2480 ),
 .UNSPECIFIED., .F., .F.,
 ( 4, 2, 2, 2, 4 ),
 ( 0.000000000000000000, 0.001566009538732438585, 0.003132019077464877170, 0.004698028616197316189, 0.006264038154929749136 ),
 .UNSPECIFIED. ) ;
#4149 = LINE ( 'NONE', #5844, #6047 ) ;
#4150 = DIRECTION ( 'NONE',  ( -0.000000000000000000, -0.000000000000000000, -1.000000000000000000 ) ) ;
#4151 = CARTESIAN_POINT ( 'NONE',  ( -23.99999999999997868, 80.41219427505271256, 10.82142794704502720 ) ) ;
#4152 = CARTESIAN_POINT ( 'NONE',  ( -19.33825150018425632, -0.1439793592405083922, 25.14939640198274873 ) ) ;
#4153 = CARTESIAN_POINT ( 'NONE',  ( -43.99999999999998579, 88.61736382251127964, -7.499999999999999112 ) ) ;
#4154 = ORIENTED_EDGE ( 'NONE', *, *, #8340, .T. ) ;
#4155 = ORIENTED_EDGE ( 'NONE', *, *, #5348, .F. ) ;
#4156 = DIRECTION ( 'NONE',  ( 1.000000000000000000, 0.000000000000000000, 0.000000000000000000 ) ) ;
#4157 = AXIS2_PLACEMENT_3D ( 'NONE', #482, #6704, #7644 ) ;
#4158 = ORIENTED_EDGE ( 'NONE', *, *, #6781, .F. ) ;
#4159 = EDGE_CURVE ( 'NONE', #1838, #9970, #9714, .T. ) ;
#4160 = EDGE_CURVE ( 'NONE', #3191, #7938, #9156, .T. ) ;
#4161 = CARTESIAN_POINT ( 'NONE',  ( -21.23569971051737326, 7.666666666666611007, 23.45744607212484922 ) ) ;
#4162 = AXIS2_PLACEMENT_3D ( 'NONE', #8321, #4005, #395 ) ;
#4163 = DIRECTION ( 'NONE',  ( -1.379656123914496359E-15, 1.000000000000000000, -0.000000000000000000 ) ) ;
#4164 = ORIENTED_EDGE ( 'NONE', *, *, #9585, .T. ) ;
#4166 = CARTESIAN_POINT ( 'NONE',  ( 17.56992757980552611, 0.000000000000000000, 21.03010356549636484 ) ) ;
#4165 = CARTESIAN_POINT ( 'NONE',  ( 16.56992757980552611, -1.000000000000000000, 23.44948974278317877 ) ) ;
#4167 = ORIENTED_EDGE ( 'NONE', *, *, #10362, .T. ) ;
#4168 = VECTOR ( 'NONE', #5515, 1000.000000000000000 ) ;
#4169 = DIRECTION ( 'NONE',  ( 0.7071067811865499042, -0.7071067811865452413, 0.000000000000000000 ) ) ;
#4170 = EDGE_LOOP ( 'NONE', ( #11038, #5625, #11133, #6670 ) ) ;
#4171 = LINE ( 'NONE', #6954, #10786 ) ;
#4172 = VECTOR ( 'NONE', #7853, 1000.000000000000000 ) ;
#4173 = CIRCLE ( 'NONE', #10695, 1.843629150101543379 ) ;
#4174 = VECTOR ( 'NONE', #4397, 999.9999999999998863 ) ;
#4175 = ADVANCED_FACE ( 'NONE', ( #4398 ), #2633, .F. ) ;
#4176 = VERTEX_POINT ( 'NONE', #6193 ) ;
#4177 = CARTESIAN_POINT ( 'NONE',  ( -3.469446951953614189E-15, 8.000000000000000000, 0.000000000000000000 ) ) ;
#4178 = VECTOR ( 'NONE', #421, 1000.000000000000000 ) ;
#4179 = VERTEX_POINT ( 'NONE', #5220 ) ;
#4180 = CARTESIAN_POINT ( 'NONE',  ( -27.42013171315743492, 15.76764722094120508, -7.669614584215747932 ) ) ;
#4181 = DIRECTION ( 'NONE',  ( 1.000000000000000000, 0.000000000000000000, 0.000000000000000000 ) ) ;
#4182 = ORIENTED_EDGE ( 'NONE', *, *, #30, .F. ) ;
#4183 = EDGE_CURVE ( 'NONE', #9766, #6308, #7605, .T. ) ;
#4184 = FACE_OUTER_BOUND ( 'NONE', #9856, .T. ) ;
#4185 = VECTOR ( 'NONE', #10087, 1000.000000000000000 ) ;
#4186 = CARTESIAN_POINT ( 'NONE',  ( -34.09999999999998721, 112.7499999999999858, 3.037741699796951966 ) ) ;
#4187 = EDGE_CURVE ( 'NONE', #9581, #236, #3206, .T. ) ;
#4188 = DIRECTION ( 'NONE',  ( -0.7071067811865444641, -0.7071067811865505703, 0.000000000000000000 ) ) ;
#4189 = CYLINDRICAL_SURFACE ( 'NONE', #4917, 4.242640687119346055 ) ;
#4190 = CARTESIAN_POINT ( 'NONE',  ( -24.25500467330543941, 1.163666537878075724, 22.07986889073832515 ) ) ;
#4191 = DIRECTION ( 'NONE',  ( 8.260587980841938780E-17, 0.000000000000000000, 1.000000000000000000 ) ) ;
#4192 = CARTESIAN_POINT ( 'NONE',  ( -64.05715113960525287, 68.56021268290588466, -7.499999999999999112 ) ) ;
#4193 = EDGE_LOOP ( 'NONE', ( #2128, #7845 ) ) ;
#4194 = ORIENTED_EDGE ( 'NONE', *, *, #11059, .T. ) ;
#4195 = AXIS2_PLACEMENT_3D ( 'NONE', #4186, #11415, #6903 ) ;
#4196 = CARTESIAN_POINT ( 'NONE',  ( -27.60000000000004761, 54.23199373143538082, -11.99999999999999645 ) ) ;
#4197 = DIRECTION ( 'NONE',  ( 0.7071067811865427988, 8.659560562354993255E-17, 0.7071067811865522357 ) ) ;
#4198 = EDGE_CURVE ( 'NONE', #1875, #2631, #3394, .T. ) ;
#4199 = ADVANCED_FACE ( 'NONE', ( #3460 ), #4221, .F. ) ;
#4200 = CARTESIAN_POINT ( 'NONE',  ( -32.96862915010149919, 112.7499999999999858, 1.906370849898483488 ) ) ;
#4201 = CONICAL_SURFACE ( 'NONE', #7924, 35.00000000000000000, 1.308996938995755199 ) ;
#4202 = CARTESIAN_POINT ( 'NONE',  ( -21.03832892204481197, 8.000048970288766270, -3.900000000000004352 ) ) ;
#4203 = DIRECTION ( 'NONE',  ( 0.000000000000000000, -1.000000000000000000, 0.000000000000000000 ) ) ;
#4204 = EDGE_LOOP ( 'NONE', ( #5252, #5843, #9618, #3341 ) ) ;
#4205 = EDGE_LOOP ( 'NONE', ( #4055, #534, #1076, #329 ) ) ;
#4206 = EDGE_LOOP ( 'NONE', ( #438, #10315, #1299, #2361 ) ) ;
#4207 = CARTESIAN_POINT ( 'NONE',  ( -20.99999999999998224, 49.70306154330096859, -13.99999999999999645 ) ) ;
#4208 = CARTESIAN_POINT ( 'NONE',  ( -9.118398939764567501, 0.000000000000000000, 21.00571895806876910 ) ) ;
#4209 = DIRECTION ( 'NONE',  ( -0.000000000000000000, -0.000000000000000000, 1.000000000000000000 ) ) ;
#4210 = CARTESIAN_POINT ( 'NONE',  ( -18.11638009605164967, 0.1615856069126373473, 26.75371002017606159 ) ) ;
#4211 = LINE ( 'NONE', #10454, #9368 ) ;
#4212 = ADVANCED_FACE ( 'NONE', ( #11282 ), #6829, .F. ) ;
#4213 = ORIENTED_EDGE ( 'NONE', *, *, #3667, .T. ) ;
#4214 = CARTESIAN_POINT ( 'NONE',  ( -23.99999999999998579, 87.22774616617205368, -9.087080077594324123 ) ) ;
#4215 = CONICAL_SURFACE ( 'NONE', #5153, 1.899999999999999467, 0.7853981633974477239 ) ;
#4216 = EDGE_CURVE ( 'NONE', #7640, #2828, #11345, .T. ) ;
#4217 = TOROIDAL_SURFACE ( 'NONE', #6433, 48.53342357274357965, 30.03342357274359387 ) ;
#4218 = CIRCLE ( 'NONE', #5529, 4.242640687119314968 ) ;
#4219 = EDGE_CURVE ( 'NONE', #11231, #3559, #9918, .T. ) ;
#4220 = DIRECTION ( 'NONE',  ( 0.000000000000000000, 0.000000000000000000, 1.000000000000000000 ) ) ;
#4221 = CYLINDRICAL_SURFACE ( 'NONE', #5636, 10.00000000000000178 ) ;
#4222 = ORIENTED_EDGE ( 'NONE', *, *, #5458, .T. ) ;
#4223 = AXIS2_PLACEMENT_3D ( 'NONE', #564, #5757, #4044 ) ;
#4225 = LINE ( 'NONE', #4496, #3280 ) ;
#4224 = CARTESIAN_POINT ( 'NONE',  ( -26.52514151903378092, 13.33369471107026882, -1.561759892926466442 ) ) ;
#4226 = CARTESIAN_POINT ( 'NONE',  ( -23.99999999999998934, 83.99999999999998579, -84.74336439883576588 ) ) ;
#4227 = ORIENTED_EDGE ( 'NONE', *, *, #624, .F. ) ;
#4228 = ORIENTED_EDGE ( 'NONE', *, *, #3643, .T. ) ;
#4229 = ADVANCED_FACE ( 'NONE', ( #9598 ), #1599, .F. ) ;
#4230 = ADVANCED_FACE ( 'NONE', ( #4278 ), #7831, .F. ) ;
#4231 = LINE ( 'NONE', #2590, #11532 ) ;
#4232 = ADVANCED_FACE ( 'NONE', ( #84 ), #8172, .F. ) ;
#4233 = AXIS2_PLACEMENT_3D ( 'NONE', #4226, #681, #11349 ) ;
#4234 = ORIENTED_EDGE ( 'NONE', *, *, #11530, .F. ) ;
#4235 = FACE_OUTER_BOUND ( 'NONE', #972, .T. ) ;
#4236 = ORIENTED_EDGE ( 'NONE', *, *, #2962, .T. ) ;
#4237 = CARTESIAN_POINT ( 'NONE',  ( -26.52514151903378092, 13.33369471107026882, -8.061759892926467330 ) ) ;
#4238 = DIRECTION ( 'NONE',  ( 0.000000000000000000, 0.000000000000000000, 1.000000000000000000 ) ) ;
#4239 = ORIENTED_EDGE ( 'NONE', *, *, #917, .F. ) ;
#4240 = CARTESIAN_POINT ( 'NONE',  ( -64.05715113960525287, 68.56021268290588466, 7.500000000000002665 ) ) ;
#4241 = CARTESIAN_POINT ( 'NONE',  ( -23.99999999999997158, 10.30306154330093094, -47.00000000000000000 ) ) ;
#4242 = DIRECTION ( 'NONE',  ( 1.000000000000000000, -0.000000000000000000, -1.652117596168387756E-16 ) ) ;
#4243 = CARTESIAN_POINT ( 'NONE',  ( -25.54048077103326264, 1.373175755891341998, 21.53825149503439107 ) ) ;
#4244 = DIRECTION ( 'NONE',  ( -1.000000000000000000, 0.000000000000000000, 0.000000000000000000 ) ) ;
#4245 = FACE_OUTER_BOUND ( 'NONE', #11489, .T. ) ;
#4246 = DIRECTION ( 'NONE',  ( 1.000000000000000000, 0.000000000000000000, 0.000000000000000000 ) ) ;
#4247 = VECTOR ( 'NONE', #9083, 1000.000000000000000 ) ;
#4248 = ORIENTED_EDGE ( 'NONE', *, *, #6241, .T. ) ;
#4249 = ORIENTED_EDGE ( 'NONE', *, *, #7267, .F. ) ;
#4250 = EDGE_CURVE ( 'NONE', #2075, #7911, #4116, .T. ) ;
#4251 = ORIENTED_EDGE ( 'NONE', *, *, #9941, .F. ) ;
#4252 = CARTESIAN_POINT ( 'NONE',  ( -25.07917806002401306, 1.288335743207613238, 21.70915650567494737 ) ) ;
#4253 = DIRECTION ( 'NONE',  ( -1.379656123914496162E-15, 1.000000000000000000, 0.000000000000000000 ) ) ;
#4254 = CARTESIAN_POINT ( 'NONE',  ( -24.08628945124296905, 0.1889666638585958958, 21.10331323676148685 ) ) ;
#4255 = DIRECTION ( 'NONE',  ( -0.000000000000000000, -1.000000000000000000, -0.000000000000000000 ) ) ;
#4256 = AXIS2_PLACEMENT_3D ( 'NONE', #4298, #3484, #7030 ) ;
#4257 = DIRECTION ( 'NONE',  ( -0.7071067811865340280, 0.000000000000000000, -0.7071067811865610064 ) ) ;
#4258 = DIRECTION ( 'NONE',  ( -0.000000000000000000, -1.000000000000000000, 1.927470528863117569E-16 ) ) ;
#4259 = ORIENTED_EDGE ( 'NONE', *, *, #3029, .T. ) ;
#4260 = EDGE_LOOP ( 'NONE', ( #3941, #512, #6802, #5113 ) ) ;
#4261 = ADVANCED_FACE ( 'NONE', ( #5563 ), #4508, .T. ) ;
#4262 = DIRECTION ( 'NONE',  ( -0.000000000000000000, -0.000000000000000000, 1.000000000000000000 ) ) ;
#4263 = CIRCLE ( 'NONE', #9676, 4.242640687119387799 ) ;
#4264 = CARTESIAN_POINT ( 'NONE',  ( -20.99999999999999645, 0.000000000000000000, 3.469446951953614189E-15 ) ) ;
#4265 = EDGE_LOOP ( 'NONE', ( #4522, #10509, #8749, #4864 ) ) ;
#4266 = ORIENTED_EDGE ( 'NONE', *, *, #3140, .F. ) ;
#4267 = DIRECTION ( 'NONE',  ( -0.000000000000000000, -0.000000000000000000, 1.000000000000000000 ) ) ;
#4268 = DIRECTION ( 'NONE',  ( -0.9659258262890704216, 0.000000000000000000, -0.2588190451025129124 ) ) ;
#4269 = CARTESIAN_POINT ( 'NONE',  ( -19.29792853626592830, -0.1572461928165466427, 25.19076176708753323 ) ) ;
#4270 = LINE ( 'NONE', #2392, #4339 ) ;
#4271 = CARTESIAN_POINT ( 'NONE',  ( -20.38388683869523632, 0.9682941190631485506, 25.25206798464649438 ) ) ;
#4272 = ORIENTED_EDGE ( 'NONE', *, *, #5707, .T. ) ;
#4273 = DIRECTION ( 'NONE',  ( 0.000000000000000000, 0.000000000000000000, -1.000000000000000000 ) ) ;
#4274 = AXIS2_PLACEMENT_3D ( 'NONE', #1947, #9173, #2702 ) ;
#4275 = CIRCLE ( 'NONE', #3892, 2.368629150101532410 ) ;
#4276 = ORIENTED_EDGE ( 'NONE', *, *, #10465, .F. ) ;
#4277 = CARTESIAN_POINT ( 'NONE',  ( -22.60000000000004761, 54.23199373143538793, 5.500000000000005329 ) ) ;
#4278 = FACE_OUTER_BOUND ( 'NONE', #6394, .T. ) ;
#4279 = EDGE_LOOP ( 'NONE', ( #5913, #3476 ) ) ;
#4281 = CARTESIAN_POINT ( 'NONE',  ( -20.99999151476403370, 8.000000000000000000, 23.22174974702289418 ) ) ;
#4280 = LINE ( 'NONE', #7833, #6560 ) ;
#4282 = CARTESIAN_POINT ( 'NONE',  ( -54.95715113960527987, 77.66021268290592161, 5.500000000000002665 ) ) ;
#4283 = CARTESIAN_POINT ( 'NONE',  ( -26.13553390593278181, 57.76752763736812568, 14.00000000000000178 ) ) ;
#4284 = VERTEX_POINT ( 'NONE', #9822 ) ;
#4285 = CARTESIAN_POINT ( 'NONE',  ( -19.60934104347439089, -0.07083776856101574315, 24.82842712474618097 ) ) ;
#4286 = EDGE_LOOP ( 'NONE', ( #11535, #5313, #9077, #3477 ) ) ;
#4287 = LINE ( 'NONE', #5105, #2946 ) ;
#4288 = CYLINDRICAL_SURFACE ( 'NONE', #8115, 5.000000000000000888 ) ;
#4289 = PLANE ( 'NONE',  #6222 ) ;
#4290 = EDGE_CURVE ( 'NONE', #6927, #9538, #7180, .T. ) ;
#4291 = CARTESIAN_POINT ( 'NONE',  ( -30.02871870788963804, 88.61736382251127964, -5.499999999999999112 ) ) ;
#4292 = ORIENTED_EDGE ( 'NONE', *, *, #7267, .T. ) ;
#4293 = LINE ( 'NONE', #5233, #2715 ) ;
#4294 = ORIENTED_EDGE ( 'NONE', *, *, #9903, .T. ) ;
#4295 = DIRECTION ( 'NONE',  ( 0.000000000000000000, 0.000000000000000000, -1.000000000000000000 ) ) ;
#4296 = ORIENTED_EDGE ( 'NONE', *, *, #3592, .T. ) ;
#4297 = CARTESIAN_POINT ( 'NONE',  ( -46.00000000000000000, 100.9999999999999858, 17.00000000000001421 ) ) ;
#4298 = CARTESIAN_POINT ( 'NONE',  ( -20.99999999999998224, 49.70306154330096859, -11.99999999999999645 ) ) ;
#4299 = VECTOR ( 'NONE', #10324, 1000.000000000000000 ) ;
#4300 = VERTEX_POINT ( 'NONE', #9049 ) ;
#4301 = CARTESIAN_POINT ( 'NONE',  ( -23.99999999999998579, 23.50306154330088759, -47.00000000000000000 ) ) ;
#4302 = CARTESIAN_POINT ( 'NONE',  ( -21.27471847131045024, 0.001105971146260614595, 22.96456802228414773 ) ) ;
#4303 = EDGE_CURVE ( 'NONE', #937, #4599, #6605, .T. ) ;
#4304 = FACE_OUTER_BOUND ( 'NONE', #6075, .T. ) ;
#4305 = CARTESIAN_POINT ( 'NONE',  ( -21.45807374258841449, 8.043111923418953424, -3.910017255194884189 ) ) ;
#4306 = B_SPLINE_CURVE_WITH_KNOTS ( 'NONE', 3,
 ( #10305, #8597, #11302, #11180, #10475, #3302, #8545, #1441 ),
 .UNSPECIFIED., .F., .F.,
 ( 4, 2, 2, 4 ),
 ( 1.430489624538199204E-17, 0.004506884592028890385, 0.006760326888043328639, 0.009013769184057766892 ),
 .UNSPECIFIED. ) ;
#4307 = VERTEX_POINT ( 'NONE', #1988 ) ;
#4308 = ORIENTED_EDGE ( 'NONE', *, *, #8231, .F. ) ;
#4309 = ADVANCED_FACE ( 'NONE', ( #9931 ), #10808, .F. ) ;
#4310 = VECTOR ( 'NONE', #3375, 1000.000000000000000 ) ;
#4311 = CARTESIAN_POINT ( 'NONE',  ( -20.10042091740903913, 0.9055496419185923296, 25.53553390593271644 ) ) ;
#4312 = VERTEX_POINT ( 'NONE', #5504 ) ;
#4313 = DIRECTION ( 'NONE',  ( 0.8681683818352194937, -0.4234340121835283854, -0.2588190451025117467 ) ) ;
#4314 = CARTESIAN_POINT ( 'NONE',  ( -23.38689500141420297, 9.689956544715162323, -8.698675443213572223 ) ) ;
#4315 = LINE ( 'NONE', #7684, #5046 ) ;
#4316 = DIRECTION ( 'NONE',  ( 1.000000000000000000, 1.503427012513232710E-14, 0.000000000000000000 ) ) ;
#4317 = CARTESIAN_POINT ( 'NONE',  ( -23.99999999999997158, 10.30306154330093094, 8.576572383382760734 ) ) ;
#4318 = ORIENTED_EDGE ( 'NONE', *, *, #1323, .T. ) ;
#4319 = EDGE_LOOP ( 'NONE', ( #1042, #897, #8962, #18 ) ) ;
#4320 = ORIENTED_EDGE ( 'NONE', *, *, #7504, .F. ) ;
#4321 = LINE ( 'NONE', #10450, #4898 ) ;
#4322 = VERTEX_POINT ( 'NONE', #1130 ) ;
#4323 = CARTESIAN_POINT ( 'NONE',  ( -27.60000000000010800, 88.61736382251130806, -0.9999999999999983347 ) ) ;
#4324 = CARTESIAN_POINT ( 'NONE',  ( -18.92057570462795013, -0.3142208068083910399, 25.51463857938202651 ) ) ;
#4325 = DIRECTION ( 'NONE',  ( 0.000000000000000000, 0.000000000000000000, 1.000000000000000000 ) ) ;
#4326 = CARTESIAN_POINT ( 'NONE',  ( -20.99999999999998934, 42.94570223042018142, 14.00000000000000178 ) ) ;
#4327 = VERTEX_POINT ( 'NONE', #1070 ) ;
#4328 = ADVANCED_FACE ( 'NONE', ( #4669 ), #193, .F. ) ;
#4329 = ADVANCED_FACE ( 'NONE', ( #7123 ), #10053, .F. ) ;
#4330 = FACE_OUTER_BOUND ( 'NONE', #5064, .T. ) ;
#4331 = EDGE_CURVE ( 'NONE', #5401, #727, #1165, .T. ) ;
#4332 = ORIENTED_EDGE ( 'NONE', *, *, #8209, .T. ) ;
#4333 = AXIS2_PLACEMENT_3D ( 'NONE', #2049, #32, #10693 ) ;
#4334 = DIRECTION ( 'NONE',  ( -0.000000000000000000, -0.000000000000000000, 1.000000000000000000 ) ) ;
#4335 = DIRECTION ( 'NONE',  ( 1.000000000000000000, 0.000000000000000000, 0.000000000000000000 ) ) ;
#4336 = VERTEX_POINT ( 'NONE', #11401 ) ;
#4337 = CARTESIAN_POINT ( 'NONE',  ( -0.9999999999999950040, 51.31596721165377062, 14.00000000000000178 ) ) ;
#4338 = CARTESIAN_POINT ( 'NONE',  ( -24.00000000000000000, 28.50306154330090536, -47.00000000000000000 ) ) ;
#4339 = VECTOR ( 'NONE', #11338, 1000.000000000000000 ) ;
#4340 = CARTESIAN_POINT ( 'NONE',  ( -33.09066412590918560, 65.30669177997286567, -19.90730653254554028 ) ) ;
#4341 = DIRECTION ( 'NONE',  ( 1.000000000000000000, 0.000000000000000000, 0.000000000000000000 ) ) ;
#4342 = EDGE_LOOP ( 'NONE', ( #5549, #2775, #1816, #809 ) ) ;
#4343 = DIRECTION ( 'NONE',  ( 0.000000000000000000, 1.000000000000000000, -0.000000000000000000 ) ) ;
#4344 = VECTOR ( 'NONE', #1933, 1000.000000000000114 ) ;
#4345 = CARTESIAN_POINT ( 'NONE',  ( -0.9999999999999988898, 51.31596721165376351, -9.099999999999996092 ) ) ;
#4346 = ORIENTED_EDGE ( 'NONE', *, *, #10711, .F. ) ;
#4347 = CARTESIAN_POINT ( 'NONE',  ( 20.66646316236702674, 0.6664631623669889926, -16.45418556420813161 ) ) ;
#4348 = VERTEX_POINT ( 'NONE', #6196 ) ;
#4349 = ORIENTED_EDGE ( 'NONE', *, *, #1096, .F. ) ;
#4350 = CARTESIAN_POINT ( 'NONE',  ( -27.60000000000004761, 54.23199373143538082, 1.000000000000001776 ) ) ;
#4351 = CYLINDRICAL_SURFACE ( 'NONE', #5514, 1.600000000000002531 ) ;
#4352 = ORIENTED_EDGE ( 'NONE', *, *, #5004, .F. ) ;
#4353 = DIRECTION ( 'NONE',  ( -0.000000000000000000, -0.000000000000000000, -1.000000000000000000 ) ) ;
#4354 = CIRCLE ( 'NONE', #3605, 4.242640687119280329 ) ;
#4355 = DIRECTION ( 'NONE',  ( -1.000000000000000000, 0.000000000000000000, 0.000000000000000000 ) ) ;
#4356 = FACE_OUTER_BOUND ( 'NONE', #2146, .T. ) ;
#4357 = CIRCLE ( 'NONE', #10318, 15.00000000000000000 ) ;
#4358 = EDGE_LOOP ( 'NONE', ( #10715, #1245, #4536, #555, #8747 ) ) ;
#4359 = LINE ( 'NONE', #11483, #8831 ) ;
#4360 = CARTESIAN_POINT ( 'NONE',  ( -24.60118365284218100, 0.2601026225346564913, 20.88259105206507016 ) ) ;
#4361 = VECTOR ( 'NONE', #9978, 1000.000000000000000 ) ;
#4362 = DIRECTION ( 'NONE',  ( 1.000000000000000000, -1.387778780781445478E-15, 0.000000000000000000 ) ) ;
#4363 = EDGE_CURVE ( 'NONE', #11372, #5264, #9745, .T. ) ;
#4364 = VERTEX_POINT ( 'NONE', #736 ) ;
#4365 = ORIENTED_EDGE ( 'NONE', *, *, #3318, .F. ) ;
#4366 = VECTOR ( 'NONE', #8264, 1000.000000000000000 ) ;
#4367 = AXIS2_PLACEMENT_3D ( 'NONE', #7798, #5943, #6852 ) ;
#4368 = ORIENTED_EDGE ( 'NONE', *, *, #59, .T. ) ;
#4369 = EDGE_CURVE ( 'NONE', #3082, #10467, #8014, .T. ) ;
#4370 = VERTEX_POINT ( 'NONE', #36 ) ;
#4371 = VECTOR ( 'NONE', #3284, 1000.000000000000000 ) ;
#4372 = CARTESIAN_POINT ( 'NONE',  ( -21.45807374258842515, 8.043111923418949871, 9.089982744805125137 ) ) ;
#4373 = ORIENTED_EDGE ( 'NONE', *, *, #8985, .F. ) ;
#4374 = CARTESIAN_POINT ( 'NONE',  ( -22.46000355746493682, 0.04219196121033233493, 22.03481677469476097 ) ) ;
#4375 = DIRECTION ( 'NONE',  ( -1.652117596168393672E-16, 1.000000000000000000, -3.491481338843133355E-15 ) ) ;
#4376 = DIRECTION ( 'NONE',  ( -0.000000000000000000, -0.000000000000000000, -1.000000000000000000 ) ) ;
#4377 = ADVANCED_FACE ( 'NONE', ( #10527 ), #5828, .F. ) ;
#4378 = EDGE_CURVE ( 'NONE', #7507, #7969, #9536, .T. ) ;
#4379 = CARTESIAN_POINT ( 'NONE',  ( 34.00000000000000000, 112.7499999999999858, -5.617199826972519751E-15 ) ) ;
#4380 = ADVANCED_FACE ( 'NONE', ( #1133 ), #4511, .T. ) ;
#4381 = ORIENTED_EDGE ( 'NONE', *, *, #2152, .F. ) ;
#4382 = VECTOR ( 'NONE', #7671, 1000.000000000000114 ) ;
#4383 = DIRECTION ( 'NONE',  ( 0.000000000000000000, 0.000000000000000000, 1.000000000000000000 ) ) ;
#4384 = ORIENTED_EDGE ( 'NONE', *, *, #2674, .T. ) ;
#4385 = EDGE_LOOP ( 'NONE', ( #543, #6613, #1747, #5083 ) ) ;
#4386 = AXIS2_PLACEMENT_3D ( 'NONE', #1538, #1602, #5546 ) ;
#4387 = CARTESIAN_POINT ( 'NONE',  ( -1.877406113062054502E-15, 0.000000000000000000, 13.00000000000000178 ) ) ;
#4388 = LINE ( 'NONE', #724, #996 ) ;
#4389 = VERTEX_POINT ( 'NONE', #3638 ) ;
#4390 = VECTOR ( 'NONE', #737, 1000.000000000000000 ) ;
#4391 = DIRECTION ( 'NONE',  ( -1.000000000000000000, 0.000000000000000000, 0.000000000000000000 ) ) ;
#4392 = CARTESIAN_POINT ( 'NONE',  ( -22.59999999999998366, 17.83199373143543198, -13.99999999999999822 ) ) ;
#4393 = DIRECTION ( 'NONE',  ( -0.7071067811865451302, -0.7071067811865499042, 0.000000000000000000 ) ) ;
#4394 = ORIENTED_EDGE ( 'NONE', *, *, #3517, .F. ) ;
#4395 = VERTEX_POINT ( 'NONE', #2921 ) ;
#4396 = CIRCLE ( 'NONE', #10543, 9.028718707889616724 ) ;
#4397 = DIRECTION ( 'NONE',  ( -0.7071067811865477948, 0.000000000000000000, -0.7071067811865473507 ) ) ;
#4398 = FACE_OUTER_BOUND ( 'NONE', #1643, .T. ) ;
#4399 = ORIENTED_EDGE ( 'NONE', *, *, #6991, .F. ) ;
#4400 = DIRECTION ( 'NONE',  ( -1.000000000000000000, 0.000000000000000000, 0.000000000000000000 ) ) ;
#4401 = CARTESIAN_POINT ( 'NONE',  ( -35.99999999999999289, 51.31596721165376351, 9.100000000000003197 ) ) ;
#4402 = CARTESIAN_POINT ( 'NONE',  ( -20.99999999999998934, 31.50306154330093023, -7.499999999999998224 ) ) ;
#4403 = ORIENTED_EDGE ( 'NONE', *, *, #9612, .F. ) ;
#4404 = CARTESIAN_POINT ( 'NONE',  ( -18.59999999999998366, 17.63098360465878756, 13.99999999999999822 ) ) ;
#4405 = VERTEX_POINT ( 'NONE', #251 ) ;
#4406 = FACE_OUTER_BOUND ( 'NONE', #10185, .T. ) ;
#4407 = AXIS2_PLACEMENT_3D ( 'NONE', #5695, #6603, #9424 ) ;
#4408 = AXIS2_PLACEMENT_3D ( 'NONE', #6156, #3539, #808 ) ;
#4409 = CIRCLE ( 'NONE', #4026, 25.74999999999998934 ) ;
#4410 = DIRECTION ( 'NONE',  ( 1.355252715606877091E-16, 0.000000000000000000, 1.000000000000000000 ) ) ;
#4411 = ADVANCED_FACE ( 'NONE', ( #196 ), #8175, .F. ) ;
#4412 = DIRECTION ( 'NONE',  ( -1.000000000000000000, 0.000000000000000000, 1.652117596168388002E-16 ) ) ;
#4413 = ORIENTED_EDGE ( 'NONE', *, *, #8309, .T. ) ;
#4414 = FACE_OUTER_BOUND ( 'NONE', #850, .T. ) ;
#4415 = ORIENTED_EDGE ( 'NONE', *, *, #819, .T. ) ;
#4416 = CARTESIAN_POINT ( 'NONE',  ( -35.73499348497428940, 60.33781306909052233, -20.88751140823994845 ) ) ;
#4417 = DIRECTION ( 'NONE',  ( 0.000000000000000000, 0.000000000000000000, -1.000000000000000000 ) ) ;
#4418 = VERTEX_POINT ( 'NONE', #10982 ) ;
#4419 = DIRECTION ( 'NONE',  ( 0.2326250168069730895, -0.1134588016124422755, 0.9659258262890707547 ) ) ;
#4420 = DIRECTION ( 'NONE',  ( 0.000000000000000000, -1.000000000000000000, 0.000000000000000000 ) ) ;
#4421 = ORIENTED_EDGE ( 'NONE', *, *, #9199, .F. ) ;
#4422 = LINE ( 'NONE', #7150, #447 ) ;
#4423 = CARTESIAN_POINT ( 'NONE',  ( -26.16131871626697958, 7.768393415382426781, 21.34810139964459452 ) ) ;
#4424 = CARTESIAN_POINT ( 'NONE',  ( -24.96396103067888106, 11.26702257397983331, -1.899177871200937062 ) ) ;
#4425 = AXIS2_PLACEMENT_3D ( 'NONE', #1200, #4751, #3110 ) ;
#4426 = EDGE_LOOP ( 'NONE', ( #4052, #8890, #10842, #773, #3383, #11119, #9905, #10243 ) ) ;
#4427 = EDGE_LOOP ( 'NONE', ( #8300, #2652, #10112, #10968 ) ) ;
#4428 = ORIENTED_EDGE ( 'NONE', *, *, #10077, .T. ) ;
#4429 = EDGE_CURVE ( 'NONE', #3952, #10277, #1532, .T. ) ;
#4430 = VERTEX_POINT ( 'NONE', #2052 ) ;
#4431 = DIRECTION ( 'NONE',  ( 1.652117596168387756E-16, 0.000000000000000000, 1.000000000000000000 ) ) ;
#4432 = VERTEX_POINT ( 'NONE', #7183 ) ;
#4433 = DIRECTION ( 'NONE',  ( -8.260587980841938780E-17, 0.000000000000000000, -1.000000000000000000 ) ) ;
#4434 = CARTESIAN_POINT ( 'NONE',  ( -22.16561135359183510, 8.468672896892810442, -2.486925745955423928 ) ) ;
#4435 = LINE ( 'NONE', #997, #5024 ) ;
#4436 = LINE ( 'NONE', #1967, #8137 ) ;
#4437 = AXIS2_PLACEMENT_3D ( 'NONE', #2985, #6533, #10111 ) ;
#4438 = ORIENTED_EDGE ( 'NONE', *, *, #6549, .F. ) ;
#4439 = ORIENTED_EDGE ( 'NONE', *, *, #7417, .T. ) ;
#4440 = ORIENTED_EDGE ( 'NONE', *, *, #2856, .F. ) ;
#4441 = ADVANCED_FACE ( 'NONE', ( #7349 ), #5623, .F. ) ;
#4442 = CARTESIAN_POINT ( 'NONE',  ( -20.99999999999998934, 20.50306154330089470, 1.000000000000002665 ) ) ;
#4443 = CARTESIAN_POINT ( 'NONE',  ( -18.59999999999998366, 17.63098360465878756, -5.499999999999998224 ) ) ;
#4444 = ADVANCED_FACE ( 'NONE', ( #8120 ), #3806, .T. ) ;
#4445 = CARTESIAN_POINT ( 'NONE',  ( -24.64217666525580341, 10.94523820855675567, -14.95326638956555065 ) ) ;
#4446 = DIRECTION ( 'NONE',  ( 0.000000000000000000, 0.000000000000000000, -1.000000000000000000 ) ) ;
#4447 = FACE_OUTER_BOUND ( 'NONE', #3951, .T. ) ;
#4448 = B_SPLINE_CURVE_WITH_KNOTS ( 'NONE', 3,
 ( #9262, #7386, #3835, #10088 ),
 .UNSPECIFIED., .F., .F.,
 ( 4, 4 ),
 ( 1.734723475976807094E-18, 0.001374740175555842379 ),
 .UNSPECIFIED. ) ;
#4449 = CONICAL_SURFACE ( 'NONE', #11152, 29.02871870788961317, 1.308996938995755643 ) ;
#4450 = VERTEX_POINT ( 'NONE', #10861 ) ;
#4451 = CARTESIAN_POINT ( 'NONE',  ( -19.64284886039479971, 64.26021268290610067, 1.000000000000001776 ) ) ;
#4452 = CARTESIAN_POINT ( 'NONE',  ( -23.99999999999998934, 83.99999999999998579, 3.900000000000000799 ) ) ;
#4454 = ORIENTED_EDGE ( 'NONE', *, *, #9103, .T. ) ;
#4453 = EDGE_CURVE ( 'NONE', #1644, #4955, #8228, .T. ) ;
#4455 = DIRECTION ( 'NONE',  ( -1.000000000000000000, 0.000000000000000000, 0.000000000000000000 ) ) ;
#4456 = DIRECTION ( 'NONE',  ( -1.000000000000000000, -8.260587980841938780E-17, 0.000000000000000000 ) ) ;
#4457 = ORIENTED_EDGE ( 'NONE', *, *, #10788, .F. ) ;
#4458 = DIRECTION ( 'NONE',  ( -1.379656123914496359E-15, 1.000000000000000000, -0.000000000000000000 ) ) ;
#4459 = ORIENTED_EDGE ( 'NONE', *, *, #11366, .F. ) ;
#4460 = LINE ( 'NONE', #9666, #10065 ) ;
#4461 = CIRCLE ( 'NONE', #10427, 9.000000000000000000 ) ;
#4462 = CARTESIAN_POINT ( 'NONE',  ( -20.65716699989021166, 77.23230345890711135, 12.00000000000000178 ) ) ;
#4463 = ADVANCED_FACE ( 'NONE', ( #2863 ), #6420, .T. ) ;
#4464 = AXIS2_PLACEMENT_3D ( 'NONE', #7211, #6391, #10734 ) ;
#4465 = CARTESIAN_POINT ( 'NONE',  ( -46.00000000000000000, 35.86424652399214352, 17.00000000000001776 ) ) ;
#4466 = AXIS2_PLACEMENT_3D ( 'NONE', #4821, #9319, #452 ) ;
#4467 = ORIENTED_EDGE ( 'NONE', *, *, #11151, .T. ) ;
#4468 = CARTESIAN_POINT ( 'NONE',  ( -22.60000000000004405, 52.37412935516634604, -47.00000000000000000 ) ) ;
#4469 = DIRECTION ( 'NONE',  ( -0.000000000000000000, -1.000000000000000000, -0.000000000000000000 ) ) ;
#4470 = EDGE_LOOP ( 'NONE', ( #8901, #4693, #3297, #10173 ) ) ;
#4471 = FACE_OUTER_BOUND ( 'NONE', #2103, .T. ) ;
#4472 = CARTESIAN_POINT ( 'NONE',  ( -42.39999999999999147, 91.50000000000000000, 7.418296902466195762E-15 ) ) ;
#4473 = CARTESIAN_POINT ( 'NONE',  ( -22.16561135359183510, 8.468672896892815771, 8.986925745955431921 ) ) ;
#4474 = VERTEX_POINT ( 'NONE', #5507 ) ;
#4475 = CARTESIAN_POINT ( 'NONE',  ( -25.83697228283415015, 8.801019573687341335, 20.31587479308294419 ) ) ;
#4476 = FACE_OUTER_BOUND ( 'NONE', #4206, .T. ) ;
#4477 = EDGE_CURVE ( 'NONE', #7155, #6591, #7665, .T. ) ;
#4478 = EDGE_CURVE ( 'NONE', #5638, #4405, #3024, .T. ) ;
#4479 = EDGE_CURVE ( 'NONE', #7091, #8758, #5566, .T. ) ;
#4480 = ORIENTED_EDGE ( 'NONE', *, *, #9891, .T. ) ;
#4481 = VERTEX_POINT ( 'NONE', #8233 ) ;
#4482 = ORIENTED_EDGE ( 'NONE', *, *, #4796, .T. ) ;
#4483 = ORIENTED_EDGE ( 'NONE', *, *, #6700, .F. ) ;
#4484 = CARTESIAN_POINT ( 'NONE',  ( -25.27256415183761362, 1.322358200964446340, 21.63392837221350007 ) ) ;
#4485 = ORIENTED_EDGE ( 'NONE', *, *, #9342, .F. ) ;
#4486 = FACE_OUTER_BOUND ( 'NONE', #6548, .T. ) ;
#4487 = DIRECTION ( 'NONE',  ( -2.168404344971003346E-15, -0.000000000000000000, -1.000000000000000000 ) ) ;
#4488 = DIRECTION ( 'NONE',  ( -1.652117596168388249E-16, 1.232595164407806861E-32, -1.000000000000000000 ) ) ;
#4489 = CARTESIAN_POINT ( 'NONE',  ( 0.000000000000000000, 8.000000000000000000, -21.00000000000000000 ) ) ;
#4490 = ORIENTED_EDGE ( 'NONE', *, *, #2927, .F. ) ;
#4491 = AXIS2_PLACEMENT_3D ( 'NONE', #4950, #8493, #4767 ) ;
#4492 = EDGE_LOOP ( 'NONE', ( #131, #5610, #5642, #4939 ) ) ;
#4493 = CARTESIAN_POINT ( 'NONE',  ( -19.78754682963417366, -0.03690054829821367427, 24.59080472640183146 ) ) ;
#4494 = ORIENTED_EDGE ( 'NONE', *, *, #7816, .T. ) ;
#4495 = ORIENTED_EDGE ( 'NONE', *, *, #958, .F. ) ;
#4496 = CARTESIAN_POINT ( 'NONE',  ( -36.00000000000000000, 51.31596721165375641, -20.99999999999997513 ) ) ;
#4497 = CARTESIAN_POINT ( 'NONE',  ( -24.00000000000006040, 59.90306154330085064, -7.500000000000000000 ) ) ;
#4498 = LINE ( 'NONE', #9041, #3870 ) ;
#4499 = CARTESIAN_POINT ( 'NONE',  ( -1.877406113062054502E-15, 8.000000000000000000, 13.00000000000000178 ) ) ;
#4500 = DIRECTION ( 'NONE',  ( -1.652117596168393672E-16, -1.000000000000000000, -3.491481338843133355E-15 ) ) ;
#4501 = AXIS2_PLACEMENT_3D ( 'NONE', #7473, #8470, #3048 ) ;
#4502 = DIRECTION ( 'NONE',  ( 0.000000000000000000, 0.000000000000000000, 1.000000000000000000 ) ) ;
#4503 = EDGE_CURVE ( 'NONE', #8800, #9313, #1834, .T. ) ;
#4504 = ORIENTED_EDGE ( 'NONE', *, *, #7238, .T. ) ;
#4505 = ADVANCED_FACE ( 'NONE', ( #2804 ), #10813, .F. ) ;
#4506 = ADVANCED_FACE ( 'NONE', ( #146 ), #3694, .F. ) ;
#4507 = DIRECTION ( 'NONE',  ( -0.000000000000000000, -0.000000000000000000, -1.000000000000000000 ) ) ;
#4508 = PLANE ( 'NONE',  #8979 ) ;
#4509 = ORIENTED_EDGE ( 'NONE', *, *, #3667, .F. ) ;
#4510 = CARTESIAN_POINT ( 'NONE',  ( -24.31496067384926008, 7.258366321335951277, 22.04962247524191099 ) ) ;
#4511 = CYLINDRICAL_SURFACE ( 'NONE', #6740, 20.00000000000000000 ) ;
#4512 = CARTESIAN_POINT ( 'NONE',  ( -24.00456142979123442, 88.19023809745081621, 10.39999999999998970 ) ) ;
#4513 = CARTESIAN_POINT ( 'NONE',  ( -21.03832892204481908, 8.000048970288762717, 10.39999999999999680 ) ) ;
#4514 = ORIENTED_EDGE ( 'NONE', *, *, #7341, .T. ) ;
#4515 = DIRECTION ( 'NONE',  ( 1.000000000000000000, 0.000000000000000000, 0.000000000000000000 ) ) ;
#4516 = EDGE_CURVE ( 'NONE', #5416, #8775, #9345, .T. ) ;
#4517 = EDGE_CURVE ( 'NONE', #1346, #8732, #6190, .T. ) ;
#4518 = CARTESIAN_POINT ( 'NONE',  ( -26.13553390593278181, 57.76752763736812568, -1.000000000000000888 ) ) ;
#4519 = CIRCLE ( 'NONE', #816, 20.00000000000000000 ) ;
#4520 = CARTESIAN_POINT ( 'NONE',  ( -27.56135765566532925, 16.79787558810383175, -7.500000000000000000 ) ) ;
#4521 = EDGE_CURVE ( 'NONE', #1052, #400, #9230, .T. ) ;
#4522 = ORIENTED_EDGE ( 'NONE', *, *, #820, .T. ) ;
#4523 = CARTESIAN_POINT ( 'NONE',  ( -26.13553390593273562, 30.63859544923362321, 13.99999999999999822 ) ) ;
#4524 = DIRECTION ( 'NONE',  ( -1.000000000000000000, 0.000000000000000000, 0.000000000000000000 ) ) ;
#4525 = FACE_OUTER_BOUND ( 'NONE', #597, .T. ) ;
#4526 = CARTESIAN_POINT ( 'NONE',  ( -17.90343268346455119, -1.140189506886471138, 25.96147753796590862 ) ) ;
#4527 = LINE ( 'NONE', #8905, #9190 ) ;
#4528 = CARTESIAN_POINT ( 'NONE',  ( -21.24993840214963825, 8.000002653497169547, 22.95516086304598957 ) ) ;
#4529 = CIRCLE ( 'NONE', #8612, 5.000000000000000888 ) ;
#4530 = ORIENTED_EDGE ( 'NONE', *, *, #9965, .T. ) ;
#4531 = VECTOR ( 'NONE', #5330, 1000.000000000000000 ) ;
#4532 = ORIENTED_EDGE ( 'NONE', *, *, #8140, .F. ) ;
#4533 = AXIS2_PLACEMENT_3D ( 'NONE', #10847, #10910, #2681 ) ;
#4534 = VERTEX_POINT ( 'NONE', #3036 ) ;
#4535 = VERTEX_POINT ( 'NONE', #602 ) ;
#4536 = ORIENTED_EDGE ( 'NONE', *, *, #11429, .T. ) ;
#4537 = AXIS2_PLACEMENT_3D ( 'NONE', #1752, #2557, #590 ) ;
#4538 = EDGE_CURVE ( 'NONE', #11192, #10663, #363, .T. ) ;
#4539 = ADVANCED_FACE ( 'NONE', ( #8461 ), #11034, .T. ) ;
#4540 = DIRECTION ( 'NONE',  ( -1.652117596168388002E-16, 1.743152798421060443E-32, -1.000000000000000000 ) ) ;
#4541 = CARTESIAN_POINT ( 'NONE',  ( -22.16561135359183510, 8.468672896892810442, -2.486925745955423928 ) ) ;
#4542 = CARTESIAN_POINT ( 'NONE',  ( -17.51701411675868769, -1.708714035345141102, 26.00000067128184966 ) ) ;
#4543 = CARTESIAN_POINT ( 'NONE',  ( -23.99999999999998224, 78.86271205119403760, -8.496568019669924254 ) ) ;
#4544 = DIRECTION ( 'NONE',  ( -1.652117596168388002E-16, -0.000000000000000000, -1.000000000000000000 ) ) ;
#4545 = VECTOR ( 'NONE', #8193, 1000.000000000000000 ) ;
#4546 = ORIENTED_EDGE ( 'NONE', *, *, #6377, .T. ) ;
#4547 = AXIS2_PLACEMENT_3D ( 'NONE', #6432, #3705, #2006 ) ;
#4548 = ORIENTED_EDGE ( 'NONE', *, *, #7425, .F. ) ;
#4549 = VECTOR ( 'NONE', #9658, 1000.000000000000000 ) ;
#4550 = ORIENTED_EDGE ( 'NONE', *, *, #3003, .F. ) ;
#4552 = ORIENTED_EDGE ( 'NONE', *, *, #3105, .T. ) ;
#4551 = EDGE_CURVE ( 'NONE', #3614, #2917, #4694, .T. ) ;
#4553 = DIRECTION ( 'NONE',  ( -1.000000000000000000, 0.000000000000000000, 0.000000000000000000 ) ) ;
#4554 = CARTESIAN_POINT ( 'NONE',  ( 0.000000000000000000, 0.000000000000000000, 0.000000000000000000 ) ) ;
#4555 = FACE_OUTER_BOUND ( 'NONE', #3600, .T. ) ;
#4556 = LINE ( 'NONE', #8051, #4611 ) ;
#4557 = VECTOR ( 'NONE', #6945, 1000.000000000000000 ) ;
#4558 = FACE_OUTER_BOUND ( 'NONE', #1221, .T. ) ;
#4559 = DIRECTION ( 'NONE',  ( -0.7071067811865521247, -1.362927481496322706E-16, -0.7071067811865429098 ) ) ;
#4560 = AXIS2_PLACEMENT_3D ( 'NONE', #10606, #9167, #4355 ) ;
#4561 = DIRECTION ( 'NONE',  ( 0.000000000000000000, 0.000000000000000000, -1.000000000000000000 ) ) ;
#4562 = ORIENTED_EDGE ( 'NONE', *, *, #6566, .F. ) ;
#4563 = DIRECTION ( 'NONE',  ( 0.000000000000000000, 0.000000000000000000, 1.000000000000000000 ) ) ;
#4564 = TOROIDAL_SURFACE ( 'NONE', #287, 3.499999999999999112, 1.600000000000000089 ) ;
#4565 = DIRECTION ( 'NONE',  ( 0.000000000000000000, 0.000000000000000000, 1.000000000000000000 ) ) ;
#4566 = ORIENTED_EDGE ( 'NONE', *, *, #2874, .T. ) ;
#4567 = CARTESIAN_POINT ( 'NONE',  ( 15.56992757980554565, 7.499999999999866773, 26.49999999999996803 ) ) ;
#4568 = DIRECTION ( 'NONE',  ( 1.000000000000000000, 0.000000000000000000, 0.000000000000000000 ) ) ;
#4569 = CARTESIAN_POINT ( 'NONE',  ( -20.99999999999999645, 22.99999999999999289, -21.00000000000000000 ) ) ;
#4570 = DIRECTION ( 'NONE',  ( 0.000000000000000000, 0.000000000000000000, 1.000000000000000000 ) ) ;
#4571 = CARTESIAN_POINT ( 'NONE',  ( 15.56992757980551367, 8.000000000000000000, 25.38900250903704503 ) ) ;
#4572 = ORIENTED_EDGE ( 'NONE', *, *, #2530, .T. ) ;
#4573 = DIRECTION ( 'NONE',  ( 0.000000000000000000, -1.000000000000000000, 1.927470528863117569E-16 ) ) ;
#4574 = ADVANCED_FACE ( 'NONE', ( #1241 ), #3587, .T. ) ;
#4575 = CARTESIAN_POINT ( 'NONE',  ( -20.99999999999999645, 25.00000000000000000, 3.469446951953614189E-15 ) ) ;
#4576 = CARTESIAN_POINT ( 'NONE',  ( -24.00456142979123442, 88.19023809745081621, 10.39999999999998970 ) ) ;
#4577 = DIRECTION ( 'NONE',  ( 1.000000000000000000, 0.000000000000000000, 0.000000000000000000 ) ) ;
#4578 = CIRCLE ( 'NONE', #7940, 1.600000000000000311 ) ;
#4579 = EDGE_CURVE ( 'NONE', #9882, #4418, #483, .T. ) ;
#4580 = EDGE_CURVE ( 'NONE', #721, #9889, #3411, .T. ) ;
#4581 = CARTESIAN_POINT ( 'NONE',  ( -19.39331413622247879, 8.000000000000000000, 24.82842712474616320 ) ) ;
#4582 = CARTESIAN_POINT ( 'NONE',  ( -20.99999999999998934, 24.74570223042017503, -0.9999999999999974465 ) ) ;
#4583 = CARTESIAN_POINT ( 'NONE',  ( -17.91918291561107068, -1.120425912740104613, 25.95848654625269347 ) ) ;
#4584 = DIRECTION ( 'NONE',  ( 0.4383711467890782920, 0.8987940462991665935, -0.000000000000000000 ) ) ;
#4585 = DIRECTION ( 'NONE',  ( 1.000000000000000000, 0.000000000000000000, 0.000000000000000000 ) ) ;
#4586 = EDGE_LOOP ( 'NONE', ( #5438, #9187, #1600, #5339 ) ) ;
#4587 = ADVANCED_FACE ( 'NONE', ( #5845 ), #7463, .F. ) ;
#4588 = VECTOR ( 'NONE', #5164, 1000.000000000000000 ) ;
#4589 = B_SPLINE_CURVE_WITH_KNOTS ( 'NONE', 3,
 ( #9264, #1273, #10485, #8607 ),
 .UNSPECIFIED., .F., .F.,
 ( 4, 4 ),
 ( 0.000000000000000000, 0.002626471643539440501 ),
 .UNSPECIFIED. ) ;
#4590 = ORIENTED_EDGE ( 'NONE', *, *, #3962, .F. ) ;
#4591 = ORIENTED_EDGE ( 'NONE', *, *, #6690, .F. ) ;
#4592 = EDGE_CURVE ( 'NONE', #6457, #1632, #2167, .T. ) ;
#4593 = CARTESIAN_POINT ( 'NONE',  ( -33.03137084989845107, 89.25000000000000000, 1.843629150101528724 ) ) ;
#4594 = CARTESIAN_POINT ( 'NONE',  ( -23.99999999999997158, 10.30306154330093094, -2.076572383382754960 ) ) ;
#4595 = DIRECTION ( 'NONE',  ( 0.01908668851094758034, 0.7068491340602074402, 0.7071067811865622277 ) ) ;
#4596 = CARTESIAN_POINT ( 'NONE',  ( -17.74766032130155580, -1.356498404451715656, 25.98499123478890382 ) ) ;
#4597 = LINE ( 'NONE', #11498, #9113 ) ;
#4598 = LINE ( 'NONE', #4649, #6460 ) ;
#4599 = VERTEX_POINT ( 'NONE', #9286 ) ;
#4600 = EDGE_CURVE ( 'NONE', #8506, #2100, #1295, .T. ) ;
#4601 = ORIENTED_EDGE ( 'NONE', *, *, #9366, .T. ) ;
#4602 = EDGE_LOOP ( 'NONE', ( #8329, #9324, #9094, #8401 ) ) ;
#4603 = CARTESIAN_POINT ( 'NONE',  ( -26.02411907401664592, 79.84994088672972623, 2.600000000000005418 ) ) ;
#4604 = CONICAL_SURFACE ( 'NONE', #11132, 36.00000000000002842, 0.7853981633974482790 ) ;
#4605 = EDGE_CURVE ( 'NONE', #3752, #1968, #8403, .T. ) ;
#4606 = CARTESIAN_POINT ( 'NONE',  ( -21.70702263520715647, 0.2658165179721706517, 23.92893218813457423 ) ) ;
#4607 = CARTESIAN_POINT ( 'NONE',  ( -22.16561135359183510, 8.468672896892810442, -0.9999999999999972244 ) ) ;
#4608 = CARTESIAN_POINT ( 'NONE',  ( -36.00000000000000000, 51.31596721165375641, -19.99999999999996447 ) ) ;
#4609 = LINE ( 'NONE', #1919, #61 ) ;
#4610 = CARTESIAN_POINT ( 'NONE',  ( -42.39999999999999147, 89.25000000000000000, 7.004978607753963848E-15 ) ) ;
#4611 = VECTOR ( 'NONE', #9763, 1000.000000000000114 ) ;
#4612 = CARTESIAN_POINT ( 'NONE',  ( -19.97261871597540406, 0.8818744807334278901, 25.65989810025315521 ) ) ;
#4613 = EDGE_CURVE ( 'NONE', #10598, #9851, #3096, .T. ) ;
#4614 = AXIS2_PLACEMENT_3D ( 'NONE', #6854, #581, #2428 ) ;
#4615 = VERTEX_POINT ( 'NONE', #5148 ) ;
#4616 = VECTOR ( 'NONE', #11362, 1000.000000000000227 ) ;
#4617 = LINE ( 'NONE', #191, #6388 ) ;
#4618 = DIRECTION ( 'NONE',  ( 0.000000000000000000, 0.000000000000000000, -1.000000000000000000 ) ) ;
#4619 = ORIENTED_EDGE ( 'NONE', *, *, #903, .T. ) ;
#4620 = CARTESIAN_POINT ( 'NONE',  ( 16.56992757980552611, 0.9999999999999453770, -21.00000000000000000 ) ) ;
#4621 = CARTESIAN_POINT ( 'NONE',  ( -43.99999999999998579, 88.61736382251127964, -84.74336439883576588 ) ) ;
#4622 = DIRECTION ( 'NONE',  ( 1.000000000000000000, -0.000000000000000000, -0.000000000000000000 ) ) ;
#4623 = ORIENTED_EDGE ( 'NONE', *, *, #5216, .F. ) ;
#4624 = DIRECTION ( 'NONE',  ( 0.000000000000000000, 0.000000000000000000, 1.000000000000000000 ) ) ;
#4625 = ORIENTED_EDGE ( 'NONE', *, *, #2121, .T. ) ;
#4626 = CARTESIAN_POINT ( 'NONE',  ( -21.23569971051734484, 0.3333333333333157178, 23.45744607212504462 ) ) ;
#4627 = CIRCLE ( 'NONE', #5391, 4.242640687119346055 ) ;
#4628 = CARTESIAN_POINT ( 'NONE',  ( -26.13553390593271075, 21.36752763736817329, -5.499999999999999112 ) ) ;
#4629 = DIRECTION ( 'NONE',  ( 0.000000000000000000, 0.000000000000000000, 1.000000000000000000 ) ) ;
#4630 = AXIS2_PLACEMENT_3D ( 'NONE', #2976, #2260, #6637 ) ;
#4631 = DIRECTION ( 'NONE',  ( 1.000000000000000000, 0.000000000000000000, 0.000000000000000000 ) ) ;
#4632 = EDGE_CURVE ( 'NONE', #10781, #4481, #10575, .T. ) ;
#4633 = CARTESIAN_POINT ( 'NONE',  ( -20.65716699989023297, 77.23230345890712556, 5.500000000000002665 ) ) ;
#4634 = LINE ( 'NONE', #5583, #2010 ) ;
#4635 = CARTESIAN_POINT ( 'NONE',  ( -32.96862915010149919, 112.7499999999999858, -1.906370849898473274 ) ) ;
#4636 = CARTESIAN_POINT ( 'NONE',  ( -28.77809044707268171, 9.017821736325839055, 21.00000000000000000 ) ) ;
#4637 = ORIENTED_EDGE ( 'NONE', *, *, #3568, .F. ) ;
#4638 = CIRCLE ( 'NONE', #3147, 1.600000000000002531 ) ;
#4639 = EDGE_CURVE ( 'NONE', #9970, #3152, #6181, .T. ) ;
#4640 = ORIENTED_EDGE ( 'NONE', *, *, #2394, .T. ) ;
#4641 = EDGE_CURVE ( 'NONE', #8428, #7948, #11335, .T. ) ;
#4642 = VERTEX_POINT ( 'NONE', #8751 ) ;
#4643 = DIRECTION ( 'NONE',  ( 0.000000000000000000, 0.000000000000000000, 1.000000000000000000 ) ) ;
#4644 = CARTESIAN_POINT ( 'NONE',  ( -20.99999151476403370, 8.000000000000000000, 23.22174974702289418 ) ) ;
#4645 = CYLINDRICAL_SURFACE ( 'NONE', #10717, 20.00000000000000000 ) ;
#4646 = LINE ( 'NONE', #2024, #10308 ) ;
#4647 = CARTESIAN_POINT ( 'NONE',  ( 20.99999999999999645, 8.000000000000000000, -1.734723475976806897E-15 ) ) ;
#4648 = DIRECTION ( 'NONE',  ( 0.000000000000000000, 0.000000000000000000, -1.000000000000000000 ) ) ;
#4649 = CARTESIAN_POINT ( 'NONE',  ( 15.50000000000000355, 8.000000000000000000, -17.09999999999999787 ) ) ;
#4650 = ORIENTED_EDGE ( 'NONE', *, *, #1438, .F. ) ;
#4651 = EDGE_CURVE ( 'NONE', #4715, #3191, #5209, .T. ) ;
#4652 = VERTEX_POINT ( 'NONE', #7054 ) ;
#4653 = ORIENTED_EDGE ( 'NONE', *, *, #9002, .T. ) ;
#4654 = ORIENTED_EDGE ( 'NONE', *, *, #1098, .T. ) ;
#4655 = CARTESIAN_POINT ( 'NONE',  ( -7.508684045328186230, -1.750000000000003109, 21.00000000000000000 ) ) ;
#4656 = DIRECTION ( 'NONE',  ( -0.000000000000000000, -0.000000000000000000, -1.000000000000000000 ) ) ;
#4657 = DIRECTION ( 'NONE',  ( -0.7071067811865444641, -0.7071067811865505703, 0.000000000000000000 ) ) ;
#4658 = ORIENTED_EDGE ( 'NONE', *, *, #2591, .F. ) ;
#4659 = DIRECTION ( 'NONE',  ( -1.683387419516472146E-32, -1.000000000000000000, 4.565061778886333551E-17 ) ) ;
#4660 = LINE ( 'NONE', #5612, #4700 ) ;
#4661 = DIRECTION ( 'NONE',  ( -0.000000000000000000, -0.000000000000000000, -1.000000000000000000 ) ) ;
#4662 = VECTOR ( 'NONE', #11021, 1000.000000000000000 ) ;
#4663 = CARTESIAN_POINT ( 'NONE',  ( -18.52928400903746109, 0.3920149502107214690, 26.59857593336350590 ) ) ;
#4664 = CIRCLE ( 'NONE', #5616, 36.00000000000016342 ) ;
#4665 = CARTESIAN_POINT ( 'NONE',  ( -19.70702005137908230, -0.05042016271865713134, 24.69817494900569699 ) ) ;
#4666 = B_SPLINE_CURVE_WITH_KNOTS ( 'NONE', 3,
 ( #2389, #6015, #4208, #5964, #9520, #3448, #1524 ),
 .UNSPECIFIED., .F., .F.,
 ( 4, 3, 4 ),
 ( 0.000000000000000000, 0.0008000204412897096631, 0.001600040882579419326 ),
 .UNSPECIFIED. ) ;
#4667 = CARTESIAN_POINT ( 'NONE',  ( -9.943102982680445123, -1.779300839554673846E-14, 23.07960065183321419 ) ) ;
#4668 = ORIENTED_EDGE ( 'NONE', *, *, #7142, .F. ) ;
#4669 = FACE_OUTER_BOUND ( 'NONE', #6667, .T. ) ;
#4670 = EDGE_LOOP ( 'NONE', ( #10578, #6006, #7165, #2759 ) ) ;
#4671 = DIRECTION ( 'NONE',  ( 1.000000000000000000, 3.585532300132830063E-15, 0.000000000000000000 ) ) ;
#4672 = CARTESIAN_POINT ( 'NONE',  ( -26.13553390593277115, 48.83859544923360119, -5.499999999999998224 ) ) ;
#4673 = CARTESIAN_POINT ( 'NONE',  ( -24.96396103067888106, 11.26702257397983331, 14.89917787120095305 ) ) ;
#4674 = EDGE_CURVE ( 'NONE', #2806, #9459, #7943, .T. ) ;
#4675 = EDGE_CURVE ( 'NONE', #2865, #2814, #4146, .T. ) ;
#4676 = DIRECTION ( 'NONE',  ( -0.7071067811865429098, 0.000000000000000000, 0.7071067811865522357 ) ) ;
#4677 = ORIENTED_EDGE ( 'NONE', *, *, #4159, .F. ) ;
#4678 = ORIENTED_EDGE ( 'NONE', *, *, #10077, .F. ) ;
#4679 = LINE ( 'NONE', #1739, #5497 ) ;
#4680 = DIRECTION ( 'NONE',  ( 1.734723475976807489E-15, -1.000000000000000000, 0.000000000000000000 ) ) ;
#4681 = CARTESIAN_POINT ( 'NONE',  ( 20.99999999999999645, 0.9999999999999626965, -16.56992757980552966 ) ) ;
#4682 = CARTESIAN_POINT ( 'NONE',  ( -22.60000000000004761, 54.23199373143538793, -47.00000000000000000 ) ) ;
#4684 = CARTESIAN_POINT ( 'NONE',  ( -24.22389684499599127, 84.97462330905720762, -3.929147716244587141 ) ) ;
#4683 = CARTESIAN_POINT ( 'NONE',  ( -36.00000000000000000, 51.31596721165375641, -20.99999999999997513 ) ) ;
#4685 = EDGE_CURVE ( 'NONE', #4874, #4652, #7121, .T. ) ;
#4686 = FACE_OUTER_BOUND ( 'NONE', #8190, .T. ) ;
#4687 = FACE_OUTER_BOUND ( 'NONE', #9019, .T. ) ;
#4688 = CARTESIAN_POINT ( 'NONE',  ( -24.96396103067888106, 11.26702257397983331, 11.10082212879905761 ) ) ;
#4689 = AXIS2_PLACEMENT_3D ( 'NONE', #9991, #2753, #7410 ) ;
#4690 = DIRECTION ( 'NONE',  ( 0.5000000000000146549, -0.7071067811865320296, -0.5000000000000073275 ) ) ;
#4691 = EDGE_LOOP ( 'NONE', ( #6977, #4668, #8568, #1292, #2971, #6815, #7766 ) ) ;
#4692 = VECTOR ( 'NONE', #8692, 1000.000000000000114 ) ;
#4693 = ORIENTED_EDGE ( 'NONE', *, *, #4990, .F. ) ;
#4694 = CIRCLE ( 'NONE', #9759, 2.499999999999946709 ) ;
#4695 = EDGE_LOOP ( 'NONE', ( #2493, #9974, #966, #2695 ) ) ;
#4696 = CARTESIAN_POINT ( 'NONE',  ( -22.46615918088882324, 1.014522716331948793, 23.24371715362221735 ) ) ;
#4697 = CARTESIAN_POINT ( 'NONE',  ( -35.99999999999999289, 122.0000000000000000, 15.60000000000001030 ) ) ;
#4698 = EDGE_CURVE ( 'NONE', #9959, #7124, #7725, .T. ) ;
#4699 = DIRECTION ( 'NONE',  ( 0.7071067811865499042, -0.7071067811865451302, 0.000000000000000000 ) ) ;
#4700 = VECTOR ( 'NONE', #10851, 1000.000000000000000 ) ;
#4701 = CARTESIAN_POINT ( 'NONE',  ( -26.13553390593278181, 57.76752763736812568, 7.500000000000002665 ) ) ;
#4702 = AXIS2_PLACEMENT_3D ( 'NONE', #5995, #1625, #9498 ) ;
#4703 = CARTESIAN_POINT ( 'NONE',  ( 12.11041656043498804, -36.00000000000000711, 27.00000000000000355 ) ) ;
#4704 = CARTESIAN_POINT ( 'NONE',  ( -27.56135765566533280, 16.79787558810387438, 5.500000000000005329 ) ) ;
#4705 = EDGE_CURVE ( 'NONE', #9445, #5733, #4388, .T. ) ;
#4706 = AXIS2_PLACEMENT_3D ( 'NONE', #1878, #8993, #6259 ) ;
#4707 = CYLINDRICAL_SURFACE ( 'NONE', #3795, 4.242640687119280329 ) ;
#4708 = CARTESIAN_POINT ( 'NONE',  ( 17.56992757980552611, 0.000000000000000000, 21.03010356549636484 ) ) ;
#4709 = ORIENTED_EDGE ( 'NONE', *, *, #59, .F. ) ;
#4710 = ORIENTED_EDGE ( 'NONE', *, *, #670, .T. ) ;
#4711 = EDGE_CURVE ( 'NONE', #5712, #8230, #9649, .T. ) ;
#4712 = CIRCLE ( 'NONE', #7891, 4.242640687119280329 ) ;
#4713 = AXIS2_PLACEMENT_3D ( 'NONE', #11130, #6563, #4884 ) ;
#4714 = EDGE_LOOP ( 'NONE', ( #2147, #9131, #11521, #8714 ) ) ;
#4715 = VERTEX_POINT ( 'NONE', #2626 ) ;
#4716 = VERTEX_POINT ( 'NONE', #7824 ) ;
#4717 = CARTESIAN_POINT ( 'NONE',  ( -27.59999999999998721, 17.63098360465878756, 12.00000000000000355 ) ) ;
#4718 = LINE ( 'NONE', #4606, #5711 ) ;
#4719 = CARTESIAN_POINT ( 'NONE',  ( -42.40000000000004832, 100.9999999999999858, 6.782934002828947529E-15 ) ) ;
#4720 = VERTEX_POINT ( 'NONE', #899 ) ;
#4721 = EDGE_CURVE ( 'NONE', #10405, #8326, #1647, .T. ) ;
#4722 = EDGE_CURVE ( 'NONE', #1653, #5167, #4321, .T. ) ;
#4723 = DIRECTION ( 'NONE',  ( -0.2326250168069746715, 0.1134588016124430526, 0.9659258262890701996 ) ) ;
#4724 = DIRECTION ( 'NONE',  ( 0.000000000000000000, -1.000000000000000000, -1.927470528863117569E-16 ) ) ;
#4725 = LINE ( 'NONE', #10046, #11369 ) ;
#4726 = DIRECTION ( 'NONE',  ( -0.7071067811865487940, -0.000000000000000000, -0.7071067811865463515 ) ) ;
#4727 = EDGE_CURVE ( 'NONE', #6424, #167, #11268, .T. ) ;
#4728 = CARTESIAN_POINT ( 'NONE',  ( -17.51708647556571563, -1.708603537524811866, 26.00000067170224938 ) ) ;
#4729 = AXIS2_PLACEMENT_3D ( 'NONE', #7301, #8243, #5579 ) ;
#4730 = AXIS2_PLACEMENT_3D ( 'NONE', #8978, #4657, #10745 ) ;
#4731 = ORIENTED_EDGE ( 'NONE', *, *, #11474, .T. ) ;
#4732 = CARTESIAN_POINT ( 'NONE',  ( -9.518179672708118488, 0.000000000000000000, 21.00572010708273751 ) ) ;
#4733 = VECTOR ( 'NONE', #5971, 1000.000000000000000 ) ;
#4734 = ORIENTED_EDGE ( 'NONE', *, *, #3699, .F. ) ;
#4735 = VERTEX_POINT ( 'NONE', #6933 ) ;
#4736 = AXIS2_PLACEMENT_3D ( 'NONE', #10406, #1361, #561 ) ;
#4737 = CARTESIAN_POINT ( 'NONE',  ( -23.27141377599852845, 7.092786946608934606, 22.65272602437514138 ) ) ;
#4738 = DIRECTION ( 'NONE',  ( 1.000000000000000000, 0.000000000000000000, 0.000000000000000000 ) ) ;
#4739 = CARTESIAN_POINT ( 'NONE',  ( -26.47957052632559183, 9.036616590297864349, 20.17112894444246152 ) ) ;
#4740 = AXIS2_PLACEMENT_3D ( 'NONE', #4277, #2632, #3395 ) ;
#4741 = LINE ( 'NONE', #7412, #6838 ) ;
#4742 = CARTESIAN_POINT ( 'NONE',  ( -23.99999999999998224, 78.86271205119403760, 4.503431980330071305 ) ) ;
#4743 = LINE ( 'NONE', #7652, #7220 ) ;
#4744 = VECTOR ( 'NONE', #7912, 1000.000000000000000 ) ;
#4745 = VERTEX_POINT ( 'NONE', #2447 ) ;
#4746 = EDGE_CURVE ( 'NONE', #5130, #8743, #4666, .T. ) ;
#4747 = CARTESIAN_POINT ( 'NONE',  ( -21.84032041970594307, 8.214066791885562324, -10.45103806036985361 ) ) ;
#4748 = DIRECTION ( 'NONE',  ( 0.000000000000000000, 0.000000000000000000, 1.000000000000000000 ) ) ;
#4750 = CARTESIAN_POINT ( 'NONE',  ( -24.00000000000000000, 28.50306154330090536, 7.500000000000000000 ) ) ;
#4749 = DIRECTION ( 'NONE',  ( 0.000000000000000000, 0.000000000000000000, 1.000000000000000000 ) ) ;
#4751 = DIRECTION ( 'NONE',  ( 1.000000000000000000, 0.000000000000000000, 6.195440985631455317E-17 ) ) ;
#4752 = CARTESIAN_POINT ( 'NONE',  ( -27.14907309865520446, 14.77089705523736107, 11.66896132926252783 ) ) ;
#4753 = CIRCLE ( 'NONE', #8100, 9.028718707889614947 ) ;
#4754 = CARTESIAN_POINT ( 'NONE',  ( -20.10042091740903913, 0.000000000000000000, 25.53553390593271644 ) ) ;
#4755 = CARTESIAN_POINT ( 'NONE',  ( -22.60000000000001208, 36.03199373143542061, -47.00000000000000000 ) ) ;
#4756 = ORIENTED_EDGE ( 'NONE', *, *, #8102, .T. ) ;
#4757 = EDGE_CURVE ( 'NONE', #7275, #177, #10856, .T. ) ;
#4758 = ORIENTED_EDGE ( 'NONE', *, *, #2755, .F. ) ;
#4759 = AXIS2_PLACEMENT_3D ( 'NONE', #11009, #1267, #9193 ) ;
#4760 = EDGE_LOOP ( 'NONE', ( #8393, #2422, #10340, #5392 ) ) ;
#4761 = FACE_OUTER_BOUND ( 'NONE', #3516, .T. ) ;
#4762 = CARTESIAN_POINT ( 'NONE',  ( 12.11041656043498804, -36.00000000000000711, 27.00000000000000355 ) ) ;
#4763 = FACE_OUTER_BOUND ( 'NONE', #9758, .T. ) ;
#4764 = CARTESIAN_POINT ( 'NONE',  ( -26.13553390593271075, 21.36752763736817684, -1.000000000000000888 ) ) ;
#4765 = DIRECTION ( 'NONE',  ( 0.000000000000000000, 0.000000000000000000, 1.000000000000000000 ) ) ;
#4766 = DIRECTION ( 'NONE',  ( 1.000000000000000000, 0.000000000000000000, 0.000000000000000000 ) ) ;
#4767 = DIRECTION ( 'NONE',  ( 1.000000000000000000, 0.000000000000000000, 0.000000000000000000 ) ) ;
#4768 = AXIS2_PLACEMENT_3D ( 'NONE', #750, #7724, #6208 ) ;
#4769 = CARTESIAN_POINT ( 'NONE',  ( -3.469446951953614189E-15, 8.000000000000000000, -13.00000000000000178 ) ) ;
#4770 = LINE ( 'NONE', #341, #4992 ) ;
#4771 = ORIENTED_EDGE ( 'NONE', *, *, #3643, .F. ) ;
#4772 = VECTOR ( 'NONE', #10676, 1000.000000000000000 ) ;
#4773 = ORIENTED_EDGE ( 'NONE', *, *, #4727, .T. ) ;
#4774 = ORIENTED_EDGE ( 'NONE', *, *, #5812, .F. ) ;
#4775 = VERTEX_POINT ( 'NONE', #5086 ) ;
#4776 = CARTESIAN_POINT ( 'NONE',  ( -22.77561206912258740, 9.078673612423553863, -4.162931255286597576 ) ) ;
#4777 = ORIENTED_EDGE ( 'NONE', *, *, #7406, .T. ) ;
#4778 = CARTESIAN_POINT ( 'NONE',  ( -15.49999999999999467, 8.000000000000000000, -13.90000000000000213 ) ) ;
#4779 = DIRECTION ( 'NONE',  ( 0.2326250168069760038, -0.1134588016124437049, 0.9659258262890698665 ) ) ;
#4780 = FACE_OUTER_BOUND ( 'NONE', #7591, .T. ) ;
#4781 = CARTESIAN_POINT ( 'NONE',  ( -34.09999999999998721, 89.25000000000000000, 3.037741699796951966 ) ) ;
#4782 = CARTESIAN_POINT ( 'NONE',  ( -32.96862915010149919, 89.25000000000000000, -1.906370849898473274 ) ) ;
#4783 = CARTESIAN_POINT ( 'NONE',  ( -15.50000000000000533, 8.000000000000000000, 15.49999999999999112 ) ) ;
#4784 = ORIENTED_EDGE ( 'NONE', *, *, #4579, .F. ) ;
#4785 = EDGE_CURVE ( 'NONE', #3887, #2924, #8627, .T. ) ;
#4786 = VECTOR ( 'NONE', #8497, 1000.000000000000000 ) ;
#4787 = DIRECTION ( 'NONE',  ( -0.000000000000000000, 1.000000000000000000, -1.927470528863117569E-16 ) ) ;
#4788 = EDGE_LOOP ( 'NONE', ( #6799, #1732, #9204, #9033 ) ) ;
#4789 = ORIENTED_EDGE ( 'NONE', *, *, #11325, .F. ) ;
#4790 = CARTESIAN_POINT ( 'NONE',  ( -24.96396103067888106, 11.26702257397983331, -11.10082212879904517 ) ) ;
#4791 = CARTESIAN_POINT ( 'NONE',  ( -21.03832892204482263, 8.000048970288762717, -15.59999999999999432 ) ) ;
#4792 = CARTESIAN_POINT ( 'NONE',  ( -20.99999999999999289, 25.00000000000000000, 20.00000000000001421 ) ) ;
#4793 = CARTESIAN_POINT ( 'NONE',  ( -20.99999999999999289, 27.26042085618161082, 14.00000000000000178 ) ) ;
#4794 = FACE_OUTER_BOUND ( 'NONE', #10310, .T. ) ;
#4795 = ORIENTED_EDGE ( 'NONE', *, *, #1308, .F. ) ;
#4796 = EDGE_CURVE ( 'NONE', #1205, #5303, #1005, .T. ) ;
#4797 = CARTESIAN_POINT ( 'NONE',  ( -23.99999999999998579, 70.37848011702406836, 5.500000000000002665 ) ) ;
#4798 = CARTESIAN_POINT ( 'NONE',  ( -26.13553390593273562, 30.63859544923362321, -11.99999999999999645 ) ) ;
#4799 = VECTOR ( 'NONE', #4246, 1000.000000000000000 ) ;
#4800 = AXIS2_PLACEMENT_3D ( 'NONE', #416, #7352, #1352 ) ;
#4801 = VERTEX_POINT ( 'NONE', #1061 ) ;
#4802 = ADVANCED_FACE ( 'NONE', ( #3733 ), #6402, .T. ) ;
#4803 = CARTESIAN_POINT ( 'NONE',  ( -21.74732162115795475, 8.163926359816642275, -10.43897055431899368 ) ) ;
#4804 = CARTESIAN_POINT ( 'NONE',  ( -17.34219956447254063, -1.975670163866104057, 24.24651882071404785 ) ) ;
#4806 = FACE_OUTER_BOUND ( 'NONE', #9771, .T. ) ;
#4805 = DIRECTION ( 'NONE',  ( -0.000000000000000000, -1.000000000000000000, 0.000000000000000000 ) ) ;
#4807 = DIRECTION ( 'NONE',  ( -1.000000000000000000, 0.000000000000000000, 0.000000000000000000 ) ) ;
#4808 = EDGE_CURVE ( 'NONE', #3222, #11055, #9917, .T. ) ;
#4809 = ORIENTED_EDGE ( 'NONE', *, *, #5011, .F. ) ;
#4810 = PLANE ( 'NONE',  #9480 ) ;
#4811 = EDGE_CURVE ( 'NONE', #9114, #7203, #5286, .T. ) ;
#4812 = LINE ( 'NONE', #1316, #2265 ) ;
#4813 = VERTEX_POINT ( 'NONE', #6348 ) ;
#4814 = ORIENTED_EDGE ( 'NONE', *, *, #10348, .T. ) ;
#4815 = AXIS2_PLACEMENT_3D ( 'NONE', #9606, #7781, #2465 ) ;
#4816 = ORIENTED_EDGE ( 'NONE', *, *, #6160, .T. ) ;
#4817 = VERTEX_POINT ( 'NONE', #3624 ) ;
#4818 = VERTEX_POINT ( 'NONE', #7171 ) ;
#4819 = CARTESIAN_POINT ( 'NONE',  ( -30.02871870788958475, 22.99999999999999289, 12.00000000000000178 ) ) ;
#4820 = LINE ( 'NONE', #8433, #1410 ) ;
#4821 = CARTESIAN_POINT ( 'NONE',  ( -43.00000000000000000, 112.7499999999999858, 7.104105663524068238E-15 ) ) ;
#4822 = CARTESIAN_POINT ( 'NONE',  ( -26.13553390593274628, 39.56752763736815126, 14.00000000000000178 ) ) ;
#4823 = EDGE_CURVE ( 'NONE', #3935, #1393, #7888, .T. ) ;
#4824 = EDGE_CURVE ( 'NONE', #2608, #9228, #3563, .T. ) ;
#4825 = CARTESIAN_POINT ( 'NONE',  ( 19.99999999999996803, 8.000000000000000000, -1.652117596168385389E-15 ) ) ;
#4826 = CARTESIAN_POINT ( 'NONE',  ( -26.97028684189959691, 14.28242300105687512, 5.090543497325470845 ) ) ;
#4827 = AXIS2_PLACEMENT_3D ( 'NONE', #10580, #2574, #6136 ) ;
#4828 = CARTESIAN_POINT ( 'NONE',  ( -34.16274169979692488, 112.7499999999999858, -2.974999999999992539 ) ) ;
#4829 = CYLINDRICAL_SURFACE ( 'NONE', #4046, 16.50000000000000000 ) ;
#4830 = ORIENTED_EDGE ( 'NONE', *, *, #988, .T. ) ;
#4831 = ORIENTED_EDGE ( 'NONE', *, *, #103, .F. ) ;
#4832 = EDGE_LOOP ( 'NONE', ( #10841, #6473 ) ) ;
#4833 = AXIS2_PLACEMENT_3D ( 'NONE', #2848, #4500, #2795 ) ;
#4834 = CARTESIAN_POINT ( 'NONE',  ( 16.56992757980552966, -37.49945344790946677, 26.00000000000001776 ) ) ;
#4835 = EDGE_LOOP ( 'NONE', ( #1979, #12, #11299, #5009 ) ) ;
#4836 = CARTESIAN_POINT ( 'NONE',  ( -3.469446951953614189E-15, 0.000000000000000000, 0.000000000000000000 ) ) ;
#4837 = CARTESIAN_POINT ( 'NONE',  ( -24.33585154307734300, 84.96753294093512920, 3.900000000000002132 ) ) ;
#4838 = DIRECTION ( 'NONE',  ( -1.652117596168388002E-16, -3.387343054164789649E-16, -1.000000000000000000 ) ) ;
#4839 = CARTESIAN_POINT ( 'NONE',  ( -21.84032041970593241, 8.214066791885558771, 15.54896193963014639 ) ) ;
#4840 = CARTESIAN_POINT ( 'NONE',  ( -20.99999999999998934, 31.50306154330093023, -7.499999999999998224 ) ) ;
#4841 = CARTESIAN_POINT ( 'NONE',  ( -26.13553390593276760, 48.83859544923359408, 12.00000000000000178 ) ) ;
#4842 = VECTOR ( 'NONE', #10749, 1000.000000000000114 ) ;
#4843 = EDGE_CURVE ( 'NONE', #9385, #4322, #75, .T. ) ;
#4844 = ORIENTED_EDGE ( 'NONE', *, *, #2162, .F. ) ;
#4845 = CARTESIAN_POINT ( 'NONE',  ( 34.00000000000000000, 110.4999999999999858, 1.374999999999991340 ) ) ;
#4846 = CARTESIAN_POINT ( 'NONE',  ( -1.442848860394842170, 46.06021268290589177, -7.499999999999999112 ) ) ;
#4847 = CARTESIAN_POINT ( 'NONE',  ( -15.49999999999999467, 0.000000000000000000, -15.50000000000000533 ) ) ;
#4848 = FACE_OUTER_BOUND ( 'NONE', #11283, .T. ) ;
#4849 = DIRECTION ( 'NONE',  ( -0.000000000000000000, -0.000000000000000000, -1.000000000000000000 ) ) ;
#4850 = ORIENTED_EDGE ( 'NONE', *, *, #10200, .F. ) ;
#4851 = EDGE_CURVE ( 'NONE', #5815, #6240, #9871, .T. ) ;
#4852 = FACE_OUTER_BOUND ( 'NONE', #2800, .T. ) ;
#4853 = CARTESIAN_POINT ( 'NONE',  ( 34.00000000000000000, 89.25000000000000000, 1.374999999999990896 ) ) ;
#4854 = ADVANCED_FACE ( 'NONE', ( #10684 ), #5384, .F. ) ;
#4855 = ORIENTED_EDGE ( 'NONE', *, *, #2344, .T. ) ;
#4856 = CIRCLE ( 'NONE', #1324, 1.700000000000000178 ) ;
#4857 = CARTESIAN_POINT ( 'NONE',  ( -33.03137084989843686, 112.7499999999999858, 1.843629150101549152 ) ) ;
#4858 = CARTESIAN_POINT ( 'NONE',  ( 10.76992757980552895, 0.000000000000000000, 21.00000000000000000 ) ) ;
#4860 = DIRECTION ( 'NONE',  ( 1.652117596168388002E-16, 0.000000000000000000, 1.000000000000000000 ) ) ;
#4859 = FACE_OUTER_BOUND ( 'NONE', #10473, .T. ) ;
#4861 = VERTEX_POINT ( 'NONE', #2038 ) ;
#4862 = CARTESIAN_POINT ( 'NONE',  ( -23.99999999999998224, 80.80637315409779831, -2.224872775039602235 ) ) ;
#4863 = VERTEX_POINT ( 'NONE', #6462 ) ;
#4864 = ORIENTED_EDGE ( 'NONE', *, *, #6556, .T. ) ;
#4865 = CYLINDRICAL_SURFACE ( 'NONE', #4024, 35.00000000000000000 ) ;
#4866 = EDGE_CURVE ( 'NONE', #10491, #4716, #1866, .T. ) ;
#4867 = EDGE_CURVE ( 'NONE', #922, #3887, #5095, .T. ) ;
#4868 = CARTESIAN_POINT ( 'NONE',  ( -19.46107803066832531, -0.1036411412515850228, 25.02610220679233777 ) ) ;
#4869 = DIRECTION ( 'NONE',  ( 0.000000000000000000, 0.000000000000000000, 1.000000000000000000 ) ) ;
#4870 = ADVANCED_FACE ( 'NONE', ( #4555, #185, #2844, #953 ), #5609, .F. ) ;
#4871 = EDGE_LOOP ( 'NONE', ( #2328, #7446, #2365, #7532 ) ) ;
#4872 = VERTEX_POINT ( 'NONE', #9098 ) ;
#4873 = ADVANCED_FACE ( 'NONE', ( #1119 ), #1170, .F. ) ;
#4874 = VERTEX_POINT ( 'NONE', #8108 ) ;
#4875 = ORIENTED_EDGE ( 'NONE', *, *, #2086, .F. ) ;
#4876 = DIRECTION ( 'NONE',  ( 1.000000000000000000, 0.000000000000000000, 0.000000000000000000 ) ) ;
#4877 = LINE ( 'NONE', #333, #2142 ) ;
#4878 = VERTEX_POINT ( 'NONE', #4497 ) ;
#4879 = CARTESIAN_POINT ( 'NONE',  ( -21.00000000000000000, 0.9999999999999455991, -21.00000000000000000 ) ) ;
#4880 = LINE ( 'NONE', #3066, #10437 ) ;
#4881 = CARTESIAN_POINT ( 'NONE',  ( -34.16274169979693909, 112.7499999999999858, 2.975000000000001865 ) ) ;
#4882 = VERTEX_POINT ( 'NONE', #134 ) ;
#4883 = FACE_OUTER_BOUND ( 'NONE', #1375, .T. ) ;
#4884 = DIRECTION ( 'NONE',  ( 1.000000000000000000, 0.000000000000000000, 0.000000000000000000 ) ) ;
#4885 = VECTOR ( 'NONE', #4585, 1000.000000000000000 ) ;
#4886 = CARTESIAN_POINT ( 'NONE',  ( 16.73282898157398435, -0.4386682720513052081, 23.55268418387735707 ) ) ;
#4887 = EDGE_LOOP ( 'NONE', ( #3378, #2318, #780, #11513 ) ) ;
#4888 = AXIS2_PLACEMENT_3D ( 'NONE', #2918, #4565, #1929 ) ;
#4889 = ORIENTED_EDGE ( 'NONE', *, *, #8848, .T. ) ;
#4890 = CARTESIAN_POINT ( 'NONE',  ( -0.9999999999999988898, 51.31596721165376351, -9.099999999999996092 ) ) ;
#4891 = CARTESIAN_POINT ( 'NONE',  ( -19.87953286025344823, -0.02383101308724015419, 24.46816738430974425 ) ) ;
#4892 = ORIENTED_EDGE ( 'NONE', *, *, #8778, .T. ) ;
#4893 = AXIS2_PLACEMENT_3D ( 'NONE', #4153, #3275, #8351 ) ;
#4894 = VECTOR ( 'NONE', #2482, 1000.000000000000000 ) ;
#4895 = CARTESIAN_POINT ( 'NONE',  ( -10.54284886039479829, 55.16021268290609925, -0.9999999999999983347 ) ) ;
#4896 = DIRECTION ( 'NONE',  ( 1.000000000000000000, -2.465190328815661892E-32, -1.712579034340941216E-16 ) ) ;
#4897 = CARTESIAN_POINT ( 'NONE',  ( -23.99999999999998224, 78.86271205119403760, -8.496568019669924254 ) ) ;
#4898 = VECTOR ( 'NONE', #6817, 1000.000000000000000 ) ;
#4899 = CARTESIAN_POINT ( 'NONE',  ( -20.99999999999999289, 27.26042085618161082, 5.500000000000002665 ) ) ;
#4900 = FACE_OUTER_BOUND ( 'NONE', #4691, .T. ) ;
#4901 = DIRECTION ( 'NONE',  ( -1.000000000000000000, -0.000000000000000000, -0.000000000000000000 ) ) ;
#4902 = CARTESIAN_POINT ( 'NONE',  ( -27.60000000000004761, 54.23199373143538082, -0.9999999999999983347 ) ) ;
#4903 = CIRCLE ( 'NONE', #1178, 4.242640687119314968 ) ;
#4904 = CIRCLE ( 'NONE', #8998, 29.02871870788963449 ) ;
#4905 = ORIENTED_EDGE ( 'NONE', *, *, #5020, .T. ) ;
#4906 = EDGE_CURVE ( 'NONE', #8794, #7832, #3041, .T. ) ;
#4907 = ORIENTED_EDGE ( 'NONE', *, *, #2073, .T. ) ;
#4908 = LINE ( 'NONE', #8569, #10864 ) ;
#4909 = CARTESIAN_POINT ( 'NONE',  ( -27.59999999999998721, 17.83199373143543198, 7.500000000000000000 ) ) ;
#4910 = AXIS2_PLACEMENT_3D ( 'NONE', #6519, #1461, #11024 ) ;
#4911 = CARTESIAN_POINT ( 'NONE',  ( -34.09999999999998721, 110.4999999999999858, 3.037741699796952410 ) ) ;
#4912 = LINE ( 'NONE', #9233, #8816 ) ;
#4913 = AXIS2_PLACEMENT_3D ( 'NONE', #10977, #7407, #1068 ) ;
#4914 = CARTESIAN_POINT ( 'NONE',  ( -23.99999999999998934, 78.86271205119405181, 11.00343198033005798 ) ) ;
#4915 = DIRECTION ( 'NONE',  ( 1.000000000000000000, 0.000000000000000000, 0.000000000000000000 ) ) ;
#4916 = ORIENTED_EDGE ( 'NONE', *, *, #10753, .T. ) ;
#4917 = AXIS2_PLACEMENT_3D ( 'NONE', #10480, #3309, #1503 ) ;
#4918 = VECTOR ( 'NONE', #1310, 1000.000000000000000 ) ;
#4919 = EDGE_CURVE ( 'NONE', #11208, #4432, #6893, .T. ) ;
#4920 = CARTESIAN_POINT ( 'NONE',  ( 20.99999999999999645, 6.999999999999971578, -16.56992757980552966 ) ) ;
#4921 = AXIS2_PLACEMENT_3D ( 'NONE', #8699, #5393, #10633 ) ;
#4922 = CARTESIAN_POINT ( 'NONE',  ( -17.74766032130123250, -1.356498404452209927, 23.76683951646713311 ) ) ;
#4923 = ORIENTED_EDGE ( 'NONE', *, *, #2931, .F. ) ;
#4925 = DIRECTION ( 'NONE',  ( 0.000000000000000000, 0.000000000000000000, -1.000000000000000000 ) ) ;
#4924 = DIRECTION ( 'NONE',  ( 0.000000000000000000, 0.000000000000000000, 1.000000000000000000 ) ) ;
#4926 = DIRECTION ( 'NONE',  ( 1.000000000000000000, 0.000000000000000000, 0.000000000000000000 ) ) ;
#4927 = LINE ( 'NONE', #10996, #7567 ) ;
#4928 = ORIENTED_EDGE ( 'NONE', *, *, #4851, .T. ) ;
#4929 = DIRECTION ( 'NONE',  ( 0.000000000000000000, 0.000000000000000000, 1.000000000000000000 ) ) ;
#4930 = CARTESIAN_POINT ( 'NONE',  ( -23.99999999999998934, 88.19122569133402578, 10.40121630914669026 ) ) ;
#4931 = CARTESIAN_POINT ( 'NONE',  ( -9.385072420194470411, -5.000000000000002665, 24.50000000000000000 ) ) ;
#4932 = VECTOR ( 'NONE', #5989, 1000.000000000000114 ) ;
#4933 = ORIENTED_EDGE ( 'NONE', *, *, #326, .F. ) ;
#4934 = EDGE_CURVE ( 'NONE', #2100, #10781, #1922, .T. ) ;
#4935 = EDGE_CURVE ( 'NONE', #1521, #9630, #2980, .T. ) ;
#4936 = ORIENTED_EDGE ( 'NONE', *, *, #9829, .T. ) ;
#4937 = VECTOR ( 'NONE', #10966, 1000.000000000000000 ) ;
#4938 = ADVANCED_FACE ( 'NONE', ( #3691 ), #7814, .F. ) ;
#4939 = ORIENTED_EDGE ( 'NONE', *, *, #7034, .F. ) ;
#4940 = CIRCLE ( 'NONE', #7166, 1.600000000000000311 ) ;
#4941 = VERTEX_POINT ( 'NONE', #2047 ) ;
#4942 = FACE_BOUND ( 'NONE', #4265, .T. ) ;
#4943 = CARTESIAN_POINT ( 'NONE',  ( -15.49999999999999467, 8.000000000000000000, -17.10000000000000853 ) ) ;
#4944 = CARTESIAN_POINT ( 'NONE',  ( -20.99999999999999645, 22.99999999999999289, -13.99999999999999645 ) ) ;
#4945 = ORIENTED_EDGE ( 'NONE', *, *, #3140, .T. ) ;
#4946 = DIRECTION ( 'NONE',  ( 0.4383711467890782920, 0.8987940462991665935, 0.000000000000000000 ) ) ;
#4947 = DIRECTION ( 'NONE',  ( 1.000000000000000000, 0.000000000000000000, -1.652117596168388002E-16 ) ) ;
#4948 = VERTEX_POINT ( 'NONE', #3799 ) ;
#4949 = DIRECTION ( 'NONE',  ( -0.000000000000000000, -0.000000000000000000, -1.000000000000000000 ) ) ;
#4950 = CARTESIAN_POINT ( 'NONE',  ( -20.99999999999999289, 22.99999999999999289, 7.500000000000002665 ) ) ;
#4951 = DIRECTION ( 'NONE',  ( 1.000000000000000000, 0.000000000000000000, 0.000000000000000000 ) ) ;
#4952 = LINE ( 'NONE', #3839, #5750 ) ;
#4953 = EDGE_LOOP ( 'NONE', ( #5528, #6655, #2442, #3268 ) ) ;
#4954 = VECTOR ( 'NONE', #1101, 1000.000000000000000 ) ;
#4955 = VERTEX_POINT ( 'NONE', #10807 ) ;
#4956 = ADVANCED_FACE ( 'NONE', ( #9047 ), #2667, .T. ) ;
#4957 = ORIENTED_EDGE ( 'NONE', *, *, #5878, .F. ) ;
#4958 = CARTESIAN_POINT ( 'NONE',  ( -24.64217666525580341, 10.94523820855675567, 8.453266389565561312 ) ) ;
#4959 = DIRECTION ( 'NONE',  ( 0.000000000000000000, 0.000000000000000000, 1.000000000000000000 ) ) ;
#4960 = VECTOR ( 'NONE', #8703, 1000.000000000000000 ) ;
#4961 = CARTESIAN_POINT ( 'NONE',  ( 20.99999999999999645, 6.999999999999971578, 16.56992757980552966 ) ) ;
#4962 = CARTESIAN_POINT ( 'NONE',  ( -34.09999999999998721, 89.25000000000000000, -3.037741699796941308 ) ) ;
#4963 = DIRECTION ( 'NONE',  ( -0.000000000000000000, -0.000000000000000000, 1.000000000000000000 ) ) ;
#4964 = EDGE_CURVE ( 'NONE', #9734, #4307, #9186, .T. ) ;
#4965 = VECTOR ( 'NONE', #1551, 1000.000000000000000 ) ;
#4966 = AXIS2_PLACEMENT_3D ( 'NONE', #8614, #5013, #8560 ) ;
#4967 = CARTESIAN_POINT ( 'NONE',  ( -0.9999999999999947820, 51.31596721165377062, 15.60000000000000675 ) ) ;
#4968 = ORIENTED_EDGE ( 'NONE', *, *, #3293, .F. ) ;
#4969 = ORIENTED_EDGE ( 'NONE', *, *, #10536, .T. ) ;
#4970 = CARTESIAN_POINT ( 'NONE',  ( -27.60000000000004761, 54.23199373143538082, 13.99999999999999822 ) ) ;
#4971 = CARTESIAN_POINT ( 'NONE',  ( -34.16274169979693909, 89.25000000000000000, 1.375000000000001998 ) ) ;
#4972 = CARTESIAN_POINT ( 'NONE',  ( -30.02871870788960962, 88.61736382251127964, -11.99999999999999645 ) ) ;
#4973 = CARTESIAN_POINT ( 'NONE',  ( -19.21625304819414382, -0.1861336345161181682, 25.27027551240072967 ) ) ;
#4974 = DIRECTION ( 'NONE',  ( 0.000000000000000000, -1.000000000000000000, 2.973811673103097665E-16 ) ) ;
#4975 = EDGE_LOOP ( 'NONE', ( #7223, #4923, #7324, #7000 ) ) ;
#4976 = EDGE_CURVE ( 'NONE', #4027, #11022, #8988, .T. ) ;
#4977 = LINE ( 'NONE', #553, #6663 ) ;
#4978 = EDGE_LOOP ( 'NONE', ( #4227, #10104, #11178, #5604 ) ) ;
#4979 = CIRCLE ( 'NONE', #2364, 1.600000000000000089 ) ;
#4980 = FACE_OUTER_BOUND ( 'NONE', #8138, .T. ) ;
#4981 = VERTEX_POINT ( 'NONE', #142 ) ;
#4983 = DIRECTION ( 'NONE',  ( 1.000000000000000000, 0.000000000000000000, 0.000000000000000000 ) ) ;
#4982 = FACE_OUTER_BOUND ( 'NONE', #11356, .T. ) ;
#4984 = CARTESIAN_POINT ( 'NONE',  ( -43.99999999999998579, 88.61736382251127964, -84.74336439883576588 ) ) ;
#4985 = CARTESIAN_POINT ( 'NONE',  ( -23.99999999999998579, 84.69013533309194486, -2.497661816008006408 ) ) ;
#4986 = ORIENTED_EDGE ( 'NONE', *, *, #8151, .F. ) ;
#4987 = VECTOR ( 'NONE', #1217, 1000.000000000000227 ) ;
#4988 = VERTEX_POINT ( 'NONE', #6355 ) ;
#4989 = CARTESIAN_POINT ( 'NONE',  ( -42.39999999999999147, 112.7499999999999858, 7.004978607753963848E-15 ) ) ;
#4990 = EDGE_CURVE ( 'NONE', #855, #4060, #4617, .T. ) ;
#4991 = AXIS2_PLACEMENT_3D ( 'NONE', #3972, #8235, #255 ) ;
#4992 = VECTOR ( 'NONE', #5710, 1000.000000000000000 ) ;
#4993 = EDGE_CURVE ( 'NONE', #9467, #10573, #7287, .T. ) ;
#4994 = ORIENTED_EDGE ( 'NONE', *, *, #4964, .T. ) ;
#4995 = ORIENTED_EDGE ( 'NONE', *, *, #3379, .T. ) ;
#4996 = DIRECTION ( 'NONE',  ( -0.000000000000000000, -1.000000000000000000, -0.000000000000000000 ) ) ;
#4997 = DIRECTION ( 'NONE',  ( 1.000000000000000000, 0.000000000000000000, 0.000000000000000000 ) ) ;
#4998 = ORIENTED_EDGE ( 'NONE', *, *, #9892, .T. ) ;
#4999 = CARTESIAN_POINT ( 'NONE',  ( -30.35926487435035170, 70.96157479849918559, 19.09960922900318891 ) ) ;
#5000 = DIRECTION ( 'NONE',  ( -0.000000000000000000, -0.000000000000000000, -1.000000000000000000 ) ) ;
#5001 = CARTESIAN_POINT ( 'NONE',  ( -24.96396103067888106, 11.26702257397983331, 1.899177871200940837 ) ) ;
#5002 = CARTESIAN_POINT ( 'NONE',  ( -22.57999390491179525, 1.018792681136818423, 23.15070137909543391 ) ) ;
#5003 = CARTESIAN_POINT ( 'NONE',  ( -27.59999999999998721, 19.90306154330091104, -47.00000000000000000 ) ) ;
#5004 = EDGE_CURVE ( 'NONE', #2887, #9045, #718, .T. ) ;
#5005 = FACE_OUTER_BOUND ( 'NONE', #6870, .T. ) ;
#5006 = VECTOR ( 'NONE', #2182, 1000.000000000000000 ) ;
#5007 = EDGE_CURVE ( 'NONE', #2758, #9715, #9700, .T. ) ;
#5008 = EDGE_CURVE ( 'NONE', #8821, #10962, #3327, .T. ) ;
#5009 = ORIENTED_EDGE ( 'NONE', *, *, #8638, .T. ) ;
#5010 = VERTEX_POINT ( 'NONE', #5326 ) ;
#5011 = EDGE_CURVE ( 'NONE', #4405, #2966, #9644, .T. ) ;
#5012 = ORIENTED_EDGE ( 'NONE', *, *, #9103, .F. ) ;
#5013 = DIRECTION ( 'NONE',  ( 0.000000000000000000, 0.000000000000000000, 1.000000000000000000 ) ) ;
#5014 = AXIS2_PLACEMENT_3D ( 'NONE', #1870, #2687, #6251 ) ;
#5015 = LINE ( 'NONE', #7808, #7210 ) ;
#5016 = LINE ( 'NONE', #1284, #6026 ) ;
#5017 = CARTESIAN_POINT ( 'NONE',  ( -30.02871870788963804, 51.31596721165377062, -7.499999999999999112 ) ) ;
#5018 = DIRECTION ( 'NONE',  ( 0.000000000000000000, 0.000000000000000000, -1.000000000000000000 ) ) ;
#5019 = DIRECTION ( 'NONE',  ( -0.7071067811865477948, 0.000000000000000000, 0.7071067811865473507 ) ) ;
#5020 = EDGE_CURVE ( 'NONE', #573, #8673, #7757, .T. ) ;
#5021 = CARTESIAN_POINT ( 'NONE',  ( 16.21920158330858186, 8.000000000000000000, -19.99999999999997158 ) ) ;
#5022 = EDGE_CURVE ( 'NONE', #2966, #4534, #3423, .T. ) ;
#5023 = CIRCLE ( 'NONE', #9299, 1.975000000000000089 ) ;
#5024 = VECTOR ( 'NONE', #8097, 1000.000000000000000 ) ;
#5025 = EDGE_LOOP ( 'NONE', ( #4562, #4114, #4158, #8333 ) ) ;
#5026 = ORIENTED_EDGE ( 'NONE', *, *, #4103, .T. ) ;
#5027 = PLANE ( 'NONE',  #9565 ) ;
#5028 = DIRECTION ( 'NONE',  ( -0.000000000000000000, -1.000000000000000000, -1.927470528863117569E-16 ) ) ;
#5029 = DIRECTION ( 'NONE',  ( 0.000000000000000000, -0.000000000000000000, 1.000000000000000000 ) ) ;
#5030 = CARTESIAN_POINT ( 'NONE',  ( -18.58286142973086541, -0.5103586914107609562, 25.72459739774600962 ) ) ;
#5031 = DIRECTION ( 'NONE',  ( -1.379656123914496359E-15, 1.000000000000000000, -0.000000000000000000 ) ) ;
#5032 = ORIENTED_EDGE ( 'NONE', *, *, #11317, .T. ) ;
#5033 = FACE_OUTER_BOUND ( 'NONE', #2596, .T. ) ;
#5034 = EDGE_LOOP ( 'NONE', ( #4709, #6861, #11153, #2048 ) ) ;
#5035 = ADVANCED_FACE ( 'NONE', ( #5263 ), #6031, .F. ) ;
#5036 = PLANE ( 'NONE',  #7519 ) ;
#5037 = ADVANCED_FACE ( 'NONE', ( #1277 ), #8388, .T. ) ;
#5038 = ADVANCED_FACE ( 'NONE', ( #9609 ), #7565, .F. ) ;
#5039 = CARTESIAN_POINT ( 'NONE',  ( 12.13957035991635891, -1.824501811256295625, 24.07445808677040233 ) ) ;
#5040 = ORIENTED_EDGE ( 'NONE', *, *, #6914, .T. ) ;
#5042 = DIRECTION ( 'NONE',  ( -1.652117596168388002E-16, 0.000000000000000000, -1.000000000000000000 ) ) ;
#5041 = DIRECTION ( 'NONE',  ( 0.000000000000000000, -1.000000000000000000, 0.000000000000000000 ) ) ;
#5043 = CARTESIAN_POINT ( 'NONE',  ( -24.00000000000003908, 46.70306154330088333, 14.00000000000000178 ) ) ;
#5044 = ORIENTED_EDGE ( 'NONE', *, *, #767, .T. ) ;
#5045 = CARTESIAN_POINT ( 'NONE',  ( -18.33979841845487613, -0.6927567171383679501, 25.83547943190038154 ) ) ;
#5046 = VECTOR ( 'NONE', #652, 1000.000000000000114 ) ;
#5047 = ORIENTED_EDGE ( 'NONE', *, *, #7003, .F. ) ;
#5048 = ADVANCED_FACE ( 'NONE', ( #8328 ), #345, .T. ) ;
#5049 = EDGE_CURVE ( 'NONE', #2859, #6013, #11256, .T. ) ;
#5050 = VERTEX_POINT ( 'NONE', #10766 ) ;
#5051 = ORIENTED_EDGE ( 'NONE', *, *, #1096, .T. ) ;
#5052 = CARTESIAN_POINT ( 'NONE',  ( -32.49999999999998579, 91.50000000000000000, 5.545168646161524697E-15 ) ) ;
#5053 = CARTESIAN_POINT ( 'NONE',  ( -30.02871870788960962, 88.61736382251127964, 7.500000000000002665 ) ) ;
#5054 = ORIENTED_EDGE ( 'NONE', *, *, #8007, .T. ) ;
#5055 = CARTESIAN_POINT ( 'NONE',  ( -32.45779162047082878, 66.65895734927148908, 19.71550740233812604 ) ) ;
#5056 = CARTESIAN_POINT ( 'NONE',  ( -45.00000000000006395, 101.0000000000000000, -21.00000000000000000 ) ) ;
#5057 = CARTESIAN_POINT ( 'NONE',  ( -54.95715113960527987, 77.66021268290592161, -0.9999999999999983347 ) ) ;
#5058 = CARTESIAN_POINT ( 'NONE',  ( -20.99999999999998934, 22.99999999999999289, 19.99999999999983302 ) ) ;
#5059 = CARTESIAN_POINT ( 'NONE',  ( -22.69675081932301808, 0.05751735232125117919, 21.87883367949709523 ) ) ;
#5060 = CARTESIAN_POINT ( 'NONE',  ( -18.59999999999998366, 17.63098360465878756, 1.000000000000000888 ) ) ;
#5061 = FACE_OUTER_BOUND ( 'NONE', #792, .T. ) ;
#5062 = CARTESIAN_POINT ( 'NONE',  ( 34.00000000000000000, 100.9999999999999858, -5.839244431897545537E-15 ) ) ;
#5063 = ORIENTED_EDGE ( 'NONE', *, *, #4580, .F. ) ;
#5064 = EDGE_LOOP ( 'NONE', ( #2698, #402, #6470, #231 ) ) ;
#5065 = EDGE_CURVE ( 'NONE', #8686, #2319, #10708, .T. ) ;
#5066 = EDGE_LOOP ( 'NONE', ( #5325, #5984, #6664, #9853 ) ) ;
#5067 = PLANE ( 'NONE',  #4966 ) ;
#5068 = ADVANCED_FACE ( 'NONE', ( #3646 ), #4289, .F. ) ;
#5069 = CARTESIAN_POINT ( 'NONE',  ( -23.99999999999998224, 81.65359348504064485, -8.824388287343243320 ) ) ;
#5070 = DIRECTION ( 'NONE',  ( -0.7071067811865495711, -0.7071067811865454633, 0.000000000000000000 ) ) ;
#5071 = CARTESIAN_POINT ( 'NONE',  ( 11.56992757980552966, -37.00000000000000000, 27.00000000000000355 ) ) ;
#5072 = DIRECTION ( 'NONE',  ( 0.000000000000000000, 0.000000000000000000, -1.000000000000000000 ) ) ;
#5073 = DIRECTION ( 'NONE',  ( -0.4383711467890782920, -0.8987940462991665935, 0.000000000000000000 ) ) ;
#5074 = EDGE_CURVE ( 'NONE', #1653, #5328, #8893, .T. ) ;
#5075 = EDGE_LOOP ( 'NONE', ( #7051, #7133 ) ) ;
#5076 = AXIS2_PLACEMENT_3D ( 'NONE', #5211, #1528, #4446 ) ;
#5077 = CARTESIAN_POINT ( 'NONE',  ( -20.99999999999998934, 42.94570223042018142, -7.499999999999998224 ) ) ;
#5078 = VECTOR ( 'NONE', #1744, 1000.000000000000000 ) ;
#5079 = DIRECTION ( 'NONE',  ( -0.7071067811865495711, -0.7071067811865454633, 0.000000000000000000 ) ) ;
#5080 = ORIENTED_EDGE ( 'NONE', *, *, #2716, .F. ) ;
#5081 = VECTOR ( 'NONE', #2216, 1000.000000000000000 ) ;
#5083 = ORIENTED_EDGE ( 'NONE', *, *, #9446, .F. ) ;
#5082 = EDGE_CURVE ( 'NONE', #7569, #8938, #6872, .T. ) ;
#5084 = EDGE_CURVE ( 'NONE', #2967, #7731, #5355, .T. ) ;
#5085 = CARTESIAN_POINT ( 'NONE',  ( -26.13553390593274273, 30.63859544923362677, -0.9999999999999983347 ) ) ;
#5086 = CARTESIAN_POINT ( 'NONE',  ( -37.00000000000015632, 22.99999999999999289, 21.00000000000000000 ) ) ;
#5087 = DIRECTION ( 'NONE',  ( 0.000000000000000000, 1.000000000000000000, -0.000000000000000000 ) ) ;
#5088 = EDGE_CURVE ( 'NONE', #2444, #5698, #5480, .T. ) ;
#5089 = CARTESIAN_POINT ( 'NONE',  ( -17.72296090347886377, -0.1097295442062703880, 26.86444971311341590 ) ) ;
#5090 = DIRECTION ( 'NONE',  ( 1.000000000000000000, 0.000000000000000000, 0.000000000000000000 ) ) ;
#5091 = EDGE_LOOP ( 'NONE', ( #1421, #4601, #2825, #2945 ) ) ;
#5092 = DIRECTION ( 'NONE',  ( 0.000000000000000000, 1.000000000000000000, 0.000000000000000000 ) ) ;
#5093 = AXIS2_PLACEMENT_3D ( 'NONE', #4207, #1762, #898 ) ;
#5094 = CARTESIAN_POINT ( 'NONE',  ( -19.93032351822160564, -0.01788531001718025870, 24.40045012732789687 ) ) ;
#5095 = B_SPLINE_CURVE_WITH_KNOTS ( 'NONE', 3,
 ( #6245, #2737, #7278, #8930 ),
 .UNSPECIFIED., .F., .F.,
 ( 4, 4 ),
 ( 0.000000000000000000, 0.001374740175555841295 ),
 .UNSPECIFIED. ) ;
#5096 = DIRECTION ( 'NONE',  ( -0.000000000000000000, 1.000000000000000000, -0.000000000000000000 ) ) ;
#5097 = VECTOR ( 'NONE', #9694, 1000.000000000000114 ) ;
#5098 = CARTESIAN_POINT ( 'NONE',  ( -24.88880439122207733, 82.67240931029863305, -18.51208016048995120 ) ) ;
#5099 = EDGE_LOOP ( 'NONE', ( #3397, #294, #11445, #9995 ) ) ;
#5100 = AXIS2_PLACEMENT_3D ( 'NONE', #2027, #3946, #5709 ) ;
#5102 = PLANE ( 'NONE',  #8495 ) ;
#5101 = CARTESIAN_POINT ( 'NONE',  ( -32.49999999999998579, 100.9999999999999858, 3.743037625879104828E-15 ) ) ;
#5103 = CARTESIAN_POINT ( 'NONE',  ( -27.09083954634443359, 64.04131992144891683, -13.99999999999999645 ) ) ;
#5104 = CARTESIAN_POINT ( 'NONE',  ( -24.96396103067888106, 11.26702257397983331, -4.600822128799060273 ) ) ;
#5105 = CARTESIAN_POINT ( 'NONE',  ( -24.00000000000000000, 28.50306154330090536, -47.00000000000000000 ) ) ;
#5106 = ADVANCED_FACE ( 'NONE', ( #6319 ), #6763, .F. ) ;
#5107 = CIRCLE ( 'NONE', #4729, 1.700000000000000178 ) ;
#5108 =( GEOMETRIC_REPRESENTATION_CONTEXT ( 3 ) GLOBAL_UNCERTAINTY_ASSIGNED_CONTEXT ( ( #5619 ) ) GLOBAL_UNIT_ASSIGNED_CONTEXT ( ( #8704, #619, #10529 ) ) REPRESENTATION_CONTEXT ( 'NONE', 'WORKASPACE' ) );
#5109 = LINE ( 'NONE', #7966, #1667 ) ;
#5110 = DIRECTION ( 'NONE',  ( 0.000000000000000000, -0.000000000000000000, -1.000000000000000000 ) ) ;
#5111 = EDGE_CURVE ( 'NONE', #5151, #6475, #920, .T. ) ;
#5112 = VERTEX_POINT ( 'NONE', #100 ) ;
#5113 = ORIENTED_EDGE ( 'NONE', *, *, #5389, .T. ) ;
#5114 = LINE ( 'NONE', #6104, #4965 ) ;
#5115 = CARTESIAN_POINT ( 'NONE',  ( -32.49999999999998579, 100.9999999999999858, 16.50000000000000355 ) ) ;
#5116 = AXIS2_PLACEMENT_3D ( 'NONE', #797, #7010, #10589 ) ;
#5117 = VERTEX_POINT ( 'NONE', #803 ) ;
#5118 = AXIS2_PLACEMENT_3D ( 'NONE', #6159, #4419, #9790 ) ;
#5119 = PLANE ( 'NONE',  #6782 ) ;
#5120 = CARTESIAN_POINT ( 'NONE',  ( -30.02871870788963804, 51.31596721165376351, -7.499999999999999112 ) ) ;
#5121 = ORIENTED_EDGE ( 'NONE', *, *, #1516, .T. ) ;
#5122 = DIRECTION ( 'NONE',  ( 0.000000000000000000, 1.000000000000000000, 0.000000000000000000 ) ) ;
#5123 = CARTESIAN_POINT ( 'NONE',  ( -16.56488701147627651, 8.000000000000000000, 22.00000000000000355 ) ) ;
#5124 = FACE_OUTER_BOUND ( 'NONE', #10092, .T. ) ;
#5125 = B_SPLINE_CURVE_WITH_KNOTS ( 'NONE', 3,
 ( #11053, #9482, #1257, #3173 ),
 .UNSPECIFIED., .F., .F.,
 ( 4, 4 ),
 ( 0.000000000000000000, 1.000000000000000000 ),
 .UNSPECIFIED. ) ;
#5126 = EDGE_CURVE ( 'NONE', #4312, #1627, #1760, .T. ) ;
#5127 = CARTESIAN_POINT ( 'NONE',  ( -23.99999999999998934, 80.41219427505274098, -10.82142794704503608 ) ) ;
#5128 = LINE ( 'NONE', #4192, #4051 ) ;
#5129 = VERTEX_POINT ( 'NONE', #6957 ) ;
#5130 = VERTEX_POINT ( 'NONE', #10538 ) ;
#5131 = AXIS2_PLACEMENT_3D ( 'NONE', #4792, #5743, #5679 ) ;
#5132 = ORIENTED_EDGE ( 'NONE', *, *, #8777, .T. ) ;
#5133 = FACE_OUTER_BOUND ( 'NONE', #661, .T. ) ;
#5134 = B_SPLINE_CURVE_WITH_KNOTS ( 'NONE', 3,
 ( #10416, #4347, #1730, #8776 ),
 .UNSPECIFIED., .F., .F.,
 ( 4, 4 ),
 ( 0.000000000000000000, 0.001457054811809979861 ),
 .UNSPECIFIED. ) ;
#5135 = LINE ( 'NONE', #3262, #7137 ) ;
#5136 = LINE ( 'NONE', #11324, #9899 ) ;
#5137 = TOROIDAL_SURFACE ( 'NONE', #285, 3.499999999999999112, 1.600000000000000089 ) ;
#5138 = CARTESIAN_POINT ( 'NONE',  ( 16.56992757980552966, -37.49945344790946677, 26.00000000000001776 ) ) ;
#5139 = CARTESIAN_POINT ( 'NONE',  ( -36.00000000000000000, 122.0000000000000000, -2.599999999999994760 ) ) ;
#5140 = CARTESIAN_POINT ( 'NONE',  ( -22.59999999999998366, 17.83199373143543198, -47.00000000000000000 ) ) ;
#5141 = EDGE_LOOP ( 'NONE', ( #6733, #10269, #3326, #4182 ) ) ;
#5142 = ORIENTED_EDGE ( 'NONE', *, *, #8356, .F. ) ;
#5143 = CARTESIAN_POINT ( 'NONE',  ( -24.00000000000003908, 46.70306154330088333, -11.99999999999999645 ) ) ;
#5144 = ORIENTED_EDGE ( 'NONE', *, *, #10281, .F. ) ;
#5145 = AXIS2_PLACEMENT_3D ( 'NONE', #4177, #6101, #5294 ) ;
#5146 = ORIENTED_EDGE ( 'NONE', *, *, #7343, .T. ) ;
#5147 = CARTESIAN_POINT ( 'NONE',  ( -23.99999999999998934, 83.99999999999998579, -9.099999999999997868 ) ) ;
#5148 = CARTESIAN_POINT ( 'NONE',  ( -24.00456142979123797, 88.19023809745083042, -10.40000000000000568 ) ) ;
#5149 = CARTESIAN_POINT ( 'NONE',  ( -19.09126436139489869, -0.2355631185390524296, 25.38154744455881939 ) ) ;
#5150 = LINE ( 'NONE', #11457, #2830 ) ;
#5151 = VERTEX_POINT ( 'NONE', #3583 ) ;
#5152 = CARTESIAN_POINT ( 'NONE',  ( -23.99999999999998934, 88.61736382251127964, -18.49999999999993605 ) ) ;
#5153 = AXIS2_PLACEMENT_3D ( 'NONE', #2305, #513, #3939 ) ;
#5154 = CIRCLE ( 'NONE', #1609, 9.028718707889645145 ) ;
#5155 = ADVANCED_FACE ( 'NONE', ( #7139 ), #2532, .F. ) ;
#5156 = CARTESIAN_POINT ( 'NONE',  ( -19.91833989306482167, -0.01922020054289919760, 24.41642800004316882 ) ) ;
#5157 = AXIS2_PLACEMENT_3D ( 'NONE', #2446, #8626, #662 ) ;
#5158 = CARTESIAN_POINT ( 'NONE',  ( -3.469446951953614189E-15, 8.000000000000000000, 0.000000000000000000 ) ) ;
#5159 = CARTESIAN_POINT ( 'NONE',  ( 34.00000000000000000, 89.25000000000000000, -5.617199826972519751E-15 ) ) ;
#5160 = ORIENTED_EDGE ( 'NONE', *, *, #11373, .F. ) ;
#5161 = AXIS2_PLACEMENT_3D ( 'NONE', #5808, #8306, #11110 ) ;
#5162 = EDGE_CURVE ( 'NONE', #10147, #1679, #8824, .T. ) ;
#5164 = DIRECTION ( 'NONE',  ( 0.000000000000000000, 0.000000000000000000, 1.000000000000000000 ) ) ;
#5163 = CYLINDRICAL_SURFACE ( 'NONE', #9937, 5.000000000000000888 ) ;
#5165 = DIRECTION ( 'NONE',  ( 0.000000000000000000, 0.000000000000000000, 1.000000000000000000 ) ) ;
#5166 = CARTESIAN_POINT ( 'NONE',  ( 11.56992757980552788, -5.000000000000000000, 24.50000000000000000 ) ) ;
#5167 = VERTEX_POINT ( 'NONE', #7905 ) ;
#5168 = VERTEX_POINT ( 'NONE', #4465 ) ;
#5169 = CARTESIAN_POINT ( 'NONE',  ( -23.99999999999998579, 23.50306154330088759, 5.500000000000002665 ) ) ;
#5170 = EDGE_CURVE ( 'NONE', #9561, #5473, #8262, .T. ) ;
#5171 = DIRECTION ( 'NONE',  ( 1.734723475976807489E-15, -1.000000000000000000, 0.000000000000000000 ) ) ;
#5172 = ORIENTED_EDGE ( 'NONE', *, *, #53, .T. ) ;
#5173 = CARTESIAN_POINT ( 'NONE',  ( -27.56135765566533280, 16.79787558810387438, 5.500000000000005329 ) ) ;
#5174 = CIRCLE ( 'NONE', #4407, 15.00000000000000000 ) ;
#5175 = ORIENTED_EDGE ( 'NONE', *, *, #4721, .T. ) ;
#5176 = ORIENTED_EDGE ( 'NONE', *, *, #4711, .T. ) ;
#5177 = CARTESIAN_POINT ( 'NONE',  ( -32.96862915010149919, 112.7499999999999858, 1.906370849898483710 ) ) ;
#5178 = CARTESIAN_POINT ( 'NONE',  ( -23.99999999999998224, 78.86271205119403760, -4.503431980330073969 ) ) ;
#5179 = VECTOR ( 'NONE', #1006, 1000.000000000000000 ) ;
#5180 = ORIENTED_EDGE ( 'NONE', *, *, #6640, .F. ) ;
#5181 = CARTESIAN_POINT ( 'NONE',  ( -20.99999999999999645, 22.99999999999999289, -21.00000000000000000 ) ) ;
#5182 = LINE ( 'NONE', #4297, #10523 ) ;
#5183 = CARTESIAN_POINT ( 'NONE',  ( -26.02411907401664592, 79.84994088672972623, 15.60000000000000320 ) ) ;
#5184 = ORIENTED_EDGE ( 'NONE', *, *, #2874, .F. ) ;
#5185 = DIRECTION ( 'NONE',  ( 1.000000000000000000, -0.000000000000000000, -1.652117596168387756E-16 ) ) ;
#5186 = CARTESIAN_POINT ( 'NONE',  ( -26.74514221654599311, 0.6683736948110793330, 20.23379159367006963 ) ) ;
#5187 = FACE_OUTER_BOUND ( 'NONE', #7543, .T. ) ;
#5188 = DIRECTION ( 'NONE',  ( -0.000000000000000000, -0.000000000000000000, -1.000000000000000000 ) ) ;
#5189 = VECTOR ( 'NONE', #7677, 1000.000000000000000 ) ;
#5190 = ORIENTED_EDGE ( 'NONE', *, *, #9366, .F. ) ;
#5191 = ORIENTED_EDGE ( 'NONE', *, *, #9980, .T. ) ;
#5192 = AXIS2_PLACEMENT_3D ( 'NONE', #10945, #2013, #9183 ) ;
#5193 = ORIENTED_EDGE ( 'NONE', *, *, #10795, .F. ) ;
#5194 = CARTESIAN_POINT ( 'NONE',  ( -19.65657305353987994, -0.06038762863886824872, 24.76545239038672008 ) ) ;
#5195 = ORIENTED_EDGE ( 'NONE', *, *, #4331, .T. ) ;
#5196 = EDGE_CURVE ( 'NONE', #11411, #4312, #11473, .T. ) ;
#5197 = ADVANCED_FACE ( 'NONE', ( #9726 ), #6205, .T. ) ;
#5198 = ORIENTED_EDGE ( 'NONE', *, *, #8738, .T. ) ;
#5199 = CARTESIAN_POINT ( 'NONE',  ( -24.95030018390035309, 0.3134359005088461214, 20.74591333757922840 ) ) ;
#5200 = CARTESIAN_POINT ( 'NONE',  ( -24.00000000000002487, 41.70306154330087622, -13.99999999999999645 ) ) ;
#5201 = CIRCLE ( 'NONE', #1468, 1.699999999999999289 ) ;
#5202 = PLANE ( 'NONE',  #8742 ) ;
#5203 = CYLINDRICAL_SURFACE ( 'NONE', #8682, 1.374999999999997113 ) ;
#5204 = ORIENTED_EDGE ( 'NONE', *, *, #9829, .F. ) ;
#5205 = VERTEX_POINT ( 'NONE', #8834 ) ;
#5206 = VECTOR ( 'NONE', #10217, 999.9999999999998863 ) ;
#5207 = EDGE_LOOP ( 'NONE', ( #10097, #3825, #1717, #10911 ) ) ;
#5208 = DIRECTION ( 'NONE',  ( 1.652117596168388002E-16, -0.000000000000000000, 1.000000000000000000 ) ) ;
#5209 = LINE ( 'NONE', #6131, #9170 ) ;
#5210 = CARTESIAN_POINT ( 'NONE',  ( -16.99761971378717007, -0.8086645392696450996, 26.98123904348614133 ) ) ;
#5211 = CARTESIAN_POINT ( 'NONE',  ( -3.469446951953614189E-15, 8.000000000000000000, 0.000000000000000000 ) ) ;
#5212 = CARTESIAN_POINT ( 'NONE',  ( -20.03967647608869385, 1.998845573046487313E-05, 24.25464654792709496 ) ) ;
#5213 = VERTEX_POINT ( 'NONE', #7078 ) ;
#5214 = CARTESIAN_POINT ( 'NONE',  ( -27.42013958249779293, 15.76771940676519002, 1.169602718417720233 ) ) ;
#5215 = AXIS2_PLACEMENT_3D ( 'NONE', #714, #8042, #8970 ) ;
#5216 = EDGE_CURVE ( 'NONE', #1844, #11090, #9576, .T. ) ;
#5217 = CIRCLE ( 'NONE', #4466, 1.975000000000000089 ) ;
#5218 = ORIENTED_EDGE ( 'NONE', *, *, #10858, .T. ) ;
#5219 = DIRECTION ( 'NONE',  ( -1.000000000000000000, -4.361590453884543439E-15, 1.982541115402065356E-16 ) ) ;
#5220 = CARTESIAN_POINT ( 'NONE',  ( -35.73499348497428940, 101.0000000000000568, 20.88751140824010477 ) ) ;
#5221 = ORIENTED_EDGE ( 'NONE', *, *, #3724, .F. ) ;
#5222 = CIRCLE ( 'NONE', #181, 1.899999999999999467 ) ;
#5223 = CARTESIAN_POINT ( 'NONE',  ( -11.57043504246588483, -2.285159094736048502, 24.34006316065066855 ) ) ;
#5224 = DIRECTION ( 'NONE',  ( -1.000000000000000000, 0.000000000000000000, 1.652117596168387756E-16 ) ) ;
#5225 = EDGE_CURVE ( 'NONE', #2484, #508, #3702, .T. ) ;
#5226 = DIRECTION ( 'NONE',  ( 5.766135945856683012E-32, 1.000000000000000000, 1.927470528863117569E-16 ) ) ;
#5227 = VERTEX_POINT ( 'NONE', #9172 ) ;
#5228 = DIRECTION ( 'NONE',  ( -0.000000000000000000, 0.000000000000000000, -1.000000000000000000 ) ) ;
#5229 = EDGE_CURVE ( 'NONE', #6308, #2544, #2947, .T. ) ;
#5230 = DIRECTION ( 'NONE',  ( 0.000000000000000000, -1.000000000000000000, 4.362397631828279495E-15 ) ) ;
#5231 = DIRECTION ( 'NONE',  ( 1.000000000000000000, 0.000000000000000000, 0.000000000000000000 ) ) ;
#5232 = PLANE ( 'NONE',  #10235 ) ;
#5233 = CARTESIAN_POINT ( 'NONE',  ( -20.99999999999998934, 24.74570223042017503, -13.99999999999999645 ) ) ;
#5234 = ORIENTED_EDGE ( 'NONE', *, *, #6309, .F. ) ;
#5235 = EDGE_CURVE ( 'NONE', #5337, #10595, #3235, .T. ) ;
#5236 = ADVANCED_FACE ( 'NONE', ( #204 ), #5461, .F. ) ;
#5237 = CARTESIAN_POINT ( 'NONE',  ( -3.469446951953614189E-15, 6.999999999999978684, 0.000000000000000000 ) ) ;
#5238 = CARTESIAN_POINT ( 'NONE',  ( -54.95715113960527987, 77.66021268290592161, -7.499999999999999112 ) ) ;
#5239 = VERTEX_POINT ( 'NONE', #1248 ) ;
#5240 = EDGE_CURVE ( 'NONE', #7871, #4395, #1081, .T. ) ;
#5241 = CARTESIAN_POINT ( 'NONE',  ( -27.60000000000001208, 36.03199373143541351, 14.00000000000000178 ) ) ;
#5242 = CARTESIAN_POINT ( 'NONE',  ( -32.45779162047082878, 66.65895734927150329, 15.60000000000000320 ) ) ;
#5243 = LINE ( 'NONE', #5120, #9854 ) ;
#5244 = ORIENTED_EDGE ( 'NONE', *, *, #2293, .F. ) ;
#5245 = CARTESIAN_POINT ( 'NONE',  ( -22.59999999999998366, 17.83199373143543198, -47.00000000000000000 ) ) ;
#5246 = CARTESIAN_POINT ( 'NONE',  ( -27.09083954634442648, 64.04131992144890262, 5.500000000000002665 ) ) ;
#5247 = DIRECTION ( 'NONE',  ( -0.000000000000000000, -0.000000000000000000, -1.000000000000000000 ) ) ;
#5248 = ORIENTED_EDGE ( 'NONE', *, *, #4216, .T. ) ;
#5249 = VERTEX_POINT ( 'NONE', #1885 ) ;
#5250 = ORIENTED_EDGE ( 'NONE', *, *, #10339, .T. ) ;
#5251 = AXIS2_PLACEMENT_3D ( 'NONE', #7987, #5483, #8205 ) ;
#5252 = ORIENTED_EDGE ( 'NONE', *, *, #949, .F. ) ;
#5253 = AXIS2_PLACEMENT_3D ( 'NONE', #559, #9355, #4105 ) ;
#5254 = CARTESIAN_POINT ( 'NONE',  ( -26.56292128453100432, 1.601265789473056200, 21.24708277773410003 ) ) ;
#5255 = VERTEX_POINT ( 'NONE', #10818 ) ;
#5256 = LINE ( 'NONE', #7930, #5097 ) ;
#5257 = DIRECTION ( 'NONE',  ( 1.355252715606877091E-16, 0.000000000000000000, 1.000000000000000000 ) ) ;
#5258 = CARTESIAN_POINT ( 'NONE',  ( -22.60000000000000853, 34.17412935516637162, -47.00000000000000000 ) ) ;
#5259 = CARTESIAN_POINT ( 'NONE',  ( -24.00000000000000000, 100.9999999999998295, -48.53342357274357255 ) ) ;
#5260 = ORIENTED_EDGE ( 'NONE', *, *, #2783, .T. ) ;
#5261 = CIRCLE ( 'NONE', #217, 1.899999999999999467 ) ;
#5262 = VERTEX_POINT ( 'NONE', #4628 ) ;
#5263 = FACE_OUTER_BOUND ( 'NONE', #4286, .T. ) ;
#5264 = VERTEX_POINT ( 'NONE', #1195 ) ;
#5265 = AXIS2_PLACEMENT_3D ( 'NONE', #1244, #6708, #607 ) ;
#5266 = VERTEX_POINT ( 'NONE', #3755 ) ;
#5267 = LINE ( 'NONE', #723, #3092 ) ;
#5268 = CARTESIAN_POINT ( 'NONE',  ( -20.99999999999999289, 27.26042085618161082, -7.499999999999998224 ) ) ;
#5269 = FACE_OUTER_BOUND ( 'NONE', #1801, .T. ) ;
#5270 = DIRECTION ( 'NONE',  ( -1.000000000000000000, 0.000000000000000000, 1.652117596168387756E-16 ) ) ;
#5271 = ORIENTED_EDGE ( 'NONE', *, *, #4143, .T. ) ;
#5272 = CARTESIAN_POINT ( 'NONE',  ( -32.49999999999998579, 89.25000000000000000, 5.131850351449291994E-15 ) ) ;
#5273 = CONICAL_SURFACE ( 'NONE', #232, 26.75000000000000000, 0.7853981633974482790 ) ;
#5274 = ADVANCED_FACE ( 'NONE', ( #5687 ), #1029, .T. ) ;
#5275 = ORIENTED_EDGE ( 'NONE', *, *, #10937, .T. ) ;
#5276 = AXIS2_PLACEMENT_3D ( 'NONE', #8062, #309, #9884 ) ;
#5277 = DIRECTION ( 'NONE',  ( 0.000000000000000000, 1.000000000000000000, -0.000000000000000000 ) ) ;
#5278 = DIRECTION ( 'NONE',  ( 0.000000000000000000, 0.000000000000000000, 1.000000000000000000 ) ) ;
#5279 = ORIENTED_EDGE ( 'NONE', *, *, #8123, .F. ) ;
#5280 = DIRECTION ( 'NONE',  ( 1.000000000000000000, 1.387778780781445478E-15, 0.000000000000000000 ) ) ;
#5281 = CARTESIAN_POINT ( 'NONE',  ( -24.62665151369549577, 8.444109629113926374, 20.71663150366772754 ) ) ;
#5282 = DIRECTION ( 'NONE',  ( 0.000000000000000000, 0.000000000000000000, 1.000000000000000000 ) ) ;
#5283 = CARTESIAN_POINT ( 'NONE',  ( -54.95715113960527987, 77.66021268290592161, -11.99999999999999645 ) ) ;
#5284 = CARTESIAN_POINT ( 'NONE',  ( -8.851745900624379715, -1.750000000000002887, 24.03108891324553653 ) ) ;
#5285 = ORIENTED_EDGE ( 'NONE', *, *, #9730, .F. ) ;
#5286 = CIRCLE ( 'NONE', #4533, 9.999999999999998224 ) ;
#5287 = CARTESIAN_POINT ( 'NONE',  ( -23.99999999999998579, 70.37848011702413942, -7.499999999999999112 ) ) ;
#5288 = EDGE_CURVE ( 'NONE', #751, #1773, #9850, .T. ) ;
#5289 = AXIS2_PLACEMENT_3D ( 'NONE', #8040, #5482, #9025 ) ;
#5290 = ADVANCED_FACE ( 'NONE', ( #7472 ), #271, .T. ) ;
#5291 = DIRECTION ( 'NONE',  ( 4.319837007227158624E-17, 1.000000000000000000, 0.000000000000000000 ) ) ;
#5292 = CARTESIAN_POINT ( 'NONE',  ( -36.00000000000000000, 122.0000000000000000, -20.99999999999999645 ) ) ;
#5293 = ORIENTED_EDGE ( 'NONE', *, *, #375, .T. ) ;
#5294 = DIRECTION ( 'NONE',  ( 0.000000000000000000, 0.000000000000000000, -1.000000000000000000 ) ) ;
#5295 = CARTESIAN_POINT ( 'NONE',  ( -23.99999999999998934, 83.99999999999998579, -84.74336439883576588 ) ) ;
#5296 = LINE ( 'NONE', #9733, #480 ) ;
#5297 = EDGE_LOOP ( 'NONE', ( #5422, #198, #552, #10375 ) ) ;
#5298 = CARTESIAN_POINT ( 'NONE',  ( 15.50000000000000355, 8.000000000000000000, -15.49999999999999467 ) ) ;
#5299 = CIRCLE ( 'NONE', #11062, 29.02871870788959896 ) ;
#5300 = FACE_OUTER_BOUND ( 'NONE', #1239, .T. ) ;
#5301 = LINE ( 'NONE', #8844, #538 ) ;
#5302 = VECTOR ( 'NONE', #7192, 1000.000000000000000 ) ;
#5303 = VERTEX_POINT ( 'NONE', #3872 ) ;
#5304 = CYLINDRICAL_SURFACE ( 'NONE', #837, 5.000000000000000888 ) ;
#5305 = CARTESIAN_POINT ( 'NONE',  ( -26.31883930145976080, 7.825223501284976457, 21.30677022760804817 ) ) ;
#5306 = AXIS2_PLACEMENT_3D ( 'NONE', #5406, #975, #1841 ) ;
#5307 = DIRECTION ( 'NONE',  ( -0.7071067811865495711, -0.7071067811865454633, 0.000000000000000000 ) ) ;
#5308 = ORIENTED_EDGE ( 'NONE', *, *, #11474, .F. ) ;
#5309 = EDGE_CURVE ( 'NONE', #10598, #6048, #2491, .T. ) ;
#5310 = VERTEX_POINT ( 'NONE', #1946 ) ;
#5311 = EDGE_CURVE ( 'NONE', #10401, #6968, #153, .T. ) ;
#5312 = AXIS2_PLACEMENT_3D ( 'NONE', #499, #10289, #380 ) ;
#5313 = ORIENTED_EDGE ( 'NONE', *, *, #5162, .F. ) ;
#5314 = ORIENTED_EDGE ( 'NONE', *, *, #919, .T. ) ;
#5315 = VECTOR ( 'NONE', #8469, 1000.000000000000114 ) ;
#5316 = CARTESIAN_POINT ( 'NONE',  ( -24.36879577865870417, 1.179016962435134541, 22.02391260134745465 ) ) ;
#5317 = EDGE_CURVE ( 'NONE', #448, #4102, #10990, .T. ) ;
#5318 = ORIENTED_EDGE ( 'NONE', *, *, #11366, .T. ) ;
#5319 = FACE_OUTER_BOUND ( 'NONE', #5658, .T. ) ;
#5320 = LINE ( 'NONE', #3777, #2802 ) ;
#5321 = FACE_OUTER_BOUND ( 'NONE', #2732, .T. ) ;
#5322 = ORIENTED_EDGE ( 'NONE', *, *, #10679, .F. ) ;
#5323 = AXIS2_PLACEMENT_3D ( 'NONE', #8490, #9549, #11184 ) ;
#5324 = EDGE_CURVE ( 'NONE', #7201, #2822, #9117, .T. ) ;
#5325 = ORIENTED_EDGE ( 'NONE', *, *, #887, .T. ) ;
#5326 = CARTESIAN_POINT ( 'NONE',  ( -32.96862915010149919, 110.4999999999999858, -1.906370849898473052 ) ) ;
#5327 = ORIENTED_EDGE ( 'NONE', *, *, #1805, .T. ) ;
#5328 = VERTEX_POINT ( 'NONE', #4681 ) ;
#5329 = CIRCLE ( 'NONE', #1400, 4.242640687119280329 ) ;
#5330 = DIRECTION ( 'NONE',  ( -0.000000000000000000, -0.000000000000000000, -1.000000000000000000 ) ) ;
#5331 = DIRECTION ( 'NONE',  ( 0.7071067811865429098, 0.000000000000000000, -0.7071067811865522357 ) ) ;
#5332 = AXIS2_PLACEMENT_3D ( 'NONE', #7646, #5087, #3334 ) ;
#5333 = EDGE_CURVE ( 'NONE', #3948, #5401, #8240, .T. ) ;
#5334 = DIRECTION ( 'NONE',  ( -0.2326250168069752822, 0.1134588016124433441, 0.9659258262890700886 ) ) ;
#5335 = CARTESIAN_POINT ( 'NONE',  ( 15.50000000000000355, 0.000000000000000000, -15.49999999999999467 ) ) ;
#5336 = CARTESIAN_POINT ( 'NONE',  ( -20.25742176523011295, 8.673617379884035472E-16, 23.96431949573855036 ) ) ;
#5337 = VERTEX_POINT ( 'NONE', #6487 ) ;
#5338 = CARTESIAN_POINT ( 'NONE',  ( -30.02871870788957764, 51.31596721165377062, 14.00000000000000178 ) ) ;
#5339 = ORIENTED_EDGE ( 'NONE', *, *, #8103, .T. ) ;
#5340 = VECTOR ( 'NONE', #6118, 1000.000000000000000 ) ;
#5341 = VECTOR ( 'NONE', #9433, 1000.000000000000000 ) ;
#5342 = CARTESIAN_POINT ( 'NONE',  ( -27.59999999999998721, 13.90306154330091282, -47.00000000000000000 ) ) ;
#5343 = DIRECTION ( 'NONE',  ( 0.000000000000000000, 0.000000000000000000, 1.000000000000000000 ) ) ;
#5344 = ORIENTED_EDGE ( 'NONE', *, *, #3523, .T. ) ;
#5345 = CARTESIAN_POINT ( 'NONE',  ( -24.00000000000003908, 46.70306154330088333, 12.00000000000000178 ) ) ;
#5346 = CARTESIAN_POINT ( 'NONE',  ( -3.469446951953614189E-15, 0.000000000000000000, 0.000000000000000000 ) ) ;
#5347 = DIRECTION ( 'NONE',  ( 1.000000000000000000, 0.000000000000000000, 0.000000000000000000 ) ) ;
#5348 = EDGE_CURVE ( 'NONE', #7144, #3675, #1785, .T. ) ;
#5349 = EDGE_CURVE ( 'NONE', #4535, #6836, #6230, .T. ) ;
#5350 = DIRECTION ( 'NONE',  ( -0.000000000000000000, -0.000000000000000000, 1.000000000000000000 ) ) ;
#5351 = VERTEX_POINT ( 'NONE', #4857 ) ;
#5352 = DIRECTION ( 'NONE',  ( -0.000000000000000000, -0.000000000000000000, 1.000000000000000000 ) ) ;
#5353 = ORIENTED_EDGE ( 'NONE', *, *, #8141, .F. ) ;
#5354 = CARTESIAN_POINT ( 'NONE',  ( -20.49312402562561175, 0.3333333333333363679, 24.20002175613404560 ) ) ;
#5355 = LINE ( 'NONE', #9838, #3976 ) ;
#5356 = CARTESIAN_POINT ( 'NONE',  ( -33.49999999999997158, 112.7499999999999858, 5.534593947164094693E-15 ) ) ;
#5357 = AXIS2_PLACEMENT_3D ( 'NONE', #6014, #6994, #9583 ) ;
#5358 = ORIENTED_EDGE ( 'NONE', *, *, #9725, .F. ) ;
#5359 = ORIENTED_EDGE ( 'NONE', *, *, #2045, .F. ) ;
#5360 = DIRECTION ( 'NONE',  ( 0.000000000000000000, 0.000000000000000000, 1.000000000000000000 ) ) ;
#5361 = VERTEX_POINT ( 'NONE', #8641 ) ;
#5362 = CYLINDRICAL_SURFACE ( 'NONE', #10891, 1.600000000000007638 ) ;
#5363 = CARTESIAN_POINT ( 'NONE',  ( -23.99999999999997158, 10.30306154330093094, 4.423427616617237490 ) ) ;
#5364 = EDGE_LOOP ( 'NONE', ( #6178, #10079, #5180 ) ) ;
#5365 = CARTESIAN_POINT ( 'NONE',  ( 0.000000000000000000, -3.500000000000000000, 24.50000000000000000 ) ) ;
#5366 = DIRECTION ( 'NONE',  ( -0.7071067811865474617, -0.7071067811865474617, 0.000000000000000000 ) ) ;
#5367 = VERTEX_POINT ( 'NONE', #11221 ) ;
#5368 = ORIENTED_EDGE ( 'NONE', *, *, #1194, .T. ) ;
#5369 = VERTEX_POINT ( 'NONE', #7708 ) ;
#5370 = CARTESIAN_POINT ( 'NONE',  ( -22.16561135359183510, 8.468672896892815771, 8.986925745955431921 ) ) ;
#5371 = EDGE_CURVE ( 'NONE', #9318, #2376, #8411, .T. ) ;
#5372 = PLANE ( 'NONE',  #5289 ) ;
#5373 = DIRECTION ( 'NONE',  ( 0.000000000000000000, 0.000000000000000000, 1.000000000000000000 ) ) ;
#5374 = ADVANCED_FACE ( 'NONE', ( #4980 ), #9473, .T. ) ;
#5375 = CARTESIAN_POINT ( 'NONE',  ( -30.02871870788963804, 22.99999999999999289, -7.499999999999999112 ) ) ;
#5376 = DIRECTION ( 'NONE',  ( 0.000000000000000000, 0.000000000000000000, 1.000000000000000000 ) ) ;
#5377 = AXIS2_PLACEMENT_3D ( 'NONE', #9407, #5626, #8295 ) ;
#5378 = EDGE_LOOP ( 'NONE', ( #6873, #2603, #10446, #4251 ) ) ;
#5379 = VERTEX_POINT ( 'NONE', #7771 ) ;
#5380 = EDGE_LOOP ( 'NONE', ( #6356, #586, #11428, #7992 ) ) ;
#5381 = FACE_OUTER_BOUND ( 'NONE', #10066, .T. ) ;
#5382 = VECTOR ( 'NONE', #9621, 1000.000000000000114 ) ;
#5383 = DIRECTION ( 'NONE',  ( 4.319837007227158624E-17, 1.000000000000000000, 0.000000000000000000 ) ) ;
#5384 = PLANE ( 'NONE',  #4730 ) ;
#5385 = EDGE_CURVE ( 'NONE', #10395, #1853, #11344, .T. ) ;
#5386 = FACE_OUTER_BOUND ( 'NONE', #6514, .T. ) ;
#5387 = PLANE ( 'NONE',  #8811 ) ;
#5388 = DIRECTION ( 'NONE',  ( 0.000000000000000000, 0.000000000000000000, 1.000000000000000000 ) ) ;
#5389 = EDGE_CURVE ( 'NONE', #5310, #448, #3808, .T. ) ;
#5390 = CARTESIAN_POINT ( 'NONE',  ( -17.19177025602336073, -0.5714921312420569999, 26.96437269997933228 ) ) ;
#5391 = AXIS2_PLACEMENT_3D ( 'NONE', #3294, #6148, #11471 ) ;
#5392 = ORIENTED_EDGE ( 'NONE', *, *, #5447, .T. ) ;
#5393 = DIRECTION ( 'NONE',  ( 1.355252715606883008E-16, 0.000000000000000000, 1.000000000000000000 ) ) ;
#5394 = ORIENTED_EDGE ( 'NONE', *, *, #6858, .T. ) ;
#5395 = CARTESIAN_POINT ( 'NONE',  ( -24.96396103067888106, 11.26702257397983331, -1.899177871200937062 ) ) ;
#5396 = CARTESIAN_POINT ( 'NONE',  ( -20.99999999999998934, 20.50306154330089470, 12.00000000000000178 ) ) ;
#5397 = CARTESIAN_POINT ( 'NONE',  ( -24.00304094604638294, 88.19056726304555127, 10.40040543585529420 ) ) ;
#5398 = ORIENTED_EDGE ( 'NONE', *, *, #2783, .F. ) ;
#5399 = ADVANCED_FACE ( 'NONE', ( #9529 ), #5036, .T. ) ;
#5400 = CARTESIAN_POINT ( 'NONE',  ( -45.00000000000006395, 25.00000000000000000, -21.00000000000000000 ) ) ;
#5401 = VERTEX_POINT ( 'NONE', #1534 ) ;
#5402 = AXIS2_PLACEMENT_3D ( 'NONE', #728, #11341, #5092 ) ;
#5403 = CARTESIAN_POINT ( 'NONE',  ( -16.99761971378717007, -0.8086645392696450996, 26.98123904348614133 ) ) ;
#5404 = ADVANCED_FACE ( 'NONE', ( #3219 ), #425, .F. ) ;
#5405 = B_SPLINE_CURVE_WITH_KNOTS ( 'NONE', 3,
 ( #2080, #5647, #9197, #9261, #7495, #3067, #9437, #8720, #1555, #6792 ),
 .UNSPECIFIED., .F., .F.,
 ( 4, 2, 2, 2, 4 ),
 ( 0.000000000000000000, 0.001567842970656431814, 0.003135685941312863628, 0.004703528911969295442, 0.006271371882625727256 ),
 .UNSPECIFIED. ) ;
#5406 = CARTESIAN_POINT ( 'NONE',  ( -22.60000000000001208, 36.03199373143542061, 13.99999999999999822 ) ) ;
#5407 = CARTESIAN_POINT ( 'NONE',  ( -23.99999999999998224, 88.61736382251127964, -11.99999999999999645 ) ) ;
#5408 = VERTEX_POINT ( 'NONE', #1482 ) ;
#5409 = DIRECTION ( 'NONE',  ( -0.4383711467890783475, -0.8987940462991667046, 0.000000000000000000 ) ) ;
#5410 = FACE_OUTER_BOUND ( 'NONE', #1737, .T. ) ;
#5411 = ORIENTED_EDGE ( 'NONE', *, *, #2857, .T. ) ;
#5412 = LINE ( 'NONE', #10878, #5910 ) ;
#5413 = CARTESIAN_POINT ( 'NONE',  ( -26.13553390593273562, 30.63859544923362321, 1.000000000000000888 ) ) ;
#5414 = LINE ( 'NONE', #7253, #5668 ) ;
#5415 = CARTESIAN_POINT ( 'NONE',  ( -28.14423964571888703, 2.065460411691814269, 21.01504312572278010 ) ) ;
#5416 = VERTEX_POINT ( 'NONE', #1306 ) ;
#5417 = AXIS2_PLACEMENT_3D ( 'NONE', #3685, #8282, #9101 ) ;
#5418 = EDGE_CURVE ( 'NONE', #10448, #9048, #6769, .T. ) ;
#5419 = ORIENTED_EDGE ( 'NONE', *, *, #1942, .F. ) ;
#5420 = B_SPLINE_CURVE_WITH_KNOTS ( 'NONE', 3,
 ( #9111, #1135, #10639, #9780, #1780, #914, #8016, #485 ),
 .UNSPECIFIED., .F., .F.,
 ( 4, 2, 2, 4 ),
 ( 0.000000000000000000, 0.0003128767791609508376, 0.0006257535583219016751, 0.001251507116643803350 ),
 .UNSPECIFIED. ) ;
#5421 = EDGE_CURVE ( 'NONE', #2901, #1495, #1423, .T. ) ;
#5422 = ORIENTED_EDGE ( 'NONE', *, *, #1571, .F. ) ;
#5423 =( BOUNDED_CURVE ( )  B_SPLINE_CURVE ( 3, ( #1270, #1387, #10956, #2246 ),
 .UNSPECIFIED., .F., .F. ) 
 B_SPLINE_CURVE_WITH_KNOTS ( ( 4, 4 ),
 ( 0.3691680696594137334, 0.3966706334567017267 ),
 .UNSPECIFIED. ) 
 CURVE ( )  GEOMETRIC_REPRESENTATION_ITEM ( )  RATIONAL_B_SPLINE_CURVE ( ( 1.000000000000000000, 0.9999369684086518717, 0.9999369684086518717, 1.000000000000000000 ) ) 
 REPRESENTATION_ITEM ( '' )  );
#5424 = ORIENTED_EDGE ( 'NONE', *, *, #3688, .F. ) ;
#5425 = EDGE_LOOP ( 'NONE', ( #3914, #5969, #10623, #9284 ) ) ;
#5426 = PLANE ( 'NONE',  #1958 ) ;
#5427 = ORIENTED_EDGE ( 'NONE', *, *, #9079, .F. ) ;
#5428 = DIRECTION ( 'NONE',  ( -1.000000000000000000, 0.000000000000000000, 0.000000000000000000 ) ) ;
#5429 = PLANE ( 'NONE',  #2432 ) ;
#5430 = DIRECTION ( 'NONE',  ( -0.4383711467890782920, -0.8987940462991665935, 0.000000000000000000 ) ) ;
#5431 = DIRECTION ( 'NONE',  ( -8.859480609452979230E-16, -1.000000000000000000, 4.361590453884543439E-15 ) ) ;
#5432 = ORIENTED_EDGE ( 'NONE', *, *, #5371, .T. ) ;
#5433 = AXIS2_PLACEMENT_3D ( 'NONE', #3198, #3959, #6747 ) ;
#5434 = EDGE_CURVE ( 'NONE', #10832, #8505, #5858, .T. ) ;
#5435 = CARTESIAN_POINT ( 'NONE',  ( -19.82902345158450075, -0.03050004615413292805, 24.53550609996681686 ) ) ;
#5436 = ADVANCED_FACE ( 'NONE', ( #10403 ), #2345, .F. ) ;
#5437 = ORIENTED_EDGE ( 'NONE', *, *, #11142, .F. ) ;
#5438 = ORIENTED_EDGE ( 'NONE', *, *, #87, .F. ) ;
#5439 = DIRECTION ( 'NONE',  ( -0.7071067811865474617, -0.7071067811865474617, 0.000000000000000000 ) ) ;
#5440 = CARTESIAN_POINT ( 'NONE',  ( -22.60000000000000853, 34.17412935516637162, -47.00000000000000000 ) ) ;
#5441 = CARTESIAN_POINT ( 'NONE',  ( -29.10217754903401755, 1.349318847780958563, 20.00000000000001421 ) ) ;
#5442 = DIRECTION ( 'NONE',  ( 0.000000000000000000, 0.000000000000000000, -1.000000000000000000 ) ) ;
#5443 = DIRECTION ( 'NONE',  ( -1.000000000000000000, 0.000000000000000000, 0.000000000000000000 ) ) ;
#5444 =( BOUNDED_CURVE ( )  B_SPLINE_CURVE ( 3, ( #10520, #2513, #9470, #1713 ),
 .UNSPECIFIED., .F., .F. ) 
 B_SPLINE_CURVE_WITH_KNOTS ( ( 4, 4 ),
 ( 3.141592653589793116, 3.335545681389129768 ),
 .UNSPECIFIED. ) 
 CURVE ( )  GEOMETRIC_REPRESENTATION_ITEM ( )  RATIONAL_B_SPLINE_CURVE ( ( 1.000000000000000000, 0.9968676412464794190, 0.9968676412464794190, 1.000000000000000000 ) ) 
 REPRESENTATION_ITEM ( '' )  );
#5445 = CYLINDRICAL_SURFACE ( 'NONE', #5014, 1.700000000000000178 ) ;
#5446 = VERTEX_POINT ( 'NONE', #612 ) ;
#5447 = EDGE_CURVE ( 'NONE', #11058, #10366, #6828, .T. ) ;
#5448 = EDGE_CURVE ( 'NONE', #1653, #85, #3865, .T. ) ;
#5449 = ADVANCED_FACE ( 'NONE', ( #3166 ), #844, .T. ) ;
#5450 = DIRECTION ( 'NONE',  ( 0.000000000000000000, 0.000000000000000000, 1.000000000000000000 ) ) ;
#5451 = ORIENTED_EDGE ( 'NONE', *, *, #8340, .F. ) ;
#5452 = CARTESIAN_POINT ( 'NONE',  ( -24.69247900319905398, 7.340408137265105992, 21.87231257777618509 ) ) ;
#5453 = CARTESIAN_POINT ( 'NONE',  ( -27.59999999999998721, 13.90306154330091282, 14.00000000000000178 ) ) ;
#5454 = CARTESIAN_POINT ( 'NONE',  ( -34.16274169979691067, 91.50000000000000000, 6.057404964271234590E-15 ) ) ;
#5455 = DIRECTION ( 'NONE',  ( 1.000000000000000000, 0.000000000000000000, 0.000000000000000000 ) ) ;
#5456 = ORIENTED_EDGE ( 'NONE', *, *, #5049, .F. ) ;
#5457 = ORIENTED_EDGE ( 'NONE', *, *, #1633, .T. ) ;
#5458 = EDGE_CURVE ( 'NONE', #456, #4284, #10519, .T. ) ;
#5459 = DIRECTION ( 'NONE',  ( 1.652117596168388002E-16, 1.927470528863117569E-16, 1.000000000000000000 ) ) ;
#5460 = EDGE_CURVE ( 'NONE', #7821, #829, #3572, .T. ) ;
#5461 = PLANE ( 'NONE',  #8621 ) ;
#5462 = CIRCLE ( 'NONE', #9554, 1.600000000000000755 ) ;
#5463 = DIRECTION ( 'NONE',  ( 0.7071067811865499042, -0.7071067811865452413, 0.000000000000000000 ) ) ;
#5464 = DIRECTION ( 'NONE',  ( 0.7071067811865425767, 0.000000000000000000, -0.7071067811865525687 ) ) ;
#5465 = DIRECTION ( 'NONE',  ( 1.000000000000000000, 0.000000000000000000, 0.000000000000000000 ) ) ;
#5466 = PLANE ( 'NONE',  #9614 ) ;
#5467 = DIRECTION ( 'NONE',  ( -0.000000000000000000, -0.000000000000000000, 1.000000000000000000 ) ) ;
#5468 = EDGE_CURVE ( 'NONE', #8400, #2886, #8866, .T. ) ;
#5469 = CARTESIAN_POINT ( 'NONE',  ( 0.000000000000000000, -3.500000000000000000, 21.00000000000000000 ) ) ;
#5470 = DIRECTION ( 'NONE',  ( -0.000000000000000000, -0.000000000000000000, 1.000000000000000000 ) ) ;
#5471 = ORIENTED_EDGE ( 'NONE', *, *, #104, .F. ) ;
#5472 = AXIS2_PLACEMENT_3D ( 'NONE', #2694, #9601, #8822 ) ;
#5474 = ADVANCED_FACE ( 'NONE', ( #8940 ), #8881, .F. ) ;
#5473 = VERTEX_POINT ( 'NONE', #9821 ) ;
#5475 = EDGE_LOOP ( 'NONE', ( #93, #9171, #596, #5765 ) ) ;
#5476 = ORIENTED_EDGE ( 'NONE', *, *, #7077, .F. ) ;
#5477 = AXIS2_PLACEMENT_3D ( 'NONE', #8916, #1045, #1856 ) ;
#5478 = CARTESIAN_POINT ( 'NONE',  ( -22.60000000000004405, 52.37412935516634604, 5.500000000000005329 ) ) ;
#5479 = CARTESIAN_POINT ( 'NONE',  ( -24.38617074886427361, 84.70613612429511363, -2.599999999999990319 ) ) ;
#5480 = CIRCLE ( 'NONE', #5306, 5.000000000000000888 ) ;
#5481 = EDGE_CURVE ( 'NONE', #8828, #7, #6087, .T. ) ;
#5482 = DIRECTION ( 'NONE',  ( -0.2326250168069732838, 0.1134588016124423726, 0.9659258262890706437 ) ) ;
#5483 = DIRECTION ( 'NONE',  ( 1.000000000000000000, 0.000000000000000000, -0.000000000000000000 ) ) ;
#5484 = DIRECTION ( 'NONE',  ( -0.000000000000000000, -0.000000000000000000, 1.000000000000000000 ) ) ;
#5485 = DIRECTION ( 'NONE',  ( 1.000000000000000000, 0.000000000000000000, -0.000000000000000000 ) ) ;
#5486 = ORIENTED_EDGE ( 'NONE', *, *, #692, .T. ) ;
#5487 = AXIS2_PLACEMENT_3D ( 'NONE', #3816, #8303, #2993 ) ;
#5488 = ORIENTED_EDGE ( 'NONE', *, *, #6668, .F. ) ;
#5489 = CIRCLE ( 'NONE', #454, 29.02871870788959896 ) ;
#5490 = ORIENTED_EDGE ( 'NONE', *, *, #10733, .F. ) ;
#5491 = CARTESIAN_POINT ( 'NONE',  ( -23.38689500141420652, 9.689956544715164100, -15.19867544321357222 ) ) ;
#5492 = DIRECTION ( 'NONE',  ( 0.000000000000000000, 0.000000000000000000, 1.000000000000000000 ) ) ;
#5493 = ORIENTED_EDGE ( 'NONE', *, *, #1224, .T. ) ;
#5494 = LINE ( 'NONE', #10850, #528 ) ;
#5495 = CARTESIAN_POINT ( 'NONE',  ( -26.13553390593274628, 39.56752763736815126, 1.000000000000001776 ) ) ;
#5496 = CARTESIAN_POINT ( 'NONE',  ( -21.24999708661759712, 8.000589839559822281, 2.599999999999997868 ) ) ;
#5497 = VECTOR ( 'NONE', #2654, 1000.000000000000000 ) ;
#5498 = CARTESIAN_POINT ( 'NONE',  ( -3.469446951953614189E-15, 0.9999999999999626965, 0.000000000000000000 ) ) ;
#5499 = ORIENTED_EDGE ( 'NONE', *, *, #2519, .T. ) ;
#5500 = AXIS2_PLACEMENT_3D ( 'NONE', #8392, #3955, #1394 ) ;
#5501 = CARTESIAN_POINT ( 'NONE',  ( -32.49999999999998579, 100.9999999999999858, 3.037741699796953743 ) ) ;
#5502 = ORIENTED_EDGE ( 'NONE', *, *, #4727, .F. ) ;
#5503 = CIRCLE ( 'NONE', #10341, 5.000000000000000888 ) ;
#5504 = CARTESIAN_POINT ( 'NONE',  ( -32.45779162047082878, 66.65895734927150329, 3.900000000000000799 ) ) ;
#5505 = ORIENTED_EDGE ( 'NONE', *, *, #2412, .F. ) ;
#5506 = CARTESIAN_POINT ( 'NONE',  ( -22.14979539721587187, 7.007275537650102137, 23.51181078099098087 ) ) ;
#5507 = CARTESIAN_POINT ( 'NONE',  ( -26.13553390593271075, 21.36752763736817329, 12.00000000000000178 ) ) ;
#5508 = FACE_OUTER_BOUND ( 'NONE', #6992, .T. ) ;
#5509 = CARTESIAN_POINT ( 'NONE',  ( -7.508684045328186230, -1.750000000000003109, 24.03108891324553653 ) ) ;
#5510 = CYLINDRICAL_SURFACE ( 'NONE', #1825, 4.242640687119387799 ) ;
#5511 = ORIENTED_EDGE ( 'NONE', *, *, #5460, .T. ) ;
#5512 = ADVANCED_FACE ( 'NONE', ( #11462 ), #10692, .F. ) ;
#5513 = CARTESIAN_POINT ( 'NONE',  ( 9.039948963681426974, -2.882051505189736851, 24.50000000000000000 ) ) ;
#5514 = AXIS2_PLACEMENT_3D ( 'NONE', #3654, #4469, #11478 ) ;
#5515 = DIRECTION ( 'NONE',  ( 1.734723475976807489E-15, -1.000000000000000000, 0.000000000000000000 ) ) ;
#5516 = CARTESIAN_POINT ( 'NONE',  ( -15.50000000000000533, 0.000000000000000000, 15.49999999999999112 ) ) ;
#5517 = DIRECTION ( 'NONE',  ( -1.000000000000000000, -0.000000000000000000, -0.000000000000000000 ) ) ;
#5518 = DIRECTION ( 'NONE',  ( -1.000000000000000000, 0.000000000000000000, 0.000000000000000000 ) ) ;
#5519 = EDGE_CURVE ( 'NONE', #1577, #10356, #2686, .T. ) ;
#5520 = LINE ( 'NONE', #160, #8712 ) ;
#5521 = CARTESIAN_POINT ( 'NONE',  ( -26.72104142962667339, 1.641638747018073108, 21.21253781242768710 ) ) ;
#5522 = VECTOR ( 'NONE', #1345, 1000.000000000000000 ) ;
#5523 = ORIENTED_EDGE ( 'NONE', *, *, #3492, .T. ) ;
#5524 = AXIS2_PLACEMENT_3D ( 'NONE', #5818, #9315, #4876 ) ;
#5525 = VECTOR ( 'NONE', #7330, 1000.000000000000000 ) ;
#5526 = ORIENTED_EDGE ( 'NONE', *, *, #5761, .F. ) ;
#5527 = VECTOR ( 'NONE', #2788, 1000.000000000000000 ) ;
#5528 = ORIENTED_EDGE ( 'NONE', *, *, #443, .T. ) ;
#5529 = AXIS2_PLACEMENT_3D ( 'NONE', #11327, #3267, #8618 ) ;
#5530 = ORIENTED_EDGE ( 'NONE', *, *, #8123, .T. ) ;
#5531 = CARTESIAN_POINT ( 'NONE',  ( -26.13553390593278181, 57.76752763736812568, -11.99999999999999645 ) ) ;
#5532 = DIRECTION ( 'NONE',  ( -1.000000000000000000, -0.000000000000000000, -0.000000000000000000 ) ) ;
#5533 = AXIS2_PLACEMENT_3D ( 'NONE', #9537, #854, #8766 ) ;
#5534 = ORIENTED_EDGE ( 'NONE', *, *, #2514, .F. ) ;
#5535 = DIRECTION ( 'NONE',  ( -0.000000000000000000, -0.000000000000000000, -1.000000000000000000 ) ) ;
#5536 = CYLINDRICAL_SURFACE ( 'NONE', #254, 1.700000000000000178 ) ;
#5537 = CARTESIAN_POINT ( 'NONE',  ( -21.14413886674964616, 8.000319343246260928, -2.599999999999995204 ) ) ;
#5538 = FACE_OUTER_BOUND ( 'NONE', #1439, .T. ) ;
#5539 = DIRECTION ( 'NONE',  ( 0.000000000000000000, 0.000000000000000000, 1.000000000000000000 ) ) ;
#5540 = ORIENTED_EDGE ( 'NONE', *, *, #936, .F. ) ;
#5541 = ORIENTED_EDGE ( 'NONE', *, *, #7721, .T. ) ;
#5542 = EDGE_CURVE ( 'NONE', #8506, #2032, #1830, .T. ) ;
#5543 = EDGE_CURVE ( 'NONE', #6354, #5151, #3459, .T. ) ;
#5544 = ORIENTED_EDGE ( 'NONE', *, *, #10200, .T. ) ;
#5545 = ORIENTED_EDGE ( 'NONE', *, *, #4976, .F. ) ;
#5546 = DIRECTION ( 'NONE',  ( -1.000000000000000000, -7.131640956793532739E-15, 0.000000000000000000 ) ) ;
#5547 = DIRECTION ( 'NONE',  ( -8.357552882253592277E-33, 1.000000000000000000, -1.927470528863117569E-16 ) ) ;
#5548 = DIRECTION ( 'NONE',  ( -1.000000000000000000, 0.000000000000000000, 0.000000000000000000 ) ) ;
#5549 = ORIENTED_EDGE ( 'NONE', *, *, #1498, .T. ) ;
#5550 = CARTESIAN_POINT ( 'NONE',  ( -20.99999999999999289, 27.26042085618161082, -11.99999999999999645 ) ) ;
#5551 = CIRCLE ( 'NONE', #8515, 13.00000000000000178 ) ;
#5552 = LINE ( 'NONE', #9273, #5555 ) ;
#5553 = CARTESIAN_POINT ( 'NONE',  ( -10.54284886039479829, 55.16021268290609925, 1.000000000000001776 ) ) ;
#5554 = CARTESIAN_POINT ( 'NONE',  ( -21.03832892204481197, 8.000048970288766270, 2.599999999999998312 ) ) ;
#5555 = VECTOR ( 'NONE', #4659, 1000.000000000000000 ) ;
#5556 = CARTESIAN_POINT ( 'NONE',  ( -19.32456793210127799, 0.7142477340531064867, 26.16948677778312771 ) ) ;
#5557 = VECTOR ( 'NONE', #632, 1000.000000000000114 ) ;
#5558 = VERTEX_POINT ( 'NONE', #11518 ) ;
#5559 = EDGE_CURVE ( 'NONE', #7198, #3974, #5489, .T. ) ;
#5560 = VECTOR ( 'NONE', #6052, 1000.000000000000000 ) ;
#5561 = CARTESIAN_POINT ( 'NONE',  ( -8.585072420194455489, 0.000000000000000000, 21.00000000000000000 ) ) ;
#5562 = EDGE_LOOP ( 'NONE', ( #7722, #2595, #2034, #11003 ) ) ;
#5563 = FACE_OUTER_BOUND ( 'NONE', #2250, .T. ) ;
#5564 = EDGE_LOOP ( 'NONE', ( #1179, #9808, #5702, #10976 ) ) ;
#5565 = CARTESIAN_POINT ( 'NONE',  ( -23.43465022160470923, 7.112436166435677443, 22.54554692920792291 ) ) ;
#5566 = LINE ( 'NONE', #4672, #6551 ) ;
#5567 = CARTESIAN_POINT ( 'NONE',  ( -28.29195979413055539, 9.891707877805611560, 19.99999999999983302 ) ) ;
#5568 = LINE ( 'NONE', #11524, #3676 ) ;
#5569 = ORIENTED_EDGE ( 'NONE', *, *, #10178, .T. ) ;
#5570 = ORIENTED_EDGE ( 'NONE', *, *, #3504, .T. ) ;
#5571 = FACE_OUTER_BOUND ( 'NONE', #4788, .T. ) ;
#5572 = EDGE_CURVE ( 'NONE', #829, #11055, #6956, .T. ) ;
#5573 = DIRECTION ( 'NONE',  ( 1.000000000000000000, 0.000000000000000000, 0.000000000000000000 ) ) ;
#5574 = AXIS2_PLACEMENT_3D ( 'NONE', #8588, #10470, #7015 ) ;
#5575 = EDGE_CURVE ( 'NONE', #11055, #3331, #731, .T. ) ;
#5576 = DIRECTION ( 'NONE',  ( -0.000000000000000000, 1.000000000000000000, -1.927470528863117569E-16 ) ) ;
#5577 = DIRECTION ( 'NONE',  ( 0.000000000000000000, 1.000000000000000000, 0.000000000000000000 ) ) ;
#5578 = VECTOR ( 'NONE', #2207, 999.9999999999998863 ) ;
#5579 = DIRECTION ( 'NONE',  ( 1.000000000000000000, 0.000000000000000000, 0.000000000000000000 ) ) ;
#5580 = EDGE_CURVE ( 'NONE', #3034, #10835, #6397, .T. ) ;
#5581 = CARTESIAN_POINT ( 'NONE',  ( -35.99999999999999289, 51.31596721165377062, 10.39999999999999680 ) ) ;
#5582 = CARTESIAN_POINT ( 'NONE',  ( -26.02411907401664592, 79.84994088672972623, 9.100000000000010303 ) ) ;
#5583 = CARTESIAN_POINT ( 'NONE',  ( -21.70702263520715647, 0.9999999999999453770, 23.92893218813457423 ) ) ;
#5584 = EDGE_CURVE ( 'NONE', #7107, #4395, #10700, .T. ) ;
#5585 = EDGE_LOOP ( 'NONE', ( #3426, #4758, #2331, #6888 ) ) ;
#5586 = AXIS2_PLACEMENT_3D ( 'NONE', #3266, #6808, #10382 ) ;
#5587 = AXIS2_PLACEMENT_3D ( 'NONE', #3888, #5703, #6557 ) ;
#5588 = EDGE_LOOP ( 'NONE', ( #1880, #10148, #6728, #4457 ) ) ;
#5589 = EDGE_CURVE ( 'NONE', #10835, #8530, #8818, .T. ) ;
#5590 = EDGE_CURVE ( 'NONE', #5117, #11032, #11069, .T. ) ;
#5591 = ORIENTED_EDGE ( 'NONE', *, *, #305, .T. ) ;
#5592 = EDGE_CURVE ( 'NONE', #4389, #11055, #6192, .T. ) ;
#5593 = ORIENTED_EDGE ( 'NONE', *, *, #1533, .F. ) ;
#5594 = CARTESIAN_POINT ( 'NONE',  ( -20.99999999999999289, 22.99999999999999289, 3.899999999999997247 ) ) ;
#5595 = DIRECTION ( 'NONE',  ( 0.000000000000000000, -1.000000000000000000, 0.000000000000000000 ) ) ;
#5596 = LINE ( 'NONE', #9376, #8745 ) ;
#5597 = CARTESIAN_POINT ( 'NONE',  ( -20.99999999999999645, 6.999999999999964473, -21.00000000000000000 ) ) ;
#5598 = AXIS2_PLACEMENT_3D ( 'NONE', #9983, #9817, #7175 ) ;
#5599 = DIRECTION ( 'NONE',  ( 1.000000000000000000, 0.000000000000000000, 0.000000000000000000 ) ) ;
#5600 = FACE_OUTER_BOUND ( 'NONE', #8352, .T. ) ;
#5601 = CARTESIAN_POINT ( 'NONE',  ( -20.99999999999998934, 45.46042085618157103, -5.499999999999998224 ) ) ;
#5602 = ORIENTED_EDGE ( 'NONE', *, *, #5371, .F. ) ;
#5603 = ORIENTED_EDGE ( 'NONE', *, *, #2086, .T. ) ;
#5604 = ORIENTED_EDGE ( 'NONE', *, *, #1606, .T. ) ;
#5605 = EDGE_LOOP ( 'NONE', ( #5451, #2300, #11286, #11082 ) ) ;
#5606 = ORIENTED_EDGE ( 'NONE', *, *, #3729, .T. ) ;
#5607 = FACE_OUTER_BOUND ( 'NONE', #11308, .T. ) ;
#5608 =( LENGTH_UNIT ( ) NAMED_UNIT ( * ) SI_UNIT ( .MILLI., .METRE. ) );
#5609 = PLANE ( 'NONE',  #10872 ) ;
#5610 = ORIENTED_EDGE ( 'NONE', *, *, #7341, .F. ) ;
#5611 = CARTESIAN_POINT ( 'NONE',  ( -43.00000000000000000, 100.9999999999999858, -4.956352788505171156E-16 ) ) ;
#5612 = CARTESIAN_POINT ( 'NONE',  ( -33.03137084989845107, 112.7499999999999858, -1.843629150101526282 ) ) ;
#5613 = CARTESIAN_POINT ( 'NONE',  ( -33.49999999999997158, 112.7499999999999858, -1.374999999999992228 ) ) ;
#5614 = CARTESIAN_POINT ( 'NONE',  ( -27.09083954634441227, 64.04131992144890262, -11.99999999999999645 ) ) ;
#5615 = CYLINDRICAL_SURFACE ( 'NONE', #1106, 1.600000000000000089 ) ;
#5616 = AXIS2_PLACEMENT_3D ( 'NONE', #298, #6578, #10100 ) ;
#5617 = MANIFOLD_SOLID_BREP ( '\X2\501289d2\X0\8', #5782 ) ;
#5618 = ORIENTED_EDGE ( 'NONE', *, *, #3915, .T. ) ;
#5619 = UNCERTAINTY_MEASURE_WITH_UNIT (LENGTH_MEASURE( 1.000000000000000082E-05 ), #8704, 'distance_accuracy_value', 'NONE');
#5620 = CARTESIAN_POINT ( 'NONE',  ( -33.03137084989845107, 100.9999999999999858, 5.235126295743052746E-15 ) ) ;
#5621 = ORIENTED_EDGE ( 'NONE', *, *, #2979, .T. ) ;
#5622 = LINE ( 'NONE', #6477, #1000 ) ;
#5623 = PLANE ( 'NONE',  #3768 ) ;
#5624 = FACE_OUTER_BOUND ( 'NONE', #678, .T. ) ;
#5625 = ORIENTED_EDGE ( 'NONE', *, *, #94, .F. ) ;
#5626 = DIRECTION ( 'NONE',  ( 0.000000000000000000, 0.000000000000000000, 1.000000000000000000 ) ) ;
#5627 = FACE_OUTER_BOUND ( 'NONE', #10757, .T. ) ;
#5628 = EDGE_CURVE ( 'NONE', #9907, #10663, #605, .T. ) ;
#5629 = CARTESIAN_POINT ( 'NONE',  ( -7.508684045328186230, -1.750000000000003109, 24.50000000000000000 ) ) ;
#5630 = CARTESIAN_POINT ( 'NONE',  ( -32.45779162047082878, 66.65895734927148908, -19.71550740233784893 ) ) ;
#5631 = CARTESIAN_POINT ( 'NONE',  ( -32.96862915010149919, 91.50000000000000000, 1.906370849898483710 ) ) ;
#5633 = DIRECTION ( 'NONE',  ( 0.7071067811865539010, 3.227986140386021786E-17, 0.7071067811865412445 ) ) ;
#5632 = LINE ( 'NONE', #1887, #9587 ) ;
#5634 = CARTESIAN_POINT ( 'NONE',  ( -27.42013958249780003, 15.76771940676523620, 7.669602718417725562 ) ) ;
#5635 = DIRECTION ( 'NONE',  ( -0.000000000000000000, -0.000000000000000000, 1.000000000000000000 ) ) ;
#5636 = AXIS2_PLACEMENT_3D ( 'NONE', #7066, #6140, #5343 ) ;
#5637 = DIRECTION ( 'NONE',  ( 0.000000000000000000, 0.000000000000000000, -1.000000000000000000 ) ) ;
#5638 = VERTEX_POINT ( 'NONE', #9464 ) ;
#5639 = EDGE_CURVE ( 'NONE', #1644, #7149, #8690, .T. ) ;
#5640 = ORIENTED_EDGE ( 'NONE', *, *, #7576, .T. ) ;
#5641 = VECTOR ( 'NONE', #8292, 1000.000000000000114 ) ;
#5642 = ORIENTED_EDGE ( 'NONE', *, *, #10917, .F. ) ;
#5643 = DIRECTION ( 'NONE',  ( 0.000000000000000000, 0.000000000000000000, 1.000000000000000000 ) ) ;
#5644 = CARTESIAN_POINT ( 'NONE',  ( -22.68500399826898217, 1.023924392212003376, 23.06987159932822706 ) ) ;
#5645 = DIRECTION ( 'NONE',  ( -1.000000000000000000, 0.000000000000000000, 1.652117596168398356E-16 ) ) ;
#5646 = DIRECTION ( 'NONE',  ( -0.000000000000000000, -0.000000000000000000, -1.000000000000000000 ) ) ;
#5647 = CARTESIAN_POINT ( 'NONE',  ( -27.51294097767123148, 16.27707977365663794, -5.413568593514833438 ) ) ;
#5648 = CIRCLE ( 'NONE', #5116, 5.000000000000000888 ) ;
#5649 = DIRECTION ( 'NONE',  ( 0.7071067811865426878, 0.000000000000000000, 0.7071067811865524577 ) ) ;
#5650 = CARTESIAN_POINT ( 'NONE',  ( -24.96396103067888106, 11.26702257397983331, -14.89917787120093884 ) ) ;
#5651 = DIRECTION ( 'NONE',  ( -1.379656123914496359E-15, 1.000000000000000000, -0.000000000000000000 ) ) ;
#5652 = ADVANCED_FACE ( 'NONE', ( #3450 ), #6559, .T. ) ;
#5653 = LINE ( 'NONE', #10373, #7036 ) ;
#5654 = VERTEX_POINT ( 'NONE', #2136 ) ;
#5655 = ORIENTED_EDGE ( 'NONE', *, *, #2224, .F. ) ;
#5656 = VECTOR ( 'NONE', #7100, 1000.000000000000000 ) ;
#5657 = AXIS2_PLACEMENT_3D ( 'NONE', #11013, #3070, #5776 ) ;
#5658 = EDGE_LOOP ( 'NONE', ( #9181, #6482, #6767, #5545 ) ) ;
#5659 = VERTEX_POINT ( 'NONE', #1330 ) ;
#5660 = AXIS2_PLACEMENT_3D ( 'NONE', #8713, #4410, #3408 ) ;
#5661 = EDGE_LOOP ( 'NONE', ( #599, #10988, #5176, #4132 ) ) ;
#5662 = DIRECTION ( 'NONE',  ( 0.000000000000000000, 0.000000000000000000, 1.000000000000000000 ) ) ;
#5663 = ORIENTED_EDGE ( 'NONE', *, *, #738, .T. ) ;
#5664 = CARTESIAN_POINT ( 'NONE',  ( -20.99999999999998934, 42.94570223042018142, 5.500000000000002665 ) ) ;
#5665 = CARTESIAN_POINT ( 'NONE',  ( -20.65716699989026139, 77.23230345890713977, 1.000000000000001776 ) ) ;
#5666 = DIRECTION ( 'NONE',  ( -1.000000000000000000, 0.000000000000000000, 0.000000000000000000 ) ) ;
#5667 = DIRECTION ( 'NONE',  ( 0.000000000000000000, 0.000000000000000000, 1.000000000000000000 ) ) ;
#5668 = VECTOR ( 'NONE', #2604, 1000.000000000000000 ) ;
#5669 = CARTESIAN_POINT ( 'NONE',  ( -34.16274169979691067, 91.50000000000000000, 6.057404964271233012E-15 ) ) ;
#5670 = ADVANCED_FACE ( 'NONE', ( #9138 ), #8283, .F. ) ;
#5671 = AXIS2_PLACEMENT_3D ( 'NONE', #1108, #4648, #3779 ) ;
#5672 = VECTOR ( 'NONE', #10522, 999.9999999999998863 ) ;
#5673 = VECTOR ( 'NONE', #9471, 1000.000000000000000 ) ;
#5674 = ORIENTED_EDGE ( 'NONE', *, *, #4867, .T. ) ;
#5675 = ORIENTED_EDGE ( 'NONE', *, *, #1077, .T. ) ;
#5676 = ADVANCED_FACE ( 'NONE', ( #222 ), #6678, .F. ) ;
#5677 = DIRECTION ( 'NONE',  ( 0.000000000000000000, 0.000000000000000000, 1.000000000000000000 ) ) ;
#5678 = DIRECTION ( 'NONE',  ( 0.000000000000000000, 0.000000000000000000, -1.000000000000000000 ) ) ;
#5679 = DIRECTION ( 'NONE',  ( -1.000000000000000000, 0.000000000000000000, 0.000000000000000000 ) ) ;
#5680 = VECTOR ( 'NONE', #2192, 1000.000000000000000 ) ;
#5681 = CARTESIAN_POINT ( 'NONE',  ( -20.10042091740904269, 0.9055496419185908863, 25.53553390593270933 ) ) ;
#5682 = DIRECTION ( 'NONE',  ( 0.000000000000000000, -1.000000000000000000, 0.000000000000000000 ) ) ;
#5683 = ORIENTED_EDGE ( 'NONE', *, *, #5559, .F. ) ;
#5684 = LINE ( 'NONE', #1247, #7602 ) ;
#5685 = ORIENTED_EDGE ( 'NONE', *, *, #7419, .F. ) ;
#5686 = EDGE_CURVE ( 'NONE', #11386, #5129, #3255, .T. ) ;
#5687 = FACE_OUTER_BOUND ( 'NONE', #3537, .T. ) ;
#5688 = ADVANCED_FACE ( 'NONE', ( #10896 ), #5771, .T. ) ;
#5689 = EDGE_CURVE ( 'NONE', #8415, #6035, #9321, .T. ) ;
#5690 = CARTESIAN_POINT ( 'NONE',  ( 12.25522299885757604, 1.398234681344735573E-13, 23.10279783643522578 ) ) ;
#5692 = CARTESIAN_POINT ( 'NONE',  ( -23.99999999999998224, 88.61736382251127964, 1.000000000000001776 ) ) ;
#5691 = FACE_OUTER_BOUND ( 'NONE', #2925, .T. ) ;
#5693 = CARTESIAN_POINT ( 'NONE',  ( -24.96396103067888106, 11.26702257397983331, 8.399177871200949497 ) ) ;
#5694 = DIRECTION ( 'NONE',  ( 1.000000000000000000, 0.000000000000000000, 0.000000000000000000 ) ) ;
#5695 = CARTESIAN_POINT ( 'NONE',  ( -20.99999999999999289, 22.99999999999999289, 10.39999999999999680 ) ) ;
#5696 = VECTOR ( 'NONE', #1779, 1000.000000000000000 ) ;
#5697 = CARTESIAN_POINT ( 'NONE',  ( -36.00000000000000000, 100.9999999999999147, -20.99999999999998934 ) ) ;
#5698 = VERTEX_POINT ( 'NONE', #4822 ) ;
#5699 = EDGE_LOOP ( 'NONE', ( #846, #10154, #7120, #8145 ) ) ;
#5700 = CARTESIAN_POINT ( 'NONE',  ( -18.08506596794043020, -0.9148724227138944620, 23.37562672997865221 ) ) ;
#5701 = CARTESIAN_POINT ( 'NONE',  ( -20.99999999999999289, 25.00000000000000000, 21.00000000000000000 ) ) ;
#5702 = ORIENTED_EDGE ( 'NONE', *, *, #164, .T. ) ;
#5703 = DIRECTION ( 'NONE',  ( 1.355252715606885966E-16, 0.000000000000000000, 1.000000000000000000 ) ) ;
#5704 = DIRECTION ( 'NONE',  ( 1.000000000000000000, -0.000000000000000000, -1.652117596168387756E-16 ) ) ;
#5705 = CARTESIAN_POINT ( 'NONE',  ( -23.99999999999998579, 23.50306154330088759, -5.499999999999998224 ) ) ;
#5706 = AXIS2_PLACEMENT_3D ( 'NONE', #2598, #7910, #866 ) ;
#5707 = EDGE_CURVE ( 'NONE', #9349, #11223, #1157, .T. ) ;
#5708 = VECTOR ( 'NONE', #9401, 1000.000000000000000 ) ;
#5709 = DIRECTION ( 'NONE',  ( 1.000000000000000000, 0.000000000000000000, 0.000000000000000000 ) ) ;
#5710 = DIRECTION ( 'NONE',  ( 8.260587980841938780E-17, -1.000000000000000000, 0.000000000000000000 ) ) ;
#5711 = VECTOR ( 'NONE', #1977, 1000.000000000000000 ) ;
#5712 = VERTEX_POINT ( 'NONE', #3010 ) ;
#5713 = ORIENTED_EDGE ( 'NONE', *, *, #11295, .F. ) ;
#5714 = VERTEX_POINT ( 'NONE', #3890 ) ;
#5715 = TOROIDAL_SURFACE ( 'NONE', #3670, 2.975000000000005418, 1.600000000000000089 ) ;
#5716 = ORIENTED_EDGE ( 'NONE', *, *, #7369, .F. ) ;
#5717 = ORIENTED_EDGE ( 'NONE', *, *, #5948, .T. ) ;
#5718 = EDGE_CURVE ( 'NONE', #5117, #1278, #11248, .T. ) ;
#5719 = CARTESIAN_POINT ( 'NONE',  ( -23.99999999999998224, 88.61736382251127964, -0.9999999999999983347 ) ) ;
#5720 = CARTESIAN_POINT ( 'NONE',  ( -24.25745437732004461, 84.70069342268244839, -2.565891292618116104 ) ) ;
#5721 = ORIENTED_EDGE ( 'NONE', *, *, #10858, .F. ) ;
#5722 = ADVANCED_FACE ( 'NONE', ( #281 ), #9221, .F. ) ;
#5723 = EDGE_CURVE ( 'NONE', #6685, #2822, #9145, .T. ) ;
#5724 = LINE ( 'NONE', #11243, #1079 ) ;
#5725 = DIRECTION ( 'NONE',  ( 0.000000000000000000, 1.000000000000000000, -0.000000000000000000 ) ) ;
#5726 = DIRECTION ( 'NONE',  ( 1.000000000000000000, 0.000000000000000000, -1.652117596168387756E-16 ) ) ;
#5727 = CARTESIAN_POINT ( 'NONE',  ( -20.99999999999998934, 42.94570223042018142, -7.499999999999998224 ) ) ;
#5728 = VECTOR ( 'NONE', #8538, 1000.000000000000000 ) ;
#5729 = LINE ( 'NONE', #5786, #8541 ) ;
#5730 = B_SPLINE_CURVE_WITH_KNOTS ( 'NONE', 3,
 ( #1471, #362, #9285, #10331, #547, #2334, #5908, #9461, #7694, #4790 ),
 .UNSPECIFIED., .F., .F.,
 ( 4, 2, 2, 2, 4 ),
 ( 0.000000000000000000, 0.001567842970656443090, 0.003135685941312880975, 0.004703528911969318861, 0.006271371882625756747 ),
 .UNSPECIFIED. ) ;
#5731 = LINE ( 'NONE', #9340, #5522 ) ;
#5732 = AXIS2_PLACEMENT_3D ( 'NONE', #1603, #11469, #3464 ) ;
#5733 = VERTEX_POINT ( 'NONE', #4701 ) ;
#5734 = VECTOR ( 'NONE', #890, 1000.000000000000000 ) ;
#5735 = AXIS2_PLACEMENT_3D ( 'NONE', #4081, #4901, #10101 ) ;
#5736 = ORIENTED_EDGE ( 'NONE', *, *, #1811, .T. ) ;
#5738 = EDGE_LOOP ( 'NONE', ( #10612, #9975, #3557, #6725 ) ) ;
#5737 = EDGE_CURVE ( 'NONE', #2351, #8326, #2691, .T. ) ;
#5739 = EDGE_CURVE ( 'NONE', #2845, #4179, #848, .T. ) ;
#5740 = CIRCLE ( 'NONE', #7202, 4.242640687119387799 ) ;
#5741 = DIRECTION ( 'NONE',  ( -0.000000000000000000, -0.000000000000000000, -1.000000000000000000 ) ) ;
#5742 = DIRECTION ( 'NONE',  ( -0.000000000000000000, 1.000000000000000000, -0.000000000000000000 ) ) ;
#5743 = DIRECTION ( 'NONE',  ( 0.000000000000000000, 0.000000000000000000, -1.000000000000000000 ) ) ;
#5744 = ADVANCED_FACE ( 'NONE', ( #1103 ), #4645, .T. ) ;
#5745 = CARTESIAN_POINT ( 'NONE',  ( -19.02391428469002577, 0.6089206802389336426, 26.35371753976021481 ) ) ;
#5746 = CARTESIAN_POINT ( 'NONE',  ( -36.00000000000000000, 100.9999999999999147, -20.99999999999998934 ) ) ;
#5747 = EDGE_LOOP ( 'NONE', ( #291, #9628, #2163, #2054 ) ) ;
#5748 = DIRECTION ( 'NONE',  ( -0.000000000000000000, -0.000000000000000000, 1.000000000000000000 ) ) ;
#5749 = CYLINDRICAL_SURFACE ( 'NONE', #2203, 1.599999999999999867 ) ;
#5750 = VECTOR ( 'NONE', #7389, 1000.000000000000000 ) ;
#5751 = VERTEX_POINT ( 'NONE', #3944 ) ;
#5752 = DIRECTION ( 'NONE',  ( -1.000000000000000000, 0.000000000000000000, 0.000000000000000000 ) ) ;
#5753 = CARTESIAN_POINT ( 'NONE',  ( 11.71898140902291985, -1.766097486437786301, 24.04604365506726182 ) ) ;
#5755 = CARTESIAN_POINT ( 'NONE',  ( -22.60000000000004405, 52.37412935516634604, 13.99999999999999822 ) ) ;
#5754 = CARTESIAN_POINT ( 'NONE',  ( -20.99999999999998934, 42.94570223042018142, 7.500000000000002665 ) ) ;
#5756 = EDGE_CURVE ( 'NONE', #7487, #11075, #2953, .T. ) ;
#5757 = DIRECTION ( 'NONE',  ( 0.000000000000000000, 0.000000000000000000, -1.000000000000000000 ) ) ;
#5758 = CONICAL_SURFACE ( 'NONE', #9294, 1.374999999999997113, 0.7853981633974480570 ) ;
#5759 = LINE ( 'NONE', #9307, #3499 ) ;
#5760 = DIRECTION ( 'NONE',  ( 0.000000000000000000, 0.000000000000000000, 1.000000000000000000 ) ) ;
#5761 = EDGE_CURVE ( 'NONE', #2865, #7693, #5405, .T. ) ;
#5762 = ORIENTED_EDGE ( 'NONE', *, *, #10792, .T. ) ;
#5763 = AXIS2_PLACEMENT_3D ( 'NONE', #8947, #10935, #10001 ) ;
#5764 = ORIENTED_EDGE ( 'NONE', *, *, #10002, .T. ) ;
#5765 = ORIENTED_EDGE ( 'NONE', *, *, #958, .T. ) ;
#5766 = DIRECTION ( 'NONE',  ( 1.734723475976807489E-15, -1.000000000000000000, 0.000000000000000000 ) ) ;
#5767 = CARTESIAN_POINT ( 'NONE',  ( -20.99999151476408699, 0.000000000000000000, 23.22174974702306827 ) ) ;
#5768 = ORIENTED_EDGE ( 'NONE', *, *, #5966, .T. ) ;
#5769 = DIRECTION ( 'NONE',  ( 0.000000000000000000, 1.000000000000000000, -0.000000000000000000 ) ) ;
#5770 = DIRECTION ( 'NONE',  ( 0.000000000000000000, 0.000000000000000000, 1.000000000000000000 ) ) ;
#5771 = PLANE ( 'NONE',  #10707 ) ;
#5772 = VECTOR ( 'NONE', #2934, 1000.000000000000000 ) ;
#5773 = DIRECTION ( 'NONE',  ( -0.000000000000000000, -0.000000000000000000, -1.000000000000000000 ) ) ;
#5774 = LINE ( 'NONE', #9326, #9716 ) ;
#5775 = VECTOR ( 'NONE', #475, 1000.000000000000000 ) ;
#5776 = DIRECTION ( 'NONE',  ( 1.000000000000000000, 0.000000000000000000, 0.000000000000000000 ) ) ;
#5777 = EDGE_CURVE ( 'NONE', #9879, #389, #3307, .T. ) ;
#5778 = DIRECTION ( 'NONE',  ( -1.000000000000000000, 0.000000000000000000, 0.000000000000000000 ) ) ;
#5779 = ORIENTED_EDGE ( 'NONE', *, *, #2894, .F. ) ;
#5780 = CARTESIAN_POINT ( 'NONE',  ( 0.000000000000000000, 0.000000000000000000, -20.00000000000001421 ) ) ;
#5781 = ORIENTED_EDGE ( 'NONE', *, *, #6851, .T. ) ;
#5782 = CLOSED_SHELL ( 'NONE', ( #7745, #7746, #6349, #383, #3216, #2507, #9091, #2837, #5933, #2502, #8731, #7177, #9859, #3340, #1196, #743, #7476, #10114, #214, #7239, #2281, #4229, #8225, #6762, #2358, #2978, #1547, #11258, #9533, #9809, #4091, #1654, #4938, #2276, #5512, #11016, #6458, #1814, #8456, #7641, #6656, #3869, #6411, #2440, #5037, #3647, #8322, #7861, #2995, #10222, #7096, #5744, #9955, #1272, #4175, #8068, #4212, #2990, #2649, #6732, #2357, #8501, #488, #729, #10726, #3137, #1034, #4230, #1619, #4587, #9803, #6826, #10283, #6147, #6897, #5274, #1054, #6908, #6017, #6868, #7939, #10585, #6812, #6511, #9322, #8289, #4380, #55, #4444, #11425, #7485, #5197, #9350, #3146, #2792, #6177, #3218, #686, #6699, #8991, #1091, #9247, #8958, #1582, #9927, #5676, #3570, #10535, #3403, #10849, #3579, #2175, #7108, #5236, #11079, #8640, #7934, #238, #4441, #10763, #4854, #5817, #10775, #3985, #8090, #6648, #9717, #10537, #8070, #7787, #9567, #7809, #7881, #11520, #9126, #4232, #8773, #5474, #1028, #2688, #1863, #7768, #7944, #1731, #10886, #10752, #4013, #7136, #7326, #5978, #10080, #11006, #2283, #4873, #8083, #10419, #9178, #5404, #962, #1086, #2088, #4329, #273, #3007, #5155, #1595, #3950, #6989, #3824, #11515, #5688, #6206, #9661, #1944, #1453, #5436, #7141, #424, #10452, #2456, #1596, #9239, #7280, #5722, #373, #6863, #9852, #7858, #4870, #5068, #6766, #7414, #7257, #10817, #8266, #8359, #7273, #2007, #8590, #5916, #8002, #4199, #10143, #5805, #7560, #3153, #1149, #9770, #2751, #6427, #10320, #4506, #918, #1339, #9296, #10506, #1974, #6883, #8275, #2650, #1895, #10830, #5951, #1436, #4463, #5048, #8144, #11395, #509, #4802, #3718, #5290, #6779, #11205, #708, #6993, #8589, #900, #220, #10103, #6008, #9944, #9691, #7630, #8008, #10005, #4956, #2820, #1546, #6778, #5652, #10436, #8195, #1832, #7711, #8974, #11421, #7592, #9527, #1456, #9177, #4134, #4309, #6418, #4505, #3042, #791, #2151, #4411, #3442, #10350, #11393, #2536, #2575, #1405, #11293, #8054, #8375, #5374, #6636, #10980, #709, #10414, #3802, #4261, #585, #8254, #7792, #8622, #6265, #11504, #5854, #6493, #319, #9873, #9205, #5038, #10081, #6568, #7864, #199, #10678, #5869, #1303, #1182, #963, #10050, #10036, #10496, #2855, #9305, #5106, #4328, #5449, #752, #7064, #2395, #8814, #993, #7688, #2071, #568, #4539, #3369, #3995, #6745, #10083, #2294, #9468, #6084, #8693, #10964, #1691, #10297, #8936, #3855, #97, #5399, #370, #525, #360, #5035, #8623, #4574, #4377, #6228, #9428, #6001, #4012, #5670, #6623, #6119, #1871, #9657 ) ) ;
#5783 = CARTESIAN_POINT ( 'NONE',  ( 0.000000000000000000, 6.999999999999971578, -21.00000000000000000 ) ) ;
#5784 = DIRECTION ( 'NONE',  ( 1.000000000000000000, 0.000000000000000000, -1.652117596168387756E-16 ) ) ;
#5785 = LINE ( 'NONE', #6520, #6896 ) ;
#5786 = CARTESIAN_POINT ( 'NONE',  ( -23.99999999999998224, 83.99999999999998579, -2.599999999999989431 ) ) ;
#5787 = LINE ( 'NONE', #594, #493 ) ;
#5788 = EDGE_CURVE ( 'NONE', #9590, #1804, #4063, .T. ) ;
#5789 = ORIENTED_EDGE ( 'NONE', *, *, #604, .T. ) ;
#5790 = ORIENTED_EDGE ( 'NONE', *, *, #314, .T. ) ;
#5791 = CARTESIAN_POINT ( 'NONE',  ( -36.00000000000000000, 22.99999999999999289, -15.59999999999999432 ) ) ;
#5792 = CARTESIAN_POINT ( 'NONE',  ( -20.65716699989021166, 77.23230345890711135, 14.00000000000000178 ) ) ;
#5793 = LINE ( 'NONE', #4909, #11472 ) ;
#5794 = CARTESIAN_POINT ( 'NONE',  ( -23.99999999999998579, 23.50306154330088759, -7.499999999999998224 ) ) ;
#5795 = CARTESIAN_POINT ( 'NONE',  ( -25.74685356067767472, 8.766891667536555133, 20.33422227087005396 ) ) ;
#5796 = CARTESIAN_POINT ( 'NONE',  ( -1.000000000000000888, 51.31596721165375641, -20.99999999999998224 ) ) ;
#5797 = CARTESIAN_POINT ( 'NONE',  ( -26.13553390593277115, 48.83859544923360119, 1.000000000000000888 ) ) ;
#5798 = DIRECTION ( 'NONE',  ( -0.7071067811865452413, -0.7071067811865499042, 0.000000000000000000 ) ) ;
#5799 = EDGE_CURVE ( 'NONE', #3992, #2333, #8549, .T. ) ;
#5800 = EDGE_CURVE ( 'NONE', #7717, #5401, #7733, .T. ) ;
#5801 = ORIENTED_EDGE ( 'NONE', *, *, #9798, .F. ) ;
#5802 = CIRCLE ( 'NONE', #785, 20.00000000000000000 ) ;
#5803 = CARTESIAN_POINT ( 'NONE',  ( -21.03424050369337550, 9.600043746791298460, -21.00000000000000000 ) ) ;
#5804 = CARTESIAN_POINT ( 'NONE',  ( 11.01189701731965975, 0.000000000000000000, 23.07960065183321419 ) ) ;
#5805 = ADVANCED_FACE ( 'NONE', ( #2310 ), #11306, .F. ) ;
#5807 = CARTESIAN_POINT ( 'NONE',  ( -15.50000000000000533, 0.000000000000000000, 15.49999999999999112 ) ) ;
#5806 = CARTESIAN_POINT ( 'NONE',  ( -23.99999999999998934, 100.9999999999999858, 16.50000000000000355 ) ) ;
#5808 = CARTESIAN_POINT ( 'NONE',  ( 15.56992757980557940, 1.286167566283213802E-15, 27.00000000000000355 ) ) ;
#5809 = ORIENTED_EDGE ( 'NONE', *, *, #10035, .T. ) ;
#5810 = CARTESIAN_POINT ( 'NONE',  ( -35.99999999999999289, 23.00000000000002132, 3.899999999999996358 ) ) ;
#5811 = DIRECTION ( 'NONE',  ( 0.000000000000000000, 0.000000000000000000, -1.000000000000000000 ) ) ;
#5812 = EDGE_CURVE ( 'NONE', #8951, #10694, #697, .T. ) ;
#5813 = ORIENTED_EDGE ( 'NONE', *, *, #4824, .F. ) ;
#5814 = EDGE_LOOP ( 'NONE', ( #11163, #477, #8845, #7353 ) ) ;
#5815 = VERTEX_POINT ( 'NONE', #6730 ) ;
#5816 = CARTESIAN_POINT ( 'NONE',  ( 34.00000000000000000, 91.50000000000000000, 1.374999999999991340 ) ) ;
#5817 = ADVANCED_FACE ( 'NONE', ( #8600 ), #5119, .F. ) ;
#5818 = CARTESIAN_POINT ( 'NONE',  ( -0.9999999999999976685, 51.31596721165376351, -0.9999999999999983347 ) ) ;
#5819 = FACE_BOUND ( 'NONE', #4193, .T. ) ;
#5820 = ORIENTED_EDGE ( 'NONE', *, *, #5008, .F. ) ;
#5821 = DIRECTION ( 'NONE',  ( -1.000000000000000000, 0.000000000000000000, 0.000000000000000000 ) ) ;
#5822 = CARTESIAN_POINT ( 'NONE',  ( 11.56992757980552788, 0.000000000000000000, 21.00571895806876910 ) ) ;
#5823 = DIRECTION ( 'NONE',  ( 1.000000000000000000, 0.000000000000000000, 0.000000000000000000 ) ) ;
#5824 = DIRECTION ( 'NONE',  ( -0.000000000000000000, -0.000000000000000000, -1.000000000000000000 ) ) ;
#5825 = DIRECTION ( 'NONE',  ( -0.9659258262890709767, 0.000000000000000000, -0.2588190451025108585 ) ) ;
#5826 = CARTESIAN_POINT ( 'NONE',  ( -43.99999999999998579, 88.61736382251127964, -2.599999999999991207 ) ) ;
#5827 = FACE_OUTER_BOUND ( 'NONE', #8271, .T. ) ;
#5828 = CONICAL_SURFACE ( 'NONE', #10106, 9.028718707889614947, 1.308996938995755199 ) ;
#5829 = VERTEX_POINT ( 'NONE', #634 ) ;
#5830 = ORIENTED_EDGE ( 'NONE', *, *, #2429, .T. ) ;
#5831 = EDGE_CURVE ( 'NONE', #9444, #5, #7850, .T. ) ;
#5832 = CARTESIAN_POINT ( 'NONE',  ( -21.45244968739820024, 8.052153116132487298, 3.912234390235011627 ) ) ;
#5833 = CARTESIAN_POINT ( 'NONE',  ( -22.16561135359183865, 8.468672896892813995, 15.48692574595543725 ) ) ;
#5834 = DIRECTION ( 'NONE',  ( 1.000000000000000000, 0.000000000000000000, 0.000000000000000000 ) ) ;
#5835 = AXIS2_PLACEMENT_3D ( 'NONE', #7879, #3385, #6995 ) ;
#5836 = CYLINDRICAL_SURFACE ( 'NONE', #633, 3.499999999999999556 ) ;
#5837 = CARTESIAN_POINT ( 'NONE',  ( -32.45779162047084299, 66.65895734927147487, -84.74336439883575167 ) ) ;
#5838 = CARTESIAN_POINT ( 'NONE',  ( -27.42013958249781069, 15.76771940676526995, 14.16960271841772290 ) ) ;
#5839 = CARTESIAN_POINT ( 'NONE',  ( -16.56488701147627651, -1.337319140995194111, 27.00000000000000355 ) ) ;
#5840 = AXIS2_PLACEMENT_3D ( 'NONE', #4107, #5041, #7658 ) ;
#5841 = ORIENTED_EDGE ( 'NONE', *, *, #9194, .T. ) ;
#5842 = ORIENTED_EDGE ( 'NONE', *, *, #10129, .F. ) ;
#5843 = ORIENTED_EDGE ( 'NONE', *, *, #1308, .T. ) ;
#5844 = CARTESIAN_POINT ( 'NONE',  ( 7.090893672577268880, -39.28700319109558592, 27.00000000000000355 ) ) ;
#5845 = FACE_OUTER_BOUND ( 'NONE', #9112, .T. ) ;
#5846 = FACE_OUTER_BOUND ( 'NONE', #11017, .T. ) ;
#5847 = VECTOR ( 'NONE', #884, 1000.000000000000000 ) ;
#5848 = DIRECTION ( 'NONE',  ( 0.000000000000000000, 0.000000000000000000, 1.000000000000000000 ) ) ;
#5849 = LINE ( 'NONE', #9408, #8056 ) ;
#5850 = EDGE_LOOP ( 'NONE', ( #2622, #7109, #3662, #5918 ) ) ;
#5851 = VECTOR ( 'NONE', #8164, 1000.000000000000000 ) ;
#5852 = DIRECTION ( 'NONE',  ( 0.000000000000000000, 0.000000000000000000, 1.000000000000000000 ) ) ;
#5853 = DIRECTION ( 'NONE',  ( 1.000000000000000000, 0.000000000000000000, -0.000000000000000000 ) ) ;
#5854 = ADVANCED_FACE ( 'NONE', ( #9378 ), #759, .F. ) ;
#5855 = B_SPLINE_CURVE_WITH_KNOTS ( 'NONE', 3,
 ( #4897, #5069, #4135, #11322 ),
 .UNSPECIFIED., .F., .F.,
 ( 4, 4 ),
 ( 0.000000000000000000, 0.008352031571055530332 ),
 .UNSPECIFIED. ) ;
#5856 = CIRCLE ( 'NONE', #1192, 15.00000000000000000 ) ;
#5857 = AXIS2_PLACEMENT_3D ( 'NONE', #5807, #11107, #10238 ) ;
#5858 = LINE ( 'NONE', #3104, #6770 ) ;
#5859 = AXIS2_PLACEMENT_3D ( 'NONE', #5920, #7534, #5752 ) ;
#5860 = CARTESIAN_POINT ( 'NONE',  ( -16.85690193720793673, -2.716759358448173067, 24.49999999999999645 ) ) ;
#5861 = ORIENTED_EDGE ( 'NONE', *, *, #7647, .F. ) ;
#5863 = LINE ( 'NONE', #8244, #10881 ) ;
#5862 = DIRECTION ( 'NONE',  ( 0.000000000000000000, 0.000000000000000000, -1.000000000000000000 ) ) ;
#5864 = EDGE_CURVE ( 'NONE', #9630, #7938, #463, .T. ) ;
#5865 = CYLINDRICAL_SURFACE ( 'NONE', #4223, 5.000000000000000888 ) ;
#5866 = ORIENTED_EDGE ( 'NONE', *, *, #1520, .T. ) ;
#5867 = ORIENTED_EDGE ( 'NONE', *, *, #1215, .T. ) ;
#5868 = EDGE_CURVE ( 'NONE', #10573, #2418, #7159, .T. ) ;
#5869 = ADVANCED_FACE ( 'NONE', ( #6966 ), #10422, .F. ) ;
#5870 = CARTESIAN_POINT ( 'NONE',  ( -33.49999999999997158, 89.25000000000000000, 1.375000000000001776 ) ) ;
#5871 = AXIS2_PLACEMENT_3D ( 'NONE', #2023, #5704, #8263 ) ;
#5872 = ORIENTED_EDGE ( 'NONE', *, *, #10804, .F. ) ;
#5873 = AXIS2_PLACEMENT_3D ( 'NONE', #8307, #6495, #10944 ) ;
#5874 = ORIENTED_EDGE ( 'NONE', *, *, #10997, .F. ) ;
#5875 = ORIENTED_EDGE ( 'NONE', *, *, #6526, .T. ) ;
#5876 = VECTOR ( 'NONE', #5029, 1000.000000000000000 ) ;
#5877 = ORIENTED_EDGE ( 'NONE', *, *, #10000, .T. ) ;
#5878 = EDGE_CURVE ( 'NONE', #9444, #1097, #10477, .T. ) ;
#5879 = CARTESIAN_POINT ( 'NONE',  ( -35.99999999999998579, 59.74211698483085797, 21.00000000000014566 ) ) ;
#5880 = DIRECTION ( 'NONE',  ( 1.000000000000000000, -0.000000000000000000, -1.652117596168387756E-16 ) ) ;
#5881 = ORIENTED_EDGE ( 'NONE', *, *, #2591, .T. ) ;
#5882 = FACE_OUTER_BOUND ( 'NONE', #10486, .T. ) ;
#5883 = CARTESIAN_POINT ( 'NONE',  ( 13.26992757980552717, -5.000000000000000000, 27.00000000000000355 ) ) ;
#5884 = DIRECTION ( 'NONE',  ( -1.000000000000000000, 0.000000000000000000, 0.000000000000000000 ) ) ;
#5885 = CARTESIAN_POINT ( 'NONE',  ( -22.19472289547700683, 1.005607329014596818, 23.47091024032909345 ) ) ;
#5886 = DIRECTION ( 'NONE',  ( -0.7071067811865475727, -0.7071067811865475727, 5.841117777841426345E-17 ) ) ;
#5887 = PLANE ( 'NONE',  #4614 ) ;
#5888 = VECTOR ( 'NONE', #9133, 1000.000000000000000 ) ;
#5889 = ORIENTED_EDGE ( 'NONE', *, *, #2755, .T. ) ;
#5890 = AXIS2_PLACEMENT_3D ( 'NONE', #9617, #9546, #9488 ) ;
#5891 = ORIENTED_EDGE ( 'NONE', *, *, #3078, .T. ) ;
#5892 = EDGE_LOOP ( 'NONE', ( #5721, #7168, #6011, #9189, #5947, #6343, #10806, #1120, #6128, #970, #7181, #6331, #7662, #1040, #5655, #6176, #5040, #10779, #3005, #141 ) ) ;
#5893 = EDGE_LOOP ( 'NONE', ( #28, #8312, #2220, #5427 ) ) ;
#5894 = CARTESIAN_POINT ( 'NONE',  ( -21.03832892204481553, 8.000048970288766270, 15.60000000000000675 ) ) ;
#5895 = PLANE ( 'NONE',  #11526 ) ;
#5896 = VECTOR ( 'NONE', #3682, 1000.000000000000000 ) ;
#5897 = DIRECTION ( 'NONE',  ( 0.000000000000000000, 0.000000000000000000, 1.000000000000000000 ) ) ;
#5898 = FACE_OUTER_BOUND ( 'NONE', #3064, .T. ) ;
#5899 = DIRECTION ( 'NONE',  ( -0.7071067811865475727, 0.7071067811865475727, 0.000000000000000000 ) ) ;
#5900 = LINE ( 'NONE', #9454, #8735 ) ;
#5901 = DIRECTION ( 'NONE',  ( 0.000000000000000000, 0.000000000000000000, 1.000000000000000000 ) ) ;
#5902 = CIRCLE ( 'NONE', #7189, 20.00000000000000000 ) ;
#5903 = EDGE_CURVE ( 'NONE', #1679, #9868, #1385, .T. ) ;
#5904 = EDGE_CURVE ( 'NONE', #7429, #863, #5182, .T. ) ;
#5905 = ORIENTED_EDGE ( 'NONE', *, *, #11242, .T. ) ;
#5906 = ORIENTED_EDGE ( 'NONE', *, *, #3290, .F. ) ;
#5907 = ORIENTED_EDGE ( 'NONE', *, *, #6375, .T. ) ;
#5908 = CARTESIAN_POINT ( 'NONE',  ( -26.26467776801766263, 12.88539553710950258, -11.36626336690469508 ) ) ;
#5909 = CARTESIAN_POINT ( 'NONE',  ( -34.16274169979691067, 91.50000000000000000, 2.975000000000003197 ) ) ;
#5910 = VECTOR ( 'NONE', #3819, 1000.000000000000000 ) ;
#5911 = FACE_OUTER_BOUND ( 'NONE', #3060, .T. ) ;
#5912 = DIRECTION ( 'NONE',  ( 1.000000000000000000, 0.000000000000000000, 0.000000000000000000 ) ) ;
#5913 = ORIENTED_EDGE ( 'NONE', *, *, #4551, .T. ) ;
#5914 = CARTESIAN_POINT ( 'NONE',  ( -46.00000000000000000, 8.000000000000000000, 7.599740942374584663E-15 ) ) ;
#5915 = CARTESIAN_POINT ( 'NONE',  ( -24.00000000000003908, 46.70306154330088333, -47.00000000000000000 ) ) ;
#5916 = ADVANCED_FACE ( 'NONE', ( #11240 ), #10364, .T. ) ;
#5917 = B_SPLINE_CURVE_WITH_KNOTS ( 'NONE', 3,
 ( #10, #8675, #10439, #11492, #5254, #7863, #6000, #10669, #940, #4484, #710, #4252, #7042, #11320, #9566, #1749, #5316, #7806, #6916, #6062, #8734, #772, #11432, #881, #3432, #6978, #7984, #3550, #2665, #1100, #5644, #3719, #3831, #1854, #4696, #1209, #119, #990 ),
 .UNSPECIFIED., .F., .F.,
 ( 4, 2, 2, 2, 1, 1, 2, 2, 2, 1, 2, 2, 2, 1, 2, 2, 2, 1, 1, 2, 2, 4 ),
 ( 0.000000000000000000, 0.2500000000000013323, 0.3125000000000013323, 0.3750000000000013323, 0.4375000000000013323, 0.4687500000000017208, 0.4843750000000022760, 0.5000000000000028866, 0.5625000000000071054, 0.5937500000000092149, 0.6093750000000098810, 0.6250000000000106581, 0.6875000000000113243, 0.7187500000000112133, 0.7343750000000107692, 0.7500000000000104361, 0.8125000000000092149, 0.8437500000000081046, 0.8593750000000074385, 0.8671875000000067724, 0.8750000000000059952, 1.000000000000000000 ),
 .UNSPECIFIED. ) ;
#5918 = ORIENTED_EDGE ( 'NONE', *, *, #11147, .F. ) ;
#5919 = VECTOR ( 'NONE', #3529, 1000.000000000000000 ) ;
#5920 = CARTESIAN_POINT ( 'NONE',  ( -22.60000000000001208, 36.03199373143542061, -47.00000000000000000 ) ) ;
#5921 = CARTESIAN_POINT ( 'NONE',  ( 10.90326138414417656, 0.000000000000000000, 21.00000000819023782 ) ) ;
#5922 = VERTEX_POINT ( 'NONE', #4742 ) ;
#5924 = CARTESIAN_POINT ( 'NONE',  ( -43.00000000000000000, 66.70253441421070306, 13.99999999999995737 ) ) ;
#5923 = CARTESIAN_POINT ( 'NONE',  ( 16.82423998241772267, -0.3220659792052527060, 22.48344768964344453 ) ) ;
#5925 = CARTESIAN_POINT ( 'NONE',  ( -23.99999999999998224, 88.61736382251127964, 5.500000000000002665 ) ) ;
#5926 = CYLINDRICAL_SURFACE ( 'NONE', #1630, 4.242640687119314968 ) ;
#5927 = B_SPLINE_CURVE_WITH_KNOTS ( 'NONE', 3,
 ( #3008, #3885, #3062, #11008 ),
 .UNSPECIFIED., .F., .F.,
 ( 4, 4 ),
 ( 0.000000000000000000, 0.002626471643539434863 ),
 .UNSPECIFIED. ) ;
#5928 = ORIENTED_EDGE ( 'NONE', *, *, #6291, .T. ) ;
#5929 = LINE ( 'NONE', #11290, #11120 ) ;
#5930 = CARTESIAN_POINT ( 'NONE',  ( -18.71057662312713887, -0.4274932452976374364, 25.65489220799764070 ) ) ;
#5931 = CIRCLE ( 'NONE', #3686, 13.99999999999995737 ) ;
#5932 = VERTEX_POINT ( 'NONE', #8843 ) ;
#5933 = ADVANCED_FACE ( 'NONE', ( #926 ), #5362, .F. ) ;
#5934 = CARTESIAN_POINT ( 'NONE',  ( -20.14279459621369384, -1.086319754853640185E-16, 21.12381150910392691 ) ) ;
#5935 = CARTESIAN_POINT ( 'NONE',  ( -23.99999999999998224, 80.90614708599618154, -4.263407659712984632 ) ) ;
#5936 = EDGE_CURVE ( 'NONE', #7429, #3282, #6407, .T. ) ;
#5937 = ORIENTED_EDGE ( 'NONE', *, *, #6040, .F. ) ;
#5938 = CARTESIAN_POINT ( 'NONE',  ( -20.99999999999999289, 22.99999999999999289, -3.900000000000004352 ) ) ;
#5939 = DIRECTION ( 'NONE',  ( -0.7071067811865524577, -0.000000000000000000, 0.7071067811865426878 ) ) ;
#5940 = DIRECTION ( 'NONE',  ( 0.000000000000000000, 0.000000000000000000, 1.000000000000000000 ) ) ;
#5941 = CARTESIAN_POINT ( 'NONE',  ( -64.05715113960525287, 68.56021268290588466, 12.00000000000000178 ) ) ;
#5942 = CARTESIAN_POINT ( 'NONE',  ( -28.73893978898658830, 1.224883124487561536, 20.00000726179410648 ) ) ;
#5943 = DIRECTION ( 'NONE',  ( 2.023260525962635502E-32, 1.000000000000000000, 1.224646799147353207E-16 ) ) ;
#5944 = CARTESIAN_POINT ( 'NONE',  ( -26.13553390593271075, 21.36752763736817684, 12.00000000000000355 ) ) ;
#5945 = LINE ( 'NONE', #4129, #11139 ) ;
#5946 = CONICAL_SURFACE ( 'NONE', #5763, 25.97128129211039038, 1.308996938995754311 ) ;
#5947 = ORIENTED_EDGE ( 'NONE', *, *, #3993, .T. ) ;
#5948 = EDGE_CURVE ( 'NONE', #7542, #11482, #1027, .T. ) ;
#5949 = EDGE_CURVE ( 'NONE', #4432, #1853, #9361, .T. ) ;
#5950 = ORIENTED_EDGE ( 'NONE', *, *, #6632, .F. ) ;
#5951 = ADVANCED_FACE ( 'NONE', ( #5300 ), #811, .T. ) ;
#5952 = ORIENTED_EDGE ( 'NONE', *, *, #10232, .F. ) ;
#5953 = DIRECTION ( 'NONE',  ( 1.000000000000000000, 0.000000000000000000, 0.000000000000000000 ) ) ;
#5954 = CONICAL_SURFACE ( 'NONE', #933, 35.00000000000000000, 1.308996938995754089 ) ;
#5955 = CARTESIAN_POINT ( 'NONE',  ( -26.74376909892639631, 0.6685839016979135963, 20.23515212106013195 ) ) ;
#5956 = LINE ( 'NONE', #10442, #10084 ) ;
#5957 = LINE ( 'NONE', #1517, #10236 ) ;
#5958 = CYLINDRICAL_SURFACE ( 'NONE', #507, 20.00000000000000000 ) ;
#5959 = VECTOR ( 'NONE', #7381, 1000.000000000000000 ) ;
#5960 = DIRECTION ( 'NONE',  ( 0.8681683818352221582, -0.4234340121835284965, -0.2588190451025026428 ) ) ;
#5961 = ORIENTED_EDGE ( 'NONE', *, *, #7285, .T. ) ;
#5962 = VERTEX_POINT ( 'NONE', #10546 ) ;
#5963 = FACE_OUTER_BOUND ( 'NONE', #4978, .T. ) ;
#5964 = CARTESIAN_POINT ( 'NONE',  ( -9.385072420194470411, 0.000000000000000000, 21.00571895806876910 ) ) ;
#5965 = CARTESIAN_POINT ( 'NONE',  ( -36.00000000000000000, 22.99999999999999289, -20.99999999999999645 ) ) ;
#5966 = EDGE_CURVE ( 'NONE', #3361, #855, #3630, .T. ) ;
#5967 = PLANE ( 'NONE',  #8337 ) ;
#5968 = DIRECTION ( 'NONE',  ( 0.000000000000000000, 0.000000000000000000, 1.000000000000000000 ) ) ;
#5969 = ORIENTED_EDGE ( 'NONE', *, *, #8721, .F. ) ;
#5970 = CARTESIAN_POINT ( 'NONE',  ( -20.99999999999998934, 42.94570223042018142, -5.499999999999998224 ) ) ;
#5971 = DIRECTION ( 'NONE',  ( 0.8681683818352188275, -0.4234340121835279969, -0.2588190451025145222 ) ) ;
#5972 = VECTOR ( 'NONE', #1869, 1000.000000000000114 ) ;
#5973 = DIRECTION ( 'NONE',  ( -1.683387419516472146E-32, -1.000000000000000000, 4.565061778886332934E-17 ) ) ;
#5974 = DIRECTION ( 'NONE',  ( 1.652117596168388002E-16, 0.000000000000000000, 1.000000000000000000 ) ) ;
#5975 = ORIENTED_EDGE ( 'NONE', *, *, #6226, .F. ) ;
#5977 = CARTESIAN_POINT ( 'NONE',  ( -27.60000000000010445, 88.61736382251130806, -5.499999999999999112 ) ) ;
#5976 = CARTESIAN_POINT ( 'NONE',  ( -24.00000000000002487, 41.70306154330087622, -0.9999999999999974465 ) ) ;
#5978 = ADVANCED_FACE ( 'NONE', ( #5571 ), #6215, .F. ) ;
#5979 = CARTESIAN_POINT ( 'NONE',  ( -24.64217666525580341, 10.94523820855675567, -4.546733610434447570 ) ) ;
#5980 = EDGE_LOOP ( 'NONE', ( #7270, #8044, #8345, #7566 ) ) ;
#5981 = PLANE ( 'NONE',  #3329 ) ;
#5982 = AXIS2_PLACEMENT_3D ( 'NONE', #5123, #10368, #6970 ) ;
#5983 = FACE_OUTER_BOUND ( 'NONE', #4014, .T. ) ;
#5984 = ORIENTED_EDGE ( 'NONE', *, *, #6429, .F. ) ;
#5985 = PLANE ( 'NONE',  #6811 ) ;
#5986 = EDGE_CURVE ( 'NONE', #4818, #863, #6483, .T. ) ;
#5987 = ORIENTED_EDGE ( 'NONE', *, *, #4808, .F. ) ;
#5988 = CARTESIAN_POINT ( 'NONE',  ( 10.76992757980552895, 0.000000000000000000, 21.00000000000000000 ) ) ;
#5989 = DIRECTION ( 'NONE',  ( 0.4999999999999993894, -0.8660254037844389297, 0.000000000000000000 ) ) ;
#5990 = LINE ( 'NONE', #6967, #342 ) ;
#5991 = ORIENTED_EDGE ( 'NONE', *, *, #10303, .F. ) ;
#5992 = DIRECTION ( 'NONE',  ( -1.000000000000000000, 0.000000000000000000, 0.000000000000000000 ) ) ;
#5993 = CARTESIAN_POINT ( 'NONE',  ( -25.30765968389831855, 1.328424691930731427, 21.62006888214139266 ) ) ;
#5994 = CARTESIAN_POINT ( 'NONE',  ( -43.00000000000000000, 89.25000000000000000, 1.975000000000006750 ) ) ;
#5995 = CARTESIAN_POINT ( 'NONE',  ( -43.99999999999998579, 88.61736382251127964, 10.39999999999999325 ) ) ;
#5996 = CARTESIAN_POINT ( 'NONE',  ( -45.00000000000005684, 100.9999999999999858, 0.000000000000000000 ) ) ;
#5997 = VERTEX_POINT ( 'NONE', #5242 ) ;
#5998 = ORIENTED_EDGE ( 'NONE', *, *, #883, .T. ) ;
#5999 = VERTEX_POINT ( 'NONE', #10933 ) ;
#6000 = CARTESIAN_POINT ( 'NONE',  ( -26.08853611436831343, 1.488258559114131296, 21.36710585349019809 ) ) ;
#6001 = ADVANCED_FACE ( 'NONE', ( #2926 ), #257, .T. ) ;
#6002 = CARTESIAN_POINT ( 'NONE',  ( -23.41937708228559600, 0.1150814283493202667, 21.44130501782243314 ) ) ;
#6003 = DIRECTION ( 'NONE',  ( 0.000000000000000000, -1.000000000000000000, 0.000000000000000000 ) ) ;
#6004 = DIRECTION ( 'NONE',  ( 1.355252715606880049E-16, 0.000000000000000000, 1.000000000000000000 ) ) ;
#6005 = DIRECTION ( 'NONE',  ( 1.734723475976807489E-15, -1.000000000000000000, 0.000000000000000000 ) ) ;
#6006 = ORIENTED_EDGE ( 'NONE', *, *, #7788, .T. ) ;
#6007 = VERTEX_POINT ( 'NONE', #9998 ) ;
#6008 = ADVANCED_FACE ( 'NONE', ( #10657 ), #1998, .T. ) ;
#6009 = VECTOR ( 'NONE', #1981, 1000.000000000000114 ) ;
#6010 = CARTESIAN_POINT ( 'NONE',  ( -23.99999999999998579, 23.50306154330088759, -13.99999999999999645 ) ) ;
#6011 = ORIENTED_EDGE ( 'NONE', *, *, #6991, .T. ) ;
#6012 = AXIS2_PLACEMENT_3D ( 'NONE', #11507, #9705, #6077 ) ;
#6013 = VERTEX_POINT ( 'NONE', #3812 ) ;
#6014 = CARTESIAN_POINT ( 'NONE',  ( -21.00000000000000000, 25.00000000000000000, -21.00000000000000000 ) ) ;
#6015 = CARTESIAN_POINT ( 'NONE',  ( -8.851745900624379715, 0.000000000000000000, 21.00000000000000000 ) ) ;
#6016 = CARTESIAN_POINT ( 'NONE',  ( -21.71393835577976361, 8.016999899080737180, -21.00000000000000000 ) ) ;
#6017 = ADVANCED_FACE ( 'NONE', ( #5627 ), #7720, .T. ) ;
#6018 = CARTESIAN_POINT ( 'NONE',  ( -17.19904811065289252, -0.5763583819346861370, 26.96088512715580165 ) ) ;
#6019 = LINE ( 'NONE', #9589, #6736 ) ;
#6020 = ORIENTED_EDGE ( 'NONE', *, *, #9162, .T. ) ;
#6021 = CARTESIAN_POINT ( 'NONE',  ( -24.00000000000000000, 28.50306154330090536, -47.00000000000000000 ) ) ;
#6022 = CIRCLE ( 'NONE', #11431, 4.242640687119280329 ) ;
#6023 = ORIENTED_EDGE ( 'NONE', *, *, #5418, .T. ) ;
#6024 = EDGE_CURVE ( 'NONE', #10130, #6457, #1945, .T. ) ;
#6025 = DIRECTION ( 'NONE',  ( 2.168404344970645745E-16, 0.000000000000000000, 1.000000000000000000 ) ) ;
#6026 = VECTOR ( 'NONE', #3851, 1000.000000000000114 ) ;
#6027 = DIRECTION ( 'NONE',  ( 1.000000000000000000, 9.251858538542971828E-16, 0.000000000000000000 ) ) ;
#6028 = ORIENTED_EDGE ( 'NONE', *, *, #11096, .F. ) ;
#6030 = CARTESIAN_POINT ( 'NONE',  ( -24.00456142979123797, 88.19023809745083042, -10.40000000000000568 ) ) ;
#6029 = CARTESIAN_POINT ( 'NONE',  ( -27.60000000000010445, 88.61736382251130806, 7.500000000000002665 ) ) ;
#6031 = CONICAL_SURFACE ( 'NONE', #10507, 35.00000000000000000, 1.308996938995754311 ) ;
#6032 = LINE ( 'NONE', #10591, #10004 ) ;
#6033 = ORIENTED_EDGE ( 'NONE', *, *, #1082, .T. ) ;
#6034 = DIRECTION ( 'NONE',  ( 1.000000000000000000, 0.000000000000000000, -0.000000000000000000 ) ) ;
#6035 = VERTEX_POINT ( 'NONE', #11480 ) ;
#6036 = FACE_BOUND ( 'NONE', #2150, .T. ) ;
#6037 = VECTOR ( 'NONE', #1558, 1000.000000000000000 ) ;
#6038 = VECTOR ( 'NONE', #7737, 1000.000000000000114 ) ;
#6039 = VECTOR ( 'NONE', #1598, 1000.000000000000114 ) ;
#6040 = EDGE_CURVE ( 'NONE', #286, #6911, #11080, .T. ) ;
#6041 = EDGE_CURVE ( 'NONE', #10777, #1844, #4679, .T. ) ;
#6042 = CYLINDRICAL_SURFACE ( 'NONE', #2033, 9.000000000000001776 ) ;
#6043 = ORIENTED_EDGE ( 'NONE', *, *, #5011, .T. ) ;
#6044 = ORIENTED_EDGE ( 'NONE', *, *, #557, .T. ) ;
#6045 = DIRECTION ( 'NONE',  ( 0.000000000000000000, -1.000000000000000000, 1.927470528863117569E-16 ) ) ;
#6046 = DIRECTION ( 'NONE',  ( 0.000000000000000000, 0.000000000000000000, 1.000000000000000000 ) ) ;
#6047 = VECTOR ( 'NONE', #3035, 1000.000000000000000 ) ;
#6048 = VERTEX_POINT ( 'NONE', #9235 ) ;
#6049 = FACE_OUTER_BOUND ( 'NONE', #9331, .T. ) ;
#6050 = AXIS2_PLACEMENT_3D ( 'NONE', #2871, #2601, #8297 ) ;
#6051 = CARTESIAN_POINT ( 'NONE',  ( -123.0000000000000000, 66.70253441421070306, 2.106472212239357681E-14 ) ) ;
#6052 = DIRECTION ( 'NONE',  ( 0.000000000000000000, 0.000000000000000000, 1.000000000000000000 ) ) ;
#6053 = VERTEX_POINT ( 'NONE', #4797 ) ;
#6054 = CARTESIAN_POINT ( 'NONE',  ( -27.09083954634446201, 64.04131992144893104, -0.9999999999999983347 ) ) ;
#6055 = CARTESIAN_POINT ( 'NONE',  ( -22.61780253550040243, 0.05227711973265562057, 21.93039176025630610 ) ) ;
#6056 = DIRECTION ( 'NONE',  ( 0.000000000000000000, 0.000000000000000000, -1.000000000000000000 ) ) ;
#6057 = DIRECTION ( 'NONE',  ( -0.000000000000000000, 1.000000000000000000, -0.000000000000000000 ) ) ;
#6058 = VERTEX_POINT ( 'NONE', #8353 ) ;
#6059 = ORIENTED_EDGE ( 'NONE', *, *, #1748, .F. ) ;
#6060 = EDGE_LOOP ( 'NONE', ( #4141, #9746, #9050, #9359 ) ) ;
#6061 = ORIENTED_EDGE ( 'NONE', *, *, #5572, .F. ) ;
#6062 = CARTESIAN_POINT ( 'NONE',  ( -24.14519962712986256, 1.150285027624741385, 22.13783628296145167 ) ) ;
#6063 = EDGE_LOOP ( 'NONE', ( #10117, #8694, #9902, #11404 ) ) ;
#6064 = EDGE_CURVE ( 'NONE', #5654, #5255, #7587, .T. ) ;
#6065 = CARTESIAN_POINT ( 'NONE',  ( -21.55483761886555172, 0.004388966940821220630, 22.71512198226931645 ) ) ;
#6066 = FACE_OUTER_BOUND ( 'NONE', #7023, .T. ) ;
#6067 = PLANE ( 'NONE',  #7817 ) ;
#6068 = CARTESIAN_POINT ( 'NONE',  ( -23.38689500141419941, 9.689956544715167652, 8.698675443213579328 ) ) ;
#6069 = VERTEX_POINT ( 'NONE', #419 ) ;
#6070 = EDGE_CURVE ( 'NONE', #3116, #6007, #3975, .T. ) ;
#6071 = DIRECTION ( 'NONE',  ( 1.000000000000000000, 0.000000000000000000, 0.000000000000000000 ) ) ;
#6072 = EDGE_CURVE ( 'NONE', #7911, #7104, #2579, .T. ) ;
#6073 = ORIENTED_EDGE ( 'NONE', *, *, #5235, .F. ) ;
#6074 = AXIS2_PLACEMENT_3D ( 'NONE', #10301, #2360, #3118 ) ;
#6075 = EDGE_LOOP ( 'NONE', ( #7580, #8033, #8624, #925 ) ) ;
#6076 = FACE_OUTER_BOUND ( 'NONE', #1959, .T. ) ;
#6077 = DIRECTION ( 'NONE',  ( 1.000000000000000000, 0.000000000000000000, 0.000000000000000000 ) ) ;
#6078 = CARTESIAN_POINT ( 'NONE',  ( -19.45752313669873956, -0.1074091486554284991, 25.02038768603834384 ) ) ;
#6079 = DIRECTION ( 'NONE',  ( 1.652117596168388002E-16, 0.000000000000000000, 1.000000000000000000 ) ) ;
#6080 = CARTESIAN_POINT ( 'NONE',  ( -20.10042091740904624, 0.9055496419185923296, 25.53553390593271644 ) ) ;
#6081 = ORIENTED_EDGE ( 'NONE', *, *, #1420, .T. ) ;
#6082 = CARTESIAN_POINT ( 'NONE',  ( -22.16561135359183510, 8.468672896892810442, -8.986925745955424816 ) ) ;
#6083 = ORIENTED_EDGE ( 'NONE', *, *, #9541, .T. ) ;
#6084 = ADVANCED_FACE ( 'NONE', ( #2277 ), #1402, .F. ) ;
#6085 = EDGE_CURVE ( 'NONE', #8826, #7214, #2873, .T. ) ;
#6086 = EDGE_CURVE ( 'NONE', #9579, #9259, #8156, .T. ) ;
#6087 = LINE ( 'NONE', #7122, #4174 ) ;
#6088 = DIRECTION ( 'NONE',  ( 0.000000000000000000, 0.000000000000000000, 1.000000000000000000 ) ) ;
#6089 = ORIENTED_EDGE ( 'NONE', *, *, #7385, .T. ) ;
#6091 = DIRECTION ( 'NONE',  ( -0.000000000000000000, -0.000000000000000000, -1.000000000000000000 ) ) ;
#6090 = FACE_OUTER_BOUND ( 'NONE', #192, .T. ) ;
#6092 = PLANE ( 'NONE',  #10725 ) ;
#6093 = DIRECTION ( 'NONE',  ( 0.000000000000000000, -1.000000000000000000, 0.000000000000000000 ) ) ;
#6094 = ORIENTED_EDGE ( 'NONE', *, *, #11215, .F. ) ;
#6095 = DIRECTION ( 'NONE',  ( -0.000000000000000000, 0.000000000000000000, -1.000000000000000000 ) ) ;
#6096 = ORIENTED_EDGE ( 'NONE', *, *, #4906, .T. ) ;
#6097 = FACE_OUTER_BOUND ( 'NONE', #935, .T. ) ;
#6098 = B_SPLINE_CURVE_WITH_KNOTS ( 'NONE', 3,
 ( #8669, #3424, #9685, #1507, #5127, #817 ),
 .UNSPECIFIED., .F., .F.,
 ( 4, 2, 4 ),
 ( 0.000000000000000000, 0.004673965940421980284, 0.009347931880843960567 ),
 .UNSPECIFIED. ) ;
#6099 = CARTESIAN_POINT ( 'NONE',  ( -18.59999999999998366, 17.63098360465878756, -47.00000000000000000 ) ) ;
#6100 = CARTESIAN_POINT ( 'NONE',  ( -35.99999999999999289, 100.9999999999999289, 21.00000000000000355 ) ) ;
#6101 = DIRECTION ( 'NONE',  ( 0.000000000000000000, -1.000000000000000000, 0.000000000000000000 ) ) ;
#6102 = EDGE_LOOP ( 'NONE', ( #6325, #11278, #1093, #10344 ) ) ;
#6103 = ORIENTED_EDGE ( 'NONE', *, *, #6632, .T. ) ;
#6104 = CARTESIAN_POINT ( 'NONE',  ( -26.02411907401664592, 79.84994088672972623, -84.74336439883576588 ) ) ;
#6105 = AXIS2_PLACEMENT_3D ( 'NONE', #10044, #4723, #3025 ) ;
#6106 = ORIENTED_EDGE ( 'NONE', *, *, #10728, .T. ) ;
#6107 = CARTESIAN_POINT ( 'NONE',  ( -33.37284752453720671, 64.62005467201966269, 19.99999999999999645 ) ) ;
#6108 = DIRECTION ( 'NONE',  ( 0.000000000000000000, 0.000000000000000000, -1.000000000000000000 ) ) ;
#6109 = DIRECTION ( 'NONE',  ( 1.000000000000000000, 1.387778780781445478E-15, 0.000000000000000000 ) ) ;
#6110 = ORIENTED_EDGE ( 'NONE', *, *, #3658, .F. ) ;
#6111 = DIRECTION ( 'NONE',  ( 0.000000000000000000, 0.000000000000000000, -1.000000000000000000 ) ) ;
#6112 = CARTESIAN_POINT ( 'NONE',  ( -24.08802209678579587, 0.1908551610066574755, 21.10748004557417801 ) ) ;
#6113 = LINE ( 'NONE', #5944, #5078 ) ;
#6114 = LINE ( 'NONE', #9686, #4799 ) ;
#6115 = VECTOR ( 'NONE', #1962, 999.9999999999998863 ) ;
#6116 = ORIENTED_EDGE ( 'NONE', *, *, #7486, .T. ) ;
#6117 = ORIENTED_EDGE ( 'NONE', *, *, #4976, .T. ) ;
#6118 = DIRECTION ( 'NONE',  ( -0.7071067811865495711, -0.7071067811865454633, 0.000000000000000000 ) ) ;
#6119 = ADVANCED_FACE ( 'NONE', ( #3971 ), #4201, .F. ) ;
#6120 = CARTESIAN_POINT ( 'NONE',  ( -22.00060018328537481, 0.01958961109658290123, 22.36545023034075186 ) ) ;
#6121 = DIRECTION ( 'NONE',  ( 0.000000000000000000, 0.000000000000000000, 1.000000000000000000 ) ) ;
#6122 = AXIS2_PLACEMENT_3D ( 'NONE', #1357, #6592, #8525 ) ;
#6123 = DIRECTION ( 'NONE',  ( -0.2326250168069745883, 0.1134588016124430110, 0.9659258262890701996 ) ) ;
#6124 = DIRECTION ( 'NONE',  ( 1.000000000000000000, 0.000000000000000000, -2.197316402903955784E-15 ) ) ;
#6125 = ORIENTED_EDGE ( 'NONE', *, *, #5737, .F. ) ;
#6126 = ORIENTED_EDGE ( 'NONE', *, *, #2610, .T. ) ;
#6127 = VECTOR ( 'NONE', #8339, 1000.000000000000000 ) ;
#6128 = ORIENTED_EDGE ( 'NONE', *, *, #1942, .T. ) ;
#6129 = ORIENTED_EDGE ( 'NONE', *, *, #7980, .F. ) ;
#6130 = CARTESIAN_POINT ( 'NONE',  ( -34.09999999999998721, 112.7499999999999858, 5.131850351449292783E-15 ) ) ;
#6131 = CARTESIAN_POINT ( 'NONE',  ( -33.49999999999997158, 112.7499999999999858, -1.374999999999992228 ) ) ;
#6132 = EDGE_LOOP ( 'NONE', ( #2111, #7706, #2093, #3503 ) ) ;
#6133 = CARTESIAN_POINT ( 'NONE',  ( -18.38962156117421998, 0.3195217447878681005, 26.65574674718071435 ) ) ;
#6134 = LINE ( 'NONE', #3389, #7483 ) ;
#6135 = VERTEX_POINT ( 'NONE', #10226 ) ;
#6136 = DIRECTION ( 'NONE',  ( 0.000000000000000000, 0.000000000000000000, -1.000000000000000000 ) ) ;
#6137 = CIRCLE ( 'NONE', #3534, 1.600000000000002531 ) ;
#6138 = ORIENTED_EDGE ( 'NONE', *, *, #6291, .F. ) ;
#6139 = SURFACE_STYLE_FILL_AREA ( #7006 ) ;
#6140 = DIRECTION ( 'NONE',  ( 0.000000000000000000, 1.000000000000000000, 0.000000000000000000 ) ) ;
#6141 = ORIENTED_EDGE ( 'NONE', *, *, #523, .F. ) ;
#6142 = CARTESIAN_POINT ( 'NONE',  ( -23.99999999999998579, 87.22774616617205368, 9.087080077594338334 ) ) ;
#6143 = CARTESIAN_POINT ( 'NONE',  ( 12.06992757980552788, -37.49945344790946677, 26.00000000000001776 ) ) ;
#6144 = CARTESIAN_POINT ( 'NONE',  ( -30.02871870788960962, 51.31596721165376351, 5.500000000000002665 ) ) ;
#6145 = DIRECTION ( 'NONE',  ( -1.000000000000000000, 0.000000000000000000, 1.652117596168387756E-16 ) ) ;
#6146 = ORIENTED_EDGE ( 'NONE', *, *, #5288, .T. ) ;
#6147 = ADVANCED_FACE ( 'NONE', ( #603, #8628, #3210, #664, #1413, #415 ), #3273, .F. ) ;
#6148 = DIRECTION ( 'NONE',  ( -0.000000000000000000, -0.000000000000000000, -1.000000000000000000 ) ) ;
#6149 = EDGE_CURVE ( 'NONE', #3994, #1729, #2336, .T. ) ;
#6150 = EDGE_CURVE ( 'NONE', #5416, #8620, #1587, .T. ) ;
#6151 = DIRECTION ( 'NONE',  ( 1.355252715606884487E-16, 0.000000000000000000, 1.000000000000000000 ) ) ;
#6152 = LINE ( 'NONE', #10541, #6983 ) ;
#6153 = ORIENTED_EDGE ( 'NONE', *, *, #1571, .T. ) ;
#6154 = ORIENTED_EDGE ( 'NONE', *, *, #8591, .F. ) ;
#6155 = DIRECTION ( 'NONE',  ( 0.000000000000000000, 0.000000000000000000, -1.000000000000000000 ) ) ;
#6156 = CARTESIAN_POINT ( 'NONE',  ( -43.00000000000000000, -6.391086490440835910E-16, -13.99999999999995204 ) ) ;
#6157 = CARTESIAN_POINT ( 'NONE',  ( -35.73499348497428230, 52.00000000000007105, 20.88751140824027530 ) ) ;
#6158 = ORIENTED_EDGE ( 'NONE', *, *, #6150, .T. ) ;
#6159 = CARTESIAN_POINT ( 'NONE',  ( -20.65716699989023297, 77.23230345890712556, -11.99999999999999645 ) ) ;
#6160 = EDGE_CURVE ( 'NONE', #707, #2865, #3449, .T. ) ;
#6161 = CARTESIAN_POINT ( 'NONE',  ( -10.54284886039479829, 55.16021268290609925, -7.499999999999999112 ) ) ;
#6162 = AXIS2_PLACEMENT_3D ( 'NONE', #2381, #3263, #6172 ) ;
#6163 = ORIENTED_EDGE ( 'NONE', *, *, #6881, .F. ) ;
#6164 = DIRECTION ( 'NONE',  ( 1.000000000000000000, 0.000000000000000000, 0.000000000000000000 ) ) ;
#6165 = CARTESIAN_POINT ( 'NONE',  ( -24.78553760783042392, 8.484582232597539075, 20.65380500836524647 ) ) ;
#6166 = CARTESIAN_POINT ( 'NONE',  ( -15.49999999999999467, 8.000000000000000000, -13.90000000000000213 ) ) ;
#6167 = ORIENTED_EDGE ( 'NONE', *, *, #9830, .T. ) ;
#6168 = ORIENTED_EDGE ( 'NONE', *, *, #7626, .F. ) ;
#6169 = EDGE_CURVE ( 'NONE', #4745, #2869, #9607, .T. ) ;
#6170 = EDGE_LOOP ( 'NONE', ( #3074, #7311, #127, #5593 ) ) ;
#6171 = CARTESIAN_POINT ( 'NONE',  ( -22.77561206912258385, 9.078673612423557415, -8.837068744713400648 ) ) ;
#6172 = DIRECTION ( 'NONE',  ( 1.000000000000000000, 0.000000000000000000, 0.000000000000000000 ) ) ;
#6173 = LINE ( 'NONE', #10838, #1668 ) ;
#6174 = DIRECTION ( 'NONE',  ( 0.4383711467890782920, 0.8987940462991665935, 0.000000000000000000 ) ) ;
#6175 = ORIENTED_EDGE ( 'NONE', *, *, #4674, .T. ) ;
#6176 = ORIENTED_EDGE ( 'NONE', *, *, #10709, .T. ) ;
#6177 = ADVANCED_FACE ( 'NONE', ( #9463 ), #8521, .F. ) ;
#6178 = ORIENTED_EDGE ( 'NONE', *, *, #11164, .T. ) ;
#6179 = ORIENTED_EDGE ( 'NONE', *, *, #2635, .T. ) ;
#6180 = CARTESIAN_POINT ( 'NONE',  ( -3.469446951953614189E-15, 0.000000000000000000, 0.000000000000000000 ) ) ;
#6181 = LINE ( 'NONE', #5268, #11042 ) ;
#6182 = ORIENTED_EDGE ( 'NONE', *, *, #464, .T. ) ;
#6183 = VECTOR ( 'NONE', #3343, 1000.000000000000000 ) ;
#6184 = DIRECTION ( 'NONE',  ( -0.4383711467890782920, -0.8987940462991665935, 0.000000000000000000 ) ) ;
#6185 = CARTESIAN_POINT ( 'NONE',  ( -22.59999999999998366, 17.83199373143543198, 13.99999999999999822 ) ) ;
#6186 = ORIENTED_EDGE ( 'NONE', *, *, #10666, .T. ) ;
#6187 = CARTESIAN_POINT ( 'NONE',  ( -19.74878433632576957, 0.8326002207657290377, 25.85547730632599084 ) ) ;
#6188 = AXIS2_PLACEMENT_3D ( 'NONE', #4392, #4325, #5090 ) ;
#6189 = ORIENTED_EDGE ( 'NONE', *, *, #8347, .T. ) ;
#6190 = CIRCLE ( 'NONE', #8245, 5.000000000000000888 ) ;
#6191 = EDGE_CURVE ( 'NONE', #5050, #11386, #5793, .T. ) ;
#6192 = LINE ( 'NONE', #8761, #10884 ) ;
#6193 = CARTESIAN_POINT ( 'NONE',  ( -20.99999999999998934, 45.46042085618157103, -7.499999999999998224 ) ) ;
#6194 = VERTEX_POINT ( 'NONE', #2448 ) ;
#6195 = CARTESIAN_POINT ( 'NONE',  ( -26.26452026777605653, 12.88515400628443430, -1.633775649859519064 ) ) ;
#6196 = CARTESIAN_POINT ( 'NONE',  ( -23.99999999999998579, 70.37848011702406836, -13.99999999999999645 ) ) ;
#6197 = CARTESIAN_POINT ( 'NONE',  ( -43.00000000000000000, 1.133987551255204470E-30, 7.382228279117814056E-15 ) ) ;
#6198 = DIRECTION ( 'NONE',  ( 1.000000000000000000, 0.000000000000000000, 0.000000000000000000 ) ) ;
#6199 = ORIENTED_EDGE ( 'NONE', *, *, #10567, .T. ) ;
#6200 = CARTESIAN_POINT ( 'NONE',  ( 34.00000000000000000, 100.9999999999999858, 1.899999999999993694 ) ) ;
#6201 = ORIENTED_EDGE ( 'NONE', *, *, #1304, .T. ) ;
#6202 = EDGE_CURVE ( 'NONE', #11052, #3559, #8462, .T. ) ;
#6203 = FACE_BOUND ( 'NONE', #5207, .T. ) ;
#6204 = VECTOR ( 'NONE', #6286, 1000.000000000000000 ) ;
#6205 = PLANE ( 'NONE',  #640 ) ;
#6206 = ADVANCED_FACE ( 'NONE', ( #549 ), #7523, .T. ) ;
#6207 = FACE_OUTER_BOUND ( 'NONE', #4953, .T. ) ;
#6208 = DIRECTION ( 'NONE',  ( 0.000000000000000000, 3.465585876565462052E-15, 1.000000000000000000 ) ) ;
#6209 = EDGE_CURVE ( 'NONE', #6602, #2679, #4031, .T. ) ;
#6210 = ORIENTED_EDGE ( 'NONE', *, *, #2674, .F. ) ;
#6211 = CARTESIAN_POINT ( 'NONE',  ( -26.13553390593273562, 30.63859544923362321, 7.500000000000000000 ) ) ;
#6212 = ORIENTED_EDGE ( 'NONE', *, *, #3868, .T. ) ;
#6213 = CARTESIAN_POINT ( 'NONE',  ( -1.442848860394842170, 46.06021268290589177, -11.99999999999999645 ) ) ;
#6214 = AXIS2_PLACEMENT_3D ( 'NONE', #4853, #7305, #2341 ) ;
#6215 = CYLINDRICAL_SURFACE ( 'NONE', #9406, 5.000000000000000888 ) ;
#6216 = DIRECTION ( 'NONE',  ( 0.000000000000000000, 0.000000000000000000, 1.000000000000000000 ) ) ;
#6217 = AXIS2_PLACEMENT_3D ( 'NONE', #5826, #701, #4951 ) ;
#6218 = ORIENTED_EDGE ( 'NONE', *, *, #10854, .F. ) ;
#6219 = LINE ( 'NONE', #9793, #648 ) ;
#6220 = CARTESIAN_POINT ( 'NONE',  ( -25.68930974024265623, 7.611047216908617408, 21.48862896448490645 ) ) ;
#6221 = CARTESIAN_POINT ( 'NONE',  ( -21.24999708661760778, 8.000589839559824057, 15.60000000000001208 ) ) ;
#6222 = AXIS2_PLACEMENT_3D ( 'NONE', #7842, #1786, #6269 ) ;
#6223 = ORIENTED_EDGE ( 'NONE', *, *, #1177, .T. ) ;
#6224 = ORIENTED_EDGE ( 'NONE', *, *, #9004, .F. ) ;
#6225 = ORIENTED_EDGE ( 'NONE', *, *, #8280, .T. ) ;
#6226 = EDGE_CURVE ( 'NONE', #10640, #10034, #10904, .T. ) ;
#6227 = VERTEX_POINT ( 'NONE', #10274 ) ;
#6228 = ADVANCED_FACE ( 'NONE', ( #5846 ), #9405, .F. ) ;
#6229 = ORIENTED_EDGE ( 'NONE', *, *, #4796, .F. ) ;
#6230 = CIRCLE ( 'NONE', #2866, 5.000000000000000888 ) ;
#6231 = CARTESIAN_POINT ( 'NONE',  ( -23.99999999999997158, 10.30306154330093094, -8.576572383382760734 ) ) ;
#6232 = ORIENTED_EDGE ( 'NONE', *, *, #8426, .T. ) ;
#6233 = LINE ( 'NONE', #7161, #6204 ) ;
#6234 = CARTESIAN_POINT ( 'NONE',  ( -17.63255395011543669, -1.532275253793431435, 25.99499148714195229 ) ) ;
#6235 = VECTOR ( 'NONE', #7146, 1000.000000000000227 ) ;
#6236 = CARTESIAN_POINT ( 'NONE',  ( 0.000000000000000000, 8.000000000000000000, 0.000000000000000000 ) ) ;
#6237 = CARTESIAN_POINT ( 'NONE',  ( -20.99999999999998224, 49.70306154330096859, -13.99999999999999645 ) ) ;
#6238 = EDGE_LOOP ( 'NONE', ( #4346, #9524, #7974, #2453 ) ) ;
#6239 = AXIS2_PLACEMENT_3D ( 'NONE', #6051, #9491, #4947 ) ;
#6240 = VERTEX_POINT ( 'NONE', #11509 ) ;
#6241 = EDGE_CURVE ( 'NONE', #5416, #7542, #3883, .T. ) ;
#6242 = ORIENTED_EDGE ( 'NONE', *, *, #9280, .T. ) ;
#6243 = ORIENTED_EDGE ( 'NONE', *, *, #6072, .T. ) ;
#6244 = PLANE ( 'NONE',  #1433 ) ;
#6245 = CARTESIAN_POINT ( 'NONE',  ( -23.99999999999997158, 10.30306154330093094, 10.92342761661724282 ) ) ;
#6246 = CIRCLE ( 'NONE', #11087, 4.500000000000000000 ) ;
#6247 = PLANE ( 'NONE',  #10205 ) ;
#6248 = CARTESIAN_POINT ( 'NONE',  ( 34.00000000000000000, 112.7499999999999858, 1.374999999999990896 ) ) ;
#6249 = CARTESIAN_POINT ( 'NONE',  ( -43.99999999999998579, 88.61736382251127964, -5.500000000000005329 ) ) ;
#6250 = EDGE_CURVE ( 'NONE', #7158, #4652, #3347, .T. ) ;
#6251 = DIRECTION ( 'NONE',  ( -1.000000000000000000, 0.000000000000000000, 0.000000000000000000 ) ) ;
#6252 = EDGE_CURVE ( 'NONE', #10595, #236, #6672, .T. ) ;
#6253 = ORIENTED_EDGE ( 'NONE', *, *, #4303, .F. ) ;
#6254 = AXIS2_PLACEMENT_3D ( 'NONE', #3242, #5880, #572 ) ;
#6255 = CARTESIAN_POINT ( 'NONE',  ( -23.99999999999998934, 83.99999999999998579, -2.599999999999991207 ) ) ;
#6256 = DIRECTION ( 'NONE',  ( 1.000000000000000000, 0.000000000000000000, 0.000000000000000000 ) ) ;
#6257 = EDGE_LOOP ( 'NONE', ( #5830, #8964, #9506, #7657 ) ) ;
#6258 = DIRECTION ( 'NONE',  ( 0.000000000000000000, 0.000000000000000000, -1.000000000000000000 ) ) ;
#6259 = DIRECTION ( 'NONE',  ( 1.000000000000000000, 0.000000000000000000, 0.000000000000000000 ) ) ;
#6260 = FACE_OUTER_BOUND ( 'NONE', #8099, .T. ) ;
#6261 = VERTEX_POINT ( 'NONE', #6553 ) ;
#6262 = CARTESIAN_POINT ( 'NONE',  ( -24.64217666525580341, 10.94523820855675744, -8.453266389565550654 ) ) ;
#6263 = ORIENTED_EDGE ( 'NONE', *, *, #5468, .F. ) ;
#6264 = LINE ( 'NONE', #516, #2968 ) ;
#6265 = ADVANCED_FACE ( 'NONE', ( #4942, #1879, #3639, #10528 ), #6092, .T. ) ;
#6266 = CIRCLE ( 'NONE', #9986, 20.00000000000000000 ) ;
#6267 = EDGE_CURVE ( 'NONE', #565, #5751, #11468, .T. ) ;
#6268 = FACE_OUTER_BOUND ( 'NONE', #5585, .T. ) ;
#6269 = DIRECTION ( 'NONE',  ( 8.260587980841938780E-17, -1.000000000000000000, 0.000000000000000000 ) ) ;
#6270 = FACE_OUTER_BOUND ( 'NONE', #10424, .T. ) ;
#6271 = CARTESIAN_POINT ( 'NONE',  ( -42.39999999999999147, 89.25000000000000000, -1.374999999999990896 ) ) ;
#6272 = EDGE_LOOP ( 'NONE', ( #6953, #7492, #8213, #7009 ) ) ;
#6273 = CARTESIAN_POINT ( 'NONE',  ( -17.80932538899867268, -1.265176132552496169, 25.97720439140325510 ) ) ;
#6274 = DIRECTION ( 'NONE',  ( 0.000000000000000000, -1.000000000000000000, 0.000000000000000000 ) ) ;
#6275 = CARTESIAN_POINT ( 'NONE',  ( -22.77959616920846742, 8.105749956293195169, 21.70289966976365648 ) ) ;
#6276 = EDGE_CURVE ( 'NONE', #3936, #11018, #11117, .T. ) ;
#6277 = ORIENTED_EDGE ( 'NONE', *, *, #7206, .F. ) ;
#6278 = EDGE_CURVE ( 'NONE', #2679, #1002, #9664, .T. ) ;
#6279 = ORIENTED_EDGE ( 'NONE', *, *, #3756, .T. ) ;
#6280 = EDGE_LOOP ( 'NONE', ( #778, #6096, #4294, #9032 ) ) ;
#6281 = B_SPLINE_CURVE_WITH_KNOTS ( 'NONE', 3,
 ( #473, #3960, #5838, #299, #11026, #8451, #3853, #4022, #10972, #7574 ),
 .UNSPECIFIED., .F., .F.,
 ( 4, 2, 2, 2, 4 ),
 ( 0.000000000000000000, 0.001567842970656454149, 0.003135685941312908297, 0.004703528911969362229, 0.006271371882625816595 ),
 .UNSPECIFIED. ) ;
#6282 = EDGE_CURVE ( 'NONE', #8443, #8198, #859, .T. ) ;
#6283 = ORIENTED_EDGE ( 'NONE', *, *, #3368, .T. ) ;
#6284 = CARTESIAN_POINT ( 'NONE',  ( -24.96396103067888106, 11.26702257397983331, -4.600822128799060273 ) ) ;
#6285 = ORIENTED_EDGE ( 'NONE', *, *, #8760, .T. ) ;
#6286 = DIRECTION ( 'NONE',  ( -0.000000000000000000, -1.000000000000000000, -0.000000000000000000 ) ) ;
#6287 = DIRECTION ( 'NONE',  ( 1.000000000000000000, 0.000000000000000000, -8.260587980841938780E-17 ) ) ;
#6288 = AXIS2_PLACEMENT_3D ( 'NONE', #1396, #8510, #535 ) ;
#6289 = DIRECTION ( 'NONE',  ( 0.000000000000000000, 0.000000000000000000, 1.000000000000000000 ) ) ;
#6290 = EDGE_CURVE ( 'NONE', #4312, #11058, #3576, .T. ) ;
#6291 = EDGE_CURVE ( 'NONE', #4481, #5262, #5503, .T. ) ;
#6292 = LINE ( 'NONE', #7212, #7755 ) ;
#6293 = CIRCLE ( 'NONE', #6644, 5.000000000000000888 ) ;
#6294 = ORIENTED_EDGE ( 'NONE', *, *, #2774, .T. ) ;
#6295 = ORIENTED_EDGE ( 'NONE', *, *, #5065, .F. ) ;
#6296 = EDGE_LOOP ( 'NONE', ( #7014, #3717, #2554, #8880, #7889, #8517, #433 ) ) ;
#6297 = DIRECTION ( 'NONE',  ( 1.000000000000000000, 0.000000000000000000, 0.000000000000000000 ) ) ;
#6298 = VECTOR ( 'NONE', #9738, 1000.000000000000114 ) ;
#6299 = CARTESIAN_POINT ( 'NONE',  ( -30.02871870788963449, 51.31596721165376351, -0.9999999999999983347 ) ) ;
#6300 = CARTESIAN_POINT ( 'NONE',  ( -23.99999999999997158, 10.30306154330093094, -15.07657238338275185 ) ) ;
#6301 = CARTESIAN_POINT ( 'NONE',  ( -34.09999999999998721, 91.50000000000000000, -3.037741699796941752 ) ) ;
#6302 = DIRECTION ( 'NONE',  ( -0.000000000000000000, -0.000000000000000000, -1.000000000000000000 ) ) ;
#6303 = DIRECTION ( 'NONE',  ( 0.000000000000000000, 0.000000000000000000, 1.000000000000000000 ) ) ;
#6304 = TOROIDAL_SURFACE ( 'NONE', #1281, 3.562741699796949213, 1.600000000000000089 ) ;
#6305 = ORIENTED_EDGE ( 'NONE', *, *, #3592, .F. ) ;
#6306 = DIRECTION ( 'NONE',  ( 1.000000000000000000, 0.000000000000000000, 0.000000000000000000 ) ) ;
#6307 = CARTESIAN_POINT ( 'NONE',  ( -20.99999999999998934, 45.46042085618157103, -7.499999999999998224 ) ) ;
#6308 = VERTEX_POINT ( 'NONE', #8063 ) ;
#6309 = EDGE_CURVE ( 'NONE', #318, #11433, #7835, .T. ) ;
#6310 = PLANE ( 'NONE',  #8815 ) ;
#6311 = DIRECTION ( 'NONE',  ( 0.000000000000000000, 0.000000000000000000, -1.000000000000000000 ) ) ;
#6312 = DIRECTION ( 'NONE',  ( -0.000000000000000000, -0.000000000000000000, -1.000000000000000000 ) ) ;
#6313 = EDGE_LOOP ( 'NONE', ( #2714, #8767, #5142, #1997 ) ) ;
#6314 = CIRCLE ( 'NONE', #1290, 1.700000000000000178 ) ;
#6315 = CARTESIAN_POINT ( 'NONE',  ( 34.00000000000000000, 112.7499999999999858, 1.374999999999990896 ) ) ;
#6316 = VERTEX_POINT ( 'NONE', #10590 ) ;
#6317 = CONICAL_SURFACE ( 'NONE', #8170, 1.374999999999997113, 0.7853981633974553844 ) ;
#6318 = CARTESIAN_POINT ( 'NONE',  ( -23.99999999999998579, 23.50306154330088759, -11.99999999999999645 ) ) ;
#6319 = FACE_OUTER_BOUND ( 'NONE', #5814, .T. ) ;
#6320 = EDGE_CURVE ( 'NONE', #9259, #6937, #3456, .T. ) ;
#6321 = PLANE ( 'NONE',  #3714 ) ;
#6322 = CIRCLE ( 'NONE', #942, 1.600000000000005862 ) ;
#6323 = CYLINDRICAL_SURFACE ( 'NONE', #5487, 5.000000000000000888 ) ;
#6324 = CARTESIAN_POINT ( 'NONE',  ( -22.60000000000004405, 52.37412935516634604, 12.00000000000000355 ) ) ;
#6325 = ORIENTED_EDGE ( 'NONE', *, *, #3223, .F. ) ;
#6326 = DIRECTION ( 'NONE',  ( -1.000000000000000000, 0.000000000000000000, 0.000000000000000000 ) ) ;
#6327 = DIRECTION ( 'NONE',  ( 0.000000000000000000, 0.000000000000000000, 1.000000000000000000 ) ) ;
#6328 = CARTESIAN_POINT ( 'NONE',  ( -23.84035701480432223, 8.268102767622359295, 21.07083356425610177 ) ) ;
#6329 = ORIENTED_EDGE ( 'NONE', *, *, #10789, .F. ) ;
#6330 = AXIS2_PLACEMENT_3D ( 'NONE', #5613, #4559, #7226 ) ;
#6331 = ORIENTED_EDGE ( 'NONE', *, *, #3784, .T. ) ;
#6332 = ORIENTED_EDGE ( 'NONE', *, *, #11429, .F. ) ;
#6333 = ORIENTED_EDGE ( 'NONE', *, *, #3725, .F. ) ;
#6334 = DIRECTION ( 'NONE',  ( 1.000000000000000000, 0.000000000000000000, 0.000000000000000000 ) ) ;
#6335 = ORIENTED_EDGE ( 'NONE', *, *, #7841, .F. ) ;
#6336 = CARTESIAN_POINT ( 'NONE',  ( -35.99999999999999289, 22.99999999999999289, 2.599999999999998312 ) ) ;
#6337 = DIRECTION ( 'NONE',  ( -1.000000000000000000, 0.000000000000000000, 0.000000000000000000 ) ) ;
#6338 = CARTESIAN_POINT ( 'NONE',  ( -21.55394421707360308, 8.083199782916734577, -2.580375445010236746 ) ) ;
#6339 = LINE ( 'NONE', #3500, #3899 ) ;
#6340 = LINE ( 'NONE', #5601, #11505 ) ;
#6341 = ORIENTED_EDGE ( 'NONE', *, *, #5448, .T. ) ;
#6342 = AXIS2_PLACEMENT_3D ( 'NONE', #8512, #471, #9338 ) ;
#6343 = ORIENTED_EDGE ( 'NONE', *, *, #6276, .T. ) ;
#6344 = ORIENTED_EDGE ( 'NONE', *, *, #10885, .T. ) ;
#6345 = EDGE_CURVE ( 'NONE', #2828, #9679, #4753, .T. ) ;
#6346 = LINE ( 'NONE', #4717, #5525 ) ;
#6347 = CARTESIAN_POINT ( 'NONE',  ( -22.60000000000004405, 52.37412935516634604, 7.500000000000000000 ) ) ;
#6348 = CARTESIAN_POINT ( 'NONE',  ( -24.00000000000000000, 28.50306154330090536, -7.499999999999998224 ) ) ;
#6349 = ADVANCED_FACE ( 'NONE', ( #6260 ), #4564, .T. ) ;
#6350 = FACE_OUTER_BOUND ( 'NONE', #5378, .T. ) ;
#6351 = PLANE ( 'NONE',  #11045 ) ;
#6352 = LINE ( 'NONE', #7284, #5972 ) ;
#6353 = CARTESIAN_POINT ( 'NONE',  ( -18.31864066258317436, 0.2826797756801218697, 26.68480232741777414 ) ) ;
#6354 = VERTEX_POINT ( 'NONE', #9827 ) ;
#6355 = CARTESIAN_POINT ( 'NONE',  ( -20.99999999999998934, 24.74570223042017503, -11.99999999999999645 ) ) ;
#6356 = ORIENTED_EDGE ( 'NONE', *, *, #29, .F. ) ;
#6357 = CARTESIAN_POINT ( 'NONE',  ( 20.99999999999999645, 0.9999999999999626965, 16.56992757980552966 ) ) ;
#6358 = EDGE_CURVE ( 'NONE', #6527, #8230, #8765, .T. ) ;
#6359 = CARTESIAN_POINT ( 'NONE',  ( -21.95967276590743467, 7.001820539058920545, 23.68301479325473480 ) ) ;
#6360 = CARTESIAN_POINT ( 'NONE',  ( 0.000000000000000000, 6.999999999999971578, -21.00000000000000000 ) ) ;
#6361 = FACE_OUTER_BOUND ( 'NONE', #9643, .T. ) ;
#6362 = CARTESIAN_POINT ( 'NONE',  ( -8.585072420194476805, -1.750000000000002442, 24.03108891324553653 ) ) ;
#6363 = ORIENTED_EDGE ( 'NONE', *, *, #128, .F. ) ;
#6364 = ORIENTED_EDGE ( 'NONE', *, *, #9580, .F. ) ;
#6365 = VECTOR ( 'NONE', #3055, 1000.000000000000000 ) ;
#6366 = DIRECTION ( 'NONE',  ( -1.000000000000000000, 0.000000000000000000, 0.000000000000000000 ) ) ;
#6367 = AXIS2_PLACEMENT_3D ( 'NONE', #2110, #7699, #8464 ) ;
#6368 = CARTESIAN_POINT ( 'NONE',  ( -20.99999999999999289, 22.99999999999999289, 7.500000000000003553 ) ) ;
#6369 = CARTESIAN_POINT ( 'NONE',  ( -27.60000000000004050, 50.30306154330085633, -47.00000000000000000 ) ) ;
#6370 = VECTOR ( 'NONE', #235, 1000.000000000000000 ) ;
#6371 = FACE_OUTER_BOUND ( 'NONE', #54, .T. ) ;
#6372 = CYLINDRICAL_SURFACE ( 'NONE', #5192, 13.00000000000000178 ) ;
#6373 = DIRECTION ( 'NONE',  ( 0.000000000000000000, 1.000000000000000000, -3.552713678800500929E-15 ) ) ;
#6374 = CARTESIAN_POINT ( 'NONE',  ( -23.00350953540367982, 8.134209279053846942, 21.55607938935239076 ) ) ;
#6375 = EDGE_CURVE ( 'NONE', #7718, #1099, #2508, .T. ) ;
#6376 = EDGE_CURVE ( 'NONE', #7489, #11075, #6246, .T. ) ;
#6377 = EDGE_CURVE ( 'NONE', #2319, #5205, #10760, .T. ) ;
#6378 = ORIENTED_EDGE ( 'NONE', *, *, #6976, .F. ) ;
#6379 = VECTOR ( 'NONE', #8402, 1000.000000000000000 ) ;
#6380 = VECTOR ( 'NONE', #10335, 1000.000000000000000 ) ;
#6381 = ORIENTED_EDGE ( 'NONE', *, *, #3617, .T. ) ;
#6382 = B_SPLINE_CURVE_WITH_KNOTS ( 'NONE', 3,
 ( #1072, #9158, #6359, #5506, #968, #2051, #10758, #1017, #2982, #195, #6419, #1877, #10927, #9107, #10860, #1183, #4737, #5565, #8291, #8943, #2752, #3861, #10981, #6530, #4510, #8061, #5452, #3693, #8232, #7235, #10812, #2803, #7290, #9933, #2862, #9990, #1992, #250, #3805, #10272, #3271, #11093 ),
 .UNSPECIFIED., .F., .F.,
 ( 4, 2, 1, 1, 2, 2, 2, 1, 1, 2, 2, 2, 1, 2, 2, 2, 1, 2, 2, 2, 2, 2, 2, 4 ),
 ( 0.000000000000000000, 0.06250000000000617562, 0.09375000000000878464, 0.1093750000000101169, 0.1171875000000112688, 0.1250000000000124345, 0.1875000000000143219, 0.2187500000000151545, 0.2343750000000159317, 0.2421875000000163480, 0.2500000000000167644, 0.3125000000000165978, 0.3437500000000159872, 0.3593750000000159317, 0.3750000000000158207, 0.4375000000000155431, 0.4687500000000150990, 0.4843750000000147105, 0.5000000000000143219, 0.5625000000000126565, 0.6250000000000108802, 0.6875000000000091038, 0.7500000000000072164, 1.000000000000000000 ),
 .UNSPECIFIED. ) ;
#6383 = ORIENTED_EDGE ( 'NONE', *, *, #919, .F. ) ;
#6384 = AXIS2_PLACEMENT_3D ( 'NONE', #4703, #7555, #11071 ) ;
#6385 = CARTESIAN_POINT ( 'NONE',  ( -27.60000000000004761, 54.23199373143538082, 7.500000000000002665 ) ) ;
#6386 = DIRECTION ( 'NONE',  ( 0.000000000000000000, 0.000000000000000000, 1.000000000000000000 ) ) ;
#6387 = CARTESIAN_POINT ( 'NONE',  ( -24.00000000000000000, 28.50306154330090536, -47.00000000000000000 ) ) ;
#6388 = VECTOR ( 'NONE', #3740, 1000.000000000000000 ) ;
#6389 = DIRECTION ( 'NONE',  ( -0.000000000000000000, -0.000000000000000000, -1.000000000000000000 ) ) ;
#6390 = PLANE ( 'NONE',  #9132 ) ;
#6391 = DIRECTION ( 'NONE',  ( -0.000000000000000000, -0.000000000000000000, -1.000000000000000000 ) ) ;
#6392 = CARTESIAN_POINT ( 'NONE',  ( -27.60000000000001208, 36.03199373143541351, 13.99999999999999822 ) ) ;
#6393 = AXIS2_PLACEMENT_3D ( 'NONE', #11246, #2312, #5884 ) ;
#6394 = EDGE_LOOP ( 'NONE', ( #10054, #8535, #5051, #4831 ) ) ;
#6395 = CIRCLE ( 'NONE', #8258, 3.037741699796946637 ) ;
#6396 = ORIENTED_EDGE ( 'NONE', *, *, #9563, .T. ) ;
#6397 = CIRCLE ( 'NONE', #4740, 5.000000000000000888 ) ;
#6398 = VERTEX_POINT ( 'NONE', #4401 ) ;
#6399 = EDGE_LOOP ( 'NONE', ( #2919, #1722, #6512, #8491 ) ) ;
#6400 = PLANE ( 'NONE',  #11108 ) ;
#6401 = LINE ( 'NONE', #3786, #8879 ) ;
#6402 = PLANE ( 'NONE',  #3778 ) ;
#6403 = EDGE_LOOP ( 'NONE', ( #4015, #11092, #3430, #10211, #789 ) ) ;
#6404 = CARTESIAN_POINT ( 'NONE',  ( -23.99999999999998934, 83.99999999999998579, -9.099999999999997868 ) ) ;
#6405 = DIRECTION ( 'NONE',  ( -1.000000000000000000, 0.000000000000000000, 0.000000000000000000 ) ) ;
#6406 = DIRECTION ( 'NONE',  ( -1.000000000000000000, 0.000000000000000000, 1.652117596168398356E-16 ) ) ;
#6407 = CIRCLE ( 'NONE', #7913, 17.00000000000001421 ) ;
#6408 = CARTESIAN_POINT ( 'NONE',  ( -19.42568839296471594, 0.7457365963714480683, 26.10107360049562075 ) ) ;
#6409 = EDGE_CURVE ( 'NONE', #682, #8836, #7958, .T. ) ;
#6410 = ORIENTED_EDGE ( 'NONE', *, *, #7077, .T. ) ;
#6411 = ADVANCED_FACE ( 'NONE', ( #7070 ), #1835, .F. ) ;
#6412 = AXIS2_PLACEMENT_3D ( 'NONE', #5181, #8841, #1680 ) ;
#6413 = CARTESIAN_POINT ( 'NONE',  ( -9.251513096945366499, 0.000000000000000000, 21.00571780710525616 ) ) ;
#6414 = VERTEX_POINT ( 'NONE', #7411 ) ;
#6415 = VECTOR ( 'NONE', #1155, 1000.000000000000000 ) ;
#6416 = CARTESIAN_POINT ( 'NONE',  ( 20.67830561446713133, 0.6783056144670951415, 16.97762894504406361 ) ) ;
#6417 = VERTEX_POINT ( 'NONE', #9287 ) ;
#6418 = ADVANCED_FACE ( 'NONE', ( #5624 ), #364, .T. ) ;
#6419 = CARTESIAN_POINT ( 'NONE',  ( -22.73989574835662353, 7.039677466725537514, 23.02697443793862675 ) ) ;
#6420 = PLANE ( 'NONE',  #4689 ) ;
#6421 = DIRECTION ( 'NONE',  ( 0.000000000000000000, 0.000000000000000000, 1.000000000000000000 ) ) ;
#6422 = EDGE_LOOP ( 'NONE', ( #3734, #6501, #8476, #9503 ) ) ;
#6423 = CARTESIAN_POINT ( 'NONE',  ( -24.00000000000003908, 46.70306154330088333, -7.499999999999998224 ) ) ;
#6424 = VERTEX_POINT ( 'NONE', #9992 ) ;
#6425 = CARTESIAN_POINT ( 'NONE',  ( -21.00000000000000000, 25.00000000000000000, -20.00000000000001421 ) ) ;
#6426 = LINE ( 'NONE', #2928, #8536 ) ;
#6427 = ADVANCED_FACE ( 'NONE', ( #1134 ), #1219, .F. ) ;
#6428 = EDGE_CURVE ( 'NONE', #2631, #6135, #4940, .T. ) ;
#6429 = EDGE_CURVE ( 'NONE', #3457, #3675, #9231, .T. ) ;
#6430 = CARTESIAN_POINT ( 'NONE',  ( 11.56992757980552966, -37.00000000000000000, 27.00000000000000355 ) ) ;
#6431 = CARTESIAN_POINT ( 'NONE',  ( -24.04774182467028254, 87.23627957273180300, 9.100000000000017408 ) ) ;
#6432 = CARTESIAN_POINT ( 'NONE',  ( -11.26146079506075637, -1.750000000000002442, 21.00000000000000000 ) ) ;
#6433 = AXIS2_PLACEMENT_3D ( 'NONE', #2471, #9611, #1611 ) ;
#6434 = CARTESIAN_POINT ( 'NONE',  ( -35.99999999999999289, 101.0000000000000568, 21.00000000000000355 ) ) ;
#6435 = CARTESIAN_POINT ( 'NONE',  ( -23.99999999999998224, 78.86271205119403760, -4.503431980330073969 ) ) ;
#6436 = DIRECTION ( 'NONE',  ( 0.000000000000000000, 0.000000000000000000, 1.000000000000000000 ) ) ;
#6437 = CARTESIAN_POINT ( 'NONE',  ( -26.13553390593278181, 57.76752763736812568, 5.500000000000005329 ) ) ;
#6438 = AXIS2_PLACEMENT_3D ( 'NONE', #1175, #4726, #408 ) ;
#6439 = ORIENTED_EDGE ( 'NONE', *, *, #3725, .T. ) ;
#6440 = AXIS2_PLACEMENT_3D ( 'NONE', #3259, #6573, #10152 ) ;
#6441 = ORIENTED_EDGE ( 'NONE', *, *, #2065, .T. ) ;
#6442 = VECTOR ( 'NONE', #5547, 1000.000000000000000 ) ;
#6443 = ORIENTED_EDGE ( 'NONE', *, *, #9965, .F. ) ;
#6444 = ORIENTED_EDGE ( 'NONE', *, *, #5074, .F. ) ;
#6445 = AXIS2_PLACEMENT_3D ( 'NONE', #1638, #6924, #715 ) ;
#6446 = ORIENTED_EDGE ( 'NONE', *, *, #6358, .T. ) ;
#6447 = CARTESIAN_POINT ( 'NONE',  ( -34.16274169979692488, 89.25000000000000000, -2.974999999999992539 ) ) ;
#6448 = DIRECTION ( 'NONE',  ( -0.7071067811865328068, -1.038399850647042508E-13, 0.7071067811865622277 ) ) ;
#6449 = CARTESIAN_POINT ( 'NONE',  ( -9.385072420194470411, -1.750000000000002887, 24.03680787131430563 ) ) ;
#6450 = DIRECTION ( 'NONE',  ( 0.000000000000000000, 0.000000000000000000, -1.000000000000000000 ) ) ;
#6451 = CARTESIAN_POINT ( 'NONE',  ( -25.33626385280649629, 11.63932539610744143, 4.663402260700025614 ) ) ;
#6452 = AXIS2_PLACEMENT_3D ( 'NONE', #4554, #184, #10846 ) ;
#6453 = CARTESIAN_POINT ( 'NONE',  ( -43.00000000000000000, -3.806754294504607477E-16, -1.974999999999972777 ) ) ;
#6454 = LINE ( 'NONE', #7164, #4772 ) ;
#6455 = VERTEX_POINT ( 'NONE', #1242 ) ;
#6456 = ORIENTED_EDGE ( 'NONE', *, *, #7528, .F. ) ;
#6457 = VERTEX_POINT ( 'NONE', #6587 ) ;
#6458 = ADVANCED_FACE ( 'NONE', ( #10170 ), #10862, .F. ) ;
#6459 = CARTESIAN_POINT ( 'NONE',  ( -22.77561206912259095, 9.078673612423557415, -15.33706874471339887 ) ) ;
#6460 = VECTOR ( 'NONE', #9807, 1000.000000000000000 ) ;
#6461 = DIRECTION ( 'NONE',  ( 0.000000000000000000, 0.000000000000000000, 1.000000000000000000 ) ) ;
#6462 = CARTESIAN_POINT ( 'NONE',  ( -21.03832892204481908, 8.000048970288762717, 3.899999999999997247 ) ) ;
#6463 = ORIENTED_EDGE ( 'NONE', *, *, #6290, .F. ) ;
#6464 = CARTESIAN_POINT ( 'NONE',  ( 10.76992757980552895, -1.750000000000000888, 24.03108891324553653 ) ) ;
#6465 = CARTESIAN_POINT ( 'NONE',  ( -32.49999999999998579, 110.4999999999999858, 3.037741699796952410 ) ) ;
#6466 = DIRECTION ( 'NONE',  ( -1.000000000000000000, 0.000000000000000000, 0.000000000000000000 ) ) ;
#6467 = AXIS2_PLACEMENT_3D ( 'NONE', #7698, #3274, #6819 ) ;
#6468 = LINE ( 'NONE', #1233, #11162 ) ;
#6469 = AXIS2_PLACEMENT_3D ( 'NONE', #6744, #10322, #2322 ) ;
#6470 = ORIENTED_EDGE ( 'NONE', *, *, #8959, .T. ) ;
#6471 = AXIS2_PLACEMENT_3D ( 'NONE', #1954, #8133, #3821 ) ;
#6472 = CARTESIAN_POINT ( 'NONE',  ( -9.236018590977014497, -1.766097486437820274, 24.04604365506717656 ) ) ;
#6473 = ORIENTED_EDGE ( 'NONE', *, *, #670, .F. ) ;
#6474 = CARTESIAN_POINT ( 'NONE',  ( 20.34487805853870768, 0.3448780585386733710, 17.37579190897758963 ) ) ;
#6475 = VERTEX_POINT ( 'NONE', #1994 ) ;
#6476 = EDGE_CURVE ( 'NONE', #8723, #682, #10159, .T. ) ;
#6477 = CARTESIAN_POINT ( 'NONE',  ( -21.03832892204482263, 8.000048970288762717, -21.00000000000000000 ) ) ;
#6478 = CARTESIAN_POINT ( 'NONE',  ( -43.99999999999998579, 88.61736382251127964, 14.00000000000000178 ) ) ;
#6479 = CARTESIAN_POINT ( 'NONE',  ( -26.67523596133013442, 9.114605211488257197, 20.13544972586581849 ) ) ;
#6480 = ORIENTED_EDGE ( 'NONE', *, *, #3300, .F. ) ;
#6481 = DIRECTION ( 'NONE',  ( 0.000000000000000000, 0.000000000000000000, 1.000000000000000000 ) ) ;
#6482 = ORIENTED_EDGE ( 'NONE', *, *, #71, .F. ) ;
#6483 = LINE ( 'NONE', #8181, #1208 ) ;
#6484 = LINE ( 'NONE', #5797, #10925 ) ;
#6485 = DIRECTION ( 'NONE',  ( 0.9659258262890700886, 0.000000000000000000, -0.2588190451025140781 ) ) ;
#6486 = CONICAL_SURFACE ( 'NONE', #4815, 11.00000000000016875, 0.7853981633974491672 ) ;
#6487 = CARTESIAN_POINT ( 'NONE',  ( -24.00000000000002487, 41.70306154330087622, 12.00000000000000178 ) ) ;
#6488 = B_SPLINE_CURVE_WITH_KNOTS ( 'NONE', 1,
 ( #6695, #5839 ),
 .UNSPECIFIED., .F., .F.,
 ( 2, 2 ),
 ( 0.000000000000000000, 1.000000000000000000 ),
 .UNSPECIFIED. ) ;
#6489 = CARTESIAN_POINT ( 'NONE',  ( -20.99999999999998934, 22.99999999999999289, 12.00000000000000178 ) ) ;
#6490 = AXIS2_PLACEMENT_3D ( 'NONE', #9570, #6123, #11326 ) ;
#6492 = CARTESIAN_POINT ( 'NONE',  ( -46.00000000000001421, 41.04445057644409900, 17.00000000000002842 ) ) ;
#6491 = DIRECTION ( 'NONE',  ( 0.000000000000000000, 0.000000000000000000, 1.000000000000000000 ) ) ;
#6493 = ADVANCED_FACE ( 'NONE', ( #6361 ), #10929, .F. ) ;
#6494 = EDGE_CURVE ( 'NONE', #2924, #5266, #10828, .T. ) ;
#6495 = DIRECTION ( 'NONE',  ( 1.000000000000000000, 0.000000000000000000, -0.000000000000000000 ) ) ;
#6496 = LINE ( 'NONE', #5413, #1274 ) ;
#6497 = CARTESIAN_POINT ( 'NONE',  ( -25.22346041856851429, 7.473614929054985367, 21.65163869255999884 ) ) ;
#6498 = ORIENTED_EDGE ( 'NONE', *, *, #6958, .F. ) ;
#6499 = VERTEX_POINT ( 'NONE', #3695 ) ;
#6500 = ORIENTED_EDGE ( 'NONE', *, *, #69, .T. ) ;
#6501 = ORIENTED_EDGE ( 'NONE', *, *, #5111, .T. ) ;
#6502 = EDGE_CURVE ( 'NONE', #10962, #7925, #3863, .T. ) ;
#6503 = DIRECTION ( 'NONE',  ( -1.000000000000000000, 0.000000000000000000, 1.652117596168388002E-16 ) ) ;
#6504 = DIRECTION ( 'NONE',  ( -0.000000000000000000, -1.000000000000000000, -0.000000000000000000 ) ) ;
#6505 = CARTESIAN_POINT ( 'NONE',  ( 11.94846063791714386, -41.99781379163786710, 27.00000000000000355 ) ) ;
#6506 = DIRECTION ( 'NONE',  ( -8.260587980841938780E-17, 0.000000000000000000, -1.000000000000000000 ) ) ;
#6507 = DIRECTION ( 'NONE',  ( -0.000000000000000000, -0.000000000000000000, -1.000000000000000000 ) ) ;
#6508 = LINE ( 'NONE', #2139, #7894 ) ;
#6509 = CARTESIAN_POINT ( 'NONE',  ( 15.50000000000000355, 0.000000000000000000, -13.89999999999999325 ) ) ;
#6510 = ORIENTED_EDGE ( 'NONE', *, *, #3, .F. ) ;
#6511 = ADVANCED_FACE ( 'NONE', ( #5508 ), #8234, .F. ) ;
#6512 = ORIENTED_EDGE ( 'NONE', *, *, #10339, .F. ) ;
#6513 = DIRECTION ( 'NONE',  ( 8.357552882253592277E-33, -1.000000000000000000, 1.927470528863117569E-16 ) ) ;
#6514 = EDGE_LOOP ( 'NONE', ( #1640, #5674, #1129, #9341 ) ) ;
#6515 = LINE ( 'NONE', #9036, #4937 ) ;
#6516 = CARTESIAN_POINT ( 'NONE',  ( -32.49999999999998579, 89.25000000000000000, 3.037741699796951966 ) ) ;
#6517 = ORIENTED_EDGE ( 'NONE', *, *, #9593, .F. ) ;
#6518 = CARTESIAN_POINT ( 'NONE',  ( 12.36992757980552504, -1.750000000000000000, 24.03108891324553653 ) ) ;
#6519 = CARTESIAN_POINT ( 'NONE',  ( -22.60000000000004405, 52.37412935516634604, -13.99999999999999822 ) ) ;
#6520 = CARTESIAN_POINT ( 'NONE',  ( 8.867482676658271501, -42.00000000000000000, 26.00000000000001776 ) ) ;
#6521 = CARTESIAN_POINT ( 'NONE',  ( -22.01204912305428252, 8.329379647026092570, 15.52101277811443758 ) ) ;
#6522 = CARTESIAN_POINT ( 'NONE',  ( -34.09999999999998721, 100.9999999999999858, -3.037741699796939088 ) ) ;
#6523 = VECTOR ( 'NONE', #9510, 1000.000000000000000 ) ;
#6524 = EDGE_CURVE ( 'NONE', #11527, #7821, #197, .T. ) ;
#6525 = EDGE_CURVE ( 'NONE', #1984, #9375, #2864, .T. ) ;
#6526 = EDGE_CURVE ( 'NONE', #6685, #7144, #2621, .T. ) ;
#6527 = VERTEX_POINT ( 'NONE', #8377 ) ;
#6528 = CARTESIAN_POINT ( 'NONE',  ( -9.954595884916436432, -1.824468137532731626, 24.07444131683025290 ) ) ;
#6529 = VERTEX_POINT ( 'NONE', #5767 ) ;
#6530 = CARTESIAN_POINT ( 'NONE',  ( -24.12680332145185957, 7.222887939445110206, 22.14746775489890496 ) ) ;
#6531 = CARTESIAN_POINT ( 'NONE',  ( -3.469446951953614189E-15, 8.000000000000000000, 0.000000000000000000 ) ) ;
#6532 = CARTESIAN_POINT ( 'NONE',  ( -26.44249565706749650, 9.022118272055717370, 20.17825389951921977 ) ) ;
#6533 = DIRECTION ( 'NONE',  ( 0.000000000000000000, 1.000000000000000000, 0.000000000000000000 ) ) ;
#6534 = EDGE_LOOP ( 'NONE', ( #7390, #1305, #9866, #10665, #1741 ) ) ;
#6535 = LINE ( 'NONE', #3043, #1479 ) ;
#6536 = ORIENTED_EDGE ( 'NONE', *, *, #2756, .T. ) ;
#6537 = DIRECTION ( 'NONE',  ( -0.000000000000000000, -1.000000000000000000, -1.927470528863117569E-16 ) ) ;
#6538 = CARTESIAN_POINT ( 'NONE',  ( 11.42137859080790996, -1.766069265446614134, 24.04603012722527211 ) ) ;
#6540 = LINE ( 'NONE', #1199, #4918 ) ;
#6539 = LINE ( 'NONE', #4683, #5302 ) ;
#6541 = DIRECTION ( 'NONE',  ( -0.000000000000000000, -0.000000000000000000, -1.000000000000000000 ) ) ;
#6542 = CARTESIAN_POINT ( 'NONE',  ( -25.33626385280648208, 11.63932539610743255, 11.16340226070002650 ) ) ;
#6543 = VECTOR ( 'NONE', #2518, 1000.000000000000000 ) ;
#6544 = CARTESIAN_POINT ( 'NONE',  ( -18.96666584454548854, -0.2901832422903639075, 25.48271572187924860 ) ) ;
#6545 = DIRECTION ( 'NONE',  ( 0.000000000000000000, 0.000000000000000000, -1.000000000000000000 ) ) ;
#6546 = ORIENTED_EDGE ( 'NONE', *, *, #6428, .F. ) ;
#6547 = EDGE_CURVE ( 'NONE', #4336, #3152, #11065, .T. ) ;
#6548 = EDGE_LOOP ( 'NONE', ( #6168, #8611, #4234, #2964 ) ) ;
#6549 = EDGE_CURVE ( 'NONE', #10467, #8730, #4820, .T. ) ;
#6550 = EDGE_CURVE ( 'NONE', #11174, #10447, #10086, .T. ) ;
#6551 = VECTOR ( 'NONE', #7236, 1000.000000000000000 ) ;
#6552 = EDGE_LOOP ( 'NONE', ( #4530, #566, #10866, #8817 ) ) ;
#6553 = CARTESIAN_POINT ( 'NONE',  ( 15.50000000000000355, 8.000000000000000000, -13.89999999999999325 ) ) ;
#6554 = CARTESIAN_POINT ( 'NONE',  ( -20.99999999999998934, 24.74570223042017503, 12.00000000000000178 ) ) ;
#6555 = DIRECTION ( 'NONE',  ( 1.000000000000000000, -2.465190328815661892E-32, -1.712579034340941216E-16 ) ) ;
#6556 = EDGE_CURVE ( 'NONE', #11181, #11449, #1041, .T. ) ;
#6557 = DIRECTION ( 'NONE',  ( 1.000000000000000000, 0.000000000000000000, -1.493971791722011787E-16 ) ) ;
#6558 = CARTESIAN_POINT ( 'NONE',  ( -35.99999999999999289, 22.99999999999999289, 19.99999999999982947 ) ) ;
#6559 = CYLINDRICAL_SURFACE ( 'NONE', #9591, 1.599999999999999867 ) ;
#6560 = VECTOR ( 'NONE', #3398, 1000.000000000000000 ) ;
#6561 = DIRECTION ( 'NONE',  ( -0.2588190451025134120, -0.000000000000000000, -0.9659258262890701996 ) ) ;
#6562 = CARTESIAN_POINT ( 'NONE',  ( -25.33626385280649274, 11.63932539610744321, -14.83659773929997350 ) ) ;
#6563 = DIRECTION ( 'NONE',  ( 0.000000000000000000, 0.000000000000000000, 1.000000000000000000 ) ) ;
#6564 = CARTESIAN_POINT ( 'NONE',  ( 17.39972121849717368, 2.032879073410321430E-17, 21.38153572109731115 ) ) ;
#6565 = ORIENTED_EDGE ( 'NONE', *, *, #9004, .T. ) ;
#6566 = EDGE_CURVE ( 'NONE', #4715, #4102, #295, .T. ) ;
#6567 = ORIENTED_EDGE ( 'NONE', *, *, #6209, .F. ) ;
#6568 = ADVANCED_FACE ( 'NONE', ( #1326 ), #3827, .F. ) ;
#6569 = VECTOR ( 'NONE', #11323, 1000.000000000000000 ) ;
#6570 = ORIENTED_EDGE ( 'NONE', *, *, #6150, .F. ) ;
#6571 = EDGE_LOOP ( 'NONE', ( #6898, #647, #9973, #11031 ) ) ;
#6572 = ORIENTED_EDGE ( 'NONE', *, *, #9252, .T. ) ;
#6573 = DIRECTION ( 'NONE',  ( 1.000000000000000000, -4.319837007227158624E-17, 0.000000000000000000 ) ) ;
#6574 = EDGE_CURVE ( 'NONE', #10906, #10832, #684, .T. ) ;
#6575 = EDGE_LOOP ( 'NONE', ( #3077, #5234, #3998, #10719 ) ) ;
#6576 = CARTESIAN_POINT ( 'NONE',  ( -34.16274169979693909, 89.25000000000000000, 1.375000000000001998 ) ) ;
#6577 = DIRECTION ( 'NONE',  ( 0.7071067811865499042, -0.7071067811865452413, 0.000000000000000000 ) ) ;
#6578 = DIRECTION ( 'NONE',  ( 0.000000000000000000, 0.000000000000000000, -1.000000000000000000 ) ) ;
#6579 = CARTESIAN_POINT ( 'NONE',  ( -23.99999999999998224, 77.13902729523029222, -4.705898051167641150 ) ) ;
#6580 = CIRCLE ( 'NONE', #4367, 1.600000000000000089 ) ;
#6581 = STYLED_ITEM ( 'NONE', ( #11287 ), #5617 ) ;
#6582 = EDGE_LOOP ( 'NONE', ( #5874, #10150, #2301, #4495 ) ) ;
#6583 = ORIENTED_EDGE ( 'NONE', *, *, #8709, .T. ) ;
#6584 = VECTOR ( 'NONE', #7582, 1000.000000000000000 ) ;
#6585 = DIRECTION ( 'NONE',  ( -0.000000000000000000, -0.000000000000000000, -1.000000000000000000 ) ) ;
#6586 = DIRECTION ( 'NONE',  ( 1.000000000000000000, -2.465190328815661892E-32, -1.712579034340941216E-16 ) ) ;
#6587 = CARTESIAN_POINT ( 'NONE',  ( -20.99999999999998934, 42.94570223042018142, 1.000000000000002665 ) ) ;
#6588 = EDGE_CURVE ( 'NONE', #9458, #1521, #10351, .T. ) ;
#6589 = CARTESIAN_POINT ( 'NONE',  ( -19.23695978061002165, 0.6859158419479093327, 26.22693430569843187 ) ) ;
#6590 = CARTESIAN_POINT ( 'NONE',  ( 15.56992757980557940, 6.999999999999833022, 27.00000000000000355 ) ) ;
#6591 = VERTEX_POINT ( 'NONE', #10834 ) ;
#6592 = DIRECTION ( 'NONE',  ( -0.000000000000000000, -0.000000000000000000, -1.000000000000000000 ) ) ;
#6593 = ORIENTED_EDGE ( 'NONE', *, *, #1228, .F. ) ;
#6594 = AXIS2_PLACEMENT_3D ( 'NONE', #798, #8994, #8886 ) ;
#6595 = DIRECTION ( 'NONE',  ( 0.7071067811865499042, -0.7071067811865451302, 0.000000000000000000 ) ) ;
#6596 = CARTESIAN_POINT ( 'NONE',  ( 11.86756969642736159, -1.779160340301255694, 24.05225482390436298 ) ) ;
#6598 = LINE ( 'NONE', #11049, #1566 ) ;
#6597 = CARTESIAN_POINT ( 'NONE',  ( -23.99999999999998224, 88.61736382251127964, -13.99999999999999645 ) ) ;
#6599 = ORIENTED_EDGE ( 'NONE', *, *, #2157, .F. ) ;
#6600 = EDGE_CURVE ( 'NONE', #5558, #9635, #2951, .T. ) ;
#6601 = LINE ( 'NONE', #10184, #3488 ) ;
#6602 = VERTEX_POINT ( 'NONE', #9081 ) ;
#6603 = DIRECTION ( 'NONE',  ( 2.168404344971003346E-15, 0.000000000000000000, 1.000000000000000000 ) ) ;
#6604 = DIRECTION ( 'NONE',  ( 0.000000000000000000, 0.000000000000000000, 1.000000000000000000 ) ) ;
#6605 =( BOUNDED_CURVE ( )  B_SPLINE_CURVE ( 3, ( #2749, #6474, #6416, #6357 ),
 .UNSPECIFIED., .F., .F. ) 
 B_SPLINE_CURVE_WITH_KNOTS ( ( 4, 4 ),
 ( 2.415333066238895210, 2.473567888094376332 ),
 .UNSPECIFIED. ) 
 CURVE ( )  GEOMETRIC_REPRESENTATION_ITEM ( )  RATIONAL_B_SPLINE_CURVE ( ( 1.000000000000000000, 0.9997174120931930918, 0.9997174120931930918, 1.000000000000000000 ) ) 
 REPRESENTATION_ITEM ( '' )  );
#6606 = ORIENTED_EDGE ( 'NONE', *, *, #8220, .F. ) ;
#6607 = AXIS2_PLACEMENT_3D ( 'NONE', #880, #6860, #7804 ) ;
#6608 = ORIENTED_EDGE ( 'NONE', *, *, #4675, .T. ) ;
#6609 = ORIENTED_EDGE ( 'NONE', *, *, #11057, .T. ) ;
#6610 = DIRECTION ( 'NONE',  ( -1.379656123914496162E-15, 1.000000000000000000, 0.000000000000000000 ) ) ;
#6611 = CARTESIAN_POINT ( 'NONE',  ( -32.49999999999998579, 110.4999999999999858, 5.545168646161523908E-15 ) ) ;
#6612 = EDGE_CURVE ( 'NONE', #4327, #7201, #2888, .T. ) ;
#6613 = ORIENTED_EDGE ( 'NONE', *, *, #6086, .F. ) ;
#6614 = DIRECTION ( 'NONE',  ( -1.000000000000000000, -0.000000000000000000, -0.000000000000000000 ) ) ;
#6615 = DIRECTION ( 'NONE',  ( -1.652117596168388002E-16, 0.000000000000000000, -1.000000000000000000 ) ) ;
#6616 = CARTESIAN_POINT ( 'NONE',  ( -20.99999999999999289, 8.000000000000000000, 3.469446951953613794E-15 ) ) ;
#6617 = AXIS2_PLACEMENT_3D ( 'NONE', #10877, #9069, #8952 ) ;
#6618 = LINE ( 'NONE', #6453, #636 ) ;
#6619 = DIRECTION ( 'NONE',  ( -5.766135945856683012E-32, -1.000000000000000000, -1.927470528863117569E-16 ) ) ;
#6620 = ORIENTED_EDGE ( 'NONE', *, *, #1842, .F. ) ;
#6621 = AXIS2_PLACEMENT_3D ( 'NONE', #5259, #3323, #10564 ) ;
#6622 = EDGE_LOOP ( 'NONE', ( #3330, #4514, #6500, #5789 ) ) ;
#6623 = ADVANCED_FACE ( 'NONE', ( #2827 ), #7491, .T. ) ;
#6624 = EDGE_LOOP ( 'NONE', ( #7520, #8888, #4650, #11266, #2478, #2959, #3493, #8632 ) ) ;
#6625 = ORIENTED_EDGE ( 'NONE', *, *, #5949, .T. ) ;
#6626 = B_SPLINE_CURVE_WITH_KNOTS ( 'NONE', 3,
 ( #2809, #5354, #8891, #2699 ),
 .UNSPECIFIED., .F., .F.,
 ( 4, 4 ),
 ( 0.000000000000000000, 1.000000000000000000 ),
 .UNSPECIFIED. ) ;
#6627 = CARTESIAN_POINT ( 'NONE',  ( 12.36992757980552504, -3.500000000000000000, 21.00000000000000000 ) ) ;
#6628 = CARTESIAN_POINT ( 'NONE',  ( -24.38617074886427361, 84.70613612429511363, -2.599999999999990319 ) ) ;
#6629 = ORIENTED_EDGE ( 'NONE', *, *, #6842, .T. ) ;
#6630 = DIRECTION ( 'NONE',  ( -0.000000000000000000, -0.000000000000000000, -1.000000000000000000 ) ) ;
#6631 = EDGE_CURVE ( 'NONE', #2129, #829, #4877, .T. ) ;
#6632 = EDGE_CURVE ( 'NONE', #1015, #3935, #10912, .T. ) ;
#6633 = CYLINDRICAL_SURFACE ( 'NONE', #8071, 1.600000000000002531 ) ;
#6634 = CARTESIAN_POINT ( 'NONE',  ( -27.60000000000000853, 34.17412935516636452, 5.500000000000002665 ) ) ;
#6635 = CARTESIAN_POINT ( 'NONE',  ( -22.60000000000004761, 54.23199373143538793, 1.000000000000000888 ) ) ;
#6636 = ADVANCED_FACE ( 'NONE', ( #8260 ), #3886, .F. ) ;
#6637 = DIRECTION ( 'NONE',  ( 0.000000000000000000, -1.000000000000000000, 2.973811673103097665E-16 ) ) ;
#6638 = DIRECTION ( 'NONE',  ( 0.9659258262890700886, 0.000000000000000000, -0.2588190451025141892 ) ) ;
#6639 = VERTEX_POINT ( 'NONE', #7315 ) ;
#6640 = EDGE_CURVE ( 'NONE', #9485, #1237, #3772, .T. ) ;
#6641 = CIRCLE ( 'NONE', #7579, 5.000000000000000888 ) ;
#6642 = ORIENTED_EDGE ( 'NONE', *, *, #9831, .F. ) ;
#6643 = EDGE_LOOP ( 'NONE', ( #5419, #10387, #6951, #3194 ) ) ;
#6644 = AXIS2_PLACEMENT_3D ( 'NONE', #8178, #8122, #6198 ) ;
#6645 = CARTESIAN_POINT ( 'NONE',  ( -23.99999999999998934, 80.49024197717709228, 15.18773962929533639 ) ) ;
#6646 = CARTESIAN_POINT ( 'NONE',  ( 9.869927579805528595, -37.00000000000000000, 27.00000000000000355 ) ) ;
#6647 = DIRECTION ( 'NONE',  ( 0.000000000000000000, 1.000000000000000000, -0.000000000000000000 ) ) ;
#6648 = ADVANCED_FACE ( 'NONE', ( #9257 ), #10022, .F. ) ;
#6649 = DIRECTION ( 'NONE',  ( 1.000000000000000000, -2.465190328815661892E-32, -1.712579034340941216E-16 ) ) ;
#6650 = PLANE ( 'NONE',  #4893 ) ;
#6651 = ORIENTED_EDGE ( 'NONE', *, *, #3789, .T. ) ;
#6652 = DIRECTION ( 'NONE',  ( 0.000000000000000000, 1.000000000000000000, 1.927470528863117569E-16 ) ) ;
#6653 = CARTESIAN_POINT ( 'NONE',  ( -26.13553390593274628, 39.56752763736815126, 7.500000000000002665 ) ) ;
#6654 = VECTOR ( 'NONE', #3709, 1000.000000000000000 ) ;
#6655 = ORIENTED_EDGE ( 'NONE', *, *, #9585, .F. ) ;
#6656 = ADVANCED_FACE ( 'NONE', ( #10953 ), #2363, .F. ) ;
#6657 = DIRECTION ( 'NONE',  ( -1.000000000000000000, 0.000000000000000000, 0.000000000000000000 ) ) ;
#6658 = DIRECTION ( 'NONE',  ( 0.000000000000000000, 0.000000000000000000, -1.000000000000000000 ) ) ;
#6660 = CARTESIAN_POINT ( 'NONE',  ( -33.03137084989843686, 112.7499999999999858, 5.457170900668074587E-15 ) ) ;
#6659 = DIRECTION ( 'NONE',  ( 1.000000000000000000, 0.000000000000000000, -1.344574612549810731E-16 ) ) ;
#6661 = FACE_OUTER_BOUND ( 'NONE', #2286, .T. ) ;
#6662 = EDGE_CURVE ( 'NONE', #7791, #4948, #7549, .T. ) ;
#6663 = VECTOR ( 'NONE', #5852, 1000.000000000000000 ) ;
#6664 = ORIENTED_EDGE ( 'NONE', *, *, #118, .F. ) ;
#6665 = CARTESIAN_POINT ( 'NONE',  ( -18.58361950219606840, -0.5102204385133487508, 25.72382990413090198 ) ) ;
#6666 = CARTESIAN_POINT ( 'NONE',  ( -24.46138472166777333, 7.285976285464126789, 21.97348505841355149 ) ) ;
#6667 = EDGE_LOOP ( 'NONE', ( #10566, #3895, #2485, #2712, #10655 ) ) ;
#6668 = EDGE_CURVE ( 'NONE', #9760, #7928, #4306, .T. ) ;
#6669 = AXIS2_PLACEMENT_3D ( 'NONE', #9525, #9709, #1477 ) ;
#6670 = ORIENTED_EDGE ( 'NONE', *, *, #1024, .F. ) ;
#6671 = FACE_OUTER_BOUND ( 'NONE', #7827, .T. ) ;
#6672 = LINE ( 'NONE', #2949, #9800 ) ;
#6673 = CARTESIAN_POINT ( 'NONE',  ( -19.79460608058305837, -0.03363305091693578885, 21.50007900612477840 ) ) ;
#6674 = CARTESIAN_POINT ( 'NONE',  ( 34.00000000000000000, 91.50000000000000000, -5.203881532260287837E-15 ) ) ;
#6675 = ORIENTED_EDGE ( 'NONE', *, *, #2426, .T. ) ;
#6676 = CARTESIAN_POINT ( 'NONE',  ( -23.99999999999998934, 77.13902729523026380, 14.79410194883236684 ) ) ;
#6677 = DIRECTION ( 'NONE',  ( -1.000000000000000000, 0.000000000000000000, 0.000000000000000000 ) ) ;
#6678 = PLANE ( 'NONE',  #3056 ) ;
#6679 = AXIS2_PLACEMENT_3D ( 'NONE', #1395, #4017, #4959 ) ;
#6680 = ORIENTED_EDGE ( 'NONE', *, *, #8357, .T. ) ;
#6681 = DIRECTION ( 'NONE',  ( 1.652117596168388002E-16, -0.000000000000000000, 1.000000000000000000 ) ) ;
#6682 = CARTESIAN_POINT ( 'NONE',  ( -24.00000000000006040, 59.90306154330085064, 14.00000000000000178 ) ) ;
#6683 = CARTESIAN_POINT ( 'NONE',  ( 16.56992757980552256, -0.9419471069310133560, 25.20542239114725902 ) ) ;
#6684 = ORIENTED_EDGE ( 'NONE', *, *, #2578, .T. ) ;
#6685 = VERTEX_POINT ( 'NONE', #1380 ) ;
#6686 = ORIENTED_EDGE ( 'NONE', *, *, #10985, .F. ) ;
#6687 = EDGE_LOOP ( 'NONE', ( #21, #6363, #6138, #2735 ) ) ;
#6688 = AXIS2_PLACEMENT_3D ( 'NONE', #8168, #1174, #10802 ) ;
#6689 = LINE ( 'NONE', #5783, #6975 ) ;
#6690 = EDGE_CURVE ( 'NONE', #10702, #2967, #4396, .T. ) ;
#6691 = DIRECTION ( 'NONE',  ( 1.000000000000000000, 1.379656123914496162E-15, -0.000000000000000000 ) ) ;
#6692 = LINE ( 'NONE', #2205, #7312 ) ;
#6693 = DIRECTION ( 'NONE',  ( 1.000000000000000000, -0.000000000000000000, -0.000000000000000000 ) ) ;
#6694 = CARTESIAN_POINT ( 'NONE',  ( -21.45807374258841449, 8.043111923418949871, 15.58998274480512514 ) ) ;
#6695 = CARTESIAN_POINT ( 'NONE',  ( -17.40147415945252618, -1.885153006177739510, 26.00000000000001776 ) ) ;
#6696 = CYLINDRICAL_SURFACE ( 'NONE', #2531, 1.600000000000002531 ) ;
#6697 = ORIENTED_EDGE ( 'NONE', *, *, #3258, .F. ) ;
#6698 = EDGE_CURVE ( 'NONE', #3182, #5249, #3075, .T. ) ;
#6699 = ADVANCED_FACE ( 'NONE', ( #7611 ), #2306, .F. ) ;
#6700 = EDGE_CURVE ( 'NONE', #8775, #177, #3269, .T. ) ;
#6701 = ORIENTED_EDGE ( 'NONE', *, *, #5723, .F. ) ;
#6702 = ORIENTED_EDGE ( 'NONE', *, *, #5229, .F. ) ;
#6703 = AXIS2_PLACEMENT_3D ( 'NONE', #4291, #7843, #11409 ) ;
#6704 = DIRECTION ( 'NONE',  ( -1.000000000000000000, 0.000000000000000000, 1.652117596168388002E-16 ) ) ;
#6705 = CARTESIAN_POINT ( 'NONE',  ( -21.14413886674965681, 8.000319343246259152, -15.59999999999999254 ) ) ;
#6706 = DIRECTION ( 'NONE',  ( 0.000000000000000000, 0.000000000000000000, 1.000000000000000000 ) ) ;
#6707 = CARTESIAN_POINT ( 'NONE',  ( -23.99999999999997158, 10.30306154330093094, -10.92342761661722861 ) ) ;
#6708 = DIRECTION ( 'NONE',  ( -0.000000000000000000, -0.000000000000000000, -1.000000000000000000 ) ) ;
#6709 = ORIENTED_EDGE ( 'NONE', *, *, #2134, .T. ) ;
#6710 = PLANE ( 'NONE',  #9104 ) ;
#6711 = FACE_OUTER_BOUND ( 'NONE', #5562, .T. ) ;
#6712 = EDGE_LOOP ( 'NONE', ( #3928, #5950, #1437, #1836 ) ) ;
#6713 = EDGE_CURVE ( 'NONE', #1815, #10948, #4119, .T. ) ;
#6714 = VECTOR ( 'NONE', #7266, 1000.000000000000000 ) ;
#6715 = CARTESIAN_POINT ( 'NONE',  ( -43.99999999999998579, 88.61736382251127964, 3.900000000000000799 ) ) ;
#6716 = CARTESIAN_POINT ( 'NONE',  ( 16.21920158330863160, 0.000000000000000000, -20.00000000000001421 ) ) ;
#6717 = EDGE_LOOP ( 'NONE', ( #1336, #5044, #7955, #5488 ) ) ;
#6718 = PLANE ( 'NONE',  #1203 ) ;
#6719 = LINE ( 'NONE', #1431, #10754 ) ;
#6720 = ORIENTED_EDGE ( 'NONE', *, *, #830, .T. ) ;
#6721 = CARTESIAN_POINT ( 'NONE',  ( -26.02411907401664592, 79.84994088672972623, 10.39999999999999325 ) ) ;
#6722 = CIRCLE ( 'NONE', #611, 3.499999999999999556 ) ;
#6723 = ORIENTED_EDGE ( 'NONE', *, *, #4, .T. ) ;
#6724 = ORIENTED_EDGE ( 'NONE', *, *, #3387, .T. ) ;
#6725 = ORIENTED_EDGE ( 'NONE', *, *, #11325, .T. ) ;
#6726 = FACE_OUTER_BOUND ( 'NONE', #9290, .T. ) ;
#6727 = FACE_OUTER_BOUND ( 'NONE', #5025, .T. ) ;
#6728 = ORIENTED_EDGE ( 'NONE', *, *, #10141, .T. ) ;
#6729 = DIRECTION ( 'NONE',  ( -0.000000000000000000, -0.000000000000000000, -1.000000000000000000 ) ) ;
#6730 = CARTESIAN_POINT ( 'NONE',  ( -16.34400169834174221, -3.499999999999989342, 24.50000000000000000 ) ) ;
#6731 = EDGE_CURVE ( 'NONE', #6417, #2573, #9450, .T. ) ;
#6732 = ADVANCED_FACE ( 'NONE', ( #6844 ), #8718, .T. ) ;
#6733 = ORIENTED_EDGE ( 'NONE', *, *, #305, .F. ) ;
#6734 = CARTESIAN_POINT ( 'NONE',  ( -27.59999999999998721, 88.61736382251127964, 7.500000000000002665 ) ) ;
#6735 = LINE ( 'NONE', #1332, #10636 ) ;
#6736 = VECTOR ( 'NONE', #1590, 1000.000000000000000 ) ;
#6737 = DIRECTION ( 'NONE',  ( -1.652117596168388002E-16, 0.000000000000000000, -1.000000000000000000 ) ) ;
#6738 = LINE ( 'NONE', #10202, #4786 ) ;
#6739 = VERTEX_POINT ( 'NONE', #7790 ) ;
#6740 = AXIS2_PLACEMENT_3D ( 'NONE', #4621, #1073, #8944 ) ;
#6741 = ORIENTED_EDGE ( 'NONE', *, *, #8220, .T. ) ;
#6742 = ORIENTED_EDGE ( 'NONE', *, *, #9455, .F. ) ;
#6743 = CARTESIAN_POINT ( 'NONE',  ( -33.49999999999997158, 100.9999999999999858, 1.900000000000004796 ) ) ;
#6744 = CARTESIAN_POINT ( 'NONE',  ( -22.60000000000004405, 52.37412935516634604, -7.500000000000000000 ) ) ;
#6745 = ADVANCED_FACE ( 'NONE', ( #1497 ), #4001, .F. ) ;
#6746 = DIRECTION ( 'NONE',  ( 1.734723475976807489E-15, -1.000000000000000000, -0.000000000000000000 ) ) ;
#6747 = DIRECTION ( 'NONE',  ( -1.000000000000000000, 0.000000000000000000, 0.000000000000000000 ) ) ;
#6748 = CARTESIAN_POINT ( 'NONE',  ( -27.59999999999998721, 17.83199373143543198, 14.00000000000000178 ) ) ;
#6749 = DIRECTION ( 'NONE',  ( 1.000000000000000000, 0.000000000000000000, -1.493971791722013266E-16 ) ) ;
#6750 = AXIS2_PLACEMENT_3D ( 'NONE', #1963, #1905, #2668 ) ;
#6751 = VERTEX_POINT ( 'NONE', #7668 ) ;
#6752 = DIRECTION ( 'NONE',  ( 0.9659258262890701996, 0.000000000000000000, -0.2588190451025134120 ) ) ;
#6753 = ORIENTED_EDGE ( 'NONE', *, *, #1580, .F. ) ;
#6754 = ORIENTED_EDGE ( 'NONE', *, *, #3029, .F. ) ;
#6755 = DIRECTION ( 'NONE',  ( 0.000000000000000000, 0.000000000000000000, 1.000000000000000000 ) ) ;
#6756 = CARTESIAN_POINT ( 'NONE',  ( -27.59999999999998721, 17.63098360465878756, -1.000000000000000888 ) ) ;
#6757 = DIRECTION ( 'NONE',  ( 1.000000000000000000, -0.000000000000000000, -1.652117596168387756E-16 ) ) ;
#6758 = AXIS2_PLACEMENT_3D ( 'NONE', #8129, #9066, #4749 ) ;
#6759 = DIRECTION ( 'NONE',  ( 0.000000000000000000, 0.000000000000000000, 1.000000000000000000 ) ) ;
#6760 = FACE_OUTER_BOUND ( 'NONE', #1957, .T. ) ;
#6761 = ORIENTED_EDGE ( 'NONE', *, *, #4934, .T. ) ;
#6762 = ADVANCED_FACE ( 'NONE', ( #11358 ), #6901, .F. ) ;
#6763 = CONICAL_SURFACE ( 'NONE', #6949, 35.00000000000000000, 1.308996938995754311 ) ;
#6764 = LINE ( 'NONE', #10278, #8715 ) ;
#6765 = LINE ( 'NONE', #5915, #8637 ) ;
#6766 = ADVANCED_FACE ( 'NONE', ( #10418, #10247, #2238, #5819 ), #9374, .T. ) ;
#6767 = ORIENTED_EDGE ( 'NONE', *, *, #1139, .F. ) ;
#6768 = VECTOR ( 'NONE', #7536, 1000.000000000000000 ) ;
#6769 = LINE ( 'NONE', #3981, #4371 ) ;
#6770 = VECTOR ( 'NONE', #5096, 1000.000000000000000 ) ;
#6771 = CARTESIAN_POINT ( 'NONE',  ( 10.76992757980552717, -1.891469190391892319, 24.10847689947046035 ) ) ;
#6772 = ORIENTED_EDGE ( 'NONE', *, *, #3433, .T. ) ;
#6774 = DIRECTION ( 'NONE',  ( -0.000000000000000000, -0.000000000000000000, -1.000000000000000000 ) ) ;
#6773 = CARTESIAN_POINT ( 'NONE',  ( -10.54284886039479829, 55.16021268290609925, -11.99999999999999645 ) ) ;
#6775 = LINE ( 'NONE', #1661, #3103 ) ;
#6776 = ORIENTED_EDGE ( 'NONE', *, *, #1606, .F. ) ;
#6777 = EDGE_LOOP ( 'NONE', ( #289, #9799, #7769, #10568 ) ) ;
#6778 = ADVANCED_FACE ( 'NONE', ( #6727 ), #1594, .T. ) ;
#6779 = ADVANCED_FACE ( 'NONE', ( #5410 ), #5466, .F. ) ;
#6780 = CARTESIAN_POINT ( 'NONE',  ( -19.60934104347439089, -0.07083776856101628439, 24.82842712474618097 ) ) ;
#6781 = EDGE_CURVE ( 'NONE', #5239, #5351, #11091, .T. ) ;
#6782 = AXIS2_PLACEMENT_3D ( 'NONE', #7793, #10309, #3246 ) ;
#6783 = ORIENTED_EDGE ( 'NONE', *, *, #8311, .F. ) ;
#6784 = ORIENTED_EDGE ( 'NONE', *, *, #5718, .F. ) ;
#6785 = CONICAL_SURFACE ( 'NONE', #3264, 9.028718707889582973, 1.308996938995755421 ) ;
#6786 = ORIENTED_EDGE ( 'NONE', *, *, #11029, .F. ) ;
#6787 = AXIS2_PLACEMENT_3D ( 'NONE', #2584, #4456, #89 ) ;
#6788 = CARTESIAN_POINT ( 'NONE',  ( -18.68567499753114447, -0.4332503026048381556, 22.70670760917083442 ) ) ;
#6789 = CARTESIAN_POINT ( 'NONE',  ( -23.99999999999998579, 84.98906412751230732, -3.987471941855791346 ) ) ;
#6790 = ORIENTED_EDGE ( 'NONE', *, *, #1932, .T. ) ;
#6791 = LINE ( 'NONE', #2366, #5557 ) ;
#6792 = CARTESIAN_POINT ( 'NONE',  ( -24.96396103067888106, 11.26702257397983331, -4.600822128799060273 ) ) ;
#6793 = CARTESIAN_POINT ( 'NONE',  ( -42.39999999999999147, 112.7499999999999858, -1.374999999999990896 ) ) ;
#6794 = ORIENTED_EDGE ( 'NONE', *, *, #5481, .T. ) ;
#6795 = CARTESIAN_POINT ( 'NONE',  ( -23.81870605557358189, 1.110496177023081232, 22.31019620204684983 ) ) ;
#6796 = CARTESIAN_POINT ( 'NONE',  ( 20.99999999999999645, 6.999999999999971578, -1.734723475976806897E-15 ) ) ;
#6797 = CARTESIAN_POINT ( 'NONE',  ( -22.60000000000001208, 36.03199373143542061, -11.99999999999999645 ) ) ;
#6798 = DIRECTION ( 'NONE',  ( -1.000000000000000000, 0.000000000000000000, 1.652117596168388002E-16 ) ) ;
#6799 = ORIENTED_EDGE ( 'NONE', *, *, #4517, .F. ) ;
#6800 = AXIS2_PLACEMENT_3D ( 'NONE', #2077, #5595, #9134 ) ;
#6801 = ORIENTED_EDGE ( 'NONE', *, *, #4216, .F. ) ;
#6802 = ORIENTED_EDGE ( 'NONE', *, *, #11241, .F. ) ;
#6803 = CARTESIAN_POINT ( 'NONE',  ( -42.39999999999999147, 89.25000000000000000, 7.004978607753963848E-15 ) ) ;
#6804 = CARTESIAN_POINT ( 'NONE',  ( -20.99999999999999289, 27.26042085618161082, -13.99999999999999645 ) ) ;
#6805 = AXIS2_PLACEMENT_3D ( 'NONE', #5237, #7024, #3652 ) ;
#6806 = LINE ( 'NONE', #3320, #10317 ) ;
#6807 = DIRECTION ( 'NONE',  ( 0.000000000000000000, 0.000000000000000000, 1.000000000000000000 ) ) ;
#6808 = DIRECTION ( 'NONE',  ( 0.000000000000000000, 1.000000000000000000, 0.000000000000000000 ) ) ;
#6809 = CARTESIAN_POINT ( 'NONE',  ( -27.60000000000010445, 88.61736382251130806, 5.500000000000002665 ) ) ;
#6810 = EDGE_LOOP ( 'NONE', ( #836, #9632, #2317, #3304 ) ) ;
#6811 = AXIS2_PLACEMENT_3D ( 'NONE', #9545, #6962, #1614 ) ;
#6812 = ADVANCED_FACE ( 'NONE', ( #3415 ), #2540, .F. ) ;
#6813 = VECTOR ( 'NONE', #7823, 999.9999999999998863 ) ;
#6814 = ORIENTED_EDGE ( 'NONE', *, *, #11057, .F. ) ;
#6815 = ORIENTED_EDGE ( 'NONE', *, *, #8347, .F. ) ;
#6816 = DIRECTION ( 'NONE',  ( 0.7071067811865622277, 0.000000000000000000, -0.7071067811865328068 ) ) ;
#6817 = DIRECTION ( 'NONE',  ( 8.260587980841938780E-17, 0.000000000000000000, 1.000000000000000000 ) ) ;
#6818 = DIRECTION ( 'NONE',  ( 0.000000000000000000, 0.000000000000000000, 1.000000000000000000 ) ) ;
#6819 = DIRECTION ( 'NONE',  ( 1.000000000000000000, 0.000000000000000000, 0.000000000000000000 ) ) ;
#6820 = DIRECTION ( 'NONE',  ( 1.734723475976807489E-15, -1.000000000000000000, 0.000000000000000000 ) ) ;
#6821 = ORIENTED_EDGE ( 'NONE', *, *, #2438, .T. ) ;
#6822 = LINE ( 'NONE', #1826, #8924 ) ;
#6823 = DIRECTION ( 'NONE',  ( -1.000000000000000000, 0.000000000000000000, 0.000000000000000000 ) ) ;
#6824 =( GEOMETRIC_REPRESENTATION_CONTEXT ( 3 ) GLOBAL_UNCERTAINTY_ASSIGNED_CONTEXT ( ( #8058 ) ) GLOBAL_UNIT_ASSIGNED_CONTEXT ( ( #5608, #7277, #3732 ) ) REPRESENTATION_CONTEXT ( 'NONE', 'WORKASPACE' ) );
#6825 = CIRCLE ( 'NONE', #1820, 35.00000000000000000 ) ;
#6826 = ADVANCED_FACE ( 'NONE', ( #2599 ), #4351, .F. ) ;
#6827 = VECTOR ( 'NONE', #5226, 1000.000000000000000 ) ;
#6828 = LINE ( 'NONE', #9354, #2677 ) ;
#6829 = PLANE ( 'NONE',  #989 ) ;
#6830 = VERTEX_POINT ( 'NONE', #3480 ) ;
#6832 = LINE ( 'NONE', #10407, #4588 ) ;
#6831 = CARTESIAN_POINT ( 'NONE',  ( -23.99999999999998934, 88.61736382251127964, -84.74336439883576588 ) ) ;
#6833 = ORIENTED_EDGE ( 'NONE', *, *, #10997, .T. ) ;
#6834 = DIRECTION ( 'NONE',  ( 0.000000000000000000, 0.000000000000000000, 1.000000000000000000 ) ) ;
#6835 = AXIS2_PLACEMENT_3D ( 'NONE', #10262, #2256, #5834 ) ;
#6836 = VERTEX_POINT ( 'NONE', #2706 ) ;
#6837 = LINE ( 'NONE', #11352, #7988 ) ;
#6838 = VECTOR ( 'NONE', #10984, 999.9999999999998863 ) ;
#6839 = EDGE_CURVE ( 'NONE', #1804, #1012, #5296, .T. ) ;
#6840 = ORIENTED_EDGE ( 'NONE', *, *, #876, .T. ) ;
#6841 = CIRCLE ( 'NONE', #10959, 1.600000000000000311 ) ;
#6842 = EDGE_CURVE ( 'NONE', #5328, #3391, #5134, .T. ) ;
#6843 = CARTESIAN_POINT ( 'NONE',  ( -27.56135765566532925, 16.79787558810383175, -7.500000000000000000 ) ) ;
#6844 = FACE_OUTER_BOUND ( 'NONE', #8625, .T. ) ;
#6845 = ORIENTED_EDGE ( 'NONE', *, *, #9214, .T. ) ;
#6846 = CARTESIAN_POINT ( 'NONE',  ( 11.03660106023543364, 0.000000000000000000, 21.00000000000000000 ) ) ;
#6847 = DIRECTION ( 'NONE',  ( -0.7071067811865292541, 0.000000000000000000, 0.7071067811865658914 ) ) ;
#6848 = DIRECTION ( 'NONE',  ( 1.000000000000000000, -1.387778780781445478E-15, 0.000000000000000000 ) ) ;
#6849 = DIRECTION ( 'NONE',  ( -0.000000000000000000, -0.000000000000000000, 1.000000000000000000 ) ) ;
#6850 = CARTESIAN_POINT ( 'NONE',  ( -24.84995031948701083, 1.249698517633209383, 21.80235550187734717 ) ) ;
#6851 = EDGE_CURVE ( 'NONE', #7996, #8419, #6152, .T. ) ;
#6852 = DIRECTION ( 'NONE',  ( 0.000000000000000000, 0.000000000000000000, 1.000000000000000000 ) ) ;
#6853 = DIRECTION ( 'NONE',  ( 0.000000000000000000, 0.000000000000000000, 1.000000000000000000 ) ) ;
#6854 = CARTESIAN_POINT ( 'NONE',  ( -24.00000000000000000, 28.50306154330090536, -47.00000000000000000 ) ) ;
#6855 = AXIS2_PLACEMENT_3D ( 'NONE', #9781, #1724, #685 ) ;
#6856 = ORIENTED_EDGE ( 'NONE', *, *, #9280, .F. ) ;
#6857 = ORIENTED_EDGE ( 'NONE', *, *, #2578, .F. ) ;
#6858 = EDGE_CURVE ( 'NONE', #3622, #10401, #1787, .T. ) ;
#6859 = EDGE_LOOP ( 'NONE', ( #6285, #11019, #9932, #978 ) ) ;
#6860 = DIRECTION ( 'NONE',  ( -0.7071067811865475727, 0.7071067811865475727, 0.000000000000000000 ) ) ;
#6861 = ORIENTED_EDGE ( 'NONE', *, *, #9654, .T. ) ;
#6862 = CARTESIAN_POINT ( 'NONE',  ( -22.09190783115894874, 8.394969374459918754, 9.005032263819364502 ) ) ;
#6863 = ADVANCED_FACE ( 'NONE', ( #8655 ), #3458, .F. ) ;
#6864 = CARTESIAN_POINT ( 'NONE',  ( -6.498321074246344864, -3.500000000000000444, 24.50000000000000000 ) ) ;
#6865 = DIRECTION ( 'NONE',  ( 1.652117596168388002E-16, 3.387343054164791128E-16, 1.000000000000000000 ) ) ;
#6866 = CARTESIAN_POINT ( 'NONE',  ( -10.54284886039479829, 55.16021268290609925, 7.500000000000002665 ) ) ;
#6867 = CARTESIAN_POINT ( 'NONE',  ( -45.00000000000005684, 25.00000000000000000, 21.00000000000000000 ) ) ;
#6868 = ADVANCED_FACE ( 'NONE', ( #4414 ), #6960, .F. ) ;
#6869 = FACE_OUTER_BOUND ( 'NONE', #8410, .T. ) ;
#6870 = EDGE_LOOP ( 'NONE', ( #2541, #7803, #10248, #8036 ) ) ;
#6871 = CIRCLE ( 'NONE', #9693, 20.00000000000000000 ) ;
#6872 = B_SPLINE_CURVE_WITH_KNOTS ( 'NONE', 3,
 ( #2593, #8020, #747, #43 ),
 .UNSPECIFIED., .F., .F.,
 ( 4, 4 ),
 ( 0.000000000000000000, 0.002626471643539440501 ),
 .UNSPECIFIED. ) ;
#6873 = ORIENTED_EDGE ( 'NONE', *, *, #11276, .T. ) ;
#6874 = ORIENTED_EDGE ( 'NONE', *, *, #2849, .F. ) ;
#6875 = CARTESIAN_POINT ( 'NONE',  ( -26.13553390593274628, 39.56752763736815126, -11.99999999999999645 ) ) ;
#6876 = CARTESIAN_POINT ( 'NONE',  ( -30.02871870788958475, 51.31596721165377062, 12.00000000000000178 ) ) ;
#6877 = DIRECTION ( 'NONE',  ( 0.000000000000000000, -1.000000000000000000, 0.000000000000000000 ) ) ;
#6878 = DIRECTION ( 'NONE',  ( 0.000000000000000000, 0.000000000000000000, -1.000000000000000000 ) ) ;
#6879 = DIRECTION ( 'NONE',  ( -0.000000000000000000, 1.000000000000000000, -0.000000000000000000 ) ) ;
#6880 = ORIENTED_EDGE ( 'NONE', *, *, #10386, .T. ) ;
#6881 = EDGE_CURVE ( 'NONE', #6414, #389, #8895, .T. ) ;
#6882 = DIRECTION ( 'NONE',  ( -0.000000000000000000, -0.000000000000000000, -1.000000000000000000 ) ) ;
#6883 = ADVANCED_FACE ( 'NONE', ( #4235 ), #303, .T. ) ;
#6884 = ORIENTED_EDGE ( 'NONE', *, *, #5639, .T. ) ;
#6885 = B_SPLINE_CURVE_WITH_KNOTS ( 'NONE', 3,
 ( #3346, #10464, #9419, #562 ),
 .UNSPECIFIED., .F., .F.,
 ( 4, 4 ),
 ( 0.000000000000000000, 0.002626471643539445705 ),
 .UNSPECIFIED. ) ;
#6886 = CARTESIAN_POINT ( 'NONE',  ( -27.60000000000010800, 88.61736382251130806, 5.500000000000002665 ) ) ;
#6887 = CARTESIAN_POINT ( 'NONE',  ( -20.99999999999999289, 22.99999999999999289, 2.599999999999998312 ) ) ;
#6888 = ORIENTED_EDGE ( 'NONE', *, *, #3938, .F. ) ;
#6890 = DIRECTION ( 'NONE',  ( 1.000000000000000000, 1.387778780781445478E-15, 0.000000000000000000 ) ) ;
#6889 = CARTESIAN_POINT ( 'NONE',  ( -32.45779162047082878, 66.65895734927150329, 2.600000000000004974 ) ) ;
#6891 = DIRECTION ( 'NONE',  ( -1.000000000000000000, 0.000000000000000000, 0.000000000000000000 ) ) ;
#6892 = DIRECTION ( 'NONE',  ( 0.000000000000000000, 0.000000000000000000, 1.000000000000000000 ) ) ;
#6893 =( BOUNDED_CURVE ( )  B_SPLINE_CURVE ( 3, ( #2799, #2916, #8344, #2858 ),
 .UNSPECIFIED., .F., .F. ) 
 B_SPLINE_CURVE_WITH_KNOTS ( ( 4, 4 ),
 ( 3.141592653589793116, 3.335545681389129768 ),
 .UNSPECIFIED. ) 
 CURVE ( )  GEOMETRIC_REPRESENTATION_ITEM ( )  RATIONAL_B_SPLINE_CURVE ( ( 1.000000000000000000, 0.9968676412464794190, 0.9968676412464794190, 1.000000000000000000 ) ) 
 REPRESENTATION_ITEM ( '' )  );
#6894 = CARTESIAN_POINT ( 'NONE',  ( -20.25742176523009164, 0.000000000000000000, 21.00000000000000000 ) ) ;
#6895 = B_SPLINE_CURVE_WITH_KNOTS ( 'NONE', 3,
 ( #10250, #393, #9548, #5822, #3306, #6846, #5988 ),
 .UNSPECIFIED., .F., .F.,
 ( 4, 3, 4 ),
 ( 0.000000000000000000, 0.0008000204412897147588, 0.001600040882579429518 ),
 .UNSPECIFIED. ) ;
#6896 = VECTOR ( 'NONE', #8395, 1000.000000000000000 ) ;
#6897 = ADVANCED_FACE ( 'NONE', ( #11298 ), #11355, .F. ) ;
#6898 = ORIENTED_EDGE ( 'NONE', *, *, #4919, .F. ) ;
#6899 = DIRECTION ( 'NONE',  ( -1.000000000000000000, 0.000000000000000000, 1.652117596168388002E-16 ) ) ;
#6900 = CARTESIAN_POINT ( 'NONE',  ( -26.26452026777605298, 12.88515400628443253, -8.133775649859517287 ) ) ;
#6901 = CYLINDRICAL_SURFACE ( 'NONE', #9425, 1.374999999999997113 ) ;
#6902 = EDGE_LOOP ( 'NONE', ( #8547, #2410, #3601, #413 ) ) ;
#6903 = DIRECTION ( 'NONE',  ( 0.000000000000000000, 0.000000000000000000, 1.000000000000000000 ) ) ;
#6904 = PLANE ( 'NONE',  #11145 ) ;
#6905 = EDGE_LOOP ( 'NONE', ( #875, #8741, #6583, #1803, #4928, #11516, #2577, #312, #274, #4830, #8802, #9384, #10020 ) ) ;
#6906 = CARTESIAN_POINT ( 'NONE',  ( -36.00000000000000000, 122.0000000000000000, -10.40000000000000036 ) ) ;
#6907 = CARTESIAN_POINT ( 'NONE',  ( -26.97028684189957914, 14.28242300105685558, -14.40945650267452471 ) ) ;
#6908 = ADVANCED_FACE ( 'NONE', ( #806 ), #4217, .F. ) ;
#6909 = CARTESIAN_POINT ( 'NONE',  ( -20.65716699989023297, 77.23230345890712556, -13.99999999999999645 ) ) ;
#6910 = EDGE_CURVE ( 'NONE', #2901, #11015, #7907, .T. ) ;
#6911 = VERTEX_POINT ( 'NONE', #5173 ) ;
#6912 = ORIENTED_EDGE ( 'NONE', *, *, #2498, .T. ) ;
#6913 = LINE ( 'NONE', #2433, #7749 ) ;
#6914 = EDGE_CURVE ( 'NONE', #2487, #4615, #8687, .T. ) ;
#6915 = ORIENTED_EDGE ( 'NONE', *, *, #4605, .F. ) ;
#6916 = CARTESIAN_POINT ( 'NONE',  ( -24.18352628934486148, 1.155061448482389119, 22.11789939514450154 ) ) ;
#6917 = B_SPLINE_CURVE_WITH_KNOTS ( 'NONE', 3,
 ( #8069, #3813, #4626, #9890 ),
 .UNSPECIFIED., .F., .F.,
 ( 4, 4 ),
 ( 0.000000000000000000, 1.000000000000000000 ),
 .UNSPECIFIED. ) ;
#6918 = DIRECTION ( 'NONE',  ( -1.000000000000000000, 0.000000000000000000, 0.000000000000000000 ) ) ;
#6919 = CARTESIAN_POINT ( 'NONE',  ( -16.99761971378756442, -0.8086645392691634848, 26.98123904348611291 ) ) ;
#6920 = AXIS2_PLACEMENT_3D ( 'NONE', #11397, #10923, #4618 ) ;
#6921 = DIRECTION ( 'NONE',  ( 0.7071067811865475727, 1.362927481496331581E-16, 0.7071067811865475727 ) ) ;
#6922 = EDGE_CURVE ( 'NONE', #3370, #4988, #4293, .T. ) ;
#6923 = EDGE_CURVE ( 'NONE', #3491, #3594, #7021, .T. ) ;
#6924 = DIRECTION ( 'NONE',  ( 1.000000000000000000, 0.000000000000000000, 0.000000000000000000 ) ) ;
#6925 = EDGE_CURVE ( 'NONE', #8080, #9413, #6266, .T. ) ;
#6926 = ORIENTED_EDGE ( 'NONE', *, *, #7419, .T. ) ;
#6927 = VERTEX_POINT ( 'NONE', #6010 ) ;
#6928 = CIRCLE ( 'NONE', #9936, 16.50000000000000000 ) ;
#6929 = EDGE_CURVE ( 'NONE', #10978, #5129, #1581, .T. ) ;
#6930 = VECTOR ( 'NONE', #11388, 1000.000000000000114 ) ;
#6931 = ORIENTED_EDGE ( 'NONE', *, *, #10178, .F. ) ;
#6932 = DIRECTION ( 'NONE',  ( 1.000000000000000000, 0.000000000000000000, 0.000000000000000000 ) ) ;
#6933 = CARTESIAN_POINT ( 'NONE',  ( -32.96862915010149919, 91.50000000000000000, -1.906370849898471942 ) ) ;
#6934 = CARTESIAN_POINT ( 'NONE',  ( -18.00234293251985207, -1.020770240373068738, 25.94106613165438091 ) ) ;
#6935 = DIRECTION ( 'NONE',  ( -0.9659258262890700886, 0.000000000000000000, -0.2588190451025141892 ) ) ;
#6936 = CARTESIAN_POINT ( 'NONE',  ( -1.442848860394842170, 46.06021268290589177, -0.9999999999999983347 ) ) ;
#6937 = VERTEX_POINT ( 'NONE', #9578 ) ;
#6938 = DIRECTION ( 'NONE',  ( -1.652117596168388002E-16, 0.000000000000000000, -1.000000000000000000 ) ) ;
#6939 = CIRCLE ( 'NONE', #10146, 29.02871870788957409 ) ;
#6940 = FACE_OUTER_BOUND ( 'NONE', #11426, .T. ) ;
#6941 = EDGE_CURVE ( 'NONE', #7489, #7207, #11447, .T. ) ;
#6942 = CARTESIAN_POINT ( 'NONE',  ( -36.00000000000000000, 23.00000000000002132, -2.599999999999993872 ) ) ;
#6943 = CARTESIAN_POINT ( 'NONE',  ( -11.26146079506075637, -1.750000000000002442, 21.00000000000000000 ) ) ;
#6944 = VERTEX_POINT ( 'NONE', #5143 ) ;
#6946 = DIRECTION ( 'NONE',  ( -1.000000000000000000, 0.000000000000000000, 0.000000000000000000 ) ) ;
#6945 = DIRECTION ( 'NONE',  ( 1.000000000000000000, 0.000000000000000000, 0.000000000000000000 ) ) ;
#6947 = DIRECTION ( 'NONE',  ( 8.357552882253592277E-33, -1.000000000000000000, 1.927470528863117569E-16 ) ) ;
#6948 = CARTESIAN_POINT ( 'NONE',  ( -34.16274169979692488, 100.9999999999999858, 5.422042064633977679E-15 ) ) ;
#6949 = AXIS2_PLACEMENT_3D ( 'NONE', #861, #11408, #9894 ) ;
#6950 = DIRECTION ( 'NONE',  ( 0.000000000000000000, -1.000000000000000000, 0.000000000000000000 ) ) ;
#6951 = ORIENTED_EDGE ( 'NONE', *, *, #7859, .F. ) ;
#6952 = CARTESIAN_POINT ( 'NONE',  ( -24.00000000000003908, 46.70306154330088333, -0.9999999999999974465 ) ) ;
#6953 = ORIENTED_EDGE ( 'NONE', *, *, #3471, .T. ) ;
#6954 = CARTESIAN_POINT ( 'NONE',  ( -16.56488701147627651, 8.000000000000000000, 25.99999999999983302 ) ) ;
#6955 = VECTOR ( 'NONE', #4860, 1000.000000000000000 ) ;
#6956 = CIRCLE ( 'NONE', #4921, 35.00000000000000000 ) ;
#6957 = CARTESIAN_POINT ( 'NONE',  ( -26.13553390593271075, 21.36752763736817329, 7.500000000000002665 ) ) ;
#6958 = EDGE_CURVE ( 'NONE', #9635, #9845, #7758, .T. ) ;
#6959 = ORIENTED_EDGE ( 'NONE', *, *, #9928, .T. ) ;
#6960 = CYLINDRICAL_SURFACE ( 'NONE', #4768, 30.03342357274359742 ) ;
#6961 = ORIENTED_EDGE ( 'NONE', *, *, #3300, .T. ) ;
#6962 = DIRECTION ( 'NONE',  ( -1.000000000000000000, -1.734723475976807489E-15, 0.000000000000000000 ) ) ;
#6963 = ORIENTED_EDGE ( 'NONE', *, *, #1912, .F. ) ;
#6964 = LINE ( 'NONE', #3358, #4744 ) ;
#6965 = VECTOR ( 'NONE', #5748, 1000.000000000000000 ) ;
#6966 = FACE_OUTER_BOUND ( 'NONE', #2359, .T. ) ;
#6967 = CARTESIAN_POINT ( 'NONE',  ( -23.99999999999998224, 88.61736382251127964, 12.00000000000000178 ) ) ;
#6968 = VERTEX_POINT ( 'NONE', #11385 ) ;
#6969 = CARTESIAN_POINT ( 'NONE',  ( -26.13553390593271075, 21.36752763736817329, -7.499999999999999112 ) ) ;
#6970 = DIRECTION ( 'NONE',  ( 0.000000000000000000, 0.000000000000000000, 1.000000000000000000 ) ) ;
#6971 = CARTESIAN_POINT ( 'NONE',  ( 15.50000000000000355, 8.000000000000000000, -15.49999999999999467 ) ) ;
#6972 = CARTESIAN_POINT ( 'NONE',  ( -22.16561135359183510, 8.468672896892810442, -4.013074254044573408 ) ) ;
#6973 = ORIENTED_EDGE ( 'NONE', *, *, #8566, .T. ) ;
#6974 = ORIENTED_EDGE ( 'NONE', *, *, #7595, .T. ) ;
#6975 = VECTOR ( 'NONE', #5953, 1000.000000000000000 ) ;
#6976 = EDGE_CURVE ( 'NONE', #6529, #855, #719, .T. ) ;
#6977 = ORIENTED_EDGE ( 'NONE', *, *, #8455, .F. ) ;
#6978 = CARTESIAN_POINT ( 'NONE',  ( -23.32783729579476528, 1.066278732047835964, 22.61569855462655099 ) ) ;
#6979 = VERTEX_POINT ( 'NONE', #1408 ) ;
#6980 = CARTESIAN_POINT ( 'NONE',  ( -24.00000000000006040, 59.90306154330085064, 12.00000000000000355 ) ) ;
#6981 = LINE ( 'NONE', #10562, #8398 ) ;
#6982 = AXIS2_PLACEMENT_3D ( 'NONE', #6447, #7378, #8201 ) ;
#6983 = VECTOR ( 'NONE', #5110, 1000.000000000000000 ) ;
#6984 = DIRECTION ( 'NONE',  ( -1.000000000000000000, 0.000000000000000000, 1.362997016838919825E-16 ) ) ;
#6985 = DIRECTION ( 'NONE',  ( -2.168404344971012812E-15, -0.000000000000000000, -1.000000000000000000 ) ) ;
#6986 = EDGE_CURVE ( 'NONE', #9635, #5997, #9245, .T. ) ;
#6987 = EDGE_LOOP ( 'NONE', ( #769, #1846, #843, #11319 ) ) ;
#6988 = ORIENTED_EDGE ( 'NONE', *, *, #10844, .T. ) ;
#6989 = ADVANCED_FACE ( 'NONE', ( #3204 ), #1321, .F. ) ;
#6990 = ORIENTED_EDGE ( 'NONE', *, *, #411, .T. ) ;
#6992 = EDGE_LOOP ( 'NONE', ( #7642, #5358, #9647, #1153 ) ) ;
#6991 = EDGE_CURVE ( 'NONE', #10948, #9259, #1235, .T. ) ;
#6993 = ADVANCED_FACE ( 'NONE', ( #6671 ), #11101, .T. ) ;
#6994 = DIRECTION ( 'NONE',  ( 0.000000000000000000, 0.000000000000000000, 1.000000000000000000 ) ) ;
#6995 = DIRECTION ( 'NONE',  ( 0.000000000000000000, 0.000000000000000000, -1.000000000000000000 ) ) ;
#6996 = EDGE_CURVE ( 'NONE', #2967, #1205, #3006, .T. ) ;
#6997 = CARTESIAN_POINT ( 'NONE',  ( -18.29873592559203033, -0.7270541140050164053, 25.85154992091398896 ) ) ;
#6998 = CYLINDRICAL_SURFACE ( 'NONE', #3402, 80.00000000000000000 ) ;
#6999 = PLANE ( 'NONE',  #3902 ) ;
#7000 = ORIENTED_EDGE ( 'NONE', *, *, #243, .T. ) ;
#7001 = CARTESIAN_POINT ( 'NONE',  ( -27.14916902195711401, 14.77120655742148259, 1.330988721943372033 ) ) ;
#7002 = AXIS2_PLACEMENT_3D ( 'NONE', #7789, #11413, #6045 ) ;
#7003 = EDGE_CURVE ( 'NONE', #7731, #1115, #10132, .T. ) ;
#7004 = VECTOR ( 'NONE', #9335, 1000.000000000000114 ) ;
#7005 = ORIENTED_EDGE ( 'NONE', *, *, #10711, .T. ) ;
#7006 = FILL_AREA_STYLE ('',( #793 ) ) ;
#7007 = DIRECTION ( 'NONE',  ( 1.000000000000000000, 0.000000000000000000, 0.000000000000000000 ) ) ;
#7009 = ORIENTED_EDGE ( 'NONE', *, *, #9671, .F. ) ;
#7008 = EDGE_CURVE ( 'NONE', #11494, #877, #3059, .T. ) ;
#7010 = DIRECTION ( 'NONE',  ( 0.000000000000000000, 0.000000000000000000, 1.000000000000000000 ) ) ;
#7011 = CARTESIAN_POINT ( 'NONE',  ( -22.59999999999998366, 17.83199373143543198, -5.499999999999998224 ) ) ;
#7012 = CARTESIAN_POINT ( 'NONE',  ( -17.74766032130123250, -1.356498404452209927, 23.76683951646713311 ) ) ;
#7013 = VERTEX_POINT ( 'NONE', #4196 ) ;
#7014 = ORIENTED_EDGE ( 'NONE', *, *, #3796, .F. ) ;
#7015 = DIRECTION ( 'NONE',  ( 1.000000000000000000, 0.000000000000000000, -0.000000000000000000 ) ) ;
#7016 = B_SPLINE_CURVE_WITH_KNOTS ( 'NONE', 3,
 ( #5370, #6862, #823, #2612, #1570, #4372, #3374, #8914 ),
 .UNSPECIFIED., .F., .F.,
 ( 4, 2, 2, 4 ),
 ( 0.000000000000000000, 0.0003129701388936066654, 0.0006259402777872133308, 0.001251880555574426662 ),
 .UNSPECIFIED. ) ;
#7017 = EDGE_CURVE ( 'NONE', #8732, #5712, #157, .T. ) ;
#7018 = VECTOR ( 'NONE', #2462, 1000.000000000000114 ) ;
#7019 = DIRECTION ( 'NONE',  ( -0.4383711467890782920, -0.8987940462991665935, 0.000000000000000000 ) ) ;
#7020 = ORIENTED_EDGE ( 'NONE', *, *, #3522, .T. ) ;
#7021 = LINE ( 'NONE', #10220, #1802 ) ;
#7022 = ORIENTED_EDGE ( 'NONE', *, *, #8324, .T. ) ;
#7023 = EDGE_LOOP ( 'NONE', ( #5191, #2211, #3413, #695 ) ) ;
#7024 = DIRECTION ( 'NONE',  ( 0.000000000000000000, -1.000000000000000000, 0.000000000000000000 ) ) ;
#7025 = DIRECTION ( 'NONE',  ( -0.7071067811865475727, 0.7071067811865475727, 0.000000000000000000 ) ) ;
#7026 = AXIS2_PLACEMENT_3D ( 'NONE', #3098, #6649, #6481 ) ;
#7027 = ORIENTED_EDGE ( 'NONE', *, *, #7215, .F. ) ;
#7028 = CARTESIAN_POINT ( 'NONE',  ( -35.73499348497428230, 60.33781306909220632, 20.88751140824024688 ) ) ;
#7029 = DIRECTION ( 'NONE',  ( 1.000000000000000000, 0.000000000000000000, 0.000000000000000000 ) ) ;
#7030 = DIRECTION ( 'NONE',  ( 1.000000000000000000, 0.000000000000000000, 0.000000000000000000 ) ) ;
#7031 = ORIENTED_EDGE ( 'NONE', *, *, #3602, .F. ) ;
#7032 = CARTESIAN_POINT ( 'NONE',  ( -23.99999999999997158, 10.30306154330093094, -15.07657238338275185 ) ) ;
#7033 = CARTESIAN_POINT ( 'NONE',  ( -22.05787966872764727, 8.036677079409503932, 22.23548849975697905 ) ) ;
#7034 = EDGE_CURVE ( 'NONE', #5239, #5310, #1676, .T. ) ;
#7035 = DIRECTION ( 'NONE',  ( -0.7071067811865454633, 0.7071067811865495711, 0.000000000000000000 ) ) ;
#7036 = VECTOR ( 'NONE', #9627, 1000.000000000000000 ) ;
#7037 = ORIENTED_EDGE ( 'NONE', *, *, #7034, .T. ) ;
#7038 = EDGE_LOOP ( 'NONE', ( #3828, #10632, #3830, #1584 ) ) ;
#7039 = VECTOR ( 'NONE', #2884, 999.9999999999998863 ) ;
#7040 = PLANE ( 'NONE',  #6607 ) ;
#7041 = ORIENTED_EDGE ( 'NONE', *, *, #4823, .T. ) ;
#7042 = CARTESIAN_POINT ( 'NONE',  ( -25.03927514214981542, 1.281513347894622790, 21.72514774935864423 ) ) ;
#7043 = CARTESIAN_POINT ( 'NONE',  ( -29.10217754903401755, 1.349318847780958563, 20.00000000000001421 ) ) ;
#7044 = FACE_OUTER_BOUND ( 'NONE', #1862, .T. ) ;
#7045 = AXIS2_PLACEMENT_3D ( 'NONE', #3163, #5798, #9236 ) ;
#7046 = CARTESIAN_POINT ( 'NONE',  ( -20.99999999999999289, 22.99999999999999289, 9.100000000000003197 ) ) ;
#7047 = DIRECTION ( 'NONE',  ( -1.000000000000000000, 0.000000000000000000, 1.652117596168388002E-16 ) ) ;
#7048 = ORIENTED_EDGE ( 'NONE', *, *, #10003, .F. ) ;
#7049 = DIRECTION ( 'NONE',  ( 0.000000000000000000, -0.000000000000000000, 1.000000000000000000 ) ) ;
#7050 = CIRCLE ( 'NONE', #4827, 1.600000000000000089 ) ;
#7051 = ORIENTED_EDGE ( 'NONE', *, *, #8324, .F. ) ;
#7052 = DIRECTION ( 'NONE',  ( -1.379656123914496162E-15, 1.000000000000000000, 0.000000000000000000 ) ) ;
#7053 = B_SPLINE_CURVE_WITH_KNOTS ( 'NONE', 3,
 ( #9152, #8112, #1065, #8053, #1982, #3737, #5496, #5554 ),
 .UNSPECIFIED., .F., .F.,
 ( 4, 2, 2, 4 ),
 ( 0.000000000000000000, 0.0003129701388936077496, 0.0006259402777872154992, 0.001251880555574430998 ),
 .UNSPECIFIED. ) ;
#7054 = CARTESIAN_POINT ( 'NONE',  ( -24.00000000000003908, 46.70306154330088333, 5.500000000000002665 ) ) ;
#7055 = CARTESIAN_POINT ( 'NONE',  ( -45.00000000000005684, 8.000000000000000000, 21.00000000000000000 ) ) ;
#7056 = DIRECTION ( 'NONE',  ( 0.000000000000000000, 0.000000000000000000, 1.000000000000000000 ) ) ;
#7057 = ORIENTED_EDGE ( 'NONE', *, *, #6476, .T. ) ;
#7058 = CARTESIAN_POINT ( 'NONE',  ( -17.41544729358838595, -0.3534996649654009726, 26.93355789910825848 ) ) ;
#7059 = VECTOR ( 'NONE', #10096, 1000.000000000000000 ) ;
#7060 = VECTOR ( 'NONE', #8680, 1000.000000000000000 ) ;
#7061 = EDGE_CURVE ( 'NONE', #5167, #2859, #3651, .T. ) ;
#7062 = ORIENTED_EDGE ( 'NONE', *, *, #5559, .T. ) ;
#7063 = EDGE_CURVE ( 'NONE', #8458, #448, #4578, .T. ) ;
#7064 = ADVANCED_FACE ( 'NONE', ( #1734 ), #3538, .T. ) ;
#7065 = DIRECTION ( 'NONE',  ( -1.000000000000000000, 0.000000000000000000, 0.000000000000000000 ) ) ;
#7066 = CARTESIAN_POINT ( 'NONE',  ( -28.77809044707268171, 8.000000000000000000, 31.00000000000000000 ) ) ;
#7067 = EDGE_LOOP ( 'NONE', ( #3416, #5762, #1939, #2039 ) ) ;
#7068 = EDGE_CURVE ( 'NONE', #3082, #7217, #10652, .T. ) ;
#7069 = CARTESIAN_POINT ( 'NONE',  ( -35.99999999999999289, 22.99999999999999289, 3.899999999999997247 ) ) ;
#7070 = FACE_OUTER_BOUND ( 'NONE', #546, .T. ) ;
#7071 = AXIS2_PLACEMENT_3D ( 'NONE', #3792, #2685, #8223 ) ;
#7072 = CARTESIAN_POINT ( 'NONE',  ( -32.49999999999998579, 89.25000000000000000, -2.374999999999992450 ) ) ;
#7073 = ORIENTED_EDGE ( 'NONE', *, *, #4453, .F. ) ;
#7074 = DIRECTION ( 'NONE',  ( -0.5000000000000049960, -0.7071067811865439090, 0.5000000000000001110 ) ) ;
#7075 = ORIENTED_EDGE ( 'NONE', *, *, #767, .F. ) ;
#7076 = DIRECTION ( 'NONE',  ( -0.7071067811865474617, 0.000000000000000000, -0.7071067811865474617 ) ) ;
#7077 = EDGE_CURVE ( 'NONE', #631, #8, #3957, .T. ) ;
#7078 = CARTESIAN_POINT ( 'NONE',  ( -23.99999999999998224, 78.86271205119403760, 1.996568019669932026 ) ) ;
#7079 = CARTESIAN_POINT ( 'NONE',  ( -20.99999999999998224, 49.70306154330096859, -7.499999999999998224 ) ) ;
#7080 = CARTESIAN_POINT ( 'NONE',  ( -35.99999999999999289, 122.0000000000000000, 10.40000000000000036 ) ) ;
#7081 = CARTESIAN_POINT ( 'NONE',  ( -24.33585154307734655, 84.96753294093512920, -3.900000000000002132 ) ) ;
#7082 = ORIENTED_EDGE ( 'NONE', *, *, #690, .F. ) ;
#7083 = CYLINDRICAL_SURFACE ( 'NONE', #2879, 1.600000000000002531 ) ;
#7084 = DIRECTION ( 'NONE',  ( -1.000000000000000000, 0.000000000000000000, 0.000000000000000000 ) ) ;
#7085 = CARTESIAN_POINT ( 'NONE',  ( -34.16274169979691777, 91.50000000000000000, -2.975000000000005862 ) ) ;
#7086 = VECTOR ( 'NONE', #4066, 1000.000000000000114 ) ;
#7087 = ORIENTED_EDGE ( 'NONE', *, *, #9291, .F. ) ;
#7088 = PLANE ( 'NONE',  #7323 ) ;
#7089 = CARTESIAN_POINT ( 'NONE',  ( -23.38101259224688278, 8.189363075940535808, 21.32561607116812752 ) ) ;
#7090 = CARTESIAN_POINT ( 'NONE',  ( -34.09999999999998721, 91.50000000000000000, 5.545168646161524697E-15 ) ) ;
#7091 = VERTEX_POINT ( 'NONE', #9179 ) ;
#7092 = ORIENTED_EDGE ( 'NONE', *, *, #11059, .F. ) ;
#7093 = EDGE_LOOP ( 'NONE', ( #5221, #1425, #742, #3996 ) ) ;
#7094 = ORIENTED_EDGE ( 'NONE', *, *, #558, .F. ) ;
#7095 = ORIENTED_EDGE ( 'NONE', *, *, #8241, .F. ) ;
#7096 = ADVANCED_FACE ( 'NONE', ( #4686 ), #1365, .T. ) ;
#7097 = EDGE_CURVE ( 'NONE', #11265, #6053, #11171, .T. ) ;
#7098 = DIRECTION ( 'NONE',  ( -0.7071067811865474617, -0.7071067811865474617, 0.000000000000000000 ) ) ;
#7099 = ORIENTED_EDGE ( 'NONE', *, *, #4219, .F. ) ;
#7100 = DIRECTION ( 'NONE',  ( -1.652117596168388002E-16, 0.000000000000000000, -1.000000000000000000 ) ) ;
#7101 = CARTESIAN_POINT ( 'NONE',  ( -26.52514151903378803, 13.33369471107028481, 4.938240107073529117 ) ) ;
#7102 = DIRECTION ( 'NONE',  ( -1.000000000000000000, 0.000000000000000000, 1.982541115402065356E-16 ) ) ;
#7103 = CARTESIAN_POINT ( 'NONE',  ( -26.13553390593278181, 57.76752763736812568, 5.500000000000002665 ) ) ;
#7104 = VERTEX_POINT ( 'NONE', #7715 ) ;
#7105 = EDGE_LOOP ( 'NONE', ( #10831, #1583, #52, #8142 ) ) ;
#7106 = EDGE_CURVE ( 'NONE', #1838, #4336, #7334, .T. ) ;
#7107 = VERTEX_POINT ( 'NONE', #5550 ) ;
#7109 = ORIENTED_EDGE ( 'NONE', *, *, #1805, .F. ) ;
#7108 = ADVANCED_FACE ( 'NONE', ( #1121 ), #7040, .F. ) ;
#7110 = CIRCLE ( 'NONE', #805, 1.700000000000000178 ) ;
#7111 = CARTESIAN_POINT ( 'NONE',  ( -27.59999999999998721, 17.83199373143543198, 7.500000000000002665 ) ) ;
#7112 = DIRECTION ( 'NONE',  ( 0.000000000000000000, 0.000000000000000000, -1.000000000000000000 ) ) ;
#7113 = LINE ( 'NONE', #10685, #11333 ) ;
#7114 = DIRECTION ( 'NONE',  ( -0.7071067811865426878, 0.000000000000000000, -0.7071067811865524577 ) ) ;
#7115 = LINE ( 'NONE', #1920, #9701 ) ;
#7116 = CARTESIAN_POINT ( 'NONE',  ( -18.18125226327848409, 0.2033800290195630911, 26.73358660031748357 ) ) ;
#7117 = PRODUCT_DEFINITION ( 'æœ', '', #11321, #8759 ) ;
#7118 = AXIS2_PLACEMENT_3D ( 'NONE', #2170, #8406, #3212 ) ;
#7119 = AXIS2_PLACEMENT_3D ( 'NONE', #764, #7799, #6853 ) ;
#7120 = ORIENTED_EDGE ( 'NONE', *, *, #4159, .T. ) ;
#7121 = CIRCLE ( 'NONE', #6012, 4.242640687119387799 ) ;
#7122 = CARTESIAN_POINT ( 'NONE',  ( -42.39999999999999147, 112.7499999999999858, -1.374999999999990230 ) ) ;
#7123 = FACE_OUTER_BOUND ( 'NONE', #668, .T. ) ;
#7124 = VERTEX_POINT ( 'NONE', #4311 ) ;
#7125 = EDGE_CURVE ( 'NONE', #11340, #2917, #6913, .T. ) ;
#7126 = CARTESIAN_POINT ( 'NONE',  ( -22.60000000000000853, 34.17412935516637162, -47.00000000000000000 ) ) ;
#7127 = DIRECTION ( 'NONE',  ( 2.168404344971012812E-15, 0.000000000000000000, 1.000000000000000000 ) ) ;
#7128 = CARTESIAN_POINT ( 'NONE',  ( -36.00000000000000000, 122.0000000000000000, -20.99999999999999645 ) ) ;
#7129 = ORIENTED_EDGE ( 'NONE', *, *, #4866, .T. ) ;
#7130 = CIRCLE ( 'NONE', #5093, 4.242640687119387799 ) ;
#7131 = CARTESIAN_POINT ( 'NONE',  ( -32.96862915010149919, 91.50000000000000000, 5.860123528755504485E-15 ) ) ;
#7132 = EDGE_LOOP ( 'NONE', ( #6253, #4145, #2960, #4850 ) ) ;
#7133 = ORIENTED_EDGE ( 'NONE', *, *, #3233, .F. ) ;
#7134 = EDGE_CURVE ( 'NONE', #8278, #8088, #352, .T. ) ;
#7135 = CARTESIAN_POINT ( 'NONE',  ( -17.74766032130123250, -1.356498404452211481, 25.98499123478892514 ) ) ;
#7136 = ADVANCED_FACE ( 'NONE', ( #6940 ), #4288, .F. ) ;
#7137 = VECTOR ( 'NONE', #5070, 1000.000000000000000 ) ;
#7138 = AXIS2_PLACEMENT_3D ( 'NONE', #11073, #3013, #226 ) ;
#7139 = FACE_OUTER_BOUND ( 'NONE', #637, .T. ) ;
#7140 = AXIS2_PLACEMENT_3D ( 'NONE', #5440, #7112, #9813 ) ;
#7141 = ADVANCED_FACE ( 'NONE', ( #645 ), #1819, .F. ) ;
#7142 = EDGE_CURVE ( 'NONE', #9868, #8035, #491, .T. ) ;
#7143 = CARTESIAN_POINT ( 'NONE',  ( -45.00000000000005684, 100.9999999999999858, 21.00000000000000355 ) ) ;
#7144 = VERTEX_POINT ( 'NONE', #4281 ) ;
#7145 = EDGE_CURVE ( 'NONE', #1844, #6739, #10526, .T. ) ;
#7146 = DIRECTION ( 'NONE',  ( -0.9659258262890700886, 0.000000000000000000, -0.2588190451025138006 ) ) ;
#7147 = CARTESIAN_POINT ( 'NONE',  ( -16.56488701147627651, 8.000000000000000000, 25.99999999999983658 ) ) ;
#7148 = VECTOR ( 'NONE', #11187, 1000.000000000000000 ) ;
#7149 = VERTEX_POINT ( 'NONE', #2407 ) ;
#7150 = CARTESIAN_POINT ( 'NONE',  ( -23.99999999999998224, 51.99999999999993605, -18.49999999999980815 ) ) ;
#7151 = CARTESIAN_POINT ( 'NONE',  ( -25.34921047159076579, 8.644108954722263150, 20.45698108113763780 ) ) ;
#7152 = CARTESIAN_POINT ( 'NONE',  ( -36.00000000000000000, 22.99999999999999289, -3.900000000000000799 ) ) ;
#7153 = MECHANICAL_DESIGN_GEOMETRIC_PRESENTATION_REPRESENTATION (  '', ( #6581 ), #5108 ) ;
#7154 = ORIENTED_EDGE ( 'NONE', *, *, #10287, .F. ) ;
#7155 = VERTEX_POINT ( 'NONE', #3623 ) ;
#7156 = VECTOR ( 'NONE', #1792, 1000.000000000000000 ) ;
#7157 = ORIENTED_EDGE ( 'NONE', *, *, #1943, .T. ) ;
#7158 = VERTEX_POINT ( 'NONE', #2736 ) ;
#7159 = CIRCLE ( 'NONE', #8093, 5.000000000000000888 ) ;
#7160 = DIRECTION ( 'NONE',  ( 0.000000000000000000, 0.000000000000000000, 1.000000000000000000 ) ) ;
#7161 = CARTESIAN_POINT ( 'NONE',  ( 19.34001531319177758, 8.000000000000000000, 18.48043039773444818 ) ) ;
#7162 = CARTESIAN_POINT ( 'NONE',  ( -20.99999999999999289, 27.26042085618161082, -0.9999999999999974465 ) ) ;
#7163 = FACE_OUTER_BOUND ( 'NONE', #8973, .T. ) ;
#7164 = CARTESIAN_POINT ( 'NONE',  ( -27.59999999999998721, 17.83199373143543198, -11.99999999999999645 ) ) ;
#7165 = ORIENTED_EDGE ( 'NONE', *, *, #10208, .T. ) ;
#7166 = AXIS2_PLACEMENT_3D ( 'NONE', #3037, #8121, #7464 ) ;
#7167 = EDGE_CURVE ( 'NONE', #4615, #7155, #10790, .T. ) ;
#7168 = ORIENTED_EDGE ( 'NONE', *, *, #6713, .T. ) ;
#7169 = CARTESIAN_POINT ( 'NONE',  ( -20.99999999999998934, 20.50306154330089470, -13.99999999999999645 ) ) ;
#7170 = EDGE_CURVE ( 'NONE', #7871, #508, #11487, .T. ) ;
#7171 = CARTESIAN_POINT ( 'NONE',  ( -42.99999999999998579, 66.70253441421070306, 13.99999999999995737 ) ) ;
#7172 = EDGE_LOOP ( 'NONE', ( #9698, #1529, #4678, #11043 ) ) ;
#7173 = DIRECTION ( 'NONE',  ( 0.000000000000000000, 0.000000000000000000, -1.000000000000000000 ) ) ;
#7174 = DIRECTION ( 'NONE',  ( 0.000000000000000000, 0.000000000000000000, 1.000000000000000000 ) ) ;
#7175 = DIRECTION ( 'NONE',  ( 0.000000000000000000, 0.000000000000000000, 1.000000000000000000 ) ) ;
#7176 = CARTESIAN_POINT ( 'NONE',  ( -42.40000000000004832, 100.9999999999999858, 6.782934002828947529E-15 ) ) ;
#7177 = ADVANCED_FACE ( 'NONE', ( #5381 ), #3399, .F. ) ;
#7178 = AXIS2_PLACEMENT_3D ( 'NONE', #6611, #5532, #10135 ) ;
#7179 = CARTESIAN_POINT ( 'NONE',  ( -10.07036939305311307, 1.747739840754530296E-14, 23.10279904156247710 ) ) ;
#7180 = LINE ( 'NONE', #908, #412 ) ;
#7181 = ORIENTED_EDGE ( 'NONE', *, *, #1526, .F. ) ;
#7182 = DIRECTION ( 'NONE',  ( 0.7071067811865499042, -0.7071067811865452413, 0.000000000000000000 ) ) ;
#7183 = CARTESIAN_POINT ( 'NONE',  ( -44.50000000000000000, 51.28339046910141974, -15.49999999999997158 ) ) ;
#7184 = CARTESIAN_POINT ( 'NONE',  ( -20.99999999999998934, 42.94570223042018142, -13.99999999999999645 ) ) ;
#7185 = LINE ( 'NONE', #7072, #1829 ) ;
#7186 = AXIS2_PLACEMENT_3D ( 'NONE', #9906, #1901, #10892 ) ;
#7187 = VECTOR ( 'NONE', #4313, 1000.000000000000114 ) ;
#7188 = PLANE ( 'NONE',  #7801 ) ;
#7189 = AXIS2_PLACEMENT_3D ( 'NONE', #11089, #9641, #8799 ) ;
#7190 = CARTESIAN_POINT ( 'NONE',  ( 20.99999999999999645, 8.000000000000000000, -16.56992757980552966 ) ) ;
#7191 = DIRECTION ( 'NONE',  ( -1.652117596168388002E-16, -3.387343054164789649E-16, -1.000000000000000000 ) ) ;
#7192 = DIRECTION ( 'NONE',  ( 1.652117596168388002E-16, 3.387343054164791128E-16, 1.000000000000000000 ) ) ;
#7193 = LINE ( 'NONE', #4581, #2713 ) ;
#7194 = LINE ( 'NONE', #4582, #3295 ) ;
#7195 = PLANE ( 'NONE',  #8154 ) ;
#7196 = FACE_OUTER_BOUND ( 'NONE', #5564, .T. ) ;
#7197 = CARTESIAN_POINT ( 'NONE',  ( -22.70537296287066553, 8.097074594893204136, 21.75344235939938642 ) ) ;
#7198 = VERTEX_POINT ( 'NONE', #9477 ) ;
#7199 = EDGE_CURVE ( 'NONE', #3152, #2564, #3836, .T. ) ;
#7200 = ORIENTED_EDGE ( 'NONE', *, *, #1896, .F. ) ;
#7201 = VERTEX_POINT ( 'NONE', #10346 ) ;
#7202 = AXIS2_PLACEMENT_3D ( 'NONE', #7451, #7734, #1230 ) ;
#7203 = VERTEX_POINT ( 'NONE', #4166 ) ;
#7204 = FACE_OUTER_BOUND ( 'NONE', #1511, .T. ) ;
#7205 = CARTESIAN_POINT ( 'NONE',  ( -24.15245178058940212, 8.334145082143118444, 20.92344187867923111 ) ) ;
#7206 = EDGE_CURVE ( 'NONE', #6398, #7948, #4225, .T. ) ;
#7207 = VERTEX_POINT ( 'NONE', #10742 ) ;
#7208 = DIRECTION ( 'NONE',  ( 0.000000000000000000, 1.000000000000000000, 0.000000000000000000 ) ) ;
#7209 = CARTESIAN_POINT ( 'NONE',  ( -22.01822538210326030, 8.321286925404239199, -2.523133604651462303 ) ) ;
#7210 = VECTOR ( 'NONE', #6630, 1000.000000000000000 ) ;
#7211 = CARTESIAN_POINT ( 'NONE',  ( -20.99999999999999645, 22.99999999999999289, -19.99999999999997158 ) ) ;
#7212 = CARTESIAN_POINT ( 'NONE',  ( -26.13553390593274628, 39.56752763736815126, -7.500000000000000000 ) ) ;
#7213 = VECTOR ( 'NONE', #8192, 1000.000000000000114 ) ;
#7214 = VERTEX_POINT ( 'NONE', #8532 ) ;
#7215 = EDGE_CURVE ( 'NONE', #6927, #3370, #5329, .T. ) ;
#7216 = ORIENTED_EDGE ( 'NONE', *, *, #7568, .F. ) ;
#7217 = VERTEX_POINT ( 'NONE', #680 ) ;
#7218 = EDGE_CURVE ( 'NONE', #4300, #9385, #6885, .T. ) ;
#7219 = LINE ( 'NONE', #8331, #3091 ) ;
#7220 = VECTOR ( 'NONE', #10231, 1000.000000000000000 ) ;
#7221 = CARTESIAN_POINT ( 'NONE',  ( -26.02411907401664592, 79.84994088672972623, -10.40000000000000568 ) ) ;
#7222 = DIRECTION ( 'NONE',  ( 0.000000000000000000, 1.000000000000000000, -0.000000000000000000 ) ) ;
#7223 = ORIENTED_EDGE ( 'NONE', *, *, #2108, .F. ) ;
#7224 = CARTESIAN_POINT ( 'NONE',  ( -30.02871870788963449, 88.61736382251127964, 1.000000000000001776 ) ) ;
#7225 = LINE ( 'NONE', #9920, #3953 ) ;
#7226 = DIRECTION ( 'NONE',  ( 0.000000000000000000, 1.000000000000000000, -1.927470528863117569E-16 ) ) ;
#7227 = CARTESIAN_POINT ( 'NONE',  ( -22.16561135359184220, 8.468672896892817548, -15.48692574595542304 ) ) ;
#7228 = AXIS2_PLACEMENT_3D ( 'NONE', #2278, #371, #4036 ) ;
#7229 = ORIENTED_EDGE ( 'NONE', *, *, #5447, .F. ) ;
#7230 = CARTESIAN_POINT ( 'NONE',  ( -10.07846416290648861, -1.856523138767733450, 24.09038623287443315 ) ) ;
#7231 = ORIENTED_EDGE ( 'NONE', *, *, #10536, .F. ) ;
#7232 = B_SPLINE_CURVE_WITH_KNOTS ( 'NONE', 3,
 ( #5395, #2636, #679, #6195, #4224, #8764, #7774, #11347, #10463, #2521 ),
 .UNSPECIFIED., .F., .F.,
 ( 4, 2, 2, 2, 4 ),
 ( 0.000000000000000000, 0.001566009538732425141, 0.003132019077464850282, 0.004698028616197275423, 0.006264038154929705768 ),
 .UNSPECIFIED. ) ;
#7233 = CARTESIAN_POINT ( 'NONE',  ( -33.37284752453797410, 64.62005467201780107, -19.99999999999996803 ) ) ;
#7234 = EDGE_LOOP ( 'NONE', ( #3094, #4459, #2899, #7082 ) ) ;
#7235 = CARTESIAN_POINT ( 'NONE',  ( -24.99464106569754307, 7.413974330451464922, 21.74326296048019813 ) ) ;
#7236 = DIRECTION ( 'NONE',  ( 0.000000000000000000, 0.000000000000000000, 1.000000000000000000 ) ) ;
#7237 = DIRECTION ( 'NONE',  ( -1.379656123914496162E-15, 1.000000000000000000, 0.000000000000000000 ) ) ;
#7238 = EDGE_CURVE ( 'NONE', #1853, #4818, #7713, .T. ) ;
#7239 = ADVANCED_FACE ( 'NONE', ( #4108 ), #3289, .T. ) ;
#7240 = CIRCLE ( 'NONE', #2208, 1.600000000000000089 ) ;
#7241 = CARTESIAN_POINT ( 'NONE',  ( -10.54284886039479829, 55.16021268290609925, 12.00000000000000178 ) ) ;
#7242 = VERTEX_POINT ( 'NONE', #9602 ) ;
#7243 = VECTOR ( 'NONE', #4963, 1000.000000000000000 ) ;
#7244 = CARTESIAN_POINT ( 'NONE',  ( -21.03832892204481197, 8.000048970288762717, -2.599999999999994760 ) ) ;
#7245 = CONICAL_SURFACE ( 'NONE', #1114, 29.02871870788961672, 1.308996938995754755 ) ;
#7246 = CARTESIAN_POINT ( 'NONE',  ( -27.60000000000004050, 50.30306154330085633, -47.00000000000000000 ) ) ;
#7247 = LINE ( 'NONE', #10940, #8733 ) ;
#7248 = VECTOR ( 'NONE', #3065, 1000.000000000000000 ) ;
#7249 = LINE ( 'NONE', #1948, #839 ) ;
#7250 = CARTESIAN_POINT ( 'NONE',  ( 26.56992757980552256, 8.000000000000001776, 25.38900250903704503 ) ) ;
#7251 = CARTESIAN_POINT ( 'NONE',  ( -26.02411907401664592, 79.84994088672972623, -84.74336439883576588 ) ) ;
#7252 = CARTESIAN_POINT ( 'NONE',  ( -17.96955380983465034, -1.058698766184296369, 25.94841225017221475 ) ) ;
#7253 = CARTESIAN_POINT ( 'NONE',  ( -27.59999999999998721, 88.61736382251127964, 1.000000000000001776 ) ) ;
#7254 = CARTESIAN_POINT ( 'NONE',  ( -22.48496503369170441, 8.072954478747536911, 21.90781216007742316 ) ) ;
#7255 = CARTESIAN_POINT ( 'NONE',  ( -35.99999999999999289, 59.74211698483031796, -20.99999999999984723 ) ) ;
#7256 = ORIENTED_EDGE ( 'NONE', *, *, #7008, .F. ) ;
#7257 = ADVANCED_FACE ( 'NONE', ( #8647 ), #5102, .T. ) ;
#7258 = ORIENTED_EDGE ( 'NONE', *, *, #4521, .F. ) ;
#7259 = ORIENTED_EDGE ( 'NONE', *, *, #9502, .T. ) ;
#7260 = ORIENTED_EDGE ( 'NONE', *, *, #4478, .T. ) ;
#7261 = CARTESIAN_POINT ( 'NONE',  ( -22.16561135359183865, 8.468672896892813995, 12.00000000000000000 ) ) ;
#7262 = CARTESIAN_POINT ( 'NONE',  ( -42.39999999999999147, 110.4999999999999858, 7.418296902466195762E-15 ) ) ;
#7263 = CARTESIAN_POINT ( 'NONE',  ( -24.35532050368598078, 84.86264026395036808, -3.468797849103742781 ) ) ;
#7264 = EDGE_CURVE ( 'NONE', #1099, #3119, #6832, .T. ) ;
#7265 = FACE_OUTER_BOUND ( 'NONE', #7132, .T. ) ;
#7266 = DIRECTION ( 'NONE',  ( -0.7071067811865429098, 0.000000000000000000, 0.7071067811865522357 ) ) ;
#7267 = EDGE_CURVE ( 'NONE', #7104, #3512, #7923, .T. ) ;
#7268 = CARTESIAN_POINT ( 'NONE',  ( -23.99999999999998224, 83.99999999999998579, -9.099999999999996092 ) ) ;
#7269 = CARTESIAN_POINT ( 'NONE',  ( 34.00000000000000000, 89.25000000000000000, -1.375000000000003331 ) ) ;
#7270 = ORIENTED_EDGE ( 'NONE', *, *, #8026, .F. ) ;
#7271 = CONICAL_SURFACE ( 'NONE', #8211, 3.500000000000055067, 0.7853981633974270737 ) ;
#7272 = VERTEX_POINT ( 'NONE', #7395 ) ;
#7273 = ADVANCED_FACE ( 'NONE', ( #10040 ), #10908, .T. ) ;
#7274 = VERTEX_POINT ( 'NONE', #1975 ) ;
#7275 = VERTEX_POINT ( 'NONE', #9916 ) ;
#7276 = DIRECTION ( 'NONE',  ( 0.4999999999999993894, -0.8660254037844389297, 0.000000000000000000 ) ) ;
#7277 =( NAMED_UNIT ( * ) PLANE_ANGLE_UNIT ( ) SI_UNIT ( $, .RADIAN. ) );
#7278 = CARTESIAN_POINT ( 'NONE',  ( -24.64217666525580341, 10.94523820855675567, 11.04673361043444579 ) ) ;
#7279 = ORIENTED_EDGE ( 'NONE', *, *, #9926, .T. ) ;
#7280 = ADVANCED_FACE ( 'NONE', ( #5607 ), #10095, .F. ) ;
#7281 = EDGE_CURVE ( 'NONE', #6069, #5227, #10902, .T. ) ;
#7282 = CARTESIAN_POINT ( 'NONE',  ( -29.10217754903401755, 1.349318847780958563, 20.00000000000001421 ) ) ;
#7283 = CARTESIAN_POINT ( 'NONE',  ( -23.38689500141420652, 9.689956544715164100, 10.80132455678642245 ) ) ;
#7284 = CARTESIAN_POINT ( 'NONE',  ( -64.05715113960525287, 68.56021268290588466, 5.500000000000002665 ) ) ;
#7285 = EDGE_CURVE ( 'NONE', #5446, #8608, #5154, .T. ) ;
#7286 = CARTESIAN_POINT ( 'NONE',  ( -19.87609611168144497, 0.8615573072386063513, 25.74670077044320493 ) ) ;
#7287 = LINE ( 'NONE', #10857, #7317 ) ;
#7288 = EDGE_LOOP ( 'NONE', ( #11297, #4090, #8046 ) ) ;
#7289 = ORIENTED_EDGE ( 'NONE', *, *, #2344, .F. ) ;
#7290 = CARTESIAN_POINT ( 'NONE',  ( -25.38125566982358450, 7.517848942350763508, 21.59316332680479178 ) ) ;
#7291 = CARTESIAN_POINT ( 'NONE',  ( -27.59999999999998721, 19.90306154330091104, -47.00000000000000000 ) ) ;
#7292 = DIRECTION ( 'NONE',  ( 0.000000000000000000, 0.000000000000000000, 1.000000000000000000 ) ) ;
#7293 = ORIENTED_EDGE ( 'NONE', *, *, #8455, .T. ) ;
#7294 = CARTESIAN_POINT ( 'NONE',  ( 7.817150830072960410, -4.999999999999998224, 21.00000000000000000 ) ) ;
#7295 = ORIENTED_EDGE ( 'NONE', *, *, #5986, .T. ) ;
#7296 = CIRCLE ( 'NONE', #8984, 5.000000000000000888 ) ;
#7297 = CARTESIAN_POINT ( 'NONE',  ( 9.693539204939243703, -1.750000000000000888, 24.03108891324553653 ) ) ;
#7298 = DIRECTION ( 'NONE',  ( -1.000000000000000000, -1.734723475976807489E-15, 0.000000000000000000 ) ) ;
#7299 = AXIS2_PLACEMENT_3D ( 'NONE', #486, #9466, #5912 ) ;
#7300 = CARTESIAN_POINT ( 'NONE',  ( -30.02871870788960962, 51.31596721165376351, 7.500000000000002665 ) ) ;
#7301 = CARTESIAN_POINT ( 'NONE',  ( 11.56992757980552788, -5.000000000000000000, 27.00000000000000355 ) ) ;
#7302 = CARTESIAN_POINT ( 'NONE',  ( -27.59999999999998721, 17.63098360465878400, 12.00000000000000178 ) ) ;
#7303 = CARTESIAN_POINT ( 'NONE',  ( -26.52514151903377737, 13.33369471107026527, 11.43824010707353089 ) ) ;
#7304 = CARTESIAN_POINT ( 'NONE',  ( 19.34001531319177758, 0.000000000000000000, 18.48043039773444818 ) ) ;
#7305 = DIRECTION ( 'NONE',  ( -1.652117596168388002E-16, 1.927470528863117569E-16, -1.000000000000000000 ) ) ;
#7306 = CARTESIAN_POINT ( 'NONE',  ( -22.73292184062137622, 7.039122218036634848, 23.03226227250648606 ) ) ;
#7307 = ORIENTED_EDGE ( 'NONE', *, *, #8578, .F. ) ;
#7308 = CIRCLE ( 'NONE', #2126, 3.499999999999999556 ) ;
#7309 = EDGE_CURVE ( 'NONE', #9889, #2090, #10521, .T. ) ;
#7310 = EDGE_LOOP ( 'NONE', ( #1218, #3968 ) ) ;
#7311 = ORIENTED_EDGE ( 'NONE', *, *, #5317, .F. ) ;
#7312 = VECTOR ( 'NONE', #10263, 1000.000000000000000 ) ;
#7313 = VECTOR ( 'NONE', #7559, 1000.000000000000114 ) ;
#7314 = DIRECTION ( 'NONE',  ( 1.000000000000000000, 0.000000000000000000, 0.000000000000000000 ) ) ;
#7315 = CARTESIAN_POINT ( 'NONE',  ( -16.56488701147627651, -1.337319140995194111, 27.00000000000000355 ) ) ;
#7316 = LINE ( 'NONE', #8378, #11172 ) ;
#7317 = VECTOR ( 'NONE', #4383, 1000.000000000000000 ) ;
#7318 = DIRECTION ( 'NONE',  ( -0.000000000000000000, -0.000000000000000000, -1.000000000000000000 ) ) ;
#7319 = CARTESIAN_POINT ( 'NONE',  ( 20.00000000000003553, 0.000000000000000000, -1.652117596168390714E-15 ) ) ;
#7320 = DIRECTION ( 'NONE',  ( -5.766135945856683012E-32, -1.000000000000000000, -1.927470528863117569E-16 ) ) ;
#7321 = LINE ( 'NONE', #3837, #11244 ) ;
#7322 = LINE ( 'NONE', #6392, #11303 ) ;
#7323 = AXIS2_PLACEMENT_3D ( 'NONE', #2710, #2769, #4584 ) ;
#7324 = ORIENTED_EDGE ( 'NONE', *, *, #5739, .T. ) ;
#7325 = VECTOR ( 'NONE', #3250, 1000.000000000000227 ) ;
#7326 = ADVANCED_FACE ( 'NONE', ( #1003 ), #3679, .F. ) ;
#7327 = ORIENTED_EDGE ( 'NONE', *, *, #10780, .F. ) ;
#7328 = VECTOR ( 'NONE', #7361, 1000.000000000000000 ) ;
#7329 = ORIENTED_EDGE ( 'NONE', *, *, #1095, .F. ) ;
#7330 = DIRECTION ( 'NONE',  ( -0.000000000000000000, 0.000000000000000000, -1.000000000000000000 ) ) ;
#7331 = FACE_OUTER_BOUND ( 'NONE', #3698, .T. ) ;
#7332 = DIRECTION ( 'NONE',  ( -0.9659258262890701996, 0.000000000000000000, -0.2588190451025136896 ) ) ;
#7333 = ORIENTED_EDGE ( 'NONE', *, *, #2263, .F. ) ;
#7334 = LINE ( 'NONE', #135, #5896 ) ;
#7335 = DIRECTION ( 'NONE',  ( 0.000000000000000000, 1.000000000000000000, 0.000000000000000000 ) ) ;
#7336 = DIRECTION ( 'NONE',  ( 0.000000000000000000, 0.000000000000000000, 1.000000000000000000 ) ) ;
#7337 = PLANE ( 'NONE',  #6330 ) ;
#7338 = LINE ( 'NONE', #9395, #5775 ) ;
#7339 = EDGE_CURVE ( 'NONE', #1393, #1237, #7219, .T. ) ;
#7340 = EDGE_LOOP ( 'NONE', ( #432, #8274, #3439, #3640, #9486, #11170 ) ) ;
#7341 = EDGE_CURVE ( 'NONE', #3461, #5351, #3903, .T. ) ;
#7342 = CIRCLE ( 'NONE', #7558, 3.499999999999999556 ) ;
#7343 = EDGE_CURVE ( 'NONE', #3966, #6499, #4409, .T. ) ;
#7344 = CARTESIAN_POINT ( 'NONE',  ( -9.918339993556219980, 0.000000000000000000, 21.00166380359088336 ) ) ;
#7345 = ORIENTED_EDGE ( 'NONE', *, *, #4785, .F. ) ;
#7346 = VECTOR ( 'NONE', #1019, 1000.000000000000000 ) ;
#7347 = ORIENTED_EDGE ( 'NONE', *, *, #1664, .T. ) ;
#7348 = CARTESIAN_POINT ( 'NONE',  ( 16.33729991213549582, 0.3331235829382608316, -20.33312358293828837 ) ) ;
#7349 = FACE_OUTER_BOUND ( 'NONE', #9703, .T. ) ;
#7350 = CARTESIAN_POINT ( 'NONE',  ( -27.18618382443774806, 9.333930961869786103, 20.06214778798095111 ) ) ;
#7351 = VERTEX_POINT ( 'NONE', #133 ) ;
#7352 = DIRECTION ( 'NONE',  ( 0.000000000000000000, 0.000000000000000000, -1.000000000000000000 ) ) ;
#7353 = ORIENTED_EDGE ( 'NONE', *, *, #10398, .F. ) ;
#7354 = EDGE_CURVE ( 'NONE', #6135, #8196, #10934, .T. ) ;
#7355 = CARTESIAN_POINT ( 'NONE',  ( -18.59999999999998366, 17.63098360465878756, 5.500000000000005329 ) ) ;
#7356 = CARTESIAN_POINT ( 'NONE',  ( 16.56992757980552611, 6.999999999999979572, 26.00000000000001776 ) ) ;
#7357 = AXIS2_PLACEMENT_3D ( 'NONE', #5594, #8037, #60 ) ;
#7358 = VECTOR ( 'NONE', #9727, 1000.000000000000000 ) ;
#7359 = ORIENTED_EDGE ( 'NONE', *, *, #200, .T. ) ;
#7360 = EDGE_CURVE ( 'NONE', #1914, #4002, #9254, .T. ) ;
#7361 = DIRECTION ( 'NONE',  ( -0.000000000000000000, 1.000000000000000000, -0.000000000000000000 ) ) ;
#7362 = CARTESIAN_POINT ( 'NONE',  ( -18.59999999999998366, 17.63098360465878756, -47.00000000000000000 ) ) ;
#7364 = CARTESIAN_POINT ( 'NONE',  ( 9.869927579805528595, -37.00000000000000000, 27.00000000000000355 ) ) ;
#7363 = CARTESIAN_POINT ( 'NONE',  ( -24.32088110486508370, 10.62394264816603418, 4.487332763103236921 ) ) ;
#7365 = AXIS2_PLACEMENT_3D ( 'NONE', #8928, #2350, #9663 ) ;
#7366 = DIRECTION ( 'NONE',  ( 1.652117596168388002E-16, 3.387343054164790142E-16, 1.000000000000000000 ) ) ;
#7367 = CARTESIAN_POINT ( 'NONE',  ( -27.56135765566532925, 16.79787558810382109, 12.00000000000000355 ) ) ;
#7368 = DIRECTION ( 'NONE',  ( -0.000000000000000000, -0.000000000000000000, 1.000000000000000000 ) ) ;
#7369 = EDGE_CURVE ( 'NONE', #1002, #7960, #6346, .T. ) ;
#7370 = CARTESIAN_POINT ( 'NONE',  ( -26.13553390593274628, 39.56752763736815126, 5.500000000000002665 ) ) ;
#7371 = ORIENTED_EDGE ( 'NONE', *, *, #6070, .F. ) ;
#7372 = TOROIDAL_SURFACE ( 'NONE', #313, 3.562741699796949213, 1.600000000000000089 ) ;
#7373 = VECTOR ( 'NONE', #8276, 1000.000000000000227 ) ;
#7374 = ORIENTED_EDGE ( 'NONE', *, *, #10353, .T. ) ;
#7375 = ORIENTED_EDGE ( 'NONE', *, *, #4363, .T. ) ;
#7376 = ORIENTED_EDGE ( 'NONE', *, *, #5434, .T. ) ;
#7377 = ORIENTED_EDGE ( 'NONE', *, *, #6024, .T. ) ;
#7378 = DIRECTION ( 'NONE',  ( 0.000000000000000000, -1.000000000000000000, -1.927470528863117569E-16 ) ) ;
#7379 = DIRECTION ( 'NONE',  ( 1.734723475976807489E-15, -1.000000000000000000, 0.000000000000000000 ) ) ;
#7380 = VECTOR ( 'NONE', #11226, 1000.000000000000114 ) ;
#7381 = DIRECTION ( 'NONE',  ( 0.000000000000000000, 0.000000000000000000, 1.000000000000000000 ) ) ;
#7382 = EDGE_CURVE ( 'NONE', #2986, #286, #6515, .T. ) ;
#7383 = CARTESIAN_POINT ( 'NONE',  ( -27.09083954634444424, 64.04131992144890262, 1.000000000000001776 ) ) ;
#7384 = DIRECTION ( 'NONE',  ( 0.000000000000000000, 0.000000000000000000, 1.000000000000000000 ) ) ;
#7385 = EDGE_CURVE ( 'NONE', #10366, #5213, #1058, .T. ) ;
#7386 = CARTESIAN_POINT ( 'NONE',  ( -24.32088110486508370, 10.62394264816603062, -2.012667236896755085 ) ) ;
#7387 = CARTESIAN_POINT ( 'NONE',  ( -25.67007771840335550, 12.03797273682629054, -14.77119949047725989 ) ) ;
#7388 = DIRECTION ( 'NONE',  ( 0.000000000000000000, 0.000000000000000000, 1.000000000000000000 ) ) ;
#7389 = DIRECTION ( 'NONE',  ( -1.000000000000000000, 0.000000000000000000, 1.652117596168388002E-16 ) ) ;
#7390 = ORIENTED_EDGE ( 'NONE', *, *, #1923, .F. ) ;
#7391 = EDGE_LOOP ( 'NONE', ( #5889, #3590 ) ) ;
#7392 = VECTOR ( 'NONE', #9057, 1000.000000000000114 ) ;
#7393 = ORIENTED_EDGE ( 'NONE', *, *, #7872, .F. ) ;
#7394 = ORIENTED_EDGE ( 'NONE', *, *, #5022, .T. ) ;
#7395 = CARTESIAN_POINT ( 'NONE',  ( -23.99999999999997868, 70.37848011702409678, -11.99999999999999645 ) ) ;
#7396 = CARTESIAN_POINT ( 'NONE',  ( -26.13553390593274628, 39.56752763736815126, -13.99999999999999645 ) ) ;
#7397 = ORIENTED_EDGE ( 'NONE', *, *, #9912, .T. ) ;
#7398 = CARTESIAN_POINT ( 'NONE',  ( 11.56992757980552788, -1.750000000000000222, 24.03680787131430563 ) ) ;
#7399 = CARTESIAN_POINT ( 'NONE',  ( -54.95715113960527987, 77.66021268290592161, -13.99999999999999645 ) ) ;
#7400 = DIRECTION ( 'NONE',  ( 0.000000000000000000, 0.000000000000000000, -1.000000000000000000 ) ) ;
#7401 = CIRCLE ( 'NONE', #2377, 1.600000000000000089 ) ;
#7402 = CARTESIAN_POINT ( 'NONE',  ( -35.99999999999999289, 22.99999999999999289, 15.60000000000000675 ) ) ;
#7403 = CARTESIAN_POINT ( 'NONE',  ( -17.63248186284873498, -1.532385336949470878, 25.99499774996521140 ) ) ;
#7404 = LINE ( 'NONE', #10974, #7947 ) ;
#7405 = ORIENTED_EDGE ( 'NONE', *, *, #822, .T. ) ;
#7406 = EDGE_CURVE ( 'NONE', #4878, #116, #233, .T. ) ;
#7407 = DIRECTION ( 'NONE',  ( 0.000000000000000000, 0.000000000000000000, 1.000000000000000000 ) ) ;
#7408 = ORIENTED_EDGE ( 'NONE', *, *, #5309, .T. ) ;
#7409 = CARTESIAN_POINT ( 'NONE',  ( 16.21920158330863160, 0.000000000000000000, -20.00000000000001421 ) ) ;
#7410 = DIRECTION ( 'NONE',  ( 0.000000000000000000, -0.7071067811865243691, 0.7071067811865707764 ) ) ;
#7411 = CARTESIAN_POINT ( 'NONE',  ( -32.45779162047082878, 66.65895734927150329, -3.900000000000000799 ) ) ;
#7412 = CARTESIAN_POINT ( 'NONE',  ( -43.00000000000000000, 91.50000000000000000, 1.975000000000007638 ) ) ;
#7413 = EDGE_LOOP ( 'NONE', ( #2839, #9457, #867, #5493 ) ) ;
#7414 = ADVANCED_FACE ( 'NONE', ( #8161 ), #6400, .T. ) ;
#7415 = LINE ( 'NONE', #4798, #544 ) ;
#7416 = VECTOR ( 'NONE', #1078, 1000.000000000000000 ) ;
#7417 = EDGE_CURVE ( 'NONE', #4307, #8196, #9976, .T. ) ;
#7418 = VERTEX_POINT ( 'NONE', #7747 ) ;
#7419 = EDGE_CURVE ( 'NONE', #4882, #423, #7342, .T. ) ;
#7420 = CARTESIAN_POINT ( 'NONE',  ( 13.44631595467181029, -1.750000000000000000, 24.50000000000000000 ) ) ;
#7421 = CIRCLE ( 'NONE', #2399, 3.037741699796946637 ) ;
#7423 = CARTESIAN_POINT ( 'NONE',  ( -11.08507242019447148, -5.000000000000002665, 27.00000000000000355 ) ) ;
#7422 = CARTESIAN_POINT ( 'NONE',  ( -0.9999999999999986677, 51.31596721165376351, -7.499999999999999112 ) ) ;
#7424 = CARTESIAN_POINT ( 'NONE',  ( -34.16274169979691067, 110.4999999999999858, 6.057404964271233012E-15 ) ) ;
#7425 = EDGE_CURVE ( 'NONE', #8758, #4284, #2202, .T. ) ;
#7426 = PLANE ( 'NONE',  #10041 ) ;
#7427 = CARTESIAN_POINT ( 'NONE',  ( -24.76350449740603565, 7.353375157915221116, 21.83527882566151135 ) ) ;
#7428 = EDGE_CURVE ( 'NONE', #10906, #8443, #531, .T. ) ;
#7429 = VERTEX_POINT ( 'NONE', #11138 ) ;
#7430 = CIRCLE ( 'NONE', #9769, 29.02871870788959896 ) ;
#7431 = VECTOR ( 'NONE', #10517, 1000.000000000000000 ) ;
#7432 = ORIENTED_EDGE ( 'NONE', *, *, #5389, .F. ) ;
#7433 = ORIENTED_EDGE ( 'NONE', *, *, #5349, .T. ) ;
#7434 = CARTESIAN_POINT ( 'NONE',  ( -17.90562429405263600, -1.115274489966645799, 23.57996064528334301 ) ) ;
#7435 = DIRECTION ( 'NONE',  ( 0.000000000000000000, 0.000000000000000000, 1.000000000000000000 ) ) ;
#7436 = LINE ( 'NONE', #280, #3715 ) ;
#7437 = CARTESIAN_POINT ( 'NONE',  ( -28.77809044707268171, 9.017821736325839055, 21.00000000000000000 ) ) ;
#7438 = PLANE ( 'NONE',  #4162 ) ;
#7439 = CARTESIAN_POINT ( 'NONE',  ( -30.02871870788964159, 22.99999999999999289, 12.00000000000000178 ) ) ;
#7440 = CYLINDRICAL_SURFACE ( 'NONE', #260, 1.599999999999999867 ) ;
#7441 = CARTESIAN_POINT ( 'NONE',  ( -26.02411907401664592, 79.84994088672972623, -3.900000000000000799 ) ) ;
#7442 = ORIENTED_EDGE ( 'NONE', *, *, #10994, .T. ) ;
#7443 = VERTEX_POINT ( 'NONE', #5894 ) ;
#7444 = EDGE_CURVE ( 'NONE', #7603, #4028, #1513, .T. ) ;
#7445 = VERTEX_POINT ( 'NONE', #404 ) ;
#7446 = ORIENTED_EDGE ( 'NONE', *, *, #2134, .F. ) ;
#7447 = ORIENTED_EDGE ( 'NONE', *, *, #1163, .F. ) ;
#7448 = DIRECTION ( 'NONE',  ( 0.000000000000000000, 0.000000000000000000, -1.000000000000000000 ) ) ;
#7449 = DIRECTION ( 'NONE',  ( 0.000000000000000000, 0.000000000000000000, 1.000000000000000000 ) ) ;
#7450 = ORIENTED_EDGE ( 'NONE', *, *, #936, .T. ) ;
#7451 = CARTESIAN_POINT ( 'NONE',  ( -20.99999999999998224, 49.70306154330096859, -7.499999999999998224 ) ) ;
#7452 = DIRECTION ( 'NONE',  ( 0.000000000000000000, 0.000000000000000000, -1.000000000000000000 ) ) ;
#7453 = CARTESIAN_POINT ( 'NONE',  ( 20.66646316236700187, 7.333536837632968819, 16.45418556420813871 ) ) ;
#7454 = DIRECTION ( 'NONE',  ( -0.4383711467890783475, -0.8987940462991667046, 0.000000000000000000 ) ) ;
#7455 = LINE ( 'NONE', #6579, #7607 ) ;
#7456 = VECTOR ( 'NONE', #3027, 1000.000000000000114 ) ;
#7457 = CARTESIAN_POINT ( 'NONE',  ( -35.73499348497429651, 100.9999999999999147, -20.88751140824009056 ) ) ;
#7458 = ORIENTED_EDGE ( 'NONE', *, *, #2011, .T. ) ;
#7459 = EDGE_CURVE ( 'NONE', #8006, #9886, #2325, .T. ) ;
#7460 = EDGE_CURVE ( 'NONE', #6007, #10702, #9999, .T. ) ;
#7461 = ORIENTED_EDGE ( 'NONE', *, *, #753, .F. ) ;
#7462 = CARTESIAN_POINT ( 'NONE',  ( -21.03832892204482263, 8.000048970288762717, -21.00000000000000000 ) ) ;
#7463 = CYLINDRICAL_SURFACE ( 'NONE', #1543, 13.00000000000000178 ) ;
#7464 = DIRECTION ( 'NONE',  ( 0.000000000000000000, 0.000000000000000000, -1.000000000000000000 ) ) ;
#7465 = AXIS2_PLACEMENT_3D ( 'NONE', #6368, #4629, #9948 ) ;
#7466 = CARTESIAN_POINT ( 'NONE',  ( -19.44527425860871972, 0.7518218206451454666, 26.08784439050085169 ) ) ;
#7467 = CARTESIAN_POINT ( 'NONE',  ( -32.49999999999998579, 100.9999999999999858, -3.037741699796939088 ) ) ;
#7468 = ORIENTED_EDGE ( 'NONE', *, *, #1545, .T. ) ;
#7469 = LINE ( 'NONE', #2058, #4069 ) ;
#7470 = ORIENTED_EDGE ( 'NONE', *, *, #8310, .T. ) ;
#7471 = EDGE_CURVE ( 'NONE', #9349, #8400, #6689, .T. ) ;
#7472 = FACE_OUTER_BOUND ( 'NONE', #4695, .T. ) ;
#7473 = CARTESIAN_POINT ( 'NONE',  ( -20.99999999999998224, 49.70306154330096859, 12.00000000000000178 ) ) ;
#7475 = DIRECTION ( 'NONE',  ( -1.000000000000000000, 0.000000000000000000, 1.652117596168387756E-16 ) ) ;
#7474 = CARTESIAN_POINT ( 'NONE',  ( 16.56992757980552611, -0.8275441865436681255, 23.27347776522293188 ) ) ;
#7476 = ADVANCED_FACE ( 'NONE', ( #9508 ), #5067, .F. ) ;
#7477 = CARTESIAN_POINT ( 'NONE',  ( -22.16561135359183865, 8.468672896892813995, 10.51307425404456986 ) ) ;
#7478 = DIRECTION ( 'NONE',  ( 0.000000000000000000, 1.000000000000000000, -0.000000000000000000 ) ) ;
#7479 = AXIS2_PLACEMENT_3D ( 'NONE', #11519, #5278, #3285 ) ;
#7480 = DIRECTION ( 'NONE',  ( -1.000000000000000000, 0.000000000000000000, 0.000000000000000000 ) ) ;
#7481 = EDGE_CURVE ( 'NONE', #4863, #7569, #8837, .T. ) ;
#7482 = ORIENTED_EDGE ( 'NONE', *, *, #4613, .T. ) ;
#7483 = VECTOR ( 'NONE', #3514, 1000.000000000000000 ) ;
#7484 = VECTOR ( 'NONE', #8870, 1000.000000000000114 ) ;
#7485 = ADVANCED_FACE ( 'NONE', ( #7682 ), #11257, .T. ) ;
#7486 = EDGE_CURVE ( 'NONE', #9674, #7690, #2148, .T. ) ;
#7487 = VERTEX_POINT ( 'NONE', #9269 ) ;
#7488 = EDGE_CURVE ( 'NONE', #3331, #9472, #2905, .T. ) ;
#7489 = VERTEX_POINT ( 'NONE', #4834 ) ;
#7490 = CARTESIAN_POINT ( 'NONE',  ( -20.99999999999999289, 27.26042085618161082, -7.499999999999998224 ) ) ;
#7491 = PLANE ( 'NONE',  #8109 ) ;
#7492 = ORIENTED_EDGE ( 'NONE', *, *, #3230, .F. ) ;
#7493 = DIRECTION ( 'NONE',  ( 0.000000000000000000, -0.7071067811865329178, 0.7071067811865622277 ) ) ;
#7494 = CARTESIAN_POINT ( 'NONE',  ( -23.99999999999998579, 84.69013533309194486, 2.497661816008019287 ) ) ;
#7495 = CARTESIAN_POINT ( 'NONE',  ( -26.97065927659422258, 14.28331496040742365, -5.090686683997138751 ) ) ;
#7496 = VECTOR ( 'NONE', #5208, 1000.000000000000000 ) ;
#7497 = CARTESIAN_POINT ( 'NONE',  ( -43.00000000000000000, 110.4999999999999858, -1.974999999999994094 ) ) ;
#7498 = EDGE_CURVE ( 'NONE', #8836, #5, #10370, .T. ) ;
#7499 = DIRECTION ( 'NONE',  ( 0.000000000000000000, 0.000000000000000000, -1.000000000000000000 ) ) ;
#7500 = PLANE ( 'NONE',  #9074 ) ;
#7501 = ORIENTED_EDGE ( 'NONE', *, *, #11050, .T. ) ;
#7502 = VERTEX_POINT ( 'NONE', #7509 ) ;
#7503 = VECTOR ( 'NONE', #7208, 1000.000000000000000 ) ;
#7504 = EDGE_CURVE ( 'NONE', #8, #10361, #3261, .T. ) ;
#7505 = CARTESIAN_POINT ( 'NONE',  ( -23.99999999999998934, 83.99999999999998579, -84.74336439883576588 ) ) ;
#7506 = ORIENTED_EDGE ( 'NONE', *, *, #1665, .F. ) ;
#7507 = VERTEX_POINT ( 'NONE', #11194 ) ;
#7508 = AXIS2_PLACEMENT_3D ( 'NONE', #7818, #3381, #6071 ) ;
#7509 = CARTESIAN_POINT ( 'NONE',  ( -23.99999999999998934, 78.86271205119405181, 14.99656801966993847 ) ) ;
#7510 = CARTESIAN_POINT ( 'NONE',  ( -24.00000000000003908, 46.70306154330088333, -47.00000000000000000 ) ) ;
#7511 = LINE ( 'NONE', #7399, #1009 ) ;
#7512 = LINE ( 'NONE', #8679, #4310 ) ;
#7513 = FACE_OUTER_BOUND ( 'NONE', #5980, .T. ) ;
#7514 = AXIS2_PLACEMENT_3D ( 'NONE', #4125, #5185, #11363 ) ;
#7515 = CARTESIAN_POINT ( 'NONE',  ( -17.40147415945252618, -1.885153006177739510, 26.00000000000001776 ) ) ;
#7516 = EDGE_CURVE ( 'NONE', #8701, #1115, #3195, .T. ) ;
#7517 = AXIS2_PLACEMENT_3D ( 'NONE', #5060, #3050, #2120 ) ;
#7518 = CARTESIAN_POINT ( 'NONE',  ( -20.99999999999999289, 22.99999999999999289, 3.899999999999997247 ) ) ;
#7519 = AXIS2_PLACEMENT_3D ( 'NONE', #4104, #7655, #11103 ) ;
#7520 = ORIENTED_EDGE ( 'NONE', *, *, #5689, .F. ) ;
#7521 = CARTESIAN_POINT ( 'NONE',  ( -21.03832892204481197, 8.000048970288766270, 2.599999999999998312 ) ) ;
#7522 = DIRECTION ( 'NONE',  ( -0.000000000000000000, 1.000000000000000000, 1.927470528863117569E-16 ) ) ;
#7523 = PLANE ( 'NONE',  #1953 ) ;
#7524 = AXIS2_PLACEMENT_3D ( 'NONE', #202, #9115, #2057 ) ;
#7525 = CARTESIAN_POINT ( 'NONE',  ( 14.09990619592962346, -2.882051505189736851, 24.50000000000000000 ) ) ;
#7526 = DIRECTION ( 'NONE',  ( -0.7071067811865474617, -0.7071067811865474617, 0.000000000000000000 ) ) ;
#7527 = ORIENTED_EDGE ( 'NONE', *, *, #6282, .F. ) ;
#7528 = EDGE_CURVE ( 'NONE', #9581, #5698, #1631, .T. ) ;
#7529 = CARTESIAN_POINT ( 'NONE',  ( -35.99999999999999289, 51.31596721165377062, 15.60000000000000675 ) ) ;
#7530 = FACE_OUTER_BOUND ( 'NONE', #570, .T. ) ;
#7531 = VECTOR ( 'NONE', #4353, 1000.000000000000000 ) ;
#7532 = ORIENTED_EDGE ( 'NONE', *, *, #10900, .T. ) ;
#7533 = VECTOR ( 'NONE', #9160, 1000.000000000000000 ) ;
#7534 = DIRECTION ( 'NONE',  ( 0.000000000000000000, 0.000000000000000000, -1.000000000000000000 ) ) ;
#7535 = CARTESIAN_POINT ( 'NONE',  ( 11.85766319796690027, -1.980086674083330220E-14, 23.04764963123133015 ) ) ;
#7537 = CARTESIAN_POINT ( 'NONE',  ( -27.56135765566532925, 16.79787558810386727, -13.99999999999999822 ) ) ;
#7536 = DIRECTION ( 'NONE',  ( 0.000000000000000000, 1.000000000000000000, 0.000000000000000000 ) ) ;
#7538 = PLANE ( 'NONE',  #5161 ) ;
#7539 = ORIENTED_EDGE ( 'NONE', *, *, #4674, .F. ) ;
#7540 = AXIS2_PLACEMENT_3D ( 'NONE', #10654, #755, #1736 ) ;
#7541 = CARTESIAN_POINT ( 'NONE',  ( -20.99999999999998224, 49.70306154330096859, 1.000000000000002665 ) ) ;
#7542 = VERTEX_POINT ( 'NONE', #3496 ) ;
#7543 = EDGE_LOOP ( 'NONE', ( #11476, #5675, #3665, #4619 ) ) ;
#7544 = AXIS2_PLACEMENT_3D ( 'NONE', #8594, #8483, #11004 ) ;
#7545 = ORIENTED_EDGE ( 'NONE', *, *, #7626, .T. ) ;
#7546 = ORIENTED_EDGE ( 'NONE', *, *, #2015, .T. ) ;
#7547 = ORIENTED_EDGE ( 'NONE', *, *, #757, .F. ) ;
#7548 = CARTESIAN_POINT ( 'NONE',  ( -0.9999999999999956701, 51.31596721165377062, 10.39999999999999680 ) ) ;
#7549 = LINE ( 'NONE', #11123, #5341 ) ;
#7550 = VECTOR ( 'NONE', #8849, 1000.000000000000114 ) ;
#7551 = VERTEX_POINT ( 'NONE', #9802 ) ;
#7552 = CARTESIAN_POINT ( 'NONE',  ( -23.99999999999997158, 10.30306154330093094, -8.576572383382760734 ) ) ;
#7553 = DIRECTION ( 'NONE',  ( -0.000000000000000000, -0.000000000000000000, -1.000000000000000000 ) ) ;
#7554 = DIRECTION ( 'NONE',  ( 1.000000000000000000, 0.000000000000000000, -1.652117596168387756E-16 ) ) ;
#7555 = DIRECTION ( 'NONE',  ( 0.000000000000000000, 0.000000000000000000, -1.000000000000000000 ) ) ;
#7556 = CARTESIAN_POINT ( 'NONE',  ( -23.99999999999998934, 78.86271205119405181, -11.00343198033006864 ) ) ;
#7557 = VECTOR ( 'NONE', #3241, 1000.000000000000114 ) ;
#7558 = AXIS2_PLACEMENT_3D ( 'NONE', #6627, #8446, #10260 ) ;
#7559 = DIRECTION ( 'NONE',  ( 0.7071067811865474617, 0.000000000000000000, 0.7071067811865474617 ) ) ;
#7560 = ADVANCED_FACE ( 'NONE', ( #5133 ), #1806, .F. ) ;
#7561 = DIRECTION ( 'NONE',  ( -1.000000000000000000, -0.000000000000000000, -0.000000000000000000 ) ) ;
#7562 = EDGE_CURVE ( 'NONE', #9306, #8346, #9748, .T. ) ;
#7563 = EDGE_LOOP ( 'NONE', ( #2656, #9744, #9646, #939, #1164, #1136, #9677 ) ) ;
#7564 = ORIENTED_EDGE ( 'NONE', *, *, #2394, .F. ) ;
#7565 = PLANE ( 'NONE',  #8074 ) ;
#7566 = ORIENTED_EDGE ( 'NONE', *, *, #5421, .F. ) ;
#7567 = VECTOR ( 'NONE', #2181, 1000.000000000000000 ) ;
#7568 = EDGE_CURVE ( 'NONE', #9000, #3203, #7016, .T. ) ;
#7569 = VERTEX_POINT ( 'NONE', #2492 ) ;
#7570 = DIRECTION ( 'NONE',  ( 1.000000000000000000, 0.000000000000000000, 0.000000000000000000 ) ) ;
#7571 = FACE_OUTER_BOUND ( 'NONE', #6712, .T. ) ;
#7572 = CARTESIAN_POINT ( 'NONE',  ( -23.99999999999998579, 84.98906412751230732, 3.987471941855791346 ) ) ;
#7573 = FACE_OUTER_BOUND ( 'NONE', #8430, .T. ) ;
#7574 = CARTESIAN_POINT ( 'NONE',  ( -24.96396103067888106, 11.26702257397983331, 14.89917787120095305 ) ) ;
#7575 = FACE_OUTER_BOUND ( 'NONE', #9211, .T. ) ;
#7576 = EDGE_CURVE ( 'NONE', #11265, #3034, #1692, .T. ) ;
#7577 = DIRECTION ( 'NONE',  ( -0.000000000000000000, -1.000000000000000000, -0.000000000000000000 ) ) ;
#7578 = ORIENTED_EDGE ( 'NONE', *, *, #7417, .F. ) ;
#7579 = AXIS2_PLACEMENT_3D ( 'NONE', #6635, #9219, #7634 ) ;
#7580 = ORIENTED_EDGE ( 'NONE', *, *, #9282, .T. ) ;
#7581 = AXIS2_PLACEMENT_3D ( 'NONE', #1980, #10155, #10365 ) ;
#7582 = DIRECTION ( 'NONE',  ( 1.652117596168388002E-16, -0.000000000000000000, 1.000000000000000000 ) ) ;
#7583 = DIRECTION ( 'NONE',  ( 0.4383711467890782920, 0.8987940462991665935, -0.000000000000000000 ) ) ;
#7584 = DIRECTION ( 'NONE',  ( 0.000000000000000000, 0.000000000000000000, 1.000000000000000000 ) ) ;
#7585 = CARTESIAN_POINT ( 'NONE',  ( -24.32088110486508015, 10.62394264816603773, -10.98733276310323070 ) ) ;
#7586 = CARTESIAN_POINT ( 'NONE',  ( 15.50000000000000355, 0.000000000000000000, -15.49999999999999467 ) ) ;
#7587 = LINE ( 'NONE', #369, #6965 ) ;
#7588 = DIRECTION ( 'NONE',  ( -0.000000000000000000, 1.000000000000000000, 0.000000000000000000 ) ) ;
#7589 = DIRECTION ( 'NONE',  ( 0.000000000000000000, 0.000000000000000000, 1.000000000000000000 ) ) ;
#7590 = AXIS2_PLACEMENT_3D ( 'NONE', #5062, #6798, #9443 ) ;
#7591 = EDGE_LOOP ( 'NONE', ( #6599, #8285, #418, #4889, #290 ) ) ;
#7592 = ADVANCED_FACE ( 'NONE', ( #8856 ), #5137, .T. ) ;
#7593 = CARTESIAN_POINT ( 'NONE',  ( 20.33312358293825639, 7.666876417061712523, -16.33729991213547450 ) ) ;
#7594 = EDGE_CURVE ( 'NONE', #9702, #45, #11197, .T. ) ;
#7595 = EDGE_CURVE ( 'NONE', #7201, #5962, #5917, .T. ) ;
#7596 = DIRECTION ( 'NONE',  ( -1.000000000000000000, 0.000000000000000000, 0.000000000000000000 ) ) ;
#7597 = ORIENTED_EDGE ( 'NONE', *, *, #6252, .F. ) ;
#7599 = CARTESIAN_POINT ( 'NONE',  ( 15.49999999999999822, 0.000000000000000000, 13.89999999999999325 ) ) ;
#7598 = LINE ( 'NONE', #11048, #8613 ) ;
#7600 = ORIENTED_EDGE ( 'NONE', *, *, #4843, .F. ) ;
#7601 = FACE_OUTER_BOUND ( 'NONE', #11332, .T. ) ;
#7602 = VECTOR ( 'NONE', #8408, 1000.000000000000000 ) ;
#7603 = VERTEX_POINT ( 'NONE', #5531 ) ;
#7604 = DIRECTION ( 'NONE',  ( 1.000000000000000000, -0.000000000000000000, -1.652117596168387756E-16 ) ) ;
#7605 = B_SPLINE_CURVE_WITH_KNOTS ( 'NONE', 3,
 ( #8762, #795, #1716, #7954, #5098, #7709, #7892, #11464 ),
 .UNSPECIFIED., .F., .F.,
 ( 4, 2, 2, 4 ),
 ( 0.000000000000000000, 0.004507000927398294166, 0.006760501391097461198, 0.009014001854796628230 ),
 .UNSPECIFIED. ) ;
#7606 = ORIENTED_EDGE ( 'NONE', *, *, #589, .F. ) ;
#7607 = VECTOR ( 'NONE', #1465, 1000.000000000000227 ) ;
#7608 = ORIENTED_EDGE ( 'NONE', *, *, #9003, .T. ) ;
#7609 = EDGE_LOOP ( 'NONE', ( #6201, #9435, #9858, #1312 ) ) ;
#7610 = DIRECTION ( 'NONE',  ( 0.000000000000000000, 0.000000000000000000, -1.000000000000000000 ) ) ;
#7611 = FACE_OUTER_BOUND ( 'NONE', #5475, .T. ) ;
#7612 = ORIENTED_EDGE ( 'NONE', *, *, #8533, .F. ) ;
#7613 = FACE_OUTER_BOUND ( 'NONE', #9564, .T. ) ;
#7614 = CARTESIAN_POINT ( 'NONE',  ( -20.99999999999998934, 20.50306154330089470, -5.499999999999998224 ) ) ;
#7615 = DIRECTION ( 'NONE',  ( 0.7071067811865410224, 0.000000000000000000, -0.7071067811865540120 ) ) ;
#7616 = VECTOR ( 'NONE', #263, 1000.000000000000000 ) ;
#7617 = LINE ( 'NONE', #4825, #9943 ) ;
#7618 = CARTESIAN_POINT ( 'NONE',  ( -21.00000000000000000, 0.9999999999999455991, -21.00000000000000000 ) ) ;
#7619 = VECTOR ( 'NONE', #4488, 1000.000000000000000 ) ;
#7620 = EDGE_CURVE ( 'NONE', #9370, #8088, #8259, .T. ) ;
#7621 = LINE ( 'NONE', #4127, #7148 ) ;
#7622 = CARTESIAN_POINT ( 'NONE',  ( 16.89795244361506477, -0.2488164083894793543, 22.82122705398658269 ) ) ;
#7623 = ORIENTED_EDGE ( 'NONE', *, *, #1925, .F. ) ;
#7624 = ORIENTED_EDGE ( 'NONE', *, *, #8851, .T. ) ;
#7625 = ORIENTED_EDGE ( 'NONE', *, *, #7281, .F. ) ;
#7626 = EDGE_CURVE ( 'NONE', #8530, #7158, #2330, .T. ) ;
#7627 = ORIENTED_EDGE ( 'NONE', *, *, #11151, .F. ) ;
#7628 = DIRECTION ( 'NONE',  ( 0.000000000000000000, 0.000000000000000000, 1.000000000000000000 ) ) ;
#7629 = CARTESIAN_POINT ( 'NONE',  ( -23.99999999999998224, 84.44221164832929105, 9.035345542744947167 ) ) ;
#7630 = ADVANCED_FACE ( 'NONE', ( #7204 ), #9963, .T. ) ;
#7631 = DIRECTION ( 'NONE',  ( -0.000000000000000000, -0.000000000000000000, -1.000000000000000000 ) ) ;
#7632 = LINE ( 'NONE', #3958, #2297 ) ;
#7633 = LINE ( 'NONE', #5017, #4299 ) ;
#7634 = DIRECTION ( 'NONE',  ( 1.000000000000000000, -1.387778780781445478E-15, 0.000000000000000000 ) ) ;
#7635 = FACE_OUTER_BOUND ( 'NONE', #9652, .T. ) ;
#7636 = CARTESIAN_POINT ( 'NONE',  ( -27.56135765566532925, 16.79787558810383885, -5.499999999999998224 ) ) ;
#7637 = EDGE_CURVE ( 'NONE', #3728, #8210, #10952, .T. ) ;
#7638 = ORIENTED_EDGE ( 'NONE', *, *, #3504, .F. ) ;
#7639 = DIRECTION ( 'NONE',  ( 1.000000000000000000, 0.000000000000000000, -1.486905836551548832E-16 ) ) ;
#7640 = VERTEX_POINT ( 'NONE', #2826 ) ;
#7642 = ORIENTED_EDGE ( 'NONE', *, *, #6713, .F. ) ;
#7641 = ADVANCED_FACE ( 'NONE', ( #10729 ), #5426, .F. ) ;
#7643 = EDGE_CURVE ( 'NONE', #3122, #9421, #2778, .T. ) ;
#7644 = DIRECTION ( 'NONE',  ( 0.000000000000000000, 0.000000000000000000, 1.000000000000000000 ) ) ;
#7645 = DIRECTION ( 'NONE',  ( 0.2326250168069734225, -0.1134588016124424420, 0.9659258262890706437 ) ) ;
#7646 = CARTESIAN_POINT ( 'NONE',  ( 0.000000000000000000, 0.000000000000000000, 0.000000000000000000 ) ) ;
#7647 = EDGE_CURVE ( 'NONE', #5932, #10401, #2076, .T. ) ;
#7648 = VECTOR ( 'NONE', #3435, 1000.000000000000000 ) ;
#7649 = CYLINDRICAL_SURFACE ( 'NONE', #2002, 4.500000000000000000 ) ;
#7650 = CARTESIAN_POINT ( 'NONE',  ( -19.64284886039479971, 64.26021268290610067, -11.99999999999999645 ) ) ;
#7651 = ORIENTED_EDGE ( 'NONE', *, *, #11076, .F. ) ;
#7652 = CARTESIAN_POINT ( 'NONE',  ( -20.99999999999998934, 42.94570223042018142, -0.9999999999999974465 ) ) ;
#7653 = DIRECTION ( 'NONE',  ( -0.000000000000000000, -0.000000000000000000, 1.000000000000000000 ) ) ;
#7654 = B_SPLINE_CURVE_WITH_KNOTS ( 'NONE', 3,
 ( #4620, #8174, #7348, #7409 ),
 .UNSPECIFIED., .F., .F.,
 ( 4, 4 ),
 ( 0.000000000000000000, 0.001457054811809975524 ),
 .UNSPECIFIED. ) ;
#7655 = DIRECTION ( 'NONE',  ( 0.2326250168069752822, -0.1134588016124433441, 0.9659258262890700886 ) ) ;
#7656 = CARTESIAN_POINT ( 'NONE',  ( -36.00000000000000000, 51.31596721165378483, -19.99999999999997158 ) ) ;
#7657 = ORIENTED_EDGE ( 'NONE', *, *, #2144, .F. ) ;
#7659 = DIRECTION ( 'NONE',  ( 1.000000000000000000, 0.000000000000000000, -0.000000000000000000 ) ) ;
#7658 = DIRECTION ( 'NONE',  ( 0.000000000000000000, 0.000000000000000000, -1.000000000000000000 ) ) ;
#7660 = LINE ( 'NONE', #10239, #1624 ) ;
#7661 = ORIENTED_EDGE ( 'NONE', *, *, #6631, .F. ) ;
#7662 = ORIENTED_EDGE ( 'NONE', *, *, #3521, .T. ) ;
#7663 = CARTESIAN_POINT ( 'NONE',  ( -18.22304531936596916, -0.7945468039689225215, 25.87845069494402850 ) ) ;
#7664 = VECTOR ( 'NONE', #9365, 999.9999999999998863 ) ;
#7665 = CIRCLE ( 'NONE', #8609, 16.50000000000000000 ) ;
#7666 = ORIENTED_EDGE ( 'NONE', *, *, #9830, .F. ) ;
#7667 = CARTESIAN_POINT ( 'NONE',  ( -17.74766032130123250, -1.356498404452209927, 23.76683951646713311 ) ) ;
#7668 = CARTESIAN_POINT ( 'NONE',  ( -32.45779162047082878, 66.65895734927150329, 10.40000000000000568 ) ) ;
#7669 = ORIENTED_EDGE ( 'NONE', *, *, #2296, .T. ) ;
#7670 = DIRECTION ( 'NONE',  ( -1.000000000000000000, 0.000000000000000000, 0.000000000000000000 ) ) ;
#7671 = DIRECTION ( 'NONE',  ( 0.7071067811865499042, -0.7071067811865451302, 0.000000000000000000 ) ) ;
#7672 = PLANE ( 'NONE',  #6105 ) ;
#7673 = PLANE ( 'NONE',  #7902 ) ;
#7674 = FACE_OUTER_BOUND ( 'NONE', #1071, .T. ) ;
#7675 = FACE_OUTER_BOUND ( 'NONE', #1320, .T. ) ;
#7676 = EDGE_CURVE ( 'NONE', #11052, #4863, #9422, .T. ) ;
#7677 = DIRECTION ( 'NONE',  ( 1.000000000000000000, 0.000000000000000000, 0.000000000000000000 ) ) ;
#7678 = ORIENTED_EDGE ( 'NONE', *, *, #10072, .F. ) ;
#7679 = ORIENTED_EDGE ( 'NONE', *, *, #1526, .T. ) ;
#7680 = VERTEX_POINT ( 'NONE', #3607 ) ;
#7681 = VECTOR ( 'NONE', #1309, 1000.000000000000000 ) ;
#7682 = FACE_OUTER_BOUND ( 'NONE', #8197, .T. ) ;
#7683 = CARTESIAN_POINT ( 'NONE',  ( -26.56212821192536566, 0.6264195784739153838, 20.27330539634527540 ) ) ;
#7684 = CARTESIAN_POINT ( 'NONE',  ( -23.99999999999998934, 83.99999999999998579, 10.39999999999999325 ) ) ;
#7685 = CARTESIAN_POINT ( 'NONE',  ( -27.60000000000010800, 88.61736382251130806, -7.499999999999999112 ) ) ;
#7686 = DIRECTION ( 'NONE',  ( -1.355252715606883008E-16, -0.000000000000000000, -1.000000000000000000 ) ) ;
#7687 = CARTESIAN_POINT ( 'NONE',  ( -43.00000000000000000, 100.9999999999999858, -2.499999999999940048 ) ) ;
#7688 = ADVANCED_FACE ( 'NONE', ( #278 ), #6785, .F. ) ;
#7689 = CIRCLE ( 'NONE', #4713, 5.000000000000000888 ) ;
#7690 = VERTEX_POINT ( 'NONE', #1154 ) ;
#7691 = VECTOR ( 'NONE', #4563, 1000.000000000000000 ) ;
#7692 = VERTEX_POINT ( 'NONE', #2724 ) ;
#7693 = VERTEX_POINT ( 'NONE', #6284 ) ;
#7694 = CARTESIAN_POINT ( 'NONE',  ( -25.33626004114814734, 11.63932158444908360, -11.16340162000091674 ) ) ;
#7695 = DIRECTION ( 'NONE',  ( 0.000000000000000000, 0.000000000000000000, 1.000000000000000000 ) ) ;
#7696 = CARTESIAN_POINT ( 'NONE',  ( -34.16274169979692488, 100.9999999999999858, 5.422042064633980045E-15 ) ) ;
#7697 = AXIS2_PLACEMENT_3D ( 'NONE', #1478, #7589, #609 ) ;
#7698 = CARTESIAN_POINT ( 'NONE',  ( -20.99999999999998934, 20.50306154330089470, -7.499999999999998224 ) ) ;
#7699 = DIRECTION ( 'NONE',  ( 2.168404344970645745E-16, 0.000000000000000000, 1.000000000000000000 ) ) ;
#7700 = ORIENTED_EDGE ( 'NONE', *, *, #4095, .F. ) ;
#7701 = ORIENTED_EDGE ( 'NONE', *, *, #10583, .T. ) ;
#7702 = AXIS2_PLACEMENT_3D ( 'NONE', #4345, #6151, #7965 ) ;
#7703 = DIRECTION ( 'NONE',  ( 0.000000000000000000, 0.000000000000000000, -1.000000000000000000 ) ) ;
#7704 = CARTESIAN_POINT ( 'NONE',  ( -26.02411907401664592, 79.84994088672972623, 9.100000000000010303 ) ) ;
#7705 = EDGE_CURVE ( 'NONE', #2608, #3936, #8475, .T. ) ;
#7706 = ORIENTED_EDGE ( 'NONE', *, *, #4823, .F. ) ;
#7707 = CIRCLE ( 'NONE', #2682, 16.50000000000000000 ) ;
#7708 = CARTESIAN_POINT ( 'NONE',  ( -35.73499348497428230, 60.33781306909220632, 20.88751140824024688 ) ) ;
#7709 = CARTESIAN_POINT ( 'NONE',  ( -25.39638163857481956, 81.23592320352004492, -18.53140444332878545 ) ) ;
#7710 = ORIENTED_EDGE ( 'NONE', *, *, #4183, .F. ) ;
#7711 = ADVANCED_FACE ( 'NONE', ( #8965 ), #3771, .T. ) ;
#7713 = LINE ( 'NONE', #5924, #858 ) ;
#7712 = FACE_OUTER_BOUND ( 'NONE', #8876, .T. ) ;
#7714 = VERTEX_POINT ( 'NONE', #9024 ) ;
#7715 = CARTESIAN_POINT ( 'NONE',  ( -35.99999999999999289, 59.74211698483031796, -20.99999999999984723 ) ) ;
#7716 = DIRECTION ( 'NONE',  ( 0.000000000000000000, 0.000000000000000000, -1.000000000000000000 ) ) ;
#7717 = VERTEX_POINT ( 'NONE', #4593 ) ;
#7718 = VERTEX_POINT ( 'NONE', #2890 ) ;
#7719 = FACE_OUTER_BOUND ( 'NONE', #6257, .T. ) ;
#7720 = CONICAL_SURFACE ( 'NONE', #1578, 20.99999999999999645, 0.4014257279587491456 ) ;
#7721 = EDGE_CURVE ( 'NONE', #4028, #10491, #1226, .T. ) ;
#7722 = ORIENTED_EDGE ( 'NONE', *, *, #2412, .T. ) ;
#7723 = ORIENTED_EDGE ( 'NONE', *, *, #10129, .T. ) ;
#7724 = DIRECTION ( 'NONE',  ( -1.652117596168393672E-16, 1.000000000000000000, -3.491481338843133355E-15 ) ) ;
#7725 = B_SPLINE_CURVE_WITH_KNOTS ( 'NONE', 3,
 ( #1586, #1707, #10511, #8689 ),
 .UNSPECIFIED., .F., .F.,
 ( 4, 4 ),
 ( 0.000000000000000000, 1.000000000000000000 ),
 .UNSPECIFIED. ) ;
#7726 = AXIS2_PLACEMENT_3D ( 'NONE', #4569, #8176, #9055 ) ;
#7727 = VERTEX_POINT ( 'NONE', #6385 ) ;
#7728 = EDGE_CURVE ( 'NONE', #8278, #7124, #8557, .T. ) ;
#7729 = CARTESIAN_POINT ( 'NONE',  ( -26.13553390593274273, 30.63859544923362677, -11.99999999999999645 ) ) ;
#7730 = CARTESIAN_POINT ( 'NONE',  ( -43.99999999999998579, 88.61736382251127964, -84.74336439883576588 ) ) ;
#7731 = VERTEX_POINT ( 'NONE', #10358 ) ;
#7732 = CARTESIAN_POINT ( 'NONE',  ( -23.99999999999998934, 83.99999999999998579, -84.74336439883576588 ) ) ;
#7733 = LINE ( 'NONE', #575, #11463 ) ;
#7734 = DIRECTION ( 'NONE',  ( -0.000000000000000000, -0.000000000000000000, -1.000000000000000000 ) ) ;
#7735 = FACE_OUTER_BOUND ( 'NONE', #7067, .T. ) ;
#7736 = CARTESIAN_POINT ( 'NONE',  ( -24.40210023420144125, 1.183220954566331473, 22.00680004143107737 ) ) ;
#7737 = DIRECTION ( 'NONE',  ( -0.5478338651825963579, 0.8365871479762863050, 0.000000000000000000 ) ) ;
#7738 = FACE_OUTER_BOUND ( 'NONE', #4385, .T. ) ;
#7739 = DIRECTION ( 'NONE',  ( 0.000000000000000000, 0.000000000000000000, -1.000000000000000000 ) ) ;
#7740 = ORIENTED_EDGE ( 'NONE', *, *, #1490, .T. ) ;
#7741 = AXIS2_PLACEMENT_3D ( 'NONE', #4762, #6386, #8317 ) ;
#7742 = VERTEX_POINT ( 'NONE', #8484 ) ;
#7743 = EDGE_CURVE ( 'NONE', #11486, #6751, #571, .T. ) ;
#7744 = ORIENTED_EDGE ( 'NONE', *, *, #6502, .T. ) ;
#7745 = ADVANCED_FACE ( 'NONE', ( #449 ), #4215, .F. ) ;
#7746 = ADVANCED_FACE ( 'NONE', ( #4761 ), #7372, .T. ) ;
#7747 = CARTESIAN_POINT ( 'NONE',  ( -27.59999999999998721, 17.83199373143543198, -13.99999999999999645 ) ) ;
#7748 = AXIS2_PLACEMENT_3D ( 'NONE', #9897, #9011, #5465 ) ;
#7749 = VECTOR ( 'NONE', #10490, 1000.000000000000114 ) ;
#7750 = DIRECTION ( 'NONE',  ( -0.000000000000000000, -0.000000000000000000, 1.000000000000000000 ) ) ;
#7751 = DIRECTION ( 'NONE',  ( -0.000000000000000000, -0.9931720082105804925, -0.1166591706937882555 ) ) ;
#7752 = AXIS2_PLACEMENT_3D ( 'NONE', #9097, #10909, #6461 ) ;
#7753 = CARTESIAN_POINT ( 'NONE',  ( -28.77809044707268171, 0.000000000000000000, 31.00000000000000000 ) ) ;
#7754 = LINE ( 'NONE', #8740, #10565 ) ;
#7755 = VECTOR ( 'NONE', #10791, 1000.000000000000000 ) ;
#7756 = VERTEX_POINT ( 'NONE', #5879 ) ;
#7757 = LINE ( 'NONE', #9577, #3609 ) ;
#7758 = LINE ( 'NONE', #2266, #3083 ) ;
#7759 = ORIENTED_EDGE ( 'NONE', *, *, #87, .T. ) ;
#7760 = ORIENTED_EDGE ( 'NONE', *, *, #4613, .F. ) ;
#7761 = LINE ( 'NONE', #1646, #4531 ) ;
#7762 = DIRECTION ( 'NONE',  ( 0.000000000000000000, 0.000000000000000000, 1.000000000000000000 ) ) ;
#7763 = CARTESIAN_POINT ( 'NONE',  ( -27.60000000000004050, 50.30306154330085633, -47.00000000000000000 ) ) ;
#7764 = CARTESIAN_POINT ( 'NONE',  ( -17.98256549667119231, 0.07560789388251934473, 26.79532240145011812 ) ) ;
#7765 = LINE ( 'NONE', #10629, #7874 ) ;
#7766 = ORIENTED_EDGE ( 'NONE', *, *, #7594, .F. ) ;
#7767 = CARTESIAN_POINT ( 'NONE',  ( -42.40000000000004832, 100.9999999999999858, 1.900000000000006350 ) ) ;
#7768 = ADVANCED_FACE ( 'NONE', ( #11064 ), #2362, .F. ) ;
#7769 = ORIENTED_EDGE ( 'NONE', *, *, #4095, .T. ) ;
#7770 = CIRCLE ( 'NONE', #3113, 6.000000000000000000 ) ;
#7771 = CARTESIAN_POINT ( 'NONE',  ( -24.96396103067888106, 11.26702257397983331, -14.89917787120093884 ) ) ;
#7772 = CARTESIAN_POINT ( 'NONE',  ( -20.99999999999997868, 38.70306154330083359, 14.00000000000000178 ) ) ;
#7773 = ORIENTED_EDGE ( 'NONE', *, *, #4651, .T. ) ;
#7775 = DIRECTION ( 'NONE',  ( 0.000000000000000000, 0.000000000000000000, 1.000000000000000000 ) ) ;
#7774 = CARTESIAN_POINT ( 'NONE',  ( -27.14907309865519736, 14.77089705523736285, -1.331038670737469731 ) ) ;
#7776 = EDGE_CURVE ( 'NONE', #10356, #5264, #3120, .T. ) ;
#7777 = FACE_OUTER_BOUND ( 'NONE', #9149, .T. ) ;
#7778 = VERTEX_POINT ( 'NONE', #4819 ) ;
#7779 = VECTOR ( 'NONE', #11131, 1000.000000000000227 ) ;
#7780 = EDGE_CURVE ( 'NONE', #8290, #9370, #8969, .T. ) ;
#7781 = DIRECTION ( 'NONE',  ( -0.000000000000000000, 1.000000000000000000, -0.000000000000000000 ) ) ;
#7782 = AXIS2_PLACEMENT_3D ( 'NONE', #9492, #4188, #9216 ) ;
#7783 = ORIENTED_EDGE ( 'NONE', *, *, #10658, .T. ) ;
#7784 = DIRECTION ( 'NONE',  ( 1.000000000000000000, 0.000000000000000000, -1.652117596168387756E-16 ) ) ;
#7785 = AXIS2_PLACEMENT_3D ( 'NONE', #11538, #3543, #1620 ) ;
#7786 = ORIENTED_EDGE ( 'NONE', *, *, #1238, .T. ) ;
#7787 = ADVANCED_FACE ( 'NONE', ( #6726 ), #10304, .F. ) ;
#7788 = EDGE_CURVE ( 'NONE', #7445, #751, #5927, .T. ) ;
#7789 = CARTESIAN_POINT ( 'NONE',  ( -33.49999999999997158, 112.7499999999999858, 1.375000000000001776 ) ) ;
#7790 = CARTESIAN_POINT ( 'NONE',  ( -27.60000000000000853, 34.17412935516636452, -5.499999999999999112 ) ) ;
#7791 = VERTEX_POINT ( 'NONE', #6554 ) ;
#7792 = ADVANCED_FACE ( 'NONE', ( #1266 ), #8376, .T. ) ;
#7793 = CARTESIAN_POINT ( 'NONE',  ( -27.60000000000005116, 56.30306154330085633, -47.00000000000000000 ) ) ;
#7794 = LINE ( 'NONE', #10423, #722 ) ;
#7795 = ORIENTED_EDGE ( 'NONE', *, *, #6550, .F. ) ;
#7796 = DIRECTION ( 'NONE',  ( 0.000000000000000000, -1.000000000000000000, 0.000000000000000000 ) ) ;
#7797 = CARTESIAN_POINT ( 'NONE',  ( -22.91409095875213708, 1.036637206145470724, 22.89935023909614387 ) ) ;
#7798 = CARTESIAN_POINT ( 'NONE',  ( -34.16274169979692488, 100.9999999999999858, -3.499999999999993783 ) ) ;
#7799 = DIRECTION ( 'NONE',  ( 0.000000000000000000, 1.000000000000000000, -0.000000000000000000 ) ) ;
#7800 = FACE_OUTER_BOUND ( 'NONE', #3829, .T. ) ;
#7801 = AXIS2_PLACEMENT_3D ( 'NONE', #2760, #5459, #4573 ) ;
#7802 = ORIENTED_EDGE ( 'NONE', *, *, #3871, .F. ) ;
#7803 = ORIENTED_EDGE ( 'NONE', *, *, #3581, .T. ) ;
#7804 = DIRECTION ( 'NONE',  ( -0.7071067811865474617, -0.7071067811865474617, 0.000000000000000000 ) ) ;
#7805 = ORIENTED_EDGE ( 'NONE', *, *, #10926, .T. ) ;
#7806 = CARTESIAN_POINT ( 'NONE',  ( -24.25759156121604931, 1.164511127961072479, 22.07997641386410592 ) ) ;
#7807 = AXIS2_PLACEMENT_3D ( 'NONE', #6021, #1592, #8756 ) ;
#7808 = CARTESIAN_POINT ( 'NONE',  ( -27.60000000000004405, 52.37412935516633894, 5.500000000000005329 ) ) ;
#7809 = ADVANCED_FACE ( 'NONE', ( #10192 ), #1325, .F. ) ;
#7810 = CARTESIAN_POINT ( 'NONE',  ( -24.42547721083917267, 0.2332606061505091977, 20.95138069576599449 ) ) ;
#7811 = CARTESIAN_POINT ( 'NONE',  ( -27.09083954634438740, 64.04131992144888841, 14.00000000000000178 ) ) ;
#7812 = FACE_OUTER_BOUND ( 'NONE', #6403, .T. ) ;
#7813 = CARTESIAN_POINT ( 'NONE',  ( -23.99999999999998224, 80.90614708599618154, 4.263407659712983744 ) ) ;
#7814 =( BOUNDED_SURFACE ( )  B_SPLINE_SURFACE ( 3, 2, ( 
 ( #1927, #1180, #3633 ),
 ( #7230, #7179, #10756 ),
 ( #6528, #4667, #7344 ),
 ( #1986, #8171, #3856 ),
 ( #8286, #10105, #4732 ),
 ( #6472, #2748, #6413 ),
 ( #8116, #9225, #8226 ),
 ( #1236, #9987, #306 ),
 ( #9929, #247, #10921 ),
 ( #2101, #10051, #5561 ) ),
 .UNSPECIFIED., .F., .F., .F. ) 
 B_SPLINE_SURFACE_WITH_KNOTS ( ( 4, 2, 2, 2, 4 ),
 ( 3, 3 ),
 ( 0.006113825461789014828, 0.006518446430849179907, 0.006923067399909344985, 0.007327688368969510063, 0.007732309338029676009 ),
 ( 0.3126987739667782540, 1.000000000000000000 ),
 .UNSPECIFIED. ) 
 GEOMETRIC_REPRESENTATION_ITEM ( )  RATIONAL_B_SPLINE_SURFACE ( (
 ( 0.8741038035259458550, 0.7986941316126974222, 1.000000000000000000),
 ( 0.8765066448974809799, 0.8025362339354114027, 1.000000000000000000),
 ( 0.8786876662354767831, 0.8060236498122445026, 1.000000000000000000),
 ( 0.8817825142494670754, 0.8109722589396965997, 1.000000000000000000),
 ( 0.8826681385364341104, 0.8123883570518390940, 1.000000000000000000),
 ( 0.8826662152982724940, 0.8123852818268590958, 1.000000000000000000),
 ( 0.8817791054992967226, 0.8109668084063814675, 1.000000000000000000),
 ( 0.8786853644375698380, 0.8060199692766960577, 1.000000000000000000),
 ( 0.8765065783774699248, 0.8025361275710499731, 1.000000000000000000),
 ( 0.8741038035259454109, 0.7986941316126968671, 1.000000000000000000) ) ) 
 REPRESENTATION_ITEM ( '' )  SURFACE ( )  );
#7815 = ORIENTED_EDGE ( 'NONE', *, *, #8546, .F. ) ;
#7816 = EDGE_CURVE ( 'NONE', #3222, #2129, #130, .T. ) ;
#7817 = AXIS2_PLACEMENT_3D ( 'NONE', #8617, #6921, #540 ) ;
#7818 = CARTESIAN_POINT ( 'NONE',  ( -22.59999999999998366, 17.83199373143543198, 1.000000000000000888 ) ) ;
#7819 = VECTOR ( 'NONE', #8889, 1000.000000000000000 ) ;
#7820 = CARTESIAN_POINT ( 'NONE',  ( 16.56992757980552966, -37.49945344790946677, 24.50000000000000000 ) ) ;
#7821 = VERTEX_POINT ( 'NONE', #8432 ) ;
#7822 = EDGE_LOOP ( 'NONE', ( #1110, #4795, #6570, #6510 ) ) ;
#7823 = DIRECTION ( 'NONE',  ( -0.4383711467890782920, -0.8987940462991665935, 0.000000000000000000 ) ) ;
#7824 = CARTESIAN_POINT ( 'NONE',  ( -27.60000000000004405, 52.37412935516633894, -13.99999999999999645 ) ) ;
#7825 = CARTESIAN_POINT ( 'NONE',  ( -18.22085315352211410, -0.7965699110572612707, 25.87919223828679094 ) ) ;
#7826 = LINE ( 'NONE', #11391, #1168 ) ;
#7827 = EDGE_LOOP ( 'NONE', ( #4428, #10223, #4064, #9518 ) ) ;
#7828 = CARTESIAN_POINT ( 'NONE',  ( -25.33626004114814023, 11.63932158444907827, 1.836598379999070385 ) ) ;
#7829 = EDGE_CURVE ( 'NONE', #6751, #7948, #9996, .T. ) ;
#7830 = DIRECTION ( 'NONE',  ( -1.000000000000000000, 0.000000000000000000, 0.000000000000000000 ) ) ;
#7831 = CYLINDRICAL_SURFACE ( 'NONE', #6920, 1.600000000000007638 ) ;
#7832 = VERTEX_POINT ( 'NONE', #4943 ) ;
#7834 = CARTESIAN_POINT ( 'NONE',  ( -23.99999999999998934, 88.19122569133416789, -10.40121630914684481 ) ) ;
#7833 = CARTESIAN_POINT ( 'NONE',  ( -23.99999999999997158, 10.30306154330093094, -47.00000000000000000 ) ) ;
#7835 = LINE ( 'NONE', #7184, #5696 ) ;
#7836 = CARTESIAN_POINT ( 'NONE',  ( -33.37284752453797410, 64.62005467201780107, -19.99999999999996803 ) ) ;
#7837 = ORIENTED_EDGE ( 'NONE', *, *, #6494, .F. ) ;
#7838 = ORIENTED_EDGE ( 'NONE', *, *, #1317, .T. ) ;
#7839 = CARTESIAN_POINT ( 'NONE',  ( -26.02411907401664592, 79.84994088672972623, -15.59999999999998899 ) ) ;
#7840 = AXIS2_PLACEMENT_3D ( 'NONE', #4647, #6287, #9026 ) ;
#7841 = EDGE_CURVE ( 'NONE', #7091, #8442, #9732, .T. ) ;
#7842 = CARTESIAN_POINT ( 'NONE',  ( 16.56992757980552611, 0.000000000000000000, 27.00000000000000355 ) ) ;
#7843 = DIRECTION ( 'NONE',  ( -0.2588190451025141892, -0.000000000000000000, -0.9659258262890700886 ) ) ;
#7844 = CARTESIAN_POINT ( 'NONE',  ( -24.02728805556174052, 87.53177123587784081, -9.546930180234149077 ) ) ;
#7845 = ORIENTED_EDGE ( 'NONE', *, *, #1420, .F. ) ;
#7846 = ORIENTED_EDGE ( 'NONE', *, *, #9051, .T. ) ;
#7847 = CARTESIAN_POINT ( 'NONE',  ( -26.97028684189957914, 14.28242300105684315, -7.909456502674530931 ) ) ;
#7848 = EDGE_LOOP ( 'NONE', ( #10650, #4710, #7482, #950 ) ) ;
#7849 = CARTESIAN_POINT ( 'NONE',  ( -15.49999999999999467, 8.000000000000000000, -15.50000000000000533 ) ) ;
#7850 = LINE ( 'NONE', #5056, #657 ) ;
#7851 = DIRECTION ( 'NONE',  ( -0.7071067811865444641, -0.7071067811865505703, 0.000000000000000000 ) ) ;
#7852 = ORIENTED_EDGE ( 'NONE', *, *, #4059, .T. ) ;
#7853 = DIRECTION ( 'NONE',  ( 0.000000000000000000, 1.000000000000000000, 0.000000000000000000 ) ) ;
#7854 = CARTESIAN_POINT ( 'NONE',  ( -28.37589017247776368, 1.109854595510884279, 20.01654743829553240 ) ) ;
#7855 = DIRECTION ( 'NONE',  ( 0.5000000000000002220, 0.8660254037844384856, 0.000000000000000000 ) ) ;
#7856 = CARTESIAN_POINT ( 'NONE',  ( -21.24999708661760067, 8.000589839559824057, -3.900000000000005240 ) ) ;
#7857 = ORIENTED_EDGE ( 'NONE', *, *, #288, .T. ) ;
#7858 = ADVANCED_FACE ( 'NONE', ( #1735 ), #8781, .F. ) ;
#7859 = EDGE_CURVE ( 'NONE', #10366, #11411, #5114, .T. ) ;
#7860 = ORIENTED_EDGE ( 'NONE', *, *, #9135, .T. ) ;
#7861 = ADVANCED_FACE ( 'NONE', ( #11534 ), #8838, .T. ) ;
#7862 = ORIENTED_EDGE ( 'NONE', *, *, #6345, .T. ) ;
#7863 = CARTESIAN_POINT ( 'NONE',  ( -26.24742796083467056, 1.524743884168227925, 21.32414778204037731 ) ) ;
#7864 = ADVANCED_FACE ( 'NONE', ( #693 ), #11357, .F. ) ;
#7865 = EDGE_LOOP ( 'NONE', ( #3154, #8961, #5204, #9729 ) ) ;
#7866 = CARTESIAN_POINT ( 'NONE',  ( -27.83211759118777451, 0.9509304711809420940, 20.06638785291378824 ) ) ;
#7867 = CARTESIAN_POINT ( 'NONE',  ( -20.99999999999999289, 27.26042085618161082, 12.00000000000000178 ) ) ;
#7868 = CARTESIAN_POINT ( 'NONE',  ( -26.13553390593274628, 39.56752763736815126, 5.500000000000005329 ) ) ;
#7869 = FACE_OUTER_BOUND ( 'NONE', #3508, .T. ) ;
#7870 = LINE ( 'NONE', #828, #8502 ) ;
#7871 = VERTEX_POINT ( 'NONE', #7729 ) ;
#7872 = EDGE_CURVE ( 'NONE', #4418, #5446, #3660, .T. ) ;
#7873 = B_SPLINE_CURVE_WITH_KNOTS ( 'NONE', 3,
 ( #4541, #1104, #223, #3776 ),
 .UNSPECIFIED., .F., .F.,
 ( 4, 4 ),
 ( 0.000000000000000000, 0.002626471643539445271 ),
 .UNSPECIFIED. ) ;
#7874 = VECTOR ( 'NONE', #7883, 1000.000000000000000 ) ;
#7875 = ORIENTED_EDGE ( 'NONE', *, *, #442, .F. ) ;
#7876 = VECTOR ( 'NONE', #10273, 1000.000000000000000 ) ;
#7877 = ORIENTED_EDGE ( 'NONE', *, *, #9892, .F. ) ;
#7878 = LINE ( 'NONE', #8688, #2467 ) ;
#7879 = CARTESIAN_POINT ( 'NONE',  ( -34.16274169979693198, 89.25000000000000000, -2.974999999999995204 ) ) ;
#7880 = VERTEX_POINT ( 'NONE', #7081 ) ;
#7881 = ADVANCED_FACE ( 'NONE', ( #10417 ), #10653, .F. ) ;
#7882 = DIRECTION ( 'NONE',  ( -1.000000000000000000, 0.000000000000000000, 0.000000000000000000 ) ) ;
#7883 = DIRECTION ( 'NONE',  ( 1.652117596168388002E-16, 0.000000000000000000, 1.000000000000000000 ) ) ;
#7884 = FACE_OUTER_BOUND ( 'NONE', #5605, .T. ) ;
#7885 = VERTEX_POINT ( 'NONE', #4350 ) ;
#7886 = CARTESIAN_POINT ( 'NONE',  ( -26.52537696864643380, 13.33409845592774445, 1.561695074691656693 ) ) ;
#7887 = CIRCLE ( 'NONE', #3627, 5.000000000000000888 ) ;
#7888 = CIRCLE ( 'NONE', #8252, 3.500000000000055067 ) ;
#7889 = ORIENTED_EDGE ( 'NONE', *, *, #6668, .T. ) ;
#7890 = DIRECTION ( 'NONE',  ( 1.652117596168388002E-16, 3.387343054164791128E-16, 1.000000000000000000 ) ) ;
#7891 = AXIS2_PLACEMENT_3D ( 'NONE', #4136, #9637, #6918 ) ;
#7892 = CARTESIAN_POINT ( 'NONE',  ( -25.69023952485963136, 80.53449540899116244, -18.54573266377298779 ) ) ;
#7893 = ORIENTED_EDGE ( 'NONE', *, *, #4935, .F. ) ;
#7894 = VECTOR ( 'NONE', #2957, 1000.000000000000000 ) ;
#7895 = CYLINDRICAL_SURFACE ( 'NONE', #8091, 4.242640687119314968 ) ;
#7896 = VECTOR ( 'NONE', #8073, 1000.000000000000000 ) ;
#7897 = EDGE_CURVE ( 'NONE', #1968, #7680, #10737, .T. ) ;
#7898 = FACE_OUTER_BOUND ( 'NONE', #8499, .T. ) ;
#7899 = CARTESIAN_POINT ( 'NONE',  ( -26.13553390593274628, 39.56752763736815126, -1.000000000000000888 ) ) ;
#7900 = ORIENTED_EDGE ( 'NONE', *, *, #4579, .T. ) ;
#7901 = FACE_BOUND ( 'NONE', #7391, .T. ) ;
#7902 = AXIS2_PLACEMENT_3D ( 'NONE', #9438, #2479, #2423 ) ;
#7903 = AXIS2_PLACEMENT_3D ( 'NONE', #5003, #9496, #8555 ) ;
#7904 = AXIS2_PLACEMENT_3D ( 'NONE', #6430, #2003, #10939 ) ;
#7905 = CARTESIAN_POINT ( 'NONE',  ( 20.99999999999999645, 6.999999999999971578, 16.56992757980552966 ) ) ;
#7906 = DIRECTION ( 'NONE',  ( -1.000000000000000000, 0.000000000000000000, 0.000000000000000000 ) ) ;
#7907 = LINE ( 'NONE', #9675, #10920 ) ;
#7908 = EDGE_LOOP ( 'NONE', ( #4248, #5717, #11081, #10540 ) ) ;
#7909 = CARTESIAN_POINT ( 'NONE',  ( -34.16274169979693198, 110.4999999999999858, -2.974999999999994760 ) ) ;
#7910 = DIRECTION ( 'NONE',  ( 0.000000000000000000, 0.000000000000000000, 1.000000000000000000 ) ) ;
#7911 = VERTEX_POINT ( 'NONE', #4416 ) ;
#7912 = DIRECTION ( 'NONE',  ( 0.000000000000000000, 0.000000000000000000, 1.000000000000000000 ) ) ;
#7913 = AXIS2_PLACEMENT_3D ( 'NONE', #315, #8784, #8902 ) ;
#7914 = CARTESIAN_POINT ( 'NONE',  ( -35.99999999999999289, 100.9999999999999858, 5.725578741281170530E-15 ) ) ;
#7915 = CARTESIAN_POINT ( 'NONE',  ( -22.60000000000004761, 54.23199373143538793, 7.500000000000000000 ) ) ;
#7916 = EDGE_LOOP ( 'NONE', ( #6961, #2629, #58, #1531 ) ) ;
#7917 = LINE ( 'NONE', #2369, #8257 ) ;
#7918 = CARTESIAN_POINT ( 'NONE',  ( -26.20294736694237514, 0.5467063164492023120, 20.35644146271743082 ) ) ;
#7919 = DIRECTION ( 'NONE',  ( -1.000000000000000000, 0.000000000000000000, 0.000000000000000000 ) ) ;
#7920 = EDGE_CURVE ( 'NONE', #6048, #10127, #3301, .T. ) ;
#7921 = ORIENTED_EDGE ( 'NONE', *, *, #10208, .F. ) ;
#7922 = ORIENTED_EDGE ( 'NONE', *, *, #5519, .F. ) ;
#7923 = CIRCLE ( 'NONE', #4386, 36.00000000000003553 ) ;
#7924 = AXIS2_PLACEMENT_3D ( 'NONE', #10392, #11269, #2390 ) ;
#7925 = VERTEX_POINT ( 'NONE', #7970 ) ;
#7926 = ORIENTED_EDGE ( 'NONE', *, *, #10072, .T. ) ;
#7927 = CARTESIAN_POINT ( 'NONE',  ( -34.16274169979692488, 100.9999999999999858, 5.422042064633977679E-15 ) ) ;
#7928 = VERTEX_POINT ( 'NONE', #11477 ) ;
#7929 = EDGE_CURVE ( 'NONE', #720, #8951, #2651, .T. ) ;
#7930 = CARTESIAN_POINT ( 'NONE',  ( -19.64284886039479971, 64.26021268290610067, -0.9999999999999983347 ) ) ;
#7931 = DIRECTION ( 'NONE',  ( -1.000000000000000000, 0.000000000000000000, 0.000000000000000000 ) ) ;
#7932 = VECTOR ( 'NONE', #9192, 1000.000000000000000 ) ;
#7933 = EDGE_CURVE ( 'NONE', #11443, #3952, #2703, .T. ) ;
#7934 = ADVANCED_FACE ( 'NONE', ( #2416 ), #5985, .F. ) ;
#7935 = AXIS2_PLACEMENT_3D ( 'NONE', #5053, #3356, #3121 ) ;
#7936 = LINE ( 'NONE', #10621, #8072 ) ;
#7937 = CARTESIAN_POINT ( 'NONE',  ( -27.59999999999998721, 17.63098360465878400, 7.500000000000002665 ) ) ;
#7938 = VERTEX_POINT ( 'NONE', #5177 ) ;
#7939 = ADVANCED_FACE ( 'NONE', ( #1677 ), #8717, .F. ) ;
#7940 = AXIS2_PLACEMENT_3D ( 'NONE', #7909, #3478, #6155 ) ;
#7941 = ORIENTED_EDGE ( 'NONE', *, *, #10917, .T. ) ;
#7942 = DIRECTION ( 'NONE',  ( 0.000000000000000000, 0.000000000000000000, -1.000000000000000000 ) ) ;
#7943 = LINE ( 'NONE', #8806, #9925 ) ;
#7944 = ADVANCED_FACE ( 'NONE', ( #266 ), #1845, .F. ) ;
#7945 = LINE ( 'NONE', #3735, #331 ) ;
#7946 = CARTESIAN_POINT ( 'NONE',  ( -27.60000000000000853, 34.17412935516636452, 12.00000000000000178 ) ) ;
#7947 = VECTOR ( 'NONE', #10162, 1000.000000000000000 ) ;
#7948 = VERTEX_POINT ( 'NONE', #5581 ) ;
#7949 = LINE ( 'NONE', #1651, #8362 ) ;
#7950 = VECTOR ( 'NONE', #8078, 1000.000000000000000 ) ;
#7951 = CONICAL_SURFACE ( 'NONE', #5357, 24.00000000000005684, 0.7853981633974275178 ) ;
#7952 = ORIENTED_EDGE ( 'NONE', *, *, #4721, .F. ) ;
#7953 = CARTESIAN_POINT ( 'NONE',  ( -23.99999999999998579, 23.50306154330088759, -47.00000000000000000 ) ) ;
#7954 = CARTESIAN_POINT ( 'NONE',  ( -24.67811062549459322, 83.39905656516901900, -18.50718211052096507 ) ) ;
#7955 = ORIENTED_EDGE ( 'NONE', *, *, #9003, .F. ) ;
#7956 = VECTOR ( 'NONE', #5635, 1000.000000000000000 ) ;
#7957 = CARTESIAN_POINT ( 'NONE',  ( -35.99999999999999289, 51.31596721165377062, 19.99999999999982592 ) ) ;
#7958 = LINE ( 'NONE', #11523, #665 ) ;
#7959 = FACE_OUTER_BOUND ( 'NONE', #2190, .T. ) ;
#7960 = VERTEX_POINT ( 'NONE', #7302 ) ;
#7961 = ORIENTED_EDGE ( 'NONE', *, *, #1842, .T. ) ;
#7962 = DIRECTION ( 'NONE',  ( 0.000000000000000000, 0.000000000000000000, 1.000000000000000000 ) ) ;
#7963 = EDGE_CURVE ( 'NONE', #6398, #3299, #687, .T. ) ;
#7964 = EDGE_CURVE ( 'NONE', #6911, #182, #1608, .T. ) ;
#7965 = DIRECTION ( 'NONE',  ( 1.000000000000000000, 0.000000000000000000, -1.486905836551548832E-16 ) ) ;
#7966 = CARTESIAN_POINT ( 'NONE',  ( 20.00000000000003553, 0.000000000000000000, 16.56992757980552966 ) ) ;
#7967 = AXIS2_PLACEMENT_3D ( 'NONE', #4781, #8396, #2098 ) ;
#7968 = ORIENTED_EDGE ( 'NONE', *, *, #11141, .F. ) ;
#7969 = VERTEX_POINT ( 'NONE', #9120 ) ;
#7970 = CARTESIAN_POINT ( 'NONE',  ( -20.99999999999998934, 45.46042085618157103, 7.500000000000002665 ) ) ;
#7971 = VECTOR ( 'NONE', #7335, 1000.000000000000000 ) ;
#7972 = ORIENTED_EDGE ( 'NONE', *, *, #8385, .F. ) ;
#7973 = LINE ( 'NONE', #698, #5382 ) ;
#7974 = ORIENTED_EDGE ( 'NONE', *, *, #8357, .F. ) ;
#7975 = CARTESIAN_POINT ( 'NONE',  ( -16.56488701147627651, 6.999999999999833022, 27.00000000000000355 ) ) ;
#7976 = CARTESIAN_POINT ( 'NONE',  ( -26.08225434142726229, 7.740692815995382503, 21.36987984937657714 ) ) ;
#7977 = ORIENTED_EDGE ( 'NONE', *, *, #10002, .F. ) ;
#7978 = AXIS2_PLACEMENT_3D ( 'NONE', #5996, #10552, #7739 ) ;
#7979 = ORIENTED_EDGE ( 'NONE', *, *, #9542, .T. ) ;
#7980 = EDGE_CURVE ( 'NONE', #9459, #7198, #3653, .T. ) ;
#7981 = ORIENTED_EDGE ( 'NONE', *, *, #2030, .F. ) ;
#7982 = VECTOR ( 'NONE', #9847, 1000.000000000000000 ) ;
#7983 = ORIENTED_EDGE ( 'NONE', *, *, #1520, .F. ) ;
#7984 = CARTESIAN_POINT ( 'NONE',  ( -23.29088880158955277, 1.063287794481627913, 22.63984152951248774 ) ) ;
#7985 = ORIENTED_EDGE ( 'NONE', *, *, #1925, .T. ) ;
#7986 = LINE ( 'NONE', #3553, #5656 ) ;
#7987 = CARTESIAN_POINT ( 'NONE',  ( -20.99999999999998934, 45.46042085618157103, -13.99999999999999645 ) ) ;
#7988 = VECTOR ( 'NONE', #2411, 1000.000000000000000 ) ;
#7989 = FACE_BOUND ( 'NONE', #10738, .T. ) ;
#7990 = LINE ( 'NONE', #9626, #4894 ) ;
#7991 = DIRECTION ( 'NONE',  ( -0.7071067811865425767, 0.7071067811865525687, 0.000000000000000000 ) ) ;
#7992 = ORIENTED_EDGE ( 'NONE', *, *, #6922, .T. ) ;
#7993 = ORIENTED_EDGE ( 'NONE', *, *, #8789, .T. ) ;
#7994 = EDGE_CURVE ( 'NONE', #11351, #3769, #1032, .T. ) ;
#7995 = ORIENTED_EDGE ( 'NONE', *, *, #6202, .T. ) ;
#7996 = VERTEX_POINT ( 'NONE', #3589 ) ;
#7997 = LINE ( 'NONE', #2388, #7496 ) ;
#7998 = CARTESIAN_POINT ( 'NONE',  ( 0.000000000000000000, -3.500000000000000000, 24.50000000000000000 ) ) ;
#7999 = LINE ( 'NONE', #10172, #6380 ) ;
#8000 = CARTESIAN_POINT ( 'NONE',  ( -42.39999999999999147, 110.4999999999999858, 1.375000000000003775 ) ) ;
#8001 = CARTESIAN_POINT ( 'NONE',  ( 34.00000000000000000, 35.86424652399214352, -4.873524137450114805E-15 ) ) ;
#8002 = ADVANCED_FACE ( 'NONE', ( #4687 ), #1790, .F. ) ;
#8003 = CARTESIAN_POINT ( 'NONE',  ( -33.49999999999997158, 110.4999999999999858, 5.947912241876326607E-15 ) ) ;
#8004 = AXIS2_PLACEMENT_3D ( 'NONE', #8152, #10675, #7102 ) ;
#8005 = AXIS2_PLACEMENT_3D ( 'NONE', #2697, #6145, #9721 ) ;
#8006 = VERTEX_POINT ( 'NONE', #6271 ) ;
#8007 = EDGE_CURVE ( 'NONE', #7144, #10588, #7193, .T. ) ;
#8008 = ADVANCED_FACE ( 'NONE', ( #10943 ), #9810, .T. ) ;
#8009 = EDGE_CURVE ( 'NONE', #11433, #168, #8131, .T. ) ;
#8010 = DIRECTION ( 'NONE',  ( 0.8365871479762864160, 0.5478338651825963579, -0.000000000000000000 ) ) ;
#8011 = CARTESIAN_POINT ( 'NONE',  ( -35.04847899178567872, 61.82178482703555034, -20.59610329491848546 ) ) ;
#8012 = ORIENTED_EDGE ( 'NONE', *, *, #3158, .T. ) ;
#8013 = DIRECTION ( 'NONE',  ( 0.000000000000000000, 0.000000000000000000, 1.000000000000000000 ) ) ;
#8014 = LINE ( 'NONE', #3400, #3582 ) ;
#8015 = DIRECTION ( 'NONE',  ( -0.000000000000000000, -0.000000000000000000, 1.000000000000000000 ) ) ;
#8016 = CARTESIAN_POINT ( 'NONE',  ( -22.01822538210326030, 8.321286925404237422, -9.023133604651460971 ) ) ;
#8017 = LINE ( 'NONE', #7899, #13 ) ;
#8018 = ORIENTED_EDGE ( 'NONE', *, *, #11050, .F. ) ;
#8019 = LINE ( 'NONE', #974, #9862 ) ;
#8020 = CARTESIAN_POINT ( 'NONE',  ( -22.77561206912259095, 9.078673612423555639, 4.162931255286591359 ) ) ;
#8021 = DIRECTION ( 'NONE',  ( -0.000000000000000000, 1.000000000000000000, -0.000000000000000000 ) ) ;
#8022 = CARTESIAN_POINT ( 'NONE',  ( -34.16274169979691067, 112.7499999999999858, 5.644086669559000309E-15 ) ) ;
#8023 = ORIENTED_EDGE ( 'NONE', *, *, #8862, .T. ) ;
#8024 = CARTESIAN_POINT ( 'NONE',  ( -35.04847899178546555, 61.82178482703734090, 20.59610329491869507 ) ) ;
#8025 = FACE_OUTER_BOUND ( 'NONE', #6102, .T. ) ;
#8026 = EDGE_CURVE ( 'NONE', #9048, #2901, #2903, .T. ) ;
#8027 = AXIS2_PLACEMENT_3D ( 'NONE', #2247, #6507, #1159 ) ;
#8028 = ORIENTED_EDGE ( 'NONE', *, *, #7743, .F. ) ;
#8029 = CYLINDRICAL_SURFACE ( 'NONE', #3980, 3.499999999999999556 ) ;
#8030 = CARTESIAN_POINT ( 'NONE',  ( -25.77548155651212625, 1.420769416873650437, 21.46107193038822203 ) ) ;
#8031 = CARTESIAN_POINT ( 'NONE',  ( -28.77809044707268171, 9.017821736325839055, 21.00000000000000000 ) ) ;
#8032 = VERTEX_POINT ( 'NONE', #6434 ) ;
#8033 = ORIENTED_EDGE ( 'NONE', *, *, #2733, .T. ) ;
#8034 = ORIENTED_EDGE ( 'NONE', *, *, #4651, .F. ) ;
#8035 = VERTEX_POINT ( 'NONE', #2705 ) ;
#8036 = ORIENTED_EDGE ( 'NONE', *, *, #164, .F. ) ;
#8037 = DIRECTION ( 'NONE',  ( 0.000000000000000000, 0.000000000000000000, 1.000000000000000000 ) ) ;
#8038 = ORIENTED_EDGE ( 'NONE', *, *, #7354, .F. ) ;
#8039 = EDGE_CURVE ( 'NONE', #8683, #8836, #158, .T. ) ;
#8040 = CARTESIAN_POINT ( 'NONE',  ( -23.99999999999998934, 83.99999999999998579, -15.59999999999998899 ) ) ;
#8041 = DIRECTION ( 'NONE',  ( 1.000000000000000000, 1.379656123914496162E-15, -0.000000000000000000 ) ) ;
#8042 = DIRECTION ( 'NONE',  ( 0.000000000000000000, 0.000000000000000000, 1.000000000000000000 ) ) ;
#8043 = FACE_OUTER_BOUND ( 'NONE', #10827, .T. ) ;
#8044 = ORIENTED_EDGE ( 'NONE', *, *, #2504, .F. ) ;
#8045 = ORIENTED_EDGE ( 'NONE', *, *, #7339, .F. ) ;
#8046 = ORIENTED_EDGE ( 'NONE', *, *, #1852, .F. ) ;
#8047 = DIRECTION ( 'NONE',  ( 1.652117596168388002E-16, 3.387343054164791128E-16, 1.000000000000000000 ) ) ;
#8048 = LINE ( 'NONE', #1865, #5527 ) ;
#8049 = DIRECTION ( 'NONE',  ( -1.652117596168388002E-16, 2.975747962828892757E-32, -1.000000000000000000 ) ) ;
#8050 = AXIS2_PLACEMENT_3D ( 'NONE', #3747, #9054, #4738 ) ;
#8051 = CARTESIAN_POINT ( 'NONE',  ( -64.05715113960525287, 68.56021268290588466, 1.000000000000001776 ) ) ;
#8052 = CARTESIAN_POINT ( 'NONE',  ( -22.59999999999998366, 17.83199373143543198, 5.500000000000005329 ) ) ;
#8053 = CARTESIAN_POINT ( 'NONE',  ( -21.84032041970592886, 8.214066791885558771, 2.548961939630141060 ) ) ;
#8054 = ADVANCED_FACE ( 'NONE', ( #105 ), #9787, .F. ) ;
#8055 = CARTESIAN_POINT ( 'NONE',  ( -36.00000000000000000, 22.99999999999999289, -9.099999999999996092 ) ) ;
#8056 = VECTOR ( 'NONE', #417, 1000.000000000000114 ) ;
#8057 = EDGE_LOOP ( 'NONE', ( #1898, #2666, #3507, #102 ) ) ;
#8058 = UNCERTAINTY_MEASURE_WITH_UNIT (LENGTH_MEASURE( 1.000000000000000082E-05 ), #5608, 'distance_accuracy_value', 'NONE');
#8059 = DIRECTION ( 'NONE',  ( 1.000000000000000000, 0.000000000000000000, 0.000000000000000000 ) ) ;
#8060 = ORIENTED_EDGE ( 'NONE', *, *, #9654, .F. ) ;
#8061 = CARTESIAN_POINT ( 'NONE',  ( -24.46590331066556701, 7.289520289885490278, 21.97599665929022095 ) ) ;
#8062 = CARTESIAN_POINT ( 'NONE',  ( -20.99999999999998934, 31.50306154330093023, -13.99999999999999645 ) ) ;
#8063 = CARTESIAN_POINT ( 'NONE',  ( -26.02411907401664237, 79.84994088672972623, -18.56828593791803428 ) ) ;
#8064 = ORIENTED_EDGE ( 'NONE', *, *, #11147, .T. ) ;
#8065 = CIRCLE ( 'NONE', #3032, 4.242640687119280329 ) ;
#8066 = CARTESIAN_POINT ( 'NONE',  ( -20.99999999999998224, 49.70306154330096859, -0.9999999999999974465 ) ) ;
#8067 = ORIENTED_EDGE ( 'NONE', *, *, #7620, .T. ) ;
#8068 = ADVANCED_FACE ( 'NONE', ( #2009 ), #2767, .F. ) ;
#8069 = CARTESIAN_POINT ( 'NONE',  ( -21.70709447113338442, 0.9999999999999453770, 23.92886035298547043 ) ) ;
#8070 = ADVANCED_FACE ( 'NONE', ( #979 ), #923, .F. ) ;
#8071 = AXIS2_PLACEMENT_3D ( 'NONE', #3026, #10214, #7452 ) ;
#8072 = VECTOR ( 'NONE', #9753, 1000.000000000000000 ) ;
#8073 = DIRECTION ( 'NONE',  ( -0.000000000000000000, 0.000000000000000000, -1.000000000000000000 ) ) ;
#8074 = AXIS2_PLACEMENT_3D ( 'NONE', #1610, #3843, #6513 ) ;
#8075 = CARTESIAN_POINT ( 'NONE',  ( -26.13553390593274273, 30.63859544923362677, -13.99999999999999645 ) ) ;
#8076 = ORIENTED_EDGE ( 'NONE', *, *, #5777, .T. ) ;
#8077 = CARTESIAN_POINT ( 'NONE',  ( -34.16274169979693909, 112.7499999999999858, 1.375000000000001998 ) ) ;
#8078 = DIRECTION ( 'NONE',  ( -0.000000000000000000, 0.000000000000000000, -1.000000000000000000 ) ) ;
#8079 = B_SPLINE_CURVE_WITH_KNOTS ( 'NONE', 3,
 ( #7028, #8024, #3591, #6107 ),
 .UNSPECIFIED., .F., .F.,
 ( 4, 4 ),
 ( 0.000000000000000000, 0.004970412778030459944 ),
 .UNSPECIFIED. ) ;
#8080 = VERTEX_POINT ( 'NONE', #2813 ) ;
#8081 = CYLINDRICAL_SURFACE ( 'NONE', #2721, 4.242640687119346055 ) ;
#8082 = CIRCLE ( 'NONE', #7514, 18.49999999999998224 ) ;
#8083 = ADVANCED_FACE ( 'NONE', ( #6371 ), #5865, .F. ) ;
#8084 = CARTESIAN_POINT ( 'NONE',  ( -17.92628639851119488, -1.111615824735048497, 25.95710321174586355 ) ) ;
#8085 = CIRCLE ( 'NONE', #5857, 1.600000000000002531 ) ;
#8086 = CARTESIAN_POINT ( 'NONE',  ( -20.99999999999998579, 7.999999999999992895, 23.22174126187870513 ) ) ;
#8087 = ORIENTED_EDGE ( 'NONE', *, *, #3506, .T. ) ;
#8088 = VERTEX_POINT ( 'NONE', #3171 ) ;
#8089 = ORIENTED_EDGE ( 'NONE', *, *, #5229, .T. ) ;
#8090 = ADVANCED_FACE ( 'NONE', ( #381 ), #10291, .F. ) ;
#8091 = AXIS2_PLACEMENT_3D ( 'NONE', #734, #8013, #3345 ) ;
#8092 = ORIENTED_EDGE ( 'NONE', *, *, #5333, .T. ) ;
#8093 = AXIS2_PLACEMENT_3D ( 'NONE', #3418, #5000, #518 ) ;
#8094 = DIRECTION ( 'NONE',  ( 1.652117596168388002E-16, 0.000000000000000000, 1.000000000000000000 ) ) ;
#8095 = CARTESIAN_POINT ( 'NONE',  ( -20.99999999999999289, 27.26042085618161082, -11.99999999999999645 ) ) ;
#8096 = FACE_OUTER_BOUND ( 'NONE', #10282, .T. ) ;
#8097 = DIRECTION ( 'NONE',  ( 0.000000000000000000, -1.000000000000000000, 0.000000000000000000 ) ) ;
#8098 = CARTESIAN_POINT ( 'NONE',  ( -27.09083954634443359, 64.04131992144891683, 1.000000000000001776 ) ) ;
#8099 = EDGE_LOOP ( 'NONE', ( #3931, #9124, #2904, #3560 ) ) ;
#8100 = AXIS2_PLACEMENT_3D ( 'NONE', #11402, #5282, #10698 ) ;
#8101 = ORIENTED_EDGE ( 'NONE', *, *, #6996, .F. ) ;
#8102 = EDGE_CURVE ( 'NONE', #8442, #4284, #2290, .T. ) ;
#8103 = EDGE_CURVE ( 'NONE', #1855, #9213, #8125, .T. ) ;
#8104 = VERTEX_POINT ( 'NONE', #8366 ) ;
#8105 = CARTESIAN_POINT ( 'NONE',  ( -22.16561135359184220, 8.468672896892817548, -15.48692574595542304 ) ) ;
#8106 = AXIS2_PLACEMENT_3D ( 'NONE', #3319, #8795, #10615 ) ;
#8107 = DIRECTION ( 'NONE',  ( 1.000000000000000000, -4.319837007227158624E-17, 0.000000000000000000 ) ) ;
#8108 = CARTESIAN_POINT ( 'NONE',  ( -20.99999999999998934, 45.46042085618157103, 5.500000000000002665 ) ) ;
#8109 = AXIS2_PLACEMENT_3D ( 'NONE', #10193, #391, #9316 ) ;
#8110 = CARTESIAN_POINT ( 'NONE',  ( -27.60000000000001563, 38.10306154330088191, -47.00000000000000000 ) ) ;
#8111 = CARTESIAN_POINT ( 'NONE',  ( -26.02411907401664592, 79.84994088672972623, -9.099999999999997868 ) ) ;
#8112 = CARTESIAN_POINT ( 'NONE',  ( -22.09190783115894163, 8.394969374459916978, 2.505032263819359173 ) ) ;
#8113 = CARTESIAN_POINT ( 'NONE',  ( -27.59999999999998721, 17.63098360465878400, 1.000000000000001776 ) ) ;
#8114 = EDGE_LOOP ( 'NONE', ( #10922, #3454 ) ) ;
#8115 = AXIS2_PLACEMENT_3D ( 'NONE', #10412, #4417, #7065 ) ;
#8116 = CARTESIAN_POINT ( 'NONE',  ( -9.087430303572595847, -1.779160340301259469, 24.05225482390436653 ) ) ;
#8117 = DIRECTION ( 'NONE',  ( 1.000000000000000000, 0.000000000000000000, -0.000000000000000000 ) ) ;
#8118 = ORIENTED_EDGE ( 'NONE', *, *, #1498, .F. ) ;
#8119 = CARTESIAN_POINT ( 'NONE',  ( -26.13553390593274628, 39.56752763736815126, -5.499999999999999112 ) ) ;
#8120 = FACE_OUTER_BOUND ( 'NONE', #915, .T. ) ;
#8121 = DIRECTION ( 'NONE',  ( 0.000000000000000000, -1.000000000000000000, 0.000000000000000000 ) ) ;
#8122 = DIRECTION ( 'NONE',  ( 0.000000000000000000, 0.000000000000000000, 1.000000000000000000 ) ) ;
#8123 = EDGE_CURVE ( 'NONE', #4120, #9413, #1366, .T. ) ;
#8124 = AXIS2_PLACEMENT_3D ( 'NONE', #2036, #1915, #1225 ) ;
#8125 = CIRCLE ( 'NONE', #1246, 1.700000000000000178 ) ;
#8126 = CARTESIAN_POINT ( 'NONE',  ( -21.45807374258842515, 8.043111923418949871, -10.41001725519488019 ) ) ;
#8127 = EDGE_CURVE ( 'NONE', #9306, #2944, #10378, .T. ) ;
#8128 = CARTESIAN_POINT ( 'NONE',  ( -24.04774182467028254, 87.23627957273180300, 9.100000000000017408 ) ) ;
#8129 = CARTESIAN_POINT ( 'NONE',  ( -43.00000000000000000, 100.9999999999999858, 6.882061058599042452E-15 ) ) ;
#8130 = EDGE_CURVE ( 'NONE', #8032, #8683, #6719, .T. ) ;
#8131 = LINE ( 'NONE', #10822, #8313 ) ;
#8132 = DIRECTION ( 'NONE',  ( 0.000000000000000000, 0.000000000000000000, 1.000000000000000000 ) ) ;
#8133 = DIRECTION ( 'NONE',  ( -0.000000000000000000, -0.000000000000000000, -1.000000000000000000 ) ) ;
#8134 = CARTESIAN_POINT ( 'NONE',  ( -20.99999999999998934, 31.50306154330093023, -0.9999999999999974465 ) ) ;
#8135 = CARTESIAN_POINT ( 'NONE',  ( -26.72244199387711561, 9.130176414325269718, 20.12256862645147493 ) ) ;
#8136 = EDGE_LOOP ( 'NONE', ( #7666, #8012, #583, #8444 ) ) ;
#8137 = VECTOR ( 'NONE', #7991, 999.9999999999998863 ) ;
#8138 = EDGE_LOOP ( 'NONE', ( #466, #11525, #7376, #3577 ) ) ;
#8139 = AXIS2_PLACEMENT_3D ( 'NONE', #653, #8957, #592 ) ;
#8140 = EDGE_CURVE ( 'NONE', #1662, #4861, #894, .T. ) ;
#8141 = EDGE_CURVE ( 'NONE', #10491, #7013, #7660, .T. ) ;
#8142 = ORIENTED_EDGE ( 'NONE', *, *, #6252, .T. ) ;
#8143 = AXIS2_PLACEMENT_3D ( 'NONE', #7224, #8807, #9875 ) ;
#8144 = ADVANCED_FACE ( 'NONE', ( #7601 ), #7538, .F. ) ;
#8145 = ORIENTED_EDGE ( 'NONE', *, *, #4639, .T. ) ;
#8146 = CARTESIAN_POINT ( 'NONE',  ( -22.60000000000004761, 54.23199373143538793, -13.99999999999999822 ) ) ;
#8147 = LINE ( 'NONE', #6387, #4247 ) ;
#8148 = CARTESIAN_POINT ( 'NONE',  ( -32.49999999999998579, 100.9999999999999858, 16.50000000000000355 ) ) ;
#8149 = CARTESIAN_POINT ( 'NONE',  ( -20.99999999999998934, 24.74570223042017503, 7.500000000000002665 ) ) ;
#8150 = AXIS2_PLACEMENT_3D ( 'NONE', #1626, #8727, #11251 ) ;
#8151 = EDGE_CURVE ( 'NONE', #573, #3769, #11173, .T. ) ;
#8152 = CARTESIAN_POINT ( 'NONE',  ( -1.000000000000000666, 51.31596721165375641, -19.99999999999997158 ) ) ;
#8153 = CARTESIAN_POINT ( 'NONE',  ( 15.50000000000000355, 8.000000000000000000, -15.49999999999999467 ) ) ;
#8154 = AXIS2_PLACEMENT_3D ( 'NONE', #9122, #9954, #3593 ) ;
#8155 = ORIENTED_EDGE ( 'NONE', *, *, #2438, .F. ) ;
#8156 = B_SPLINE_CURVE_WITH_KNOTS ( 'NONE', 3,
 ( #8404, #4151, #11336, #8571, #9346, #11211 ),
 .UNSPECIFIED., .F., .F.,
 ( 4, 2, 4 ),
 ( 0.000000000000000000, 0.004673965940421917833, 0.009347931880843835667 ),
 .UNSPECIFIED. ) ;
#8157 = EDGE_LOOP ( 'NONE', ( #11125, #6061, #7661, #113 ) ) ;
#8158 = ORIENTED_EDGE ( 'NONE', *, *, #1874, .F. ) ;
#8159 = ORIENTED_EDGE ( 'NONE', *, *, #10643, .F. ) ;
#8160 = ORIENTED_EDGE ( 'NONE', *, *, #6698, .F. ) ;
#8161 = FACE_OUTER_BOUND ( 'NONE', #9448, .T. ) ;
#8162 = AXIS2_PLACEMENT_3D ( 'NONE', #9292, #2113, #1417 ) ;
#8163 = PLANE ( 'NONE',  #8498 ) ;
#8164 = DIRECTION ( 'NONE',  ( 1.734723475976807489E-15, -1.000000000000000000, 0.000000000000000000 ) ) ;
#8165 = ORIENTED_EDGE ( 'NONE', *, *, #5385, .T. ) ;
#8166 = CARTESIAN_POINT ( 'NONE',  ( -24.96396103067888106, 11.26702257397983331, -14.89917787120093884 ) ) ;
#8167 = CYLINDRICAL_SURFACE ( 'NONE', #618, 4.242640687119387799 ) ;
#8168 = CARTESIAN_POINT ( 'NONE',  ( -22.60000000000000853, 34.17412935516637162, 1.000000000000000888 ) ) ;
#8169 = CARTESIAN_POINT ( 'NONE',  ( -19.77938123630378087, 0.8398174656293692086, 25.82999015746046467 ) ) ;
#8170 = AXIS2_PLACEMENT_3D ( 'NONE', #8003, #3569, #4561 ) ;
#8171 = CARTESIAN_POINT ( 'NONE',  ( -9.672432951976556836, 1.768443422080720047E-14, 23.04761504897062707 ) ) ;
#8172 = PLANE ( 'NONE',  #10295 ) ;
#8173 = EDGE_LOOP ( 'NONE', ( #4969, #8076, #3849, #4164, #4816, #6608, #1166, #5928, #8926, #6381, #2031, #11398, #11099, #7442, #387, #8883, #5437, #8087, #4552, #4222, #4548, #8868, #3058, #4454, #8212 ) ) ;
#8174 = CARTESIAN_POINT ( 'NONE',  ( 16.45418556420814582, 0.6664631623669765581, -20.66646316236701963 ) ) ;
#8175 = CYLINDRICAL_SURFACE ( 'NONE', #5276, 4.242640687119314968 ) ;
#8176 = DIRECTION ( 'NONE',  ( -0.000000000000000000, -0.000000000000000000, -1.000000000000000000 ) ) ;
#8177 = ORIENTED_EDGE ( 'NONE', *, *, #9073, .F. ) ;
#8178 = CARTESIAN_POINT ( 'NONE',  ( -22.60000000000000853, 34.17412935516637162, -7.500000000000000000 ) ) ;
#8179 = ORIENTED_EDGE ( 'NONE', *, *, #9572, .T. ) ;
#8180 = ORIENTED_EDGE ( 'NONE', *, *, #3106, .T. ) ;
#8181 = CARTESIAN_POINT ( 'NONE',  ( -43.00000000000000000, 6.391086490440860562E-16, 13.99999999999996092 ) ) ;
#8182 = EDGE_CURVE ( 'NONE', #9409, #4720, #11204, .T. ) ;
#8183 = CARTESIAN_POINT ( 'NONE',  ( -23.99999999999997868, 59.90306154330092880, 7.500000000000002665 ) ) ;
#8184 = VECTOR ( 'NONE', #2078, 999.9999999999998863 ) ;
#8185 = CARTESIAN_POINT ( 'NONE',  ( -27.60000000000010445, 88.61736382251130806, -11.99999999999999645 ) ) ;
#8186 = CARTESIAN_POINT ( 'NONE',  ( -22.16561135359183510, 8.468672896892810442, -4.013074254044573408 ) ) ;
#8187 = CARTESIAN_POINT ( 'NONE',  ( -24.64217666525580341, 10.94523820855675567, 4.546733610434442241 ) ) ;
#8188 = CARTESIAN_POINT ( 'NONE',  ( -27.14916902195711756, 14.77120655742151456, 7.830988721943374031 ) ) ;
#8189 = CARTESIAN_POINT ( 'NONE',  ( -34.16274169979691067, 89.25000000000000000, 5.644086669559000309E-15 ) ) ;
#8190 = EDGE_LOOP ( 'NONE', ( #2836, #9961, #4734, #267 ) ) ;
#8191 = CARTESIAN_POINT ( 'NONE',  ( -32.45779162047082878, 66.65895734927148908, -19.71550740233784893 ) ) ;
#8192 = DIRECTION ( 'NONE',  ( -0.7071067811865474617, -0.7071067811865474617, 0.000000000000000000 ) ) ;
#8193 = DIRECTION ( 'NONE',  ( -0.000000000000000000, 1.000000000000000000, -1.927470528863117569E-16 ) ) ;
#8194 = CARTESIAN_POINT ( 'NONE',  ( -28.17606360712763802, 8.664649087427386931, 21.01342022844503177 ) ) ;
#8195 = ADVANCED_FACE ( 'NONE', ( #6661 ), #5715, .T. ) ;
#8196 = VERTEX_POINT ( 'NONE', #8534 ) ;
#8197 = EDGE_LOOP ( 'NONE', ( #6116, #5877, #10495, #7679, #8552, #8897, #749, #9268 ) ) ;
#8198 = VERTEX_POINT ( 'NONE', #324 ) ;
#8199 = AXIS2_PLACEMENT_3D ( 'NONE', #6489, #3703, #10069 ) ;
#8200 = AXIS2_PLACEMENT_3D ( 'NONE', #14, #1809, #172 ) ;
#8201 = DIRECTION ( 'NONE',  ( 0.000000000000000000, 0.000000000000000000, -1.000000000000000000 ) ) ;
#8202 = CARTESIAN_POINT ( 'NONE',  ( -20.99999999999999289, 27.26042085618161082, -5.499999999999998224 ) ) ;
#8203 = DIRECTION ( 'NONE',  ( 0.000000000000000000, 0.000000000000000000, 1.000000000000000000 ) ) ;
#8204 = DIRECTION ( 'NONE',  ( -0.000000000000000000, -0.000000000000000000, -1.000000000000000000 ) ) ;
#8205 = DIRECTION ( 'NONE',  ( -0.000000000000000000, 0.000000000000000000, -1.000000000000000000 ) ) ;
#8206 = DIRECTION ( 'NONE',  ( 0.000000000000000000, 0.000000000000000000, 1.000000000000000000 ) ) ;
#8207 = EDGE_CURVE ( 'NONE', #448, #11331, #4927, .T. ) ;
#8208 = DIRECTION ( 'NONE',  ( 0.000000000000000000, 0.000000000000000000, 1.000000000000000000 ) ) ;
#8209 = EDGE_CURVE ( 'NONE', #10663, #2085, #2547, .T. ) ;
#8210 = VERTEX_POINT ( 'NONE', #7477 ) ;
#8211 = AXIS2_PLACEMENT_3D ( 'NONE', #3852, #7400, #5666 ) ;
#8212 = ORIENTED_EDGE ( 'NONE', *, *, #4503, .F. ) ;
#8213 = ORIENTED_EDGE ( 'NONE', *, *, #5831, .F. ) ;
#8214 = EDGE_CURVE ( 'NONE', #8505, #179, #4035, .T. ) ;
#8215 = ORIENTED_EDGE ( 'NONE', *, *, #11206, .T. ) ;
#8216 = CARTESIAN_POINT ( 'NONE',  ( -20.99999999999999289, 22.99999999999999289, -0.9999999999999983347 ) ) ;
#8217 = FACE_OUTER_BOUND ( 'NONE', #5661, .T. ) ;
#8218 = CARTESIAN_POINT ( 'NONE',  ( -36.00000000000000000, 22.99999999999999289, -20.99999999999999645 ) ) ;
#8219 = EDGE_LOOP ( 'NONE', ( #2311, #3093, #5260, #740 ) ) ;
#8220 = EDGE_CURVE ( 'NONE', #8821, #4874, #6601, .T. ) ;
#8221 = DIRECTION ( 'NONE',  ( -1.355252715606883008E-16, -0.000000000000000000, -1.000000000000000000 ) ) ;
#8222 = DIRECTION ( 'NONE',  ( 0.000000000000000000, 0.000000000000000000, -1.000000000000000000 ) ) ;
#8223 = DIRECTION ( 'NONE',  ( 0.000000000000000000, 1.000000000000000000, -0.000000000000000000 ) ) ;
#8224 = DIRECTION ( 'NONE',  ( 1.683387419516471873E-32, 1.000000000000000000, -4.565061778886335400E-17 ) ) ;
#8225 = ADVANCED_FACE ( 'NONE', ( #8825 ), #10530, .T. ) ;
#8226 = CARTESIAN_POINT ( 'NONE',  ( -9.118225486777383537, 0.000000000000000000, 21.00456095796600309 ) ) ;
#8227 = EDGE_LOOP ( 'NONE', ( #6651, #11177, #7062, #502, #5998, #347, #2606, #2659, #10078, #253, #1454, #11245, #4774, #2981, #8018, #10037, #9431, #2180, #7744, #5570, #5502, #3079, #4381, #4653, #3896 ) ) ;
#8228 = CIRCLE ( 'NONE', #3200, 1.600000000000005862 ) ;
#8229 = DIRECTION ( 'NONE',  ( -0.000000000000000000, -0.000000000000000000, 1.000000000000000000 ) ) ;
#8230 = VERTEX_POINT ( 'NONE', #2585 ) ;
#8231 = EDGE_CURVE ( 'NONE', #7693, #1914, #655, .T. ) ;
#8232 = CARTESIAN_POINT ( 'NONE',  ( -24.91911581612602333, 7.394933267380606523, 21.77449271649757989 ) ) ;
#8233 = CARTESIAN_POINT ( 'NONE',  ( -27.59999999999998721, 17.83199373143543198, -5.499999999999999112 ) ) ;
#8234 = CYLINDRICAL_SURFACE ( 'NONE', #9030, 16.50000000000000000 ) ;
#8235 = DIRECTION ( 'NONE',  ( 1.000000000000000000, 0.000000000000000000, 0.000000000000000000 ) ) ;
#8236 = CARTESIAN_POINT ( 'NONE',  ( -43.50157110062757226, 56.36646569556987885, -14.50157110062751897 ) ) ;
#8237 = VECTOR ( 'NONE', #726, 1000.000000000000000 ) ;
#8238 = LINE ( 'NONE', #258, #10219 ) ;
#8239 = AXIS2_PLACEMENT_3D ( 'NONE', #6478, #10759, #9825 ) ;
#8240 = LINE ( 'NONE', #261, #9196 ) ;
#8241 = EDGE_CURVE ( 'NONE', #2376, #2828, #6032, .T. ) ;
#8242 = LINE ( 'NONE', #5407, #7616 ) ;
#8244 = CARTESIAN_POINT ( 'NONE',  ( -35.73499348497428940, 51.99999999999992184, -20.88751140823992358 ) ) ;
#8243 = DIRECTION ( 'NONE',  ( 0.000000000000000000, 0.000000000000000000, 1.000000000000000000 ) ) ;
#8245 = AXIS2_PLACEMENT_3D ( 'NONE', #2106, #11155, #4093 ) ;
#8246 = DIRECTION ( 'NONE',  ( 1.000000000000000000, 0.000000000000000000, 0.000000000000000000 ) ) ;
#8247 = LINE ( 'NONE', #8953, #1397 ) ;
#8248 = FACE_OUTER_BOUND ( 'NONE', #9020, .T. ) ;
#8249 = LINE ( 'NONE', #3990, #3766 ) ;
#8250 = VECTOR ( 'NONE', #4595, 1000.000000000000114 ) ;
#8251 = ORIENTED_EDGE ( 'NONE', *, *, #6064, .T. ) ;
#8252 = AXIS2_PLACEMENT_3D ( 'NONE', #23, #5492, #2908 ) ;
#8253 = ORIENTED_EDGE ( 'NONE', *, *, #2019, .F. ) ;
#8254 = ADVANCED_FACE ( 'NONE', ( #7777 ), #5926, .F. ) ;
#8255 = ORIENTED_EDGE ( 'NONE', *, *, #674, .F. ) ;
#8256 = ORIENTED_EDGE ( 'NONE', *, *, #3602, .T. ) ;
#8257 = VECTOR ( 'NONE', #8553, 1000.000000000000000 ) ;
#8258 = AXIS2_PLACEMENT_3D ( 'NONE', #10821, #5517, #264 ) ;
#8259 = LINE ( 'NONE', #10833, #5888 ) ;
#8260 = FACE_OUTER_BOUND ( 'NONE', #9403, .T. ) ;
#8261 = DIRECTION ( 'NONE',  ( -0.000000000000000000, -0.9931720082105804925, -0.1166591706937884498 ) ) ;
#8262 = CIRCLE ( 'NONE', #9389, 4.242640687119314968 ) ;
#8263 = DIRECTION ( 'NONE',  ( 0.000000000000000000, 0.000000000000000000, -1.000000000000000000 ) ) ;
#8264 = DIRECTION ( 'NONE',  ( -0.000000000000000000, 1.000000000000000000, -0.000000000000000000 ) ) ;
#8265 = CARTESIAN_POINT ( 'NONE',  ( -43.00000000000000000, 100.9999999999999858, 13.99999999999995737 ) ) ;
#8266 = ADVANCED_FACE ( 'NONE', ( #7959 ), #799, .T. ) ;
#8267 = DIRECTION ( 'NONE',  ( 1.000000000000000000, 0.000000000000000000, 0.000000000000000000 ) ) ;
#8268 = CARTESIAN_POINT ( 'NONE',  ( -32.45779162047082878, 66.65895734927150329, 9.100000000000010303 ) ) ;
#8269 = ORIENTED_EDGE ( 'NONE', *, *, #2611, .T. ) ;
#8270 = AXIS2_PLACEMENT_3D ( 'NONE', #2288, #8582, #1487 ) ;
#8271 = EDGE_LOOP ( 'NONE', ( #7506, #6117, #1406, #761 ) ) ;
#8272 = AXIS2_PLACEMENT_3D ( 'NONE', #10177, #9415, #10342 ) ;
#8273 = VERTEX_POINT ( 'NONE', #6144 ) ;
#8274 = ORIENTED_EDGE ( 'NONE', *, *, #3155, .F. ) ;
#8275 = ADVANCED_FACE ( 'NONE', ( #1492 ), #9258, .T. ) ;
#8276 = DIRECTION ( 'NONE',  ( 0.8681683818352188275, -0.4234340121835276083, -0.2588190451025149108 ) ) ;
#8277 = CARTESIAN_POINT ( 'NONE',  ( -43.00000000000000000, 91.50000000000000000, 1.975000000000007638 ) ) ;
#8278 = VERTEX_POINT ( 'NONE', #620 ) ;
#8279 = EDGE_CURVE ( 'NONE', #1495, #410, #9720, .T. ) ;
#8280 = EDGE_CURVE ( 'NONE', #2544, #2075, #2842, .T. ) ;
#8281 = CARTESIAN_POINT ( 'NONE',  ( -21.03832892204481908, 8.000048970288762717, 10.39999999999999680 ) ) ;
#8282 = DIRECTION ( 'NONE',  ( 0.000000000000000000, 0.000000000000000000, 1.000000000000000000 ) ) ;
#8283 = CONICAL_SURFACE ( 'NONE', #9023, 15.00000000000000000, 1.308996938995755199 ) ;
#8284 = CARTESIAN_POINT ( 'NONE',  ( -33.03137084989845107, 89.25000000000000000, 1.843629150101529612 ) ) ;
#8285 = ORIENTED_EDGE ( 'NONE', *, *, #7061, .T. ) ;
#8286 = CARTESIAN_POINT ( 'NONE',  ( -9.533621409192139851, -1.766069265446582159, 24.04603012722536093 ) ) ;
#8287 = ORIENTED_EDGE ( 'NONE', *, *, #8103, .F. ) ;
#8288 = VECTOR ( 'NONE', #6312, 1000.000000000000000 ) ;
#8290 = VERTEX_POINT ( 'NONE', #7012 ) ;
#8289 = ADVANCED_FACE ( 'NONE', ( #7898 ), #739, .F. ) ;
#8291 = CARTESIAN_POINT ( 'NONE',  ( -23.58035399089532902, 7.132420271572588177, 22.45528643629693022 ) ) ;
#8292 = DIRECTION ( 'NONE',  ( -0.7071067811865474617, -0.7071067811865474617, 0.000000000000000000 ) ) ;
#8293 = DIRECTION ( 'NONE',  ( 0.000000000000000000, 0.000000000000000000, -1.000000000000000000 ) ) ;
#8294 = EDGE_CURVE ( 'NONE', #11022, #6944, #1720, .T. ) ;
#8295 = DIRECTION ( 'NONE',  ( 1.000000000000000000, 0.000000000000000000, 0.000000000000000000 ) ) ;
#8296 = ORIENTED_EDGE ( 'NONE', *, *, #9903, .F. ) ;
#8297 = DIRECTION ( 'NONE',  ( 0.000000000000000000, 0.000000000000000000, 1.000000000000000000 ) ) ;
#8298 = LINE ( 'NONE', #316, #2588 ) ;
#8299 = AXIS2_PLACEMENT_3D ( 'NONE', #3940, #9964, #219 ) ;
#8300 = ORIENTED_EDGE ( 'NONE', *, *, #10582, .F. ) ;
#8301 = CARTESIAN_POINT ( 'NONE',  ( -20.99999999999997868, 38.70306154330083359, 12.00000000000000178 ) ) ;
#8302 = DIRECTION ( 'NONE',  ( -1.000000000000000000, 0.000000000000000000, 0.000000000000000000 ) ) ;
#8304 = CARTESIAN_POINT ( 'NONE',  ( -23.99999999999998579, 87.22774616617205368, -9.087080077594324123 ) ) ;
#8303 = DIRECTION ( 'NONE',  ( 0.000000000000000000, 0.000000000000000000, -1.000000000000000000 ) ) ;
#8305 = AXIS2_PLACEMENT_3D ( 'NONE', #952, #6774, #4983 ) ;
#8306 = DIRECTION ( 'NONE',  ( -0.7071067811865622277, -5.841117777841547139E-17, -0.7071067811865328068 ) ) ;
#8307 = CARTESIAN_POINT ( 'NONE',  ( -20.99999999999998934, 45.46042085618157103, 5.500000000000002665 ) ) ;
#8308 = CARTESIAN_POINT ( 'NONE',  ( -20.99999999999998934, 45.46042085618157103, 12.00000000000000178 ) ) ;
#8309 = EDGE_CURVE ( 'NONE', #8400, #11414, #6775, .T. ) ;
#8310 = EDGE_CURVE ( 'NONE', #3948, #1968, #4979, .T. ) ;
#8311 = EDGE_CURVE ( 'NONE', #9886, #7542, #11288, .T. ) ;
#8312 = ORIENTED_EDGE ( 'NONE', *, *, #6377, .F. ) ;
#8313 = VECTOR ( 'NONE', #8021, 1000.000000000000000 ) ;
#8314 = EDGE_LOOP ( 'NONE', ( #6463, #10033, #11189, #8023 ) ) ;
#8315 = ORIENTED_EDGE ( 'NONE', *, *, #4705, .T. ) ;
#8316 = CARTESIAN_POINT ( 'NONE',  ( -20.25742176523009164, 0.000000000000000000, 21.00000000000000000 ) ) ;
#8317 = DIRECTION ( 'NONE',  ( -1.000000000000000000, 0.000000000000000000, 0.000000000000000000 ) ) ;
#8318 = AXIS2_PLACEMENT_3D ( 'NONE', #9358, #2123, #9246 ) ;
#8319 = CARTESIAN_POINT ( 'NONE',  ( -23.99999999999997158, 10.30306154330093094, -47.00000000000000000 ) ) ;
#8320 = CARTESIAN_POINT ( 'NONE',  ( -33.49999999999997158, 89.25000000000000000, 5.534593947164094693E-15 ) ) ;
#8321 = CARTESIAN_POINT ( 'NONE',  ( -21.71393835577975651, 8.016999899080733627, -21.00000000000000000 ) ) ;
#8322 = ADVANCED_FACE ( 'NONE', ( #10409 ), #8650, .T. ) ;
#8323 = CARTESIAN_POINT ( 'NONE',  ( 13.44631595467181029, -1.750000000000000000, 24.50000000000000000 ) ) ;
#8324 = EDGE_CURVE ( 'NONE', #10408, #2333, #10384, .T. ) ;
#8325 = CARTESIAN_POINT ( 'NONE',  ( -23.99999999999998934, 86.99353629189845094, -15.59999999999999254 ) ) ;
#8326 = VERTEX_POINT ( 'NONE', #4283 ) ;
#8327 = ORIENTED_EDGE ( 'NONE', *, *, #9073, .T. ) ;
#8328 = FACE_OUTER_BOUND ( 'NONE', #4470, .T. ) ;
#8329 = ORIENTED_EDGE ( 'NONE', *, *, #600, .T. ) ;
#8330 = ORIENTED_EDGE ( 'NONE', *, *, #5519, .T. ) ;
#8331 = CARTESIAN_POINT ( 'NONE',  ( 15.56992757980557940, 1.286167566283213802E-15, 27.00000000000000355 ) ) ;
#8332 = CIRCLE ( 'NONE', #6835, 5.000000000000000888 ) ;
#8333 = ORIENTED_EDGE ( 'NONE', *, *, #9214, .F. ) ;
#8334 = DIRECTION ( 'NONE',  ( 1.652117596168388002E-16, 3.387343054164791128E-16, 1.000000000000000000 ) ) ;
#8335 = LINE ( 'NONE', #354, #8819 ) ;
#8336 = CYLINDRICAL_SURFACE ( 'NONE', #6342, 26.75000000000000000 ) ;
#8337 = AXIS2_PLACEMENT_3D ( 'NONE', #6404, #5334, #6184 ) ;
#8338 = CARTESIAN_POINT ( 'NONE',  ( -22.16561135359183865, 8.468672896892813995, 15.48692574595543725 ) ) ;
#8339 = DIRECTION ( 'NONE',  ( -0.000000000000000000, 1.000000000000000000, 1.927470528863117569E-16 ) ) ;
#8340 = EDGE_CURVE ( 'NONE', #11315, #3994, #11403, .T. ) ;
#8341 = ORIENTED_EDGE ( 'NONE', *, *, #6731, .T. ) ;
#8342 = EDGE_CURVE ( 'NONE', #5239, #7217, #9832, .T. ) ;
#8343 = AXIS2_PLACEMENT_3D ( 'NONE', #2655, #8785, #6216 ) ;
#8344 = CARTESIAN_POINT ( 'NONE',  ( -45.49842889937244905, 46.20031524263293932, -16.49842889937245261 ) ) ;
#8345 = ORIENTED_EDGE ( 'NONE', *, *, #10658, .F. ) ;
#8346 = VERTEX_POINT ( 'NONE', #201 ) ;
#8347 = EDGE_CURVE ( 'NONE', #45, #11443, #1335, .T. ) ;
#8348 = DIRECTION ( 'NONE',  ( 1.000000000000000000, 0.000000000000000000, 0.000000000000000000 ) ) ;
#8349 = DIRECTION ( 'NONE',  ( 5.766135945856683012E-32, 1.000000000000000000, 1.927470528863117569E-16 ) ) ;
#8350 = CARTESIAN_POINT ( 'NONE',  ( -20.99999999999998934, 45.46042085618157103, -13.99999999999999645 ) ) ;
#8351 = DIRECTION ( 'NONE',  ( 1.000000000000000000, 0.000000000000000000, -0.000000000000000000 ) ) ;
#8352 = EDGE_LOOP ( 'NONE', ( #5713, #129, #3621, #6684 ) ) ;
#8353 = CARTESIAN_POINT ( 'NONE',  ( -32.49999999999998579, 112.7499999999999858, -3.037741699796941308 ) ) ;
#8354 = CARTESIAN_POINT ( 'NONE',  ( -20.99999999999998934, 31.50306154330093023, 12.00000000000000178 ) ) ;
#8355 = CIRCLE ( 'NONE', #6855, 9.000000000000000000 ) ;
#8356 = EDGE_CURVE ( 'NONE', #5337, #4535, #1881, .T. ) ;
#8357 = EDGE_CURVE ( 'NONE', #9000, #7569, #5568, .T. ) ;
#8358 = EDGE_LOOP ( 'NONE', ( #10479, #11274, #7470, #6915 ) ) ;
#8359 = ADVANCED_FACE ( 'NONE', ( #10701 ), #38, .T. ) ;
#8360 = B_SPLINE_CURVE_WITH_KNOTS ( 'NONE', 3,
 ( #3170, #4684, #10182, #430 ),
 .UNSPECIFIED., .F., .F.,
 ( 4, 4 ),
 ( 0.02014474207348600915, 0.02049191707527274128 ),
 .UNSPECIFIED. ) ;
#8361 = CARTESIAN_POINT ( 'NONE',  ( -1.442848860394842170, 46.06021268290589177, 12.00000000000000178 ) ) ;
#8362 = VECTOR ( 'NONE', #11514, 1000.000000000000000 ) ;
#8364 = CARTESIAN_POINT ( 'NONE',  ( -44.49999999999998579, 51.28339046910143395, 15.49999999999997158 ) ) ;
#8363 = CYLINDRICAL_SURFACE ( 'NONE', #9396, 26.75000000000000000 ) ;
#8365 = VERTEX_POINT ( 'NONE', #1837 ) ;
#8366 = CARTESIAN_POINT ( 'NONE',  ( -16.56488701147627651, 6.999999999999833022, 27.00000000000000355 ) ) ;
#8367 = ORIENTED_EDGE ( 'NONE', *, *, #7705, .T. ) ;
#8368 = CARTESIAN_POINT ( 'NONE',  ( -27.59999999999998721, 13.90306154330091282, -47.00000000000000000 ) ) ;
#8369 = CARTESIAN_POINT ( 'NONE',  ( 20.00000000000003908, 0.000000000000000000, 17.76407892349047302 ) ) ;
#8370 = ORIENTED_EDGE ( 'NONE', *, *, #2397, .F. ) ;
#8371 = CIRCLE ( 'NONE', #4833, 30.03342357274359387 ) ;
#8372 = ORIENTED_EDGE ( 'NONE', *, *, #5868, .F. ) ;
#8373 = ORIENTED_EDGE ( 'NONE', *, *, #1943, .F. ) ;
#8374 = EDGE_LOOP ( 'NONE', ( #11112, #7968, #9656, #9040 ) ) ;
#8375 = ADVANCED_FACE ( 'NONE', ( #3750 ), #5510, .F. ) ;
#8376 = PLANE ( 'NONE',  #3090 ) ;
#8377 = CARTESIAN_POINT ( 'NONE',  ( -24.00000000000000000, 28.50306154330090536, 12.00000000000000178 ) ) ;
#8378 = CARTESIAN_POINT ( 'NONE',  ( -64.05715113960525287, 68.56021268290588466, -13.99999999999999645 ) ) ;
#8379 = PLANE ( 'NONE',  #2186 ) ;
#8380 = CARTESIAN_POINT ( 'NONE',  ( -33.09066412590863848, 65.30669177997408781, 19.90730653254564686 ) ) ;
#8381 = CARTESIAN_POINT ( 'NONE',  ( -32.49999999999998579, 91.50000000000000000, 3.037741699796952410 ) ) ;
#8382 = CARTESIAN_POINT ( 'NONE',  ( -27.51294049513745676, 16.27707458326389300, 5.413567732115923015 ) ) ;
#8383 = CARTESIAN_POINT ( 'NONE',  ( -26.02411907401664592, 79.84994088672972623, 2.600000000000004974 ) ) ;
#8384 = CARTESIAN_POINT ( 'NONE',  ( -32.96862915010149919, 112.7499999999999858, -1.906370849898473274 ) ) ;
#8385 = EDGE_CURVE ( 'NONE', #8852, #8210, #10280, .T. ) ;
#8386 = EDGE_LOOP ( 'NONE', ( #6912, #9930, #11452, #9660 ) ) ;
#8387 = VERTEX_POINT ( 'NONE', #5400 ) ;
#8388 = PLANE ( 'NONE',  #9947 ) ;
#8389 = ORIENTED_EDGE ( 'NONE', *, *, #1289, .F. ) ;
#8390 = ORIENTED_EDGE ( 'NONE', *, *, #10385, .T. ) ;
#8391 = EDGE_CURVE ( 'NONE', #4735, #3948, #8892, .T. ) ;
#8392 = CARTESIAN_POINT ( 'NONE',  ( -46.00000000000000000, 100.9999999999999858, 0.000000000000000000 ) ) ;
#8393 = ORIENTED_EDGE ( 'NONE', *, *, #7859, .T. ) ;
#8394 = CARTESIAN_POINT ( 'NONE',  ( 20.99999999999999645, 6.999999999999971578, -16.56992757980552966 ) ) ;
#8395 = DIRECTION ( 'NONE',  ( -0.5478338651825963579, 0.8365871479762863050, 0.000000000000000000 ) ) ;
#8396 = DIRECTION ( 'NONE',  ( -0.000000000000000000, 1.000000000000000000, 0.000000000000000000 ) ) ;
#8397 = LINE ( 'NONE', #1403, #7243 ) ;
#8398 = VECTOR ( 'NONE', #6865, 1000.000000000000000 ) ;
#8399 = ORIENTED_EDGE ( 'NONE', *, *, #3088, .F. ) ;
#8400 = VERTEX_POINT ( 'NONE', #971 ) ;
#8401 = ORIENTED_EDGE ( 'NONE', *, *, #1874, .T. ) ;
#8402 = DIRECTION ( 'NONE',  ( -1.000000000000000000, 0.000000000000000000, 1.652117596168388002E-16 ) ) ;
#8403 = LINE ( 'NONE', #3970, #10116 ) ;
#8404 = CARTESIAN_POINT ( 'NONE',  ( -23.99999999999998934, 78.86271205119405181, 11.00343198033005798 ) ) ;
#8405 = PLANE ( 'NONE',  #4800 ) ;
#8406 = DIRECTION ( 'NONE',  ( 0.000000000000000000, -1.000000000000000000, 0.000000000000000000 ) ) ;
#8407 = ORIENTED_EDGE ( 'NONE', *, *, #5737, .T. ) ;
#8408 = DIRECTION ( 'NONE',  ( 4.319837007227158624E-17, 1.000000000000000000, -0.000000000000000000 ) ) ;
#8409 = CARTESIAN_POINT ( 'NONE',  ( 34.00000000000000000, 89.25000000000000000, 1.374999999999990896 ) ) ;
#8410 = EDGE_LOOP ( 'NONE', ( #689, #11191, #6480, #6845 ) ) ;
#8411 = LINE ( 'NONE', #8528, #5315 ) ;
#8412 = CARTESIAN_POINT ( 'NONE',  ( 11.27266773651502163, -1.779110378048812668, 24.05223063768588787 ) ) ;
#8414 = CARTESIAN_POINT ( 'NONE',  ( -43.00000000000000000, 6.391086490440860562E-16, 13.99999999999996270 ) ) ;
#8413 = CARTESIAN_POINT ( 'NONE',  ( -0.9999999999999972244, 51.31596721165376351, 1.000000000000000888 ) ) ;
#8415 = VERTEX_POINT ( 'NONE', #6362 ) ;
#8416 = CIRCLE ( 'NONE', #5265, 5.000000000000000888 ) ;
#8417 = EDGE_CURVE ( 'NONE', #8810, #7274, #2867, .T. ) ;
#8418 = DIRECTION ( 'NONE',  ( -0.8681683818352193827, 0.4234340121835283299, -0.2588190451025120242 ) ) ;
#8419 = VERTEX_POINT ( 'NONE', #4571 ) ;
#8420 = ORIENTED_EDGE ( 'NONE', *, *, #7063, .T. ) ;
#8421 = CARTESIAN_POINT ( 'NONE',  ( -1.000000000000000888, 51.31596721165375641, -20.99999999999998224 ) ) ;
#8422 = AXIS2_PLACEMENT_3D ( 'NONE', #9531, #1535, #9659 ) ;
#8423 = LINE ( 'NONE', #434, #166 ) ;
#8424 = CARTESIAN_POINT ( 'NONE',  ( -25.37792347853925534, 7.516887714770557949, 21.59436818942308633 ) ) ;
#8425 = ORIENTED_EDGE ( 'NONE', *, *, #2979, .F. ) ;
#8426 = EDGE_CURVE ( 'NONE', #7742, #9375, #10761, .T. ) ;
#8427 = CONICAL_SURFACE ( 'NONE', #1726, 14.99999999999999645, 1.308996938995754089 ) ;
#8428 = VERTEX_POINT ( 'NONE', #1075 ) ;
#8429 = ORIENTED_EDGE ( 'NONE', *, *, #3003, .T. ) ;
#8430 = EDGE_LOOP ( 'NONE', ( #9093, #8434, #7600, #9157 ) ) ;
#8431 = EDGE_CURVE ( 'NONE', #6227, #1684, #6293, .T. ) ;
#8432 = CARTESIAN_POINT ( 'NONE',  ( -26.02411907401664592, 79.84994088672972623, -2.599999999999991207 ) ) ;
#8433 = CARTESIAN_POINT ( 'NONE',  ( -43.00000000000000000, 110.4999999999999858, 1.975000000000007194 ) ) ;
#8434 = ORIENTED_EDGE ( 'NONE', *, *, #757, .T. ) ;
#8435 = CARTESIAN_POINT ( 'NONE',  ( -9.651745900624373320, -1.750000000000002887, 24.03680787131430563 ) ) ;
#8436 = CARTESIAN_POINT ( 'NONE',  ( -33.37284752453720671, 64.62005467201966269, 19.99999999999999645 ) ) ;
#8437 = VECTOR ( 'NONE', #4267, 1000.000000000000000 ) ;
#8438 = ORIENTED_EDGE ( 'NONE', *, *, #8130, .F. ) ;
#8439 = CARTESIAN_POINT ( 'NONE',  ( -22.11087063048445600, 8.000000000000000000, 22.11087063048415047 ) ) ;
#8440 = DIRECTION ( 'NONE',  ( 1.734723475976807489E-15, -1.000000000000000000, 0.000000000000000000 ) ) ;
#8441 = CARTESIAN_POINT ( 'NONE',  ( -23.99999999999998934, 88.61736382251127964, -15.59999999999998899 ) ) ;
#8442 = VERTEX_POINT ( 'NONE', #6423 ) ;
#8443 = VERTEX_POINT ( 'NONE', #1996 ) ;
#8444 = ORIENTED_EDGE ( 'NONE', *, *, #5936, .F. ) ;
#8445 = AXIS2_PLACEMENT_3D ( 'NONE', #5620, #1873, #5450 ) ;
#8446 = DIRECTION ( 'NONE',  ( 1.000000000000000000, 0.000000000000000000, 0.000000000000000000 ) ) ;
#8447 = LINE ( 'NONE', #3139, #7059 ) ;
#8448 = CARTESIAN_POINT ( 'NONE',  ( -32.45779162047082878, 66.65895734927150329, -10.40000000000003411 ) ) ;
#8449 = CARTESIAN_POINT ( 'NONE',  ( -24.96396103067888106, 11.26702257397983331, 4.600822128799054944 ) ) ;
#8450 = DIRECTION ( 'NONE',  ( -1.652117596168388002E-16, 0.000000000000000000, -1.000000000000000000 ) ) ;
#8451 = CARTESIAN_POINT ( 'NONE',  ( -26.52537696864644801, 13.33409845592777643, 14.56169507469166469 ) ) ;
#8452 = DIRECTION ( 'NONE',  ( -1.000000000000000000, -1.734723475976807489E-15, 0.000000000000000000 ) ) ;
#8453 = AXIS2_PLACEMENT_3D ( 'NONE', #6796, #5886, #4191 ) ;
#8454 = EDGE_CURVE ( 'NONE', #727, #7275, #7185, .T. ) ;
#8455 = EDGE_CURVE ( 'NONE', #8035, #9702, #5420, .T. ) ;
#8456 = ADVANCED_FACE ( 'NONE', ( #9347 ), #8405, .F. ) ;
#8457 = B_SPLINE_SURFACE_WITH_KNOTS ( 'NONE', 1, 3, ( 
 ( #10426, #3487, #4302, #2370, #2313, #8788, #579, #8667, #815, #6055, #5059, #700, #3310, #10550, #6112, #3422, #4360, #9684, #9494, #9624, #10312, #9553, #1623, #3249, #7918, #11484, #5186, #11247, #1559, #7854, #5942, #8603 ),
 ( #1504, #8725, #1686, #5885, #1447, #5002, #8554, #7797, #763, #4126, #3363, #639, #6795, #4190, #7736, #11310, #6850, #2424, #5993, #4243, #11364, #8030, #930, #9901, #2605, #1894, #5521, #2770, #3545, #5415, #2818, #10826 ) ),
 .UNSPECIFIED., .F., .F., .F.,
 ( 2, 2 ),
 ( 4, 2, 2, 2, 2, 2, 2, 2, 2, 2, 2, 2, 2, 2, 2, 4 ),
 ( 0.000000000000000000, 1.000000000000000000 ),
 ( 0.000000000000000000, 0.0005453745221476232613, 0.001090749044295246523, 0.001636123566442869784, 0.001908810827516681415, 0.002181498088590493045, 0.003272247132885739568, 0.003817621655033362829, 0.004362996177180986090, 0.004908370699328609352, 0.005181057960402420982, 0.005453745221476232613, 0.005999119743623855874, 0.006544494265771479136, 0.007635243310066725658, 0.008725992354361972181 ),
 .UNSPECIFIED. ) ;
#8458 = VERTEX_POINT ( 'NONE', #11036 ) ;
#8459 = ORIENTED_EDGE ( 'NONE', *, *, #6375, .F. ) ;
#8460 = CYLINDRICAL_SURFACE ( 'NONE', #4157, 1.374999999999997113 ) ;
#8461 = FACE_OUTER_BOUND ( 'NONE', #120, .T. ) ;
#8462 = LINE ( 'NONE', #5965, #9414 ) ;
#8463 = VECTOR ( 'NONE', #3162, 1000.000000000000000 ) ;
#8464 = DIRECTION ( 'NONE',  ( 1.000000000000000000, 0.000000000000000000, -1.982541115402065356E-16 ) ) ;
#8465 = DIRECTION ( 'NONE',  ( -8.260587980841938780E-17, 1.000000000000000000, 0.000000000000000000 ) ) ;
#8466 = CARTESIAN_POINT ( 'NONE',  ( -30.02871870788960962, 51.31596721165376351, -11.99999999999999645 ) ) ;
#8467 = ORIENTED_EDGE ( 'NONE', *, *, #2122, .F. ) ;
#8468 = VECTOR ( 'NONE', #6421, 1000.000000000000000 ) ;
#8469 = DIRECTION ( 'NONE',  ( 0.9659258262890703106, 0.000000000000000000, -0.2588190451025129679 ) ) ;
#8470 = DIRECTION ( 'NONE',  ( -0.000000000000000000, -0.000000000000000000, -1.000000000000000000 ) ) ;
#8471 = ORIENTED_EDGE ( 'NONE', *, *, #3729, .F. ) ;
#8473 = CARTESIAN_POINT ( 'NONE',  ( -45.49842889937244905, 46.20031524263300327, 16.49842889937244550 ) ) ;
#8472 = CYLINDRICAL_SURFACE ( 'NONE', #4736, 5.000000000000000888 ) ;
#8474 = DIRECTION ( 'NONE',  ( 0.000000000000000000, 0.000000000000000000, 1.000000000000000000 ) ) ;
#8475 = CIRCLE ( 'NONE', #673, 20.00000000000000000 ) ;
#8476 = ORIENTED_EDGE ( 'NONE', *, *, #1723, .F. ) ;
#8477 = CARTESIAN_POINT ( 'NONE',  ( -32.49999999999998579, 100.9999999999999858, -3.562741699796944328 ) ) ;
#8478 = CARTESIAN_POINT ( 'NONE',  ( -18.28136643970304931, -0.7425937048686075403, 25.85768820822002922 ) ) ;
#8479 = LINE ( 'NONE', #10126, #2643 ) ;
#8480 = EDGE_CURVE ( 'NONE', #1521, #5714, #8697, .T. ) ;
#8481 = AXIS2_PLACEMENT_3D ( 'NONE', #735, #5042, #616 ) ;
#8482 = EDGE_LOOP ( 'NONE', ( #2722, #8782, #6199, #2808 ) ) ;
#8483 = DIRECTION ( 'NONE',  ( 0.000000000000000000, 0.000000000000000000, -1.000000000000000000 ) ) ;
#8484 = CARTESIAN_POINT ( 'NONE',  ( -20.99999999999998934, 24.74570223042017503, 1.000000000000002665 ) ) ;
#8485 = DIRECTION ( 'NONE',  ( 1.000000000000000000, 0.000000000000000000, 0.000000000000000000 ) ) ;
#8486 = AXIS2_PLACEMENT_3D ( 'NONE', #7518, #542, #11149 ) ;
#8487 = ORIENTED_EDGE ( 'NONE', *, *, #2162, .T. ) ;
#8488 = CARTESIAN_POINT ( 'NONE',  ( -37.00000000000015632, 51.31596721165377062, 21.00000000000000000 ) ) ;
#8489 = DIRECTION ( 'NONE',  ( 0.000000000000000000, 0.9931720082105804925, -0.1166591706937883666 ) ) ;
#8490 = CARTESIAN_POINT ( 'NONE',  ( -20.25742176523009164, -3.000000000000000000, 0.000000000000000000 ) ) ;
#8491 = ORIENTED_EDGE ( 'NONE', *, *, #6041, .T. ) ;
#8492 = DIRECTION ( 'NONE',  ( 1.000000000000000000, 0.000000000000000000, 0.000000000000000000 ) ) ;
#8493 = DIRECTION ( 'NONE',  ( 0.000000000000000000, 0.000000000000000000, 1.000000000000000000 ) ) ;
#8494 = AXIS2_PLACEMENT_3D ( 'NONE', #5295, #10474, #9678 ) ;
#8495 = AXIS2_PLACEMENT_3D ( 'NONE', #11225, #3225, #11285 ) ;
#8496 = CARTESIAN_POINT ( 'NONE',  ( -15.50000000000000533, 0.000000000000000000, 17.09999999999999432 ) ) ;
#8497 = DIRECTION ( 'NONE',  ( -0.000000000000000000, -0.000000000000000000, 1.000000000000000000 ) ) ;
#8498 = AXIS2_PLACEMENT_3D ( 'NONE', #234, #10042, #74 ) ;
#8499 = EDGE_LOOP ( 'NONE', ( #8467, #5327, #10829, #2414, #11502 ) ) ;
#8500 = EDGE_CURVE ( 'NONE', #194, #7445, #3192, .T. ) ;
#8501 = ADVANCED_FACE ( 'NONE', ( #4848 ), #4032, .T. ) ;
#8502 = VECTOR ( 'NONE', #1518, 1000.000000000000000 ) ;
#8503 = ORIENTED_EDGE ( 'NONE', *, *, #11203, .T. ) ;
#8504 = EDGE_CURVE ( 'NONE', #3622, #6968, #9386, .T. ) ;
#8505 = VERTEX_POINT ( 'NONE', #3864 ) ;
#8506 = VERTEX_POINT ( 'NONE', #5794 ) ;
#8507 = CARTESIAN_POINT ( 'NONE',  ( -24.32088110486508015, 10.62394264816603595, 8.512667236896763967 ) ) ;
#8508 = PRODUCT_CONTEXT ( 'NONE', #8939, 'mechanical' ) ;
#8509 = LINE ( 'NONE', #9391, #9317 ) ;
#8510 = DIRECTION ( 'NONE',  ( -0.000000000000000000, -0.000000000000000000, -1.000000000000000000 ) ) ;
#8511 = DIRECTION ( 'NONE',  ( 0.000000000000000000, 0.000000000000000000, 1.000000000000000000 ) ) ;
#8512 = CARTESIAN_POINT ( 'NONE',  ( -3.469446951953614189E-15, 8.000000000000000000, 0.000000000000000000 ) ) ;
#8513 = LINE ( 'NONE', #3144, #741 ) ;
#8514 = ORIENTED_EDGE ( 'NONE', *, *, #8710, .T. ) ;
#8515 = AXIS2_PLACEMENT_3D ( 'NONE', #9397, #9456, #5901 ) ;
#8516 = ORIENTED_EDGE ( 'NONE', *, *, #8744, .F. ) ;
#8517 = ORIENTED_EDGE ( 'NONE', *, *, #10643, .T. ) ;
#8518 = VECTOR ( 'NONE', #10628, 1000.000000000000000 ) ;
#8519 = LINE ( 'NONE', #7462, #6584 ) ;
#8520 = CARTESIAN_POINT ( 'NONE',  ( -27.60000000000004405, 52.37412935516633894, -1.000000000000000888 ) ) ;
#8521 = PLANE ( 'NONE',  #10534 ) ;
#8522 = CARTESIAN_POINT ( 'NONE',  ( -18.89917999405069793, -0.3249733193965483324, 25.52999143555871697 ) ) ;
#8523 = CARTESIAN_POINT ( 'NONE',  ( -27.56135765566532925, 16.79787558810382819, 1.000000000000000888 ) ) ;
#8524 = ORIENTED_EDGE ( 'NONE', *, *, #1990, .T. ) ;
#8525 = DIRECTION ( 'NONE',  ( 1.000000000000000000, 0.000000000000000000, 0.000000000000000000 ) ) ;
#8526 = CIRCLE ( 'NONE', #6469, 5.000000000000000888 ) ;
#8527 = VECTOR ( 'NONE', #10547, 1000.000000000000000 ) ;
#8528 = CARTESIAN_POINT ( 'NONE',  ( -36.00000000000000000, 51.31596721165376351, -10.40000000000000036 ) ) ;
#8529 = LINE ( 'NONE', #8361, #1519 ) ;
#8530 = VERTEX_POINT ( 'NONE', #2273 ) ;
#8532 = CARTESIAN_POINT ( 'NONE',  ( -34.16274169979692488, 100.9999999999999858, -1.899999999999994360 ) ) ;
#8531 = FACE_OUTER_BOUND ( 'NONE', #8835, .T. ) ;
#8533 = EDGE_CURVE ( 'NONE', #1629, #8, #10275, .T. ) ;
#8534 = CARTESIAN_POINT ( 'NONE',  ( -32.96862915010149919, 100.9999999999999858, 2.431370849898486064 ) ) ;
#8535 = ORIENTED_EDGE ( 'NONE', *, *, #4453, .T. ) ;
#8536 = VECTOR ( 'NONE', #10764, 1000.000000000000000 ) ;
#8537 = ORIENTED_EDGE ( 'NONE', *, *, #6524, .T. ) ;
#8538 = DIRECTION ( 'NONE',  ( 0.000000000000000000, 0.000000000000000000, 1.000000000000000000 ) ) ;
#8539 = DIRECTION ( 'NONE',  ( -1.000000000000000000, 0.000000000000000000, 1.652117596168398356E-16 ) ) ;
#8540 = PRODUCT_RELATED_PRODUCT_CATEGORY ( 'part', '', ( #1486 ) ) ;
#8541 = VECTOR ( 'NONE', #3794, 1000.000000000000114 ) ;
#8542 = VERTEX_POINT ( 'NONE', #8350 ) ;
#8543 = DIRECTION ( 'NONE',  ( 0.000000000000000000, 0.000000000000000000, -1.000000000000000000 ) ) ;
#8544 = CARTESIAN_POINT ( 'NONE',  ( -19.33941173888731058, -0.1344112021870430829, 21.99301928233245107 ) ) ;
#8545 = CARTESIAN_POINT ( 'NONE',  ( -23.99999999999998579, 87.85542132862697429, 18.50000000000003553 ) ) ;
#8546 = EDGE_CURVE ( 'NONE', #10467, #1930, #2743, .T. ) ;
#8547 = ORIENTED_EDGE ( 'NONE', *, *, #9441, .T. ) ;
#8548 = CARTESIAN_POINT ( 'NONE',  ( -28.20618672963846763, 75.37603918982239293, 18.71568271668041206 ) ) ;
#8549 = LINE ( 'NONE', #5883, #8642 ) ;
#8550 = CARTESIAN_POINT ( 'NONE',  ( -23.99999999999997868, 59.90306154330092880, -5.499999999999999112 ) ) ;
#8551 = AXIS2_PLACEMENT_3D ( 'NONE', #4076, #11140, #2321 ) ;
#8552 = ORIENTED_EDGE ( 'NONE', *, *, #10465, .T. ) ;
#8553 = DIRECTION ( 'NONE',  ( 1.734723475976807489E-15, -1.000000000000000000, 0.000000000000000000 ) ) ;
#8554 = CARTESIAN_POINT ( 'NONE',  ( -22.71196278014404157, 1.025008677931440904, 23.04826540614013197 ) ) ;
#8555 = DIRECTION ( 'NONE',  ( -0.7071067811865495711, -0.7071067811865454633, 0.000000000000000000 ) ) ;
#8556 = FACE_OUTER_BOUND ( 'NONE', #2016, .T. ) ;
#8557 = B_SPLINE_CURVE_WITH_KNOTS ( 'NONE', 1,
 ( #2020, #9080 ),
 .UNSPECIFIED., .F., .F.,
 ( 2, 2 ),
 ( 0.000000000000000000, 1.000000000000000000 ),
 .UNSPECIFIED. ) ;
#8558 = EDGE_LOOP ( 'NONE', ( #8064, #3176, #10420, #4936, #5541, #7129, #7347, #3351, #9082, #3316, #5398, #1067, #6833, #6880, #5523, #4368, #4085, #8598, #7027, #9142, #11479, #5569, #3979, #307, #10979 ) ) ;
#8559 = VERTEX_POINT ( 'NONE', #2055 ) ;
#8560 = DIRECTION ( 'NONE',  ( 1.000000000000000000, 0.000000000000000000, -0.000000000000000000 ) ) ;
#8561 = EDGE_CURVE ( 'NONE', #7960, #228, #1639, .T. ) ;
#8562 = CARTESIAN_POINT ( 'NONE',  ( -18.59999999999998366, 17.63098360465878756, -47.00000000000000000 ) ) ;
#8563 = LINE ( 'NONE', #10381, #6523 ) ;
#8564 = EDGE_CURVE ( 'NONE', #8035, #10145, #10228, .T. ) ;
#8565 = FACE_OUTER_BOUND ( 'NONE', #9689, .T. ) ;
#8566 = EDGE_CURVE ( 'NONE', #4948, #5751, #9164, .T. ) ;
#8567 = ORIENTED_EDGE ( 'NONE', *, *, #4078, .T. ) ;
#8568 = ORIENTED_EDGE ( 'NONE', *, *, #2498, .F. ) ;
#8569 = CARTESIAN_POINT ( 'NONE',  ( 16.56992757980552611, 6.999999999999978684, 26.00000000000001776 ) ) ;
#8570 = DIRECTION ( 'NONE',  ( 0.000000000000000000, 0.000000000000000000, 1.000000000000000000 ) ) ;
#8571 = CARTESIAN_POINT ( 'NONE',  ( -23.99999999999998934, 85.07310634219422241, 10.46850881724578031 ) ) ;
#8572 = EDGE_CURVE ( 'NONE', #11449, #7542, #4741, .T. ) ;
#8573 = VECTOR ( 'NONE', #6693, 1000.000000000000000 ) ;
#8574 = CYLINDRICAL_SURFACE ( 'NONE', #6467, 4.242640687119280329 ) ;
#8575 = CARTESIAN_POINT ( 'NONE',  ( -43.99999999999998579, 88.61736382251127964, -2.599999999999991207 ) ) ;
#8576 = ORIENTED_EDGE ( 'NONE', *, *, #3756, .F. ) ;
#8577 = CYLINDRICAL_SURFACE ( 'NONE', #8728, 3.499999999999999556 ) ;
#8578 = EDGE_CURVE ( 'NONE', #3191, #6058, #9267, .T. ) ;
#8579 = DIRECTION ( 'NONE',  ( 0.000000000000000000, 0.000000000000000000, 1.000000000000000000 ) ) ;
#8580 = CARTESIAN_POINT ( 'NONE',  ( 12.26331649530249024, -1.856522303357917458, 24.09038561774149301 ) ) ;
#8581 = ORIENTED_EDGE ( 'NONE', *, *, #6556, .F. ) ;
#8583 = CARTESIAN_POINT ( 'NONE',  ( -24.00152046944820228, 88.19089646100448476, -10.40081087223802392 ) ) ;
#8582 = DIRECTION ( 'NONE',  ( -0.7071067811865454633, 0.7071067811865495711, 0.000000000000000000 ) ) ;
#8584 = DIRECTION ( 'NONE',  ( 4.319837007227158624E-17, 1.000000000000000000, -0.000000000000000000 ) ) ;
#8585 = CARTESIAN_POINT ( 'NONE',  ( -32.45779162047082878, 66.65895734927148908, -19.71550740233784893 ) ) ;
#8586 = EDGE_LOOP ( 'NONE', ( #527, #3466, #8389, #6567 ) ) ;
#8587 = EDGE_LOOP ( 'NONE', ( #8067, #5121, #3540, #3494, #1733, #10221, #9855, #8672, #2738, #985, #10379, #3217, #4025, #705 ) ) ;
#8588 = CARTESIAN_POINT ( 'NONE',  ( -43.99999999999998579, 88.61736382251127964, -13.99999999999999645 ) ) ;
#8589 = ADVANCED_FACE ( 'NONE', ( #2109 ), #174, .T. ) ;
#8590 = ADVANCED_FACE ( 'NONE', ( #4096 ), #7649, .T. ) ;
#8591 = EDGE_CURVE ( 'NONE', #4955, #1644, #10765, .T. ) ;
#8592 = ORIENTED_EDGE ( 'NONE', *, *, #7776, .T. ) ;
#8593 = ORIENTED_EDGE ( 'NONE', *, *, #6600, .F. ) ;
#8594 = CARTESIAN_POINT ( 'NONE',  ( -20.99999999999999289, 25.00000000000000000, 21.00000000000000000 ) ) ;
#8595 = AXIS2_PLACEMENT_3D ( 'NONE', #2692, #6256, #5165 ) ;
#8596 = CARTESIAN_POINT ( 'NONE',  ( -25.67007771840335195, 12.03797273682628699, -8.271199490477265215 ) ) ;
#8597 = CARTESIAN_POINT ( 'NONE',  ( -25.35629176941796814, 81.21918977485989899, 18.52317478235267245 ) ) ;
#8598 = ORIENTED_EDGE ( 'NONE', *, *, #10433, .F. ) ;
#8599 = CARTESIAN_POINT ( 'NONE',  ( -27.59999999999998721, 13.90306154330091282, -47.00000000000000000 ) ) ;
#8600 = FACE_OUTER_BOUND ( 'NONE', #5738, .T. ) ;
#8601 = DIRECTION ( 'NONE',  ( 0.7071067811865499042, -0.7071067811865452413, 0.000000000000000000 ) ) ;
#8602 = LINE ( 'NONE', #6906, #4172 ) ;
#8603 = CARTESIAN_POINT ( 'NONE',  ( -29.10217754903401755, 1.349318847780955233, 20.00000000000001421 ) ) ;
#8604 = CIRCLE ( 'NONE', #10482, 4.500000000000000000 ) ;
#8605 = CARTESIAN_POINT ( 'NONE',  ( -23.99999999999998579, 84.69013533309194486, 2.497661816008019287 ) ) ;
#8606 = CARTESIAN_POINT ( 'NONE',  ( -36.00000000000000000, 22.99999999999999289, -20.99999999999999645 ) ) ;
#8607 = CARTESIAN_POINT ( 'NONE',  ( -22.16561135359183865, 8.468672896892813995, 15.48692574595543725 ) ) ;
#8608 = VERTEX_POINT ( 'NONE', #2337 ) ;
#8609 = AXIS2_PLACEMENT_3D ( 'NONE', #10928, #1993, #6311 ) ;
#8610 = ORIENTED_EDGE ( 'NONE', *, *, #11076, .T. ) ;
#8611 = ORIENTED_EDGE ( 'NONE', *, *, #3470, .F. ) ;
#8612 = AXIS2_PLACEMENT_3D ( 'NONE', #8052, #77, #3628 ) ;
#8613 = VECTOR ( 'NONE', #4924, 1000.000000000000000 ) ;
#8614 = CARTESIAN_POINT ( 'NONE',  ( -43.99999999999998579, 88.61736382251127964, -0.9999999999999983347 ) ) ;
#8615 = LINE ( 'NONE', #712, #11007 ) ;
#8616 = CARTESIAN_POINT ( 'NONE',  ( -21.03832892204481553, 8.000048970288766270, 15.60000000000000675 ) ) ;
#8617 = CARTESIAN_POINT ( 'NONE',  ( -42.39999999999999147, 112.7499999999999858, 1.375000000000003331 ) ) ;
#8618 = DIRECTION ( 'NONE',  ( 1.000000000000000000, 0.000000000000000000, 0.000000000000000000 ) ) ;
#8619 = VECTOR ( 'NONE', #9380, 1000.000000000000000 ) ;
#8620 = VERTEX_POINT ( 'NONE', #1474 ) ;
#8621 = AXIS2_PLACEMENT_3D ( 'NONE', #7246, #7298, #10006 ) ;
#8622 = ADVANCED_FACE ( 'NONE', ( #5911 ), #8574, .F. ) ;
#8623 = ADVANCED_FACE ( 'NONE', ( #10393 ), #5967, .F. ) ;
#8624 = ORIENTED_EDGE ( 'NONE', *, *, #9143, .T. ) ;
#8625 = EDGE_LOOP ( 'NONE', ( #8729, #3177, #5813, #8367 ) ) ;
#8626 = DIRECTION ( 'NONE',  ( 0.000000000000000000, 0.000000000000000000, 1.000000000000000000 ) ) ;
#8627 = LINE ( 'NONE', #663, #8803 ) ;
#8628 = FACE_BOUND ( 'NONE', #8867, .T. ) ;
#8629 = CARTESIAN_POINT ( 'NONE',  ( 12.06992757980552788, -37.49945344790946677, 27.00000000000000355 ) ) ;
#8630 = CARTESIAN_POINT ( 'NONE',  ( -26.07300612397533612, 8.879498952504190967, 20.25174831052557778 ) ) ;
#8631 = CARTESIAN_POINT ( 'NONE',  ( 11.56992757980552966, -37.00000000000000000, 24.50000000000000000 ) ) ;
#8632 = ORIENTED_EDGE ( 'NONE', *, *, #4, .F. ) ;
#8633 = AXIS2_PLACEMENT_3D ( 'NONE', #5803, #676, #6657 ) ;
#8634 = FACE_OUTER_BOUND ( 'NONE', #9594, .T. ) ;
#8635 = PLANE ( 'NONE',  #11254 ) ;
#8636 = ORIENTED_EDGE ( 'NONE', *, *, #3004, .F. ) ;
#8637 = VECTOR ( 'NONE', #7653, 1000.000000000000000 ) ;
#8638 = EDGE_CURVE ( 'NONE', #2824, #4389, #901, .T. ) ;
#8639 = VECTOR ( 'NONE', #5677, 1000.000000000000000 ) ;
#8640 = ADVANCED_FACE ( 'NONE', ( #1710 ), #6247, .F. ) ;
#8641 = CARTESIAN_POINT ( 'NONE',  ( -20.99999999999999289, 27.26042085618161082, 5.500000000000002665 ) ) ;
#8642 = VECTOR ( 'NONE', #4122, 1000.000000000000000 ) ;
#8643 = B_SPLINE_CURVE_WITH_KNOTS ( 'NONE', 3,
 ( #8304, #323, #3109, #3875 ),
 .UNSPECIFIED., .F., .F.,
 ( 4, 4 ),
 ( 3.469446951953614189E-18, 5.010048913671248894E-05 ),
 .UNSPECIFIED. ) ;
#8644 = DIRECTION ( 'NONE',  ( -0.000000000000000000, -0.000000000000000000, -1.000000000000000000 ) ) ;
#8645 = ORIENTED_EDGE ( 'NONE', *, *, #10161, .F. ) ;
#8647 = FACE_OUTER_BOUND ( 'NONE', #7288, .T. ) ;
#8646 = CARTESIAN_POINT ( 'NONE',  ( 17.45567292965403894, -1.124436237480083454E-16, 21.21375147157700169 ) ) ;
#8648 = DIRECTION ( 'NONE',  ( -0.8681683818352193827, 0.4234340121835279414, -0.2588190451025132455 ) ) ;
#8649 = ORIENTED_EDGE ( 'NONE', *, *, #1053, .T. ) ;
#8650 = PLANE ( 'NONE',  #4233 ) ;
#8651 = CARTESIAN_POINT ( 'NONE',  ( -36.00000000000000000, 51.31596721165376351, -10.40000000000000036 ) ) ;
#8652 = VECTOR ( 'NONE', #3999, 1000.000000000000114 ) ;
#8653 = CARTESIAN_POINT ( 'NONE',  ( -35.73499348497428230, 52.00000000000007105, 20.88751140824027530 ) ) ;
#8654 = EDGE_CURVE ( 'NONE', #2090, #5379, #1926, .T. ) ;
#8655 = FACE_OUTER_BOUND ( 'NONE', #2463, .T. ) ;
#8656 = ORIENTED_EDGE ( 'NONE', *, *, #6923, .T. ) ;
#8657 = VECTOR ( 'NONE', #6448, 1000.000000000000000 ) ;
#8658 = DIRECTION ( 'NONE',  ( -0.000000000000000000, -0.000000000000000000, -1.000000000000000000 ) ) ;
#8659 = CARTESIAN_POINT ( 'NONE',  ( -36.00000000000000000, 122.0000000000000000, -20.99999999999999645 ) ) ;
#8660 = ORIENTED_EDGE ( 'NONE', *, *, #7620, .F. ) ;
#8661 = CARTESIAN_POINT ( 'NONE',  ( -24.04774182467028254, 87.23627957273178879, -9.099999999999997868 ) ) ;
#8662 = DIRECTION ( 'NONE',  ( -5.766135945856683012E-32, -1.000000000000000000, -1.927470528863117569E-16 ) ) ;
#8663 = EDGE_CURVE ( 'NONE', #9479, #1729, #4556, .T. ) ;
#8664 = LINE ( 'NONE', #5183, #4616 ) ;
#8665 = EDGE_CURVE ( 'NONE', #2198, #5829, #4498, .T. ) ;
#8666 = DIRECTION ( 'NONE',  ( -0.000000000000000000, -1.000000000000000000, -0.000000000000000000 ) ) ;
#8667 = CARTESIAN_POINT ( 'NONE',  ( -22.38301146866674074, 0.03816375640158793658, 22.08928526300578099 ) ) ;
#8668 = CARTESIAN_POINT ( 'NONE',  ( -23.99999999999998224, 82.74895480924409696, 2.397440704741610862 ) ) ;
#8669 = CARTESIAN_POINT ( 'NONE',  ( -23.99999999999998934, 88.19122569133416789, -10.40121630914684481 ) ) ;
#8670 = CARTESIAN_POINT ( 'NONE',  ( -36.00000000000000000, 22.99999999999999289, -2.599999999999994760 ) ) ;
#8671 = ORIENTED_EDGE ( 'NONE', *, *, #2243, .T. ) ;
#8672 = ORIENTED_EDGE ( 'NONE', *, *, #4811, .T. ) ;
#8673 = VERTEX_POINT ( 'NONE', #1063 ) ;
#8674 = ORIENTED_EDGE ( 'NONE', *, *, #2796, .T. ) ;
#8675 = CARTESIAN_POINT ( 'NONE',  ( -28.14351423187825318, 2.056218021547520536, 20.99999999999999289 ) ) ;
#8676 = AXIS2_PLACEMENT_3D ( 'NONE', #390, #332, #1440 ) ;
#8677 = EDGE_CURVE ( 'NONE', #8683, #4327, #76, .T. ) ;
#8678 = CARTESIAN_POINT ( 'NONE',  ( -22.15192848776896284, 0.02607653475428060169, 22.25270063895441908 ) ) ;
#8679 = CARTESIAN_POINT ( 'NONE',  ( 9.693539204939243703, -1.750000000000000222, 21.00000000000000000 ) ) ;
#8680 = DIRECTION ( 'NONE',  ( -0.7071067811865328068, 0.000000000000000000, 0.7071067811865622277 ) ) ;
#8681 = LINE ( 'NONE', #11263, #2165 ) ;
#8682 = AXIS2_PLACEMENT_3D ( 'NONE', #4379, #7047, #777 ) ;
#8683 = VERTEX_POINT ( 'NONE', #3683 ) ;
#8684 = ORIENTED_EDGE ( 'NONE', *, *, #7471, .F. ) ;
#8685 = EDGE_LOOP ( 'NONE', ( #6974, #6332, #4467, #2709 ) ) ;
#8686 = VERTEX_POINT ( 'NONE', #1918 ) ;
#8687 = B_SPLINE_CURVE_WITH_KNOTS ( 'NONE', 3,
 ( #1673, #7844, #11410, #3410 ),
 .UNSPECIFIED., .F., .F.,
 ( 4, 4 ),
 ( 0.02146954587542755644, 0.02306251689685194159 ),
 .UNSPECIFIED. ) ;
#8688 = CARTESIAN_POINT ( 'NONE',  ( -24.00000000000006040, 59.90306154330085064, -47.00000000000000000 ) ) ;
#8689 = CARTESIAN_POINT ( 'NONE',  ( -20.10042091740903913, 0.9055496419185923296, 25.53553390593271644 ) ) ;
#8690 = LINE ( 'NONE', #3386, #1569 ) ;
#8691 = CARTESIAN_POINT ( 'NONE',  ( -17.59944590852250457, -0.2076431953346286330, 26.89220757575289511 ) ) ;
#8692 = DIRECTION ( 'NONE',  ( 0.5915564453875324924, 0.3873770410342443626, 0.7071067811865620056 ) ) ;
#8693 = ADVANCED_FACE ( 'NONE', ( #5269 ), #9815, .F. ) ;
#8694 = ORIENTED_EDGE ( 'NONE', *, *, #11292, .T. ) ;
#8695 = FACE_OUTER_BOUND ( 'NONE', #6060, .T. ) ;
#8696 = CIRCLE ( 'NONE', #1636, 1.600000000000000311 ) ;
#8697 = CIRCLE ( 'NONE', #152, 1.599999999999999867 ) ;
#8698 = EDGE_CURVE ( 'NONE', #11075, #6, #716, .T. ) ;
#8699 = CARTESIAN_POINT ( 'NONE',  ( -0.9999999999999978906, 51.31596721165376351, -2.599999999999994760 ) ) ;
#8700 = DIRECTION ( 'NONE',  ( -1.000000000000000000, 0.000000000000000000, 1.652117596168388002E-16 ) ) ;
#8701 = VERTEX_POINT ( 'NONE', #4608 ) ;
#8703 = DIRECTION ( 'NONE',  ( 1.734723475976807489E-15, -1.000000000000000000, 0.000000000000000000 ) ) ;
#8702 = CARTESIAN_POINT ( 'NONE',  ( -26.13553390593276760, 48.83859544923359408, -11.99999999999999645 ) ) ;
#8704 =( LENGTH_UNIT ( ) NAMED_UNIT ( * ) SI_UNIT ( .MILLI., .METRE. ) );
#8705 = DIRECTION ( 'NONE',  ( -0.000000000000000000, -1.000000000000000000, -0.000000000000000000 ) ) ;
#8706 = EDGE_LOOP ( 'NONE', ( #10259, #4532, #6110, #6926 ) ) ;
#8707 = AXIS2_PLACEMENT_3D ( 'NONE', #11127, #4121, #6677 ) ;
#8708 = ORIENTED_EDGE ( 'NONE', *, *, #1932, .F. ) ;
#8709 = EDGE_CURVE ( 'NONE', #7487, #3276, #7770, .T. ) ;
#8710 = EDGE_CURVE ( 'NONE', #7201, #8723, #8748, .T. ) ;
#8711 = DIRECTION ( 'NONE',  ( -0.000000000000000000, 0.000000000000000000, -1.000000000000000000 ) ) ;
#8712 = VECTOR ( 'NONE', #5467, 1000.000000000000000 ) ;
#8713 = CARTESIAN_POINT ( 'NONE',  ( -0.9999999999999967804, 51.31596721165376351, 3.899999999999997247 ) ) ;
#8714 = ORIENTED_EDGE ( 'NONE', *, *, #2780, .T. ) ;
#8715 = VECTOR ( 'NONE', #9410, 1000.000000000000000 ) ;
#8716 = ORIENTED_EDGE ( 'NONE', *, *, #11029, .T. ) ;
#8717 = PLANE ( 'NONE',  #3472 ) ;
#8718 = CYLINDRICAL_SURFACE ( 'NONE', #115, 20.00000000000000000 ) ;
#8719 = ORIENTED_EDGE ( 'NONE', *, *, #11190, .F. ) ;
#8720 = CARTESIAN_POINT ( 'NONE',  ( -25.67011599180681003, 12.03801022220755179, -4.728806752769174615 ) ) ;
#8721 = EDGE_CURVE ( 'NONE', #9561, #7107, #7945, .T. ) ;
#8722 = CARTESIAN_POINT ( 'NONE',  ( -27.60000000000004405, 52.37412935516633894, 12.00000000000000178 ) ) ;
#8723 = VERTEX_POINT ( 'NONE', #7282 ) ;
#8724 = FACE_OUTER_BOUND ( 'NONE', #8219, .T. ) ;
#8725 = CARTESIAN_POINT ( 'NONE',  ( -21.82561512133525383, 1.000000102894293752, 23.81034306980214765 ) ) ;
#8726 = CARTESIAN_POINT ( 'NONE',  ( -27.59999999999998721, 19.90306154330091104, -47.00000000000000000 ) ) ;
#8727 = DIRECTION ( 'NONE',  ( -0.000000000000000000, -0.000000000000000000, -1.000000000000000000 ) ) ;
#8728 = AXIS2_PLACEMENT_3D ( 'NONE', #10456, #4156, #7703 ) ;
#8729 = ORIENTED_EDGE ( 'NONE', *, *, #3993, .F. ) ;
#8730 = VERTEX_POINT ( 'NONE', #8000 ) ;
#8731 = ADVANCED_FACE ( 'NONE', ( #6350 ), #187, .F. ) ;
#8732 = VERTEX_POINT ( 'NONE', #8932 ) ;
#8733 = VECTOR ( 'NONE', #7191, 1000.000000000000000 ) ;
#8734 = CARTESIAN_POINT ( 'NONE',  ( -23.96706049512136616, 1.128575310799754927, 22.23187817402671485 ) ) ;
#8735 = VECTOR ( 'NONE', #5019, 1000.000000000000000 ) ;
#8736 = CARTESIAN_POINT ( 'NONE',  ( -25.12670354459586264, 0.3422852028877251818, 20.68168706310935789 ) ) ;
#8737 = CARTESIAN_POINT ( 'NONE',  ( -23.99999999999997158, 10.30306154330093094, -47.00000000000000000 ) ) ;
#8738 = EDGE_CURVE ( 'NONE', #8198, #5205, #5494, .T. ) ;
#8739 = LINE ( 'NONE', #11436, #10062 ) ;
#8740 = CARTESIAN_POINT ( 'NONE',  ( -27.59999999999998721, 88.61736382251127964, 12.00000000000000178 ) ) ;
#8741 = ORIENTED_EDGE ( 'NONE', *, *, #1505, .T. ) ;
#8742 = AXIS2_PLACEMENT_3D ( 'NONE', #654, #3201, #9511 ) ;
#8743 = VERTEX_POINT ( 'NONE', #954 ) ;
#8744 = EDGE_CURVE ( 'NONE', #4872, #7351, #8872, .T. ) ;
#8745 = VECTOR ( 'NONE', #11010, 1000.000000000000000 ) ;
#8746 = CARTESIAN_POINT ( 'NONE',  ( -1.442848860394842170, 46.06021268290589177, 7.500000000000002665 ) ) ;
#8747 = ORIENTED_EDGE ( 'NONE', *, *, #4698, .T. ) ;
#8748 = B_SPLINE_CURVE_WITH_KNOTS ( 'NONE', 1,
 ( #1867, #5441 ),
 .UNSPECIFIED., .F., .F.,
 ( 2, 2 ),
 ( 0.000000000000000000, 1.000000000000000000 ),
 .UNSPECIFIED. ) ;
#8749 = ORIENTED_EDGE ( 'NONE', *, *, #2641, .T. ) ;
#8750 = LINE ( 'NONE', #10510, #8437 ) ;
#8751 = CARTESIAN_POINT ( 'NONE',  ( -27.60000000000000853, 34.17412935516636452, -13.99999999999999645 ) ) ;
#8752 = ORIENTED_EDGE ( 'NONE', *, *, #7264, .T. ) ;
#8753 = CARTESIAN_POINT ( 'NONE',  ( -17.53926139075216284, -0.2579057618377955663, 26.90450258288473862 ) ) ;
#8754 = CYLINDRICAL_SURFACE ( 'NONE', #3765, 4.242640687119314968 ) ;
#8755 = ORIENTED_EDGE ( 'NONE', *, *, #7721, .F. ) ;
#8756 = DIRECTION ( 'NONE',  ( 0.7071067811865499042, -0.7071067811865451302, 0.000000000000000000 ) ) ;
#8757 = CIRCLE ( 'NONE', #5417, 5.000000000000000888 ) ;
#8758 = VERTEX_POINT ( 'NONE', #3565 ) ;
#8759 = PRODUCT_DEFINITION_CONTEXT ( 'detailed design', #4101, 'design' ) ;
#8760 = EDGE_CURVE ( 'NONE', #5999, #11482, #7113, .T. ) ;
#8761 = CARTESIAN_POINT ( 'NONE',  ( -36.00000000000000000, 51.31596721165375641, -20.99999999999997513 ) ) ;
#8762 = CARTESIAN_POINT ( 'NONE',  ( -23.99999999999998934, 88.61736382251127964, -18.49999999999993605 ) ) ;
#8763 = ORIENTED_EDGE ( 'NONE', *, *, #1770, .F. ) ;
#8764 = CARTESIAN_POINT ( 'NONE',  ( -26.97028684189959336, 14.28242300105684670, -1.409456502674527156 ) ) ;
#8765 = LINE ( 'NONE', #4338, #9227 ) ;
#8766 = DIRECTION ( 'NONE',  ( 0.000000000000000000, -1.000000000000000000, -1.927470528863117569E-16 ) ) ;
#8767 = ORIENTED_EDGE ( 'NONE', *, *, #2894, .T. ) ;
#8768 = CARTESIAN_POINT ( 'NONE',  ( -30.02871870788960962, 22.99999999999999289, 5.500000000000002665 ) ) ;
#8769 = ORIENTED_EDGE ( 'NONE', *, *, #6024, .F. ) ;
#8770 = CARTESIAN_POINT ( 'NONE',  ( -42.39999999999999147, 89.25000000000000000, -1.374999999999990896 ) ) ;
#8771 = CONICAL_SURFACE ( 'NONE', #1876, 29.02871870788958830, 1.308996938995755421 ) ;
#8772 = DIRECTION ( 'NONE',  ( -0.000000000000000000, 1.000000000000000000, -0.000000000000000000 ) ) ;
#8773 = ADVANCED_FACE ( 'NONE', ( #5386 ), #11023, .F. ) ;
#8774 = PLANE ( 'NONE',  #6703 ) ;
#8775 = VERTEX_POINT ( 'NONE', #6576 ) ;
#8776 = CARTESIAN_POINT ( 'NONE',  ( 20.00000000000003197, 0.000000000000000000, -16.21920158330861028 ) ) ;
#8777 = EDGE_CURVE ( 'NONE', #10630, #7149, #2747, .T. ) ;
#8778 = EDGE_CURVE ( 'NONE', #4176, #8442, #5740, .T. ) ;
#8779 = EDGE_LOOP ( 'NONE', ( #1708, #5841, #1604, #8660, #3382 ) ) ;
#8780 = VECTOR ( 'NONE', #5470, 1000.000000000000000 ) ;
#8781 = PLANE ( 'NONE',  #7002 ) ;
#8782 = ORIENTED_EDGE ( 'NONE', *, *, #3451, .F. ) ;
#8783 = AXIS2_PLACEMENT_3D ( 'NONE', #4682, #6658, #7596 ) ;
#8784 = DIRECTION ( 'NONE',  ( -1.000000000000000000, 2.465190328815661892E-32, 1.712579034340941216E-16 ) ) ;
#8785 = DIRECTION ( 'NONE',  ( 0.000000000000000000, 1.000000000000000000, -1.927470528863117569E-16 ) ) ;
#8786 = ORIENTED_EDGE ( 'NONE', *, *, #3371, .F. ) ;
#8787 = LINE ( 'NONE', #578, #6037 ) ;
#8788 = CARTESIAN_POINT ( 'NONE',  ( -22.00019192780801447, 0.01957570951757612795, 22.36577151700499755 ) ) ;
#8789 = EDGE_CURVE ( 'NONE', #2085, #179, #2153, .T. ) ;
#8790 = CYLINDRICAL_SURFACE ( 'NONE', #3954, 5.000000000000000888 ) ;
#8791 = ORIENTED_EDGE ( 'NONE', *, *, #4363, .F. ) ;
#8792 = ORIENTED_EDGE ( 'NONE', *, *, #1702, .T. ) ;
#8793 = EDGE_CURVE ( 'NONE', #863, #10395, #5931, .T. ) ;
#8794 = VERTEX_POINT ( 'NONE', #4778 ) ;
#8795 = DIRECTION ( 'NONE',  ( 0.000000000000000000, 0.000000000000000000, -1.000000000000000000 ) ) ;
#8796 = CARTESIAN_POINT ( 'NONE',  ( -21.27138937049927847, 4.907497138154602589E-17, 22.96121486780845444 ) ) ;
#8797 = CARTESIAN_POINT ( 'NONE',  ( -15.49999999999999467, 0.000000000000000000, -15.50000000000000533 ) ) ;
#8798 = FACE_BOUND ( 'NONE', #8114, .T. ) ;
#8799 = DIRECTION ( 'NONE',  ( 1.000000000000000000, 0.000000000000000000, 0.000000000000000000 ) ) ;
#8800 = VERTEX_POINT ( 'NONE', #8550 ) ;
#8801 = EDGE_LOOP ( 'NONE', ( #3337, #10206, #6277, #149 ) ) ;
#8802 = ORIENTED_EDGE ( 'NONE', *, *, #7647, .T. ) ;
#8803 = VECTOR ( 'NONE', #7762, 1000.000000000000000 ) ;
#8804 = ORIENTED_EDGE ( 'NONE', *, *, #2383, .F. ) ;
#8805 = CARTESIAN_POINT ( 'NONE',  ( -20.99999999999999289, 27.26042085618161082, 5.500000000000002665 ) ) ;
#8806 = CARTESIAN_POINT ( 'NONE',  ( -23.99999999999998224, 77.13902729523027801, 8.294101948832366844 ) ) ;
#8807 = DIRECTION ( 'NONE',  ( -0.2588190451025140781, -0.000000000000000000, -0.9659258262890700886 ) ) ;
#8808 = FACE_OUTER_BOUND ( 'NONE', #7038, .T. ) ;
#8809 = LINE ( 'NONE', #6936, #7431 ) ;
#8810 = VERTEX_POINT ( 'NONE', #3247 ) ;
#8811 = AXIS2_PLACEMENT_3D ( 'NONE', #6248, #9816, #1823 ) ;
#8812 = EDGE_CURVE ( 'NONE', #9504, #1627, #296, .T. ) ;
#8813 = DIRECTION ( 'NONE',  ( 1.000000000000000000, 0.000000000000000000, -1.652117596168388002E-16 ) ) ;
#8814 = ADVANCED_FACE ( 'NONE', ( #11307 ), #7672, .F. ) ;
#8815 = AXIS2_PLACEMENT_3D ( 'NONE', #3746, #2105, #7182 ) ;
#8816 = VECTOR ( 'NONE', #6820, 1000.000000000000000 ) ;
#8817 = ORIENTED_EDGE ( 'NONE', *, *, #3202, .F. ) ;
#8818 = LINE ( 'NONE', #6886, #9398 ) ;
#8819 = VECTOR ( 'NONE', #7750, 1000.000000000000000 ) ;
#8820 = DIRECTION ( 'NONE',  ( -1.000000000000000000, -0.000000000000000000, -0.000000000000000000 ) ) ;
#8821 = VERTEX_POINT ( 'NONE', #5664 ) ;
#8822 = DIRECTION ( 'NONE',  ( 1.000000000000000000, 0.000000000000000000, 0.000000000000000000 ) ) ;
#8823 = CARTESIAN_POINT ( 'NONE',  ( -24.01591453700672574, 87.23058784445814240, 9.091386886199064321 ) ) ;
#8824 = CIRCLE ( 'NONE', #7702, 35.00000000000000000 ) ;
#8825 = FACE_OUTER_BOUND ( 'NONE', #6859, .T. ) ;
#8826 = VERTEX_POINT ( 'NONE', #2040 ) ;
#8827 = CARTESIAN_POINT ( 'NONE',  ( -8.585072420194476805, -1.750000000000002442, 24.03108891324553653 ) ) ;
#8828 = VERTEX_POINT ( 'NONE', #6793 ) ;
#8829 = EDGE_CURVE ( 'NONE', #8198, #8686, #5724, .T. ) ;
#8830 = CARTESIAN_POINT ( 'NONE',  ( -0.9999999999999993339, 51.31596721165375641, -11.99999999999999645 ) ) ;
#8831 = VECTOR ( 'NONE', #8666, 1000.000000000000000 ) ;
#8832 = VECTOR ( 'NONE', #10941, 1000.000000000000000 ) ;
#8833 = VECTOR ( 'NONE', #556, 1000.000000000000000 ) ;
#8834 = CARTESIAN_POINT ( 'NONE',  ( -27.60000000000000853, 34.17412935516636452, -0.9999999999999983347 ) ) ;
#8835 = EDGE_LOOP ( 'NONE', ( #2503, #1367, #9165, #6709 ) ) ;
#8836 = VERTEX_POINT ( 'NONE', #3308 ) ;
#8837 = B_SPLINE_CURVE_WITH_KNOTS ( 'NONE', 3,
 ( #4016, #650, #2254, #5832, #3021, #587, #9390, #4133 ),
 .UNSPECIFIED., .F., .F.,
 ( 4, 2, 2, 4 ),
 ( 0.000000000000000000, 0.0003128767791609498618, 0.0006257535583218997235, 0.001251507116643800098 ),
 .UNSPECIFIED. ) ;
#8838 = PLANE ( 'NONE',  #8494 ) ;
#8839 = DIRECTION ( 'NONE',  ( 1.000000000000000000, 0.000000000000000000, 0.000000000000000000 ) ) ;
#8840 = EDGE_LOOP ( 'NONE', ( #4272, #4072, #6263, #8684 ) ) ;
#8841 = DIRECTION ( 'NONE',  ( -1.652117596168388002E-16, 0.000000000000000000, -1.000000000000000000 ) ) ;
#8842 = AXIS2_PLACEMENT_3D ( 'NONE', #4472, #3542, #9737 ) ;
#8843 = CARTESIAN_POINT ( 'NONE',  ( 9.693539204939243703, -1.750000000000000222, 24.50000000000000000 ) ) ;
#8844 = CARTESIAN_POINT ( 'NONE',  ( -23.99999999999998579, 23.50306154330088759, -47.00000000000000000 ) ) ;
#8845 = ORIENTED_EDGE ( 'NONE', *, *, #337, .F. ) ;
#8846 = CARTESIAN_POINT ( 'NONE',  ( -22.60000000000000853, 34.17412935516637162, -47.00000000000000000 ) ) ;
#8847 = CARTESIAN_POINT ( 'NONE',  ( -28.29195979413055539, 9.891707877805609783, 19.99999999999983302 ) ) ;
#8848 = EDGE_CURVE ( 'NONE', #9114, #937, #2563, .T. ) ;
#8849 = DIRECTION ( 'NONE',  ( -0.7071067811865474617, -0.7071067811865474617, 0.000000000000000000 ) ) ;
#8850 = DIRECTION ( 'NONE',  ( -0.000000000000000000, -1.000000000000000000, -0.000000000000000000 ) ) ;
#8851 = EDGE_CURVE ( 'NONE', #3282, #11208, #5552, .T. ) ;
#8852 = VERTEX_POINT ( 'NONE', #8281 ) ;
#8853 = EDGE_LOOP ( 'NONE', ( #6629, #5160, #9310, #7877 ) ) ;
#8854 = AXIS2_PLACEMENT_3D ( 'NONE', #4847, #6647, #6706 ) ;
#8855 = ORIENTED_EDGE ( 'NONE', *, *, #3664, .F. ) ;
#8856 = FACE_OUTER_BOUND ( 'NONE', #9820, .T. ) ;
#8857 = CARTESIAN_POINT ( 'NONE',  ( -27.59999999999998721, 88.61736382251127964, 5.500000000000002665 ) ) ;
#8858 = CARTESIAN_POINT ( 'NONE',  ( -43.99999999999998579, 88.61736382251127964, -5.499999999999999112 ) ) ;
#8859 = AXIS2_PLACEMENT_3D ( 'NONE', #8659, #1552, #694 ) ;
#8860 = LINE ( 'NONE', #1966, #2664 ) ;
#8861 = EDGE_CURVE ( 'NONE', #11058, #3182, #1502, .T. ) ;
#8862 = EDGE_CURVE ( 'NONE', #9504, #11058, #1455, .T. ) ;
#8863 = DIRECTION ( 'NONE',  ( 1.000000000000000000, 0.000000000000000000, 0.000000000000000000 ) ) ;
#8864 = EDGE_CURVE ( 'NONE', #3559, #9504, #1283, .T. ) ;
#8865 = ORIENTED_EDGE ( 'NONE', *, *, #1317, .F. ) ;
#8866 = B_SPLINE_CURVE_WITH_KNOTS ( 'NONE', 3,
 ( #9772, #2455, #1774, #847 ),
 .UNSPECIFIED., .F., .F.,
 ( 4, 4 ),
 ( 0.000000000000000000, 0.001457054811810074620 ),
 .UNSPECIFIED. ) ;
#8867 = EDGE_LOOP ( 'NONE', ( #2868, #7375 ) ) ;
#8868 = ORIENTED_EDGE ( 'NONE', *, *, #11438, .T. ) ;
#8869 = CARTESIAN_POINT ( 'NONE',  ( 11.56992757980552788, -5.000000000000000000, 27.00000000000000355 ) ) ;
#8870 = DIRECTION ( 'NONE',  ( 0.7071067811865499042, -0.7071067811865451302, -0.000000000000000000 ) ) ;
#8871 = ORIENTED_EDGE ( 'NONE', *, *, #9514, .F. ) ;
#8872 = LINE ( 'NONE', #24, #9844 ) ;
#8873 = DIRECTION ( 'NONE',  ( 1.000000000000000000, 2.081668171172168119E-15, 0.000000000000000000 ) ) ;
#8874 = B_SPLINE_CURVE_WITH_KNOTS ( 'NONE', 3,
 ( #10421, #2241, #1500, #7494 ),
 .UNSPECIFIED., .F., .F.,
 ( 4, 4 ),
 ( 0.02048895373950695986, 0.02088842704774612064 ),
 .UNSPECIFIED. ) ;
#8875 = CIRCLE ( 'NONE', #6445, 1.906370849898480380 ) ;
#8876 = EDGE_LOOP ( 'NONE', ( #4130, #7333, #6028, #6814 ) ) ;
#8877 = CARTESIAN_POINT ( 'NONE',  ( 9.869927579805528595, -37.00000000000000000, 24.50000000000000000 ) ) ;
#8878 = AXIS2_PLACEMENT_3D ( 'NONE', #2188, #10246, #5766 ) ;
#8879 = VECTOR ( 'NONE', #293, 1000.000000000000000 ) ;
#8880 = ORIENTED_EDGE ( 'NONE', *, *, #3620, .T. ) ;
#8881 = PLANE ( 'NONE',  #3431 ) ;
#8882 = DIRECTION ( 'NONE',  ( 0.000000000000000000, 0.000000000000000000, -1.000000000000000000 ) ) ;
#8883 = ORIENTED_EDGE ( 'NONE', *, *, #5216, .T. ) ;
#8884 = CARTESIAN_POINT ( 'NONE',  ( 11.56992757980552966, -37.00000000000000000, 27.00000000000000355 ) ) ;
#8885 = DIRECTION ( 'NONE',  ( 0.000000000000000000, 1.000000000000000000, -0.000000000000000000 ) ) ;
#8886 = DIRECTION ( 'NONE',  ( 1.000000000000000000, 0.000000000000000000, 0.000000000000000000 ) ) ;
#8887 = CARTESIAN_POINT ( 'NONE',  ( -21.24809247871001361, 8.010977461642101005, 10.40248543321004782 ) ) ;
#8888 = ORIENTED_EDGE ( 'NONE', *, *, #4143, .F. ) ;
#8889 = DIRECTION ( 'NONE',  ( -1.000000000000000000, 0.000000000000000000, 1.652117596168388002E-16 ) ) ;
#8890 = ORIENTED_EDGE ( 'NONE', *, *, #6612, .T. ) ;
#8891 = CARTESIAN_POINT ( 'NONE',  ( -20.72882628602113542, 0.6666666666666719587, 24.43572401652956927 ) ) ;
#8892 = CIRCLE ( 'NONE', #3303, 1.906370849898477493 ) ;
#8893 = LINE ( 'NONE', #7190, #1011 ) ;
#8894 = EDGE_CURVE ( 'NONE', #302, #10796, #10913, .T. ) ;
#8895 = LINE ( 'NONE', #1550, #1047 ) ;
#8896 = B_SPLINE_CURVE_WITH_KNOTS ( 'NONE', 3,
 ( #9967, #5537, #2669, #885, #6338, #3671, #7209, #4434 ),
 .UNSPECIFIED., .F., .F.,
 ( 4, 2, 2, 4 ),
 ( 0.000000000000000000, 0.0003128767791609510544, 0.0006257535583219021088, 0.001251507116643804218 ),
 .UNSPECIFIED. ) ;
#8897 = ORIENTED_EDGE ( 'NONE', *, *, #3239, .T. ) ;
#8898 = DIRECTION ( 'NONE',  ( 1.652117596168387756E-16, 0.000000000000000000, 1.000000000000000000 ) ) ;
#8899 = CARTESIAN_POINT ( 'NONE',  ( -12.20630868845291772, -7.993224955204091486, 27.00000000000000355 ) ) ;
#8900 = VECTOR ( 'NONE', #5848, 1000.000000000000000 ) ;
#8901 = ORIENTED_EDGE ( 'NONE', *, *, #11109, .T. ) ;
#8902 = DIRECTION ( 'NONE',  ( 0.000000000000000000, 0.000000000000000000, 1.000000000000000000 ) ) ;
#8903 = LINE ( 'NONE', #9681, #5560 ) ;
#8904 = ORIENTED_EDGE ( 'NONE', *, *, #8009, .T. ) ;
#8905 = CARTESIAN_POINT ( 'NONE',  ( -27.59999999999998721, 88.61736382251127964, -5.499999999999999112 ) ) ;
#8906 = FACE_OUTER_BOUND ( 'NONE', #10531, .T. ) ;
#8907 = CARTESIAN_POINT ( 'NONE',  ( -23.99999999999998224, 78.86271205119403760, 8.496568019669940242 ) ) ;
#8908 = ORIENTED_EDGE ( 'NONE', *, *, #9135, .F. ) ;
#8909 = ORIENTED_EDGE ( 'NONE', *, *, #7562, .T. ) ;
#8910 = B_SPLINE_CURVE_WITH_KNOTS ( 'NONE', 3,
 ( #4317, #6068, #2562, #11499 ),
 .UNSPECIFIED., .F., .F.,
 ( 4, 4 ),
 ( 0.000000000000000000, 0.002626471643539441802 ),
 .UNSPECIFIED. ) ;
#8911 = ORIENTED_EDGE ( 'NONE', *, *, #1452, .F. ) ;
#8912 = VERTEX_POINT ( 'NONE', #2910 ) ;
#8913 = ORIENTED_EDGE ( 'NONE', *, *, #2019, .T. ) ;
#8914 = CARTESIAN_POINT ( 'NONE',  ( -21.03832892204481908, 8.000048970288766270, 9.100000000000003197 ) ) ;
#8915 = ORIENTED_EDGE ( 'NONE', *, *, #3189, .T. ) ;
#8916 = CARTESIAN_POINT ( 'NONE',  ( -34.09999999999998721, 110.4999999999999858, 5.545168646161523908E-15 ) ) ;
#8917 = FACE_OUTER_BOUND ( 'NONE', #8173, .T. ) ;
#8918 = AXIS2_PLACEMENT_3D ( 'NONE', #11294, #9723, #4343 ) ;
#8919 =( BOUNDED_CURVE ( )  B_SPLINE_CURVE ( 3, ( #8364, #8473, #6492, #9357 ),
 .UNSPECIFIED., .F., .F. ) 
 B_SPLINE_CURVE_WITH_KNOTS ( ( 4, 4 ),
 ( 6.089232279380248691, 6.283185307179586232 ),
 .UNSPECIFIED. ) 
 CURVE ( )  GEOMETRIC_REPRESENTATION_ITEM ( )  RATIONAL_B_SPLINE_CURVE ( ( 1.000000000000000000, 0.9968676412464794190, 0.9968676412464794190, 1.000000000000000000 ) ) 
 REPRESENTATION_ITEM ( '' )  );
#8920 = DIRECTION ( 'NONE',  ( 1.000000000000000000, 0.000000000000000000, 0.000000000000000000 ) ) ;
#8921 = CARTESIAN_POINT ( 'NONE',  ( -20.99999999999999289, 27.26042085618161082, -5.499999999999998224 ) ) ;
#8922 = EDGE_LOOP ( 'NONE', ( #896, #1751, #5047, #1111 ) ) ;
#8923 = EDGE_LOOP ( 'NONE', ( #7638, #6364, #1386, #5606 ) ) ;
#8924 = VECTOR ( 'NONE', #9984, 1000.000000000000114 ) ;
#8925 = ORIENTED_EDGE ( 'NONE', *, *, #3962, .T. ) ;
#8926 = ORIENTED_EDGE ( 'NONE', *, *, #1304, .F. ) ;
#8927 = EDGE_CURVE ( 'NONE', #4861, #423, #10839, .T. ) ;
#8928 = CARTESIAN_POINT ( 'NONE',  ( -20.99999999999999289, 22.99999999999999289, -9.099999999999996092 ) ) ;
#8929 = CARTESIAN_POINT ( 'NONE',  ( -21.71393835577975295, 8.016999899080733627, -21.00000000000000000 ) ) ;
#8930 = CARTESIAN_POINT ( 'NONE',  ( -24.96396103067888106, 11.26702257397983331, 11.10082212879905761 ) ) ;
#8931 = EDGE_CURVE ( 'NONE', #8775, #7717, #7401, .T. ) ;
#8932 = CARTESIAN_POINT ( 'NONE',  ( -26.13553390593274273, 30.63859544923362677, 12.00000000000000178 ) ) ;
#8933 = DIRECTION ( 'NONE',  ( 0.000000000000000000, 0.000000000000000000, 1.000000000000000000 ) ) ;
#8934 = CYLINDRICAL_SURFACE ( 'NONE', #9311, 5.000000000000000888 ) ;
#8935 = CARTESIAN_POINT ( 'NONE',  ( -20.10042091740903913, 0.9055496419185923296, 25.53553390593271644 ) ) ;
#8936 = ADVANCED_FACE ( 'NONE', ( #4356 ), #10771, .F. ) ;
#8937 = CIRCLE ( 'NONE', #3151, 4.242640687119280329 ) ;
#8938 = VERTEX_POINT ( 'NONE', #5363 ) ;
#8939 = APPLICATION_CONTEXT ( 'automotive_design' ) ;
#8940 = FACE_OUTER_BOUND ( 'NONE', #9972, .T. ) ;
#8942 = ORIENTED_EDGE ( 'NONE', *, *, #3105, .F. ) ;
#8941 = EDGE_CURVE ( 'NONE', #11316, #1940, #8903, .T. ) ;
#8943 = CARTESIAN_POINT ( 'NONE',  ( -23.79925494307531153, 7.166173627214321940, 22.32714893691026248 ) ) ;
#8944 = DIRECTION ( 'NONE',  ( 1.000000000000000000, 0.000000000000000000, 0.000000000000000000 ) ) ;
#8945 = CARTESIAN_POINT ( 'NONE',  ( -27.60000000000000853, 34.17412935516636452, -1.000000000000000888 ) ) ;
#8946 = DIRECTION ( 'NONE',  ( 0.000000000000000000, 0.000000000000000000, 1.000000000000000000 ) ) ;
#8947 = CARTESIAN_POINT ( 'NONE',  ( -43.99999999999998579, 88.61736382251127964, 7.500000000000007105 ) ) ;
#8948 = EDGE_CURVE ( 'NONE', #4981, #5999, #6841, .T. ) ;
#8949 = DIRECTION ( 'NONE',  ( 0.000000000000000000, 1.000000000000000000, 0.000000000000000000 ) ) ;
#8950 = DIRECTION ( 'NONE',  ( -1.000000000000000000, 0.000000000000000000, 0.000000000000000000 ) ) ;
#8951 = VERTEX_POINT ( 'NONE', #1683 ) ;
#8952 = DIRECTION ( 'NONE',  ( 1.000000000000000000, 0.000000000000000000, -1.486905836551548832E-16 ) ) ;
#8953 = CARTESIAN_POINT ( 'NONE',  ( -12.20630868845291239, -7.993224955204087934, 27.00000000000000355 ) ) ;
#8954 = CARTESIAN_POINT ( 'NONE',  ( -26.02411907401665303, 79.84994088672971202, -3.900000000000000799 ) ) ;
#8955 = AXIS2_PLACEMENT_3D ( 'NONE', #11199, #8450, #537 ) ;
#8956 = CARTESIAN_POINT ( 'NONE',  ( -23.22911719312238432, 8.165780602036393887, 21.41508625891305684 ) ) ;
#8957 = DIRECTION ( 'NONE',  ( -0.000000000000000000, -0.000000000000000000, -1.000000000000000000 ) ) ;
#8958 = ADVANCED_FACE ( 'NONE', ( #8025 ), #870, .F. ) ;
#8959 = EDGE_CURVE ( 'NONE', #8365, #2564, #7973, .T. ) ;
#8960 = ORIENTED_EDGE ( 'NONE', *, *, #5022, .F. ) ;
#8961 = ORIENTED_EDGE ( 'NONE', *, *, #7444, .T. ) ;
#8962 = ORIENTED_EDGE ( 'NONE', *, *, #598, .F. ) ;
#8963 = ORIENTED_EDGE ( 'NONE', *, *, #8182, .F. ) ;
#8964 = ORIENTED_EDGE ( 'NONE', *, *, #9220, .F. ) ;
#8965 = FACE_OUTER_BOUND ( 'NONE', #10608, .T. ) ;
#8966 = ORIENTED_EDGE ( 'NONE', *, *, #1702, .F. ) ;
#8967 = CARTESIAN_POINT ( 'NONE',  ( -22.60000000000004405, 52.37412935516634604, -47.00000000000000000 ) ) ;
#8968 = CARTESIAN_POINT ( 'NONE',  ( -20.99999999999999289, 22.99999999999999289, 10.39999999999999680 ) ) ;
#8969 = B_SPLINE_CURVE_WITH_KNOTS ( 'NONE', 3,
 ( #7667, #7434, #5700, #11234, #6788, #9256, #8544, #11179, #6673, #3180, #5934, #8316 ),
 .UNSPECIFIED., .F., .F.,
 ( 4, 2, 2, 2, 2, 4 ),
 ( 5.364336092018246629E-18, 0.001012359396099139818, 0.002024718792198273998, 0.003037078188297408395, 0.003543257886346975593, 0.004049437584396542791 ),
 .UNSPECIFIED. ) ;
#8970 = DIRECTION ( 'NONE',  ( 1.000000000000000000, 0.000000000000000000, 0.000000000000000000 ) ) ;
#8971 = CARTESIAN_POINT ( 'NONE',  ( -46.00000000000000000, 35.86424652399214352, 7.599740942374584663E-15 ) ) ;
#8972 = ORIENTED_EDGE ( 'NONE', *, *, #819, .F. ) ;
#8973 = EDGE_LOOP ( 'NONE', ( #213, #6223, #2515, #10677 ) ) ;
#8974 = ADVANCED_FACE ( 'NONE', ( #2543 ), #3419, .T. ) ;
#8975 = ORIENTED_EDGE ( 'NONE', *, *, #11206, .F. ) ;
#8976 = DIRECTION ( 'NONE',  ( 1.000000000000000000, 0.000000000000000000, 0.000000000000000000 ) ) ;
#8977 = DIRECTION ( 'NONE',  ( -1.652117596168388002E-16, 0.000000000000000000, -1.000000000000000000 ) ) ;
#8978 = CARTESIAN_POINT ( 'NONE',  ( -23.99999999999997158, 10.30306154330093094, -47.00000000000000000 ) ) ;
#8979 = AXIS2_PLACEMENT_3D ( 'NONE', #6307, #8117, #965 ) ;
#8980 = CARTESIAN_POINT ( 'NONE',  ( -24.32088110486508370, 10.62394264816603418, -15.01266723689675686 ) ) ;
#8981 = DIRECTION ( 'NONE',  ( -0.000000000000000000, -1.000000000000000000, -0.000000000000000000 ) ) ;
#8982 = CARTESIAN_POINT ( 'NONE',  ( -37.00000000000002842, 22.99999999999999289, -21.00000000000000000 ) ) ;
#8983 = CARTESIAN_POINT ( 'NONE',  ( -22.60000000000000853, 34.17412935516637162, 13.99999999999999822 ) ) ;
#8984 = AXIS2_PLACEMENT_3D ( 'NONE', #6185, #902, #8873 ) ;
#8985 = EDGE_CURVE ( 'NONE', #1759, #10557, #5990, .T. ) ;
#8986 = ORIENTED_EDGE ( 'NONE', *, *, #3128, .T. ) ;
#8987 = EDGE_CURVE ( 'NONE', #8951, #1052, #1840, .T. ) ;
#8988 = LINE ( 'NONE', #1013, #7691 ) ;
#8989 = CARTESIAN_POINT ( 'NONE',  ( -27.60000000000001563, 38.10306154330088191, -47.00000000000000000 ) ) ;
#8990 = ORIENTED_EDGE ( 'NONE', *, *, #5589, .F. ) ;
#8991 = ADVANCED_FACE ( 'NONE', ( #1556 ), #6904, .F. ) ;
#8992 = LINE ( 'NONE', #4567, #4344 ) ;
#8993 = DIRECTION ( 'NONE',  ( 0.000000000000000000, 0.000000000000000000, 1.000000000000000000 ) ) ;
#8994 = DIRECTION ( 'NONE',  ( 0.000000000000000000, 0.000000000000000000, 1.000000000000000000 ) ) ;
#8995 = DIRECTION ( 'NONE',  ( 1.000000000000000000, -0.000000000000000000, -1.652117596168387756E-16 ) ) ;
#8996 = AXIS2_PLACEMENT_3D ( 'NONE', #8562, #3084, #4020 ) ;
#8997 = B_SPLINE_CURVE_WITH_KNOTS ( 'NONE', 3,
 ( #8935, #3738, #4612, #7286, #2851, #8169, #6187, #9768, #3687, #10853, #6408, #1983, #80, #5556, #1771, #904, #9102, #1125, #26, #4663, #6353, #7116, #10631, #244, #7058, #5390, #2630 ),
 .UNSPECIFIED., .F., .F.,
 ( 4, 2, 2, 2, 2, 1, 2, 2, 2, 2, 2, 2, 2, 4 ),
 ( 0.000000000000000000, 0.06250000000000566214, 0.09375000000000849321, 0.1250000000000113243, 0.1875000000000169864, 0.2187500000000198175, 0.2343750000000212330, 0.2500000000000226485, 0.3750000000000200950, 0.4375000000000193179, 0.5000000000000185407, 0.6250000000000138778, 0.7500000000000092149, 1.000000000000000000 ),
 .UNSPECIFIED. ) ;
#8998 = AXIS2_PLACEMENT_3D ( 'NONE', #1132, #145, #4671 ) ;
#8999 = CARTESIAN_POINT ( 'NONE',  ( -21.14413886674964616, 8.000319343246259152, 10.39999999999999503 ) ) ;
#9000 = VERTEX_POINT ( 'NONE', #4473 ) ;
#9001 = CARTESIAN_POINT ( 'NONE',  ( -32.45779162047082878, 66.65895734927150329, 9.100000000000006750 ) ) ;
#9002 = EDGE_CURVE ( 'NONE', #7727, #5733, #9281, .T. ) ;
#9003 = EDGE_CURVE ( 'NONE', #7928, #4430, #7794, .T. ) ;
#9004 = EDGE_CURVE ( 'NONE', #4405, #4418, #2477, .T. ) ;
#9005 = VECTOR ( 'NONE', #9085, 1000.000000000000000 ) ;
#9006 = CARTESIAN_POINT ( 'NONE',  ( -64.05715113960525287, 68.56021268290588466, -11.99999999999999645 ) ) ;
#9007 = VECTOR ( 'NONE', #4787, 1000.000000000000000 ) ;
#9008 = CARTESIAN_POINT ( 'NONE',  ( 13.26992757980552717, -5.000000000000000000, 27.00000000000000355 ) ) ;
#9009 = EDGE_CURVE ( 'NONE', #9904, #1679, #5243, .T. ) ;
#9010 = CARTESIAN_POINT ( 'NONE',  ( -23.99999999999997158, 10.30306154330093094, 4.423427616617237490 ) ) ;
#9011 = DIRECTION ( 'NONE',  ( -0.000000000000000000, -0.000000000000000000, -1.000000000000000000 ) ) ;
#9012 = FACE_OUTER_BOUND ( 'NONE', #1897, .T. ) ;
#9013 = AXIS2_PLACEMENT_3D ( 'NONE', #5245, #6111, #11309 ) ;
#9014 = CARTESIAN_POINT ( 'NONE',  ( -26.02411907401664592, 79.84994088672972623, -84.74336439883576588 ) ) ;
#9015 = VECTOR ( 'NONE', #2994, 1000.000000000000000 ) ;
#9016 = DIRECTION ( 'NONE',  ( 0.000000000000000000, 0.000000000000000000, -1.000000000000000000 ) ) ;
#9017 = CARTESIAN_POINT ( 'NONE',  ( -26.24094089981400302, 8.944319314329016279, 20.21834560455415541 ) ) ;
#9018 = VECTOR ( 'NONE', #5576, 1000.000000000000000 ) ;
#9019 = EDGE_LOOP ( 'NONE', ( #6963, #3257, #10938, #1567, #10462 ) ) ;
#9020 = EDGE_LOOP ( 'NONE', ( #1593, #7597, #7450, #11167 ) ) ;
#9021 = ORIENTED_EDGE ( 'NONE', *, *, #3470, .T. ) ;
#9022 = EDGE_LOOP ( 'NONE', ( #3749, #9988, #2114, #4998 ) ) ;
#9023 = AXIS2_PLACEMENT_3D ( 'NONE', #1212, #8204, #3125 ) ;
#9024 = CARTESIAN_POINT ( 'NONE',  ( -24.96396103067888106, 11.26702257397983331, 1.899177871200940837 ) ) ;
#9025 = DIRECTION ( 'NONE',  ( -0.4383711467890782920, -0.8987940462991665935, 0.000000000000000000 ) ) ;
#9026 = DIRECTION ( 'NONE',  ( -8.260587980841938780E-17, 0.000000000000000000, -1.000000000000000000 ) ) ;
#9027 = CARTESIAN_POINT ( 'NONE',  ( -22.16561135359184220, 8.468672896892817548, -13.99999999999999645 ) ) ;
#9028 = CARTESIAN_POINT ( 'NONE',  ( -42.39999999999999147, 112.7499999999999858, 7.004978607753963848E-15 ) ) ;
#9029 = ORIENTED_EDGE ( 'NONE', *, *, #3471, .F. ) ;
#9030 = AXIS2_PLACEMENT_3D ( 'NONE', #1074, #4622, #8293 ) ;
#9031 = VERTEX_POINT ( 'NONE', #11481 ) ;
#9032 = ORIENTED_EDGE ( 'NONE', *, *, #6169, .F. ) ;
#9033 = ORIENTED_EDGE ( 'NONE', *, *, #7017, .F. ) ;
#9035 = ORIENTED_EDGE ( 'NONE', *, *, #9291, .T. ) ;
#9034 = EDGE_CURVE ( 'NONE', #1476, #7502, #8664, .T. ) ;
#9036 = CARTESIAN_POINT ( 'NONE',  ( -27.59999999999998721, 17.63098360465878756, 5.500000000000005329 ) ) ;
#9037 = VECTOR ( 'NONE', #7098, 1000.000000000000114 ) ;
#9038 = CARTESIAN_POINT ( 'NONE',  ( -24.96396103067888106, 11.26702257397983331, -8.399177871200938839 ) ) ;
#9039 = CARTESIAN_POINT ( 'NONE',  ( -27.60000000000010800, 88.61736382251130806, -13.99999999999999645 ) ) ;
#9040 = ORIENTED_EDGE ( 'NONE', *, *, #853, .F. ) ;
#9041 = CARTESIAN_POINT ( 'NONE',  ( -27.59999999999998721, 19.90306154330091104, 14.00000000000000178 ) ) ;
#9042 = CARTESIAN_POINT ( 'NONE',  ( -23.99999999999998579, 100.9999999999999858, 4.823069572725428220E-15 ) ) ;
#9043 = DIRECTION ( 'NONE',  ( 8.260587980841938780E-17, -1.000000000000000000, 0.000000000000000000 ) ) ;
#9044 = DIRECTION ( 'NONE',  ( -0.000000000000000000, 1.000000000000000000, -0.000000000000000000 ) ) ;
#9045 = VERTEX_POINT ( 'NONE', #3360 ) ;
#9046 = VECTOR ( 'NONE', #2597, 1000.000000000000000 ) ;
#9047 = FACE_OUTER_BOUND ( 'NONE', #451, .T. ) ;
#9048 = VERTEX_POINT ( 'NONE', #8722 ) ;
#9049 = CARTESIAN_POINT ( 'NONE',  ( -23.99999999999997158, 10.30306154330093094, 2.076572383382754960 ) ) ;
#9050 = ORIENTED_EDGE ( 'NONE', *, *, #10399, .F. ) ;
#9051 = EDGE_CURVE ( 'NONE', #168, #6944, #11342, .T. ) ;
#9052 = CIRCLE ( 'NONE', #5735, 3.562741699796949213 ) ;
#9053 = CARTESIAN_POINT ( 'NONE',  ( -10.54284886039479829, 55.16021268290609925, -5.499999999999999112 ) ) ;
#9054 = DIRECTION ( 'NONE',  ( -0.000000000000000000, -0.000000000000000000, -1.000000000000000000 ) ) ;
#9055 = DIRECTION ( 'NONE',  ( -1.000000000000000000, 0.000000000000000000, 0.000000000000000000 ) ) ;
#9056 = CARTESIAN_POINT ( 'NONE',  ( -7.199709797923055987, -2.285159094736046281, 24.34006316065066855 ) ) ;
#9057 = DIRECTION ( 'NONE',  ( -0.7071067811865474617, -0.7071067811865474617, 0.000000000000000000 ) ) ;
#9058 = ORIENTED_EDGE ( 'NONE', *, *, #7142, .T. ) ;
#9059 = AXIS2_PLACEMENT_3D ( 'NONE', #8189, #207, #8898 ) ;
#9060 = FACE_OUTER_BOUND ( 'NONE', #7916, .T. ) ;
#9061 = AXIS2_PLACEMENT_3D ( 'NONE', #6180, #9761, #2505 ) ;
#9062 = AXIS2_PLACEMENT_3D ( 'NONE', #2996, #8474, #5694 ) ;
#9063 = CARTESIAN_POINT ( 'NONE',  ( -26.02411907401664237, 79.84994088672972623, -18.56828593791803428 ) ) ;
#9064 = LINE ( 'NONE', #3757, #5772 ) ;
#9065 = EDGE_CURVE ( 'NONE', #8810, #10415, #2602, .T. ) ;
#9066 = DIRECTION ( 'NONE',  ( 1.000000000000000000, -2.465190328815661892E-32, -1.712579034340941216E-16 ) ) ;
#9067 = EDGE_CURVE ( 'NONE', #2520, #4941, #5301, .T. ) ;
#9068 = EDGE_CURVE ( 'NONE', #7124, #3457, #10772, .T. ) ;
#9069 = DIRECTION ( 'NONE',  ( -1.355252715606880049E-16, -0.000000000000000000, -1.000000000000000000 ) ) ;
#9070 = CARTESIAN_POINT ( 'NONE',  ( -22.16561135359183510, 8.468672896892810442, -7.500000000000000000 ) ) ;
#9071 = CARTESIAN_POINT ( 'NONE',  ( -24.15191803353414812, 8.331289210545044455, 20.91880670822864374 ) ) ;
#9072 = ORIENTED_EDGE ( 'NONE', *, *, #7643, .F. ) ;
#9073 = EDGE_CURVE ( 'NONE', #1759, #8912, #3761, .T. ) ;
#9074 = AXIS2_PLACEMENT_3D ( 'NONE', #9328, #2958, #11074 ) ;
#9075 = EDGE_LOOP ( 'NONE', ( #461, #10809, #4814, #5172 ) ) ;
#9076 = AXIS2_PLACEMENT_3D ( 'NONE', #1798, #5899, #5366 ) ;
#9077 = ORIENTED_EDGE ( 'NONE', *, *, #10844, .F. ) ;
#9078 = AXIS2_PLACEMENT_3D ( 'NONE', #4836, #2368, #5940 ) ;
#9079 = EDGE_CURVE ( 'NONE', #11315, #9479, #6496, .T. ) ;
#9080 = CARTESIAN_POINT ( 'NONE',  ( -20.10042091740903913, 0.9055496419185923296, 25.53553390593271644 ) ) ;
#9081 = CARTESIAN_POINT ( 'NONE',  ( -27.59999999999998721, 17.83199373143543198, 12.00000000000000178 ) ) ;
#9082 = ORIENTED_EDGE ( 'NONE', *, *, #11280, .F. ) ;
#9083 = DIRECTION ( 'NONE',  ( -0.000000000000000000, -0.000000000000000000, 1.000000000000000000 ) ) ;
#9084 = DIRECTION ( 'NONE',  ( 1.000000000000000000, -1.387778780781445478E-15, 0.000000000000000000 ) ) ;
#9085 = DIRECTION ( 'NONE',  ( 0.000000000000000000, -1.000000000000000000, 0.000000000000000000 ) ) ;
#9086 = LINE ( 'NONE', #1105, #1512 ) ;
#9087 = CIRCLE ( 'NONE', #6288, 4.242640687119387799 ) ;
#9088 = CARTESIAN_POINT ( 'NONE',  ( -17.74766032130123250, -1.356498404452211481, 21.00000000000000000 ) ) ;
#9089 = DIRECTION ( 'NONE',  ( 0.000000000000000000, 1.000000000000000000, -0.000000000000000000 ) ) ;
#9090 = EDGE_LOOP ( 'NONE', ( #2355, #5318, #10039, #7961 ) ) ;
#9091 = ADVANCED_FACE ( 'NONE', ( #10012 ), #6372, .F. ) ;
#9092 = ORIENTED_EDGE ( 'NONE', *, *, #7106, .T. ) ;
#9093 = ORIENTED_EDGE ( 'NONE', *, *, #11317, .F. ) ;
#9094 = ORIENTED_EDGE ( 'NONE', *, *, #4843, .T. ) ;
#9095 = CARTESIAN_POINT ( 'NONE',  ( -33.03137084989845107, 112.7499999999999858, 1.843629150101529612 ) ) ;
#9096 = CIRCLE ( 'NONE', #8162, 16.50000000000000000 ) ;
#9097 = CARTESIAN_POINT ( 'NONE',  ( -42.39999999999999147, 91.50000000000000000, 7.418296902466195762E-15 ) ) ;
#9098 = CARTESIAN_POINT ( 'NONE',  ( -11.26146079506075637, -1.750000000000004441, 24.03108891324554008 ) ) ;
#9099 = CARTESIAN_POINT ( 'NONE',  ( -0.9999999999999970024, 51.31596721165376351, 2.599999999999998312 ) ) ;
#9100 = DIRECTION ( 'NONE',  ( 0.000000000000000000, 1.000000000000000000, 0.000000000000000000 ) ) ;
#9101 = DIRECTION ( 'NONE',  ( 1.000000000000000000, 0.000000000000000000, 0.000000000000000000 ) ) ;
#9102 = CARTESIAN_POINT ( 'NONE',  ( -18.80745890780861629, 0.5213188226497845745, 26.46959300993187725 ) ) ;
#9103 = EDGE_CURVE ( 'NONE', #1613, #9313, #4054, .T. ) ;
#9104 = AXIS2_PLACEMENT_3D ( 'NONE', #11161, #4099, #11216 ) ;
#9105 = ORIENTED_EDGE ( 'NONE', *, *, #3517, .T. ) ;
#9106 = ORIENTED_EDGE ( 'NONE', *, *, #1161, .T. ) ;
#9107 = CARTESIAN_POINT ( 'NONE',  ( -23.16927614185233253, 7.080971513874092516, 22.72085717192414833 ) ) ;
#9108 = DIRECTION ( 'NONE',  ( -0.7071067811865495711, -0.7071067811865454633, 0.000000000000000000 ) ) ;
#9109 = CARTESIAN_POINT ( 'NONE',  ( -20.99999999999999289, 27.26042085618161082, 12.00000000000000178 ) ) ;
#9110 = ORIENTED_EDGE ( 'NONE', *, *, #7498, .T. ) ;
#9111 = CARTESIAN_POINT ( 'NONE',  ( -21.03832892204481197, 8.000048970288762717, -9.099999999999996092 ) ) ;
#9112 = EDGE_LOOP ( 'NONE', ( #5190, #8330, #8592, #8791 ) ) ;
#9113 = VECTOR ( 'NONE', #3555, 1000.000000000000000 ) ;
#9114 = VERTEX_POINT ( 'NONE', #7304 ) ;
#9115 = DIRECTION ( 'NONE',  ( -0.4999999999999992228, -0.7071067811865536790, 0.4999999999999922839 ) ) ;
#9116 = DIRECTION ( 'NONE',  ( 0.4383711467890782920, 0.8987940462991665935, 0.000000000000000000 ) ) ;
#9117 = LINE ( 'NONE', #3814, #7328 ) ;
#9118 = FACE_OUTER_BOUND ( 'NONE', #5141, .T. ) ;
#9119 = LINE ( 'NONE', #1143, #6768 ) ;
#9120 = CARTESIAN_POINT ( 'NONE',  ( -32.45779162047082878, 66.65895734927150329, -15.59999999999998899 ) ) ;
#9121 = CARTESIAN_POINT ( 'NONE',  ( -25.67007771840335906, 12.03797273682628344, 11.22880050952273834 ) ) ;
#9122 = CARTESIAN_POINT ( 'NONE',  ( -27.60000000000000497, 32.10306154330088901, -47.00000000000000000 ) ) ;
#9123 = CARTESIAN_POINT ( 'NONE',  ( -22.59837992366881565, 7.029405438051129273, 23.13615292377698651 ) ) ;
#9124 = ORIENTED_EDGE ( 'NONE', *, *, #10499, .T. ) ;
#9125 = CIRCLE ( 'NONE', #9893, 1.374999999999997113 ) ;
#9126 = ADVANCED_FACE ( 'NONE', ( #10824 ), #7195, .F. ) ;
#9127 = ORIENTED_EDGE ( 'NONE', *, *, #11438, .F. ) ;
#9128 = EDGE_CURVE ( 'NONE', #9674, #6354, #5520, .T. ) ;
#9129 = EDGE_CURVE ( 'NONE', #4002, #9702, #1892, .T. ) ;
#9130 = VERTEX_POINT ( 'NONE', #3656 ) ;
#9131 = ORIENTED_EDGE ( 'NONE', *, *, #8385, .T. ) ;
#9132 = AXIS2_PLACEMENT_3D ( 'NONE', #7162, #8041, #10732 ) ;
#9133 = DIRECTION ( 'NONE',  ( -0.000000000000000000, 0.000000000000000000, 1.000000000000000000 ) ) ;
#9134 = DIRECTION ( 'NONE',  ( 0.000000000000000000, 0.000000000000000000, -1.000000000000000000 ) ) ;
#9135 = EDGE_CURVE ( 'NONE', #4389, #6414, #1645, .T. ) ;
#9136 = ORIENTED_EDGE ( 'NONE', *, *, #11220, .F. ) ;
#9137 = PLANE ( 'NONE',  #1116 ) ;
#9138 = FACE_OUTER_BOUND ( 'NONE', #905, .T. ) ;
#9139 = FACE_OUTER_BOUND ( 'NONE', #10960, .T. ) ;
#9140 = DIRECTION ( 'NONE',  ( -8.357552882253592277E-33, 1.000000000000000000, -1.927470528863117569E-16 ) ) ;
#9141 = CARTESIAN_POINT ( 'NONE',  ( 0.000000000000000000, 0.000000000000000000, 21.00000000000000000 ) ) ;
#9142 = ORIENTED_EDGE ( 'NONE', *, *, #10303, .T. ) ;
#9143 = EDGE_CURVE ( 'NONE', #1476, #9760, #1202, .T. ) ;
#9144 = ORIENTED_EDGE ( 'NONE', *, *, #10795, .T. ) ;
#9145 = B_SPLINE_CURVE_WITH_KNOTS ( 'NONE', 1,
 ( #10026, #7437 ),
 .UNSPECIFIED., .F., .F.,
 ( 2, 2 ),
 ( 0.000000000000000000, 1.000000000000000000 ),
 .UNSPECIFIED. ) ;
#9146 = CARTESIAN_POINT ( 'NONE',  ( -3.469446951953614189E-15, 8.000000000000000000, 0.000000000000000000 ) ) ;
#9147 = DIRECTION ( 'NONE',  ( 1.000000000000000000, 0.000000000000000000, 0.000000000000000000 ) ) ;
#9148 = CARTESIAN_POINT ( 'NONE',  ( 0.000000000000000000, 0.000000000000000000, 27.00000000000000355 ) ) ;
#9149 = EDGE_LOOP ( 'NONE', ( #2343, #614, #5764, #388 ) ) ;
#9150 = CARTESIAN_POINT ( 'NONE',  ( 11.03660106023543364, -1.750000000000000222, 24.03108891324553653 ) ) ;
#9151 = CARTESIAN_POINT ( 'NONE',  ( -26.13553390593277115, 48.83859544923360119, 14.00000000000000178 ) ) ;
#9152 = CARTESIAN_POINT ( 'NONE',  ( -22.16561135359183510, 8.468672896892810442, 2.486925745955428368 ) ) ;
#9153 = LINE ( 'NONE', #8284, #746 ) ;
#9154 = CARTESIAN_POINT ( 'NONE',  ( -34.09999999999998721, 89.25000000000000000, 5.131850351449291994E-15 ) ) ;
#9155 = EDGE_LOOP ( 'NONE', ( #3677, #5394, #5861, #1338, #6724, #3881 ) ) ;
#9156 = CIRCLE ( 'NONE', #1347, 1.906370849898477493 ) ;
#9157 = ORIENTED_EDGE ( 'NONE', *, *, #301, .T. ) ;
#9158 = CARTESIAN_POINT ( 'NONE',  ( -21.83303873813114748, 7.000001470796736847, 23.80291881087785910 ) ) ;
#9159 = DIRECTION ( 'NONE',  ( 0.000000000000000000, 0.000000000000000000, 1.000000000000000000 ) ) ;
#9160 = DIRECTION ( 'NONE',  ( -0.000000000000000000, 1.000000000000000000, -0.000000000000000000 ) ) ;
#9161 = ORIENTED_EDGE ( 'NONE', *, *, #11437, .T. ) ;
#9162 = EDGE_CURVE ( 'NONE', #6414, #11527, #1089, .T. ) ;
#9163 = EDGE_CURVE ( 'NONE', #5962, #6529, #4634, .T. ) ;
#9164 = LINE ( 'NONE', #4793, #10389 ) ;
#9165 = ORIENTED_EDGE ( 'NONE', *, *, #7562, .F. ) ;
#9166 = ORIENTED_EDGE ( 'NONE', *, *, #3305, .T. ) ;
#9167 = DIRECTION ( 'NONE',  ( -0.000000000000000000, -0.000000000000000000, -1.000000000000000000 ) ) ;
#9168 = DIRECTION ( 'NONE',  ( 0.000000000000000000, 0.000000000000000000, 1.000000000000000000 ) ) ;
#9169 = AXIS2_PLACEMENT_3D ( 'NONE', #8726, #643, #3251 ) ;
#9170 = VECTOR ( 'NONE', #5331, 1000.000000000000000 ) ;
#9171 = ORIENTED_EDGE ( 'NONE', *, *, #9342, .T. ) ;
#9172 = CARTESIAN_POINT ( 'NONE',  ( -27.56135765566533635, 16.79787558810392767, 13.99999999999999822 ) ) ;
#9173 = DIRECTION ( 'NONE',  ( 1.000000000000000000, 0.000000000000000000, 0.000000000000000000 ) ) ;
#9174 = VECTOR ( 'NONE', #4092, 1000.000000000000000 ) ;
#9176 = DIRECTION ( 'NONE',  ( 1.683387419516471873E-32, 1.000000000000000000, -4.565061778886335400E-17 ) ) ;
#9175 = PLANE ( 'NONE',  #4547 ) ;
#9177 = ADVANCED_FACE ( 'NONE', ( #8248 ), #208, .T. ) ;
#9178 = ADVANCED_FACE ( 'NONE', ( #10075 ), #2768, .F. ) ;
#9179 = CARTESIAN_POINT ( 'NONE',  ( -26.13553390593276760, 48.83859544923359408, -7.499999999999999112 ) ) ;
#9180 = CARTESIAN_POINT ( 'NONE',  ( -20.65716699989023297, 77.23230345890712556, -13.99999999999999645 ) ) ;
#9181 = ORIENTED_EDGE ( 'NONE', *, *, #1664, .F. ) ;
#9182 = B_SPLINE_CURVE_WITH_KNOTS ( 'NONE', 3,
 ( #1294, #9404, #10225, #10390, #6645, #2270 ),
 .UNSPECIFIED., .F., .F.,
 ( 4, 2, 4 ),
 ( 0.01310846767061217034, 0.01797903693227832084, 0.02284960619394447306 ),
 .UNSPECIFIED. ) ;
#9183 = DIRECTION ( 'NONE',  ( 0.000000000000000000, 0.000000000000000000, -1.000000000000000000 ) ) ;
#9184 = AXIS2_PLACEMENT_3D ( 'NONE', #5665, #4779, #11084 ) ;
#9185 = EDGE_LOOP ( 'NONE', ( #807, #5144, #8871, #7094, #3625 ) ) ;
#9186 = CIRCLE ( 'NONE', #8445, 2.368629150101532410 ) ;
#9187 = ORIENTED_EDGE ( 'NONE', *, *, #9352, .T. ) ;
#9188 = VERTEX_POINT ( 'NONE', #7147 ) ;
#9189 = ORIENTED_EDGE ( 'NONE', *, *, #6320, .T. ) ;
#9190 = VECTOR ( 'NONE', #6274, 1000.000000000000000 ) ;
#9191 = CIRCLE ( 'NONE', #3046, 29.02871870788965225 ) ;
#9192 = DIRECTION ( 'NONE',  ( 1.000000000000000000, 5.778133072065997886E-17, 0.000000000000000000 ) ) ;
#9193 = DIRECTION ( 'NONE',  ( -1.000000000000000000, 0.000000000000000000, 0.000000000000000000 ) ) ;
#9194 = EDGE_CURVE ( 'NONE', #2609, #8278, #1356, .T. ) ;
#9195 = LINE ( 'NONE', #221, #5959 ) ;
#9196 = VECTOR ( 'NONE', #6537, 1000.000000000000000 ) ;
#9197 = CARTESIAN_POINT ( 'NONE',  ( -27.42013958249778938, 15.76771940676519712, -5.330397281582279767 ) ) ;
#9198 = CARTESIAN_POINT ( 'NONE',  ( -20.99999999999999289, 27.26042085618161082, -0.9999999999999974465 ) ) ;
#9199 = EDGE_CURVE ( 'NONE', #1097, #2845, #9426, .T. ) ;
#9200 = LINE ( 'NONE', #340, #11063 ) ;
#9201 = DIRECTION ( 'NONE',  ( 0.000000000000000000, -1.000000000000000000, 0.000000000000000000 ) ) ;
#9202 = ORIENTED_EDGE ( 'NONE', *, *, #7339, .T. ) ;
#9203 = CIRCLE ( 'NONE', #5840, 1.600000000000000089 ) ;
#9204 = ORIENTED_EDGE ( 'NONE', *, *, #9874, .F. ) ;
#9205 = ADVANCED_FACE ( 'NONE', ( #9364 ), #5758, .F. ) ;
#9206 = VECTOR ( 'NONE', #11044, 1000.000000000000114 ) ;
#9207 = B_SPLINE_CURVE_WITH_KNOTS ( 'NONE', 3,
 ( #9010, #7363, #8187, #2765 ),
 .UNSPECIFIED., .F., .F.,
 ( 4, 4 ),
 ( 0.000000000000000000, 0.001374740175555841295 ),
 .UNSPECIFIED. ) ;
#9208 = DIRECTION ( 'NONE',  ( 0.8987940462991665935, -0.4383711467890782920, 0.000000000000000000 ) ) ;
#9209 = ORIENTED_EDGE ( 'NONE', *, *, #2623, .T. ) ;
#9210 = ORIENTED_EDGE ( 'NONE', *, *, #1377, .F. ) ;
#9211 = EDGE_LOOP ( 'NONE', ( #1899, #9021, #8990, #6126 ) ) ;
#9212 = DIRECTION ( 'NONE',  ( 0.000000000000000000, 0.000000000000000000, 1.000000000000000000 ) ) ;
#9213 = VERTEX_POINT ( 'NONE', #4111 ) ;
#9214 = EDGE_CURVE ( 'NONE', #4102, #5239, #10778, .T. ) ;
#9215 = EDGE_CURVE ( 'NONE', #10018, #6639, #5125, .T. ) ;
#9216 = DIRECTION ( 'NONE',  ( 0.7071067811865505703, -0.7071067811865444641, 0.000000000000000000 ) ) ;
#9217 = CARTESIAN_POINT ( 'NONE',  ( -27.60000000000004761, 54.23199373143538082, -5.499999999999999112 ) ) ;
#9218 = LINE ( 'NONE', #2155, #8573 ) ;
#9219 = DIRECTION ( 'NONE',  ( -0.000000000000000000, -0.000000000000000000, -1.000000000000000000 ) ) ;
#9220 = EDGE_CURVE ( 'NONE', #1627, #11052, #11229, .T. ) ;
#9221 = CONICAL_SURFACE ( 'NONE', #9597, 1.374999999999997113, 0.7853981633974553844 ) ;
#9222 = CARTESIAN_POINT ( 'NONE',  ( -20.96452854641666264, 0.9999999999999462652, 24.67142627692507872 ) ) ;
#9223 = ORIENTED_EDGE ( 'NONE', *, *, #5418, .F. ) ;
#9224 = VECTOR ( 'NONE', #2556, 1000.000000000000114 ) ;
#9225 = CARTESIAN_POINT ( 'NONE',  ( -9.097336802033032299, -1.865212217682542202E-15, 23.04764963123131949 ) ) ;
#9226 = ORIENTED_EDGE ( 'NONE', *, *, #642, .F. ) ;
#9227 = VECTOR ( 'NONE', #8015, 1000.000000000000000 ) ;
#9228 = VERTEX_POINT ( 'NONE', #6721 ) ;
#9229 = CARTESIAN_POINT ( 'NONE',  ( -22.60000000000004761, 54.23199373143538793, -7.500000000000000000 ) ) ;
#9230 = LINE ( 'NONE', #10332, #3406 ) ;
#9231 = LINE ( 'NONE', #11035, #474 ) ;
#9232 = CARTESIAN_POINT ( 'NONE',  ( -19.97615044113868876, 0.8835523762062981179, 25.65979910018180377 ) ) ;
#9233 = CARTESIAN_POINT ( 'NONE',  ( -27.60000000000010800, 88.61736382251130806, -5.499999999999999112 ) ) ;
#9234 = ORIENTED_EDGE ( 'NONE', *, *, #225, .T. ) ;
#9235 = CARTESIAN_POINT ( 'NONE',  ( 13.26992757980552895, -37.00000000000000000, 27.00000000000000355 ) ) ;
#9236 = DIRECTION ( 'NONE',  ( 0.7071067811865499042, -0.7071067811865452413, 0.000000000000000000 ) ) ;
#9237 = AXIS2_PLACEMENT_3D ( 'NONE', #514, #3181, #4058 ) ;
#9238 = VERTEX_POINT ( 'NONE', #10352 ) ;
#9239 = ADVANCED_FACE ( 'NONE', ( #2356 ), #7426, .F. ) ;
#9240 = CARTESIAN_POINT ( 'NONE',  ( -28.20618672963844631, 75.37603918982240714, -18.71568271668021310 ) ) ;
#9241 = CARTESIAN_POINT ( 'NONE',  ( 12.23659473614514859, 0.000000000000000000, 21.00000000823158075 ) ) ;
#9242 = AXIS2_PLACEMENT_3D ( 'NONE', #8146, #10021, #169 ) ;
#9244 = DIRECTION ( 'NONE',  ( -0.000000000000000000, -0.000000000000000000, -1.000000000000000000 ) ) ;
#9243 = CARTESIAN_POINT ( 'NONE',  ( -43.99999999999998579, 88.61736382251127964, 2.600000000000004974 ) ) ;
#9245 = CIRCLE ( 'NONE', #1419, 35.00000000000000000 ) ;
#9246 = DIRECTION ( 'NONE',  ( -0.7071067811865474617, -0.7071067811865474617, 0.000000000000000000 ) ) ;
#9247 = ADVANCED_FACE ( 'NONE', ( #325 ), #4810, .F. ) ;
#9248 = CARTESIAN_POINT ( 'NONE',  ( -18.05737402049333795, -0.9602762019384630809, 25.92736849758122375 ) ) ;
#9249 = CARTESIAN_POINT ( 'NONE',  ( -23.64989625679190155, 7.143156564323907887, 22.41461762668423674 ) ) ;
#9250 = AXIS2_PLACEMENT_3D ( 'NONE', #9028, #9969, #2785 ) ;
#9251 = ORIENTED_EDGE ( 'NONE', *, *, #6958, .T. ) ;
#9252 = EDGE_CURVE ( 'NONE', #2886, #11223, #3054, .T. ) ;
#9253 = ORIENTED_EDGE ( 'NONE', *, *, #6600, .T. ) ;
#9254 = B_SPLINE_CURVE_WITH_KNOTS ( 'NONE', 3,
 ( #10797, #2787, #4776, #9870 ),
 .UNSPECIFIED., .F., .F.,
 ( 4, 4 ),
 ( 0.000000000000000000, 0.002626471643539445705 ),
 .UNSPECIFIED. ) ;
#9255 = ORIENTED_EDGE ( 'NONE', *, *, #10936, .F. ) ;
#9256 = CARTESIAN_POINT ( 'NONE',  ( -19.11752929536790191, -0.2144592862423067015, 22.23410971469943931 ) ) ;
#9257 = FACE_OUTER_BOUND ( 'NONE', #6399, .T. ) ;
#9258 = CONICAL_SURFACE ( 'NONE', #1991, 3.999999999999829914, 0.7853981633974491672 ) ;
#9259 = VERTEX_POINT ( 'NONE', #4930 ) ;
#9260 = DIRECTION ( 'NONE',  ( 0.000000000000000000, 0.000000000000000000, 1.000000000000000000 ) ) ;
#9261 = CARTESIAN_POINT ( 'NONE',  ( -27.14916902195710691, 14.77120655742148081, -5.169011278056626857 ) ) ;
#9262 = CARTESIAN_POINT ( 'NONE',  ( -23.99999999999997158, 10.30306154330093094, -2.076572383382754960 ) ) ;
#9263 = CYLINDRICAL_SURFACE ( 'NONE', #5671, 5.000000000000000888 ) ;
#9264 = CARTESIAN_POINT ( 'NONE',  ( -23.99999999999997158, 10.30306154330093094, 15.07657238338276606 ) ) ;
#9265 = ORIENTED_EDGE ( 'NONE', *, *, #3189, .F. ) ;
#9266 = ORIENTED_EDGE ( 'NONE', *, *, #7929, .F. ) ;
#9267 = CIRCLE ( 'NONE', #4437, 1.600000000000000089 ) ;
#9268 = ORIENTED_EDGE ( 'NONE', *, *, #9128, .F. ) ;
#9269 = CARTESIAN_POINT ( 'NONE',  ( 11.94846063791714386, -41.99781379163786710, 24.50000000000000000 ) ) ;
#9270 = AXIS2_PLACEMENT_3D ( 'NONE', #2829, #10137, #2779 ) ;
#9271 = DIRECTION ( 'NONE',  ( 0.000000000000000000, 0.000000000000000000, 1.000000000000000000 ) ) ;
#9272 = ORIENTED_EDGE ( 'NONE', *, *, #883, .F. ) ;
#9273 = CARTESIAN_POINT ( 'NONE',  ( -46.00000000000000000, -7.760605024106763338E-16, -17.00000000000001066 ) ) ;
#9274 = CARTESIAN_POINT ( 'NONE',  ( 15.49999999999999822, 8.000000000000000000, 17.10000000000000853 ) ) ;
#9275 = CARTESIAN_POINT ( 'NONE',  ( -20.99999999999998934, 45.46042085618157103, -5.499999999999998224 ) ) ;
#9276 = DIRECTION ( 'NONE',  ( -1.000000000000000000, 0.000000000000000000, 0.000000000000000000 ) ) ;
#9277 = LINE ( 'NONE', #1344, #5206 ) ;
#9278 = FACE_OUTER_BOUND ( 'NONE', #7563, .T. ) ;
#9279 = ORIENTED_EDGE ( 'NONE', *, *, #10741, .F. ) ;
#9280 = EDGE_CURVE ( 'NONE', #1632, #9045, #4263, .T. ) ;
#9281 = CIRCLE ( 'NONE', #3509, 5.000000000000000888 ) ;
#9282 = EDGE_CURVE ( 'NONE', #1278, #5997, #8423, .T. ) ;
#9283 = ORIENTED_EDGE ( 'NONE', *, *, #11329, .T. ) ;
#9284 = ORIENTED_EDGE ( 'NONE', *, *, #2941, .T. ) ;
#9285 = CARTESIAN_POINT ( 'NONE',  ( -27.42013958249780714, 15.76771940676522554, -11.83039728158226289 ) ) ;
#9286 = CARTESIAN_POINT ( 'NONE',  ( 20.99999999999999645, 0.9999999999999626965, 16.56992757980552966 ) ) ;
#9287 = CARTESIAN_POINT ( 'NONE',  ( -23.99999999999998579, 84.98906412751230732, -3.987471941855791346 ) ) ;
#9288 = CARTESIAN_POINT ( 'NONE',  ( -18.95247868599935614, 0.5810389242557533196, 26.39329822422693184 ) ) ;
#9289 = CARTESIAN_POINT ( 'NONE',  ( -27.60000000000004405, 52.37412935516633894, 7.500000000000002665 ) ) ;
#9290 = EDGE_LOOP ( 'NONE', ( #7651, #6189, #6396, #3650 ) ) ;
#9291 = EDGE_CURVE ( 'NONE', #8326, #8912, #11114, .T. ) ;
#9292 = CARTESIAN_POINT ( 'NONE',  ( -23.99999999999998579, 100.9999999999999858, 4.823069572725428220E-15 ) ) ;
#9293 = CARTESIAN_POINT ( 'NONE',  ( -23.99999999999998934, 122.0000000000000000, -84.74336439883576588 ) ) ;
#9294 = AXIS2_PLACEMENT_3D ( 'NONE', #4989, #8539, #6604 ) ;
#9295 = EDGE_LOOP ( 'NONE', ( #10555, #10286, #4658, #7710 ) ) ;
#9296 = ADVANCED_FACE ( 'NONE', ( #6097 ), #6486, .F. ) ;
#9297 = CARTESIAN_POINT ( 'NONE',  ( -26.13553390593277115, 48.83859544923360119, 13.99999999999999822 ) ) ;
#9298 = CARTESIAN_POINT ( 'NONE',  ( 11.42649436505207383, 1.067002351968363626E-13, 23.03881638023695899 ) ) ;
#9299 = AXIS2_PLACEMENT_3D ( 'NONE', #2970, #4896, #3848 ) ;
#9300 = AXIS2_PLACEMENT_3D ( 'NONE', #7176, #10751, #6303 ) ;
#9301 = B_SPLINE_SURFACE_WITH_KNOTS ( 'NONE', 1, 3, ( 
 ( #4285, #11339, #5212, #5336 ),
 ( #6080, #4271, #788, #3390 ) ),
 .UNSPECIFIED., .F., .F., .F.,
 ( 2, 2 ),
 ( 4, 4 ),
 ( 0.000000000000000000, 1.000000000000000000 ),
 ( 4.494645531095729396, 4.712388980384695003 ),
 .UNSPECIFIED. ) ;
#9303 = CARTESIAN_POINT ( 'NONE',  ( -19.39331413622236511, 8.000000000000000000, 24.82842712474604951 ) ) ;
#9302 = CARTESIAN_POINT ( 'NONE',  ( -27.60000000000004761, 54.23199373143538082, 5.500000000000002665 ) ) ;
#9304 = DIRECTION ( 'NONE',  ( -0.000000000000000000, 1.000000000000000000, -0.000000000000000000 ) ) ;
#9305 = ADVANCED_FACE ( 'NONE', ( #7719 ), #802, .T. ) ;
#9306 = VERTEX_POINT ( 'NONE', #5169 ) ;
#9307 = CARTESIAN_POINT ( 'NONE',  ( -43.00000000000000000, 3.806754294504705098E-16, -1.975000000000011413 ) ) ;
#9308 = DIRECTION ( 'NONE',  ( -0.000000000000000000, -0.000000000000000000, -1.000000000000000000 ) ) ;
#9309 = DIRECTION ( 'NONE',  ( -0.000000000000000000, 1.000000000000000000, -0.000000000000000000 ) ) ;
#9310 = ORIENTED_EDGE ( 'NONE', *, *, #11109, .F. ) ;
#9311 = AXIS2_PLACEMENT_3D ( 'NONE', #10915, #9877, #6466 ) ;
#9312 = ORIENTED_EDGE ( 'NONE', *, *, #2856, .T. ) ;
#9313 = VERTEX_POINT ( 'NONE', #2642 ) ;
#9314 = ORIENTED_EDGE ( 'NONE', *, *, #5575, .F. ) ;
#9315 = DIRECTION ( 'NONE',  ( -0.000000000000000000, -0.000000000000000000, -1.000000000000000000 ) ) ;
#9316 = DIRECTION ( 'NONE',  ( 0.000000000000000000, 1.000000000000000000, -0.000000000000000000 ) ) ;
#9317 = VECTOR ( 'NONE', #9271, 1000.000000000000000 ) ;
#9318 = VERTEX_POINT ( 'NONE', #8651 ) ;
#9319 = DIRECTION ( 'NONE',  ( 1.000000000000000000, -2.465190328815661892E-32, -1.712579034340941216E-16 ) ) ;
#9320 = CARTESIAN_POINT ( 'NONE',  ( -26.02411907401664948, 79.84994088672971202, 18.56828593791821191 ) ) ;
#9321 = LINE ( 'NONE', #2893, #5680 ) ;
#9322 = ADVANCED_FACE ( 'NONE', ( #7901, #6036, #6203, #4406 ), #5981, .T. ) ;
#9323 = EDGE_CURVE ( 'NONE', #6194, #3952, #8355, .T. ) ;
#9324 = ORIENTED_EDGE ( 'NONE', *, *, #7218, .T. ) ;
#9325 = FACE_OUTER_BOUND ( 'NONE', #5066, .T. ) ;
#9326 = CARTESIAN_POINT ( 'NONE',  ( -35.99999999999999289, 51.31596721165376351, 9.100000000000003197 ) ) ;
#9327 = LINE ( 'NONE', #9088, #10870 ) ;
#9328 = CARTESIAN_POINT ( 'NONE',  ( -24.00000000000003908, 46.70306154330088333, -47.00000000000000000 ) ) ;
#9329 = B_SPLINE_CURVE_WITH_KNOTS ( 'NONE', 3,
 ( #3130, #6683, #9383, #10090, #2084, #1334, #4886, #7622, #1162, #524, #6564, #4708 ),
 .UNSPECIFIED., .F., .F.,
 ( 4, 2, 2, 2, 2, 4 ),
 ( -2.000000826450379175E-05, 0.0005576208941980328841, 0.001135241796660569702, 0.002290483601585644423, 0.003445725406510718493, 0.004600967211435793430 ),
 .UNSPECIFIED. ) ;
#9330 = ORIENTED_EDGE ( 'NONE', *, *, #4605, .T. ) ;
#9331 = EDGE_LOOP ( 'NONE', ( #4259, #5486, #6593, #4266 ) ) ;
#9332 = DIRECTION ( 'NONE',  ( -0.000000000000000000, -0.7071067811865622277, -0.7071067811865328068 ) ) ;
#9333 = AXIS2_PLACEMENT_3D ( 'NONE', #1285, #5726, #3142 ) ;
#9334 = ORIENTED_EDGE ( 'NONE', *, *, #140, .F. ) ;
#9335 = DIRECTION ( 'NONE',  ( 0.7071067811865499042, -0.7071067811865452413, 0.000000000000000000 ) ) ;
#9336 = FACE_OUTER_BOUND ( 'NONE', #9343, .T. ) ;
#9337 = FACE_OUTER_BOUND ( 'NONE', #7340, .T. ) ;
#9338 = DIRECTION ( 'NONE',  ( 0.000000000000000000, 0.000000000000000000, -1.000000000000000000 ) ) ;
#9339 = CARTESIAN_POINT ( 'NONE',  ( -17.74766032130123250, -1.356498404452211481, 25.98499123478892514 ) ) ;
#9340 = CARTESIAN_POINT ( 'NONE',  ( -30.02871870788957764, 88.61736382251127964, 14.00000000000000178 ) ) ;
#9341 = ORIENTED_EDGE ( 'NONE', *, *, #6494, .T. ) ;
#9342 = EDGE_CURVE ( 'NONE', #508, #4642, #4231, .T. ) ;
#9343 = EDGE_LOOP ( 'NONE', ( #10843, #11253, #9574, #3730 ) ) ;
#9344 = FACE_OUTER_BOUND ( 'NONE', #4260, .T. ) ;
#9345 = LINE ( 'NONE', #4971, #622 ) ;
#9346 = CARTESIAN_POINT ( 'NONE',  ( -23.99999999999998934, 86.63056900498261825, 10.41012433916932345 ) ) ;
#9347 = FACE_OUTER_BOUND ( 'NONE', #4426, .T. ) ;
#9348 = LINE ( 'NONE', #7467, #11420 ) ;
#9349 = VERTEX_POINT ( 'NONE', #1783 ) ;
#9350 = ADVANCED_FACE ( 'NONE', ( #10533 ), #3407, .F. ) ;
#9351 = DIRECTION ( 'NONE',  ( 0.000000000000000000, 0.000000000000000000, 1.000000000000000000 ) ) ;
#9352 = EDGE_CURVE ( 'NONE', #10034, #10640, #5201, .T. ) ;
#9353 = VERTEX_POINT ( 'NONE', #744 ) ;
#9354 = CARTESIAN_POINT ( 'NONE',  ( -26.02411907401665303, 79.84994088672971202, 2.600000000000005418 ) ) ;
#9355 = DIRECTION ( 'NONE',  ( 0.000000000000000000, 1.000000000000000000, -1.224646799147353207E-16 ) ) ;
#9357 = CARTESIAN_POINT ( 'NONE',  ( -46.00000000000000000, 35.86424652399214352, 17.00000000000001776 ) ) ;
#9356 = CARTESIAN_POINT ( 'NONE',  ( -27.09083954634445135, 64.04131992144891683, -7.499999999999999112 ) ) ;
#9358 = CARTESIAN_POINT ( 'NONE',  ( -27.60000000000001563, 38.10306154330088191, -47.00000000000000000 ) ) ;
#9359 = ORIENTED_EDGE ( 'NONE', *, *, #1194, .F. ) ;
#9360 = ORIENTED_EDGE ( 'NONE', *, *, #887, .F. ) ;
#9361 =( BOUNDED_CURVE ( )  B_SPLINE_CURVE ( 3, ( #10867, #8236, #3753, #3866 ),
 .UNSPECIFIED., .F., .F. ) 
 B_SPLINE_CURVE_WITH_KNOTS ( ( 4, 4 ),
 ( 6.089232279380249580, 6.283185307179586232 ),
 .UNSPECIFIED. ) 
 CURVE ( )  GEOMETRIC_REPRESENTATION_ITEM ( )  RATIONAL_B_SPLINE_CURVE ( ( 1.000000000000000000, 0.9968676412464794190, 0.9968676412464794190, 1.000000000000000000 ) ) 
 REPRESENTATION_ITEM ( '' )  );
#9362 = EDGE_CURVE ( 'NONE', #9188, #8104, #4171, .T. ) ;
#9363 = EDGE_CURVE ( 'NONE', #8673, #11433, #4627, .T. ) ;
#9364 = FACE_OUTER_BOUND ( 'NONE', #1050, .T. ) ;
#9365 = DIRECTION ( 'NONE',  ( 0.7071067811865430208, 0.000000000000000000, 0.7071067811865521247 ) ) ;
#9366 = EDGE_CURVE ( 'NONE', #1577, #11372, #6837, .T. ) ;
#9367 = ORIENTED_EDGE ( 'NONE', *, *, #7428, .T. ) ;
#9368 = VECTOR ( 'NONE', #10394, 999.9999999999998863 ) ;
#9369 = VERTEX_POINT ( 'NONE', #10596 ) ;
#9370 = VERTEX_POINT ( 'NONE', #6894 ) ;
#9371 = ORIENTED_EDGE ( 'NONE', *, *, #10457, .F. ) ;
#9372 = ORIENTED_EDGE ( 'NONE', *, *, #27, .T. ) ;
#9373 = DIRECTION ( 'NONE',  ( 1.355252715606877091E-16, 0.000000000000000000, 1.000000000000000000 ) ) ;
#9374 = PLANE ( 'NONE',  #9237 ) ;
#9375 = VERTEX_POINT ( 'NONE', #10411 ) ;
#9376 = CARTESIAN_POINT ( 'NONE',  ( -26.13553390593278181, 57.76752763736812568, -7.500000000000000000 ) ) ;
#9377 = CARTESIAN_POINT ( 'NONE',  ( -21.70709447113344126, 6.999999999999833022, 23.92886035298541358 ) ) ;
#9378 = FACE_OUTER_BOUND ( 'NONE', #6552, .T. ) ;
#9379 = CIRCLE ( 'NONE', #5472, 5.000000000000000888 ) ;
#9380 = DIRECTION ( 'NONE',  ( 0.000000000000000000, -1.000000000000000000, 0.000000000000000000 ) ) ;
#9381 = DIRECTION ( 'NONE',  ( 0.000000000000000000, 0.000000000000000000, 1.000000000000000000 ) ) ;
#9382 = CARTESIAN_POINT ( 'NONE',  ( -43.00000000000000000, 89.25000000000000000, 1.975000000000006750 ) ) ;
#9383 = CARTESIAN_POINT ( 'NONE',  ( 16.57505433200866207, -0.8831755276549935196, 25.01957051335859816 ) ) ;
#9384 = ORIENTED_EDGE ( 'NONE', *, *, #5311, .T. ) ;
#9385 = VERTEX_POINT ( 'NONE', #9539 ) ;
#9386 =( BOUNDED_CURVE ( )  B_SPLINE_CURVE ( 3, ( #10930, #2923, #7525, #11158 ),
 .UNSPECIFIED., .F., .F. ) 
 B_SPLINE_CURVE_WITH_KNOTS ( ( 4, 4 ),
 ( 4.188790204786391413, 4.712388980384689674 ),
 .UNSPECIFIED. ) 
 CURVE ( )  GEOMETRIC_REPRESENTATION_ITEM ( )  RATIONAL_B_SPLINE_CURVE ( ( 1.000000000000000000, 0.9772838841927120601, 0.9772838841927120601, 1.000000000000000000 ) ) 
 REPRESENTATION_ITEM ( '' )  );
#9387 = ORIENTED_EDGE ( 'NONE', *, *, #7994, .T. ) ;
#9388 = ORIENTED_EDGE ( 'NONE', *, *, #1289, .T. ) ;
#9389 = AXIS2_PLACEMENT_3D ( 'NONE', #11531, #1670, #5231 ) ;
#9390 = CARTESIAN_POINT ( 'NONE',  ( -22.01822538210326385, 8.321286925404239199, 3.976866395348530592 ) ) ;
#9391 = CARTESIAN_POINT ( 'NONE',  ( -26.02411907401664592, 79.84994088672972623, -84.74336439883576588 ) ) ;
#9392 = DIRECTION ( 'NONE',  ( -0.7071067811865302533, 0.000000000000000000, 0.7071067811865647812 ) ) ;
#9393 = CARTESIAN_POINT ( 'NONE',  ( -24.11194635928978514, 84.98180023880023271, 3.958305177035871925 ) ) ;
#9394 = CARTESIAN_POINT ( 'NONE',  ( -27.09083954634438740, 64.04131992144888841, 14.00000000000000178 ) ) ;
#9395 = CARTESIAN_POINT ( 'NONE',  ( -15.49999999999999467, 8.000000000000000000, -17.10000000000000853 ) ) ;
#9396 = AXIS2_PLACEMENT_3D ( 'NONE', #10008, #10992, #10070 ) ;
#9397 = CARTESIAN_POINT ( 'NONE',  ( -3.469446951953614189E-15, 8.000000000000000000, 0.000000000000000000 ) ) ;
#9398 = VECTOR ( 'NONE', #1655, 1000.000000000000000 ) ;
#9399 = ORIENTED_EDGE ( 'NONE', *, *, #7360, .T. ) ;
#9400 = EDGE_CURVE ( 'NONE', #4813, #2564, #4287, .T. ) ;
#9401 = DIRECTION ( 'NONE',  ( -1.652117596168388002E-16, -0.000000000000000000, -1.000000000000000000 ) ) ;
#9402 = ORIENTED_EDGE ( 'NONE', *, *, #5756, .F. ) ;
#9403 = EDGE_LOOP ( 'NONE', ( #8769, #10670, #2678, #11060 ) ) ;
#9404 = CARTESIAN_POINT ( 'NONE',  ( -23.99999999999997868, 86.99353629189842252, 15.60000000000000320 ) ) ;
#9405 = PLANE ( 'NONE',  #9971 ) ;
#9406 = AXIS2_PLACEMENT_3D ( 'NONE', #1681, #6108, #7084 ) ;
#9407 = CARTESIAN_POINT ( 'NONE',  ( -18.59999999999998366, 17.63098360465878756, 12.00000000000000355 ) ) ;
#9408 = CARTESIAN_POINT ( 'NONE',  ( -36.00000000000000000, 51.31596721165377062, 19.99999999999984013 ) ) ;
#9409 = VERTEX_POINT ( 'NONE', #3352 ) ;
#9410 = DIRECTION ( 'NONE',  ( 0.000000000000000000, -1.000000000000000000, 0.000000000000000000 ) ) ;
#9411 = DIRECTION ( 'NONE',  ( -1.355252715606877091E-16, -0.000000000000000000, -1.000000000000000000 ) ) ;
#9412 = VECTOR ( 'NONE', #9952, 999.9999999999998863 ) ;
#9413 = VERTEX_POINT ( 'NONE', #7839 ) ;
#9414 = VECTOR ( 'NONE', #1525, 1000.000000000000000 ) ;
#9415 = DIRECTION ( 'NONE',  ( 1.000000000000000000, 0.000000000000000000, -0.000000000000000000 ) ) ;
#9416 = CARTESIAN_POINT ( 'NONE',  ( 11.43682032729198816, 0.000000000000000000, 21.00572010708273751 ) ) ;
#9417 = ORIENTED_EDGE ( 'NONE', *, *, #2927, .T. ) ;
#9419 = CARTESIAN_POINT ( 'NONE',  ( -22.77561206912258740, 9.078673612423555639, 2.337068744713404200 ) ) ;
#9418 = DIRECTION ( 'NONE',  ( -0.000000000000000000, -0.000000000000000000, -1.000000000000000000 ) ) ;
#9420 = CARTESIAN_POINT ( 'NONE',  ( -24.00000000000003908, 46.70306154330088333, -47.00000000000000000 ) ) ;
#9421 = VERTEX_POINT ( 'NONE', #5287 ) ;
#9422 = CIRCLE ( 'NONE', #7357, 15.00000000000000000 ) ;
#9423 = ORIENTED_EDGE ( 'NONE', *, *, #8744, .T. ) ;
#9424 = DIRECTION ( 'NONE',  ( 1.000000000000000000, 0.000000000000000000, -2.197316402903955784E-15 ) ) ;
#9425 = AXIS2_PLACEMENT_3D ( 'NONE', #6674, #11235, #630 ) ;
#9426 = LINE ( 'NONE', #5697, #1463 ) ;
#9427 = EDGE_LOOP ( 'NONE', ( #1409, #2567, #6305, #7099, #4106, #10230, #11289 ) ) ;
#9428 = ADVANCED_FACE ( 'NONE', ( #2529 ), #4449, .F. ) ;
#9429 = ORIENTED_EDGE ( 'NONE', *, *, #3649, .T. ) ;
#9430 = ORIENTED_EDGE ( 'NONE', *, *, #865, .T. ) ;
#9431 = ORIENTED_EDGE ( 'NONE', *, *, #2791, .F. ) ;
#9432 = CARTESIAN_POINT ( 'NONE',  ( -3.469446951953614189E-15, 8.000000000000000000, -13.00000000000000178 ) ) ;
#9433 = DIRECTION ( 'NONE',  ( 0.000000000000000000, 0.000000000000000000, 1.000000000000000000 ) ) ;
#9434 = TOROIDAL_SURFACE ( 'NONE', #10556, 3.037741699796946637, 1.600000000000000089 ) ;
#9435 = ORIENTED_EDGE ( 'NONE', *, *, #128, .T. ) ;
#9436 = CARTESIAN_POINT ( 'NONE',  ( -43.00000000000000000, 100.9999999999999858, 2.499999999999953371 ) ) ;
#9437 = CARTESIAN_POINT ( 'NONE',  ( -26.26467776801765197, 12.88539553710949370, -4.866263366904711063 ) ) ;
#9438 = CARTESIAN_POINT ( 'NONE',  ( -23.99999999999997158, 10.30306154330093094, -47.00000000000000000 ) ) ;
#9439 = CARTESIAN_POINT ( 'NONE',  ( -26.52514151903377737, 13.33369471107027593, -14.56175989292646200 ) ) ;
#9440 = VECTOR ( 'NONE', #10603, 1000.000000000000114 ) ;
#9441 = EDGE_CURVE ( 'NONE', #8006, #6830, #857, .T. ) ;
#9442 = PLANE ( 'NONE',  #3804 ) ;
#9443 = DIRECTION ( 'NONE',  ( 0.000000000000000000, 0.000000000000000000, 1.000000000000000000 ) ) ;
#9444 = VERTEX_POINT ( 'NONE', #10644 ) ;
#9445 = VERTEX_POINT ( 'NONE', #8183 ) ;
#9446 = EDGE_CURVE ( 'NONE', #6937, #9228, #10967, .T. ) ;
#9447 = ORIENTED_EDGE ( 'NONE', *, *, #10647, .T. ) ;
#9448 = EDGE_LOOP ( 'NONE', ( #6723, #10755, #625 ) ) ;
#9449 = DIRECTION ( 'NONE',  ( -1.000000000000000000, 0.000000000000000000, 1.652117596168398356E-16 ) ) ;
#9450 = B_SPLINE_CURVE_WITH_KNOTS ( 'NONE', 3,
 ( #6789, #1615, #5935, #5178 ),
 .UNSPECIFIED., .F., .F.,
 ( 4, 4 ),
 ( 0.01673439337369017621, 0.02284960619394448694 ),
 .UNSPECIFIED. ) ;
#9451 = CARTESIAN_POINT ( 'NONE',  ( -20.99999999999998934, 45.46042085618157103, 1.000000000000002665 ) ) ;
#9452 = CARTESIAN_POINT ( 'NONE',  ( -42.39999999999999147, 110.4999999999999858, 7.418296902466195762E-15 ) ) ;
#9453 = FACE_OUTER_BOUND ( 'NONE', #1849, .T. ) ;
#9454 = CARTESIAN_POINT ( 'NONE',  ( -42.40000000000004832, 100.9999999999999858, 1.900000000000006350 ) ) ;
#9455 = EDGE_CURVE ( 'NONE', #5379, #194, #6426, .T. ) ;
#9456 = DIRECTION ( 'NONE',  ( 0.000000000000000000, 1.000000000000000000, -0.000000000000000000 ) ) ;
#9457 = ORIENTED_EDGE ( 'NONE', *, *, #11407, .T. ) ;
#9458 = VERTEX_POINT ( 'NONE', #1140 ) ;
#9459 = VERTEX_POINT ( 'NONE', #9835 ) ;
#9460 = VECTOR ( 'NONE', #4123, 1000.000000000000000 ) ;
#9461 = CARTESIAN_POINT ( 'NONE',  ( -25.67011599180681358, 12.03801022220755534, -11.22880675276915952 ) ) ;
#9462 = CARTESIAN_POINT ( 'NONE',  ( -21.84310305542821951, 8.203844758761087874, -15.55146336935019136 ) ) ;
#9463 = FACE_OUTER_BOUND ( 'NONE', #4887, .T. ) ;
#9464 = CARTESIAN_POINT ( 'NONE',  ( -26.13553390593271075, 21.36752763736817329, -0.9999999999999983347 ) ) ;
#9465 = CARTESIAN_POINT ( 'NONE',  ( -19.04898816885961921, -0.2537499513692200726, 25.41651566785132488 ) ) ;
#9466 = DIRECTION ( 'NONE',  ( 0.000000000000000000, 0.000000000000000000, 1.000000000000000000 ) ) ;
#9467 = VERTEX_POINT ( 'NONE', #3580 ) ;
#9468 = ADVANCED_FACE ( 'NONE', ( #3700 ), #5946, .T. ) ;
#9469 = EDGE_CURVE ( 'NONE', #4389, #9828, #8019, .T. ) ;
#9470 = CARTESIAN_POINT ( 'NONE',  ( -43.50157110062755805, 56.36646569556992148, 14.50157110062752253 ) ) ;
#9471 = DIRECTION ( 'NONE',  ( -0.9659258262890700886, 0.000000000000000000, -0.2588190451025143002 ) ) ;
#9472 = VERTEX_POINT ( 'NONE', #7244 ) ;
#9473 = PLANE ( 'NONE',  #8272 ) ;
#9474 = DIRECTION ( 'NONE',  ( -1.000000000000000000, 0.000000000000000000, 1.652117596168397370E-16 ) ) ;
#9475 = ORIENTED_EDGE ( 'NONE', *, *, #8356, .T. ) ;
#9477 = CARTESIAN_POINT ( 'NONE',  ( -27.09083954634440161, 64.04131992144890262, 7.500000000000002665 ) ) ;
#9476 = CARTESIAN_POINT ( 'NONE',  ( 17.12085524324418984, -0.09890348789407436836, 21.85397077499576568 ) ) ;
#9478 = DIRECTION ( 'NONE',  ( 1.000000000000000000, 0.000000000000000000, 0.000000000000000000 ) ) ;
#9479 = VERTEX_POINT ( 'NONE', #40 ) ;
#9480 = AXIS2_PLACEMENT_3D ( 'NONE', #8368, #7480, #5760 ) ;
#9481 = ORIENTED_EDGE ( 'NONE', *, *, #9593, .T. ) ;
#9482 = CARTESIAN_POINT ( 'NONE',  ( -16.90168654978542406, -0.9258627143541316995, 26.98957299753599415 ) ) ;
#9483 = CIRCLE ( 'NONE', #10611, 26.75000000000000000 ) ;
#9484 = EDGE_CURVE ( 'NONE', #2609, #10018, #10963, .T. ) ;
#9485 = VERTEX_POINT ( 'NONE', #7356 ) ;
#9486 = ORIENTED_EDGE ( 'NONE', *, *, #9563, .F. ) ;
#9487 = CARTESIAN_POINT ( 'NONE',  ( -27.09083954634440516, 64.04131992144890262, 12.00000000000000178 ) ) ;
#9488 = DIRECTION ( 'NONE',  ( 1.734723475976807489E-15, -1.000000000000000000, 0.000000000000000000 ) ) ;
#9489 = EDGE_LOOP ( 'NONE', ( #2070, #7258, #2746, #9266 ) ) ;
#9490 = DIRECTION ( 'NONE',  ( 1.000000000000000000, 9.251858538542971828E-16, 0.000000000000000000 ) ) ;
#9491 = DIRECTION ( 'NONE',  ( 1.652117596168388002E-16, 0.000000000000000000, 1.000000000000000000 ) ) ;
#9492 = CARTESIAN_POINT ( 'NONE',  ( -23.99999999999997158, 10.30306154330093094, -47.00000000000000000 ) ) ;
#9493 = CARTESIAN_POINT ( 'NONE',  ( -23.99999999999997158, 10.30306154330093094, 2.076572383382754960 ) ) ;
#9494 = CARTESIAN_POINT ( 'NONE',  ( -25.12564229957075668, 0.3421090540958502402, 20.68207577035306599 ) ) ;
#9495 = VECTOR ( 'NONE', #1810, 1000.000000000000000 ) ;
#9496 = DIRECTION ( 'NONE',  ( -0.7071067811865454633, 0.7071067811865495711, 0.000000000000000000 ) ) ;
#9497 = EDGE_CURVE ( 'NONE', #3299, #2608, #8238, .T. ) ;
#9498 = DIRECTION ( 'NONE',  ( 1.000000000000000000, 0.000000000000000000, 0.000000000000000000 ) ) ;
#9499 = AXIS2_PLACEMENT_3D ( 'NONE', #3350, #6892, #6034 ) ;
#9500 = DIRECTION ( 'NONE',  ( 0.4383711467890783475, 0.8987940462991667046, 0.000000000000000000 ) ) ;
#9501 = EDGE_CURVE ( 'NONE', #6836, #1346, #10064, .T. ) ;
#9502 = EDGE_CURVE ( 'NONE', #5962, #6529, #6917, .T. ) ;
#9503 = ORIENTED_EDGE ( 'NONE', *, *, #9128, .T. ) ;
#9504 = VERTEX_POINT ( 'NONE', #10868 ) ;
#9505 = AXIS2_PLACEMENT_3D ( 'NONE', #2191, #5770, #1329 ) ;
#9506 = ORIENTED_EDGE ( 'NONE', *, *, #961, .F. ) ;
#9507 = CONICAL_SURFACE ( 'NONE', #378, 25.97128129211036196, 1.308996938995752979 ) ;
#9508 = FACE_OUTER_BOUND ( 'NONE', #10762, .T. ) ;
#9509 = CARTESIAN_POINT ( 'NONE',  ( -28.37524460219746913, 1.109665741456850707, 20.01660514428557036 ) ) ;
#9510 = DIRECTION ( 'NONE',  ( 0.000000000000000000, 1.000000000000000000, 0.000000000000000000 ) ) ;
#9511 = DIRECTION ( 'NONE',  ( 1.000000000000000000, 0.000000000000000000, -0.000000000000000000 ) ) ;
#9512 = EDGE_CURVE ( 'NONE', #8088, #9959, #6626, .T. ) ;
#9513 = LINE ( 'NONE', #1698, #11115 ) ;
#9514 = EDGE_CURVE ( 'NONE', #9579, #9228, #916, .T. ) ;
#9515 = CONICAL_SURFACE ( 'NONE', #9333, 1.899999999999999467, 0.7853981633974551624 ) ;
#9516 = DIRECTION ( 'NONE',  ( 1.000000000000000000, 0.000000000000000000, 0.000000000000000000 ) ) ;
#9517 = VERTEX_POINT ( 'NONE', #203 ) ;
#9518 = ORIENTED_EDGE ( 'NONE', *, *, #6612, .F. ) ;
#9519 = FACE_OUTER_BOUND ( 'NONE', #8923, .T. ) ;
#9520 = CARTESIAN_POINT ( 'NONE',  ( -9.651745900624373320, 0.000000000000000000, 21.00571895806876910 ) ) ;
#9521 = DIRECTION ( 'NONE',  ( 1.734723475976807489E-15, -1.000000000000000000, 0.000000000000000000 ) ) ;
#9522 = CARTESIAN_POINT ( 'NONE',  ( -18.73897290281038508, 0.4930081714407276716, 26.50543883423097569 ) ) ;
#9523 = DIRECTION ( 'NONE',  ( 1.000000000000000000, 0.000000000000000000, 0.000000000000000000 ) ) ;
#9524 = ORIENTED_EDGE ( 'NONE', *, *, #7481, .T. ) ;
#9525 = CARTESIAN_POINT ( 'NONE',  ( -32.49999999999998579, 100.9999999999999858, 3.743037625879104828E-15 ) ) ;
#9526 = LINE ( 'NONE', #8409, #4178 ) ;
#9527 = ADVANCED_FACE ( 'NONE', ( #6268 ), #6304, .T. ) ;
#9528 = ORIENTED_EDGE ( 'NONE', *, *, #304, .F. ) ;
#9529 = FACE_OUTER_BOUND ( 'NONE', #1705, .T. ) ;
#9530 = EDGE_CURVE ( 'NONE', #3546, #4775, #3644, .T. ) ;
#9531 = CARTESIAN_POINT ( 'NONE',  ( -1.000000000000000888, 51.31596721165375641, -20.99999999999998224 ) ) ;
#9532 = ORIENTED_EDGE ( 'NONE', *, *, #5311, .F. ) ;
#9533 = ADVANCED_FACE ( 'NONE', ( #9060 ), #7188, .T. ) ;
#9535 = CARTESIAN_POINT ( 'NONE',  ( -9.385072420194470411, -5.000000000000002665, 27.00000000000000355 ) ) ;
#9534 = LINE ( 'NONE', #2349, #7681 ) ;
#9536 = LINE ( 'NONE', #5103, #2268 ) ;
#9537 = CARTESIAN_POINT ( 'NONE',  ( 34.00000000000000000, 89.25000000000000000, -1.375000000000003331 ) ) ;
#9538 = VERTEX_POINT ( 'NONE', #6318 ) ;
#9539 = CARTESIAN_POINT ( 'NONE',  ( -22.16561135359183510, 8.468672896892810442, 2.486925745955428368 ) ) ;
#9540 = VECTOR ( 'NONE', #10587, 1000.000000000000000 ) ;
#9541 = EDGE_CURVE ( 'NONE', #3299, #7198, #1883, .T. ) ;
#9542 = EDGE_CURVE ( 'NONE', #1012, #4801, #1043, .T. ) ;
#9543 = DIRECTION ( 'NONE',  ( 0.000000000000000000, 0.000000000000000000, -1.000000000000000000 ) ) ;
#9544 = DIRECTION ( 'NONE',  ( 0.000000000000000000, 0.000000000000000000, -1.000000000000000000 ) ) ;
#9545 = CARTESIAN_POINT ( 'NONE',  ( -27.60000000000000497, 32.10306154330088901, -47.00000000000000000 ) ) ;
#9546 = DIRECTION ( 'NONE',  ( -1.000000000000000000, -1.734723475976807489E-15, 0.000000000000000000 ) ) ;
#9547 = EDGE_LOOP ( 'NONE', ( #9372, #4236, #6680, #577 ) ) ;
#9548 = CARTESIAN_POINT ( 'NONE',  ( 11.83660106023543079, 0.000000000000000000, 21.00571895806876910 ) ) ;
#9549 = DIRECTION ( 'NONE',  ( 0.000000000000000000, 0.000000000000000000, -1.000000000000000000 ) ) ;
#9550 = CARTESIAN_POINT ( 'NONE',  ( -27.59999999999998721, 88.61736382251127964, -0.9999999999999983347 ) ) ;
#9551 = B_SPLINE_CURVE_WITH_KNOTS ( 'NONE', 3,
 ( #10686, #188, #7283, #2911 ),
 .UNSPECIFIED., .F., .F.,
 ( 4, 4 ),
 ( 0.000000000000000000, 0.002626471643539439633 ),
 .UNSPECIFIED. ) ;
#9552 = CARTESIAN_POINT ( 'NONE',  ( -33.37284752453797410, 64.62005467201780107, -19.99999999999996803 ) ) ;
#9553 = CARTESIAN_POINT ( 'NONE',  ( -25.66168819526671641, 0.4383014759101045987, 20.50717912342706839 ) ) ;
#9554 = AXIS2_PLACEMENT_3D ( 'NONE', #5335, #10577, #2628 ) ;
#9555 = LINE ( 'NONE', #5994, #1016 ) ;
#9556 = CARTESIAN_POINT ( 'NONE',  ( -22.59999999999998366, 17.83199373143543198, -47.00000000000000000 ) ) ;
#9557 = CIRCLE ( 'NONE', #11423, 5.000000000000000888 ) ;
#9558 = CARTESIAN_POINT ( 'NONE',  ( -21.84032041970593241, 8.214066791885558771, -3.951038060369861604 ) ) ;
#9559 = ORIENTED_EDGE ( 'NONE', *, *, #2212, .T. ) ;
#9560 = VECTOR ( 'NONE', #2570, 1000.000000000000000 ) ;
#9561 = VERTEX_POINT ( 'NONE', #151 ) ;
#9562 = ORIENTED_EDGE ( 'NONE', *, *, #464, .F. ) ;
#9563 = EDGE_CURVE ( 'NONE', #11443, #7693, #3922, .T. ) ;
#9564 = EDGE_LOOP ( 'NONE', ( #9699, #4572, #2339, #5640, #960, #10848, #7545, #3178, #582, #6606, #8804, #4384, #7374, #8429, #1255, #1872, #8708, #7447, #628, #8909, #2673, #3526, #90, #3033, #3692 ) ) ;
#9565 = AXIS2_PLACEMENT_3D ( 'NONE', #11267, #6816, #3916 ) ;
#9566 = CARTESIAN_POINT ( 'NONE',  ( -24.70351204377359267, 1.226841564185818800, 21.86628404714870655 ) ) ;
#9567 = ADVANCED_FACE ( 'NONE', ( #4852 ), #1190, .F. ) ;
#9568 = CARTESIAN_POINT ( 'NONE',  ( -26.83610634727133615, 0.6905688299449805889, 20.21690016747208318 ) ) ;
#9569 = LINE ( 'NONE', #11260, #3372 ) ;
#9570 = CARTESIAN_POINT ( 'NONE',  ( -23.99999999999998934, 83.99999999999998579, -2.599999999999991207 ) ) ;
#9571 = CARTESIAN_POINT ( 'NONE',  ( -23.99999999999998579, 84.98906412751230732, 3.987471941855791346 ) ) ;
#9572 = EDGE_CURVE ( 'NONE', #2887, #11192, #3131, .T. ) ;
#9573 = CIRCLE ( 'NONE', #4910, 5.000000000000000888 ) ;
#9574 = ORIENTED_EDGE ( 'NONE', *, *, #10433, .T. ) ;
#9575 = ORIENTED_EDGE ( 'NONE', *, *, #2635, .F. ) ;
#9576 = CIRCLE ( 'NONE', #10319, 5.000000000000000888 ) ;
#9577 = CARTESIAN_POINT ( 'NONE',  ( -24.00000000000002487, 41.70306154330087622, -47.00000000000000000 ) ) ;
#9578 = CARTESIAN_POINT ( 'NONE',  ( -24.00456142979123442, 88.19023809745081621, 10.39999999999998970 ) ) ;
#9579 = VERTEX_POINT ( 'NONE', #4914 ) ;
#9581 = VERTEX_POINT ( 'NONE', #3977 ) ;
#9580 = EDGE_CURVE ( 'NONE', #4874, #7925, #4977, .T. ) ;
#9582 = EDGE_CURVE ( 'NONE', #10832, #6457, #4743, .T. ) ;
#9583 = DIRECTION ( 'NONE',  ( 1.000000000000000000, 0.000000000000000000, 0.000000000000000000 ) ) ;
#9584 = CARTESIAN_POINT ( 'NONE',  ( -27.59999999999998721, 17.83199373143543198, -5.499999999999998224 ) ) ;
#9585 = EDGE_CURVE ( 'NONE', #9828, #707, #6764, .T. ) ;
#9586 = VECTOR ( 'NONE', #5122, 1000.000000000000000 ) ;
#9587 = VECTOR ( 'NONE', #5464, 999.9999999999998863 ) ;
#9588 = CARTESIAN_POINT ( 'NONE',  ( -18.96343706384357120, -0.2933094898204999246, 25.48297403180772136 ) ) ;
#9589 = CARTESIAN_POINT ( 'NONE',  ( 0.000000000000000000, 0.000000000000000000, 21.00000000000000000 ) ) ;
#9590 = VERTEX_POINT ( 'NONE', #5629 ) ;
#9591 = AXIS2_PLACEMENT_3D ( 'NONE', #4881, #11128, #4765 ) ;
#9592 = PLANE ( 'NONE',  #7807 ) ;
#9593 = EDGE_CURVE ( 'NONE', #565, #6527, #3701, .T. ) ;
#9594 = EDGE_LOOP ( 'NONE', ( #9110, #359, #7838, #3019 ) ) ;
#9595 = VECTOR ( 'NONE', #1833, 1000.000000000000000 ) ;
#9596 = DIRECTION ( 'NONE',  ( -0.000000000000000000, -0.000000000000000000, -1.000000000000000000 ) ) ;
#9597 = AXIS2_PLACEMENT_3D ( 'NONE', #8320, #7554, #6450 ) ;
#9598 = FACE_OUTER_BOUND ( 'NONE', #1568, .T. ) ;
#9600 = ORIENTED_EDGE ( 'NONE', *, *, #3073, .F. ) ;
#9599 = EDGE_CURVE ( 'NONE', #2401, #11018, #9096, .T. ) ;
#9602 = CARTESIAN_POINT ( 'NONE',  ( -26.13553390593271075, 21.36752763736817329, -11.99999999999999645 ) ) ;
#9601 = DIRECTION ( 'NONE',  ( 0.000000000000000000, 0.000000000000000000, 1.000000000000000000 ) ) ;
#9603 = CARTESIAN_POINT ( 'NONE',  ( -24.32088110486508015, 10.62394264816603773, -4.487332763103244027 ) ) ;
#9604 = ORIENTED_EDGE ( 'NONE', *, *, #7897, .F. ) ;
#9605 = ORIENTED_EDGE ( 'NONE', *, *, #4378, .T. ) ;
#9606 = CARTESIAN_POINT ( 'NONE',  ( -28.77809044707268171, 8.000000000000000000, 31.00000000000000000 ) ) ;
#9607 = CIRCLE ( 'NONE', #8854, 1.600000000000002531 ) ;
#9608 = EDGE_CURVE ( 'NONE', #10405, #510, #5684, .T. ) ;
#9609 = FACE_OUTER_BOUND ( 'NONE', #10082, .T. ) ;
#9610 = LINE ( 'NONE', #8653, #1113 ) ;
#9611 = DIRECTION ( 'NONE',  ( 1.000000000000000000, -0.000000000000000000, -1.652117596168387756E-16 ) ) ;
#9612 = EDGE_CURVE ( 'NONE', #177, #5999, #10986, .T. ) ;
#9613 = ORIENTED_EDGE ( 'NONE', *, *, #1364, .F. ) ;
#9614 = AXIS2_PLACEMENT_3D ( 'NONE', #8899, #924, #106 ) ;
#9615 = ORIENTED_EDGE ( 'NONE', *, *, #4757, .T. ) ;
#9616 = DIRECTION ( 'NONE',  ( -0.7071067811865474617, -0.7071067811865474617, 0.000000000000000000 ) ) ;
#9617 = CARTESIAN_POINT ( 'NONE',  ( -27.60000000000000497, 32.10306154330088901, -47.00000000000000000 ) ) ;
#9618 = ORIENTED_EDGE ( 'NONE', *, *, #3712, .F. ) ;
#9619 = CYLINDRICAL_SURFACE ( 'NONE', #11470, 1.600000000000002531 ) ;
#9620 = CARTESIAN_POINT ( 'NONE',  ( -27.09083954634444780, 64.04131992144890262, -5.499999999999999112 ) ) ;
#9621 = DIRECTION ( 'NONE',  ( 0.7071067811865499042, -0.7071067811865451302, 0.000000000000000000 ) ) ;
#9622 = EDGE_LOOP ( 'NONE', ( #7408, #2059, #6081, #7760 ) ) ;
#9623 = DIRECTION ( 'NONE',  ( 0.7071067811865499042, -0.7071067811865451302, 0.000000000000000000 ) ) ;
#9624 = CARTESIAN_POINT ( 'NONE',  ( -25.39241646190185975, 0.3887247457195624478, 20.59207664453908393 ) ) ;
#9625 = EDGE_CURVE ( 'NONE', #3119, #6013, #7469, .T. ) ;
#9626 = CARTESIAN_POINT ( 'NONE',  ( -20.99999999999998934, 45.46042085618157103, -13.99999999999999645 ) ) ;
#9627 = DIRECTION ( 'NONE',  ( 1.734723475976807489E-15, -1.000000000000000000, 0.000000000000000000 ) ) ;
#9628 = ORIENTED_EDGE ( 'NONE', *, *, #8793, .F. ) ;
#9629 = VECTOR ( 'NONE', #3443, 1000.000000000000000 ) ;
#9630 = VERTEX_POINT ( 'NONE', #1301 ) ;
#9631 = CIRCLE ( 'NONE', #8139, 4.242640687119346055 ) ;
#9632 = ORIENTED_EDGE ( 'NONE', *, *, #9731, .F. ) ;
#9633 = CARTESIAN_POINT ( 'NONE',  ( -19.64284886039479971, 64.26021268290610067, 5.500000000000002665 ) ) ;
#9634 = VECTOR ( 'NONE', #5409, 999.9999999999998863 ) ;
#9635 = VERTEX_POINT ( 'NONE', #7529 ) ;
#9636 = VECTOR ( 'NONE', #3785, 1000.000000000000000 ) ;
#9637 = DIRECTION ( 'NONE',  ( -0.000000000000000000, -0.000000000000000000, -1.000000000000000000 ) ) ;
#9638 = CARTESIAN_POINT ( 'NONE',  ( -16.85373674980490932, -0.9844413886108853706, 26.99373935892741372 ) ) ;
#9639 = CARTESIAN_POINT ( 'NONE',  ( -0.9999999999999961142, 51.31596721165376351, 7.500000000000003553 ) ) ;
#9640 = DIRECTION ( 'NONE',  ( -1.000000000000000000, 0.000000000000000000, 0.000000000000000000 ) ) ;
#9641 = DIRECTION ( 'NONE',  ( 0.000000000000000000, 0.000000000000000000, 1.000000000000000000 ) ) ;
#9642 = EDGE_LOOP ( 'NONE', ( #5975, #3429 ) ) ;
#9643 = EDGE_LOOP ( 'NONE', ( #2693, #6783, #9371, #2145 ) ) ;
#9644 = LINE ( 'NONE', #2443, #440 ) ;
#9645 = CARTESIAN_POINT ( 'NONE',  ( -43.99999999999998579, 88.61736382251127964, -15.59999999999998899 ) ) ;
#9646 = ORIENTED_EDGE ( 'NONE', *, *, #2429, .F. ) ;
#9647 = ORIENTED_EDGE ( 'NONE', *, *, #445, .T. ) ;
#9648 = CARTESIAN_POINT ( 'NONE',  ( -20.99999999999998934, 45.46042085618157103, 12.00000000000000178 ) ) ;
#9649 = LINE ( 'NONE', #3511, #7484 ) ;
#9650 = CARTESIAN_POINT ( 'NONE',  ( -19.60934104347438733, -0.07083776856101704766, 24.82842712474617741 ) ) ;
#9651 = CARTESIAN_POINT ( 'NONE',  ( 15.56992757980558295, -37.49945344790946677, 27.00000000000000355 ) ) ;
#9652 = EDGE_LOOP ( 'NONE', ( #7259, #10668 ) ) ;
#9653 = CARTESIAN_POINT ( 'NONE',  ( -24.96396103067888106, 11.26702257397983331, 1.899177871200940837 ) ) ;
#9654 = EDGE_CURVE ( 'NONE', #3937, #7871, #7415, .T. ) ;
#9655 = AXIS2_PLACEMENT_3D ( 'NONE', #4489, #2671, #946 ) ;
#9656 = ORIENTED_EDGE ( 'NONE', *, *, #10994, .F. ) ;
#9657 = ADVANCED_FACE ( 'NONE', ( #11040 ), #554, .T. ) ;
#9658 = DIRECTION ( 'NONE',  ( 0.000000000000000000, -1.000000000000000000, 0.000000000000000000 ) ) ;
#9659 = DIRECTION ( 'NONE',  ( 0.000000000000000000, -1.000000000000000000, 2.973811673103097665E-16 ) ) ;
#9660 = ORIENTED_EDGE ( 'NONE', *, *, #401, .F. ) ;
#9661 = ADVANCED_FACE ( 'NONE', ( #10115 ), #6710, .T. ) ;
#9663 = DIRECTION ( 'NONE',  ( 1.000000000000000000, 0.000000000000000000, 0.000000000000000000 ) ) ;
#9662 = CARTESIAN_POINT ( 'NONE',  ( -12.27182376614259951, -3.500000000000000444, 24.50000000000000000 ) ) ;
#9664 = LINE ( 'NONE', #5453, #3820 ) ;
#9665 = CARTESIAN_POINT ( 'NONE',  ( -32.78586014155481365, 65.98631720019174907, -19.81179247625356155 ) ) ;
#9666 = CARTESIAN_POINT ( 'NONE',  ( -24.00000000000006040, 59.90306154330085064, -47.00000000000000000 ) ) ;
#9667 = CONICAL_SURFACE ( 'NONE', #10768, 25.97128129211041880, 1.308996938995755421 ) ;
#9668 = EDGE_LOOP ( 'NONE', ( #10300, #3018, #2087, #6620 ) ) ;
#9669 = DIRECTION ( 'NONE',  ( 1.000000000000000000, 0.000000000000000000, 0.000000000000000000 ) ) ;
#9670 = AXIS2_PLACEMENT_3D ( 'NONE', #2067, #10880, #1147 ) ;
#9671 = EDGE_CURVE ( 'NONE', #8387, #9444, #8298, .T. ) ;
#9672 = DIRECTION ( 'NONE',  ( 0.000000000000000000, 0.000000000000000000, -1.000000000000000000 ) ) ;
#9673 = DIRECTION ( 'NONE',  ( 0.9205048534524230552, 1.212152217050843683E-15, -0.3907311284893143499 ) ) ;
#9674 = VERTEX_POINT ( 'NONE', #2987 ) ;
#9675 = CARTESIAN_POINT ( 'NONE',  ( -54.95715113960527987, 77.66021268290592161, 12.00000000000000178 ) ) ;
#9676 = AXIS2_PLACEMENT_3D ( 'NONE', #7541, #9308, #1315 ) ;
#9677 = ORIENTED_EDGE ( 'NONE', *, *, #5082, .F. ) ;
#9678 = DIRECTION ( 'NONE',  ( 0.4383711467890782920, 0.8987940462991665935, 0.000000000000000000 ) ) ;
#9679 = VERTEX_POINT ( 'NONE', #3867 ) ;
#9680 = DIRECTION ( 'NONE',  ( -1.000000000000000000, 0.000000000000000000, 1.652117596168387756E-16 ) ) ;
#9681 = CARTESIAN_POINT ( 'NONE',  ( -20.99999999999998934, 45.46042085618157103, 12.00000000000000178 ) ) ;
#9682 = ORIENTED_EDGE ( 'NONE', *, *, #8778, .F. ) ;
#9683 = CARTESIAN_POINT ( 'NONE',  ( -26.13553390593276760, 48.83859544923359408, -0.9999999999999983347 ) ) ;
#9684 = CARTESIAN_POINT ( 'NONE',  ( -24.94953473291774415, 0.3133189822441436179, 20.74621386188456640 ) ) ;
#9685 = CARTESIAN_POINT ( 'NONE',  ( -23.99999999999998934, 85.07310634219432188, -10.46850881724579452 ) ) ;
#9686 = CARTESIAN_POINT ( 'NONE',  ( -1.011173287611549168E-16, -1.750000000000000888, 24.03108891324553653 ) ) ;
#9687 = AXIS2_PLACEMENT_3D ( 'NONE', #11148, #8452, #10266 ) ;
#9688 = ORIENTED_EDGE ( 'NONE', *, *, #6910, .F. ) ;
#9689 = EDGE_LOOP ( 'NONE', ( #112, #11383, #8911, #5026, #11508 ) ) ;
#9690 = EDGE_CURVE ( 'NONE', #2859, #3966, #6535, .T. ) ;
#9691 = ADVANCED_FACE ( 'NONE', ( #2172 ), #5749, .T. ) ;
#9692 = DIRECTION ( 'NONE',  ( -1.000000000000000000, 0.000000000000000000, 1.652117596168387756E-16 ) ) ;
#9693 = AXIS2_PLACEMENT_3D ( 'NONE', #3942, #3833, #334 ) ;
#9694 = DIRECTION ( 'NONE',  ( -0.7071067811865474617, -0.7071067811865474617, 0.000000000000000000 ) ) ;
#9695 = DIRECTION ( 'NONE',  ( -1.379656123914496359E-15, 1.000000000000000000, -0.000000000000000000 ) ) ;
#9696 = FACE_OUTER_BOUND ( 'NONE', #9489, .T. ) ;
#9697 = CARTESIAN_POINT ( 'NONE',  ( -20.99999999999998934, 24.74570223042017503, 5.500000000000002665 ) ) ;
#9698 = ORIENTED_EDGE ( 'NONE', *, *, #8039, .T. ) ;
#9699 = ORIENTED_EDGE ( 'NONE', *, *, #10398, .T. ) ;
#9700 = LINE ( 'NONE', #5077, #2112 ) ;
#9701 = VECTOR ( 'NONE', #9043, 1000.000000000000000 ) ;
#9702 = VERTEX_POINT ( 'NONE', #6082 ) ;
#9703 = EDGE_LOOP ( 'NONE', ( #1936, #5344, #3898, #909 ) ) ;
#9704 = DIRECTION ( 'NONE',  ( 1.000000000000000000, 0.000000000000000000, 0.000000000000000000 ) ) ;
#9705 = DIRECTION ( 'NONE',  ( -0.000000000000000000, -0.000000000000000000, -1.000000000000000000 ) ) ;
#9706 = CARTESIAN_POINT ( 'NONE',  ( -17.42209073248510620, -0.3610269871639176231, 26.92633266456791929 ) ) ;
#9707 = CARTESIAN_POINT ( 'NONE',  ( -1.442848860394842170, 46.06021268290589177, -5.499999999999999112 ) ) ;
#9708 = EDGE_LOOP ( 'NONE', ( #6439, #3586, #1451, #8296 ) ) ;
#9709 = DIRECTION ( 'NONE',  ( 1.000000000000000000, 0.000000000000000000, 0.000000000000000000 ) ) ;
#9710 = EDGE_CURVE ( 'NONE', #1276, #7714, #2876, .T. ) ;
#9711 = ORIENTED_EDGE ( 'NONE', *, *, #2653, .T. ) ;
#9712 = VECTOR ( 'NONE', #9673, 1000.000000000000227 ) ;
#9713 = DIRECTION ( 'NONE',  ( 1.000000000000000000, 0.000000000000000000, 0.000000000000000000 ) ) ;
#9714 = LINE ( 'NONE', #9774, #3017 ) ;
#9715 = VERTEX_POINT ( 'NONE', #5970 ) ;
#9716 = VECTOR ( 'NONE', #396, 1000.000000000000114 ) ;
#9717 = ADVANCED_FACE ( 'NONE', ( #4330 ), #9592, .F. ) ;
#9718 = DIRECTION ( 'NONE',  ( 0.000000000000000000, 1.000000000000000000, -0.000000000000000000 ) ) ;
#9719 = DIRECTION ( 'NONE',  ( -1.000000000000000000, 0.000000000000000000, 0.000000000000000000 ) ) ;
#9720 = LINE ( 'NONE', #5043, #7018 ) ;
#9721 = DIRECTION ( 'NONE',  ( 0.000000000000000000, 0.000000000000000000, 1.000000000000000000 ) ) ;
#9722 = EDGE_CURVE ( 'NONE', #8826, #4307, #7050, .T. ) ;
#9723 = DIRECTION ( 'NONE',  ( 0.2588190451025144112, -0.000000000000000000, -0.9659258262890700886 ) ) ;
#9724 = B_SPLINE_CURVE_WITH_KNOTS ( 'NONE', 3,
 ( #2896, #6451, #10674, #3554, #7101, #4826, #2955, #458, #8382, #4704 ),
 .UNSPECIFIED., .F., .F.,
 ( 4, 2, 2, 2, 4 ),
 ( 0.000000000000000000, 0.001566009538732437718, 0.003132019077464875435, 0.004698028616197312719, 0.006264038154929756075 ),
 .UNSPECIFIED. ) ;
#9725 = EDGE_CURVE ( 'NONE', #11304, #1815, #10048, .T. ) ;
#9726 = FACE_OUTER_BOUND ( 'NONE', #3788, .T. ) ;
#9727 = DIRECTION ( 'NONE',  ( 0.000000000000000000, 0.000000000000000000, 1.000000000000000000 ) ) ;
#9728 = ORIENTED_EDGE ( 'NONE', *, *, #6925, .F. ) ;
#9729 = ORIENTED_EDGE ( 'NONE', *, *, #8894, .T. ) ;
#9730 = EDGE_CURVE ( 'NONE', #4818, #5112, #5444, .T. ) ;
#9731 = EDGE_CURVE ( 'NONE', #5962, #9959, #7949, .T. ) ;
#9732 = LINE ( 'NONE', #5238, #9440 ) ;
#9733 = CARTESIAN_POINT ( 'NONE',  ( 0.000000000000000000, -3.500000000000000000, 24.50000000000000000 ) ) ;
#9734 = VERTEX_POINT ( 'NONE', #608 ) ;
#9735 = EDGE_CURVE ( 'NONE', #1097, #8032, #3339, .T. ) ;
#9736 = DIRECTION ( 'NONE',  ( 1.000000000000000000, 0.000000000000000000, -1.652117596168387756E-16 ) ) ;
#9737 = DIRECTION ( 'NONE',  ( 0.000000000000000000, 0.000000000000000000, 1.000000000000000000 ) ) ;
#9738 = DIRECTION ( 'NONE',  ( -0.7071067811865474617, -0.7071067811865474617, 0.000000000000000000 ) ) ;
#9739 = VERTEX_POINT ( 'NONE', #4214 ) ;
#9740 = DIRECTION ( 'NONE',  ( -1.000000000000000000, 0.000000000000000000, 1.652117596168388002E-16 ) ) ;
#9741 = CARTESIAN_POINT ( 'NONE',  ( -26.78922364046471927, 8.007273935284988653, 21.19849600413991553 ) ) ;
#9742 = LINE ( 'NONE', #11422, #245 ) ;
#9743 = EDGE_LOOP ( 'NONE', ( #4394, #5842, #9127, #2458 ) ) ;
#9744 = ORIENTED_EDGE ( 'NONE', *, *, #7676, .F. ) ;
#9745 = CIRCLE ( 'NONE', #2644, 13.00000000000000178 ) ;
#9746 = ORIENTED_EDGE ( 'NONE', *, *, #4059, .F. ) ;
#9747 = ORIENTED_EDGE ( 'NONE', *, *, #5572, .T. ) ;
#9748 = LINE ( 'NONE', #10494, #5340 ) ;
#9749 = CARTESIAN_POINT ( 'NONE',  ( -23.22572503573306690, 8.162747745511515163, 21.41174639004784908 ) ) ;
#9750 = CIRCLE ( 'NONE', #7299, 9.028718707889643369 ) ;
#9751 = LINE ( 'NONE', #10561, #6569 ) ;
#9752 = DIRECTION ( 'NONE',  ( -0.7071067811865475727, 0.7071067811865475727, 0.000000000000000000 ) ) ;
#9753 = DIRECTION ( 'NONE',  ( -0.7071067811865495711, -0.7071067811865454633, 0.000000000000000000 ) ) ;
#9754 = CARTESIAN_POINT ( 'NONE',  ( -30.02871870788960962, 22.99999999999999289, -13.99999999999999645 ) ) ;
#9755 = ORIENTED_EDGE ( 'NONE', *, *, #9730, .T. ) ;
#9756 = EDGE_LOOP ( 'NONE', ( #229, #6772, #4373, #8327, #2415, #6023, #2184, #3114, #7700, #5540, #6073, #9475, #7433, #11384, #10776, #4625, #6517, #1207, #3882, #8567, #6441, #9417, #3441, #3226, #1279 ) ) ;
#9757 = CARTESIAN_POINT ( 'NONE',  ( -20.99999999999998934, 42.94570223042018142, 5.500000000000002665 ) ) ;
#9758 = EDGE_LOOP ( 'NONE', ( #10271, #10489, #6163, #8908 ) ) ;
#9759 = AXIS2_PLACEMENT_3D ( 'NONE', #2335, #6586, #7695 ) ;
#9760 = VERTEX_POINT ( 'NONE', #3338 ) ;
#9761 = DIRECTION ( 'NONE',  ( -0.000000000000000000, -1.000000000000000000, 0.000000000000000000 ) ) ;
#9762 = ORIENTED_EDGE ( 'NONE', *, *, #5800, .F. ) ;
#9763 = DIRECTION ( 'NONE',  ( 0.7071067811865499042, -0.7071067811865451302, 0.000000000000000000 ) ) ;
#9764 = DIRECTION ( 'NONE',  ( 1.000000000000000000, 0.000000000000000000, -1.652117596168388002E-16 ) ) ;
#9765 = LINE ( 'NONE', #3515, #10987 ) ;
#9766 = VERTEX_POINT ( 'NONE', #5152 ) ;
#9767 = AXIS2_PLACEMENT_3D ( 'NONE', #8967, #994, #6337 ) ;
#9768 = CARTESIAN_POINT ( 'NONE',  ( -19.64703242398242011, 0.8076424022864595598, 25.93802099985277110 ) ) ;
#9769 = AXIS2_PLACEMENT_3D ( 'NONE', #1754, #9968, #9864 ) ;
#9770 = ADVANCED_FACE ( 'NONE', ( #8695 ), #11394, .T. ) ;
#9771 = EDGE_LOOP ( 'NONE', ( #11186, #9755, #2050, #6167, #2977 ) ) ;
#9772 = CARTESIAN_POINT ( 'NONE',  ( 16.56992757980552611, 6.999999999999971578, -21.00000000000000000 ) ) ;
#9773 = VECTOR ( 'NONE', #3762, 1000.000000000000000 ) ;
#9774 = CARTESIAN_POINT ( 'NONE',  ( -20.99999999999999289, 27.26042085618161082, -7.499999999999998224 ) ) ;
#9775 = ORIENTED_EDGE ( 'NONE', *, *, #642, .T. ) ;
#9776 = AXIS2_PLACEMENT_3D ( 'NONE', #9243, #1085, #4631 ) ;
#9777 = DIRECTION ( 'NONE',  ( -0.000000000000000000, -0.000000000000000000, -1.000000000000000000 ) ) ;
#9778 = CARTESIAN_POINT ( 'NONE',  ( -24.04774182467028254, 87.23627957273180300, 9.100000000000017408 ) ) ;
#9779 = AXIS2_PLACEMENT_3D ( 'NONE', #9154, #6306, #9880 ) ;
#9780 = CARTESIAN_POINT ( 'NONE',  ( -21.45244968739819669, 8.052153116132489075, -9.087765609764980823 ) ) ;
#9781 = CARTESIAN_POINT ( 'NONE',  ( -18.59999999999998366, 17.63098360465878756, -7.500000000000000000 ) ) ;
#9782 = VECTOR ( 'NONE', #11106, 1000.000000000000000 ) ;
#9783 = VECTOR ( 'NONE', #4334, 1000.000000000000000 ) ;
#9784 = DIRECTION ( 'NONE',  ( -0.000000000000000000, -0.000000000000000000, -1.000000000000000000 ) ) ;
#9785 = ORIENTED_EDGE ( 'NONE', *, *, #6085, .F. ) ;
#9786 = AXIS2_PLACEMENT_3D ( 'NONE', #9846, #9736, #1738 ) ;
#9787 = CYLINDRICAL_SURFACE ( 'NONE', #3287, 4.242640687119280329 ) ;
#9788 = ORIENTED_EDGE ( 'NONE', *, *, #6226, .T. ) ;
#9789 = VECTOR ( 'NONE', #2476, 999.9999999999998863 ) ;
#9790 = DIRECTION ( 'NONE',  ( 0.4383711467890782920, 0.8987940462991665935, -0.000000000000000000 ) ) ;
#9791 = CARTESIAN_POINT ( 'NONE',  ( -24.00000000000000000, 28.50306154330090536, -47.00000000000000000 ) ) ;
#9792 = ORIENTED_EDGE ( 'NONE', *, *, #7264, .F. ) ;
#9793 = CARTESIAN_POINT ( 'NONE',  ( -24.96396103067888106, 11.26702257397983331, 1.000000000000000888 ) ) ;
#9794 = CARTESIAN_POINT ( 'NONE',  ( -25.75585705021726923, 8.773647032454830352, 20.33744725036867607 ) ) ;
#9795 = FACE_OUTER_BOUND ( 'NONE', #7865, .T. ) ;
#9796 = ORIENTED_EDGE ( 'NONE', *, *, #4592, .T. ) ;
#9797 = EDGE_LOOP ( 'NONE', ( #9728, #9265, #5530 ) ) ;
#9798 = EDGE_CURVE ( 'NONE', #8559, #3752, #7421, .T. ) ;
#9799 = ORIENTED_EDGE ( 'NONE', *, *, #8941, .F. ) ;
#9800 = VECTOR ( 'NONE', #5643, 1000.000000000000000 ) ;
#9801 = EDGE_LOOP ( 'NONE', ( #1924, #10059, #4167, #33 ) ) ;
#9802 = CARTESIAN_POINT ( 'NONE',  ( -20.99999999999998934, 24.74570223042017503, -0.9999999999999974465 ) ) ;
#9803 = ADVANCED_FACE ( 'NONE', ( #3392, #8634 ), #669, .F. ) ;
#9804 = FACE_OUTER_BOUND ( 'NONE', #2771, .T. ) ;
#9805 = CARTESIAN_POINT ( 'NONE',  ( -16.70931195810897307, -1.160880170162591707, 27.00000083910230586 ) ) ;
#9806 = PLANE ( 'NONE',  #10504 ) ;
#9807 = DIRECTION ( 'NONE',  ( -0.000000000000000000, -1.000000000000000000, -0.000000000000000000 ) ) ;
#9808 = ORIENTED_EDGE ( 'NONE', *, *, #2138, .T. ) ;
#9809 = ADVANCED_FACE ( 'NONE', ( #5033 ), #8577, .F. ) ;
#9810 = TOROIDAL_SURFACE ( 'NONE', #9059, 2.975000000000005418, 1.600000000000000089 ) ;
#9811 = VERTEX_POINT ( 'NONE', #7767 ) ;
#9812 = EDGE_LOOP ( 'NONE', ( #8425, #2707, #9481, #6446 ) ) ;
#9813 = DIRECTION ( 'NONE',  ( -1.000000000000000000, 0.000000000000000000, 0.000000000000000000 ) ) ;
#9814 = EDGE_CURVE ( 'NONE', #1150, #7791, #2773, .T. ) ;
#9815 = PLANE ( 'NONE',  #8143 ) ;
#9816 = DIRECTION ( 'NONE',  ( -1.652117596168388002E-16, -1.927470528863117569E-16, -1.000000000000000000 ) ) ;
#9817 = DIRECTION ( 'NONE',  ( 0.000000000000000000, 1.000000000000000000, -0.000000000000000000 ) ) ;
#9818 = LINE ( 'NONE', #959, #10413 ) ;
#9819 = AXIS2_PLACEMENT_3D ( 'NONE', #10713, #4524, #1889 ) ;
#9820 = EDGE_LOOP ( 'NONE', ( #11491, #9785, #879, #1260 ) ) ;
#9821 = CARTESIAN_POINT ( 'NONE',  ( -24.00000000000000000, 28.50306154330090536, -13.99999999999999645 ) ) ;
#9822 = CARTESIAN_POINT ( 'NONE',  ( -24.00000000000003908, 46.70306154330088333, -5.499999999999998224 ) ) ;
#9823 = EDGE_LOOP ( 'NONE', ( #5175, #9035, #8177, #8792 ) ) ;
#9824 = DIRECTION ( 'NONE',  ( 0.000000000000000000, 0.000000000000000000, 1.000000000000000000 ) ) ;
#9825 = DIRECTION ( 'NONE',  ( 1.000000000000000000, 0.000000000000000000, -0.000000000000000000 ) ) ;
#9826 = CARTESIAN_POINT ( 'NONE',  ( -25.10252455646384817, 8.570981132170333083, 20.53774778032136084 ) ) ;
#9827 = CARTESIAN_POINT ( 'NONE',  ( -23.99999999999997868, 59.90306154330092880, 1.000000000000001776 ) ) ;
#9828 = VERTEX_POINT ( 'NONE', #3278 ) ;
#9829 = EDGE_CURVE ( 'NONE', #302, #4028, #6822, .T. ) ;
#9830 = EDGE_CURVE ( 'NONE', #5168, #7429, #2797, .T. ) ;
#9831 = EDGE_CURVE ( 'NONE', #7124, #10018, #8997, .T. ) ;
#9832 = LINE ( 'NONE', #6315, #5919 ) ;
#9833 = ORIENTED_EDGE ( 'NONE', *, *, #1597, .F. ) ;
#9834 = DIRECTION ( 'NONE',  ( -0.000000000000000000, -0.000000000000000000, -1.000000000000000000 ) ) ;
#9835 = CARTESIAN_POINT ( 'NONE',  ( -23.99999999999997868, 70.37848011702409678, 7.500000000000002665 ) ) ;
#9836 = VECTOR ( 'NONE', #9865, 1000.000000000000000 ) ;
#9837 = VECTOR ( 'NONE', #2815, 1000.000000000000000 ) ;
#9838 = CARTESIAN_POINT ( 'NONE',  ( -30.02871870788960962, 51.31596721165375641, -13.99999999999999645 ) ) ;
#9839 = DIRECTION ( 'NONE',  ( 0.000000000000000000, 0.000000000000000000, -1.000000000000000000 ) ) ;
#9840 = AXIS2_PLACEMENT_3D ( 'NONE', #5938, #6729, #9490 ) ;
#9841 = EDGE_LOOP ( 'NONE', ( #11150, #5905, #4482, #7852 ) ) ;
#9842 = DIRECTION ( 'NONE',  ( 0.7071067811865477948, 0.000000000000000000, -0.7071067811865473507 ) ) ;
#9843 = DIRECTION ( 'NONE',  ( 0.000000000000000000, 0.000000000000000000, -1.000000000000000000 ) ) ;
#9844 = VECTOR ( 'NONE', #1822, 1000.000000000000000 ) ;
#9845 = VERTEX_POINT ( 'NONE', #5338 ) ;
#9846 = CARTESIAN_POINT ( 'NONE',  ( -33.49999999999997158, 100.9999999999999858, 5.312549342239068907E-15 ) ) ;
#9847 = DIRECTION ( 'NONE',  ( 0.000000000000000000, 0.000000000000000000, 1.000000000000000000 ) ) ;
#9848 = CARTESIAN_POINT ( 'NONE',  ( 13.26992757980552717, -5.000000000000000000, 24.50000000000000000 ) ) ;
#9849 = CARTESIAN_POINT ( 'NONE',  ( -22.34080913551471781, 8.059371810069949404, 22.01449947026346976 ) ) ;
#9850 = B_SPLINE_CURVE_WITH_KNOTS ( 'NONE', 3,
 ( #376, #1141, #3924, #4747, #4803, #8126, #2061, #3047 ),
 .UNSPECIFIED., .F., .F.,
 ( 4, 2, 2, 4 ),
 ( 0.000000000000000000, 0.0003129701388936086712, 0.0006259402777872173423, 0.001251880555574434034 ),
 .UNSPECIFIED. ) ;
#9851 = VERTEX_POINT ( 'NONE', #8877 ) ;
#9852 = ADVANCED_FACE ( 'NONE', ( #4447 ), #6317, .F. ) ;
#9853 = ORIENTED_EDGE ( 'NONE', *, *, #8007, .F. ) ;
#9854 = VECTOR ( 'NONE', #812, 1000.000000000000114 ) ;
#9855 = ORIENTED_EDGE ( 'NONE', *, *, #8848, .F. ) ;
#9856 = EDGE_LOOP ( 'NONE', ( #8537, #5511, #3810, #6020 ) ) ;
#9857 = CARTESIAN_POINT ( 'NONE',  ( -43.99999999999998579, 88.61736382251127964, 9.100000000000010303 ) ) ;
#9858 = ORIENTED_EDGE ( 'NONE', *, *, #4600, .F. ) ;
#9859 = ADVANCED_FACE ( 'NONE', ( #10689 ), #5445, .F. ) ;
#9860 = CARTESIAN_POINT ( 'NONE',  ( -23.99999999999997158, 10.30306154330093094, -4.423427616617243707 ) ) ;
#9861 = CARTESIAN_POINT ( 'NONE',  ( -32.96862915010149919, 89.25000000000000000, -1.906370849898473496 ) ) ;
#9862 = VECTOR ( 'NONE', #6485, 1000.000000000000114 ) ;
#9863 = EDGE_CURVE ( 'NONE', #2404, #1613, #9818, .T. ) ;
#9864 = DIRECTION ( 'NONE',  ( 1.000000000000000000, 0.000000000000000000, 0.000000000000000000 ) ) ;
#9865 = DIRECTION ( 'NONE',  ( -0.000000000000000000, 0.000000000000000000, -1.000000000000000000 ) ) ;
#9866 = ORIENTED_EDGE ( 'NONE', *, *, #1238, .F. ) ;
#9867 = VECTOR ( 'NONE', #8224, 1000.000000000000000 ) ;
#9868 = VERTEX_POINT ( 'NONE', #8055 ) ;
#9869 = ORIENTED_EDGE ( 'NONE', *, *, #2293, .T. ) ;
#9870 = CARTESIAN_POINT ( 'NONE',  ( -22.16561135359183510, 8.468672896892810442, -4.013074254044573408 ) ) ;
#9871 = LINE ( 'NONE', #7998, #4361 ) ;
#9872 = EDGE_LOOP ( 'NONE', ( #6856, #9255, #2102, #6675 ) ) ;
#9873 = ADVANCED_FACE ( 'NONE', ( #3631 ), #1291, .F. ) ;
#9874 = EDGE_CURVE ( 'NONE', #5712, #9130, #4075, .T. ) ;
#9875 = DIRECTION ( 'NONE',  ( 0.000000000000000000, -1.000000000000000000, 0.000000000000000000 ) ) ;
#9876 = DIRECTION ( 'NONE',  ( 0.000000000000000000, 1.000000000000000000, 4.440892098500626162E-15 ) ) ;
#9877 = DIRECTION ( 'NONE',  ( 0.000000000000000000, 0.000000000000000000, -1.000000000000000000 ) ) ;
#9878 = DIRECTION ( 'NONE',  ( 1.000000000000000000, 0.000000000000000000, 0.000000000000000000 ) ) ;
#9879 = VERTEX_POINT ( 'NONE', #1010 ) ;
#9880 = DIRECTION ( 'NONE',  ( 0.000000000000000000, 0.000000000000000000, -1.000000000000000000 ) ) ;
#9881 = DIRECTION ( 'NONE',  ( -0.2326250168069746160, 0.1134588016124430249, 0.9659258262890701996 ) ) ;
#9882 = VERTEX_POINT ( 'NONE', #8113 ) ;
#9883 = LINE ( 'NONE', #88, #1026 ) ;
#9884 = DIRECTION ( 'NONE',  ( 1.000000000000000000, 0.000000000000000000, 0.000000000000000000 ) ) ;
#9885 = CARTESIAN_POINT ( 'NONE',  ( -24.03182847877777917, 87.23343231198703052, 9.095693527376457865 ) ) ;
#9886 = VERTEX_POINT ( 'NONE', #139 ) ;
#9887 = CARTESIAN_POINT ( 'NONE',  ( -24.32088110486508370, 10.62394264816603240, -8.512667236896755085 ) ) ;
#9888 = ORIENTED_EDGE ( 'NONE', *, *, #2963, .F. ) ;
#9889 = VERTEX_POINT ( 'NONE', #7227 ) ;
#9890 = CARTESIAN_POINT ( 'NONE',  ( -20.99999151476408699, 0.000000000000000000, 23.22174974702306827 ) ) ;
#9891 = EDGE_CURVE ( 'NONE', #4307, #9734, #4275, .T. ) ;
#9892 = EDGE_CURVE ( 'NONE', #5328, #11414, #9483, .T. ) ;
#9893 = AXIS2_PLACEMENT_3D ( 'NONE', #9452, #3907, #1232 ) ;
#9894 = DIRECTION ( 'NONE',  ( -1.000000000000000000, 0.000000000000000000, 1.362997016838919825E-16 ) ) ;
#9895 = CARTESIAN_POINT ( 'NONE',  ( -24.00000000000003908, 46.70306154330088333, -47.00000000000000000 ) ) ;
#9896 = DIRECTION ( 'NONE',  ( 1.734723475976807489E-15, -1.000000000000000000, 0.000000000000000000 ) ) ;
#9897 = CARTESIAN_POINT ( 'NONE',  ( -20.99999999999999289, 22.99999999999999289, 5.500000000000002665 ) ) ;
#9898 = DIRECTION ( 'NONE',  ( -0.000000000000000000, 1.000000000000000000, -0.000000000000000000 ) ) ;
#9899 = VECTOR ( 'NONE', #4375, 1000.000000000000000 ) ;
#9900 = DIRECTION ( 'NONE',  ( 0.000000000000000000, 0.000000000000000000, 1.000000000000000000 ) ) ;
#9901 = CARTESIAN_POINT ( 'NONE',  ( -26.09028610785876268, 1.488637974196129976, 21.36658995605161593 ) ) ;
#9902 = ORIENTED_EDGE ( 'NONE', *, *, #9501, .F. ) ;
#9903 = EDGE_CURVE ( 'NONE', #7832, #2869, #7338, .T. ) ;
#9904 = VERTEX_POINT ( 'NONE', #2158 ) ;
#9905 = ORIENTED_EDGE ( 'NONE', *, *, #589, .T. ) ;
#9906 = CARTESIAN_POINT ( 'NONE',  ( -34.09999999999998721, 100.9999999999999858, 3.037741699796953743 ) ) ;
#9907 = VERTEX_POINT ( 'NONE', #4902 ) ;
#9908 = FACE_OUTER_BOUND ( 'NONE', #6575, .T. ) ;
#9909 = DIRECTION ( 'NONE',  ( 1.734723475976807489E-15, -1.000000000000000000, -0.000000000000000000 ) ) ;
#9910 = CARTESIAN_POINT ( 'NONE',  ( -0.9999999999999991118, 51.31596721165376351, -10.40000000000000213 ) ) ;
#9911 = ORIENTED_EDGE ( 'NONE', *, *, #9034, .F. ) ;
#9912 = EDGE_CURVE ( 'NONE', #7717, #8620, #9153, .T. ) ;
#9913 = ORIENTED_EDGE ( 'NONE', *, *, #5590, .T. ) ;
#9914 = ORIENTED_EDGE ( 'NONE', *, *, #3552, .F. ) ;
#9915 = ORIENTED_EDGE ( 'NONE', *, *, #4993, .F. ) ;
#9916 = CARTESIAN_POINT ( 'NONE',  ( -33.03137084989845107, 89.25000000000000000, -1.843629150101525616 ) ) ;
#9917 = LINE ( 'NONE', #6299, #10299 ) ;
#9918 = CIRCLE ( 'NONE', #2823, 15.00000000000000000 ) ;
#9919 = CARTESIAN_POINT ( 'NONE',  ( 11.56992757980552788, -5.000000000000000000, 27.00000000000000355 ) ) ;
#9920 = CARTESIAN_POINT ( 'NONE',  ( -20.99999999999998934, 45.46042085618157103, -7.499999999999998224 ) ) ;
#9921 = LINE ( 'NONE', #9394, #10445 ) ;
#9922 = EDGE_CURVE ( 'NONE', #5337, #9581, #8397, .T. ) ;
#9923 = DIRECTION ( 'NONE',  ( -1.000000000000000000, 0.000000000000000000, 1.652117596168387756E-16 ) ) ;
#9924 = CONICAL_SURFACE ( 'NONE', #6367, 35.00000000000000000, 0.7853981633974482790 ) ;
#9925 = VECTOR ( 'NONE', #835, 1000.000000000000114 ) ;
#9926 = EDGE_CURVE ( 'NONE', #2129, #7690, #3961, .T. ) ;
#9927 = ADVANCED_FACE ( 'NONE', ( #7575 ), #4023, .F. ) ;
#9928 = EDGE_CURVE ( 'NONE', #6979, #2609, #3296, .T. ) ;
#9929 = CARTESIAN_POINT ( 'NONE',  ( -8.691683504697472529, -1.856522303357917236, 24.09038561774146814 ) ) ;
#9930 = ORIENTED_EDGE ( 'NONE', *, *, #5903, .F. ) ;
#9931 = FACE_OUTER_BOUND ( 'NONE', #9812, .T. ) ;
#9932 = ORIENTED_EDGE ( 'NONE', *, *, #3106, .F. ) ;
#9933 = CARTESIAN_POINT ( 'NONE',  ( -25.69250892368700079, 7.611294335186678417, 21.48652275124178601 ) ) ;
#9934 = DIRECTION ( 'NONE',  ( 0.000000000000000000, -0.7071067811865475727, 0.7071067811865475727 ) ) ;
#9935 = CARTESIAN_POINT ( 'NONE',  ( -24.32088110486508015, 10.62394264816603773, 15.01266723689676752 ) ) ;
#9936 = AXIS2_PLACEMENT_3D ( 'NONE', #9042, #3684, #9876 ) ;
#9937 = AXIS2_PLACEMENT_3D ( 'NONE', #7126, #6258, #4400 ) ;
#9938 = CARTESIAN_POINT ( 'NONE',  ( -21.45244968739821445, 8.052153116132492627, 10.41223439023501562 ) ) ;
#9939 = EDGE_LOOP ( 'NONE', ( #6754, #530 ) ) ;
#9940 = ORIENTED_EDGE ( 'NONE', *, *, #7285, .F. ) ;
#9941 = EDGE_CURVE ( 'NONE', #2223, #10408, #8513, .T. ) ;
#9942 = CARTESIAN_POINT ( 'NONE',  ( -35.99999999999999289, 22.99999999999999289, 19.99999999999982947 ) ) ;
#9943 = VECTOR ( 'NONE', #6506, 1000.000000000000000 ) ;
#9944 = ADVANCED_FACE ( 'NONE', ( #1287 ), #3704, .T. ) ;
#9945 = CONICAL_SURFACE ( 'NONE', #5657, 16.00000000000016698, 0.7853981633974482790 ) ;
#9946 = CARTESIAN_POINT ( 'NONE',  ( -34.16274169979692488, 112.7499999999999858, -1.374999999999992006 ) ) ;
#9947 = AXIS2_PLACEMENT_3D ( 'NONE', #7505, #9208, #2468 ) ;
#9948 = DIRECTION ( 'NONE',  ( 1.000000000000000000, 0.000000000000000000, 0.000000000000000000 ) ) ;
#9949 = CARTESIAN_POINT ( 'NONE',  ( 26.56992757980552256, 8.000000000000000000, 25.38900250903704503 ) ) ;
#9950 = CARTESIAN_POINT ( 'NONE',  ( -27.51294097767124924, 16.27707977365668057, 7.586431406485171891 ) ) ;
#9951 = CARTESIAN_POINT ( 'NONE',  ( -26.13553390593274628, 39.56752763736815126, -13.99999999999999822 ) ) ;
#9952 = DIRECTION ( 'NONE',  ( 0.4383711467890783475, 0.8987940462991667046, 0.000000000000000000 ) ) ;
#9953 = VECTOR ( 'NONE', #814, 1000.000000000000000 ) ;
#9954 = DIRECTION ( 'NONE',  ( -1.000000000000000000, -1.734723475976807489E-15, 0.000000000000000000 ) ) ;
#9955 = ADVANCED_FACE ( 'NONE', ( #11088 ), #3087, .F. ) ;
#9956 = LINE ( 'NONE', #4635, #4545 ) ;
#9957 = CARTESIAN_POINT ( 'NONE',  ( -22.92860676312935553, 8.124311665997622001, 21.60426040232794520 ) ) ;
#9958 = AXIS2_PLACEMENT_3D ( 'NONE', #10459, #6025, #5219 ) ;
#9959 = VERTEX_POINT ( 'NONE', #9222 ) ;
#9960 = ORIENTED_EDGE ( 'NONE', *, *, #10819, .T. ) ;
#9961 = ORIENTED_EDGE ( 'NONE', *, *, #3663, .T. ) ;
#9962 = AXIS2_PLACEMENT_3D ( 'NONE', #10138, #5535, #9084 ) ;
#9963 = CYLINDRICAL_SURFACE ( 'NONE', #6982, 1.599999999999999867 ) ;
#9964 = DIRECTION ( 'NONE',  ( 0.000000000000000000, 0.000000000000000000, 1.000000000000000000 ) ) ;
#9965 = EDGE_CURVE ( 'NONE', #11482, #11181, #9277, .T. ) ;
#9966 = CARTESIAN_POINT ( 'NONE',  ( -27.60000000000001208, 36.03199373143541351, -5.499999999999999112 ) ) ;
#9967 = CARTESIAN_POINT ( 'NONE',  ( -21.03832892204481197, 8.000048970288762717, -2.599999999999994760 ) ) ;
#9968 = DIRECTION ( 'NONE',  ( -0.000000000000000000, -0.000000000000000000, -1.000000000000000000 ) ) ;
#9969 = DIRECTION ( 'NONE',  ( -1.000000000000000000, 0.000000000000000000, 1.652117596168398356E-16 ) ) ;
#9970 = VERTEX_POINT ( 'NONE', #11027 ) ;
#9971 = AXIS2_PLACEMENT_3D ( 'NONE', #4972, #4094, #2506 ) ;
#9972 = EDGE_LOOP ( 'NONE', ( #2164, #2239, #4490, #1900 ) ) ;
#9973 = ORIENTED_EDGE ( 'NONE', *, *, #10579, .F. ) ;
#9974 = ORIENTED_EDGE ( 'NONE', *, *, #7498, .F. ) ;
#9975 = ORIENTED_EDGE ( 'NONE', *, *, #41, .T. ) ;
#9976 = LINE ( 'NONE', #6743, #500 ) ;
#9977 = PLANE ( 'NONE',  #11314 ) ;
#9978 = DIRECTION ( 'NONE',  ( 1.000000000000000000, 0.000000000000000000, 0.000000000000000000 ) ) ;
#9979 = AXIS2_PLACEMENT_3D ( 'NONE', #5356, #7784, #9544 ) ;
#9980 = EDGE_CURVE ( 'NONE', #6979, #6639, #6488, .T. ) ;
#9981 = DIRECTION ( 'NONE',  ( 0.000000000000000000, 0.000000000000000000, 1.000000000000000000 ) ) ;
#9982 = LINE ( 'NONE', #5553, #6009 ) ;
#9983 = CARTESIAN_POINT ( 'NONE',  ( -3.469446951953614189E-15, 0.000000000000000000, 0.000000000000000000 ) ) ;
#9984 = DIRECTION ( 'NONE',  ( -0.7071067811865474617, -0.7071067811865474617, 0.000000000000000000 ) ) ;
#9985 = ORIENTED_EDGE ( 'NONE', *, *, #2796, .F. ) ;
#9986 = AXIS2_PLACEMENT_3D ( 'NONE', #9645, #1642, #9516 ) ;
#9987 = CARTESIAN_POINT ( 'NONE',  ( -8.826918719970539229, -1.858028100805943971E-15, 23.07962502360334867 ) ) ;
#9988 = ORIENTED_EDGE ( 'NONE', *, *, #1252, .T. ) ;
#9989 = AXIS2_PLACEMENT_3D ( 'NONE', #11202, #1288, #1466 ) ;
#9990 = CARTESIAN_POINT ( 'NONE',  ( -26.16065345721283109, 7.767353730918779675, 21.34723769695514761 ) ) ;
#9991 = CARTESIAN_POINT ( 'NONE',  ( 16.56992757980552611, 6.999999999999979572, 26.00000000000001776 ) ) ;
#9992 = CARTESIAN_POINT ( 'NONE',  ( -26.13553390593276760, 48.83859544923359408, 7.500000000000002665 ) ) ;
#9993 = CARTESIAN_POINT ( 'NONE',  ( -6.498321074246344864, -3.500000000000000444, 24.50000000000000000 ) ) ;
#9994 = CARTESIAN_POINT ( 'NONE',  ( -20.99999999999999289, 27.26042085618161082, 1.000000000000002665 ) ) ;
#9995 = ORIENTED_EDGE ( 'NONE', *, *, #6588, .F. ) ;
#9996 = CIRCLE ( 'NONE', #497, 35.00000000000000000 ) ;
#9997 = ORIENTED_EDGE ( 'NONE', *, *, #9580, .T. ) ;
#9998 = CARTESIAN_POINT ( 'NONE',  ( -27.59999999999998721, 17.63098360465878400, -13.99999999999999645 ) ) ;
#9999 = CIRCLE ( 'NONE', #11495, 9.000000000000000000 ) ;
#10000 = EDGE_CURVE ( 'NONE', #7690, #9409, #5729, .T. ) ;
#10001 = DIRECTION ( 'NONE',  ( -1.000000000000000000, 0.000000000000000000, 0.000000000000000000 ) ) ;
#10002 = EDGE_CURVE ( 'NONE', #9970, #4813, #3532, .T. ) ;
#10003 = EDGE_CURVE ( 'NONE', #3282, #10395, #6468, .T. ) ;
#10004 = VECTOR ( 'NONE', #6093, 1000.000000000000000 ) ;
#10005 = ADVANCED_FACE ( 'NONE', ( #2044 ), #5615, .T. ) ;
#10006 = DIRECTION ( 'NONE',  ( 1.734723475976807489E-15, -1.000000000000000000, 0.000000000000000000 ) ) ;
#10007 = DIRECTION ( 'NONE',  ( -0.000000000000000000, -0.000000000000000000, -1.000000000000000000 ) ) ;
#10008 = CARTESIAN_POINT ( 'NONE',  ( -3.469446951953614189E-15, 8.000000000000000000, 0.000000000000000000 ) ) ;
#10009 = DIRECTION ( 'NONE',  ( 0.000000000000000000, 0.000000000000000000, 1.000000000000000000 ) ) ;
#10010 = CARTESIAN_POINT ( 'NONE',  ( -27.51294049513745676, 16.27707458326384682, 11.91356773211591857 ) ) ;
#10011 = EDGE_CURVE ( 'NONE', #727, #4735, #10102, .T. ) ;
#10012 = FACE_OUTER_BOUND ( 'NONE', #5091, .T. ) ;
#10013 = AXIS2_PLACEMENT_3D ( 'NONE', #5166, #3349, #6891 ) ;
#10014 = ORIENTED_EDGE ( 'NONE', *, *, #7929, .T. ) ;
#10015 = AXIS2_PLACEMENT_3D ( 'NONE', #460, #2315, #5778 ) ;
#10016 = ORIENTED_EDGE ( 'NONE', *, *, #3868, .F. ) ;
#10017 = CIRCLE ( 'NONE', #7967, 1.600000000000000311 ) ;
#10018 = VERTEX_POINT ( 'NONE', #357 ) ;
#10019 = AXIS2_PLACEMENT_3D ( 'NONE', #9099, #8221, #3905 ) ;
#10020 = ORIENTED_EDGE ( 'NONE', *, *, #917, .T. ) ;
#10021 = DIRECTION ( 'NONE',  ( 0.000000000000000000, 0.000000000000000000, 1.000000000000000000 ) ) ;
#10022 = PLANE ( 'NONE',  #11291 ) ;
#10023 = ORIENTED_EDGE ( 'NONE', *, *, #10348, .F. ) ;
#10024 = CARTESIAN_POINT ( 'NONE',  ( -9.118398939764567501, -1.750000000000002887, 24.03680787131430563 ) ) ;
#10025 = LINE ( 'NONE', #7383, #6115 ) ;
#10026 = CARTESIAN_POINT ( 'NONE',  ( -28.29195979413055539, 9.891707877805611560, 19.99999999999983302 ) ) ;
#10027 = DIRECTION ( 'NONE',  ( 0.5000000000000003331, 0.8660254037844384856, 0.000000000000000000 ) ) ;
#10028 = CARTESIAN_POINT ( 'NONE',  ( -26.13553390593274273, 30.63859544923362677, 5.500000000000002665 ) ) ;
#10029 = VECTOR ( 'NONE', #1383, 1000.000000000000000 ) ;
#10030 = CARTESIAN_POINT ( 'NONE',  ( -20.99999999999998934, 20.50306154330089470, -13.99999999999999645 ) ) ;
#10031 = CARTESIAN_POINT ( 'NONE',  ( -27.59999999999998721, 17.63098360465878400, -11.99999999999999645 ) ) ;
#10032 = AXIS2_PLACEMENT_3D ( 'NONE', #8308, #2816, #2942 ) ;
#10033 = ORIENTED_EDGE ( 'NONE', *, *, #5126, .T. ) ;
#10034 = VERTEX_POINT ( 'NONE', #3910 ) ;
#10035 = EDGE_CURVE ( 'NONE', #2573, #9879, #7455, .T. ) ;
#10036 = ADVANCED_FACE ( 'NONE', ( #7812 ), #1696, .F. ) ;
#10037 = ORIENTED_EDGE ( 'NONE', *, *, #5868, .T. ) ;
#10038 = ORIENTED_EDGE ( 'NONE', *, *, #8279, .T. ) ;
#10039 = ORIENTED_EDGE ( 'NONE', *, *, #1095, .T. ) ;
#10040 = FACE_OUTER_BOUND ( 'NONE', #9155, .T. ) ;
#10041 = AXIS2_PLACEMENT_3D ( 'NONE', #5870, #1494, #10998 ) ;
#10042 = DIRECTION ( 'NONE',  ( -0.7071067811865451302, -0.7071067811865499042, 0.000000000000000000 ) ) ;
#10043 = DIRECTION ( 'NONE',  ( 0.000000000000000000, 1.000000000000000000, 0.000000000000000000 ) ) ;
#10044 = CARTESIAN_POINT ( 'NONE',  ( -23.99999999999998934, 83.99999999999998579, 10.39999999999999325 ) ) ;
#10045 = DIRECTION ( 'NONE',  ( -1.000000000000000000, 0.000000000000000000, 1.652117596168387756E-16 ) ) ;
#10046 = CARTESIAN_POINT ( 'NONE',  ( -23.99999999999998224, 88.61736382251127964, -7.499999999999999112 ) ) ;
#10047 = DIRECTION ( 'NONE',  ( 0.7071067811865412445, 0.000000000000000000, 0.7071067811865537900 ) ) ;
#10048 = CIRCLE ( 'NONE', #6669, 16.50000000000000000 ) ;
#10049 = ORIENTED_EDGE ( 'NONE', *, *, #7788, .F. ) ;
#10050 = ADVANCED_FACE ( 'NONE', ( #10563 ), #5954, .F. ) ;
#10051 = CARTESIAN_POINT ( 'NONE',  ( -8.585072420194457266, 0.000000000000000000, 23.12970608451341903 ) ) ;
#10052 = ORIENTED_EDGE ( 'NONE', *, *, #1514, .T. ) ;
#10053 = CYLINDRICAL_SURFACE ( 'NONE', #4333, 5.000000000000000888 ) ;
#10054 = ORIENTED_EDGE ( 'NONE', *, *, #5639, .F. ) ;
#10055 = B_SPLINE_CURVE_WITH_KNOTS ( 'NONE', 3,
 ( #5001, #3248, #10367, #9493 ),
 .UNSPECIFIED., .F., .F.,
 ( 4, 4 ),
 ( 2.168404344971008868E-19, 0.001374740175555838476 ),
 .UNSPECIFIED. ) ;
#10056 = DIRECTION ( 'NONE',  ( 1.652117596168388002E-16, -0.000000000000000000, 1.000000000000000000 ) ) ;
#10057 = DIRECTION ( 'NONE',  ( -0.7071067811865454633, 0.7071067811865495711, 0.000000000000000000 ) ) ;
#10058 = DIRECTION ( 'NONE',  ( -1.000000000000000000, 0.000000000000000000, 0.000000000000000000 ) ) ;
#10059 = ORIENTED_EDGE ( 'NONE', *, *, #10281, .T. ) ;
#10060 = CARTESIAN_POINT ( 'NONE',  ( -24.64217666525580341, 10.94523820855675567, -11.04673361043443514 ) ) ;
#10061 = EDGE_LOOP ( 'NONE', ( #7200, #11000, #5032, #3016, #2634, #4098, #7005, #10664, #7329, #6179, #3900, #4566, #9279, #9559, #5875, #10681, #893, #6229, #871, #165, #10651, #1818, #9058, #984, #8256 ) ) ;
#10062 = VECTOR ( 'NONE', #10325, 1000.000000000000000 ) ;
#10063 = DIRECTION ( 'NONE',  ( 1.683387419516471873E-32, 1.000000000000000000, -4.565061778886335400E-17 ) ) ;
#10064 = LINE ( 'NONE', #1999, #11350 ) ;
#10065 = VECTOR ( 'NONE', #5352, 1000.000000000000000 ) ;
#10066 = EDGE_LOOP ( 'NONE', ( #9788, #7759, #5314, #932 ) ) ;
#10067 = EDGE_CURVE ( 'NONE', #9679, #3116, #4461, .T. ) ;
#10068 = DIRECTION ( 'NONE',  ( 1.652117596168388002E-16, 0.000000000000000000, 1.000000000000000000 ) ) ;
#10069 = DIRECTION ( 'NONE',  ( 1.000000000000000000, 1.921339596570814792E-15, 0.000000000000000000 ) ) ;
#10071 = LINE ( 'NONE', #1251, #6955 ) ;
#10070 = DIRECTION ( 'NONE',  ( 0.000000000000000000, 0.000000000000000000, -1.000000000000000000 ) ) ;
#10072 = EDGE_CURVE ( 'NONE', #2418, #947, #3322, .T. ) ;
#10073 = CARTESIAN_POINT ( 'NONE',  ( -26.52537696864644445, 13.33409845592776044, 8.061695074691659357 ) ) ;
#10074 = DIRECTION ( 'NONE',  ( -0.000000000000000000, -0.000000000000000000, -1.000000000000000000 ) ) ;
#10075 = FACE_OUTER_BOUND ( 'NONE', #3544, .T. ) ;
#10076 = FACE_OUTER_BOUND ( 'NONE', #6582, .T. ) ;
#10077 = EDGE_CURVE ( 'NONE', #4327, #682, #4083, .T. ) ;
#10078 = ORIENTED_EDGE ( 'NONE', *, *, #6929, .F. ) ;
#10079 = ORIENTED_EDGE ( 'NONE', *, *, #11096, .T. ) ;
#10080 = ADVANCED_FACE ( 'NONE', ( #9696 ), #4138, .F. ) ;
#10081 = ADVANCED_FACE ( 'NONE', ( #776 ), #6067, .F. ) ;
#10082 = EDGE_LOOP ( 'NONE', ( #6794, #10023, #9210, #10123 ) ) ;
#10083 = ADVANCED_FACE ( 'NONE', ( #10500 ), #7245, .F. ) ;
#10084 = VECTOR ( 'NONE', #9695, 1000.000000000000000 ) ;
#10085 = DIRECTION ( 'NONE',  ( 1.000000000000000000, 0.000000000000000000, 0.000000000000000000 ) ) ;
#10086 = LINE ( 'NONE', #450, #1789 ) ;
#10087 = DIRECTION ( 'NONE',  ( -0.000000000000000000, -0.000000000000000000, 1.000000000000000000 ) ) ;
#10088 = CARTESIAN_POINT ( 'NONE',  ( -24.96396103067888106, 11.26702257397983331, -1.899177871200937062 ) ) ;
#10089 = CARTESIAN_POINT ( 'NONE',  ( -23.99999999999997158, 10.30306154330093094, 8.576572383382760734 ) ) ;
#10090 = CARTESIAN_POINT ( 'NONE',  ( 16.59545638099117681, -0.7679943552370054327, 24.65150976806977923 ) ) ;
#10091 = ORIENTED_EDGE ( 'NONE', *, *, #4183, .T. ) ;
#10092 = EDGE_LOOP ( 'NONE', ( #10614, #8963, #10329, #10722 ) ) ;
#10093 = CONICAL_SURFACE ( 'NONE', #7465, 9.028718707889611395, 1.308996938995754755 ) ;
#10094 = ORIENTED_EDGE ( 'NONE', *, *, #2504, .T. ) ;
#10095 = PLANE ( 'NONE',  #2881 ) ;
#10096 = DIRECTION ( 'NONE',  ( 4.319837007227158624E-17, 1.000000000000000000, -0.000000000000000000 ) ) ;
#10097 = ORIENTED_EDGE ( 'NONE', *, *, #4935, .T. ) ;
#10098 = CARTESIAN_POINT ( 'NONE',  ( -34.16274169979693909, 89.25000000000000000, 2.975000000000001865 ) ) ;
#10099 = CARTESIAN_POINT ( 'NONE',  ( -26.13553390593274273, 30.63859544923362677, -7.499999999999999112 ) ) ;
#10100 = DIRECTION ( 'NONE',  ( -1.000000000000000000, 0.000000000000000000, 0.000000000000000000 ) ) ;
#10101 = DIRECTION ( 'NONE',  ( 0.000000000000000000, 0.000000000000000000, -1.000000000000000000 ) ) ;
#10102 = LINE ( 'NONE', #4782, #6127 ) ;
#10103 = ADVANCED_FACE ( 'NONE', ( #7635 ), #11, .F. ) ;
#10104 = ORIENTED_EDGE ( 'NONE', *, *, #10900, .F. ) ;
#10105 = CARTESIAN_POINT ( 'NONE',  ( -9.528505634948034597, 1.422669802624454627E-13, 23.03881638023710821 ) ) ;
#10106 = AXIS2_PLACEMENT_3D ( 'NONE', #3575, #7127, #10697 ) ;
#10107 = ORIENTED_EDGE ( 'NONE', *, *, #9129, .F. ) ;
#10108 = CARTESIAN_POINT ( 'NONE',  ( -11.26146079506075637, -1.750000000000004441, 24.03108891324554008 ) ) ;
#10109 = DIRECTION ( 'NONE',  ( -0.000000000000000000, -1.000000000000000000, -0.000000000000000000 ) ) ;
#10110 = DIRECTION ( 'NONE',  ( -0.000000000000000000, -0.000000000000000000, -1.000000000000000000 ) ) ;
#10111 = DIRECTION ( 'NONE',  ( 0.000000000000000000, 0.000000000000000000, 1.000000000000000000 ) ) ;
#10112 = ORIENTED_EDGE ( 'NONE', *, *, #3290, .T. ) ;
#10113 = AXIS2_PLACEMENT_3D ( 'NONE', #6301, #9100, #297 ) ;
#10114 = ADVANCED_FACE ( 'NONE', ( #1637 ), #5202, .T. ) ;
#10115 = FACE_OUTER_BOUND ( 'NONE', #1972, .T. ) ;
#10116 = VECTOR ( 'NONE', #7522, 1000.000000000000000 ) ;
#10117 = ORIENTED_EDGE ( 'NONE', *, *, #1660, .T. ) ;
#10118 = CARTESIAN_POINT ( 'NONE',  ( -22.60000000000001208, 36.03199373143542061, 12.00000000000000355 ) ) ;
#10119 = CARTESIAN_POINT ( 'NONE',  ( 11.83677451322261298, 0.000000000000000000, 21.00456095796600309 ) ) ;
#10120 = CIRCLE ( 'NONE', #11078, 5.000000000000000888 ) ;
#10122 = DIRECTION ( 'NONE',  ( 1.652117596168388002E-16, -0.000000000000000000, 1.000000000000000000 ) ) ;
#10121 = DIRECTION ( 'NONE',  ( -1.000000000000000000, -1.734723475976807489E-15, 0.000000000000000000 ) ) ;
#10123 = ORIENTED_EDGE ( 'NONE', *, *, #1293, .F. ) ;
#10124 = DIRECTION ( 'NONE',  ( -1.000000000000000000, 0.000000000000000000, 0.000000000000000000 ) ) ;
#10125 = CARTESIAN_POINT ( 'NONE',  ( -18.35834156374283310, -0.6774623612024278652, 25.82808387388797655 ) ) ;
#10126 = CARTESIAN_POINT ( 'NONE',  ( -30.02871870788960962, 51.31596721165376351, 5.500000000000002665 ) ) ;
#10127 = VERTEX_POINT ( 'NONE', #11261 ) ;
#10128 = AXIS2_PLACEMENT_3D ( 'NONE', #10030, #7388, #1333 ) ;
#10129 = EDGE_CURVE ( 'NONE', #9238, #7692, #8739, .T. ) ;
#10130 = VERTEX_POINT ( 'NONE', #2326 ) ;
#10131 = EDGE_LOOP ( 'NONE', ( #5881, #67, #660, #6702 ) ) ;
#10132 = LINE ( 'NONE', #11061, #1965 ) ;
#10133 = VECTOR ( 'NONE', #2173, 1000.000000000000000 ) ;
#10134 = AXIS2_PLACEMENT_3D ( 'NONE', #9949, #4805, #3758 ) ;
#10135 = DIRECTION ( 'NONE',  ( 0.000000000000000000, 0.000000000000000000, -1.000000000000000000 ) ) ;
#10136 = LINE ( 'NONE', #3123, #2408 ) ;
#10137 = DIRECTION ( 'NONE',  ( -0.000000000000000000, -0.000000000000000000, -1.000000000000000000 ) ) ;
#10138 = CARTESIAN_POINT ( 'NONE',  ( -22.60000000000004761, 54.23199373143538793, 13.99999999999999822 ) ) ;
#10139 = CARTESIAN_POINT ( 'NONE',  ( -24.35523807912255023, 84.86308434174583226, 3.470623403623614323 ) ) ;
#10140 = CARTESIAN_POINT ( 'NONE',  ( 9.869927579805526818, -5.000000000000000000, 24.50000000000000000 ) ) ;
#10141 = EDGE_CURVE ( 'NONE', #9811, #3614, #5900, .T. ) ;
#10142 = CARTESIAN_POINT ( 'NONE',  ( -42.39999999999999147, 89.25000000000000000, -1.374999999999990896 ) ) ;
#10143 = ADVANCED_FACE ( 'NONE', ( #8565 ), #593, .T. ) ;
#10144 = CONICAL_SURFACE ( 'NONE', #10706, 35.00000000000000000, 1.308996938995755199 ) ;
#10145 = VERTEX_POINT ( 'NONE', #4202 ) ;
#10146 = AXIS2_PLACEMENT_3D ( 'NONE', #4337, #9824, #1601 ) ;
#10147 = VERTEX_POINT ( 'NONE', #2382 ) ;
#10148 = ORIENTED_EDGE ( 'NONE', *, *, #4082, .F. ) ;
#10149 = EDGE_CURVE ( 'NONE', #5714, #3461, #5957, .T. ) ;
#10150 = ORIENTED_EDGE ( 'NONE', *, *, #7994, .F. ) ;
#10151 = ORIENTED_EDGE ( 'NONE', *, *, #3617, .F. ) ;
#10152 = DIRECTION ( 'NONE',  ( 4.319837007227158624E-17, 1.000000000000000000, 0.000000000000000000 ) ) ;
#10153 = CARTESIAN_POINT ( 'NONE',  ( -24.12873080214071564, 84.69535989887043570, -2.531778508766203917 ) ) ;
#10154 = ORIENTED_EDGE ( 'NONE', *, *, #7106, .F. ) ;
#10155 = DIRECTION ( 'NONE',  ( 0.000000000000000000, 1.000000000000000000, -0.000000000000000000 ) ) ;
#10156 = PLANE ( 'NONE',  #9184 ) ;
#10157 = CARTESIAN_POINT ( 'NONE',  ( -27.60000000000000853, 34.17412935516636452, -11.99999999999999645 ) ) ;
#10158 = CARTESIAN_POINT ( 'NONE',  ( -24.38617074886427361, 84.70613612429511363, -2.599999999999990319 ) ) ;
#10159 = CIRCLE ( 'NONE', #5131, 25.00000000000000355 ) ;
#10160 = DIRECTION ( 'NONE',  ( -0.000000000000000000, 1.000000000000000000, 1.927470528863117569E-16 ) ) ;
#10161 = EDGE_CURVE ( 'NONE', #7489, #1393, #2437, .T. ) ;
#10162 = DIRECTION ( 'NONE',  ( -0.000000000000000000, 0.000000000000000000, -1.000000000000000000 ) ) ;
#10163 = EDGE_CURVE ( 'NONE', #389, #9828, #368, .T. ) ;
#10164 = ORIENTED_EDGE ( 'NONE', *, *, #5739, .F. ) ;
#10165 = VECTOR ( 'NONE', #2473, 1000.000000000000000 ) ;
#10166 = ORIENTED_EDGE ( 'NONE', *, *, #2489, .F. ) ;
#10167 = EDGE_CURVE ( 'NONE', #10906, #10130, #6173, .T. ) ;
#10168 = DIRECTION ( 'NONE',  ( 1.000000000000000000, -1.387778780781445478E-15, 0.000000000000000000 ) ) ;
#10169 = CARTESIAN_POINT ( 'NONE',  ( -20.99999999999998934, 45.46042085618157103, 1.000000000000002665 ) ) ;
#10170 = FACE_OUTER_BOUND ( 'NONE', #4586, .T. ) ;
#10171 = CARTESIAN_POINT ( 'NONE',  ( -19.16649945971221314, 0.6616667315055539955, 26.27064458481735443 ) ) ;
#10172 = CARTESIAN_POINT ( 'NONE',  ( 15.49999999999999822, 8.000000000000000000, 13.89999999999999325 ) ) ;
#10173 = ORIENTED_EDGE ( 'NONE', *, *, #824, .F. ) ;
#10174 = DIRECTION ( 'NONE',  ( 1.000000000000000000, 0.000000000000000000, 0.000000000000000000 ) ) ;
#10175 = AXIS2_PLACEMENT_3D ( 'NONE', #7080, #3588, #10712 ) ;
#10176 = ORIENTED_EDGE ( 'NONE', *, *, #3324, .F. ) ;
#10177 = CARTESIAN_POINT ( 'NONE',  ( -20.99999999999998934, 45.46042085618157103, -0.9999999999999974465 ) ) ;
#10178 = EDGE_CURVE ( 'NONE', #7418, #6007, #4435, .T. ) ;
#10179 = EDGE_CURVE ( 'NONE', #2351, #4450, #6339, .T. ) ;
#10180 = CARTESIAN_POINT ( 'NONE',  ( -16.56488701147627651, 6.999999999999833022, 22.00000000000000355 ) ) ;
#10182 = CARTESIAN_POINT ( 'NONE',  ( -24.11194635928978869, 84.98180023880023271, -3.958305177035871036 ) ) ;
#10181 = DIRECTION ( 'NONE',  ( 4.319837007227158624E-17, 1.000000000000000000, -0.000000000000000000 ) ) ;
#10183 = AXIS2_PLACEMENT_3D ( 'NONE', #2460, #7775, #7659 ) ;
#10184 = CARTESIAN_POINT ( 'NONE',  ( -20.99999999999998934, 45.46042085618157103, 5.500000000000002665 ) ) ;
#10185 = EDGE_LOOP ( 'NONE', ( #3674, #5218 ) ) ;
#10186 = CARTESIAN_POINT ( 'NONE',  ( 0.000000000000000000, 8.000000000000000000, -19.99999999999997158 ) ) ;
#10187 = AXIS2_PLACEMENT_3D ( 'NONE', #5140, #11382, #3377 ) ;
#10188 = ORIENTED_EDGE ( 'NONE', *, *, #2030, .T. ) ;
#10189 = ORIENTED_EDGE ( 'NONE', *, *, #5421, .T. ) ;
#10190 = ORIENTED_EDGE ( 'NONE', *, *, #5812, .T. ) ;
#10191 = ORIENTED_EDGE ( 'NONE', *, *, #2774, .F. ) ;
#10192 = FACE_OUTER_BOUND ( 'NONE', #10699, .T. ) ;
#10193 = CARTESIAN_POINT ( 'NONE',  ( -36.00000000000000000, 122.0000000000000000, -15.59999999999999432 ) ) ;
#10194 = ORIENTED_EDGE ( 'NONE', *, *, #10854, .T. ) ;
#10195 = DIRECTION ( 'NONE',  ( -0.000000000000000000, -0.000000000000000000, -1.000000000000000000 ) ) ;
#10196 = CARTESIAN_POINT ( 'NONE',  ( -43.99999999999998579, 88.61736382251127964, -9.099999999999997868 ) ) ;
#10197 = CARTESIAN_POINT ( 'NONE',  ( -21.71393835577975651, 8.016999899080735403, -21.00000000000000000 ) ) ;
#10198 = CARTESIAN_POINT ( 'NONE',  ( -27.59999999999998721, 88.61736382251127964, -11.99999999999999645 ) ) ;
#10199 = LINE ( 'NONE', #7618, #1709 ) ;
#10200 = EDGE_CURVE ( 'NONE', #4599, #5328, #1048, .T. ) ;
#10201 = FACE_OUTER_BOUND ( 'NONE', #5380, .T. ) ;
#10202 = CARTESIAN_POINT ( 'NONE',  ( -23.99999999999997158, 10.30306154330093094, -47.00000000000000000 ) ) ;
#10203 = ORIENTED_EDGE ( 'NONE', *, *, #8663, .F. ) ;
#10204 = ORIENTED_EDGE ( 'NONE', *, *, #11280, .T. ) ;
#10205 = AXIS2_PLACEMENT_3D ( 'NONE', #8110, #2846, #2740 ) ;
#10206 = ORIENTED_EDGE ( 'NONE', *, *, #7829, .T. ) ;
#10207 = VERTEX_POINT ( 'NONE', #4543 ) ;
#10208 = EDGE_CURVE ( 'NONE', #751, #9889, #1858, .T. ) ;
#10209 = DIRECTION ( 'NONE',  ( 0.000000000000000000, 0.000000000000000000, 1.000000000000000000 ) ) ;
#10210 = CIRCLE ( 'NONE', #1641, 20.00000000000000000 ) ;
#10211 = ORIENTED_EDGE ( 'NONE', *, *, #10000, .F. ) ;
#10212 = EDGE_CURVE ( 'NONE', #9421, #10207, #125, .T. ) ;
#10213 = LINE ( 'NONE', #4018, #328 ) ;
#10214 = DIRECTION ( 'NONE',  ( -0.000000000000000000, -1.000000000000000000, -0.000000000000000000 ) ) ;
#10215 = CARTESIAN_POINT ( 'NONE',  ( -24.00000000000003908, 46.70306154330088333, 14.00000000000000178 ) ) ;
#10216 = DIRECTION ( 'NONE',  ( 0.000000000000000000, 0.000000000000000000, -1.000000000000000000 ) ) ;
#10217 = DIRECTION ( 'NONE',  ( -0.7071067811865477948, 0.000000000000000000, -0.7071067811865473507 ) ) ;
#10218 = ORIENTED_EDGE ( 'NONE', *, *, #2263, .T. ) ;
#10219 = VECTOR ( 'NONE', #9116, 999.9999999999998863 ) ;
#10220 = CARTESIAN_POINT ( 'NONE',  ( -32.45779162047082878, 66.65895734927150329, -10.40000000000006430 ) ) ;
#10221 = ORIENTED_EDGE ( 'NONE', *, *, #3823, .T. ) ;
#10223 = ORIENTED_EDGE ( 'NONE', *, *, #6476, .F. ) ;
#10222 = ADVANCED_FACE ( 'NONE', ( #7163 ), #64, .T. ) ;
#10224 = EDGE_CURVE ( 'NONE', #7203, #9369, #4597, .T. ) ;
#10225 = CARTESIAN_POINT ( 'NONE',  ( -23.99999999999998934, 85.36866846269845155, 15.54628462508459030 ) ) ;
#10226 = CARTESIAN_POINT ( 'NONE',  ( -32.96862915010149919, 100.9999999999999858, -2.431370849898476294 ) ) ;
#10227 = EDGE_CURVE ( 'NONE', #8701, #2075, #10616, .T. ) ;
#10228 = LINE ( 'NONE', #2218, #11517 ) ;
#10229 = CARTESIAN_POINT ( 'NONE',  ( -26.02411907401665303, 79.84994088672971202, -10.40000000000000568 ) ) ;
#10230 = ORIENTED_EDGE ( 'NONE', *, *, #7218, .F. ) ;
#10231 = DIRECTION ( 'NONE',  ( 0.000000000000000000, 0.000000000000000000, 1.000000000000000000 ) ) ;
#10232 = EDGE_CURVE ( 'NONE', #11223, #5303, #2965, .T. ) ;
#10233 = CARTESIAN_POINT ( 'NONE',  ( -21.47139942103476784, 7.333333333333222015, 23.69315088237097910 ) ) ;
#10234 = DIRECTION ( 'NONE',  ( 0.000000000000000000, 0.000000000000000000, 1.000000000000000000 ) ) ;
#10235 = AXIS2_PLACEMENT_3D ( 'NONE', #5292, #4412, #3873 ) ;
#10236 = VECTOR ( 'NONE', #10443, 1000.000000000000000 ) ;
#10238 = DIRECTION ( 'NONE',  ( 0.000000000000000000, 0.000000000000000000, 1.000000000000000000 ) ) ;
#10237 = CARTESIAN_POINT ( 'NONE',  ( -23.99999999999998579, 23.50306154330088759, 7.500000000000002665 ) ) ;
#10239 = CARTESIAN_POINT ( 'NONE',  ( -27.60000000000004761, 54.23199373143538082, -11.99999999999999645 ) ) ;
#10240 = CARTESIAN_POINT ( 'NONE',  ( 26.56992757980552256, 8.000000000000000000, 25.38900250903704503 ) ) ;
#10241 = CARTESIAN_POINT ( 'NONE',  ( -18.54264568846582861, -0.5382609222154753903, 25.74479862811304542 ) ) ;
#10242 = CARTESIAN_POINT ( 'NONE',  ( -21.70709913155215887, 6.999999999999825917, 23.92885569261711609 ) ) ;
#10243 = ORIENTED_EDGE ( 'NONE', *, *, #8130, .T. ) ;
#10244 = VERTEX_POINT ( 'NONE', #2670 ) ;
#10245 = ORIENTED_EDGE ( 'NONE', *, *, #5799, .F. ) ;
#10246 = DIRECTION ( 'NONE',  ( -1.000000000000000000, -1.734723475976807489E-15, 0.000000000000000000 ) ) ;
#10247 = FACE_OUTER_BOUND ( 'NONE', #6905, .T. ) ;
#10248 = ORIENTED_EDGE ( 'NONE', *, *, #3724, .T. ) ;
#10249 = FACE_OUTER_BOUND ( 'NONE', #9756, .T. ) ;
#10250 = CARTESIAN_POINT ( 'NONE',  ( 12.36992757980552504, 0.000000000000000000, 21.00000000000000000 ) ) ;
#10251 = CARTESIAN_POINT ( 'NONE',  ( -22.59999999999998366, 17.83199373143543198, 7.500000000000000000 ) ) ;
#10252 = LINE ( 'NONE', #6616, #1372 ) ;
#10253 = CARTESIAN_POINT ( 'NONE',  ( -20.99999999999998934, 20.50306154330089470, -0.9999999999999974465 ) ) ;
#10254 = EDGE_CURVE ( 'NONE', #8428, #11486, #7430, .T. ) ;
#10255 = CARTESIAN_POINT ( 'NONE',  ( -23.99999999999998934, 85.36866846269842313, -15.54628462508457432 ) ) ;
#10256 = ORIENTED_EDGE ( 'NONE', *, *, #4746, .F. ) ;
#10257 = ORIENTED_EDGE ( 'NONE', *, *, #11030, .T. ) ;
#10258 = ORIENTED_EDGE ( 'NONE', *, *, #10679, .T. ) ;
#10259 = ORIENTED_EDGE ( 'NONE', *, *, #8927, .F. ) ;
#10260 = DIRECTION ( 'NONE',  ( 0.000000000000000000, 0.000000000000000000, -1.000000000000000000 ) ) ;
#10261 = DIRECTION ( 'NONE',  ( -1.000000000000000000, 0.000000000000000000, 1.652117596168397370E-16 ) ) ;
#10262 = CARTESIAN_POINT ( 'NONE',  ( -22.60000000000000853, 34.17412935516637162, -13.99999999999999822 ) ) ;
#10263 = DIRECTION ( 'NONE',  ( -0.000000000000000000, -1.000000000000000000, -0.000000000000000000 ) ) ;
#10264 = CYLINDRICAL_SURFACE ( 'NONE', #8955, 1.600000000000000755 ) ;
#10265 = PLANE ( 'NONE',  #6438 ) ;
#10266 = DIRECTION ( 'NONE',  ( 1.734723475976807489E-15, -1.000000000000000000, 0.000000000000000000 ) ) ;
#10267 = VECTOR ( 'NONE', #10620, 1000.000000000000000 ) ;
#10268 = DIRECTION ( 'NONE',  ( 1.000000000000000000, -1.387778780781445478E-15, 0.000000000000000000 ) ) ;
#10269 = ORIENTED_EDGE ( 'NONE', *, *, #5111, .F. ) ;
#10270 = ORIENTED_EDGE ( 'NONE', *, *, #8738, .F. ) ;
#10271 = ORIENTED_EDGE ( 'NONE', *, *, #9469, .T. ) ;
#10272 = CARTESIAN_POINT ( 'NONE',  ( -27.56372291276343844, 8.336119540069711675, 21.05406508842766655 ) ) ;
#10273 = DIRECTION ( 'NONE',  ( -0.000000000000000000, 0.000000000000000000, -1.000000000000000000 ) ) ;
#10274 = CARTESIAN_POINT ( 'NONE',  ( -27.60000000000000853, 34.17412935516636452, -7.499999999999999112 ) ) ;
#10275 = LINE ( 'NONE', #11097, #8900 ) ;
#10276 = CARTESIAN_POINT ( 'NONE',  ( -23.99999999999998579, 23.50306154330088759, 12.00000000000000178 ) ) ;
#10277 = VERTEX_POINT ( 'NONE', #5375 ) ;
#10278 = CARTESIAN_POINT ( 'NONE',  ( -30.02871870788963804, 88.61736382251127964, -5.499999999999999112 ) ) ;
#10279 = CARTESIAN_POINT ( 'NONE',  ( -27.60000000000004761, 54.23199373143538082, -7.499999999999999112 ) ) ;
#10280 = B_SPLINE_CURVE_WITH_KNOTS ( 'NONE', 3,
 ( #4513, #8999, #8887, #9938, #148, #1022, #1938, #10865 ),
 .UNSPECIFIED., .F., .F.,
 ( 4, 2, 2, 4 ),
 ( 0.000000000000000000, 0.0003128767791609504581, 0.0006257535583219009162, 0.001251507116643801182 ),
 .UNSPECIFIED. ) ;
#10281 = EDGE_CURVE ( 'NONE', #9228, #6751, #8860, .T. ) ;
#10282 = EDGE_LOOP ( 'NONE', ( #2568, #6857, #1001, #11002 ) ) ;
#10283 = ADVANCED_FACE ( 'NONE', ( #175, #3723, #8798, #7989, #889, #10787 ), #9806, .T. ) ;
#10284 = DIRECTION ( 'NONE',  ( 0.000000000000000000, 0.000000000000000000, 1.000000000000000000 ) ) ;
#10285 = CARTESIAN_POINT ( 'NONE',  ( 10.88463060694697404, 1.747739840765834041E-14, 23.10279904156280395 ) ) ;
#10286 = ORIENTED_EDGE ( 'NONE', *, *, #6925, .T. ) ;
#10287 = EDGE_CURVE ( 'NONE', #3203, #11300, #4357, .T. ) ;
#10289 = DIRECTION ( 'NONE',  ( -1.652117596168393672E-16, 1.000000000000000000, -3.491481338843133355E-15 ) ) ;
#10288 = LINE ( 'NONE', #6831, #3240 ) ;
#10290 = AXIS2_PLACEMENT_3D ( 'NONE', #8631, #2510, #2572 ) ;
#10291 = PLANE ( 'NONE',  #8318 ) ;
#10292 = B_SPLINE_CURVE_WITH_KNOTS ( 'NONE', 3,
 ( #6972, #11370, #1508, #9558, #11313, #4305, #7856, #11424 ),
 .UNSPECIFIED., .F., .F.,
 ( 4, 2, 2, 4 ),
 ( 0.000000000000000000, 0.0003129701388936077496, 0.0006259402777872154992, 0.001251880555574430781 ),
 .UNSPECIFIED. ) ;
#10293 = ORIENTED_EDGE ( 'NONE', *, *, #5864, .F. ) ;
#10294 = DIRECTION ( 'NONE',  ( 5.766135945856683012E-32, 1.000000000000000000, 1.927470528863117569E-16 ) ) ;
#10295 = AXIS2_PLACEMENT_3D ( 'NONE', #8989, #143, #3635 ) ;
#10296 = CARTESIAN_POINT ( 'NONE',  ( -18.07502780715745416, -0.9414061131639896995, 25.92274779125060391 ) ) ;
#10297 = ADVANCED_FACE ( 'NONE', ( #2616 ), #2852, .T. ) ;
#10298 = EDGE_LOOP ( 'NONE', ( #1128, #5891, #1888, #2251 ) ) ;
#10299 = VECTOR ( 'NONE', #7332, 1000.000000000000114 ) ;
#10300 = ORIENTED_EDGE ( 'NONE', *, *, #10434, .T. ) ;
#10301 = CARTESIAN_POINT ( 'NONE',  ( -18.59999999999998366, 17.63098360465878756, -47.00000000000000000 ) ) ;
#10302 = EDGE_LOOP ( 'NONE', ( #9613, #1062, #8253, #9600 ) ) ;
#10303 = EDGE_CURVE ( 'NONE', #6927, #11465, #7936, .T. ) ;
#10304 = PLANE ( 'NONE',  #8676 ) ;
#10305 = CARTESIAN_POINT ( 'NONE',  ( -26.02411907401664948, 79.84994088672971202, 18.56828593791821191 ) ) ;
#10306 = ORIENTED_EDGE ( 'NONE', *, *, #7459, .T. ) ;
#10307 = CARTESIAN_POINT ( 'NONE',  ( -27.09083954634440161, 64.04131992144890262, -11.99999999999999645 ) ) ;
#10308 = VECTOR ( 'NONE', #10027, 1000.000000000000114 ) ;
#10309 = DIRECTION ( 'NONE',  ( -0.7071067811865475727, 0.7071067811865475727, 0.000000000000000000 ) ) ;
#10310 = EDGE_LOOP ( 'NONE', ( #10458, #10724, #1579, #4777, #10601, #8674, #9105, #2552, #9682, #7981, #3270, #1956, #4213, #5250, #1791, #6283, #7977, #4677, #7623, #2187, #6761, #3798, #10642, #1828, #4010 ) ) ;
#10311 = DIRECTION ( 'NONE',  ( -1.000000000000000000, 0.000000000000000000, 0.000000000000000000 ) ) ;
#10312 = CARTESIAN_POINT ( 'NONE',  ( -25.48184315789498910, 0.4048492109601066757, 20.56309516817518457 ) ) ;
#10313 = DIRECTION ( 'NONE',  ( 1.734723475976807489E-15, -1.000000000000000000, 0.000000000000000000 ) ) ;
#10314 = LINE ( 'NONE', #2196, #1254 ) ;
#10315 = ORIENTED_EDGE ( 'NONE', *, *, #6550, .T. ) ;
#10316 = ORIENTED_EDGE ( 'NONE', *, *, #8561, .F. ) ;
#10317 = VECTOR ( 'NONE', #1572, 1000.000000000000114 ) ;
#10318 = AXIS2_PLACEMENT_3D ( 'NONE', #7046, #3612, #827 ) ;
#10319 = AXIS2_PLACEMENT_3D ( 'NONE', #10648, #9784, #2117 ) ;
#10320 = ADVANCED_FACE ( 'NONE', ( #5321 ), #9945, .F. ) ;
#10321 = CARTESIAN_POINT ( 'NONE',  ( -26.13553390593278181, 57.76752763736812568, -13.99999999999999822 ) ) ;
#10322 = DIRECTION ( 'NONE',  ( 0.000000000000000000, 0.000000000000000000, 1.000000000000000000 ) ) ;
#10323 = FACE_OUTER_BOUND ( 'NONE', #545, .T. ) ;
#10324 = DIRECTION ( 'NONE',  ( 0.000000000000000000, 1.000000000000000000, 0.000000000000000000 ) ) ;
#10325 = DIRECTION ( 'NONE',  ( -0.000000000000000000, -0.000000000000000000, -1.000000000000000000 ) ) ;
#10326 = CARTESIAN_POINT ( 'NONE',  ( -30.02871870788960962, 88.61736382251127964, 7.500000000000002665 ) ) ;
#10327 = AXIS2_PLACEMENT_3D ( 'NONE', #2690, #9596, #8059 ) ;
#10328 = ORIENTED_EDGE ( 'NONE', *, *, #4757, .F. ) ;
#10329 = ORIENTED_EDGE ( 'NONE', *, *, #11441, .T. ) ;
#10330 = ORIENTED_EDGE ( 'NONE', *, *, #838, .F. ) ;
#10331 = CARTESIAN_POINT ( 'NONE',  ( -27.14916902195712112, 14.77120655742150923, -11.66901127805661176 ) ) ;
#10332 = CARTESIAN_POINT ( 'NONE',  ( -27.60000000000000853, 34.17412935516636452, 5.500000000000005329 ) ) ;
#10333 = DIRECTION ( 'NONE',  ( 0.000000000000000000, 0.000000000000000000, 1.000000000000000000 ) ) ;
#10334 = CARTESIAN_POINT ( 'NONE',  ( 15.49999999999999822, 8.000000000000000000, 15.50000000000000178 ) ) ;
#10335 = DIRECTION ( 'NONE',  ( -0.000000000000000000, -1.000000000000000000, -0.000000000000000000 ) ) ;
#10336 = ORIENTED_EDGE ( 'NONE', *, *, #8566, .F. ) ;
#10337 = DIRECTION ( 'NONE',  ( -1.000000000000000000, -0.000000000000000000, -0.000000000000000000 ) ) ;
#10338 = FACE_OUTER_BOUND ( 'NONE', #216, .T. ) ;
#10339 = EDGE_CURVE ( 'NONE', #10777, #6227, #1216, .T. ) ;
#10340 = ORIENTED_EDGE ( 'NONE', *, *, #6290, .T. ) ;
#10341 = AXIS2_PLACEMENT_3D ( 'NONE', #7011, #1719, #5347 ) ;
#10342 = DIRECTION ( 'NONE',  ( -0.000000000000000000, 0.000000000000000000, -1.000000000000000000 ) ) ;
#10343 = CARTESIAN_POINT ( 'NONE',  ( 11.03666000644388667, 0.000000000000000000, 21.00166380359088336 ) ) ;
#10344 = ORIENTED_EDGE ( 'NONE', *, *, #8500, .T. ) ;
#10346 = CARTESIAN_POINT ( 'NONE',  ( -28.77809044707268171, 2.295346093869667481, 21.00000000000000000 ) ) ;
#10345 = DIRECTION ( 'NONE',  ( -0.000000000000000000, 0.7071067811865475727, 0.7071067811865475727 ) ) ;
#10347 = ORIENTED_EDGE ( 'NONE', *, *, #11241, .T. ) ;
#10348 = EDGE_CURVE ( 'NONE', #1930, #7, #6618, .T. ) ;
#10349 = CARTESIAN_POINT ( 'NONE',  ( -34.09999999999998721, 91.50000000000000000, 3.037741699796952410 ) ) ;
#10350 = ADVANCED_FACE ( 'NONE', ( #10201 ), #2195, .F. ) ;
#10351 = CIRCLE ( 'NONE', #7178, 3.037741699796946637 ) ;
#10352 = CARTESIAN_POINT ( 'NONE',  ( -27.60000000000004405, 52.37412935516633894, -5.499999999999999112 ) ) ;
#10353 = EDGE_CURVE ( 'NONE', #947, #9467, #7689, .T. ) ;
#10354 = AXIS2_PLACEMENT_3D ( 'NONE', #9535, #6091, #11348 ) ;
#10355 = EDGE_LOOP ( 'NONE', ( #6333, #2658 ) ) ;
#10356 = VERTEX_POINT ( 'NONE', #4769 ) ;
#10357 = EDGE_CURVE ( 'NONE', #1205, #721, #2298, .T. ) ;
#10358 = CARTESIAN_POINT ( 'NONE',  ( -30.02871870788960962, 51.31596721165375641, -13.99999999999999645 ) ) ;
#10359 = CARTESIAN_POINT ( 'NONE',  ( -0.9999999999999972244, 51.31596721165376351, 1.000000000000001776 ) ) ;
#10360 = AXIS2_PLACEMENT_3D ( 'NONE', #6237, #8208, #3673 ) ;
#10361 = VERTEX_POINT ( 'NONE', #10089 ) ;
#10362 = EDGE_CURVE ( 'NONE', #6751, #3299, #6508, .T. ) ;
#10363 = DIRECTION ( 'NONE',  ( -0.7071067811865475727, 0.7071067811865475727, 0.000000000000000000 ) ) ;
#10364 = PLANE ( 'NONE',  #98 ) ;
#10365 = DIRECTION ( 'NONE',  ( 0.000000000000000000, 0.000000000000000000, 1.000000000000000000 ) ) ;
#10366 = VERTEX_POINT ( 'NONE', #8383 ) ;
#10367 = CARTESIAN_POINT ( 'NONE',  ( -24.32088110486508015, 10.62394264816603773, 2.012667236896756862 ) ) ;
#10368 = DIRECTION ( 'NONE',  ( 0.000000000000000000, 1.000000000000000000, -0.000000000000000000 ) ) ;
#10369 = AXIS2_PLACEMENT_3D ( 'NONE', #7250, #1087, #44 ) ;
#10370 = CIRCLE ( 'NONE', #5500, 20.00000000000001421 ) ;
#10371 = CARTESIAN_POINT ( 'NONE',  ( -43.00000000000000000, 110.4999999999999858, 1.975000000000007194 ) ) ;
#10372 = FACE_OUTER_BOUND ( 'NONE', #8586, .T. ) ;
#10373 = CARTESIAN_POINT ( 'NONE',  ( -27.60000000000010800, 88.61736382251130806, -11.99999999999999645 ) ) ;
#10374 = CIRCLE ( 'NONE', #9061, 25.75000000000003553 ) ;
#10375 = ORIENTED_EDGE ( 'NONE', *, *, #6149, .T. ) ;
#10376 = EDGE_LOOP ( 'NONE', ( #2719, #7926, #6210, #8251 ) ) ;
#10377 = ORIENTED_EDGE ( 'NONE', *, *, #326, .T. ) ;
#10378 = CIRCLE ( 'NONE', #11318, 4.242640687119280329 ) ;
#10379 = ORIENTED_EDGE ( 'NONE', *, *, #3658, .T. ) ;
#10380 = CARTESIAN_POINT ( 'NONE',  ( -18.59999999999998366, 17.63098360465878756, -13.99999999999999822 ) ) ;
#10381 = CARTESIAN_POINT ( 'NONE',  ( -30.02871870788958475, 51.31596721165377062, 12.00000000000000178 ) ) ;
#10382 = DIRECTION ( 'NONE',  ( 0.000000000000000000, 0.000000000000000000, 1.000000000000000000 ) ) ;
#10383 = FACE_OUTER_BOUND ( 'NONE', #10302, .T. ) ;
#10384 = CIRCLE ( 'NONE', #10013, 1.700000000000000178 ) ;
#10385 = EDGE_CURVE ( 'NONE', #2609, #8290, #9327, .T. ) ;
#10386 = EDGE_CURVE ( 'NONE', #9353, #4642, #3129, .T. ) ;
#10387 = ORIENTED_EDGE ( 'NONE', *, *, #3324, .T. ) ;
#10388 = ORIENTED_EDGE ( 'NONE', *, *, #4160, .T. ) ;
#10389 = VECTOR ( 'NONE', #1186, 1000.000000000000000 ) ;
#10390 = CARTESIAN_POINT ( 'NONE',  ( -23.99999999999998934, 82.11701775376560875, 15.33997105581416776 ) ) ;
#10391 = DIRECTION ( 'NONE',  ( 0.7071067811865499042, -0.7071067811865452413, 0.000000000000000000 ) ) ;
#10392 = CARTESIAN_POINT ( 'NONE',  ( -1.000000000000000000, 51.31596721165375641, -15.59999999999999432 ) ) ;
#10393 = FACE_OUTER_BOUND ( 'NONE', #1322, .T. ) ;
#10394 = DIRECTION ( 'NONE',  ( -0.7071067811865472397, 0.000000000000000000, -0.7071067811865479058 ) ) ;
#10395 = VERTEX_POINT ( 'NONE', #2897 ) ;
#10396 = CARTESIAN_POINT ( 'NONE',  ( -27.56135765566532925, 16.79787558810382819, 1.000000000000000888 ) ) ;
#10397 = DIRECTION ( 'NONE',  ( -1.000000000000000000, 0.000000000000000000, 1.486905836551548832E-16 ) ) ;
#10398 = EDGE_CURVE ( 'NONE', #8273, #892, #831, .T. ) ;
#10399 = EDGE_CURVE ( 'NONE', #343, #5303, #4007, .T. ) ;
#10400 = AXIS2_PLACEMENT_3D ( 'NONE', #4241, #7851, #10659 ) ;
#10401 = VERTEX_POINT ( 'NONE', #8323 ) ;
#10402 = B_SPLINE_CURVE_WITH_KNOTS ( 'NONE', 3,
 ( #4576, #2811, #1083, #8128 ),
 .UNSPECIFIED., .F., .F.,
 ( 4, 4 ),
 ( 0.0006539479377364221420, 0.002261886759820865792 ),
 .UNSPECIFIED. ) ;
#10403 = FACE_OUTER_BOUND ( 'NONE', #66, .T. ) ;
#10404 = CARTESIAN_POINT ( 'NONE',  ( -36.00000000000000000, 122.0000000000000000, -20.99999999999999645 ) ) ;
#10405 = VERTEX_POINT ( 'NONE', #6682 ) ;
#10407 = CARTESIAN_POINT ( 'NONE',  ( 16.56992757980552611, -1.000000000000000000, 25.38900250903704503 ) ) ;
#10406 = CARTESIAN_POINT ( 'NONE',  ( -22.60000000000004761, 54.23199373143538793, -47.00000000000000000 ) ) ;
#10408 = VERTEX_POINT ( 'NONE', #10140 ) ;
#10409 = FACE_OUTER_BOUND ( 'NONE', #7413, .T. ) ;
#10410 = ORIENTED_EDGE ( 'NONE', *, *, #5686, .F. ) ;
#10411 = CARTESIAN_POINT ( 'NONE',  ( -20.99999999999999289, 27.26042085618161082, 1.000000000000002665 ) ) ;
#10412 = CARTESIAN_POINT ( 'NONE',  ( -22.60000000000004761, 54.23199373143538793, -47.00000000000000000 ) ) ;
#10413 = VECTOR ( 'NONE', #4502, 1000.000000000000000 ) ;
#10414 = ADVANCED_FACE ( 'NONE', ( #5600 ), #4707, .F. ) ;
#10415 = VERTEX_POINT ( 'NONE', #283 ) ;
#10416 = CARTESIAN_POINT ( 'NONE',  ( 20.99999999999999645, 0.9999999999999626965, -16.56992757980552966 ) ) ;
#10417 = FACE_OUTER_BOUND ( 'NONE', #9823, .T. ) ;
#10418 = FACE_BOUND ( 'NONE', #3136, .T. ) ;
#10419 = ADVANCED_FACE ( 'NONE', ( #5538 ), #9263, .F. ) ;
#10420 = ORIENTED_EDGE ( 'NONE', *, *, #10937, .F. ) ;
#10421 = CARTESIAN_POINT ( 'NONE',  ( -24.38617074886427361, 84.70613612429512784, 2.600000000000006750 ) ) ;
#10422 = CYLINDRICAL_SURFACE ( 'NONE', #6239, 80.00000000000000000 ) ;
#10423 = CARTESIAN_POINT ( 'NONE',  ( -23.99999999999998934, 88.61736382251127964, -84.74336439883576588 ) ) ;
#10424 = EDGE_LOOP ( 'NONE', ( #7393, #4784, #11066, #11371, #3547, #4194 ) ) ;
#10425 = CARTESIAN_POINT ( 'NONE',  ( -26.13553390593277115, 48.83859544923360119, 7.500000000000000000 ) ) ;
#10426 = CARTESIAN_POINT ( 'NONE',  ( -20.99999999999999645, -2.168404344971008868E-16, 23.22174126187895737 ) ) ;
#10427 = AXIS2_PLACEMENT_3D ( 'NONE', #3437, #2561, #4316 ) ;
#10428 = CYLINDRICAL_SURFACE ( 'NONE', #1193, 1.600000000000000755 ) ;
#10429 = DIRECTION ( 'NONE',  ( 0.000000000000000000, 0.000000000000000000, -1.000000000000000000 ) ) ;
#10430 = AXIS2_PLACEMENT_3D ( 'NONE', #5454, #8995, #4570 ) ;
#10431 = LINE ( 'NONE', #644, #5189 ) ;
#10432 = ORIENTED_EDGE ( 'NONE', *, *, #2329, .T. ) ;
#10433 = EDGE_CURVE ( 'NONE', #3370, #9561, #7321, .T. ) ;
#10434 = EDGE_CURVE ( 'NONE', #11300, #1390, #9200, .T. ) ;
#10435 = ORIENTED_EDGE ( 'NONE', *, *, #8342, .F. ) ;
#10436 = ADVANCED_FACE ( 'NONE', ( #3893 ), #7440, .T. ) ;
#10437 = VECTOR ( 'NONE', #6614, 1000.000000000000000 ) ;
#10438 = AXIS2_PLACEMENT_3D ( 'NONE', #2742, #6302, #5443 ) ;
#10439 = CARTESIAN_POINT ( 'NONE',  ( -27.51115568592121718, 1.853705807095579416, 21.05970369885451987 ) ) ;
#10440 = CARTESIAN_POINT ( 'NONE',  ( -26.02077541234513447, 0.5086751689785689035, 20.40371154565853118 ) ) ;
#10441 = B_SPLINE_CURVE_WITH_KNOTS ( 'NONE', 3,
 ( #2384, #7813, #656, #9571 ),
 .UNSPECIFIED., .F., .F.,
 ( 4, 4 ),
 ( 0.000000000000000000, 0.006115212820254311600 ),
 .UNSPECIFIED. ) ;
#10442 = CARTESIAN_POINT ( 'NONE',  ( -20.99999999999999289, 27.26042085618161082, 7.500000000000002665 ) ) ;
#10443 = DIRECTION ( 'NONE',  ( -0.7071067811865426878, 0.000000000000000000, -0.7071067811865524577 ) ) ;
#10444 = FACE_OUTER_BOUND ( 'NONE', #9801, .T. ) ;
#10445 = VECTOR ( 'NONE', #1399, 999.9999999999998863 ) ;
#10446 = ORIENTED_EDGE ( 'NONE', *, *, #3233, .T. ) ;
#10447 = VERTEX_POINT ( 'NONE', #8496 ) ;
#10448 = VERTEX_POINT ( 'NONE', #2425 ) ;
#10449 = FACE_OUTER_BOUND ( 'NONE', #928, .T. ) ;
#10450 = CARTESIAN_POINT ( 'NONE',  ( 20.99999999999999645, 6.999999999999971578, -1.734723475976806897E-15 ) ) ;
#10451 = CARTESIAN_POINT ( 'NONE',  ( -20.99999999999999289, 22.99999999999999289, -5.499999999999999112 ) ) ;
#10452 = ADVANCED_FACE ( 'NONE', ( #1560 ), #10428, .F. ) ;
#10453 = CARTESIAN_POINT ( 'NONE',  ( -17.36510441404093896, -0.4138856350825089736, 26.93586684785544350 ) ) ;
#10454 = CARTESIAN_POINT ( 'NONE',  ( -42.39999999999999147, 110.4999999999999858, -1.374999999999990452 ) ) ;
#10455 = ORIENTED_EDGE ( 'NONE', *, *, #7354, .T. ) ;
#10456 = CARTESIAN_POINT ( 'NONE',  ( 0.000000000000000000, -3.500000000000000000, 21.00000000000000000 ) ) ;
#10457 = EDGE_CURVE ( 'NONE', #10518, #9886, #9555, .T. ) ;
#10458 = ORIENTED_EDGE ( 'NONE', *, *, #10810, .T. ) ;
#10459 = CARTESIAN_POINT ( 'NONE',  ( -0.9999999999999941158, 51.31596721165377062, 19.99999999999983302 ) ) ;
#10460 = CONICAL_SURFACE ( 'NONE', #794, 25.97128129211039038, 1.308996938995756310 ) ;
#10461 = DIRECTION ( 'NONE',  ( -0.000000000000000000, -0.000000000000000000, -1.000000000000000000 ) ) ;
#10462 = ORIENTED_EDGE ( 'NONE', *, *, #4811, .F. ) ;
#10464 = CARTESIAN_POINT ( 'NONE',  ( -23.38689500141419941, 9.689956544715165876, 2.198675443213573999 ) ) ;
#10463 = CARTESIAN_POINT ( 'NONE',  ( -27.51294049513745321, 16.27707458326385392, -1.086432267884077651 ) ) ;
#10465 = EDGE_CURVE ( 'NONE', #3367, #5213, #3770, .T. ) ;
#10466 = DIRECTION ( 'NONE',  ( 0.000000000000000000, -1.000000000000000000, 0.000000000000000000 ) ) ;
#10467 = VERTEX_POINT ( 'NONE', #10371 ) ;
#10468 = CARTESIAN_POINT ( 'NONE',  ( -34.16274169979692488, 89.25000000000000000, -1.374999999999992006 ) ) ;
#10469 = ORIENTED_EDGE ( 'NONE', *, *, #674, .T. ) ;
#10470 = DIRECTION ( 'NONE',  ( 0.000000000000000000, 0.000000000000000000, 1.000000000000000000 ) ) ;
#10471 = FACE_OUTER_BOUND ( 'NONE', #999, .T. ) ;
#10472 = DIRECTION ( 'NONE',  ( 1.652117596168388002E-16, 0.000000000000000000, 1.000000000000000000 ) ) ;
#10473 = EDGE_LOOP ( 'NONE', ( #9312, #8160, #1657, #3520 ) ) ;
#10474 = DIRECTION ( 'NONE',  ( 0.8987940462991665935, -0.4383711467890782920, 0.000000000000000000 ) ) ;
#10475 = CARTESIAN_POINT ( 'NONE',  ( -24.21695387340146510, 85.58232904544514952, 18.50065825063795444 ) ) ;
#10476 = EDGE_LOOP ( 'NONE', ( #8165, #4504, #7295, #2386 ) ) ;
#10477 = LINE ( 'NONE', #2242, #1775 ) ;
#10478 = CARTESIAN_POINT ( 'NONE',  ( -22.60000000000000853, 34.17412935516637162, 7.500000000000000000 ) ) ;
#10479 = ORIENTED_EDGE ( 'NONE', *, *, #2718, .T. ) ;
#10480 = CARTESIAN_POINT ( 'NONE',  ( -20.99999999999997868, 38.70306154330083359, -13.99999999999999645 ) ) ;
#10481 = CARTESIAN_POINT ( 'NONE',  ( -27.51294049513745676, 16.27707458326388590, -14.08643226788407787 ) ) ;
#10482 = AXIS2_PLACEMENT_3D ( 'NONE', #3736, #8222, #10914 ) ;
#10483 = CARTESIAN_POINT ( 'NONE',  ( 7.927480820553511442, -38.73916932591301787, 27.00000000000000355 ) ) ;
#10484 = AXIS2_PLACEMENT_3D ( 'NONE', #3490, #7035, #5307 ) ;
#10485 = CARTESIAN_POINT ( 'NONE',  ( -22.77561206912259095, 9.078673612423555639, 15.33706874471341308 ) ) ;
#10486 = EDGE_LOOP ( 'NONE', ( #8524, #2141, #10525, #10905 ) ) ;
#10487 = AXIS2_PLACEMENT_3D ( 'NONE', #11210, #8570, #3209 ) ;
#10488 = ORIENTED_EDGE ( 'NONE', *, *, #11276, .F. ) ;
#10489 = ORIENTED_EDGE ( 'NONE', *, *, #10163, .F. ) ;
#10490 = DIRECTION ( 'NONE',  ( -0.7071067811865479058, 8.659560562354927928E-17, -0.7071067811865470176 ) ) ;
#10491 = VERTEX_POINT ( 'NONE', #3364 ) ;
#10492 = VECTOR ( 'NONE', #8511, 1000.000000000000000 ) ;
#10493 = AXIS2_PLACEMENT_3D ( 'NONE', #8869, #1706, #6932 ) ;
#10494 = CARTESIAN_POINT ( 'NONE',  ( -1.442848860394842170, 46.06021268290589177, 5.500000000000002665 ) ) ;
#10495 = ORIENTED_EDGE ( 'NONE', *, *, #8182, .T. ) ;
#10496 = ADVANCED_FACE ( 'NONE', ( #5124 ), #86, .T. ) ;
#10497 = CARTESIAN_POINT ( 'NONE',  ( -27.10608862960722476, 0.7564440297922701006, 20.16676399645550788 ) ) ;
#10498 = DIRECTION ( 'NONE',  ( 1.000000000000000000, 0.000000000000000000, -1.195177433377611895E-16 ) ) ;
#10499 = EDGE_CURVE ( 'NONE', #7214, #9734, #6580, .T. ) ;
#10500 = FACE_OUTER_BOUND ( 'NONE', #1714, .T. ) ;
#10501 = FACE_OUTER_BOUND ( 'NONE', #6643, .T. ) ;
#10502 = AXIS2_PLACEMENT_3D ( 'NONE', #2154, #5725, #5897 ) ;
#10503 = ORIENTED_EDGE ( 'NONE', *, *, #10926, .F. ) ;
#10504 = AXIS2_PLACEMENT_3D ( 'NONE', #6236, #945, #6289 ) ;
#10505 = ORIENTED_EDGE ( 'NONE', *, *, #3649, .F. ) ;
#10506 = ADVANCED_FACE ( 'NONE', ( #522 ), #2314, .F. ) ;
#10507 = AXIS2_PLACEMENT_3D ( 'NONE', #4890, #2252, #2200 ) ;
#10508 = ORIENTED_EDGE ( 'NONE', *, *, #3135, .F. ) ;
#10509 = ORIENTED_EDGE ( 'NONE', *, *, #3744, .T. ) ;
#10510 = CARTESIAN_POINT ( 'NONE',  ( -24.00000000000003908, 46.70306154330088333, -47.00000000000000000 ) ) ;
#10511 = CARTESIAN_POINT ( 'NONE',  ( -20.38413951656696810, 0.9683500486820439956, 25.25181530677478392 ) ) ;
#10512 = CIRCLE ( 'NONE', #1376, 16.50000000000000000 ) ;
#10513 = EDGE_CURVE ( 'NONE', #3276, #5815, #2248, .T. ) ;
#10514 = CIRCLE ( 'NONE', #2304, 5.000000000000000888 ) ;
#10515 = CARTESIAN_POINT ( 'NONE',  ( -17.86851735941396058, -1.182268786459183652, 25.96870810172600841 ) ) ;
#10516 = CARTESIAN_POINT ( 'NONE',  ( -20.99999999999998934, 31.50306154330093023, 5.500000000000002665 ) ) ;
#10517 = DIRECTION ( 'NONE',  ( -0.7071067811865495711, -0.7071067811865454633, 0.000000000000000000 ) ) ;
#10518 = VERTEX_POINT ( 'NONE', #9382 ) ;
#10519 = CIRCLE ( 'NONE', #10327, 4.242640687119387799 ) ;
#10520 = CARTESIAN_POINT ( 'NONE',  ( -42.99999999999998579, 66.70253441421070306, 13.99999999999995737 ) ) ;
#10521 = B_SPLINE_CURVE_WITH_KNOTS ( 'NONE', 3,
 ( #8105, #6459, #5491, #349 ),
 .UNSPECIFIED., .F., .F.,
 ( 4, 4 ),
 ( 0.000000000000000000, 0.002626471643539436598 ),
 .UNSPECIFIED. ) ;
#10522 = DIRECTION ( 'NONE',  ( -0.4383711467890782920, -0.8987940462991665935, 0.000000000000000000 ) ) ;
#10523 = VECTOR ( 'NONE', #7615, 1000.000000000000114 ) ;
#10524 = FACE_OUTER_BOUND ( 'NONE', #7105, .T. ) ;
#10525 = ORIENTED_EDGE ( 'NONE', *, *, #1884, .F. ) ;
#10526 = LINE ( 'NONE', #5977, #4960 ) ;
#10527 = FACE_OUTER_BOUND ( 'NONE', #1910, .T. ) ;
#10528 = FACE_OUTER_BOUND ( 'NONE', #10476, .T. ) ;
#10529 =( NAMED_UNIT ( * ) SI_UNIT ( $, .STERADIAN. ) SOLID_ANGLE_UNIT ( ) );
#10530 = PLANE ( 'NONE',  #5533 ) ;
#10531 = EDGE_LOOP ( 'NONE', ( #3713, #7627, #4155, #10889 ) ) ;
#10532 = ORIENTED_EDGE ( 'NONE', *, *, #6282, .T. ) ;
#10533 = FACE_OUTER_BOUND ( 'NONE', #8558, .T. ) ;
#10534 = AXIS2_PLACEMENT_3D ( 'NONE', #7763, #2217, #9521 ) ;
#10535 = ADVANCED_FACE ( 'NONE', ( #7675 ), #9442, .F. ) ;
#10536 = EDGE_CURVE ( 'NONE', #8800, #9879, #7621, .T. ) ;
#10537 = ADVANCED_FACE ( 'NONE', ( #3188 ), #1448, .F. ) ;
#10538 = CARTESIAN_POINT ( 'NONE',  ( -8.585072420194476805, 0.000000000000000000, 21.00000000000000000 ) ) ;
#10539 = DIRECTION ( 'NONE',  ( 8.260587980841938780E-17, 0.000000000000000000, 1.000000000000000000 ) ) ;
#10540 = ORIENTED_EDGE ( 'NONE', *, *, #3, .T. ) ;
#10541 = CARTESIAN_POINT ( 'NONE',  ( 15.56992757980551367, 8.000000000000000000, 25.38900250903704503 ) ) ;
#10542 = ORIENTED_EDGE ( 'NONE', *, *, #6851, .F. ) ;
#10543 = AXIS2_PLACEMENT_3D ( 'NONE', #4944, #2417, #4181 ) ;
#10544 = DIRECTION ( 'NONE',  ( -1.000000000000000000, -0.000000000000000000, -0.000000000000000000 ) ) ;
#10545 = EDGE_LOOP ( 'NONE', ( #6141, #4292, #5368, #8487, #862, #4413, #2618, #10469, #10553, #462 ) ) ;
#10546 = CARTESIAN_POINT ( 'NONE',  ( -21.70709447113338442, 0.9999999999999453770, 23.92886035298547043 ) ) ;
#10547 = DIRECTION ( 'NONE',  ( 0.000000000000000000, -1.000000000000000000, 0.000000000000000000 ) ) ;
#10548 = EDGE_LOOP ( 'NONE', ( #2551, #3179, #10875, #6784, #9913 ) ) ;
#10549 = CARTESIAN_POINT ( 'NONE',  ( -34.16274169979692488, 100.9999999999999858, 5.422042064633980045E-15 ) ) ;
#10550 = CARTESIAN_POINT ( 'NONE',  ( -23.91947509992406395, 0.1704859769562000749, 21.18785577981300960 ) ) ;
#10551 = CARTESIAN_POINT ( 'NONE',  ( -23.99999999999998934, 83.99999999999998579, -84.74336439883576588 ) ) ;
#10552 = DIRECTION ( 'NONE',  ( 1.000000000000000000, 0.000000000000000000, 0.000000000000000000 ) ) ;
#10553 = ORIENTED_EDGE ( 'NONE', *, *, #9671, .T. ) ;
#10554 = AXIS2_PLACEMENT_3D ( 'NONE', #3354, #6899, #10472 ) ;
#10555 = ORIENTED_EDGE ( 'NONE', *, *, #10885, .F. ) ;
#10556 = AXIS2_PLACEMENT_3D ( 'NONE', #7090, #931, #5018 ) ;
#10557 = VERTEX_POINT ( 'NONE', #11311 ) ;
#10558 = DIRECTION ( 'NONE',  ( 1.652117596168388002E-16, 3.387343054164791128E-16, 1.000000000000000000 ) ) ;
#10559 = EDGE_LOOP ( 'NONE', ( #2275, #6243, #3023, #1913 ) ) ;
#10560 = AXIS2_PLACEMENT_3D ( 'NONE', #1169, #6297, #9212 ) ;
#10561 = CARTESIAN_POINT ( 'NONE',  ( -27.59999999999998721, 88.61736382251127964, -7.499999999999999112 ) ) ;
#10562 = CARTESIAN_POINT ( 'NONE',  ( -36.00000000000000000, 51.31596721165375641, -20.99999999999997513 ) ) ;
#10563 = FACE_OUTER_BOUND ( 'NONE', #8157, .T. ) ;
#10564 = DIRECTION ( 'NONE',  ( 1.000000000000000000, 0.000000000000000000, -2.310390584376974866E-16 ) ) ;
#10565 = VECTOR ( 'NONE', #4203, 1000.000000000000000 ) ;
#10566 = ORIENTED_EDGE ( 'NONE', *, *, #337, .T. ) ;
#10567 = EDGE_CURVE ( 'NONE', #10207, #1457, #3311, .T. ) ;
#10568 = ORIENTED_EDGE ( 'NONE', *, *, #4113, .T. ) ;
#10569 = AXIS2_PLACEMENT_3D ( 'NONE', #501, #6541, #3052 ) ;
#10570 = DIRECTION ( 'NONE',  ( 0.7071067811865499042, -0.7071067811865452413, 0.000000000000000000 ) ) ;
#10571 = EDGE_CURVE ( 'NONE', #1276, #9882, #2116, .T. ) ;
#10572 = EDGE_LOOP ( 'NONE', ( #7461, #6776, #6790, #1689 ) ) ;
#10573 = VERTEX_POINT ( 'NONE', #3817 ) ;
#10574 = FACE_OUTER_BOUND ( 'NONE', #10961, .T. ) ;
#10575 = LINE ( 'NONE', #9584, #9560 ) ;
#10576 = CARTESIAN_POINT ( 'NONE',  ( -18.18409683654974884, 0.2028322889840704635, 26.73111238345508767 ) ) ;
#10577 = DIRECTION ( 'NONE',  ( 0.000000000000000000, 1.000000000000000000, -0.000000000000000000 ) ) ;
#10578 = ORIENTED_EDGE ( 'NONE', *, *, #3223, .T. ) ;
#10579 = EDGE_CURVE ( 'NONE', #5112, #5168, #8919, .T. ) ;
#10580 = CARTESIAN_POINT ( 'NONE',  ( -34.16274169979692488, 100.9999999999999858, 3.500000000000004885 ) ) ;
#10581 = ORIENTED_EDGE ( 'NONE', *, *, #6574, .F. ) ;
#10582 = EDGE_CURVE ( 'NONE', #7880, #6417, #8360, .T. ) ;
#10583 = EDGE_CURVE ( 'NONE', #6354, #5367, #3927, .T. ) ;
#10584 = AXIS2_PLACEMENT_3D ( 'NONE', #10334, #3211, #6759 ) ;
#10585 = ADVANCED_FACE ( 'NONE', ( #3984 ), #2179, .F. ) ;
#10586 = SURFACE_SIDE_STYLE ('',( #6139 ) ) ;
#10587 = DIRECTION ( 'NONE',  ( -0.000000000000000000, -0.000000000000000000, 1.000000000000000000 ) ) ;
#10588 = VERTEX_POINT ( 'NONE', #9303 ) ;
#10589 = DIRECTION ( 'NONE',  ( 1.000000000000000000, 0.000000000000000000, 0.000000000000000000 ) ) ;
#10590 = CARTESIAN_POINT ( 'NONE',  ( -24.33585154307734300, 84.96753294093512920, 3.900000000000002132 ) ) ;
#10591 = CARTESIAN_POINT ( 'NONE',  ( -30.02871870788960962, 88.61736382251127964, -11.99999999999999645 ) ) ;
#10592 = ORIENTED_EDGE ( 'NONE', *, *, #8310, .F. ) ;
#10593 = CARTESIAN_POINT ( 'NONE',  ( -24.96396103067888106, 11.26702257397983331, -11.10082212879904517 ) ) ;
#10594 = CIRCLE ( 'NONE', #9270, 9.000000000000000000 ) ;
#10595 = VERTEX_POINT ( 'NONE', #4042 ) ;
#10596 = CARTESIAN_POINT ( 'NONE',  ( 17.56992757980552611, 0.000000000000000000, 21.00000000000000000 ) ) ;
#10597 = DIRECTION ( 'NONE',  ( 0.000000000000000000, 0.000000000000000000, 1.000000000000000000 ) ) ;
#10598 = VERTEX_POINT ( 'NONE', #7364 ) ;
#10599 = VECTOR ( 'NONE', #7076, 1000.000000000000114 ) ;
#10600 = ORIENTED_EDGE ( 'NONE', *, *, #3522, .F. ) ;
#10601 = ORIENTED_EDGE ( 'NONE', *, *, #11157, .T. ) ;
#10602 = DIRECTION ( 'NONE',  ( 0.000000000000000000, 0.000000000000000000, 1.000000000000000000 ) ) ;
#10603 = DIRECTION ( 'NONE',  ( 0.7071067811865499042, -0.7071067811865452413, 0.000000000000000000 ) ) ;
#10604 = DIRECTION ( 'NONE',  ( -1.000000000000000000, 0.000000000000000000, 1.652117596168387756E-16 ) ) ;
#10605 = ORIENTED_EDGE ( 'NONE', *, *, #3305, .F. ) ;
#10606 = CARTESIAN_POINT ( 'NONE',  ( -20.99999999999997868, 38.70306154330083359, 1.000000000000002665 ) ) ;
#10607 = DIRECTION ( 'NONE',  ( 4.319837007227158624E-17, 1.000000000000000000, -0.000000000000000000 ) ) ;
#10608 = EDGE_LOOP ( 'NONE', ( #951, #3690, #10293, #7893 ) ) ;
#10609 = CYLINDRICAL_SURFACE ( 'NONE', #2303, 1.899999999999999467 ) ;
#10610 = CARTESIAN_POINT ( 'NONE',  ( -27.25613379227745270, 8.205521508611761661, 21.11142602404770940 ) ) ;
#10611 = AXIS2_PLACEMENT_3D ( 'NONE', #5498, #9044, #1066 ) ;
#10612 = ORIENTED_EDGE ( 'NONE', *, *, #4503, .T. ) ;
#10613 = ORIENTED_EDGE ( 'NONE', *, *, #9363, .T. ) ;
#10614 = ORIENTED_EDGE ( 'NONE', *, *, #3784, .F. ) ;
#10615 = DIRECTION ( 'NONE',  ( -1.000000000000000000, 0.000000000000000000, 0.000000000000000000 ) ) ;
#10616 = CIRCLE ( 'NONE', #8004, 35.00000000000000000 ) ;
#10617 = EDGE_CURVE ( 'NONE', #5351, #4715, #4173, .T. ) ;
#10618 = CONICAL_SURFACE ( 'NONE', #5587, 29.02871870788964515, 1.308996938995754755 ) ;
#10619 = CARTESIAN_POINT ( 'NONE',  ( -24.00000000000000000, 28.50306154330090536, 1.000000000000000888 ) ) ;
#10620 = DIRECTION ( 'NONE',  ( -0.000000000000000000, -0.000000000000000000, 1.000000000000000000 ) ) ;
#10621 = CARTESIAN_POINT ( 'NONE',  ( -1.442848860394842170, 46.06021268290589177, -13.99999999999999645 ) ) ;
#10622 = CARTESIAN_POINT ( 'NONE',  ( -23.99999999999998934, 83.99999999999998579, -84.74336439883576588 ) ) ;
#10623 = ORIENTED_EDGE ( 'NONE', *, *, #5170, .T. ) ;
#10624 = ORIENTED_EDGE ( 'NONE', *, *, #104, .T. ) ;
#10625 = ORIENTED_EDGE ( 'NONE', *, *, #7872, .T. ) ;
#10626 = DIRECTION ( 'NONE',  ( 1.000000000000000000, 1.379656123914496162E-15, -0.000000000000000000 ) ) ;
#10627 = DIRECTION ( 'NONE',  ( -0.000000000000000000, -0.000000000000000000, -1.000000000000000000 ) ) ;
#10628 = DIRECTION ( 'NONE',  ( 0.000000000000000000, 1.000000000000000000, 0.000000000000000000 ) ) ;
#10629 = CARTESIAN_POINT ( 'NONE',  ( -46.00000000000000000, 25.00000000000000000, 7.599740942374584663E-15 ) ) ;
#10630 = VERTEX_POINT ( 'NONE', #7599 ) ;
#10631 = CARTESIAN_POINT ( 'NONE',  ( -17.91468166545004337, 0.03196127508479519597, 26.81638174587964230 ) ) ;
#10632 = ORIENTED_EDGE ( 'NONE', *, *, #2623, .F. ) ;
#10633 = DIRECTION ( 'NONE',  ( 1.000000000000000000, 0.000000000000000000, -1.362997016838919825E-16 ) ) ;
#10634 = CARTESIAN_POINT ( 'NONE',  ( -8.585072420194476805, -3.500000000000000000, 21.00000000000000000 ) ) ;
#10635 = ORIENTED_EDGE ( 'NONE', *, *, #7068, .T. ) ;
#10636 = VECTOR ( 'NONE', #2082, 1000.000000000000000 ) ;
#10637 = CARTESIAN_POINT ( 'NONE',  ( 16.56992757980552611, 8.000000000000000000, 25.99999999999983658 ) ) ;
#10638 = CARTESIAN_POINT ( 'NONE',  ( -23.99999999999998579, 87.22774616617205368, 9.087080077594338334 ) ) ;
#10639 = CARTESIAN_POINT ( 'NONE',  ( -21.24809247871001361, 8.010977461642102782, -9.097514566789943302 ) ) ;
#10640 = VERTEX_POINT ( 'NONE', #7423 ) ;
#10641 = LINE ( 'NONE', #2640, #3536 ) ;
#10642 = ORIENTED_EDGE ( 'NONE', *, *, #9323, .T. ) ;
#10643 = EDGE_CURVE ( 'NONE', #7928, #10244, #6598, .T. ) ;
#10644 = CARTESIAN_POINT ( 'NONE',  ( -45.00000000000005684, 101.0000000000000000, -21.00000000000000000 ) ) ;
#10645 = EDGE_CURVE ( 'NONE', #6591, #10948, #2675, .T. ) ;
#10646 = VECTOR ( 'NONE', #11222, 1000.000000000000000 ) ;
#10647 = EDGE_CURVE ( 'NONE', #7911, #2845, #5863, .T. ) ;
#10648 = CARTESIAN_POINT ( 'NONE',  ( -22.60000000000001208, 36.03199373143542061, -5.499999999999998224 ) ) ;
#10649 = DIRECTION ( 'NONE',  ( 0.000000000000000000, 0.000000000000000000, 1.000000000000000000 ) ) ;
#10650 = ORIENTED_EDGE ( 'NONE', *, *, #7920, .F. ) ;
#10651 = ORIENTED_EDGE ( 'NONE', *, *, #2930, .T. ) ;
#10652 = LINE ( 'NONE', #2704, #4019 ) ;
#10653 = PLANE ( 'NONE',  #11296 ) ;
#10654 = CARTESIAN_POINT ( 'NONE',  ( -34.16274169979691067, 112.7499999999999858, 2.975000000000002753 ) ) ;
#10655 = ORIENTED_EDGE ( 'NONE', *, *, #2530, .F. ) ;
#10656 = LINE ( 'NONE', #6213, #7156 ) ;
#10657 = FACE_OUTER_BOUND ( 'NONE', #6810, .T. ) ;
#10658 = EDGE_CURVE ( 'NONE', #1495, #4450, #10514, .T. ) ;
#10659 = DIRECTION ( 'NONE',  ( 0.7071067811865505703, -0.7071067811865444641, 0.000000000000000000 ) ) ;
#10660 = ORIENTED_EDGE ( 'NONE', *, *, #4851, .F. ) ;
#10661 = FACE_OUTER_BOUND ( 'NONE', #733, .T. ) ;
#10662 = CARTESIAN_POINT ( 'NONE',  ( -27.67111961544387810, 9.560608519466422095, 20.01476225128872954 ) ) ;
#10663 = VERTEX_POINT ( 'NONE', #2937 ) ;
#10664 = ORIENTED_EDGE ( 'NONE', *, *, #10287, .T. ) ;
#10665 = ORIENTED_EDGE ( 'NONE', *, *, #5590, .F. ) ;
#10666 = EDGE_CURVE ( 'NONE', #4432, #5112, #10071, .T. ) ;
#10667 = EDGE_LOOP ( 'NONE', ( #6341, #8373, #3598, #11343 ) ) ;
#10668 = ORIENTED_EDGE ( 'NONE', *, *, #9163, .F. ) ;
#10669 = CARTESIAN_POINT ( 'NONE',  ( -25.77728747277544130, 1.420662290453412746, 21.45947938234602503 ) ) ;
#10670 = ORIENTED_EDGE ( 'NONE', *, *, #10167, .F. ) ;
#10671 = VECTOR ( 'NONE', #5682, 1000.000000000000000 ) ;
#10672 = AXIS2_PLACEMENT_3D ( 'NONE', #6971, #8850, #6056 ) ;
#10673 = LINE ( 'NONE', #8857, #9005 ) ;
#10674 = CARTESIAN_POINT ( 'NONE',  ( -25.67007771840335550, 12.03797273682628877, 4.728800509522733897 ) ) ;
#10675 = DIRECTION ( 'NONE',  ( -2.168404344970946745E-16, -0.000000000000000000, -1.000000000000000000 ) ) ;
#10676 = DIRECTION ( 'NONE',  ( 0.000000000000000000, -0.000000000000000000, 1.000000000000000000 ) ) ;
#10677 = ORIENTED_EDGE ( 'NONE', *, *, #2915, .T. ) ;
#10678 = ADVANCED_FACE ( 'NONE', ( #4806 ), #2064, .F. ) ;
#10679 = EDGE_CURVE ( 'NONE', #4981, #7275, #6540, .T. ) ;
#10680 = CIRCLE ( 'NONE', #10493, 1.700000000000000178 ) ;
#10681 = ORIENTED_EDGE ( 'NONE', *, *, #2011, .F. ) ;
#10682 = ORIENTED_EDGE ( 'NONE', *, *, #5007, .T. ) ;
#10683 = CARTESIAN_POINT ( 'NONE',  ( -42.39999999999999147, 91.50000000000000000, -1.374999999999989786 ) ) ;
#10684 = FACE_OUTER_BOUND ( 'NONE', #3773, .T. ) ;
#10685 = CARTESIAN_POINT ( 'NONE',  ( 34.00000000000000000, 91.50000000000000000, -1.375000000000002220 ) ) ;
#10686 = CARTESIAN_POINT ( 'NONE',  ( -22.16561135359183865, 8.468672896892813995, 10.51307425404456986 ) ) ;
#10687 = CARTESIAN_POINT ( 'NONE',  ( -27.09083954634442648, 64.04131992144890262, 5.500000000000002665 ) ) ;
#10688 = AXIS2_PLACEMENT_3D ( 'NONE', #8439, #1158, #5649 ) ;
#10689 = FACE_OUTER_BOUND ( 'NONE', #9622, .T. ) ;
#10690 = AXIS2_PLACEMENT_3D ( 'NONE', #8301, #2810, #6366 ) ;
#10691 = EDGE_LOOP ( 'NONE', ( #7546, #1480, #6931, #10931 ) ) ;
#10692 = PLANE ( 'NONE',  #1769 ) ;
#10693 = DIRECTION ( 'NONE',  ( -1.000000000000000000, 0.000000000000000000, 0.000000000000000000 ) ) ;
#10694 = VERTEX_POINT ( 'NONE', #4750 ) ;
#10695 = AXIS2_PLACEMENT_3D ( 'NONE', #6660, #7475, #1144 ) ;
#10696 = DIRECTION ( 'NONE',  ( 0.000000000000000000, -2.725994033677839945E-15, 1.000000000000000000 ) ) ;
#10697 = DIRECTION ( 'NONE',  ( 1.000000000000000000, 0.000000000000000000, -2.113473556227904752E-15 ) ) ;
#10698 = DIRECTION ( 'NONE',  ( 1.000000000000000000, 0.000000000000000000, 0.000000000000000000 ) ) ;
#10699 = EDGE_LOOP ( 'NONE', ( #1020, #10094, #9223, #2022 ) ) ;
#10700 = CIRCLE ( 'NONE', #1384, 4.242640687119314968 ) ;
#10701 = FACE_OUTER_BOUND ( 'NONE', #4073, .T. ) ;
#10702 = VERTEX_POINT ( 'NONE', #7537 ) ;
#10703 = ORIENTED_EDGE ( 'NONE', *, *, #9599, .T. ) ;
#10704 = EDGE_CURVE ( 'NONE', #10447, #4040, #8085, .T. ) ;
#10705 = DIRECTION ( 'NONE',  ( -0.8681683818352189386, 0.4234340121835284410, -0.2588190451025135785 ) ) ;
#10706 = AXIS2_PLACEMENT_3D ( 'NONE', #3978, #9411, #10397 ) ;
#10707 = AXIS2_PLACEMENT_3D ( 'NONE', #10197, #455, #6615 ) ;
#10708 = LINE ( 'NONE', #2762, #2481 ) ;
#10709 = EDGE_CURVE ( 'NONE', #9739, #2487, #8643, .T. ) ;
#10710 = CARTESIAN_POINT ( 'NONE',  ( 11.97545329167011552, -40.99817815969827706, 27.00000000000000355 ) ) ;
#10711 = EDGE_CURVE ( 'NONE', #4863, #3203, #2228, .T. ) ;
#10712 = DIRECTION ( 'NONE',  ( 0.000000000000000000, 1.000000000000000000, -0.000000000000000000 ) ) ;
#10713 = CARTESIAN_POINT ( 'NONE',  ( -27.59999999999998721, 13.90306154330091282, -47.00000000000000000 ) ) ;
#10714 = DIRECTION ( 'NONE',  ( -0.3907311284893227876, -3.278478895418450261E-15, -0.9205048534524195025 ) ) ;
#10715 = ORIENTED_EDGE ( 'NONE', *, *, #9068, .T. ) ;
#10716 = DIRECTION ( 'NONE',  ( 0.000000000000000000, 0.000000000000000000, -1.000000000000000000 ) ) ;
#10717 = AXIS2_PLACEMENT_3D ( 'NONE', #3834, #7384, #10955 ) ;
#10718 = CARTESIAN_POINT ( 'NONE',  ( -17.74766032130123250, -1.356498404452211481, 25.98499123478892514 ) ) ;
#10719 = ORIENTED_EDGE ( 'NONE', *, *, #2489, .T. ) ;
#10720 = CARTESIAN_POINT ( 'NONE',  ( -25.26818835966507493, 8.619817709380463100, 20.48309745500495538 ) ) ;
#10721 = LINE ( 'NONE', #7685, #713 ) ;
#10722 = ORIENTED_EDGE ( 'NONE', *, *, #1177, .F. ) ;
#10723 = ORIENTED_EDGE ( 'NONE', *, *, #3256, .F. ) ;
#10724 = ORIENTED_EDGE ( 'NONE', *, *, #7643, .T. ) ;
#10725 = AXIS2_PLACEMENT_3D ( 'NONE', #6197, #2637, #2523 ) ;
#10726 = ADVANCED_FACE ( 'NONE', ( #1250 ), #8363, .T. ) ;
#10727 = EDGE_LOOP ( 'NONE', ( #492, #2786, #9402, #1591 ) ) ;
#10728 = EDGE_CURVE ( 'NONE', #7791, #565, #7249, .T. ) ;
#10729 = FACE_OUTER_BOUND ( 'NONE', #9090, .T. ) ;
#10730 = EDGE_LOOP ( 'NONE', ( #9833, #8636, #8269, #10176 ) ) ;
#10731 = CYLINDRICAL_SURFACE ( 'NONE', #9767, 5.000000000000000888 ) ;
#10732 = DIRECTION ( 'NONE',  ( -1.379656123914496162E-15, 1.000000000000000000, 0.000000000000000000 ) ) ;
#10733 = EDGE_CURVE ( 'NONE', #9630, #6058, #6395, .T. ) ;
#10734 = DIRECTION ( 'NONE',  ( -1.000000000000000000, 0.000000000000000000, 0.000000000000000000 ) ) ;
#10735 = CARTESIAN_POINT ( 'NONE',  ( -27.59999999999998721, 17.63098360465878756, -7.500000000000000000 ) ) ;
#10736 = ORIENTED_EDGE ( 'NONE', *, *, #8454, .F. ) ;
#10737 = CIRCLE ( 'NONE', #3845, 3.037741699796946637 ) ;
#10738 = EDGE_LOOP ( 'NONE', ( #6154, #7073 ) ) ;
#10739 = VECTOR ( 'NONE', #569, 1000.000000000000114 ) ;
#10740 = ORIENTED_EDGE ( 'NONE', *, *, #7897, .T. ) ;
#10741 = EDGE_CURVE ( 'NONE', #3546, #5558, #2119, .T. ) ;
#10742 = CARTESIAN_POINT ( 'NONE',  ( 16.56992757980552966, -37.49945344790945256, 24.50000000000000000 ) ) ;
#10743 = TOROIDAL_SURFACE ( 'NONE', #1976, 3.037741699796946637, 1.600000000000000089 ) ;
#10744 = CARTESIAN_POINT ( 'NONE',  ( -26.02411907401664592, 79.84994088672972623, -3.900000000000000799 ) ) ;
#10745 = DIRECTION ( 'NONE',  ( 0.7071067811865505703, -0.7071067811865444641, 0.000000000000000000 ) ) ;
#10746 = ORIENTED_EDGE ( 'NONE', *, *, #2739, .T. ) ;
#10747 = CARTESIAN_POINT ( 'NONE',  ( -36.00000000000000000, 122.0000000000000000, -3.900000000000000799 ) ) ;
#10748 = CARTESIAN_POINT ( 'NONE',  ( -33.03137084989843686, 89.25000000000000000, 5.457170900668074587E-15 ) ) ;
#10749 = DIRECTION ( 'NONE',  ( -0.8681683818352187165, 0.4234340121835287185, -0.2588190451025138006 ) ) ;
#10750 = AXIS2_PLACEMENT_3D ( 'NONE', #4139, #6985, #6124 ) ;
#10751 = DIRECTION ( 'NONE',  ( -1.000000000000000000, 0.000000000000000000, 1.652117596168397370E-16 ) ) ;
#10752 = ADVANCED_FACE ( 'NONE', ( #5691 ), #6323, .F. ) ;
#10753 = EDGE_CURVE ( 'NONE', #9635, #11032, #6539, .T. ) ;
#10754 = VECTOR ( 'NONE', #10124, 1000.000000000000000 ) ;
#10755 = ORIENTED_EDGE ( 'NONE', *, *, #5788, .F. ) ;
#10756 = CARTESIAN_POINT ( 'NONE',  ( -10.05173861585572936, 0.000000000000000000, 21.00000000819023782 ) ) ;
#10757 = EDGE_LOOP ( 'NONE', ( #4421, #2932, #6212, #10164 ) ) ;
#10758 = CARTESIAN_POINT ( 'NONE',  ( -22.40322797132971999, 7.018326063837535322, 23.29535539438863978 ) ) ;
#10759 = DIRECTION ( 'NONE',  ( 0.000000000000000000, 0.000000000000000000, 1.000000000000000000 ) ) ;
#10760 = LINE ( 'NONE', #8945, #8288 ) ;
#10761 = LINE ( 'NONE', #9994, #2183 ) ;
#10762 = EDGE_LOOP ( 'NONE', ( #4494, #7279, #987, #1354, #5591, #11116, #4332, #7993, #3165, #382, #10581, #9367, #10532, #5198, #1788, #4154, #1799, #3707, #627, #9234, #7260, #6565, #10625, #5961, #9960 ) ) ;
#10763 = ADVANCED_FACE ( 'NONE', ( #379 ), #322, .F. ) ;
#10764 = DIRECTION ( 'NONE',  ( 0.000000000000000000, 0.000000000000000000, 1.000000000000000000 ) ) ;
#10765 = CIRCLE ( 'NONE', #10584, 1.600000000000005862 ) ;
#10766 = CARTESIAN_POINT ( 'NONE',  ( -27.59999999999998721, 17.83199373143543198, 5.500000000000002665 ) ) ;
#10767 = DIRECTION ( 'NONE',  ( 1.000000000000000000, 0.000000000000000000, 0.000000000000000000 ) ) ;
#10768 = AXIS2_PLACEMENT_3D ( 'NONE', #703, #5188, #766 ) ;
#10769 = CARTESIAN_POINT ( 'NONE',  ( -27.59999999999998721, 17.83199373143543198, -7.499999999999999112 ) ) ;
#10770 = CARTESIAN_POINT ( 'NONE',  ( -20.99999999999998934, 20.50306154330089470, 5.500000000000002665 ) ) ;
#10771 = CONICAL_SURFACE ( 'NONE', #7785, 9.028718707889639816, 1.308996938995754755 ) ;
#10772 = LINE ( 'NONE', #4754, #11529 ) ;
#10773 = CARTESIAN_POINT ( 'NONE',  ( -0.9999999999999993339, 51.31596721165375641, -11.99999999999999645 ) ) ;
#10774 = CARTESIAN_POINT ( 'NONE',  ( -28.47872944053646904, 8.834641939051843806, 21.00000462220873843 ) ) ;
#10775 = ADVANCED_FACE ( 'NONE', ( #3874 ), #2878, .F. ) ;
#10776 = ORIENTED_EDGE ( 'NONE', *, *, #4517, .T. ) ;
#10777 = VERTEX_POINT ( 'NONE', #1198 ) ;
#10778 = CIRCLE ( 'NONE', #3519, 1.374999999999997113 ) ;
#10779 = ORIENTED_EDGE ( 'NONE', *, *, #7167, .T. ) ;
#10780 = EDGE_CURVE ( 'NONE', #8419, #3966, #3234, .T. ) ;
#10781 = VERTEX_POINT ( 'NONE', #10769 ) ;
#10782 = DIRECTION ( 'NONE',  ( 0.000000000000000000, 0.000000000000000000, 1.000000000000000000 ) ) ;
#10783 = LINE ( 'NONE', #4764, #532 ) ;
#10784 = CARTESIAN_POINT ( 'NONE',  ( 11.56992757980552788, -5.000000000000000000, 27.00000000000000355 ) ) ;
#10785 = DIRECTION ( 'NONE',  ( 1.000000000000000000, 0.000000000000000000, 0.000000000000000000 ) ) ;
#10786 = VECTOR ( 'NONE', #3533, 1000.000000000000000 ) ;
#10787 = FACE_BOUND ( 'NONE', #10355, .T. ) ;
#10788 = EDGE_CURVE ( 'NONE', #2917, #3614, #1378, .T. ) ;
#10789 = EDGE_CURVE ( 'NONE', #10366, #11227, #1758, .T. ) ;
#10790 = B_SPLINE_CURVE_WITH_KNOTS ( 'NONE', 3,
 ( #6030, #2522, #8583, #7834 ),
 .UNSPECIFIED., .F., .F.,
 ( 4, 4 ),
 ( 0.000000000000000000, 4.823006464807559489E-06 ),
 .UNSPECIFIED. ) ;
#10791 = DIRECTION ( 'NONE',  ( -0.000000000000000000, 0.000000000000000000, -1.000000000000000000 ) ) ;
#10792 = EDGE_CURVE ( 'NONE', #8938, #1629, #9207, .T. ) ;
#10793 = ORIENTED_EDGE ( 'NONE', *, *, #2212, .F. ) ;
#10794 = ORIENTED_EDGE ( 'NONE', *, *, #9690, .T. ) ;
#10795 = EDGE_CURVE ( 'NONE', #3992, #2223, #5107, .T. ) ;
#10796 = VERTEX_POINT ( 'NONE', #156 ) ;
#10797 = CARTESIAN_POINT ( 'NONE',  ( -23.99999999999997158, 10.30306154330093094, -4.423427616617243707 ) ) ;
#10798 = CARTESIAN_POINT ( 'NONE',  ( -22.60000000000004405, 52.37412935516634604, -5.499999999999998224 ) ) ;
#10799 = DIRECTION ( 'NONE',  ( 0.000000000000000000, 0.000000000000000000, 1.000000000000000000 ) ) ;
#10800 = CARTESIAN_POINT ( 'NONE',  ( 12.11041656043498804, -36.00000000000000711, 24.50000000000000000 ) ) ;
#10801 = CARTESIAN_POINT ( 'NONE',  ( -34.09999999999998721, 100.9999999999999858, 3.037741699796953743 ) ) ;
#10802 = DIRECTION ( 'NONE',  ( 1.000000000000000000, 1.387778780781445478E-15, 0.000000000000000000 ) ) ;
#10803 = CARTESIAN_POINT ( 'NONE',  ( -33.03137084989845107, 100.9999999999999858, 5.235126295743052746E-15 ) ) ;
#10804 = EDGE_CURVE ( 'NONE', #9734, #6135, #5632, .T. ) ;
#10805 = VECTOR ( 'NONE', #4257, 1000.000000000000000 ) ;
#10806 = ORIENTED_EDGE ( 'NONE', *, *, #9599, .F. ) ;
#10807 = CARTESIAN_POINT ( 'NONE',  ( 15.49999999999999822, 8.000000000000000000, 13.89999999999999325 ) ) ;
#10808 = CYLINDRICAL_SURFACE ( 'NONE', #4888, 4.242640687119314968 ) ;
#10809 = ORIENTED_EDGE ( 'NONE', *, *, #8546, .T. ) ;
#10810 = EDGE_CURVE ( 'NONE', #9904, #3122, #9191, .T. ) ;
#10811 = VECTOR ( 'NONE', #1227, 1000.000000000000114 ) ;
#10812 = CARTESIAN_POINT ( 'NONE',  ( -25.03128061848369157, 7.423376240541723625, 21.72836761781735149 ) ) ;
#10813 = CYLINDRICAL_SURFACE ( 'NONE', #2282, 4.242640687119280329 ) ;
#10814 = DIRECTION ( 'NONE',  ( -1.000000000000000000, 0.000000000000000000, 1.652117596168388002E-16 ) ) ;
#10815 = CARTESIAN_POINT ( 'NONE',  ( -24.96396103067888106, 11.26702257397983331, -8.399177871200938839 ) ) ;
#10816 = CARTESIAN_POINT ( 'NONE',  ( -43.99999999999998579, 88.61736382251127964, 10.39999999999999325 ) ) ;
#10817 = ADVANCED_FACE ( 'NONE', ( #10874 ), #9175, .T. ) ;
#10818 = CARTESIAN_POINT ( 'NONE',  ( -24.00000000000002487, 41.70306154330087622, 7.500000000000002665 ) ) ;
#10819 = EDGE_CURVE ( 'NONE', #8608, #3222, #9119, .T. ) ;
#10820 = FACE_OUTER_BOUND ( 'NONE', #3844, .T. ) ;
#10821 = CARTESIAN_POINT ( 'NONE',  ( -32.49999999999998579, 112.7499999999999858, 5.131850351449292783E-15 ) ) ;
#10822 = CARTESIAN_POINT ( 'NONE',  ( -20.99999999999998934, 45.46042085618157103, -11.99999999999999645 ) ) ;
#10823 = CARTESIAN_POINT ( 'NONE',  ( -27.42013171315743492, 15.76764722094119087, 11.83038541578425296 ) ) ;
#10824 = FACE_OUTER_BOUND ( 'NONE', #6063, .T. ) ;
#10825 = CIRCLE ( 'NONE', #8200, 4.242640687119314968 ) ;
#10826 = CARTESIAN_POINT ( 'NONE',  ( -28.77809044707268171, 2.295346093869667481, 21.00000000000000000 ) ) ;
#10827 = EDGE_LOOP ( 'NONE', ( #2174, #3207, #3495, #4249, #47 ) ) ;
#10828 = B_SPLINE_CURVE_WITH_KNOTS ( 'NONE', 3,
 ( #4673, #2805, #9935, #1935 ),
 .UNSPECIFIED., .F., .F.,
 ( 4, 4 ),
 ( 0.000000000000000000, 0.001374740175555838476 ),
 .UNSPECIFIED. ) ;
#10829 = ORIENTED_EDGE ( 'NONE', *, *, #7516, .F. ) ;
#10830 = ADVANCED_FACE ( 'NONE', ( #7712 ), #6718, .T. ) ;
#10831 = ORIENTED_EDGE ( 'NONE', *, *, #4187, .F. ) ;
#10832 = VERTEX_POINT ( 'NONE', #3224 ) ;
#10833 = CARTESIAN_POINT ( 'NONE',  ( -20.25742176523009164, 0.000000000000000000, 26.55089860562228310 ) ) ;
#10834 = CARTESIAN_POINT ( 'NONE',  ( -23.99999999999998934, 100.9999999999999858, -16.49999999999999645 ) ) ;
#10835 = VERTEX_POINT ( 'NONE', #9302 ) ;
#10836 = PLANE ( 'NONE',  #11239 ) ;
#10837 = DIRECTION ( 'NONE',  ( 0.000000000000000000, 0.000000000000000000, 1.000000000000000000 ) ) ;
#10838 = CARTESIAN_POINT ( 'NONE',  ( -24.00000000000002487, 41.70306154330087622, -47.00000000000000000 ) ) ;
#10839 = B_SPLINE_CURVE_WITH_KNOTS ( 'NONE', 3,
 ( #6464, #9150, #3850, #7398, #10969, #2972, #6518 ),
 .UNSPECIFIED., .F., .F.,
 ( 4, 3, 4 ),
 ( 0.000000000000000000, 0.0008000204412897147588, 0.001600040882579429518 ),
 .UNSPECIFIED. ) ;
#10840 = FACE_OUTER_BOUND ( 'NONE', #70, .T. ) ;
#10841 = ORIENTED_EDGE ( 'NONE', *, *, #5309, .F. ) ;
#10842 = ORIENTED_EDGE ( 'NONE', *, *, #5324, .T. ) ;
#10843 = ORIENTED_EDGE ( 'NONE', *, *, #1811, .F. ) ;
#10844 = EDGE_CURVE ( 'NONE', #3122, #10147, #11168, .T. ) ;
#10845 = CARTESIAN_POINT ( 'NONE',  ( -20.99999999999998934, 22.99999999999999289, 14.00000000000000178 ) ) ;
#10846 = DIRECTION ( 'NONE',  ( 1.000000000000000000, 0.000000000000000000, 0.000000000000000000 ) ) ;
#10847 = CARTESIAN_POINT ( 'NONE',  ( 26.56992757980552256, 0.000000000000000000, 25.38900250903704503 ) ) ;
#10848 = ORIENTED_EDGE ( 'NONE', *, *, #5589, .T. ) ;
#10849 = ADVANCED_FACE ( 'NONE', ( #8531 ), #1427, .F. ) ;
#10850 = CARTESIAN_POINT ( 'NONE',  ( -27.60000000000010445, 88.61736382251130806, -0.9999999999999983347 ) ) ;
#10851 = DIRECTION ( 'NONE',  ( -0.000000000000000000, -1.000000000000000000, 1.927470528863117569E-16 ) ) ;
#10852 = CARTESIAN_POINT ( 'NONE',  ( -11.26146079506075637, -1.750000000000002442, 24.50000000000000000 ) ) ;
#10853 = CARTESIAN_POINT ( 'NONE',  ( -19.47677882000927951, 0.7607146117419110176, 26.06480780508015727 ) ) ;
#10854 = EDGE_CURVE ( 'NONE', #8673, #11351, #3983, .T. ) ;
#10855 = CIRCLE ( 'NONE', #804, 1.600000000000000755 ) ;
#10856 = CIRCLE ( 'NONE', #5835, 1.599999999999999867 ) ;
#10857 = CARTESIAN_POINT ( 'NONE',  ( -27.60000000000001208, 36.03199373143541351, 7.500000000000000000 ) ) ;
#10859 = ORIENTED_EDGE ( 'NONE', *, *, #7637, .T. ) ;
#10858 = EDGE_CURVE ( 'NONE', #1815, #11304, #7707, .T. ) ;
#10860 = CARTESIAN_POINT ( 'NONE',  ( -23.22082779117587137, 7.086868980281473718, 22.68632104634144042 ) ) ;
#10861 = CARTESIAN_POINT ( 'NONE',  ( -27.60000000000004405, 52.37412935516633894, 14.00000000000000178 ) ) ;
#10862 = CYLINDRICAL_SURFACE ( 'NONE', #2130, 1.700000000000000178 ) ;
#10863 = CARTESIAN_POINT ( 'NONE',  ( -6.855093804070374830, -2.882051505189736851, 24.50000000000000000 ) ) ;
#10864 = VECTOR ( 'NONE', #1349, 1000.000000000000000 ) ;
#10865 = CARTESIAN_POINT ( 'NONE',  ( -22.16561135359183865, 8.468672896892813995, 10.51307425404456986 ) ) ;
#10866 = ORIENTED_EDGE ( 'NONE', *, *, #9441, .F. ) ;
#10867 = CARTESIAN_POINT ( 'NONE',  ( -44.50000000000000000, 51.28339046910141974, -15.49999999999997158 ) ) ;
#10868 = CARTESIAN_POINT ( 'NONE',  ( -35.99999999999999289, 51.31596721165376351, 2.599999999999998312 ) ) ;
#10869 = AXIS2_PLACEMENT_3D ( 'NONE', #1331, #4949, #8492 ) ;
#10870 = VECTOR ( 'NONE', #459, 1000.000000000000000 ) ;
#10871 = CARTESIAN_POINT ( 'NONE',  ( -46.00000000000000000, 100.9999999999999858, 0.000000000000000000 ) ) ;
#10872 = AXIS2_PLACEMENT_3D ( 'NONE', #9148, #1978, #5548 ) ;
#10873 = FACE_OUTER_BOUND ( 'NONE', #4170, .T. ) ;
#10874 = FACE_OUTER_BOUND ( 'NONE', #2861, .T. ) ;
#10875 = ORIENTED_EDGE ( 'NONE', *, *, #9282, .F. ) ;
#10876 = CARTESIAN_POINT ( 'NONE',  ( -25.67011599180680292, 12.03801022220755534, 8.271193247230833379 ) ) ;
#10877 = CARTESIAN_POINT ( 'NONE',  ( -0.9999999999999958922, 51.31596721165376351, 9.100000000000003197 ) ) ;
#10878 = CARTESIAN_POINT ( 'NONE',  ( -20.99999999999999289, 27.26042085618161082, -0.9999999999999974465 ) ) ;
#10879 = AXIS2_PLACEMENT_3D ( 'NONE', #10549, #4242, #11418 ) ;
#10880 = DIRECTION ( 'NONE',  ( -1.355252715606885966E-16, -0.000000000000000000, -1.000000000000000000 ) ) ;
#10881 = VECTOR ( 'NONE', #265, 1000.000000000000000 ) ;
#10882 = DIRECTION ( 'NONE',  ( -0.000000000000000000, -0.000000000000000000, -1.000000000000000000 ) ) ;
#10883 = DIRECTION ( 'NONE',  ( -1.000000000000000000, 0.000000000000000000, 0.000000000000000000 ) ) ;
#10884 = VECTOR ( 'NONE', #7890, 1000.000000000000000 ) ;
#10885 = EDGE_CURVE ( 'NONE', #8080, #9766, #10288, .T. ) ;
#10886 = ADVANCED_FACE ( 'NONE', ( #4982 ), #8472, .F. ) ;
#10887 = ORIENTED_EDGE ( 'NONE', *, *, #8698, .T. ) ;
#10888 = ORIENTED_EDGE ( 'NONE', *, *, #10804, .T. ) ;
#10889 = ORIENTED_EDGE ( 'NONE', *, *, #6526, .F. ) ;
#10890 = ORIENTED_EDGE ( 'NONE', *, *, #443, .F. ) ;
#10891 = AXIS2_PLACEMENT_3D ( 'NONE', #1188, #11537, #1793 ) ;
#10892 = DIRECTION ( 'NONE',  ( 0.000000000000000000, 0.000000000000000000, -1.000000000000000000 ) ) ;
#10893 = DIRECTION ( 'NONE',  ( -0.8681683818352189386, 0.4234340121835276638, -0.2588190451025145777 ) ) ;
#10894 = ORIENTED_EDGE ( 'NONE', *, *, #692, .F. ) ;
#10895 = CARTESIAN_POINT ( 'NONE',  ( -9.918398939764561106, -1.750000000000002220, 24.03108891324553653 ) ) ;
#10896 = FACE_OUTER_BOUND ( 'NONE', #4670, .T. ) ;
#10897 = DIRECTION ( 'NONE',  ( 0.7071067811865475727, -0.7071067811865475727, -5.841117777841426345E-17 ) ) ;
#10898 = CARTESIAN_POINT ( 'NONE',  ( -16.56488701147627296, -1.337319140995202549, 27.00000000000000355 ) ) ;
#10899 = DIRECTION ( 'NONE',  ( 1.734723475976807489E-15, -1.000000000000000000, 0.000000000000000000 ) ) ;
#10900 = EDGE_CURVE ( 'NONE', #2944, #801, #11284, .T. ) ;
#10901 = DIRECTION ( 'NONE',  ( 0.000000000000000000, 0.000000000000000000, 1.000000000000000000 ) ) ;
#10902 = CIRCLE ( 'NONE', #882, 9.028718707889582973 ) ;
#10903 = ORIENTED_EDGE ( 'NONE', *, *, #10567, .F. ) ;
#10904 = CIRCLE ( 'NONE', #3634, 1.699999999999999289 ) ;
#10905 = ORIENTED_EDGE ( 'NONE', *, *, #6191, .T. ) ;
#10906 = VERTEX_POINT ( 'NONE', #5976 ) ;
#10907 = ORIENTED_EDGE ( 'NONE', *, *, #10645, .F. ) ;
#10908 = PLANE ( 'NONE',  #8124 ) ;
#10909 = DIRECTION ( 'NONE',  ( -1.000000000000000000, 0.000000000000000000, 1.652117596168398356E-16 ) ) ;
#10910 = DIRECTION ( 'NONE',  ( 0.000000000000000000, 1.000000000000000000, -0.000000000000000000 ) ) ;
#10911 = ORIENTED_EDGE ( 'NONE', *, *, #6588, .T. ) ;
#10912 = CIRCLE ( 'NONE', #7741, 5.000000000000053291 ) ;
#10913 = LINE ( 'NONE', #576, #9460 ) ;
#10914 = DIRECTION ( 'NONE',  ( -1.000000000000000000, 0.000000000000000000, 0.000000000000000000 ) ) ;
#10915 = CARTESIAN_POINT ( 'NONE',  ( -22.59999999999998366, 17.83199373143543198, -47.00000000000000000 ) ) ;
#10916 = DIRECTION ( 'NONE',  ( 1.652117596168387756E-16, 0.000000000000000000, 1.000000000000000000 ) ) ;
#10917 = EDGE_CURVE ( 'NONE', #5310, #3461, #9203, .T. ) ;
#10918 = ORIENTED_EDGE ( 'NONE', *, *, #6064, .F. ) ;
#10919 = EDGE_CURVE ( 'NONE', #5129, #8346, #9534, .T. ) ;
#10920 = VECTOR ( 'NONE', #2535, 1000.000000000000114 ) ;
#10921 = CARTESIAN_POINT ( 'NONE',  ( -8.718405263854846154, 0.000000000000000000, 21.00000000823158075 ) ) ;
#10922 = ORIENTED_EDGE ( 'NONE', *, *, #1669, .F. ) ;
#10923 = DIRECTION ( 'NONE',  ( -0.000000000000000000, -1.000000000000000000, -0.000000000000000000 ) ) ;
#10924 = ORIENTED_EDGE ( 'NONE', *, *, #7238, .F. ) ;
#10925 = VECTOR ( 'NONE', #5667, 1000.000000000000000 ) ;
#10926 = EDGE_CURVE ( 'NONE', #9369, #1099, #2798, .T. ) ;
#10927 = CARTESIAN_POINT ( 'NONE',  ( -23.04897144941937270, 7.067924532218659905, 22.80308572829273572 ) ) ;
#10928 = CARTESIAN_POINT ( 'NONE',  ( -23.99999999999998934, 100.9999999999999858, 3.743037625879104828E-15 ) ) ;
#10929 = PLANE ( 'NONE',  #3061 ) ;
#10930 = CARTESIAN_POINT ( 'NONE',  ( 13.44631595467181029, -1.750000000000000000, 24.03108891324553653 ) ) ;
#10931 = ORIENTED_EDGE ( 'NONE', *, *, #3073, .T. ) ;
#10932 = AXIS2_PLACEMENT_3D ( 'NONE', #6324, #5360, #8246 ) ;
#10933 = CARTESIAN_POINT ( 'NONE',  ( -34.16274169979692488, 91.50000000000000000, -1.374999999999991118 ) ) ;
#10934 = CIRCLE ( 'NONE', #10560, 2.431370849898479847 ) ;
#10935 = DIRECTION ( 'NONE',  ( -0.000000000000000000, -0.000000000000000000, -1.000000000000000000 ) ) ;
#10936 = EDGE_CURVE ( 'NONE', #8505, #1632, #7598, .T. ) ;
#10937 = EDGE_CURVE ( 'NONE', #302, #4348, #3049, .T. ) ;
#10938 = ORIENTED_EDGE ( 'NONE', *, *, #9625, .F. ) ;
#10939 = DIRECTION ( 'NONE',  ( 1.000000000000000000, 0.000000000000000000, 0.000000000000000000 ) ) ;
#10940 = CARTESIAN_POINT ( 'NONE',  ( -32.45779162047084299, 66.65895734927147487, -84.74336439883575167 ) ) ;
#10942 = DIRECTION ( 'NONE',  ( 1.000000000000000000, 1.387778780781445478E-15, 0.000000000000000000 ) ) ;
#10941 = DIRECTION ( 'NONE',  ( -1.652117596168388002E-16, 0.000000000000000000, -1.000000000000000000 ) ) ;
#10943 = FACE_OUTER_BOUND ( 'NONE', #2662, .T. ) ;
#10944 = DIRECTION ( 'NONE',  ( -0.000000000000000000, 0.000000000000000000, -1.000000000000000000 ) ) ;
#10945 = CARTESIAN_POINT ( 'NONE',  ( -3.469446951953614189E-15, 8.000000000000000000, 0.000000000000000000 ) ) ;
#10946 = LINE ( 'NONE', #11054, #6365 ) ;
#10947 = VECTOR ( 'NONE', #4169, 1000.000000000000114 ) ;
#10948 = VERTEX_POINT ( 'NONE', #5806 ) ;
#10949 = ORIENTED_EDGE ( 'NONE', *, *, #8572, .F. ) ;
#10950 = ORIENTED_EDGE ( 'NONE', *, *, #1748, .T. ) ;
#10951 = VECTOR ( 'NONE', #8601, 1000.000000000000114 ) ;
#10952 = LINE ( 'NONE', #7261, #478 ) ;
#10953 = FACE_OUTER_BOUND ( 'NONE', #1151, .T. ) ;
#10954 = CARTESIAN_POINT ( 'NONE',  ( -43.00000000000000000, 112.7499999999999858, -1.974999999999993205 ) ) ;
#10955 = DIRECTION ( 'NONE',  ( 1.000000000000000000, 0.000000000000000000, 0.000000000000000000 ) ) ;
#10956 = CARTESIAN_POINT ( 'NONE',  ( -35.82634199384871465, 60.14035386226560576, 20.92628654975574420 ) ) ;
#10957 = CARTESIAN_POINT ( 'NONE',  ( -27.60000000000010445, 88.61736382251130806, -7.499999999999999112 ) ) ;
#10958 = LINE ( 'NONE', #3894, #4987 ) ;
#10959 = AXIS2_PLACEMENT_3D ( 'NONE', #7085, #4420, #927 ) ;
#10960 = EDGE_LOOP ( 'NONE', ( #2676, #10887, #8719, #3751 ) ) ;
#10961 = EDGE_LOOP ( 'NONE', ( #7857, #515, #796, #2854, #8341, #5809, #7231, #4789 ) ) ;
#10962 = VERTEX_POINT ( 'NONE', #5754 ) ;
#10963 = B_SPLINE_CURVE_WITH_KNOTS ( 'NONE', 1,
 ( #7135, #5403 ),
 .UNSPECIFIED., .F., .F.,
 ( 2, 2 ),
 ( 0.000000000000000000, 1.000000000000000000 ),
 .UNSPECIFIED. ) ;
#10965 = ORIENTED_EDGE ( 'NONE', *, *, #541, .T. ) ;
#10964 = ADVANCED_FACE ( 'NONE', ( #4859 ), #68, .F. ) ;
#10966 = DIRECTION ( 'NONE',  ( -0.000000000000000000, 0.000000000000000000, -1.000000000000000000 ) ) ;
#10967 = CIRCLE ( 'NONE', #1094, 20.00000000000000000 ) ;
#10968 = ORIENTED_EDGE ( 'NONE', *, *, #6731, .F. ) ;
#10969 = CARTESIAN_POINT ( 'NONE',  ( 11.83660106023543079, -1.750000000000000222, 24.03680787131430563 ) ) ;
#10970 = CARTESIAN_POINT ( 'NONE',  ( -36.00000000000000000, 51.31596721165376351, -9.099999999999996092 ) ) ;
#10971 = CARTESIAN_POINT ( 'NONE',  ( 19.99999999999997158, 8.000000000000000000, 16.21920158330860673 ) ) ;
#10972 = CARTESIAN_POINT ( 'NONE',  ( -25.33626004114814734, 11.63932158444908538, 14.83659837999907971 ) ) ;
#10973 = DIRECTION ( 'NONE',  ( -1.000000000000000000, 0.000000000000000000, 1.652117596168387756E-16 ) ) ;
#10974 = CARTESIAN_POINT ( 'NONE',  ( -26.13553390593274628, 39.56752763736815126, 12.00000000000000355 ) ) ;
#10975 = AXIS2_PLACEMENT_3D ( 'NONE', #5914, #8813, #6938 ) ;
#10976 = ORIENTED_EDGE ( 'NONE', *, *, #4082, .T. ) ;
#10977 = CARTESIAN_POINT ( 'NONE',  ( -22.59999999999998366, 17.83199373143543198, -7.500000000000000000 ) ) ;
#10978 = VERTEX_POINT ( 'NONE', #10237 ) ;
#10979 = ORIENTED_EDGE ( 'NONE', *, *, #5084, .T. ) ;
#10980 = ADVANCED_FACE ( 'NONE', ( #2227 ), #7895, .F. ) ;
#10981 = CARTESIAN_POINT ( 'NONE',  ( -24.09140336717436881, 7.216371748565800992, 22.16616272522940179 ) ) ;
#10982 = CARTESIAN_POINT ( 'NONE',  ( -27.59999999999998721, 17.63098360465878400, -0.9999999999999983347 ) ) ;
#10983 = CARTESIAN_POINT ( 'NONE',  ( -20.99999999999998934, 45.46042085618157103, 7.500000000000002665 ) ) ;
#10984 = DIRECTION ( 'NONE',  ( 0.7071067811865477948, 0.000000000000000000, -0.7071067811865473507 ) ) ;
#10985 = EDGE_CURVE ( 'NONE', #8743, #7351, #7308, .T. ) ;
#10986 = LINE ( 'NONE', #489, #2576 ) ;
#10987 = VECTOR ( 'NONE', #1767, 1000.000000000000000 ) ;
#10988 = ORIENTED_EDGE ( 'NONE', *, *, #7017, .T. ) ;
#10989 = CIRCLE ( 'NONE', #9505, 5.000000000000000888 ) ;
#10990 = LINE ( 'NONE', #9946, #9018 ) ;
#10991 = DIRECTION ( 'NONE',  ( -0.7071067811865495711, -0.7071067811865454633, 0.000000000000000000 ) ) ;
#10993 = CARTESIAN_POINT ( 'NONE',  ( -21.03832892204482263, 8.000048970288762717, -21.00000000000000000 ) ) ;
#10992 = DIRECTION ( 'NONE',  ( -0.000000000000000000, -1.000000000000000000, -0.000000000000000000 ) ) ;
#10994 = EDGE_CURVE ( 'NONE', #8365, #6739, #96, .T. ) ;
#10995 = CARTESIAN_POINT ( 'NONE',  ( -26.26467776801766263, 12.88539553710950791, 8.133736633095296042 ) ) ;
#10996 = CARTESIAN_POINT ( 'NONE',  ( 34.00000000000000000, 110.4999999999999858, -1.375000000000002220 ) ) ;
#10997 = EDGE_CURVE ( 'NONE', #3769, #9353, #9379, .T. ) ;
#10998 = DIRECTION ( 'NONE',  ( 0.000000000000000000, -1.000000000000000000, -1.927470528863117569E-16 ) ) ;
#10999 = CARTESIAN_POINT ( 'NONE',  ( -23.86866731882274451, 7.176832642172050747, 22.28644205355723429 ) ) ;
#11000 = ORIENTED_EDGE ( 'NONE', *, *, #7488, .T. ) ;
#11001 = EDGE_CURVE ( 'NONE', #400, #720, #5648, .T. ) ;
#11002 = ORIENTED_EDGE ( 'NONE', *, *, #6525, .T. ) ;
#11003 = ORIENTED_EDGE ( 'NONE', *, *, #4516, .T. ) ;
#11004 = DIRECTION ( 'NONE',  ( -1.000000000000000000, 0.000000000000000000, 0.000000000000000000 ) ) ;
#11005 = ORIENTED_EDGE ( 'NONE', *, *, #5065, .T. ) ;
#11006 = ADVANCED_FACE ( 'NONE', ( #1778 ), #5163, .F. ) ;
#11007 = VECTOR ( 'NONE', #4255, 1000.000000000000000 ) ;
#11008 = CARTESIAN_POINT ( 'NONE',  ( -22.16561135359184220, 8.468672896892817548, -10.51307425404456808 ) ) ;
#11009 = CARTESIAN_POINT ( 'NONE',  ( -20.99999999999997868, 38.70306154330083359, -0.9999999999999974465 ) ) ;
#11010 = DIRECTION ( 'NONE',  ( -0.000000000000000000, 0.000000000000000000, -1.000000000000000000 ) ) ;
#11011 = DIRECTION ( 'NONE',  ( -0.7071067811865452413, -0.7071067811865499042, 0.000000000000000000 ) ) ;
#11012 = FACE_OUTER_BOUND ( 'NONE', #4602, .T. ) ;
#11013 = CARTESIAN_POINT ( 'NONE',  ( -20.99999999999998934, 22.99999999999999289, 21.00000000000000000 ) ) ;
#11014 = LINE ( 'NONE', #9141, #2566 ) ;
#11015 = VERTEX_POINT ( 'NONE', #5345 ) ;
#11016 = ADVANCED_FACE ( 'NONE', ( #11522 ), #2583, .F. ) ;
#11017 = EDGE_LOOP ( 'NONE', ( #5248, #7095, #5602, #4875 ) ) ;
#11018 = VERTEX_POINT ( 'NONE', #6142 ) ;
#11019 = ORIENTED_EDGE ( 'NONE', *, *, #3202, .T. ) ;
#11020 = DIRECTION ( 'NONE',  ( 0.000000000000000000, 1.000000000000000000, -0.000000000000000000 ) ) ;
#11021 = DIRECTION ( 'NONE',  ( -0.000000000000000000, -0.000000000000000000, 1.000000000000000000 ) ) ;
#11022 = VERTEX_POINT ( 'NONE', #8702 ) ;
#11023 = PLANE ( 'NONE',  #7782 ) ;
#11024 = DIRECTION ( 'NONE',  ( 1.000000000000000000, 0.000000000000000000, 0.000000000000000000 ) ) ;
#11025 = CARTESIAN_POINT ( 'NONE',  ( 12.36992757980552504, -1.750000000000000000, 24.03108891324553653 ) ) ;
#11026 = CARTESIAN_POINT ( 'NONE',  ( -26.97065927659424034, 14.28331496040746806, 14.40931331600286747 ) ) ;
#11027 = CARTESIAN_POINT ( 'NONE',  ( -20.99999999999999289, 27.26042085618161082, -7.499999999999998224 ) ) ;
#11028 = DIRECTION ( 'NONE',  ( 0.000000000000000000, 0.000000000000000000, -1.000000000000000000 ) ) ;
#11029 = EDGE_CURVE ( 'NONE', #704, #9845, #6939, .T. ) ;
#11030 = EDGE_CURVE ( 'NONE', #6261, #3076, #3599, .T. ) ;
#11031 = ORIENTED_EDGE ( 'NONE', *, *, #10666, .F. ) ;
#11032 = VERTEX_POINT ( 'NONE', #7957 ) ;
#11033 = CARTESIAN_POINT ( 'NONE',  ( -22.60000000000001208, 36.03199373143542061, 1.000000000000000888 ) ) ;
#11034 = PLANE ( 'NONE',  #2094 ) ;
#11035 = CARTESIAN_POINT ( 'NONE',  ( -20.99999999999998934, 6.999999999999999112, 24.63595482334175202 ) ) ;
#11036 = CARTESIAN_POINT ( 'NONE',  ( -33.03137084989845107, 110.4999999999999858, -1.843629150101525171 ) ) ;
#11037 = DIRECTION ( 'NONE',  ( 0.4383711467890782920, 0.8987940462991665935, 0.000000000000000000 ) ) ;
#11038 = ORIENTED_EDGE ( 'NONE', *, *, #7167, .F. ) ;
#11039 = CIRCLE ( 'NONE', #10290, 1.700000000000000178 ) ;
#11040 = FACE_OUTER_BOUND ( 'NONE', #9797, .T. ) ;
#11041 = CIRCLE ( 'NONE', #7119, 1.600000000000002531 ) ;
#11042 = VECTOR ( 'NONE', #1763, 1000.000000000000000 ) ;
#11043 = ORIENTED_EDGE ( 'NONE', *, *, #8677, .F. ) ;
#11044 = DIRECTION ( 'NONE',  ( 0.4999999999999996669, -0.8660254037844388186, 0.000000000000000000 ) ) ;
#11045 = AXIS2_PLACEMENT_3D ( 'NONE', #2257, #11198, #470 ) ;
#11046 = CARTESIAN_POINT ( 'NONE',  ( 12.12808128002953723, 1.565417725949424589E-14, 23.07962502360333445 ) ) ;
#11047 = AXIS2_PLACEMENT_3D ( 'NONE', #8805, #10626, #7052 ) ;
#11049 = CARTESIAN_POINT ( 'NONE',  ( -23.99999999999997513, 52.00000000000005684, 18.50000000000015987 ) ) ;
#11048 = CARTESIAN_POINT ( 'NONE',  ( -20.99999999999998934, 45.46042085618157103, -0.9999999999999974465 ) ) ;
#11050 = EDGE_CURVE ( 'NONE', #10573, #1052, #3527, .T. ) ;
#11051 = CARTESIAN_POINT ( 'NONE',  ( -23.99999999999998224, 82.74895480924409696, -2.397440704741598871 ) ) ;
#11052 = VERTEX_POINT ( 'NONE', #7069 ) ;
#11053 = CARTESIAN_POINT ( 'NONE',  ( -16.99761971378717007, -0.8086645392696450996, 26.98123904348614133 ) ) ;
#11054 = CARTESIAN_POINT ( 'NONE',  ( -37.00000000000015632, 8.000000000000000000, 21.00000000000000000 ) ) ;
#11055 = VERTEX_POINT ( 'NONE', #1718 ) ;
#11056 = VECTOR ( 'NONE', #1917, 1000.000000000000000 ) ;
#11057 = EDGE_CURVE ( 'NONE', #9188, #7996, #11399, .T. ) ;
#11058 = VERTEX_POINT ( 'NONE', #6889 ) ;
#11059 = EDGE_CURVE ( 'NONE', #2819, #5446, #7232, .T. ) ;
#11060 = ORIENTED_EDGE ( 'NONE', *, *, #9582, .T. ) ;
#11061 = CARTESIAN_POINT ( 'NONE',  ( -30.02871870788960962, 51.31596721165375641, -13.99999999999999645 ) ) ;
#11062 = AXIS2_PLACEMENT_3D ( 'NONE', #10773, #6327, #4915 ) ;
#11063 = VECTOR ( 'NONE', #1271, 1000.000000000000114 ) ;
#11064 = FACE_OUTER_BOUND ( 'NONE', #3051, .T. ) ;
#11065 = LINE ( 'NONE', #8202, #6415 ) ;
#11066 = ORIENTED_EDGE ( 'NONE', *, *, #10571, .F. ) ;
#11067 = CARTESIAN_POINT ( 'NONE',  ( -33.49999999999997158, 112.7499999999999858, 1.375000000000002442 ) ) ;
#11068 = DIRECTION ( 'NONE',  ( 1.000000000000000000, 0.000000000000000000, 0.000000000000000000 ) ) ;
#11069 = CIRCLE ( 'NONE', #9958, 35.00000000000000000 ) ;
#11070 = CARTESIAN_POINT ( 'NONE',  ( -24.00000000000003908, 46.70306154330088333, -47.00000000000000000 ) ) ;
#11071 = DIRECTION ( 'NONE',  ( -1.000000000000000000, 0.000000000000000000, 0.000000000000000000 ) ) ;
#11072 = LINE ( 'NONE', #3012, #3175 ) ;
#11073 = CARTESIAN_POINT ( 'NONE',  ( -20.99999999999999645, 22.99999999999999289, -15.59999999999999432 ) ) ;
#11074 = DIRECTION ( 'NONE',  ( 0.7071067811865499042, -0.7071067811865452413, 0.000000000000000000 ) ) ;
#11075 = VERTEX_POINT ( 'NONE', #2459 ) ;
#11076 = EDGE_CURVE ( 'NONE', #45, #1914, #4280, .T. ) ;
#11077 = EDGE_CURVE ( 'NONE', #6240, #4872, #3860, .T. ) ;
#11078 = AXIS2_PLACEMENT_3D ( 'NONE', #9229, #6755, #8348 ) ;
#11079 = ADVANCED_FACE ( 'NONE', ( #6090 ), #6310, .F. ) ;
#11080 = CIRCLE ( 'NONE', #3991, 9.000000000000000000 ) ;
#11081 = ORIENTED_EDGE ( 'NONE', *, *, #8760, .F. ) ;
#11082 = ORIENTED_EDGE ( 'NONE', *, *, #6149, .F. ) ;
#11083 = CARTESIAN_POINT ( 'NONE',  ( -24.96396103067888106, 11.26702257397983331, 8.399177871200949497 ) ) ;
#11084 = DIRECTION ( 'NONE',  ( 0.4383711467890782920, 0.8987940462991665935, -0.000000000000000000 ) ) ;
#11085 = LINE ( 'NONE', #2206, #11185 ) ;
#11086 = CARTESIAN_POINT ( 'NONE',  ( -22.60000000000004405, 52.37412935516634604, -47.00000000000000000 ) ) ;
#11087 = AXIS2_PLACEMENT_3D ( 'NONE', #6143, #37, #9719 ) ;
#11088 = FACE_OUTER_BOUND ( 'NONE', #8801, .T. ) ;
#11089 = CARTESIAN_POINT ( 'NONE',  ( -43.99999999999998579, 88.61736382251127964, -3.900000000000000799 ) ) ;
#11090 = VERTEX_POINT ( 'NONE', #8119 ) ;
#11091 = CIRCLE ( 'NONE', #7540, 1.600000000000000089 ) ;
#11092 = ORIENTED_EDGE ( 'NONE', *, *, #5460, .F. ) ;
#11093 = CARTESIAN_POINT ( 'NONE',  ( -28.77809044707268171, 9.017821736325839055, 21.00000000000000000 ) ) ;
#11094 = DIRECTION ( 'NONE',  ( -0.000000000000000000, -0.000000000000000000, -1.000000000000000000 ) ) ;
#11095 = CARTESIAN_POINT ( 'NONE',  ( -27.59999999999998721, 17.83199373143543198, 13.99999999999999822 ) ) ;
#11096 = EDGE_CURVE ( 'NONE', #7996, #1237, #8992, .T. ) ;
#11097 = CARTESIAN_POINT ( 'NONE',  ( -24.96396103067888106, 11.26702257397983331, 7.500000000000000000 ) ) ;
#11098 = FACE_OUTER_BOUND ( 'NONE', #8314, .T. ) ;
#11099 = ORIENTED_EDGE ( 'NONE', *, *, #8959, .F. ) ;
#11100 = DIRECTION ( 'NONE',  ( -0.5112319991106356598, 0.7071067811865507924, -0.4885098188218313098 ) ) ;
#11101 = CONICAL_SURFACE ( 'NONE', #7544, 24.00000000000006040, 0.7853981633974257415 ) ;
#11102 = EDGE_LOOP ( 'NONE', ( #7701, #7020, #4131, #9161, #9106, #617, #3133, #7394, #2347, #3782, #6232, #6153, #10203, #5790, #6295, #4037, #8118, #7377, #9796, #6242, #4352, #8179, #4590, #1909, #11346 ) ) ;
#11103 = DIRECTION ( 'NONE',  ( 0.4383711467890782920, 0.8987940462991665935, -0.000000000000000000 ) ) ;
#11104 = LINE ( 'NONE', #3107, #9540 ) ;
#11105 = VECTOR ( 'NONE', #2880, 1000.000000000000000 ) ;
#11107 = DIRECTION ( 'NONE',  ( 0.000000000000000000, 1.000000000000000000, -0.000000000000000000 ) ) ;
#11106 = DIRECTION ( 'NONE',  ( 0.000000000000000000, 0.000000000000000000, 1.000000000000000000 ) ) ;
#11108 = AXIS2_PLACEMENT_3D ( 'NONE', #4655, #183, #7276 ) ;
#11109 = EDGE_CURVE ( 'NONE', #11414, #4060, #7654, .T. ) ;
#11110 = DIRECTION ( 'NONE',  ( -8.260587980841938780E-17, 1.000000000000000000, 0.000000000000000000 ) ) ;
#11111 = AXIS2_PLACEMENT_3D ( 'NONE', #10798, #2843, #2907 ) ;
#11112 = ORIENTED_EDGE ( 'NONE', *, *, #8431, .F. ) ;
#11113 = FACE_OUTER_BOUND ( 'NONE', #3604, .T. ) ;
#11114 = LINE ( 'NONE', #3112, #2197 ) ;
#11115 = VECTOR ( 'NONE', #4258, 1000.000000000000000 ) ;
#11116 = ORIENTED_EDGE ( 'NONE', *, *, #5628, .T. ) ;
#11117 = B_SPLINE_CURVE_WITH_KNOTS ( 'NONE', 3,
 ( #9778, #9885, #8823, #10638 ),
 .UNSPECIFIED., .F., .F.,
 ( 4, 4 ),
 ( 0.02063085615165784897, 0.02068095664079456358 ),
 .UNSPECIFIED. ) ;
#11118 = ORIENTED_EDGE ( 'NONE', *, *, #4711, .F. ) ;
#11119 = ORIENTED_EDGE ( 'NONE', *, *, #476, .T. ) ;
#11120 = VECTOR ( 'NONE', #1256, 1000.000000000000114 ) ;
#11121 = ORIENTED_EDGE ( 'NONE', *, *, #6858, .F. ) ;
#11122 = DIRECTION ( 'NONE',  ( 1.000000000000000000, 0.000000000000000000, 0.000000000000000000 ) ) ;
#11123 = CARTESIAN_POINT ( 'NONE',  ( -20.99999999999998934, 24.74570223042017503, 12.00000000000000178 ) ) ;
#11124 = EDGE_CURVE ( 'NONE', #8852, #7443, #5622, .T. ) ;
#11125 = ORIENTED_EDGE ( 'NONE', *, *, #4808, .T. ) ;
#11126 = DIRECTION ( 'NONE',  ( 1.000000000000000000, 0.000000000000000000, -0.000000000000000000 ) ) ;
#11127 = CARTESIAN_POINT ( 'NONE',  ( -20.99999999999998934, 20.50306154330089470, 14.00000000000000178 ) ) ;
#11128 = DIRECTION ( 'NONE',  ( 0.000000000000000000, 1.000000000000000000, -1.927470528863117569E-16 ) ) ;
#11129 = LINE ( 'NONE', #6734, #11442 ) ;
#11130 = CARTESIAN_POINT ( 'NONE',  ( -22.60000000000001208, 36.03199373143542061, 5.500000000000005329 ) ) ;
#11131 = DIRECTION ( 'NONE',  ( 0.8681683818352190496, -0.4234340121835277193, -0.2588190451025140781 ) ) ;
#11132 = AXIS2_PLACEMENT_3D ( 'NONE', #65, #2730, #3613 ) ;
#11133 = ORIENTED_EDGE ( 'NONE', *, *, #7008, .T. ) ;
#11134 = ORIENTED_EDGE ( 'NONE', *, *, #10067, .T. ) ;
#11135 = VECTOR ( 'NONE', #8334, 1000.000000000000000 ) ;
#11136 = DIRECTION ( 'NONE',  ( -1.000000000000000000, 0.000000000000000000, 0.000000000000000000 ) ) ;
#11137 = ORIENTED_EDGE ( 'NONE', *, *, #11203, .F. ) ;
#11138 = CARTESIAN_POINT ( 'NONE',  ( -46.00000000000000000, 100.9999999999999858, 17.00000000000001421 ) ) ;
#11139 = VECTOR ( 'NONE', #9500, 999.9999999999998863 ) ;
#11140 = DIRECTION ( 'NONE',  ( 0.000000000000000000, 0.000000000000000000, -1.000000000000000000 ) ) ;
#11141 = EDGE_CURVE ( 'NONE', #6739, #6227, #9883, .T. ) ;
#11142 = EDGE_CURVE ( 'NONE', #7274, #11090, #3637, .T. ) ;
#11143 = CARTESIAN_POINT ( 'NONE',  ( -35.99999999999999289, 51.31596721165376351, 3.899999999999997247 ) ) ;
#11144 = CARTESIAN_POINT ( 'NONE',  ( -36.00000000000000000, 22.99999999999999289, -3.900000000000004352 ) ) ;
#11145 = AXIS2_PLACEMENT_3D ( 'NONE', #9791, #11416, #1740 ) ;
#11146 = DIRECTION ( 'NONE',  ( 0.000000000000000000, -1.000000000000000000, 0.000000000000000000 ) ) ;
#11147 = EDGE_CURVE ( 'NONE', #7731, #7507, #4904, .T. ) ;
#11148 = CARTESIAN_POINT ( 'NONE',  ( -27.60000000000004050, 50.30306154330085633, -47.00000000000000000 ) ) ;
#11149 = DIRECTION ( 'NONE',  ( -1.000000000000000000, 0.000000000000000000, 0.000000000000000000 ) ) ;
#11150 = ORIENTED_EDGE ( 'NONE', *, *, #7516, .T. ) ;
#11151 = EDGE_CURVE ( 'NONE', #3675, #2822, #6382, .T. ) ;
#11152 = AXIS2_PLACEMENT_3D ( 'NONE', #8830, #1666, #5230 ) ;
#11153 = ORIENTED_EDGE ( 'NONE', *, *, #5240, .T. ) ;
#11154 = LINE ( 'NONE', #4845, #6379 ) ;
#11155 = DIRECTION ( 'NONE',  ( 0.000000000000000000, 0.000000000000000000, 1.000000000000000000 ) ) ;
#11156 = CARTESIAN_POINT ( 'NONE',  ( -24.00000000000000000, 28.50306154330090536, -47.00000000000000000 ) ) ;
#11157 = EDGE_CURVE ( 'NONE', #116, #2404, #10120, .T. ) ;
#11158 = CARTESIAN_POINT ( 'NONE',  ( 14.45667892575365521, -3.500000000000000000, 24.50000000000000000 ) ) ;
#11159 = CARTESIAN_POINT ( 'NONE',  ( -36.00000000000000000, 51.31596721165375641, -15.59999999999999432 ) ) ;
#11160 = CARTESIAN_POINT ( 'NONE',  ( -27.59999999999998721, 17.63098360465878756, -13.99999999999999822 ) ) ;
#11161 = CARTESIAN_POINT ( 'NONE',  ( -21.71393835577975651, 8.016999899080733627, -21.00000000000000000 ) ) ;
#11162 = VECTOR ( 'NONE', #10047, 1000.000000000000114 ) ;
#11163 = ORIENTED_EDGE ( 'NONE', *, *, #961, .T. ) ;
#11164 = EDGE_CURVE ( 'NONE', #9485, #7996, #4908, .T. ) ;
#11165 = CARTESIAN_POINT ( 'NONE',  ( 19.99999999999996803, 8.000000000000000000, -16.21920158330858541 ) ) ;
#11166 = CARTESIAN_POINT ( 'NONE',  ( -16.34400169834174221, -3.499999999999989342, 24.50000000000000000 ) ) ;
#11167 = ORIENTED_EDGE ( 'NONE', *, *, #8941, .T. ) ;
#11169 = CARTESIAN_POINT ( 'NONE',  ( -23.99999999999998934, 100.9999999999999858, 3.743037625879104828E-15 ) ) ;
#11168 = LINE ( 'NONE', #9356, #11262 ) ;
#11170 = ORIENTED_EDGE ( 'NONE', *, *, #7933, .T. ) ;
#11171 = LINE ( 'NONE', #5925, #3467 ) ;
#11172 = VECTOR ( 'NONE', #4699, 1000.000000000000114 ) ;
#11173 = LINE ( 'NONE', #4110, #7380 ) ;
#11174 = VERTEX_POINT ( 'NONE', #4029 ) ;
#11175 = DIRECTION ( 'NONE',  ( 0.000000000000000000, 0.000000000000000000, 1.000000000000000000 ) ) ;
#11176 = EDGE_CURVE ( 'NONE', #10978, #801, #8065, .T. ) ;
#11177 = ORIENTED_EDGE ( 'NONE', *, *, #7980, .T. ) ;
#11178 = ORIENTED_EDGE ( 'NONE', *, *, #1163, .T. ) ;
#11179 = CARTESIAN_POINT ( 'NONE',  ( -19.67967428117675510, -0.05385111775994839284, 21.62440106838288401 ) ) ;
#11180 = CARTESIAN_POINT ( 'NONE',  ( -24.34614981153245594, 84.83684747431748008, 18.50151465547090623 ) ) ;
#11181 = VERTEX_POINT ( 'NONE', #1240 ) ;
#11182 = PLANE ( 'NONE',  #9499 ) ;
#11183 = DIRECTION ( 'NONE',  ( -1.000000000000000000, 0.000000000000000000, 0.000000000000000000 ) ) ;
#11184 = DIRECTION ( 'NONE',  ( -1.000000000000000000, 0.000000000000000000, 0.000000000000000000 ) ) ;
#11185 = VECTOR ( 'NONE', #355, 1000.000000000000114 ) ;
#11186 = ORIENTED_EDGE ( 'NONE', *, *, #5986, .F. ) ;
#11187 = DIRECTION ( 'NONE',  ( 4.319837007227158624E-17, 1.000000000000000000, -0.000000000000000000 ) ) ;
#11188 = LINE ( 'NONE', #10142, #2374 ) ;
#11189 = ORIENTED_EDGE ( 'NONE', *, *, #8812, .F. ) ;
#11190 = EDGE_CURVE ( 'NONE', #3276, #6, #4149, .T. ) ;
#11191 = ORIENTED_EDGE ( 'NONE', *, *, #3088, .T. ) ;
#11192 = VERTEX_POINT ( 'NONE', #3095 ) ;
#11193 = ORIENTED_EDGE ( 'NONE', *, *, #4722, .T. ) ;
#11194 = CARTESIAN_POINT ( 'NONE',  ( -27.09083954634443359, 64.04131992144891683, -13.99999999999999645 ) ) ;
#11195 = CARTESIAN_POINT ( 'NONE',  ( -23.99999999999998224, 81.65359348504064485, 8.824388287343257531 ) ) ;
#11196 = DIRECTION ( 'NONE',  ( -1.000000000000000000, 0.000000000000000000, 0.000000000000000000 ) ) ;
#11197 = B_SPLINE_CURVE_WITH_KNOTS ( 'NONE', 3,
 ( #11376, #6171, #4314, #6231 ),
 .UNSPECIFIED., .F., .F.,
 ( 4, 4 ),
 ( 0.000000000000000000, 0.002626471643539443970 ),
 .UNSPECIFIED. ) ;
#11198 = DIRECTION ( 'NONE',  ( -0.7071067811865475727, 0.7071067811865475727, 0.000000000000000000 ) ) ;
#11199 = CARTESIAN_POINT ( 'NONE',  ( -21.03424050369336840, 9.600043746791298460, -21.00000000000000000 ) ) ;
#11200 = FACE_OUTER_BOUND ( 'NONE', #11328, .T. ) ;
#11201 = DIRECTION ( 'NONE',  ( 0.000000000000000000, 0.000000000000000000, -1.000000000000000000 ) ) ;
#11202 = CARTESIAN_POINT ( 'NONE',  ( -20.99999999999998934, 22.99999999999999289, 15.60000000000000675 ) ) ;
#11203 = EDGE_CURVE ( 'NONE', #9679, #194, #5730, .T. ) ;
#11204 = B_SPLINE_CURVE_WITH_KNOTS ( 'NONE', 3,
 ( #3930, #4862, #11051, #4985 ),
 .UNSPECIFIED., .F., .F.,
 ( 4, 4 ),
 ( 0.000000000000000000, 0.005816627929087853956 ),
 .UNSPECIFIED. ) ;
#11205 = ADVANCED_FACE ( 'NONE', ( #601 ), #5027, .F. ) ;
#11206 = EDGE_CURVE ( 'NONE', #4430, #7502, #9182, .T. ) ;
#11207 = ORIENTED_EDGE ( 'NONE', *, *, #2931, .T. ) ;
#11208 = VERTEX_POINT ( 'NONE', #3156 ) ;
#11209 = CARTESIAN_POINT ( 'NONE',  ( -24.00000000000006040, 59.90306154330085064, 5.500000000000005329 ) ) ;
#11210 = CARTESIAN_POINT ( 'NONE',  ( -43.99999999999998579, 88.61736382251127964, -9.099999999999997868 ) ) ;
#11211 = CARTESIAN_POINT ( 'NONE',  ( -23.99999999999998934, 88.19122569133402578, 10.40121630914669026 ) ) ;
#11212 = CARTESIAN_POINT ( 'NONE',  ( -18.07264532748038022, -0.9434293213781599352, 25.92360206630776887 ) ) ;
#11213 = LINE ( 'NONE', #10229, #1355 ) ;
#11214 = EDGE_LOOP ( 'NONE', ( #351, #6329, #6089, #4276 ) ) ;
#11215 = EDGE_CURVE ( 'NONE', #10448, #2351, #2166, .T. ) ;
#11216 = DIRECTION ( 'NONE',  ( -1.652117596168388002E-16, 0.000000000000000000, -1.000000000000000000 ) ) ;
#11217 = CARTESIAN_POINT ( 'NONE',  ( -30.02871870788960607, 22.99999999999999289, 5.500000000000002665 ) ) ;
#11218 = ORIENTED_EDGE ( 'NONE', *, *, #6345, .F. ) ;
#11219 = AXIS2_PLACEMENT_3D ( 'NONE', #7772, #8644, #1776 ) ;
#11220 = EDGE_CURVE ( 'NONE', #721, #1773, #8519, .T. ) ;
#11221 = CARTESIAN_POINT ( 'NONE',  ( -23.99999999999997868, 70.37848011702416784, 1.000000000000001776 ) ) ;
#11222 = DIRECTION ( 'NONE',  ( 0.000000000000000000, 1.000000000000000000, 0.000000000000000000 ) ) ;
#11223 = VERTEX_POINT ( 'NONE', #3969 ) ;
#11225 = CARTESIAN_POINT ( 'NONE',  ( -13.13784916992704055, -5.000000000000002665, 21.00000000000000000 ) ) ;
#11224 = CARTESIAN_POINT ( 'NONE',  ( 16.61226542257314165, -0.6787430296111579553, 23.08481069982772382 ) ) ;
#11226 = DIRECTION ( 'NONE',  ( -0.7071067811865474617, -0.7071067811865474617, 0.000000000000000000 ) ) ;
#11227 = VERTEX_POINT ( 'NONE', #2215 ) ;
#11228 = VECTOR ( 'NONE', #5742, 1000.000000000000000 ) ;
#11229 = LINE ( 'NONE', #5810, #350 ) ;
#11230 = AXIS2_PLACEMENT_3D ( 'NONE', #10748, #10045, #8933 ) ;
#11231 = VERTEX_POINT ( 'NONE', #7521 ) ;
#11232 = DIRECTION ( 'NONE',  ( -0.9659258262890703106, 0.000000000000000000, -0.2588190451025129679 ) ) ;
#11233 = ORIENTED_EDGE ( 'NONE', *, *, #5949, .F. ) ;
#11234 = CARTESIAN_POINT ( 'NONE',  ( -18.47397522738103248, -0.5738497222531269149, 22.94013698049288408 ) ) ;
#11235 = DIRECTION ( 'NONE',  ( -1.000000000000000000, 0.000000000000000000, 1.652117596168388002E-16 ) ) ;
#11236 = EDGE_LOOP ( 'NONE', ( #11374, #9166, #10859, #5866 ) ) ;
#11237 = EDGE_CURVE ( 'NONE', #8686, #1536, #7887, .T. ) ;
#11238 = CARTESIAN_POINT ( 'NONE',  ( -27.60000000000001563, 38.10306154330088191, -47.00000000000000000 ) ) ;
#11239 = AXIS2_PLACEMENT_3D ( 'NONE', #7319, #10897, #4433 ) ;
#11240 = FACE_OUTER_BOUND ( 'NONE', #4358, .T. ) ;
#11241 = EDGE_CURVE ( 'NONE', #5310, #8730, #11154, .T. ) ;
#11242 = EDGE_CURVE ( 'NONE', #1115, #1205, #1412, .T. ) ;
#11243 = CARTESIAN_POINT ( 'NONE',  ( -27.60000000000001208, 36.03199373143541351, 1.000000000000000888 ) ) ;
#11244 = VECTOR ( 'NONE', #5651, 1000.000000000000000 ) ;
#11245 = ORIENTED_EDGE ( 'NONE', *, *, #753, .T. ) ;
#11246 = CARTESIAN_POINT ( 'NONE',  ( -20.99999999999999645, 22.99999999999999289, -21.00000000000000000 ) ) ;
#11247 = CARTESIAN_POINT ( 'NONE',  ( -27.28801689105791084, 0.8008343000600768313, 20.13298114405953143 ) ) ;
#11248 = B_SPLINE_CURVE_WITH_KNOTS ( 'NONE', 3,
 ( #8436, #8380, #336, #394 ),
 .UNSPECIFIED., .F., .F.,
 ( 4, 4 ),
 ( 0.009347173940530570380, 0.01157956726765201755 ),
 .UNSPECIFIED. ) ;
#11249 = CARTESIAN_POINT ( 'NONE',  ( -20.65716699989025784, 77.23230345890713977, -7.499999999999999112 ) ) ;
#11250 = PLANE ( 'NONE',  #3585 ) ;
#11251 = DIRECTION ( 'NONE',  ( 1.000000000000000000, 0.000000000000000000, 0.000000000000000000 ) ) ;
#11252 = ORIENTED_EDGE ( 'NONE', *, *, #200, .F. ) ;
#11253 = ORIENTED_EDGE ( 'NONE', *, *, #6922, .F. ) ;
#11254 = AXIS2_PLACEMENT_3D ( 'NONE', #9293, #5853, #2279 ) ;
#11255 = AXIS2_PLACEMENT_3D ( 'NONE', #6369, #10121, #9896 ) ;
#11256 = CIRCLE ( 'NONE', #1374, 9.999999999999998224 ) ;
#11257 = PLANE ( 'NONE',  #6440 ) ;
#11258 = ADVANCED_FACE ( 'NONE', ( #9344 ), #8460, .F. ) ;
#11259 = CARTESIAN_POINT ( 'NONE',  ( -21.03832892204481908, 8.000048970288766270, -10.40000000000000036 ) ) ;
#11260 = CARTESIAN_POINT ( 'NONE',  ( -35.99999999999999289, 122.0000000000000000, 19.99999999999982947 ) ) ;
#11261 = CARTESIAN_POINT ( 'NONE',  ( 13.26992757980552895, -37.00000000000000000, 24.50000000000000000 ) ) ;
#11262 = VECTOR ( 'NONE', #3169, 1000.000000000000114 ) ;
#11263 = CARTESIAN_POINT ( 'NONE',  ( -23.99999999999998934, 83.99999999999998579, -15.59999999999998899 ) ) ;
#11264 = ORIENTED_EDGE ( 'NONE', *, *, #11077, .F. ) ;
#11265 = VERTEX_POINT ( 'NONE', #11209 ) ;
#11266 = ORIENTED_EDGE ( 'NONE', *, *, #8140, .T. ) ;
#11267 = CARTESIAN_POINT ( 'NONE',  ( -45.00000000000005684, 8.000000000000000000, 21.00000000000000000 ) ) ;
#11268 = LINE ( 'NONE', #3272, #11427 ) ;
#11269 = DIRECTION ( 'NONE',  ( -1.355252715606883008E-16, -0.000000000000000000, -1.000000000000000000 ) ) ;
#11270 = VECTOR ( 'NONE', #1618, 1000.000000000000000 ) ;
#11271 = CARTESIAN_POINT ( 'NONE',  ( -18.54150667277057707, -0.5386606371954026917, 25.74570864520179114 ) ) ;
#11272 = DIRECTION ( 'NONE',  ( -0.000000000000000000, -0.000000000000000000, -1.000000000000000000 ) ) ;
#11273 = ORIENTED_EDGE ( 'NONE', *, *, #9497, .F. ) ;
#11274 = ORIENTED_EDGE ( 'NONE', *, *, #5333, .F. ) ;
#11275 = CARTESIAN_POINT ( 'NONE',  ( -20.99999999999998934, 20.50306154330089470, 12.00000000000000178 ) ) ;
#11276 = EDGE_CURVE ( 'NONE', #2223, #3992, #10680, .T. ) ;
#11277 = CARTESIAN_POINT ( 'NONE',  ( -19.92394971437725815, -0.01859094669700910377, 24.40894842032482615 ) ) ;
#11278 = ORIENTED_EDGE ( 'NONE', *, *, #8654, .T. ) ;
#11279 = AXIS2_PLACEMENT_3D ( 'NONE', #1430, #4109, #3227 ) ;
#11280 = EDGE_CURVE ( 'NONE', #8542, #2160, #7130, .T. ) ;
#11281 = DIRECTION ( 'NONE',  ( 1.000000000000000000, 0.000000000000000000, 0.000000000000000000 ) ) ;
#11282 = FACE_OUTER_BOUND ( 'NONE', #610, .T. ) ;
#11283 = EDGE_LOOP ( 'NONE', ( #4957, #2291, #8438, #1181 ) ) ;
#11285 = DIRECTION ( 'NONE',  ( 0.5000000000000002220, 0.8660254037844384856, 0.000000000000000000 ) ) ;
#11284 = LINE ( 'NONE', #3288, #9782 ) ;
#11286 = ORIENTED_EDGE ( 'NONE', *, *, #8663, .T. ) ;
#11287 = PRESENTATION_STYLE_ASSIGNMENT (( #2580 ) ) ;
#11288 = LINE ( 'NONE', #3291, #6827 ) ;
#11289 = ORIENTED_EDGE ( 'NONE', *, *, #2185, .F. ) ;
#11290 = CARTESIAN_POINT ( 'NONE',  ( -20.65716699989023297, 77.23230345890712556, 5.500000000000002665 ) ) ;
#11291 = AXIS2_PLACEMENT_3D ( 'NONE', #2021, #3832, #7379 ) ;
#11292 = EDGE_CURVE ( 'NONE', #9130, #1346, #7761, .T. ) ;
#11293 = ADVANCED_FACE ( 'NONE', ( #5963 ), #3510, .T. ) ;
#11294 = CARTESIAN_POINT ( 'NONE',  ( -35.99999999999999289, 122.0000000000000000, 3.899999999999997247 ) ) ;
#11295 = EDGE_CURVE ( 'NONE', #4941, #7742, #6022, .T. ) ;
#11296 = AXIS2_PLACEMENT_3D ( 'NONE', #3414, #7025, #9616 ) ;
#11297 = ORIENTED_EDGE ( 'NONE', *, *, #11077, .T. ) ;
#11298 = FACE_OUTER_BOUND ( 'NONE', #9841, .T. ) ;
#11299 = ORIENTED_EDGE ( 'NONE', *, *, #1896, .T. ) ;
#11300 = VERTEX_POINT ( 'NONE', #1523 ) ;
#11301 = CARTESIAN_POINT ( 'NONE',  ( -27.51294049513745321, 16.27707458326385392, -7.586432267884078762 ) ) ;
#11302 = CARTESIAN_POINT ( 'NONE',  ( -24.85555737040364477, 82.63782865990553717, 18.51026719777176410 ) ) ;
#11303 = VECTOR ( 'NONE', #10901, 1000.000000000000000 ) ;
#11304 = VERTEX_POINT ( 'NONE', #2625 ) ;
#11305 = DIRECTION ( 'NONE',  ( 0.8987940462991665935, -0.4383711467890782920, 0.000000000000000000 ) ) ;
#11306 = CYLINDRICAL_SURFACE ( 'NONE', #5323, 2.999999999999999112 ) ;
#11307 = FACE_OUTER_BOUND ( 'NONE', #9185, .T. ) ;
#11308 = EDGE_LOOP ( 'NONE', ( #10736, #1553, #1470, #10258 ) ) ;
#11309 = DIRECTION ( 'NONE',  ( -1.000000000000000000, 0.000000000000000000, 0.000000000000000000 ) ) ;
#11310 = CARTESIAN_POINT ( 'NONE',  ( -24.69957305179786999, 1.226237130937872788, 21.86804337707146573 ) ) ;
#11311 = CARTESIAN_POINT ( 'NONE',  ( -23.99999999999998579, 70.37848011702401152, 12.00000000000000178 ) ) ;
#11312 = DIRECTION ( 'NONE',  ( -0.000000000000000000, -1.000000000000000000, -0.000000000000000000 ) ) ;
#11313 = CARTESIAN_POINT ( 'NONE',  ( -21.74732162115795120, 8.163926359816644052, -3.938970554319003003 ) ) ;
#11314 = AXIS2_PLACEMENT_3D ( 'NONE', #3680, #8107, #5383 ) ;
#11315 = VERTEX_POINT ( 'NONE', #5085 ) ;
#11316 = VERTEX_POINT ( 'NONE', #9648 ) ;
#11317 = EDGE_CURVE ( 'NONE', #9472, #11231, #7997, .T. ) ;
#11318 = AXIS2_PLACEMENT_3D ( 'NONE', #3876, #10074, #3986 ) ;
#11319 = ORIENTED_EDGE ( 'NONE', *, *, #7134, .F. ) ;
#11320 = CARTESIAN_POINT ( 'NONE',  ( -24.85268974900090200, 1.250158459890359230, 21.80123835245093389 ) ) ;
#11321 = PRODUCT_DEFINITION_FORMATION_WITH_SPECIFIED_SOURCE ( 'ä»', '', #1486, .NOT_KNOWN. ) ;
#11322 = CARTESIAN_POINT ( 'NONE',  ( -23.99999999999998579, 87.22774616617205368, -9.087080077594324123 ) ) ;
#11323 = DIRECTION ( 'NONE',  ( 0.000000000000000000, -1.000000000000000000, 0.000000000000000000 ) ) ;
#11324 = CARTESIAN_POINT ( 'NONE',  ( -35.99999999999998579, 52.00000000000007105, 21.00000000000017408 ) ) ;
#11325 = EDGE_CURVE ( 'NONE', #4878, #8800, #7878, .T. ) ;
#11326 = DIRECTION ( 'NONE',  ( -0.4383711467890782920, -0.8987940462991665935, 0.000000000000000000 ) ) ;
#11327 = CARTESIAN_POINT ( 'NONE',  ( -20.99999999999998934, 31.50306154330093023, 14.00000000000000178 ) ) ;
#11328 = EDGE_LOOP ( 'NONE', ( #7786, #2017, #2525, #9226 ) ) ;
#11329 = EDGE_CURVE ( 'NONE', #7242, #11465, #22, .T. ) ;
#11330 = AXIS2_PLACEMENT_3D ( 'NONE', #8599, #7670, #3183 ) ;
#11331 = VERTEX_POINT ( 'NONE', #3332 ) ;
#11332 = EDGE_LOOP ( 'NONE', ( #399, #8045, #8645, #4933 ) ) ;
#11333 = VECTOR ( 'NONE', #2683, 1000.000000000000000 ) ;
#11334 = DIRECTION ( 'NONE',  ( -1.000000000000000000, 0.000000000000000000, 0.000000000000000000 ) ) ;
#11335 = LINE ( 'NONE', #6876, #2648 ) ;
#11336 = CARTESIAN_POINT ( 'NONE',  ( -23.99999999999998934, 81.96392917305828973, 10.67431855784155381 ) ) ;
#11337 = CARTESIAN_POINT ( 'NONE',  ( -19.17490026446309415, -0.2017537892834785629, 25.30842371067514307 ) ) ;
#11338 = DIRECTION ( 'NONE',  ( -0.000000000000000000, -0.000000000000000000, -1.000000000000000000 ) ) ;
#11339 = CARTESIAN_POINT ( 'NONE',  ( -19.82194048443903611, -0.02377941070259722775, 24.54496120345996246 ) ) ;
#11340 = VERTEX_POINT ( 'NONE', #3447 ) ;
#11341 = DIRECTION ( 'NONE',  ( 0.7071067811865475727, 0.000000000000000000, -0.7071067811865475727 ) ) ;
#11342 = CIRCLE ( 'NONE', #4256, 4.242640687119387799 ) ;
#11343 = ORIENTED_EDGE ( 'NONE', *, *, #4722, .F. ) ;
#11344 = LINE ( 'NONE', #2225, #1021 ) ;
#11345 = LINE ( 'NONE', #677, #6183 ) ;
#11346 = ORIENTED_EDGE ( 'NONE', *, *, #5543, .F. ) ;
#11348 = DIRECTION ( 'NONE',  ( -1.000000000000000000, 0.000000000000000000, 0.000000000000000000 ) ) ;
#11347 = CARTESIAN_POINT ( 'NONE',  ( -27.42013171315743847, 15.76764722094119797, -1.169614584215746822 ) ) ;
#11349 = DIRECTION ( 'NONE',  ( 0.4383711467890782920, 0.8987940462991665935, 0.000000000000000000 ) ) ;
#11350 = VECTOR ( 'NONE', #4680, 1000.000000000000000 ) ;
#11351 = VERTEX_POINT ( 'NONE', #6875 ) ;
#11352 = CARTESIAN_POINT ( 'NONE',  ( -1.877406113062054502E-15, 8.000000000000000000, 13.00000000000000178 ) ) ;
#11353 = CIRCLE ( 'NONE', #3174, 4.242640687119387799 ) ;
#11354 = EDGE_CURVE ( 'NONE', #2160, #6944, #8750, .T. ) ;
#11355 = PLANE ( 'NONE',  #10554 ) ;
#11356 = EDGE_LOOP ( 'NONE', ( #11412, #7087, #6125, #6094 ) ) ;
#11357 = PLANE ( 'NONE',  #4408 ) ;
#11358 = FACE_OUTER_BOUND ( 'NONE', #7908, .T. ) ;
#11359 = ORIENTED_EDGE ( 'NONE', *, *, #7360, .F. ) ;
#11360 = CYLINDRICAL_SURFACE ( 'NONE', #6412, 15.00000000000000000 ) ;
#11361 = DIRECTION ( 'NONE',  ( 0.7071067811865425767, 0.000000000000000000, 0.7071067811865525687 ) ) ;
#11362 = DIRECTION ( 'NONE',  ( 0.8681683818352192716, -0.4234340121835284965, -0.2588190451025122463 ) ) ;
#11363 = DIRECTION ( 'NONE',  ( -1.875376730785739198E-16, 0.000000000000000000, -1.000000000000000000 ) ) ;
#11364 = CARTESIAN_POINT ( 'NONE',  ( -25.61852588753312432, 1.388655242521642741, 21.51190469834107688 ) ) ;
#11365 = VECTOR ( 'NONE', #3376, 1000.000000000000000 ) ;
#11366 = EDGE_CURVE ( 'NONE', #7948, #1381, #5267, .T. ) ;
#11367 = CARTESIAN_POINT ( 'NONE',  ( -23.99999999999998224, 80.80637315409779831, 2.224872775039612893 ) ) ;
#11368 = DIRECTION ( 'NONE',  ( 0.4383711467890782920, 0.8987940462991665935, 0.000000000000000000 ) ) ;
#11369 = VECTOR ( 'NONE', #138, 1000.000000000000000 ) ;
#11370 = CARTESIAN_POINT ( 'NONE',  ( -22.09190783115894874, 8.394969374459916978, -3.994967736180642603 ) ) ;
#11371 = ORIENTED_EDGE ( 'NONE', *, *, #9710, .T. ) ;
#11372 = VERTEX_POINT ( 'NONE', #4387 ) ;
#11373 = EDGE_CURVE ( 'NONE', #4060, #3391, #10374, .T. ) ;
#11374 = ORIENTED_EDGE ( 'NONE', *, *, #239, .T. ) ;
#11375 = CIRCLE ( 'NONE', #6688, 5.000000000000000888 ) ;
#11376 = CARTESIAN_POINT ( 'NONE',  ( -22.16561135359183510, 8.468672896892810442, -8.986925745955424816 ) ) ;
#11377 = CARTESIAN_POINT ( 'NONE',  ( -33.03137084989845107, 110.4999999999999858, 1.843629150101529612 ) ) ;
#11378 = CARTESIAN_POINT ( 'NONE',  ( -25.48231713561644085, 0.4044432009261273997, 20.56176020402106985 ) ) ;
#11379 = CARTESIAN_POINT ( 'NONE',  ( -23.99999999999998934, 77.13902729523027801, -11.20589805116764026 ) ) ;
#11380 = CARTESIAN_POINT ( 'NONE',  ( -0.9999999999999978906, 51.31596721165376351, -2.599999999999994760 ) ) ;
#11381 = DIRECTION ( 'NONE',  ( 0.2588190451025138561, -0.000000000000000000, -0.9659258262890701996 ) ) ;
#11382 = DIRECTION ( 'NONE',  ( 0.000000000000000000, 0.000000000000000000, -1.000000000000000000 ) ) ;
#11383 = ORIENTED_EDGE ( 'NONE', *, *, #9215, .T. ) ;
#11384 = ORIENTED_EDGE ( 'NONE', *, *, #9501, .T. ) ;
#11385 = CARTESIAN_POINT ( 'NONE',  ( 14.45667892575365521, -3.500000000000000000, 24.50000000000000000 ) ) ;
#11386 = VERTEX_POINT ( 'NONE', #7111 ) ;
#11387 = CARTESIAN_POINT ( 'NONE',  ( -26.02411907401664592, 79.84994088672972623, 3.900000000000000799 ) ) ;
#11388 = DIRECTION ( 'NONE',  ( -0.7071067811865474617, -0.7071067811865474617, -0.000000000000000000 ) ) ;
#11389 = CIRCLE ( 'NONE', #34, 1.600000000000002531 ) ;
#11390 = CARTESIAN_POINT ( 'NONE',  ( -18.59796555830963172, 0.4276661865258284401, 26.57046069978338210 ) ) ;
#11391 = CARTESIAN_POINT ( 'NONE',  ( -16.56488701147627651, 0.000000000000000000, 27.00000000000000355 ) ) ;
#11392 = ORIENTED_EDGE ( 'NONE', *, *, #29, .T. ) ;
#11393 = ADVANCED_FACE ( 'NONE', ( #9519 ), #782, .F. ) ;
#11394 = PLANE ( 'NONE',  #5402 ) ;
#11395 = ADVANCED_FACE ( 'NONE', ( #10449 ), #7951, .T. ) ;
#11396 = DIRECTION ( 'NONE',  ( 0.000000000000000000, 0.000000000000000000, 1.000000000000000000 ) ) ;
#11397 = CARTESIAN_POINT ( 'NONE',  ( 15.49999999999999822, 8.000000000000000000, 15.50000000000000178 ) ) ;
#11398 = ORIENTED_EDGE ( 'NONE', *, *, #7199, .T. ) ;
#11400 = DIRECTION ( 'NONE',  ( 1.712579034340941216E-16, -1.490489526492642681E-49, 1.000000000000000000 ) ) ;
#11399 = LINE ( 'NONE', #10637, #4557 ) ;
#11401 = CARTESIAN_POINT ( 'NONE',  ( -20.99999999999998934, 24.74570223042017503, -5.499999999999998224 ) ) ;
#11402 = CARTESIAN_POINT ( 'NONE',  ( -20.99999999999999645, 22.99999999999999289, -11.99999999999999645 ) ) ;
#11403 = LINE ( 'NONE', #3697, #706 ) ;
#11404 = ORIENTED_EDGE ( 'NONE', *, *, #3071, .T. ) ;
#11405 = ORIENTED_EDGE ( 'NONE', *, *, #4479, .T. ) ;
#11406 = DIRECTION ( 'NONE',  ( 0.000000000000000000, 0.000000000000000000, -1.000000000000000000 ) ) ;
#11407 = EDGE_CURVE ( 'NONE', #1457, #10147, #1585, .T. ) ;
#11408 = DIRECTION ( 'NONE',  ( -1.355252715606877091E-16, -0.000000000000000000, -1.000000000000000000 ) ) ;
#11409 = DIRECTION ( 'NONE',  ( 0.000000000000000000, -1.000000000000000000, 0.000000000000000000 ) ) ;
#11410 = CARTESIAN_POINT ( 'NONE',  ( -24.01180395047967409, 87.85118715993458238, -9.982388290151984478 ) ) ;
#11411 = VERTEX_POINT ( 'NONE', #11387 ) ;
#11412 = ORIENTED_EDGE ( 'NONE', *, *, #1772, .F. ) ;
#11413 = DIRECTION ( 'NONE',  ( -0.7071067811865525687, 1.362927481496321720E-16, 0.7071067811865424657 ) ) ;
#11414 = VERTEX_POINT ( 'NONE', #3384 ) ;
#11415 = DIRECTION ( 'NONE',  ( -0.000000000000000000, 1.000000000000000000, 0.000000000000000000 ) ) ;
#11416 = DIRECTION ( 'NONE',  ( -0.7071067811865451302, -0.7071067811865499042, 0.000000000000000000 ) ) ;
#11417 = ORIENTED_EDGE ( 'NONE', *, *, #7780, .T. ) ;
#11418 = DIRECTION ( 'NONE',  ( 0.000000000000000000, 0.000000000000000000, 1.000000000000000000 ) ) ;
#11419 = CARTESIAN_POINT ( 'NONE',  ( -27.14907309865520801, 14.77089705523738949, -14.33103867073746507 ) ) ;
#11420 = VECTOR ( 'NONE', #3920, 1000.000000000000000 ) ;
#11421 = ADVANCED_FACE ( 'NONE', ( #6076 ), #10743, .T. ) ;
#11422 = CARTESIAN_POINT ( 'NONE',  ( 7.817150830072960410, -4.999999999999998224, 24.50000000000000000 ) ) ;
#11423 = AXIS2_PLACEMENT_3D ( 'NONE', #6797, #5247, #4362 ) ;
#11424 = CARTESIAN_POINT ( 'NONE',  ( -21.03832892204481197, 8.000048970288766270, -3.900000000000004352 ) ) ;
#11425 = ADVANCED_FACE ( 'NONE', ( #10574 ), #9977, .T. ) ;
#11426 = EDGE_LOOP ( 'NONE', ( #2199, #1432, #5012, #1557 ) ) ;
#11427 = VECTOR ( 'NONE', #10391, 1000.000000000000114 ) ;
#11428 = ORIENTED_EDGE ( 'NONE', *, *, #7215, .T. ) ;
#11429 = EDGE_CURVE ( 'NONE', #3675, #5962, #4718, .T. ) ;
#11430 = ORIENTED_EDGE ( 'NONE', *, *, #3901, .T. ) ;
#11431 = AXIS2_PLACEMENT_3D ( 'NONE', #4442, #11450, #11334 ) ;
#11432 = CARTESIAN_POINT ( 'NONE',  ( -23.61130628079885341, 1.091459838120924397, 22.43780596208163303 ) ) ;
#11433 = VERTEX_POINT ( 'NONE', #1916 ) ;
#11434 = CARTESIAN_POINT ( 'NONE',  ( -28.73842709929851225, 1.224706338385154414, 20.00000727205077666 ) ) ;
#11435 = CARTESIAN_POINT ( 'NONE',  ( -0.9999999999999950040, 51.31596721165377062, 14.00000000000000178 ) ) ;
#11436 = CARTESIAN_POINT ( 'NONE',  ( -27.60000000000004405, 52.37412935516633894, -7.500000000000000000 ) ) ;
#11437 = EDGE_CURVE ( 'NONE', #5249, #4370, #6401, .T. ) ;
#11438 = EDGE_CURVE ( 'NONE', #8758, #9238, #886, .T. ) ;
#11439 = PLANE ( 'NONE',  #56 ) ;
#11440 = PLANE ( 'NONE',  #3666 ) ;
#11441 = EDGE_CURVE ( 'NONE', #9409, #7821, #8048, .T. ) ;
#11442 = VECTOR ( 'NONE', #282, 1000.000000000000000 ) ;
#11443 = VERTEX_POINT ( 'NONE', #9038 ) ;
#11444 = AXIS2_PLACEMENT_3D ( 'NONE', #2784, #4376, #2729 ) ;
#11445 = ORIENTED_EDGE ( 'NONE', *, *, #8480, .F. ) ;
#11446 = AXIS2_PLACEMENT_3D ( 'NONE', #3681, #7222, #10799 ) ;
#11447 = LINE ( 'NONE', #7820, #9629 ) ;
#11448 = EDGE_LOOP ( 'NONE', ( #249, #6642, #1795, #2777 ) ) ;
#11449 = VERTEX_POINT ( 'NONE', #8277 ) ;
#11450 = DIRECTION ( 'NONE',  ( -0.000000000000000000, -0.000000000000000000, -1.000000000000000000 ) ) ;
#11451 = CARTESIAN_POINT ( 'NONE',  ( -27.60000000000005116, 56.30306154330085633, 14.00000000000000178 ) ) ;
#11452 = ORIENTED_EDGE ( 'NONE', *, *, #9009, .F. ) ;
#11453 = CIRCLE ( 'NONE', #6393, 16.00000000000002842 ) ;
#11454 = DIRECTION ( 'NONE',  ( -0.000000000000000000, -1.000000000000000000, -0.000000000000000000 ) ) ;
#11455 = AXIS2_PLACEMENT_3D ( 'NONE', #2936, #2812, #6491 ) ;
#11456 = CARTESIAN_POINT ( 'NONE',  ( -19.53477875771217853, -0.08733571784523176673, 24.92783928014544870 ) ) ;
#11457 = CARTESIAN_POINT ( 'NONE',  ( -30.02871870788963804, 22.99999999999999289, -0.9999999999999983347 ) ) ;
#11458 = ORIENTED_EDGE ( 'NONE', *, *, #3371, .T. ) ;
#11459 = AXIS2_PLACEMENT_3D ( 'NONE', #10871, #320, #2875 ) ;
#11460 = CARTESIAN_POINT ( 'NONE',  ( -27.51294097767124214, 16.27707977365663439, 1.086431406485167894 ) ) ;
#11461 = EDGE_LOOP ( 'NONE', ( #2639, #4318 ) ) ;
#11462 = FACE_OUTER_BOUND ( 'NONE', #2717, .T. ) ;
#11463 = VECTOR ( 'NONE', #11361, 1000.000000000000000 ) ;
#11464 = CARTESIAN_POINT ( 'NONE',  ( -26.02411907401664237, 79.84994088672972623, -18.56828593791803428 ) ) ;
#11465 = VERTEX_POINT ( 'NONE', #2037 ) ;
#11466 = CARTESIAN_POINT ( 'NONE',  ( -10.18507242019446402, -3.500000000000000000, 21.00000000000000000 ) ) ;
#11467 = CARTESIAN_POINT ( 'NONE',  ( -24.78373201903099954, 8.484123683609968936, 20.65451293067683380 ) ) ;
#11468 = LINE ( 'NONE', #3463, #1784 ) ;
#11469 = DIRECTION ( 'NONE',  ( 1.652117596168388002E-16, 3.387343054164790142E-16, 1.000000000000000000 ) ) ;
#11470 = AXIS2_PLACEMENT_3D ( 'NONE', #5298, #868, #10716 ) ;
#11471 = DIRECTION ( 'NONE',  ( -1.000000000000000000, 0.000000000000000000, 0.000000000000000000 ) ) ;
#11472 = VECTOR ( 'NONE', #1473, 1000.000000000000000 ) ;
#11473 = LINE ( 'NONE', #3474, #1189 ) ;
#11474 = EDGE_CURVE ( 'NONE', #8730, #7217, #1004, .T. ) ;
#11475 = DIRECTION ( 'NONE',  ( 0.000000000000000000, 0.000000000000000000, 1.000000000000000000 ) ) ;
#11476 = ORIENTED_EDGE ( 'NONE', *, *, #8665, .T. ) ;
#11477 = CARTESIAN_POINT ( 'NONE',  ( -23.99999999999998224, 88.61736382251127964, 18.50000000000003197 ) ) ;
#11478 = DIRECTION ( 'NONE',  ( 0.000000000000000000, 0.000000000000000000, -1.000000000000000000 ) ) ;
#11479 = ORIENTED_EDGE ( 'NONE', *, *, #1364, .T. ) ;
#11480 = CARTESIAN_POINT ( 'NONE',  ( -7.508684045328186230, -1.750000000000003109, 24.03108891324553653 ) ) ;
#11481 = CARTESIAN_POINT ( 'NONE',  ( -21.00000000000000000, 0.9999999999999421574, -21.00000000000000000 ) ) ;
#11482 = VERTEX_POINT ( 'NONE', #10683 ) ;
#11483 = CARTESIAN_POINT ( 'NONE',  ( 20.99999999999999645, 8.000000000000000000, 16.56992757980552966 ) ) ;
#11484 = CARTESIAN_POINT ( 'NONE',  ( -26.56430866323589868, 0.6263933356832359634, 20.27171682549189313 ) ) ;
#11485 = PLANE ( 'NONE',  #10484 ) ;
#11486 = VERTEX_POINT ( 'NONE', #1060 ) ;
#11487 = CIRCLE ( 'NONE', #2342, 5.000000000000000888 ) ;
#11488 = ORIENTED_EDGE ( 'NONE', *, *, #6923, .F. ) ;
#11489 = EDGE_LOOP ( 'NONE', ( #10894, #10257, #4945, #3409 ) ) ;
#11490 = AXIS2_PLACEMENT_3D ( 'NONE', #11086, #2259, #9276 ) ;
#11491 = ORIENTED_EDGE ( 'NONE', *, *, #10499, .F. ) ;
#11492 = CARTESIAN_POINT ( 'NONE',  ( -26.72092183810519472, 1.641606224098928868, 21.21256056445290739 ) ) ;
#11493 = AXIS2_PLACEMENT_3D ( 'NONE', #4468, #9843, #5518 ) ;
#11494 = VERTEX_POINT ( 'NONE', #7221 ) ;
#11495 = AXIS2_PLACEMENT_3D ( 'NONE', #10380, #2380, #7570 ) ;
#11496 = CARTESIAN_POINT ( 'NONE',  ( -23.09273967014414097, 0.08572364754099688622, 21.62714309037194127 ) ) ;
#11497 = CARTESIAN_POINT ( 'NONE',  ( -46.00000000000000000, 25.00000000000000000, 20.00000000000001776 ) ) ;
#11498 = CARTESIAN_POINT ( 'NONE',  ( 17.56992757980552611, 0.000000000000000000, 21.00000000000000000 ) ) ;
#11499 = CARTESIAN_POINT ( 'NONE',  ( -22.16561135359183510, 8.468672896892815771, 8.986925745955431921 ) ) ;
#11500 = ORIENTED_EDGE ( 'NONE', *, *, #2849, .T. ) ;
#11501 = AXIS2_PLACEMENT_3D ( 'NONE', #2524, #2409, #3228 ) ;
#11502 = ORIENTED_EDGE ( 'NONE', *, *, #8280, .F. ) ;
#11503 = ORIENTED_EDGE ( 'NONE', *, *, #4086, .T. ) ;
#11504 = ADVANCED_FACE ( 'NONE', ( #7331 ), #317, .F. ) ;
#11505 = VECTOR ( 'NONE', #126, 1000.000000000000000 ) ;
#11506 = DIRECTION ( 'NONE',  ( -0.000000000000000000, -0.000000000000000000, 1.000000000000000000 ) ) ;
#11507 = CARTESIAN_POINT ( 'NONE',  ( -20.99999999999998224, 49.70306154330096859, 5.500000000000002665 ) ) ;
#11508 = ORIENTED_EDGE ( 'NONE', *, *, #9068, .F. ) ;
#11509 = CARTESIAN_POINT ( 'NONE',  ( -12.27182376614259951, -3.500000000000000444, 24.50000000000000000 ) ) ;
#11510 = DIRECTION ( 'NONE',  ( -1.000000000000000000, 0.000000000000000000, 0.000000000000000000 ) ) ;
#11511 = FACE_OUTER_BOUND ( 'NONE', #10572, .T. ) ;
#11512 = DIRECTION ( 'NONE',  ( 0.7071067811865499042, -0.7071067811865451302, 0.000000000000000000 ) ) ;
#11513 = ORIENTED_EDGE ( 'NONE', *, *, #8141, .T. ) ;
#11514 = DIRECTION ( 'NONE',  ( 0.7071067811865426878, -0.000000000000000000, 0.7071067811865524577 ) ) ;
#11515 = ADVANCED_FACE ( 'NONE', ( #2680 ), #6244, .T. ) ;
#11516 = ORIENTED_EDGE ( 'NONE', *, *, #1852, .T. ) ;
#11517 = VECTOR ( 'NONE', #3809, 1000.000000000000000 ) ;
#11518 = CARTESIAN_POINT ( 'NONE',  ( -35.99999999999999289, 22.99999999999999289, 15.60000000000001030 ) ) ;
#11519 = CARTESIAN_POINT ( 'NONE',  ( -20.99999999999997868, 38.70306154330083359, 12.00000000000000178 ) ) ;
#11521 = ORIENTED_EDGE ( 'NONE', *, *, #7637, .F. ) ;
#11520 = ADVANCED_FACE ( 'NONE', ( #8217 ), #8163, .F. ) ;
#11522 = FACE_OUTER_BOUND ( 'NONE', #7848, .T. ) ;
#11523 = CARTESIAN_POINT ( 'NONE',  ( -46.00000000000000000, 8.000000000000000000, 20.00000000000001776 ) ) ;
#11524 = CARTESIAN_POINT ( 'NONE',  ( -22.16561135359183510, 8.468672896892815771, 5.500000000000001776 ) ) ;
#11525 = ORIENTED_EDGE ( 'NONE', *, *, #9582, .F. ) ;
#11526 = AXIS2_PLACEMENT_3D ( 'NONE', #6804, #6691, #4253 ) ;
#11527 = VERTEX_POINT ( 'NONE', #10744 ) ;
#11528 = CARTESIAN_POINT ( 'NONE',  ( -9.385072420194470411, -5.000000000000002665, 27.00000000000000355 ) ) ;
#11529 = VECTOR ( 'NONE', #9898, 1000.000000000000000 ) ;
#11530 = EDGE_CURVE ( 'NONE', #6424, #1131, #503, .T. ) ;
#11531 = CARTESIAN_POINT ( 'NONE',  ( -20.99999999999998934, 31.50306154330093023, -13.99999999999999645 ) ) ;
#11532 = VECTOR ( 'NONE', #1607, 1000.000000000000000 ) ;
#11533 = ORIENTED_EDGE ( 'NONE', *, *, #5225, .F. ) ;
#11534 = FACE_OUTER_BOUND ( 'NONE', #10131, .T. ) ;
#11535 = ORIENTED_EDGE ( 'NONE', *, *, #9009, .T. ) ;
#11536 = CARTESIAN_POINT ( 'NONE',  ( -30.02871870788963449, 22.99999999999999289, -7.499999999999999112 ) ) ;
#11537 = DIRECTION ( 'NONE',  ( -0.000000000000000000, -1.000000000000000000, -0.000000000000000000 ) ) ;
#11538 = CARTESIAN_POINT ( 'NONE',  ( -20.99999999999999289, 22.99999999999999289, -5.499999999999998224 ) ) ;
#11539 = ORIENTED_EDGE ( 'NONE', *, *, #8209, .F. ) ;
ENDSEC;
END-ISO-10303-21;
