S01D000041726D53796E635F536F6C7574696F6E5F435055312E7372656316
S31502080000E0A110223D2408028522080239240802AA
S315020800103924080239240802392408023924080234
S315020800200000000000000000000000003924080259
S31502080030392408020000000039240802392408027B
S31502080040B91C08025D1A0802B5190802ED1A080257
S31502080050391B08025D2008025D1A0802B519080252
S31502080060ED1A0802391B08025D1A0802B5190802B8
S30D02080070ED1A0802391B080209
S3150208007800000000010100001040000010400000C6
S3150208008810400000352A0802E141080220A00E2283
S315020800980000000040A51022A8A5102210A61022CA
S315020800A80000000000000000000000000000000038
S315020800B80000000000000000000000000000000028
S315020800C80000000000000000000000000000000018
S315020800D800000000000000000000000043000000C5
S315020800E800000000000000000000000000000000F8
S315020800F800000000000000000000000043000000A5
S3150208010800000000000000000000000000000000D7
S315020801180000000000000000000000004300000084
S3150208012800000000000000000000000000000000B7
S315020801380000000000000000000000004300000064
S315020801480000000000000000000000000000000097
S315020801580000000000000000000000004300000044
S315020801680000000000000000000000000000000077
S315020801780000000000000000000000004300000024
S315020801880000000000000000000000000000000057
S315020801980000000000000000000000004300000004
S315020801A80000000000000000000000000000000037
S315020801B8000000000000000000000000AB800802F2
S315020801C82B8008020000000058910802898F08024D
S315020801D8908F0802908F0802908F0802908F080263
S315020801E8908F0802908F0802908F0802908F080253
S315020801F8908F0802FFFFFFFFFFFFFFFFFFFFFFFFCA
S31502080208FFFF00000100415343494900000000006E
S3150208021800000000000000000000000000000000C6
S31502080228000000000000415343494900000000004D
S3150208023800000000000000000000000000000000A6
S30D0208024800000000000000009E
S315020802500348044B834202D0034B03B11847704745
S31502080260D8A10E22D8A10E2200000000064B07498B
S31502080270C91A891048BF0131491003D0044B0BB182
S3150208028001481847704700BFD8A10E22D8A10E22EE
S315020802900000000010B5064C237843B9FFF7D8FFD3
S315020802A0044B13B10448AFF300800123237010BD39
S315020802B00CA21022000000002093080208B5054B84
S315020802C01BB105490548AFF30080BDE80840FFF7B2
S315020802D0CDBF00BF0000000010A210222093080222
S315020802E00122014B1A70704728A21022034610B445
S315020802F0044A054C0549C3E9004205485DF8044B22
S3150208030001F05CBC00401C2228401C228C89080291
S31502080310A8A3102203690133036170472DE9F84344
S31502080320DFF874C09CF8005085B31E4600230446C5
S315020803308846174605F0FF098CF8003000F10805D3
S31502080340284601F0C1FF0828FAD02168E2680B6D39
S31502080350934218D0E3602369404663614C2204F055
S315020803609FFF2368089ADB6C28463B60236893F84C
S3150208037054303370236893F85530137001F0B0FF88
S315020803804846BDE8F883284601F0AAFF4FF000095F
S315020803904846BDE8F88300BF28A210222DE9F0419D
S315020803A004462DED028B8846B0EE408A17461E4655
S315020803B000F10805284601F087FF0828FAD04146C9
S315020803C04FF0000C7A1E606851F8043B00EB8C0E65
S315020803D0CEF80030606812F8013F00EB0C0E0CF103
S315020803E0010CBCF1060F8EF81C30ECD16368284666
S315020803F083ED068A636883F82260636822695A6213
S3150208040001F06EFFBDEC028BBDE8F041A221014866
S3150208041001F022BCA8A310224FF0000C00B54FF041
S31502080420000E044AA0F80CE00170C0F804C082600D
S315020804305DF804FB0080BB440379042B02D0022B2F
S3150208044018D070470D490B783F2BFAD810B40C4ACE
S315020804500C4C12781A4401330B70836802F03F027F
S31502080460A3540379022B02D10122074B1A705DF8B5
S31502080470044B70470122044B1A7070476CA2102273
S315020804806DA2102270A2102204A00E220EB430B55C
S3150208049082B005AB53F8042B40210E48019304F0B1
S315020804A05DFE051E11DD0C4C23783BB94FF47A71BB
S315020804B0012001F0A1FE2378002BF7D000232A465B
S315020804C004490648237000F059FF02B0BDE83040DF
S315020804D003B070472CA2102204A00E2218A41022E0
S315020804E010B5044602780C49FFF7D0FF4FF47A712B
S315020804F0322001F081FE227820460849FFF7C6FF1E
S315020805004FF47A71322001F077FE204604492278A8
S31502080510FFF7BCFF012010BDF48708020088080215
S315020805200C880802B5EEC00AF1EE10FA24D49FED43
S31502080530177AB4EEC70AF1EE10FA13DCDFED147A75
S3150208054020EE270ADFED136AC0EE077A77EEA67A5F
S31502080550BDEEE77AC0ED027A17EE103A02780E4936
S31502080560FFF794BFDFED0D7A40F69803C0ED027AE5
S3150208057002780949FFF78ABFDFED067A4FF4487316
S31502080580C0ED027A02780449FFF780BF0000C8422C
S315020805900000AF440000484420880802008009454C
S315020805A070B5437B864688B0002B64D03A4D2C78CA
S315020805B0002C5ED01F2C28BF1F246B46374E3848A6
S315020805C096F800C00DEB0401ACEB030C0CEB03022E
S315020805D002F03F02825C03F8012B8B42F6D100221D
S315020805E004F120036B4403F8202C9DF90430327081
S315020805F0502B2A708EF80D203BD19DF90530303BE1
S31502080600DAB2092A44D8DFED277AF2EE046A0DF146
S3150208061005025BB207EE103AB8EEC77AA7EEA67ADB
S3150208062012F9013FF0EE477A303BD9B20929F0D9DF
S31502080630DFED1D6A9FED1D7A77EEE67A67EE877A19
S315020806409EED027ADFED185A9FED186A37EE657A43
S31502080650CEED017AE7EE467AF2EE046AF0EEE77A32
S31502080660F4EEE67AF1EE10FACCBF012300238EF8F7
S315020806700C3008B070BD0124084A0D491370064AA9
S3150208068044731370027808B0BDE87040FFF7FEBEE7
S31502080690DFED087AD4E700BF6CA210226DA2102201
S315020806A070A21022000000000080BB44713D0A3E81
S315020806B03488080201804AC370B50C4601260146F1
S315020806C02246134804F0ECFD124B134D9A6818683B
S315020806D00F49936822462E709847064618B100239A
S315020806E02B70304670BD2B784FF4FA7413B908E0B4
S315020806F0013C06D00121642001F07EFD2B78002BF7
S31502080700F6D12B78002B18BF1426304670BD00BFD1
S3150208071050A310229C89080264A310222DE9F04FE7
S315020807204FF0000A0225884657468BB0DFF8E4B038
S315020807300190019AA8EB0506072E537828BF0726CB
S31502080740A845CDE903778DF80C303FD113780122FD
S315020807504AEA03230092B3F1005F34D2DB0043F086
S3150208076004031BBA0697CDF8163045F24143009C9E
S315020807700DF11409224603A90DF11B00ADF8143038
S31502080780C9E902778DF81A4089F8107004F088FDD5
S3150208079040F60D22E31D29F803209BF8003053B1D9
S315020807A04FF4FA740121642001F026FD9BF800300B
S315020807B00BB1013CF6D19BF80030ABB14FF47A711C
S315020807C0012001F019FD0BB0BDE8F08F019C3246FD
S315020807D061190DF10D0004F063FD2378721CD2B283
S315020807E04AEA03230092B6E7009948460931FFF719
S315020807F063FF04464FF47A71012001F0FDFC002CD8
S31502080800E1D13544A8450AF1010A92D80BB0BDE8F0
S31502080810F08F00BF64A310222DE9F84F03274FF08B
S3150208082000084FF0010A244EDFF898B0DFF89890D6
S31502080830224D86F800808BF8008089F800A02B7874
S315020808405BB14FF4FA7401E0013C06D00121642041
S3150208085001F0D2FC2B78002BF6D12B78F3B90721BD
S315020808601748FFF729FFC8B933785BB94FF47A748A
S3150208087001E0013C06D00121642001F0BDFC337879
S31502080880002BF6D0337803F0FF043BB14FF47A71AC
S315020808900A2001F0B1FC2046BDE8F88F4FF47A71C0
S315020808A0642089F8008001F0A7FC013FC1D13C46CB
S315020808B02046BDE8F88F00BF62A3102264A3102267
S315020808C07C89080261A3102263A3102200293ED064
S315020808D006283CD82DE9F047EFF31087012383F366
S315020808E010881C4C00EB800204EB82039200A25C87
S315020808F0D3F804A0D3F80890D3F80C801E7C5D7C4C
S3150208090093F812C093F813E0D2B2F6B2EDB25FFAD8
S315020809108CF35FFA8EF487F31088824202D00020A5
S31502080920BDE8F0870BB9002CF9D0002266F307025E
S3150208093065F30F2263F3174264F31F620870C1E975
S3150208094001A90120C1F80C800A61BDE8F0870020E0
S31502080950704700BFC4A2102211B3062803461FD847
S3150208096030B5EFF3108E012282F31088164C00EB95
S31502080970800004EB8002800014F800C05468906876
S31502080980D068107C507C5FFA8CFCC5B2907CD27C15
S31502080990C0B28EF31088634500D118B9002030BD65
S315020809A00020704707EE904ADFED086AF8EE677A8C
S315020809B09FED077A67EEA67A67EE877A0DB1F1EEB2
S315020809C0677AC1ED007A30BDC4A210220000B44392
S315020809D00000803720B10379022B02D0042B04D001
S315020809E0704700226E4B1A7070476E49027A087871
S315020809F070B14F2A7ED06C480378012B5FFA83FCCC
S31502080A0011D00D2AECD00A2AEAD0002303707047C7
S31502080A10F0B566480178062922D8DFE801F05B605E
S31502080A204C3F311F0D004B2AEBD10023604A82F856
S31502080A3000C00B70037070470A2A5E4961D05E4C8B
S31502080A400023A2F14102B2FA82F223705B4D5C4C9A
S31502080A5052092B7002700B602370F0BD0D2A4DD01F
S31502080A600023A2F14102B2FA82F25209514C5349C9
S31502080A70514D0270524A2B7023600B701370F0BDF1
S31502080A804F4C21784B1CDBB223704E4C62544A4AB7
S31502080A9012789A42E1D105230370F0BD082ADFD8FD
S31502080AA0002A4FF0000108BF0523434C0370227049
S31502080AB0434A1170F0BD3F4C4049236842EA03227B
S31502080AC00B7822600133DBB2042B0B70C5D10323EA
S31502080AD00370F0BD412AC0D101230370F0BD542A28
S31502080AE04FF00003BDD10222324C344923600B7009
S31502080AF00270F0BD01222C4B1A7070470623037050
S31502080B00F0BD0B6803F00704042C2B4C98D1277808
S31502080B10002F95D02C4DEE5D6B2E91D1C3F3C706EF
S31502080B20002E8DD1C3F3C723062B89D8072F18D0D9
S31502080B30032F85D16E7801353A2E81D14FF0140CE8
S31502080B4001260CFB03FC95F801E0204D05F80C3054
S31502080B5005EB0C0383F810E0DE74DD683544DD60CE
S31502080B606EE76E780135362E7FF46AAF4FF0140CB5
S31502080B706E780127003E18BF01260CFB03FCD5F848
S31502080B8002E0124D9EFA8EFE05F80C3005EB0C03B8
S31502080B905E74C3F804E09F749D683D449D604FE708
S31502080BA064A3102263A3102261A31022C0A21022FA
S31502080BB062A31022BCA21022B9A21022BAA2102243
S31502080BC0B8A21022B0A21022AFA21022C4A21022EA
S31502080BD0002300B585B0CDE90033CDE902338DF89F
S31502080BE0000010290AD8DFE801F0161C202409287B
S31502080BF0092C3034383C0940444B50000221012369
S31502080C006B2210336B44684603F8102CFFF786FDF7
S31502080C1005B05DF804FB1F238DF80130032102237A
S31502080C20EEE720238DF80130F8E721238DF801300D
S31502080C30F4E724238DF80130F0E727238DF80130F5
S31502080C40ECE731238DF80130E8E733238DF80130DC
S31502080C50E4E735238DF80130E0E736238DF80130D5
S31502080C60DCE737238DF80130D8E73A238DF80130CF
S31502080C70D4E746F64243ADF8013004210323BFE721
S31502080C8047F64323ADF80130F7E73B238DF80130E9
S31502080C90C4E700BF4FF0460C00B585B000234FF0FD
S31502080CA06B0E8DF801C04FF0690C8DF800008DF8B7
S31502080CB00310684606210193CDE902338DF8042014
S31502080CC08DF805E08DF802C0FFF728FD05B05DF83E
S31502080CD004FB00BF4FF0F30C00B585B000234FF0BC
S31502080CE06B0E8DF801C04FF0AB0C8DF800008DF835
S31502080CF00310684606210193CDE902338DF80420D4
S31502080D008DF805E08DF802C0FFF708FD05B05DF81D
S31502080D1004FB00BF10B584B08DF800008DF80530CD
S31502080D2000206B234FF0FD0C069C03908DF80C30C7
S31502080D309DF81C308DF80210210E8DF806108DF8DC
S31502080D400A30210C9DF8203064BA8DF80710ADF8E8
S31502080D5008400D21140A68468DF803408DF801C033
S31502080D608DF804208DF80B30FFF7D8FC04B010BDBF
S31502080D70FE2200B585B000234FF0980C8DF80120AD
S31502080D806B228DF800008DF8031068460521019341
S31502080D90CDE902338DF802C08DF80420FFF7BEFCB8
S31502080DA005B05DF804FB00BF00B5002386464FF088
S31502080DB0FF0C46F6663285B004216846CDE9023351
S31502080DC001938DF800E08DF801C0ADF80220FFF717
S31502080DD0A5FC05B05DF804FB01600271437170471A
S31502080DE010B50446006808B100F048FB204610BD5D
S31502080DF070B5037906460C46ADF5047D13BB04AD02
S31502080E0040F2FF122846214604F0BEF90022244C7D
S31502080E1085F8FF2123783BB94FF47A71012001F056
S31502080E20EBF92378002BF7D000232846237004F029
S31502080E3044FA336802462946186800F09FFA0DF507
S31502080E40047D70BD174B184A19684FF47A75A2FBD0
S31502080E500102164B9209A3FB02034FF4616005FBDC
S31502080E601211DB0A00FB132002911149A1FB005063
S31502080E70A1FB025149094009C1EB0111009004ADD9
S31502080E80A2EB810001900B4A4FF40071284604F048
S31502080E90E5F80246C2F5FF7228180132B3E700BF29
S31502080EA005A00E2268A31022D34D6210C5B3A291E3
S31502080EB0898888884088080208B4F0B50E4615461F
S31502080EC00446ADF50C7D91AB53F8042B04AF4FF4F1
S31502080ED080713846039304F041F92B46084A4FF4C9
S31502080EE09071CDE9006744A804F0B8F8204644A9F1
S31502080EF0FFF77EFF0DF50C7DBDE8F04001B07047A7
S31502080F005C8808020EB430B50446ADF50C7D8FAB8D
S31502080F1053F8042B04AD4FF480712846039304F06A
S31502080F201DF994F805C00B480B4B0C4ABCF1000F8F
S31502080F3018BF03464FF49071009544A804F08EF842
S31502080F40204644A9FFF754FF0DF50C7DBDE8304055
S31502080F5003B070479C880802B4880802948808027D
S31502080F6008B50448FFF7D6F9034A13680133136034
S31502080F7008BD00BF88A3102268A310228368B3F5B0
S31502080F80803F00D070474368A12BFBD1FFF7A8B971
S31502080F90FFF720BDFFF750BA0379022B02D10122CF
S31502080FA0014B1A70704700BF05A00E222DE9F04FBB
S31502080FB02DED028BAD49AFB0AD4800F02FFBAD4920
S31502080FC0AD4800F02BFBAD49AD4800F027FBAD4913
S31502080FD0AD4800F073FFAC4801F010F8AB48FFF7D4
S31502080FE085F9FFF719FCAA4C04F1060A14F8015B05
S31502080FF0022201212846FFF74DFE0022012128463A
S31502081000FFF768FE5445F1D1A248FFF769FAA249EB
S31502081010A248FFF777FF00229FEDA18A91469346E1
S315020810201546DFF86882079209921CE0B9F1000FAB
S3150208103000F0D68000238DF82E308DF82F30631BF2
S31502081040272B38D8079BE31A042B71D8A4EB0B037A
S31502081050182B03D98F48FFF7A3FAA3464FF47A71E0
S31502081060012001F0C9F8D8E90443E31AB3F5FA7F77
S31502081070DCD800240DF12F03009340460DF12E0310
S315020810800CAA1BA98DF82E408DF82F40FFF746F9BA
S315020810908146002800F0A1809DF82E90B9F1000F34
S315020810A063D0099B002B00F00F81A146D8F81040A7
S315020810B0631B272BC6D90023CDE91533CDE9173390
S315020810C0CDE91933724D0EAF15AE0E93ADF83C301D
S315020810D0089415F8014B0DA920468DED0D8AFFF7E8
S315020810E03BFC024610A920460AB10D9B3360FFF766
S315020810F0EDFB043648B19DF8533033B19DF85030B4
S3150208110013F00C0F1CBF01233B70554507F101076D
S31502081110DFD1604B404693ED010A0EAA1B7B15A947
S31502081120089CFFF73BF9079B2546E31A042B8DD942
S315020811305C4B5D4E1B78564A002B337808BF0A2152
S31502081140D05C18BF0D21FFF743FD337832460133D1
S31502081150DBB2052B06D90023534A1370514A13787A
S3150208116083F001031370079470E79DF82F30002B64
S3150208117054D1474E1BAC0123CDE90133A3680C3485
S31502081180009316F8010B14F8083C34F80A2C14F8E4
S315020811900C1CFFF7BFFD5645EDD10020FFF704FEF4
S315020811A09DED0C0A3B48FFF7BDF91D9B0C9805936C
S315020811B09DF870300493BDF86E3003939DF86C3039
S315020811C0029301F0E5FF394BCDE90001384A394966
S315020811D03248FFF771FE00230993D8F810402EE72C
S315020811E02B4C14F8010B0121FFF7C2FD5445F8D127
S315020811F00020FFF7D9FD4FF4FA732F4A00932D49C1
S315020812002E4B2648FFF758FE00234FF00109D8F85F
S3150208121010408DF82E308DF82F3010E74E461C4CB4
S3150208122014F8017B002238460121FFF753FD3846A0
S315020812300127142378220021CDE901770096FFF7CA
S3150208124069FD5445ECD10020FFF7AEFD1C4B1D4A43
S3150208125018491248FFF730FE9DF82E30002BBAD1F6
S315020812609DF82F30002BB6D183E700BFA889080264
S31502081270C4A31022048A080218A41022448A080267
S315020812804CA41022DC890802F8A3102288A3102293
S315020812908489080278A31022BC88080270A3102247
S315020812A0000000006CA310226DA3102248890802D0
S315020812B074890802148908020C890802D48808026B
S315020812C02C890802408908020B4C14F8010B0121EB
S315020812D0FFF74EFD5445F8D10020FFF765FD074B91
S315020812E0074A08490848FFF7E7FDCDF82490D8F8D9
S315020812F010404FF00009A2E68489080218890802FC
S315020813000C8908021489080270A3102210B500215C
S315020813100848FFF781F80123074C1A462046074971
S31502081320FFF75AFD2046BDE81040054A054901F077
S3150208133005B900BF78A3102270A31022388A0802C2
S3150208134000A00E22E10D0802FFF730BE022800D0E7
S3150208135070470249024800F0A7BD00BF788A080212
S31502081360A0A3102208B5FFF7EFFF002008BD00BFB3
S3150208137003460020C3E90612704700BF844610B42C
S31502081380406A836823F440138360DCF82440A36C24
S315020813905800FCD5A36823F01003A360DCF82440A8
S315020813A0237FC3F30010DB06FAD4CCE90412A36840
S315020813B043F01013A3605DF8044B7047844600207F
S315020813C0CCE90B32CCF82810704700BF4FF0FF3338
S315020813D00020C1E9003370478B0784461DD5426A4F
S315020813E0936823F440139360426A936C5800FCD5C1
S315020813F0936823F010039360DCF82400037FC3F399
S315020814000012DB06FAD41046CCF81420CB0703D513
S3150208141000231846CCF81C3070470620F6E700BFB2
S315020814200346002210B4DC6910460C60DA615DF8E6
S31502081430044B704706207047F0B5C46A85B0054666
S315020814400F4694466E46B4B194E80F0086E80F003C
S315020814502B6A20461B78A760236084F804C02B6B8E
S31502081460E360AB6A9847EC6A1CB196E80F0084E819
S315020814700F0005B0F0BD3446EAE700BF384B4268B4
S315020814809A426AD170B50446426A936823F44013B5
S315020814909360426A936823F010039360426A137F4B
S315020814A0C3F30015DB06FAD40121236A2D4A93F900
S315020814B00730580903F01F03203001FA03F342F8F4
S315020814C02030BFF34F8FBFF36F8F236A93F909302A
S315020814D0580903F01F0301FA03F3203042F82030BB
S315020814E0BFF34F8FBFF36F8F606A836823F480332D
S315020814F08360236A93F90530580903F01F0301FA3A
S3150208150003F3203042F82030BFF34F8FBFF36F8FBB
S31502081510236A93F90B30580903F01F0301FA03F300
S31502081520203042F82030BFF34F8FBFF36F8FEFF3AF
S31502081530108681F310884FF00043206A0A4A007821
S31502081540C34050680343536053681E2000F054FE9C
S3150208155086F310886560284670BD0720704700BF6D
S315020815604249435300E100E000302040002370B5B1
S31502081570026AD56983606B7C03B970BD184B044651
S3150208158093F8543003F00F03072B25D8DFE803F04E
S3150208159004040422201A1C1E01269E40104B93F8AE
S315020815A0550000F00F0000F017FEB0FBF6F00D4BE9
S315020815B01A686B7C02FB03F3B3FBF0F39B08013357
S315020815C0A36070BD0326E9E70526E7E70A26E5E7ED
S315020815D00826E3E70626E1E71026083B9E40DDE7F4
S315020815E000E0014028A51022F8B5002704460E4659
S315020815F0416A8D6825F4441222F011028A60076155
S31502081600FFF7B4FF636A326825F440151A61636A04
S3150208161038469D60F8BD00BF062070472DE9F8439D
S315020816200D46002701212B78077003F5800303F581
S3150208163056531B02C0E908536B6904468362AB69B9
S31502081640D24AC0E90B738378EE6961F301038370AA
S315020816506B78BB4214BF08460220A37860F30103E5
S31502081660A37095F90B0095F80AC0430900F01F0EFE
S31502081670203301FA0EFE42F823E0BFF34F8FBFF381
S315020816806F8FC34B00F5C65E53F82E8067F310487A
S3150208169043F82E8053F82EE0DFF814E34FEA0C1CC9
S315020816A002EB00085FFA8CFC88F800C34EF820406B
S315020816B095F9050095F804C04FEA501800F01F097D
S315020816C008F1200801FA09F942F82890BFF34F8F6A
S315020816D0BFF36F8F00F5C65853F8289067F3104981
S315020816E043F8289053F828804FEA0C1C02EB0008AE
S315020816F05FFA8CFC88F800C34EF8204095F907007B
S3150208170095F806C04FEA501800F01F0908F120089C
S3150208171001FA09F942F82890BFF34F8FBFF36F8F8A
S3150208172000F5C65853F8289067F3104943F82890ED
S3150208173053F828804FEA0C1C02EB00085FFA8CFC6F
S3150208174088F800C34EF8204095F9090095F808C0B4
S315020817504FEA501800F01F0908F1200801FA09F9A2
S3150208176042F82890BFF34F8FBFF36F8F00F5C65824
S3150208177053F8289067F3104943F8289053F828300D
S315020817804FEA0C13DBB2024482F800334EF82040CB
S31502081790EFF3108781F310884FF000402A787D4BCB
S315020817A0D0405A6822EA00025A605B681E2000F09E
S315020817B023FD87F310884FF48062636A9A606B7818
S315020817C0E978EA691B02890301F4804103F440734C
S315020817D00B4311785068090601F040710B435178A2
S315020817E0C90389B20B43517B490501F400110B4326
S315020817F0616A43F480534B6111788B1E012B40F2C8
S31502081800BE800368616A0B61117BAB7801F0030144
S3150208181041F0300133B1022B14BF4FF440734FF439
S31502081820807319430027012093781B0703F080531E
S315020818300B43616ACB60636A9F612B7800FA03F3F4
S31502081840C3F3090313B1636A534959620025937BAB
S31502081850D17B127C01F01F0103F0010302F01F0283
S3150208186043EA0123616A43EA02430B632046C4E959
S315020818700455C4E90655FFF779FE7089626A474935
S31502081880A0819166226A424B92F9052002F5C65159
S3150208189053F8210065F3104043F8210053F821104C
S315020818A0BFF35F8F012002F01F015209920002F175
S315020818B0604202F5614200FA01F1C2F88011116034
S315020818C0226A92F90B1001F5C65253F8226065F3A3
S315020818D0104643F8226053F82220BFF35F8F4A0965
S315020818E0920001F01F0102F1604200FA01F102F5CD
S315020818F06142C2F880111160226A92F9071001F555
S31502081900C65253F8226065F3104643F8226053F82C
S315020819102220BFF35F8F4A09920001F01F0102F1EC
S31502081920604200FA01F102F56142C2F880111160C3
S31502081930226A92F9092002F5C65153F8216065F325
S31502081940104643F8216053F82130BFF35F8F5309DD
S315020819509B0002F01F0203F16043904003F56143C6
S31502081960C3F8800118600E4A636A9A60626A137F36
S31502081970DB07FCD50B4B00206360BDE8F8830A4BF6
S315020819800A48022918BF03463CE700BF00E100E007
S31502081990006000400030204000001F1F1000079D15
S315020819A0110401004249435324FF00FF04FF00FFCC
S315020819B0E0A4102238B5EFF30383103B254A5BB245
S315020819C003F5C65152F8210020F4803042F821006E
S315020819D052F82120204A52F82340236A1B69B3B1E0
S315020819E0636903B138BD636A9D68A06825F48015EA
S315020819F045F4001518BB00219D60A36A2161002BDE
S31502081A00F0D02046BDE838408022FFF715BD62694E
S31502081A10636A002AE8D0A278216902F00302022A40
S31502081A2011D00A781A71A278D4E9041302F00302D3
S31502081A309B1A1144C4E90413002BD3D1D3E700F04F
S31502081A40D5FB636AD7E70A8822F4DC4292B25A6067
S31502081A50E9E700BF00600040E0A4102210B582B09A
S31502081A60EFF30383103B1F4A5BB203F5C65152F8E4
S31502081A70210020F4803042F8210052F821201A4A27
S31502081A8052F82340A27802F00303022B636A0CBFC2
S31502081A9019681978E3690CBFC1F30801C9B2019143
S31502081AA043B9A36AB3B10422204602B0BDE8104086
S31502081AB0FFF7C2BC02F0030201A9A06903F0F0FB1A
S31502081AC0D4E90621A37803F003031A44C91AC4E920
S31502081AD0062109B102B010BDA36A002BFAD0012271
S31502081AE0E2E700BF00600040E0A4102210B5EFF361
S31502081AF003830F4A103B5CB252F82400426A936889
S31502081B0023F4401323F010039360836A1BB1022265
S31502081B100021FFF791FC074A04F5C65352F8231031
S31502081B2021F4803142F8231052F8233010BD00BF49
S31502081B30E0A410220060004038B5EFF303831D4A83
S31502081B40103B5CB252F824008378456A03F003031B
S31502081B50022B0CBF29682978AA6C08BFC1F30801B1
S31502081B60C2F30073C2F3006C4FEA031343EA4C1341
S31502081B70C2F3C06243EAC20C18BFC9B2DB066246A8
S31502081B8004D5AB6C1B0458BF4CF04002AB6E43F055
S31502081B90C853AB66836A0BB1FFF74EFC064A04F5D7
S31502081BA0C65352F8231021F4803142F8231052F812
S31502081BB0233038BDE0A4102200600040034630B44A
S31502081BC00025416088681F4C1861C8681E4AC3E927
S31502081BD00550086804EB40149C60086802EB401242
S31502081BE0DA6091F90420AA4226DB497902F16040BB
S31502081BF00901C9B200F5614080F800131348144977
S31502081C0040F8223002F5C65051F8204065F31044D8
S31502081C1041F8204051F82010BFF35F8F0120510987
S31502081C20890002F01F0201F1604101F5614100FAE3
S31502081C3002F2C1F880210A60064A00201A6030BC06
S31502081C40704700BFC000024000010240E0A4102213
S31502081C50006000404350495282681368C3F340400B
S31502081C609B0354BF91600C20704700BFF0B54469CE
S31502081C7085B005460F466E46DCB194E80F0086E845
S31502081C800F006B68B7F5803F1B68A7602360AB69D6
S31502081C902046E36012BF0023EB68DB6863602B69AA
S31502081CA098476C691CB196E80F0084E80F0005B0E6
S31502081CB0F0BD3446E5E700BF38B5EFF30383103BC2
S31502081CC0114A5BB203F5C65152F8210020F480305E
S31502081CD042F8210052F821200C4A52F82350EB68A8
S31502081CE01C68E3030AD434F4403400D138BD2146D3
S31502081CF02846FFF7BBFFEB681C6138BD4FF48031FD
S31502081D002846FFF7B3FFEEE700600040E0A4102282
S31502081D102DE9F84F0388DBB180464FF0000A4FF0F1
S31502081D200109DFF8D4B00024314D4FEACA07D8F8C2
S31502081D30043035F8022BD919898891420AD0013420
S31502081D40032CF4D1B8F800300AF1010A5345EAD84F
S31502081D50BDE8F88FDB5909FA04F603F0B853B3F174
S31502081D60807F244BF6B293F84C2C12D0324230D1F3
S31502081D7004F120021BF81230DB09E0D01BF81230FE
S31502081D80012123F08003C8200BF8123000F034FA40
S31502081D90D5E7324210D004F120021BF81230DB09D3
S31502081DA0CDD11BF81230012143F08003C8200BF86D
S31502081DB0123000F021FAC2E7012000F0FBFA0D4BBF
S31502081DC0012093F84C2C324383F84C2C00F0C2FACB
S31502081DD0E1E7012000F0EEFA064B012093F84C2CBD
S31502081DE022EA060283F84C2C00F0B4FAC0E700BFD8
S31502081DF0FC8A080200E0014000202040F8B50646A9
S31502081E00FFF786FFEFF31082012383F31088234F2F
S31502081E103B681BB922490B7540230B753B68013396
S31502081E203B6082F31088338823B300211D4D08E0F6
S31502081E301B01134445F82340328801318BB29A427A
S31502081E4018D9736853F8314003EBC1029288E0034C
S31502081E504FEA1223D2B2EBD502EB031055F820E073
S31502081E6024F4803C2EF4803E45F820E01B0145F818
S31502081E7020C0DEE7EFF31082012383F310883B6864
S31502081E8013B13B68013B3B603B681BB980200449A0
S31502081E900B75087582F31088F8BD00BFDCA4102202
S31502081EA0000D40400008404008B5034B0360084651
S31502081EB0FFF7A4FF002008BD54524F502DE9F04108
S31502081EC00027416007730B7C464D044605EB032544
S31502081ED00E468560EFF31088012181F31088424A85
S31502081EE0337CD068C3F1050301FA03F320EA03033E
S31502081EF0D360D3681E2000F07FF988F310882F720A
S31502081F002B7AC3F340029B07FAD4AA72227BA368F0
S31502081F10307AF169002A5BD00C33CA780D7802F060
S31502081F2007020979002D4CD1002853D119710021D5
S31502081F3099715A7098707368616823612B4A097C93
S31502081F4042F82130227B013B002A36D0A268136070
S31502081F5096F91230002B26DB727C03F160411201DE
S31502081F60D2B201F5614181F800232149214A41F89B
S31502081F70234003F5C65152F8210020F4803042F876
S31502081F80210052F82120BFF35F8F01215A099200DE
S31502081F9003F01F0302F1604202F5614201FA03F3FC
S31502081FA0C2F88031136000207369134A6361B3690A
S31502081FB02260C4E90603BDE8F081A2689BB21380D9
S31502081FC0C6E7502D06BF002042F050022A43ADE76D
S31502081FD00833A2E780F0020042EA0012D2B228468B
S31502081FE0A4E700BF001022400030204080A410223F
S31502081FF0E0A41022006000405447410030B4047B3C
S31502082000856894B105F10C010B7803F00102C3F35C
S3150208201040039A42F8D143681A784CB9012A11D07A
S31502082020F1230B70002030BC704705F10801EBE77D
S31502082030012AF5D10269187C074B43F82020013A98
S315020820402A60EDE70269187C034B43F82020531EE9
S315020820509BB22B80E4E700BF80A41022F0B585B0BE
S31502082060EFF30383103B204A5BB203F5C65152F8DD
S31502082070210020F4803042F8210052F821201B4A20
S3150208208052F82340237BA56853B30C3562682B7834
S315020820901278DBB2012A04D1F42203F0F0032A7083
S315020820A02B706269B2B1A66901AFDEB196E8070084
S315020820B087E807009B0644BF00233371E36930466D
S315020820C0336063699847A3691BB197E8070083E8F9
S315020820D007002B78DBB203F00F032B7005B0F0BDB7
S315020820E00835D3E73E46E5E700600040E0A4102243
S315020820F01D4A92F82630928CDBB2C2F30312A2F181
S31502082100080103292BD8DFE801F020160C0217492B
S31502082110174A51F82330A2FB03231B09154A1360F9
S3150208212070471249124A51F82330A2FB0323114A77
S31502082130DB08136070470D490D4A51F82330A2FB9C
S3150208214003230C4A9B08136070470849084A51F84A
S315020821502330A2FB0323074A5B081360704703492F
S3150208216051F82330D340D9E700E00140E0A110221C
S31502082170ABAAAAAA28A510224FF400420C4B0D4876
S315020821800D4910B4C3E900010C490D4C0D485961BB
S315020821900D49DC60C3E906100C4C0D480D49C3E92C
S315020821A0084099629A601A615DF8044BFFF7A0BF6E
S315020821B0E0A11022006CDC0200127A0000CA9A3BE7
S315020821C000366E015543DE1300A3E1110084D717CA
S315020821D00008AF2F00389C1C014B53F820007047AB
S315020821E0E0A11022704700BF00BEFEE7A0F1010081
S315020821F00028FBD1704700BF1F4B204A1B6800FB13
S3150208220001F1934213D302F1854202F5071203F54F
S31502082210741302F6834203F6FF03A2FB03231B0D84
S31502082220A3FB01314FF0FF30F9B1FFF7DFBF4FF4DF
S315020822307A7210B4A1FB02C41148B0FBF3F34FF053
S31502082240FF3044B9BCFBF3FC4FEA9C0088B15DF849
S31502082250044BFFF7CBBF9B00B1FBF3F1A1FB0212C4
S31502082260002AF4D1084620B1F1E71846002BDCD142
S3150208227070475DF8044B704728A5102200127A00B1
S3150208228000CA9A3BF8B5002401260D4B0D4FD3F828
S315020822900021D3F82051154006FA04F32B4204D044
S315020822A057F82430E0B203B198470134152CF3D11C
S315020822B0034AC2F81051D2F820312B42FBD1F8BD9D
S315020822C000C0004088A41022044B027853F822006A
S315020822D0003818BF0120C000704700BF0000024046
S315020822E002460121024B1278002043F82210704759
S315020822F000000240154A30B500214FF0010E144C79
S3150208230002F11C0C03E0944501F101011CD032F8DC
S31502082310023F002BF7D001F5C650B3F5806F44F89B
S3150208232020304FEA5310EED2800000F1804000F5CB
S31502082330C040056C03F01F030EFA03F32B439445C2
S31502082340036401F10101E2D130BD00BFB28A08027D
S3150208235000600040EFF31081012383F31088124BCB
S3150208236033F8102092B22AB133F81020013A92B209
S3150208237023F8102033F810309BB293B910B40B4AE5
S315020823800B4CB2F8FA3334F810009BB243F42543E7
S3150208239023EA0003A2F8FA3381F310885DF8044BA6
S315020823A0704781F31088704718A5102200E0014093
S315020823B0348D080230B4EFF31081012383F31088B9
S315020823C00E4A32F810309BB26BB90D4C0D4DB4F86B
S315020823D0FA3335F810C09BB243EA0C0343F425439B
S315020823E09BB2A4F8FA3332F8103001339BB222F8C2
S315020823F0103081F3108830BC704700BF18A5102230
S3150208240000E00140348D080208B509490A688318B4
S31502082410B3F5803F03D807480B60104408BD02F0A5
S315020824201FFF0C2203461A604FF0FF3008BD00BF9B
S3150208243024A51022E0A10E2200BE704708B500F0BE
S3150208244035F8FEF78FFFFEE7F8B5174F05463E68E3
S31502082450A6B17C6806EB460604EB860602E00C3457
S31502082460B4420BD0637AAB42F9D1D4E90002002117
S31502082470121A0C3402F080FEB442F3D1BE6896B149
S31502082480FC6804EB061602E01034A6420BD0637B06
S31502082490AB42F9D1D4E90002A168121A103402F04B
S315020824A0FFFEA642F3D1F8BD048B08024FF4700171
S315020824B01C4B1D4A70B50020C3F888109A60FEF7B7
S315020824C045FFFFF759FE194B5A6842F001025A6056
S315020824D05C68002CFCD101251D602846FEF736FFF4
S315020824E0134B83F30A882046FFF7AEFFFFF700FE79
S315020824F02846FFF7A9FF0F4D0F4B5B1B002B4FEA30
S31502082500A30605DD55F8043B01349847A642F9DCD3
S315020825100220FEF71BFFFFF7EDFEBDE87040002024
S31502082520FFF760BE00ED00E00000080200C00140AF
S31502082530E0A10F22B4920802BC9208020B46014699
S31502082540184601F013BF00231A4630B510F8015B8E
S3150208255005F07F049440073223432C06F6D40B6019
S3150208256030BD00231A4630B510F8014B04F07F053A
S31502082570954007322B432506F6D41F2A06D8640649
S3150208258042BF4FF0FF3404FA02F213430B6030BD28
S3150208259050282DE9F3410646884615461F4608D1B6
S315020825A0D01C20F0030050F8044B3C6002B0BDE892
S315020825B0F08100F00F030C2B2ED8DFE803F0250775
S315020825C01D25292D2D2D2D182125290001A928463D
S315020825D0FFF7B9FF019C002CE7D006F07003102B19
S315020825E008BFA8463306444448BF2468DDE701A964
S315020825F02846FFF7B6FFEDE7284630F8024BEAE72A
S31502082600284630F9024BE6E7284650F8044BE2E73B
S31502082610284650F8084BDEE701F0E2FD08B5034606
S315020826200846FF2B0DD003F07003302B0FD004D8C9
S31502082630202B08D005D901F0D3FD402B0BD0502B07
S31502082640F9D1002008BDBDE8084001F0C6BDBDE8C5
S31502082650084001F0BFBDBDE8084001F0ABBD70B54A
S315020826600C4615461E4601462046FFF7D7FF334657
S3150208267001462A462046BDE87040FFF789BF73B572
S315020826800C461546064608B101F094FD2246286016
S3150208269012F8011BFF291CD02B1D3046FFF7DFFF5E
S315020826A00246104610F8013BFF2B14D0102301A94D
S315020826B02B75FFF748FF019B0344EB6001A910F84D
S315020826C0013B6B75FFF73FFF019B03442B6102B089
S315020826D070BD6860E5E72B750023EEE71FB503AB0F
S315020826E00A4600930023194600F076FF039805B0C0
S315020826F05DF804FB2DE9F04F002393B005460C461E
S31502082700079300F003031646012B10D0022B03D0C1
S31502082710002B3BD101073BD53146204601F034FD5B
S3150208272018B1092013B0BDE8F08F0820FAE70207AE
S3150208273023D5022305F008050C2230460C941D43C6
S315020827400CAB00930023194600F06CFF062D21D12D
S31502082750D4F83080B8F1000FD4E90A790CBF4FF0EB
S31502082760010A4FF0030A15F0080500F00981BAF1CB
S31502082770010F40F0018100F05DF90F6A30460D2124
S31502082780FFF7ACFF8742D4D10623D3E701F028FD31
S315020827900123CFE7304601F013FD81460028BBD05E
S315020827A00CAA01463046FFF76AFF9DF844B0314647
S315020827B003905846FFF732FF0F2102900E903046DB
S315020827C0FFF78CFF20F00108039A08F1FF38109FE3
S315020827D0974215D800274FF0010AB846EB07C2D52B
S315020827E0BAF1020F98D0079D0D213046FFF776FF02
S315020827F0C4F83080C4E90805C4E90A79062091E7D5
S315020828009DF845A008AB00205146FFF728FF09AB03
S31502082810024651460020FFF722FF0AAB02465146FE
S315020828200020FFF71CFF0BA9FFF78DFE0C9B0899EA
S3150208283002460B44434551D809990B444345C6D928
S31502082840DDF82880B8F1000F01D00D9B98440B9B48
S31502082850002B3BD0B8F1000F3FF45EAF15F008022B
S3150208286004923DD0472222704E2262705522A270EF
S315020828704322E270462222714F2262715222A271CB
S315020828800022E271013BF8180023039309A9FFF716
S3150208289068FE0AA90590FFF764FE099F002F68D013
S315020828A042DDBBF1FF0F3BD00BF00703042B3FF6CB
S315020828B06DAF01A252F823F0F32808028D27080209
S315020828C025290802F32808021D290802B8F1000F73
S315020828D03FF422AF00274FF0020A7FE73A4676E72F
S315020828E0E279012A0CBF54F8202C04F15802079207
S315020828F0C8E704220F990BAB584602FB1712029936
S31502082900FFF746FE0B9931B13CB307AB00222046CE
S3150208291000F0C2F808B34FF0030A5FE70822E9E7B6
S315020829200022E7E70222E5E76FF040420F9BD21B3F
S3150208293003EB820AC4B10499B1B9079BAAF1040A46
S315020829400B935AF8041F0029E5D00BAB0022514419
S31502082950204600F0A1F80028F3D00A98002859D09A
S31502082960059B0344184691E753F82230002BF4D10D
S31502082970D1E701230393F0E7002F1FDA00F06AF884
S31502082980BAF1010F02D1204600F01EF9002F15DA1E
S315020829900CAA49463046FFF772FE31469DF84400B6
S315020829A0FFF73CFEFA430F9B03EB820353F82520FD
S315020829B052BB0422C4E90A50C4E90C2300230BAD16
S315020829C030460B941A461946009500F02BFE002352
S315020829D001223046194600950B9700F023FE0F2177
S315020829E03046FFF77BFE00F0010000230F2240EA83
S315020829F00800009519460B90304600F013FEBAF10E
S31502082A00020F03D007208DE60135CFE7204600F0F6
S31502082A10A1F8F7E7039B002B3FF47EAE5AE700BF07
S31502082A2008B5804701F0DCFB014BD3E8AF0F7047CE
S31502082A3018A00E2208B5FFF7F7FFFFF7F1FF08B552
S31502082A408047FFF7F7FF0000014BD3E8AF0F704747
S31502082A5014A00E2208B5FFF7F7FFFFF7F0FF037879
S31502082A60472B17D143784E2B14D18378552B11D186
S31502082A70C378432B0ED10379432B0BD143792B2BE6
S31502082A8008D183792B2B05D1C07901288CBF002068
S31502082A9001207047002070472DE9F3411D4603784F
S31502082AA00E460246472BC17913D143784E2B10D1D5
S31502082AB08378552B0DD1C378432B0AD10379462B3C
S31502082AC007D143794F2B04D18379522B01D100299F
S31502082AD030D01046FFF7C3FF80F001040023E4B2AA
S31502082AE0002001904BBB54BB01290ABF52F8203C77
S31502082AF0A2F12003783B01290CBF52F8202C583248
S31502082B001C680192236820469B689847C8B1019BB6
S31502082B1002271B680193336801AA21463046D3F877
S31502082B2010800123C04770B1019B2B60384602B062
S31502082B30BDE8F08101230C46D2E7044CE2E7044CD7
S31502082B40E0E70127E7E70746F0E700BF608D0802DE
S31502082B508C8D080210B5044600F0A0F802462046FD
S31502082B60A4F12001FFF77BFF60B154F8043C01335E
S31502082B70012B44F8043C03D1936844F8083C91605D
S31502082B80012010BD9368002BF9D0FFF753FF037895
S31502082B90472B17D143784E2B14D18378552B11D155
S31502082BA0C378432B0ED10379432B0BD143792B2BB5
S31502082BB008D183792B2B05D1C07901288CBF002037
S31502082BC0012070470020704710B5044648B100F04E
S31502082BD03BF82046FFF7DBFF18B154F8140CFFF751
S31502082BE01FFFFFF727FF38B50246FFF7D0FF044657
S31502082BF040B152F8184C0025104600F025F81DB1D0
S31502082C00FFF728FF0125F7E72046FFF718FF0378A5
S31502082C10472B17D143784E2B14D18378552B11D1D4
S31502082C20C378432B0ED10379432B0BD143792B2B34
S31502082C3008D183792B2B05D1C07901288CBF0020B6
S31502082C40012070470020704738B5044600F026F880
S31502082C50024605682046A4F12001FFF7D8FF28B9E5
S31502082C600DB1FFF7E7FE1160284638BD54F80C3C53
S31502082C702046002BB4BFC3F1010301338D4244F849
S31502082C800C3C536803F1FF3353601CBF44F8105CD5
S31502082C901160656A00F09EFCE6E70000004870478E
S31502082CA02CA51022034B10B50446036000F0B4F8B5
S31502082CB0204610BDD08D080210B50446FFF7F2FF74
S31502082CC00C21204600F0FCF8204610BD2DE9F04103
S31502082CD0DDF8188006460F46154690451C460BD069
S31502082CE0B0682A4639460368CDF818801E6A234614
S31502082CF0B446BDE8F0416047194600F057F8002887
S31502082D00EED00620BDE8F0812DE9F14F0D461946B1
S31502082D10814617469846DDE90A4BDDE90CA600F01E
S31502082D2045F890B1002D3460377109DB2C44A24571
S31502082D3014BF01240624B471002001B0BDE8F08F47
S31502082D400235F9D10123B371F6E7544506D159463E
S31502082D50484600F02BF808B17771EDE7D9F8080074
S31502082D603A4629460368CDE90CA6CDE90A4BDC6941
S31502082D704346A44601B0BDE8F04F60472DE9F0414D
S31502082D8007460C4615461E4600F079F848B9B86853
S31502082D902A46214603689F693346BC46BDE8F04188
S31502082DA06047BDE8F081704700207047814208B548
S31502082DB00ED0406803782A2B0CD049680B782A2B48
S31502082DC008BF013102F054FAB0FA80F0400908BD92
S31502082DD00120FCE70020FAE77FB5002410231546F8
S31502082DE01268CDE902340368CDE900449E696B4650
S31502082DF0B0479DF8043003F00603062B05BF009B77
S31502082E00012020462B6004B070BD009890420CBF8A
S31502082E100620012070470000034B10B504460360E4
S31502082E20FFF7C1FF204610BD448E080210B50446BE
S31502082E30FFF7F2FF0821204600F042F8204610BDAF
S31502082E402DE9F041DDF818801F4606461546DDE9EC
S31502082E500834984507D10799FFF7A8FF18B1657195
S31502082E600020BDE8F08139463046FFF79FFF00286B
S31502082E70F6D00123C4F800802571A371F0E738B5AE
S31502082E8015461C46FFF792FF20B108232560E3602A
S31502082E900623237138BD2DE9F04105460C46164630
S31502082EA01F46FFF783FF48B9032F07D82368324620
S31502082EB0294620465B69BDE8F0411847BDE8F0811E
S31502082EC000F000B801F09CB981F0004102E000BFB1
S31502082ED083F0004330B54FEA41044FEA430594EACA
S31502082EE0050F08BF90EA020F1FBF54EA000C55EA05
S31502082EF0020C7FEA645C7FEA655C00F0E2804FEAD6
S31502082F005454D4EB5555B8BF6D420CDD2C4480EAB7
S31502082F10020281EA030382EA000083EA010180EAE7
S31502082F20020281EA0303362D88BF30BD11F0004F35
S31502082F304FEA01314FF4801C4CEA113102D040426B
S31502082F4061EB410113F0004F4FEA03334CEA1333A6
S31502082F5002D0524263EB430394EA050F00F0A780BE
S31502082F60A4F10104D5F1200E0DDB02FA0EFC22FAB9
S31502082F7005F2801841F1000103FA0EF2801843FAAD
S31502082F8005F359410EE0A5F120050EF1200E012A9E
S31502082F9003FA0EFC28BF4CF0020C43FA05F3C018DC
S31502082FA051EBE37101F0004507D54FF0000EDCF155
S31502082FB0000C7EEB00006EEB0101B1F5801F1BD3FE
S31502082FC0B1F5001F0CD349085FEA30004FEA3C0C02
S31502082FD004F101044FEA445212F5800F80F09A80F8
S31502082FE0BCF1004F08BF5FEA500C50F1000041EBFC
S31502082FF0045141EA050130BD5FEA4C0C404141EB00
S315020830000101013C28BFB1F5801FE9D291F0000FFA
S3150208301004BF01460020B1FA81F308BF2033A3F1A9
S315020830200B03B3F120020CDA0C3208DD02F1140CA0
S31502083030C2F10C0201FA0CF021FA02F10CE002F1DB
S315020830401402D8BFC2F1200C01FA02F120FA0CFCD4
S31502083050DCBF41EA0C019040E41AA2BF01EB04511D
S31502083060294330BD6FEA04041F3C1CDA0C340EDC1B
S3150208307004F11404C4F1200220FA04F001FA02F35E
S3150208308040EA030021FA04F345EA030130BDC4F11C
S315020830900C04C4F1200220FA02F001FA04F340EA11
S315020830A00300294630BD21FA04F0294630BD94F0C2
S315020830B0000F83F4801306BF81F480110134013DA9
S315020830C04EE77FEA645C18BF7FEA655C29D094EA1A
S315020830D0050F08BF90EA020F05D054EA000C04BF98
S315020830E01946104630BD91EA030F1EBF0021002083
S315020830F030BD5FEA545C05D14000494128BF41F022
S31502083100004130BD14F580043CBF01F5801130BD85
S3150208311001F0004545F0FE4141F470014FF0000010
S3150208312030BD7FEA645C1ABF194610467FEA655CC1
S315020831301CBF0B46024650EA013406BF52EA033563
S3150208314091EA030F41F4002130BD00BF90F0000F51
S3150208315004BF0021704730B54FF4806404F132048D
S315020831604FF000054FF0000150E700BF90F0000F46
S3150208317004BF0021704730B54FF4806404F132046D
S3150208318010F0004548BF40424FF000013EE700BF3D
S3150208319042004FEAE2014FEA31014FEA02701FBFCD
S315020831A012F07F4393F07F4F81F06051704732F0FF
S315020831B07F4208BF704793F07F4F04BF41F4002156
S315020831C0704730B54FF4607401F0004521F00041B4
S315020831D01CE700BF50EA010208BF704730B54FF03E
S315020831E000050AE050EA010208BF704730B511F03F
S315020831F0004502D5404261EB41014FF4806404F177
S3150208320032045FEA915C3FF4D8AE4FF003025FEAFC
S31502083210DC0C18BF03325FEADC0C18BF033202EB80
S31502083220DC02C2F1200300FA03FC20FA02F001FADA
S3150208323003FE40EA0E0021FA02F11444BDE600BF7D
S3150208324003685A004CBF43F0004323F00043184476
S31502083250704700BF2DE9F04729B301F1FF3A8046CE
S31502083260914600255646A91948BF0131491008EB6F
S31502083270C107CC003846FFF7E3FF8A450DD008346C
S31502083280484508EB04000AD8FFF7DAFF01384D1C57
S315020832904845E8D33846BDE8F0874845FAD98D420D
S315020832A001F1FF36DFD100273846BDE8F08700BFB7
S315020832B0012809D0022805D00028044B14BF002093
S315020832C01846704702487047024870479D390802F7
S315020832D0AD390802A5390802224B30B5044683B037
S315020832E08D1E43B301A92846AFF30080F0B10199B8
S315020832F02A46FFF7AFFF0146C0B1FFF7A1FF4B68A9
S31502083300A064012B2AD0002B01F1040024DBFFF76D
S3150208331097FF002323650368E064002B11DBFFF7A0
S315020833208FFF03460020236103B030BD0023092026
S31502083330236103B030BD0C480C49091AC910019122
S31502083340D6E7C3F30360FFF7B3FF031E0CBF0920DA
S315020833500020236103B030BD0123DBE700230520EB
S31502083360E1E700BF0000000020930802409408022B
S315020833700368DA0710B5044606D49B0700F1500025
S3150208338009D500F093FC2368590709D51A070ED503
S31502083390DB0613D510BD00F081FC23685907F5D466
S315020833A004F1D80000F08AFC23681A07F0D404F561
S315020833B0AC7000F08BFC2368DB06EBD404F5EC70EA
S315020833C0BDE8104000F0C6BC0346006800B11844C8
S315020833D0704700BF704700BF70B504460E46316C91
S315020833E02046FFF779FF054698B9D6F840C0324617
S315020833F0236921460120C4F814C098470828EED04C
S31502083400072806D12846316CFFF7E4FF301D00F085
S3150208341039FC00F0E5FE00BF2DE9F04701F1040C86
S31502083420ADF5787DC7680646D0F8188014460DF1C2
S31502083430140E04AD4FF00009BCE80F00AEE80F0009
S31502083440BCE80F00AEE80F00BCE80F00AEE80F00BC
S315020834509CE80F008EE80F00C5F8009023E02B6C5D
S315020834604FF4F47229467EA8736101F019FF336995
S315020834707EAA3146504698478C9B2146814603933D
S315020834803246039C33460120AC64CDE90058B8475E
S31502083490044628BB4FF4F4727EA9284601F000FFC1
S315020834A0B9F1080F19D10934296C3046FFF714FF10
S315020834B081465FFA84FA0028D1D0AC6B334632468D
S315020834C04AF01001AC640120CDE90058B84738B972
S315020834D048460DF5787DBDE8F087B9F1070F06D0A5
S315020834E04FF0090948460DF5787DBDE8F087204674
S315020834F0296CFFF76FFF05A800F0C4FBF0B5CB6B8C
S31502083500FBB001F1040C0E460B6401AC05464FF004
S31502083510FF37BCE80F000FC4BCE80F000FC4BCE8B5
S315020835200F000FC49CE80F0084E80F00009706E01E
S315020835302B696A46294698470828044608D11099ED
S315020835402846FFF7C9FE0028F2D009207BB0F0BD55
S315020835506846FFF70DFF062CF7D131462846FFF7D6
S315020835603BFF00BF10B4DC6BC160194682610022C2
S315020835701C6410BCFFF750BF70B54369C6680B647C
S31502083580AEB903690A4604460D4601460220984723
S31502083590072805D008280FD129462046FFF71CFF21
S315020835A03046296CFFF716FF281D00F06BFB012237
S315020835B0FFF732FF00F014FE00F012FEC26832B1C5
S315020835C0D1F83CC00022C1F840C0FFF725BFFFF77B
S315020835D095BF00BF704700BF052915D8DFE801F07F
S315020835E00A031403030501207047436C0020009A5E
S315020835F01360704743B90F2A06D800EB82020020EF
S315020836005368009A136070470220704710B584B059
S3150208361000230A4603AC19460094FFF7DDFF039818
S3150208362004B010BD052915D8DFE801F00A03140312
S31502083630030501207047009B1B68436400207047FE
S3150208364043B90F2A06D8009B00EB820200201B68AA
S31502083650536070470220704710B584B0002303AC4C
S3150208366003920A4619460094FFF7DCFF04B010BD20
S31502083670F0B5D36BADF5117D141D064613640DF135
S315020836805C0C0D464FF0FF370FCCACE80F000FCCA1
S31502083690ACE80F000FCCACE80F0094E80F008CE8FA
S315020836A00F00169710E0FFF7D7FF294616A8B0476E
S315020836B0034616AA6946082083B9049B9847052833
S315020836C004460CD009280AD026996846FFF704FE54
S315020836D003466A460C2116A8002BE4D0092416A82C
S315020836E0FFF746FE20460DF5117DF0BD2DE9F04F98
S315020836F01646CA6C89B00D4652F8041B00F0030C34
S315020837000692002B7CD00C0C09048DF81D40E4B2FD
S315020837100591022102EB8402BCF1020F8DF81C10FE
S31502083720296D08BFAA6B11F0010809D005A9304610
S3150208373000F0AAFB00285BD1082009B0BDE8F08F8B
S315020837401768002FF2D000F00801BB469A46674672
S315020837500191CDF80880BAF1020F4DD0B2F800B047
S3150208376002F10409548824F00102AB6C64000F21AB
S3150208377002EB03083046FFF749FF04F002040BF098
S315020837800103804543EA04032CD82BF0010B012BD5
S31502083790C34472D0022B39D053BB17B1834500F20A
S315020837A0C88009F10402D2F800B0BBF1000FD2D1E9
S315020837B005A93046DDF8088000F066FBC0B9B8F105
S315020837C0000FB9D00F213046FFF720FF0E2102461F
S315020837D03046FFF741FF704A0F213046FFF73CFF9C
S315020837E0072006E0012B66D0022B25D0002BD8D065
S315020837F0092009B0BDE8F08F546802F10809B2E75A
S3150208380009028DF81D300591032185E7D9F8004094
S3150208381024F00048B7B9834505D9019B002B64D02B
S31502083820B8F1000F61D0002C01DA09F1040908F198
S31502083830010309EB8302B6E7D9F8004024F00048F1
S31502083840002FF0D0D5F820B00D213046FFF7DEFE66
S315020838508345E8D1AA6A9145E5D100240422C5F830
S315020838602880C5E90B424A446A63D9F80020A24275
S31502083870C0F28D8001230293D9E7F7B9834517D998
S31502083880D9F80430D9F80020991C4FEAD272AFD081
S3150208389005F158040133049472D009F10400FFF7C4
S315020838A093FD04AB01462846FFF7F6F8002853D1E4
S315020838B009F1080277E7002FFAD02C6A0D21304663
S315020838C0FFF7A4FE8442F3D1AB6A9945F0D1484684
S315020838D0FFF7B6FC0F2102463046FFF7BDFE2A4621
S315020838E000213046FFF7B8FE7AE705F15803039739
S315020838F009F1040B00241F460CE0584600220497DF
S31502083900FFF762FD04AB014628460BF1040BFFF7ED
S31502083910C3F888BB444504F10104EED10D213046B3
S31502083920FFF774FE049B024606202A62C5E9093996
S315020839305FE74846FFF784FC09F104020446284675
S31502083940AA63FFF707F900283FF452AF22460F2170
S315020839503046FFF781FE43E704460D213046049EB2
S31502083960FFF754FE022C286202D1EE6205F12C06FC
S315020839700620C5E909693CE7039FD9F8004052E7E2
S3150208398030460D21FFF742FE26462862F0E708F187
S31502083990010209EB82009BE7E72B08020023FFF7E7
S315020839A0A5BE00BF0123FFF7A1BE00BF0223FFF792
S315020839B09DBE00BF2DE9F0410546C4B0144605294F
S315020839C000F2B480DFE801F00F29B2698F03836B36
S315020839D0002C40F0AB8053F8042B4264836300202A
S315020839E044B0BDE8F081002B40F0A0801FFA84FCA9
S315020839F0806B01262F1D06FA03F1024611EA0C0F07
S31502083A0004D052F8041B104647F823100133102B32
S31502083A10F1D1A204E3D4A863E1E703F0FB02260C82
S31502083A20A4B2012A40F08280012B06EB040800F0BA
S31502083A30C280B8F1200F79D80F2E79D9002CCED0B2
S31502083A4002680193530705D522F0040240F8D82BE1
S31502083A5000F038F902AF6400384600F033F9A6F1EF
S31502083A601002A96B601E019B07EBC202441C101FC1
S31502083A7001EB840251F8044B914240F8044FF9D104
S31502083A80012B00F0CA800F2EA96302D822A800F0E3
S31502083A900DF9384600F012F9A1E7032B46D11FFAB1
S31502083AA084F8260C08EB1444102C3FD803681F0729
S31502083AB000F1AB8022AF384600F02AF9AC6B4FEA28
S31502083AC0480107EBC6034A1E41B1E01A013A1958E2
S31502083AD0561C43F8041BF9D104EBC8043846AC63F8
S31502083AE000F0F4F87BE70BBB102C1FD80368D80646
S31502083AF000F1838022AF384600F036F9AE6B3946BC
S31502083B0000234FF0010C0CFA03F23046013322422D
S31502083B1003D050F8042B06460A60042B01F104016F
S31502083B20F1D13846AE6300F015F958E7022057E797
S31502083B300268B8F1100F02F0010040F2898058B10C
S31502083B4022F001022846019342F0020240F8502B65
S31502083B5000F0B0F82A68019B5107A8F1100800F195
S31502083B608880019322AF384600F0A4F802A800F034
S31502083B70A9F8C6F11001AA6B07EBC6004900019B1A
S31502083B8001390131043802EB810152F8044B9142A2
S31502083B9040F8044FF9D1B8F1000F4FD04FEA480266
S31502083BA0102E02AF02F1FF30324638BF1022103A09
S31502083BB007EBC2025AE7B8F1100FB7D8102EB5D0E4
S31502083BC00168CA0730D521F003012846019340F857
S31502083BD0501B00F067F8019B012B25D022AF0193F9
S31502083BE0384600F067F8AA6B74B3019B64004FF07D
S31502083BF0000807EBC600611EC3E723F0100305F5AC
S31502083C00EC702B6000F0B0F874E723F0080300F5B7
S31502083C10AC702B6000F07CF84CE722AF04323846D1
S31502083C20AA6300F03BF8DAE622AF0193384600F0C1
S31502083C3039F8AA6B019B002CF0D0D7E7012BEDD0FF
S31502083C400F2EA9633FF6CBAE384600F02FF8C6E62C
S31502083C5011460028C2D0052BB5D122F0010228460A
S31502083C60019342F0020240F8502B00F023F8019B20
S31502083C70B4E722F004022846019340F8D82B00F054
S31502083C8021F86FE700F1340191E838009C46A64610
S31502083C904CF8045D90E8FF0FE54600BD90EC210B59
S31502083CA0704700BF80EC210B704700BF90EC200BD9
S31502083CB0704700BF80EC200B704700BFD0EC200B8A
S31502083CC0704700BFC0EC200B704700BFF0EC020142
S31502083CD0F0EC0211F0EC0221F0EC0231F0EC0241B8
S31502083CE0F0EC0251F0EC0261F0EC0271F0EC0281A8
S31502083CF0F0EC0291F0EC02A1F0EC02B1F0EC02C198
S31502083D00F0EC02D1F0EC02E1F0EC02F1704700BFF0
S31502083D10E0EC0201E0EC0211E0EC0221E0EC0231F7
S31502083D20E0EC0241E0EC0251E0EC0261E0EC0271E7
S31502083D30E0EC0281E0EC0291E0EC02A1E0EC02B1D7
S31502083D40E0EC02C1E0EC02D1E0EC02E1E0EC02F1C7
S31502083D50704700BFB0FC0181B0FC0191B0FC01A123
S31502083D60B0FC01B1704700BFA0FC0181A0FC019123
S31502083D70A0FC01A1A0FC01B1704700BFEC4600B54A
S31502083D802DE900502DE9FF1F4FF000032DE90C0025
S31502083D9001A9FFF7B3FBDDF840E012B0704700BF98
S31502083DA0EC4600B52DE900502DE9FF1F4FF0000340
S31502083DB02DE90C0001A9FFF7DFFBDDF840E012B0A0
S31502083DC0704700BFEC4600B52DE900502DE9FF1FEC
S31502083DD04FF000032DE90C0001A9FFF7EFFBDDF810
S31502083DE040E012B0704700BFEC4600B52DE900501E
S31502083DF02DE9FF1F4FF000032DE90C0001ABFFF779
S31502083E00B1FBDDF840E012B0704700BFEC4600B5E2
S31502083E102DE900502DE9FF1F4FF000032DE90C0094
S31502083E2001AAFFF725FCDDF840E012B0704700BF93
S31502083E30027A03468AB9427AB2B14168013A4FF028
S31502083E40030C10B442720C1D086883F808C00202FB
S31502083E505C60000E10BC1A6070470068013A1A725C
S31502083E600202000E1A607047B020704710B584B07F
S31502083E7000230C2203AC19460094FFF7ADFB039806
S31502083E8004B010BDFFF7F2BF2DE9F0434FF000086A
S31502083E9085B006460D462846FFF7CAFFB0280446EF
S31502083EA000F01E81070638D500F0F003A02B00F0BB
S31502083EB083800CD8802B5ED0902B04D100F00D03A2
S31502083EC00D2B40F08F80092005B0BDE8F083B02B9A
S31502083ED068D0C02B3ED1C62800F0EF80C72800F074
S31502083EE0048100F0F803C02B00F01181C82800F005
S31502083EF01C81C928E7D12846FFF79AFF020300F07A
S31502083F000F0002F4702201300243012105233046D4
S31502083F10FFF750FD0028BED0D5E783000DF108094A
S31502083F200D223046DBB2CDF800901F1D002319463C
S31502083F30FFF752FB029B60064FF00D023046CDF8A2
S31502083F4000904CBFDF1BFF18002302971946FFF7A4
S31502083F5069FBA0E700F0F803D02BB4D100F0070202
S31502083F60052301213046013242F40022FFF722FDE1
S31502083F70002890D0A7E724022846FFF759FF2043D6
S31502083F80B0F5004F9FD0040100233046A2B219466D
S31502083F90FFF710FD002896D114F4004F18BF4FF012
S31502083FA0010878E7A0F1B103042B00F2DA80DFE812
S31502083FB003F07B503D332A00C3434FF47F62010767
S31502083FC003F0070342FA03F202F47F6201D542F4D0
S31502083FD08042002330461946FFF7ECFC00283FF4DE
S31502083FE05AAF70E702AF002300F00F0230461946B7
S31502083FF00097FFF7F1FA00230D223046194600977B
S31502084000FFF710FB47E703AA00233046009219463A
S315020840100D22FFF7E1FA3EE70023052130461A464C
S31502084020FFF7C8FC00283FF436AF4CE72846FFF7EF
S31502084030FFFE0123020300F00F001946013002F4C5
S31502084040702202433046FFF7B5FC00283FF423AF3F
S3150208405039E700230DF108090D2230461946CDF835
S315020840600090FFF7B9FA2846FFF7E2FE0206029C1D
S315020840704FF002070AD500F07F00B840073704441C
S3150208408028460294FFF7D4FE0306F4D4B84004F592
S31502084090017400230D222044CDF80090194602909F
S315020840A03046FFF7BFFAF6E62846FFF7C1FE431E7B
S315020840B00246DBB20E2B8CD905E72846FFF7B8FE77
S315020840C00323020300F00F001946013002F470229E
S315020840D002433046FFF76EFC00283FF4DCAEF2E6F8
S315020840E0B8F1000F2DD00020EEE62846FFF7A0FE15
S315020840F0431E0246DBB20E2B3FF6E5AE0023042131
S315020841003046FFF757FC00283FF4C5AEDBE600F061
S315020841100F02032330460132194642F42022FFF7E2
S3150208412049FC00283FF4B7AECDE62846FFF780FEE5
S3150208413000F0F00200F00F031032013343EA0232B4
S31502084140E3E602AC434641460E2230460094FFF7A8
S3150208415043FA0F224346414630460094FFF762FA75
S31502084160C1E700F0FC03B42B3FF4ADAE00F0070242
S31502084170012330461A44194642F40022FFF71AFC74
S3150208418000283FF488AE9EE6024603230846D26C10
S3150208419010B584B008328DF80C3001A952F8043CE7
S315020841A01C021B0ECDE901428DF80D30FFF76CFE9D
S315020841B004B010BD08B5FFF765FE806C08BD00BFE8
S315020841C008B5FFF75FFEC06CC37900EB83000830C1
S315020841D008BD00BF08B500F003F808B5FFF7FAFFF7
S315020841E0062008B501F00CF8012004F001FB0000D6
S315020841F0024B0146186800F02DB800BF1CA00E221B
S31502084200024B0146186801F0B5BE00BF1CA00E227B
S3150208421070B50F4E0C460546316811B901F010F813
S3150208422030602146284601F00BF8431C03D14FF0B3
S31502084230FF34204670BDC41C24F00304A042F8D003
S31502084240211A284600F0FCFF0130F2D1EFE700BF41
S3150208425038A510222DE9F843CD1C064625F003059C
S3150208426008350C2D38BF0C25002D01DBA94204D9CF
S315020842700C2333600020BDE8F883DFF8D48000F011
S3150208428069F8D8F800301C4644BB29463046FFF781
S31502084290BFFF431C044658D1D8F800402746002FD2
S315020842A043D1002C4BD023683946304604EB030928
S315020842B000F0C6FF814542D1216830466D1A29466B
S315020842C0FFF7A6FF01303AD023682B442360D8F8BB
S315020842D000305A6862BBC8F800700FE02268521BA9
S315020842E020D40B2A17D96119A342256018BF596031
S315020842F0636808BFC8F8001062514B60304600F088
S315020843002FF804F10B00231D20F00700C21A1CBF68
S315020843101B1AA350AFE76268A3420CBFC8F8002075
S315020843205A60EBE723466468AEE73C467F68B6E721
S315020843301A465B68A342FBD100235360DEE70C23CF
S315020843403046336000F00CF894E70560D6E700BF04
S315020843503CA51022014800F089BF00BF7CA61022A6
S31502084360014800F084BF00BF7CA6102210B504469F
S315020843700448134620B10A4602202146AFF30080BC
S3150208438010BD00BF000000002DE9FF4757EC106B77
S31502084390002F0C4619463B46B4BF07F100430023DB
S315020843A09146BFBF32461F462D231646DDF830A07A
S315020843B00B700D9B23F02008B8F1460F05D0B8F113
S315020843C0450F00D10134022100E0032103AB224646
S315020843D0019302AB47EC106B0093534601F00CF8BD
S315020843E0B8F1470F054619D119F0010F0ED000EBA7
S315020843F00409002200233046394604F0D3F808B1EE
S31502084400CDF80C903022039B4B451ED3039B2846BE
S315020844100E9A5B1B136004B0BDE8F087B8F1460F2D
S3150208442000EB0409E5D10378302B0AD100220023D8
S315020844303046394604F0B6F818B9C4F10104CAF888
S315020844400040DAF800309944D3E7591C03911A70F0
S31502084450D9E7F7B500290270BABF49422D232B23A3
S315020844600929437028DD0DF107030A271D461A4656
S31502084470013BB1FBF7F607FB1614303402F8014C80
S315020844800C463146632CF2DC3031941E03F8011CCB
S31502084490411C2346AB420AD30DF109039B1AAC42CF
S315020844A088BF002302330344181A03B0F0BD13F879
S315020844B0016B01F8016FEDE7302330318370031D7C
S315020844C0C170F1E72DE9F04F8DB00C4616461F462E
S315020844D0DDF85880054600F09BFE036818460493EB
S315020844E000F0EBFE002305900A93D8F8003094F802
S315020844F018A00733D4F800B023F0070303F1080223
S31502084500C8F800204FF0FF32D3E9008929F00043AA
S31502084510CDF8188007939D4BDDE90601C4E9128997
S3150208452004F072F870BB4FF0FF32984BDDE90601D2
S3150208453004F04CF830BB002200234046494604F0FA
S315020845403BF810B12D2384F84330914A914BBAF1C6
S31502084550470F8CBF9046984603234FF00009236104
S315020845602BF00403236033460BAA214628460097FC
S3150208457000F0D2F9013040F08D804FF0FF300DB0D7
S31502084580BDE8F08F42464B464046494604F03CF8A1
S3150208459040B14B46804A002BBCBF2D2384F84330DA
S315020845A07E4BD4E70AF0DF02636806925A1C3BD1B7
S315020845B0062363604BF48062002328462260039335
S315020845C00AABCDE901A309AB49EC108B00930DF1B7
S315020845D023036168FFF7D8FE069B80460999472B95
S315020845E029D1C81C02DB6368994241DDAAF1020A95
S315020845F05FFA8AFA0139524604F150000991FFF727
S3150208460028FF0A9A81461318012A236102DC2268C6
S31502084610D20701D5013323619DF82330002BA2D09E
S315020846202D2384F843309EE7069A472AC2D1002BE7
S31502084630C0D10123BDE7BAF1650FDBD9BAF1660F1E
S3150208464018D1002963680BDD216113B92268D007E6
S3150208465002D501330B4423614FF00009A165DBE75C
S3150208466013B92268D20701D50233F4E70123F2E728
S315020846704FF0670A0A9B994205DB23682161D8072E
S31502084680EAD54B1CE7E70029D4BFC1F10202012291
S315020846901344E0E723685A0507D42369424631469C
S315020846A02846B84701302BD167E7BAF1650F40F2C1
S315020846B0DD8000220023D4E9120103F073FF0028EB
S315020846C033D00123364A31462846B84701303FF4EB
S315020846D054AFDDE90938434502DB2368D8070FD50D
S315020846E031462846DDE90423B84701303FF445AF91
S315020846F04FF0000908F1FF3804F11A0AC84509DC27
S3150208470023689B0700F10381E0680B9B9842B8BFB8
S31502084710184634E70123524631462846B84701303F
S315020847203FF42BAF09F10109E8E7099B002B39DCB5
S3150208473001231B4A31462846B84701303FF41DAFCC
S31502084740DDE9093959EA030302D12368D907D7D51E
S3150208475031462846DDE90423B84701303FF40DAF58
S315020847604FF0000A04F11A0B099B5B42534501DC20
S315020847704B4693E701235A4631462846B847013045
S315020847803FF4FBAE0AF1010AEEE700BFFFFFEF7F37
S315020847906C8E0802688E0802748E0802708E0802F1
S315020847A0788E0802A36DDDF828A05345A8BF5346A4
S315020847B0002B994636DC4FF0000B29EAE97904F119
S315020847C01A02A36D0693A3EB09035B4531DC099B29
S315020847D09A453ADC2368DA0737D4099BAAEB030918
S315020847E0069BAAEB03039945A8BF9946B9F1000FA0
S315020847F033DC4FF0000829EAE97904F11A0B099B20
S31502084800AAEB0303A3EB090343457FF779AF012319
S315020848105A4631462846B84701303FF4AEAE08F14B
S315020848200108ECE7424631462846B8470130C2D16C
S31502084830A3E60123314628460692B84701303FF4DB
S315020848409CAE0BF1010B069ABBE7DDE90423314660
S315020848502846B8470130C0D18FE6069A4B463146FC
S3150208486028464244B8470130C3D186E6DDF828A077
S31502084870BAF1010F01DCDB0736D501234246314680
S315020848802846B84701303FF478AE31462846DDE976
S315020848900423B84701303FF470AE002200230AF120
S315020848A0FF3AD4E9120103F07DFEC0B9534608F176
S315020848B0010231462846B84701300CD15DE601238C
S315020848C05A4631462846B84701303FF456AE08F1F3
S315020848D00108D045F3DB4B4604F15002DFE64FF000
S315020848E0000804F11A0BF4E701234246E1E7012323
S315020848F04A4631462846B84701303FF43EAE08F1EB
S315020849000108E3680B995B1A4345F0DCFCE64FF0B5
S31502084910000804F11909F4E72DE9F0471646984606
S315020849208A6807460B690C46DDF820909342B8BFA1
S315020849301346336091F843200AB101333360236882
S31502084940990642BF336802333360256815F00605B7
S3150208495006D104F1190AE36832689B1AAB422BDCCA
S3150208496094F843302268003B18BF0123920630D4DC
S3150208497004F1430241463846C847013023D023682A
S315020849801A3454F80A2C03F00603042B0ABF54F807
S315020849900E5C002533684FF0000608BFED1A54F87E
S315020849A0123C08BF25EAE5759342C4BF9B1AED1867
S315020849B0B5421AD1002008E001235246414638463C
S315020849C0C847013003D14FF0FF30BDE8F087013503
S315020849D0C1E7E1185A1C30200233224481F8430009
S315020849E094F8451082F84310C2E70123224641464D
S315020849F03846C8470130E6D00136D9E72DE9FF47E0
S31502084A000F7E914680460C46782F9A460C9E01F1F7
S31502084A10430207D8622F0AD8002F00F0D180582FF8
S31502084A2000F0B88004F1420684F842703AE0A7F131
S31502084A306303152BF6D801A151F823F0954A08020B
S31502084A40A94A0802254A0802254A0802254A0802EE
S31502084A50254A0802A94A0802254A0802254A0802DE
S31502084A60254A0802254A0802A74B0802D34A080221
S31502084A70614B0802254A0802254A0802C94B080260
S31502084A80254A0802D34A0802254A0802254A080284
S31502084A90694B080233681A1D1B68326004F1420624
S31502084AA084F8423001239CE033682068191D31607E
S31502084AB0060601D51D6803E04506FBD5B3F9005085
S31502084AC0002D03DA2D236D4284F8433058480A2311
S31502084AD011E021683368080653F8045B02D44906D4
S31502084AE048BFADB26F2F3360514814BF0A2308235B
S31502084AF0002184F843106668002EA66005DB21684B
S31502084B002E4321F0040121604BD01646B5FBF3F182
S31502084B1003FB1157C75D06F8017D2F460D46BB42BA
S31502084B20F4D9082B0BD12368DF0708D523696168F6
S31502084B309942DEBF302306F8013C06F1FF36921B86
S31502084B4022614B4603AA21464046CDF800A0FFF74C
S31502084B50E3FE01304AD14FF0FF3004B0BDE8F087DA
S31502084B60236843F02003236078273248236884F8B1
S31502084B7045701F06316851F8045B02D45F0648BFC8
S31502084B80ADB23160D90744BF43F0200323601DB19B
S31502084B901023ADE72648E9E7236823F020032360BC
S31502084BA0F6E71646BDE733682568181D6169306061
S31502084BB02E061B6801D5196002E06806FBD5198026
S31502084BC0002316462361BCE7336800211A1D3260AA
S31502084BD01E686268304600F055FB08B1801B6060AB
S31502084BE063682361002384F84330AAE723693246BF
S31502084BF049464046D0470130ADD023689B0713D4B7
S31502084C00E068039B9842B8BF1846A6E701233246D6
S31502084C1049464046D04701309DD00135E36803999D
S31502084C205B1AAB42F2DCEBE7002504F11906F5E75D
S31502084C307A8E08028B8E08022DE9F04F87B0174646
S31502084C4080460C4603938B685A1EB2F5AE7F0A4617
S31502084C5089BF6FF4AE754FF0000B03EB050B40F2FC
S31502084C605D134FF0000588BF8B600B68AA46A946FC
S31502084C70029543F4F06342F81C3B16460192CDE9CD
S31502084C800455A26852B13B681B784E2B64D8402B58
S31502084C903CD8A3F12B01C8B20E283AD9B9F1000FB4
S31502084CA003D0236823F4807323600AF1FF3ABAF12A
S31502084CB0010F00F21781019B9E4200F20881012032
S31502084CC007B0BDE8F08FA3F161020D2AE6D801A16B
S31502084CD051F822F01B4E08029D4C08029D4C080210
S31502084CE09D4C08027B4E0802534E08029D4C080250
S31502084CF09D4C0802294E08029D4C08029D4C08024A
S31502084D009D4C08029D4C0802E14D0802A3F141029E
S31502084D10DBE70E29C2D801A050F821F0D14D0802CE
S31502084D209D4C0802D14D0802674E08029D4C0802A6
S31502084D30794D0802B74D0802B74D0802B74D080269
S31502084D40B74D0802B74D0802B74D0802B74D08021B
S31502084D50B74D0802B74D08026E2B09D8602BB2D898
S31502084D60542B7BD0592B99D1072D97D108252CE0A6
S31502084D70742B73D0792BF6E72168C8051BD521F069
S31502084D80800109F101092160BBF1000F03D001324C
S31502084D900BF1FF3BA260A368013BA36023690133C1
S31502084DA023617B68013B002B7B6040F387803B686D
S31502084DB001333B6065E71AEB05017FF46FAF2268A2
S31502084DC00D468A4622F4C072226006F8013BE2E7E3
S31502084DD0226810067FF562AF22F080022260F4E7AD
S31502084DE0BAF1000F0ED1B9F1000F0ED1226802F402
S31502084DF0E061B1F5E06F08D122F4F0624FF0010AE2
S31502084E002260E2E7BAF1020F55D0012D02D0042D35
S31502084E107FF444AF0135EDB2D7E7BAF1010F7FF45B
S31502084E203DAF4FF0020AD0E77DB9B9F1000F7FF422
S31502084E3038AF226802F4E061B1F5E06F40F007810D
S31502084E4022F4F06201252260BFE7032DE2D0052D88
S31502084E50DEE7022D7FF422AF0325B6E7062D7FF49F
S31502084E601DAF0725B1E7226891057FF517AF22F432
S31502084E702072CDF808902260A7E7226802F4A061A2
S31502084E80B1F5806F06D050057FF508AFB9F1000F6E
S31502084E9000F0DD80910522F4F06258BF029942F4CF
S31502084EA0C07258BFA9EB010122604FF0000958BF32
S31502084EB0CDE9041689E74FF0030A86E7D4F880316C
S31502084EC039464046984700283FF4DBAEE6E6D4F872
S31502084ED07C313A4616F8011D404698472369013B3C
S31502084EE02361E8E66B1E062B24D8022D36D8019BD1
S31502084EF09E427FF6E4AED4F87C313A4616F8011D96
S31502084F00404698472369013B2361F0E7D4F87C3190
S31502084F103A461BF8011D404698472369013B23611F
S31502084F200AF1FF3A5FFA8AFABAF1020FEED1033DA5
S31502084F30EDB2761B2368DA052FD55B0511D5019BE1
S31502084F409E427FF6BCAED4F87C313A4616F8011D6D
S31502084F50404698472369013B2361F0E7AA46B346D0
S31502084F60DEE716F8011C751E2369652903F1FF336E
S31502084F7023610CD045290AD0D4F87C313A464046FA
S31502084F80B51E9847236916F8021C013B23612E4673
S31502084F90D4F87C313A4640469847226812F0100205
S31502084FA001D000208CE63270236803F4C063B3F59F
S31502084FB0806F1CD1029B9945A3EB090223D10022DB
S31502084FC00199404602F0D8FA2168039B11F0020FB4
S31502084FD01B6857EC106B03F104021FD003990A6091
S31502084FE01B68C3E90067E3680133E360D9E7049BFA
S31502084FF0002BE4D005990A234046013102F03CFB16
S31502085000049B059EC21A04F26F1312499E4228BFD8
S3150208501004F5B776304600F055F8D0E711F0040FDC
S3150208502003990A60DCD11D6832463B46304639464A
S3150208503003F0EAFA28B1084800F048F985ED000AB3
S31502085040D1E73046394603F03DFB2860CBE74FF0FF
S3150208505000092AE69C8E0802908F08020CB4184BA7
S3150208506030B50C1E9DB01D6808DA8B234FF0FF3051
S315020850702B601DB0BDE8304002B070474FF4027392
S315020850800290069002A9ADF8143014BF04F1FF335A
S315020850902346209A2846049307934FF6FF73ADF8E2
S315020850A0163021AB019302F045FB431CBCBF8B2390
S315020850B02B60002CDDD0029B00221A70D9E700BFB4
S315020850C01CA00E220EB400B59CB06FF000411DABB9
S315020850D002900690079104910848094953F8042B4F
S315020850E0059102A90068019302F024FB029B0022A3
S315020850F01A701CB05DF804EB03B070471CA00E22B0
S315020851000802FFFF30B514469BB005461A46002C26
S3150208511005DA8B2303604FF0FF301BB030BD4FF426
S315020851200273009104916946ADF80C3014BF04F17C
S31502085130FF332346029305934FF6FF73ADF80E30FD
S315020851401E9B02F0F7FA431CBCBF8B232B60002C74
S31502085150E3D0009B00221A70DFE7000007B5009330
S3150208516013460A46014603480068FFF7CBFF03B019
S315020851705DF804FB1CA00E2202440346934200D1AA
S31502085180704703F8011BF9E70139034610B532B136
S3150208519011F8014F013A03F8014B002CF7D11A44D2
S315020851A00021934200D110BD03F8011BF9E71F291C
S315020851B038B505460C4604D9162303604FF0FF306E
S315020851C038BDC26B12B152F821304BB9284600F0ED
S315020851D035F8224601462846BDE8384000F01CB894
S315020851E0012B0AD0591C03D1162303600120E7E7D5
S315020851F00021204642F8241098470020E0E70000E4
S31502085200024B01461868FFF7D2BF00BF1CA00E2248
S31502085210004870475CA10E2238B50023064D0446A5
S31502085220084611462B6003F0DBFA431C02D12B68B1
S3150208523003B1236038BD00BF78A6102203F0C8BAAE
S3150208524038B50023054D044608462B60FDF7DCF801
S31502085250431C02D12B6803B1236038BD78A61022FD
S31502085260014B1868704700BF1CA00E227047704792
S3150208527010F8012B11F8013B012A28BF9A42F7D0F0
S31502085280D01A7047C9B20346024410B5934218466B
S3150208529001D1002003E0047801338C42F6D110BD17
S315020852A00A44431E914200D1704710B511F8014BCA
S315020852B0914203F8014FF9D110BD034613F8012BA9
S315020852C0002AFBD1181A0138704700009FED010A1F
S315020852D0704700BF0000C07F2DE9F74F03690746F4
S315020852E00C69A342C0F28380013C00F1140501F166
S315020852F01408A30055F8242008EB8409009305EB4B
S315020853008403019358F8243001339A42B2FBF3F628
S3150208531031D34FF0000AC446AE46D3465CF8043B86
S3150208532098B2E1454FEA134306FB00A04FEA104242
S3150208533080B206FB0323DEF8002092B24FEA134A34
S31502085340A2EB00029BB2DEF800005A44C3EB2243EA
S3150208535092B203EB104342EA03424FEA234B4EF85A
S31502085360042BDBD2009BEB582BB9019B043B9D42D5
S315020853701A4630D33C61384601F006F9002826DB86
S315020853802946002058F8042BD1F800C01FFA82FEDD
S31502085390C1451FFA8CF34FEA1242A3EB0E030344EC
S315020853A0C2EB23429BB202EB1C4243EA02434FEA98
S315020853B0224041F8043BE5D255F8242005EB840344
S315020853C022B9043B9D421A460BD33C61013630464C
S315020853D003B0BDE8F08F1268043B002ACAD1013C2B
S315020853E0C5E71268043B002AEFD1013CEAE7002030
S315020853F0EEE70000000000002DE9F04FC76999B0FA
S315020854008346229E09910E92139355EC104B8DED0D
S31502085410040B7FB91020FEF7EBFE0246CBF81C0000
S3150208542020B9A74BEF21A748FCF7DEFEC0E90177B2
S315020854300760C760DBF81C30196859B15A6801233E
S31502085440584693404A608B6000F01EFEDBF81C301B
S3150208545000221A602B1EB7BF23F000430023012245
S315020854600593A8BF3360059F974BB8BF3260BB430D
S3150208547012D142F20F73139A1360C7F3130323432D
S3150208548000F04685239BDFF854A2002B00F04885DE
S315020854900AF1030300F042BD9DED047B00220023BE
S315020854A051EC170B8DED0C7B03F07CF8804658B156
S315020854B00123139A1360239B13B1844B239A136017
S315020854C0DFF81CA200F02CBDC7F30A5616AA17A9C4
S315020854D058469DED0C0B01F07FF98146002E75D0DA
S315020854E00D9BA6F2FF36CDF85080C3F3130343F0A3
S315020854F07F53DDE90C0143F4401319460022744B2D
S31502085500FDF7E6FC68A3D3E9002302F0E3FD68A3EE
S31502085510D3E90023FDF7DEFC04460D463046FDF7C7
S3150208552025FE65A3D3E9002302F0D4FD02460B4605
S3150208553020462946FDF7CEFC04460D4603F07AF8C6
S315020855400022074600232046294603F035F840B1D3
S315020855503846FDF70BFE22462B4603F023F800B920
S31502085560013F162F51D85B4B03EBC703DDE90C014C
S31502085570D3E9002303F020F8002848D0013F00238E
S315020855801293169B9B1B5A1E46BFC3F101080023A2
S315020855904FF00008089248BF0893002F39DB089B92
S315020855A00F973B44089300230A93099B092B61D85A
S315020855B0052BC5BF043B002401240993099B023B22
S315020855C0032B63D8DFE803F05254372CDDE9166360
S315020855D01E4406F23243202BC9BFC3F14003C3F16E
S315020855E020039F4006F21243D8BF04FA03F006F1DD
S315020855F0FF36C4BF24FA03F347EA0300FDF7A6FD04
S315020856000122A1F1F873149277E70123B8E7129001
S31502085610B7E77B42A8EB07080A9300230F93C4E770
S3150208562001230B930E9BFB1800930133012B039363
S31502085630B8BF012306E001230B930E9B002B28DD3E
S3150208564000930393DBF81C000021042202F11405DF
S315020856509D4223D94160584600F0D6FC824600286E
S3150208566040D11D4B024640F2AF11DCE60023E3E7C8
S315020856700023D6E7012400230B9409934FF0FF3346
S3150208568000220093039312230E92DBE701230B9366
S31502085690F4E701231A4600930393F5E70131520012
S315020856A0D4E700BFAFF3008061436F63A787D23F99
S315020856B0B3C8608B288AC63FFB799F501344D33FF1
S315020856C0AE8E0802C58E08020000F07F798E0802A7
S315020856D00000F83F409008021E8F0802AA8E0802B0
S315020856E0788E0802DBF81C301860039B0E2B00F23A
S315020856F0A180002C00F09E80002F33DD07F00F02F8
S315020857009B4BF8054FEA271403EBC20393ED007B84
S315020857108DED067B16D5974B04F00F040326D3E9C5
S315020857200823DDE90C0102F0FFFDCDE90401914DE4
S3150208573054B9DDE90623DDE9040102F0F5FDCDE9F8
S31502085740040128E00226F2E7E10708D50136DDE979
S315020857500601D5E9002302F0BDFCCDE90601641075
S315020857600835E5E700F0AF807C42814B814D022681
S3150208577004F00F02241103EBC203DDE90C01D3E99D
S31502085780002302F0A7FC0023CDE90401002C40F017
S315020857908F80002BD3D1129BDDE90445002B00F044
S315020857A094800022744B2046294602F005FF002801
S315020857B000F08B80039B002B00F08780009B002B58
S315020857C034DD7B1E204600222946069301366B4BA2
S315020857D002F080FC009CCDE904013046FDF7C6FCC8
S315020857E0DDE9042302F076FC0022654BFDF772FB25
S315020857F00546A1F15076002C6AD10022614BDDE9FB
S315020858000401FDF765FB02460B46CDE904232A4649
S31502085810334602F0EFFE002840F087822A4606F158
S315020858200043DDE9040102F0C7FE38BBDDE90C34AA
S31502085830CDE90434179B002BC0F258810E2F00F3D2
S3150208584055814B4B03EBC70393ED007B0E9B002B55
S315020858508DED007B80F2E580039B002B00F3E1804F
S315020858600CD10022474B51EC170B02F033FCDDE951
S31502085870042302F0B5FE002800F0558200242546CE
S315020858800E9B5646DB43069300272146584600F0F0
S31502085890FBFB002D00F0BD802FB1AF4203D0394685
S315020858A0584600F0F1FB2946584600F0EDFBB0E0F9
S315020858B0E20705D50136D5E9002302F00BFC0123E0
S315020858C06410083562E7022665E7039C069784E7B3
S315020858D0274B0B9903EBC403544453E902230029CB
S315020858E054D00020284902F01FFD334656462A4660
S315020858F0FDF7EEFACDE91001DDE9040102F09AFEA0
S315020859000546FDF733FC02460B463035DDE9040150
S31502085910FDF7DEFA02460B4606F8015BCDE90423DB
S31502085920DDE9102302F048FE002872D10020124950
S31502085930DDE90423FDF7CCFADDE9102302F03CFE8B
S31502085940002840F0B480A6423FF470AF00220B4B09
S31502085950DDE9100102F0BEFB0022084BCDE9100179
S31502085960DDE9040102F0B6FBCDE90401C4E700BF94
S3150208597040900802189008020000F03F00002440F8
S3150208598000001C40000014400000E03F3146564625
S31502085990284602F09FFB1594CDE91001DDE90401C2
S315020859A002F048FE0546FDF7E1FB024630350B4696
S315020859B0DDE90401FDF78CFA06F8015B02460B469F
S315020859C0A642CDE904234FF0000224D1AB4BDDE910
S315020859D01001FDF77FFA02460B46DDE9040102F0E3
S315020859E009FE002863D10020A449DDE91023FDF74A
S315020859F06FFA02460B46DDE9040102F0DDFD0028D6
S31502085A003FF414AF159E731E159316F8013C302BFE
S31502085A10F8D0069F3BE09A4B02F05CFBCDE9040105
S31502085A20BCE7DDE90445564620462946DDE900235A
S31502085A3002F07AFC02F0FEFD8046FDF797FBDDE9EF
S31502085A40002302F047FB0246204608F130040B46C3
S31502085A502946FDF73DFA039D06F8014BA6EB0A0413
S31502085A6002460B46A54234D1FDF734FA04460D46E2
S31502085A70DDE9002302F0BEFDC0B920462946DDE96C
S31502085A80002302F08FFD10B118F0010F0ED149461E
S31502085A90584600F0F9FA002301373370139B1F604A
S31502085AA0239B002B00F03C821E6039E206973346A0
S31502085AB01E4613F8012D392A07D19A45F8D1069AB6
S31502085AC00132069230228AF800201A7801321A70B8
S31502085AD09FE700226A4B02F0FDFA002200230446E1
S31502085AE00D4602F05FFD00289ED0D0E70B9A002AE9
S31502085AF000F0E180099A012A00F3C480149A002A68
S31502085B0000F0B78003F233430A9C4646089A0121FD
S31502085B10584698441A44089200F0B6FB05465EB108
S31502085B20089B002B08DDB342089AA8BF3346A8EBA8
S31502085B300308F61AD31A08930A9BF3B10B9B002B98
S31502085B4000F0BD808CB129462246584600F056FC24
S31502085B504A4601460546584600F0ACFB49460690B9
S31502085B60584600F091FA069B99460A9B1A1B04D0DE
S31502085B704946584600F042FC81460121584600F043
S31502085B8083FB0F9B0446002B00F0CE811A46014682
S31502085B90584600F033FC099B0446012B00F3958016
S31502085BA0049B002B40F08D80059BC3F31303002B47
S31502085BB040F08980059B23F000431B0D1B052BB182
S31502085BC0089B08F101080133089301230A930F9BE6
S31502085BD0002B00F0AF81236904EB8303186900F0F8
S31502085BE007FBC0F12000089B184410F01F0077D06D
S31502085BF0C0F12003042B6BDDC0F11C00089B804416
S31502085C00034406440893B8F1000F05DD49464246A7
S31502085C10584600F04DFC8146089B002B05DD2146BF
S31502085C201A46584600F044FC0446129B002B59D0EB
S31502085C302146484600F0A8FC002853DA7B1E49464E
S31502085C400A2258460693002300F040FA0B9B814627
S31502085C50002B00F07181002329460A22584600F0DB
S31502085C6035FA009B0546002B67DC099B022B41DCB3
S31502085C7063E0169BC3F1360346E700BF0000E03F28
S31502085C8000002440039B5C1E0A9BA34209DB1C1BE3
S31502085C90039B002BBFF639AF039BA8EB0306002331
S31502085CA034E70A9B46460F9AE31A0A9400241A44D2
S31502085CB0039B0F922AE70A9C46460B9D2FE70A9AF0
S31502085CC056E7002382E7049B80E700230A9382E7CC
S31502085CD099D01C33089A1A4498441E44089292E7AB
S31502085CE00346F6E7039B0697002B20DC0093099BE5
S31502085CF0022B1EDD009B002B7FF4C2AD2146052236
S31502085D00584600F0E3F901460446484600F03CFCD2
S31502085D1000287FF7B5AD3123564606F8013B069BA8
S31502085D2001330693B0E5039C06972546F3E7039BE2
S31502085D3000930B9B002B00F00381002E05DD2946FC
S31502085D403246584600F0B4FB05460A9B002B5AD049
S31502085D506968584600F058F9064628B9834B024640
S31502085D6040F2EF21FFF75FBB2A6905F10C010C30FF
S31502085D7002329200FFF794FA01223146584600F0A1
S31502085D8097FB0AF101032F4605460393009B5344EA
S31502085D900B93049B03F001030A93039B214648468F
S31502085DA0013B0093FFF798FA3946049000F1300850
S31502085DB0484600F0E9FB2A4608902146584600F074
S31502085DC0FFFBC268064602BB0146484600F0DCFBFA
S31502085DD00246314658460E9200F056F9099B0E9A2B
S31502085DE0039E42EA03010A9B194310D1B8F1390FFF
S31502085DF029D0089B002B02DD049B03F13108009B86
S31502085E0083F8008041E52846BBE70122E1E7089BC3
S31502085E10002B04DB09990B430A990B4320D1002A6C
S31502085E20EDDD49460122584600F042FB21468146ED
S31502085E3000F0AAFB002803DCE1D118F0010FDED03E
S31502085E40B8F1390FD8D13923009A137033461E4652
S31502085E50013B16F8012C392A51D001321A7014E581
S31502085E60002A07DDB8F1390FEDD008F10103009ACF
S31502085E7013700AE5039B0B9A03F8018C934228D008
S31502085E80494600230A22584600F020F9AF428146C5
S31502085E904FF000034FF00A023946584607D100F080
S31502085EA015F907460546039B0133039375E700F088
S31502085EB00DF92946074600230A22584600F006F934
S31502085EC00546F0E7009B0027002BCCBF1E4601269D
S31502085ED0564449460122584600F0EAFA21468146C6
S31502085EE000F052FB0028B1DC02D118F0010FADD147
S31502085EF033461E4613F8012D302AFAD0C5E49A45D0
S31502085F00A5D1069B0133069331238AF80030BCE4F7
S31502085F10239BDFF85CA01BB10AF10803239A1360DE
S31502085F20504619B0BDE8F08F099B012B7FF738AEB2
S31502085F300F9B0A93012056E6009B002B7FF7D7AEEC
S31502085F40564621464846FFF7C7F900F13008009B36
S31502085F5006F8018BA6EB0A029342B3DD49460023F3
S31502085F600A22584600F0B2F88146EAE71E8F08026E
S31502085F70A18E080238B50546002941D051F8043CDD
S31502085F800C1F002BB8BFE418FEF7E4F91D4A136884
S31502085F9033B9636014602846BDE83840FEF7E0B9B5
S31502085FA0A34208D9206821188B4201BF19685B6889
S31502085FB009182160EDE71A465B680BB1A342FAD9C4
S31502085FC011685018A0420BD120680144501811607C
S31502085FD08342E0D118685B68084453601060DAE7C8
S31502085FE002D90C232B60D6E7206821188B4202BF00
S31502085FF019685B680918636008BF21605460CAE7BC
S3150208600038BD00BF3CA5102270B5C66904460D46C8
S3150208601076B91020FEF7ECF80246E06120B9184B73
S315020860206B211848FCF7E0F8C0E901660660C6600D
S31502086030E669F36883B1E369DB6853F82500B8B902
S315020860400121204601FA05F6721D920001F0A4FC10
S3150208605060B1C0E901560EE021220421204601F072
S315020860609BFCE369F060DB68002BE4D1002070BD7D
S31502086070026843F825200023C0E90333F7E700BF87
S31502086080AE8E08022F8F080270B5C66905460C4601
S3150208609076B91020FEF7ACF80246E86120B9094B3A
S315020860A08F210948FCF7A0F8C0E901660660C660B8
S315020860B03CB1EB696268DB6853F82210216043F849
S315020860C0224070BDAE8E08022F8F08022DE9F041DC
S315020860D001F1140C07460C461E460D690020DCF831
S315020860E00030013099B2854202FB01614FEA13463C
S315020860F04FEA114389B202FB063301EB03414FEA29
S3150208610013464CF8041BEADC0EB3A368AB4219DC4F
S31502086110616838460131FFF777FF804628B902469B
S315020861200C4BBA210C48FCF75FF8226904F10C0102
S315020861300C3002329200FFF7B3F82146444638463D
S31502086140FFF7A2FF04EB850301355E612561204650
S31502086150BDE8F0811E8F08022F8F08022DE9F84349
S3150208616015461F46092208330C460646002193FBAC
S31502086170F2F301229A4209DB3046FFF745FF40B99E
S315020861800246194BD3211948FCF72EF85200013161
S31502086190F0E7089B092D43614FF00103036116DD01
S315020861A004F109092C44C84618F8013B01460A229B
S315020861B03046303BFFF78AFFA045F5D1A5F1080422
S315020861C04C442D1B6319BB4204DBBDE8F8830A3431
S315020861D00925F6E714F8013B01460A223046303B08
S315020861E0FFF774FFEEE700BF1E8F08022F8F080223
S315020861F0B0F5803F034636BF030400201020B3F1F2
S31502086200807F3CBF1B020830B3F1805F3CBF1B0195
S315020862100430B3F1804F3CBF9B000230002B05DBF4
S3150208622013F0804F00F1010008BF20207047036871
S31502086230024613F007000BD0D90721D4980747BFA7
S315020862405B0801209B0802204CBF1360136070474D
S3150208625099B209B91B0C1020D9B209B908301B0A20
S31502086260190704BF1B090430990704BF9B080230AB
S31502086270D90703D45B0800F1010003D01360704705
S31502086280002070472020704710B50C460121FFF701
S31502086290BBFE024628B9054B40F245110448FBF7F6
S315020862A0A3FF01234461036110BD00BF1E8F0802CC
S315020862B02F8F08022DE9F04F17460A69894685B0DD
S315020862C03B699A42A2BF3B460F4699463D69BB685F
S315020862D0D9F810A0796805EB0A06B342B8BF0131AE
S315020862E0FFF792FE30B90246424B4FF4B17142486B
S315020862F0FBF77AFF00F11404002204EB860E23460C
S31502086300734520D307F1140809F1140108EB850532
S3150208631001EB8A030293EB1B1537153B23F00303A4
S315020863200433BD4238BF04230193029B03918B4277
S315020863300CD8002E03DD5EF8043D002B57D006610B
S3150208634005B0BDE8F08F43F8042BD9E7B1F800A0F1
S31502086350BAF1000F21D0C446A14600275CF8042BE7
S31502086360D9F800301FFA82FB65459BB24FEA124202
S315020863700AFB0B333B44D9F800704FEA17470AFB6E
S31502086380027202EB13429BB24FEA124743EA0243F6
S3150208639049F8043BE2D8019BE750039B0431B3F862
S315020863A00290B9F1000F20D023684746A4464FF061
S315020863B0000AB7F800B09BB2BCF8022009FB0B2210
S315020863C0524443EA02434CF8043B57F8043B4FEA6B
S315020863D0134ABCF80030BD4209FB0A3303EB1243E9
S315020863E04FEA134AE5D8019AA35004349DE7013EC1
S315020863F09FE700BF1E8F08022F8F08022DE9F84378
S31502086400154612F0030207460E4607D0013A254CF6
S31502086410002354F82220FFF759FE0646AD103DD058
S31502086420FC697CB91020FDF7E3FE0246F86128B93B
S315020864301D4B40F2B3111D48FBF7D6FEC0E90144D5
S315020864400460C460D7F81C80D8F808404CB940F2FA
S3150208645071213846FFF718FF00230446C8F80800DA
S3150208646003604FF00009EB070AD531462246384643
S31502086470FFF720FF8046314638464646FFF704FEB8
S315020864806D100BD0206838B9224621463846FFF7E8
S3150208649011FF2060C0F800900446E4E73046BDE8E4
S315020864A0F88300BF08900802AE8E08022F8F0802F2
S315020864B02DE9F0470C46074691464FEA621A2369C8
S315020864C0496803EB6218A36808F10106B3420BDBBD
S315020864D03846FFF799FD054648B90246284B4FF458
S315020864E0EF712848FBF780FE01315B00EEE70023D7
S315020864F000F1140100F110021846534533DB2AEA6B
S31502086500EA7A04F11403206919F01F0901EB8A01DA
S3150208651003EB800C2BD0C9F1200E8A46002218689C
S3150208652000FA09F010434AF8040B53F8042B9C4569
S3150208653022FA0EF2F3D8ACEB040304F11500153B6C
S3150208654023F003030433604588BF0423CA500AB103
S3150208655008F10206013E384621462E61FFF794FDF0
S315020865602846BDE8F087013342F8040FC5E7043927
S3150208657053F8042B9C4541F8042FF9D8EAE700BFE3
S315020865801E8F08022F8F080203460A690069801ABD
S3150208659030B50ED11433143103EB820401EB8201B8
S315020865A054F8045D51F8042D954203D005D24FF0F4
S315020865B0FF3030BDA342F3D3FBE70120F9E7000021
S315020865C02DE9F74F89460646114614464846FFF70F
S315020865D0DBFF051E12D129463046FFF715FD024696
S315020865E028B9414B40F237214048FBF7FDFD01230C
S315020865F0C0E90435104603B0BDE8F08FBCBF4B4670
S31502086600A1463046B8BF0125D9F80410B4BF1C46C6
S315020866100025FFF7F9FC024618B9334B40F245212B
S31502086620E2E7D9F8107004F1140E266900F1140B8A
S31502086630C56009F1140509F110030EEB860605EB90
S315020866408708D9464FF0000C0193019B5EF8040BAC
S3150208665053F804AF764501931FFA8AF3194683B2B3
S315020866604FEA1040A1EB0303C0EB1A40634400EB68
S3150208667023409BB24FEA204C43EA004349F8043BC5
S31502086680E3D8331B1534153B23F003030433A64220
S3150208669038BF04231D445B442C461E4644450ED38C
S315020866A008F10301491B033D21F00301A84538BF40
S315020866B000210B4453F8041D99B117619AE754F85F
S315020866C0041BE6461FFA81FC080C7144F44489B29D
S315020866D000EB2C4041EA00414FEA204C46F8041BE5
S315020866E0DCE7013FE6E700BF1E8F08022F8F08028C
S315020866F082B0114B8DED000B019A1340A3F1507332
S31502086700002B08DC5B42B3F1A07F4FEA235204DA7E
S315020867104FF400231341002208E0A2F114031E2BB2
S31502086720D6BF4FF000420122DA400023194610462E
S3150208673041EC100B02B070470000F07F2DE9F041E2
S31502086740066900F1140808EB860656F8042C371F6A
S315020867501046FFF74DFDC0F120030A280B601D49BC
S3150208676016DCC0F10B0CB84500F1150022FA0CF341
S3150208677002FA00F043EA010534BF56F8083C002342
S3150208678023FA0CF303431C4645EC104BBDE8F08193
S31502086790B8453ABFA6F1080756F8083C00230B3855
S315020867A014D0C0F120018240474523FA01F403FAC6
S315020867B000F342EA040242F07F558CBF57F8042CD4
S315020867C0002245F44015CA401343DCE742EA0105B4
S315020867D0D9E700BF0000F03F2DE9F7430F46012134
S315020867E0164659EC108BFFF70FFC044630B90246E1
S315020867F0234B40F20F312348FBF7F6FCC9F30A553F
S31502086800C9F313030DB143F480130193B8F10003DE
S3150208681023D068460093FFF70AFDDDE90012D0B1DE
S31502086820C0F1200302FA03F3C2400B4301926361EB
S31502086830019B002BA3610CBF012202222261A5B192
S31502086840A5F233450544C0F135003D603060204667
S3150208685003B0BDE8F0836161EAE701A8FFF7E7FC48
S31502086860019B203001226361E8E7A0F2324004EB83
S31502086870820338601869FFF7BBFCC0EB4210E5E7F4
S315020868801E8F08022F8F08022DE9F04F85B0CDE939
S31502086890001002A9FFF752FF03A9009855EC104B06
S315020868A0FFF74CFF019B2F4620461969009B1B697F
S315020868B0C91ADDE902325BEC10AB9B1AD94603EB27
S315020868C04113002BCDBF2A46C3EB03335A4602EBCC
S315020868D00357D8BF02EB0359524639464B4601F0D5
S315020868E023FD41EC100B05B0BDE8F08F013902F12A
S315020868F01403491170B501311469051F00EB8101B2
S3150208690003EB8404A3420CD3A31A1132113B23F0DE
S315020869100303A24288BF002318440023884205D3F2
S3150208692070BD53F8046B45F8046FEBE740F8043B77
S31502086930F4E700F114024B110069984210B511DB15
S315020869400ADD11F01F0107D052F8234024FA01F09C
S3150208695000FA01F18C420BD102EB8303934203D86E
S31502086960002010BD0346F7E753F8041D0029F5D0A9
S315020869700120F6E770B504460D46164645EC104B5F
S31502086980FFF7B6FE51EC100B7EB1C5F30A53C3F1FD
S315020869906B03002B09DD1B05002403F17F552246F4
S315020869A005F540152B4601F095FB41EC100B70BD21
S315020869B02DE9F04F9FB00C464FF0000A4FF0000B3E
S315020869C01792002205901A920A46199211782B29D3
S315020869D04AD038D80D2932D8082932D800293BD0CE
S315020869E000220E92199D2A78302A40F0B2806A78DF
S315020869F002F0DF02582A6ED1029319A90E9B904A19
S31502086A0001931AAB059800931BAB01F03FF810F0FF
S31502086A100F06044605D0062E28D1013500231995FE
S31502086A200E93179B002B40F08E850E9BCBB15246D8
S31502086A300BF1004343EC102B1FB0BDE8F08F202961
S31502086A40CED10132C1E72D29CAD101210E91511C9D
S31502086A5019915278002AC5D1179B1994002B40F038
S31502086A60708552465B46E5E70021EFE71A9A3AB186
S31502086A7035211CA8FFF73AFF1A990598FFF704FB78
S31502086A80013E1B9A042E06D8DFE806F014031D20E1
S31502086A901400DDE91CABE10548BF4BF0004B2BF0B7
S31502086AA000431B0D1B05002BBBD1FEF7D9FB222386
S31502086AB00360B6E7DDE91CA302F2334223F480132E
S31502086AC043EA025BE7E7DFF880B1E4E76FF0004BE1
S31502086AD04FF0FF3ADFE7199B5A1C19925B78302B65
S31502086AE0F9D0002B9DD00123002708930A22199B6F
S31502086AF0B9460B970C9319980578A5F13003D9B2C4
S31502086B00092928D901224F4900F02AFF002832D044
S31502086B1000202A464D4603460A90652A01D0452A90
S31502086B2014D11DB9089A024396D00025199C621CF5
S31502086B30199262782B2A79D02D2A7DD04FF0000C33
S31502086B40A2F13001092940F2858019944FF0000814
S31502086B50A5E00023C8E7B9F1080F00F1010009F121
S31502086B600109D4BF0B9902FB07371990DCBF02FB58
S31502086B7001330B93BFE7199B5A1C19925A78B9F13C
S31502086B80000F3AD04D460A90A2F13003092B12D9CA
S31502086B900123C2E7199B01305A1C19925A78302AE6
S31502086BA0F8D0A2F13103082B00F2D2840A90002011
S31502086BB0199B05460C93303A00F1010317D00A993E
S31502086BC02E464FF00A0E19440A91711CA1EB050CC8
S31502086BD0634514DC20EAE0702B180135082B0544BE
S31502086BE01ADC0B990A2303FB01230B930023199A38
S31502086BF01846511C19915278C6E74846CFE7082E1F
S31502086C0005DC0B9E0EFB06F60B960E46DDE71029F3
S31502086C10D8BF0EFB07F7F8E70F2BDCBF0A2303FBE7
S31502086C200727E3E700230A9301237BE74FF0000CCB
S31502086C30A21C1992A27883E74FF0010CF8E700BF6D
S31502086C401C910802898F08020000F07F199A511CCC
S31502086C5019915278302AF9D0A2F1310108293FF662
S31502086C6075AF303A4FF00A080992199A0F92199A93
S31502086C70561C19965278A2F1300EBEF1090F39D96F
S31502086C800F9944F61F68761A082E03DC0999884577
S31502086C90A8BF8846BCF1000F01D0C8F10008002D34
S31502086CA04ED1089901437FF4BCAE002B7FF4D4AED3
S31502086CB0692A28D025DC492A25D04E2A7FF4CCAE6B
S31502086CC09A4919A801F002F900283FF4C5AE199BA2
S31502086CD01B78282B2ED11CAA954919A801F00AF966
S31502086CE0052827D11D9BDDF870A043F0FF4B4BF416
S31502086CF0E00B96E6099908FB0121A1F130020992F7
S31502086D00B5E76E2ADAE78B4919A801F0DFF80028F9
S31502086D103FF4A2AE199B19A88749013B199301F0C2
S31502086D20D5F810B9199B01331993DFF81CB24FF045
S31502086D30000A76E6814800F027FE5BEC10AB70E6A7
S31502086D400A9BB9F1000F08BFA946102D0B98A8EBAC
S31502086D5003032C46A8BF10240993FCF7F7F9092D5B
S31502086D6082468B4613DC099B002B3FF45AAE099BDD
S31502086D7078DD162B5FDC7249524601EBC3015B468E
S31502086D80D1E9000101F0A6F982468B4649E66C4B29
S31502086D9003EBC40353E9122301F09CF982468B469E
S31502086DA03846FCF7D3F902460B4650465946FCF7D5
S31502086DB091F80F2D82468B46D5DD2C1B099B1C4468
S31502086DC0002C40F3938014F00F030AD05C49524614
S31502086DD001EBC3015B46D1E9000101F07BF982466A
S31502086DE08B4634F00F0473D0B4F59A7F49DD00243C
S31502086DF0A046A1460B942223059ADFF84CB14FF020
S31502086E00000A13600B9B002B3FF40BAE1A990598E8
S31502086E10FFF73AF949460598FFF736F941460598C4
S31502086E20FFF732F90B990598FFF72EF921460598CF
S31502086E30FFF72AF9F5E5C5F12503099A9342BCDB62
S31502086E40C5F10F053E4C52465B4604EBC501D1E936
S31502086E50000101F03FF9099B5D1B04EBC504D4E967
S31502086E6000238FE71633A8DB0A9B50465946A3EB45
S31502086E700808334B03EBC808D8E9002301F054FA93
S31502086E8082E700232411504659462E4F1E46012CEE
S31502086E9021DC0BB182468B462A49ABF1547B52461A
S31502086EA001EBC6015B46D1E9000101F013F9264B55
S31502086EB00A4682460B4025498B4298D8A1F580118D
S31502086EC08B4286BFDFF888B04FF0FF3A02F1547B57
S31502086ED00023089376E0E20704D5D7E9002301F0F8
S31502086EE0F9F80123013664100837D0E7F0D0644276
S31502086EF014F00F020AD0124B5046594603EBC2034E
S31502086F00D3E9002301F010FA82468B462411DFD01A
S31502086F101F2C1FDD0024A046A1460B942223059AA6
S31502086F204FF0000A4FF0000B13606BE7758E0802EC
S31502086F30089108026D8E0802A48E0802908F080234
S31502086F4040900802189008020000F07F0000A07C1A
S31502086F50FFFFEF7F14F0100350465946A94E18BF9B
S31502086F606A2308930023E70704D5D6E9002301F02C
S31502086F70B1F80123641006F10806F4D10BB1824672
S31502086F808B46089BB3B1CBF30A525946C2F16B033F
S31502086F90002B0FDD1F2B56DD342B4FF0000ADBBF0B
S31502086FA04FF0FF33C2F14B024FF05C7B9340D8BFE0
S31502086FB003EA010B002200235046594601F0F2FA71
S31502086FC00028A7D10B9B4A460C9900932B46059895
S31502086FD0FFF7C4F80B9000283FF409AF099A00247A
S31502086FE00A9B002AA3EB0803A046A8BF0023129314
S31502086FF022EAE27316930B9B05985968FFF704F881
S31502087000814600283FF4F7AE0B9B0C301A6903F150
S315020870100C0102329200FEF743F91CAA1BA9059835
S315020870204BEC10ABCDE90CABFFF7D6FB1A90002858
S315020870303FF4E1AE01210598FFF726F9804648B9E3
S315020870404FF00008D7E64FF0FF3202FA03F303EADD
S315020870500A0AAFE71B9D1C9A002DA9BF129B169B15
S31502087060EF18169EB8BF5E1B089BB8BF129FED1A93
S31502087070654B1544C2F13602013D9D424FDA5B1B50
S3150208708001211F2BA2EB03023DDC01FA03F3139342
S3150208709000231093BD18089B1644AF421E443B4674
S315020870A0A8BF2B46B342A8BF3346002BC2BFED1A70
S315020870B0F61AFF1A129B002B16DD41461A46059848
S315020870C0FFF79CF980460028BAD001461A9A059815
S315020870D0FFF7F0F80A9000283FF48DAE1A99059842
S315020870E0FEF7D2FF0A9B1A93002D1DDC099B002B83
S315020870F023DD4946169A0598FFF780F98146E0B9D5
S315020871004FF0000977E6C5F17F45139105F57F052E
S3150208711005F57B45E23501FA05F31093BAE7002334
S31502087120109301231393B5E72A461A990598FFF790
S31502087130BFF91A900028D9D15DE6002E07DD494627
S3150208714032460598FFF7B4F981460028D8D0002FB1
S3150208715008DD41463A460598FFF7AAF9804600280F
S315020871603FF449AE4A461A990598FFF729FA0446A2
S3150208717000283FF440AEC36841460F930023C3601C
S31502087180FFF702FA002845DA0F9B53EA0A036BD186
S31502087190CBF31303002B67D12BF000431B0D1B0502
S315020871A0B3F1D66F60D9636913B92369012B5BDD25
S315020871B0214601220598FFF77BF941460446FFF767
S315020871C0E3F9002850DD2BF00043089A1B0D1B0536
S315020871D0002A6AD0B3F1D66F67D8B3F15C7F7FF61F
S315020871E09DAE0A4B50465946002200F073FF084BE3
S315020871F082468B460B40002B7FF408AE2223059A63
S31502087200136003E63091080202FCFFFF00005039C2
S315020872100000F07FCDF828B065D10F9ACBF313039F
S315020872205AB39F4A93422BD1089B514603B35A46F7
S315020872309C4B13404FF0FF32B3F1D46F1BD81B0D92
S31502087240C3F16B0302FA03F3994219D1964B0A9AD0
S315020872509A4202D101313FF4CEAD924B4FF0000A69
S315020872600A9A1A4002F5801B089B002BB9D1CDE574
S315020872704FF0FF33E8E71346E6E753EA0A03A2D0DC
S31502087280109BDBB10A9A1342EED00F9B5046089A1E
S315020872905946BBB1FFF76EFBDDE90C0153EC102B27
S315020872A0FBF718FE82468B46DEE7A3F580134FF0FE
S315020872B0FF3A6FEA135B6FEA0B5BD5E7139B13EA98
S315020872C00A0FE1E7FFF756FBDDE90C0153EC102B39
S315020872D0FBF7FEFD0022002382468B4601F062F987
S315020872E00028C1D01AE641462046FFF7CDFA002209
S315020872F04FF0804357EC106B3046394601F066F979
S3150208730000286FD00F9B002B7AD1BAF1000F58D103
S315020873100A9BC3F31303002B5AD10022634B304650
S31502087320394601F049F9002859D130463946002232
S315020873305F4B00F0CFFE06460F4607F1004306965E
S315020873400793584DDDE90623CDE910230A9B1D4014
S31502087350584B9D4240F0B2800A9BA3F1547B4BECFA
S3150208736010ABFFF7C5F9DDE9062351EC100B00F067
S31502087370B1FE52465B46FBF7ADFD0B4649498246CE
S315020873804D4A1940914242D90D9A474B9A4203D126
S315020873900C9B01333FF42FADDFF80CB14FF0FF3AE7
S315020873A01A990598FEF770FE49460598FEF76CFE8F
S315020873B041460598FEF768FE21460598FEF764FEE3
S315020873C019E6BAF1010F03D10A9B002B3FF4A6ADC9
S315020873D00026364F9FED2A7B8DED067BB1E7002608
S315020873E0334FAAE7324B30463946002200F072FE86
S315020873F00F9B06460F46002B9FD0CDE90667A0E7EE
S315020874009FED217B57EC176B8DED067B99E703F110
S31502087410547B089BCDF828B0002BC1D12BF0004332
S315020874201B0D1B059D42BBD13046394601F09AF920
S31502087430FBF7D8FE02460B4630463946CBF313060F
S31502087440FBF746FD0B46024646EA0A06CDE90C2339
S315020874500F9B1E436FD00EA3D3E9002301F0ACF8AD
S3150208746000287FF4D3AC0CA3D3E90023DDE90C0191
S3150208747001F0C0F8002893D0C8E400BFAFF300803B
S31502087480000000000000F0BF000000000000F03F0E
S315020874909535A094FFFFDF3F35E5AF350000E03FA5
S315020874A0FFFF0F000000F07FFFFFEF7F0000F03FB5
S315020874B00000E03F0000E07FFFFF9F7C089B23B3AC
S315020874C0B5F1D46F21D83046394627A3D3E900232C
S315020874D001F07CF8A0B13946304601F0D3F801280C
S315020874E038BF0120FBF732FE0F9B06460F46FBB953
S315020874F001F1004314901593DDE91423CDE9102315
S31502087500119B03F1D6635B1B1193DDE910AB9DED6D
S315020875100C0BFFF7EDF85046594653EC102B00F0CA
S31502087520D9FDDDE90C23FBF7D5FC82468B4670E7CD
S31502087530CDE91467E0E70EA3D3E9002301F03CF88E
S3150208754098E700230E93199B179A1360FFF76DBAF3
S31502087550652A3FF467AB452A3FF464AB0123FFF77C
S31502087560A0BB00BFAFF300800000C0FFFFFFDF41F2
S315020875709535A094FFFFCF3F014BFFF719BA00BF1D
S315020875806CA00E22242B2DE9F0478646904601D898
S31502087590012B06D1FDF764FE162303600020BDE821
S315020875A0F0870D4633482A4615F8014B065D16F054
S315020875B00806F8D12D2C10D12C780126951C33F00B
S315020875C0100215D1302C0DD12A7802F0DF02582A82
S315020875D008D16C78023510230AE02B2C04BF2C78CC
S315020875E0951CECE7002BF6D1302C14BF0A2308238E
S315020875F006F1004C00220CF1FF3C1046BCFBF3F9E5
S3150208760003FB19CAA4F13007092F0FD83C46A34237
S315020876101BDD571C07D0814514D301D1A24511DBC6
S3150208762000FB0340012215F8014BEBE7A4F14107E1
S31502087630192F01D8373CEAE7A4F16107192F04D8B4
S31502087640573CE4E74FF0FF32EDE7531C08D12223FB
S315020876506046CEF80030B8F1000FA0D0691E06E0E9
S3150208766006B14042B8F1000F99D0002AF6D1C8F8FF
S31502087670001094E759910802FFF784BF2DE9F047F5
S315020876801F468E6882460C46BE4290460B682DD827
S31502087690B1F90C2012F4906F26D06569096905EBD9
S315020876A04505A3EB01097B1C05EBD5754B446D100B
S315020876B09D4238BF1D46530527D52946FCF7CAFD04
S315020876C0064660B34A462169FDF7EAFDA38923F413
S315020876D0906343F08003A38126614E446561A5EB5E
S315020876E0090526603E46A560BE4200D93E46324698
S315020876F04146206800F01AF9A36800209B1BA36084
S31502087700236833442360BDE8F0872A4600F09FFCCD
S3150208771006460028E0D121695046FEF72BFC0C23C9
S315020877204FF0FF30CAF80030A38943F04003A38123
S31502087730E9E700002DE9F04F98468B899DB0074688
S315020877401B060D46144610D50B6973B94021FCF782
S3150208775081FD2860286130B90C233B604FF0FF3069
S315020877601DB0BDE8F08F40236B610023CDF80C8075
S315020877704FF00109DFF8A081099320238DF82930FB
S3150208778030238DF82A3023469A4613F8012B0AB17C
S31502087790252AF9D1BAEB040B0BD05B4622462946B9
S315020877A03846FFF76BFF013000F0A780099A5A4462
S315020877B009929AF80030002B00F09F8000234FF0C0
S315020877C0FF320AF1010A049307938DF853301A938C
S315020877D0CDE90523544605224F4814F8011BFDF747
S315020877E051FD049AD8B9D00644BF20238DF85330E8
S315020877F0110744BF2B238DF853309AF800302A2BF1
S3150208780015D0079A544600204FF00A0C214611F863
S31502087810013B303B092B4BD9B0B1079214E0A0EBE0
S315020878200803A24609FA03F313430493D2E7039B18
S31502087830191D1B68002B0391BBBF5B4242F0020273
S3150208784007930793B8BF049223782E2B0AD163783D
S315020878502A2B32D1039B02341A1D1B6843EAE373AF
S3150208786003920593DFF8C0A0032221785046FDF75C
S3150208787009FD38B1A0EB0A004022049B013482407C
S315020878801343049314F8011B062224488DF8281082
S31502087890FDF7F8FC002836D0214B1BBB039B0733A8
S315020878A023F0070308330393099B334409936AE7D2
S315020878B00CFB02320C460120A8E7002301344FF0E4
S315020878C00A0C19460593204610F8012B303A092A64
S315020878D003D9002BC6D00591C4E70CFB0121044647
S315020878E00123F0E703AB2A4604A9384600930D4B59
S315020878F0FCF7E8FD421C0646D6D1AB895B063FF586
S315020879002DAF09982CE703AB2A4604A938460093FB
S31502087910044BFDF773F8EDE78B8F0802958F080283
S31502087920C54408027D760802918F0802884210B57E
S3150208793001EB020402D98442234607D8431EA14218
S3150208794008D011F8012B03F8012FF8E70244014683
S315020879508A4200D110BD13F8014D02F8014DF7E72E
S3150208796010B56AB10139841810F8012B11F8013FD4
S315020879709A4203D1A04201D0002AF5D1D01A10BDED
S315020879801046FCE7000000009FED010B704700BFA0
S31502087990000000000000F87F70B5A1FB025434B95C
S315020879A02946FCF757FC064628B9304670BD0C2214
S315020879B000260260F9E72A462146FDF7DDFBF4E7D1
S315020879C003694A11B3EB611F2DE9F04300F1140470
S315020879D045DD11F01F0104EB830604EB82050CD189
S315020879E000F110072946B14234D39B1AEA1E9B00BE
S315020879F0964238BF0023234415E054F82270C1F199
S31502087A00200805F1040EA146CF407645F44615D85E
S31502087A109A1A01359200043AAE4238BF0022A318D8
S31502087A20A75007B104331A1BA3424FEAA20208BFA2
S31502087A300023026108BF4361BDE8F083DCF800C099
S31502087A400CFA08FC4CEA070749F8047B5EF8047B43
S31502087A50CF40DAE751F804CB47F804CFC3E7234609
S31502087A60E1E7A0F13003092B02D82038C0B27047EB
S31502087A70A0F16103052B01D84738F7E7A0F14103C6
S31502087A80052B01D82738F1E7002070472DE9F04F7A
S31502087A9085B08A46904602930B6801909C1CA146C3
S31502087AA014F8010B3028FAD0A9EB0303A3F1020B51
S31502087AB0FFF7D7FF0546002866D101229E494846A8
S31502087AC0FFF74EFF0746002865D199F801002646BA
S31502087AD0FFF7C7FF002860D0234618789946013376
S31502087AE03028FAD0FFF7BDFFB0FA80F54FF0010B48
S31502087AF06D094A46164601323078FFF7B2FF00286A
S31502087B00F8D101228C493046FFF72AFF00283ED1D8
S31502087B1044B9741C2246164601323078FFF7A1FF93
S31502087B200028F8D1A41BA700337803F0DF03502BF3
S31502087B303DD173782B2B32D02D2B33D0711C0024D8
S31502087B400878FFF78EFF431EDBB2182B2FD8A0F159
S31502087B50100211F8010FFFF784FF00F1FF3C0A2318
S31502087B605FFA8CFCBCF1180F1ED904B152421744B5
S31502087B70CAF80010EDB1BBF1000F0CBF06250025AF
S31502087B80284605B0BDE8F08F00252C46B1E7002C43
S31502087B90C8D12746C8E74E462F460125C4E7002422
S31502087BA0B11CCDE70124FBE703FB0200CFE7314610
S31502087BB0DEE7A6EB09032946013B072B0ADC0198F7
S31502087BC0FEF722FA044640B95C4B0246E4215C48B9
S31502087BD0FAF70AFB01315B10EFE700F1140A0023FA
S31502087BE055469B46B14537D345F804BBA5EB0A056E
S31502087BF05846AD1025616D01FEF7FAFAD8F800600D
S31502087C002D1AB54254DDAD1B20462946FEF791FED4
S31502087C10814678B16B1E4FF00109591103F01F0214
S31502087C205AF8211009FA02F20A4203D04B4536DC09
S31502087C304FF002092F4429462046FFF7C1FED8F81D
S31502087C400830BB4242DA21460198FEF71DFA0023A4
S31502087C500E9AA325136093E716F8012D2E2A12D041
S31502087C60202B04D145F804BB4FF0000B5B46307855
S31502087C700393FFF7F6FE039B00F00F0098400433C8
S31502087C804BEA000BAEE7B145EAD801222A4930464B
S31502087C900393FFF765FE039B0028E1D1A2E7A91E1D
S31502087CA02046FEF746FE0028C2D04FF00309C1E778
S31502087CB009DA751B214601982A467F1BFEF7F8FB4F
S31502087CC0044600F1140A4FF00009B8E7D8F8045040
S31502087CD0BD426FDDED1BAE4234DCD8F80C30022B08
S31502087CE022D0032B24D0012B15D1AE4213D1012E5B
S31502087CF00BD1D8F804306225029A13600123236156
S31502087D00CAF800300E9B1C603AE7711E2046FEF741
S31502087D1010FE0028EDD121460198FEF7B5F9002399
S31502087D200E9A502513602BE70F9B002BF3D1E0E741
S31502087D300F9B002BDDD1EEE7898F08021E8F080202
S31502087D40A48F08026F1EB9F1000F30D127B1394648
S31502087D502046FEF7EEFD81467A11012307F01F073A
S31502087D6029465AF822202046BB40761B0225134292
S31502087D7018BF49F00209FFF723FED8F80470B9F1D3
S31502087D80000F47D0D8F80C30022B15D0032B17D08A
S31502087D90012B09D119F0020F06D0DAF8003049EAA8
S31502087DA0030919F0010F0ED145F0100532E04FF024
S31502087DB00109D1E70125E2E70F9BC3F101030F93FE
S31502087DC00F9B002BF0D0D4F810B004F114034FF037
S31502087DD0000C4FEA8B0A03EB8B01184653F8042B67
S31502087DE0B2F1FF3F1BD001320260022D04F11403E7
S31502087DF03CD1D8F80020013AB24209D171110122C8
S31502087E0006F01F0653F8213002FA06F61E423AD148
S31502087E1045F020050E9B1C60029B1F60B0E6994246
S31502087E2043F804CCD9D8A3689B4517DB6168019847
S31502087E300131FEF7E9F8814618B91A4B0246842140
S31502087E40C5E6226904F10C010C3002329200FDF7F4
S31502087E5027FA21464C460198FEF716F923695A1C59
S31502087E6004EB8303226101225A61BEE722695A455D
S31502087E700BDD01212046FFF7A3FD0137D8F80830AC
S31502087E80BB42FFF6E0AE0125C2E716F01F06FAD09E
S31502087E905344C6F1200653F8040CFEF7A9F9B0427A
S31502087EA0E7DBF0E71E8F0802C2F10802920070B5FE
S31502087EB0C2F120064368046803FA06F5D3402C4348
S31502087EC0046040F8043F8842F4D370BD0368013366
S31502087ED030B511F8014B14B90360012030BD13F80F
S31502087EE0012BA2F14105192D98BF2032A242F0D0EA
S31502087EF00020F3E70B6801682DE9F04F5E1113F0D5
S31502087F001F034FF0000587B002EB860682469046AD
S31502087F10AB4618BF043601930295371F46F8045C30
S31502087F20B9463C464B1C4A78039342B31046059120
S31502087F300492FFF796FD002851D1049A0599202A42
S31502087F4018D8029B9B4513DD4C4506D2072D04DC47
S31502087F502A4649462046FFF7A7FF444551D900233A
S31502087F60A4F10409CDF808B044F8043C1D464C4671
S31502087F700399D7E7292A56D10231CAF80010BBF16C
S31502087F80000F50D04C4506D2072D04DC2A46494636
S31502087F902046FFF789FF444535D9A8F1040223464E
S31502087FA053F8041B9F4242F8041FF9D23B1B033EB7
S31502087FB00134002223F003030433B44288BF0423A6
S31502087FC0434443F8042B9F42FBD23B681BB94745FF
S31502087FD027D101233B60052007B0BDE8F08F0135A4
S31502087FE00BF1010B082D05DD4445C1D90023043CDC
S31502087FF001252360226800F00F0040EA0210206083
S31502088000B6E70825B4E7019B002BDED0C3F12003AF
S315020880104FF0FF32DA4056F8043C134046F8043C67
S31502088020D3E7043FD1E70420D6E782B001B901A914
S3150208803042B14BB113780B601278101E18BF01209B
S3150208804002B070471046FBE76FF00100F8E72DE92A
S31502088050F041074614460D4621B91146BDE8F041DE
S31502088060FCF7F8B82AB92546FDF784FF2846BDE885
S31502088070F08100F027F88442064602D8B4EB500F86
S31502088080F4D821463846FCF7E5F8804608B945464D
S31502088090ECE7B4422246294628BF3246FDF700F9E4
S315020880A029463846FDF766FFF1E70346084641B119
S315020880B0FF2A04D98A224FF0FF301A60704701203E
S315020880C00A70704751F8043C181F002BBCBF0B58A6
S315020880D0C018704770B54FF0FF0C4CF4E06C1CEA00
S315020880E011541DBF1CEA135594EA0C0F95EA0C0F9E
S315020880F000F0DEF82C4481EA030621EA4C5123EA11
S315020881004C5350EA013518BF52EA033541F480113F
S3150208811043F4801338D0A0FB02CE4FF00005E1FBF2
S3150208812002E506F00042E0FB03E54FF00006E1FB3C
S3150208813003569CF0000F18BF4EF0010EA4F1FF047F
S31502088140B6F5007F64F5407404D25FEA4E0E6D41BF
S3150208815046EB060642EAC62141EA55514FEAC520D0
S3150208816040EA5E504FEACE2EB4F1FD0C88BFBCF54C
S31502088170E06F1ED8BEF1004F08BF5FEA500E50F1FD
S31502088180000041EB045170BD06F0004646EA0101C3
S3150208819040EA020081EA0301B4EB5C04C2BFD4EBF5
S315020881A00C0541EA045170BD41F480114FF0000EEE
S315020881B0013C00F3AB8014F1360FDEBF002001F05C
S315020881C0004170BDC4F10004203C35DA0C341BDCD6
S315020881D004F11404C4F1200500FA05F320FA04F0A8
S315020881E001FA05F240EA020001F0004221F00041DC
S315020881F010EBD37021FA04F642EB06015EEA430E4F
S3150208820008BF20EAD37070BDC4F10C04C4F120057E
S3150208821000FA04F320FA05F001FA04F240EA020031
S3150208822001F0004110EBD37041F100015EEA430E02
S3150208823008BF20EAD37070BDC4F1200500FA05F222
S315020882404EEA020E20FA04F301FA05F243EA0203A1
S3150208825021FA04F001F0004121FA04F220EA0200B0
S3150208826000EBD3705EEA430E08BF20EAD37070BDF6
S3150208827094F0000F0FD101F00046400041EB0101D6
S3150208828011F4801F08BF013CF7D041EA060195F0B8
S31502088290000F18BF704703F00046520043EB030372
S315020882A013F4801F08BF013DF7D043EA060370475F
S315020882B094EA0C0F0CEA135518BF95EA0C0F0CD06A
S315020882C050EA410618BF52EA4306D1D181EA0301B0
S315020882D001F000414FF0000070BD50EA410606BFAA
S315020882E01046194652EA430619D094EA0C0F02D1EF
S315020882F050EA013613D195EA0C0F05D152EA033634
S315020883001CBF104619460AD181EA030101F0004151
S3150208831041F0FE4141F470014FF0000070BD41F09A
S31502088320FE4141F4780170BD70B54FF0FF0C4CF474
S31502088330E06C1CEA11541DBF1CEA135594EA0C0F93
S3150208834095EA0C0F00F0A7F8A4EB050481EA030EE0
S3150208835052EA03354FEA013100F088804FEA0333C7
S315020883604FF0805545EA131343EA12634FEA022295
S3150208837045EA111545EA10654FEA00260EF0004156
S315020883809D4208BF964244F1FD0404F5407402D2A8
S315020883905B084FEA3202B61A65EB03055B084FEA39
S315020883A032024FF480104FF4002CB6EB020E75EB36
S315020883B0030E22BFB61A754640EA0C005B084FEA5E
S315020883C03202B6EB020E75EB030E22BFB61A7546DB
S315020883D040EA5C005B084FEA3202B6EB020E75EB26
S315020883E0030E22BFB61A754640EA9C005B084FEA9E
S315020883F03202B6EB020E75EB030E22BFB61A7546AB
S3150208840040EADC0055EA060E18D04FEA051545EA99
S3150208841016754FEA06164FEAC30343EA52734FEA42
S31502088420C2025FEA1C1CC0D111F4801F0BD141EABB
S3150208843000014FF000004FF0004CB6E711F4801F20
S3150208844004BF01430020B4F1FD0C88BFBCF5E06F00
S315020884503FF6AFAEB5EB030C04BFB6EB020C5FEA10
S31502088460500C50F1000041EB045170BD0EF0004E65
S315020884704EEA113114EB5C04C2BFD4EB0C0541EA97
S31502088480045170BD41F480114FF0000E013C90E694
S3150208849045EA060E8DE60CEA135594EA0C0F08BF58
S315020884A095EA0C0F3FF43BAF94EA0C0F0AD150EA57
S315020884B001347FF434AF95EA0C0F7FF425AF1046EA
S315020884C019462CE795EA0C0F06D152EA03353FF412
S315020884D0FDAE1046194622E750EA410618BF52EA8F
S315020884E043067FF4C5AE50EA41047FF40DAF52EA63
S315020884F043057FF4EBAE12E74FF0FF3C06E000BF00
S315020885004FF0010C02E000BF4FF0010C4DF804CD0C
S315020885104FEA410C7FEA6C5C4FEA430C18BF7FEACC
S315020885206C5C1BD001B050EA410C0CBF52EA430CFA
S3150208853091EA030F02BF90EA020F0020704710F17A
S31502088540000F91EA030F58BF994208BF90422CBF09
S31502088550D8176FEAE37040F0010070474FEA410C02
S315020885607FEA6C5C02D150EA013C07D14FEA430C20
S315020885707FEA6C5CD6D152EA033CD3D05DF8040B91
S31502088580704700BF8446104662468C4619466346C3
S3150208859000E000BF01B5FFF7B7FF002848BF10F19A
S315020885A0000F01BD4DF808EDFFF7F4FF0CBF0120DF
S315020885B000205DF808FB00BF4DF808EDFFF7EAFF5B
S315020885C034BF012000205DF808FB00BF4DF808ED16
S315020885D0FFF7E0FF94BF012000205DF808FB00BF0B
S315020885E04DF808EDFFF7CEFF94BF012000205DF895
S315020885F008FB00BF4DF808EDFFF7C4FF34BF0120A2
S3150208860000205DF808FB00BF4FEA410C7FEA6C5C6C
S3150208861002D150EA013C0AD14FEA430C7FEA6C5C6C
S3150208862002D152EA033C02D14FF0000070474FF0E4
S31502088630010070474FEA410212F5001215D211D510
S315020886406FF47873B3EB625212D94FEAC12343F03F
S31502088650004343EA505311F0004F23FA02F018BFC1
S31502088660404270474FF00000704750EA013005D18A
S3150208867011F0004008BF6FF0004070474FF000004D
S31502088680704700BF4A0011D212F5001211D20DD559
S315020886906FF47873B3EB62520ED44FEAC12343F0F8
S315020886A0004343EA505323FA02F070474FF00000A2
S315020886B0704750EA013002D14FF0FF3070474FF051
S315020886C0000070474FEA4102B2F1E04324BFB3F516
S315020886D0001CDCF1FE5C0DD901F0004C4FEAC00229
S315020886E04CEA5070B2F1004F40EB830008BF20F00D
S315020886F00100704711F0804F21D113F13872BCBFC7
S3150208870001F00040704741F480114FEA5252C2F11B
S315020887101802C2F1200C10FA0CF320FA02F018BF64
S3150208872040F001004FEAC1234FEAD32303FA0CFCB7
S3150208873040EA0C0023FA02F34FEA4303CCE77FEA46
S31502088740625307D150EA01331EBF4FF0FE4040F490
S315020887504000704701F0004040F0FE4040F400003F
S31502088760704700BF38B50022002304460D46FFF7BE
S3150208877023FF28B920462946BDE8384000F00AB842
S31502088780204605F1004100F005F8404261EB41013F
S3150208879038BD00BFD0B500220B4B06460F46FFF781
S315020887A099FCFFF76FFF0446FAF7D0FC0022074B45
S315020887B0FFF790FC02460B4630463946FAF788FB25
S315020887C0FFF760FF2146D0BD0000F03D0000F041F2
S315020887D0024B58224FF0FF301A60704778A61022D3
S315020887E0024B58224FF0FF301A60704778A61022C3
S315020887F0FEE700BF2325303364504D4F4431210034
S31502088800232530336450554C52210000232530333A
S315020888106450313530305430353030210000000094
S3150208882023253033645025303464543030303021B7
S3150208883000000000232530336450524144210000D1
S315020888405B2530326C753A2530326C753A253032F2
S315020888506C752E2530336C755D2000001B5B316DFF
S3150208886025735B25735D1B5B306D20257300000045
S315020888701B5B39316D1B5B316D5B4552524F525D45
S315020888801B5B306D200000005B4552524F525D2043
S315020888900000000025732573000000001B5B3934B5
S315020888A06D1B5B316D5B494E464F5D1B5B306D2020
S315020888B0000000005B494E464F5D20004D333320D1
S315020888C06D61696E206C6F6F702073746172746566
S315020888D0642E0A005741544348444F473A206E6F64
S315020888E0206374726C2066726F6D20435055302077
S315020888F0666F722025646D732C20454D4552474597
S315020889004E43592053544F50210A00001B5B3931FC
S315020889106D0000004D3333004553544F50206672A4
S315020889206F6D20435055300A0000000042545A2009
S315020889302D3E20686F6D6520616C6C0A0000000090
S315020889401B5B39336D00000052583A206772697012
S315020889503D252E30662525207C206D3028646972D7
S31502088960256420722564206125642070256C75298A
S315020889700A0000001B5B39326D00000041542B418E
S31502088980540D0A0006010203040500000000000057
S31502088990000800007D0F080200000000C4A3102290
S315020889A0A8890802D08A08020102000005010C0201
S315020889B00C030C040000000000000000910F0802DE
S315020889C000000000C88908020001000008A00E2263
S315020889D00F00FFFF00000001010000000000000078
S315020889E024F4000000000000127A000001010500CC
S315020889F0610F080200000000FC890802000000015D
S31502088A00000000010502000007060C070C080C0905
S31502088A100000000000000000950F08020000000098
S31502088A20248A0802000100000CA00E220F00FFFF94
S31502088A3000000001010000004CA41022448A08022A
S31502088A40D08A080208020000070A0C0B0C0C0C0D4F
S31502088A500000000000000000990F08020000000054
S31502088A60648A08020001000010A00E220F00FFFF10
S31502088A70000000010100000006000000848A0802C6
S31502088A8000000000000001050004000000000105C6
S31502088A9001040000000001040508000000000104AA
S31502088AA00608000000000105020B0000000001058F
S31502088AB0030B00005B00CB02CC02CD02CE0289007A
S31502088AC0E702E802E902EA02FC02FD02FE02FF02EE
S31502088AD01D160802711308027D130802E915080219
S31502088AE0CD130802D9130802BD1308027D14080221
S31502088AF0211408023514080219160802020403048E
S31502088B00040400000A000000BC8C080218000000D9
S31502088B103C8B0802040000001C8B08020000006C53
S31502088B200000006C00000088000000880000007445
S31502088B3000000074E0A10E22E0A10E220000006CE3
S31502088B400000006C000000980001090D0000006C8E
S31502088B500000006C0000007C00010B0D0000006C98
S31502088B600000006C000000270001020D0000006CE6
S31502088B700000006C780008020001010D0000008860
S31502088B80000000880000009800010908000000881B
S31502088B90000000880000007C00010B080000008825
S31502088BA00000008800000027000102080000008873
S31502088BB0000000887800080200010108000000741D
S31502088BC000000074000000980001090A0000007401
S31502088BD0000000740000007C00010B0A000000740B
S31502088BE000000074000000270001020A0000007459
S31502088BF000000074780008020001010A0000000063
S31502088C0000000000000000980001090600000000AC
S31502088C10000000000000007C00010B0600000000B6
S31502088C200000000000000027000002060000000005
S31502088C30000000007800080200000106000000207B
S31502088C40000000200000009800010907000000202B
S31502088C50000000200000007C00010B070000002035
S31502088C600000002000000027000002070000002084
S31502088C7000000020780008020000010700A00E226A
S31502088C8000A00E22000000980001090300A00E228F
S31502088C9000A00E220000007C00010B0300A00E2299
S31502088CA000A00E22000000270000020300A00E22E8
S31502088CB0D8A10E2278000802000001030000006C09
S31502088CC00000006C0001000D0000006C0000006C42
S31502088CD00001000D0000008800000088000100085D
S31502088CE000000088000000880001000800000074E7
S31502088CF0000000740001000A0000007400000074FD
S31502088D000001000A00000000000000000000000642
S31502088D10000000200000002000000007D8A10E2253
S31502088D20E0A10E22000000030CA210227DA610224A
S31502088D3000000003010002000800100020004E3166
S31502088D40305F5F637878616269763131355F5F6675
S31502088D506F726365645F756E77696E6445000000BD
S31502088D60448E08023E8D08024E31305F5F63787882
S31502088D70616269763131395F5F666F726569676EFE
S31502088D805F657863657074696F6E4500448E080284
S31502088D90688D08024E31305F5F6378786162697662
S31502088DA03132305F5F73695F636C6173735F7479C5
S31502088DB070655F696E666F4500000000D08D080217
S31502088DC0948D0802308E080200000000BC8D08024D
S31502088DD0A52C0802B92C0802A92D0802A92D0802F9
S31502088DE0972E0802D92D08027D2D0802092D0802A0
S31502088DF0CD2C0802537439747970655F696E666F93
S31502088E0000000000448E0802F48D08024E31305FDD
S31502088E105F637878616269763131375F5F636C6167
S31502088E2073735F747970655F696E666F45000000DB
S31502088E30D08D08020C8E0802048E0802000000007B
S31502088E40308E0802192E08022D2E0802A92D0802B4
S31502088E50A92D0802972E0802D92D08027F2E08028C
S31502088E60412E08020B2E0802494E4600696E66001C
S31502088E704E414E006E616E00300030313233343569
S31502088E803637383941424344454600303132333465
S31502088E9035363738396162636465660065256C6400
S31502088EA000496E66696E697479004E614E005245D4
S31502088EB0454E54206D616C6C6F63207375636365F0
S31502088EC065646564002F646174612F6A656E6B69F7
S31502088ED06E732F776F726B73706163652F474E558A
S31502088EE02D746F6F6C636861696E2F61726D2D31B7
S31502088EF0332F7372632F6E65776C69622D63796798
S31502088F0077696E2F6E65776C69622F6C6962632F5B
S31502088F107374646C69622F64746F612E63004261B4
S31502088F206C6C6F6320737563636565646564002F93
S31502088F30646174612F6A656E6B696E732F776F72DF
S31502088F406B73706163652F474E552D746F6F6C6333
S31502088F506861696E2F61726D2D31332F7372632FBB
S31502088F606E65776C69622D63796777696E2F6E65B0
S31502088F70776C69622F6C6962632F7374646C6962B9
S31502088F802F6D707265632E63002E00232D302B2001
S31502088F9000686C4C00656667454647004300504FBB
S31502088FA0534958002F646174612F6A656E6B696E46
S31502088FB0732F776F726B73706163652F474E552DEA
S31502088FC0746F6F6C636861696E2F61726D2D3133D0
S31502088FD02F7372632F6E65776C69622D6379677773
S31502088FE0696E2F6E65776C69622F6C6962632F737F
S31502088FF074646C69622F6764746F612D676574683F
S3150208900065782E63000000000500000019000000C4
S315020890107D000000000000000080E03779C341436C
S31502089020176E05B5B5B89346F5F93FE9034F384DBE
S31502089030321D30F94877825A3CBF737FDD4F15756A
S31502089040000000000000F03F00000000000024407D
S3150208905000000000000059400000000000408F4058
S31502089060000000000088C34000000000006AF840C3
S315020890700000000080842E4100000000D0126341E7
S315020890800000000084D797410000000065CDCD415D
S31502089090000000205FA00242000000E8764837423E
S315020890A0000000A2941A6D42000040E59C30A242DC
S315020890B00000901EC4BCD64200003426F56B0C4351
S315020890C00080E03779C3414300A0D88557347643F8
S315020890D000C84E676DC1AB43003D9160E458E14359
S315020890E0408CB5781DAF154450EFE2D6E41A4B44CE
S315020890F092D54D06CFF08044F64AE1C7022DB54413
S31502089100B49DD9794378EA4434000000CEFBFFFFC8
S31502089110CB0300000100000000000000350000003B
S31502089120CEFBFFFFCB030000010000000000000099
S31502089130BC89D897B2D29C3C33A7A8D523F649391D
S315020891403DA7F444FD0FA5329D978CCF08BA5B253F
S31502089150436FAC64280668110020202020202020B6
S3150208916020202828282828202020202020202020C7
S3150208917020202020202020202088101010101010D7
S315020891801010101010101010100404040404040423
S3150208919004040410101010101010414141414141BD
S315020891A0010101010101010101010101010101019F
S315020891B001010101101010101010424242424242AF
S315020891C0020202020202020202020202020202026F
S315020891D00202020210101010200000000000000017
S315020891E0000000000000000000000000000000006F
S315020891F0000000000000000000000000000000005F
S31502089200000000000000000000000000000000004E
S31502089210000000000000000000000000000000003E
S31502089220000000000000000000000000000000002E
S31502089230000000000000000000000000000000001E
S31502089240000000000000000000000000000000000E
S315020892500000000000000000000000004275696C72
S315020892607420776974682052656E6573617320414C
S315020892706476616E63656420466C657869626C65BE
S3150208928020536F667477617265205061636B6167FC
S31502089290652076657273696F6E20362E352E30001C
S311020892A0362E352E3000000000000506B0
S309020892ACF8B500BF42
S309020892B0F8B500BF3E
S30D020892B4BD0208020D130802AF
S309020892BC95020802FD
S315020892C0A9010181B0B00EB1000000002994FF7F08
S315020892D0B0B0A800FFFF01000BB20181B008B1AB24
S315020892E0000000000BB20181B00EB1A90000000017
S315020892F008B10181B0B0008400000000C92E0181C6
S31502089300B0B0AF800000000008B10181B0B000849F
S315020893100000000008B10181B0B00084000000001E
S31502089320C06FFF7F01000000F46FFF7FAD08B180B8
S315020893306C70FF7FAC80C980E070FF7F010000007F
S315020893404C71FF7F7CFFFF7F9871FF7FB0B0A880CA
S31502089350D471FF7F01000000887AFF7F70FFFF7FCC
S31502089360907AFF7FAA03B280507BFF7F6CFFFF7F54
S31502089370947BFF7F70FFFF7FE87BFF7F74FFFF7F91
S31502089380FC7BFF7F01000000247CFF7F70FFFF7FCC
S315020893907C7FFF7F01000000409FFF7FB0A902800B
S315020893A0D09FFF7FB0B0A88020A0FF7F01000000F9
S315020893B028A0FF7FB0B0AA8060A0FF7FAE77B280F8
S315020893C03CA1FF7FAB3F3A809CA1FF7F01000000D2
S315020893D0A8A1FF7FB0B0AA80E4A1FF7F0100000028
S315020893E090A2FF7FAB10B28004A3FF7FB0AF0880C4
S315020893F0ACA5FF7F01000000BCA5FF7FAC3F038040
S3150208940084A8FF7F0100000064AAFF7FB0A803803A
S3150208941074AAFF7F0100000070AAFF7FB0AD048026
S3150208942068ADFF7FB0A803808CADFF7FDCFEFF7FAF
S3150208943090ADFF7FE0FEFF7F9CADFF7F010000003D
S7050208243D8F
