S016000041726D73796E635F41726D494D552E73726563C7
S11300006820002039050000C10800003505000003
S113001035050000350500003505000035050000F4
S11300200000000000000000000000003505000092
S1130030350500000000000035050000350500000E
S1130040BD230000212300004D240000952400005E
S1130050BD230000212300004D240000952400004E
S1130060812A0000212B0000F92B0000E12C000064
S11300708D1500000D17000015180000ED18000084
S10F0080250E000009100000250E0000F1
S113008C01000000BC000000020000009C00000005
S113009C00000020000000200000104000000203BB
S11300AC0000002064000020400400000000010354
S10F00BC802000203829002000000003F0
S1070400FFFFFFFFF8
S1070404DFCFFFFF44
S1130440000000004000100040001000AF03FA005C
S1130450AF02FA001800002000000000FC27002072
S113046064280020CC2800200000000000000000C8
S11304700000000000000000000000000000000078
S11304800000000000000000000000000000000068
S11304900000000000000000000000000000000058
S10704A00000000054
S11304A80348044B834202D0034B03B118477047F7
S11304B86400002064000020000000000548064B8A
S11304C81B1AD90F01EBA301491002D0034B03B146
S11304D818477047640000206400002000000000F2
S11304E810B5064C237843B9FFF7DAFF044B13B170
S11304F80448AFF300800123237010BD802000203E
S1130508000000000804000008B5054B1BB10549AC
S11305180548AFF30080BDE80840FFF7CFBF00BF30
S113052800000000842000200804000000BE70477A
S113053808B500F035F802F045FCFEE7F8B5174FAA
S11305483E680546A6B17C6806EB460604EB8606BB
S113055802E00C34B4420BD0637AAB42F9D1D4E94B
S113056800020021121A0C340BF0A2F8B442F3D1A1
S1130578BE6896B1FC6804EB061602E01034A64285
S11305880BD0637BAB42F9D1D4E90002A168121AFB
S113059810340BF0DFF8A642F3D1F8BD8C0000004C
S11305A870B5444B444A45484FF4700482B04AF24B
S11305B80251C3F8884098600123A2F8FE1382F818
S11305C81F3492F8B134DB06FBD54FF42546A2F864
S11305D8FE630020002407F0CDF900F093F88DF8AD
S11305E8074001209DF8073000F0CCF9EFF31081A3
S11305F8012585F31088324BD3F8042122F00042F8
S1130608C3F80421D3F8042181F310882D4A116812
S1130618C1F300018DF807101168C1F300018DF8CA
S113062807101268C2F300028DF80720EFF3108157
S113063885F31088D3F8042142F00042C3F804215A
S1130648D3F8043181F31088284600F06BF9284662
S113065807F090F91C4B1D4A9C8002F500511E803E
S11306689A601B4AD9604FF48051A2F820112046A1
S11306789D80FFF763FF00F031F800F0D7F80220FF
S113068807F078F92846FFF759FF124D124B5B1B08
S1130698A3424FEAA30605DD55F8043B0134984705
S11306A8A642F9DC00F026F9002002B0BDE870404B
S11306B800F0D0B800ED00E000E0014000000000C8
S11306C8006F044000080440000D0040680000204A
S11306D80060004040C2000048C20000064B0749C1
S11306E893F826001A6A51F820300549C2F30262C9
S11306F8D3400B60704700BF00E001406820002031
S11307089C200020404B4148414970B50022414D8E
S1130718414E4AF20354A3F8FE43A0F800214FF4D3
S11307280040296093F82610C5E901603B48E86059
S11307383B483C4EC5E90420186A55F82110C0F31B
S11307480260C1403160092083F81324012283F830
S1130758A20083F8802493F8A0208AB193F8362065
S1130768002A47D0284A92F8A030D806C3F30011CB
S1130778F9D4254882F8A01090F8A030D906FBD403
S1130788214C0122002384F8362084F8323094F86E
S11307983C301A07FBD5472384F82B300D2000F092
S11307A85DF80023184A84F82A3092F83C309B06F6
S11307B8FBD51D491162052382F8263092F82630AC
S11307C8106A55F823301149C0F30260C3403360FE
S11307D801244FF4254382F8D040A2F8FE33A1F84F
S11307E80441B1F804319BB2002BFAD10123A1F8DA
S11307F8003170BD93F83C20D407B3D493F83C205F
S1130808D407F7D5AEE700BF00E0014000C00140BF
S1130818006CDC026820002000127A000024F40036
S11308280090D0039C2000200011011110B5074B43
S1130838002483F82840012000F0A4F8044B012088
S113084883F8BB44BDE8104000F06CB80040044095
S113085800E00140704700BF00BEFEE7A0F10100C0
S11308680028FBD1704700BF30B400FB01F1104DE4
S1130878104A2868B2FBF0F24FF47A73A1FB03C460
S11308883CB9BCFBF2FC4FEA9C0070B130BCFFF7EA
S1130898E5BF9200B1FBF2F1A1FB03134FF0FF3067
S11308A8002BF3D108460028F0D130BC704700BFB4
S11308B89C20002000CA9A3B0C4B70B5B3F8202149
S11308C8B3F840510A4EADB20024154025FA04F39A
S11308D8DB0704D556F82430E0B203B19847013455
S11308E80D2CF3D1014BA3F8305170BD00600040CA
S11308F8A0200020094A10B4094C02F1130C5042FC
S1130908134612F8011F0344C03309B144F82310F5
S11309186245F5D15DF8044B704700BFC7BA0000C3
S113092800600040EFF31081012383F31088124B19
S113093833F8102092B22AB133F81020013A92B257
S113094823F8102033F810309BB293B90B4A10B433
S1130958B2F8FE330A4C9BB234F8100043F4254332
S113096823EA0003A2F8FE3381F310885DF8044BF0
S1130978704781F3108870472421002000E001406B
S11309889CB7000030B4EFF31081012383F310887F
S11309980E4A32F810309BB26BB90D4C0D4DB4F8B9
S11309A8FE3335F810C09BB243EA0C0343F42543E5
S11309B89BB2A4F8FE3332F8103001339BB222F80C
S11309C8103081F3108830BC704700BF2421002008
S11309D800E001409CB700000269017B8368013A8A
S11309E829B143F80C2BF1221A700020704792B2F7
S11309F823F8082BF1221A7000207047027B8368C1
S1130A0822B10C33F0221A70002070470833F02208
S1130A181A700020704700BF0620704706207047F0
S1130A28C0E9063241610020704700BFF0B50026D6
S1130A38416006730A7C120202F1402202F5002288
S1130A4804468260EFF31087012383F310880D7C3A
S1130A584248C5F10305AB40D0F8085125EA030321
S1130A68C0F80831D0F8083187F310881672137A61
S1130A78C3F340009B07FAD4267B9072A7680D7ACB
S1130A88CB69002E5FD007F10C00DA7893F800C028
S1130A981B7902F00702BCF1000F4BD1002D55D190
S1130AA80371D4F804C04B684FF0000E80F806E0D8
S1130AB84270857023619CF81000294A42F820305E
S1130AC8013BA6B33B6091F91230002B26DB4A7C2C
S1130AD803F1604000F561401201D2B280F80023AE
S1130AE82048214A40F8234003F1C00052F820501E
S1130AF825F4803542F8205052F82020BFF35F8F48
S1130B085A09920002F16042012002F5614203F0A1
S1130B181F0300FA03F3C2F880311360D1E90552C8
S1130B28124B65610020C4E906022360F0BD9BB244
S1130B383B80C8E7BCF1500F06BF42F050020025C5
S1130B484CEA0202ACE707F108009EE785F00205CB
S1130B5842EA0512D2B26546A2E700BF006F04401C
S1130B6830210020D8200020006000405447410074
S1130B7830B4057B8468E5B104F10C0C9CF80030B2
S1130B8803F00102C3F340039A42F7D143680269B0
S1130B988A60DA691278502A0ED11B7C2A4A013BF2
S1130BA8DBB252F823304BBB002030BC4B600870DA
S1130BB8704704F1080CE1E79CF80120C2F3021223
S1130BC8032A0FD82148224B006A1B68C0F3026429
S1130BD8A340C0F30220C340002AE5D082F00202F9
S1130BE8D340E1E79CF802204FF4004302F00702E7
S1130BF80020D34030BC4B60087070470DB3F43C00
S1130C086078C0F30210032814D8104C104A246AE0
S1130C181268C4F30265AA40C4F30224E24010B186
S1130C2880F00200C2400020B2FBF3F330BC4B60FA
S1130C3808707047A0784FF4004200F00700C240E3
S1130C48F1E7F83CDCE700BF3021002000E0014078
S1130C589C200020037B81685BB10C310B7803F086
S1130C680102C3F340039A42F8D1F0230B70002029
S1130C7870470831F2E700BF30B4057B846885B15A
S1130C8804F10C010B7803F00102C3F340039A4208
S1130C98F8D10369013B3DB99BB22380002030BCE5
S1130CA8704704F10801EDE72360002030BC704769
S1130CB830B4047B8568ACB105F10C0C9CF80030A9
S1130CC803F00102C3F340039A42F7D14268016179
S1130CD8084B127C43F82210013934B129600020F2
S1130CE830BC704705F1080CE8E789B22980002078
S1130CF830BC70473021002030B4057B84689DB136
S1130D0804F10C00037803F00102C3F340039A4290
S1130D18F8D103785DB92288C3F3400392B2002066
S1130D2830BC0B710A60704704F10800EAE72268D6
S1130D380A60C3F34003002030BC0B71704700BF46
S1130D4830B4047B856894B105F10C010B7803F089
S1130D580102C3F340039A42F8D143681A784CB9A4
S1130D68012A11D0F123002030BC0B70704705F123
S1130D780801EBE7012AF5D10269187C074B43F80F
S1130D882020013A2A60EDE70269187C034B43F8F6
S1130D982020531E9BB22B80E4E700BF30210020A3
S1130DA8037B816810B40446B3B10C310B7803F0AB
S1130DB80102C3F340039A42F8D16368F420002285
S1130DC808700A7193F9123013F1210F06D100202B
S1130DD820605DF8044B70470831E7E7934210DB65
S1130DE85A090C480121203203F01F0301FA03F3C6
S1130DF840F82230BFF34F8FBFF36F8F636893F9C6
S1130E081230054A002042F8234020605DF8044B64
S1130E18704700BF00E100E0D82000202DE9F04130
S1130E2884B0EFF30383103B5BB203F1C001204AA3
S1130E3852F8210020F4803042F8210052F8212091
S1130E481C4A52F82340237BA5686BB30C356268AF
S1130E582B781278012ADBB204D1F42203F0F003D0
S1130E682A702B70D4F81480B8F1000F15D0A66935
S1130E7801AFDEB196E8070087E807009B0644BF88
S1130E8800233371E36933603046C047A3691BB15B
S1130E9897E8070083E807002B78DBB203F00F0319
S1130EA82B7004B0BDE8F0810835D0E73E46E5E78D
S1130EB800600040D8200020F0B591F902C080F805
S1130EC804C04FEA8C03D1E9026403F1804303F5BB
S1130ED8C0430022D3F80053C3F80023C0E90264D6
S1130EE8124C91F800E080F805E004F80E200F7920
S1130EF8CA784E7942EA071242EAC612D2B2BCF163
S1130F08000F04F80E20C3F800530BDB4B78084994
S1130F180CF160421B0102F56142DBB282F8003336
S1130F2841F82C00034B03600020F0BD0060004032
S1130F38D82000205543490090F904200E4B02F1B3
S1130F48C00153F8210020F4803043F8210053F8FD
S1130F582130BFF35F8F53099B0003F160430121E4
S1130F6803F5614302F01F0201FA02F2C3F880217B
S1130F781A600020704700BF0060004010B490F968
S1130F880430094C5A090121203203F01F0301FAE5
S1130F9803F344F82230BFF34F8FBFF36F8F002061
S1130FA85DF8044B704700BF00E100E0C0E902129D
S1130FB80020704790F90420002A034619DB5109E0
S1130FC810B401200C4C203102F01F0200FA02F286
S1130FD844F82120BFF34F8FBFF36F8F074A93F96B
S1130FE804105DF8044B002042F82100002018602A
S1130FF8704700201860704700E100E0D820002006
S113100810B582B0EFF30384103C184B184A64B24D
S113101853F824104879135C03F00303032B11D00D
S1131028C03452F8243023F4803342F8243052F880
S113103824308B6823B1CA68CDE9002068469847F4
S113104802B010BD8B6823B1CA68CDE90020684698
S11310589847C034064B53F8242022F4803243F8CE
S1131068242053F8243002B010BD00BFD82000203B
S1131078006000404160027200207047C0E90E32EF
S113108841630020704700BFC368044A9B1AB3FA3F
S113109883F35B090B700020704700BF4349495232
S11310A830B5836B83B004460A466D46A3B193E812
S11310B8030085E80300E16B1A71626B1960184636
S11310C89047A36B1BB195E8030083E80300002352
S11310D884F82B3003B030BD2B46ECE730B4434BD7
S11310E882B01B6A0193019A036902F00F220192EC
S11310F80199019D1A7C90F82C409CB9C1F30321F5
S1131108D2B2A1EB15618A40920805D1082002B039
S113111830BC7047013AF9D05978C1F3C014C909F1
S1131128F8D1DC710022056890F8261080F82710A1
S113113880F828206C6A816980F82B20026280F884
S11311482D20C16180F82E2080F82F2080F83020CF
S113115894F800C06179BCF1010F94F801C04FEA1A
S1131168011141EA4C0194F806C0E47941EACC1132
S113117814BF4FF0040C4FF0050C4CEA0101C9B23E
S1131188D970197941F010011971197962F3C30101
S11311981971197962F3041119711A7964F3C71270
S11311A81A715A7942F001025A7195F90F20002AEE
S11311B808DB0F495409012302F01F02934041F848
S11311C8243003695A7ABF2102F0F3025A72D971A2
S11311D890F82C2032B1002380F82C30002002B083
S11311E830BC704702225A70F8E700BF00E00140A3
S11311F800E100E090F808C080F82A30BCF1010F43
S1131208C0E9051208D1436880F826C000225B00B3
S113121880F8252080F82430002380F82930FFF74F
S11312285DBF00BF90F808C080F82A30BCF1010FF8
S1131238C0E905120AD1436880F826C05B00002281
S113124843F0010380F8252080F82430012380F836
S11312582930FFF743BF00BF0369F0B540220024DB
S11312681C701A701A785206FCD50268C0241C70C7
S1131278546A5568227942F0E0021A74E27842F01E
S1131288E0025A74A278120102F0700242F00802D5
S11312989A7022786478012A14BF0422052242EA4B
S11312A84402D2B2DA70504A504C954214BF7722A5
S11312B8F7225A714FF0000CB32283F806C0DA7192
S11312C891F911204B7B4A4DA6181B01DBB286F815
S11312D80033484B45F8220002F1C00653F8267043
S11312E86CF3104743F8267053F82660BFF35F8FFA
S11312F85609B60006F1604606F561464FF0010E40
S113130802F01F020EFA02F2C6F88021326091F947
S11313180F204E7BA7183601F6B287F8006302F156
S1131328C00645F8220053F826706CF3104743F8BA
S1131338267053F82660BFF35F8F5609B60006F18E
S1131348604606F5614602F01F020EFA02F2C6F87C
S11313588021326091F910204E7BA7183601F6B22D
S113136887F8006302F1C00645F8220053F8267096
S11313786CF3104743F8267053F82660BFF35F8F69
S11313885609B60006F1604606F5614602F01F02EA
S11313980EFA02F2C6F88021326091F90E20497BD8
S11313A814440901C9B284F8001302F1C00145F8D4
S11313B8220053F821406CF3104443F8214053F8B9
S11313C82130BFF35F8F53099B0003F1604303F59A
S11313D8614302F01F020EFA02F2C3F880211A6078
S11313E803699F221A70F0BD40420F0000E100E03B
S11313F8D8200020006000400A7802F5800202F537
S1131408A662120270B502618A68016042600A7BB2
S11314180272CA69426300250A6AC26380F82950C5
S1131428856380F82A50456180F82B50C0E9065539
S1131438056280F82C50EFF3108C012282F3108897
S11314480B78C3F109039A40084BD3F8006126EAE4
S11314580202C3F80021D3F800318CF31088FFF797
S1131468FBFE034BC360284670BD00BF006F0440F9
S11314784349495238B5036901680025DD71FFF70E
S1131488EBFE90F82610036980F82810B3228169CE
S113149880F82C50C561016280F82A502846DA7118
S11314A838BD00BF38B5036901680025DD71FFF751
S11314B8D3FE90F8262080F8282003698269026206
S11314C8B321026880F82C50C56180F82A50D9717C
S11314D8DD71C56092F9113028490446580903F0B2
S11314E81F022030012303FA02F241F82020BFF33F
S11314F84F8FBFF36F8F226892F90E205009203066
S113150802F01F0203FA02F241F82020BFF34F8FC2
S1131518BFF36F8F226892F910205009203002F02F
S11315281F0203FA02F241F82020BFF34F8FBFF3E2
S11315386F8F226892F90F205009203002F01F02A1
S113154803FA02F241F82020BFF34F8FBFF36F8FE5
S1131558EFF3108083F310882168094A0978C1F1F0
S113156809018B40D2F800110B43C2F80031D2F8BC
S1131578003180F31088284638BD00BF00E100E040
S1131588006F044010B582B0EFF30383103B5BB2E5
S1131598594AC03352F8231021F4803142F82310F9
S11315A852F82330EFF30383103B5BB2534A52F8EB
S11315B8234094F82D304BBBA369022B20D9E3694F
S11315C8012B0CD123691A7942F010021A711A7985
S11315D842F008021A711A7922F010021A7123686B
S11315E85B6ADB79002B3ED12369DB7CDBB28DF8A7
S11315F8073001229DF8073084F82D2002B010BD71
S11316082269137943F040031371D8E7E369002B87
S1131618F4D02268526AD279FAB9032B17D0022B74
S113162826D0012B32D02269236A6169D27CCA543C
S1131638D4E907320132013BC4E90732002BDDD17A
S113164821690A7963F386120A7102B010BD22690E
S1131658137943F040031371E6E705212046FFF7A9
S11316681FFDE369D9E705212046FFF719FDBBE70C
S11316782269137943F010031371137943F00803B3
S11316881371137923F010031371CDE794F82A200A
S11316984AB322681A4892F90F205109203102F0FE
S11316A81F0203FA02F240F82120BFF34F8FBFF361
S11316B86F8F2269D17941F08001D171117941F09C
S11316C810011171117921F00801117111790420A7
S11316D821F0100111715070517921F001015171FB
S11316E884F82C30A0E72269537A082103F0F70321
S11316F85372517098E700BF00600040D820002062
S113170800E100E010B5EFF30383103B5BB23C4A01
S1131718C03352F8231021F4803142F8231052F8D0
S11317282330EFF30383103B5BB2364A52F823406D
S113173894F82730002B3BD194F82930002B36D16C
S113174823685B6ADB792BB194F82B3013B9236ACD
S1131758002B50D1E3692169002B3AD1CB7923F0CE
S11317688003C022CB7101E0013A02D0CB79DB09B6
S1131778FAD12368224A93F9103003F1C00052F8D1
S1131788204024F4803442F8204052F82020002BD2
S113179809DB5A091C4C03F01F030120603200FACC
S11317A803F344F82230CB7943F04003CB7110BDE6
S11317B894F8261094F82820032915D0216994F860
S11317C8240088740132013B84F8282084F82730E7
S11317D810BD226A6069013B805C88740132C4E9E7
S11317E80732002BBAD010BD022AE7D194F8301082
S11317F80029E3D110BD05212046FFF751FCA9E7D4
S113180800600040D820002000E100E038B5EFF384
S11318180383103B5BB2304A52F8234023685B6A67
S1131828DB79002B45D194F829301BB194F8273083
S1131838012B4BD0E369D3B12169CA7922F0400264
S1131848C023CA7101E0013B02D0CA795206FAD416
S1131858EFF30383103B5BB2204AC03352F82310E2
S113186821F4803142F8231052F8233038BD94F81B
S11318782A201AB322681A4D92F90F2051092031EF
S1131888012002F01F0200FA02F245F82120BFF3FA
S11318984F8FBFF36F8F2169CA7942F08002CA71F2
S11318A804224A704A7963F300024A7184F82C00CE
S11318B8C3E705212046FFF7F3FBB4E721694B7A18
S11318C8082203F0F7034B724A70B6E794F83030F5
S11318D8002BAFD1B0E700BFD82000200060004043
S11318E800E100E038B5EFF30383103B4A4A5BB2EA
S11318F852F8230003695A7A597AD50601F0E001AF
S113190859725FFA82FC02F003012AD55A78540608
S11319184CD400240125016880F82B50DC71FFF7B2
S11319289BFC90F8263080F82830836903620369A9
S113193880F82C40B322C46180F82A402946DA7121
S1131948FFF7AEFBEFF30383103B5BB2334AC033BC
S113195852F8231021F4803142F8231052F823302E
S113196838BD0029D5D11CF0080F10D0C269002A4F
S113197842D190F82B20002A3ED190F82910B322A6
S1131988C1F10301C9B2DA71FFF78AFBDAE790F80B
S11319982C100CF0040231B3002AD3D0C269002AF7
S11319A838D190F82B20002A34D1E6E70029B0D1A9
S11319B85A78C2F380145206D5D501680822496AB8
S11319C880F82B405A7088790A78497942EAC0121B
S11319D842EA011242F00202D2B2DA705A7942F0B3
S11319E801025A71AEE7002AACD003685B6ADB795E
S11319F8002BA7D00421C7E7816990F8264001622B
S1131A080022B32180F82C20C26180F8284080F895
S1131A182A20D9710121B7E7D820002000600040AE
S1131A2803460020186070470B0A1B01044853FA48
S1131A3881F150F82130C3F340030020137070473C
S1131A4800080440090A490101F1804101F5802197
S1131A5800204B6813807047090A490101F180414D
S1131A6823EA020001F580211A4042EA00428A6012
S1131A780020704710B4CBB201249C40A4B202B930
S1131A8824040B0A5B0103F1804303F5802300203F
S1131A989C605DF8044B7047090A490101F18041D3
S1131AA801F5802110B40C6802EA0300204362EABD
S1131AB8030202405DF8044B0A600020704700BF2F
S1131AC8090A490101F1804101F5802100204B6890
S1131AD8C3F30F43138070470B0A5B0103F1804380
S1131AE803F58023C9B2586801238B4099B203EAED
S1131AF810435B1AB3FA83F35B0913700020704731
S1131B08090A490101F1804123EA020001F5802113
S1131B181A4042EA0042CA60002070470B0A5B017F
S1131B2803F1804303F580230120C9B210B400FAFD
S1131B3801F1DC68012A4FEA01400DBF84438C435C
S1131B4804430C43DC6000205DF8044B704700BF7D
S1131B582DE9F84F0388DBB1DFF8D88082464FF0CF
S1131B68000B4FF00109314D4FEACB070024DAF896
S1131B78043035F8022BD919898891420AD00134E6
S1131B88032CF4D1BAF800300BF1010B5B45EAD809
S1131B98BDE8F88FDB5903F0B85309FA04F6B3F13A
S1131BA8807FF6B298F8BB3413D0334231D1204A3F
S1131BB804F1200112F81130DB09E0D012F81130D9
S1131BC823F0800302F81130C8200121FEF74CFEEF
S1131BD8D5E7334211D0164A04F1200112F8113026
S1131BE8DB09CCD112F8113043F0800302F811302C
S1131BF8C8200121FEF738FEC1E70120FEF7C2FE26
S1131C0898F8BB343343012088F8BB34FEF78AFEC6
S1131C18E1E70120FEF7B6FE98F8BB3423EA060391
S1131C28012088F8BB34FEF77DFEC0E710B8000039
S1131C380040044000E00140F8B50446FFF788FF7F
S1131C48EFF31082012383F310881F4F3B681BB9FD
S1131C581E49CB704023CB703B6801333B6082F351
S1131C6810882388E3B16168194C01EBC30E8A8894
S1131C780868130AC503D2B202EB031C09D554F849
S1131C882C6020F4803526F4803644F82C6044F81F
S1131C982C501B01134408318E4544F82300E6D127
S1131CA8EFF31082012383F310883B6813B13B6878
S1131CB8013B3B603B681BB904498020CB70C8706A
S1131CC882F31088F8BD00BFD4200020000D044022
S1131CD80008044008B5034B03600846FFF7ACFF4F
S1131CE8002008BD54524F5008B50846FFF7A4FF1A
S1131CF8002008BD70B586B001AB012603A80C46C8
S1131D081546ADF808100192ADF80C600493FFF77E
S1131D181FFFEFF3108286F310881D490B681BB967
S1131D281C48C3704023C3700B6801330B6082F3F3
S1131D381088EA034FEA1423E4B219D41B01164AA3
S1131D48234442F82350EFF31082012383F31088CD
S1131D580B6813B10B68013B0B600B681BB90D4989
S1131D688020CB70C87082F31088002006B070BD44
S1131D7804EB0310084A52F8206026F4803642F82F
S1131D88206025F4803642F820601B01D7E700BFA5
S1131D98D4200020000D04400008044010B4034679
S1131DA8D3E9072100205860887092F905202D4C4A
S1131DB84FEA521C0CF1200C012102F01F0201FA17
S1131DC802F244F82C20BFF34F8FBFF36F8FDA6908
S1131DD892F90B204FEA521C0CF1200C02F01F025E
S1131DE801FA02F244F82C20BFF34F8FBFF36F8F30
S1131DF8DA6992F907204FEA521C0CF1200C02F020
S1131E081F0201FA02F244F82C20BFF34F8FBFF3EC
S1131E186F8FDA6992F909204FEA521C0CF1200CF1
S1131E2802F01F0201FA02F244F82C20BFF34F8F8C
S1131E38BFF36F8FEFF3108481F31088DB690A4ACC
S1131E4893F800C0D2F800114FF0004323FA0CF3C2
S1131E580B43C2F80031D2F8003184F310885DF8DE
S1131E68044B704700E100E0006F0440C0E905122C
S1131E780020704710B4046AA37803F07B03A370AE
S1131E88837803F00303D21A0B440261A278C36077
S1131E98837803F0030342F08002022BA27005D07A
S1131EA80B78E37000205DF8044B70470B8843F40B
S1131EB87E43E38100205DF8044B7047C0E90A3291
S1131EC841620020704700BF036A91F801C000B561
S1131ED80246987800F07B0E00F00B009870002002
S1131EE8D0608A785A701A786CF301021A70CA782A
S1131EF89A7493F807C00A780CF0A30102F05C0204
S1131F080A43DA7183F802E05DF804FB4FF0FF330B
S1131F18C1E90033002070470346880711D5186AC1
S1131F28827810B4C9074FF0000402F07B02827073
S1131F38204648BF00201C6148BF98615DF8044BE7
S1131F487047CA074FF0060044BF002098617047E5
S1131F58034682690A60002098617047062070472A
S1131F68F0B5846A85B005460F4694466E46B4B10A
S1131F7894E80F0086E80F00EB691B7884F804C026
S1131F882360EB6A2046C4E902736B6A9847AC6A1B
S1131F981CB196E80F0084E80F0005B0F0BD344684
S1131FA8EAE700BF062070472DE9F0410A780346A6
S1131FB802F10072002002F56052187052014C6957
S1131FC85C62C3E907128A69C3E90A024C789A7801
S1131FD8844214BF0124022464F301029A7091F923
S1131FE80B60C84C91F80AC07209203206F01F072A
S1131FF8012505FA07F744F82270BFF34F8FBFF3A2
S11320086F8FC14A06F1C00752F827E060F3104EFB
S113201842F827E052F82770BC4F04EB060E4FEA4B
S11320280C1C5FFA8CFC8EF800C347F8263091F933
S1132038056091F804C04FEA561E0EF1200E06F012
S11320481F0805FA08F844F82E80BFF34F8FBFF332
S11320586F8F06F1C00E52F82E8060F3104842F8D4
S11320682E8052F82EE004EB060E4FEA0C1C5FFAA1
S11320788CFC8EF800C347F8263091F9076091F874
S113208806C04FEA561E0EF1200E06F01F0805FA88
S113209808F844F82E80BFF34F8FBFF36F8F06F113
S11320A8C00E52F82E8060F3104842F82E8052F881
S11320B82EE004EB060E4FEA0C1C5FFA8CFC8EF83B
S11320C800C347F8263091F9096091F808C04FEA2F
S11320D8561E0EF1200E06F01F0805FA08F844F8FB
S11320E82E80BFF34F8FBFF36F8F06F1C00E52F8E7
S11320F82E8060F3104842F82E8052F82E204FEAC2
S11321080C123444D2B284F8002347F82630EFF393
S1132118108785F310887E4A91F800C0D2F80041F0
S11321284FF0004626FA0CF624EA0604C2F80041E9
S1132138D2F8002187F310881A6ACC69907010715C
S113214850729072D07250830878854040F207200C
S113215805421CBF4020D0740620107708784E78BA
S11321688F7801258540C878A9071CBF4FF47841AA
S11321789182C100032E41EA071100F0BF80002EAE
S11321880CBFE220F220C9B211709071217B490082
S113219801F0020151736178A078C901400100F08F
S11321A82000C9B201430020107294F800C0ACF1B9
S11321B80200012840F29880C9B2D1716168887818
S11321C8507010784D7865F301001070C8789074D9
S11321D80978D07901F05C0100F0A3000143D171C2
S11321E80020DA6918619861D860586192F905503D
S11321F8454A05F1C00152F8216060F3104642F8DF
S1132208216052F82110BFF35F8F6909890001F139
S1132218604101F56141012605F01F0506FA05F53F
S1132228C1F880510D60D96991F90B5005F1C001CD
S113223852F8217060F3104742F8217052F82110C7
S1132248BFF35F8F6909890001F1604101F56141BC
S113225805F01F0506FA05F5C1F880510D60D96926
S113226891F907E00EF1C00152F8215060F31045CE
S113227842F8215052F82110BFF35F8F4FEA5E11E4
S1132288890001F160410EF01F0E01F5614106FA63
S11322980EF5C1F880510D60D96991F9091001F161
S11322A8C00552F8257060F3104742F8257052F8BB
S11322B82520BFF35F8F4A09920002F1604201F0C2
S11322C81F0102F561428E40C2F8806116601A6AE5
S11322D861890CF0030C4CF0700C82F802C00D4AB2
S11322E819815A60BDE8F081BCF1020F08BF41F0C2
S11322F81001FF20C9B25070D17171E741F040015B
S1132308F22040E700E100E000600040D82000200F
S1132318006F04405549435310B4EFF30383103B53
S11323285BB203F1C001214A52F8210020F4803045
S113233842F8210052F821201D4A52F82300C369AB
S11323481B69ABB1036913B15DF8044B7047026AAA
S11323589378446A03F07F0343F0040300219370E5
S1132368C160002CF0D05DF8044B8022FFF7F8BD63
S11323780369026A002BEBD08178C46801F0030C6E
S1132388BCF1020F0AD094F800C082F803C001F02F
S113239803029B1A1444C0E90343D4E7B4F800C009
S11323A84CF47E4CA2F80EC0F1E700BF0060004078
S11323B8D820002010B582B0EFF30383103B5BB242
S11323C803F1C0011D4A52F8210020F4803042F87C
S11323D8210052F821201A4A52F82340A27802F028
S11323E80303022B236A0CBF198A5979A3690CBF0A
S11323F8C1F30801C9B2019143B9636AB3B10422B4
S1132408204602B0BDE81040FFF7AABD02F003025F
S113241801A9606909F09EF9D4E90521A37803F0BC
S113242803031A44C91AC4E9052109B102B010BD4D
S1132438636A002BFAD00122E2E700BF0060004083
S1132448D820002010B5EFF30383103B0D4A5CB28B
S113245852F82400D0E90821937803F07B039370A1
S113246819B102220021FFF77BFD074A04F1C003DA
S113247852F8231021F4803142F8231052F8233003
S113248810BD00BFD82000200060004010B5EFF355
S11324980383103B194A5CB252F82400837803F092
S11324A80303022B036A0CBF198A597993F804C0F1
S11324B80CBFC1F30801C9B21CF0100F0CF03802AC
S11324C806D093F81CC01CF0010F08BF42F040026C
S11324D893F804C00CF0C70C83F804C0436A0BB12A
S11324E8FFF73EFD064A04F1C00352F8231021F415
S11324F8803142F8231052F8233010BDD820002030
S113250800600040C0E90A3241620020704700BF01
S11325184368002210B502605A69044622B19368E0
S113252810681B6A984763681A6922B1936810682F
S11325381B6A9847636893F90220002A0EDB530943
S113254824480121203302F01F0201FA02F240F864
S11325582320BFF34F8FBFF36F8F636893F9012074
S1132568002A0EDB53091B480121203302F01F0205
S113257801FA02F240F82320BFF34F8FBFF36F8FA5
S1132588636893F90330134859090122203103F091
S11325981F0302FA03F340F82130BFF34F8FBFF350
S11325A86F8F636893F90430590903F01F039A4045
S11325B801F1200340F82320BFF34F8FBFF36F8F3F
S11325C8A268137823F0400313700020D378D070E6
S11325D810BD00BF00E100E030B5836A85B0044651
S11325E88C4601ADABB193E8070085E80700626843
S11325F8117883F804C0E26A9A6019601846626A1E
S11326089047A36A1BB195E8070083E8070005B063
S113261830BD2B46EBE700BFF8B587689DF818C0B6
S11326280446387810F0400040F084801E46E36188
S1132638636884F820C0C4E905005869C4E9031232
S11326480D4640B34368A661BCF10F0F19686BD8F7
S1132658BCF1070F94BF4FF0000C4FF0010C4B88EE
S11326684FEA0C3C23F4405323F00C034CF0080CC1
S11326784CEA030CB3B2CB81A1F802C08A60002AE9
S113268862D0836800685B68984700284BD1636808
S113269894F820C0A7681A6942B353686661BCF10C
S11326A80F0F196843D8BCF1070F94BF4FF0000C03
S11326B84FF0010CB3B2CB81CB784D604FEA0C1CC0
S11326C84CF0080C23F03C034CEA030C81F803C0DB
S11326D8002D40D03B78106823F020033B709368AA
S11326E85B689847F8B994F820C0A768FA7A3B8AD7
S11326F8BCF10F0FD2B29BB21ED90CF1010C22F01F
S113270840024FEA9C0CACF1050C42F0200223F481
S1132718706343EA0C239BB2FA723B823B7843F022
S1132728600300203B70F8BD4FF0020C97E74FF0B0
S1132738020CBFE70820F8BDBCF1070F94BF42F0B4
S1132748400202F09F02E2E78B7862F383038B7006
S1132758054B8B6095E75FFA8CF365F38303CB70C5
S1132768024B4B60B6E700BF3C2100203821002013
S113277800B583B0009313460A460021FFF74CFFC7
S113278803B05DF804FB00BF00B583B000931346A3
S11327980022FFF741FF03B05DF804FB10B49DF875
S11327A8044001945DF8044BFFF736BF2DE9F04F60
S11327B80B78DFF8C0820F691B0283B00D4604460C
S11327C8984477B1D7E901131A680B684FF0006091
S11327D81860C3F80880386890470646002840F017
S11327E8FF806B6973B1D3E9011218680B6812682A
S11327F8C3F804804FF400261E609047064600285C
S113280840F0F280D5E906130022C4E90A23656082
S113281861622B7803F5800303F5E4631B02A3606C
S11328286F7A002F00F0EA801146B02096466B7B41
S1132838EE7A2A6AAD7A1B0343EA46031D431378EA
S11328480BB141F0B10092F801C0D3784FEA4C11B2
S113285820EACC1641EA4C01907831431679984025
S113286825F070051B011EB1022E0CBF3026202650
S113287892F805C0BCF1000F06D0BCF1010F14BFDB
S11328884EF0010E4EF0030E92F808C00CF0030C43
S113289843EA8C032B4395790095002F40F0B380CD
S11328A8957A92F8099092F80B80019543F4604365
S11328B8EFF3108A012585F31088676897F800C03C
S11328C8674FCCF1130CD7F800B105FA0CFC2BEACE
S11328D80C0BC7F800B1D7F800718AF31088A76801
S11328E8C9B297F803C0C0B24FF0000C87F803C010
S11328F839707870BE70D279BA729BB2019A87F82F
S11329080C905FFA8EFE7A7387F80E80626887F8F7
S11329180FE03B82009B87F8203092F90230634530
S113292877DA504992F90130002B26DB527903F10A
S1132938604000F561401201D2B280F8002303F12F
S1132948C000494A41F8234052F8205025F4803504
S113295842F8205052F82020BFF35F8F5A099200A2
S113296802F16042012002F5614203F01F0300FAFC
S113297803F3C2F880311360626892F904303B486B
S1132988127A394DC6181201D2B286F8002303F11F
S1132998C00241F8234055F8226026F4803645F8F1
S11329A8226055F82220BFF35F8F03F01F055B09EF
S11329B89B0003F1604303F561430122AA40C3F875
S11329C880211A60636893F90320DB7910441B01A2
S11329D8DBB280F80033264B41F8224000262360FE
S11329E8304603B0BDE8F08F002FF9D0BB683868D3
S11329F81B6A9847304603B0BDE8F08FB820082119
S1132A084FF0100E13E74FF00008CDF80480C146CC
S1132A184EE7927903F1604101F561411201D2B2A6
S1132A2881F800230F49104A41F8234003F1C000FC
S1132A3852F820606CF3104642F8206052F82020C7
S1132A48BFF35F8F03F01F025B099B0003F1604330
S1132A5803F561439540C3F880511D60626861E7DE
S1132A68006F0440D82000200060004000E100E02E
S1132A78495053520420074010B4EFF30383103B2A
S1132A885BB203F1C001214A52F8210020F48030DE
S1132A9842F8210052F821201D4A52F82330D3E984
S1132AA806218A421CD018699C6840B393F820C058
S1132AB8BCF10F0F0AD9616840F82210D9690132B4
S1132AC88A429A610CD05DF8044B7047BCF1070F39
S1132AD817D821798154D96901328A429A61F2D18D
S1132AE85B6893F903300B495809012203F01F036B
S1132AF802FA03F341F820305DF8044B704760682C
S1132B08DDE7A48820F81240D9E700BF0060004040
S1132B18D820002000E100E010B5EFF30383103B58
S1132B285BB2304903F1C00251F8220020F480302E
S1132B3841F8220051F822202B4A52F823305C68CD
S1132B48226A72B392F801C0D8695A69BCF1010FBC
S1132B5816D082420BD0D3E9020129B193F8204060
S1132B680F2C05D951F82210416001325A6110BD69
S1132B78072C95BF895C31F8121001718180F4E744
S1132B8800F1FF3E96450FD021690029E1D094F960
S1132B9803201649500902F01F020CFA02F241F808
S1132BA820205A69D869D4E794F9030000F1C002D7
S1132BB851F8224024F4803441F8224051F822206C
S1132BC8BFF35F8F4209920002F1604202F561424D
S1132BD800F01F000CFA00F0C2F8800110605A6976
S1132BE8D869B6E700600040D820002000E100E082
S1132BF830B4EFF30383103B5AB202F1C0003349F7
S1132C0851F8204024F4803441F8204003F0FF03B5
S1132C1851F820102E4951F822008168C978890793
S1132C2805D54168497A012901D030BC7047520959
S1132C38284C0121203203F01F0301FA03F344F85E
S1132C482230BFF34F8FBFF36F8F436893F902307D
S1132C58002B32DB5A09203203F01F0301FA03F375
S1132C6844F82230BFF34F8FBFF36F8FD0E90124AC
S1132C78237892F9022023F04003002A237018DBFA
S1132C8802F1C004114B53F8245025F4803543F85D
S1132C98245053F82430BFF35F8F53099B0003F18A
S1132CA8604302F01F0203F561439140C3F88011A9
S1132CB8196030BC0121FFF78FBC8268137823F0B8
S1132CC8400330BC13700121FFF786BC006000404C
S1132CD8D820002000E100E070B5EFF30383103B37
S1132CE85CB2354A52F82460736893F90230002BB9
S1132CF849DB5A0931492032012003F01F0300FA45
S1132D0803F341F82230BFF34F8FBFF36F8FD6E937
S1132D18013293F902301178002B21F0400111702F
S1132D2819DB03F1C001264A52F8215025F48035F5
S1132D3842F8215052F82120BFF35F8F03F01F029D
S1132D485B099B0003F1604303F561439040C3F8BA
S1132D5880011860B268D3780021D1701A07DDB2F7
S1132D6824D4EB0715D405F01405142D19D0144AEE
S1132D7804F1C00352F8231021F4803142F82310DF
S1132D8852F8233070BDB268137823F040031370EF
S1132D98E1E70421304605F01405FFF71DFC142D66
S1132DA8E5D108213046FFF717FCE0E70521304656
S1132DB8FFF712FCD5E700BFD820002000E100E0AF
S1132DC80060004008B504F0D3FD002008BD00BF32
S1132DD8D1ED027AD1ED016A91ED036A20EEE77A2A
S1132DE867EE817AA6EEC07AF6EE006AA6EE417A1C
S1132DF827EE267A82ED007AD1ED005AE5EE807A44
S1132E08E6EE607A67EEA67AC2ED017AD1ED017A30
S1132E1821EE677A67EEA07AA5EEA07AE5EE817ACC
S1132E28A6EE007A27EE267A82ED027A91ED027AEE
S1132E38E7EE407A67EEA67AC2ED037A704700BFE0
S1132E48D1ED015A91ED005A91ED026AD1ED036A70
S1132E58DFED104A65EEA57AE5EE057AE6EE067A28
S1132E68E6EEA67AB1EEE77AB4EEE47AF1EE10FA79
S1132E780FDDC5EE074AC6EE877A85EE875AC6EE99
S1132E88075AC1ED004A81ED015AC1ED025AC1ED5C
S1132E98037A70476F12833AD2ED013AD1ED017A81
S1132EA891ED006AD2ED006AD1ED024A92ED024A30
S1132EB823EEE77AA6EE267AD1ED036A92ED036A49
S1132EC8A4EEC47AA6EEC67A83ED007AD2ED005A4F
S1132ED891ED005A67EEA57AE3EE857AE4EE867AF8
S1132EE8E4EE667AC3ED017AD1ED017AD2ED013AC6
S1132EF827EEC67AA4EE057AA4EEA57AA6EEA37AFE
S1132F0883ED027AD2ED024A91ED027A67EEA47A51
S1132F18E6EE057AE3EEC77AE6EEA57AC3ED037A20
S1132F28704700BF10B52DED0C8BD0ED0B6A90EDFA
S1132F380C7AD0ED0D7A94B000F11C0430EE660AD8
S1132F4870EEC70A31EE671A6A462146FFF740FF5A
S1132F58DDED003A90ED078ADDED012A90ED089A3F
S1132F689DED023AD0ED098A9DED034A90ED0A2AB7
S1132F7863EEA16AF6EE009AF0EE487AE6EEA97AD4
S1132F8810A904AA22EEA17ACDED107AF0EE497ABE
S1132F98E7EE297A23EE217ACDED117AF0EE687AFC
S1132FA8E7EE297A24EE217ACDED127AF0EE427A10
S1132FB8E7EE297ACDED137AFFF742FFFFF708FF12
S1132FC89DED04DADDED05CA9DED06CADDED07BA0F
S1132FD82DEE217AF0EE487AE7EE297A08AA2CEE4B
S1132FE8A17ACDED107AF0EE497AE7EE297A2CEE43
S1132FF8217ACDED117AF0EE687AE7EE297A2BEE94
S1133008A17ACDED127AF0EE427AE7EE297ACDED87
S1133018137AFFF715FFFFF7DBFE9DED08BADDED28
S113302809AA9DED0AAADDED0B9AF0EE487AEBEEBB
S1133038217A0CAACDED107AF0EE497AEAEEA17A5B
S1133048CDED117AF0EE687AEAEE217ACDED127AB6
S1133058F0EE427AE9EEA17ACDED137AFFF7F0FEAD
S1133068FFF7B6FEF0EE007AACEE273A21464FF0B1
S11330787E52EDEE273AECEEA72AABEEA74AAAEE6B
S1133088273A9DED0E7ADDED0D6AEBEE273AEAEE6E
S1133098A72AA9EEA74A33EE073ADDED0F7A9DED8C
S11330A80C7A72EEA62A34EE274A73EE873A62EE59
S11330B8A12A23EE213A24EE214A63EEA13AF1EE45
S11330C8087A84EE277A82EEA76AC3EE276AC3EEEB
S11330D8A75A36EE096A77EE027A76EEA86A75EE92
S11330E8885A80ED086AC0ED075AC0ED096AC0ED38
S11330F80A7AFFF7A5FE90ED007AD0ED017AC0F8C0
S1133108E02027EE077A67EEA77A21EE211A60EE0F
S1133118E10A20EE210A27EE217A67EEA17AF1EE80
S1133128415AF1EE611AB1EE606AF1EE406A80ED3F
S1133138391AC0ED3A0AC0ED3E5AC0F8FC2080EDB9
S1133148400A80ED446AC0ED456AC0F81821C0ED14
S11331583B1AC0ED421AC0ED491AC0F83421C0F830
S11331685021C0F86C2180ED707A80ED6F7A80ED83
S11331786E7AC0ED737AC0ED727AC0ED717A14B0CC
S1133188BDEC0C8B10BD00BF70B52DED108BADF5EB
S1133198367DD0ED086A90ED097AD0ED0A7AF94BBC
S11331A83593C3693A9300253EABF1EE666AB1EEF6
S11331B8477AF1EE677A32AA3AA900F11C06CDEDF6
S11331C83B6A8DED3C7ACDED3D7A32953395349555
S11331D8FFF762FE1946324636ABFFF75DFED3EDC4
S11331E8012A93ED023AD3ED031A90ED38BAD0EDE3
S11331F83AAA90ED3BEA90ED39FAD0ED14EA90ED55
S1133208204A90ED155AD0ED1A3AC0F8705170EE74
S1133218627AF0EE60DACDED057A7DEEC37AB0EE2F
S113322841DACDED197A7DEE617AB1EE622AB1EE1A
S1133238611AF1EE430ACDED1A7A80ED5D1A80ED3C
S11332485E3AC0F87C51C0F88051C0F88451C0ED92
S1133258621AC0F88C5180ED642AC0F89451C0F801
S11332689851C0F89C51C0ED680AC0ED692AC0F8AD
S1133278A851C0F8AC51C0F8B051C0F8B45190EDA1
S11332881B6A90ED3F7AD0ED457A90ED210A90EDD6
S11332983ECAD0ED44CAD0ED40BA90ED46DAD0ED3E
S11332A842DAD0ED1C4AD0ED268A6FEE065A66EE55
S11332B8076AEBEE055A044626EE276AEAEE805AB8
S11332C8E5EE0C6AA5EE2C6A90ED275AEEEE055A47
S11332D82FEE235AB0EE658AABEE2E5A63EE875A68
S11332E863EEA73AEEEE8C5AEEEEAC3AA0EE0D6A17
S11332F8E0EE2B6AAAEE845AE4EE2B5AE4EE0D3A79
S113330890ED2D4A90ED160AD0ED17EAEDEE846A99
S1133318AEEE285A2FEE244AD0ED2C8A8DED005AB1
S1133328F0EE46FA24EE876A64EEA74AEDEEA85A50
S1133338A0EE0C6AABEE004AE0EE2C4AD0ED328ADD
S113334890ED490A90ED1E5AE0EE283AD0ED2E8A07
S1133358CDED033AD0ED223AA3EEAB6AAAEEA34A26
S1133368ADEEA86AD0ED288AE3EE8D4AAEEE284A7F
S113337865EE073AD0ED188A8DED014AE8EE8C3AED
S1133388D0ED248A90ED1D4ACDED0C4AE8EEAB3A17
S1133398D0ED308AD0ED1F4AEDEEA83AD0ED2A8A56
S11333A8CDED848ACDED0A3ACDED783A6FEE043A44
S11333B8D0ED338AEBEE2E3AE0EE28FAD0ED238AEC
S11333C8EAEEA83AD0ED298AEEEE283AD0ED198A29
S11333D8CDED063ACDED713A64EEA73AE8EEAC3A93
S11333E8D0ED258AE8EE8D3AD0ED238ACDED0D3A5D
S11333F864EE073A24EE274AEEEE8C3AAEEEAC4A77
S1133408E8EEAB3AF0EE44EAE8EE8DEAD0ED2F8A26
S1133418B0EE634AADEEA84AD0ED198A8DED094A9B
S11334288DED774A24EE874A6FEE244AA8EE8C4A3B
S1133438EBEE284AD0ED258AA8EEAB4AEAEEA84A74
S1133448D0ED318AADEEA84AD0ED2B8A8DED0B4A2A
S1133458EEEE284AD0ED188ACDED084ACDED734A30
S113346865EE274A2FEE055AE8EEAC4AABEE285A29
S1133478D0ED248A8DED794AAAEEA85AE8EE8D4A51
S1133488D0ED2A8A9DED0A4AAEEE285A8DED075AE8
S11334988DED725A27EE265AACEE255AABEE865AB3
S11334A8F0EE458AEDEE848A9DED0C5A90ED344A8F
S11334B8A0EE045A9DED004AF0EE453A2FEE085A64
S11334C8ABEE045A9DED014AAAEE845AB0EE454A81
S11334D89DED065AAEEE054A27EEAF5A8DED0F4A1A
S11334E89DED034AACEE845A2FEE264A66EEA76A8F
S11334F8ABEE254AE5EEAC6AAAEE864AE6EE0D6A1C
S1133508DDED095A9DED0D6AAEEE254ADDED0B5A47
S11335188DED1E4AE5EE806ADDED035ACDED0E6AA7
S1133528CDED766A6FEE2F6A67EE2FFAEBEE256A19
S1133538ECEE25FAD0ED375A8DED744AA0EE256AE3
S1133548ADEE235AEAEEA36AEBEEA3FA68EE075A45
S1133558DDED003A8DED1D6AA0EE065A8DED7F6A09
S113356828EE276AE3EE8C5AA3EEAC6ADDED013A45
S11335789DED078AE3EEAB5AA3EE8D6ADDED083ABA
S113358802E000BF0BE81C41E8EE2D5A90ED358AA5
S1133598CDED0C5AA3EE806AF0EE6E3AE0EE083AEE
S11335A8F0EE66EAEEEE23EACDED1B3ACDED7D3A78
S11335B8D0ED363ACDED6F5AB0EE648AA0EE238A88
S11335C8CDED1FEAEDEE88FACDED7AEA8DED1C8A91
S11335D8CDED20FA8DED7E8ACDED7BFA8DED0D6A69
S11335E88DED706A90ED6F6A90ED278A6FEE086A28
S11335F890ED268AEBEE086A90ED288AEAEE886A4E
S113360890ED298AF0EE6F4AF0EE66FAEEEE08FACB
S113361890ED278ACDED80FA68EE075A68EE276A9E
S113362890ED268AE8EE0C5AE8EE2C6A90ED288A8A
S1133638E8EE2B5A38EE866AD0ED2A8A8DED756A43
S1133648E8EE0D6AB0EE658AA8EEAD8AD0ED2B8A55
S11336588DED218AF0EE665AE8EE805A8DED818A66
S113366822EE868ADDED0F8AD0ED6E6A8DED2B8A07
S1133678A0EE848A78EEA66ACDED225ACDED825A60
S1133688D0ED705ACDED6E6A35EE255A8DED008A6F
S113369861EE065A20EEA68A9DED0E6A8DED7C5ADF
S11336A861EEA66ACDED295ACDED0F6AE3EE065A0E
S11336B863EE056A22EE055A60EEAE8A8DED135A62
S11336C822EEA45ACDED105A8DED278ACDED2C8A21
S11336D88DED145ACDED126ADDED0C6A9DED125A8A
S11336E8CDED903AA1EE245ADDED134A8DED035A3F
S11336F8E1EEAE4ADDED14EACDED014AA2EEA68A6A
S113370861EE844A78EEAEEA22EE066A61EE268A13
S11337189DED0F4ADDED0D6A8DED116AA2EE264A84
S113372823EE265A90ED296AD0ED716A8DED245A5C
S113373876EE866A38EE856ACDED836AD0ED2B6A1B
S11337488DED288ACDED856AD0ED2F6ACDED2A4A14
S1133758CDED896AD0ED316ACDED238ACDED8B6A42
S1133768D0ED356A8DED256ACDED8F6ADDED116AF0
S11337788DED264A34EEA65A62EE2E6AF0EE484AD9
S1133788E1EE886A9DED008ACDED186A62EEA56ABD
S1133798F0EE468AE0EE866A22EE886A9DED038A98
S11337A8CDED166A62EE086AA0EEA46AE1EEA86A94
S11337B8CDED156ADDED014A62EE856A62EE244AB2
S11337C8E0EE846AE1EE844A23EE084ACDED2D6AE0
S11337D8A1EE254AD0ED026ADDED165A76EE268A68
S11337E874EEA64A34EE264ADDED016A63EE266AD3
S11337F8B0EE666AA1EE056A8DED176A9DED186A4A
S113380865EEC66AF0EE665ADDED156AE6EEA85A6C
S1133818D0ED2D6ACDED185A67EE265AD0ED336AED
S113382827EE267AD0ED2C6AECEE265AD0ED326AD1
S1133838ACEE267A90ED2ECAEBEE8C5A90ED34CA93
S1133848ABEE8C7AADEEA37AD0ED303A8DED8D7A6D
S1133858EDEEA35AD0ED2D3ACDED875A63EEA76A63
S1133868D0ED333A67EEA37AD0ED2C3AE3EEAC6AA6
S1133878D0ED323AECEEA37AD0ED2D3A6FEE23CAAE
S1133888D0ED333A2FEE23FAD0ED2C3AEBEE23CADF
S1133898D0ED323AABEE23FAD0ED2E3AE3EE8D6A50
S11338A8D0ED2E3AEDEE0C7AEAEEA3CAD0ED313A19
S11338B8E3EE806AD0ED373AE0EE237AD0ED2F3A82
S11338C8AAEE8CFAEEEE23CAD0ED353ACDED886A2D
S11338D89DED2DCA9DED16BA9DED18DA9DED170ADA
S11338E89DED008ADDED15BACDED86CAF0EE46AA47
S11338F82CEE466AAEEE23FAF0EE46DA2BEE646A54
S11339082DEE400AB0EE46EA90ED30DA90ED726A98
S1133918CDED8E7A36EE0D6AE4EEA8DA90ED37DA5C
S11339288DED8A6A90ED736ACDED2DDA63EE2E3A49
S113393836EE0D6A23EE26DAABEE8CEAE1EE083AAF
S1133948A4EE2D0AA1EE25DA62EE266A62EEA55AE5
S1133958E1EEAC6AE0EEAC5A63EE27CAA3EE8E0A37
S11339689DED218A8DED916A9DED226A8DED15EA12
S1133978E1EE07CA62EE277A22EE877A23EE06EA98
S113398862EE88DA22EE066AE1EE8F7AA0EE8F7A8A
S11339988DED8CFA9FEDF9FAA1EEAF6AE0EEAFDA9D
S11339A8F0EEC0FAF4EECFFAF1EE10FAA1EE08EA5E
S11339B841DDB7EE008A88EE00FA9DED2D8A28EEE7
S11339C80F9A9DED188A8DED2E9A28EE4F0A9DEDDB
S11339D8158A9DED179A8DED020A28EE0F8A64EE7A
S11339E8E39A8DED2F8A2BEE638A2CEE63AAA4EE5C
S11339F8288A6BEEE33AA9EE28AAE9EE2A9A2BEE76
S1133A08490AE4EE2A3A2BEEC99AA4EE0C0AA4EE6B
S1133A18249A68EE0F4A2AEE4FAACDED044A63EEC3
S1133A28CF4A69EE8F9ACDED304A60EE4F4A29EEBF
S1133A380F9ACDED314ADDED048ADDED104ADDED56
S1133A4831AA9DED260A9DED00BADDED01BA9DED82
S1133A5825CA9DED03FADDED28FA9DED198A25EEB8
S1133A68284A60EE283AA4EE8A4A42A920466BEE18
S1133A78A84AABEE2A4A4FF07E530A469DED30BA67
S1133A888DED4E4AF0EE40BA9DED020ADDED1A8A3C
S1133A98ECEE0A3AEFEE0A4A2BEE800A2BEE8BFA8A
S1133AA8DDED2EBAABEE8C0AEFEEAA3AACEE29FAAB
S1133AB89DED2FCACDED4B3AAFEE8C0AAFEE89FAE5
S1133AC868EE233ADDED05FA8DED4A0AEFEE803A09
S1133AD89DED100A8DED4CFAF0EE63FADDED023A35
S1133AE865EE233A25EE0B5AEBEE803AA0EE295AFE
S1133AF89DED000AE0EE0C3AA0EE095A28EE044ABD
S1133B089DED050ACDED4D3AA0EE234A8DED4F5AB1
S1133B18F0EE443AE8EE853A9DED014A9DED025AED
S1133B28E8EE8FFA24EE055AB0EE68FADDED038A62
S1133B38ABEEA85AEEEEAA4A24EE0B4AAEEE8C5A25
S1133B48A8EEA94ACDED514A68EE244AAEEE894A58
S1133B58E0EE054A8DED505AEFEE044A8DED524AD7
S1133B68DDED048A429326EE285AF0EE40EAAEEEE2
S1133B780A5A46ABB0EE640A66EEA84AADEEAA5AF3
S1133B88EDEE0A4A8DED545AE5EEAA4A28EE055A96
S1133B98B0EE484A27EEA88ADDED028ACDED574AF1
S1133BA824EE244A66EE284A26EE0B6AEBEE8E4A89
S1133BB8AEEE296AEDEE8C4AADEE896AAEEEA45AF1
S1133BC88DED556AAFEE065A26EEA86A67EEA88A06
S1133BD867EE8B7AABEE8D6AECEEA97A66EE8B6AA9
S1133BE8A5EE8C6AEDEE296AE7EE097AACEE8A8ACC
S1133BF8EBEEAC8AE5EE896AAEEE864ACDED5B7AE9
S1133C08F6EE007A20EE270AA7EE2A8AE7EE0C8A57
S1133C18AFEE264A8DED450A9FED590ACDED534A7C
S1133C282FEEA77A63EEA73A84ED130A8DED566A50
S1133C38CDED586A8DED437ACDED443A8DED5A8A2F
S1133C48CDED598AB0EE458AFFF7FAF83146F0EE21
S1133C58448AFFF721F90FCB86E80F003146204646
S1133C68FFF7EEF89DED207ADDED297ADDED0E6A99
S1133C789DED1F6ADDED0D5A9DED1E5ADDED2B4AB3
S1133C889DED249A84ED100AE3EE077A0DF5127E71
S1133C980DF5B87C9DED127ACCED017AA1EE267A69
S1133CA84AA97546DDED0F6A8CED027AE2EE066AE2
S1133CB862A89DED136ACCED066AA1EEA56ADDED56
S1133CC8275A8CED086AE2EE855A9DED0C5ACCED24
S1133CD80C5AE0EE854A9DED2C5ACCED0D4AF1EED6
S1133CE8453A9DED2A5A84ED0F0A73EEC53A9DEDC7
S1133CF8145ACCED003AB1EE454A9DED235A84EDB1
S1133D080E0A34EE454A9DED115A8CED074AB1EE80
S1133D18455A35EE495A84ED120A8CED0E5A84ED53
S1133D28110A9DED1B7ADDED096ADDED075A9DED5B
S1133D380B6ADDED1D4A9DED085A63EE077A22EE03
S1133D48077AE1EE267ACCED037A62EEA67ADDED07
S1133D58066AE0EEA67AA1EEA67ADDED0A6ACCED53
S1133D680F7A62EEA67A8CED097AE0EEA57A62EE15
S1133D78862ACCED107ADDED1C7A03E017B7D1382A
S1133D880000000023EE277A62EE277AA1EE267A55
S1133D98E1EEA57A23EE243A22EE242AD4ED0B6A26
S1133DA88CED047AE0EE852A94ED0C7ACCED0A7A4F
S1133DB8A1EE063AD4ED0D7ACCED112AA1EE852AAE
S1133DC876EE886A37EE287A77EE807A8CED053AB3
S1133DD88CED0B2AC4ED0B6A84ED0C7AC4ED0D7AD4
S1133DE891ED005AD1ED015A91ED026A63462A46D3
S1133DF8F3EC016AD3ED057A93ED0B7A65EEA77AB5
S1133E089842E5EE267AE6EE077AE2EC017AEFD1FB
S1133E180C318C4505F11805E2D10DF5DC7C04F173
S1133E28680004F1F805A0F1180371466246F2EC43
S1133E38017AB1EC017A77EEC77AE3EC017A984219
S1133E48F5D1183085420CF1180C0EF1180EEAD190
S1133E5804F1540101209034F6EE006AA1F13C0308
S1133E680A4693ED147AD2ED007A77EE877A1833FE
S1133E7867EEA67A9C42C3ED0E7AE2EC017AF0D1A1
S1133E880130062801F11C0104F10404E6D10DF502
S1133E98367DBDEC108B70BD60499FED616AD1ED34
S1133EA8007A604BDFED605A93ED007A5F4AD0EDFB
S1133EB8084AD2ED006A90ED095A67EE867A27EE31
S1133EC8067AE0EEA57A30B5A0EE257A00F11C0555
S1133ED8044666EE866A27EEA76AE1EE256AA7EE2F
S1133EE8076A2DED028BA6EEA66A99B0D0ED0A5AA0
S1133EF883ED007AB1EEC64A00230093019303933D
S1133F080CABC2ED006A87EE042AC26908926A46BD
S1133F18C7EE842AC1ED007AF1EE644AB1EE455A3F
S1133F28B1EE656A08A9B7EE003ACDED094A8DED00
S1133F380A5A8DED0B6A8DED023AFEF7ADFF04AB1C
S1133F480CA92A46FEF7A8FFDDED067ADDED056A21
S1133F5867EEC27ABFEE007AE6EEA27AF4EEC77A8A
S1133F68F1EE10FA54D4F4EEC37AF1EE10FA46DD09
S1133F789FED2F8A9FED2F7A2F4BDFED307AD3ED0B
S1133F88006A37EE267AB4EEE77AF1EE10FA09DC25
S1133F98DFED277AB4EEE77AF1EE10FA58BFF0EEC7
S1133FA8477A01D5B0EE677A38EE078AB6EE007A1A
S1133FB828EE478AC3ED007AB0EE480A03F066FD9E
S1133FC8F0EE407AB0EE480AB0EE678A03F09EFD40
S1133FD8002214AB2046CDE91122294610AA8DED02
S1133FE8108A8DED130AFEF757FF1946FEF728FFCE
S1133FF80FCB85E80F0019B0BDEC028B30BD9FEDE7
S1134008107ADFED0E6A27EEC77A27EEE68AB3E761
S11340189FED0A8A9FED0A7AAEE700BF7822002056
S1134028CDCC4C3F7C220020CDCC4C3E74220020C9
S113403885EB51BF8FC275BD7022002085EB513FBF
S11340488FC2753D9FED447ADFED446A4FF07E538D
S113405810B500F1500C80ED000AC0ED010A80EDA6
S1134068021AC36080ED047A80ED057A80ED067A41
S1134078C36180ED087A80ED097A80ED0A7A80EDD3
S11340880D7A80ED0C7A80ED0B7A80ED107A80ED54
S11340980F7A80ED0E7A80ED137A80ED127A80ED36
S11340A8117A002162460023994203F101030CBFEF
S11340B8F0EE667AF0EE477A062BE2EC017AF3D159
S11340C8013106290CF1180CECD1DFED236A00F15B
S11340D8E00C0021B7EE007A62460023994203F10E
S11340E801030CBFF0EE477AF0EE667A062BE2EC99
S11340F8017AF3D1013106290CF1180CECD14FF0F7
S1134108000C00F5B8740021F7EE007A224600236B
S113411801F1010E994203F1010319D0062B42F86B
S113412804CBF7D17146032904F11804EED120EE2B
S1134138000A60EEA00A80ED700A80ED6F0A80ED37
S11341486E0AC0ED730AC0ED720AC0ED710A10BDA3
S1134158E2EC017A7346DDE7000000000AD7233C4D
S113416870B52DED068B2A492A4B2B4A0D781B680E
S11341781668136025B901230B70BDEC068B70BD5E
S11341889B1B07EE903AF0EE408AF8EE677AB0EEA1
S1134198610ADFED221AB0EE418AC7EEA11A04467D
S11341A8B0EE621AB0EE609AF0EE420AF0EE439A6C
S11341B8B0EE63AAF0EE44AAFEF7B4FEB0EE481AD5
S11341C8F0EE490AB0EE680AFEF7DEFFF1EE087A6F
S11341D8B4EEE78AF1EE10FA06DCF9EE087AB4EEEA
S11341E8E78AF1EE10FA08D5B0EE6A1AF0EE4A0A38
S11341F8B0EE690A2046FFF74FFEBDEC068BE06976
S1134208216A626AA36AE06021616261A36170BD88
S113421868220020F82700206C22002000007A443D
S1134228704700BF704700BF30B583B0002300F06B
S11342387F0000931446CDF803308DF800001AB1BE
S11342480DF1010007F086FA104B1D6800224FF4A7
S113425886712846FDF70EFC0D4A69461068072347
S1134268621CFEF791FA0B4904460B78002BFCD02C
S113427800230B70012228464FF48671FDF7FAFBE0
S1134288201E18BF012003B030BD00BF90B8000045
S113429840B90000802200202DE9F0431D4B1E6820
S11342A883B0044617460D4600224FF48671304603
S11342B8FDF7E0FB184BD3F80080072364F07F0474
S11342C801220DEB030140468DF80740FEF75CFA26
S11342D8124C81462378002BFCD0002329462370F6
S11342E83A4640460723FEF743FA05462378002B4F
S11342F8FCD00023304601224FF486712370FDF769
S1134308B9FB59EA050514BF0120002003B0BDE834
S1134318F08300BF90B8000040B90000802200205C
S1134328704700BF704700BF704700BF704700BFA9
S1134338704700BF704700BF704700BF704700BF99
S1134348704700BF704700BF704700BF704700BF89
S1134358704700BF704700BF704700BF704700BF79
S11343680379012B04BF014A13707047802200208F
S11343780139C9B2072923D8284830F81110B1F5F2
S11343887A6F0BD34FF03F0C4FF4786082F800C07B
S11343981880009B0321197000207047B1F5FA6F4B
S11343A81BD0B1F57A7F0DD0B1F5FA7F21D06429FD
S11343B829D0012111701980009B0F201870EBE798
S11343C8012070474FF0150C4FF4DC7082F800C0E0
S11343D81880009B06211970DEE74FF0250C4FF476
S11343E8AC6082F800C01880009B0421197000207A
S11343F870474FF00B0C7A2082F800C01880009B9D
S113440808211970C8E74FF0020C042082F800C094
S11344181880009B0D211970BEE700BF20BB000067
S113442830B40A2001391070029C6420C9B2188083
S113443807294FF00400207020D8204D35F81110BA
S1134448B1F57A6F09D33F2010704FF478610322D5
S113445819802270002030BC7047B1F5FA6F18D06B
S1134468B1F57A7F0DD0B1F5FA7F19D064291ED041
S113447801210F20117019802070EBE7012030BC56
S11344887047152010704FF4DC71062219802270D1
S1134498E0E7252111704FF4AC621A802070D9E747
S11344A80B2010707A21082219802270D2E7022189
S11344B811700D2218802270CCE700BF20BB0000C9
S11344C8002979D038B51D46A1F57A73B3F5FA6F8A
S11344D841D807EE901ADFED396A9FED397AF8EE84
S11344E8E77A144667EEA67A67EE877A17EE900A9B
S11344F805F0B6FF41EC100B03F056FA51EC100B23
S113450806F0D6F807EE900ABDEEE77AF6EE0C6AE6
S113451817EE103A002BB8BF5B4207EE103AB8EE1C
S1134528C77AB4EEE67AF1EE10FA16D89FED257A3A
S113453867EE877A17EE900A05F092FF41EC100BAC
S113454803F024FB51EC100B06F092F800232880AA
S11345582370002038BD012038BDF4EEE67A01232B
S1134568F1EE10FA237020DCBEEE0C7AF4EEC77A72
S1134578F1EE10FAEFD5B7EE007A77EE877ABAEE55
S1134588007A67EE877A9FED0F7A67EE877A17EEDF
S1134598900A05F065FF41EC100B03F0F7FA51ECB3
S11345A8100B06F065F82880D3E7B7EE007A77EEAB
S11345B8677AB2EE007AE4E700207047DB0FC9405F
S11345C80000003D000080432DE9F04F8BB01E46EB
S11345D89DF854409DF85C300293012C9DF864309A
S11345E89DF850009DF858B0BDF860A001920D46A2
S11345F8039300F0AE806CBBDFF85C9308945323FC
S11346088DF82030C000D9F80030DFF85083CDF899
S11346182340C0B222468DF81F008DF821004FF4C4
S11346288671184608AF0493FDF724FAD8F80000F9
S1134638C84C072302223946FEF7A6F82378002B34
S1134648FCD00023237058B1049801224FF48671DA
S1134658FDF710FA4FF0010840460BB0BDE8F08FA3
S1134668049801224FF48671FDF704FA012D00F035
S11346789880002DEED10DF11F03012219464E201A
S11346880493FFF709FE0028E4D19DF81F30D9F8F8
S11346980090089523F0030343F00203C7F803507E
S11346A82A468DF81F308DF821304FF486714E2339
S11346B848468DF82030FDF7DDF9D8F8003001932D
S11346C81846022207233946FEF75EF80546237882
S11346D8002BFCD000232370002D40F0ED80012234
S11346E84FF486714846FDF7C5F904990122522012
S11346F8FFF7D2FD80460028ACD19DF81F300895FD
S113470803F00F0343EA0613DBB2C7F803502A4643
S11347188DF81F308DF821304FF4867152234846A6
S11347288DF82030FDF7A6F90198394607230222AF
S1134738FEF72AF82378002BFCD0002323700028E6
S113474840F0BA8001224FF486714846FDF792F989
S113475882E7C300DFF80092DFF800827D4C43F063
S113476804030022DBB208928DF81F308DF8213043
S1134778D9F80030049318464FF48671532308AFD0
S1134788CDF823208DF82030FDF774F9D8F800000F
S1134798072302223946FDF7F7FF2378002BFCD0C4
S11347A84FE70DF11F032A4619464E200493FFF7DD
S11347B873FD024600287FF44DAF9DF81F30D9F8E9
S11347C80050089043F00303C7F803008DF81F3026
S11347D88DF821304FF486714E2328468DF8203009
S11347E8FDF748F9D8F80030059318460222072344
S11347F83946FDF7C9FF06462378002BFCD0002371
S11348082370002E5FD101224FF486712846FDF7EC
S113481831F9049901225220FFF73EFD00287FF464
S113482819AF9DF81F300199089603F00F0343EA66
S11348380113DBB2C7F8036032468DF81F308DF8D8
S113484821304FF48671522328468DF82030FDF725
S113485811F90598394607230222FDF795FF064604
S11348682378002BFCD00023237066BB2846012242
S11348784FF48671FDF7FEF8BBF1010F2AD0BBF1A6
S1134888000F7FF4E7AE049C012221460320FFF7C2
S113489803FD00287FF4DEAE9DF81F300122134388
S11348A8214603208DF81F30FFF7BEFCB0F1000845
S11348B818BF4FF00108CFE601224FF4867148462D
S11348C8FDF7D8F8C6E601224FF486712846FDF7AD
S11348D8D1F8BFE6049C02235A46214676208DF877
S11348E81F30FFF7A1FC00287FF4B4AE029B5B00E5
S11348F803F07E035A46214603208DF81F30FFF744
S113490893FC00287FF4A6AE5A46214604208DF86D
S11349181FA0FFF789FC00287FF49CAE039ACAF312
S1134928032343EA021321465A4605208DF81F3013
S1134938FFF77AFC00287FF48DAE5A46214676208C
S11349488DF81F60FFF770FCB0F1000818BF4FF036
S1134958010881E68022002090B8000040B90000D8
S11349682DE9F04F8FB01D4600238DF82830BDF88F
S113497868300393BDF86C3004939DF87030059348
S11349889DF878300693BDF87C30079380469DF8EF
S113499880309DF86090BDF864B09DF874A00893C9
S11349A80E4617460AA901224E20FFF775FC18B1D6
S11349B801200FB0BDE8F08F9D4B0C900246CDF856
S11349C8330018689DF82830019043F00C038DF8E3
S11349D828308DF831304FF486714E238DF83030FD
S11349E8FDF748F8934B944C1B68029302980723ED
S11349F802220CA9FDF7C8FE03462278002AFCD03F
S1134A08002222700198099301224FF4867113B190
S1134A18FDF730F8CCE7FDF72DF8012D099B00F0E0
S1134A288A80002DC4D101220AA95120FFF734FC41
S1134A380028BDD19DF828300C9523F00F0343EAD4
S1134A488703DBB22A468DF828308DF831304FF4CD
S1134A588671512301988DF83030CDF83350FDF725
S1134A6809F80298072302220CA9FDF78DFE237882
S1134A78002BFCD00023237001224FF486710028F8
S1134A8840F086800198FCF7F5FF01220AA952201C
S1134A98FFF702FC024600288AD19DF828300C90C2
S1134AA823F00F031E43CDF8330052234FF48671CD
S1134AB801988DF830308DF828608DF83160FCF756
S1134AC8D9FF0298072302220CA9FDF75DFE0546CB
S1134AD82378002BFCD00023237001224FF4867125
S1134AE8002D55D1019E3046FCF7C4FF01232A4608
S1134AF88DF828304FF486714FF4BB7330460C950B
S1134B08CDF83350ADF83030FCF7B4FF02980723E2
S1134B1802220CA9FDF738FE05462378002BFCD0A9
S1134B2800232370002D35D0019801224FF486719B
S1134B38FCF7A0FF3CE72A460AA951200993FFF78E
S1134B48ABFB00287FF434AF099B0C931A46CDF8CD
S1134B5833309DF82830019823F00F0343EA870384
S1134B6843F00203DBB28DF828308DF831304FF46E
S1134B78867151238DF83030FCF77CFF02980723A7
S1134B8802220CA9FDF700FE2378002BFCD071E764
S1134B9801983DE7019801224FF48671FCF76AFFFA
S1134BA8B9F1010F4AD0B9F1000F7FF401AF012226
S1134BB80AA90B20FFF770FB00287FF4F9AE9DF8D3
S1134BC82830012243F001030AA90B208DF828306C
S1134BD8FFF72AFB00287FF4EBAEBAF1010F00F0CF
S1134BE8B580BAF1000F7FF4E3AE01220AA90B20C5
S1134BF8FFF752FB00287FF4DBAE9DF82830012232
S1134C0823F0030313430AA90B208DF82830FFF778
S1134C180BFB00287FF4CCAE002301220AA97620DE
S1134C288DF82830FFF700FB003818BF0120C0E6D4
S1134C3890B8000040B90000802200204A460AA922
S1134C480B20FFF729FB00287FF4B2AE9DF828302B
S1134C584A4623F001030AA90B208DF82830FFF7F0
S1134C68E3FA00287FF4A4AEDDE9033213435BEAD8
S1134C7803038DF82950ADF82C508DF82A50ADF85F
S1134C882E508DF82B50ADF8305040F09D80059B88
S1134C984A461B010AA913208DF82830FFF7C4FAE5
S1134CA800287FF485AE4A460AA91220FFF7F4FAD1
S1134CB800287FF47DAE9DF82840C4F34013A50175
S1134CC8E6018DF82B30C4F3001305F4807506F45F
S1134CD880768DF82A304A46C4F3C0030AA90F2007
S1134CE8ADF83050ADF82E608DF82930FFF7D4FABE
S1134CF800287FF45DAE9DF82810230203F4807326
S1134D080B434A460AA91020ADF82C30FFF7C4FA21
S1134D1800287FF44DAE9DF8283001221E430AA9CD
S1134D281120ADF82E60FFF7B7FA00287FF440AEE3
S1134D389DF8283001221D430AA91320ADF83050EC
S1134D48FFF7AAFA00287FF433AE46E752460AA9C9
S1134D580B20FFF7A1FA00287FF42AAE9DF828302B
S1134D68524623F002030AA90B208DF82830FFF7D6
S1134D785BFA00287FF41CAE069B524603F03F03FF
S1134D880AA90C208DF82830FFF74EFA00287FF482
S1134D980FAE079C8DF8284052460AA90D20FFF74C
S1134DA843FA00287FF404AE089AC4F3031343EAD1
S1134DB802130AA952460D208DF82830FFF734FA59
S1134DC800287FF4F5AD27E70BAB0DF1290259460E
S1134DD84046FFF775FB01283FF4E9AE039D0DF14A
S1134DE82E030DF12A0229464046FFF769FB0128E4
S1134DF83FF4DDAE049C0CAB0DF12B02214640467A
S1134E08FFF75EFB01283FF4D2AE0BAB0DF129028C
S1134E1859464046FFF754FB29460DF12E030DF180
S1134E282A024046FFF74CFB21460CAB0DF12B023E
S1134E384046FFF745FB9DF82A309DF82B10BDF836
S1134E483040BDF82C60BDF82E501B0143EA4113D5
S1134E589DF8291043EAC10343EA1623210A43EAC9
S1134E688103290A43EA41034A460AA912208DF814
S1134E782830FFF7D9F900287FF49AAD01220AA94E
S1134E880F208DF82860FFF7CFF900287FF490AD44
S1134E9801220AA910208DF82850FFF7C5F9002827
S1134EA87FF486AD01220AA911208DF82840FFF766
S1134EB8BBF900287FF47CAD059B01221B010AA9DC
S1134EC813208DF82830FFF7AFF900283FF485AE9A
S1134ED86EE500BFF0B5944B944C1E6887B0002271
S1134EE840F211134FF48671074630460492CDF808
S1134EF81320ADF81030FCF7BDFD8D4A12680192FD
S1134F0801980723022204A9FDF73EFC05462378ED
S1134F18002BFCD00023237001224FF48671304605
S1134F28002D40F0F880FCF7A5FD4FF47A711420A9
S1134F38FBF79AFC01220DF10F0175208DF80F5033
S1134F48FFF7AAF90546002840F0E7809DF80F30DE
S1134F58472B40F0E280BB6A93F84D22002A40F0C8
S1134F68E08093F84E32002B00F0D78033230122DF
S1134F7804A94C208DF81030FFF78EF9002840F072
S1134F88CC80002249F24D134FF4867130460492C6
S1134F98CDF81320ADF81030FCF76CFD0198072309
S1134FA8022204A9FDF7F0FB07462378002BFCD066
S1134FB800232370002F40F0AA8001224FF4867149
S1134FC83046FCF757FD3A464FF4BB734FF48671ED
S1134FD830460497CDF81370ADF81030FCF74AFD4D
S1134FE801980723022204A9FDF7CEFB074623787C
S1134FF8002BFCD000232370002F40F0888001226E
S11350084FF486713046FCF735FD3A4640F27A2370
S11350184FF4867130460497CDF81370ADF810300C
S1135028FCF728FD01980723022204A9FDF7ACFB2D
S113503807462378002BFCD000232370002F66D169
S113504801224FF486713046FCF714FD3A467B235F
S11350584FF4867130460497CDF813708DF81030EC
S1135068FCF708FD01980723022204A9FDF78CFB2D
S113507807462378002BFCD000232370002F46D149
S113508801224FF486713046FCF7F4FC3A4645F6A3
S11350987C734FF4867130460497CDF81370ADF8DD
S11350A81030FCF7E7FC01980723022204A9FDF756
S11350B86BFB07462378002BFCD00023237037BBF7
S11350C801224FF486713046FCF7D4FC76233A4625
S11350D84FF48671304604978DF81030CDF813706C
S11350E8FCF7C8FC019804A907230222FDF74CFB2E
S11350F82278002AFCD00022227040B901224FF401
S113510886713046FCF7B6FC284607B0F0BD01228C
S11351184FF486713046FCF7ADFC0125284607B0EC
S1135128F0BD322323E700BF90B80000802200209E
S113513840B900002DE9F04F91B000241D46804687
S11351480F4692468DF83340052D00F2B680DFE80D
S113515815F0C100D500E200EF00B90006000025F3
S11351680A954FF0010B0995A9462E46884B894CA0
S113517818680790012300228DF833304FF48671A4
S11351884FF4BB730E92CDF83B20ADF83830FCF7E2
S113519871FC814B1B6808931846022207230EA949
S11351A8FDF7F2FA03462278002AFCD00022227086
S11351B8002B7CD101224FF4867107980B93FCF7DE
S11351C859FC012203200DF13301FFF765F800288B
S11351D873D10B9B0E931A46CDF83B309DF83330B0
S11351E8079803F0F8038DF833308DF839304FF40D
S11351F8867103238DF83830FCF73CFC07230898A4
S113520802220EA9FDF7C0FA03462278002AFCD030
S113521800222270002B4AD101224FF4867107988C
S11352280B93FCF727FC0B9B0E931A468DF833302F
S1135238CDF83B304FF48671762307988DF83830D3
S1135248FCF718FC0723089802220EA9FDF79CFA1C
S113525803462278002AFCD0002222703BBB01229C
S11352684FF4867107980B93FCF704FC0B9B0E9381
S113527847EA4A12D2B28DF833208DF83920CDF896
S11352883B301A464FF48671502307988DF838300E
S1135298FCF7F0FB08980EA907230222FDF774FA1D
S11352A82378002BFCD00023237000284CD00798C7
S11352B801224FF48671FCF7DDFB0124204611B06E
S11352C8BDE8F08F00250A954FF0060B0995A9460D
S11352D82E464BE70DF1350300930DAA0DF1360365
S11352E8FFF746F807230221CDE909310125B0FA71
S11352F880F64FF0010B7609D94637E70DF13503EF
S113530800930DAA0DF13603FFF732F805230222A4
S1135318CDE90932EBE70DF1350300930DAA0DF140
S11353283603FFF725F801250323CDE90935DEE720
S11353380DF1350300930DAA0DF136030025FFF78F
S113534817F8CDE90955D2E701224FF48671079879
S1135358FCF790FB9DF8354088F82CA00594BDF81F
S113536836400A9B04949DF8344000930394CDE995
S11353780156099A5B4649464046FFF725F9044613
S113538800289BD14FF47A710120FBF76DFA95E759
S113539890B800008022002040B900002DE9F04FA9
S11353A893B000241D4607460E4691468DF83B40AF
S11353B8052D00F2E780DFE815F0F8000701EA00A0
S11353C80600060006000DF13D0300930FAA0DF137
S11353D83E03FFF725F800258246AB460D95854B1D
S11353E8854CD3F80080012300228DF83B304FF41C
S11353F886714FF4BB7340461092CDF84320ADF844
S11354084030FCF737FB7D4B1B680B931846022290
S1135418072310A9FDF7B8F903462278002AFCD01F
S1135428002222700C9301224FF486714046002B0F
S113543840F0A680FCF71EFB012203200DF13B017E
S1135448FEF72AFF002840F09D800C9B10931A4613
S1135458CDF843309DF83B3003F0C7038DF83B305B
S11354688DF841304FF48671032340468DF840305F
S1135478FCF700FB07230B98022210A9FDF784F917
S113548803462278002AFCD000222270002B40F028
S1135498A98001224FF4867140460C93FCF7EAFA7E
S11354A80C9B10931A468DF83B30CDF843304FF4DB
S11354B88671762340468DF84030FCF7DBFA0723E3
S11354C80B98022210A9FDF75FF903462278002AF7
S11354D8FCD000222270002B40F0848001224FF47B
S11354E8867140460C93FCF7C5FA0C9B109346EA68
S11354F84912D2B28DF83B208DF84120CDF84330C3
S11355081A464FF486714F2340468DF84030FCF715
S1135518B1FA0B9810A907230222FDF735F90646BC
S11355282378002BFCD000232370002E5AD10122AB
S11355384FF486714046FCF79DFA9DF83D4087F884
S11355482D90BAFA8AF35B090894BDF83E40059396
S113555807942B469DF83C4006940125CDE9026644
S11355680D9901965A46384604950095FFF7F8F9BF
S1135578044640B94FF47A712846FBF775F902E0FE
S1135588FCF778FA0124204613B0BDE8F08F0DF13A
S11355983D0300930FAA0DF13E03FEF741FF0125D9
S11355A803238246AB460D9319E70DF13D0300939F
S11355B80FAA0DF13E03FEF733FF072382460125A8
S11355C84FF0020B0D930AE70DF13D0300930FAA68
S11355D80DF13E03FEF724FF052382464FF0020B2C
S11355E80D93FCE601224FF486714046FCF742FA1B
S11355F8C8E700BF90B800008022002040B900002E
S11356082DE9F04186B000230546012203A94E2066
S1135618ADF80C308DF80E30FEF73EFE20B10124B3
S1135628204606B0BDE8F0819DF80C3099060AD4EE
S1135638022203A91D20FEF72FFE0028EFD1BDF892
S11356480C305BBAAB878C498C4C0F680123002261
S11356588DF80C304FF486714FF4BB7338460492BE
S1135668CDF81320ADF81030FCF704FA844B1B680E
S1135678019301980723022204A9FDF785F8064639
S11356882378002BFCD00023237001224FF4867169
S11356983846002E40F0AC80FCF7ECF901220320D8
S11356A803A9FEF7F9FD0028B9D1762332464FF451
S11356B88671384604969DF80C808DF81030CDF824
S11356C813608DF80C60FCF7D5F9019804A9072339
S11356D80222FDF759F82378002BFCD0002323700D
S11356E80122002840F0818038464FF48671FCF787
S11356F8C1F918F0200F7ED018F0100F00F0888040
S113570818F0080F00F0918018F0040F00F09A8048
S113571818F0020F00F0A38018F0010F0BD1022239
S113572803A91F20FEF7B8FD00287FF478AFBDF861
S11357380C305BBA2B86012203A95420FEF7ACFD7A
S1135748044600287FF46BAF9DF80C60F2077FF5E0
S113575867AF022203A92B20FEF79EFD00287FF4E1
S11357685EAFBDF80C305BBAEB87F3067FF558AF34
S1135778012203A94B20FEF78FFD00287FF44FAFC9
S11357889DF80C30012243F0040303A94B208DF843
S11357980C30FEF749FD00287FF441AF012632465C
S11357A803A976208DF80C60FEF73EFD00287FF4EF
S11357B836AF032203A96220FEF76EFD00287FF4AA
S11357C82EAF324603A976208DF80C40FEF72CFD47
S11357D800287FF424AF9DF80E30BDF80C201B047C
S11357E803F4702313432B641AE74FF48671384685
S11357F8FCF740F913E7022203A92920FEF74CFD20
S113580800287FF40CAFBDF80C305BBA6B8773E7E4
S1135818022203A92720FEF73FFD00287FF4FFAEEC
S1135828BDF80C305BBA2B876AE7022203A925204E
S1135838FEF732FD00287FF4F2AEBDF80C305BBAF7
S1135848EB8661E7022203A92320FEF725FD002841
S11358587FF4E5AEBDF80C305BBAAB8658E702229C
S113586803A92120FEF718FD00287FF4D8AEBDF85F
S11358780C305BBA6B864FE790B80000802200209A
S113588840B90000000000002DE9F0432DED068B1F
S1135898044685B0002300226364A364E36423659B
S11358A86365A36540F276430292ADF80830BF4BB6
S11358B8CDF80B20D3F80080BD4E04208DF80700E6
S11358C80D4640464FF48671FCF7D4F8B94BD3F82B
S11358D800900222072302A94846FCF755FF074611
S11358E83378002BFCD00023337001224FF48671E7
S11358F8404607BBFCF7BEF83A4677234FF4867157
S1135908404602978DF80770CDF80B708DF8083073
S1135918FCF7B0F80723022202A94846FCF734FF33
S113592807463378002BFCD00023337001224FF450
S11359388671404647B1FCF79DF80126304605B00C
S1135948BDEC068BBDE8F083FCF794F83A4678235F
S11359584FF4867140460297CDF80B708DF80830E5
S1135968FCF788F80723022202A94846FCF70CFF33
S113597807463378002BFCD000233370002F40F007
S11359880E8101224FF486714046FCF773F83A46BB
S113599879234FF4867140460297CDF80B708DF841
S11359A80830FCF767F80723022202A94846FCF7E7
S11359B8EBFE07463378002BFCD000233370002F0E
S11359C840F0ED8001224FF486714046FCF752F80E
S11359D83A467A234FF4867140460297CDF80B7005
S11359E88DF80830FCF746F80723022202A9484636
S11359F8FCF7CAFE07463378002BFCD0002333702B
S1135A08002F40F0CC8001224FF486714046FCF709
S1135A1831F83A467B234FF4867140460297CDF815
S1135A280B708DF80830FCF725F80723022202A929
S1135A384846FCF7A9FE07463378002BFCD0002320
S1135A483370002F40F0AB8001224FF4867140463A
S1135A58FCF710F83A467C234FF4867140460297C7
S1135A68CDF80B708DF80830FCF704F807230222F0
S1135A7802A94846FCF788FE07463378002BFCD079
S1135A8800233370002F40F08A8001224FF486717E
S1135A984046FBF7EFFF3A467D234FF486714046B4
S1135AA80297CDF80B708DF80830FBF7E3FF072356
S1135AB8022202A94846FCF767FE07463378002B02
S1135AC8FCD000233370002F69D101224FF4867172
S1135AD84046FBF7CFFF3A467E234FF48671404693
S1135AE80297CDF80B708DF80830FBF7C3FF072336
S1135AF8022202A94846FCF747FE07463378002BE2
S1135B08FCD000233370002F49D101224FF4867151
S1135B184046FBF7AFFF3A467F234FF48671404671
S1135B280297CDF80B708DF80830FBF7A3FF02A994
S1135B38484607230222FCF727FE07463378002B42
S1135B48FCD00023337057BB01224FF486714046C2
S1135B58FBF790FF01220DF107017620FEF764FBA5
S1135B6800287FF4EAAE9FED148A4FF47A7164201A
S1135B78FAF77AFEB0EE489AF0EE489A002D00F053
S1135B88BC802046FFF73CFDA36A93F84F32052BEF
S1135B983FF6D3AEDFE803F01212121212120122FA
S1135BA84FF486714046FBF765FFC6E690B80000DF
S1135BB88022002040B900000000000094F82C3036
S1135BC834F8133008EE903AB4F9303007EE903ACE
S1135BD8F8EEE88AF8EEE77A0137C7EEA87A17EE06
S1135BE8900A04F03DFCECA3D3E9002304F0AAF9DD
S1135BF88046606C894604F033FC02460B464046F6
S1135C08494604F0CFFA04F053FDB4F93230E065A4
S1135C1807EE903AF8EEE77AC7EEA87A17EE900AFC
S1135C2804F01EFCDCA3D3E9002304F08BF98046BE
S1135C38A06C894604F014FC02460B4640464946CB
S1135C4804F0B0FA04F034FDB4F93430206607EEF9
S1135C58903AF8EEE77AC7EEA87A17EE900A04F0BD
S1135C68FFFBCDA3D3E9002304F06CF98046E06C74
S1135C78894604F0F5FB0B4602464946404604F0C3
S1135C8891FA04F015FD94F82D3094ED144AD4EDEE
S1135C98154A94ED165A606604EB830393ED026A81
S1135CA8B4F9363007EE103AB4F9383007EE903AC2
S1135CB8B4F93A3005EE903AB8EEC77AF8EEE77AD6
S1135CC8F8EEE55AC7EE066AAF4287EE867AC5EE65
S1135CD8867A76EE846A37EE247A77EE857AC4ED8E
S1135CE81A6A79EEA69A39EE079A38EE278A84ED6D
S1135CF81B7AC4ED1C7A7FF444AF042301220DF10E
S1135D08070176208DF80730FEF78EFA00287FF415
S1135D1814AE07EE905AF8EEE78AF1EE699AC9EEE6
S1135D28A87A01220DF107017720FEEEED7A17EE2D
S1135D38903A1EB28DF80760FEF776FA00287FF4D1
S1135D48FCADB1EE499AC9EE287AC6F303230122C1
S1135D580DF10701B0EE677ABEEEED7A17EE106A20
S1135D6846F3072043EA001378208DF8073036B24B
S1135D78FEF75AFA00287FF4E0AD01220DF107017D
S1135D8879208DF80760FEF74FFA00287FF4D5AD27
S1135D98B1EE488AC8EE287A01220DF107017A206B
S1135DA8FEEEED7A17EE903A1EB28DF80760FEF714
S1135DB83BFA00287FF4C1ADC6F3032601220DF196
S1135DC807017B208DF80760FEF72EFA00287FF480
S1135DD8B4AD8DF8070001220DF107017620FEF716
S1135DE823FA064600287FF4A8AD4FF47A7164209C
S1135DF89FED6B8AFAF738FD3746B0EE489AF0EE15
S1135E08489AAF420DDA2046FFF7FAFBA36A93F8E3
S1135E184F32052B3FF691ADDFE803F02020202018
S1135E282020F1EE699AB1EE499AB1EE488AC9EE9A
S1135E38A86A4FF47A710A2089EE287AC8EE287A7B
S1135E48C4ED146A84ED157AC4ED167AFAF70CFDDC
S1135E584FF47A710120FAF707FD6FE594F82C30B6
S1135E6834F813300AEE103AB4F9303007EE903AA9
S1135E78B8EECAAAF8EEE77A0137C7EE8A7A17EEBF
S1135E88900A04F0EDFA44A3D3E9002304F05AF885
S1135E988046606C894604F0E3FA02460B464046A5
S1135EA8494604F07FF904F003FCB4F93230E065A4
S1135EB807EE903AF8EEE77AC7EE8A7A17EE900A78
S1135EC804F0CEFA34A3D3E9002304F03BF8804667
S1135ED8A06C894604F0C4FA02460B46404649467B
S1135EE804F060F904F0E4FBB4F93430206607EEFA
S1135EF8903AF8EEE77AC7EE8A7A17EE900A04F039
S1135F08AFFA25A3D3E9002304F01CF88046E06C1B
S1135F18894604F0A5FA0B4602464946404604F071
S1135F2841F904F0C5FB94F82D3094ED144AD4EDEE
S1135F38154A94ED165A606604EB830393ED026ADE
S1135F48B4F9363007EE103AB4F9383007EE903A1F
S1135F58B4F93A3005EE903AB8EEC77AF8EEE77A33
S1135F68F8EEE55AC7EE066A87EE867AC5EE867AB3
S1135F7876EE846A37EE247A77EE857AC4ED1A6A67
S1135F8879EEA69A39EE079A38EE278A84ED1B7AB9
S1135F98C4ED1C7A35E700BF772D211FF49C2340FC
S1135FA80000000000000000D0B590F82C30B0F9D3
S1135FB8302030F8133007EE102A07EE903AB8EE86
S1135FC8C77AF8EEE77A0446C7EE277A17EE900AFE
S1135FD804F046FA0AA3D3E9002303F0B3FF064604
S1135FE8606C0F4604F03CFA02460B4630463946CC
S1135FF804F0D8F804F05CFB00EE100AE065D0BDAC
S1136008772D211FF49C2340D0B590F82C30B0F99B
S1136018322030F8133007EE102A07EE903AB8EE23
S1136028C77AF8EEE77A0446C7EE277A17EE900A9D
S113603804F016FA0AA3D3E9002303F083FF064603
S1136048A06C0F4604F00CFA02460B46304639465B
S113605804F0A8F804F02CFB00EE100A2066D0BD6A
S1136068772D211FF49C2340D0B590F82C30B0F93B
S1136078342030F8133007EE102A07EE903AB8EEC1
S1136088C77AF8EEE77A0446C7EE277A17EE900A3D
S113609804F0E6F90AA3D3E9002303F053FF064604
S11360A8E06C0F4604F0DCF902460B4630463946EC
S11360B804F078F804F0FCFA00EE100A6066D0BD2B
S11360C8772D211FF49C2340B0F9362090F82D3009
S11360D890ED147A07EE902A00EB8303D3ED026A5D
S11360E8F8EEE77A87EEA60A30EE070A80ED1A0A78
S11360F8704700BFB0F9382090F82D3090ED157A2C
S113610807EE902A00EB8303D3ED026AF8EEE77AF0
S113611887EEA60A30EE070A80ED1B0A704700BF17
S1136128B0F93A2090F82D3090ED167A07EE902ABF
S113613800EB8303D3ED026AF8EEE77A87EEA60A4A
S113614830EE070A80ED1C0A704700BF10B500F155
S11361580902034600F2B91E00244FF0020C42F86B
S1136168094C42F8054C02F801CC1480C2F80340EB
S1136178C2F8074082F80BC0948118327245EED1F8
S1136188C0F8C41100F5D874002202211A605A60BC
S113619819819A72DA601A6199829A7518339C4245
S11361A8F4D1C0F8B121C0F8B521C0F8B921C0F8BC
S11361B8BD21A0F8C12110BD38B5124B04460D46C7
S11361C893E8030003F1080C84E80300BCE80F001B
S11361D804F1080EAEE80F009CE80F008EE80F00EB
S11361E8A462214604F18000FFF7B0FF0123C4F83C
S11361F84842A4F84C3284F84F5284F84E32204670
S113620838BD00BF30BB00002DE9F04E104686B003
S11362180D461F46112A0CD8DFE802F01A232E393E
S1136228434B56606C77818C96A0A8B4BF11FBF7DA
S113623821FC4FF0010B584606B0BDE8F08E012949
S113624800F03B81022900F0888100250420ADE09C
S1136258012900F04181022900F077819146062541
S1136268A6E001294FF0000000F0648102294FF0F4
S1136278050530D081469BE001294FF0000000F06D
S1136288558102294FF0040525D0814690E0012963
S113629800F047810229154600F05B810020814601
S11362A886E001294FF0000000F03781022933D13C
S11362B811E001294FF0000000F0068102294FF097
S11362C8010508D0814673E0012900F0FB80002510
S11362D8022928466AD14FF0680969E001294FF07C
S11362E8000000F0018102294FF00605C2D14FF0E9
S11362F869095DE001294FF0000000F002810229DC
S11363084FF00305F3D0814652E001294FF0000015
S113631800F0E6800229EAD00225814648E00129F6
S11363284FF0000000F0D58002294FF00105DED0BF
S113633881463DE0012900F0CA80022900F010815D
S113634800250420A94633E001294FF0040000F099
S1136358D48002294FF0050528D110E0012900F066
S1136368C78004250229284620D108E001294FF0D6
S1136378040000F0CE8002294FF0030516D14FF037
S11363884E0915E001294FF0040000F0BE800229EF
S1136398F5D002254FF000090AE001294FF0040066
S11363A800F08D8002294FF00105E8D04FF0000974
S11363B86D4B8DF80F001E686C4C002204927623F6
S11363C88DF811004FF486713046CDF813208DF8FE
S11363D81030FBF74FFB664B1B68019318460222EB
S11363E8072304A9FCF7D0F982462278002AFCD0B6
S11363F80023237001224FF486713046BAF1000F4E
S11364087FF415AFFBF736FB01220DF10F01484667
S1136418FDF742FF834600287FF40BAF9DF80F3049
S1136428CDF810A00121A940AF4023EA01033B4362
S1136438DBB252464FF4867130468DF80F308DF832
S113644811308DF81090CDF813A0FBF713FB0198C9
S11364580723022204A9FCF797F905462378002BA1
S1136468FCD000232370002D68D101224FF48671DB
S11364783046FBF7FFFA76232A464FF486713046F6
S113648804958DF80F508DF81030CDF81350FBF7A4
S1136498F1FA019804A907230222FCF775F9237875
S11364A8002BFCD000232370002847D101224FF48D
S11364B886713046FBF7DEFABDE6042000254FF06E
S11364C84D0975E7002528464FF0650970E7042053
S11364D800254FF066096BE706254FF0650967E765
S11364E802254FF0660963E706254FF066095FE762
S11364F8042528464FF04D095AE705254FF04D0964
S113650856E703254FF0660952E702254FF04D0977
S11365184EE703254FF04D094AE702254FF0650978
S113652846E715464FF06509002041E704254FF07A
S113653865093DE705254FF0650939E701224FF460
S113654886713046FBF796FA73E606254FF068091C
S11365582EE74FF0680900202AE7042000250EE7FB
S113656804200025C3E600BF90B800008022002064
S113657840B90000032A2DE9F04105460C4635D000
S1136588012A90461AD0022A5AD101EB410300EBA2
S1136598C307DE00BB7D002B4FD00A4600234146CB
S11365A8FFF732FE06F110032B440022C7E9032249
S11365B887F81480A3F80520BDE8F08101EB4103B6
S11365C800EBC307DE00BB7ABBB30A46002341468F
S11365D8FFF71AFE002206F10803AA511D440223FC
S11365E87A603B72A5F80120BDE8F08101EB410314
S11365F800EBC3034E009A7A0AB99B7DEBB122469D
S1136608002303212846FFF7FFFD3319DE0006F1B6
S1136618080406F1100105EBC30300222C442944A5
S1136628AA5102255A601D72A4F80120C3E9032265
S11366381D75A1F80520BDE8F0810120BDE8F081B1
S11366480A4600234146BDE8F041FFF7DDBD00BF1F
S113665810B582B0044601220DF105012D20FDF785
S11366681BFE30B901220DF106013720FDF714FE97
S113667810B1012002B010BD01220DF1070138202C
S1136688FDF70AFE0028F4D19DF805300246C3F34D
S1136698801161F30702C3F3401161F30F22C3F3BE
S11366A8001161F31742C3F3C00161F31F62C3F31E
S11366B8800C9DF8061084F8B5C103F0010E8446D9
S11366C8C3F340036EF3070C84F8B631C1F3400EEC
S11366D803466EF30703C1F3801E6EF30F2C01F01B
S11366E8010EC4F8B1216EF30F239DF80720C1F3FE
S11366F8C00E6EF3174CC1F3800161F31F6CC2F333
S1136708401161F31743C2F3001161F31F63C2F32D
S1136718C001C4F8BB3184F8BF11C2F34003C2F30B
S1136728800102F00102C4F8B7C184F8C01184F8EA
S1136738C13184F8C22102B010BD00BF2DE9F04177
S113674884B0002301220DF1070164208DF807307D
S1136758FDF7A2FD28B14FF00108404604B0BDE89A
S1136768F081024656489DF8073007680292642172
S113677823F0090343F001038DF8081038464FF459
S113678886718DF80730CDF80B208DF80930FBF7AA
S113679871F94C4A4C4C16680723022202A9304668
S11367A8FBF7F2FF05462378002BFCD00023237067
S11367B801224FF48671384615B1FBF75BF9CAE735
S11367C8FBF758F94FF47A710A20FAF74DF80DF1EE
S11367D8070101226420FDF75FFD80460028BAD135
S11367E89DF80730029503F0F7032A468DF8073021
S11367F88DF809304FF4867164233846CDF80B5070
S11368088DF80830FBF736F90723022202A930462F
S1136818FBF7BAFF05462378002BFCD0002323702E
S1136828002D45D101224FF486713846FBF722F931
S11368382A4664234FF48671384602958DF807502A
S1136848CDF80B508DF80830FBF714F90723022212
S113685802A93046FBF798FF05462378002BFCD0A5
S11368680023237025BB01224FF486713846FBF7B9
S113687801F964232A464FF48671384602958DF847
S11368880830CDF80B50FBF7F5F802A9304607237A
S11368980222FBF779FF2378002BFCD00023237016
S11368A830B901224FF486713846FBF7E3F854E710
S11368B801224FF486713846FBF7DCF84BE700BF3A
S11368C890B8000040B900008022002090F84D32B2
S11368D810B5044613B990F84E3253B12046FEF76A
S11368E8F9FA00B110BD04F18000BDE81040FFF7CB
S11368F825BF012010BD00BFF0B585B000201746A4
S11369080E468DF8070001220DF1070114201D46DB
S1136918FDF7C2FC18B10124204605B0F0BD9DF86E
S11369280730029023F0070343EA4702184BCDF8D7
S11369380B0042EA86011E680D4314230246EDB299
S11369484FF48671044630468DF808308DF80750A8
S11369588DF80950FBF78EF80E4A0723106802A930
S11369680222FBF711FF0C4A1378002BFCD00023FA
S113697813704FF48671012218B13046FBF77AF888
S1136988C9E73046FBF776F8204605B0F0BD00BFEE
S113699890B8000040B90000802200202DE9F0479B
S11369A81129DDF820A09DF8249038D80C46054616
S11369B816461F46B3B3032E20D0012E53D0022E01
S11369C814D104EB440305EBC3034FEA44089B7D4D
S11369D8002B66D1A04405EBC8039846C3E9037AA3
S11369E883F8149040F20113A8F815302246314672
S11369F828460123BDE8F047FFF706BC04EB440230
S1136A0805EBC2024FEA4408917A937DA9B1002BA1
S1136A1855D1224601212846FFF7F6FB0EE0012056
S1136A28BDE8F0874B1EDBB2102B96BF274A284FD0
S1136A3852F82370032EC0D1E0E7CBBB08EB040364
S1136A48DA0005EBC30340F20111AF50C3E9037A3E
S1136A58C3F804A083F80890A3F8091083F81490E5
S1136A68A3F81510C2E704EB440305EBC3034FEA8C
S1136A7844089B7A73B9A0444FEAC80305EBC808D5
S1136A8840F20112EF50C8F804A088F80890A8F85A
S1136A980920ABE70023224631462846FFF7B4FB1A
S1136AA8E9E70023224631462846FFF7ADFB91E784
S1136AB80B46224602212846FFF7A6FBBEE73246CC
S1136AC821462846FFF756FDB8E700BFDCBA0000A8
S1136AD8294200002DE9F0418AB005460E46FFF729
S1136AE8B7FD0446002865D12B460246997A09B9B0
S1136AF8997D29B3D7B2791E102900F21081DFE8F5
S1136B0801F0CEC6BEB6AEA69E968E878079726B0D
S1136B18645D090095F8C211B9B1597A11B1012E11
S1136B2800F0EA80597D59B1022E09D10AA901EB76
S1136B384001013001F8247C1F7D01F8237CC0B298
S1136B480132122A03F11803D0D1012840F3E3805B
S1136B580DF10203014603EB400E01AF0129C8BF42
S1136B683B4640F3D48093F801C0DA78944505D2C3
S1136B781A88B3F802C0A3F800C05A8002337345D8
S1136B88F1D101390129AEF1020EE7D1012E9DF8A8
S1136B98043007EB400800F09180022E00F0A18039
S1136BA80237B84506D0022E3B7800F09A800237A7
S1136BB8B845F8D120460AB0BDE8F08195F8C1116E
S1136BC80029AAD11833112290E795F8C011002999
S1136BD8A3D11833102289E795F8BF1100299CD155
S1136BE818330F2282E795F8BE11002995D118337E
S1136BF80E227BE795F8BD1100298ED118330D229A
S1136C0874E795F8BC11002987D118330C226DE775
S1136C1895F8BB11002980D118330B2266E795F843
S1136C28BA1100297FF479AF18330A225EE795F880
S1136C38B91100297FF471AF1833092256E795F882
S1136C48B81100297FF469AF183308224EE795F884
S1136C58B71100297FF461AF1833072246E795F886
S1136C68B61100297FF459AF183306223EE795F888
S1136C78B51100297FF451AF1833052236E795F88A
S1136C88B41100297FF449AF183304222EE795F88C
S1136C98B31100297FF441AF1833032226E795F88E
S1136CA8B21100297FF439AF183302221EE7506865
S1136CB802379847B8453FF47DAF3B7803EB43036D
S1136CC805EBC30255F83330002BF0D10237B84531
S1136CD8F3D16FE7186902379047B8453FF46AAFB4
S1136CE83B7803EB430305EBC303DA68002AF1D1CD
S1136CF802374745F4D15DE70AA901EB40010130A9
S1136D0801F8247C1F7A01F8237CC0B218E7013902
S1136D18AEF1020E22E77FF44DAF01AF36E795F8E6
S1136D28B11100297FF4F9AE18330122DEE600BF61
S1136D380379032B06D0022B00D07047034B0122A2
S1136D481A707047024B01221A7070478122002082
S1136D58822200204FF0000CC0E906120362C0F83A
S1136D6828C0C0F82CC0C0F830C00C2B0BD8DFE802
S1136D7803F0210A0A0A070A0A0A1D0A0A0A19005C
S1136D8840F6C41383840D4A0D4BDFF844C00D4903
S1136D98026043600C4A0D4BC0F808C0C160026130
S1136DA84361704743F698238384ECE740F6A6636F
S1136DB88384E8E74FF47A738384E4E79EEF27BD7E
S1136DC8C7BA38BD508D37405F294340C5FE2E40B1
S1136DD82DB21DBD704700BFF0B51448144C0568AA
S1136DE883B01F4601238DF8071016460DF10701DD
S1136DF81A462846FAF7FEF9034621780029FCD0FA
S1136E08002020700BB103B0F0BD3A463146284645
S1136E18FAF708FA074A1378002BFCD0B0FA80F086
S1136E2800234009137003B0F0BD00BF80B900000F
S1136E388222002081220020F0B54FF47A7185B0B7
S1136E4806461420F9F710FD414A424C176880227F
S1136E5800238DF8072048F20B02029302A9ADF82B
S1136E68082038460222CDF80B30FAF7C3F9054654
S1136E782278002AFCD000232370002D64D14FF41B
S1136E887A711420F9F7F0FC0B2202952B468DF841
S1136E98082002A9022238468DF80750CDF80B5075
S1136EA8FAF7A8F905462378002BFCD000232370B1
S1136EB8002D49D14FF47A711420F9F7D5FC012338
S1136EC80DF1070229463046FFF786FF00283BD01C
S1136ED89DF80730802B02D0022005B0F0BD96F84B
S1136EE8202002958DF807208DF809200B222B46C7
S1136EF88DF8082002A902223846CDF80B50FAF77B
S1136F0879F903462278002AFCD000222270DBB9E2
S1136F18D6E906252A4342F06002D2B202938DF8DC
S1136F2807208DF809200A25384602A90222CDF83F
S1136F380B308DF80850FAF75DF92378002BFCD054
S1136F48002323700028C8D0012005B0F0BD00BF7D
S1136F5880B9000082220020F0B5334D83B02F6839
S1136F680446002605E02B68DB1B642B58D8F9F788
S1136F787BFC012309216A4620468DF80060FFF74F
S1136F882BFF03464FF47A710120002BEBD09DF8B8
S1136F980030DB07E7D5014606236A462046FFF79B
S1136FA81BFFE8B3BDF90230D4ED003A94ED014A71
S1136FB8D4ED024A94ED035A07EE903ABDF9043031
S1136FC805EE903AA38C06EE103ABDF9003007EEB0
S1136FD8103AB8EE466AB8EEC77AF8EEE77AF8EEF1
S1136FE8E55AC7EE066A002087EE867AC5EE867AE9
S1136FF876EEE36AD4ED045A94ED056A37EE447AE2
S113700877EEE47A66EE856A27EE257A67EE867A65
S1137018C4ED0A6A84ED0B7AC4ED0C7A03B0F0BDB2
S1137028012003B0F0BD00BFF827002008B50448CC
S1137038FFF792FFBDE808400248FEF7E1BA00BF37
S113704874250020A8250020D1ED013AD0ED017A5D
S113705890ED006AD1ED006AD0ED024A91ED024A42
S113706823EEE77AA6EE267AD0ED036A91ED036A59
S1137078A4EEC47AA6EEC67A82ED007AD1ED005A5F
S113708890ED005A67EEA57AE3EE857AE4EE867A07
S1137098E4EE667AC2ED017AD0ED017AD1ED013AD7
S11370A827EEC67AA4EE057AA4EEA57AA6EEA37A0C
S11370B882ED027AD1ED024A90ED027A67EEA47A63
S11370C8E6EE057AE3EEC77AE6EEA57AC2ED037A30
S11370D8704700BF10B52DED088B90ED029AD0EDE6
S11370E8018A90ED038A90ED00AA9FED31BADFED95
S11370F831AA69EE099A28EE890AB0EE697AA8EEEF
S1137108087A0C46AAEE080AF7EE00BAF0EE007AFE
S1137118F0EE6B0AE7EE670A30EE000A00F0B4FC02
S113712860EE0B7A28EEC80A87EEAA7AAAEE090A54
S113713884ED007A30EE000AF0EEC07AF4EEEB7AD1
S1137148F1EE10FA2CDB10EE103A9FED1B7ADFED0E
S11371581B7A002BB8BFF0EE477A67EE8B7A87EE7E
S1137168AA7A28EE090AE8EEA89AAAEE280AF0EE06
S1137178007AF7EE000AE9EEE70A84ED017A30EEC8
S1137188000A00F081FCDFED0A7A9FED0A7A20EE0E
S1137198270ABDEC088BC0EE077AC4ED027A10BD4D
S11371A800F046FC20EE0B0A80EE2A7AD9E700BFED
S11371B800003443DB0F4940DB0FC9BFDB0FC93F75
S11371C830B5364B83B0D3E90001FBF7EFFA344B03
S11371D8D3E90001FAF710F9324BD3E9004120460C
S11371E8F9F76AFE00284CD12046F9F7A5FE0446B3
S11371F800284CD12C482D4DFFF71EFE2C4A03467F
S11372082C481360FFF762FB2B4A03464FF47A714C
S11372180A201370F9F728FB02231A460921254886
S1137228FDF788FF02231A46287009212148FEF732
S1137238B5F84FF47A710346C8202B70F9F714FB9C
S11372484FF4FA711B48FEF71FFB01231A462870F6
S113725819461A481A4DFFF74FFB0122CDE900429F
S1137268184B287003211548FFF798FB4FF47A71DF
S113727803464FF4FA702B7003B0BDE83040F9F7B9
S1137288F3BA114B114A1248C821F9F7E5FA0E4B23
S11372980E4A0F48CA21F9F7DFFA00BF40B90000C7
S11372A880B900009CB8000074250020A1230020A8
S11372B89C230020A8250020A223002028260020A3
S11372C8A02300203570000058BB00006CBB0000F0
S11372D888BB000008B50C4BD3E90001FAF764FE3B
S11372E830B90A4BD3E90001FAF75EFE30B908BD9C
S11372F8074B084A0848F321F9F7AEFA044B054A44
S11373080548F821F9F7A8FAC0B8000000B9000048
S113731858BB0000D0BB000088BB0000254B10B54B
S1137328D3E900412046F9F781FBC0B92046F9F7B3
S113733807FD002836D12046F9F74EFB58BB1E4BF3
S1137348D3E900412046F9F771FBE8B92046F9F77B
S1137358F7FC90B92046F9F73FFB38B910BD174B35
S1137368174A184840F20311F9F776FA134B144AEE
S113737814484FF48871F9F76FFA104B104A114802
S11373884FF48771F9F768FA0C4B0D4A0D484FF41E
S11373988671F9F761FA094B094A0A4840F207115C
S11373A8F9F75AFA054B064A064840F20511F9F767
S11373B853FA00BFF0B90000BCB9000058BB000084
S11373C8F0BB000088BB00000379012B06D0022B18
S11373D800D07047034B01221A707047024A137099
S11373E8704700BF98230020962300200379012BBF
S11373F806D0022B00D07047034B01221A70704745
S1137408024A1370704700BF972300209523002079
S113741808B503792DED068B13B1BDEC068B08BDB9
S11374281C48DFED1DAAFEF7BFFD1A48B0EE408ADE
S1137438FEF7EAFD1748F0EE408AFEF715FE1548F8
S1137448B0EE409AFEF740FE124860EE2A9AFEF724
S113745851FE104820EE2AAAFEF762FE0F4B104890
S113746893ED0C4AD3ED0B3A93ED0A3A60EE2A2ACF
S1137478B0EE4A2AF0EE691AB0EE491AF0EE680A3C
S1137488B0EE480AFCF76CFEBDEC068B054B0122F6
S11374981A7008BDA82500204DF38E3C74250020E1
S11374A8A42300209423002003791BB9024A1368FB
S11374B801331360704700BFF82700204168012991
S11374C800D070470148FFF705BB00BF28260020FD
S11374D82DE9F04F8BB0FFF7FDFEFFF771FEFFF7C4
S11374E81DFFBF49BF48C04CC04FDFF850B3DFF899
S11374F820A3DFF84C93DFF84C83BD4E1322FAF730
S1137508B5FCBB49BB480322FAF7B0FCBA4B1B686D
S1137518099300252378002BFCD03B789BF80010B6
S11375280133DBB23B7001F0FF02002900F0438114
S1137538C82B00F04C81D9F80C30CAF80030D9F8BF
S11375481030CAF80430D9F814302570CAF8083055
S1137558D9F81830CAF80C3098F8003053B1337899
S113756888F80050AF2B00F06F81A24803223146FF
S1137578FAF77CFCA14B1B78002BCBD0984B9F4986
S11375881B780022AF2B0A7000F099819449954822
S11375981322FAF76BFC9BF80030002BB9D0984BF8
S11375A8D3ED001A93ED013A93ED022AD3ED032AA1
S11375B8F5EE401AF1EE10FA0ED1B5EE403AF1EEBE
S11375C810FA09D1B5EE402AF1EE10FA04D1F5EE1D
S11375D8402AF1EE10FA9CD08A4B8B4AD3ED016A0B
S11375E893ED027AD3ED037A1B681360F1EE666AB1
S11375F8864BC2ED016AB1EE477AF1EE677A82ED05
S1137608027AC2ED037A8249824A7F48FFF71CFD59
S1137618B1EE433A1846804A7E49C3ED001AB1EEEA
S1137628422AF1EE622A83ED013A83ED022AC3ED80
S1137638032AFFF709FD79497148FFF74BFD78499B
S11376487548FFF747FD754BD3E901121868744B69
S113765806925B680393724B07909B680493704B84
S11376681B6805934FF0000C0B0E654663F3070C7B
S1137678130E63F307050022030E63F307020023C6
S113768802921A46039B1B0E63F30702049B002015
S11376981B0E63F307000190059800234FEA106E50
S11376A806986EF30703C1F3074E6EF30F2CC0F36D
S11376B8074E07986EF30F25C0F3074E02986EF332
S11376C80F2002900398C0F3074E04986EF30F221C
S11376D80892C0F3074E019A05986EF30F22C0F37F
S11376E8074E6EF30F23C1F3072E6EF3174C61F3A5
S11376F81F6C4C490798C1F802C006990192C1F35E
S1137708072C6CF3174561F31F654649029AC1F8C3
S11377180650C0F3072565F31742154660F31F6545
S11377282846C1F80A000D460399089AC1F30720B0
S113773860F31742104661F31F600146C5F80E1046
S11377482846049D019AC5F3072161F3174265F39E
S11377581F620146C0F8122005980192C0F307225F
S113776862F3174360F31F63C1F8163040F2AF1396
S11377780B80FA238B762C4B1B221868FAF77AFBBA
S11377882A4B1B78002BFBD0294928480B78013356
S1137798DBB20022012B027040F2AE80244B254854
S11377A81A70254B1A7840F2071182F001021A70F8
S11377B8FAF760F9ADE6132B0BD91E48012240F203
S11377C80711FAF757F93B78282B7FF4B4AE3D70CC
S11377D8B1E640F207111748FAF74CF9ABE600BFD7
S11377E814230020882100209423002085220020CF
S11377F8342300205821002000B9000095230020DC
S1137808C022002004230020F4220020B0220020FB
S1137818E0220020D0220020A02200209422002070
S11378288822002054230020C0B800009823002098
S1137838842200204021002083220020F0220020FE
S1137848A4230020962300207278022A16D0032A43
S11378587FF48BAEB378FA2B7FF487AE2749099867
S1137868FAF708FB264B1B78002BFBD0244A254843
S1137878002364211370FEF707F876E6B378FA2B31
S11378887FF473AE204909980322FAF7F3FA1C4BE4
S11378981B78002BFBD01D4AD9F80C301360D9F89B
S11378A810305360D9F814309360D9F81830D36085
S11378B8134A0023137001238BF8003055E6144B48
S11378C85B78012B7FF462AE114B9B7CFA2B7FF41F
S11378D85DAE0F4A0F49D2F802301BBA0B60D2F8DA
S11378E806301BBA4B60D2F80A301BBA8B60D2F848
S11378F80E301BBACB6049E60B700AE60C00002078
S113790897230020A825002010000020042300202D
S113791814230020C022002010B50D4C0D4800216E
S1137928FEF74AFC0C23082203212046FFF712FA2B
S11379382046094A094900F031F8BDE810409FED96
S1137948081ADFED080A9FED080A0848FCF77ABB15
S113795874250020A825002000000020DD6D00000B
S1137968CDCC4C3D6F12033B0AD7233CA423002003
S1137978FFF7AEBD20B9064B012283F8902070476B
S1137988022800D0704703490348FAF7A3B900BF97
S113799800C07E4024BA0000402100200B46014666
S11379A8184603F077BE000051EC100B1E4A21F074
S11379B8004393421ED900B51C4A934285B008D9A6
S11379C802460B4602F0ECFB41EC100B05B05DF8E7
S11379D804FB684600F024FB00F0030001289DED39
S11379E8021B9DED000B14D0022807D0A0B900F0AB
S11379F81FF9EBE79FED0A1B00F01AB900F018F91C
S1137A0853EC102B03F1004300EE903A05B05DF8F7
S1137A1804FB00F045FAF3E7012000F041FAD5E74A
S1137A280000000000000000FB21E93FFFFFEF7F9A
S1137A3808B52DED028BB0EE408A00F0D5FDB4EE0A
S1137A48488AF1EE10FAF0EE408A0AD6B0EE480AF7
S1137A5800F054F8F7EE007AB4EEE70AF1EE10FA03
S1137A6804DCB0EE680ABDEC028B08BD03F06CFEC2
S1137A78BDEC028B034621221A600248BDE8084087
S1137A8800F07EB8ECBB000000F0AABE10EE103A7D
S1137A98184923F000428A421AD9B2F1FF4F02D39F
S1137AA830EE400A704700B583B0684600F040FFE6
S1137AB800F003000128DDED010A9DED000A10D055
S1137AC8022809D090B900F0C5FC03B05DF804FBA6
S1137AD8DFED090A00F0BEBC00F0BCFCB1EE400AC0
S1137AE8F3E700F039FDB1EE400AEEE7012000F0BB
S1137AF833FDEAE7D80F493F0000000010EE103AC2
S1137B0823F0004300EE103A704700BF10EE103A1D
S1137B18194923F000428A421BD9B2F1FF4F02D31C
S1137B2830EE400A704700B583B0684600F000FFA5
S1137B3800F003000128DDED010A9DED000A13D0D1
S1137B4802280BD098B9012000F006FD03B05DF8B7
S1137B5804FBDFED0A0A002000F0FEBC012000F05F
S1137B68FBFCB1EE400AF1E700F074FCEEE700F02C
S1137B7871FCB1EE400AE9E7D80F493F0000000064
S1137B889FED010A704700BF0000C07F53EC102B23
S1137B98C3F30A50A0F2FF31132910B59C46964648
S1137BA819DC002911DB2048084100EA03041443C6
S1137BB816D04FF400230B41634423EA000C002140
S1137BC863460A4643EC102B10BD013103F0004C08
S1137BD824D00021F4E7332905DDB1F5806F16D0F0
S1137BE843EC102B10BDA0F213404FF0FF3424FADD
S1137BF800F01042F4D00123C1F1330103FA01F17A
S1137C0811EB0E0128BF9C4421EA0001D8E7104675
S1137C18194602F0C7FA41EC100B10BD4CF07F5C1A
S1137C284CF4401C0021CBE7FFFF0F0000000000CC
S1137C382DE9F04F57EC106B27F00048B8F1795F45
S1137C485BEC11AB85B071D23046394602F0E8FCE2
S1137C58002800F0F48032463B463046394602F0AC
S1137C6871F979A3D3E9002304460D4602F06AF9B1
S1137C7877A3D3E9002302F095FA22462B4602F0B3
S1137C8861F975A3D3E9002302F08AFA22462B4648
S1137C9802F058F972A3D3E9002302F083FA2246CA
S1137CA82B4602F04FF970A3D3E9002302F078FAC7
S1137CB822462B4602F046F96DA3D3E9002302F0CD
S1137CC871FA22462B4602F03DF9CDE900016E4BCC
S1137CD800222046294602F035F9DDE900238046D2
S1137CE889462046294602F02DF944464D468046E9
S1137CF8894652465B463046394602F023F9024625
S1137D080B464046494602F04BFA02460B462046CB
S1137D18294602F045FA02460B4600205B4902F068
S1137D283FFA41EC100B05B0BDE8F08F32463B46F4
S1137D383046394602F006F943A3D3E90023044642
S1137D480D4602F0FFF842A3D3E9002302F02AFA11
S1137D5822462B4602F0F6F83FA3D3E9002302F0AB
S1137D681FFA22462B4602F0EDF83DA3D3E900237F
S1137D7802F018FA22462B4602F0E4F83AA3D3E9B3
S1137D88002302F00DFA22462B4602F0DBF838A352
S1137D98D3E9002302F006FA2B46224602F0D2F871
S1137DA83B4B9845CDE9000191D93A4B98453DD8CC
S1137DB8A8F500130022354900209046994602F0A0
S1137DC8EFF9CDE90201304B00222046294602F0A2
S1137DD8B9F842464B4602F0E3F9DDE90023804650
S1137DE889462046294602F0ADF844464D46804669
S1137DF8894652465B463046394602F0A3F80246A5
S1137E080B464046494602F0CBF902460B4620464B
S1137E18294602F0C5F902460B46DDE9020102F0E3
S1137E28BFF941EC100B05B0BDE8F08F9FED127B54
S1137E38DFF864908DED027B4FF00008C3E79FEDF7
S1137E48100B05B0BDE8F08FD43888BEE9FAA8BD98
S1137E58C4B1B4BD9EEE213EAD529C804F7E923E8D
S1137E689015CB19A001FA3E7751C1166CC1563F43
S1137E784C5555555555A53F000000000000E73FF7
S1137E88000000000000F03F0000E03F0000F03F69
S1137E983233D33F0000E93F0000D23F0000000026
S1137EA82DE9F04F55EC104B25F0004385B0B3F1A4
S1137EB8795F8DED001B804606D22046294602F0E4
S1137EC8AFFB002800F08A8022462B46204629462C
S1137ED802F038F806460F4632463B462046294605
S1137EE802F030F843A3D3E9002382468B46304698
S1137EF8394602F027F841A3D3E9002302F050F9E8
S1137F0832463B4602F01EF83EA3D3E9002302F0B2
S1137F1849F932463B4602F015F83CA3D3E900235D
S1137F2802F03EF932463B4602F00CF839A3D3E995
S1137F38002302F037F9CDE90201B8F1000F35D07A
S1137F48DDE900012A4B002201F0FCFFDDE90223F0
S1137F58804689465046594601F0F4FF02460B46CE
S1137F684046494602F01CF932463B4601F0EAFF16
S1137F78DDE9002302F014F91BA3D3E90023064624
S1137F880F465046594601F0DDFF02460B4630467F
S1137F98394602F007F902460B462046294602F004
S1137FA8FFF841EC100B05B0BDE8F08F02460B4614
S1137FB83046394601F0C6FF0BA3D3E9002302F08B
S1137FC8EFF852465B4601F0BDFF22462B4602F00D
S1137FD8E9F841EC100B05B0BDE8F08F45EC104B07
S1137FE805B0BDE8F08F00BF495555555555C53FF7
S1137FF80000E03F7CD5CF5A3AD9E53DEB9C2B8A6B
S1138008E6E55A3E7DFEB157E31DC73ED561C11969
S1138018A0012A3FA6F810111111813F00000000A9
S11380282DE9F04F53EC102B874923F000458D427E
S113803891B0044640F28E8084498D421E462AD867
S1138048002E1046194676A3D3E9002340F3A881ED
S113805802F0A6F87E4B9D4206460F4600F08B8040
S113806871A3D3E9002302F09BF88046894642466F
S11380784B463046394602F093F86BA3D3E9002304
S113808802F08EF8C4E90089C4E9020101273846E0
S113809811B0BDE8F08F6F498D4240F286806E4979
S11380A88D425FD84FEA255AAAF2164AA5EB0A511F
S11380B810469046894602F0B3FA02F0BFF9024628
S11380C80B4640464946CDE90A2302F069F8634B5A
S11380D8002201F037FF8946804602F0A1FA02F037
S11380E8ADF902460B4640464946CDE90C2302F059
S11380F857F85A4B002201F025FFCDE90E0110AFC5
S113810803254FF000084FF0000977E902014246C1
S11381184B46AB46013D02F051FA0028F5D1504BCD
S113812801930223009352465B4621460AA800F0B5
S11381380BFE002E0746AADA6168226801F10043A3
S1138148E168C4E90023A26801F10043C4E90223F9
S113815847429CE70020002184ED000BC4E902019A
S1138168002794E71046194602F01AF8C4E90201F8
S1138178C4E90001F4E72EA3D3E9002302F010F8C0
S11381882DA3D3E9002306460F4602F009F88046DA
S1138198894642464B463046394602F001F826A342
S11381A8D3E9002301F0FCFF6CE700F04BF959EC2C
S11381B8108B23A3D3E900234046494601F0C2FEAD
S11381C8284B002201F0EEFF02F02AFA074602F0DB
S11381D835F902460B46CDE9042311A3D3E900235C
S11381E801F0B0FE02460B464046494601F0D8FF6E
S11381F80DA3D3E9002382468B46DDE9040101F08F
S1138208A1FE1F2FCDE9020130DC174B7A1E53F86B
S11382182230AB422AD002460B469DE0AFF30080E1
S113822800004054FB21F93F3163621A61B4D03D28
S11382380000601A61B4D03D7370032E8A19A33B01
S113824883C8C96D305FE43FFB21E93F7BD9024015
S1138258FB21F93FFB213941FFFFEF7F000070410B
S113826888BC00000000E03F08BC0000DDE90223F0
S11382785046594601F094FF2B150793C1F30A534E
S1138288C3EB1553102B804689466BDD64A3D3E9F1
S11382980023DDE9040101F055FE80468946424683
S11382A84B465046594601F07BFF02460B46504662
S11382B85946CDE9082392469B4601F071FF424690
S11382C84B4601F06DFF58A3D3E900238046894645
S11382D8DDE9040101F036FE42464B4601F060FF39
S11382E802460B4650465946CDE9022301F058FF91
S11382F8079AC1F30A53D31A312B804689464CDDB9
S11383084CA3D3E90023DDE9040101F01BFE8046F8
S1138318894642464B465046594601F041FF82463B
S11383288B4652465B46DDE9080101F039FF4246B7
S11383384B4601F035FF41A3D3E900238046894623
S1138348DDE9040101F0FEFD42464B4601F028FF39
S113835802460B46CDE902235046594601F020FF58
S11383688046894642464B46C4E9008950465946E8
S113837801F016FFDDE9022301F012FF002EC4E923
S11383880201BFF684AE09F10043C4E9008301F198
S11383980043C4E902037F4279E6DDE908ABE1E77B
S11383A801F000FF224B9D4206460F4618D01AA33F
S11383B8D3E9002301F0F6FE8046894642464B463F
S11383C83046394601F0ECFE13A3D3E9002301F04B
S11383D8E9FEC4E90089C4E902014FF0FF3756E613
S11383E80FA3D3E9002301F0DDFE0FA3D3E9002393
S11383F806460F4601F0D6FE8046894642464B465D
S11384083046394601F0CCFE07A3D3E9002301F036
S1138418C9FEDEE7AFF300803163621A61B4D03D70
S11384280000601A61B4D03D7370032E8A19A33B0F
S1138438FB21F93F0000002E8A19A33BC1492025DE
S11384489A837B3951EC100B024621F0004343EC2C
S1138458102B704710EE103A23F00043B3F1485F35
S11384682CD2FDEEC07A17EE903A002B60D060EE65
S1138478007A9FED317A9FED315ADFED315A9FED45
S1138488316ADFED316AA7EE875A9FED307AE7EE5D
S1138498855AA7EEA56AA7EE867AE7EE876A67EE9D
S11384A8A66A60EEC00AB6EE007AE7EEA60AB7EE50
S11384B8000AD7EE870A30EE600A704760EE007A49
S11384C89FED1D7A9FED1D5ADFED1D5A9FED1D6A24
S11384D8DFED1D6A1E4AA7EE875A93429FED1B7A69
S11384E8E5EE275AA5EEA76AA6EE277AE7EE276AED
S11384F866EEA76AD5D9174A934214D803F17F4385
S113850807EE103AB7EE006A36EE476A60EEC00A24
S1138518F6EE005A97EEA57AE7EEA60A37EE607AE9
S113852836EE470A7047B6EE076AB5EE027AEDE70B
S1138538B7EE000A704700BF4ED747ADF6740F3147
S11385487CF293B4010DD037ABAA2A3D610BB6BABD
S11385589999993E0000483F10EE103A23F00043E1
S1138568B3F1485F04D2FDEEC07A17EE903A5BB3DC
S113857860EE007A9FED157ADFED155A9FED156AC6
S1138588DFED156AE7EE875A9FED147AA5EEA76A20
S113859820EE275AE6EE276AA6EEA77A30B9DFED71
S11385A8106AE7EE876AA6EE850A704727EE457AD1
S11385B8F6EE006AA0EEA67ADFED0A6AD7EE270A7D
S11385C8E5EE260A30EE600A704700BFD3C92E2FA5
S11385D8342FD7B21BEF3836010D50B98988083CBF
S11385E8ABAA2ABEABAA2A3E38B510EE105A25F01B
S11385F80044B4F17E5F2DED048BF0EE407A7FD019
S113860877D8B4F17C5F0ED2B4F1485F80F09280E1
S11386189FED637A30EE077AF7EE006AB4EEE67AF5
S1138628F1EE10FA62DCB0EE670AFFF767FAF7EECC
S1138638007A37EEC08AB6EE007A28EE078ADFEDB4
S1138648596A9FED597A9FED596A9FED595ADFEDA2
S1138658595ADFED598AE8EE076A9FED587AA8EE71
S1138668067A9FED576AA6EE885AA7EE086A9FED28
S1138678557ADFED556AE5EE085AA6EE087AE5EE76
S1138688886AE7EE087AE6EE888AB0EE480AB0EE21
S1138698679A00F053FB4D4B9C4268EE888A3AD89F
S11386A810EE103A6FF30B0306EE903AA6EEE68A44
S11386B870EE267A88EE895AC8EE274A9FED447AE6
S11386C8DFED447AB0EE006AA4EEC67A30EE000A12
S11386D8F0EE675A90EE057AE6EEC65A37EE657AFA
S11386E837EEC70A002D01DCB1EE400ABDEC048B5D
S11386F838BDBDEC048B70EE407A87EEA70A38BD0E
S1138708BDEC048B9FED320A9FED337A27EE800A85
S1138718A7EE870A38BD88EE896A9FED307ADFEDC7
S11387282E7AA0EE060AF0EE006AA0EE267A37EE5C
S1138738C70AD7E720EE007ADFED1B6A9FED196AB6
S1138748DFED1B5A9FED195ADFED1A4AA7EE266A88
S1138758BDEC048BE6EE075ADFED186A9FED186A44
S1138768E7EE056AE5EE874AA6EE876A9FED165A94
S1138778DFED145ADFED106AA4EE875AE6EE075AC5
S1138788E5EE076AB7EE006AA5EE876A26EE877AF1
S1138798C7EE066AE0EE267AB0EE670A38BD00BF77
S11387A8CAF24971047F4F3A08EF11382EC69D3D2D
S11387B8461124BDA80A4E3EABAA2A3E613330BFF7
S11387C82D57014039D119C090B0A6BE9999793F67
S11387D82EBD3BB3DB0F493FDB0FC93F2EBD3B33F7
S11387E810B582B0CDED010A019B23F00042B2F12D
S11387F8FF4FF0EE407A30D810EE100A20F0004116
S1138808B1F1FF4F29D8B3F17E5F42D09C1704F031
S1138818020444EAD07431B37AB3B2F1FF4F40D0C2
S1138828B1F1FF4F29D0891AB1F1F45F4FEAE1524F
S113883834DA002B42DA3C3240DA9FED340A012C58
S11388484ED0022C43D064B19FED317ADFED317AFA
S113885830EE070A30EE670A03E09DED017A37EE41
S1138868270A02B010BD022C10D09FED2B7A032CDE
S113887808BFB0EE470A02B010BD9FED280ADFED2D
S1138888287A0028A8BFB0EE670AEAE79FED210A14
S1138898E7E702B0BDE8104000F07AB99FED200A7E
S11388A8CDE7B1F1FF4F04F1FF3420D0022C26D8D4
S11388B81C4B03EB840393ED000AD2E79DED017A88
S11388C887EE870AFFF71AF900F062F9B7E79FED18
S11388D8107ADFED107A30EE070A37EEC00AC0E7E7
S11388E810EE103A03F1004300EE103AB9E7022CF7
S11388F808D80D4B03EB840393ED000AB1E79FED11
S1138908030AAEE79FED090AABE700BF00000000C9
S11389182EBDBB33DB0F4940DB0F49C0DB0FC9BF9A
S1138928DB0FC93F90BD00009CBD0000DB0F493F31
S113893870B510EE103A884A23F00044944286B089
S1138948054671D9854A94421E4624D823F000422C
S1138958002BDFED837A834922F00F02B0EE407AD0
S113896840F3E0808A4270EE677A09BF9FED7E7A11
S1138978DFED7E6ADFED7E6A77EEC77A37EEE67A58
S113898877EEC77A80ED007A77EEE67AC0ED017A61
S1138998012006B070BD774A944252D9B4F1FF4F12
S11389A848D2E215863AA4EBC25307EE903ABDEEDC
S11389B8E77ADFED716AB8EEC77A77EEC77A8DED9C
S11389C8037A67EEA67ABDEEE77AB8EEC77A77EE51
S11389D8C77A8DED047A67EEA67AF5EE407AF1EE61
S11389E810FACDED057A40F09880B5EE407AF1EEB4
S11389F810FA0CBF0123022360490191022100915E
S1138A0803A8294600F0B6FD002EC2DA95ED007AD7
S1138A18D5ED017AB1EE477AF1EE677A85ED007A01
S1138A28C5ED017A4042B4E7002285ED000A4260B0
S1138A380020AEE770EE407AC0ED017AC0ED007A0E
S1138A48F6E7FFF75BF89FED4E7A9FED456AF6EE81
S1138A58007AE0EE077A9FED457AFDEEE77A17EEA5
S1138A68900AF8EEE76A1F28A6EEC60A66EE877A29
S1138A78B1EE666A20DC434A411E26F0004352F8F0
S1138A88212023F0FF03934216D030EE677A30EEAC
S1138A98470A002E30EE670A85ED007A85ED010A53
S1138AA8BFF677AFB1EE477AB1EE400A85ED007AAA
S1138AB885ED010A40426CE730EE677AE21517EE5D
S1138AC8103AC3F3C753C3EBD453082BDFDD9FED30
S1138AD8267A9FED275AF0EE405AE6EE075A70EED2
S1138AE8657AE6EE077AD6EE857A35EEE77A17EEFA
S1138AF8103AC3F3C753D21A192A10DD9FED227A0C
S1138B089FED225AB0EE650AA6EE070A75EEC07A02
S1138B18E6EE077AD6EE857AB7E703236CE7B0EE7C
S1138B28650AB4E78A4270EE277A09BF9FED0E7A88
S1138B38DFED0E6ADFED0E6A77EE877A37EEA67AF6
S1138B4877EEC77A80ED007A77EEA67AC0ED017ADF
S1138B584FF0FF301DE700BFD80F493FE3CB164065
S1138B68800FC93FD00FC93F0044353743443537D8
S1138B7808A3852E800F49430000804328BE0000C7
S1138B8884F9223FA8BD000000A3852E32318D242C
S1138B9838B510EE105A25F00044B4F1A14FF0EEA8
S1138BA8407A0DD3B4F1FF4F5BD8DFED517A9FEDD6
S1138BB8517A002DCCBFB0EE470AB0EE670A38BD33
S1138BC84D4B9C425CD8B4F1445F4DD34FF0FF3316
S1138BD827EEA76A9FED495A9FED497ADFED495A76
S1138BE8DFED494A66EE066A5A1CA6EE857AE6EE79
S1138BF8A54A9FED465ADFED465AA7EE265AE4EEFB
S1138C08A65A9FED447ADFED444AA5EE267AE5EEAE
S1138C18A64A9FED425ADFED425AA7EE265A9FED27
S1138C28417AA4EEA67AE5EE265A27EE267AA5EE30
S1138C38867A27EE877A38D03B493C4A01EB830190
S1138C48D1ED006A37EE667A02EB8303D3ED006A4E
S1138C5837EE677A002D36EEC70AB0DAB1EE400A6D
S1138C6838BD30EE000A38BD9FED317A30EE077A10
S1138C78F7EE006AB4EEE67AF1EE10FAA6DD38BD36
S1138C88FEF73CFF2B4B9C4212D8A3F5D0039C4221
S1138C9823D8F0EE007ABFEE007AA0EE277A0023FC
S1138CA830EE270AC7EE007A92E737EEC70A38BDD6
S1138CB8214B9C420BD8F7EE087AB7EE007AA0EE67
S1138CC8277A022330EE670AC0EE077A80E7BFEE00
S1138CD8007AC7EE007A03237AE7F7EE007A30EEDB
S1138CE8677A30EE270A0123C7EE007A70E700BFDF
S1138CF8DB0FC9BFDB0FC93FFFFFDF3ED769853CE8
S1138D0859DA4B3D21A215BD6BF16EBD356B883D1B
S1138D1895879DBD6E2EBA3D388EE3BD2549123E1A
S1138D28ABAAAA3ECDCC4CBE40C1000050C1000045
S1138D38CAF24971FFFF973FFFFF1B40B1EEC00A1B
S1138D48704700BF000000002DE9F04FADF5197D14
S1138D589C460B91BD4BA299049053F8213005937E
S1138D6812F1140F0CF1FF330393C0F2AD82B8492A
S1138D78D31E81FB0301DB17C3EBA1030893013363
S1138D88A3EB8303DB00D618089A039BD41A059A2D
S1138D98D7181DD40137DDF88CA2274420AD4FF035
S1138DA800084FF00009E34608E05AF8240001F0EF
S1138DB845FB0134BC42E5E8020108D0002CF4DA92
S1138DC8013440464946BC42E5E80201F6D1DC4696
S1138DD8059B002BB8BF4FEACC0738DB20AB03EB6D
S1138DE8CC0A059BDDF80C90029663444FEACC0745
S1138DF80093049BCDE906C70DF5E07B03EBCC0893
S1138E084B46D9469B46039B002BC0F2A281049E85
S1138E1857460024002577E90223F6E8020101F009
S1138E2891F802460B462046294601F0BBF946450F
S1138E3804460D46EFD1009B0BF1010B9B45E9E875
S1138E4802450AF1080ADED1DDE906C7029E049B41
S1138E58059A009203EB070B0CAB03EB8203043B6C
S1138E6809930CAB03EB8207CDF828C0009A98ABA2
S1138E7803EBC203002A53E928454FEAC2082CDD54
S1138E880DF5E07AD0440DF1300902960697714B3E
S1138E9800222046294601F055F801F0C1FB01F0F3
S1138EA8CDFA6D4B002206460F4601F04BF80246F8
S1138EB80B462046294601F073F901F0B1FB78E925
S1138EC8022349F8040B3946304601F06BF9D045C2
S1138ED804460D46DBD1029E069F45EC104B3046F6
S1138EE800F066FE55EC104B00224FF07F532046ED
S1138EF8294601F027F841EC100B00F055FF574BB9
S1138F0851EC100B002201F01DF802460B462046D6
S1138F18294601F045F90D46044601F081FB8246D5
S1138F2801F08CFA02460B462046294601F038F92E
S1138F38002E8046894640F39380009B0CAA581E55
S1138F48C6F1180352F8202042FA03F404FA03F392
S1138F58D21AC6F117010CAB42FA01F5002D43F8F9
S1138F682020A24400F3DC80002200234046494626
S1138F7801F024FB002800F05782009B059A9342D5
S1138F880CDD0CAA02EB8303002253F8041DBB4238
S1138F9842EA0102F9D1002A40F0DE80059B0CAABE
S1138FA8013B52F82330002B40F0CE80099A01236C
S1138FB852F8041D01330029FAD0009A13440132EF
S1138FC8914600990A9802930144089802EB000A12
S1138FD80AF1804AA3980AF1FF3A00EB8A0A20A80A
S1138FE800EBC108CDE9066770A901EBC202009243
S1138FF85AF8040F01F022FA039B002BE8E8020157
S113900820DB049E47460024002577E90223F6E87E
S1139018020100F097FF02460B462046294601F05C
S1139028C1F85E4504460D46EFD1009BE3E80245CE
S11390380093029B09F101099945D9DDDDE9066729
S1139048009313E700240025EFE700BFA0C1000048
S1139058ABAAAA2A0000703E00007041000020401C
S113906855D1009B0CAA013B52F82350ED15002D55
S11390787FF77AAF009B002B0AF1010A40F3438281
S11390880CAB002253F8044B002C3BD0C4F1807481
S113909843F8044C6FF07F40009C03E01968411AC0
S11390A843F8041B01329442F8DC0124002E0DDD40
S11390B8012E3ED0022E09D1009B5A1E0CAB0CA9DE
S11390C853F82230C3F3150341F82230022D7FF4FC
S11390D84BAF42464B469449002001F061F8804664
S11390E88946002C3FF440AF30469FED8D0B00F0CD
S11390F85FFD4046494653EC102B01F051F8804679
S1139108894631E7009901329142BBDCCEE7874BAF
S1139118002201F071FA002840F0C480054623E7D4
S1139128009B002B0AF1010AD8BF0024A8DC012EF9
S1139138C0D1009B5A1E0CAB0CA953F82230C3F3C0
S1139148160341F82230C1E7009B5A1C9146134686
S113915837E7002400256EE6009A0CAB541ECDE9CF
S1139168035A53F82430183E5BB902F18043013B9B
S11391780CAA02EB830353F8042D013C183E002A81
S1139188F9D030469FED660B00F012FD002C57EC29
S1139198106BC0F2C48104F1010A0CAB03EB8A051D
S11391A84FEACA0270ABDFF8889103EBCA0A4FF0A2
S11391B80008934655F8040D01F040F932463B4641
S11391C800F0C0FE4B466AE9020142463046394681
S11391D800F0B8FE0CAB9D4206460F46EAD1ABF14F
S11391E8080370A95A4601EB030A0DF590784FF06D
S11391F80009CDE9064243465246A346CA46DDF86D
S11392081490CDF81480B9F1000FC0F28380DFF810
S1139218248100931746002600240025029201E0C9
S1139228564510DCF7E80223F8E8020100F08AFE4C
S113923802460B462046294600F0B4FF0136B145E4
S113924804460D46ECDA009B029A0BF1FF3BBBF196
S1139258FF3FE3E802450AF1010AA2F10802D2D16C
S1139268A29BDDF81480022BDDE9064264DC002BA6
S11392782FDC10D108EB02040020002174E902233A
S113928800F090FF4445F9D1039B002B40F037814F
S11392980B9BC3E90001049B03F007000DF5197D3E
S11392A8BDE8F08F009B002B0AF1010AC8BF022514
S11392B83FF7E6AE42464B461B49002000F070FFDC
S11392C80225804689464FE600216FF0170308916E
S11392D859E508EB02050026002775E90223304604
S11392E8394600F05FFF454506460F46F5D13B4633
S11392F8D5E90001324600F053FF039B002B00F030
S1139308E2800B9D07F10043C5E90063002C40F09F
S1139318DE80E7E00024002597E700BFAFF3008074
S1139328000000000000F03F0000F03F0000E03FB4
S11393380000703E60C10000A29B032BABD1002C3F
S113934800F0FD8008EBC4054FEAC40AD5E90067BC
S1139358CDE905A50095A946029479E90245304668
S1139368394622462B4600F01DFFB246BB46064648
S11393780F4632463B462046294600F011FF524626
S11393885B4600F00FFFC145C9E90201C9E900675E
S1139398E3D1029C012CDDE905A500F0D080D5E9D4
S11393A80045009E08F1080B474676E902892046E5
S11393B8294642464B46CDE9004500F0F3FE0446F3
S11393C80D4622462B464046494600F0E9FEDDE9B3
S11393D8002300F0E7FEB345C6E90201C6E90045EB
S11393E8E3D10AF10804B8463C4407F1100500200B
S11393F8002174E9022300F0D5FEA542F9D1039BAC
S1139408D8E90067D8E90245002B47D10B9BC3E98B
S11394180401C3E90067C3E90245049B03F007009C
S11394280DF5197DBDE8F08F704249EC108BCDE93C
S1139438035A00F0BDFB55EC104B4B4B0022204661
S1139448294601F0D9F8F8B1484B002220462946AC
S113945800F078FD01F0E4F8074600F0EFFF424B16
S1139468002200F06FFD02460B462046294600F014
S113947897FE01F0D5F8009B0CAA5C1C42F8230067
S1139488183642F824707CE62046294601F0C8F8CC
S1139498009B0CAA1C4642F8230072E632460B9E37
S11394A807F10043C6E9002305F10043C6E9024376
S11394B801F10043C6E90403049B03F007000DF51A
S11394C8197DBDE8F08F0B9BC3E900676CB14AAE08
S11394D80125F6E80223013500F064FEAC42F8DA0F
S11394E8039B13B101F1004319460B9BC3E9020125
S11394F8049B03F007000DF5197DBDE8F08F01F119
S113950800431946C4E6022D7FF42EAD02460B46ED
S11395180020174900F044FE8046894624E5A29BB2
S1139528022B06DC002B0DDC7FF4B5AE00200021F5
S1139538AAE6A29B032B7FF4AEAE0DF5907800202B
S113954800215CE7039BDDE9480133B10B9C002251
S11395584FF00043C4E90023C4E70B9C0022002316
S1139568C4E90023C1E700BF000070410000703E59
S11395780000F03F2DE9F04F2DED048BDBB01C46C5
S1139588944603930A46CD4B68991CF1040F53F88B
S11395982160824604F1FF38C0F24982BCF103031A
S11395A848BF0CF10403DB10029301334FEAC30EE6
S11395B8ACEB0E030593029B16EB0800A3EB080320
S11395C816D401309FEDBE7A699C18441EA9002B5D
S11395D8A4BF54F8235007EE905A03F10103ACBF1B
S11395E8F8EEE77AF0EE477A8342E1EC017AEED1BD
S11395F8002EC0F2B182039B1EA901EB830446AD81
S11396084FEA83094046F7180AEB8301B8F1000FC3
S1139618DFEDAB7A09DBA3465346F3EC016A3BED75
S1139628017A8B42E6EE877AF7D10130B842E5EC4D
S1139638017A04F10404E9D10DF1280B0BEB86033C
S1139648CDE9062E043B9FEDA09ADFED9E8A05988E
S113965804930AEB090446AF0BEB86090096CDF890
S113966820C05AAB03EB8603002E13ED140A4FEA0D
S1139678860515DD7B195A4660EE097AB0EE407A04
S1139688FDEEE77A73ED016AF8EEE77ABB42A7EEDE
S1139698E87A37EEA60ABDEEC77AA2EC017AEBD1D6
S11396A8019000F00FFBF4EE007AB0EE408A20EE51
S11396B8270A00F0FDFBF2EE007AA0EE678A019813
S11396C80028FDEEC89AF8EEE97A38EE678A6CDD70
S11396D806F1FF3EC0F108035BF82E2042FA03FCB2
S11396E80CFA03F3D21AC0F1070119EE903A4BF8B9
S11396F82E200A416344002A09EE903A00F3F080D0
S1139708B5EE408AF1EE10FA40F09D80009B9E422F
S11397180ADD5D44002355F8041D4D4543EA010361
S1139728F9D1002B40F0F280009B013B5BF8233019
S1139738002B40F0E780049B012153F8042D0131EC
S1139748002AFAD0731C31449C46029D039A05EB07
S1139758030E0EF1804E699D32440EF1FF3E07EB75
S113976883061EAB05EB8E0E03EB8205DEED017A54
S1139778F8EEE77AB8F1000F0EF1040EE5EC017A81
S1139788DFED4F7A09DB2A465346F3EC016A32EDE2
S1139798017AA342E6EE877AF7D10CF1010C614510
S11397A8E6EC017AE2DA0E465BE740F08F80731E3E
S11397B85BF82320D211002AA2DD19EE903A002E7C
S11397C803F1010309EE903A40F3D48159464FF06E
S11397D8000E51F8043B002B6AD0C3F5807341F89E
S11397E8043C04E00B68C3F1FF0341F8043B0EF1A9
S11397F8010E7645F6DC01239E4600280ADD012881
S113980878D0022806D1711E5BF8213003F03F0C92
S11398184BF821C0022A7FF473AFB7EE000A7346EF
S113982830EE488A002B3FF46BAF0992019000F0A8
S113983849FA38EE408A0198099AB5EE408AF1EE61
S113984810FA3FF463AF9246DDE9062EDDF820C036
S11398580196AEEB0C00B0EE480A009E009200F0B0
S113986831FADFED186AB4EEE60AF1EE10FADDE932
S11398780023F0EE407AC0F250819FED137A0599E7
S113988820EE077A0831BDEEC77A0591B8EEC77A9B
S11398985C1CE7EE667ABDEEC77AFDEEE77A17EE52
S11398A8901A4BF8231017EE103A4BF8243046E080
S11398B80EF1010EB6458CDB9E469EE7DCC1000026
S11398C800000000000080430000803BF6EE007AB0
S11398D8B4EEE78AF1EE10FA80F2988000220FE7DE
S11398E80133002E09EE903A3FF770AF00230128A8
S11398F89E4686D1711E5BF8213003F07F0C4BF82D
S113990821C087E7731C9C4619461EE733469246D6
S1139918DDE905125C1EA1F108005BF82410009E25
S1139928059061B903F18043013B0BEB83030146C6
S113993853F8040D013C08390028F9D0059105981D
S11399480092B7EE000A00F0BDF9002C009AB0EEC0
S1139958407AC0F20581601C46AD5FED256A81003E
S11399680BEB800305EB800073ED017AF8EEE77AE0
S11399785B4567EE877A27EE267A60ED017AF3D1A4
S11399880DF1C8080B1F46A8C718C646A4460025EB
S11399989146002E73DB844ADFED847A384600232F
S11399A801E0AB4208DCF2EC016AB0EC017A013365
S11399B89E42E6EE877AF4DA0CF1FF3CBCF1FF3FF5
S11399C8EEEC017A05F10105A7F10407E1D1689BE2
S11399D8022B4A4656DC002B2EDC0ED1DFED737ABF
S11399E8414431ED017A414577EE877AF9D15346FE
S11399F8002B40F0AE80C2ED007A19EE903A03F0E5
S1139A0807005BB0BDEC048BBDE8F08F19EE903A0B
S1139A18002E03F1010309EE903AC8BF02223FF772
S1139A28D5AEF7EE007A37EEC88A022268E600233C
S1139A384FF0080E0293BBE59FED5C7A414471ED4B
S1139A48017A414537EE277AF9D1DDED327A53466A
S1139A5877EEC77A002B75D182ED007A64B133A909
S1139A680123B1EC017A01339C4277EE877AF8DA64
S1139A7853460BB1F1EE677AC2ED017ABDE7DFED2B
S1139A884B7A99E7689B032BB7D1002C7ED008EB5F
S1139A98840595ED007AA0002B46294671ED017ADC
S1139AA8F0EE476A37EE277A414577EEC77A81EDBB
S1139AB8007A77EEA67AC1ED017AEFD1012C65D050
S1139AC895ED007A08F1040173ED017AF0EE476A26
S1139AD837EE277A994277EEC77A83ED007A77EEE4
S1139AE8A67AC3ED017AEFD1031DDFED307A434442
S1139AF808F1080833ED017A984577EE877AF9D1A9
S1139B085346DDED326A9DED337A73B9C2ED006ACE
S1139B1882ED017AC2ED027A6FE7FDEEC07A1C4647
S1139B2817EE901A4BF8231009E7F1EE666AB1EEC6
S1139B38477AF1EE677AC2ED006A82ED017AC2EDE6
S1139B48027A5AE7B1EE477A82ED007A002C86D180
S1139B5890E7F1EE677A4EE7039B4FEA83096BE5DA
S1139B68689B022B0EDC002B13DC7FF446AFDFED81
S1139B780F7A3CE7022A7FF4C3ADF7EE007A37EE9A
S1139B88C88ABDE5689B032B7FF437AFDFED077AFE
S1139B98B6E75346DDED327A13B9002313606BE759
S1139BA84FF00043136065E7B0C1000000000000F7
S1139BB870B555EC104BC5F30A5206462B4672BBDA
S1139BC825F00043234329D03B4B20462946002255
S1139BD800F0B8F9394B9E4204460D4652DBC1F3F6
S1139BE80A520B46363A4CF250318E4223DC164464
S1139BF840F2FE7296421EDC002E34DC16F1350F5C
S1139C0838DB6FF31E53363643EA065520462C4B91
S1139C182946002200F096F941EC100B70BD40F281
S1139C28FF718A42DFD122462046294600F0BAFA5B
S1139C3841EC100B70BD002D17A1D1E9000107DB21
S1139C4815A3D3E9002300F07DF941EC100B70BD96
S1139C5813A1D1E9000110A3D3E9002300F072F99C
S1139C6841EC100BF3E76FF31E5343EA065545EC3A
S1139C78104B70BD002D0CA1D1E9000102DA0CA132
S1139C88D1E9000108A3D3E9002300F05BF941EC12
S1139C98100B70BDAFF300809C7500883CE4377EE0
S1139CA89C7500883CE437FE59F3F8C21F6EA50181
S1139CB859F3F8C21F6EA58100005043B03CFFFF62
S1139CC80000903C10EE103A33F000411A4627D0B9
S1139CD8B1F1FF4F21D213F0FF4F22D1DFED2B7AE0
S1139CE82B4A60EE277A904217EE903A33DB4CF217
S1139CF8503CC3F3C75160451A46A1F1190116DD5A
S1139D08DFED247ADFED246A002BB0EE677AB8BF62
S1139D18F0EE667A27EE870A704730EE000A70473D
S1139D2870474CF2503C60454FEAD151E8DC01449D
S1139D38FE29E5DC002915DC11F1160F19DB1931B0
S1139D4822F0FF4242EAC15207EE902A9FED130A1D
S1139D5827EE800A7047DFED127A07EE103A27EEF5
S1139D68270A704722F0FF4242EAC15300EE103A34
S1139D787047DFED0B7ADFED0B6A002BB0EE677AE4
S1139D88B8BFF0EE667A27EE870A70470000004CE9
S1139D98B03CFFFFCAF24971CAF249F1000000332E
S1139DA86042A20D6042A28D51EC100BC1F30A531C
S1139DB82DE9F041A3F2FF35132D0C46064632DC9B
S1139DC8002D20DB384B43FA05F801EA0803034366
S1139DD80F462DD032A3D3E9002300F0E3F9002283
S1139DE8002300F013FC40B1002C03DA4FF4801375
S1139DF82B411F4427EA080400262346324643EC35
S1139E08102BBDE8F08126A3D3E9002300F0CAF99A
S1139E180022002300F0FAFB0028EED0002C2ADBF5
S1139E2800263446E9E7332D06DDB5F5806F1BD0EF
S1139E3841EC100BBDE8F081A3F213434FF0FF3758
S1139E48DF400742F4D016A3D3E9002300F0AAF9AF
S1139E580022002300F0DAFB0028CED0002C334681
S1139E6810DB23EA0706C8E702460B4600F09AF916
S1139E7841EC100BDEE724F0004426430DD14FF0EB
S1139E880044BAE7142D06D0C5F134050122AA40CE
S1139E981344B342E5D20134E3E7044C0026ACE7AB
S1139EA89C7500883CE4377EFFFF0F000000F0BF7C
S1139EB810EE102AC2F3C7537F3B162B22F0004141
S1139EC829DC002B104618DB1A4919410A4221D013
S1139ED8DFED197A70EE277AF5EEC07AF1EE10FA12
S1139EE818DD002A04DA4FF4000242FA03F3184496
S1139EF820EA010300EE103A7047DFED0F7A70EEA6
S1139F08277AF5EEC07AF1EE10FA03DD002A08DBB1
S1139F189FED0A0A7047B1F1FF4FFBD330EE000AF8
S1139F287047DFED077A0029BFEE000A08BFB0EEDC
S1139F38670A7047FFFF7F00CAF2497100000000FA
S1139F480000008070B54FF0FF0C4CF4E06C1CEA84
S1139F5811541DBF1CEA135594EA0C0F95EA0C0F13
S1139F6800F0DEF82C4481EA030621EA4C5123EA86
S1139F784C5350EA013518BF52EA033541F48011B5
S1139F8843F4801338D0A0FB02CE4FF00005E1FB68
S1139F9802E506F00042E0FB03E54FF00006E1FBB2
S1139FA803569CF0000F18BF4EF0010EA4F1FF04F5
S1139FB8B6F5007F64F5407404D25FEA4E0E6D4135
S1139FC846EB060642EAC62141EA55514FEAC52046
S1139FD840EA5E504FEACE2EB4F1FD0C88BFBCF5C2
S1139FE8E06F1ED8BEF1004F08BF5FEA500E50F173
S1139FF8000041EB045170BD06F0004646EA010139
S113A00840EA020081EA0301B4EB5C04C2BFD4EB6A
S113A0180C0541EA045170BD41F480114FF0000E63
S113A028013C00F3AB8014F1360FDEBF002001F0D1
S113A038004170BDC4F10004203C35DA0C341BDC4B
S113A04804F11404C4F1200500FA05F320FA04F01D
S113A05801FA05F240EA020001F0004221F0004151
S113A06810EBD37021FA04F642EB06015EEA430EC4
S113A07808BF20EAD37070BDC4F10C04C4F12005F4
S113A08800FA04F320FA05F001FA04F240EA0200A7
S113A09801F0004110EBD37041F100015EEA430E78
S113A0A808BF20EAD37070BDC4F1200500FA05F298
S113A0B84EEA020E20FA04F301FA05F243EA020317
S113A0C821FA04F001F0004121FA04F220EA020026
S113A0D800EBD3705EEA430E08BF20EAD37070BD6C
S113A0E894F0000F0FD101F00046400041EB01014C
S113A0F811F4801F08BF013CF7D041EA060195F02E
S113A108000F18BF704703F00046520043EB0303E7
S113A11813F4801F08BF013DF7D043EA06037047D4
S113A12894EA0C0F0CEA135518BF95EA0C0F0CD0DF
S113A13850EA410618BF52EA4306D1D181EA030125
S113A14801F000414FF0000070BD50EA410606BF1F
S113A1581046194652EA430619D094EA0C0F02D164
S113A16850EA013613D195EA0C0F05D152EA0336A9
S113A1781CBF104619460AD181EA030101F00041C7
S113A18841F0FE4141F470014FF0000070BD41F010
S113A198FE4141F4780170BD81F0004102E000BF46
S113A1A883F0004330B54FEA41044FEA430594EA8B
S113A1B8050F08BF90EA020F1FBF54EA000C55EAC6
S113A1C8020C7FEA645C7FEA655C00F0E2804FEA97
S113A1D85454D4EB5555B8BF6D420CDD2C4480EA79
S113A1E8020281EA030382EA000083EA010180EAA9
S113A1F8020281EA0303362D88BF30BD11F0004FF7
S113A2084FEA01314FF4801C4CEA113102D040422C
S113A21861EB410113F0004F4FEA03334CEA133367
S113A22802D0524263EB430394EA050F00F0A7807F
S113A238A4F10104D5F1200E0DDB02FA0EFC22FA7A
S113A24805F2801841F1000103FA0EF2801843FA6E
S113A25805F359410EE0A5F120050EF1200E012A5F
S113A26803FA0EFC28BF4CF0020C43FA05F3C0189D
S113A27851EBE37101F0004507D54FF0000EDCF116
S113A288000C7EEB00006EEB0101B1F5801F1BD3BF
S113A298B1F5001F0CD349085FEA30004FEA3C0CC3
S113A2A804F101044FEA445212F5800F80F09A80B9
S113A2B8BCF1004F08BF5FEA500C50F1000041EBBD
S113A2C8045141EA050130BD5FEA4C0C404141EBC1
S113A2D80101013C28BFB1F5801FE9D291F0000FBC
S113A2E804BF01460020B1FA81F308BF2033A3F16B
S113A2F80B03B3F120020CDA0C3208DD02F1140C62
S113A308C2F10C0201FA0CF021FA02F10CE002F19C
S113A3181402D8BFC2F1200C01FA02F120FA0CFC95
S113A328DCBF41EA0C019040E41AA2BF01EB0451DE
S113A338294330BD6FEA04041F3C1CDA0C340EDCDC
S113A34804F11404C4F1200220FA04F001FA02F31F
S113A35840EA030021FA04F345EA030130BDC4F1DD
S113A3680C04C4F1200220FA02F001FA04F340EAD2
S113A3780300294630BD21FA04F0294630BD94F083
S113A388000F83F4801306BF81F480110134013D6A
S113A3984EE77FEA645C18BF7FEA655C29D094EADB
S113A3A8050F08BF90EA020F05D054EA000C04BF59
S113A3B81946104630BD91EA030F1EBF0021002044
S113A3C830BD5FEA545C05D14000494128BF41F0E3
S113A3D8004130BD14F580043CBF01F5801130BD47
S113A3E801F0004545F0FE4141F470014FF00000D2
S113A3F830BD7FEA645C1ABF194610467FEA655C83
S113A4081CBF0B46024650EA013406BF52EA033524
S113A41891EA030F41F4002130BD00BF90F0000F12
S113A42804BF0021704730B54FF4806404F132044E
S113A4384FF000054FF0000150E700BF90F0000F07
S113A44804BF0021704730B54FF4806404F132042E
S113A45810F0004548BF40424FF000013EE700BFFE
S113A46842004FEAE2014FEA31014FEA02701FBF8E
S113A47812F07F4393F07F4F81F06051704732F0C0
S113A4887F4208BF704793F07F4F04BF41F4002117
S113A498704730B54FF4607401F0004521F0004175
S113A4A81CE700BF50EA010208BF704730B54FF0FF
S113A4B800050AE050EA010208BF704730B511F000
S113A4C8004502D5404261EB41014FF4806404F138
S113A4D832045FEA915C3FF4D8AE4FF003025FEABE
S113A4E8DC0C18BF03325FEADC0C18BF033202EB42
S113A4F8DC02C2F1200300FA03FC20FA02F001FA9C
S113A50803FE40EA0E0021FA02F11444BDE600BF3E
S113A5184FF0FF3C06E000BF4FF0010C02E000BF23
S113A5284FF0010C4DF804CD4FEA410C7FEA6C5C06
S113A5384FEA430C18BF7FEA6C5C1BD001B050EAA9
S113A548410C0CBF52EA430C91EA030F02BF90EA94
S113A558020F0020704710F1000F91EA030F58BF53
S113A568994208BF90422CBFD8176FEAE37040F0B5
S113A578010070474FEA410C7FEA6C5C02D150EA53
S113A588013C07D14FEA430C7FEA6C5CD6D152EA0E
S113A598033CD3D05DF8040B704700BF84461046D3
S113A5A862468C461946634600E000BF01B5FFF7D2
S113A5B8B7FF002848BF10F1000F01BD4DF808EDA2
S113A5C8FFF7F4FF0CBF012000205DF808FB00BF73
S113A5D84DF808EDFFF7EAFF34BF012000205DF8CD
S113A5E808FB00BF4DF808EDFFF7E0FF94BF01201A
S113A5F800205DF808FB00BF4DF808EDFFF7CEFF1B
S113A60894BF012000205DF808FB00BF4DF808ED59
S113A618FFF7C4FF34BF012000205DF808FB00BF2A
S113A6284FEA410212F5001215D211D56FF478736E
S113A638B3EB625212D94FEAC12343F0004343EA11
S113A648505311F0004F23FA02F018BF40427047EC
S113A6584FF00000704750EA013005D111F0004076
S113A66808BF6FF0004070474FF00000704700BF0C
S113A6784A0011D212F5001211D20DD56FF4787375
S113A688B3EB62520ED44FEAC12343F0004343EACA
S113A698505323FA02F070474FF00000704750EA15
S113A6A8013002D14FF0FF3070474FF0000070477F
S113A6B84FEA4102B2F1E04324BFB3F5001CDCF1D8
S113A6C8FE5C0DD901F0004C4FEAC0024CEA507010
S113A6D8B2F1004F40EB830008BF20F0010070473F
S113A6E811F0804F21D113F13872BCBF01F0004042
S113A6F8704741F480114FEA5252C2F11802C2F174
S113A708200C10FA0CF320FA02F018BF40F00100F4
S113A7184FEAC1234FEAD32303FA0CFC40EA0C00A6
S113A72823FA02F34FEA4303CCE77FEA625307D1E3
S113A73850EA01331EBF4FF0FE4040F4400070471A
S113A74801F0004040F0FE4040F40000704700BFB4
S113A75803685A004CBF43F0004323F000431844F5
S113A768704700BF2DE9F04759B301F1FF3805469A
S113A778164647464FF0000A0AEB070101EBD17170
S113A788491005EBC1094846FFF7E2FF88454FEA3F
S113A798C104034610D004F10800B342284407D882
S113A7A8FFF7D6FF0138B04208D201F1010AE3E706
S113A7B88A4506D04F1EDFE7B042F9D84846BDE8BF
S113A7C8F0874FF000094846BDE8F087012809D012
S113A7D8022805D0044B00280CBF184600207047F7
S113A7E80248704702487047A5AE0000B5AE0000A5
S113A7F8ADAE000030B5224B83B004468D1E43B382
S113A80801A92846AFF30080F0B101992A46FFF761
S113A818A9FF0146C0B1FFF79BFF4B68A064012B59
S113A8282BD0002B01F1040025DBFFF791FF002357
S113A83823650368E064002B12DBFFF789FF0346F6
S113A8480020236103B030BD00230920236103B035
S113A85830BD0C4B0C49C91AC91018460191D5E7EB
S113A868C3F30360FFF7B2FF031E0CBF09200020E7
S113A878236103B030BD0123DAE700230520E0E7B4
S113A888000000007CC200000CC400000368DA0762
S113A89810B5044606D49B0700F1500009D500F012
S113A8A895FC2368590709D51A070ED5DB0613D575
S113A8B810BD00F083FC23685907F5D404F1D800CF
S113A8C800F08CFC23681A07F0D404F5AC7000F08F
S113A8D88DFC2368DB06EBD404F5EC70BDE810406E
S113A8E800F0C8BC0346006800B11844704700BFB4
S113A8F8704700BF70B504460E46316C2046FFF71A
S113A90879FF054688B9326C62612369324621466B
S113A918012098470828F0D0072806D12846316C2A
S113A928FFF7E6FF301D00F03DFC00F0ABFE00BF72
S113A9382DE9F04701F1040CC768D0F818800646E1
S113A9489146BCE80F00ADF5767D03AC0FC4BCE8B6
S113A9580F000FC4BCE80F000FC49CE80F0002AD41
S113A9684FF0000E84E80F00C5F800E021E02B6CDE
S113A97873614FF4F47229467CA800F0EBFE336946
S113A9887CAA3146504698478A9BAB644946CDE930
S113A99800588246334601203246B847814630BBC8
S113A9A84FF4F4727CA9284600F0D4FEBAF1080FDB
S113A9B81AD1296C3046FFF71DFF09F1090904462D
S113A9C85FFA89FA0028D2D0AB6BAB643246CDE982
S113A9D8005833464AF010010120B84738B92046D8
S113A9E80DF5767DBDE8F087BAF1070F05D0092487
S113A9F820460DF5767DBDE8F0874846296CFFF7BB
S113AA0877FF03A800F0CEFBF0B5CB6BFBB001F1E8
S113AA18040C0B640E460546BCE80F0001AC0FC4D9
S113AA28BCE80F000FC4BCE80F000FC49CE80F007B
S113AA384FF0FF3784E80F00009706E02B696A4659
S113AA48294698470828044608D110992846FFF74C
S113AA58D1FE0028F2D009207BB0F0BD6846FFF78C
S113AA6815FF062CF7D131462846FFF743FF00BFF0
S113AA78C160D96B8261196400221946FFF758BF77
S113AA8870B5C66843690B64AEB903690A460446DF
S113AA980D46014602209847072805D008280FD1FB
S113AAA829462046FFF726FF3046296CFFF720FF8A
S113AAB8281D00F077FB0122FFF73AFF00F0E2FDC2
S113AAC800F0E0FDC26822B1CA6B0A640022FFF7F5
S113AAD82FBFFFF799BF00BF052915D8DFE801F09C
S113AAE80A031403030501207047009A436C13609A
S113AAF80020704743B90F2A06D800EB82020020D1
S113AB085368009A136070470220704700B585B0F7
S113AB180A46002303A900911946FFF7DDFF0398AD
S113AB2805B05DF804FB00BF052915D8DFE801F07E
S113AB380A031403030501207047009B1B68436440
S113AB480020704743B90F2A06D8009B00EB820205
S113AB581B685360002070470220704710B584B00A
S113AB68002303AC039200940A461946FFF7DCFF5E
S113AB7804B010BD70B5D36BADF5107D02F1040CB3
S113AB88136405460C46BCE80F000DF15C0EAEE8F4
S113AB980F00BCE80F00AEE80F00BCE80F00AEE8F9
S113ABA80F009CE80F004FF0FF368EE80F00169652
S113ABB810E0FFF7D3FF214616A8A847034616AAB4
S113ABC80820694683B9049B9847052806460CD093
S113ABD8092809D026996846FFF70CFE03460C217C
S113ABE86A4616A8002BE4D0092616A8FFF74EFEDD
S113ABF830460DF5107D70BD2DE9F04F1646CA6C30
S113AC0889B00D4652F8041B069200F0030C002B81
S113AC1879D00C0C8DF81D400904E4B2059102EBBF
S113AC28840202218DF81C10296DBCF1020F08BFA3
S113AC38AA6B11F0010809D005A9304600F0A4FB5D
S113AC48002856D1082009B0BDE8F08F1768002FF6
S113AC58F2D000F00801CDE90118E3469A46BAF1AA
S113AC68020F4CD01788548802F10409AA6C24F006
S113AC7801030F21304603EB0208FFF747FF804525
S113AC883BD827F0010202EB0803834294BF002358
S113AC980123640004F0020407F001072743012F8D
S113ACA84ED0022F35D027BBBBF1000F02D0002BAA
S113ACB840F0D38009F104021768002FCFD105A909
S113ACC83046DDF8088000F05FFB90B9B8F1000F5A
S113ACD8B8D00F213046FFF719FF0E21024630463F
S113ACE8FFF73CFF6C4A0F213046FFF737FF072078
S113ACF800E0092009B0BDE8F08F0023C9E75468D3
S113AD0802F10809B2E7090205918DF81D30032103
S113AD1888E7D9F8004024F00048BBF1000F47D178
S113AD282BB1019B002B5CD0B8F1000F59D0002C3B
S113AD3801DA09F1040908F1010209EB8202BBE70F
S113AD48BBF1000F1CD1C3B1D9F80430D9F80020E5
S113AD58991C4FEAD272CCD005F1580401330494FB
S113AD6800F08E8009F10400FFF7BCFD04AB014636
S113AD782846AFF30080002859D109F108029BE75F
S113AD880D213046FFF7C2FE2C6A8442F5D1AB6A26
S113AD989945F2D14846FFF7DBFC0F2102463046BD
S113ADA8FFF7DCFE2A4600213046FFF7D7FE9EE770
S113ADB80D213046FFF7AAFE2F6A8742B7D1AB6A46
S113ADC89945B4D100240423C5E90B434B44C5F881
S113ADD828806B63D9F80030A34258DB012302931F
S113ADE8A9E705F15803CDF80CB009F10407B346F7
S113ADF800241E460BE038460496FFF773FD002234
S113AE08014604AB2846AFF300800437F8B944453B
S113AE1804F10104EFD10D215846FFF777FE049B96
S113AE28C5F828900246C5E90823062062E70446C7
S113AE380D213046FFF76AFE049E2862022C04BFE7
S113AE48EE6205F12C06C5E90969062052E75E465B
S113AE58D9F80040DDF80CB069E74846FFF778FCFC
S113AE6809F104030446AB632846AFF300800028C5
S113AE783FF43FAF22460F213046FFF76FFE36E717
S113AE8830460D21FFF742FE26462862DBE708F12B
S113AE98010209EB82007EE7000000000023FFF7AF
S113AEA8ABBE00BF0123FFF7A7BE00BF0223FFF715
S113AEB8A3BE00BF2DE9F0410646C4B014460529D7
S113AEC800F2D880DFE811F012002D00D6006C00E3
S113AED891000600836B002C40F0CC8053F8042BBF
S113AEE842648363002044B0BDE8F081002B40F045
S113AEF8C180856B1FFA84FC012006F1040E00FA58
S113AF0803F111EA0C0F2A4604D052F8041B4EF838
S113AF18231015460133102BF1D1A704E2D4B563ED
S113AF28E0E7012B4FEA1447A4B200F08380052B15
S113AF3840F0A08007EB0408B8F1200F00F29A80D3
S113AF480F2F40F29980002CCCD00268500700F1F2
S113AF581881019302AD284600F044F94FEA440CE5
S113AF68A7F11000B16B019B0CF1FF3C05EBC0008D
S113AF780CF1010C043801EB8C0251F8044B40F835
S113AF88044F9142F9D1012B00F0DE800F2FB163F9
S113AF9802D822A800F01AF9284600F01FF9A1E700
S113AFA8032B67D1A7B207EB1443102B4FEA1444C1
S113AFB860D80368190700F1BF8022AD284600F065
S113AFC837F97A00B06B05EBC404531E42B1011B78
S113AFD8625844F8042B013B5A1CF9D100EBC70012
S113AFE8B063284600F002F97CE7002B42D1102C0C
S113AFF840D80368DD0600F1978022AD284600F0AA
S113B00843F9B76B294600234FF0010C0CFA03F2FD
S113B0182242384603F1010303D050F8042B0A6096
S113B0280746042B01F10401F0D1B763284600F068
S113B03821F957E73A19102A1CD8102F1AD0026898
S113B048D00708D5304622F0030240F8502B01936C
S113B05800F0B8F8019B019322AD284600F0B2F83D
S113B068B26B019B002C58D10432B263284600F01D
S113B078A5F837E7022036E7B8F1100F026865D95A
S113B088D40772D522F0010242F0020240F8502B94
S113B098019300F09FF83268019B12F0040F66D107
S113B0A822AD2846019300F095F802A800F09AF81A
S113B0B8C7F110014900B26B019BA8F1100C4C1E9A
S113B0C805EBC7000134043802EB840152F8044B41
S113B0D840F8044F8A42F9D1BCF1000F5AD0102F1E
S113B0E8384638BF10204FEA4C0C103802AD0CF12A
S113B0F8FF3C05EBC0003BE7304622F0010242F07A
S113B108020240F8502B22AD019300F063F8284660
S113B11800F060F8B26B24B3019B6400013C05EBBA
S113B128C7004FF0000CCDE723F01003036000F5CF
S113B138EC7000F0A9F860E723F00803036000F559
S113B148AC7000F075F838E722AD8DE7D107D3D499
S113B15822AD2846019300F03DF8B26B019B002C08
S113B168DBD1284600F032F8BCE6540798D53046BF
S113B17822F0040240F8D82B019300F033F8019B25
S113B1888EE7304622F0040240F8D82B019300F0F1
S113B19829F8DFE6012B3FF467AF0F2FB2633FF6C0
S113B1A8A1AEDEE700F1340191E838009C46A646DA
S113B1B84CF8045D90E8FF0FE54600BD90EC210BC8
S113B1C8704700BF80EC210B704700BF90EC200B48
S113B1D8704700BF80EC200B704700BFD0EC200BF9
S113B1E8704700BFC0EC200B704700BFF0EC0201B1
S113B1F8F0EC0211F0EC0221F0EC0231F0EC024127
S113B208F0EC0251F0EC0261F0EC0271F0EC028116
S113B218F0EC0291F0EC02A1F0EC02B1F0EC02C106
S113B228F0EC02D1F0EC02E1F0EC02F1704700BF5F
S113B238E0EC0201E0EC0211E0EC0221E0EC023166
S113B248E0EC0241E0EC0251E0EC0261E0EC027156
S113B258E0EC0281E0EC0291E0EC02A1E0EC02B146
S113B268E0EC02C1E0EC02D1E0EC02E1E0EC02F136
S113B278704700BFB0FC0181B0FC0191B0FC01A192
S113B288B0FC01B1704700BFA0FC0181A0FC019192
S113B298A0FC01A1A0FC01B1704700BFEC4600B5B9
S113B2A82DE900502DE9FF1F4FF000032DE90C0094
S113B2B801A9FFF7A9FBDDF840E012B0704700BF11
S113B2C8EC4600B52DE900502DE9FF1F4FF00003AF
S113B2D82DE90C0001A9FFF7D3FBDDF840E012B01B
S113B2E8704700BFEC4600B52DE900502DE9FF1F5B
S113B2F84FF000032DE90C0001A9FFF7E3FBDDF88B
S113B30840E012B0704700BFEC4600B52DE900508C
S113B3182DE9FF1F4FF000032DE90C0001ABFFF7E7
S113B328A7FBDDF840E012B0704700BFEC4600B55B
S113B3382DE900502DE9FF1F4FF000032DE90C0003
S113B34801AAFFF717FCDDF840E012B0704700BF10
S113B358027A03467AB9427AA2B14168013A10B432
S113B3684272086803220C1D1A7202025C60000E05
S113B37810BC1A6070470068013A1A7202021A6017
S113B388000E7047B02070472DE9F043064685B09B
S113B3980D464FF000082846FFF7DAFFB0280446A8
S113B3A800F01C8107065BD500F0F003A02B1AD02F
S113B3B830D8802B00F08280902B27D100F00D0329
S113B3C80D2B23D002AF002300F00F02194600977B
S113B3D83046FFF781FB002300970D2219463046BB
S113B3E8FFF7A2FBD7E7C34303F007034FF47F62D9
S113B3F81A41010702F47F6201D542F48042002316
S113B40819463046FFF756FD0028C4D0092005B078
S113B418BDE8F083B02B68D0C02B3DD1C62800F01E
S113B428CA80C72800F0DF8000F0F803C02B00F0C2
S113B438EC80C82800F0F780C928E7D12846FFF730
S113B44887FF020300F00F0002F470220130024368
S113B458012105233046FFF72DFD00289BD0D5E7B1
S113B4688300DBB21F1D0DF1080900231946CDF82E
S113B47800900D223046FFF72FFB029BCDF8009079
S113B48860064CBFDF1BFF1800230D221946304607
S113B4980297FFF749FB7EE700F0F803D02BB5D1FC
S113B4A800F007020132052342F40022012130464C
S113B4B8FFF700FD00283FF46EAFA7E72846FFF723
S113B4C847FF24022043B0F5004F9FD00401002316
S113B4D8A2B219463046FFF7EDFC002896D114F4C1
S113B4E8004F18BF4FF0010855E7A0F1B103042B32
S113B4F800F2B580DFE803F05529160C030003AA0F
S113B5080023009219460D223046FFF7E5FA42E778
S113B51800231A4605213046FFF7CCFC00283FF4E7
S113B5283AAF73E72846FFF713FF020300F00F0052
S113B538013002F470220123024319463046FFF712
S113B548B9FC00283FF427AF60E700230DF1080990
S113B5580D221946CDF800903046FFF7BDFA28466B
S113B568FFF7F6FE0206029C4FF002070BD500F027
S113B5787F00B840044428460294FFF7E9FE030616
S113B58807F10707F3D4B840002304F50174044411
S113B598CDF800900D22194630460294FFF7C4FAFC
S113B5A8F9E62846FFF7D4FE431EDBB20E2B02460B
S113B5B87FF625AF2AE72846FFF7CAFE020300F004
S113B5C80F00013002F47022032302431946304667
S113B5D8FFF770FC00283FF4DEAE17E7B8F1000F60
S113B5E82DD0002013E72846FFF7B2FE431EDBB236
S113B5F80E2B02463FF60AAF002304213046FFF71C
S113B60859FC00283FF4C7AE00E700F00F020132EE
S113B618032342F4202219463046FFF74BFC002846
S113B6283FF4B9AEF2E62846FFF792FE00F0F002C6
S113B63800F00F031032013343EA023208E702AC88
S113B6484346414600940E223046FFF745FA0F223E
S113B6580094434641463046FFF766FAC1E700F0D6
S113B668FC03B42B3FF4D2AE00F0070201320123ED
S113B67842F4002219463046FFF71CFC00283FF428
S113B6888AAEC3E608B5062000F042F8012000F0AF
S113B6987FF8000010B504460448134620B10A4652
S113B6A802202146AFF3008010BD00BF0000000057
S113B6B802440346934200D1704703F8011BF9E79B
S113B6C81F2938B505460C4604D9162303604FF0E4
S113B6D8FF3038BDC26B12B152F821304BB928463D
S113B6E800F030F8224601462846BDE8384000F00C
S113B6F817B8012B0AD0591C03D116230360012063
S113B708E7E7002142F82410204698470020E0E7A4
S113B718024B01461868FFF7D3BF00BF140000208E
S113B72838B5074D00230446084611462B6000F03F
S113B73827F8431C02D12B6803B1236038BD00BF2E
S113B7483429002000F014B8014B1868704700BF72
S113B758140000200A44914200F1FF3300D17047DD
S113B76810B511F8014B03F8014F9142F9D110BDFE
S113B778024B58221A604FF0FF30704734290020DA
S113B788024B58221A604FF0FF30704734290020CA
S113B798FEE700BF010002000800100020000000BE
S113B7A8350A0000490D00005D0C0000810C000002
S113B7B8E1090000050A0000B90C0000210A000094
S113B7C8250A0000790B0000010D0000290A000079
S113B7D8A90D0000C10E0000410F0000850F0000F4
S113B7E8B50F0000BD0F0000011400002D12000069
S113B7F8FD1100007D1400007D100000851000007C
S113B80891100000AD1400000204030404040000B5
S113B818DD1C0000291A0000F11C0000FD1C0000BA
S113B828E11A0000251B0000311A00007D1A0000EF
S113B838A11A0000C91A0000091B00004D1A0000D3
S113B848611A0000B11F0000751E00007D1E000073
S113B858D11E0000151F0000211F0000C51E000096
S113B868A51D0000591F0000651F0000AD1F000042
S113B878B52700007927000091270000A5270000BC
S113B8880D250000192500004021002024BA0000DD
S113B89818B8000048210020A8B80000DCB7000050
S113B8A80103110103000000C5740000000000003A
S113B8B8BCB800000000000058210020CCB80000EB
S113B8C84CB800000102000000000C010C020C033B
S113B8D80000000000000000D17300000000000018
S113B8E8ECB8000000010000040000200F00FFFF76
S113B8F800000000FFFF0000882100200CB90000B0
S113B9084CB800000202000000040C050C060C07E9
S113B9180000000000000000F573000000000000B3
S113B9282CB9000000010000080000200F00FFFFF0
S113B93800000000FFFF0000B82100204CB90000FF
S113B94878B800000108090A0B000000060001018C
S113B958000000000000000000000000694300002F
S113B9680000000070B900000100000000000000A1
S113B9780000000000000000E82100208CB900004D
S113B988F0B7000001000000801A06002C00000037
S113B99801000C0D0E0F0000000000000000000064
S113B9A8396D000000000000B4B900000101010F66
S113B9B81000000028220020C8B90000A8B7000021
S113B9C800000000007D000000000000803E000030
S113B9D8010F1000B174000000000000E8B9000075
S113B9E8000000010000000148220020FCB900000A
S113B9F8A8B7000000000000409C000003000000FD
S113BA08204E000000071200197400000000000016
S113BA181CBA00000000000100000001130000002F
S113BA2830BA000000000000000401070001000013
S113BA3800040107010100000040000004010000A7
S113BA4804040000070100000000010008010000D0
S113BA580000010609010000000001060A010000B7
S113BA68000001060B010000150400000C01000091
S113BA78000001090C020000000001090D02000089
S113BA88000001000003000000000104010300009D
S113BA980000010402030000000001130704000071
S113BAA80000010501050000000001050205000071
S113BAB8000001130E090000000001130F09000023
S113BAC89E9FA0A1A3A4A5A6B2B3B6B53A3B3C3D9C
S113BAD821021E002D4300003143000035430000BD
S113BAE8394300003D430000414300004543000042
S113BAF8494300004D4300005143000055430000F2
S113BB08594300005D4300006143000065430000A1
S113BB182D42000029430000803E401FA00FD0079B
S113BB28E803F40164003200FF07FF0FFF1FFF3F23
S113BB383333834133330342000083420000034319
S113BB4800008343000003440000834400000345CD
S113BB58657272203D3D204653505F53554343451B
S113BB6853530000766F696420696E697469616C67
S113BB78697A6553656E736F727328290000000033
S113BB88453A2F466F6C646572732F446F63756D05
S113BB98656E74732F4465762F52656E6573617391
S113BBA82F5241344D312F41726D73796E635F4169
S113BBB8726D494D552F7372632F6370705F6D6199
S113BBC8696E2E6370700000766F696420696E690F
S113BBD87469616C697A65506572697068657261C7
S113BBE86C73282900000000766F696420696E6907
S113BBF87469616C697A6554696D65727328290082
S113BC08FB21F93FFB2109407CD91240FB21194053
S113BC187A6A1F407CD92240BBFD2540FB2129407C
S113BC283A462C407A6A2F405C4731407CD93240EE
S113BC389C6B3440BBFD3540DB8F3740FB213940DA
S113BC481BB43A403A463C405AD83D407A6A3F4091
S113BC584C7E40405C4741406C1042407CD9424095
S113BC688CA243409C6B4440AC344540BBFD4540EA
S113BC78CBC64640DB8F4740EB584840FB21494040
S113BC8883F9A200444E6E00FC291500D157270001
S113BC98DD34F50062DBC0003C9995004190430017
S113BCA86351FE00BBDEAB00B761C5003A6E2400E9
S113BCB8D24D42004906E00009EA2E001C92D10048
S113BCC8EB1DFE0029B11C00E83EA700F5358200F3
S113BCD844BB2E009CE98400B4267000417E5F00BA
S113BCE8D6913900538339009CF439008B5F840062
S113BCF828F9BD00F81F3B00DEFF97000F980500E8
S113BD08112FEF000A5A8B006D1F6D00CF7E36008D
S113BD1809CB2700464FB7009E663F002DEA5F0017
S113BD28BA277500E5EBC7003D7BF100F73907003A
S113BD3892528A00FB6BEA001FB15F00085D8D0018
S113BD48300356007BFC4600F0AB6B0020BCCF00F0
S113BD5836F49A00E3A91D005E619100081BE60011
S113BD6885996500A0145F008D40680080D8FF00A5
S113BD7827734D0006063100CA561500C9A873007A
S113BD887BE260006B8CC00000000080DB0F494040
S113BD98DB0F49C0DB0F49BFE4CB1640E4CB16C028
S113BDA8000FC93F000F494000CB9640000FC9401F
S113BDB80053FB4000CB164100ED2F41000F4941D1
S113BDC80031624100537B41003A8A4100CB9641DD
S113BDD8005CA34100EDAF41007EBC41000FC941A6
S113BDE800A0D5410031E24100C2EE410053FB41BD
S113BDF800F20342003A0A420083104200CB164282
S113BE0800141D42005C234200A5294200ED2F4284
S113BE1800363642007E3C4200C74242000F494287
S113BE28A2000000F9000000830000006E0000007A
S113BE384E00000044000000150000002900000026
S113BE48FC0000002700000057000000D10000009B
S113BE58F500000034000000DD000000C000000010
S113BE68DB0000006200000095000000990000005B
S113BE783C00000043000000900000004100000066
S113BE88FE0000005100000063000000AB00000049
S113BE98DE000000BB000000C500000061000000D7
S113BEA8B7000000240000006E0000003A00000003
S113BEB8420000004D000000D2000000E000000035
S113BEC806000000490000002E000000EA000000FF
S113BED809000000D1000000920000001C000000CE
S113BEE8FE0000001D000000EB0000001C00000024
S113BEF8B100000029000000A70000003E00000077
S113BF08E80000008200000035000000F500000091
S113BF182E000000BB000000440000008400000064
S113BF28E90000009C0000007000000026000000EA
S113BF38B40000005F0000007E0000004100000023
S113BF483900000091000000D6000000390000000C
S113BF58830000005300000039000000F4000000D2
S113BF689C000000840000005F0000008B000000BB
S113BF78BD000000F9000000280000003B0000009C
S113BF881F000000F800000097000000FF000000F8
S113BF98DE00000005000000980000000F0000000B
S113BFA8EF0000002F000000110000008B000000CB
S113BFB85A0000000A0000006D0000001F00000085
S113BFC86D000000360000007E000000CF00000075
S113BFD827000000CB00000009000000B7000000A3
S113BFE84F000000460000003F000000660000000B
S113BFF89E0000005F000000EA0000002D00000021
S113C0087500000027000000BA000000C700000007
S113C018EB000000E5000000F10000007B000000D8
S113C0283D0000000700000039000000F700000090
S113C0388A0000005200000092000000EA0000009C
S113C0486B000000FB0000005F000000B10000006E
S113C0581F0000008D0000005D00000008000000C3
S113C06856000000030000003000000046000000F5
S113C078FC0000007B0000006B000000AB00000027
S113C088F0000000CF000000BC0000002000000009
S113C0989A000000F4000000360000001D000000B3
S113C0A8A9000000E3000000910000006100000006
S113C0B85E000000E60000001B000000080000000D
S113C0C86500000099000000850000005F00000082
S113C0D814000000A00000006800000040000000F8
S113C0E88D000000FF000000D80000008000000060
S113C0F84D0000007300000027000000310000001C
S113C10806000000060000001500000056000000AC
S113C118CA00000073000000A8000000C900000065
S113C12860000000E20000007B000000C000000086
S113C1388C0000006B0000006937AC3168212233A1
S113C148B40F14336821A2333863ED3EDA0F493F44
S113C1585E987B3FDA0FC93F00000040FB21F93F9E
S113C168000000002D44743E000000809846F83C0E
S113C1780000006051CC783B00000080831BF0393C
S113C1880000004020257A38000000802282E3362F
S113C198000000001DF369350200000003000000E0
S113C1A804000000060000000000C93F0000F03948
S113C1B80000DA370000A2330000842E0000502B60
S113C1C80000C2270000D0220000C41F0000C61BC4
S113C1D800004417040000000700000009000000E4
S113C1E84275696C7420776974682052656E65734A
S113C1F8617320416476616E63656420466C65787A
S113C20869626C6520536F6674776172652050614A
S113C218636B6167652076657273696F6E20362E6D
S113C228342E3000362E342E300000000000040670
S107C238F8B500BF92
S107C23CF8B500BF8E
S10BC240110500002179000042
S107C248E904000001
S113C24CC9040181B0B0AD820000000008B10181C5
S113C25CB0B000840000000008B10181B0B00084CB
S113C26C0000000082C90181008408B100000000B4
S113C27C5C6BFF7F01000000AC7FFF7FB0A90280E4
S113C28C1480FF7FB0AD02809480FF7F010000001A
S113C29C3483FF7FB0AF0A80C486FF7FB0AF0E80BB
S113C2AC308CFF7FB0AB0680888EFF7FB0AF1080E0
S113C2BCE890FF7FB0AF12804493FF7FB0AC058051
S113C2CCC495FF7F7CFFFF7FDC9CFF7F0100000097
S113C2DC349FFF7FEF84058098A2FF7FB0B0AC80C1
S113C2EC6CA3FF7FB0A8018050A4FF7FB0AC038087
S113C2FCD8A5FF7FB0B0A880FCA5FF7FB0AB0480AD
S113C30C98A6FF7FB0B0AE80C8A7FF7FB0AC098001
S113C31C1CAAFF7F01000000BCAAFF7FB0AB028007
S113C32C14ABFF7FB0AB04802CACFF7FB0AB0280AE
S113C33CF8ACFF7F18FFFF7F0CADFF7F01000000FE
S113C34C7CAEFF7FB0A9028088AFFF7F0CFFFF7F1C
S113C35CC8AFFF7FB0B0A8806CB0FF7F01000000B5
S113C36CACB0FF7F00FFFF7F3CB1FF7F01000000FA
S113C37C5CB1FF7FB0AF0A809CB5FF7F0100000069
S113C38C70E4FF7FB0A9028000E5FF7FB0B0A88005
S113C39C50E5FF7F0100000058E5FF7FB0B0AA8094
S113C3AC8CE5FF7FAE75B2805CE6FF7FAB3F3A80D5
S113C3BCBCE6FF7F01000000C4E6FF7FB0B0AA809A
S113C3CC00E7FF7F01000000A8E7FF7FAA0FB280FF
S113C3DC24E8FF7FB0AF0880C0EAFF7F01000000B3
S113C3ECD0EAFF7FAC3F0380B8EDFF7F0100000073
S113C3FC94EFFF7FB0AD048088F2FF7F0100000052
S9030539BE
