2026-07-15 17:55:08,863 INFO  Logger.cs: 70 - 
--------------------------------------------------------------------------------
2026-07-15 17:55:08,880 INFO  Logger.cs: 71 - Logging commencing for SW2URDF exporter
2026-07-15 17:55:08,881 INFO  Logger.cs: 73 - Commit version 1.6.0-4-g7f85cfe
2026-07-15 17:55:08,881 INFO  Logger.cs: 74 - Build version 1.6.7995.38578
2026-07-15 17:55:08,902 INFO  SwAddin.cs: 192 - Attempting to connect to SW
2026-07-15 17:55:08,903 INFO  SwAddin.cs: 197 - Setting up callbacks
2026-07-15 17:55:08,903 INFO  SwAddin.cs: 201 - Setting up command manager
2026-07-15 17:55:08,904 INFO  SwAddin.cs: 204 - Adding command manager
2026-07-15 17:55:08,905 INFO  SwAddin.cs: 263 - Adding Assembly export to file menu
2026-07-15 17:55:08,906 INFO  SwAddin.cs: 272 - Adding Part export to file menu
2026-07-15 17:55:08,906 INFO  SwAddin.cs: 210 - Adding event handlers
2026-07-15 17:55:08,915 INFO  SwAddin.cs: 217 - Connecting plugin to SolidWorks
2026-07-15 17:56:02,598 INFO  SwAddin.cs: 294 - Assembly export called for file Arm_Assemble.SLDASM
2026-07-15 17:56:06,555 INFO  SwAddin.cs: 313 - Saving assembly
2026-07-15 17:56:07,786 INFO  SwAddin.cs: 316 - Opening property manager
2026-07-15 17:56:07,795 INFO  ExportHelperExtension.cs: 1125 - Retrieving features of type [CoordSys] from Arm_Assemble.SLDASM
2026-07-15 17:56:07,800 INFO  ExportHelperExtension.cs: 1136 - Found 402 in Arm_Assemble.SLDASM
2026-07-15 17:56:07,801 INFO  ExportHelperExtension.cs: 1145 - Found 0 features of type [CoordSys] in Arm_Assemble.SLDASM
2026-07-15 17:56:07,801 INFO  ExportHelperExtension.cs: 1148 - Proceeding through assembly components
2026-07-15 17:56:07,802 INFO  ExportHelperExtension.cs: 1160 - 43 components to check
2026-07-15 17:56:07,803 INFO  ExportHelperExtension.cs: 1125 - Retrieving features of type [CoordSys] from ZDT_X42_L40Motor.STEP-1
2026-07-15 17:56:07,803 INFO  ExportHelperExtension.cs: 1136 - Found 34 in ZDT_X42_L40Motor.STEP-1
2026-07-15 17:56:07,803 INFO  ExportHelperExtension.cs: 1145 - Found 0 features of type [CoordSys] in ZDT_X42_L40Motor.STEP-1
2026-07-15 17:56:07,805 INFO  ExportHelperExtension.cs: 1125 - Retrieving features of type [CoordSys] from Gripper_Assembly-1
2026-07-15 17:56:07,805 INFO  ExportHelperExtension.cs: 1136 - Found 46 in Gripper_Assembly-1
2026-07-15 17:56:07,805 INFO  ExportHelperExtension.cs: 1145 - Found 0 features of type [CoordSys] in Gripper_Assembly-1
2026-07-15 17:56:07,805 INFO  ExportHelperExtension.cs: 1125 - Retrieving features of type [CoordSys] from Wrist-1
2026-07-15 17:56:07,806 INFO  ExportHelperExtension.cs: 1136 - Found 48 in Wrist-1
2026-07-15 17:56:07,806 INFO  ExportHelperExtension.cs: 1145 - Found 0 features of type [CoordSys] in Wrist-1
2026-07-15 17:56:07,806 INFO  ExportHelperExtension.cs: 1125 - Retrieving features of type [CoordSys] from 涨紧套Z21 8X18X11 REF-1
2026-07-15 17:56:07,806 INFO  ExportHelperExtension.cs: 1136 - Found 25 in 涨紧套Z21 8X18X11 REF-1
2026-07-15 17:56:07,807 INFO  ExportHelperExtension.cs: 1145 - Found 0 features of type [CoordSys] in 涨紧套Z21 8X18X11 REF-1
2026-07-15 17:56:07,807 INFO  ExportHelperExtension.cs: 1125 - Retrieving features of type [CoordSys] from Forearm dn-1
2026-07-15 17:56:07,807 INFO  ExportHelperExtension.cs: 1136 - Found 51 in Forearm dn-1
2026-07-15 17:56:07,807 INFO  ExportHelperExtension.cs: 1145 - Found 0 features of type [CoordSys] in Forearm dn-1
2026-07-15 17:56:07,808 INFO  ExportHelperExtension.cs: 1125 - Retrieving features of type [CoordSys] from 42减速器 圆法兰 一级速比 REF-1
2026-07-15 17:56:07,808 INFO  ExportHelperExtension.cs: 1136 - Found 42 in 42减速器 圆法兰 一级速比 REF-1
2026-07-15 17:56:07,808 INFO  ExportHelperExtension.cs: 1145 - Found 0 features of type [CoordSys] in 42减速器 圆法兰 一级速比 REF-1
2026-07-15 17:56:07,809 INFO  ExportHelperExtension.cs: 1125 - Retrieving features of type [CoordSys] from ZDT_X42_L34Motor.STEP-1
2026-07-15 17:56:07,809 INFO  ExportHelperExtension.cs: 1136 - Found 34 in ZDT_X42_L34Motor.STEP-1
2026-07-15 17:56:07,809 INFO  ExportHelperExtension.cs: 1145 - Found 0 features of type [CoordSys] in ZDT_X42_L34Motor.STEP-1
2026-07-15 17:56:07,809 INFO  ExportHelperExtension.cs: 1125 - Retrieving features of type [CoordSys] from 42减速器 方法兰 二级速比(15+) REF-1
2026-07-15 17:56:07,810 INFO  ExportHelperExtension.cs: 1136 - Found 44 in 42减速器 方法兰 二级速比(15+) REF-1
2026-07-15 17:56:07,810 INFO  ExportHelperExtension.cs: 1145 - Found 0 features of type [CoordSys] in 42减速器 方法兰 二级速比(15+) REF-1
2026-07-15 17:56:07,810 INFO  ExportHelperExtension.cs: 1125 - Retrieving features of type [CoordSys] from 联轴器 D19d4 L20 REF-1
2026-07-15 17:56:07,810 INFO  ExportHelperExtension.cs: 1136 - Found 44 in 联轴器 D19d4 L20 REF-1
2026-07-15 17:56:07,811 INFO  ExportHelperExtension.cs: 1145 - Found 0 features of type [CoordSys] in 联轴器 D19d4 L20 REF-1
2026-07-15 17:56:07,811 INFO  ExportHelperExtension.cs: 1125 - Retrieving features of type [CoordSys] from OYU-8-6060-1
2026-07-15 17:56:07,811 INFO  ExportHelperExtension.cs: 1136 - Found 25 in OYU-8-6060-1
2026-07-15 17:56:07,811 INFO  ExportHelperExtension.cs: 1145 - Found 0 features of type [CoordSys] in OYU-8-6060-1
2026-07-15 17:56:07,812 INFO  ExportHelperExtension.cs: 1125 - Retrieving features of type [CoordSys] from 57减速器 方法兰 二级速比(15+) REF-1
2026-07-15 17:56:07,812 INFO  ExportHelperExtension.cs: 1136 - Found 40 in 57减速器 方法兰 二级速比(15+) REF-1
2026-07-15 17:56:07,812 INFO  ExportHelperExtension.cs: 1145 - Found 0 features of type [CoordSys] in 57减速器 方法兰 二级速比(15+) REF-1
2026-07-15 17:56:07,812 INFO  ExportHelperExtension.cs: 1125 - Retrieving features of type [CoordSys] from 6060 Cotter pin-3
2026-07-15 17:56:07,813 INFO  ExportHelperExtension.cs: 1136 - Found 29 in 6060 Cotter pin-3
2026-07-15 17:56:07,813 INFO  ExportHelperExtension.cs: 1145 - Found 0 features of type [CoordSys] in 6060 Cotter pin-3
2026-07-15 17:56:07,813 INFO  ExportHelperExtension.cs: 1125 - Retrieving features of type [CoordSys] from 42减速器 圆法兰 一级速比 REF-2
2026-07-15 17:56:07,813 INFO  ExportHelperExtension.cs: 1136 - Found 42 in 42减速器 圆法兰 一级速比 REF-2
2026-07-15 17:56:07,814 INFO  ExportHelperExtension.cs: 1145 - Found 0 features of type [CoordSys] in 42减速器 圆法兰 一级速比 REF-2
2026-07-15 17:56:07,814 INFO  ExportHelperExtension.cs: 1125 - Retrieving features of type [CoordSys] from Upperarm dn - 联轴器D32d8版本-1
2026-07-15 17:56:07,814 INFO  ExportHelperExtension.cs: 1136 - Found 88 in Upperarm dn - 联轴器D32d8版本-1
2026-07-15 17:56:07,815 INFO  ExportHelperExtension.cs: 1145 - Found 0 features of type [CoordSys] in Upperarm dn - 联轴器D32d8版本-1
2026-07-15 17:56:07,815 INFO  ExportHelperExtension.cs: 1125 - Retrieving features of type [CoordSys] from ZDT_X42_L40Motor.STEP-2
2026-07-15 17:56:07,815 INFO  ExportHelperExtension.cs: 1136 - Found 34 in ZDT_X42_L40Motor.STEP-2
2026-07-15 17:56:07,815 INFO  ExportHelperExtension.cs: 1145 - Found 0 features of type [CoordSys] in ZDT_X42_L40Motor.STEP-2
2026-07-15 17:56:07,815 INFO  ExportHelperExtension.cs: 1125 - Retrieving features of type [CoordSys] from 42减速器 圆法兰 一级速比 REF-3
2026-07-15 17:56:07,816 INFO  ExportHelperExtension.cs: 1136 - Found 42 in 42减速器 圆法兰 一级速比 REF-3
2026-07-15 17:56:07,816 INFO  ExportHelperExtension.cs: 1145 - Found 0 features of type [CoordSys] in 42减速器 圆法兰 一级速比 REF-3
2026-07-15 17:56:07,816 INFO  ExportHelperExtension.cs: 1125 - Retrieving features of type [CoordSys] from ZDT_X42_L60Motor.STEP-2
2026-07-15 17:56:07,816 INFO  ExportHelperExtension.cs: 1136 - Found 34 in ZDT_X42_L60Motor.STEP-2
2026-07-15 17:56:07,817 INFO  ExportHelperExtension.cs: 1145 - Found 0 features of type [CoordSys] in ZDT_X42_L60Motor.STEP-2
2026-07-15 17:56:07,817 INFO  ExportHelperExtension.cs: 1125 - Retrieving features of type [CoordSys] from Forearm up - 联轴器D32d8版本-1
2026-07-15 17:56:07,817 INFO  ExportHelperExtension.cs: 1136 - Found 59 in Forearm up - 联轴器D32d8版本-1
2026-07-15 17:56:07,817 INFO  ExportHelperExtension.cs: 1145 - Found 0 features of type [CoordSys] in Forearm up - 联轴器D32d8版本-1
2026-07-15 17:56:07,818 INFO  ExportHelperExtension.cs: 1125 - Retrieving features of type [CoordSys] from J1 Base-1
2026-07-15 17:56:07,818 INFO  ExportHelperExtension.cs: 1136 - Found 66 in J1 Base-1
2026-07-15 17:56:07,818 INFO  ExportHelperExtension.cs: 1145 - Found 0 features of type [CoordSys] in J1 Base-1
2026-07-15 17:56:07,818 INFO  ExportHelperExtension.cs: 1125 - Retrieving features of type [CoordSys] from ZDT_X57_L76Motor.STEP-1
2026-07-15 17:56:07,819 INFO  ExportHelperExtension.cs: 1136 - Found 34 in ZDT_X57_L76Motor.STEP-1
2026-07-15 17:56:07,819 INFO  ExportHelperExtension.cs: 1145 - Found 0 features of type [CoordSys] in ZDT_X57_L76Motor.STEP-1
2026-07-15 17:56:07,819 INFO  ExportHelperExtension.cs: 1125 - Retrieving features of type [CoordSys] from 6060 Cotter pin-1
2026-07-15 17:56:07,819 INFO  ExportHelperExtension.cs: 1136 - Found 29 in 6060 Cotter pin-1
2026-07-15 17:56:07,819 INFO  ExportHelperExtension.cs: 1145 - Found 0 features of type [CoordSys] in 6060 Cotter pin-1
2026-07-15 17:56:07,820 INFO  ExportHelperExtension.cs: 1125 - Retrieving features of type [CoordSys] from 6060 Cotter pin-2
2026-07-15 17:56:07,820 INFO  ExportHelperExtension.cs: 1136 - Found 29 in 6060 Cotter pin-2
2026-07-15 17:56:07,820 INFO  ExportHelperExtension.cs: 1145 - Found 0 features of type [CoordSys] in 6060 Cotter pin-2
2026-07-15 17:56:07,820 INFO  ExportHelperExtension.cs: 1125 - Retrieving features of type [CoordSys] from 6060 Cotter pin-4
2026-07-15 17:56:07,820 INFO  ExportHelperExtension.cs: 1136 - Found 29 in 6060 Cotter pin-4
2026-07-15 17:56:07,821 INFO  ExportHelperExtension.cs: 1145 - Found 0 features of type [CoordSys] in 6060 Cotter pin-4
2026-07-15 17:56:07,821 INFO  ExportHelperExtension.cs: 1125 - Retrieving features of type [CoordSys] from ZDT_X42_L48Motor.STEP-3
2026-07-15 17:56:07,821 INFO  ExportHelperExtension.cs: 1136 - Found 34 in ZDT_X42_L48Motor.STEP-3
2026-07-15 17:56:07,821 INFO  ExportHelperExtension.cs: 1145 - Found 0 features of type [CoordSys] in ZDT_X42_L48Motor.STEP-3
2026-07-15 17:56:07,822 INFO  ExportHelperExtension.cs: 1125 - Retrieving features of type [CoordSys] from socket head cap screw_ai-1
2026-07-15 17:56:07,822 INFO  ExportHelperExtension.cs: 1136 - Found 46 in socket head cap screw_ai-1
2026-07-15 17:56:07,822 INFO  ExportHelperExtension.cs: 1145 - Found 0 features of type [CoordSys] in socket head cap screw_ai-1
2026-07-15 17:56:07,822 INFO  ExportHelperExtension.cs: 1125 - Retrieving features of type [CoordSys] from socket head cap screw_ai-2
2026-07-15 17:56:07,823 INFO  ExportHelperExtension.cs: 1136 - Found 46 in socket head cap screw_ai-2
2026-07-15 17:56:07,823 INFO  ExportHelperExtension.cs: 1145 - Found 0 features of type [CoordSys] in socket head cap screw_ai-2
2026-07-15 17:56:07,823 INFO  ExportHelperExtension.cs: 1125 - Retrieving features of type [CoordSys] from socket head cap screw_ai-4
2026-07-15 17:56:07,823 INFO  ExportHelperExtension.cs: 1136 - Found 46 in socket head cap screw_ai-4
2026-07-15 17:56:07,823 INFO  ExportHelperExtension.cs: 1145 - Found 0 features of type [CoordSys] in socket head cap screw_ai-4
2026-07-15 17:56:07,824 INFO  ExportHelperExtension.cs: 1125 - Retrieving features of type [CoordSys] from socket head cap screw_ai-3
2026-07-15 17:56:07,824 INFO  ExportHelperExtension.cs: 1136 - Found 46 in socket head cap screw_ai-3
2026-07-15 17:56:07,824 INFO  ExportHelperExtension.cs: 1145 - Found 0 features of type [CoordSys] in socket head cap screw_ai-3
2026-07-15 17:56:07,824 INFO  ExportHelperExtension.cs: 1125 - Retrieving features of type [CoordSys] from ZDT_X42_L48Motor.STEP-2
2026-07-15 17:56:07,825 INFO  ExportHelperExtension.cs: 1136 - Found 34 in ZDT_X42_L48Motor.STEP-2
2026-07-15 17:56:07,825 INFO  ExportHelperExtension.cs: 1145 - Found 0 features of type [CoordSys] in ZDT_X42_L48Motor.STEP-2
2026-07-15 17:56:07,825 INFO  ExportHelperExtension.cs: 1125 - Retrieving features of type [CoordSys] from socket head cap screw_ai-13
2026-07-15 17:56:07,830 INFO  ExportHelperExtension.cs: 1136 - Found 46 in socket head cap screw_ai-13
2026-07-15 17:56:07,831 INFO  ExportHelperExtension.cs: 1145 - Found 0 features of type [CoordSys] in socket head cap screw_ai-13
2026-07-15 17:56:07,831 INFO  ExportHelperExtension.cs: 1125 - Retrieving features of type [CoordSys] from Upperarm up - 联轴器D32d8版本-1
2026-07-15 17:56:07,956 INFO  ExportHelperExtension.cs: 1136 - Found 82 in Upperarm up - 联轴器D32d8版本-1
2026-07-15 17:56:07,957 INFO  ExportHelperExtension.cs: 1145 - Found 0 features of type [CoordSys] in Upperarm up - 联轴器D32d8版本-1
2026-07-15 17:56:07,957 INFO  ExportHelperExtension.cs: 1125 - Retrieving features of type [CoordSys] from 联轴器 D32d8 L28 REF-2
2026-07-15 17:56:07,957 INFO  ExportHelperExtension.cs: 1136 - Found 44 in 联轴器 D32d8 L28 REF-2
2026-07-15 17:56:07,958 INFO  ExportHelperExtension.cs: 1145 - Found 0 features of type [CoordSys] in 联轴器 D32d8 L28 REF-2
2026-07-15 17:56:07,958 INFO  ExportHelperExtension.cs: 1125 - Retrieving features of type [CoordSys] from socket head cap screw_ai-7
2026-07-15 17:56:07,958 INFO  ExportHelperExtension.cs: 1136 - Found 46 in socket head cap screw_ai-7
2026-07-15 17:56:07,958 INFO  ExportHelperExtension.cs: 1145 - Found 0 features of type [CoordSys] in socket head cap screw_ai-7
2026-07-15 17:56:07,959 INFO  ExportHelperExtension.cs: 1125 - Retrieving features of type [CoordSys] from socket head cap screw_ai-11
2026-07-15 17:56:07,959 INFO  ExportHelperExtension.cs: 1136 - Found 46 in socket head cap screw_ai-11
2026-07-15 17:56:07,959 INFO  ExportHelperExtension.cs: 1145 - Found 0 features of type [CoordSys] in socket head cap screw_ai-11
2026-07-15 17:56:07,959 INFO  ExportHelperExtension.cs: 1125 - Retrieving features of type [CoordSys] from socket head cap screw_ai-8
2026-07-15 17:56:07,959 INFO  ExportHelperExtension.cs: 1136 - Found 46 in socket head cap screw_ai-8
2026-07-15 17:56:07,960 INFO  ExportHelperExtension.cs: 1145 - Found 0 features of type [CoordSys] in socket head cap screw_ai-8
2026-07-15 17:56:07,960 INFO  ExportHelperExtension.cs: 1125 - Retrieving features of type [CoordSys] from socket head cap screw_ai-14
2026-07-15 17:56:07,960 INFO  ExportHelperExtension.cs: 1136 - Found 46 in socket head cap screw_ai-14
2026-07-15 17:56:07,960 INFO  ExportHelperExtension.cs: 1145 - Found 0 features of type [CoordSys] in socket head cap screw_ai-14
2026-07-15 17:56:07,961 INFO  ExportHelperExtension.cs: 1125 - Retrieving features of type [CoordSys] from socket head cap screw_ai-6
2026-07-15 17:56:07,961 INFO  ExportHelperExtension.cs: 1136 - Found 46 in socket head cap screw_ai-6
2026-07-15 17:56:07,961 INFO  ExportHelperExtension.cs: 1145 - Found 0 features of type [CoordSys] in socket head cap screw_ai-6
2026-07-15 17:56:07,961 INFO  ExportHelperExtension.cs: 1125 - Retrieving features of type [CoordSys] from 联轴器 D32d14 L28 REF-1
2026-07-15 17:56:07,961 INFO  ExportHelperExtension.cs: 1136 - Found 44 in 联轴器 D32d14 L28 REF-1
2026-07-15 17:56:07,962 INFO  ExportHelperExtension.cs: 1145 - Found 0 features of type [CoordSys] in 联轴器 D32d14 L28 REF-1
2026-07-15 17:56:07,962 INFO  ExportHelperExtension.cs: 1125 - Retrieving features of type [CoordSys] from socket head cap screw_ai-12
2026-07-15 17:56:07,962 INFO  ExportHelperExtension.cs: 1136 - Found 46 in socket head cap screw_ai-12
2026-07-15 17:56:07,962 INFO  ExportHelperExtension.cs: 1145 - Found 0 features of type [CoordSys] in socket head cap screw_ai-12
2026-07-15 17:56:07,962 INFO  ExportHelperExtension.cs: 1125 - Retrieving features of type [CoordSys] from socket head cap screw_ai-9
2026-07-15 17:56:07,963 INFO  ExportHelperExtension.cs: 1136 - Found 46 in socket head cap screw_ai-9
2026-07-15 17:56:07,963 INFO  ExportHelperExtension.cs: 1145 - Found 0 features of type [CoordSys] in socket head cap screw_ai-9
2026-07-15 17:56:07,963 INFO  ExportHelperExtension.cs: 1125 - Retrieving features of type [CoordSys] from Shoulder - 联轴器D32d14版本-1
2026-07-15 17:56:07,963 INFO  ExportHelperExtension.cs: 1136 - Found 80 in Shoulder - 联轴器D32d14版本-1
2026-07-15 17:56:07,964 INFO  ExportHelperExtension.cs: 1145 - Found 0 features of type [CoordSys] in Shoulder - 联轴器D32d14版本-1
2026-07-15 17:56:07,964 INFO  ExportHelperExtension.cs: 1125 - Retrieving features of type [CoordSys] from 联轴器 D32d8 L28 REF-1
2026-07-15 17:56:07,964 INFO  ExportHelperExtension.cs: 1136 - Found 44 in 联轴器 D32d8 L28 REF-1
2026-07-15 17:56:07,964 INFO  ExportHelperExtension.cs: 1145 - Found 0 features of type [CoordSys] in 联轴器 D32d8 L28 REF-1
2026-07-15 17:56:07,965 INFO  ExportHelperExtension.cs: 1125 - Retrieving features of type [CoordSys] from 联轴器 D32d8 L28 REF-3
2026-07-15 17:56:07,965 INFO  ExportHelperExtension.cs: 1136 - Found 44 in 联轴器 D32d8 L28 REF-3
2026-07-15 17:56:07,965 INFO  ExportHelperExtension.cs: 1145 - Found 0 features of type [CoordSys] in 联轴器 D32d8 L28 REF-3
2026-07-15 17:56:07,965 INFO  ExportHelperExtension.cs: 1125 - Retrieving features of type [RefAxis] from Arm_Assemble.SLDASM
2026-07-15 17:56:07,965 INFO  ExportHelperExtension.cs: 1136 - Found 402 in Arm_Assemble.SLDASM
2026-07-15 17:56:07,966 INFO  ExportHelperExtension.cs: 1145 - Found 0 features of type [RefAxis] in Arm_Assemble.SLDASM
2026-07-15 17:56:07,966 INFO  ExportHelperExtension.cs: 1148 - Proceeding through assembly components
2026-07-15 17:56:07,967 INFO  ExportHelperExtension.cs: 1160 - 43 components to check
2026-07-15 17:56:07,967 INFO  ExportHelperExtension.cs: 1125 - Retrieving features of type [RefAxis] from ZDT_X42_L40Motor.STEP-1
2026-07-15 17:56:07,967 INFO  ExportHelperExtension.cs: 1136 - Found 34 in ZDT_X42_L40Motor.STEP-1
2026-07-15 17:56:07,967 INFO  ExportHelperExtension.cs: 1145 - Found 0 features of type [RefAxis] in ZDT_X42_L40Motor.STEP-1
2026-07-15 17:56:07,968 INFO  ExportHelperExtension.cs: 1125 - Retrieving features of type [RefAxis] from Gripper_Assembly-1
2026-07-15 17:56:07,968 INFO  ExportHelperExtension.cs: 1136 - Found 46 in Gripper_Assembly-1
2026-07-15 17:56:07,968 INFO  ExportHelperExtension.cs: 1145 - Found 0 features of type [RefAxis] in Gripper_Assembly-1
2026-07-15 17:56:07,968 INFO  ExportHelperExtension.cs: 1125 - Retrieving features of type [RefAxis] from Wrist-1
2026-07-15 17:56:07,969 INFO  ExportHelperExtension.cs: 1136 - Found 48 in Wrist-1
2026-07-15 17:56:07,969 INFO  ExportHelperExtension.cs: 1145 - Found 0 features of type [RefAxis] in Wrist-1
2026-07-15 17:56:07,969 INFO  ExportHelperExtension.cs: 1125 - Retrieving features of type [RefAxis] from 涨紧套Z21 8X18X11 REF-1
2026-07-15 17:56:07,969 INFO  ExportHelperExtension.cs: 1136 - Found 25 in 涨紧套Z21 8X18X11 REF-1
2026-07-15 17:56:07,969 INFO  ExportHelperExtension.cs: 1145 - Found 0 features of type [RefAxis] in 涨紧套Z21 8X18X11 REF-1
2026-07-15 17:56:07,970 INFO  ExportHelperExtension.cs: 1125 - Retrieving features of type [RefAxis] from Forearm dn-1
2026-07-15 17:56:07,970 INFO  ExportHelperExtension.cs: 1136 - Found 51 in Forearm dn-1
2026-07-15 17:56:07,970 INFO  ExportHelperExtension.cs: 1145 - Found 0 features of type [RefAxis] in Forearm dn-1
2026-07-15 17:56:07,970 INFO  ExportHelperExtension.cs: 1125 - Retrieving features of type [RefAxis] from 42减速器 圆法兰 一级速比 REF-1
2026-07-15 17:56:07,971 INFO  ExportHelperExtension.cs: 1136 - Found 42 in 42减速器 圆法兰 一级速比 REF-1
2026-07-15 17:56:07,971 INFO  ExportHelperExtension.cs: 1145 - Found 0 features of type [RefAxis] in 42减速器 圆法兰 一级速比 REF-1
2026-07-15 17:56:07,971 INFO  ExportHelperExtension.cs: 1125 - Retrieving features of type [RefAxis] from ZDT_X42_L34Motor.STEP-1
2026-07-15 17:56:07,971 INFO  ExportHelperExtension.cs: 1136 - Found 34 in ZDT_X42_L34Motor.STEP-1
2026-07-15 17:56:07,971 INFO  ExportHelperExtension.cs: 1145 - Found 0 features of type [RefAxis] in ZDT_X42_L34Motor.STEP-1
2026-07-15 17:56:07,972 INFO  ExportHelperExtension.cs: 1125 - Retrieving features of type [RefAxis] from 42减速器 方法兰 二级速比(15+) REF-1
2026-07-15 17:56:07,972 INFO  ExportHelperExtension.cs: 1136 - Found 44 in 42减速器 方法兰 二级速比(15+) REF-1
2026-07-15 17:56:07,972 INFO  ExportHelperExtension.cs: 1145 - Found 0 features of type [RefAxis] in 42减速器 方法兰 二级速比(15+) REF-1
2026-07-15 17:56:07,972 INFO  ExportHelperExtension.cs: 1125 - Retrieving features of type [RefAxis] from 联轴器 D19d4 L20 REF-1
2026-07-15 17:56:07,973 INFO  ExportHelperExtension.cs: 1136 - Found 44 in 联轴器 D19d4 L20 REF-1
2026-07-15 17:56:07,973 INFO  ExportHelperExtension.cs: 1145 - Found 0 features of type [RefAxis] in 联轴器 D19d4 L20 REF-1
2026-07-15 17:56:07,973 INFO  ExportHelperExtension.cs: 1125 - Retrieving features of type [RefAxis] from OYU-8-6060-1
2026-07-15 17:56:07,973 INFO  ExportHelperExtension.cs: 1136 - Found 25 in OYU-8-6060-1
2026-07-15 17:56:07,974 INFO  ExportHelperExtension.cs: 1145 - Found 0 features of type [RefAxis] in OYU-8-6060-1
2026-07-15 17:56:07,974 INFO  ExportHelperExtension.cs: 1125 - Retrieving features of type [RefAxis] from 57减速器 方法兰 二级速比(15+) REF-1
2026-07-15 17:56:07,974 INFO  ExportHelperExtension.cs: 1136 - Found 40 in 57减速器 方法兰 二级速比(15+) REF-1
2026-07-15 17:56:07,974 INFO  ExportHelperExtension.cs: 1145 - Found 0 features of type [RefAxis] in 57减速器 方法兰 二级速比(15+) REF-1
2026-07-15 17:56:07,974 INFO  ExportHelperExtension.cs: 1125 - Retrieving features of type [RefAxis] from 6060 Cotter pin-3
2026-07-15 17:56:07,975 INFO  ExportHelperExtension.cs: 1136 - Found 29 in 6060 Cotter pin-3
2026-07-15 17:56:07,975 INFO  ExportHelperExtension.cs: 1145 - Found 0 features of type [RefAxis] in 6060 Cotter pin-3
2026-07-15 17:56:07,975 INFO  ExportHelperExtension.cs: 1125 - Retrieving features of type [RefAxis] from 42减速器 圆法兰 一级速比 REF-2
2026-07-15 17:56:07,975 INFO  ExportHelperExtension.cs: 1136 - Found 42 in 42减速器 圆法兰 一级速比 REF-2
2026-07-15 17:56:07,975 INFO  ExportHelperExtension.cs: 1145 - Found 0 features of type [RefAxis] in 42减速器 圆法兰 一级速比 REF-2
2026-07-15 17:56:07,976 INFO  ExportHelperExtension.cs: 1125 - Retrieving features of type [RefAxis] from Upperarm dn - 联轴器D32d8版本-1
2026-07-15 17:56:07,976 INFO  ExportHelperExtension.cs: 1136 - Found 88 in Upperarm dn - 联轴器D32d8版本-1
2026-07-15 17:56:07,976 INFO  ExportHelperExtension.cs: 1145 - Found 0 features of type [RefAxis] in Upperarm dn - 联轴器D32d8版本-1
2026-07-15 17:56:07,976 INFO  ExportHelperExtension.cs: 1125 - Retrieving features of type [RefAxis] from ZDT_X42_L40Motor.STEP-2
2026-07-15 17:56:07,977 INFO  ExportHelperExtension.cs: 1136 - Found 34 in ZDT_X42_L40Motor.STEP-2
2026-07-15 17:56:07,977 INFO  ExportHelperExtension.cs: 1145 - Found 0 features of type [RefAxis] in ZDT_X42_L40Motor.STEP-2
2026-07-15 17:56:07,977 INFO  ExportHelperExtension.cs: 1125 - Retrieving features of type [RefAxis] from 42减速器 圆法兰 一级速比 REF-3
2026-07-15 17:56:07,977 INFO  ExportHelperExtension.cs: 1136 - Found 42 in 42减速器 圆法兰 一级速比 REF-3
2026-07-15 17:56:07,977 INFO  ExportHelperExtension.cs: 1145 - Found 0 features of type [RefAxis] in 42减速器 圆法兰 一级速比 REF-3
2026-07-15 17:56:07,978 INFO  ExportHelperExtension.cs: 1125 - Retrieving features of type [RefAxis] from ZDT_X42_L60Motor.STEP-2
2026-07-15 17:56:07,978 INFO  ExportHelperExtension.cs: 1136 - Found 34 in ZDT_X42_L60Motor.STEP-2
2026-07-15 17:56:07,978 INFO  ExportHelperExtension.cs: 1145 - Found 0 features of type [RefAxis] in ZDT_X42_L60Motor.STEP-2
2026-07-15 17:56:07,978 INFO  ExportHelperExtension.cs: 1125 - Retrieving features of type [RefAxis] from Forearm up - 联轴器D32d8版本-1
2026-07-15 17:56:07,978 INFO  ExportHelperExtension.cs: 1136 - Found 59 in Forearm up - 联轴器D32d8版本-1
2026-07-15 17:56:07,979 INFO  ExportHelperExtension.cs: 1145 - Found 0 features of type [RefAxis] in Forearm up - 联轴器D32d8版本-1
2026-07-15 17:56:07,979 INFO  ExportHelperExtension.cs: 1125 - Retrieving features of type [RefAxis] from J1 Base-1
2026-07-15 17:56:07,979 INFO  ExportHelperExtension.cs: 1136 - Found 66 in J1 Base-1
2026-07-15 17:56:07,980 INFO  ExportHelperExtension.cs: 1145 - Found 0 features of type [RefAxis] in J1 Base-1
2026-07-15 17:56:07,980 INFO  ExportHelperExtension.cs: 1125 - Retrieving features of type [RefAxis] from ZDT_X57_L76Motor.STEP-1
2026-07-15 17:56:07,980 INFO  ExportHelperExtension.cs: 1136 - Found 34 in ZDT_X57_L76Motor.STEP-1
2026-07-15 17:56:07,980 INFO  ExportHelperExtension.cs: 1145 - Found 0 features of type [RefAxis] in ZDT_X57_L76Motor.STEP-1
2026-07-15 17:56:07,980 INFO  ExportHelperExtension.cs: 1125 - Retrieving features of type [RefAxis] from 6060 Cotter pin-1
2026-07-15 17:56:07,981 INFO  ExportHelperExtension.cs: 1136 - Found 29 in 6060 Cotter pin-1
2026-07-15 17:56:07,981 INFO  ExportHelperExtension.cs: 1145 - Found 0 features of type [RefAxis] in 6060 Cotter pin-1
2026-07-15 17:56:07,981 INFO  ExportHelperExtension.cs: 1125 - Retrieving features of type [RefAxis] from 6060 Cotter pin-2
2026-07-15 17:56:07,981 INFO  ExportHelperExtension.cs: 1136 - Found 29 in 6060 Cotter pin-2
2026-07-15 17:56:07,981 INFO  ExportHelperExtension.cs: 1145 - Found 0 features of type [RefAxis] in 6060 Cotter pin-2
2026-07-15 17:56:07,982 INFO  ExportHelperExtension.cs: 1125 - Retrieving features of type [RefAxis] from 6060 Cotter pin-4
2026-07-15 17:56:07,982 INFO  ExportHelperExtension.cs: 1136 - Found 29 in 6060 Cotter pin-4
2026-07-15 17:56:07,982 INFO  ExportHelperExtension.cs: 1145 - Found 0 features of type [RefAxis] in 6060 Cotter pin-4
2026-07-15 17:56:07,982 INFO  ExportHelperExtension.cs: 1125 - Retrieving features of type [RefAxis] from ZDT_X42_L48Motor.STEP-3
2026-07-15 17:56:07,982 INFO  ExportHelperExtension.cs: 1136 - Found 34 in ZDT_X42_L48Motor.STEP-3
2026-07-15 17:56:07,983 INFO  ExportHelperExtension.cs: 1145 - Found 0 features of type [RefAxis] in ZDT_X42_L48Motor.STEP-3
2026-07-15 17:56:07,983 INFO  ExportHelperExtension.cs: 1125 - Retrieving features of type [RefAxis] from socket head cap screw_ai-1
2026-07-15 17:56:07,983 INFO  ExportHelperExtension.cs: 1136 - Found 46 in socket head cap screw_ai-1
2026-07-15 17:56:07,983 INFO  ExportHelperExtension.cs: 1145 - Found 0 features of type [RefAxis] in socket head cap screw_ai-1
2026-07-15 17:56:07,983 INFO  ExportHelperExtension.cs: 1125 - Retrieving features of type [RefAxis] from socket head cap screw_ai-2
2026-07-15 17:56:07,984 INFO  ExportHelperExtension.cs: 1136 - Found 46 in socket head cap screw_ai-2
2026-07-15 17:56:07,984 INFO  ExportHelperExtension.cs: 1145 - Found 0 features of type [RefAxis] in socket head cap screw_ai-2
2026-07-15 17:56:07,984 INFO  ExportHelperExtension.cs: 1125 - Retrieving features of type [RefAxis] from socket head cap screw_ai-4
2026-07-15 17:56:07,984 INFO  ExportHelperExtension.cs: 1136 - Found 46 in socket head cap screw_ai-4
2026-07-15 17:56:07,985 INFO  ExportHelperExtension.cs: 1145 - Found 0 features of type [RefAxis] in socket head cap screw_ai-4
2026-07-15 17:56:07,985 INFO  ExportHelperExtension.cs: 1125 - Retrieving features of type [RefAxis] from socket head cap screw_ai-3
2026-07-15 17:56:07,985 INFO  ExportHelperExtension.cs: 1136 - Found 46 in socket head cap screw_ai-3
2026-07-15 17:56:07,985 INFO  ExportHelperExtension.cs: 1145 - Found 0 features of type [RefAxis] in socket head cap screw_ai-3
2026-07-15 17:56:07,986 INFO  ExportHelperExtension.cs: 1125 - Retrieving features of type [RefAxis] from ZDT_X42_L48Motor.STEP-2
2026-07-15 17:56:07,986 INFO  ExportHelperExtension.cs: 1136 - Found 34 in ZDT_X42_L48Motor.STEP-2
2026-07-15 17:56:07,986 INFO  ExportHelperExtension.cs: 1145 - Found 0 features of type [RefAxis] in ZDT_X42_L48Motor.STEP-2
2026-07-15 17:56:07,986 INFO  ExportHelperExtension.cs: 1125 - Retrieving features of type [RefAxis] from socket head cap screw_ai-13
2026-07-15 17:56:07,986 INFO  ExportHelperExtension.cs: 1136 - Found 46 in socket head cap screw_ai-13
2026-07-15 17:56:07,987 INFO  ExportHelperExtension.cs: 1145 - Found 0 features of type [RefAxis] in socket head cap screw_ai-13
2026-07-15 17:56:07,987 INFO  ExportHelperExtension.cs: 1125 - Retrieving features of type [RefAxis] from Upperarm up - 联轴器D32d8版本-1
2026-07-15 17:56:07,987 INFO  ExportHelperExtension.cs: 1136 - Found 82 in Upperarm up - 联轴器D32d8版本-1
2026-07-15 17:56:07,987 INFO  ExportHelperExtension.cs: 1145 - Found 1 features of type [RefAxis] in Upperarm up - 联轴器D32d8版本-1
2026-07-15 17:56:07,988 INFO  ExportHelperExtension.cs: 1125 - Retrieving features of type [RefAxis] from 联轴器 D32d8 L28 REF-2
2026-07-15 17:56:07,988 INFO  ExportHelperExtension.cs: 1136 - Found 44 in 联轴器 D32d8 L28 REF-2
2026-07-15 17:56:07,988 INFO  ExportHelperExtension.cs: 1145 - Found 0 features of type [RefAxis] in 联轴器 D32d8 L28 REF-2
2026-07-15 17:56:07,988 INFO  ExportHelperExtension.cs: 1125 - Retrieving features of type [RefAxis] from socket head cap screw_ai-7
2026-07-15 17:56:07,989 INFO  ExportHelperExtension.cs: 1136 - Found 46 in socket head cap screw_ai-7
2026-07-15 17:56:07,989 INFO  ExportHelperExtension.cs: 1145 - Found 0 features of type [RefAxis] in socket head cap screw_ai-7
2026-07-15 17:56:07,989 INFO  ExportHelperExtension.cs: 1125 - Retrieving features of type [RefAxis] from socket head cap screw_ai-11
2026-07-15 17:56:07,989 INFO  ExportHelperExtension.cs: 1136 - Found 46 in socket head cap screw_ai-11
2026-07-15 17:56:07,990 INFO  ExportHelperExtension.cs: 1145 - Found 0 features of type [RefAxis] in socket head cap screw_ai-11
2026-07-15 17:56:07,990 INFO  ExportHelperExtension.cs: 1125 - Retrieving features of type [RefAxis] from socket head cap screw_ai-8
2026-07-15 17:56:07,990 INFO  ExportHelperExtension.cs: 1136 - Found 46 in socket head cap screw_ai-8
2026-07-15 17:56:07,990 INFO  ExportHelperExtension.cs: 1145 - Found 0 features of type [RefAxis] in socket head cap screw_ai-8
2026-07-15 17:56:07,990 INFO  ExportHelperExtension.cs: 1125 - Retrieving features of type [RefAxis] from socket head cap screw_ai-14
2026-07-15 17:56:07,991 INFO  ExportHelperExtension.cs: 1136 - Found 46 in socket head cap screw_ai-14
2026-07-15 17:56:07,991 INFO  ExportHelperExtension.cs: 1145 - Found 0 features of type [RefAxis] in socket head cap screw_ai-14
2026-07-15 17:56:07,991 INFO  ExportHelperExtension.cs: 1125 - Retrieving features of type [RefAxis] from socket head cap screw_ai-6
2026-07-15 17:56:07,991 INFO  ExportHelperExtension.cs: 1136 - Found 46 in socket head cap screw_ai-6
2026-07-15 17:56:07,992 INFO  ExportHelperExtension.cs: 1145 - Found 0 features of type [RefAxis] in socket head cap screw_ai-6
2026-07-15 17:56:07,992 INFO  ExportHelperExtension.cs: 1125 - Retrieving features of type [RefAxis] from 联轴器 D32d14 L28 REF-1
2026-07-15 17:56:07,992 INFO  ExportHelperExtension.cs: 1136 - Found 44 in 联轴器 D32d14 L28 REF-1
2026-07-15 17:56:07,994 INFO  ExportHelperExtension.cs: 1145 - Found 0 features of type [RefAxis] in 联轴器 D32d14 L28 REF-1
2026-07-15 17:56:07,995 INFO  ExportHelperExtension.cs: 1125 - Retrieving features of type [RefAxis] from socket head cap screw_ai-12
2026-07-15 17:56:07,998 INFO  ExportHelperExtension.cs: 1136 - Found 46 in socket head cap screw_ai-12
2026-07-15 17:56:07,998 INFO  ExportHelperExtension.cs: 1145 - Found 0 features of type [RefAxis] in socket head cap screw_ai-12
2026-07-15 17:56:07,998 INFO  ExportHelperExtension.cs: 1125 - Retrieving features of type [RefAxis] from socket head cap screw_ai-9
2026-07-15 17:56:07,999 INFO  ExportHelperExtension.cs: 1136 - Found 46 in socket head cap screw_ai-9
2026-07-15 17:56:07,999 INFO  ExportHelperExtension.cs: 1145 - Found 0 features of type [RefAxis] in socket head cap screw_ai-9
2026-07-15 17:56:07,999 INFO  ExportHelperExtension.cs: 1125 - Retrieving features of type [RefAxis] from Shoulder - 联轴器D32d14版本-1
2026-07-15 17:56:07,999 INFO  ExportHelperExtension.cs: 1136 - Found 80 in Shoulder - 联轴器D32d14版本-1
2026-07-15 17:56:08,000 INFO  ExportHelperExtension.cs: 1145 - Found 0 features of type [RefAxis] in Shoulder - 联轴器D32d14版本-1
2026-07-15 17:56:08,000 INFO  ExportHelperExtension.cs: 1125 - Retrieving features of type [RefAxis] from 联轴器 D32d8 L28 REF-1
2026-07-15 17:56:08,000 INFO  ExportHelperExtension.cs: 1136 - Found 44 in 联轴器 D32d8 L28 REF-1
2026-07-15 17:56:08,001 INFO  ExportHelperExtension.cs: 1145 - Found 0 features of type [RefAxis] in 联轴器 D32d8 L28 REF-1
2026-07-15 17:56:08,001 INFO  ExportHelperExtension.cs: 1125 - Retrieving features of type [RefAxis] from 联轴器 D32d8 L28 REF-3
2026-07-15 17:56:08,001 INFO  ExportHelperExtension.cs: 1136 - Found 44 in 联轴器 D32d8 L28 REF-3
2026-07-15 17:56:08,001 INFO  ExportHelperExtension.cs: 1145 - Found 0 features of type [RefAxis] in 联轴器 D32d8 L28 REF-3
2026-07-15 17:56:08,202 INFO  SwAddin.cs: 339 - Loading config tree
2026-07-15 17:56:08,212 INFO  ExportPropertyManagerExtension.cs: 520 - Starting new configuration
2026-07-15 17:56:08,216 INFO  SwAddin.cs: 344 - Showing property manager
2026-07-15 17:58:21,219 INFO  ExportPropertyManager.cs: 1030 - OnGroupExpand called. This method no longer throws an Exception. It just silently does nothing. Ok, except for this logging message
2026-07-15 17:58:22,332 INFO  ExportPropertyManager.cs: 1030 - OnGroupExpand called. This method no longer throws an Exception. It just silently does nothing. Ok, except for this logging message
2026-07-15 17:58:32,371 INFO  ExportPropertyManager.cs: 1136 - OnNumberBoxTrackingCompleted called. This method no longer throws an Exception. It just silently does nothing. Ok, except for this logging message
2026-07-15 17:58:51,498 INFO  ExportPropertyManager.cs: 1142 - AfterClose called. This method no longer throws an Exception. It just silently does nothing. Ok, except for this logging message
2026-07-15 17:59:21,701 INFO  SwAddin.cs: 294 - Assembly export called for file Arm_Assemble.SLDASM
2026-07-15 17:59:21,701 INFO  SwAddin.cs: 299 - Save is required
2026-07-15 17:59:21,702 INFO  SwAddin.cs: 313 - Saving assembly
2026-07-15 17:59:23,598 INFO  SwAddin.cs: 316 - Opening property manager
2026-07-15 17:59:23,598 INFO  ExportHelperExtension.cs: 1125 - Retrieving features of type [CoordSys] from Arm_Assemble.SLDASM
2026-07-15 17:59:23,599 INFO  ExportHelperExtension.cs: 1136 - Found 403 in Arm_Assemble.SLDASM
2026-07-15 17:59:23,600 INFO  ExportHelperExtension.cs: 1145 - Found 0 features of type [CoordSys] in Arm_Assemble.SLDASM
2026-07-15 17:59:23,600 INFO  ExportHelperExtension.cs: 1148 - Proceeding through assembly components
2026-07-15 17:59:23,600 INFO  ExportHelperExtension.cs: 1160 - 43 components to check
2026-07-15 17:59:23,600 INFO  ExportHelperExtension.cs: 1125 - Retrieving features of type [CoordSys] from ZDT_X42_L40Motor.STEP-1
2026-07-15 17:59:23,600 INFO  ExportHelperExtension.cs: 1136 - Found 34 in ZDT_X42_L40Motor.STEP-1
2026-07-15 17:59:23,601 INFO  ExportHelperExtension.cs: 1145 - Found 0 features of type [CoordSys] in ZDT_X42_L40Motor.STEP-1
2026-07-15 17:59:23,601 INFO  ExportHelperExtension.cs: 1125 - Retrieving features of type [CoordSys] from Gripper_Assembly-1
2026-07-15 17:59:23,601 INFO  ExportHelperExtension.cs: 1136 - Found 46 in Gripper_Assembly-1
2026-07-15 17:59:23,601 INFO  ExportHelperExtension.cs: 1145 - Found 0 features of type [CoordSys] in Gripper_Assembly-1
2026-07-15 17:59:23,602 INFO  ExportHelperExtension.cs: 1125 - Retrieving features of type [CoordSys] from Wrist-1
2026-07-15 17:59:23,602 INFO  ExportHelperExtension.cs: 1136 - Found 48 in Wrist-1
2026-07-15 17:59:23,602 INFO  ExportHelperExtension.cs: 1145 - Found 0 features of type [CoordSys] in Wrist-1
2026-07-15 17:59:23,602 INFO  ExportHelperExtension.cs: 1125 - Retrieving features of type [CoordSys] from 涨紧套Z21 8X18X11 REF-1
2026-07-15 17:59:23,603 INFO  ExportHelperExtension.cs: 1136 - Found 25 in 涨紧套Z21 8X18X11 REF-1
2026-07-15 17:59:23,603 INFO  ExportHelperExtension.cs: 1145 - Found 0 features of type [CoordSys] in 涨紧套Z21 8X18X11 REF-1
2026-07-15 17:59:23,603 INFO  ExportHelperExtension.cs: 1125 - Retrieving features of type [CoordSys] from Forearm dn-1
2026-07-15 17:59:23,603 INFO  ExportHelperExtension.cs: 1136 - Found 51 in Forearm dn-1
2026-07-15 17:59:23,604 INFO  ExportHelperExtension.cs: 1145 - Found 0 features of type [CoordSys] in Forearm dn-1
2026-07-15 17:59:23,604 INFO  ExportHelperExtension.cs: 1125 - Retrieving features of type [CoordSys] from 42减速器 圆法兰 一级速比 REF-1
2026-07-15 17:59:23,604 INFO  ExportHelperExtension.cs: 1136 - Found 42 in 42减速器 圆法兰 一级速比 REF-1
2026-07-15 17:59:23,604 INFO  ExportHelperExtension.cs: 1145 - Found 0 features of type [CoordSys] in 42减速器 圆法兰 一级速比 REF-1
2026-07-15 17:59:23,604 INFO  ExportHelperExtension.cs: 1125 - Retrieving features of type [CoordSys] from ZDT_X42_L34Motor.STEP-1
2026-07-15 17:59:23,605 INFO  ExportHelperExtension.cs: 1136 - Found 34 in ZDT_X42_L34Motor.STEP-1
2026-07-15 17:59:23,605 INFO  ExportHelperExtension.cs: 1145 - Found 0 features of type [CoordSys] in ZDT_X42_L34Motor.STEP-1
2026-07-15 17:59:23,605 INFO  ExportHelperExtension.cs: 1125 - Retrieving features of type [CoordSys] from 42减速器 方法兰 二级速比(15+) REF-1
2026-07-15 17:59:23,605 INFO  ExportHelperExtension.cs: 1136 - Found 44 in 42减速器 方法兰 二级速比(15+) REF-1
2026-07-15 17:59:23,606 INFO  ExportHelperExtension.cs: 1145 - Found 0 features of type [CoordSys] in 42减速器 方法兰 二级速比(15+) REF-1
2026-07-15 17:59:23,606 INFO  ExportHelperExtension.cs: 1125 - Retrieving features of type [CoordSys] from 联轴器 D19d4 L20 REF-1
2026-07-15 17:59:23,606 INFO  ExportHelperExtension.cs: 1136 - Found 44 in 联轴器 D19d4 L20 REF-1
2026-07-15 17:59:23,606 INFO  ExportHelperExtension.cs: 1145 - Found 0 features of type [CoordSys] in 联轴器 D19d4 L20 REF-1
2026-07-15 17:59:23,607 INFO  ExportHelperExtension.cs: 1125 - Retrieving features of type [CoordSys] from OYU-8-6060-1
2026-07-15 17:59:23,607 INFO  ExportHelperExtension.cs: 1136 - Found 25 in OYU-8-6060-1
2026-07-15 17:59:23,607 INFO  ExportHelperExtension.cs: 1145 - Found 0 features of type [CoordSys] in OYU-8-6060-1
2026-07-15 17:59:23,607 INFO  ExportHelperExtension.cs: 1125 - Retrieving features of type [CoordSys] from 57减速器 方法兰 二级速比(15+) REF-1
2026-07-15 17:59:23,607 INFO  ExportHelperExtension.cs: 1136 - Found 40 in 57减速器 方法兰 二级速比(15+) REF-1
2026-07-15 17:59:23,608 INFO  ExportHelperExtension.cs: 1145 - Found 0 features of type [CoordSys] in 57减速器 方法兰 二级速比(15+) REF-1
2026-07-15 17:59:23,608 INFO  ExportHelperExtension.cs: 1125 - Retrieving features of type [CoordSys] from 6060 Cotter pin-3
2026-07-15 17:59:23,608 INFO  ExportHelperExtension.cs: 1136 - Found 29 in 6060 Cotter pin-3
2026-07-15 17:59:23,608 INFO  ExportHelperExtension.cs: 1145 - Found 0 features of type [CoordSys] in 6060 Cotter pin-3
2026-07-15 17:59:23,608 INFO  ExportHelperExtension.cs: 1125 - Retrieving features of type [CoordSys] from 42减速器 圆法兰 一级速比 REF-2
2026-07-15 17:59:23,609 INFO  ExportHelperExtension.cs: 1136 - Found 42 in 42减速器 圆法兰 一级速比 REF-2
2026-07-15 17:59:23,609 INFO  ExportHelperExtension.cs: 1145 - Found 0 features of type [CoordSys] in 42减速器 圆法兰 一级速比 REF-2
2026-07-15 17:59:23,609 INFO  ExportHelperExtension.cs: 1125 - Retrieving features of type [CoordSys] from Upperarm dn - 联轴器D32d8版本-1
2026-07-15 17:59:23,609 INFO  ExportHelperExtension.cs: 1136 - Found 88 in Upperarm dn - 联轴器D32d8版本-1
2026-07-15 17:59:23,610 INFO  ExportHelperExtension.cs: 1145 - Found 0 features of type [CoordSys] in Upperarm dn - 联轴器D32d8版本-1
2026-07-15 17:59:23,610 INFO  ExportHelperExtension.cs: 1125 - Retrieving features of type [CoordSys] from ZDT_X42_L40Motor.STEP-2
2026-07-15 17:59:23,610 INFO  ExportHelperExtension.cs: 1136 - Found 34 in ZDT_X42_L40Motor.STEP-2
2026-07-15 17:59:23,610 INFO  ExportHelperExtension.cs: 1145 - Found 0 features of type [CoordSys] in ZDT_X42_L40Motor.STEP-2
2026-07-15 17:59:23,610 INFO  ExportHelperExtension.cs: 1125 - Retrieving features of type [CoordSys] from 42减速器 圆法兰 一级速比 REF-3
2026-07-15 17:59:23,611 INFO  ExportHelperExtension.cs: 1136 - Found 42 in 42减速器 圆法兰 一级速比 REF-3
2026-07-15 17:59:23,611 INFO  ExportHelperExtension.cs: 1145 - Found 0 features of type [CoordSys] in 42减速器 圆法兰 一级速比 REF-3
2026-07-15 17:59:23,611 INFO  ExportHelperExtension.cs: 1125 - Retrieving features of type [CoordSys] from ZDT_X42_L60Motor.STEP-2
2026-07-15 17:59:23,611 INFO  ExportHelperExtension.cs: 1136 - Found 34 in ZDT_X42_L60Motor.STEP-2
2026-07-15 17:59:23,612 INFO  ExportHelperExtension.cs: 1145 - Found 0 features of type [CoordSys] in ZDT_X42_L60Motor.STEP-2
2026-07-15 17:59:23,612 INFO  ExportHelperExtension.cs: 1125 - Retrieving features of type [CoordSys] from Forearm up - 联轴器D32d8版本-1
2026-07-15 17:59:23,612 INFO  ExportHelperExtension.cs: 1136 - Found 59 in Forearm up - 联轴器D32d8版本-1
2026-07-15 17:59:23,612 INFO  ExportHelperExtension.cs: 1145 - Found 0 features of type [CoordSys] in Forearm up - 联轴器D32d8版本-1
2026-07-15 17:59:23,613 INFO  ExportHelperExtension.cs: 1125 - Retrieving features of type [CoordSys] from J1 Base-1
2026-07-15 17:59:23,613 INFO  ExportHelperExtension.cs: 1136 - Found 66 in J1 Base-1
2026-07-15 17:59:23,613 INFO  ExportHelperExtension.cs: 1145 - Found 0 features of type [CoordSys] in J1 Base-1
2026-07-15 17:59:23,614 INFO  ExportHelperExtension.cs: 1125 - Retrieving features of type [CoordSys] from ZDT_X57_L76Motor.STEP-1
2026-07-15 17:59:23,614 INFO  ExportHelperExtension.cs: 1136 - Found 34 in ZDT_X57_L76Motor.STEP-1
2026-07-15 17:59:23,614 INFO  ExportHelperExtension.cs: 1145 - Found 0 features of type [CoordSys] in ZDT_X57_L76Motor.STEP-1
2026-07-15 17:59:23,614 INFO  ExportHelperExtension.cs: 1125 - Retrieving features of type [CoordSys] from 6060 Cotter pin-1
2026-07-15 17:59:23,614 INFO  ExportHelperExtension.cs: 1136 - Found 29 in 6060 Cotter pin-1
2026-07-15 17:59:23,615 INFO  ExportHelperExtension.cs: 1145 - Found 0 features of type [CoordSys] in 6060 Cotter pin-1
2026-07-15 17:59:23,615 INFO  ExportHelperExtension.cs: 1125 - Retrieving features of type [CoordSys] from 6060 Cotter pin-2
2026-07-15 17:59:23,615 INFO  ExportHelperExtension.cs: 1136 - Found 29 in 6060 Cotter pin-2
2026-07-15 17:59:23,616 INFO  ExportHelperExtension.cs: 1145 - Found 0 features of type [CoordSys] in 6060 Cotter pin-2
2026-07-15 17:59:23,616 INFO  ExportHelperExtension.cs: 1125 - Retrieving features of type [CoordSys] from 6060 Cotter pin-4
2026-07-15 17:59:23,616 INFO  ExportHelperExtension.cs: 1136 - Found 29 in 6060 Cotter pin-4
2026-07-15 17:59:23,616 INFO  ExportHelperExtension.cs: 1145 - Found 0 features of type [CoordSys] in 6060 Cotter pin-4
2026-07-15 17:59:23,616 INFO  ExportHelperExtension.cs: 1125 - Retrieving features of type [CoordSys] from ZDT_X42_L48Motor.STEP-3
2026-07-15 17:59:23,617 INFO  ExportHelperExtension.cs: 1136 - Found 34 in ZDT_X42_L48Motor.STEP-3
2026-07-15 17:59:23,617 INFO  ExportHelperExtension.cs: 1145 - Found 0 features of type [CoordSys] in ZDT_X42_L48Motor.STEP-3
2026-07-15 17:59:23,617 INFO  ExportHelperExtension.cs: 1125 - Retrieving features of type [CoordSys] from socket head cap screw_ai-1
2026-07-15 17:59:23,617 INFO  ExportHelperExtension.cs: 1136 - Found 46 in socket head cap screw_ai-1
2026-07-15 17:59:23,618 INFO  ExportHelperExtension.cs: 1145 - Found 0 features of type [CoordSys] in socket head cap screw_ai-1
2026-07-15 17:59:23,618 INFO  ExportHelperExtension.cs: 1125 - Retrieving features of type [CoordSys] from socket head cap screw_ai-2
2026-07-15 17:59:23,618 INFO  ExportHelperExtension.cs: 1136 - Found 46 in socket head cap screw_ai-2
2026-07-15 17:59:23,619 INFO  ExportHelperExtension.cs: 1145 - Found 0 features of type [CoordSys] in socket head cap screw_ai-2
2026-07-15 17:59:23,619 INFO  ExportHelperExtension.cs: 1125 - Retrieving features of type [CoordSys] from socket head cap screw_ai-4
2026-07-15 17:59:23,619 INFO  ExportHelperExtension.cs: 1136 - Found 46 in socket head cap screw_ai-4
2026-07-15 17:59:23,619 INFO  ExportHelperExtension.cs: 1145 - Found 0 features of type [CoordSys] in socket head cap screw_ai-4
2026-07-15 17:59:23,620 INFO  ExportHelperExtension.cs: 1125 - Retrieving features of type [CoordSys] from socket head cap screw_ai-3
2026-07-15 17:59:23,620 INFO  ExportHelperExtension.cs: 1136 - Found 46 in socket head cap screw_ai-3
2026-07-15 17:59:23,620 INFO  ExportHelperExtension.cs: 1145 - Found 0 features of type [CoordSys] in socket head cap screw_ai-3
2026-07-15 17:59:23,620 INFO  ExportHelperExtension.cs: 1125 - Retrieving features of type [CoordSys] from ZDT_X42_L48Motor.STEP-2
2026-07-15 17:59:23,620 INFO  ExportHelperExtension.cs: 1136 - Found 34 in ZDT_X42_L48Motor.STEP-2
2026-07-15 17:59:23,621 INFO  ExportHelperExtension.cs: 1145 - Found 0 features of type [CoordSys] in ZDT_X42_L48Motor.STEP-2
2026-07-15 17:59:23,621 INFO  ExportHelperExtension.cs: 1125 - Retrieving features of type [CoordSys] from socket head cap screw_ai-13
2026-07-15 17:59:23,621 INFO  ExportHelperExtension.cs: 1136 - Found 46 in socket head cap screw_ai-13
2026-07-15 17:59:23,621 INFO  ExportHelperExtension.cs: 1145 - Found 0 features of type [CoordSys] in socket head cap screw_ai-13
2026-07-15 17:59:23,622 INFO  ExportHelperExtension.cs: 1125 - Retrieving features of type [CoordSys] from Upperarm up - 联轴器D32d8版本-1
2026-07-15 17:59:23,622 INFO  ExportHelperExtension.cs: 1136 - Found 82 in Upperarm up - 联轴器D32d8版本-1
2026-07-15 17:59:23,622 INFO  ExportHelperExtension.cs: 1145 - Found 0 features of type [CoordSys] in Upperarm up - 联轴器D32d8版本-1
2026-07-15 17:59:23,622 INFO  ExportHelperExtension.cs: 1125 - Retrieving features of type [CoordSys] from 联轴器 D32d8 L28 REF-2
2026-07-15 17:59:23,623 INFO  ExportHelperExtension.cs: 1136 - Found 44 in 联轴器 D32d8 L28 REF-2
2026-07-15 17:59:23,623 INFO  ExportHelperExtension.cs: 1145 - Found 0 features of type [CoordSys] in 联轴器 D32d8 L28 REF-2
2026-07-15 17:59:23,623 INFO  ExportHelperExtension.cs: 1125 - Retrieving features of type [CoordSys] from socket head cap screw_ai-7
2026-07-15 17:59:23,623 INFO  ExportHelperExtension.cs: 1136 - Found 46 in socket head cap screw_ai-7
2026-07-15 17:59:23,624 INFO  ExportHelperExtension.cs: 1145 - Found 0 features of type [CoordSys] in socket head cap screw_ai-7
2026-07-15 17:59:23,624 INFO  ExportHelperExtension.cs: 1125 - Retrieving features of type [CoordSys] from socket head cap screw_ai-11
2026-07-15 17:59:23,624 INFO  ExportHelperExtension.cs: 1136 - Found 46 in socket head cap screw_ai-11
2026-07-15 17:59:23,627 INFO  ExportHelperExtension.cs: 1145 - Found 0 features of type [CoordSys] in socket head cap screw_ai-11
2026-07-15 17:59:23,627 INFO  ExportHelperExtension.cs: 1125 - Retrieving features of type [CoordSys] from socket head cap screw_ai-8
2026-07-15 17:59:23,627 INFO  ExportHelperExtension.cs: 1136 - Found 46 in socket head cap screw_ai-8
2026-07-15 17:59:23,628 INFO  ExportHelperExtension.cs: 1145 - Found 0 features of type [CoordSys] in socket head cap screw_ai-8
2026-07-15 17:59:23,628 INFO  ExportHelperExtension.cs: 1125 - Retrieving features of type [CoordSys] from socket head cap screw_ai-14
2026-07-15 17:59:23,628 INFO  ExportHelperExtension.cs: 1136 - Found 46 in socket head cap screw_ai-14
2026-07-15 17:59:23,628 INFO  ExportHelperExtension.cs: 1145 - Found 0 features of type [CoordSys] in socket head cap screw_ai-14
2026-07-15 17:59:23,629 INFO  ExportHelperExtension.cs: 1125 - Retrieving features of type [CoordSys] from socket head cap screw_ai-6
2026-07-15 17:59:23,629 INFO  ExportHelperExtension.cs: 1136 - Found 46 in socket head cap screw_ai-6
2026-07-15 17:59:23,629 INFO  ExportHelperExtension.cs: 1145 - Found 0 features of type [CoordSys] in socket head cap screw_ai-6
2026-07-15 17:59:23,629 INFO  ExportHelperExtension.cs: 1125 - Retrieving features of type [CoordSys] from 联轴器 D32d14 L28 REF-1
2026-07-15 17:59:23,629 INFO  ExportHelperExtension.cs: 1136 - Found 44 in 联轴器 D32d14 L28 REF-1
2026-07-15 17:59:23,630 INFO  ExportHelperExtension.cs: 1145 - Found 0 features of type [CoordSys] in 联轴器 D32d14 L28 REF-1
2026-07-15 17:59:23,630 INFO  ExportHelperExtension.cs: 1125 - Retrieving features of type [CoordSys] from socket head cap screw_ai-12
2026-07-15 17:59:23,630 INFO  ExportHelperExtension.cs: 1136 - Found 46 in socket head cap screw_ai-12
2026-07-15 17:59:23,630 INFO  ExportHelperExtension.cs: 1145 - Found 0 features of type [CoordSys] in socket head cap screw_ai-12
2026-07-15 17:59:23,631 INFO  ExportHelperExtension.cs: 1125 - Retrieving features of type [CoordSys] from socket head cap screw_ai-9
2026-07-15 17:59:23,631 INFO  ExportHelperExtension.cs: 1136 - Found 46 in socket head cap screw_ai-9
2026-07-15 17:59:23,631 INFO  ExportHelperExtension.cs: 1145 - Found 0 features of type [CoordSys] in socket head cap screw_ai-9
2026-07-15 17:59:23,631 INFO  ExportHelperExtension.cs: 1125 - Retrieving features of type [CoordSys] from Shoulder - 联轴器D32d14版本-1
2026-07-15 17:59:23,709 INFO  ExportHelperExtension.cs: 1136 - Found 80 in Shoulder - 联轴器D32d14版本-1
2026-07-15 17:59:23,710 INFO  ExportHelperExtension.cs: 1145 - Found 0 features of type [CoordSys] in Shoulder - 联轴器D32d14版本-1
2026-07-15 17:59:23,710 INFO  ExportHelperExtension.cs: 1125 - Retrieving features of type [CoordSys] from 联轴器 D32d8 L28 REF-1
2026-07-15 17:59:23,710 INFO  ExportHelperExtension.cs: 1136 - Found 44 in 联轴器 D32d8 L28 REF-1
2026-07-15 17:59:23,710 INFO  ExportHelperExtension.cs: 1145 - Found 0 features of type [CoordSys] in 联轴器 D32d8 L28 REF-1
2026-07-15 17:59:23,711 INFO  ExportHelperExtension.cs: 1125 - Retrieving features of type [CoordSys] from 联轴器 D32d8 L28 REF-3
2026-07-15 17:59:23,711 INFO  ExportHelperExtension.cs: 1136 - Found 44 in 联轴器 D32d8 L28 REF-3
2026-07-15 17:59:23,711 INFO  ExportHelperExtension.cs: 1145 - Found 0 features of type [CoordSys] in 联轴器 D32d8 L28 REF-3
2026-07-15 17:59:23,711 INFO  ExportHelperExtension.cs: 1125 - Retrieving features of type [RefAxis] from Arm_Assemble.SLDASM
2026-07-15 17:59:23,712 INFO  ExportHelperExtension.cs: 1136 - Found 403 in Arm_Assemble.SLDASM
2026-07-15 17:59:23,712 INFO  ExportHelperExtension.cs: 1145 - Found 0 features of type [RefAxis] in Arm_Assemble.SLDASM
2026-07-15 17:59:23,713 INFO  ExportHelperExtension.cs: 1148 - Proceeding through assembly components
2026-07-15 17:59:23,713 INFO  ExportHelperExtension.cs: 1160 - 43 components to check
2026-07-15 17:59:23,713 INFO  ExportHelperExtension.cs: 1125 - Retrieving features of type [RefAxis] from ZDT_X42_L40Motor.STEP-1
2026-07-15 17:59:23,713 INFO  ExportHelperExtension.cs: 1136 - Found 34 in ZDT_X42_L40Motor.STEP-1
2026-07-15 17:59:23,713 INFO  ExportHelperExtension.cs: 1145 - Found 0 features of type [RefAxis] in ZDT_X42_L40Motor.STEP-1
2026-07-15 17:59:23,714 INFO  ExportHelperExtension.cs: 1125 - Retrieving features of type [RefAxis] from Gripper_Assembly-1
2026-07-15 17:59:23,714 INFO  ExportHelperExtension.cs: 1136 - Found 46 in Gripper_Assembly-1
2026-07-15 17:59:23,714 INFO  ExportHelperExtension.cs: 1145 - Found 0 features of type [RefAxis] in Gripper_Assembly-1
2026-07-15 17:59:23,714 INFO  ExportHelperExtension.cs: 1125 - Retrieving features of type [RefAxis] from Wrist-1
2026-07-15 17:59:23,715 INFO  ExportHelperExtension.cs: 1136 - Found 48 in Wrist-1
2026-07-15 17:59:23,715 INFO  ExportHelperExtension.cs: 1145 - Found 0 features of type [RefAxis] in Wrist-1
2026-07-15 17:59:23,715 INFO  ExportHelperExtension.cs: 1125 - Retrieving features of type [RefAxis] from 涨紧套Z21 8X18X11 REF-1
2026-07-15 17:59:23,715 INFO  ExportHelperExtension.cs: 1136 - Found 25 in 涨紧套Z21 8X18X11 REF-1
2026-07-15 17:59:23,716 INFO  ExportHelperExtension.cs: 1145 - Found 0 features of type [RefAxis] in 涨紧套Z21 8X18X11 REF-1
2026-07-15 17:59:23,716 INFO  ExportHelperExtension.cs: 1125 - Retrieving features of type [RefAxis] from Forearm dn-1
2026-07-15 17:59:23,716 INFO  ExportHelperExtension.cs: 1136 - Found 51 in Forearm dn-1
2026-07-15 17:59:23,716 INFO  ExportHelperExtension.cs: 1145 - Found 0 features of type [RefAxis] in Forearm dn-1
2026-07-15 17:59:23,716 INFO  ExportHelperExtension.cs: 1125 - Retrieving features of type [RefAxis] from 42减速器 圆法兰 一级速比 REF-1
2026-07-15 17:59:23,717 INFO  ExportHelperExtension.cs: 1136 - Found 42 in 42减速器 圆法兰 一级速比 REF-1
2026-07-15 17:59:23,717 INFO  ExportHelperExtension.cs: 1145 - Found 0 features of type [RefAxis] in 42减速器 圆法兰 一级速比 REF-1
2026-07-15 17:59:23,717 INFO  ExportHelperExtension.cs: 1125 - Retrieving features of type [RefAxis] from ZDT_X42_L34Motor.STEP-1
2026-07-15 17:59:23,717 INFO  ExportHelperExtension.cs: 1136 - Found 34 in ZDT_X42_L34Motor.STEP-1
2026-07-15 17:59:23,718 INFO  ExportHelperExtension.cs: 1145 - Found 0 features of type [RefAxis] in ZDT_X42_L34Motor.STEP-1
2026-07-15 17:59:23,718 INFO  ExportHelperExtension.cs: 1125 - Retrieving features of type [RefAxis] from 42减速器 方法兰 二级速比(15+) REF-1
2026-07-15 17:59:23,718 INFO  ExportHelperExtension.cs: 1136 - Found 44 in 42减速器 方法兰 二级速比(15+) REF-1
2026-07-15 17:59:23,718 INFO  ExportHelperExtension.cs: 1145 - Found 0 features of type [RefAxis] in 42减速器 方法兰 二级速比(15+) REF-1
2026-07-15 17:59:23,718 INFO  ExportHelperExtension.cs: 1125 - Retrieving features of type [RefAxis] from 联轴器 D19d4 L20 REF-1
2026-07-15 17:59:23,719 INFO  ExportHelperExtension.cs: 1136 - Found 44 in 联轴器 D19d4 L20 REF-1
2026-07-15 17:59:23,719 INFO  ExportHelperExtension.cs: 1145 - Found 0 features of type [RefAxis] in 联轴器 D19d4 L20 REF-1
2026-07-15 17:59:23,719 INFO  ExportHelperExtension.cs: 1125 - Retrieving features of type [RefAxis] from OYU-8-6060-1
2026-07-15 17:59:23,719 INFO  ExportHelperExtension.cs: 1136 - Found 25 in OYU-8-6060-1
2026-07-15 17:59:23,720 INFO  ExportHelperExtension.cs: 1145 - Found 0 features of type [RefAxis] in OYU-8-6060-1
2026-07-15 17:59:23,720 INFO  ExportHelperExtension.cs: 1125 - Retrieving features of type [RefAxis] from 57减速器 方法兰 二级速比(15+) REF-1
2026-07-15 17:59:23,720 INFO  ExportHelperExtension.cs: 1136 - Found 40 in 57减速器 方法兰 二级速比(15+) REF-1
2026-07-15 17:59:23,720 INFO  ExportHelperExtension.cs: 1145 - Found 0 features of type [RefAxis] in 57减速器 方法兰 二级速比(15+) REF-1
2026-07-15 17:59:23,720 INFO  ExportHelperExtension.cs: 1125 - Retrieving features of type [RefAxis] from 6060 Cotter pin-3
2026-07-15 17:59:23,721 INFO  ExportHelperExtension.cs: 1136 - Found 29 in 6060 Cotter pin-3
2026-07-15 17:59:23,721 INFO  ExportHelperExtension.cs: 1145 - Found 0 features of type [RefAxis] in 6060 Cotter pin-3
2026-07-15 17:59:23,721 INFO  ExportHelperExtension.cs: 1125 - Retrieving features of type [RefAxis] from 42减速器 圆法兰 一级速比 REF-2
2026-07-15 17:59:23,721 INFO  ExportHelperExtension.cs: 1136 - Found 42 in 42减速器 圆法兰 一级速比 REF-2
2026-07-15 17:59:23,721 INFO  ExportHelperExtension.cs: 1145 - Found 0 features of type [RefAxis] in 42减速器 圆法兰 一级速比 REF-2
2026-07-15 17:59:23,722 INFO  ExportHelperExtension.cs: 1125 - Retrieving features of type [RefAxis] from Upperarm dn - 联轴器D32d8版本-1
2026-07-15 17:59:23,722 INFO  ExportHelperExtension.cs: 1136 - Found 88 in Upperarm dn - 联轴器D32d8版本-1
2026-07-15 17:59:23,722 INFO  ExportHelperExtension.cs: 1145 - Found 0 features of type [RefAxis] in Upperarm dn - 联轴器D32d8版本-1
2026-07-15 17:59:23,723 INFO  ExportHelperExtension.cs: 1125 - Retrieving features of type [RefAxis] from ZDT_X42_L40Motor.STEP-2
2026-07-15 17:59:23,723 INFO  ExportHelperExtension.cs: 1136 - Found 34 in ZDT_X42_L40Motor.STEP-2
2026-07-15 17:59:23,723 INFO  ExportHelperExtension.cs: 1145 - Found 0 features of type [RefAxis] in ZDT_X42_L40Motor.STEP-2
2026-07-15 17:59:23,723 INFO  ExportHelperExtension.cs: 1125 - Retrieving features of type [RefAxis] from 42减速器 圆法兰 一级速比 REF-3
2026-07-15 17:59:23,723 INFO  ExportHelperExtension.cs: 1136 - Found 42 in 42减速器 圆法兰 一级速比 REF-3
2026-07-15 17:59:23,724 INFO  ExportHelperExtension.cs: 1145 - Found 0 features of type [RefAxis] in 42减速器 圆法兰 一级速比 REF-3
2026-07-15 17:59:23,724 INFO  ExportHelperExtension.cs: 1125 - Retrieving features of type [RefAxis] from ZDT_X42_L60Motor.STEP-2
2026-07-15 17:59:23,724 INFO  ExportHelperExtension.cs: 1136 - Found 34 in ZDT_X42_L60Motor.STEP-2
2026-07-15 17:59:23,724 INFO  ExportHelperExtension.cs: 1145 - Found 0 features of type [RefAxis] in ZDT_X42_L60Motor.STEP-2
2026-07-15 17:59:23,725 INFO  ExportHelperExtension.cs: 1125 - Retrieving features of type [RefAxis] from Forearm up - 联轴器D32d8版本-1
2026-07-15 17:59:23,725 INFO  ExportHelperExtension.cs: 1136 - Found 59 in Forearm up - 联轴器D32d8版本-1
2026-07-15 17:59:23,725 INFO  ExportHelperExtension.cs: 1145 - Found 0 features of type [RefAxis] in Forearm up - 联轴器D32d8版本-1
2026-07-15 17:59:23,725 INFO  ExportHelperExtension.cs: 1125 - Retrieving features of type [RefAxis] from J1 Base-1
2026-07-15 17:59:23,725 INFO  ExportHelperExtension.cs: 1136 - Found 66 in J1 Base-1
2026-07-15 17:59:23,726 INFO  ExportHelperExtension.cs: 1145 - Found 0 features of type [RefAxis] in J1 Base-1
2026-07-15 17:59:23,726 INFO  ExportHelperExtension.cs: 1125 - Retrieving features of type [RefAxis] from ZDT_X57_L76Motor.STEP-1
2026-07-15 17:59:23,726 INFO  ExportHelperExtension.cs: 1136 - Found 34 in ZDT_X57_L76Motor.STEP-1
2026-07-15 17:59:23,726 INFO  ExportHelperExtension.cs: 1145 - Found 0 features of type [RefAxis] in ZDT_X57_L76Motor.STEP-1
2026-07-15 17:59:23,727 INFO  ExportHelperExtension.cs: 1125 - Retrieving features of type [RefAxis] from 6060 Cotter pin-1
2026-07-15 17:59:23,727 INFO  ExportHelperExtension.cs: 1136 - Found 29 in 6060 Cotter pin-1
2026-07-15 17:59:23,727 INFO  ExportHelperExtension.cs: 1145 - Found 0 features of type [RefAxis] in 6060 Cotter pin-1
2026-07-15 17:59:23,727 INFO  ExportHelperExtension.cs: 1125 - Retrieving features of type [RefAxis] from 6060 Cotter pin-2
2026-07-15 17:59:23,727 INFO  ExportHelperExtension.cs: 1136 - Found 29 in 6060 Cotter pin-2
2026-07-15 17:59:23,728 INFO  ExportHelperExtension.cs: 1145 - Found 0 features of type [RefAxis] in 6060 Cotter pin-2
2026-07-15 17:59:23,728 INFO  ExportHelperExtension.cs: 1125 - Retrieving features of type [RefAxis] from 6060 Cotter pin-4
2026-07-15 17:59:23,728 INFO  ExportHelperExtension.cs: 1136 - Found 29 in 6060 Cotter pin-4
2026-07-15 17:59:23,728 INFO  ExportHelperExtension.cs: 1145 - Found 0 features of type [RefAxis] in 6060 Cotter pin-4
2026-07-15 17:59:23,728 INFO  ExportHelperExtension.cs: 1125 - Retrieving features of type [RefAxis] from ZDT_X42_L48Motor.STEP-3
2026-07-15 17:59:23,729 INFO  ExportHelperExtension.cs: 1136 - Found 34 in ZDT_X42_L48Motor.STEP-3
2026-07-15 17:59:23,729 INFO  ExportHelperExtension.cs: 1145 - Found 0 features of type [RefAxis] in ZDT_X42_L48Motor.STEP-3
2026-07-15 17:59:23,729 INFO  ExportHelperExtension.cs: 1125 - Retrieving features of type [RefAxis] from socket head cap screw_ai-1
2026-07-15 17:59:23,729 INFO  ExportHelperExtension.cs: 1136 - Found 46 in socket head cap screw_ai-1
2026-07-15 17:59:23,729 INFO  ExportHelperExtension.cs: 1145 - Found 0 features of type [RefAxis] in socket head cap screw_ai-1
2026-07-15 17:59:23,730 INFO  ExportHelperExtension.cs: 1125 - Retrieving features of type [RefAxis] from socket head cap screw_ai-2
2026-07-15 17:59:23,730 INFO  ExportHelperExtension.cs: 1136 - Found 46 in socket head cap screw_ai-2
2026-07-15 17:59:23,730 INFO  ExportHelperExtension.cs: 1145 - Found 0 features of type [RefAxis] in socket head cap screw_ai-2
2026-07-15 17:59:23,730 INFO  ExportHelperExtension.cs: 1125 - Retrieving features of type [RefAxis] from socket head cap screw_ai-4
2026-07-15 17:59:23,730 INFO  ExportHelperExtension.cs: 1136 - Found 46 in socket head cap screw_ai-4
2026-07-15 17:59:23,731 INFO  ExportHelperExtension.cs: 1145 - Found 0 features of type [RefAxis] in socket head cap screw_ai-4
2026-07-15 17:59:23,731 INFO  ExportHelperExtension.cs: 1125 - Retrieving features of type [RefAxis] from socket head cap screw_ai-3
2026-07-15 17:59:23,731 INFO  ExportHelperExtension.cs: 1136 - Found 46 in socket head cap screw_ai-3
2026-07-15 17:59:23,731 INFO  ExportHelperExtension.cs: 1145 - Found 0 features of type [RefAxis] in socket head cap screw_ai-3
2026-07-15 17:59:23,731 INFO  ExportHelperExtension.cs: 1125 - Retrieving features of type [RefAxis] from ZDT_X42_L48Motor.STEP-2
2026-07-15 17:59:23,732 INFO  ExportHelperExtension.cs: 1136 - Found 34 in ZDT_X42_L48Motor.STEP-2
2026-07-15 17:59:23,732 INFO  ExportHelperExtension.cs: 1145 - Found 0 features of type [RefAxis] in ZDT_X42_L48Motor.STEP-2
2026-07-15 17:59:23,732 INFO  ExportHelperExtension.cs: 1125 - Retrieving features of type [RefAxis] from socket head cap screw_ai-13
2026-07-15 17:59:23,732 INFO  ExportHelperExtension.cs: 1136 - Found 46 in socket head cap screw_ai-13
2026-07-15 17:59:23,733 INFO  ExportHelperExtension.cs: 1145 - Found 0 features of type [RefAxis] in socket head cap screw_ai-13
2026-07-15 17:59:23,733 INFO  ExportHelperExtension.cs: 1125 - Retrieving features of type [RefAxis] from Upperarm up - 联轴器D32d8版本-1
2026-07-15 17:59:23,733 INFO  ExportHelperExtension.cs: 1136 - Found 82 in Upperarm up - 联轴器D32d8版本-1
2026-07-15 17:59:23,733 INFO  ExportHelperExtension.cs: 1145 - Found 1 features of type [RefAxis] in Upperarm up - 联轴器D32d8版本-1
2026-07-15 17:59:23,734 INFO  ExportHelperExtension.cs: 1125 - Retrieving features of type [RefAxis] from 联轴器 D32d8 L28 REF-2
2026-07-15 17:59:23,734 INFO  ExportHelperExtension.cs: 1136 - Found 44 in 联轴器 D32d8 L28 REF-2
2026-07-15 17:59:23,734 INFO  ExportHelperExtension.cs: 1145 - Found 0 features of type [RefAxis] in 联轴器 D32d8 L28 REF-2
2026-07-15 17:59:23,734 INFO  ExportHelperExtension.cs: 1125 - Retrieving features of type [RefAxis] from socket head cap screw_ai-7
2026-07-15 17:59:23,734 INFO  ExportHelperExtension.cs: 1136 - Found 46 in socket head cap screw_ai-7
2026-07-15 17:59:23,735 INFO  ExportHelperExtension.cs: 1145 - Found 0 features of type [RefAxis] in socket head cap screw_ai-7
2026-07-15 17:59:23,735 INFO  ExportHelperExtension.cs: 1125 - Retrieving features of type [RefAxis] from socket head cap screw_ai-11
2026-07-15 17:59:23,735 INFO  ExportHelperExtension.cs: 1136 - Found 46 in socket head cap screw_ai-11
2026-07-15 17:59:23,735 INFO  ExportHelperExtension.cs: 1145 - Found 0 features of type [RefAxis] in socket head cap screw_ai-11
2026-07-15 17:59:23,735 INFO  ExportHelperExtension.cs: 1125 - Retrieving features of type [RefAxis] from socket head cap screw_ai-8
2026-07-15 17:59:23,736 INFO  ExportHelperExtension.cs: 1136 - Found 46 in socket head cap screw_ai-8
2026-07-15 17:59:23,736 INFO  ExportHelperExtension.cs: 1145 - Found 0 features of type [RefAxis] in socket head cap screw_ai-8
2026-07-15 17:59:23,736 INFO  ExportHelperExtension.cs: 1125 - Retrieving features of type [RefAxis] from socket head cap screw_ai-14
2026-07-15 17:59:23,736 INFO  ExportHelperExtension.cs: 1136 - Found 46 in socket head cap screw_ai-14
2026-07-15 17:59:23,737 INFO  ExportHelperExtension.cs: 1145 - Found 0 features of type [RefAxis] in socket head cap screw_ai-14
2026-07-15 17:59:23,737 INFO  ExportHelperExtension.cs: 1125 - Retrieving features of type [RefAxis] from socket head cap screw_ai-6
2026-07-15 17:59:23,737 INFO  ExportHelperExtension.cs: 1136 - Found 46 in socket head cap screw_ai-6
2026-07-15 17:59:23,737 INFO  ExportHelperExtension.cs: 1145 - Found 0 features of type [RefAxis] in socket head cap screw_ai-6
2026-07-15 17:59:23,737 INFO  ExportHelperExtension.cs: 1125 - Retrieving features of type [RefAxis] from 联轴器 D32d14 L28 REF-1
2026-07-15 17:59:23,738 INFO  ExportHelperExtension.cs: 1136 - Found 44 in 联轴器 D32d14 L28 REF-1
2026-07-15 17:59:23,738 INFO  ExportHelperExtension.cs: 1145 - Found 0 features of type [RefAxis] in 联轴器 D32d14 L28 REF-1
2026-07-15 17:59:23,738 INFO  ExportHelperExtension.cs: 1125 - Retrieving features of type [RefAxis] from socket head cap screw_ai-12
2026-07-15 17:59:23,738 INFO  ExportHelperExtension.cs: 1136 - Found 46 in socket head cap screw_ai-12
2026-07-15 17:59:23,739 INFO  ExportHelperExtension.cs: 1145 - Found 0 features of type [RefAxis] in socket head cap screw_ai-12
2026-07-15 17:59:23,739 INFO  ExportHelperExtension.cs: 1125 - Retrieving features of type [RefAxis] from socket head cap screw_ai-9
2026-07-15 17:59:23,739 INFO  ExportHelperExtension.cs: 1136 - Found 46 in socket head cap screw_ai-9
2026-07-15 17:59:23,739 INFO  ExportHelperExtension.cs: 1145 - Found 0 features of type [RefAxis] in socket head cap screw_ai-9
2026-07-15 17:59:23,739 INFO  ExportHelperExtension.cs: 1125 - Retrieving features of type [RefAxis] from Shoulder - 联轴器D32d14版本-1
2026-07-15 17:59:23,740 INFO  ExportHelperExtension.cs: 1136 - Found 80 in Shoulder - 联轴器D32d14版本-1
2026-07-15 17:59:23,740 INFO  ExportHelperExtension.cs: 1145 - Found 0 features of type [RefAxis] in Shoulder - 联轴器D32d14版本-1
2026-07-15 17:59:23,740 INFO  ExportHelperExtension.cs: 1125 - Retrieving features of type [RefAxis] from 联轴器 D32d8 L28 REF-1
2026-07-15 17:59:23,740 INFO  ExportHelperExtension.cs: 1136 - Found 44 in 联轴器 D32d8 L28 REF-1
2026-07-15 17:59:23,741 INFO  ExportHelperExtension.cs: 1145 - Found 0 features of type [RefAxis] in 联轴器 D32d8 L28 REF-1
2026-07-15 17:59:23,741 INFO  ExportHelperExtension.cs: 1125 - Retrieving features of type [RefAxis] from 联轴器 D32d8 L28 REF-3
2026-07-15 17:59:23,748 INFO  ExportHelperExtension.cs: 1136 - Found 44 in 联轴器 D32d8 L28 REF-3
2026-07-15 17:59:23,748 INFO  ExportHelperExtension.cs: 1145 - Found 0 features of type [RefAxis] in 联轴器 D32d8 L28 REF-3
2026-07-15 17:59:23,904 INFO  SwAddin.cs: 339 - Loading config tree
2026-07-15 17:59:23,910 INFO  ExportPropertyManagerExtension.cs: 520 - Starting new configuration
2026-07-15 17:59:23,913 INFO  SwAddin.cs: 344 - Showing property manager
2026-07-15 17:59:28,554 INFO  ExportPropertyManager.cs: 1136 - OnNumberBoxTrackingCompleted called. This method no longer throws an Exception. It just silently does nothing. Ok, except for this logging message
2026-07-15 18:00:33,074 INFO  ExportPropertyManager.cs: 1018 - OnComboboxSelectionChanged called. This method no longer throws an Exception. It just silently does nothing. Ok, except for this logging message
2026-07-15 18:00:53,329 INFO  ExportPropertyManager.cs: 1142 - AfterClose called. This method no longer throws an Exception. It just silently does nothing. Ok, except for this logging message
2026-07-15 18:03:19,708 INFO  SwAddin.cs: 294 - Assembly export called for file Arm_Assemble.SLDASM
2026-07-15 18:03:19,708 INFO  SwAddin.cs: 299 - Save is required
2026-07-15 18:03:19,708 INFO  SwAddin.cs: 313 - Saving assembly
2026-07-15 18:03:21,647 INFO  SwAddin.cs: 316 - Opening property manager
2026-07-15 18:03:21,647 INFO  ExportHelperExtension.cs: 1125 - Retrieving features of type [CoordSys] from Arm_Assemble.SLDASM
2026-07-15 18:03:21,648 INFO  ExportHelperExtension.cs: 1136 - Found 412 in Arm_Assemble.SLDASM
2026-07-15 18:03:21,649 INFO  ExportHelperExtension.cs: 1145 - Found 0 features of type [CoordSys] in Arm_Assemble.SLDASM
2026-07-15 18:03:21,649 INFO  ExportHelperExtension.cs: 1148 - Proceeding through assembly components
2026-07-15 18:03:21,649 INFO  ExportHelperExtension.cs: 1160 - 43 components to check
2026-07-15 18:03:21,650 INFO  ExportHelperExtension.cs: 1125 - Retrieving features of type [CoordSys] from ZDT_X42_L40Motor.STEP-1
2026-07-15 18:03:21,650 INFO  ExportHelperExtension.cs: 1136 - Found 34 in ZDT_X42_L40Motor.STEP-1
2026-07-15 18:03:21,650 INFO  ExportHelperExtension.cs: 1145 - Found 0 features of type [CoordSys] in ZDT_X42_L40Motor.STEP-1
2026-07-15 18:03:21,650 INFO  ExportHelperExtension.cs: 1125 - Retrieving features of type [CoordSys] from Gripper_Assembly-1
2026-07-15 18:03:21,651 INFO  ExportHelperExtension.cs: 1136 - Found 46 in Gripper_Assembly-1
2026-07-15 18:03:21,651 INFO  ExportHelperExtension.cs: 1145 - Found 0 features of type [CoordSys] in Gripper_Assembly-1
2026-07-15 18:03:21,651 INFO  ExportHelperExtension.cs: 1125 - Retrieving features of type [CoordSys] from Wrist-1
2026-07-15 18:03:21,652 INFO  ExportHelperExtension.cs: 1136 - Found 48 in Wrist-1
2026-07-15 18:03:21,652 INFO  ExportHelperExtension.cs: 1145 - Found 0 features of type [CoordSys] in Wrist-1
2026-07-15 18:03:21,652 INFO  ExportHelperExtension.cs: 1125 - Retrieving features of type [CoordSys] from 涨紧套Z21 8X18X11 REF-1
2026-07-15 18:03:21,652 INFO  ExportHelperExtension.cs: 1136 - Found 25 in 涨紧套Z21 8X18X11 REF-1
2026-07-15 18:03:21,653 INFO  ExportHelperExtension.cs: 1145 - Found 0 features of type [CoordSys] in 涨紧套Z21 8X18X11 REF-1
2026-07-15 18:03:21,654 INFO  ExportHelperExtension.cs: 1125 - Retrieving features of type [CoordSys] from Forearm dn-1
2026-07-15 18:03:21,654 INFO  ExportHelperExtension.cs: 1136 - Found 51 in Forearm dn-1
2026-07-15 18:03:21,654 INFO  ExportHelperExtension.cs: 1145 - Found 0 features of type [CoordSys] in Forearm dn-1
2026-07-15 18:03:21,654 INFO  ExportHelperExtension.cs: 1125 - Retrieving features of type [CoordSys] from 42减速器 圆法兰 一级速比 REF-1
2026-07-15 18:03:21,655 INFO  ExportHelperExtension.cs: 1136 - Found 42 in 42减速器 圆法兰 一级速比 REF-1
2026-07-15 18:03:21,655 INFO  ExportHelperExtension.cs: 1145 - Found 0 features of type [CoordSys] in 42减速器 圆法兰 一级速比 REF-1
2026-07-15 18:03:21,655 INFO  ExportHelperExtension.cs: 1125 - Retrieving features of type [CoordSys] from ZDT_X42_L34Motor.STEP-1
2026-07-15 18:03:21,655 INFO  ExportHelperExtension.cs: 1136 - Found 34 in ZDT_X42_L34Motor.STEP-1
2026-07-15 18:03:21,656 INFO  ExportHelperExtension.cs: 1145 - Found 0 features of type [CoordSys] in ZDT_X42_L34Motor.STEP-1
2026-07-15 18:03:21,656 INFO  ExportHelperExtension.cs: 1125 - Retrieving features of type [CoordSys] from 42减速器 方法兰 二级速比(15+) REF-1
2026-07-15 18:03:21,657 INFO  ExportHelperExtension.cs: 1136 - Found 44 in 42减速器 方法兰 二级速比(15+) REF-1
2026-07-15 18:03:21,657 INFO  ExportHelperExtension.cs: 1145 - Found 0 features of type [CoordSys] in 42减速器 方法兰 二级速比(15+) REF-1
2026-07-15 18:03:21,657 INFO  ExportHelperExtension.cs: 1125 - Retrieving features of type [CoordSys] from 联轴器 D19d4 L20 REF-1
2026-07-15 18:03:21,658 INFO  ExportHelperExtension.cs: 1136 - Found 44 in 联轴器 D19d4 L20 REF-1
2026-07-15 18:03:21,658 INFO  ExportHelperExtension.cs: 1145 - Found 0 features of type [CoordSys] in 联轴器 D19d4 L20 REF-1
2026-07-15 18:03:21,658 INFO  ExportHelperExtension.cs: 1125 - Retrieving features of type [CoordSys] from OYU-8-6060-1
2026-07-15 18:03:21,658 INFO  ExportHelperExtension.cs: 1136 - Found 25 in OYU-8-6060-1
2026-07-15 18:03:21,659 INFO  ExportHelperExtension.cs: 1145 - Found 0 features of type [CoordSys] in OYU-8-6060-1
2026-07-15 18:03:21,659 INFO  ExportHelperExtension.cs: 1125 - Retrieving features of type [CoordSys] from 57减速器 方法兰 二级速比(15+) REF-1
2026-07-15 18:03:21,659 INFO  ExportHelperExtension.cs: 1136 - Found 40 in 57减速器 方法兰 二级速比(15+) REF-1
2026-07-15 18:03:21,659 INFO  ExportHelperExtension.cs: 1145 - Found 0 features of type [CoordSys] in 57减速器 方法兰 二级速比(15+) REF-1
2026-07-15 18:03:21,660 INFO  ExportHelperExtension.cs: 1125 - Retrieving features of type [CoordSys] from 6060 Cotter pin-3
2026-07-15 18:03:21,660 INFO  ExportHelperExtension.cs: 1136 - Found 29 in 6060 Cotter pin-3
2026-07-15 18:03:21,660 INFO  ExportHelperExtension.cs: 1145 - Found 0 features of type [CoordSys] in 6060 Cotter pin-3
2026-07-15 18:03:21,660 INFO  ExportHelperExtension.cs: 1125 - Retrieving features of type [CoordSys] from 42减速器 圆法兰 一级速比 REF-2
2026-07-15 18:03:21,660 INFO  ExportHelperExtension.cs: 1136 - Found 42 in 42减速器 圆法兰 一级速比 REF-2
2026-07-15 18:03:21,661 INFO  ExportHelperExtension.cs: 1145 - Found 0 features of type [CoordSys] in 42减速器 圆法兰 一级速比 REF-2
2026-07-15 18:03:21,661 INFO  ExportHelperExtension.cs: 1125 - Retrieving features of type [CoordSys] from Upperarm dn - 联轴器D32d8版本-1
2026-07-15 18:03:21,661 INFO  ExportHelperExtension.cs: 1136 - Found 88 in Upperarm dn - 联轴器D32d8版本-1
2026-07-15 18:03:21,662 INFO  ExportHelperExtension.cs: 1145 - Found 0 features of type [CoordSys] in Upperarm dn - 联轴器D32d8版本-1
2026-07-15 18:03:21,662 INFO  ExportHelperExtension.cs: 1125 - Retrieving features of type [CoordSys] from ZDT_X42_L40Motor.STEP-2
2026-07-15 18:03:21,662 INFO  ExportHelperExtension.cs: 1136 - Found 34 in ZDT_X42_L40Motor.STEP-2
2026-07-15 18:03:21,662 INFO  ExportHelperExtension.cs: 1145 - Found 0 features of type [CoordSys] in ZDT_X42_L40Motor.STEP-2
2026-07-15 18:03:21,663 INFO  ExportHelperExtension.cs: 1125 - Retrieving features of type [CoordSys] from 42减速器 圆法兰 一级速比 REF-3
2026-07-15 18:03:21,663 INFO  ExportHelperExtension.cs: 1136 - Found 42 in 42减速器 圆法兰 一级速比 REF-3
2026-07-15 18:03:21,663 INFO  ExportHelperExtension.cs: 1145 - Found 0 features of type [CoordSys] in 42减速器 圆法兰 一级速比 REF-3
2026-07-15 18:03:21,663 INFO  ExportHelperExtension.cs: 1125 - Retrieving features of type [CoordSys] from ZDT_X42_L60Motor.STEP-2
2026-07-15 18:03:21,663 INFO  ExportHelperExtension.cs: 1136 - Found 34 in ZDT_X42_L60Motor.STEP-2
2026-07-15 18:03:21,663 INFO  ExportHelperExtension.cs: 1145 - Found 0 features of type [CoordSys] in ZDT_X42_L60Motor.STEP-2
2026-07-15 18:03:21,665 INFO  ExportHelperExtension.cs: 1125 - Retrieving features of type [CoordSys] from Forearm up - 联轴器D32d8版本-1
2026-07-15 18:03:21,665 INFO  ExportHelperExtension.cs: 1136 - Found 59 in Forearm up - 联轴器D32d8版本-1
2026-07-15 18:03:21,665 INFO  ExportHelperExtension.cs: 1145 - Found 0 features of type [CoordSys] in Forearm up - 联轴器D32d8版本-1
2026-07-15 18:03:21,665 INFO  ExportHelperExtension.cs: 1125 - Retrieving features of type [CoordSys] from J1 Base-1
2026-07-15 18:03:21,666 INFO  ExportHelperExtension.cs: 1136 - Found 66 in J1 Base-1
2026-07-15 18:03:21,666 INFO  ExportHelperExtension.cs: 1145 - Found 0 features of type [CoordSys] in J1 Base-1
2026-07-15 18:03:21,667 INFO  ExportHelperExtension.cs: 1125 - Retrieving features of type [CoordSys] from ZDT_X57_L76Motor.STEP-1
2026-07-15 18:03:21,668 INFO  ExportHelperExtension.cs: 1136 - Found 34 in ZDT_X57_L76Motor.STEP-1
2026-07-15 18:03:21,668 INFO  ExportHelperExtension.cs: 1145 - Found 0 features of type [CoordSys] in ZDT_X57_L76Motor.STEP-1
2026-07-15 18:03:21,668 INFO  ExportHelperExtension.cs: 1125 - Retrieving features of type [CoordSys] from 6060 Cotter pin-1
2026-07-15 18:03:21,669 INFO  ExportHelperExtension.cs: 1136 - Found 29 in 6060 Cotter pin-1
2026-07-15 18:03:21,669 INFO  ExportHelperExtension.cs: 1145 - Found 0 features of type [CoordSys] in 6060 Cotter pin-1
2026-07-15 18:03:21,669 INFO  ExportHelperExtension.cs: 1125 - Retrieving features of type [CoordSys] from 6060 Cotter pin-2
2026-07-15 18:03:21,670 INFO  ExportHelperExtension.cs: 1136 - Found 29 in 6060 Cotter pin-2
2026-07-15 18:03:21,670 INFO  ExportHelperExtension.cs: 1145 - Found 0 features of type [CoordSys] in 6060 Cotter pin-2
2026-07-15 18:03:21,670 INFO  ExportHelperExtension.cs: 1125 - Retrieving features of type [CoordSys] from 6060 Cotter pin-4
2026-07-15 18:03:21,670 INFO  ExportHelperExtension.cs: 1136 - Found 29 in 6060 Cotter pin-4
2026-07-15 18:03:21,671 INFO  ExportHelperExtension.cs: 1145 - Found 0 features of type [CoordSys] in 6060 Cotter pin-4
2026-07-15 18:03:21,671 INFO  ExportHelperExtension.cs: 1125 - Retrieving features of type [CoordSys] from ZDT_X42_L48Motor.STEP-3
2026-07-15 18:03:21,671 INFO  ExportHelperExtension.cs: 1136 - Found 34 in ZDT_X42_L48Motor.STEP-3
2026-07-15 18:03:21,671 INFO  ExportHelperExtension.cs: 1145 - Found 0 features of type [CoordSys] in ZDT_X42_L48Motor.STEP-3
2026-07-15 18:03:21,672 INFO  ExportHelperExtension.cs: 1125 - Retrieving features of type [CoordSys] from socket head cap screw_ai-1
2026-07-15 18:03:21,672 INFO  ExportHelperExtension.cs: 1136 - Found 46 in socket head cap screw_ai-1
2026-07-15 18:03:21,672 INFO  ExportHelperExtension.cs: 1145 - Found 0 features of type [CoordSys] in socket head cap screw_ai-1
2026-07-15 18:03:21,672 INFO  ExportHelperExtension.cs: 1125 - Retrieving features of type [CoordSys] from socket head cap screw_ai-2
2026-07-15 18:03:21,673 INFO  ExportHelperExtension.cs: 1136 - Found 46 in socket head cap screw_ai-2
2026-07-15 18:03:21,673 INFO  ExportHelperExtension.cs: 1145 - Found 0 features of type [CoordSys] in socket head cap screw_ai-2
2026-07-15 18:03:21,673 INFO  ExportHelperExtension.cs: 1125 - Retrieving features of type [CoordSys] from socket head cap screw_ai-4
2026-07-15 18:03:21,674 INFO  ExportHelperExtension.cs: 1136 - Found 46 in socket head cap screw_ai-4
2026-07-15 18:03:21,674 INFO  ExportHelperExtension.cs: 1145 - Found 0 features of type [CoordSys] in socket head cap screw_ai-4
2026-07-15 18:03:21,674 INFO  ExportHelperExtension.cs: 1125 - Retrieving features of type [CoordSys] from socket head cap screw_ai-3
2026-07-15 18:03:21,674 INFO  ExportHelperExtension.cs: 1136 - Found 46 in socket head cap screw_ai-3
2026-07-15 18:03:21,675 INFO  ExportHelperExtension.cs: 1145 - Found 0 features of type [CoordSys] in socket head cap screw_ai-3
2026-07-15 18:03:21,675 INFO  ExportHelperExtension.cs: 1125 - Retrieving features of type [CoordSys] from ZDT_X42_L48Motor.STEP-2
2026-07-15 18:03:21,675 INFO  ExportHelperExtension.cs: 1136 - Found 34 in ZDT_X42_L48Motor.STEP-2
2026-07-15 18:03:21,675 INFO  ExportHelperExtension.cs: 1145 - Found 0 features of type [CoordSys] in ZDT_X42_L48Motor.STEP-2
2026-07-15 18:03:21,676 INFO  ExportHelperExtension.cs: 1125 - Retrieving features of type [CoordSys] from socket head cap screw_ai-13
2026-07-15 18:03:21,676 INFO  ExportHelperExtension.cs: 1136 - Found 46 in socket head cap screw_ai-13
2026-07-15 18:03:21,676 INFO  ExportHelperExtension.cs: 1145 - Found 0 features of type [CoordSys] in socket head cap screw_ai-13
2026-07-15 18:03:21,676 INFO  ExportHelperExtension.cs: 1125 - Retrieving features of type [CoordSys] from Upperarm up - 联轴器D32d8版本-1
2026-07-15 18:03:21,677 INFO  ExportHelperExtension.cs: 1136 - Found 82 in Upperarm up - 联轴器D32d8版本-1
2026-07-15 18:03:21,677 INFO  ExportHelperExtension.cs: 1145 - Found 0 features of type [CoordSys] in Upperarm up - 联轴器D32d8版本-1
2026-07-15 18:03:21,677 INFO  ExportHelperExtension.cs: 1125 - Retrieving features of type [CoordSys] from 联轴器 D32d8 L28 REF-2
2026-07-15 18:03:21,678 INFO  ExportHelperExtension.cs: 1136 - Found 44 in 联轴器 D32d8 L28 REF-2
2026-07-15 18:03:21,678 INFO  ExportHelperExtension.cs: 1145 - Found 0 features of type [CoordSys] in 联轴器 D32d8 L28 REF-2
2026-07-15 18:03:21,678 INFO  ExportHelperExtension.cs: 1125 - Retrieving features of type [CoordSys] from socket head cap screw_ai-7
2026-07-15 18:03:21,678 INFO  ExportHelperExtension.cs: 1136 - Found 46 in socket head cap screw_ai-7
2026-07-15 18:03:21,679 INFO  ExportHelperExtension.cs: 1145 - Found 0 features of type [CoordSys] in socket head cap screw_ai-7
2026-07-15 18:03:21,679 INFO  ExportHelperExtension.cs: 1125 - Retrieving features of type [CoordSys] from socket head cap screw_ai-11
2026-07-15 18:03:21,679 INFO  ExportHelperExtension.cs: 1136 - Found 46 in socket head cap screw_ai-11
2026-07-15 18:03:21,679 INFO  ExportHelperExtension.cs: 1145 - Found 0 features of type [CoordSys] in socket head cap screw_ai-11
2026-07-15 18:03:21,680 INFO  ExportHelperExtension.cs: 1125 - Retrieving features of type [CoordSys] from socket head cap screw_ai-8
2026-07-15 18:03:21,680 INFO  ExportHelperExtension.cs: 1136 - Found 46 in socket head cap screw_ai-8
2026-07-15 18:03:21,680 INFO  ExportHelperExtension.cs: 1145 - Found 0 features of type [CoordSys] in socket head cap screw_ai-8
2026-07-15 18:03:21,680 INFO  ExportHelperExtension.cs: 1125 - Retrieving features of type [CoordSys] from socket head cap screw_ai-14
2026-07-15 18:03:21,680 INFO  ExportHelperExtension.cs: 1136 - Found 46 in socket head cap screw_ai-14
2026-07-15 18:03:21,681 INFO  ExportHelperExtension.cs: 1145 - Found 0 features of type [CoordSys] in socket head cap screw_ai-14
2026-07-15 18:03:21,681 INFO  ExportHelperExtension.cs: 1125 - Retrieving features of type [CoordSys] from socket head cap screw_ai-6
2026-07-15 18:03:21,681 INFO  ExportHelperExtension.cs: 1136 - Found 46 in socket head cap screw_ai-6
2026-07-15 18:03:21,681 INFO  ExportHelperExtension.cs: 1145 - Found 0 features of type [CoordSys] in socket head cap screw_ai-6
2026-07-15 18:03:21,682 INFO  ExportHelperExtension.cs: 1125 - Retrieving features of type [CoordSys] from 联轴器 D32d14 L28 REF-1
2026-07-15 18:03:21,773 INFO  ExportHelperExtension.cs: 1136 - Found 44 in 联轴器 D32d14 L28 REF-1
2026-07-15 18:03:21,773 INFO  ExportHelperExtension.cs: 1145 - Found 0 features of type [CoordSys] in 联轴器 D32d14 L28 REF-1
2026-07-15 18:03:21,773 INFO  ExportHelperExtension.cs: 1125 - Retrieving features of type [CoordSys] from socket head cap screw_ai-12
2026-07-15 18:03:21,774 INFO  ExportHelperExtension.cs: 1136 - Found 46 in socket head cap screw_ai-12
2026-07-15 18:03:21,774 INFO  ExportHelperExtension.cs: 1145 - Found 0 features of type [CoordSys] in socket head cap screw_ai-12
2026-07-15 18:03:21,774 INFO  ExportHelperExtension.cs: 1125 - Retrieving features of type [CoordSys] from socket head cap screw_ai-9
2026-07-15 18:03:21,775 INFO  ExportHelperExtension.cs: 1136 - Found 46 in socket head cap screw_ai-9
2026-07-15 18:03:21,775 INFO  ExportHelperExtension.cs: 1145 - Found 0 features of type [CoordSys] in socket head cap screw_ai-9
2026-07-15 18:03:21,775 INFO  ExportHelperExtension.cs: 1125 - Retrieving features of type [CoordSys] from Shoulder - 联轴器D32d14版本-1
2026-07-15 18:03:21,775 INFO  ExportHelperExtension.cs: 1136 - Found 80 in Shoulder - 联轴器D32d14版本-1
2026-07-15 18:03:21,776 INFO  ExportHelperExtension.cs: 1145 - Found 0 features of type [CoordSys] in Shoulder - 联轴器D32d14版本-1
2026-07-15 18:03:21,776 INFO  ExportHelperExtension.cs: 1125 - Retrieving features of type [CoordSys] from 联轴器 D32d8 L28 REF-1
2026-07-15 18:03:21,776 INFO  ExportHelperExtension.cs: 1136 - Found 44 in 联轴器 D32d8 L28 REF-1
2026-07-15 18:03:21,777 INFO  ExportHelperExtension.cs: 1145 - Found 0 features of type [CoordSys] in 联轴器 D32d8 L28 REF-1
2026-07-15 18:03:21,777 INFO  ExportHelperExtension.cs: 1125 - Retrieving features of type [CoordSys] from 联轴器 D32d8 L28 REF-3
2026-07-15 18:03:21,777 INFO  ExportHelperExtension.cs: 1136 - Found 44 in 联轴器 D32d8 L28 REF-3
2026-07-15 18:03:21,777 INFO  ExportHelperExtension.cs: 1145 - Found 0 features of type [CoordSys] in 联轴器 D32d8 L28 REF-3
2026-07-15 18:03:21,778 INFO  ExportHelperExtension.cs: 1125 - Retrieving features of type [RefAxis] from Arm_Assemble.SLDASM
2026-07-15 18:03:21,778 INFO  ExportHelperExtension.cs: 1136 - Found 412 in Arm_Assemble.SLDASM
2026-07-15 18:03:21,779 INFO  ExportHelperExtension.cs: 1145 - Found 6 features of type [RefAxis] in Arm_Assemble.SLDASM
2026-07-15 18:03:21,779 INFO  ExportHelperExtension.cs: 1148 - Proceeding through assembly components
2026-07-15 18:03:21,779 INFO  ExportHelperExtension.cs: 1160 - 43 components to check
2026-07-15 18:03:21,780 INFO  ExportHelperExtension.cs: 1125 - Retrieving features of type [RefAxis] from ZDT_X42_L40Motor.STEP-1
2026-07-15 18:03:21,780 INFO  ExportHelperExtension.cs: 1136 - Found 34 in ZDT_X42_L40Motor.STEP-1
2026-07-15 18:03:21,780 INFO  ExportHelperExtension.cs: 1145 - Found 0 features of type [RefAxis] in ZDT_X42_L40Motor.STEP-1
2026-07-15 18:03:21,780 INFO  ExportHelperExtension.cs: 1125 - Retrieving features of type [RefAxis] from Gripper_Assembly-1
2026-07-15 18:03:21,781 INFO  ExportHelperExtension.cs: 1136 - Found 46 in Gripper_Assembly-1
2026-07-15 18:03:21,781 INFO  ExportHelperExtension.cs: 1145 - Found 0 features of type [RefAxis] in Gripper_Assembly-1
2026-07-15 18:03:21,781 INFO  ExportHelperExtension.cs: 1125 - Retrieving features of type [RefAxis] from Wrist-1
2026-07-15 18:03:21,781 INFO  ExportHelperExtension.cs: 1136 - Found 48 in Wrist-1
2026-07-15 18:03:21,782 INFO  ExportHelperExtension.cs: 1145 - Found 0 features of type [RefAxis] in Wrist-1
2026-07-15 18:03:21,782 INFO  ExportHelperExtension.cs: 1125 - Retrieving features of type [RefAxis] from 涨紧套Z21 8X18X11 REF-1
2026-07-15 18:03:21,782 INFO  ExportHelperExtension.cs: 1136 - Found 25 in 涨紧套Z21 8X18X11 REF-1
2026-07-15 18:03:21,782 INFO  ExportHelperExtension.cs: 1145 - Found 0 features of type [RefAxis] in 涨紧套Z21 8X18X11 REF-1
2026-07-15 18:03:21,782 INFO  ExportHelperExtension.cs: 1125 - Retrieving features of type [RefAxis] from Forearm dn-1
2026-07-15 18:03:21,783 INFO  ExportHelperExtension.cs: 1136 - Found 51 in Forearm dn-1
2026-07-15 18:03:21,783 INFO  ExportHelperExtension.cs: 1145 - Found 0 features of type [RefAxis] in Forearm dn-1
2026-07-15 18:03:21,783 INFO  ExportHelperExtension.cs: 1125 - Retrieving features of type [RefAxis] from 42减速器 圆法兰 一级速比 REF-1
2026-07-15 18:03:21,784 INFO  ExportHelperExtension.cs: 1136 - Found 42 in 42减速器 圆法兰 一级速比 REF-1
2026-07-15 18:03:21,784 INFO  ExportHelperExtension.cs: 1145 - Found 0 features of type [RefAxis] in 42减速器 圆法兰 一级速比 REF-1
2026-07-15 18:03:21,784 INFO  ExportHelperExtension.cs: 1125 - Retrieving features of type [RefAxis] from ZDT_X42_L34Motor.STEP-1
2026-07-15 18:03:21,784 INFO  ExportHelperExtension.cs: 1136 - Found 34 in ZDT_X42_L34Motor.STEP-1
2026-07-15 18:03:21,785 INFO  ExportHelperExtension.cs: 1145 - Found 0 features of type [RefAxis] in ZDT_X42_L34Motor.STEP-1
2026-07-15 18:03:21,785 INFO  ExportHelperExtension.cs: 1125 - Retrieving features of type [RefAxis] from 42减速器 方法兰 二级速比(15+) REF-1
2026-07-15 18:03:21,785 INFO  ExportHelperExtension.cs: 1136 - Found 44 in 42减速器 方法兰 二级速比(15+) REF-1
2026-07-15 18:03:21,785 INFO  ExportHelperExtension.cs: 1145 - Found 0 features of type [RefAxis] in 42减速器 方法兰 二级速比(15+) REF-1
2026-07-15 18:03:21,785 INFO  ExportHelperExtension.cs: 1125 - Retrieving features of type [RefAxis] from 联轴器 D19d4 L20 REF-1
2026-07-15 18:03:21,786 INFO  ExportHelperExtension.cs: 1136 - Found 44 in 联轴器 D19d4 L20 REF-1
2026-07-15 18:03:21,786 INFO  ExportHelperExtension.cs: 1145 - Found 0 features of type [RefAxis] in 联轴器 D19d4 L20 REF-1
2026-07-15 18:03:21,786 INFO  ExportHelperExtension.cs: 1125 - Retrieving features of type [RefAxis] from OYU-8-6060-1
2026-07-15 18:03:21,787 INFO  ExportHelperExtension.cs: 1136 - Found 25 in OYU-8-6060-1
2026-07-15 18:03:21,787 INFO  ExportHelperExtension.cs: 1145 - Found 0 features of type [RefAxis] in OYU-8-6060-1
2026-07-15 18:03:21,787 INFO  ExportHelperExtension.cs: 1125 - Retrieving features of type [RefAxis] from 57减速器 方法兰 二级速比(15+) REF-1
2026-07-15 18:03:21,787 INFO  ExportHelperExtension.cs: 1136 - Found 40 in 57减速器 方法兰 二级速比(15+) REF-1
2026-07-15 18:03:21,787 INFO  ExportHelperExtension.cs: 1145 - Found 0 features of type [RefAxis] in 57减速器 方法兰 二级速比(15+) REF-1
2026-07-15 18:03:21,788 INFO  ExportHelperExtension.cs: 1125 - Retrieving features of type [RefAxis] from 6060 Cotter pin-3
2026-07-15 18:03:21,788 INFO  ExportHelperExtension.cs: 1136 - Found 29 in 6060 Cotter pin-3
2026-07-15 18:03:21,788 INFO  ExportHelperExtension.cs: 1145 - Found 0 features of type [RefAxis] in 6060 Cotter pin-3
2026-07-15 18:03:21,788 INFO  ExportHelperExtension.cs: 1125 - Retrieving features of type [RefAxis] from 42减速器 圆法兰 一级速比 REF-2
2026-07-15 18:03:21,789 INFO  ExportHelperExtension.cs: 1136 - Found 42 in 42减速器 圆法兰 一级速比 REF-2
2026-07-15 18:03:21,789 INFO  ExportHelperExtension.cs: 1145 - Found 0 features of type [RefAxis] in 42减速器 圆法兰 一级速比 REF-2
2026-07-15 18:03:21,789 INFO  ExportHelperExtension.cs: 1125 - Retrieving features of type [RefAxis] from Upperarm dn - 联轴器D32d8版本-1
2026-07-15 18:03:21,790 INFO  ExportHelperExtension.cs: 1136 - Found 88 in Upperarm dn - 联轴器D32d8版本-1
2026-07-15 18:03:21,790 INFO  ExportHelperExtension.cs: 1145 - Found 0 features of type [RefAxis] in Upperarm dn - 联轴器D32d8版本-1
2026-07-15 18:03:21,790 INFO  ExportHelperExtension.cs: 1125 - Retrieving features of type [RefAxis] from ZDT_X42_L40Motor.STEP-2
2026-07-15 18:03:21,790 INFO  ExportHelperExtension.cs: 1136 - Found 34 in ZDT_X42_L40Motor.STEP-2
2026-07-15 18:03:21,791 INFO  ExportHelperExtension.cs: 1145 - Found 0 features of type [RefAxis] in ZDT_X42_L40Motor.STEP-2
2026-07-15 18:03:21,791 INFO  ExportHelperExtension.cs: 1125 - Retrieving features of type [RefAxis] from 42减速器 圆法兰 一级速比 REF-3
2026-07-15 18:03:21,791 INFO  ExportHelperExtension.cs: 1136 - Found 42 in 42减速器 圆法兰 一级速比 REF-3
2026-07-15 18:03:21,791 INFO  ExportHelperExtension.cs: 1145 - Found 0 features of type [RefAxis] in 42减速器 圆法兰 一级速比 REF-3
2026-07-15 18:03:21,792 INFO  ExportHelperExtension.cs: 1125 - Retrieving features of type [RefAxis] from ZDT_X42_L60Motor.STEP-2
2026-07-15 18:03:21,792 INFO  ExportHelperExtension.cs: 1136 - Found 34 in ZDT_X42_L60Motor.STEP-2
2026-07-15 18:03:21,792 INFO  ExportHelperExtension.cs: 1145 - Found 0 features of type [RefAxis] in ZDT_X42_L60Motor.STEP-2
2026-07-15 18:03:21,792 INFO  ExportHelperExtension.cs: 1125 - Retrieving features of type [RefAxis] from Forearm up - 联轴器D32d8版本-1
2026-07-15 18:03:21,793 INFO  ExportHelperExtension.cs: 1136 - Found 59 in Forearm up - 联轴器D32d8版本-1
2026-07-15 18:03:21,793 INFO  ExportHelperExtension.cs: 1145 - Found 0 features of type [RefAxis] in Forearm up - 联轴器D32d8版本-1
2026-07-15 18:03:21,793 INFO  ExportHelperExtension.cs: 1125 - Retrieving features of type [RefAxis] from J1 Base-1
2026-07-15 18:03:21,793 INFO  ExportHelperExtension.cs: 1136 - Found 66 in J1 Base-1
2026-07-15 18:03:21,794 INFO  ExportHelperExtension.cs: 1145 - Found 0 features of type [RefAxis] in J1 Base-1
2026-07-15 18:03:21,794 INFO  ExportHelperExtension.cs: 1125 - Retrieving features of type [RefAxis] from ZDT_X57_L76Motor.STEP-1
2026-07-15 18:03:21,794 INFO  ExportHelperExtension.cs: 1136 - Found 34 in ZDT_X57_L76Motor.STEP-1
2026-07-15 18:03:21,794 INFO  ExportHelperExtension.cs: 1145 - Found 0 features of type [RefAxis] in ZDT_X57_L76Motor.STEP-1
2026-07-15 18:03:21,795 INFO  ExportHelperExtension.cs: 1125 - Retrieving features of type [RefAxis] from 6060 Cotter pin-1
2026-07-15 18:03:21,795 INFO  ExportHelperExtension.cs: 1136 - Found 29 in 6060 Cotter pin-1
2026-07-15 18:03:21,795 INFO  ExportHelperExtension.cs: 1145 - Found 0 features of type [RefAxis] in 6060 Cotter pin-1
2026-07-15 18:03:21,795 INFO  ExportHelperExtension.cs: 1125 - Retrieving features of type [RefAxis] from 6060 Cotter pin-2
2026-07-15 18:03:21,795 INFO  ExportHelperExtension.cs: 1136 - Found 29 in 6060 Cotter pin-2
2026-07-15 18:03:21,796 INFO  ExportHelperExtension.cs: 1145 - Found 0 features of type [RefAxis] in 6060 Cotter pin-2
2026-07-15 18:03:21,796 INFO  ExportHelperExtension.cs: 1125 - Retrieving features of type [RefAxis] from 6060 Cotter pin-4
2026-07-15 18:03:21,796 INFO  ExportHelperExtension.cs: 1136 - Found 29 in 6060 Cotter pin-4
2026-07-15 18:03:21,796 INFO  ExportHelperExtension.cs: 1145 - Found 0 features of type [RefAxis] in 6060 Cotter pin-4
2026-07-15 18:03:21,797 INFO  ExportHelperExtension.cs: 1125 - Retrieving features of type [RefAxis] from ZDT_X42_L48Motor.STEP-3
2026-07-15 18:03:21,797 INFO  ExportHelperExtension.cs: 1136 - Found 34 in ZDT_X42_L48Motor.STEP-3
2026-07-15 18:03:21,797 INFO  ExportHelperExtension.cs: 1145 - Found 0 features of type [RefAxis] in ZDT_X42_L48Motor.STEP-3
2026-07-15 18:03:21,797 INFO  ExportHelperExtension.cs: 1125 - Retrieving features of type [RefAxis] from socket head cap screw_ai-1
2026-07-15 18:03:21,797 INFO  ExportHelperExtension.cs: 1136 - Found 46 in socket head cap screw_ai-1
2026-07-15 18:03:21,798 INFO  ExportHelperExtension.cs: 1145 - Found 0 features of type [RefAxis] in socket head cap screw_ai-1
2026-07-15 18:03:21,798 INFO  ExportHelperExtension.cs: 1125 - Retrieving features of type [RefAxis] from socket head cap screw_ai-2
2026-07-15 18:03:21,798 INFO  ExportHelperExtension.cs: 1136 - Found 46 in socket head cap screw_ai-2
2026-07-15 18:03:21,798 INFO  ExportHelperExtension.cs: 1145 - Found 0 features of type [RefAxis] in socket head cap screw_ai-2
2026-07-15 18:03:21,799 INFO  ExportHelperExtension.cs: 1125 - Retrieving features of type [RefAxis] from socket head cap screw_ai-4
2026-07-15 18:03:21,799 INFO  ExportHelperExtension.cs: 1136 - Found 46 in socket head cap screw_ai-4
2026-07-15 18:03:21,799 INFO  ExportHelperExtension.cs: 1145 - Found 0 features of type [RefAxis] in socket head cap screw_ai-4
2026-07-15 18:03:21,799 INFO  ExportHelperExtension.cs: 1125 - Retrieving features of type [RefAxis] from socket head cap screw_ai-3
2026-07-15 18:03:21,800 INFO  ExportHelperExtension.cs: 1136 - Found 46 in socket head cap screw_ai-3
2026-07-15 18:03:21,800 INFO  ExportHelperExtension.cs: 1145 - Found 0 features of type [RefAxis] in socket head cap screw_ai-3
2026-07-15 18:03:21,800 INFO  ExportHelperExtension.cs: 1125 - Retrieving features of type [RefAxis] from ZDT_X42_L48Motor.STEP-2
2026-07-15 18:03:21,800 INFO  ExportHelperExtension.cs: 1136 - Found 34 in ZDT_X42_L48Motor.STEP-2
2026-07-15 18:03:21,800 INFO  ExportHelperExtension.cs: 1145 - Found 0 features of type [RefAxis] in ZDT_X42_L48Motor.STEP-2
2026-07-15 18:03:21,801 INFO  ExportHelperExtension.cs: 1125 - Retrieving features of type [RefAxis] from socket head cap screw_ai-13
2026-07-15 18:03:21,801 INFO  ExportHelperExtension.cs: 1136 - Found 46 in socket head cap screw_ai-13
2026-07-15 18:03:21,801 INFO  ExportHelperExtension.cs: 1145 - Found 0 features of type [RefAxis] in socket head cap screw_ai-13
2026-07-15 18:03:21,801 INFO  ExportHelperExtension.cs: 1125 - Retrieving features of type [RefAxis] from Upperarm up - 联轴器D32d8版本-1
2026-07-15 18:03:21,802 INFO  ExportHelperExtension.cs: 1136 - Found 82 in Upperarm up - 联轴器D32d8版本-1
2026-07-15 18:03:21,802 INFO  ExportHelperExtension.cs: 1145 - Found 1 features of type [RefAxis] in Upperarm up - 联轴器D32d8版本-1
2026-07-15 18:03:21,802 INFO  ExportHelperExtension.cs: 1125 - Retrieving features of type [RefAxis] from 联轴器 D32d8 L28 REF-2
2026-07-15 18:03:21,802 INFO  ExportHelperExtension.cs: 1136 - Found 44 in 联轴器 D32d8 L28 REF-2
2026-07-15 18:03:21,803 INFO  ExportHelperExtension.cs: 1145 - Found 0 features of type [RefAxis] in 联轴器 D32d8 L28 REF-2
2026-07-15 18:03:21,803 INFO  ExportHelperExtension.cs: 1125 - Retrieving features of type [RefAxis] from socket head cap screw_ai-7
2026-07-15 18:03:21,803 INFO  ExportHelperExtension.cs: 1136 - Found 46 in socket head cap screw_ai-7
2026-07-15 18:03:21,803 INFO  ExportHelperExtension.cs: 1145 - Found 0 features of type [RefAxis] in socket head cap screw_ai-7
2026-07-15 18:03:21,804 INFO  ExportHelperExtension.cs: 1125 - Retrieving features of type [RefAxis] from socket head cap screw_ai-11
2026-07-15 18:03:21,804 INFO  ExportHelperExtension.cs: 1136 - Found 46 in socket head cap screw_ai-11
2026-07-15 18:03:21,804 INFO  ExportHelperExtension.cs: 1145 - Found 0 features of type [RefAxis] in socket head cap screw_ai-11
2026-07-15 18:03:21,804 INFO  ExportHelperExtension.cs: 1125 - Retrieving features of type [RefAxis] from socket head cap screw_ai-8
2026-07-15 18:03:21,805 INFO  ExportHelperExtension.cs: 1136 - Found 46 in socket head cap screw_ai-8
2026-07-15 18:03:21,805 INFO  ExportHelperExtension.cs: 1145 - Found 0 features of type [RefAxis] in socket head cap screw_ai-8
2026-07-15 18:03:21,805 INFO  ExportHelperExtension.cs: 1125 - Retrieving features of type [RefAxis] from socket head cap screw_ai-14
2026-07-15 18:03:21,805 INFO  ExportHelperExtension.cs: 1136 - Found 46 in socket head cap screw_ai-14
2026-07-15 18:03:21,805 INFO  ExportHelperExtension.cs: 1145 - Found 0 features of type [RefAxis] in socket head cap screw_ai-14
2026-07-15 18:03:21,806 INFO  ExportHelperExtension.cs: 1125 - Retrieving features of type [RefAxis] from socket head cap screw_ai-6
2026-07-15 18:03:21,806 INFO  ExportHelperExtension.cs: 1136 - Found 46 in socket head cap screw_ai-6
2026-07-15 18:03:21,807 INFO  ExportHelperExtension.cs: 1145 - Found 0 features of type [RefAxis] in socket head cap screw_ai-6
2026-07-15 18:03:21,807 INFO  ExportHelperExtension.cs: 1125 - Retrieving features of type [RefAxis] from 联轴器 D32d14 L28 REF-1
2026-07-15 18:03:21,807 INFO  ExportHelperExtension.cs: 1136 - Found 44 in 联轴器 D32d14 L28 REF-1
2026-07-15 18:03:21,807 INFO  ExportHelperExtension.cs: 1145 - Found 0 features of type [RefAxis] in 联轴器 D32d14 L28 REF-1
2026-07-15 18:03:21,807 INFO  ExportHelperExtension.cs: 1125 - Retrieving features of type [RefAxis] from socket head cap screw_ai-12
2026-07-15 18:03:21,808 INFO  ExportHelperExtension.cs: 1136 - Found 46 in socket head cap screw_ai-12
2026-07-15 18:03:21,808 INFO  ExportHelperExtension.cs: 1145 - Found 0 features of type [RefAxis] in socket head cap screw_ai-12
2026-07-15 18:03:21,808 INFO  ExportHelperExtension.cs: 1125 - Retrieving features of type [RefAxis] from socket head cap screw_ai-9
2026-07-15 18:03:21,808 INFO  ExportHelperExtension.cs: 1136 - Found 46 in socket head cap screw_ai-9
2026-07-15 18:03:21,809 INFO  ExportHelperExtension.cs: 1145 - Found 0 features of type [RefAxis] in socket head cap screw_ai-9
2026-07-15 18:03:21,809 INFO  ExportHelperExtension.cs: 1125 - Retrieving features of type [RefAxis] from Shoulder - 联轴器D32d14版本-1
2026-07-15 18:03:21,809 INFO  ExportHelperExtension.cs: 1136 - Found 80 in Shoulder - 联轴器D32d14版本-1
2026-07-15 18:03:21,809 INFO  ExportHelperExtension.cs: 1145 - Found 0 features of type [RefAxis] in Shoulder - 联轴器D32d14版本-1
2026-07-15 18:03:21,810 INFO  ExportHelperExtension.cs: 1125 - Retrieving features of type [RefAxis] from 联轴器 D32d8 L28 REF-1
2026-07-15 18:03:21,810 INFO  ExportHelperExtension.cs: 1136 - Found 44 in 联轴器 D32d8 L28 REF-1
2026-07-15 18:03:21,810 INFO  ExportHelperExtension.cs: 1145 - Found 0 features of type [RefAxis] in 联轴器 D32d8 L28 REF-1
2026-07-15 18:03:21,810 INFO  ExportHelperExtension.cs: 1125 - Retrieving features of type [RefAxis] from 联轴器 D32d8 L28 REF-3
2026-07-15 18:03:21,811 INFO  ExportHelperExtension.cs: 1136 - Found 44 in 联轴器 D32d8 L28 REF-3
2026-07-15 18:03:21,811 INFO  ExportHelperExtension.cs: 1145 - Found 0 features of type [RefAxis] in 联轴器 D32d8 L28 REF-3
2026-07-15 18:03:21,987 INFO  SwAddin.cs: 339 - Loading config tree
2026-07-15 18:03:21,994 INFO  ExportPropertyManagerExtension.cs: 520 - Starting new configuration
2026-07-15 18:03:22,000 INFO  SwAddin.cs: 344 - Showing property manager
2026-07-15 18:03:27,407 INFO  ExportPropertyManager.cs: 1136 - OnNumberBoxTrackingCompleted called. This method no longer throws an Exception. It just silently does nothing. Ok, except for this logging message
2026-07-15 18:03:37,236 INFO  ExportPropertyManager.cs: 1018 - OnComboboxSelectionChanged called. This method no longer throws an Exception. It just silently does nothing. Ok, except for this logging message
2026-07-15 18:03:54,308 INFO  ExportPropertyManager.cs: 1018 - OnComboboxSelectionChanged called. This method no longer throws an Exception. It just silently does nothing. Ok, except for this logging message
2026-07-15 18:04:36,336 INFO  ExportPropertyManager.cs: 1018 - OnComboboxSelectionChanged called. This method no longer throws an Exception. It just silently does nothing. Ok, except for this logging message
2026-07-15 18:04:41,595 INFO  ExportPropertyManager.cs: 1142 - AfterClose called. This method no longer throws an Exception. It just silently does nothing. Ok, except for this logging message
2026-07-15 18:04:49,467 INFO  SwAddin.cs: 294 - Assembly export called for file Arm_Assemble.SLDASM
2026-07-15 18:04:51,299 INFO  SwAddin.cs: 313 - Saving assembly
2026-07-15 18:04:52,555 INFO  SwAddin.cs: 316 - Opening property manager
2026-07-15 18:04:52,555 INFO  ExportHelperExtension.cs: 1125 - Retrieving features of type [CoordSys] from Arm_Assemble.SLDASM
2026-07-15 18:04:52,556 INFO  ExportHelperExtension.cs: 1136 - Found 412 in Arm_Assemble.SLDASM
2026-07-15 18:04:52,557 INFO  ExportHelperExtension.cs: 1145 - Found 0 features of type [CoordSys] in Arm_Assemble.SLDASM
2026-07-15 18:04:52,557 INFO  ExportHelperExtension.cs: 1148 - Proceeding through assembly components
2026-07-15 18:04:52,558 INFO  ExportHelperExtension.cs: 1160 - 43 components to check
2026-07-15 18:04:52,558 INFO  ExportHelperExtension.cs: 1125 - Retrieving features of type [CoordSys] from ZDT_X42_L40Motor.STEP-1
2026-07-15 18:04:52,558 INFO  ExportHelperExtension.cs: 1136 - Found 34 in ZDT_X42_L40Motor.STEP-1
2026-07-15 18:04:52,558 INFO  ExportHelperExtension.cs: 1145 - Found 0 features of type [CoordSys] in ZDT_X42_L40Motor.STEP-1
2026-07-15 18:04:52,559 INFO  ExportHelperExtension.cs: 1125 - Retrieving features of type [CoordSys] from Gripper_Assembly-1
2026-07-15 18:04:52,559 INFO  ExportHelperExtension.cs: 1136 - Found 46 in Gripper_Assembly-1
2026-07-15 18:04:52,559 INFO  ExportHelperExtension.cs: 1145 - Found 0 features of type [CoordSys] in Gripper_Assembly-1
2026-07-15 18:04:52,559 INFO  ExportHelperExtension.cs: 1125 - Retrieving features of type [CoordSys] from Wrist-1
2026-07-15 18:04:52,560 INFO  ExportHelperExtension.cs: 1136 - Found 48 in Wrist-1
2026-07-15 18:04:52,560 INFO  ExportHelperExtension.cs: 1145 - Found 0 features of type [CoordSys] in Wrist-1
2026-07-15 18:04:52,560 INFO  ExportHelperExtension.cs: 1125 - Retrieving features of type [CoordSys] from 涨紧套Z21 8X18X11 REF-1
2026-07-15 18:04:52,560 INFO  ExportHelperExtension.cs: 1136 - Found 25 in 涨紧套Z21 8X18X11 REF-1
2026-07-15 18:04:52,561 INFO  ExportHelperExtension.cs: 1145 - Found 0 features of type [CoordSys] in 涨紧套Z21 8X18X11 REF-1
2026-07-15 18:04:52,561 INFO  ExportHelperExtension.cs: 1125 - Retrieving features of type [CoordSys] from Forearm dn-1
2026-07-15 18:04:52,561 INFO  ExportHelperExtension.cs: 1136 - Found 51 in Forearm dn-1
2026-07-15 18:04:52,561 INFO  ExportHelperExtension.cs: 1145 - Found 0 features of type [CoordSys] in Forearm dn-1
2026-07-15 18:04:52,562 INFO  ExportHelperExtension.cs: 1125 - Retrieving features of type [CoordSys] from 42减速器 圆法兰 一级速比 REF-1
2026-07-15 18:04:52,562 INFO  ExportHelperExtension.cs: 1136 - Found 42 in 42减速器 圆法兰 一级速比 REF-1
2026-07-15 18:04:52,562 INFO  ExportHelperExtension.cs: 1145 - Found 0 features of type [CoordSys] in 42减速器 圆法兰 一级速比 REF-1
2026-07-15 18:04:52,562 INFO  ExportHelperExtension.cs: 1125 - Retrieving features of type [CoordSys] from ZDT_X42_L34Motor.STEP-1
2026-07-15 18:04:52,563 INFO  ExportHelperExtension.cs: 1136 - Found 34 in ZDT_X42_L34Motor.STEP-1
2026-07-15 18:04:52,563 INFO  ExportHelperExtension.cs: 1145 - Found 0 features of type [CoordSys] in ZDT_X42_L34Motor.STEP-1
2026-07-15 18:04:52,563 INFO  ExportHelperExtension.cs: 1125 - Retrieving features of type [CoordSys] from 42减速器 方法兰 二级速比(15+) REF-1
2026-07-15 18:04:52,563 INFO  ExportHelperExtension.cs: 1136 - Found 44 in 42减速器 方法兰 二级速比(15+) REF-1
2026-07-15 18:04:52,564 INFO  ExportHelperExtension.cs: 1145 - Found 0 features of type [CoordSys] in 42减速器 方法兰 二级速比(15+) REF-1
2026-07-15 18:04:52,564 INFO  ExportHelperExtension.cs: 1125 - Retrieving features of type [CoordSys] from 联轴器 D19d4 L20 REF-1
2026-07-15 18:04:52,564 INFO  ExportHelperExtension.cs: 1136 - Found 44 in 联轴器 D19d4 L20 REF-1
2026-07-15 18:04:52,565 INFO  ExportHelperExtension.cs: 1145 - Found 0 features of type [CoordSys] in 联轴器 D19d4 L20 REF-1
2026-07-15 18:04:52,565 INFO  ExportHelperExtension.cs: 1125 - Retrieving features of type [CoordSys] from OYU-8-6060-1
2026-07-15 18:04:52,565 INFO  ExportHelperExtension.cs: 1136 - Found 25 in OYU-8-6060-1
2026-07-15 18:04:52,565 INFO  ExportHelperExtension.cs: 1145 - Found 0 features of type [CoordSys] in OYU-8-6060-1
2026-07-15 18:04:52,566 INFO  ExportHelperExtension.cs: 1125 - Retrieving features of type [CoordSys] from 57减速器 方法兰 二级速比(15+) REF-1
2026-07-15 18:04:52,566 INFO  ExportHelperExtension.cs: 1136 - Found 40 in 57减速器 方法兰 二级速比(15+) REF-1
2026-07-15 18:04:52,566 INFO  ExportHelperExtension.cs: 1145 - Found 0 features of type [CoordSys] in 57减速器 方法兰 二级速比(15+) REF-1
2026-07-15 18:04:52,566 INFO  ExportHelperExtension.cs: 1125 - Retrieving features of type [CoordSys] from 6060 Cotter pin-3
2026-07-15 18:04:52,567 INFO  ExportHelperExtension.cs: 1136 - Found 29 in 6060 Cotter pin-3
2026-07-15 18:04:52,567 INFO  ExportHelperExtension.cs: 1145 - Found 0 features of type [CoordSys] in 6060 Cotter pin-3
2026-07-15 18:04:52,567 INFO  ExportHelperExtension.cs: 1125 - Retrieving features of type [CoordSys] from 42减速器 圆法兰 一级速比 REF-2
2026-07-15 18:04:52,567 INFO  ExportHelperExtension.cs: 1136 - Found 42 in 42减速器 圆法兰 一级速比 REF-2
2026-07-15 18:04:52,568 INFO  ExportHelperExtension.cs: 1145 - Found 0 features of type [CoordSys] in 42减速器 圆法兰 一级速比 REF-2
2026-07-15 18:04:52,568 INFO  ExportHelperExtension.cs: 1125 - Retrieving features of type [CoordSys] from Upperarm dn - 联轴器D32d8版本-1
2026-07-15 18:04:52,568 INFO  ExportHelperExtension.cs: 1136 - Found 88 in Upperarm dn - 联轴器D32d8版本-1
2026-07-15 18:04:52,569 INFO  ExportHelperExtension.cs: 1145 - Found 0 features of type [CoordSys] in Upperarm dn - 联轴器D32d8版本-1
2026-07-15 18:04:52,569 INFO  ExportHelperExtension.cs: 1125 - Retrieving features of type [CoordSys] from ZDT_X42_L40Motor.STEP-2
2026-07-15 18:04:52,569 INFO  ExportHelperExtension.cs: 1136 - Found 34 in ZDT_X42_L40Motor.STEP-2
2026-07-15 18:04:52,569 INFO  ExportHelperExtension.cs: 1145 - Found 0 features of type [CoordSys] in ZDT_X42_L40Motor.STEP-2
2026-07-15 18:04:52,569 INFO  ExportHelperExtension.cs: 1125 - Retrieving features of type [CoordSys] from 42减速器 圆法兰 一级速比 REF-3
2026-07-15 18:04:52,570 INFO  ExportHelperExtension.cs: 1136 - Found 42 in 42减速器 圆法兰 一级速比 REF-3
2026-07-15 18:04:52,570 INFO  ExportHelperExtension.cs: 1145 - Found 0 features of type [CoordSys] in 42减速器 圆法兰 一级速比 REF-3
2026-07-15 18:04:52,570 INFO  ExportHelperExtension.cs: 1125 - Retrieving features of type [CoordSys] from ZDT_X42_L60Motor.STEP-2
2026-07-15 18:04:52,570 INFO  ExportHelperExtension.cs: 1136 - Found 34 in ZDT_X42_L60Motor.STEP-2
2026-07-15 18:04:52,571 INFO  ExportHelperExtension.cs: 1145 - Found 0 features of type [CoordSys] in ZDT_X42_L60Motor.STEP-2
2026-07-15 18:04:52,571 INFO  ExportHelperExtension.cs: 1125 - Retrieving features of type [CoordSys] from Forearm up - 联轴器D32d8版本-1
2026-07-15 18:04:52,571 INFO  ExportHelperExtension.cs: 1136 - Found 59 in Forearm up - 联轴器D32d8版本-1
2026-07-15 18:04:52,571 INFO  ExportHelperExtension.cs: 1145 - Found 0 features of type [CoordSys] in Forearm up - 联轴器D32d8版本-1
2026-07-15 18:04:52,572 INFO  ExportHelperExtension.cs: 1125 - Retrieving features of type [CoordSys] from J1 Base-1
2026-07-15 18:04:52,572 INFO  ExportHelperExtension.cs: 1136 - Found 66 in J1 Base-1
2026-07-15 18:04:52,572 INFO  ExportHelperExtension.cs: 1145 - Found 0 features of type [CoordSys] in J1 Base-1
2026-07-15 18:04:52,573 INFO  ExportHelperExtension.cs: 1125 - Retrieving features of type [CoordSys] from ZDT_X57_L76Motor.STEP-1
2026-07-15 18:04:52,573 INFO  ExportHelperExtension.cs: 1136 - Found 34 in ZDT_X57_L76Motor.STEP-1
2026-07-15 18:04:52,573 INFO  ExportHelperExtension.cs: 1145 - Found 0 features of type [CoordSys] in ZDT_X57_L76Motor.STEP-1
2026-07-15 18:04:52,574 INFO  ExportHelperExtension.cs: 1125 - Retrieving features of type [CoordSys] from 6060 Cotter pin-1
2026-07-15 18:04:52,574 INFO  ExportHelperExtension.cs: 1136 - Found 29 in 6060 Cotter pin-1
2026-07-15 18:04:52,574 INFO  ExportHelperExtension.cs: 1145 - Found 0 features of type [CoordSys] in 6060 Cotter pin-1
2026-07-15 18:04:52,574 INFO  ExportHelperExtension.cs: 1125 - Retrieving features of type [CoordSys] from 6060 Cotter pin-2
2026-07-15 18:04:52,575 INFO  ExportHelperExtension.cs: 1136 - Found 29 in 6060 Cotter pin-2
2026-07-15 18:04:52,575 INFO  ExportHelperExtension.cs: 1145 - Found 0 features of type [CoordSys] in 6060 Cotter pin-2
2026-07-15 18:04:52,575 INFO  ExportHelperExtension.cs: 1125 - Retrieving features of type [CoordSys] from 6060 Cotter pin-4
2026-07-15 18:04:52,575 INFO  ExportHelperExtension.cs: 1136 - Found 29 in 6060 Cotter pin-4
2026-07-15 18:04:52,576 INFO  ExportHelperExtension.cs: 1145 - Found 0 features of type [CoordSys] in 6060 Cotter pin-4
2026-07-15 18:04:52,576 INFO  ExportHelperExtension.cs: 1125 - Retrieving features of type [CoordSys] from ZDT_X42_L48Motor.STEP-3
2026-07-15 18:04:52,576 INFO  ExportHelperExtension.cs: 1136 - Found 34 in ZDT_X42_L48Motor.STEP-3
2026-07-15 18:04:52,576 INFO  ExportHelperExtension.cs: 1145 - Found 0 features of type [CoordSys] in ZDT_X42_L48Motor.STEP-3
2026-07-15 18:04:52,577 INFO  ExportHelperExtension.cs: 1125 - Retrieving features of type [CoordSys] from socket head cap screw_ai-1
2026-07-15 18:04:52,577 INFO  ExportHelperExtension.cs: 1136 - Found 46 in socket head cap screw_ai-1
2026-07-15 18:04:52,577 INFO  ExportHelperExtension.cs: 1145 - Found 0 features of type [CoordSys] in socket head cap screw_ai-1
2026-07-15 18:04:52,577 INFO  ExportHelperExtension.cs: 1125 - Retrieving features of type [CoordSys] from socket head cap screw_ai-2
2026-07-15 18:04:52,578 INFO  ExportHelperExtension.cs: 1136 - Found 46 in socket head cap screw_ai-2
2026-07-15 18:04:52,578 INFO  ExportHelperExtension.cs: 1145 - Found 0 features of type [CoordSys] in socket head cap screw_ai-2
2026-07-15 18:04:52,578 INFO  ExportHelperExtension.cs: 1125 - Retrieving features of type [CoordSys] from socket head cap screw_ai-4
2026-07-15 18:04:52,578 INFO  ExportHelperExtension.cs: 1136 - Found 46 in socket head cap screw_ai-4
2026-07-15 18:04:52,579 INFO  ExportHelperExtension.cs: 1145 - Found 0 features of type [CoordSys] in socket head cap screw_ai-4
2026-07-15 18:04:52,579 INFO  ExportHelperExtension.cs: 1125 - Retrieving features of type [CoordSys] from socket head cap screw_ai-3
2026-07-15 18:04:52,579 INFO  ExportHelperExtension.cs: 1136 - Found 46 in socket head cap screw_ai-3
2026-07-15 18:04:52,579 INFO  ExportHelperExtension.cs: 1145 - Found 0 features of type [CoordSys] in socket head cap screw_ai-3
2026-07-15 18:04:52,580 INFO  ExportHelperExtension.cs: 1125 - Retrieving features of type [CoordSys] from ZDT_X42_L48Motor.STEP-2
2026-07-15 18:04:52,580 INFO  ExportHelperExtension.cs: 1136 - Found 34 in ZDT_X42_L48Motor.STEP-2
2026-07-15 18:04:52,580 INFO  ExportHelperExtension.cs: 1145 - Found 0 features of type [CoordSys] in ZDT_X42_L48Motor.STEP-2
2026-07-15 18:04:52,580 INFO  ExportHelperExtension.cs: 1125 - Retrieving features of type [CoordSys] from socket head cap screw_ai-13
2026-07-15 18:04:52,581 INFO  ExportHelperExtension.cs: 1136 - Found 46 in socket head cap screw_ai-13
2026-07-15 18:04:52,581 INFO  ExportHelperExtension.cs: 1145 - Found 0 features of type [CoordSys] in socket head cap screw_ai-13
2026-07-15 18:04:52,581 INFO  ExportHelperExtension.cs: 1125 - Retrieving features of type [CoordSys] from Upperarm up - 联轴器D32d8版本-1
2026-07-15 18:04:52,581 INFO  ExportHelperExtension.cs: 1136 - Found 82 in Upperarm up - 联轴器D32d8版本-1
2026-07-15 18:04:52,582 INFO  ExportHelperExtension.cs: 1145 - Found 0 features of type [CoordSys] in Upperarm up - 联轴器D32d8版本-1
2026-07-15 18:04:52,582 INFO  ExportHelperExtension.cs: 1125 - Retrieving features of type [CoordSys] from 联轴器 D32d8 L28 REF-2
2026-07-15 18:04:52,582 INFO  ExportHelperExtension.cs: 1136 - Found 44 in 联轴器 D32d8 L28 REF-2
2026-07-15 18:04:52,583 INFO  ExportHelperExtension.cs: 1145 - Found 0 features of type [CoordSys] in 联轴器 D32d8 L28 REF-2
2026-07-15 18:04:52,583 INFO  ExportHelperExtension.cs: 1125 - Retrieving features of type [CoordSys] from socket head cap screw_ai-7
2026-07-15 18:04:52,583 INFO  ExportHelperExtension.cs: 1136 - Found 46 in socket head cap screw_ai-7
2026-07-15 18:04:52,583 INFO  ExportHelperExtension.cs: 1145 - Found 0 features of type [CoordSys] in socket head cap screw_ai-7
2026-07-15 18:04:52,583 INFO  ExportHelperExtension.cs: 1125 - Retrieving features of type [CoordSys] from socket head cap screw_ai-11
2026-07-15 18:04:52,584 INFO  ExportHelperExtension.cs: 1136 - Found 46 in socket head cap screw_ai-11
2026-07-15 18:04:52,584 INFO  ExportHelperExtension.cs: 1145 - Found 0 features of type [CoordSys] in socket head cap screw_ai-11
2026-07-15 18:04:52,584 INFO  ExportHelperExtension.cs: 1125 - Retrieving features of type [CoordSys] from socket head cap screw_ai-8
2026-07-15 18:04:52,584 INFO  ExportHelperExtension.cs: 1136 - Found 46 in socket head cap screw_ai-8
2026-07-15 18:04:52,585 INFO  ExportHelperExtension.cs: 1145 - Found 0 features of type [CoordSys] in socket head cap screw_ai-8
2026-07-15 18:04:52,585 INFO  ExportHelperExtension.cs: 1125 - Retrieving features of type [CoordSys] from socket head cap screw_ai-14
2026-07-15 18:04:52,585 INFO  ExportHelperExtension.cs: 1136 - Found 46 in socket head cap screw_ai-14
2026-07-15 18:04:52,585 INFO  ExportHelperExtension.cs: 1145 - Found 0 features of type [CoordSys] in socket head cap screw_ai-14
2026-07-15 18:04:52,586 INFO  ExportHelperExtension.cs: 1125 - Retrieving features of type [CoordSys] from socket head cap screw_ai-6
2026-07-15 18:04:52,586 INFO  ExportHelperExtension.cs: 1136 - Found 46 in socket head cap screw_ai-6
2026-07-15 18:04:52,586 INFO  ExportHelperExtension.cs: 1145 - Found 0 features of type [CoordSys] in socket head cap screw_ai-6
2026-07-15 18:04:52,586 INFO  ExportHelperExtension.cs: 1125 - Retrieving features of type [CoordSys] from 联轴器 D32d14 L28 REF-1
2026-07-15 18:04:52,586 INFO  ExportHelperExtension.cs: 1136 - Found 44 in 联轴器 D32d14 L28 REF-1
2026-07-15 18:04:52,587 INFO  ExportHelperExtension.cs: 1145 - Found 0 features of type [CoordSys] in 联轴器 D32d14 L28 REF-1
2026-07-15 18:04:52,587 INFO  ExportHelperExtension.cs: 1125 - Retrieving features of type [CoordSys] from socket head cap screw_ai-12
2026-07-15 18:04:52,587 INFO  ExportHelperExtension.cs: 1136 - Found 46 in socket head cap screw_ai-12
2026-07-15 18:04:52,587 INFO  ExportHelperExtension.cs: 1145 - Found 0 features of type [CoordSys] in socket head cap screw_ai-12
2026-07-15 18:04:52,588 INFO  ExportHelperExtension.cs: 1125 - Retrieving features of type [CoordSys] from socket head cap screw_ai-9
2026-07-15 18:04:52,588 INFO  ExportHelperExtension.cs: 1136 - Found 46 in socket head cap screw_ai-9
2026-07-15 18:04:52,588 INFO  ExportHelperExtension.cs: 1145 - Found 0 features of type [CoordSys] in socket head cap screw_ai-9
2026-07-15 18:04:52,588 INFO  ExportHelperExtension.cs: 1125 - Retrieving features of type [CoordSys] from Shoulder - 联轴器D32d14版本-1
2026-07-15 18:04:52,589 INFO  ExportHelperExtension.cs: 1136 - Found 80 in Shoulder - 联轴器D32d14版本-1
2026-07-15 18:04:52,589 INFO  ExportHelperExtension.cs: 1145 - Found 0 features of type [CoordSys] in Shoulder - 联轴器D32d14版本-1
2026-07-15 18:04:52,589 INFO  ExportHelperExtension.cs: 1125 - Retrieving features of type [CoordSys] from 联轴器 D32d8 L28 REF-1
2026-07-15 18:04:52,589 INFO  ExportHelperExtension.cs: 1136 - Found 44 in 联轴器 D32d8 L28 REF-1
2026-07-15 18:04:52,590 INFO  ExportHelperExtension.cs: 1145 - Found 0 features of type [CoordSys] in 联轴器 D32d8 L28 REF-1
2026-07-15 18:04:52,590 INFO  ExportHelperExtension.cs: 1125 - Retrieving features of type [CoordSys] from 联轴器 D32d8 L28 REF-3
2026-07-15 18:04:52,590 INFO  ExportHelperExtension.cs: 1136 - Found 44 in 联轴器 D32d8 L28 REF-3
2026-07-15 18:04:52,590 INFO  ExportHelperExtension.cs: 1145 - Found 0 features of type [CoordSys] in 联轴器 D32d8 L28 REF-3
2026-07-15 18:04:52,590 INFO  ExportHelperExtension.cs: 1125 - Retrieving features of type [RefAxis] from Arm_Assemble.SLDASM
2026-07-15 18:04:52,591 INFO  ExportHelperExtension.cs: 1136 - Found 412 in Arm_Assemble.SLDASM
2026-07-15 18:04:52,592 INFO  ExportHelperExtension.cs: 1145 - Found 6 features of type [RefAxis] in Arm_Assemble.SLDASM
2026-07-15 18:04:52,592 INFO  ExportHelperExtension.cs: 1148 - Proceeding through assembly components
2026-07-15 18:04:52,592 INFO  ExportHelperExtension.cs: 1160 - 43 components to check
2026-07-15 18:04:52,592 INFO  ExportHelperExtension.cs: 1125 - Retrieving features of type [RefAxis] from ZDT_X42_L40Motor.STEP-1
2026-07-15 18:04:52,592 INFO  ExportHelperExtension.cs: 1136 - Found 34 in ZDT_X42_L40Motor.STEP-1
2026-07-15 18:04:52,593 INFO  ExportHelperExtension.cs: 1145 - Found 0 features of type [RefAxis] in ZDT_X42_L40Motor.STEP-1
2026-07-15 18:04:52,593 INFO  ExportHelperExtension.cs: 1125 - Retrieving features of type [RefAxis] from Gripper_Assembly-1
2026-07-15 18:04:52,593 INFO  ExportHelperExtension.cs: 1136 - Found 46 in Gripper_Assembly-1
2026-07-15 18:04:52,593 INFO  ExportHelperExtension.cs: 1145 - Found 0 features of type [RefAxis] in Gripper_Assembly-1
2026-07-15 18:04:52,594 INFO  ExportHelperExtension.cs: 1125 - Retrieving features of type [RefAxis] from Wrist-1
2026-07-15 18:04:52,594 INFO  ExportHelperExtension.cs: 1136 - Found 48 in Wrist-1
2026-07-15 18:04:52,594 INFO  ExportHelperExtension.cs: 1145 - Found 0 features of type [RefAxis] in Wrist-1
2026-07-15 18:04:52,594 INFO  ExportHelperExtension.cs: 1125 - Retrieving features of type [RefAxis] from 涨紧套Z21 8X18X11 REF-1
2026-07-15 18:04:52,594 INFO  ExportHelperExtension.cs: 1136 - Found 25 in 涨紧套Z21 8X18X11 REF-1
2026-07-15 18:04:52,595 INFO  ExportHelperExtension.cs: 1145 - Found 0 features of type [RefAxis] in 涨紧套Z21 8X18X11 REF-1
2026-07-15 18:04:52,595 INFO  ExportHelperExtension.cs: 1125 - Retrieving features of type [RefAxis] from Forearm dn-1
2026-07-15 18:04:52,595 INFO  ExportHelperExtension.cs: 1136 - Found 51 in Forearm dn-1
2026-07-15 18:04:52,595 INFO  ExportHelperExtension.cs: 1145 - Found 0 features of type [RefAxis] in Forearm dn-1
2026-07-15 18:04:52,599 INFO  ExportHelperExtension.cs: 1125 - Retrieving features of type [RefAxis] from 42减速器 圆法兰 一级速比 REF-1
2026-07-15 18:04:52,690 INFO  ExportHelperExtension.cs: 1136 - Found 42 in 42减速器 圆法兰 一级速比 REF-1
2026-07-15 18:04:52,691 INFO  ExportHelperExtension.cs: 1145 - Found 0 features of type [RefAxis] in 42减速器 圆法兰 一级速比 REF-1
2026-07-15 18:04:52,691 INFO  ExportHelperExtension.cs: 1125 - Retrieving features of type [RefAxis] from ZDT_X42_L34Motor.STEP-1
2026-07-15 18:04:52,691 INFO  ExportHelperExtension.cs: 1136 - Found 34 in ZDT_X42_L34Motor.STEP-1
2026-07-15 18:04:52,692 INFO  ExportHelperExtension.cs: 1145 - Found 0 features of type [RefAxis] in ZDT_X42_L34Motor.STEP-1
2026-07-15 18:04:52,692 INFO  ExportHelperExtension.cs: 1125 - Retrieving features of type [RefAxis] from 42减速器 方法兰 二级速比(15+) REF-1
2026-07-15 18:04:52,692 INFO  ExportHelperExtension.cs: 1136 - Found 44 in 42减速器 方法兰 二级速比(15+) REF-1
2026-07-15 18:04:52,692 INFO  ExportHelperExtension.cs: 1145 - Found 0 features of type [RefAxis] in 42减速器 方法兰 二级速比(15+) REF-1
2026-07-15 18:04:52,693 INFO  ExportHelperExtension.cs: 1125 - Retrieving features of type [RefAxis] from 联轴器 D19d4 L20 REF-1
2026-07-15 18:04:52,693 INFO  ExportHelperExtension.cs: 1136 - Found 44 in 联轴器 D19d4 L20 REF-1
2026-07-15 18:04:52,693 INFO  ExportHelperExtension.cs: 1145 - Found 0 features of type [RefAxis] in 联轴器 D19d4 L20 REF-1
2026-07-15 18:04:52,693 INFO  ExportHelperExtension.cs: 1125 - Retrieving features of type [RefAxis] from OYU-8-6060-1
2026-07-15 18:04:52,694 INFO  ExportHelperExtension.cs: 1136 - Found 25 in OYU-8-6060-1
2026-07-15 18:04:52,694 INFO  ExportHelperExtension.cs: 1145 - Found 0 features of type [RefAxis] in OYU-8-6060-1
2026-07-15 18:04:52,694 INFO  ExportHelperExtension.cs: 1125 - Retrieving features of type [RefAxis] from 57减速器 方法兰 二级速比(15+) REF-1
2026-07-15 18:04:52,694 INFO  ExportHelperExtension.cs: 1136 - Found 40 in 57减速器 方法兰 二级速比(15+) REF-1
2026-07-15 18:04:52,695 INFO  ExportHelperExtension.cs: 1145 - Found 0 features of type [RefAxis] in 57减速器 方法兰 二级速比(15+) REF-1
2026-07-15 18:04:52,695 INFO  ExportHelperExtension.cs: 1125 - Retrieving features of type [RefAxis] from 6060 Cotter pin-3
2026-07-15 18:04:52,695 INFO  ExportHelperExtension.cs: 1136 - Found 29 in 6060 Cotter pin-3
2026-07-15 18:04:52,695 INFO  ExportHelperExtension.cs: 1145 - Found 0 features of type [RefAxis] in 6060 Cotter pin-3
2026-07-15 18:04:52,695 INFO  ExportHelperExtension.cs: 1125 - Retrieving features of type [RefAxis] from 42减速器 圆法兰 一级速比 REF-2
2026-07-15 18:04:52,696 INFO  ExportHelperExtension.cs: 1136 - Found 42 in 42减速器 圆法兰 一级速比 REF-2
2026-07-15 18:04:52,696 INFO  ExportHelperExtension.cs: 1145 - Found 0 features of type [RefAxis] in 42减速器 圆法兰 一级速比 REF-2
2026-07-15 18:04:52,696 INFO  ExportHelperExtension.cs: 1125 - Retrieving features of type [RefAxis] from Upperarm dn - 联轴器D32d8版本-1
2026-07-15 18:04:52,696 INFO  ExportHelperExtension.cs: 1136 - Found 88 in Upperarm dn - 联轴器D32d8版本-1
2026-07-15 18:04:52,697 INFO  ExportHelperExtension.cs: 1145 - Found 0 features of type [RefAxis] in Upperarm dn - 联轴器D32d8版本-1
2026-07-15 18:04:52,697 INFO  ExportHelperExtension.cs: 1125 - Retrieving features of type [RefAxis] from ZDT_X42_L40Motor.STEP-2
2026-07-15 18:04:52,697 INFO  ExportHelperExtension.cs: 1136 - Found 34 in ZDT_X42_L40Motor.STEP-2
2026-07-15 18:04:52,697 INFO  ExportHelperExtension.cs: 1145 - Found 0 features of type [RefAxis] in ZDT_X42_L40Motor.STEP-2
2026-07-15 18:04:52,698 INFO  ExportHelperExtension.cs: 1125 - Retrieving features of type [RefAxis] from 42减速器 圆法兰 一级速比 REF-3
2026-07-15 18:04:52,698 INFO  ExportHelperExtension.cs: 1136 - Found 42 in 42减速器 圆法兰 一级速比 REF-3
2026-07-15 18:04:52,698 INFO  ExportHelperExtension.cs: 1145 - Found 0 features of type [RefAxis] in 42减速器 圆法兰 一级速比 REF-3
2026-07-15 18:04:52,698 INFO  ExportHelperExtension.cs: 1125 - Retrieving features of type [RefAxis] from ZDT_X42_L60Motor.STEP-2
2026-07-15 18:04:52,698 INFO  ExportHelperExtension.cs: 1136 - Found 34 in ZDT_X42_L60Motor.STEP-2
2026-07-15 18:04:52,699 INFO  ExportHelperExtension.cs: 1145 - Found 0 features of type [RefAxis] in ZDT_X42_L60Motor.STEP-2
2026-07-15 18:04:52,699 INFO  ExportHelperExtension.cs: 1125 - Retrieving features of type [RefAxis] from Forearm up - 联轴器D32d8版本-1
2026-07-15 18:04:52,699 INFO  ExportHelperExtension.cs: 1136 - Found 59 in Forearm up - 联轴器D32d8版本-1
2026-07-15 18:04:52,699 INFO  ExportHelperExtension.cs: 1145 - Found 0 features of type [RefAxis] in Forearm up - 联轴器D32d8版本-1
2026-07-15 18:04:52,700 INFO  ExportHelperExtension.cs: 1125 - Retrieving features of type [RefAxis] from J1 Base-1
2026-07-15 18:04:52,700 INFO  ExportHelperExtension.cs: 1136 - Found 66 in J1 Base-1
2026-07-15 18:04:52,700 INFO  ExportHelperExtension.cs: 1145 - Found 0 features of type [RefAxis] in J1 Base-1
2026-07-15 18:04:52,700 INFO  ExportHelperExtension.cs: 1125 - Retrieving features of type [RefAxis] from ZDT_X57_L76Motor.STEP-1
2026-07-15 18:04:52,701 INFO  ExportHelperExtension.cs: 1136 - Found 34 in ZDT_X57_L76Motor.STEP-1
2026-07-15 18:04:52,701 INFO  ExportHelperExtension.cs: 1145 - Found 0 features of type [RefAxis] in ZDT_X57_L76Motor.STEP-1
2026-07-15 18:04:52,701 INFO  ExportHelperExtension.cs: 1125 - Retrieving features of type [RefAxis] from 6060 Cotter pin-1
2026-07-15 18:04:52,701 INFO  ExportHelperExtension.cs: 1136 - Found 29 in 6060 Cotter pin-1
2026-07-15 18:04:52,702 INFO  ExportHelperExtension.cs: 1145 - Found 0 features of type [RefAxis] in 6060 Cotter pin-1
2026-07-15 18:04:52,702 INFO  ExportHelperExtension.cs: 1125 - Retrieving features of type [RefAxis] from 6060 Cotter pin-2
2026-07-15 18:04:52,702 INFO  ExportHelperExtension.cs: 1136 - Found 29 in 6060 Cotter pin-2
2026-07-15 18:04:52,702 INFO  ExportHelperExtension.cs: 1145 - Found 0 features of type [RefAxis] in 6060 Cotter pin-2
2026-07-15 18:04:52,702 INFO  ExportHelperExtension.cs: 1125 - Retrieving features of type [RefAxis] from 6060 Cotter pin-4
2026-07-15 18:04:52,703 INFO  ExportHelperExtension.cs: 1136 - Found 29 in 6060 Cotter pin-4
2026-07-15 18:04:52,703 INFO  ExportHelperExtension.cs: 1145 - Found 0 features of type [RefAxis] in 6060 Cotter pin-4
2026-07-15 18:04:52,703 INFO  ExportHelperExtension.cs: 1125 - Retrieving features of type [RefAxis] from ZDT_X42_L48Motor.STEP-3
2026-07-15 18:04:52,703 INFO  ExportHelperExtension.cs: 1136 - Found 34 in ZDT_X42_L48Motor.STEP-3
2026-07-15 18:04:52,703 INFO  ExportHelperExtension.cs: 1145 - Found 0 features of type [RefAxis] in ZDT_X42_L48Motor.STEP-3
2026-07-15 18:04:52,704 INFO  ExportHelperExtension.cs: 1125 - Retrieving features of type [RefAxis] from socket head cap screw_ai-1
2026-07-15 18:04:52,704 INFO  ExportHelperExtension.cs: 1136 - Found 46 in socket head cap screw_ai-1
2026-07-15 18:04:52,704 INFO  ExportHelperExtension.cs: 1145 - Found 0 features of type [RefAxis] in socket head cap screw_ai-1
2026-07-15 18:04:52,704 INFO  ExportHelperExtension.cs: 1125 - Retrieving features of type [RefAxis] from socket head cap screw_ai-2
2026-07-15 18:04:52,705 INFO  ExportHelperExtension.cs: 1136 - Found 46 in socket head cap screw_ai-2
2026-07-15 18:04:52,705 INFO  ExportHelperExtension.cs: 1145 - Found 0 features of type [RefAxis] in socket head cap screw_ai-2
2026-07-15 18:04:52,705 INFO  ExportHelperExtension.cs: 1125 - Retrieving features of type [RefAxis] from socket head cap screw_ai-4
2026-07-15 18:04:52,705 INFO  ExportHelperExtension.cs: 1136 - Found 46 in socket head cap screw_ai-4
2026-07-15 18:04:52,705 INFO  ExportHelperExtension.cs: 1145 - Found 0 features of type [RefAxis] in socket head cap screw_ai-4
2026-07-15 18:04:52,706 INFO  ExportHelperExtension.cs: 1125 - Retrieving features of type [RefAxis] from socket head cap screw_ai-3
2026-07-15 18:04:52,706 INFO  ExportHelperExtension.cs: 1136 - Found 46 in socket head cap screw_ai-3
2026-07-15 18:04:52,706 INFO  ExportHelperExtension.cs: 1145 - Found 0 features of type [RefAxis] in socket head cap screw_ai-3
2026-07-15 18:04:52,706 INFO  ExportHelperExtension.cs: 1125 - Retrieving features of type [RefAxis] from ZDT_X42_L48Motor.STEP-2
2026-07-15 18:04:52,707 INFO  ExportHelperExtension.cs: 1136 - Found 34 in ZDT_X42_L48Motor.STEP-2
2026-07-15 18:04:52,707 INFO  ExportHelperExtension.cs: 1145 - Found 0 features of type [RefAxis] in ZDT_X42_L48Motor.STEP-2
2026-07-15 18:04:52,707 INFO  ExportHelperExtension.cs: 1125 - Retrieving features of type [RefAxis] from socket head cap screw_ai-13
2026-07-15 18:04:52,707 INFO  ExportHelperExtension.cs: 1136 - Found 46 in socket head cap screw_ai-13
2026-07-15 18:04:52,707 INFO  ExportHelperExtension.cs: 1145 - Found 0 features of type [RefAxis] in socket head cap screw_ai-13
2026-07-15 18:04:52,708 INFO  ExportHelperExtension.cs: 1125 - Retrieving features of type [RefAxis] from Upperarm up - 联轴器D32d8版本-1
2026-07-15 18:04:52,708 INFO  ExportHelperExtension.cs: 1136 - Found 82 in Upperarm up - 联轴器D32d8版本-1
2026-07-15 18:04:52,708 INFO  ExportHelperExtension.cs: 1145 - Found 1 features of type [RefAxis] in Upperarm up - 联轴器D32d8版本-1
2026-07-15 18:04:52,708 INFO  ExportHelperExtension.cs: 1125 - Retrieving features of type [RefAxis] from 联轴器 D32d8 L28 REF-2
2026-07-15 18:04:52,709 INFO  ExportHelperExtension.cs: 1136 - Found 44 in 联轴器 D32d8 L28 REF-2
2026-07-15 18:04:52,709 INFO  ExportHelperExtension.cs: 1145 - Found 0 features of type [RefAxis] in 联轴器 D32d8 L28 REF-2
2026-07-15 18:04:52,709 INFO  ExportHelperExtension.cs: 1125 - Retrieving features of type [RefAxis] from socket head cap screw_ai-7
2026-07-15 18:04:52,709 INFO  ExportHelperExtension.cs: 1136 - Found 46 in socket head cap screw_ai-7
2026-07-15 18:04:52,710 INFO  ExportHelperExtension.cs: 1145 - Found 0 features of type [RefAxis] in socket head cap screw_ai-7
2026-07-15 18:04:52,710 INFO  ExportHelperExtension.cs: 1125 - Retrieving features of type [RefAxis] from socket head cap screw_ai-11
2026-07-15 18:04:52,710 INFO  ExportHelperExtension.cs: 1136 - Found 46 in socket head cap screw_ai-11
2026-07-15 18:04:52,711 INFO  ExportHelperExtension.cs: 1145 - Found 0 features of type [RefAxis] in socket head cap screw_ai-11
2026-07-15 18:04:52,711 INFO  ExportHelperExtension.cs: 1125 - Retrieving features of type [RefAxis] from socket head cap screw_ai-8
2026-07-15 18:04:52,711 INFO  ExportHelperExtension.cs: 1136 - Found 46 in socket head cap screw_ai-8
2026-07-15 18:04:52,711 INFO  ExportHelperExtension.cs: 1145 - Found 0 features of type [RefAxis] in socket head cap screw_ai-8
2026-07-15 18:04:52,711 INFO  ExportHelperExtension.cs: 1125 - Retrieving features of type [RefAxis] from socket head cap screw_ai-14
2026-07-15 18:04:52,712 INFO  ExportHelperExtension.cs: 1136 - Found 46 in socket head cap screw_ai-14
2026-07-15 18:04:52,712 INFO  ExportHelperExtension.cs: 1145 - Found 0 features of type [RefAxis] in socket head cap screw_ai-14
2026-07-15 18:04:52,712 INFO  ExportHelperExtension.cs: 1125 - Retrieving features of type [RefAxis] from socket head cap screw_ai-6
2026-07-15 18:04:52,712 INFO  ExportHelperExtension.cs: 1136 - Found 46 in socket head cap screw_ai-6
2026-07-15 18:04:52,713 INFO  ExportHelperExtension.cs: 1145 - Found 0 features of type [RefAxis] in socket head cap screw_ai-6
2026-07-15 18:04:52,713 INFO  ExportHelperExtension.cs: 1125 - Retrieving features of type [RefAxis] from 联轴器 D32d14 L28 REF-1
2026-07-15 18:04:52,713 INFO  ExportHelperExtension.cs: 1136 - Found 44 in 联轴器 D32d14 L28 REF-1
2026-07-15 18:04:52,713 INFO  ExportHelperExtension.cs: 1145 - Found 0 features of type [RefAxis] in 联轴器 D32d14 L28 REF-1
2026-07-15 18:04:52,714 INFO  ExportHelperExtension.cs: 1125 - Retrieving features of type [RefAxis] from socket head cap screw_ai-12
2026-07-15 18:04:52,714 INFO  ExportHelperExtension.cs: 1136 - Found 46 in socket head cap screw_ai-12
2026-07-15 18:04:52,714 INFO  ExportHelperExtension.cs: 1145 - Found 0 features of type [RefAxis] in socket head cap screw_ai-12
2026-07-15 18:04:52,714 INFO  ExportHelperExtension.cs: 1125 - Retrieving features of type [RefAxis] from socket head cap screw_ai-9
2026-07-15 18:04:52,714 INFO  ExportHelperExtension.cs: 1136 - Found 46 in socket head cap screw_ai-9
2026-07-15 18:04:52,715 INFO  ExportHelperExtension.cs: 1145 - Found 0 features of type [RefAxis] in socket head cap screw_ai-9
2026-07-15 18:04:52,715 INFO  ExportHelperExtension.cs: 1125 - Retrieving features of type [RefAxis] from Shoulder - 联轴器D32d14版本-1
2026-07-15 18:04:52,715 INFO  ExportHelperExtension.cs: 1136 - Found 80 in Shoulder - 联轴器D32d14版本-1
2026-07-15 18:04:52,715 INFO  ExportHelperExtension.cs: 1145 - Found 0 features of type [RefAxis] in Shoulder - 联轴器D32d14版本-1
2026-07-15 18:04:52,716 INFO  ExportHelperExtension.cs: 1125 - Retrieving features of type [RefAxis] from 联轴器 D32d8 L28 REF-1
2026-07-15 18:04:52,716 INFO  ExportHelperExtension.cs: 1136 - Found 44 in 联轴器 D32d8 L28 REF-1
2026-07-15 18:04:52,716 INFO  ExportHelperExtension.cs: 1145 - Found 0 features of type [RefAxis] in 联轴器 D32d8 L28 REF-1
2026-07-15 18:04:52,716 INFO  ExportHelperExtension.cs: 1125 - Retrieving features of type [RefAxis] from 联轴器 D32d8 L28 REF-3
2026-07-15 18:04:52,717 INFO  ExportHelperExtension.cs: 1136 - Found 44 in 联轴器 D32d8 L28 REF-3
2026-07-15 18:04:52,717 INFO  ExportHelperExtension.cs: 1145 - Found 0 features of type [RefAxis] in 联轴器 D32d8 L28 REF-3
2026-07-15 18:04:52,761 INFO  SwAddin.cs: 339 - Loading config tree
2026-07-15 18:04:52,767 INFO  ExportPropertyManagerExtension.cs: 520 - Starting new configuration
2026-07-15 18:04:52,771 INFO  SwAddin.cs: 344 - Showing property manager
2026-07-15 18:05:02,177 INFO  ExportPropertyManager.cs: 1142 - AfterClose called. This method no longer throws an Exception. It just silently does nothing. Ok, except for this logging message
2026-07-15 18:05:14,489 INFO  SwAddin.cs: 294 - Assembly export called for file Arm_Assemble.SLDASM
2026-07-15 18:05:14,489 INFO  SwAddin.cs: 305 - A rebuild is required
2026-07-15 18:05:14,489 INFO  SwAddin.cs: 313 - Saving assembly
2026-07-15 18:05:16,376 INFO  SwAddin.cs: 316 - Opening property manager
2026-07-15 18:05:16,376 INFO  ExportHelperExtension.cs: 1125 - Retrieving features of type [CoordSys] from Arm_Assemble.SLDASM
2026-07-15 18:05:16,377 INFO  ExportHelperExtension.cs: 1136 - Found 412 in Arm_Assemble.SLDASM
2026-07-15 18:05:16,378 INFO  ExportHelperExtension.cs: 1145 - Found 0 features of type [CoordSys] in Arm_Assemble.SLDASM
2026-07-15 18:05:16,378 INFO  ExportHelperExtension.cs: 1148 - Proceeding through assembly components
2026-07-15 18:05:16,379 INFO  ExportHelperExtension.cs: 1160 - 43 components to check
2026-07-15 18:05:16,379 INFO  ExportHelperExtension.cs: 1125 - Retrieving features of type [CoordSys] from ZDT_X42_L40Motor.STEP-1
2026-07-15 18:05:16,380 INFO  ExportHelperExtension.cs: 1136 - Found 34 in ZDT_X42_L40Motor.STEP-1
2026-07-15 18:05:16,380 INFO  ExportHelperExtension.cs: 1145 - Found 0 features of type [CoordSys] in ZDT_X42_L40Motor.STEP-1
2026-07-15 18:05:16,380 INFO  ExportHelperExtension.cs: 1125 - Retrieving features of type [CoordSys] from Gripper_Assembly-1
2026-07-15 18:05:16,380 INFO  ExportHelperExtension.cs: 1136 - Found 46 in Gripper_Assembly-1
2026-07-15 18:05:16,381 INFO  ExportHelperExtension.cs: 1145 - Found 0 features of type [CoordSys] in Gripper_Assembly-1
2026-07-15 18:05:16,381 INFO  ExportHelperExtension.cs: 1125 - Retrieving features of type [CoordSys] from Wrist-1
2026-07-15 18:05:16,381 INFO  ExportHelperExtension.cs: 1136 - Found 48 in Wrist-1
2026-07-15 18:05:16,381 INFO  ExportHelperExtension.cs: 1145 - Found 0 features of type [CoordSys] in Wrist-1
2026-07-15 18:05:16,382 INFO  ExportHelperExtension.cs: 1125 - Retrieving features of type [CoordSys] from 涨紧套Z21 8X18X11 REF-1
2026-07-15 18:05:16,382 INFO  ExportHelperExtension.cs: 1136 - Found 25 in 涨紧套Z21 8X18X11 REF-1
2026-07-15 18:05:16,382 INFO  ExportHelperExtension.cs: 1145 - Found 0 features of type [CoordSys] in 涨紧套Z21 8X18X11 REF-1
2026-07-15 18:05:16,382 INFO  ExportHelperExtension.cs: 1125 - Retrieving features of type [CoordSys] from Forearm dn-1
2026-07-15 18:05:16,383 INFO  ExportHelperExtension.cs: 1136 - Found 51 in Forearm dn-1
2026-07-15 18:05:16,383 INFO  ExportHelperExtension.cs: 1145 - Found 0 features of type [CoordSys] in Forearm dn-1
2026-07-15 18:05:16,383 INFO  ExportHelperExtension.cs: 1125 - Retrieving features of type [CoordSys] from 42减速器 圆法兰 一级速比 REF-1
2026-07-15 18:05:16,383 INFO  ExportHelperExtension.cs: 1136 - Found 42 in 42减速器 圆法兰 一级速比 REF-1
2026-07-15 18:05:16,384 INFO  ExportHelperExtension.cs: 1145 - Found 0 features of type [CoordSys] in 42减速器 圆法兰 一级速比 REF-1
2026-07-15 18:05:16,384 INFO  ExportHelperExtension.cs: 1125 - Retrieving features of type [CoordSys] from ZDT_X42_L34Motor.STEP-1
2026-07-15 18:05:16,384 INFO  ExportHelperExtension.cs: 1136 - Found 34 in ZDT_X42_L34Motor.STEP-1
2026-07-15 18:05:16,384 INFO  ExportHelperExtension.cs: 1145 - Found 0 features of type [CoordSys] in ZDT_X42_L34Motor.STEP-1
2026-07-15 18:05:16,385 INFO  ExportHelperExtension.cs: 1125 - Retrieving features of type [CoordSys] from 42减速器 方法兰 二级速比(15+) REF-1
2026-07-15 18:05:16,385 INFO  ExportHelperExtension.cs: 1136 - Found 44 in 42减速器 方法兰 二级速比(15+) REF-1
2026-07-15 18:05:16,385 INFO  ExportHelperExtension.cs: 1145 - Found 0 features of type [CoordSys] in 42减速器 方法兰 二级速比(15+) REF-1
2026-07-15 18:05:16,385 INFO  ExportHelperExtension.cs: 1125 - Retrieving features of type [CoordSys] from 联轴器 D19d4 L20 REF-1
2026-07-15 18:05:16,386 INFO  ExportHelperExtension.cs: 1136 - Found 44 in 联轴器 D19d4 L20 REF-1
2026-07-15 18:05:16,386 INFO  ExportHelperExtension.cs: 1145 - Found 0 features of type [CoordSys] in 联轴器 D19d4 L20 REF-1
2026-07-15 18:05:16,386 INFO  ExportHelperExtension.cs: 1125 - Retrieving features of type [CoordSys] from OYU-8-6060-1
2026-07-15 18:05:16,386 INFO  ExportHelperExtension.cs: 1136 - Found 25 in OYU-8-6060-1
2026-07-15 18:05:16,387 INFO  ExportHelperExtension.cs: 1145 - Found 0 features of type [CoordSys] in OYU-8-6060-1
2026-07-15 18:05:16,389 INFO  ExportHelperExtension.cs: 1125 - Retrieving features of type [CoordSys] from 57减速器 方法兰 二级速比(15+) REF-1
2026-07-15 18:05:16,515 INFO  ExportHelperExtension.cs: 1136 - Found 40 in 57减速器 方法兰 二级速比(15+) REF-1
2026-07-15 18:05:16,516 INFO  ExportHelperExtension.cs: 1145 - Found 0 features of type [CoordSys] in 57减速器 方法兰 二级速比(15+) REF-1
2026-07-15 18:05:16,516 INFO  ExportHelperExtension.cs: 1125 - Retrieving features of type [CoordSys] from 6060 Cotter pin-3
2026-07-15 18:05:16,516 INFO  ExportHelperExtension.cs: 1136 - Found 29 in 6060 Cotter pin-3
2026-07-15 18:05:16,517 INFO  ExportHelperExtension.cs: 1145 - Found 0 features of type [CoordSys] in 6060 Cotter pin-3
2026-07-15 18:05:16,517 INFO  ExportHelperExtension.cs: 1125 - Retrieving features of type [CoordSys] from 42减速器 圆法兰 一级速比 REF-2
2026-07-15 18:05:16,517 INFO  ExportHelperExtension.cs: 1136 - Found 42 in 42减速器 圆法兰 一级速比 REF-2
2026-07-15 18:05:16,517 INFO  ExportHelperExtension.cs: 1145 - Found 0 features of type [CoordSys] in 42减速器 圆法兰 一级速比 REF-2
2026-07-15 18:05:16,518 INFO  ExportHelperExtension.cs: 1125 - Retrieving features of type [CoordSys] from Upperarm dn - 联轴器D32d8版本-1
2026-07-15 18:05:16,518 INFO  ExportHelperExtension.cs: 1136 - Found 88 in Upperarm dn - 联轴器D32d8版本-1
2026-07-15 18:05:16,518 INFO  ExportHelperExtension.cs: 1145 - Found 0 features of type [CoordSys] in Upperarm dn - 联轴器D32d8版本-1
2026-07-15 18:05:16,519 INFO  ExportHelperExtension.cs: 1125 - Retrieving features of type [CoordSys] from ZDT_X42_L40Motor.STEP-2
2026-07-15 18:05:16,519 INFO  ExportHelperExtension.cs: 1136 - Found 34 in ZDT_X42_L40Motor.STEP-2
2026-07-15 18:05:16,519 INFO  ExportHelperExtension.cs: 1145 - Found 0 features of type [CoordSys] in ZDT_X42_L40Motor.STEP-2
2026-07-15 18:05:16,519 INFO  ExportHelperExtension.cs: 1125 - Retrieving features of type [CoordSys] from 42减速器 圆法兰 一级速比 REF-3
2026-07-15 18:05:16,519 INFO  ExportHelperExtension.cs: 1136 - Found 42 in 42减速器 圆法兰 一级速比 REF-3
2026-07-15 18:05:16,520 INFO  ExportHelperExtension.cs: 1145 - Found 0 features of type [CoordSys] in 42减速器 圆法兰 一级速比 REF-3
2026-07-15 18:05:16,520 INFO  ExportHelperExtension.cs: 1125 - Retrieving features of type [CoordSys] from ZDT_X42_L60Motor.STEP-2
2026-07-15 18:05:16,520 INFO  ExportHelperExtension.cs: 1136 - Found 34 in ZDT_X42_L60Motor.STEP-2
2026-07-15 18:05:16,520 INFO  ExportHelperExtension.cs: 1145 - Found 0 features of type [CoordSys] in ZDT_X42_L60Motor.STEP-2
2026-07-15 18:05:16,521 INFO  ExportHelperExtension.cs: 1125 - Retrieving features of type [CoordSys] from Forearm up - 联轴器D32d8版本-1
2026-07-15 18:05:16,521 INFO  ExportHelperExtension.cs: 1136 - Found 59 in Forearm up - 联轴器D32d8版本-1
2026-07-15 18:05:16,521 INFO  ExportHelperExtension.cs: 1145 - Found 0 features of type [CoordSys] in Forearm up - 联轴器D32d8版本-1
2026-07-15 18:05:16,521 INFO  ExportHelperExtension.cs: 1125 - Retrieving features of type [CoordSys] from J1 Base-1
2026-07-15 18:05:16,522 INFO  ExportHelperExtension.cs: 1136 - Found 66 in J1 Base-1
2026-07-15 18:05:16,522 INFO  ExportHelperExtension.cs: 1145 - Found 0 features of type [CoordSys] in J1 Base-1
2026-07-15 18:05:16,522 INFO  ExportHelperExtension.cs: 1125 - Retrieving features of type [CoordSys] from ZDT_X57_L76Motor.STEP-1
2026-07-15 18:05:16,522 INFO  ExportHelperExtension.cs: 1136 - Found 34 in ZDT_X57_L76Motor.STEP-1
2026-07-15 18:05:16,523 INFO  ExportHelperExtension.cs: 1145 - Found 0 features of type [CoordSys] in ZDT_X57_L76Motor.STEP-1
2026-07-15 18:05:16,523 INFO  ExportHelperExtension.cs: 1125 - Retrieving features of type [CoordSys] from 6060 Cotter pin-1
2026-07-15 18:05:16,523 INFO  ExportHelperExtension.cs: 1136 - Found 29 in 6060 Cotter pin-1
2026-07-15 18:05:16,523 INFO  ExportHelperExtension.cs: 1145 - Found 0 features of type [CoordSys] in 6060 Cotter pin-1
2026-07-15 18:05:16,524 INFO  ExportHelperExtension.cs: 1125 - Retrieving features of type [CoordSys] from 6060 Cotter pin-2
2026-07-15 18:05:16,524 INFO  ExportHelperExtension.cs: 1136 - Found 29 in 6060 Cotter pin-2
2026-07-15 18:05:16,524 INFO  ExportHelperExtension.cs: 1145 - Found 0 features of type [CoordSys] in 6060 Cotter pin-2
2026-07-15 18:05:16,524 INFO  ExportHelperExtension.cs: 1125 - Retrieving features of type [CoordSys] from 6060 Cotter pin-4
2026-07-15 18:05:16,524 INFO  ExportHelperExtension.cs: 1136 - Found 29 in 6060 Cotter pin-4
2026-07-15 18:05:16,525 INFO  ExportHelperExtension.cs: 1145 - Found 0 features of type [CoordSys] in 6060 Cotter pin-4
2026-07-15 18:05:16,525 INFO  ExportHelperExtension.cs: 1125 - Retrieving features of type [CoordSys] from ZDT_X42_L48Motor.STEP-3
2026-07-15 18:05:16,525 INFO  ExportHelperExtension.cs: 1136 - Found 34 in ZDT_X42_L48Motor.STEP-3
2026-07-15 18:05:16,525 INFO  ExportHelperExtension.cs: 1145 - Found 0 features of type [CoordSys] in ZDT_X42_L48Motor.STEP-3
2026-07-15 18:05:16,525 INFO  ExportHelperExtension.cs: 1125 - Retrieving features of type [CoordSys] from socket head cap screw_ai-1
2026-07-15 18:05:16,526 INFO  ExportHelperExtension.cs: 1136 - Found 46 in socket head cap screw_ai-1
2026-07-15 18:05:16,526 INFO  ExportHelperExtension.cs: 1145 - Found 0 features of type [CoordSys] in socket head cap screw_ai-1
2026-07-15 18:05:16,526 INFO  ExportHelperExtension.cs: 1125 - Retrieving features of type [CoordSys] from socket head cap screw_ai-2
2026-07-15 18:05:16,526 INFO  ExportHelperExtension.cs: 1136 - Found 46 in socket head cap screw_ai-2
2026-07-15 18:05:16,527 INFO  ExportHelperExtension.cs: 1145 - Found 0 features of type [CoordSys] in socket head cap screw_ai-2
2026-07-15 18:05:16,527 INFO  ExportHelperExtension.cs: 1125 - Retrieving features of type [CoordSys] from socket head cap screw_ai-4
2026-07-15 18:05:16,527 INFO  ExportHelperExtension.cs: 1136 - Found 46 in socket head cap screw_ai-4
2026-07-15 18:05:16,527 INFO  ExportHelperExtension.cs: 1145 - Found 0 features of type [CoordSys] in socket head cap screw_ai-4
2026-07-15 18:05:16,527 INFO  ExportHelperExtension.cs: 1125 - Retrieving features of type [CoordSys] from socket head cap screw_ai-3
2026-07-15 18:05:16,528 INFO  ExportHelperExtension.cs: 1136 - Found 46 in socket head cap screw_ai-3
2026-07-15 18:05:16,528 INFO  ExportHelperExtension.cs: 1145 - Found 0 features of type [CoordSys] in socket head cap screw_ai-3
2026-07-15 18:05:16,528 INFO  ExportHelperExtension.cs: 1125 - Retrieving features of type [CoordSys] from ZDT_X42_L48Motor.STEP-2
2026-07-15 18:05:16,529 INFO  ExportHelperExtension.cs: 1136 - Found 34 in ZDT_X42_L48Motor.STEP-2
2026-07-15 18:05:16,529 INFO  ExportHelperExtension.cs: 1145 - Found 0 features of type [CoordSys] in ZDT_X42_L48Motor.STEP-2
2026-07-15 18:05:16,530 INFO  ExportHelperExtension.cs: 1125 - Retrieving features of type [CoordSys] from socket head cap screw_ai-13
2026-07-15 18:05:16,530 INFO  ExportHelperExtension.cs: 1136 - Found 46 in socket head cap screw_ai-13
2026-07-15 18:05:16,530 INFO  ExportHelperExtension.cs: 1145 - Found 0 features of type [CoordSys] in socket head cap screw_ai-13
2026-07-15 18:05:16,530 INFO  ExportHelperExtension.cs: 1125 - Retrieving features of type [CoordSys] from Upperarm up - 联轴器D32d8版本-1
2026-07-15 18:05:16,531 INFO  ExportHelperExtension.cs: 1136 - Found 82 in Upperarm up - 联轴器D32d8版本-1
2026-07-15 18:05:16,531 INFO  ExportHelperExtension.cs: 1145 - Found 0 features of type [CoordSys] in Upperarm up - 联轴器D32d8版本-1
2026-07-15 18:05:16,531 INFO  ExportHelperExtension.cs: 1125 - Retrieving features of type [CoordSys] from 联轴器 D32d8 L28 REF-2
2026-07-15 18:05:16,531 INFO  ExportHelperExtension.cs: 1136 - Found 44 in 联轴器 D32d8 L28 REF-2
2026-07-15 18:05:16,532 INFO  ExportHelperExtension.cs: 1145 - Found 0 features of type [CoordSys] in 联轴器 D32d8 L28 REF-2
2026-07-15 18:05:16,532 INFO  ExportHelperExtension.cs: 1125 - Retrieving features of type [CoordSys] from socket head cap screw_ai-7
2026-07-15 18:05:16,532 INFO  ExportHelperExtension.cs: 1136 - Found 46 in socket head cap screw_ai-7
2026-07-15 18:05:16,532 INFO  ExportHelperExtension.cs: 1145 - Found 0 features of type [CoordSys] in socket head cap screw_ai-7
2026-07-15 18:05:16,532 INFO  ExportHelperExtension.cs: 1125 - Retrieving features of type [CoordSys] from socket head cap screw_ai-11
2026-07-15 18:05:16,533 INFO  ExportHelperExtension.cs: 1136 - Found 46 in socket head cap screw_ai-11
2026-07-15 18:05:16,533 INFO  ExportHelperExtension.cs: 1145 - Found 0 features of type [CoordSys] in socket head cap screw_ai-11
2026-07-15 18:05:16,533 INFO  ExportHelperExtension.cs: 1125 - Retrieving features of type [CoordSys] from socket head cap screw_ai-8
2026-07-15 18:05:16,533 INFO  ExportHelperExtension.cs: 1136 - Found 46 in socket head cap screw_ai-8
2026-07-15 18:05:16,534 INFO  ExportHelperExtension.cs: 1145 - Found 0 features of type [CoordSys] in socket head cap screw_ai-8
2026-07-15 18:05:16,534 INFO  ExportHelperExtension.cs: 1125 - Retrieving features of type [CoordSys] from socket head cap screw_ai-14
2026-07-15 18:05:16,534 INFO  ExportHelperExtension.cs: 1136 - Found 46 in socket head cap screw_ai-14
2026-07-15 18:05:16,534 INFO  ExportHelperExtension.cs: 1145 - Found 0 features of type [CoordSys] in socket head cap screw_ai-14
2026-07-15 18:05:16,534 INFO  ExportHelperExtension.cs: 1125 - Retrieving features of type [CoordSys] from socket head cap screw_ai-6
2026-07-15 18:05:16,535 INFO  ExportHelperExtension.cs: 1136 - Found 46 in socket head cap screw_ai-6
2026-07-15 18:05:16,535 INFO  ExportHelperExtension.cs: 1145 - Found 0 features of type [CoordSys] in socket head cap screw_ai-6
2026-07-15 18:05:16,535 INFO  ExportHelperExtension.cs: 1125 - Retrieving features of type [CoordSys] from 联轴器 D32d14 L28 REF-1
2026-07-15 18:05:16,535 INFO  ExportHelperExtension.cs: 1136 - Found 44 in 联轴器 D32d14 L28 REF-1
2026-07-15 18:05:16,535 INFO  ExportHelperExtension.cs: 1145 - Found 0 features of type [CoordSys] in 联轴器 D32d14 L28 REF-1
2026-07-15 18:05:16,536 INFO  ExportHelperExtension.cs: 1125 - Retrieving features of type [CoordSys] from socket head cap screw_ai-12
2026-07-15 18:05:16,536 INFO  ExportHelperExtension.cs: 1136 - Found 46 in socket head cap screw_ai-12
2026-07-15 18:05:16,536 INFO  ExportHelperExtension.cs: 1145 - Found 0 features of type [CoordSys] in socket head cap screw_ai-12
2026-07-15 18:05:16,536 INFO  ExportHelperExtension.cs: 1125 - Retrieving features of type [CoordSys] from socket head cap screw_ai-9
2026-07-15 18:05:16,537 INFO  ExportHelperExtension.cs: 1136 - Found 46 in socket head cap screw_ai-9
2026-07-15 18:05:16,537 INFO  ExportHelperExtension.cs: 1145 - Found 0 features of type [CoordSys] in socket head cap screw_ai-9
2026-07-15 18:05:16,537 INFO  ExportHelperExtension.cs: 1125 - Retrieving features of type [CoordSys] from Shoulder - 联轴器D32d14版本-1
2026-07-15 18:05:16,537 INFO  ExportHelperExtension.cs: 1136 - Found 80 in Shoulder - 联轴器D32d14版本-1
2026-07-15 18:05:16,538 INFO  ExportHelperExtension.cs: 1145 - Found 0 features of type [CoordSys] in Shoulder - 联轴器D32d14版本-1
2026-07-15 18:05:16,538 INFO  ExportHelperExtension.cs: 1125 - Retrieving features of type [CoordSys] from 联轴器 D32d8 L28 REF-1
2026-07-15 18:05:16,538 INFO  ExportHelperExtension.cs: 1136 - Found 44 in 联轴器 D32d8 L28 REF-1
2026-07-15 18:05:16,538 INFO  ExportHelperExtension.cs: 1145 - Found 0 features of type [CoordSys] in 联轴器 D32d8 L28 REF-1
2026-07-15 18:05:16,538 INFO  ExportHelperExtension.cs: 1125 - Retrieving features of type [CoordSys] from 联轴器 D32d8 L28 REF-3
2026-07-15 18:05:16,539 INFO  ExportHelperExtension.cs: 1136 - Found 44 in 联轴器 D32d8 L28 REF-3
2026-07-15 18:05:16,539 INFO  ExportHelperExtension.cs: 1145 - Found 0 features of type [CoordSys] in 联轴器 D32d8 L28 REF-3
2026-07-15 18:05:16,539 INFO  ExportHelperExtension.cs: 1125 - Retrieving features of type [RefAxis] from Arm_Assemble.SLDASM
2026-07-15 18:05:16,539 INFO  ExportHelperExtension.cs: 1136 - Found 412 in Arm_Assemble.SLDASM
2026-07-15 18:05:16,540 INFO  ExportHelperExtension.cs: 1145 - Found 6 features of type [RefAxis] in Arm_Assemble.SLDASM
2026-07-15 18:05:16,540 INFO  ExportHelperExtension.cs: 1148 - Proceeding through assembly components
2026-07-15 18:05:16,540 INFO  ExportHelperExtension.cs: 1160 - 43 components to check
2026-07-15 18:05:16,541 INFO  ExportHelperExtension.cs: 1125 - Retrieving features of type [RefAxis] from ZDT_X42_L40Motor.STEP-1
2026-07-15 18:05:16,541 INFO  ExportHelperExtension.cs: 1136 - Found 34 in ZDT_X42_L40Motor.STEP-1
2026-07-15 18:05:16,541 INFO  ExportHelperExtension.cs: 1145 - Found 0 features of type [RefAxis] in ZDT_X42_L40Motor.STEP-1
2026-07-15 18:05:16,541 INFO  ExportHelperExtension.cs: 1125 - Retrieving features of type [RefAxis] from Gripper_Assembly-1
2026-07-15 18:05:16,542 INFO  ExportHelperExtension.cs: 1136 - Found 46 in Gripper_Assembly-1
2026-07-15 18:05:16,542 INFO  ExportHelperExtension.cs: 1145 - Found 0 features of type [RefAxis] in Gripper_Assembly-1
2026-07-15 18:05:16,542 INFO  ExportHelperExtension.cs: 1125 - Retrieving features of type [RefAxis] from Wrist-1
2026-07-15 18:05:16,542 INFO  ExportHelperExtension.cs: 1136 - Found 48 in Wrist-1
2026-07-15 18:05:16,543 INFO  ExportHelperExtension.cs: 1145 - Found 0 features of type [RefAxis] in Wrist-1
2026-07-15 18:05:16,543 INFO  ExportHelperExtension.cs: 1125 - Retrieving features of type [RefAxis] from 涨紧套Z21 8X18X11 REF-1
2026-07-15 18:05:16,543 INFO  ExportHelperExtension.cs: 1136 - Found 25 in 涨紧套Z21 8X18X11 REF-1
2026-07-15 18:05:16,543 INFO  ExportHelperExtension.cs: 1145 - Found 0 features of type [RefAxis] in 涨紧套Z21 8X18X11 REF-1
2026-07-15 18:05:16,543 INFO  ExportHelperExtension.cs: 1125 - Retrieving features of type [RefAxis] from Forearm dn-1
2026-07-15 18:05:16,544 INFO  ExportHelperExtension.cs: 1136 - Found 51 in Forearm dn-1
2026-07-15 18:05:16,544 INFO  ExportHelperExtension.cs: 1145 - Found 0 features of type [RefAxis] in Forearm dn-1
2026-07-15 18:05:16,544 INFO  ExportHelperExtension.cs: 1125 - Retrieving features of type [RefAxis] from 42减速器 圆法兰 一级速比 REF-1
2026-07-15 18:05:16,544 INFO  ExportHelperExtension.cs: 1136 - Found 42 in 42减速器 圆法兰 一级速比 REF-1
2026-07-15 18:05:16,545 INFO  ExportHelperExtension.cs: 1145 - Found 0 features of type [RefAxis] in 42减速器 圆法兰 一级速比 REF-1
2026-07-15 18:05:16,545 INFO  ExportHelperExtension.cs: 1125 - Retrieving features of type [RefAxis] from ZDT_X42_L34Motor.STEP-1
2026-07-15 18:05:16,545 INFO  ExportHelperExtension.cs: 1136 - Found 34 in ZDT_X42_L34Motor.STEP-1
2026-07-15 18:05:16,545 INFO  ExportHelperExtension.cs: 1145 - Found 0 features of type [RefAxis] in ZDT_X42_L34Motor.STEP-1
2026-07-15 18:05:16,546 INFO  ExportHelperExtension.cs: 1125 - Retrieving features of type [RefAxis] from 42减速器 方法兰 二级速比(15+) REF-1
2026-07-15 18:05:16,546 INFO  ExportHelperExtension.cs: 1136 - Found 44 in 42减速器 方法兰 二级速比(15+) REF-1
2026-07-15 18:05:16,546 INFO  ExportHelperExtension.cs: 1145 - Found 0 features of type [RefAxis] in 42减速器 方法兰 二级速比(15+) REF-1
2026-07-15 18:05:16,546 INFO  ExportHelperExtension.cs: 1125 - Retrieving features of type [RefAxis] from 联轴器 D19d4 L20 REF-1
2026-07-15 18:05:16,546 INFO  ExportHelperExtension.cs: 1136 - Found 44 in 联轴器 D19d4 L20 REF-1
2026-07-15 18:05:16,547 INFO  ExportHelperExtension.cs: 1145 - Found 0 features of type [RefAxis] in 联轴器 D19d4 L20 REF-1
2026-07-15 18:05:16,547 INFO  ExportHelperExtension.cs: 1125 - Retrieving features of type [RefAxis] from OYU-8-6060-1
2026-07-15 18:05:16,547 INFO  ExportHelperExtension.cs: 1136 - Found 25 in OYU-8-6060-1
2026-07-15 18:05:16,547 INFO  ExportHelperExtension.cs: 1145 - Found 0 features of type [RefAxis] in OYU-8-6060-1
2026-07-15 18:05:16,548 INFO  ExportHelperExtension.cs: 1125 - Retrieving features of type [RefAxis] from 57减速器 方法兰 二级速比(15+) REF-1
2026-07-15 18:05:16,548 INFO  ExportHelperExtension.cs: 1136 - Found 40 in 57减速器 方法兰 二级速比(15+) REF-1
2026-07-15 18:05:16,548 INFO  ExportHelperExtension.cs: 1145 - Found 0 features of type [RefAxis] in 57减速器 方法兰 二级速比(15+) REF-1
2026-07-15 18:05:16,548 INFO  ExportHelperExtension.cs: 1125 - Retrieving features of type [RefAxis] from 6060 Cotter pin-3
2026-07-15 18:05:16,549 INFO  ExportHelperExtension.cs: 1136 - Found 29 in 6060 Cotter pin-3
2026-07-15 18:05:16,549 INFO  ExportHelperExtension.cs: 1145 - Found 0 features of type [RefAxis] in 6060 Cotter pin-3
2026-07-15 18:05:16,549 INFO  ExportHelperExtension.cs: 1125 - Retrieving features of type [RefAxis] from 42减速器 圆法兰 一级速比 REF-2
2026-07-15 18:05:16,549 INFO  ExportHelperExtension.cs: 1136 - Found 42 in 42减速器 圆法兰 一级速比 REF-2
2026-07-15 18:05:16,549 INFO  ExportHelperExtension.cs: 1145 - Found 0 features of type [RefAxis] in 42减速器 圆法兰 一级速比 REF-2
2026-07-15 18:05:16,550 INFO  ExportHelperExtension.cs: 1125 - Retrieving features of type [RefAxis] from Upperarm dn - 联轴器D32d8版本-1
2026-07-15 18:05:16,550 INFO  ExportHelperExtension.cs: 1136 - Found 88 in Upperarm dn - 联轴器D32d8版本-1
2026-07-15 18:05:16,550 INFO  ExportHelperExtension.cs: 1145 - Found 0 features of type [RefAxis] in Upperarm dn - 联轴器D32d8版本-1
2026-07-15 18:05:16,550 INFO  ExportHelperExtension.cs: 1125 - Retrieving features of type [RefAxis] from ZDT_X42_L40Motor.STEP-2
2026-07-15 18:05:16,551 INFO  ExportHelperExtension.cs: 1136 - Found 34 in ZDT_X42_L40Motor.STEP-2
2026-07-15 18:05:16,551 INFO  ExportHelperExtension.cs: 1145 - Found 0 features of type [RefAxis] in ZDT_X42_L40Motor.STEP-2
2026-07-15 18:05:16,551 INFO  ExportHelperExtension.cs: 1125 - Retrieving features of type [RefAxis] from 42减速器 圆法兰 一级速比 REF-3
2026-07-15 18:05:16,551 INFO  ExportHelperExtension.cs: 1136 - Found 42 in 42减速器 圆法兰 一级速比 REF-3
2026-07-15 18:05:16,552 INFO  ExportHelperExtension.cs: 1145 - Found 0 features of type [RefAxis] in 42减速器 圆法兰 一级速比 REF-3
2026-07-15 18:05:16,552 INFO  ExportHelperExtension.cs: 1125 - Retrieving features of type [RefAxis] from ZDT_X42_L60Motor.STEP-2
2026-07-15 18:05:16,552 INFO  ExportHelperExtension.cs: 1136 - Found 34 in ZDT_X42_L60Motor.STEP-2
2026-07-15 18:05:16,552 INFO  ExportHelperExtension.cs: 1145 - Found 0 features of type [RefAxis] in ZDT_X42_L60Motor.STEP-2
2026-07-15 18:05:16,552 INFO  ExportHelperExtension.cs: 1125 - Retrieving features of type [RefAxis] from Forearm up - 联轴器D32d8版本-1
2026-07-15 18:05:16,553 INFO  ExportHelperExtension.cs: 1136 - Found 59 in Forearm up - 联轴器D32d8版本-1
2026-07-15 18:05:16,553 INFO  ExportHelperExtension.cs: 1145 - Found 0 features of type [RefAxis] in Forearm up - 联轴器D32d8版本-1
2026-07-15 18:05:16,553 INFO  ExportHelperExtension.cs: 1125 - Retrieving features of type [RefAxis] from J1 Base-1
2026-07-15 18:05:16,553 INFO  ExportHelperExtension.cs: 1136 - Found 66 in J1 Base-1
2026-07-15 18:05:16,559 INFO  ExportHelperExtension.cs: 1145 - Found 0 features of type [RefAxis] in J1 Base-1
2026-07-15 18:05:16,559 INFO  ExportHelperExtension.cs: 1125 - Retrieving features of type [RefAxis] from ZDT_X57_L76Motor.STEP-1
2026-07-15 18:05:16,560 INFO  ExportHelperExtension.cs: 1136 - Found 34 in ZDT_X57_L76Motor.STEP-1
2026-07-15 18:05:16,560 INFO  ExportHelperExtension.cs: 1145 - Found 0 features of type [RefAxis] in ZDT_X57_L76Motor.STEP-1
2026-07-15 18:05:16,561 INFO  ExportHelperExtension.cs: 1125 - Retrieving features of type [RefAxis] from 6060 Cotter pin-1
2026-07-15 18:05:16,561 INFO  ExportHelperExtension.cs: 1136 - Found 29 in 6060 Cotter pin-1
2026-07-15 18:05:16,561 INFO  ExportHelperExtension.cs: 1145 - Found 0 features of type [RefAxis] in 6060 Cotter pin-1
2026-07-15 18:05:16,561 INFO  ExportHelperExtension.cs: 1125 - Retrieving features of type [RefAxis] from 6060 Cotter pin-2
2026-07-15 18:05:16,562 INFO  ExportHelperExtension.cs: 1136 - Found 29 in 6060 Cotter pin-2
2026-07-15 18:05:16,562 INFO  ExportHelperExtension.cs: 1145 - Found 0 features of type [RefAxis] in 6060 Cotter pin-2
2026-07-15 18:05:16,562 INFO  ExportHelperExtension.cs: 1125 - Retrieving features of type [RefAxis] from 6060 Cotter pin-4
2026-07-15 18:05:16,562 INFO  ExportHelperExtension.cs: 1136 - Found 29 in 6060 Cotter pin-4
2026-07-15 18:05:16,562 INFO  ExportHelperExtension.cs: 1145 - Found 0 features of type [RefAxis] in 6060 Cotter pin-4
2026-07-15 18:05:16,563 INFO  ExportHelperExtension.cs: 1125 - Retrieving features of type [RefAxis] from ZDT_X42_L48Motor.STEP-3
2026-07-15 18:05:16,563 INFO  ExportHelperExtension.cs: 1136 - Found 34 in ZDT_X42_L48Motor.STEP-3
2026-07-15 18:05:16,563 INFO  ExportHelperExtension.cs: 1145 - Found 0 features of type [RefAxis] in ZDT_X42_L48Motor.STEP-3
2026-07-15 18:05:16,563 INFO  ExportHelperExtension.cs: 1125 - Retrieving features of type [RefAxis] from socket head cap screw_ai-1
2026-07-15 18:05:16,564 INFO  ExportHelperExtension.cs: 1136 - Found 46 in socket head cap screw_ai-1
2026-07-15 18:05:16,564 INFO  ExportHelperExtension.cs: 1145 - Found 0 features of type [RefAxis] in socket head cap screw_ai-1
2026-07-15 18:05:16,564 INFO  ExportHelperExtension.cs: 1125 - Retrieving features of type [RefAxis] from socket head cap screw_ai-2
2026-07-15 18:05:16,565 INFO  ExportHelperExtension.cs: 1136 - Found 46 in socket head cap screw_ai-2
2026-07-15 18:05:16,565 INFO  ExportHelperExtension.cs: 1145 - Found 0 features of type [RefAxis] in socket head cap screw_ai-2
2026-07-15 18:05:16,565 INFO  ExportHelperExtension.cs: 1125 - Retrieving features of type [RefAxis] from socket head cap screw_ai-4
2026-07-15 18:05:16,565 INFO  ExportHelperExtension.cs: 1136 - Found 46 in socket head cap screw_ai-4
2026-07-15 18:05:16,566 INFO  ExportHelperExtension.cs: 1145 - Found 0 features of type [RefAxis] in socket head cap screw_ai-4
2026-07-15 18:05:16,566 INFO  ExportHelperExtension.cs: 1125 - Retrieving features of type [RefAxis] from socket head cap screw_ai-3
2026-07-15 18:05:16,566 INFO  ExportHelperExtension.cs: 1136 - Found 46 in socket head cap screw_ai-3
2026-07-15 18:05:16,566 INFO  ExportHelperExtension.cs: 1145 - Found 0 features of type [RefAxis] in socket head cap screw_ai-3
2026-07-15 18:05:16,567 INFO  ExportHelperExtension.cs: 1125 - Retrieving features of type [RefAxis] from ZDT_X42_L48Motor.STEP-2
2026-07-15 18:05:16,567 INFO  ExportHelperExtension.cs: 1136 - Found 34 in ZDT_X42_L48Motor.STEP-2
2026-07-15 18:05:16,567 INFO  ExportHelperExtension.cs: 1145 - Found 0 features of type [RefAxis] in ZDT_X42_L48Motor.STEP-2
2026-07-15 18:05:16,567 INFO  ExportHelperExtension.cs: 1125 - Retrieving features of type [RefAxis] from socket head cap screw_ai-13
2026-07-15 18:05:16,567 INFO  ExportHelperExtension.cs: 1136 - Found 46 in socket head cap screw_ai-13
2026-07-15 18:05:16,568 INFO  ExportHelperExtension.cs: 1145 - Found 0 features of type [RefAxis] in socket head cap screw_ai-13
2026-07-15 18:05:16,568 INFO  ExportHelperExtension.cs: 1125 - Retrieving features of type [RefAxis] from Upperarm up - 联轴器D32d8版本-1
2026-07-15 18:05:16,568 INFO  ExportHelperExtension.cs: 1136 - Found 82 in Upperarm up - 联轴器D32d8版本-1
2026-07-15 18:05:16,569 INFO  ExportHelperExtension.cs: 1145 - Found 1 features of type [RefAxis] in Upperarm up - 联轴器D32d8版本-1
2026-07-15 18:05:16,569 INFO  ExportHelperExtension.cs: 1125 - Retrieving features of type [RefAxis] from 联轴器 D32d8 L28 REF-2
2026-07-15 18:05:16,569 INFO  ExportHelperExtension.cs: 1136 - Found 44 in 联轴器 D32d8 L28 REF-2
2026-07-15 18:05:16,569 INFO  ExportHelperExtension.cs: 1145 - Found 0 features of type [RefAxis] in 联轴器 D32d8 L28 REF-2
2026-07-15 18:05:16,570 INFO  ExportHelperExtension.cs: 1125 - Retrieving features of type [RefAxis] from socket head cap screw_ai-7
2026-07-15 18:05:16,570 INFO  ExportHelperExtension.cs: 1136 - Found 46 in socket head cap screw_ai-7
2026-07-15 18:05:16,570 INFO  ExportHelperExtension.cs: 1145 - Found 0 features of type [RefAxis] in socket head cap screw_ai-7
2026-07-15 18:05:16,570 INFO  ExportHelperExtension.cs: 1125 - Retrieving features of type [RefAxis] from socket head cap screw_ai-11
2026-07-15 18:05:16,570 INFO  ExportHelperExtension.cs: 1136 - Found 46 in socket head cap screw_ai-11
2026-07-15 18:05:16,571 INFO  ExportHelperExtension.cs: 1145 - Found 0 features of type [RefAxis] in socket head cap screw_ai-11
2026-07-15 18:05:16,571 INFO  ExportHelperExtension.cs: 1125 - Retrieving features of type [RefAxis] from socket head cap screw_ai-8
2026-07-15 18:05:16,571 INFO  ExportHelperExtension.cs: 1136 - Found 46 in socket head cap screw_ai-8
2026-07-15 18:05:16,571 INFO  ExportHelperExtension.cs: 1145 - Found 0 features of type [RefAxis] in socket head cap screw_ai-8
2026-07-15 18:05:16,572 INFO  ExportHelperExtension.cs: 1125 - Retrieving features of type [RefAxis] from socket head cap screw_ai-14
2026-07-15 18:05:16,572 INFO  ExportHelperExtension.cs: 1136 - Found 46 in socket head cap screw_ai-14
2026-07-15 18:05:16,572 INFO  ExportHelperExtension.cs: 1145 - Found 0 features of type [RefAxis] in socket head cap screw_ai-14
2026-07-15 18:05:16,572 INFO  ExportHelperExtension.cs: 1125 - Retrieving features of type [RefAxis] from socket head cap screw_ai-6
2026-07-15 18:05:16,573 INFO  ExportHelperExtension.cs: 1136 - Found 46 in socket head cap screw_ai-6
2026-07-15 18:05:16,573 INFO  ExportHelperExtension.cs: 1145 - Found 0 features of type [RefAxis] in socket head cap screw_ai-6
2026-07-15 18:05:16,573 INFO  ExportHelperExtension.cs: 1125 - Retrieving features of type [RefAxis] from 联轴器 D32d14 L28 REF-1
2026-07-15 18:05:16,573 INFO  ExportHelperExtension.cs: 1136 - Found 44 in 联轴器 D32d14 L28 REF-1
2026-07-15 18:05:16,574 INFO  ExportHelperExtension.cs: 1145 - Found 0 features of type [RefAxis] in 联轴器 D32d14 L28 REF-1
2026-07-15 18:05:16,574 INFO  ExportHelperExtension.cs: 1125 - Retrieving features of type [RefAxis] from socket head cap screw_ai-12
2026-07-15 18:05:16,574 INFO  ExportHelperExtension.cs: 1136 - Found 46 in socket head cap screw_ai-12
2026-07-15 18:05:16,575 INFO  ExportHelperExtension.cs: 1145 - Found 0 features of type [RefAxis] in socket head cap screw_ai-12
2026-07-15 18:05:16,575 INFO  ExportHelperExtension.cs: 1125 - Retrieving features of type [RefAxis] from socket head cap screw_ai-9
2026-07-15 18:05:16,575 INFO  ExportHelperExtension.cs: 1136 - Found 46 in socket head cap screw_ai-9
2026-07-15 18:05:16,575 INFO  ExportHelperExtension.cs: 1145 - Found 0 features of type [RefAxis] in socket head cap screw_ai-9
2026-07-15 18:05:16,575 INFO  ExportHelperExtension.cs: 1125 - Retrieving features of type [RefAxis] from Shoulder - 联轴器D32d14版本-1
2026-07-15 18:05:16,576 INFO  ExportHelperExtension.cs: 1136 - Found 80 in Shoulder - 联轴器D32d14版本-1
2026-07-15 18:05:16,576 INFO  ExportHelperExtension.cs: 1145 - Found 0 features of type [RefAxis] in Shoulder - 联轴器D32d14版本-1
2026-07-15 18:05:16,576 INFO  ExportHelperExtension.cs: 1125 - Retrieving features of type [RefAxis] from 联轴器 D32d8 L28 REF-1
2026-07-15 18:05:16,577 INFO  ExportHelperExtension.cs: 1136 - Found 44 in 联轴器 D32d8 L28 REF-1
2026-07-15 18:05:16,577 INFO  ExportHelperExtension.cs: 1145 - Found 0 features of type [RefAxis] in 联轴器 D32d8 L28 REF-1
2026-07-15 18:05:16,577 INFO  ExportHelperExtension.cs: 1125 - Retrieving features of type [RefAxis] from 联轴器 D32d8 L28 REF-3
2026-07-15 18:05:16,577 INFO  ExportHelperExtension.cs: 1136 - Found 44 in 联轴器 D32d8 L28 REF-3
2026-07-15 18:05:16,578 INFO  ExportHelperExtension.cs: 1145 - Found 0 features of type [RefAxis] in 联轴器 D32d8 L28 REF-3
2026-07-15 18:05:16,805 INFO  SwAddin.cs: 339 - Loading config tree
2026-07-15 18:05:16,811 INFO  ExportPropertyManagerExtension.cs: 520 - Starting new configuration
2026-07-15 18:05:16,816 INFO  SwAddin.cs: 344 - Showing property manager
2026-07-15 18:05:19,439 INFO  ExportPropertyManager.cs: 1142 - AfterClose called. This method no longer throws an Exception. It just silently does nothing. Ok, except for this logging message
2026-07-15 18:05:22,867 INFO  SwAddin.cs: 294 - Assembly export called for file Arm_Assemble.SLDASM
2026-07-15 18:05:24,628 INFO  SwAddin.cs: 313 - Saving assembly
2026-07-15 18:05:25,895 INFO  SwAddin.cs: 316 - Opening property manager
2026-07-15 18:05:25,896 INFO  ExportHelperExtension.cs: 1125 - Retrieving features of type [CoordSys] from Arm_Assemble.SLDASM
2026-07-15 18:05:25,896 INFO  ExportHelperExtension.cs: 1136 - Found 412 in Arm_Assemble.SLDASM
2026-07-15 18:05:25,897 INFO  ExportHelperExtension.cs: 1145 - Found 0 features of type [CoordSys] in Arm_Assemble.SLDASM
2026-07-15 18:05:25,898 INFO  ExportHelperExtension.cs: 1148 - Proceeding through assembly components
2026-07-15 18:05:25,898 INFO  ExportHelperExtension.cs: 1160 - 43 components to check
2026-07-15 18:05:25,898 INFO  ExportHelperExtension.cs: 1125 - Retrieving features of type [CoordSys] from ZDT_X42_L40Motor.STEP-1
2026-07-15 18:05:25,898 INFO  ExportHelperExtension.cs: 1136 - Found 34 in ZDT_X42_L40Motor.STEP-1
2026-07-15 18:05:25,899 INFO  ExportHelperExtension.cs: 1145 - Found 0 features of type [CoordSys] in ZDT_X42_L40Motor.STEP-1
2026-07-15 18:05:25,899 INFO  ExportHelperExtension.cs: 1125 - Retrieving features of type [CoordSys] from Gripper_Assembly-1
2026-07-15 18:05:25,899 INFO  ExportHelperExtension.cs: 1136 - Found 46 in Gripper_Assembly-1
2026-07-15 18:05:25,900 INFO  ExportHelperExtension.cs: 1145 - Found 0 features of type [CoordSys] in Gripper_Assembly-1
2026-07-15 18:05:25,900 INFO  ExportHelperExtension.cs: 1125 - Retrieving features of type [CoordSys] from Wrist-1
2026-07-15 18:05:25,900 INFO  ExportHelperExtension.cs: 1136 - Found 48 in Wrist-1
2026-07-15 18:05:25,900 INFO  ExportHelperExtension.cs: 1145 - Found 0 features of type [CoordSys] in Wrist-1
2026-07-15 18:05:25,901 INFO  ExportHelperExtension.cs: 1125 - Retrieving features of type [CoordSys] from 涨紧套Z21 8X18X11 REF-1
2026-07-15 18:05:25,901 INFO  ExportHelperExtension.cs: 1136 - Found 25 in 涨紧套Z21 8X18X11 REF-1
2026-07-15 18:05:25,901 INFO  ExportHelperExtension.cs: 1145 - Found 0 features of type [CoordSys] in 涨紧套Z21 8X18X11 REF-1
2026-07-15 18:05:25,901 INFO  ExportHelperExtension.cs: 1125 - Retrieving features of type [CoordSys] from Forearm dn-1
2026-07-15 18:05:25,902 INFO  ExportHelperExtension.cs: 1136 - Found 51 in Forearm dn-1
2026-07-15 18:05:25,902 INFO  ExportHelperExtension.cs: 1145 - Found 0 features of type [CoordSys] in Forearm dn-1
2026-07-15 18:05:25,902 INFO  ExportHelperExtension.cs: 1125 - Retrieving features of type [CoordSys] from 42减速器 圆法兰 一级速比 REF-1
2026-07-15 18:05:25,902 INFO  ExportHelperExtension.cs: 1136 - Found 42 in 42减速器 圆法兰 一级速比 REF-1
2026-07-15 18:05:25,903 INFO  ExportHelperExtension.cs: 1145 - Found 0 features of type [CoordSys] in 42减速器 圆法兰 一级速比 REF-1
2026-07-15 18:05:25,903 INFO  ExportHelperExtension.cs: 1125 - Retrieving features of type [CoordSys] from ZDT_X42_L34Motor.STEP-1
2026-07-15 18:05:25,903 INFO  ExportHelperExtension.cs: 1136 - Found 34 in ZDT_X42_L34Motor.STEP-1
2026-07-15 18:05:25,903 INFO  ExportHelperExtension.cs: 1145 - Found 0 features of type [CoordSys] in ZDT_X42_L34Motor.STEP-1
2026-07-15 18:05:25,904 INFO  ExportHelperExtension.cs: 1125 - Retrieving features of type [CoordSys] from 42减速器 方法兰 二级速比(15+) REF-1
2026-07-15 18:05:25,905 INFO  ExportHelperExtension.cs: 1136 - Found 44 in 42减速器 方法兰 二级速比(15+) REF-1
2026-07-15 18:05:25,905 INFO  ExportHelperExtension.cs: 1145 - Found 0 features of type [CoordSys] in 42减速器 方法兰 二级速比(15+) REF-1
2026-07-15 18:05:25,905 INFO  ExportHelperExtension.cs: 1125 - Retrieving features of type [CoordSys] from 联轴器 D19d4 L20 REF-1
2026-07-15 18:05:25,906 INFO  ExportHelperExtension.cs: 1136 - Found 44 in 联轴器 D19d4 L20 REF-1
2026-07-15 18:05:25,906 INFO  ExportHelperExtension.cs: 1145 - Found 0 features of type [CoordSys] in 联轴器 D19d4 L20 REF-1
2026-07-15 18:05:25,906 INFO  ExportHelperExtension.cs: 1125 - Retrieving features of type [CoordSys] from OYU-8-6060-1
2026-07-15 18:05:25,906 INFO  ExportHelperExtension.cs: 1136 - Found 25 in OYU-8-6060-1
2026-07-15 18:05:25,907 INFO  ExportHelperExtension.cs: 1145 - Found 0 features of type [CoordSys] in OYU-8-6060-1
2026-07-15 18:05:25,907 INFO  ExportHelperExtension.cs: 1125 - Retrieving features of type [CoordSys] from 57减速器 方法兰 二级速比(15+) REF-1
2026-07-15 18:05:25,907 INFO  ExportHelperExtension.cs: 1136 - Found 40 in 57减速器 方法兰 二级速比(15+) REF-1
2026-07-15 18:05:25,907 INFO  ExportHelperExtension.cs: 1145 - Found 0 features of type [CoordSys] in 57减速器 方法兰 二级速比(15+) REF-1
2026-07-15 18:05:25,908 INFO  ExportHelperExtension.cs: 1125 - Retrieving features of type [CoordSys] from 6060 Cotter pin-3
2026-07-15 18:05:25,908 INFO  ExportHelperExtension.cs: 1136 - Found 29 in 6060 Cotter pin-3
2026-07-15 18:05:25,908 INFO  ExportHelperExtension.cs: 1145 - Found 0 features of type [CoordSys] in 6060 Cotter pin-3
2026-07-15 18:05:25,908 INFO  ExportHelperExtension.cs: 1125 - Retrieving features of type [CoordSys] from 42减速器 圆法兰 一级速比 REF-2
2026-07-15 18:05:25,909 INFO  ExportHelperExtension.cs: 1136 - Found 42 in 42减速器 圆法兰 一级速比 REF-2
2026-07-15 18:05:25,909 INFO  ExportHelperExtension.cs: 1145 - Found 0 features of type [CoordSys] in 42减速器 圆法兰 一级速比 REF-2
2026-07-15 18:05:25,909 INFO  ExportHelperExtension.cs: 1125 - Retrieving features of type [CoordSys] from Upperarm dn - 联轴器D32d8版本-1
2026-07-15 18:05:25,910 INFO  ExportHelperExtension.cs: 1136 - Found 88 in Upperarm dn - 联轴器D32d8版本-1
2026-07-15 18:05:25,910 INFO  ExportHelperExtension.cs: 1145 - Found 0 features of type [CoordSys] in Upperarm dn - 联轴器D32d8版本-1
2026-07-15 18:05:25,910 INFO  ExportHelperExtension.cs: 1125 - Retrieving features of type [CoordSys] from ZDT_X42_L40Motor.STEP-2
2026-07-15 18:05:25,910 INFO  ExportHelperExtension.cs: 1136 - Found 34 in ZDT_X42_L40Motor.STEP-2
2026-07-15 18:05:25,911 INFO  ExportHelperExtension.cs: 1145 - Found 0 features of type [CoordSys] in ZDT_X42_L40Motor.STEP-2
2026-07-15 18:05:25,911 INFO  ExportHelperExtension.cs: 1125 - Retrieving features of type [CoordSys] from 42减速器 圆法兰 一级速比 REF-3
2026-07-15 18:05:25,911 INFO  ExportHelperExtension.cs: 1136 - Found 42 in 42减速器 圆法兰 一级速比 REF-3
2026-07-15 18:05:25,911 INFO  ExportHelperExtension.cs: 1145 - Found 0 features of type [CoordSys] in 42减速器 圆法兰 一级速比 REF-3
2026-07-15 18:05:25,912 INFO  ExportHelperExtension.cs: 1125 - Retrieving features of type [CoordSys] from ZDT_X42_L60Motor.STEP-2
2026-07-15 18:05:25,912 INFO  ExportHelperExtension.cs: 1136 - Found 34 in ZDT_X42_L60Motor.STEP-2
2026-07-15 18:05:25,912 INFO  ExportHelperExtension.cs: 1145 - Found 0 features of type [CoordSys] in ZDT_X42_L60Motor.STEP-2
2026-07-15 18:05:25,912 INFO  ExportHelperExtension.cs: 1125 - Retrieving features of type [CoordSys] from Forearm up - 联轴器D32d8版本-1
2026-07-15 18:05:25,913 INFO  ExportHelperExtension.cs: 1136 - Found 59 in Forearm up - 联轴器D32d8版本-1
2026-07-15 18:05:25,913 INFO  ExportHelperExtension.cs: 1145 - Found 0 features of type [CoordSys] in Forearm up - 联轴器D32d8版本-1
2026-07-15 18:05:25,913 INFO  ExportHelperExtension.cs: 1125 - Retrieving features of type [CoordSys] from J1 Base-1
2026-07-15 18:05:25,913 INFO  ExportHelperExtension.cs: 1136 - Found 66 in J1 Base-1
2026-07-15 18:05:25,914 INFO  ExportHelperExtension.cs: 1145 - Found 0 features of type [CoordSys] in J1 Base-1
2026-07-15 18:05:25,914 INFO  ExportHelperExtension.cs: 1125 - Retrieving features of type [CoordSys] from ZDT_X57_L76Motor.STEP-1
2026-07-15 18:05:25,914 INFO  ExportHelperExtension.cs: 1136 - Found 34 in ZDT_X57_L76Motor.STEP-1
2026-07-15 18:05:25,914 INFO  ExportHelperExtension.cs: 1145 - Found 0 features of type [CoordSys] in ZDT_X57_L76Motor.STEP-1
2026-07-15 18:05:25,915 INFO  ExportHelperExtension.cs: 1125 - Retrieving features of type [CoordSys] from 6060 Cotter pin-1
2026-07-15 18:05:25,915 INFO  ExportHelperExtension.cs: 1136 - Found 29 in 6060 Cotter pin-1
2026-07-15 18:05:25,915 INFO  ExportHelperExtension.cs: 1145 - Found 0 features of type [CoordSys] in 6060 Cotter pin-1
2026-07-15 18:05:25,915 INFO  ExportHelperExtension.cs: 1125 - Retrieving features of type [CoordSys] from 6060 Cotter pin-2
2026-07-15 18:05:25,916 INFO  ExportHelperExtension.cs: 1136 - Found 29 in 6060 Cotter pin-2
2026-07-15 18:05:25,916 INFO  ExportHelperExtension.cs: 1145 - Found 0 features of type [CoordSys] in 6060 Cotter pin-2
2026-07-15 18:05:25,916 INFO  ExportHelperExtension.cs: 1125 - Retrieving features of type [CoordSys] from 6060 Cotter pin-4
2026-07-15 18:05:25,916 INFO  ExportHelperExtension.cs: 1136 - Found 29 in 6060 Cotter pin-4
2026-07-15 18:05:25,917 INFO  ExportHelperExtension.cs: 1145 - Found 0 features of type [CoordSys] in 6060 Cotter pin-4
2026-07-15 18:05:25,917 INFO  ExportHelperExtension.cs: 1125 - Retrieving features of type [CoordSys] from ZDT_X42_L48Motor.STEP-3
2026-07-15 18:05:25,917 INFO  ExportHelperExtension.cs: 1136 - Found 34 in ZDT_X42_L48Motor.STEP-3
2026-07-15 18:05:25,917 INFO  ExportHelperExtension.cs: 1145 - Found 0 features of type [CoordSys] in ZDT_X42_L48Motor.STEP-3
2026-07-15 18:05:25,918 INFO  ExportHelperExtension.cs: 1125 - Retrieving features of type [CoordSys] from socket head cap screw_ai-1
2026-07-15 18:05:26,055 INFO  ExportHelperExtension.cs: 1136 - Found 46 in socket head cap screw_ai-1
2026-07-15 18:05:26,056 INFO  ExportHelperExtension.cs: 1145 - Found 0 features of type [CoordSys] in socket head cap screw_ai-1
2026-07-15 18:05:26,056 INFO  ExportHelperExtension.cs: 1125 - Retrieving features of type [CoordSys] from socket head cap screw_ai-2
2026-07-15 18:05:26,056 INFO  ExportHelperExtension.cs: 1136 - Found 46 in socket head cap screw_ai-2
2026-07-15 18:05:26,056 INFO  ExportHelperExtension.cs: 1145 - Found 0 features of type [CoordSys] in socket head cap screw_ai-2
2026-07-15 18:05:26,057 INFO  ExportHelperExtension.cs: 1125 - Retrieving features of type [CoordSys] from socket head cap screw_ai-4
2026-07-15 18:05:26,057 INFO  ExportHelperExtension.cs: 1136 - Found 46 in socket head cap screw_ai-4
2026-07-15 18:05:26,057 INFO  ExportHelperExtension.cs: 1145 - Found 0 features of type [CoordSys] in socket head cap screw_ai-4
2026-07-15 18:05:26,057 INFO  ExportHelperExtension.cs: 1125 - Retrieving features of type [CoordSys] from socket head cap screw_ai-3
2026-07-15 18:05:26,058 INFO  ExportHelperExtension.cs: 1136 - Found 46 in socket head cap screw_ai-3
2026-07-15 18:05:26,058 INFO  ExportHelperExtension.cs: 1145 - Found 0 features of type [CoordSys] in socket head cap screw_ai-3
2026-07-15 18:05:26,058 INFO  ExportHelperExtension.cs: 1125 - Retrieving features of type [CoordSys] from ZDT_X42_L48Motor.STEP-2
2026-07-15 18:05:26,058 INFO  ExportHelperExtension.cs: 1136 - Found 34 in ZDT_X42_L48Motor.STEP-2
2026-07-15 18:05:26,058 INFO  ExportHelperExtension.cs: 1145 - Found 0 features of type [CoordSys] in ZDT_X42_L48Motor.STEP-2
2026-07-15 18:05:26,060 INFO  ExportHelperExtension.cs: 1125 - Retrieving features of type [CoordSys] from socket head cap screw_ai-13
2026-07-15 18:05:26,060 INFO  ExportHelperExtension.cs: 1136 - Found 46 in socket head cap screw_ai-13
2026-07-15 18:05:26,060 INFO  ExportHelperExtension.cs: 1145 - Found 0 features of type [CoordSys] in socket head cap screw_ai-13
2026-07-15 18:05:26,060 INFO  ExportHelperExtension.cs: 1125 - Retrieving features of type [CoordSys] from Upperarm up - 联轴器D32d8版本-1
2026-07-15 18:05:26,060 INFO  ExportHelperExtension.cs: 1136 - Found 82 in Upperarm up - 联轴器D32d8版本-1
2026-07-15 18:05:26,060 INFO  ExportHelperExtension.cs: 1145 - Found 0 features of type [CoordSys] in Upperarm up - 联轴器D32d8版本-1
2026-07-15 18:05:26,060 INFO  ExportHelperExtension.cs: 1125 - Retrieving features of type [CoordSys] from 联轴器 D32d8 L28 REF-2
2026-07-15 18:05:26,060 INFO  ExportHelperExtension.cs: 1136 - Found 44 in 联轴器 D32d8 L28 REF-2
2026-07-15 18:05:26,061 INFO  ExportHelperExtension.cs: 1145 - Found 0 features of type [CoordSys] in 联轴器 D32d8 L28 REF-2
2026-07-15 18:05:26,061 INFO  ExportHelperExtension.cs: 1125 - Retrieving features of type [CoordSys] from socket head cap screw_ai-7
2026-07-15 18:05:26,061 INFO  ExportHelperExtension.cs: 1136 - Found 46 in socket head cap screw_ai-7
2026-07-15 18:05:26,061 INFO  ExportHelperExtension.cs: 1145 - Found 0 features of type [CoordSys] in socket head cap screw_ai-7
2026-07-15 18:05:26,061 INFO  ExportHelperExtension.cs: 1125 - Retrieving features of type [CoordSys] from socket head cap screw_ai-11
2026-07-15 18:05:26,062 INFO  ExportHelperExtension.cs: 1136 - Found 46 in socket head cap screw_ai-11
2026-07-15 18:05:26,062 INFO  ExportHelperExtension.cs: 1145 - Found 0 features of type [CoordSys] in socket head cap screw_ai-11
2026-07-15 18:05:26,062 INFO  ExportHelperExtension.cs: 1125 - Retrieving features of type [CoordSys] from socket head cap screw_ai-8
2026-07-15 18:05:26,062 INFO  ExportHelperExtension.cs: 1136 - Found 46 in socket head cap screw_ai-8
2026-07-15 18:05:26,064 INFO  ExportHelperExtension.cs: 1145 - Found 0 features of type [CoordSys] in socket head cap screw_ai-8
2026-07-15 18:05:26,064 INFO  ExportHelperExtension.cs: 1125 - Retrieving features of type [CoordSys] from socket head cap screw_ai-14
2026-07-15 18:05:26,064 INFO  ExportHelperExtension.cs: 1136 - Found 46 in socket head cap screw_ai-14
2026-07-15 18:05:26,064 INFO  ExportHelperExtension.cs: 1145 - Found 0 features of type [CoordSys] in socket head cap screw_ai-14
2026-07-15 18:05:26,064 INFO  ExportHelperExtension.cs: 1125 - Retrieving features of type [CoordSys] from socket head cap screw_ai-6
2026-07-15 18:05:26,064 INFO  ExportHelperExtension.cs: 1136 - Found 46 in socket head cap screw_ai-6
2026-07-15 18:05:26,064 INFO  ExportHelperExtension.cs: 1145 - Found 0 features of type [CoordSys] in socket head cap screw_ai-6
2026-07-15 18:05:26,064 INFO  ExportHelperExtension.cs: 1125 - Retrieving features of type [CoordSys] from 联轴器 D32d14 L28 REF-1
2026-07-15 18:05:26,064 INFO  ExportHelperExtension.cs: 1136 - Found 44 in 联轴器 D32d14 L28 REF-1
2026-07-15 18:05:26,066 INFO  ExportHelperExtension.cs: 1145 - Found 0 features of type [CoordSys] in 联轴器 D32d14 L28 REF-1
2026-07-15 18:05:26,066 INFO  ExportHelperExtension.cs: 1125 - Retrieving features of type [CoordSys] from socket head cap screw_ai-12
2026-07-15 18:05:26,066 INFO  ExportHelperExtension.cs: 1136 - Found 46 in socket head cap screw_ai-12
2026-07-15 18:05:26,066 INFO  ExportHelperExtension.cs: 1145 - Found 0 features of type [CoordSys] in socket head cap screw_ai-12
2026-07-15 18:05:26,066 INFO  ExportHelperExtension.cs: 1125 - Retrieving features of type [CoordSys] from socket head cap screw_ai-9
2026-07-15 18:05:26,066 INFO  ExportHelperExtension.cs: 1136 - Found 46 in socket head cap screw_ai-9
2026-07-15 18:05:26,066 INFO  ExportHelperExtension.cs: 1145 - Found 0 features of type [CoordSys] in socket head cap screw_ai-9
2026-07-15 18:05:26,066 INFO  ExportHelperExtension.cs: 1125 - Retrieving features of type [CoordSys] from Shoulder - 联轴器D32d14版本-1
2026-07-15 18:05:26,066 INFO  ExportHelperExtension.cs: 1136 - Found 80 in Shoulder - 联轴器D32d14版本-1
2026-07-15 18:05:26,068 INFO  ExportHelperExtension.cs: 1145 - Found 0 features of type [CoordSys] in Shoulder - 联轴器D32d14版本-1
2026-07-15 18:05:26,068 INFO  ExportHelperExtension.cs: 1125 - Retrieving features of type [CoordSys] from 联轴器 D32d8 L28 REF-1
2026-07-15 18:05:26,068 INFO  ExportHelperExtension.cs: 1136 - Found 44 in 联轴器 D32d8 L28 REF-1
2026-07-15 18:05:26,068 INFO  ExportHelperExtension.cs: 1145 - Found 0 features of type [CoordSys] in 联轴器 D32d8 L28 REF-1
2026-07-15 18:05:26,068 INFO  ExportHelperExtension.cs: 1125 - Retrieving features of type [CoordSys] from 联轴器 D32d8 L28 REF-3
2026-07-15 18:05:26,069 INFO  ExportHelperExtension.cs: 1136 - Found 44 in 联轴器 D32d8 L28 REF-3
2026-07-15 18:05:26,069 INFO  ExportHelperExtension.cs: 1145 - Found 0 features of type [CoordSys] in 联轴器 D32d8 L28 REF-3
2026-07-15 18:05:26,069 INFO  ExportHelperExtension.cs: 1125 - Retrieving features of type [RefAxis] from Arm_Assemble.SLDASM
2026-07-15 18:05:26,069 INFO  ExportHelperExtension.cs: 1136 - Found 412 in Arm_Assemble.SLDASM
2026-07-15 18:05:26,070 INFO  ExportHelperExtension.cs: 1145 - Found 6 features of type [RefAxis] in Arm_Assemble.SLDASM
2026-07-15 18:05:26,070 INFO  ExportHelperExtension.cs: 1148 - Proceeding through assembly components
2026-07-15 18:05:26,070 INFO  ExportHelperExtension.cs: 1160 - 43 components to check
2026-07-15 18:05:26,070 INFO  ExportHelperExtension.cs: 1125 - Retrieving features of type [RefAxis] from ZDT_X42_L40Motor.STEP-1
2026-07-15 18:05:26,070 INFO  ExportHelperExtension.cs: 1136 - Found 34 in ZDT_X42_L40Motor.STEP-1
2026-07-15 18:05:26,070 INFO  ExportHelperExtension.cs: 1145 - Found 0 features of type [RefAxis] in ZDT_X42_L40Motor.STEP-1
2026-07-15 18:05:26,070 INFO  ExportHelperExtension.cs: 1125 - Retrieving features of type [RefAxis] from Gripper_Assembly-1
2026-07-15 18:05:26,072 INFO  ExportHelperExtension.cs: 1136 - Found 46 in Gripper_Assembly-1
2026-07-15 18:05:26,072 INFO  ExportHelperExtension.cs: 1145 - Found 0 features of type [RefAxis] in Gripper_Assembly-1
2026-07-15 18:05:26,072 INFO  ExportHelperExtension.cs: 1125 - Retrieving features of type [RefAxis] from Wrist-1
2026-07-15 18:05:26,072 INFO  ExportHelperExtension.cs: 1136 - Found 48 in Wrist-1
2026-07-15 18:05:26,072 INFO  ExportHelperExtension.cs: 1145 - Found 0 features of type [RefAxis] in Wrist-1
2026-07-15 18:05:26,072 INFO  ExportHelperExtension.cs: 1125 - Retrieving features of type [RefAxis] from 涨紧套Z21 8X18X11 REF-1
2026-07-15 18:05:26,072 INFO  ExportHelperExtension.cs: 1136 - Found 25 in 涨紧套Z21 8X18X11 REF-1
2026-07-15 18:05:26,072 INFO  ExportHelperExtension.cs: 1145 - Found 0 features of type [RefAxis] in 涨紧套Z21 8X18X11 REF-1
2026-07-15 18:05:26,074 INFO  ExportHelperExtension.cs: 1125 - Retrieving features of type [RefAxis] from Forearm dn-1
2026-07-15 18:05:26,074 INFO  ExportHelperExtension.cs: 1136 - Found 51 in Forearm dn-1
2026-07-15 18:05:26,074 INFO  ExportHelperExtension.cs: 1145 - Found 0 features of type [RefAxis] in Forearm dn-1
2026-07-15 18:05:26,074 INFO  ExportHelperExtension.cs: 1125 - Retrieving features of type [RefAxis] from 42减速器 圆法兰 一级速比 REF-1
2026-07-15 18:05:26,074 INFO  ExportHelperExtension.cs: 1136 - Found 42 in 42减速器 圆法兰 一级速比 REF-1
2026-07-15 18:05:26,075 INFO  ExportHelperExtension.cs: 1145 - Found 0 features of type [RefAxis] in 42减速器 圆法兰 一级速比 REF-1
2026-07-15 18:05:26,075 INFO  ExportHelperExtension.cs: 1125 - Retrieving features of type [RefAxis] from ZDT_X42_L34Motor.STEP-1
2026-07-15 18:05:26,075 INFO  ExportHelperExtension.cs: 1136 - Found 34 in ZDT_X42_L34Motor.STEP-1
2026-07-15 18:05:26,075 INFO  ExportHelperExtension.cs: 1145 - Found 0 features of type [RefAxis] in ZDT_X42_L34Motor.STEP-1
2026-07-15 18:05:26,076 INFO  ExportHelperExtension.cs: 1125 - Retrieving features of type [RefAxis] from 42减速器 方法兰 二级速比(15+) REF-1
2026-07-15 18:05:26,076 INFO  ExportHelperExtension.cs: 1136 - Found 44 in 42减速器 方法兰 二级速比(15+) REF-1
2026-07-15 18:05:26,076 INFO  ExportHelperExtension.cs: 1145 - Found 0 features of type [RefAxis] in 42减速器 方法兰 二级速比(15+) REF-1
2026-07-15 18:05:26,076 INFO  ExportHelperExtension.cs: 1125 - Retrieving features of type [RefAxis] from 联轴器 D19d4 L20 REF-1
2026-07-15 18:05:26,077 INFO  ExportHelperExtension.cs: 1136 - Found 44 in 联轴器 D19d4 L20 REF-1
2026-07-15 18:05:26,077 INFO  ExportHelperExtension.cs: 1145 - Found 0 features of type [RefAxis] in 联轴器 D19d4 L20 REF-1
2026-07-15 18:05:26,077 INFO  ExportHelperExtension.cs: 1125 - Retrieving features of type [RefAxis] from OYU-8-6060-1
2026-07-15 18:05:26,077 INFO  ExportHelperExtension.cs: 1136 - Found 25 in OYU-8-6060-1
2026-07-15 18:05:26,077 INFO  ExportHelperExtension.cs: 1145 - Found 0 features of type [RefAxis] in OYU-8-6060-1
2026-07-15 18:05:26,078 INFO  ExportHelperExtension.cs: 1125 - Retrieving features of type [RefAxis] from 57减速器 方法兰 二级速比(15+) REF-1
2026-07-15 18:05:26,078 INFO  ExportHelperExtension.cs: 1136 - Found 40 in 57减速器 方法兰 二级速比(15+) REF-1
2026-07-15 18:05:26,078 INFO  ExportHelperExtension.cs: 1145 - Found 0 features of type [RefAxis] in 57减速器 方法兰 二级速比(15+) REF-1
2026-07-15 18:05:26,078 INFO  ExportHelperExtension.cs: 1125 - Retrieving features of type [RefAxis] from 6060 Cotter pin-3
2026-07-15 18:05:26,079 INFO  ExportHelperExtension.cs: 1136 - Found 29 in 6060 Cotter pin-3
2026-07-15 18:05:26,079 INFO  ExportHelperExtension.cs: 1145 - Found 0 features of type [RefAxis] in 6060 Cotter pin-3
2026-07-15 18:05:26,079 INFO  ExportHelperExtension.cs: 1125 - Retrieving features of type [RefAxis] from 42减速器 圆法兰 一级速比 REF-2
2026-07-15 18:05:26,079 INFO  ExportHelperExtension.cs: 1136 - Found 42 in 42减速器 圆法兰 一级速比 REF-2
2026-07-15 18:05:26,079 INFO  ExportHelperExtension.cs: 1145 - Found 0 features of type [RefAxis] in 42减速器 圆法兰 一级速比 REF-2
2026-07-15 18:05:26,080 INFO  ExportHelperExtension.cs: 1125 - Retrieving features of type [RefAxis] from Upperarm dn - 联轴器D32d8版本-1
2026-07-15 18:05:26,080 INFO  ExportHelperExtension.cs: 1136 - Found 88 in Upperarm dn - 联轴器D32d8版本-1
2026-07-15 18:05:26,080 INFO  ExportHelperExtension.cs: 1145 - Found 0 features of type [RefAxis] in Upperarm dn - 联轴器D32d8版本-1
2026-07-15 18:05:26,080 INFO  ExportHelperExtension.cs: 1125 - Retrieving features of type [RefAxis] from ZDT_X42_L40Motor.STEP-2
2026-07-15 18:05:26,081 INFO  ExportHelperExtension.cs: 1136 - Found 34 in ZDT_X42_L40Motor.STEP-2
2026-07-15 18:05:26,081 INFO  ExportHelperExtension.cs: 1145 - Found 0 features of type [RefAxis] in ZDT_X42_L40Motor.STEP-2
2026-07-15 18:05:26,081 INFO  ExportHelperExtension.cs: 1125 - Retrieving features of type [RefAxis] from 42减速器 圆法兰 一级速比 REF-3
2026-07-15 18:05:26,081 INFO  ExportHelperExtension.cs: 1136 - Found 42 in 42减速器 圆法兰 一级速比 REF-3
2026-07-15 18:05:26,081 INFO  ExportHelperExtension.cs: 1145 - Found 0 features of type [RefAxis] in 42减速器 圆法兰 一级速比 REF-3
2026-07-15 18:05:26,082 INFO  ExportHelperExtension.cs: 1125 - Retrieving features of type [RefAxis] from ZDT_X42_L60Motor.STEP-2
2026-07-15 18:05:26,082 INFO  ExportHelperExtension.cs: 1136 - Found 34 in ZDT_X42_L60Motor.STEP-2
2026-07-15 18:05:26,082 INFO  ExportHelperExtension.cs: 1145 - Found 0 features of type [RefAxis] in ZDT_X42_L60Motor.STEP-2
2026-07-15 18:05:26,082 INFO  ExportHelperExtension.cs: 1125 - Retrieving features of type [RefAxis] from Forearm up - 联轴器D32d8版本-1
2026-07-15 18:05:26,083 INFO  ExportHelperExtension.cs: 1136 - Found 59 in Forearm up - 联轴器D32d8版本-1
2026-07-15 18:05:26,083 INFO  ExportHelperExtension.cs: 1145 - Found 0 features of type [RefAxis] in Forearm up - 联轴器D32d8版本-1
2026-07-15 18:05:26,083 INFO  ExportHelperExtension.cs: 1125 - Retrieving features of type [RefAxis] from J1 Base-1
2026-07-15 18:05:26,083 INFO  ExportHelperExtension.cs: 1136 - Found 66 in J1 Base-1
2026-07-15 18:05:26,084 INFO  ExportHelperExtension.cs: 1145 - Found 0 features of type [RefAxis] in J1 Base-1
2026-07-15 18:05:26,084 INFO  ExportHelperExtension.cs: 1125 - Retrieving features of type [RefAxis] from ZDT_X57_L76Motor.STEP-1
2026-07-15 18:05:26,084 INFO  ExportHelperExtension.cs: 1136 - Found 34 in ZDT_X57_L76Motor.STEP-1
2026-07-15 18:05:26,084 INFO  ExportHelperExtension.cs: 1145 - Found 0 features of type [RefAxis] in ZDT_X57_L76Motor.STEP-1
2026-07-15 18:05:26,084 INFO  ExportHelperExtension.cs: 1125 - Retrieving features of type [RefAxis] from 6060 Cotter pin-1
2026-07-15 18:05:26,084 INFO  ExportHelperExtension.cs: 1136 - Found 29 in 6060 Cotter pin-1
2026-07-15 18:05:26,084 INFO  ExportHelperExtension.cs: 1145 - Found 0 features of type [RefAxis] in 6060 Cotter pin-1
2026-07-15 18:05:26,084 INFO  ExportHelperExtension.cs: 1125 - Retrieving features of type [RefAxis] from 6060 Cotter pin-2
2026-07-15 18:05:26,084 INFO  ExportHelperExtension.cs: 1136 - Found 29 in 6060 Cotter pin-2
2026-07-15 18:05:26,084 INFO  ExportHelperExtension.cs: 1145 - Found 0 features of type [RefAxis] in 6060 Cotter pin-2
2026-07-15 18:05:26,085 INFO  ExportHelperExtension.cs: 1125 - Retrieving features of type [RefAxis] from 6060 Cotter pin-4
2026-07-15 18:05:26,085 INFO  ExportHelperExtension.cs: 1136 - Found 29 in 6060 Cotter pin-4
2026-07-15 18:05:26,085 INFO  ExportHelperExtension.cs: 1145 - Found 0 features of type [RefAxis] in 6060 Cotter pin-4
2026-07-15 18:05:26,085 INFO  ExportHelperExtension.cs: 1125 - Retrieving features of type [RefAxis] from ZDT_X42_L48Motor.STEP-3
2026-07-15 18:05:26,085 INFO  ExportHelperExtension.cs: 1136 - Found 34 in ZDT_X42_L48Motor.STEP-3
2026-07-15 18:05:26,086 INFO  ExportHelperExtension.cs: 1145 - Found 0 features of type [RefAxis] in ZDT_X42_L48Motor.STEP-3
2026-07-15 18:05:26,086 INFO  ExportHelperExtension.cs: 1125 - Retrieving features of type [RefAxis] from socket head cap screw_ai-1
2026-07-15 18:05:26,086 INFO  ExportHelperExtension.cs: 1136 - Found 46 in socket head cap screw_ai-1
2026-07-15 18:05:26,086 INFO  ExportHelperExtension.cs: 1145 - Found 0 features of type [RefAxis] in socket head cap screw_ai-1
2026-07-15 18:05:26,086 INFO  ExportHelperExtension.cs: 1125 - Retrieving features of type [RefAxis] from socket head cap screw_ai-2
2026-07-15 18:05:26,087 INFO  ExportHelperExtension.cs: 1136 - Found 46 in socket head cap screw_ai-2
2026-07-15 18:05:26,087 INFO  ExportHelperExtension.cs: 1145 - Found 0 features of type [RefAxis] in socket head cap screw_ai-2
2026-07-15 18:05:26,087 INFO  ExportHelperExtension.cs: 1125 - Retrieving features of type [RefAxis] from socket head cap screw_ai-4
2026-07-15 18:05:26,087 INFO  ExportHelperExtension.cs: 1136 - Found 46 in socket head cap screw_ai-4
2026-07-15 18:05:26,087 INFO  ExportHelperExtension.cs: 1145 - Found 0 features of type [RefAxis] in socket head cap screw_ai-4
2026-07-15 18:05:26,089 INFO  ExportHelperExtension.cs: 1125 - Retrieving features of type [RefAxis] from socket head cap screw_ai-3
2026-07-15 18:05:26,089 INFO  ExportHelperExtension.cs: 1136 - Found 46 in socket head cap screw_ai-3
2026-07-15 18:05:26,089 INFO  ExportHelperExtension.cs: 1145 - Found 0 features of type [RefAxis] in socket head cap screw_ai-3
2026-07-15 18:05:26,089 INFO  ExportHelperExtension.cs: 1125 - Retrieving features of type [RefAxis] from ZDT_X42_L48Motor.STEP-2
2026-07-15 18:05:26,089 INFO  ExportHelperExtension.cs: 1136 - Found 34 in ZDT_X42_L48Motor.STEP-2
2026-07-15 18:05:26,090 INFO  ExportHelperExtension.cs: 1145 - Found 0 features of type [RefAxis] in ZDT_X42_L48Motor.STEP-2
2026-07-15 18:05:26,090 INFO  ExportHelperExtension.cs: 1125 - Retrieving features of type [RefAxis] from socket head cap screw_ai-13
2026-07-15 18:05:26,090 INFO  ExportHelperExtension.cs: 1136 - Found 46 in socket head cap screw_ai-13
2026-07-15 18:05:26,090 INFO  ExportHelperExtension.cs: 1145 - Found 0 features of type [RefAxis] in socket head cap screw_ai-13
2026-07-15 18:05:26,091 INFO  ExportHelperExtension.cs: 1125 - Retrieving features of type [RefAxis] from Upperarm up - 联轴器D32d8版本-1
2026-07-15 18:05:26,091 INFO  ExportHelperExtension.cs: 1136 - Found 82 in Upperarm up - 联轴器D32d8版本-1
2026-07-15 18:05:26,091 INFO  ExportHelperExtension.cs: 1145 - Found 1 features of type [RefAxis] in Upperarm up - 联轴器D32d8版本-1
2026-07-15 18:05:26,091 INFO  ExportHelperExtension.cs: 1125 - Retrieving features of type [RefAxis] from 联轴器 D32d8 L28 REF-2
2026-07-15 18:05:26,091 INFO  ExportHelperExtension.cs: 1136 - Found 44 in 联轴器 D32d8 L28 REF-2
2026-07-15 18:05:26,092 INFO  ExportHelperExtension.cs: 1145 - Found 0 features of type [RefAxis] in 联轴器 D32d8 L28 REF-2
2026-07-15 18:05:26,092 INFO  ExportHelperExtension.cs: 1125 - Retrieving features of type [RefAxis] from socket head cap screw_ai-7
2026-07-15 18:05:26,092 INFO  ExportHelperExtension.cs: 1136 - Found 46 in socket head cap screw_ai-7
2026-07-15 18:05:26,092 INFO  ExportHelperExtension.cs: 1145 - Found 0 features of type [RefAxis] in socket head cap screw_ai-7
2026-07-15 18:05:26,094 INFO  ExportHelperExtension.cs: 1125 - Retrieving features of type [RefAxis] from socket head cap screw_ai-11
2026-07-15 18:05:26,094 INFO  ExportHelperExtension.cs: 1136 - Found 46 in socket head cap screw_ai-11
2026-07-15 18:05:26,094 INFO  ExportHelperExtension.cs: 1145 - Found 0 features of type [RefAxis] in socket head cap screw_ai-11
2026-07-15 18:05:26,094 INFO  ExportHelperExtension.cs: 1125 - Retrieving features of type [RefAxis] from socket head cap screw_ai-8
2026-07-15 18:05:26,094 INFO  ExportHelperExtension.cs: 1136 - Found 46 in socket head cap screw_ai-8
2026-07-15 18:05:26,096 INFO  ExportHelperExtension.cs: 1145 - Found 0 features of type [RefAxis] in socket head cap screw_ai-8
2026-07-15 18:05:26,096 INFO  ExportHelperExtension.cs: 1125 - Retrieving features of type [RefAxis] from socket head cap screw_ai-14
2026-07-15 18:05:26,096 INFO  ExportHelperExtension.cs: 1136 - Found 46 in socket head cap screw_ai-14
2026-07-15 18:05:26,096 INFO  ExportHelperExtension.cs: 1145 - Found 0 features of type [RefAxis] in socket head cap screw_ai-14
2026-07-15 18:05:26,097 INFO  ExportHelperExtension.cs: 1125 - Retrieving features of type [RefAxis] from socket head cap screw_ai-6
2026-07-15 18:05:26,097 INFO  ExportHelperExtension.cs: 1136 - Found 46 in socket head cap screw_ai-6
2026-07-15 18:05:26,097 INFO  ExportHelperExtension.cs: 1145 - Found 0 features of type [RefAxis] in socket head cap screw_ai-6
2026-07-15 18:05:26,097 INFO  ExportHelperExtension.cs: 1125 - Retrieving features of type [RefAxis] from 联轴器 D32d14 L28 REF-1
2026-07-15 18:05:26,107 INFO  ExportHelperExtension.cs: 1136 - Found 44 in 联轴器 D32d14 L28 REF-1
2026-07-15 18:05:26,109 INFO  ExportHelperExtension.cs: 1145 - Found 0 features of type [RefAxis] in 联轴器 D32d14 L28 REF-1
2026-07-15 18:05:26,110 INFO  ExportHelperExtension.cs: 1125 - Retrieving features of type [RefAxis] from socket head cap screw_ai-12
2026-07-15 18:05:26,110 INFO  ExportHelperExtension.cs: 1136 - Found 46 in socket head cap screw_ai-12
2026-07-15 18:05:26,110 INFO  ExportHelperExtension.cs: 1145 - Found 0 features of type [RefAxis] in socket head cap screw_ai-12
2026-07-15 18:05:26,110 INFO  ExportHelperExtension.cs: 1125 - Retrieving features of type [RefAxis] from socket head cap screw_ai-9
2026-07-15 18:05:26,111 INFO  ExportHelperExtension.cs: 1136 - Found 46 in socket head cap screw_ai-9
2026-07-15 18:05:26,111 INFO  ExportHelperExtension.cs: 1145 - Found 0 features of type [RefAxis] in socket head cap screw_ai-9
2026-07-15 18:05:26,111 INFO  ExportHelperExtension.cs: 1125 - Retrieving features of type [RefAxis] from Shoulder - 联轴器D32d14版本-1
2026-07-15 18:05:26,111 INFO  ExportHelperExtension.cs: 1136 - Found 80 in Shoulder - 联轴器D32d14版本-1
2026-07-15 18:05:26,112 INFO  ExportHelperExtension.cs: 1145 - Found 0 features of type [RefAxis] in Shoulder - 联轴器D32d14版本-1
2026-07-15 18:05:26,112 INFO  ExportHelperExtension.cs: 1125 - Retrieving features of type [RefAxis] from 联轴器 D32d8 L28 REF-1
2026-07-15 18:05:26,112 INFO  ExportHelperExtension.cs: 1136 - Found 44 in 联轴器 D32d8 L28 REF-1
2026-07-15 18:05:26,112 INFO  ExportHelperExtension.cs: 1145 - Found 0 features of type [RefAxis] in 联轴器 D32d8 L28 REF-1
2026-07-15 18:05:26,112 INFO  ExportHelperExtension.cs: 1125 - Retrieving features of type [RefAxis] from 联轴器 D32d8 L28 REF-3
2026-07-15 18:05:26,112 INFO  ExportHelperExtension.cs: 1136 - Found 44 in 联轴器 D32d8 L28 REF-3
2026-07-15 18:05:26,112 INFO  ExportHelperExtension.cs: 1145 - Found 0 features of type [RefAxis] in 联轴器 D32d8 L28 REF-3
2026-07-15 18:05:26,153 INFO  SwAddin.cs: 339 - Loading config tree
2026-07-15 18:05:26,160 INFO  ExportPropertyManagerExtension.cs: 520 - Starting new configuration
2026-07-15 18:05:26,164 INFO  SwAddin.cs: 344 - Showing property manager
2026-07-15 18:05:43,744 INFO  ExportPropertyManager.cs: 1136 - OnNumberBoxTrackingCompleted called. This method no longer throws an Exception. It just silently does nothing. Ok, except for this logging message
2026-07-15 18:05:55,529 INFO  ExportPropertyManager.cs: 1018 - OnComboboxSelectionChanged called. This method no longer throws an Exception. It just silently does nothing. Ok, except for this logging message
2026-07-15 18:07:32,841 INFO  ExportPropertyManager.cs: 1136 - OnNumberBoxTrackingCompleted called. This method no longer throws an Exception. It just silently does nothing. Ok, except for this logging message
2026-07-15 18:07:33,508 INFO  ExportPropertyManager.cs: 1136 - OnNumberBoxTrackingCompleted called. This method no longer throws an Exception. It just silently does nothing. Ok, except for this logging message
2026-07-15 18:07:43,489 INFO  ExportPropertyManager.cs: 1136 - OnNumberBoxTrackingCompleted called. This method no longer throws an Exception. It just silently does nothing. Ok, except for this logging message
2026-07-15 18:07:46,064 INFO  ExportPropertyManager.cs: 1136 - OnNumberBoxTrackingCompleted called. This method no longer throws an Exception. It just silently does nothing. Ok, except for this logging message
2026-07-15 18:07:48,597 INFO  ExportPropertyManager.cs: 1136 - OnNumberBoxTrackingCompleted called. This method no longer throws an Exception. It just silently does nothing. Ok, except for this logging message
2026-07-15 18:07:49,719 INFO  ExportPropertyManager.cs: 1136 - OnNumberBoxTrackingCompleted called. This method no longer throws an Exception. It just silently does nothing. Ok, except for this logging message
2026-07-15 18:07:49,873 INFO  ExportPropertyManager.cs: 1136 - OnNumberBoxTrackingCompleted called. This method no longer throws an Exception. It just silently does nothing. Ok, except for this logging message
2026-07-15 18:07:50,227 INFO  ExportPropertyManager.cs: 1136 - OnNumberBoxTrackingCompleted called. This method no longer throws an Exception. It just silently does nothing. Ok, except for this logging message
2026-07-15 18:07:53,502 INFO  ExportPropertyManager.cs: 1136 - OnNumberBoxTrackingCompleted called. This method no longer throws an Exception. It just silently does nothing. Ok, except for this logging message
2026-07-15 18:07:53,652 INFO  ExportPropertyManager.cs: 1136 - OnNumberBoxTrackingCompleted called. This method no longer throws an Exception. It just silently does nothing. Ok, except for this logging message
2026-07-15 18:07:53,817 INFO  ExportPropertyManager.cs: 1136 - OnNumberBoxTrackingCompleted called. This method no longer throws an Exception. It just silently does nothing. Ok, except for this logging message
2026-07-15 18:07:55,927 INFO  ExportPropertyManager.cs: 1136 - OnNumberBoxTrackingCompleted called. This method no longer throws an Exception. It just silently does nothing. Ok, except for this logging message
2026-07-15 18:08:04,065 INFO  ExportPropertyManager.cs: 1136 - OnNumberBoxTrackingCompleted called. This method no longer throws an Exception. It just silently does nothing. Ok, except for this logging message
2026-07-15 18:08:36,904 INFO  ExportPropertyManager.cs: 1018 - OnComboboxSelectionChanged called. This method no longer throws an Exception. It just silently does nothing. Ok, except for this logging message
2026-07-15 18:09:57,611 INFO  ExportPropertyManager.cs: 1136 - OnNumberBoxTrackingCompleted called. This method no longer throws an Exception. It just silently does nothing. Ok, except for this logging message
2026-07-15 18:10:12,683 INFO  ExportPropertyManager.cs: 1018 - OnComboboxSelectionChanged called. This method no longer throws an Exception. It just silently does nothing. Ok, except for this logging message
2026-07-15 18:11:09,673 INFO  ExportPropertyManager.cs: 1136 - OnNumberBoxTrackingCompleted called. This method no longer throws an Exception. It just silently does nothing. Ok, except for this logging message
2026-07-15 18:11:20,321 INFO  ExportPropertyManager.cs: 1018 - OnComboboxSelectionChanged called. This method no longer throws an Exception. It just silently does nothing. Ok, except for this logging message
2026-07-15 18:11:34,805 INFO  ExportPropertyManager.cs: 1136 - OnNumberBoxTrackingCompleted called. This method no longer throws an Exception. It just silently does nothing. Ok, except for this logging message
2026-07-15 18:11:49,745 INFO  ExportPropertyManager.cs: 1018 - OnComboboxSelectionChanged called. This method no longer throws an Exception. It just silently does nothing. Ok, except for this logging message
2026-07-15 18:12:18,998 INFO  ExportPropertyManager.cs: 1136 - OnNumberBoxTrackingCompleted called. This method no longer throws an Exception. It just silently does nothing. Ok, except for this logging message
2026-07-15 18:12:28,227 INFO  ExportPropertyManager.cs: 1018 - OnComboboxSelectionChanged called. This method no longer throws an Exception. It just silently does nothing. Ok, except for this logging message
2026-07-15 18:12:54,068 INFO  ExportPropertyManager.cs: 422 - Configuration saved
2026-07-15 18:12:54,351 INFO  ExportPropertyManager.cs: 1142 - AfterClose called. This method no longer throws an Exception. It just silently does nothing. Ok, except for this logging message
2026-07-15 18:13:10,680 INFO  SwAddin.cs: 294 - Assembly export called for file Arm_Assemble.SLDASM
2026-07-15 18:13:10,681 INFO  SwAddin.cs: 299 - Save is required
2026-07-15 18:13:10,681 INFO  SwAddin.cs: 313 - Saving assembly
2026-07-15 18:13:12,246 INFO  SwAddin.cs: 316 - Opening property manager
2026-07-15 18:13:12,247 INFO  ExportHelperExtension.cs: 1125 - Retrieving features of type [CoordSys] from Arm_Assemble.SLDASM
2026-07-15 18:13:12,247 INFO  ExportHelperExtension.cs: 1136 - Found 413 in Arm_Assemble.SLDASM
2026-07-15 18:13:12,248 INFO  ExportHelperExtension.cs: 1145 - Found 0 features of type [CoordSys] in Arm_Assemble.SLDASM
2026-07-15 18:13:12,248 INFO  ExportHelperExtension.cs: 1148 - Proceeding through assembly components
2026-07-15 18:13:12,249 INFO  ExportHelperExtension.cs: 1160 - 43 components to check
2026-07-15 18:13:12,249 INFO  ExportHelperExtension.cs: 1125 - Retrieving features of type [CoordSys] from ZDT_X42_L40Motor.STEP-1
2026-07-15 18:13:12,249 INFO  ExportHelperExtension.cs: 1136 - Found 34 in ZDT_X42_L40Motor.STEP-1
2026-07-15 18:13:12,250 INFO  ExportHelperExtension.cs: 1145 - Found 0 features of type [CoordSys] in ZDT_X42_L40Motor.STEP-1
2026-07-15 18:13:12,250 INFO  ExportHelperExtension.cs: 1125 - Retrieving features of type [CoordSys] from Gripper_Assembly-1
2026-07-15 18:13:12,250 INFO  ExportHelperExtension.cs: 1136 - Found 46 in Gripper_Assembly-1
2026-07-15 18:13:12,250 INFO  ExportHelperExtension.cs: 1145 - Found 0 features of type [CoordSys] in Gripper_Assembly-1
2026-07-15 18:13:12,251 INFO  ExportHelperExtension.cs: 1125 - Retrieving features of type [CoordSys] from Wrist-1
2026-07-15 18:13:12,251 INFO  ExportHelperExtension.cs: 1136 - Found 48 in Wrist-1
2026-07-15 18:13:12,251 INFO  ExportHelperExtension.cs: 1145 - Found 0 features of type [CoordSys] in Wrist-1
2026-07-15 18:13:12,252 INFO  ExportHelperExtension.cs: 1125 - Retrieving features of type [CoordSys] from 涨紧套Z21 8X18X11 REF-1
2026-07-15 18:13:12,252 INFO  ExportHelperExtension.cs: 1136 - Found 25 in 涨紧套Z21 8X18X11 REF-1
2026-07-15 18:13:12,252 INFO  ExportHelperExtension.cs: 1145 - Found 0 features of type [CoordSys] in 涨紧套Z21 8X18X11 REF-1
2026-07-15 18:13:12,252 INFO  ExportHelperExtension.cs: 1125 - Retrieving features of type [CoordSys] from Forearm dn-1
2026-07-15 18:13:12,253 INFO  ExportHelperExtension.cs: 1136 - Found 51 in Forearm dn-1
2026-07-15 18:13:12,253 INFO  ExportHelperExtension.cs: 1145 - Found 0 features of type [CoordSys] in Forearm dn-1
2026-07-15 18:13:12,253 INFO  ExportHelperExtension.cs: 1125 - Retrieving features of type [CoordSys] from 42减速器 圆法兰 一级速比 REF-1
2026-07-15 18:13:12,253 INFO  ExportHelperExtension.cs: 1136 - Found 42 in 42减速器 圆法兰 一级速比 REF-1
2026-07-15 18:13:12,254 INFO  ExportHelperExtension.cs: 1145 - Found 0 features of type [CoordSys] in 42减速器 圆法兰 一级速比 REF-1
2026-07-15 18:13:12,254 INFO  ExportHelperExtension.cs: 1125 - Retrieving features of type [CoordSys] from ZDT_X42_L34Motor.STEP-1
2026-07-15 18:13:12,254 INFO  ExportHelperExtension.cs: 1136 - Found 34 in ZDT_X42_L34Motor.STEP-1
2026-07-15 18:13:12,254 INFO  ExportHelperExtension.cs: 1145 - Found 0 features of type [CoordSys] in ZDT_X42_L34Motor.STEP-1
2026-07-15 18:13:12,255 INFO  ExportHelperExtension.cs: 1125 - Retrieving features of type [CoordSys] from 42减速器 方法兰 二级速比(15+) REF-1
2026-07-15 18:13:12,255 INFO  ExportHelperExtension.cs: 1136 - Found 44 in 42减速器 方法兰 二级速比(15+) REF-1
2026-07-15 18:13:12,255 INFO  ExportHelperExtension.cs: 1145 - Found 0 features of type [CoordSys] in 42减速器 方法兰 二级速比(15+) REF-1
2026-07-15 18:13:12,255 INFO  ExportHelperExtension.cs: 1125 - Retrieving features of type [CoordSys] from 联轴器 D19d4 L20 REF-1
2026-07-15 18:13:12,256 INFO  ExportHelperExtension.cs: 1136 - Found 44 in 联轴器 D19d4 L20 REF-1
2026-07-15 18:13:12,256 INFO  ExportHelperExtension.cs: 1145 - Found 0 features of type [CoordSys] in 联轴器 D19d4 L20 REF-1
2026-07-15 18:13:12,256 INFO  ExportHelperExtension.cs: 1125 - Retrieving features of type [CoordSys] from OYU-8-6060-1
2026-07-15 18:13:12,256 INFO  ExportHelperExtension.cs: 1136 - Found 25 in OYU-8-6060-1
2026-07-15 18:13:12,257 INFO  ExportHelperExtension.cs: 1145 - Found 0 features of type [CoordSys] in OYU-8-6060-1
2026-07-15 18:13:12,257 INFO  ExportHelperExtension.cs: 1125 - Retrieving features of type [CoordSys] from 57减速器 方法兰 二级速比(15+) REF-1
2026-07-15 18:13:12,257 INFO  ExportHelperExtension.cs: 1136 - Found 40 in 57减速器 方法兰 二级速比(15+) REF-1
2026-07-15 18:13:12,257 INFO  ExportHelperExtension.cs: 1145 - Found 0 features of type [CoordSys] in 57减速器 方法兰 二级速比(15+) REF-1
2026-07-15 18:13:12,258 INFO  ExportHelperExtension.cs: 1125 - Retrieving features of type [CoordSys] from 6060 Cotter pin-3
2026-07-15 18:13:12,258 INFO  ExportHelperExtension.cs: 1136 - Found 29 in 6060 Cotter pin-3
2026-07-15 18:13:12,258 INFO  ExportHelperExtension.cs: 1145 - Found 0 features of type [CoordSys] in 6060 Cotter pin-3
2026-07-15 18:13:12,258 INFO  ExportHelperExtension.cs: 1125 - Retrieving features of type [CoordSys] from 42减速器 圆法兰 一级速比 REF-2
2026-07-15 18:13:12,259 INFO  ExportHelperExtension.cs: 1136 - Found 42 in 42减速器 圆法兰 一级速比 REF-2
2026-07-15 18:13:12,259 INFO  ExportHelperExtension.cs: 1145 - Found 0 features of type [CoordSys] in 42减速器 圆法兰 一级速比 REF-2
2026-07-15 18:13:12,259 INFO  ExportHelperExtension.cs: 1125 - Retrieving features of type [CoordSys] from Upperarm dn - 联轴器D32d8版本-1
2026-07-15 18:13:12,259 INFO  ExportHelperExtension.cs: 1136 - Found 88 in Upperarm dn - 联轴器D32d8版本-1
2026-07-15 18:13:12,260 INFO  ExportHelperExtension.cs: 1145 - Found 0 features of type [CoordSys] in Upperarm dn - 联轴器D32d8版本-1
2026-07-15 18:13:12,260 INFO  ExportHelperExtension.cs: 1125 - Retrieving features of type [CoordSys] from ZDT_X42_L40Motor.STEP-2
2026-07-15 18:13:12,260 INFO  ExportHelperExtension.cs: 1136 - Found 34 in ZDT_X42_L40Motor.STEP-2
2026-07-15 18:13:12,261 INFO  ExportHelperExtension.cs: 1145 - Found 0 features of type [CoordSys] in ZDT_X42_L40Motor.STEP-2
2026-07-15 18:13:12,261 INFO  ExportHelperExtension.cs: 1125 - Retrieving features of type [CoordSys] from 42减速器 圆法兰 一级速比 REF-3
2026-07-15 18:13:12,261 INFO  ExportHelperExtension.cs: 1136 - Found 42 in 42减速器 圆法兰 一级速比 REF-3
2026-07-15 18:13:12,261 INFO  ExportHelperExtension.cs: 1145 - Found 0 features of type [CoordSys] in 42减速器 圆法兰 一级速比 REF-3
2026-07-15 18:13:12,262 INFO  ExportHelperExtension.cs: 1125 - Retrieving features of type [CoordSys] from ZDT_X42_L60Motor.STEP-2
2026-07-15 18:13:12,262 INFO  ExportHelperExtension.cs: 1136 - Found 34 in ZDT_X42_L60Motor.STEP-2
2026-07-15 18:13:12,262 INFO  ExportHelperExtension.cs: 1145 - Found 0 features of type [CoordSys] in ZDT_X42_L60Motor.STEP-2
2026-07-15 18:13:12,262 INFO  ExportHelperExtension.cs: 1125 - Retrieving features of type [CoordSys] from Forearm up - 联轴器D32d8版本-1
2026-07-15 18:13:12,263 INFO  ExportHelperExtension.cs: 1136 - Found 59 in Forearm up - 联轴器D32d8版本-1
2026-07-15 18:13:12,263 INFO  ExportHelperExtension.cs: 1145 - Found 0 features of type [CoordSys] in Forearm up - 联轴器D32d8版本-1
2026-07-15 18:13:12,263 INFO  ExportHelperExtension.cs: 1125 - Retrieving features of type [CoordSys] from J1 Base-1
2026-07-15 18:13:12,264 INFO  ExportHelperExtension.cs: 1136 - Found 66 in J1 Base-1
2026-07-15 18:13:12,264 INFO  ExportHelperExtension.cs: 1145 - Found 0 features of type [CoordSys] in J1 Base-1
2026-07-15 18:13:12,264 INFO  ExportHelperExtension.cs: 1125 - Retrieving features of type [CoordSys] from ZDT_X57_L76Motor.STEP-1
2026-07-15 18:13:12,264 INFO  ExportHelperExtension.cs: 1136 - Found 34 in ZDT_X57_L76Motor.STEP-1
2026-07-15 18:13:12,265 INFO  ExportHelperExtension.cs: 1145 - Found 0 features of type [CoordSys] in ZDT_X57_L76Motor.STEP-1
2026-07-15 18:13:12,265 INFO  ExportHelperExtension.cs: 1125 - Retrieving features of type [CoordSys] from 6060 Cotter pin-1
2026-07-15 18:13:12,265 INFO  ExportHelperExtension.cs: 1136 - Found 29 in 6060 Cotter pin-1
2026-07-15 18:13:12,265 INFO  ExportHelperExtension.cs: 1145 - Found 0 features of type [CoordSys] in 6060 Cotter pin-1
2026-07-15 18:13:12,270 INFO  ExportHelperExtension.cs: 1125 - Retrieving features of type [CoordSys] from 6060 Cotter pin-2
2026-07-15 18:13:12,270 INFO  ExportHelperExtension.cs: 1136 - Found 29 in 6060 Cotter pin-2
2026-07-15 18:13:12,271 INFO  ExportHelperExtension.cs: 1145 - Found 0 features of type [CoordSys] in 6060 Cotter pin-2
2026-07-15 18:13:12,271 INFO  ExportHelperExtension.cs: 1125 - Retrieving features of type [CoordSys] from 6060 Cotter pin-4
2026-07-15 18:13:12,271 INFO  ExportHelperExtension.cs: 1136 - Found 29 in 6060 Cotter pin-4
2026-07-15 18:13:12,271 INFO  ExportHelperExtension.cs: 1145 - Found 0 features of type [CoordSys] in 6060 Cotter pin-4
2026-07-15 18:13:12,272 INFO  ExportHelperExtension.cs: 1125 - Retrieving features of type [CoordSys] from ZDT_X42_L48Motor.STEP-3
2026-07-15 18:13:12,320 INFO  ExportHelperExtension.cs: 1136 - Found 34 in ZDT_X42_L48Motor.STEP-3
2026-07-15 18:13:12,321 INFO  ExportHelperExtension.cs: 1145 - Found 0 features of type [CoordSys] in ZDT_X42_L48Motor.STEP-3
2026-07-15 18:13:12,321 INFO  ExportHelperExtension.cs: 1125 - Retrieving features of type [CoordSys] from socket head cap screw_ai-1
2026-07-15 18:13:12,321 INFO  ExportHelperExtension.cs: 1136 - Found 46 in socket head cap screw_ai-1
2026-07-15 18:13:12,321 INFO  ExportHelperExtension.cs: 1145 - Found 0 features of type [CoordSys] in socket head cap screw_ai-1
2026-07-15 18:13:12,322 INFO  ExportHelperExtension.cs: 1125 - Retrieving features of type [CoordSys] from socket head cap screw_ai-2
2026-07-15 18:13:12,322 INFO  ExportHelperExtension.cs: 1136 - Found 46 in socket head cap screw_ai-2
2026-07-15 18:13:12,322 INFO  ExportHelperExtension.cs: 1145 - Found 0 features of type [CoordSys] in socket head cap screw_ai-2
2026-07-15 18:13:12,322 INFO  ExportHelperExtension.cs: 1125 - Retrieving features of type [CoordSys] from socket head cap screw_ai-4
2026-07-15 18:13:12,323 INFO  ExportHelperExtension.cs: 1136 - Found 46 in socket head cap screw_ai-4
2026-07-15 18:13:12,323 INFO  ExportHelperExtension.cs: 1145 - Found 0 features of type [CoordSys] in socket head cap screw_ai-4
2026-07-15 18:13:12,323 INFO  ExportHelperExtension.cs: 1125 - Retrieving features of type [CoordSys] from socket head cap screw_ai-3
2026-07-15 18:13:12,323 INFO  ExportHelperExtension.cs: 1136 - Found 46 in socket head cap screw_ai-3
2026-07-15 18:13:12,324 INFO  ExportHelperExtension.cs: 1145 - Found 0 features of type [CoordSys] in socket head cap screw_ai-3
2026-07-15 18:13:12,324 INFO  ExportHelperExtension.cs: 1125 - Retrieving features of type [CoordSys] from ZDT_X42_L48Motor.STEP-2
2026-07-15 18:13:12,324 INFO  ExportHelperExtension.cs: 1136 - Found 34 in ZDT_X42_L48Motor.STEP-2
2026-07-15 18:13:12,324 INFO  ExportHelperExtension.cs: 1145 - Found 0 features of type [CoordSys] in ZDT_X42_L48Motor.STEP-2
2026-07-15 18:13:12,324 INFO  ExportHelperExtension.cs: 1125 - Retrieving features of type [CoordSys] from socket head cap screw_ai-13
2026-07-15 18:13:12,325 INFO  ExportHelperExtension.cs: 1136 - Found 46 in socket head cap screw_ai-13
2026-07-15 18:13:12,325 INFO  ExportHelperExtension.cs: 1145 - Found 0 features of type [CoordSys] in socket head cap screw_ai-13
2026-07-15 18:13:12,325 INFO  ExportHelperExtension.cs: 1125 - Retrieving features of type [CoordSys] from Upperarm up - 联轴器D32d8版本-1
2026-07-15 18:13:12,325 INFO  ExportHelperExtension.cs: 1136 - Found 82 in Upperarm up - 联轴器D32d8版本-1
2026-07-15 18:13:12,326 INFO  ExportHelperExtension.cs: 1145 - Found 0 features of type [CoordSys] in Upperarm up - 联轴器D32d8版本-1
2026-07-15 18:13:12,326 INFO  ExportHelperExtension.cs: 1125 - Retrieving features of type [CoordSys] from 联轴器 D32d8 L28 REF-2
2026-07-15 18:13:12,326 INFO  ExportHelperExtension.cs: 1136 - Found 44 in 联轴器 D32d8 L28 REF-2
2026-07-15 18:13:12,326 INFO  ExportHelperExtension.cs: 1145 - Found 0 features of type [CoordSys] in 联轴器 D32d8 L28 REF-2
2026-07-15 18:13:12,327 INFO  ExportHelperExtension.cs: 1125 - Retrieving features of type [CoordSys] from socket head cap screw_ai-7
2026-07-15 18:13:12,327 INFO  ExportHelperExtension.cs: 1136 - Found 46 in socket head cap screw_ai-7
2026-07-15 18:13:12,327 INFO  ExportHelperExtension.cs: 1145 - Found 0 features of type [CoordSys] in socket head cap screw_ai-7
2026-07-15 18:13:12,327 INFO  ExportHelperExtension.cs: 1125 - Retrieving features of type [CoordSys] from socket head cap screw_ai-11
2026-07-15 18:13:12,327 INFO  ExportHelperExtension.cs: 1136 - Found 46 in socket head cap screw_ai-11
2026-07-15 18:13:12,328 INFO  ExportHelperExtension.cs: 1145 - Found 0 features of type [CoordSys] in socket head cap screw_ai-11
2026-07-15 18:13:12,328 INFO  ExportHelperExtension.cs: 1125 - Retrieving features of type [CoordSys] from socket head cap screw_ai-8
2026-07-15 18:13:12,328 INFO  ExportHelperExtension.cs: 1136 - Found 46 in socket head cap screw_ai-8
2026-07-15 18:13:12,328 INFO  ExportHelperExtension.cs: 1145 - Found 0 features of type [CoordSys] in socket head cap screw_ai-8
2026-07-15 18:13:12,329 INFO  ExportHelperExtension.cs: 1125 - Retrieving features of type [CoordSys] from socket head cap screw_ai-14
2026-07-15 18:13:12,329 INFO  ExportHelperExtension.cs: 1136 - Found 46 in socket head cap screw_ai-14
2026-07-15 18:13:12,329 INFO  ExportHelperExtension.cs: 1145 - Found 0 features of type [CoordSys] in socket head cap screw_ai-14
2026-07-15 18:13:12,329 INFO  ExportHelperExtension.cs: 1125 - Retrieving features of type [CoordSys] from socket head cap screw_ai-6
2026-07-15 18:13:12,329 INFO  ExportHelperExtension.cs: 1136 - Found 46 in socket head cap screw_ai-6
2026-07-15 18:13:12,330 INFO  ExportHelperExtension.cs: 1145 - Found 0 features of type [CoordSys] in socket head cap screw_ai-6
2026-07-15 18:13:12,330 INFO  ExportHelperExtension.cs: 1125 - Retrieving features of type [CoordSys] from 联轴器 D32d14 L28 REF-1
2026-07-15 18:13:12,330 INFO  ExportHelperExtension.cs: 1136 - Found 44 in 联轴器 D32d14 L28 REF-1
2026-07-15 18:13:12,330 INFO  ExportHelperExtension.cs: 1145 - Found 0 features of type [CoordSys] in 联轴器 D32d14 L28 REF-1
2026-07-15 18:13:12,331 INFO  ExportHelperExtension.cs: 1125 - Retrieving features of type [CoordSys] from socket head cap screw_ai-12
2026-07-15 18:13:12,331 INFO  ExportHelperExtension.cs: 1136 - Found 46 in socket head cap screw_ai-12
2026-07-15 18:13:12,331 INFO  ExportHelperExtension.cs: 1145 - Found 0 features of type [CoordSys] in socket head cap screw_ai-12
2026-07-15 18:13:12,331 INFO  ExportHelperExtension.cs: 1125 - Retrieving features of type [CoordSys] from socket head cap screw_ai-9
2026-07-15 18:13:12,331 INFO  ExportHelperExtension.cs: 1136 - Found 46 in socket head cap screw_ai-9
2026-07-15 18:13:12,332 INFO  ExportHelperExtension.cs: 1145 - Found 0 features of type [CoordSys] in socket head cap screw_ai-9
2026-07-15 18:13:12,332 INFO  ExportHelperExtension.cs: 1125 - Retrieving features of type [CoordSys] from Shoulder - 联轴器D32d14版本-1
2026-07-15 18:13:12,332 INFO  ExportHelperExtension.cs: 1136 - Found 80 in Shoulder - 联轴器D32d14版本-1
2026-07-15 18:13:12,333 INFO  ExportHelperExtension.cs: 1145 - Found 0 features of type [CoordSys] in Shoulder - 联轴器D32d14版本-1
2026-07-15 18:13:12,333 INFO  ExportHelperExtension.cs: 1125 - Retrieving features of type [CoordSys] from 联轴器 D32d8 L28 REF-1
2026-07-15 18:13:12,333 INFO  ExportHelperExtension.cs: 1136 - Found 44 in 联轴器 D32d8 L28 REF-1
2026-07-15 18:13:12,333 INFO  ExportHelperExtension.cs: 1145 - Found 0 features of type [CoordSys] in 联轴器 D32d8 L28 REF-1
2026-07-15 18:13:12,333 INFO  ExportHelperExtension.cs: 1125 - Retrieving features of type [CoordSys] from 联轴器 D32d8 L28 REF-3
2026-07-15 18:13:12,334 INFO  ExportHelperExtension.cs: 1136 - Found 44 in 联轴器 D32d8 L28 REF-3
2026-07-15 18:13:12,334 INFO  ExportHelperExtension.cs: 1145 - Found 0 features of type [CoordSys] in 联轴器 D32d8 L28 REF-3
2026-07-15 18:13:12,334 INFO  ExportHelperExtension.cs: 1125 - Retrieving features of type [RefAxis] from Arm_Assemble.SLDASM
2026-07-15 18:13:12,334 INFO  ExportHelperExtension.cs: 1136 - Found 413 in Arm_Assemble.SLDASM
2026-07-15 18:13:12,335 INFO  ExportHelperExtension.cs: 1145 - Found 6 features of type [RefAxis] in Arm_Assemble.SLDASM
2026-07-15 18:13:12,335 INFO  ExportHelperExtension.cs: 1148 - Proceeding through assembly components
2026-07-15 18:13:12,336 INFO  ExportHelperExtension.cs: 1160 - 43 components to check
2026-07-15 18:13:12,336 INFO  ExportHelperExtension.cs: 1125 - Retrieving features of type [RefAxis] from ZDT_X42_L40Motor.STEP-1
2026-07-15 18:13:12,336 INFO  ExportHelperExtension.cs: 1136 - Found 34 in ZDT_X42_L40Motor.STEP-1
2026-07-15 18:13:12,336 INFO  ExportHelperExtension.cs: 1145 - Found 0 features of type [RefAxis] in ZDT_X42_L40Motor.STEP-1
2026-07-15 18:13:12,337 INFO  ExportHelperExtension.cs: 1125 - Retrieving features of type [RefAxis] from Gripper_Assembly-1
2026-07-15 18:13:12,337 INFO  ExportHelperExtension.cs: 1136 - Found 46 in Gripper_Assembly-1
2026-07-15 18:13:12,337 INFO  ExportHelperExtension.cs: 1145 - Found 0 features of type [RefAxis] in Gripper_Assembly-1
2026-07-15 18:13:12,337 INFO  ExportHelperExtension.cs: 1125 - Retrieving features of type [RefAxis] from Wrist-1
2026-07-15 18:13:12,338 INFO  ExportHelperExtension.cs: 1136 - Found 48 in Wrist-1
2026-07-15 18:13:12,338 INFO  ExportHelperExtension.cs: 1145 - Found 0 features of type [RefAxis] in Wrist-1
2026-07-15 18:13:12,338 INFO  ExportHelperExtension.cs: 1125 - Retrieving features of type [RefAxis] from 涨紧套Z21 8X18X11 REF-1
2026-07-15 18:13:12,338 INFO  ExportHelperExtension.cs: 1136 - Found 25 in 涨紧套Z21 8X18X11 REF-1
2026-07-15 18:13:12,338 INFO  ExportHelperExtension.cs: 1145 - Found 0 features of type [RefAxis] in 涨紧套Z21 8X18X11 REF-1
2026-07-15 18:13:12,339 INFO  ExportHelperExtension.cs: 1125 - Retrieving features of type [RefAxis] from Forearm dn-1
2026-07-15 18:13:12,339 INFO  ExportHelperExtension.cs: 1136 - Found 51 in Forearm dn-1
2026-07-15 18:13:12,339 INFO  ExportHelperExtension.cs: 1145 - Found 0 features of type [RefAxis] in Forearm dn-1
2026-07-15 18:13:12,339 INFO  ExportHelperExtension.cs: 1125 - Retrieving features of type [RefAxis] from 42减速器 圆法兰 一级速比 REF-1
2026-07-15 18:13:12,340 INFO  ExportHelperExtension.cs: 1136 - Found 42 in 42减速器 圆法兰 一级速比 REF-1
2026-07-15 18:13:12,340 INFO  ExportHelperExtension.cs: 1145 - Found 0 features of type [RefAxis] in 42减速器 圆法兰 一级速比 REF-1
2026-07-15 18:13:12,340 INFO  ExportHelperExtension.cs: 1125 - Retrieving features of type [RefAxis] from ZDT_X42_L34Motor.STEP-1
2026-07-15 18:13:12,340 INFO  ExportHelperExtension.cs: 1136 - Found 34 in ZDT_X42_L34Motor.STEP-1
2026-07-15 18:13:12,340 INFO  ExportHelperExtension.cs: 1145 - Found 0 features of type [RefAxis] in ZDT_X42_L34Motor.STEP-1
2026-07-15 18:13:12,341 INFO  ExportHelperExtension.cs: 1125 - Retrieving features of type [RefAxis] from 42减速器 方法兰 二级速比(15+) REF-1
2026-07-15 18:13:12,341 INFO  ExportHelperExtension.cs: 1136 - Found 44 in 42减速器 方法兰 二级速比(15+) REF-1
2026-07-15 18:13:12,341 INFO  ExportHelperExtension.cs: 1145 - Found 0 features of type [RefAxis] in 42减速器 方法兰 二级速比(15+) REF-1
2026-07-15 18:13:12,341 INFO  ExportHelperExtension.cs: 1125 - Retrieving features of type [RefAxis] from 联轴器 D19d4 L20 REF-1
2026-07-15 18:13:12,342 INFO  ExportHelperExtension.cs: 1136 - Found 44 in 联轴器 D19d4 L20 REF-1
2026-07-15 18:13:12,342 INFO  ExportHelperExtension.cs: 1145 - Found 0 features of type [RefAxis] in 联轴器 D19d4 L20 REF-1
2026-07-15 18:13:12,342 INFO  ExportHelperExtension.cs: 1125 - Retrieving features of type [RefAxis] from OYU-8-6060-1
2026-07-15 18:13:12,342 INFO  ExportHelperExtension.cs: 1136 - Found 25 in OYU-8-6060-1
2026-07-15 18:13:12,342 INFO  ExportHelperExtension.cs: 1145 - Found 0 features of type [RefAxis] in OYU-8-6060-1
2026-07-15 18:13:12,343 INFO  ExportHelperExtension.cs: 1125 - Retrieving features of type [RefAxis] from 57减速器 方法兰 二级速比(15+) REF-1
2026-07-15 18:13:12,343 INFO  ExportHelperExtension.cs: 1136 - Found 40 in 57减速器 方法兰 二级速比(15+) REF-1
2026-07-15 18:13:12,343 INFO  ExportHelperExtension.cs: 1145 - Found 0 features of type [RefAxis] in 57减速器 方法兰 二级速比(15+) REF-1
2026-07-15 18:13:12,343 INFO  ExportHelperExtension.cs: 1125 - Retrieving features of type [RefAxis] from 6060 Cotter pin-3
2026-07-15 18:13:12,344 INFO  ExportHelperExtension.cs: 1136 - Found 29 in 6060 Cotter pin-3
2026-07-15 18:13:12,344 INFO  ExportHelperExtension.cs: 1145 - Found 0 features of type [RefAxis] in 6060 Cotter pin-3
2026-07-15 18:13:12,344 INFO  ExportHelperExtension.cs: 1125 - Retrieving features of type [RefAxis] from 42减速器 圆法兰 一级速比 REF-2
2026-07-15 18:13:12,344 INFO  ExportHelperExtension.cs: 1136 - Found 42 in 42减速器 圆法兰 一级速比 REF-2
2026-07-15 18:13:12,344 INFO  ExportHelperExtension.cs: 1145 - Found 0 features of type [RefAxis] in 42减速器 圆法兰 一级速比 REF-2
2026-07-15 18:13:12,345 INFO  ExportHelperExtension.cs: 1125 - Retrieving features of type [RefAxis] from Upperarm dn - 联轴器D32d8版本-1
2026-07-15 18:13:12,345 INFO  ExportHelperExtension.cs: 1136 - Found 88 in Upperarm dn - 联轴器D32d8版本-1
2026-07-15 18:13:12,345 INFO  ExportHelperExtension.cs: 1145 - Found 0 features of type [RefAxis] in Upperarm dn - 联轴器D32d8版本-1
2026-07-15 18:13:12,345 INFO  ExportHelperExtension.cs: 1125 - Retrieving features of type [RefAxis] from ZDT_X42_L40Motor.STEP-2
2026-07-15 18:13:12,346 INFO  ExportHelperExtension.cs: 1136 - Found 34 in ZDT_X42_L40Motor.STEP-2
2026-07-15 18:13:12,346 INFO  ExportHelperExtension.cs: 1145 - Found 0 features of type [RefAxis] in ZDT_X42_L40Motor.STEP-2
2026-07-15 18:13:12,346 INFO  ExportHelperExtension.cs: 1125 - Retrieving features of type [RefAxis] from 42减速器 圆法兰 一级速比 REF-3
2026-07-15 18:13:12,346 INFO  ExportHelperExtension.cs: 1136 - Found 42 in 42减速器 圆法兰 一级速比 REF-3
2026-07-15 18:13:12,347 INFO  ExportHelperExtension.cs: 1145 - Found 0 features of type [RefAxis] in 42减速器 圆法兰 一级速比 REF-3
2026-07-15 18:13:12,347 INFO  ExportHelperExtension.cs: 1125 - Retrieving features of type [RefAxis] from ZDT_X42_L60Motor.STEP-2
2026-07-15 18:13:12,347 INFO  ExportHelperExtension.cs: 1136 - Found 34 in ZDT_X42_L60Motor.STEP-2
2026-07-15 18:13:12,347 INFO  ExportHelperExtension.cs: 1145 - Found 0 features of type [RefAxis] in ZDT_X42_L60Motor.STEP-2
2026-07-15 18:13:12,347 INFO  ExportHelperExtension.cs: 1125 - Retrieving features of type [RefAxis] from Forearm up - 联轴器D32d8版本-1
2026-07-15 18:13:12,348 INFO  ExportHelperExtension.cs: 1136 - Found 59 in Forearm up - 联轴器D32d8版本-1
2026-07-15 18:13:12,348 INFO  ExportHelperExtension.cs: 1145 - Found 0 features of type [RefAxis] in Forearm up - 联轴器D32d8版本-1
2026-07-15 18:13:12,348 INFO  ExportHelperExtension.cs: 1125 - Retrieving features of type [RefAxis] from J1 Base-1
2026-07-15 18:13:12,348 INFO  ExportHelperExtension.cs: 1136 - Found 66 in J1 Base-1
2026-07-15 18:13:12,349 INFO  ExportHelperExtension.cs: 1145 - Found 0 features of type [RefAxis] in J1 Base-1
2026-07-15 18:13:12,349 INFO  ExportHelperExtension.cs: 1125 - Retrieving features of type [RefAxis] from ZDT_X57_L76Motor.STEP-1
2026-07-15 18:13:12,349 INFO  ExportHelperExtension.cs: 1136 - Found 34 in ZDT_X57_L76Motor.STEP-1
2026-07-15 18:13:12,349 INFO  ExportHelperExtension.cs: 1145 - Found 0 features of type [RefAxis] in ZDT_X57_L76Motor.STEP-1
2026-07-15 18:13:12,350 INFO  ExportHelperExtension.cs: 1125 - Retrieving features of type [RefAxis] from 6060 Cotter pin-1
2026-07-15 18:13:12,350 INFO  ExportHelperExtension.cs: 1136 - Found 29 in 6060 Cotter pin-1
2026-07-15 18:13:12,350 INFO  ExportHelperExtension.cs: 1145 - Found 0 features of type [RefAxis] in 6060 Cotter pin-1
2026-07-15 18:13:12,350 INFO  ExportHelperExtension.cs: 1125 - Retrieving features of type [RefAxis] from 6060 Cotter pin-2
2026-07-15 18:13:12,350 INFO  ExportHelperExtension.cs: 1136 - Found 29 in 6060 Cotter pin-2
2026-07-15 18:13:12,351 INFO  ExportHelperExtension.cs: 1145 - Found 0 features of type [RefAxis] in 6060 Cotter pin-2
2026-07-15 18:13:12,351 INFO  ExportHelperExtension.cs: 1125 - Retrieving features of type [RefAxis] from 6060 Cotter pin-4
2026-07-15 18:13:12,351 INFO  ExportHelperExtension.cs: 1136 - Found 29 in 6060 Cotter pin-4
2026-07-15 18:13:12,351 INFO  ExportHelperExtension.cs: 1145 - Found 0 features of type [RefAxis] in 6060 Cotter pin-4
2026-07-15 18:13:12,351 INFO  ExportHelperExtension.cs: 1125 - Retrieving features of type [RefAxis] from ZDT_X42_L48Motor.STEP-3
2026-07-15 18:13:12,352 INFO  ExportHelperExtension.cs: 1136 - Found 34 in ZDT_X42_L48Motor.STEP-3
2026-07-15 18:13:12,352 INFO  ExportHelperExtension.cs: 1145 - Found 0 features of type [RefAxis] in ZDT_X42_L48Motor.STEP-3
2026-07-15 18:13:12,352 INFO  ExportHelperExtension.cs: 1125 - Retrieving features of type [RefAxis] from socket head cap screw_ai-1
2026-07-15 18:13:12,352 INFO  ExportHelperExtension.cs: 1136 - Found 46 in socket head cap screw_ai-1
2026-07-15 18:13:12,353 INFO  ExportHelperExtension.cs: 1145 - Found 0 features of type [RefAxis] in socket head cap screw_ai-1
2026-07-15 18:13:12,353 INFO  ExportHelperExtension.cs: 1125 - Retrieving features of type [RefAxis] from socket head cap screw_ai-2
2026-07-15 18:13:12,353 INFO  ExportHelperExtension.cs: 1136 - Found 46 in socket head cap screw_ai-2
2026-07-15 18:13:12,353 INFO  ExportHelperExtension.cs: 1145 - Found 0 features of type [RefAxis] in socket head cap screw_ai-2
2026-07-15 18:13:12,353 INFO  ExportHelperExtension.cs: 1125 - Retrieving features of type [RefAxis] from socket head cap screw_ai-4
2026-07-15 18:13:12,354 INFO  ExportHelperExtension.cs: 1136 - Found 46 in socket head cap screw_ai-4
2026-07-15 18:13:12,354 INFO  ExportHelperExtension.cs: 1145 - Found 0 features of type [RefAxis] in socket head cap screw_ai-4
2026-07-15 18:13:12,354 INFO  ExportHelperExtension.cs: 1125 - Retrieving features of type [RefAxis] from socket head cap screw_ai-3
2026-07-15 18:13:12,354 INFO  ExportHelperExtension.cs: 1136 - Found 46 in socket head cap screw_ai-3
2026-07-15 18:13:12,355 INFO  ExportHelperExtension.cs: 1145 - Found 0 features of type [RefAxis] in socket head cap screw_ai-3
2026-07-15 18:13:12,355 INFO  ExportHelperExtension.cs: 1125 - Retrieving features of type [RefAxis] from ZDT_X42_L48Motor.STEP-2
2026-07-15 18:13:12,355 INFO  ExportHelperExtension.cs: 1136 - Found 34 in ZDT_X42_L48Motor.STEP-2
2026-07-15 18:13:12,355 INFO  ExportHelperExtension.cs: 1145 - Found 0 features of type [RefAxis] in ZDT_X42_L48Motor.STEP-2
2026-07-15 18:13:12,355 INFO  ExportHelperExtension.cs: 1125 - Retrieving features of type [RefAxis] from socket head cap screw_ai-13
2026-07-15 18:13:12,355 INFO  ExportHelperExtension.cs: 1136 - Found 46 in socket head cap screw_ai-13
2026-07-15 18:13:12,356 INFO  ExportHelperExtension.cs: 1145 - Found 0 features of type [RefAxis] in socket head cap screw_ai-13
2026-07-15 18:13:12,358 INFO  ExportHelperExtension.cs: 1125 - Retrieving features of type [RefAxis] from Upperarm up - 联轴器D32d8版本-1
2026-07-15 18:13:12,374 INFO  ExportHelperExtension.cs: 1136 - Found 82 in Upperarm up - 联轴器D32d8版本-1
2026-07-15 18:13:12,374 INFO  ExportHelperExtension.cs: 1145 - Found 1 features of type [RefAxis] in Upperarm up - 联轴器D32d8版本-1
2026-07-15 18:13:12,375 INFO  ExportHelperExtension.cs: 1125 - Retrieving features of type [RefAxis] from 联轴器 D32d8 L28 REF-2
2026-07-15 18:13:12,375 INFO  ExportHelperExtension.cs: 1136 - Found 44 in 联轴器 D32d8 L28 REF-2
2026-07-15 18:13:12,375 INFO  ExportHelperExtension.cs: 1145 - Found 0 features of type [RefAxis] in 联轴器 D32d8 L28 REF-2
2026-07-15 18:13:12,375 INFO  ExportHelperExtension.cs: 1125 - Retrieving features of type [RefAxis] from socket head cap screw_ai-7
2026-07-15 18:13:12,376 INFO  ExportHelperExtension.cs: 1136 - Found 46 in socket head cap screw_ai-7
2026-07-15 18:13:12,376 INFO  ExportHelperExtension.cs: 1145 - Found 0 features of type [RefAxis] in socket head cap screw_ai-7
2026-07-15 18:13:12,376 INFO  ExportHelperExtension.cs: 1125 - Retrieving features of type [RefAxis] from socket head cap screw_ai-11
2026-07-15 18:13:12,376 INFO  ExportHelperExtension.cs: 1136 - Found 46 in socket head cap screw_ai-11
2026-07-15 18:13:12,377 INFO  ExportHelperExtension.cs: 1145 - Found 0 features of type [RefAxis] in socket head cap screw_ai-11
2026-07-15 18:13:12,377 INFO  ExportHelperExtension.cs: 1125 - Retrieving features of type [RefAxis] from socket head cap screw_ai-8
2026-07-15 18:13:12,377 INFO  ExportHelperExtension.cs: 1136 - Found 46 in socket head cap screw_ai-8
2026-07-15 18:13:12,377 INFO  ExportHelperExtension.cs: 1145 - Found 0 features of type [RefAxis] in socket head cap screw_ai-8
2026-07-15 18:13:12,377 INFO  ExportHelperExtension.cs: 1125 - Retrieving features of type [RefAxis] from socket head cap screw_ai-14
2026-07-15 18:13:12,378 INFO  ExportHelperExtension.cs: 1136 - Found 46 in socket head cap screw_ai-14
2026-07-15 18:13:12,378 INFO  ExportHelperExtension.cs: 1145 - Found 0 features of type [RefAxis] in socket head cap screw_ai-14
2026-07-15 18:13:12,378 INFO  ExportHelperExtension.cs: 1125 - Retrieving features of type [RefAxis] from socket head cap screw_ai-6
2026-07-15 18:13:12,378 INFO  ExportHelperExtension.cs: 1136 - Found 46 in socket head cap screw_ai-6
2026-07-15 18:13:12,379 INFO  ExportHelperExtension.cs: 1145 - Found 0 features of type [RefAxis] in socket head cap screw_ai-6
2026-07-15 18:13:12,379 INFO  ExportHelperExtension.cs: 1125 - Retrieving features of type [RefAxis] from 联轴器 D32d14 L28 REF-1
2026-07-15 18:13:12,379 INFO  ExportHelperExtension.cs: 1136 - Found 44 in 联轴器 D32d14 L28 REF-1
2026-07-15 18:13:12,379 INFO  ExportHelperExtension.cs: 1145 - Found 0 features of type [RefAxis] in 联轴器 D32d14 L28 REF-1
2026-07-15 18:13:12,379 INFO  ExportHelperExtension.cs: 1125 - Retrieving features of type [RefAxis] from socket head cap screw_ai-12
2026-07-15 18:13:12,380 INFO  ExportHelperExtension.cs: 1136 - Found 46 in socket head cap screw_ai-12
2026-07-15 18:13:12,380 INFO  ExportHelperExtension.cs: 1145 - Found 0 features of type [RefAxis] in socket head cap screw_ai-12
2026-07-15 18:13:12,380 INFO  ExportHelperExtension.cs: 1125 - Retrieving features of type [RefAxis] from socket head cap screw_ai-9
2026-07-15 18:13:12,380 INFO  ExportHelperExtension.cs: 1136 - Found 46 in socket head cap screw_ai-9
2026-07-15 18:13:12,380 INFO  ExportHelperExtension.cs: 1145 - Found 0 features of type [RefAxis] in socket head cap screw_ai-9
2026-07-15 18:13:12,381 INFO  ExportHelperExtension.cs: 1125 - Retrieving features of type [RefAxis] from Shoulder - 联轴器D32d14版本-1
2026-07-15 18:13:12,381 INFO  ExportHelperExtension.cs: 1136 - Found 80 in Shoulder - 联轴器D32d14版本-1
2026-07-15 18:13:12,381 INFO  ExportHelperExtension.cs: 1145 - Found 0 features of type [RefAxis] in Shoulder - 联轴器D32d14版本-1
2026-07-15 18:13:12,381 INFO  ExportHelperExtension.cs: 1125 - Retrieving features of type [RefAxis] from 联轴器 D32d8 L28 REF-1
2026-07-15 18:13:12,382 INFO  ExportHelperExtension.cs: 1136 - Found 44 in 联轴器 D32d8 L28 REF-1
2026-07-15 18:13:12,382 INFO  ExportHelperExtension.cs: 1145 - Found 0 features of type [RefAxis] in 联轴器 D32d8 L28 REF-1
2026-07-15 18:13:12,382 INFO  ExportHelperExtension.cs: 1125 - Retrieving features of type [RefAxis] from 联轴器 D32d8 L28 REF-3
2026-07-15 18:13:12,382 INFO  ExportHelperExtension.cs: 1136 - Found 44 in 联轴器 D32d8 L28 REF-3
2026-07-15 18:13:12,383 INFO  ExportHelperExtension.cs: 1145 - Found 0 features of type [RefAxis] in 联轴器 D32d8 L28 REF-3
2026-07-15 18:13:12,554 INFO  SwAddin.cs: 339 - Loading config tree
2026-07-15 18:13:12,558 INFO  ConfigurationSerialization.cs: 276 - URDF Configuration found
<Link z:Id="i1" xmlns="http://schemas.datacontract.org/2004/07/SW2URDF" xmlns:i="http://www.w3.org/2001/XMLSchema-instance" xmlns:z="http://schemas.microsoft.com/2003/10/Serialization/"><Attributes><Attribute z:Id="i2"><AttributeType>name</AttributeType><IsRequired>true</IsRequired><Value i:type="a:string" xmlns:a="http://www.w3.org/2001/XMLSchema">base</Value></Attribute></Attributes><ChildElements><URDFElement z:Id="i3" i:type="Inertial"><Attributes/><ChildElements><URDFElement z:Id="i4" i:type="Origin"><Attributes><Attribute z:Id="i5"><AttributeType>xyz</AttributeType><IsRequired>true</IsRequired><Value i:type="a:ArrayOfdouble" xmlns:a="http://schemas.microsoft.com/2003/10/Serialization/Arrays"><a:double>0</a:double><a:double>0</a:double><a:double>0</a:double></Value></Attribute><Attribute z:Id="i6"><AttributeType>rpy</AttributeType><IsRequired>true</IsRequired><Value i:type="a:ArrayOfdouble" xmlns:a="http://schemas.microsoft.com/2003/10/Serialization/Arrays"><a:double>0</a:double><a:double>0</a:double><a:double>0</a:double></Value></Attribute></Attributes><ChildElements/><ElementName>origin</ElementName><required>false</required><RPYAttribute z:Ref="i6"/><XYZAttribute z:Ref="i5"/><isCustomized>false</isCustomized></URDFElement><URDFElement z:Id="i7" i:type="Mass"><Attributes><Attribute z:Id="i8"><AttributeType>value</AttributeType><IsRequired>true</IsRequired><Value i:type="a:double" xmlns:a="http://www.w3.org/2001/XMLSchema">0</Value></Attribute></Attributes><ChildElements/><ElementName>mass</ElementName><required>false</required><ValueAttribute z:Ref="i8"/></URDFElement><URDFElement z:Id="i9" i:type="Inertia"><Attributes><Attribute z:Id="i10"><AttributeType>ixx</AttributeType><IsRequired>true</IsRequired><Value i:type="a:double" xmlns:a="http://www.w3.org/2001/XMLSchema">0</Value></Attribute><Attribute z:Id="i11"><AttributeType>ixy</AttributeType><IsRequired>true</IsRequired><Value i:type="a:double" xmlns:a="http://www.w3.org/2001/XMLSchema">0</Value></Attribute><Attribute z:Id="i12"><AttributeType>ixz</AttributeType><IsRequired>true</IsRequired><Value i:type="a:double" xmlns:a="http://www.w3.org/2001/XMLSchema">0</Value></Attribute><Attribute z:Id="i13"><AttributeType>iyy</AttributeType><IsRequired>true</IsRequired><Value i:type="a:double" xmlns:a="http://www.w3.org/2001/XMLSchema">0</Value></Attribute><Attribute z:Id="i14"><AttributeType>iyz</AttributeType><IsRequired>true</IsRequired><Value i:type="a:double" xmlns:a="http://www.w3.org/2001/XMLSchema">0</Value></Attribute><Attribute z:Id="i15"><AttributeType>izz</AttributeType><IsRequired>true</IsRequired><Value i:type="a:double" xmlns:a="http://www.w3.org/2001/XMLSchema">0</Value></Attribute></Attributes><ChildElements/><ElementName>inertia</ElementName><required>false</required><IxxAttribute z:Ref="i10"/><IxyAttribute z:Ref="i11"/><IxzAttribute z:Ref="i12"/><IyyAttribute z:Ref="i13"/><IyzAttribute z:Ref="i14"/><IzzAttribute z:Ref="i15"/></URDFElement></ChildElements><ElementName>inertial</ElementName><required>false</required><Inertia z:Ref="i9"/><Mass z:Ref="i7"/><Origin z:Ref="i4"/></URDFElement><URDFElement z:Id="i16" i:type="Visual"><Attributes/><ChildElements><URDFElement z:Id="i17" i:type="Origin"><Attributes><Attribute z:Id="i18"><AttributeType>xyz</AttributeType><IsRequired>true</IsRequired><Value i:type="a:ArrayOfdouble" xmlns:a="http://schemas.microsoft.com/2003/10/Serialization/Arrays"><a:double>0</a:double><a:double>0</a:double><a:double>0</a:double></Value></Attribute><Attribute z:Id="i19"><AttributeType>rpy</AttributeType><IsRequired>true</IsRequired><Value i:type="a:ArrayOfdouble" xmlns:a="http://schemas.microsoft.com/2003/10/Serialization/Arrays"><a:double>0</a:double><a:double>0</a:double><a:double>0</a:double></Value></Attribute></Attributes><ChildElements/><ElementName>origin</ElementName><required>false</required><RPYAttribute z:Ref="i19"/><XYZAttribute z:Ref="i18"/><isCustomized>false</isCustomized></URDFElement><URDFElement z:Id="i20" i:type="Geometry"><Attributes/><ChildElements><URDFElement z:Id="i21" i:type="Mesh"><Attributes><Attribute z:Id="i22"><AttributeType>filename</AttributeType><IsRequired>true</IsRequired><Value i:nil="true"/></Attribute></Attributes><ChildElements/><ElementName>mesh</ElementName><required>false</required><FilenameAttribute z:Ref="i22"/></URDFElement></ChildElements><ElementName>geometry</ElementName><required>true</required><Mesh z:Ref="i21"/></URDFElement><URDFElement z:Id="i23" i:type="Material"><Attributes><Attribute z:Id="i24"><AttributeType>name</AttributeType><IsRequired>true</IsRequired><Value i:type="a:string" xmlns:a="http://www.w3.org/2001/XMLSchema"/></Attribute></Attributes><ChildElements><URDFElement z:Id="i25" i:type="Color"><Attributes><Attribute z:Id="i26"><AttributeType>rgba</AttributeType><IsRequired>true</IsRequired><Value i:type="a:ArrayOfdouble" xmlns:a="http://schemas.microsoft.com/2003/10/Serialization/Arrays"><a:double>1</a:double><a:double>1</a:double><a:double>1</a:double><a:double>1</a:double></Value></Attribute></Attributes><ChildElements/><ElementName>color</ElementName><required>false</required><RGBAAttribute z:Ref="i26"/></URDFElement><URDFElement z:Id="i27" i:type="Texture"><Attributes><Attribute z:Id="i28"><AttributeType>filename</AttributeType><IsRequired>true</IsRequired><Value i:nil="true"/></Attribute></Attributes><ChildElements/><ElementName>texture</ElementName><required>false</required><FilenameAttribute z:Ref="i28"/><wFilename/></URDFElement></ChildElements><ElementName>material</ElementName><required>false</required><Color z:Ref="i25"/><NameAttribute z:Ref="i24"/><Texture z:Ref="i27"/></URDFElement></ChildElements><ElementName>visual</ElementName><required>false</required><Geometry z:Ref="i20"/><Material z:Ref="i23"/><Origin z:Ref="i17"/></URDFElement><URDFElement z:Id="i29" i:type="Collision"><Attributes/><ChildElements><URDFElement z:Id="i30" i:type="Origin"><Attributes><Attribute z:Id="i31"><AttributeType>xyz</AttributeType><IsRequired>true</IsRequired><Value i:type="a:ArrayOfdouble" xmlns:a="http://schemas.microsoft.com/2003/10/Serialization/Arrays"><a:double>0</a:double><a:double>0</a:double><a:double>0</a:double></Value></Attribute><Attribute z:Id="i32"><AttributeType>rpy</AttributeType><IsRequired>true</IsRequired><Value i:type="a:ArrayOfdouble" xmlns:a="http://schemas.microsoft.com/2003/10/Serialization/Arrays"><a:double>0</a:double><a:double>0</a:double><a:double>0</a:double></Value></Attribute></Attributes><ChildElements/><ElementName>origin</ElementName><required>false</required><RPYAttribute z:Ref="i32"/><XYZAttribute z:Ref="i31"/><isCustomized>false</isCustomized></URDFElement><URDFElement z:Id="i33" i:type="Geometry"><Attributes/><ChildElements><URDFElement z:Id="i34" i:type="Mesh"><Attributes><Attribute z:Id="i35"><AttributeType>filename</AttributeType><IsRequired>true</IsRequired><Value i:nil="true"/></Attribute></Attributes><ChildElements/><ElementName>mesh</ElementName><required>false</required><FilenameAttribute z:Ref="i35"/></URDFElement></ChildElements><ElementName>geometry</ElementName><required>true</required><Mesh z:Ref="i34"/></URDFElement></ChildElements><ElementName>collision</ElementName><required>false</required><Geometry z:Ref="i33"/><Origin z:Ref="i30"/></URDFElement><URDFElement z:Id="i36" i:type="Joint"><Attributes><Attribute z:Id="i37"><AttributeType>name</AttributeType><IsRequired>true</IsRequired><Value i:type="a:string" xmlns:a="http://www.w3.org/2001/XMLSchema"/></Attribute><Attribute z:Id="i38"><AttributeType>type</AttributeType><IsRequired>true</IsRequired><Value i:type="a:string" xmlns:a="http://www.w3.org/2001/XMLSchema"/></Attribute></Attributes><ChildElements><URDFElement z:Id="i39" i:type="Origin"><Attributes><Attribute z:Id="i40"><AttributeType>xyz</AttributeType><IsRequired>true</IsRequired><Value i:type="a:ArrayOfdouble" xmlns:a="http://schemas.microsoft.com/2003/10/Serialization/Arrays"><a:double>0</a:double><a:double>0</a:double><a:double>0</a:double></Value></Attribute><Attribute z:Id="i41"><AttributeType>rpy</AttributeType><IsRequired>true</IsRequired><Value i:type="a:ArrayOfdouble" xmlns:a="http://schemas.microsoft.com/2003/10/Serialization/Arrays"><a:double>0</a:double><a:double>0</a:double><a:double>0</a:double></Value></Attribute></Attributes><ChildElements/><ElementName>origin</ElementName><required>false</required><RPYAttribute z:Ref="i41"/><XYZAttribute z:Ref="i40"/><isCustomized>false</isCustomized></URDFElement><URDFElement z:Id="i42" i:type="ParentLink"><Attributes><Attribute z:Id="i43"><AttributeType>link</AttributeType><IsRequired>true</IsRequired><Value i:type="a:string" xmlns:a="http://www.w3.org/2001/XMLSchema"/></Attribute></Attributes><ChildElements/><ElementName>parent</ElementName><required>true</required><NameAttribute z:Ref="i43"/></URDFElement><URDFElement z:Id="i44" i:type="ChildLink"><Attributes><Attribute z:Id="i45"><AttributeType>link</AttributeType><IsRequired>true</IsRequired><Value i:type="a:string" xmlns:a="http://www.w3.org/2001/XMLSchema"/></Attribute></Attributes><ChildElements/><ElementName>child</ElementName><required>true</required><NameAttribute z:Ref="i45"/></URDFElement><URDFElement z:Id="i46" i:type="Axis"><Attributes><Attribute z:Id="i47"><AttributeType>xyz</AttributeType><IsRequired>true</IsRequired><Value i:type="a:ArrayOfdouble" xmlns:a="http://schemas.microsoft.com/2003/10/Serialization/Arrays"><a:double>0</a:double><a:double>0</a:double><a:double>0</a:double></Value></Attribute></Attributes><ChildElements/><ElementName>axis</ElementName><required>false</required><XYZAttribute z:Ref="i47"/></URDFElement><URDFElement z:Id="i48" i:type="Limit"><Attributes><Attribute z:Id="i49"><AttributeType>lower</AttributeType><IsRequired>false</IsRequired><Value i:nil="true"/></Attribute><Attribute z:Id="i50"><AttributeType>upper</AttributeType><IsRequired>false</IsRequired><Value i:nil="true"/></Attribute><Attribute z:Id="i51"><AttributeType>effort</AttributeType><IsRequired>true</IsRequired><Value i:nil="true"/></Attribute><Attribute z:Id="i52"><AttributeType>velocity</AttributeType><IsRequired>true</IsRequired><Value i:nil="true"/></Attribute></Attributes><ChildElements/><ElementName>limit</ElementName><required>false</required><EffortAttribute z:Ref="i51"/><LowerAttribute z:Ref="i49"/><UpperAttribute z:Ref="i50"/><VelocityAttribute z:Ref="i52"/></URDFElement><URDFElement z:Id="i53" i:type="Calibration"><Attributes><Attribute z:Id="i54"><AttributeType>rising</AttributeType><IsRequired>false</IsRequired><Value i:nil="true"/></Attribute><Attribute z:Id="i55"><AttributeType>falling</AttributeType><IsRequired>false</IsRequired><Value i:nil="true"/></Attribute></Attributes><ChildElements/><ElementName>calibration</ElementName><required>false</required><FallingAttribute z:Ref="i55"/><RisingAttribute z:Ref="i54"/></URDFElement><URDFElement z:Id="i56" i:type="Dynamics"><Attributes><Attribute z:Id="i57"><AttributeType>damping</AttributeType><IsRequired>false</IsRequired><Value i:nil="true"/></Attribute><Attribute z:Id="i58"><AttributeType>friction</AttributeType><IsRequired>false</IsRequired><Value i:nil="true"/></Attribute></Attributes><ChildElements/><ElementName>dynamics</ElementName><required>false</required><DampingAttribute z:Ref="i57"/><FrictionAttribute z:Ref="i58"/></URDFElement><URDFElement z:Id="i59" i:type="SafetyController"><Attributes><Attribute z:Id="i60"><AttributeType>soft_upper_limit</AttributeType><IsRequired>false</IsRequired><Value i:nil="true"/></Attribute><Attribute z:Id="i61"><AttributeType>soft_lower_limit</AttributeType><IsRequired>false</IsRequired><Value i:nil="true"/></Attribute><Attribute z:Id="i62"><AttributeType>k_position</AttributeType><IsRequired>false</IsRequired><Value i:nil="true"/></Attribute><Attribute z:Id="i63"><AttributeType>k_velocity</AttributeType><IsRequired>true</IsRequired><Value i:nil="true"/></Attribute></Attributes><ChildElements/><ElementName>safety_controller</ElementName><required>false</required><KPositionAttribute z:Ref="i62"/><KVelocityAttribute z:Ref="i63"/><SoftLowerAttribute z:Ref="i61"/><SoftUpperAttribute z:Ref="i60"/></URDFElement><URDFElement z:Id="i64" i:type="Mimic"><Attributes><Attribute z:Id="i65"><AttributeType>joint</AttributeType><IsRequired>true</IsRequired><Value i:nil="true"/></Attribute><Attribute z:Id="i66"><AttributeType>multiplier</AttributeType><IsRequired>false</IsRequired><Value i:nil="true"/></Attribute><Attribute z:Id="i67"><AttributeType>offset</AttributeType><IsRequired>false</IsRequired><Value i:nil="true"/></Attribute></Attributes><ChildElements/><ElementName>mimic</ElementName><required>false</required><JointNameAttribute z:Ref="i65"/><MultiplierAttribute z:Ref="i66"/><OffsetAttribute z:Ref="i67"/></URDFElement></ChildElements><ElementName>joint</ElementName><required>false</required><Axis z:Ref="i46"/><AxisName/><Calibration z:Ref="i53"/><Child z:Ref="i44"/><CoordinateSystemName>Automatically Generate</CoordinateSystemName><Dynamics z:Ref="i56"/><Limit z:Ref="i48"/><Mimic z:Ref="i64"/><NameAttribute z:Ref="i37"/><Origin z:Ref="i39"/><Parent z:Ref="i42"/><Safety z:Ref="i59"/><TypeAttribute z:Ref="i38"/></URDFElement></ChildElements><ElementName>link</ElementName><required>true</required><Children><Link z:Id="i68"><Attributes><Attribute z:Id="i69"><AttributeType>name</AttributeType><IsRequired>true</IsRequired><Value i:type="a:string" xmlns:a="http://www.w3.org/2001/XMLSchema">Shoulder</Value></Attribute></Attributes><ChildElements><URDFElement z:Id="i70" i:type="Inertial"><Attributes/><ChildElements><URDFElement z:Id="i71" i:type="Origin"><Attributes><Attribute z:Id="i72"><AttributeType>xyz</AttributeType><IsRequired>true</IsRequired><Value i:type="a:ArrayOfdouble" xmlns:a="http://schemas.microsoft.com/2003/10/Serialization/Arrays"><a:double>0</a:double><a:double>0</a:double><a:double>0</a:double></Value></Attribute><Attribute z:Id="i73"><AttributeType>rpy</AttributeType><IsRequired>true</IsRequired><Value i:type="a:ArrayOfdouble" xmlns:a="http://schemas.microsoft.com/2003/10/Serialization/Arrays"><a:double>0</a:double><a:double>0</a:double><a:double>0</a:double></Value></Attribute></Attributes><ChildElements/><ElementName>origin</ElementName><required>false</required><RPYAttribute z:Ref="i73"/><XYZAttribute z:Ref="i72"/><isCustomized>false</isCustomized></URDFElement><URDFElement z:Id="i74" i:type="Mass"><Attributes><Attribute z:Id="i75"><AttributeType>value</AttributeType><IsRequired>true</IsRequired><Value i:type="a:double" xmlns:a="http://www.w3.org/2001/XMLSchema">0</Value></Attribute></Attributes><ChildElements/><ElementName>mass</ElementName><required>false</required><ValueAttribute z:Ref="i75"/></URDFElement><URDFElement z:Id="i76" i:type="Inertia"><Attributes><Attribute z:Id="i77"><AttributeType>ixx</AttributeType><IsRequired>true</IsRequired><Value i:type="a:double" xmlns:a="http://www.w3.org/2001/XMLSchema">0</Value></Attribute><Attribute z:Id="i78"><AttributeType>ixy</AttributeType><IsRequired>true</IsRequired><Value i:type="a:double" xmlns:a="http://www.w3.org/2001/XMLSchema">0</Value></Attribute><Attribute z:Id="i79"><AttributeType>ixz</AttributeType><IsRequired>true</IsRequired><Value i:type="a:double" xmlns:a="http://www.w3.org/2001/XMLSchema">0</Value></Attribute><Attribute z:Id="i80"><AttributeType>iyy</AttributeType><IsRequired>true</IsRequired><Value i:type="a:double" xmlns:a="http://www.w3.org/2001/XMLSchema">0</Value></Attribute><Attribute z:Id="i81"><AttributeType>iyz</AttributeType><IsRequired>true</IsRequired><Value i:type="a:double" xmlns:a="http://www.w3.org/2001/XMLSchema">0</Value></Attribute><Attribute z:Id="i82"><AttributeType>izz</AttributeType><IsRequired>true</IsRequired><Value i:type="a:double" xmlns:a="http://www.w3.org/2001/XMLSchema">0</Value></Attribute></Attributes><ChildElements/><ElementName>inertia</ElementName><required>false</required><IxxAttribute z:Ref="i77"/><IxyAttribute z:Ref="i78"/><IxzAttribute z:Ref="i79"/><IyyAttribute z:Ref="i80"/><IyzAttribute z:Ref="i81"/><IzzAttribute z:Ref="i82"/></URDFElement></ChildElements><ElementName>inertial</ElementName><required>false</required><Inertia z:Ref="i76"/><Mass z:Ref="i74"/><Origin z:Ref="i71"/></URDFElement><URDFElement z:Id="i83" i:type="Visual"><Attributes/><ChildElements><URDFElement z:Id="i84" i:type="Origin"><Attributes><Attribute z:Id="i85"><AttributeType>xyz</AttributeType><IsRequired>true</IsRequired><Value i:type="a:ArrayOfdouble" xmlns:a="http://schemas.microsoft.com/2003/10/Serialization/Arrays"><a:double>0</a:double><a:double>0</a:double><a:double>0</a:double></Value></Attribute><Attribute z:Id="i86"><AttributeType>rpy</AttributeType><IsRequired>true</IsRequired><Value i:type="a:ArrayOfdouble" xmlns:a="http://schemas.microsoft.com/2003/10/Serialization/Arrays"><a:double>0</a:double><a:double>0</a:double><a:double>0</a:double></Value></Attribute></Attributes><ChildElements/><ElementName>origin</ElementName><required>false</required><RPYAttribute z:Ref="i86"/><XYZAttribute z:Ref="i85"/><isCustomized>false</isCustomized></URDFElement><URDFElement z:Id="i87" i:type="Geometry"><Attributes/><ChildElements><URDFElement z:Id="i88" i:type="Mesh"><Attributes><Attribute z:Id="i89"><AttributeType>filename</AttributeType><IsRequired>true</IsRequired><Value i:nil="true"/></Attribute></Attributes><ChildElements/><ElementName>mesh</ElementName><required>false</required><FilenameAttribute z:Ref="i89"/></URDFElement></ChildElements><ElementName>geometry</ElementName><required>true</required><Mesh z:Ref="i88"/></URDFElement><URDFElement z:Id="i90" i:type="Material"><Attributes><Attribute z:Id="i91"><AttributeType>name</AttributeType><IsRequired>true</IsRequired><Value i:type="a:string" xmlns:a="http://www.w3.org/2001/XMLSchema"/></Attribute></Attributes><ChildElements><URDFElement z:Id="i92" i:type="Color"><Attributes><Attribute z:Id="i93"><AttributeType>rgba</AttributeType><IsRequired>true</IsRequired><Value i:type="a:ArrayOfdouble" xmlns:a="http://schemas.microsoft.com/2003/10/Serialization/Arrays"><a:double>1</a:double><a:double>1</a:double><a:double>1</a:double><a:double>1</a:double></Value></Attribute></Attributes><ChildElements/><ElementName>color</ElementName><required>false</required><RGBAAttribute z:Ref="i93"/></URDFElement><URDFElement z:Id="i94" i:type="Texture"><Attributes><Attribute z:Id="i95"><AttributeType>filename</AttributeType><IsRequired>true</IsRequired><Value i:nil="true"/></Attribute></Attributes><ChildElements/><ElementName>texture</ElementName><required>false</required><FilenameAttribute z:Ref="i95"/><wFilename/></URDFElement></ChildElements><ElementName>material</ElementName><required>false</required><Color z:Ref="i92"/><NameAttribute z:Ref="i91"/><Texture z:Ref="i94"/></URDFElement></ChildElements><ElementName>visual</ElementName><required>false</required><Geometry z:Ref="i87"/><Material z:Ref="i90"/><Origin z:Ref="i84"/></URDFElement><URDFElement z:Id="i96" i:type="Collision"><Attributes/><ChildElements><URDFElement z:Id="i97" i:type="Origin"><Attributes><Attribute z:Id="i98"><AttributeType>xyz</AttributeType><IsRequired>true</IsRequired><Value i:type="a:ArrayOfdouble" xmlns:a="http://schemas.microsoft.com/2003/10/Serialization/Arrays"><a:double>0</a:double><a:double>0</a:double><a:double>0</a:double></Value></Attribute><Attribute z:Id="i99"><AttributeType>rpy</AttributeType><IsRequired>true</IsRequired><Value i:type="a:ArrayOfdouble" xmlns:a="http://schemas.microsoft.com/2003/10/Serialization/Arrays"><a:double>0</a:double><a:double>0</a:double><a:double>0</a:double></Value></Attribute></Attributes><ChildElements/><ElementName>origin</ElementName><required>false</required><RPYAttribute z:Ref="i99"/><XYZAttribute z:Ref="i98"/><isCustomized>false</isCustomized></URDFElement><URDFElement z:Id="i100" i:type="Geometry"><Attributes/><ChildElements><URDFElement z:Id="i101" i:type="Mesh"><Attributes><Attribute z:Id="i102"><AttributeType>filename</AttributeType><IsRequired>true</IsRequired><Value i:nil="true"/></Attribute></Attributes><ChildElements/><ElementName>mesh</ElementName><required>false</required><FilenameAttribute z:Ref="i102"/></URDFElement></ChildElements><ElementName>geometry</ElementName><required>true</required><Mesh z:Ref="i101"/></URDFElement></ChildElements><ElementName>collision</ElementName><required>false</required><Geometry z:Ref="i100"/><Origin z:Ref="i97"/></URDFElement><URDFElement z:Id="i103" i:type="Joint"><Attributes><Attribute z:Id="i104"><AttributeType>name</AttributeType><IsRequired>true</IsRequired><Value i:type="a:string" xmlns:a="http://www.w3.org/2001/XMLSchema">Shoulder</Value></Attribute><Attribute z:Id="i105"><AttributeType>type</AttributeType><IsRequired>true</IsRequired><Value i:type="a:string" xmlns:a="http://www.w3.org/2001/XMLSchema">Automatically Detect</Value></Attribute></Attributes><ChildElements><URDFElement z:Id="i106" i:type="Origin"><Attributes><Attribute z:Id="i107"><AttributeType>xyz</AttributeType><IsRequired>true</IsRequired><Value i:type="a:ArrayOfdouble" xmlns:a="http://schemas.microsoft.com/2003/10/Serialization/Arrays"><a:double>0</a:double><a:double>0</a:double><a:double>0</a:double></Value></Attribute><Attribute z:Id="i108"><AttributeType>rpy</AttributeType><IsRequired>true</IsRequired><Value i:type="a:ArrayOfdouble" xmlns:a="http://schemas.microsoft.com/2003/10/Serialization/Arrays"><a:double>0</a:double><a:double>0</a:double><a:double>0</a:double></Value></Attribute></Attributes><ChildElements/><ElementName>origin</ElementName><required>false</required><RPYAttribute z:Ref="i108"/><XYZAttribute z:Ref="i107"/><isCustomized>false</isCustomized></URDFElement><URDFElement z:Id="i109" i:type="ParentLink"><Attributes><Attribute z:Id="i110"><AttributeType>link</AttributeType><IsRequired>true</IsRequired><Value i:type="a:string" xmlns:a="http://www.w3.org/2001/XMLSchema"/></Attribute></Attributes><ChildElements/><ElementName>parent</ElementName><required>true</required><NameAttribute z:Ref="i110"/></URDFElement><URDFElement z:Id="i111" i:type="ChildLink"><Attributes><Attribute z:Id="i112"><AttributeType>link</AttributeType><IsRequired>true</IsRequired><Value i:type="a:string" xmlns:a="http://www.w3.org/2001/XMLSchema"/></Attribute></Attributes><ChildElements/><ElementName>child</ElementName><required>true</required><NameAttribute z:Ref="i112"/></URDFElement><URDFElement z:Id="i113" i:type="Axis"><Attributes><Attribute z:Id="i114"><AttributeType>xyz</AttributeType><IsRequired>true</IsRequired><Value i:type="a:ArrayOfdouble" xmlns:a="http://schemas.microsoft.com/2003/10/Serialization/Arrays"><a:double>0</a:double><a:double>0</a:double><a:double>0</a:double></Value></Attribute></Attributes><ChildElements/><ElementName>axis</ElementName><required>false</required><XYZAttribute z:Ref="i114"/></URDFElement><URDFElement z:Id="i115" i:type="Limit"><Attributes><Attribute z:Id="i116"><AttributeType>lower</AttributeType><IsRequired>false</IsRequired><Value i:nil="true"/></Attribute><Attribute z:Id="i117"><AttributeType>upper</AttributeType><IsRequired>false</IsRequired><Value i:nil="true"/></Attribute><Attribute z:Id="i118"><AttributeType>effort</AttributeType><IsRequired>true</IsRequired><Value i:nil="true"/></Attribute><Attribute z:Id="i119"><AttributeType>velocity</AttributeType><IsRequired>true</IsRequired><Value i:nil="true"/></Attribute></Attributes><ChildElements/><ElementName>limit</ElementName><required>false</required><EffortAttribute z:Ref="i118"/><LowerAttribute z:Ref="i116"/><UpperAttribute z:Ref="i117"/><VelocityAttribute z:Ref="i119"/></URDFElement><URDFElement z:Id="i120" i:type="Calibration"><Attributes><Attribute z:Id="i121"><AttributeType>rising</AttributeType><IsRequired>false</IsRequired><Value i:nil="true"/></Attribute><Attribute z:Id="i122"><AttributeType>falling</AttributeType><IsRequired>false</IsRequired><Value i:nil="true"/></Attribute></Attributes><ChildElements/><ElementName>calibration</ElementName><required>false</required><FallingAttribute z:Ref="i122"/><RisingAttribute z:Ref="i121"/></URDFElement><URDFElement z:Id="i123" i:type="Dynamics"><Attributes><Attribute z:Id="i124"><AttributeType>damping</AttributeType><IsRequired>false</IsRequired><Value i:nil="true"/></Attribute><Attribute z:Id="i125"><AttributeType>friction</AttributeType><IsRequired>false</IsRequired><Value i:nil="true"/></Attribute></Attributes><ChildElements/><ElementName>dynamics</ElementName><required>false</required><DampingAttribute z:Ref="i124"/><FrictionAttribute z:Ref="i125"/></URDFElement><URDFElement z:Id="i126" i:type="SafetyController"><Attributes><Attribute z:Id="i127"><AttributeType>soft_upper_limit</AttributeType><IsRequired>false</IsRequired><Value i:nil="true"/></Attribute><Attribute z:Id="i128"><AttributeType>soft_lower_limit</AttributeType><IsRequired>false</IsRequired><Value i:nil="true"/></Attribute><Attribute z:Id="i129"><AttributeType>k_position</AttributeType><IsRequired>false</IsRequired><Value i:nil="true"/></Attribute><Attribute z:Id="i130"><AttributeType>k_velocity</AttributeType><IsRequired>true</IsRequired><Value i:nil="true"/></Attribute></Attributes><ChildElements/><ElementName>safety_controller</ElementName><required>false</required><KPositionAttribute z:Ref="i129"/><KVelocityAttribute z:Ref="i130"/><SoftLowerAttribute z:Ref="i128"/><SoftUpperAttribute z:Ref="i127"/></URDFElement><URDFElement z:Id="i131" i:type="Mimic"><Attributes><Attribute z:Id="i132"><AttributeType>joint</AttributeType><IsRequired>true</IsRequired><Value i:nil="true"/></Attribute><Attribute z:Id="i133"><AttributeType>multiplier</AttributeType><IsRequired>false</IsRequired><Value i:nil="true"/></Attribute><Attribute z:Id="i134"><AttributeType>offset</AttributeType><IsRequired>false</IsRequired><Value i:nil="true"/></Attribute></Attributes><ChildElements/><ElementName>mimic</ElementName><required>false</required><JointNameAttribute z:Ref="i132"/><MultiplierAttribute z:Ref="i133"/><OffsetAttribute z:Ref="i134"/></URDFElement></ChildElements><ElementName>joint</ElementName><required>false</required><Axis z:Ref="i113"/><AxisName>?????????1</AxisName><Calibration z:Ref="i120"/><Child z:Ref="i111"/><CoordinateSystemName>Automatically Generate</CoordinateSystemName><Dynamics z:Ref="i123"/><Limit z:Ref="i115"/><Mimic z:Ref="i131"/><NameAttribute z:Ref="i104"/><Origin z:Ref="i106"/><Parent z:Ref="i109"/><Safety z:Ref="i126"/><TypeAttribute z:Ref="i105"/></URDFElement></ChildElements><ElementName>link</ElementName><required>true</required><Children><Link z:Id="i135"><Attributes><Attribute z:Id="i136"><AttributeType>name</AttributeType><IsRequired>true</IsRequired><Value i:type="a:string" xmlns:a="http://www.w3.org/2001/XMLSchema">UpperArm_Up</Value></Attribute></Attributes><ChildElements><URDFElement z:Id="i137" i:type="Inertial"><Attributes/><ChildElements><URDFElement z:Id="i138" i:type="Origin"><Attributes><Attribute z:Id="i139"><AttributeType>xyz</AttributeType><IsRequired>true</IsRequired><Value i:type="a:ArrayOfdouble" xmlns:a="http://schemas.microsoft.com/2003/10/Serialization/Arrays"><a:double>0</a:double><a:double>0</a:double><a:double>0</a:double></Value></Attribute><Attribute z:Id="i140"><AttributeType>rpy</AttributeType><IsRequired>true</IsRequired><Value i:type="a:ArrayOfdouble" xmlns:a="http://schemas.microsoft.com/2003/10/Serialization/Arrays"><a:double>0</a:double><a:double>0</a:double><a:double>0</a:double></Value></Attribute></Attributes><ChildElements/><ElementName>origin</ElementName><required>false</required><RPYAttribute z:Ref="i140"/><XYZAttribute z:Ref="i139"/><isCustomized>false</isCustomized></URDFElement><URDFElement z:Id="i141" i:type="Mass"><Attributes><Attribute z:Id="i142"><AttributeType>value</AttributeType><IsRequired>true</IsRequired><Value i:type="a:double" xmlns:a="http://www.w3.org/2001/XMLSchema">0</Value></Attribute></Attributes><ChildElements/><ElementName>mass</ElementName><required>false</required><ValueAttribute z:Ref="i142"/></URDFElement><URDFElement z:Id="i143" i:type="Inertia"><Attributes><Attribute z:Id="i144"><AttributeType>ixx</AttributeType><IsRequired>true</IsRequired><Value i:type="a:double" xmlns:a="http://www.w3.org/2001/XMLSchema">0</Value></Attribute><Attribute z:Id="i145"><AttributeType>ixy</AttributeType><IsRequired>true</IsRequired><Value i:type="a:double" xmlns:a="http://www.w3.org/2001/XMLSchema">0</Value></Attribute><Attribute z:Id="i146"><AttributeType>ixz</AttributeType><IsRequired>true</IsRequired><Value i:type="a:double" xmlns:a="http://www.w3.org/2001/XMLSchema">0</Value></Attribute><Attribute z:Id="i147"><AttributeType>iyy</AttributeType><IsRequired>true</IsRequired><Value i:type="a:double" xmlns:a="http://www.w3.org/2001/XMLSchema">0</Value></Attribute><Attribute z:Id="i148"><AttributeType>iyz</AttributeType><IsRequired>true</IsRequired><Value i:type="a:double" xmlns:a="http://www.w3.org/2001/XMLSchema">0</Value></Attribute><Attribute z:Id="i149"><AttributeType>izz</AttributeType><IsRequired>true</IsRequired><Value i:type="a:double" xmlns:a="http://www.w3.org/2001/XMLSchema">0</Value></Attribute></Attributes><ChildElements/><ElementName>inertia</ElementName><required>false</required><IxxAttribute z:Ref="i144"/><IxyAttribute z:Ref="i145"/><IxzAttribute z:Ref="i146"/><IyyAttribute z:Ref="i147"/><IyzAttribute z:Ref="i148"/><IzzAttribute z:Ref="i149"/></URDFElement></ChildElements><ElementName>inertial</ElementName><required>false</required><Inertia z:Ref="i143"/><Mass z:Ref="i141"/><Origin z:Ref="i138"/></URDFElement><URDFElement z:Id="i150" i:type="Visual"><Attributes/><ChildElements><URDFElement z:Id="i151" i:type="Origin"><Attributes><Attribute z:Id="i152"><AttributeType>xyz</AttributeType><IsRequired>true</IsRequired><Value i:type="a:ArrayOfdouble" xmlns:a="http://schemas.microsoft.com/2003/10/Serialization/Arrays"><a:double>0</a:double><a:double>0</a:double><a:double>0</a:double></Value></Attribute><Attribute z:Id="i153"><AttributeType>rpy</AttributeType><IsRequired>true</IsRequired><Value i:type="a:ArrayOfdouble" xmlns:a="http://schemas.microsoft.com/2003/10/Serialization/Arrays"><a:double>0</a:double><a:double>0</a:double><a:double>0</a:double></Value></Attribute></Attributes><ChildElements/><ElementName>origin</ElementName><required>false</required><RPYAttribute z:Ref="i153"/><XYZAttribute z:Ref="i152"/><isCustomized>false</isCustomized></URDFElement><URDFElement z:Id="i154" i:type="Geometry"><Attributes/><ChildElements><URDFElement z:Id="i155" i:type="Mesh"><Attributes><Attribute z:Id="i156"><AttributeType>filename</AttributeType><IsRequired>true</IsRequired><Value i:nil="true"/></Attribute></Attributes><ChildElements/><ElementName>mesh</ElementName><required>false</required><FilenameAttribute z:Ref="i156"/></URDFElement></ChildElements><ElementName>geometry</ElementName><required>true</required><Mesh z:Ref="i155"/></URDFElement><URDFElement z:Id="i157" i:type="Material"><Attributes><Attribute z:Id="i158"><AttributeType>name</AttributeType><IsRequired>true</IsRequired><Value i:type="a:string" xmlns:a="http://www.w3.org/2001/XMLSchema"/></Attribute></Attributes><ChildElements><URDFElement z:Id="i159" i:type="Color"><Attributes><Attribute z:Id="i160"><AttributeType>rgba</AttributeType><IsRequired>true</IsRequired><Value i:type="a:ArrayOfdouble" xmlns:a="http://schemas.microsoft.com/2003/10/Serialization/Arrays"><a:double>1</a:double><a:double>1</a:double><a:double>1</a:double><a:double>1</a:double></Value></Attribute></Attributes><ChildElements/><ElementName>color</ElementName><required>false</required><RGBAAttribute z:Ref="i160"/></URDFElement><URDFElement z:Id="i161" i:type="Texture"><Attributes><Attribute z:Id="i162"><AttributeType>filename</AttributeType><IsRequired>true</IsRequired><Value i:nil="true"/></Attribute></Attributes><ChildElements/><ElementName>texture</ElementName><required>false</required><FilenameAttribute z:Ref="i162"/><wFilename/></URDFElement></ChildElements><ElementName>material</ElementName><required>false</required><Color z:Ref="i159"/><NameAttribute z:Ref="i158"/><Texture z:Ref="i161"/></URDFElement></ChildElements><ElementName>visual</ElementName><required>false</required><Geometry z:Ref="i154"/><Material z:Ref="i157"/><Origin z:Ref="i151"/></URDFElement><URDFElement z:Id="i163" i:type="Collision"><Attributes/><ChildElements><URDFElement z:Id="i164" i:type="Origin"><Attributes><Attribute z:Id="i165"><AttributeType>xyz</AttributeType><IsRequired>true</IsRequired><Value i:type="a:ArrayOfdouble" xmlns:a="http://schemas.microsoft.com/2003/10/Serialization/Arrays"><a:double>0</a:double><a:double>0</a:double><a:double>0</a:double></Value></Attribute><Attribute z:Id="i166"><AttributeType>rpy</AttributeType><IsRequired>true</IsRequired><Value i:type="a:ArrayOfdouble" xmlns:a="http://schemas.microsoft.com/2003/10/Serialization/Arrays"><a:double>0</a:double><a:double>0</a:double><a:double>0</a:double></Value></Attribute></Attributes><ChildElements/><ElementName>origin</ElementName><required>false</required><RPYAttribute z:Ref="i166"/><XYZAttribute z:Ref="i165"/><isCustomized>false</isCustomized></URDFElement><URDFElement z:Id="i167" i:type="Geometry"><Attributes/><ChildElements><URDFElement z:Id="i168" i:type="Mesh"><Attributes><Attribute z:Id="i169"><AttributeType>filename</AttributeType><IsRequired>true</IsRequired><Value i:nil="true"/></Attribute></Attributes><ChildElements/><ElementName>mesh</ElementName><required>false</required><FilenameAttribute z:Ref="i169"/></URDFElement></ChildElements><ElementName>geometry</ElementName><required>true</required><Mesh z:Ref="i168"/></URDFElement></ChildElements><ElementName>collision</ElementName><required>false</required><Geometry z:Ref="i167"/><Origin z:Ref="i164"/></URDFElement><URDFElement z:Id="i170" i:type="Joint"><Attributes><Attribute z:Id="i171"><AttributeType>name</AttributeType><IsRequired>true</IsRequired><Value i:type="a:string" xmlns:a="http://www.w3.org/2001/XMLSchema">UpperArm_Up</Value></Attribute><Attribute z:Id="i172"><AttributeType>type</AttributeType><IsRequired>true</IsRequired><Value i:type="a:string" xmlns:a="http://www.w3.org/2001/XMLSchema">Automatically Detect</Value></Attribute></Attributes><ChildElements><URDFElement z:Id="i173" i:type="Origin"><Attributes><Attribute z:Id="i174"><AttributeType>xyz</AttributeType><IsRequired>true</IsRequired><Value i:type="a:ArrayOfdouble" xmlns:a="http://schemas.microsoft.com/2003/10/Serialization/Arrays"><a:double>0</a:double><a:double>0</a:double><a:double>0</a:double></Value></Attribute><Attribute z:Id="i175"><AttributeType>rpy</AttributeType><IsRequired>true</IsRequired><Value i:type="a:ArrayOfdouble" xmlns:a="http://schemas.microsoft.com/2003/10/Serialization/Arrays"><a:double>0</a:double><a:double>0</a:double><a:double>0</a:double></Value></Attribute></Attributes><ChildElements/><ElementName>origin</ElementName><required>false</required><RPYAttribute z:Ref="i175"/><XYZAttribute z:Ref="i174"/><isCustomized>false</isCustomized></URDFElement><URDFElement z:Id="i176" i:type="ParentLink"><Attributes><Attribute z:Id="i177"><AttributeType>link</AttributeType><IsRequired>true</IsRequired><Value i:type="a:string" xmlns:a="http://www.w3.org/2001/XMLSchema"/></Attribute></Attributes><ChildElements/><ElementName>parent</ElementName><required>true</required><NameAttribute z:Ref="i177"/></URDFElement><URDFElement z:Id="i178" i:type="ChildLink"><Attributes><Attribute z:Id="i179"><AttributeType>link</AttributeType><IsRequired>true</IsRequired><Value i:type="a:string" xmlns:a="http://www.w3.org/2001/XMLSchema"/></Attribute></Attributes><ChildElements/><ElementName>child</ElementName><required>true</required><NameAttribute z:Ref="i179"/></URDFElement><URDFElement z:Id="i180" i:type="Axis"><Attributes><Attribute z:Id="i181"><AttributeType>xyz</AttributeType><IsRequired>true</IsRequired><Value i:type="a:ArrayOfdouble" xmlns:a="http://schemas.microsoft.com/2003/10/Serialization/Arrays"><a:double>0</a:double><a:double>0</a:double><a:double>0</a:double></Value></Attribute></Attributes><ChildElements/><ElementName>axis</ElementName><required>false</required><XYZAttribute z:Ref="i181"/></URDFElement><URDFElement z:Id="i182" i:type="Limit"><Attributes><Attribute z:Id="i183"><AttributeType>lower</AttributeType><IsRequired>false</IsRequired><Value i:nil="true"/></Attribute><Attribute z:Id="i184"><AttributeType>upper</AttributeType><IsRequired>false</IsRequired><Value i:nil="true"/></Attribute><Attribute z:Id="i185"><AttributeType>effort</AttributeType><IsRequired>true</IsRequired><Value i:nil="true"/></Attribute><Attribute z:Id="i186"><AttributeType>velocity</AttributeType><IsRequired>true</IsRequired><Value i:nil="true"/></Attribute></Attributes><ChildElements/><ElementName>limit</ElementName><required>false</required><EffortAttribute z:Ref="i185"/><LowerAttribute z:Ref="i183"/><UpperAttribute z:Ref="i184"/><VelocityAttribute z:Ref="i186"/></URDFElement><URDFElement z:Id="i187" i:type="Calibration"><Attributes><Attribute z:Id="i188"><AttributeType>rising</AttributeType><IsRequired>false</IsRequired><Value i:nil="true"/></Attribute><Attribute z:Id="i189"><AttributeType>falling</AttributeType><IsRequired>false</IsRequired><Value i:nil="true"/></Attribute></Attributes><ChildElements/><ElementName>calibration</ElementName><required>false</required><FallingAttribute z:Ref="i189"/><RisingAttribute z:Ref="i188"/></URDFElement><URDFElement z:Id="i190" i:type="Dynamics"><Attributes><Attribute z:Id="i191"><AttributeType>damping</AttributeType><IsRequired>false</IsRequired><Value i:nil="true"/></Attribute><Attribute z:Id="i192"><AttributeType>friction</AttributeType><IsRequired>false</IsRequired><Value i:nil="true"/></Attribute></Attributes><ChildElements/><ElementName>dynamics</ElementName><required>false</required><DampingAttribute z:Ref="i191"/><FrictionAttribute z:Ref="i192"/></URDFElement><URDFElement z:Id="i193" i:type="SafetyController"><Attributes><Attribute z:Id="i194"><AttributeType>soft_upper_limit</AttributeType><IsRequired>false</IsRequired><Value i:nil="true"/></Attribute><Attribute z:Id="i195"><AttributeType>soft_lower_limit</AttributeType><IsRequired>false</IsRequired><Value i:nil="true"/></Attribute><Attribute z:Id="i196"><AttributeType>k_position</AttributeType><IsRequired>false</IsRequired><Value i:nil="true"/></Attribute><Attribute z:Id="i197"><AttributeType>k_velocity</AttributeType><IsRequired>true</IsRequired><Value i:nil="true"/></Attribute></Attributes><ChildElements/><ElementName>safety_controller</ElementName><required>false</required><KPositionAttribute z:Ref="i196"/><KVelocityAttribute z:Ref="i197"/><SoftLowerAttribute z:Ref="i195"/><SoftUpperAttribute z:Ref="i194"/></URDFElement><URDFElement z:Id="i198" i:type="Mimic"><Attributes><Attribute z:Id="i199"><AttributeType>joint</AttributeType><IsRequired>true</IsRequired><Value i:nil="true"/></Attribute><Attribute z:Id="i200"><AttributeType>multiplier</AttributeType><IsRequired>false</IsRequired><Value i:nil="true"/></Attribute><Attribute z:Id="i201"><AttributeType>offset</AttributeType><IsRequired>false</IsRequired><Value i:nil="true"/></Attribute></Attributes><ChildElements/><ElementName>mimic</ElementName><required>false</required><JointNameAttribute z:Ref="i199"/><MultiplierAttribute z:Ref="i200"/><OffsetAttribute z:Ref="i201"/></URDFElement></ChildElements><ElementName>joint</ElementName><required>false</required><Axis z:Ref="i180"/><AxisName>?????????2</AxisName><Calibration z:Ref="i187"/><Child z:Ref="i178"/><CoordinateSystemName>Automatically Generate</CoordinateSystemName><Dynamics z:Ref="i190"/><Limit z:Ref="i182"/><Mimic z:Ref="i198"/><NameAttribute z:Ref="i171"/><Origin z:Ref="i173"/><Parent z:Ref="i176"/><Safety z:Ref="i193"/><TypeAttribute z:Ref="i172"/></URDFElement></ChildElements><ElementName>link</ElementName><required>true</required><Children><Link z:Id="i202"><Attributes><Attribute z:Id="i203"><AttributeType>name</AttributeType><IsRequired>true</IsRequired><Value i:type="a:string" xmlns:a="http://www.w3.org/2001/XMLSchema">UpperArm_Down</Value></Attribute></Attributes><ChildElements><URDFElement z:Id="i204" i:type="Inertial"><Attributes/><ChildElements><URDFElement z:Id="i205" i:type="Origin"><Attributes><Attribute z:Id="i206"><AttributeType>xyz</AttributeType><IsRequired>true</IsRequired><Value i:type="a:ArrayOfdouble" xmlns:a="http://schemas.microsoft.com/2003/10/Serialization/Arrays"><a:double>0</a:double><a:double>0</a:double><a:double>0</a:double></Value></Attribute><Attribute z:Id="i207"><AttributeType>rpy</AttributeType><IsRequired>true</IsRequired><Value i:type="a:ArrayOfdouble" xmlns:a="http://schemas.microsoft.com/2003/10/Serialization/Arrays"><a:double>0</a:double><a:double>0</a:double><a:double>0</a:double></Value></Attribute></Attributes><ChildElements/><ElementName>origin</ElementName><required>false</required><RPYAttribute z:Ref="i207"/><XYZAttribute z:Ref="i206"/><isCustomized>false</isCustomized></URDFElement><URDFElement z:Id="i208" i:type="Mass"><Attributes><Attribute z:Id="i209"><AttributeType>value</AttributeType><IsRequired>true</IsRequired><Value i:type="a:double" xmlns:a="http://www.w3.org/2001/XMLSchema">0</Value></Attribute></Attributes><ChildElements/><ElementName>mass</ElementName><required>false</required><ValueAttribute z:Ref="i209"/></URDFElement><URDFElement z:Id="i210" i:type="Inertia"><Attributes><Attribute z:Id="i211"><AttributeType>ixx</AttributeType><IsRequired>true</IsRequired><Value i:type="a:double" xmlns:a="http://www.w3.org/2001/XMLSchema">0</Value></Attribute><Attribute z:Id="i212"><AttributeType>ixy</AttributeType><IsRequired>true</IsRequired><Value i:type="a:double" xmlns:a="http://www.w3.org/2001/XMLSchema">0</Value></Attribute><Attribute z:Id="i213"><AttributeType>ixz</AttributeType><IsRequired>true</IsRequired><Value i:type="a:double" xmlns:a="http://www.w3.org/2001/XMLSchema">0</Value></Attribute><Attribute z:Id="i214"><AttributeType>iyy</AttributeType><IsRequired>true</IsRequired><Value i:type="a:double" xmlns:a="http://www.w3.org/2001/XMLSchema">0</Value></Attribute><Attribute z:Id="i215"><AttributeType>iyz</AttributeType><IsRequired>true</IsRequired><Value i:type="a:double" xmlns:a="http://www.w3.org/2001/XMLSchema">0</Value></Attribute><Attribute z:Id="i216"><AttributeType>izz</AttributeType><IsRequired>true</IsRequired><Value i:type="a:double" xmlns:a="http://www.w3.org/2001/XMLSchema">0</Value></Attribute></Attributes><ChildElements/><ElementName>inertia</ElementName><required>false</required><IxxAttribute z:Ref="i211"/><IxyAttribute z:Ref="i212"/><IxzAttribute z:Ref="i213"/><IyyAttribute z:Ref="i214"/><IyzAttribute z:Ref="i215"/><IzzAttribute z:Ref="i216"/></URDFElement></ChildElements><ElementName>inertial</ElementName><required>false</required><Inertia z:Ref="i210"/><Mass z:Ref="i208"/><Origin z:Ref="i205"/></URDFElement><URDFElement z:Id="i217" i:type="Visual"><Attributes/><ChildElements><URDFElement z:Id="i218" i:type="Origin"><Attributes><Attribute z:Id="i219"><AttributeType>xyz</AttributeType><IsRequired>true</IsRequired><Value i:type="a:ArrayOfdouble" xmlns:a="http://schemas.microsoft.com/2003/10/Serialization/Arrays"><a:double>0</a:double><a:double>0</a:double><a:double>0</a:double></Value></Attribute><Attribute z:Id="i220"><AttributeType>rpy</AttributeType><IsRequired>true</IsRequired><Value i:type="a:ArrayOfdouble" xmlns:a="http://schemas.microsoft.com/2003/10/Serialization/Arrays"><a:double>0</a:double><a:double>0</a:double><a:double>0</a:double></Value></Attribute></Attributes><ChildElements/><ElementName>origin</ElementName><required>false</required><RPYAttribute z:Ref="i220"/><XYZAttribute z:Ref="i219"/><isCustomized>false</isCustomized></URDFElement><URDFElement z:Id="i221" i:type="Geometry"><Attributes/><ChildElements><URDFElement z:Id="i222" i:type="Mesh"><Attributes><Attribute z:Id="i223"><AttributeType>filename</AttributeType><IsRequired>true</IsRequired><Value i:nil="true"/></Attribute></Attributes><ChildElements/><ElementName>mesh</ElementName><required>false</required><FilenameAttribute z:Ref="i223"/></URDFElement></ChildElements><ElementName>geometry</ElementName><required>true</required><Mesh z:Ref="i222"/></URDFElement><URDFElement z:Id="i224" i:type="Material"><Attributes><Attribute z:Id="i225"><AttributeType>name</AttributeType><IsRequired>true</IsRequired><Value i:type="a:string" xmlns:a="http://www.w3.org/2001/XMLSchema"/></Attribute></Attributes><ChildElements><URDFElement z:Id="i226" i:type="Color"><Attributes><Attribute z:Id="i227"><AttributeType>rgba</AttributeType><IsRequired>true</IsRequired><Value i:type="a:ArrayOfdouble" xmlns:a="http://schemas.microsoft.com/2003/10/Serialization/Arrays"><a:double>1</a:double><a:double>1</a:double><a:double>1</a:double><a:double>1</a:double></Value></Attribute></Attributes><ChildElements/><ElementName>color</ElementName><required>false</required><RGBAAttribute z:Ref="i227"/></URDFElement><URDFElement z:Id="i228" i:type="Texture"><Attributes><Attribute z:Id="i229"><AttributeType>filename</AttributeType><IsRequired>true</IsRequired><Value i:nil="true"/></Attribute></Attributes><ChildElements/><ElementName>texture</ElementName><required>false</required><FilenameAttribute z:Ref="i229"/><wFilename/></URDFElement></ChildElements><ElementName>material</ElementName><required>false</required><Color z:Ref="i226"/><NameAttribute z:Ref="i225"/><Texture z:Ref="i228"/></URDFElement></ChildElements><ElementName>visual</ElementName><required>false</required><Geometry z:Ref="i221"/><Material z:Ref="i224"/><Origin z:Ref="i218"/></URDFElement><URDFElement z:Id="i230" i:type="Collision"><Attributes/><ChildElements><URDFElement z:Id="i231" i:type="Origin"><Attributes><Attribute z:Id="i232"><AttributeType>xyz</AttributeType><IsRequired>true</IsRequired><Value i:type="a:ArrayOfdouble" xmlns:a="http://schemas.microsoft.com/2003/10/Serialization/Arrays"><a:double>0</a:double><a:double>0</a:double><a:double>0</a:double></Value></Attribute><Attribute z:Id="i233"><AttributeType>rpy</AttributeType><IsRequired>true</IsRequired><Value i:type="a:ArrayOfdouble" xmlns:a="http://schemas.microsoft.com/2003/10/Serialization/Arrays"><a:double>0</a:double><a:double>0</a:double><a:double>0</a:double></Value></Attribute></Attributes><ChildElements/><ElementName>origin</ElementName><required>false</required><RPYAttribute z:Ref="i233"/><XYZAttribute z:Ref="i232"/><isCustomized>false</isCustomized></URDFElement><URDFElement z:Id="i234" i:type="Geometry"><Attributes/><ChildElements><URDFElement z:Id="i235" i:type="Mesh"><Attributes><Attribute z:Id="i236"><AttributeType>filename</AttributeType><IsRequired>true</IsRequired><Value i:nil="true"/></Attribute></Attributes><ChildElements/><ElementName>mesh</ElementName><required>false</required><FilenameAttribute z:Ref="i236"/></URDFElement></ChildElements><ElementName>geometry</ElementName><required>true</required><Mesh z:Ref="i235"/></URDFElement></ChildElements><ElementName>collision</ElementName><required>false</required><Geometry z:Ref="i234"/><Origin z:Ref="i231"/></URDFElement><URDFElement z:Id="i237" i:type="Joint"><Attributes><Attribute z:Id="i238"><AttributeType>name</AttributeType><IsRequired>true</IsRequired><Value i:type="a:string" xmlns:a="http://www.w3.org/2001/XMLSchema">UpperArm_Down</Value></Attribute><Attribute z:Id="i239"><AttributeType>type</AttributeType><IsRequired>true</IsRequired><Value i:type="a:string" xmlns:a="http://www.w3.org/2001/XMLSchema">Automatically Detect</Value></Attribute></Attributes><ChildElements><URDFElement z:Id="i240" i:type="Origin"><Attributes><Attribute z:Id="i241"><AttributeType>xyz</AttributeType><IsRequired>true</IsRequired><Value i:type="a:ArrayOfdouble" xmlns:a="http://schemas.microsoft.com/2003/10/Serialization/Arrays"><a:double>0</a:double><a:double>0</a:double><a:double>0</a:double></Value></Attribute><Attribute z:Id="i242"><AttributeType>rpy</AttributeType><IsRequired>true</IsRequired><Value i:type="a:ArrayOfdouble" xmlns:a="http://schemas.microsoft.com/2003/10/Serialization/Arrays"><a:double>0</a:double><a:double>0</a:double><a:double>0</a:double></Value></Attribute></Attributes><ChildElements/><ElementName>origin</ElementName><required>false</required><RPYAttribute z:Ref="i242"/><XYZAttribute z:Ref="i241"/><isCustomized>false</isCustomized></URDFElement><URDFElement z:Id="i243" i:type="ParentLink"><Attributes><Attribute z:Id="i244"><AttributeType>link</AttributeType><IsRequired>true</IsRequired><Value i:type="a:string" xmlns:a="http://www.w3.org/2001/XMLSchema"/></Attribute></Attributes><ChildElements/><ElementName>parent</ElementName><required>true</required><NameAttribute z:Ref="i244"/></URDFElement><URDFElement z:Id="i245" i:type="ChildLink"><Attributes><Attribute z:Id="i246"><AttributeType>link</AttributeType><IsRequired>true</IsRequired><Value i:type="a:string" xmlns:a="http://www.w3.org/2001/XMLSchema"/></Attribute></Attributes><ChildElements/><ElementName>child</ElementName><required>true</required><NameAttribute z:Ref="i246"/></URDFElement><URDFElement z:Id="i247" i:type="Axis"><Attributes><Attribute z:Id="i248"><AttributeType>xyz</AttributeType><IsRequired>true</IsRequired><Value i:type="a:ArrayOfdouble" xmlns:a="http://schemas.microsoft.com/2003/10/Serialization/Arrays"><a:double>0</a:double><a:double>0</a:double><a:double>0</a:double></Value></Attribute></Attributes><ChildElements/><ElementName>axis</ElementName><required>false</required><XYZAttribute z:Ref="i248"/></URDFElement><URDFElement z:Id="i249" i:type="Limit"><Attributes><Attribute z:Id="i250"><AttributeType>lower</AttributeType><IsRequired>false</IsRequired><Value i:nil="true"/></Attribute><Attribute z:Id="i251"><AttributeType>upper</AttributeType><IsRequired>false</IsRequired><Value i:nil="true"/></Attribute><Attribute z:Id="i252"><AttributeType>effort</AttributeType><IsRequired>true</IsRequired><Value i:nil="true"/></Attribute><Attribute z:Id="i253"><AttributeType>velocity</AttributeType><IsRequired>true</IsRequired><Value i:nil="true"/></Attribute></Attributes><ChildElements/><ElementName>limit</ElementName><required>false</required><EffortAttribute z:Ref="i252"/><LowerAttribute z:Ref="i250"/><UpperAttribute z:Ref="i251"/><VelocityAttribute z:Ref="i253"/></URDFElement><URDFElement z:Id="i254" i:type="Calibration"><Attributes><Attribute z:Id="i255"><AttributeType>rising</AttributeType><IsRequired>false</IsRequired><Value i:nil="true"/></Attribute><Attribute z:Id="i256"><AttributeType>falling</AttributeType><IsRequired>false</IsRequired><Value i:nil="true"/></Attribute></Attributes><ChildElements/><ElementName>calibration</ElementName><required>false</required><FallingAttribute z:Ref="i256"/><RisingAttribute z:Ref="i255"/></URDFElement><URDFElement z:Id="i257" i:type="Dynamics"><Attributes><Attribute z:Id="i258"><AttributeType>damping</AttributeType><IsRequired>false</IsRequired><Value i:nil="true"/></Attribute><Attribute z:Id="i259"><AttributeType>friction</AttributeType><IsRequired>false</IsRequired><Value i:nil="true"/></Attribute></Attributes><ChildElements/><ElementName>dynamics</ElementName><required>false</required><DampingAttribute z:Ref="i258"/><FrictionAttribute z:Ref="i259"/></URDFElement><URDFElement z:Id="i260" i:type="SafetyController"><Attributes><Attribute z:Id="i261"><AttributeType>soft_upper_limit</AttributeType><IsRequired>false</IsRequired><Value i:nil="true"/></Attribute><Attribute z:Id="i262"><AttributeType>soft_lower_limit</AttributeType><IsRequired>false</IsRequired><Value i:nil="true"/></Attribute><Attribute z:Id="i263"><AttributeType>k_position</AttributeType><IsRequired>false</IsRequired><Value i:nil="true"/></Attribute><Attribute z:Id="i264"><AttributeType>k_velocity</AttributeType><IsRequired>true</IsRequired><Value i:nil="true"/></Attribute></Attributes><ChildElements/><ElementName>safety_controller</ElementName><required>false</required><KPositionAttribute z:Ref="i263"/><KVelocityAttribute z:Ref="i264"/><SoftLowerAttribute z:Ref="i262"/><SoftUpperAttribute z:Ref="i261"/></URDFElement><URDFElement z:Id="i265" i:type="Mimic"><Attributes><Attribute z:Id="i266"><AttributeType>joint</AttributeType><IsRequired>true</IsRequired><Value i:nil="true"/></Attribute><Attribute z:Id="i267"><AttributeType>multiplier</AttributeType><IsRequired>false</IsRequired><Value i:nil="true"/></Attribute><Attribute z:Id="i268"><AttributeType>offset</AttributeType><IsRequired>false</IsRequired><Value i:nil="true"/></Attribute></Attributes><ChildElements/><ElementName>mimic</ElementName><required>false</required><JointNameAttribute z:Ref="i266"/><MultiplierAttribute z:Ref="i267"/><OffsetAttribute z:Ref="i268"/></URDFElement></ChildElements><ElementName>joint</ElementName><required>false</required><Axis z:Ref="i247"/><AxisName>?????????3</AxisName><Calibration z:Ref="i254"/><Child z:Ref="i245"/><CoordinateSystemName>Automatically Generate</CoordinateSystemName><Dynamics z:Ref="i257"/><Limit z:Ref="i249"/><Mimic z:Ref="i265"/><NameAttribute z:Ref="i238"/><Origin z:Ref="i240"/><Parent z:Ref="i243"/><Safety z:Ref="i260"/><TypeAttribute z:Ref="i239"/></URDFElement></ChildElements><ElementName>link</ElementName><required>true</required><Children><Link z:Id="i269"><Attributes><Attribute z:Id="i270"><AttributeType>name</AttributeType><IsRequired>true</IsRequired><Value i:type="a:string" xmlns:a="http://www.w3.org/2001/XMLSchema">ForeArm_Up</Value></Attribute></Attributes><ChildElements><URDFElement z:Id="i271" i:type="Inertial"><Attributes/><ChildElements><URDFElement z:Id="i272" i:type="Origin"><Attributes><Attribute z:Id="i273"><AttributeType>xyz</AttributeType><IsRequired>true</IsRequired><Value i:type="a:ArrayOfdouble" xmlns:a="http://schemas.microsoft.com/2003/10/Serialization/Arrays"><a:double>0</a:double><a:double>0</a:double><a:double>0</a:double></Value></Attribute><Attribute z:Id="i274"><AttributeType>rpy</AttributeType><IsRequired>true</IsRequired><Value i:type="a:ArrayOfdouble" xmlns:a="http://schemas.microsoft.com/2003/10/Serialization/Arrays"><a:double>0</a:double><a:double>0</a:double><a:double>0</a:double></Value></Attribute></Attributes><ChildElements/><ElementName>origin</ElementName><required>false</required><RPYAttribute z:Ref="i274"/><XYZAttribute z:Ref="i273"/><isCustomized>false</isCustomized></URDFElement><URDFElement z:Id="i275" i:type="Mass"><Attributes><Attribute z:Id="i276"><AttributeType>value</AttributeType><IsRequired>true</IsRequired><Value i:type="a:double" xmlns:a="http://www.w3.org/2001/XMLSchema">0</Value></Attribute></Attributes><ChildElements/><ElementName>mass</ElementName><required>false</required><ValueAttribute z:Ref="i276"/></URDFElement><URDFElement z:Id="i277" i:type="Inertia"><Attributes><Attribute z:Id="i278"><AttributeType>ixx</AttributeType><IsRequired>true</IsRequired><Value i:type="a:double" xmlns:a="http://www.w3.org/2001/XMLSchema">0</Value></Attribute><Attribute z:Id="i279"><AttributeType>ixy</AttributeType><IsRequired>true</IsRequired><Value i:type="a:double" xmlns:a="http://www.w3.org/2001/XMLSchema">0</Value></Attribute><Attribute z:Id="i280"><AttributeType>ixz</AttributeType><IsRequired>true</IsRequired><Value i:type="a:double" xmlns:a="http://www.w3.org/2001/XMLSchema">0</Value></Attribute><Attribute z:Id="i281"><AttributeType>iyy</AttributeType><IsRequired>true</IsRequired><Value i:type="a:double" xmlns:a="http://www.w3.org/2001/XMLSchema">0</Value></Attribute><Attribute z:Id="i282"><AttributeType>iyz</AttributeType><IsRequired>true</IsRequired><Value i:type="a:double" xmlns:a="http://www.w3.org/2001/XMLSchema">0</Value></Attribute><Attribute z:Id="i283"><AttributeType>izz</AttributeType><IsRequired>true</IsRequired><Value i:type="a:double" xmlns:a="http://www.w3.org/2001/XMLSchema">0</Value></Attribute></Attributes><ChildElements/><ElementName>inertia</ElementName><required>false</required><IxxAttribute z:Ref="i278"/><IxyAttribute z:Ref="i279"/><IxzAttribute z:Ref="i280"/><IyyAttribute z:Ref="i281"/><IyzAttribute z:Ref="i282"/><IzzAttribute z:Ref="i283"/></URDFElement></ChildElements><ElementName>inertial</ElementName><required>false</required><Inertia z:Ref="i277"/><Mass z:Ref="i275"/><Origin z:Ref="i272"/></URDFElement><URDFElement z:Id="i284" i:type="Visual"><Attributes/><ChildElements><URDFElement z:Id="i285" i:type="Origin"><Attributes><Attribute z:Id="i286"><AttributeType>xyz</AttributeType><IsRequired>true</IsRequired><Value i:type="a:ArrayOfdouble" xmlns:a="http://schemas.microsoft.com/2003/10/Serialization/Arrays"><a:double>0</a:double><a:double>0</a:double><a:double>0</a:double></Value></Attribute><Attribute z:Id="i287"><AttributeType>rpy</AttributeType><IsRequired>true</IsRequired><Value i:type="a:ArrayOfdouble" xmlns:a="http://schemas.microsoft.com/2003/10/Serialization/Arrays"><a:double>0</a:double><a:double>0</a:double><a:double>0</a:double></Value></Attribute></Attributes><ChildElements/><ElementName>origin</ElementName><required>false</required><RPYAttribute z:Ref="i287"/><XYZAttribute z:Ref="i286"/><isCustomized>false</isCustomized></URDFElement><URDFElement z:Id="i288" i:type="Geometry"><Attributes/><ChildElements><URDFElement z:Id="i289" i:type="Mesh"><Attributes><Attribute z:Id="i290"><AttributeType>filename</AttributeType><IsRequired>true</IsRequired><Value i:nil="true"/></Attribute></Attributes><ChildElements/><ElementName>mesh</ElementName><required>false</required><FilenameAttribute z:Ref="i290"/></URDFElement></ChildElements><ElementName>geometry</ElementName><required>true</required><Mesh z:Ref="i289"/></URDFElement><URDFElement z:Id="i291" i:type="Material"><Attributes><Attribute z:Id="i292"><AttributeType>name</AttributeType><IsRequired>true</IsRequired><Value i:type="a:string" xmlns:a="http://www.w3.org/2001/XMLSchema"/></Attribute></Attributes><ChildElements><URDFElement z:Id="i293" i:type="Color"><Attributes><Attribute z:Id="i294"><AttributeType>rgba</AttributeType><IsRequired>true</IsRequired><Value i:type="a:ArrayOfdouble" xmlns:a="http://schemas.microsoft.com/2003/10/Serialization/Arrays"><a:double>1</a:double><a:double>1</a:double><a:double>1</a:double><a:double>1</a:double></Value></Attribute></Attributes><ChildElements/><ElementName>color</ElementName><required>false</required><RGBAAttribute z:Ref="i294"/></URDFElement><URDFElement z:Id="i295" i:type="Texture"><Attributes><Attribute z:Id="i296"><AttributeType>filename</AttributeType><IsRequired>true</IsRequired><Value i:nil="true"/></Attribute></Attributes><ChildElements/><ElementName>texture</ElementName><required>false</required><FilenameAttribute z:Ref="i296"/><wFilename/></URDFElement></ChildElements><ElementName>material</ElementName><required>false</required><Color z:Ref="i293"/><NameAttribute z:Ref="i292"/><Texture z:Ref="i295"/></URDFElement></ChildElements><ElementName>visual</ElementName><required>false</required><Geometry z:Ref="i288"/><Material z:Ref="i291"/><Origin z:Ref="i285"/></URDFElement><URDFElement z:Id="i297" i:type="Collision"><Attributes/><ChildElements><URDFElement z:Id="i298" i:type="Origin"><Attributes><Attribute z:Id="i299"><AttributeType>xyz</AttributeType><IsRequired>true</IsRequired><Value i:type="a:ArrayOfdouble" xmlns:a="http://schemas.microsoft.com/2003/10/Serialization/Arrays"><a:double>0</a:double><a:double>0</a:double><a:double>0</a:double></Value></Attribute><Attribute z:Id="i300"><AttributeType>rpy</AttributeType><IsRequired>true</IsRequired><Value i:type="a:ArrayOfdouble" xmlns:a="http://schemas.microsoft.com/2003/10/Serialization/Arrays"><a:double>0</a:double><a:double>0</a:double><a:double>0</a:double></Value></Attribute></Attributes><ChildElements/><ElementName>origin</ElementName><required>false</required><RPYAttribute z:Ref="i300"/><XYZAttribute z:Ref="i299"/><isCustomized>false</isCustomized></URDFElement><URDFElement z:Id="i301" i:type="Geometry"><Attributes/><ChildElements><URDFElement z:Id="i302" i:type="Mesh"><Attributes><Attribute z:Id="i303"><AttributeType>filename</AttributeType><IsRequired>true</IsRequired><Value i:nil="true"/></Attribute></Attributes><ChildElements/><ElementName>mesh</ElementName><required>false</required><FilenameAttribute z:Ref="i303"/></URDFElement></ChildElements><ElementName>geometry</ElementName><required>true</required><Mesh z:Ref="i302"/></URDFElement></ChildElements><ElementName>collision</ElementName><required>false</required><Geometry z:Ref="i301"/><Origin z:Ref="i298"/></URDFElement><URDFElement z:Id="i304" i:type="Joint"><Attributes><Attribute z:Id="i305"><AttributeType>name</AttributeType><IsRequired>true</IsRequired><Value i:type="a:string" xmlns:a="http://www.w3.org/2001/XMLSchema">ForeArm_Up</Value></Attribute><Attribute z:Id="i306"><AttributeType>type</AttributeType><IsRequired>true</IsRequired><Value i:type="a:string" xmlns:a="http://www.w3.org/2001/XMLSchema">Automatically Detect</Value></Attribute></Attributes><ChildElements><URDFElement z:Id="i307" i:type="Origin"><Attributes><Attribute z:Id="i308"><AttributeType>xyz</AttributeType><IsRequired>true</IsRequired><Value i:type="a:ArrayOfdouble" xmlns:a="http://schemas.microsoft.com/2003/10/Serialization/Arrays"><a:double>0</a:double><a:double>0</a:double><a:double>0</a:double></Value></Attribute><Attribute z:Id="i309"><AttributeType>rpy</AttributeType><IsRequired>true</IsRequired><Value i:type="a:ArrayOfdouble" xmlns:a="http://schemas.microsoft.com/2003/10/Serialization/Arrays"><a:double>0</a:double><a:double>0</a:double><a:double>0</a:double></Value></Attribute></Attributes><ChildElements/><ElementName>origin</ElementName><required>false</required><RPYAttribute z:Ref="i309"/><XYZAttribute z:Ref="i308"/><isCustomized>false</isCustomized></URDFElement><URDFElement z:Id="i310" i:type="ParentLink"><Attributes><Attribute z:Id="i311"><AttributeType>link</AttributeType><IsRequired>true</IsRequired><Value i:type="a:string" xmlns:a="http://www.w3.org/2001/XMLSchema"/></Attribute></Attributes><ChildElements/><ElementName>parent</ElementName><required>true</required><NameAttribute z:Ref="i311"/></URDFElement><URDFElement z:Id="i312" i:type="ChildLink"><Attributes><Attribute z:Id="i313"><AttributeType>link</AttributeType><IsRequired>true</IsRequired><Value i:type="a:string" xmlns:a="http://www.w3.org/2001/XMLSchema"/></Attribute></Attributes><ChildElements/><ElementName>child</ElementName><required>true</required><NameAttribute z:Ref="i313"/></URDFElement><URDFElement z:Id="i314" i:type="Axis"><Attributes><Attribute z:Id="i315"><AttributeType>xyz</AttributeType><IsRequired>true</IsRequired><Value i:type="a:ArrayOfdouble" xmlns:a="http://schemas.microsoft.com/2003/10/Serialization/Arrays"><a:double>0</a:double><a:double>0</a:double><a:double>0</a:double></Value></Attribute></Attributes><ChildElements/><ElementName>axis</ElementName><required>false</required><XYZAttribute z:Ref="i315"/></URDFElement><URDFElement z:Id="i316" i:type="Limit"><Attributes><Attribute z:Id="i317"><AttributeType>lower</AttributeType><IsRequired>false</IsRequired><Value i:nil="true"/></Attribute><Attribute z:Id="i318"><AttributeType>upper</AttributeType><IsRequired>false</IsRequired><Value i:nil="true"/></Attribute><Attribute z:Id="i319"><AttributeType>effort</AttributeType><IsRequired>true</IsRequired><Value i:nil="true"/></Attribute><Attribute z:Id="i320"><AttributeType>velocity</AttributeType><IsRequired>true</IsRequired><Value i:nil="true"/></Attribute></Attributes><ChildElements/><ElementName>limit</ElementName><required>false</required><EffortAttribute z:Ref="i319"/><LowerAttribute z:Ref="i317"/><UpperAttribute z:Ref="i318"/><VelocityAttribute z:Ref="i320"/></URDFElement><URDFElement z:Id="i321" i:type="Calibration"><Attributes><Attribute z:Id="i322"><AttributeType>rising</AttributeType><IsRequired>false</IsRequired><Value i:nil="true"/></Attribute><Attribute z:Id="i323"><AttributeType>falling</AttributeType><IsRequired>false</IsRequired><Value i:nil="true"/></Attribute></Attributes><ChildElements/><ElementName>calibration</ElementName><required>false</required><FallingAttribute z:Ref="i323"/><RisingAttribute z:Ref="i322"/></URDFElement><URDFElement z:Id="i324" i:type="Dynamics"><Attributes><Attribute z:Id="i325"><AttributeType>damping</AttributeType><IsRequired>false</IsRequired><Value i:nil="true"/></Attribute><Attribute z:Id="i326"><AttributeType>friction</AttributeType><IsRequired>false</IsRequired><Value i:nil="true"/></Attribute></Attributes><ChildElements/><ElementName>dynamics</ElementName><required>false</required><DampingAttribute z:Ref="i325"/><FrictionAttribute z:Ref="i326"/></URDFElement><URDFElement z:Id="i327" i:type="SafetyController"><Attributes><Attribute z:Id="i328"><AttributeType>soft_upper_limit</AttributeType><IsRequired>false</IsRequired><Value i:nil="true"/></Attribute><Attribute z:Id="i329"><AttributeType>soft_lower_limit</AttributeType><IsRequired>false</IsRequired><Value i:nil="true"/></Attribute><Attribute z:Id="i330"><AttributeType>k_position</AttributeType><IsRequired>false</IsRequired><Value i:nil="true"/></Attribute><Attribute z:Id="i331"><AttributeType>k_velocity</AttributeType><IsRequired>true</IsRequired><Value i:nil="true"/></Attribute></Attributes><ChildElements/><ElementName>safety_controller</ElementName><required>false</required><KPositionAttribute z:Ref="i330"/><KVelocityAttribute z:Ref="i331"/><SoftLowerAttribute z:Ref="i329"/><SoftUpperAttribute z:Ref="i328"/></URDFElement><URDFElement z:Id="i332" i:type="Mimic"><Attributes><Attribute z:Id="i333"><AttributeType>joint</AttributeType><IsRequired>true</IsRequired><Value i:nil="true"/></Attribute><Attribute z:Id="i334"><AttributeType>multiplier</AttributeType><IsRequired>false</IsRequired><Value i:nil="true"/></Attribute><Attribute z:Id="i335"><AttributeType>offset</AttributeType><IsRequired>false</IsRequired><Value i:nil="true"/></Attribute></Attributes><ChildElements/><ElementName>mimic</ElementName><required>false</required><JointNameAttribute z:Ref="i333"/><MultiplierAttribute z:Ref="i334"/><OffsetAttribute z:Ref="i335"/></URDFElement></ChildElements><ElementName>joint</ElementName><required>false</required><Axis z:Ref="i314"/><AxisName>?????????4</AxisName><Calibration z:Ref="i321"/><Child z:Ref="i312"/><CoordinateSystemName>Automatically Generate</CoordinateSystemName><Dynamics z:Ref="i324"/><Limit z:Ref="i316"/><Mimic z:Ref="i332"/><NameAttribute z:Ref="i305"/><Origin z:Ref="i307"/><Parent z:Ref="i310"/><Safety z:Ref="i327"/><TypeAttribute z:Ref="i306"/></URDFElement></ChildElements><ElementName>link</ElementName><required>true</required><Children><Link z:Id="i336"><Attributes><Attribute z:Id="i337"><AttributeType>name</AttributeType><IsRequired>true</IsRequired><Value i:type="a:string" xmlns:a="http://www.w3.org/2001/XMLSchema">ForeArm_Down</Value></Attribute></Attributes><ChildElements><URDFElement z:Id="i338" i:type="Inertial"><Attributes/><ChildElements><URDFElement z:Id="i339" i:type="Origin"><Attributes><Attribute z:Id="i340"><AttributeType>xyz</AttributeType><IsRequired>true</IsRequired><Value i:type="a:ArrayOfdouble" xmlns:a="http://schemas.microsoft.com/2003/10/Serialization/Arrays"><a:double>0</a:double><a:double>0</a:double><a:double>0</a:double></Value></Attribute><Attribute z:Id="i341"><AttributeType>rpy</AttributeType><IsRequired>true</IsRequired><Value i:type="a:ArrayOfdouble" xmlns:a="http://schemas.microsoft.com/2003/10/Serialization/Arrays"><a:double>0</a:double><a:double>0</a:double><a:double>0</a:double></Value></Attribute></Attributes><ChildElements/><ElementName>origin</ElementName><required>false</required><RPYAttribute z:Ref="i341"/><XYZAttribute z:Ref="i340"/><isCustomized>false</isCustomized></URDFElement><URDFElement z:Id="i342" i:type="Mass"><Attributes><Attribute z:Id="i343"><AttributeType>value</AttributeType><IsRequired>true</IsRequired><Value i:type="a:double" xmlns:a="http://www.w3.org/2001/XMLSchema">0</Value></Attribute></Attributes><ChildElements/><ElementName>mass</ElementName><required>false</required><ValueAttribute z:Ref="i343"/></URDFElement><URDFElement z:Id="i344" i:type="Inertia"><Attributes><Attribute z:Id="i345"><AttributeType>ixx</AttributeType><IsRequired>true</IsRequired><Value i:type="a:double" xmlns:a="http://www.w3.org/2001/XMLSchema">0</Value></Attribute><Attribute z:Id="i346"><AttributeType>ixy</AttributeType><IsRequired>true</IsRequired><Value i:type="a:double" xmlns:a="http://www.w3.org/2001/XMLSchema">0</Value></Attribute><Attribute z:Id="i347"><AttributeType>ixz</AttributeType><IsRequired>true</IsRequired><Value i:type="a:double" xmlns:a="http://www.w3.org/2001/XMLSchema">0</Value></Attribute><Attribute z:Id="i348"><AttributeType>iyy</AttributeType><IsRequired>true</IsRequired><Value i:type="a:double" xmlns:a="http://www.w3.org/2001/XMLSchema">0</Value></Attribute><Attribute z:Id="i349"><AttributeType>iyz</AttributeType><IsRequired>true</IsRequired><Value i:type="a:double" xmlns:a="http://www.w3.org/2001/XMLSchema">0</Value></Attribute><Attribute z:Id="i350"><AttributeType>izz</AttributeType><IsRequired>true</IsRequired><Value i:type="a:double" xmlns:a="http://www.w3.org/2001/XMLSchema">0</Value></Attribute></Attributes><ChildElements/><ElementName>inertia</ElementName><required>false</required><IxxAttribute z:Ref="i345"/><IxyAttribute z:Ref="i346"/><IxzAttribute z:Ref="i347"/><IyyAttribute z:Ref="i348"/><IyzAttribute z:Ref="i349"/><IzzAttribute z:Ref="i350"/></URDFElement></ChildElements><ElementName>inertial</ElementName><required>false</required><Inertia z:Ref="i344"/><Mass z:Ref="i342"/><Origin z:Ref="i339"/></URDFElement><URDFElement z:Id="i351" i:type="Visual"><Attributes/><ChildElements><URDFElement z:Id="i352" i:type="Origin"><Attributes><Attribute z:Id="i353"><AttributeType>xyz</AttributeType><IsRequired>true</IsRequired><Value i:type="a:ArrayOfdouble" xmlns:a="http://schemas.microsoft.com/2003/10/Serialization/Arrays"><a:double>0</a:double><a:double>0</a:double><a:double>0</a:double></Value></Attribute><Attribute z:Id="i354"><AttributeType>rpy</AttributeType><IsRequired>true</IsRequired><Value i:type="a:ArrayOfdouble" xmlns:a="http://schemas.microsoft.com/2003/10/Serialization/Arrays"><a:double>0</a:double><a:double>0</a:double><a:double>0</a:double></Value></Attribute></Attributes><ChildElements/><ElementName>origin</ElementName><required>false</required><RPYAttribute z:Ref="i354"/><XYZAttribute z:Ref="i353"/><isCustomized>false</isCustomized></URDFElement><URDFElement z:Id="i355" i:type="Geometry"><Attributes/><ChildElements><URDFElement z:Id="i356" i:type="Mesh"><Attributes><Attribute z:Id="i357"><AttributeType>filename</AttributeType><IsRequired>true</IsRequired><Value i:nil="true"/></Attribute></Attributes><ChildElements/><ElementName>mesh</ElementName><required>false</required><FilenameAttribute z:Ref="i357"/></URDFElement></ChildElements><ElementName>geometry</ElementName><required>true</required><Mesh z:Ref="i356"/></URDFElement><URDFElement z:Id="i358" i:type="Material"><Attributes><Attribute z:Id="i359"><AttributeType>name</AttributeType><IsRequired>true</IsRequired><Value i:type="a:string" xmlns:a="http://www.w3.org/2001/XMLSchema"/></Attribute></Attributes><ChildElements><URDFElement z:Id="i360" i:type="Color"><Attributes><Attribute z:Id="i361"><AttributeType>rgba</AttributeType><IsRequired>true</IsRequired><Value i:type="a:ArrayOfdouble" xmlns:a="http://schemas.microsoft.com/2003/10/Serialization/Arrays"><a:double>1</a:double><a:double>1</a:double><a:double>1</a:double><a:double>1</a:double></Value></Attribute></Attributes><ChildElements/><ElementName>color</ElementName><required>false</required><RGBAAttribute z:Ref="i361"/></URDFElement><URDFElement z:Id="i362" i:type="Texture"><Attributes><Attribute z:Id="i363"><AttributeType>filename</AttributeType><IsRequired>true</IsRequired><Value i:nil="true"/></Attribute></Attributes><ChildElements/><ElementName>texture</ElementName><required>false</required><FilenameAttribute z:Ref="i363"/><wFilename/></URDFElement></ChildElements><ElementName>material</ElementName><required>false</required><Color z:Ref="i360"/><NameAttribute z:Ref="i359"/><Texture z:Ref="i362"/></URDFElement></ChildElements><ElementName>visual</ElementName><required>false</required><Geometry z:Ref="i355"/><Material z:Ref="i358"/><Origin z:Ref="i352"/></URDFElement><URDFElement z:Id="i364" i:type="Collision"><Attributes/><ChildElements><URDFElement z:Id="i365" i:type="Origin"><Attributes><Attribute z:Id="i366"><AttributeType>xyz</AttributeType><IsRequired>true</IsRequired><Value i:type="a:ArrayOfdouble" xmlns:a="http://schemas.microsoft.com/2003/10/Serialization/Arrays"><a:double>0</a:double><a:double>0</a:double><a:double>0</a:double></Value></Attribute><Attribute z:Id="i367"><AttributeType>rpy</AttributeType><IsRequired>true</IsRequired><Value i:type="a:ArrayOfdouble" xmlns:a="http://schemas.microsoft.com/2003/10/Serialization/Arrays"><a:double>0</a:double><a:double>0</a:double><a:double>0</a:double></Value></Attribute></Attributes><ChildElements/><ElementName>origin</ElementName><required>false</required><RPYAttribute z:Ref="i367"/><XYZAttribute z:Ref="i366"/><isCustomized>false</isCustomized></URDFElement><URDFElement z:Id="i368" i:type="Geometry"><Attributes/><ChildElements><URDFElement z:Id="i369" i:type="Mesh"><Attributes><Attribute z:Id="i370"><AttributeType>filename</AttributeType><IsRequired>true</IsRequired><Value i:nil="true"/></Attribute></Attributes><ChildElements/><ElementName>mesh</ElementName><required>false</required><FilenameAttribute z:Ref="i370"/></URDFElement></ChildElements><ElementName>geometry</ElementName><required>true</required><Mesh z:Ref="i369"/></URDFElement></ChildElements><ElementName>collision</ElementName><required>false</required><Geometry z:Ref="i368"/><Origin z:Ref="i365"/></URDFElement><URDFElement z:Id="i371" i:type="Joint"><Attributes><Attribute z:Id="i372"><AttributeType>name</AttributeType><IsRequired>true</IsRequired><Value i:type="a:string" xmlns:a="http://www.w3.org/2001/XMLSchema">ForeArm_Down</Value></Attribute><Attribute z:Id="i373"><AttributeType>type</AttributeType><IsRequired>true</IsRequired><Value i:type="a:string" xmlns:a="http://www.w3.org/2001/XMLSchema">Automatically Detect</Value></Attribute></Attributes><ChildElements><URDFElement z:Id="i374" i:type="Origin"><Attributes><Attribute z:Id="i375"><AttributeType>xyz</AttributeType><IsRequired>true</IsRequired><Value i:type="a:ArrayOfdouble" xmlns:a="http://schemas.microsoft.com/2003/10/Serialization/Arrays"><a:double>0</a:double><a:double>0</a:double><a:double>0</a:double></Value></Attribute><Attribute z:Id="i376"><AttributeType>rpy</AttributeType><IsRequired>true</IsRequired><Value i:type="a:ArrayOfdouble" xmlns:a="http://schemas.microsoft.com/2003/10/Serialization/Arrays"><a:double>0</a:double><a:double>0</a:double><a:double>0</a:double></Value></Attribute></Attributes><ChildElements/><ElementName>origin</ElementName><required>false</required><RPYAttribute z:Ref="i376"/><XYZAttribute z:Ref="i375"/><isCustomized>false</isCustomized></URDFElement><URDFElement z:Id="i377" i:type="ParentLink"><Attributes><Attribute z:Id="i378"><AttributeType>link</AttributeType><IsRequired>true</IsRequired><Value i:type="a:string" xmlns:a="http://www.w3.org/2001/XMLSchema"/></Attribute></Attributes><ChildElements/><ElementName>parent</ElementName><required>true</required><NameAttribute z:Ref="i378"/></URDFElement><URDFElement z:Id="i379" i:type="ChildLink"><Attributes><Attribute z:Id="i380"><AttributeType>link</AttributeType><IsRequired>true</IsRequired><Value i:type="a:string" xmlns:a="http://www.w3.org/2001/XMLSchema"/></Attribute></Attributes><ChildElements/><ElementName>child</ElementName><required>true</required><NameAttribute z:Ref="i380"/></URDFElement><URDFElement z:Id="i381" i:type="Axis"><Attributes><Attribute z:Id="i382"><AttributeType>xyz</AttributeType><IsRequired>true</IsRequired><Value i:type="a:ArrayOfdouble" xmlns:a="http://schemas.microsoft.com/2003/10/Serialization/Arrays"><a:double>0</a:double><a:double>0</a:double><a:double>0</a:double></Value></Attribute></Attributes><ChildElements/><ElementName>axis</ElementName><required>false</required><XYZAttribute z:Ref="i382"/></URDFElement><URDFElement z:Id="i383" i:type="Limit"><Attributes><Attribute z:Id="i384"><AttributeType>lower</AttributeType><IsRequired>false</IsRequired><Value i:nil="true"/></Attribute><Attribute z:Id="i385"><AttributeType>upper</AttributeType><IsRequired>false</IsRequired><Value i:nil="true"/></Attribute><Attribute z:Id="i386"><AttributeType>effort</AttributeType><IsRequired>true</IsRequired><Value i:nil="true"/></Attribute><Attribute z:Id="i387"><AttributeType>velocity</AttributeType><IsRequired>true</IsRequired><Value i:nil="true"/></Attribute></Attributes><ChildElements/><ElementName>limit</ElementName><required>false</required><EffortAttribute z:Ref="i386"/><LowerAttribute z:Ref="i384"/><UpperAttribute z:Ref="i385"/><VelocityAttribute z:Ref="i387"/></URDFElement><URDFElement z:Id="i388" i:type="Calibration"><Attributes><Attribute z:Id="i389"><AttributeType>rising</AttributeType><IsRequired>false</IsRequired><Value i:nil="true"/></Attribute><Attribute z:Id="i390"><AttributeType>falling</AttributeType><IsRequired>false</IsRequired><Value i:nil="true"/></Attribute></Attributes><ChildElements/><ElementName>calibration</ElementName><required>false</required><FallingAttribute z:Ref="i390"/><RisingAttribute z:Ref="i389"/></URDFElement><URDFElement z:Id="i391" i:type="Dynamics"><Attributes><Attribute z:Id="i392"><AttributeType>damping</AttributeType><IsRequired>false</IsRequired><Value i:nil="true"/></Attribute><Attribute z:Id="i393"><AttributeType>friction</AttributeType><IsRequired>false</IsRequired><Value i:nil="true"/></Attribute></Attributes><ChildElements/><ElementName>dynamics</ElementName><required>false</required><DampingAttribute z:Ref="i392"/><FrictionAttribute z:Ref="i393"/></URDFElement><URDFElement z:Id="i394" i:type="SafetyController"><Attributes><Attribute z:Id="i395"><AttributeType>soft_upper_limit</AttributeType><IsRequired>false</IsRequired><Value i:nil="true"/></Attribute><Attribute z:Id="i396"><AttributeType>soft_lower_limit</AttributeType><IsRequired>false</IsRequired><Value i:nil="true"/></Attribute><Attribute z:Id="i397"><AttributeType>k_position</AttributeType><IsRequired>false</IsRequired><Value i:nil="true"/></Attribute><Attribute z:Id="i398"><AttributeType>k_velocity</AttributeType><IsRequired>true</IsRequired><Value i:nil="true"/></Attribute></Attributes><ChildElements/><ElementName>safety_controller</ElementName><required>false</required><KPositionAttribute z:Ref="i397"/><KVelocityAttribute z:Ref="i398"/><SoftLowerAttribute z:Ref="i396"/><SoftUpperAttribute z:Ref="i395"/></URDFElement><URDFElement z:Id="i399" i:type="Mimic"><Attributes><Attribute z:Id="i400"><AttributeType>joint</AttributeType><IsRequired>true</IsRequired><Value i:nil="true"/></Attribute><Attribute z:Id="i401"><AttributeType>multiplier</AttributeType><IsRequired>false</IsRequired><Value i:nil="true"/></Attribute><Attribute z:Id="i402"><AttributeType>offset</AttributeType><IsRequired>false</IsRequired><Value i:nil="true"/></Attribute></Attributes><ChildElements/><ElementName>mimic</ElementName><required>false</required><JointNameAttribute z:Ref="i400"/><MultiplierAttribute z:Ref="i401"/><OffsetAttribute z:Ref="i402"/></URDFElement></ChildElements><ElementName>joint</ElementName><required>false</required><Axis z:Ref="i381"/><AxisName>?????????5</AxisName><Calibration z:Ref="i388"/><Child z:Ref="i379"/><CoordinateSystemName>Automatically Generate</CoordinateSystemName><Dynamics z:Ref="i391"/><Limit z:Ref="i383"/><Mimic z:Ref="i399"/><NameAttribute z:Ref="i372"/><Origin z:Ref="i374"/><Parent z:Ref="i377"/><Safety z:Ref="i394"/><TypeAttribute z:Ref="i373"/></URDFElement></ChildElements><ElementName>link</ElementName><required>true</required><Children><Link z:Id="i403"><Attributes><Attribute z:Id="i404"><AttributeType>name</AttributeType><IsRequired>true</IsRequired><Value i:type="a:string" xmlns:a="http://www.w3.org/2001/XMLSchema">Wrist</Value></Attribute></Attributes><ChildElements><URDFElement z:Id="i405" i:type="Inertial"><Attributes/><ChildElements><URDFElement z:Id="i406" i:type="Origin"><Attributes><Attribute z:Id="i407"><AttributeType>xyz</AttributeType><IsRequired>true</IsRequired><Value i:type="a:ArrayOfdouble" xmlns:a="http://schemas.microsoft.com/2003/10/Serialization/Arrays"><a:double>0</a:double><a:double>0</a:double><a:double>0</a:double></Value></Attribute><Attribute z:Id="i408"><AttributeType>rpy</AttributeType><IsRequired>true</IsRequired><Value i:type="a:ArrayOfdouble" xmlns:a="http://schemas.microsoft.com/2003/10/Serialization/Arrays"><a:double>0</a:double><a:double>0</a:double><a:double>0</a:double></Value></Attribute></Attributes><ChildElements/><ElementName>origin</ElementName><required>false</required><RPYAttribute z:Ref="i408"/><XYZAttribute z:Ref="i407"/><isCustomized>false</isCustomized></URDFElement><URDFElement z:Id="i409" i:type="Mass"><Attributes><Attribute z:Id="i410"><AttributeType>value</AttributeType><IsRequired>true</IsRequired><Value i:type="a:double" xmlns:a="http://www.w3.org/2001/XMLSchema">0</Value></Attribute></Attributes><ChildElements/><ElementName>mass</ElementName><required>false</required><ValueAttribute z:Ref="i410"/></URDFElement><URDFElement z:Id="i411" i:type="Inertia"><Attributes><Attribute z:Id="i412"><AttributeType>ixx</AttributeType><IsRequired>true</IsRequired><Value i:type="a:double" xmlns:a="http://www.w3.org/2001/XMLSchema">0</Value></Attribute><Attribute z:Id="i413"><AttributeType>ixy</AttributeType><IsRequired>true</IsRequired><Value i:type="a:double" xmlns:a="http://www.w3.org/2001/XMLSchema">0</Value></Attribute><Attribute z:Id="i414"><AttributeType>ixz</AttributeType><IsRequired>true</IsRequired><Value i:type="a:double" xmlns:a="http://www.w3.org/2001/XMLSchema">0</Value></Attribute><Attribute z:Id="i415"><AttributeType>iyy</AttributeType><IsRequired>true</IsRequired><Value i:type="a:double" xmlns:a="http://www.w3.org/2001/XMLSchema">0</Value></Attribute><Attribute z:Id="i416"><AttributeType>iyz</AttributeType><IsRequired>true</IsRequired><Value i:type="a:double" xmlns:a="http://www.w3.org/2001/XMLSchema">0</Value></Attribute><Attribute z:Id="i417"><AttributeType>izz</AttributeType><IsRequired>true</IsRequired><Value i:type="a:double" xmlns:a="http://www.w3.org/2001/XMLSchema">0</Value></Attribute></Attributes><ChildElements/><ElementName>inertia</ElementName><required>false</required><IxxAttribute z:Ref="i412"/><IxyAttribute z:Ref="i413"/><IxzAttribute z:Ref="i414"/><IyyAttribute z:Ref="i415"/><IyzAttribute z:Ref="i416"/><IzzAttribute z:Ref="i417"/></URDFElement></ChildElements><ElementName>inertial</ElementName><required>false</required><Inertia z:Ref="i411"/><Mass z:Ref="i409"/><Origin z:Ref="i406"/></URDFElement><URDFElement z:Id="i418" i:type="Visual"><Attributes/><ChildElements><URDFElement z:Id="i419" i:type="Origin"><Attributes><Attribute z:Id="i420"><AttributeType>xyz</AttributeType><IsRequired>true</IsRequired><Value i:type="a:ArrayOfdouble" xmlns:a="http://schemas.microsoft.com/2003/10/Serialization/Arrays"><a:double>0</a:double><a:double>0</a:double><a:double>0</a:double></Value></Attribute><Attribute z:Id="i421"><AttributeType>rpy</AttributeType><IsRequired>true</IsRequired><Value i:type="a:ArrayOfdouble" xmlns:a="http://schemas.microsoft.com/2003/10/Serialization/Arrays"><a:double>0</a:double><a:double>0</a:double><a:double>0</a:double></Value></Attribute></Attributes><ChildElements/><ElementName>origin</ElementName><required>false</required><RPYAttribute z:Ref="i421"/><XYZAttribute z:Ref="i420"/><isCustomized>false</isCustomized></URDFElement><URDFElement z:Id="i422" i:type="Geometry"><Attributes/><ChildElements><URDFElement z:Id="i423" i:type="Mesh"><Attributes><Attribute z:Id="i424"><AttributeType>filename</AttributeType><IsRequired>true</IsRequired><Value i:nil="true"/></Attribute></Attributes><ChildElements/><ElementName>mesh</ElementName><required>false</required><FilenameAttribute z:Ref="i424"/></URDFElement></ChildElements><ElementName>geometry</ElementName><required>true</required><Mesh z:Ref="i423"/></URDFElement><URDFElement z:Id="i425" i:type="Material"><Attributes><Attribute z:Id="i426"><AttributeType>name</AttributeType><IsRequired>true</IsRequired><Value i:type="a:string" xmlns:a="http://www.w3.org/2001/XMLSchema"/></Attribute></Attributes><ChildElements><URDFElement z:Id="i427" i:type="Color"><Attributes><Attribute z:Id="i428"><AttributeType>rgba</AttributeType><IsRequired>true</IsRequired><Value i:type="a:ArrayOfdouble" xmlns:a="http://schemas.microsoft.com/2003/10/Serialization/Arrays"><a:double>1</a:double><a:double>1</a:double><a:double>1</a:double><a:double>1</a:double></Value></Attribute></Attributes><ChildElements/><ElementName>color</ElementName><required>false</required><RGBAAttribute z:Ref="i428"/></URDFElement><URDFElement z:Id="i429" i:type="Texture"><Attributes><Attribute z:Id="i430"><AttributeType>filename</AttributeType><IsRequired>true</IsRequired><Value i:nil="true"/></Attribute></Attributes><ChildElements/><ElementName>texture</ElementName><required>false</required><FilenameAttribute z:Ref="i430"/><wFilename/></URDFElement></ChildElements><ElementName>material</ElementName><required>false</required><Color z:Ref="i427"/><NameAttribute z:Ref="i426"/><Texture z:Ref="i429"/></URDFElement></ChildElements><ElementName>visual</ElementName><required>false</required><Geometry z:Ref="i422"/><Material z:Ref="i425"/><Origin z:Ref="i419"/></URDFElement><URDFElement z:Id="i431" i:type="Collision"><Attributes/><ChildElements><URDFElement z:Id="i432" i:type="Origin"><Attributes><Attribute z:Id="i433"><AttributeType>xyz</AttributeType><IsRequired>true</IsRequired><Value i:type="a:ArrayOfdouble" xmlns:a="http://schemas.microsoft.com/2003/10/Serialization/Arrays"><a:double>0</a:double><a:double>0</a:double><a:double>0</a:double></Value></Attribute><Attribute z:Id="i434"><AttributeType>rpy</AttributeType><IsRequired>true</IsRequired><Value i:type="a:ArrayOfdouble" xmlns:a="http://schemas.microsoft.com/2003/10/Serialization/Arrays"><a:double>0</a:double><a:double>0</a:double><a:double>0</a:double></Value></Attribute></Attributes><ChildElements/><ElementName>origin</ElementName><required>false</required><RPYAttribute z:Ref="i434"/><XYZAttribute z:Ref="i433"/><isCustomized>false</isCustomized></URDFElement><URDFElement z:Id="i435" i:type="Geometry"><Attributes/><ChildElements><URDFElement z:Id="i436" i:type="Mesh"><Attributes><Attribute z:Id="i437"><AttributeType>filename</AttributeType><IsRequired>true</IsRequired><Value i:nil="true"/></Attribute></Attributes><ChildElements/><ElementName>mesh</ElementName><required>false</required><FilenameAttribute z:Ref="i437"/></URDFElement></ChildElements><ElementName>geometry</ElementName><required>true</required><Mesh z:Ref="i436"/></URDFElement></ChildElements><ElementName>collision</ElementName><required>false</required><Geometry z:Ref="i435"/><Origin z:Ref="i432"/></URDFElement><URDFElement z:Id="i438" i:type="Joint"><Attributes><Attribute z:Id="i439"><AttributeType>name</AttributeType><IsRequired>true</IsRequired><Value i:type="a:string" xmlns:a="http://www.w3.org/2001/XMLSchema">Wrist</Value></Attribute><Attribute z:Id="i440"><AttributeType>type</AttributeType><IsRequired>true</IsRequired><Value i:type="a:string" xmlns:a="http://www.w3.org/2001/XMLSchema">Automatically Detect</Value></Attribute></Attributes><ChildElements><URDFElement z:Id="i441" i:type="Origin"><Attributes><Attribute z:Id="i442"><AttributeType>xyz</AttributeType><IsRequired>true</IsRequired><Value i:type="a:ArrayOfdouble" xmlns:a="http://schemas.microsoft.com/2003/10/Serialization/Arrays"><a:double>0</a:double><a:double>0</a:double><a:double>0</a:double></Value></Attribute><Attribute z:Id="i443"><AttributeType>rpy</AttributeType><IsRequired>true</IsRequired><Value i:type="a:ArrayOfdouble" xmlns:a="http://schemas.microsoft.com/2003/10/Serialization/Arrays"><a:double>0</a:double><a:double>0</a:double><a:double>0</a:double></Value></Attribute></Attributes><ChildElements/><ElementName>origin</ElementName><required>false</required><RPYAttribute z:Ref="i443"/><XYZAttribute z:Ref="i442"/><isCustomized>false</isCustomized></URDFElement><URDFElement z:Id="i444" i:type="ParentLink"><Attributes><Attribute z:Id="i445"><AttributeType>link</AttributeType><IsRequired>true</IsRequired><Value i:type="a:string" xmlns:a="http://www.w3.org/2001/XMLSchema"/></Attribute></Attributes><ChildElements/><ElementName>parent</ElementName><required>true</required><NameAttribute z:Ref="i445"/></URDFElement><URDFElement z:Id="i446" i:type="ChildLink"><Attributes><Attribute z:Id="i447"><AttributeType>link</AttributeType><IsRequired>true</IsRequired><Value i:type="a:string" xmlns:a="http://www.w3.org/2001/XMLSchema"/></Attribute></Attributes><ChildElements/><ElementName>child</ElementName><required>true</required><NameAttribute z:Ref="i447"/></URDFElement><URDFElement z:Id="i448" i:type="Axis"><Attributes><Attribute z:Id="i449"><AttributeType>xyz</AttributeType><IsRequired>true</IsRequired><Value i:type="a:ArrayOfdouble" xmlns:a="http://schemas.microsoft.com/2003/10/Serialization/Arrays"><a:double>0</a:double><a:double>0</a:double><a:double>0</a:double></Value></Attribute></Attributes><ChildElements/><ElementName>axis</ElementName><required>false</required><XYZAttribute z:Ref="i449"/></URDFElement><URDFElement z:Id="i450" i:type="Limit"><Attributes><Attribute z:Id="i451"><AttributeType>lower</AttributeType><IsRequired>false</IsRequired><Value i:nil="true"/></Attribute><Attribute z:Id="i452"><AttributeType>upper</AttributeType><IsRequired>false</IsRequired><Value i:nil="true"/></Attribute><Attribute z:Id="i453"><AttributeType>effort</AttributeType><IsRequired>true</IsRequired><Value i:nil="true"/></Attribute><Attribute z:Id="i454"><AttributeType>velocity</AttributeType><IsRequired>true</IsRequired><Value i:nil="true"/></Attribute></Attributes><ChildElements/><ElementName>limit</ElementName><required>false</required><EffortAttribute z:Ref="i453"/><LowerAttribute z:Ref="i451"/><UpperAttribute z:Ref="i452"/><VelocityAttribute z:Ref="i454"/></URDFElement><URDFElement z:Id="i455" i:type="Calibration"><Attributes><Attribute z:Id="i456"><AttributeType>rising</AttributeType><IsRequired>false</IsRequired><Value i:nil="true"/></Attribute><Attribute z:Id="i457"><AttributeType>falling</AttributeType><IsRequired>false</IsRequired><Value i:nil="true"/></Attribute></Attributes><ChildElements/><ElementName>calibration</ElementName><required>false</required><FallingAttribute z:Ref="i457"/><RisingAttribute z:Ref="i456"/></URDFElement><URDFElement z:Id="i458" i:type="Dynamics"><Attributes><Attribute z:Id="i459"><AttributeType>damping</AttributeType><IsRequired>false</IsRequired><Value i:nil="true"/></Attribute><Attribute z:Id="i460"><AttributeType>friction</AttributeType><IsRequired>false</IsRequired><Value i:nil="true"/></Attribute></Attributes><ChildElements/><ElementName>dynamics</ElementName><required>false</required><DampingAttribute z:Ref="i459"/><FrictionAttribute z:Ref="i460"/></URDFElement><URDFElement z:Id="i461" i:type="SafetyController"><Attributes><Attribute z:Id="i462"><AttributeType>soft_upper_limit</AttributeType><IsRequired>false</IsRequired><Value i:nil="true"/></Attribute><Attribute z:Id="i463"><AttributeType>soft_lower_limit</AttributeType><IsRequired>false</IsRequired><Value i:nil="true"/></Attribute><Attribute z:Id="i464"><AttributeType>k_position</AttributeType><IsRequired>false</IsRequired><Value i:nil="true"/></Attribute><Attribute z:Id="i465"><AttributeType>k_velocity</AttributeType><IsRequired>true</IsRequired><Value i:nil="true"/></Attribute></Attributes><ChildElements/><ElementName>safety_controller</ElementName><required>false</required><KPositionAttribute z:Ref="i464"/><KVelocityAttribute z:Ref="i465"/><SoftLowerAttribute z:Ref="i463"/><SoftUpperAttribute z:Ref="i462"/></URDFElement><URDFElement z:Id="i466" i:type="Mimic"><Attributes><Attribute z:Id="i467"><AttributeType>joint</AttributeType><IsRequired>true</IsRequired><Value i:nil="true"/></Attribute><Attribute z:Id="i468"><AttributeType>multiplier</AttributeType><IsRequired>false</IsRequired><Value i:nil="true"/></Attribute><Attribute z:Id="i469"><AttributeType>offset</AttributeType><IsRequired>false</IsRequired><Value i:nil="true"/></Attribute></Attributes><ChildElements/><ElementName>mimic</ElementName><required>false</required><JointNameAttribute z:Ref="i467"/><MultiplierAttribute z:Ref="i468"/><OffsetAttribute z:Ref="i469"/></URDFElement></ChildElements><ElementName>joint</ElementName><required>false</required><Axis z:Ref="i448"/><AxisName>?????????6</AxisName><Calibration z:Ref="i455"/><Child z:Ref="i446"/><CoordinateSystemName>Automatically Generate</CoordinateSystemName><Dynamics z:Ref="i458"/><Limit z:Ref="i450"/><Mimic z:Ref="i466"/><NameAttribute z:Ref="i439"/><Origin z:Ref="i441"/><Parent z:Ref="i444"/><Safety z:Ref="i461"/><TypeAttribute z:Ref="i440"/></URDFElement></ChildElements><ElementName>link</ElementName><required>true</required><Children/><Collision z:Ref="i431"/><Inertial z:Ref="i405"/><Joint z:Ref="i438"/><NameAttribute z:Ref="i404"/><Parent z:Ref="i336"/><STLQualityFine>false</STLQualityFine><SWComponentPIDs xmlns:a="http://schemas.microsoft.com/2003/10/Serialization/Arrays"><a:base64Binary>OEoAAAUAAAD//v8hqG0nfVdZWgAyADEAIAA4AFgAMQA4AFgAMQAxACAAUgBFAEYALQAxAEAAQQByAG0AXwBBAHMAcwBlAG0AYgBsAGUABAAAABAAAAABAAAAAQAAAEIAAAA=</a:base64Binary><a:base64Binary>OEoAAAUAAAD//v8UVwByAGkAcwB0AC0AMQBAAEEAcgBtAF8AQQBzAHMAZQBtAGIAbABlAAQAAAAQAAAAAQAAAAEAAAAcAAAA</a:base64Binary><a:base64Binary>OEoAAAUAAAD//v8fRwByAGkAcABwAGUAcgBfAEEAcwBzAGUAbQBiAGwAeQAtADEAQABBAHIAbQBfAEEAcwBzAGUAbQBiAGwAZQAEAAAAEAAAAAEAAAABAAAAGQAAAA==</a:base64Binary></SWComponentPIDs><SWMainComponentPID i:nil="true"/><Visual z:Ref="i418"/><isFixedFrame>false</isFixedFrame><isIncomplete>false</isIncomplete></Link></Children><Collision z:Ref="i364"/><Inertial z:Ref="i338"/><Joint z:Ref="i371"/><NameAttribute z:Ref="i337"/><Parent z:Ref="i269"/><STLQualityFine>false</STLQualityFine><SWComponentPIDs xmlns:a="http://schemas.microsoft.com/2003/10/Serialization/Arrays"><a:base64Binary>OEoAAAUAAAD//v8gVIB0j2hWIABEADEAOQBkADQAIABMADIAMAAgAFIARQBGAC0AMQBAAEEAcgBtAF8AQQBzAHMAZQBtAGIAbABlAAQAAAAQAAAAAQAAAAEAAABbAAAA</a:base64Binary><a:base64Binary>OEoAAAUAAAD//v8ZRgBvAHIAZQBhAHIAbQAgAGQAbgAtADEAQABBAHIAbQBfAEEAcwBzAGUAbQBiAGwAZQAEAAAAEAAAAAEAAAABAAAASwAAAA==</a:base64Binary><a:base64Binary>OEoAAAUAAAD//v8hNAAyAM9RH5BoViAABlfVbHBRIAAATqd+H5DUayAAUgBFAEYALQAxAEAAQQByAG0AXwBBAHMAcwBlAG0AYgBsAGUABAAAABAAAAABAAAAAQAAAEYAAAA=</a:base64Binary><a:base64Binary>OEoAAAUAAAD//v8ocwBvAGMAawBlAHQAIABoAGUAYQBkACAAYwBhAHAAIABzAGMAcgBlAHcAXwBhAGkALQAxADMAQABBAHIAbQBfAEEAcwBzAGUAbQBiAGwAZQAEAAAAEAAAAAEAAAABAAAArgIAAA==</a:base64Binary><a:base64Binary>OEoAAAUAAAD//v8ocwBvAGMAawBlAHQAIABoAGUAYQBkACAAYwBhAHAAIABzAGMAcgBlAHcAXwBhAGkALQAxADQAQABBAHIAbQBfAEEAcwBzAGUAbQBiAGwAZQAEAAAAEAAAAAEAAAABAAAAsQIAAA==</a:base64Binary><a:base64Binary>OEoAAAUAAAD//v8ocwBvAGMAawBlAHQAIABoAGUAYQBkACAAYwBhAHAAIABzAGMAcgBlAHcAXwBhAGkALQAxADIAQABBAHIAbQBfAEEAcwBzAGUAbQBiAGwAZQAEAAAAEAAAAAEAAAABAAAAqwIAAA==</a:base64Binary><a:base64Binary>OEoAAAUAAAD//v8ocwBvAGMAawBlAHQAIABoAGUAYQBkACAAYwBhAHAAIABzAGMAcgBlAHcAXwBhAGkALQAxADEAQABBAHIAbQBfAEEAcwBzAGUAbQBiAGwAZQAEAAAAEAAAAAEAAAABAAAAqAIAAA==</a:base64Binary><a:base64Binary>OEoAAAUAAAD//v8kWgBEAFQAXwBYADQAMgBfAEwAMwA0AE0AbwB0AG8AcgAuAFMAVABFAFAALQAxAEAAQQByAG0AXwBBAHMAcwBlAG0AYgBsAGUABAAAABAAAAABAAAAAQAAAFEAAAA=</a:base64Binary></SWComponentPIDs><SWMainComponentPID i:nil="true"/><Visual z:Ref="i351"/><isFixedFrame>false</isFixedFrame><isIncomplete>false</isIncomplete></Link></Children><Collision z:Ref="i297"/><Inertial z:Ref="i271"/><Joint z:Ref="i304"/><NameAttribute z:Ref="i270"/><Parent z:Ref="i202"/><STLQualityFine>false</STLQualityFine><SWComponentPIDs xmlns:a="http://schemas.microsoft.com/2003/10/Serialization/Arrays"><a:base64Binary>OEoAAAUAAAD//v8gVIB0j2hWIABEADMAMgBkADgAIABMADIAOAAgAFIARQBGAC0AMwBAAEEAcgBtAF8AQQBzAHMAZQBtAGIAbABlAAQAAAAQAAAAAQAAAAEAAADbAgAA</a:base64Binary><a:base64Binary>OEoAAAUAAAD//v8mRgBvAHIAZQBhAHIAbQAgAHUAcAAgAC0AIABUgHSPaFZEADMAMgBkADgASHIsZy0AMQBAAEEAcgBtAF8AQQBzAHMAZQBtAGIAbABlAAQAAAAQAAAAAQAAAAEAAABhAAAA</a:base64Binary><a:base64Binary>OEoAAAUAAAD//v8kWgBEAFQAXwBYADQAMgBfAEwANAAwAE0AbwB0AG8AcgAuAFMAVABFAFAALQAxAEAAQQByAG0AXwBBAHMAcwBlAG0AYgBsAGUABAAAABAAAAABAAAAAQAAAFoAAAA=</a:base64Binary></SWComponentPIDs><SWMainComponentPID i:nil="true"/><Visual z:Ref="i284"/><isFixedFrame>false</isFixedFrame><isIncomplete>false</isIncomplete></Link></Children><Collision z:Ref="i230"/><Inertial z:Ref="i204"/><Joint z:Ref="i237"/><NameAttribute z:Ref="i203"/><Parent z:Ref="i135"/><STLQualityFine>false</STLQualityFine><SWComponentPIDs xmlns:a="http://schemas.microsoft.com/2003/10/Serialization/Arrays"><a:base64Binary>OEoAAAUAAAD//v8gVIB0j2hWIABEADMAMgBkADgAIABMADIAOAAgAFIARQBGAC0AMgBAAEEAcgBtAF8AQQBzAHMAZQBtAGIAbABlAAQAAAAQAAAAAQAAAAEAAADYAgAA</a:base64Binary><a:base64Binary>OEoAAAUAAAD//v8nVQBwAHAAZQByAGEAcgBtACAAZABuACAALQAgAFSAdI9oVkQAMwAyAGQAOABIcixnLQAxAEAAQQByAG0AXwBBAHMAcwBlAG0AYgBsAGUABAAAABAAAAABAAAAAQAAAG0AAAA=</a:base64Binary><a:base64Binary>OEoAAAUAAAD//v8hNAAyAM9RH5BoViAABlfVbHBRIAAATqd+H5DUayAAUgBFAEYALQAyAEAAQQByAG0AXwBBAHMAcwBlAG0AYgBsAGUABAAAABAAAAABAAAAAQAAAGkAAAA=</a:base64Binary><a:base64Binary>OEoAAAUAAAD//v8ncwBvAGMAawBlAHQAIABoAGUAYQBkACAAYwBhAHAAIABzAGMAcgBlAHcAXwBhAGkALQA4AEAAQQByAG0AXwBBAHMAcwBlAG0AYgBsAGUABAAAABAAAAABAAAAAQAAAJ8CAAA=</a:base64Binary><a:base64Binary>OEoAAAUAAAD//v8ncwBvAGMAawBlAHQAIABoAGUAYQBkACAAYwBhAHAAIABzAGMAcgBlAHcAXwBhAGkALQA5AEAAQQByAG0AXwBBAHMAcwBlAG0AYgBsAGUABAAAABAAAAABAAAAAQAAAKICAAA=</a:base64Binary><a:base64Binary>OEoAAAUAAAD//v8ncwBvAGMAawBlAHQAIABoAGUAYQBkACAAYwBhAHAAIABzAGMAcgBlAHcAXwBhAGkALQA3AEAAQQByAG0AXwBBAHMAcwBlAG0AYgBsAGUABAAAABAAAAABAAAAAQAAAJwCAAA=</a:base64Binary><a:base64Binary>OEoAAAUAAAD//v8ncwBvAGMAawBlAHQAIABoAGUAYQBkACAAYwBhAHAAIABzAGMAcgBlAHcAXwBhAGkALQA2AEAAQQByAG0AXwBBAHMAcwBlAG0AYgBsAGUABAAAABAAAAABAAAAAQAAAJkCAAA=</a:base64Binary><a:base64Binary>OEoAAAUAAAD//v8kWgBEAFQAXwBYADQAMgBfAEwANAA4AE0AbwB0AG8AcgAuAFMAVABFAFAALQAyAEAAQQByAG0AXwBBAHMAcwBlAG0AYgBsAGUABAAAABAAAAABAAAAAQAAAH8CAAA=</a:base64Binary></SWComponentPIDs><SWMainComponentPID i:nil="true"/><Visual z:Ref="i217"/><isFixedFrame>false</isFixedFrame><isIncomplete>false</isIncomplete></Link></Children><Collision z:Ref="i163"/><Inertial z:Ref="i137"/><Joint z:Ref="i170"/><NameAttribute z:Ref="i136"/><Parent z:Ref="i68"/><STLQualityFine>false</STLQualityFine><SWComponentPIDs xmlns:a="http://schemas.microsoft.com/2003/10/Serialization/Arrays"><a:base64Binary>OEoAAAUAAAD//v8nVQBwAHAAZQByAGEAcgBtACAAdQBwACAALQAgAFSAdI9oVkQAMwAyAGQAOABIcixnLQAxAEAAQQByAG0AXwBBAHMAcwBlAG0AYgBsAGUABAAAABAAAAABAAAAAQAAAMkCAAA=</a:base64Binary><a:base64Binary>OEoAAAUAAAD//v8gVIB0j2hWIABEADMAMgBkADgAIABMADIAOAAgAFIARQBGAC0AMQBAAEEAcgBtAF8AQQBzAHMAZQBtAGIAbABlAAQAAAAQAAAAAQAAAAEAAADKAgAA</a:base64Binary><a:base64Binary>OEoAAAUAAAD//v8kWgBEAFQAXwBYADQAMgBfAEwANAAwAE0AbwB0AG8AcgAuAFMAVABFAFAALQAyAEAAQQByAG0AXwBBAHMAcwBlAG0AYgBsAGUABAAAABAAAAABAAAAAQAAAHUAAAA=</a:base64Binary><a:base64Binary>OEoAAAUAAAD//v8hNAAyAM9RH5BoViAABlfVbHBRIAAATqd+H5DUayAAUgBFAEYALQAzAEAAQQByAG0AXwBBAHMAcwBlAG0AYgBsAGUABAAAABAAAAABAAAAAQAAAHYAAAA=</a:base64Binary></SWComponentPIDs><SWMainComponentPID i:nil="true"/><Visual z:Ref="i150"/><isFixedFrame>false</isFixedFrame><isIncomplete>false</isIncomplete></Link></Children><Collision z:Ref="i96"/><Inertial z:Ref="i70"/><Joint z:Ref="i103"/><NameAttribute z:Ref="i69"/><Parent z:Ref="i1"/><STLQualityFine>false</STLQualityFine><SWComponentPIDs xmlns:a="http://schemas.microsoft.com/2003/10/Serialization/Arrays"><a:base64Binary>OEoAAAUAAAD//v8lUwBoAG8AdQBsAGQAZQByACAALQAgAFSAdI9oVkQAMwAyAGQAMQA0AEhyLGctADEAQABBAHIAbQBfAEEAcwBzAGUAbQBiAGwAZQAEAAAAEAAAAAEAAAABAAAAvAIAAA==</a:base64Binary><a:base64Binary>OEoAAAUAAAD//v8mNAAyAM9RH5BoViAAuWXVbHBRIACMTqd+H5DUaygAMQA1ACsAKQAgAFIARQBGAC0AMQBAAEEAcgBtAF8AQQBzAHMAZQBtAGIAbABlAAQAAAAQAAAAAQAAAAEAAACKAAAA</a:base64Binary><a:base64Binary>OEoAAAUAAAD//v9UWgBEAFQAXwBYADQAMgBfAEwANgAwAE0AbwB0AG8AcgAuAFMAVABFAFAALQAyAEAAQQByAG0AXwBBAHMAcwBlAG0AYgBsAGUALwA0ADIAXwBTAFQARQBQAFAARQBSAF8ATQBPAFQATwBSAF8AMgAuAFMAVABFAFAALQAxAEAAWgBEAFQAXwBYADQAMgBfAEwANgAwAE0AbwB0AG8AcgAuAFMAVABFAFAABAAAABAAAAABAAAAAgAAAJoAAAAZAAAA</a:base64Binary><a:base64Binary>OEoAAAUAAAD//v8hVIB0j2hWIABEADMAMgBkADEANAAgAEwAMgA4ACAAUgBFAEYALQAxAEAAQQByAG0AXwBBAHMAcwBlAG0AYgBsAGUABAAAABAAAAABAAAAAQAAALoCAAA=</a:base64Binary><a:base64Binary>OEoAAAUAAAD//v8kWgBEAFQAXwBYADQAMgBfAEwANgAwAE0AbwB0AG8AcgAuAFMAVABFAFAALQAyAEAAQQByAG0AXwBBAHMAcwBlAG0AYgBsAGUABAAAABAAAAABAAAAAQAAAJoAAAA=</a:base64Binary></SWComponentPIDs><SWMainComponentPID i:nil="true"/><Visual z:Ref="i83"/><isFixedFrame>false</isFixedFrame><isIncomplete>false</isIncomplete></Link></Children><Collision z:Ref="i29"/><Inertial z:Ref="i3"/><Joint z:Ref="i36"/><NameAttribute z:Ref="i2"/><Parent i:nil="true"/><STLQualityFine>false</STLQualityFine><SWComponentPIDs xmlns:a="http://schemas.microsoft.com/2003/10/Serialization/Arrays"><a:base64Binary>OEoAAAUAAAD//v8eNgAwADYAMAAgAEMAbwB0AHQAZQByACAAcABpAG4ALQA0AEAAQQByAG0AXwBBAHMAcwBlAG0AYgBsAGUABAAAABAAAAABAAAAAQAAAJ0BAAA=</a:base64Binary><a:base64Binary>OEoAAAUAAAD//v8eNgAwADYAMAAgAEMAbwB0AHQAZQByACAAcABpAG4ALQAyAEAAQQByAG0AXwBBAHMAcwBlAG0AYgBsAGUABAAAABAAAAABAAAAAQAAACEBAAA=</a:base64Binary><a:base64Binary>OEoAAAUAAAD//v8eNgAwADYAMAAgAEMAbwB0AHQAZQByACAAcABpAG4ALQAxAEAAQQByAG0AXwBBAHMAcwBlAG0AYgBsAGUABAAAABAAAAABAAAAAQAAANgAAAA=</a:base64Binary><a:base64Binary>OEoAAAUAAAD//v9UWgBEAFQAXwBYADUANwBfAEwANwA2AE0AbwB0AG8AcgAuAFMAVABFAFAALQAxAEAAQQByAG0AXwBBAHMAcwBlAG0AYgBsAGUALwBNADMAeAA2AG0AbQBfAFAAaABpAGwAbABpAHAAcwBfADMALgBTAFQARQBQAC0AMgAxAEAAWgBEAFQAXwBYADUANwBfAEwANwA2AE0AbwB0AG8AcgAuAFMAVABFAFAABAAAABAAAAABAAAAAgAAAKIAAAAfAAAA</a:base64Binary><a:base64Binary>OEoAAAUAAAD//v9NWgBEAFQAXwBYADUANwBfAEwANwA2AE0AbwB0AG8AcgAuAFMAVABFAFAALQAxAEAAQQByAG0AXwBBAHMAcwBlAG0AYgBsAGUALwBXAEkAUgBFAF8AMgAuADUANABfADMALgBTAFQARQBQAC0ANQBAAFoARABUAF8AWAA1ADcAXwBMADcANgBNAG8AdABvAHIALgBTAFQARQBQAAQAAAAQAAAAAQAAAAIAAACiAAAAIwAAAA==</a:base64Binary><a:base64Binary>OEoAAAUAAAD//v9OWgBEAFQAXwBYADUANwBfAEwANwA2AE0AbwB0AG8AcgAuAFMAVABFAFAALQAxAEAAQQByAG0AXwBBAHMAcwBlAG0AYgBsAGUALwBaAEQAVABfAFgANQA3AF8AVgAxAC4AMgAuAFMAVABFAFAALQAxAEAAWgBEAFQAXwBYADUANwBfAEwANwA2AE0AbwB0AG8AcgAuAFMAVABFAFAABAAAABAAAAABAAAAAgAAAKIAAAAiAAAA</a:base64Binary><a:base64Binary>OEoAAAUAAAD//v9UWgBEAFQAXwBYADUANwBfAEwANwA2AE0AbwB0AG8AcgAuAFMAVABFAFAALQAxAEAAQQByAG0AXwBBAHMAcwBlAG0AYgBsAGUALwBNADMAeAA2AG0AbQBfAFAAaABpAGwAbABpAHAAcwBfADMALgBTAFQARQBQAC0AMgAzAEAAWgBEAFQAXwBYADUANwBfAEwANwA2AE0AbwB0AG8AcgAuAFMAVABFAFAABAAAABAAAAABAAAAAgAAAKIAAAAhAAAA</a:base64Binary><a:base64Binary>OEoAAAUAAAD//v9MWgBEAFQAXwBYADUANwBfAEwANwA2AE0AbwB0AG8AcgAuAFMAVABFAFAALQAxAEAAQQByAG0AXwBBAHMAcwBlAG0AYgBsAGUALwBTAEgASQBNAF8AMwB4ADUAeAAzAC4AUwBUAEUAUAAtADIAQABaAEQAVABfAFgANQA3AF8ATAA3ADYATQBvAHQAbwByAC4AUwBUAEUAUAAEAAAAEAAAAAEAAAACAAAAogAAABsAAAA=</a:base64Binary><a:base64Binary>OEoAAAUAAAD//v9MWgBEAFQAXwBYADUANwBfAEwANwA2AE0AbwB0AG8AcgAuAFMAVABFAFAALQAxAEAAQQByAG0AXwBBAHMAcwBlAG0AYgBsAGUALwBTAEgASQBNAF8AMwB4ADUAeAAzAC4AUwBUAEUAUAAtADQAQABaAEQAVABfAFgANQA3AF8ATAA3ADYATQBvAHQAbwByAC4AUwBUAEUAUAAEAAAAEAAAAAEAAAACAAAAogAAAB0AAAA=</a:base64Binary><a:base64Binary>OEoAAAUAAAD//v/bWgBEAFQAXwBYADUANwBfAEwANwA2AE0AbwB0AG8AcgAuAFMAVABFAFAALQAxAEAAQQByAG0AXwBBAHMAcwBlAG0AYgBsAGUALwBaAEQAVABfAFgANQA3AF8AVgAxAC4AMgBfAFAAQwBCAC4AcwB0AGUAcAAuAFMAVABFAFAALQAxAEAAWgBEAFQAXwBYADUANwBfAEwANwA2AE0AbwB0AG8AcgAuAFMAVABFAFAALwBKADEALgBzAHQAZQBwAF8AMwAuAFMAVABFAFAALQA1AEAAWgBEAFQAXwBYADUANwBfAFYAMQAuADIAXwBQAEMAQgAuAHMAdABlAHAALgBTAFQARQBQAC8ANgAzADAAOAA5ADIANgA5ADkAMgAuAHMAdABlAHAAXwAzAC4AUwBUAEUAUAAtADUAQABKADEALgBzAHQAZQBwAF8AMwAuAFMAVABFAFAALwBFAHgAdAByAHUAZABlAGQALQAxAC4AcwB0AGUAcABfADMALgBTAFQARQBQAC0ANQBAADYAMwAwADgAOQAyADYAOQA5ADIALgBzAHQAZQBwAF8AMwAuAFMAVABFAFAABAAAABAAAAABAAAABQAAAKIAAAAYAAAAHQAAABkAAAAYAAAA</a:base64Binary><a:base64Binary>OEoAAAUAAAD//v/ZWgBEAFQAXwBYADUANwBfAEwANwA2AE0AbwB0AG8AcgAuAFMAVABFAFAALQAxAEAAQQByAG0AXwBBAHMAcwBlAG0AYgBsAGUALwBaAEQAVABfAFgANQA3AF8AVgAxAC4AMgBfAFAAQwBCAC4AcwB0AGUAcAAuAFMAVABFAFAALQAxAEAAWgBEAFQAXwBYADUANwBfAEwANwA2AE0AbwB0AG8AcgAuAFMAVABFAFAALwBKADEALgBzAHQAZQBwAF8AMwAuAFMAVABFAFAALQA1AEAAWgBEAFQAXwBYADUANwBfAFYAMQAuADIAXwBQAEMAQgAuAHMAdABlAHAALgBTAFQARQBQAC8ANgAzADAAOAA5ADIANgA4ADMAMgAuAHMAdABlAHAAXwAzAC4AUwBUAEUAUAAtADUAQABKADEALgBzAHQAZQBwAF8AMwAuAFMAVABFAFAALwBFAHgAdAByAHUAZABlAGQALgBzAHQAZQBwAF8AMwAuAFMAVABFAFAALQA1AEAANgAzADAAOAA5ADIANgA4ADMAMgAuAHMAdABlAHAAXwAzAC4AUwBUAEUAUAAEAAAAEAAAAAEAAAAFAAAAogAAABgAAAAdAAAAGAAAABgAAAA=</a:base64Binary><a:base64Binary>OEoAAAUAAAD//v/LWgBEAFQAXwBYADUANwBfAEwANwA2AE0AbwB0AG8AcgAuAFMAVABFAFAALQAxAEAAQQByAG0AXwBBAHMAcwBlAG0AYgBsAGUALwBaAEQAVABfAFgANQA3AF8AVgAxAC4AMgBfAFAAQwBCAC4AcwB0AGUAcAAuAFMAVABFAFAALQAxAEAAWgBEAFQAXwBYADUANwBfAEwANwA2AE0AbwB0AG8AcgAuAFMAVABFAFAALwBCAG8AYQByAGQALgBzAHQAZQBwAF8AMwAuAFMAVABFAFAALQA1AEAAWgBEAFQAXwBYADUANwBfAFYAMQAuADIAXwBQAEMAQgAuAHMAdABlAHAALgBTAFQARQBQAC8ATwBwAGUAbgAgAEMAQQBTAEMAQQBEAEUAIABTAFQARQBQACAAdAByAGEAbgBzAGwAYQB0AG8AcgAgADYALgA4ACAANQAuADEALgAxAC4AcwB0AGUAcAAuAFMAVABFAFAALQAxAEAAQgBvAGEAcgBkAC4AcwB0AGUAcABfADMALgBTAFQARQBQAAQAAAAQAAAAAQAAAAQAAACiAAAAGAAAABgAAAAYAAAA</a:base64Binary><a:base64Binary>OEoAAAUAAAD//v+GWgBEAFQAXwBYADUANwBfAEwANwA2AE0AbwB0AG8AcgAuAFMAVABFAFAALQAxAEAAQQByAG0AXwBBAHMAcwBlAG0AYgBsAGUALwBaAEQAVABfAFgANQA3AF8AVgAxAC4AMgBfAFAAQwBCAC4AcwB0AGUAcAAuAFMAVABFAFAALQAxAEAAWgBEAFQAXwBYADUANwBfAEwANwA2AE0AbwB0AG8AcgAuAFMAVABFAFAALwBFAG4AdABlAHIALgBzAHQAZQBwAF8AMwAuAFMAVABFAFAALQA1AEAAWgBEAFQAXwBYADUANwBfAFYAMQAuADIAXwBQAEMAQgAuAHMAdABlAHAALgBTAFQARQBQAAQAAAAQAAAAAQAAAAMAAACiAAAAGAAAABwAAAA=</a:base64Binary><a:base64Binary>OEoAAAUAAAD//v//IwFaAEQAVABfAFgANQA3AF8ATAA3ADYATQBvAHQAbwByAC4AUwBUAEUAUAAtADEAQABBAHIAbQBfAEEAcwBzAGUAbQBiAGwAZQAvAFoARABUAF8AWAA1ADcAXwBWADEALgAyAF8AUABDAEIALgBzAHQAZQBwAC4AUwBUAEUAUAAtADEAQABaAEQAVABfAFgANQA3AF8ATAA3ADYATQBvAHQAbwByAC4AUwBUAEUAUAAvAEoANgAuAHMAdABlAHAAXwAzAC4AUwBUAEUAUAAtADUAQABaAEQAVABfAFgANQA3AF8AVgAxAC4AMgBfAFAAQwBCAC4AcwB0AGUAcAAuAFMAVABFAFAALwBVAHMAZQByAF8ATABpAGIAcgBhAHIAeQAtAEsARgAzADUAMAAtADQAUAAuAHMAdABlAHAALgBTAFQARQBQAC0AMQBAAEoANgAuAHMAdABlAHAAXwAzAC4AUwBUAEUAUAAvAEsARgAzADUAMAAtADEAUAAuAHMAdABlAHAALgBTAFQARQBQAC0AMgBAAFUAcwBlAHIAXwBMAGkAYgByAGEAcgB5AC0ASwBGADMANQAwAC0ANABQAC4AcwB0AGUAcAAuAFMAVABFAFAALwBLAEYAMwA1ADAAXwBNADIAeAA0AF8AUwBjAHIAZQB3AF8AOQAxADIAMAAwAEEAMQAwADAALgBzAHQAZQBwAC4AUwBUAEUAUAAtADEAQABLAEYAMwA1ADAALQAxAFAALgBzAHQAZQBwAC4AUwBUAEUAUAAEAAAAEAAAAAEAAAAGAAAAogAAABgAAAAZAAAAGAAAABkAAAAaAAAA</a:base64Binary><a:base64Binary>OEoAAAUAAAD//v//EgFaAEQAVABfAFgANQA3AF8ATAA3ADYATQBvAHQAbwByAC4AUwBUAEUAUAAtADEAQABBAHIAbQBfAEEAcwBzAGUAbQBiAGwAZQAvAFoARABUAF8AWAA1ADcAXwBWADEALgAyAF8AUABDAEIALgBzAHQAZQBwAC4AUwBUAEUAUAAtADEAQABaAEQAVABfAFgANQA3AF8ATAA3ADYATQBvAHQAbwByAC4AUwBUAEUAUAAvAEoANgAuAHMAdABlAHAAXwAzAC4AUwBUAEUAUAAtADUAQABaAEQAVABfAFgANQA3AF8AVgAxAC4AMgBfAFAAQwBCAC4AcwB0AGUAcAAuAFMAVABFAFAALwBVAHMAZQByAF8ATABpAGIAcgBhAHIAeQAtAEsARgAzADUAMAAtADQAUAAuAHMAdABlAHAALgBTAFQARQBQAC0AMQBAAEoANgAuAHMAdABlAHAAXwAzAC4AUwBUAEUAUAAvAEsARgAzADUAMAAtADEAUAAuAHMAdABlAHAALgBTAFQARQBQAC0AMgBAAFUAcwBlAHIAXwBMAGkAYgByAGEAcgB5AC0ASwBGADMANQAwAC0ANABQAC4AcwB0AGUAcAAuAFMAVABFAFAALwBLAEYAMwA1ADAAXwBQAEkATgAuAHMAdABlAHAALgBTAFQARQBQAC0AMQBAAEsARgAzADUAMAAtADEAUAAuAHMAdABlAHAALgBTAFQARQBQAAQAAAAQAAAAAQAAAAYAAACiAAAAGAAAABkAAAAYAAAAGQAAABkAAAA=</a:base64Binary><a:base64Binary>OEoAAAUAAAD//v//EwFaAEQAVABfAFgANQA3AF8ATAA3ADYATQBvAHQAbwByAC4AUwBUAEUAUAAtADEAQABBAHIAbQBfAEEAcwBzAGUAbQBiAGwAZQAvAFoARABUAF8AWAA1ADcAXwBWADEALgAyAF8AUABDAEIALgBzAHQAZQBwAC4AUwBUAEUAUAAtADEAQABaAEQAVABfAFgANQA3AF8ATAA3ADYATQBvAHQAbwByAC4AUwBUAEUAUAAvAEoANgAuAHMAdABlAHAAXwAzAC4AUwBUAEUAUAAtADUAQABaAEQAVABfAFgANQA3AF8AVgAxAC4AMgBfAFAAQwBCAC4AcwB0AGUAcAAuAFMAVABFAFAALwBVAHMAZQByAF8ATABpAGIAcgBhAHIAeQAtAEsARgAzADUAMAAtADQAUAAuAHMAdABlAHAALgBTAFQARQBQAC0AMQBAAEoANgAuAHMAdABlAHAAXwAzAC4AUwBUAEUAUAAvAEsARgAzADUAMAAtADEAUAAuAHMAdABlAHAALgBTAFQARQBQAC0AMgBAAFUAcwBlAHIAXwBMAGkAYgByAGEAcgB5AC0ASwBGADMANQAwAC0ANABQAC4AcwB0AGUAcAAuAFMAVABFAFAALwBLAEYAMwA1ADAAXwBCAG8AZAB5AC4AcwB0AGUAcAAuAFMAVABFAFAALQAxAEAASwBGADMANQAwAC0AMQBQAC4AcwB0AGUAcAAuAFMAVABFAFAABAAAABAAAAABAAAABgAAAKIAAAAYAAAAGQAAABgAAAAZAAAAGAAAAA==</a:base64Binary><a:base64Binary>OEoAAAUAAAD//v9SWgBEAFQAXwBYADUANwBfAEwANwA2AE0AbwB0AG8AcgAuAFMAVABFAFAALQAxAEAAQQByAG0AXwBBAHMAcwBlAG0AYgBsAGUALwA1ADcAXwBTAFQARQBQAFAARQBSAF8ATQBPAFQATwBSAC4AUwBUAEUAUAAtADEAQABaAEQAVABfAFgANQA3AF8ATAA3ADYATQBvAHQAbwByAC4AUwBUAEUAUAAEAAAAEAAAAAEAAAACAAAAogAAABkAAAA=</a:base64Binary><a:base64Binary>OEoAAAUAAAD//v8WSgAxACAAQgBhAHMAZQAtADEAQABBAHIAbQBfAEEAcwBzAGUAbQBiAGwAZQAEAAAAEAAAAAEAAAABAAAAsQAAAA==</a:base64Binary><a:base64Binary>OEoAAAUAAAD//v8eNgAwADYAMAAgAEMAbwB0AHQAZQByACAAcABpAG4ALQAzAEAAQQByAG0AXwBBAHMAcwBlAG0AYgBsAGUABAAAABAAAAABAAAAAQAAAF4BAAA=</a:base64Binary><a:base64Binary>OEoAAAUAAAD//v8ZTwBZAFUALQA4AC0ANgAwADYAMAAtADEAQABBAHIAbQBfAEEAcwBzAGUAbQBiAGwAZQAEAAAAEAAAAAEAAAABAAAAyAAAAA==</a:base64Binary><a:base64Binary>OEoAAAUAAAD//v8mNQA3AM9RH5BoViAAuWXVbHBRIACMTqd+H5DUaygAMQA1ACsAKQAgAFIARQBGAC0AMQBAAEEAcgBtAF8AQQBzAHMAZQBtAGIAbABlAAQAAAAQAAAAAQAAAAEAAACjAAAA</a:base64Binary></SWComponentPIDs><SWMainComponentPID i:nil="true"/><Visual z:Ref="i16"/><isFixedFrame>false</isFixedFrame><isIncomplete>false</isIncomplete></Link>
2026-07-15 18:13:12,600 INFO  LinkNode.cs: 35 - Building node base
2026-07-15 18:13:12,600 INFO  LinkNode.cs: 35 - Building node Shoulder
2026-07-15 18:13:12,600 INFO  LinkNode.cs: 35 - Building node UpperArm_Up
2026-07-15 18:13:12,601 INFO  LinkNode.cs: 35 - Building node UpperArm_Down
2026-07-15 18:13:12,601 INFO  LinkNode.cs: 35 - Building node ForeArm_Up
2026-07-15 18:13:12,601 INFO  LinkNode.cs: 35 - Building node ForeArm_Down
2026-07-15 18:13:12,601 INFO  LinkNode.cs: 35 - Building node Wrist
2026-07-15 18:13:12,602 INFO  CommonSwOperations.cs: 221 - Loading SolidWorks components for base from C:\Users\29449\Desktop\ArmSync\Hardware\3D Files\SolidWorks 2026\Arm\Arm_Assemble.SLDASM
2026-07-15 18:13:12,602 INFO  CommonSwOperations.cs: 245 - Loading component with PID 8J     ???6 0 6 0   C o t t e r   p i n - 4 @ A r m _ A s s e m b l e             ?  
2026-07-15 18:13:12,604 INFO  CommonSwOperations.cs: 254 - Successfully loaded component C:\Users\29449\Desktop\ArmSync\Hardware\3D Files\SolidWorks 2026\Arm\6060 Cotter pin.SLDPRT
2026-07-15 18:13:12,604 INFO  CommonSwOperations.cs: 245 - Loading component with PID 8J     ???6 0 6 0   C o t t e r   p i n - 2 @ A r m _ A s s e m b l e             !  
2026-07-15 18:13:12,604 INFO  CommonSwOperations.cs: 254 - Successfully loaded component C:\Users\29449\Desktop\ArmSync\Hardware\3D Files\SolidWorks 2026\Arm\6060 Cotter pin.SLDPRT
2026-07-15 18:13:12,605 INFO  CommonSwOperations.cs: 245 - Loading component with PID 8J     ???6 0 6 0   C o t t e r   p i n - 1 @ A r m _ A s s e m b l e             ?   
2026-07-15 18:13:12,605 INFO  CommonSwOperations.cs: 254 - Successfully loaded component C:\Users\29449\Desktop\ArmSync\Hardware\3D Files\SolidWorks 2026\Arm\6060 Cotter pin.SLDPRT
2026-07-15 18:13:12,605 INFO  CommonSwOperations.cs: 245 - Loading component with PID 8J     ???TZ D T _ X 5 7 _ L 7 6 M o t o r . S T E P - 1 @ A r m _ A s s e m b l e / M 3 x 6 m m _ P h i l l i p s _ 3 . S T E P - 2 1 @ Z D T _ X 5 7 _ L 7 6 M o t o r . S T E P             ?      
2026-07-15 18:13:12,606 INFO  CommonSwOperations.cs: 254 - Successfully loaded component C:\Users\29449\AppData\Local\Temp\swx60404\IC~~\M3x6mm_Phillips_3.STEP.SLDPRT
2026-07-15 18:13:12,606 INFO  CommonSwOperations.cs: 245 - Loading component with PID 8J     ???MZ D T _ X 5 7 _ L 7 6 M o t o r . S T E P - 1 @ A r m _ A s s e m b l e / W I R E _ 2 . 5 4 _ 3 . S T E P - 5 @ Z D T _ X 5 7 _ L 7 6 M o t o r . S T E P             ?   #   
2026-07-15 18:13:12,606 INFO  CommonSwOperations.cs: 254 - Successfully loaded component C:\Users\29449\AppData\Local\Temp\swx60404\IC~~\WIRE_2.54_3.STEP.SLDPRT
2026-07-15 18:13:12,607 INFO  CommonSwOperations.cs: 245 - Loading component with PID 8J     ???NZ D T _ X 5 7 _ L 7 6 M o t o r . S T E P - 1 @ A r m _ A s s e m b l e / Z D T _ X 5 7 _ V 1 . 2 . S T E P - 1 @ Z D T _ X 5 7 _ L 7 6 M o t o r . S T E P             ?   "   
2026-07-15 18:13:12,607 INFO  CommonSwOperations.cs: 254 - Successfully loaded component C:\Users\29449\AppData\Local\Temp\swx60404\IC~~\ZDT_X57_V1.2.STEP.SLDPRT
2026-07-15 18:13:12,607 INFO  CommonSwOperations.cs: 245 - Loading component with PID 8J     ???TZ D T _ X 5 7 _ L 7 6 M o t o r . S T E P - 1 @ A r m _ A s s e m b l e / M 3 x 6 m m _ P h i l l i p s _ 3 . S T E P - 2 3 @ Z D T _ X 5 7 _ L 7 6 M o t o r . S T E P             ?   !   
2026-07-15 18:13:12,607 INFO  CommonSwOperations.cs: 254 - Successfully loaded component C:\Users\29449\AppData\Local\Temp\swx60404\IC~~\M3x6mm_Phillips_3.STEP.SLDPRT
2026-07-15 18:13:12,608 INFO  CommonSwOperations.cs: 245 - Loading component with PID 8J     ???LZ D T _ X 5 7 _ L 7 6 M o t o r . S T E P - 1 @ A r m _ A s s e m b l e / S H I M _ 3 x 5 x 3 . S T E P - 2 @ Z D T _ X 5 7 _ L 7 6 M o t o r . S T E P             ?      
2026-07-15 18:13:12,608 INFO  CommonSwOperations.cs: 254 - Successfully loaded component C:\Users\29449\AppData\Local\Temp\swx60404\IC~~\SHIM_3x5x3.STEP.SLDPRT
2026-07-15 18:13:12,608 INFO  CommonSwOperations.cs: 245 - Loading component with PID 8J     ???LZ D T _ X 5 7 _ L 7 6 M o t o r . S T E P - 1 @ A r m _ A s s e m b l e / S H I M _ 3 x 5 x 3 . S T E P - 4 @ Z D T _ X 5 7 _ L 7 6 M o t o r . S T E P             ?      
2026-07-15 18:13:12,608 INFO  CommonSwOperations.cs: 254 - Successfully loaded component C:\Users\29449\AppData\Local\Temp\swx60404\IC~~\SHIM_3x5x3.STEP.SLDPRT
2026-07-15 18:13:12,608 INFO  CommonSwOperations.cs: 245 - Loading component with PID 8J     ????Z D T _ X 5 7 _ L 7 6 M o t o r . S T E P - 1 @ A r m _ A s s e m b l e / Z D T _ X 5 7 _ V 1 . 2 _ P C B . s t e p . S T E P - 1 @ Z D T _ X 5 7 _ L 7 6 M o t o r . S T E P / J 1 . s t e p _ 3 . S T E P - 5 @ Z D T _ X 5 7 _ V 1 . 2 _ P C B . s t e p . S T E P / 6 3 0 8 9 2 6 9 9 2 . s t e p _ 3 . S T E P - 5 @ J 1 . s t e p _ 3 . S T E P / E x t r u d e d - 1 . s t e p _ 3 . S T E P - 5 @ 6 3 0 8 9 2 6 9 9 2 . s t e p _ 3 . S T E P             ?               
2026-07-15 18:13:12,609 INFO  CommonSwOperations.cs: 254 - Successfully loaded component C:\Users\29449\AppData\Local\Temp\swx60404\IC~~\Extruded-1.step_3.STEP.SLDPRT
2026-07-15 18:13:12,609 INFO  CommonSwOperations.cs: 245 - Loading component with PID 8J     ????Z D T _ X 5 7 _ L 7 6 M o t o r . S T E P - 1 @ A r m _ A s s e m b l e / Z D T _ X 5 7 _ V 1 . 2 _ P C B . s t e p . S T E P - 1 @ Z D T _ X 5 7 _ L 7 6 M o t o r . S T E P / J 1 . s t e p _ 3 . S T E P - 5 @ Z D T _ X 5 7 _ V 1 . 2 _ P C B . s t e p . S T E P / 6 3 0 8 9 2 6 8 3 2 . s t e p _ 3 . S T E P - 5 @ J 1 . s t e p _ 3 . S T E P / E x t r u d e d . s t e p _ 3 . S T E P - 5 @ 6 3 0 8 9 2 6 8 3 2 . s t e p _ 3 . S T E P             ?               
2026-07-15 18:13:12,609 INFO  CommonSwOperations.cs: 254 - Successfully loaded component C:\Users\29449\AppData\Local\Temp\swx60404\IC~~\Extruded.step_3.STEP.SLDPRT
2026-07-15 18:13:12,609 INFO  CommonSwOperations.cs: 245 - Loading component with PID 8J     ????Z D T _ X 5 7 _ L 7 6 M o t o r . S T E P - 1 @ A r m _ A s s e m b l e / Z D T _ X 5 7 _ V 1 . 2 _ P C B . s t e p . S T E P - 1 @ Z D T _ X 5 7 _ L 7 6 M o t o r . S T E P / B o a r d . s t e p _ 3 . S T E P - 5 @ Z D T _ X 5 7 _ V 1 . 2 _ P C B . s t e p . S T E P / O p e n   C A S C A D E   S T E P   t r a n s l a t o r   6 . 8   5 . 1 . 1 . s t e p . S T E P - 1 @ B o a r d . s t e p _ 3 . S T E P             ?            
2026-07-15 18:13:12,610 INFO  CommonSwOperations.cs: 254 - Successfully loaded component C:\Users\29449\AppData\Local\Temp\swx60404\IC~~\Open CASCADE STEP translator 6.8 5.1.1.step.STEP.SLDPRT
2026-07-15 18:13:12,610 INFO  CommonSwOperations.cs: 245 - Loading component with PID 8J     ????Z D T _ X 5 7 _ L 7 6 M o t o r . S T E P - 1 @ A r m _ A s s e m b l e / Z D T _ X 5 7 _ V 1 . 2 _ P C B . s t e p . S T E P - 1 @ Z D T _ X 5 7 _ L 7 6 M o t o r . S T E P / E n t e r . s t e p _ 3 . S T E P - 5 @ Z D T _ X 5 7 _ V 1 . 2 _ P C B . s t e p . S T E P             ?         
2026-07-15 18:13:12,610 INFO  CommonSwOperations.cs: 254 - Successfully loaded component C:\Users\29449\AppData\Local\Temp\swx60404\IC~~\Enter.step_3.STEP.SLDASM
2026-07-15 18:13:12,610 INFO  CommonSwOperations.cs: 245 - Loading component with PID 8J     ????#Z D T _ X 5 7 _ L 7 6 M o t o r . S T E P - 1 @ A r m _ A s s e m b l e / Z D T _ X 5 7 _ V 1 . 2 _ P C B . s t e p . S T E P - 1 @ Z D T _ X 5 7 _ L 7 6 M o t o r . S T E P / J 6 . s t e p _ 3 . S T E P - 5 @ Z D T _ X 5 7 _ V 1 . 2 _ P C B . s t e p . S T E P / U s e r _ L i b r a r y - K F 3 5 0 - 4 P . s t e p . S T E P - 1 @ J 6 . s t e p _ 3 . S T E P / K F 3 5 0 - 1 P . s t e p . S T E P - 2 @ U s e r _ L i b r a r y - K F 3 5 0 - 4 P . s t e p . S T E P / K F 3 5 0 _ M 2 x 4 _ S c r e w _ 9 1 2 0 0 A 1 0 0 . s t e p . S T E P - 1 @ K F 3 5 0 - 1 P . s t e p . S T E P             ?                  
2026-07-15 18:13:12,611 INFO  CommonSwOperations.cs: 254 - Successfully loaded component C:\Users\29449\AppData\Local\Temp\swx60404\IC~~\KF350_M2x4_Screw_91200A100.step.STEP.SLDPRT
2026-07-15 18:13:12,611 INFO  CommonSwOperations.cs: 245 - Loading component with PID 8J     ????Z D T _ X 5 7 _ L 7 6 M o t o r . S T E P - 1 @ A r m _ A s s e m b l e / Z D T _ X 5 7 _ V 1 . 2 _ P C B . s t e p . S T E P - 1 @ Z D T _ X 5 7 _ L 7 6 M o t o r . S T E P / J 6 . s t e p _ 3 . S T E P - 5 @ Z D T _ X 5 7 _ V 1 . 2 _ P C B . s t e p . S T E P / U s e r _ L i b r a r y - K F 3 5 0 - 4 P . s t e p . S T E P - 1 @ J 6 . s t e p _ 3 . S T E P / K F 3 5 0 - 1 P . s t e p . S T E P - 2 @ U s e r _ L i b r a r y - K F 3 5 0 - 4 P . s t e p . S T E P / K F 3 5 0 _ P I N . s t e p . S T E P - 1 @ K F 3 5 0 - 1 P . s t e p . S T E P             ?                  
2026-07-15 18:13:12,611 INFO  CommonSwOperations.cs: 254 - Successfully loaded component C:\Users\29449\AppData\Local\Temp\swx60404\IC~~\KF350_PIN.step.STEP.SLDPRT
2026-07-15 18:13:12,611 INFO  CommonSwOperations.cs: 245 - Loading component with PID 8J     ????Z D T _ X 5 7 _ L 7 6 M o t o r . S T E P - 1 @ A r m _ A s s e m b l e / Z D T _ X 5 7 _ V 1 . 2 _ P C B . s t e p . S T E P - 1 @ Z D T _ X 5 7 _ L 7 6 M o t o r . S T E P / J 6 . s t e p _ 3 . S T E P - 5 @ Z D T _ X 5 7 _ V 1 . 2 _ P C B . s t e p . S T E P / U s e r _ L i b r a r y - K F 3 5 0 - 4 P . s t e p . S T E P - 1 @ J 6 . s t e p _ 3 . S T E P / K F 3 5 0 - 1 P . s t e p . S T E P - 2 @ U s e r _ L i b r a r y - K F 3 5 0 - 4 P . s t e p . S T E P / K F 3 5 0 _ B o d y . s t e p . S T E P - 1 @ K F 3 5 0 - 1 P . s t e p . S T E P             ?                  
2026-07-15 18:13:12,611 INFO  CommonSwOperations.cs: 254 - Successfully loaded component C:\Users\29449\AppData\Local\Temp\swx60404\IC~~\KF350_Body.step.STEP.SLDPRT
2026-07-15 18:13:12,612 INFO  CommonSwOperations.cs: 245 - Loading component with PID 8J     ???RZ D T _ X 5 7 _ L 7 6 M o t o r . S T E P - 1 @ A r m _ A s s e m b l e / 5 7 _ S T E P P E R _ M O T O R . S T E P - 1 @ Z D T _ X 5 7 _ L 7 6 M o t o r . S T E P             ?      
2026-07-15 18:13:12,612 INFO  CommonSwOperations.cs: 254 - Successfully loaded component C:\Users\29449\AppData\Local\Temp\swx60404\IC~~\57_STEPPER_MOTOR.STEP.SLDPRT
2026-07-15 18:13:12,612 INFO  CommonSwOperations.cs: 245 - Loading component with PID 8J     ???J 1   B a s e - 1 @ A r m _ A s s e m b l e             ?   
2026-07-15 18:13:12,612 INFO  CommonSwOperations.cs: 254 - Successfully loaded component C:\Users\29449\Desktop\ArmSync\Hardware\3D Files\SolidWorks 2026\Arm\J1 Base.SLDPRT
2026-07-15 18:13:12,613 INFO  CommonSwOperations.cs: 245 - Loading component with PID 8J     ???6 0 6 0   C o t t e r   p i n - 3 @ A r m _ A s s e m b l e             ^  
2026-07-15 18:13:12,613 INFO  CommonSwOperations.cs: 254 - Successfully loaded component C:\Users\29449\Desktop\ArmSync\Hardware\3D Files\SolidWorks 2026\Arm\6060 Cotter pin.SLDPRT
2026-07-15 18:13:12,613 INFO  CommonSwOperations.cs: 245 - Loading component with PID 8J     ???O Y U - 8 - 6 0 6 0 - 1 @ A r m _ A s s e m b l e             ?   
2026-07-15 18:13:12,613 INFO  CommonSwOperations.cs: 254 - Successfully loaded component C:\Users\29449\Desktop\ArmSync\Hardware\3D Files\SolidWorks 2026\Arm\OYU-8-6060.SLDPRT
2026-07-15 18:13:12,613 INFO  CommonSwOperations.cs: 245 - Loading component with PID 8J     ???&5 7 ?Q?hV  ?e?lpQ  ?N?~??k( 1 5 + )   R E F - 1 @ A r m _ A s s e m b l e             ?   
2026-07-15 18:13:12,614 INFO  CommonSwOperations.cs: 254 - Successfully loaded component C:\Users\29449\Desktop\ArmSync\Hardware\3D Files\SolidWorks 2026\Arm\57减速器 方法兰 二级速比(15+) REF.SLDPRT
2026-07-15 18:13:12,614 INFO  CommonSwOperations.cs: 230 - Loaded 21 components for link base
2026-07-15 18:13:12,614 INFO  CommonSwOperations.cs: 221 - Loading SolidWorks components for Shoulder from C:\Users\29449\Desktop\ArmSync\Hardware\3D Files\SolidWorks 2026\Arm\Arm_Assemble.SLDASM
2026-07-15 18:13:12,614 INFO  CommonSwOperations.cs: 245 - Loading component with PID 8J     ???%S h o u l d e r   -   T?t?hVD 3 2 d 1 4 Hr,g- 1 @ A r m _ A s s e m b l e             ?  
2026-07-15 18:13:12,615 INFO  CommonSwOperations.cs: 254 - Successfully loaded component C:\Users\29449\Desktop\ArmSync\Hardware\3D Files\SolidWorks 2026\Arm\Shoulder - 联轴器D32d14版本.SLDPRT
2026-07-15 18:13:12,615 INFO  CommonSwOperations.cs: 245 - Loading component with PID 8J     ???&4 2 ?Q?hV  ?e?lpQ  ?N?~??k( 1 5 + )   R E F - 1 @ A r m _ A s s e m b l e             ?   
2026-07-15 18:13:12,615 INFO  CommonSwOperations.cs: 254 - Successfully loaded component C:\Users\29449\Desktop\ArmSync\Hardware\3D Files\SolidWorks 2026\Arm\42减速器 方法兰 二级速比(15+) REF.SLDPRT
2026-07-15 18:13:12,615 INFO  CommonSwOperations.cs: 245 - Loading component with PID 8J     ???TZ D T _ X 4 2 _ L 6 0 M o t o r . S T E P - 2 @ A r m _ A s s e m b l e / 4 2 _ S T E P P E R _ M O T O R _ 2 . S T E P - 1 @ Z D T _ X 4 2 _ L 6 0 M o t o r . S T E P             ?      
2026-07-15 18:13:12,615 INFO  CommonSwOperations.cs: 254 - Successfully loaded component C:\Users\29449\AppData\Local\Temp\swx60404\IC~~\42_STEPPER_MOTOR_2.STEP.SLDPRT
2026-07-15 18:13:12,616 INFO  CommonSwOperations.cs: 245 - Loading component with PID 8J     ???!T?t?hV  D 3 2 d 1 4   L 2 8   R E F - 1 @ A r m _ A s s e m b l e             ?  
2026-07-15 18:13:12,616 INFO  CommonSwOperations.cs: 254 - Successfully loaded component C:\Users\29449\Desktop\ArmSync\Hardware\3D Files\SolidWorks 2026\Arm\联轴器 D32d14 L28 REF.SLDPRT
2026-07-15 18:13:12,616 INFO  CommonSwOperations.cs: 245 - Loading component with PID 8J     ???$Z D T _ X 4 2 _ L 6 0 M o t o r . S T E P - 2 @ A r m _ A s s e m b l e             ?   
2026-07-15 18:13:12,616 INFO  CommonSwOperations.cs: 254 - Successfully loaded component C:\Users\29449\AppData\Local\Temp\swx60404\IC~~\ZDT_X42_L60Motor.STEP.SLDASM
2026-07-15 18:13:12,617 INFO  CommonSwOperations.cs: 230 - Loaded 5 components for link Shoulder
2026-07-15 18:13:12,617 INFO  CommonSwOperations.cs: 221 - Loading SolidWorks components for UpperArm_Up from C:\Users\29449\Desktop\ArmSync\Hardware\3D Files\SolidWorks 2026\Arm\Arm_Assemble.SLDASM
2026-07-15 18:13:12,617 INFO  CommonSwOperations.cs: 245 - Loading component with PID 8J     ???'U p p e r a r m   u p   -   T?t?hVD 3 2 d 8 Hr,g- 1 @ A r m _ A s s e m b l e             ?  
2026-07-15 18:13:12,617 INFO  CommonSwOperations.cs: 254 - Successfully loaded component C:\Users\29449\Desktop\ArmSync\Hardware\3D Files\SolidWorks 2026\Arm\Upperarm up - 联轴器D32d8版本.SLDPRT
2026-07-15 18:13:12,617 INFO  CommonSwOperations.cs: 245 - Loading component with PID 8J     ??? T?t?hV  D 3 2 d 8   L 2 8   R E F - 1 @ A r m _ A s s e m b l e             ?  
2026-07-15 18:13:12,618 INFO  CommonSwOperations.cs: 254 - Successfully loaded component C:\Users\29449\Desktop\ArmSync\Hardware\3D Files\SolidWorks 2026\Arm\联轴器 D32d8 L28 REF.SLDPRT
2026-07-15 18:13:12,618 INFO  CommonSwOperations.cs: 245 - Loading component with PID 8J     ???$Z D T _ X 4 2 _ L 4 0 M o t o r . S T E P - 2 @ A r m _ A s s e m b l e             u   
2026-07-15 18:13:12,618 INFO  CommonSwOperations.cs: 254 - Successfully loaded component C:\Users\29449\AppData\Local\Temp\swx60404\IC~~\ZDT_X42_L40Motor.STEP.SLDASM
2026-07-15 18:13:12,618 INFO  CommonSwOperations.cs: 245 - Loading component with PID 8J     ???!4 2 ?Q?hV  W?lpQ   N?~??k  R E F - 3 @ A r m _ A s s e m b l e             v   
2026-07-15 18:13:12,619 INFO  CommonSwOperations.cs: 254 - Successfully loaded component C:\Users\29449\Desktop\ArmSync\Hardware\3D Files\SolidWorks 2026\Arm\42减速器 圆法兰 一级速比 REF.SLDPRT
2026-07-15 18:13:12,619 INFO  CommonSwOperations.cs: 230 - Loaded 4 components for link UpperArm_Up
2026-07-15 18:13:12,619 INFO  CommonSwOperations.cs: 221 - Loading SolidWorks components for UpperArm_Down from C:\Users\29449\Desktop\ArmSync\Hardware\3D Files\SolidWorks 2026\Arm\Arm_Assemble.SLDASM
2026-07-15 18:13:12,619 INFO  CommonSwOperations.cs: 245 - Loading component with PID 8J     ??? T?t?hV  D 3 2 d 8   L 2 8   R E F - 2 @ A r m _ A s s e m b l e             ?  
2026-07-15 18:13:12,620 INFO  CommonSwOperations.cs: 254 - Successfully loaded component C:\Users\29449\Desktop\ArmSync\Hardware\3D Files\SolidWorks 2026\Arm\联轴器 D32d8 L28 REF.SLDPRT
2026-07-15 18:13:12,620 INFO  CommonSwOperations.cs: 245 - Loading component with PID 8J     ???'U p p e r a r m   d n   -   T?t?hVD 3 2 d 8 Hr,g- 1 @ A r m _ A s s e m b l e             m   
2026-07-15 18:13:12,620 INFO  CommonSwOperations.cs: 254 - Successfully loaded component C:\Users\29449\Desktop\ArmSync\Hardware\3D Files\SolidWorks 2026\Arm\Upperarm dn - 联轴器D32d8版本.SLDPRT
2026-07-15 18:13:12,620 INFO  CommonSwOperations.cs: 245 - Loading component with PID 8J     ???!4 2 ?Q?hV  W?lpQ   N?~??k  R E F - 2 @ A r m _ A s s e m b l e             i   
2026-07-15 18:13:12,621 INFO  CommonSwOperations.cs: 254 - Successfully loaded component C:\Users\29449\Desktop\ArmSync\Hardware\3D Files\SolidWorks 2026\Arm\42减速器 圆法兰 一级速比 REF.SLDPRT
2026-07-15 18:13:12,621 INFO  CommonSwOperations.cs: 245 - Loading component with PID 8J     ???'s o c k e t   h e a d   c a p   s c r e w _ a i - 8 @ A r m _ A s s e m b l e             ?  
2026-07-15 18:13:12,621 INFO  CommonSwOperations.cs: 254 - Successfully loaded component d:\solidworks 2026\browser\ansi inch\bolts and screws\socket head screws\socket head cap screw_ai.sldprt
2026-07-15 18:13:12,621 INFO  CommonSwOperations.cs: 245 - Loading component with PID 8J     ???'s o c k e t   h e a d   c a p   s c r e w _ a i - 9 @ A r m _ A s s e m b l e             ?  
2026-07-15 18:13:12,621 INFO  CommonSwOperations.cs: 254 - Successfully loaded component d:\solidworks 2026\browser\ansi inch\bolts and screws\socket head screws\socket head cap screw_ai.sldprt
2026-07-15 18:13:12,622 INFO  CommonSwOperations.cs: 245 - Loading component with PID 8J     ???'s o c k e t   h e a d   c a p   s c r e w _ a i - 7 @ A r m _ A s s e m b l e             ?  
2026-07-15 18:13:12,622 INFO  CommonSwOperations.cs: 254 - Successfully loaded component d:\solidworks 2026\browser\ansi inch\bolts and screws\socket head screws\socket head cap screw_ai.sldprt
2026-07-15 18:13:12,622 INFO  CommonSwOperations.cs: 245 - Loading component with PID 8J     ???'s o c k e t   h e a d   c a p   s c r e w _ a i - 6 @ A r m _ A s s e m b l e             ?  
2026-07-15 18:13:12,622 INFO  CommonSwOperations.cs: 254 - Successfully loaded component d:\solidworks 2026\browser\ansi inch\bolts and screws\socket head screws\socket head cap screw_ai.sldprt
2026-07-15 18:13:12,623 INFO  CommonSwOperations.cs: 245 - Loading component with PID 8J     ???$Z D T _ X 4 2 _ L 4 8 M o t o r . S T E P - 2 @ A r m _ A s s e m b l e               
2026-07-15 18:13:12,623 INFO  CommonSwOperations.cs: 254 - Successfully loaded component C:\Users\29449\AppData\Local\Temp\swx60404\IC~~\ZDT_X42_L48Motor.STEP.SLDASM
2026-07-15 18:13:12,623 INFO  CommonSwOperations.cs: 230 - Loaded 8 components for link UpperArm_Down
2026-07-15 18:13:12,623 INFO  CommonSwOperations.cs: 221 - Loading SolidWorks components for ForeArm_Up from C:\Users\29449\Desktop\ArmSync\Hardware\3D Files\SolidWorks 2026\Arm\Arm_Assemble.SLDASM
2026-07-15 18:13:12,624 INFO  CommonSwOperations.cs: 245 - Loading component with PID 8J     ??? T?t?hV  D 3 2 d 8   L 2 8   R E F - 3 @ A r m _ A s s e m b l e             ?  
2026-07-15 18:13:12,624 INFO  CommonSwOperations.cs: 254 - Successfully loaded component C:\Users\29449\Desktop\ArmSync\Hardware\3D Files\SolidWorks 2026\Arm\联轴器 D32d8 L28 REF.SLDPRT
2026-07-15 18:13:12,624 INFO  CommonSwOperations.cs: 245 - Loading component with PID 8J     ???&F o r e a r m   u p   -   T?t?hVD 3 2 d 8 Hr,g- 1 @ A r m _ A s s e m b l e             a   
2026-07-15 18:13:12,624 INFO  CommonSwOperations.cs: 254 - Successfully loaded component C:\Users\29449\Desktop\ArmSync\Hardware\3D Files\SolidWorks 2026\Arm\Forearm up - 联轴器D32d8版本.SLDPRT
2026-07-15 18:13:12,625 INFO  CommonSwOperations.cs: 245 - Loading component with PID 8J     ???$Z D T _ X 4 2 _ L 4 0 M o t o r . S T E P - 1 @ A r m _ A s s e m b l e             Z   
2026-07-15 18:13:12,678 INFO  CommonSwOperations.cs: 254 - Successfully loaded component C:\Users\29449\AppData\Local\Temp\swx60404\IC~~\ZDT_X42_L40Motor.STEP.SLDASM
2026-07-15 18:13:12,678 INFO  CommonSwOperations.cs: 230 - Loaded 3 components for link ForeArm_Up
2026-07-15 18:13:12,679 INFO  CommonSwOperations.cs: 221 - Loading SolidWorks components for ForeArm_Down from C:\Users\29449\Desktop\ArmSync\Hardware\3D Files\SolidWorks 2026\Arm\Arm_Assemble.SLDASM
2026-07-15 18:13:12,679 INFO  CommonSwOperations.cs: 245 - Loading component with PID 8J     ??? T?t?hV  D 1 9 d 4   L 2 0   R E F - 1 @ A r m _ A s s e m b l e             [   
2026-07-15 18:13:12,679 INFO  CommonSwOperations.cs: 254 - Successfully loaded component C:\Users\29449\Desktop\ArmSync\Hardware\3D Files\SolidWorks 2026\Arm\联轴器 D19d4 L20 REF.SLDPRT
2026-07-15 18:13:12,679 INFO  CommonSwOperations.cs: 245 - Loading component with PID 8J     ???F o r e a r m   d n - 1 @ A r m _ A s s e m b l e             K   
2026-07-15 18:13:12,680 INFO  CommonSwOperations.cs: 254 - Successfully loaded component C:\Users\29449\Desktop\ArmSync\Hardware\3D Files\SolidWorks 2026\Arm\Forearm dn.SLDPRT
2026-07-15 18:13:12,680 INFO  CommonSwOperations.cs: 245 - Loading component with PID 8J     ???!4 2 ?Q?hV  W?lpQ   N?~??k  R E F - 1 @ A r m _ A s s e m b l e             F   
2026-07-15 18:13:12,680 INFO  CommonSwOperations.cs: 254 - Successfully loaded component C:\Users\29449\Desktop\ArmSync\Hardware\3D Files\SolidWorks 2026\Arm\42减速器 圆法兰 一级速比 REF.SLDPRT
2026-07-15 18:13:12,681 INFO  CommonSwOperations.cs: 245 - Loading component with PID 8J     ???(s o c k e t   h e a d   c a p   s c r e w _ a i - 1 3 @ A r m _ A s s e m b l e             ?  
2026-07-15 18:13:12,681 INFO  CommonSwOperations.cs: 254 - Successfully loaded component d:\solidworks 2026\browser\ansi inch\bolts and screws\socket head screws\socket head cap screw_ai.sldprt
2026-07-15 18:13:12,681 INFO  CommonSwOperations.cs: 245 - Loading component with PID 8J     ???(s o c k e t   h e a d   c a p   s c r e w _ a i - 1 4 @ A r m _ A s s e m b l e             ?  
2026-07-15 18:13:12,682 INFO  CommonSwOperations.cs: 254 - Successfully loaded component d:\solidworks 2026\browser\ansi inch\bolts and screws\socket head screws\socket head cap screw_ai.sldprt
2026-07-15 18:13:12,682 INFO  CommonSwOperations.cs: 245 - Loading component with PID 8J     ???(s o c k e t   h e a d   c a p   s c r e w _ a i - 1 2 @ A r m _ A s s e m b l e             ?  
2026-07-15 18:13:12,682 INFO  CommonSwOperations.cs: 254 - Successfully loaded component d:\solidworks 2026\browser\ansi inch\bolts and screws\socket head screws\socket head cap screw_ai.sldprt
2026-07-15 18:13:12,682 INFO  CommonSwOperations.cs: 245 - Loading component with PID 8J     ???(s o c k e t   h e a d   c a p   s c r e w _ a i - 1 1 @ A r m _ A s s e m b l e             ?  
2026-07-15 18:13:12,683 INFO  CommonSwOperations.cs: 254 - Successfully loaded component d:\solidworks 2026\browser\ansi inch\bolts and screws\socket head screws\socket head cap screw_ai.sldprt
2026-07-15 18:13:12,683 INFO  CommonSwOperations.cs: 245 - Loading component with PID 8J     ???$Z D T _ X 4 2 _ L 3 4 M o t o r . S T E P - 1 @ A r m _ A s s e m b l e             Q   
2026-07-15 18:13:12,683 INFO  CommonSwOperations.cs: 254 - Successfully loaded component C:\Users\29449\AppData\Local\Temp\swx60404\IC~~\ZDT_X42_L34Motor.STEP.SLDASM
2026-07-15 18:13:12,683 INFO  CommonSwOperations.cs: 230 - Loaded 8 components for link ForeArm_Down
2026-07-15 18:13:12,683 INFO  CommonSwOperations.cs: 221 - Loading SolidWorks components for Wrist from C:\Users\29449\Desktop\ArmSync\Hardware\3D Files\SolidWorks 2026\Arm\Arm_Assemble.SLDASM
2026-07-15 18:13:12,684 INFO  CommonSwOperations.cs: 245 - Loading component with PID 8J     ???!?m'}WYZ 2 1   8 X 1 8 X 1 1   R E F - 1 @ A r m _ A s s e m b l e             B   
2026-07-15 18:13:12,684 INFO  CommonSwOperations.cs: 254 - Successfully loaded component C:\Users\29449\Desktop\ArmSync\Hardware\3D Files\SolidWorks 2026\Arm\涨紧套Z21 8X18X11 REF.SLDPRT
2026-07-15 18:13:12,684 INFO  CommonSwOperations.cs: 245 - Loading component with PID 8J     ???W r i s t - 1 @ A r m _ A s s e m b l e                
2026-07-15 18:13:12,685 INFO  CommonSwOperations.cs: 254 - Successfully loaded component C:\Users\29449\Desktop\ArmSync\Hardware\3D Files\SolidWorks 2026\Arm\Wrist.SLDPRT
2026-07-15 18:13:12,685 INFO  CommonSwOperations.cs: 245 - Loading component with PID 8J     ???G r i p p e r _ A s s e m b l y - 1 @ A r m _ A s s e m b l e                
2026-07-15 18:13:12,685 INFO  CommonSwOperations.cs: 254 - Successfully loaded component C:\Users\29449\Desktop\ArmSync\Hardware\3D Files\SolidWorks 2026\Gripper\Gripper_Assembly.SLDASM
2026-07-15 18:13:12,685 INFO  CommonSwOperations.cs: 230 - Loaded 3 components for link Wrist
2026-07-15 18:13:12,989 INFO  SwAddin.cs: 344 - Showing property manager
2026-07-15 18:13:27,910 INFO  ExportPropertyManager.cs: 422 - Configuration saved
2026-07-15 18:13:27,915 INFO  ConfigurationSerialization.cs: 276 - URDF Configuration found
<Link z:Id="i1" xmlns="http://schemas.datacontract.org/2004/07/SW2URDF" xmlns:i="http://www.w3.org/2001/XMLSchema-instance" xmlns:z="http://schemas.microsoft.com/2003/10/Serialization/"><Attributes><Attribute z:Id="i2"><AttributeType>name</AttributeType><IsRequired>true</IsRequired><Value i:type="a:string" xmlns:a="http://www.w3.org/2001/XMLSchema">base</Value></Attribute></Attributes><ChildElements><URDFElement z:Id="i3" i:type="Inertial"><Attributes/><ChildElements><URDFElement z:Id="i4" i:type="Origin"><Attributes><Attribute z:Id="i5"><AttributeType>xyz</AttributeType><IsRequired>true</IsRequired><Value i:type="a:ArrayOfdouble" xmlns:a="http://schemas.microsoft.com/2003/10/Serialization/Arrays"><a:double>0</a:double><a:double>0</a:double><a:double>0</a:double></Value></Attribute><Attribute z:Id="i6"><AttributeType>rpy</AttributeType><IsRequired>true</IsRequired><Value i:type="a:ArrayOfdouble" xmlns:a="http://schemas.microsoft.com/2003/10/Serialization/Arrays"><a:double>0</a:double><a:double>0</a:double><a:double>0</a:double></Value></Attribute></Attributes><ChildElements/><ElementName>origin</ElementName><required>false</required><RPYAttribute z:Ref="i6"/><XYZAttribute z:Ref="i5"/><isCustomized>false</isCustomized></URDFElement><URDFElement z:Id="i7" i:type="Mass"><Attributes><Attribute z:Id="i8"><AttributeType>value</AttributeType><IsRequired>true</IsRequired><Value i:type="a:double" xmlns:a="http://www.w3.org/2001/XMLSchema">0</Value></Attribute></Attributes><ChildElements/><ElementName>mass</ElementName><required>false</required><ValueAttribute z:Ref="i8"/></URDFElement><URDFElement z:Id="i9" i:type="Inertia"><Attributes><Attribute z:Id="i10"><AttributeType>ixx</AttributeType><IsRequired>true</IsRequired><Value i:type="a:double" xmlns:a="http://www.w3.org/2001/XMLSchema">0</Value></Attribute><Attribute z:Id="i11"><AttributeType>ixy</AttributeType><IsRequired>true</IsRequired><Value i:type="a:double" xmlns:a="http://www.w3.org/2001/XMLSchema">0</Value></Attribute><Attribute z:Id="i12"><AttributeType>ixz</AttributeType><IsRequired>true</IsRequired><Value i:type="a:double" xmlns:a="http://www.w3.org/2001/XMLSchema">0</Value></Attribute><Attribute z:Id="i13"><AttributeType>iyy</AttributeType><IsRequired>true</IsRequired><Value i:type="a:double" xmlns:a="http://www.w3.org/2001/XMLSchema">0</Value></Attribute><Attribute z:Id="i14"><AttributeType>iyz</AttributeType><IsRequired>true</IsRequired><Value i:type="a:double" xmlns:a="http://www.w3.org/2001/XMLSchema">0</Value></Attribute><Attribute z:Id="i15"><AttributeType>izz</AttributeType><IsRequired>true</IsRequired><Value i:type="a:double" xmlns:a="http://www.w3.org/2001/XMLSchema">0</Value></Attribute></Attributes><ChildElements/><ElementName>inertia</ElementName><required>false</required><IxxAttribute z:Ref="i10"/><IxyAttribute z:Ref="i11"/><IxzAttribute z:Ref="i12"/><IyyAttribute z:Ref="i13"/><IyzAttribute z:Ref="i14"/><IzzAttribute z:Ref="i15"/></URDFElement></ChildElements><ElementName>inertial</ElementName><required>false</required><Inertia z:Ref="i9"/><Mass z:Ref="i7"/><Origin z:Ref="i4"/></URDFElement><URDFElement z:Id="i16" i:type="Visual"><Attributes/><ChildElements><URDFElement z:Id="i17" i:type="Origin"><Attributes><Attribute z:Id="i18"><AttributeType>xyz</AttributeType><IsRequired>true</IsRequired><Value i:type="a:ArrayOfdouble" xmlns:a="http://schemas.microsoft.com/2003/10/Serialization/Arrays"><a:double>0</a:double><a:double>0</a:double><a:double>0</a:double></Value></Attribute><Attribute z:Id="i19"><AttributeType>rpy</AttributeType><IsRequired>true</IsRequired><Value i:type="a:ArrayOfdouble" xmlns:a="http://schemas.microsoft.com/2003/10/Serialization/Arrays"><a:double>0</a:double><a:double>0</a:double><a:double>0</a:double></Value></Attribute></Attributes><ChildElements/><ElementName>origin</ElementName><required>false</required><RPYAttribute z:Ref="i19"/><XYZAttribute z:Ref="i18"/><isCustomized>false</isCustomized></URDFElement><URDFElement z:Id="i20" i:type="Geometry"><Attributes/><ChildElements><URDFElement z:Id="i21" i:type="Mesh"><Attributes><Attribute z:Id="i22"><AttributeType>filename</AttributeType><IsRequired>true</IsRequired><Value i:nil="true"/></Attribute></Attributes><ChildElements/><ElementName>mesh</ElementName><required>false</required><FilenameAttribute z:Ref="i22"/></URDFElement></ChildElements><ElementName>geometry</ElementName><required>true</required><Mesh z:Ref="i21"/></URDFElement><URDFElement z:Id="i23" i:type="Material"><Attributes><Attribute z:Id="i24"><AttributeType>name</AttributeType><IsRequired>true</IsRequired><Value i:type="a:string" xmlns:a="http://www.w3.org/2001/XMLSchema"/></Attribute></Attributes><ChildElements><URDFElement z:Id="i25" i:type="Color"><Attributes><Attribute z:Id="i26"><AttributeType>rgba</AttributeType><IsRequired>true</IsRequired><Value i:type="a:ArrayOfdouble" xmlns:a="http://schemas.microsoft.com/2003/10/Serialization/Arrays"><a:double>1</a:double><a:double>1</a:double><a:double>1</a:double><a:double>1</a:double></Value></Attribute></Attributes><ChildElements/><ElementName>color</ElementName><required>false</required><RGBAAttribute z:Ref="i26"/></URDFElement><URDFElement z:Id="i27" i:type="Texture"><Attributes><Attribute z:Id="i28"><AttributeType>filename</AttributeType><IsRequired>true</IsRequired><Value i:nil="true"/></Attribute></Attributes><ChildElements/><ElementName>texture</ElementName><required>false</required><FilenameAttribute z:Ref="i28"/><wFilename/></URDFElement></ChildElements><ElementName>material</ElementName><required>false</required><Color z:Ref="i25"/><NameAttribute z:Ref="i24"/><Texture z:Ref="i27"/></URDFElement></ChildElements><ElementName>visual</ElementName><required>false</required><Geometry z:Ref="i20"/><Material z:Ref="i23"/><Origin z:Ref="i17"/></URDFElement><URDFElement z:Id="i29" i:type="Collision"><Attributes/><ChildElements><URDFElement z:Id="i30" i:type="Origin"><Attributes><Attribute z:Id="i31"><AttributeType>xyz</AttributeType><IsRequired>true</IsRequired><Value i:type="a:ArrayOfdouble" xmlns:a="http://schemas.microsoft.com/2003/10/Serialization/Arrays"><a:double>0</a:double><a:double>0</a:double><a:double>0</a:double></Value></Attribute><Attribute z:Id="i32"><AttributeType>rpy</AttributeType><IsRequired>true</IsRequired><Value i:type="a:ArrayOfdouble" xmlns:a="http://schemas.microsoft.com/2003/10/Serialization/Arrays"><a:double>0</a:double><a:double>0</a:double><a:double>0</a:double></Value></Attribute></Attributes><ChildElements/><ElementName>origin</ElementName><required>false</required><RPYAttribute z:Ref="i32"/><XYZAttribute z:Ref="i31"/><isCustomized>false</isCustomized></URDFElement><URDFElement z:Id="i33" i:type="Geometry"><Attributes/><ChildElements><URDFElement z:Id="i34" i:type="Mesh"><Attributes><Attribute z:Id="i35"><AttributeType>filename</AttributeType><IsRequired>true</IsRequired><Value i:nil="true"/></Attribute></Attributes><ChildElements/><ElementName>mesh</ElementName><required>false</required><FilenameAttribute z:Ref="i35"/></URDFElement></ChildElements><ElementName>geometry</ElementName><required>true</required><Mesh z:Ref="i34"/></URDFElement></ChildElements><ElementName>collision</ElementName><required>false</required><Geometry z:Ref="i33"/><Origin z:Ref="i30"/></URDFElement><URDFElement z:Id="i36" i:type="Joint"><Attributes><Attribute z:Id="i37"><AttributeType>name</AttributeType><IsRequired>true</IsRequired><Value i:type="a:string" xmlns:a="http://www.w3.org/2001/XMLSchema"/></Attribute><Attribute z:Id="i38"><AttributeType>type</AttributeType><IsRequired>true</IsRequired><Value i:type="a:string" xmlns:a="http://www.w3.org/2001/XMLSchema"/></Attribute></Attributes><ChildElements><URDFElement z:Id="i39" i:type="Origin"><Attributes><Attribute z:Id="i40"><AttributeType>xyz</AttributeType><IsRequired>true</IsRequired><Value i:type="a:ArrayOfdouble" xmlns:a="http://schemas.microsoft.com/2003/10/Serialization/Arrays"><a:double>0</a:double><a:double>0</a:double><a:double>0</a:double></Value></Attribute><Attribute z:Id="i41"><AttributeType>rpy</AttributeType><IsRequired>true</IsRequired><Value i:type="a:ArrayOfdouble" xmlns:a="http://schemas.microsoft.com/2003/10/Serialization/Arrays"><a:double>0</a:double><a:double>0</a:double><a:double>0</a:double></Value></Attribute></Attributes><ChildElements/><ElementName>origin</ElementName><required>false</required><RPYAttribute z:Ref="i41"/><XYZAttribute z:Ref="i40"/><isCustomized>false</isCustomized></URDFElement><URDFElement z:Id="i42" i:type="ParentLink"><Attributes><Attribute z:Id="i43"><AttributeType>link</AttributeType><IsRequired>true</IsRequired><Value i:type="a:string" xmlns:a="http://www.w3.org/2001/XMLSchema"/></Attribute></Attributes><ChildElements/><ElementName>parent</ElementName><required>true</required><NameAttribute z:Ref="i43"/></URDFElement><URDFElement z:Id="i44" i:type="ChildLink"><Attributes><Attribute z:Id="i45"><AttributeType>link</AttributeType><IsRequired>true</IsRequired><Value i:type="a:string" xmlns:a="http://www.w3.org/2001/XMLSchema"/></Attribute></Attributes><ChildElements/><ElementName>child</ElementName><required>true</required><NameAttribute z:Ref="i45"/></URDFElement><URDFElement z:Id="i46" i:type="Axis"><Attributes><Attribute z:Id="i47"><AttributeType>xyz</AttributeType><IsRequired>true</IsRequired><Value i:type="a:ArrayOfdouble" xmlns:a="http://schemas.microsoft.com/2003/10/Serialization/Arrays"><a:double>0</a:double><a:double>0</a:double><a:double>0</a:double></Value></Attribute></Attributes><ChildElements/><ElementName>axis</ElementName><required>false</required><XYZAttribute z:Ref="i47"/></URDFElement><URDFElement z:Id="i48" i:type="Limit"><Attributes><Attribute z:Id="i49"><AttributeType>lower</AttributeType><IsRequired>false</IsRequired><Value i:nil="true"/></Attribute><Attribute z:Id="i50"><AttributeType>upper</AttributeType><IsRequired>false</IsRequired><Value i:nil="true"/></Attribute><Attribute z:Id="i51"><AttributeType>effort</AttributeType><IsRequired>true</IsRequired><Value i:nil="true"/></Attribute><Attribute z:Id="i52"><AttributeType>velocity</AttributeType><IsRequired>true</IsRequired><Value i:nil="true"/></Attribute></Attributes><ChildElements/><ElementName>limit</ElementName><required>false</required><EffortAttribute z:Ref="i51"/><LowerAttribute z:Ref="i49"/><UpperAttribute z:Ref="i50"/><VelocityAttribute z:Ref="i52"/></URDFElement><URDFElement z:Id="i53" i:type="Calibration"><Attributes><Attribute z:Id="i54"><AttributeType>rising</AttributeType><IsRequired>false</IsRequired><Value i:nil="true"/></Attribute><Attribute z:Id="i55"><AttributeType>falling</AttributeType><IsRequired>false</IsRequired><Value i:nil="true"/></Attribute></Attributes><ChildElements/><ElementName>calibration</ElementName><required>false</required><FallingAttribute z:Ref="i55"/><RisingAttribute z:Ref="i54"/></URDFElement><URDFElement z:Id="i56" i:type="Dynamics"><Attributes><Attribute z:Id="i57"><AttributeType>damping</AttributeType><IsRequired>false</IsRequired><Value i:nil="true"/></Attribute><Attribute z:Id="i58"><AttributeType>friction</AttributeType><IsRequired>false</IsRequired><Value i:nil="true"/></Attribute></Attributes><ChildElements/><ElementName>dynamics</ElementName><required>false</required><DampingAttribute z:Ref="i57"/><FrictionAttribute z:Ref="i58"/></URDFElement><URDFElement z:Id="i59" i:type="SafetyController"><Attributes><Attribute z:Id="i60"><AttributeType>soft_upper_limit</AttributeType><IsRequired>false</IsRequired><Value i:nil="true"/></Attribute><Attribute z:Id="i61"><AttributeType>soft_lower_limit</AttributeType><IsRequired>false</IsRequired><Value i:nil="true"/></Attribute><Attribute z:Id="i62"><AttributeType>k_position</AttributeType><IsRequired>false</IsRequired><Value i:nil="true"/></Attribute><Attribute z:Id="i63"><AttributeType>k_velocity</AttributeType><IsRequired>true</IsRequired><Value i:nil="true"/></Attribute></Attributes><ChildElements/><ElementName>safety_controller</ElementName><required>false</required><KPositionAttribute z:Ref="i62"/><KVelocityAttribute z:Ref="i63"/><SoftLowerAttribute z:Ref="i61"/><SoftUpperAttribute z:Ref="i60"/></URDFElement><URDFElement z:Id="i64" i:type="Mimic"><Attributes><Attribute z:Id="i65"><AttributeType>joint</AttributeType><IsRequired>true</IsRequired><Value i:nil="true"/></Attribute><Attribute z:Id="i66"><AttributeType>multiplier</AttributeType><IsRequired>false</IsRequired><Value i:nil="true"/></Attribute><Attribute z:Id="i67"><AttributeType>offset</AttributeType><IsRequired>false</IsRequired><Value i:nil="true"/></Attribute></Attributes><ChildElements/><ElementName>mimic</ElementName><required>false</required><JointNameAttribute z:Ref="i65"/><MultiplierAttribute z:Ref="i66"/><OffsetAttribute z:Ref="i67"/></URDFElement></ChildElements><ElementName>joint</ElementName><required>false</required><Axis z:Ref="i46"/><AxisName/><Calibration z:Ref="i53"/><Child z:Ref="i44"/><CoordinateSystemName>Automatically Generate</CoordinateSystemName><Dynamics z:Ref="i56"/><Limit z:Ref="i48"/><Mimic z:Ref="i64"/><NameAttribute z:Ref="i37"/><Origin z:Ref="i39"/><Parent z:Ref="i42"/><Safety z:Ref="i59"/><TypeAttribute z:Ref="i38"/></URDFElement></ChildElements><ElementName>link</ElementName><required>true</required><Children><Link z:Id="i68"><Attributes><Attribute z:Id="i69"><AttributeType>name</AttributeType><IsRequired>true</IsRequired><Value i:type="a:string" xmlns:a="http://www.w3.org/2001/XMLSchema">Shoulder</Value></Attribute></Attributes><ChildElements><URDFElement z:Id="i70" i:type="Inertial"><Attributes/><ChildElements><URDFElement z:Id="i71" i:type="Origin"><Attributes><Attribute z:Id="i72"><AttributeType>xyz</AttributeType><IsRequired>true</IsRequired><Value i:type="a:ArrayOfdouble" xmlns:a="http://schemas.microsoft.com/2003/10/Serialization/Arrays"><a:double>0</a:double><a:double>0</a:double><a:double>0</a:double></Value></Attribute><Attribute z:Id="i73"><AttributeType>rpy</AttributeType><IsRequired>true</IsRequired><Value i:type="a:ArrayOfdouble" xmlns:a="http://schemas.microsoft.com/2003/10/Serialization/Arrays"><a:double>0</a:double><a:double>0</a:double><a:double>0</a:double></Value></Attribute></Attributes><ChildElements/><ElementName>origin</ElementName><required>false</required><RPYAttribute z:Ref="i73"/><XYZAttribute z:Ref="i72"/><isCustomized>false</isCustomized></URDFElement><URDFElement z:Id="i74" i:type="Mass"><Attributes><Attribute z:Id="i75"><AttributeType>value</AttributeType><IsRequired>true</IsRequired><Value i:type="a:double" xmlns:a="http://www.w3.org/2001/XMLSchema">0</Value></Attribute></Attributes><ChildElements/><ElementName>mass</ElementName><required>false</required><ValueAttribute z:Ref="i75"/></URDFElement><URDFElement z:Id="i76" i:type="Inertia"><Attributes><Attribute z:Id="i77"><AttributeType>ixx</AttributeType><IsRequired>true</IsRequired><Value i:type="a:double" xmlns:a="http://www.w3.org/2001/XMLSchema">0</Value></Attribute><Attribute z:Id="i78"><AttributeType>ixy</AttributeType><IsRequired>true</IsRequired><Value i:type="a:double" xmlns:a="http://www.w3.org/2001/XMLSchema">0</Value></Attribute><Attribute z:Id="i79"><AttributeType>ixz</AttributeType><IsRequired>true</IsRequired><Value i:type="a:double" xmlns:a="http://www.w3.org/2001/XMLSchema">0</Value></Attribute><Attribute z:Id="i80"><AttributeType>iyy</AttributeType><IsRequired>true</IsRequired><Value i:type="a:double" xmlns:a="http://www.w3.org/2001/XMLSchema">0</Value></Attribute><Attribute z:Id="i81"><AttributeType>iyz</AttributeType><IsRequired>true</IsRequired><Value i:type="a:double" xmlns:a="http://www.w3.org/2001/XMLSchema">0</Value></Attribute><Attribute z:Id="i82"><AttributeType>izz</AttributeType><IsRequired>true</IsRequired><Value i:type="a:double" xmlns:a="http://www.w3.org/2001/XMLSchema">0</Value></Attribute></Attributes><ChildElements/><ElementName>inertia</ElementName><required>false</required><IxxAttribute z:Ref="i77"/><IxyAttribute z:Ref="i78"/><IxzAttribute z:Ref="i79"/><IyyAttribute z:Ref="i80"/><IyzAttribute z:Ref="i81"/><IzzAttribute z:Ref="i82"/></URDFElement></ChildElements><ElementName>inertial</ElementName><required>false</required><Inertia z:Ref="i76"/><Mass z:Ref="i74"/><Origin z:Ref="i71"/></URDFElement><URDFElement z:Id="i83" i:type="Visual"><Attributes/><ChildElements><URDFElement z:Id="i84" i:type="Origin"><Attributes><Attribute z:Id="i85"><AttributeType>xyz</AttributeType><IsRequired>true</IsRequired><Value i:type="a:ArrayOfdouble" xmlns:a="http://schemas.microsoft.com/2003/10/Serialization/Arrays"><a:double>0</a:double><a:double>0</a:double><a:double>0</a:double></Value></Attribute><Attribute z:Id="i86"><AttributeType>rpy</AttributeType><IsRequired>true</IsRequired><Value i:type="a:ArrayOfdouble" xmlns:a="http://schemas.microsoft.com/2003/10/Serialization/Arrays"><a:double>0</a:double><a:double>0</a:double><a:double>0</a:double></Value></Attribute></Attributes><ChildElements/><ElementName>origin</ElementName><required>false</required><RPYAttribute z:Ref="i86"/><XYZAttribute z:Ref="i85"/><isCustomized>false</isCustomized></URDFElement><URDFElement z:Id="i87" i:type="Geometry"><Attributes/><ChildElements><URDFElement z:Id="i88" i:type="Mesh"><Attributes><Attribute z:Id="i89"><AttributeType>filename</AttributeType><IsRequired>true</IsRequired><Value i:nil="true"/></Attribute></Attributes><ChildElements/><ElementName>mesh</ElementName><required>false</required><FilenameAttribute z:Ref="i89"/></URDFElement></ChildElements><ElementName>geometry</ElementName><required>true</required><Mesh z:Ref="i88"/></URDFElement><URDFElement z:Id="i90" i:type="Material"><Attributes><Attribute z:Id="i91"><AttributeType>name</AttributeType><IsRequired>true</IsRequired><Value i:type="a:string" xmlns:a="http://www.w3.org/2001/XMLSchema"/></Attribute></Attributes><ChildElements><URDFElement z:Id="i92" i:type="Color"><Attributes><Attribute z:Id="i93"><AttributeType>rgba</AttributeType><IsRequired>true</IsRequired><Value i:type="a:ArrayOfdouble" xmlns:a="http://schemas.microsoft.com/2003/10/Serialization/Arrays"><a:double>1</a:double><a:double>1</a:double><a:double>1</a:double><a:double>1</a:double></Value></Attribute></Attributes><ChildElements/><ElementName>color</ElementName><required>false</required><RGBAAttribute z:Ref="i93"/></URDFElement><URDFElement z:Id="i94" i:type="Texture"><Attributes><Attribute z:Id="i95"><AttributeType>filename</AttributeType><IsRequired>true</IsRequired><Value i:nil="true"/></Attribute></Attributes><ChildElements/><ElementName>texture</ElementName><required>false</required><FilenameAttribute z:Ref="i95"/><wFilename/></URDFElement></ChildElements><ElementName>material</ElementName><required>false</required><Color z:Ref="i92"/><NameAttribute z:Ref="i91"/><Texture z:Ref="i94"/></URDFElement></ChildElements><ElementName>visual</ElementName><required>false</required><Geometry z:Ref="i87"/><Material z:Ref="i90"/><Origin z:Ref="i84"/></URDFElement><URDFElement z:Id="i96" i:type="Collision"><Attributes/><ChildElements><URDFElement z:Id="i97" i:type="Origin"><Attributes><Attribute z:Id="i98"><AttributeType>xyz</AttributeType><IsRequired>true</IsRequired><Value i:type="a:ArrayOfdouble" xmlns:a="http://schemas.microsoft.com/2003/10/Serialization/Arrays"><a:double>0</a:double><a:double>0</a:double><a:double>0</a:double></Value></Attribute><Attribute z:Id="i99"><AttributeType>rpy</AttributeType><IsRequired>true</IsRequired><Value i:type="a:ArrayOfdouble" xmlns:a="http://schemas.microsoft.com/2003/10/Serialization/Arrays"><a:double>0</a:double><a:double>0</a:double><a:double>0</a:double></Value></Attribute></Attributes><ChildElements/><ElementName>origin</ElementName><required>false</required><RPYAttribute z:Ref="i99"/><XYZAttribute z:Ref="i98"/><isCustomized>false</isCustomized></URDFElement><URDFElement z:Id="i100" i:type="Geometry"><Attributes/><ChildElements><URDFElement z:Id="i101" i:type="Mesh"><Attributes><Attribute z:Id="i102"><AttributeType>filename</AttributeType><IsRequired>true</IsRequired><Value i:nil="true"/></Attribute></Attributes><ChildElements/><ElementName>mesh</ElementName><required>false</required><FilenameAttribute z:Ref="i102"/></URDFElement></ChildElements><ElementName>geometry</ElementName><required>true</required><Mesh z:Ref="i101"/></URDFElement></ChildElements><ElementName>collision</ElementName><required>false</required><Geometry z:Ref="i100"/><Origin z:Ref="i97"/></URDFElement><URDFElement z:Id="i103" i:type="Joint"><Attributes><Attribute z:Id="i104"><AttributeType>name</AttributeType><IsRequired>true</IsRequired><Value i:type="a:string" xmlns:a="http://www.w3.org/2001/XMLSchema">Shoulder</Value></Attribute><Attribute z:Id="i105"><AttributeType>type</AttributeType><IsRequired>true</IsRequired><Value i:type="a:string" xmlns:a="http://www.w3.org/2001/XMLSchema">Automatically Detect</Value></Attribute></Attributes><ChildElements><URDFElement z:Id="i106" i:type="Origin"><Attributes><Attribute z:Id="i107"><AttributeType>xyz</AttributeType><IsRequired>true</IsRequired><Value i:type="a:ArrayOfdouble" xmlns:a="http://schemas.microsoft.com/2003/10/Serialization/Arrays"><a:double>0</a:double><a:double>0</a:double><a:double>0</a:double></Value></Attribute><Attribute z:Id="i108"><AttributeType>rpy</AttributeType><IsRequired>true</IsRequired><Value i:type="a:ArrayOfdouble" xmlns:a="http://schemas.microsoft.com/2003/10/Serialization/Arrays"><a:double>0</a:double><a:double>0</a:double><a:double>0</a:double></Value></Attribute></Attributes><ChildElements/><ElementName>origin</ElementName><required>false</required><RPYAttribute z:Ref="i108"/><XYZAttribute z:Ref="i107"/><isCustomized>false</isCustomized></URDFElement><URDFElement z:Id="i109" i:type="ParentLink"><Attributes><Attribute z:Id="i110"><AttributeType>link</AttributeType><IsRequired>true</IsRequired><Value i:type="a:string" xmlns:a="http://www.w3.org/2001/XMLSchema"/></Attribute></Attributes><ChildElements/><ElementName>parent</ElementName><required>true</required><NameAttribute z:Ref="i110"/></URDFElement><URDFElement z:Id="i111" i:type="ChildLink"><Attributes><Attribute z:Id="i112"><AttributeType>link</AttributeType><IsRequired>true</IsRequired><Value i:type="a:string" xmlns:a="http://www.w3.org/2001/XMLSchema"/></Attribute></Attributes><ChildElements/><ElementName>child</ElementName><required>true</required><NameAttribute z:Ref="i112"/></URDFElement><URDFElement z:Id="i113" i:type="Axis"><Attributes><Attribute z:Id="i114"><AttributeType>xyz</AttributeType><IsRequired>true</IsRequired><Value i:type="a:ArrayOfdouble" xmlns:a="http://schemas.microsoft.com/2003/10/Serialization/Arrays"><a:double>0</a:double><a:double>0</a:double><a:double>0</a:double></Value></Attribute></Attributes><ChildElements/><ElementName>axis</ElementName><required>false</required><XYZAttribute z:Ref="i114"/></URDFElement><URDFElement z:Id="i115" i:type="Limit"><Attributes><Attribute z:Id="i116"><AttributeType>lower</AttributeType><IsRequired>false</IsRequired><Value i:nil="true"/></Attribute><Attribute z:Id="i117"><AttributeType>upper</AttributeType><IsRequired>false</IsRequired><Value i:nil="true"/></Attribute><Attribute z:Id="i118"><AttributeType>effort</AttributeType><IsRequired>true</IsRequired><Value i:nil="true"/></Attribute><Attribute z:Id="i119"><AttributeType>velocity</AttributeType><IsRequired>true</IsRequired><Value i:nil="true"/></Attribute></Attributes><ChildElements/><ElementName>limit</ElementName><required>false</required><EffortAttribute z:Ref="i118"/><LowerAttribute z:Ref="i116"/><UpperAttribute z:Ref="i117"/><VelocityAttribute z:Ref="i119"/></URDFElement><URDFElement z:Id="i120" i:type="Calibration"><Attributes><Attribute z:Id="i121"><AttributeType>rising</AttributeType><IsRequired>false</IsRequired><Value i:nil="true"/></Attribute><Attribute z:Id="i122"><AttributeType>falling</AttributeType><IsRequired>false</IsRequired><Value i:nil="true"/></Attribute></Attributes><ChildElements/><ElementName>calibration</ElementName><required>false</required><FallingAttribute z:Ref="i122"/><RisingAttribute z:Ref="i121"/></URDFElement><URDFElement z:Id="i123" i:type="Dynamics"><Attributes><Attribute z:Id="i124"><AttributeType>damping</AttributeType><IsRequired>false</IsRequired><Value i:nil="true"/></Attribute><Attribute z:Id="i125"><AttributeType>friction</AttributeType><IsRequired>false</IsRequired><Value i:nil="true"/></Attribute></Attributes><ChildElements/><ElementName>dynamics</ElementName><required>false</required><DampingAttribute z:Ref="i124"/><FrictionAttribute z:Ref="i125"/></URDFElement><URDFElement z:Id="i126" i:type="SafetyController"><Attributes><Attribute z:Id="i127"><AttributeType>soft_upper_limit</AttributeType><IsRequired>false</IsRequired><Value i:nil="true"/></Attribute><Attribute z:Id="i128"><AttributeType>soft_lower_limit</AttributeType><IsRequired>false</IsRequired><Value i:nil="true"/></Attribute><Attribute z:Id="i129"><AttributeType>k_position</AttributeType><IsRequired>false</IsRequired><Value i:nil="true"/></Attribute><Attribute z:Id="i130"><AttributeType>k_velocity</AttributeType><IsRequired>true</IsRequired><Value i:nil="true"/></Attribute></Attributes><ChildElements/><ElementName>safety_controller</ElementName><required>false</required><KPositionAttribute z:Ref="i129"/><KVelocityAttribute z:Ref="i130"/><SoftLowerAttribute z:Ref="i128"/><SoftUpperAttribute z:Ref="i127"/></URDFElement><URDFElement z:Id="i131" i:type="Mimic"><Attributes><Attribute z:Id="i132"><AttributeType>joint</AttributeType><IsRequired>true</IsRequired><Value i:nil="true"/></Attribute><Attribute z:Id="i133"><AttributeType>multiplier</AttributeType><IsRequired>false</IsRequired><Value i:nil="true"/></Attribute><Attribute z:Id="i134"><AttributeType>offset</AttributeType><IsRequired>false</IsRequired><Value i:nil="true"/></Attribute></Attributes><ChildElements/><ElementName>mimic</ElementName><required>false</required><JointNameAttribute z:Ref="i132"/><MultiplierAttribute z:Ref="i133"/><OffsetAttribute z:Ref="i134"/></URDFElement></ChildElements><ElementName>joint</ElementName><required>false</required><Axis z:Ref="i113"/><AxisName>?????????1</AxisName><Calibration z:Ref="i120"/><Child z:Ref="i111"/><CoordinateSystemName>Automatically Generate</CoordinateSystemName><Dynamics z:Ref="i123"/><Limit z:Ref="i115"/><Mimic z:Ref="i131"/><NameAttribute z:Ref="i104"/><Origin z:Ref="i106"/><Parent z:Ref="i109"/><Safety z:Ref="i126"/><TypeAttribute z:Ref="i105"/></URDFElement></ChildElements><ElementName>link</ElementName><required>true</required><Children><Link z:Id="i135"><Attributes><Attribute z:Id="i136"><AttributeType>name</AttributeType><IsRequired>true</IsRequired><Value i:type="a:string" xmlns:a="http://www.w3.org/2001/XMLSchema">UpperArm_Up</Value></Attribute></Attributes><ChildElements><URDFElement z:Id="i137" i:type="Inertial"><Attributes/><ChildElements><URDFElement z:Id="i138" i:type="Origin"><Attributes><Attribute z:Id="i139"><AttributeType>xyz</AttributeType><IsRequired>true</IsRequired><Value i:type="a:ArrayOfdouble" xmlns:a="http://schemas.microsoft.com/2003/10/Serialization/Arrays"><a:double>0</a:double><a:double>0</a:double><a:double>0</a:double></Value></Attribute><Attribute z:Id="i140"><AttributeType>rpy</AttributeType><IsRequired>true</IsRequired><Value i:type="a:ArrayOfdouble" xmlns:a="http://schemas.microsoft.com/2003/10/Serialization/Arrays"><a:double>0</a:double><a:double>0</a:double><a:double>0</a:double></Value></Attribute></Attributes><ChildElements/><ElementName>origin</ElementName><required>false</required><RPYAttribute z:Ref="i140"/><XYZAttribute z:Ref="i139"/><isCustomized>false</isCustomized></URDFElement><URDFElement z:Id="i141" i:type="Mass"><Attributes><Attribute z:Id="i142"><AttributeType>value</AttributeType><IsRequired>true</IsRequired><Value i:type="a:double" xmlns:a="http://www.w3.org/2001/XMLSchema">0</Value></Attribute></Attributes><ChildElements/><ElementName>mass</ElementName><required>false</required><ValueAttribute z:Ref="i142"/></URDFElement><URDFElement z:Id="i143" i:type="Inertia"><Attributes><Attribute z:Id="i144"><AttributeType>ixx</AttributeType><IsRequired>true</IsRequired><Value i:type="a:double" xmlns:a="http://www.w3.org/2001/XMLSchema">0</Value></Attribute><Attribute z:Id="i145"><AttributeType>ixy</AttributeType><IsRequired>true</IsRequired><Value i:type="a:double" xmlns:a="http://www.w3.org/2001/XMLSchema">0</Value></Attribute><Attribute z:Id="i146"><AttributeType>ixz</AttributeType><IsRequired>true</IsRequired><Value i:type="a:double" xmlns:a="http://www.w3.org/2001/XMLSchema">0</Value></Attribute><Attribute z:Id="i147"><AttributeType>iyy</AttributeType><IsRequired>true</IsRequired><Value i:type="a:double" xmlns:a="http://www.w3.org/2001/XMLSchema">0</Value></Attribute><Attribute z:Id="i148"><AttributeType>iyz</AttributeType><IsRequired>true</IsRequired><Value i:type="a:double" xmlns:a="http://www.w3.org/2001/XMLSchema">0</Value></Attribute><Attribute z:Id="i149"><AttributeType>izz</AttributeType><IsRequired>true</IsRequired><Value i:type="a:double" xmlns:a="http://www.w3.org/2001/XMLSchema">0</Value></Attribute></Attributes><ChildElements/><ElementName>inertia</ElementName><required>false</required><IxxAttribute z:Ref="i144"/><IxyAttribute z:Ref="i145"/><IxzAttribute z:Ref="i146"/><IyyAttribute z:Ref="i147"/><IyzAttribute z:Ref="i148"/><IzzAttribute z:Ref="i149"/></URDFElement></ChildElements><ElementName>inertial</ElementName><required>false</required><Inertia z:Ref="i143"/><Mass z:Ref="i141"/><Origin z:Ref="i138"/></URDFElement><URDFElement z:Id="i150" i:type="Visual"><Attributes/><ChildElements><URDFElement z:Id="i151" i:type="Origin"><Attributes><Attribute z:Id="i152"><AttributeType>xyz</AttributeType><IsRequired>true</IsRequired><Value i:type="a:ArrayOfdouble" xmlns:a="http://schemas.microsoft.com/2003/10/Serialization/Arrays"><a:double>0</a:double><a:double>0</a:double><a:double>0</a:double></Value></Attribute><Attribute z:Id="i153"><AttributeType>rpy</AttributeType><IsRequired>true</IsRequired><Value i:type="a:ArrayOfdouble" xmlns:a="http://schemas.microsoft.com/2003/10/Serialization/Arrays"><a:double>0</a:double><a:double>0</a:double><a:double>0</a:double></Value></Attribute></Attributes><ChildElements/><ElementName>origin</ElementName><required>false</required><RPYAttribute z:Ref="i153"/><XYZAttribute z:Ref="i152"/><isCustomized>false</isCustomized></URDFElement><URDFElement z:Id="i154" i:type="Geometry"><Attributes/><ChildElements><URDFElement z:Id="i155" i:type="Mesh"><Attributes><Attribute z:Id="i156"><AttributeType>filename</AttributeType><IsRequired>true</IsRequired><Value i:nil="true"/></Attribute></Attributes><ChildElements/><ElementName>mesh</ElementName><required>false</required><FilenameAttribute z:Ref="i156"/></URDFElement></ChildElements><ElementName>geometry</ElementName><required>true</required><Mesh z:Ref="i155"/></URDFElement><URDFElement z:Id="i157" i:type="Material"><Attributes><Attribute z:Id="i158"><AttributeType>name</AttributeType><IsRequired>true</IsRequired><Value i:type="a:string" xmlns:a="http://www.w3.org/2001/XMLSchema"/></Attribute></Attributes><ChildElements><URDFElement z:Id="i159" i:type="Color"><Attributes><Attribute z:Id="i160"><AttributeType>rgba</AttributeType><IsRequired>true</IsRequired><Value i:type="a:ArrayOfdouble" xmlns:a="http://schemas.microsoft.com/2003/10/Serialization/Arrays"><a:double>1</a:double><a:double>1</a:double><a:double>1</a:double><a:double>1</a:double></Value></Attribute></Attributes><ChildElements/><ElementName>color</ElementName><required>false</required><RGBAAttribute z:Ref="i160"/></URDFElement><URDFElement z:Id="i161" i:type="Texture"><Attributes><Attribute z:Id="i162"><AttributeType>filename</AttributeType><IsRequired>true</IsRequired><Value i:nil="true"/></Attribute></Attributes><ChildElements/><ElementName>texture</ElementName><required>false</required><FilenameAttribute z:Ref="i162"/><wFilename/></URDFElement></ChildElements><ElementName>material</ElementName><required>false</required><Color z:Ref="i159"/><NameAttribute z:Ref="i158"/><Texture z:Ref="i161"/></URDFElement></ChildElements><ElementName>visual</ElementName><required>false</required><Geometry z:Ref="i154"/><Material z:Ref="i157"/><Origin z:Ref="i151"/></URDFElement><URDFElement z:Id="i163" i:type="Collision"><Attributes/><ChildElements><URDFElement z:Id="i164" i:type="Origin"><Attributes><Attribute z:Id="i165"><AttributeType>xyz</AttributeType><IsRequired>true</IsRequired><Value i:type="a:ArrayOfdouble" xmlns:a="http://schemas.microsoft.com/2003/10/Serialization/Arrays"><a:double>0</a:double><a:double>0</a:double><a:double>0</a:double></Value></Attribute><Attribute z:Id="i166"><AttributeType>rpy</AttributeType><IsRequired>true</IsRequired><Value i:type="a:ArrayOfdouble" xmlns:a="http://schemas.microsoft.com/2003/10/Serialization/Arrays"><a:double>0</a:double><a:double>0</a:double><a:double>0</a:double></Value></Attribute></Attributes><ChildElements/><ElementName>origin</ElementName><required>false</required><RPYAttribute z:Ref="i166"/><XYZAttribute z:Ref="i165"/><isCustomized>false</isCustomized></URDFElement><URDFElement z:Id="i167" i:type="Geometry"><Attributes/><ChildElements><URDFElement z:Id="i168" i:type="Mesh"><Attributes><Attribute z:Id="i169"><AttributeType>filename</AttributeType><IsRequired>true</IsRequired><Value i:nil="true"/></Attribute></Attributes><ChildElements/><ElementName>mesh</ElementName><required>false</required><FilenameAttribute z:Ref="i169"/></URDFElement></ChildElements><ElementName>geometry</ElementName><required>true</required><Mesh z:Ref="i168"/></URDFElement></ChildElements><ElementName>collision</ElementName><required>false</required><Geometry z:Ref="i167"/><Origin z:Ref="i164"/></URDFElement><URDFElement z:Id="i170" i:type="Joint"><Attributes><Attribute z:Id="i171"><AttributeType>name</AttributeType><IsRequired>true</IsRequired><Value i:type="a:string" xmlns:a="http://www.w3.org/2001/XMLSchema">UpperArm_Up</Value></Attribute><Attribute z:Id="i172"><AttributeType>type</AttributeType><IsRequired>true</IsRequired><Value i:type="a:string" xmlns:a="http://www.w3.org/2001/XMLSchema">Automatically Detect</Value></Attribute></Attributes><ChildElements><URDFElement z:Id="i173" i:type="Origin"><Attributes><Attribute z:Id="i174"><AttributeType>xyz</AttributeType><IsRequired>true</IsRequired><Value i:type="a:ArrayOfdouble" xmlns:a="http://schemas.microsoft.com/2003/10/Serialization/Arrays"><a:double>0</a:double><a:double>0</a:double><a:double>0</a:double></Value></Attribute><Attribute z:Id="i175"><AttributeType>rpy</AttributeType><IsRequired>true</IsRequired><Value i:type="a:ArrayOfdouble" xmlns:a="http://schemas.microsoft.com/2003/10/Serialization/Arrays"><a:double>0</a:double><a:double>0</a:double><a:double>0</a:double></Value></Attribute></Attributes><ChildElements/><ElementName>origin</ElementName><required>false</required><RPYAttribute z:Ref="i175"/><XYZAttribute z:Ref="i174"/><isCustomized>false</isCustomized></URDFElement><URDFElement z:Id="i176" i:type="ParentLink"><Attributes><Attribute z:Id="i177"><AttributeType>link</AttributeType><IsRequired>true</IsRequired><Value i:type="a:string" xmlns:a="http://www.w3.org/2001/XMLSchema"/></Attribute></Attributes><ChildElements/><ElementName>parent</ElementName><required>true</required><NameAttribute z:Ref="i177"/></URDFElement><URDFElement z:Id="i178" i:type="ChildLink"><Attributes><Attribute z:Id="i179"><AttributeType>link</AttributeType><IsRequired>true</IsRequired><Value i:type="a:string" xmlns:a="http://www.w3.org/2001/XMLSchema"/></Attribute></Attributes><ChildElements/><ElementName>child</ElementName><required>true</required><NameAttribute z:Ref="i179"/></URDFElement><URDFElement z:Id="i180" i:type="Axis"><Attributes><Attribute z:Id="i181"><AttributeType>xyz</AttributeType><IsRequired>true</IsRequired><Value i:type="a:ArrayOfdouble" xmlns:a="http://schemas.microsoft.com/2003/10/Serialization/Arrays"><a:double>0</a:double><a:double>0</a:double><a:double>0</a:double></Value></Attribute></Attributes><ChildElements/><ElementName>axis</ElementName><required>false</required><XYZAttribute z:Ref="i181"/></URDFElement><URDFElement z:Id="i182" i:type="Limit"><Attributes><Attribute z:Id="i183"><AttributeType>lower</AttributeType><IsRequired>false</IsRequired><Value i:nil="true"/></Attribute><Attribute z:Id="i184"><AttributeType>upper</AttributeType><IsRequired>false</IsRequired><Value i:nil="true"/></Attribute><Attribute z:Id="i185"><AttributeType>effort</AttributeType><IsRequired>true</IsRequired><Value i:nil="true"/></Attribute><Attribute z:Id="i186"><AttributeType>velocity</AttributeType><IsRequired>true</IsRequired><Value i:nil="true"/></Attribute></Attributes><ChildElements/><ElementName>limit</ElementName><required>false</required><EffortAttribute z:Ref="i185"/><LowerAttribute z:Ref="i183"/><UpperAttribute z:Ref="i184"/><VelocityAttribute z:Ref="i186"/></URDFElement><URDFElement z:Id="i187" i:type="Calibration"><Attributes><Attribute z:Id="i188"><AttributeType>rising</AttributeType><IsRequired>false</IsRequired><Value i:nil="true"/></Attribute><Attribute z:Id="i189"><AttributeType>falling</AttributeType><IsRequired>false</IsRequired><Value i:nil="true"/></Attribute></Attributes><ChildElements/><ElementName>calibration</ElementName><required>false</required><FallingAttribute z:Ref="i189"/><RisingAttribute z:Ref="i188"/></URDFElement><URDFElement z:Id="i190" i:type="Dynamics"><Attributes><Attribute z:Id="i191"><AttributeType>damping</AttributeType><IsRequired>false</IsRequired><Value i:nil="true"/></Attribute><Attribute z:Id="i192"><AttributeType>friction</AttributeType><IsRequired>false</IsRequired><Value i:nil="true"/></Attribute></Attributes><ChildElements/><ElementName>dynamics</ElementName><required>false</required><DampingAttribute z:Ref="i191"/><FrictionAttribute z:Ref="i192"/></URDFElement><URDFElement z:Id="i193" i:type="SafetyController"><Attributes><Attribute z:Id="i194"><AttributeType>soft_upper_limit</AttributeType><IsRequired>false</IsRequired><Value i:nil="true"/></Attribute><Attribute z:Id="i195"><AttributeType>soft_lower_limit</AttributeType><IsRequired>false</IsRequired><Value i:nil="true"/></Attribute><Attribute z:Id="i196"><AttributeType>k_position</AttributeType><IsRequired>false</IsRequired><Value i:nil="true"/></Attribute><Attribute z:Id="i197"><AttributeType>k_velocity</AttributeType><IsRequired>true</IsRequired><Value i:nil="true"/></Attribute></Attributes><ChildElements/><ElementName>safety_controller</ElementName><required>false</required><KPositionAttribute z:Ref="i196"/><KVelocityAttribute z:Ref="i197"/><SoftLowerAttribute z:Ref="i195"/><SoftUpperAttribute z:Ref="i194"/></URDFElement><URDFElement z:Id="i198" i:type="Mimic"><Attributes><Attribute z:Id="i199"><AttributeType>joint</AttributeType><IsRequired>true</IsRequired><Value i:nil="true"/></Attribute><Attribute z:Id="i200"><AttributeType>multiplier</AttributeType><IsRequired>false</IsRequired><Value i:nil="true"/></Attribute><Attribute z:Id="i201"><AttributeType>offset</AttributeType><IsRequired>false</IsRequired><Value i:nil="true"/></Attribute></Attributes><ChildElements/><ElementName>mimic</ElementName><required>false</required><JointNameAttribute z:Ref="i199"/><MultiplierAttribute z:Ref="i200"/><OffsetAttribute z:Ref="i201"/></URDFElement></ChildElements><ElementName>joint</ElementName><required>false</required><Axis z:Ref="i180"/><AxisName>?????????2</AxisName><Calibration z:Ref="i187"/><Child z:Ref="i178"/><CoordinateSystemName>Automatically Generate</CoordinateSystemName><Dynamics z:Ref="i190"/><Limit z:Ref="i182"/><Mimic z:Ref="i198"/><NameAttribute z:Ref="i171"/><Origin z:Ref="i173"/><Parent z:Ref="i176"/><Safety z:Ref="i193"/><TypeAttribute z:Ref="i172"/></URDFElement></ChildElements><ElementName>link</ElementName><required>true</required><Children><Link z:Id="i202"><Attributes><Attribute z:Id="i203"><AttributeType>name</AttributeType><IsRequired>true</IsRequired><Value i:type="a:string" xmlns:a="http://www.w3.org/2001/XMLSchema">UpperArm_Down</Value></Attribute></Attributes><ChildElements><URDFElement z:Id="i204" i:type="Inertial"><Attributes/><ChildElements><URDFElement z:Id="i205" i:type="Origin"><Attributes><Attribute z:Id="i206"><AttributeType>xyz</AttributeType><IsRequired>true</IsRequired><Value i:type="a:ArrayOfdouble" xmlns:a="http://schemas.microsoft.com/2003/10/Serialization/Arrays"><a:double>0</a:double><a:double>0</a:double><a:double>0</a:double></Value></Attribute><Attribute z:Id="i207"><AttributeType>rpy</AttributeType><IsRequired>true</IsRequired><Value i:type="a:ArrayOfdouble" xmlns:a="http://schemas.microsoft.com/2003/10/Serialization/Arrays"><a:double>0</a:double><a:double>0</a:double><a:double>0</a:double></Value></Attribute></Attributes><ChildElements/><ElementName>origin</ElementName><required>false</required><RPYAttribute z:Ref="i207"/><XYZAttribute z:Ref="i206"/><isCustomized>false</isCustomized></URDFElement><URDFElement z:Id="i208" i:type="Mass"><Attributes><Attribute z:Id="i209"><AttributeType>value</AttributeType><IsRequired>true</IsRequired><Value i:type="a:double" xmlns:a="http://www.w3.org/2001/XMLSchema">0</Value></Attribute></Attributes><ChildElements/><ElementName>mass</ElementName><required>false</required><ValueAttribute z:Ref="i209"/></URDFElement><URDFElement z:Id="i210" i:type="Inertia"><Attributes><Attribute z:Id="i211"><AttributeType>ixx</AttributeType><IsRequired>true</IsRequired><Value i:type="a:double" xmlns:a="http://www.w3.org/2001/XMLSchema">0</Value></Attribute><Attribute z:Id="i212"><AttributeType>ixy</AttributeType><IsRequired>true</IsRequired><Value i:type="a:double" xmlns:a="http://www.w3.org/2001/XMLSchema">0</Value></Attribute><Attribute z:Id="i213"><AttributeType>ixz</AttributeType><IsRequired>true</IsRequired><Value i:type="a:double" xmlns:a="http://www.w3.org/2001/XMLSchema">0</Value></Attribute><Attribute z:Id="i214"><AttributeType>iyy</AttributeType><IsRequired>true</IsRequired><Value i:type="a:double" xmlns:a="http://www.w3.org/2001/XMLSchema">0</Value></Attribute><Attribute z:Id="i215"><AttributeType>iyz</AttributeType><IsRequired>true</IsRequired><Value i:type="a:double" xmlns:a="http://www.w3.org/2001/XMLSchema">0</Value></Attribute><Attribute z:Id="i216"><AttributeType>izz</AttributeType><IsRequired>true</IsRequired><Value i:type="a:double" xmlns:a="http://www.w3.org/2001/XMLSchema">0</Value></Attribute></Attributes><ChildElements/><ElementName>inertia</ElementName><required>false</required><IxxAttribute z:Ref="i211"/><IxyAttribute z:Ref="i212"/><IxzAttribute z:Ref="i213"/><IyyAttribute z:Ref="i214"/><IyzAttribute z:Ref="i215"/><IzzAttribute z:Ref="i216"/></URDFElement></ChildElements><ElementName>inertial</ElementName><required>false</required><Inertia z:Ref="i210"/><Mass z:Ref="i208"/><Origin z:Ref="i205"/></URDFElement><URDFElement z:Id="i217" i:type="Visual"><Attributes/><ChildElements><URDFElement z:Id="i218" i:type="Origin"><Attributes><Attribute z:Id="i219"><AttributeType>xyz</AttributeType><IsRequired>true</IsRequired><Value i:type="a:ArrayOfdouble" xmlns:a="http://schemas.microsoft.com/2003/10/Serialization/Arrays"><a:double>0</a:double><a:double>0</a:double><a:double>0</a:double></Value></Attribute><Attribute z:Id="i220"><AttributeType>rpy</AttributeType><IsRequired>true</IsRequired><Value i:type="a:ArrayOfdouble" xmlns:a="http://schemas.microsoft.com/2003/10/Serialization/Arrays"><a:double>0</a:double><a:double>0</a:double><a:double>0</a:double></Value></Attribute></Attributes><ChildElements/><ElementName>origin</ElementName><required>false</required><RPYAttribute z:Ref="i220"/><XYZAttribute z:Ref="i219"/><isCustomized>false</isCustomized></URDFElement><URDFElement z:Id="i221" i:type="Geometry"><Attributes/><ChildElements><URDFElement z:Id="i222" i:type="Mesh"><Attributes><Attribute z:Id="i223"><AttributeType>filename</AttributeType><IsRequired>true</IsRequired><Value i:nil="true"/></Attribute></Attributes><ChildElements/><ElementName>mesh</ElementName><required>false</required><FilenameAttribute z:Ref="i223"/></URDFElement></ChildElements><ElementName>geometry</ElementName><required>true</required><Mesh z:Ref="i222"/></URDFElement><URDFElement z:Id="i224" i:type="Material"><Attributes><Attribute z:Id="i225"><AttributeType>name</AttributeType><IsRequired>true</IsRequired><Value i:type="a:string" xmlns:a="http://www.w3.org/2001/XMLSchema"/></Attribute></Attributes><ChildElements><URDFElement z:Id="i226" i:type="Color"><Attributes><Attribute z:Id="i227"><AttributeType>rgba</AttributeType><IsRequired>true</IsRequired><Value i:type="a:ArrayOfdouble" xmlns:a="http://schemas.microsoft.com/2003/10/Serialization/Arrays"><a:double>1</a:double><a:double>1</a:double><a:double>1</a:double><a:double>1</a:double></Value></Attribute></Attributes><ChildElements/><ElementName>color</ElementName><required>false</required><RGBAAttribute z:Ref="i227"/></URDFElement><URDFElement z:Id="i228" i:type="Texture"><Attributes><Attribute z:Id="i229"><AttributeType>filename</AttributeType><IsRequired>true</IsRequired><Value i:nil="true"/></Attribute></Attributes><ChildElements/><ElementName>texture</ElementName><required>false</required><FilenameAttribute z:Ref="i229"/><wFilename/></URDFElement></ChildElements><ElementName>material</ElementName><required>false</required><Color z:Ref="i226"/><NameAttribute z:Ref="i225"/><Texture z:Ref="i228"/></URDFElement></ChildElements><ElementName>visual</ElementName><required>false</required><Geometry z:Ref="i221"/><Material z:Ref="i224"/><Origin z:Ref="i218"/></URDFElement><URDFElement z:Id="i230" i:type="Collision"><Attributes/><ChildElements><URDFElement z:Id="i231" i:type="Origin"><Attributes><Attribute z:Id="i232"><AttributeType>xyz</AttributeType><IsRequired>true</IsRequired><Value i:type="a:ArrayOfdouble" xmlns:a="http://schemas.microsoft.com/2003/10/Serialization/Arrays"><a:double>0</a:double><a:double>0</a:double><a:double>0</a:double></Value></Attribute><Attribute z:Id="i233"><AttributeType>rpy</AttributeType><IsRequired>true</IsRequired><Value i:type="a:ArrayOfdouble" xmlns:a="http://schemas.microsoft.com/2003/10/Serialization/Arrays"><a:double>0</a:double><a:double>0</a:double><a:double>0</a:double></Value></Attribute></Attributes><ChildElements/><ElementName>origin</ElementName><required>false</required><RPYAttribute z:Ref="i233"/><XYZAttribute z:Ref="i232"/><isCustomized>false</isCustomized></URDFElement><URDFElement z:Id="i234" i:type="Geometry"><Attributes/><ChildElements><URDFElement z:Id="i235" i:type="Mesh"><Attributes><Attribute z:Id="i236"><AttributeType>filename</AttributeType><IsRequired>true</IsRequired><Value i:nil="true"/></Attribute></Attributes><ChildElements/><ElementName>mesh</ElementName><required>false</required><FilenameAttribute z:Ref="i236"/></URDFElement></ChildElements><ElementName>geometry</ElementName><required>true</required><Mesh z:Ref="i235"/></URDFElement></ChildElements><ElementName>collision</ElementName><required>false</required><Geometry z:Ref="i234"/><Origin z:Ref="i231"/></URDFElement><URDFElement z:Id="i237" i:type="Joint"><Attributes><Attribute z:Id="i238"><AttributeType>name</AttributeType><IsRequired>true</IsRequired><Value i:type="a:string" xmlns:a="http://www.w3.org/2001/XMLSchema">UpperArm_Down</Value></Attribute><Attribute z:Id="i239"><AttributeType>type</AttributeType><IsRequired>true</IsRequired><Value i:type="a:string" xmlns:a="http://www.w3.org/2001/XMLSchema">Automatically Detect</Value></Attribute></Attributes><ChildElements><URDFElement z:Id="i240" i:type="Origin"><Attributes><Attribute z:Id="i241"><AttributeType>xyz</AttributeType><IsRequired>true</IsRequired><Value i:type="a:ArrayOfdouble" xmlns:a="http://schemas.microsoft.com/2003/10/Serialization/Arrays"><a:double>0</a:double><a:double>0</a:double><a:double>0</a:double></Value></Attribute><Attribute z:Id="i242"><AttributeType>rpy</AttributeType><IsRequired>true</IsRequired><Value i:type="a:ArrayOfdouble" xmlns:a="http://schemas.microsoft.com/2003/10/Serialization/Arrays"><a:double>0</a:double><a:double>0</a:double><a:double>0</a:double></Value></Attribute></Attributes><ChildElements/><ElementName>origin</ElementName><required>false</required><RPYAttribute z:Ref="i242"/><XYZAttribute z:Ref="i241"/><isCustomized>false</isCustomized></URDFElement><URDFElement z:Id="i243" i:type="ParentLink"><Attributes><Attribute z:Id="i244"><AttributeType>link</AttributeType><IsRequired>true</IsRequired><Value i:type="a:string" xmlns:a="http://www.w3.org/2001/XMLSchema"/></Attribute></Attributes><ChildElements/><ElementName>parent</ElementName><required>true</required><NameAttribute z:Ref="i244"/></URDFElement><URDFElement z:Id="i245" i:type="ChildLink"><Attributes><Attribute z:Id="i246"><AttributeType>link</AttributeType><IsRequired>true</IsRequired><Value i:type="a:string" xmlns:a="http://www.w3.org/2001/XMLSchema"/></Attribute></Attributes><ChildElements/><ElementName>child</ElementName><required>true</required><NameAttribute z:Ref="i246"/></URDFElement><URDFElement z:Id="i247" i:type="Axis"><Attributes><Attribute z:Id="i248"><AttributeType>xyz</AttributeType><IsRequired>true</IsRequired><Value i:type="a:ArrayOfdouble" xmlns:a="http://schemas.microsoft.com/2003/10/Serialization/Arrays"><a:double>0</a:double><a:double>0</a:double><a:double>0</a:double></Value></Attribute></Attributes><ChildElements/><ElementName>axis</ElementName><required>false</required><XYZAttribute z:Ref="i248"/></URDFElement><URDFElement z:Id="i249" i:type="Limit"><Attributes><Attribute z:Id="i250"><AttributeType>lower</AttributeType><IsRequired>false</IsRequired><Value i:nil="true"/></Attribute><Attribute z:Id="i251"><AttributeType>upper</AttributeType><IsRequired>false</IsRequired><Value i:nil="true"/></Attribute><Attribute z:Id="i252"><AttributeType>effort</AttributeType><IsRequired>true</IsRequired><Value i:nil="true"/></Attribute><Attribute z:Id="i253"><AttributeType>velocity</AttributeType><IsRequired>true</IsRequired><Value i:nil="true"/></Attribute></Attributes><ChildElements/><ElementName>limit</ElementName><required>false</required><EffortAttribute z:Ref="i252"/><LowerAttribute z:Ref="i250"/><UpperAttribute z:Ref="i251"/><VelocityAttribute z:Ref="i253"/></URDFElement><URDFElement z:Id="i254" i:type="Calibration"><Attributes><Attribute z:Id="i255"><AttributeType>rising</AttributeType><IsRequired>false</IsRequired><Value i:nil="true"/></Attribute><Attribute z:Id="i256"><AttributeType>falling</AttributeType><IsRequired>false</IsRequired><Value i:nil="true"/></Attribute></Attributes><ChildElements/><ElementName>calibration</ElementName><required>false</required><FallingAttribute z:Ref="i256"/><RisingAttribute z:Ref="i255"/></URDFElement><URDFElement z:Id="i257" i:type="Dynamics"><Attributes><Attribute z:Id="i258"><AttributeType>damping</AttributeType><IsRequired>false</IsRequired><Value i:nil="true"/></Attribute><Attribute z:Id="i259"><AttributeType>friction</AttributeType><IsRequired>false</IsRequired><Value i:nil="true"/></Attribute></Attributes><ChildElements/><ElementName>dynamics</ElementName><required>false</required><DampingAttribute z:Ref="i258"/><FrictionAttribute z:Ref="i259"/></URDFElement><URDFElement z:Id="i260" i:type="SafetyController"><Attributes><Attribute z:Id="i261"><AttributeType>soft_upper_limit</AttributeType><IsRequired>false</IsRequired><Value i:nil="true"/></Attribute><Attribute z:Id="i262"><AttributeType>soft_lower_limit</AttributeType><IsRequired>false</IsRequired><Value i:nil="true"/></Attribute><Attribute z:Id="i263"><AttributeType>k_position</AttributeType><IsRequired>false</IsRequired><Value i:nil="true"/></Attribute><Attribute z:Id="i264"><AttributeType>k_velocity</AttributeType><IsRequired>true</IsRequired><Value i:nil="true"/></Attribute></Attributes><ChildElements/><ElementName>safety_controller</ElementName><required>false</required><KPositionAttribute z:Ref="i263"/><KVelocityAttribute z:Ref="i264"/><SoftLowerAttribute z:Ref="i262"/><SoftUpperAttribute z:Ref="i261"/></URDFElement><URDFElement z:Id="i265" i:type="Mimic"><Attributes><Attribute z:Id="i266"><AttributeType>joint</AttributeType><IsRequired>true</IsRequired><Value i:nil="true"/></Attribute><Attribute z:Id="i267"><AttributeType>multiplier</AttributeType><IsRequired>false</IsRequired><Value i:nil="true"/></Attribute><Attribute z:Id="i268"><AttributeType>offset</AttributeType><IsRequired>false</IsRequired><Value i:nil="true"/></Attribute></Attributes><ChildElements/><ElementName>mimic</ElementName><required>false</required><JointNameAttribute z:Ref="i266"/><MultiplierAttribute z:Ref="i267"/><OffsetAttribute z:Ref="i268"/></URDFElement></ChildElements><ElementName>joint</ElementName><required>false</required><Axis z:Ref="i247"/><AxisName>?????????3</AxisName><Calibration z:Ref="i254"/><Child z:Ref="i245"/><CoordinateSystemName>Automatically Generate</CoordinateSystemName><Dynamics z:Ref="i257"/><Limit z:Ref="i249"/><Mimic z:Ref="i265"/><NameAttribute z:Ref="i238"/><Origin z:Ref="i240"/><Parent z:Ref="i243"/><Safety z:Ref="i260"/><TypeAttribute z:Ref="i239"/></URDFElement></ChildElements><ElementName>link</ElementName><required>true</required><Children><Link z:Id="i269"><Attributes><Attribute z:Id="i270"><AttributeType>name</AttributeType><IsRequired>true</IsRequired><Value i:type="a:string" xmlns:a="http://www.w3.org/2001/XMLSchema">ForeArm_Up</Value></Attribute></Attributes><ChildElements><URDFElement z:Id="i271" i:type="Inertial"><Attributes/><ChildElements><URDFElement z:Id="i272" i:type="Origin"><Attributes><Attribute z:Id="i273"><AttributeType>xyz</AttributeType><IsRequired>true</IsRequired><Value i:type="a:ArrayOfdouble" xmlns:a="http://schemas.microsoft.com/2003/10/Serialization/Arrays"><a:double>0</a:double><a:double>0</a:double><a:double>0</a:double></Value></Attribute><Attribute z:Id="i274"><AttributeType>rpy</AttributeType><IsRequired>true</IsRequired><Value i:type="a:ArrayOfdouble" xmlns:a="http://schemas.microsoft.com/2003/10/Serialization/Arrays"><a:double>0</a:double><a:double>0</a:double><a:double>0</a:double></Value></Attribute></Attributes><ChildElements/><ElementName>origin</ElementName><required>false</required><RPYAttribute z:Ref="i274"/><XYZAttribute z:Ref="i273"/><isCustomized>false</isCustomized></URDFElement><URDFElement z:Id="i275" i:type="Mass"><Attributes><Attribute z:Id="i276"><AttributeType>value</AttributeType><IsRequired>true</IsRequired><Value i:type="a:double" xmlns:a="http://www.w3.org/2001/XMLSchema">0</Value></Attribute></Attributes><ChildElements/><ElementName>mass</ElementName><required>false</required><ValueAttribute z:Ref="i276"/></URDFElement><URDFElement z:Id="i277" i:type="Inertia"><Attributes><Attribute z:Id="i278"><AttributeType>ixx</AttributeType><IsRequired>true</IsRequired><Value i:type="a:double" xmlns:a="http://www.w3.org/2001/XMLSchema">0</Value></Attribute><Attribute z:Id="i279"><AttributeType>ixy</AttributeType><IsRequired>true</IsRequired><Value i:type="a:double" xmlns:a="http://www.w3.org/2001/XMLSchema">0</Value></Attribute><Attribute z:Id="i280"><AttributeType>ixz</AttributeType><IsRequired>true</IsRequired><Value i:type="a:double" xmlns:a="http://www.w3.org/2001/XMLSchema">0</Value></Attribute><Attribute z:Id="i281"><AttributeType>iyy</AttributeType><IsRequired>true</IsRequired><Value i:type="a:double" xmlns:a="http://www.w3.org/2001/XMLSchema">0</Value></Attribute><Attribute z:Id="i282"><AttributeType>iyz</AttributeType><IsRequired>true</IsRequired><Value i:type="a:double" xmlns:a="http://www.w3.org/2001/XMLSchema">0</Value></Attribute><Attribute z:Id="i283"><AttributeType>izz</AttributeType><IsRequired>true</IsRequired><Value i:type="a:double" xmlns:a="http://www.w3.org/2001/XMLSchema">0</Value></Attribute></Attributes><ChildElements/><ElementName>inertia</ElementName><required>false</required><IxxAttribute z:Ref="i278"/><IxyAttribute z:Ref="i279"/><IxzAttribute z:Ref="i280"/><IyyAttribute z:Ref="i281"/><IyzAttribute z:Ref="i282"/><IzzAttribute z:Ref="i283"/></URDFElement></ChildElements><ElementName>inertial</ElementName><required>false</required><Inertia z:Ref="i277"/><Mass z:Ref="i275"/><Origin z:Ref="i272"/></URDFElement><URDFElement z:Id="i284" i:type="Visual"><Attributes/><ChildElements><URDFElement z:Id="i285" i:type="Origin"><Attributes><Attribute z:Id="i286"><AttributeType>xyz</AttributeType><IsRequired>true</IsRequired><Value i:type="a:ArrayOfdouble" xmlns:a="http://schemas.microsoft.com/2003/10/Serialization/Arrays"><a:double>0</a:double><a:double>0</a:double><a:double>0</a:double></Value></Attribute><Attribute z:Id="i287"><AttributeType>rpy</AttributeType><IsRequired>true</IsRequired><Value i:type="a:ArrayOfdouble" xmlns:a="http://schemas.microsoft.com/2003/10/Serialization/Arrays"><a:double>0</a:double><a:double>0</a:double><a:double>0</a:double></Value></Attribute></Attributes><ChildElements/><ElementName>origin</ElementName><required>false</required><RPYAttribute z:Ref="i287"/><XYZAttribute z:Ref="i286"/><isCustomized>false</isCustomized></URDFElement><URDFElement z:Id="i288" i:type="Geometry"><Attributes/><ChildElements><URDFElement z:Id="i289" i:type="Mesh"><Attributes><Attribute z:Id="i290"><AttributeType>filename</AttributeType><IsRequired>true</IsRequired><Value i:nil="true"/></Attribute></Attributes><ChildElements/><ElementName>mesh</ElementName><required>false</required><FilenameAttribute z:Ref="i290"/></URDFElement></ChildElements><ElementName>geometry</ElementName><required>true</required><Mesh z:Ref="i289"/></URDFElement><URDFElement z:Id="i291" i:type="Material"><Attributes><Attribute z:Id="i292"><AttributeType>name</AttributeType><IsRequired>true</IsRequired><Value i:type="a:string" xmlns:a="http://www.w3.org/2001/XMLSchema"/></Attribute></Attributes><ChildElements><URDFElement z:Id="i293" i:type="Color"><Attributes><Attribute z:Id="i294"><AttributeType>rgba</AttributeType><IsRequired>true</IsRequired><Value i:type="a:ArrayOfdouble" xmlns:a="http://schemas.microsoft.com/2003/10/Serialization/Arrays"><a:double>1</a:double><a:double>1</a:double><a:double>1</a:double><a:double>1</a:double></Value></Attribute></Attributes><ChildElements/><ElementName>color</ElementName><required>false</required><RGBAAttribute z:Ref="i294"/></URDFElement><URDFElement z:Id="i295" i:type="Texture"><Attributes><Attribute z:Id="i296"><AttributeType>filename</AttributeType><IsRequired>true</IsRequired><Value i:nil="true"/></Attribute></Attributes><ChildElements/><ElementName>texture</ElementName><required>false</required><FilenameAttribute z:Ref="i296"/><wFilename/></URDFElement></ChildElements><ElementName>material</ElementName><required>false</required><Color z:Ref="i293"/><NameAttribute z:Ref="i292"/><Texture z:Ref="i295"/></URDFElement></ChildElements><ElementName>visual</ElementName><required>false</required><Geometry z:Ref="i288"/><Material z:Ref="i291"/><Origin z:Ref="i285"/></URDFElement><URDFElement z:Id="i297" i:type="Collision"><Attributes/><ChildElements><URDFElement z:Id="i298" i:type="Origin"><Attributes><Attribute z:Id="i299"><AttributeType>xyz</AttributeType><IsRequired>true</IsRequired><Value i:type="a:ArrayOfdouble" xmlns:a="http://schemas.microsoft.com/2003/10/Serialization/Arrays"><a:double>0</a:double><a:double>0</a:double><a:double>0</a:double></Value></Attribute><Attribute z:Id="i300"><AttributeType>rpy</AttributeType><IsRequired>true</IsRequired><Value i:type="a:ArrayOfdouble" xmlns:a="http://schemas.microsoft.com/2003/10/Serialization/Arrays"><a:double>0</a:double><a:double>0</a:double><a:double>0</a:double></Value></Attribute></Attributes><ChildElements/><ElementName>origin</ElementName><required>false</required><RPYAttribute z:Ref="i300"/><XYZAttribute z:Ref="i299"/><isCustomized>false</isCustomized></URDFElement><URDFElement z:Id="i301" i:type="Geometry"><Attributes/><ChildElements><URDFElement z:Id="i302" i:type="Mesh"><Attributes><Attribute z:Id="i303"><AttributeType>filename</AttributeType><IsRequired>true</IsRequired><Value i:nil="true"/></Attribute></Attributes><ChildElements/><ElementName>mesh</ElementName><required>false</required><FilenameAttribute z:Ref="i303"/></URDFElement></ChildElements><ElementName>geometry</ElementName><required>true</required><Mesh z:Ref="i302"/></URDFElement></ChildElements><ElementName>collision</ElementName><required>false</required><Geometry z:Ref="i301"/><Origin z:Ref="i298"/></URDFElement><URDFElement z:Id="i304" i:type="Joint"><Attributes><Attribute z:Id="i305"><AttributeType>name</AttributeType><IsRequired>true</IsRequired><Value i:type="a:string" xmlns:a="http://www.w3.org/2001/XMLSchema">ForeArm_Up</Value></Attribute><Attribute z:Id="i306"><AttributeType>type</AttributeType><IsRequired>true</IsRequired><Value i:type="a:string" xmlns:a="http://www.w3.org/2001/XMLSchema">Automatically Detect</Value></Attribute></Attributes><ChildElements><URDFElement z:Id="i307" i:type="Origin"><Attributes><Attribute z:Id="i308"><AttributeType>xyz</AttributeType><IsRequired>true</IsRequired><Value i:type="a:ArrayOfdouble" xmlns:a="http://schemas.microsoft.com/2003/10/Serialization/Arrays"><a:double>0</a:double><a:double>0</a:double><a:double>0</a:double></Value></Attribute><Attribute z:Id="i309"><AttributeType>rpy</AttributeType><IsRequired>true</IsRequired><Value i:type="a:ArrayOfdouble" xmlns:a="http://schemas.microsoft.com/2003/10/Serialization/Arrays"><a:double>0</a:double><a:double>0</a:double><a:double>0</a:double></Value></Attribute></Attributes><ChildElements/><ElementName>origin</ElementName><required>false</required><RPYAttribute z:Ref="i309"/><XYZAttribute z:Ref="i308"/><isCustomized>false</isCustomized></URDFElement><URDFElement z:Id="i310" i:type="ParentLink"><Attributes><Attribute z:Id="i311"><AttributeType>link</AttributeType><IsRequired>true</IsRequired><Value i:type="a:string" xmlns:a="http://www.w3.org/2001/XMLSchema"/></Attribute></Attributes><ChildElements/><ElementName>parent</ElementName><required>true</required><NameAttribute z:Ref="i311"/></URDFElement><URDFElement z:Id="i312" i:type="ChildLink"><Attributes><Attribute z:Id="i313"><AttributeType>link</AttributeType><IsRequired>true</IsRequired><Value i:type="a:string" xmlns:a="http://www.w3.org/2001/XMLSchema"/></Attribute></Attributes><ChildElements/><ElementName>child</ElementName><required>true</required><NameAttribute z:Ref="i313"/></URDFElement><URDFElement z:Id="i314" i:type="Axis"><Attributes><Attribute z:Id="i315"><AttributeType>xyz</AttributeType><IsRequired>true</IsRequired><Value i:type="a:ArrayOfdouble" xmlns:a="http://schemas.microsoft.com/2003/10/Serialization/Arrays"><a:double>0</a:double><a:double>0</a:double><a:double>0</a:double></Value></Attribute></Attributes><ChildElements/><ElementName>axis</ElementName><required>false</required><XYZAttribute z:Ref="i315"/></URDFElement><URDFElement z:Id="i316" i:type="Limit"><Attributes><Attribute z:Id="i317"><AttributeType>lower</AttributeType><IsRequired>false</IsRequired><Value i:nil="true"/></Attribute><Attribute z:Id="i318"><AttributeType>upper</AttributeType><IsRequired>false</IsRequired><Value i:nil="true"/></Attribute><Attribute z:Id="i319"><AttributeType>effort</AttributeType><IsRequired>true</IsRequired><Value i:nil="true"/></Attribute><Attribute z:Id="i320"><AttributeType>velocity</AttributeType><IsRequired>true</IsRequired><Value i:nil="true"/></Attribute></Attributes><ChildElements/><ElementName>limit</ElementName><required>false</required><EffortAttribute z:Ref="i319"/><LowerAttribute z:Ref="i317"/><UpperAttribute z:Ref="i318"/><VelocityAttribute z:Ref="i320"/></URDFElement><URDFElement z:Id="i321" i:type="Calibration"><Attributes><Attribute z:Id="i322"><AttributeType>rising</AttributeType><IsRequired>false</IsRequired><Value i:nil="true"/></Attribute><Attribute z:Id="i323"><AttributeType>falling</AttributeType><IsRequired>false</IsRequired><Value i:nil="true"/></Attribute></Attributes><ChildElements/><ElementName>calibration</ElementName><required>false</required><FallingAttribute z:Ref="i323"/><RisingAttribute z:Ref="i322"/></URDFElement><URDFElement z:Id="i324" i:type="Dynamics"><Attributes><Attribute z:Id="i325"><AttributeType>damping</AttributeType><IsRequired>false</IsRequired><Value i:nil="true"/></Attribute><Attribute z:Id="i326"><AttributeType>friction</AttributeType><IsRequired>false</IsRequired><Value i:nil="true"/></Attribute></Attributes><ChildElements/><ElementName>dynamics</ElementName><required>false</required><DampingAttribute z:Ref="i325"/><FrictionAttribute z:Ref="i326"/></URDFElement><URDFElement z:Id="i327" i:type="SafetyController"><Attributes><Attribute z:Id="i328"><AttributeType>soft_upper_limit</AttributeType><IsRequired>false</IsRequired><Value i:nil="true"/></Attribute><Attribute z:Id="i329"><AttributeType>soft_lower_limit</AttributeType><IsRequired>false</IsRequired><Value i:nil="true"/></Attribute><Attribute z:Id="i330"><AttributeType>k_position</AttributeType><IsRequired>false</IsRequired><Value i:nil="true"/></Attribute><Attribute z:Id="i331"><AttributeType>k_velocity</AttributeType><IsRequired>true</IsRequired><Value i:nil="true"/></Attribute></Attributes><ChildElements/><ElementName>safety_controller</ElementName><required>false</required><KPositionAttribute z:Ref="i330"/><KVelocityAttribute z:Ref="i331"/><SoftLowerAttribute z:Ref="i329"/><SoftUpperAttribute z:Ref="i328"/></URDFElement><URDFElement z:Id="i332" i:type="Mimic"><Attributes><Attribute z:Id="i333"><AttributeType>joint</AttributeType><IsRequired>true</IsRequired><Value i:nil="true"/></Attribute><Attribute z:Id="i334"><AttributeType>multiplier</AttributeType><IsRequired>false</IsRequired><Value i:nil="true"/></Attribute><Attribute z:Id="i335"><AttributeType>offset</AttributeType><IsRequired>false</IsRequired><Value i:nil="true"/></Attribute></Attributes><ChildElements/><ElementName>mimic</ElementName><required>false</required><JointNameAttribute z:Ref="i333"/><MultiplierAttribute z:Ref="i334"/><OffsetAttribute z:Ref="i335"/></URDFElement></ChildElements><ElementName>joint</ElementName><required>false</required><Axis z:Ref="i314"/><AxisName>?????????4</AxisName><Calibration z:Ref="i321"/><Child z:Ref="i312"/><CoordinateSystemName>Automatically Generate</CoordinateSystemName><Dynamics z:Ref="i324"/><Limit z:Ref="i316"/><Mimic z:Ref="i332"/><NameAttribute z:Ref="i305"/><Origin z:Ref="i307"/><Parent z:Ref="i310"/><Safety z:Ref="i327"/><TypeAttribute z:Ref="i306"/></URDFElement></ChildElements><ElementName>link</ElementName><required>true</required><Children><Link z:Id="i336"><Attributes><Attribute z:Id="i337"><AttributeType>name</AttributeType><IsRequired>true</IsRequired><Value i:type="a:string" xmlns:a="http://www.w3.org/2001/XMLSchema">ForeArm_Down</Value></Attribute></Attributes><ChildElements><URDFElement z:Id="i338" i:type="Inertial"><Attributes/><ChildElements><URDFElement z:Id="i339" i:type="Origin"><Attributes><Attribute z:Id="i340"><AttributeType>xyz</AttributeType><IsRequired>true</IsRequired><Value i:type="a:ArrayOfdouble" xmlns:a="http://schemas.microsoft.com/2003/10/Serialization/Arrays"><a:double>0</a:double><a:double>0</a:double><a:double>0</a:double></Value></Attribute><Attribute z:Id="i341"><AttributeType>rpy</AttributeType><IsRequired>true</IsRequired><Value i:type="a:ArrayOfdouble" xmlns:a="http://schemas.microsoft.com/2003/10/Serialization/Arrays"><a:double>0</a:double><a:double>0</a:double><a:double>0</a:double></Value></Attribute></Attributes><ChildElements/><ElementName>origin</ElementName><required>false</required><RPYAttribute z:Ref="i341"/><XYZAttribute z:Ref="i340"/><isCustomized>false</isCustomized></URDFElement><URDFElement z:Id="i342" i:type="Mass"><Attributes><Attribute z:Id="i343"><AttributeType>value</AttributeType><IsRequired>true</IsRequired><Value i:type="a:double" xmlns:a="http://www.w3.org/2001/XMLSchema">0</Value></Attribute></Attributes><ChildElements/><ElementName>mass</ElementName><required>false</required><ValueAttribute z:Ref="i343"/></URDFElement><URDFElement z:Id="i344" i:type="Inertia"><Attributes><Attribute z:Id="i345"><AttributeType>ixx</AttributeType><IsRequired>true</IsRequired><Value i:type="a:double" xmlns:a="http://www.w3.org/2001/XMLSchema">0</Value></Attribute><Attribute z:Id="i346"><AttributeType>ixy</AttributeType><IsRequired>true</IsRequired><Value i:type="a:double" xmlns:a="http://www.w3.org/2001/XMLSchema">0</Value></Attribute><Attribute z:Id="i347"><AttributeType>ixz</AttributeType><IsRequired>true</IsRequired><Value i:type="a:double" xmlns:a="http://www.w3.org/2001/XMLSchema">0</Value></Attribute><Attribute z:Id="i348"><AttributeType>iyy</AttributeType><IsRequired>true</IsRequired><Value i:type="a:double" xmlns:a="http://www.w3.org/2001/XMLSchema">0</Value></Attribute><Attribute z:Id="i349"><AttributeType>iyz</AttributeType><IsRequired>true</IsRequired><Value i:type="a:double" xmlns:a="http://www.w3.org/2001/XMLSchema">0</Value></Attribute><Attribute z:Id="i350"><AttributeType>izz</AttributeType><IsRequired>true</IsRequired><Value i:type="a:double" xmlns:a="http://www.w3.org/2001/XMLSchema">0</Value></Attribute></Attributes><ChildElements/><ElementName>inertia</ElementName><required>false</required><IxxAttribute z:Ref="i345"/><IxyAttribute z:Ref="i346"/><IxzAttribute z:Ref="i347"/><IyyAttribute z:Ref="i348"/><IyzAttribute z:Ref="i349"/><IzzAttribute z:Ref="i350"/></URDFElement></ChildElements><ElementName>inertial</ElementName><required>false</required><Inertia z:Ref="i344"/><Mass z:Ref="i342"/><Origin z:Ref="i339"/></URDFElement><URDFElement z:Id="i351" i:type="Visual"><Attributes/><ChildElements><URDFElement z:Id="i352" i:type="Origin"><Attributes><Attribute z:Id="i353"><AttributeType>xyz</AttributeType><IsRequired>true</IsRequired><Value i:type="a:ArrayOfdouble" xmlns:a="http://schemas.microsoft.com/2003/10/Serialization/Arrays"><a:double>0</a:double><a:double>0</a:double><a:double>0</a:double></Value></Attribute><Attribute z:Id="i354"><AttributeType>rpy</AttributeType><IsRequired>true</IsRequired><Value i:type="a:ArrayOfdouble" xmlns:a="http://schemas.microsoft.com/2003/10/Serialization/Arrays"><a:double>0</a:double><a:double>0</a:double><a:double>0</a:double></Value></Attribute></Attributes><ChildElements/><ElementName>origin</ElementName><required>false</required><RPYAttribute z:Ref="i354"/><XYZAttribute z:Ref="i353"/><isCustomized>false</isCustomized></URDFElement><URDFElement z:Id="i355" i:type="Geometry"><Attributes/><ChildElements><URDFElement z:Id="i356" i:type="Mesh"><Attributes><Attribute z:Id="i357"><AttributeType>filename</AttributeType><IsRequired>true</IsRequired><Value i:nil="true"/></Attribute></Attributes><ChildElements/><ElementName>mesh</ElementName><required>false</required><FilenameAttribute z:Ref="i357"/></URDFElement></ChildElements><ElementName>geometry</ElementName><required>true</required><Mesh z:Ref="i356"/></URDFElement><URDFElement z:Id="i358" i:type="Material"><Attributes><Attribute z:Id="i359"><AttributeType>name</AttributeType><IsRequired>true</IsRequired><Value i:type="a:string" xmlns:a="http://www.w3.org/2001/XMLSchema"/></Attribute></Attributes><ChildElements><URDFElement z:Id="i360" i:type="Color"><Attributes><Attribute z:Id="i361"><AttributeType>rgba</AttributeType><IsRequired>true</IsRequired><Value i:type="a:ArrayOfdouble" xmlns:a="http://schemas.microsoft.com/2003/10/Serialization/Arrays"><a:double>1</a:double><a:double>1</a:double><a:double>1</a:double><a:double>1</a:double></Value></Attribute></Attributes><ChildElements/><ElementName>color</ElementName><required>false</required><RGBAAttribute z:Ref="i361"/></URDFElement><URDFElement z:Id="i362" i:type="Texture"><Attributes><Attribute z:Id="i363"><AttributeType>filename</AttributeType><IsRequired>true</IsRequired><Value i:nil="true"/></Attribute></Attributes><ChildElements/><ElementName>texture</ElementName><required>false</required><FilenameAttribute z:Ref="i363"/><wFilename/></URDFElement></ChildElements><ElementName>material</ElementName><required>false</required><Color z:Ref="i360"/><NameAttribute z:Ref="i359"/><Texture z:Ref="i362"/></URDFElement></ChildElements><ElementName>visual</ElementName><required>false</required><Geometry z:Ref="i355"/><Material z:Ref="i358"/><Origin z:Ref="i352"/></URDFElement><URDFElement z:Id="i364" i:type="Collision"><Attributes/><ChildElements><URDFElement z:Id="i365" i:type="Origin"><Attributes><Attribute z:Id="i366"><AttributeType>xyz</AttributeType><IsRequired>true</IsRequired><Value i:type="a:ArrayOfdouble" xmlns:a="http://schemas.microsoft.com/2003/10/Serialization/Arrays"><a:double>0</a:double><a:double>0</a:double><a:double>0</a:double></Value></Attribute><Attribute z:Id="i367"><AttributeType>rpy</AttributeType><IsRequired>true</IsRequired><Value i:type="a:ArrayOfdouble" xmlns:a="http://schemas.microsoft.com/2003/10/Serialization/Arrays"><a:double>0</a:double><a:double>0</a:double><a:double>0</a:double></Value></Attribute></Attributes><ChildElements/><ElementName>origin</ElementName><required>false</required><RPYAttribute z:Ref="i367"/><XYZAttribute z:Ref="i366"/><isCustomized>false</isCustomized></URDFElement><URDFElement z:Id="i368" i:type="Geometry"><Attributes/><ChildElements><URDFElement z:Id="i369" i:type="Mesh"><Attributes><Attribute z:Id="i370"><AttributeType>filename</AttributeType><IsRequired>true</IsRequired><Value i:nil="true"/></Attribute></Attributes><ChildElements/><ElementName>mesh</ElementName><required>false</required><FilenameAttribute z:Ref="i370"/></URDFElement></ChildElements><ElementName>geometry</ElementName><required>true</required><Mesh z:Ref="i369"/></URDFElement></ChildElements><ElementName>collision</ElementName><required>false</required><Geometry z:Ref="i368"/><Origin z:Ref="i365"/></URDFElement><URDFElement z:Id="i371" i:type="Joint"><Attributes><Attribute z:Id="i372"><AttributeType>name</AttributeType><IsRequired>true</IsRequired><Value i:type="a:string" xmlns:a="http://www.w3.org/2001/XMLSchema">ForeArm_Down</Value></Attribute><Attribute z:Id="i373"><AttributeType>type</AttributeType><IsRequired>true</IsRequired><Value i:type="a:string" xmlns:a="http://www.w3.org/2001/XMLSchema">Automatically Detect</Value></Attribute></Attributes><ChildElements><URDFElement z:Id="i374" i:type="Origin"><Attributes><Attribute z:Id="i375"><AttributeType>xyz</AttributeType><IsRequired>true</IsRequired><Value i:type="a:ArrayOfdouble" xmlns:a="http://schemas.microsoft.com/2003/10/Serialization/Arrays"><a:double>0</a:double><a:double>0</a:double><a:double>0</a:double></Value></Attribute><Attribute z:Id="i376"><AttributeType>rpy</AttributeType><IsRequired>true</IsRequired><Value i:type="a:ArrayOfdouble" xmlns:a="http://schemas.microsoft.com/2003/10/Serialization/Arrays"><a:double>0</a:double><a:double>0</a:double><a:double>0</a:double></Value></Attribute></Attributes><ChildElements/><ElementName>origin</ElementName><required>false</required><RPYAttribute z:Ref="i376"/><XYZAttribute z:Ref="i375"/><isCustomized>false</isCustomized></URDFElement><URDFElement z:Id="i377" i:type="ParentLink"><Attributes><Attribute z:Id="i378"><AttributeType>link</AttributeType><IsRequired>true</IsRequired><Value i:type="a:string" xmlns:a="http://www.w3.org/2001/XMLSchema"/></Attribute></Attributes><ChildElements/><ElementName>parent</ElementName><required>true</required><NameAttribute z:Ref="i378"/></URDFElement><URDFElement z:Id="i379" i:type="ChildLink"><Attributes><Attribute z:Id="i380"><AttributeType>link</AttributeType><IsRequired>true</IsRequired><Value i:type="a:string" xmlns:a="http://www.w3.org/2001/XMLSchema"/></Attribute></Attributes><ChildElements/><ElementName>child</ElementName><required>true</required><NameAttribute z:Ref="i380"/></URDFElement><URDFElement z:Id="i381" i:type="Axis"><Attributes><Attribute z:Id="i382"><AttributeType>xyz</AttributeType><IsRequired>true</IsRequired><Value i:type="a:ArrayOfdouble" xmlns:a="http://schemas.microsoft.com/2003/10/Serialization/Arrays"><a:double>0</a:double><a:double>0</a:double><a:double>0</a:double></Value></Attribute></Attributes><ChildElements/><ElementName>axis</ElementName><required>false</required><XYZAttribute z:Ref="i382"/></URDFElement><URDFElement z:Id="i383" i:type="Limit"><Attributes><Attribute z:Id="i384"><AttributeType>lower</AttributeType><IsRequired>false</IsRequired><Value i:nil="true"/></Attribute><Attribute z:Id="i385"><AttributeType>upper</AttributeType><IsRequired>false</IsRequired><Value i:nil="true"/></Attribute><Attribute z:Id="i386"><AttributeType>effort</AttributeType><IsRequired>true</IsRequired><Value i:nil="true"/></Attribute><Attribute z:Id="i387"><AttributeType>velocity</AttributeType><IsRequired>true</IsRequired><Value i:nil="true"/></Attribute></Attributes><ChildElements/><ElementName>limit</ElementName><required>false</required><EffortAttribute z:Ref="i386"/><LowerAttribute z:Ref="i384"/><UpperAttribute z:Ref="i385"/><VelocityAttribute z:Ref="i387"/></URDFElement><URDFElement z:Id="i388" i:type="Calibration"><Attributes><Attribute z:Id="i389"><AttributeType>rising</AttributeType><IsRequired>false</IsRequired><Value i:nil="true"/></Attribute><Attribute z:Id="i390"><AttributeType>falling</AttributeType><IsRequired>false</IsRequired><Value i:nil="true"/></Attribute></Attributes><ChildElements/><ElementName>calibration</ElementName><required>false</required><FallingAttribute z:Ref="i390"/><RisingAttribute z:Ref="i389"/></URDFElement><URDFElement z:Id="i391" i:type="Dynamics"><Attributes><Attribute z:Id="i392"><AttributeType>damping</AttributeType><IsRequired>false</IsRequired><Value i:nil="true"/></Attribute><Attribute z:Id="i393"><AttributeType>friction</AttributeType><IsRequired>false</IsRequired><Value i:nil="true"/></Attribute></Attributes><ChildElements/><ElementName>dynamics</ElementName><required>false</required><DampingAttribute z:Ref="i392"/><FrictionAttribute z:Ref="i393"/></URDFElement><URDFElement z:Id="i394" i:type="SafetyController"><Attributes><Attribute z:Id="i395"><AttributeType>soft_upper_limit</AttributeType><IsRequired>false</IsRequired><Value i:nil="true"/></Attribute><Attribute z:Id="i396"><AttributeType>soft_lower_limit</AttributeType><IsRequired>false</IsRequired><Value i:nil="true"/></Attribute><Attribute z:Id="i397"><AttributeType>k_position</AttributeType><IsRequired>false</IsRequired><Value i:nil="true"/></Attribute><Attribute z:Id="i398"><AttributeType>k_velocity</AttributeType><IsRequired>true</IsRequired><Value i:nil="true"/></Attribute></Attributes><ChildElements/><ElementName>safety_controller</ElementName><required>false</required><KPositionAttribute z:Ref="i397"/><KVelocityAttribute z:Ref="i398"/><SoftLowerAttribute z:Ref="i396"/><SoftUpperAttribute z:Ref="i395"/></URDFElement><URDFElement z:Id="i399" i:type="Mimic"><Attributes><Attribute z:Id="i400"><AttributeType>joint</AttributeType><IsRequired>true</IsRequired><Value i:nil="true"/></Attribute><Attribute z:Id="i401"><AttributeType>multiplier</AttributeType><IsRequired>false</IsRequired><Value i:nil="true"/></Attribute><Attribute z:Id="i402"><AttributeType>offset</AttributeType><IsRequired>false</IsRequired><Value i:nil="true"/></Attribute></Attributes><ChildElements/><ElementName>mimic</ElementName><required>false</required><JointNameAttribute z:Ref="i400"/><MultiplierAttribute z:Ref="i401"/><OffsetAttribute z:Ref="i402"/></URDFElement></ChildElements><ElementName>joint</ElementName><required>false</required><Axis z:Ref="i381"/><AxisName>?????????5</AxisName><Calibration z:Ref="i388"/><Child z:Ref="i379"/><CoordinateSystemName>Automatically Generate</CoordinateSystemName><Dynamics z:Ref="i391"/><Limit z:Ref="i383"/><Mimic z:Ref="i399"/><NameAttribute z:Ref="i372"/><Origin z:Ref="i374"/><Parent z:Ref="i377"/><Safety z:Ref="i394"/><TypeAttribute z:Ref="i373"/></URDFElement></ChildElements><ElementName>link</ElementName><required>true</required><Children><Link z:Id="i403"><Attributes><Attribute z:Id="i404"><AttributeType>name</AttributeType><IsRequired>true</IsRequired><Value i:type="a:string" xmlns:a="http://www.w3.org/2001/XMLSchema">Wrist</Value></Attribute></Attributes><ChildElements><URDFElement z:Id="i405" i:type="Inertial"><Attributes/><ChildElements><URDFElement z:Id="i406" i:type="Origin"><Attributes><Attribute z:Id="i407"><AttributeType>xyz</AttributeType><IsRequired>true</IsRequired><Value i:type="a:ArrayOfdouble" xmlns:a="http://schemas.microsoft.com/2003/10/Serialization/Arrays"><a:double>0</a:double><a:double>0</a:double><a:double>0</a:double></Value></Attribute><Attribute z:Id="i408"><AttributeType>rpy</AttributeType><IsRequired>true</IsRequired><Value i:type="a:ArrayOfdouble" xmlns:a="http://schemas.microsoft.com/2003/10/Serialization/Arrays"><a:double>0</a:double><a:double>0</a:double><a:double>0</a:double></Value></Attribute></Attributes><ChildElements/><ElementName>origin</ElementName><required>false</required><RPYAttribute z:Ref="i408"/><XYZAttribute z:Ref="i407"/><isCustomized>false</isCustomized></URDFElement><URDFElement z:Id="i409" i:type="Mass"><Attributes><Attribute z:Id="i410"><AttributeType>value</AttributeType><IsRequired>true</IsRequired><Value i:type="a:double" xmlns:a="http://www.w3.org/2001/XMLSchema">0</Value></Attribute></Attributes><ChildElements/><ElementName>mass</ElementName><required>false</required><ValueAttribute z:Ref="i410"/></URDFElement><URDFElement z:Id="i411" i:type="Inertia"><Attributes><Attribute z:Id="i412"><AttributeType>ixx</AttributeType><IsRequired>true</IsRequired><Value i:type="a:double" xmlns:a="http://www.w3.org/2001/XMLSchema">0</Value></Attribute><Attribute z:Id="i413"><AttributeType>ixy</AttributeType><IsRequired>true</IsRequired><Value i:type="a:double" xmlns:a="http://www.w3.org/2001/XMLSchema">0</Value></Attribute><Attribute z:Id="i414"><AttributeType>ixz</AttributeType><IsRequired>true</IsRequired><Value i:type="a:double" xmlns:a="http://www.w3.org/2001/XMLSchema">0</Value></Attribute><Attribute z:Id="i415"><AttributeType>iyy</AttributeType><IsRequired>true</IsRequired><Value i:type="a:double" xmlns:a="http://www.w3.org/2001/XMLSchema">0</Value></Attribute><Attribute z:Id="i416"><AttributeType>iyz</AttributeType><IsRequired>true</IsRequired><Value i:type="a:double" xmlns:a="http://www.w3.org/2001/XMLSchema">0</Value></Attribute><Attribute z:Id="i417"><AttributeType>izz</AttributeType><IsRequired>true</IsRequired><Value i:type="a:double" xmlns:a="http://www.w3.org/2001/XMLSchema">0</Value></Attribute></Attributes><ChildElements/><ElementName>inertia</ElementName><required>false</required><IxxAttribute z:Ref="i412"/><IxyAttribute z:Ref="i413"/><IxzAttribute z:Ref="i414"/><IyyAttribute z:Ref="i415"/><IyzAttribute z:Ref="i416"/><IzzAttribute z:Ref="i417"/></URDFElement></ChildElements><ElementName>inertial</ElementName><required>false</required><Inertia z:Ref="i411"/><Mass z:Ref="i409"/><Origin z:Ref="i406"/></URDFElement><URDFElement z:Id="i418" i:type="Visual"><Attributes/><ChildElements><URDFElement z:Id="i419" i:type="Origin"><Attributes><Attribute z:Id="i420"><AttributeType>xyz</AttributeType><IsRequired>true</IsRequired><Value i:type="a:ArrayOfdouble" xmlns:a="http://schemas.microsoft.com/2003/10/Serialization/Arrays"><a:double>0</a:double><a:double>0</a:double><a:double>0</a:double></Value></Attribute><Attribute z:Id="i421"><AttributeType>rpy</AttributeType><IsRequired>true</IsRequired><Value i:type="a:ArrayOfdouble" xmlns:a="http://schemas.microsoft.com/2003/10/Serialization/Arrays"><a:double>0</a:double><a:double>0</a:double><a:double>0</a:double></Value></Attribute></Attributes><ChildElements/><ElementName>origin</ElementName><required>false</required><RPYAttribute z:Ref="i421"/><XYZAttribute z:Ref="i420"/><isCustomized>false</isCustomized></URDFElement><URDFElement z:Id="i422" i:type="Geometry"><Attributes/><ChildElements><URDFElement z:Id="i423" i:type="Mesh"><Attributes><Attribute z:Id="i424"><AttributeType>filename</AttributeType><IsRequired>true</IsRequired><Value i:nil="true"/></Attribute></Attributes><ChildElements/><ElementName>mesh</ElementName><required>false</required><FilenameAttribute z:Ref="i424"/></URDFElement></ChildElements><ElementName>geometry</ElementName><required>true</required><Mesh z:Ref="i423"/></URDFElement><URDFElement z:Id="i425" i:type="Material"><Attributes><Attribute z:Id="i426"><AttributeType>name</AttributeType><IsRequired>true</IsRequired><Value i:type="a:string" xmlns:a="http://www.w3.org/2001/XMLSchema"/></Attribute></Attributes><ChildElements><URDFElement z:Id="i427" i:type="Color"><Attributes><Attribute z:Id="i428"><AttributeType>rgba</AttributeType><IsRequired>true</IsRequired><Value i:type="a:ArrayOfdouble" xmlns:a="http://schemas.microsoft.com/2003/10/Serialization/Arrays"><a:double>1</a:double><a:double>1</a:double><a:double>1</a:double><a:double>1</a:double></Value></Attribute></Attributes><ChildElements/><ElementName>color</ElementName><required>false</required><RGBAAttribute z:Ref="i428"/></URDFElement><URDFElement z:Id="i429" i:type="Texture"><Attributes><Attribute z:Id="i430"><AttributeType>filename</AttributeType><IsRequired>true</IsRequired><Value i:nil="true"/></Attribute></Attributes><ChildElements/><ElementName>texture</ElementName><required>false</required><FilenameAttribute z:Ref="i430"/><wFilename/></URDFElement></ChildElements><ElementName>material</ElementName><required>false</required><Color z:Ref="i427"/><NameAttribute z:Ref="i426"/><Texture z:Ref="i429"/></URDFElement></ChildElements><ElementName>visual</ElementName><required>false</required><Geometry z:Ref="i422"/><Material z:Ref="i425"/><Origin z:Ref="i419"/></URDFElement><URDFElement z:Id="i431" i:type="Collision"><Attributes/><ChildElements><URDFElement z:Id="i432" i:type="Origin"><Attributes><Attribute z:Id="i433"><AttributeType>xyz</AttributeType><IsRequired>true</IsRequired><Value i:type="a:ArrayOfdouble" xmlns:a="http://schemas.microsoft.com/2003/10/Serialization/Arrays"><a:double>0</a:double><a:double>0</a:double><a:double>0</a:double></Value></Attribute><Attribute z:Id="i434"><AttributeType>rpy</AttributeType><IsRequired>true</IsRequired><Value i:type="a:ArrayOfdouble" xmlns:a="http://schemas.microsoft.com/2003/10/Serialization/Arrays"><a:double>0</a:double><a:double>0</a:double><a:double>0</a:double></Value></Attribute></Attributes><ChildElements/><ElementName>origin</ElementName><required>false</required><RPYAttribute z:Ref="i434"/><XYZAttribute z:Ref="i433"/><isCustomized>false</isCustomized></URDFElement><URDFElement z:Id="i435" i:type="Geometry"><Attributes/><ChildElements><URDFElement z:Id="i436" i:type="Mesh"><Attributes><Attribute z:Id="i437"><AttributeType>filename</AttributeType><IsRequired>true</IsRequired><Value i:nil="true"/></Attribute></Attributes><ChildElements/><ElementName>mesh</ElementName><required>false</required><FilenameAttribute z:Ref="i437"/></URDFElement></ChildElements><ElementName>geometry</ElementName><required>true</required><Mesh z:Ref="i436"/></URDFElement></ChildElements><ElementName>collision</ElementName><required>false</required><Geometry z:Ref="i435"/><Origin z:Ref="i432"/></URDFElement><URDFElement z:Id="i438" i:type="Joint"><Attributes><Attribute z:Id="i439"><AttributeType>name</AttributeType><IsRequired>true</IsRequired><Value i:type="a:string" xmlns:a="http://www.w3.org/2001/XMLSchema">Wrist</Value></Attribute><Attribute z:Id="i440"><AttributeType>type</AttributeType><IsRequired>true</IsRequired><Value i:type="a:string" xmlns:a="http://www.w3.org/2001/XMLSchema">Automatically Detect</Value></Attribute></Attributes><ChildElements><URDFElement z:Id="i441" i:type="Origin"><Attributes><Attribute z:Id="i442"><AttributeType>xyz</AttributeType><IsRequired>true</IsRequired><Value i:type="a:ArrayOfdouble" xmlns:a="http://schemas.microsoft.com/2003/10/Serialization/Arrays"><a:double>0</a:double><a:double>0</a:double><a:double>0</a:double></Value></Attribute><Attribute z:Id="i443"><AttributeType>rpy</AttributeType><IsRequired>true</IsRequired><Value i:type="a:ArrayOfdouble" xmlns:a="http://schemas.microsoft.com/2003/10/Serialization/Arrays"><a:double>0</a:double><a:double>0</a:double><a:double>0</a:double></Value></Attribute></Attributes><ChildElements/><ElementName>origin</ElementName><required>false</required><RPYAttribute z:Ref="i443"/><XYZAttribute z:Ref="i442"/><isCustomized>false</isCustomized></URDFElement><URDFElement z:Id="i444" i:type="ParentLink"><Attributes><Attribute z:Id="i445"><AttributeType>link</AttributeType><IsRequired>true</IsRequired><Value i:type="a:string" xmlns:a="http://www.w3.org/2001/XMLSchema"/></Attribute></Attributes><ChildElements/><ElementName>parent</ElementName><required>true</required><NameAttribute z:Ref="i445"/></URDFElement><URDFElement z:Id="i446" i:type="ChildLink"><Attributes><Attribute z:Id="i447"><AttributeType>link</AttributeType><IsRequired>true</IsRequired><Value i:type="a:string" xmlns:a="http://www.w3.org/2001/XMLSchema"/></Attribute></Attributes><ChildElements/><ElementName>child</ElementName><required>true</required><NameAttribute z:Ref="i447"/></URDFElement><URDFElement z:Id="i448" i:type="Axis"><Attributes><Attribute z:Id="i449"><AttributeType>xyz</AttributeType><IsRequired>true</IsRequired><Value i:type="a:ArrayOfdouble" xmlns:a="http://schemas.microsoft.com/2003/10/Serialization/Arrays"><a:double>0</a:double><a:double>0</a:double><a:double>0</a:double></Value></Attribute></Attributes><ChildElements/><ElementName>axis</ElementName><required>false</required><XYZAttribute z:Ref="i449"/></URDFElement><URDFElement z:Id="i450" i:type="Limit"><Attributes><Attribute z:Id="i451"><AttributeType>lower</AttributeType><IsRequired>false</IsRequired><Value i:nil="true"/></Attribute><Attribute z:Id="i452"><AttributeType>upper</AttributeType><IsRequired>false</IsRequired><Value i:nil="true"/></Attribute><Attribute z:Id="i453"><AttributeType>effort</AttributeType><IsRequired>true</IsRequired><Value i:nil="true"/></Attribute><Attribute z:Id="i454"><AttributeType>velocity</AttributeType><IsRequired>true</IsRequired><Value i:nil="true"/></Attribute></Attributes><ChildElements/><ElementName>limit</ElementName><required>false</required><EffortAttribute z:Ref="i453"/><LowerAttribute z:Ref="i451"/><UpperAttribute z:Ref="i452"/><VelocityAttribute z:Ref="i454"/></URDFElement><URDFElement z:Id="i455" i:type="Calibration"><Attributes><Attribute z:Id="i456"><AttributeType>rising</AttributeType><IsRequired>false</IsRequired><Value i:nil="true"/></Attribute><Attribute z:Id="i457"><AttributeType>falling</AttributeType><IsRequired>false</IsRequired><Value i:nil="true"/></Attribute></Attributes><ChildElements/><ElementName>calibration</ElementName><required>false</required><FallingAttribute z:Ref="i457"/><RisingAttribute z:Ref="i456"/></URDFElement><URDFElement z:Id="i458" i:type="Dynamics"><Attributes><Attribute z:Id="i459"><AttributeType>damping</AttributeType><IsRequired>false</IsRequired><Value i:nil="true"/></Attribute><Attribute z:Id="i460"><AttributeType>friction</AttributeType><IsRequired>false</IsRequired><Value i:nil="true"/></Attribute></Attributes><ChildElements/><ElementName>dynamics</ElementName><required>false</required><DampingAttribute z:Ref="i459"/><FrictionAttribute z:Ref="i460"/></URDFElement><URDFElement z:Id="i461" i:type="SafetyController"><Attributes><Attribute z:Id="i462"><AttributeType>soft_upper_limit</AttributeType><IsRequired>false</IsRequired><Value i:nil="true"/></Attribute><Attribute z:Id="i463"><AttributeType>soft_lower_limit</AttributeType><IsRequired>false</IsRequired><Value i:nil="true"/></Attribute><Attribute z:Id="i464"><AttributeType>k_position</AttributeType><IsRequired>false</IsRequired><Value i:nil="true"/></Attribute><Attribute z:Id="i465"><AttributeType>k_velocity</AttributeType><IsRequired>true</IsRequired><Value i:nil="true"/></Attribute></Attributes><ChildElements/><ElementName>safety_controller</ElementName><required>false</required><KPositionAttribute z:Ref="i464"/><KVelocityAttribute z:Ref="i465"/><SoftLowerAttribute z:Ref="i463"/><SoftUpperAttribute z:Ref="i462"/></URDFElement><URDFElement z:Id="i466" i:type="Mimic"><Attributes><Attribute z:Id="i467"><AttributeType>joint</AttributeType><IsRequired>true</IsRequired><Value i:nil="true"/></Attribute><Attribute z:Id="i468"><AttributeType>multiplier</AttributeType><IsRequired>false</IsRequired><Value i:nil="true"/></Attribute><Attribute z:Id="i469"><AttributeType>offset</AttributeType><IsRequired>false</IsRequired><Value i:nil="true"/></Attribute></Attributes><ChildElements/><ElementName>mimic</ElementName><required>false</required><JointNameAttribute z:Ref="i467"/><MultiplierAttribute z:Ref="i468"/><OffsetAttribute z:Ref="i469"/></URDFElement></ChildElements><ElementName>joint</ElementName><required>false</required><Axis z:Ref="i448"/><AxisName>?????????6</AxisName><Calibration z:Ref="i455"/><Child z:Ref="i446"/><CoordinateSystemName>Automatically Generate</CoordinateSystemName><Dynamics z:Ref="i458"/><Limit z:Ref="i450"/><Mimic z:Ref="i466"/><NameAttribute z:Ref="i439"/><Origin z:Ref="i441"/><Parent z:Ref="i444"/><Safety z:Ref="i461"/><TypeAttribute z:Ref="i440"/></URDFElement></ChildElements><ElementName>link</ElementName><required>true</required><Children/><Collision z:Ref="i431"/><Inertial z:Ref="i405"/><Joint z:Ref="i438"/><NameAttribute z:Ref="i404"/><Parent z:Ref="i336"/><STLQualityFine>false</STLQualityFine><SWComponentPIDs xmlns:a="http://schemas.microsoft.com/2003/10/Serialization/Arrays"><a:base64Binary>OEoAAAUAAAD//v8hqG0nfVdZWgAyADEAIAA4AFgAMQA4AFgAMQAxACAAUgBFAEYALQAxAEAAQQByAG0AXwBBAHMAcwBlAG0AYgBsAGUABAAAABAAAAABAAAAAQAAAEIAAAA=</a:base64Binary><a:base64Binary>OEoAAAUAAAD//v8UVwByAGkAcwB0AC0AMQBAAEEAcgBtAF8AQQBzAHMAZQBtAGIAbABlAAQAAAAQAAAAAQAAAAEAAAAcAAAA</a:base64Binary><a:base64Binary>OEoAAAUAAAD//v8fRwByAGkAcABwAGUAcgBfAEEAcwBzAGUAbQBiAGwAeQAtADEAQABBAHIAbQBfAEEAcwBzAGUAbQBiAGwAZQAEAAAAEAAAAAEAAAABAAAAGQAAAA==</a:base64Binary></SWComponentPIDs><SWMainComponentPID i:nil="true"/><Visual z:Ref="i418"/><isFixedFrame>false</isFixedFrame><isIncomplete>false</isIncomplete></Link></Children><Collision z:Ref="i364"/><Inertial z:Ref="i338"/><Joint z:Ref="i371"/><NameAttribute z:Ref="i337"/><Parent z:Ref="i269"/><STLQualityFine>false</STLQualityFine><SWComponentPIDs xmlns:a="http://schemas.microsoft.com/2003/10/Serialization/Arrays"><a:base64Binary>OEoAAAUAAAD//v8gVIB0j2hWIABEADEAOQBkADQAIABMADIAMAAgAFIARQBGAC0AMQBAAEEAcgBtAF8AQQBzAHMAZQBtAGIAbABlAAQAAAAQAAAAAQAAAAEAAABbAAAA</a:base64Binary><a:base64Binary>OEoAAAUAAAD//v8ZRgBvAHIAZQBhAHIAbQAgAGQAbgAtADEAQABBAHIAbQBfAEEAcwBzAGUAbQBiAGwAZQAEAAAAEAAAAAEAAAABAAAASwAAAA==</a:base64Binary><a:base64Binary>OEoAAAUAAAD//v8hNAAyAM9RH5BoViAABlfVbHBRIAAATqd+H5DUayAAUgBFAEYALQAxAEAAQQByAG0AXwBBAHMAcwBlAG0AYgBsAGUABAAAABAAAAABAAAAAQAAAEYAAAA=</a:base64Binary><a:base64Binary>OEoAAAUAAAD//v8ocwBvAGMAawBlAHQAIABoAGUAYQBkACAAYwBhAHAAIABzAGMAcgBlAHcAXwBhAGkALQAxADMAQABBAHIAbQBfAEEAcwBzAGUAbQBiAGwAZQAEAAAAEAAAAAEAAAABAAAArgIAAA==</a:base64Binary><a:base64Binary>OEoAAAUAAAD//v8ocwBvAGMAawBlAHQAIABoAGUAYQBkACAAYwBhAHAAIABzAGMAcgBlAHcAXwBhAGkALQAxADQAQABBAHIAbQBfAEEAcwBzAGUAbQBiAGwAZQAEAAAAEAAAAAEAAAABAAAAsQIAAA==</a:base64Binary><a:base64Binary>OEoAAAUAAAD//v8ocwBvAGMAawBlAHQAIABoAGUAYQBkACAAYwBhAHAAIABzAGMAcgBlAHcAXwBhAGkALQAxADIAQABBAHIAbQBfAEEAcwBzAGUAbQBiAGwAZQAEAAAAEAAAAAEAAAABAAAAqwIAAA==</a:base64Binary><a:base64Binary>OEoAAAUAAAD//v8ocwBvAGMAawBlAHQAIABoAGUAYQBkACAAYwBhAHAAIABzAGMAcgBlAHcAXwBhAGkALQAxADEAQABBAHIAbQBfAEEAcwBzAGUAbQBiAGwAZQAEAAAAEAAAAAEAAAABAAAAqAIAAA==</a:base64Binary><a:base64Binary>OEoAAAUAAAD//v8kWgBEAFQAXwBYADQAMgBfAEwAMwA0AE0AbwB0AG8AcgAuAFMAVABFAFAALQAxAEAAQQByAG0AXwBBAHMAcwBlAG0AYgBsAGUABAAAABAAAAABAAAAAQAAAFEAAAA=</a:base64Binary></SWComponentPIDs><SWMainComponentPID i:nil="true"/><Visual z:Ref="i351"/><isFixedFrame>false</isFixedFrame><isIncomplete>false</isIncomplete></Link></Children><Collision z:Ref="i297"/><Inertial z:Ref="i271"/><Joint z:Ref="i304"/><NameAttribute z:Ref="i270"/><Parent z:Ref="i202"/><STLQualityFine>false</STLQualityFine><SWComponentPIDs xmlns:a="http://schemas.microsoft.com/2003/10/Serialization/Arrays"><a:base64Binary>OEoAAAUAAAD//v8gVIB0j2hWIABEADMAMgBkADgAIABMADIAOAAgAFIARQBGAC0AMwBAAEEAcgBtAF8AQQBzAHMAZQBtAGIAbABlAAQAAAAQAAAAAQAAAAEAAADbAgAA</a:base64Binary><a:base64Binary>OEoAAAUAAAD//v8mRgBvAHIAZQBhAHIAbQAgAHUAcAAgAC0AIABUgHSPaFZEADMAMgBkADgASHIsZy0AMQBAAEEAcgBtAF8AQQBzAHMAZQBtAGIAbABlAAQAAAAQAAAAAQAAAAEAAABhAAAA</a:base64Binary><a:base64Binary>OEoAAAUAAAD//v8kWgBEAFQAXwBYADQAMgBfAEwANAAwAE0AbwB0AG8AcgAuAFMAVABFAFAALQAxAEAAQQByAG0AXwBBAHMAcwBlAG0AYgBsAGUABAAAABAAAAABAAAAAQAAAFoAAAA=</a:base64Binary></SWComponentPIDs><SWMainComponentPID i:nil="true"/><Visual z:Ref="i284"/><isFixedFrame>false</isFixedFrame><isIncomplete>false</isIncomplete></Link></Children><Collision z:Ref="i230"/><Inertial z:Ref="i204"/><Joint z:Ref="i237"/><NameAttribute z:Ref="i203"/><Parent z:Ref="i135"/><STLQualityFine>false</STLQualityFine><SWComponentPIDs xmlns:a="http://schemas.microsoft.com/2003/10/Serialization/Arrays"><a:base64Binary>OEoAAAUAAAD//v8gVIB0j2hWIABEADMAMgBkADgAIABMADIAOAAgAFIARQBGAC0AMgBAAEEAcgBtAF8AQQBzAHMAZQBtAGIAbABlAAQAAAAQAAAAAQAAAAEAAADYAgAA</a:base64Binary><a:base64Binary>OEoAAAUAAAD//v8nVQBwAHAAZQByAGEAcgBtACAAZABuACAALQAgAFSAdI9oVkQAMwAyAGQAOABIcixnLQAxAEAAQQByAG0AXwBBAHMAcwBlAG0AYgBsAGUABAAAABAAAAABAAAAAQAAAG0AAAA=</a:base64Binary><a:base64Binary>OEoAAAUAAAD//v8hNAAyAM9RH5BoViAABlfVbHBRIAAATqd+H5DUayAAUgBFAEYALQAyAEAAQQByAG0AXwBBAHMAcwBlAG0AYgBsAGUABAAAABAAAAABAAAAAQAAAGkAAAA=</a:base64Binary><a:base64Binary>OEoAAAUAAAD//v8ncwBvAGMAawBlAHQAIABoAGUAYQBkACAAYwBhAHAAIABzAGMAcgBlAHcAXwBhAGkALQA4AEAAQQByAG0AXwBBAHMAcwBlAG0AYgBsAGUABAAAABAAAAABAAAAAQAAAJ8CAAA=</a:base64Binary><a:base64Binary>OEoAAAUAAAD//v8ncwBvAGMAawBlAHQAIABoAGUAYQBkACAAYwBhAHAAIABzAGMAcgBlAHcAXwBhAGkALQA5AEAAQQByAG0AXwBBAHMAcwBlAG0AYgBsAGUABAAAABAAAAABAAAAAQAAAKICAAA=</a:base64Binary><a:base64Binary>OEoAAAUAAAD//v8ncwBvAGMAawBlAHQAIABoAGUAYQBkACAAYwBhAHAAIABzAGMAcgBlAHcAXwBhAGkALQA3AEAAQQByAG0AXwBBAHMAcwBlAG0AYgBsAGUABAAAABAAAAABAAAAAQAAAJwCAAA=</a:base64Binary><a:base64Binary>OEoAAAUAAAD//v8ncwBvAGMAawBlAHQAIABoAGUAYQBkACAAYwBhAHAAIABzAGMAcgBlAHcAXwBhAGkALQA2AEAAQQByAG0AXwBBAHMAcwBlAG0AYgBsAGUABAAAABAAAAABAAAAAQAAAJkCAAA=</a:base64Binary><a:base64Binary>OEoAAAUAAAD//v8kWgBEAFQAXwBYADQAMgBfAEwANAA4AE0AbwB0AG8AcgAuAFMAVABFAFAALQAyAEAAQQByAG0AXwBBAHMAcwBlAG0AYgBsAGUABAAAABAAAAABAAAAAQAAAH8CAAA=</a:base64Binary></SWComponentPIDs><SWMainComponentPID i:nil="true"/><Visual z:Ref="i217"/><isFixedFrame>false</isFixedFrame><isIncomplete>false</isIncomplete></Link></Children><Collision z:Ref="i163"/><Inertial z:Ref="i137"/><Joint z:Ref="i170"/><NameAttribute z:Ref="i136"/><Parent z:Ref="i68"/><STLQualityFine>false</STLQualityFine><SWComponentPIDs xmlns:a="http://schemas.microsoft.com/2003/10/Serialization/Arrays"><a:base64Binary>OEoAAAUAAAD//v8nVQBwAHAAZQByAGEAcgBtACAAdQBwACAALQAgAFSAdI9oVkQAMwAyAGQAOABIcixnLQAxAEAAQQByAG0AXwBBAHMAcwBlAG0AYgBsAGUABAAAABAAAAABAAAAAQAAAMkCAAA=</a:base64Binary><a:base64Binary>OEoAAAUAAAD//v8gVIB0j2hWIABEADMAMgBkADgAIABMADIAOAAgAFIARQBGAC0AMQBAAEEAcgBtAF8AQQBzAHMAZQBtAGIAbABlAAQAAAAQAAAAAQAAAAEAAADKAgAA</a:base64Binary><a:base64Binary>OEoAAAUAAAD//v8kWgBEAFQAXwBYADQAMgBfAEwANAAwAE0AbwB0AG8AcgAuAFMAVABFAFAALQAyAEAAQQByAG0AXwBBAHMAcwBlAG0AYgBsAGUABAAAABAAAAABAAAAAQAAAHUAAAA=</a:base64Binary><a:base64Binary>OEoAAAUAAAD//v8hNAAyAM9RH5BoViAABlfVbHBRIAAATqd+H5DUayAAUgBFAEYALQAzAEAAQQByAG0AXwBBAHMAcwBlAG0AYgBsAGUABAAAABAAAAABAAAAAQAAAHYAAAA=</a:base64Binary></SWComponentPIDs><SWMainComponentPID i:nil="true"/><Visual z:Ref="i150"/><isFixedFrame>false</isFixedFrame><isIncomplete>false</isIncomplete></Link></Children><Collision z:Ref="i96"/><Inertial z:Ref="i70"/><Joint z:Ref="i103"/><NameAttribute z:Ref="i69"/><Parent z:Ref="i1"/><STLQualityFine>false</STLQualityFine><SWComponentPIDs xmlns:a="http://schemas.microsoft.com/2003/10/Serialization/Arrays"><a:base64Binary>OEoAAAUAAAD//v8lUwBoAG8AdQBsAGQAZQByACAALQAgAFSAdI9oVkQAMwAyAGQAMQA0AEhyLGctADEAQABBAHIAbQBfAEEAcwBzAGUAbQBiAGwAZQAEAAAAEAAAAAEAAAABAAAAvAIAAA==</a:base64Binary><a:base64Binary>OEoAAAUAAAD//v8mNAAyAM9RH5BoViAAuWXVbHBRIACMTqd+H5DUaygAMQA1ACsAKQAgAFIARQBGAC0AMQBAAEEAcgBtAF8AQQBzAHMAZQBtAGIAbABlAAQAAAAQAAAAAQAAAAEAAACKAAAA</a:base64Binary><a:base64Binary>OEoAAAUAAAD//v9UWgBEAFQAXwBYADQAMgBfAEwANgAwAE0AbwB0AG8AcgAuAFMAVABFAFAALQAyAEAAQQByAG0AXwBBAHMAcwBlAG0AYgBsAGUALwA0ADIAXwBTAFQARQBQAFAARQBSAF8ATQBPAFQATwBSAF8AMgAuAFMAVABFAFAALQAxAEAAWgBEAFQAXwBYADQAMgBfAEwANgAwAE0AbwB0AG8AcgAuAFMAVABFAFAABAAAABAAAAABAAAAAgAAAJoAAAAZAAAA</a:base64Binary><a:base64Binary>OEoAAAUAAAD//v8hVIB0j2hWIABEADMAMgBkADEANAAgAEwAMgA4ACAAUgBFAEYALQAxAEAAQQByAG0AXwBBAHMAcwBlAG0AYgBsAGUABAAAABAAAAABAAAAAQAAALoCAAA=</a:base64Binary><a:base64Binary>OEoAAAUAAAD//v8kWgBEAFQAXwBYADQAMgBfAEwANgAwAE0AbwB0AG8AcgAuAFMAVABFAFAALQAyAEAAQQByAG0AXwBBAHMAcwBlAG0AYgBsAGUABAAAABAAAAABAAAAAQAAAJoAAAA=</a:base64Binary></SWComponentPIDs><SWMainComponentPID i:nil="true"/><Visual z:Ref="i83"/><isFixedFrame>false</isFixedFrame><isIncomplete>false</isIncomplete></Link></Children><Collision z:Ref="i29"/><Inertial z:Ref="i3"/><Joint z:Ref="i36"/><NameAttribute z:Ref="i2"/><Parent i:nil="true"/><STLQualityFine>false</STLQualityFine><SWComponentPIDs xmlns:a="http://schemas.microsoft.com/2003/10/Serialization/Arrays"><a:base64Binary>OEoAAAUAAAD//v8eNgAwADYAMAAgAEMAbwB0AHQAZQByACAAcABpAG4ALQA0AEAAQQByAG0AXwBBAHMAcwBlAG0AYgBsAGUABAAAABAAAAABAAAAAQAAAJ0BAAA=</a:base64Binary><a:base64Binary>OEoAAAUAAAD//v8eNgAwADYAMAAgAEMAbwB0AHQAZQByACAAcABpAG4ALQAyAEAAQQByAG0AXwBBAHMAcwBlAG0AYgBsAGUABAAAABAAAAABAAAAAQAAACEBAAA=</a:base64Binary><a:base64Binary>OEoAAAUAAAD//v8eNgAwADYAMAAgAEMAbwB0AHQAZQByACAAcABpAG4ALQAxAEAAQQByAG0AXwBBAHMAcwBlAG0AYgBsAGUABAAAABAAAAABAAAAAQAAANgAAAA=</a:base64Binary><a:base64Binary>OEoAAAUAAAD//v9UWgBEAFQAXwBYADUANwBfAEwANwA2AE0AbwB0AG8AcgAuAFMAVABFAFAALQAxAEAAQQByAG0AXwBBAHMAcwBlAG0AYgBsAGUALwBNADMAeAA2AG0AbQBfAFAAaABpAGwAbABpAHAAcwBfADMALgBTAFQARQBQAC0AMgAxAEAAWgBEAFQAXwBYADUANwBfAEwANwA2AE0AbwB0AG8AcgAuAFMAVABFAFAABAAAABAAAAABAAAAAgAAAKIAAAAfAAAA</a:base64Binary><a:base64Binary>OEoAAAUAAAD//v9NWgBEAFQAXwBYADUANwBfAEwANwA2AE0AbwB0AG8AcgAuAFMAVABFAFAALQAxAEAAQQByAG0AXwBBAHMAcwBlAG0AYgBsAGUALwBXAEkAUgBFAF8AMgAuADUANABfADMALgBTAFQARQBQAC0ANQBAAFoARABUAF8AWAA1ADcAXwBMADcANgBNAG8AdABvAHIALgBTAFQARQBQAAQAAAAQAAAAAQAAAAIAAACiAAAAIwAAAA==</a:base64Binary><a:base64Binary>OEoAAAUAAAD//v9OWgBEAFQAXwBYADUANwBfAEwANwA2AE0AbwB0AG8AcgAuAFMAVABFAFAALQAxAEAAQQByAG0AXwBBAHMAcwBlAG0AYgBsAGUALwBaAEQAVABfAFgANQA3AF8AVgAxAC4AMgAuAFMAVABFAFAALQAxAEAAWgBEAFQAXwBYADUANwBfAEwANwA2AE0AbwB0AG8AcgAuAFMAVABFAFAABAAAABAAAAABAAAAAgAAAKIAAAAiAAAA</a:base64Binary><a:base64Binary>OEoAAAUAAAD//v9UWgBEAFQAXwBYADUANwBfAEwANwA2AE0AbwB0AG8AcgAuAFMAVABFAFAALQAxAEAAQQByAG0AXwBBAHMAcwBlAG0AYgBsAGUALwBNADMAeAA2AG0AbQBfAFAAaABpAGwAbABpAHAAcwBfADMALgBTAFQARQBQAC0AMgAzAEAAWgBEAFQAXwBYADUANwBfAEwANwA2AE0AbwB0AG8AcgAuAFMAVABFAFAABAAAABAAAAABAAAAAgAAAKIAAAAhAAAA</a:base64Binary><a:base64Binary>OEoAAAUAAAD//v9MWgBEAFQAXwBYADUANwBfAEwANwA2AE0AbwB0AG8AcgAuAFMAVABFAFAALQAxAEAAQQByAG0AXwBBAHMAcwBlAG0AYgBsAGUALwBTAEgASQBNAF8AMwB4ADUAeAAzAC4AUwBUAEUAUAAtADIAQABaAEQAVABfAFgANQA3AF8ATAA3ADYATQBvAHQAbwByAC4AUwBUAEUAUAAEAAAAEAAAAAEAAAACAAAAogAAABsAAAA=</a:base64Binary><a:base64Binary>OEoAAAUAAAD//v9MWgBEAFQAXwBYADUANwBfAEwANwA2AE0AbwB0AG8AcgAuAFMAVABFAFAALQAxAEAAQQByAG0AXwBBAHMAcwBlAG0AYgBsAGUALwBTAEgASQBNAF8AMwB4ADUAeAAzAC4AUwBUAEUAUAAtADQAQABaAEQAVABfAFgANQA3AF8ATAA3ADYATQBvAHQAbwByAC4AUwBUAEUAUAAEAAAAEAAAAAEAAAACAAAAogAAAB0AAAA=</a:base64Binary><a:base64Binary>OEoAAAUAAAD//v/bWgBEAFQAXwBYADUANwBfAEwANwA2AE0AbwB0AG8AcgAuAFMAVABFAFAALQAxAEAAQQByAG0AXwBBAHMAcwBlAG0AYgBsAGUALwBaAEQAVABfAFgANQA3AF8AVgAxAC4AMgBfAFAAQwBCAC4AcwB0AGUAcAAuAFMAVABFAFAALQAxAEAAWgBEAFQAXwBYADUANwBfAEwANwA2AE0AbwB0AG8AcgAuAFMAVABFAFAALwBKADEALgBzAHQAZQBwAF8AMwAuAFMAVABFAFAALQA1AEAAWgBEAFQAXwBYADUANwBfAFYAMQAuADIAXwBQAEMAQgAuAHMAdABlAHAALgBTAFQARQBQAC8ANgAzADAAOAA5ADIANgA5ADkAMgAuAHMAdABlAHAAXwAzAC4AUwBUAEUAUAAtADUAQABKADEALgBzAHQAZQBwAF8AMwAuAFMAVABFAFAALwBFAHgAdAByAHUAZABlAGQALQAxAC4AcwB0AGUAcABfADMALgBTAFQARQBQAC0ANQBAADYAMwAwADgAOQAyADYAOQA5ADIALgBzAHQAZQBwAF8AMwAuAFMAVABFAFAABAAAABAAAAABAAAABQAAAKIAAAAYAAAAHQAAABkAAAAYAAAA</a:base64Binary><a:base64Binary>OEoAAAUAAAD//v/ZWgBEAFQAXwBYADUANwBfAEwANwA2AE0AbwB0AG8AcgAuAFMAVABFAFAALQAxAEAAQQByAG0AXwBBAHMAcwBlAG0AYgBsAGUALwBaAEQAVABfAFgANQA3AF8AVgAxAC4AMgBfAFAAQwBCAC4AcwB0AGUAcAAuAFMAVABFAFAALQAxAEAAWgBEAFQAXwBYADUANwBfAEwANwA2AE0AbwB0AG8AcgAuAFMAVABFAFAALwBKADEALgBzAHQAZQBwAF8AMwAuAFMAVABFAFAALQA1AEAAWgBEAFQAXwBYADUANwBfAFYAMQAuADIAXwBQAEMAQgAuAHMAdABlAHAALgBTAFQARQBQAC8ANgAzADAAOAA5ADIANgA4ADMAMgAuAHMAdABlAHAAXwAzAC4AUwBUAEUAUAAtADUAQABKADEALgBzAHQAZQBwAF8AMwAuAFMAVABFAFAALwBFAHgAdAByAHUAZABlAGQALgBzAHQAZQBwAF8AMwAuAFMAVABFAFAALQA1AEAANgAzADAAOAA5ADIANgA4ADMAMgAuAHMAdABlAHAAXwAzAC4AUwBUAEUAUAAEAAAAEAAAAAEAAAAFAAAAogAAABgAAAAdAAAAGAAAABgAAAA=</a:base64Binary><a:base64Binary>OEoAAAUAAAD//v/LWgBEAFQAXwBYADUANwBfAEwANwA2AE0AbwB0AG8AcgAuAFMAVABFAFAALQAxAEAAQQByAG0AXwBBAHMAcwBlAG0AYgBsAGUALwBaAEQAVABfAFgANQA3AF8AVgAxAC4AMgBfAFAAQwBCAC4AcwB0AGUAcAAuAFMAVABFAFAALQAxAEAAWgBEAFQAXwBYADUANwBfAEwANwA2AE0AbwB0AG8AcgAuAFMAVABFAFAALwBCAG8AYQByAGQALgBzAHQAZQBwAF8AMwAuAFMAVABFAFAALQA1AEAAWgBEAFQAXwBYADUANwBfAFYAMQAuADIAXwBQAEMAQgAuAHMAdABlAHAALgBTAFQARQBQAC8ATwBwAGUAbgAgAEMAQQBTAEMAQQBEAEUAIABTAFQARQBQACAAdAByAGEAbgBzAGwAYQB0AG8AcgAgADYALgA4ACAANQAuADEALgAxAC4AcwB0AGUAcAAuAFMAVABFAFAALQAxAEAAQgBvAGEAcgBkAC4AcwB0AGUAcABfADMALgBTAFQARQBQAAQAAAAQAAAAAQAAAAQAAACiAAAAGAAAABgAAAAYAAAA</a:base64Binary><a:base64Binary>OEoAAAUAAAD//v+GWgBEAFQAXwBYADUANwBfAEwANwA2AE0AbwB0AG8AcgAuAFMAVABFAFAALQAxAEAAQQByAG0AXwBBAHMAcwBlAG0AYgBsAGUALwBaAEQAVABfAFgANQA3AF8AVgAxAC4AMgBfAFAAQwBCAC4AcwB0AGUAcAAuAFMAVABFAFAALQAxAEAAWgBEAFQAXwBYADUANwBfAEwANwA2AE0AbwB0AG8AcgAuAFMAVABFAFAALwBFAG4AdABlAHIALgBzAHQAZQBwAF8AMwAuAFMAVABFAFAALQA1AEAAWgBEAFQAXwBYADUANwBfAFYAMQAuADIAXwBQAEMAQgAuAHMAdABlAHAALgBTAFQARQBQAAQAAAAQAAAAAQAAAAMAAACiAAAAGAAAABwAAAA=</a:base64Binary><a:base64Binary>OEoAAAUAAAD//v//IwFaAEQAVABfAFgANQA3AF8ATAA3ADYATQBvAHQAbwByAC4AUwBUAEUAUAAtADEAQABBAHIAbQBfAEEAcwBzAGUAbQBiAGwAZQAvAFoARABUAF8AWAA1ADcAXwBWADEALgAyAF8AUABDAEIALgBzAHQAZQBwAC4AUwBUAEUAUAAtADEAQABaAEQAVABfAFgANQA3AF8ATAA3ADYATQBvAHQAbwByAC4AUwBUAEUAUAAvAEoANgAuAHMAdABlAHAAXwAzAC4AUwBUAEUAUAAtADUAQABaAEQAVABfAFgANQA3AF8AVgAxAC4AMgBfAFAAQwBCAC4AcwB0AGUAcAAuAFMAVABFAFAALwBVAHMAZQByAF8ATABpAGIAcgBhAHIAeQAtAEsARgAzADUAMAAtADQAUAAuAHMAdABlAHAALgBTAFQARQBQAC0AMQBAAEoANgAuAHMAdABlAHAAXwAzAC4AUwBUAEUAUAAvAEsARgAzADUAMAAtADEAUAAuAHMAdABlAHAALgBTAFQARQBQAC0AMgBAAFUAcwBlAHIAXwBMAGkAYgByAGEAcgB5AC0ASwBGADMANQAwAC0ANABQAC4AcwB0AGUAcAAuAFMAVABFAFAALwBLAEYAMwA1ADAAXwBNADIAeAA0AF8AUwBjAHIAZQB3AF8AOQAxADIAMAAwAEEAMQAwADAALgBzAHQAZQBwAC4AUwBUAEUAUAAtADEAQABLAEYAMwA1ADAALQAxAFAALgBzAHQAZQBwAC4AUwBUAEUAUAAEAAAAEAAAAAEAAAAGAAAAogAAABgAAAAZAAAAGAAAABkAAAAaAAAA</a:base64Binary><a:base64Binary>OEoAAAUAAAD//v//EgFaAEQAVABfAFgANQA3AF8ATAA3ADYATQBvAHQAbwByAC4AUwBUAEUAUAAtADEAQABBAHIAbQBfAEEAcwBzAGUAbQBiAGwAZQAvAFoARABUAF8AWAA1ADcAXwBWADEALgAyAF8AUABDAEIALgBzAHQAZQBwAC4AUwBUAEUAUAAtADEAQABaAEQAVABfAFgANQA3AF8ATAA3ADYATQBvAHQAbwByAC4AUwBUAEUAUAAvAEoANgAuAHMAdABlAHAAXwAzAC4AUwBUAEUAUAAtADUAQABaAEQAVABfAFgANQA3AF8AVgAxAC4AMgBfAFAAQwBCAC4AcwB0AGUAcAAuAFMAVABFAFAALwBVAHMAZQByAF8ATABpAGIAcgBhAHIAeQAtAEsARgAzADUAMAAtADQAUAAuAHMAdABlAHAALgBTAFQARQBQAC0AMQBAAEoANgAuAHMAdABlAHAAXwAzAC4AUwBUAEUAUAAvAEsARgAzADUAMAAtADEAUAAuAHMAdABlAHAALgBTAFQARQBQAC0AMgBAAFUAcwBlAHIAXwBMAGkAYgByAGEAcgB5AC0ASwBGADMANQAwAC0ANABQAC4AcwB0AGUAcAAuAFMAVABFAFAALwBLAEYAMwA1ADAAXwBQAEkATgAuAHMAdABlAHAALgBTAFQARQBQAC0AMQBAAEsARgAzADUAMAAtADEAUAAuAHMAdABlAHAALgBTAFQARQBQAAQAAAAQAAAAAQAAAAYAAACiAAAAGAAAABkAAAAYAAAAGQAAABkAAAA=</a:base64Binary><a:base64Binary>OEoAAAUAAAD//v//EwFaAEQAVABfAFgANQA3AF8ATAA3ADYATQBvAHQAbwByAC4AUwBUAEUAUAAtADEAQABBAHIAbQBfAEEAcwBzAGUAbQBiAGwAZQAvAFoARABUAF8AWAA1ADcAXwBWADEALgAyAF8AUABDAEIALgBzAHQAZQBwAC4AUwBUAEUAUAAtADEAQABaAEQAVABfAFgANQA3AF8ATAA3ADYATQBvAHQAbwByAC4AUwBUAEUAUAAvAEoANgAuAHMAdABlAHAAXwAzAC4AUwBUAEUAUAAtADUAQABaAEQAVABfAFgANQA3AF8AVgAxAC4AMgBfAFAAQwBCAC4AcwB0AGUAcAAuAFMAVABFAFAALwBVAHMAZQByAF8ATABpAGIAcgBhAHIAeQAtAEsARgAzADUAMAAtADQAUAAuAHMAdABlAHAALgBTAFQARQBQAC0AMQBAAEoANgAuAHMAdABlAHAAXwAzAC4AUwBUAEUAUAAvAEsARgAzADUAMAAtADEAUAAuAHMAdABlAHAALgBTAFQARQBQAC0AMgBAAFUAcwBlAHIAXwBMAGkAYgByAGEAcgB5AC0ASwBGADMANQAwAC0ANABQAC4AcwB0AGUAcAAuAFMAVABFAFAALwBLAEYAMwA1ADAAXwBCAG8AZAB5AC4AcwB0AGUAcAAuAFMAVABFAFAALQAxAEAASwBGADMANQAwAC0AMQBQAC4AcwB0AGUAcAAuAFMAVABFAFAABAAAABAAAAABAAAABgAAAKIAAAAYAAAAGQAAABgAAAAZAAAAGAAAAA==</a:base64Binary><a:base64Binary>OEoAAAUAAAD//v9SWgBEAFQAXwBYADUANwBfAEwANwA2AE0AbwB0AG8AcgAuAFMAVABFAFAALQAxAEAAQQByAG0AXwBBAHMAcwBlAG0AYgBsAGUALwA1ADcAXwBTAFQARQBQAFAARQBSAF8ATQBPAFQATwBSAC4AUwBUAEUAUAAtADEAQABaAEQAVABfAFgANQA3AF8ATAA3ADYATQBvAHQAbwByAC4AUwBUAEUAUAAEAAAAEAAAAAEAAAACAAAAogAAABkAAAA=</a:base64Binary><a:base64Binary>OEoAAAUAAAD//v8WSgAxACAAQgBhAHMAZQAtADEAQABBAHIAbQBfAEEAcwBzAGUAbQBiAGwAZQAEAAAAEAAAAAEAAAABAAAAsQAAAA==</a:base64Binary><a:base64Binary>OEoAAAUAAAD//v8eNgAwADYAMAAgAEMAbwB0AHQAZQByACAAcABpAG4ALQAzAEAAQQByAG0AXwBBAHMAcwBlAG0AYgBsAGUABAAAABAAAAABAAAAAQAAAF4BAAA=</a:base64Binary><a:base64Binary>OEoAAAUAAAD//v8ZTwBZAFUALQA4AC0ANgAwADYAMAAtADEAQABBAHIAbQBfAEEAcwBzAGUAbQBiAGwAZQAEAAAAEAAAAAEAAAABAAAAyAAAAA==</a:base64Binary><a:base64Binary>OEoAAAUAAAD//v8mNQA3AM9RH5BoViAAuWXVbHBRIACMTqd+H5DUaygAMQA1ACsAKQAgAFIARQBGAC0AMQBAAEEAcgBtAF8AQQBzAHMAZQBtAGIAbABlAAQAAAAQAAAAAQAAAAEAAACjAAAA</a:base64Binary></SWComponentPIDs><SWMainComponentPID i:nil="true"/><Visual z:Ref="i16"/><isFixedFrame>false</isFixedFrame><isIncomplete>false</isIncomplete></Link>
2026-07-15 18:13:31,015 INFO  ExportHelperExtension.cs: 347 - Creating joint Shoulder
2026-07-15 18:13:31,019 INFO  ExportHelperExtension.cs: 1397 - Fixing components for base
2026-07-15 18:13:31,020 INFO  ExportHelperExtension.cs: 1402 - Fixing 413
2026-07-15 18:13:31,020 INFO  ExportHelperExtension.cs: 1402 - Fixing 289
2026-07-15 18:13:31,021 INFO  ExportHelperExtension.cs: 1402 - Fixing 216
2026-07-15 18:13:31,021 INFO  ExportHelperExtension.cs: 1402 - Fixing 31
2026-07-15 18:13:31,021 INFO  ExportHelperExtension.cs: 1402 - Fixing 35
2026-07-15 18:13:31,021 INFO  ExportHelperExtension.cs: 1402 - Fixing 34
2026-07-15 18:13:31,021 INFO  ExportHelperExtension.cs: 1402 - Fixing 33
2026-07-15 18:13:31,022 INFO  ExportHelperExtension.cs: 1402 - Fixing 27
2026-07-15 18:13:31,022 INFO  ExportHelperExtension.cs: 1402 - Fixing 29
2026-07-15 18:13:31,022 INFO  ExportHelperExtension.cs: 1402 - Fixing 24
2026-07-15 18:13:31,022 INFO  ExportHelperExtension.cs: 1402 - Fixing 24
2026-07-15 18:13:31,022 INFO  ExportHelperExtension.cs: 1402 - Fixing 24
2026-07-15 18:13:31,023 INFO  ExportHelperExtension.cs: 1402 - Fixing 28
2026-07-15 18:13:31,023 INFO  ExportHelperExtension.cs: 1402 - Fixing 26
2026-07-15 18:13:31,023 INFO  ExportHelperExtension.cs: 1402 - Fixing 25
2026-07-15 18:13:31,023 INFO  ExportHelperExtension.cs: 1402 - Fixing 24
2026-07-15 18:13:31,023 INFO  ExportHelperExtension.cs: 1402 - Fixing 25
2026-07-15 18:13:31,023 INFO  ExportHelperExtension.cs: 1402 - Fixing 177
2026-07-15 18:13:31,024 INFO  ExportHelperExtension.cs: 1402 - Fixing 350
2026-07-15 18:13:31,024 INFO  ExportHelperExtension.cs: 1402 - Fixing 200
2026-07-15 18:13:31,024 INFO  ExportHelperExtension.cs: 1402 - Fixing 163
2026-07-15 18:13:31,588 INFO  : 0 - R1: 1, System.__ComObject, 1, System.Double[]
2026-07-15 18:13:31,589 INFO  ExportHelperExtension.cs: 841 - R2: 0, 0
2026-07-15 18:13:31,590 INFO  ExportHelperExtension.cs: 849 - L1: 0
2026-07-15 18:13:31,590 INFO  ExportHelperExtension.cs: 857 - L2: 0
2026-07-15 18:13:31,609 INFO  ExportHelperExtension.cs: 1352 - Unfixing component 413
2026-07-15 18:13:31,610 INFO  ExportHelperExtension.cs: 1352 - Unfixing component 289
2026-07-15 18:13:31,610 INFO  ExportHelperExtension.cs: 1352 - Unfixing component 216
2026-07-15 18:13:31,611 INFO  ExportHelperExtension.cs: 1352 - Unfixing component 31
2026-07-15 18:13:31,611 INFO  ExportHelperExtension.cs: 1352 - Unfixing component 35
2026-07-15 18:13:31,611 INFO  ExportHelperExtension.cs: 1352 - Unfixing component 34
2026-07-15 18:13:31,611 INFO  ExportHelperExtension.cs: 1352 - Unfixing component 33
2026-07-15 18:13:31,612 INFO  ExportHelperExtension.cs: 1352 - Unfixing component 27
2026-07-15 18:13:31,612 INFO  ExportHelperExtension.cs: 1352 - Unfixing component 29
2026-07-15 18:13:31,612 INFO  ExportHelperExtension.cs: 1352 - Unfixing component 24
2026-07-15 18:13:31,612 INFO  ExportHelperExtension.cs: 1352 - Unfixing component 24
2026-07-15 18:13:31,613 INFO  ExportHelperExtension.cs: 1352 - Unfixing component 24
2026-07-15 18:13:31,613 INFO  ExportHelperExtension.cs: 1352 - Unfixing component 28
2026-07-15 18:13:31,613 INFO  ExportHelperExtension.cs: 1352 - Unfixing component 26
2026-07-15 18:13:31,613 INFO  ExportHelperExtension.cs: 1352 - Unfixing component 25
2026-07-15 18:13:31,613 INFO  ExportHelperExtension.cs: 1352 - Unfixing component 24
2026-07-15 18:13:31,614 INFO  ExportHelperExtension.cs: 1352 - Unfixing component 25
2026-07-15 18:13:31,614 INFO  ExportHelperExtension.cs: 1352 - Unfixing component 177
2026-07-15 18:13:31,614 INFO  ExportHelperExtension.cs: 1352 - Unfixing component 350
2026-07-15 18:13:31,614 INFO  ExportHelperExtension.cs: 1352 - Unfixing component 200
2026-07-15 18:13:31,614 INFO  ExportHelperExtension.cs: 1352 - Unfixing component 163
2026-07-15 18:13:34,718 WARN  ExportHelperExtension.cs: 351 - Creating joint from parent base to child Shoulder failed
2026-07-15 18:13:35,337 INFO  ExportHelperExtension.cs: 347 - Creating joint UpperArm_Up
2026-07-15 18:13:35,338 INFO  ExportHelperExtension.cs: 1397 - Fixing components for Shoulder
2026-07-15 18:13:35,338 INFO  ExportHelperExtension.cs: 1402 - Fixing 700
2026-07-15 18:13:35,338 INFO  ExportHelperExtension.cs: 1402 - Fixing 138
2026-07-15 18:13:35,339 INFO  ExportHelperExtension.cs: 1402 - Fixing 25
2026-07-15 18:13:35,339 INFO  ExportHelperExtension.cs: 1402 - Fixing 698
2026-07-15 18:13:35,339 INFO  ExportHelperExtension.cs: 1402 - Fixing 154
2026-07-15 18:13:35,339 INFO  ExportHelperExtension.cs: 1402 - Fixing 413
2026-07-15 18:13:35,339 INFO  ExportHelperExtension.cs: 1402 - Fixing 289
2026-07-15 18:13:35,340 INFO  ExportHelperExtension.cs: 1402 - Fixing 216
2026-07-15 18:13:35,340 INFO  ExportHelperExtension.cs: 1402 - Fixing 31
2026-07-15 18:13:35,340 INFO  ExportHelperExtension.cs: 1402 - Fixing 35
2026-07-15 18:13:35,340 INFO  ExportHelperExtension.cs: 1402 - Fixing 34
2026-07-15 18:13:35,340 INFO  ExportHelperExtension.cs: 1402 - Fixing 33
2026-07-15 18:13:35,341 INFO  ExportHelperExtension.cs: 1402 - Fixing 27
2026-07-15 18:13:35,341 INFO  ExportHelperExtension.cs: 1402 - Fixing 29
2026-07-15 18:13:35,341 INFO  ExportHelperExtension.cs: 1402 - Fixing 24
2026-07-15 18:13:35,341 INFO  ExportHelperExtension.cs: 1402 - Fixing 24
2026-07-15 18:13:35,342 INFO  ExportHelperExtension.cs: 1402 - Fixing 24
2026-07-15 18:13:35,342 INFO  ExportHelperExtension.cs: 1402 - Fixing 28
2026-07-15 18:13:35,342 INFO  ExportHelperExtension.cs: 1402 - Fixing 26
2026-07-15 18:13:35,342 INFO  ExportHelperExtension.cs: 1402 - Fixing 25
2026-07-15 18:13:35,342 INFO  ExportHelperExtension.cs: 1402 - Fixing 24
2026-07-15 18:13:35,343 INFO  ExportHelperExtension.cs: 1402 - Fixing 25
2026-07-15 18:13:35,343 INFO  ExportHelperExtension.cs: 1402 - Fixing 177
2026-07-15 18:13:35,343 INFO  ExportHelperExtension.cs: 1402 - Fixing 350
2026-07-15 18:13:35,343 INFO  ExportHelperExtension.cs: 1402 - Fixing 200
2026-07-15 18:13:35,343 INFO  ExportHelperExtension.cs: 1402 - Fixing 163
2026-07-15 18:13:35,996 INFO  ExportHelperExtension.cs: 828 - R1: 1, System.__ComObject, 1, System.Double[]
2026-07-15 18:13:35,996 INFO  ExportHelperExtension.cs: 841 - R2: 0, 0
2026-07-15 18:13:35,997 INFO  ExportHelperExtension.cs: 849 - L1: 0
2026-07-15 18:13:35,997 INFO  ExportHelperExtension.cs: 857 - L2: 0
2026-07-15 18:13:35,997 INFO  ExportHelperExtension.cs: 1352 - Unfixing component 700
2026-07-15 18:13:35,998 INFO  ExportHelperExtension.cs: 1352 - Unfixing component 138
2026-07-15 18:13:35,998 INFO  ExportHelperExtension.cs: 1352 - Unfixing component 25
2026-07-15 18:13:35,998 INFO  ExportHelperExtension.cs: 1352 - Unfixing component 698
2026-07-15 18:13:35,998 INFO  ExportHelperExtension.cs: 1352 - Unfixing component 154
2026-07-15 18:13:35,998 INFO  ExportHelperExtension.cs: 1352 - Unfixing component 413
2026-07-15 18:13:35,999 INFO  ExportHelperExtension.cs: 1352 - Unfixing component 289
2026-07-15 18:13:35,999 INFO  ExportHelperExtension.cs: 1352 - Unfixing component 216
2026-07-15 18:13:35,999 INFO  ExportHelperExtension.cs: 1352 - Unfixing component 31
2026-07-15 18:13:35,999 INFO  ExportHelperExtension.cs: 1352 - Unfixing component 35
2026-07-15 18:13:35,999 INFO  ExportHelperExtension.cs: 1352 - Unfixing component 34
2026-07-15 18:13:36,000 INFO  ExportHelperExtension.cs: 1352 - Unfixing component 33
2026-07-15 18:13:36,000 INFO  ExportHelperExtension.cs: 1352 - Unfixing component 27
2026-07-15 18:13:36,000 INFO  ExportHelperExtension.cs: 1352 - Unfixing component 29
2026-07-15 18:13:36,000 INFO  ExportHelperExtension.cs: 1352 - Unfixing component 24
2026-07-15 18:13:36,000 INFO  ExportHelperExtension.cs: 1352 - Unfixing component 24
2026-07-15 18:13:36,000 INFO  ExportHelperExtension.cs: 1352 - Unfixing component 24
2026-07-15 18:13:36,001 INFO  ExportHelperExtension.cs: 1352 - Unfixing component 28
2026-07-15 18:13:36,001 INFO  ExportHelperExtension.cs: 1352 - Unfixing component 26
2026-07-15 18:13:36,001 INFO  ExportHelperExtension.cs: 1352 - Unfixing component 25
2026-07-15 18:13:36,001 INFO  ExportHelperExtension.cs: 1352 - Unfixing component 24
2026-07-15 18:13:36,001 INFO  ExportHelperExtension.cs: 1352 - Unfixing component 25
2026-07-15 18:13:36,002 INFO  ExportHelperExtension.cs: 1352 - Unfixing component 177
2026-07-15 18:13:36,002 INFO  ExportHelperExtension.cs: 1352 - Unfixing component 350
2026-07-15 18:13:36,002 INFO  ExportHelperExtension.cs: 1352 - Unfixing component 200
2026-07-15 18:13:36,002 INFO  ExportHelperExtension.cs: 1352 - Unfixing component 163
2026-07-15 18:13:39,213 WARN  ExportHelperExtension.cs: 351 - Creating joint from parent Shoulder to child UpperArm_Up failed
2026-07-15 18:13:39,793 INFO  ExportHelperExtension.cs: 347 - Creating joint UpperArm_Down
2026-07-15 18:13:39,793 INFO  ExportHelperExtension.cs: 1397 - Fixing components for UpperArm_Up
2026-07-15 18:13:39,794 INFO  ExportHelperExtension.cs: 1402 - Fixing 713
2026-07-15 18:13:39,794 INFO  ExportHelperExtension.cs: 1402 - Fixing 714
2026-07-15 18:13:39,794 INFO  ExportHelperExtension.cs: 1402 - Fixing 117
2026-07-15 18:13:39,795 INFO  ExportHelperExtension.cs: 1402 - Fixing 118
2026-07-15 18:13:39,795 INFO  ExportHelperExtension.cs: 1402 - Fixing 700
2026-07-15 18:13:39,795 INFO  ExportHelperExtension.cs: 1402 - Fixing 138
2026-07-15 18:13:39,795 INFO  ExportHelperExtension.cs: 1402 - Fixing 25
2026-07-15 18:13:39,795 INFO  ExportHelperExtension.cs: 1402 - Fixing 698
2026-07-15 18:13:39,796 INFO  ExportHelperExtension.cs: 1402 - Fixing 154
2026-07-15 18:13:39,796 INFO  ExportHelperExtension.cs: 1402 - Fixing 413
2026-07-15 18:13:39,796 INFO  ExportHelperExtension.cs: 1402 - Fixing 289
2026-07-15 18:13:39,796 INFO  ExportHelperExtension.cs: 1402 - Fixing 216
2026-07-15 18:13:39,796 INFO  ExportHelperExtension.cs: 1402 - Fixing 31
2026-07-15 18:13:39,797 INFO  ExportHelperExtension.cs: 1402 - Fixing 35
2026-07-15 18:13:39,797 INFO  ExportHelperExtension.cs: 1402 - Fixing 34
2026-07-15 18:13:39,797 INFO  ExportHelperExtension.cs: 1402 - Fixing 33
2026-07-15 18:13:39,797 INFO  ExportHelperExtension.cs: 1402 - Fixing 27
2026-07-15 18:13:39,798 INFO  ExportHelperExtension.cs: 1402 - Fixing 29
2026-07-15 18:13:39,798 INFO  ExportHelperExtension.cs: 1402 - Fixing 24
2026-07-15 18:13:39,798 INFO  ExportHelperExtension.cs: 1402 - Fixing 24
2026-07-15 18:13:39,798 INFO  ExportHelperExtension.cs: 1402 - Fixing 24
2026-07-15 18:13:39,798 INFO  ExportHelperExtension.cs: 1402 - Fixing 28
2026-07-15 18:13:39,799 INFO  ExportHelperExtension.cs: 1402 - Fixing 26
2026-07-15 18:13:39,799 INFO  ExportHelperExtension.cs: 1402 - Fixing 25
2026-07-15 18:13:39,799 INFO  ExportHelperExtension.cs: 1402 - Fixing 24
2026-07-15 18:13:39,799 INFO  ExportHelperExtension.cs: 1402 - Fixing 25
2026-07-15 18:13:39,799 INFO  ExportHelperExtension.cs: 1402 - Fixing 177
2026-07-15 18:13:39,800 INFO  ExportHelperExtension.cs: 1402 - Fixing 350
2026-07-15 18:13:39,800 INFO  ExportHelperExtension.cs: 1402 - Fixing 200
2026-07-15 18:13:39,800 INFO  ExportHelperExtension.cs: 1402 - Fixing 163
2026-07-15 18:13:40,560 INFO  ExportHelperExtension.cs: 828 - R1: 1, System.__ComObject, 1, System.Double[]
2026-07-15 18:13:40,560 INFO  ExportHelperExtension.cs: 841 - R2: 0, 0
2026-07-15 18:13:40,561 INFO  ExportHelperExtension.cs: 849 - L1: 0
2026-07-15 18:13:40,561 INFO  ExportHelperExtension.cs: 857 - L2: 0
2026-07-15 18:13:40,562 INFO  ExportHelperExtension.cs: 1352 - Unfixing component 713
2026-07-15 18:13:40,562 INFO  ExportHelperExtension.cs: 1352 - Unfixing component 714
2026-07-15 18:13:40,562 INFO  ExportHelperExtension.cs: 1352 - Unfixing component 117
2026-07-15 18:13:40,563 INFO  ExportHelperExtension.cs: 1352 - Unfixing component 118
2026-07-15 18:13:40,563 INFO  ExportHelperExtension.cs: 1352 - Unfixing component 700
2026-07-15 18:13:40,563 INFO  ExportHelperExtension.cs: 1352 - Unfixing component 138
2026-07-15 18:13:40,563 INFO  ExportHelperExtension.cs: 1352 - Unfixing component 25
2026-07-15 18:13:40,563 INFO  ExportHelperExtension.cs: 1352 - Unfixing component 698
2026-07-15 18:13:40,564 INFO  ExportHelperExtension.cs: 1352 - Unfixing component 154
2026-07-15 18:13:40,564 INFO  ExportHelperExtension.cs: 1352 - Unfixing component 413
2026-07-15 18:13:40,564 INFO  ExportHelperExtension.cs: 1352 - Unfixing component 289
2026-07-15 18:13:40,564 INFO  ExportHelperExtension.cs: 1352 - Unfixing component 216
2026-07-15 18:13:40,564 INFO  ExportHelperExtension.cs: 1352 - Unfixing component 31
2026-07-15 18:13:40,565 INFO  ExportHelperExtension.cs: 1352 - Unfixing component 35
2026-07-15 18:13:40,565 INFO  ExportHelperExtension.cs: 1352 - Unfixing component 34
2026-07-15 18:13:40,565 INFO  ExportHelperExtension.cs: 1352 - Unfixing component 33
2026-07-15 18:13:40,565 INFO  ExportHelperExtension.cs: 1352 - Unfixing component 27
2026-07-15 18:13:40,565 INFO  ExportHelperExtension.cs: 1352 - Unfixing component 29
2026-07-15 18:13:40,566 INFO  ExportHelperExtension.cs: 1352 - Unfixing component 24
2026-07-15 18:13:40,566 INFO  ExportHelperExtension.cs: 1352 - Unfixing component 24
2026-07-15 18:13:40,566 INFO  ExportHelperExtension.cs: 1352 - Unfixing component 24
2026-07-15 18:13:40,566 INFO  ExportHelperExtension.cs: 1352 - Unfixing component 28
2026-07-15 18:13:40,566 INFO  ExportHelperExtension.cs: 1352 - Unfixing component 26
2026-07-15 18:13:40,567 INFO  ExportHelperExtension.cs: 1352 - Unfixing component 25
2026-07-15 18:13:40,567 INFO  ExportHelperExtension.cs: 1352 - Unfixing component 24
2026-07-15 18:13:40,567 INFO  ExportHelperExtension.cs: 1352 - Unfixing component 25
2026-07-15 18:13:40,567 INFO  ExportHelperExtension.cs: 1352 - Unfixing component 177
2026-07-15 18:13:40,567 INFO  ExportHelperExtension.cs: 1352 - Unfixing component 350
2026-07-15 18:13:40,568 INFO  ExportHelperExtension.cs: 1352 - Unfixing component 200
2026-07-15 18:13:40,568 INFO  ExportHelperExtension.cs: 1352 - Unfixing component 163
2026-07-15 18:13:43,992 WARN  ExportHelperExtension.cs: 351 - Creating joint from parent UpperArm_Up to child UpperArm_Down failed
2026-07-15 18:13:44,595 INFO  ExportHelperExtension.cs: 347 - Creating joint ForeArm_Up
2026-07-15 18:13:44,596 INFO  ExportHelperExtension.cs: 1397 - Fixing components for UpperArm_Down
2026-07-15 18:13:44,596 INFO  ExportHelperExtension.cs: 1402 - Fixing 728
2026-07-15 18:13:44,596 INFO  ExportHelperExtension.cs: 1402 - Fixing 109
2026-07-15 18:13:44,596 INFO  ExportHelperExtension.cs: 1402 - Fixing 105
2026-07-15 18:13:44,597 INFO  ExportHelperExtension.cs: 1402 - Fixing 671
2026-07-15 18:13:44,597 INFO  ExportHelperExtension.cs: 1402 - Fixing 674
2026-07-15 18:13:44,597 INFO  ExportHelperExtension.cs: 1402 - Fixing 668
2026-07-15 18:13:44,597 INFO  ExportHelperExtension.cs: 1402 - Fixing 665
2026-07-15 18:13:44,597 INFO  ExportHelperExtension.cs: 1402 - Fixing 639
2026-07-15 18:13:44,598 INFO  ExportHelperExtension.cs: 1402 - Fixing 713
2026-07-15 18:13:44,598 INFO  ExportHelperExtension.cs: 1402 - Fixing 714
2026-07-15 18:13:44,598 INFO  ExportHelperExtension.cs: 1402 - Fixing 117
2026-07-15 18:13:44,598 INFO  ExportHelperExtension.cs: 1402 - Fixing 118
2026-07-15 18:13:44,599 INFO  ExportHelperExtension.cs: 1402 - Fixing 700
2026-07-15 18:13:44,599 INFO  ExportHelperExtension.cs: 1402 - Fixing 138
2026-07-15 18:13:44,599 INFO  ExportHelperExtension.cs: 1402 - Fixing 25
2026-07-15 18:13:44,599 INFO  ExportHelperExtension.cs: 1402 - Fixing 698
2026-07-15 18:13:44,599 INFO  ExportHelperExtension.cs: 1402 - Fixing 154
2026-07-15 18:13:44,600 INFO  ExportHelperExtension.cs: 1402 - Fixing 413
2026-07-15 18:13:44,600 INFO  ExportHelperExtension.cs: 1402 - Fixing 289
2026-07-15 18:13:44,600 INFO  ExportHelperExtension.cs: 1402 - Fixing 216
2026-07-15 18:13:44,600 INFO  ExportHelperExtension.cs: 1402 - Fixing 31
2026-07-15 18:13:44,600 INFO  ExportHelperExtension.cs: 1402 - Fixing 35
2026-07-15 18:13:44,601 INFO  ExportHelperExtension.cs: 1402 - Fixing 34
2026-07-15 18:13:44,601 INFO  ExportHelperExtension.cs: 1402 - Fixing 33
2026-07-15 18:13:44,601 INFO  ExportHelperExtension.cs: 1402 - Fixing 27
2026-07-15 18:13:44,601 INFO  ExportHelperExtension.cs: 1402 - Fixing 29
2026-07-15 18:13:44,601 INFO  ExportHelperExtension.cs: 1402 - Fixing 24
2026-07-15 18:13:44,602 INFO  ExportHelperExtension.cs: 1402 - Fixing 24
2026-07-15 18:13:44,602 INFO  ExportHelperExtension.cs: 1402 - Fixing 24
2026-07-15 18:13:44,602 INFO  ExportHelperExtension.cs: 1402 - Fixing 28
2026-07-15 18:13:44,605 INFO  ExportHelperExtension.cs: 1402 - Fixing 26
2026-07-15 18:13:44,605 INFO  ExportHelperExtension.cs: 1402 - Fixing 25
2026-07-15 18:13:44,605 INFO  ExportHelperExtension.cs: 1402 - Fixing 24
2026-07-15 18:13:44,605 INFO  ExportHelperExtension.cs: 1402 - Fixing 25
2026-07-15 18:13:44,606 INFO  ExportHelperExtension.cs: 1402 - Fixing 177
2026-07-15 18:13:44,606 INFO  ExportHelperExtension.cs: 1402 - Fixing 350
2026-07-15 18:13:44,606 INFO  ExportHelperExtension.cs: 1402 - Fixing 200
2026-07-15 18:13:44,606 INFO  ExportHelperExtension.cs: 1402 - Fixing 163
2026-07-15 18:13:45,638 INFO  ExportHelperExtension.cs: 828 - R1: 1, System.__ComObject, 1, System.Double[]
2026-07-15 18:13:45,639 INFO  ExportHelperExtension.cs: 841 - R2: 0, 0
2026-07-15 18:13:45,639 INFO  ExportHelperExtension.cs: 849 - L1: 0
2026-07-15 18:13:45,639 INFO  ExportHelperExtension.cs: 857 - L2: 0
2026-07-15 18:13:45,639 INFO  ExportHelperExtension.cs: 1352 - Unfixing component 728
2026-07-15 18:13:45,640 INFO  ExportHelperExtension.cs: 1352 - Unfixing component 109
2026-07-15 18:13:45,640 INFO  ExportHelperExtension.cs: 1352 - Unfixing component 105
2026-07-15 18:13:45,640 INFO  ExportHelperExtension.cs: 1352 - Unfixing component 671
2026-07-15 18:13:45,640 INFO  ExportHelperExtension.cs: 1352 - Unfixing component 674
2026-07-15 18:13:45,641 INFO  ExportHelperExtension.cs: 1352 - Unfixing component 668
2026-07-15 18:13:45,641 INFO  ExportHelperExtension.cs: 1352 - Unfixing component 665
2026-07-15 18:13:45,641 INFO  ExportHelperExtension.cs: 1352 - Unfixing component 639
2026-07-15 18:13:45,641 INFO  ExportHelperExtension.cs: 1352 - Unfixing component 713
2026-07-15 18:13:45,641 INFO  ExportHelperExtension.cs: 1352 - Unfixing component 714
2026-07-15 18:13:45,641 INFO  ExportHelperExtension.cs: 1352 - Unfixing component 117
2026-07-15 18:13:45,642 INFO  ExportHelperExtension.cs: 1352 - Unfixing component 118
2026-07-15 18:13:45,642 INFO  ExportHelperExtension.cs: 1352 - Unfixing component 700
2026-07-15 18:13:45,642 INFO  ExportHelperExtension.cs: 1352 - Unfixing component 138
2026-07-15 18:13:45,642 INFO  ExportHelperExtension.cs: 1352 - Unfixing component 25
2026-07-15 18:13:45,642 INFO  ExportHelperExtension.cs: 1352 - Unfixing component 698
2026-07-15 18:13:45,643 INFO  ExportHelperExtension.cs: 1352 - Unfixing component 154
2026-07-15 18:13:45,643 INFO  ExportHelperExtension.cs: 1352 - Unfixing component 413
2026-07-15 18:13:45,643 INFO  ExportHelperExtension.cs: 1352 - Unfixing component 289
2026-07-15 18:13:45,643 INFO  ExportHelperExtension.cs: 1352 - Unfixing component 216
2026-07-15 18:13:45,643 INFO  ExportHelperExtension.cs: 1352 - Unfixing component 31
2026-07-15 18:13:45,643 INFO  ExportHelperExtension.cs: 1352 - Unfixing component 35
2026-07-15 18:13:45,644 INFO  ExportHelperExtension.cs: 1352 - Unfixing component 34
2026-07-15 18:13:45,644 INFO  ExportHelperExtension.cs: 1352 - Unfixing component 33
2026-07-15 18:13:45,644 INFO  ExportHelperExtension.cs: 1352 - Unfixing component 27
2026-07-15 18:13:45,644 INFO  ExportHelperExtension.cs: 1352 - Unfixing component 29
2026-07-15 18:13:45,644 INFO  ExportHelperExtension.cs: 1352 - Unfixing component 24
2026-07-15 18:13:45,645 INFO  ExportHelperExtension.cs: 1352 - Unfixing component 24
2026-07-15 18:13:45,645 INFO  ExportHelperExtension.cs: 1352 - Unfixing component 24
2026-07-15 18:13:45,645 INFO  ExportHelperExtension.cs: 1352 - Unfixing component 28
2026-07-15 18:13:45,645 INFO  ExportHelperExtension.cs: 1352 - Unfixing component 26
2026-07-15 18:13:45,645 INFO  ExportHelperExtension.cs: 1352 - Unfixing component 25
2026-07-15 18:13:45,646 INFO  ExportHelperExtension.cs: 1352 - Unfixing component 24
2026-07-15 18:13:45,646 INFO  ExportHelperExtension.cs: 1352 - Unfixing component 25
2026-07-15 18:13:45,646 INFO  ExportHelperExtension.cs: 1352 - Unfixing component 177
2026-07-15 18:13:45,646 INFO  ExportHelperExtension.cs: 1352 - Unfixing component 350
2026-07-15 18:13:45,646 INFO  ExportHelperExtension.cs: 1352 - Unfixing component 200
2026-07-15 18:13:45,646 INFO  ExportHelperExtension.cs: 1352 - Unfixing component 163
2026-07-15 18:13:49,149 WARN  ExportHelperExtension.cs: 351 - Creating joint from parent UpperArm_Down to child ForeArm_Up failed
2026-07-15 18:13:49,704 INFO  ExportHelperExtension.cs: 347 - Creating joint ForeArm_Down
2026-07-15 18:13:49,704 INFO  ExportHelperExtension.cs: 1397 - Fixing components for ForeArm_Up
2026-07-15 18:13:49,705 INFO  ExportHelperExtension.cs: 1402 - Fixing 731
2026-07-15 18:13:49,705 INFO  ExportHelperExtension.cs: 1402 - Fixing 97
2026-07-15 18:13:49,705 INFO  ExportHelperExtension.cs: 1402 - Fixing 90
2026-07-15 18:13:49,705 INFO  ExportHelperExtension.cs: 1402 - Fixing 728
2026-07-15 18:13:49,706 INFO  ExportHelperExtension.cs: 1402 - Fixing 109
2026-07-15 18:13:49,706 INFO  ExportHelperExtension.cs: 1402 - Fixing 105
2026-07-15 18:13:49,706 INFO  ExportHelperExtension.cs: 1402 - Fixing 671
2026-07-15 18:13:49,706 INFO  ExportHelperExtension.cs: 1402 - Fixing 674
2026-07-15 18:13:49,706 INFO  ExportHelperExtension.cs: 1402 - Fixing 668
2026-07-15 18:13:49,707 INFO  ExportHelperExtension.cs: 1402 - Fixing 665
2026-07-15 18:13:49,707 INFO  ExportHelperExtension.cs: 1402 - Fixing 639
2026-07-15 18:13:49,707 INFO  ExportHelperExtension.cs: 1402 - Fixing 713
2026-07-15 18:13:49,707 INFO  ExportHelperExtension.cs: 1402 - Fixing 714
2026-07-15 18:13:49,707 INFO  ExportHelperExtension.cs: 1402 - Fixing 117
2026-07-15 18:13:49,708 INFO  ExportHelperExtension.cs: 1402 - Fixing 118
2026-07-15 18:13:49,708 INFO  ExportHelperExtension.cs: 1402 - Fixing 700
2026-07-15 18:13:49,708 INFO  ExportHelperExtension.cs: 1402 - Fixing 138
2026-07-15 18:13:49,708 INFO  ExportHelperExtension.cs: 1402 - Fixing 25
2026-07-15 18:13:49,708 INFO  ExportHelperExtension.cs: 1402 - Fixing 698
2026-07-15 18:13:49,709 INFO  ExportHelperExtension.cs: 1402 - Fixing 154
2026-07-15 18:13:49,709 INFO  ExportHelperExtension.cs: 1402 - Fixing 413
2026-07-15 18:13:49,709 INFO  ExportHelperExtension.cs: 1402 - Fixing 289
2026-07-15 18:13:49,709 INFO  ExportHelperExtension.cs: 1402 - Fixing 216
2026-07-15 18:13:49,709 INFO  ExportHelperExtension.cs: 1402 - Fixing 31
2026-07-15 18:13:49,710 INFO  ExportHelperExtension.cs: 1402 - Fixing 35
2026-07-15 18:13:49,710 INFO  ExportHelperExtension.cs: 1402 - Fixing 34
2026-07-15 18:13:49,710 INFO  ExportHelperExtension.cs: 1402 - Fixing 33
2026-07-15 18:13:49,710 INFO  ExportHelperExtension.cs: 1402 - Fixing 27
2026-07-15 18:13:49,710 INFO  ExportHelperExtension.cs: 1402 - Fixing 29
2026-07-15 18:13:49,710 INFO  ExportHelperExtension.cs: 1402 - Fixing 24
2026-07-15 18:13:49,711 INFO  ExportHelperExtension.cs: 1402 - Fixing 24
2026-07-15 18:13:49,711 INFO  ExportHelperExtension.cs: 1402 - Fixing 24
2026-07-15 18:13:49,711 INFO  ExportHelperExtension.cs: 1402 - Fixing 28
2026-07-15 18:13:49,711 INFO  ExportHelperExtension.cs: 1402 - Fixing 26
2026-07-15 18:13:49,711 INFO  ExportHelperExtension.cs: 1402 - Fixing 25
2026-07-15 18:13:49,712 INFO  ExportHelperExtension.cs: 1402 - Fixing 24
2026-07-15 18:13:49,712 INFO  ExportHelperExtension.cs: 1402 - Fixing 25
2026-07-15 18:13:49,712 INFO  ExportHelperExtension.cs: 1402 - Fixing 177
2026-07-15 18:13:49,712 INFO  ExportHelperExtension.cs: 1402 - Fixing 350
2026-07-15 18:13:49,712 INFO  ExportHelperExtension.cs: 1402 - Fixing 200
2026-07-15 18:13:49,713 INFO  ExportHelperExtension.cs: 1402 - Fixing 163
2026-07-15 18:13:50,777 INFO  ExportHelperExtension.cs: 828 - R1: 1, System.__ComObject, 1, System.Double[]
2026-07-15 18:13:50,777 INFO  ExportHelperExtension.cs: 841 - R2: 0, 0
2026-07-15 18:13:50,777 INFO  ExportHelperExtension.cs: 849 - L1: 0
2026-07-15 18:13:50,778 INFO  ExportHelperExtension.cs: 857 - L2: 0
2026-07-15 18:13:50,778 INFO  ExportHelperExtension.cs: 1352 - Unfixing component 731
2026-07-15 18:13:50,778 INFO  ExportHelperExtension.cs: 1352 - Unfixing component 97
2026-07-15 18:13:50,778 INFO  ExportHelperExtension.cs: 1352 - Unfixing component 90
2026-07-15 18:13:50,779 INFO  ExportHelperExtension.cs: 1352 - Unfixing component 728
2026-07-15 18:13:50,779 INFO  ExportHelperExtension.cs: 1352 - Unfixing component 109
2026-07-15 18:13:50,779 INFO  ExportHelperExtension.cs: 1352 - Unfixing component 105
2026-07-15 18:13:50,779 INFO  ExportHelperExtension.cs: 1352 - Unfixing component 671
2026-07-15 18:13:50,779 INFO  ExportHelperExtension.cs: 1352 - Unfixing component 674
2026-07-15 18:13:50,780 INFO  ExportHelperExtension.cs: 1352 - Unfixing component 668
2026-07-15 18:13:50,780 INFO  ExportHelperExtension.cs: 1352 - Unfixing component 665
2026-07-15 18:13:50,780 INFO  ExportHelperExtension.cs: 1352 - Unfixing component 639
2026-07-15 18:13:50,780 INFO  ExportHelperExtension.cs: 1352 - Unfixing component 713
2026-07-15 18:13:50,780 INFO  ExportHelperExtension.cs: 1352 - Unfixing component 714
2026-07-15 18:13:50,781 INFO  ExportHelperExtension.cs: 1352 - Unfixing component 117
2026-07-15 18:13:50,781 INFO  ExportHelperExtension.cs: 1352 - Unfixing component 118
2026-07-15 18:13:50,781 INFO  ExportHelperExtension.cs: 1352 - Unfixing component 700
2026-07-15 18:13:50,781 INFO  ExportHelperExtension.cs: 1352 - Unfixing component 138
2026-07-15 18:13:50,781 INFO  ExportHelperExtension.cs: 1352 - Unfixing component 25
2026-07-15 18:13:50,782 INFO  ExportHelperExtension.cs: 1352 - Unfixing component 698
2026-07-15 18:13:50,782 INFO  ExportHelperExtension.cs: 1352 - Unfixing component 154
2026-07-15 18:13:50,782 INFO  ExportHelperExtension.cs: 1352 - Unfixing component 413
2026-07-15 18:13:50,782 INFO  ExportHelperExtension.cs: 1352 - Unfixing component 289
2026-07-15 18:13:50,782 INFO  ExportHelperExtension.cs: 1352 - Unfixing component 216
2026-07-15 18:13:50,783 INFO  ExportHelperExtension.cs: 1352 - Unfixing component 31
2026-07-15 18:13:50,783 INFO  ExportHelperExtension.cs: 1352 - Unfixing component 35
2026-07-15 18:13:50,783 INFO  ExportHelperExtension.cs: 1352 - Unfixing component 34
2026-07-15 18:13:50,783 INFO  ExportHelperExtension.cs: 1352 - Unfixing component 33
2026-07-15 18:13:50,783 INFO  ExportHelperExtension.cs: 1352 - Unfixing component 27
2026-07-15 18:13:50,784 INFO  ExportHelperExtension.cs: 1352 - Unfixing component 29
2026-07-15 18:13:50,784 INFO  ExportHelperExtension.cs: 1352 - Unfixing component 24
2026-07-15 18:13:50,784 INFO  ExportHelperExtension.cs: 1352 - Unfixing component 24
2026-07-15 18:13:50,784 INFO  ExportHelperExtension.cs: 1352 - Unfixing component 24
2026-07-15 18:13:50,784 INFO  ExportHelperExtension.cs: 1352 - Unfixing component 28
2026-07-15 18:13:50,785 INFO  ExportHelperExtension.cs: 1352 - Unfixing component 26
2026-07-15 18:13:50,785 INFO  ExportHelperExtension.cs: 1352 - Unfixing component 25
2026-07-15 18:13:50,785 INFO  ExportHelperExtension.cs: 1352 - Unfixing component 24
2026-07-15 18:13:50,785 INFO  ExportHelperExtension.cs: 1352 - Unfixing component 25
2026-07-15 18:13:50,785 INFO  ExportHelperExtension.cs: 1352 - Unfixing component 177
2026-07-15 18:13:50,785 INFO  ExportHelperExtension.cs: 1352 - Unfixing component 350
2026-07-15 18:13:50,786 INFO  ExportHelperExtension.cs: 1352 - Unfixing component 200
2026-07-15 18:13:50,786 INFO  ExportHelperExtension.cs: 1352 - Unfixing component 163
2026-07-15 18:13:54,537 WARN  ExportHelperExtension.cs: 351 - Creating joint from parent ForeArm_Up to child ForeArm_Down failed
2026-07-15 18:13:55,118 INFO  ExportHelperExtension.cs: 347 - Creating joint Wrist
2026-07-15 18:13:55,118 INFO  ExportHelperExtension.cs: 1397 - Fixing components for ForeArm_Down
2026-07-15 18:13:55,118 INFO  ExportHelperExtension.cs: 1402 - Fixing 91
2026-07-15 18:13:55,119 INFO  ExportHelperExtension.cs: 1402 - Fixing 75
2026-07-15 18:13:55,119 INFO  ExportHelperExtension.cs: 1402 - Fixing 70
2026-07-15 18:13:55,119 INFO  ExportHelperExtension.cs: 1402 - Fixing 686
2026-07-15 18:13:55,119 INFO  ExportHelperExtension.cs: 1402 - Fixing 689
2026-07-15 18:13:55,120 INFO  ExportHelperExtension.cs: 1402 - Fixing 683
2026-07-15 18:13:55,120 INFO  ExportHelperExtension.cs: 1402 - Fixing 680
2026-07-15 18:13:55,126 INFO  ExportHelperExtension.cs: 1402 - Fixing 81
2026-07-15 18:13:55,126 INFO  ExportHelperExtension.cs: 1402 - Fixing 731
2026-07-15 18:13:55,126 INFO  ExportHelperExtension.cs: 1402 - Fixing 97
2026-07-15 18:13:55,126 INFO  ExportHelperExtension.cs: 1402 - Fixing 90
2026-07-15 18:13:55,127 INFO  ExportHelperExtension.cs: 1402 - Fixing 728
2026-07-15 18:13:55,127 INFO  ExportHelperExtension.cs: 1402 - Fixing 109
2026-07-15 18:13:55,127 INFO  ExportHelperExtension.cs: 1402 - Fixing 105
2026-07-15 18:13:55,127 INFO  ExportHelperExtension.cs: 1402 - Fixing 671
2026-07-15 18:13:55,127 INFO  ExportHelperExtension.cs: 1402 - Fixing 674
2026-07-15 18:13:55,128 INFO  ExportHelperExtension.cs: 1402 - Fixing 668
2026-07-15 18:13:55,128 INFO  ExportHelperExtension.cs: 1402 - Fixing 665
2026-07-15 18:13:55,128 INFO  ExportHelperExtension.cs: 1402 - Fixing 639
2026-07-15 18:13:55,128 INFO  ExportHelperExtension.cs: 1402 - Fixing 713
2026-07-15 18:13:55,128 INFO  ExportHelperExtension.cs: 1402 - Fixing 714
2026-07-15 18:13:55,129 INFO  ExportHelperExtension.cs: 1402 - Fixing 117
2026-07-15 18:13:55,129 INFO  ExportHelperExtension.cs: 1402 - Fixing 118
2026-07-15 18:13:55,129 INFO  ExportHelperExtension.cs: 1402 - Fixing 700
2026-07-15 18:13:55,129 INFO  ExportHelperExtension.cs: 1402 - Fixing 138
2026-07-15 18:13:55,129 INFO  ExportHelperExtension.cs: 1402 - Fixing 25
2026-07-15 18:13:55,130 INFO  ExportHelperExtension.cs: 1402 - Fixing 698
2026-07-15 18:13:55,130 INFO  ExportHelperExtension.cs: 1402 - Fixing 154
2026-07-15 18:13:55,130 INFO  ExportHelperExtension.cs: 1402 - Fixing 413
2026-07-15 18:13:55,130 INFO  ExportHelperExtension.cs: 1402 - Fixing 289
2026-07-15 18:13:55,130 INFO  ExportHelperExtension.cs: 1402 - Fixing 216
2026-07-15 18:13:55,131 INFO  ExportHelperExtension.cs: 1402 - Fixing 31
2026-07-15 18:13:55,131 INFO  ExportHelperExtension.cs: 1402 - Fixing 35
2026-07-15 18:13:55,131 INFO  ExportHelperExtension.cs: 1402 - Fixing 34
2026-07-15 18:13:55,131 INFO  ExportHelperExtension.cs: 1402 - Fixing 33
2026-07-15 18:13:55,131 INFO  ExportHelperExtension.cs: 1402 - Fixing 27
2026-07-15 18:13:55,132 INFO  ExportHelperExtension.cs: 1402 - Fixing 29
2026-07-15 18:13:55,132 INFO  ExportHelperExtension.cs: 1402 - Fixing 24
2026-07-15 18:13:55,132 INFO  ExportHelperExtension.cs: 1402 - Fixing 24
2026-07-15 18:13:55,132 INFO  ExportHelperExtension.cs: 1402 - Fixing 24
2026-07-15 18:13:55,132 INFO  ExportHelperExtension.cs: 1402 - Fixing 28
2026-07-15 18:13:55,133 INFO  ExportHelperExtension.cs: 1402 - Fixing 26
2026-07-15 18:13:55,133 INFO  ExportHelperExtension.cs: 1402 - Fixing 25
2026-07-15 18:13:55,133 INFO  ExportHelperExtension.cs: 1402 - Fixing 24
2026-07-15 18:13:55,133 INFO  ExportHelperExtension.cs: 1402 - Fixing 25
2026-07-15 18:13:55,133 INFO  ExportHelperExtension.cs: 1402 - Fixing 177
2026-07-15 18:13:55,133 INFO  ExportHelperExtension.cs: 1402 - Fixing 350
2026-07-15 18:13:55,134 INFO  ExportHelperExtension.cs: 1402 - Fixing 200
2026-07-15 18:13:55,134 INFO  ExportHelperExtension.cs: 1402 - Fixing 163
2026-07-15 18:13:56,460 INFO  ExportHelperExtension.cs: 828 - R1: 1, System.__ComObject, 1, System.Double[]
2026-07-15 18:13:56,460 INFO  ExportHelperExtension.cs: 841 - R2: 0, 0
2026-07-15 18:13:56,460 INFO  ExportHelperExtension.cs: 849 - L1: 0
2026-07-15 18:13:56,460 INFO  ExportHelperExtension.cs: 857 - L2: 0
2026-07-15 18:13:56,461 INFO  ExportHelperExtension.cs: 1352 - Unfixing component 91
2026-07-15 18:13:56,461 INFO  ExportHelperExtension.cs: 1352 - Unfixing component 75
2026-07-15 18:13:56,461 INFO  ExportHelperExtension.cs: 1352 - Unfixing component 70
2026-07-15 18:13:56,461 INFO  ExportHelperExtension.cs: 1352 - Unfixing component 686
2026-07-15 18:13:56,462 INFO  ExportHelperExtension.cs: 1352 - Unfixing component 689
2026-07-15 18:13:56,462 INFO  ExportHelperExtension.cs: 1352 - Unfixing component 683
2026-07-15 18:13:56,462 INFO  ExportHelperExtension.cs: 1352 - Unfixing component 680
2026-07-15 18:13:56,462 INFO  ExportHelperExtension.cs: 1352 - Unfixing component 81
2026-07-15 18:13:56,463 INFO  ExportHelperExtension.cs: 1352 - Unfixing component 731
2026-07-15 18:13:56,463 INFO  ExportHelperExtension.cs: 1352 - Unfixing component 97
2026-07-15 18:13:56,463 INFO  ExportHelperExtension.cs: 1352 - Unfixing component 90
2026-07-15 18:13:56,463 INFO  ExportHelperExtension.cs: 1352 - Unfixing component 728
2026-07-15 18:13:56,464 INFO  ExportHelperExtension.cs: 1352 - Unfixing component 109
2026-07-15 18:13:56,464 INFO  ExportHelperExtension.cs: 1352 - Unfixing component 105
2026-07-15 18:13:56,464 INFO  ExportHelperExtension.cs: 1352 - Unfixing component 671
2026-07-15 18:13:56,464 INFO  ExportHelperExtension.cs: 1352 - Unfixing component 674
2026-07-15 18:13:56,464 INFO  ExportHelperExtension.cs: 1352 - Unfixing component 668
2026-07-15 18:13:56,465 INFO  ExportHelperExtension.cs: 1352 - Unfixing component 665
2026-07-15 18:13:56,465 INFO  ExportHelperExtension.cs: 1352 - Unfixing component 639
2026-07-15 18:13:56,465 INFO  ExportHelperExtension.cs: 1352 - Unfixing component 713
2026-07-15 18:13:56,465 INFO  ExportHelperExtension.cs: 1352 - Unfixing component 714
2026-07-15 18:13:56,465 INFO  ExportHelperExtension.cs: 1352 - Unfixing component 117
2026-07-15 18:13:56,466 INFO  ExportHelperExtension.cs: 1352 - Unfixing component 118
2026-07-15 18:13:56,466 INFO  ExportHelperExtension.cs: 1352 - Unfixing component 700
2026-07-15 18:13:56,466 INFO  ExportHelperExtension.cs: 1352 - Unfixing component 138
2026-07-15 18:13:56,466 INFO  ExportHelperExtension.cs: 1352 - Unfixing component 25
2026-07-15 18:13:56,466 INFO  ExportHelperExtension.cs: 1352 - Unfixing component 698
2026-07-15 18:13:56,466 INFO  ExportHelperExtension.cs: 1352 - Unfixing component 154
2026-07-15 18:13:56,467 INFO  ExportHelperExtension.cs: 1352 - Unfixing component 413
2026-07-15 18:13:56,467 INFO  ExportHelperExtension.cs: 1352 - Unfixing component 289
2026-07-15 18:13:56,467 INFO  ExportHelperExtension.cs: 1352 - Unfixing component 216
2026-07-15 18:13:56,467 INFO  ExportHelperExtension.cs: 1352 - Unfixing component 31
2026-07-15 18:13:56,467 INFO  ExportHelperExtension.cs: 1352 - Unfixing component 35
2026-07-15 18:13:56,468 INFO  ExportHelperExtension.cs: 1352 - Unfixing component 34
2026-07-15 18:13:56,468 INFO  ExportHelperExtension.cs: 1352 - Unfixing component 33
2026-07-15 18:13:56,468 INFO  ExportHelperExtension.cs: 1352 - Unfixing component 27
2026-07-15 18:13:56,469 INFO  ExportHelperExtension.cs: 1352 - Unfixing component 29
2026-07-15 18:13:56,469 INFO  ExportHelperExtension.cs: 1352 - Unfixing component 24
2026-07-15 18:13:56,469 INFO  ExportHelperExtension.cs: 1352 - Unfixing component 24
2026-07-15 18:13:56,469 INFO  ExportHelperExtension.cs: 1352 - Unfixing component 24
2026-07-15 18:13:56,469 INFO  ExportHelperExtension.cs: 1352 - Unfixing component 28
2026-07-15 18:13:56,469 INFO  ExportHelperExtension.cs: 1352 - Unfixing component 26
2026-07-15 18:13:56,470 INFO  ExportHelperExtension.cs: 1352 - Unfixing component 25
2026-07-15 18:13:56,470 INFO  ExportHelperExtension.cs: 1352 - Unfixing component 24
2026-07-15 18:13:56,470 INFO  ExportHelperExtension.cs: 1352 - Unfixing component 25
2026-07-15 18:13:56,470 INFO  ExportHelperExtension.cs: 1352 - Unfixing component 177
2026-07-15 18:13:56,470 INFO  ExportHelperExtension.cs: 1352 - Unfixing component 350
2026-07-15 18:13:56,471 INFO  ExportHelperExtension.cs: 1352 - Unfixing component 200
2026-07-15 18:13:56,471 INFO  ExportHelperExtension.cs: 1352 - Unfixing component 163
2026-07-15 18:14:00,379 WARN  ExportHelperExtension.cs: 351 - Creating joint from parent ForeArm_Down to child Wrist failed
2026-07-15 18:14:00,673 INFO  ExportHelperExtension.cs: 1125 - Retrieving features of type [CoordSys] from Arm_Assemble.SLDASM
2026-07-15 18:14:00,678 INFO  ExportHelperExtension.cs: 1136 - Found 427 in Arm_Assemble.SLDASM
2026-07-15 18:14:00,679 INFO  ExportHelperExtension.cs: 1145 - Found 7 features of type [CoordSys] in Arm_Assemble.SLDASM
2026-07-15 18:14:00,679 INFO  ExportHelperExtension.cs: 1148 - Proceeding through assembly components
2026-07-15 18:14:00,680 INFO  ExportHelperExtension.cs: 1160 - 43 components to check
2026-07-15 18:14:00,680 INFO  ExportHelperExtension.cs: 1125 - Retrieving features of type [CoordSys] from ZDT_X42_L40Motor.STEP-1
2026-07-15 18:14:00,680 INFO  ExportHelperExtension.cs: 1136 - Found 34 in ZDT_X42_L40Motor.STEP-1
2026-07-15 18:14:00,681 INFO  ExportHelperExtension.cs: 1145 - Found 0 features of type [CoordSys] in ZDT_X42_L40Motor.STEP-1
2026-07-15 18:14:00,681 INFO  ExportHelperExtension.cs: 1125 - Retrieving features of type [CoordSys] from Gripper_Assembly-1
2026-07-15 18:14:00,681 INFO  ExportHelperExtension.cs: 1136 - Found 46 in Gripper_Assembly-1
2026-07-15 18:14:00,681 INFO  ExportHelperExtension.cs: 1145 - Found 0 features of type [CoordSys] in Gripper_Assembly-1
2026-07-15 18:14:00,682 INFO  ExportHelperExtension.cs: 1125 - Retrieving features of type [CoordSys] from Wrist-1
2026-07-15 18:14:00,682 INFO  ExportHelperExtension.cs: 1136 - Found 48 in Wrist-1
2026-07-15 18:14:00,682 INFO  ExportHelperExtension.cs: 1145 - Found 0 features of type [CoordSys] in Wrist-1
2026-07-15 18:14:00,682 INFO  ExportHelperExtension.cs: 1125 - Retrieving features of type [CoordSys] from 涨紧套Z21 8X18X11 REF-1
2026-07-15 18:14:00,683 INFO  ExportHelperExtension.cs: 1136 - Found 25 in 涨紧套Z21 8X18X11 REF-1
2026-07-15 18:14:00,683 INFO  ExportHelperExtension.cs: 1145 - Found 0 features of type [CoordSys] in 涨紧套Z21 8X18X11 REF-1
2026-07-15 18:14:00,685 INFO  ExportHelperExtension.cs: 1125 - Retrieving features of type [CoordSys] from Forearm dn-1
2026-07-15 18:14:00,701 INFO  ExportHelperExtension.cs: 1136 - Found 51 in Forearm dn-1
2026-07-15 18:14:00,701 INFO  ExportHelperExtension.cs: 1145 - Found 0 features of type [CoordSys] in Forearm dn-1
2026-07-15 18:14:00,702 INFO  ExportHelperExtension.cs: 1125 - Retrieving features of type [CoordSys] from 42减速器 圆法兰 一级速比 REF-1
2026-07-15 18:14:00,702 INFO  ExportHelperExtension.cs: 1136 - Found 42 in 42减速器 圆法兰 一级速比 REF-1
2026-07-15 18:14:00,702 INFO  ExportHelperExtension.cs: 1145 - Found 0 features of type [CoordSys] in 42减速器 圆法兰 一级速比 REF-1
2026-07-15 18:14:00,703 INFO  ExportHelperExtension.cs: 1125 - Retrieving features of type [CoordSys] from ZDT_X42_L34Motor.STEP-1
2026-07-15 18:14:00,703 INFO  ExportHelperExtension.cs: 1136 - Found 34 in ZDT_X42_L34Motor.STEP-1
2026-07-15 18:14:00,703 INFO  ExportHelperExtension.cs: 1145 - Found 0 features of type [CoordSys] in ZDT_X42_L34Motor.STEP-1
2026-07-15 18:14:00,703 INFO  ExportHelperExtension.cs: 1125 - Retrieving features of type [CoordSys] from 42减速器 方法兰 二级速比(15+) REF-1
2026-07-15 18:14:00,704 INFO  ExportHelperExtension.cs: 1136 - Found 44 in 42减速器 方法兰 二级速比(15+) REF-1
2026-07-15 18:14:00,704 INFO  ExportHelperExtension.cs: 1145 - Found 0 features of type [CoordSys] in 42减速器 方法兰 二级速比(15+) REF-1
2026-07-15 18:14:00,704 INFO  ExportHelperExtension.cs: 1125 - Retrieving features of type [CoordSys] from 联轴器 D19d4 L20 REF-1
2026-07-15 18:14:00,705 INFO  ExportHelperExtension.cs: 1136 - Found 44 in 联轴器 D19d4 L20 REF-1
2026-07-15 18:14:00,705 INFO  ExportHelperExtension.cs: 1145 - Found 0 features of type [CoordSys] in 联轴器 D19d4 L20 REF-1
2026-07-15 18:14:00,705 INFO  ExportHelperExtension.cs: 1125 - Retrieving features of type [CoordSys] from OYU-8-6060-1
2026-07-15 18:14:00,706 INFO  ExportHelperExtension.cs: 1136 - Found 25 in OYU-8-6060-1
2026-07-15 18:14:00,706 INFO  ExportHelperExtension.cs: 1145 - Found 0 features of type [CoordSys] in OYU-8-6060-1
2026-07-15 18:14:00,706 INFO  ExportHelperExtension.cs: 1125 - Retrieving features of type [CoordSys] from 57减速器 方法兰 二级速比(15+) REF-1
2026-07-15 18:14:00,706 INFO  ExportHelperExtension.cs: 1136 - Found 40 in 57减速器 方法兰 二级速比(15+) REF-1
2026-07-15 18:14:00,707 INFO  ExportHelperExtension.cs: 1145 - Found 0 features of type [CoordSys] in 57减速器 方法兰 二级速比(15+) REF-1
2026-07-15 18:14:00,707 INFO  ExportHelperExtension.cs: 1125 - Retrieving features of type [CoordSys] from 6060 Cotter pin-3
2026-07-15 18:14:00,707 INFO  ExportHelperExtension.cs: 1136 - Found 29 in 6060 Cotter pin-3
2026-07-15 18:14:00,707 INFO  ExportHelperExtension.cs: 1145 - Found 0 features of type [CoordSys] in 6060 Cotter pin-3
2026-07-15 18:14:00,708 INFO  ExportHelperExtension.cs: 1125 - Retrieving features of type [CoordSys] from 42减速器 圆法兰 一级速比 REF-2
2026-07-15 18:14:00,708 INFO  ExportHelperExtension.cs: 1136 - Found 42 in 42减速器 圆法兰 一级速比 REF-2
2026-07-15 18:14:00,708 INFO  ExportHelperExtension.cs: 1145 - Found 0 features of type [CoordSys] in 42减速器 圆法兰 一级速比 REF-2
2026-07-15 18:14:00,708 INFO  ExportHelperExtension.cs: 1125 - Retrieving features of type [CoordSys] from Upperarm dn - 联轴器D32d8版本-1
2026-07-15 18:14:00,709 INFO  ExportHelperExtension.cs: 1136 - Found 88 in Upperarm dn - 联轴器D32d8版本-1
2026-07-15 18:14:00,709 INFO  ExportHelperExtension.cs: 1145 - Found 0 features of type [CoordSys] in Upperarm dn - 联轴器D32d8版本-1
2026-07-15 18:14:00,709 INFO  ExportHelperExtension.cs: 1125 - Retrieving features of type [CoordSys] from ZDT_X42_L40Motor.STEP-2
2026-07-15 18:14:00,709 INFO  ExportHelperExtension.cs: 1136 - Found 34 in ZDT_X42_L40Motor.STEP-2
2026-07-15 18:14:00,710 INFO  ExportHelperExtension.cs: 1145 - Found 0 features of type [CoordSys] in ZDT_X42_L40Motor.STEP-2
2026-07-15 18:14:00,710 INFO  ExportHelperExtension.cs: 1125 - Retrieving features of type [CoordSys] from 42减速器 圆法兰 一级速比 REF-3
2026-07-15 18:14:00,710 INFO  ExportHelperExtension.cs: 1136 - Found 42 in 42减速器 圆法兰 一级速比 REF-3
2026-07-15 18:14:00,710 INFO  ExportHelperExtension.cs: 1145 - Found 0 features of type [CoordSys] in 42减速器 圆法兰 一级速比 REF-3
2026-07-15 18:14:00,711 INFO  ExportHelperExtension.cs: 1125 - Retrieving features of type [CoordSys] from ZDT_X42_L60Motor.STEP-2
2026-07-15 18:14:00,711 INFO  ExportHelperExtension.cs: 1136 - Found 34 in ZDT_X42_L60Motor.STEP-2
2026-07-15 18:14:00,711 INFO  ExportHelperExtension.cs: 1145 - Found 0 features of type [CoordSys] in ZDT_X42_L60Motor.STEP-2
2026-07-15 18:14:00,711 INFO  ExportHelperExtension.cs: 1125 - Retrieving features of type [CoordSys] from Forearm up - 联轴器D32d8版本-1
2026-07-15 18:14:00,712 INFO  ExportHelperExtension.cs: 1136 - Found 59 in Forearm up - 联轴器D32d8版本-1
2026-07-15 18:14:00,712 INFO  ExportHelperExtension.cs: 1145 - Found 0 features of type [CoordSys] in Forearm up - 联轴器D32d8版本-1
2026-07-15 18:14:00,712 INFO  ExportHelperExtension.cs: 1125 - Retrieving features of type [CoordSys] from J1 Base-1
2026-07-15 18:14:00,713 INFO  ExportHelperExtension.cs: 1136 - Found 66 in J1 Base-1
2026-07-15 18:14:00,713 INFO  ExportHelperExtension.cs: 1145 - Found 0 features of type [CoordSys] in J1 Base-1
2026-07-15 18:14:00,713 INFO  ExportHelperExtension.cs: 1125 - Retrieving features of type [CoordSys] from ZDT_X57_L76Motor.STEP-1
2026-07-15 18:14:00,713 INFO  ExportHelperExtension.cs: 1136 - Found 34 in ZDT_X57_L76Motor.STEP-1
2026-07-15 18:14:00,714 INFO  ExportHelperExtension.cs: 1145 - Found 0 features of type [CoordSys] in ZDT_X57_L76Motor.STEP-1
2026-07-15 18:14:00,714 INFO  ExportHelperExtension.cs: 1125 - Retrieving features of type [CoordSys] from 6060 Cotter pin-1
2026-07-15 18:14:00,714 INFO  ExportHelperExtension.cs: 1136 - Found 29 in 6060 Cotter pin-1
2026-07-15 18:14:00,714 INFO  ExportHelperExtension.cs: 1145 - Found 0 features of type [CoordSys] in 6060 Cotter pin-1
2026-07-15 18:14:00,715 INFO  ExportHelperExtension.cs: 1125 - Retrieving features of type [CoordSys] from 6060 Cotter pin-2
2026-07-15 18:14:00,715 INFO  ExportHelperExtension.cs: 1136 - Found 29 in 6060 Cotter pin-2
2026-07-15 18:14:00,715 INFO  ExportHelperExtension.cs: 1145 - Found 0 features of type [CoordSys] in 6060 Cotter pin-2
2026-07-15 18:14:00,715 INFO  ExportHelperExtension.cs: 1125 - Retrieving features of type [CoordSys] from 6060 Cotter pin-4
2026-07-15 18:14:00,715 INFO  ExportHelperExtension.cs: 1136 - Found 29 in 6060 Cotter pin-4
2026-07-15 18:14:00,716 INFO  ExportHelperExtension.cs: 1145 - Found 0 features of type [CoordSys] in 6060 Cotter pin-4
2026-07-15 18:14:00,716 INFO  ExportHelperExtension.cs: 1125 - Retrieving features of type [CoordSys] from ZDT_X42_L48Motor.STEP-3
2026-07-15 18:14:00,716 INFO  ExportHelperExtension.cs: 1136 - Found 34 in ZDT_X42_L48Motor.STEP-3
2026-07-15 18:14:00,716 INFO  ExportHelperExtension.cs: 1145 - Found 0 features of type [CoordSys] in ZDT_X42_L48Motor.STEP-3
2026-07-15 18:14:00,717 INFO  ExportHelperExtension.cs: 1125 - Retrieving features of type [CoordSys] from socket head cap screw_ai-1
2026-07-15 18:14:00,717 INFO  ExportHelperExtension.cs: 1136 - Found 46 in socket head cap screw_ai-1
2026-07-15 18:14:00,717 INFO  ExportHelperExtension.cs: 1145 - Found 0 features of type [CoordSys] in socket head cap screw_ai-1
2026-07-15 18:14:00,717 INFO  ExportHelperExtension.cs: 1125 - Retrieving features of type [CoordSys] from socket head cap screw_ai-2
2026-07-15 18:14:00,718 INFO  ExportHelperExtension.cs: 1136 - Found 46 in socket head cap screw_ai-2
2026-07-15 18:14:00,718 INFO  ExportHelperExtension.cs: 1145 - Found 0 features of type [CoordSys] in socket head cap screw_ai-2
2026-07-15 18:14:00,718 INFO  ExportHelperExtension.cs: 1125 - Retrieving features of type [CoordSys] from socket head cap screw_ai-4
2026-07-15 18:14:00,718 INFO  ExportHelperExtension.cs: 1136 - Found 46 in socket head cap screw_ai-4
2026-07-15 18:14:00,719 INFO  ExportHelperExtension.cs: 1145 - Found 0 features of type [CoordSys] in socket head cap screw_ai-4
2026-07-15 18:14:00,719 INFO  ExportHelperExtension.cs: 1125 - Retrieving features of type [CoordSys] from socket head cap screw_ai-3
2026-07-15 18:14:00,719 INFO  ExportHelperExtension.cs: 1136 - Found 46 in socket head cap screw_ai-3
2026-07-15 18:14:00,719 INFO  ExportHelperExtension.cs: 1145 - Found 0 features of type [CoordSys] in socket head cap screw_ai-3
2026-07-15 18:14:00,720 INFO  ExportHelperExtension.cs: 1125 - Retrieving features of type [CoordSys] from ZDT_X42_L48Motor.STEP-2
2026-07-15 18:14:00,720 INFO  ExportHelperExtension.cs: 1136 - Found 34 in ZDT_X42_L48Motor.STEP-2
2026-07-15 18:14:00,720 INFO  ExportHelperExtension.cs: 1145 - Found 0 features of type [CoordSys] in ZDT_X42_L48Motor.STEP-2
2026-07-15 18:14:00,720 INFO  ExportHelperExtension.cs: 1125 - Retrieving features of type [CoordSys] from socket head cap screw_ai-13
2026-07-15 18:14:00,720 INFO  ExportHelperExtension.cs: 1136 - Found 46 in socket head cap screw_ai-13
2026-07-15 18:14:00,721 INFO  ExportHelperExtension.cs: 1145 - Found 0 features of type [CoordSys] in socket head cap screw_ai-13
2026-07-15 18:14:00,721 INFO  ExportHelperExtension.cs: 1125 - Retrieving features of type [CoordSys] from Upperarm up - 联轴器D32d8版本-1
2026-07-15 18:14:00,721 INFO  ExportHelperExtension.cs: 1136 - Found 82 in Upperarm up - 联轴器D32d8版本-1
2026-07-15 18:14:00,722 INFO  ExportHelperExtension.cs: 1145 - Found 0 features of type [CoordSys] in Upperarm up - 联轴器D32d8版本-1
2026-07-15 18:14:00,722 INFO  ExportHelperExtension.cs: 1125 - Retrieving features of type [CoordSys] from 联轴器 D32d8 L28 REF-2
2026-07-15 18:14:00,722 INFO  ExportHelperExtension.cs: 1136 - Found 44 in 联轴器 D32d8 L28 REF-2
2026-07-15 18:14:00,722 INFO  ExportHelperExtension.cs: 1145 - Found 0 features of type [CoordSys] in 联轴器 D32d8 L28 REF-2
2026-07-15 18:14:00,723 INFO  ExportHelperExtension.cs: 1125 - Retrieving features of type [CoordSys] from socket head cap screw_ai-7
2026-07-15 18:14:00,723 INFO  ExportHelperExtension.cs: 1136 - Found 46 in socket head cap screw_ai-7
2026-07-15 18:14:00,723 INFO  ExportHelperExtension.cs: 1145 - Found 0 features of type [CoordSys] in socket head cap screw_ai-7
2026-07-15 18:14:00,724 INFO  ExportHelperExtension.cs: 1125 - Retrieving features of type [CoordSys] from socket head cap screw_ai-11
2026-07-15 18:14:00,724 INFO  ExportHelperExtension.cs: 1136 - Found 46 in socket head cap screw_ai-11
2026-07-15 18:14:00,724 INFO  ExportHelperExtension.cs: 1145 - Found 0 features of type [CoordSys] in socket head cap screw_ai-11
2026-07-15 18:14:00,724 INFO  ExportHelperExtension.cs: 1125 - Retrieving features of type [CoordSys] from socket head cap screw_ai-8
2026-07-15 18:14:00,725 INFO  ExportHelperExtension.cs: 1136 - Found 46 in socket head cap screw_ai-8
2026-07-15 18:14:00,725 INFO  ExportHelperExtension.cs: 1145 - Found 0 features of type [CoordSys] in socket head cap screw_ai-8
2026-07-15 18:14:00,725 INFO  ExportHelperExtension.cs: 1125 - Retrieving features of type [CoordSys] from socket head cap screw_ai-14
2026-07-15 18:14:00,725 INFO  ExportHelperExtension.cs: 1136 - Found 46 in socket head cap screw_ai-14
2026-07-15 18:14:00,726 INFO  ExportHelperExtension.cs: 1145 - Found 0 features of type [CoordSys] in socket head cap screw_ai-14
2026-07-15 18:14:00,726 INFO  ExportHelperExtension.cs: 1125 - Retrieving features of type [CoordSys] from socket head cap screw_ai-6
2026-07-15 18:14:00,726 INFO  ExportHelperExtension.cs: 1136 - Found 46 in socket head cap screw_ai-6
2026-07-15 18:14:00,727 INFO  ExportHelperExtension.cs: 1145 - Found 0 features of type [CoordSys] in socket head cap screw_ai-6
2026-07-15 18:14:00,727 INFO  ExportHelperExtension.cs: 1125 - Retrieving features of type [CoordSys] from 联轴器 D32d14 L28 REF-1
2026-07-15 18:14:00,727 INFO  ExportHelperExtension.cs: 1136 - Found 44 in 联轴器 D32d14 L28 REF-1
2026-07-15 18:14:00,727 INFO  ExportHelperExtension.cs: 1145 - Found 0 features of type [CoordSys] in 联轴器 D32d14 L28 REF-1
2026-07-15 18:14:00,728 INFO  ExportHelperExtension.cs: 1125 - Retrieving features of type [CoordSys] from socket head cap screw_ai-12
2026-07-15 18:14:00,728 INFO  ExportHelperExtension.cs: 1136 - Found 46 in socket head cap screw_ai-12
2026-07-15 18:14:00,728 INFO  ExportHelperExtension.cs: 1145 - Found 0 features of type [CoordSys] in socket head cap screw_ai-12
2026-07-15 18:14:00,728 INFO  ExportHelperExtension.cs: 1125 - Retrieving features of type [CoordSys] from socket head cap screw_ai-9
2026-07-15 18:14:00,729 INFO  ExportHelperExtension.cs: 1136 - Found 46 in socket head cap screw_ai-9
2026-07-15 18:14:00,729 INFO  ExportHelperExtension.cs: 1145 - Found 0 features of type [CoordSys] in socket head cap screw_ai-9
2026-07-15 18:14:00,729 INFO  ExportHelperExtension.cs: 1125 - Retrieving features of type [CoordSys] from Shoulder - 联轴器D32d14版本-1
2026-07-15 18:14:00,730 INFO  ExportHelperExtension.cs: 1136 - Found 80 in Shoulder - 联轴器D32d14版本-1
2026-07-15 18:14:00,730 INFO  ExportHelperExtension.cs: 1145 - Found 0 features of type [CoordSys] in Shoulder - 联轴器D32d14版本-1
2026-07-15 18:14:00,730 INFO  ExportHelperExtension.cs: 1125 - Retrieving features of type [CoordSys] from 联轴器 D32d8 L28 REF-1
2026-07-15 18:14:00,730 INFO  ExportHelperExtension.cs: 1136 - Found 44 in 联轴器 D32d8 L28 REF-1
2026-07-15 18:14:00,731 INFO  ExportHelperExtension.cs: 1145 - Found 0 features of type [CoordSys] in 联轴器 D32d8 L28 REF-1
2026-07-15 18:14:00,733 INFO  ExportHelperExtension.cs: 1125 - Retrieving features of type [CoordSys] from 联轴器 D32d8 L28 REF-3
2026-07-15 18:14:00,734 INFO  ExportHelperExtension.cs: 1136 - Found 44 in 联轴器 D32d8 L28 REF-3
2026-07-15 18:14:00,734 INFO  ExportHelperExtension.cs: 1145 - Found 0 features of type [CoordSys] in 联轴器 D32d8 L28 REF-3
2026-07-15 18:14:00,734 INFO  ExportHelperExtension.cs: 1125 - Retrieving features of type [RefAxis] from Arm_Assemble.SLDASM
2026-07-15 18:14:00,735 INFO  ExportHelperExtension.cs: 1136 - Found 427 in Arm_Assemble.SLDASM
2026-07-15 18:14:00,736 INFO  ExportHelperExtension.cs: 1145 - Found 12 features of type [RefAxis] in Arm_Assemble.SLDASM
2026-07-15 18:14:00,736 INFO  ExportHelperExtension.cs: 1148 - Proceeding through assembly components
2026-07-15 18:14:00,736 INFO  ExportHelperExtension.cs: 1160 - 43 components to check
2026-07-15 18:14:00,736 INFO  ExportHelperExtension.cs: 1125 - Retrieving features of type [RefAxis] from ZDT_X42_L40Motor.STEP-1
2026-07-15 18:14:00,748 INFO  ExportHelperExtension.cs: 1136 - Found 34 in ZDT_X42_L40Motor.STEP-1
2026-07-15 18:14:00,748 INFO  ExportHelperExtension.cs: 1145 - Found 0 features of type [RefAxis] in ZDT_X42_L40Motor.STEP-1
2026-07-15 18:14:00,749 INFO  ExportHelperExtension.cs: 1125 - Retrieving features of type [RefAxis] from Gripper_Assembly-1
2026-07-15 18:14:00,749 INFO  ExportHelperExtension.cs: 1136 - Found 46 in Gripper_Assembly-1
2026-07-15 18:14:00,749 INFO  ExportHelperExtension.cs: 1145 - Found 0 features of type [RefAxis] in Gripper_Assembly-1
2026-07-15 18:14:00,750 INFO  ExportHelperExtension.cs: 1125 - Retrieving features of type [RefAxis] from Wrist-1
2026-07-15 18:14:00,750 INFO  ExportHelperExtension.cs: 1136 - Found 48 in Wrist-1
2026-07-15 18:14:00,750 INFO  ExportHelperExtension.cs: 1145 - Found 0 features of type [RefAxis] in Wrist-1
2026-07-15 18:14:00,751 INFO  ExportHelperExtension.cs: 1125 - Retrieving features of type [RefAxis] from 涨紧套Z21 8X18X11 REF-1
2026-07-15 18:14:00,751 INFO  ExportHelperExtension.cs: 1136 - Found 25 in 涨紧套Z21 8X18X11 REF-1
2026-07-15 18:14:00,751 INFO  ExportHelperExtension.cs: 1145 - Found 0 features of type [RefAxis] in 涨紧套Z21 8X18X11 REF-1
2026-07-15 18:14:00,751 INFO  ExportHelperExtension.cs: 1125 - Retrieving features of type [RefAxis] from Forearm dn-1
2026-07-15 18:14:00,751 INFO  ExportHelperExtension.cs: 1136 - Found 51 in Forearm dn-1
2026-07-15 18:14:00,752 INFO  ExportHelperExtension.cs: 1145 - Found 0 features of type [RefAxis] in Forearm dn-1
2026-07-15 18:14:00,752 INFO  ExportHelperExtension.cs: 1125 - Retrieving features of type [RefAxis] from 42减速器 圆法兰 一级速比 REF-1
2026-07-15 18:14:00,752 INFO  ExportHelperExtension.cs: 1136 - Found 42 in 42减速器 圆法兰 一级速比 REF-1
2026-07-15 18:14:00,753 INFO  ExportHelperExtension.cs: 1145 - Found 0 features of type [RefAxis] in 42减速器 圆法兰 一级速比 REF-1
2026-07-15 18:14:00,753 INFO  ExportHelperExtension.cs: 1125 - Retrieving features of type [RefAxis] from ZDT_X42_L34Motor.STEP-1
2026-07-15 18:14:00,753 INFO  ExportHelperExtension.cs: 1136 - Found 34 in ZDT_X42_L34Motor.STEP-1
2026-07-15 18:14:00,754 INFO  ExportHelperExtension.cs: 1145 - Found 0 features of type [RefAxis] in ZDT_X42_L34Motor.STEP-1
2026-07-15 18:14:00,754 INFO  ExportHelperExtension.cs: 1125 - Retrieving features of type [RefAxis] from 42减速器 方法兰 二级速比(15+) REF-1
2026-07-15 18:14:00,754 INFO  ExportHelperExtension.cs: 1136 - Found 44 in 42减速器 方法兰 二级速比(15+) REF-1
2026-07-15 18:14:00,754 INFO  ExportHelperExtension.cs: 1145 - Found 0 features of type [RefAxis] in 42减速器 方法兰 二级速比(15+) REF-1
2026-07-15 18:14:00,755 INFO  ExportHelperExtension.cs: 1125 - Retrieving features of type [RefAxis] from 联轴器 D19d4 L20 REF-1
2026-07-15 18:14:00,755 INFO  ExportHelperExtension.cs: 1136 - Found 44 in 联轴器 D19d4 L20 REF-1
2026-07-15 18:14:00,755 INFO  ExportHelperExtension.cs: 1145 - Found 0 features of type [RefAxis] in 联轴器 D19d4 L20 REF-1
2026-07-15 18:14:00,755 INFO  ExportHelperExtension.cs: 1125 - Retrieving features of type [RefAxis] from OYU-8-6060-1
2026-07-15 18:14:00,756 INFO  ExportHelperExtension.cs: 1136 - Found 25 in OYU-8-6060-1
2026-07-15 18:14:00,756 INFO  ExportHelperExtension.cs: 1145 - Found 0 features of type [RefAxis] in OYU-8-6060-1
2026-07-15 18:14:00,756 INFO  ExportHelperExtension.cs: 1125 - Retrieving features of type [RefAxis] from 57减速器 方法兰 二级速比(15+) REF-1
2026-07-15 18:14:00,756 INFO  ExportHelperExtension.cs: 1136 - Found 40 in 57减速器 方法兰 二级速比(15+) REF-1
2026-07-15 18:14:00,757 INFO  ExportHelperExtension.cs: 1145 - Found 0 features of type [RefAxis] in 57减速器 方法兰 二级速比(15+) REF-1
2026-07-15 18:14:00,757 INFO  ExportHelperExtension.cs: 1125 - Retrieving features of type [RefAxis] from 6060 Cotter pin-3
2026-07-15 18:14:00,757 INFO  ExportHelperExtension.cs: 1136 - Found 29 in 6060 Cotter pin-3
2026-07-15 18:14:00,757 INFO  ExportHelperExtension.cs: 1145 - Found 0 features of type [RefAxis] in 6060 Cotter pin-3
2026-07-15 18:14:00,757 INFO  ExportHelperExtension.cs: 1125 - Retrieving features of type [RefAxis] from 42减速器 圆法兰 一级速比 REF-2
2026-07-15 18:14:00,758 INFO  ExportHelperExtension.cs: 1136 - Found 42 in 42减速器 圆法兰 一级速比 REF-2
2026-07-15 18:14:00,758 INFO  ExportHelperExtension.cs: 1145 - Found 0 features of type [RefAxis] in 42减速器 圆法兰 一级速比 REF-2
2026-07-15 18:14:00,758 INFO  ExportHelperExtension.cs: 1125 - Retrieving features of type [RefAxis] from Upperarm dn - 联轴器D32d8版本-1
2026-07-15 18:14:00,758 INFO  ExportHelperExtension.cs: 1136 - Found 88 in Upperarm dn - 联轴器D32d8版本-1
2026-07-15 18:14:00,759 INFO  ExportHelperExtension.cs: 1145 - Found 0 features of type [RefAxis] in Upperarm dn - 联轴器D32d8版本-1
2026-07-15 18:14:00,759 INFO  ExportHelperExtension.cs: 1125 - Retrieving features of type [RefAxis] from ZDT_X42_L40Motor.STEP-2
2026-07-15 18:14:00,759 INFO  ExportHelperExtension.cs: 1136 - Found 34 in ZDT_X42_L40Motor.STEP-2
2026-07-15 18:14:00,759 INFO  ExportHelperExtension.cs: 1145 - Found 0 features of type [RefAxis] in ZDT_X42_L40Motor.STEP-2
2026-07-15 18:14:00,760 INFO  ExportHelperExtension.cs: 1125 - Retrieving features of type [RefAxis] from 42减速器 圆法兰 一级速比 REF-3
2026-07-15 18:14:00,760 INFO  ExportHelperExtension.cs: 1136 - Found 42 in 42减速器 圆法兰 一级速比 REF-3
2026-07-15 18:14:00,760 INFO  ExportHelperExtension.cs: 1145 - Found 0 features of type [RefAxis] in 42减速器 圆法兰 一级速比 REF-3
2026-07-15 18:14:00,761 INFO  ExportHelperExtension.cs: 1125 - Retrieving features of type [RefAxis] from ZDT_X42_L60Motor.STEP-2
2026-07-15 18:14:00,761 INFO  ExportHelperExtension.cs: 1136 - Found 34 in ZDT_X42_L60Motor.STEP-2
2026-07-15 18:14:00,761 INFO  ExportHelperExtension.cs: 1145 - Found 0 features of type [RefAxis] in ZDT_X42_L60Motor.STEP-2
2026-07-15 18:14:00,761 INFO  ExportHelperExtension.cs: 1125 - Retrieving features of type [RefAxis] from Forearm up - 联轴器D32d8版本-1
2026-07-15 18:14:00,762 INFO  ExportHelperExtension.cs: 1136 - Found 59 in Forearm up - 联轴器D32d8版本-1
2026-07-15 18:14:00,762 INFO  ExportHelperExtension.cs: 1145 - Found 0 features of type [RefAxis] in Forearm up - 联轴器D32d8版本-1
2026-07-15 18:14:00,762 INFO  ExportHelperExtension.cs: 1125 - Retrieving features of type [RefAxis] from J1 Base-1
2026-07-15 18:14:00,762 INFO  ExportHelperExtension.cs: 1136 - Found 66 in J1 Base-1
2026-07-15 18:14:00,763 INFO  ExportHelperExtension.cs: 1145 - Found 0 features of type [RefAxis] in J1 Base-1
2026-07-15 18:14:00,763 INFO  ExportHelperExtension.cs: 1125 - Retrieving features of type [RefAxis] from ZDT_X57_L76Motor.STEP-1
2026-07-15 18:14:00,763 INFO  ExportHelperExtension.cs: 1136 - Found 34 in ZDT_X57_L76Motor.STEP-1
2026-07-15 18:14:00,764 INFO  ExportHelperExtension.cs: 1145 - Found 0 features of type [RefAxis] in ZDT_X57_L76Motor.STEP-1
2026-07-15 18:14:00,764 INFO  ExportHelperExtension.cs: 1125 - Retrieving features of type [RefAxis] from 6060 Cotter pin-1
2026-07-15 18:14:00,764 INFO  ExportHelperExtension.cs: 1136 - Found 29 in 6060 Cotter pin-1
2026-07-15 18:14:00,764 INFO  ExportHelperExtension.cs: 1145 - Found 0 features of type [RefAxis] in 6060 Cotter pin-1
2026-07-15 18:14:00,764 INFO  ExportHelperExtension.cs: 1125 - Retrieving features of type [RefAxis] from 6060 Cotter pin-2
2026-07-15 18:14:00,765 INFO  ExportHelperExtension.cs: 1136 - Found 29 in 6060 Cotter pin-2
2026-07-15 18:14:00,765 INFO  ExportHelperExtension.cs: 1145 - Found 0 features of type [RefAxis] in 6060 Cotter pin-2
2026-07-15 18:14:00,765 INFO  ExportHelperExtension.cs: 1125 - Retrieving features of type [RefAxis] from 6060 Cotter pin-4
2026-07-15 18:14:00,765 INFO  ExportHelperExtension.cs: 1136 - Found 29 in 6060 Cotter pin-4
2026-07-15 18:14:00,766 INFO  ExportHelperExtension.cs: 1145 - Found 0 features of type [RefAxis] in 6060 Cotter pin-4
2026-07-15 18:14:00,766 INFO  ExportHelperExtension.cs: 1125 - Retrieving features of type [RefAxis] from ZDT_X42_L48Motor.STEP-3
2026-07-15 18:14:00,766 INFO  ExportHelperExtension.cs: 1136 - Found 34 in ZDT_X42_L48Motor.STEP-3
2026-07-15 18:14:00,766 INFO  ExportHelperExtension.cs: 1145 - Found 0 features of type [RefAxis] in ZDT_X42_L48Motor.STEP-3
2026-07-15 18:14:00,766 INFO  ExportHelperExtension.cs: 1125 - Retrieving features of type [RefAxis] from socket head cap screw_ai-1
2026-07-15 18:14:00,767 INFO  ExportHelperExtension.cs: 1136 - Found 46 in socket head cap screw_ai-1
2026-07-15 18:14:00,767 INFO  ExportHelperExtension.cs: 1145 - Found 0 features of type [RefAxis] in socket head cap screw_ai-1
2026-07-15 18:14:00,767 INFO  ExportHelperExtension.cs: 1125 - Retrieving features of type [RefAxis] from socket head cap screw_ai-2
2026-07-15 18:14:00,767 INFO  ExportHelperExtension.cs: 1136 - Found 46 in socket head cap screw_ai-2
2026-07-15 18:14:00,768 INFO  ExportHelperExtension.cs: 1145 - Found 0 features of type [RefAxis] in socket head cap screw_ai-2
2026-07-15 18:14:00,768 INFO  ExportHelperExtension.cs: 1125 - Retrieving features of type [RefAxis] from socket head cap screw_ai-4
2026-07-15 18:14:00,768 INFO  ExportHelperExtension.cs: 1136 - Found 46 in socket head cap screw_ai-4
2026-07-15 18:14:00,768 INFO  ExportHelperExtension.cs: 1145 - Found 0 features of type [RefAxis] in socket head cap screw_ai-4
2026-07-15 18:14:00,769 INFO  ExportHelperExtension.cs: 1125 - Retrieving features of type [RefAxis] from socket head cap screw_ai-3
2026-07-15 18:14:00,769 INFO  ExportHelperExtension.cs: 1136 - Found 46 in socket head cap screw_ai-3
2026-07-15 18:14:00,769 INFO  ExportHelperExtension.cs: 1145 - Found 0 features of type [RefAxis] in socket head cap screw_ai-3
2026-07-15 18:14:00,770 INFO  ExportHelperExtension.cs: 1125 - Retrieving features of type [RefAxis] from ZDT_X42_L48Motor.STEP-2
2026-07-15 18:14:00,770 INFO  ExportHelperExtension.cs: 1136 - Found 34 in ZDT_X42_L48Motor.STEP-2
2026-07-15 18:14:00,770 INFO  ExportHelperExtension.cs: 1145 - Found 0 features of type [RefAxis] in ZDT_X42_L48Motor.STEP-2
2026-07-15 18:14:00,770 INFO  ExportHelperExtension.cs: 1125 - Retrieving features of type [RefAxis] from socket head cap screw_ai-13
2026-07-15 18:14:00,770 INFO  ExportHelperExtension.cs: 1136 - Found 46 in socket head cap screw_ai-13
2026-07-15 18:14:00,771 INFO  ExportHelperExtension.cs: 1145 - Found 0 features of type [RefAxis] in socket head cap screw_ai-13
2026-07-15 18:14:00,771 INFO  ExportHelperExtension.cs: 1125 - Retrieving features of type [RefAxis] from Upperarm up - 联轴器D32d8版本-1
2026-07-15 18:14:00,771 INFO  ExportHelperExtension.cs: 1136 - Found 82 in Upperarm up - 联轴器D32d8版本-1
2026-07-15 18:14:00,772 INFO  ExportHelperExtension.cs: 1145 - Found 1 features of type [RefAxis] in Upperarm up - 联轴器D32d8版本-1
2026-07-15 18:14:00,772 INFO  ExportHelperExtension.cs: 1125 - Retrieving features of type [RefAxis] from 联轴器 D32d8 L28 REF-2
2026-07-15 18:14:00,772 INFO  ExportHelperExtension.cs: 1136 - Found 44 in 联轴器 D32d8 L28 REF-2
2026-07-15 18:14:00,773 INFO  ExportHelperExtension.cs: 1145 - Found 0 features of type [RefAxis] in 联轴器 D32d8 L28 REF-2
2026-07-15 18:14:00,773 INFO  ExportHelperExtension.cs: 1125 - Retrieving features of type [RefAxis] from socket head cap screw_ai-7
2026-07-15 18:14:00,773 INFO  ExportHelperExtension.cs: 1136 - Found 46 in socket head cap screw_ai-7
2026-07-15 18:14:00,773 INFO  ExportHelperExtension.cs: 1145 - Found 0 features of type [RefAxis] in socket head cap screw_ai-7
2026-07-15 18:14:00,774 INFO  ExportHelperExtension.cs: 1125 - Retrieving features of type [RefAxis] from socket head cap screw_ai-11
2026-07-15 18:14:00,774 INFO  ExportHelperExtension.cs: 1136 - Found 46 in socket head cap screw_ai-11
2026-07-15 18:14:00,774 INFO  ExportHelperExtension.cs: 1145 - Found 0 features of type [RefAxis] in socket head cap screw_ai-11
2026-07-15 18:14:00,774 INFO  ExportHelperExtension.cs: 1125 - Retrieving features of type [RefAxis] from socket head cap screw_ai-8
2026-07-15 18:14:00,774 INFO  ExportHelperExtension.cs: 1136 - Found 46 in socket head cap screw_ai-8
2026-07-15 18:14:00,775 INFO  ExportHelperExtension.cs: 1145 - Found 0 features of type [RefAxis] in socket head cap screw_ai-8
2026-07-15 18:14:00,775 INFO  ExportHelperExtension.cs: 1125 - Retrieving features of type [RefAxis] from socket head cap screw_ai-14
2026-07-15 18:14:00,775 INFO  ExportHelperExtension.cs: 1136 - Found 46 in socket head cap screw_ai-14
2026-07-15 18:14:00,778 INFO  ExportHelperExtension.cs: 1145 - Found 0 features of type [RefAxis] in socket head cap screw_ai-14
2026-07-15 18:14:00,778 INFO  ExportHelperExtension.cs: 1125 - Retrieving features of type [RefAxis] from socket head cap screw_ai-6
2026-07-15 18:14:00,778 INFO  ExportHelperExtension.cs: 1136 - Found 46 in socket head cap screw_ai-6
2026-07-15 18:14:00,779 INFO  ExportHelperExtension.cs: 1145 - Found 0 features of type [RefAxis] in socket head cap screw_ai-6
2026-07-15 18:14:00,779 INFO  ExportHelperExtension.cs: 1125 - Retrieving features of type [RefAxis] from 联轴器 D32d14 L28 REF-1
2026-07-15 18:14:00,794 INFO  ExportHelperExtension.cs: 1136 - Found 44 in 联轴器 D32d14 L28 REF-1
2026-07-15 18:14:00,794 INFO  ExportHelperExtension.cs: 1145 - Found 0 features of type [RefAxis] in 联轴器 D32d14 L28 REF-1
2026-07-15 18:14:00,795 INFO  ExportHelperExtension.cs: 1125 - Retrieving features of type [RefAxis] from socket head cap screw_ai-12
2026-07-15 18:14:00,795 INFO  ExportHelperExtension.cs: 1136 - Found 46 in socket head cap screw_ai-12
2026-07-15 18:14:00,795 INFO  ExportHelperExtension.cs: 1145 - Found 0 features of type [RefAxis] in socket head cap screw_ai-12
2026-07-15 18:14:00,796 INFO  ExportHelperExtension.cs: 1125 - Retrieving features of type [RefAxis] from socket head cap screw_ai-9
2026-07-15 18:14:00,796 INFO  ExportHelperExtension.cs: 1136 - Found 46 in socket head cap screw_ai-9
2026-07-15 18:14:00,796 INFO  ExportHelperExtension.cs: 1145 - Found 0 features of type [RefAxis] in socket head cap screw_ai-9
2026-07-15 18:14:00,796 INFO  ExportHelperExtension.cs: 1125 - Retrieving features of type [RefAxis] from Shoulder - 联轴器D32d14版本-1
2026-07-15 18:14:00,797 INFO  ExportHelperExtension.cs: 1136 - Found 80 in Shoulder - 联轴器D32d14版本-1
2026-07-15 18:14:00,797 INFO  ExportHelperExtension.cs: 1145 - Found 0 features of type [RefAxis] in Shoulder - 联轴器D32d14版本-1
2026-07-15 18:14:00,797 INFO  ExportHelperExtension.cs: 1125 - Retrieving features of type [RefAxis] from 联轴器 D32d8 L28 REF-1
2026-07-15 18:14:00,797 INFO  ExportHelperExtension.cs: 1136 - Found 44 in 联轴器 D32d8 L28 REF-1
2026-07-15 18:14:00,798 INFO  ExportHelperExtension.cs: 1145 - Found 0 features of type [RefAxis] in 联轴器 D32d8 L28 REF-1
2026-07-15 18:14:00,798 INFO  ExportHelperExtension.cs: 1125 - Retrieving features of type [RefAxis] from 联轴器 D32d8 L28 REF-3
2026-07-15 18:14:00,798 INFO  ExportHelperExtension.cs: 1136 - Found 44 in 联轴器 D32d8 L28 REF-3
2026-07-15 18:14:00,798 INFO  ExportHelperExtension.cs: 1145 - Found 0 features of type [RefAxis] in 联轴器 D32d8 L28 REF-3
2026-07-15 18:14:00,844 INFO  ExportPropertyManager.cs: 1142 - AfterClose called. This method no longer throws an Exception. It just silently does nothing. Ok, except for this logging message
2026-07-15 18:41:03,035 INFO  AssemblyExportForm.cs: 253 - Completing URDF export
2026-07-15 18:41:03,043 INFO  ConfigurationSerialization.cs: 276 - URDF Configuration found
<Link z:Id="i1" xmlns="http://schemas.datacontract.org/2004/07/SW2URDF" xmlns:i="http://www.w3.org/2001/XMLSchema-instance" xmlns:z="http://schemas.microsoft.com/2003/10/Serialization/"><Attributes><Attribute z:Id="i2"><AttributeType>name</AttributeType><IsRequired>true</IsRequired><Value i:type="a:string" xmlns:a="http://www.w3.org/2001/XMLSchema">base</Value></Attribute></Attributes><ChildElements><URDFElement z:Id="i3" i:type="Inertial"><Attributes/><ChildElements><URDFElement z:Id="i4" i:type="Origin"><Attributes><Attribute z:Id="i5"><AttributeType>xyz</AttributeType><IsRequired>true</IsRequired><Value i:type="a:ArrayOfdouble" xmlns:a="http://schemas.microsoft.com/2003/10/Serialization/Arrays"><a:double>0</a:double><a:double>0</a:double><a:double>0</a:double></Value></Attribute><Attribute z:Id="i6"><AttributeType>rpy</AttributeType><IsRequired>true</IsRequired><Value i:type="a:ArrayOfdouble" xmlns:a="http://schemas.microsoft.com/2003/10/Serialization/Arrays"><a:double>0</a:double><a:double>0</a:double><a:double>0</a:double></Value></Attribute></Attributes><ChildElements/><ElementName>origin</ElementName><required>false</required><RPYAttribute z:Ref="i6"/><XYZAttribute z:Ref="i5"/><isCustomized>false</isCustomized></URDFElement><URDFElement z:Id="i7" i:type="Mass"><Attributes><Attribute z:Id="i8"><AttributeType>value</AttributeType><IsRequired>true</IsRequired><Value i:type="a:double" xmlns:a="http://www.w3.org/2001/XMLSchema">0</Value></Attribute></Attributes><ChildElements/><ElementName>mass</ElementName><required>false</required><ValueAttribute z:Ref="i8"/></URDFElement><URDFElement z:Id="i9" i:type="Inertia"><Attributes><Attribute z:Id="i10"><AttributeType>ixx</AttributeType><IsRequired>true</IsRequired><Value i:type="a:double" xmlns:a="http://www.w3.org/2001/XMLSchema">0</Value></Attribute><Attribute z:Id="i11"><AttributeType>ixy</AttributeType><IsRequired>true</IsRequired><Value i:type="a:double" xmlns:a="http://www.w3.org/2001/XMLSchema">0</Value></Attribute><Attribute z:Id="i12"><AttributeType>ixz</AttributeType><IsRequired>true</IsRequired><Value i:type="a:double" xmlns:a="http://www.w3.org/2001/XMLSchema">0</Value></Attribute><Attribute z:Id="i13"><AttributeType>iyy</AttributeType><IsRequired>true</IsRequired><Value i:type="a:double" xmlns:a="http://www.w3.org/2001/XMLSchema">0</Value></Attribute><Attribute z:Id="i14"><AttributeType>iyz</AttributeType><IsRequired>true</IsRequired><Value i:type="a:double" xmlns:a="http://www.w3.org/2001/XMLSchema">0</Value></Attribute><Attribute z:Id="i15"><AttributeType>izz</AttributeType><IsRequired>true</IsRequired><Value i:type="a:double" xmlns:a="http://www.w3.org/2001/XMLSchema">0</Value></Attribute></Attributes><ChildElements/><ElementName>inertia</ElementName><required>false</required><IxxAttribute z:Ref="i10"/><IxyAttribute z:Ref="i11"/><IxzAttribute z:Ref="i12"/><IyyAttribute z:Ref="i13"/><IyzAttribute z:Ref="i14"/><IzzAttribute z:Ref="i15"/></URDFElement></ChildElements><ElementName>inertial</ElementName><required>false</required><Inertia z:Ref="i9"/><Mass z:Ref="i7"/><Origin z:Ref="i4"/></URDFElement><URDFElement z:Id="i16" i:type="Visual"><Attributes/><ChildElements><URDFElement z:Id="i17" i:type="Origin"><Attributes><Attribute z:Id="i18"><AttributeType>xyz</AttributeType><IsRequired>true</IsRequired><Value i:type="a:ArrayOfdouble" xmlns:a="http://schemas.microsoft.com/2003/10/Serialization/Arrays"><a:double>0</a:double><a:double>0</a:double><a:double>0</a:double></Value></Attribute><Attribute z:Id="i19"><AttributeType>rpy</AttributeType><IsRequired>true</IsRequired><Value i:type="a:ArrayOfdouble" xmlns:a="http://schemas.microsoft.com/2003/10/Serialization/Arrays"><a:double>0</a:double><a:double>0</a:double><a:double>0</a:double></Value></Attribute></Attributes><ChildElements/><ElementName>origin</ElementName><required>false</required><RPYAttribute z:Ref="i19"/><XYZAttribute z:Ref="i18"/><isCustomized>false</isCustomized></URDFElement><URDFElement z:Id="i20" i:type="Geometry"><Attributes/><ChildElements><URDFElement z:Id="i21" i:type="Mesh"><Attributes><Attribute z:Id="i22"><AttributeType>filename</AttributeType><IsRequired>true</IsRequired><Value i:nil="true"/></Attribute></Attributes><ChildElements/><ElementName>mesh</ElementName><required>false</required><FilenameAttribute z:Ref="i22"/></URDFElement></ChildElements><ElementName>geometry</ElementName><required>true</required><Mesh z:Ref="i21"/></URDFElement><URDFElement z:Id="i23" i:type="Material"><Attributes><Attribute z:Id="i24"><AttributeType>name</AttributeType><IsRequired>true</IsRequired><Value i:type="a:string" xmlns:a="http://www.w3.org/2001/XMLSchema"/></Attribute></Attributes><ChildElements><URDFElement z:Id="i25" i:type="Color"><Attributes><Attribute z:Id="i26"><AttributeType>rgba</AttributeType><IsRequired>true</IsRequired><Value i:type="a:ArrayOfdouble" xmlns:a="http://schemas.microsoft.com/2003/10/Serialization/Arrays"><a:double>1</a:double><a:double>1</a:double><a:double>1</a:double><a:double>1</a:double></Value></Attribute></Attributes><ChildElements/><ElementName>color</ElementName><required>false</required><RGBAAttribute z:Ref="i26"/></URDFElement><URDFElement z:Id="i27" i:type="Texture"><Attributes><Attribute z:Id="i28"><AttributeType>filename</AttributeType><IsRequired>true</IsRequired><Value i:nil="true"/></Attribute></Attributes><ChildElements/><ElementName>texture</ElementName><required>false</required><FilenameAttribute z:Ref="i28"/><wFilename/></URDFElement></ChildElements><ElementName>material</ElementName><required>false</required><Color z:Ref="i25"/><NameAttribute z:Ref="i24"/><Texture z:Ref="i27"/></URDFElement></ChildElements><ElementName>visual</ElementName><required>false</required><Geometry z:Ref="i20"/><Material z:Ref="i23"/><Origin z:Ref="i17"/></URDFElement><URDFElement z:Id="i29" i:type="Collision"><Attributes/><ChildElements><URDFElement z:Id="i30" i:type="Origin"><Attributes><Attribute z:Id="i31"><AttributeType>xyz</AttributeType><IsRequired>true</IsRequired><Value i:type="a:ArrayOfdouble" xmlns:a="http://schemas.microsoft.com/2003/10/Serialization/Arrays"><a:double>0</a:double><a:double>0</a:double><a:double>0</a:double></Value></Attribute><Attribute z:Id="i32"><AttributeType>rpy</AttributeType><IsRequired>true</IsRequired><Value i:type="a:ArrayOfdouble" xmlns:a="http://schemas.microsoft.com/2003/10/Serialization/Arrays"><a:double>0</a:double><a:double>0</a:double><a:double>0</a:double></Value></Attribute></Attributes><ChildElements/><ElementName>origin</ElementName><required>false</required><RPYAttribute z:Ref="i32"/><XYZAttribute z:Ref="i31"/><isCustomized>false</isCustomized></URDFElement><URDFElement z:Id="i33" i:type="Geometry"><Attributes/><ChildElements><URDFElement z:Id="i34" i:type="Mesh"><Attributes><Attribute z:Id="i35"><AttributeType>filename</AttributeType><IsRequired>true</IsRequired><Value i:nil="true"/></Attribute></Attributes><ChildElements/><ElementName>mesh</ElementName><required>false</required><FilenameAttribute z:Ref="i35"/></URDFElement></ChildElements><ElementName>geometry</ElementName><required>true</required><Mesh z:Ref="i34"/></URDFElement></ChildElements><ElementName>collision</ElementName><required>false</required><Geometry z:Ref="i33"/><Origin z:Ref="i30"/></URDFElement><URDFElement z:Id="i36" i:type="Joint"><Attributes><Attribute z:Id="i37"><AttributeType>name</AttributeType><IsRequired>true</IsRequired><Value i:type="a:string" xmlns:a="http://www.w3.org/2001/XMLSchema"/></Attribute><Attribute z:Id="i38"><AttributeType>type</AttributeType><IsRequired>true</IsRequired><Value i:type="a:string" xmlns:a="http://www.w3.org/2001/XMLSchema"/></Attribute></Attributes><ChildElements><URDFElement z:Id="i39" i:type="Origin"><Attributes><Attribute z:Id="i40"><AttributeType>xyz</AttributeType><IsRequired>true</IsRequired><Value i:type="a:ArrayOfdouble" xmlns:a="http://schemas.microsoft.com/2003/10/Serialization/Arrays"><a:double>0</a:double><a:double>0</a:double><a:double>0</a:double></Value></Attribute><Attribute z:Id="i41"><AttributeType>rpy</AttributeType><IsRequired>true</IsRequired><Value i:type="a:ArrayOfdouble" xmlns:a="http://schemas.microsoft.com/2003/10/Serialization/Arrays"><a:double>0</a:double><a:double>0</a:double><a:double>0</a:double></Value></Attribute></Attributes><ChildElements/><ElementName>origin</ElementName><required>false</required><RPYAttribute z:Ref="i41"/><XYZAttribute z:Ref="i40"/><isCustomized>false</isCustomized></URDFElement><URDFElement z:Id="i42" i:type="ParentLink"><Attributes><Attribute z:Id="i43"><AttributeType>link</AttributeType><IsRequired>true</IsRequired><Value i:type="a:string" xmlns:a="http://www.w3.org/2001/XMLSchema"/></Attribute></Attributes><ChildElements/><ElementName>parent</ElementName><required>true</required><NameAttribute z:Ref="i43"/></URDFElement><URDFElement z:Id="i44" i:type="ChildLink"><Attributes><Attribute z:Id="i45"><AttributeType>link</AttributeType><IsRequired>true</IsRequired><Value i:type="a:string" xmlns:a="http://www.w3.org/2001/XMLSchema"/></Attribute></Attributes><ChildElements/><ElementName>child</ElementName><required>true</required><NameAttribute z:Ref="i45"/></URDFElement><URDFElement z:Id="i46" i:type="Axis"><Attributes><Attribute z:Id="i47"><AttributeType>xyz</AttributeType><IsRequired>true</IsRequired><Value i:type="a:ArrayOfdouble" xmlns:a="http://schemas.microsoft.com/2003/10/Serialization/Arrays"><a:double>0</a:double><a:double>0</a:double><a:double>0</a:double></Value></Attribute></Attributes><ChildElements/><ElementName>axis</ElementName><required>false</required><XYZAttribute z:Ref="i47"/></URDFElement><URDFElement z:Id="i48" i:type="Limit"><Attributes><Attribute z:Id="i49"><AttributeType>lower</AttributeType><IsRequired>false</IsRequired><Value i:nil="true"/></Attribute><Attribute z:Id="i50"><AttributeType>upper</AttributeType><IsRequired>false</IsRequired><Value i:nil="true"/></Attribute><Attribute z:Id="i51"><AttributeType>effort</AttributeType><IsRequired>true</IsRequired><Value i:nil="true"/></Attribute><Attribute z:Id="i52"><AttributeType>velocity</AttributeType><IsRequired>true</IsRequired><Value i:nil="true"/></Attribute></Attributes><ChildElements/><ElementName>limit</ElementName><required>false</required><EffortAttribute z:Ref="i51"/><LowerAttribute z:Ref="i49"/><UpperAttribute z:Ref="i50"/><VelocityAttribute z:Ref="i52"/></URDFElement><URDFElement z:Id="i53" i:type="Calibration"><Attributes><Attribute z:Id="i54"><AttributeType>rising</AttributeType><IsRequired>false</IsRequired><Value i:nil="true"/></Attribute><Attribute z:Id="i55"><AttributeType>falling</AttributeType><IsRequired>false</IsRequired><Value i:nil="true"/></Attribute></Attributes><ChildElements/><ElementName>calibration</ElementName><required>false</required><FallingAttribute z:Ref="i55"/><RisingAttribute z:Ref="i54"/></URDFElement><URDFElement z:Id="i56" i:type="Dynamics"><Attributes><Attribute z:Id="i57"><AttributeType>damping</AttributeType><IsRequired>false</IsRequired><Value i:nil="true"/></Attribute><Attribute z:Id="i58"><AttributeType>friction</AttributeType><IsRequired>false</IsRequired><Value i:nil="true"/></Attribute></Attributes><ChildElements/><ElementName>dynamics</ElementName><required>false</required><DampingAttribute z:Ref="i57"/><FrictionAttribute z:Ref="i58"/></URDFElement><URDFElement z:Id="i59" i:type="SafetyController"><Attributes><Attribute z:Id="i60"><AttributeType>soft_upper_limit</AttributeType><IsRequired>false</IsRequired><Value i:nil="true"/></Attribute><Attribute z:Id="i61"><AttributeType>soft_lower_limit</AttributeType><IsRequired>false</IsRequired><Value i:nil="true"/></Attribute><Attribute z:Id="i62"><AttributeType>k_position</AttributeType><IsRequired>false</IsRequired><Value i:nil="true"/></Attribute><Attribute z:Id="i63"><AttributeType>k_velocity</AttributeType><IsRequired>true</IsRequired><Value i:nil="true"/></Attribute></Attributes><ChildElements/><ElementName>safety_controller</ElementName><required>false</required><KPositionAttribute z:Ref="i62"/><KVelocityAttribute z:Ref="i63"/><SoftLowerAttribute z:Ref="i61"/><SoftUpperAttribute z:Ref="i60"/></URDFElement><URDFElement z:Id="i64" i:type="Mimic"><Attributes><Attribute z:Id="i65"><AttributeType>joint</AttributeType><IsRequired>true</IsRequired><Value i:nil="true"/></Attribute><Attribute z:Id="i66"><AttributeType>multiplier</AttributeType><IsRequired>false</IsRequired><Value i:nil="true"/></Attribute><Attribute z:Id="i67"><AttributeType>offset</AttributeType><IsRequired>false</IsRequired><Value i:nil="true"/></Attribute></Attributes><ChildElements/><ElementName>mimic</ElementName><required>false</required><JointNameAttribute z:Ref="i65"/><MultiplierAttribute z:Ref="i66"/><OffsetAttribute z:Ref="i67"/></URDFElement></ChildElements><ElementName>joint</ElementName><required>false</required><Axis z:Ref="i46"/><AxisName/><Calibration z:Ref="i53"/><Child z:Ref="i44"/><CoordinateSystemName>Automatically Generate</CoordinateSystemName><Dynamics z:Ref="i56"/><Limit z:Ref="i48"/><Mimic z:Ref="i64"/><NameAttribute z:Ref="i37"/><Origin z:Ref="i39"/><Parent z:Ref="i42"/><Safety z:Ref="i59"/><TypeAttribute z:Ref="i38"/></URDFElement></ChildElements><ElementName>link</ElementName><required>true</required><Children><Link z:Id="i68"><Attributes><Attribute z:Id="i69"><AttributeType>name</AttributeType><IsRequired>true</IsRequired><Value i:type="a:string" xmlns:a="http://www.w3.org/2001/XMLSchema">Shoulder</Value></Attribute></Attributes><ChildElements><URDFElement z:Id="i70" i:type="Inertial"><Attributes/><ChildElements><URDFElement z:Id="i71" i:type="Origin"><Attributes><Attribute z:Id="i72"><AttributeType>xyz</AttributeType><IsRequired>true</IsRequired><Value i:type="a:ArrayOfdouble" xmlns:a="http://schemas.microsoft.com/2003/10/Serialization/Arrays"><a:double>0</a:double><a:double>0</a:double><a:double>0</a:double></Value></Attribute><Attribute z:Id="i73"><AttributeType>rpy</AttributeType><IsRequired>true</IsRequired><Value i:type="a:ArrayOfdouble" xmlns:a="http://schemas.microsoft.com/2003/10/Serialization/Arrays"><a:double>0</a:double><a:double>0</a:double><a:double>0</a:double></Value></Attribute></Attributes><ChildElements/><ElementName>origin</ElementName><required>false</required><RPYAttribute z:Ref="i73"/><XYZAttribute z:Ref="i72"/><isCustomized>false</isCustomized></URDFElement><URDFElement z:Id="i74" i:type="Mass"><Attributes><Attribute z:Id="i75"><AttributeType>value</AttributeType><IsRequired>true</IsRequired><Value i:type="a:double" xmlns:a="http://www.w3.org/2001/XMLSchema">0</Value></Attribute></Attributes><ChildElements/><ElementName>mass</ElementName><required>false</required><ValueAttribute z:Ref="i75"/></URDFElement><URDFElement z:Id="i76" i:type="Inertia"><Attributes><Attribute z:Id="i77"><AttributeType>ixx</AttributeType><IsRequired>true</IsRequired><Value i:type="a:double" xmlns:a="http://www.w3.org/2001/XMLSchema">0</Value></Attribute><Attribute z:Id="i78"><AttributeType>ixy</AttributeType><IsRequired>true</IsRequired><Value i:type="a:double" xmlns:a="http://www.w3.org/2001/XMLSchema">0</Value></Attribute><Attribute z:Id="i79"><AttributeType>ixz</AttributeType><IsRequired>true</IsRequired><Value i:type="a:double" xmlns:a="http://www.w3.org/2001/XMLSchema">0</Value></Attribute><Attribute z:Id="i80"><AttributeType>iyy</AttributeType><IsRequired>true</IsRequired><Value i:type="a:double" xmlns:a="http://www.w3.org/2001/XMLSchema">0</Value></Attribute><Attribute z:Id="i81"><AttributeType>iyz</AttributeType><IsRequired>true</IsRequired><Value i:type="a:double" xmlns:a="http://www.w3.org/2001/XMLSchema">0</Value></Attribute><Attribute z:Id="i82"><AttributeType>izz</AttributeType><IsRequired>true</IsRequired><Value i:type="a:double" xmlns:a="http://www.w3.org/2001/XMLSchema">0</Value></Attribute></Attributes><ChildElements/><ElementName>inertia</ElementName><required>false</required><IxxAttribute z:Ref="i77"/><IxyAttribute z:Ref="i78"/><IxzAttribute z:Ref="i79"/><IyyAttribute z:Ref="i80"/><IyzAttribute z:Ref="i81"/><IzzAttribute z:Ref="i82"/></URDFElement></ChildElements><ElementName>inertial</ElementName><required>false</required><Inertia z:Ref="i76"/><Mass z:Ref="i74"/><Origin z:Ref="i71"/></URDFElement><URDFElement z:Id="i83" i:type="Visual"><Attributes/><ChildElements><URDFElement z:Id="i84" i:type="Origin"><Attributes><Attribute z:Id="i85"><AttributeType>xyz</AttributeType><IsRequired>true</IsRequired><Value i:type="a:ArrayOfdouble" xmlns:a="http://schemas.microsoft.com/2003/10/Serialization/Arrays"><a:double>0</a:double><a:double>0</a:double><a:double>0</a:double></Value></Attribute><Attribute z:Id="i86"><AttributeType>rpy</AttributeType><IsRequired>true</IsRequired><Value i:type="a:ArrayOfdouble" xmlns:a="http://schemas.microsoft.com/2003/10/Serialization/Arrays"><a:double>0</a:double><a:double>0</a:double><a:double>0</a:double></Value></Attribute></Attributes><ChildElements/><ElementName>origin</ElementName><required>false</required><RPYAttribute z:Ref="i86"/><XYZAttribute z:Ref="i85"/><isCustomized>false</isCustomized></URDFElement><URDFElement z:Id="i87" i:type="Geometry"><Attributes/><ChildElements><URDFElement z:Id="i88" i:type="Mesh"><Attributes><Attribute z:Id="i89"><AttributeType>filename</AttributeType><IsRequired>true</IsRequired><Value i:nil="true"/></Attribute></Attributes><ChildElements/><ElementName>mesh</ElementName><required>false</required><FilenameAttribute z:Ref="i89"/></URDFElement></ChildElements><ElementName>geometry</ElementName><required>true</required><Mesh z:Ref="i88"/></URDFElement><URDFElement z:Id="i90" i:type="Material"><Attributes><Attribute z:Id="i91"><AttributeType>name</AttributeType><IsRequired>true</IsRequired><Value i:type="a:string" xmlns:a="http://www.w3.org/2001/XMLSchema"/></Attribute></Attributes><ChildElements><URDFElement z:Id="i92" i:type="Color"><Attributes><Attribute z:Id="i93"><AttributeType>rgba</AttributeType><IsRequired>true</IsRequired><Value i:type="a:ArrayOfdouble" xmlns:a="http://schemas.microsoft.com/2003/10/Serialization/Arrays"><a:double>1</a:double><a:double>1</a:double><a:double>1</a:double><a:double>1</a:double></Value></Attribute></Attributes><ChildElements/><ElementName>color</ElementName><required>false</required><RGBAAttribute z:Ref="i93"/></URDFElement><URDFElement z:Id="i94" i:type="Texture"><Attributes><Attribute z:Id="i95"><AttributeType>filename</AttributeType><IsRequired>true</IsRequired><Value i:nil="true"/></Attribute></Attributes><ChildElements/><ElementName>texture</ElementName><required>false</required><FilenameAttribute z:Ref="i95"/><wFilename/></URDFElement></ChildElements><ElementName>material</ElementName><required>false</required><Color z:Ref="i92"/><NameAttribute z:Ref="i91"/><Texture z:Ref="i94"/></URDFElement></ChildElements><ElementName>visual</ElementName><required>false</required><Geometry z:Ref="i87"/><Material z:Ref="i90"/><Origin z:Ref="i84"/></URDFElement><URDFElement z:Id="i96" i:type="Collision"><Attributes/><ChildElements><URDFElement z:Id="i97" i:type="Origin"><Attributes><Attribute z:Id="i98"><AttributeType>xyz</AttributeType><IsRequired>true</IsRequired><Value i:type="a:ArrayOfdouble" xmlns:a="http://schemas.microsoft.com/2003/10/Serialization/Arrays"><a:double>0</a:double><a:double>0</a:double><a:double>0</a:double></Value></Attribute><Attribute z:Id="i99"><AttributeType>rpy</AttributeType><IsRequired>true</IsRequired><Value i:type="a:ArrayOfdouble" xmlns:a="http://schemas.microsoft.com/2003/10/Serialization/Arrays"><a:double>0</a:double><a:double>0</a:double><a:double>0</a:double></Value></Attribute></Attributes><ChildElements/><ElementName>origin</ElementName><required>false</required><RPYAttribute z:Ref="i99"/><XYZAttribute z:Ref="i98"/><isCustomized>false</isCustomized></URDFElement><URDFElement z:Id="i100" i:type="Geometry"><Attributes/><ChildElements><URDFElement z:Id="i101" i:type="Mesh"><Attributes><Attribute z:Id="i102"><AttributeType>filename</AttributeType><IsRequired>true</IsRequired><Value i:nil="true"/></Attribute></Attributes><ChildElements/><ElementName>mesh</ElementName><required>false</required><FilenameAttribute z:Ref="i102"/></URDFElement></ChildElements><ElementName>geometry</ElementName><required>true</required><Mesh z:Ref="i101"/></URDFElement></ChildElements><ElementName>collision</ElementName><required>false</required><Geometry z:Ref="i100"/><Origin z:Ref="i97"/></URDFElement><URDFElement z:Id="i103" i:type="Joint"><Attributes><Attribute z:Id="i104"><AttributeType>name</AttributeType><IsRequired>true</IsRequired><Value i:type="a:string" xmlns:a="http://www.w3.org/2001/XMLSchema">Shoulder</Value></Attribute><Attribute z:Id="i105"><AttributeType>type</AttributeType><IsRequired>true</IsRequired><Value i:type="a:string" xmlns:a="http://www.w3.org/2001/XMLSchema">Automatically Detect</Value></Attribute></Attributes><ChildElements><URDFElement z:Id="i106" i:type="Origin"><Attributes><Attribute z:Id="i107"><AttributeType>xyz</AttributeType><IsRequired>true</IsRequired><Value i:type="a:ArrayOfdouble" xmlns:a="http://schemas.microsoft.com/2003/10/Serialization/Arrays"><a:double>0</a:double><a:double>0</a:double><a:double>0</a:double></Value></Attribute><Attribute z:Id="i108"><AttributeType>rpy</AttributeType><IsRequired>true</IsRequired><Value i:type="a:ArrayOfdouble" xmlns:a="http://schemas.microsoft.com/2003/10/Serialization/Arrays"><a:double>0</a:double><a:double>0</a:double><a:double>0</a:double></Value></Attribute></Attributes><ChildElements/><ElementName>origin</ElementName><required>false</required><RPYAttribute z:Ref="i108"/><XYZAttribute z:Ref="i107"/><isCustomized>false</isCustomized></URDFElement><URDFElement z:Id="i109" i:type="ParentLink"><Attributes><Attribute z:Id="i110"><AttributeType>link</AttributeType><IsRequired>true</IsRequired><Value i:type="a:string" xmlns:a="http://www.w3.org/2001/XMLSchema"/></Attribute></Attributes><ChildElements/><ElementName>parent</ElementName><required>true</required><NameAttribute z:Ref="i110"/></URDFElement><URDFElement z:Id="i111" i:type="ChildLink"><Attributes><Attribute z:Id="i112"><AttributeType>link</AttributeType><IsRequired>true</IsRequired><Value i:type="a:string" xmlns:a="http://www.w3.org/2001/XMLSchema"/></Attribute></Attributes><ChildElements/><ElementName>child</ElementName><required>true</required><NameAttribute z:Ref="i112"/></URDFElement><URDFElement z:Id="i113" i:type="Axis"><Attributes><Attribute z:Id="i114"><AttributeType>xyz</AttributeType><IsRequired>true</IsRequired><Value i:type="a:ArrayOfdouble" xmlns:a="http://schemas.microsoft.com/2003/10/Serialization/Arrays"><a:double>0</a:double><a:double>0</a:double><a:double>0</a:double></Value></Attribute></Attributes><ChildElements/><ElementName>axis</ElementName><required>false</required><XYZAttribute z:Ref="i114"/></URDFElement><URDFElement z:Id="i115" i:type="Limit"><Attributes><Attribute z:Id="i116"><AttributeType>lower</AttributeType><IsRequired>false</IsRequired><Value i:nil="true"/></Attribute><Attribute z:Id="i117"><AttributeType>upper</AttributeType><IsRequired>false</IsRequired><Value i:nil="true"/></Attribute><Attribute z:Id="i118"><AttributeType>effort</AttributeType><IsRequired>true</IsRequired><Value i:nil="true"/></Attribute><Attribute z:Id="i119"><AttributeType>velocity</AttributeType><IsRequired>true</IsRequired><Value i:nil="true"/></Attribute></Attributes><ChildElements/><ElementName>limit</ElementName><required>false</required><EffortAttribute z:Ref="i118"/><LowerAttribute z:Ref="i116"/><UpperAttribute z:Ref="i117"/><VelocityAttribute z:Ref="i119"/></URDFElement><URDFElement z:Id="i120" i:type="Calibration"><Attributes><Attribute z:Id="i121"><AttributeType>rising</AttributeType><IsRequired>false</IsRequired><Value i:nil="true"/></Attribute><Attribute z:Id="i122"><AttributeType>falling</AttributeType><IsRequired>false</IsRequired><Value i:nil="true"/></Attribute></Attributes><ChildElements/><ElementName>calibration</ElementName><required>false</required><FallingAttribute z:Ref="i122"/><RisingAttribute z:Ref="i121"/></URDFElement><URDFElement z:Id="i123" i:type="Dynamics"><Attributes><Attribute z:Id="i124"><AttributeType>damping</AttributeType><IsRequired>false</IsRequired><Value i:nil="true"/></Attribute><Attribute z:Id="i125"><AttributeType>friction</AttributeType><IsRequired>false</IsRequired><Value i:nil="true"/></Attribute></Attributes><ChildElements/><ElementName>dynamics</ElementName><required>false</required><DampingAttribute z:Ref="i124"/><FrictionAttribute z:Ref="i125"/></URDFElement><URDFElement z:Id="i126" i:type="SafetyController"><Attributes><Attribute z:Id="i127"><AttributeType>soft_upper_limit</AttributeType><IsRequired>false</IsRequired><Value i:nil="true"/></Attribute><Attribute z:Id="i128"><AttributeType>soft_lower_limit</AttributeType><IsRequired>false</IsRequired><Value i:nil="true"/></Attribute><Attribute z:Id="i129"><AttributeType>k_position</AttributeType><IsRequired>false</IsRequired><Value i:nil="true"/></Attribute><Attribute z:Id="i130"><AttributeType>k_velocity</AttributeType><IsRequired>true</IsRequired><Value i:nil="true"/></Attribute></Attributes><ChildElements/><ElementName>safety_controller</ElementName><required>false</required><KPositionAttribute z:Ref="i129"/><KVelocityAttribute z:Ref="i130"/><SoftLowerAttribute z:Ref="i128"/><SoftUpperAttribute z:Ref="i127"/></URDFElement><URDFElement z:Id="i131" i:type="Mimic"><Attributes><Attribute z:Id="i132"><AttributeType>joint</AttributeType><IsRequired>true</IsRequired><Value i:nil="true"/></Attribute><Attribute z:Id="i133"><AttributeType>multiplier</AttributeType><IsRequired>false</IsRequired><Value i:nil="true"/></Attribute><Attribute z:Id="i134"><AttributeType>offset</AttributeType><IsRequired>false</IsRequired><Value i:nil="true"/></Attribute></Attributes><ChildElements/><ElementName>mimic</ElementName><required>false</required><JointNameAttribute z:Ref="i132"/><MultiplierAttribute z:Ref="i133"/><OffsetAttribute z:Ref="i134"/></URDFElement></ChildElements><ElementName>joint</ElementName><required>false</required><Axis z:Ref="i113"/><AxisName>?????????1</AxisName><Calibration z:Ref="i120"/><Child z:Ref="i111"/><CoordinateSystemName>Automatically Generate</CoordinateSystemName><Dynamics z:Ref="i123"/><Limit z:Ref="i115"/><Mimic z:Ref="i131"/><NameAttribute z:Ref="i104"/><Origin z:Ref="i106"/><Parent z:Ref="i109"/><Safety z:Ref="i126"/><TypeAttribute z:Ref="i105"/></URDFElement></ChildElements><ElementName>link</ElementName><required>true</required><Children><Link z:Id="i135"><Attributes><Attribute z:Id="i136"><AttributeType>name</AttributeType><IsRequired>true</IsRequired><Value i:type="a:string" xmlns:a="http://www.w3.org/2001/XMLSchema">UpperArm_Up</Value></Attribute></Attributes><ChildElements><URDFElement z:Id="i137" i:type="Inertial"><Attributes/><ChildElements><URDFElement z:Id="i138" i:type="Origin"><Attributes><Attribute z:Id="i139"><AttributeType>xyz</AttributeType><IsRequired>true</IsRequired><Value i:type="a:ArrayOfdouble" xmlns:a="http://schemas.microsoft.com/2003/10/Serialization/Arrays"><a:double>0</a:double><a:double>0</a:double><a:double>0</a:double></Value></Attribute><Attribute z:Id="i140"><AttributeType>rpy</AttributeType><IsRequired>true</IsRequired><Value i:type="a:ArrayOfdouble" xmlns:a="http://schemas.microsoft.com/2003/10/Serialization/Arrays"><a:double>0</a:double><a:double>0</a:double><a:double>0</a:double></Value></Attribute></Attributes><ChildElements/><ElementName>origin</ElementName><required>false</required><RPYAttribute z:Ref="i140"/><XYZAttribute z:Ref="i139"/><isCustomized>false</isCustomized></URDFElement><URDFElement z:Id="i141" i:type="Mass"><Attributes><Attribute z:Id="i142"><AttributeType>value</AttributeType><IsRequired>true</IsRequired><Value i:type="a:double" xmlns:a="http://www.w3.org/2001/XMLSchema">0</Value></Attribute></Attributes><ChildElements/><ElementName>mass</ElementName><required>false</required><ValueAttribute z:Ref="i142"/></URDFElement><URDFElement z:Id="i143" i:type="Inertia"><Attributes><Attribute z:Id="i144"><AttributeType>ixx</AttributeType><IsRequired>true</IsRequired><Value i:type="a:double" xmlns:a="http://www.w3.org/2001/XMLSchema">0</Value></Attribute><Attribute z:Id="i145"><AttributeType>ixy</AttributeType><IsRequired>true</IsRequired><Value i:type="a:double" xmlns:a="http://www.w3.org/2001/XMLSchema">0</Value></Attribute><Attribute z:Id="i146"><AttributeType>ixz</AttributeType><IsRequired>true</IsRequired><Value i:type="a:double" xmlns:a="http://www.w3.org/2001/XMLSchema">0</Value></Attribute><Attribute z:Id="i147"><AttributeType>iyy</AttributeType><IsRequired>true</IsRequired><Value i:type="a:double" xmlns:a="http://www.w3.org/2001/XMLSchema">0</Value></Attribute><Attribute z:Id="i148"><AttributeType>iyz</AttributeType><IsRequired>true</IsRequired><Value i:type="a:double" xmlns:a="http://www.w3.org/2001/XMLSchema">0</Value></Attribute><Attribute z:Id="i149"><AttributeType>izz</AttributeType><IsRequired>true</IsRequired><Value i:type="a:double" xmlns:a="http://www.w3.org/2001/XMLSchema">0</Value></Attribute></Attributes><ChildElements/><ElementName>inertia</ElementName><required>false</required><IxxAttribute z:Ref="i144"/><IxyAttribute z:Ref="i145"/><IxzAttribute z:Ref="i146"/><IyyAttribute z:Ref="i147"/><IyzAttribute z:Ref="i148"/><IzzAttribute z:Ref="i149"/></URDFElement></ChildElements><ElementName>inertial</ElementName><required>false</required><Inertia z:Ref="i143"/><Mass z:Ref="i141"/><Origin z:Ref="i138"/></URDFElement><URDFElement z:Id="i150" i:type="Visual"><Attributes/><ChildElements><URDFElement z:Id="i151" i:type="Origin"><Attributes><Attribute z:Id="i152"><AttributeType>xyz</AttributeType><IsRequired>true</IsRequired><Value i:type="a:ArrayOfdouble" xmlns:a="http://schemas.microsoft.com/2003/10/Serialization/Arrays"><a:double>0</a:double><a:double>0</a:double><a:double>0</a:double></Value></Attribute><Attribute z:Id="i153"><AttributeType>rpy</AttributeType><IsRequired>true</IsRequired><Value i:type="a:ArrayOfdouble" xmlns:a="http://schemas.microsoft.com/2003/10/Serialization/Arrays"><a:double>0</a:double><a:double>0</a:double><a:double>0</a:double></Value></Attribute></Attributes><ChildElements/><ElementName>origin</ElementName><required>false</required><RPYAttribute z:Ref="i153"/><XYZAttribute z:Ref="i152"/><isCustomized>false</isCustomized></URDFElement><URDFElement z:Id="i154" i:type="Geometry"><Attributes/><ChildElements><URDFElement z:Id="i155" i:type="Mesh"><Attributes><Attribute z:Id="i156"><AttributeType>filename</AttributeType><IsRequired>true</IsRequired><Value i:nil="true"/></Attribute></Attributes><ChildElements/><ElementName>mesh</ElementName><required>false</required><FilenameAttribute z:Ref="i156"/></URDFElement></ChildElements><ElementName>geometry</ElementName><required>true</required><Mesh z:Ref="i155"/></URDFElement><URDFElement z:Id="i157" i:type="Material"><Attributes><Attribute z:Id="i158"><AttributeType>name</AttributeType><IsRequired>true</IsRequired><Value i:type="a:string" xmlns:a="http://www.w3.org/2001/XMLSchema"/></Attribute></Attributes><ChildElements><URDFElement z:Id="i159" i:type="Color"><Attributes><Attribute z:Id="i160"><AttributeType>rgba</AttributeType><IsRequired>true</IsRequired><Value i:type="a:ArrayOfdouble" xmlns:a="http://schemas.microsoft.com/2003/10/Serialization/Arrays"><a:double>1</a:double><a:double>1</a:double><a:double>1</a:double><a:double>1</a:double></Value></Attribute></Attributes><ChildElements/><ElementName>color</ElementName><required>false</required><RGBAAttribute z:Ref="i160"/></URDFElement><URDFElement z:Id="i161" i:type="Texture"><Attributes><Attribute z:Id="i162"><AttributeType>filename</AttributeType><IsRequired>true</IsRequired><Value i:nil="true"/></Attribute></Attributes><ChildElements/><ElementName>texture</ElementName><required>false</required><FilenameAttribute z:Ref="i162"/><wFilename/></URDFElement></ChildElements><ElementName>material</ElementName><required>false</required><Color z:Ref="i159"/><NameAttribute z:Ref="i158"/><Texture z:Ref="i161"/></URDFElement></ChildElements><ElementName>visual</ElementName><required>false</required><Geometry z:Ref="i154"/><Material z:Ref="i157"/><Origin z:Ref="i151"/></URDFElement><URDFElement z:Id="i163" i:type="Collision"><Attributes/><ChildElements><URDFElement z:Id="i164" i:type="Origin"><Attributes><Attribute z:Id="i165"><AttributeType>xyz</AttributeType><IsRequired>true</IsRequired><Value i:type="a:ArrayOfdouble" xmlns:a="http://schemas.microsoft.com/2003/10/Serialization/Arrays"><a:double>0</a:double><a:double>0</a:double><a:double>0</a:double></Value></Attribute><Attribute z:Id="i166"><AttributeType>rpy</AttributeType><IsRequired>true</IsRequired><Value i:type="a:ArrayOfdouble" xmlns:a="http://schemas.microsoft.com/2003/10/Serialization/Arrays"><a:double>0</a:double><a:double>0</a:double><a:double>0</a:double></Value></Attribute></Attributes><ChildElements/><ElementName>origin</ElementName><required>false</required><RPYAttribute z:Ref="i166"/><XYZAttribute z:Ref="i165"/><isCustomized>false</isCustomized></URDFElement><URDFElement z:Id="i167" i:type="Geometry"><Attributes/><ChildElements><URDFElement z:Id="i168" i:type="Mesh"><Attributes><Attribute z:Id="i169"><AttributeType>filename</AttributeType><IsRequired>true</IsRequired><Value i:nil="true"/></Attribute></Attributes><ChildElements/><ElementName>mesh</ElementName><required>false</required><FilenameAttribute z:Ref="i169"/></URDFElement></ChildElements><ElementName>geometry</ElementName><required>true</required><Mesh z:Ref="i168"/></URDFElement></ChildElements><ElementName>collision</ElementName><required>false</required><Geometry z:Ref="i167"/><Origin z:Ref="i164"/></URDFElement><URDFElement z:Id="i170" i:type="Joint"><Attributes><Attribute z:Id="i171"><AttributeType>name</AttributeType><IsRequired>true</IsRequired><Value i:type="a:string" xmlns:a="http://www.w3.org/2001/XMLSchema">UpperArm_Up</Value></Attribute><Attribute z:Id="i172"><AttributeType>type</AttributeType><IsRequired>true</IsRequired><Value i:type="a:string" xmlns:a="http://www.w3.org/2001/XMLSchema">Automatically Detect</Value></Attribute></Attributes><ChildElements><URDFElement z:Id="i173" i:type="Origin"><Attributes><Attribute z:Id="i174"><AttributeType>xyz</AttributeType><IsRequired>true</IsRequired><Value i:type="a:ArrayOfdouble" xmlns:a="http://schemas.microsoft.com/2003/10/Serialization/Arrays"><a:double>0</a:double><a:double>0</a:double><a:double>0</a:double></Value></Attribute><Attribute z:Id="i175"><AttributeType>rpy</AttributeType><IsRequired>true</IsRequired><Value i:type="a:ArrayOfdouble" xmlns:a="http://schemas.microsoft.com/2003/10/Serialization/Arrays"><a:double>0</a:double><a:double>0</a:double><a:double>0</a:double></Value></Attribute></Attributes><ChildElements/><ElementName>origin</ElementName><required>false</required><RPYAttribute z:Ref="i175"/><XYZAttribute z:Ref="i174"/><isCustomized>false</isCustomized></URDFElement><URDFElement z:Id="i176" i:type="ParentLink"><Attributes><Attribute z:Id="i177"><AttributeType>link</AttributeType><IsRequired>true</IsRequired><Value i:type="a:string" xmlns:a="http://www.w3.org/2001/XMLSchema"/></Attribute></Attributes><ChildElements/><ElementName>parent</ElementName><required>true</required><NameAttribute z:Ref="i177"/></URDFElement><URDFElement z:Id="i178" i:type="ChildLink"><Attributes><Attribute z:Id="i179"><AttributeType>link</AttributeType><IsRequired>true</IsRequired><Value i:type="a:string" xmlns:a="http://www.w3.org/2001/XMLSchema"/></Attribute></Attributes><ChildElements/><ElementName>child</ElementName><required>true</required><NameAttribute z:Ref="i179"/></URDFElement><URDFElement z:Id="i180" i:type="Axis"><Attributes><Attribute z:Id="i181"><AttributeType>xyz</AttributeType><IsRequired>true</IsRequired><Value i:type="a:ArrayOfdouble" xmlns:a="http://schemas.microsoft.com/2003/10/Serialization/Arrays"><a:double>0</a:double><a:double>0</a:double><a:double>0</a:double></Value></Attribute></Attributes><ChildElements/><ElementName>axis</ElementName><required>false</required><XYZAttribute z:Ref="i181"/></URDFElement><URDFElement z:Id="i182" i:type="Limit"><Attributes><Attribute z:Id="i183"><AttributeType>lower</AttributeType><IsRequired>false</IsRequired><Value i:nil="true"/></Attribute><Attribute z:Id="i184"><AttributeType>upper</AttributeType><IsRequired>false</IsRequired><Value i:nil="true"/></Attribute><Attribute z:Id="i185"><AttributeType>effort</AttributeType><IsRequired>true</IsRequired><Value i:nil="true"/></Attribute><Attribute z:Id="i186"><AttributeType>velocity</AttributeType><IsRequired>true</IsRequired><Value i:nil="true"/></Attribute></Attributes><ChildElements/><ElementName>limit</ElementName><required>false</required><EffortAttribute z:Ref="i185"/><LowerAttribute z:Ref="i183"/><UpperAttribute z:Ref="i184"/><VelocityAttribute z:Ref="i186"/></URDFElement><URDFElement z:Id="i187" i:type="Calibration"><Attributes><Attribute z:Id="i188"><AttributeType>rising</AttributeType><IsRequired>false</IsRequired><Value i:nil="true"/></Attribute><Attribute z:Id="i189"><AttributeType>falling</AttributeType><IsRequired>false</IsRequired><Value i:nil="true"/></Attribute></Attributes><ChildElements/><ElementName>calibration</ElementName><required>false</required><FallingAttribute z:Ref="i189"/><RisingAttribute z:Ref="i188"/></URDFElement><URDFElement z:Id="i190" i:type="Dynamics"><Attributes><Attribute z:Id="i191"><AttributeType>damping</AttributeType><IsRequired>false</IsRequired><Value i:nil="true"/></Attribute><Attribute z:Id="i192"><AttributeType>friction</AttributeType><IsRequired>false</IsRequired><Value i:nil="true"/></Attribute></Attributes><ChildElements/><ElementName>dynamics</ElementName><required>false</required><DampingAttribute z:Ref="i191"/><FrictionAttribute z:Ref="i192"/></URDFElement><URDFElement z:Id="i193" i:type="SafetyController"><Attributes><Attribute z:Id="i194"><AttributeType>soft_upper_limit</AttributeType><IsRequired>false</IsRequired><Value i:nil="true"/></Attribute><Attribute z:Id="i195"><AttributeType>soft_lower_limit</AttributeType><IsRequired>false</IsRequired><Value i:nil="true"/></Attribute><Attribute z:Id="i196"><AttributeType>k_position</AttributeType><IsRequired>false</IsRequired><Value i:nil="true"/></Attribute><Attribute z:Id="i197"><AttributeType>k_velocity</AttributeType><IsRequired>true</IsRequired><Value i:nil="true"/></Attribute></Attributes><ChildElements/><ElementName>safety_controller</ElementName><required>false</required><KPositionAttribute z:Ref="i196"/><KVelocityAttribute z:Ref="i197"/><SoftLowerAttribute z:Ref="i195"/><SoftUpperAttribute z:Ref="i194"/></URDFElement><URDFElement z:Id="i198" i:type="Mimic"><Attributes><Attribute z:Id="i199"><AttributeType>joint</AttributeType><IsRequired>true</IsRequired><Value i:nil="true"/></Attribute><Attribute z:Id="i200"><AttributeType>multiplier</AttributeType><IsRequired>false</IsRequired><Value i:nil="true"/></Attribute><Attribute z:Id="i201"><AttributeType>offset</AttributeType><IsRequired>false</IsRequired><Value i:nil="true"/></Attribute></Attributes><ChildElements/><ElementName>mimic</ElementName><required>false</required><JointNameAttribute z:Ref="i199"/><MultiplierAttribute z:Ref="i200"/><OffsetAttribute z:Ref="i201"/></URDFElement></ChildElements><ElementName>joint</ElementName><required>false</required><Axis z:Ref="i180"/><AxisName>?????????2</AxisName><Calibration z:Ref="i187"/><Child z:Ref="i178"/><CoordinateSystemName>Automatically Generate</CoordinateSystemName><Dynamics z:Ref="i190"/><Limit z:Ref="i182"/><Mimic z:Ref="i198"/><NameAttribute z:Ref="i171"/><Origin z:Ref="i173"/><Parent z:Ref="i176"/><Safety z:Ref="i193"/><TypeAttribute z:Ref="i172"/></URDFElement></ChildElements><ElementName>link</ElementName><required>true</required><Children><Link z:Id="i202"><Attributes><Attribute z:Id="i203"><AttributeType>name</AttributeType><IsRequired>true</IsRequired><Value i:type="a:string" xmlns:a="http://www.w3.org/2001/XMLSchema">UpperArm_Down</Value></Attribute></Attributes><ChildElements><URDFElement z:Id="i204" i:type="Inertial"><Attributes/><ChildElements><URDFElement z:Id="i205" i:type="Origin"><Attributes><Attribute z:Id="i206"><AttributeType>xyz</AttributeType><IsRequired>true</IsRequired><Value i:type="a:ArrayOfdouble" xmlns:a="http://schemas.microsoft.com/2003/10/Serialization/Arrays"><a:double>0</a:double><a:double>0</a:double><a:double>0</a:double></Value></Attribute><Attribute z:Id="i207"><AttributeType>rpy</AttributeType><IsRequired>true</IsRequired><Value i:type="a:ArrayOfdouble" xmlns:a="http://schemas.microsoft.com/2003/10/Serialization/Arrays"><a:double>0</a:double><a:double>0</a:double><a:double>0</a:double></Value></Attribute></Attributes><ChildElements/><ElementName>origin</ElementName><required>false</required><RPYAttribute z:Ref="i207"/><XYZAttribute z:Ref="i206"/><isCustomized>false</isCustomized></URDFElement><URDFElement z:Id="i208" i:type="Mass"><Attributes><Attribute z:Id="i209"><AttributeType>value</AttributeType><IsRequired>true</IsRequired><Value i:type="a:double" xmlns:a="http://www.w3.org/2001/XMLSchema">0</Value></Attribute></Attributes><ChildElements/><ElementName>mass</ElementName><required>false</required><ValueAttribute z:Ref="i209"/></URDFElement><URDFElement z:Id="i210" i:type="Inertia"><Attributes><Attribute z:Id="i211"><AttributeType>ixx</AttributeType><IsRequired>true</IsRequired><Value i:type="a:double" xmlns:a="http://www.w3.org/2001/XMLSchema">0</Value></Attribute><Attribute z:Id="i212"><AttributeType>ixy</AttributeType><IsRequired>true</IsRequired><Value i:type="a:double" xmlns:a="http://www.w3.org/2001/XMLSchema">0</Value></Attribute><Attribute z:Id="i213"><AttributeType>ixz</AttributeType><IsRequired>true</IsRequired><Value i:type="a:double" xmlns:a="http://www.w3.org/2001/XMLSchema">0</Value></Attribute><Attribute z:Id="i214"><AttributeType>iyy</AttributeType><IsRequired>true</IsRequired><Value i:type="a:double" xmlns:a="http://www.w3.org/2001/XMLSchema">0</Value></Attribute><Attribute z:Id="i215"><AttributeType>iyz</AttributeType><IsRequired>true</IsRequired><Value i:type="a:double" xmlns:a="http://www.w3.org/2001/XMLSchema">0</Value></Attribute><Attribute z:Id="i216"><AttributeType>izz</AttributeType><IsRequired>true</IsRequired><Value i:type="a:double" xmlns:a="http://www.w3.org/2001/XMLSchema">0</Value></Attribute></Attributes><ChildElements/><ElementName>inertia</ElementName><required>false</required><IxxAttribute z:Ref="i211"/><IxyAttribute z:Ref="i212"/><IxzAttribute z:Ref="i213"/><IyyAttribute z:Ref="i214"/><IyzAttribute z:Ref="i215"/><IzzAttribute z:Ref="i216"/></URDFElement></ChildElements><ElementName>inertial</ElementName><required>false</required><Inertia z:Ref="i210"/><Mass z:Ref="i208"/><Origin z:Ref="i205"/></URDFElement><URDFElement z:Id="i217" i:type="Visual"><Attributes/><ChildElements><URDFElement z:Id="i218" i:type="Origin"><Attributes><Attribute z:Id="i219"><AttributeType>xyz</AttributeType><IsRequired>true</IsRequired><Value i:type="a:ArrayOfdouble" xmlns:a="http://schemas.microsoft.com/2003/10/Serialization/Arrays"><a:double>0</a:double><a:double>0</a:double><a:double>0</a:double></Value></Attribute><Attribute z:Id="i220"><AttributeType>rpy</AttributeType><IsRequired>true</IsRequired><Value i:type="a:ArrayOfdouble" xmlns:a="http://schemas.microsoft.com/2003/10/Serialization/Arrays"><a:double>0</a:double><a:double>0</a:double><a:double>0</a:double></Value></Attribute></Attributes><ChildElements/><ElementName>origin</ElementName><required>false</required><RPYAttribute z:Ref="i220"/><XYZAttribute z:Ref="i219"/><isCustomized>false</isCustomized></URDFElement><URDFElement z:Id="i221" i:type="Geometry"><Attributes/><ChildElements><URDFElement z:Id="i222" i:type="Mesh"><Attributes><Attribute z:Id="i223"><AttributeType>filename</AttributeType><IsRequired>true</IsRequired><Value i:nil="true"/></Attribute></Attributes><ChildElements/><ElementName>mesh</ElementName><required>false</required><FilenameAttribute z:Ref="i223"/></URDFElement></ChildElements><ElementName>geometry</ElementName><required>true</required><Mesh z:Ref="i222"/></URDFElement><URDFElement z:Id="i224" i:type="Material"><Attributes><Attribute z:Id="i225"><AttributeType>name</AttributeType><IsRequired>true</IsRequired><Value i:type="a:string" xmlns:a="http://www.w3.org/2001/XMLSchema"/></Attribute></Attributes><ChildElements><URDFElement z:Id="i226" i:type="Color"><Attributes><Attribute z:Id="i227"><AttributeType>rgba</AttributeType><IsRequired>true</IsRequired><Value i:type="a:ArrayOfdouble" xmlns:a="http://schemas.microsoft.com/2003/10/Serialization/Arrays"><a:double>1</a:double><a:double>1</a:double><a:double>1</a:double><a:double>1</a:double></Value></Attribute></Attributes><ChildElements/><ElementName>color</ElementName><required>false</required><RGBAAttribute z:Ref="i227"/></URDFElement><URDFElement z:Id="i228" i:type="Texture"><Attributes><Attribute z:Id="i229"><AttributeType>filename</AttributeType><IsRequired>true</IsRequired><Value i:nil="true"/></Attribute></Attributes><ChildElements/><ElementName>texture</ElementName><required>false</required><FilenameAttribute z:Ref="i229"/><wFilename/></URDFElement></ChildElements><ElementName>material</ElementName><required>false</required><Color z:Ref="i226"/><NameAttribute z:Ref="i225"/><Texture z:Ref="i228"/></URDFElement></ChildElements><ElementName>visual</ElementName><required>false</required><Geometry z:Ref="i221"/><Material z:Ref="i224"/><Origin z:Ref="i218"/></URDFElement><URDFElement z:Id="i230" i:type="Collision"><Attributes/><ChildElements><URDFElement z:Id="i231" i:type="Origin"><Attributes><Attribute z:Id="i232"><AttributeType>xyz</AttributeType><IsRequired>true</IsRequired><Value i:type="a:ArrayOfdouble" xmlns:a="http://schemas.microsoft.com/2003/10/Serialization/Arrays"><a:double>0</a:double><a:double>0</a:double><a:double>0</a:double></Value></Attribute><Attribute z:Id="i233"><AttributeType>rpy</AttributeType><IsRequired>true</IsRequired><Value i:type="a:ArrayOfdouble" xmlns:a="http://schemas.microsoft.com/2003/10/Serialization/Arrays"><a:double>0</a:double><a:double>0</a:double><a:double>0</a:double></Value></Attribute></Attributes><ChildElements/><ElementName>origin</ElementName><required>false</required><RPYAttribute z:Ref="i233"/><XYZAttribute z:Ref="i232"/><isCustomized>false</isCustomized></URDFElement><URDFElement z:Id="i234" i:type="Geometry"><Attributes/><ChildElements><URDFElement z:Id="i235" i:type="Mesh"><Attributes><Attribute z:Id="i236"><AttributeType>filename</AttributeType><IsRequired>true</IsRequired><Value i:nil="true"/></Attribute></Attributes><ChildElements/><ElementName>mesh</ElementName><required>false</required><FilenameAttribute z:Ref="i236"/></URDFElement></ChildElements><ElementName>geometry</ElementName><required>true</required><Mesh z:Ref="i235"/></URDFElement></ChildElements><ElementName>collision</ElementName><required>false</required><Geometry z:Ref="i234"/><Origin z:Ref="i231"/></URDFElement><URDFElement z:Id="i237" i:type="Joint"><Attributes><Attribute z:Id="i238"><AttributeType>name</AttributeType><IsRequired>true</IsRequired><Value i:type="a:string" xmlns:a="http://www.w3.org/2001/XMLSchema">UpperArm_Down</Value></Attribute><Attribute z:Id="i239"><AttributeType>type</AttributeType><IsRequired>true</IsRequired><Value i:type="a:string" xmlns:a="http://www.w3.org/2001/XMLSchema">Automatically Detect</Value></Attribute></Attributes><ChildElements><URDFElement z:Id="i240" i:type="Origin"><Attributes><Attribute z:Id="i241"><AttributeType>xyz</AttributeType><IsRequired>true</IsRequired><Value i:type="a:ArrayOfdouble" xmlns:a="http://schemas.microsoft.com/2003/10/Serialization/Arrays"><a:double>0</a:double><a:double>0</a:double><a:double>0</a:double></Value></Attribute><Attribute z:Id="i242"><AttributeType>rpy</AttributeType><IsRequired>true</IsRequired><Value i:type="a:ArrayOfdouble" xmlns:a="http://schemas.microsoft.com/2003/10/Serialization/Arrays"><a:double>0</a:double><a:double>0</a:double><a:double>0</a:double></Value></Attribute></Attributes><ChildElements/><ElementName>origin</ElementName><required>false</required><RPYAttribute z:Ref="i242"/><XYZAttribute z:Ref="i241"/><isCustomized>false</isCustomized></URDFElement><URDFElement z:Id="i243" i:type="ParentLink"><Attributes><Attribute z:Id="i244"><AttributeType>link</AttributeType><IsRequired>true</IsRequired><Value i:type="a:string" xmlns:a="http://www.w3.org/2001/XMLSchema"/></Attribute></Attributes><ChildElements/><ElementName>parent</ElementName><required>true</required><NameAttribute z:Ref="i244"/></URDFElement><URDFElement z:Id="i245" i:type="ChildLink"><Attributes><Attribute z:Id="i246"><AttributeType>link</AttributeType><IsRequired>true</IsRequired><Value i:type="a:string" xmlns:a="http://www.w3.org/2001/XMLSchema"/></Attribute></Attributes><ChildElements/><ElementName>child</ElementName><required>true</required><NameAttribute z:Ref="i246"/></URDFElement><URDFElement z:Id="i247" i:type="Axis"><Attributes><Attribute z:Id="i248"><AttributeType>xyz</AttributeType><IsRequired>true</IsRequired><Value i:type="a:ArrayOfdouble" xmlns:a="http://schemas.microsoft.com/2003/10/Serialization/Arrays"><a:double>0</a:double><a:double>0</a:double><a:double>0</a:double></Value></Attribute></Attributes><ChildElements/><ElementName>axis</ElementName><required>false</required><XYZAttribute z:Ref="i248"/></URDFElement><URDFElement z:Id="i249" i:type="Limit"><Attributes><Attribute z:Id="i250"><AttributeType>lower</AttributeType><IsRequired>false</IsRequired><Value i:nil="true"/></Attribute><Attribute z:Id="i251"><AttributeType>upper</AttributeType><IsRequired>false</IsRequired><Value i:nil="true"/></Attribute><Attribute z:Id="i252"><AttributeType>effort</AttributeType><IsRequired>true</IsRequired><Value i:nil="true"/></Attribute><Attribute z:Id="i253"><AttributeType>velocity</AttributeType><IsRequired>true</IsRequired><Value i:nil="true"/></Attribute></Attributes><ChildElements/><ElementName>limit</ElementName><required>false</required><EffortAttribute z:Ref="i252"/><LowerAttribute z:Ref="i250"/><UpperAttribute z:Ref="i251"/><VelocityAttribute z:Ref="i253"/></URDFElement><URDFElement z:Id="i254" i:type="Calibration"><Attributes><Attribute z:Id="i255"><AttributeType>rising</AttributeType><IsRequired>false</IsRequired><Value i:nil="true"/></Attribute><Attribute z:Id="i256"><AttributeType>falling</AttributeType><IsRequired>false</IsRequired><Value i:nil="true"/></Attribute></Attributes><ChildElements/><ElementName>calibration</ElementName><required>false</required><FallingAttribute z:Ref="i256"/><RisingAttribute z:Ref="i255"/></URDFElement><URDFElement z:Id="i257" i:type="Dynamics"><Attributes><Attribute z:Id="i258"><AttributeType>damping</AttributeType><IsRequired>false</IsRequired><Value i:nil="true"/></Attribute><Attribute z:Id="i259"><AttributeType>friction</AttributeType><IsRequired>false</IsRequired><Value i:nil="true"/></Attribute></Attributes><ChildElements/><ElementName>dynamics</ElementName><required>false</required><DampingAttribute z:Ref="i258"/><FrictionAttribute z:Ref="i259"/></URDFElement><URDFElement z:Id="i260" i:type="SafetyController"><Attributes><Attribute z:Id="i261"><AttributeType>soft_upper_limit</AttributeType><IsRequired>false</IsRequired><Value i:nil="true"/></Attribute><Attribute z:Id="i262"><AttributeType>soft_lower_limit</AttributeType><IsRequired>false</IsRequired><Value i:nil="true"/></Attribute><Attribute z:Id="i263"><AttributeType>k_position</AttributeType><IsRequired>false</IsRequired><Value i:nil="true"/></Attribute><Attribute z:Id="i264"><AttributeType>k_velocity</AttributeType><IsRequired>true</IsRequired><Value i:nil="true"/></Attribute></Attributes><ChildElements/><ElementName>safety_controller</ElementName><required>false</required><KPositionAttribute z:Ref="i263"/><KVelocityAttribute z:Ref="i264"/><SoftLowerAttribute z:Ref="i262"/><SoftUpperAttribute z:Ref="i261"/></URDFElement><URDFElement z:Id="i265" i:type="Mimic"><Attributes><Attribute z:Id="i266"><AttributeType>joint</AttributeType><IsRequired>true</IsRequired><Value i:nil="true"/></Attribute><Attribute z:Id="i267"><AttributeType>multiplier</AttributeType><IsRequired>false</IsRequired><Value i:nil="true"/></Attribute><Attribute z:Id="i268"><AttributeType>offset</AttributeType><IsRequired>false</IsRequired><Value i:nil="true"/></Attribute></Attributes><ChildElements/><ElementName>mimic</ElementName><required>false</required><JointNameAttribute z:Ref="i266"/><MultiplierAttribute z:Ref="i267"/><OffsetAttribute z:Ref="i268"/></URDFElement></ChildElements><ElementName>joint</ElementName><required>false</required><Axis z:Ref="i247"/><AxisName>?????????3</AxisName><Calibration z:Ref="i254"/><Child z:Ref="i245"/><CoordinateSystemName>Automatically Generate</CoordinateSystemName><Dynamics z:Ref="i257"/><Limit z:Ref="i249"/><Mimic z:Ref="i265"/><NameAttribute z:Ref="i238"/><Origin z:Ref="i240"/><Parent z:Ref="i243"/><Safety z:Ref="i260"/><TypeAttribute z:Ref="i239"/></URDFElement></ChildElements><ElementName>link</ElementName><required>true</required><Children><Link z:Id="i269"><Attributes><Attribute z:Id="i270"><AttributeType>name</AttributeType><IsRequired>true</IsRequired><Value i:type="a:string" xmlns:a="http://www.w3.org/2001/XMLSchema">ForeArm_Up</Value></Attribute></Attributes><ChildElements><URDFElement z:Id="i271" i:type="Inertial"><Attributes/><ChildElements><URDFElement z:Id="i272" i:type="Origin"><Attributes><Attribute z:Id="i273"><AttributeType>xyz</AttributeType><IsRequired>true</IsRequired><Value i:type="a:ArrayOfdouble" xmlns:a="http://schemas.microsoft.com/2003/10/Serialization/Arrays"><a:double>0</a:double><a:double>0</a:double><a:double>0</a:double></Value></Attribute><Attribute z:Id="i274"><AttributeType>rpy</AttributeType><IsRequired>true</IsRequired><Value i:type="a:ArrayOfdouble" xmlns:a="http://schemas.microsoft.com/2003/10/Serialization/Arrays"><a:double>0</a:double><a:double>0</a:double><a:double>0</a:double></Value></Attribute></Attributes><ChildElements/><ElementName>origin</ElementName><required>false</required><RPYAttribute z:Ref="i274"/><XYZAttribute z:Ref="i273"/><isCustomized>false</isCustomized></URDFElement><URDFElement z:Id="i275" i:type="Mass"><Attributes><Attribute z:Id="i276"><AttributeType>value</AttributeType><IsRequired>true</IsRequired><Value i:type="a:double" xmlns:a="http://www.w3.org/2001/XMLSchema">0</Value></Attribute></Attributes><ChildElements/><ElementName>mass</ElementName><required>false</required><ValueAttribute z:Ref="i276"/></URDFElement><URDFElement z:Id="i277" i:type="Inertia"><Attributes><Attribute z:Id="i278"><AttributeType>ixx</AttributeType><IsRequired>true</IsRequired><Value i:type="a:double" xmlns:a="http://www.w3.org/2001/XMLSchema">0</Value></Attribute><Attribute z:Id="i279"><AttributeType>ixy</AttributeType><IsRequired>true</IsRequired><Value i:type="a:double" xmlns:a="http://www.w3.org/2001/XMLSchema">0</Value></Attribute><Attribute z:Id="i280"><AttributeType>ixz</AttributeType><IsRequired>true</IsRequired><Value i:type="a:double" xmlns:a="http://www.w3.org/2001/XMLSchema">0</Value></Attribute><Attribute z:Id="i281"><AttributeType>iyy</AttributeType><IsRequired>true</IsRequired><Value i:type="a:double" xmlns:a="http://www.w3.org/2001/XMLSchema">0</Value></Attribute><Attribute z:Id="i282"><AttributeType>iyz</AttributeType><IsRequired>true</IsRequired><Value i:type="a:double" xmlns:a="http://www.w3.org/2001/XMLSchema">0</Value></Attribute><Attribute z:Id="i283"><AttributeType>izz</AttributeType><IsRequired>true</IsRequired><Value i:type="a:double" xmlns:a="http://www.w3.org/2001/XMLSchema">0</Value></Attribute></Attributes><ChildElements/><ElementName>inertia</ElementName><required>false</required><IxxAttribute z:Ref="i278"/><IxyAttribute z:Ref="i279"/><IxzAttribute z:Ref="i280"/><IyyAttribute z:Ref="i281"/><IyzAttribute z:Ref="i282"/><IzzAttribute z:Ref="i283"/></URDFElement></ChildElements><ElementName>inertial</ElementName><required>false</required><Inertia z:Ref="i277"/><Mass z:Ref="i275"/><Origin z:Ref="i272"/></URDFElement><URDFElement z:Id="i284" i:type="Visual"><Attributes/><ChildElements><URDFElement z:Id="i285" i:type="Origin"><Attributes><Attribute z:Id="i286"><AttributeType>xyz</AttributeType><IsRequired>true</IsRequired><Value i:type="a:ArrayOfdouble" xmlns:a="http://schemas.microsoft.com/2003/10/Serialization/Arrays"><a:double>0</a:double><a:double>0</a:double><a:double>0</a:double></Value></Attribute><Attribute z:Id="i287"><AttributeType>rpy</AttributeType><IsRequired>true</IsRequired><Value i:type="a:ArrayOfdouble" xmlns:a="http://schemas.microsoft.com/2003/10/Serialization/Arrays"><a:double>0</a:double><a:double>0</a:double><a:double>0</a:double></Value></Attribute></Attributes><ChildElements/><ElementName>origin</ElementName><required>false</required><RPYAttribute z:Ref="i287"/><XYZAttribute z:Ref="i286"/><isCustomized>false</isCustomized></URDFElement><URDFElement z:Id="i288" i:type="Geometry"><Attributes/><ChildElements><URDFElement z:Id="i289" i:type="Mesh"><Attributes><Attribute z:Id="i290"><AttributeType>filename</AttributeType><IsRequired>true</IsRequired><Value i:nil="true"/></Attribute></Attributes><ChildElements/><ElementName>mesh</ElementName><required>false</required><FilenameAttribute z:Ref="i290"/></URDFElement></ChildElements><ElementName>geometry</ElementName><required>true</required><Mesh z:Ref="i289"/></URDFElement><URDFElement z:Id="i291" i:type="Material"><Attributes><Attribute z:Id="i292"><AttributeType>name</AttributeType><IsRequired>true</IsRequired><Value i:type="a:string" xmlns:a="http://www.w3.org/2001/XMLSchema"/></Attribute></Attributes><ChildElements><URDFElement z:Id="i293" i:type="Color"><Attributes><Attribute z:Id="i294"><AttributeType>rgba</AttributeType><IsRequired>true</IsRequired><Value i:type="a:ArrayOfdouble" xmlns:a="http://schemas.microsoft.com/2003/10/Serialization/Arrays"><a:double>1</a:double><a:double>1</a:double><a:double>1</a:double><a:double>1</a:double></Value></Attribute></Attributes><ChildElements/><ElementName>color</ElementName><required>false</required><RGBAAttribute z:Ref="i294"/></URDFElement><URDFElement z:Id="i295" i:type="Texture"><Attributes><Attribute z:Id="i296"><AttributeType>filename</AttributeType><IsRequired>true</IsRequired><Value i:nil="true"/></Attribute></Attributes><ChildElements/><ElementName>texture</ElementName><required>false</required><FilenameAttribute z:Ref="i296"/><wFilename/></URDFElement></ChildElements><ElementName>material</ElementName><required>false</required><Color z:Ref="i293"/><NameAttribute z:Ref="i292"/><Texture z:Ref="i295"/></URDFElement></ChildElements><ElementName>visual</ElementName><required>false</required><Geometry z:Ref="i288"/><Material z:Ref="i291"/><Origin z:Ref="i285"/></URDFElement><URDFElement z:Id="i297" i:type="Collision"><Attributes/><ChildElements><URDFElement z:Id="i298" i:type="Origin"><Attributes><Attribute z:Id="i299"><AttributeType>xyz</AttributeType><IsRequired>true</IsRequired><Value i:type="a:ArrayOfdouble" xmlns:a="http://schemas.microsoft.com/2003/10/Serialization/Arrays"><a:double>0</a:double><a:double>0</a:double><a:double>0</a:double></Value></Attribute><Attribute z:Id="i300"><AttributeType>rpy</AttributeType><IsRequired>true</IsRequired><Value i:type="a:ArrayOfdouble" xmlns:a="http://schemas.microsoft.com/2003/10/Serialization/Arrays"><a:double>0</a:double><a:double>0</a:double><a:double>0</a:double></Value></Attribute></Attributes><ChildElements/><ElementName>origin</ElementName><required>false</required><RPYAttribute z:Ref="i300"/><XYZAttribute z:Ref="i299"/><isCustomized>false</isCustomized></URDFElement><URDFElement z:Id="i301" i:type="Geometry"><Attributes/><ChildElements><URDFElement z:Id="i302" i:type="Mesh"><Attributes><Attribute z:Id="i303"><AttributeType>filename</AttributeType><IsRequired>true</IsRequired><Value i:nil="true"/></Attribute></Attributes><ChildElements/><ElementName>mesh</ElementName><required>false</required><FilenameAttribute z:Ref="i303"/></URDFElement></ChildElements><ElementName>geometry</ElementName><required>true</required><Mesh z:Ref="i302"/></URDFElement></ChildElements><ElementName>collision</ElementName><required>false</required><Geometry z:Ref="i301"/><Origin z:Ref="i298"/></URDFElement><URDFElement z:Id="i304" i:type="Joint"><Attributes><Attribute z:Id="i305"><AttributeType>name</AttributeType><IsRequired>true</IsRequired><Value i:type="a:string" xmlns:a="http://www.w3.org/2001/XMLSchema">ForeArm_Up</Value></Attribute><Attribute z:Id="i306"><AttributeType>type</AttributeType><IsRequired>true</IsRequired><Value i:type="a:string" xmlns:a="http://www.w3.org/2001/XMLSchema">Automatically Detect</Value></Attribute></Attributes><ChildElements><URDFElement z:Id="i307" i:type="Origin"><Attributes><Attribute z:Id="i308"><AttributeType>xyz</AttributeType><IsRequired>true</IsRequired><Value i:type="a:ArrayOfdouble" xmlns:a="http://schemas.microsoft.com/2003/10/Serialization/Arrays"><a:double>0</a:double><a:double>0</a:double><a:double>0</a:double></Value></Attribute><Attribute z:Id="i309"><AttributeType>rpy</AttributeType><IsRequired>true</IsRequired><Value i:type="a:ArrayOfdouble" xmlns:a="http://schemas.microsoft.com/2003/10/Serialization/Arrays"><a:double>0</a:double><a:double>0</a:double><a:double>0</a:double></Value></Attribute></Attributes><ChildElements/><ElementName>origin</ElementName><required>false</required><RPYAttribute z:Ref="i309"/><XYZAttribute z:Ref="i308"/><isCustomized>false</isCustomized></URDFElement><URDFElement z:Id="i310" i:type="ParentLink"><Attributes><Attribute z:Id="i311"><AttributeType>link</AttributeType><IsRequired>true</IsRequired><Value i:type="a:string" xmlns:a="http://www.w3.org/2001/XMLSchema"/></Attribute></Attributes><ChildElements/><ElementName>parent</ElementName><required>true</required><NameAttribute z:Ref="i311"/></URDFElement><URDFElement z:Id="i312" i:type="ChildLink"><Attributes><Attribute z:Id="i313"><AttributeType>link</AttributeType><IsRequired>true</IsRequired><Value i:type="a:string" xmlns:a="http://www.w3.org/2001/XMLSchema"/></Attribute></Attributes><ChildElements/><ElementName>child</ElementName><required>true</required><NameAttribute z:Ref="i313"/></URDFElement><URDFElement z:Id="i314" i:type="Axis"><Attributes><Attribute z:Id="i315"><AttributeType>xyz</AttributeType><IsRequired>true</IsRequired><Value i:type="a:ArrayOfdouble" xmlns:a="http://schemas.microsoft.com/2003/10/Serialization/Arrays"><a:double>0</a:double><a:double>0</a:double><a:double>0</a:double></Value></Attribute></Attributes><ChildElements/><ElementName>axis</ElementName><required>false</required><XYZAttribute z:Ref="i315"/></URDFElement><URDFElement z:Id="i316" i:type="Limit"><Attributes><Attribute z:Id="i317"><AttributeType>lower</AttributeType><IsRequired>false</IsRequired><Value i:nil="true"/></Attribute><Attribute z:Id="i318"><AttributeType>upper</AttributeType><IsRequired>false</IsRequired><Value i:nil="true"/></Attribute><Attribute z:Id="i319"><AttributeType>effort</AttributeType><IsRequired>true</IsRequired><Value i:nil="true"/></Attribute><Attribute z:Id="i320"><AttributeType>velocity</AttributeType><IsRequired>true</IsRequired><Value i:nil="true"/></Attribute></Attributes><ChildElements/><ElementName>limit</ElementName><required>false</required><EffortAttribute z:Ref="i319"/><LowerAttribute z:Ref="i317"/><UpperAttribute z:Ref="i318"/><VelocityAttribute z:Ref="i320"/></URDFElement><URDFElement z:Id="i321" i:type="Calibration"><Attributes><Attribute z:Id="i322"><AttributeType>rising</AttributeType><IsRequired>false</IsRequired><Value i:nil="true"/></Attribute><Attribute z:Id="i323"><AttributeType>falling</AttributeType><IsRequired>false</IsRequired><Value i:nil="true"/></Attribute></Attributes><ChildElements/><ElementName>calibration</ElementName><required>false</required><FallingAttribute z:Ref="i323"/><RisingAttribute z:Ref="i322"/></URDFElement><URDFElement z:Id="i324" i:type="Dynamics"><Attributes><Attribute z:Id="i325"><AttributeType>damping</AttributeType><IsRequired>false</IsRequired><Value i:nil="true"/></Attribute><Attribute z:Id="i326"><AttributeType>friction</AttributeType><IsRequired>false</IsRequired><Value i:nil="true"/></Attribute></Attributes><ChildElements/><ElementName>dynamics</ElementName><required>false</required><DampingAttribute z:Ref="i325"/><FrictionAttribute z:Ref="i326"/></URDFElement><URDFElement z:Id="i327" i:type="SafetyController"><Attributes><Attribute z:Id="i328"><AttributeType>soft_upper_limit</AttributeType><IsRequired>false</IsRequired><Value i:nil="true"/></Attribute><Attribute z:Id="i329"><AttributeType>soft_lower_limit</AttributeType><IsRequired>false</IsRequired><Value i:nil="true"/></Attribute><Attribute z:Id="i330"><AttributeType>k_position</AttributeType><IsRequired>false</IsRequired><Value i:nil="true"/></Attribute><Attribute z:Id="i331"><AttributeType>k_velocity</AttributeType><IsRequired>true</IsRequired><Value i:nil="true"/></Attribute></Attributes><ChildElements/><ElementName>safety_controller</ElementName><required>false</required><KPositionAttribute z:Ref="i330"/><KVelocityAttribute z:Ref="i331"/><SoftLowerAttribute z:Ref="i329"/><SoftUpperAttribute z:Ref="i328"/></URDFElement><URDFElement z:Id="i332" i:type="Mimic"><Attributes><Attribute z:Id="i333"><AttributeType>joint</AttributeType><IsRequired>true</IsRequired><Value i:nil="true"/></Attribute><Attribute z:Id="i334"><AttributeType>multiplier</AttributeType><IsRequired>false</IsRequired><Value i:nil="true"/></Attribute><Attribute z:Id="i335"><AttributeType>offset</AttributeType><IsRequired>false</IsRequired><Value i:nil="true"/></Attribute></Attributes><ChildElements/><ElementName>mimic</ElementName><required>false</required><JointNameAttribute z:Ref="i333"/><MultiplierAttribute z:Ref="i334"/><OffsetAttribute z:Ref="i335"/></URDFElement></ChildElements><ElementName>joint</ElementName><required>false</required><Axis z:Ref="i314"/><AxisName>?????????4</AxisName><Calibration z:Ref="i321"/><Child z:Ref="i312"/><CoordinateSystemName>Automatically Generate</CoordinateSystemName><Dynamics z:Ref="i324"/><Limit z:Ref="i316"/><Mimic z:Ref="i332"/><NameAttribute z:Ref="i305"/><Origin z:Ref="i307"/><Parent z:Ref="i310"/><Safety z:Ref="i327"/><TypeAttribute z:Ref="i306"/></URDFElement></ChildElements><ElementName>link</ElementName><required>true</required><Children><Link z:Id="i336"><Attributes><Attribute z:Id="i337"><AttributeType>name</AttributeType><IsRequired>true</IsRequired><Value i:type="a:string" xmlns:a="http://www.w3.org/2001/XMLSchema">ForeArm_Down</Value></Attribute></Attributes><ChildElements><URDFElement z:Id="i338" i:type="Inertial"><Attributes/><ChildElements><URDFElement z:Id="i339" i:type="Origin"><Attributes><Attribute z:Id="i340"><AttributeType>xyz</AttributeType><IsRequired>true</IsRequired><Value i:type="a:ArrayOfdouble" xmlns:a="http://schemas.microsoft.com/2003/10/Serialization/Arrays"><a:double>0</a:double><a:double>0</a:double><a:double>0</a:double></Value></Attribute><Attribute z:Id="i341"><AttributeType>rpy</AttributeType><IsRequired>true</IsRequired><Value i:type="a:ArrayOfdouble" xmlns:a="http://schemas.microsoft.com/2003/10/Serialization/Arrays"><a:double>0</a:double><a:double>0</a:double><a:double>0</a:double></Value></Attribute></Attributes><ChildElements/><ElementName>origin</ElementName><required>false</required><RPYAttribute z:Ref="i341"/><XYZAttribute z:Ref="i340"/><isCustomized>false</isCustomized></URDFElement><URDFElement z:Id="i342" i:type="Mass"><Attributes><Attribute z:Id="i343"><AttributeType>value</AttributeType><IsRequired>true</IsRequired><Value i:type="a:double" xmlns:a="http://www.w3.org/2001/XMLSchema">0</Value></Attribute></Attributes><ChildElements/><ElementName>mass</ElementName><required>false</required><ValueAttribute z:Ref="i343"/></URDFElement><URDFElement z:Id="i344" i:type="Inertia"><Attributes><Attribute z:Id="i345"><AttributeType>ixx</AttributeType><IsRequired>true</IsRequired><Value i:type="a:double" xmlns:a="http://www.w3.org/2001/XMLSchema">0</Value></Attribute><Attribute z:Id="i346"><AttributeType>ixy</AttributeType><IsRequired>true</IsRequired><Value i:type="a:double" xmlns:a="http://www.w3.org/2001/XMLSchema">0</Value></Attribute><Attribute z:Id="i347"><AttributeType>ixz</AttributeType><IsRequired>true</IsRequired><Value i:type="a:double" xmlns:a="http://www.w3.org/2001/XMLSchema">0</Value></Attribute><Attribute z:Id="i348"><AttributeType>iyy</AttributeType><IsRequired>true</IsRequired><Value i:type="a:double" xmlns:a="http://www.w3.org/2001/XMLSchema">0</Value></Attribute><Attribute z:Id="i349"><AttributeType>iyz</AttributeType><IsRequired>true</IsRequired><Value i:type="a:double" xmlns:a="http://www.w3.org/2001/XMLSchema">0</Value></Attribute><Attribute z:Id="i350"><AttributeType>izz</AttributeType><IsRequired>true</IsRequired><Value i:type="a:double" xmlns:a="http://www.w3.org/2001/XMLSchema">0</Value></Attribute></Attributes><ChildElements/><ElementName>inertia</ElementName><required>false</required><IxxAttribute z:Ref="i345"/><IxyAttribute z:Ref="i346"/><IxzAttribute z:Ref="i347"/><IyyAttribute z:Ref="i348"/><IyzAttribute z:Ref="i349"/><IzzAttribute z:Ref="i350"/></URDFElement></ChildElements><ElementName>inertial</ElementName><required>false</required><Inertia z:Ref="i344"/><Mass z:Ref="i342"/><Origin z:Ref="i339"/></URDFElement><URDFElement z:Id="i351" i:type="Visual"><Attributes/><ChildElements><URDFElement z:Id="i352" i:type="Origin"><Attributes><Attribute z:Id="i353"><AttributeType>xyz</AttributeType><IsRequired>true</IsRequired><Value i:type="a:ArrayOfdouble" xmlns:a="http://schemas.microsoft.com/2003/10/Serialization/Arrays"><a:double>0</a:double><a:double>0</a:double><a:double>0</a:double></Value></Attribute><Attribute z:Id="i354"><AttributeType>rpy</AttributeType><IsRequired>true</IsRequired><Value i:type="a:ArrayOfdouble" xmlns:a="http://schemas.microsoft.com/2003/10/Serialization/Arrays"><a:double>0</a:double><a:double>0</a:double><a:double>0</a:double></Value></Attribute></Attributes><ChildElements/><ElementName>origin</ElementName><required>false</required><RPYAttribute z:Ref="i354"/><XYZAttribute z:Ref="i353"/><isCustomized>false</isCustomized></URDFElement><URDFElement z:Id="i355" i:type="Geometry"><Attributes/><ChildElements><URDFElement z:Id="i356" i:type="Mesh"><Attributes><Attribute z:Id="i357"><AttributeType>filename</AttributeType><IsRequired>true</IsRequired><Value i:nil="true"/></Attribute></Attributes><ChildElements/><ElementName>mesh</ElementName><required>false</required><FilenameAttribute z:Ref="i357"/></URDFElement></ChildElements><ElementName>geometry</ElementName><required>true</required><Mesh z:Ref="i356"/></URDFElement><URDFElement z:Id="i358" i:type="Material"><Attributes><Attribute z:Id="i359"><AttributeType>name</AttributeType><IsRequired>true</IsRequired><Value i:type="a:string" xmlns:a="http://www.w3.org/2001/XMLSchema"/></Attribute></Attributes><ChildElements><URDFElement z:Id="i360" i:type="Color"><Attributes><Attribute z:Id="i361"><AttributeType>rgba</AttributeType><IsRequired>true</IsRequired><Value i:type="a:ArrayOfdouble" xmlns:a="http://schemas.microsoft.com/2003/10/Serialization/Arrays"><a:double>1</a:double><a:double>1</a:double><a:double>1</a:double><a:double>1</a:double></Value></Attribute></Attributes><ChildElements/><ElementName>color</ElementName><required>false</required><RGBAAttribute z:Ref="i361"/></URDFElement><URDFElement z:Id="i362" i:type="Texture"><Attributes><Attribute z:Id="i363"><AttributeType>filename</AttributeType><IsRequired>true</IsRequired><Value i:nil="true"/></Attribute></Attributes><ChildElements/><ElementName>texture</ElementName><required>false</required><FilenameAttribute z:Ref="i363"/><wFilename/></URDFElement></ChildElements><ElementName>material</ElementName><required>false</required><Color z:Ref="i360"/><NameAttribute z:Ref="i359"/><Texture z:Ref="i362"/></URDFElement></ChildElements><ElementName>visual</ElementName><required>false</required><Geometry z:Ref="i355"/><Material z:Ref="i358"/><Origin z:Ref="i352"/></URDFElement><URDFElement z:Id="i364" i:type="Collision"><Attributes/><ChildElements><URDFElement z:Id="i365" i:type="Origin"><Attributes><Attribute z:Id="i366"><AttributeType>xyz</AttributeType><IsRequired>true</IsRequired><Value i:type="a:ArrayOfdouble" xmlns:a="http://schemas.microsoft.com/2003/10/Serialization/Arrays"><a:double>0</a:double><a:double>0</a:double><a:double>0</a:double></Value></Attribute><Attribute z:Id="i367"><AttributeType>rpy</AttributeType><IsRequired>true</IsRequired><Value i:type="a:ArrayOfdouble" xmlns:a="http://schemas.microsoft.com/2003/10/Serialization/Arrays"><a:double>0</a:double><a:double>0</a:double><a:double>0</a:double></Value></Attribute></Attributes><ChildElements/><ElementName>origin</ElementName><required>false</required><RPYAttribute z:Ref="i367"/><XYZAttribute z:Ref="i366"/><isCustomized>false</isCustomized></URDFElement><URDFElement z:Id="i368" i:type="Geometry"><Attributes/><ChildElements><URDFElement z:Id="i369" i:type="Mesh"><Attributes><Attribute z:Id="i370"><AttributeType>filename</AttributeType><IsRequired>true</IsRequired><Value i:nil="true"/></Attribute></Attributes><ChildElements/><ElementName>mesh</ElementName><required>false</required><FilenameAttribute z:Ref="i370"/></URDFElement></ChildElements><ElementName>geometry</ElementName><required>true</required><Mesh z:Ref="i369"/></URDFElement></ChildElements><ElementName>collision</ElementName><required>false</required><Geometry z:Ref="i368"/><Origin z:Ref="i365"/></URDFElement><URDFElement z:Id="i371" i:type="Joint"><Attributes><Attribute z:Id="i372"><AttributeType>name</AttributeType><IsRequired>true</IsRequired><Value i:type="a:string" xmlns:a="http://www.w3.org/2001/XMLSchema">ForeArm_Down</Value></Attribute><Attribute z:Id="i373"><AttributeType>type</AttributeType><IsRequired>true</IsRequired><Value i:type="a:string" xmlns:a="http://www.w3.org/2001/XMLSchema">Automatically Detect</Value></Attribute></Attributes><ChildElements><URDFElement z:Id="i374" i:type="Origin"><Attributes><Attribute z:Id="i375"><AttributeType>xyz</AttributeType><IsRequired>true</IsRequired><Value i:type="a:ArrayOfdouble" xmlns:a="http://schemas.microsoft.com/2003/10/Serialization/Arrays"><a:double>0</a:double><a:double>0</a:double><a:double>0</a:double></Value></Attribute><Attribute z:Id="i376"><AttributeType>rpy</AttributeType><IsRequired>true</IsRequired><Value i:type="a:ArrayOfdouble" xmlns:a="http://schemas.microsoft.com/2003/10/Serialization/Arrays"><a:double>0</a:double><a:double>0</a:double><a:double>0</a:double></Value></Attribute></Attributes><ChildElements/><ElementName>origin</ElementName><required>false</required><RPYAttribute z:Ref="i376"/><XYZAttribute z:Ref="i375"/><isCustomized>false</isCustomized></URDFElement><URDFElement z:Id="i377" i:type="ParentLink"><Attributes><Attribute z:Id="i378"><AttributeType>link</AttributeType><IsRequired>true</IsRequired><Value i:type="a:string" xmlns:a="http://www.w3.org/2001/XMLSchema"/></Attribute></Attributes><ChildElements/><ElementName>parent</ElementName><required>true</required><NameAttribute z:Ref="i378"/></URDFElement><URDFElement z:Id="i379" i:type="ChildLink"><Attributes><Attribute z:Id="i380"><AttributeType>link</AttributeType><IsRequired>true</IsRequired><Value i:type="a:string" xmlns:a="http://www.w3.org/2001/XMLSchema"/></Attribute></Attributes><ChildElements/><ElementName>child</ElementName><required>true</required><NameAttribute z:Ref="i380"/></URDFElement><URDFElement z:Id="i381" i:type="Axis"><Attributes><Attribute z:Id="i382"><AttributeType>xyz</AttributeType><IsRequired>true</IsRequired><Value i:type="a:ArrayOfdouble" xmlns:a="http://schemas.microsoft.com/2003/10/Serialization/Arrays"><a:double>0</a:double><a:double>0</a:double><a:double>0</a:double></Value></Attribute></Attributes><ChildElements/><ElementName>axis</ElementName><required>false</required><XYZAttribute z:Ref="i382"/></URDFElement><URDFElement z:Id="i383" i:type="Limit"><Attributes><Attribute z:Id="i384"><AttributeType>lower</AttributeType><IsRequired>false</IsRequired><Value i:nil="true"/></Attribute><Attribute z:Id="i385"><AttributeType>upper</AttributeType><IsRequired>false</IsRequired><Value i:nil="true"/></Attribute><Attribute z:Id="i386"><AttributeType>effort</AttributeType><IsRequired>true</IsRequired><Value i:nil="true"/></Attribute><Attribute z:Id="i387"><AttributeType>velocity</AttributeType><IsRequired>true</IsRequired><Value i:nil="true"/></Attribute></Attributes><ChildElements/><ElementName>limit</ElementName><required>false</required><EffortAttribute z:Ref="i386"/><LowerAttribute z:Ref="i384"/><UpperAttribute z:Ref="i385"/><VelocityAttribute z:Ref="i387"/></URDFElement><URDFElement z:Id="i388" i:type="Calibration"><Attributes><Attribute z:Id="i389"><AttributeType>rising</AttributeType><IsRequired>false</IsRequired><Value i:nil="true"/></Attribute><Attribute z:Id="i390"><AttributeType>falling</AttributeType><IsRequired>false</IsRequired><Value i:nil="true"/></Attribute></Attributes><ChildElements/><ElementName>calibration</ElementName><required>false</required><FallingAttribute z:Ref="i390"/><RisingAttribute z:Ref="i389"/></URDFElement><URDFElement z:Id="i391" i:type="Dynamics"><Attributes><Attribute z:Id="i392"><AttributeType>damping</AttributeType><IsRequired>false</IsRequired><Value i:nil="true"/></Attribute><Attribute z:Id="i393"><AttributeType>friction</AttributeType><IsRequired>false</IsRequired><Value i:nil="true"/></Attribute></Attributes><ChildElements/><ElementName>dynamics</ElementName><required>false</required><DampingAttribute z:Ref="i392"/><FrictionAttribute z:Ref="i393"/></URDFElement><URDFElement z:Id="i394" i:type="SafetyController"><Attributes><Attribute z:Id="i395"><AttributeType>soft_upper_limit</AttributeType><IsRequired>false</IsRequired><Value i:nil="true"/></Attribute><Attribute z:Id="i396"><AttributeType>soft_lower_limit</AttributeType><IsRequired>false</IsRequired><Value i:nil="true"/></Attribute><Attribute z:Id="i397"><AttributeType>k_position</AttributeType><IsRequired>false</IsRequired><Value i:nil="true"/></Attribute><Attribute z:Id="i398"><AttributeType>k_velocity</AttributeType><IsRequired>true</IsRequired><Value i:nil="true"/></Attribute></Attributes><ChildElements/><ElementName>safety_controller</ElementName><required>false</required><KPositionAttribute z:Ref="i397"/><KVelocityAttribute z:Ref="i398"/><SoftLowerAttribute z:Ref="i396"/><SoftUpperAttribute z:Ref="i395"/></URDFElement><URDFElement z:Id="i399" i:type="Mimic"><Attributes><Attribute z:Id="i400"><AttributeType>joint</AttributeType><IsRequired>true</IsRequired><Value i:nil="true"/></Attribute><Attribute z:Id="i401"><AttributeType>multiplier</AttributeType><IsRequired>false</IsRequired><Value i:nil="true"/></Attribute><Attribute z:Id="i402"><AttributeType>offset</AttributeType><IsRequired>false</IsRequired><Value i:nil="true"/></Attribute></Attributes><ChildElements/><ElementName>mimic</ElementName><required>false</required><JointNameAttribute z:Ref="i400"/><MultiplierAttribute z:Ref="i401"/><OffsetAttribute z:Ref="i402"/></URDFElement></ChildElements><ElementName>joint</ElementName><required>false</required><Axis z:Ref="i381"/><AxisName>?????????5</AxisName><Calibration z:Ref="i388"/><Child z:Ref="i379"/><CoordinateSystemName>Automatically Generate</CoordinateSystemName><Dynamics z:Ref="i391"/><Limit z:Ref="i383"/><Mimic z:Ref="i399"/><NameAttribute z:Ref="i372"/><Origin z:Ref="i374"/><Parent z:Ref="i377"/><Safety z:Ref="i394"/><TypeAttribute z:Ref="i373"/></URDFElement></ChildElements><ElementName>link</ElementName><required>true</required><Children><Link z:Id="i403"><Attributes><Attribute z:Id="i404"><AttributeType>name</AttributeType><IsRequired>true</IsRequired><Value i:type="a:string" xmlns:a="http://www.w3.org/2001/XMLSchema">Wrist</Value></Attribute></Attributes><ChildElements><URDFElement z:Id="i405" i:type="Inertial"><Attributes/><ChildElements><URDFElement z:Id="i406" i:type="Origin"><Attributes><Attribute z:Id="i407"><AttributeType>xyz</AttributeType><IsRequired>true</IsRequired><Value i:type="a:ArrayOfdouble" xmlns:a="http://schemas.microsoft.com/2003/10/Serialization/Arrays"><a:double>0</a:double><a:double>0</a:double><a:double>0</a:double></Value></Attribute><Attribute z:Id="i408"><AttributeType>rpy</AttributeType><IsRequired>true</IsRequired><Value i:type="a:ArrayOfdouble" xmlns:a="http://schemas.microsoft.com/2003/10/Serialization/Arrays"><a:double>0</a:double><a:double>0</a:double><a:double>0</a:double></Value></Attribute></Attributes><ChildElements/><ElementName>origin</ElementName><required>false</required><RPYAttribute z:Ref="i408"/><XYZAttribute z:Ref="i407"/><isCustomized>false</isCustomized></URDFElement><URDFElement z:Id="i409" i:type="Mass"><Attributes><Attribute z:Id="i410"><AttributeType>value</AttributeType><IsRequired>true</IsRequired><Value i:type="a:double" xmlns:a="http://www.w3.org/2001/XMLSchema">0</Value></Attribute></Attributes><ChildElements/><ElementName>mass</ElementName><required>false</required><ValueAttribute z:Ref="i410"/></URDFElement><URDFElement z:Id="i411" i:type="Inertia"><Attributes><Attribute z:Id="i412"><AttributeType>ixx</AttributeType><IsRequired>true</IsRequired><Value i:type="a:double" xmlns:a="http://www.w3.org/2001/XMLSchema">0</Value></Attribute><Attribute z:Id="i413"><AttributeType>ixy</AttributeType><IsRequired>true</IsRequired><Value i:type="a:double" xmlns:a="http://www.w3.org/2001/XMLSchema">0</Value></Attribute><Attribute z:Id="i414"><AttributeType>ixz</AttributeType><IsRequired>true</IsRequired><Value i:type="a:double" xmlns:a="http://www.w3.org/2001/XMLSchema">0</Value></Attribute><Attribute z:Id="i415"><AttributeType>iyy</AttributeType><IsRequired>true</IsRequired><Value i:type="a:double" xmlns:a="http://www.w3.org/2001/XMLSchema">0</Value></Attribute><Attribute z:Id="i416"><AttributeType>iyz</AttributeType><IsRequired>true</IsRequired><Value i:type="a:double" xmlns:a="http://www.w3.org/2001/XMLSchema">0</Value></Attribute><Attribute z:Id="i417"><AttributeType>izz</AttributeType><IsRequired>true</IsRequired><Value i:type="a:double" xmlns:a="http://www.w3.org/2001/XMLSchema">0</Value></Attribute></Attributes><ChildElements/><ElementName>inertia</ElementName><required>false</required><IxxAttribute z:Ref="i412"/><IxyAttribute z:Ref="i413"/><IxzAttribute z:Ref="i414"/><IyyAttribute z:Ref="i415"/><IyzAttribute z:Ref="i416"/><IzzAttribute z:Ref="i417"/></URDFElement></ChildElements><ElementName>inertial</ElementName><required>false</required><Inertia z:Ref="i411"/><Mass z:Ref="i409"/><Origin z:Ref="i406"/></URDFElement><URDFElement z:Id="i418" i:type="Visual"><Attributes/><ChildElements><URDFElement z:Id="i419" i:type="Origin"><Attributes><Attribute z:Id="i420"><AttributeType>xyz</AttributeType><IsRequired>true</IsRequired><Value i:type="a:ArrayOfdouble" xmlns:a="http://schemas.microsoft.com/2003/10/Serialization/Arrays"><a:double>0</a:double><a:double>0</a:double><a:double>0</a:double></Value></Attribute><Attribute z:Id="i421"><AttributeType>rpy</AttributeType><IsRequired>true</IsRequired><Value i:type="a:ArrayOfdouble" xmlns:a="http://schemas.microsoft.com/2003/10/Serialization/Arrays"><a:double>0</a:double><a:double>0</a:double><a:double>0</a:double></Value></Attribute></Attributes><ChildElements/><ElementName>origin</ElementName><required>false</required><RPYAttribute z:Ref="i421"/><XYZAttribute z:Ref="i420"/><isCustomized>false</isCustomized></URDFElement><URDFElement z:Id="i422" i:type="Geometry"><Attributes/><ChildElements><URDFElement z:Id="i423" i:type="Mesh"><Attributes><Attribute z:Id="i424"><AttributeType>filename</AttributeType><IsRequired>true</IsRequired><Value i:nil="true"/></Attribute></Attributes><ChildElements/><ElementName>mesh</ElementName><required>false</required><FilenameAttribute z:Ref="i424"/></URDFElement></ChildElements><ElementName>geometry</ElementName><required>true</required><Mesh z:Ref="i423"/></URDFElement><URDFElement z:Id="i425" i:type="Material"><Attributes><Attribute z:Id="i426"><AttributeType>name</AttributeType><IsRequired>true</IsRequired><Value i:type="a:string" xmlns:a="http://www.w3.org/2001/XMLSchema"/></Attribute></Attributes><ChildElements><URDFElement z:Id="i427" i:type="Color"><Attributes><Attribute z:Id="i428"><AttributeType>rgba</AttributeType><IsRequired>true</IsRequired><Value i:type="a:ArrayOfdouble" xmlns:a="http://schemas.microsoft.com/2003/10/Serialization/Arrays"><a:double>1</a:double><a:double>1</a:double><a:double>1</a:double><a:double>1</a:double></Value></Attribute></Attributes><ChildElements/><ElementName>color</ElementName><required>false</required><RGBAAttribute z:Ref="i428"/></URDFElement><URDFElement z:Id="i429" i:type="Texture"><Attributes><Attribute z:Id="i430"><AttributeType>filename</AttributeType><IsRequired>true</IsRequired><Value i:nil="true"/></Attribute></Attributes><ChildElements/><ElementName>texture</ElementName><required>false</required><FilenameAttribute z:Ref="i430"/><wFilename/></URDFElement></ChildElements><ElementName>material</ElementName><required>false</required><Color z:Ref="i427"/><NameAttribute z:Ref="i426"/><Texture z:Ref="i429"/></URDFElement></ChildElements><ElementName>visual</ElementName><required>false</required><Geometry z:Ref="i422"/><Material z:Ref="i425"/><Origin z:Ref="i419"/></URDFElement><URDFElement z:Id="i431" i:type="Collision"><Attributes/><ChildElements><URDFElement z:Id="i432" i:type="Origin"><Attributes><Attribute z:Id="i433"><AttributeType>xyz</AttributeType><IsRequired>true</IsRequired><Value i:type="a:ArrayOfdouble" xmlns:a="http://schemas.microsoft.com/2003/10/Serialization/Arrays"><a:double>0</a:double><a:double>0</a:double><a:double>0</a:double></Value></Attribute><Attribute z:Id="i434"><AttributeType>rpy</AttributeType><IsRequired>true</IsRequired><Value i:type="a:ArrayOfdouble" xmlns:a="http://schemas.microsoft.com/2003/10/Serialization/Arrays"><a:double>0</a:double><a:double>0</a:double><a:double>0</a:double></Value></Attribute></Attributes><ChildElements/><ElementName>origin</ElementName><required>false</required><RPYAttribute z:Ref="i434"/><XYZAttribute z:Ref="i433"/><isCustomized>false</isCustomized></URDFElement><URDFElement z:Id="i435" i:type="Geometry"><Attributes/><ChildElements><URDFElement z:Id="i436" i:type="Mesh"><Attributes><Attribute z:Id="i437"><AttributeType>filename</AttributeType><IsRequired>true</IsRequired><Value i:nil="true"/></Attribute></Attributes><ChildElements/><ElementName>mesh</ElementName><required>false</required><FilenameAttribute z:Ref="i437"/></URDFElement></ChildElements><ElementName>geometry</ElementName><required>true</required><Mesh z:Ref="i436"/></URDFElement></ChildElements><ElementName>collision</ElementName><required>false</required><Geometry z:Ref="i435"/><Origin z:Ref="i432"/></URDFElement><URDFElement z:Id="i438" i:type="Joint"><Attributes><Attribute z:Id="i439"><AttributeType>name</AttributeType><IsRequired>true</IsRequired><Value i:type="a:string" xmlns:a="http://www.w3.org/2001/XMLSchema">Wrist</Value></Attribute><Attribute z:Id="i440"><AttributeType>type</AttributeType><IsRequired>true</IsRequired><Value i:type="a:string" xmlns:a="http://www.w3.org/2001/XMLSchema">Automatically Detect</Value></Attribute></Attributes><ChildElements><URDFElement z:Id="i441" i:type="Origin"><Attributes><Attribute z:Id="i442"><AttributeType>xyz</AttributeType><IsRequired>true</IsRequired><Value i:type="a:ArrayOfdouble" xmlns:a="http://schemas.microsoft.com/2003/10/Serialization/Arrays"><a:double>0</a:double><a:double>0</a:double><a:double>0</a:double></Value></Attribute><Attribute z:Id="i443"><AttributeType>rpy</AttributeType><IsRequired>true</IsRequired><Value i:type="a:ArrayOfdouble" xmlns:a="http://schemas.microsoft.com/2003/10/Serialization/Arrays"><a:double>0</a:double><a:double>0</a:double><a:double>0</a:double></Value></Attribute></Attributes><ChildElements/><ElementName>origin</ElementName><required>false</required><RPYAttribute z:Ref="i443"/><XYZAttribute z:Ref="i442"/><isCustomized>false</isCustomized></URDFElement><URDFElement z:Id="i444" i:type="ParentLink"><Attributes><Attribute z:Id="i445"><AttributeType>link</AttributeType><IsRequired>true</IsRequired><Value i:type="a:string" xmlns:a="http://www.w3.org/2001/XMLSchema"/></Attribute></Attributes><ChildElements/><ElementName>parent</ElementName><required>true</required><NameAttribute z:Ref="i445"/></URDFElement><URDFElement z:Id="i446" i:type="ChildLink"><Attributes><Attribute z:Id="i447"><AttributeType>link</AttributeType><IsRequired>true</IsRequired><Value i:type="a:string" xmlns:a="http://www.w3.org/2001/XMLSchema"/></Attribute></Attributes><ChildElements/><ElementName>child</ElementName><required>true</required><NameAttribute z:Ref="i447"/></URDFElement><URDFElement z:Id="i448" i:type="Axis"><Attributes><Attribute z:Id="i449"><AttributeType>xyz</AttributeType><IsRequired>true</IsRequired><Value i:type="a:ArrayOfdouble" xmlns:a="http://schemas.microsoft.com/2003/10/Serialization/Arrays"><a:double>0</a:double><a:double>0</a:double><a:double>0</a:double></Value></Attribute></Attributes><ChildElements/><ElementName>axis</ElementName><required>false</required><XYZAttribute z:Ref="i449"/></URDFElement><URDFElement z:Id="i450" i:type="Limit"><Attributes><Attribute z:Id="i451"><AttributeType>lower</AttributeType><IsRequired>false</IsRequired><Value i:nil="true"/></Attribute><Attribute z:Id="i452"><AttributeType>upper</AttributeType><IsRequired>false</IsRequired><Value i:nil="true"/></Attribute><Attribute z:Id="i453"><AttributeType>effort</AttributeType><IsRequired>true</IsRequired><Value i:nil="true"/></Attribute><Attribute z:Id="i454"><AttributeType>velocity</AttributeType><IsRequired>true</IsRequired><Value i:nil="true"/></Attribute></Attributes><ChildElements/><ElementName>limit</ElementName><required>false</required><EffortAttribute z:Ref="i453"/><LowerAttribute z:Ref="i451"/><UpperAttribute z:Ref="i452"/><VelocityAttribute z:Ref="i454"/></URDFElement><URDFElement z:Id="i455" i:type="Calibration"><Attributes><Attribute z:Id="i456"><AttributeType>rising</AttributeType><IsRequired>false</IsRequired><Value i:nil="true"/></Attribute><Attribute z:Id="i457"><AttributeType>falling</AttributeType><IsRequired>false</IsRequired><Value i:nil="true"/></Attribute></Attributes><ChildElements/><ElementName>calibration</ElementName><required>false</required><FallingAttribute z:Ref="i457"/><RisingAttribute z:Ref="i456"/></URDFElement><URDFElement z:Id="i458" i:type="Dynamics"><Attributes><Attribute z:Id="i459"><AttributeType>damping</AttributeType><IsRequired>false</IsRequired><Value i:nil="true"/></Attribute><Attribute z:Id="i460"><AttributeType>friction</AttributeType><IsRequired>false</IsRequired><Value i:nil="true"/></Attribute></Attributes><ChildElements/><ElementName>dynamics</ElementName><required>false</required><DampingAttribute z:Ref="i459"/><FrictionAttribute z:Ref="i460"/></URDFElement><URDFElement z:Id="i461" i:type="SafetyController"><Attributes><Attribute z:Id="i462"><AttributeType>soft_upper_limit</AttributeType><IsRequired>false</IsRequired><Value i:nil="true"/></Attribute><Attribute z:Id="i463"><AttributeType>soft_lower_limit</AttributeType><IsRequired>false</IsRequired><Value i:nil="true"/></Attribute><Attribute z:Id="i464"><AttributeType>k_position</AttributeType><IsRequired>false</IsRequired><Value i:nil="true"/></Attribute><Attribute z:Id="i465"><AttributeType>k_velocity</AttributeType><IsRequired>true</IsRequired><Value i:nil="true"/></Attribute></Attributes><ChildElements/><ElementName>safety_controller</ElementName><required>false</required><KPositionAttribute z:Ref="i464"/><KVelocityAttribute z:Ref="i465"/><SoftLowerAttribute z:Ref="i463"/><SoftUpperAttribute z:Ref="i462"/></URDFElement><URDFElement z:Id="i466" i:type="Mimic"><Attributes><Attribute z:Id="i467"><AttributeType>joint</AttributeType><IsRequired>true</IsRequired><Value i:nil="true"/></Attribute><Attribute z:Id="i468"><AttributeType>multiplier</AttributeType><IsRequired>false</IsRequired><Value i:nil="true"/></Attribute><Attribute z:Id="i469"><AttributeType>offset</AttributeType><IsRequired>false</IsRequired><Value i:nil="true"/></Attribute></Attributes><ChildElements/><ElementName>mimic</ElementName><required>false</required><JointNameAttribute z:Ref="i467"/><MultiplierAttribute z:Ref="i468"/><OffsetAttribute z:Ref="i469"/></URDFElement></ChildElements><ElementName>joint</ElementName><required>false</required><Axis z:Ref="i448"/><AxisName>Automatically Generate</AxisName><Calibration z:Ref="i455"/><Child z:Ref="i446"/><CoordinateSystemName>Automatically Generate</CoordinateSystemName><Dynamics z:Ref="i458"/><Limit z:Ref="i450"/><Mimic z:Ref="i466"/><NameAttribute z:Ref="i439"/><Origin z:Ref="i441"/><Parent z:Ref="i444"/><Safety z:Ref="i461"/><TypeAttribute z:Ref="i440"/></URDFElement></ChildElements><ElementName>link</ElementName><required>true</required><Children/><Collision z:Ref="i431"/><Inertial z:Ref="i405"/><Joint z:Ref="i438"/><NameAttribute z:Ref="i404"/><Parent z:Ref="i336"/><STLQualityFine>false</STLQualityFine><SWComponentPIDs xmlns:a="http://schemas.microsoft.com/2003/10/Serialization/Arrays"><a:base64Binary>OEoAAAUAAAD//v8hqG0nfVdZWgAyADEAIAA4AFgAMQA4AFgAMQAxACAAUgBFAEYALQAxAEAAQQByAG0AXwBBAHMAcwBlAG0AYgBsAGUABAAAABAAAAABAAAAAQAAAEIAAAA=</a:base64Binary><a:base64Binary>OEoAAAUAAAD//v8UVwByAGkAcwB0AC0AMQBAAEEAcgBtAF8AQQBzAHMAZQBtAGIAbABlAAQAAAAQAAAAAQAAAAEAAAAcAAAA</a:base64Binary><a:base64Binary>OEoAAAUAAAD//v8fRwByAGkAcABwAGUAcgBfAEEAcwBzAGUAbQBiAGwAeQAtADEAQABBAHIAbQBfAEEAcwBzAGUAbQBiAGwAZQAEAAAAEAAAAAEAAAABAAAAGQAAAA==</a:base64Binary></SWComponentPIDs><SWMainComponentPID i:nil="true"/><Visual z:Ref="i418"/><isFixedFrame>false</isFixedFrame><isIncomplete>false</isIncomplete></Link></Children><Collision z:Ref="i364"/><Inertial z:Ref="i338"/><Joint z:Ref="i371"/><NameAttribute z:Ref="i337"/><Parent z:Ref="i269"/><STLQualityFine>false</STLQualityFine><SWComponentPIDs xmlns:a="http://schemas.microsoft.com/2003/10/Serialization/Arrays"><a:base64Binary>OEoAAAUAAAD//v8gVIB0j2hWIABEADEAOQBkADQAIABMADIAMAAgAFIARQBGAC0AMQBAAEEAcgBtAF8AQQBzAHMAZQBtAGIAbABlAAQAAAAQAAAAAQAAAAEAAABbAAAA</a:base64Binary><a:base64Binary>OEoAAAUAAAD//v8ZRgBvAHIAZQBhAHIAbQAgAGQAbgAtADEAQABBAHIAbQBfAEEAcwBzAGUAbQBiAGwAZQAEAAAAEAAAAAEAAAABAAAASwAAAA==</a:base64Binary><a:base64Binary>OEoAAAUAAAD//v8hNAAyAM9RH5BoViAABlfVbHBRIAAATqd+H5DUayAAUgBFAEYALQAxAEAAQQByAG0AXwBBAHMAcwBlAG0AYgBsAGUABAAAABAAAAABAAAAAQAAAEYAAAA=</a:base64Binary><a:base64Binary>OEoAAAUAAAD//v8ocwBvAGMAawBlAHQAIABoAGUAYQBkACAAYwBhAHAAIABzAGMAcgBlAHcAXwBhAGkALQAxADMAQABBAHIAbQBfAEEAcwBzAGUAbQBiAGwAZQAEAAAAEAAAAAEAAAABAAAArgIAAA==</a:base64Binary><a:base64Binary>OEoAAAUAAAD//v8ocwBvAGMAawBlAHQAIABoAGUAYQBkACAAYwBhAHAAIABzAGMAcgBlAHcAXwBhAGkALQAxADQAQABBAHIAbQBfAEEAcwBzAGUAbQBiAGwAZQAEAAAAEAAAAAEAAAABAAAAsQIAAA==</a:base64Binary><a:base64Binary>OEoAAAUAAAD//v8ocwBvAGMAawBlAHQAIABoAGUAYQBkACAAYwBhAHAAIABzAGMAcgBlAHcAXwBhAGkALQAxADIAQABBAHIAbQBfAEEAcwBzAGUAbQBiAGwAZQAEAAAAEAAAAAEAAAABAAAAqwIAAA==</a:base64Binary><a:base64Binary>OEoAAAUAAAD//v8ocwBvAGMAawBlAHQAIABoAGUAYQBkACAAYwBhAHAAIABzAGMAcgBlAHcAXwBhAGkALQAxADEAQABBAHIAbQBfAEEAcwBzAGUAbQBiAGwAZQAEAAAAEAAAAAEAAAABAAAAqAIAAA==</a:base64Binary><a:base64Binary>OEoAAAUAAAD//v8kWgBEAFQAXwBYADQAMgBfAEwAMwA0AE0AbwB0AG8AcgAuAFMAVABFAFAALQAxAEAAQQByAG0AXwBBAHMAcwBlAG0AYgBsAGUABAAAABAAAAABAAAAAQAAAFEAAAA=</a:base64Binary></SWComponentPIDs><SWMainComponentPID i:nil="true"/><Visual z:Ref="i351"/><isFixedFrame>false</isFixedFrame><isIncomplete>false</isIncomplete></Link></Children><Collision z:Ref="i297"/><Inertial z:Ref="i271"/><Joint z:Ref="i304"/><NameAttribute z:Ref="i270"/><Parent z:Ref="i202"/><STLQualityFine>false</STLQualityFine><SWComponentPIDs xmlns:a="http://schemas.microsoft.com/2003/10/Serialization/Arrays"><a:base64Binary>OEoAAAUAAAD//v8gVIB0j2hWIABEADMAMgBkADgAIABMADIAOAAgAFIARQBGAC0AMwBAAEEAcgBtAF8AQQBzAHMAZQBtAGIAbABlAAQAAAAQAAAAAQAAAAEAAADbAgAA</a:base64Binary><a:base64Binary>OEoAAAUAAAD//v8mRgBvAHIAZQBhAHIAbQAgAHUAcAAgAC0AIABUgHSPaFZEADMAMgBkADgASHIsZy0AMQBAAEEAcgBtAF8AQQBzAHMAZQBtAGIAbABlAAQAAAAQAAAAAQAAAAEAAABhAAAA</a:base64Binary><a:base64Binary>OEoAAAUAAAD//v8kWgBEAFQAXwBYADQAMgBfAEwANAAwAE0AbwB0AG8AcgAuAFMAVABFAFAALQAxAEAAQQByAG0AXwBBAHMAcwBlAG0AYgBsAGUABAAAABAAAAABAAAAAQAAAFoAAAA=</a:base64Binary></SWComponentPIDs><SWMainComponentPID i:nil="true"/><Visual z:Ref="i284"/><isFixedFrame>false</isFixedFrame><isIncomplete>false</isIncomplete></Link></Children><Collision z:Ref="i230"/><Inertial z:Ref="i204"/><Joint z:Ref="i237"/><NameAttribute z:Ref="i203"/><Parent z:Ref="i135"/><STLQualityFine>false</STLQualityFine><SWComponentPIDs xmlns:a="http://schemas.microsoft.com/2003/10/Serialization/Arrays"><a:base64Binary>OEoAAAUAAAD//v8gVIB0j2hWIABEADMAMgBkADgAIABMADIAOAAgAFIARQBGAC0AMgBAAEEAcgBtAF8AQQBzAHMAZQBtAGIAbABlAAQAAAAQAAAAAQAAAAEAAADYAgAA</a:base64Binary><a:base64Binary>OEoAAAUAAAD//v8nVQBwAHAAZQByAGEAcgBtACAAZABuACAALQAgAFSAdI9oVkQAMwAyAGQAOABIcixnLQAxAEAAQQByAG0AXwBBAHMAcwBlAG0AYgBsAGUABAAAABAAAAABAAAAAQAAAG0AAAA=</a:base64Binary><a:base64Binary>OEoAAAUAAAD//v8hNAAyAM9RH5BoViAABlfVbHBRIAAATqd+H5DUayAAUgBFAEYALQAyAEAAQQByAG0AXwBBAHMAcwBlAG0AYgBsAGUABAAAABAAAAABAAAAAQAAAGkAAAA=</a:base64Binary><a:base64Binary>OEoAAAUAAAD//v8ncwBvAGMAawBlAHQAIABoAGUAYQBkACAAYwBhAHAAIABzAGMAcgBlAHcAXwBhAGkALQA4AEAAQQByAG0AXwBBAHMAcwBlAG0AYgBsAGUABAAAABAAAAABAAAAAQAAAJ8CAAA=</a:base64Binary><a:base64Binary>OEoAAAUAAAD//v8ncwBvAGMAawBlAHQAIABoAGUAYQBkACAAYwBhAHAAIABzAGMAcgBlAHcAXwBhAGkALQA5AEAAQQByAG0AXwBBAHMAcwBlAG0AYgBsAGUABAAAABAAAAABAAAAAQAAAKICAAA=</a:base64Binary><a:base64Binary>OEoAAAUAAAD//v8ncwBvAGMAawBlAHQAIABoAGUAYQBkACAAYwBhAHAAIABzAGMAcgBlAHcAXwBhAGkALQA3AEAAQQByAG0AXwBBAHMAcwBlAG0AYgBsAGUABAAAABAAAAABAAAAAQAAAJwCAAA=</a:base64Binary><a:base64Binary>OEoAAAUAAAD//v8ncwBvAGMAawBlAHQAIABoAGUAYQBkACAAYwBhAHAAIABzAGMAcgBlAHcAXwBhAGkALQA2AEAAQQByAG0AXwBBAHMAcwBlAG0AYgBsAGUABAAAABAAAAABAAAAAQAAAJkCAAA=</a:base64Binary><a:base64Binary>OEoAAAUAAAD//v8kWgBEAFQAXwBYADQAMgBfAEwANAA4AE0AbwB0AG8AcgAuAFMAVABFAFAALQAyAEAAQQByAG0AXwBBAHMAcwBlAG0AYgBsAGUABAAAABAAAAABAAAAAQAAAH8CAAA=</a:base64Binary></SWComponentPIDs><SWMainComponentPID i:nil="true"/><Visual z:Ref="i217"/><isFixedFrame>false</isFixedFrame><isIncomplete>false</isIncomplete></Link></Children><Collision z:Ref="i163"/><Inertial z:Ref="i137"/><Joint z:Ref="i170"/><NameAttribute z:Ref="i136"/><Parent z:Ref="i68"/><STLQualityFine>false</STLQualityFine><SWComponentPIDs xmlns:a="http://schemas.microsoft.com/2003/10/Serialization/Arrays"><a:base64Binary>OEoAAAUAAAD//v8nVQBwAHAAZQByAGEAcgBtACAAdQBwACAALQAgAFSAdI9oVkQAMwAyAGQAOABIcixnLQAxAEAAQQByAG0AXwBBAHMAcwBlAG0AYgBsAGUABAAAABAAAAABAAAAAQAAAMkCAAA=</a:base64Binary><a:base64Binary>OEoAAAUAAAD//v8gVIB0j2hWIABEADMAMgBkADgAIABMADIAOAAgAFIARQBGAC0AMQBAAEEAcgBtAF8AQQBzAHMAZQBtAGIAbABlAAQAAAAQAAAAAQAAAAEAAADKAgAA</a:base64Binary><a:base64Binary>OEoAAAUAAAD//v8kWgBEAFQAXwBYADQAMgBfAEwANAAwAE0AbwB0AG8AcgAuAFMAVABFAFAALQAyAEAAQQByAG0AXwBBAHMAcwBlAG0AYgBsAGUABAAAABAAAAABAAAAAQAAAHUAAAA=</a:base64Binary><a:base64Binary>OEoAAAUAAAD//v8hNAAyAM9RH5BoViAABlfVbHBRIAAATqd+H5DUayAAUgBFAEYALQAzAEAAQQByAG0AXwBBAHMAcwBlAG0AYgBsAGUABAAAABAAAAABAAAAAQAAAHYAAAA=</a:base64Binary></SWComponentPIDs><SWMainComponentPID i:nil="true"/><Visual z:Ref="i150"/><isFixedFrame>false</isFixedFrame><isIncomplete>false</isIncomplete></Link></Children><Collision z:Ref="i96"/><Inertial z:Ref="i70"/><Joint z:Ref="i103"/><NameAttribute z:Ref="i69"/><Parent z:Ref="i1"/><STLQualityFine>false</STLQualityFine><SWComponentPIDs xmlns:a="http://schemas.microsoft.com/2003/10/Serialization/Arrays"><a:base64Binary>OEoAAAUAAAD//v8lUwBoAG8AdQBsAGQAZQByACAALQAgAFSAdI9oVkQAMwAyAGQAMQA0AEhyLGctADEAQABBAHIAbQBfAEEAcwBzAGUAbQBiAGwAZQAEAAAAEAAAAAEAAAABAAAAvAIAAA==</a:base64Binary><a:base64Binary>OEoAAAUAAAD//v8mNAAyAM9RH5BoViAAuWXVbHBRIACMTqd+H5DUaygAMQA1ACsAKQAgAFIARQBGAC0AMQBAAEEAcgBtAF8AQQBzAHMAZQBtAGIAbABlAAQAAAAQAAAAAQAAAAEAAACKAAAA</a:base64Binary><a:base64Binary>OEoAAAUAAAD//v9UWgBEAFQAXwBYADQAMgBfAEwANgAwAE0AbwB0AG8AcgAuAFMAVABFAFAALQAyAEAAQQByAG0AXwBBAHMAcwBlAG0AYgBsAGUALwA0ADIAXwBTAFQARQBQAFAARQBSAF8ATQBPAFQATwBSAF8AMgAuAFMAVABFAFAALQAxAEAAWgBEAFQAXwBYADQAMgBfAEwANgAwAE0AbwB0AG8AcgAuAFMAVABFAFAABAAAABAAAAABAAAAAgAAAJoAAAAZAAAA</a:base64Binary><a:base64Binary>OEoAAAUAAAD//v8hVIB0j2hWIABEADMAMgBkADEANAAgAEwAMgA4ACAAUgBFAEYALQAxAEAAQQByAG0AXwBBAHMAcwBlAG0AYgBsAGUABAAAABAAAAABAAAAAQAAALoCAAA=</a:base64Binary><a:base64Binary>OEoAAAUAAAD//v8kWgBEAFQAXwBYADQAMgBfAEwANgAwAE0AbwB0AG8AcgAuAFMAVABFAFAALQAyAEAAQQByAG0AXwBBAHMAcwBlAG0AYgBsAGUABAAAABAAAAABAAAAAQAAAJoAAAA=</a:base64Binary></SWComponentPIDs><SWMainComponentPID i:nil="true"/><Visual z:Ref="i83"/><isFixedFrame>false</isFixedFrame><isIncomplete>false</isIncomplete></Link></Children><Collision z:Ref="i29"/><Inertial z:Ref="i3"/><Joint z:Ref="i36"/><NameAttribute z:Ref="i2"/><Parent i:nil="true"/><STLQualityFine>false</STLQualityFine><SWComponentPIDs xmlns:a="http://schemas.microsoft.com/2003/10/Serialization/Arrays"><a:base64Binary>OEoAAAUAAAD//v8eNgAwADYAMAAgAEMAbwB0AHQAZQByACAAcABpAG4ALQA0AEAAQQByAG0AXwBBAHMAcwBlAG0AYgBsAGUABAAAABAAAAABAAAAAQAAAJ0BAAA=</a:base64Binary><a:base64Binary>OEoAAAUAAAD//v8eNgAwADYAMAAgAEMAbwB0AHQAZQByACAAcABpAG4ALQAyAEAAQQByAG0AXwBBAHMAcwBlAG0AYgBsAGUABAAAABAAAAABAAAAAQAAACEBAAA=</a:base64Binary><a:base64Binary>OEoAAAUAAAD//v8eNgAwADYAMAAgAEMAbwB0AHQAZQByACAAcABpAG4ALQAxAEAAQQByAG0AXwBBAHMAcwBlAG0AYgBsAGUABAAAABAAAAABAAAAAQAAANgAAAA=</a:base64Binary><a:base64Binary>OEoAAAUAAAD//v9UWgBEAFQAXwBYADUANwBfAEwANwA2AE0AbwB0AG8AcgAuAFMAVABFAFAALQAxAEAAQQByAG0AXwBBAHMAcwBlAG0AYgBsAGUALwBNADMAeAA2AG0AbQBfAFAAaABpAGwAbABpAHAAcwBfADMALgBTAFQARQBQAC0AMgAxAEAAWgBEAFQAXwBYADUANwBfAEwANwA2AE0AbwB0AG8AcgAuAFMAVABFAFAABAAAABAAAAABAAAAAgAAAKIAAAAfAAAA</a:base64Binary><a:base64Binary>OEoAAAUAAAD//v9NWgBEAFQAXwBYADUANwBfAEwANwA2AE0AbwB0AG8AcgAuAFMAVABFAFAALQAxAEAAQQByAG0AXwBBAHMAcwBlAG0AYgBsAGUALwBXAEkAUgBFAF8AMgAuADUANABfADMALgBTAFQARQBQAC0ANQBAAFoARABUAF8AWAA1ADcAXwBMADcANgBNAG8AdABvAHIALgBTAFQARQBQAAQAAAAQAAAAAQAAAAIAAACiAAAAIwAAAA==</a:base64Binary><a:base64Binary>OEoAAAUAAAD//v9OWgBEAFQAXwBYADUANwBfAEwANwA2AE0AbwB0AG8AcgAuAFMAVABFAFAALQAxAEAAQQByAG0AXwBBAHMAcwBlAG0AYgBsAGUALwBaAEQAVABfAFgANQA3AF8AVgAxAC4AMgAuAFMAVABFAFAALQAxAEAAWgBEAFQAXwBYADUANwBfAEwANwA2AE0AbwB0AG8AcgAuAFMAVABFAFAABAAAABAAAAABAAAAAgAAAKIAAAAiAAAA</a:base64Binary><a:base64Binary>OEoAAAUAAAD//v9UWgBEAFQAXwBYADUANwBfAEwANwA2AE0AbwB0AG8AcgAuAFMAVABFAFAALQAxAEAAQQByAG0AXwBBAHMAcwBlAG0AYgBsAGUALwBNADMAeAA2AG0AbQBfAFAAaABpAGwAbABpAHAAcwBfADMALgBTAFQARQBQAC0AMgAzAEAAWgBEAFQAXwBYADUANwBfAEwANwA2AE0AbwB0AG8AcgAuAFMAVABFAFAABAAAABAAAAABAAAAAgAAAKIAAAAhAAAA</a:base64Binary><a:base64Binary>OEoAAAUAAAD//v9MWgBEAFQAXwBYADUANwBfAEwANwA2AE0AbwB0AG8AcgAuAFMAVABFAFAALQAxAEAAQQByAG0AXwBBAHMAcwBlAG0AYgBsAGUALwBTAEgASQBNAF8AMwB4ADUAeAAzAC4AUwBUAEUAUAAtADIAQABaAEQAVABfAFgANQA3AF8ATAA3ADYATQBvAHQAbwByAC4AUwBUAEUAUAAEAAAAEAAAAAEAAAACAAAAogAAABsAAAA=</a:base64Binary><a:base64Binary>OEoAAAUAAAD//v9MWgBEAFQAXwBYADUANwBfAEwANwA2AE0AbwB0AG8AcgAuAFMAVABFAFAALQAxAEAAQQByAG0AXwBBAHMAcwBlAG0AYgBsAGUALwBTAEgASQBNAF8AMwB4ADUAeAAzAC4AUwBUAEUAUAAtADQAQABaAEQAVABfAFgANQA3AF8ATAA3ADYATQBvAHQAbwByAC4AUwBUAEUAUAAEAAAAEAAAAAEAAAACAAAAogAAAB0AAAA=</a:base64Binary><a:base64Binary>OEoAAAUAAAD//v/bWgBEAFQAXwBYADUANwBfAEwANwA2AE0AbwB0AG8AcgAuAFMAVABFAFAALQAxAEAAQQByAG0AXwBBAHMAcwBlAG0AYgBsAGUALwBaAEQAVABfAFgANQA3AF8AVgAxAC4AMgBfAFAAQwBCAC4AcwB0AGUAcAAuAFMAVABFAFAALQAxAEAAWgBEAFQAXwBYADUANwBfAEwANwA2AE0AbwB0AG8AcgAuAFMAVABFAFAALwBKADEALgBzAHQAZQBwAF8AMwAuAFMAVABFAFAALQA1AEAAWgBEAFQAXwBYADUANwBfAFYAMQAuADIAXwBQAEMAQgAuAHMAdABlAHAALgBTAFQARQBQAC8ANgAzADAAOAA5ADIANgA5ADkAMgAuAHMAdABlAHAAXwAzAC4AUwBUAEUAUAAtADUAQABKADEALgBzAHQAZQBwAF8AMwAuAFMAVABFAFAALwBFAHgAdAByAHUAZABlAGQALQAxAC4AcwB0AGUAcABfADMALgBTAFQARQBQAC0ANQBAADYAMwAwADgAOQAyADYAOQA5ADIALgBzAHQAZQBwAF8AMwAuAFMAVABFAFAABAAAABAAAAABAAAABQAAAKIAAAAYAAAAHQAAABkAAAAYAAAA</a:base64Binary><a:base64Binary>OEoAAAUAAAD//v/ZWgBEAFQAXwBYADUANwBfAEwANwA2AE0AbwB0AG8AcgAuAFMAVABFAFAALQAxAEAAQQByAG0AXwBBAHMAcwBlAG0AYgBsAGUALwBaAEQAVABfAFgANQA3AF8AVgAxAC4AMgBfAFAAQwBCAC4AcwB0AGUAcAAuAFMAVABFAFAALQAxAEAAWgBEAFQAXwBYADUANwBfAEwANwA2AE0AbwB0AG8AcgAuAFMAVABFAFAALwBKADEALgBzAHQAZQBwAF8AMwAuAFMAVABFAFAALQA1AEAAWgBEAFQAXwBYADUANwBfAFYAMQAuADIAXwBQAEMAQgAuAHMAdABlAHAALgBTAFQARQBQAC8ANgAzADAAOAA5ADIANgA4ADMAMgAuAHMAdABlAHAAXwAzAC4AUwBUAEUAUAAtADUAQABKADEALgBzAHQAZQBwAF8AMwAuAFMAVABFAFAALwBFAHgAdAByAHUAZABlAGQALgBzAHQAZQBwAF8AMwAuAFMAVABFAFAALQA1AEAANgAzADAAOAA5ADIANgA4ADMAMgAuAHMAdABlAHAAXwAzAC4AUwBUAEUAUAAEAAAAEAAAAAEAAAAFAAAAogAAABgAAAAdAAAAGAAAABgAAAA=</a:base64Binary><a:base64Binary>OEoAAAUAAAD//v/LWgBEAFQAXwBYADUANwBfAEwANwA2AE0AbwB0AG8AcgAuAFMAVABFAFAALQAxAEAAQQByAG0AXwBBAHMAcwBlAG0AYgBsAGUALwBaAEQAVABfAFgANQA3AF8AVgAxAC4AMgBfAFAAQwBCAC4AcwB0AGUAcAAuAFMAVABFAFAALQAxAEAAWgBEAFQAXwBYADUANwBfAEwANwA2AE0AbwB0AG8AcgAuAFMAVABFAFAALwBCAG8AYQByAGQALgBzAHQAZQBwAF8AMwAuAFMAVABFAFAALQA1AEAAWgBEAFQAXwBYADUANwBfAFYAMQAuADIAXwBQAEMAQgAuAHMAdABlAHAALgBTAFQARQBQAC8ATwBwAGUAbgAgAEMAQQBTAEMAQQBEAEUAIABTAFQARQBQACAAdAByAGEAbgBzAGwAYQB0AG8AcgAgADYALgA4ACAANQAuADEALgAxAC4AcwB0AGUAcAAuAFMAVABFAFAALQAxAEAAQgBvAGEAcgBkAC4AcwB0AGUAcABfADMALgBTAFQARQBQAAQAAAAQAAAAAQAAAAQAAACiAAAAGAAAABgAAAAYAAAA</a:base64Binary><a:base64Binary>OEoAAAUAAAD//v+GWgBEAFQAXwBYADUANwBfAEwANwA2AE0AbwB0AG8AcgAuAFMAVABFAFAALQAxAEAAQQByAG0AXwBBAHMAcwBlAG0AYgBsAGUALwBaAEQAVABfAFgANQA3AF8AVgAxAC4AMgBfAFAAQwBCAC4AcwB0AGUAcAAuAFMAVABFAFAALQAxAEAAWgBEAFQAXwBYADUANwBfAEwANwA2AE0AbwB0AG8AcgAuAFMAVABFAFAALwBFAG4AdABlAHIALgBzAHQAZQBwAF8AMwAuAFMAVABFAFAALQA1AEAAWgBEAFQAXwBYADUANwBfAFYAMQAuADIAXwBQAEMAQgAuAHMAdABlAHAALgBTAFQARQBQAAQAAAAQAAAAAQAAAAMAAACiAAAAGAAAABwAAAA=</a:base64Binary><a:base64Binary>OEoAAAUAAAD//v//IwFaAEQAVABfAFgANQA3AF8ATAA3ADYATQBvAHQAbwByAC4AUwBUAEUAUAAtADEAQABBAHIAbQBfAEEAcwBzAGUAbQBiAGwAZQAvAFoARABUAF8AWAA1ADcAXwBWADEALgAyAF8AUABDAEIALgBzAHQAZQBwAC4AUwBUAEUAUAAtADEAQABaAEQAVABfAFgANQA3AF8ATAA3ADYATQBvAHQAbwByAC4AUwBUAEUAUAAvAEoANgAuAHMAdABlAHAAXwAzAC4AUwBUAEUAUAAtADUAQABaAEQAVABfAFgANQA3AF8AVgAxAC4AMgBfAFAAQwBCAC4AcwB0AGUAcAAuAFMAVABFAFAALwBVAHMAZQByAF8ATABpAGIAcgBhAHIAeQAtAEsARgAzADUAMAAtADQAUAAuAHMAdABlAHAALgBTAFQARQBQAC0AMQBAAEoANgAuAHMAdABlAHAAXwAzAC4AUwBUAEUAUAAvAEsARgAzADUAMAAtADEAUAAuAHMAdABlAHAALgBTAFQARQBQAC0AMgBAAFUAcwBlAHIAXwBMAGkAYgByAGEAcgB5AC0ASwBGADMANQAwAC0ANABQAC4AcwB0AGUAcAAuAFMAVABFAFAALwBLAEYAMwA1ADAAXwBNADIAeAA0AF8AUwBjAHIAZQB3AF8AOQAxADIAMAAwAEEAMQAwADAALgBzAHQAZQBwAC4AUwBUAEUAUAAtADEAQABLAEYAMwA1ADAALQAxAFAALgBzAHQAZQBwAC4AUwBUAEUAUAAEAAAAEAAAAAEAAAAGAAAAogAAABgAAAAZAAAAGAAAABkAAAAaAAAA</a:base64Binary><a:base64Binary>OEoAAAUAAAD//v//EgFaAEQAVABfAFgANQA3AF8ATAA3ADYATQBvAHQAbwByAC4AUwBUAEUAUAAtADEAQABBAHIAbQBfAEEAcwBzAGUAbQBiAGwAZQAvAFoARABUAF8AWAA1ADcAXwBWADEALgAyAF8AUABDAEIALgBzAHQAZQBwAC4AUwBUAEUAUAAtADEAQABaAEQAVABfAFgANQA3AF8ATAA3ADYATQBvAHQAbwByAC4AUwBUAEUAUAAvAEoANgAuAHMAdABlAHAAXwAzAC4AUwBUAEUAUAAtADUAQABaAEQAVABfAFgANQA3AF8AVgAxAC4AMgBfAFAAQwBCAC4AcwB0AGUAcAAuAFMAVABFAFAALwBVAHMAZQByAF8ATABpAGIAcgBhAHIAeQAtAEsARgAzADUAMAAtADQAUAAuAHMAdABlAHAALgBTAFQARQBQAC0AMQBAAEoANgAuAHMAdABlAHAAXwAzAC4AUwBUAEUAUAAvAEsARgAzADUAMAAtADEAUAAuAHMAdABlAHAALgBTAFQARQBQAC0AMgBAAFUAcwBlAHIAXwBMAGkAYgByAGEAcgB5AC0ASwBGADMANQAwAC0ANABQAC4AcwB0AGUAcAAuAFMAVABFAFAALwBLAEYAMwA1ADAAXwBQAEkATgAuAHMAdABlAHAALgBTAFQARQBQAC0AMQBAAEsARgAzADUAMAAtADEAUAAuAHMAdABlAHAALgBTAFQARQBQAAQAAAAQAAAAAQAAAAYAAACiAAAAGAAAABkAAAAYAAAAGQAAABkAAAA=</a:base64Binary><a:base64Binary>OEoAAAUAAAD//v//EwFaAEQAVABfAFgANQA3AF8ATAA3ADYATQBvAHQAbwByAC4AUwBUAEUAUAAtADEAQABBAHIAbQBfAEEAcwBzAGUAbQBiAGwAZQAvAFoARABUAF8AWAA1ADcAXwBWADEALgAyAF8AUABDAEIALgBzAHQAZQBwAC4AUwBUAEUAUAAtADEAQABaAEQAVABfAFgANQA3AF8ATAA3ADYATQBvAHQAbwByAC4AUwBUAEUAUAAvAEoANgAuAHMAdABlAHAAXwAzAC4AUwBUAEUAUAAtADUAQABaAEQAVABfAFgANQA3AF8AVgAxAC4AMgBfAFAAQwBCAC4AcwB0AGUAcAAuAFMAVABFAFAALwBVAHMAZQByAF8ATABpAGIAcgBhAHIAeQAtAEsARgAzADUAMAAtADQAUAAuAHMAdABlAHAALgBTAFQARQBQAC0AMQBAAEoANgAuAHMAdABlAHAAXwAzAC4AUwBUAEUAUAAvAEsARgAzADUAMAAtADEAUAAuAHMAdABlAHAALgBTAFQARQBQAC0AMgBAAFUAcwBlAHIAXwBMAGkAYgByAGEAcgB5AC0ASwBGADMANQAwAC0ANABQAC4AcwB0AGUAcAAuAFMAVABFAFAALwBLAEYAMwA1ADAAXwBCAG8AZAB5AC4AcwB0AGUAcAAuAFMAVABFAFAALQAxAEAASwBGADMANQAwAC0AMQBQAC4AcwB0AGUAcAAuAFMAVABFAFAABAAAABAAAAABAAAABgAAAKIAAAAYAAAAGQAAABgAAAAZAAAAGAAAAA==</a:base64Binary><a:base64Binary>OEoAAAUAAAD//v9SWgBEAFQAXwBYADUANwBfAEwANwA2AE0AbwB0AG8AcgAuAFMAVABFAFAALQAxAEAAQQByAG0AXwBBAHMAcwBlAG0AYgBsAGUALwA1ADcAXwBTAFQARQBQAFAARQBSAF8ATQBPAFQATwBSAC4AUwBUAEUAUAAtADEAQABaAEQAVABfAFgANQA3AF8ATAA3ADYATQBvAHQAbwByAC4AUwBUAEUAUAAEAAAAEAAAAAEAAAACAAAAogAAABkAAAA=</a:base64Binary><a:base64Binary>OEoAAAUAAAD//v8WSgAxACAAQgBhAHMAZQAtADEAQABBAHIAbQBfAEEAcwBzAGUAbQBiAGwAZQAEAAAAEAAAAAEAAAABAAAAsQAAAA==</a:base64Binary><a:base64Binary>OEoAAAUAAAD//v8eNgAwADYAMAAgAEMAbwB0AHQAZQByACAAcABpAG4ALQAzAEAAQQByAG0AXwBBAHMAcwBlAG0AYgBsAGUABAAAABAAAAABAAAAAQAAAF4BAAA=</a:base64Binary><a:base64Binary>OEoAAAUAAAD//v8ZTwBZAFUALQA4AC0ANgAwADYAMAAtADEAQABBAHIAbQBfAEEAcwBzAGUAbQBiAGwAZQAEAAAAEAAAAAEAAAABAAAAyAAAAA==</a:base64Binary><a:base64Binary>OEoAAAUAAAD//v8mNQA3AM9RH5BoViAAuWXVbHBRIACMTqd+H5DUaygAMQA1ACsAKQAgAFIARQBGAC0AMQBAAEEAcgBtAF8AQQBzAHMAZQBtAGIAbABlAAQAAAAQAAAAAQAAAAEAAACjAAAA</a:base64Binary></SWComponentPIDs><SWMainComponentPID i:nil="true"/><Visual z:Ref="i16"/><isFixedFrame>false</isFixedFrame><isIncomplete>false</isIncomplete></Link>
2026-07-15 18:41:35,456 INFO  AssemblyExportForm.cs: 253 - Completing URDF export
2026-07-15 18:41:35,460 INFO  ConfigurationSerialization.cs: 276 - URDF Configuration found
<Link z:Id="i1" xmlns="http://schemas.datacontract.org/2004/07/SW2URDF" xmlns:i="http://www.w3.org/2001/XMLSchema-instance" xmlns:z="http://schemas.microsoft.com/2003/10/Serialization/"><Attributes><Attribute z:Id="i2"><AttributeType>name</AttributeType><IsRequired>true</IsRequired><Value i:type="a:string" xmlns:a="http://www.w3.org/2001/XMLSchema">base</Value></Attribute></Attributes><ChildElements><URDFElement z:Id="i3" i:type="Inertial"><Attributes/><ChildElements><URDFElement z:Id="i4" i:type="Origin"><Attributes><Attribute z:Id="i5"><AttributeType>xyz</AttributeType><IsRequired>true</IsRequired><Value i:type="a:ArrayOfdouble" xmlns:a="http://schemas.microsoft.com/2003/10/Serialization/Arrays"><a:double>0.029997</a:double><a:double>0.48059</a:double><a:double>0.0081821</a:double></Value></Attribute><Attribute z:Id="i6"><AttributeType>rpy</AttributeType><IsRequired>true</IsRequired><Value i:type="a:ArrayOfdouble" xmlns:a="http://schemas.microsoft.com/2003/10/Serialization/Arrays"><a:double>0</a:double><a:double>0</a:double><a:double>0</a:double></Value></Attribute></Attributes><ChildElements/><ElementName>origin</ElementName><required>false</required><RPYAttribute z:Ref="i6"/><XYZAttribute z:Ref="i5"/><isCustomized>false</isCustomized></URDFElement><URDFElement z:Id="i7" i:type="Mass"><Attributes><Attribute z:Id="i8"><AttributeType>value</AttributeType><IsRequired>true</IsRequired><Value i:type="a:double" xmlns:a="http://www.w3.org/2001/XMLSchema">1.2901</Value></Attribute></Attributes><ChildElements/><ElementName>mass</ElementName><required>false</required><ValueAttribute z:Ref="i8"/></URDFElement><URDFElement z:Id="i9" i:type="Inertia"><Attributes><Attribute z:Id="i10"><AttributeType>ixx</AttributeType><IsRequired>true</IsRequired><Value i:type="a:double" xmlns:a="http://www.w3.org/2001/XMLSchema">0.018154</Value></Attribute><Attribute z:Id="i11"><AttributeType>ixy</AttributeType><IsRequired>true</IsRequired><Value i:type="a:double" xmlns:a="http://www.w3.org/2001/XMLSchema">2.5231E-08</Value></Attribute><Attribute z:Id="i12"><AttributeType>ixz</AttributeType><IsRequired>true</IsRequired><Value i:type="a:double" xmlns:a="http://www.w3.org/2001/XMLSchema">1.8082E-07</Value></Attribute><Attribute z:Id="i13"><AttributeType>iyy</AttributeType><IsRequired>true</IsRequired><Value i:type="a:double" xmlns:a="http://www.w3.org/2001/XMLSchema">0.0012264</Value></Attribute><Attribute z:Id="i14"><AttributeType>iyz</AttributeType><IsRequired>true</IsRequired><Value i:type="a:double" xmlns:a="http://www.w3.org/2001/XMLSchema">4.0237E-05</Value></Attribute><Attribute z:Id="i15"><AttributeType>izz</AttributeType><IsRequired>true</IsRequired><Value i:type="a:double" xmlns:a="http://www.w3.org/2001/XMLSchema">0.017859</Value></Attribute></Attributes><ChildElements/><ElementName>inertia</ElementName><required>false</required><IxxAttribute z:Ref="i10"/><IxyAttribute z:Ref="i11"/><IxzAttribute z:Ref="i12"/><IyyAttribute z:Ref="i13"/><IyzAttribute z:Ref="i14"/><IzzAttribute z:Ref="i15"/></URDFElement></ChildElements><ElementName>inertial</ElementName><required>false</required><Inertia z:Ref="i9"/><Mass z:Ref="i7"/><Origin z:Ref="i4"/></URDFElement><URDFElement z:Id="i16" i:type="Visual"><Attributes/><ChildElements><URDFElement z:Id="i17" i:type="Origin"><Attributes><Attribute z:Id="i18"><AttributeType>xyz</AttributeType><IsRequired>true</IsRequired><Value i:type="a:ArrayOfdouble" xmlns:a="http://schemas.microsoft.com/2003/10/Serialization/Arrays"><a:double>0</a:double><a:double>0</a:double><a:double>0</a:double></Value></Attribute><Attribute z:Id="i19"><AttributeType>rpy</AttributeType><IsRequired>true</IsRequired><Value i:type="a:ArrayOfdouble" xmlns:a="http://schemas.microsoft.com/2003/10/Serialization/Arrays"><a:double>0</a:double><a:double>0</a:double><a:double>0</a:double></Value></Attribute></Attributes><ChildElements/><ElementName>origin</ElementName><required>false</required><RPYAttribute z:Ref="i19"/><XYZAttribute z:Ref="i18"/><isCustomized>false</isCustomized></URDFElement><URDFElement z:Id="i20" i:type="Geometry"><Attributes/><ChildElements><URDFElement z:Id="i21" i:type="Mesh"><Attributes><Attribute z:Id="i22"><AttributeType>filename</AttributeType><IsRequired>true</IsRequired><Value i:nil="true"/></Attribute></Attributes><ChildElements/><ElementName>mesh</ElementName><required>false</required><FilenameAttribute z:Ref="i22"/></URDFElement></ChildElements><ElementName>geometry</ElementName><required>true</required><Mesh z:Ref="i21"/></URDFElement><URDFElement z:Id="i23" i:type="Material"><Attributes><Attribute z:Id="i24"><AttributeType>name</AttributeType><IsRequired>true</IsRequired><Value i:type="a:string" xmlns:a="http://www.w3.org/2001/XMLSchema"/></Attribute></Attributes><ChildElements><URDFElement z:Id="i25" i:type="Color"><Attributes><Attribute z:Id="i26"><AttributeType>rgba</AttributeType><IsRequired>true</IsRequired><Value i:type="a:ArrayOfdouble" xmlns:a="http://schemas.microsoft.com/2003/10/Serialization/Arrays"><a:double>0.89412</a:double><a:double>0.89412</a:double><a:double>0.89412</a:double><a:double>1</a:double></Value></Attribute></Attributes><ChildElements/><ElementName>color</ElementName><required>false</required><RGBAAttribute z:Ref="i26"/></URDFElement><URDFElement z:Id="i27" i:type="Texture"><Attributes><Attribute z:Id="i28"><AttributeType>filename</AttributeType><IsRequired>true</IsRequired><Value i:nil="true"/></Attribute></Attributes><ChildElements/><ElementName>texture</ElementName><required>false</required><FilenameAttribute z:Ref="i28"/><wFilename/></URDFElement></ChildElements><ElementName>material</ElementName><required>false</required><Color z:Ref="i25"/><NameAttribute z:Ref="i24"/><Texture z:Ref="i27"/></URDFElement></ChildElements><ElementName>visual</ElementName><required>false</required><Geometry z:Ref="i20"/><Material z:Ref="i23"/><Origin z:Ref="i17"/></URDFElement><URDFElement z:Id="i29" i:type="Collision"><Attributes/><ChildElements><URDFElement z:Id="i30" i:type="Origin"><Attributes><Attribute z:Id="i31"><AttributeType>xyz</AttributeType><IsRequired>true</IsRequired><Value i:type="a:ArrayOfdouble" xmlns:a="http://schemas.microsoft.com/2003/10/Serialization/Arrays"><a:double>0</a:double><a:double>0</a:double><a:double>0</a:double></Value></Attribute><Attribute z:Id="i32"><AttributeType>rpy</AttributeType><IsRequired>true</IsRequired><Value i:type="a:ArrayOfdouble" xmlns:a="http://schemas.microsoft.com/2003/10/Serialization/Arrays"><a:double>0</a:double><a:double>0</a:double><a:double>0</a:double></Value></Attribute></Attributes><ChildElements/><ElementName>origin</ElementName><required>false</required><RPYAttribute z:Ref="i32"/><XYZAttribute z:Ref="i31"/><isCustomized>false</isCustomized></URDFElement><URDFElement z:Id="i33" i:type="Geometry"><Attributes/><ChildElements><URDFElement z:Id="i34" i:type="Mesh"><Attributes><Attribute z:Id="i35"><AttributeType>filename</AttributeType><IsRequired>true</IsRequired><Value i:nil="true"/></Attribute></Attributes><ChildElements/><ElementName>mesh</ElementName><required>false</required><FilenameAttribute z:Ref="i35"/></URDFElement></ChildElements><ElementName>geometry</ElementName><required>true</required><Mesh z:Ref="i34"/></URDFElement></ChildElements><ElementName>collision</ElementName><required>false</required><Geometry z:Ref="i33"/><Origin z:Ref="i30"/></URDFElement><URDFElement z:Id="i36" i:type="Joint"><Attributes><Attribute z:Id="i37"><AttributeType>name</AttributeType><IsRequired>true</IsRequired><Value i:type="a:string" xmlns:a="http://www.w3.org/2001/XMLSchema"/></Attribute><Attribute z:Id="i38"><AttributeType>type</AttributeType><IsRequired>true</IsRequired><Value i:type="a:string" xmlns:a="http://www.w3.org/2001/XMLSchema"/></Attribute></Attributes><ChildElements><URDFElement z:Id="i39" i:type="Origin"><Attributes><Attribute z:Id="i40"><AttributeType>xyz</AttributeType><IsRequired>true</IsRequired><Value i:type="a:ArrayOfdouble" xmlns:a="http://schemas.microsoft.com/2003/10/Serialization/Arrays"><a:double>0</a:double><a:double>0</a:double><a:double>0</a:double></Value></Attribute><Attribute z:Id="i41"><AttributeType>rpy</AttributeType><IsRequired>true</IsRequired><Value i:type="a:ArrayOfdouble" xmlns:a="http://schemas.microsoft.com/2003/10/Serialization/Arrays"><a:double>0</a:double><a:double>0</a:double><a:double>0</a:double></Value></Attribute></Attributes><ChildElements/><ElementName>origin</ElementName><required>false</required><RPYAttribute z:Ref="i41"/><XYZAttribute z:Ref="i40"/><isCustomized>false</isCustomized></URDFElement><URDFElement z:Id="i42" i:type="ParentLink"><Attributes><Attribute z:Id="i43"><AttributeType>link</AttributeType><IsRequired>true</IsRequired><Value i:type="a:string" xmlns:a="http://www.w3.org/2001/XMLSchema"/></Attribute></Attributes><ChildElements/><ElementName>parent</ElementName><required>true</required><NameAttribute z:Ref="i43"/></URDFElement><URDFElement z:Id="i44" i:type="ChildLink"><Attributes><Attribute z:Id="i45"><AttributeType>link</AttributeType><IsRequired>true</IsRequired><Value i:type="a:string" xmlns:a="http://www.w3.org/2001/XMLSchema"/></Attribute></Attributes><ChildElements/><ElementName>child</ElementName><required>true</required><NameAttribute z:Ref="i45"/></URDFElement><URDFElement z:Id="i46" i:type="Axis"><Attributes><Attribute z:Id="i47"><AttributeType>xyz</AttributeType><IsRequired>true</IsRequired><Value i:type="a:ArrayOfdouble" xmlns:a="http://schemas.microsoft.com/2003/10/Serialization/Arrays"><a:double>0</a:double><a:double>0</a:double><a:double>0</a:double></Value></Attribute></Attributes><ChildElements/><ElementName>axis</ElementName><required>false</required><XYZAttribute z:Ref="i47"/></URDFElement><URDFElement z:Id="i48" i:type="Limit"><Attributes><Attribute z:Id="i49"><AttributeType>lower</AttributeType><IsRequired>false</IsRequired><Value i:nil="true"/></Attribute><Attribute z:Id="i50"><AttributeType>upper</AttributeType><IsRequired>false</IsRequired><Value i:nil="true"/></Attribute><Attribute z:Id="i51"><AttributeType>effort</AttributeType><IsRequired>true</IsRequired><Value i:nil="true"/></Attribute><Attribute z:Id="i52"><AttributeType>velocity</AttributeType><IsRequired>true</IsRequired><Value i:nil="true"/></Attribute></Attributes><ChildElements/><ElementName>limit</ElementName><required>false</required><EffortAttribute z:Ref="i51"/><LowerAttribute z:Ref="i49"/><UpperAttribute z:Ref="i50"/><VelocityAttribute z:Ref="i52"/></URDFElement><URDFElement z:Id="i53" i:type="Calibration"><Attributes><Attribute z:Id="i54"><AttributeType>rising</AttributeType><IsRequired>false</IsRequired><Value i:nil="true"/></Attribute><Attribute z:Id="i55"><AttributeType>falling</AttributeType><IsRequired>false</IsRequired><Value i:nil="true"/></Attribute></Attributes><ChildElements/><ElementName>calibration</ElementName><required>false</required><FallingAttribute z:Ref="i55"/><RisingAttribute z:Ref="i54"/></URDFElement><URDFElement z:Id="i56" i:type="Dynamics"><Attributes><Attribute z:Id="i57"><AttributeType>damping</AttributeType><IsRequired>false</IsRequired><Value i:nil="true"/></Attribute><Attribute z:Id="i58"><AttributeType>friction</AttributeType><IsRequired>false</IsRequired><Value i:nil="true"/></Attribute></Attributes><ChildElements/><ElementName>dynamics</ElementName><required>false</required><DampingAttribute z:Ref="i57"/><FrictionAttribute z:Ref="i58"/></URDFElement><URDFElement z:Id="i59" i:type="SafetyController"><Attributes><Attribute z:Id="i60"><AttributeType>soft_upper_limit</AttributeType><IsRequired>false</IsRequired><Value i:nil="true"/></Attribute><Attribute z:Id="i61"><AttributeType>soft_lower_limit</AttributeType><IsRequired>false</IsRequired><Value i:nil="true"/></Attribute><Attribute z:Id="i62"><AttributeType>k_position</AttributeType><IsRequired>false</IsRequired><Value i:nil="true"/></Attribute><Attribute z:Id="i63"><AttributeType>k_velocity</AttributeType><IsRequired>true</IsRequired><Value i:nil="true"/></Attribute></Attributes><ChildElements/><ElementName>safety_controller</ElementName><required>false</required><KPositionAttribute z:Ref="i62"/><KVelocityAttribute z:Ref="i63"/><SoftLowerAttribute z:Ref="i61"/><SoftUpperAttribute z:Ref="i60"/></URDFElement><URDFElement z:Id="i64" i:type="Mimic"><Attributes><Attribute z:Id="i65"><AttributeType>joint</AttributeType><IsRequired>true</IsRequired><Value i:nil="true"/></Attribute><Attribute z:Id="i66"><AttributeType>multiplier</AttributeType><IsRequired>false</IsRequired><Value i:nil="true"/></Attribute><Attribute z:Id="i67"><AttributeType>offset</AttributeType><IsRequired>false</IsRequired><Value i:nil="true"/></Attribute></Attributes><ChildElements/><ElementName>mimic</ElementName><required>false</required><JointNameAttribute z:Ref="i65"/><MultiplierAttribute z:Ref="i66"/><OffsetAttribute z:Ref="i67"/></URDFElement></ChildElements><ElementName>joint</ElementName><required>false</required><Axis z:Ref="i46"/><AxisName/><Calibration z:Ref="i53"/><Child z:Ref="i44"/><CoordinateSystemName>Origin_global</CoordinateSystemName><Dynamics z:Ref="i56"/><Limit z:Ref="i48"/><Mimic z:Ref="i64"/><NameAttribute z:Ref="i37"/><Origin z:Ref="i39"/><Parent z:Ref="i42"/><Safety z:Ref="i59"/><TypeAttribute z:Ref="i38"/></URDFElement></ChildElements><ElementName>link</ElementName><required>true</required><Children><Link z:Id="i68"><Attributes><Attribute z:Id="i69"><AttributeType>name</AttributeType><IsRequired>true</IsRequired><Value i:type="a:string" xmlns:a="http://www.w3.org/2001/XMLSchema">Shoulder</Value></Attribute></Attributes><ChildElements><URDFElement z:Id="i70" i:type="Inertial"><Attributes/><ChildElements><URDFElement z:Id="i71" i:type="Origin"><Attributes><Attribute z:Id="i72"><AttributeType>xyz</AttributeType><IsRequired>true</IsRequired><Value i:type="a:ArrayOfdouble" xmlns:a="http://schemas.microsoft.com/2003/10/Serialization/Arrays"><a:double>-0.067387</a:double><a:double>0.0007846</a:double><a:double>-0.00046848</a:double></Value></Attribute><Attribute z:Id="i73"><AttributeType>rpy</AttributeType><IsRequired>true</IsRequired><Value i:type="a:ArrayOfdouble" xmlns:a="http://schemas.microsoft.com/2003/10/Serialization/Arrays"><a:double>0</a:double><a:double>0</a:double><a:double>0</a:double></Value></Attribute></Attributes><ChildElements/><ElementName>origin</ElementName><required>false</required><RPYAttribute z:Ref="i73"/><XYZAttribute z:Ref="i72"/><isCustomized>false</isCustomized></URDFElement><URDFElement z:Id="i74" i:type="Mass"><Attributes><Attribute z:Id="i75"><AttributeType>value</AttributeType><IsRequired>true</IsRequired><Value i:type="a:double" xmlns:a="http://www.w3.org/2001/XMLSchema">1.139</Value></Attribute></Attributes><ChildElements/><ElementName>mass</ElementName><required>false</required><ValueAttribute z:Ref="i75"/></URDFElement><URDFElement z:Id="i76" i:type="Inertia"><Attributes><Attribute z:Id="i77"><AttributeType>ixx</AttributeType><IsRequired>true</IsRequired><Value i:type="a:double" xmlns:a="http://www.w3.org/2001/XMLSchema">0.0004569</Value></Attribute><Attribute z:Id="i78"><AttributeType>ixy</AttributeType><IsRequired>true</IsRequired><Value i:type="a:double" xmlns:a="http://www.w3.org/2001/XMLSchema">1.7072E-06</Value></Attribute><Attribute z:Id="i79"><AttributeType>ixz</AttributeType><IsRequired>true</IsRequired><Value i:type="a:double" xmlns:a="http://www.w3.org/2001/XMLSchema">-3.1308E-06</Value></Attribute><Attribute z:Id="i80"><AttributeType>iyy</AttributeType><IsRequired>true</IsRequired><Value i:type="a:double" xmlns:a="http://www.w3.org/2001/XMLSchema">0.00042211</Value></Attribute><Attribute z:Id="i81"><AttributeType>iyz</AttributeType><IsRequired>true</IsRequired><Value i:type="a:double" xmlns:a="http://www.w3.org/2001/XMLSchema">9.4418E-06</Value></Attribute><Attribute z:Id="i82"><AttributeType>izz</AttributeType><IsRequired>true</IsRequired><Value i:type="a:double" xmlns:a="http://www.w3.org/2001/XMLSchema">0.0006882</Value></Attribute></Attributes><ChildElements/><ElementName>inertia</ElementName><required>false</required><IxxAttribute z:Ref="i77"/><IxyAttribute z:Ref="i78"/><IxzAttribute z:Ref="i79"/><IyyAttribute z:Ref="i80"/><IyzAttribute z:Ref="i81"/><IzzAttribute z:Ref="i82"/></URDFElement></ChildElements><ElementName>inertial</ElementName><required>false</required><Inertia z:Ref="i76"/><Mass z:Ref="i74"/><Origin z:Ref="i71"/></URDFElement><URDFElement z:Id="i83" i:type="Visual"><Attributes/><ChildElements><URDFElement z:Id="i84" i:type="Origin"><Attributes><Attribute z:Id="i85"><AttributeType>xyz</AttributeType><IsRequired>true</IsRequired><Value i:type="a:ArrayOfdouble" xmlns:a="http://schemas.microsoft.com/2003/10/Serialization/Arrays"><a:double>0</a:double><a:double>0</a:double><a:double>0</a:double></Value></Attribute><Attribute z:Id="i86"><AttributeType>rpy</AttributeType><IsRequired>true</IsRequired><Value i:type="a:ArrayOfdouble" xmlns:a="http://schemas.microsoft.com/2003/10/Serialization/Arrays"><a:double>0</a:double><a:double>0</a:double><a:double>0</a:double></Value></Attribute></Attributes><ChildElements/><ElementName>origin</ElementName><required>false</required><RPYAttribute z:Ref="i86"/><XYZAttribute z:Ref="i85"/><isCustomized>false</isCustomized></URDFElement><URDFElement z:Id="i87" i:type="Geometry"><Attributes/><ChildElements><URDFElement z:Id="i88" i:type="Mesh"><Attributes><Attribute z:Id="i89"><AttributeType>filename</AttributeType><IsRequired>true</IsRequired><Value i:nil="true"/></Attribute></Attributes><ChildElements/><ElementName>mesh</ElementName><required>false</required><FilenameAttribute z:Ref="i89"/></URDFElement></ChildElements><ElementName>geometry</ElementName><required>true</required><Mesh z:Ref="i88"/></URDFElement><URDFElement z:Id="i90" i:type="Material"><Attributes><Attribute z:Id="i91"><AttributeType>name</AttributeType><IsRequired>true</IsRequired><Value i:type="a:string" xmlns:a="http://www.w3.org/2001/XMLSchema"/></Attribute></Attributes><ChildElements><URDFElement z:Id="i92" i:type="Color"><Attributes><Attribute z:Id="i93"><AttributeType>rgba</AttributeType><IsRequired>true</IsRequired><Value i:type="a:ArrayOfdouble" xmlns:a="http://schemas.microsoft.com/2003/10/Serialization/Arrays"><a:double>0.69804</a:double><a:double>0.69804</a:double><a:double>0.69804</a:double><a:double>1</a:double></Value></Attribute></Attributes><ChildElements/><ElementName>color</ElementName><required>false</required><RGBAAttribute z:Ref="i93"/></URDFElement><URDFElement z:Id="i94" i:type="Texture"><Attributes><Attribute z:Id="i95"><AttributeType>filename</AttributeType><IsRequired>true</IsRequired><Value i:nil="true"/></Attribute></Attributes><ChildElements/><ElementName>texture</ElementName><required>false</required><FilenameAttribute z:Ref="i95"/><wFilename/></URDFElement></ChildElements><ElementName>material</ElementName><required>false</required><Color z:Ref="i92"/><NameAttribute z:Ref="i91"/><Texture z:Ref="i94"/></URDFElement></ChildElements><ElementName>visual</ElementName><required>false</required><Geometry z:Ref="i87"/><Material z:Ref="i90"/><Origin z:Ref="i84"/></URDFElement><URDFElement z:Id="i96" i:type="Collision"><Attributes/><ChildElements><URDFElement z:Id="i97" i:type="Origin"><Attributes><Attribute z:Id="i98"><AttributeType>xyz</AttributeType><IsRequired>true</IsRequired><Value i:type="a:ArrayOfdouble" xmlns:a="http://schemas.microsoft.com/2003/10/Serialization/Arrays"><a:double>0</a:double><a:double>0</a:double><a:double>0</a:double></Value></Attribute><Attribute z:Id="i99"><AttributeType>rpy</AttributeType><IsRequired>true</IsRequired><Value i:type="a:ArrayOfdouble" xmlns:a="http://schemas.microsoft.com/2003/10/Serialization/Arrays"><a:double>0</a:double><a:double>0</a:double><a:double>0</a:double></Value></Attribute></Attributes><ChildElements/><ElementName>origin</ElementName><required>false</required><RPYAttribute z:Ref="i99"/><XYZAttribute z:Ref="i98"/><isCustomized>false</isCustomized></URDFElement><URDFElement z:Id="i100" i:type="Geometry"><Attributes/><ChildElements><URDFElement z:Id="i101" i:type="Mesh"><Attributes><Attribute z:Id="i102"><AttributeType>filename</AttributeType><IsRequired>true</IsRequired><Value i:nil="true"/></Attribute></Attributes><ChildElements/><ElementName>mesh</ElementName><required>false</required><FilenameAttribute z:Ref="i102"/></URDFElement></ChildElements><ElementName>geometry</ElementName><required>true</required><Mesh z:Ref="i101"/></URDFElement></ChildElements><ElementName>collision</ElementName><required>false</required><Geometry z:Ref="i100"/><Origin z:Ref="i97"/></URDFElement><URDFElement z:Id="i103" i:type="Joint"><Attributes><Attribute z:Id="i104"><AttributeType>name</AttributeType><IsRequired>true</IsRequired><Value i:type="a:string" xmlns:a="http://www.w3.org/2001/XMLSchema">Shoulder</Value></Attribute><Attribute z:Id="i105"><AttributeType>type</AttributeType><IsRequired>true</IsRequired><Value i:type="a:string" xmlns:a="http://www.w3.org/2001/XMLSchema">continuous</Value></Attribute></Attributes><ChildElements><URDFElement z:Id="i106" i:type="Origin"><Attributes><Attribute z:Id="i107"><AttributeType>xyz</AttributeType><IsRequired>true</IsRequired><Value i:type="a:ArrayOfdouble" xmlns:a="http://schemas.microsoft.com/2003/10/Serialization/Arrays"><a:double>0.03</a:double><a:double>-0.0817</a:double><a:double>0.6345</a:double></Value></Attribute><Attribute z:Id="i108"><AttributeType>rpy</AttributeType><IsRequired>true</IsRequired><Value i:type="a:ArrayOfdouble" xmlns:a="http://schemas.microsoft.com/2003/10/Serialization/Arrays"><a:double>3.1416</a:double><a:double>0</a:double><a:double>1.5708</a:double></Value></Attribute></Attributes><ChildElements/><ElementName>origin</ElementName><required>false</required><RPYAttribute z:Ref="i108"/><XYZAttribute z:Ref="i107"/><isCustomized>false</isCustomized></URDFElement><URDFElement z:Id="i109" i:type="ParentLink"><Attributes><Attribute z:Id="i110"><AttributeType>link</AttributeType><IsRequired>true</IsRequired><Value i:type="a:string" xmlns:a="http://www.w3.org/2001/XMLSchema">base</Value></Attribute></Attributes><ChildElements/><ElementName>parent</ElementName><required>true</required><NameAttribute z:Ref="i110"/></URDFElement><URDFElement z:Id="i111" i:type="ChildLink"><Attributes><Attribute z:Id="i112"><AttributeType>link</AttributeType><IsRequired>true</IsRequired><Value i:type="a:string" xmlns:a="http://www.w3.org/2001/XMLSchema">Shoulder</Value></Attribute></Attributes><ChildElements/><ElementName>child</ElementName><required>true</required><NameAttribute z:Ref="i112"/></URDFElement><URDFElement z:Id="i113" i:type="Axis"><Attributes><Attribute z:Id="i114"><AttributeType>xyz</AttributeType><IsRequired>true</IsRequired><Value i:type="a:ArrayOfdouble" xmlns:a="http://schemas.microsoft.com/2003/10/Serialization/Arrays"><a:double>1</a:double><a:double>0</a:double><a:double>0</a:double></Value></Attribute></Attributes><ChildElements/><ElementName>axis</ElementName><required>false</required><XYZAttribute z:Ref="i114"/></URDFElement><URDFElement z:Id="i115" i:type="Limit"><Attributes><Attribute z:Id="i116"><AttributeType>lower</AttributeType><IsRequired>false</IsRequired><Value i:type="a:double" xmlns:a="http://www.w3.org/2001/XMLSchema">-1.5708</Value></Attribute><Attribute z:Id="i117"><AttributeType>upper</AttributeType><IsRequired>false</IsRequired><Value i:type="a:double" xmlns:a="http://www.w3.org/2001/XMLSchema">1.5708</Value></Attribute><Attribute z:Id="i118"><AttributeType>effort</AttributeType><IsRequired>true</IsRequired><Value i:type="a:double" xmlns:a="http://www.w3.org/2001/XMLSchema">100</Value></Attribute><Attribute z:Id="i119"><AttributeType>velocity</AttributeType><IsRequired>true</IsRequired><Value i:type="a:double" xmlns:a="http://www.w3.org/2001/XMLSchema">1</Value></Attribute></Attributes><ChildElements/><ElementName>limit</ElementName><required>false</required><EffortAttribute z:Ref="i118"/><LowerAttribute z:Ref="i116"/><UpperAttribute z:Ref="i117"/><VelocityAttribute z:Ref="i119"/></URDFElement><URDFElement z:Id="i120" i:type="Calibration"><Attributes><Attribute z:Id="i121"><AttributeType>rising</AttributeType><IsRequired>false</IsRequired><Value i:nil="true"/></Attribute><Attribute z:Id="i122"><AttributeType>falling</AttributeType><IsRequired>false</IsRequired><Value i:nil="true"/></Attribute></Attributes><ChildElements/><ElementName>calibration</ElementName><required>false</required><FallingAttribute z:Ref="i122"/><RisingAttribute z:Ref="i121"/></URDFElement><URDFElement z:Id="i123" i:type="Dynamics"><Attributes><Attribute z:Id="i124"><AttributeType>damping</AttributeType><IsRequired>false</IsRequired><Value i:nil="true"/></Attribute><Attribute z:Id="i125"><AttributeType>friction</AttributeType><IsRequired>false</IsRequired><Value i:nil="true"/></Attribute></Attributes><ChildElements/><ElementName>dynamics</ElementName><required>false</required><DampingAttribute z:Ref="i124"/><FrictionAttribute z:Ref="i125"/></URDFElement><URDFElement z:Id="i126" i:type="SafetyController"><Attributes><Attribute z:Id="i127"><AttributeType>soft_upper_limit</AttributeType><IsRequired>false</IsRequired><Value i:nil="true"/></Attribute><Attribute z:Id="i128"><AttributeType>soft_lower_limit</AttributeType><IsRequired>false</IsRequired><Value i:nil="true"/></Attribute><Attribute z:Id="i129"><AttributeType>k_position</AttributeType><IsRequired>false</IsRequired><Value i:nil="true"/></Attribute><Attribute z:Id="i130"><AttributeType>k_velocity</AttributeType><IsRequired>true</IsRequired><Value i:nil="true"/></Attribute></Attributes><ChildElements/><ElementName>safety_controller</ElementName><required>false</required><KPositionAttribute z:Ref="i129"/><KVelocityAttribute z:Ref="i130"/><SoftLowerAttribute z:Ref="i128"/><SoftUpperAttribute z:Ref="i127"/></URDFElement><URDFElement z:Id="i131" i:type="Mimic"><Attributes><Attribute z:Id="i132"><AttributeType>joint</AttributeType><IsRequired>true</IsRequired><Value i:nil="true"/></Attribute><Attribute z:Id="i133"><AttributeType>multiplier</AttributeType><IsRequired>false</IsRequired><Value i:nil="true"/></Attribute><Attribute z:Id="i134"><AttributeType>offset</AttributeType><IsRequired>false</IsRequired><Value i:nil="true"/></Attribute></Attributes><ChildElements/><ElementName>mimic</ElementName><required>false</required><JointNameAttribute z:Ref="i132"/><MultiplierAttribute z:Ref="i133"/><OffsetAttribute z:Ref="i134"/></URDFElement></ChildElements><ElementName>joint</ElementName><required>false</required><Axis z:Ref="i113"/><AxisName>Axis_Shoulder</AxisName><Calibration z:Ref="i120"/><Child z:Ref="i111"/><CoordinateSystemName>Origin_Shoulder</CoordinateSystemName><Dynamics z:Ref="i123"/><Limit z:Ref="i115"/><Mimic z:Ref="i131"/><NameAttribute z:Ref="i104"/><Origin z:Ref="i106"/><Parent z:Ref="i109"/><Safety z:Ref="i126"/><TypeAttribute z:Ref="i105"/></URDFElement></ChildElements><ElementName>link</ElementName><required>true</required><Children><Link z:Id="i135"><Attributes><Attribute z:Id="i136"><AttributeType>name</AttributeType><IsRequired>true</IsRequired><Value i:type="a:string" xmlns:a="http://www.w3.org/2001/XMLSchema">UpperArm_Up</Value></Attribute></Attributes><ChildElements><URDFElement z:Id="i137" i:type="Inertial"><Attributes/><ChildElements><URDFElement z:Id="i138" i:type="Origin"><Attributes><Attribute z:Id="i139"><AttributeType>xyz</AttributeType><IsRequired>true</IsRequired><Value i:type="a:ArrayOfdouble" xmlns:a="http://schemas.microsoft.com/2003/10/Serialization/Arrays"><a:double>-0.038351</a:double><a:double>-0.080037</a:double><a:double>0.00036</a:double></Value></Attribute><Attribute z:Id="i140"><AttributeType>rpy</AttributeType><IsRequired>true</IsRequired><Value i:type="a:ArrayOfdouble" xmlns:a="http://schemas.microsoft.com/2003/10/Serialization/Arrays"><a:double>0</a:double><a:double>0</a:double><a:double>0</a:double></Value></Attribute></Attributes><ChildElements/><ElementName>origin</ElementName><required>false</required><RPYAttribute z:Ref="i140"/><XYZAttribute z:Ref="i139"/><isCustomized>false</isCustomized></URDFElement><URDFElement z:Id="i141" i:type="Mass"><Attributes><Attribute z:Id="i142"><AttributeType>value</AttributeType><IsRequired>true</IsRequired><Value i:type="a:double" xmlns:a="http://www.w3.org/2001/XMLSchema">0.726</Value></Attribute></Attributes><ChildElements/><ElementName>mass</ElementName><required>false</required><ValueAttribute z:Ref="i142"/></URDFElement><URDFElement z:Id="i143" i:type="Inertia"><Attributes><Attribute z:Id="i144"><AttributeType>ixx</AttributeType><IsRequired>true</IsRequired><Value i:type="a:double" xmlns:a="http://www.w3.org/2001/XMLSchema">0.00021816</Value></Attribute><Attribute z:Id="i145"><AttributeType>ixy</AttributeType><IsRequired>true</IsRequired><Value i:type="a:double" xmlns:a="http://www.w3.org/2001/XMLSchema">3.182E-05</Value></Attribute><Attribute z:Id="i146"><AttributeType>ixz</AttributeType><IsRequired>true</IsRequired><Value i:type="a:double" xmlns:a="http://www.w3.org/2001/XMLSchema">-3.9569E-06</Value></Attribute><Attribute z:Id="i147"><AttributeType>iyy</AttributeType><IsRequired>true</IsRequired><Value i:type="a:double" xmlns:a="http://www.w3.org/2001/XMLSchema">8.2751E-05</Value></Attribute><Attribute z:Id="i148"><AttributeType>iyz</AttributeType><IsRequired>true</IsRequired><Value i:type="a:double" xmlns:a="http://www.w3.org/2001/XMLSchema">7.2168E-06</Value></Attribute><Attribute z:Id="i149"><AttributeType>izz</AttributeType><IsRequired>true</IsRequired><Value i:type="a:double" xmlns:a="http://www.w3.org/2001/XMLSchema">0.00022442</Value></Attribute></Attributes><ChildElements/><ElementName>inertia</ElementName><required>false</required><IxxAttribute z:Ref="i144"/><IxyAttribute z:Ref="i145"/><IxzAttribute z:Ref="i146"/><IyyAttribute z:Ref="i147"/><IyzAttribute z:Ref="i148"/><IzzAttribute z:Ref="i149"/></URDFElement></ChildElements><ElementName>inertial</ElementName><required>false</required><Inertia z:Ref="i143"/><Mass z:Ref="i141"/><Origin z:Ref="i138"/></URDFElement><URDFElement z:Id="i150" i:type="Visual"><Attributes/><ChildElements><URDFElement z:Id="i151" i:type="Origin"><Attributes><Attribute z:Id="i152"><AttributeType>xyz</AttributeType><IsRequired>true</IsRequired><Value i:type="a:ArrayOfdouble" xmlns:a="http://schemas.microsoft.com/2003/10/Serialization/Arrays"><a:double>0</a:double><a:double>0</a:double><a:double>0</a:double></Value></Attribute><Attribute z:Id="i153"><AttributeType>rpy</AttributeType><IsRequired>true</IsRequired><Value i:type="a:ArrayOfdouble" xmlns:a="http://schemas.microsoft.com/2003/10/Serialization/Arrays"><a:double>0</a:double><a:double>0</a:double><a:double>0</a:double></Value></Attribute></Attributes><ChildElements/><ElementName>origin</ElementName><required>false</required><RPYAttribute z:Ref="i153"/><XYZAttribute z:Ref="i152"/><isCustomized>false</isCustomized></URDFElement><URDFElement z:Id="i154" i:type="Geometry"><Attributes/><ChildElements><URDFElement z:Id="i155" i:type="Mesh"><Attributes><Attribute z:Id="i156"><AttributeType>filename</AttributeType><IsRequired>true</IsRequired><Value i:nil="true"/></Attribute></Attributes><ChildElements/><ElementName>mesh</ElementName><required>false</required><FilenameAttribute z:Ref="i156"/></URDFElement></ChildElements><ElementName>geometry</ElementName><required>true</required><Mesh z:Ref="i155"/></URDFElement><URDFElement z:Id="i157" i:type="Material"><Attributes><Attribute z:Id="i158"><AttributeType>name</AttributeType><IsRequired>true</IsRequired><Value i:type="a:string" xmlns:a="http://www.w3.org/2001/XMLSchema"/></Attribute></Attributes><ChildElements><URDFElement z:Id="i159" i:type="Color"><Attributes><Attribute z:Id="i160"><AttributeType>rgba</AttributeType><IsRequired>true</IsRequired><Value i:type="a:ArrayOfdouble" xmlns:a="http://schemas.microsoft.com/2003/10/Serialization/Arrays"><a:double>0.69804</a:double><a:double>0.69804</a:double><a:double>0.69804</a:double><a:double>1</a:double></Value></Attribute></Attributes><ChildElements/><ElementName>color</ElementName><required>false</required><RGBAAttribute z:Ref="i160"/></URDFElement><URDFElement z:Id="i161" i:type="Texture"><Attributes><Attribute z:Id="i162"><AttributeType>filename</AttributeType><IsRequired>true</IsRequired><Value i:nil="true"/></Attribute></Attributes><ChildElements/><ElementName>texture</ElementName><required>false</required><FilenameAttribute z:Ref="i162"/><wFilename/></URDFElement></ChildElements><ElementName>material</ElementName><required>false</required><Color z:Ref="i159"/><NameAttribute z:Ref="i158"/><Texture z:Ref="i161"/></URDFElement></ChildElements><ElementName>visual</ElementName><required>false</required><Geometry z:Ref="i154"/><Material z:Ref="i157"/><Origin z:Ref="i151"/></URDFElement><URDFElement z:Id="i163" i:type="Collision"><Attributes/><ChildElements><URDFElement z:Id="i164" i:type="Origin"><Attributes><Attribute z:Id="i165"><AttributeType>xyz</AttributeType><IsRequired>true</IsRequired><Value i:type="a:ArrayOfdouble" xmlns:a="http://schemas.microsoft.com/2003/10/Serialization/Arrays"><a:double>0</a:double><a:double>0</a:double><a:double>0</a:double></Value></Attribute><Attribute z:Id="i166"><AttributeType>rpy</AttributeType><IsRequired>true</IsRequired><Value i:type="a:ArrayOfdouble" xmlns:a="http://schemas.microsoft.com/2003/10/Serialization/Arrays"><a:double>0</a:double><a:double>0</a:double><a:double>0</a:double></Value></Attribute></Attributes><ChildElements/><ElementName>origin</ElementName><required>false</required><RPYAttribute z:Ref="i166"/><XYZAttribute z:Ref="i165"/><isCustomized>false</isCustomized></URDFElement><URDFElement z:Id="i167" i:type="Geometry"><Attributes/><ChildElements><URDFElement z:Id="i168" i:type="Mesh"><Attributes><Attribute z:Id="i169"><AttributeType>filename</AttributeType><IsRequired>true</IsRequired><Value i:nil="true"/></Attribute></Attributes><ChildElements/><ElementName>mesh</ElementName><required>false</required><FilenameAttribute z:Ref="i169"/></URDFElement></ChildElements><ElementName>geometry</ElementName><required>true</required><Mesh z:Ref="i168"/></URDFElement></ChildElements><ElementName>collision</ElementName><required>false</required><Geometry z:Ref="i167"/><Origin z:Ref="i164"/></URDFElement><URDFElement z:Id="i170" i:type="Joint"><Attributes><Attribute z:Id="i171"><AttributeType>name</AttributeType><IsRequired>true</IsRequired><Value i:type="a:string" xmlns:a="http://www.w3.org/2001/XMLSchema">UpperArm_Up</Value></Attribute><Attribute z:Id="i172"><AttributeType>type</AttributeType><IsRequired>true</IsRequired><Value i:type="a:string" xmlns:a="http://www.w3.org/2001/XMLSchema">continuous</Value></Attribute></Attributes><ChildElements><URDFElement z:Id="i173" i:type="Origin"><Attributes><Attribute z:Id="i174"><AttributeType>xyz</AttributeType><IsRequired>true</IsRequired><Value i:type="a:ArrayOfdouble" xmlns:a="http://schemas.microsoft.com/2003/10/Serialization/Arrays"><a:double>-0.1093</a:double><a:double>-0.0024984</a:double><a:double>0</a:double></Value></Attribute><Attribute z:Id="i175"><AttributeType>rpy</AttributeType><IsRequired>true</IsRequired><Value i:type="a:ArrayOfdouble" xmlns:a="http://schemas.microsoft.com/2003/10/Serialization/Arrays"><a:double>-1.5708</a:double><a:double>0</a:double><a:double>1.5708</a:double></Value></Attribute></Attributes><ChildElements/><ElementName>origin</ElementName><required>false</required><RPYAttribute z:Ref="i175"/><XYZAttribute z:Ref="i174"/><isCustomized>false</isCustomized></URDFElement><URDFElement z:Id="i176" i:type="ParentLink"><Attributes><Attribute z:Id="i177"><AttributeType>link</AttributeType><IsRequired>true</IsRequired><Value i:type="a:string" xmlns:a="http://www.w3.org/2001/XMLSchema">Shoulder</Value></Attribute></Attributes><ChildElements/><ElementName>parent</ElementName><required>true</required><NameAttribute z:Ref="i177"/></URDFElement><URDFElement z:Id="i178" i:type="ChildLink"><Attributes><Attribute z:Id="i179"><AttributeType>link</AttributeType><IsRequired>true</IsRequired><Value i:type="a:string" xmlns:a="http://www.w3.org/2001/XMLSchema">UpperArm_Up</Value></Attribute></Attributes><ChildElements/><ElementName>child</ElementName><required>true</required><NameAttribute z:Ref="i179"/></URDFElement><URDFElement z:Id="i180" i:type="Axis"><Attributes><Attribute z:Id="i181"><AttributeType>xyz</AttributeType><IsRequired>true</IsRequired><Value i:type="a:ArrayOfdouble" xmlns:a="http://schemas.microsoft.com/2003/10/Serialization/Arrays"><a:double>1</a:double><a:double>0</a:double><a:double>0</a:double></Value></Attribute></Attributes><ChildElements/><ElementName>axis</ElementName><required>false</required><XYZAttribute z:Ref="i181"/></URDFElement><URDFElement z:Id="i182" i:type="Limit"><Attributes><Attribute z:Id="i183"><AttributeType>lower</AttributeType><IsRequired>false</IsRequired><Value i:type="a:double" xmlns:a="http://www.w3.org/2001/XMLSchema">-0.5236</Value></Attribute><Attribute z:Id="i184"><AttributeType>upper</AttributeType><IsRequired>false</IsRequired><Value i:type="a:double" xmlns:a="http://www.w3.org/2001/XMLSchema">0.5236</Value></Attribute><Attribute z:Id="i185"><AttributeType>effort</AttributeType><IsRequired>true</IsRequired><Value i:type="a:double" xmlns:a="http://www.w3.org/2001/XMLSchema">100</Value></Attribute><Attribute z:Id="i186"><AttributeType>velocity</AttributeType><IsRequired>true</IsRequired><Value i:type="a:double" xmlns:a="http://www.w3.org/2001/XMLSchema">1</Value></Attribute></Attributes><ChildElements/><ElementName>limit</ElementName><required>false</required><EffortAttribute z:Ref="i185"/><LowerAttribute z:Ref="i183"/><UpperAttribute z:Ref="i184"/><VelocityAttribute z:Ref="i186"/></URDFElement><URDFElement z:Id="i187" i:type="Calibration"><Attributes><Attribute z:Id="i188"><AttributeType>rising</AttributeType><IsRequired>false</IsRequired><Value i:nil="true"/></Attribute><Attribute z:Id="i189"><AttributeType>falling</AttributeType><IsRequired>false</IsRequired><Value i:nil="true"/></Attribute></Attributes><ChildElements/><ElementName>calibration</ElementName><required>false</required><FallingAttribute z:Ref="i189"/><RisingAttribute z:Ref="i188"/></URDFElement><URDFElement z:Id="i190" i:type="Dynamics"><Attributes><Attribute z:Id="i191"><AttributeType>damping</AttributeType><IsRequired>false</IsRequired><Value i:nil="true"/></Attribute><Attribute z:Id="i192"><AttributeType>friction</AttributeType><IsRequired>false</IsRequired><Value i:nil="true"/></Attribute></Attributes><ChildElements/><ElementName>dynamics</ElementName><required>false</required><DampingAttribute z:Ref="i191"/><FrictionAttribute z:Ref="i192"/></URDFElement><URDFElement z:Id="i193" i:type="SafetyController"><Attributes><Attribute z:Id="i194"><AttributeType>soft_upper_limit</AttributeType><IsRequired>false</IsRequired><Value i:nil="true"/></Attribute><Attribute z:Id="i195"><AttributeType>soft_lower_limit</AttributeType><IsRequired>false</IsRequired><Value i:nil="true"/></Attribute><Attribute z:Id="i196"><AttributeType>k_position</AttributeType><IsRequired>false</IsRequired><Value i:nil="true"/></Attribute><Attribute z:Id="i197"><AttributeType>k_velocity</AttributeType><IsRequired>true</IsRequired><Value i:nil="true"/></Attribute></Attributes><ChildElements/><ElementName>safety_controller</ElementName><required>false</required><KPositionAttribute z:Ref="i196"/><KVelocityAttribute z:Ref="i197"/><SoftLowerAttribute z:Ref="i195"/><SoftUpperAttribute z:Ref="i194"/></URDFElement><URDFElement z:Id="i198" i:type="Mimic"><Attributes><Attribute z:Id="i199"><AttributeType>joint</AttributeType><IsRequired>true</IsRequired><Value i:nil="true"/></Attribute><Attribute z:Id="i200"><AttributeType>multiplier</AttributeType><IsRequired>false</IsRequired><Value i:nil="true"/></Attribute><Attribute z:Id="i201"><AttributeType>offset</AttributeType><IsRequired>false</IsRequired><Value i:nil="true"/></Attribute></Attributes><ChildElements/><ElementName>mimic</ElementName><required>false</required><JointNameAttribute z:Ref="i199"/><MultiplierAttribute z:Ref="i200"/><OffsetAttribute z:Ref="i201"/></URDFElement></ChildElements><ElementName>joint</ElementName><required>false</required><Axis z:Ref="i180"/><AxisName>Axis_UpperArm_Up</AxisName><Calibration z:Ref="i187"/><Child z:Ref="i178"/><CoordinateSystemName>Origin_UpperArm_Up</CoordinateSystemName><Dynamics z:Ref="i190"/><Limit z:Ref="i182"/><Mimic z:Ref="i198"/><NameAttribute z:Ref="i171"/><Origin z:Ref="i173"/><Parent z:Ref="i176"/><Safety z:Ref="i193"/><TypeAttribute z:Ref="i172"/></URDFElement></ChildElements><ElementName>link</ElementName><required>true</required><Children><Link z:Id="i202"><Attributes><Attribute z:Id="i203"><AttributeType>name</AttributeType><IsRequired>true</IsRequired><Value i:type="a:string" xmlns:a="http://www.w3.org/2001/XMLSchema">UpperArm_Down</Value></Attribute></Attributes><ChildElements><URDFElement z:Id="i204" i:type="Inertial"><Attributes/><ChildElements><URDFElement z:Id="i205" i:type="Origin"><Attributes><Attribute z:Id="i206"><AttributeType>xyz</AttributeType><IsRequired>true</IsRequired><Value i:type="a:ArrayOfdouble" xmlns:a="http://schemas.microsoft.com/2003/10/Serialization/Arrays"><a:double>-0.010417</a:double><a:double>-0.063997</a:double><a:double>0.005895</a:double></Value></Attribute><Attribute z:Id="i207"><AttributeType>rpy</AttributeType><IsRequired>true</IsRequired><Value i:type="a:ArrayOfdouble" xmlns:a="http://schemas.microsoft.com/2003/10/Serialization/Arrays"><a:double>0</a:double><a:double>0</a:double><a:double>0</a:double></Value></Attribute></Attributes><ChildElements/><ElementName>origin</ElementName><required>false</required><RPYAttribute z:Ref="i207"/><XYZAttribute z:Ref="i206"/><isCustomized>false</isCustomized></URDFElement><URDFElement z:Id="i208" i:type="Mass"><Attributes><Attribute z:Id="i209"><AttributeType>value</AttributeType><IsRequired>true</IsRequired><Value i:type="a:double" xmlns:a="http://www.w3.org/2001/XMLSchema">0.81</Value></Attribute></Attributes><ChildElements/><ElementName>mass</ElementName><required>false</required><ValueAttribute z:Ref="i209"/></URDFElement><URDFElement z:Id="i210" i:type="Inertia"><Attributes><Attribute z:Id="i211"><AttributeType>ixx</AttributeType><IsRequired>true</IsRequired><Value i:type="a:double" xmlns:a="http://www.w3.org/2001/XMLSchema">0.00019894</Value></Attribute><Attribute z:Id="i212"><AttributeType>ixy</AttributeType><IsRequired>true</IsRequired><Value i:type="a:double" xmlns:a="http://www.w3.org/2001/XMLSchema">1.1973E-06</Value></Attribute><Attribute z:Id="i213"><AttributeType>ixz</AttributeType><IsRequired>true</IsRequired><Value i:type="a:double" xmlns:a="http://www.w3.org/2001/XMLSchema">3.9696E-05</Value></Attribute><Attribute z:Id="i214"><AttributeType>iyy</AttributeType><IsRequired>true</IsRequired><Value i:type="a:double" xmlns:a="http://www.w3.org/2001/XMLSchema">0.00018245</Value></Attribute><Attribute z:Id="i215"><AttributeType>iyz</AttributeType><IsRequired>true</IsRequired><Value i:type="a:double" xmlns:a="http://www.w3.org/2001/XMLSchema">-1.3679E-06</Value></Attribute><Attribute z:Id="i216"><AttributeType>izz</AttributeType><IsRequired>true</IsRequired><Value i:type="a:double" xmlns:a="http://www.w3.org/2001/XMLSchema">0.00025006</Value></Attribute></Attributes><ChildElements/><ElementName>inertia</ElementName><required>false</required><IxxAttribute z:Ref="i211"/><IxyAttribute z:Ref="i212"/><IxzAttribute z:Ref="i213"/><IyyAttribute z:Ref="i214"/><IyzAttribute z:Ref="i215"/><IzzAttribute z:Ref="i216"/></URDFElement></ChildElements><ElementName>inertial</ElementName><required>false</required><Inertia z:Ref="i210"/><Mass z:Ref="i208"/><Origin z:Ref="i205"/></URDFElement><URDFElement z:Id="i217" i:type="Visual"><Attributes/><ChildElements><URDFElement z:Id="i218" i:type="Origin"><Attributes><Attribute z:Id="i219"><AttributeType>xyz</AttributeType><IsRequired>true</IsRequired><Value i:type="a:ArrayOfdouble" xmlns:a="http://schemas.microsoft.com/2003/10/Serialization/Arrays"><a:double>0</a:double><a:double>0</a:double><a:double>0</a:double></Value></Attribute><Attribute z:Id="i220"><AttributeType>rpy</AttributeType><IsRequired>true</IsRequired><Value i:type="a:ArrayOfdouble" xmlns:a="http://schemas.microsoft.com/2003/10/Serialization/Arrays"><a:double>0</a:double><a:double>0</a:double><a:double>0</a:double></Value></Attribute></Attributes><ChildElements/><ElementName>origin</ElementName><required>false</required><RPYAttribute z:Ref="i220"/><XYZAttribute z:Ref="i219"/><isCustomized>false</isCustomized></URDFElement><URDFElement z:Id="i221" i:type="Geometry"><Attributes/><ChildElements><URDFElement z:Id="i222" i:type="Mesh"><Attributes><Attribute z:Id="i223"><AttributeType>filename</AttributeType><IsRequired>true</IsRequired><Value i:nil="true"/></Attribute></Attributes><ChildElements/><ElementName>mesh</ElementName><required>false</required><FilenameAttribute z:Ref="i223"/></URDFElement></ChildElements><ElementName>geometry</ElementName><required>true</required><Mesh z:Ref="i222"/></URDFElement><URDFElement z:Id="i224" i:type="Material"><Attributes><Attribute z:Id="i225"><AttributeType>name</AttributeType><IsRequired>true</IsRequired><Value i:type="a:string" xmlns:a="http://www.w3.org/2001/XMLSchema"/></Attribute></Attributes><ChildElements><URDFElement z:Id="i226" i:type="Color"><Attributes><Attribute z:Id="i227"><AttributeType>rgba</AttributeType><IsRequired>true</IsRequired><Value i:type="a:ArrayOfdouble" xmlns:a="http://schemas.microsoft.com/2003/10/Serialization/Arrays"><a:double>0.67059</a:double><a:double>0.63922</a:double><a:double>0.61961</a:double><a:double>1</a:double></Value></Attribute></Attributes><ChildElements/><ElementName>color</ElementName><required>false</required><RGBAAttribute z:Ref="i227"/></URDFElement><URDFElement z:Id="i228" i:type="Texture"><Attributes><Attribute z:Id="i229"><AttributeType>filename</AttributeType><IsRequired>true</IsRequired><Value i:nil="true"/></Attribute></Attributes><ChildElements/><ElementName>texture</ElementName><required>false</required><FilenameAttribute z:Ref="i229"/><wFilename/></URDFElement></ChildElements><ElementName>material</ElementName><required>false</required><Color z:Ref="i226"/><NameAttribute z:Ref="i225"/><Texture z:Ref="i228"/></URDFElement></ChildElements><ElementName>visual</ElementName><required>false</required><Geometry z:Ref="i221"/><Material z:Ref="i224"/><Origin z:Ref="i218"/></URDFElement><URDFElement z:Id="i230" i:type="Collision"><Attributes/><ChildElements><URDFElement z:Id="i231" i:type="Origin"><Attributes><Attribute z:Id="i232"><AttributeType>xyz</AttributeType><IsRequired>true</IsRequired><Value i:type="a:ArrayOfdouble" xmlns:a="http://schemas.microsoft.com/2003/10/Serialization/Arrays"><a:double>0</a:double><a:double>0</a:double><a:double>0</a:double></Value></Attribute><Attribute z:Id="i233"><AttributeType>rpy</AttributeType><IsRequired>true</IsRequired><Value i:type="a:ArrayOfdouble" xmlns:a="http://schemas.microsoft.com/2003/10/Serialization/Arrays"><a:double>0</a:double><a:double>0</a:double><a:double>0</a:double></Value></Attribute></Attributes><ChildElements/><ElementName>origin</ElementName><required>false</required><RPYAttribute z:Ref="i233"/><XYZAttribute z:Ref="i232"/><isCustomized>false</isCustomized></URDFElement><URDFElement z:Id="i234" i:type="Geometry"><Attributes/><ChildElements><URDFElement z:Id="i235" i:type="Mesh"><Attributes><Attribute z:Id="i236"><AttributeType>filename</AttributeType><IsRequired>true</IsRequired><Value i:nil="true"/></Attribute></Attributes><ChildElements/><ElementName>mesh</ElementName><required>false</required><FilenameAttribute z:Ref="i236"/></URDFElement></ChildElements><ElementName>geometry</ElementName><required>true</required><Mesh z:Ref="i235"/></URDFElement></ChildElements><ElementName>collision</ElementName><required>false</required><Geometry z:Ref="i234"/><Origin z:Ref="i231"/></URDFElement><URDFElement z:Id="i237" i:type="Joint"><Attributes><Attribute z:Id="i238"><AttributeType>name</AttributeType><IsRequired>true</IsRequired><Value i:type="a:string" xmlns:a="http://www.w3.org/2001/XMLSchema">UpperArm_Down</Value></Attribute><Attribute z:Id="i239"><AttributeType>type</AttributeType><IsRequired>true</IsRequired><Value i:type="a:string" xmlns:a="http://www.w3.org/2001/XMLSchema">continuous</Value></Attribute></Attributes><ChildElements><URDFElement z:Id="i240" i:type="Origin"><Attributes><Attribute z:Id="i241"><AttributeType>xyz</AttributeType><IsRequired>true</IsRequired><Value i:type="a:ArrayOfdouble" xmlns:a="http://schemas.microsoft.com/2003/10/Serialization/Arrays"><a:double>-0.026302</a:double><a:double>-0.16841</a:double><a:double>0</a:double></Value></Attribute><Attribute z:Id="i242"><AttributeType>rpy</AttributeType><IsRequired>true</IsRequired><Value i:type="a:ArrayOfdouble" xmlns:a="http://schemas.microsoft.com/2003/10/Serialization/Arrays"><a:double>-3.1416</a:double><a:double>-1.0387</a:double><a:double>3.1416</a:double></Value></Attribute></Attributes><ChildElements/><ElementName>origin</ElementName><required>false</required><RPYAttribute z:Ref="i242"/><XYZAttribute z:Ref="i241"/><isCustomized>false</isCustomized></URDFElement><URDFElement z:Id="i243" i:type="ParentLink"><Attributes><Attribute z:Id="i244"><AttributeType>link</AttributeType><IsRequired>true</IsRequired><Value i:type="a:string" xmlns:a="http://www.w3.org/2001/XMLSchema">UpperArm_Up</Value></Attribute></Attributes><ChildElements/><ElementName>parent</ElementName><required>true</required><NameAttribute z:Ref="i244"/></URDFElement><URDFElement z:Id="i245" i:type="ChildLink"><Attributes><Attribute z:Id="i246"><AttributeType>link</AttributeType><IsRequired>true</IsRequired><Value i:type="a:string" xmlns:a="http://www.w3.org/2001/XMLSchema">UpperArm_Down</Value></Attribute></Attributes><ChildElements/><ElementName>child</ElementName><required>true</required><NameAttribute z:Ref="i246"/></URDFElement><URDFElement z:Id="i247" i:type="Axis"><Attributes><Attribute z:Id="i248"><AttributeType>xyz</AttributeType><IsRequired>true</IsRequired><Value i:type="a:ArrayOfdouble" xmlns:a="http://schemas.microsoft.com/2003/10/Serialization/Arrays"><a:double>0</a:double><a:double>1</a:double><a:double>0</a:double></Value></Attribute></Attributes><ChildElements/><ElementName>axis</ElementName><required>false</required><XYZAttribute z:Ref="i248"/></URDFElement><URDFElement z:Id="i249" i:type="Limit"><Attributes><Attribute z:Id="i250"><AttributeType>lower</AttributeType><IsRequired>false</IsRequired><Value i:type="a:double" xmlns:a="http://www.w3.org/2001/XMLSchema">-3.1416</Value></Attribute><Attribute z:Id="i251"><AttributeType>upper</AttributeType><IsRequired>false</IsRequired><Value i:type="a:double" xmlns:a="http://www.w3.org/2001/XMLSchema">3.1416</Value></Attribute><Attribute z:Id="i252"><AttributeType>effort</AttributeType><IsRequired>true</IsRequired><Value i:type="a:double" xmlns:a="http://www.w3.org/2001/XMLSchema">100</Value></Attribute><Attribute z:Id="i253"><AttributeType>velocity</AttributeType><IsRequired>true</IsRequired><Value i:type="a:double" xmlns:a="http://www.w3.org/2001/XMLSchema">1</Value></Attribute></Attributes><ChildElements/><ElementName>limit</ElementName><required>false</required><EffortAttribute z:Ref="i252"/><LowerAttribute z:Ref="i250"/><UpperAttribute z:Ref="i251"/><VelocityAttribute z:Ref="i253"/></URDFElement><URDFElement z:Id="i254" i:type="Calibration"><Attributes><Attribute z:Id="i255"><AttributeType>rising</AttributeType><IsRequired>false</IsRequired><Value i:nil="true"/></Attribute><Attribute z:Id="i256"><AttributeType>falling</AttributeType><IsRequired>false</IsRequired><Value i:nil="true"/></Attribute></Attributes><ChildElements/><ElementName>calibration</ElementName><required>false</required><FallingAttribute z:Ref="i256"/><RisingAttribute z:Ref="i255"/></URDFElement><URDFElement z:Id="i257" i:type="Dynamics"><Attributes><Attribute z:Id="i258"><AttributeType>damping</AttributeType><IsRequired>false</IsRequired><Value i:nil="true"/></Attribute><Attribute z:Id="i259"><AttributeType>friction</AttributeType><IsRequired>false</IsRequired><Value i:nil="true"/></Attribute></Attributes><ChildElements/><ElementName>dynamics</ElementName><required>false</required><DampingAttribute z:Ref="i258"/><FrictionAttribute z:Ref="i259"/></URDFElement><URDFElement z:Id="i260" i:type="SafetyController"><Attributes><Attribute z:Id="i261"><AttributeType>soft_upper_limit</AttributeType><IsRequired>false</IsRequired><Value i:nil="true"/></Attribute><Attribute z:Id="i262"><AttributeType>soft_lower_limit</AttributeType><IsRequired>false</IsRequired><Value i:nil="true"/></Attribute><Attribute z:Id="i263"><AttributeType>k_position</AttributeType><IsRequired>false</IsRequired><Value i:nil="true"/></Attribute><Attribute z:Id="i264"><AttributeType>k_velocity</AttributeType><IsRequired>true</IsRequired><Value i:nil="true"/></Attribute></Attributes><ChildElements/><ElementName>safety_controller</ElementName><required>false</required><KPositionAttribute z:Ref="i263"/><KVelocityAttribute z:Ref="i264"/><SoftLowerAttribute z:Ref="i262"/><SoftUpperAttribute z:Ref="i261"/></URDFElement><URDFElement z:Id="i265" i:type="Mimic"><Attributes><Attribute z:Id="i266"><AttributeType>joint</AttributeType><IsRequired>true</IsRequired><Value i:nil="true"/></Attribute><Attribute z:Id="i267"><AttributeType>multiplier</AttributeType><IsRequired>false</IsRequired><Value i:nil="true"/></Attribute><Attribute z:Id="i268"><AttributeType>offset</AttributeType><IsRequired>false</IsRequired><Value i:nil="true"/></Attribute></Attributes><ChildElements/><ElementName>mimic</ElementName><required>false</required><JointNameAttribute z:Ref="i266"/><MultiplierAttribute z:Ref="i267"/><OffsetAttribute z:Ref="i268"/></URDFElement></ChildElements><ElementName>joint</ElementName><required>false</required><Axis z:Ref="i247"/><AxisName>Axis_UpperArm_Down</AxisName><Calibration z:Ref="i254"/><Child z:Ref="i245"/><CoordinateSystemName>Origin_UpperArm_Down</CoordinateSystemName><Dynamics z:Ref="i257"/><Limit z:Ref="i249"/><Mimic z:Ref="i265"/><NameAttribute z:Ref="i238"/><Origin z:Ref="i240"/><Parent z:Ref="i243"/><Safety z:Ref="i260"/><TypeAttribute z:Ref="i239"/></URDFElement></ChildElements><ElementName>link</ElementName><required>true</required><Children><Link z:Id="i269"><Attributes><Attribute z:Id="i270"><AttributeType>name</AttributeType><IsRequired>true</IsRequired><Value i:type="a:string" xmlns:a="http://www.w3.org/2001/XMLSchema">ForeArm_Up</Value></Attribute></Attributes><ChildElements><URDFElement z:Id="i271" i:type="Inertial"><Attributes/><ChildElements><URDFElement z:Id="i272" i:type="Origin"><Attributes><Attribute z:Id="i273"><AttributeType>xyz</AttributeType><IsRequired>true</IsRequired><Value i:type="a:ArrayOfdouble" xmlns:a="http://schemas.microsoft.com/2003/10/Serialization/Arrays"><a:double>-0.019407</a:double><a:double>-0.018604</a:double><a:double>-0.053696</a:double></Value></Attribute><Attribute z:Id="i274"><AttributeType>rpy</AttributeType><IsRequired>true</IsRequired><Value i:type="a:ArrayOfdouble" xmlns:a="http://schemas.microsoft.com/2003/10/Serialization/Arrays"><a:double>0</a:double><a:double>0</a:double><a:double>0</a:double></Value></Attribute></Attributes><ChildElements/><ElementName>origin</ElementName><required>false</required><RPYAttribute z:Ref="i274"/><XYZAttribute z:Ref="i273"/><isCustomized>false</isCustomized></URDFElement><URDFElement z:Id="i275" i:type="Mass"><Attributes><Attribute z:Id="i276"><AttributeType>value</AttributeType><IsRequired>true</IsRequired><Value i:type="a:double" xmlns:a="http://www.w3.org/2001/XMLSchema">0.372</Value></Attribute></Attributes><ChildElements/><ElementName>mass</ElementName><required>false</required><ValueAttribute z:Ref="i276"/></URDFElement><URDFElement z:Id="i277" i:type="Inertia"><Attributes><Attribute z:Id="i278"><AttributeType>ixx</AttributeType><IsRequired>true</IsRequired><Value i:type="a:double" xmlns:a="http://www.w3.org/2001/XMLSchema">0.00010102</Value></Attribute><Attribute z:Id="i279"><AttributeType>ixy</AttributeType><IsRequired>true</IsRequired><Value i:type="a:double" xmlns:a="http://www.w3.org/2001/XMLSchema">6.3774E-06</Value></Attribute><Attribute z:Id="i280"><AttributeType>ixz</AttributeType><IsRequired>true</IsRequired><Value i:type="a:double" xmlns:a="http://www.w3.org/2001/XMLSchema">-1.9645E-05</Value></Attribute><Attribute z:Id="i281"><AttributeType>iyy</AttributeType><IsRequired>true</IsRequired><Value i:type="a:double" xmlns:a="http://www.w3.org/2001/XMLSchema">0.00010426</Value></Attribute><Attribute z:Id="i282"><AttributeType>iyz</AttributeType><IsRequired>true</IsRequired><Value i:type="a:double" xmlns:a="http://www.w3.org/2001/XMLSchema">1.7652E-05</Value></Attribute><Attribute z:Id="i283"><AttributeType>izz</AttributeType><IsRequired>true</IsRequired><Value i:type="a:double" xmlns:a="http://www.w3.org/2001/XMLSchema">5.3752E-05</Value></Attribute></Attributes><ChildElements/><ElementName>inertia</ElementName><required>false</required><IxxAttribute z:Ref="i278"/><IxyAttribute z:Ref="i279"/><IxzAttribute z:Ref="i280"/><IyyAttribute z:Ref="i281"/><IyzAttribute z:Ref="i282"/><IzzAttribute z:Ref="i283"/></URDFElement></ChildElements><ElementName>inertial</ElementName><required>false</required><Inertia z:Ref="i277"/><Mass z:Ref="i275"/><Origin z:Ref="i272"/></URDFElement><URDFElement z:Id="i284" i:type="Visual"><Attributes/><ChildElements><URDFElement z:Id="i285" i:type="Origin"><Attributes><Attribute z:Id="i286"><AttributeType>xyz</AttributeType><IsRequired>true</IsRequired><Value i:type="a:ArrayOfdouble" xmlns:a="http://schemas.microsoft.com/2003/10/Serialization/Arrays"><a:double>0</a:double><a:double>0</a:double><a:double>0</a:double></Value></Attribute><Attribute z:Id="i287"><AttributeType>rpy</AttributeType><IsRequired>true</IsRequired><Value i:type="a:ArrayOfdouble" xmlns:a="http://schemas.microsoft.com/2003/10/Serialization/Arrays"><a:double>0</a:double><a:double>0</a:double><a:double>0</a:double></Value></Attribute></Attributes><ChildElements/><ElementName>origin</ElementName><required>false</required><RPYAttribute z:Ref="i287"/><XYZAttribute z:Ref="i286"/><isCustomized>false</isCustomized></URDFElement><URDFElement z:Id="i288" i:type="Geometry"><Attributes/><ChildElements><URDFElement z:Id="i289" i:type="Mesh"><Attributes><Attribute z:Id="i290"><AttributeType>filename</AttributeType><IsRequired>true</IsRequired><Value i:nil="true"/></Attribute></Attributes><ChildElements/><ElementName>mesh</ElementName><required>false</required><FilenameAttribute z:Ref="i290"/></URDFElement></ChildElements><ElementName>geometry</ElementName><required>true</required><Mesh z:Ref="i289"/></URDFElement><URDFElement z:Id="i291" i:type="Material"><Attributes><Attribute z:Id="i292"><AttributeType>name</AttributeType><IsRequired>true</IsRequired><Value i:type="a:string" xmlns:a="http://www.w3.org/2001/XMLSchema"/></Attribute></Attributes><ChildElements><URDFElement z:Id="i293" i:type="Color"><Attributes><Attribute z:Id="i294"><AttributeType>rgba</AttributeType><IsRequired>true</IsRequired><Value i:type="a:ArrayOfdouble" xmlns:a="http://schemas.microsoft.com/2003/10/Serialization/Arrays"><a:double>0.67059</a:double><a:double>0.63922</a:double><a:double>0.61961</a:double><a:double>1</a:double></Value></Attribute></Attributes><ChildElements/><ElementName>color</ElementName><required>false</required><RGBAAttribute z:Ref="i294"/></URDFElement><URDFElement z:Id="i295" i:type="Texture"><Attributes><Attribute z:Id="i296"><AttributeType>filename</AttributeType><IsRequired>true</IsRequired><Value i:nil="true"/></Attribute></Attributes><ChildElements/><ElementName>texture</ElementName><required>false</required><FilenameAttribute z:Ref="i296"/><wFilename/></URDFElement></ChildElements><ElementName>material</ElementName><required>false</required><Color z:Ref="i293"/><NameAttribute z:Ref="i292"/><Texture z:Ref="i295"/></URDFElement></ChildElements><ElementName>visual</ElementName><required>false</required><Geometry z:Ref="i288"/><Material z:Ref="i291"/><Origin z:Ref="i285"/></URDFElement><URDFElement z:Id="i297" i:type="Collision"><Attributes/><ChildElements><URDFElement z:Id="i298" i:type="Origin"><Attributes><Attribute z:Id="i299"><AttributeType>xyz</AttributeType><IsRequired>true</IsRequired><Value i:type="a:ArrayOfdouble" xmlns:a="http://schemas.microsoft.com/2003/10/Serialization/Arrays"><a:double>0</a:double><a:double>0</a:double><a:double>0</a:double></Value></Attribute><Attribute z:Id="i300"><AttributeType>rpy</AttributeType><IsRequired>true</IsRequired><Value i:type="a:ArrayOfdouble" xmlns:a="http://schemas.microsoft.com/2003/10/Serialization/Arrays"><a:double>0</a:double><a:double>0</a:double><a:double>0</a:double></Value></Attribute></Attributes><ChildElements/><ElementName>origin</ElementName><required>false</required><RPYAttribute z:Ref="i300"/><XYZAttribute z:Ref="i299"/><isCustomized>false</isCustomized></URDFElement><URDFElement z:Id="i301" i:type="Geometry"><Attributes/><ChildElements><URDFElement z:Id="i302" i:type="Mesh"><Attributes><Attribute z:Id="i303"><AttributeType>filename</AttributeType><IsRequired>true</IsRequired><Value i:nil="true"/></Attribute></Attributes><ChildElements/><ElementName>mesh</ElementName><required>false</required><FilenameAttribute z:Ref="i303"/></URDFElement></ChildElements><ElementName>geometry</ElementName><required>true</required><Mesh z:Ref="i302"/></URDFElement></ChildElements><ElementName>collision</ElementName><required>false</required><Geometry z:Ref="i301"/><Origin z:Ref="i298"/></URDFElement><URDFElement z:Id="i304" i:type="Joint"><Attributes><Attribute z:Id="i305"><AttributeType>name</AttributeType><IsRequired>true</IsRequired><Value i:type="a:string" xmlns:a="http://www.w3.org/2001/XMLSchema">ForeArm_Up</Value></Attribute><Attribute z:Id="i306"><AttributeType>type</AttributeType><IsRequired>true</IsRequired><Value i:type="a:string" xmlns:a="http://www.w3.org/2001/XMLSchema">continuous</Value></Attribute></Attributes><ChildElements><URDFElement z:Id="i307" i:type="Origin"><Attributes><Attribute z:Id="i308"><AttributeType>xyz</AttributeType><IsRequired>true</IsRequired><Value i:type="a:ArrayOfdouble" xmlns:a="http://schemas.microsoft.com/2003/10/Serialization/Arrays"><a:double>0</a:double><a:double>-0.096088</a:double><a:double>0</a:double></Value></Attribute><Attribute z:Id="i309"><AttributeType>rpy</AttributeType><IsRequired>true</IsRequired><Value i:type="a:ArrayOfdouble" xmlns:a="http://schemas.microsoft.com/2003/10/Serialization/Arrays"><a:double>1.1144</a:double><a:double>0.90407</a:double><a:double>2.5831</a:double></Value></Attribute></Attributes><ChildElements/><ElementName>origin</ElementName><required>false</required><RPYAttribute z:Ref="i309"/><XYZAttribute z:Ref="i308"/><isCustomized>false</isCustomized></URDFElement><URDFElement z:Id="i310" i:type="ParentLink"><Attributes><Attribute z:Id="i311"><AttributeType>link</AttributeType><IsRequired>true</IsRequired><Value i:type="a:string" xmlns:a="http://www.w3.org/2001/XMLSchema">UpperArm_Down</Value></Attribute></Attributes><ChildElements/><ElementName>parent</ElementName><required>true</required><NameAttribute z:Ref="i311"/></URDFElement><URDFElement z:Id="i312" i:type="ChildLink"><Attributes><Attribute z:Id="i313"><AttributeType>link</AttributeType><IsRequired>true</IsRequired><Value i:type="a:string" xmlns:a="http://www.w3.org/2001/XMLSchema">ForeArm_Up</Value></Attribute></Attributes><ChildElements/><ElementName>child</ElementName><required>true</required><NameAttribute z:Ref="i313"/></URDFElement><URDFElement z:Id="i314" i:type="Axis"><Attributes><Attribute z:Id="i315"><AttributeType>xyz</AttributeType><IsRequired>true</IsRequired><Value i:type="a:ArrayOfdouble" xmlns:a="http://schemas.microsoft.com/2003/10/Serialization/Arrays"><a:double>0</a:double><a:double>1</a:double><a:double>0</a:double></Value></Attribute></Attributes><ChildElements/><ElementName>axis</ElementName><required>false</required><XYZAttribute z:Ref="i315"/></URDFElement><URDFElement z:Id="i316" i:type="Limit"><Attributes><Attribute z:Id="i317"><AttributeType>lower</AttributeType><IsRequired>false</IsRequired><Value i:type="a:double" xmlns:a="http://www.w3.org/2001/XMLSchema">-1.047</Value></Attribute><Attribute z:Id="i318"><AttributeType>upper</AttributeType><IsRequired>false</IsRequired><Value i:type="a:double" xmlns:a="http://www.w3.org/2001/XMLSchema">1.047</Value></Attribute><Attribute z:Id="i319"><AttributeType>effort</AttributeType><IsRequired>true</IsRequired><Value i:type="a:double" xmlns:a="http://www.w3.org/2001/XMLSchema">100</Value></Attribute><Attribute z:Id="i320"><AttributeType>velocity</AttributeType><IsRequired>true</IsRequired><Value i:type="a:double" xmlns:a="http://www.w3.org/2001/XMLSchema">1</Value></Attribute></Attributes><ChildElements/><ElementName>limit</ElementName><required>false</required><EffortAttribute z:Ref="i319"/><LowerAttribute z:Ref="i317"/><UpperAttribute z:Ref="i318"/><VelocityAttribute z:Ref="i320"/></URDFElement><URDFElement z:Id="i321" i:type="Calibration"><Attributes><Attribute z:Id="i322"><AttributeType>rising</AttributeType><IsRequired>false</IsRequired><Value i:nil="true"/></Attribute><Attribute z:Id="i323"><AttributeType>falling</AttributeType><IsRequired>false</IsRequired><Value i:nil="true"/></Attribute></Attributes><ChildElements/><ElementName>calibration</ElementName><required>false</required><FallingAttribute z:Ref="i323"/><RisingAttribute z:Ref="i322"/></URDFElement><URDFElement z:Id="i324" i:type="Dynamics"><Attributes><Attribute z:Id="i325"><AttributeType>damping</AttributeType><IsRequired>false</IsRequired><Value i:nil="true"/></Attribute><Attribute z:Id="i326"><AttributeType>friction</AttributeType><IsRequired>false</IsRequired><Value i:nil="true"/></Attribute></Attributes><ChildElements/><ElementName>dynamics</ElementName><required>false</required><DampingAttribute z:Ref="i325"/><FrictionAttribute z:Ref="i326"/></URDFElement><URDFElement z:Id="i327" i:type="SafetyController"><Attributes><Attribute z:Id="i328"><AttributeType>soft_upper_limit</AttributeType><IsRequired>false</IsRequired><Value i:nil="true"/></Attribute><Attribute z:Id="i329"><AttributeType>soft_lower_limit</AttributeType><IsRequired>false</IsRequired><Value i:nil="true"/></Attribute><Attribute z:Id="i330"><AttributeType>k_position</AttributeType><IsRequired>false</IsRequired><Value i:nil="true"/></Attribute><Attribute z:Id="i331"><AttributeType>k_velocity</AttributeType><IsRequired>true</IsRequired><Value i:nil="true"/></Attribute></Attributes><ChildElements/><ElementName>safety_controller</ElementName><required>false</required><KPositionAttribute z:Ref="i330"/><KVelocityAttribute z:Ref="i331"/><SoftLowerAttribute z:Ref="i329"/><SoftUpperAttribute z:Ref="i328"/></URDFElement><URDFElement z:Id="i332" i:type="Mimic"><Attributes><Attribute z:Id="i333"><AttributeType>joint</AttributeType><IsRequired>true</IsRequired><Value i:nil="true"/></Attribute><Attribute z:Id="i334"><AttributeType>multiplier</AttributeType><IsRequired>false</IsRequired><Value i:nil="true"/></Attribute><Attribute z:Id="i335"><AttributeType>offset</AttributeType><IsRequired>false</IsRequired><Value i:nil="true"/></Attribute></Attributes><ChildElements/><ElementName>mimic</ElementName><required>false</required><JointNameAttribute z:Ref="i333"/><MultiplierAttribute z:Ref="i334"/><OffsetAttribute z:Ref="i335"/></URDFElement></ChildElements><ElementName>joint</ElementName><required>false</required><Axis z:Ref="i314"/><AxisName>Axis_ForeArm_Up</AxisName><Calibration z:Ref="i321"/><Child z:Ref="i312"/><CoordinateSystemName>Origin_ForeArm_Up</CoordinateSystemName><Dynamics z:Ref="i324"/><Limit z:Ref="i316"/><Mimic z:Ref="i332"/><NameAttribute z:Ref="i305"/><Origin z:Ref="i307"/><Parent z:Ref="i310"/><Safety z:Ref="i327"/><TypeAttribute z:Ref="i306"/></URDFElement></ChildElements><ElementName>link</ElementName><required>true</required><Children><Link z:Id="i336"><Attributes><Attribute z:Id="i337"><AttributeType>name</AttributeType><IsRequired>true</IsRequired><Value i:type="a:string" xmlns:a="http://www.w3.org/2001/XMLSchema">ForeArm_Down</Value></Attribute></Attributes><ChildElements><URDFElement z:Id="i338" i:type="Inertial"><Attributes/><ChildElements><URDFElement z:Id="i339" i:type="Origin"><Attributes><Attribute z:Id="i340"><AttributeType>xyz</AttributeType><IsRequired>true</IsRequired><Value i:type="a:ArrayOfdouble" xmlns:a="http://schemas.microsoft.com/2003/10/Serialization/Arrays"><a:double>0.018432</a:double><a:double>0.065395</a:double><a:double>0.0029778</a:double></Value></Attribute><Attribute z:Id="i341"><AttributeType>rpy</AttributeType><IsRequired>true</IsRequired><Value i:type="a:ArrayOfdouble" xmlns:a="http://schemas.microsoft.com/2003/10/Serialization/Arrays"><a:double>0</a:double><a:double>0</a:double><a:double>0</a:double></Value></Attribute></Attributes><ChildElements/><ElementName>origin</ElementName><required>false</required><RPYAttribute z:Ref="i341"/><XYZAttribute z:Ref="i340"/><isCustomized>false</isCustomized></URDFElement><URDFElement z:Id="i342" i:type="Mass"><Attributes><Attribute z:Id="i343"><AttributeType>value</AttributeType><IsRequired>true</IsRequired><Value i:type="a:double" xmlns:a="http://www.w3.org/2001/XMLSchema">0.6</Value></Attribute></Attributes><ChildElements/><ElementName>mass</ElementName><required>false</required><ValueAttribute z:Ref="i343"/></URDFElement><URDFElement z:Id="i344" i:type="Inertia"><Attributes><Attribute z:Id="i345"><AttributeType>ixx</AttributeType><IsRequired>true</IsRequired><Value i:type="a:double" xmlns:a="http://www.w3.org/2001/XMLSchema">9.2915E-05</Value></Attribute><Attribute z:Id="i346"><AttributeType>ixy</AttributeType><IsRequired>true</IsRequired><Value i:type="a:double" xmlns:a="http://www.w3.org/2001/XMLSchema">-1.4642E-05</Value></Attribute><Attribute z:Id="i347"><AttributeType>ixz</AttributeType><IsRequired>true</IsRequired><Value i:type="a:double" xmlns:a="http://www.w3.org/2001/XMLSchema">-2.9637E-06</Value></Attribute><Attribute z:Id="i348"><AttributeType>iyy</AttributeType><IsRequired>true</IsRequired><Value i:type="a:double" xmlns:a="http://www.w3.org/2001/XMLSchema">7.1014E-05</Value></Attribute><Attribute z:Id="i349"><AttributeType>iyz</AttributeType><IsRequired>true</IsRequired><Value i:type="a:double" xmlns:a="http://www.w3.org/2001/XMLSchema">-2.3594E-06</Value></Attribute><Attribute z:Id="i350"><AttributeType>izz</AttributeType><IsRequired>true</IsRequired><Value i:type="a:double" xmlns:a="http://www.w3.org/2001/XMLSchema">0.00011072</Value></Attribute></Attributes><ChildElements/><ElementName>inertia</ElementName><required>false</required><IxxAttribute z:Ref="i345"/><IxyAttribute z:Ref="i346"/><IxzAttribute z:Ref="i347"/><IyyAttribute z:Ref="i348"/><IyzAttribute z:Ref="i349"/><IzzAttribute z:Ref="i350"/></URDFElement></ChildElements><ElementName>inertial</ElementName><required>false</required><Inertia z:Ref="i344"/><Mass z:Ref="i342"/><Origin z:Ref="i339"/></URDFElement><URDFElement z:Id="i351" i:type="Visual"><Attributes/><ChildElements><URDFElement z:Id="i352" i:type="Origin"><Attributes><Attribute z:Id="i353"><AttributeType>xyz</AttributeType><IsRequired>true</IsRequired><Value i:type="a:ArrayOfdouble" xmlns:a="http://schemas.microsoft.com/2003/10/Serialization/Arrays"><a:double>0</a:double><a:double>0</a:double><a:double>0</a:double></Value></Attribute><Attribute z:Id="i354"><AttributeType>rpy</AttributeType><IsRequired>true</IsRequired><Value i:type="a:ArrayOfdouble" xmlns:a="http://schemas.microsoft.com/2003/10/Serialization/Arrays"><a:double>0</a:double><a:double>0</a:double><a:double>0</a:double></Value></Attribute></Attributes><ChildElements/><ElementName>origin</ElementName><required>false</required><RPYAttribute z:Ref="i354"/><XYZAttribute z:Ref="i353"/><isCustomized>false</isCustomized></URDFElement><URDFElement z:Id="i355" i:type="Geometry"><Attributes/><ChildElements><URDFElement z:Id="i356" i:type="Mesh"><Attributes><Attribute z:Id="i357"><AttributeType>filename</AttributeType><IsRequired>true</IsRequired><Value i:nil="true"/></Attribute></Attributes><ChildElements/><ElementName>mesh</ElementName><required>false</required><FilenameAttribute z:Ref="i357"/></URDFElement></ChildElements><ElementName>geometry</ElementName><required>true</required><Mesh z:Ref="i356"/></URDFElement><URDFElement z:Id="i358" i:type="Material"><Attributes><Attribute z:Id="i359"><AttributeType>name</AttributeType><IsRequired>true</IsRequired><Value i:type="a:string" xmlns:a="http://www.w3.org/2001/XMLSchema"/></Attribute></Attributes><ChildElements><URDFElement z:Id="i360" i:type="Color"><Attributes><Attribute z:Id="i361"><AttributeType>rgba</AttributeType><IsRequired>true</IsRequired><Value i:type="a:ArrayOfdouble" xmlns:a="http://schemas.microsoft.com/2003/10/Serialization/Arrays"><a:double>0.67059</a:double><a:double>0.63922</a:double><a:double>0.61961</a:double><a:double>1</a:double></Value></Attribute></Attributes><ChildElements/><ElementName>color</ElementName><required>false</required><RGBAAttribute z:Ref="i361"/></URDFElement><URDFElement z:Id="i362" i:type="Texture"><Attributes><Attribute z:Id="i363"><AttributeType>filename</AttributeType><IsRequired>true</IsRequired><Value i:nil="true"/></Attribute></Attributes><ChildElements/><ElementName>texture</ElementName><required>false</required><FilenameAttribute z:Ref="i363"/><wFilename/></URDFElement></ChildElements><ElementName>material</ElementName><required>false</required><Color z:Ref="i360"/><NameAttribute z:Ref="i359"/><Texture z:Ref="i362"/></URDFElement></ChildElements><ElementName>visual</ElementName><required>false</required><Geometry z:Ref="i355"/><Material z:Ref="i358"/><Origin z:Ref="i352"/></URDFElement><URDFElement z:Id="i364" i:type="Collision"><Attributes/><ChildElements><URDFElement z:Id="i365" i:type="Origin"><Attributes><Attribute z:Id="i366"><AttributeType>xyz</AttributeType><IsRequired>true</IsRequired><Value i:type="a:ArrayOfdouble" xmlns:a="http://schemas.microsoft.com/2003/10/Serialization/Arrays"><a:double>0</a:double><a:double>0</a:double><a:double>0</a:double></Value></Attribute><Attribute z:Id="i367"><AttributeType>rpy</AttributeType><IsRequired>true</IsRequired><Value i:type="a:ArrayOfdouble" xmlns:a="http://schemas.microsoft.com/2003/10/Serialization/Arrays"><a:double>0</a:double><a:double>0</a:double><a:double>0</a:double></Value></Attribute></Attributes><ChildElements/><ElementName>origin</ElementName><required>false</required><RPYAttribute z:Ref="i367"/><XYZAttribute z:Ref="i366"/><isCustomized>false</isCustomized></URDFElement><URDFElement z:Id="i368" i:type="Geometry"><Attributes/><ChildElements><URDFElement z:Id="i369" i:type="Mesh"><Attributes><Attribute z:Id="i370"><AttributeType>filename</AttributeType><IsRequired>true</IsRequired><Value i:nil="true"/></Attribute></Attributes><ChildElements/><ElementName>mesh</ElementName><required>false</required><FilenameAttribute z:Ref="i370"/></URDFElement></ChildElements><ElementName>geometry</ElementName><required>true</required><Mesh z:Ref="i369"/></URDFElement></ChildElements><ElementName>collision</ElementName><required>false</required><Geometry z:Ref="i368"/><Origin z:Ref="i365"/></URDFElement><URDFElement z:Id="i371" i:type="Joint"><Attributes><Attribute z:Id="i372"><AttributeType>name</AttributeType><IsRequired>true</IsRequired><Value i:type="a:string" xmlns:a="http://www.w3.org/2001/XMLSchema">ForeArm_Down</Value></Attribute><Attribute z:Id="i373"><AttributeType>type</AttributeType><IsRequired>true</IsRequired><Value i:type="a:string" xmlns:a="http://www.w3.org/2001/XMLSchema">continuous</Value></Attribute></Attributes><ChildElements><URDFElement z:Id="i374" i:type="Origin"><Attributes><Attribute z:Id="i375"><AttributeType>xyz</AttributeType><IsRequired>true</IsRequired><Value i:type="a:ArrayOfdouble" xmlns:a="http://schemas.microsoft.com/2003/10/Serialization/Arrays"><a:double>-0.031609</a:double><a:double>-0.00425</a:double><a:double>-0.087577</a:double></Value></Attribute><Attribute z:Id="i376"><AttributeType>rpy</AttributeType><IsRequired>true</IsRequired><Value i:type="a:ArrayOfdouble" xmlns:a="http://schemas.microsoft.com/2003/10/Serialization/Arrays"><a:double>-1.9073</a:double><a:double>-0.083931</a:double><a:double>-1.806</a:double></Value></Attribute></Attributes><ChildElements/><ElementName>origin</ElementName><required>false</required><RPYAttribute z:Ref="i376"/><XYZAttribute z:Ref="i375"/><isCustomized>false</isCustomized></URDFElement><URDFElement z:Id="i377" i:type="ParentLink"><Attributes><Attribute z:Id="i378"><AttributeType>link</AttributeType><IsRequired>true</IsRequired><Value i:type="a:string" xmlns:a="http://www.w3.org/2001/XMLSchema">ForeArm_Up</Value></Attribute></Attributes><ChildElements/><ElementName>parent</ElementName><required>true</required><NameAttribute z:Ref="i378"/></URDFElement><URDFElement z:Id="i379" i:type="ChildLink"><Attributes><Attribute z:Id="i380"><AttributeType>link</AttributeType><IsRequired>true</IsRequired><Value i:type="a:string" xmlns:a="http://www.w3.org/2001/XMLSchema">ForeArm_Down</Value></Attribute></Attributes><ChildElements/><ElementName>child</ElementName><required>true</required><NameAttribute z:Ref="i380"/></URDFElement><URDFElement z:Id="i381" i:type="Axis"><Attributes><Attribute z:Id="i382"><AttributeType>xyz</AttributeType><IsRequired>true</IsRequired><Value i:type="a:ArrayOfdouble" xmlns:a="http://schemas.microsoft.com/2003/10/Serialization/Arrays"><a:double>0</a:double><a:double>1</a:double><a:double>0</a:double></Value></Attribute></Attributes><ChildElements/><ElementName>axis</ElementName><required>false</required><XYZAttribute z:Ref="i382"/></URDFElement><URDFElement z:Id="i383" i:type="Limit"><Attributes><Attribute z:Id="i384"><AttributeType>lower</AttributeType><IsRequired>false</IsRequired><Value i:type="a:double" xmlns:a="http://www.w3.org/2001/XMLSchema">-3.1416</Value></Attribute><Attribute z:Id="i385"><AttributeType>upper</AttributeType><IsRequired>false</IsRequired><Value i:type="a:double" xmlns:a="http://www.w3.org/2001/XMLSchema">3.1416</Value></Attribute><Attribute z:Id="i386"><AttributeType>effort</AttributeType><IsRequired>true</IsRequired><Value i:type="a:double" xmlns:a="http://www.w3.org/2001/XMLSchema">100</Value></Attribute><Attribute z:Id="i387"><AttributeType>velocity</AttributeType><IsRequired>true</IsRequired><Value i:type="a:double" xmlns:a="http://www.w3.org/2001/XMLSchema">1</Value></Attribute></Attributes><ChildElements/><ElementName>limit</ElementName><required>false</required><EffortAttribute z:Ref="i386"/><LowerAttribute z:Ref="i384"/><UpperAttribute z:Ref="i385"/><VelocityAttribute z:Ref="i387"/></URDFElement><URDFElement z:Id="i388" i:type="Calibration"><Attributes><Attribute z:Id="i389"><AttributeType>rising</AttributeType><IsRequired>false</IsRequired><Value i:nil="true"/></Attribute><Attribute z:Id="i390"><AttributeType>falling</AttributeType><IsRequired>false</IsRequired><Value i:nil="true"/></Attribute></Attributes><ChildElements/><ElementName>calibration</ElementName><required>false</required><FallingAttribute z:Ref="i390"/><RisingAttribute z:Ref="i389"/></URDFElement><URDFElement z:Id="i391" i:type="Dynamics"><Attributes><Attribute z:Id="i392"><AttributeType>damping</AttributeType><IsRequired>false</IsRequired><Value i:nil="true"/></Attribute><Attribute z:Id="i393"><AttributeType>friction</AttributeType><IsRequired>false</IsRequired><Value i:nil="true"/></Attribute></Attributes><ChildElements/><ElementName>dynamics</ElementName><required>false</required><DampingAttribute z:Ref="i392"/><FrictionAttribute z:Ref="i393"/></URDFElement><URDFElement z:Id="i394" i:type="SafetyController"><Attributes><Attribute z:Id="i395"><AttributeType>soft_upper_limit</AttributeType><IsRequired>false</IsRequired><Value i:nil="true"/></Attribute><Attribute z:Id="i396"><AttributeType>soft_lower_limit</AttributeType><IsRequired>false</IsRequired><Value i:nil="true"/></Attribute><Attribute z:Id="i397"><AttributeType>k_position</AttributeType><IsRequired>false</IsRequired><Value i:nil="true"/></Attribute><Attribute z:Id="i398"><AttributeType>k_velocity</AttributeType><IsRequired>true</IsRequired><Value i:nil="true"/></Attribute></Attributes><ChildElements/><ElementName>safety_controller</ElementName><required>false</required><KPositionAttribute z:Ref="i397"/><KVelocityAttribute z:Ref="i398"/><SoftLowerAttribute z:Ref="i396"/><SoftUpperAttribute z:Ref="i395"/></URDFElement><URDFElement z:Id="i399" i:type="Mimic"><Attributes><Attribute z:Id="i400"><AttributeType>joint</AttributeType><IsRequired>true</IsRequired><Value i:nil="true"/></Attribute><Attribute z:Id="i401"><AttributeType>multiplier</AttributeType><IsRequired>false</IsRequired><Value i:nil="true"/></Attribute><Attribute z:Id="i402"><AttributeType>offset</AttributeType><IsRequired>false</IsRequired><Value i:nil="true"/></Attribute></Attributes><ChildElements/><ElementName>mimic</ElementName><required>false</required><JointNameAttribute z:Ref="i400"/><MultiplierAttribute z:Ref="i401"/><OffsetAttribute z:Ref="i402"/></URDFElement></ChildElements><ElementName>joint</ElementName><required>false</required><Axis z:Ref="i381"/><AxisName>Axis_ForeArm_Down</AxisName><Calibration z:Ref="i388"/><Child z:Ref="i379"/><CoordinateSystemName>Origin_ForeArm_Down</CoordinateSystemName><Dynamics z:Ref="i391"/><Limit z:Ref="i383"/><Mimic z:Ref="i399"/><NameAttribute z:Ref="i372"/><Origin z:Ref="i374"/><Parent z:Ref="i377"/><Safety z:Ref="i394"/><TypeAttribute z:Ref="i373"/></URDFElement></ChildElements><ElementName>link</ElementName><required>true</required><Children><Link z:Id="i403"><Attributes><Attribute z:Id="i404"><AttributeType>name</AttributeType><IsRequired>true</IsRequired><Value i:type="a:string" xmlns:a="http://www.w3.org/2001/XMLSchema">Wrist</Value></Attribute></Attributes><ChildElements><URDFElement z:Id="i405" i:type="Inertial"><Attributes/><ChildElements><URDFElement z:Id="i406" i:type="Origin"><Attributes><Attribute z:Id="i407"><AttributeType>xyz</AttributeType><IsRequired>true</IsRequired><Value i:type="a:ArrayOfdouble" xmlns:a="http://schemas.microsoft.com/2003/10/Serialization/Arrays"><a:double>0.029441</a:double><a:double>-0.0051358</a:double><a:double>-0.050997</a:double></Value></Attribute><Attribute z:Id="i408"><AttributeType>rpy</AttributeType><IsRequired>true</IsRequired><Value i:type="a:ArrayOfdouble" xmlns:a="http://schemas.microsoft.com/2003/10/Serialization/Arrays"><a:double>0</a:double><a:double>0</a:double><a:double>0</a:double></Value></Attribute></Attributes><ChildElements/><ElementName>origin</ElementName><required>false</required><RPYAttribute z:Ref="i408"/><XYZAttribute z:Ref="i407"/><isCustomized>false</isCustomized></URDFElement><URDFElement z:Id="i409" i:type="Mass"><Attributes><Attribute z:Id="i410"><AttributeType>value</AttributeType><IsRequired>true</IsRequired><Value i:type="a:double" xmlns:a="http://www.w3.org/2001/XMLSchema">0.11493</Value></Attribute></Attributes><ChildElements/><ElementName>mass</ElementName><required>false</required><ValueAttribute z:Ref="i410"/></URDFElement><URDFElement z:Id="i411" i:type="Inertia"><Attributes><Attribute z:Id="i412"><AttributeType>ixx</AttributeType><IsRequired>true</IsRequired><Value i:type="a:double" xmlns:a="http://www.w3.org/2001/XMLSchema">3.6098E-05</Value></Attribute><Attribute z:Id="i413"><AttributeType>ixy</AttributeType><IsRequired>true</IsRequired><Value i:type="a:double" xmlns:a="http://www.w3.org/2001/XMLSchema">-1.5617E-06</Value></Attribute><Attribute z:Id="i414"><AttributeType>ixz</AttributeType><IsRequired>true</IsRequired><Value i:type="a:double" xmlns:a="http://www.w3.org/2001/XMLSchema">-9.489E-07</Value></Attribute><Attribute z:Id="i415"><AttributeType>iyy</AttributeType><IsRequired>true</IsRequired><Value i:type="a:double" xmlns:a="http://www.w3.org/2001/XMLSchema">1.8954E-05</Value></Attribute><Attribute z:Id="i416"><AttributeType>iyz</AttributeType><IsRequired>true</IsRequired><Value i:type="a:double" xmlns:a="http://www.w3.org/2001/XMLSchema">3.9916E-06</Value></Attribute><Attribute z:Id="i417"><AttributeType>izz</AttributeType><IsRequired>true</IsRequired><Value i:type="a:double" xmlns:a="http://www.w3.org/2001/XMLSchema">3.7196E-05</Value></Attribute></Attributes><ChildElements/><ElementName>inertia</ElementName><required>false</required><IxxAttribute z:Ref="i412"/><IxyAttribute z:Ref="i413"/><IxzAttribute z:Ref="i414"/><IyyAttribute z:Ref="i415"/><IyzAttribute z:Ref="i416"/><IzzAttribute z:Ref="i417"/></URDFElement></ChildElements><ElementName>inertial</ElementName><required>false</required><Inertia z:Ref="i411"/><Mass z:Ref="i409"/><Origin z:Ref="i406"/></URDFElement><URDFElement z:Id="i418" i:type="Visual"><Attributes/><ChildElements><URDFElement z:Id="i419" i:type="Origin"><Attributes><Attribute z:Id="i420"><AttributeType>xyz</AttributeType><IsRequired>true</IsRequired><Value i:type="a:ArrayOfdouble" xmlns:a="http://schemas.microsoft.com/2003/10/Serialization/Arrays"><a:double>0</a:double><a:double>0</a:double><a:double>0</a:double></Value></Attribute><Attribute z:Id="i421"><AttributeType>rpy</AttributeType><IsRequired>true</IsRequired><Value i:type="a:ArrayOfdouble" xmlns:a="http://schemas.microsoft.com/2003/10/Serialization/Arrays"><a:double>0</a:double><a:double>0</a:double><a:double>0</a:double></Value></Attribute></Attributes><ChildElements/><ElementName>origin</ElementName><required>false</required><RPYAttribute z:Ref="i421"/><XYZAttribute z:Ref="i420"/><isCustomized>false</isCustomized></URDFElement><URDFElement z:Id="i422" i:type="Geometry"><Attributes/><ChildElements><URDFElement z:Id="i423" i:type="Mesh"><Attributes><Attribute z:Id="i424"><AttributeType>filename</AttributeType><IsRequired>true</IsRequired><Value i:nil="true"/></Attribute></Attributes><ChildElements/><ElementName>mesh</ElementName><required>false</required><FilenameAttribute z:Ref="i424"/></URDFElement></ChildElements><ElementName>geometry</ElementName><required>true</required><Mesh z:Ref="i423"/></URDFElement><URDFElement z:Id="i425" i:type="Material"><Attributes><Attribute z:Id="i426"><AttributeType>name</AttributeType><IsRequired>true</IsRequired><Value i:type="a:string" xmlns:a="http://www.w3.org/2001/XMLSchema"/></Attribute></Attributes><ChildElements><URDFElement z:Id="i427" i:type="Color"><Attributes><Attribute z:Id="i428"><AttributeType>rgba</AttributeType><IsRequired>true</IsRequired><Value i:type="a:ArrayOfdouble" xmlns:a="http://schemas.microsoft.com/2003/10/Serialization/Arrays"><a:double>1</a:double><a:double>0.94902</a:double><a:double>0.9098</a:double><a:double>1</a:double></Value></Attribute></Attributes><ChildElements/><ElementName>color</ElementName><required>false</required><RGBAAttribute z:Ref="i428"/></URDFElement><URDFElement z:Id="i429" i:type="Texture"><Attributes><Attribute z:Id="i430"><AttributeType>filename</AttributeType><IsRequired>true</IsRequired><Value i:nil="true"/></Attribute></Attributes><ChildElements/><ElementName>texture</ElementName><required>false</required><FilenameAttribute z:Ref="i430"/><wFilename/></URDFElement></ChildElements><ElementName>material</ElementName><required>false</required><Color z:Ref="i427"/><NameAttribute z:Ref="i426"/><Texture z:Ref="i429"/></URDFElement></ChildElements><ElementName>visual</ElementName><required>false</required><Geometry z:Ref="i422"/><Material z:Ref="i425"/><Origin z:Ref="i419"/></URDFElement><URDFElement z:Id="i431" i:type="Collision"><Attributes/><ChildElements><URDFElement z:Id="i432" i:type="Origin"><Attributes><Attribute z:Id="i433"><AttributeType>xyz</AttributeType><IsRequired>true</IsRequired><Value i:type="a:ArrayOfdouble" xmlns:a="http://schemas.microsoft.com/2003/10/Serialization/Arrays"><a:double>0</a:double><a:double>0</a:double><a:double>0</a:double></Value></Attribute><Attribute z:Id="i434"><AttributeType>rpy</AttributeType><IsRequired>true</IsRequired><Value i:type="a:ArrayOfdouble" xmlns:a="http://schemas.microsoft.com/2003/10/Serialization/Arrays"><a:double>0</a:double><a:double>0</a:double><a:double>0</a:double></Value></Attribute></Attributes><ChildElements/><ElementName>origin</ElementName><required>false</required><RPYAttribute z:Ref="i434"/><XYZAttribute z:Ref="i433"/><isCustomized>false</isCustomized></URDFElement><URDFElement z:Id="i435" i:type="Geometry"><Attributes/><ChildElements><URDFElement z:Id="i436" i:type="Mesh"><Attributes><Attribute z:Id="i437"><AttributeType>filename</AttributeType><IsRequired>true</IsRequired><Value i:nil="true"/></Attribute></Attributes><ChildElements/><ElementName>mesh</ElementName><required>false</required><FilenameAttribute z:Ref="i437"/></URDFElement></ChildElements><ElementName>geometry</ElementName><required>true</required><Mesh z:Ref="i436"/></URDFElement></ChildElements><ElementName>collision</ElementName><required>false</required><Geometry z:Ref="i435"/><Origin z:Ref="i432"/></URDFElement><URDFElement z:Id="i438" i:type="Joint"><Attributes><Attribute z:Id="i439"><AttributeType>name</AttributeType><IsRequired>true</IsRequired><Value i:type="a:string" xmlns:a="http://www.w3.org/2001/XMLSchema">Wrist</Value></Attribute><Attribute z:Id="i440"><AttributeType>type</AttributeType><IsRequired>true</IsRequired><Value i:type="a:string" xmlns:a="http://www.w3.org/2001/XMLSchema">continuous</Value></Attribute></Attributes><ChildElements><URDFElement z:Id="i441" i:type="Origin"><Attributes><Attribute z:Id="i442"><AttributeType>xyz</AttributeType><IsRequired>true</IsRequired><Value i:type="a:ArrayOfdouble" xmlns:a="http://schemas.microsoft.com/2003/10/Serialization/Arrays"><a:double>0</a:double><a:double>0.092393</a:double><a:double>0</a:double></Value></Attribute><Attribute z:Id="i443"><AttributeType>rpy</AttributeType><IsRequired>true</IsRequired><Value i:type="a:ArrayOfdouble" xmlns:a="http://schemas.microsoft.com/2003/10/Serialization/Arrays"><a:double>2.8738</a:double><a:double>0.92369</a:double><a:double>1.3553</a:double></Value></Attribute></Attributes><ChildElements/><ElementName>origin</ElementName><required>false</required><RPYAttribute z:Ref="i443"/><XYZAttribute z:Ref="i442"/><isCustomized>false</isCustomized></URDFElement><URDFElement z:Id="i444" i:type="ParentLink"><Attributes><Attribute z:Id="i445"><AttributeType>link</AttributeType><IsRequired>true</IsRequired><Value i:type="a:string" xmlns:a="http://www.w3.org/2001/XMLSchema">ForeArm_Down</Value></Attribute></Attributes><ChildElements/><ElementName>parent</ElementName><required>true</required><NameAttribute z:Ref="i445"/></URDFElement><URDFElement z:Id="i446" i:type="ChildLink"><Attributes><Attribute z:Id="i447"><AttributeType>link</AttributeType><IsRequired>true</IsRequired><Value i:type="a:string" xmlns:a="http://www.w3.org/2001/XMLSchema">Wrist</Value></Attribute></Attributes><ChildElements/><ElementName>child</ElementName><required>true</required><NameAttribute z:Ref="i447"/></URDFElement><URDFElement z:Id="i448" i:type="Axis"><Attributes><Attribute z:Id="i449"><AttributeType>xyz</AttributeType><IsRequired>true</IsRequired><Value i:type="a:ArrayOfdouble" xmlns:a="http://schemas.microsoft.com/2003/10/Serialization/Arrays"><a:double>0</a:double><a:double>1</a:double><a:double>0</a:double></Value></Attribute></Attributes><ChildElements/><ElementName>axis</ElementName><required>false</required><XYZAttribute z:Ref="i449"/></URDFElement><URDFElement z:Id="i450" i:type="Limit"><Attributes><Attribute z:Id="i451"><AttributeType>lower</AttributeType><IsRequired>false</IsRequired><Value i:type="a:double" xmlns:a="http://www.w3.org/2001/XMLSchema">-1.047</Value></Attribute><Attribute z:Id="i452"><AttributeType>upper</AttributeType><IsRequired>false</IsRequired><Value i:type="a:double" xmlns:a="http://www.w3.org/2001/XMLSchema">1.047</Value></Attribute><Attribute z:Id="i453"><AttributeType>effort</AttributeType><IsRequired>true</IsRequired><Value i:type="a:double" xmlns:a="http://www.w3.org/2001/XMLSchema">100</Value></Attribute><Attribute z:Id="i454"><AttributeType>velocity</AttributeType><IsRequired>true</IsRequired><Value i:type="a:double" xmlns:a="http://www.w3.org/2001/XMLSchema">1</Value></Attribute></Attributes><ChildElements/><ElementName>limit</ElementName><required>false</required><EffortAttribute z:Ref="i453"/><LowerAttribute z:Ref="i451"/><UpperAttribute z:Ref="i452"/><VelocityAttribute z:Ref="i454"/></URDFElement><URDFElement z:Id="i455" i:type="Calibration"><Attributes><Attribute z:Id="i456"><AttributeType>rising</AttributeType><IsRequired>false</IsRequired><Value i:nil="true"/></Attribute><Attribute z:Id="i457"><AttributeType>falling</AttributeType><IsRequired>false</IsRequired><Value i:nil="true"/></Attribute></Attributes><ChildElements/><ElementName>calibration</ElementName><required>false</required><FallingAttribute z:Ref="i457"/><RisingAttribute z:Ref="i456"/></URDFElement><URDFElement z:Id="i458" i:type="Dynamics"><Attributes><Attribute z:Id="i459"><AttributeType>damping</AttributeType><IsRequired>false</IsRequired><Value i:nil="true"/></Attribute><Attribute z:Id="i460"><AttributeType>friction</AttributeType><IsRequired>false</IsRequired><Value i:nil="true"/></Attribute></Attributes><ChildElements/><ElementName>dynamics</ElementName><required>false</required><DampingAttribute z:Ref="i459"/><FrictionAttribute z:Ref="i460"/></URDFElement><URDFElement z:Id="i461" i:type="SafetyController"><Attributes><Attribute z:Id="i462"><AttributeType>soft_upper_limit</AttributeType><IsRequired>false</IsRequired><Value i:nil="true"/></Attribute><Attribute z:Id="i463"><AttributeType>soft_lower_limit</AttributeType><IsRequired>false</IsRequired><Value i:nil="true"/></Attribute><Attribute z:Id="i464"><AttributeType>k_position</AttributeType><IsRequired>false</IsRequired><Value i:nil="true"/></Attribute><Attribute z:Id="i465"><AttributeType>k_velocity</AttributeType><IsRequired>true</IsRequired><Value i:nil="true"/></Attribute></Attributes><ChildElements/><ElementName>safety_controller</ElementName><required>false</required><KPositionAttribute z:Ref="i464"/><KVelocityAttribute z:Ref="i465"/><SoftLowerAttribute z:Ref="i463"/><SoftUpperAttribute z:Ref="i462"/></URDFElement><URDFElement z:Id="i466" i:type="Mimic"><Attributes><Attribute z:Id="i467"><AttributeType>joint</AttributeType><IsRequired>true</IsRequired><Value i:nil="true"/></Attribute><Attribute z:Id="i468"><AttributeType>multiplier</AttributeType><IsRequired>false</IsRequired><Value i:nil="true"/></Attribute><Attribute z:Id="i469"><AttributeType>offset</AttributeType><IsRequired>false</IsRequired><Value i:nil="true"/></Attribute></Attributes><ChildElements/><ElementName>mimic</ElementName><required>false</required><JointNameAttribute z:Ref="i467"/><MultiplierAttribute z:Ref="i468"/><OffsetAttribute z:Ref="i469"/></URDFElement></ChildElements><ElementName>joint</ElementName><required>false</required><Axis z:Ref="i448"/><AxisName>Axis_Wrist</AxisName><Calibration z:Ref="i455"/><Child z:Ref="i446"/><CoordinateSystemName>Origin_Wrist</CoordinateSystemName><Dynamics z:Ref="i458"/><Limit z:Ref="i450"/><Mimic z:Ref="i466"/><NameAttribute z:Ref="i439"/><Origin z:Ref="i441"/><Parent z:Ref="i444"/><Safety z:Ref="i461"/><TypeAttribute z:Ref="i440"/></URDFElement></ChildElements><ElementName>link</ElementName><required>true</required><Children/><Collision z:Ref="i431"/><Inertial z:Ref="i405"/><Joint z:Ref="i438"/><NameAttribute z:Ref="i404"/><Parent z:Ref="i336"/><STLQualityFine>false</STLQualityFine><SWComponentPIDs xmlns:a="http://schemas.microsoft.com/2003/10/Serialization/Arrays"><a:base64Binary>OEoAAAUAAAD//v8hqG0nfVdZWgAyADEAIAA4AFgAMQA4AFgAMQAxACAAUgBFAEYALQAxAEAAQQByAG0AXwBBAHMAcwBlAG0AYgBsAGUABAAAABAAAAABAAAAAQAAAEIAAAA=</a:base64Binary><a:base64Binary>OEoAAAUAAAD//v8UVwByAGkAcwB0AC0AMQBAAEEAcgBtAF8AQQBzAHMAZQBtAGIAbABlAAQAAAAQAAAAAQAAAAEAAAAcAAAA</a:base64Binary><a:base64Binary>OEoAAAUAAAD//v8fRwByAGkAcABwAGUAcgBfAEEAcwBzAGUAbQBiAGwAeQAtADEAQABBAHIAbQBfAEEAcwBzAGUAbQBiAGwAZQAEAAAAEAAAAAEAAAABAAAAGQAAAA==</a:base64Binary></SWComponentPIDs><SWMainComponentPID i:nil="true"/><Visual z:Ref="i418"/><isFixedFrame>false</isFixedFrame><isIncomplete>false</isIncomplete></Link></Children><Collision z:Ref="i364"/><Inertial z:Ref="i338"/><Joint z:Ref="i371"/><NameAttribute z:Ref="i337"/><Parent z:Ref="i269"/><STLQualityFine>false</STLQualityFine><SWComponentPIDs xmlns:a="http://schemas.microsoft.com/2003/10/Serialization/Arrays"><a:base64Binary>OEoAAAUAAAD//v8gVIB0j2hWIABEADEAOQBkADQAIABMADIAMAAgAFIARQBGAC0AMQBAAEEAcgBtAF8AQQBzAHMAZQBtAGIAbABlAAQAAAAQAAAAAQAAAAEAAABbAAAA</a:base64Binary><a:base64Binary>OEoAAAUAAAD//v8ZRgBvAHIAZQBhAHIAbQAgAGQAbgAtADEAQABBAHIAbQBfAEEAcwBzAGUAbQBiAGwAZQAEAAAAEAAAAAEAAAABAAAASwAAAA==</a:base64Binary><a:base64Binary>OEoAAAUAAAD//v8hNAAyAM9RH5BoViAABlfVbHBRIAAATqd+H5DUayAAUgBFAEYALQAxAEAAQQByAG0AXwBBAHMAcwBlAG0AYgBsAGUABAAAABAAAAABAAAAAQAAAEYAAAA=</a:base64Binary><a:base64Binary>OEoAAAUAAAD//v8ocwBvAGMAawBlAHQAIABoAGUAYQBkACAAYwBhAHAAIABzAGMAcgBlAHcAXwBhAGkALQAxADMAQABBAHIAbQBfAEEAcwBzAGUAbQBiAGwAZQAEAAAAEAAAAAEAAAABAAAArgIAAA==</a:base64Binary><a:base64Binary>OEoAAAUAAAD//v8ocwBvAGMAawBlAHQAIABoAGUAYQBkACAAYwBhAHAAIABzAGMAcgBlAHcAXwBhAGkALQAxADQAQABBAHIAbQBfAEEAcwBzAGUAbQBiAGwAZQAEAAAAEAAAAAEAAAABAAAAsQIAAA==</a:base64Binary><a:base64Binary>OEoAAAUAAAD//v8ocwBvAGMAawBlAHQAIABoAGUAYQBkACAAYwBhAHAAIABzAGMAcgBlAHcAXwBhAGkALQAxADIAQABBAHIAbQBfAEEAcwBzAGUAbQBiAGwAZQAEAAAAEAAAAAEAAAABAAAAqwIAAA==</a:base64Binary><a:base64Binary>OEoAAAUAAAD//v8ocwBvAGMAawBlAHQAIABoAGUAYQBkACAAYwBhAHAAIABzAGMAcgBlAHcAXwBhAGkALQAxADEAQABBAHIAbQBfAEEAcwBzAGUAbQBiAGwAZQAEAAAAEAAAAAEAAAABAAAAqAIAAA==</a:base64Binary><a:base64Binary>OEoAAAUAAAD//v8kWgBEAFQAXwBYADQAMgBfAEwAMwA0AE0AbwB0AG8AcgAuAFMAVABFAFAALQAxAEAAQQByAG0AXwBBAHMAcwBlAG0AYgBsAGUABAAAABAAAAABAAAAAQAAAFEAAAA=</a:base64Binary></SWComponentPIDs><SWMainComponentPID i:nil="true"/><Visual z:Ref="i351"/><isFixedFrame>false</isFixedFrame><isIncomplete>false</isIncomplete></Link></Children><Collision z:Ref="i297"/><Inertial z:Ref="i271"/><Joint z:Ref="i304"/><NameAttribute z:Ref="i270"/><Parent z:Ref="i202"/><STLQualityFine>false</STLQualityFine><SWComponentPIDs xmlns:a="http://schemas.microsoft.com/2003/10/Serialization/Arrays"><a:base64Binary>OEoAAAUAAAD//v8gVIB0j2hWIABEADMAMgBkADgAIABMADIAOAAgAFIARQBGAC0AMwBAAEEAcgBtAF8AQQBzAHMAZQBtAGIAbABlAAQAAAAQAAAAAQAAAAEAAADbAgAA</a:base64Binary><a:base64Binary>OEoAAAUAAAD//v8mRgBvAHIAZQBhAHIAbQAgAHUAcAAgAC0AIABUgHSPaFZEADMAMgBkADgASHIsZy0AMQBAAEEAcgBtAF8AQQBzAHMAZQBtAGIAbABlAAQAAAAQAAAAAQAAAAEAAABhAAAA</a:base64Binary><a:base64Binary>OEoAAAUAAAD//v8kWgBEAFQAXwBYADQAMgBfAEwANAAwAE0AbwB0AG8AcgAuAFMAVABFAFAALQAxAEAAQQByAG0AXwBBAHMAcwBlAG0AYgBsAGUABAAAABAAAAABAAAAAQAAAFoAAAA=</a:base64Binary></SWComponentPIDs><SWMainComponentPID i:nil="true"/><Visual z:Ref="i284"/><isFixedFrame>false</isFixedFrame><isIncomplete>false</isIncomplete></Link></Children><Collision z:Ref="i230"/><Inertial z:Ref="i204"/><Joint z:Ref="i237"/><NameAttribute z:Ref="i203"/><Parent z:Ref="i135"/><STLQualityFine>false</STLQualityFine><SWComponentPIDs xmlns:a="http://schemas.microsoft.com/2003/10/Serialization/Arrays"><a:base64Binary>OEoAAAUAAAD//v8gVIB0j2hWIABEADMAMgBkADgAIABMADIAOAAgAFIARQBGAC0AMgBAAEEAcgBtAF8AQQBzAHMAZQBtAGIAbABlAAQAAAAQAAAAAQAAAAEAAADYAgAA</a:base64Binary><a:base64Binary>OEoAAAUAAAD//v8nVQBwAHAAZQByAGEAcgBtACAAZABuACAALQAgAFSAdI9oVkQAMwAyAGQAOABIcixnLQAxAEAAQQByAG0AXwBBAHMAcwBlAG0AYgBsAGUABAAAABAAAAABAAAAAQAAAG0AAAA=</a:base64Binary><a:base64Binary>OEoAAAUAAAD//v8hNAAyAM9RH5BoViAABlfVbHBRIAAATqd+H5DUayAAUgBFAEYALQAyAEAAQQByAG0AXwBBAHMAcwBlAG0AYgBsAGUABAAAABAAAAABAAAAAQAAAGkAAAA=</a:base64Binary><a:base64Binary>OEoAAAUAAAD//v8ncwBvAGMAawBlAHQAIABoAGUAYQBkACAAYwBhAHAAIABzAGMAcgBlAHcAXwBhAGkALQA4AEAAQQByAG0AXwBBAHMAcwBlAG0AYgBsAGUABAAAABAAAAABAAAAAQAAAJ8CAAA=</a:base64Binary><a:base64Binary>OEoAAAUAAAD//v8ncwBvAGMAawBlAHQAIABoAGUAYQBkACAAYwBhAHAAIABzAGMAcgBlAHcAXwBhAGkALQA5AEAAQQByAG0AXwBBAHMAcwBlAG0AYgBsAGUABAAAABAAAAABAAAAAQAAAKICAAA=</a:base64Binary><a:base64Binary>OEoAAAUAAAD//v8ncwBvAGMAawBlAHQAIABoAGUAYQBkACAAYwBhAHAAIABzAGMAcgBlAHcAXwBhAGkALQA3AEAAQQByAG0AXwBBAHMAcwBlAG0AYgBsAGUABAAAABAAAAABAAAAAQAAAJwCAAA=</a:base64Binary><a:base64Binary>OEoAAAUAAAD//v8ncwBvAGMAawBlAHQAIABoAGUAYQBkACAAYwBhAHAAIABzAGMAcgBlAHcAXwBhAGkALQA2AEAAQQByAG0AXwBBAHMAcwBlAG0AYgBsAGUABAAAABAAAAABAAAAAQAAAJkCAAA=</a:base64Binary><a:base64Binary>OEoAAAUAAAD//v8kWgBEAFQAXwBYADQAMgBfAEwANAA4AE0AbwB0AG8AcgAuAFMAVABFAFAALQAyAEAAQQByAG0AXwBBAHMAcwBlAG0AYgBsAGUABAAAABAAAAABAAAAAQAAAH8CAAA=</a:base64Binary></SWComponentPIDs><SWMainComponentPID i:nil="true"/><Visual z:Ref="i217"/><isFixedFrame>false</isFixedFrame><isIncomplete>false</isIncomplete></Link></Children><Collision z:Ref="i163"/><Inertial z:Ref="i137"/><Joint z:Ref="i170"/><NameAttribute z:Ref="i136"/><Parent z:Ref="i68"/><STLQualityFine>false</STLQualityFine><SWComponentPIDs xmlns:a="http://schemas.microsoft.com/2003/10/Serialization/Arrays"><a:base64Binary>OEoAAAUAAAD//v8nVQBwAHAAZQByAGEAcgBtACAAdQBwACAALQAgAFSAdI9oVkQAMwAyAGQAOABIcixnLQAxAEAAQQByAG0AXwBBAHMAcwBlAG0AYgBsAGUABAAAABAAAAABAAAAAQAAAMkCAAA=</a:base64Binary><a:base64Binary>OEoAAAUAAAD//v8gVIB0j2hWIABEADMAMgBkADgAIABMADIAOAAgAFIARQBGAC0AMQBAAEEAcgBtAF8AQQBzAHMAZQBtAGIAbABlAAQAAAAQAAAAAQAAAAEAAADKAgAA</a:base64Binary><a:base64Binary>OEoAAAUAAAD//v8kWgBEAFQAXwBYADQAMgBfAEwANAAwAE0AbwB0AG8AcgAuAFMAVABFAFAALQAyAEAAQQByAG0AXwBBAHMAcwBlAG0AYgBsAGUABAAAABAAAAABAAAAAQAAAHUAAAA=</a:base64Binary><a:base64Binary>OEoAAAUAAAD//v8hNAAyAM9RH5BoViAABlfVbHBRIAAATqd+H5DUayAAUgBFAEYALQAzAEAAQQByAG0AXwBBAHMAcwBlAG0AYgBsAGUABAAAABAAAAABAAAAAQAAAHYAAAA=</a:base64Binary></SWComponentPIDs><SWMainComponentPID i:nil="true"/><Visual z:Ref="i150"/><isFixedFrame>false</isFixedFrame><isIncomplete>false</isIncomplete></Link></Children><Collision z:Ref="i96"/><Inertial z:Ref="i70"/><Joint z:Ref="i103"/><NameAttribute z:Ref="i69"/><Parent z:Ref="i1"/><STLQualityFine>false</STLQualityFine><SWComponentPIDs xmlns:a="http://schemas.microsoft.com/2003/10/Serialization/Arrays"><a:base64Binary>OEoAAAUAAAD//v8lUwBoAG8AdQBsAGQAZQByACAALQAgAFSAdI9oVkQAMwAyAGQAMQA0AEhyLGctADEAQABBAHIAbQBfAEEAcwBzAGUAbQBiAGwAZQAEAAAAEAAAAAEAAAABAAAAvAIAAA==</a:base64Binary><a:base64Binary>OEoAAAUAAAD//v8mNAAyAM9RH5BoViAAuWXVbHBRIACMTqd+H5DUaygAMQA1ACsAKQAgAFIARQBGAC0AMQBAAEEAcgBtAF8AQQBzAHMAZQBtAGIAbABlAAQAAAAQAAAAAQAAAAEAAACKAAAA</a:base64Binary><a:base64Binary>OEoAAAUAAAD//v9UWgBEAFQAXwBYADQAMgBfAEwANgAwAE0AbwB0AG8AcgAuAFMAVABFAFAALQAyAEAAQQByAG0AXwBBAHMAcwBlAG0AYgBsAGUALwA0ADIAXwBTAFQARQBQAFAARQBSAF8ATQBPAFQATwBSAF8AMgAuAFMAVABFAFAALQAxAEAAWgBEAFQAXwBYADQAMgBfAEwANgAwAE0AbwB0AG8AcgAuAFMAVABFAFAABAAAABAAAAABAAAAAgAAAJoAAAAZAAAA</a:base64Binary><a:base64Binary>OEoAAAUAAAD//v8hVIB0j2hWIABEADMAMgBkADEANAAgAEwAMgA4ACAAUgBFAEYALQAxAEAAQQByAG0AXwBBAHMAcwBlAG0AYgBsAGUABAAAABAAAAABAAAAAQAAALoCAAA=</a:base64Binary><a:base64Binary>OEoAAAUAAAD//v8kWgBEAFQAXwBYADQAMgBfAEwANgAwAE0AbwB0AG8AcgAuAFMAVABFAFAALQAyAEAAQQByAG0AXwBBAHMAcwBlAG0AYgBsAGUABAAAABAAAAABAAAAAQAAAJoAAAA=</a:base64Binary></SWComponentPIDs><SWMainComponentPID i:nil="true"/><Visual z:Ref="i83"/><isFixedFrame>false</isFixedFrame><isIncomplete>false</isIncomplete></Link></Children><Collision z:Ref="i29"/><Inertial z:Ref="i3"/><Joint z:Ref="i36"/><NameAttribute z:Ref="i2"/><Parent i:nil="true"/><STLQualityFine>false</STLQualityFine><SWComponentPIDs xmlns:a="http://schemas.microsoft.com/2003/10/Serialization/Arrays"><a:base64Binary>OEoAAAUAAAD//v8eNgAwADYAMAAgAEMAbwB0AHQAZQByACAAcABpAG4ALQA0AEAAQQByAG0AXwBBAHMAcwBlAG0AYgBsAGUABAAAABAAAAABAAAAAQAAAJ0BAAA=</a:base64Binary><a:base64Binary>OEoAAAUAAAD//v8eNgAwADYAMAAgAEMAbwB0AHQAZQByACAAcABpAG4ALQAyAEAAQQByAG0AXwBBAHMAcwBlAG0AYgBsAGUABAAAABAAAAABAAAAAQAAACEBAAA=</a:base64Binary><a:base64Binary>OEoAAAUAAAD//v8eNgAwADYAMAAgAEMAbwB0AHQAZQByACAAcABpAG4ALQAxAEAAQQByAG0AXwBBAHMAcwBlAG0AYgBsAGUABAAAABAAAAABAAAAAQAAANgAAAA=</a:base64Binary><a:base64Binary>OEoAAAUAAAD//v9UWgBEAFQAXwBYADUANwBfAEwANwA2AE0AbwB0AG8AcgAuAFMAVABFAFAALQAxAEAAQQByAG0AXwBBAHMAcwBlAG0AYgBsAGUALwBNADMAeAA2AG0AbQBfAFAAaABpAGwAbABpAHAAcwBfADMALgBTAFQARQBQAC0AMgAxAEAAWgBEAFQAXwBYADUANwBfAEwANwA2AE0AbwB0AG8AcgAuAFMAVABFAFAABAAAABAAAAABAAAAAgAAAKIAAAAfAAAA</a:base64Binary><a:base64Binary>OEoAAAUAAAD//v9NWgBEAFQAXwBYADUANwBfAEwANwA2AE0AbwB0AG8AcgAuAFMAVABFAFAALQAxAEAAQQByAG0AXwBBAHMAcwBlAG0AYgBsAGUALwBXAEkAUgBFAF8AMgAuADUANABfADMALgBTAFQARQBQAC0ANQBAAFoARABUAF8AWAA1ADcAXwBMADcANgBNAG8AdABvAHIALgBTAFQARQBQAAQAAAAQAAAAAQAAAAIAAACiAAAAIwAAAA==</a:base64Binary><a:base64Binary>OEoAAAUAAAD//v9OWgBEAFQAXwBYADUANwBfAEwANwA2AE0AbwB0AG8AcgAuAFMAVABFAFAALQAxAEAAQQByAG0AXwBBAHMAcwBlAG0AYgBsAGUALwBaAEQAVABfAFgANQA3AF8AVgAxAC4AMgAuAFMAVABFAFAALQAxAEAAWgBEAFQAXwBYADUANwBfAEwANwA2AE0AbwB0AG8AcgAuAFMAVABFAFAABAAAABAAAAABAAAAAgAAAKIAAAAiAAAA</a:base64Binary><a:base64Binary>OEoAAAUAAAD//v9UWgBEAFQAXwBYADUANwBfAEwANwA2AE0AbwB0AG8AcgAuAFMAVABFAFAALQAxAEAAQQByAG0AXwBBAHMAcwBlAG0AYgBsAGUALwBNADMAeAA2AG0AbQBfAFAAaABpAGwAbABpAHAAcwBfADMALgBTAFQARQBQAC0AMgAzAEAAWgBEAFQAXwBYADUANwBfAEwANwA2AE0AbwB0AG8AcgAuAFMAVABFAFAABAAAABAAAAABAAAAAgAAAKIAAAAhAAAA</a:base64Binary><a:base64Binary>OEoAAAUAAAD//v9MWgBEAFQAXwBYADUANwBfAEwANwA2AE0AbwB0AG8AcgAuAFMAVABFAFAALQAxAEAAQQByAG0AXwBBAHMAcwBlAG0AYgBsAGUALwBTAEgASQBNAF8AMwB4ADUAeAAzAC4AUwBUAEUAUAAtADIAQABaAEQAVABfAFgANQA3AF8ATAA3ADYATQBvAHQAbwByAC4AUwBUAEUAUAAEAAAAEAAAAAEAAAACAAAAogAAABsAAAA=</a:base64Binary><a:base64Binary>OEoAAAUAAAD//v9MWgBEAFQAXwBYADUANwBfAEwANwA2AE0AbwB0AG8AcgAuAFMAVABFAFAALQAxAEAAQQByAG0AXwBBAHMAcwBlAG0AYgBsAGUALwBTAEgASQBNAF8AMwB4ADUAeAAzAC4AUwBUAEUAUAAtADQAQABaAEQAVABfAFgANQA3AF8ATAA3ADYATQBvAHQAbwByAC4AUwBUAEUAUAAEAAAAEAAAAAEAAAACAAAAogAAAB0AAAA=</a:base64Binary><a:base64Binary>OEoAAAUAAAD//v/bWgBEAFQAXwBYADUANwBfAEwANwA2AE0AbwB0AG8AcgAuAFMAVABFAFAALQAxAEAAQQByAG0AXwBBAHMAcwBlAG0AYgBsAGUALwBaAEQAVABfAFgANQA3AF8AVgAxAC4AMgBfAFAAQwBCAC4AcwB0AGUAcAAuAFMAVABFAFAALQAxAEAAWgBEAFQAXwBYADUANwBfAEwANwA2AE0AbwB0AG8AcgAuAFMAVABFAFAALwBKADEALgBzAHQAZQBwAF8AMwAuAFMAVABFAFAALQA1AEAAWgBEAFQAXwBYADUANwBfAFYAMQAuADIAXwBQAEMAQgAuAHMAdABlAHAALgBTAFQARQBQAC8ANgAzADAAOAA5ADIANgA5ADkAMgAuAHMAdABlAHAAXwAzAC4AUwBUAEUAUAAtADUAQABKADEALgBzAHQAZQBwAF8AMwAuAFMAVABFAFAALwBFAHgAdAByAHUAZABlAGQALQAxAC4AcwB0AGUAcABfADMALgBTAFQARQBQAC0ANQBAADYAMwAwADgAOQAyADYAOQA5ADIALgBzAHQAZQBwAF8AMwAuAFMAVABFAFAABAAAABAAAAABAAAABQAAAKIAAAAYAAAAHQAAABkAAAAYAAAA</a:base64Binary><a:base64Binary>OEoAAAUAAAD//v/ZWgBEAFQAXwBYADUANwBfAEwANwA2AE0AbwB0AG8AcgAuAFMAVABFAFAALQAxAEAAQQByAG0AXwBBAHMAcwBlAG0AYgBsAGUALwBaAEQAVABfAFgANQA3AF8AVgAxAC4AMgBfAFAAQwBCAC4AcwB0AGUAcAAuAFMAVABFAFAALQAxAEAAWgBEAFQAXwBYADUANwBfAEwANwA2AE0AbwB0AG8AcgAuAFMAVABFAFAALwBKADEALgBzAHQAZQBwAF8AMwAuAFMAVABFAFAALQA1AEAAWgBEAFQAXwBYADUANwBfAFYAMQAuADIAXwBQAEMAQgAuAHMAdABlAHAALgBTAFQARQBQAC8ANgAzADAAOAA5ADIANgA4ADMAMgAuAHMAdABlAHAAXwAzAC4AUwBUAEUAUAAtADUAQABKADEALgBzAHQAZQBwAF8AMwAuAFMAVABFAFAALwBFAHgAdAByAHUAZABlAGQALgBzAHQAZQBwAF8AMwAuAFMAVABFAFAALQA1AEAANgAzADAAOAA5ADIANgA4ADMAMgAuAHMAdABlAHAAXwAzAC4AUwBUAEUAUAAEAAAAEAAAAAEAAAAFAAAAogAAABgAAAAdAAAAGAAAABgAAAA=</a:base64Binary><a:base64Binary>OEoAAAUAAAD//v/LWgBEAFQAXwBYADUANwBfAEwANwA2AE0AbwB0AG8AcgAuAFMAVABFAFAALQAxAEAAQQByAG0AXwBBAHMAcwBlAG0AYgBsAGUALwBaAEQAVABfAFgANQA3AF8AVgAxAC4AMgBfAFAAQwBCAC4AcwB0AGUAcAAuAFMAVABFAFAALQAxAEAAWgBEAFQAXwBYADUANwBfAEwANwA2AE0AbwB0AG8AcgAuAFMAVABFAFAALwBCAG8AYQByAGQALgBzAHQAZQBwAF8AMwAuAFMAVABFAFAALQA1AEAAWgBEAFQAXwBYADUANwBfAFYAMQAuADIAXwBQAEMAQgAuAHMAdABlAHAALgBTAFQARQBQAC8ATwBwAGUAbgAgAEMAQQBTAEMAQQBEAEUAIABTAFQARQBQACAAdAByAGEAbgBzAGwAYQB0AG8AcgAgADYALgA4ACAANQAuADEALgAxAC4AcwB0AGUAcAAuAFMAVABFAFAALQAxAEAAQgBvAGEAcgBkAC4AcwB0AGUAcABfADMALgBTAFQARQBQAAQAAAAQAAAAAQAAAAQAAACiAAAAGAAAABgAAAAYAAAA</a:base64Binary><a:base64Binary>OEoAAAUAAAD//v+GWgBEAFQAXwBYADUANwBfAEwANwA2AE0AbwB0AG8AcgAuAFMAVABFAFAALQAxAEAAQQByAG0AXwBBAHMAcwBlAG0AYgBsAGUALwBaAEQAVABfAFgANQA3AF8AVgAxAC4AMgBfAFAAQwBCAC4AcwB0AGUAcAAuAFMAVABFAFAALQAxAEAAWgBEAFQAXwBYADUANwBfAEwANwA2AE0AbwB0AG8AcgAuAFMAVABFAFAALwBFAG4AdABlAHIALgBzAHQAZQBwAF8AMwAuAFMAVABFAFAALQA1AEAAWgBEAFQAXwBYADUANwBfAFYAMQAuADIAXwBQAEMAQgAuAHMAdABlAHAALgBTAFQARQBQAAQAAAAQAAAAAQAAAAMAAACiAAAAGAAAABwAAAA=</a:base64Binary><a:base64Binary>OEoAAAUAAAD//v//IwFaAEQAVABfAFgANQA3AF8ATAA3ADYATQBvAHQAbwByAC4AUwBUAEUAUAAtADEAQABBAHIAbQBfAEEAcwBzAGUAbQBiAGwAZQAvAFoARABUAF8AWAA1ADcAXwBWADEALgAyAF8AUABDAEIALgBzAHQAZQBwAC4AUwBUAEUAUAAtADEAQABaAEQAVABfAFgANQA3AF8ATAA3ADYATQBvAHQAbwByAC4AUwBUAEUAUAAvAEoANgAuAHMAdABlAHAAXwAzAC4AUwBUAEUAUAAtADUAQABaAEQAVABfAFgANQA3AF8AVgAxAC4AMgBfAFAAQwBCAC4AcwB0AGUAcAAuAFMAVABFAFAALwBVAHMAZQByAF8ATABpAGIAcgBhAHIAeQAtAEsARgAzADUAMAAtADQAUAAuAHMAdABlAHAALgBTAFQARQBQAC0AMQBAAEoANgAuAHMAdABlAHAAXwAzAC4AUwBUAEUAUAAvAEsARgAzADUAMAAtADEAUAAuAHMAdABlAHAALgBTAFQARQBQAC0AMgBAAFUAcwBlAHIAXwBMAGkAYgByAGEAcgB5AC0ASwBGADMANQAwAC0ANABQAC4AcwB0AGUAcAAuAFMAVABFAFAALwBLAEYAMwA1ADAAXwBNADIAeAA0AF8AUwBjAHIAZQB3AF8AOQAxADIAMAAwAEEAMQAwADAALgBzAHQAZQBwAC4AUwBUAEUAUAAtADEAQABLAEYAMwA1ADAALQAxAFAALgBzAHQAZQBwAC4AUwBUAEUAUAAEAAAAEAAAAAEAAAAGAAAAogAAABgAAAAZAAAAGAAAABkAAAAaAAAA</a:base64Binary><a:base64Binary>OEoAAAUAAAD//v//EgFaAEQAVABfAFgANQA3AF8ATAA3ADYATQBvAHQAbwByAC4AUwBUAEUAUAAtADEAQABBAHIAbQBfAEEAcwBzAGUAbQBiAGwAZQAvAFoARABUAF8AWAA1ADcAXwBWADEALgAyAF8AUABDAEIALgBzAHQAZQBwAC4AUwBUAEUAUAAtADEAQABaAEQAVABfAFgANQA3AF8ATAA3ADYATQBvAHQAbwByAC4AUwBUAEUAUAAvAEoANgAuAHMAdABlAHAAXwAzAC4AUwBUAEUAUAAtADUAQABaAEQAVABfAFgANQA3AF8AVgAxAC4AMgBfAFAAQwBCAC4AcwB0AGUAcAAuAFMAVABFAFAALwBVAHMAZQByAF8ATABpAGIAcgBhAHIAeQAtAEsARgAzADUAMAAtADQAUAAuAHMAdABlAHAALgBTAFQARQBQAC0AMQBAAEoANgAuAHMAdABlAHAAXwAzAC4AUwBUAEUAUAAvAEsARgAzADUAMAAtADEAUAAuAHMAdABlAHAALgBTAFQARQBQAC0AMgBAAFUAcwBlAHIAXwBMAGkAYgByAGEAcgB5AC0ASwBGADMANQAwAC0ANABQAC4AcwB0AGUAcAAuAFMAVABFAFAALwBLAEYAMwA1ADAAXwBQAEkATgAuAHMAdABlAHAALgBTAFQARQBQAC0AMQBAAEsARgAzADUAMAAtADEAUAAuAHMAdABlAHAALgBTAFQARQBQAAQAAAAQAAAAAQAAAAYAAACiAAAAGAAAABkAAAAYAAAAGQAAABkAAAA=</a:base64Binary><a:base64Binary>OEoAAAUAAAD//v//EwFaAEQAVABfAFgANQA3AF8ATAA3ADYATQBvAHQAbwByAC4AUwBUAEUAUAAtADEAQABBAHIAbQBfAEEAcwBzAGUAbQBiAGwAZQAvAFoARABUAF8AWAA1ADcAXwBWADEALgAyAF8AUABDAEIALgBzAHQAZQBwAC4AUwBUAEUAUAAtADEAQABaAEQAVABfAFgANQA3AF8ATAA3ADYATQBvAHQAbwByAC4AUwBUAEUAUAAvAEoANgAuAHMAdABlAHAAXwAzAC4AUwBUAEUAUAAtADUAQABaAEQAVABfAFgANQA3AF8AVgAxAC4AMgBfAFAAQwBCAC4AcwB0AGUAcAAuAFMAVABFAFAALwBVAHMAZQByAF8ATABpAGIAcgBhAHIAeQAtAEsARgAzADUAMAAtADQAUAAuAHMAdABlAHAALgBTAFQARQBQAC0AMQBAAEoANgAuAHMAdABlAHAAXwAzAC4AUwBUAEUAUAAvAEsARgAzADUAMAAtADEAUAAuAHMAdABlAHAALgBTAFQARQBQAC0AMgBAAFUAcwBlAHIAXwBMAGkAYgByAGEAcgB5AC0ASwBGADMANQAwAC0ANABQAC4AcwB0AGUAcAAuAFMAVABFAFAALwBLAEYAMwA1ADAAXwBCAG8AZAB5AC4AcwB0AGUAcAAuAFMAVABFAFAALQAxAEAASwBGADMANQAwAC0AMQBQAC4AcwB0AGUAcAAuAFMAVABFAFAABAAAABAAAAABAAAABgAAAKIAAAAYAAAAGQAAABgAAAAZAAAAGAAAAA==</a:base64Binary><a:base64Binary>OEoAAAUAAAD//v9SWgBEAFQAXwBYADUANwBfAEwANwA2AE0AbwB0AG8AcgAuAFMAVABFAFAALQAxAEAAQQByAG0AXwBBAHMAcwBlAG0AYgBsAGUALwA1ADcAXwBTAFQARQBQAFAARQBSAF8ATQBPAFQATwBSAC4AUwBUAEUAUAAtADEAQABaAEQAVABfAFgANQA3AF8ATAA3ADYATQBvAHQAbwByAC4AUwBUAEUAUAAEAAAAEAAAAAEAAAACAAAAogAAABkAAAA=</a:base64Binary><a:base64Binary>OEoAAAUAAAD//v8WSgAxACAAQgBhAHMAZQAtADEAQABBAHIAbQBfAEEAcwBzAGUAbQBiAGwAZQAEAAAAEAAAAAEAAAABAAAAsQAAAA==</a:base64Binary><a:base64Binary>OEoAAAUAAAD//v8eNgAwADYAMAAgAEMAbwB0AHQAZQByACAAcABpAG4ALQAzAEAAQQByAG0AXwBBAHMAcwBlAG0AYgBsAGUABAAAABAAAAABAAAAAQAAAF4BAAA=</a:base64Binary><a:base64Binary>OEoAAAUAAAD//v8ZTwBZAFUALQA4AC0ANgAwADYAMAAtADEAQABBAHIAbQBfAEEAcwBzAGUAbQBiAGwAZQAEAAAAEAAAAAEAAAABAAAAyAAAAA==</a:base64Binary><a:base64Binary>OEoAAAUAAAD//v8mNQA3AM9RH5BoViAAuWXVbHBRIACMTqd+H5DUaygAMQA1ACsAKQAgAFIARQBGAC0AMQBAAEEAcgBtAF8AQQBzAHMAZQBtAGIAbABlAAQAAAAQAAAAAQAAAAEAAACjAAAA</a:base64Binary></SWComponentPIDs><SWMainComponentPID i:nil="true"/><Visual z:Ref="i16"/><isFixedFrame>false</isFixedFrame><isIncomplete>false</isIncomplete></Link>
2026-07-15 18:41:56,721 INFO  AssemblyExportForm.cs: 309 - Saving URDF package to E:\Folders\Documents\Dev\SolidWorks\Renesas ArmSync (HandSync V2)\ArmSync URDF
2026-07-15 18:41:56,722 INFO  ExportHelper.cs: 147 - Beginning the export process
2026-07-15 18:41:56,723 INFO  ExportHelper.cs: 153 - Creating package directories with name ArmSync URDF and save path E:\Folders\Documents\Dev\SolidWorks\Renesas ArmSync (HandSync V2)
2026-07-15 18:42:01,071 INFO  ExportHelper.cs: 162 - Creating CMakeLists.txt at E:\Folders\Documents\Dev\SolidWorks\Renesas ArmSync (HandSync V2)\ArmSync URDF\CMakeLists.txt
2026-07-15 18:42:01,073 INFO  ExportHelper.cs: 166 - Creating joint names config at E:\Folders\Documents\Dev\SolidWorks\Renesas ArmSync (HandSync V2)\ArmSync URDF\config\joint_names_ArmSync URDF.yaml
2026-07-15 18:42:01,074 INFO  ExportHelper.cs: 170 - Creating package.xml at E:\Folders\Documents\Dev\SolidWorks\Renesas ArmSync (HandSync V2)\ArmSync URDF\package.xml
2026-07-15 18:42:01,075 INFO  PackageXMLWriter.cs: 21 - Creating package.xml at E:\Folders\Documents\Dev\SolidWorks\Renesas ArmSync (HandSync V2)\ArmSync URDF\package.xml
2026-07-15 18:42:01,077 INFO  ExportHelper.cs: 177 - Creating RVIZ launch file in E:\Folders\Documents\Dev\SolidWorks\Renesas ArmSync (HandSync V2)\ArmSync URDF\launch\
2026-07-15 18:42:01,079 INFO  ExportHelper.cs: 182 - Creating Gazebo launch file in E:\Folders\Documents\Dev\SolidWorks\Renesas ArmSync (HandSync V2)\ArmSync URDF\launch\
2026-07-15 18:42:01,080 INFO  ExportHelper.cs: 187 - Saving existing STL preferences
2026-07-15 18:42:01,080 INFO  ExportHelper.cs: 450 - Saving users preferences
2026-07-15 18:42:01,081 INFO  ExportHelper.cs: 190 - Modifying STL preferences
2026-07-15 18:42:01,082 INFO  ExportHelper.cs: 464 - Setting STL preferences
2026-07-15 18:42:01,087 INFO  ExportHelper.cs: 196 - Found 7 hidden components ZDT_X42_L34Motor.STEP-1/WIRE_2.54.STEP-1, ZDT_X42_L48Motor.STEP-3, ZDT_X42_L48Motor.STEP-3/42_STEPPER_MOTOR.STEP-1, socket head cap screw_ai-1, socket head cap screw_ai-2, socket head cap screw_ai-4, socket head cap screw_ai-3
2026-07-15 18:42:01,087 INFO  ExportHelper.cs: 197 - Hiding all components
2026-07-15 18:42:02,545 INFO  ExportHelper.cs: 204 - Beginning individual files export
2026-07-15 18:42:02,548 INFO  ExportHelper.cs: 270 - Exporting link: base
2026-07-15 18:42:02,549 INFO  ExportHelper.cs: 272 - Link base has 1 children
2026-07-15 18:42:02,549 INFO  ExportHelper.cs: 270 - Exporting link: Shoulder
2026-07-15 18:42:02,550 INFO  ExportHelper.cs: 272 - Link Shoulder has 1 children
2026-07-15 18:42:02,550 INFO  ExportHelper.cs: 270 - Exporting link: UpperArm_Up
2026-07-15 18:42:02,550 INFO  ExportHelper.cs: 272 - Link UpperArm_Up has 1 children
2026-07-15 18:42:02,551 INFO  ExportHelper.cs: 270 - Exporting link: UpperArm_Down
2026-07-15 18:42:02,551 INFO  ExportHelper.cs: 272 - Link UpperArm_Down has 1 children
2026-07-15 18:42:02,553 INFO  ExportHelper.cs: 270 - Exporting link: ForeArm_Up
2026-07-15 18:42:02,553 INFO  ExportHelper.cs: 272 - Link ForeArm_Up has 1 children
2026-07-15 18:42:02,554 INFO  ExportHelper.cs: 270 - Exporting link: ForeArm_Down
2026-07-15 18:42:02,554 INFO  ExportHelper.cs: 272 - Link ForeArm_Down has 1 children
2026-07-15 18:42:02,555 INFO  ExportHelper.cs: 270 - Exporting link: Wrist
2026-07-15 18:42:02,555 INFO  ExportHelper.cs: 272 - Link Wrist has 0 children
2026-07-15 18:42:02,556 INFO  ExportHelper.cs: 317 - Wrist: Exporting STL with coordinate frame Origin_Wrist
2026-07-15 18:42:02,557 INFO  ExportHelper.cs: 322 - Wrist: Reference geometry name 
2026-07-15 18:42:02,656 INFO  ExportHelper.cs: 330 - Saving STL to E:\Folders\Documents\Dev\SolidWorks\Renesas ArmSync (HandSync V2)\ArmSync URDF\meshes\Wrist.STL
2026-07-15 18:42:03,086 INFO  ExportHelper.cs: 405 - Removing SW header in STL file
2026-07-15 18:42:03,086 INFO  ExportHelper.cs: 317 - ForeArm_Down: Exporting STL with coordinate frame Origin_ForeArm_Down
2026-07-15 18:42:03,087 INFO  ExportHelper.cs: 322 - ForeArm_Down: Reference geometry name 
2026-07-15 18:42:03,246 INFO  ExportHelper.cs: 330 - Saving STL to E:\Folders\Documents\Dev\SolidWorks\Renesas ArmSync (HandSync V2)\ArmSync URDF\meshes\ForeArm_Down.STL
2026-07-15 18:42:03,882 INFO  ExportHelper.cs: 405 - Removing SW header in STL file
2026-07-15 18:42:03,882 INFO  ExportHelper.cs: 317 - ForeArm_Up: Exporting STL with coordinate frame Origin_ForeArm_Up
2026-07-15 18:42:03,883 INFO  ExportHelper.cs: 322 - ForeArm_Up: Reference geometry name 
2026-07-15 18:42:03,922 INFO  ExportHelper.cs: 330 - Saving STL to E:\Folders\Documents\Dev\SolidWorks\Renesas ArmSync (HandSync V2)\ArmSync URDF\meshes\ForeArm_Up.STL
2026-07-15 18:42:04,425 INFO  ExportHelper.cs: 405 - Removing SW header in STL file
2026-07-15 18:42:04,425 INFO  ExportHelper.cs: 317 - UpperArm_Down: Exporting STL with coordinate frame Origin_UpperArm_Down
2026-07-15 18:42:04,426 INFO  ExportHelper.cs: 322 - UpperArm_Down: Reference geometry name 
2026-07-15 18:42:04,502 INFO  ExportHelper.cs: 330 - Saving STL to E:\Folders\Documents\Dev\SolidWorks\Renesas ArmSync (HandSync V2)\ArmSync URDF\meshes\UpperArm_Down.STL
2026-07-15 18:42:05,171 INFO  ExportHelper.cs: 405 - Removing SW header in STL file
2026-07-15 18:42:05,172 INFO  ExportHelper.cs: 317 - UpperArm_Up: Exporting STL with coordinate frame Origin_UpperArm_Up
2026-07-15 18:42:05,175 INFO  ExportHelper.cs: 322 - UpperArm_Up: Reference geometry name 
2026-07-15 18:42:05,295 INFO  ExportHelper.cs: 330 - Saving STL to E:\Folders\Documents\Dev\SolidWorks\Renesas ArmSync (HandSync V2)\ArmSync URDF\meshes\UpperArm_Up.STL
2026-07-15 18:42:05,850 INFO  ExportHelper.cs: 405 - Removing SW header in STL file
2026-07-15 18:42:05,851 INFO  ExportHelper.cs: 317 - Shoulder: Exporting STL with coordinate frame Origin_Shoulder
2026-07-15 18:42:05,851 INFO  ExportHelper.cs: 322 - Shoulder: Reference geometry name 
2026-07-15 18:42:05,951 INFO  ExportHelper.cs: 330 - Saving STL to E:\Folders\Documents\Dev\SolidWorks\Renesas ArmSync (HandSync V2)\ArmSync URDF\meshes\Shoulder.STL
2026-07-15 18:42:06,183 INFO  ExportHelper.cs: 405 - Removing SW header in STL file
2026-07-15 18:42:06,183 INFO  ExportHelper.cs: 317 - base: Exporting STL with coordinate frame Origin_global
2026-07-15 18:42:06,184 INFO  ExportHelper.cs: 322 - base: Reference geometry name 
2026-07-15 18:42:06,403 INFO  ExportHelper.cs: 330 - Saving STL to E:\Folders\Documents\Dev\SolidWorks\Renesas ArmSync (HandSync V2)\ArmSync URDF\meshes\base.STL
2026-07-15 18:42:07,035 INFO  ExportHelper.cs: 405 - Removing SW header in STL file
2026-07-15 18:42:07,035 INFO  ExportHelper.cs: 145 - Showing all components except previously hidden components
2026-07-15 18:42:12,487 INFO  ExportHelper.cs: 145 - Resetting STL preferences
2026-07-15 18:42:12,487 INFO  ExportHelper.cs: 478 - Returning STL preferences to user preferences
2026-07-15 18:42:12,489 INFO  ExportHelper.cs: 228 - Writing URDF file to E:\Folders\Documents\Dev\SolidWorks\Renesas ArmSync (HandSync V2)\ArmSync URDF\urdf\ArmSync URDF.urdf
2026-07-15 18:42:12,492 INFO  CSVImportExport.cs: 32 - Writing CSV file E:\Folders\Documents\Dev\SolidWorks\Renesas ArmSync (HandSync V2)\ArmSync URDF\urdf\ArmSync URDF.csv
2026-07-15 18:42:12,507 ERROR CSVImportExport.cs: 130 - The following columns were not written to the CSV: Link.Joint.ChildLink.link,
2026-07-15 18:42:12,507 ERROR CSVImportExport.cs: 130 - The following columns were not written to the CSV: Link.Joint.ChildLink.link,
2026-07-15 18:42:12,508 ERROR CSVImportExport.cs: 130 - The following columns were not written to the CSV: Link.Joint.ChildLink.link,
2026-07-15 18:42:12,508 ERROR CSVImportExport.cs: 130 - The following columns were not written to the CSV: Link.Joint.ChildLink.link,
2026-07-15 18:42:12,509 ERROR CSVImportExport.cs: 130 - The following columns were not written to the CSV: Link.Joint.ChildLink.link,
2026-07-15 18:42:12,509 ERROR CSVImportExport.cs: 130 - The following columns were not written to the CSV: Link.Joint.ChildLink.link,
2026-07-15 18:42:12,509 ERROR CSVImportExport.cs: 130 - The following columns were not written to the CSV: Link.Joint.ChildLink.link,
2026-07-15 18:42:12,509 INFO  ExportHelper.cs: 234 - Copying log file
2026-07-15 18:42:12,512 INFO  ExportHelper.cs: 439 - Copying C:\Users\29449\sw2urdf_logs\sw2urdf.log to E:\Folders\Documents\Dev\SolidWorks\Renesas ArmSync (HandSync V2)\ArmSync URDF\export.log
