ISO-10303-21;
HEADER;
FILE_DESCRIPTION (( 'STEP AP214' ),
    '1' );
FILE_NAME ('Renesas ArmSync Controller Topshell V3.STEP',
    '2026-07-07T05:22:33',
    ( '' ),
    ( '' ),
    'SwSTEP 2.0',
    'SolidWorks 2026',
    '' );
FILE_SCHEMA (( 'AUTOMOTIVE_DESIGN' ));
ENDSEC;

DATA;
#1 = CARTESIAN_POINT ( 'NONE',  ( 14.20783326967663385, 5.684107021080167245E-15, 52.30174227950980992 ) ) ;
#2 = CARTESIAN_POINT ( 'NONE',  ( 10.25054738523358999, -3.600000000000000089, 61.97968769636294439 ) ) ;
#3 = CARTESIAN_POINT ( 'NONE',  ( -8.970388970222385794, -0.8000000000000000444, 62.26988009692416171 ) ) ;
#4 = ADVANCED_FACE ( 'NONE', ( #7467 ), #3904, .F. ) ;
#5 = CARTESIAN_POINT ( 'NONE',  ( 10.92023930004589616, -3.000000000000011102, -64.77791038150739666 ) ) ;
#6 = CARTESIAN_POINT ( 'NONE',  ( -14.68305186881399571, -3.600000000000000977, 51.87414654676267389 ) ) ;
#7 = CARTESIAN_POINT ( 'NONE',  ( 17.29522257918347350, -3.600000000000000533, 19.38814196418636371 ) ) ;
#8 = CARTESIAN_POINT ( 'NONE',  ( -5.888603452360333890, -0.8000000000007376766, 65.39582696184314159 ) ) ;
#9 = VERTEX_POINT ( 'NONE', #5083 ) ;
#10 = ORIENTED_EDGE ( 'NONE', *, *, #1226, .T. ) ;
#11 = CARTESIAN_POINT ( 'NONE',  ( -17.28098453780050292, -3.600000000000000533, -49.12666186849971695 ) ) ;
#12 = CARTESIAN_POINT ( 'NONE',  ( 3.779555083005836202, -3.600000000000000089, 43.15023635439071370 ) ) ;
#13 = CARTESIAN_POINT ( 'NONE',  ( -12.33703577391769102, -2.000000000000000000, -63.72380043338684885 ) ) ;
#14 = CARTESIAN_POINT ( 'NONE',  ( -14.20981178312433180, 6.153520266713865597E-15, 52.29907792938271172 ) ) ;
#15 = CARTESIAN_POINT ( 'NONE',  ( -1.089891453182538550, -3.600000000000000089, -66.66063905337395568 ) ) ;
#16 = FACE_OUTER_BOUND ( 'NONE', #2497, .T. ) ;
#17 = CARTESIAN_POINT ( 'NONE',  ( 7.814419537156206630, -0.8000000000000174749, 62.04070976301700568 ) ) ;
#18 = CARTESIAN_POINT ( 'NONE',  ( 15.34415847141921674, -3.599999999999999645, 49.34385873927598709 ) ) ;
#19 = CARTESIAN_POINT ( 'NONE',  ( 6.971454799498585153, -0.7999999999999998224, 64.58299542233055490 ) ) ;
#20 = ORIENTED_EDGE ( 'NONE', *, *, #343, .F. ) ;
#21 = CARTESIAN_POINT ( 'NONE',  ( -6.686077769647259750, 5.532525730460090473E-15, 65.83000465099053145 ) ) ;
#22 = ORIENTED_EDGE ( 'NONE', *, *, #1927, .T. ) ;
#23 = CARTESIAN_POINT ( 'NONE',  ( 5.365315915058242346, 5.426483578707466317E-15, 66.54077192056372780 ) ) ;
#24 = CARTESIAN_POINT ( 'NONE',  ( -8.564732240001525554, -3.600000000000000089, -65.37461423223560075 ) ) ;
#25 = CARTESIAN_POINT ( 'NONE',  ( -10.10513429594454138, -1.999999999999999112, 63.38701556959923522 ) ) ;
#26 = CARTESIAN_POINT ( 'NONE',  ( -16.72471258042178732, -3.600000000000000089, -55.21723441632939000 ) ) ;
#27 = CARTESIAN_POINT ( 'NONE',  ( -12.03912977495820691, -2.000000000000000000, 60.33183078387104104 ) ) ;
#28 = CARTESIAN_POINT ( 'NONE',  ( -16.33542531732328840, -3.000000000000011990, 47.70664614242006962 ) ) ;
#29 = ADVANCED_FACE ( 'NONE', ( #3444 ), #3477, .F. ) ;
#30 = CARTESIAN_POINT ( 'NONE',  ( 5.203871398498850276, 5.407429316867586891E-15, 66.59794237396191363 ) ) ;
#31 = LINE ( 'NONE', #153, #3528 ) ;
#32 = CARTESIAN_POINT ( 'NONE',  ( -17.29054165277981525, -3.599999999999999201, 18.20698822508623138 ) ) ;
#33 = CARTESIAN_POINT ( 'NONE',  ( -7.426897457272863434, -2.000000000000000000, 67.50674745008359423 ) ) ;
#34 = EDGE_CURVE ( 'NONE', #7082, #1771, #976, .T. ) ;
#35 = DIRECTION ( 'NONE',  ( 0.000000000000000000, 0.000000000000000000, 1.000000000000000000 ) ) ;
#36 = CARTESIAN_POINT ( 'NONE',  ( 12.09965843167479171, -3.600000000000000089, -63.08918260441569004 ) ) ;
#37 = ORIENTED_EDGE ( 'NONE', *, *, #4864, .F. ) ;
#38 = CARTESIAN_POINT ( 'NONE',  ( 9.621618940903417183, 5.659263479249953957E-15, 62.73266413212266457 ) ) ;
#39 = LINE ( 'NONE', #4176, #1196 ) ;
#40 = CARTESIAN_POINT ( 'NONE',  ( -10.27431741136047449, -0.8000000000000004885, 60.14782225825361195 ) ) ;
#41 = CARTESIAN_POINT ( 'NONE',  ( 10.89411304180712392, -3.000000000000010214, -64.79441748787382949 ) ) ;
#42 = CARTESIAN_POINT ( 'NONE',  ( 17.29984295123380988, -3.600000000000000533, 26.80589267744646520 ) ) ;
#43 = CARTESIAN_POINT ( 'NONE',  ( -6.230930543781972197, -0.03847761087428618054, 66.07853087660214442 ) ) ;
#44 = VERTEX_POINT ( 'NONE', #4547 ) ;
#45 = ADVANCED_FACE ( 'NONE', ( #3943 ), #1585, .T. ) ;
#46 = CARTESIAN_POINT ( 'NONE',  ( -17.27147762154150357, -3.600000000000000977, -45.37086253536001124 ) ) ;
#47 = APPLICATION_CONTEXT ( 'automotive_design' ) ;
#48 = LINE ( 'NONE', #4823, #6055 ) ;
#49 = CIRCLE ( 'NONE', #4688, 2.149999999999999023 ) ;
#50 = EDGE_CURVE ( 'NONE', #6840, #6688, #4478, .T. ) ;
#51 = CARTESIAN_POINT ( 'NONE',  ( -16.80000004092597976, 5.637851296924623057E-15, 32.00040283461600410 ) ) ;
#52 = CARTESIAN_POINT ( 'NONE',  ( 10.58407954085030056, -3.599999999999999645, 61.46717788370194313 ) ) ;
#53 = CARTESIAN_POINT ( 'NONE',  ( 4.719541856633087562, -0.03847755141138245460, 66.69209584207609964 ) ) ;
#54 = CARTESIAN_POINT ( 'NONE',  ( 17.19495290019893119, -3.600000000000000089, 35.76782935023070564 ) ) ;
#55 = CARTESIAN_POINT ( 'NONE',  ( -16.08621039312081535, -0.03847816899156072251, 42.83572391338701379 ) ) ;
#56 = CARTESIAN_POINT ( 'NONE',  ( 4.214371913876367337, -0.8000000000000003775, 65.99035745658160579 ) ) ;
#57 = CARTESIAN_POINT ( 'NONE',  ( -5.847454279695104340, 5.353345833787221088E-15, 66.33218787137390393 ) ) ;
#58 = ORIENTED_EDGE ( 'NONE', *, *, #1792, .T. ) ;
#59 = CARTESIAN_POINT ( 'NONE',  ( 5.192113501339801651, 5.593510303878988809E-15, 66.60186986497021167 ) ) ;
#60 = CARTESIAN_POINT ( 'NONE',  ( -11.21258887362135503, -3.000000000000010214, -64.59205829114596042 ) ) ;
#61 = DIRECTION ( 'NONE',  ( 0.000000000000000000, 0.000000000000000000, -1.000000000000000000 ) ) ;
#62 = CARTESIAN_POINT ( 'NONE',  ( -15.38253868335757524, -3.600000000000000089, -58.72467558182474079 ) ) ;
#63 = CARTESIAN_POINT ( 'NONE',  ( -7.533123011820720194, -2.000000000000000000, 65.83467889267632245 ) ) ;
#64 = CARTESIAN_POINT ( 'NONE',  ( -15.18030267725275273, -3.000000000000010658, 52.30408765533413629 ) ) ;
#65 = CARTESIAN_POINT ( 'NONE',  ( 16.70029233586464912, 5.182746734208268284E-15, 36.18299027267275392 ) ) ;
#66 = CARTESIAN_POINT ( 'NONE',  ( 17.65228586297545021, -3.000000000000011102, -53.69723077236407249 ) ) ;
#67 = CARTESIAN_POINT ( 'NONE',  ( 15.99996250431267164, -0.8000000000000002665, 31.73444084094756334 ) ) ;
#68 = ORIENTED_EDGE ( 'NONE', *, *, #838, .T. ) ;
#69 = CARTESIAN_POINT ( 'NONE',  ( -3.770985884586000481, -3.599999999999998312, 66.27631779215984409 ) ) ;
#70 = CARTESIAN_POINT ( 'NONE',  ( -8.545828840907701007, -2.000000000000000000, -66.10028842541088068 ) ) ;
#71 = FACE_OUTER_BOUND ( 'NONE', #5131, .T. ) ;
#72 = EDGE_CURVE ( 'NONE', #5180, #337, #31, .T. ) ;
#73 = VECTOR ( 'NONE', #5776, 1000.000000000000114 ) ;
#74 = CARTESIAN_POINT ( 'NONE',  ( 17.85212221966163426, -2.000000000000000000, -50.85173671083008173 ) ) ;
#75 = VECTOR ( 'NONE', #3426, 1000.000000000000000 ) ;
#76 = CARTESIAN_POINT ( 'NONE',  ( 13.92793690675384077, -3.600000000000000977, -61.06280168058524538 ) ) ;
#77 = ORIENTED_EDGE ( 'NONE', *, *, #1544, .T. ) ;
#78 = CARTESIAN_POINT ( 'NONE',  ( 16.60304922165046548, 5.865792568019911538E-15, 37.85210928084946147 ) ) ;
#79 = DIRECTION ( 'NONE',  ( 0.000000000000000000, 0.000000000000000000, 1.000000000000000000 ) ) ;
#80 = CARTESIAN_POINT ( 'NONE',  ( 9.421261281704556012, -3.600000000000000533, 63.11158095761295073 ) ) ;
#81 = CARTESIAN_POINT ( 'NONE',  ( 17.28115647114938014, -3.600000000000000533, 15.83885187526815841 ) ) ;
#82 = CARTESIAN_POINT ( 'NONE',  ( 4.866340914707895315, -3.600000000000001421, 66.24922564434152150 ) ) ;
#83 = CIRCLE ( 'NONE', #7026, 2.440470318322684129 ) ;
#84 = CARTESIAN_POINT ( 'NONE',  ( 17.29859239760469336, -3.600000000000000089, 27.87287680521342992 ) ) ;
#85 = CARTESIAN_POINT ( 'NONE',  ( -7.165394500099393937, -0.7999999999991764810, 64.40713475911776698 ) ) ;
#86 = ORIENTED_EDGE ( 'NONE', *, *, #957, .F. ) ;
#87 = CARTESIAN_POINT ( 'NONE',  ( -3.938704564397028651, -0.7999999999997045030, 66.00060813188623854 ) ) ;
#88 = EDGE_LOOP ( 'NONE', ( #7060, #2025, #3738, #1184 ) ) ;
#89 = CARTESIAN_POINT ( 'NONE',  ( -17.27619018025843900, -3.600000000000000089, -45.67328032281069028 ) ) ;
#90 = ADVANCED_FACE ( 'NONE', ( #4204 ), #653, .T. ) ;
#91 = EDGE_CURVE ( 'NONE', #3083, #872, #5843, .T. ) ;
#92 = CARTESIAN_POINT ( 'NONE',  ( -14.25575799097778784, -1.499999999999999556, 27.00011359384848220 ) ) ;
#93 = CARTESIAN_POINT ( 'NONE',  ( -4.680856406624264388, -0.8000000000000011546, 65.91661320021637493 ) ) ;
#94 = CARTESIAN_POINT ( 'NONE',  ( -17.04506039749795221, -3.600000000000000533, 38.24620848818700836 ) ) ;
#95 = CARTESIAN_POINT ( 'NONE',  ( 14.92725046854734394, -3.600000000000001421, 50.98296021764947028 ) ) ;
#96 = PRODUCT_DEFINITION_FORMATION_WITH_SPECIFIED_SOURCE ( 'ไป', '', #2396, .NOT_KNOWN. ) ;
#97 = CARTESIAN_POINT ( 'NONE',  ( 3.359498713772217204, -3.600000000000000089, 45.91854592256468237 ) ) ;
#98 = CARTESIAN_POINT ( 'NONE',  ( 4.868884705852008388, -0.7999999999996533218, 65.86539054782021196 ) ) ;
#99 = CARTESIAN_POINT ( 'NONE',  ( 3.983214614439311685, -0.5942139764290824688, 65.93688362561634619 ) ) ;
#100 = CARTESIAN_POINT ( 'NONE',  ( 12.55972814770686519, -3.599999999999999201, 57.75788036284642146 ) ) ;
#101 = AXIS2_PLACEMENT_3D ( 'NONE', #7414, #5707, #6917 ) ;
#102 = LINE ( 'NONE', #2542, #2324 ) ;
#103 = CARTESIAN_POINT ( 'NONE',  ( 4.958536168820703693, -0.8000000000000002665, 65.83641356047908744 ) ) ;
#104 = CARTESIAN_POINT ( 'NONE',  ( -5.763894595577514934, 5.541334837137075048E-15, 66.37271927364962210 ) ) ;
#105 = ORIENTED_EDGE ( 'NONE', *, *, #7342, .F. ) ;
#106 = CARTESIAN_POINT ( 'NONE',  ( 5.929725564247126712, 5.689417938115001523E-15, 66.29241665517511706 ) ) ;
#107 = CARTESIAN_POINT ( 'NONE',  ( -4.928379454839535434, -3.599999999999998312, -66.44186573511245797 ) ) ;
#108 = CARTESIAN_POINT ( 'NONE',  ( -17.81010230752301027, -3.000000000000010214, -52.21290473055539394 ) ) ;
#109 = CARTESIAN_POINT ( 'NONE',  ( -10.10513429594454138, -2.000000000000000000, 63.38701556959923522 ) ) ;
#110 = EDGE_CURVE ( 'NONE', #5315, #4537, #4805, .T. ) ;
#111 = VECTOR ( 'NONE', #2866, 999.9999999999998863 ) ;
#112 = CIRCLE ( 'NONE', #1802, 14.76152236891496017 ) ;
#113 = CARTESIAN_POINT ( 'NONE',  ( 17.13661366731564684, -3.000000000000011102, -55.97859527362476229 ) ) ;
#114 = CARTESIAN_POINT ( 'NONE',  ( 15.98820574261844030, -0.7999999999999994893, 33.65979835445316581 ) ) ;
#115 = VERTEX_POINT ( 'NONE', #2479 ) ;
#116 = B_SPLINE_CURVE_WITH_KNOTS ( 'NONE', 3,
 ( #4225, #1399, #179, #4829, #3164, #219, #3654, #7226, #1436, #3768, #6095, #4187, #1366, #6514, #1286, #5983, #3089, #7290, #6728, #362, #2686, #6801, #6166, #6244, #7324, #6208, #4444, #6763, #1542, #3875, #2042, #983, #3955, #1020, #4375, #431, #2763, #7405, #6282, #1055, #3381, #5701, #2606, #2888, #5207, #7443, #4558, #6354, #1243, #3455, #3564, #5292, #469, #3420, #1662, #2223, #6874, #582, #5781, #5745, #6949, #2928, #4667, #1735, #6388, #2845, #5248, #5166, #5856, #6, #1168, #3488, #5816, #2335, #627, #2966, #6047, #1315, #3079, #4179, #4262, #3642, #2413, #1962, #3000, #2570, #1996, #4899, #789, #5407, #1279, #6585, #5328, #4747, #6507, #705, #5975, #3044, #5370, #169, #130, #2456, #2493, #1359, #7185, #3686, #6014, #3120, #2531, #2140, #3909, #898, #3226, #3761, #5541, #2072, #6757, #6087, #2031, #315, #423, #7355, #6719, #3834, #2755, #4364, #6159, #5087, #973, #3263, #7394, #4437, #1535, #3869, #6200, #2956, #5691, #5281, #5736, #3373, #2250, #2367, #4698, #532, #7516, #6275, #2215, #6866, #3984, #6902, #2880, #5198, #4626, #3029, #2952, #3630, #154, #4733, #6494, #5278, #5356, #1758, #4806, #5959, #2480, #1232, #1910, #4247, #7133, #32, #6570, #1344, #194, #3552, #119, #776, #5317, #1873, #3515, #7055, #5842, #2444, #615, #3588, #2364, #4168, #5999, #691, #5392, #1797, #5918, #4693, #4844, #2518, #1838, #1267, #3670, #7013, #4772, #3105, #4131, #7094, #5430, #4205 ),
 .UNSPECIFIED., .F., .F.,
 ( 4, 1, 1, 1, 2, 2, 1, 1, 1, 2, 2, 1, 1, 1, 2, 2, 1, 1, 1, 2, 2, 1, 1, 1, 1, 2, 2, 1, 1, 1, 2, 2, 1, 1, 1, 2, 2, 1, 1, 1, 1, 2, 2, 1, 1, 1, 1, 1, 2, 2, 1, 1, 1, 1, 2, 2, 1, 1, 1, 1, 2, 2, 1, 1, 1, 1, 1, 2, 2, 1, 1, 1, 1, 2, 2, 1, 1, 2, 2, 1, 1, 1, 1, 2, 2, 1, 1, 1, 1, 2, 2, 1, 1, 1, 1, 1, 2, 2, 1, 1, 1, 2, 2, 1, 1, 1, 1, 2, 2, 1, 1, 1, 1, 1, 2, 2, 2, 2, 1, 1, 1, 1, 1, 1, 2, 2, 1, 1, 1, 1, 1, 1, 2, 2, 1, 1, 1, 1, 1, 1, 2, 2, 1, 1, 1, 1, 1, 1, 1, 2, 2, 4 ),
 ( 0.000000000000000000, 0.007812500000004926615, 0.01171875000000737257, 0.01367187500000857821, 0.01464843750000894597, 0.01562500000000931200, 0.02343750000001319431, 0.02734375000001535577, 0.02929687500001666028, 0.03027343750001702458, 0.03125000000001738887, 0.03906250000001943584, 0.04296875000002073341, 0.04492187500002137873, 0.04589843750002197548, 0.04687500000002257222, 0.05468750000002775558, 0.05859375000003060746, 0.06054687500003202993, 0.06152343750003277240, 0.06250000000003351486, 0.07812500000004182765, 0.08593750000004615752, 0.08984375000004846124, 0.09179687500004977962, 0.09277343750005026535, 0.09375000000005073719, 0.1093750000000543038, 0.1171875000000562744, 0.1210937500000574124, 0.1230468750000578010, 0.1250000000000582034, 0.1406250000000623113, 0.1484375000000645040, 0.1523437500000654476, 0.1542968750000657807, 0.1562500000000660860, 0.1718750000000706102, 0.1796875000000730249, 0.1835937500000742462, 0.1855468750000747180, 0.1865234375000749401, 0.1875000000000751621, 0.2187500000000737466, 0.2343750000000732192, 0.2421875000000727474, 0.2460937500000726919, 0.2480468750000728306, 0.2490234375000728861, 0.2500000000000729417, 0.2812500000000718314, 0.2968750000000714429, 0.3046875000000712763, 0.3085937500000713873, 0.3105468750000713873, 0.3125000000000713873, 0.3437500000000738853, 0.3593750000000751066, 0.3671875000000755507, 0.3710937500000758282, 0.3730468750000761058, 0.3750000000000763833, 0.4375000000000875411, 0.4687500000000930922, 0.4843750000000960343, 0.4921875000000973666, 0.4960937500000982547, 0.4980468750000986433, 0.5000000000000990319, 0.5312500000001072475, 0.5468750000001112443, 0.5546875000001132427, 0.5585937500001140199, 0.5605468750001144640, 0.5625000000001149081, 0.5781250000001207923, 0.5859375000001239009, 0.5898437500001254552, 0.5937500000001270095, 0.6093750000001328937, 0.6171875000001356693, 0.6210937500001370015, 0.6230468750001378897, 0.6240234375001381117, 0.6250000000001384448, 0.6328125000001376677, 0.6367187500001375566, 0.6386718750001374456, 0.6396484375001373346, 0.6401367187501373346, 0.6406250000001373346, 0.6484375000001340039, 0.6523437500001323386, 0.6542968750001315614, 0.6552734375001311173, 0.6557617187501307843, 0.6560058593751306732, 0.6562500000001305622, 0.6640625000001286748, 0.6679687500001277867, 0.6699218750001273426, 0.6708984375001271205, 0.6718750000001267875, 0.6796875000001246780, 0.6835937500001234568, 0.6855468750001229017, 0.6865234375001225686, 0.6870117187501223466, 0.6875000000001221245, 0.7031250000001132427, 0.7109375000001088019, 0.7148437500001066924, 0.7167968750001055822, 0.7177734375001051381, 0.7182617187501049161, 0.7187500000001045830, 0.7343750000000964784, 0.7500000000000883738, 0.8125000000000558442, 0.8437500000000395239, 0.8593750000000314193, 0.8671875000000274225, 0.8710937500000253131, 0.8730468750000243139, 0.8740234375000237588, 0.8750000000000233147, 0.8906250000000159872, 0.8984375000000123235, 0.9023437500000105471, 0.9042968750000096589, 0.9052734375000092149, 0.9057617187500088818, 0.9060058593750086597, 0.9062500000000084377, 0.9218750000000066613, 0.9296875000000058842, 0.9335937500000055511, 0.9355468750000053291, 0.9365234375000052180, 0.9370117187500052180, 0.9372558593750052180, 0.9375000000000051070, 0.9531250000000025535, 0.9609375000000012212, 0.9648437500000006661, 0.9667968750000003331, 0.9677734375000001110, 0.9682617187500000000, 0.9685058593749998890, 0.9686279296874998890, 0.9687499999999997780, 1.000000000000000000 ),
 .UNSPECIFIED. ) ;
#117 = EDGE_LOOP ( 'NONE', ( #2224, #5536, #3808, #2958 ) ) ;
#118 = CARTESIAN_POINT ( 'NONE',  ( -5.893454959690221706, -3.600000000000000977, 66.02881918398384187 ) ) ;
#119 = CARTESIAN_POINT ( 'NONE',  ( -17.28326047278745392, -3.599999999999999645, 16.56074031761393783 ) ) ;
#120 = CARTESIAN_POINT ( 'NONE',  ( -3.998494299127234974, 0.000000000000000000, 68.60000562557462445 ) ) ;
#121 = CARTESIAN_POINT ( 'NONE',  ( 17.85584412249268738, -2.000000000000000000, -44.73264089768713347 ) ) ;
#122 = CARTESIAN_POINT ( 'NONE',  ( 15.34100474896044908, -0.03847777670842595504, 47.36997151435762987 ) ) ;
#123 =( NAMED_UNIT ( * ) SI_UNIT ( $, .STERADIAN. ) SOLID_ANGLE_UNIT ( ) );
#124 = ORIENTED_EDGE ( 'NONE', *, *, #2051, .T. ) ;
#125 = CARTESIAN_POINT ( 'NONE',  ( 15.92972395359518600, 0.000000000000000000, 53.05523802312370663 ) ) ;
#126 = CARTESIAN_POINT ( 'NONE',  ( 16.30875640480574873, 5.604166992020074239E-15, 41.18455071422826563 ) ) ;
#127 = CARTESIAN_POINT ( 'NONE',  ( -10.63175838152383790, -3.599999999999999201, -64.25044935306041793 ) ) ;
#128 = CARTESIAN_POINT ( 'NONE',  ( -3.996951132546129770, -0.2820803003505218953, 66.51792533051603584 ) ) ;
#129 = CARTESIAN_POINT ( 'NONE',  ( 5.227084377693880235, -3.600000000000000089, 66.20157864639013212 ) ) ;
#130 = CARTESIAN_POINT ( 'NONE',  ( -17.18737844891168720, -3.599999999999999645, 35.92600744844900618 ) ) ;
#131 = CARTESIAN_POINT ( 'NONE',  ( 17.29967184657286339, -3.599999999999999645, 26.93513468990392212 ) ) ;
#132 = ORIENTED_EDGE ( 'NONE', *, *, #3846, .T. ) ;
#133 = ORIENTED_EDGE ( 'NONE', *, *, #424, .T. ) ;
#134 = CARTESIAN_POINT ( 'NONE',  ( -17.26951798147261741, -3.600000000000000533, -49.88472513950233633 ) ) ;
#135 = CARTESIAN_POINT ( 'NONE',  ( 6.143137091318748411, -3.599999999999999645, 65.93459624952764386 ) ) ;
#136 = CARTESIAN_POINT ( 'NONE',  ( -5.231032346098011487, -0.7999999999999996003, 65.73456164620259301 ) ) ;
#137 = CARTESIAN_POINT ( 'NONE',  ( 7.651821203249616232, -3.600000000000001421, 64.98267897448290853 ) ) ;
#138 = EDGE_CURVE ( 'NONE', #4610, #2371, #7177, .T. ) ;
#139 = CARTESIAN_POINT ( 'NONE',  ( 5.398775297734423440, -0.8000000000000390132, 64.43189934402903418 ) ) ;
#140 = PRODUCT_CONTEXT ( 'NONE', #47, 'mechanical' ) ;
#141 = CARTESIAN_POINT ( 'NONE',  ( 12.22233329778986644, -3.600000000000000089, 58.49128817816525583 ) ) ;
#142 = CARTESIAN_POINT ( 'NONE',  ( -13.59078231942650561, 0.000000000000000000, 59.32953292813555635 ) ) ;
#143 = CARTESIAN_POINT ( 'NONE',  ( 5.011286041868003416, -0.7999999999999999334, 65.81819680881498869 ) ) ;
#144 = CARTESIAN_POINT ( 'NONE',  ( 6.462984221117345385, -0.8000000000000000444, -18.73897252795810076 ) ) ;
#145 = CARTESIAN_POINT ( 'NONE',  ( -3.461862478064956061, -3.600000000000001421, -66.60913314763227788 ) ) ;
#146 = CARTESIAN_POINT ( 'NONE',  ( 2.764284175745218786, -3.600000000000000089, -66.64609493129549378 ) ) ;
#147 = CARTESIAN_POINT ( 'NONE',  ( -12.59692769011806668, -3.600000000000000089, -62.60963004526038134 ) ) ;
#148 = CARTESIAN_POINT ( 'NONE',  ( -5.275844392342809108, 5.761480964939185646E-15, 66.57346851821246503 ) ) ;
#149 = CARTESIAN_POINT ( 'NONE',  ( 17.82447066391012669, -3.000000000000011102, -51.93901867044591114 ) ) ;
#150 = CARTESIAN_POINT ( 'NONE',  ( 3.989685955295017461, 5.890667766217651316E-15, 66.80002599560155829 ) ) ;
#151 = ORIENTED_EDGE ( 'NONE', *, *, #6999, .F. ) ;
#152 = ORIENTED_EDGE ( 'NONE', *, *, #2870, .F. ) ;
#153 = CARTESIAN_POINT ( 'NONE',  ( -2.000000000000005329, 0.000000000000000000, -69.40000000000003411 ) ) ;
#154 = CARTESIAN_POINT ( 'NONE',  ( -17.29989734880145491, -3.599999999999999645, 26.74673184888868605 ) ) ;
#155 = CARTESIAN_POINT ( 'NONE',  ( -7.925568520633705205, 0.000000000000000000, 67.16158576645769074 ) ) ;
#156 = ADVANCED_FACE ( 'NONE', ( #7132 ), #1309, .T. ) ;
#157 = CYLINDRICAL_SURFACE ( 'NONE', #3146, 1.449999999999999956 ) ;
#158 = CARTESIAN_POINT ( 'NONE',  ( -15.96145295734429936, -3.600000000000000533, -57.48559267919291216 ) ) ;
#159 = CARTESIAN_POINT ( 'NONE',  ( 17.29967612114223741, -3.600000000000000533, 31.00500848047082769 ) ) ;
#160 = CARTESIAN_POINT ( 'NONE',  ( -6.108315920351151895, -3.600000000000000089, 65.94925059141044699 ) ) ;
#161 = CARTESIAN_POINT ( 'NONE',  ( -9.376950490892287604, -2.000000000000000000, 65.87692874913412311 ) ) ;
#162 = EDGE_LOOP ( 'NONE', ( #3066, #7307, #5703, #4559 ) ) ;
#163 = CARTESIAN_POINT ( 'NONE',  ( 15.92972395359518600, -2.000000000000000000, 53.05523802312370663 ) ) ;
#164 = CARTESIAN_POINT ( 'NONE',  ( 16.78809576803995540, 6.142321583126578113E-15, 33.67516100023031100 ) ) ;
#165 = DIRECTION ( 'NONE',  ( -0.000000000000000000, 1.000000000000000000, 0.000000000000000000 ) ) ;
#166 = CARTESIAN_POINT ( 'NONE',  ( -10.88056429496366917, -3.600000000000000089, -64.09228027394834726 ) ) ;
#167 = CARTESIAN_POINT ( 'NONE',  ( 3.998749211016420890, 0.000000000000000000, 68.60000390890179744 ) ) ;
#168 = CARTESIAN_POINT ( 'NONE',  ( 3.696014102364292064, -3.600000000000000089, 66.27631401521067289 ) ) ;
#169 = CARTESIAN_POINT ( 'NONE',  ( -17.18548365824128865, -3.600000000000000089, 35.96479701682147123 ) ) ;
#170 = ORIENTED_EDGE ( 'NONE', *, *, #1191, .F. ) ;
#171 = CARTESIAN_POINT ( 'NONE',  ( 17.61942214598124679, -3.000000000000010658, 39.80534310075264415 ) ) ;
#172 = ORIENTED_EDGE ( 'NONE', *, *, #5394, .T. ) ;
#173 = CARTESIAN_POINT ( 'NONE',  ( -3.820470991071472699, -2.000000000000000000, -69.90770463712944149 ) ) ;
#174 = CARTESIAN_POINT ( 'NONE',  ( -4.834595805818254100, -0.7999999999999999334, 65.87564040918837804 ) ) ;
#175 = CARTESIAN_POINT ( 'NONE',  ( -16.72951354639871369, -3.600000000000000977, 41.48006973471885317 ) ) ;
#176 = EDGE_CURVE ( 'NONE', #3855, #3718, #7268, .T. ) ;
#177 = CARTESIAN_POINT ( 'NONE',  ( 5.924069637619489015E-06, -3.600000000000000089, -66.65441558772853625 ) ) ;
#178 = CARTESIAN_POINT ( 'NONE',  ( 8.910973358693162538, -3.599999999999999201, 63.73102673328473600 ) ) ;
#179 = CARTESIAN_POINT ( 'NONE',  ( -7.468380805819140988, -3.599999999999999645, 65.13038524816604991 ) ) ;
#180 = CARTESIAN_POINT ( 'NONE',  ( 6.076476654562021906, -0.8000000000001364908, 65.27534213226458348 ) ) ;
#181 = DIRECTION ( 'NONE',  ( 0.000000000000000000, 0.000000000000000000, -1.000000000000000000 ) ) ;
#182 = CARTESIAN_POINT ( 'NONE',  ( -14.59291496991696491, -0.7999999999982003729, 47.29085676280238459 ) ) ;
#183 = CARTESIAN_POINT ( 'NONE',  ( -17.63527827863580555, 0.000000000000000000, 44.93204922741900020 ) ) ;
#184 = CARTESIAN_POINT ( 'NONE',  ( 5.279626604826898273, -0.8000000000000000444, 65.71366204018170265 ) ) ;
#185 = CARTESIAN_POINT ( 'NONE',  ( 6.870549350781473663, 5.595734883981234874E-15, 65.69379859025634971 ) ) ;
#186 = CARTESIAN_POINT ( 'NONE',  ( -5.772543565329971926, -3.000000000000009770, -66.89636907404101862 ) ) ;
#187 = CARTESIAN_POINT ( 'NONE',  ( 3.220135868270582069, -3.600000000000001421, -66.62623286557477797 ) ) ;
#188 = CARTESIAN_POINT ( 'NONE',  ( -17.85499524645584302, -3.000000000000010214, -50.71595916548670857 ) ) ;
#189 = CARTESIAN_POINT ( 'NONE',  ( -3.991581377705368805, 5.637851296924622268E-15, 66.80008075280808555 ) ) ;
#190 = CARTESIAN_POINT ( 'NONE',  ( 17.84772999993311871, -3.000000000000009770, -51.12365609459106253 ) ) ;
#191 = CARTESIAN_POINT ( 'NONE',  ( 4.032473779504402778, 6.460229641349414938E-15, 66.79953861285925143 ) ) ;
#192 = EDGE_LOOP ( 'NONE', ( #1924, #2839, #5457, #1563 ) ) ;
#193 = CARTESIAN_POINT ( 'NONE',  ( -4.984620106296924646, -3.000000000000010658, 66.84112007586199411 ) ) ;
#194 = CARTESIAN_POINT ( 'NONE',  ( -17.28521971517638178, -3.600000000000000089, 16.97354095597642498 ) ) ;
#195 = ADVANCED_FACE ( 'NONE', ( #4391 ), #6708, .T. ) ;
#196 = CARTESIAN_POINT ( 'NONE',  ( -15.47869464312739929, -2.000000000000000000, 54.34922836488397024 ) ) ;
#197 = CARTESIAN_POINT ( 'NONE',  ( -17.25320947072855660, -3.600000000000000089, 10.54545330536134529 ) ) ;
#198 = CARTESIAN_POINT ( 'NONE',  ( 17.90410878738257594, -3.000000000000010658, -46.61837408618240630 ) ) ;
#199 = CARTESIAN_POINT ( 'NONE',  ( 6.981373076535129840, -0.03847925918873291995, 65.57365429593301087 ) ) ;
#200 = CARTESIAN_POINT ( 'NONE',  ( -14.32736400217743977, -3.600000000000000089, -60.49873361202693900 ) ) ;
#201 = DIRECTION ( 'NONE',  ( 4.555823753180761115E-07, 0.000000000000000000, 0.9999999999998961941 ) ) ;
#202 = CARTESIAN_POINT ( 'NONE',  ( 16.11760374464861911, -3.600000000000000089, -57.09947920740436444 ) ) ;
#203 = EDGE_CURVE ( 'NONE', #7130, #6875, #6562, .T. ) ;
#204 = ORIENTED_EDGE ( 'NONE', *, *, #5465, .F. ) ;
#205 = CARTESIAN_POINT ( 'NONE',  ( 18.60058104995349026, 0.000000000000000000, 36.02498835060237781 ) ) ;
#206 = CARTESIAN_POINT ( 'NONE',  ( 14.74353571773786875, 6.025856169413616381E-15, 50.26777293377317335 ) ) ;
#207 = CARTESIAN_POINT ( 'NONE',  ( -2.962034950016975934E-06, -3.000000000000010658, -67.25441558775045792 ) ) ;
#208 = CARTESIAN_POINT ( 'NONE',  ( 6.117508275210481905, -2.000000000000000000, -66.92165255164603366 ) ) ;
#209 = CARTESIAN_POINT ( 'NONE',  ( -14.06208247317280424, -0.7999999999999999334, 49.67493360773143962 ) ) ;
#210 = CARTESIAN_POINT ( 'NONE',  ( 4.924919189496969274, -3.600000000000000089, 66.24340296286459306 ) ) ;
#211 = CARTESIAN_POINT ( 'NONE',  ( 17.30165884191804437, -3.600000000000000977, 25.28442150010854306 ) ) ;
#212 = EDGE_CURVE ( 'NONE', #3566, #3828, #3899, .T. ) ;
#213 = EDGE_LOOP ( 'NONE', ( #1784, #5850, #418, #2478 ) ) ;
#214 = B_SPLINE_CURVE_WITH_KNOTS ( 'NONE', 3,
 ( #7175, #5361, #3752, #1953, #4775, #4288, #6611, #122, #7212, #1271, #2448, #1384, #7098, #817, #3147, #4209, #5473, #3634, #5884, #5360, #5964, #6574, #6003, #2447, #1349, #780, #3110, #4737, #5435, #199, #2521, #6460, #4847, #3714, #1951, #6609, #1382, #815 ),
 .UNSPECIFIED., .F., .F.,
 ( 4, 2, 2, 2, 2, 2, 2, 2, 2, 2, 2, 2, 2, 2, 2, 2, 2, 2, 4 ),
 ( 0.000000000000000000, 0.004892280964720934801, 0.009784561929441869602, 0.01467684289416280527, 0.01712298337652328264, 0.01956912385888376349, 0.02201526434124424433, 0.02446140482360471824, 0.02690754530596519561, 0.02813061554714543430, 0.02935368578832567299, 0.03179982627068615036, 0.03302289651186639946, 0.03424596675304664162, 0.03546903699422688377, 0.03669210723540713287, 0.03791517747658738197, 0.03852671259717751345, 0.03913824771776763800 ),
 .UNSPECIFIED. ) ;
#215 = CARTESIAN_POINT ( 'NONE',  ( 5.449879111963767286, -3.599999999999998757, 66.15646322182971062 ) ) ;
#216 = CARTESIAN_POINT ( 'NONE',  ( -3.992566854887548367, -0.8000000000000004885, 66.00002173289095708 ) ) ;
#217 = CARTESIAN_POINT ( 'NONE',  ( -17.29915682939912358, -3.599999999999999645, 27.33875166200200368 ) ) ;
#218 = CARTESIAN_POINT ( 'NONE',  ( 15.15187081904905142, -3.599999999999999645, 50.12585270556935768 ) ) ;
#219 = CARTESIAN_POINT ( 'NONE',  ( -7.812979551501894271, -3.600000000000000533, 64.83809028073905267 ) ) ;
#220 = CARTESIAN_POINT ( 'NONE',  ( 5.779536350653629917, -0.7999999999991936894, 65.46295564108926612 ) ) ;
#221 =( LENGTH_UNIT ( ) NAMED_UNIT ( * ) SI_UNIT ( .MILLI., .METRE. ) );
#222 = CARTESIAN_POINT ( 'NONE',  ( -12.18755991459747356, -0.03847783976285938656, 57.96749750169946935 ) ) ;
#223 = DIRECTION ( 'NONE',  ( 0.000000000000000000, 0.000000000000000000, -1.000000000000000000 ) ) ;
#224 = CARTESIAN_POINT ( 'NONE',  ( 4.318514554578915643, -0.8000000000000010436, 65.98062097982011664 ) ) ;
#225 = VECTOR ( 'NONE', #5532, 1000.000000000000000 ) ;
#226 = CARTESIAN_POINT ( 'NONE',  ( 8.182695765733493332, 5.562018922680681688E-15, 64.51610091296463168 ) ) ;
#227 = CARTESIAN_POINT ( 'NONE',  ( 2.167696265349947193, -3.599999999999999645, -66.65996644971741603 ) ) ;
#228 = CARTESIAN_POINT ( 'NONE',  ( -15.63335150906830151, -3.000000000000010214, -59.52149796028967188 ) ) ;
#229 = CARTESIAN_POINT ( 'NONE',  ( -4.994282141247282425, 5.505378947285243787E-15, 66.66183705000723592 ) ) ;
#230 = CARTESIAN_POINT ( 'NONE',  ( -17.89843044210816458, -3.000000000000010214, 28.22412294385870624 ) ) ;
#231 = AXIS2_PLACEMENT_3D ( 'NONE', #1554, #990, #3349 ) ;
#232 = CARTESIAN_POINT ( 'NONE',  ( 17.87537064834041445, -3.000000000000011102, -45.61138039960036394 ) ) ;
#233 = CARTESIAN_POINT ( 'NONE',  ( 4.179563260500966493, 5.887771687285186779E-15, 66.79443800562900435 ) ) ;
#234 = AXIS2_PLACEMENT_3D ( 'NONE', #5199, #5772, #3482 ) ;
#235 = VERTEX_POINT ( 'NONE', #7497 ) ;
#236 = CARTESIAN_POINT ( 'NONE',  ( -5.583496689488159248, -3.000000000000011102, 66.74150259320255429 ) ) ;
#237 = CARTESIAN_POINT ( 'NONE',  ( -6.117508275257346639, -3.000000000000010658, -66.92165255163803295 ) ) ;
#238 = CARTESIAN_POINT ( 'NONE',  ( 6.462984221117345385, -0.7999999999999999334, -20.18897252795810004 ) ) ;
#239 = VECTOR ( 'NONE', #5005, 1000.000000000000227 ) ;
#240 = CARTESIAN_POINT ( 'NONE',  ( -17.25574622442043093, -3.600000000000000089, 11.11191439996535912 ) ) ;
#241 = CARTESIAN_POINT ( 'NONE',  ( -17.21095267789643302, -3.599999999999999645, -52.18058554529500981 ) ) ;
#242 = CARTESIAN_POINT ( 'NONE',  ( 17.29858223397127048, -3.600000000000000533, 31.37779912683455308 ) ) ;
#243 = CARTESIAN_POINT ( 'NONE',  ( -17.25577033357259893, -3.600000000000000089, -55.01687308386777175 ) ) ;
#244 = CARTESIAN_POINT ( 'NONE',  ( 17.21392879242499774, -3.600000000000000533, -52.12842237557086378 ) ) ;
#245 = CARTESIAN_POINT ( 'NONE',  ( -17.65574020768675112, -3.200000000000006839, 11.10922729485095317 ) ) ;
#246 = CARTESIAN_POINT ( 'NONE',  ( 17.26633144764355876, -3.599999999999998312, 13.47561174994997302 ) ) ;
#247 = CARTESIAN_POINT ( 'NONE',  ( 1.577508335764976621E-06, -3.600000000000000089, 66.27631535813257813 ) ) ;
#248 = CARTESIAN_POINT ( 'NONE',  ( 17.29896941668046750, -3.600000000000000533, 29.38832744757965898 ) ) ;
#249 = EDGE_LOOP ( 'NONE', ( #3236, #7320, #5613, #6869, #7457, #1414 ) ) ;
#250 = CARTESIAN_POINT ( 'NONE',  ( -17.27260989362705956, -3.600000000000000977, -49.69752160992254630 ) ) ;
#251 = CARTESIAN_POINT ( 'NONE',  ( 7.533123011813358083, -3.000000000000010658, 65.83467889268183626 ) ) ;
#252 = EDGE_CURVE ( 'NONE', #5811, #5071, #3971, .T. ) ;
#253 = CARTESIAN_POINT ( 'NONE',  ( -3.997405963459458089, -0.7999999999999997113, 65.99996180334446194 ) ) ;
#254 = CARTESIAN_POINT ( 'NONE',  ( -17.29835887736001254, -3.600000000000001421, 28.51892747436423647 ) ) ;
#255 = CARTESIAN_POINT ( 'NONE',  ( 6.360910272510735375, -3.600000000000001421, -66.14204686160128688 ) ) ;
#256 = CARTESIAN_POINT ( 'NONE',  ( 17.90008644643017632, -3.000000000000010214, 30.31347080190501941 ) ) ;
#257 = CARTESIAN_POINT ( 'NONE',  ( 17.26286047270185975, -3.600000000000000533, 12.59609174163014522 ) ) ;
#258 = DIRECTION ( 'NONE',  ( 0.000000000000000000, 0.000000000000000000, -1.000000000000000000 ) ) ;
#259 = CARTESIAN_POINT ( 'NONE',  ( -9.687508059201203281, -0.7999999999999942712, 58.95455044791905408 ) ) ;
#260 = FACE_OUTER_BOUND ( 'NONE', #6803, .T. ) ;
#261 = CARTESIAN_POINT ( 'NONE',  ( 3.966754742285714119, -0.8000000000000000444, 66.00014669672627576 ) ) ;
#262 = ORIENTED_EDGE ( 'NONE', *, *, #1004, .T. ) ;
#263 = CARTESIAN_POINT ( 'NONE',  ( 6.841536937518346129, 5.632237565868248547E-15, 65.71515900122378184 ) ) ;
#264 = CARTESIAN_POINT ( 'NONE',  ( -16.77903484572041037, -3.000000000000010214, -57.06214910500655435 ) ) ;
#265 = CARTESIAN_POINT ( 'NONE',  ( -5.874905564541931469, 5.530562075731141631E-15, 66.31844987988749551 ) ) ;
#266 = FACE_BOUND ( 'NONE', #249, .T. ) ;
#267 = CARTESIAN_POINT ( 'NONE',  ( 15.37043794183309053, 5.406519915512677701E-15, 47.40125190033830904 ) ) ;
#268 = CARTESIAN_POINT ( 'NONE',  ( 17.85579941402619397, -3.000000000000009770, -44.24299619829985630 ) ) ;
#269 = CARTESIAN_POINT ( 'NONE',  ( 14.58540157192981468, -0.8000000000000004885, 47.24716728452490599 ) ) ;
#270 = ORIENTED_EDGE ( 'NONE', *, *, #4093, .F. ) ;
#271 = CARTESIAN_POINT ( 'NONE',  ( -6.662060983091546262, -3.600000000000000977, 65.68632730965077826 ) ) ;
#272 = CARTESIAN_POINT ( 'NONE',  ( 7.814417867974468912, -0.7999999999999550804, 62.04071202701630483 ) ) ;
#273 = CARTESIAN_POINT ( 'NONE',  ( -17.13026176107354459, -3.600000000000000089, -53.07992202341507948 ) ) ;
#274 = CARTESIAN_POINT ( 'NONE',  ( -6.249541328343977575, -3.600000000000000089, 65.88986402227946826 ) ) ;
#275 = CARTESIAN_POINT ( 'NONE',  ( 17.21782340667942179, -3.599999999999999645, -52.05590573404508348 ) ) ;
#276 = EDGE_LOOP ( 'NONE', ( #4637, #4778, #2058, #7249 ) ) ;
#277 = CARTESIAN_POINT ( 'NONE',  ( 13.35779456287476208, -3.600000000000001865, -61.76125317106512824 ) ) ;
#278 = CARTESIAN_POINT ( 'NONE',  ( 11.61597746056947678, -3.000000000000010658, -64.30498037203024353 ) ) ;
#279 = DIRECTION ( 'NONE',  ( 0.000000000000000000, 1.000000000000000000, 0.000000000000000000 ) ) ;
#280 = CARTESIAN_POINT ( 'NONE',  ( 16.60725181413056717, -2.000000000000000000, -57.68579861201803993 ) ) ;
#281 = ORIENTED_EDGE ( 'NONE', *, *, #2334, .F. ) ;
#282 = CARTESIAN_POINT ( 'NONE',  ( 7.249746757085566706, -3.000000000000010658, 66.03327315058176339 ) ) ;
#283 = CARTESIAN_POINT ( 'NONE',  ( -5.866844551919100148, -0.8000000000000014877, 65.40862157457284809 ) ) ;
#284 = CARTESIAN_POINT ( 'NONE',  ( 15.42762754257699065, -3.000000000000010214, 51.42801586196400621 ) ) ;
#285 = CARTESIAN_POINT ( 'NONE',  ( 14.25575799097778784, -3.600000000000000089, 29.65011359384845591 ) ) ;
#286 = CARTESIAN_POINT ( 'NONE',  ( -1.691041974500922196, -1.779949199897996825, -22.64298593906962154 ) ) ;
#287 = ADVANCED_FACE ( 'NONE', ( #5074 ), #6299, .F. ) ;
#288 = CARTESIAN_POINT ( 'NONE',  ( -10.64774915160022495, -0.8000000000023457236, 59.44236135576684177 ) ) ;
#289 = CARTESIAN_POINT ( 'NONE',  ( 17.89496836744038433, -2.000000000000000444, 29.08221816095224455 ) ) ;
#290 = ORIENTED_EDGE ( 'NONE', *, *, #2674, .F. ) ;
#291 = DIRECTION ( 'NONE',  ( 0.000000000000000000, -1.000000000000000000, 0.000000000000000000 ) ) ;
#292 = ADVANCED_FACE ( 'NONE', ( #5113 ), #519, .F. ) ;
#293 = CARTESIAN_POINT ( 'NONE',  ( 8.761651379456182553, 5.682340978894092520E-15, 63.86283507102064050 ) ) ;
#294 = CARTESIAN_POINT ( 'NONE',  ( 6.834858925597309565, -3.600000000000001421, -66.00832763176811113 ) ) ;
#295 = CARTESIAN_POINT ( 'NONE',  ( 3.943771363211876958E-07, -2.000000000000000000, 66.87631535813137873 ) ) ;
#296 = CARTESIAN_POINT ( 'NONE',  ( -9.563192612936852299, 5.587423006321735493E-15, 62.81765423176240404 ) ) ;
#297 = CARTESIAN_POINT ( 'NONE',  ( -4.203346723441509170, -3.600000000000000533, -66.54127726552415822 ) ) ;
#298 = CARTESIAN_POINT ( 'NONE',  ( -17.90026312712897649, -3.000000000000011990, 26.45451408437703478 ) ) ;
#299 = CARTESIAN_POINT ( 'NONE',  ( 15.88358195883529689, -0.03847759282023337918, 44.29481904338822318 ) ) ;
#300 = CARTESIAN_POINT ( 'NONE',  ( 13.25738129063814696, 5.931295370086858325E-15, 55.31550707512928255 ) ) ;
#301 = CARTESIAN_POINT ( 'NONE',  ( 10.44631678689652077, -0.7999999999999998224, 59.83475556835328746 ) ) ;
#302 = ORIENTED_EDGE ( 'NONE', *, *, #1974, .T. ) ;
#303 = CARTESIAN_POINT ( 'NONE',  ( -4.728087958333232699, -3.000000000000009770, 66.86169624491034824 ) ) ;
#304 = CARTESIAN_POINT ( 'NONE',  ( -4.869791079804006273, -2.000000000000000000, -68.40912024397159996 ) ) ;
#305 = AXIS2_PLACEMENT_3D ( 'NONE', #5973, #4704, #5478 ) ;
#306 = CARTESIAN_POINT ( 'NONE',  ( -17.25562530588814170, -3.600000000000000089, -50.67520924713666375 ) ) ;
#307 = CARTESIAN_POINT ( 'NONE',  ( 8.968824981573293442, 5.387533762911139232E-15, 63.60895047596832086 ) ) ;
#308 = CARTESIAN_POINT ( 'NONE',  ( 17.24958962172587462, -3.600000000000000977, -51.01480917965788109 ) ) ;
#309 = ORIENTED_EDGE ( 'NONE', *, *, #819, .F. ) ;
#310 = CARTESIAN_POINT ( 'NONE',  ( 15.26559560542553662, -3.599999999999998757, -58.95624125948171468 ) ) ;
#311 = EDGE_CURVE ( 'NONE', #6853, #6695, #1072, .T. ) ;
#312 = CARTESIAN_POINT ( 'NONE',  ( -2.000000000000005329, -0.03847763108503349239, -52.00000000000000711 ) ) ;
#313 = LINE ( 'NONE', #3831, #4959 ) ;
#314 = CARTESIAN_POINT ( 'NONE',  ( -17.61944651220977320, -3.000000000000010658, 39.80512344267199865 ) ) ;
#315 = CARTESIAN_POINT ( 'NONE',  ( -17.29790929891647977, -3.600000000000000533, 31.53616844303330780 ) ) ;
#316 = CARTESIAN_POINT ( 'NONE',  ( -8.347894271379340481, -0.7999999999999998224, 63.10723129780809870 ) ) ;
#317 = CARTESIAN_POINT ( 'NONE',  ( 4.011343725902233537, -3.000000000000011990, -67.16538495702536693 ) ) ;
#318 = CARTESIAN_POINT ( 'NONE',  ( 17.90264745772643451, -3.000000000000011102, 24.11023480963069687 ) ) ;
#319 = LINE ( 'NONE', #2643, #1252 ) ;
#320 = CARTESIAN_POINT ( 'NONE',  ( -11.48848970837356731, -0.7999999999967115638, 57.66505738867304132 ) ) ;
#321 = CARTESIAN_POINT ( 'NONE',  ( -16.31196334058342146, 5.529467532459740826E-15, 41.18434914540313940 ) ) ;
#322 = CARTESIAN_POINT ( 'NONE',  ( 3.986317185885755343, -0.7999999999999992673, 66.00003100444625659 ) ) ;
#323 = ORIENTED_EDGE ( 'NONE', *, *, #6790, .F. ) ;
#324 = DIRECTION ( 'NONE',  ( 0.000000000000000000, 0.000000000000000000, -1.000000000000000000 ) ) ;
#325 = CARTESIAN_POINT ( 'NONE',  ( 5.015359605249058106, 0.000000000000000000, -68.32383553124179798 ) ) ;
#326 = CARTESIAN_POINT ( 'NONE',  ( 8.106782134101928605, 5.809059861764684799E-15, 64.59636413632317442 ) ) ;
#327 = AXIS2_PLACEMENT_3D ( 'NONE', #3193, #279, #4435 ) ;
#328 = CARTESIAN_POINT ( 'NONE',  ( 10.85395680089964898, -3.600000000000000533, -64.10946695596037159 ) ) ;
#329 = CARTESIAN_POINT ( 'NONE',  ( -17.78536660512394008, -3.000000000000010658, -52.56580777324217024 ) ) ;
#330 = CARTESIAN_POINT ( 'NONE',  ( -8.330322574902552901, 5.878555844112106852E-15, 64.35812068768272809 ) ) ;
#331 = CARTESIAN_POINT ( 'NONE',  ( -2.674723229448492834, -3.600000000000000089, -66.64952096411994376 ) ) ;
#332 = CARTESIAN_POINT ( 'NONE',  ( -16.00000005033927764, -0.8000000000000000444, 51.32085072290207250 ) ) ;
#333 = CARTESIAN_POINT ( 'NONE',  ( 13.62116194590998575, -0.03847769963902104851, 54.12707587657331487 ) ) ;
#334 = CARTESIAN_POINT ( 'NONE',  ( 13.65861801424422062, 5.658878806277565346E-15, 54.11618640224367738 ) ) ;
#335 = CARTESIAN_POINT ( 'NONE',  ( 17.86405155418742652, -3.000000000000010658, -50.20774228026139241 ) ) ;
#336 = CARTESIAN_POINT ( 'NONE',  ( 13.14503955123760370, -0.8000000000000000444, 53.07880784882325287 ) ) ;
#337 = VERTEX_POINT ( 'NONE', #1678 ) ;
#338 = CARTESIAN_POINT ( 'NONE',  ( -7.624022980935267313, 5.528549497509309314E-15, 65.07008993148104992 ) ) ;
#339 = CARTESIAN_POINT ( 'NONE',  ( -3.617043230981475954, -3.000000000000009770, 66.87631002698148563 ) ) ;
#340 = CARTESIAN_POINT ( 'NONE',  ( -2.962034950016975934E-06, -3.000000000000010658, -67.25441558775045792 ) ) ;
#341 = CARTESIAN_POINT ( 'NONE',  ( 1.968844643021491425, -2.000000000000000000, 66.87634621692831161 ) ) ;
#342 = CONICAL_SURFACE ( 'NONE', #3275, 2.149999999999999023, 0.7853981633974548293 ) ;
#343 = EDGE_CURVE ( 'NONE', #3383, #2809, #4740, .T. ) ;
#344 = DIRECTION ( 'NONE',  ( -0.5735764363510380548, 0.000000000000000000, -0.8191520442889974607 ) ) ;
#345 =( GEOMETRIC_REPRESENTATION_CONTEXT ( 3 ) GLOBAL_UNCERTAINTY_ASSIGNED_CONTEXT ( ( #6647 ) ) GLOBAL_UNIT_ASSIGNED_CONTEXT ( ( #221, #4871, #6097 ) ) REPRESENTATION_CONTEXT ( 'NONE', 'WORKASPACE' ) );
#346 = DIRECTION ( 'NONE',  ( 1.000000000000000000, -0.000000000000000000, 1.224646799147353207E-16 ) ) ;
#347 = CARTESIAN_POINT ( 'NONE',  ( 9.270640377391996978, 5.604253007839354701E-15, 63.21882706172674204 ) ) ;
#348 = COLOUR_RGB ( '',0.7921568627450980005, 0.8196078431372548767, 0.9333333333333333481 ) ;
#349 = CARTESIAN_POINT ( 'NONE',  ( 17.12213191606869245, -3.600000000000000977, -53.15644664445127887 ) ) ;
#350 = ORIENTED_EDGE ( 'NONE', *, *, #5657, .T. ) ;
#351 = CARTESIAN_POINT ( 'NONE',  ( 16.11667644989512027, -3.600000000000000089, -57.09863385506855593 ) ) ;
#352 = DIRECTION ( 'NONE',  ( 0.000000000000000000, 1.000000000000000000, -0.000000000000000000 ) ) ;
#353 = VECTOR ( 'NONE', #3920, 1000.000000000000114 ) ;
#354 = VECTOR ( 'NONE', #1496, 1000.000000000000000 ) ;
#355 = CARTESIAN_POINT ( 'NONE',  ( 2.447145089021364406, -1.779949199898000378, -5.881405155196251400 ) ) ;
#356 = CARTESIAN_POINT ( 'NONE',  ( 17.30000418540643281, -3.600000000000000533, 30.58514734565815729 ) ) ;
#357 = AXIS2_PLACEMENT_3D ( 'NONE', #6848, #1106, #2425 ) ;
#358 = ORIENTED_EDGE ( 'NONE', *, *, #1695, .T. ) ;
#359 = CARTESIAN_POINT ( 'NONE',  ( -5.421433786525152065, -0.8000000000000002665, 65.64970870557131377 ) ) ;
#360 = CARTESIAN_POINT ( 'NONE',  ( 3.250733182576144742, -3.000000000000010658, -67.22422056923542755 ) ) ;
#361 = CARTESIAN_POINT ( 'NONE',  ( 17.88114792029325884, -3.000000000000011102, 15.83553570079433648 ) ) ;
#362 = CARTESIAN_POINT ( 'NONE',  ( -9.050839712854685359, -3.599999999999999645, 63.56388451788868821 ) ) ;
#363 = LINE ( 'NONE', #3840, #6493 ) ;
#364 = CARTESIAN_POINT ( 'NONE',  ( -16.80000004092597976, 0.000000000000000000, 32.00040283461600410 ) ) ;
#365 = CARTESIAN_POINT ( 'NONE',  ( 3.940671452845074363, -0.8000000000000000444, 66.00029945352019922 ) ) ;
#366 = CARTESIAN_POINT ( 'NONE',  ( 17.25960284291307545, -3.599999999999999201, -44.48877919287005511 ) ) ;
#367 = CARTESIAN_POINT ( 'NONE',  ( 2.000000000000000444, -0.5999999999999894307, -70.00000000000000000 ) ) ;
#368 = CARTESIAN_POINT ( 'NONE',  ( 12.09277996495103658, 5.695649128403826266E-15, 58.25456901011524025 ) ) ;
#369 = CARTESIAN_POINT ( 'NONE',  ( 7.069767269118403696, -3.600000000000000533, -65.93646165674954318 ) ) ;
#370 = CARTESIAN_POINT ( 'NONE',  ( 15.92972395359518600, -2.000000000000000000, 53.05523802312370663 ) ) ;
#371 = CARTESIAN_POINT ( 'NONE',  ( -6.303785160118028585, 5.488576125341158325E-15, 66.07930843136848864 ) ) ;
#372 = CARTESIAN_POINT ( 'NONE',  ( -10.17022929909329676, -3.599999999999999645, -64.53886545830680177 ) ) ;
#373 = CARTESIAN_POINT ( 'NONE',  ( 13.72260832100928596, 5.616823787571680768E-15, 53.91557106348452066 ) ) ;
#374 = CARTESIAN_POINT ( 'NONE',  ( 10.27588185029409296, -0.7999999999999997113, 60.15359210322449002 ) ) ;
#375 = EDGE_LOOP ( 'NONE', ( #6369, #5400, #1415, #1246 ) ) ;
#376 = CARTESIAN_POINT ( 'NONE',  ( 14.25575799097778784, -1.499999999999999556, 27.00011359384848220 ) ) ;
#377 = DIRECTION ( 'NONE',  ( -0.5735764363510504893, 0.000000000000000000, 0.8191520442889886899 ) ) ;
#378 = CARTESIAN_POINT ( 'NONE',  ( 2.000000000000000000, -0.03847763108503347851, -66.76152236891496727 ) ) ;
#379 = CARTESIAN_POINT ( 'NONE',  ( -13.72878231632597767, -3.000000000000011102, 56.53110703235216050 ) ) ;
#380 = CYLINDRICAL_SURFACE ( 'NONE', #7535, 2.599999999999997868 ) ;
#381 = CARTESIAN_POINT ( 'NONE',  ( 8.761651379456182553, 5.682340978894092520E-15, 63.86283507102064050 ) ) ;
#382 = ORIENTED_EDGE ( 'NONE', *, *, #2439, .F. ) ;
#383 = CARTESIAN_POINT ( 'NONE',  ( 13.28358455946952965, -3.599999999999998757, -61.84857382245511559 ) ) ;
#384 = CARTESIAN_POINT ( 'NONE',  ( 11.41992022301607079, -3.000000000000010658, -64.46282546924014412 ) ) ;
#385 = EDGE_CURVE ( 'NONE', #3864, #7168, #1714, .T. ) ;
#386 = DIRECTION ( 'NONE',  ( -1.000000000000000000, -0.000000000000000000, 0.000000000000000000 ) ) ;
#387 = CARTESIAN_POINT ( 'NONE',  ( 11.26298376907042353, -1.779949199897996825, -16.03897240840849747 ) ) ;
#388 = DIRECTION ( 'NONE',  ( -0.000000000000000000, -1.000000000000000000, -0.000000000000000000 ) ) ;
#389 = ORIENTED_EDGE ( 'NONE', *, *, #5176, .F. ) ;
#390 = CARTESIAN_POINT ( 'NONE',  ( -6.184415491932376163, -0.8000000000000004885, 65.20436848387080886 ) ) ;
#391 = CARTESIAN_POINT ( 'NONE',  ( 10.98910514964867957, -3.600000000000000533, -64.02087103565828841 ) ) ;
#392 = CARTESIAN_POINT ( 'NONE',  ( 17.89848728592871652, -3.000000000000011102, 20.56393254963679595 ) ) ;
#393 = CARTESIAN_POINT ( 'NONE',  ( 17.27248834957864077, -3.600000000000000533, 14.44690655311996252 ) ) ;
#394 = CARTESIAN_POINT ( 'NONE',  ( -16.54528203919007368, 5.698718837798663772E-15, 38.68589265289902812 ) ) ;
#395 = EDGE_LOOP ( 'NONE', ( #6912, #6752, #2126, #6906 ) ) ;
#396 = CARTESIAN_POINT ( 'NONE',  ( -4.028619617877134296, -0.7999999999999884981, 65.99941635709922139 ) ) ;
#397 = CARTESIAN_POINT ( 'NONE',  ( 17.28839475363522737, -3.600000000000000533, -46.59080882570631132 ) ) ;
#398 = CARTESIAN_POINT ( 'NONE',  ( -3.998494685511754909, 0.000000000000000000, 66.80000562557466992 ) ) ;
#399 = CARTESIAN_POINT ( 'NONE',  ( 13.25738129063814696, 5.931295370086858325E-15, 55.31550707512928255 ) ) ;
#400 = CARTESIAN_POINT ( 'NONE',  ( 10.30663751226053293, -3.600000000000000533, -64.45469292770752645 ) ) ;
#401 = CARTESIAN_POINT ( 'NONE',  ( 12.14625836395963709, -2.000000000000000000, 62.27563060541879736 ) ) ;
#402 = EDGE_CURVE ( 'NONE', #931, #5411, #2865, .T. ) ;
#403 = CARTESIAN_POINT ( 'NONE',  ( -7.335977023336769598, 5.745200633289282787E-15, 65.32525337199304261 ) ) ;
#404 = CARTESIAN_POINT ( 'NONE',  ( -10.59318739622036887, -3.600000000000000089, -64.27482739465111194 ) ) ;
#405 = CARTESIAN_POINT ( 'NONE',  ( 12.84463209169252274, -0.03847722091632781866, 56.35321925746318783 ) ) ;
#406 = CARTESIAN_POINT ( 'NONE',  ( 14.33389300088354368, -0.7999999999999998224, 48.46412748193858988 ) ) ;
#407 = VERTEX_POINT ( 'NONE', #6928 ) ;
#408 = CARTESIAN_POINT ( 'NONE',  ( -10.61149215169823457, 5.650058507950453799E-15, 61.18091879539982614 ) ) ;
#409 = CARTESIAN_POINT ( 'NONE',  ( -9.456433603957398404, -3.600000000000000533, -64.94481778156058738 ) ) ;
#410 = CARTESIAN_POINT ( 'NONE',  ( -17.28998296069209317, -3.599999999999997868, -46.73898889236719612 ) ) ;
#411 = PLANE ( 'NONE',  #6758 ) ;
#412 = LINE ( 'NONE', #1005, #7171 ) ;
#413 = CARTESIAN_POINT ( 'NONE',  ( -11.49539516844063236, -3.000000000000011990, 61.14601845224671450 ) ) ;
#414 = LINE ( 'NONE', #7388, #5833 ) ;
#415 = CARTESIAN_POINT ( 'NONE',  ( 8.404237017755450623, 5.691125463944946535E-15, 64.27486539072556582 ) ) ;
#416 = CARTESIAN_POINT ( 'NONE',  ( 17.26655788973595662, -3.600000000000000089, -50.05832902542746865 ) ) ;
#417 = EDGE_CURVE ( 'NONE', #7397, #5048, #5839, .T. ) ;
#418 = ORIENTED_EDGE ( 'NONE', *, *, #2533, .T. ) ;
#419 = CARTESIAN_POINT ( 'NONE',  ( 13.73938998667095923, -3.000000000000009770, -62.23877876079446736 ) ) ;
#420 = PLANE ( 'NONE',  #574 ) ;
#421 = CONICAL_SURFACE ( 'NONE', #5542, 13.99999999999998401, 0.7853981633974536081 ) ;
#422 = CARTESIAN_POINT ( 'NONE',  ( -17.90562093160186308, -3.000000000000010658, 24.29012115732118104 ) ) ;
#423 = CARTESIAN_POINT ( 'NONE',  ( -17.29804192647174332, -3.600000000000000089, 31.50688676952927025 ) ) ;
#424 = EDGE_CURVE ( 'NONE', #3004, #7445, #4048, .T. ) ;
#425 = CARTESIAN_POINT ( 'NONE',  ( 4.281122957153507436, 0.000000000000000000, -69.24982544996754541 ) ) ;
#426 = ORIENTED_EDGE ( 'NONE', *, *, #3591, .F. ) ;
#427 = CARTESIAN_POINT ( 'NONE',  ( -5.988634585807668387, -0.7999999999999990452, 65.33358758010461997 ) ) ;
#428 = EDGE_CURVE ( 'NONE', #1129, #528, #5031, .T. ) ;
#429 = CARTESIAN_POINT ( 'NONE',  ( 8.117707711060511144, -3.600000000000000977, -65.56230452955614396 ) ) ;
#430 = CARTESIAN_POINT ( 'NONE',  ( 9.755725267292792324, -3.000000000000011102, 63.65384844692179200 ) ) ;
#431 = CARTESIAN_POINT ( 'NONE',  ( -10.64396732761486675, -3.599999999999999201, 61.37204729931627156 ) ) ;
#432 = CARTESIAN_POINT ( 'NONE',  ( 17.28212597830991015, -3.600000000000000977, 16.32725788704877345 ) ) ;
#433 = CARTESIAN_POINT ( 'NONE',  ( -3.998008183289353923, -0.7999999999999430900, 64.92286260793463271 ) ) ;
#434 = DIRECTION ( 'NONE',  ( 0.000000000000000000, 0.000000000000000000, -1.000000000000000000 ) ) ;
#435 = CARTESIAN_POINT ( 'NONE',  ( 7.533123011813358971, -3.600000000000000089, 65.83467889268183626 ) ) ;
#436 = CARTESIAN_POINT ( 'NONE',  ( 10.92690295029827929, 5.680180670903718868E-15, 60.63028407445049339 ) ) ;
#437 = CARTESIAN_POINT ( 'NONE',  ( 9.984884299258377283, -3.599999999999999201, -64.64975390059927918 ) ) ;
#438 = CARTESIAN_POINT ( 'NONE',  ( 4.907786137736275478, -2.000000000000000000, 68.59468013381582807 ) ) ;
#439 = CARTESIAN_POINT ( 'NONE',  ( -6.466581972964615233, 5.589300964996608834E-15, 65.97752613547865508 ) ) ;
#440 = CARTESIAN_POINT ( 'NONE',  ( -2.240453204731017056, -3.599999999999999645, -66.65895643630716449 ) ) ;
#441 = DIRECTION ( 'NONE',  ( 0.000000000000000000, -1.000000000000000000, 0.000000000000000000 ) ) ;
#442 = CARTESIAN_POINT ( 'NONE',  ( 14.86150683179314846, -0.03847762249053050809, 49.61763698968033509 ) ) ;
#443 = PLANE ( 'NONE',  #5358 ) ;
#444 = CARTESIAN_POINT ( 'NONE',  ( 8.344217462463364043, -0.8000000000000003775, 63.10908304563258042 ) ) ;
#445 = ORIENTED_EDGE ( 'NONE', *, *, #3820, .F. ) ;
#446 = CARTESIAN_POINT ( 'NONE',  ( -12.81995570936076057, 5.729981269890534351E-15, 56.49919977945418736 ) ) ;
#447 = ORIENTED_EDGE ( 'NONE', *, *, #2291, .T. ) ;
#448 = DIRECTION ( 'NONE',  ( -0.9999999999933387729, -0.000000000000000000, -3.649975734068399241E-06 ) ) ;
#449 = CARTESIAN_POINT ( 'NONE',  ( 12.53094290659002041, -0.8000000000000069278, 51.40751503930069077 ) ) ;
#450 = CARTESIAN_POINT ( 'NONE',  ( 1.968844643021491425, -3.000000000000010658, 66.87634621692831161 ) ) ;
#451 = CARTESIAN_POINT ( 'NONE',  ( -3.810036809055219464, -1.660660171779825944, -15.87497125981866475 ) ) ;
#452 = CARTESIAN_POINT ( 'NONE',  ( -18.60000000000000142, -2.000000000000000000, -52.00000000000000711 ) ) ;
#453 = CARTESIAN_POINT ( 'NONE',  ( -3.810036809055219020, -0.5999999999999998668, -20.25365091625904412 ) ) ;
#454 = CARTESIAN_POINT ( 'NONE',  ( 8.294229757447830309, 5.544283676724959902E-15, 64.39590434134997565 ) ) ;
#455 = CARTESIAN_POINT ( 'NONE',  ( 17.26767430015099336, -3.600000000000000089, -49.99338814436062961 ) ) ;
#456 = ORIENTED_EDGE ( 'NONE', *, *, #3890, .F. ) ;
#457 = DIRECTION ( 'NONE',  ( 0.000000000000000000, 0.000000000000000000, -1.000000000000000000 ) ) ;
#458 = CARTESIAN_POINT ( 'NONE',  ( 15.56784223934865530, -3.000000000000009770, -59.64919678138610237 ) ) ;
#459 = CARTESIAN_POINT ( 'NONE',  ( -18.60085817170184086, -2.000000000000000000, 36.02436323968346699 ) ) ;
#460 = DIRECTION ( 'NONE',  ( 0.000000000000000000, 0.000000000000000000, 1.000000000000000000 ) ) ;
#461 = CARTESIAN_POINT ( 'NONE',  ( 3.988132752547687510, -0.02571031676961494511, 66.77432445980122111 ) ) ;
#462 = CARTESIAN_POINT ( 'NONE',  ( 17.61942214598124679, -2.000000000000000000, 39.80534310075264415 ) ) ;
#463 = CIRCLE ( 'NONE', #5102, 1.500000000000001332 ) ;
#464 = VERTEX_POINT ( 'NONE', #4462 ) ;
#465 = CARTESIAN_POINT ( 'NONE',  ( -13.08738823020476616, -0.7999999999999999334, 53.27590297692363919 ) ) ;
#466 = CARTESIAN_POINT ( 'NONE',  ( 10.67793110778869803, -3.600000000000000533, -64.22127707477294223 ) ) ;
#467 = CARTESIAN_POINT ( 'NONE',  ( -14.25575799097778074, -3.099999999999992095, -28.85427299466725160 ) ) ;
#468 = VECTOR ( 'NONE', #7215, 1000.000000000000000 ) ;
#469 = CARTESIAN_POINT ( 'NONE',  ( -12.65090821068578109, -3.600000000000000089, 57.55614517869928903 ) ) ;
#470 = ORIENTED_EDGE ( 'NONE', *, *, #7506, .F. ) ;
#471 = ORIENTED_EDGE ( 'NONE', *, *, #6549, .F. ) ;
#472 = CARTESIAN_POINT ( 'NONE',  ( 1.999999999999998224, -0.7999999999999999334, -52.00000000000000711 ) ) ;
#473 = CARTESIAN_POINT ( 'NONE',  ( -2.000000000000005329, -2.000000000000000000, -52.00000000000000711 ) ) ;
#474 = LINE ( 'NONE', #2773, #1687 ) ;
#475 = CARTESIAN_POINT ( 'NONE',  ( -2.308485103549273276, -0.7999999999999997113, 66.01832380163214964 ) ) ;
#476 = CARTESIAN_POINT ( 'NONE',  ( 9.574010782927240726, -0.8000000000045948134, 61.35994393737080799 ) ) ;
#477 = CARTESIAN_POINT ( 'NONE',  ( 15.98189335769258079, -3.600000000000000977, 46.35555205165027814 ) ) ;
#478 = CARTESIAN_POINT ( 'NONE',  ( 8.456687094827904261, -0.7999999999999998224, 62.96668131743221863 ) ) ;
#479 = ORIENTED_EDGE ( 'NONE', *, *, #3695, .F. ) ;
#480 = CARTESIAN_POINT ( 'NONE',  ( -9.991693281991524955, 5.073916263090539403E-15, 62.18858985330982847 ) ) ;
#481 = ORIENTED_EDGE ( 'NONE', *, *, #1117, .T. ) ;
#482 = CARTESIAN_POINT ( 'NONE',  ( -0.4891491154179682943, -3.000000000000010214, -67.25439964899425149 ) ) ;
#483 = PLANE ( 'NONE',  #2921 ) ;
#484 = CARTESIAN_POINT ( 'NONE',  ( -10.57313617833668573, -3.600000000000001421, -64.28750147650048063 ) ) ;
#485 = CARTESIAN_POINT ( 'NONE',  ( 1.108525768476551265, -3.599999999999999645, -66.66075993616323103 ) ) ;
#486 = CARTESIAN_POINT ( 'NONE',  ( -17.29265358200465386, -3.599999999999999645, -47.64597246263308250 ) ) ;
#487 = CARTESIAN_POINT ( 'NONE',  ( -3.810036809055219020, -1.239339828220174633, -21.73563143159851307 ) ) ;
#488 = DIRECTION ( 'NONE',  ( 0.000000000000000000, -1.000000000000000000, 0.000000000000000000 ) ) ;
#489 = CARTESIAN_POINT ( 'NONE',  ( -10.49659285831964262, -3.000000000000010214, 62.67252373522774889 ) ) ;
#490 = DIRECTION ( 'NONE',  ( 0.000000000000000000, 1.000000000000000000, 0.000000000000000000 ) ) ;
#491 = CARTESIAN_POINT ( 'NONE',  ( -14.25575799097778074, -3.099999999999992095, -31.00427299466725017 ) ) ;
#492 = CARTESIAN_POINT ( 'NONE',  ( 6.996758062068250794, 5.732645521836637590E-15, 65.59876435677900020 ) ) ;
#493 = ORIENTED_EDGE ( 'NONE', *, *, #4895, .F. ) ;
#494 = CARTESIAN_POINT ( 'NONE',  ( 16.89634041088207894, -3.600000000000001421, -54.49335870080656008 ) ) ;
#495 = FACE_BOUND ( 'NONE', #192, .T. ) ;
#496 = ADVANCED_FACE ( 'NONE', ( #6779 ), #2422, .F. ) ;
#497 = DIRECTION ( 'NONE',  ( 0.000000000000000000, 0.000000000000000000, -1.000000000000000000 ) ) ;
#498 = CARTESIAN_POINT ( 'NONE',  ( -14.92304473782994911, -0.8000000000000000444, -51.99999999908552439 ) ) ;
#499 = CARTESIAN_POINT ( 'NONE',  ( 7.177162693534647531, -3.600000000000000089, 65.35167552433954086 ) ) ;
#500 = VERTEX_POINT ( 'NONE', #5642 ) ;
#501 = DIRECTION ( 'NONE',  ( 2.490616614462980516E-08, 0.000000000000000000, -0.9999999999999997780 ) ) ;
#502 = CARTESIAN_POINT ( 'NONE',  ( -10.12487207781685505, -0.8000000000000000444, 60.41930888627474161 ) ) ;
#503 = CARTESIAN_POINT ( 'NONE',  ( 8.697282427812435657, -3.000000000000010214, -65.97127232635914140 ) ) ;
#504 = CARTESIAN_POINT ( 'NONE',  ( 8.731174759927570861, -3.000000000000011102, 64.80385042230409454 ) ) ;
#505 = CARTESIAN_POINT ( 'NONE',  ( 17.27548489500256323, -3.600000000000000089, 15.01804394020293287 ) ) ;
#506 = ORIENTED_EDGE ( 'NONE', *, *, #138, .F. ) ;
#507 = ORIENTED_EDGE ( 'NONE', *, *, #2870, .T. ) ;
#508 = CARTESIAN_POINT ( 'NONE',  ( -17.25936247734315998, -3.600000000000000089, -44.46460079077609606 ) ) ;
#509 = CARTESIAN_POINT ( 'NONE',  ( -6.491041522454001900, -3.600300000945172219, -26.79298605861921700 ) ) ;
#510 = CARTESIAN_POINT ( 'NONE',  ( 11.26298467316425622, -3.600000000000000089, -52.33897240840828857 ) ) ;
#511 = CARTESIAN_POINT ( 'NONE',  ( -16.80017933121263596, 5.865715825285043992E-15, 32.83830232856586662 ) ) ;
#512 = DIRECTION ( 'NONE',  ( 0.000000000000000000, 1.000000000000000000, 0.000000000000000000 ) ) ;
#513 = CARTESIAN_POINT ( 'NONE',  ( 6.345273436233656916, -0.8000000000016114221, 65.08786123740812002 ) ) ;
#514 = CARTESIAN_POINT ( 'NONE',  ( 15.24044978770056247, -3.600000000000000533, 49.76911724398681969 ) ) ;
#515 = CARTESIAN_POINT ( 'NONE',  ( 6.932594460860577179, -0.7999999999999996003, 64.61733136182425596 ) ) ;
#516 = ADVANCED_FACE ( 'NONE', ( #1641 ), #1098, .F. ) ;
#517 = ORIENTED_EDGE ( 'NONE', *, *, #3468, .F. ) ;
#518 = CARTESIAN_POINT ( 'NONE',  ( -6.828858779660025746, 5.848502429853685859E-15, 65.72844237073896068 ) ) ;
#519 = CYLINDRICAL_SURFACE ( 'NONE', #7404, 2.149999999999999023 ) ;
#520 = FACE_OUTER_BOUND ( 'NONE', #7092, .T. ) ;
#521 = CARTESIAN_POINT ( 'NONE',  ( -17.19627934932923807, -3.599999999999994316, -52.40343096653141686 ) ) ;
#522 = CARTESIAN_POINT ( 'NONE',  ( 5.474782092288274171, -2.299999999999999822, 31.97813305171905185 ) ) ;
#523 = EDGE_CURVE ( 'NONE', #4599, #4731, #5804, .T. ) ;
#524 = LINE ( 'NONE', #1573, #3051 ) ;
#525 = CARTESIAN_POINT ( 'NONE',  ( 16.73668056450544839, 6.092955859640977830E-15, 35.34754410463460772 ) ) ;
#526 = CARTESIAN_POINT ( 'NONE',  ( 5.763754347461200744, 5.612067976329434218E-15, 66.37301514137993763 ) ) ;
#527 = ORIENTED_EDGE ( 'NONE', *, *, #5006, .T. ) ;
#528 = VERTEX_POINT ( 'NONE', #1037 ) ;
#529 = CARTESIAN_POINT ( 'NONE',  ( 17.29280963525075876, -3.600000000000000977, -47.45145920469928313 ) ) ;
#530 = CARTESIAN_POINT ( 'NONE',  ( 3.998749211016420890, 0.000000000000000000, 68.60000390890179744 ) ) ;
#531 = DIRECTION ( 'NONE',  ( 0.000000000000000000, -1.000000000000000000, 0.000000000000000000 ) ) ;
#532 = CARTESIAN_POINT ( 'NONE',  ( -17.29848865258843205, -3.600000000000000533, 28.85541261075658070 ) ) ;
#533 = CARTESIAN_POINT ( 'NONE',  ( -3.915320967949371678, -3.600000000000000977, 66.27632761031806297 ) ) ;
#534 = DIRECTION ( 'NONE',  ( -0.000000000000000000, -1.000000000000000000, -0.000000000000000000 ) ) ;
#535 = CARTESIAN_POINT ( 'NONE',  ( 15.20418169278613973, -3.000000000000010658, 52.55139675589335724 ) ) ;
#536 = ADVANCED_FACE ( 'NONE', ( #3394 ), #483, .F. ) ;
#537 = ORIENTED_EDGE ( 'NONE', *, *, #5994, .F. ) ;
#538 = CARTESIAN_POINT ( 'NONE',  ( 9.663676046899587035, -3.600000000000000533, 62.79491636738779192 ) ) ;
#539 = CARTESIAN_POINT ( 'NONE',  ( -10.56455684095249303, -0.7999999999999992673, 59.60086923563643069 ) ) ;
#540 = CARTESIAN_POINT ( 'NONE',  ( 11.49720366415161621, -3.000000000000009770, -64.39717939755132647 ) ) ;
#541 = CARTESIAN_POINT ( 'NONE',  ( -6.656738978156250930, -0.03848139155205423240, 65.81854234323043329 ) ) ;
#542 = CARTESIAN_POINT ( 'NONE',  ( 17.30200803594020442, -3.600000000000000977, 24.77675328201874549 ) ) ;
#543 = CARTESIAN_POINT ( 'NONE',  ( 13.04343782684739672, 5.561566140892713724E-15, 55.91163421237771303 ) ) ;
#544 = ORIENTED_EDGE ( 'NONE', *, *, #50, .T. ) ;
#545 = EDGE_LOOP ( 'NONE', ( #3081, #3305, #3018, #5295 ) ) ;
#546 = CARTESIAN_POINT ( 'NONE',  ( -17.26728056431172575, -3.600000000000000533, -45.09402694589696381 ) ) ;
#547 = DIRECTION ( 'NONE',  ( 0.000000000000000000, 0.000000000000000000, -1.000000000000000000 ) ) ;
#548 = CARTESIAN_POINT ( 'NONE',  ( -17.85576521892979684, -2.000000000000000000, -43.79026923239790392 ) ) ;
#549 = CARTESIAN_POINT ( 'NONE',  ( -10.90059614963014845, 5.483468896481215073E-15, 60.66986292260808256 ) ) ;
#550 = CARTESIAN_POINT ( 'NONE',  ( -14.07920618103477750, -3.600000000000002309, 53.81670579639155960 ) ) ;
#551 = CARTESIAN_POINT ( 'NONE',  ( 5.924069637619489015E-06, -3.600000000000000089, -66.65441558792416288 ) ) ;
#552 = CARTESIAN_POINT ( 'NONE',  ( 11.23378715400273187, -0.03847737196484232736, 59.97789250241021364 ) ) ;
#553 = CARTESIAN_POINT ( 'NONE',  ( 17.29180769450151800, -3.599999999999999645, 32.34627864551440979 ) ) ;
#554 = CARTESIAN_POINT ( 'NONE',  ( -15.95915571253539689, -0.7999999999996644240, 35.08099085685851293 ) ) ;
#555 = CARTESIAN_POINT ( 'NONE',  ( 9.142856703378232197, -0.7999999999999999334, 62.01641084000698356 ) ) ;
#556 = VERTEX_POINT ( 'NONE', #5796 ) ;
#557 = CARTESIAN_POINT ( 'NONE',  ( -6.341302179268884842, 5.772682526738209347E-15, 66.05643424466607883 ) ) ;
#558 = CARTESIAN_POINT ( 'NONE',  ( 4.016159825852014365, 5.925650941930129037E-15, 66.79977542749166730 ) ) ;
#559 = CARTESIAN_POINT ( 'NONE',  ( -17.86647279549461587, -1.999999999999999112, 13.50574936707897145 ) ) ;
#560 = CARTESIAN_POINT ( 'NONE',  ( -17.25207845691366515, -3.599999999999999645, -50.87519339987969147 ) ) ;
#561 = FACE_OUTER_BOUND ( 'NONE', #5464, .T. ) ;
#562 = CARTESIAN_POINT ( 'NONE',  ( -17.48627960259940295, -3.000000000000009326, 40.06975979244295871 ) ) ;
#563 = CARTESIAN_POINT ( 'NONE',  ( 5.211210775025769237, 5.651432842484558336E-15, 66.59547147127415201 ) ) ;
#564 = VECTOR ( 'NONE', #7181, 1000.000000000000000 ) ;
#565 = VERTEX_POINT ( 'NONE', #144 ) ;
#566 = CIRCLE ( 'NONE', #6060, 12.92304473782994378 ) ;
#567 = CARTESIAN_POINT ( 'NONE',  ( 17.25394394545507382, -3.599999999999999645, -50.76919666771198791 ) ) ;
#568 = EDGE_CURVE ( 'NONE', #2621, #3004, #1864, .T. ) ;
#569 = CARTESIAN_POINT ( 'NONE',  ( 10.25786972196244662, 0.000000000000000000, 64.95463044519343043 ) ) ;
#570 = TOROIDAL_SURFACE ( 'NONE', #1069, 6.921320343559667521, 1.500000000000000000 ) ;
#571 = CARTESIAN_POINT ( 'NONE',  ( 5.639499776871322248E-07, 42.96802058166520766, -22.64298589695223640 ) ) ;
#572 = CARTESIAN_POINT ( 'NONE',  ( 11.61597746057409886, -2.000000000000000000, -64.30498037202977457 ) ) ;
#573 = B_SPLINE_CURVE_WITH_KNOTS ( 'NONE', 1,
 ( #5825, #5256 ),
 .UNSPECIFIED., .F., .F.,
 ( 2, 2 ),
 ( 0.000000000000000000, 1.000000000000000000 ),
 .UNSPECIFIED. ) ;
#574 = AXIS2_PLACEMENT_3D ( 'NONE', #2248, #4658, #6830 ) ;
#575 = FACE_OUTER_BOUND ( 'NONE', #4635, .T. ) ;
#576 = ORIENTED_EDGE ( 'NONE', *, *, #5408, .F. ) ;
#577 = CARTESIAN_POINT ( 'NONE',  ( 11.27825121306190326, 5.763081753556369792E-15, 59.96944520632341380 ) ) ;
#578 = CARTESIAN_POINT ( 'NONE',  ( 9.695412860675761024, -3.600000000000000533, 62.75265735466180672 ) ) ;
#579 = CARTESIAN_POINT ( 'NONE',  ( -10.65843721226559460, -0.7999999999999993783, 59.41723308819346272 ) ) ;
#580 = CIRCLE ( 'NONE', #7270, 1.449999999999999956 ) ;
#581 = LINE ( 'NONE', #2375, #697 ) ;
#582 = CARTESIAN_POINT ( 'NONE',  ( -13.04553056835884028, -3.600000000000000089, 56.61843736396274096 ) ) ;
#583 = CARTESIAN_POINT ( 'NONE',  ( 17.28049940685868791, -3.600000000000000089, 15.99855181754889699 ) ) ;
#584 = VECTOR ( 'NONE', #2580, 1000.000000000000000 ) ;
#585 = CARTESIAN_POINT ( 'NONE',  ( -5.992589891277330771, -0.8000000000000337952, 64.00227695066824651 ) ) ;
#586 = ORIENTED_EDGE ( 'NONE', *, *, #4943, .T. ) ;
#587 = ORIENTED_EDGE ( 'NONE', *, *, #896, .F. ) ;
#588 = CARTESIAN_POINT ( 'NONE',  ( -17.25927117124947685, -3.600000000000000533, -44.45524847097748022 ) ) ;
#589 = CARTESIAN_POINT ( 'NONE',  ( 14.25575799097778074, -1.499999999999999556, -28.85427299466725515 ) ) ;
#590 = CARTESIAN_POINT ( 'NONE',  ( -17.90410878738295253, -2.000000000000000000, -46.61837408620933587 ) ) ;
#591 = CIRCLE ( 'NONE', #6452, 2.149999999999999023 ) ;
#592 = EDGE_CURVE ( 'NONE', #500, #115, #1059, .T. ) ;
#593 = CARTESIAN_POINT ( 'NONE',  ( -15.60086462453444511, 5.636720300869483830E-15, 46.16323202210799792 ) ) ;
#594 = CARTESIAN_POINT ( 'NONE',  ( -13.49023291952861925, -3.600000000000000533, 55.48250186341017098 ) ) ;
#595 = PLANE ( 'NONE',  #1213 ) ;
#596 = CARTESIAN_POINT ( 'NONE',  ( 9.238740806488724644, -0.7999999999999849454, 59.81129063130468637 ) ) ;
#597 = CARTESIAN_POINT ( 'NONE',  ( 17.29817290524174567, -3.600000000000000089, 31.47884132398898061 ) ) ;
#598 = CARTESIAN_POINT ( 'NONE',  ( 7.652326010638301312, -0.8000000000000003775, 63.91186162422905426 ) ) ;
#599 = CIRCLE ( 'NONE', #2549, 2.650000000000013678 ) ;
#600 = ORIENTED_EDGE ( 'NONE', *, *, #385, .F. ) ;
#601 = AXIS2_PLACEMENT_3D ( 'NONE', #6335, #5144, #6371 ) ;
#602 = CARTESIAN_POINT ( 'NONE',  ( -6.303785160118028585, 5.488576125341158325E-15, 66.07930843136848864 ) ) ;
#603 = EDGE_LOOP ( 'NONE', ( #6007, #1751, #426, #2749 ) ) ;
#604 = CARTESIAN_POINT ( 'NONE',  ( 4.802938005622112705, 5.584178387393841259E-15, 66.70988863197705143 ) ) ;
#605 = CARTESIAN_POINT ( 'NONE',  ( -10.07603308528426922, -3.000000000000011102, -65.28981128555633973 ) ) ;
#606 = CARTESIAN_POINT ( 'NONE',  ( 0.6775140597599423886, -3.600000000000000089, -66.65752249496847526 ) ) ;
#607 = EDGE_CURVE ( 'NONE', #6509, #464, #7172, .T. ) ;
#608 = CARTESIAN_POINT ( 'NONE',  ( -14.57605690556349920, -3.599999999999997868, -60.11439993686488492 ) ) ;
#609 = CARTESIAN_POINT ( 'NONE',  ( -2.000000000000003553, 0.000000000000000000, -66.80000000000001137 ) ) ;
#610 = CARTESIAN_POINT ( 'NONE',  ( -13.83865761123342430, -3.000000000000009770, 56.25204093174552611 ) ) ;
#611 = CARTESIAN_POINT ( 'NONE',  ( 17.81263641752936167, -3.000000000000010214, -52.17464393918500321 ) ) ;
#612 = CARTESIAN_POINT ( 'NONE',  ( 6.576688579771929000, 5.644185130642281087E-15, 65.90269012352374034 ) ) ;
#613 = ORIENTED_EDGE ( 'NONE', *, *, #3350, .F. ) ;
#614 = CARTESIAN_POINT ( 'NONE',  ( -4.769633803378972914, -3.599999999999998757, 66.25779447833130575 ) ) ;
#615 = CARTESIAN_POINT ( 'NONE',  ( -17.27669741416856652, -3.599999999999999201, 15.25266958021913410 ) ) ;
#616 = FACE_OUTER_BOUND ( 'NONE', #884, .T. ) ;
#617 = CARTESIAN_POINT ( 'NONE',  ( -7.533123011820720194, -3.000000000000010658, 65.83467889267632245 ) ) ;
#618 = CARTESIAN_POINT ( 'NONE',  ( 8.483631721531461167, -3.000000000000010658, 65.13435232038442280 ) ) ;
#619 = CARTESIAN_POINT ( 'NONE',  ( -4.757219781084696564, -2.000000000000000000, 68.59421956477800109 ) ) ;
#620 = ORIENTED_EDGE ( 'NONE', *, *, #3367, .F. ) ;
#621 = CARTESIAN_POINT ( 'NONE',  ( 12.81992298367154604, 5.614414705217034956E-15, 56.50374251776929668 ) ) ;
#622 = CYLINDRICAL_SURFACE ( 'NONE', #2034, 1.449999999999999956 ) ;
#623 = CARTESIAN_POINT ( 'NONE',  ( -9.919954972539194671, -0.8000000000000000444, 60.77868886430044881 ) ) ;
#624 = CARTESIAN_POINT ( 'NONE',  ( -6.117508275257346639, -2.000000000000000000, -66.92165255163803295 ) ) ;
#625 = B_SPLINE_CURVE_WITH_KNOTS ( 'NONE', 3,
 ( #869, #7363, #7325, #2115 ),
 .UNSPECIFIED., .F., .F.,
 ( 4, 4 ),
 ( 0.9555857498360659230, 1.000000000000000000 ),
 .UNSPECIFIED. ) ;
#626 = AXIS2_PLACEMENT_3D ( 'NONE', #2345, #6958, #1179 ) ;
#627 = CARTESIAN_POINT ( 'NONE',  ( -15.19762019093306904, -3.600000000000000533, 49.94133484268422762 ) ) ;
#628 = CARTESIAN_POINT ( 'NONE',  ( 17.29952480810075599, -3.600000000000000089, 27.04591355722853052 ) ) ;
#629 = ORIENTED_EDGE ( 'NONE', *, *, #3259, .F. ) ;
#630 = CARTESIAN_POINT ( 'NONE',  ( -3.875959755530450579, -0.03847763108513609781, 66.76285731530454370 ) ) ;
#631 = ORIENTED_EDGE ( 'NONE', *, *, #4468, .F. ) ;
#632 = CARTESIAN_POINT ( 'NONE',  ( -17.29202825584490810, -3.600000000000000977, -47.81339772256583842 ) ) ;
#633 = CYLINDRICAL_SURFACE ( 'NONE', #1305, 18.00000000000000355 ) ;
#634 = CARTESIAN_POINT ( 'NONE',  ( -16.39826947880817798, 5.576983756050582341E-15, 40.35192751938464539 ) ) ;
#635 = CARTESIAN_POINT ( 'NONE',  ( 14.34737895548857445, -3.599999999999999645, 52.97520341568405655 ) ) ;
#636 = CARTESIAN_POINT ( 'NONE',  ( 8.034290827660976575, -0.8000000000000024869, 61.73278088168711975 ) ) ;
#637 = CARTESIAN_POINT ( 'NONE',  ( 15.91938054803079083, -3.600000000000000533, 46.68484040732310092 ) ) ;
#638 = CARTESIAN_POINT ( 'NONE',  ( 4.874036393133622802, -0.8000000000000000444, 65.86378256013317412 ) ) ;
#639 = CARTESIAN_POINT ( 'NONE',  ( -5.595043198622464686, 5.832447849751859793E-15, 66.44927752103507146 ) ) ;
#640 = ORIENTED_EDGE ( 'NONE', *, *, #5849, .T. ) ;
#641 = EDGE_CURVE ( 'NONE', #6415, #3995, #662, .T. ) ;
#642 = CARTESIAN_POINT ( 'NONE',  ( 4.474760369698903339, 5.256472520305680779E-15, 66.76755076314753978 ) ) ;
#643 = CARTESIAN_POINT ( 'NONE',  ( -11.13062880392998899, -3.000000000000010214, -64.64475548077598432 ) ) ;
#644 = CARTESIAN_POINT ( 'NONE',  ( 1.058265480126850067, -3.600000000000001421, -66.66039866626609012 ) ) ;
#645 = CARTESIAN_POINT ( 'NONE',  ( -13.50561590104790888, -3.599999999999998757, -61.59302017857577738 ) ) ;
#646 = CARTESIAN_POINT ( 'NONE',  ( -3.943188223060873021, 5.637851296924623057E-15, 66.80060664344198074 ) ) ;
#647 = CARTESIAN_POINT ( 'NONE',  ( -16.66803997282676164, -3.000000000000009770, 45.95994952319377802 ) ) ;
#648 = CARTESIAN_POINT ( 'NONE',  ( 16.75181780768574669, 5.548246479696471588E-15, 34.92959476440658761 ) ) ;
#649 = CARTESIAN_POINT ( 'NONE',  ( 17.53032419143493215, -3.000000000000011102, -54.38883163484031513 ) ) ;
#650 = CARTESIAN_POINT ( 'NONE',  ( 6.841536937518346129, 5.632237565868248547E-15, 65.71515900122378184 ) ) ;
#651 = ORIENTED_EDGE ( 'NONE', *, *, #2179, .T. ) ;
#652 = VERTEX_POINT ( 'NONE', #1312 ) ;
#653 = PLANE ( 'NONE',  #5238 ) ;
#654 = CARTESIAN_POINT ( 'NONE',  ( -11.41992022309379529, -2.000000000000000000, -64.46282546920497225 ) ) ;
#655 = CARTESIAN_POINT ( 'NONE',  ( -11.84337386395861635, 0.000000000000000000, 62.63630420468476956 ) ) ;
#656 = DIRECTION ( 'NONE',  ( 0.000000000000000000, 0.000000000000000000, -1.000000000000000000 ) ) ;
#657 = EDGE_CURVE ( 'NONE', #7109, #3567, #2056, .T. ) ;
#658 = CARTESIAN_POINT ( 'NONE',  ( 7.912984221117342898, -1.779949199898000378, -48.18897252795810004 ) ) ;
#659 = CARTESIAN_POINT ( 'NONE',  ( 14.38284270040819735, -3.599999999999999645, -60.41084085043266327 ) ) ;
#660 = ORIENTED_EDGE ( 'NONE', *, *, #2818, .T. ) ;
#661 = CARTESIAN_POINT ( 'NONE',  ( 4.907786137736275478, 0.000000000000000000, 68.59468013381582807 ) ) ;
#662 = LINE ( 'NONE', #1806, #3649 ) ;
#663 = CARTESIAN_POINT ( 'NONE',  ( 9.727840022077778315, -3.600000000000000533, 62.70931551576231300 ) ) ;
#664 = CARTESIAN_POINT ( 'NONE',  ( -3.995370189717368348, -0.4698403025778745135, 66.23701102714518640 ) ) ;
#665 = CARTESIAN_POINT ( 'NONE',  ( 4.088475500633693471, -3.600000000000000533, 66.27625286076676048 ) ) ;
#666 = CARTESIAN_POINT ( 'NONE',  ( 17.30067741722224284, -3.599999999999999645, 26.16891417586121804 ) ) ;
#667 = CARTESIAN_POINT ( 'NONE',  ( -6.923200249624802183, -0.8000000000004201528, 64.62545090591862618 ) ) ;
#668 = DIRECTION ( 'NONE',  ( -0.000000000000000000, 1.000000000000000000, -0.000000000000000000 ) ) ;
#669 = ORIENTED_EDGE ( 'NONE', *, *, #2716, .T. ) ;
#670 = CARTESIAN_POINT ( 'NONE',  ( -17.25623662314934847, -3.600000000000000533, -44.05750691418886333 ) ) ;
#671 = DIRECTION ( 'NONE',  ( 8.659560562354990790E-17, -0.7071067811865430208, 0.7071067811865521247 ) ) ;
#672 = EDGE_CURVE ( 'NONE', #3698, #4432, #7061, .T. ) ;
#673 = AXIS2_PLACEMENT_3D ( 'NONE', #5187, #7550, #2393 ) ;
#674 = CARTESIAN_POINT ( 'NONE',  ( -5.060176235425290159, -0.8000000000000003775, 65.80101012940436078 ) ) ;
#675 = CARTESIAN_POINT ( 'NONE',  ( -16.99812515705609073, -3.600000000000000533, 38.83456700884136836 ) ) ;
#676 = CARTESIAN_POINT ( 'NONE',  ( 17.28816068258328187, -3.599999999999998757, 32.67603601676424319 ) ) ;
#677 = CARTESIAN_POINT ( 'NONE',  ( 4.920321980810147267, -0.8000000000002048806, 65.84915322541671401 ) ) ;
#678 = CARTESIAN_POINT ( 'NONE',  ( 13.77870517312727472, -3.600000000000000977, 54.70525381389533237 ) ) ;
#679 = CARTESIAN_POINT ( 'NONE',  ( 4.974088753243293581, -0.8000000000000010436, 65.83113796246315985 ) ) ;
#680 = CARTESIAN_POINT ( 'NONE',  ( -4.962093904360155072, 5.631918124298322974E-15, 66.67048801585205808 ) ) ;
#681 = ORIENTED_EDGE ( 'NONE', *, *, #3591, .T. ) ;
#682 = CARTESIAN_POINT ( 'NONE',  ( 5.046081600817844404, 5.676749311375012091E-15, 66.64730897838632018 ) ) ;
#683 = CARTESIAN_POINT ( 'NONE',  ( -11.38128178245888478, -3.000000000000009770, -64.47988381637800614 ) ) ;
#684 = CARTESIAN_POINT ( 'NONE',  ( -17.89145564301917801, -3.000000000000011102, -46.96260073551550818 ) ) ;
#685 = CARTESIAN_POINT ( 'NONE',  ( -2.486709384584284699, -3.000000000000010658, -67.25542713341999956 ) ) ;
#686 = CARTESIAN_POINT ( 'NONE',  ( -17.85574020768672554, -2.000000000000000000, 11.10922738596742043 ) ) ;
#687 = CARTESIAN_POINT ( 'NONE',  ( 16.91988709632894583, -3.000000000000011102, -56.65035981161316414 ) ) ;
#688 = CARTESIAN_POINT ( 'NONE',  ( 2.289067693303100448, 5.637851296924619901E-15, 66.80998579084872802 ) ) ;
#689 = ORIENTED_EDGE ( 'NONE', *, *, #5051, .T. ) ;
#690 = CARTESIAN_POINT ( 'NONE',  ( -3.617068121904888578, -3.599999999999999201, 66.27631002747372690 ) ) ;
#691 = CARTESIAN_POINT ( 'NONE',  ( -17.27367110198728639, -3.599999999999999645, 14.67229354251961482 ) ) ;
#692 = CARTESIAN_POINT ( 'NONE',  ( -10.23209646142618112, -2.000000000000000000, 64.91362503913313731 ) ) ;
#693 = CARTESIAN_POINT ( 'NONE',  ( 16.60725181413056717, -2.000000000000000000, -57.68579861201803993 ) ) ;
#694 = CARTESIAN_POINT ( 'NONE',  ( -4.376279857163522635, -3.599999999999999645, 66.27377818187052583 ) ) ;
#695 = CARTESIAN_POINT ( 'NONE',  ( 12.42955034433552619, -3.600000000000000533, -62.77177145545260828 ) ) ;
#696 = VERTEX_POINT ( 'NONE', #6503 ) ;
#697 = VECTOR ( 'NONE', #6428, 1000.000000000000114 ) ;
#698 = CARTESIAN_POINT ( 'NONE',  ( 12.14625836395963709, -2.000000000000000000, 62.27563060541879736 ) ) ;
#699 = CARTESIAN_POINT ( 'NONE',  ( -17.85576521892979684, -3.000000000000998757, -43.79026923239790392 ) ) ;
#700 = DIRECTION ( 'NONE',  ( -0.000000000000000000, -1.000000000000000000, -0.000000000000000000 ) ) ;
#701 = EDGE_CURVE ( 'NONE', #4882, #4220, #6043, .T. ) ;
#702 = CARTESIAN_POINT ( 'NONE',  ( -10.64912611735708659, -3.600000000000000089, -64.23947624194835271 ) ) ;
#703 = CARTESIAN_POINT ( 'NONE',  ( 17.30115528535039005, -3.599999999999999201, 25.88271724608946656 ) ) ;
#704 = CARTESIAN_POINT ( 'NONE',  ( 4.628064735851542544, -3.599999999999999645, 66.26571075474443262 ) ) ;
#705 = CARTESIAN_POINT ( 'NONE',  ( -17.13323340081082691, -3.600000000000000089, 36.93657192664212374 ) ) ;
#706 = AXIS2_PLACEMENT_3D ( 'NONE', #4894, #2630, #2675 ) ;
#707 = CARTESIAN_POINT ( 'NONE',  ( 17.29847322256616948, -3.600000000000000533, 28.82084732535735938 ) ) ;
#708 = B_SPLINE_CURVE_WITH_KNOTS ( 'NONE', 1,
 ( #5808, #617 ),
 .UNSPECIFIED., .F., .F.,
 ( 2, 2 ),
 ( 0.000000000000000000, 1.000000000000000000 ),
 .UNSPECIFIED. ) ;
#709 = CARTESIAN_POINT ( 'NONE',  ( -4.821334872898673574, -0.8000000000000070388, 64.73861673094032199 ) ) ;
#710 = ORIENTED_EDGE ( 'NONE', *, *, #4912, .T. ) ;
#711 = VECTOR ( 'NONE', #6709, 1000.000000000000114 ) ;
#712 = DIRECTION ( 'NONE',  ( 0.000000000000000000, 0.000000000000000000, -1.000000000000000000 ) ) ;
#713 = CARTESIAN_POINT ( 'NONE',  ( -3.831256369696046882, -0.7999999999999999334, 66.00177577635241732 ) ) ;
#714 = CARTESIAN_POINT ( 'NONE',  ( -17.29897095893615955, -3.600000000000001421, 29.40410418718920482 ) ) ;
#715 = CARTESIAN_POINT ( 'NONE',  ( 2.474456367442209981, -3.599999999999999201, -66.65478757020912326 ) ) ;
#716 = CARTESIAN_POINT ( 'NONE',  ( 16.38285792675422670, -3.599999999999999645, 44.08152526332430199 ) ) ;
#717 = CARTESIAN_POINT ( 'NONE',  ( 5.358828414878687774, -0.7999999999999644062, 64.45739117975089982 ) ) ;
#718 = DIRECTION ( 'NONE',  ( -0.9833635862193926824, 0.000000000000000000, -0.1816481689908677477 ) ) ;
#719 = CARTESIAN_POINT ( 'NONE',  ( 11.61772411959842977, -3.600000000000000533, 59.69008045075943159 ) ) ;
#720 = CARTESIAN_POINT ( 'NONE',  ( -6.872966933893358110, 0.000000000000000000, 67.83433109994184917 ) ) ;
#721 = CARTESIAN_POINT ( 'NONE',  ( 5.888525486807623999, -0.7999999999999999334, 65.39594350056043481 ) ) ;
#722 = EDGE_CURVE ( 'NONE', #2902, #3083, #2787, .T. ) ;
#723 = CIRCLE ( 'NONE', #2540, 2.600000000000000089 ) ;
#724 = CARTESIAN_POINT ( 'NONE',  ( 4.040631110698203798, 5.645443325752935271E-15, 66.79939499811442261 ) ) ;
#725 = CARTESIAN_POINT ( 'NONE',  ( -7.731817791389363315, -3.000000000000009770, -66.34988246315796800 ) ) ;
#726 = CARTESIAN_POINT ( 'NONE',  ( 2.359596719923187536, -3.600000000000000533, -66.65721634669131390 ) ) ;
#727 = CARTESIAN_POINT ( 'NONE',  ( -17.88996568791275976, -3.000000000000010214, -46.73418814773063446 ) ) ;
#728 = CARTESIAN_POINT ( 'NONE',  ( -1.982540933983291342, -3.000000000000010658, -67.26278407403992787 ) ) ;
#729 = CARTESIAN_POINT ( 'NONE',  ( -5.208870296483265605, 5.610504982638059577E-15, 66.59643628560556294 ) ) ;
#730 = AXIS2_PLACEMENT_3D ( 'NONE', #5079, #7387, #1614 ) ;
#731 = VECTOR ( 'NONE', #6889, 1000.000000000000227 ) ;
#732 = CARTESIAN_POINT ( 'NONE',  ( 15.02638960545241886, 5.603618281458966338E-15, 49.04206311117491879 ) ) ;
#733 = CARTESIAN_POINT ( 'NONE',  ( 16.99489882866359380, -3.000000000000010214, -56.42699208083740814 ) ) ;
#734 = CARTESIAN_POINT ( 'NONE',  ( 15.63861295784960070, -0.8000000000000003775, 39.86141618555594590 ) ) ;
#735 = VERTEX_POINT ( 'NONE', #699 ) ;
#736 = ORIENTED_EDGE ( 'NONE', *, *, #4912, .F. ) ;
#737 = CARTESIAN_POINT ( 'NONE',  ( 4.914238823681857049, -3.000000000000010658, 66.87645546539515351 ) ) ;
#738 = CARTESIAN_POINT ( 'NONE',  ( -10.12931382682538128, -3.000000000000010658, -65.27932831414865689 ) ) ;
#739 = CARTESIAN_POINT ( 'NONE',  ( -11.38457071826373834, 0.000000000000000000, 63.34805667304306809 ) ) ;
#740 = DIRECTION ( 'NONE',  ( 0.000000000000000000, -0.000000000000000000, -1.000000000000000000 ) ) ;
#741 = DIRECTION ( 'NONE',  ( 0.000000000000000000, 0.000000000000000000, -1.000000000000000000 ) ) ;
#742 = CARTESIAN_POINT ( 'NONE',  ( -17.22025185163436589, -3.600000000000000977, -52.00974407448090631 ) ) ;
#743 = CARTESIAN_POINT ( 'NONE',  ( -4.352150574432747554, -3.600000000000000977, 66.27419042435552399 ) ) ;
#744 = CARTESIAN_POINT ( 'NONE',  ( -13.59078231942650561, -2.000000000000000000, 59.32953292813555635 ) ) ;
#745 = ORIENTED_EDGE ( 'NONE', *, *, #4468, .T. ) ;
#746 = EDGE_CURVE ( 'NONE', #3912, #4784, #821, .T. ) ;
#747 = CARTESIAN_POINT ( 'NONE',  ( 16.75181780768574669, 5.548246479696471588E-15, 34.92959476440658761 ) ) ;
#748 = CARTESIAN_POINT ( 'NONE',  ( -6.491041522454001900, -0.7999999999999999334, -26.79298605861921700 ) ) ;
#749 = CARTESIAN_POINT ( 'NONE',  ( -11.18163762218677881, -3.600000000000000089, -63.88344521892653916 ) ) ;
#750 = CARTESIAN_POINT ( 'NONE',  ( 1.662984673164509486, -3.600000000000000089, -52.33897264750747524 ) ) ;
#751 = CARTESIAN_POINT ( 'NONE',  ( 5.376437836514310398, -3.600000000000000533, 66.17267398009700230 ) ) ;
#752 = CARTESIAN_POINT ( 'NONE',  ( 17.29847850062895631, -3.600000000000000533, 28.83403548083546042 ) ) ;
#753 = ORIENTED_EDGE ( 'NONE', *, *, #1525, .F. ) ;
#754 = CARTESIAN_POINT ( 'NONE',  ( -4.000288329595720782, -0.03847759290296835083, 66.76150612463659684 ) ) ;
#755 = EDGE_LOOP ( 'NONE', ( #447, #5907, #2327, #3469 ) ) ;
#756 = CARTESIAN_POINT ( 'NONE',  ( 5.151164285212535887, -3.599999999999999645, 66.21422997486922668 ) ) ;
#757 = CARTESIAN_POINT ( 'NONE',  ( -4.321169707092261447, -0.7999999999999994893, 65.97974895976093990 ) ) ;
#758 = CARTESIAN_POINT ( 'NONE',  ( 17.13104280146785641, -3.600000000000000977, 37.08771366580094764 ) ) ;
#759 = LINE ( 'NONE', #1438, #1584 ) ;
#760 = CARTESIAN_POINT ( 'NONE',  ( -13.53571320170955516, -0.8000000000000077049, 47.08422782665977735 ) ) ;
#761 = CARTESIAN_POINT ( 'NONE',  ( -18.59999999999998721, 0.000000000000000000, 32.00001899343997991 ) ) ;
#762 = CARTESIAN_POINT ( 'NONE',  ( 5.422624916050858168, -0.8000000000000000444, 65.64933241261525154 ) ) ;
#763 = CARTESIAN_POINT ( 'NONE',  ( 6.928201364229232162, 5.409111901386722515E-15, 65.65083702119247278 ) ) ;
#764 = CARTESIAN_POINT ( 'NONE',  ( -4.771980359683547057, -3.000000000000009770, -67.07261961292445562 ) ) ;
#765 = CARTESIAN_POINT ( 'NONE',  ( 1.386956570983102432, -3.600000000000000089, -66.66235350708895169 ) ) ;
#766 = CARTESIAN_POINT ( 'NONE',  ( -15.11003875095851257, -3.599999999999998757, -59.22796713223642939 ) ) ;
#767 = CARTESIAN_POINT ( 'NONE',  ( -5.197089285123917435, 5.583427267963297407E-15, 66.60036527777469928 ) ) ;
#768 = EDGE_CURVE ( 'NONE', #4398, #6853, #591, .T. ) ;
#769 = CARTESIAN_POINT ( 'NONE',  ( -17.90220054808138883, -3.000000000000010214, 22.91273507402198106 ) ) ;
#770 = B_SPLINE_SURFACE_WITH_KNOTS ( 'NONE', 3, 1, ( 
 ( #3460, #548 ),
 ( #2896, #1212 ),
 ( #1775, #590 ),
 ( #4640, #6435 ),
 ( #3534, #3496 ),
 ( #5214, #4106 ),
 ( #2934, #6395 ),
 ( #7533, #6990 ),
 ( #5788, #2306 ),
 ( #4674, #2343 ),
 ( #1741, #13 ),
 ( #6956, #4072 ) ),
 .UNSPECIFIED., .F., .F., .F.,
 ( 4, 1, 1, 1, 1, 1, 1, 1, 1, 4 ),
 ( 2, 2 ),
 ( -3.684586934574668004E-07, 0.1249993879076599507, 0.2499991442740133463, 0.3124990224571900232, 0.3749989006403667280, 0.4999986570067201375, 0.6249984133730734914, 0.7499981697394269009, 0.8749979261057803104, 0.9999976824721337199 ),
 ( 0.000000000000000000, 1.000000000000000000 ),
 .UNSPECIFIED. ) ;
#771 = EDGE_CURVE ( 'NONE', #792, #7221, #1532, .T. ) ;
#772 = CARTESIAN_POINT ( 'NONE',  ( 17.83708898797236841, -3.000000000000011546, -51.58748693931288898 ) ) ;
#773 = CARTESIAN_POINT ( 'NONE',  ( 16.00011713106171030, -0.7999999999999992673, 32.83039923327972787 ) ) ;
#774 = ORIENTED_EDGE ( 'NONE', *, *, #1130, .T. ) ;
#775 = CARTESIAN_POINT ( 'NONE',  ( -3.810036809055219464, -2.100000000000000089, -15.87497125981866475 ) ) ;
#776 = CARTESIAN_POINT ( 'NONE',  ( -17.28292163196579168, -3.599999999999999645, 16.49058512872918669 ) ) ;
#777 = CARTESIAN_POINT ( 'NONE',  ( -6.341774300405010223, -2.000000000000000000, 68.09403760702495845 ) ) ;
#778 = EDGE_CURVE ( 'NONE', #4398, #1056, #4434, .T. ) ;
#779 = CARTESIAN_POINT ( 'NONE',  ( -14.25575799097778074, -1.499999999999999556, -28.85427299466725160 ) ) ;
#780 = CARTESIAN_POINT ( 'NONE',  ( 8.728928891484081021, -0.03847916330417124053, 63.84990929499959122 ) ) ;
#781 = CARTESIAN_POINT ( 'NONE',  ( -14.58119705470432059, -3.600000000000000977, -60.11756573913373813 ) ) ;
#782 = FACE_OUTER_BOUND ( 'NONE', #1997, .T. ) ;
#783 = CARTESIAN_POINT ( 'NONE',  ( 16.74199758530498627, -3.600000000000000533, -55.15452245588529223 ) ) ;
#784 = ORIENTED_EDGE ( 'NONE', *, *, #4327, .T. ) ;
#785 = DIRECTION ( 'NONE',  ( 8.659560562354966138E-17, 0.7071067811865445751, -0.7071067811865503483 ) ) ;
#786 = CARTESIAN_POINT ( 'NONE',  ( -10.83319563322214485, -3.600000000000000533, -64.12274355118810831 ) ) ;
#787 = CARTESIAN_POINT ( 'NONE',  ( 17.29975843541907921, -3.600000000000001421, 30.01844775570607737 ) ) ;
#788 = CARTESIAN_POINT ( 'NONE',  ( 4.429826691514657355, -3.600000000000000089, 66.27266243261387046 ) ) ;
#789 = CARTESIAN_POINT ( 'NONE',  ( -16.89523072907361367, -3.599999999999999645, 39.94608601906555378 ) ) ;
#790 = CARTESIAN_POINT ( 'NONE',  ( 17.30184973839587315, -3.600000000000000533, 25.03436428259366764 ) ) ;
#791 = CARTESIAN_POINT ( 'NONE',  ( -4.797238214902636244, -0.7999999999992856159, 65.88950410497336918 ) ) ;
#792 = VERTEX_POINT ( 'NONE', #7216 ) ;
#793 = CARTESIAN_POINT ( 'NONE',  ( 4.465606953481627173, -3.599999999999999645, 66.27204563847011798 ) ) ;
#794 = CARTESIAN_POINT ( 'NONE',  ( -4.015147638471915137, -0.7999999999999999334, 65.99968092718411583 ) ) ;
#795 = CARTESIAN_POINT ( 'NONE',  ( -17.29973137512829240, -3.599999999999998757, 29.99423508955867845 ) ) ;
#796 = CARTESIAN_POINT ( 'NONE',  ( 3.461498683974850277, -3.599999999999999201, -66.60915516448163487 ) ) ;
#797 = CARTESIAN_POINT ( 'NONE',  ( 14.07734987297715357, -3.600000000000000533, 53.82249822883062507 ) ) ;
#798 = CARTESIAN_POINT ( 'NONE',  ( 4.598625998437779749, -0.7999999999999817257, 64.82124093126388686 ) ) ;
#799 = CYLINDRICAL_SURFACE ( 'NONE', #5224, 2.149999999999999023 ) ;
#800 = CARTESIAN_POINT ( 'NONE',  ( -11.07186474579895652, -0.7999999999999947153, 55.83557077442435457 ) ) ;
#801 = DIRECTION ( 'NONE',  ( -0.000000000000000000, -1.000000000000000000, -0.000000000000000000 ) ) ;
#802 = CARTESIAN_POINT ( 'NONE',  ( 5.994390609666059078, -0.7999999999999998224, 65.32908542919896888 ) ) ;
#803 = CARTESIAN_POINT ( 'NONE',  ( 8.294229757447830309, 5.544283676724959902E-15, 64.39590434134997565 ) ) ;
#804 = CARTESIAN_POINT ( 'NONE',  ( -3.505034132591465568, -3.000000000000010658, -67.20759139383511638 ) ) ;
#805 = CARTESIAN_POINT ( 'NONE',  ( 4.319087096555503713, -3.600000000000000089, -66.52591382787431940 ) ) ;
#806 = CARTESIAN_POINT ( 'NONE',  ( -0.6574479888863803412, -3.000000000000010658, 66.87631665454264862 ) ) ;
#807 = CARTESIAN_POINT ( 'NONE',  ( -4.186918377739291763, 5.641959911092443664E-15, 66.79369915543661307 ) ) ;
#808 = DIRECTION ( 'NONE',  ( 0.000000000000000000, 0.000000000000000000, -1.000000000000000000 ) ) ;
#809 = CARTESIAN_POINT ( 'NONE',  ( 3.984481506945908524, 5.637851296924623057E-15, 66.80005659924368899 ) ) ;
#810 = B_SPLINE_CURVE_WITH_KNOTS ( 'NONE', 2,
 ( #6276, #1728, #1050, #6384, #3374, #1160, #3483, #2141, #4480, #4738, #7138, #1763, #3522, #5886, #744, #5320, #4661, #3593, #2993, #2369, #5848, #3635, #4811, #161, #7059, #4699, #5241, #1803, #1916, #2485, #6006, #619, #4136 ),
 .UNSPECIFIED., .F., .F.,
 ( 3, 1, 1, 1, 1, 1, 1, 1, 1, 1, 1, 1, 1, 1, 1, 1, 1, 1, 1, 1, 1, 1, 1, 1, 1, 1, 1, 1, 1, 1, 1, 3 ),
 ( -5.009443458232360559E-07, 0.1874995929827190100, 0.2812496399462514618, 0.3281246634280176599, 0.3593746790825284587, 0.3906246947370393130, 0.4218747103915501118, 0.4531247260460609105, 0.4843747417005717093, 0.5156247573550825081, 0.5468747730095934179, 0.5781247886641042166, 0.6093748043186150154, 0.6406248199731258142, 0.6718748356276366129, 0.7031248512821474117, 0.7343748669366582105, 0.7578123786775412540, 0.7734373865047967644, 0.7890623943320520528, 0.8046874021593075632, 0.8203124099865628516, 0.8359374178138183620, 0.8515624256410736503, 0.8671874334683291607, 0.8828124412955844491, 0.8984374491228399595, 0.9140624569500952479, 0.9296874647773507583, 0.9453124726046060466, 0.9609374804318615571, 1.000000000000000000 ),
 .UNSPECIFIED. ) ;
#811 = ORIENTED_EDGE ( 'NONE', *, *, #5801, .T. ) ;
#812 = CARTESIAN_POINT ( 'NONE',  ( -4.118838138409068428, -3.000000000000010214, 66.87621262933963351 ) ) ;
#813 = LINE ( 'NONE', #1381, #3510 ) ;
#814 = VECTOR ( 'NONE', #7484, 999.9999999999998863 ) ;
#815 = CARTESIAN_POINT ( 'NONE',  ( 3.988095387429731353, -0.03847762930330875936, 66.76155714477182812 ) ) ;
#816 = CARTESIAN_POINT ( 'NONE',  ( -17.25115526789491582, -3.599999999999999645, -50.92733266684643922 ) ) ;
#817 = CARTESIAN_POINT ( 'NONE',  ( 13.51211339823322177, -0.03847768965109247402, 54.46083058024111523 ) ) ;
#818 = CARTESIAN_POINT ( 'NONE',  ( 16.35187751035716630, -3.600000000000000533, -56.45700933837009217 ) ) ;
#819 = EDGE_CURVE ( 'NONE', #3616, #5353, #7278, .T. ) ;
#820 = EDGE_LOOP ( 'NONE', ( #2191, #4069, #6277, #6405 ) ) ;
#821 = LINE ( 'NONE', #1355, #3409 ) ;
#822 = VECTOR ( 'NONE', #1665, 1000.000000000000114 ) ;
#823 = CARTESIAN_POINT ( 'NONE',  ( -11.13722677596332211, -3.600000000000000977, -63.91649176371845442 ) ) ;
#824 = CARTESIAN_POINT ( 'NONE',  ( -14.95272377161433930, -0.8000000000000001554, 45.20650787485888600 ) ) ;
#825 = CARTESIAN_POINT ( 'NONE',  ( 1.865695290544036711, -3.599999999999999645, 66.27632286065936285 ) ) ;
#826 = CARTESIAN_POINT ( 'NONE',  ( 17.29994961806933063, -3.600000000000000977, 30.77211796957696421 ) ) ;
#827 = ORIENTED_EDGE ( 'NONE', *, *, #2804, .F. ) ;
#828 = AXIS2_PLACEMENT_3D ( 'NONE', #2801, #1049, #2289 ) ;
#829 = DIRECTION ( 'NONE',  ( 1.000000000000000000, 0.000000000000000000, 0.000000000000000000 ) ) ;
#830 = CARTESIAN_POINT ( 'NONE',  ( -3.976435833629551997, -0.8000000000000002665, 66.00019810445076018 ) ) ;
#831 = CARTESIAN_POINT ( 'NONE',  ( -17.30220054112680117, -3.599999999999999645, 22.91320612322743244 ) ) ;
#832 = CARTESIAN_POINT ( 'NONE',  ( 17.89940170945018494, -3.000000000000010658, 31.20167690458521648 ) ) ;
#833 = CARTESIAN_POINT ( 'NONE',  ( 4.721571244796586519, -0.7999999999999667377, 64.77784293545579430 ) ) ;
#834 = APPLICATION_PROTOCOL_DEFINITION ( 'draft international standard', 'automotive_design', 1998, #47 ) ;
#835 = CARTESIAN_POINT ( 'NONE',  ( -10.62371835802011155, 0.000000000000000000, 64.41751820761110991 ) ) ;
#836 = DIRECTION ( 'NONE',  ( 1.000000000000000000, 0.000000000000000000, 0.000000000000000000 ) ) ;
#837 = ORIENTED_EDGE ( 'NONE', *, *, #3319, .F. ) ;
#838 = EDGE_CURVE ( 'NONE', #7409, #7341, #3260, .T. ) ;
#839 = CARTESIAN_POINT ( 'NONE',  ( 6.327937416116565572, 5.737943968163458829E-15, 66.06479960712337629 ) ) ;
#840 = CARTESIAN_POINT ( 'NONE',  ( 1.753526021424472336, -3.599999999999999645, -66.66287912775612767 ) ) ;
#841 = DIRECTION ( 'NONE',  ( 0.000000000000000000, 0.000000000000000000, 1.000000000000000000 ) ) ;
#842 = CARTESIAN_POINT ( 'NONE',  ( -5.763894595577514934, 5.541334837137075048E-15, 66.37271927364962210 ) ) ;
#843 = CARTESIAN_POINT ( 'NONE',  ( -8.113531191540278797, -3.599999999999999645, -65.56736090512811188 ) ) ;
#844 = CARTESIAN_POINT ( 'NONE',  ( 14.25575799097778784, -3.100000000000030731, 27.00011359384848220 ) ) ;
#845 = AXIS2_PLACEMENT_3D ( 'NONE', #3292, #4464, #4393 ) ;
#846 = CARTESIAN_POINT ( 'NONE',  ( 17.88524279014623630, -3.000000000000011990, -48.83111219929163127 ) ) ;
#847 = CARTESIAN_POINT ( 'NONE',  ( 13.49441997157070539, -0.8000000000000001554, 51.88376624270801329 ) ) ;
#848 = AXIS2_PLACEMENT_3D ( 'NONE', #472, #6248, #7331 ) ;
#849 = ORIENTED_EDGE ( 'NONE', *, *, #6892, .T. ) ;
#850 = CARTESIAN_POINT ( 'NONE',  ( -7.600326928878251564, -3.000000000000010658, 65.78515817589870096 ) ) ;
#851 = CARTESIAN_POINT ( 'NONE',  ( 8.545828840845151930, -3.000000000000010658, -66.10028842543924554 ) ) ;
#852 = AXIS2_PLACEMENT_3D ( 'NONE', #927, #5569, #344 ) ;
#853 = VECTOR ( 'NONE', #1918, 1000.000000000000000 ) ;
#854 = CARTESIAN_POINT ( 'NONE',  ( -17.22417430820555495, -3.599999999999999201, -51.92419980184322270 ) ) ;
#855 = CARTESIAN_POINT ( 'NONE',  ( -6.664040305258849273, -3.600000000000000089, 65.69346097464104162 ) ) ;
#856 = CARTESIAN_POINT ( 'NONE',  ( 17.21628531966454645, -3.600000000000000089, -52.08497779668059735 ) ) ;
#857 = ORIENTED_EDGE ( 'NONE', *, *, #2329, .T. ) ;
#858 = CARTESIAN_POINT ( 'NONE',  ( 13.13340918401876323, -3.600000000000001421, -62.02147378170842273 ) ) ;
#859 = CARTESIAN_POINT ( 'NONE',  ( 10.99515601087369276, -2.000000000000000000, -64.72998015956616769 ) ) ;
#860 = CARTESIAN_POINT ( 'NONE',  ( -7.941041522454002966, -1.779949199898000378, -26.79298605861921700 ) ) ;
#861 = EDGE_CURVE ( 'NONE', #1880, #5933, #6650, .T. ) ;
#862 = CARTESIAN_POINT ( 'NONE',  ( -16.62727385985597195, -3.000000000000010658, 46.82082628350249820 ) ) ;
#863 = ADVANCED_FACE ( 'NONE', ( #2027 ), #4777, .F. ) ;
#864 = ORIENTED_EDGE ( 'NONE', *, *, #5228, .T. ) ;
#865 = CARTESIAN_POINT ( 'NONE',  ( -17.26997494479658002, -3.600000000000000533, -49.85747028519302404 ) ) ;
#866 = CARTESIAN_POINT ( 'NONE',  ( 4.815764712319681173, -3.000000000000010658, 66.85610685814232568 ) ) ;
#867 = CARTESIAN_POINT ( 'NONE',  ( -7.490898159853291105, -0.7999999999999997113, 64.08228827055205556 ) ) ;
#868 = CARTESIAN_POINT ( 'NONE',  ( 17.72995106453468139, -3.000000000000011546, 37.12475658085871544 ) ) ;
#869 = CARTESIAN_POINT ( 'NONE',  ( -3.998286010683737235, -0.03847762914973568843, 66.76152798450085868 ) ) ;
#870 = CARTESIAN_POINT ( 'NONE',  ( -15.07151456227785857, 0.000000000000000000, 55.58688295882875252 ) ) ;
#871 = CARTESIAN_POINT ( 'NONE',  ( 17.90562086730401603, -3.000000000000010658, 24.29046623263749183 ) ) ;
#872 = VERTEX_POINT ( 'NONE', #6788 ) ;
#873 = CARTESIAN_POINT ( 'NONE',  ( 17.27901860845943460, -3.600000000000000533, -45.85803002336116663 ) ) ;
#874 = CARTESIAN_POINT ( 'NONE',  ( -4.606950069216007471, 5.540040762770716010E-15, 66.74725084918250673 ) ) ;
#875 = CARTESIAN_POINT ( 'NONE',  ( 8.068451499926931447, 6.051925356445070667E-15, 64.63628638149306482 ) ) ;
#876 = CARTESIAN_POINT ( 'NONE',  ( 7.888444724776637607, -3.600000000000000089, -65.65525928796705557 ) ) ;
#877 = CARTESIAN_POINT ( 'NONE',  ( -3.625583135075104657, -3.000000000000010658, 66.87625928021003574 ) ) ;
#878 = CARTESIAN_POINT ( 'NONE',  ( -4.005925401368616967, 5.949445986236733137E-15, 66.79991855266170830 ) ) ;
#879 = CARTESIAN_POINT ( 'NONE',  ( -8.733855798278250759, -3.600000000000000533, -65.29851266353212225 ) ) ;
#880 = CARTESIAN_POINT ( 'NONE',  ( -17.89973094894363470, -3.000000000000010214, 29.99353167721479352 ) ) ;
#881 = CARTESIAN_POINT ( 'NONE',  ( 14.88312725430191819, -0.8000000000000024869, 35.02308292997006589 ) ) ;
#882 = EDGE_CURVE ( 'NONE', #1795, #6840, #4400, .T. ) ;
#883 = CARTESIAN_POINT ( 'NONE',  ( 13.81516060065079721, -0.7999999999999999334, 50.68231254226706284 ) ) ;
#884 = EDGE_LOOP ( 'NONE', ( #382, #1395, #6707, #151 ) ) ;
#885 = CARTESIAN_POINT ( 'NONE',  ( -0.6156629292817648036, -3.000000000000009770, 66.87631657655565220 ) ) ;
#886 = CARTESIAN_POINT ( 'NONE',  ( 10.12931382675454550, -3.000000000000010658, -65.27932831418377191 ) ) ;
#887 = CARTESIAN_POINT ( 'NONE',  ( -17.20768074966935046, -3.599999999999999645, -52.23390306983797160 ) ) ;
#888 = CARTESIAN_POINT ( 'NONE',  ( 9.559207888842248479, 5.460956415208764297E-15, 62.82168383100427178 ) ) ;
#889 = VECTOR ( 'NONE', #3769, 999.9999999999998863 ) ;
#890 = CARTESIAN_POINT ( 'NONE',  ( 14.69221358450529458, -3.600000000000000977, -59.93192245576035049 ) ) ;
#891 = B_SPLINE_SURFACE_WITH_KNOTS ( 'NONE', 1, 3, ( 
 ( #177, #2576, #1967, #6624, #2500, #5940, #4826, #3731, #715, #7152, #7112, #6020, #3161, #796, #4223, #6590, #5451, #1364, #3126, #1397, #255, #7224, #3342, #4972, #1470, #1624, #5661, #1540, #4939, #429, #6798, #2760, #7253, #2186, #1053, #5092, #6127, #7401, #4523, #3379, #6726, #3308, #3953, #6836, #2040, #1502, #4407, #6690, #5547, #1018, #4441, #6205, #466, #7288, #5012, #2075, #4372, #6280, #5698, #391, #3802, #3873, #2113, #5622 ),
 ( #2641, #6242, #2720, #2145, #1589, #3838, #5052, #6165, #981, #904, #939, #3268, #360, #3230, #6761, #317, #5585, #2684, #7322, #7360, #4485, #3914, #3486, #2886, #2256, #5743, #6317, #3453, #2333, #1660, #2221, #503, #4028, #5814, #5779, #1094, #2965, #4631, #5247, #3992, #4666, #6386, #4705, #5290, #6946, #2926, #6984, #5205, #1166, #41, #5, #3563, #3526, #1768, #5128, #5164, #3418, #4064, #2843, #4097, #1203, #540, #7524, #7477 ) ),
 .UNSPECIFIED., .F., .F., .F.,
 ( 2, 2 ),
 ( 4, 2, 2, 2, 2, 2, 2, 2, 2, 2, 2, 2, 2, 2, 2, 2, 2, 2, 2, 2, 2, 2, 2, 2, 2, 2, 2, 2, 2, 2, 2, 4 ),
 ( 0.000000000000000000, 1.000000000000000000 ),
 ( 0.000000000000000000, 0.0007378756270459622783, 0.001475751254091924557, 0.002213626881137886835, 0.002582564694660867757, 0.002951502508183849113, 0.003320440321706830469, 0.003689378135229811392, 0.004427253762275773670, 0.005903005016367698227, 0.006640880643413660939, 0.007009818456936642295, 0.007378756270459622783, 0.007747694083982603272, 0.008116631897505584628, 0.008485569711028565984, 0.008854507524551547340, 0.009592383151597508317, 0.009961320965120489673, 0.01014578987188198035, 0.01033025877864347103, 0.01051472768540496171, 0.01069919659216645239, 0.01088366549892794306, 0.01097589995230868753, 0.01106813440568943374, 0.01116036885907017995, 0.01125260331245092442, 0.01134483776583166889, 0.01143707221921241510, 0.01162154112597390578, 0.01180601003273539645 ),
 .UNSPECIFIED. ) ;
#892 = VERTEX_POINT ( 'NONE', #3830 ) ;
#893 = CARTESIAN_POINT ( 'NONE',  ( 13.78874098868712039, -3.599999999999999645, -61.22964157347026770 ) ) ;
#894 = CARTESIAN_POINT ( 'NONE',  ( 8.545828840845151930, -3.000000000000010658, -66.10028842543924554 ) ) ;
#895 = FACE_OUTER_BOUND ( 'NONE', #4033, .T. ) ;
#896 = EDGE_CURVE ( 'NONE', #5428, #6936, #4930, .T. ) ;
#897 = CARTESIAN_POINT ( 'NONE',  ( 17.90410878738257594, -2.000000000000000000, -46.61837408618240630 ) ) ;
#898 = CARTESIAN_POINT ( 'NONE',  ( -17.29024951135342647, -3.600000000000000089, 32.48384095151779150 ) ) ;
#899 = CARTESIAN_POINT ( 'NONE',  ( 17.30001159868172422, -3.600000000000000089, 30.50955993796499754 ) ) ;
#900 = ORIENTED_EDGE ( 'NONE', *, *, #7131, .T. ) ;
#901 = CARTESIAN_POINT ( 'NONE',  ( -17.25727078923647184, -3.600000000000000089, -50.58325199142190343 ) ) ;
#902 = CARTESIAN_POINT ( 'NONE',  ( 5.329881933956254869, -3.000000000000010214, 66.79280589704293902 ) ) ;
#903 = CARTESIAN_POINT ( 'NONE',  ( -7.948088265563019839, -0.8000000000000008216, 63.58573219563471923 ) ) ;
#904 = CARTESIAN_POINT ( 'NONE',  ( 2.742021817142647588, -3.000000000000011102, -67.24743495003076532 ) ) ;
#905 = CARTESIAN_POINT ( 'NONE',  ( 17.89678766362925089, -3.000000000000010658, 31.79444574753235386 ) ) ;
#906 = CARTESIAN_POINT ( 'NONE',  ( 3.977214253904334029, -0.7999999999999808376, 64.92311171247048662 ) ) ;
#907 = CARTESIAN_POINT ( 'NONE',  ( -9.431473366840682715, -0.03847763126206797668, 62.97444461159540197 ) ) ;
#908 = CARTESIAN_POINT ( 'NONE',  ( -16.39826947880817798, 5.576983756050582341E-15, 40.35192751938464539 ) ) ;
#909 = DIRECTION ( 'NONE',  ( -0.1500202732922520932, 0.000000000000000000, 0.9886829206582451457 ) ) ;
#910 = ORIENTED_EDGE ( 'NONE', *, *, #1958, .T. ) ;
#911 = CARTESIAN_POINT ( 'NONE',  ( 17.28219373926938118, -3.600000000000000089, -46.07547227166827497 ) ) ;
#912 = CARTESIAN_POINT ( 'NONE',  ( 17.85576521892971158, -2.000000000000000000, -43.79026923235565505 ) ) ;
#913 = ADVANCED_FACE ( 'NONE', ( #7353 ), #3336, .F. ) ;
#914 = CARTESIAN_POINT ( 'NONE',  ( 6.552345009964573030, 5.858486659660796197E-15, 65.91919593555498125 ) ) ;
#915 = CARTESIAN_POINT ( 'NONE',  ( -3.122225585172684781, -3.000000000000010658, -67.23132196782061953 ) ) ;
#916 = CARTESIAN_POINT ( 'NONE',  ( 10.67263568700125731, -3.600000000000000089, -64.22462184958641274 ) ) ;
#917 = CARTESIAN_POINT ( 'NONE',  ( -6.152030396659749378, -2.000000000000000000, 66.64820333447751466 ) ) ;
#918 = CARTESIAN_POINT ( 'NONE',  ( -6.191101049360025144, 5.092253300063170464E-15, 66.14634884394430969 ) ) ;
#919 = CARTESIAN_POINT ( 'NONE',  ( -10.39851336406901972, -3.599999999999999201, -64.39742140882877663 ) ) ;
#920 = CARTESIAN_POINT ( 'NONE',  ( 15.49011578201482209, -0.03847767143454527278, 46.58132080207007419 ) ) ;
#921 = CARTESIAN_POINT ( 'NONE',  ( 13.81721188279422918, 5.664434980290198573E-15, 53.61431733242874742 ) ) ;
#922 = CARTESIAN_POINT ( 'NONE',  ( 11.10587768106860196, -0.7999999999999996003, 58.49270633426457522 ) ) ;
#923 = ORIENTED_EDGE ( 'NONE', *, *, #72, .T. ) ;
#924 = CARTESIAN_POINT ( 'NONE',  ( -7.177162694540127674, -3.600000000000000089, 65.35167552568860572 ) ) ;
#925 = DIRECTION ( 'NONE',  ( 0.000000000000000000, 0.000000000000000000, -1.000000000000000000 ) ) ;
#926 = CARTESIAN_POINT ( 'NONE',  ( -16.76152241006122168, -0.03847763130518479929, 32.00041106728435381 ) ) ;
#927 = CARTESIAN_POINT ( 'NONE',  ( 3.972661936725666365, -2.000000000000000000, -69.69035344144921851 ) ) ;
#928 = CARTESIAN_POINT ( 'NONE',  ( -4.914238823687177238, -2.000000000000000000, 66.87645546539475561 ) ) ;
#929 = CARTESIAN_POINT ( 'NONE',  ( 11.00379112446606911, 5.456113948559009382E-15, 60.48961171748823062 ) ) ;
#930 = CARTESIAN_POINT ( 'NONE',  ( 16.79616578374587021, -3.599999999999999645, -54.93591189781498230 ) ) ;
#931 = VERTEX_POINT ( 'NONE', #4360 ) ;
#932 = DIRECTION ( 'NONE',  ( -0.000000000000000000, -1.000000000000000000, -0.000000000000000000 ) ) ;
#933 = DIRECTION ( 'NONE',  ( 0.000000000000000000, 0.000000000000000000, -1.000000000000000000 ) ) ;
#934 = FACE_OUTER_BOUND ( 'NONE', #2190, .T. ) ;
#935 = ORIENTED_EDGE ( 'NONE', *, *, #4163, .F. ) ;
#936 = EDGE_CURVE ( 'NONE', #2371, #4610, #2800, .T. ) ;
#937 = CARTESIAN_POINT ( 'NONE',  ( 2.155811758696485558, -3.599999999999999645, 66.27631991138295575 ) ) ;
#938 = CARTESIAN_POINT ( 'NONE',  ( -5.698411692020976638, -0.8000000000000001554, 65.50662367146863119 ) ) ;
#939 = CARTESIAN_POINT ( 'NONE',  ( 2.869115417568093296, -3.000000000000010658, -67.24284420519094851 ) ) ;
#940 = CARTESIAN_POINT ( 'NONE',  ( 17.89990954126137268, -3.000000000000011102, 30.90541873517384630 ) ) ;
#941 = CYLINDRICAL_SURFACE ( 'NONE', #7447, 2.149999999999999023 ) ;
#942 = CARTESIAN_POINT ( 'NONE',  ( -14.84065092044933287, 5.575742442294015117E-15, 49.85893966048673320 ) ) ;
#943 = CARTESIAN_POINT ( 'NONE',  ( 3.947192275205265055, -0.8000000000000002665, 66.00026126432176454 ) ) ;
#944 = CARTESIAN_POINT ( 'NONE',  ( 17.26138083291894532, -3.600000000000000533, -44.65295378003179394 ) ) ;
#945 = DIRECTION ( 'NONE',  ( 0.9886829206582452567, 0.000000000000000000, 0.1500202732922515103 ) ) ;
#946 = CARTESIAN_POINT ( 'NONE',  ( 9.171602439106052884, 5.830361406617041877E-15, 63.34982512365026963 ) ) ;
#947 = VECTOR ( 'NONE', #3759, 1000.000000000000000 ) ;
#948 = CARTESIAN_POINT ( 'NONE',  ( 10.33556478785063426, -3.600000000000000533, -64.43672438885673159 ) ) ;
#949 = LINE ( 'NONE', #7162, #2411 ) ;
#950 = CARTESIAN_POINT ( 'NONE',  ( -6.353914517946878782, 5.570630416573500106E-15, 66.04866212277264026 ) ) ;
#951 = CARTESIAN_POINT ( 'NONE',  ( -10.50643287933193371, -3.599999999999999645, -64.32957555325835131 ) ) ;
#952 = FACE_OUTER_BOUND ( 'NONE', #213, .T. ) ;
#953 = CARTESIAN_POINT ( 'NONE',  ( 15.95957772266258701, -0.8000000000011483481, 35.06140284357367420 ) ) ;
#954 = DIRECTION ( 'NONE',  ( 0.000000000000000000, 0.000000000000000000, 1.000000000000000000 ) ) ;
#955 = CIRCLE ( 'NONE', #5823, 18.00000000000000355 ) ;
#956 = CARTESIAN_POINT ( 'NONE',  ( 14.74001606540297260, -0.7999999999999998224, 46.43293579938802651 ) ) ;
#957 = EDGE_CURVE ( 'NONE', #4211, #4681, #112, .T. ) ;
#958 = ORIENTED_EDGE ( 'NONE', *, *, #1782, .T. ) ;
#959 = CARTESIAN_POINT ( 'NONE',  ( -11.92463889420289114, 5.260372969808582290E-15, 58.63748198190148031 ) ) ;
#960 = AXIS2_PLACEMENT_3D ( 'NONE', #2783, #4012, #5183 ) ;
#961 = CARTESIAN_POINT ( 'NONE',  ( -3.078358678126285053, -3.000000000000011546, 66.87630043426541704 ) ) ;
#962 = CARTESIAN_POINT ( 'NONE',  ( 5.864139675356264902, -0.8000000000000292433, 64.10505885951093319 ) ) ;
#963 = CARTESIAN_POINT ( 'NONE',  ( -17.25576521708552136, -3.600000000000000089, -43.79026950574748156 ) ) ;
#964 = AXIS2_PLACEMENT_3D ( 'NONE', #1089, #3339, #4023 ) ;
#965 = CARTESIAN_POINT ( 'NONE',  ( 5.474782092288274171, 17.76640921322866973, 31.97813305171905185 ) ) ;
#966 = LINE ( 'NONE', #6192, #2916 ) ;
#967 = CARTESIAN_POINT ( 'NONE',  ( 8.349367668719555269, 5.773844539287288561E-15, 64.33550942419827834 ) ) ;
#968 = ORIENTED_EDGE ( 'NONE', *, *, #2457, .F. ) ;
#969 = CARTESIAN_POINT ( 'NONE',  ( 16.56160906007158573, -3.600000000000000533, -55.80702532787367431 ) ) ;
#970 = DIRECTION ( 'NONE',  ( -0.000000000000000000, 1.000000000000000000, 0.000000000000000000 ) ) ;
#971 = AXIS2_PLACEMENT_3D ( 'NONE', #5593, #5019, #2116 ) ;
#972 = DIRECTION ( 'NONE',  ( -0.1500202732922520932, 0.000000000000000000, 0.9886829206582451457 ) ) ;
#973 = CARTESIAN_POINT ( 'NONE',  ( -17.29999636389652551, -3.600000000000000977, 30.61810857476240955 ) ) ;
#974 = CARTESIAN_POINT ( 'NONE',  ( 17.29999997520018340, -3.599999999999999645, 30.60244794899228182 ) ) ;
#975 = CIRCLE ( 'NONE', #5363, 2.149999999999995470 ) ;
#976 = CIRCLE ( 'NONE', #3296, 2.650000000000013678 ) ;
#977 = EDGE_CURVE ( 'NONE', #4891, #1430, #6981, .T. ) ;
#978 = ORIENTED_EDGE ( 'NONE', *, *, #3938, .F. ) ;
#979 = CARTESIAN_POINT ( 'NONE',  ( 3.849677355610823248, -3.000000000000011546, 66.87632446466278680 ) ) ;
#980 = CARTESIAN_POINT ( 'NONE',  ( -5.922399449273999750, -0.8000000000000000444, 65.37487403854333934 ) ) ;
#981 = CARTESIAN_POINT ( 'NONE',  ( 2.488389632351893699, -3.000000000000010214, -67.25463373172827630 ) ) ;
#982 = CARTESIAN_POINT ( 'NONE',  ( 17.90115477516130582, -3.000000000000010214, 25.88349312699392968 ) ) ;
#983 = CARTESIAN_POINT ( 'NONE',  ( -10.37628262688304837, -3.600000000000000977, 61.78724252371008419 ) ) ;
#984 = ORIENTED_EDGE ( 'NONE', *, *, #4267, .T. ) ;
#985 = CARTESIAN_POINT ( 'NONE',  ( -4.047014429957907389, -0.8000000000000087041, 65.99894056913623785 ) ) ;
#986 = CARTESIAN_POINT ( 'NONE',  ( 17.26838049070556025, -3.600000000000000533, -45.16821191100714827 ) ) ;
#987 = LINE ( 'NONE', #7368, #4374 ) ;
#988 = CARTESIAN_POINT ( 'NONE',  ( 10.77026867158444645, 5.758440993354351316E-15, 60.91051507159302503 ) ) ;
#989 = CARTESIAN_POINT ( 'NONE',  ( 10.72381133452060453, -3.599999999999999201, -64.19228184576657270 ) ) ;
#990 = DIRECTION ( 'NONE',  ( -0.1500202732922515381, 0.000000000000000000, 0.9886829206582453677 ) ) ;
#991 = CARTESIAN_POINT ( 'NONE',  ( -6.297628407278286211, 5.721288876168327979E-15, 66.08303643910761593 ) ) ;
#992 = CARTESIAN_POINT ( 'NONE',  ( -6.126365259075454262, -3.600000000000000533, -66.19924378765074380 ) ) ;
#993 = PLANE ( 'NONE',  #6089 ) ;
#994 = CARTESIAN_POINT ( 'NONE',  ( 13.11885446252494170, -0.03847756649300647369, 55.61019805329610932 ) ) ;
#995 = EDGE_CURVE ( 'NONE', #6936, #2016, #3031, .T. ) ;
#996 = CARTESIAN_POINT ( 'NONE',  ( 14.26488911149769301, 5.478673434836475162E-15, 52.09914299434549889 ) ) ;
#997 = CARTESIAN_POINT ( 'NONE',  ( 4.916754128180873096, -2.000000000000000000, -68.34205006004164318 ) ) ;
#998 = CARTESIAN_POINT ( 'NONE',  ( 15.01957198327236753, -0.8000000000000000444, 44.79786610543870751 ) ) ;
#999 = ORIENTED_EDGE ( 'NONE', *, *, #3695, .T. ) ;
#1000 = CARTESIAN_POINT ( 'NONE',  ( -9.563192612936852299, 5.587423006321735493E-15, 62.81765423176240404 ) ) ;
#1001 = CARTESIAN_POINT ( 'NONE',  ( 1.999999999999998224, 1.800000000000000044, -52.00000000000000711 ) ) ;
#1002 = CARTESIAN_POINT ( 'NONE',  ( 9.765153174966989980, -0.7999999999999948264, 58.80285431864540158 ) ) ;
#1003 = CARTESIAN_POINT ( 'NONE',  ( 6.152030396652926392, -3.000000000000010658, 66.64820333447954681 ) ) ;
#1004 = EDGE_CURVE ( 'NONE', #4537, #5574, #2909, .T. ) ;
#1005 = CARTESIAN_POINT ( 'NONE',  ( -5.015359605249032349, -2.000000000000000000, -68.32383553124179798 ) ) ;
#1006 = CARTESIAN_POINT ( 'NONE',  ( 3.982479667361760178, -0.6457226390624936085, 65.81270960496054556 ) ) ;
#1007 = CARTESIAN_POINT ( 'NONE',  ( -7.025001142752948624, -2.000000000000000000, 66.20915086138865036 ) ) ;
#1008 = CARTESIAN_POINT ( 'NONE',  ( 7.198795581780838226, 5.937696673452328301E-15, 65.43941613339349317 ) ) ;
#1009 = CARTESIAN_POINT ( 'NONE',  ( -6.491041522454002788, -3.600300000945172219, -26.79298605861921700 ) ) ;
#1010 = CARTESIAN_POINT ( 'NONE',  ( 12.34280415781316620, -3.000000000000010658, -63.69060634761679296 ) ) ;
#1011 = ADVANCED_FACE ( 'NONE', ( #7392, #1046, #5733, #7469, #4517, #5123, #2323, #495, #6380 ), #420, .T. ) ;
#1012 = CARTESIAN_POINT ( 'NONE',  ( -17.45574020768677670, -3.400000000000003020, 11.10922720373448058 ) ) ;
#1013 = CARTESIAN_POINT ( 'NONE',  ( -13.55348823923999646, -0.8000000000000071498, 46.99187712336559031 ) ) ;
#1014 = DIRECTION ( 'NONE',  ( 0.000000000000000000, 0.000000000000000000, -1.000000000000000000 ) ) ;
#1015 = ORIENTED_EDGE ( 'NONE', *, *, #252, .F. ) ;
#1016 = CARTESIAN_POINT ( 'NONE',  ( 7.393313166046064921, -3.000000000000009326, 65.93770111886489360 ) ) ;
#1017 = CARTESIAN_POINT ( 'NONE',  ( -7.157772106434783232, -0.7999999999999998224, 64.41099882886699390 ) ) ;
#1018 = CARTESIAN_POINT ( 'NONE',  ( 10.57370024966164301, -3.599999999999999201, -64.28713484304155656 ) ) ;
#1019 = CARTESIAN_POINT ( 'NONE',  ( -3.998286010683737235, -0.03847762914973568843, 66.76152798450085868 ) ) ;
#1020 = CARTESIAN_POINT ( 'NONE',  ( -10.59276007695139832, -3.600000000000000977, 61.45278490720221498 ) ) ;
#1021 = CARTESIAN_POINT ( 'NONE',  ( 17.26414239355961300, -3.600000000000000533, 12.84823925884399465 ) ) ;
#1022 = VERTEX_POINT ( 'NONE', #4585 ) ;
#1023 = CARTESIAN_POINT ( 'NONE',  ( 14.25575799097778784, -1.499999999999999556, 27.00011359384848220 ) ) ;
#1024 = DIRECTION ( 'NONE',  ( -0.9833635862193926824, 0.000000000000000000, -0.1816481689908677477 ) ) ;
#1025 = CARTESIAN_POINT ( 'NONE',  ( 10.60948092026633205, 5.645912161937978688E-15, 61.18893350356405847 ) ) ;
#1026 = CARTESIAN_POINT ( 'NONE',  ( 10.91493790827455079, -3.600000000000000089, -64.06979329248740385 ) ) ;
#1027 = DIRECTION ( 'NONE',  ( -0.9999999999999996669, 0.000000000000000000, -2.490616614462980185E-08 ) ) ;
#1028 = CARTESIAN_POINT ( 'NONE',  ( -7.706634758503892790, 5.747153096339936800E-15, 64.99303747845492296 ) ) ;
#1029 = CARTESIAN_POINT ( 'NONE',  ( -0.4144500936657000700, -3.600000000000000089, -66.65574946796118638 ) ) ;
#1030 = DIRECTION ( 'NONE',  ( -0.000000000000000000, -1.000000000000000000, -0.000000000000000000 ) ) ;
#1031 = CARTESIAN_POINT ( 'NONE',  ( 14.06481083961081069, -0.7999999999999956035, 44.02327020997338991 ) ) ;
#1032 = DIRECTION ( 'NONE',  ( 0.000000000000000000, 1.000000000000000000, 0.000000000000000000 ) ) ;
#1033 = CARTESIAN_POINT ( 'NONE',  ( 7.311129760340490336, -0.8000000000000002665, 64.26446653172666856 ) ) ;
#1034 = ORIENTED_EDGE ( 'NONE', *, *, #4907, .F. ) ;
#1035 = CARTESIAN_POINT ( 'NONE',  ( -8.404585970211980950, 5.613987184234240937E-15, 64.27634372308752120 ) ) ;
#1036 = EDGE_LOOP ( 'NONE', ( #3048, #1331, #6653, #1622 ) ) ;
#1037 = CARTESIAN_POINT ( 'NONE',  ( -3.998286010683737235, -0.03847762914973568843, 66.76152798450085868 ) ) ;
#1038 = CARTESIAN_POINT ( 'NONE',  ( 9.238739553949326222, -0.7999999999999982681, 59.81129288176048675 ) ) ;
#1039 = CARTESIAN_POINT ( 'NONE',  ( -2.000000000000005329, -0.8000000000000000444, -52.00000000000000711 ) ) ;
#1040 = CARTESIAN_POINT ( 'NONE',  ( 1.303563170264579760E-06, -3.600000000000000089, -52.33897268892602028 ) ) ;
#1041 = DIRECTION ( 'NONE',  ( -0.9999999999999997780, 0.000000000000000000, -2.490616653888565136E-08 ) ) ;
#1042 = PLANE ( 'NONE',  #3883 ) ;
#1043 = CARTESIAN_POINT ( 'NONE',  ( 9.237802711311864812, 5.662181621729305123E-15, 63.26258109328851731 ) ) ;
#1044 = CARTESIAN_POINT ( 'NONE',  ( 6.462984221117340944, -3.600300000945172219, -48.18897252795810004 ) ) ;
#1045 = CARTESIAN_POINT ( 'NONE',  ( 17.24783537765612706, -3.599999999999999201, -51.11240597571126187 ) ) ;
#1046 = FACE_BOUND ( 'NONE', #1917, .T. ) ;
#1047 = AXIS2_PLACEMENT_3D ( 'NONE', #2998, #5928, #6045 ) ;
#1048 = CARTESIAN_POINT ( 'NONE',  ( 1.999999999999998224, -2.000000000000000000, -52.00000000000000711 ) ) ;
#1049 = DIRECTION ( 'NONE',  ( 0.000000000000000000, -1.000000000000000000, 0.000000000000000000 ) ) ;
#1050 = CARTESIAN_POINT ( 'NONE',  ( -18.05323324065243540, -2.000000000000000000, 41.98427938043147378 ) ) ;
#1051 = ORIENTED_EDGE ( 'NONE', *, *, #2533, .F. ) ;
#1052 = CARTESIAN_POINT ( 'NONE',  ( -10.42074366850378198, -0.7999999999999999334, 59.87494678650011792 ) ) ;
#1053 = CARTESIAN_POINT ( 'NONE',  ( 9.132193803215658434, -3.600000000000001421, -65.11206243057563370 ) ) ;
#1054 = CARTESIAN_POINT ( 'NONE',  ( -16.76152241006122168, -0.03847763130518479929, 32.00041106728435381 ) ) ;
#1055 = CARTESIAN_POINT ( 'NONE',  ( -11.30052362482198980, -3.600000000000000089, 60.27160355667141545 ) ) ;
#1056 = VERTEX_POINT ( 'NONE', #1619 ) ;
#1057 = EDGE_LOOP ( 'NONE', ( #2362, #5182, #2337, #5389 ) ) ;
#1058 = CARTESIAN_POINT ( 'NONE',  ( -3.810036809055219020, -3.600000000000000089, -13.43450094149597973 ) ) ;
#1059 = B_SPLINE_CURVE_WITH_KNOTS ( 'NONE', 3,
 ( #5268, #6447, #1786, #2470, #4797, #1294, #3543, #5225, #1258, #558, #2980, #1752, #724, #5307, #7044, #1831, #5871, #3580, #3059, #4649, #642, #4158, #1222, #604, #4081, #6967, #4118, #682, #7546, #2904, #6406, #2314, #3020, #1186, #3505, #3618, #59, #5910, #5834, #2943, #4232, #5382, #5948, #5347, #7121, #2389, #23, #2352, #6484, #1902, #4682, #7003, #2434, #106, #4764, #7083, #4195, #6524, #3471, #2584, #5422, #839, #7160, #6136, #3174, #4913, #7231, #3739, #6664, #914, #2508, #6063, #6559, #4984, #1371, #2546, #5493, #7259, #3240, #3811, #263, #1937, #185, #6102, #763, #4835, #6698, #2008, #1443, #4279, #6598, #2083, #1479, #2612, #4340, #3775, #3207, #6631, #3661, #7298, #1334, #5553, #5989, #875, #326, #3699, #226, #6028, #3096, #4947, #803, #3134, #2651, #2047, #5522, #5459, #4383, #293, #4875, #7200, #1975, #4308, #1408, #3921, #7332, #5667, #4095, #6174, #946, #1201, #5020, #4494, #7369, #6807, #38, #5099, #3277, #2117, #5631, #2155, #6288, #1025, #4528, #988, #2960, #1511, #436, #5594, #5851, #6769, #6980, #7412, #1765, #577, #1163, #3848, #3485, #6249, #3347, #368, #6423, #1596, #2693, #621, #2771, #6843, #5812, #399, #1551, #2193, #1630, #2923, #3524, #3960, #4415, #6735, #5244, #5286, #4451, #2728, #3880, #1, #2328, #5059, #4663, #6215, #3315, #206, #3039, #6464, #1239, #3153, #4213, #5366, #1388, #4815, #1882, #5323, #3637, #1957, #4141, #6616, #2996, #2452, #126, #4779, #5475, #5401, #3560, #78, #3596, #7101, #4257, #5889, #747, #164, #2407, #2373 ),
 .UNSPECIFIED., .F., .F.,
 ( 4, 2, 2, 2, 2, 2, 2, 2, 2, 2, 2, 2, 2, 2, 2, 2, 2, 2, 2, 2, 2, 2, 2, 2, 2, 2, 2, 2, 2, 2, 2, 2, 2, 2, 2, 2, 2, 2, 2, 2, 2, 2, 2, 2, 2, 2, 2, 2, 2, 2, 2, 2, 2, 2, 2, 2, 2, 2, 2, 2, 2, 2, 2, 2, 2, 2, 2, 2, 2, 2, 2, 2, 2, 2, 2, 2, 2, 2, 2, 2, 2, 2, 2, 2, 2, 2, 2, 2, 2, 2, 2, 2, 2, 2, 2, 2, 2, 2, 2, 2, 2, 2, 2, 2, 2, 2, 2, 2, 4 ),
 ( 0.000000000000000000, 5.274848341781822385E-05, 0.0001168353418114607159, 0.0002450090585989289573, 0.0005013564921736822369, 0.0007577039257482521238, 0.001270398792897758575, 0.003321178261495601365, 0.005371957730093444155, 0.007422737198691103065, 0.01152429613588660563, 0.01562585507308210733, 0.01972741401027760730, 0.02177819347887545096, 0.02280358321317428258, 0.02382897294747311073, 0.02485436268177193889, 0.02511071011534669536, 0.02536705754892126449, 0.02562340498249601750, 0.02587975241607077051, 0.02690514215036978254, 0.02793053188466861417, 0.02998131135326645436, 0.03203209082186411760, 0.03613364975905961757, 0.04023520869625511753, 0.04843832657064612440, 0.05048910603924378071, 0.05253988550784162437, 0.05305258037499094997, 0.05356527524214045599, 0.05459066497643946803, 0.05664144444503712433, 0.05869222391363478758, 0.06074300338223263124, 0.06484456231942813120, 0.06586995205372696283, 0.06689534178802579445, 0.06740803665517529353, 0.06792073152232480648, 0.06894612125662363811, 0.07099690072522146789, 0.07304768019381913113, 0.07714923913101445763, 0.08125079806820995065, 0.08330157753680779431, 0.08535235700540545756, 0.08945391594260077017, 0.09765703381699178398, 0.1017585927541872770, 0.1058601516913827839, 0.1099617106285782908, 0.1120124900971761206, 0.1140632695657737838, 0.1161140490343714471, 0.1181648285029692907, 0.1222663874401647838, 0.1304695053145557837, 0.1386726231889467975, 0.1407234026575444608, 0.1427741821261422905, 0.1448249615947401481, 0.1468757410633378113, 0.1509773000005333043, 0.1550788589377287974, 0.1632819768121198112, 0.1714850946865108250, 0.1796882125609017278, 0.1960944483096836444, 0.2125006840584656442, 0.2207038019328566580, 0.2289069198072476441, 0.2330084787444431649, 0.2371100376816386579, 0.2412115966188341509, 0.2453131555560295607, 0.2617193913048114773, 0.2781256270535935049, 0.2945318628023754770, 0.3109380985511573936, 0.3437505700487213378, 0.3601568057975033654, 0.3765630415462852820, 0.3929692772950671986, 0.4093755130438491707, 0.4175786309182402123, 0.4257817487926311983, 0.4339848666670221844, 0.4421879845414132260, 0.4585942202901951981, 0.4750004560389771147, 0.4914066917877590313, 0.5078129275365410589, 0.5406253990341050031, 0.5570316347828868642, 0.5734378705316689473, 0.6062503420292327805, 0.6390628135267967247, 0.6718752850243606689, 0.7046877565219246131, 0.7375002280194885573, 0.7703126995170523905, 0.8031251710146164458, 0.8359376425121802789, 0.8687501140097443342, 0.9015625855073081674, 0.9343750570048721116, 1.000000000000000000 ),
 .UNSPECIFIED. ) ;
#1060 = FACE_OUTER_BOUND ( 'NONE', #2109, .T. ) ;
#1061 = CARTESIAN_POINT ( 'NONE',  ( 6.462984221117348049, -3.600300000945172219, -20.18897252795810004 ) ) ;
#1062 = CARTESIAN_POINT ( 'NONE',  ( -7.624022980935267313, 5.528549497509309314E-15, 65.07008993148104992 ) ) ;
#1063 = CARTESIAN_POINT ( 'NONE',  ( -5.015359605249032349, -2.000000000000000000, -68.32383553124179798 ) ) ;
#1064 = LINE ( 'NONE', #1557, #2299 ) ;
#1065 = CARTESIAN_POINT ( 'NONE',  ( 9.765154267687883305, -0.7999999999999914957, 58.80285210129367357 ) ) ;
#1066 = CARTESIAN_POINT ( 'NONE',  ( -7.177219486688909633, -3.599999999999996536, 65.35163367657465017 ) ) ;
#1067 = CARTESIAN_POINT ( 'NONE',  ( 7.599479047338859594, -0.8000000000000001554, 63.96850486726629725 ) ) ;
#1068 = EDGE_LOOP ( 'NONE', ( #1804, #4203, #4526, #4803, #4901 ) ) ;
#1069 = AXIS2_PLACEMENT_3D ( 'NONE', #3809, #291, #324 ) ;
#1070 = CARTESIAN_POINT ( 'NONE',  ( -10.44871950499569380, 5.938697526618613692E-15, 61.45793278743041554 ) ) ;
#1071 = ORIENTED_EDGE ( 'NONE', *, *, #6411, .T. ) ;
#1072 = LINE ( 'NONE', #2165, #1700 ) ;
#1073 = CARTESIAN_POINT ( 'NONE',  ( -10.67754494190401360, -3.599999999999999201, -64.22152092127430478 ) ) ;
#1074 = CARTESIAN_POINT ( 'NONE',  ( -12.03912977495820691, -1.999999999999999112, 60.33183078387104104 ) ) ;
#1075 = CARTESIAN_POINT ( 'NONE',  ( 14.72108565066304031, -0.7999999999999974909, 38.03797289016203109 ) ) ;
#1076 = CARTESIAN_POINT ( 'NONE',  ( 3.943771363211876958E-07, -3.000000000000010658, 66.87631535813137873 ) ) ;
#1077 = CARTESIAN_POINT ( 'NONE',  ( -14.25575799097778784, -3.600000000000000089, 29.65011359384845591 ) ) ;
#1078 = AXIS2_PLACEMENT_3D ( 'NONE', #3106, #1798, #5431 ) ;
#1079 = LINE ( 'NONE', #452, #3774 ) ;
#1080 = CARTESIAN_POINT ( 'NONE',  ( 2.000000000000000444, -0.5999999999999894307, -70.00000000000000000 ) ) ;
#1081 = CARTESIAN_POINT ( 'NONE',  ( 5.093779679089580625, 5.448954810760149764E-15, 66.63316077485671940 ) ) ;
#1082 = ORIENTED_EDGE ( 'NONE', *, *, #977, .T. ) ;
#1083 = DIRECTION ( 'NONE',  ( -0.000000000000000000, 1.000000000000000000, -0.000000000000000000 ) ) ;
#1084 = AXIS2_PLACEMENT_3D ( 'NONE', #4965, #1689, #3479 ) ;
#1085 = CARTESIAN_POINT ( 'NONE',  ( 17.26146184466543332, -3.600000000000001421, -44.70559601725021537 ) ) ;
#1086 = CARTESIAN_POINT ( 'NONE',  ( 6.462984221117341832, -3.600300000945172219, -48.18897252795810004 ) ) ;
#1087 = CARTESIAN_POINT ( 'NONE',  ( 12.33703577386310535, -3.000000000000010658, -63.72380043343677158 ) ) ;
#1088 = CIRCLE ( 'NONE', #101, 2.600000000000001421 ) ;
#1089 = CARTESIAN_POINT ( 'NONE',  ( -2.000000000000005329, -0.5999999999999894307, -52.00000000000000711 ) ) ;
#1090 = CARTESIAN_POINT ( 'NONE',  ( 2.910381519939054140, -0.8000000000000000444, 66.00633334688022558 ) ) ;
#1091 = VECTOR ( 'NONE', #3511, 1000.000000000000000 ) ;
#1092 = ORIENTED_EDGE ( 'NONE', *, *, #4943, .F. ) ;
#1093 = CARTESIAN_POINT ( 'NONE',  ( 17.85576521892971158, -2.000000000000000000, -43.79026923235565505 ) ) ;
#1094 = CARTESIAN_POINT ( 'NONE',  ( 9.740085098305158340, -3.000000000000010214, -65.47357485342242001 ) ) ;
#1095 = CARTESIAN_POINT ( 'NONE',  ( -12.40922278784811716, -0.03847628332165522330, 57.50597825644702255 ) ) ;
#1096 = ADVANCED_FACE ( 'NONE', ( #6418 ), #2834, .F. ) ;
#1097 = CIRCLE ( 'NONE', #3408, 2.149999999999999023 ) ;
#1098 = TOROIDAL_SURFACE ( 'NONE', #3052, 4.378679656440377599, 1.500000000000000000 ) ;
#1099 = CARTESIAN_POINT ( 'NONE',  ( 17.27303292308910088, -3.599999999999999645, 14.55072001004302606 ) ) ;
#1100 = ORIENTED_EDGE ( 'NONE', *, *, #957, .T. ) ;
#1101 = CARTESIAN_POINT ( 'NONE',  ( -17.29106180859203334, -3.599999999999999645, -48.08315343327258518 ) ) ;
#1102 = CARTESIAN_POINT ( 'NONE',  ( -17.25576521708552136, -3.600000000000000089, -43.79026950574748156 ) ) ;
#1103 = DIRECTION ( 'NONE',  ( -0.000000000000000000, -0.000000000000000000, -1.000000000000000000 ) ) ;
#1104 = CARTESIAN_POINT ( 'NONE',  ( -14.09388471621180017, 5.411810367800276952E-15, 52.70396177936525817 ) ) ;
#1105 = CARTESIAN_POINT ( 'NONE',  ( -1.919649953674438914, -3.599999999999998312, -66.66223403328700670 ) ) ;
#1106 = DIRECTION ( 'NONE',  ( -0.000000000000000000, 1.000000000000000000, -0.000000000000000000 ) ) ;
#1107 = CARTESIAN_POINT ( 'NONE',  ( 6.775176324549210705, -0.7999999999999882760, 63.27338998427038774 ) ) ;
#1108 = CARTESIAN_POINT ( 'NONE',  ( 15.68459575556510188, -3.599999999999999645, 47.83540218882885853 ) ) ;
#1109 = CARTESIAN_POINT ( 'NONE',  ( 6.694312056051931137, -0.7999999999999994893, 64.81851277674945777 ) ) ;
#1110 = ORIENTED_EDGE ( 'NONE', *, *, #641, .F. ) ;
#1111 = CARTESIAN_POINT ( 'NONE',  ( -10.77089320797903937, 5.323426719341870312E-15, 60.90274019905397296 ) ) ;
#1112 = DIRECTION ( 'NONE',  ( -0.000000000000000000, -1.000000000000000000, -0.000000000000000000 ) ) ;
#1113 = CARTESIAN_POINT ( 'NONE',  ( -10.41639124818959239, -3.599999999999998312, -64.38624322596503191 ) ) ;
#1114 = CARTESIAN_POINT ( 'NONE',  ( 0.7235122501541945139, -3.600000000000000533, -66.65786826263618536 ) ) ;
#1115 = CARTESIAN_POINT ( 'NONE',  ( 13.55403747975888251, -0.8000000000000024869, 46.99146526308558691 ) ) ;
#1116 = CARTESIAN_POINT ( 'NONE',  ( -17.61944651220977320, -2.000000000000000000, 39.80512344267199865 ) ) ;
#1117 = EDGE_CURVE ( 'NONE', #6050, #4194, #5275, .T. ) ;
#1118 = CARTESIAN_POINT ( 'NONE',  ( 3.983135078219444569, -0.5998499356886777267, 65.92344382428369443 ) ) ;
#1119 = CARTESIAN_POINT ( 'NONE',  ( 16.60304922165046548, 5.865792568019911538E-15, 37.85210928084946147 ) ) ;
#1120 = CARTESIAN_POINT ( 'NONE',  ( 5.929725564247126712, 5.689417938115001523E-15, 66.29241665517511706 ) ) ;
#1121 = CARTESIAN_POINT ( 'NONE',  ( 17.26204391393746462, -3.600000000000000089, -50.31560584463606034 ) ) ;
#1122 = ORIENTED_EDGE ( 'NONE', *, *, #1492, .T. ) ;
#1123 = CARTESIAN_POINT ( 'NONE',  ( 17.28987389298628941, -3.600000000000001421, -48.36671544311395365 ) ) ;
#1124 = CARTESIAN_POINT ( 'NONE',  ( 17.99318003377439368, 0.000000000000000000, 42.64261070176490165 ) ) ;
#1125 = DIRECTION ( 'NONE',  ( 0.000000000000000000, 1.000000000000000000, 0.000000000000000000 ) ) ;
#1126 = CARTESIAN_POINT ( 'NONE',  ( -5.041041522454002610, -1.779949199898000378, -26.79298605861921700 ) ) ;
#1127 = CARTESIAN_POINT ( 'NONE',  ( -5.015359605249032349, -2.000000000000000000, -68.32383553124179798 ) ) ;
#1128 = CARTESIAN_POINT ( 'NONE',  ( 17.61942214598124679, -2.000000000000000444, 39.80534310075264415 ) ) ;
#1129 = VERTEX_POINT ( 'NONE', #4549 ) ;
#1130 = EDGE_CURVE ( 'NONE', #4220, #7040, #2534, .T. ) ;
#1131 = CARTESIAN_POINT ( 'NONE',  ( 10.79694383390263113, -3.600000000000000977, 61.12701514640217937 ) ) ;
#1132 = CARTESIAN_POINT ( 'NONE',  ( -8.910152081770482013, -0.8000000000000000444, 62.35552901362219558 ) ) ;
#1133 = CARTESIAN_POINT ( 'NONE',  ( 6.661793491493991581, -3.599999999999999645, 65.68651001018449165 ) ) ;
#1134 = CARTESIAN_POINT ( 'NONE',  ( -14.25575799097778784, -1.499999999999999556, 29.15011359384848433 ) ) ;
#1135 = ORIENTED_EDGE ( 'NONE', *, *, #2486, .T. ) ;
#1136 = CARTESIAN_POINT ( 'NONE',  ( -17.29210531560753239, -3.600000000000000089, -47.06091862901748613 ) ) ;
#1137 = CARTESIAN_POINT ( 'NONE',  ( -11.29104107040683758, -3.600000000000000089, -58.94298617816860286 ) ) ;
#1138 = DIRECTION ( 'NONE',  ( 0.000000000000000000, -1.000000000000000000, 0.000000000000000000 ) ) ;
#1139 = CARTESIAN_POINT ( 'NONE',  ( -10.82315643578693098, 5.621355446065787695E-15, 60.80970523941697792 ) ) ;
#1140 = CARTESIAN_POINT ( 'NONE',  ( -14.60464456536184308, -3.600000000000000977, 52.13479670316428383 ) ) ;
#1141 = CARTESIAN_POINT ( 'NONE',  ( -0.7467041388228443655, -3.599999999999999201, -66.65805286115015349 ) ) ;
#1142 = CARTESIAN_POINT ( 'NONE',  ( 7.557177193302073270, -0.7999999999996900701, 64.01391334523573562 ) ) ;
#1143 = CARTESIAN_POINT ( 'NONE',  ( 16.00158431432582162, -3.600000000000001421, 46.25107242821720632 ) ) ;
#1144 = CARTESIAN_POINT ( 'NONE',  ( -16.76152241072167115, -0.03847763108503175766, 32.00041106728425433 ) ) ;
#1145 = ADVANCED_FACE ( 'NONE', ( #7511 ), #4713, .T. ) ;
#1146 = CARTESIAN_POINT ( 'NONE',  ( 6.368361640326285489, -0.8000000000000000444, 65.07009656865207603 ) ) ;
#1147 = EDGE_LOOP ( 'NONE', ( #6210, #1587, #3170, #1817 ) ) ;
#1148 = CARTESIAN_POINT ( 'NONE',  ( -5.231203141824770420, 6.048919663868732193E-15, 66.58891224256805685 ) ) ;
#1149 = DIRECTION ( 'NONE',  ( -0.9999999999999996669, 1.130782514857741427E-30, -2.490616653888567452E-08 ) ) ;
#1150 = CARTESIAN_POINT ( 'NONE',  ( -9.888532506660563826, -3.599999999999999645, -64.70603795998128760 ) ) ;
#1151 = DIRECTION ( 'NONE',  ( 0.000000000000000000, 1.000000000000000000, 0.000000000000000000 ) ) ;
#1152 = CARTESIAN_POINT ( 'NONE',  ( -17.07045535278325943, -3.599999999999997868, -53.53224029315482824 ) ) ;
#1153 = CARTESIAN_POINT ( 'NONE',  ( -7.533123011820720194, -3.000000000000010658, 65.83467889267632245 ) ) ;
#1154 = CARTESIAN_POINT ( 'NONE',  ( 11.56083821382236287, 5.747762242072165361E-15, 59.40021354111465257 ) ) ;
#1155 = CARTESIAN_POINT ( 'NONE',  ( 6.197292725042367501, 5.808333363858300980E-15, 66.14380750135759968 ) ) ;
#1156 = CARTESIAN_POINT ( 'NONE',  ( 17.18075477663094119, -3.600000000000000089, -52.59428985634380638 ) ) ;
#1157 = CARTESIAN_POINT ( 'NONE',  ( -17.11451684466705103, 0.000000000000000000, 47.87040893542223330 ) ) ;
#1158 = CARTESIAN_POINT ( 'NONE',  ( -2.000000000000005329, -2.000000000000000000, -52.00000000000000711 ) ) ;
#1159 = CARTESIAN_POINT ( 'NONE',  ( 8.483631721531461167, -2.000000000000000444, 65.13435232038442280 ) ) ;
#1160 = CARTESIAN_POINT ( 'NONE',  ( -17.11451684466705103, -2.000000000000000000, 47.87040893542223330 ) ) ;
#1161 = EDGE_CURVE ( 'NONE', #7168, #565, #4358, .T. ) ;
#1162 = ORIENTED_EDGE ( 'NONE', *, *, #1454, .F. ) ;
#1163 = CARTESIAN_POINT ( 'NONE',  ( 11.37396206790191044, 5.527940351777081541E-15, 59.77983164171178032 ) ) ;
#1164 = DIRECTION ( 'NONE',  ( 0.000000000000000000, 0.000000000000000000, 1.000000000000000000 ) ) ;
#1165 = CARTESIAN_POINT ( 'NONE',  ( -12.70503111479230185, -0.8000000000000000444, 54.46125527673328293 ) ) ;
#1166 = CARTESIAN_POINT ( 'NONE',  ( 10.84164922466685965, -3.000000000000011102, -64.82753082021854141 ) ) ;
#1167 = CARTESIAN_POINT ( 'NONE',  ( 15.86799050842518177, -2.000000000000000000, 53.04137605220822849 ) ) ;
#1168 = CARTESIAN_POINT ( 'NONE',  ( -14.95592292622814590, -3.599999999999999201, 50.87876432160836515 ) ) ;
#1169 = CARTESIAN_POINT ( 'NONE',  ( 17.27356218426048073, -3.600000000000000533, 14.65159884192599371 ) ) ;
#1170 = B_SPLINE_CURVE_WITH_KNOTS ( 'NONE', 3,
 ( #4594, #2297, #6910, #4556, #5855, #624, #1733, #1697, #7441 ),
 .UNSPECIFIED., .F., .F.,
 ( 4, 1, 1, 1, 1, 1, 4 ),
 ( 4.662898613811133801E-06, 0.06250437146745045636, 0.1250040800362871019, 0.2500034971739603651, 0.5000023314493069471, 0.7500011657246534735, 1.000000000000000000 ),
 .UNSPECIFIED. ) ;
#1171 = CARTESIAN_POINT ( 'NONE',  ( -6.211869585768400093, -0.8000000000000060396, 63.81674007746165955 ) ) ;
#1172 = ADVANCED_FACE ( 'NONE', ( #71 ), #2401, .T. ) ;
#1173 = ORIENTED_EDGE ( 'NONE', *, *, #6790, .T. ) ;
#1174 = CARTESIAN_POINT ( 'NONE',  ( -17.28668464983551445, -3.600000000000000533, -46.42760171472991004 ) ) ;
#1175 = B_SPLINE_CURVE_WITH_KNOTS ( 'NONE', 3,
 ( #2043, #6245, #4975, #1543, #257, #6692, #1472, #1021, #3804, #5487, #2578, #4905, #6129, #5548, #7227, #5624, #393, #1099, #7406, #3421, #6389, #1169, #505, #1701, #583, #3456, #432, #3489, #5782, #2764, #5702, #2846, #4597, #6838, #2929, #5249, #7479, #2258, #4030, #6355, #7, #2336, #6985, #2188, #542, #790, #7186, #6586, #4706, #3121, #211, #4296, #3001, #7105, #2532, #3529, #5857, #5329, #666, #5293, #1813, #42, #131, #1244, #3600, #628, #4782, #5893, #84, #3643, #2414, #4748, #7066, #5930, #707, #4180, #752, #3080, #2494, #248, #4933, #4365, #6122, #6160, #3725, #1393, #7356, #3264, #899, #2632, #356, #2678, #974, #6048, #826, #159, #3967, #242, #3465, #1253, #597, #2270, #5792, #6366, #7036, #4154, #5867, #553, #2233, #5830, #5140, #7540, #6329, #5303, #2309, #4076, #6399, #2900, #2940, #54, #1673, #4569, #3539, #2384, #4719, #1181, #2975, #4644, #5219, #7455, #6961, #6478, #6885, #6922, #1747, #1143, #5714, #477, #637, #3501, #4006, #1108, #1710, #4043, #5261, #2817, #18, #3432, #5755, #514, #2348, #2858, #6997, #5177, #1780, #4113, #7492, #5945, #7116, #1858, #2428, #678, #4758, #6555, #7076, #4227, #1897, #1327, #3014, #5342, #3575, #100, #3056, #4190, #6517, #1288, #141, #5904, #3613, #2467, #719, #5378, #4794, #3561, #5288, #5163, #5203, #1131, #4096, #6351, #4703, #1240, #5813, #2, #5777, #1202, #663, #578, #6908, #538, #3597, #80, #6504, #5890, #2885, #2997, #5325, #1276, #4629, #3525, #1846, #2409, #7475, #6944, #2296, #4593, #7522, #6467, #2331, #1731, #1809, #7063, #1766, #4744 ),
 .UNSPECIFIED., .F., .F.,
 ( 4, 1, 1, 1, 1, 1, 1, 1, 2, 2, 1, 1, 1, 1, 1, 1, 2, 2, 1, 1, 1, 1, 1, 1, 2, 2, 1, 1, 1, 1, 2, 2, 1, 1, 1, 1, 1, 1, 1, 2, 2, 1, 1, 1, 1, 2, 2, 1, 1, 1, 1, 2, 2, 1, 1, 1, 1, 1, 1, 2, 2, 1, 1, 1, 1, 2, 2, 1, 1, 1, 1, 1, 2, 2, 1, 1, 1, 1, 2, 2, 1, 1, 1, 2, 2, 1, 1, 2, 2, 1, 1, 2, 2, 1, 1, 1, 1, 2, 2, 1, 1, 1, 1, 1, 2, 2, 1, 1, 2, 2, 1, 1, 1, 2, 2, 1, 1, 1, 1, 1, 2, 2, 1, 1, 1, 1, 1, 2, 2, 1, 1, 1, 2, 2, 1, 1, 1, 1, 2, 2, 1, 1, 1, 1, 2, 2, 1, 1, 1, 1, 2, 2, 1, 1, 1, 2, 2, 1, 1, 1, 2, 2, 1, 1, 1, 2, 2, 4 ),
 ( 0.000000000000000000, 0.01562500000003716472, 0.02343750000005574707, 0.02734375000006503825, 0.02929687500006968384, 0.03027343750007200490, 0.03076171875007320880, 0.03100585937507385412, 0.03112792968757413167, 0.03125000000007441270, 0.04687500000009951762, 0.05468750000011202844, 0.05859375000011828039, 0.06054687500012137513, 0.06152343750012292251, 0.06201171875012367191, 0.06225585937512403967, 0.06250000000012441437, 0.07812500000014943602, 0.08593750000016193991, 0.08984375000016808777, 0.09179687500017127966, 0.09277343750017276458, 0.09326171875017350010, 0.09350585937517398583, 0.09375000000017447155, 0.1093750000002029488, 0.1171875000002171874, 0.1210937500002242095, 0.1230468750002276235, 0.1240234375002293443, 0.1250000000002310374, 0.1875000000003388123, 0.2187500000003926859, 0.2343750000004195255, 0.2421875000004328482, 0.2460937500004395095, 0.2480468750004428680, 0.2490234375004444223, 0.2495117187504452272, 0.2500000000004460321, 0.2578125000004590772, 0.2617187500004655720, 0.2636718750004688472, 0.2646484375004705680, 0.2651367187504714007, 0.2656250000004721779, 0.2734375000004862222, 0.2773437500004933831, 0.2792968750004968803, 0.2802734375004986567, 0.2807617187504994338, 0.2812500000005002110, 0.2968750000005224710, 0.3046875000005336287, 0.3085937500005391243, 0.3105468750005418443, 0.3115234375005433431, 0.3120117187505439538, 0.3122558593755442868, 0.3125000000005445644, 0.3203125000005516698, 0.3242187500005551115, 0.3261718750005568324, 0.3271484375005576095, 0.3276367187505579426, 0.3281250000005582201, 0.3359375000005637713, 0.3398437500005665468, 0.3417968750005678791, 0.3427734375005684897, 0.3432617187505687673, 0.3435058593755688228, 0.3437500000005688228, 0.3515625000005692113, 0.3554687500005693224, 0.3574218750005694889, 0.3583984375005693779, 0.3588867187505691003, 0.3593750000005687673, 0.3671875000005649370, 0.3710937500005628831, 0.3730468750005617729, 0.3740234375005612733, 0.3750000000005607736, 0.3906250000005486722, 0.3984375000005426770, 0.4023437500005399015, 0.4062500000005370704, 0.4218750000005264678, 0.4296875000005211942, 0.4335937500005184186, 0.4375000000005155876, 0.4687500000004943823, 0.4843750000004839462, 0.4921875000004789502, 0.4960937500004764522, 0.4980468750004751755, 0.5000000000004739542, 0.5625000000004377609, 0.5937500000004195533, 0.6093750000004105605, 0.6171875000004058975, 0.6210937500004034550, 0.6230468750004023448, 0.6250000000004012346, 0.6406250000003894662, 0.6484375000003834710, 0.6523437500003808065, 0.6562500000003780309, 0.6718750000003660405, 0.6796875000003599343, 0.6835937500003566036, 0.6855468750003549383, 0.6875000000003532730, 0.7187500000003288481, 0.7343750000003167466, 0.7421875000003107514, 0.7460937500003074208, 0.7480468750003059775, 0.7490234375003050893, 0.7500000000003042011, 0.7812500000002703393, 0.7968750000002533529, 0.8046875000002446932, 0.8085937500002402523, 0.8105468750002379208, 0.8115234375002366995, 0.8125000000002354783, 0.8281250000002172706, 0.8359375000002082778, 0.8398437500002038369, 0.8417968750002015055, 0.8437500000001990630, 0.8593750000001781908, 0.8671875000001677547, 0.8710937500001624256, 0.8730468750001596501, 0.8740234375001580958, 0.8750000000001565414, 0.8906250000001332268, 0.8984375000001216804, 0.9023437500001159073, 0.9042968750001131317, 0.9052734375001117995, 0.9062500000001103562, 0.9218750000000910383, 0.9296875000000814904, 0.9335937500000769385, 0.9355468750000750511, 0.9365234375000740519, 0.9375000000000730527, 0.9453125000000645040, 0.9492187500000599520, 0.9511718750000576206, 0.9521484375000563993, 0.9531250000000551781, 0.9609375000000466294, 0.9648437500000420775, 0.9667968750000397460, 0.9677734375000386358, 0.9687500000000374145, 0.9765625000000284217, 0.9804687500000242029, 0.9824218750000222045, 0.9833984375000213163, 0.9843750000000204281, 1.000000000000000000 ),
 .UNSPECIFIED. ) ;
#1176 = LINE ( 'NONE', #1705, #814 ) ;
#1177 = CARTESIAN_POINT ( 'NONE',  ( 3.977214063047713299, -0.8000000000000002665, 64.92309559406801611 ) ) ;
#1178 = CARTESIAN_POINT ( 'NONE',  ( -15.52670722710075601, 5.437945106132154273E-15, 46.57576770493161433 ) ) ;
#1179 = DIRECTION ( 'NONE',  ( 0.000000000000000000, 0.000000000000000000, -1.000000000000000000 ) ) ;
#1180 = CARTESIAN_POINT ( 'NONE',  ( 11.41402924927778884, -0.03847975325448637490, 59.61623450131836677 ) ) ;
#1181 = CARTESIAN_POINT ( 'NONE',  ( 16.96665012926584026, -3.600000000000000533, 39.17602986446780733 ) ) ;
#1182 = CARTESIAN_POINT ( 'NONE',  ( -13.83347094776542896, -0.03847734115097059537, 53.52232972800817379 ) ) ;
#1183 = CARTESIAN_POINT ( 'NONE',  ( 8.784291370196166682, -0.8000000000000000444, 62.53021943963811680 ) ) ;
#1184 = ORIENTED_EDGE ( 'NONE', *, *, #2762, .T. ) ;
#1185 = CARTESIAN_POINT ( 'NONE',  ( -6.921981405628893746, 5.696226937243225803E-15, 65.65893866768048781 ) ) ;
#1186 = CARTESIAN_POINT ( 'NONE',  ( 5.176451567022798628, 5.692064667796558837E-15, 66.60703814736373829 ) ) ;
#1187 = CARTESIAN_POINT ( 'NONE',  ( -10.35549206317237392, -3.000000000000010214, -65.12777006183888773 ) ) ;
#1188 = CARTESIAN_POINT ( 'NONE',  ( -16.62727385985597195, -3.000000000000010658, 46.82082628350249820 ) ) ;
#1189 = CARTESIAN_POINT ( 'NONE',  ( -15.27614793729699372, -3.599999999999999645, -58.92705416967435639 ) ) ;
#1190 = DIRECTION ( 'NONE',  ( -0.9886829206582451457, 0.000000000000000000, -0.1500202732922527038 ) ) ;
#1191 = EDGE_CURVE ( 'NONE', #5821, #872, #6002, .T. ) ;
#1192 = CARTESIAN_POINT ( 'NONE',  ( -18.60000000000000142, 0.000000000000000000, -52.00000000000000711 ) ) ;
#1193 = CARTESIAN_POINT ( 'NONE',  ( 6.353283034516989503, 5.832306515185698784E-15, 66.04896756491706356 ) ) ;
#1194 = CARTESIAN_POINT ( 'NONE',  ( -4.540141223211342059, -3.600000000000000977, 66.26982350986881443 ) ) ;
#1195 = DIRECTION ( 'NONE',  ( 0.000000000000000000, 0.000000000000000000, -1.000000000000000000 ) ) ;
#1196 = VECTOR ( 'NONE', #6982, 1000.000000000000000 ) ;
#1197 = FACE_OUTER_BOUND ( 'NONE', #3103, .T. ) ;
#1198 = CARTESIAN_POINT ( 'NONE',  ( -1.691041974500922196, 42.96802058166520766, -22.64298593906962154 ) ) ;
#1199 = CARTESIAN_POINT ( 'NONE',  ( -4.144953432736039112, -3.600000000000000089, 66.27609619781873107 ) ) ;
#1200 = EDGE_LOOP ( 'NONE', ( #132, #6034, #4061, #6721 ) ) ;
#1201 = CARTESIAN_POINT ( 'NONE',  ( 9.237802711311864812, 5.662181621729305123E-15, 63.26258109328851731 ) ) ;
#1202 = CARTESIAN_POINT ( 'NONE',  ( 9.803305219451713626, -3.600000000000000089, 62.60756424069090542 ) ) ;
#1203 = CARTESIAN_POINT ( 'NONE',  ( 11.38115156510697723, -3.000000000000011546, -64.47997369445194238 ) ) ;
#1204 = ADVANCED_FACE ( 'NONE', ( #616 ), #2280, .F. ) ;
#1205 = VECTOR ( 'NONE', #6283, 1000.000000000000000 ) ;
#1206 = CARTESIAN_POINT ( 'NONE',  ( -5.317318389317118310, -0.03847762864399465604, 66.51788464974127635 ) ) ;
#1207 = ORIENTED_EDGE ( 'NONE', *, *, #5228, .F. ) ;
#1208 = CARTESIAN_POINT ( 'NONE',  ( 16.62724170551483382, -3.000000000000010658, 46.82098848188196172 ) ) ;
#1209 = ORIENTED_EDGE ( 'NONE', *, *, #2438, .F. ) ;
#1210 = CARTESIAN_POINT ( 'NONE',  ( -17.27583827576545517, -3.600000000000000089, -49.49380457778983811 ) ) ;
#1211 = CARTESIAN_POINT ( 'NONE',  ( 10.96539207083793599, -3.600000000000000089, -64.03653731258586390 ) ) ;
#1212 = CARTESIAN_POINT ( 'NONE',  ( -17.85584412249277619, -2.000000000000000000, -44.73264089772429486 ) ) ;
#1213 = AXIS2_PLACEMENT_3D ( 'NONE', #2856, #5865, #3572 ) ;
#1214 = AXIS2_PLACEMENT_3D ( 'NONE', #4292, #6541, #2489 ) ;
#1215 = CARTESIAN_POINT ( 'NONE',  ( -16.10935986656251373, 5.582437286647130273E-15, 42.84705757193893305 ) ) ;
#1216 = CARTESIAN_POINT ( 'NONE',  ( 11.83835176121633026, -3.599999999999999645, 59.28000333452052217 ) ) ;
#1217 = CARTESIAN_POINT ( 'NONE',  ( 10.55533453998273430, -0.7999999999987514876, 59.63174635697980364 ) ) ;
#1218 = CARTESIAN_POINT ( 'NONE',  ( 6.060682305234349698, -0.8000000000000003775, 65.28563183987083107 ) ) ;
#1219 = CONICAL_SURFACE ( 'NONE', #3527, 2.149999999999999023, 0.7853981633974548293 ) ;
#1220 = CARTESIAN_POINT ( 'NONE',  ( -5.058597708750506072, 5.770323646564002327E-15, 66.64366988115584434 ) ) ;
#1221 = EDGE_LOOP ( 'NONE', ( #7244, #864, #3843, #7020 ) ) ;
#1222 = CARTESIAN_POINT ( 'NONE',  ( 4.671826738454222472, 5.691524206455404854E-15, 66.73644934090683023 ) ) ;
#1223 = CARTESIAN_POINT ( 'NONE',  ( -9.158842914753741127, -3.000000000000009770, -65.76341342278151103 ) ) ;
#1224 = CARTESIAN_POINT ( 'NONE',  ( -17.90562093160186308, -1.999999999999999112, 24.29012115732118104 ) ) ;
#1225 = CARTESIAN_POINT ( 'NONE',  ( -17.82769772280208898, -3.000000000000011990, -51.86183351753302873 ) ) ;
#1226 = EDGE_CURVE ( 'NONE', #1675, #7407, #3251, .T. ) ;
#1227 = CARTESIAN_POINT ( 'NONE',  ( 16.80011815326074753, 5.914441706219046091E-15, 32.83802174602494972 ) ) ;
#1228 = CARTESIAN_POINT ( 'NONE',  ( 5.141155013499287385, 5.613504664288781302E-15, 66.61845459356520394 ) ) ;
#1229 = EDGE_LOOP ( 'NONE', ( #984, #3493, #2768, #6403 ) ) ;
#1230 = ORIENTED_EDGE ( 'NONE', *, *, #3660, .F. ) ;
#1231 = CARTESIAN_POINT ( 'NONE',  ( -4.463401959412647280, -3.599999999999999645, 66.27210235863448418 ) ) ;
#1232 = CARTESIAN_POINT ( 'NONE',  ( -17.29148495869507585, -3.600000000000000977, 18.44943646949214155 ) ) ;
#1233 = EDGE_CURVE ( 'NONE', #4681, #4157, #2097, .T. ) ;
#1234 = CARTESIAN_POINT ( 'NONE',  ( -17.46326983916560494, -2.000000000000000000, -55.03826404297318220 ) ) ;
#1235 = CARTESIAN_POINT ( 'NONE',  ( 7.533123011813358971, -3.000000000000010658, 65.83467889268183626 ) ) ;
#1236 = CARTESIAN_POINT ( 'NONE',  ( 12.90306302442688491, -3.599999999999999645, -62.27727567199039527 ) ) ;
#1237 = EDGE_CURVE ( 'NONE', #5071, #3616, #955, .T. ) ;
#1238 = ORIENTED_EDGE ( 'NONE', *, *, #4710, .F. ) ;
#1239 = CARTESIAN_POINT ( 'NONE',  ( 15.02638960545241886, 5.603618281458966338E-15, 49.04206311117491879 ) ) ;
#1240 = CARTESIAN_POINT ( 'NONE',  ( 10.67374023717763976, -3.600000000000000089, 61.32481530557778626 ) ) ;
#1241 = CARTESIAN_POINT ( 'NONE',  ( 17.29848878911445453, -3.600000000000000977, 20.56535928838627925 ) ) ;
#1242 = CARTESIAN_POINT ( 'NONE',  ( 6.248907052161337461, -3.599999999999999645, 65.89222929807648654 ) ) ;
#1243 = CARTESIAN_POINT ( 'NONE',  ( -12.28583965326347283, -3.600000000000000977, 58.35389745963728103 ) ) ;
#1244 = CARTESIAN_POINT ( 'NONE',  ( 17.29958611617458430, -3.600000000000000977, 26.99975569589855695 ) ) ;
#1245 = CARTESIAN_POINT ( 'NONE',  ( -7.154661272407571104, -0.03847792383647391512, 65.42708003498825065 ) ) ;
#1246 = ORIENTED_EDGE ( 'NONE', *, *, #5521, .F. ) ;
#1247 = ORIENTED_EDGE ( 'NONE', *, *, #5615, .F. ) ;
#1248 = CARTESIAN_POINT ( 'NONE',  ( -17.27965276132284700, -3.600000000000000977, -49.22609678710151115 ) ) ;
#1249 = CARTESIAN_POINT ( 'NONE',  ( -10.92626384388506899, 5.928736959160219632E-15, 60.62317426462311687 ) ) ;
#1250 = CARTESIAN_POINT ( 'NONE',  ( 9.830512480625110072, -3.600000000000001421, 62.57388330617208538 ) ) ;
#1251 = CARTESIAN_POINT ( 'NONE',  ( 4.983749382136628547, -0.7999999999999640732, 65.82791640242946585 ) ) ;
#1252 = VECTOR ( 'NONE', #6167, 1000.000000000000000 ) ;
#1253 = CARTESIAN_POINT ( 'NONE',  ( 17.29824382982790709, -3.600000000000000977, 31.46215370725503746 ) ) ;
#1254 = CARTESIAN_POINT ( 'NONE',  ( -12.49634855008134693, -0.7999999999999940492, 51.52540133461422300 ) ) ;
#1255 = CARTESIAN_POINT ( 'NONE',  ( 4.630434264859901283, -0.7999999999999999334, 65.92858404903434177 ) ) ;
#1256 = CARTESIAN_POINT ( 'NONE',  ( -5.275844392342809108, 5.761480964939185646E-15, 66.57346851821246503 ) ) ;
#1257 = ORIENTED_EDGE ( 'NONE', *, *, #5046, .F. ) ;
#1258 = CARTESIAN_POINT ( 'NONE',  ( 4.008005013661691152, 5.350051651918910395E-15, 66.79987190918406270 ) ) ;
#1259 = CARTESIAN_POINT ( 'NONE',  ( -10.57446424572744625, -3.000000000000010658, -64.99465872898036878 ) ) ;
#1260 = CARTESIAN_POINT ( 'NONE',  ( -11.23945111244694317, -3.600000000000000089, -63.83783167068733633 ) ) ;
#1261 = CARTESIAN_POINT ( 'NONE',  ( -17.32534384538230299, -3.000000000000010658, 41.55072254004794274 ) ) ;
#1262 = CARTESIAN_POINT ( 'NONE',  ( 4.008005013661691152, 5.350051651918910395E-15, 66.79987190918406270 ) ) ;
#1263 = ORIENTED_EDGE ( 'NONE', *, *, #1504, .F. ) ;
#1264 = EDGE_CURVE ( 'NONE', #5251, #4882, #813, .T. ) ;
#1265 = ORIENTED_EDGE ( 'NONE', *, *, #2911, .F. ) ;
#1266 = CARTESIAN_POINT ( 'NONE',  ( -5.672346040080236129, -3.599999999999996536, 66.09908774045707958 ) ) ;
#1267 = CARTESIAN_POINT ( 'NONE',  ( -17.26442199994883353, -3.600000000000000533, 12.90279518221965382 ) ) ;
#1268 = B_SPLINE_CURVE_WITH_KNOTS ( 'NONE', 1,
 ( #926, #4465 ),
 .UNSPECIFIED., .F., .F.,
 ( 2, 2 ),
 ( 0.9519029605933273519, 1.000000000000000000 ),
 .UNSPECIFIED. ) ;
#1269 = CARTESIAN_POINT ( 'NONE',  ( -14.13506384016555018, 0.000000000000000000, 58.07338505695769015 ) ) ;
#1270 = CARTESIAN_POINT ( 'NONE',  ( -17.85576521892979684, -2.000000000000000000, -43.79026923239790392 ) ) ;
#1271 = CARTESIAN_POINT ( 'NONE',  ( 14.82830044062357899, -0.03847822962292286181, 49.75951318914878385 ) ) ;
#1272 = DIRECTION ( 'NONE',  ( -0.000000000000000000, -0.000000000000000000, 1.000000000000000000 ) ) ;
#1273 = ORIENTED_EDGE ( 'NONE', *, *, #3150, .F. ) ;
#1274 = CARTESIAN_POINT ( 'NONE',  ( 7.533123011813358971, -2.000000000000000000, 65.83467889268183626 ) ) ;
#1275 = CARTESIAN_POINT ( 'NONE',  ( 7.912984221117348227, -1.779949199898000378, -20.18897252795810004 ) ) ;
#1276 = CARTESIAN_POINT ( 'NONE',  ( 9.002449830087693172, -3.600000000000000533, 63.62190801973802223 ) ) ;
#1277 = CARTESIAN_POINT ( 'NONE',  ( -15.94039821288741443, -0.7999999999999997113, 35.31691174030643054 ) ) ;
#1278 = CARTESIAN_POINT ( 'NONE',  ( 3.931468006127579073, -3.600000000000000089, 66.27632931203693545 ) ) ;
#1279 = CARTESIAN_POINT ( 'NONE',  ( -16.93079235757197054, -3.600000000000000533, 39.57144608625484494 ) ) ;
#1280 = CARTESIAN_POINT ( 'NONE',  ( -6.673315502591142589, -0.8000000000005329515, 64.83690721693652392 ) ) ;
#1281 = EDGE_LOOP ( 'NONE', ( #133, #968, #837, #6841 ) ) ;
#1282 = DIRECTION ( 'NONE',  ( 0.000000000000000000, -1.000000000000000000, 0.000000000000000000 ) ) ;
#1283 = CARTESIAN_POINT ( 'NONE',  ( -4.957699074332114542, -0.8000000000000000444, 65.83687924205135289 ) ) ;
#1284 = FACE_OUTER_BOUND ( 'NONE', #755, .T. ) ;
#1285 = CARTESIAN_POINT ( 'NONE',  ( 8.306941508735064872, -3.599999999999999645, 64.37931525179109826 ) ) ;
#1286 = CARTESIAN_POINT ( 'NONE',  ( -8.495528233790208716, -3.600000000000000533, 64.18166090230761256 ) ) ;
#1287 = CARTESIAN_POINT ( 'NONE',  ( 4.170473755187439124, -0.8000000000000558886, 64.91525776298848882 ) ) ;
#1288 = CARTESIAN_POINT ( 'NONE',  ( 12.36604880661204398, -3.600000000000000977, 58.18215526192111042 ) ) ;
#1289 = CARTESIAN_POINT ( 'NONE',  ( -13.06374969308318335, -0.03847792029394152269, 55.75507025601865507 ) ) ;
#1290 = CARTESIAN_POINT ( 'NONE',  ( -11.38457071826373834, 0.000000000000000000, 63.34805667304306809 ) ) ;
#1291 = CARTESIAN_POINT ( 'NONE',  ( 4.936725936204386933, -0.7999999999999992673, 65.84371995142039680 ) ) ;
#1292 = CARTESIAN_POINT ( 'NONE',  ( -6.036274625571770081, 6.394739949510996428E-15, 66.23398792901026866 ) ) ;
#1293 = ORIENTED_EDGE ( 'NONE', *, *, #768, .T. ) ;
#1294 = CARTESIAN_POINT ( 'NONE',  ( 3.995753021837806340, 6.078379536420999664E-15, 66.79998393975631643 ) ) ;
#1295 = CARTESIAN_POINT ( 'NONE',  ( -7.972382458739924793, -3.000000000000011546, -66.26304364170184158 ) ) ;
#1296 = CARTESIAN_POINT ( 'NONE',  ( 1.797795607763005066, -3.599999999999999201, -66.66275891568818679 ) ) ;
#1297 = CARTESIAN_POINT ( 'NONE',  ( -17.85576521892979684, -3.000000000000010658, -43.79026923239790392 ) ) ;
#1298 = CARTESIAN_POINT ( 'NONE',  ( -4.017990005323586189, 5.860006165811107808E-15, 66.79974913671171066 ) ) ;
#1299 = EDGE_CURVE ( 'NONE', #4128, #6050, #7209, .T. ) ;
#1300 = CARTESIAN_POINT ( 'NONE',  ( 15.51346958927032915, -0.8000000000000002665, 41.09773448496520842 ) ) ;
#1301 = ORIENTED_EDGE ( 'NONE', *, *, #5023, .T. ) ;
#1302 = DIRECTION ( 'NONE',  ( 0.000000000000000000, 0.000000000000000000, 1.000000000000000000 ) ) ;
#1303 = CARTESIAN_POINT ( 'NONE',  ( -10.99515601094792849, -2.000000000000000000, -64.72998015950946638 ) ) ;
#1304 = CARTESIAN_POINT ( 'NONE',  ( -12.39993575547961591, 0.000000000000000000, 61.69348873847482650 ) ) ;
#1305 = AXIS2_PLACEMENT_3D ( 'NONE', #473, #5133, #3999 ) ;
#1306 = CARTESIAN_POINT ( 'NONE',  ( 5.012984221117345207, -1.779949199898000378, -20.18897252795810004 ) ) ;
#1307 = CARTESIAN_POINT ( 'NONE',  ( -17.15568890820878423, -3.599999999999999645, -52.85417302967979936 ) ) ;
#1308 = CARTESIAN_POINT ( 'NONE',  ( -3.998494299127234974, -2.000000000000000000, 68.60000562557462445 ) ) ;
#1309 = B_SPLINE_SURFACE_WITH_KNOTS ( 'NONE', 1, 3, ( 
 ( #2988, #4656, #1837, #6569, #1909, #1343, #3669, #1796, #2400, #1757, #690, #69, #4130, #5277, #5841, #5316, #7093, #6416, #6973, #1231, #1194, #1872, #614, #3551, #5998, #6492, #2443, #5880, #7054, #3104, #1266, #5917, #3028, #118, #6533, #5355, #4771, #4997, #6146, #6111, #271, #2663, #4284, #924, #7309, #4425, #2517 ),
 ( #4316, #885, #4843, #5502, #6035, #5566, #961, #6746, #2096, #1520, #339, #2592, #1947, #5531, #7169, #7238, #812, #3857, #2017, #3784, #3215, #303, #2556, #193, #6607, #4922, #5429, #6185, #236, #1416, #4349, #3250, #1380, #3710, #6672, #7208, #3141, #2059, #6640, #2622, #5466, #4883, #3747, #1982, #4956, #6073, #850 ) ),
 .UNSPECIFIED., .F., .F., .F.,
 ( 2, 2 ),
 ( 4, 2, 2, 2, 2, 2, 2, 2, 2, 2, 2, 2, 2, 2, 2, 2, 2, 2, 2, 2, 2, 3, 4 ),
 ( 0.000000000000000000, 1.000000000000000000 ),
 ( 0.000000000000000000, 0.001833154440109807789, 0.002749731660164711575, 0.003208020270192163577, 0.003437164575205889361, 0.003666308880219615578, 0.003895453185233341796, 0.004010025337740204254, 0.004124597490247067580, 0.004353741795260793364, 0.004582886100274519148, 0.004812030405288244932, 0.005041174710301970716, 0.005270319015315697367, 0.005499463320329423151, 0.005728607625343148935, 0.005843179777850012260, 0.005957751930356875586, 0.006186896235370601370, 0.006416040540384327154, 0.006874329150411778722, 0.007332617760439231157, 0.007405943938043623581 ),
 .UNSPECIFIED. ) ;
#1310 = ORIENTED_EDGE ( 'NONE', *, *, #3350, .T. ) ;
#1311 = VECTOR ( 'NONE', #972, 1000.000000000000114 ) ;
#1312 = CARTESIAN_POINT ( 'NONE',  ( -14.25575799097778074, -3.099999999999992095, -33.15427299466725231 ) ) ;
#1313 = DIRECTION ( 'NONE',  ( 0.000000000000000000, 0.000000000000000000, -1.000000000000000000 ) ) ;
#1314 = CARTESIAN_POINT ( 'NONE',  ( 4.981910433836025831, -3.599999999999999645, 66.23724323523038038 ) ) ;
#1315 = CARTESIAN_POINT ( 'NONE',  ( -15.55094617747089103, -3.599999999999999645, 48.46997366867557844 ) ) ;
#1316 = AXIS2_PLACEMENT_3D ( 'NONE', #775, #2321, #1302 ) ;
#1317 = CARTESIAN_POINT ( 'NONE',  ( -3.820338199442697924, -0.7999999999975032638, 66.00189442461041267 ) ) ;
#1318 = VERTEX_POINT ( 'NONE', #3711 ) ;
#1319 = EDGE_CURVE ( 'NONE', #3718, #4128, #5090, .T. ) ;
#1320 = AXIS2_PLACEMENT_3D ( 'NONE', #6832, #5088, #1014 ) ;
#1321 = CARTESIAN_POINT ( 'NONE',  ( 5.000370183187009765, -3.600000000000000533, 66.23537878685783653 ) ) ;
#1322 = EDGE_CURVE ( 'NONE', #5048, #3864, #5469, .T. ) ;
#1323 = CARTESIAN_POINT ( 'NONE',  ( -4.243931912859406630, -0.7999999999999998224, 65.98737598765295331 ) ) ;
#1324 = CARTESIAN_POINT ( 'NONE',  ( 6.865852871821860326, -3.600000000000006750, 65.58106268147173523 ) ) ;
#1325 = CARTESIAN_POINT ( 'NONE',  ( 5.232266222374933662, -0.03847708013275704525, 66.54776822181122498 ) ) ;
#1326 = FACE_OUTER_BOUND ( 'NONE', #7002, .T. ) ;
#1327 = CARTESIAN_POINT ( 'NONE',  ( 13.06878995647541863, -3.600000000000001421, 56.56127186347227820 ) ) ;
#1328 = CARTESIAN_POINT ( 'NONE',  ( -15.33093602841294967, -0.8000000000064110273, 42.73725030216726850 ) ) ;
#1329 = CARTESIAN_POINT ( 'NONE',  ( -14.13506384016555018, 0.000000000000000000, 58.07338505695769015 ) ) ;
#1330 = CARTESIAN_POINT ( 'NONE',  ( 5.972200762248774275, -0.7999999999999996003, 65.34337247048486574 ) ) ;
#1331 = ORIENTED_EDGE ( 'NONE', *, *, #936, .F. ) ;
#1332 = EDGE_CURVE ( 'NONE', #565, #5411, #3762, .T. ) ;
#1333 = AXIS2_PLACEMENT_3D ( 'NONE', #4378, #7365, #5663 ) ;
#1334 = CARTESIAN_POINT ( 'NONE',  ( 7.872839781702795747, 5.635304397411298389E-15, 64.83411447304878550 ) ) ;
#1335 = CARTESIAN_POINT ( 'NONE',  ( -11.55635141427518242, -3.000000000000007994, -64.35297550478489370 ) ) ;
#1336 = CARTESIAN_POINT ( 'NONE',  ( 1.647253013357727669, -3.600000000000000089, -66.66301696408069688 ) ) ;
#1337 = CARTESIAN_POINT ( 'NONE',  ( -11.59877052663617647, -3.599999999999998312, -63.54818612034253533 ) ) ;
#1338 = CARTESIAN_POINT ( 'NONE',  ( -5.177466446685603962, 5.591028315558150609E-15, 66.60682616473455653 ) ) ;
#1339 = AXIS2_PLACEMENT_3D ( 'NONE', #5030, #2128, #5888 ) ;
#1340 = CARTESIAN_POINT ( 'NONE',  ( 4.212310827594625273, 5.849440609788624461E-15, 66.79252508780356834 ) ) ;
#1341 = ORIENTED_EDGE ( 'NONE', *, *, #402, .F. ) ;
#1342 = EDGE_LOOP ( 'NONE', ( #2758, #5040, #2311, #2142 ) ) ;
#1343 = CARTESIAN_POINT ( 'NONE',  ( -2.924438200160290879, -3.599999999999999201, 66.27630199490137386 ) ) ;
#1344 = CARTESIAN_POINT ( 'NONE',  ( -17.28763523158556481, -3.600000000000000089, 17.50226048727052586 ) ) ;
#1345 = CARTESIAN_POINT ( 'NONE',  ( -9.376950490892287604, 0.000000000000000000, 65.87692874913412311 ) ) ;
#1346 = EDGE_CURVE ( 'NONE', #4194, #6964, #3365, .T. ) ;
#1347 = B_SPLINE_CURVE_WITH_KNOTS ( 'NONE', 3,
 ( #6716, #1497, #6085, #2138 ),
 .UNSPECIFIED., .F., .F.,
 ( 4, 4 ),
 ( 0.000000000000000000, 1.000000000000000000 ),
 .UNSPECIFIED. ) ;
#1348 = DIRECTION ( 'NONE',  ( -0.000000000000000000, -1.000000000000000000, -0.000000000000000000 ) ) ;
#1349 = CARTESIAN_POINT ( 'NONE',  ( 9.237993223519014307, -0.03847604666530780870, 63.20764159657404946 ) ) ;
#1350 = CARTESIAN_POINT ( 'NONE',  ( -15.58771882812793486, -3.600000000000000089, -58.31456980805700852 ) ) ;
#1351 = CARTESIAN_POINT ( 'NONE',  ( -5.892619615301312841, -3.600000000000000089, 66.02910163126863097 ) ) ;
#1352 = LINE ( 'NONE', #4255, #6321 ) ;
#1353 = EDGE_LOOP ( 'NONE', ( #3257, #3249, #640, #710 ) ) ;
#1354 = CARTESIAN_POINT ( 'NONE',  ( 3.998749211016420890, -2.000000000000000000, 68.60000390890179744 ) ) ;
#1355 = CARTESIAN_POINT ( 'NONE',  ( -16.79999999999999716, 0.000000000000000000, -52.00000000000000711 ) ) ;
#1356 = CARTESIAN_POINT ( 'NONE',  ( -10.75430555312301806, -3.600000000000000533, -64.17298880977774900 ) ) ;
#1357 = CARTESIAN_POINT ( 'NONE',  ( 17.29860209046436026, -3.599999999999998757, 29.13222299941481097 ) ) ;
#1358 = CARTESIAN_POINT ( 'NONE',  ( 5.450460004366632916, -3.599999999999999201, 66.15632866967720815 ) ) ;
#1359 = CARTESIAN_POINT ( 'NONE',  ( -17.24077352500417604, -3.600000000000000977, 34.64226173966727629 ) ) ;
#1360 = ORIENTED_EDGE ( 'NONE', *, *, #995, .F. ) ;
#1361 = DIRECTION ( 'NONE',  ( -0.000000000000000000, -1.000000000000000000, -0.000000000000000000 ) ) ;
#1362 = CARTESIAN_POINT ( 'NONE',  ( -4.929510056902095982, -0.8000000000000000444, 65.84622059635491098 ) ) ;
#1363 = AXIS2_PLACEMENT_3D ( 'NONE', #1860, #2505, #4335 ) ;
#1364 = CARTESIAN_POINT ( 'NONE',  ( 4.924797269600504457, -3.600000000000002309, -66.44792340983202905 ) ) ;
#1365 = CARTESIAN_POINT ( 'NONE',  ( 17.29990973816344990, -3.600000000000000533, 30.90467226976670290 ) ) ;
#1366 = CARTESIAN_POINT ( 'NONE',  ( -8.454983448300410487, -3.600000000000000533, 64.22379834624790362 ) ) ;
#1367 = CARTESIAN_POINT ( 'NONE',  ( 5.267931186858184844, -0.03847761695937995663, 66.53529918571877033 ) ) ;
#1368 = CARTESIAN_POINT ( 'NONE',  ( 14.25575799097778074, -3.099999999999988987, -31.00427299466725017 ) ) ;
#1369 = CARTESIAN_POINT ( 'NONE',  ( -16.54934933872116787, 0.000000000000000000, 50.46334699803484369 ) ) ;
#1370 = CARTESIAN_POINT ( 'NONE',  ( 4.759730916315755955, -0.7999999999999998224, 65.89671958658816209 ) ) ;
#1371 = CARTESIAN_POINT ( 'NONE',  ( 6.766514194793867176, 5.755480642356943702E-15, 65.76967061534723769 ) ) ;
#1372 = CARTESIAN_POINT ( 'NONE',  ( -3.632497039603858280, -3.000000000000010214, -67.19796291182044001 ) ) ;
#1373 = CARTESIAN_POINT ( 'NONE',  ( -17.72585440177405403, -3.000000000000010214, -53.15267010394187253 ) ) ;
#1374 = CARTESIAN_POINT ( 'NONE',  ( -4.122490136460807975, 5.633742682756802450E-15, 66.79689302621407876 ) ) ;
#1375 = CARTESIAN_POINT ( 'NONE',  ( -17.85404960975174760, -3.000000000000010658, 10.73170135240738787 ) ) ;
#1376 = ADVANCED_FACE ( 'NONE', ( #1488 ), #2131, .T. ) ;
#1377 = CARTESIAN_POINT ( 'NONE',  ( 3.992731003204665008, 5.905478154794993396E-15, 66.80000587637816523 ) ) ;
#1378 = ORIENTED_EDGE ( 'NONE', *, *, #5615, .T. ) ;
#1379 = ORIENTED_EDGE ( 'NONE', *, *, #6402, .F. ) ;
#1380 = CARTESIAN_POINT ( 'NONE',  ( -6.005724311411183791, -3.000000000000010214, 66.62395707479774387 ) ) ;
#1381 = CARTESIAN_POINT ( 'NONE',  ( -3.998494299127234974, -2.000000000000000000, 68.60000562557462445 ) ) ;
#1382 = CARTESIAN_POINT ( 'NONE',  ( 4.195554899089312784, -0.03847641643658566979, 66.76033040915470451 ) ) ;
#1383 = CARTESIAN_POINT ( 'NONE',  ( -15.68498298114862166, -3.600000000000000977, -58.10990980468314859 ) ) ;
#1384 = CARTESIAN_POINT ( 'NONE',  ( 14.22243008553824417, -0.03847825905603034780, 52.12931376813054385 ) ) ;
#1385 = CARTESIAN_POINT ( 'NONE',  ( 17.19448576428589348, -3.600000000000000089, -52.42277802904506956 ) ) ;
#1386 = ORIENTED_EDGE ( 'NONE', *, *, #6905, .T. ) ;
#1387 = FACE_OUTER_BOUND ( 'NONE', #545, .T. ) ;
#1388 = CARTESIAN_POINT ( 'NONE',  ( 15.37043794183309053, 5.406519915512677701E-15, 47.40125190033830904 ) ) ;
#1389 = DIRECTION ( 'NONE',  ( 4.872133380463056916E-10, -0.000000000000000000, -1.000000000000000000 ) ) ;
#1390 = CARTESIAN_POINT ( 'NONE',  ( -10.78445474582806796, -3.600000000000000089, -64.15384576355096158 ) ) ;
#1391 = CARTESIAN_POINT ( 'NONE',  ( -3.998286010683737235, -0.03847762914973568843, 66.76152798450085868 ) ) ;
#1392 = CARTESIAN_POINT ( 'NONE',  ( 1.850244912630486738, -3.600000000000000089, 66.27632301788780467 ) ) ;
#1393 = CARTESIAN_POINT ( 'NONE',  ( 17.29961886410497485, -3.600000000000000977, 29.90931321901935647 ) ) ;
#1394 = ADVANCED_FACE ( 'NONE', ( #2593 ), #4426, .F. ) ;
#1395 = ORIENTED_EDGE ( 'NONE', *, *, #4953, .T. ) ;
#1396 = CARTESIAN_POINT ( 'NONE',  ( -4.526844226205460231, -0.8000000000000000444, 65.94901707796844903 ) ) ;
#1397 = CARTESIAN_POINT ( 'NONE',  ( 6.123237080574022606, -3.600000000000000089, -66.20195951460959805 ) ) ;
#1398 = CARTESIAN_POINT ( 'NONE',  ( 17.88810608099644739, -3.000000000000010214, 32.68429522900706985 ) ) ;
#1399 = CARTESIAN_POINT ( 'NONE',  ( -7.294108453601730879, -3.600000000000000089, 65.26550636415117879 ) ) ;
#1400 = EDGE_CURVE ( 'NONE', #3004, #5167, #7269, .T. ) ;
#1401 = CARTESIAN_POINT ( 'NONE',  ( 4.938921508084025191, -0.7999999999999911626, 65.84302692028366266 ) ) ;
#1402 = CARTESIAN_POINT ( 'NONE',  ( 0.000000000000000000, 0.000000000000000000, 0.000000000000000000 ) ) ;
#1403 = CARTESIAN_POINT ( 'NONE',  ( -9.263217251796874052, -0.8000000000080822460, 61.86527846155411225 ) ) ;
#1404 = LINE ( 'NONE', #3168, #584 ) ;
#1405 = CARTESIAN_POINT ( 'NONE',  ( 17.85574221343219037, -3.000000000000010658, 11.10967525680099044 ) ) ;
#1406 = ORIENTED_EDGE ( 'NONE', *, *, #5439, .F. ) ;
#1407 = CARTESIAN_POINT ( 'NONE',  ( -4.090314995004541210, 5.745553111815157782E-15, 66.79808694249057055 ) ) ;
#1408 = CARTESIAN_POINT ( 'NONE',  ( 8.985875755892422490, 5.606105705354222883E-15, 63.58760506187695682 ) ) ;
#1409 = CARTESIAN_POINT ( 'NONE',  ( 2.122739210997805159, -3.599999999999999645, -66.66052823801682337 ) ) ;
#1410 = CYLINDRICAL_SURFACE ( 'NONE', #4007, 18.00000000000000355 ) ;
#1411 = CARTESIAN_POINT ( 'NONE',  ( -5.538006876150885383, 6.166824259327062512E-15, 66.47338718348181885 ) ) ;
#1412 = CARTESIAN_POINT ( 'NONE',  ( 16.10945072344743068, 5.457226718294375763E-15, 42.84743463851189915 ) ) ;
#1413 = CARTESIAN_POINT ( 'NONE',  ( 15.93726868857133638, -0.7999999999999993783, 35.31663009094675232 ) ) ;
#1414 = ORIENTED_EDGE ( 'NONE', *, *, #4630, .F. ) ;
#1415 = ORIENTED_EDGE ( 'NONE', *, *, #523, .F. ) ;
#1416 = CARTESIAN_POINT ( 'NONE',  ( -5.753125218826038889, -3.000000000000010214, 66.69936628217482166 ) ) ;
#1417 = EDGE_CURVE ( 'NONE', #1738, #556, #5467, .T. ) ;
#1418 = CARTESIAN_POINT ( 'NONE',  ( 17.85574221343219037, -3.000000000000010658, 11.10967525680099044 ) ) ;
#1419 = ADVANCED_FACE ( 'NONE', ( #2240 ), #3397, .F. ) ;
#1420 = CARTESIAN_POINT ( 'NONE',  ( -8.303269924679876013, -3.600000000000000977, 64.38300634837875691 ) ) ;
#1421 = CARTESIAN_POINT ( 'NONE',  ( -17.24810214737852121, -3.600000000000000533, -51.09631260326950297 ) ) ;
#1422 = PLANE ( 'NONE',  #5476 ) ;
#1423 = CARTESIAN_POINT ( 'NONE',  ( 17.23306082347138002, -3.599999999999999201, -51.69725751107678491 ) ) ;
#1424 = ORIENTED_EDGE ( 'NONE', *, *, #2664, .F. ) ;
#1425 = CARTESIAN_POINT ( 'NONE',  ( 2.962034822888078552E-06, -2.000000000000000000, -67.25441558775045792 ) ) ;
#1426 = CARTESIAN_POINT ( 'NONE',  ( -10.67808629485192462, -3.599999999999999645, -64.22117911987942307 ) ) ;
#1427 = CARTESIAN_POINT ( 'NONE',  ( -11.29104253845062189, 42.96802058166520766, -2.812165781712402046E-07 ) ) ;
#1428 = CARTESIAN_POINT ( 'NONE',  ( 2.734243030414132747, -3.600000000000000089, 66.27631472125158041 ) ) ;
#1429 = CARTESIAN_POINT ( 'NONE',  ( -4.232595911645489650, -0.8000000000000094813, 64.90731596626206112 ) ) ;
#1430 = VERTEX_POINT ( 'NONE', #2278 ) ;
#1431 = CARTESIAN_POINT ( 'NONE',  ( 5.752691468168133149, -3.000000000000011102, 66.69947030018785483 ) ) ;
#1432 = CARTESIAN_POINT ( 'NONE',  ( -6.777666839348849948, -0.7999999999999999334, 64.74967759988712146 ) ) ;
#1433 = ADVANCED_FACE ( 'NONE', ( #5763 ), #3689, .T. ) ;
#1434 = CARTESIAN_POINT ( 'NONE',  ( -14.25575799097778074, -3.099999999999992095, -31.00427299466725017 ) ) ;
#1435 = CARTESIAN_POINT ( 'NONE',  ( 17.89842142933943592, -3.000000000000011102, 28.24622546329436190 ) ) ;
#1436 = CARTESIAN_POINT ( 'NONE',  ( -7.976970118367373352, -3.599999999999999645, 64.69188128414940309 ) ) ;
#1437 = FACE_OUTER_BOUND ( 'NONE', #4100, .T. ) ;
#1438 = CARTESIAN_POINT ( 'NONE',  ( -17.25576521892987714, -3.600000000000000089, -43.79026950574733235 ) ) ;
#1439 = DIRECTION ( 'NONE',  ( 0.1500202732922521209, 0.000000000000000000, -0.9886829206582451457 ) ) ;
#1440 = CARTESIAN_POINT ( 'NONE',  ( 17.86647471754472249, -2.000000000000000444, 13.50617854924291628 ) ) ;
#1441 = ORIENTED_EDGE ( 'NONE', *, *, #3712, .F. ) ;
#1442 = CARTESIAN_POINT ( 'NONE',  ( 17.28878479225064879, -3.600000000000000533, -46.63191820590221681 ) ) ;
#1443 = CARTESIAN_POINT ( 'NONE',  ( 7.109717739448468521, 5.121165485899835859E-15, 65.51087946239054816 ) ) ;
#1444 = CARTESIAN_POINT ( 'NONE',  ( 10.77735169264729365, -3.600000000000000089, -64.15836008032661653 ) ) ;
#1445 = CARTESIAN_POINT ( 'NONE',  ( -15.27092864215977208, -3.000000000000010658, -60.13754777658024153 ) ) ;
#1446 = CARTESIAN_POINT ( 'NONE',  ( -5.090612557881473599, 5.947095740146014918E-15, 66.63418046015306118 ) ) ;
#1447 = CARTESIAN_POINT ( 'NONE',  ( -10.01890080859485543, -3.600000000000000089, -64.62966806067994696 ) ) ;
#1448 = CARTESIAN_POINT ( 'NONE',  ( -17.88402491183381926, -3.000000000000010658, 32.95412452371700596 ) ) ;
#1449 = CARTESIAN_POINT ( 'NONE',  ( 14.92304473696996858, -0.7999999999999992673, 32.00027144533444101 ) ) ;
#1450 = CARTESIAN_POINT ( 'NONE',  ( 14.37720592296189182, -0.8000000000000000444, 48.26161319374734404 ) ) ;
#1451 = CIRCLE ( 'NONE', #1572, 2.361858649398123511 ) ;
#1452 = EDGE_LOOP ( 'NONE', ( #20, #302, #4025, #2378 ) ) ;
#1453 = DIRECTION ( 'NONE',  ( -4.190440943964895584E-07, 0.000000000000000000, 0.9999999999999121814 ) ) ;
#1454 = EDGE_CURVE ( 'NONE', #4173, #3083, #6813, .T. ) ;
#1455 = CARTESIAN_POINT ( 'NONE',  ( 1.999999999999998224, -2.000000000000000000, -52.00000000000000711 ) ) ;
#1456 = AXIS2_PLACEMENT_3D ( 'NONE', #5672, #441, #2776 ) ;
#1457 = VECTOR ( 'NONE', #3291, 1000.000000000000000 ) ;
#1458 = CARTESIAN_POINT ( 'NONE',  ( -17.24465459626354757, -3.600000000000000533, -51.26763315915684416 ) ) ;
#1459 = CARTESIAN_POINT ( 'NONE',  ( 9.805709841065905152, 5.642220516650196346E-15, 62.46433728590190526 ) ) ;
#1460 = CARTESIAN_POINT ( 'NONE',  ( 17.24575980875814807, -3.600000000000000533, -51.21652407352981129 ) ) ;
#1461 = VERTEX_POINT ( 'NONE', #3813 ) ;
#1462 = CARTESIAN_POINT ( 'NONE',  ( 12.43018096154454710, -3.599999999999999645, -62.77115021607866652 ) ) ;
#1463 = DIRECTION ( 'NONE',  ( 1.122798366328030887E-16, 1.577721810442023436E-30, 1.000000000000000000 ) ) ;
#1464 = CARTESIAN_POINT ( 'NONE',  ( 3.998749211016420890, -2.000000000000000000, 68.60000390890179744 ) ) ;
#1465 = DIRECTION ( 'NONE',  ( 1.130782554152743995E-30, 1.000000000000000000, -1.577721810442023611E-30 ) ) ;
#1466 = CARTESIAN_POINT ( 'NONE',  ( -14.88321894084568697, -0.7999999999999843903, 35.02348425277988042 ) ) ;
#1467 = ADVANCED_FACE ( 'NONE', ( #6632 ), #1410, .T. ) ;
#1468 = ORIENTED_EDGE ( 'NONE', *, *, #7271, .F. ) ;
#1469 = CARTESIAN_POINT ( 'NONE',  ( -5.491620256073407980, -0.8000000000000007105, 65.61566383255116364 ) ) ;
#1470 = CARTESIAN_POINT ( 'NONE',  ( 7.186527178878388433, -3.600000000000000089, -65.89915566821890991 ) ) ;
#1471 = CARTESIAN_POINT ( 'NONE',  ( 17.89975803279838829, -3.000000000000011990, 30.01776119512587471 ) ) ;
#1472 = CARTESIAN_POINT ( 'NONE',  ( 17.26395634886597463, -3.600000000000000089, 12.81181334761042656 ) ) ;
#1473 = CARTESIAN_POINT ( 'NONE',  ( -11.32674213878538083, -0.03847762871893799230, 59.78729575623773940 ) ) ;
#1474 = CARTESIAN_POINT ( 'NONE',  ( -5.041041522454006163, -0.8000000000000000444, -56.24298605861921629 ) ) ;
#1475 = CARTESIAN_POINT ( 'NONE',  ( 2.284382573363227475, -0.7999999999999997113, 66.00999950993438858 ) ) ;
#1476 = EDGE_LOOP ( 'NONE', ( #2597, #262 ) ) ;
#1477 = CARTESIAN_POINT ( 'NONE',  ( 6.462984221117340944, -1.779949199898000378, -49.63897252795809578 ) ) ;
#1478 = CARTESIAN_POINT ( 'NONE',  ( 14.47574443532560728, -0.8000000000000000444, 66.00007305609382513 ) ) ;
#1479 = CARTESIAN_POINT ( 'NONE',  ( 7.330427489255647799, 5.707645936434065810E-15, 65.33025130732097807 ) ) ;
#1480 = CARTESIAN_POINT ( 'NONE',  ( 10.46190489495374543, -3.600000000000000977, -64.35760924991306808 ) ) ;
#1481 = CARTESIAN_POINT ( 'NONE',  ( -13.02691702887850234, -3.000000000000010214, -63.02846068765332888 ) ) ;
#1482 = CARTESIAN_POINT ( 'NONE',  ( -8.160511236154205150, 5.754128691179683623E-15, 64.53992839480677901 ) ) ;
#1483 = CARTESIAN_POINT ( 'NONE',  ( -10.47372335457518489, -3.600000000000000533, -64.35017436158483406 ) ) ;
#1484 = CARTESIAN_POINT ( 'NONE',  ( 12.51563430831443036, -0.8000000000000017097, 51.40204247697440820 ) ) ;
#1485 = CARTESIAN_POINT ( 'NONE',  ( 15.31615820892585944, -0.8000000000000002665, 42.74396610591512768 ) ) ;
#1486 = ORIENTED_EDGE ( 'NONE', *, *, #176, .F. ) ;
#1487 = CARTESIAN_POINT ( 'NONE',  ( -2.000000000000005329, -2.000000000000000000, -52.00000000000000711 ) ) ;
#1488 = FACE_OUTER_BOUND ( 'NONE', #1068, .T. ) ;
#1489 = LINE ( 'NONE', #6189, #2421 ) ;
#1490 = CARTESIAN_POINT ( 'NONE',  ( -9.756491837421771507, -3.000000000000010658, 63.65291342451785539 ) ) ;
#1491 = CARTESIAN_POINT ( 'NONE',  ( -12.43129338097367054, -3.600000000000000089, -62.76782898036674396 ) ) ;
#1492 = EDGE_CURVE ( 'NONE', #3567, #2302, #5421, .T. ) ;
#1493 = CARTESIAN_POINT ( 'NONE',  ( 7.629413496381372006, 5.772037247698503352E-15, 65.06710560610139282 ) ) ;
#1494 = CARTESIAN_POINT ( 'NONE',  ( 15.04595402345083066, -3.600000000000000089, -59.35266205374724535 ) ) ;
#1495 = ORIENTED_EDGE ( 'NONE', *, *, #6523, .F. ) ;
#1496 = DIRECTION ( 'NONE',  ( 0.000000000000000000, 1.000000000000000000, 0.000000000000000000 ) ) ;
#1497 = CARTESIAN_POINT ( 'NONE',  ( -11.49055837723900275, -3.200000000000007283, -64.14919183156125371 ) ) ;
#1498 = LINE ( 'NONE', #2181, #1311 ) ;
#1499 = EDGE_LOOP ( 'NONE', ( #5346, #2073, #3559, #6133, #2808, #4166, #4102, #7552, #517, #4690, #1015, #5440, #3452, #152 ) ) ;
#1500 = CARTESIAN_POINT ( 'NONE',  ( 6.803441083525248345, -3.000000000000011990, 66.29196243698497426 ) ) ;
#1501 = CARTESIAN_POINT ( 'NONE',  ( -5.766103355374049499, -0.7999999999999999334, 65.46800658138327833 ) ) ;
#1502 = CARTESIAN_POINT ( 'NONE',  ( 10.36501303688067921, -3.600000000000000089, -64.41842972905996589 ) ) ;
#1503 = CARTESIAN_POINT ( 'NONE',  ( 11.00675295803147868, -3.000000000000010214, 61.91917583778258916 ) ) ;
#1504 = EDGE_CURVE ( 'NONE', #7168, #3550, #949, .T. ) ;
#1505 = DIRECTION ( 'NONE',  ( 0.000000000000000000, 0.000000000000000000, -1.000000000000000000 ) ) ;
#1506 = CARTESIAN_POINT ( 'NONE',  ( -7.759636101167929567, -0.7999999999987589261, 63.80725877721710049 ) ) ;
#1507 = CARTESIAN_POINT ( 'NONE',  ( 1.662984673164508376, -1.779949199897996825, -52.33897264750748946 ) ) ;
#1508 = CARTESIAN_POINT ( 'NONE',  ( 3.976535975825955305, -0.8000000000000000444, 66.00008941292855980 ) ) ;
#1509 = CARTESIAN_POINT ( 'NONE',  ( 17.29158104769582494, -3.600000000000000089, -47.93567243607904516 ) ) ;
#1510 = CARTESIAN_POINT ( 'NONE',  ( 5.012984221117345207, -0.8000000000000000444, -20.18897252795810004 ) ) ;
#1511 = CARTESIAN_POINT ( 'NONE',  ( 10.90105778106597079, 5.639769865293810218E-15, 60.67707302299614014 ) ) ;
#1512 = CARTESIAN_POINT ( 'NONE',  ( 6.481280686818809755, -3.600000000000000977, -66.11169879039083241 ) ) ;
#1513 = CARTESIAN_POINT ( 'NONE',  ( -17.56435184912156444, -3.000000000000009770, -54.20536331044122846 ) ) ;
#1514 = CARTESIAN_POINT ( 'NONE',  ( -6.540541359198318361, 5.287441091679598057E-15, 65.92907316623924885 ) ) ;
#1515 = CARTESIAN_POINT ( 'NONE',  ( -4.689161790891080095, -3.600000000000001421, -66.47655894513681574 ) ) ;
#1516 = CARTESIAN_POINT ( 'NONE',  ( 13.54147116398354989, -0.8000000000000047073, 46.98978125534902262 ) ) ;
#1517 = CARTESIAN_POINT ( 'NONE',  ( 17.89259668092915945, -3.000000000000010658, -47.68144407431881149 ) ) ;
#1518 = CARTESIAN_POINT ( 'NONE',  ( 14.06200937617472135, -0.7999999999999998224, 49.67652410456287271 ) ) ;
#1519 = ORIENTED_EDGE ( 'NONE', *, *, #7088, .T. ) ;
#1520 = CARTESIAN_POINT ( 'NONE',  ( -3.540089213013653424, -3.000000000000010214, 66.87630717885662079 ) ) ;
#1521 = DIRECTION ( 'NONE',  ( 0.000000000000000000, 0.000000000000000000, -1.000000000000000000 ) ) ;
#1522 = FACE_BOUND ( 'NONE', #4094, .T. ) ;
#1523 = LINE ( 'NONE', #6710, #5838 ) ;
#1524 = CARTESIAN_POINT ( 'NONE',  ( -10.22707098315326846, -3.000000000000010214, 63.04435096101215663 ) ) ;
#1525 = EDGE_CURVE ( 'NONE', #5167, #4591, #1632, .T. ) ;
#1526 = DIRECTION ( 'NONE',  ( 4.555823753180761115E-07, 0.000000000000000000, 0.9999999999998961941 ) ) ;
#1527 = CARTESIAN_POINT ( 'NONE',  ( 8.985875755892422490, 5.606105705354222883E-15, 63.58760506187695682 ) ) ;
#1528 = CARTESIAN_POINT ( 'NONE',  ( 14.75365805889426873, -3.600000000000000089, -59.83319197898881470 ) ) ;
#1529 = B_SPLINE_CURVE_WITH_KNOTS ( 'NONE', 3,
 ( #3974, #4999, #7311, #963 ),
 .UNSPECIFIED., .F., .F.,
 ( 4, 4 ),
 ( 0.000000000000000000, 1.000000000000000000 ),
 .UNSPECIFIED. ) ;
#1530 = ORIENTED_EDGE ( 'NONE', *, *, #3233, .T. ) ;
#1531 = CARTESIAN_POINT ( 'NONE',  ( 16.35240519696694861, -3.600000000000000533, -56.45547260834835157 ) ) ;
#1532 = LINE ( 'NONE', #5538, #239 ) ;
#1533 = CARTESIAN_POINT ( 'NONE',  ( -17.46326983916560494, -3.000000000000010658, -55.03826404297318220 ) ) ;
#1534 = CARTESIAN_POINT ( 'NONE',  ( -5.714708912151859721, -0.7999999999999990452, 64.22939645788511598 ) ) ;
#1535 = CARTESIAN_POINT ( 'NONE',  ( -17.30002863939204971, -3.600000000000000533, 30.47519219167131865 ) ) ;
#1536 = CONICAL_SURFACE ( 'NONE', #5035, 2.440470318322684129, 0.05235987755983000091 ) ;
#1537 = VERTEX_POINT ( 'NONE', #5633 ) ;
#1538 = ADVANCED_FACE ( 'NONE', ( #5171 ), #4496, .T. ) ;
#1539 = CARTESIAN_POINT ( 'NONE',  ( -7.381789968033264593, -0.8000000000000004885, 64.19361172901841428 ) ) ;
#1540 = CARTESIAN_POINT ( 'NONE',  ( 7.770715497279486073, -3.600000000000000089, -65.69615772254741159 ) ) ;
#1541 = CARTESIAN_POINT ( 'NONE',  ( 15.50644385734338826, -3.000000000000011990, 51.13962840564249035 ) ) ;
#1542 = CARTESIAN_POINT ( 'NONE',  ( -9.644881507417244038, -3.600000000000000089, 62.81982444800135568 ) ) ;
#1543 = CARTESIAN_POINT ( 'NONE',  ( 17.26145368314346484, -3.599999999999999645, 12.31601989744594583 ) ) ;
#1544 = EDGE_CURVE ( 'NONE', #4882, #4722, #6143, .T. ) ;
#1545 = CARTESIAN_POINT ( 'NONE',  ( -7.318770322104161785, -0.8000000000006233236, 64.25830509425898640 ) ) ;
#1546 = CARTESIAN_POINT ( 'NONE',  ( 3.820470991071481137, -2.000000000000000000, -69.90770463712944149 ) ) ;
#1547 = ORIENTED_EDGE ( 'NONE', *, *, #4278, .T. ) ;
#1548 = CARTESIAN_POINT ( 'NONE',  ( 17.27477051010775355, -3.600000000000000977, -45.58207958980230501 ) ) ;
#1549 = CARTESIAN_POINT ( 'NONE',  ( -4.916754128180874872, -2.000000000000000000, -68.34205006004164318 ) ) ;
#1550 = EDGE_CURVE ( 'NONE', #1461, #500, #474, .T. ) ;
#1551 = CARTESIAN_POINT ( 'NONE',  ( 13.32658649051558797, 5.582331765386733349E-15, 55.11621327388637326 ) ) ;
#1552 = CONICAL_SURFACE ( 'NONE', #3503, 2.149999999999999023, 0.7853981633974547183 ) ;
#1553 = CARTESIAN_POINT ( 'NONE',  ( 10.74493512628019509, -3.599999999999999645, -64.17891743660777593 ) ) ;
#1554 = CARTESIAN_POINT ( 'NONE',  ( -5.143165270045348514, 17.76640921322866973, 44.62837295819787187 ) ) ;
#1555 = CARTESIAN_POINT ( 'NONE',  ( -8.103260874776772482, 6.381078463651452759E-15, 64.59987778330118147 ) ) ;
#1556 = CARTESIAN_POINT ( 'NONE',  ( -10.25343668597630753, -3.600000000000000977, -64.48773975313733331 ) ) ;
#1557 = CARTESIAN_POINT ( 'NONE',  ( 5.015359605249058106, -2.000000000000000000, -68.32383553124179798 ) ) ;
#1558 = CARTESIAN_POINT ( 'NONE',  ( 13.06982480741157460, -0.8000000000000077049, 49.20473872445192853 ) ) ;
#1559 = AXIS2_PLACEMENT_3D ( 'NONE', #4285, #2445, #6608 ) ;
#1560 = CARTESIAN_POINT ( 'NONE',  ( 17.89017628397063575, -3.000000000000010658, -46.76040494927180191 ) ) ;
#1561 = EDGE_CURVE ( 'NONE', #556, #2399, #6290, .T. ) ;
#1562 = CARTESIAN_POINT ( 'NONE',  ( 13.65836418596255797, -0.8000000000000003775, 51.28383986927348559 ) ) ;
#1563 = ORIENTED_EDGE ( 'NONE', *, *, #2457, .T. ) ;
#1564 = CARTESIAN_POINT ( 'NONE',  ( -8.836035775411216875, 5.734100116427154898E-15, 63.77628528728028812 ) ) ;
#1565 = DIRECTION ( 'NONE',  ( 0.000000000000000000, 0.000000000000000000, 1.000000000000000000 ) ) ;
#1566 = CARTESIAN_POINT ( 'NONE',  ( -10.04822081953621726, -3.600000000000000977, -64.61241266847333975 ) ) ;
#1567 = CARTESIAN_POINT ( 'NONE',  ( 9.051675300800637203, -0.7999999999999882760, 60.14034955871525057 ) ) ;
#1568 = FACE_OUTER_BOUND ( 'NONE', #2103, .T. ) ;
#1569 = AXIS2_PLACEMENT_3D ( 'NONE', #6879, #4037, #1666 ) ;
#1570 = DIRECTION ( 'NONE',  ( 1.000000000000000000, 0.000000000000000000, -1.122798366328030887E-16 ) ) ;
#1571 = CARTESIAN_POINT ( 'NONE',  ( -13.50236418135780347, -3.000000000000010214, 57.08784425133347895 ) ) ;
#1572 = AXIS2_PLACEMENT_3D ( 'NONE', #2209, #6412, #1835 ) ;
#1573 = CARTESIAN_POINT ( 'NONE',  ( 5.639499776871322248E-07, -1.779949199897996825, -22.64298589695223640 ) ) ;
#1574 = CARTESIAN_POINT ( 'NONE',  ( -12.35068336520745369, -3.599999999999999645, -62.84759422191945077 ) ) ;
#1575 = CARTESIAN_POINT ( 'NONE',  ( 7.374080434441802723, 5.568056657415186615E-15, 65.29316069401173195 ) ) ;
#1576 = ORIENTED_EDGE ( 'NONE', *, *, #1886, .T. ) ;
#1577 = CARTESIAN_POINT ( 'NONE',  ( 12.90388108143878654, -3.599999999999998312, -62.27637134386493045 ) ) ;
#1578 = ADVANCED_FACE ( 'NONE', ( #7371 ), #6809, .F. ) ;
#1579 = DIRECTION ( 'NONE',  ( 0.000000000000000000, 0.000000000000000000, 1.000000000000000000 ) ) ;
#1580 = AXIS2_PLACEMENT_3D ( 'NONE', #5285, #6614, #4140 ) ;
#1581 = VECTOR ( 'NONE', #5042, 1000.000000000000000 ) ;
#1582 = FACE_OUTER_BOUND ( 'NONE', #5879, .T. ) ;
#1583 = CARTESIAN_POINT ( 'NONE',  ( 17.46326983916189945, -2.000000000000000000, -55.03826404299149999 ) ) ;
#1584 = VECTOR ( 'NONE', #4831, 1000.000000000000114 ) ;
#1585 = CONICAL_SURFACE ( 'NONE', #1942, 17.40000000000002700, 0.7853981633974367327 ) ;
#1586 = CARTESIAN_POINT ( 'NONE',  ( 17.89666395838717960, -2.000000000000000000, 18.29915153502000180 ) ) ;
#1587 = ORIENTED_EDGE ( 'NONE', *, *, #4124, .T. ) ;
#1588 = CARTESIAN_POINT ( 'NONE',  ( -5.855698736156234929, -0.7999999999999999334, 65.41530723749754372 ) ) ;
#1589 = CARTESIAN_POINT ( 'NONE',  ( 1.233305123073247245, -3.000000000000011102, -67.26197185720455707 ) ) ;
#1590 = CARTESIAN_POINT ( 'NONE',  ( -8.467448118030178605, -0.03847619920086232242, 64.15751410039887048 ) ) ;
#1591 = CARTESIAN_POINT ( 'NONE',  ( 14.25575799097778784, -3.100000000000030731, 24.85011359384848717 ) ) ;
#1592 = ORIENTED_EDGE ( 'NONE', *, *, #3820, .T. ) ;
#1593 = CARTESIAN_POINT ( 'NONE',  ( -3.986183981038166291, -0.7999999999999430900, 64.92306644581370279 ) ) ;
#1594 = CARTESIAN_POINT ( 'NONE',  ( 5.012984221117346095, -1.779949199898000378, -5.881405155196251400 ) ) ;
#1595 = CARTESIAN_POINT ( 'NONE',  ( -3.998494299127234974, 0.000000000000000000, 68.60000562557462445 ) ) ;
#1596 = CARTESIAN_POINT ( 'NONE',  ( 12.42804471522986454, 5.469395877714168283E-15, 57.48184626276133002 ) ) ;
#1597 = CARTESIAN_POINT ( 'NONE',  ( 10.64370145133465151, -3.600000000000000089, -64.24290243488621854 ) ) ;
#1598 = CARTESIAN_POINT ( 'NONE',  ( 3.998749211016420890, -2.000000000000000000, 68.60000390890179744 ) ) ;
#1599 = CARTESIAN_POINT ( 'NONE',  ( -8.404585970211980950, 5.613987184234240937E-15, 64.27634372308752120 ) ) ;
#1600 = CARTESIAN_POINT ( 'NONE',  ( -10.31889338455222749, -3.600000000000000977, -64.44707998500871327 ) ) ;
#1601 = DIRECTION ( 'NONE',  ( 0.7071067811865440200, 0.7071067811865510144, 3.445118552170747585E-10 ) ) ;
#1602 = DIRECTION ( 'NONE',  ( 0.000000000000000000, 0.000000000000000000, 1.000000000000000000 ) ) ;
#1603 = CARTESIAN_POINT ( 'NONE',  ( 13.17521157928789499, -0.7999999999999999334, 52.97945422514714409 ) ) ;
#1604 = EDGE_LOOP ( 'NONE', ( #6315, #2219, #6072, #900 ) ) ;
#1605 = CARTESIAN_POINT ( 'NONE',  ( -8.551121912496148170, 5.342623914468231342E-15, 64.11146187884720860 ) ) ;
#1606 = ORIENTED_EDGE ( 'NONE', *, *, #4093, .T. ) ;
#1607 = DIRECTION ( 'NONE',  ( 0.000000000000000000, 0.000000000000000000, 1.000000000000000000 ) ) ;
#1608 = CARTESIAN_POINT ( 'NONE',  ( -17.25509050814800460, -3.600000000000000533, -50.70526779214785762 ) ) ;
#1609 = DIRECTION ( 'NONE',  ( 0.000000000000000000, -0.7071067811865460184, 0.7071067811865489050 ) ) ;
#1610 = EDGE_CURVE ( 'NONE', #5694, #5916, #2812, .T. ) ;
#1611 = DIRECTION ( 'NONE',  ( -0.5735764363510380548, 0.000000000000000000, -0.8191520442889974607 ) ) ;
#1612 = VECTOR ( 'NONE', #2231, 1000.000000000000000 ) ;
#1613 = CARTESIAN_POINT ( 'NONE',  ( -11.79805618032924031, -3.000000000000008882, 60.62232809246649623 ) ) ;
#1614 = DIRECTION ( 'NONE',  ( 0.000000000000000000, 0.000000000000000000, -1.000000000000000000 ) ) ;
#1615 = DIRECTION ( 'NONE',  ( 0.000000000000000000, 0.000000000000000000, -1.000000000000000000 ) ) ;
#1616 = CARTESIAN_POINT ( 'NONE',  ( 10.66351991080698447, 5.950942469489096571E-15, 61.09632366783863944 ) ) ;
#1617 = CARTESIAN_POINT ( 'NONE',  ( -14.25575799097778074, -3.600000000000000089, -31.00427299466725017 ) ) ;
#1618 = CARTESIAN_POINT ( 'NONE',  ( 12.85373695640142699, -3.000000000000010658, -63.19621239073051555 ) ) ;
#1619 = CARTESIAN_POINT ( 'NONE',  ( -14.25575799097778784, -3.100000000000033840, 29.15011359384848433 ) ) ;
#1620 = CARTESIAN_POINT ( 'NONE',  ( -10.10513429594454138, -3.000000000000010658, 63.38701556959923522 ) ) ;
#1621 = PLANE ( 'NONE',  #1925 ) ;
#1622 = ORIENTED_EDGE ( 'NONE', *, *, #7049, .F. ) ;
#1623 = CARTESIAN_POINT ( 'NONE',  ( -9.148040401209058814, -0.7999999999999999334, 62.01133084742711077 ) ) ;
#1624 = CARTESIAN_POINT ( 'NONE',  ( 7.420781146400088346, -3.600000000000000089, -65.82105054080955142 ) ) ;
#1625 = CARTESIAN_POINT ( 'NONE',  ( -5.584550590392176161, -0.03847731201699797210, 66.41605638187230909 ) ) ;
#1626 = EDGE_LOOP ( 'NONE', ( #506, #6501, #456, #6320 ) ) ;
#1627 = CARTESIAN_POINT ( 'NONE',  ( -4.003916925462815968, -0.7999999999999986011, 64.92274037234973605 ) ) ;
#1628 = ORIENTED_EDGE ( 'NONE', *, *, #2124, .T. ) ;
#1629 = LINE ( 'NONE', #2810, #4263 ) ;
#1630 = CARTESIAN_POINT ( 'NONE',  ( 13.52857643105618024, 5.814612198615818537E-15, 54.51691271297752905 ) ) ;
#1631 = CARTESIAN_POINT ( 'NONE',  ( 5.012984221117342543, -1.779949199898000378, -48.18897252795810004 ) ) ;
#1632 = LINE ( 'NONE', #6361, #6565 ) ;
#1633 = CARTESIAN_POINT ( 'NONE',  ( -8.441429259566644916, 5.785464988152818125E-15, 64.23526254396024626 ) ) ;
#1634 = CARTESIAN_POINT ( 'NONE',  ( -1.173441303166403049, -3.600000000000000533, -66.66119728367199571 ) ) ;
#1635 = CARTESIAN_POINT ( 'NONE',  ( 5.711187450404848320, -0.8000000000000268008, 64.21724758933575572 ) ) ;
#1636 = DIRECTION ( 'NONE',  ( 0.000000000000000000, 0.7071067811865445751, 0.7071067811865503483 ) ) ;
#1637 = CARTESIAN_POINT ( 'NONE',  ( -14.88271404167153200, -0.7999999999999938272, 35.04235920214424027 ) ) ;
#1638 = CARTESIAN_POINT ( 'NONE',  ( 7.528504493713856327, -0.8000000000000002665, 64.04354586483481171 ) ) ;
#1639 = ORIENTED_EDGE ( 'NONE', *, *, #701, .T. ) ;
#1640 = CARTESIAN_POINT ( 'NONE',  ( -7.706634758503892790, 5.747153096339936800E-15, 64.99303747845492296 ) ) ;
#1641 = FACE_OUTER_BOUND ( 'NONE', #1626, .T. ) ;
#1642 = CARTESIAN_POINT ( 'NONE',  ( -11.23970971690213894, -3.600000000000000089, -63.83762335103300245 ) ) ;
#1643 = CARTESIAN_POINT ( 'NONE',  ( -17.24700049316108164, -3.600000000000000533, -51.15840054147352589 ) ) ;
#1644 = CARTESIAN_POINT ( 'NONE',  ( -1.691041974500925082, -3.600000000000000089, -22.64298593906961798 ) ) ;
#1645 = DIRECTION ( 'NONE',  ( 0.000000000000000000, 0.000000000000000000, -1.000000000000000000 ) ) ;
#1646 = CARTESIAN_POINT ( 'NONE',  ( -5.015359605249032349, 0.000000000000000000, -68.32383553124179798 ) ) ;
#1647 = CARTESIAN_POINT ( 'NONE',  ( -6.152030396659749378, -3.000000000000010658, 66.64820333447751466 ) ) ;
#1648 = CARTESIAN_POINT ( 'NONE',  ( 5.277636878413889399, 5.717835453053227630E-15, 66.57255964876904386 ) ) ;
#1649 = ADVANCED_FACE ( 'NONE', ( #5101 ), #4603, .F. ) ;
#1650 = CARTESIAN_POINT ( 'NONE',  ( 17.26189931500633890, -3.599999999999999645, -50.32375686824168781 ) ) ;
#1651 = CARTESIAN_POINT ( 'NONE',  ( 16.21146523536252815, -3.000000000000010658, -58.40048936857925099 ) ) ;
#1652 = CARTESIAN_POINT ( 'NONE',  ( -17.11451684466705103, -2.000000000000000000, 47.87040893542223330 ) ) ;
#1653 = AXIS2_PLACEMENT_3D ( 'NONE', #4632, #1698, #5699 ) ;
#1654 = EDGE_CURVE ( 'NONE', #5933, #3950, #4530, .T. ) ;
#1655 = CYLINDRICAL_SURFACE ( 'NONE', #3025, 16.60000000000261977 ) ;
#1656 = CARTESIAN_POINT ( 'NONE',  ( 3.988095387429731353, -0.03847762930330875936, 66.76155714477182812 ) ) ;
#1657 = LINE ( 'NONE', #4588, #6909 ) ;
#1658 = CARTESIAN_POINT ( 'NONE',  ( 3.432047308752212977, -0.7999999999999999334, 66.00327821100171377 ) ) ;
#1659 = VERTEX_POINT ( 'NONE', #3387 ) ;
#1660 = CARTESIAN_POINT ( 'NONE',  ( 8.340754359505424986, -3.000000000000011546, -66.11932873658132337 ) ) ;
#1661 = CARTESIAN_POINT ( 'NONE',  ( 9.945772026443400193, -3.000000000000010214, 63.41424406013032922 ) ) ;
#1662 = CARTESIAN_POINT ( 'NONE',  ( -12.95863812633090717, -3.600000000000000977, 56.83009105760781665 ) ) ;
#1663 = ORIENTED_EDGE ( 'NONE', *, *, #1773, .F. ) ;
#1664 = CARTESIAN_POINT ( 'NONE',  ( -17.27855539099451931, -3.600000000000000089, -45.82733417290516087 ) ) ;
#1665 = DIRECTION ( 'NONE',  ( 6.409306129323724811E-18, -0.9986295347545739443, 0.05233595624294395260 ) ) ;
#1666 = DIRECTION ( 'NONE',  ( 0.000000000000000000, 0.000000000000000000, 1.000000000000000000 ) ) ;
#1667 = EDGE_CURVE ( 'NONE', #1795, #4211, #1088, .T. ) ;
#1668 = AXIS2_PLACEMENT_3D ( 'NONE', #748, #5402, #5324 ) ;
#1669 = CARTESIAN_POINT ( 'NONE',  ( -13.32684184070759059, 6.295865889034126830E-15, 55.11556662266060869 ) ) ;
#1670 = CARTESIAN_POINT ( 'NONE',  ( -1.798036209121936402, -3.600000000000000089, -66.66279451086377605 ) ) ;
#1671 = CARTESIAN_POINT ( 'NONE',  ( 8.172944861672505112, -0.7999999999926498129, 63.32838255846785103 ) ) ;
#1672 = AXIS2_PLACEMENT_3D ( 'NONE', #3983, #7436, #4587 ) ;
#1673 = CARTESIAN_POINT ( 'NONE',  ( 17.19161632186290944, -3.600000000000000089, 35.83850701127423832 ) ) ;
#1674 = CARTESIAN_POINT ( 'NONE',  ( 8.311773448114569973, -0.8000000000000000444, 63.14947673498433289 ) ) ;
#1675 = VERTEX_POINT ( 'NONE', #2853 ) ;
#1676 = CIRCLE ( 'NONE', #4596, 16.60000000000261977 ) ;
#1677 = CARTESIAN_POINT ( 'NONE',  ( -8.103260874776772482, 6.381078463651452759E-15, 64.59987778330118147 ) ) ;
#1678 = CARTESIAN_POINT ( 'NONE',  ( -2.000000000000005329, 0.000000000000000000, -69.40000000000003411 ) ) ;
#1679 = CARTESIAN_POINT ( 'NONE',  ( 0.05589225412891188349, -3.600000000000000533, -66.65441630574103726 ) ) ;
#1680 = CARTESIAN_POINT ( 'NONE',  ( -17.27646312707310372, -3.600000000000000089, -49.45911940341481028 ) ) ;
#1681 = VECTOR ( 'NONE', #2325, 1000.000000000000114 ) ;
#1682 = CARTESIAN_POINT ( 'NONE',  ( -2.523655686822356525, 5.637851296924623057E-15, 66.81603276870276886 ) ) ;
#1683 = CARTESIAN_POINT ( 'NONE',  ( -2.000000000000005329, 0.000000000000000000, -52.00000000000000711 ) ) ;
#1684 = CARTESIAN_POINT ( 'NONE',  ( 6.038058704753639816, 5.910532178127187238E-15, 66.23508536636032318 ) ) ;
#1685 = CARTESIAN_POINT ( 'NONE',  ( 17.28964642514923256, -3.600000000000001421, -48.28838458488641550 ) ) ;
#1686 = ADVANCED_FACE ( 'NONE', ( #5134 ), #3036, .F. ) ;
#1687 = VECTOR ( 'NONE', #3962, 1000.000000000000114 ) ;
#1688 = CARTESIAN_POINT ( 'NONE',  ( 11.98741141436400781, -3.000000000000009326, -64.00557078605000072 ) ) ;
#1689 = DIRECTION ( 'NONE',  ( -0.000000000000000000, 1.000000000000000000, -0.000000000000000000 ) ) ;
#1690 = CARTESIAN_POINT ( 'NONE',  ( 12.33703577386310535, -2.000000000000000000, -63.72380043343677158 ) ) ;
#1691 = CARTESIAN_POINT ( 'NONE',  ( -14.25575799097778074, -3.600000000000000089, -33.65427299466726652 ) ) ;
#1692 = CARTESIAN_POINT ( 'NONE',  ( 13.56487331926901163, -2.000000000000000444, 57.07628831986314566 ) ) ;
#1693 = AXIS2_PLACEMENT_3D ( 'NONE', #6815, #3431, #3929 ) ;
#1694 = EDGE_LOOP ( 'NONE', ( #5895, #204, #5409, #935 ) ) ;
#1695 = EDGE_CURVE ( 'NONE', #3677, #7214, #580, .T. ) ;
#1696 = ADVANCED_FACE ( 'NONE', ( #6217 ), #6324, .F. ) ;
#1697 = CARTESIAN_POINT ( 'NONE',  ( -1.024894254304953733, -2.000000000000000000, -67.25443076656914343 ) ) ;
#1698 = DIRECTION ( 'NONE',  ( 0.000000000000000000, -1.000000000000000000, 0.000000000000000000 ) ) ;
#1699 = AXIS2_PLACEMENT_3D ( 'NONE', #5802, #388, #1645 ) ;
#1700 = VECTOR ( 'NONE', #1112, 1000.000000000000000 ) ;
#1701 = CARTESIAN_POINT ( 'NONE',  ( 17.27803399618220226, -3.599999999999999201, 15.51020415704618749 ) ) ;
#1702 = ORIENTED_EDGE ( 'NONE', *, *, #2573, .T. ) ;
#1703 = EDGE_LOOP ( 'NONE', ( #3628, #1749, #745, #3140 ) ) ;
#1704 = CARTESIAN_POINT ( 'NONE',  ( -17.26769879168640998, -3.600000000000000089, -45.12241302378247809 ) ) ;
#1705 = CARTESIAN_POINT ( 'NONE',  ( 14.25575799097778074, -3.099999999999988987, -33.15427299466725231 ) ) ;
#1706 = DIRECTION ( 'NONE',  ( -2.490616614462980185E-08, 0.000000000000000000, 0.9999999999999996669 ) ) ;
#1707 = CARTESIAN_POINT ( 'NONE',  ( -3.702207957310729380, -0.7999999999999999334, 66.00317815137613309 ) ) ;
#1708 = CARTESIAN_POINT ( 'NONE',  ( -1.541840209924763894, -3.600000000000000089, -66.66284075642785467 ) ) ;
#1709 = CARTESIAN_POINT ( 'NONE',  ( 7.908090979939146337, -0.8000000000011794343, 63.63768164239085223 ) ) ;
#1710 = CARTESIAN_POINT ( 'NONE',  ( 15.65417712149285911, -3.599999999999999645, 47.97749125104651569 ) ) ;
#1711 = CARTESIAN_POINT ( 'NONE',  ( 7.420650448818677525, -0.8000000000000001554, 64.15479295007493477 ) ) ;
#1712 = EDGE_LOOP ( 'NONE', ( #471, #6349, #7329, #1486 ) ) ;
#1713 = CARTESIAN_POINT ( 'NONE',  ( -5.956255374872955421, 5.422037296504262036E-15, 66.27657288543903746 ) ) ;
#1714 = LINE ( 'NONE', #5760, #4138 ) ;
#1715 = CARTESIAN_POINT ( 'NONE',  ( -10.20661726269753444, -3.600000000000000533, -64.51654173005331927 ) ) ;
#1716 = CARTESIAN_POINT ( 'NONE',  ( 1.112135409380180739, -3.599999999999999201, -66.66078488081510045 ) ) ;
#1717 = CARTESIAN_POINT ( 'NONE',  ( -17.15556564710239229, -3.600000000000001421, -52.85532099234147552 ) ) ;
#1718 = CARTESIAN_POINT ( 'NONE',  ( -3.865759175629675859, 5.637851296924624635E-15, 66.80144806845622441 ) ) ;
#1719 = CARTESIAN_POINT ( 'NONE',  ( -14.05224567068817443, -3.000000000000011546, 55.69264210422347361 ) ) ;
#1720 = CARTESIAN_POINT ( 'NONE',  ( 6.696476200893117792, 5.745275265999265306E-15, 65.81979317421804865 ) ) ;
#1721 = VERTEX_POINT ( 'NONE', #510 ) ;
#1722 = ORIENTED_EDGE ( 'NONE', *, *, #4695, .F. ) ;
#1723 = CARTESIAN_POINT ( 'NONE',  ( 17.10626824359004772, -3.599999999999999201, -53.26973983565163451 ) ) ;
#1724 = CARTESIAN_POINT ( 'NONE',  ( 12.14625836395963709, 0.000000000000000000, 62.27563060541879736 ) ) ;
#1725 = ADVANCED_FACE ( 'NONE', ( #3317 ), #770, .F. ) ;
#1726 = FACE_OUTER_BOUND ( 'NONE', #4560, .T. ) ;
#1727 = LINE ( 'NONE', #3985, #3045 ) ;
#1728 = CARTESIAN_POINT ( 'NONE',  ( -18.60085817170184086, -2.000000000000000000, 36.02436323968346699 ) ) ;
#1729 = EDGE_LOOP ( 'NONE', ( #470, #4700, #4201, #4182 ) ) ;
#1730 = CARTESIAN_POINT ( 'NONE',  ( 2.155825656845919980, -3.000000000000010214, 66.87631991119057773 ) ) ;
#1731 = CARTESIAN_POINT ( 'NONE',  ( 7.900157666222965780, -3.600000000000000089, 64.76044201107175979 ) ) ;
#1732 = CARTESIAN_POINT ( 'NONE',  ( -11.84796539618604960, -0.7999999999999996003, 56.78891755096549332 ) ) ;
#1733 = CARTESIAN_POINT ( 'NONE',  ( -3.083650669016535506, -2.000000000000000000, -67.31332803073999571 ) ) ;
#1734 = CARTESIAN_POINT ( 'NONE',  ( 7.792967587344433511, -3.000000000000006661, 65.64321246361907924 ) ) ;
#1735 = CARTESIAN_POINT ( 'NONE',  ( -14.17557335181000333, -3.600000000000000533, 53.51234117962143699 ) ) ;
#1736 = CARTESIAN_POINT ( 'NONE',  ( -6.323972557716355247, -0.8000000000002331912, 65.10945540918640972 ) ) ;
#1737 = ORIENTED_EDGE ( 'NONE', *, *, #2069, .F. ) ;
#1738 = VERTEX_POINT ( 'NONE', #1177 ) ;
#1739 = CARTESIAN_POINT ( 'NONE',  ( -17.29265188906501294, -3.600000000000000977, -47.46223024335188967 ) ) ;
#1740 = CYLINDRICAL_SURFACE ( 'NONE', #5073, 1.449999999999999956 ) ;
#1741 = CARTESIAN_POINT ( 'NONE',  ( -12.33703577391769102, -3.000000000000010658, -63.72380043338684885 ) ) ;
#1742 = EDGE_CURVE ( 'NONE', #6964, #44, #573, .T. ) ;
#1743 = CARTESIAN_POINT ( 'NONE',  ( -13.46316754244874936, 5.586393374625980364E-15, 54.71674945715379579 ) ) ;
#1744 = CARTESIAN_POINT ( 'NONE',  ( -1.117352452857530043, -3.600000000000000533, -66.66082625872145684 ) ) ;
#1745 = CARTESIAN_POINT ( 'NONE',  ( 17.85576521892971158, -3.000000000000010658, -43.79026923235565505 ) ) ;
#1746 = CARTESIAN_POINT ( 'NONE',  ( 5.863111673348232245, -0.8000000000000268008, 64.10351525084124091 ) ) ;
#1747 = CARTESIAN_POINT ( 'NONE',  ( 16.02142709608843063, -3.600000000000000089, 46.14518759018670835 ) ) ;
#1748 = CARTESIAN_POINT ( 'NONE',  ( 9.317164133628448752, -0.7999999999999991562, 61.75594216731613528 ) ) ;
#1749 = ORIENTED_EDGE ( 'NONE', *, *, #5439, .T. ) ;
#1750 = CARTESIAN_POINT ( 'NONE',  ( -6.565003511640219891, 5.816641404430275514E-15, 65.91274863827129593 ) ) ;
#1751 = ORIENTED_EDGE ( 'NONE', *, *, #7131, .F. ) ;
#1752 = CARTESIAN_POINT ( 'NONE',  ( 4.032473779504402778, 6.460229641349414938E-15, 66.79953861285925143 ) ) ;
#1753 = CARTESIAN_POINT ( 'NONE',  ( -11.05039943204408459, -3.000000000000011102, -64.69567122126947822 ) ) ;
#1754 = CARTESIAN_POINT ( 'NONE',  ( -2.000000000000005329, 0.000000000000000000, -52.00000000000000711 ) ) ;
#1755 = CARTESIAN_POINT ( 'NONE',  ( -15.87615486665897357, -3.600000000000000977, -57.69717907732885465 ) ) ;
#1756 = CARTESIAN_POINT ( 'NONE',  ( 6.403822841543540534, 6.048099411270470657E-15, 66.01695674442090933 ) ) ;
#1757 = CARTESIAN_POINT ( 'NONE',  ( -3.540109240962093562, -3.599999999999999645, 66.27630717917503489 ) ) ;
#1758 = CARTESIAN_POINT ( 'NONE',  ( -17.30197150604081102, -3.600000000000000089, 22.32885134609638556 ) ) ;
#1759 = CARTESIAN_POINT ( 'NONE',  ( 17.88724251148755684, -3.000000000000010658, -48.96963389009766132 ) ) ;
#1760 = EDGE_CURVE ( 'NONE', #6183, #696, #2672, .T. ) ;
#1761 = LINE ( 'NONE', #3372, #6547 ) ;
#1762 = CARTESIAN_POINT ( 'NONE',  ( -3.905701016415300764, -3.600000000000000533, 66.27632641902609123 ) ) ;
#1763 = CARTESIAN_POINT ( 'NONE',  ( -15.07151456227785857, -2.000000000000000000, 55.58688295882875252 ) ) ;
#1764 = ORIENTED_EDGE ( 'NONE', *, *, #6053, .F. ) ;
#1765 = CARTESIAN_POINT ( 'NONE',  ( 11.15490869992284395, 5.742068954327374625E-15, 60.20610575932176545 ) ) ;
#1766 = CARTESIAN_POINT ( 'NONE',  ( 7.412405985941965980, -3.599999999999997868, 65.17833762647673268 ) ) ;
#1767 = CARTESIAN_POINT ( 'NONE',  ( -13.96551314709573965, -0.8000000000000000444, 50.07766719441249847 ) ) ;
#1768 = CARTESIAN_POINT ( 'NONE',  ( 11.05069944791213210, -3.000000000000011102, -64.69548150205103809 ) ) ;
#1769 = CARTESIAN_POINT ( 'NONE',  ( -5.056483805486652550, -0.8000000000001560307, 65.80240146825636316 ) ) ;
#1770 = DIRECTION ( 'NONE',  ( 0.000000000000000000, 0.000000000000000000, -1.000000000000000000 ) ) ;
#1771 = VERTEX_POINT ( 'NONE', #1691 ) ;
#1772 = CARTESIAN_POINT ( 'NONE',  ( -17.29216242230098288, -3.600000000000000089, -47.76913191510166001 ) ) ;
#1773 = EDGE_CURVE ( 'NONE', #2487, #7109, #2304, .T. ) ;
#1774 = CARTESIAN_POINT ( 'NONE',  ( -3.810036809055219464, -0.7999999999999999334, -15.87497125981866475 ) ) ;
#1775 = CARTESIAN_POINT ( 'NONE',  ( -17.90410878738295253, -3.000000000000010658, -46.61837408620933587 ) ) ;
#1776 = CARTESIAN_POINT ( 'NONE',  ( -11.65317989432217338, 5.826590460482643046E-15, 59.21017519318947819 ) ) ;
#1777 = CARTESIAN_POINT ( 'NONE',  ( -2.167472549280890615, -3.599999999999999645, -66.66002262023224034 ) ) ;
#1778 = CARTESIAN_POINT ( 'NONE',  ( 7.259572348195817426, -0.7999999999983804511, 64.31560321158190163 ) ) ;
#1779 = CARTESIAN_POINT ( 'NONE',  ( -11.27547799389877170, -3.599999999999997868, 60.32725887918230256 ) ) ;
#1780 = CARTESIAN_POINT ( 'NONE',  ( 14.40985709213014232, -3.600000000000000533, 52.77207079179974158 ) ) ;
#1781 = CARTESIAN_POINT ( 'NONE',  ( 7.384336833936922417, -0.7999999999999998224, 64.19153329043324163 ) ) ;
#1782 = EDGE_CURVE ( 'NONE', #5353, #5180, #1657, .T. ) ;
#1783 = CARTESIAN_POINT ( 'NONE',  ( -7.237881497982423085, 5.605721671917313413E-15, 65.40778810986284952 ) ) ;
#1784 = ORIENTED_EDGE ( 'NONE', *, *, #1400, .T. ) ;
#1785 = CIRCLE ( 'NONE', #7372, 2.149999999999999023 ) ;
#1786 = CARTESIAN_POINT ( 'NONE',  ( 3.989862147828148409, 5.903484735656527289E-15, 66.80002485031198489 ) ) ;
#1787 = CARTESIAN_POINT ( 'NONE',  ( -8.330942222201247915, -3.000000000000010214, -66.12324946506876699 ) ) ;
#1788 = CARTESIAN_POINT ( 'NONE',  ( 0.7359401360004032000, -3.600000000000000089, -66.65796262229696367 ) ) ;
#1789 = CARTESIAN_POINT ( 'NONE',  ( -17.84689014207233981, -3.000000000000010214, -51.16998134443424107 ) ) ;
#1790 = CIRCLE ( 'NONE', #6426, 2.600000000000004974 ) ;
#1791 = CARTESIAN_POINT ( 'NONE',  ( -15.50273852928351559, -3.000000000000010658, 51.16243461841242635 ) ) ;
#1792 = EDGE_CURVE ( 'NONE', #6875, #7130, #4850, .T. ) ;
#1793 = CARTESIAN_POINT ( 'NONE',  ( 17.20215038902738414, -3.000000000000009770, -55.75334550065948491 ) ) ;
#1794 = CARTESIAN_POINT ( 'NONE',  ( 6.835690448733233282, 5.347537368057977290E-15, 65.71944358460653746 ) ) ;
#1795 = VERTEX_POINT ( 'NONE', #498 ) ;
#1796 = CARTESIAN_POINT ( 'NONE',  ( -3.309232599425369958, -3.599999999999999201, 66.27630199185215076 ) ) ;
#1797 = CARTESIAN_POINT ( 'NONE',  ( -17.27359309397920839, -3.600000000000000089, 14.65742239313097706 ) ) ;
#1798 = DIRECTION ( 'NONE',  ( 0.000000000000000000, -1.000000000000000000, 0.000000000000000000 ) ) ;
#1799 = CIRCLE ( 'NONE', #6310, 2.650000000000013678 ) ;
#1800 = DIRECTION ( 'NONE',  ( 0.000000000000000000, 0.000000000000000000, -1.000000000000000000 ) ) ;
#1801 = CARTESIAN_POINT ( 'NONE',  ( -3.790261597781682479, -3.599999999999999645, 66.27631559443817366 ) ) ;
#1802 = AXIS2_PLACEMENT_3D ( 'NONE', #312, #6119, #3906 ) ;
#1803 = CARTESIAN_POINT ( 'NONE',  ( -7.426897457272863434, -2.000000000000000000, 67.50674745008359423 ) ) ;
#1804 = ORIENTED_EDGE ( 'NONE', *, *, #3107, .F. ) ;
#1805 = CARTESIAN_POINT ( 'NONE',  ( 14.25575799097778074, -3.099999999999988987, -31.00427299466725017 ) ) ;
#1806 = CARTESIAN_POINT ( 'NONE',  ( -3.810036809055219020, -2.100000000000016520, -20.87497125981866475 ) ) ;
#1807 = DIRECTION ( 'NONE',  ( 0.000000000000000000, 0.000000000000000000, 1.000000000000000000 ) ) ;
#1808 = CARTESIAN_POINT ( 'NONE',  ( -12.83352058633638570, -3.600000000000000533, 57.13108275674603220 ) ) ;
#1809 = CARTESIAN_POINT ( 'NONE',  ( 7.887694908782370895, -3.600000000000000977, 64.77165585963338401 ) ) ;
#1810 = CARTESIAN_POINT ( 'NONE',  ( -15.90431475287519980, -0.8000000000000002665, 36.14447188243068609 ) ) ;
#1811 = AXIS2_PLACEMENT_3D ( 'NONE', #5669, #1027, #1706 ) ;
#1812 = CARTESIAN_POINT ( 'NONE',  ( 7.053582968555049959, -3.600000000000000089, 65.44274005947551132 ) ) ;
#1813 = CARTESIAN_POINT ( 'NONE',  ( 17.30018373601328108, -3.600000000000000089, 26.54740865065866018 ) ) ;
#1814 = AXIS2_PLACEMENT_3D ( 'NONE', #5649, #2100, #1615 ) ;
#1815 = CARTESIAN_POINT ( 'NONE',  ( -5.166193933367742908, -0.7999999999999799494, 64.57036821072784960 ) ) ;
#1816 = CARTESIAN_POINT ( 'NONE',  ( -3.781266663484896373, -0.03847763108503565732, 66.76388634948446565 ) ) ;
#1817 = ORIENTED_EDGE ( 'NONE', *, *, #2911, .T. ) ;
#1818 = CARTESIAN_POINT ( 'NONE',  ( -17.28481940090853541, -3.599999999999999201, -48.81471820048719934 ) ) ;
#1819 = CARTESIAN_POINT ( 'NONE',  ( 5.226205351080764672, -3.599999999999999201, 66.20173908538721719 ) ) ;
#1820 = TOROIDAL_SURFACE ( 'NONE', #5109, 12.92304473782994378, 2.600000000000000089 ) ;
#1821 = VECTOR ( 'NONE', #352, 1000.000000000000000 ) ;
#1822 = CARTESIAN_POINT ( 'NONE',  ( -2.102007643732767939, -0.8000000000000000444, 66.02056760167012328 ) ) ;
#1823 = CARTESIAN_POINT ( 'NONE',  ( -14.92357106646954890, -3.599999999999999201, 51.00556933193666964 ) ) ;
#1824 = CARTESIAN_POINT ( 'NONE',  ( 15.07854680010362536, -3.599999999999998312, 50.41175753739623389 ) ) ;
#1825 = CARTESIAN_POINT ( 'NONE',  ( 6.393672436360036571, -0.03847761889571637423, 65.97800267694547927 ) ) ;
#1826 = CARTESIAN_POINT ( 'NONE',  ( -12.41255110449665366, -3.599999999999999645, 58.08214017510504590 ) ) ;
#1827 = CARTESIAN_POINT ( 'NONE',  ( -15.34046954538473173, -0.03847773586798094309, 47.43696553103139735 ) ) ;
#1828 = CARTESIAN_POINT ( 'NONE',  ( 5.375217451484706643, -0.8000000000000007105, 65.67133681885457008 ) ) ;
#1829 = CARTESIAN_POINT ( 'NONE',  ( -4.800887170386896940, 5.635938484258110344E-15, 66.70986900565002031 ) ) ;
#1830 = EDGE_LOOP ( 'NONE', ( #2582, #3709, #3782, #4315, #629, #1265, #6898, #6546 ) ) ;
#1831 = CARTESIAN_POINT ( 'NONE',  ( 4.179563260500966493, 5.887771687285186779E-15, 66.79443800562900435 ) ) ;
#1832 = CARTESIAN_POINT ( 'NONE',  ( -8.450887771498182488, -3.599999999999999645, -65.42408090101682205 ) ) ;
#1833 = CARTESIAN_POINT ( 'NONE',  ( 1.103002774500170036, -3.599999999999999645, -66.66072132940328743 ) ) ;
#1834 = CARTESIAN_POINT ( 'NONE',  ( -14.51345712330064508, -3.599999999999999645, -60.21057426396117052 ) ) ;
#1835 = DIRECTION ( 'NONE',  ( 0.000000000000000000, 0.000000000000000000, 1.000000000000000000 ) ) ;
#1836 = CARTESIAN_POINT ( 'NONE',  ( 3.827981770301937647, 5.637851296924621479E-15, 66.80097314000721553 ) ) ;
#1837 = CARTESIAN_POINT ( 'NONE',  ( -1.231342856198484714, -3.600000000000000533, 66.27632928997141448 ) ) ;
#1838 = CARTESIAN_POINT ( 'NONE',  ( -17.26455549698669856, -3.600000000000000089, 12.92875126069772840 ) ) ;
#1839 = CARTESIAN_POINT ( 'NONE',  ( 7.177162693534647531, -3.600000000000000089, 65.35167552433954086 ) ) ;
#1840 = CARTESIAN_POINT ( 'NONE',  ( -16.60725181414257534, -2.000000000000000000, -57.68579861198703895 ) ) ;
#1841 = DIRECTION ( 'NONE',  ( 0.000000000000000000, 1.000000000000000000, 0.000000000000000000 ) ) ;
#1842 = FILL_AREA_STYLE_COLOUR ( '', #348 ) ;
#1843 = ORIENTED_EDGE ( 'NONE', *, *, #2919, .T. ) ;
#1844 = CARTESIAN_POINT ( 'NONE',  ( -3.972661936725665477, -2.000000000000000000, -69.69035344144921851 ) ) ;
#1845 = CARTESIAN_POINT ( 'NONE',  ( -10.99515601094792849, -3.000000000000010658, -64.72998015950946638 ) ) ;
#1846 = CARTESIAN_POINT ( 'NONE',  ( 8.596959460140697118, -3.599999999999999645, 64.07458508927379626 ) ) ;
#1847 = CARTESIAN_POINT ( 'NONE',  ( 17.30264708524403261, -3.600000000000001865, 24.11025934384481673 ) ) ;
#1848 = CARTESIAN_POINT ( 'NONE',  ( 4.134613821210340490, -3.600000000000000089, 66.27614448720038354 ) ) ;
#1849 = CARTESIAN_POINT ( 'NONE',  ( -7.689036464292518858, -0.03847766799973668245, 64.96036082227051622 ) ) ;
#1850 = CARTESIAN_POINT ( 'NONE',  ( 14.25575799097778784, -3.600000000000000089, 27.00011359384848220 ) ) ;
#1851 = ORIENTED_EDGE ( 'NONE', *, *, #2019, .F. ) ;
#1852 = CARTESIAN_POINT ( 'NONE',  ( 2.000000000000000444, -2.000000000000000000, -70.00000000000000000 ) ) ;
#1853 = PRODUCT_DEFINITION_SHAPE ( 'NONE', 'NONE',  #5069 ) ;
#1854 = CARTESIAN_POINT ( 'NONE',  ( -4.063522687628954522, -0.8000000000000003775, 65.99851249907568729 ) ) ;
#1855 = CARTESIAN_POINT ( 'NONE',  ( 9.288817668151768459, -3.599999999999999645, 63.27698809722622286 ) ) ;
#1856 = CARTESIAN_POINT ( 'NONE',  ( 4.353535288793661806, -0.03847771028921154884, 66.74679470761664390 ) ) ;
#1857 = CARTESIAN_POINT ( 'NONE',  ( 5.012984221117342543, -3.600300000945172219, -49.63897252795809578 ) ) ;
#1858 = CARTESIAN_POINT ( 'NONE',  ( 14.26321805262241504, -3.600000000000000977, 53.23928213193650549 ) ) ;
#1859 = CARTESIAN_POINT ( 'NONE',  ( -15.02364382061466230, -0.03847724487546325123, 48.96931374431459716 ) ) ;
#1860 = CARTESIAN_POINT ( 'NONE',  ( -2.000000000000005329, 0.000000000000000000, -52.00000000000000711 ) ) ;
#1861 = CARTESIAN_POINT ( 'NONE',  ( 5.927655409364191108, -0.7999999999999999334, 65.37158710718760801 ) ) ;
#1862 = CARTESIAN_POINT ( 'NONE',  ( -6.316183978086710837, 6.437647771999399915E-15, 66.07177643930712918 ) ) ;
#1863 = ORIENTED_EDGE ( 'NONE', *, *, #838, .F. ) ;
#1864 = LINE ( 'NONE', #4723, #5969 ) ;
#1865 = CARTESIAN_POINT ( 'NONE',  ( -9.850138344370911625, -3.000000000000011990, -65.41489583676434449 ) ) ;
#1866 = CARTESIAN_POINT ( 'NONE',  ( -17.88199075156109785, -3.000000000000010214, -46.04989286677712101 ) ) ;
#1867 = CARTESIAN_POINT ( 'NONE',  ( -4.030036032104273858, 5.605302144977318866E-15, 66.79954276618795461 ) ) ;
#1868 = CARTESIAN_POINT ( 'NONE',  ( 16.16249065454467981, 5.446377214165649894E-15, 42.43188987313862981 ) ) ;
#1869 = CARTESIAN_POINT ( 'NONE',  ( 17.70107556975197483, -3.000000000000010658, -53.34862522368806736 ) ) ;
#1870 = CARTESIAN_POINT ( 'NONE',  ( 15.71137446363118251, -0.7999999999999997113, 39.03643031543419539 ) ) ;
#1871 = VERTEX_POINT ( 'NONE', #3986 ) ;
#1872 = CARTESIAN_POINT ( 'NONE',  ( -4.693255393486216676, -3.599999999999999201, 66.26266940551784046 ) ) ;
#1873 = CARTESIAN_POINT ( 'NONE',  ( -17.28267743768190812, -3.600000000000000977, 16.44023575735264941 ) ) ;
#1874 = CARTESIAN_POINT ( 'NONE',  ( -11.38457071826373834, -2.000000000000000000, 63.34805667304306809 ) ) ;
#1875 = CARTESIAN_POINT ( 'NONE',  ( -2.000000000000005329, -0.7999999999999999334, -52.00000000000000711 ) ) ;
#1876 = CARTESIAN_POINT ( 'NONE',  ( -17.25669548384256302, -3.600000000000000089, -50.61520843551242876 ) ) ;
#1877 = CARTESIAN_POINT ( 'NONE',  ( -18.60000000000000142, -2.000000000000000000, -52.00000000000000711 ) ) ;
#1878 =( NAMED_UNIT ( * ) PLANE_ANGLE_UNIT ( ) SI_UNIT ( $, .RADIAN. ) );
#1879 = ADVANCED_FACE ( 'NONE', ( #575 ), #342, .F. ) ;
#1880 = VERTEX_POINT ( 'NONE', #2837 ) ;
#1881 = CARTESIAN_POINT ( 'NONE',  ( 17.99318003377439368, 0.000000000000000000, 42.64261070176490165 ) ) ;
#1882 = CARTESIAN_POINT ( 'NONE',  ( 15.60130569639834874, 5.506759357227617458E-15, 46.16450709184741896 ) ) ;
#1883 = CARTESIAN_POINT ( 'NONE',  ( 11.41992022301607079, -2.000000000000000000, -64.46282546924014412 ) ) ;
#1884 = CARTESIAN_POINT ( 'NONE',  ( -3.991402295613218687, -0.7168719409427635192, 65.59690495205090599 ) ) ;
#1885 = CARTESIAN_POINT ( 'NONE',  ( 4.757469588873266986, -3.600000000000000089, 66.25829369198810070 ) ) ;
#1886 = EDGE_CURVE ( 'NONE', #1318, #4481, #4254, .T. ) ;
#1887 = CARTESIAN_POINT ( 'NONE',  ( -5.528787284405064284, -0.03847860034679159019, 66.43575321471151085 ) ) ;
#1888 = VERTEX_POINT ( 'NONE', #5658 ) ;
#1889 = CARTESIAN_POINT ( 'NONE',  ( -3.867684745542546043, -0.8000000000006131096, 66.00137990751916561 ) ) ;
#1890 = ORIENTED_EDGE ( 'NONE', *, *, #6833, .T. ) ;
#1891 = FACE_OUTER_BOUND ( 'NONE', #117, .T. ) ;
#1892 = VECTOR ( 'NONE', #1609, 1000.000000000000114 ) ;
#1893 = CARTESIAN_POINT ( 'NONE',  ( -5.350559950755326533, -0.7999999999999999334, 65.68249384642837185 ) ) ;
#1894 = CARTESIAN_POINT ( 'NONE',  ( 7.177219486681547522, -3.600000000000000089, 65.35163367658014977 ) ) ;
#1895 = CARTESIAN_POINT ( 'NONE',  ( 5.113400281524681290, -0.03847763881150578769, 66.58688493423777288 ) ) ;
#1896 = SHAPE_DEFINITION_REPRESENTATION ( #1853, #5373 ) ;
#1897 = CARTESIAN_POINT ( 'NONE',  ( 13.08207505273924909, -3.600000000000001421, 56.52850608372158092 ) ) ;
#1898 = B_SPLINE_CURVE_WITH_KNOTS ( 'NONE', 3,
 ( #207, #4258, #6009, #4743, #3117, #7062, #1845, #3252, #3398 ),
 .UNSPECIFIED., .F., .F.,
 ( 4, 1, 1, 1, 1, 1, 4 ),
 ( 0.000000000000000000, 0.2499999999999999722, 0.4999999999999999445, 0.7499999999999998890, 0.8750000000000000000, 0.9375000000000000000, 1.000000000000000000 ),
 .UNSPECIFIED. ) ;
#1899 = DIRECTION ( 'NONE',  ( 0.000000000000000000, 0.000000000000000000, -1.000000000000000000 ) ) ;
#1900 = CARTESIAN_POINT ( 'NONE',  ( 4.682569100928168027, -0.8000000000000008216, 65.91659278750121587 ) ) ;
#1901 = EDGE_CURVE ( 'NONE', #7445, #2339, #7438, .T. ) ;
#1902 = CARTESIAN_POINT ( 'NONE',  ( 5.538101393364256886, 5.743339941694825027E-15, 66.47294509349224256 ) ) ;
#1903 = CARTESIAN_POINT ( 'NONE',  ( -3.091127002318543759, -3.600000000000000977, -66.63211587290064131 ) ) ;
#1904 = CARTESIAN_POINT ( 'NONE',  ( 2.953207203815663373, -3.599999999999999645, -66.63838883614523922 ) ) ;
#1905 = CARTESIAN_POINT ( 'NONE',  ( -16.95310780039953258, -3.599999999999998757, -54.20793159063648403 ) ) ;
#1906 = CARTESIAN_POINT ( 'NONE',  ( -5.231203141824770420, 6.048919663868732193E-15, 66.58891224256805685 ) ) ;
#1907 = CARTESIAN_POINT ( 'NONE',  ( 17.82922337905873889, -3.000000000000009770, -51.82152809643738323 ) ) ;
#1908 = CARTESIAN_POINT ( 'NONE',  ( 15.99999998958516834, -0.8000000000000000444, 32.00012772393717597 ) ) ;
#1909 = CARTESIAN_POINT ( 'NONE',  ( -2.462684924281759002, -3.600000000000001421, 66.27631008092760112 ) ) ;
#1910 = CARTESIAN_POINT ( 'NONE',  ( -17.29098506250412015, -3.600000000000000533, 18.31988478948218102 ) ) ;
#1911 = CARTESIAN_POINT ( 'NONE',  ( -5.753981709351884355, 0.000000000000000000, 68.31988628154657306 ) ) ;
#1912 = CARTESIAN_POINT ( 'NONE',  ( 17.85576521892971158, -3.000000000000010658, -43.79026923235565505 ) ) ;
#1913 = CARTESIAN_POINT ( 'NONE',  ( -17.11607290641917700, -3.599999999999999645, -53.19437980995112270 ) ) ;
#1914 = VECTOR ( 'NONE', #4673, 1000.000000000000114 ) ;
#1915 = CARTESIAN_POINT ( 'NONE',  ( -5.375661082496240084, -3.599999999999999645, 66.17487866242395000 ) ) ;
#1916 = CARTESIAN_POINT ( 'NONE',  ( -6.872966933893358110, -2.000000000000000000, 67.83433109994184917 ) ) ;
#1917 = EDGE_LOOP ( 'NONE', ( #1247, #2820 ) ) ;
#1918 = DIRECTION ( 'NONE',  ( 0.000000000000000000, 1.000000000000000000, 0.000000000000000000 ) ) ;
#1919 = DIRECTION ( 'NONE',  ( -5.981805089575197183E-16, 0.000000000000000000, -1.000000000000000000 ) ) ;
#1920 = LINE ( 'NONE', #7103, #3594 ) ;
#1921 = CARTESIAN_POINT ( 'NONE',  ( 4.159073887561890004, -3.600000000000000533, 66.27604089722338188 ) ) ;
#1922 = CARTESIAN_POINT ( 'NONE',  ( -4.507881632541906214, -0.8000000000000044853, 64.85104098649580351 ) ) ;
#1923 = CARTESIAN_POINT ( 'NONE',  ( 17.85574221343219037, -3.000000000000010658, 11.10967525680099044 ) ) ;
#1924 = ORIENTED_EDGE ( 'NONE', *, *, #1901, .T. ) ;
#1925 = AXIS2_PLACEMENT_3D ( 'NONE', #2252, #7518, #6347 ) ;
#1926 = DIRECTION ( 'NONE',  ( 0.000000000000000000, -1.000000000000000000, 0.000000000000000000 ) ) ;
#1927 = EDGE_CURVE ( 'NONE', #4194, #6392, #5200, .T. ) ;
#1928 = CARTESIAN_POINT ( 'NONE',  ( -3.995792952270833087, -0.7999999999999997113, 65.99998266692540483 ) ) ;
#1929 = CARTESIAN_POINT ( 'NONE',  ( 12.10141404586393676, -3.599999999999999201, 58.75136608276748973 ) ) ;
#1930 = CARTESIAN_POINT ( 'NONE',  ( 5.441650796878501062, -0.03847797566288133769, 66.47066917740811220 ) ) ;
#1931 = CARTESIAN_POINT ( 'NONE',  ( 1.662983769070688789, -3.600000000000000089, -16.03897264750770191 ) ) ;
#1932 = CARTESIAN_POINT ( 'NONE',  ( -12.07749358935774531, -0.8000000000032774228, 56.22163856191404108 ) ) ;
#1933 = FACE_OUTER_BOUND ( 'NONE', #5201, .T. ) ;
#1934 = CARTESIAN_POINT ( 'NONE',  ( 4.927357766879401524, -0.7999999999999998224, 65.84680585474050929 ) ) ;
#1935 = VECTOR ( 'NONE', #4638, 1000.000000000000000 ) ;
#1936 = AXIS2_PLACEMENT_3D ( 'NONE', #1001, #2204, #3326 ) ;
#1937 = CARTESIAN_POINT ( 'NONE',  ( 6.858973410992764919, 5.649078759037370499E-15, 65.70234689291437746 ) ) ;
#1938 = CARTESIAN_POINT ( 'NONE',  ( -11.98997543310012226, -3.000000000000008882, -64.00350051292309672 ) ) ;
#1939 = CARTESIAN_POINT ( 'NONE',  ( -4.283696466126635016, 5.589407445541250786E-15, 66.78693701913115888 ) ) ;
#1940 = CARTESIAN_POINT ( 'NONE',  ( -17.89845652195675640, -3.000000000000010658, 20.55149965820769253 ) ) ;
#1941 = VECTOR ( 'NONE', #2207, 999.9999999999998863 ) ;
#1942 = AXIS2_PLACEMENT_3D ( 'NONE', #6269, #2832, #457 ) ;
#1943 = CARTESIAN_POINT ( 'NONE',  ( 15.60130569639834874, 5.506759357227617458E-15, 46.16450709184741896 ) ) ;
#1944 = CARTESIAN_POINT ( 'NONE',  ( 16.88119075748755904, -3.000000000000011546, -56.76180466464364827 ) ) ;
#1945 = CARTESIAN_POINT ( 'NONE',  ( 15.88015790170051211, -0.7999999999999997113, 36.55788256093124744 ) ) ;
#1946 = VERTEX_POINT ( 'NONE', #2290 ) ;
#1947 = CARTESIAN_POINT ( 'NONE',  ( -3.847967607585912830, -3.000000000000012434, 66.87632453842202551 ) ) ;
#1948 = CARTESIAN_POINT ( 'NONE',  ( -9.799123787357983062, -2.000000000000000000, 65.42129154672626612 ) ) ;
#1949 = ADVANCED_FACE ( 'NONE', ( #2183 ), #1621, .T. ) ;
#1950 = CARTESIAN_POINT ( 'NONE',  ( 17.46326983916189945, -2.000000000000000000, -55.03826404299149999 ) ) ;
#1951 = CARTESIAN_POINT ( 'NONE',  ( 4.806048406585191834, -0.03847591904462770857, 66.67480236548121297 ) ) ;
#1952 = CARTESIAN_POINT ( 'NONE',  ( -17.22710811896538274, -3.600000000000000977, -51.85641509445470376 ) ) ;
#1953 = CARTESIAN_POINT ( 'NONE',  ( 16.53113885453469223, -0.03847785154477217223, 38.51586785788695266 ) ) ;
#1954 = CARTESIAN_POINT ( 'NONE',  ( 17.14850174892885804, -3.600000000000000977, -52.93259896048881785 ) ) ;
#1955 = EDGE_LOOP ( 'NONE', ( #7148, #1530, #3204, #5704 ) ) ;
#1956 = CYLINDRICAL_SURFACE ( 'NONE', #1580, 2.600000000000000089 ) ;
#1957 = CARTESIAN_POINT ( 'NONE',  ( 15.93662462685511905, 5.401803115175052738E-15, 44.09350491176095233 ) ) ;
#1958 = EDGE_CURVE ( 'NONE', #4432, #6171, #3949, .T. ) ;
#1959 = CARTESIAN_POINT ( 'NONE',  ( 10.12931382675454550, -2.000000000000000000, -65.27932831418377191 ) ) ;
#1960 = CARTESIAN_POINT ( 'NONE',  ( -14.81307272491879878, -0.7999999999999999334, 46.02392919128551796 ) ) ;
#1961 = CARTESIAN_POINT ( 'NONE',  ( 1.910025298181521558, -3.599999999999999201, 66.27632241136609537 ) ) ;
#1962 = CARTESIAN_POINT ( 'NONE',  ( -15.96119717444136477, -3.599999999999999645, 46.46440757211246364 ) ) ;
#1963 = ORIENTED_EDGE ( 'NONE', *, *, #4202, .T. ) ;
#1964 = CARTESIAN_POINT ( 'NONE',  ( 3.849662695802389845, -3.600000000000000977, 66.27632416936005200 ) ) ;
#1965 = CARTESIAN_POINT ( 'NONE',  ( -4.218176949255064478, -0.8000000000000001554, 65.98959787092485385 ) ) ;
#1966 = CARTESIAN_POINT ( 'NONE',  ( -17.30026375017512663, -3.600000000000000977, 26.45363935085187990 ) ) ;
#1967 = CARTESIAN_POINT ( 'NONE',  ( 0.4949017656624343231, -3.600000000000000977, -66.65612185848290494 ) ) ;
#1968 = CARTESIAN_POINT ( 'NONE',  ( 11.79643885800860481, -3.000000000000011102, 60.61573372620885891 ) ) ;
#1969 = CARTESIAN_POINT ( 'NONE',  ( 5.478011441150601790, -0.8000000000000390132, 64.37993174472197211 ) ) ;
#1970 = CARTESIAN_POINT ( 'NONE',  ( -11.16999831134865495, -0.7999999999952904783, 58.38092059862700722 ) ) ;
#1971 = CARTESIAN_POINT ( 'NONE',  ( 6.462984221117345385, -1.779949199898000378, -18.73897252795810076 ) ) ;
#1972 = FACE_OUTER_BOUND ( 'NONE', #1147, .T. ) ;
#1973 = VERTEX_POINT ( 'NONE', #5773 ) ;
#1974 = EDGE_CURVE ( 'NONE', #3383, #6509, #5047, .T. ) ;
#1975 = CARTESIAN_POINT ( 'NONE',  ( 8.934609398301333272, 5.671328396440992585E-15, 63.65154981730845662 ) ) ;
#1976 = CARTESIAN_POINT ( 'NONE',  ( 1.827025112311529309, -3.599999999999999645, -66.66266518778564887 ) ) ;
#1977 = CARTESIAN_POINT ( 'NONE',  ( -12.34626374588541609, -3.000000000000011102, -63.68743453089123818 ) ) ;
#1978 = CARTESIAN_POINT ( 'NONE',  ( -5.290639426387949484, 5.506848250896546193E-15, 66.56824361277487867 ) ) ;
#1979 = CARTESIAN_POINT ( 'NONE',  ( 17.87165341746397118, -3.000000000000010214, -45.38258042189982433 ) ) ;
#1980 = CARTESIAN_POINT ( 'NONE',  ( 3.951877395145134031, 5.637851296924625423E-15, 66.80024754523611819 ) ) ;
#1981 = ORIENTED_EDGE ( 'NONE', *, *, #5394, .F. ) ;
#1982 = CARTESIAN_POINT ( 'NONE',  ( -7.533123011820717529, -3.000000000000010658, 65.83467889267632245 ) ) ;
#1983 = CARTESIAN_POINT ( 'NONE',  ( -6.117508275257346639, -2.000000000000000000, -66.92165255163803295 ) ) ;
#1984 = DIRECTION ( 'NONE',  ( 0.9999999999999769074, 0.000000000000000000, -2.146580668059882089E-07 ) ) ;
#1985 = CARTESIAN_POINT ( 'NONE',  ( -9.460834487441925233, -3.000000000000011546, 64.00904200484005457 ) ) ;
#1986 = CARTESIAN_POINT ( 'NONE',  ( -17.23399574887278973, -3.599999999999999645, -51.67137580522734908 ) ) ;
#1987 = CARTESIAN_POINT ( 'NONE',  ( -4.325532409666266176, -3.600000000000000533, 66.27460970439908294 ) ) ;
#1988 = CARTESIAN_POINT ( 'NONE',  ( 15.85689743396418550, -3.599999999999999645, -57.72976422821211884 ) ) ;
#1989 = ORIENTED_EDGE ( 'NONE', *, *, #1492, .F. ) ;
#1990 = CARTESIAN_POINT ( 'NONE',  ( -14.92304477875625324, -0.8000000000000000444, 32.00080445566401721 ) ) ;
#1991 = EDGE_CURVE ( 'NONE', #1022, #5251, #810, .T. ) ;
#1992 = CARTESIAN_POINT ( 'NONE',  ( -5.041041522453999946, -1.779949199898000378, -5.881405155196250512 ) ) ;
#1993 = DIRECTION ( 'NONE',  ( 1.130782554152743995E-30, 1.000000000000000000, -1.577721810442023611E-30 ) ) ;
#1994 = CARTESIAN_POINT ( 'NONE',  ( -12.33703577391769102, -3.000000000000010658, -63.72380043338684885 ) ) ;
#1995 = CARTESIAN_POINT ( 'NONE',  ( 4.231672855847019576, -3.600000000000000533, 66.27562205040950971 ) ) ;
#1996 = CARTESIAN_POINT ( 'NONE',  ( -16.72960897238464639, -3.600000000000000089, 41.50931057290223691 ) ) ;
#1997 = EDGE_LOOP ( 'NONE', ( #1082, #6630, #4337, #4862 ) ) ;
#1998 = CARTESIAN_POINT ( 'NONE',  ( 6.330791946967992523, -3.000000000000011546, 66.50598912930148288 ) ) ;
#1999 = CARTESIAN_POINT ( 'NONE',  ( -4.973318283092377001, -0.8000000000000002665, 65.83161380683033315 ) ) ;
#2000 = CARTESIAN_POINT ( 'NONE',  ( 11.56783883395791079, -3.000000000000010658, 61.00973713882086003 ) ) ;
#2001 = DIRECTION ( 'NONE',  ( -2.490616653888564805E-08, 0.000000000000000000, 0.9999999999999996669 ) ) ;
#2002 = LINE ( 'NONE', #3734, #5483 ) ;
#2003 = CARTESIAN_POINT ( 'NONE',  ( -17.85576521892979684, -2.000000000000000000, -43.79026923239790392 ) ) ;
#2004 = CARTESIAN_POINT ( 'NONE',  ( 17.86647471754472249, -3.000000000000010658, 13.50617854924291628 ) ) ;
#2005 = ORIENTED_EDGE ( 'NONE', *, *, #4710, .T. ) ;
#2006 = CARTESIAN_POINT ( 'NONE',  ( 14.25575799097778074, -3.600000000000000089, -31.00427299466725017 ) ) ;
#2007 = VECTOR ( 'NONE', #2706, 1000.000000000000000 ) ;
#2008 = CARTESIAN_POINT ( 'NONE',  ( 7.064784720954385477, 5.448262847100594778E-15, 65.54624717179716242 ) ) ;
#2009 = CARTESIAN_POINT ( 'NONE',  ( -6.515995603226999222, -3.000000000000012879, -66.72822123856208520 ) ) ;
#2010 = CARTESIAN_POINT ( 'NONE',  ( -17.49529844948342827, -3.000000000000010658, -54.55526248675865730 ) ) ;
#2011 = CARTESIAN_POINT ( 'NONE',  ( -4.090314995004541210, 5.745553111815157782E-15, 66.79808694249057055 ) ) ;
#2012 = CARTESIAN_POINT ( 'NONE',  ( -10.62634140455015519, -3.600000000000000089, -64.25387175732525691 ) ) ;
#2013 = CARTESIAN_POINT ( 'NONE',  ( 15.80968278366336932, 5.657059044177092489E-15, 44.92334823425531454 ) ) ;
#2014 = CARTESIAN_POINT ( 'NONE',  ( -14.25575799097778784, -3.600000000000000089, 24.35011359384851204 ) ) ;
#2015 = CARTESIAN_POINT ( 'NONE',  ( 12.99126709906980537, -0.8000000000000001554, 53.57486318964242855 ) ) ;
#2016 = VERTEX_POINT ( 'NONE', #5967 ) ;
#2017 = CARTESIAN_POINT ( 'NONE',  ( -4.317056596911085009, -3.000000000000010658, 66.87502937283022675 ) ) ;
#2018 = DIRECTION ( 'NONE',  ( 0.000000000000000000, 1.000000000000000000, 0.000000000000000000 ) ) ;
#2019 = EDGE_CURVE ( 'NONE', #5130, #1537, #1352, .T. ) ;
#2020 = CARTESIAN_POINT ( 'NONE',  ( -9.659140917235065515, -3.000000000000009770, 63.77250060452599456 ) ) ;
#2021 = DIRECTION ( 'NONE',  ( 0.000000000000000000, 1.000000000000000000, 0.000000000000000000 ) ) ;
#2022 = CARTESIAN_POINT ( 'NONE',  ( -17.24984230862274259, -3.600000000000000089, -51.00148864421030481 ) ) ;
#2023 = CARTESIAN_POINT ( 'NONE',  ( 8.106782134101928605, 5.809059861764684799E-15, 64.59636413632317442 ) ) ;
#2024 = CARTESIAN_POINT ( 'NONE',  ( 17.24230185664079684, -3.599999999999999645, -51.37228517535964301 ) ) ;
#2025 = ORIENTED_EDGE ( 'NONE', *, *, #6642, .T. ) ;
#2026 = CARTESIAN_POINT ( 'NONE',  ( 11.59630690296769195, -3.599999999999996536, -63.55017522089369209 ) ) ;
#2027 = FACE_OUTER_BOUND ( 'NONE', #5543, .T. ) ;
#2028 = LINE ( 'NONE', #6542, #564 ) ;
#2029 = PLANE ( 'NONE',  #7513 ) ;
#2030 = CARTESIAN_POINT ( 'NONE',  ( -14.06386914008064615, -0.8000000000000071498, 44.02339609510432439 ) ) ;
#2031 = CARTESIAN_POINT ( 'NONE',  ( -17.29758300196514043, -3.599999999999999645, 31.60409966727422670 ) ) ;
#2032 = CIRCLE ( 'NONE', #7260, 2.149999999999999023 ) ;
#2033 = CARTESIAN_POINT ( 'NONE',  ( -4.474765938375814933, -0.03847723469378237088, 66.73177151549188579 ) ) ;
#2034 = AXIS2_PLACEMENT_3D ( 'NONE', #2962, #2841, #2374 ) ;
#2035 = EDGE_LOOP ( 'NONE', ( #5321, #105, #6100, #5786 ) ) ;
#2036 = CARTESIAN_POINT ( 'NONE',  ( -17.25923290912670538, -3.600000000000000089, -50.47396872772316812 ) ) ;
#2037 = AXIS2_PLACEMENT_3D ( 'NONE', #6865, #531, #2918 ) ;
#2038 = CARTESIAN_POINT ( 'NONE',  ( 6.249582853453705233, -3.000000000000009770, 66.53777983057641165 ) ) ;
#2039 = CARTESIAN_POINT ( 'NONE',  ( -7.580815634348327947, -0.7999999999999998224, 63.98860663129665483 ) ) ;
#2040 = CARTESIAN_POINT ( 'NONE',  ( 10.26033640453666251, -3.600000000000000089, -64.48345593154157029 ) ) ;
#2041 = CARTESIAN_POINT ( 'NONE',  ( 15.18136999403154164, -3.000000000000011102, 52.29204594473508649 ) ) ;
#2042 = CARTESIAN_POINT ( 'NONE',  ( -10.08409684445953047, -3.600000000000000089, 62.22148065876885425 ) ) ;
#2043 = CARTESIAN_POINT ( 'NONE',  ( 17.25574221230617766, -3.600000000000000089, 11.11236227079641026 ) ) ;
#2044 = CARTESIAN_POINT ( 'NONE',  ( 3.987132271916875137, -0.7999999999999994893, 66.00002542784508819 ) ) ;
#2045 = CARTESIAN_POINT ( 'NONE',  ( 17.29287305924023244, -3.600000000000000089, -47.31852727976333028 ) ) ;
#2046 = AXIS2_PLACEMENT_3D ( 'NONE', #304, #2623, #377 ) ;
#2047 = CARTESIAN_POINT ( 'NONE',  ( 8.404237017755450623, 5.691125463944946535E-15, 64.27486539072556582 ) ) ;
#2048 = CARTESIAN_POINT ( 'NONE',  ( 5.052148844859958743, -3.600000000000000533, -66.42298417875335304 ) ) ;
#2049 = CARTESIAN_POINT ( 'NONE',  ( -14.26386444115436980, -3.000000000000010658, -61.60439156871466793 ) ) ;
#2050 = CARTESIAN_POINT ( 'NONE',  ( -6.278978315105279151, 4.820454834945902663E-15, 66.09429522668352774 ) ) ;
#2051 = EDGE_CURVE ( 'NONE', #115, #1946, #3073, .T. ) ;
#2052 = CARTESIAN_POINT ( 'NONE',  ( -3.406439599664035089, -3.599999999999999201, -66.61336486588153605 ) ) ;
#2053 = VECTOR ( 'NONE', #7395, 1000.000000000000000 ) ;
#2054 = MANIFOLD_SOLID_BREP ( '\X2\570689d2\X0\3', #6214 ) ;
#2055 = CARTESIAN_POINT ( 'NONE',  ( 14.92325782279636037, -0.7999999999999992673, 33.51061523463744862 ) ) ;
#2056 = B_SPLINE_CURVE_WITH_KNOTS ( 'NONE', 3,
 ( #1274, #5441, #7141, #2527, #4742, #3720, #7180, #6580 ),
 .UNSPECIFIED., .F., .F.,
 ( 4, 1, 1, 1, 1, 4 ),
 ( -1.481687410395525003E-06, 0.2499988887344421762, 0.3749990739453684663, 0.4999992591562947841, 0.7499996295781473643, 0.9999999999999998890 ),
 .UNSPECIFIED. ) ;
#2057 = CARTESIAN_POINT ( 'NONE',  ( 12.86509288667029161, -0.7999999999999999334, 53.97043912525992226 ) ) ;
#2058 = ORIENTED_EDGE ( 'NONE', *, *, #3063, .F. ) ;
#2059 = CARTESIAN_POINT ( 'NONE',  ( -6.492823529095509194, -3.000000000000011546, 66.43841713419971029 ) ) ;
#2060 = CARTESIAN_POINT ( 'NONE',  ( 10.99515601087369276, -3.000000000000010658, -64.72998015956616769 ) ) ;
#2061 = AXIS2_PLACEMENT_3D ( 'NONE', #451, #3900, #2668 ) ;
#2062 = VECTOR ( 'NONE', #5721, 1000.000000000000000 ) ;
#2063 = DIRECTION ( 'NONE',  ( 3.649975734314729128E-06, 0.000000000000000000, -0.9999999999933388839 ) ) ;
#2064 = CARTESIAN_POINT ( 'NONE',  ( 8.275801395363547641, 5.796504430586617687E-15, 64.41594578308436780 ) ) ;
#2065 = CARTESIAN_POINT ( 'NONE',  ( 17.25195127585714516, -3.600000000000000533, -50.88356641244278222 ) ) ;
#2066 = ORIENTED_EDGE ( 'NONE', *, *, #995, .T. ) ;
#2067 = CARTESIAN_POINT ( 'NONE',  ( 5.474782092288274171, -3.600000000000000089, 31.97813305171905185 ) ) ;
#2068 = CARTESIAN_POINT ( 'NONE',  ( 11.41992022301607079, -2.000000000000000000, -64.46282546924014412 ) ) ;
#2069 = EDGE_CURVE ( 'NONE', #6913, #3855, #6976, .T. ) ;
#2070 = FACE_OUTER_BOUND ( 'NONE', #1036, .T. ) ;
#2071 = CARTESIAN_POINT ( 'NONE',  ( -14.72102830321995093, -0.7999999999999842792, 38.03817689887616638 ) ) ;
#2072 = CARTESIAN_POINT ( 'NONE',  ( -17.29322720601689412, -3.600000000000000533, 32.21475034152548744 ) ) ;
#2073 = ORIENTED_EDGE ( 'NONE', *, *, #1264, .F. ) ;
#2074 = CARTESIAN_POINT ( 'NONE',  ( -5.900207801385355388, -0.7999999999999988232, 65.38842860386576206 ) ) ;
#2075 = CARTESIAN_POINT ( 'NONE',  ( 10.80813317104097315, -3.599999999999999645, -64.13879348603616393 ) ) ;
#2076 = CARTESIAN_POINT ( 'NONE',  ( 13.83697961374166319, -3.000000000000011102, 56.26551199198454611 ) ) ;
#2077 = CARTESIAN_POINT ( 'NONE',  ( -7.941041522454004742, -0.7999999999999999334, -54.79298605861921345 ) ) ;
#2078 = CARTESIAN_POINT ( 'NONE',  ( -7.216272068539264062, -0.8000000000000051514, 62.79323396643529520 ) ) ;
#2079 = CARTESIAN_POINT ( 'NONE',  ( -14.74281810772073165, 5.897747603386109386E-15, 50.26694991649949174 ) ) ;
#2080 = ORIENTED_EDGE ( 'NONE', *, *, #6074, .F. ) ;
#2081 = CARTESIAN_POINT ( 'NONE',  ( 17.29105858981285238, -3.600000000000000089, -46.92271504007246108 ) ) ;
#2082 = LINE ( 'NONE', #435, #3401 ) ;
#2083 = CARTESIAN_POINT ( 'NONE',  ( 7.308569501106433997, 5.857722430119640629E-15, 65.34863499103946083 ) ) ;
#2084 = CARTESIAN_POINT ( 'NONE',  ( 8.628058914697357196, -3.600000000000000089, -65.34615376168963508 ) ) ;
#2085 = CARTESIAN_POINT ( 'NONE',  ( -17.39155722864795095, -3.000000000000010658, -55.02100362899126651 ) ) ;
#2086 = ADVANCED_FACE ( 'NONE', ( #7258 ), #570, .T. ) ;
#2087 = CARTESIAN_POINT ( 'NONE',  ( -8.836035775411216875, 5.734100116427154898E-15, 63.77628528728028812 ) ) ;
#2088 = CARTESIAN_POINT ( 'NONE',  ( -10.00807847048583454, -3.599999999999999645, -64.63607768587871760 ) ) ;
#2089 = CARTESIAN_POINT ( 'NONE',  ( 2.000000000000000444, -0.03847763108503407525, -66.76152236891496727 ) ) ;
#2090 = CARTESIAN_POINT ( 'NONE',  ( 15.13022230202938267, -0.8000000000016297408, 44.18233984428613326 ) ) ;
#2091 = CARTESIAN_POINT ( 'NONE',  ( 13.32658649051558797, 5.582331765386733349E-15, 55.11621327388637326 ) ) ;
#2092 = CARTESIAN_POINT ( 'NONE',  ( 10.84077581582558025, -0.7999999999999998224, 59.05159263929369473 ) ) ;
#2093 = ORIENTED_EDGE ( 'NONE', *, *, #6253, .T. ) ;
#2094 = CARTESIAN_POINT ( 'NONE',  ( -12.59010835749763224, 6.104112654484103129E-15, 57.08773939212619553 ) ) ;
#2095 = ORIENTED_EDGE ( 'NONE', *, *, #252, .T. ) ;
#2096 = CARTESIAN_POINT ( 'NONE',  ( -3.386180182397613425, -3.000000000000011102, 66.87630316113353501 ) ) ;
#2097 = LINE ( 'NONE', #3216, #4249 ) ;
#2098 = DIRECTION ( 'NONE',  ( -4.555823753180761115E-07, 0.000000000000000000, -0.9999999999998961941 ) ) ;
#2099 = LINE ( 'NONE', #965, #4739 ) ;
#2100 = DIRECTION ( 'NONE',  ( 0.000000000000000000, -1.000000000000000000, 0.000000000000000000 ) ) ;
#2101 = CARTESIAN_POINT ( 'NONE',  ( 9.368409294349220318, 6.030308526840811099E-15, 63.08720074064319761 ) ) ;
#2102 = CARTESIAN_POINT ( 'NONE',  ( 16.46004167270543661, -3.599999999999999645, -56.13125406748245183 ) ) ;
#2103 = EDGE_LOOP ( 'NONE', ( #6091, #1257, #507, #7206 ) ) ;
#2104 = CARTESIAN_POINT ( 'NONE',  ( 15.66839715895355845, -3.600000000000000089, -58.14526081437116289 ) ) ;
#2105 = CARTESIAN_POINT ( 'NONE',  ( 8.545828840845151930, -2.000000000000000000, -66.10028842543924554 ) ) ;
#2106 = CARTESIAN_POINT ( 'NONE',  ( -16.60725181414257534, -3.000000000000010658, -57.68579861198703895 ) ) ;
#2107 = CARTESIAN_POINT ( 'NONE',  ( -10.58976377015984838, -0.7999999999999924949, 57.10024847480794108 ) ) ;
#2108 = ADVANCED_FACE ( 'NONE', ( #6766 ), #5692, .F. ) ;
#2109 = EDGE_LOOP ( 'NONE', ( #2515, #5564, #1379, #753 ) ) ;
#2110 = CARTESIAN_POINT ( 'NONE',  ( 4.563953778348913914, -3.000000000000011102, 66.86939755283957254 ) ) ;
#2111 = CARTESIAN_POINT ( 'NONE',  ( -7.195555362142474820, -0.7999999999999998224, 64.37517286144382922 ) ) ;
#2112 = EDGE_CURVE ( 'NONE', #4741, #2418, #2526, .T. ) ;
#2113 = CARTESIAN_POINT ( 'NONE',  ( 11.19097380966089972, -3.599999999999999201, -63.87685653646602191 ) ) ;
#2114 = CARTESIAN_POINT ( 'NONE',  ( 17.87179124843451561, -3.000000000000011546, 33.57406921971446678 ) ) ;
#2115 = CARTESIAN_POINT ( 'NONE',  ( -3.998494685511754909, 0.000000000000000000, 66.80000562557466992 ) ) ;
#2116 = DIRECTION ( 'NONE',  ( 0.000000000000000000, 0.000000000000000000, -1.000000000000000000 ) ) ;
#2117 = CARTESIAN_POINT ( 'NONE',  ( 9.986115623847990008, 6.279634160964781505E-15, 62.19475792285123816 ) ) ;
#2118 = CARTESIAN_POINT ( 'NONE',  ( 10.61718185020091454, -3.599999999999999201, -64.25965993331350035 ) ) ;
#2119 = DIRECTION ( 'NONE',  ( 0.9999999999999996669, -1.130782514857741427E-30, 2.490616653888564805E-08 ) ) ;
#2120 = CARTESIAN_POINT ( 'NONE',  ( -6.036274625571770081, 6.394739949510996428E-15, 66.23398792901026866 ) ) ;
#2121 = CARTESIAN_POINT ( 'NONE',  ( -7.534655180234494765, -3.600000000000000977, -65.78150120651841348 ) ) ;
#2122 = CARTESIAN_POINT ( 'NONE',  ( 13.23521713167414937, -0.8000000000000047073, 48.46706688528785634 ) ) ;
#2123 = CARTESIAN_POINT ( 'NONE',  ( 12.81992298367154604, 5.614414705217034956E-15, 56.50374251776929668 ) ) ;
#2124 = EDGE_CURVE ( 'NONE', #7397, #3436, #6804, .T. ) ;
#2125 = CARTESIAN_POINT ( 'NONE',  ( 10.20120992083234590, -0.7999999999999999334, 60.28949592946715796 ) ) ;
#2126 = ORIENTED_EDGE ( 'NONE', *, *, #6768, .T. ) ;
#2127 = CARTESIAN_POINT ( 'NONE',  ( -13.32684184070759059, 6.295865889034126830E-15, 55.11556662266060869 ) ) ;
#2128 = DIRECTION ( 'NONE',  ( 1.000000000000000000, 0.000000000000000000, -1.224646799147353207E-16 ) ) ;
#2129 = DIRECTION ( 'NONE',  ( 1.130782554152743995E-30, 1.000000000000000000, -1.577721810442023611E-30 ) ) ;
#2130 = CARTESIAN_POINT ( 'NONE',  ( -10.36406528343624345, -3.599999999999999201, -64.41902215628451245 ) ) ;
#2131 = PLANE ( 'NONE',  #2046 ) ;
#2132 = CARTESIAN_POINT ( 'NONE',  ( -4.281122957153478126, 0.000000000000000000, -69.24982544996755962 ) ) ;
#2133 = PLANE ( 'NONE',  #3295 ) ;
#2134 = CARTESIAN_POINT ( 'NONE',  ( -11.61597746063123004, -2.000000000000000000, -64.30498037198057659 ) ) ;
#2135 = CARTESIAN_POINT ( 'NONE',  ( 8.163793672325915907, 5.714877340377417062E-15, 64.53618836357964028 ) ) ;
#2136 = CARTESIAN_POINT ( 'NONE',  ( 11.93823274301125359, -3.600000000000000533, -63.24717410563432196 ) ) ;
#2137 = CARTESIAN_POINT ( 'NONE',  ( 14.25575799097778784, -1.499999999999999556, 27.00011359384848220 ) ) ;
#2138 = CARTESIAN_POINT ( 'NONE',  ( -11.23970964611714152, -3.600000000000000089, -63.83762326322477065 ) ) ;
#2139 = CARTESIAN_POINT ( 'NONE',  ( 11.61597746056947678, -2.000000000000000000, -64.30498037203024353 ) ) ;
#2140 = CARTESIAN_POINT ( 'NONE',  ( -17.28494938247534662, -3.600000000000000089, 32.87561687233292673 ) ) ;
#2141 = CARTESIAN_POINT ( 'NONE',  ( -16.54934933872116787, -2.000000000000000000, 50.46334699803484369 ) ) ;
#2142 = ORIENTED_EDGE ( 'NONE', *, *, #657, .T. ) ;
#2143 = CARTESIAN_POINT ( 'NONE',  ( 1.577508335764976621E-06, -3.600000000000000089, 66.27631535813257813 ) ) ;
#2144 = CARTESIAN_POINT ( 'NONE',  ( -6.817667979263771549, -0.7999999999999997113, 64.71586244153769485 ) ) ;
#2145 = CARTESIAN_POINT ( 'NONE',  ( 0.9849208842285352983, -3.000000000000010214, -67.25988149234643743 ) ) ;
#2146 = CARTESIAN_POINT ( 'NONE',  ( 1.999999999999998224, 0.000000000000000000, -52.00000000000000711 ) ) ;
#2147 = CARTESIAN_POINT ( 'NONE',  ( 5.474782092288274171, -3.600000000000000089, 31.97813305171905185 ) ) ;
#2148 = CARTESIAN_POINT ( 'NONE',  ( -15.93617955334231873, 5.776205017907234995E-15, 44.09313018698968989 ) ) ;
#2149 = CONICAL_SURFACE ( 'NONE', #4112, 5.000000000000000888, 0.7853981633974522758 ) ;
#2150 = EDGE_LOOP ( 'NONE', ( #6162, #7495, #1468, #2861 ) ) ;
#2151 = CARTESIAN_POINT ( 'NONE',  ( -4.034658969021585939, -0.03847763134458171558, 66.76098157783548004 ) ) ;
#2152 = CARTESIAN_POINT ( 'NONE',  ( 17.27914366173224181, -3.599999999999999645, -45.86636083746635251 ) ) ;
#2153 = CARTESIAN_POINT ( 'NONE',  ( -4.007965655767539381, 5.781211841897285010E-15, 66.79989223212679406 ) ) ;
#2154 = EDGE_CURVE ( 'NONE', #5332, #5916, #83, .T. ) ;
#2155 = CARTESIAN_POINT ( 'NONE',  ( 10.33326175069814568, 5.529268001364485982E-15, 61.64930219154008029 ) ) ;
#2156 = AXIS2_PLACEMENT_3D ( 'NONE', #1023, #3313, #4490 ) ;
#2157 = CARTESIAN_POINT ( 'NONE',  ( 7.185676765149100476, -3.600000000000000533, -65.89943258155669525 ) ) ;
#2158 = DIRECTION ( 'NONE',  ( -2.245596732656061281E-16, -0.000000000000000000, -1.000000000000000000 ) ) ;
#2159 = CARTESIAN_POINT ( 'NONE',  ( -7.193744723242641470, 5.656039325087572656E-15, 65.44414950267865549 ) ) ;
#2160 = CARTESIAN_POINT ( 'NONE',  ( -4.566182417946616390, -3.600000000000000977, -66.49390849183863850 ) ) ;
#2161 = CARTESIAN_POINT ( 'NONE',  ( 11.61597746056947678, -2.000000000000000000, -64.30498037203024353 ) ) ;
#2162 = CARTESIAN_POINT ( 'NONE',  ( 15.20440002076410124, -0.8000000000000000444, 43.56609185163646458 ) ) ;
#2163 = ORIENTED_EDGE ( 'NONE', *, *, #2179, .F. ) ;
#2164 = CARTESIAN_POINT ( 'NONE',  ( -10.92626384388506899, 5.928736959160219632E-15, 60.62317426462311687 ) ) ;
#2165 = CARTESIAN_POINT ( 'NONE',  ( -14.25575799097778784, -1.499999999999999556, 24.85011359384848362 ) ) ;
#2166 = CARTESIAN_POINT ( 'NONE',  ( 12.11113944462470116, -0.7999999999999920508, 52.85439365098483933 ) ) ;
#2167 = LINE ( 'NONE', #5645, #1892 ) ;
#2168 = FACE_OUTER_BOUND ( 'NONE', #1221, .T. ) ;
#2169 = CARTESIAN_POINT ( 'NONE',  ( -10.58438422482729102, -3.000000000000010214, 62.54756991857182413 ) ) ;
#2170 = AXIS2_PLACEMENT_3D ( 'NONE', #243, #3112, #201 ) ;
#2171 = CARTESIAN_POINT ( 'NONE',  ( 3.986716261464845701, -0.2518936327099027817, 66.52890966256261152 ) ) ;
#2172 = CARTESIAN_POINT ( 'NONE',  ( -3.810036809055219464, -2.100000000000000089, -18.23682990921678737 ) ) ;
#2173 = CARTESIAN_POINT ( 'NONE',  ( 8.620491036870914670, 5.593361614955153594E-15, 64.02930789683277624 ) ) ;
#2174 = CARTESIAN_POINT ( 'NONE',  ( 17.25899580521139498, -3.600000000000000977, -50.48672930106116041 ) ) ;
#2175 = VERTEX_POINT ( 'NONE', #1477 ) ;
#2176 = CARTESIAN_POINT ( 'NONE',  ( 13.96798853105285865, -3.000000000000009770, -61.96586580128490596 ) ) ;
#2177 = CARTESIAN_POINT ( 'NONE',  ( 17.46326983916189945, -3.000000000000010658, -55.03826404299149999 ) ) ;
#2178 = CIRCLE ( 'NONE', #357, 17.40000000000002700 ) ;
#2179 = EDGE_CURVE ( 'NONE', #4473, #1888, #1799, .T. ) ;
#2180 = PLANE ( 'NONE',  #4239 ) ;
#2181 = CARTESIAN_POINT ( 'NONE',  ( -5.143165270045348514, -2.299999999999999822, 44.62837295819787187 ) ) ;
#2182 = CARTESIAN_POINT ( 'NONE',  ( -4.296719310051261509, -0.03848139620306724462, 66.75100305315993410 ) ) ;
#2183 = FACE_OUTER_BOUND ( 'NONE', #6491, .T. ) ;
#2184 = ORIENTED_EDGE ( 'NONE', *, *, #7342, .T. ) ;
#2185 = CARTESIAN_POINT ( 'NONE',  ( -6.439291546580250269, -0.8000000000000000444, 65.02087747722276845 ) ) ;
#2186 = CARTESIAN_POINT ( 'NONE',  ( 8.910403610892778659, -3.599999999999996980, -65.21891447108706075 ) ) ;
#2187 = DIRECTION ( 'NONE',  ( 0.000000000000000000, 1.000000000000000000, 0.000000000000000000 ) ) ;
#2188 = CARTESIAN_POINT ( 'NONE',  ( 17.30220792088217507, -3.600000000000000089, 24.26135099468553591 ) ) ;
#2189 = CARTESIAN_POINT ( 'NONE',  ( -16.78821292140850474, 5.679415162127392577E-15, 33.67538349146182952 ) ) ;
#2190 = EDGE_LOOP ( 'NONE', ( #2601, #7315, #7530, #2680 ) ) ;
#2191 = ORIENTED_EDGE ( 'NONE', *, *, #768, .F. ) ;
#2192 = DIRECTION ( 'NONE',  ( 8.659560562354990790E-17, -0.7071067811865430208, 0.7071067811865521247 ) ) ;
#2193 = CARTESIAN_POINT ( 'NONE',  ( 13.46217764793742155, 5.476530393965411878E-15, 54.71692988739943786 ) ) ;
#2194 = DIRECTION ( 'NONE',  ( -1.000000000000000000, 0.000000000000000000, 0.000000000000000000 ) ) ;
#2195 = CARTESIAN_POINT ( 'NONE',  ( 14.20501858903134185, -2.000000000000000000, 58.11872737860535665 ) ) ;
#2196 = CARTESIAN_POINT ( 'NONE',  ( -7.292421563659306827, 5.645883703176450468E-15, 65.36207354456843177 ) ) ;
#2197 = ADVANCED_FACE ( 'NONE', ( #3794 ), #2029, .T. ) ;
#2198 = CARTESIAN_POINT ( 'NONE',  ( 7.078064697351219792, -0.03847823872236664361, 65.48761799416243434 ) ) ;
#2199 = CARTESIAN_POINT ( 'NONE',  ( 6.854054415225983021, -0.8000000000000002665, 64.68522966275664032 ) ) ;
#2200 = EDGE_CURVE ( 'NONE', #7069, #2525, #4362, .T. ) ;
#2201 = ORIENTED_EDGE ( 'NONE', *, *, #5254, .F. ) ;
#2202 = CARTESIAN_POINT ( 'NONE',  ( -9.626025704059813393, 5.602109327444528438E-15, 62.72831188386535217 ) ) ;
#2203 = VERTEX_POINT ( 'NONE', #4401 ) ;
#2204 = DIRECTION ( 'NONE',  ( 0.000000000000000000, -1.000000000000000000, 0.000000000000000000 ) ) ;
#2205 = CARTESIAN_POINT ( 'NONE',  ( -17.28522789570310536, -3.600000000000001865, -46.28536683947411490 ) ) ;
#2206 = CARTESIAN_POINT ( 'NONE',  ( -3.810036809055219464, -2.100000000000000089, -15.87497125981866475 ) ) ;
#2207 = DIRECTION ( 'NONE',  ( -0.9999999999999997780, 0.000000000000000000, -2.490616653888565136E-08 ) ) ;
#2208 = DIRECTION ( 'NONE',  ( -1.000000000000000000, 0.000000000000000000, -0.000000000000000000 ) ) ;
#2209 = CARTESIAN_POINT ( 'NONE',  ( -3.810036809055219464, -2.100000000000000089, -15.87497125981866475 ) ) ;
#2210 = CARTESIAN_POINT ( 'NONE',  ( 6.858973410992764919, 5.649078759037370499E-15, 65.70234689291437746 ) ) ;
#2211 = CARTESIAN_POINT ( 'NONE',  ( 16.11023325746373658, -3.000000000000010214, -58.61218024730534637 ) ) ;
#2212 = CARTESIAN_POINT ( 'NONE',  ( -17.35604047676861228, -2.000000000000000000, 46.58436851558501957 ) ) ;
#2213 = CARTESIAN_POINT ( 'NONE',  ( 14.25575799097778784, -1.499999999999999556, 24.85011359384848717 ) ) ;
#2214 = CARTESIAN_POINT ( 'NONE',  ( 13.67959696648816070, -3.000000000000010658, -62.42548451312071478 ) ) ;
#2215 = CARTESIAN_POINT ( 'NONE',  ( -17.29847265229496855, -3.600000000000000089, 28.81953609832294916 ) ) ;
#2216 = CARTESIAN_POINT ( 'NONE',  ( 3.994693249030360650E-07, -3.600000000000000089, -16.03897268892623629 ) ) ;
#2217 = CARTESIAN_POINT ( 'NONE',  ( 3.999358070617894167, -0.8000000000000005995, 65.99991822389051777 ) ) ;
#2218 = EDGE_CURVE ( 'NONE', #892, #4620, #1347, .T. ) ;
#2219 = ORIENTED_EDGE ( 'NONE', *, *, #1654, .T. ) ;
#2220 = CARTESIAN_POINT ( 'NONE',  ( 1.231884511854699715, -3.000000000000011102, 66.87632930474998716 ) ) ;
#2221 = CARTESIAN_POINT ( 'NONE',  ( 8.460123264713233837, -3.000000000000011102, -66.07094189334418388 ) ) ;
#2222 = FACE_BOUND ( 'NONE', #6445, .T. ) ;
#2223 = CARTESIAN_POINT ( 'NONE',  ( -13.00938061685197944, -3.600000000000000089, 56.70685205587640354 ) ) ;
#2224 = ORIENTED_EDGE ( 'NONE', *, *, #1191, .T. ) ;
#2225 = ORIENTED_EDGE ( 'NONE', *, *, #5046, .T. ) ;
#2226 = DIRECTION ( 'NONE',  ( 2.580922592726107491E-06, 0.7071067811865489050, -0.7071067811818361193 ) ) ;
#2227 = DIRECTION ( 'NONE',  ( 0.000000000000000000, 0.000000000000000000, -1.000000000000000000 ) ) ;
#2228 = CARTESIAN_POINT ( 'NONE',  ( 6.626292988033621434, -2.000000000000000000, 68.02051128489466691 ) ) ;
#2229 = CARTESIAN_POINT ( 'NONE',  ( -10.44871950499569380, 5.938697526618613692E-15, 61.45793278743041554 ) ) ;
#2230 = CARTESIAN_POINT ( 'NONE',  ( -15.07384989494974015, -3.600000000000000089, 50.43862639287878835 ) ) ;
#2231 = DIRECTION ( 'NONE',  ( -0.000000000000000000, -1.000000000000000000, 0.000000000000000000 ) ) ;
#2232 = CARTESIAN_POINT ( 'NONE',  ( 7.345779462562404660, -0.8000000000000174749, 62.63795752057023236 ) ) ;
#2233 = CARTESIAN_POINT ( 'NONE',  ( 17.29163468620727429, -3.599999999999999645, 32.36227814344853471 ) ) ;
#2234 = CARTESIAN_POINT ( 'NONE',  ( 8.392633397424962283, -0.7999999999999999334, 63.04825640105085682 ) ) ;
#2235 = ORIENTED_EDGE ( 'NONE', *, *, #5801, .F. ) ;
#2236 = CARTESIAN_POINT ( 'NONE',  ( -8.160511236154205150, 5.754128691179683623E-15, 64.53992839480677901 ) ) ;
#2237 = DIRECTION ( 'NONE',  ( -0.9999999999999121814, 0.000000000000000000, -4.190440943964895054E-07 ) ) ;
#2238 = CARTESIAN_POINT ( 'NONE',  ( -2.962034950016975934E-06, -2.000000000000000000, -67.25441558775045792 ) ) ;
#2239 = CARTESIAN_POINT ( 'NONE',  ( -17.61944651220977320, -3.000000000000010658, 39.80512344267199865 ) ) ;
#2240 = FACE_OUTER_BOUND ( 'NONE', #3523, .T. ) ;
#2241 = CARTESIAN_POINT ( 'NONE',  ( 3.625583135070722829, -3.000000000000010658, 66.87625928020973731 ) ) ;
#2242 = CARTESIAN_POINT ( 'NONE',  ( 3.985028358936641535, -0.4414278500558755924, 66.24367373197419795 ) ) ;
#2243 = CARTESIAN_POINT ( 'NONE',  ( 5.192113501339801651, 5.593510303878988809E-15, 66.60186986497021167 ) ) ;
#2244 = CARTESIAN_POINT ( 'NONE',  ( 17.28647497543563460, -3.600000000000000089, -48.68177676931390607 ) ) ;
#2245 = ADVANCED_FACE ( 'NONE', ( #1582 ), #1552, .F. ) ;
#2246 = CARTESIAN_POINT ( 'NONE',  ( 17.25580178191455971, -3.599999999999998757, -44.24795112824647703 ) ) ;
#2247 = EDGE_CURVE ( 'NONE', #1880, #2254, #6070, .T. ) ;
#2248 = CARTESIAN_POINT ( 'NONE',  ( -17.39211853769919358, -3.600000000000000089, -55.01687302174993732 ) ) ;
#2249 = CARTESIAN_POINT ( 'NONE',  ( 2.000000000000000444, 0.000000000000000000, -66.80000000000001137 ) ) ;
#2250 = CARTESIAN_POINT ( 'NONE',  ( -17.29878930365535794, -3.599999999999999645, 29.23776403676508906 ) ) ;
#2251 = CARTESIAN_POINT ( 'NONE',  ( -3.891271089110252657, -3.600000000000000089, 66.27632469298134765 ) ) ;
#2252 = CARTESIAN_POINT ( 'NONE',  ( 16.00000000000522959, -0.8000000000000000444, 51.32085073775028405 ) ) ;
#2253 = CARTESIAN_POINT ( 'NONE',  ( 17.91365765464525595, -2.000000000000000444, 33.87961325664373646 ) ) ;
#2254 = VERTEX_POINT ( 'NONE', #5617 ) ;
#2255 = CYLINDRICAL_SURFACE ( 'NONE', #4243, 2.149999999999999023 ) ;
#2256 = CARTESIAN_POINT ( 'NONE',  ( 7.371543821830326415, -3.000000000000010214, -66.46993940044670524 ) ) ;
#2257 = CARTESIAN_POINT ( 'NONE',  ( 8.038942909951208193, -3.000000000000011990, 65.44141440639209861 ) ) ;
#2258 = CARTESIAN_POINT ( 'NONE',  ( 17.29025447167285279, -3.600000000000000977, 18.13497376117307880 ) ) ;
#2259 = AXIS2_PLACEMENT_3D ( 'NONE', #3533, #5862, #5706 ) ;
#2260 = VERTEX_POINT ( 'NONE', #860 ) ;
#2261 = CARTESIAN_POINT ( 'NONE',  ( -4.078505554395317034, -0.03847658101106761486, 66.75986326932860493 ) ) ;
#2262 = ORIENTED_EDGE ( 'NONE', *, *, #3233, .F. ) ;
#2263 = CARTESIAN_POINT ( 'NONE',  ( -17.25842789198463478, -3.600000000000000533, -44.36425706979346018 ) ) ;
#2264 = CARTESIAN_POINT ( 'NONE',  ( 11.19407540630902709, -3.599999999999999201, -63.87435043224966336 ) ) ;
#2265 = DIRECTION ( 'NONE',  ( 5.613991831640154436E-17, 0.000000000000000000, 1.000000000000000000 ) ) ;
#2266 = CARTESIAN_POINT ( 'NONE',  ( -3.444111132540092601, -0.7999999999999999334, 66.00598290142353619 ) ) ;
#2267 = CARTESIAN_POINT ( 'NONE',  ( -1.128260104842116585, -3.599999999999999645, -66.66089997083949470 ) ) ;
#2268 = CARTESIAN_POINT ( 'NONE',  ( 11.23677220406644572, -0.8000000000057301275, 58.22584034571870859 ) ) ;
#2269 = CIRCLE ( 'NONE', #828, 2.149999999999999023 ) ;
#2270 = CARTESIAN_POINT ( 'NONE',  ( 17.29814352818629430, -3.599999999999999645, 31.48565596023122382 ) ) ;
#2271 = CARTESIAN_POINT ( 'NONE',  ( 6.571947028096158050, -0.8000000000000001554, 64.91605982122952412 ) ) ;
#2272 = ORIENTED_EDGE ( 'NONE', *, *, #1322, .F. ) ;
#2273 = VECTOR ( 'NONE', #3948, 1000.000000000000000 ) ;
#2274 = CARTESIAN_POINT ( 'NONE',  ( -6.322268213675582338, 5.407805356145002274E-15, 66.06807009046544010 ) ) ;
#2275 = DIRECTION ( 'NONE',  ( 0.000000000000000000, 0.000000000000000000, 1.000000000000000000 ) ) ;
#2276 = CARTESIAN_POINT ( 'NONE',  ( -8.483639145030162254, -3.000000000000010658, 65.13434685081489306 ) ) ;
#2277 = ADVANCED_FACE ( 'NONE', ( #2070 ), #3382, .F. ) ;
#2278 = CARTESIAN_POINT ( 'NONE',  ( -17.85574020768672554, -3.000000000000010658, 11.10922738596742043 ) ) ;
#2279 = CARTESIAN_POINT ( 'NONE',  ( -17.28965080226087281, -3.000000000000010658, 41.84674321269555719 ) ) ;
#2280 = CONICAL_SURFACE ( 'NONE', #6558, 2.149999999999999023, 0.7853981633974547183 ) ;
#2281 = CARTESIAN_POINT ( 'NONE',  ( 3.983976582775115016, -0.5362426042310193264, 66.06572299504090040 ) ) ;
#2282 = CARTESIAN_POINT ( 'NONE',  ( 16.39521158569157322, 5.671535601829171874E-15, 40.35218549696415380 ) ) ;
#2283 = AXIS2_PLACEMENT_3D ( 'NONE', #1009, #6828, #5686 ) ;
#2284 = CARTESIAN_POINT ( 'NONE',  ( 5.452053660837178128, 5.585106974539524044E-15, 66.50746437646199638 ) ) ;
#2285 = CARTESIAN_POINT ( 'NONE',  ( 17.29080888425168538, -3.599999999999999645, -48.09695916541842564 ) ) ;
#2286 = ORIENTED_EDGE ( 'NONE', *, *, #1782, .F. ) ;
#2287 = CARTESIAN_POINT ( 'NONE',  ( 17.20670886933388744, -3.600000000000000533, -52.25430206805422984 ) ) ;
#2288 = CARTESIAN_POINT ( 'NONE',  ( 17.16056175679898743, 0.000000000000000000, 47.88085290031814623 ) ) ;
#2289 = DIRECTION ( 'NONE',  ( 0.000000000000000000, 0.000000000000000000, -1.000000000000000000 ) ) ;
#2290 = CARTESIAN_POINT ( 'NONE',  ( 16.80000000000261906, 0.000000000000000000, -52.00000000000001421 ) ) ;
#2291 = EDGE_CURVE ( 'NONE', #4194, #6913, #5267, .T. ) ;
#2292 = AXIS2_PLACEMENT_3D ( 'NONE', #5132, #3346, #5058 ) ;
#2293 = AXIS2_PLACEMENT_3D ( 'NONE', #4539, #3437, #2275 ) ;
#2294 = EDGE_LOOP ( 'NONE', ( #6307, #2850, #170, #1238 ) ) ;
#2295 = PLANE ( 'NONE',  #7015 ) ;
#2296 = CARTESIAN_POINT ( 'NONE',  ( 8.405485141865415954, -3.600000000000000533, 64.27604775735971998 ) ) ;
#2297 = CARTESIAN_POINT ( 'NONE',  ( -11.41992022309379529, -2.000000000000000000, -64.46282546920497225 ) ) ;
#2298 = CARTESIAN_POINT ( 'NONE',  ( -16.76187129994628577, -0.03847766296388776402, 33.63107344077412364 ) ) ;
#2299 = VECTOR ( 'NONE', #5064, 1000.000000000000227 ) ;
#2300 = ORIENTED_EDGE ( 'NONE', *, *, #4885, .T. ) ;
#2301 = CARTESIAN_POINT ( 'NONE',  ( -4.054944501999132811, -0.7999999999999753975, 65.99870273567954371 ) ) ;
#2302 = VERTEX_POINT ( 'NONE', #6120 ) ;
#2303 = CARTESIAN_POINT ( 'NONE',  ( -17.27279242060565423, -3.600000000000000533, -45.45538941886399442 ) ) ;
#2304 = B_SPLINE_CURVE_WITH_KNOTS ( 'NONE', 3,
 ( #2882, #5693, #1586, #3910, #5810, #6867, #462, #4060, #7472, #4552, #2756, #6313, #4627, #6793 ),
 .UNSPECIFIED., .F., .F.,
 ( 4, 1, 1, 1, 1, 1, 1, 1, 1, 1, 1, 4 ),
 ( -7.786762545868189825E-06, 0.1249932117522130348, 0.2499942102669719390, 0.3124947095243514328, 0.3749952087817308710, 0.4999962072964897475, 0.6249972058112487350, 0.7499982043260076114, 0.8124987035833870497, 0.8749992028407664879, 0.9374997020981459261, 1.000000201355525364 ),
 .UNSPECIFIED. ) ;
#2305 = CARTESIAN_POINT ( 'NONE',  ( -3.810036809055219464, -1.239339828220174633, -15.87497125981866475 ) ) ;
#2306 = CARTESIAN_POINT ( 'NONE',  ( -15.32329065182630501, -2.000000000000000000, -60.19577039125361040 ) ) ;
#2307 = CARTESIAN_POINT ( 'NONE',  ( -12.09795365011064128, 5.774781440175517677E-15, 58.25267911671303978 ) ) ;
#2308 = CARTESIAN_POINT ( 'NONE',  ( 7.355290886720319499, -0.03847551735087158947, 65.26262574765715385 ) ) ;
#2309 = CARTESIAN_POINT ( 'NONE',  ( 17.25836522144166807, -3.600000000000000533, 34.07495556669906023 ) ) ;
#2310 = CARTESIAN_POINT ( 'NONE',  ( 8.147798417398151472, -0.7999999999999999334, 63.34978829816068213 ) ) ;
#2311 = ORIENTED_EDGE ( 'NONE', *, *, #5408, .T. ) ;
#2312 = CARTESIAN_POINT ( 'NONE',  ( -7.104428544175296345, 5.619663268761672669E-15, 65.51636494679638645 ) ) ;
#2313 = ADVANCED_FACE ( 'NONE', ( #895 ), #4352, .F. ) ;
#2314 = CARTESIAN_POINT ( 'NONE',  ( 5.141155013499287385, 5.613504664288781302E-15, 66.61845459356520394 ) ) ;
#2315 = CARTESIAN_POINT ( 'NONE',  ( -10.68194615614513410, -3.000000000000009770, -64.92789747659153932 ) ) ;
#2316 = CARTESIAN_POINT ( 'NONE',  ( 0.2550710703541828051, -3.600000000000000533, -66.65495041482247984 ) ) ;
#2317 = CARTESIAN_POINT ( 'NONE',  ( -17.23235143683655224, -3.599999999999999645, -51.72464366928166868 ) ) ;
#2318 = CARTESIAN_POINT ( 'NONE',  ( -17.91365972041676002, -2.000000000000000000, 33.87934408626165350 ) ) ;
#2319 = CARTESIAN_POINT ( 'NONE',  ( 6.824246856465896904, 5.494484356797068627E-15, 65.72781100966966505 ) ) ;
#2320 = ORIENTED_EDGE ( 'NONE', *, *, #1226, .F. ) ;
#2321 = DIRECTION ( 'NONE',  ( 0.000000000000000000, 1.000000000000000000, 0.000000000000000000 ) ) ;
#2322 = CARTESIAN_POINT ( 'NONE',  ( 17.29019189222662689, -3.600000000000000977, -46.76500568702747529 ) ) ;
#2323 = FACE_OUTER_BOUND ( 'NONE', #5859, .T. ) ;
#2324 = VECTOR ( 'NONE', #1439, 1000.000000000000227 ) ;
#2325 = DIRECTION ( 'NONE',  ( -2.490616612073553512E-08, 1.577721838605480946E-30, 0.9999999999999996669 ) ) ;
#2326 = CARTESIAN_POINT ( 'NONE',  ( -3.977972952177237786, -3.599999999999998757, 66.27633587733706122 ) ) ;
#2327 = ORIENTED_EDGE ( 'NONE', *, *, #1742, .F. ) ;
#2328 = CARTESIAN_POINT ( 'NONE',  ( 14.26488911149769301, 5.478673434836475162E-15, 52.09914299434549889 ) ) ;
#2329 = EDGE_CURVE ( 'NONE', #2892, #3933, #313, .T. ) ;
#2330 = CARTESIAN_POINT ( 'NONE',  ( 3.387691935394314235, -3.000000000000009770, 66.87630318944766827 ) ) ;
#2331 = CARTESIAN_POINT ( 'NONE',  ( 7.926907041277978294, -3.600000000000000089, 64.73625617790689546 ) ) ;
#2332 = CARTESIAN_POINT ( 'NONE',  ( -13.43986720242392963, -0.7999999999999998224, 52.08176975336677117 ) ) ;
#2333 = CARTESIAN_POINT ( 'NONE',  ( 8.100591407257333287, -3.000000000000010658, -66.21314610011458512 ) ) ;
#2334 = EDGE_CURVE ( 'NONE', #892, #735, #2528, .T. ) ;
#2335 = CARTESIAN_POINT ( 'NONE',  ( -15.17941132662234160, -3.600000000000000533, 50.01387602517724673 ) ) ;
#2336 = CARTESIAN_POINT ( 'NONE',  ( 17.30013934642546403, -3.599999999999999201, 21.16388925755468264 ) ) ;
#2337 = ORIENTED_EDGE ( 'NONE', *, *, #2716, .F. ) ;
#2338 = CARTESIAN_POINT ( 'NONE',  ( -3.970667723456054343, -0.03847775722737850623, 66.76182846260886095 ) ) ;
#2339 = VERTEX_POINT ( 'NONE', #5807 ) ;
#2340 = CARTESIAN_POINT ( 'NONE',  ( -17.27838648391180598, -3.600000000000001421, -45.81620293477350714 ) ) ;
#2341 = LINE ( 'NONE', #6323, #75 ) ;
#2342 = ADVANCED_FACE ( 'NONE', ( #5734, #2753, #6939, #1197 ), #5155, .F. ) ;
#2343 = CARTESIAN_POINT ( 'NONE',  ( -13.67959696652868651, -2.000000000000000000, -62.42548451307303026 ) ) ;
#2344 = CARTESIAN_POINT ( 'NONE',  ( -16.54528203919007368, 5.698718837798663772E-15, 38.68589265289902812 ) ) ;
#2345 = CARTESIAN_POINT ( 'NONE',  ( 14.25575799097778784, -3.100000000000030731, 27.00011359384848220 ) ) ;
#2346 = CARTESIAN_POINT ( 'NONE',  ( 5.474782092288274171, 17.76640921322866973, 31.97813305171905185 ) ) ;
#2347 = CARTESIAN_POINT ( 'NONE',  ( 8.031479019817115983, -0.03847763233537924987, 64.61980279206166244 ) ) ;
#2348 = CARTESIAN_POINT ( 'NONE',  ( 15.23205600428583040, -3.600000000000000533, 49.80305008455237470 ) ) ;
#2349 = CARTESIAN_POINT ( 'NONE',  ( 6.814459751189057002, -0.7999999999999998224, 64.71887231447556132 ) ) ;
#2350 = CARTESIAN_POINT ( 'NONE',  ( -5.679818643970243386, 5.703183346383829959E-15, 66.41161108449803407 ) ) ;
#2351 = ORIENTED_EDGE ( 'NONE', *, *, #3410, .F. ) ;
#2352 = CARTESIAN_POINT ( 'NONE',  ( 5.423238146212700173, 5.632378580644669444E-15, 66.51872851880104065 ) ) ;
#2353 = CARTESIAN_POINT ( 'NONE',  ( -8.687670189185702441, -3.000000000000009770, -65.97540673060159122 ) ) ;
#2354 = CARTESIAN_POINT ( 'NONE',  ( -13.56490621156701160, -1.999999999999999112, 57.07621014246861790 ) ) ;
#2355 = CARTESIAN_POINT ( 'NONE',  ( -17.84897195366904299, -3.000000000000011990, -51.05594919465357151 ) ) ;
#2356 = CARTESIAN_POINT ( 'NONE',  ( -2.936610606455375638, 5.637851296924623057E-15, 66.81154516862689263 ) ) ;
#2357 = CARTESIAN_POINT ( 'NONE',  ( -17.81696947680220688, -3.000000000000009770, 35.32700214229696911 ) ) ;
#2358 = ADVANCED_FACE ( 'NONE', ( #6382 ), #2180, .T. ) ;
#2359 = CARTESIAN_POINT ( 'NONE',  ( 16.79996216620541816, 5.549342365950407717E-15, 31.73184919156567219 ) ) ;
#2360 = CARTESIAN_POINT ( 'NONE',  ( 17.03121421968404903, -3.000000000000010214, -56.31506920476146405 ) ) ;
#2361 = CARTESIAN_POINT ( 'NONE',  ( 5.188189377207931940, 6.047420557908358838E-15, 66.60317161265477637 ) ) ;
#2362 = ORIENTED_EDGE ( 'NONE', *, *, #3378, .F. ) ;
#2363 = CARTESIAN_POINT ( 'NONE',  ( 0.6574479888857370780, -3.000000000000010658, 66.87631665454264862 ) ) ;
#2364 = CARTESIAN_POINT ( 'NONE',  ( -17.27437104895234654, -3.600000000000000089, 14.80590631613907071 ) ) ;
#2365 = CARTESIAN_POINT ( 'NONE',  ( -9.799123787357983062, 0.000000000000000000, 65.42129154672626612 ) ) ;
#2366 = FACE_OUTER_BOUND ( 'NONE', #7042, .T. ) ;
#2367 = CARTESIAN_POINT ( 'NONE',  ( -17.29858125992160822, -3.600000000000000089, 29.00226101381225874 ) ) ;
#2368 = CARTESIAN_POINT ( 'NONE',  ( 3.359498713772218981, -2.299999999999999822, 45.91854592256469658 ) ) ;
#2369 = CARTESIAN_POINT ( 'NONE',  ( -11.02181840491797260, -2.000000000000000000, 63.87591695208038800 ) ) ;
#2370 = CIRCLE ( 'NONE', #5313, 16.60000000000261977 ) ;
#2371 = VERTEX_POINT ( 'NONE', #3519 ) ;
#2372 = FACE_OUTER_BOUND ( 'NONE', #6713, .T. ) ;
#2373 = CARTESIAN_POINT ( 'NONE',  ( 16.80000000000524096, 0.000000000000000000, 32.00001223506188808 ) ) ;
#2374 = DIRECTION ( 'NONE',  ( 0.000000000000000000, 0.000000000000000000, -1.000000000000000000 ) ) ;
#2375 = CARTESIAN_POINT ( 'NONE',  ( 11.26298336960110547, -1.779949199897996825, 2.805177350874876137E-07 ) ) ;
#2376 = B_SPLINE_CURVE_WITH_KNOTS ( 'NONE', 3,
 ( #3082, #2417, #4101, #6508, #5820, #4750, #1208, #171, #4181, #3602, #2460, #7147, #4785, #1923 ),
 .UNSPECIFIED., .F., .F.,
 ( 4, 1, 1, 1, 1, 1, 1, 1, 1, 1, 1, 4 ),
 ( 0.000000000000000000, 0.06249999999999998612, 0.1249999999999999722, 0.1874999999999999722, 0.2499999999999999445, 0.3749999999999999445, 0.5000000000000000000, 0.6250000000000000000, 0.6875000000000000000, 0.7500000000000000000, 0.8750000000000000000, 1.000000000000000000 ),
 .UNSPECIFIED. ) ;
#2377 = CARTESIAN_POINT ( 'NONE',  ( -3.991995130784529611, -0.7999999999998834710, 66.00002891756265910 ) ) ;
#2378 = ORIENTED_EDGE ( 'NONE', *, *, #6892, .F. ) ;
#2379 = CARTESIAN_POINT ( 'NONE',  ( -17.28895452259483179, -3.600000000000000089, -48.41107853347668311 ) ) ;
#2380 = CARTESIAN_POINT ( 'NONE',  ( 6.035528289283165648, -3.599999999999998757, 65.97723926086604251 ) ) ;
#2381 = CARTESIAN_POINT ( 'NONE',  ( -10.61149215169823457, 5.650058507950453799E-15, 61.18091879539982614 ) ) ;
#2382 = CARTESIAN_POINT ( 'NONE',  ( 10.25637270230775577, -3.599999999999999201, 61.96552124289195262 ) ) ;
#2383 = CARTESIAN_POINT ( 'NONE',  ( 5.013908451305383096, -0.7999999999997842171, 65.81737168022540629 ) ) ;
#2384 = CARTESIAN_POINT ( 'NONE',  ( 17.03052241184236593, -3.600000000000000089, 38.41853953641143704 ) ) ;
#2385 = ADVANCED_FACE ( 'NONE', ( #6273 ), #1655, .T. ) ;
#2386 = CARTESIAN_POINT ( 'NONE',  ( 4.162276315746836985, -0.7999999999999996003, 65.99406282986632277 ) ) ;
#2387 = CARTESIAN_POINT ( 'NONE',  ( -7.335977023336769598, 5.745200633289282787E-15, 65.32525337199304261 ) ) ;
#2388 = ORIENTED_EDGE ( 'NONE', *, *, #4728, .T. ) ;
#2389 = CARTESIAN_POINT ( 'NONE',  ( 5.336209265635690535, 5.386679999985851975E-15, 66.55155119923190910 ) ) ;
#2390 = CARTESIAN_POINT ( 'NONE',  ( -10.89363361479025372, -3.000000000000011990, -64.79473084394220450 ) ) ;
#2391 = CARTESIAN_POINT ( 'NONE',  ( 5.924069637619489015E-06, -3.600000000000000089, -66.65441558792416288 ) ) ;
#2392 = CARTESIAN_POINT ( 'NONE',  ( -15.05358114586063856, -3.599999999999998757, -59.32782868224084893 ) ) ;
#2393 = DIRECTION ( 'NONE',  ( -5.981805089575197183E-16, 0.000000000000000000, -1.000000000000000000 ) ) ;
#2394 = CIRCLE ( 'NONE', #6661, 14.80000000000000071 ) ;
#2395 = CARTESIAN_POINT ( 'NONE',  ( -16.77148242926233124, -3.000000000000010658, 45.37588400308798953 ) ) ;
#2396 = PRODUCT ( 'Renesas ArmSync Controller Topshell V3', 'Renesas ArmSync Controller Topshell V3', '', ( #140 ) ) ;
#2397 = FACE_OUTER_BOUND ( 'NONE', #1200, .T. ) ;
#2398 = CARTESIAN_POINT ( 'NONE',  ( 15.99998124694891999, -0.8000000000000001554, 31.86728428244236966 ) ) ;
#2399 = VERTEX_POINT ( 'NONE', #5124 ) ;
#2400 = CARTESIAN_POINT ( 'NONE',  ( -3.386191479722297171, -3.600000000000000533, 66.27630316122404963 ) ) ;
#2401 = PLANE ( 'NONE',  #1559 ) ;
#2402 = AXIS2_PLACEMENT_3D ( 'NONE', #5057, #5520, #6211 ) ;
#2403 = FACE_OUTER_BOUND ( 'NONE', #4628, .T. ) ;
#2404 = DIRECTION ( 'NONE',  ( -0.000000000000000000, -1.000000000000000000, -0.000000000000000000 ) ) ;
#2405 = CARTESIAN_POINT ( 'NONE',  ( 14.56956371267746952, -3.600000000000000089, -60.12442384332953793 ) ) ;
#2406 = ORIENTED_EDGE ( 'NONE', *, *, #1504, .T. ) ;
#2407 = CARTESIAN_POINT ( 'NONE',  ( 16.80011815326074753, 5.914441706219046091E-15, 32.83802174602494972 ) ) ;
#2408 = CARTESIAN_POINT ( 'NONE',  ( -16.79999999999999716, 0.000000000000000000, -52.00000000000000711 ) ) ;
#2409 = CARTESIAN_POINT ( 'NONE',  ( 8.560069155030284094, -3.600000000000000533, 64.11375014056012844 ) ) ;
#2410 = CARTESIAN_POINT ( 'NONE',  ( -5.041041522454006163, -0.8000000000000000444, -54.79298605861921345 ) ) ;
#2411 = VECTOR ( 'NONE', #2158, 1000.000000000000000 ) ;
#2412 = CARTESIAN_POINT ( 'NONE',  ( 5.670562823249921003, -3.599999999999999645, 66.10161380659808117 ) ) ;
#2413 = CARTESIAN_POINT ( 'NONE',  ( -15.95380803708428630, -3.600000000000000533, 46.50304622247627151 ) ) ;
#2414 = CARTESIAN_POINT ( 'NONE',  ( 17.29841735326916563, -3.600000000000000089, 28.60896640004484226 ) ) ;
#2415 = CIRCLE ( 'NONE', #1693, 1.499999999999999556 ) ;
#2416 = CARTESIAN_POINT ( 'NONE',  ( -7.061486053270430219, -0.03847718988410592234, 65.50222452385051497 ) ) ;
#2417 = CARTESIAN_POINT ( 'NONE',  ( 8.483631721531461167, -3.000000000000010658, 65.13435232038442280 ) ) ;
#2418 = VERTEX_POINT ( 'NONE', #2213 ) ;
#2419 = LINE ( 'NONE', #6915, #1935 ) ;
#2420 = DIRECTION ( 'NONE',  ( 0.000000000000000000, 0.000000000000000000, -1.000000000000000000 ) ) ;
#2421 = VECTOR ( 'NONE', #1611, 1000.000000000000000 ) ;
#2422 = TOROIDAL_SURFACE ( 'NONE', #1936, 12.92304473782994734, 2.600000000000000089 ) ;
#2423 = CARTESIAN_POINT ( 'NONE',  ( -4.757726485317966159, -0.7999999999999999334, 65.89700211845851641 ) ) ;
#2424 = CARTESIAN_POINT ( 'NONE',  ( 9.562968198367826744, -3.599999999999999201, 62.92834031461144662 ) ) ;
#2425 = DIRECTION ( 'NONE',  ( 0.000000000000000000, 0.000000000000000000, -1.000000000000000000 ) ) ;
#2426 = CARTESIAN_POINT ( 'NONE',  ( 4.654666050967141366, -0.7999999999999667377, 64.80206885766108371 ) ) ;
#2427 = CARTESIAN_POINT ( 'NONE',  ( 3.979714119578078080, -0.7708628461867070847, 65.34689743010279983 ) ) ;
#2428 = CARTESIAN_POINT ( 'NONE',  ( 14.06968782502953452, -3.600000000000000533, 53.84655944815139605 ) ) ;
#2429 = CARTESIAN_POINT ( 'NONE',  ( -15.87346098412140449, 0.000000000000000000, 53.03685015818281556 ) ) ;
#2430 = CARTESIAN_POINT ( 'NONE',  ( 5.938805203515784115, -0.7999999999999998224, 65.36456264482433198 ) ) ;
#2431 = VERTEX_POINT ( 'NONE', #4550 ) ;
#2432 = CARTESIAN_POINT ( 'NONE',  ( -6.637977742276707005, 5.605531733658967895E-15, 65.86340123181489048 ) ) ;
#2433 = ORIENTED_EDGE ( 'NONE', *, *, #1561, .T. ) ;
#2434 = CARTESIAN_POINT ( 'NONE',  ( 5.763754347461200744, 5.612067976329434218E-15, 66.37301514137993763 ) ) ;
#2435 = CARTESIAN_POINT ( 'NONE',  ( -8.108282893286808957, -3.599999999999999645, -65.56607050154070748 ) ) ;
#2436 = CARTESIAN_POINT ( 'NONE',  ( -17.79461808913663390, -3.000000000000007550, -52.44828254500713172 ) ) ;
#2437 = CARTESIAN_POINT ( 'NONE',  ( -4.671636508388882447, 5.639764109591135769E-15, 66.73592162189972044 ) ) ;
#2438 = EDGE_CURVE ( 'NONE', #7341, #4117, #3982, .T. ) ;
#2439 = EDGE_CURVE ( 'NONE', #4404, #652, #2032, .T. ) ;
#2440 = CARTESIAN_POINT ( 'NONE',  ( 15.90121984699743862, -0.8000000000000007105, 36.14427860513747248 ) ) ;
#2441 = ORIENTED_EDGE ( 'NONE', *, *, #5195, .T. ) ;
#2442 = ORIENTED_EDGE ( 'NONE', *, *, #1886, .F. ) ;
#2443 = CARTESIAN_POINT ( 'NONE',  ( -5.224261762915148211, -3.600000000000000977, 66.20208624103743489 ) ) ;
#2444 = CARTESIAN_POINT ( 'NONE',  ( -17.27950069073571271, -3.600000000000000977, 15.79785521854753405 ) ) ;
#2445 = DIRECTION ( 'NONE',  ( -0.9999999999999996669, 0.000000000000000000, -2.490616612073553512E-08 ) ) ;
#2446 = DIRECTION ( 'NONE',  ( 1.000000000000000000, 0.000000000000000000, 0.000000000000000000 ) ) ;
#2447 = CARTESIAN_POINT ( 'NONE',  ( 9.477423412171207318, -0.03847654054365028803, 62.87676429283162349 ) ) ;
#2448 = CARTESIAN_POINT ( 'NONE',  ( 14.63849438681693549, -0.03847704236953337908, 50.55438845311485352 ) ) ;
#2449 = CARTESIAN_POINT ( 'NONE',  ( 11.93115231861765047, -3.600000000000000977, -63.24510320375219408 ) ) ;
#2450 = VERTEX_POINT ( 'NONE', #4270 ) ;
#2451 = CARTESIAN_POINT ( 'NONE',  ( 10.25786972196244662, 0.000000000000000000, 64.95463044519343043 ) ) ;
#2452 = CARTESIAN_POINT ( 'NONE',  ( 16.26216102722465351, 5.395644510689394446E-15, 41.60070537438215865 ) ) ;
#2453 = CARTESIAN_POINT ( 'NONE',  ( 14.25575799097778074, -3.600000000000000089, -31.00427299466725017 ) ) ;
#2454 = DIRECTION ( 'NONE',  ( 0.000000000000000000, 1.000000000000000000, 0.000000000000000000 ) ) ;
#2455 = CARTESIAN_POINT ( 'NONE',  ( 3.712518498233031927, -3.600000000000000533, 66.27631509142334210 ) ) ;
#2456 = CARTESIAN_POINT ( 'NONE',  ( -17.20316293391561047, -3.600000000000000089, 35.59870012945240347 ) ) ;
#2457 = EDGE_CURVE ( 'NONE', #4328, #7445, #5415, .T. ) ;
#2458 = CARTESIAN_POINT ( 'NONE',  ( -5.689832452911601557, -0.7999999999992125632, 65.51153827008373298 ) ) ;
#2459 = ORIENTED_EDGE ( 'NONE', *, *, #7480, .T. ) ;
#2460 = CARTESIAN_POINT ( 'NONE',  ( 17.90562086730401603, -3.000000000000010658, 24.29046623263749183 ) ) ;
#2461 = ORIENTED_EDGE ( 'NONE', *, *, #5510, .F. ) ;
#2462 = CARTESIAN_POINT ( 'NONE',  ( 6.107416077598188942, -3.600000000000001421, 65.94909754634551291 ) ) ;
#2463 = CARTESIAN_POINT ( 'NONE',  ( -5.279117001631285611, -0.7999999999999999334, 65.71423597653088677 ) ) ;
#2464 = CARTESIAN_POINT ( 'NONE',  ( -17.29858224562101299, -3.600000000000000533, 29.10903842008063336 ) ) ;
#2465 = CARTESIAN_POINT ( 'NONE',  ( 15.36514782994147055, -3.600000000000001421, 49.26726395771840572 ) ) ;
#2466 = CARTESIAN_POINT ( 'NONE',  ( 4.765892620927728807, -0.7999999999999826139, 64.76068906417914661 ) ) ;
#2467 = CARTESIAN_POINT ( 'NONE',  ( 11.67696289918022323, -3.600000000000000533, 59.57831351899635308 ) ) ;
#2468 = FACE_OUTER_BOUND ( 'NONE', #3603, .T. ) ;
#2469 = CARTESIAN_POINT ( 'NONE',  ( 5.231447036617923985, -0.8000000000000000444, 65.73399113053221754 ) ) ;
#2470 = CARTESIAN_POINT ( 'NONE',  ( 3.991677709130086349, 6.035556131122895880E-15, 66.80001304877089296 ) ) ;
#2471 = CARTESIAN_POINT ( 'NONE',  ( -5.410230225243648050, -3.600000000000001421, -66.35698570810360764 ) ) ;
#2472 = CARTESIAN_POINT ( 'NONE',  ( 2.551809874895768715, -3.599999999999999645, -66.65307858029343890 ) ) ;
#2473 = CARTESIAN_POINT ( 'NONE',  ( -17.85599797363739683, -3.000000000000010658, -50.65934537074829080 ) ) ;
#2474 = CARTESIAN_POINT ( 'NONE',  ( -5.334889948298570772, 5.574596737235127821E-15, 66.55238079365680903 ) ) ;
#2475 = ADVANCED_FACE ( 'NONE', ( #1284 ), #891, .T. ) ;
#2476 = CARTESIAN_POINT ( 'NONE',  ( 3.932314928064591264, 5.637851296924623057E-15, 66.80036211283152170 ) ) ;
#2477 = ORIENTED_EDGE ( 'NONE', *, *, #4586, .T. ) ;
#2478 = ORIENTED_EDGE ( 'NONE', *, *, #568, .T. ) ;
#2479 = CARTESIAN_POINT ( 'NONE',  ( 16.80000000000524096, 0.000000000000000000, 32.00001223506188808 ) ) ;
#2480 = CARTESIAN_POINT ( 'NONE',  ( -17.29245565211967772, -3.599999999999998757, 18.70849379387527733 ) ) ;
#2481 = CARTESIAN_POINT ( 'NONE',  ( -13.59078231942650561, -2.000000000000000000, 59.32953292813555635 ) ) ;
#2482 = LINE ( 'NONE', #779, #4104 ) ;
#2483 = CARTESIAN_POINT ( 'NONE',  ( -15.27496775737661494, -3.600000000000000089, -58.92930453632489218 ) ) ;
#2484 = CARTESIAN_POINT ( 'NONE',  ( -4.153118405246169154, -3.600000000000000977, 66.27606568342189064 ) ) ;
#2485 = CARTESIAN_POINT ( 'NONE',  ( -6.341774300405010223, -2.000000000000000000, 68.09403760702495845 ) ) ;
#2486 = EDGE_CURVE ( 'NONE', #5603, #2450, #1170, .T. ) ;
#2487 = VERTEX_POINT ( 'NONE', #7025 ) ;
#2488 = CARTESIAN_POINT ( 'NONE',  ( 17.16056175679898743, -2.000000000000000000, 47.88085290031814623 ) ) ;
#2489 = DIRECTION ( 'NONE',  ( 0.000000000000000000, 0.000000000000000000, -1.000000000000000000 ) ) ;
#2490 = CARTESIAN_POINT ( 'NONE',  ( -10.78948047458525039, -3.600000000000000977, -64.15064872855961653 ) ) ;
#2491 = CARTESIAN_POINT ( 'NONE',  ( -3.987973461311276946, -0.7999999999989193533, 65.09253244916810388 ) ) ;
#2492 = CARTESIAN_POINT ( 'NONE',  ( 2.319995251979784623, -3.600000000000000533, 66.27631840834820309 ) ) ;
#2493 = CARTESIAN_POINT ( 'NONE',  ( -17.22216916100439121, -3.599999999999999645, 35.15951149946672416 ) ) ;
#2494 = CARTESIAN_POINT ( 'NONE',  ( 17.29865715997281939, -3.600000000000000089, 29.10442742486154444 ) ) ;
#2495 = CARTESIAN_POINT ( 'NONE',  ( -5.245785542643274901, -0.03847763407401206398, 66.54333874919791469 ) ) ;
#2496 = CARTESIAN_POINT ( 'NONE',  ( -3.950675273014652600, -0.8000000000000120348, 64.92345960021759765 ) ) ;
#2497 = EDGE_LOOP ( 'NONE', ( #3931, #5243, #923, #6490, #6483, #2554, #7011, #7358, #1301, #172, #774, #2661, #2591, #4438 ) ) ;
#2498 = LINE ( 'NONE', #4150, #5681 ) ;
#2499 = CARTESIAN_POINT ( 'NONE',  ( -3.857066052173107717, -0.8000000000000002665, 66.00149530134770259 ) ) ;
#2500 = CARTESIAN_POINT ( 'NONE',  ( 1.237252839945931271, -3.600000000000001421, -66.66198071904948108 ) ) ;
#2501 = CARTESIAN_POINT ( 'NONE',  ( 14.60571257355594454, -3.600000000000001421, 52.12284242637349507 ) ) ;
#2502 = DIRECTION ( 'NONE',  ( -0.9886829206582451457, 0.000000000000000000, -0.1500202732922527038 ) ) ;
#2503 = CARTESIAN_POINT ( 'NONE',  ( 5.646254148610501566, -0.03847632929930906720, 66.38643470950768233 ) ) ;
#2504 = DIRECTION ( 'NONE',  ( -0.000000000000000000, 1.000000000000000000, -0.000000000000000000 ) ) ;
#2505 = DIRECTION ( 'NONE',  ( 0.000000000000000000, -1.000000000000000000, 0.000000000000000000 ) ) ;
#2506 = CARTESIAN_POINT ( 'NONE',  ( 5.158593574931363612, -0.8000000000000000444, 65.76321736139790630 ) ) ;
#2507 = CARTESIAN_POINT ( 'NONE',  ( -4.671636508388882447, 5.639764109591135769E-15, 66.73592162189972044 ) ) ;
#2508 = CARTESIAN_POINT ( 'NONE',  ( 6.576688579771929000, 5.644185130642281087E-15, 65.90269012352374034 ) ) ;
#2509 = CARTESIAN_POINT ( 'NONE',  ( -14.81760923644173111, -3.000000000000011990, -60.83629758878134197 ) ) ;
#2510 = CARTESIAN_POINT ( 'NONE',  ( -3.999949977422747605, 5.223860695101032887E-15, 66.79998969311363055 ) ) ;
#2511 = CARTESIAN_POINT ( 'NONE',  ( -17.85574020768672554, -3.000000000000010658, 11.10922738596742043 ) ) ;
#2512 = CARTESIAN_POINT ( 'NONE',  ( 14.98073949660124526, 5.718444918258359787E-15, 49.24641500847139497 ) ) ;
#2513 = CARTESIAN_POINT ( 'NONE',  ( 17.85186046326496978, -3.000000000000011546, -50.89399314080014847 ) ) ;
#2514 = CARTESIAN_POINT ( 'NONE',  ( 3.945356572784946891, 5.637851296924622268E-15, 66.80028573443455286 ) ) ;
#2515 = ORIENTED_EDGE ( 'NONE', *, *, #3319, .T. ) ;
#2516 = ORIENTED_EDGE ( 'NONE', *, *, #34, .T. ) ;
#2517 = CARTESIAN_POINT ( 'NONE',  ( -7.236968826745607153, -3.600000000000000089, 65.30760513146441326 ) ) ;
#2518 = CARTESIAN_POINT ( 'NONE',  ( -17.26486464763191719, -3.599999999999999645, 12.98864653168720018 ) ) ;
#2519 = CARTESIAN_POINT ( 'NONE',  ( -12.39993575547961591, -2.000000000000000000, 61.69348873847482650 ) ) ;
#2520 = CARTESIAN_POINT ( 'NONE',  ( 17.82086168601930964, -2.000000000000000000, -52.72503012935123223 ) ) ;
#2521 = CARTESIAN_POINT ( 'NONE',  ( 6.652667553224888231, -0.03848046418708429839, 65.81764868606596508 ) ) ;
#2522 = CARTESIAN_POINT ( 'NONE',  ( -13.50759854406374316, -3.600000000000000089, -61.59070160737167043 ) ) ;
#2523 = CARTESIAN_POINT ( 'NONE',  ( -5.225423712338785442, -3.599999999999999645, 66.20391675844065560 ) ) ;
#2524 = B_SPLINE_SURFACE_WITH_KNOTS ( 'NONE', 3, 1, ( 
 ( #1405, #2581 ),
 ( #2004, #1440 ),
 ( #3771, #6099 ),
 ( #871, #3203 ),
 ( #5519, #289 ),
 ( #4024, #2253 ),
 ( #6348, #1128 ),
 ( #5774, #4590 ),
 ( #535, #2883 ),
 ( #6904, #1692 ),
 ( #7473, #3451 ),
 ( #4135, #5809 ),
 ( #618, #1159 ),
 ( #1235, #4091 ) ),
 .UNSPECIFIED., .F., .F., .F.,
 ( 4, 1, 1, 1, 1, 1, 1, 1, 1, 1, 1, 4 ),
 ( 2, 2 ),
 ( -7.786762545868189825E-06, 0.1249932117522130348, 0.2499942102669719390, 0.3124947095243514328, 0.3749952087817308710, 0.4999962072964897475, 0.6249972058112487350, 0.7499982043260076114, 0.8124987035833870497, 0.8749992028407664879, 0.9374997020981459261, 1.000000201355525364 ),
 ( 0.000000000000000000, 1.000000000000000000 ),
 .UNSPECIFIED. ) ;
#2525 = VERTEX_POINT ( 'NONE', #6352 ) ;
#2526 = CIRCLE ( 'NONE', #2156, 2.149999999999995470 ) ;
#2527 = CARTESIAN_POINT ( 'NONE',  ( 4.914238823681857049, -2.000000000000000000, 66.87645546539515351 ) ) ;
#2528 = B_SPLINE_CURVE_WITH_KNOTS ( 'NONE', 3,
 ( #6157, #1994, #5578, #7317, #2106, #1533, #3867, #2714, #6198, #5043, #4897, #7218 ),
 .UNSPECIFIED., .F., .F.,
 ( 4, 1, 1, 1, 1, 1, 1, 1, 1, 4 ),
 ( 0.000000000000000000, 0.1250000000000000278, 0.2500000000000000555, 0.3750000000000000555, 0.5000000000000000000, 0.6250000000000001110, 0.6875000000000001110, 0.7500000000000000000, 0.8750000000000000000, 1.000000000000000000 ),
 .UNSPECIFIED. ) ;
#2529 = CARTESIAN_POINT ( 'NONE',  ( -14.50868299529198957, -0.7999999999999997113, 47.65316489598761507 ) ) ;
#2530 = CARTESIAN_POINT ( 'NONE',  ( 3.888159312257687183, -3.600000000000000089, 66.27632650900633848 ) ) ;
#2531 = CARTESIAN_POINT ( 'NONE',  ( -17.27593178650569783, -3.600000000000000089, 33.39392470041562433 ) ) ;
#2532 = CARTESIAN_POINT ( 'NONE',  ( 17.30085810247549105, -3.600000000000000089, 26.02761475343346476 ) ) ;
#2533 = EDGE_CURVE ( 'NONE', #4591, #2621, #581, .T. ) ;
#2534 = B_SPLINE_CURVE_WITH_KNOTS ( 'NONE', 2,
 ( #530, #3946, #3370, #5654, #569, #1724, #6345, #2877, #2288, #1124, #2751, #5688 ),
 .UNSPECIFIED., .F., .F.,
 ( 3, 1, 1, 1, 1, 1, 1, 1, 1, 1, 3 ),
 ( 0.000000000000000000, 0.04687501606165501988, 0.09375003212331003977, 0.1562500535388500755, 0.2187500749543900835, 0.3125001070777001511, 0.4375001499087801671, 0.5625001927398602941, 0.6875002355709403101, 0.8125002784020203261, 1.000000342648640350 ),
 .UNSPECIFIED. ) ;
#2535 = EDGE_LOOP ( 'NONE', ( #7100, #6744, #2979, #1051 ) ) ;
#2536 = CARTESIAN_POINT ( 'NONE',  ( 4.234627662136071891, -3.599999999999999645, 66.27572263883983794 ) ) ;
#2537 = CARTESIAN_POINT ( 'NONE',  ( -4.166649204484849989, -0.8000000000000001554, 65.99340947602696872 ) ) ;
#2538 = DIRECTION ( 'NONE',  ( 0.000000000000000000, 0.000000000000000000, -1.000000000000000000 ) ) ;
#2539 = CARTESIAN_POINT ( 'NONE',  ( 11.27400903785207298, -3.600000000000000533, 60.32058223922144435 ) ) ;
#2540 = AXIS2_PLACEMENT_3D ( 'NONE', #5016, #6132, #4978 ) ;
#2541 = CARTESIAN_POINT ( 'NONE',  ( 4.898030090410751214, -0.7999999999999826139, 64.70628739121460171 ) ) ;
#2542 = CARTESIAN_POINT ( 'NONE',  ( -5.143165270045348514, -3.600000000000000089, 44.62837295819787187 ) ) ;
#2543 = CARTESIAN_POINT ( 'NONE',  ( 5.770117268087146201, -0.7999999999999998224, 65.46680283649270393 ) ) ;
#2544 = CARTESIAN_POINT ( 'NONE',  ( -4.050117608673590830, 5.610925843201989375E-15, 66.79912811289422336 ) ) ;
#2545 = VECTOR ( 'NONE', #512, 1000.000000000000000 ) ;
#2546 = CARTESIAN_POINT ( 'NONE',  ( 6.789693170386630783, 5.737062385989403299E-15, 65.75294266359969697 ) ) ;
#2547 = CARTESIAN_POINT ( 'NONE',  ( -15.08007633122244151, -3.000000000000010214, -60.43994878098339285 ) ) ;
#2548 = CARTESIAN_POINT ( 'NONE',  ( -4.026020296970982848, 5.415696428038138305E-15, 66.79961552679542081 ) ) ;
#2549 = AXIS2_PLACEMENT_3D ( 'NONE', #5985, #2504, #181 ) ;
#2550 = CARTESIAN_POINT ( 'NONE',  ( 17.86606026293717520, -3.000000000000010214, -50.09320070939264014 ) ) ;
#2551 = EDGE_CURVE ( 'NONE', #5821, #2902, #6880, .T. ) ;
#2552 = CARTESIAN_POINT ( 'NONE',  ( 11.27825121306190326, 5.763081753556369792E-15, 59.96944520632341380 ) ) ;
#2553 = CARTESIAN_POINT ( 'NONE',  ( 3.964919039865426154, 5.637851296924623057E-15, 66.80017116683913514 ) ) ;
#2554 = ORIENTED_EDGE ( 'NONE', *, *, #771, .T. ) ;
#2555 = ORIENTED_EDGE ( 'NONE', *, *, #4675, .F. ) ;
#2556 = CARTESIAN_POINT ( 'NONE',  ( -4.812651748989206446, -3.000000000000009770, 66.85633121757801689 ) ) ;
#2557 = CARTESIAN_POINT ( 'NONE',  ( 5.239802539767181244, -0.7999999999999866107, 64.53509138858990468 ) ) ;
#2558 = CARTESIAN_POINT ( 'NONE',  ( -9.153930905789295025, -3.000000000000009770, 64.35692807227030698 ) ) ;
#2559 = CARTESIAN_POINT ( 'NONE',  ( 17.85576521892971158, -3.000000000000010658, -43.79026923235565505 ) ) ;
#2560 = CARTESIAN_POINT ( 'NONE',  ( -17.24540423942035972, -3.599999999999999201, -51.23203735705090622 ) ) ;
#2561 = CARTESIAN_POINT ( 'NONE',  ( -4.807751727947999321, -3.600000000000000533, 66.25441835385504419 ) ) ;
#2562 = CARTESIAN_POINT ( 'NONE',  ( 17.21863953211127196, -3.600000000000000533, -52.04005091284076201 ) ) ;
#2563 = ORIENTED_EDGE ( 'NONE', *, *, #1332, .T. ) ;
#2564 = DIRECTION ( 'NONE',  ( -0.000000000000000000, -1.000000000000000000, -0.000000000000000000 ) ) ;
#2565 = CARTESIAN_POINT ( 'NONE',  ( -17.85574020768672554, -3.000000000000010658, 11.10922738596742043 ) ) ;
#2566 = CARTESIAN_POINT ( 'NONE',  ( -6.491041522454004564, -1.779949199898000378, -54.79298605861921345 ) ) ;
#2567 = CARTESIAN_POINT ( 'NONE',  ( -6.491041522454005452, -1.779949199898000378, -54.79298605861921345 ) ) ;
#2568 = EDGE_CURVE ( 'NONE', #7069, #1675, #1676, .T. ) ;
#2569 = DIRECTION ( 'NONE',  ( 0.000000000000000000, 1.000000000000000000, 0.000000000000000000 ) ) ;
#2570 = CARTESIAN_POINT ( 'NONE',  ( -16.46803171506473262, -3.600000000000000089, 43.56789466785133413 ) ) ;
#2571 = ORIENTED_EDGE ( 'NONE', *, *, #5961, .F. ) ;
#2572 = CARTESIAN_POINT ( 'NONE',  ( 6.371109209016131203, -3.000000000000010214, 66.48962146031834664 ) ) ;
#2573 = EDGE_CURVE ( 'NONE', #1430, #4173, #6265, .T. ) ;
#2574 = CARTESIAN_POINT ( 'NONE',  ( -4.898037595270204214, -0.8000000000000000444, 65.85632305176990542 ) ) ;
#2575 = CARTESIAN_POINT ( 'NONE',  ( -17.29516883591935894, -3.599999999999999645, 19.37279817876397914 ) ) ;
#2576 = CARTESIAN_POINT ( 'NONE',  ( 0.2474519612852823236, -3.599999999999998757, -66.65441876684849376 ) ) ;
#2577 = CARTESIAN_POINT ( 'NONE',  ( 17.89860190992885336, -3.000000000000010214, 29.13167205384319658 ) ) ;
#2578 = CARTESIAN_POINT ( 'NONE',  ( 17.26430263207582527, -3.599999999999999645, 12.87956870217450955 ) ) ;
#2579 = CARTESIAN_POINT ( 'NONE',  ( -11.29104197450065961, -1.779949199897996825, -22.64298617816881887 ) ) ;
#2580 = DIRECTION ( 'NONE',  ( 0.000000000000000000, 0.7071067811865556774, 0.7071067811865393571 ) ) ;
#2581 = CARTESIAN_POINT ( 'NONE',  ( 17.85574221343219037, -2.000000000000000444, 11.10967525680099044 ) ) ;
#2582 = ORIENTED_EDGE ( 'NONE', *, *, #592, .F. ) ;
#2583 = EDGE_CURVE ( 'NONE', #1973, #6385, #1498, .T. ) ;
#2584 = CARTESIAN_POINT ( 'NONE',  ( 6.308513112452362570, 5.617271197717814796E-15, 66.07683373410189631 ) ) ;
#2585 = CARTESIAN_POINT ( 'NONE',  ( -7.005880255524788325, -3.000000000000011990, -66.59172598928424236 ) ) ;
#2586 = CARTESIAN_POINT ( 'NONE',  ( -16.93752005163772978, -3.000000000000011546, -56.61759601252290963 ) ) ;
#2587 = CARTESIAN_POINT ( 'NONE',  ( -4.007965655767539381, 5.781211841897285010E-15, 66.79989223212679406 ) ) ;
#2588 = CARTESIAN_POINT ( 'NONE',  ( -10.47893130013589413, -3.600000000000000089, -64.34689641717758946 ) ) ;
#2589 = CARTESIAN_POINT ( 'NONE',  ( -2.000000000000005329, 1.800000000000000044, -52.00000000000000711 ) ) ;
#2590 = CARTESIAN_POINT ( 'NONE',  ( 11.69001971050213484, -0.8000000000000003775, 57.17298392693834330 ) ) ;
#2591 = ORIENTED_EDGE ( 'NONE', *, *, #4371, .T. ) ;
#2592 = CARTESIAN_POINT ( 'NONE',  ( -3.770950239313132446, -3.000000000000009770, 66.87631779112511765 ) ) ;
#2593 = FACE_OUTER_BOUND ( 'NONE', #5785, .T. ) ;
#2594 = CARTESIAN_POINT ( 'NONE',  ( -16.95474786717872817, -3.600000000000000533, -54.20585594830150455 ) ) ;
#2595 = LINE ( 'NONE', #1308, #4497 ) ;
#2596 = CARTESIAN_POINT ( 'NONE',  ( 17.24175238744134475, -3.600000000000000533, -51.39539228428508721 ) ) ;
#2597 = ORIENTED_EDGE ( 'NONE', *, *, #6943, .T. ) ;
#2598 = CARTESIAN_POINT ( 'NONE',  ( 11.61597746056947678, -2.000000000000000000, -64.30498037203024353 ) ) ;
#2599 = CARTESIAN_POINT ( 'NONE',  ( 10.99515601087369276, -2.000000000000000000, -64.72998015956616769 ) ) ;
#2600 = CARTESIAN_POINT ( 'NONE',  ( 17.85212221966163426, -2.000000000000000000, -50.85173671083008173 ) ) ;
#2601 = ORIENTED_EDGE ( 'NONE', *, *, #2804, .T. ) ;
#2602 = CARTESIAN_POINT ( 'NONE',  ( -17.26493955282091264, -3.600000000000000089, -50.15248464929603500 ) ) ;
#2603 = CARTESIAN_POINT ( 'NONE',  ( 3.772633689485107134, -3.000000000000010214, 66.87631789100414892 ) ) ;
#2604 = CARTESIAN_POINT ( 'NONE',  ( -5.822188139306295973, -0.7999999999999998224, 65.43523016549079330 ) ) ;
#2605 = CARTESIAN_POINT ( 'NONE',  ( 11.49039120577437956, -3.000000000000010658, 61.14061866974606829 ) ) ;
#2606 = CARTESIAN_POINT ( 'NONE',  ( -11.51947694610487183, -3.599999999999999201, 59.87323300705452311 ) ) ;
#2607 = DIRECTION ( 'NONE',  ( -0.000000000000000000, -1.000000000000000000, -0.000000000000000000 ) ) ;
#2608 = CARTESIAN_POINT ( 'NONE',  ( 3.927629808124720068, -0.8000000000000000444, 66.00037583191716806 ) ) ;
#2609 = ORIENTED_EDGE ( 'NONE', *, *, #3090, .F. ) ;
#2610 = CARTESIAN_POINT ( 'NONE',  ( 17.25955921179493657, -3.600000000000000089, -44.48445861635043741 ) ) ;
#2611 = AXIS2_PLACEMENT_3D ( 'NONE', #3185, #2021, #1602 ) ;
#2612 = CARTESIAN_POINT ( 'NONE',  ( 7.374080434441802723, 5.568056657415186615E-15, 65.29316069401173195 ) ) ;
#2613 = CARTESIAN_POINT ( 'NONE',  ( 10.62464627742889967, -3.600000000000000533, -64.25494312240564909 ) ) ;
#2614 = CARTESIAN_POINT ( 'NONE',  ( -1.968844643023578866, -2.000000000000000000, 66.87634621692822634 ) ) ;
#2615 = CARTESIAN_POINT ( 'NONE',  ( -5.956255374872955421, 5.422037296504262036E-15, 66.27657288543903746 ) ) ;
#2616 = CARTESIAN_POINT ( 'NONE',  ( -4.872999045601372536, -3.600000000000000533, -66.44955582027100149 ) ) ;
#2617 = CARTESIAN_POINT ( 'NONE',  ( 12.71057051264634197, -0.8000000000000077049, 50.67325513853442231 ) ) ;
#2618 = CARTESIAN_POINT ( 'NONE',  ( 13.94092215658216993, 5.656330947479677739E-15, 53.21116486660503142 ) ) ;
#2619 = CARTESIAN_POINT ( 'NONE',  ( 17.85999021070609416, -3.000000000000010658, -50.43670832421583583 ) ) ;
#2620 = CARTESIAN_POINT ( 'NONE',  ( 10.42230019357281279, -0.7999999999999999334, 59.88045426119913373 ) ) ;
#2621 = VERTEX_POINT ( 'NONE', #387 ) ;
#2622 = CARTESIAN_POINT ( 'NONE',  ( -6.803929116322544601, -3.000000000000011102, 66.29169216469905734 ) ) ;
#2623 = DIRECTION ( 'NONE',  ( -0.8191520442889886899, 0.000000000000000000, -0.5735764363510504893 ) ) ;
#2624 = CIRCLE ( 'NONE', #6414, 1.449999999999999956 ) ;
#2625 = CARTESIAN_POINT ( 'NONE',  ( -17.24114291799841325, -3.600000000000000089, -51.42291494563532694 ) ) ;
#2626 = CARTESIAN_POINT ( 'NONE',  ( 10.97831516081660119, 5.812362357442628133E-15, 60.53646343414418851 ) ) ;
#2627 = CARTESIAN_POINT ( 'NONE',  ( 16.89687321667843634, -3.600000000000000089, -54.49103641421793753 ) ) ;
#2628 = ORIENTED_EDGE ( 'NONE', *, *, #5465, .T. ) ;
#2629 = CARTESIAN_POINT ( 'NONE',  ( 15.57061405523839603, -3.599999999999999201, -58.34973990636618879 ) ) ;
#2630 = DIRECTION ( 'NONE',  ( 0.000000000000000000, -1.000000000000000000, 0.000000000000000000 ) ) ;
#2631 = LINE ( 'NONE', #6346, #2273 ) ;
#2632 = CARTESIAN_POINT ( 'NONE',  ( 17.30000850687492786, -3.600000000000000533, 30.56047854736220870 ) ) ;
#2633 = AXIS2_PLACEMENT_3D ( 'NONE', #7435, #3371, #3947 ) ;
#2634 = CARTESIAN_POINT ( 'NONE',  ( -4.642811781367886859, -0.7999999999999704015, 64.80649564354585834 ) ) ;
#2635 = ADVANCED_FACE ( 'NONE', ( #3194, #934 ), #6237, .T. ) ;
#2636 = ORIENTED_EDGE ( 'NONE', *, *, #3468, .T. ) ;
#2637 = CARTESIAN_POINT ( 'NONE',  ( -17.25712919441419757, -3.600000000000000089, -50.59111841410008736 ) ) ;
#2638 = CARTESIAN_POINT ( 'NONE',  ( 1.231893106056749732, -3.600000000000000533, 66.27632930446770843 ) ) ;
#2639 = B_SPLINE_SURFACE_WITH_KNOTS ( 'NONE', 1, 3, ( 
 ( #1066, #3749, #3391, #5713, #1420, #4568, #6884, #2899, #5218, #3612, #7539, #3500, #4718, #7491, #4042, #2939, #6516, #7035, #4678, #6996, #1779, #4111, #6441, #1826, #6477, #5903, #3013, #1808, #6466, #5300, #7031, #594, #2972, #6992, #550, #5136, #1140, #1823, #2230, #7487, #3462, #2814, #4108, #4003, #6438, #5751, #4039, #5485, #175, #4868, #3607, #3087, #5337, #675, #94, #6552, #3651, #7193, #4185, #5414, #3730, #6512, #5939, #5450, #4825, #7151, #795, #714, #2464, #254, #6019, #3691, #217, #1966, #6052, #4789, #831, #3160, #2575, #3786, #3108, #240, #5433, #4924, #197 ),
 ( #6674, #3713, #7240, #3144, #6077, #5470, #2558, #4886, #1985, #2020, #1490, #3825, #4467, #1524, #4544, #489, #2169, #3861, #5117, #413, #1613, #7428, #2829, #5647, #6783, #3975, #6340, #5610, #1571, #379, #610, #1719, #7089, #6529, #5312, #5765, #64, #1791, #2869, #5188, #28, #647, #2395, #2948, #4122, #7502, #4727, #2279, #1261, #4164, #4616, #562, #4053, #7008, #6933, #6376, #4654, #2357, #4687, #4085, #4311, #1448, #4282, #4238, #6106, #4388, #880, #6704, #3623, #6068, #230, #6564, #6634, #298, #5386, #5993, #769, #1940, #3100, #5425, #3743, #2511, #6603, #1375, #3704 ) ),
 .UNSPECIFIED., .F., .F., .F.,
 ( 2, 2 ),
 ( 4, 2, 2, 2, 2, 2, 2, 2, 2, 2, 2, 2, 2, 2, 2, 2, 2, 2, 2, 2, 2, 2, 2, 2, 2, 2, 2, 2, 2, 2, 2, 2, 2, 2, 2, 2, 2, 2, 2, 2, 3, 4 ),
 ( 0.000000000000000000, 1.000000000000000000 ),
 ( 0.000000000000000000, 0.0008851033133856862564, 0.001770206626771372513, 0.002212758283464215641, 0.002655309940157058769, 0.003097861596849901897, 0.003540413253542745026, 0.003982964910235588588, 0.004425516566928431282, 0.005310619880314117539, 0.007080826507085490051, 0.008851033133856862564, 0.009293584790549706126, 0.009736136447242547953, 0.01062123976062823508, 0.01150634307401392220, 0.01239144638739960759, 0.01416165301417098010, 0.01593185964094235435, 0.01770206626771372513, 0.02124247952125647015, 0.02301268614802784440, 0.02478289277479921518, 0.02566799608818490230, 0.02655309940157058596, 0.02743820271495627308, 0.02832330602834196021, 0.03009351265511333445, 0.03186371928188470870, 0.03363392590865607601, 0.03451902922204176660, 0.03540413253542745026, 0.03717433916219882450, 0.03805944247558450816, 0.03894454578897019181, 0.03982964910235588241, 0.04071475241574156606, 0.04248495904251294031, 0.04602537229605568880, 0.04956578554959843036, 0.05664661205668392041, 0.05721307817725075628 ),
 .UNSPECIFIED. ) ;
#2640 = CARTESIAN_POINT ( 'NONE',  ( -6.227333114380731338, -0.8000000000000000444, 65.17457322214649196 ) ) ;
#2641 = CARTESIAN_POINT ( 'NONE',  ( -2.962034948459704167E-06, -3.000000000000010658, -67.25441558766272010 ) ) ;
#2642 = CARTESIAN_POINT ( 'NONE',  ( 15.00879056185517513, -3.000000000000010214, 52.86725930685894781 ) ) ;
#2643 = CARTESIAN_POINT ( 'NONE',  ( -11.29104107040683758, 42.96802058166520766, -58.94298617816860286 ) ) ;
#2644 = CARTESIAN_POINT ( 'NONE',  ( -8.035874191531364730, -0.7999999999971471043, 63.49251422498198849 ) ) ;
#2645 = CARTESIAN_POINT ( 'NONE',  ( -15.99621965419339276, 5.693265307202115840E-15, 43.67776201806294978 ) ) ;
#2646 = CARTESIAN_POINT ( 'NONE',  ( 3.888504873963738895, -0.7999999999999999334, 66.00060496710804614 ) ) ;
#2647 = EDGE_LOOP ( 'NONE', ( #4472, #7559, #3132, #10 ) ) ;
#2648 = CARTESIAN_POINT ( 'NONE',  ( 17.27727730593404942, -3.600000000000000089, -45.74353469257043514 ) ) ;
#2649 = AXIS2_PLACEMENT_3D ( 'NONE', #5749, #7334, #2265 ) ;
#2650 = LINE ( 'NONE', #6135, #3767 ) ;
#2651 = CARTESIAN_POINT ( 'NONE',  ( 8.349367668719555269, 5.773844539287288561E-15, 64.33550942419827834 ) ) ;
#2652 = CARTESIAN_POINT ( 'NONE',  ( 10.93029581267123440, -3.600000000000000089, -64.05971070223810671 ) ) ;
#2653 = CARTESIAN_POINT ( 'NONE',  ( -11.61597746063582015, -3.000000000000010658, -64.30498037198010763 ) ) ;
#2654 = CARTESIAN_POINT ( 'NONE',  ( -7.948058204983547981, 5.663403429959509209E-15, 64.75876184100847865 ) ) ;
#2655 = CARTESIAN_POINT ( 'NONE',  ( -2.999086098335926653, -3.599999999999999645, -66.63628101575800144 ) ) ;
#2656 = VECTOR ( 'NONE', #6978, 1000.000000000000000 ) ;
#2657 = CARTESIAN_POINT ( 'NONE',  ( 12.89577163687425276, -0.8000000000050487836, 53.89493461871210656 ) ) ;
#2658 = CARTESIAN_POINT ( 'NONE',  ( 17.88985949986780000, -3.000000000000011102, -48.37151439203908865 ) ) ;
#2659 = CARTESIAN_POINT ( 'NONE',  ( 14.50435960672012214, -0.8000000000000001554, 47.65344653019310783 ) ) ;
#2660 = VECTOR ( 'NONE', #6173, 1000.000000000000000 ) ;
#2661 = ORIENTED_EDGE ( 'NONE', *, *, #5242, .T. ) ;
#2662 = CARTESIAN_POINT ( 'NONE',  ( -7.455157900255516168, 5.337537150184718952E-15, 65.22232290315500336 ) ) ;
#2663 = CARTESIAN_POINT ( 'NONE',  ( -6.924572345652610927, -3.600000000000000977, 65.52867523993634791 ) ) ;
#2664 = EDGE_CURVE ( 'NONE', #6840, #1871, #3181, .T. ) ;
#2665 = CARTESIAN_POINT ( 'NONE',  ( 4.723481023422454683, -0.8000000000000230260, 64.78464693336989910 ) ) ;
#2666 = CARTESIAN_POINT ( 'NONE',  ( -16.76152236891495662, -0.03847763108503361729, -51.99999999998125588 ) ) ;
#2667 = AXIS2_PLACEMENT_3D ( 'NONE', #3886, #5711, #2733 ) ;
#2668 = DIRECTION ( 'NONE',  ( 0.000000000000000000, 0.000000000000000000, 1.000000000000000000 ) ) ;
#2669 = CARTESIAN_POINT ( 'NONE',  ( -3.625583135075104657, -2.000000000000000000, 66.87625928021003574 ) ) ;
#2670 = CARTESIAN_POINT ( 'NONE',  ( 7.503043487196367600, 5.733388647410508969E-15, 65.18085738323824785 ) ) ;
#2671 = ORIENTED_EDGE ( 'NONE', *, *, #3337, .F. ) ;
#2672 = B_SPLINE_CURVE_WITH_KNOTS ( 'NONE', 3,
 ( #5738, #5126, #4519, #425 ),
 .UNSPECIFIED., .F., .F.,
 ( 4, 4 ),
 ( 0.000000000000000000, 0.001002499505613854616 ),
 .UNSPECIFIED. ) ;
#2673 = CARTESIAN_POINT ( 'NONE',  ( 14.32697528327624958, -3.600000000000000089, -60.49916071748682356 ) ) ;
#2674 = EDGE_CURVE ( 'NONE', #6392, #5390, #6789, .T. ) ;
#2675 = DIRECTION ( 'NONE',  ( 0.000000000000000000, 0.000000000000000000, -1.000000000000000000 ) ) ;
#2676 = DIRECTION ( 'NONE',  ( -0.000000000000000000, 1.000000000000000000, -0.000000000000000000 ) ) ;
#2677 = CARTESIAN_POINT ( 'NONE',  ( -17.91365972041676002, -3.000000000000010658, 33.87934408626165350 ) ) ;
#2678 = CARTESIAN_POINT ( 'NONE',  ( 17.30000173858454104, -3.600000000000000089, 30.59555029355584566 ) ) ;
#2679 = CARTESIAN_POINT ( 'NONE',  ( -4.231560900013370485, -0.7999999999980389465, 65.99153232710915518 ) ) ;
#2680 = ORIENTED_EDGE ( 'NONE', *, *, #5521, .T. ) ;
#2681 = CARTESIAN_POINT ( 'NONE',  ( 5.073574657994187831, -3.000000000000011102, 66.83098416075874582 ) ) ;
#2682 = CARTESIAN_POINT ( 'NONE',  ( -6.727459839411466191, -0.8000000000000002665, 64.79176016657478954 ) ) ;
#2683 = EDGE_CURVE ( 'NONE', #6695, #6875, #2631, .T. ) ;
#2684 = CARTESIAN_POINT ( 'NONE',  ( 5.019251985806304717, -3.000000000000011990, -67.04070462686505039 ) ) ;
#2685 = CARTESIAN_POINT ( 'NONE',  ( 17.90023431677540700, -3.000000000000011546, 26.47441261380470934 ) ) ;
#2686 = CARTESIAN_POINT ( 'NONE',  ( -9.075555500584695068, -3.599999999999999645, 63.53462919822769095 ) ) ;
#2687 = LINE ( 'NONE', #1591, #889 ) ;
#2688 = CARTESIAN_POINT ( 'NONE',  ( -15.60086462453444511, 5.636720300869483830E-15, 46.16323202210799792 ) ) ;
#2689 = CARTESIAN_POINT ( 'NONE',  ( 3.979796387006034664, -0.8000000000000000444, 66.00007031832933535 ) ) ;
#2690 = ORIENTED_EDGE ( 'NONE', *, *, #1927, .F. ) ;
#2691 = CARTESIAN_POINT ( 'NONE',  ( 17.25991475145535148, -3.600000000000000977, -44.51928420165089761 ) ) ;
#2692 = LINE ( 'NONE', #6842, #2790 ) ;
#2693 = CARTESIAN_POINT ( 'NONE',  ( 12.58858967159052966, 6.009985132085449011E-15, 57.09224390253383774 ) ) ;
#2694 = AXIS2_PLACEMENT_3D ( 'NONE', #3770, #4832, #7156 ) ;
#2695 = CARTESIAN_POINT ( 'NONE',  ( 4.376790540049888989, -3.600000000000000089, -66.51878323840195151 ) ) ;
#2696 = CARTESIAN_POINT ( 'NONE',  ( 17.16056175679898743, -2.000000000000000000, 47.88085290031814623 ) ) ;
#2697 = CARTESIAN_POINT ( 'NONE',  ( -6.266545668450371309, 5.704182920520786837E-15, 66.10175261660417334 ) ) ;
#2698 = CARTESIAN_POINT ( 'NONE',  ( -9.465997732536580500, -3.600000000000000533, -64.94360801312285503 ) ) ;
#2699 = CARTESIAN_POINT ( 'NONE',  ( -18.59999999999999787, 0.000000000000000000, -52.00000000000000711 ) ) ;
#2700 = CARTESIAN_POINT ( 'NONE',  ( 12.89546543395625022, 4.846774714968127264E-15, 56.30683323733444468 ) ) ;
#2701 = CARTESIAN_POINT ( 'NONE',  ( 10.22620641075199011, -0.8000000000000001554, 60.24424278104542907 ) ) ;
#2702 = ORIENTED_EDGE ( 'NONE', *, *, #3239, .T. ) ;
#2703 = CARTESIAN_POINT ( 'NONE',  ( -10.97726196900178586, 5.346965634689022538E-15, 60.52975363747449222 ) ) ;
#2704 = CARTESIAN_POINT ( 'NONE',  ( 4.869791079804009826, -2.000000000000000000, -68.40912024397159996 ) ) ;
#2705 = CARTESIAN_POINT ( 'NONE',  ( 6.462984221117348049, -1.779949199898000378, -20.18897252795810004 ) ) ;
#2706 = DIRECTION ( 'NONE',  ( 1.000000000000000000, -0.000000000000000000, -0.000000000000000000 ) ) ;
#2707 = LINE ( 'NONE', #5116, #3172 ) ;
#2708 = DIRECTION ( 'NONE',  ( 0.9999999999999996669, -1.130782514857741427E-30, 2.490616653888564805E-08 ) ) ;
#2709 = CARTESIAN_POINT ( 'NONE',  ( 10.44535589222831007, 5.621729566897911795E-15, 61.46586951543236665 ) ) ;
#2710 = AXIS2_PLACEMENT_3D ( 'NONE', #4062, #4143, #1164 ) ;
#2711 = CARTESIAN_POINT ( 'NONE',  ( 17.25920147854327169, -3.600000000000001421, -50.47543588934495062 ) ) ;
#2712 = CARTESIAN_POINT ( 'NONE',  ( 16.62487510536228186, -3.599999999999998757, -55.58957967511656761 ) ) ;
#2713 = CARTESIAN_POINT ( 'NONE',  ( -14.92304477875614133, -0.8000000000000000444, 32.00057400302225830 ) ) ;
#2714 = CARTESIAN_POINT ( 'NONE',  ( -17.85212221966163781, -3.000000000000010658, -50.85173671083423130 ) ) ;
#2715 = DIRECTION ( 'NONE',  ( -2.490616612357666229E-08, 1.577721810442023436E-30, 0.9999999999999996669 ) ) ;
#2716 = EDGE_CURVE ( 'NONE', #4219, #3550, #6551, .T. ) ;
#2717 = EDGE_LOOP ( 'NONE', ( #4290, #620, #784, #6233 ) ) ;
#2718 = CARTESIAN_POINT ( 'NONE',  ( -17.26932050487794967, -3.600000000000000089, -49.89646059416427448 ) ) ;
#2719 = CARTESIAN_POINT ( 'NONE',  ( -6.605245810309314791, -0.7999999999999999334, 64.89119254062916298 ) ) ;
#2720 = CARTESIAN_POINT ( 'NONE',  ( 0.4906183156973211168, -3.000000000000011102, -67.25610667166245094 ) ) ;
#2721 = CARTESIAN_POINT ( 'NONE',  ( 17.30030956926000130, -3.000000000000010214, 41.83251615408345003 ) ) ;
#2722 = DIRECTION ( 'NONE',  ( 0.000000000000000000, 1.000000000000000000, 0.000000000000000000 ) ) ;
#2723 = CARTESIAN_POINT ( 'NONE',  ( -16.10935986656251373, 5.582437286647130273E-15, 42.84705757193893305 ) ) ;
#2724 = ORIENTED_EDGE ( 'NONE', *, *, #3410, .T. ) ;
#2725 = CARTESIAN_POINT ( 'NONE',  ( -4.072312872831426844, -0.7999999999999752864, 65.99812005119680691 ) ) ;
#2726 = CARTESIAN_POINT ( 'NONE',  ( 17.27242420088214558, -3.600000000000000977, -45.43187088136086516 ) ) ;
#2727 = CARTESIAN_POINT ( 'NONE',  ( -3.998494299127234974, -2.000000000000000000, 68.60000562557462445 ) ) ;
#2728 = CARTESIAN_POINT ( 'NONE',  ( 14.03187551087560969, 5.600891995814512904E-15, 52.90849865043070110 ) ) ;
#2729 = CARTESIAN_POINT ( 'NONE',  ( 5.824341230664152214, -3.600000000000000089, -66.26947998654560479 ) ) ;
#2730 = CARTESIAN_POINT ( 'NONE',  ( 18.60058104995349026, -2.000000000000000000, 36.02498835060237781 ) ) ;
#2731 = CARTESIAN_POINT ( 'NONE',  ( -7.582277051336813400, 5.705159471821942788E-15, 65.10839208264022204 ) ) ;
#2732 = CARTESIAN_POINT ( 'NONE',  ( -10.33552147021154610, -3.599999999999998757, -64.43673316315889110 ) ) ;
#2733 = DIRECTION ( 'NONE',  ( -2.490616612357666229E-08, 1.577721810442023436E-30, 0.9999999999999996669 ) ) ;
#2734 = CARTESIAN_POINT ( 'NONE',  ( 12.13317869398671789, -0.8000000000021321167, 56.08120122444643130 ) ) ;
#2735 = CIRCLE ( 'NONE', #673, 1.449999999999999956 ) ;
#2736 = CARTESIAN_POINT ( 'NONE',  ( 12.29269711827081224, -0.8000000000000000444, 55.63521452705724357 ) ) ;
#2737 = ORIENTED_EDGE ( 'NONE', *, *, #7067, .F. ) ;
#2738 = CARTESIAN_POINT ( 'NONE',  ( -11.27557259717435478, 6.435472435125145665E-15, 59.96759556292492022 ) ) ;
#2739 = CARTESIAN_POINT ( 'NONE',  ( -3.810036809055219464, -0.5999999999999998668, -15.87497125981866475 ) ) ;
#2740 = CARTESIAN_POINT ( 'NONE',  ( -11.04036839592911790, -3.599999999999998312, -63.98605687450176305 ) ) ;
#2741 = CARTESIAN_POINT ( 'NONE',  ( -17.27150718570923971, -3.599999999999999201, -45.37796234179474197 ) ) ;
#2742 = DIRECTION ( 'NONE',  ( 1.000000000000000000, -0.000000000000000000, 0.000000000000000000 ) ) ;
#2743 = CARTESIAN_POINT ( 'NONE',  ( -2.962034950016975934E-06, -3.000000000000010658, -67.25441558775045792 ) ) ;
#2744 = CARTESIAN_POINT ( 'NONE',  ( -18.59999999999999787, -2.000000000000000000, -52.00000000000000711 ) ) ;
#2745 = CARTESIAN_POINT ( 'NONE',  ( -0.6574479888863803412, -3.000000000000010658, 66.87631665454264862 ) ) ;
#2746 = EDGE_CURVE ( 'NONE', #1022, #9, #4022, .T. ) ;
#2747 = CARTESIAN_POINT ( 'NONE',  ( 10.77026867158444645, 5.758440993354351316E-15, 60.91051507159302503 ) ) ;
#2748 = CARTESIAN_POINT ( 'NONE',  ( 17.26734693588376501, -3.600000000000001421, -50.01249117869966199 ) ) ;
#2749 = ORIENTED_EDGE ( 'NONE', *, *, #7099, .T. ) ;
#2750 = CARTESIAN_POINT ( 'NONE',  ( 13.81638757039892162, -3.000000000000011546, -62.14817808302075264 ) ) ;
#2751 = CARTESIAN_POINT ( 'NONE',  ( 18.60058104995349026, 0.000000000000000000, 36.02498835060237781 ) ) ;
#2752 = CIRCLE ( 'NONE', #5556, 2.361858649398123511 ) ;
#2753 = FACE_BOUND ( 'NONE', #6952, .T. ) ;
#2754 = CARTESIAN_POINT ( 'NONE',  ( -9.600189321316223712, -0.7999999999999924949, 59.14064066882536252 ) ) ;
#2755 = CARTESIAN_POINT ( 'NONE',  ( -17.29942219015311622, -3.599999999999999645, 31.12578095136214174 ) ) ;
#2756 = CARTESIAN_POINT ( 'NONE',  ( 12.03910224246614113, -2.000000000000000000, 60.33187935687926284 ) ) ;
#2757 = VECTOR ( 'NONE', #501, 999.9999999999998863 ) ;
#2758 = ORIENTED_EDGE ( 'NONE', *, *, #6114, .F. ) ;
#2759 = CARTESIAN_POINT ( 'NONE',  ( -7.043149449585146549, -0.8000000000000002665, 64.51732268612840926 ) ) ;
#2760 = CARTESIAN_POINT ( 'NONE',  ( 8.460118198280325075, -3.599999999999997424, -65.42011071282131240 ) ) ;
#2761 = CARTESIAN_POINT ( 'NONE',  ( -8.734796182655800934, -0.03847863333584821549, 63.84423485041751434 ) ) ;
#2762 = EDGE_CURVE ( 'NONE', #4117, #4731, #6940, .T. ) ;
#2763 = CARTESIAN_POINT ( 'NONE',  ( -10.65490109741612024, -3.599999999999999201, 61.35472965362358622 ) ) ;
#2764 = CARTESIAN_POINT ( 'NONE',  ( 17.28255566570198809, -3.600000000000000533, 16.41525808742778381 ) ) ;
#2765 = AXIS2_PLACEMENT_3D ( 'NONE', #2453, #7102, #4931 ) ;
#2766 = CARTESIAN_POINT ( 'NONE',  ( 16.76152236891496017, -0.03847763108503472751, -52.00000000000001421 ) ) ;
#2767 = CIRCLE ( 'NONE', #7022, 18.00000000000000355 ) ;
#2768 = ORIENTED_EDGE ( 'NONE', *, *, #7271, .T. ) ;
#2769 = CARTESIAN_POINT ( 'NONE',  ( 17.26372928715976585, -3.600000000000000089, -44.84517620544394134 ) ) ;
#2770 = LINE ( 'NONE', #5097, #2660 ) ;
#2771 = CARTESIAN_POINT ( 'NONE',  ( 12.89546543395625022, 4.846774714968127264E-15, 56.30683323733444468 ) ) ;
#2772 = CARTESIAN_POINT ( 'NONE',  ( 10.89746801162023360, -3.600000000000000977, -64.08122403812545542 ) ) ;
#2773 = CARTESIAN_POINT ( 'NONE',  ( -3.998494685511754909, 0.000000000000000000, 66.80000562557466992 ) ) ;
#2774 = CARTESIAN_POINT ( 'NONE',  ( -7.303315929914874438, 5.618128414058204141E-15, 65.35290282400580963 ) ) ;
#2775 = CARTESIAN_POINT ( 'NONE',  ( -1.430445841969663956, -3.600000000000000533, -66.66254085259504336 ) ) ;
#2776 = DIRECTION ( 'NONE',  ( 0.000000000000000000, 0.000000000000000000, 1.000000000000000000 ) ) ;
#2777 = FACE_OUTER_BOUND ( 'NONE', #276, .T. ) ;
#2778 = CARTESIAN_POINT ( 'NONE',  ( 8.295500925105526946, -0.7999999999999999334, 63.16962588686725155 ) ) ;
#2779 = EDGE_LOOP ( 'NONE', ( #2080, #6605, #613, #2822 ) ) ;
#2780 = CARTESIAN_POINT ( 'NONE',  ( -8.236332224807432212, 5.559244992649380549E-15, 64.45955288350590706 ) ) ;
#2781 = ORIENTED_EDGE ( 'NONE', *, *, #5849, .F. ) ;
#2782 = AXIS2_PLACEMENT_3D ( 'NONE', #1402, #6057, #4793 ) ;
#2783 = CARTESIAN_POINT ( 'NONE',  ( -14.25575799097778784, -3.600000000000000089, 27.00011359384848220 ) ) ;
#2784 = CARTESIAN_POINT ( 'NONE',  ( -1.024894254304953733, -3.000000000000010658, -67.25443076656914343 ) ) ;
#2785 = CARTESIAN_POINT ( 'NONE',  ( -17.21748441111355277, -3.600000000000002309, -52.06415803424063427 ) ) ;
#2786 = CARTESIAN_POINT ( 'NONE',  ( 0.6574479888857370780, -2.000000000000000000, 66.87631665454264862 ) ) ;
#2787 = B_SPLINE_CURVE_WITH_KNOTS ( 'NONE', 1,
 ( #5925, #3116 ),
 .UNSPECIFIED., .F., .F.,
 ( 2, 2 ),
 ( 0.000000000000000000, 1.000000000000000000 ),
 .UNSPECIFIED. ) ;
#2788 = DIRECTION ( 'NONE',  ( 0.000000000000000000, 1.000000000000000000, 0.000000000000000000 ) ) ;
#2789 = EDGE_CURVE ( 'NONE', #7508, #4117, #6901, .T. ) ;
#2790 = VECTOR ( 'NONE', #945, 1000.000000000000114 ) ;
#2791 = CARTESIAN_POINT ( 'NONE',  ( -6.491041522454005452, -0.8000000000000000444, -56.24298605861921629 ) ) ;
#2792 = CARTESIAN_POINT ( 'NONE',  ( 1.662983369601375161, 42.96802058166520766, 4.141853958248326666E-08 ) ) ;
#2793 = CARTESIAN_POINT ( 'NONE',  ( 8.220317681056130255, 5.713683671168558115E-15, 64.47585481678669339 ) ) ;
#2794 = CARTESIAN_POINT ( 'NONE',  ( 17.27326862272086672, -3.600000000000000089, -49.65861869720932020 ) ) ;
#2795 = ORIENTED_EDGE ( 'NONE', *, *, #2964, .T. ) ;
#2796 = CARTESIAN_POINT ( 'NONE',  ( -14.92304477875625324, -0.8000000000000000444, 32.00080445566401721 ) ) ;
#2797 = CARTESIAN_POINT ( 'NONE',  ( 15.79444494381829145, -3.000000000000010214, -59.24009651183438052 ) ) ;
#2798 = CARTESIAN_POINT ( 'NONE',  ( -18.05323324065243540, -2.000000000000000000, 41.98427938043147378 ) ) ;
#2799 = CIRCLE ( 'NONE', #7050, 2.649999999999971934 ) ;
#2800 = CIRCLE ( 'NONE', #6687, 4.378679656440377599 ) ;
#2801 = CARTESIAN_POINT ( 'NONE',  ( -14.25575799097778784, -3.100000000000033840, 27.00011359384848220 ) ) ;
#2802 = CARTESIAN_POINT ( 'NONE',  ( 14.25575799097778074, -3.099999999999988987, -31.00427299466725017 ) ) ;
#2803 = ORIENTED_EDGE ( 'NONE', *, *, #3447, .T. ) ;
#2804 = EDGE_CURVE ( 'NONE', #4599, #7508, #6977, .T. ) ;
#2805 = CARTESIAN_POINT ( 'NONE',  ( -13.60421013473459162, -0.8000000000000000444, 51.48202502853827411 ) ) ;
#2806 = CARTESIAN_POINT ( 'NONE',  ( 5.817906278066517167, -3.599999999999999645, 66.05669776332310050 ) ) ;
#2807 = CARTESIAN_POINT ( 'NONE',  ( -14.82928927568343624, -0.03847728809142780121, 49.75612158511489014 ) ) ;
#2808 = ORIENTED_EDGE ( 'NONE', *, *, #4728, .F. ) ;
#2809 = VERTEX_POINT ( 'NONE', #2835 ) ;
#2810 = CARTESIAN_POINT ( 'NONE',  ( 18.60000000000524167, 0.000000000000000000, 32.00001223506188808 ) ) ;
#2811 = CARTESIAN_POINT ( 'NONE',  ( 11.23945103166682991, -3.600000000000000089, -63.83783157043751544 ) ) ;
#2812 = LINE ( 'NONE', #3427, #4491 ) ;
#2813 = CARTESIAN_POINT ( 'NONE',  ( -14.58959466311805997, 5.507903143693879498E-15, 50.87769268106596598 ) ) ;
#2814 = CARTESIAN_POINT ( 'NONE',  ( -16.07766913662635133, -3.599999999999999201, 45.85276393756922886 ) ) ;
#2815 = LINE ( 'NONE', #5137, #1612 ) ;
#2816 = CARTESIAN_POINT ( 'NONE',  ( 8.661293579121140951, -0.8000000000000058176, 60.78799265272661501 ) ) ;
#2817 = CARTESIAN_POINT ( 'NONE',  ( 15.46244045876848716, -3.600000000000000977, 48.84402056114834778 ) ) ;
#2818 = EDGE_CURVE ( 'NONE', #3772, #3698, #2767, .T. ) ;
#2819 = CARTESIAN_POINT ( 'NONE',  ( 7.274236297958617037, -0.7999999999999999334, 64.30065942919956967 ) ) ;
#2820 = ORIENTED_EDGE ( 'NONE', *, *, #2154, .F. ) ;
#2821 = CARTESIAN_POINT ( 'NONE',  ( -7.582277051336813400, 5.705159471821942788E-15, 65.10839208264022204 ) ) ;
#2822 = ORIENTED_EDGE ( 'NONE', *, *, #4327, .F. ) ;
#2823 = CARTESIAN_POINT ( 'NONE',  ( 17.85576521892971158, -3.600000000000000089, -43.79026923235565505 ) ) ;
#2824 = CARTESIAN_POINT ( 'NONE',  ( -10.52092485630437402, -3.600000000000000089, -64.32047968817377637 ) ) ;
#2825 = FACE_OUTER_BOUND ( 'NONE', #5482, .T. ) ;
#2826 = CARTESIAN_POINT ( 'NONE',  ( -17.27518948667490051, -3.600000000000000977, -45.60482307028760829 ) ) ;
#2827 = FACE_OUTER_BOUND ( 'NONE', #1342, .T. ) ;
#2828 = DIRECTION ( 'NONE',  ( -0.000000000000000000, 1.000000000000000000, -0.000000000000000000 ) ) ;
#2829 = CARTESIAN_POINT ( 'NONE',  ( -12.63929966389525461, -3.000000000000011546, 59.01760024101412228 ) ) ;
#2830 = CARTESIAN_POINT ( 'NONE',  ( -3.943770084976398115E-07, -3.000000000000010658, 66.87631535813137873 ) ) ;
#2831 = CARTESIAN_POINT ( 'NONE',  ( 6.365943793915321613, 5.757987891497333626E-15, 66.04099100371226427 ) ) ;
#2832 = DIRECTION ( 'NONE',  ( 0.000000000000000000, -1.000000000000000000, 0.000000000000000000 ) ) ;
#2833 = CARTESIAN_POINT ( 'NONE',  ( 17.25195028321468627, -3.600000000000000977, -50.88359987010426977 ) ) ;
#2834 = CYLINDRICAL_SURFACE ( 'NONE', #5575, 1.449999999999999956 ) ;
#2835 = CARTESIAN_POINT ( 'NONE',  ( 14.25575799097778074, -1.499999999999999556, -33.15427299466725231 ) ) ;
#2836 = DIRECTION ( 'NONE',  ( -0.000000000000000000, -1.000000000000000000, -0.000000000000000000 ) ) ;
#2837 = CARTESIAN_POINT ( 'NONE',  ( -5.041041522454005275, -1.779949199898000378, -54.79298605861921345 ) ) ;
#2838 = CARTESIAN_POINT ( 'NONE',  ( 3.981426590828122336, -0.8000000000000003775, 66.00006068641519619 ) ) ;
#2839 = ORIENTED_EDGE ( 'NONE', *, *, #3754, .T. ) ;
#2840 = CARTESIAN_POINT ( 'NONE',  ( -2.000000000000005329, -2.000000000000000000, -70.00000000000000000 ) ) ;
#2841 = DIRECTION ( 'NONE',  ( 0.000000000000000000, -1.000000000000000000, 0.000000000000000000 ) ) ;
#2842 = CARTESIAN_POINT ( 'NONE',  ( -8.727523024604511903, -0.8000000000000002665, 62.61042983928555117 ) ) ;
#2843 = CARTESIAN_POINT ( 'NONE',  ( 11.24029956441715150, -3.000000000000010214, -64.57401812155983123 ) ) ;
#2844 = CARTESIAN_POINT ( 'NONE',  ( -5.955120503254149433, -0.03847769223178992143, 66.23825774305934999 ) ) ;
#2845 = CARTESIAN_POINT ( 'NONE',  ( -14.23437949542066150, -3.599999999999999201, 53.32960085316787513 ) ) ;
#2846 = CARTESIAN_POINT ( 'NONE',  ( 17.28260122756091377, -3.600000000000001421, 16.42462097681334043 ) ) ;
#2847 = EDGE_CURVE ( 'NONE', #500, #1129, #5446, .T. ) ;
#2848 = ORIENTED_EDGE ( 'NONE', *, *, #5545, .F. ) ;
#2849 = CARTESIAN_POINT ( 'NONE',  ( -4.021624123057673472, -0.7999999999999751754, 64.92225856891539593 ) ) ;
#2850 = ORIENTED_EDGE ( 'NONE', *, *, #6948, .F. ) ;
#2851 = CARTESIAN_POINT ( 'NONE',  ( -17.27304218302333538, -3.600000000000000533, -45.47140358515722625 ) ) ;
#2852 = CARTESIAN_POINT ( 'NONE',  ( -3.027881891529293323, -3.600000000000000089, 30.68796008735222003 ) ) ;
#2853 = CARTESIAN_POINT ( 'NONE',  ( 5.015359605249535058, -2.000000000000000000, -68.32383553124438436 ) ) ;
#2854 = CARTESIAN_POINT ( 'NONE',  ( -2.514962563365791048, -0.8000000000000000444, 66.01608000159426126 ) ) ;
#2855 = CARTESIAN_POINT ( 'NONE',  ( -2.259004854442055343, -3.600000000000000533, -66.65867161299173915 ) ) ;
#2856 = CARTESIAN_POINT ( 'NONE',  ( 15.86799050842518177, 0.000000000000000000, 53.04137605220822849 ) ) ;
#2857 = CARTESIAN_POINT ( 'NONE',  ( 10.56083254813652950, -0.8000000000000097033, 57.09107182384159529 ) ) ;
#2858 = CARTESIAN_POINT ( 'NONE',  ( 15.07728359380329408, -3.600000000000000089, 50.42613934712657198 ) ) ;
#2859 = LINE ( 'NONE', #7493, #7176 ) ;
#2860 = CARTESIAN_POINT ( 'NONE',  ( 9.652522344930064335, -0.8000000000000001554, 61.22900813343618154 ) ) ;
#2861 = ORIENTED_EDGE ( 'NONE', *, *, #6038, .F. ) ;
#2862 = CARTESIAN_POINT ( 'NONE',  ( -6.278978315105279151, 4.820454834945902663E-15, 66.09429522668352774 ) ) ;
#2863 = ORIENTED_EDGE ( 'NONE', *, *, #1654, .F. ) ;
#2864 = CARTESIAN_POINT ( 'NONE',  ( -2.962034950017015745E-06, -3.000000000000010658, -67.25441558775045792 ) ) ;
#2865 = LINE ( 'NONE', #5605, #2062 ) ;
#2866 = DIRECTION ( 'NONE',  ( -2.490616585789864732E-08, 0.000000000000000000, 0.9999999999999997780 ) ) ;
#2867 = DIRECTION ( 'NONE',  ( 0.000000000000000000, 0.000000000000000000, 1.000000000000000000 ) ) ;
#2868 = CARTESIAN_POINT ( 'NONE',  ( 14.27112098112633554, -0.8000000000000148104, 42.53260288927554456 ) ) ;
#2869 = CARTESIAN_POINT ( 'NONE',  ( -15.65461775308395609, -3.000000000000010214, 50.58944207907033075 ) ) ;
#2870 = EDGE_CURVE ( 'NONE', #4722, #7069, #3448, .T. ) ;
#2871 = DIRECTION ( 'NONE',  ( 0.000000000000000000, 1.000000000000000000, 0.000000000000000000 ) ) ;
#2872 = CARTESIAN_POINT ( 'NONE',  ( 16.54217941818481208, 5.409910025829334576E-15, 38.68591074233953009 ) ) ;
#2873 = CARTESIAN_POINT ( 'NONE',  ( 6.801240816974555514, 5.471100205893577516E-15, 65.74457127382008537 ) ) ;
#2874 = CARTESIAN_POINT ( 'NONE',  ( 17.27877367333575975, -3.599999999999999201, -49.28956755699044123 ) ) ;
#2875 = ORIENTED_EDGE ( 'NONE', *, *, #6905, .F. ) ;
#2876 = CARTESIAN_POINT ( 'NONE',  ( 17.27172827391744647, -3.599999999999999201, -45.39206752992723182 ) ) ;
#2877 = CARTESIAN_POINT ( 'NONE',  ( 15.92972395359518600, 0.000000000000000000, 53.05523802312370663 ) ) ;
#2878 = CIRCLE ( 'NONE', #305, 1.500000000000001332 ) ;
#2879 = DIRECTION ( 'NONE',  ( 2.490616612073553512E-08, 0.000000000000000000, -0.9999999999999997780 ) ) ;
#2880 = CARTESIAN_POINT ( 'NONE',  ( -17.29917052479719430, -3.600000000000000533, 27.34454413460851896 ) ) ;
#2881 = CARTESIAN_POINT ( 'NONE',  ( -4.046606817466509298, -3.600000000000000533, 66.27630685185313553 ) ) ;
#2882 = CARTESIAN_POINT ( 'NONE',  ( 17.85574221343219037, -2.000000000000000000, 11.10967525680099044 ) ) ;
#2883 = CARTESIAN_POINT ( 'NONE',  ( 15.20418169278613973, -2.000000000000000444, 52.55139675589335724 ) ) ;
#2884 = ORIENTED_EDGE ( 'NONE', *, *, #2019, .T. ) ;
#2885 = CARTESIAN_POINT ( 'NONE',  ( 9.146320377560730464, -3.600000000000000089, 63.45003002748748600 ) ) ;
#2886 = CARTESIAN_POINT ( 'NONE',  ( 7.249358541816545376, -3.000000000000010658, -66.50897829624017277 ) ) ;
#2887 = CARTESIAN_POINT ( 'NONE',  ( -4.812911750326184901, -0.03847606051579011838, 66.68886204328264000 ) ) ;
#2888 = CARTESIAN_POINT ( 'NONE',  ( -11.53867916800460769, -3.599999999999999201, 59.83767730823039699 ) ) ;
#2889 = ADVANCED_FACE ( 'NONE', ( #1726 ), #2149, .F. ) ;
#2890 = CARTESIAN_POINT ( 'NONE',  ( 12.09277996495103658, 5.695649128403826266E-15, 58.25456901011524025 ) ) ;
#2891 = CARTESIAN_POINT ( 'NONE',  ( -5.737573737922375017, -0.03847685750368150248, 66.34501291175415361 ) ) ;
#2892 = VERTEX_POINT ( 'NONE', #5771 ) ;
#2893 = ORIENTED_EDGE ( 'NONE', *, *, #311, .T. ) ;
#2894 = CARTESIAN_POINT ( 'NONE',  ( -17.27813295046700404, -3.599999999999999645, -45.79955200263106008 ) ) ;
#2895 = CARTESIAN_POINT ( 'NONE',  ( 11.08371185102135570, -3.600000000000000089, -63.95513029152908047 ) ) ;
#2896 = CARTESIAN_POINT ( 'NONE',  ( -17.85584412249277619, -3.000000000000010658, -44.73264089772429486 ) ) ;
#2897 = CARTESIAN_POINT ( 'NONE',  ( -11.27557259717435478, 6.435472435125145665E-15, 59.96759556292492022 ) ) ;
#2898 = CARTESIAN_POINT ( 'NONE',  ( 9.295089212132358725, -0.03847596054861088244, 63.13190698650690535 ) ) ;
#2899 = CARTESIAN_POINT ( 'NONE',  ( -8.907780846038336975, -3.599999999999999645, 63.73147130852199638 ) ) ;
#2900 = CARTESIAN_POINT ( 'NONE',  ( 17.21146174784250249, -3.599999999999998757, 35.40315242351394431 ) ) ;
#2901 = CARTESIAN_POINT ( 'NONE',  ( 6.347164614867417676, -0.7999999999999998224, 65.08559642254111566 ) ) ;
#2902 = VERTEX_POINT ( 'NONE', #7557 ) ;
#2903 = CARTESIAN_POINT ( 'NONE',  ( -5.212619237093560898, 5.535084205188593012E-15, 66.59517752647383304 ) ) ;
#2904 = CARTESIAN_POINT ( 'NONE',  ( 5.093779679089580625, 5.448954810760149764E-15, 66.63316077485671940 ) ) ;
#2905 = CARTESIAN_POINT ( 'NONE',  ( -11.07694879498636809, -3.000000000000011102, -64.67887887131210789 ) ) ;
#2906 = CARTESIAN_POINT ( 'NONE',  ( 0.1442021518218977449, -3.599999999999998757, -66.65455315523827551 ) ) ;
#2907 = CARTESIAN_POINT ( 'NONE',  ( -17.03501096426212769, -3.600000000000001865, -53.75761058145949534 ) ) ;
#2908 = CARTESIAN_POINT ( 'NONE',  ( -3.839949493152615023, 5.637851296924622268E-15, 66.80172854346095335 ) ) ;
#2909 = CIRCLE ( 'NONE', #1084, 2.649999999999971934 ) ;
#2910 = CARTESIAN_POINT ( 'NONE',  ( 5.199883580284581086, 6.115873158964646038E-15, 66.59927950399149665 ) ) ;
#2911 = EDGE_CURVE ( 'NONE', #1659, #4157, #5197, .T. ) ;
#2912 = ORIENTED_EDGE ( 'NONE', *, *, #138, .T. ) ;
#2913 = CARTESIAN_POINT ( 'NONE',  ( 17.27568087712030120, -3.599999999999999645, -49.51076098301761874 ) ) ;
#2914 = CARTESIAN_POINT ( 'NONE',  ( -16.84003432361661723, 0.000000000000000000, 49.19182292816817181 ) ) ;
#2915 = ADVANCED_FACE ( 'NONE', ( #7514 ), #3411, .T. ) ;
#2916 = VECTOR ( 'NONE', #2708, 1000.000000000000114 ) ;
#2917 = DIRECTION ( 'NONE',  ( 2.490616653888567452E-08, 0.000000000000000000, -0.9999999999999996669 ) ) ;
#2918 = DIRECTION ( 'NONE',  ( 0.000000000000000000, 0.000000000000000000, -1.000000000000000000 ) ) ;
#2919 = EDGE_CURVE ( 'NONE', #6695, #1056, #2269, .T. ) ;
#2920 = CIRCLE ( 'NONE', #848, 12.92304473782994378 ) ;
#2921 = AXIS2_PLACEMENT_3D ( 'NONE', #2823, #2237, #4574 ) ;
#2922 = ORIENTED_EDGE ( 'NONE', *, *, #1161, .F. ) ;
#2923 = CARTESIAN_POINT ( 'NONE',  ( 13.62633737608297402, 5.549470846079025711E-15, 54.21642565671097458 ) ) ;
#2924 = CARTESIAN_POINT ( 'NONE',  ( 18.60000000000524167, -2.000000000000000000, 32.00001223506188808 ) ) ;
#2925 = CARTESIAN_POINT ( 'NONE',  ( -11.69189618707369860, -0.8000000000000003775, 57.17076867356893644 ) ) ;
#2926 = CARTESIAN_POINT ( 'NONE',  ( 10.68291294001597969, -3.000000000000010214, -64.92729313634079347 ) ) ;
#2927 = VECTOR ( 'NONE', #5614, 1000.000000000000000 ) ;
#2928 = CARTESIAN_POINT ( 'NONE',  ( -13.92478236947177272, -3.600000000000000977, 54.26978492704712664 ) ) ;
#2929 = CARTESIAN_POINT ( 'NONE',  ( 17.28855491290143576, -3.600000000000000089, 17.72182566485310318 ) ) ;
#2930 = ORIENTED_EDGE ( 'NONE', *, *, #2789, .T. ) ;
#2931 = ORIENTED_EDGE ( 'NONE', *, *, #4695, .T. ) ;
#2932 = CARTESIAN_POINT ( 'NONE',  ( -17.29187583705303055, -3.600000000000000533, -47.85939759487715861 ) ) ;
#2933 = DIRECTION ( 'NONE',  ( 0.000000000000000000, 0.000000000000000000, 1.000000000000000000 ) ) ;
#2934 = CARTESIAN_POINT ( 'NONE',  ( -17.46326983916560494, -3.000000000000010658, -55.03826404297318220 ) ) ;
#2935 = CARTESIAN_POINT ( 'NONE',  ( -15.12191038353908823, 5.762069006185838148E-15, 48.63238901941155490 ) ) ;
#2936 = CARTESIAN_POINT ( 'NONE',  ( -1.113693617332476071, -3.600000000000000089, -66.66080136043034088 ) ) ;
#2937 = CARTESIAN_POINT ( 'NONE',  ( -2.000000000000005329, -2.000000000000000000, -70.00000000000000000 ) ) ;
#2938 = CARTESIAN_POINT ( 'NONE',  ( 9.539245410657965607, -0.03847900755645270593, 62.78925491019708716 ) ) ;
#2939 = CARTESIAN_POINT ( 'NONE',  ( -10.00691910822958519, -3.599999999999999201, 62.32576851149383401 ) ) ;
#2940 = CARTESIAN_POINT ( 'NONE',  ( 17.20165857277198995, -3.599999999999999645, 35.62208379628830102 ) ) ;
#2941 = CARTESIAN_POINT ( 'NONE',  ( 7.162629986724365239, -0.8000000000000005995, 64.40836394253739172 ) ) ;
#2942 = CARTESIAN_POINT ( 'NONE',  ( -6.416786003014423478, 6.120082497846839054E-15, 66.00938249137415426 ) ) ;
#2943 = CARTESIAN_POINT ( 'NONE',  ( 5.211210775025769237, 5.651432842484558336E-15, 66.59547147127415201 ) ) ;
#2944 = CARTESIAN_POINT ( 'NONE',  ( -9.506864394700851761, -3.000000000000011102, -65.59385394730388441 ) ) ;
#2945 = CARTESIAN_POINT ( 'NONE',  ( 0.6157507346746960986, -3.600000000000000089, -66.65706887037495676 ) ) ;
#2946 = CARTESIAN_POINT ( 'NONE',  ( -17.86130975467195725, -3.000000000000011546, -44.68952404921753896 ) ) ;
#2947 = CARTESIAN_POINT ( 'NONE',  ( -15.20421697165686048, -2.000000000000000000, 52.55128163380559414 ) ) ;
#2948 = CARTESIAN_POINT ( 'NONE',  ( -16.96386909625634942, -3.000000000000010658, 44.20426303953640002 ) ) ;
#2949 = CARTESIAN_POINT ( 'NONE',  ( 17.84020972683483564, -3.000000000000010214, -51.47090459228962089 ) ) ;
#2950 = CARTESIAN_POINT ( 'NONE',  ( 5.365315915058242346, 5.426483578707466317E-15, 66.54077192056372780 ) ) ;
#2951 = CARTESIAN_POINT ( 'NONE',  ( -16.23245414071277182, -0.4718446097210729495, 32.00052427470694738 ) ) ;
#2952 = CARTESIAN_POINT ( 'NONE',  ( -17.29950072424392360, -3.600000000000000533, 27.06383504975240228 ) ) ;
#2953 = CARTESIAN_POINT ( 'NONE',  ( -10.62371835802011155, 0.000000000000000000, 64.41751820761110991 ) ) ;
#2954 = CIRCLE ( 'NONE', #626, 2.149999999999995470 ) ;
#2955 = CARTESIAN_POINT ( 'NONE',  ( 15.32329065180100258, -2.000000000000000000, -60.19577039129582374 ) ) ;
#2956 = CARTESIAN_POINT ( 'NONE',  ( -17.29954598383725894, -3.599999999999999201, 29.85719429178682915 ) ) ;
#2957 = CARTESIAN_POINT ( 'NONE',  ( -3.810036809055219464, -3.600000000000000089, -18.31544157814134977 ) ) ;
#2958 = ORIENTED_EDGE ( 'NONE', *, *, #2551, .F. ) ;
#2959 = CARTESIAN_POINT ( 'NONE',  ( 10.25786972196244662, -2.000000000000000000, 64.95463044519343043 ) ) ;
#2960 = CARTESIAN_POINT ( 'NONE',  ( 10.82296961163744520, 5.634014160186247946E-15, 60.81733330860894426 ) ) ;
#2961 = DIRECTION ( 'NONE',  ( 0.1500202732922523152, 0.000000000000000000, -0.9886829206582451457 ) ) ;
#2962 = CARTESIAN_POINT ( 'NONE',  ( -6.491041522454005452, -3.600300000945172219, -54.79298605861921345 ) ) ;
#2963 = CARTESIAN_POINT ( 'NONE',  ( -9.655139851792794659, -0.7999999999999999334, 61.22392601941932355 ) ) ;
#2964 = EDGE_CURVE ( 'NONE', #1871, #1738, #1761, .T. ) ;
#2965 = CARTESIAN_POINT ( 'NONE',  ( 9.853508331099263273, -3.000000000000011546, -65.41307347090199187 ) ) ;
#2966 = CARTESIAN_POINT ( 'NONE',  ( -15.20712812144647685, -3.600000000000000089, 49.90329369054131803 ) ) ;
#2967 = CARTESIAN_POINT ( 'NONE',  ( -13.85185709159759782, 5.647051791551868275E-15, 53.51176308595822917 ) ) ;
#2968 = ORIENTED_EDGE ( 'NONE', *, *, #4493, .F. ) ;
#2969 = CARTESIAN_POINT ( 'NONE',  ( -17.27459823209377276, -3.600000000000000533, -45.57099240638101634 ) ) ;
#2970 = DIRECTION ( 'NONE',  ( 0.000000000000000000, 1.000000000000000000, 0.000000000000000000 ) ) ;
#2971 = CARTESIAN_POINT ( 'NONE',  ( -16.78821292140850474, 5.679415162127392577E-15, 33.67538349146182952 ) ) ;
#2972 = CARTESIAN_POINT ( 'NONE',  ( -13.59255527032397737, -3.599999999999999645, 55.20592423527806147 ) ) ;
#2973 = CARTESIAN_POINT ( 'NONE',  ( 15.74856547738087009, -3.599999999999999201, 47.54445362874947989 ) ) ;
#2974 = CARTESIAN_POINT ( 'NONE',  ( 8.681776117985330998, -0.8000000000073830275, 62.67991848742411776 ) ) ;
#2975 = CARTESIAN_POINT ( 'NONE',  ( 16.95704744731545333, -3.600000000000000089, 39.28373470166397396 ) ) ;
#2976 = CARTESIAN_POINT ( 'NONE',  ( 6.299280481452838920, -0.8000000000000000444, 65.12029093193177687 ) ) ;
#2977 = EDGE_LOOP ( 'NONE', ( #2930, #1209, #1863, #6422 ) ) ;
#2978 = CARTESIAN_POINT ( 'NONE',  ( -5.334889948298570772, 5.574596737235127821E-15, 66.55238079365680903 ) ) ;
#2979 = ORIENTED_EDGE ( 'NONE', *, *, #5387, .F. ) ;
#2980 = CARTESIAN_POINT ( 'NONE',  ( 4.020237855633274293, 5.714553102330879633E-15, 66.79972092879991408 ) ) ;
#2981 = CARTESIAN_POINT ( 'NONE',  ( -1.184813953544749943E-05, -3.600000000000000089, -66.65441558781627407 ) ) ;
#2982 = DIRECTION ( 'NONE',  ( 0.000000000000000000, -1.000000000000000000, 0.000000000000000000 ) ) ;
#2983 = CARTESIAN_POINT ( 'NONE',  ( -17.80649211342075589, -3.000000000000010658, -52.27177274409299912 ) ) ;
#2984 = CARTESIAN_POINT ( 'NONE',  ( -3.956093064299400996, 5.637851296924623057E-15, 66.80046640593958784 ) ) ;
#2985 = CARTESIAN_POINT ( 'NONE',  ( 2.915066639878928889, 5.637851296924622268E-15, 66.80631962779455080 ) ) ;
#2986 = ORIENTED_EDGE ( 'NONE', *, *, #2762, .F. ) ;
#2987 = ORIENTED_EDGE ( 'NONE', *, *, #1792, .F. ) ;
#2988 = CARTESIAN_POINT ( 'NONE',  ( -7.887540655338032280E-07, -3.600000000000000089, 66.27631535813102914 ) ) ;
#2989 = CARTESIAN_POINT ( 'NONE',  ( -8.545828840907701007, -3.000000000000010658, -66.10028842541088068 ) ) ;
#2990 = CARTESIAN_POINT ( 'NONE',  ( -8.443449067290988097, -2.000000000000000000, 66.75182148427769846 ) ) ;
#2991 = DIRECTION ( 'NONE',  ( -0.9886829206582452567, -0.000000000000000000, -0.1500202732922515103 ) ) ;
#2992 = FACE_OUTER_BOUND ( 'NONE', #1712, .T. ) ;
#2993 = CARTESIAN_POINT ( 'NONE',  ( -11.38457071826373834, -2.000000000000000000, 63.34805667304306809 ) ) ;
#2994 = ORIENTED_EDGE ( 'NONE', *, *, #5098, .F. ) ;
#2995 = LINE ( 'NONE', #2067, #6800 ) ;
#2996 = CARTESIAN_POINT ( 'NONE',  ( 16.16249065454467981, 5.446377214165649894E-15, 42.43188987313862981 ) ) ;
#2997 = CARTESIAN_POINT ( 'NONE',  ( 9.123476904831312240, -3.600000000000001421, 63.47747331385809844 ) ) ;
#2998 = CARTESIAN_POINT ( 'NONE',  ( 14.25575799097778074, -1.499999999999999556, -31.00427299466725017 ) ) ;
#2999 = CARTESIAN_POINT ( 'NONE',  ( 1.999999999999998224, -2.000000000000000000, -52.00000000000000711 ) ) ;
#3000 = CARTESIAN_POINT ( 'NONE',  ( -16.18394766011927643, -3.599999999999999645, 45.29460955878756323 ) ) ;
#3001 = CARTESIAN_POINT ( 'NONE',  ( 17.30135262271123509, -3.600000000000000089, 25.61251726249903982 ) ) ;
#3002 = CARTESIAN_POINT ( 'NONE',  ( -7.426186983313938228, -0.03847761253660599012, 65.19729581332073565 ) ) ;
#3003 = ORIENTED_EDGE ( 'NONE', *, *, #771, .F. ) ;
#3004 = VERTEX_POINT ( 'NONE', #4059 ) ;
#3005 = CARTESIAN_POINT ( 'NONE',  ( -17.28062723627103026, -3.599999999999999645, -45.96427586737738835 ) ) ;
#3006 = DIRECTION ( 'NONE',  ( 0.000000000000000000, 0.000000000000000000, -1.000000000000000000 ) ) ;
#3007 = EDGE_CURVE ( 'NONE', #1946, #5130, #5690, .T. ) ;
#3008 = CARTESIAN_POINT ( 'NONE',  ( -5.084802682595006118, -0.8000000000000001554, 65.79191780685242463 ) ) ;
#3009 = CARTESIAN_POINT ( 'NONE',  ( 17.26476502874630370, -3.600000000000000089, 33.85489947609661243 ) ) ;
#3010 = CARTESIAN_POINT ( 'NONE',  ( 17.25576521703943200, -3.600000000000000089, -43.79026948378226081 ) ) ;
#3011 = CARTESIAN_POINT ( 'NONE',  ( 6.340704983600659261, -0.03847758196866050973, 66.01187290664570639 ) ) ;
#3012 = CARTESIAN_POINT ( 'NONE',  ( 3.983545065413657937, -0.5699699315605406547, 65.99274198255804436 ) ) ;
#3013 = CARTESIAN_POINT ( 'NONE',  ( -12.65604850424314520, -3.599999999999999645, 57.53991936990263412 ) ) ;
#3014 = CARTESIAN_POINT ( 'NONE',  ( 13.06264839399046274, -3.600000000000000977, 56.57639265215419755 ) ) ;
#3015 = CARTESIAN_POINT ( 'NONE',  ( -12.07527226778105245, -0.7999999999999929390, 52.98145630117678451 ) ) ;
#3016 = CARTESIAN_POINT ( 'NONE',  ( 5.023651210939146239, -0.8000000000000000444, 65.81380947558149330 ) ) ;
#3017 = CARTESIAN_POINT ( 'NONE',  ( -6.088579515039219459, 5.643065326238633562E-15, 66.20506539014472480 ) ) ;
#3018 = ORIENTED_EDGE ( 'NONE', *, *, #50, .F. ) ;
#3019 = VECTOR ( 'NONE', #3416, 1000.000000000000114 ) ;
#3020 = CARTESIAN_POINT ( 'NONE',  ( 5.156896629944470511, 3.794694554708894654E-15, 66.61342175387318321 ) ) ;
#3021 = CARTESIAN_POINT ( 'NONE',  ( -10.41085793850276353, -3.000000000000011546, -65.09455289349533302 ) ) ;
#3022 = CARTESIAN_POINT ( 'NONE',  ( -17.86513438536297471, -3.000000000000011990, -50.14939824971481386 ) ) ;
#3023 = LINE ( 'NONE', #522, #6872 ) ;
#3024 = VECTOR ( 'NONE', #4659, 1000.000000000000000 ) ;
#3025 = AXIS2_PLACEMENT_3D ( 'NONE', #1048, #5689, #460 ) ;
#3026 = CARTESIAN_POINT ( 'NONE',  ( 15.99994376167642329, -0.8000000000000003775, 31.60159739945275703 ) ) ;
#3027 = ORIENTED_EDGE ( 'NONE', *, *, #3337, .T. ) ;
#3028 = CARTESIAN_POINT ( 'NONE',  ( -5.820209180883430200, -3.599999999999999201, 66.05333372652249579 ) ) ;
#3029 = CARTESIAN_POINT ( 'NONE',  ( -17.29947361838883069, -3.599999999999999201, 27.08580207679956686 ) ) ;
#3030 = CARTESIAN_POINT ( 'NONE',  ( -9.376950490892287604, -2.000000000000000000, 65.87692874913412311 ) ) ;
#3031 = CIRCLE ( 'NONE', #706, 1.449999999999999956 ) ;
#3032 = EDGE_CURVE ( 'NONE', #4256, #4173, #708, .T. ) ;
#3033 = CARTESIAN_POINT ( 'NONE',  ( -5.392754866154314541, -0.03847853237936340459, 66.49407053007777790 ) ) ;
#3034 = CARTESIAN_POINT ( 'NONE',  ( 17.82086168601930964, -3.000000000000010658, -52.72503012935123223 ) ) ;
#3035 = CARTESIAN_POINT ( 'NONE',  ( -6.037371919441082646, -3.599999999999999201, 65.97704455628313269 ) ) ;
#3036 = CONICAL_SURFACE ( 'NONE', #1569, 5.000000000000000888, 0.7853981633974522758 ) ;
#3037 = EDGE_LOOP ( 'NONE', ( #5168, #6979, #4447, #1378 ) ) ;
#3038 = CARTESIAN_POINT ( 'NONE',  ( 14.20501858903134185, 0.000000000000000000, 58.11872737860535665 ) ) ;
#3039 = CARTESIAN_POINT ( 'NONE',  ( 14.84083152583021814, 6.127185357748453046E-15, 49.85944981742441229 ) ) ;
#3040 = CARTESIAN_POINT ( 'NONE',  ( -10.96554041358011666, -3.600000000000000089, -64.03633716620298344 ) ) ;
#3041 = CARTESIAN_POINT ( 'NONE',  ( 17.29842144958191952, -3.600000000000000533, 28.24599609137837319 ) ) ;
#3042 = PRESENTATION_LAYER_ASSIGNMENT (  '', '', ( #6914 ) ) ;
#3043 = CARTESIAN_POINT ( 'NONE',  ( 4.176561391944896506, -3.600000000000001421, 66.27595987491089602 ) ) ;
#3044 = CARTESIAN_POINT ( 'NONE',  ( -17.17612119404538262, -3.600000000000000977, 36.15242630159535508 ) ) ;
#3045 = VECTOR ( 'NONE', #2836, 1000.000000000000000 ) ;
#3046 = CARTESIAN_POINT ( 'NONE',  ( -5.331171879130057079, -0.7999999999999926059, 64.47429003906034950 ) ) ;
#3047 = CARTESIAN_POINT ( 'NONE',  ( -3.855982114188906795, -0.8000000000000081490, 64.92448822998790092 ) ) ;
#3048 = ORIENTED_EDGE ( 'NONE', *, *, #5606, .F. ) ;
#3049 = ADVANCED_FACE ( 'NONE', ( #2366 ), #4299, .F. ) ;
#3050 = DIRECTION ( 'NONE',  ( 0.000000000000000000, -1.000000000000000000, 0.000000000000000000 ) ) ;
#3051 = VECTOR ( 'NONE', #6895, 1000.000000000000114 ) ;
#3052 = AXIS2_PLACEMENT_3D ( 'NONE', #2739, #6821, #1607 ) ;
#3053 = CARTESIAN_POINT ( 'NONE',  ( -5.133819455799613962, -0.7999999999999999334, 65.77330042389215237 ) ) ;
#3054 = CARTESIAN_POINT ( 'NONE',  ( 13.48829340372726548, -3.600000000000001421, 55.49588826872368230 ) ) ;
#3055 = CARTESIAN_POINT ( 'NONE',  ( 5.672912207582908373, -0.8000000000001715739, 65.52335772057112706 ) ) ;
#3056 = CARTESIAN_POINT ( 'NONE',  ( 12.45522964369994945, -3.600000000000000089, 57.98840937925118766 ) ) ;
#3057 = CARTESIAN_POINT ( 'NONE',  ( -17.35604047676861228, 0.000000000000000000, 46.58436851558501957 ) ) ;
#3058 = CARTESIAN_POINT ( 'NONE',  ( 4.836136311423883782, -0.7999999999999996003, 65.87519878836076259 ) ) ;
#3059 = CARTESIAN_POINT ( 'NONE',  ( 4.310647394377894237, 5.610988142107596158E-15, 66.78511445119684709 ) ) ;
#3060 = CARTESIAN_POINT ( 'NONE',  ( -8.222766448195608646, -3.600000000000000533, -65.51976247461897174 ) ) ;
#3061 = CARTESIAN_POINT ( 'NONE',  ( -17.87639555251202239, -3.000000000000010658, -49.46815842232394544 ) ) ;
#3062 = CARTESIAN_POINT ( 'NONE',  ( -4.050117608673590830, 5.610925843201989375E-15, 66.79912811289422336 ) ) ;
#3063 = EDGE_CURVE ( 'NONE', #3933, #4681, #1790, .T. ) ;
#3064 = CARTESIAN_POINT ( 'NONE',  ( 17.80547042745848785, -3.000000000000011102, -52.29311717962549011 ) ) ;
#3065 = CARTESIAN_POINT ( 'NONE',  ( 4.277852904287129832, 5.426261984060641375E-15, 66.78786331572786139 ) ) ;
#3066 = ORIENTED_EDGE ( 'NONE', *, *, #5387, .T. ) ;
#3067 = CARTESIAN_POINT ( 'NONE',  ( 7.533123011813358971, -3.000000000000010658, 65.83467889268183626 ) ) ;
#3068 = CARTESIAN_POINT ( 'NONE',  ( -10.12931382682538128, -2.000000000000000000, -65.27932831414865689 ) ) ;
#3069 = CARTESIAN_POINT ( 'NONE',  ( -15.07151456227785857, 0.000000000000000000, 55.58688295882875252 ) ) ;
#3070 = CARTESIAN_POINT ( 'NONE',  ( -3.998494299127234974, 0.000000000000000000, 68.60000562557462445 ) ) ;
#3071 = CARTESIAN_POINT ( 'NONE',  ( -17.07066422272737682, -3.600000000000000977, -53.53077069749890882 ) ) ;
#3072 = CARTESIAN_POINT ( 'NONE',  ( -4.487616804351172384, -3.599999999999999201, 66.27127630148832793 ) ) ;
#3073 = LINE ( 'NONE', #5398, #2656 ) ;
#3074 = ORIENTED_EDGE ( 'NONE', *, *, #5515, .F. ) ;
#3075 = CARTESIAN_POINT ( 'NONE',  ( 3.998749211016420890, 0.000000000000000000, 68.60000390890179744 ) ) ;
#3076 = CARTESIAN_POINT ( 'NONE',  ( -11.09651007333371098, -3.600000000000000089, -63.94600063623185093 ) ) ;
#3077 = CARTESIAN_POINT ( 'NONE',  ( -15.60208048082995624, -0.8000000000000001554, 40.27350685290570453 ) ) ;
#3078 = CARTESIAN_POINT ( 'NONE',  ( 4.195209801836308650, -3.600000000000000089, 66.27586001290703166 ) ) ;
#3079 = CARTESIAN_POINT ( 'NONE',  ( -15.76489307134053952, -3.600000000000000533, 47.45809184783128387 ) ) ;
#3080 = CARTESIAN_POINT ( 'NONE',  ( 17.29851673358591668, -3.599999999999999645, 28.92644338021305117 ) ) ;
#3081 = ORIENTED_EDGE ( 'NONE', *, *, #1667, .T. ) ;
#3082 = CARTESIAN_POINT ( 'NONE',  ( 7.533123011813358971, -3.000000000000010658, 65.83467889268183626 ) ) ;
#3083 = VERTEX_POINT ( 'NONE', #4286 ) ;
#3084 = CARTESIAN_POINT ( 'NONE',  ( 4.924617236112037943, -3.600000000000000089, 66.24403718894016890 ) ) ;
#3085 = B_SPLINE_SURFACE_WITH_KNOTS ( 'NONE', 1, 3, ( 
 ( #3757, #2026, #2136, #1462, #5041, #3301, #1577, #6082, #858, #383, #277, #5576, #3791, #893, #3222, #2673, #7352, #5537, #310, #2629, #2104, #6714, #3829, #3152, #351, #4474, #4433, #6753, #1531, #3865, #6196, #969, #2712, #6787, #4621, #494, #3905, #6937, #5769, #1723, #3369, #4057, #6379, #1156, #5084, #2287, #3478, #3980, #6308, #4584, #5805, #4548, #1045, #2833, #567, #3445, #5122, #6899, #6862, #7391, #2913, #5235, #1123, #7554, #529, #7468, #2322, #4657, #5732, #4019, #2876, #1085, #2246, #6974 ),
 ( #6234, #1688, #1010, #1618, #7433, #6829, #3335, #5653, #3944, #419, #2750, #2176, #5153, #4516, #6270, #5194, #5687, #458, #2797, #2211, #1651, #3406, #6344, #7510, #3706, #3583, #6530, #1944, #687, #733, #2360, #113, #1793, #5877, #4240, #7090, #649, #7128, #66, #1869, #4199, #3626, #3665, #5995, #5954, #3064, #611, #149, #1907, #772, #2949, #5274, #190, #2513, #5561, #5026, #2619, #335, #2550, #5601, #7235, #846, #2658, #1517, #4879, #6180, #1560, #3138, #3285, #232, #1979, #3179, #268, #4918 ) ),
 .UNSPECIFIED., .F., .F., .F.,
 ( 2, 2 ),
 ( 4, 2, 2, 2, 2, 2, 2, 2, 2, 2, 2, 2, 2, 2, 2, 2, 2, 2, 2, 2, 2, 2, 2, 2, 2, 2, 2, 2, 2, 2, 2, 2, 2, 2, 2, 2, 4 ),
 ( 0.000000000000000000, 1.000000000000000000 ),
 ( 0.000000000000000000, 0.001372890918382915163, 0.002059336377574372962, 0.002402559107170101644, 0.002745781836765830326, 0.003089004566361559442, 0.003432227295957288125, 0.004118672755148745923, 0.005491563673531660653, 0.006864454591914576249, 0.007550900051106033614, 0.008237345510297491846, 0.008580568239893220095, 0.008923790969488948344, 0.009267013699084676592, 0.009610236428680406576, 0.01029668188787186481, 0.01098312734706332131, 0.01166957280625477954, 0.01235601826544623777, 0.01269924099504196602, 0.01304246372463769427, 0.01338568645423342252, 0.01372890918382915250, 0.01407213191342488248, 0.01441535464302061073, 0.01475857737261633898, 0.01510180010221206723, 0.01544502283180779721, 0.01578824556140352720, 0.01647469102059498369, 0.01784758193897789669, 0.01853402739816935318, 0.01922047285736081315, 0.01990691831655227312, 0.02059336377574372962, 0.02196625469412664261 ),
 .UNSPECIFIED. ) ;
#3086 = CARTESIAN_POINT ( 'NONE',  ( -4.860077439940498678, -0.7999999999999998224, 65.86808974967208030 ) ) ;
#3087 = CARTESIAN_POINT ( 'NONE',  ( -16.88918651117144876, -3.599999999999998312, 40.01072411363895753 ) ) ;
#3088 = CARTESIAN_POINT ( 'NONE',  ( 16.19391403803223994, -3.600000000000000533, 45.23877110601242890 ) ) ;
#3089 = CARTESIAN_POINT ( 'NONE',  ( -8.754442785443766084, -3.599999999999999645, 63.90513263657241083 ) ) ;
#3090 = EDGE_CURVE ( 'NONE', #3933, #1795, #566, .T. ) ;
#3091 = CARTESIAN_POINT ( 'NONE',  ( 5.981572549571594344, -0.7999999999999414246, 65.33758570963155421 ) ) ;
#3092 = CARTESIAN_POINT ( 'NONE',  ( -13.22766412521840351, -0.7999999999999940492, 48.57342879958056869 ) ) ;
#3093 = CARTESIAN_POINT ( 'NONE',  ( -9.799123787357983062, 0.000000000000000000, 65.42129154672626612 ) ) ;
#3094 = CARTESIAN_POINT ( 'NONE',  ( 5.905312940964539514, -0.7999999999999998224, 65.38554299042935725 ) ) ;
#3095 = EDGE_LOOP ( 'NONE', ( #5758, #6621, #1628, #4390 ) ) ;
#3096 = CARTESIAN_POINT ( 'NONE',  ( 8.238747064527892405, 5.479198163262628427E-15, 64.45602355498454017 ) ) ;
#3097 = CARTESIAN_POINT ( 'NONE',  ( 1.436687412723318458, -3.600000000000000089, -66.66254313560008882 ) ) ;
#3098 = CARTESIAN_POINT ( 'NONE',  ( -14.19219842891058114, -3.600000000000000089, -60.68420447981120702 ) ) ;
#3099 = CARTESIAN_POINT ( 'NONE',  ( -4.001912234791024758, 5.401320595256920032E-15, 66.79996714971156280 ) ) ;
#3100 = CARTESIAN_POINT ( 'NONE',  ( -17.89516602997125005, -3.000000000000010214, 19.37088540568123562 ) ) ;
#3101 = CARTESIAN_POINT ( 'NONE',  ( 4.409077659675871175, 5.041056303067357628E-15, 66.77559501329861291 ) ) ;
#3102 = ORIENTED_EDGE ( 'NONE', *, *, #203, .F. ) ;
#3103 = EDGE_LOOP ( 'NONE', ( #4245, #2795, #6639, #2433, #5447, #857, #3340, #6110 ) ) ;
#3104 = CARTESIAN_POINT ( 'NONE',  ( -5.598157325496871728, -3.599999999999999645, 66.11962610084188441 ) ) ;
#3105 = CARTESIAN_POINT ( 'NONE',  ( -17.26431061637821429, -3.600000000000000533, 12.88107497595979112 ) ) ;
#3106 = CARTESIAN_POINT ( 'NONE',  ( 6.462984221117348049, -0.7999999999999999334, -20.18897252795810004 ) ) ;
#3107 = EDGE_CURVE ( 'NONE', #4129, #792, #5920, .T. ) ;
#3108 = CARTESIAN_POINT ( 'NONE',  ( -17.26631603146989846, -3.599999999999999201, 13.47216896081541115 ) ) ;
#3109 = CARTESIAN_POINT ( 'NONE',  ( 17.88724251148755684, -3.000000000000010658, -48.96963389009766132 ) ) ;
#3110 = CARTESIAN_POINT ( 'NONE',  ( 8.461460670458924582, -0.03848016524370564961, 64.16097467002207111 ) ) ;
#3111 = CARTESIAN_POINT ( 'NONE',  ( -17.24627045881411647, -3.600000000000000977, -51.18967359860685917 ) ) ;
#3112 = DIRECTION ( 'NONE',  ( -0.7071067811864774066, -0.7071067811865442421, 3.221453869764879053E-07 ) ) ;
#3113 = CARTESIAN_POINT ( 'NONE',  ( 15.57122566939546893, -3.600000000000000089, -58.34853943184271685 ) ) ;
#3114 = ORIENTED_EDGE ( 'NONE', *, *, #641, .T. ) ;
#3115 = CARTESIAN_POINT ( 'NONE',  ( 17.16056175679898743, 0.000000000000000000, 47.88085290031814623 ) ) ;
#3116 = CARTESIAN_POINT ( 'NONE',  ( 3.943771363211876958E-07, -3.000000000000010658, 66.87631535813137873 ) ) ;
#3117 = CARTESIAN_POINT ( 'NONE',  ( -8.545828840907701007, -3.000000000000010658, -66.10028842541088068 ) ) ;
#3118 = CARTESIAN_POINT ( 'NONE',  ( -10.79694707762726935, -3.600000000000000977, -64.14589373138854000 ) ) ;
#3119 = CARTESIAN_POINT ( 'NONE',  ( -15.20412735506302226, -0.7999999999999998224, 43.56547281183217990 ) ) ;
#3120 = CARTESIAN_POINT ( 'NONE',  ( -17.26533599939861929, -3.600000000000000533, 33.83222274129678198 ) ) ;
#3121 = CARTESIAN_POINT ( 'NONE',  ( 17.30166792581835011, -3.600000000000000089, 25.27352070666957218 ) ) ;
#3122 = EDGE_LOOP ( 'NONE', ( #389, #5591, #5193, #1122 ) ) ;
#3123 = CARTESIAN_POINT ( 'NONE',  ( 4.311612900770641410, -3.600000000000000533, 66.27503681210261277 ) ) ;
#3124 = CARTESIAN_POINT ( 'NONE',  ( -3.908685417127250705, -0.8000000000000002665, 66.00093435133818787 ) ) ;
#3125 = ADVANCED_FACE ( 'NONE', ( #2403 ), #157, .F. ) ;
#3126 = CARTESIAN_POINT ( 'NONE',  ( 5.406853252851685276, -3.600000000000002309, -66.36379749015178220 ) ) ;
#3127 = CARTESIAN_POINT ( 'NONE',  ( 17.30008630313106011, -3.599999999999999645, 30.31385859336537081 ) ) ;
#3128 = CARTESIAN_POINT ( 'NONE',  ( 5.091877364166078834, -0.03847763002957962225, 66.59354568161124632 ) ) ;
#3129 = DIRECTION ( 'NONE',  ( 0.000000000000000000, 0.000000000000000000, -1.000000000000000000 ) ) ;
#3130 = CARTESIAN_POINT ( 'NONE',  ( -18.59999999999999787, -2.000000000000000000, -52.00000000000000711 ) ) ;
#3131 = CARTESIAN_POINT ( 'NONE',  ( 4.939845783141814550, -0.8000000000000003775, 65.84268507623860955 ) ) ;
#3132 = ORIENTED_EDGE ( 'NONE', *, *, #2568, .T. ) ;
#3133 = CARTESIAN_POINT ( 'NONE',  ( -4.122490136460807975, 5.633742682756802450E-15, 66.79689302621407876 ) ) ;
#3134 = CARTESIAN_POINT ( 'NONE',  ( 8.331024170210312718, 5.514578482627184536E-15, 64.35567431198687416 ) ) ;
#3135 = CARTESIAN_POINT ( 'NONE',  ( 2.867577731181963685, -3.599999999999999201, -66.64206404307977039 ) ) ;
#3136 = CARTESIAN_POINT ( 'NONE',  ( -17.14815940517263471, -3.000000000000010214, -55.93980672451679936 ) ) ;
#3137 = CARTESIAN_POINT ( 'NONE',  ( -4.219162244119635474, 5.469454713810894441E-15, 66.79171073706227446 ) ) ;
#3138 = CARTESIAN_POINT ( 'NONE',  ( 17.88546809890359057, -3.000000000000010658, -46.29972225935939889 ) ) ;
#3139 = CARTESIAN_POINT ( 'NONE',  ( 4.606115340004860670, 6.452910942537767108E-15, 66.74798334769725727 ) ) ;
#3140 = ORIENTED_EDGE ( 'NONE', *, *, #4493, .T. ) ;
#3141 = CARTESIAN_POINT ( 'NONE',  ( -6.333575669649811779, -3.000000000000010658, 66.50543762059407982 ) ) ;
#3142 = EDGE_CURVE ( 'NONE', #5411, #7397, #5963, .T. ) ;
#3143 = CARTESIAN_POINT ( 'NONE',  ( 11.41992022301607079, -3.000000000000010658, -64.46282546924014412 ) ) ;
#3144 = CARTESIAN_POINT ( 'NONE',  ( -8.503994629711881359, -3.000000000000011546, 65.02554524923471035 ) ) ;
#3145 = CARTESIAN_POINT ( 'NONE',  ( -17.22363955736921781, -3.599999999999999645, -51.93613008971483680 ) ) ;
#3146 = AXIS2_PLACEMENT_3D ( 'NONE', #4250, #4207, #741 ) ;
#3147 = CARTESIAN_POINT ( 'NONE',  ( 13.25461611914131588, -0.03847571221577296419, 55.23058224556183404 ) ) ;
#3148 = CARTESIAN_POINT ( 'NONE',  ( 15.66927101825835855, -3.600000000000000089, -58.14344287476077966 ) ) ;
#3149 = B_SPLINE_SURFACE_WITH_KNOTS ( 'NONE', 1, 3, ( 
 ( #4817, #246, #81, #5404, #1241, #3562, #1847, #703, #7144, #4745, #3598, #3041, #4260, #1357, #3684, #787, #3127, #1365, #7195, #3571, #5338, #676, #4869, #4224, #3009, #5864, #4754, #758, #5452, #4186, #7032, #716, #3088, #5376, #2973, #4109, #2465, #218, #1824, #95, #4152, #3537, #2501, #6475, #635, #797, #4827, #3054, #6439, #7153, #5982, #1929, #1216, #3692, #2539, #4271, #5301, #6591, #6021, #52, #5899, #4791, #2382, #4715, #1250, #2424, #7073, #1855, #6513, #178, #3608, #1285, #5941, #137, #7113, #1894, #6553, #1324, #3653 ),
 ( #5416, #3162, #361, #5013, #392, #3766, #318, #982, #2685, #4301, #6094, #1435, #3732, #2577, #5586, #1471, #256, #940, #832, #905, #6656, #1398, #7323, #2114, #4940, #4332, #6625, #868, #3199, #4973, #2721, #5053, #5516, #6206, #7289, #3309, #3803, #6128, #6054, #1541, #284, #4904, #2041, #2642, #5486, #4442, #3874, #5623, #2076, #6762, #3231, #6691, #7225, #7254, #1968, #2000, #2605, #4373, #4408, #6727, #1503, #3839, #3269, #3915, #7478, #6799, #1661, #430, #6947, #3993, #5744, #504, #4557, #2257, #1734, #3343, #6873, #7361, #5815 ) ),
 .UNSPECIFIED., .F., .F., .F.,
 ( 2, 2 ),
 ( 4, 2, 2, 2, 2, 2, 2, 2, 2, 2, 2, 2, 2, 2, 2, 2, 2, 2, 2, 2, 2, 2, 2, 2, 2, 2, 2, 2, 2, 2, 2, 2, 2, 2, 2, 2, 2, 3, 4 ),
 ( 0.000000000000000000, 1.000000000000000000 ),
 ( 0.000000000000000000, 0.007085680027820348906, 0.01062852004173052423, 0.01417136005564069781, 0.01594278006259578634, 0.01682849006607332887, 0.01771420006955087140, 0.01859991007302841393, 0.01948562007650595992, 0.02037133007998350592, 0.02125704008346104845, 0.02214275008693859098, 0.02302846009041613351, 0.02479988009737122204, 0.02834272011128139562, 0.03188556012519157268, 0.03542840013910174279, 0.03719982014605682785, 0.03897124015301191985, 0.03985695015648946238, 0.04074266015996701185, 0.04162837016344455437, 0.04251408016692209690, 0.04428550017387718196, 0.04605692018083226702, 0.04782834018778735208, 0.04959976019474244407, 0.05048547019821998660, 0.05092832519995876134, 0.05137118020169753607, 0.05181403520343630387, 0.05225689020517507860, 0.05314260020865262113, 0.05358545521039138892, 0.05402831021213016366, 0.05491402021560770619, 0.05579973021908524872, 0.05668544022256279125, 0.05725229462478841763 ),
 .UNSPECIFIED. ) ;
#3150 = EDGE_CURVE ( 'NONE', #5071, #6183, #3590, .T. ) ;
#3151 = EDGE_LOOP ( 'NONE', ( #5720, #3384, #445, #2863 ) ) ;
#3152 = CARTESIAN_POINT ( 'NONE',  ( 16.07473992889243775, -3.599999999999999201, -57.20509869437768913 ) ) ;
#3153 = CARTESIAN_POINT ( 'NONE',  ( 15.11594259942794771, 5.672084312390279776E-15, 48.63266425181863184 ) ) ;
#3154 = CARTESIAN_POINT ( 'NONE',  ( -15.36867967362655563, -0.7999999999999996003, 42.33209167465044231 ) ) ;
#3155 = CARTESIAN_POINT ( 'NONE',  ( 1.231893108788175706, -3.600000000000000089, 66.27632932040850733 ) ) ;
#3156 = EDGE_CURVE ( 'NONE', #6568, #3182, #3672, .T. ) ;
#3157 = ORIENTED_EDGE ( 'NONE', *, *, #6943, .F. ) ;
#3158 = DIRECTION ( 'NONE',  ( -0.000000000000000000, 1.000000000000000000, -0.000000000000000000 ) ) ;
#3159 = CARTESIAN_POINT ( 'NONE',  ( -3.966757202700636142, -0.8000000000000000444, 66.00030328257751933 ) ) ;
#3160 = CARTESIAN_POINT ( 'NONE',  ( -17.29845803744352395, -3.600000000000000089, 20.55293136354730166 ) ) ;
#3161 = CARTESIAN_POINT ( 'NONE',  ( 3.215587640976304673, -3.600000000000000977, -66.62523714911674233 ) ) ;
#3162 = CARTESIAN_POINT ( 'NONE',  ( 17.86632185508578274, -3.000000000000009770, 13.47220698775493197 ) ) ;
#3163 = CIRCLE ( 'NONE', #4133, 5.860660171779850991 ) ;
#3164 = CARTESIAN_POINT ( 'NONE',  ( -7.770107809109668473, -3.599999999999999645, 64.87576221893363027 ) ) ;
#3165 = CARTESIAN_POINT ( 'NONE',  ( 4.451550345436173117, -0.8000000000000058176, 64.86621044634625832 ) ) ;
#3166 = DIRECTION ( 'NONE',  ( 0.1816481689908677755, 0.000000000000000000, -0.9833635862193927935 ) ) ;
#3167 = CARTESIAN_POINT ( 'NONE',  ( -8.811792687842286753, -0.8000000000057205796, 62.52977598560553929 ) ) ;
#3168 = CARTESIAN_POINT ( 'NONE',  ( -2.000000000000005329, -0.5999999999999894307, -70.00000000000000000 ) ) ;
#3169 = CARTESIAN_POINT ( 'NONE',  ( 3.956973508745479595, -0.7999999999999999334, 66.00020398052399173 ) ) ;
#3170 = ORIENTED_EDGE ( 'NONE', *, *, #3945, .F. ) ;
#3171 = CARTESIAN_POINT ( 'NONE',  ( -4.030036032104273858, 5.605302144977318866E-15, 66.79954276618795461 ) ) ;
#3172 = VECTOR ( 'NONE', #2828, 1000.000000000000000 ) ;
#3173 = VECTOR ( 'NONE', #3302, 1000.000000000000000 ) ;
#3174 = CARTESIAN_POINT ( 'NONE',  ( 6.365943793915321613, 5.757987891497333626E-15, 66.04099100371226427 ) ) ;
#3175 = CARTESIAN_POINT ( 'NONE',  ( -17.76419853858088871, -3.000000000000009770, -52.80073242302609060 ) ) ;
#3176 = CARTESIAN_POINT ( 'NONE',  ( -5.058597708750506072, 5.770323646564002327E-15, 66.64366988115584434 ) ) ;
#3177 = CARTESIAN_POINT ( 'NONE',  ( -10.08027338402834339, -3.600000000000000089, -64.59310930608432955 ) ) ;
#3178 = FACE_OUTER_BOUND ( 'NONE', #6671, .T. ) ;
#3179 = CARTESIAN_POINT ( 'NONE',  ( 17.86141027706720052, -3.000000000000011990, -44.69765240827007347 ) ) ;
#3180 = CARTESIAN_POINT ( 'NONE',  ( 13.05334334976717514, -0.7999999999999999334, 53.37660560276651012 ) ) ;
#3181 = B_SPLINE_CURVE_WITH_KNOTS ( 'NONE', 3,
 ( #4932, #5511, #1466, #2071, #6756, #3833, #2030, #1013, #5008, #3304, #7247, #5045, #2107, #2754, #7393, #7318, #5618, #7354, #6158, #4436, #4518, #1534, #4363, #6086, #3868, #6831, #6121, #4402 ),
 .UNSPECIFIED., .F., .F.,
 ( 4, 2, 2, 2, 2, 2, 2, 2, 2, 2, 2, 2, 2, 4 ),
 ( 0.000000000000000000, 0.004532246830046679151, 0.009064493660093358302, 0.01359674049014003745, 0.01812898732018671660, 0.02266123415023339749, 0.02719348098028007490, 0.02945960439530341535, 0.03172572781032675232, 0.03285878951783842428, 0.03399185122535009623, 0.03512491293286176125, 0.03569144378661760070, 0.03625797464037343321 ),
 .UNSPECIFIED. ) ;
#3182 = VERTEX_POINT ( 'NONE', #6459 ) ;
#3183 = CARTESIAN_POINT ( 'NONE',  ( 17.25574221343226000, -3.600000000000000089, 11.10967500537453390 ) ) ;
#3184 = CARTESIAN_POINT ( 'NONE',  ( 7.098314455398615053, -0.7999999999999876099, 62.92694213410099735 ) ) ;
#3185 = CARTESIAN_POINT ( 'NONE',  ( 1.999999999999998224, 0.000000000000000000, -52.00000000000000711 ) ) ;
#3186 = CARTESIAN_POINT ( 'NONE',  ( -16.63667488099179081, -3.600000000000000533, -55.54795839868428686 ) ) ;
#3187 = CARTESIAN_POINT ( 'NONE',  ( -4.199039491384163547, -3.599999999999999645, 66.27587674894820680 ) ) ;
#3188 = CARTESIAN_POINT ( 'NONE',  ( 17.24044542672921310, -3.600000000000000533, -51.44841472079962585 ) ) ;
#3189 = ORIENTED_EDGE ( 'NONE', *, *, #2218, .T. ) ;
#3190 = DIRECTION ( 'NONE',  ( 0.000000000000000000, -0.000000000000000000, -1.000000000000000000 ) ) ;
#3191 = CARTESIAN_POINT ( 'NONE',  ( 6.117508275210481905, -2.000000000000000000, -66.92165255164603366 ) ) ;
#3192 = CARTESIAN_POINT ( 'NONE',  ( -3.810036809055219464, -1.239339828220174633, -10.01431108803881465 ) ) ;
#3193 = CARTESIAN_POINT ( 'NONE',  ( -3.810036809055219464, -0.5999999999999998668, -15.87497125981866475 ) ) ;
#3194 = FACE_BOUND ( 'NONE', #7481, .T. ) ;
#3195 = VERTEX_POINT ( 'NONE', #3070 ) ;
#3196 = CARTESIAN_POINT ( 'NONE',  ( 4.481492183731687895, -3.000000000000010658, 66.87185009418578829 ) ) ;
#3197 = CARTESIAN_POINT ( 'NONE',  ( -7.652083914577538337, -0.8000000000000000444, 63.91305777425748857 ) ) ;
#3198 = DIRECTION ( 'NONE',  ( 0.000000000000000000, -1.000000000000000000, 0.000000000000000000 ) ) ;
#3199 = CARTESIAN_POINT ( 'NONE',  ( 17.64900504398676873, -3.000000000000010214, 38.30468357062871831 ) ) ;
#3200 = LINE ( 'NONE', #4445, #5405 ) ;
#3201 = CARTESIAN_POINT ( 'NONE',  ( -4.126821177744130154, -0.1982350509416532791, -69.47019122866778673 ) ) ;
#3202 = CARTESIAN_POINT ( 'NONE',  ( -11.02181840491797260, 0.000000000000000000, 63.87591695208038800 ) ) ;
#3203 = CARTESIAN_POINT ( 'NONE',  ( 17.90562086730401603, -2.000000000000000444, 24.29046623263749183 ) ) ;
#3204 = ORIENTED_EDGE ( 'NONE', *, *, #2439, .T. ) ;
#3205 = CARTESIAN_POINT ( 'NONE',  ( 17.27976099857377434, -3.600000000000000977, -45.90771988676168291 ) ) ;
#3206 = CARTESIAN_POINT ( 'NONE',  ( -4.477584909827313275, 5.735661831078530104E-15, 66.76658054453638158 ) ) ;
#3207 = CARTESIAN_POINT ( 'NONE',  ( 7.503043487196367600, 5.733388647410508969E-15, 65.18085738323824785 ) ) ;
#3208 = CARTESIAN_POINT ( 'NONE',  ( 8.289220871113887057, -3.600000000000000977, -65.49279303389590723 ) ) ;
#3209 = CARTESIAN_POINT ( 'NONE',  ( -15.91551759906321273, -3.000000000000010214, -59.00035337920648004 ) ) ;
#3210 = CARTESIAN_POINT ( 'NONE',  ( -4.800887170386896940, 5.635938484258110344E-15, 66.70986900565002031 ) ) ;
#3211 = CARTESIAN_POINT ( 'NONE',  ( -10.04324642820734326, -3.599999999999999645, -64.61519892479181237 ) ) ;
#3212 = CARTESIAN_POINT ( 'NONE',  ( 16.43162309073639804, -0.03847848417157312406, 39.70543122377942780 ) ) ;
#3213 = CARTESIAN_POINT ( 'NONE',  ( 13.32341127531094216, -0.8000000000000003775, 52.48211032368791251 ) ) ;
#3214 = EDGE_LOOP ( 'NONE', ( #6966, #1162, #4842, #2571 ) ) ;
#3215 = CARTESIAN_POINT ( 'NONE',  ( -4.561314795349407980, -3.000000000000011546, 66.86948900490573067 ) ) ;
#3216 = CARTESIAN_POINT ( 'NONE',  ( -2.000000000000003553, -0.8000000000000000444, -66.00000000000000000 ) ) ;
#3217 = CARTESIAN_POINT ( 'NONE',  ( -17.03537196929982755, -3.600000000000000089, -53.75549198433883191 ) ) ;
#3218 = CARTESIAN_POINT ( 'NONE',  ( 9.070879006287691837, 5.637268052139622453E-15, 63.47998772631407860 ) ) ;
#3219 = CARTESIAN_POINT ( 'NONE',  ( 15.26439319977691866, -3.600000000000000089, -58.95860080451154062 ) ) ;
#3220 = CARTESIAN_POINT ( 'NONE',  ( -13.72560458116488213, 6.122990088217466735E-15, 53.91511171584373585 ) ) ;
#3221 = ORIENTED_EDGE ( 'NONE', *, *, #5176, .T. ) ;
#3222 = CARTESIAN_POINT ( 'NONE',  ( 13.92642192951659830, -3.600000000000000089, -61.04884548625413743 ) ) ;
#3223 = CARTESIAN_POINT ( 'NONE',  ( 1.024894254296964569, -3.000000000000010658, -67.25443076656914343 ) ) ;
#3224 = DIRECTION ( 'NONE',  ( 0.000000000000000000, 0.000000000000000000, -1.000000000000000000 ) ) ;
#3225 = CARTESIAN_POINT ( 'NONE',  ( 17.85584412249268738, -2.000000000000000000, -44.73264089768713347 ) ) ;
#3226 = CARTESIAN_POINT ( 'NONE',  ( -17.29090216775749056, -3.599999999999999201, 32.42765545927612436 ) ) ;
#3227 = ORIENTED_EDGE ( 'NONE', *, *, #6549, .T. ) ;
#3228 = CARTESIAN_POINT ( 'NONE',  ( 4.987737639736785411, -3.000000000000010658, 66.84079130778907540 ) ) ;
#3229 = CARTESIAN_POINT ( 'NONE',  ( -8.016029519500635914, -0.7999999999999998224, 63.50716694367611126 ) ) ;
#3230 = CARTESIAN_POINT ( 'NONE',  ( 3.504658810664148749, -3.000000000000010658, -67.20761411137428354 ) ) ;
#3231 = CARTESIAN_POINT ( 'NONE',  ( 13.14736093967379382, -3.000000000000009326, 57.92482393997594414 ) ) ;
#3232 = CARTESIAN_POINT ( 'NONE',  ( -1.691041070407091951, -1.779949199897996825, -58.94298593906940198 ) ) ;
#3233 = EDGE_CURVE ( 'NONE', #5491, #4404, #2482, .T. ) ;
#3234 = CARTESIAN_POINT ( 'NONE',  ( -16.16249379636648342, 5.854673505029890232E-15, 42.43147394471829870 ) ) ;
#3235 = CARTESIAN_POINT ( 'NONE',  ( 3.960233919925553625, -0.8000000000000000444, 66.00018488592479571 ) ) ;
#3236 = ORIENTED_EDGE ( 'NONE', *, *, #3378, .T. ) ;
#3237 = CARTESIAN_POINT ( 'NONE',  ( 17.28060056073649875, -3.600000000000000089, -45.96470323155313054 ) ) ;
#3238 = CARTESIAN_POINT ( 'NONE',  ( -4.005925401368616967, 5.949445986236733137E-15, 66.79991855266170830 ) ) ;
#3239 = EDGE_CURVE ( 'NONE', #5055, #5603, #6436, .T. ) ;
#3240 = CARTESIAN_POINT ( 'NONE',  ( 6.824246856465896904, 5.494484356797068627E-15, 65.72781100966966505 ) ) ;
#3241 = CARTESIAN_POINT ( 'NONE',  ( -2.740056937280898275, -3.000000000000010214, -67.24870080866902811 ) ) ;
#3242 = CARTESIAN_POINT ( 'NONE',  ( 10.69211153110107837, -3.600000000000000089, -64.21232001062061556 ) ) ;
#3243 = CARTESIAN_POINT ( 'NONE',  ( -7.025001142752948624, -2.000000000000000000, 66.20915086138865036 ) ) ;
#3244 = CARTESIAN_POINT ( 'NONE',  ( -6.322268213675582338, 5.407805356145002274E-15, 66.06807009046544010 ) ) ;
#3245 = CARTESIAN_POINT ( 'NONE',  ( -2.853194758707810141, -3.600000000000000977, -66.64293929564279040 ) ) ;
#3246 = CARTESIAN_POINT ( 'NONE',  ( 12.09481633703884640, -0.8000000000000017097, 52.84855839916605902 ) ) ;
#3247 = ADVANCED_FACE ( 'NONE', ( #520 ), #4711, .F. ) ;
#3248 = CARTESIAN_POINT ( 'NONE',  ( 14.95332615155327005, -0.7999999999999994893, 45.20741996025116549 ) ) ;
#3249 = ORIENTED_EDGE ( 'NONE', *, *, #6411, .F. ) ;
#3250 = CARTESIAN_POINT ( 'NONE',  ( -5.963819923278691704, -3.000000000000010658, 66.63738080399183161 ) ) ;
#3251 = LINE ( 'NONE', #7310, #7517 ) ;
#3252 = CARTESIAN_POINT ( 'NONE',  ( -11.41992022309379529, -3.000000000000010658, -64.46282546920497225 ) ) ;
#3253 = CARTESIAN_POINT ( 'NONE',  ( 1.999999999999998224, -0.8000000000000000444, -52.00000000000000711 ) ) ;
#3254 = CARTESIAN_POINT ( 'NONE',  ( -7.533123011820720194, -3.000000000000010658, 65.83467889267632245 ) ) ;
#3255 = CARTESIAN_POINT ( 'NONE',  ( 8.440601720656163209, 5.555325357465020265E-15, 64.23423687446924646 ) ) ;
#3256 = CARTESIAN_POINT ( 'NONE',  ( 16.96514952054313241, -3.599999999999999645, -54.15772832449263774 ) ) ;
#3257 = ORIENTED_EDGE ( 'NONE', *, *, #3605, .F. ) ;
#3258 = DIRECTION ( 'NONE',  ( 0.9886829206582451457, -0.000000000000000000, 0.1500202732922527038 ) ) ;
#3259 = EDGE_CURVE ( 'NONE', #4157, #3912, #2394, .T. ) ;
#3260 = LINE ( 'NONE', #4323, #1581 ) ;
#3261 = CARTESIAN_POINT ( 'NONE',  ( 11.36494040057730714, -3.400000000000003020, -63.99356348530678673 ) ) ;
#3262 = CARTESIAN_POINT ( 'NONE',  ( 13.67959696648816070, -2.000000000000000000, -62.42548451312071478 ) ) ;
#3263 = CARTESIAN_POINT ( 'NONE',  ( -17.30000077751589771, -3.599999999999999645, 30.60290637805276859 ) ) ;
#3264 = CARTESIAN_POINT ( 'NONE',  ( 17.29999557777432528, -3.600000000000000089, 30.40139866794953605 ) ) ;
#3265 = EDGE_LOOP ( 'NONE', ( #2671, #5640, #3997, #4056 ) ) ;
#3266 = CARTESIAN_POINT ( 'NONE',  ( 4.731063561997292943, -3.000000000000010214, 66.86152428747588772 ) ) ;
#3267 = CARTESIAN_POINT ( 'NONE',  ( -5.514862244862731799, -0.8000000000000000444, 65.60403422103841820 ) ) ;
#3268 = CARTESIAN_POINT ( 'NONE',  ( 3.123514236527307197, -3.000000000000010658, -67.23125090439643259 ) ) ;
#3269 = CARTESIAN_POINT ( 'NONE',  ( 10.75318024185650856, -3.000000000000010214, 62.30197345387041707 ) ) ;
#3270 = CARTESIAN_POINT ( 'NONE',  ( 11.26298467316425622, -1.779949199897996825, -52.33897240840828857 ) ) ;
#3271 = AXIS2_PLACEMENT_3D ( 'NONE', #1044, #6378, #7390 ) ;
#3272 = CARTESIAN_POINT ( 'NONE',  ( -8.323186933087805883, -0.03847424937139368173, 64.32015576009325741 ) ) ;
#3273 = CARTESIAN_POINT ( 'NONE',  ( 2.493048888888476089, -0.8000000000000000444, 66.00877745558300091 ) ) ;
#3274 = CARTESIAN_POINT ( 'NONE',  ( 17.29162975839312821, -3.600000000000000533, -47.92400848812336989 ) ) ;
#3275 = AXIS2_PLACEMENT_3D ( 'NONE', #2802, #6903, #6238 ) ;
#3276 = FACE_OUTER_BOUND ( 'NONE', #6246, .T. ) ;
#3277 = CARTESIAN_POINT ( 'NONE',  ( 9.805709841065905152, 5.642220516650196346E-15, 62.46433728590190526 ) ) ;
#3278 = CARTESIAN_POINT ( 'NONE',  ( 10.61098078371785824, -3.600000000000001421, -64.26357817487578927 ) ) ;
#3279 = CARTESIAN_POINT ( 'NONE',  ( -17.71133067627267721, -3.000000000000010214, -53.26986441110881998 ) ) ;
#3280 = CARTESIAN_POINT ( 'NONE',  ( -6.228958129807264044, 5.748019969482521321E-15, 66.12409944019323405 ) ) ;
#3281 = CARTESIAN_POINT ( 'NONE',  ( -10.47226501828104261, -3.600000000000000089, -64.35109221186947082 ) ) ;
#3282 = FACE_OUTER_BOUND ( 'NONE', #6532, .T. ) ;
#3283 = CARTESIAN_POINT ( 'NONE',  ( 14.27112109989121258, -0.7999999999999942712, 42.53260195417546896 ) ) ;
#3284 = CARTESIAN_POINT ( 'NONE',  ( 13.91029274492492540, 5.631865363605008934E-15, 53.31202381887874253 ) ) ;
#3285 = CARTESIAN_POINT ( 'NONE',  ( 17.88228011206854617, -3.000000000000010214, -46.06997351783184058 ) ) ;
#3286 = CARTESIAN_POINT ( 'NONE',  ( 12.07379364281654510, -0.7999999999999999334, 56.21510657036507297 ) ) ;
#3287 = AXIS2_PLACEMENT_3D ( 'NONE', #491, #4545, #3403 ) ;
#3288 = ORIENTED_EDGE ( 'NONE', *, *, #1695, .F. ) ;
#3289 = AXIS2_PLACEMENT_3D ( 'NONE', #6854, #2129, #7381 ) ;
#3290 = CARTESIAN_POINT ( 'NONE',  ( -9.810991031444471488, 5.594558162096014737E-15, 62.45911790763744875 ) ) ;
#3291 = DIRECTION ( 'NONE',  ( -0.000000000000000000, -1.000000000000000000, -0.000000000000000000 ) ) ;
#3292 = CARTESIAN_POINT ( 'NONE',  ( -17.85574020768672554, -3.600000000000000089, 11.10922738596742043 ) ) ;
#3293 = CARTESIAN_POINT ( 'NONE',  ( 4.914238823681857049, -3.000000000000010658, 66.87645546539515351 ) ) ;
#3294 = ADVANCED_FACE ( 'NONE', ( #2825 ), #3818, .F. ) ;
#3295 = AXIS2_PLACEMENT_3D ( 'NONE', #7427, #1570, #4394 ) ;
#3296 = AXIS2_PLACEMENT_3D ( 'NONE', #1617, #1083, #5731 ) ;
#3297 = LINE ( 'NONE', #6302, #7542 ) ;
#3298 = CARTESIAN_POINT ( 'NONE',  ( -3.625583135075104657, -3.000000000000010658, 66.87625928021003574 ) ) ;
#3299 = CARTESIAN_POINT ( 'NONE',  ( 10.90105778106597079, 5.639769865293810218E-15, 60.67707302299614014 ) ) ;
#3300 = EDGE_LOOP ( 'NONE', ( #6117, #6481, #1273, #7528 ) ) ;
#3301 = CARTESIAN_POINT ( 'NONE',  ( 12.82622331948459404, -3.600000000000000089, -62.36016264286966049 ) ) ;
#3302 = DIRECTION ( 'NONE',  ( -4.872133380463056916E-10, -0.000000000000000000, 1.000000000000000000 ) ) ;
#3303 = DIRECTION ( 'NONE',  ( 2.490616585789864401E-08, 0.000000000000000000, -0.9999999999999996669 ) ) ;
#3304 = CARTESIAN_POINT ( 'NONE',  ( -12.52846585822794800, -0.7999999999999960476, 51.40738846521730920 ) ) ;
#3305 = ORIENTED_EDGE ( 'NONE', *, *, #4054, .F. ) ;
#3306 = CARTESIAN_POINT ( 'NONE',  ( 3.618658000486369986, -3.000000000000011102, 66.87631009380382352 ) ) ;
#3307 = CARTESIAN_POINT ( 'NONE',  ( -5.889096828320308674, -0.8000000000000001554, 65.39517812280898568 ) ) ;
#3308 = CARTESIAN_POINT ( 'NONE',  ( 10.04986854683691888, -3.600000000000001421, -64.61142912806897698 ) ) ;
#3309 = CARTESIAN_POINT ( 'NONE',  ( 16.08348816875795961, -3.000000000000010658, 48.82678569250368383 ) ) ;
#3310 = EDGE_CURVE ( 'NONE', #44, #6913, #6076, .T. ) ;
#3311 = LINE ( 'NONE', #5014, #6722 ) ;
#3312 = CARTESIAN_POINT ( 'NONE',  ( -7.853882644766367882, -0.03847905943650423849, 64.80029648264060427 ) ) ;
#3313 = DIRECTION ( 'NONE',  ( 0.000000000000000000, -1.000000000000000000, 0.000000000000000000 ) ) ;
#3314 = CARTESIAN_POINT ( 'NONE',  ( -4.002948811653866734, 5.482053952268561311E-15, 66.79995493046345700 ) ) ;
#3315 = CARTESIAN_POINT ( 'NONE',  ( 14.59049523501174583, 5.606479186552951271E-15, 50.87945667720352105 ) ) ;
#3316 = CARTESIAN_POINT ( 'NONE',  ( 10.77251964606497658, -3.600000000000000089, -64.16142803797809790 ) ) ;
#3317 = FACE_OUTER_BOUND ( 'NONE', #7053, .T. ) ;
#3318 = CARTESIAN_POINT ( 'NONE',  ( -6.565003511640219891, 5.816641404430275514E-15, 65.91274863827129593 ) ) ;
#3319 = EDGE_CURVE ( 'NONE', #5167, #4328, #2341, .T. ) ;
#3320 = CARTESIAN_POINT ( 'NONE',  ( -5.946538354231289958, -3.600000000000000089, -66.24185951313322107 ) ) ;
#3321 = CARTESIAN_POINT ( 'NONE',  ( 12.40168932335710039, -0.7999999999949389817, 55.35377094314822699 ) ) ;
#3322 = CARTESIAN_POINT ( 'NONE',  ( 14.47579801413086464, 1.800000000000000044, -64.92304473782995444 ) ) ;
#3323 = CARTESIAN_POINT ( 'NONE',  ( 13.96599453841361438, -0.7999999999999998224, 50.07944974683380224 ) ) ;
#3324 = ORIENTED_EDGE ( 'NONE', *, *, #6948, .T. ) ;
#3325 = CARTESIAN_POINT ( 'NONE',  ( -12.43069247669452437, 5.500921153673728437E-15, 57.47779975073216008 ) ) ;
#3326 = DIRECTION ( 'NONE',  ( 0.000000000000000000, 0.000000000000000000, -1.000000000000000000 ) ) ;
#3327 = CARTESIAN_POINT ( 'NONE',  ( -1.024894254304953733, -2.000000000000000000, -67.25443076656914343 ) ) ;
#3328 = CARTESIAN_POINT ( 'NONE',  ( 11.14623875234426009, -0.7999999999999921618, 55.70337569690200041 ) ) ;
#3329 = CARTESIAN_POINT ( 'NONE',  ( 16.52086619302191295, -0.2791337902319959152, 32.00004612278678451 ) ) ;
#3330 = DIRECTION ( 'NONE',  ( 0.000000000000000000, -1.000000000000000000, -0.000000000000000000 ) ) ;
#3331 = CARTESIAN_POINT ( 'NONE',  ( 3.978553598494614096, -0.7999999999999997113, 65.14939534861876780 ) ) ;
#3332 = CARTESIAN_POINT ( 'NONE',  ( -4.914238823687177238, -3.000000000000010658, 66.87645546539475561 ) ) ;
#3333 = CARTESIAN_POINT ( 'NONE',  ( 7.109717739448468521, 5.121165485899835859E-15, 65.51087946239054816 ) ) ;
#3334 = CARTESIAN_POINT ( 'NONE',  ( 17.25905211519970095, -3.600000000000000533, -50.48363661300082583 ) ) ;
#3335 = CARTESIAN_POINT ( 'NONE',  ( 13.34541873061425044, -3.000000000000009326, -62.68265085687733773 ) ) ;
#3336 = PLANE ( 'NONE',  #6090 ) ;
#3337 = EDGE_CURVE ( 'NONE', #4525, #6568, #4035, .T. ) ;
#3338 = CARTESIAN_POINT ( 'NONE',  ( -17.89496862954178269, -3.000000000000010658, 29.08191001520991037 ) ) ;
#3339 = DIRECTION ( 'NONE',  ( 0.000000000000000000, -1.000000000000000000, 0.000000000000000000 ) ) ;
#3340 = ORIENTED_EDGE ( 'NONE', *, *, #3090, .T. ) ;
#3341 = CARTESIAN_POINT ( 'NONE',  ( -7.598690881996901680, -0.7999999999999996003, 63.96977216283308820 ) ) ;
#3342 = CARTESIAN_POINT ( 'NONE',  ( 6.833708192014846361, -3.599999999999999201, -66.00866208467616048 ) ) ;
#3343 = CARTESIAN_POINT ( 'NONE',  ( 7.533123011813357195, -3.000000000000010658, 65.83467889268183626 ) ) ;
#3344 = VERTEX_POINT ( 'NONE', #1137 ) ;
#3345 = DIRECTION ( 'NONE',  ( 0.000000000000000000, -1.000000000000000000, 0.000000000000000000 ) ) ;
#3346 = DIRECTION ( 'NONE',  ( -0.000000000000000000, -1.000000000000000000, -0.000000000000000000 ) ) ;
#3347 = CARTESIAN_POINT ( 'NONE',  ( 11.91961845896357453, 5.580053465445419848E-15, 58.63843679395775155 ) ) ;
#3348 = CARTESIAN_POINT ( 'NONE',  ( 4.685947122469665160, -3.600000000000000089, -66.47881891018903389 ) ) ;
#3349 = DIRECTION ( 'NONE',  ( 0.9886829206582452567, 0.000000000000000000, 0.1500202732922515103 ) ) ;
#3350 = EDGE_CURVE ( 'NONE', #3828, #3566, #4839, .T. ) ;
#3351 = CARTESIAN_POINT ( 'NONE',  ( -9.241971540669952745, 5.535932148601256939E-15, 63.25943229643933563 ) ) ;
#3352 = CARTESIAN_POINT ( 'NONE',  ( -0.3830980150340434487, -3.599999999999999645, -66.65557236505507888 ) ) ;
#3353 = CARTESIAN_POINT ( 'NONE',  ( 16.76152234977944389, -0.03847763108036426905, 32.00001218579203766 ) ) ;
#3354 = FACE_OUTER_BOUND ( 'NONE', #4945, .T. ) ;
#3355 = CARTESIAN_POINT ( 'NONE',  ( 6.612972496811194034, -0.8000000000000008216, 64.88376801407592609 ) ) ;
#3356 = VERTEX_POINT ( 'NONE', #1102 ) ;
#3357 = CARTESIAN_POINT ( 'NONE',  ( -8.330322574902552901, 5.878555844112106852E-15, 64.35812068768272809 ) ) ;
#3358 = DIRECTION ( 'NONE',  ( -0.000000000000000000, -1.000000000000000000, -0.000000000000000000 ) ) ;
#3359 = CARTESIAN_POINT ( 'NONE',  ( -16.76152241006122168, -0.03847763130518479929, 32.00041106728435381 ) ) ;
#3360 = CARTESIAN_POINT ( 'NONE',  ( -17.24906972655715975, -3.600000000000000977, -51.04511913429424652 ) ) ;
#3361 = CARTESIAN_POINT ( 'NONE',  ( 4.914238823681857049, -2.000000000000000000, 66.87645546539515351 ) ) ;
#3362 = FACE_OUTER_BOUND ( 'NONE', #1604, .T. ) ;
#3363 = FACE_OUTER_BOUND ( 'NONE', #3122, .T. ) ;
#3364 = CARTESIAN_POINT ( 'NONE',  ( 9.171602439106052884, 5.830361406617041877E-15, 63.34982512365026963 ) ) ;
#3365 = B_SPLINE_CURVE_WITH_KNOTS ( 'NONE', 3,
 ( #6112, #3143, #2060, #886, #851, #4317, #4884, #6673, #340 ),
 .UNSPECIFIED., .F., .F.,
 ( 4, 1, 1, 1, 1, 1, 4 ),
 ( 0.000000000000000000, 0.06249999999999994449, 0.1250000000000000000, 0.2500000000000000000, 0.5000000000000000000, 0.7500000000000000000, 1.000000000000000000 ),
 .UNSPECIFIED. ) ;
#3366 = CARTESIAN_POINT ( 'NONE',  ( 17.26138815792506875, -3.600000000000000533, -50.35256308357982391 ) ) ;
#3367 = EDGE_CURVE ( 'NONE', #3995, #4852, #3490, .T. ) ;
#3368 = EDGE_LOOP ( 'NONE', ( #4032, #1230, #2893, #1843 ) ) ;
#3369 = CARTESIAN_POINT ( 'NONE',  ( 17.12073418711307937, -3.600000000000000533, -53.15757604538824665 ) ) ;
#3370 = CARTESIAN_POINT ( 'NONE',  ( 6.626292988033621434, 0.000000000000000000, 68.02051128489466691 ) ) ;
#3371 = DIRECTION ( 'NONE',  ( 0.000000000000000000, -1.000000000000000000, 0.000000000000000000 ) ) ;
#3372 = CARTESIAN_POINT ( 'NONE',  ( 15.99987980473437155, -0.8000000000000000444, 64.92312335697373271 ) ) ;
#3373 = CARTESIAN_POINT ( 'NONE',  ( -17.29909188899538819, -3.600000000000000977, 29.49796603519924432 ) ) ;
#3374 = CARTESIAN_POINT ( 'NONE',  ( -17.35604047676861228, -2.000000000000000000, 46.58436851558501957 ) ) ;
#3375 = VECTOR ( 'NONE', #671, 999.9999999999998863 ) ;
#3376 = ORIENTED_EDGE ( 'NONE', *, *, #5545, .T. ) ;
#3377 = CARTESIAN_POINT ( 'NONE',  ( -9.321850518213674164, -0.8000000000000013767, 61.75112016737006826 ) ) ;
#3378 = EDGE_CURVE ( 'NONE', #5860, #2175, #2624, .T. ) ;
#3379 = CARTESIAN_POINT ( 'NONE',  ( 9.890632788821278609, -3.600000000000000533, -64.70482564102306355 ) ) ;
#3380 = FACE_OUTER_BOUND ( 'NONE', #4874, .T. ) ;
#3381 = CARTESIAN_POINT ( 'NONE',  ( -11.42852711147549094, -3.600000000000000089, 60.04030292056847173 ) ) ;
#3382 = TOROIDAL_SURFACE ( 'NONE', #327, 4.378679656440377599, 1.500000000000000000 ) ;
#3383 = VERTEX_POINT ( 'NONE', #589 ) ;
#3384 = ORIENTED_EDGE ( 'NONE', *, *, #896, .T. ) ;
#3385 = DIRECTION ( 'NONE',  ( 0.9999999999999769074, 0.000000000000000000, -2.146580668059882089E-07 ) ) ;
#3386 = CARTESIAN_POINT ( 'NONE',  ( 1.999999999999999556, -2.000000000000000000, -70.00000000000000000 ) ) ;
#3387 = CARTESIAN_POINT ( 'NONE',  ( 2.000000000000000444, 0.000000000000000000, -66.80000000000001137 ) ) ;
#3388 = CARTESIAN_POINT ( 'NONE',  ( -8.973792646235494885, 5.739770445247989175E-15, 63.60559306430259596 ) ) ;
#3389 = DIRECTION ( 'NONE',  ( -0.1816481689909171804, 0.000000000000000000, -0.9833635862193836896 ) ) ;
#3390 = CARTESIAN_POINT ( 'NONE',  ( 10.84461963305264476, -0.03847797004139141136, 60.70700831945800502 ) ) ;
#3391 = CARTESIAN_POINT ( 'NONE',  ( -7.648846391068539141, -3.599999999999998757, 64.98516264557655120 ) ) ;
#3392 = CARTESIAN_POINT ( 'NONE',  ( 7.739725963870821346, -0.7999999999999999334, 63.81681580794179354 ) ) ;
#3393 = VERTEX_POINT ( 'NONE', #2852 ) ;
#3394 = FACE_OUTER_BOUND ( 'NONE', #1729, .T. ) ;
#3395 = CARTESIAN_POINT ( 'NONE',  ( -10.91180766324093199, -3.599999999999999201, -64.07192262231173174 ) ) ;
#3396 = CARTESIAN_POINT ( 'NONE',  ( -17.91365972041676002, -1.999999999999999112, 33.87934408626165350 ) ) ;
#3397 = PLANE ( 'NONE',  #3514 ) ;
#3398 = CARTESIAN_POINT ( 'NONE',  ( -11.61597746063123004, -3.000000000000010658, -64.30498037198057659 ) ) ;
#3399 = VECTOR ( 'NONE', #3882, 1000.000000000000000 ) ;
#3400 = PLANE ( 'NONE',  #852 ) ;
#3401 = VECTOR ( 'NONE', #6734, 1000.000000000000000 ) ;
#3402 = CARTESIAN_POINT ( 'NONE',  ( 3.981677154684698294, -0.6936907246335731747, 65.67837016037704245 ) ) ;
#3403 = DIRECTION ( 'NONE',  ( 0.000000000000000000, 0.000000000000000000, -1.000000000000000000 ) ) ;
#3404 = CARTESIAN_POINT ( 'NONE',  ( 5.046081600817844404, 5.676749311375012091E-15, 66.64730897838632018 ) ) ;
#3405 = CARTESIAN_POINT ( 'NONE',  ( 17.27028464259948137, -3.600000000000000533, -49.84038613800291273 ) ) ;
#3406 = CARTESIAN_POINT ( 'NONE',  ( 16.40578755784442677, -3.000000000000010658, -57.97220647203529609 ) ) ;
#3407 = CARTESIAN_POINT ( 'NONE',  ( 17.85576521892971158, -3.000000000000010658, -43.79026923235565505 ) ) ;
#3408 = AXIS2_PLACEMENT_3D ( 'NONE', #5900, #6959, #7489 ) ;
#3409 = VECTOR ( 'NONE', #4854, 1000.000000000000000 ) ;
#3410 = EDGE_CURVE ( 'NONE', #5870, #6568, #7532, .T. ) ;
#3411 = PLANE ( 'NONE',  #1672 ) ;
#3412 = CARTESIAN_POINT ( 'NONE',  ( -2.462708275322706530, -3.600000000000000977, 66.27631731296662565 ) ) ;
#3413 = CARTESIAN_POINT ( 'NONE',  ( 11.61597746056947678, -3.600000000000000089, -64.30498037203024353 ) ) ;
#3414 = CARTESIAN_POINT ( 'NONE',  ( 3.119047835464243690, -0.8000000000000002665, 66.00511129252886633 ) ) ;
#3415 = VERTEX_POINT ( 'NONE', #4529 ) ;
#3416 = DIRECTION ( 'NONE',  ( -4.190440943964895584E-07, 0.000000000000000000, 0.9999999999999121814 ) ) ;
#3417 = CARTESIAN_POINT ( 'NONE',  ( -9.434788013855467170, -0.8000000000000003775, 61.57620566894176051 ) ) ;
#3418 = CARTESIAN_POINT ( 'NONE',  ( 11.15788581585530714, -3.000000000000010214, -64.62734209540126074 ) ) ;
#3419 = CARTESIAN_POINT ( 'NONE',  ( -14.63767413600854539, -0.03847794713000691341, 50.55028834346395428 ) ) ;
#3420 = CARTESIAN_POINT ( 'NONE',  ( -12.85668529207179667, -3.600000000000000089, 57.07465764831385258 ) ) ;
#3421 = CARTESIAN_POINT ( 'NONE',  ( 17.27343069416806287, -3.599999999999998312, 14.62653771532820812 ) ) ;
#3422 = ORIENTED_EDGE ( 'NONE', *, *, #2218, .F. ) ;
#3423 = CARTESIAN_POINT ( 'NONE',  ( -4.099816661534820383, -0.03847661128935823266, 66.75914831569360786 ) ) ;
#3424 = ORIENTED_EDGE ( 'NONE', *, *, #1991, .T. ) ;
#3425 = CARTESIAN_POINT ( 'NONE',  ( -17.26872848183403519, -3.600000000000000533, -45.19159702071122098 ) ) ;
#3426 = DIRECTION ( 'NONE',  ( -0.000000000000000000, -1.000000000000000000, -0.000000000000000000 ) ) ;
#3427 = CARTESIAN_POINT ( 'NONE',  ( -3.810036809055219464, -3.600000000000000089, -18.31544157814134977 ) ) ;
#3428 = CARTESIAN_POINT ( 'NONE',  ( -16.60602815925752296, 5.658817412091302989E-15, 37.85218660199941354 ) ) ;
#3429 = CARTESIAN_POINT ( 'NONE',  ( -1.143434187168413940, -3.600000000000000089, -66.66100128738064257 ) ) ;
#3430 = CARTESIAN_POINT ( 'NONE',  ( 6.508991260682218893, -0.7999999999999849454, 63.54319259680612930 ) ) ;
#3431 = DIRECTION ( 'NONE',  ( -1.000000000000000000, 0.000000000000000000, 0.000000000000000000 ) ) ;
#3432 = CARTESIAN_POINT ( 'NONE',  ( 15.28392070053548757, -3.600000000000001865, 49.59227988210680138 ) ) ;
#3433 = CARTESIAN_POINT ( 'NONE',  ( 6.384225669921166357, -0.8000000000000001554, 65.05843982425595584 ) ) ;
#3434 = ORIENTED_EDGE ( 'NONE', *, *, #6858, .F. ) ;
#3435 = CARTESIAN_POINT ( 'NONE',  ( -10.82315643578693098, 5.621355446065787695E-15, 60.80970523941697792 ) ) ;
#3436 = VERTEX_POINT ( 'NONE', #1631 ) ;
#3437 = DIRECTION ( 'NONE',  ( 0.000000000000000000, -1.000000000000000000, 0.000000000000000000 ) ) ;
#3438 = CARTESIAN_POINT ( 'NONE',  ( -14.25575799097778784, -3.100000000000033840, 24.85011359384848362 ) ) ;
#3439 = CARTESIAN_POINT ( 'NONE',  ( 1.111312010105406367, -3.599999999999999645, -66.66077926953680333 ) ) ;
#3440 = CARTESIAN_POINT ( 'NONE',  ( -17.20768873045380687, -3.600000000000000977, -52.23382523540981026 ) ) ;
#3441 = CARTESIAN_POINT ( 'NONE',  ( -17.90562093160186308, -2.000000000000000000, 24.29012115732118104 ) ) ;
#3442 = CARTESIAN_POINT ( 'NONE',  ( -6.491041522454002788, -1.779949199898000378, -26.79298605861921700 ) ) ;
#3443 = CARTESIAN_POINT ( 'NONE',  ( 6.818494877999150106, 5.721226842440161210E-15, 65.73200809829535274 ) ) ;
#3444 = FACE_OUTER_BOUND ( 'NONE', #1057, .T. ) ;
#3445 = CARTESIAN_POINT ( 'NONE',  ( 17.25803915488293327, -3.600000000000000533, -50.54039051589089127 ) ) ;
#3446 = CARTESIAN_POINT ( 'NONE',  ( -18.59999999999998721, -2.000000000000000000, 32.00001899343997991 ) ) ;
#3447 = EDGE_CURVE ( 'NONE', #464, #4473, #1176, .T. ) ;
#3448 = LINE ( 'NONE', #7470, #3751 ) ;
#3449 = CARTESIAN_POINT ( 'NONE',  ( 14.25575799097778784, -1.499999999999999556, 24.85011359384848717 ) ) ;
#3450 = DIRECTION ( 'NONE',  ( -0.9833635862193835786, -0.000000000000000000, 0.1816481689909171804 ) ) ;
#3451 = CARTESIAN_POINT ( 'NONE',  ( 12.03910224246614113, -2.000000000000000444, 60.33187935687926284 ) ) ;
#3452 = ORIENTED_EDGE ( 'NONE', *, *, #2568, .F. ) ;
#3453 = CARTESIAN_POINT ( 'NONE',  ( 7.979538879736429280, -3.000000000000011102, -66.25866855169658720 ) ) ;
#3454 = CARTESIAN_POINT ( 'NONE',  ( -9.241720717223932624, -0.03847700059717675675, 63.20184862633971079 ) ) ;
#3455 = CARTESIAN_POINT ( 'NONE',  ( -12.31805157914976867, -3.600000000000000533, 58.28523600241035041 ) ) ;
#3456 = CARTESIAN_POINT ( 'NONE',  ( 17.28160497702198839, -3.600000000000000089, 16.22126583301329461 ) ) ;
#3457 = ORIENTED_EDGE ( 'NONE', *, *, #4146, .F. ) ;
#3458 = CARTESIAN_POINT ( 'NONE',  ( -17.28028426712887367, -3.600000000000000533, -49.17942030631467532 ) ) ;
#3459 = DIRECTION ( 'NONE',  ( 0.000000000000000000, -1.000000000000000000, 0.000000000000000000 ) ) ;
#3460 = CARTESIAN_POINT ( 'NONE',  ( -17.85576521892979684, -3.000000000000010658, -43.79026923239790392 ) ) ;
#3461 = CARTESIAN_POINT ( 'NONE',  ( -12.43069247669452437, 5.500921153673728437E-15, 57.47779975073216008 ) ) ;
#3462 = CARTESIAN_POINT ( 'NONE',  ( -15.74794019790902411, -3.600000000000001865, 47.58430673660467392 ) ) ;
#3463 = CARTESIAN_POINT ( 'NONE',  ( -0.3769957015072792905, -3.600000000000000533, -66.65553888948915073 ) ) ;
#3464 = CARTESIAN_POINT ( 'NONE',  ( 10.73104242607644565, -0.7999999999971236786, 59.27932021289728226 ) ) ;
#3465 = CARTESIAN_POINT ( 'NONE',  ( 17.29834864714705844, -3.600000000000000533, 31.43703358892011579 ) ) ;
#3466 = CARTESIAN_POINT ( 'NONE',  ( -16.76185459904890251, -0.03847766142950449775, 33.55301560264553729 ) ) ;
#3467 = CARTESIAN_POINT ( 'NONE',  ( 6.363067535890382764, -0.8000000000000003775, 65.07397639613898832 ) ) ;
#3468 = EDGE_CURVE ( 'NONE', #3616, #3772, #6954, .T. ) ;
#3469 = ORIENTED_EDGE ( 'NONE', *, *, #1346, .F. ) ;
#3470 = CARTESIAN_POINT ( 'NONE',  ( -5.208870296483265605, 5.610504982638059577E-15, 66.59643628560556294 ) ) ;
#3471 = CARTESIAN_POINT ( 'NONE',  ( 6.275972831612008029, 5.178070607509007643E-15, 66.09684532877916752 ) ) ;
#3472 = CARTESIAN_POINT ( 'NONE',  ( -17.91365972041676002, -3.000000000000010658, 33.87934408626165350 ) ) ;
#3473 = CARTESIAN_POINT ( 'NONE',  ( 7.912984221117341121, -3.600300000945172219, -49.63897252795809578 ) ) ;
#3474 = CARTESIAN_POINT ( 'NONE',  ( -17.89666249622122507, -2.000000000000000000, 18.29875972306133036 ) ) ;
#3475 = ADVANCED_FACE ( 'NONE', ( #3961 ), #1740, .F. ) ;
#3476 = CARTESIAN_POINT ( 'NONE',  ( 6.334252358340940248, 5.540623687794085193E-15, 66.06086587592254489 ) ) ;
#3477 = CYLINDRICAL_SURFACE ( 'NONE', #3271, 1.449999999999999956 ) ;
#3478 = CARTESIAN_POINT ( 'NONE',  ( 17.21358821655815774, -3.599999999999999645, -52.14061762318728199 ) ) ;
#3479 = DIRECTION ( 'NONE',  ( 0.000000000000000000, 0.000000000000000000, -1.000000000000000000 ) ) ;
#3480 = B_SPLINE_CURVE_WITH_KNOTS ( 'NONE', 2,
 ( #761, #4305, #6098, #183, #3057, #4276, #6628, #1369, #6519, #2429, #6025, #870, #5380, #1329, #142, #7079, #6059, #4795, #1290, #3202, #835, #5489, #3093, #3614, #3736, #4760, #4909, #5946, #720, #4872, #6595, #7119, #3696 ),
 .UNSPECIFIED., .F., .F.,
 ( 3, 1, 1, 1, 1, 1, 1, 1, 1, 1, 1, 1, 1, 1, 1, 1, 1, 1, 1, 1, 1, 1, 1, 1, 1, 1, 1, 1, 1, 1, 1, 3 ),
 ( -5.009443458232360559E-07, 0.1874995929827190100, 0.2812496399462514618, 0.3281246634280176599, 0.3593746790825284587, 0.3906246947370393130, 0.4218747103915501118, 0.4531247260460609105, 0.4843747417005717093, 0.5156247573550825081, 0.5468747730095934179, 0.5781247886641042166, 0.6093748043186150154, 0.6406248199731258142, 0.6718748356276366129, 0.7031248512821474117, 0.7343748669366582105, 0.7578123786775412540, 0.7734373865047967644, 0.7890623943320520528, 0.8046874021593075632, 0.8203124099865628516, 0.8359374178138183620, 0.8515624256410736503, 0.8671874334683291607, 0.8828124412955844491, 0.8984374491228399595, 0.9140624569500952479, 0.9296874647773507583, 0.9453124726046060466, 0.9609374804318615571, 1.000000000000000000 ),
 .UNSPECIFIED. ) ;
#3481 = CARTESIAN_POINT ( 'NONE',  ( 16.80000000000000071, 5.637851296924623057E-15, -52.00000000000001421 ) ) ;
#3482 = DIRECTION ( 'NONE',  ( 4.190440943964895054E-07, 0.000000000000000000, -0.9999999999999121814 ) ) ;
#3483 = CARTESIAN_POINT ( 'NONE',  ( -16.84003432361661723, -2.000000000000000000, 49.19182292816817181 ) ) ;
#3484 = EDGE_LOOP ( 'NONE', ( #6613, #6778, #5222, #2875, #2095 ) ) ;
#3485 = CARTESIAN_POINT ( 'NONE',  ( 11.65193466773164843, 5.605909051848336389E-15, 59.21070294933961975 ) ) ;
#3486 = CARTESIAN_POINT ( 'NONE',  ( 7.004402065714331549, -3.000000000000009770, -66.58389121520249887 ) ) ;
#3487 = DIRECTION ( 'NONE',  ( 0.000000000000000000, -1.000000000000000000, 0.000000000000000000 ) ) ;
#3488 = CARTESIAN_POINT ( 'NONE',  ( -15.08746383028140770, -3.599999999999999645, 50.37556566455445761 ) ) ;
#3489 = CARTESIAN_POINT ( 'NONE',  ( 17.28237853300541715, -3.600000000000000089, 16.37891267564232223 ) ) ;
#3490 = CIRCLE ( 'NONE', #4828, 5.860660171779850991 ) ;
#3491 = CARTESIAN_POINT ( 'NONE',  ( -5.086553409918391111, -0.8000000000006173284, 65.79130773193409709 ) ) ;
#3492 = CARTESIAN_POINT ( 'NONE',  ( -3.946979574345012232, -0.03847763108495909357, 66.76208553967207138 ) ) ;
#3493 = ORIENTED_EDGE ( 'NONE', *, *, #428, .F. ) ;
#3494 = CARTESIAN_POINT ( 'NONE',  ( -17.25890816205484057, -3.600000000000001421, -44.41715589550651799 ) ) ;
#3495 = DIRECTION ( 'NONE',  ( 1.130782554152743995E-30, 1.000000000000000000, -1.577721810442023611E-30 ) ) ;
#3496 = CARTESIAN_POINT ( 'NONE',  ( -17.85212221966163781, -2.000000000000000000, -50.85173671083423130 ) ) ;
#3497 = CARTESIAN_POINT ( 'NONE',  ( -12.81995570936076057, 5.729981269890534351E-15, 56.49919977945418736 ) ) ;
#3498 = CARTESIAN_POINT ( 'NONE',  ( -0.9010430736709813537, -3.600000000000000533, -66.65922894093230866 ) ) ;
#3499 = CARTESIAN_POINT ( 'NONE',  ( 6.302620919322265536, -0.7999999999999849454, 63.73908988528373243 ) ) ;
#3500 = CARTESIAN_POINT ( 'NONE',  ( -9.474626210057943254, -3.599999999999999645, 63.04269737549189756 ) ) ;
#3501 = CARTESIAN_POINT ( 'NONE',  ( 15.83377142391003467, -3.600000000000000533, 47.12023898986475245 ) ) ;
#3502 = CARTESIAN_POINT ( 'NONE',  ( 8.536003750490626985, -0.8000000000000000444, 62.86400393639263484 ) ) ;
#3503 = AXIS2_PLACEMENT_3D ( 'NONE', #4476, #5007, #5655 ) ;
#3504 = CARTESIAN_POINT ( 'NONE',  ( -6.191101049360025144, 5.092253300063170464E-15, 66.14634884394430969 ) ) ;
#3505 = CARTESIAN_POINT ( 'NONE',  ( 5.180370055272140561, 5.228282035940593820E-15, 66.60575169034218845 ) ) ;
#3506 = CARTESIAN_POINT ( 'NONE',  ( -10.18823856833622976, -3.000000000000009770, -65.22583077806480389 ) ) ;
#3507 = CARTESIAN_POINT ( 'NONE',  ( -7.533123011820720194, -1.999999999999999112, 65.83467889267632245 ) ) ;
#3508 = CARTESIAN_POINT ( 'NONE',  ( -16.75313337910713685, -3.600000000000001421, -55.10593111161232116 ) ) ;
#3509 = DIRECTION ( 'NONE',  ( 0.000000000000000000, 0.000000000000000000, -1.000000000000000000 ) ) ;
#3510 = VECTOR ( 'NONE', #1984, 1000.000000000000114 ) ;
#3511 = DIRECTION ( 'NONE',  ( 1.652117222604229549E-16, 0.000000000000000000, 1.000000000000000000 ) ) ;
#3512 = CARTESIAN_POINT ( 'NONE',  ( 6.327937416116565572, 5.737943968163458829E-15, 66.06479960712337629 ) ) ;
#3513 = DIRECTION ( 'NONE',  ( 0.000000000000000000, -1.000000000000000000, 0.000000000000000000 ) ) ;
#3514 = AXIS2_PLACEMENT_3D ( 'NONE', #3473, #5644, #7382 ) ;
#3515 = CARTESIAN_POINT ( 'NONE',  ( -17.28262840427761304, -3.600000000000000533, 16.43014445065018592 ) ) ;
#3516 = EDGE_CURVE ( 'NONE', #5694, #4648, #2752, .T. ) ;
#3517 = CARTESIAN_POINT ( 'NONE',  ( 7.533123011813358971, -3.000000000000010658, 65.83467889268183626 ) ) ;
#3518 = VECTOR ( 'NONE', #2404, 1000.000000000000000 ) ;
#3519 = CARTESIAN_POINT ( 'NONE',  ( -3.810036809055219464, -2.100000000000000089, -11.49629160337828715 ) ) ;
#3520 = DIRECTION ( 'NONE',  ( 0.000000000000000000, 1.000000000000000000, 0.000000000000000000 ) ) ;
#3521 = CARTESIAN_POINT ( 'NONE',  ( -4.149695648170013129, -3.600000000000001421, 66.27607866613281828 ) ) ;
#3522 = CARTESIAN_POINT ( 'NONE',  ( -14.60783967260134908, -2.000000000000000000, 56.87443939156161576 ) ) ;
#3523 = EDGE_LOOP ( 'NONE', ( #6587, #6463, #2406, #5819 ) ) ;
#3524 = CARTESIAN_POINT ( 'NONE',  ( 13.65861801424422062, 5.658878806277565346E-15, 54.11618640224367738 ) ) ;
#3525 = CARTESIAN_POINT ( 'NONE',  ( 8.683020892086013021, -3.599999999999999645, 63.98204936405898735 ) ) ;
#3526 = CARTESIAN_POINT ( 'NONE',  ( 10.99827105105264913, -3.000000000000010214, -64.72860576133706445 ) ) ;
#3527 = AXIS2_PLACEMENT_3D ( 'NONE', #1368, #4757, #258 ) ;
#3528 = VECTOR ( 'NONE', #6455, 1000.000000000000000 ) ;
#3529 = CARTESIAN_POINT ( 'NONE',  ( 17.30076349960503279, -3.600000000000000977, 26.10211992815617776 ) ) ;
#3530 = CARTESIAN_POINT ( 'NONE',  ( -6.118588905102995135, -0.03847766955510931869, 66.14400502321308295 ) ) ;
#3531 = ORIENTED_EDGE ( 'NONE', *, *, #3795, .F. ) ;
#3532 = CARTESIAN_POINT ( 'NONE',  ( -17.25577344277024494, -3.600000000000000533, -43.89438430947048886 ) ) ;
#3533 = CARTESIAN_POINT ( 'NONE',  ( 1.303563170264579760E-06, 42.96802058166520766, -52.33897268892602028 ) ) ;
#3534 = CARTESIAN_POINT ( 'NONE',  ( -17.85212221966163781, -3.000000000000010658, -50.85173671083423130 ) ) ;
#3535 = ADVANCED_FACE ( 'NONE', ( #1060 ), #4602, .T. ) ;
#3536 = CARTESIAN_POINT ( 'NONE',  ( -12.59010835749763224, 6.104112654484103129E-15, 57.08773939212619553 ) ) ;
#3537 = CARTESIAN_POINT ( 'NONE',  ( 14.68850212840969682, -3.600000000000000089, 51.83822286883856378 ) ) ;
#3538 = CARTESIAN_POINT ( 'NONE',  ( 11.93034473591586320, -0.03847660266897801745, 58.54070478684024437 ) ) ;
#3539 = CARTESIAN_POINT ( 'NONE',  ( 17.10676147907446421, -3.600000000000000533, 37.39906851851368685 ) ) ;
#3540 = CARTESIAN_POINT ( 'NONE',  ( 4.240412815600512531, -0.8000000000000000444, 65.98817439883410430 ) ) ;
#3541 = CARTESIAN_POINT ( 'NONE',  ( -4.994282141247282425, 5.505378947285243787E-15, 66.66183705000723592 ) ) ;
#3542 = ORIENTED_EDGE ( 'NONE', *, *, #7049, .T. ) ;
#3543 = CARTESIAN_POINT ( 'NONE',  ( 3.997825548661603001, 5.490852506799190580E-15, 66.79996743986518482 ) ) ;
#3544 = CARTESIAN_POINT ( 'NONE',  ( -8.790957879000108832, -3.600000000000000089, -65.27282145180316775 ) ) ;
#3545 = CARTESIAN_POINT ( 'NONE',  ( 0.8445926764301449063, -3.600000000000000533, -66.65879225250017726 ) ) ;
#3546 = ADVANCED_FACE ( 'NONE', ( #6394 ), #633, .T. ) ;
#3547 = CARTESIAN_POINT ( 'NONE',  ( -17.81963028344739897, -3.000000000000010214, -52.03700523152458146 ) ) ;
#3548 = CARTESIAN_POINT ( 'NONE',  ( -3.810036809055219464, -2.299999999999999822, -15.87497125981866475 ) ) ;
#3549 = CARTESIAN_POINT ( 'NONE',  ( 6.503272790544445847, 5.417215934188469638E-15, 65.95205740791672611 ) ) ;
#3550 = VERTEX_POINT ( 'NONE', #5824 ) ;
#3551 = CARTESIAN_POINT ( 'NONE',  ( -4.921878735003034855, -3.599999999999999645, 66.24432633072885324 ) ) ;
#3552 = CARTESIAN_POINT ( 'NONE',  ( -17.28392761121062193, -3.599999999999999645, 16.69988919610541700 ) ) ;
#3553 = CARTESIAN_POINT ( 'NONE',  ( -13.04448017652390845, -2.000000000000000000, 60.47482044098582321 ) ) ;
#3554 = CARTESIAN_POINT ( 'NONE',  ( 17.88724251148755684, -2.000000000000000000, -48.96963389009766132 ) ) ;
#3555 = EDGE_CURVE ( 'NONE', #5428, #5933, #5080, .T. ) ;
#3556 = CARTESIAN_POINT ( 'NONE',  ( 13.50506320071968958, -3.600000000000000089, -61.59360435827947100 ) ) ;
#3557 = B_SPLINE_SURFACE_WITH_KNOTS ( 'NONE', 1, 3, ( 
 ( #5273, #2359, #6341, #4125, #1227, #5150, #648, #525, #65, #4729, #4580, #1119, #2872, #5190, #7504, #2282, #6934, #5953, #1868, #1412, #7127, #3624, #2013, #6069, #1943, #5351, #267, #4313, #6108, #6566, #732, #2512, #6636, #3819, #4031, #6356, #4066, #4993, #996, #7526, #4421, #5638, #2618, #3284, #6142, #921, #4598, #373, #334, #7377, #7305, #7339, #2091, #300, #5783, #543, #2700, #2123, #5528, #4458, #5067, #2890, #5208, #4633, #6971, #1154, #4126, #2552, #5499, #4919, #3788, #6826, #929, #2626, #7314, #3299, #6115, #2747, #1616, #6267, #2709, #4514, #3863, #4430, #1459, #5002, #3942, #888, #3827, #2101, #347, #1043, #3364, #7389, #6750, #3218, #7350, #6676, #1527, #307, #5683, #6193, #5612, #381, #2173, #7273, #3255, #415, #967, #7242, #454, #2064, #5534, #2793, #5037, #2135, #2023, #4961, #6152, #4354, #5572, #4396, #6711, #1493, #2670, #4470, #6786, #1575, #3903, #5650, #6231, #1008, #3333, #5081, #492, #6972, #5766, #5191, #4655, #2210, #650, #1794, #2319, #3443, #2873, #7551, #4086, #6342, #1720, #5878, #612, #6413, #3549, #7505, #5119, #1756, #2831, #1193, #3476, #3512, #5840, #5151, #5233, #4018, #1155, #3978, #1684, #1120, #526, #7430, #6935, #4127, #2284, #6860, #2950, #5276, #4617, #1648, #5803, #4055, #6377, #563, #30, #2910, #2243, #2361, #4689, #7009, #6453, #1228, #4546, #1081, #6305, #3404, #5729, #7466, #4581, #6897, #4880, #3139, #4802, #3101, #7166, #3065, #1340, #233, #5426, #3744, #3707, #191, #5314, #5352, #1262, #4242, #4165, #4841, #1377, #3627, #150, #6489, #6567, #809, #5955, #7052, #6604, #6071, #2553, #4314, #1980, #2514, #2476, #5915, #3666, #7205, #4730, #1836, #3584, #6531, #6032, #6637, #5388, #2985, #5996, #688, #7129 ),
 ( #3026, #67, #2398, #1908, #773, #114, #5463, #1413, #2440, #1945, #4768, #4283, #7091, #1870, #734, #4200, #1300, #4954, #6144, #1485, #2162, #4502, #998, #3248, #4920, #956, #269, #2659, #1450, #406, #4994, #6743, #1518, #3323, #883, #4389, #1562, #5562, #847, #6817, #3213, #7236, #1603, #336, #7306, #3180, #2015, #7266, #3930, #2057, #7378, #5639, #5500, #4346, #6670, #2736, #3781, #3286, #6706, #2590, #3821, #5027, #6109, #922, #5529, #2092, #7340, #4422, #301, #2620, #3854, #6182, #5602, #374, #2701, #2125, #6777, #4459, #3889, #5070, #6222, #2860, #6257, #1748, #555, #6963, #5716, #6401, #1183, #4078, #7421, #4645, #3502, #4679, #478, #4609, #5263, #2234, #6368, #444, #1674, #2778, #6850, #2310, #5757, #4536, #5221, #5108, #5179, #3392, #5674, #5831, #598, #6296, #1067, #7000, #1638, #7456, #1711, #1781, #1033, #2819, #2941, #4045, #19, #515, #7494, #2199, #2349, #4571, #3968, #1109, #3355, #2271, #5141, #6886, #6923, #4008, #6331, #3433, #1146, #3467, #5793, #2901, #7541, #4277, #2976, #7039, #5988, #4761, #4192, #3659, #1218, #7198, #802, #1330, #2430, #1861, #6557, #3094, #5344, #721, #4873, #7157, #5420, #2543, #6520, #4115, #762, #1828, #184, #2469, #2506, #4833, #4155, #4230, #3016, #143, #5304, #679, #103, #7080, #6443, #5947, #3131, #1291, #5868, #1934, #6596, #3615, #638, #4796, #3058, #5381, #7120, #1370, #1900, #1255, #3697, #6026, #5456, #224, #3540, #56, #2386, #4720, #6480, #3576, #5906, #3842, #5550, #3987, #2217, #3807, #4412, #6170, #2044, #322, #6868, #6732, #2838, #2689, #1508, #4306, #4336, #261, #3235, #3169, #943, #365, #2608, #6694, #5490, #2646, #7328, #4944, #6061, #5590, #5159, #1658, #3414, #1090, #3273, #1475, #4910 ) ),
 .UNSPECIFIED., .F., .F., .F.,
 ( 2, 2 ),
 ( 4, 3, 2, 2, 2, 2, 2, 2, 2, 2, 2, 2, 2, 2, 2, 2, 2, 2, 2, 2, 2, 2, 2, 2, 2, 2, 2, 2, 2, 2, 2, 2, 2, 2, 2, 2, 2, 2, 2, 2, 2, 2, 2, 2, 2, 2, 2, 2, 2, 2, 2, 2, 2, 2, 2, 2, 2, 2, 2, 2, 2, 2, 2, 2, 2, 2, 2, 2, 2, 2, 2, 2, 2, 2, 2, 2, 2, 2, 2, 2, 2, 2, 2, 2, 2, 2, 2, 2, 2, 2, 2, 2, 2, 2, 2, 2, 2, 2, 2, 2, 2, 2, 2, 2, 2, 2, 2, 2, 2, 2, 2, 2, 2, 2, 2, 2, 2, 2, 2, 2, 2, 4 ),
 ( 0.000000000000000000, 1.000000000000000000 ),
 ( -0.0003974822184547999854, 0.000000000000000000, 0.002484263865342499922, 0.003726395798013750101, 0.004968527730684999845, 0.006210659663356250457, 0.007452791596027500201, 0.008694923528698749945, 0.009937055461369999690, 0.01117918739404125117, 0.01242131932671250091, 0.01366345125938375066, 0.01490558319205500040, 0.01614771512472625015, 0.01676878109106187675, 0.01738984705739749989, 0.01863197899006874964, 0.01925304495640437624, 0.01987411092273999938, 0.02049517688907562252, 0.02111624285541124912, 0.02142677583857906243, 0.02173730882174687573, 0.02204784180491468903, 0.02235837478808250234, 0.02297944075441812894, 0.02360050672075375208, 0.02422157268708937522, 0.02484263865342500183, 0.02608477058609625157, 0.02670583655243187471, 0.02732690251876750132, 0.02794796848510312792, 0.02856903445143875106, 0.02872430094302265424, 0.02887956743460656089, 0.02903483392619046755, 0.02919010041777437420, 0.02950063340094218750, 0.02981116638411000080, 0.03043223235044562741, 0.03105329831678125055, 0.03136383129994906038, 0.03167436428311687369, 0.03198489726628468699, 0.03214016375786859364, 0.03229543024945250029, 0.03237306349524445015, 0.03245069674103640694, 0.03252832998682836374, 0.03260596323262031360, 0.03291649621578812690, 0.03322702919895594020, 0.03338229569053984686, 0.03345992893633180365, 0.03353756218212375351, 0.03361519542791570336, 0.03369282867370766016, 0.03384809516529156681, 0.03400336165687547346, 0.03415862814845938011, 0.03446916113162719342, 0.03462442762321109313, 0.03470206086900304299, 0.03477969411479499978, 0.03493496060637890643, 0.03509022709796280615, 0.03516786034375475600, 0.03524549358954671280, 0.03528431021244268773, 0.03530371852389067866, 0.03532312683533866959, 0.03536194345823464452, 0.03540076008113061945, 0.03555602657271452610, 0.03563365981850648290, 0.03571129306429843275, 0.03578892631009038261, 0.03582774293298636448, 0.03584715124443435541, 0.03586655955588233941, 0.03594419280167429620, 0.03602182604746624606, 0.03633235903063405936, 0.03648762552221796601, 0.03664289201380187266, 0.03672052525959382252, 0.03679815850538577932, 0.03683697512828175424, 0.03687579175117773611, 0.03688549590690173158, 0.03689520006262572704, 0.03690490421834971557, 0.03691460837407371104, 0.03695342499696968597, 0.03699224161986566090, 0.03703105824276163582, 0.03710869148855359262, 0.03726395798013749927, 0.03741922447172140592, 0.03757449096330531257, 0.03765212420909726243, 0.03772975745488921923, 0.03780739070068117602, 0.03782679901212916695, 0.03783650316785315548, 0.03784620732357715095, 0.03785105940143915215, 0.03785348544037014928, 0.03785591147930114642, 0.03786076355716314068, 0.03786561563502513494, 0.03787531979074913041, 0.03788502394647312588, 0.03790443225792111681, 0.03792384056936910081, 0.03796265719226507573, 0.03804029043805703253, 0.03819555692964093918, 0.03850608991280875248, 0.03912715587914437909, 0.03974822184547999876 ),
 .UNSPECIFIED. ) ;
#3558 = EDGE_CURVE ( 'NONE', #4648, #5332, #4562, .T. ) ;
#3559 = ORIENTED_EDGE ( 'NONE', *, *, #1991, .F. ) ;
#3560 = CARTESIAN_POINT ( 'NONE',  ( 16.54217941818481208, 5.409910025829334576E-15, 38.68591074233953009 ) ) ;
#3561 = CARTESIAN_POINT ( 'NONE',  ( 11.56733357299574649, -3.600000000000000533, 59.78436740477827982 ) ) ;
#3562 = CARTESIAN_POINT ( 'NONE',  ( 17.30221384978767318, -3.600000000000001421, 22.92862389082486629 ) ) ;
#3563 = CARTESIAN_POINT ( 'NONE',  ( 10.97241840133964708, -3.000000000000011102, -64.74493626126539425 ) ) ;
#3564 = CARTESIAN_POINT ( 'NONE',  ( -12.33502428183091659, -3.600000000000000977, 58.24888610603142070 ) ) ;
#3565 = CARTESIAN_POINT ( 'NONE',  ( -5.841290589777619502, -0.7999999999995602851, 65.42420046024800229 ) ) ;
#3566 = VERTEX_POINT ( 'NONE', #6622 ) ;
#3567 = VERTEX_POINT ( 'NONE', #3569 ) ;
#3568 = CARTESIAN_POINT ( 'NONE',  ( -17.26983553428624063, -3.600000000000000089, -45.26454490222728566 ) ) ;
#3569 = CARTESIAN_POINT ( 'NONE',  ( 3.943771363211876958E-07, -2.000000000000000000, 66.87631535813137873 ) ) ;
#3570 = CARTESIAN_POINT ( 'NONE',  ( -5.023055638851793070, -0.8000000000000000444, 65.81431703151716306 ) ) ;
#3571 = CARTESIAN_POINT ( 'NONE',  ( 17.29679825299901452, -3.599999999999999645, 31.79072170135042441 ) ) ;
#3572 = DIRECTION ( 'NONE',  ( 0.000000000000000000, -0.000000000000000000, -1.000000000000000000 ) ) ;
#3573 = CARTESIAN_POINT ( 'NONE',  ( 5.933998393184959141, -0.8000000000003500977, 65.36798549334913844 ) ) ;
#3574 = DIRECTION ( 'NONE',  ( 1.652117222604229549E-16, 0.000000000000000000, 1.000000000000000000 ) ) ;
#3575 = CARTESIAN_POINT ( 'NONE',  ( 12.76677298687033613, -3.600000000000000089, 57.28951723424690101 ) ) ;
#3576 = CARTESIAN_POINT ( 'NONE',  ( 4.058030115466190857, -0.8000000000000007105, 65.99883874072685330 ) ) ;
#3577 = CARTESIAN_POINT ( 'NONE',  ( -5.090612557881473599, 5.947095740146014918E-15, 66.63418046015306118 ) ) ;
#3578 = ORIENTED_EDGE ( 'NONE', *, *, #5282, .F. ) ;
#3579 = EDGE_CURVE ( 'NONE', #931, #4219, #5565, .T. ) ;
#3580 = CARTESIAN_POINT ( 'NONE',  ( 4.277852904287129832, 5.426261984060641375E-15, 66.78786331572786139 ) ) ;
#3581 = CARTESIAN_POINT ( 'NONE',  ( -7.532719036821205805, -3.599999999999999201, -65.78379154472192170 ) ) ;
#3582 = CARTESIAN_POINT ( 'NONE',  ( -17.89016267364731050, -3.000000000000011102, -48.33064032409367883 ) ) ;
#3583 = CARTESIAN_POINT ( 'NONE',  ( 16.76031744025725345, -3.000000000000010214, -57.09513786529461754 ) ) ;
#3584 = CARTESIAN_POINT ( 'NONE',  ( 3.749731901979950877, 5.637851296924625423E-15, 66.80143141038902854 ) ) ;
#3585 = ORIENTED_EDGE ( 'NONE', *, *, #4099, .F. ) ;
#3586 = ORIENTED_EDGE ( 'NONE', *, *, #2551, .T. ) ;
#3587 = DIRECTION ( 'NONE',  ( 0.000000000000000000, -0.000000000000000000, -1.000000000000000000 ) ) ;
#3588 = CARTESIAN_POINT ( 'NONE',  ( -17.27516782857592759, -3.600000000000000089, 14.95843445514993597 ) ) ;
#3589 = CARTESIAN_POINT ( 'NONE',  ( -15.07151456227785857, -2.000000000000000000, 55.58688295882875252 ) ) ;
#3590 = LINE ( 'NONE', #4808, #5935 ) ;
#3591 = EDGE_CURVE ( 'NONE', #7214, #4307, #5931, .T. ) ;
#3592 = CARTESIAN_POINT ( 'NONE',  ( -4.696382872898543503, -3.600000000000000533, 66.26215398301533810 ) ) ;
#3593 = CARTESIAN_POINT ( 'NONE',  ( -11.84337386395861635, -2.000000000000000000, 62.63630420468476956 ) ) ;
#3594 = VECTOR ( 'NONE', #2454, 1000.000000000000000 ) ;
#3595 = ORIENTED_EDGE ( 'NONE', *, *, #4864, .T. ) ;
#3596 = CARTESIAN_POINT ( 'NONE',  ( 16.63037077973733346, 5.500831460601693028E-15, 37.43507064003363638 ) ) ;
#3597 = CARTESIAN_POINT ( 'NONE',  ( 9.559586896368598374, -3.600000000000000533, 62.93282636672990549 ) ) ;
#3598 = CARTESIAN_POINT ( 'NONE',  ( 17.29881300045715520, -3.599999999999999645, 27.65517702375648668 ) ) ;
#3599 = CARTESIAN_POINT ( 'NONE',  ( 5.150567552755695999, -3.600000000000000089, 66.21430441948123757 ) ) ;
#3600 = CARTESIAN_POINT ( 'NONE',  ( 17.29954933641793957, -3.599999999999999201, 27.02745041270323867 ) ) ;
#3601 = CARTESIAN_POINT ( 'NONE',  ( -5.040061697942101127, -0.7999999999999799494, 64.63857869728961703 ) ) ;
#3602 = CARTESIAN_POINT ( 'NONE',  ( 17.89496836744038433, -3.000000000000010658, 29.08221816095224455 ) ) ;
#3603 = EDGE_LOOP ( 'NONE', ( #6987, #7482, #6540, #2442 ) ) ;
#3604 = CARTESIAN_POINT ( 'NONE',  ( 14.25575799097778074, -3.099999999999988987, -28.85427299466725515 ) ) ;
#3605 = EDGE_CURVE ( 'NONE', #4741, #5315, #2498, .T. ) ;
#3606 = CARTESIAN_POINT ( 'NONE',  ( -4.985783461262168537, -0.8000000000000002665, 65.82734613196721796 ) ) ;
#3607 = CARTESIAN_POINT ( 'NONE',  ( -16.82877196890575533, -3.600000000000001421, 40.59858174030591016 ) ) ;
#3608 = CARTESIAN_POINT ( 'NONE',  ( 8.714904294727004341, -3.600000000000000533, 63.95176139375445246 ) ) ;
#3609 = VECTOR ( 'NONE', #2194, 1000.000000000000000 ) ;
#3610 = CARTESIAN_POINT ( 'NONE',  ( 4.168384598840257027, -0.03847013902783949502, 66.76049749572396763 ) ) ;
#3611 = CARTESIAN_POINT ( 'NONE',  ( -14.25575799097778074, -1.499999999999999556, -31.00427299466725017 ) ) ;
#3612 = CARTESIAN_POINT ( 'NONE',  ( -9.195634370416986059, -3.599999999999999201, 63.39145589665283609 ) ) ;
#3613 = CARTESIAN_POINT ( 'NONE',  ( 11.79474747592176165, -3.600000000000000533, 59.35303108487278223 ) ) ;
#3614 = CARTESIAN_POINT ( 'NONE',  ( -9.376950490892287604, 0.000000000000000000, 65.87692874913412311 ) ) ;
#3615 = CARTESIAN_POINT ( 'NONE',  ( 4.899186104560843802, -0.8000000000000000444, 65.85591785280716692 ) ) ;
#3616 = VERTEX_POINT ( 'NONE', #1852 ) ;
#3617 = AXIS2_PLACEMENT_3D ( 'NONE', #5287, #165, #1807 ) ;
#3618 = CARTESIAN_POINT ( 'NONE',  ( 5.188189377207931940, 6.047420557908358838E-15, 66.60317161265477637 ) ) ;
#3619 = CARTESIAN_POINT ( 'NONE',  ( -9.041850898160433303, -3.000000000000010658, -65.81787113014797796 ) ) ;
#3620 = CARTESIAN_POINT ( 'NONE',  ( 2.197476244645211185, -3.600000000000000977, -66.65957364662622808 ) ) ;
#3621 = CARTESIAN_POINT ( 'NONE',  ( -16.90788702251785125, -3.599999999999999645, -54.43292947013934935 ) ) ;
#3622 = CARTESIAN_POINT ( 'NONE',  ( -5.153944647199288021, 6.382018563148873769E-15, 66.61443972594412344 ) ) ;
#3623 = CARTESIAN_POINT ( 'NONE',  ( -17.89858208923834226, -3.000000000000010658, 29.10851409471590046 ) ) ;
#3624 = CARTESIAN_POINT ( 'NONE',  ( 15.93662462685511905, 5.401803115175052738E-15, 44.09350491176095233 ) ) ;
#3625 = VECTOR ( 'NONE', #3919, 1000.000000000000000 ) ;
#3626 = CARTESIAN_POINT ( 'NONE',  ( 17.74361126676550171, -3.000000000000011102, -52.99857553033291424 ) ) ;
#3627 = CARTESIAN_POINT ( 'NONE',  ( 3.991677709130086349, 6.035556131122895880E-15, 66.80001304877089296 ) ) ;
#3628 = ORIENTED_EDGE ( 'NONE', *, *, #6858, .T. ) ;
#3629 = CARTESIAN_POINT ( 'NONE',  ( -16.52086625708069079, -0.2791337902352725164, 32.00046256170275427 ) ) ;
#3630 = CARTESIAN_POINT ( 'NONE',  ( -17.29951668386219765, -3.600000000000000089, 27.05100305949503792 ) ) ;
#3631 = CARTESIAN_POINT ( 'NONE',  ( -10.62371835802011155, -2.000000000000000000, 64.41751820761110991 ) ) ;
#3632 = DIRECTION ( 'NONE',  ( 0.000000000000000000, 1.000000000000000000, 0.000000000000000000 ) ) ;
#3633 = CARTESIAN_POINT ( 'NONE',  ( -16.21624579513753162, -3.600000000000000089, -56.85339938731168985 ) ) ;
#3634 = CARTESIAN_POINT ( 'NONE',  ( 11.88754041238659376, -0.03847763212795916876, 58.61986932380421678 ) ) ;
#3635 = CARTESIAN_POINT ( 'NONE',  ( -10.23209646142618112, -2.000000000000000000, 64.91362503913313731 ) ) ;
#3636 = EDGE_LOOP ( 'NONE', ( #4955, #2320, #3763, #1386 ) ) ;
#3637 = CARTESIAN_POINT ( 'NONE',  ( 15.80968278366336932, 5.657059044177092489E-15, 44.92334823425531454 ) ) ;
#3638 = CARTESIAN_POINT ( 'NONE',  ( -14.25575799097778074, -1.499999999999999556, -31.00427299466725017 ) ) ;
#3639 = CYLINDRICAL_SURFACE ( 'NONE', #1047, 2.149999999999999023 ) ;
#3640 = VECTOR ( 'NONE', #534, 1000.000000000000000 ) ;
#3641 = CARTESIAN_POINT ( 'NONE',  ( 4.355196116856686395, -3.600000000000000977, 66.27419192556382654 ) ) ;
#3642 = CARTESIAN_POINT ( 'NONE',  ( -15.93959594231292698, -3.599999999999999645, 46.57701777820380329 ) ) ;
#3643 = CARTESIAN_POINT ( 'NONE',  ( 17.29841537435796894, -3.600000000000000089, 28.37235014082340712 ) ) ;
#3644 = VECTOR ( 'NONE', #4492, 1000.000000000000000 ) ;
#3645 = CARTESIAN_POINT ( 'NONE',  ( -6.139608790367158342, -0.8000000000000337952, 63.87943822071785860 ) ) ;
#3646 = ORIENTED_EDGE ( 'NONE', *, *, #6497, .F. ) ;
#3647 = CARTESIAN_POINT ( 'NONE',  ( 6.527111037614612421, -3.600000000000002753, 65.75903794262997337 ) ) ;
#3648 = VECTOR ( 'NONE', #1041, 999.9999999999998863 ) ;
#3649 = VECTOR ( 'NONE', #785, 1000.000000000000114 ) ;
#3650 = CARTESIAN_POINT ( 'NONE',  ( -3.993373385839861456, -0.8000000000000001554, 66.00001220079190034 ) ) ;
#3651 = CARTESIAN_POINT ( 'NONE',  ( -17.16064606754859767, -3.600000000000000533, 36.48019574325601155 ) ) ;
#3652 = DIRECTION ( 'NONE',  ( 0.9999999999999997780, 0.000000000000000000, 2.490616653888567783E-08 ) ) ;
#3653 = CARTESIAN_POINT ( 'NONE',  ( 6.710169564392016284, -3.600000000000010303, 65.69577718391752796 ) ) ;
#3654 = CARTESIAN_POINT ( 'NONE',  ( -7.841538606885215756, -3.600000000000000977, 64.81285211053960893 ) ) ;
#3655 = CARTESIAN_POINT ( 'NONE',  ( 6.700587167844748393, -0.03847857632617398410, 65.77054663457673200 ) ) ;
#3656 = DIRECTION ( 'NONE',  ( 0.000000000000000000, 0.000000000000000000, -1.000000000000000000 ) ) ;
#3657 = CARTESIAN_POINT ( 'NONE',  ( -14.05288669659151246, -0.8000000000000077049, 44.09770634844290527 ) ) ;
#3658 = DIRECTION ( 'NONE',  ( -0.000000000000000000, -1.000000000000000000, -0.000000000000000000 ) ) ;
#3659 = CARTESIAN_POINT ( 'NONE',  ( 6.104666080805539075, -0.7999999999999996003, 65.25617787197866448 ) ) ;
#3660 = EDGE_CURVE ( 'NONE', #6853, #4398, #1785, .T. ) ;
#3661 = CARTESIAN_POINT ( 'NONE',  ( 7.711868097967008673, 5.538630615017976286E-15, 64.99009760579447459 ) ) ;
#3662 = CARTESIAN_POINT ( 'NONE',  ( -11.49734293491875903, -3.000000000000011546, -64.39707701434313947 ) ) ;
#3663 = CARTESIAN_POINT ( 'NONE',  ( 2.940167387094035689, -3.599999999999999201, -66.63896664475461762 ) ) ;
#3664 = CARTESIAN_POINT ( 'NONE',  ( -17.89279250046627467, -3.000000000000010214, -47.41890144006622876 ) ) ;
#3665 = CARTESIAN_POINT ( 'NONE',  ( 17.75609896662050602, -3.000000000000011102, -52.88150132811072979 ) ) ;
#3666 = CARTESIAN_POINT ( 'NONE',  ( 3.906231638623953728, 5.637851296924625423E-15, 66.80051486962544516 ) ) ;
#3667 = ORIENTED_EDGE ( 'NONE', *, *, #1161, .T. ) ;
#3668 = EDGE_LOOP ( 'NONE', ( #3790, #5909, #3424, #6606 ) ) ;
#3669 = CARTESIAN_POINT ( 'NONE',  ( -3.078355959284978738, -3.600000000000001421, 66.27630043423323514 ) ) ;
#3670 = CARTESIAN_POINT ( 'NONE',  ( -17.26436052100107332, -3.600000000000000089, 12.89081503223477831 ) ) ;
#3671 = CARTESIAN_POINT ( 'NONE',  ( -11.02181840491797260, -2.000000000000000000, 63.87591695208038800 ) ) ;
#3672 = LINE ( 'NONE', #6001, #5202 ) ;
#3673 = CARTESIAN_POINT ( 'NONE',  ( -15.05342080042033359, -3.600000000000000533, -59.33048786673423791 ) ) ;
#3674 = B_SPLINE_CURVE_WITH_KNOTS ( 'NONE', 3,
 ( #5240, #7471, #3412, #5157, #1801, #5737, #2251, #1762, #533, #7558, #2326, #2881, #4660, #6420, #1199, #3521, #6461, #2484, #3187, #5505, #1987, #743, #5437, #694, #5966, #3072, #4810, #4171, #3675, #6079, #5397, #3592, #3716, #2561, #4253, #5921, #2523, #1915, #6576, #4849, #4320, #1351, #6498, #3035, #160, #274, #7137, #855, #6645, #4926 ),
 .UNSPECIFIED., .F., .F.,
 ( 4, 2, 1, 1, 1, 2, 2, 1, 1, 1, 1, 2, 2, 1, 1, 2, 2, 1, 1, 2, 2, 2, 2, 2, 2, 1, 2, 2, 2, 2, 4 ),
 ( 0.000000000000000000, 0.4999999999998748779, 0.5156249999998709921, 0.5234374999998689937, 0.5273437499998679945, 0.5292968749998675504, 0.5312499999998671063, 0.5468749999998619993, 0.5546874999998594458, 0.5585937499998581135, 0.5605468749998577804, 0.5615234374998577804, 0.5624999999998578915, 0.5781249999998611111, 0.5859374999998626654, 0.5898437499998634426, 0.5937499999998643307, 0.6093749999998678835, 0.6171874999998698819, 0.6210937499998708811, 0.6249999999998718803, 0.6406249999998768763, 0.6562499999998818723, 0.6874999999998925304, 0.7499999999999150679, 0.7812499999999270583, 0.7968749999999322764, 0.8124999999999374944, 0.8437499999999478195, 0.8749999999999582556, 1.000000000000000000 ),
 .UNSPECIFIED. ) ;
#3675 = CARTESIAN_POINT ( 'NONE',  ( -4.598935948548047215, -3.600000000000000977, 66.26705735411029252 ) ) ;
#3676 =( LENGTH_UNIT ( ) NAMED_UNIT ( * ) SI_UNIT ( .MILLI., .METRE. ) );
#3677 = VERTEX_POINT ( 'NONE', #3688 ) ;
#3678 = CONICAL_SURFACE ( 'NONE', #1363, 17.40000000000002700, 0.7853981633974367327 ) ;
#3679 = CARTESIAN_POINT ( 'NONE',  ( 14.20501858903134185, -2.000000000000000000, 58.11872737860535665 ) ) ;
#3680 = ADVANCED_FACE ( 'NONE', ( #5980 ), #4183, .T. ) ;
#3681 = CARTESIAN_POINT ( 'NONE',  ( -14.25575799097778784, -1.499999999999999556, 27.00011359384848220 ) ) ;
#3682 = DIRECTION ( 'NONE',  ( -1.000000000000000000, 1.668003342285395248E-16, -1.668003342285399686E-16 ) ) ;
#3683 = CARTESIAN_POINT ( 'NONE',  ( -2.962034950016975934E-06, -2.000000000000000000, -67.25441558775045792 ) ) ;
#3684 = CARTESIAN_POINT ( 'NONE',  ( 17.29900275469695359, -3.599999999999998757, 29.42763121788571112 ) ) ;
#3685 = CARTESIAN_POINT ( 'NONE',  ( 4.689490171228726467, -3.600000000000001421, 66.26248437935979041 ) ) ;
#3686 = CARTESIAN_POINT ( 'NONE',  ( -17.25261753145010957, -3.600000000000000977, 34.27082925833730087 ) ) ;
#3687 = ORIENTED_EDGE ( 'NONE', *, *, #3063, .T. ) ;
#3688 = CARTESIAN_POINT ( 'NONE',  ( -7.941041522454004742, -0.8000000000000000444, -54.79298605861921345 ) ) ;
#3689 = B_SPLINE_SURFACE_WITH_KNOTS ( 'NONE', 1, 3, ( 
 ( #5186, #7425, #3973, #2741, #2826, #4614, #2205, #410, #5076, #7549, #486, #6855, #5799, #1680, #6300, #4508, #5147, #6373, #1608, #3936, #560, #3360, #1643, #4577, #6893, #2317, #4015, #5679, #2785, #5114, #3440, #521, #7500, #6931, #1717, #4051, #6225, #1152, #2907, #5229, #1905, #3621, #4121, #4084, #4799, #3508, #26, #6527, #5310, #4726, #4197, #1755, #5384, #62, #1189, #766, #2392, #7085, #5950, #5874, #4235, #608, #1834, #4652, #3098, #7006, #645, #4161, #147, #6561, #1337, #1260 ),
 ( #1297, #6409, #2946, #7124, #6487, #1866, #5837, #727, #684, #3664, #5991, #3582, #4766, #3061, #7047, #3022, #5423, #2473, #188, #6970, #5271, #2355, #1789, #4685, #5913, #6450, #1225, #3547, #5349, #108, #2983, #2436, #329, #3175, #6601, #1373, #3279, #4343, #5495, #1513, #4949, #2010, #5460, #3778, #2085, #4280, #3701, #6737, #3136, #2586, #264, #4914, #5596, #3209, #6030, #228, #3741, #7232, #4385, #1445, #6138, #2547, #6666, #2509, #4837, #2049, #4877, #7301, #1481, #1977, #1938, #2653 ) ),
 .UNSPECIFIED., .F., .F., .F.,
 ( 2, 2 ),
 ( 4, 2, 2, 2, 2, 2, 2, 2, 2, 2, 2, 2, 2, 2, 2, 2, 2, 2, 2, 2, 2, 2, 2, 2, 2, 2, 2, 2, 2, 2, 2, 2, 2, 2, 2, 4 ),
 ( 0.000000000000000000, 1.000000000000000000 ),
 ( 0.000000000000000000, 0.001363429643145576495, 0.002045144464718364960, 0.002726859286291152991, 0.003408574107863941455, 0.004090288929436729920, 0.005453718572582305982, 0.006135433394155094880, 0.006817148215727882911, 0.006987576921121079268, 0.007158005626514276493, 0.007498863037300670942, 0.007839720448087065391, 0.008180577858873459840, 0.008351006564266657065, 0.008521435269659854289, 0.008862292680446248738, 0.009203150091232643187, 0.009544007502019035902, 0.01022572232359182307, 0.01056657973437821751, 0.01090743714516461196, 0.01124829455595100641, 0.01158915196673740086, 0.01227086678831018976, 0.01363429643145576582, 0.01499772607460134188, 0.01567944089617413078, 0.01602029830696052523, 0.01636115571774691968, 0.01670201312853331413, 0.01704287053931970858, 0.01772458536089249748, 0.01908801500403807180, 0.02045144464718364613, 0.02181487429032922393 ),
 .UNSPECIFIED. ) ;
#3690 = CARTESIAN_POINT ( 'NONE',  ( -3.990953777355509047, -0.8000000000000007105, 66.00004024262443636 ) ) ;
#3691 = CARTESIAN_POINT ( 'NONE',  ( -17.29883337475164851, -3.600000000000000089, 27.63379113925428499 ) ) ;
#3692 = CARTESIAN_POINT ( 'NONE',  ( 11.41824854922259824, -3.600000000000000533, 60.06181526403933901 ) ) ;
#3693 = CARTESIAN_POINT ( 'NONE',  ( 4.632293382559932837, -0.7999999999999817257, 64.80989187315148570 ) ) ;
#3694 = DIRECTION ( 'NONE',  ( 0.000000000000000000, -1.000000000000000000, 0.000000000000000000 ) ) ;
#3695 = EDGE_CURVE ( 'NONE', #6509, #1888, #5897, .T. ) ;
#3696 = CARTESIAN_POINT ( 'NONE',  ( -3.998494299127234974, 0.000000000000000000, 68.60000562557462445 ) ) ;
#3697 = CARTESIAN_POINT ( 'NONE',  ( 4.526590805135746187, -0.8000000000000001554, 65.94962079827787704 ) ) ;
#3698 = VERTEX_POINT ( 'NONE', #173 ) ;
#3699 = CARTESIAN_POINT ( 'NONE',  ( 8.163793672325915907, 5.714877340377417062E-15, 64.53618836357964028 ) ) ;
#3700 = CARTESIAN_POINT ( 'NONE',  ( 2.015829819644765042, -3.600000000000000089, -66.66164716302037618 ) ) ;
#3701 = CARTESIAN_POINT ( 'NONE',  ( -17.30556456003699850, -3.000000000000010214, -55.36765950867603436 ) ) ;
#3702 = CARTESIAN_POINT ( 'NONE',  ( -4.606950069216007471, 5.540040762770716010E-15, 66.74725084918250673 ) ) ;
#3703 = EDGE_CURVE ( 'NONE', #6050, #5390, #48, .T. ) ;
#3704 = CARTESIAN_POINT ( 'NONE',  ( -17.85320431078425685, -3.000000000000010658, 10.54293833562737071 ) ) ;
#3705 = ADVANCED_FACE ( 'NONE', ( #1891 ), #3755, .T. ) ;
#3706 = CARTESIAN_POINT ( 'NONE',  ( 16.67569219159466698, -3.000000000000011102, -57.31662068575021607 ) ) ;
#3707 = CARTESIAN_POINT ( 'NONE',  ( 4.040631110698203798, 5.645443325752935271E-15, 66.79939499811442261 ) ) ;
#3708 = ORIENTED_EDGE ( 'NONE', *, *, #2247, .T. ) ;
#3709 = ORIENTED_EDGE ( 'NONE', *, *, #1550, .F. ) ;
#3710 = CARTESIAN_POINT ( 'NONE',  ( -6.088791797186694943, -3.000000000000011102, 66.59615531585362191 ) ) ;
#3711 = CARTESIAN_POINT ( 'NONE',  ( -3.820470991071472699, -0.5999999999999894307, -69.90770463712944149 ) ) ;
#3712 = EDGE_CURVE ( 'NONE', #5390, #2487, #4592, .T. ) ;
#3713 = CARTESIAN_POINT ( 'NONE',  ( -7.790885702895600673, -3.000000000000011546, 65.64475060758087466 ) ) ;
#3714 = CARTESIAN_POINT ( 'NONE',  ( 5.003339909445894129, -0.03848071271281679195, 66.62490712808460103 ) ) ;
#3715 = CARTESIAN_POINT ( 'NONE',  ( -17.23607958544555530, -3.600000000000000089, -51.60375382398866861 ) ) ;
#3716 = CARTESIAN_POINT ( 'NONE',  ( -4.772736166825842119, -3.600000000000000533, 66.25709130173653705 ) ) ;
#3717 = CARTESIAN_POINT ( 'NONE',  ( 15.94605110863162345, -3.599999999999999645, -57.52223535876834148 ) ) ;
#3718 = VERTEX_POINT ( 'NONE', #6350 ) ;
#3719 = CARTESIAN_POINT ( 'NONE',  ( 18.60000000000524167, 0.000000000000000000, 32.00001223506188808 ) ) ;
#3720 = CARTESIAN_POINT ( 'NONE',  ( 1.968844643021491425, -2.000000000000000000, 66.87634621692831161 ) ) ;
#3721 = PLANE ( 'NONE',  #6037 ) ;
#3722 = CARTESIAN_POINT ( 'NONE',  ( -10.71725088391111846, -3.600000000000001421, -64.19643271361641723 ) ) ;
#3723 = CARTESIAN_POINT ( 'NONE',  ( -15.74766448484902348, -0.7999999999999999334, 38.62366953606614572 ) ) ;
#3724 = CARTESIAN_POINT ( 'NONE',  ( 4.528915143956625755, -3.600000000000000977, 66.26995618004700361 ) ) ;
#3725 = CARTESIAN_POINT ( 'NONE',  ( 17.29936573399710653, -3.600000000000000089, 29.71142142353103210 ) ) ;
#3726 = CARTESIAN_POINT ( 'NONE',  ( -4.416831539384591387, -0.8000000000000094813, 64.87410472442533660 ) ) ;
#3727 = ORIENTED_EDGE ( 'NONE', *, *, #72, .F. ) ;
#3728 = CARTESIAN_POINT ( 'NONE',  ( 15.86799050842518177, 0.000000000000000000, -69.40000000000003411 ) ) ;
#3729 = CARTESIAN_POINT ( 'NONE',  ( -3.895780575888708519, -0.7999999999999999334, 66.00107458884055234 ) ) ;
#3730 = CARTESIAN_POINT ( 'NONE',  ( -17.27254653425530151, -3.599999999999999201, 33.53384076513608392 ) ) ;
#3731 = CARTESIAN_POINT ( 'NONE',  ( 2.350734481538193865, -3.599999999999999201, -66.65734335634665797 ) ) ;
#3732 = CARTESIAN_POINT ( 'NONE',  ( 17.89835727496878093, -3.000000000000010214, 28.54142945985305246 ) ) ;
#3733 = CARTESIAN_POINT ( 'NONE',  ( 4.985307142272301206, -0.8000000000000367928, 64.66587206667811927 ) ) ;
#3734 = CARTESIAN_POINT ( 'NONE',  ( 17.85574221343219037, -3.600000000000000089, 11.10967525680099044 ) ) ;
#3735 = CARTESIAN_POINT ( 'NONE',  ( -9.899290642687248010, -0.03847759359232714310, 62.28488993320650735 ) ) ;
#3736 = CARTESIAN_POINT ( 'NONE',  ( -8.902333867458827044, 0.000000000000000000, 66.34397110776932038 ) ) ;
#3737 = CARTESIAN_POINT ( 'NONE',  ( -14.25575799097778074, -1.499999999999999556, -33.15427299466725231 ) ) ;
#3738 = ORIENTED_EDGE ( 'NONE', *, *, #2438, .T. ) ;
#3739 = CARTESIAN_POINT ( 'NONE',  ( 6.478579634522461994, 5.526825663827410240E-15, 65.96838940449170252 ) ) ;
#3740 = CARTESIAN_POINT ( 'NONE',  ( -5.023250230703575347, -3.000000000000010214, -67.03439181100335986 ) ) ;
#3741 = CARTESIAN_POINT ( 'NONE',  ( -15.57488048896836652, -3.000000000000009770, -59.62492113534303684 ) ) ;
#3742 = CARTESIAN_POINT ( 'NONE',  ( -5.364210928922912736, 5.482207437776935598E-15, 66.54155487326339369 ) ) ;
#3743 = CARTESIAN_POINT ( 'NONE',  ( -17.86630644478034213, -3.000000000000008882, 13.46876509571761815 ) ) ;
#3744 = CARTESIAN_POINT ( 'NONE',  ( 4.081453476440058736, 5.607483181611374987E-15, 66.79852062215402952 ) ) ;
#3745 = ORIENTED_EDGE ( 'NONE', *, *, #1561, .F. ) ;
#3746 = AXIS2_PLACEMENT_3D ( 'NONE', #5334, #1282, #3006 ) ;
#3747 = CARTESIAN_POINT ( 'NONE',  ( -7.393114851284189548, -3.000000000000009770, 65.93784705262972068 ) ) ;
#3748 = CARTESIAN_POINT ( 'NONE',  ( 6.307473578282115412, -0.8000000000000292433, 63.74525100865810145 ) ) ;
#3749 = CARTESIAN_POINT ( 'NONE',  ( -7.418525594265259038, -3.600000000000002309, 65.17383206650112015 ) ) ;
#3750 = CARTESIAN_POINT ( 'NONE',  ( -17.23854708828889315, -3.600000000000000533, -51.51954906644141374 ) ) ;
#3751 = VECTOR ( 'NONE', #497, 1000.000000000000000 ) ;
#3752 = CARTESIAN_POINT ( 'NONE',  ( 16.71595951405245728, -0.03847741891673862186, 35.26296055408737828 ) ) ;
#3753 = CARTESIAN_POINT ( 'NONE',  ( 17.23523577389273598, -3.600000000000001421, -51.63258161388043987 ) ) ;
#3754 = EDGE_CURVE ( 'NONE', #2339, #1721, #3951, .T. ) ;
#3755 = B_SPLINE_SURFACE_WITH_KNOTS ( 'NONE', 1, 3, ( 
 ( #4266, #4752, #7149, #5936, #3647, #6473, #5374, #135, #2462, #2380, #4221, #4298, #7070, #4787, #7110, #215, #6548, #1819, #756, #1321, #3084, #5412, #6588, #6017, #793, #3123, #2536, #4863, #7190, #1964, #4712, #7029, #4902, #7285, #6092, #5049, #4405, #6163, #937, #2638, #5583, #2143 ),
 ( #251, #1016, #282, #3800, #1500, #6203, #6796, #2572, #1998, #2038, #7222, #4369, #4329, #6654, #1431, #7251, #6125, #902, #3764, #2681, #3228, #866, #3266, #2110, #3196, #5010, #5513, #4439, #3871, #979, #2603, #3306, #5620, #2330, #5696, #3990, #6278, #7398, #1730, #2220, #4521, #6425 ) ),
 .UNSPECIFIED., .F., .F., .F.,
 ( 2, 2 ),
 ( 4, 2, 2, 2, 2, 2, 2, 2, 2, 2, 2, 2, 2, 2, 2, 2, 2, 2, 2, 2, 4 ),
 ( 0.000000000000000000, 1.000000000000000000 ),
 ( 0.000000000000000000, 0.0004619593242447124731, 0.0009239186484894249462, 0.001154898310611781210, 0.001270388141672959288, 0.001385877972734137365, 0.001616857634856493520, 0.001847837296978849892, 0.002078816959101206265, 0.002309796621223562420, 0.002540776283345918575, 0.002771755945468274730, 0.003002735607590630885, 0.003233715269712987041, 0.003464694931835343196, 0.003695674593957699785, 0.003926654256080056374, 0.004157633918202412529, 0.004619593242447124840, 0.005543511890936549460, 0.007391349187915399570 ),
 .UNSPECIFIED. ) ;
#3756 = ORIENTED_EDGE ( 'NONE', *, *, #2919, .F. ) ;
#3757 = CARTESIAN_POINT ( 'NONE',  ( 11.23945111238757910, -3.600000000000003197, -63.83783167073510612 ) ) ;
#3758 = CARTESIAN_POINT ( 'NONE',  ( 3.083650668992709676, -3.000000000000010658, -67.31332803073961202 ) ) ;
#3759 = DIRECTION ( 'NONE',  ( 0.000000000000000000, 1.000000000000000000, 0.000000000000000000 ) ) ;
#3760 = CARTESIAN_POINT ( 'NONE',  ( 4.639576132695193422, -3.599999999999999201, 66.26514410033036029 ) ) ;
#3761 = CARTESIAN_POINT ( 'NONE',  ( -17.29132731918265975, -3.600000000000000977, 32.39017774982417563 ) ) ;
#3762 = CIRCLE ( 'NONE', #7037, 1.449999999999999956 ) ;
#3763 = ORIENTED_EDGE ( 'NONE', *, *, #6381, .T. ) ;
#3764 = CARTESIAN_POINT ( 'NONE',  ( 5.244628161575510816, -3.000000000000010214, 66.80699392938358017 ) ) ;
#3765 = CARTESIAN_POINT ( 'NONE',  ( -7.634326464224172604, -0.8000000000000004885, 63.93199904176066894 ) ) ;
#3766 = CARTESIAN_POINT ( 'NONE',  ( 17.90221386225308819, -3.000000000000011546, 22.92815914167169922 ) ) ;
#3767 = VECTOR ( 'NONE', #4981, 1000.000000000000000 ) ;
#3768 = CARTESIAN_POINT ( 'NONE',  ( -8.136872810970292136, -3.599999999999999201, 64.54288661419724349 ) ) ;
#3769 = DIRECTION ( 'NONE',  ( 0.000000000000000000, -0.7071067811865430208, -0.7071067811865521247 ) ) ;
#3770 = CARTESIAN_POINT ( 'NONE',  ( -3.998494299127234974, -2.000000000000000000, 68.60000562557462445 ) ) ;
#3771 = CARTESIAN_POINT ( 'NONE',  ( 17.89666395838717960, -3.000000000000010658, 18.29915153502000180 ) ) ;
#3772 = VERTEX_POINT ( 'NONE', #2840 ) ;
#3773 = CARTESIAN_POINT ( 'NONE',  ( 17.25972640119032420, -3.600000000000000089, -44.50093835050208213 ) ) ;
#3774 = VECTOR ( 'NONE', #3574, 1000.000000000000000 ) ;
#3775 = CARTESIAN_POINT ( 'NONE',  ( 7.460380085041148135, 6.038725926008002675E-15, 65.21855301187662235 ) ) ;
#3776 = CARTESIAN_POINT ( 'NONE',  ( -3.249821624386426855, -3.000000000000011546, -67.22427834964958038 ) ) ;
#3777 = CARTESIAN_POINT ( 'NONE',  ( 10.46686539670796812, -3.600000000000000533, -64.35448924066255927 ) ) ;
#3778 = CARTESIAN_POINT ( 'NONE',  ( -17.41872777890737822, -3.000000000000011546, -54.90470789036639587 ) ) ;
#3779 = CARTESIAN_POINT ( 'NONE',  ( -9.786827633765714296, -3.600000000000001421, -64.76652881471900969 ) ) ;
#3780 = CARTESIAN_POINT ( 'NONE',  ( 14.28726337160096271, -0.8000000000076926687, 48.69767985395884580 ) ) ;
#3781 = CARTESIAN_POINT ( 'NONE',  ( 12.14777433271464524, -0.8000000000000013767, 56.02226975773364614 ) ) ;
#3782 = ORIENTED_EDGE ( 'NONE', *, *, #5195, .F. ) ;
#3783 = EDGE_LOOP ( 'NONE', ( #1110, #3542, #4804, #5372 ) ) ;
#3784 = CARTESIAN_POINT ( 'NONE',  ( -4.479144715896845597, -3.000000000000010658, 66.87191034014878710 ) ) ;
#3785 = DIRECTION ( 'NONE',  ( 0.000000000000000000, 0.000000000000000000, 1.000000000000000000 ) ) ;
#3786 = CARTESIAN_POINT ( 'NONE',  ( -17.28111673174731422, -3.600000000000000977, 15.83241100441090055 ) ) ;
#3787 = CARTESIAN_POINT ( 'NONE',  ( -17.24468805502973723, -3.600000000000000533, -51.26606230600900460 ) ) ;
#3788 = CARTESIAN_POINT ( 'NONE',  ( 11.07995088201022149, 5.636495828370073686E-15, 60.34794667801659074 ) ) ;
#3789 = CARTESIAN_POINT ( 'NONE',  ( 17.24779468778281100, -3.600000000000000089, -51.11183417883775348 ) ) ;
#3790 = ORIENTED_EDGE ( 'NONE', *, *, #5023, .F. ) ;
#3791 = CARTESIAN_POINT ( 'NONE',  ( 13.57592594329080171, -3.600000000000000089, -61.49701643772201720 ) ) ;
#3792 = DIRECTION ( 'NONE',  ( 0.000000000000000000, 1.000000000000000000, 0.000000000000000000 ) ) ;
#3793 = CARTESIAN_POINT ( 'NONE',  ( -10.73022810930427795, -3.600000000000000089, -64.18822714459226120 ) ) ;
#3794 = FACE_OUTER_BOUND ( 'NONE', #6081, .T. ) ;
#3795 = EDGE_CURVE ( 'NONE', #7409, #407, #5162, .T. ) ;
#3796 = CARTESIAN_POINT ( 'NONE',  ( -8.483639145030162254, -3.000000000000010658, 65.13434685081489306 ) ) ;
#3797 = ADVANCED_FACE ( 'NONE', ( #7521 ), #2295, .F. ) ;
#3798 = EDGE_LOOP ( 'NONE', ( #7446, #7028, #4708, #1135 ) ) ;
#3799 = CARTESIAN_POINT ( 'NONE',  ( -17.25765532741946728, -3.600000000000000533, -50.56187607138858198 ) ) ;
#3800 = CARTESIAN_POINT ( 'NONE',  ( 6.954824862782228223, -3.000000000000010658, 66.21039469346469275 ) ) ;
#3801 = CARTESIAN_POINT ( 'NONE',  ( -7.810120943600856513, -0.8000000000000002665, 63.74097253637743421 ) ) ;
#3802 = CARTESIAN_POINT ( 'NONE',  ( 11.04025274726348016, -3.600000000000000977, -63.98613671844594109 ) ) ;
#3803 = CARTESIAN_POINT ( 'NONE',  ( 15.94891366559689949, -3.000000000000011102, 49.40602359681784606 ) ) ;
#3804 = CARTESIAN_POINT ( 'NONE',  ( 17.26423578004923343, -3.600000000000000089, 12.86650281912901406 ) ) ;
#3805 = CARTESIAN_POINT ( 'NONE',  ( -10.08637199725940192, -0.7999999999988981481, 60.49379169359850295 ) ) ;
#3806 = LINE ( 'NONE', #5549, #1205 ) ;
#3807 = CARTESIAN_POINT ( 'NONE',  ( 3.996097961587152358, -0.7999999999999999334, 65.99995179094190689 ) ) ;
#3808 = ORIENTED_EDGE ( 'NONE', *, *, #722, .F. ) ;
#3809 = CARTESIAN_POINT ( 'NONE',  ( -3.810036809055219464, -2.299999999999999822, -15.87497125981866475 ) ) ;
#3810 = LINE ( 'NONE', #325, #6201 ) ;
#3811 = CARTESIAN_POINT ( 'NONE',  ( 6.835690448733233282, 5.347537368057977290E-15, 65.71944358460653746 ) ) ;
#3812 = CARTESIAN_POINT ( 'NONE',  ( 10.26199062106745608, -3.599999999999998757, -64.48234513210034891 ) ) ;
#3813 = CARTESIAN_POINT ( 'NONE',  ( -3.998494685511754909, 0.000000000000000000, 66.80000562557466992 ) ) ;
#3814 = CARTESIAN_POINT ( 'NONE',  ( -6.341302179268884842, 5.772682526738209347E-15, 66.05643424466607883 ) ) ;
#3815 = CARTESIAN_POINT ( 'NONE',  ( -8.906913366435933455, -3.600000000000000089, -65.21836459469876957 ) ) ;
#3816 = VECTOR ( 'NONE', #6669, 1000.000000000000000 ) ;
#3817 = CARTESIAN_POINT ( 'NONE',  ( 16.76174017931399618, -0.03847739774651354194, 33.54304408312579255 ) ) ;
#3818 = B_SPLINE_SURFACE_WITH_KNOTS ( 'NONE', 3, 1, ( 
 ( #6372, #3507 ),
 ( #2276, #5227 ),
 ( #6449, #25 ),
 ( #4083, #1074 ),
 ( #6337, #2354 ),
 ( #5836, #5270 ),
 ( #1188, #7499 ),
 ( #2239, #5185 ),
 ( #3472, #3396 ),
 ( #5309, #4576 ),
 ( #5798, #1224 ),
 ( #5722, #7046 ),
 ( #4613, #559 ),
 ( #5762, #7548 ) ),
 .UNSPECIFIED., .F., .F., .F.,
 ( 4, 1, 1, 1, 1, 1, 1, 1, 1, 1, 1, 4 ),
 ( 2, 2 ),
 ( -2.013553661706793322E-07, 0.06250078456978254426, 0.1250017704949312469, 0.1875027564200799635, 0.2500037423452286522, 0.3750057141955260853, 0.5000076860458234629, 0.6250096578961208404, 0.6875106438212695847, 0.7500116297464183290, 0.8750136015967157066, 1.000015573447013084 ),
 ( 0.000000000000000000, 1.000000000000000000 ),
 .UNSPECIFIED. ) ;
#3819 = CARTESIAN_POINT ( 'NONE',  ( 14.74353571773786875, 6.025856169413616381E-15, 50.26777293377317335 ) ) ;
#3820 = EDGE_CURVE ( 'NONE', #3950, #6936, #3988, .T. ) ;
#3821 = CARTESIAN_POINT ( 'NONE',  ( 11.44496406565403035, -0.7999999999999998224, 57.74098495785162299 ) ) ;
#3822 = ORIENTED_EDGE ( 'NONE', *, *, #3239, .F. ) ;
#3823 = DIRECTION ( 'NONE',  ( 0.000000000000000000, 1.000000000000000000, 0.000000000000000000 ) ) ;
#3824 = CARTESIAN_POINT ( 'NONE',  ( 3.977214063047713299, -0.8000000000000002665, 64.92309559406801611 ) ) ;
#3825 = CARTESIAN_POINT ( 'NONE',  ( -9.947946597245646672, -3.000000000000010658, 63.41147080912816136 ) ) ;
#3826 = CARTESIAN_POINT ( 'NONE',  ( -1.968844643023578866, -2.000000000000000000, 66.87634621692822634 ) ) ;
#3827 = CARTESIAN_POINT ( 'NONE',  ( 9.432596829312702269, 5.597905744143380930E-15, 62.99896436742406536 ) ) ;
#3828 = VERTEX_POINT ( 'NONE', #4702 ) ;
#3829 = CARTESIAN_POINT ( 'NONE',  ( 15.94598132626042641, -3.600000000000001421, -57.52242645172869828 ) ) ;
#3830 = CARTESIAN_POINT ( 'NONE',  ( -11.61597746063123004, -3.000000000000010658, -64.30498037198057659 ) ) ;
#3831 = CARTESIAN_POINT ( 'NONE',  ( -2.000000000000005329, -0.8000000000000000444, -64.92304473782995444 ) ) ;
#3832 = ADVANCED_FACE ( 'NONE', ( #4142 ), #5926, .F. ) ;
#3833 = CARTESIAN_POINT ( 'NONE',  ( -14.27110547951185815, -0.7999999999999950484, 42.53279113806773637 ) ) ;
#3834 = CARTESIAN_POINT ( 'NONE',  ( -17.29877598769610358, -3.600000000000000977, 31.33554705884766278 ) ) ;
#3835 = CYLINDRICAL_SURFACE ( 'NONE', #1699, 2.149999999999995470 ) ;
#3836 = ORIENTED_EDGE ( 'NONE', *, *, #3142, .F. ) ;
#3837 = CARTESIAN_POINT ( 'NONE',  ( -5.905759339982328271, -0.8000000000000001554, 65.38504660905451260 ) ) ;
#3838 = CARTESIAN_POINT ( 'NONE',  ( 1.732617735837858497, -3.000000000000010214, -67.26341851069997801 ) ) ;
#3839 = CARTESIAN_POINT ( 'NONE',  ( 10.83854483537299984, -3.000000000000011102, 62.17496325000202972 ) ) ;
#3840 = CARTESIAN_POINT ( 'NONE',  ( -14.25575799097778074, -1.499999999999999556, -33.15427299466725231 ) ) ;
#3841 = CARTESIAN_POINT ( 'NONE',  ( -14.43097925629599843, 5.917763707361508235E-15, 51.48739069613570507 ) ) ;
#3842 = CARTESIAN_POINT ( 'NONE',  ( 4.018917367402601748, -0.7999999999999988232, 65.99965180441883206 ) ) ;
#3843 = ORIENTED_EDGE ( 'NONE', *, *, #3007, .F. ) ;
#3844 = CARTESIAN_POINT ( 'NONE',  ( 17.26857397996541366, -3.600000000000001421, -45.18110556369107655 ) ) ;
#3845 = DIRECTION ( 'NONE',  ( -0.9999999999933388839, 0.000000000000000000, -3.649975734068400088E-06 ) ) ;
#3846 = EDGE_CURVE ( 'NONE', #115, #1537, #7338, .T. ) ;
#3847 = AXIS2_PLACEMENT_3D ( 'NONE', #3548, #5800, #3509 ) ;
#3848 = CARTESIAN_POINT ( 'NONE',  ( 11.56083821382236287, 5.747762242072165361E-15, 59.40021354111465257 ) ) ;
#3849 = CARTESIAN_POINT ( 'NONE',  ( 9.628453093796920825, -3.600000000000000089, -64.85295582634212508 ) ) ;
#3850 = CARTESIAN_POINT ( 'NONE',  ( -7.533123011820720194, -3.000000000000010658, 65.83467889267632245 ) ) ;
#3851 = CARTESIAN_POINT ( 'NONE',  ( -6.828858779660025746, 5.848502429853685859E-15, 65.72844237073896068 ) ) ;
#3852 = CARTESIAN_POINT ( 'NONE',  ( -3.077809335190885065, -3.600000000000000089, -66.63244346121744854 ) ) ;
#3853 = CARTESIAN_POINT ( 'NONE',  ( 13.85274484486165569, -0.03847720558739489011, 53.38743139803715820 ) ) ;
#3854 = CARTESIAN_POINT ( 'NONE',  ( 10.37394411715072806, -0.8000000000000002665, 59.97170483429663079 ) ) ;
#3855 = VERTEX_POINT ( 'NONE', #4816 ) ;
#3856 = CARTESIAN_POINT ( 'NONE',  ( -10.90059614963014845, 5.483468896481215073E-15, 60.66986292260808256 ) ) ;
#3857 = CARTESIAN_POINT ( 'NONE',  ( -4.237108882984274238, -3.000000000000008882, 66.87572354469301672 ) ) ;
#3858 = CARTESIAN_POINT ( 'NONE',  ( 4.900471505777231229, -0.7999999999999866107, 64.70946747325594117 ) ) ;
#3859 = CARTESIAN_POINT ( 'NONE',  ( -17.85574020768672554, -2.000000000000000000, 11.10922738596742043 ) ) ;
#3860 = LINE ( 'NONE', #5149, #4860 ) ;
#3861 = CARTESIAN_POINT ( 'NONE',  ( -10.84340865733237713, -3.000000000000011546, 62.17055355113115667 ) ) ;
#3862 = CARTESIAN_POINT ( 'NONE',  ( 5.474782092288274171, -2.299999999999999822, 31.97813305171905185 ) ) ;
#3863 = CARTESIAN_POINT ( 'NONE',  ( 10.10364388136683722, 5.529594157987658456E-15, 62.01373086136807444 ) ) ;
#3864 = VERTEX_POINT ( 'NONE', #1275 ) ;
#3865 = CARTESIAN_POINT ( 'NONE',  ( 16.42481282859055725, -3.599999999999999645, -56.23985929224987501 ) ) ;
#3866 = CARTESIAN_POINT ( 'NONE',  ( -6.491041522454002788, -0.7999999999999999334, -25.34298605861921772 ) ) ;
#3867 = CARTESIAN_POINT ( 'NONE',  ( -17.82086168601938780, -3.000000000000010658, -52.72503012934539868 ) ) ;
#3868 = CARTESIAN_POINT ( 'NONE',  ( -4.718439951996558079, -0.7999999999999914957, 64.78700902063002331 ) ) ;
#3869 = CARTESIAN_POINT ( 'NONE',  ( -17.29996368416125563, -3.599999999999999201, 30.28399556443628526 ) ) ;
#3870 = ORIENTED_EDGE ( 'NONE', *, *, #6725, .T. ) ;
#3871 = CARTESIAN_POINT ( 'NONE',  ( 4.003538284453607154, -3.000000000000009770, 66.87633353265785274 ) ) ;
#3872 = CARTESIAN_POINT ( 'NONE',  ( -6.119576879470100650, -0.7999999999999996003, 65.24821434403324361 ) ) ;
#3873 = CARTESIAN_POINT ( 'NONE',  ( 11.14118689992852573, -3.599999999999999201, -63.91412913775540261 ) ) ;
#3874 = CARTESIAN_POINT ( 'NONE',  ( 14.45530058639438842, -3.000000000000010214, 54.57895011177542699 ) ) ;
#3875 = CARTESIAN_POINT ( 'NONE',  ( -9.828436763036679125, -3.600000000000000533, 62.57648507125766457 ) ) ;
#3876 = CARTESIAN_POINT ( 'NONE',  ( -16.80017933121263596, 5.865715825285043992E-15, 32.83830232856586662 ) ) ;
#3877 = ORIENTED_EDGE ( 'NONE', *, *, #7287, .T. ) ;
#3878 = CARTESIAN_POINT ( 'NONE',  ( 17.27834845951278453, -3.600000000000000089, -45.81353845934809499 ) ) ;
#3879 = CARTESIAN_POINT ( 'NONE',  ( -4.000124008042184265, 5.239599433988407655E-15, 66.79998769376211953 ) ) ;
#3880 = CARTESIAN_POINT ( 'NONE',  ( 14.09132830263792080, 5.591595572769078080E-15, 52.70641599615202466 ) ) ;
#3881 = CARTESIAN_POINT ( 'NONE',  ( 10.76494019359087240, -3.599999999999999201, -64.16623800126554045 ) ) ;
#3882 = DIRECTION ( 'NONE',  ( -0.000000000000000000, 1.000000000000000000, 0.000000000000000000 ) ) ;
#3883 = AXIS2_PLACEMENT_3D ( 'NONE', #2792, #5118, #7429 ) ;
#3884 = CARTESIAN_POINT ( 'NONE',  ( -7.237881497982423085, 5.605721671917313413E-15, 65.40778810986284952 ) ) ;
#3885 = CARTESIAN_POINT ( 'NONE',  ( -7.767037939475713415, -3.600000000000000977, -65.69753085356062172 ) ) ;
#3886 = CARTESIAN_POINT ( 'NONE',  ( 2.447145089021364406, -1.779949199898000378, -5.881405155196251400 ) ) ;
#3887 = CARTESIAN_POINT ( 'NONE',  ( 14.49052030356102705, -0.03847733670011541096, 51.13411221895316316 ) ) ;
#3888 = CARTESIAN_POINT ( 'NONE',  ( 3.943771363211876958E-07, -3.600000000000000089, 66.87631535813137873 ) ) ;
#3889 = CARTESIAN_POINT ( 'NONE',  ( 9.971640497453268637, -0.7999999999999997113, 60.69468225088514401 ) ) ;
#3890 = EDGE_CURVE ( 'NONE', #3415, #6415, #6400, .T. ) ;
#3891 = CIRCLE ( 'NONE', #4382, 2.149999999999999023 ) ;
#3892 = ORIENTED_EDGE ( 'NONE', *, *, #7287, .F. ) ;
#3893 = CARTESIAN_POINT ( 'NONE',  ( -12.89501654007422715, 5.780102589537332799E-15, 56.30247094064446145 ) ) ;
#3894 = DIRECTION ( 'NONE',  ( 0.000000000000000000, 0.000000000000000000, -1.000000000000000000 ) ) ;
#3895 = CARTESIAN_POINT ( 'NONE',  ( -10.65143842400984475, -3.599999999999999201, -64.23800853754629259 ) ) ;
#3896 = CARTESIAN_POINT ( 'NONE',  ( 14.92325783702368724, -0.8000000000000001554, 33.51141998173569903 ) ) ;
#3897 = CARTESIAN_POINT ( 'NONE',  ( 15.26338393772592461, -0.7999999999999999334, 32.00022345117621114 ) ) ;
#3898 = VECTOR ( 'NONE', #1030, 1000.000000000000000 ) ;
#3899 = CIRCLE ( 'NONE', #601, 6.921320343559668409 ) ;
#3900 = DIRECTION ( 'NONE',  ( -0.000000000000000000, -1.000000000000000000, -0.000000000000000000 ) ) ;
#3901 = LINE ( 'NONE', #2744, #7282 ) ;
#3902 = CARTESIAN_POINT ( 'NONE',  ( -1.968844643023578866, -3.000000000000010658, 66.87634621692822634 ) ) ;
#3903 = CARTESIAN_POINT ( 'NONE',  ( 7.330427489255647799, 5.707645936434065810E-15, 65.33025130732097807 ) ) ;
#3904 = CYLINDRICAL_SURFACE ( 'NONE', #2283, 1.449999999999999956 ) ;
#3905 = CARTESIAN_POINT ( 'NONE',  ( 16.94168598775447521, -3.600000000000000977, -54.27232107507333581 ) ) ;
#3906 = DIRECTION ( 'NONE',  ( 0.000000000000000000, 0.000000000000000000, 1.000000000000000000 ) ) ;
#3907 = CARTESIAN_POINT ( 'NONE',  ( -14.25575799097778784, -3.100000000000033840, 27.00011359384848220 ) ) ;
#3908 = CARTESIAN_POINT ( 'NONE',  ( 17.82086168601930964, -2.000000000000000000, -52.72503012935123223 ) ) ;
#3909 = CARTESIAN_POINT ( 'NONE',  ( -17.28862214154636945, -3.600000000000000089, 32.61472292986120891 ) ) ;
#3910 = CARTESIAN_POINT ( 'NONE',  ( 17.90562086730401603, -2.000000000000000000, 24.29046623263749183 ) ) ;
#3911 = EDGE_CURVE ( 'NONE', #6358, #2892, #4450, .T. ) ;
#3912 = VERTEX_POINT ( 'NONE', #2408 ) ;
#3913 = CARTESIAN_POINT ( 'NONE',  ( -6.867352410489369952, -0.7999999999999998224, 64.67330609643892103 ) ) ;
#3914 = CARTESIAN_POINT ( 'NONE',  ( 6.881629940118520139, -3.000000000000010214, -66.61976533442117443 ) ) ;
#3915 = CARTESIAN_POINT ( 'NONE',  ( 10.49335956791236057, -3.000000000000011990, 62.67987158119220226 ) ) ;
#3916 = CARTESIAN_POINT ( 'NONE',  ( -3.810036809055219020, -2.100000000000000089, -13.51311261042054213 ) ) ;
#3917 = DIRECTION ( 'NONE',  ( -1.122798366328030641E-16, -0.000000000000000000, -1.000000000000000000 ) ) ;
#3918 = ORIENTED_EDGE ( 'NONE', *, *, #4054, .T. ) ;
#3919 = DIRECTION ( 'NONE',  ( -1.122798366328030887E-16, -1.577721810442023436E-30, -1.000000000000000000 ) ) ;
#3920 = DIRECTION ( 'NONE',  ( 0.1500202732922523152, 0.000000000000000000, -0.9886829206582451457 ) ) ;
#3921 = CARTESIAN_POINT ( 'NONE',  ( 9.019883122926456664, 5.669596888495023231E-15, 63.54480437990671504 ) ) ;
#3922 = CARTESIAN_POINT ( 'NONE',  ( 9.944592930297311284, -3.600000000000000089, -64.67335725689368076 ) ) ;
#3923 = DIRECTION ( 'NONE',  ( 0.000000000000000000, 0.000000000000000000, -1.000000000000000000 ) ) ;
#3924 = CARTESIAN_POINT ( 'NONE',  ( -8.551121912496148170, 5.342623914468231342E-15, 64.11146187884720860 ) ) ;
#3925 = CARTESIAN_POINT ( 'NONE',  ( -10.62559441782469882, -3.600000000000000089, -64.25434393836687264 ) ) ;
#3926 = LINE ( 'NONE', #6255, #3898 ) ;
#3927 = CARTESIAN_POINT ( 'NONE',  ( 15.33932608181540047, -0.8000000000047274851, 42.67121739124860369 ) ) ;
#3928 = EDGE_CURVE ( 'NONE', #6964, #892, #1898, .T. ) ;
#3929 = DIRECTION ( 'NONE',  ( 0.000000000000000000, 0.000000000000000000, 1.000000000000000000 ) ) ;
#3930 = CARTESIAN_POINT ( 'NONE',  ( 12.89690191833939892, -0.8000000000000000444, 53.87166485083893974 ) ) ;
#3931 = ORIENTED_EDGE ( 'NONE', *, *, #7191, .T. ) ;
#3932 = CARTESIAN_POINT ( 'NONE',  ( -8.441429259566644916, 5.785464988152818125E-15, 64.23526254396024626 ) ) ;
#3933 = VERTEX_POINT ( 'NONE', #5115 ) ;
#3934 = CARTESIAN_POINT ( 'NONE',  ( -1.691041070407091951, 42.96802058166520766, -58.94298593906940908 ) ) ;
#3935 = CARTESIAN_POINT ( 'NONE',  ( -10.72975267853652070, -3.600000000000000977, -64.18853647581637745 ) ) ;
#3936 = CARTESIAN_POINT ( 'NONE',  ( -17.25307584949585404, -3.599999999999999645, -50.81855127832909602 ) ) ;
#3937 = FACE_OUTER_BOUND ( 'NONE', #7107, .T. ) ;
#3938 = EDGE_CURVE ( 'NONE', #1537, #556, #7078, .T. ) ;
#3939 = FACE_OUTER_BOUND ( 'NONE', #6033, .T. ) ;
#3940 = LINE ( 'NONE', #7503, #3648 ) ;
#3941 = FACE_OUTER_BOUND ( 'NONE', #1281, .T. ) ;
#3942 = CARTESIAN_POINT ( 'NONE',  ( 9.621618940903417183, 5.659263479249953957E-15, 62.73266413212266457 ) ) ;
#3943 = FACE_OUTER_BOUND ( 'NONE', #5530, .T. ) ;
#3944 = CARTESIAN_POINT ( 'NONE',  ( 13.58358029880533380, -3.000000000000011546, -62.41816559985454660 ) ) ;
#3945 = EDGE_CURVE ( 'NONE', #1659, #6358, #2167, .T. ) ;
#3946 = CARTESIAN_POINT ( 'NONE',  ( 4.907786137736275478, 0.000000000000000000, 68.59468013381582807 ) ) ;
#3947 = DIRECTION ( 'NONE',  ( 0.000000000000000000, -0.000000000000000000, -1.000000000000000000 ) ) ;
#3948 = DIRECTION ( 'NONE',  ( 0.000000000000000000, -0.7071067811865430208, -0.7071067811865521247 ) ) ;
#3949 = LINE ( 'NONE', #1127, #5958 ) ;
#3950 = VERTEX_POINT ( 'NONE', #5724 ) ;
#3951 = LINE ( 'NONE', #5741, #2757 ) ;
#3952 = CARTESIAN_POINT ( 'NONE',  ( -12.14686498317014696, -0.7999999999999996003, 56.01912514188780534 ) ) ;
#3953 = CARTESIAN_POINT ( 'NONE',  ( 10.10265480595095333, -3.600000000000000089, -64.57975163837234334 ) ) ;
#3954 = CARTESIAN_POINT ( 'NONE',  ( -7.612609884760315637, -0.03847491665679560885, 65.04030720566083801 ) ) ;
#3955 = CARTESIAN_POINT ( 'NONE',  ( -10.52085443995235714, -3.599999999999999645, 61.56510687605852183 ) ) ;
#3956 = CARTESIAN_POINT ( 'NONE',  ( -15.80909526084842120, 5.282657141444910232E-15, 44.92264236338849059 ) ) ;
#3957 = EDGE_LOOP ( 'NONE', ( #544, #4928, #7351, #1424 ) ) ;
#3958 = EDGE_LOOP ( 'NONE', ( #6343, #3457, #4423, #7543 ) ) ;
#3959 = CARTESIAN_POINT ( 'NONE',  ( 3.779555083005836202, -2.299999999999999822, 43.15023635439071370 ) ) ;
#3960 = CARTESIAN_POINT ( 'NONE',  ( 13.72260832100928596, 5.616823787571680768E-15, 53.91557106348452066 ) ) ;
#3961 = FACE_OUTER_BOUND ( 'NONE', #3151, .T. ) ;
#3962 = DIRECTION ( 'NONE',  ( 0.9999999999933387729, 0.000000000000000000, 3.649975734068399665E-06 ) ) ;
#3963 = CARTESIAN_POINT ( 'NONE',  ( -7.059196968505089487, 5.608663476765321684E-15, 65.55225822094934074 ) ) ;
#3964 = CARTESIAN_POINT ( 'NONE',  ( -0.3752059694143712876, -3.599999999999999645, -66.65552910060769420 ) ) ;
#3965 = CARTESIAN_POINT ( 'NONE',  ( 11.55038337167996154, -0.7999999999978893994, 57.51664299471445929 ) ) ;
#3966 = CARTESIAN_POINT ( 'NONE',  ( -5.015359605249032349, -2.000000000000000000, -68.32383553124179798 ) ) ;
#3967 = CARTESIAN_POINT ( 'NONE',  ( 17.29900545993763927, -3.599999999999998312, 31.25684679211335038 ) ) ;
#3968 = CARTESIAN_POINT ( 'NONE',  ( 6.734625332190393721, -0.8000000000000000444, 64.78554857778915732 ) ) ;
#3969 = EDGE_LOOP ( 'NONE', ( #5028, #2516 ) ) ;
#3970 = CARTESIAN_POINT ( 'NONE',  ( -11.65317989432217338, 5.826590460482643046E-15, 59.21017519318947819 ) ) ;
#3971 = LINE ( 'NONE', #2704, #731 ) ;
#3972 = ADVANCED_FACE ( 'NONE', ( #3937 ), #421, .F. ) ;
#3973 = CARTESIAN_POINT ( 'NONE',  ( -17.26136057926088796, -3.600000000000001865, -44.69741445100326871 ) ) ;
#3974 = CARTESIAN_POINT ( 'NONE',  ( -17.85576521892979684, -3.000000000000998757, -43.79026923239790392 ) ) ;
#3975 = CARTESIAN_POINT ( 'NONE',  ( -13.14437535914678534, -3.000000000000010658, 57.91945986312846628 ) ) ;
#3976 = CARTESIAN_POINT ( 'NONE',  ( 3.987453433351609178, -0.1469889951008144235, 66.65304577898970706 ) ) ;
#3977 = FACE_OUTER_BOUND ( 'NONE', #6297, .T. ) ;
#3978 = CARTESIAN_POINT ( 'NONE',  ( 6.170885602689111238, 5.705206348184671841E-15, 66.15919369248274506 ) ) ;
#3979 = EDGE_LOOP ( 'NONE', ( #4515, #1034, #3422, #6887 ) ) ;
#3980 = CARTESIAN_POINT ( 'NONE',  ( 17.22503285228854253, -3.600000000000000533, -51.91278490330950035 ) ) ;
#3981 = CARTESIAN_POINT ( 'NONE',  ( -16.84003432361661723, -2.000000000000000000, 49.19182292816817181 ) ) ;
#3982 = LINE ( 'NONE', #6311, #6190 ) ;
#3983 = CARTESIAN_POINT ( 'NONE',  ( 3.994693249030360650E-07, 42.96802058166520766, -16.03897268892623629 ) ) ;
#3984 = CARTESIAN_POINT ( 'NONE',  ( -17.29844604337950287, -3.599999999999999645, 28.17639695779035947 ) ) ;
#3985 = CARTESIAN_POINT ( 'NONE',  ( -3.027881891529293323, 17.76640921322866973, 30.68796008735222003 ) ) ;
#3986 = CARTESIAN_POINT ( 'NONE',  ( -3.986731112024944235, -0.8000000000000441203, 64.92305040632911073 ) ) ;
#3987 = CARTESIAN_POINT ( 'NONE',  ( 4.005878079782336343, -0.7999999999999996003, 65.99984108397555360 ) ) ;
#3988 = CIRCLE ( 'NONE', #1668, 1.449999999999999956 ) ;
#3989 = EDGE_LOOP ( 'NONE', ( #3227, #1737, #5512, #4265 ) ) ;
#3990 = CARTESIAN_POINT ( 'NONE',  ( 3.079733081262925332, -3.000000000000010214, 66.87630042731689173 ) ) ;
#3991 = CARTESIAN_POINT ( 'NONE',  ( -12.96314973102117207, -0.7999999999999993783, 53.67280858221145223 ) ) ;
#3992 = CARTESIAN_POINT ( 'NONE',  ( 10.19043741750622445, -3.000000000000010658, -65.22456156802991245 ) ) ;
#3993 = CARTESIAN_POINT ( 'NONE',  ( 9.363400534505116113, -3.000000000000011102, 64.12528910861530562 ) ) ;
#3994 = VECTOR ( 'NONE', #7072, 999.9999999999998863 ) ;
#3995 = VERTEX_POINT ( 'NONE', #487 ) ;
#3996 = CARTESIAN_POINT ( 'NONE',  ( -4.110614345440676054, -0.03847687356936919933, 66.75874442292695221 ) ) ;
#3997 = ORIENTED_EDGE ( 'NONE', *, *, #5006, .F. ) ;
#3998 = CARTESIAN_POINT ( 'NONE',  ( -17.28565322566983653, -3.599999999999999645, -46.33889660180886239 ) ) ;
#3999 = DIRECTION ( 'NONE',  ( 0.000000000000000000, 0.000000000000000000, 1.000000000000000000 ) ) ;
#4000 = PRODUCT_DEFINITION_CONTEXT ( 'detailed design', #7118, 'design' ) ;
#4001 = CARTESIAN_POINT ( 'NONE',  ( 10.25786972196244662, -2.000000000000000000, 64.95463044519343043 ) ) ;
#4002 = CARTESIAN_POINT ( 'NONE',  ( -13.85185709159759782, 5.647051791551868275E-15, 53.51176308595822917 ) ) ;
#4003 = CARTESIAN_POINT ( 'NONE',  ( -16.37098614275138786, -3.599999999999998757, 44.11198673933360226 ) ) ;
#4004 = FACE_BOUND ( 'NONE', #1830, .T. ) ;
#4005 = CARTESIAN_POINT ( 'NONE',  ( 8.757839576556284200, -0.03847926365471263793, 63.81658730529253631 ) ) ;
#4006 = CARTESIAN_POINT ( 'NONE',  ( 15.72994136776864949, -3.600000000000000977, 47.62181202570793204 ) ) ;
#4007 = AXIS2_PLACEMENT_3D ( 'NONE', #5524, #6065, #841 ) ;
#4008 = CARTESIAN_POINT ( 'NONE',  ( 6.426366466742792660, -0.7999999999999999334, 65.02720101538467645 ) ) ;
#4009 = EDGE_LOOP ( 'NONE', ( #7276, #4079, #2093, #2781 ) ) ;
#4010 = CARTESIAN_POINT ( 'NONE',  ( -7.497856170718372404, 5.570543122027303326E-15, 65.18450045297227291 ) ) ;
#4011 = EDGE_CURVE ( 'NONE', #6688, #4784, #1268, .T. ) ;
#4012 = DIRECTION ( 'NONE',  ( -0.000000000000000000, 1.000000000000000000, -0.000000000000000000 ) ) ;
#4013 = CARTESIAN_POINT ( 'NONE',  ( -10.83399651548909581, -3.599999999999999645, -64.12226923113598787 ) ) ;
#4014 = CARTESIAN_POINT ( 'NONE',  ( 0.3681734235309731540, -3.600000000000000533, -66.65549006525530729 ) ) ;
#4015 = CARTESIAN_POINT ( 'NONE',  ( -17.22816684022715350, -3.600000000000001865, -51.83784449671224337 ) ) ;
#4016 = CARTESIAN_POINT ( 'NONE',  ( -3.143088066271879200, 5.637851296924624635E-15, 66.80930136858897583 ) ) ;
#4017 = AXIS2_PLACEMENT_3D ( 'NONE', #6314, #5739, #836 ) ;
#4018 = CARTESIAN_POINT ( 'NONE',  ( 6.249854046862985513, 5.901050098985151640E-15, 66.11262551925386788 ) ) ;
#4019 = CARTESIAN_POINT ( 'NONE',  ( 17.27544585687552470, -3.600000000000000533, -45.62089206256040086 ) ) ;
#4020 = CARTESIAN_POINT ( 'NONE',  ( 13.67959696648816070, -3.000000000000010658, -62.42548451312071478 ) ) ;
#4021 = CIRCLE ( 'NONE', #730, 17.40000000000002700 ) ;
#4022 = LINE ( 'NONE', #5735, #5341 ) ;
#4023 = DIRECTION ( 'NONE',  ( 0.000000000000000000, 0.000000000000000000, -1.000000000000000000 ) ) ;
#4024 = CARTESIAN_POINT ( 'NONE',  ( 17.91365765464525595, -3.000000000000010658, 33.87961325664373646 ) ) ;
#4025 = ORIENTED_EDGE ( 'NONE', *, *, #607, .T. ) ;
#4026 = ADVANCED_FACE ( 'NONE', ( #1568 ), #411, .T. ) ;
#4027 = CARTESIAN_POINT ( 'NONE',  ( -10.22483316663673136, -0.7999999999999996003, 60.23847000703290888 ) ) ;
#4028 = CARTESIAN_POINT ( 'NONE',  ( 8.815105506675548597, -3.000000000000010214, -65.91997739843823467 ) ) ;
#4029 = FACE_OUTER_BOUND ( 'NONE', #1499, .T. ) ;
#4030 = CARTESIAN_POINT ( 'NONE',  ( 17.29038897685208198, -3.600000000000001421, 18.16862507369586055 ) ) ;
#4031 = CARTESIAN_POINT ( 'NONE',  ( 14.59049523501174583, 5.606479186552951271E-15, 50.87945667720352105 ) ) ;
#4032 = ORIENTED_EDGE ( 'NONE', *, *, #778, .F. ) ;
#4033 = EDGE_LOOP ( 'NONE', ( #1495, #7237, #2987, #4671 ) ) ;
#4034 = CARTESIAN_POINT ( 'NONE',  ( -17.26808619927650312, -3.600000000000000977, -45.14851132161798120 ) ) ;
#4035 = LINE ( 'NONE', #12, #1914 ) ;
#4036 = ADVANCED_FACE ( 'NONE', ( #2827 ), #6723, .F. ) ;
#4037 = DIRECTION ( 'NONE',  ( 0.000000000000000000, 1.000000000000000000, 0.000000000000000000 ) ) ;
#4038 = CARTESIAN_POINT ( 'NONE',  ( -15.29290999625014358, 6.037663678509560625E-15, 47.81154883994730653 ) ) ;
#4039 = CARTESIAN_POINT ( 'NONE',  ( -16.61985908078767338, -3.599999999999999201, 42.35992224446964372 ) ) ;
#4040 = CARTESIAN_POINT ( 'NONE',  ( -1.026205740900325347, -3.600000000000000533, -66.66017354077585821 ) ) ;
#4041 = CARTESIAN_POINT ( 'NONE',  ( 9.998747354341407600, -0.03847649885589563001, 62.10976857128230222 ) ) ;
#4042 = CARTESIAN_POINT ( 'NONE',  ( -9.833432819976426487, -3.600000000000000977, 62.56696876838935140 ) ) ;
#4043 = CARTESIAN_POINT ( 'NONE',  ( 15.63932902555706050, -3.600000000000000089, 48.04629167399147605 ) ) ;
#4044 = CARTESIAN_POINT ( 'NONE',  ( 11.23945103166682991, -3.600000000000000089, -63.83783157043751544 ) ) ;
#4045 = CARTESIAN_POINT ( 'NONE',  ( 7.086990168956631031, -0.8000000000000000444, 64.47900039285278240 ) ) ;
#4046 = ORIENTED_EDGE ( 'NONE', *, *, #5961, .T. ) ;
#4047 = CARTESIAN_POINT ( 'NONE',  ( -5.929321854111594625, 5.528300083621003596E-15, 66.29063444846391917 ) ) ;
#4048 = LINE ( 'NONE', #7424, #1457 ) ;
#4049 = CARTESIAN_POINT ( 'NONE',  ( -9.941910431051709907, -3.599999999999999201, -64.67508764295010337 ) ) ;
#4050 = CARTESIAN_POINT ( 'NONE',  ( -12.33703577391769102, -2.000000000000000000, -63.72380043338684885 ) ) ;
#4051 = CARTESIAN_POINT ( 'NONE',  ( -17.13012507305474230, -3.599999999999998757, -53.08107235268113300 ) ) ;
#4052 = CARTESIAN_POINT ( 'NONE',  ( -2.317178227005841862, 5.637851296924620690E-15, 66.81827656874067145 ) ) ;
#4053 = CARTESIAN_POINT ( 'NONE',  ( -17.51499411088896352, -3.000000000000010658, 39.77347983194911052 ) ) ;
#4054 = EDGE_CURVE ( 'NONE', #6688, #4211, #6188, .T. ) ;
#4055 = CARTESIAN_POINT ( 'NONE',  ( 5.233456518403731828, 4.972853243693797550E-15, 66.58793042936451911 ) ) ;
#4056 = ORIENTED_EDGE ( 'NONE', *, *, #3156, .F. ) ;
#4057 = CARTESIAN_POINT ( 'NONE',  ( 17.14721597357431193, -3.599999999999999645, -52.93275736747765592 ) ) ;
#4058 = CARTESIAN_POINT ( 'NONE',  ( -17.63527827863580555, -2.000000000000000000, 44.93204922741900020 ) ) ;
#4059 = CARTESIAN_POINT ( 'NONE',  ( 1.662983769070688789, -1.779949199897996825, -16.03897264750769480 ) ) ;
#4060 = CARTESIAN_POINT ( 'NONE',  ( 16.62724170551483382, -2.000000000000000000, 46.82098848188196172 ) ) ;
#4061 = ORIENTED_EDGE ( 'NONE', *, *, #2847, .F. ) ;
#4062 = CARTESIAN_POINT ( 'NONE',  ( -2.000000000000005329, -2.000000000000000000, -52.00000000000000711 ) ) ;
#4063 = CARTESIAN_POINT ( 'NONE',  ( -12.29133255024906646, -0.7999999999999998224, 55.63193699963338901 ) ) ;
#4064 = CARTESIAN_POINT ( 'NONE',  ( 11.21263651690037655, -3.000000000000011102, -64.59202720356911698 ) ) ;
#4065 = PLANE ( 'NONE',  #4934 ) ;
#4066 = CARTESIAN_POINT ( 'NONE',  ( 14.43126652642833641, 5.512658954957143669E-15, 51.49031571290956322 ) ) ;
#4067 = CARTESIAN_POINT ( 'NONE',  ( -4.709960523963715673, -0.8000000000000017097, 64.78230963637479078 ) ) ;
#4068 = EDGE_LOOP ( 'NONE', ( #587, #3892, #1406, #1360 ) ) ;
#4069 = ORIENTED_EDGE ( 'NONE', *, *, #778, .T. ) ;
#4070 = CARTESIAN_POINT ( 'NONE',  ( -17.29241123473252628, -3.599999999999998757, -47.66626774251847820 ) ) ;
#4071 = DIRECTION ( 'NONE',  ( 0.000000000000000000, -1.000000000000000000, 0.000000000000000000 ) ) ;
#4072 = CARTESIAN_POINT ( 'NONE',  ( -11.61597746063582015, -2.000000000000000000, -64.30498037198010763 ) ) ;
#4073 = CARTESIAN_POINT ( 'NONE',  ( -14.43097925629599843, 5.917763707361508235E-15, 51.48739069613570507 ) ) ;
#4074 = CARTESIAN_POINT ( 'NONE',  ( -0.5630963007717054714, -3.600000000000000533, -66.65668962123012875 ) ) ;
#4075 = CARTESIAN_POINT ( 'NONE',  ( 10.17944277705036349, -0.8000000000012180701, 60.33598985408097093 ) ) ;
#4076 = CARTESIAN_POINT ( 'NONE',  ( 17.24755882842095644, -3.599999999999999201, 34.44662376163943662 ) ) ;
#4077 = ADVANCED_FACE ( 'NONE', ( #6748, #1522 ), #3721, .T. ) ;
#4078 = CARTESIAN_POINT ( 'NONE',  ( 8.723028968803522076, -0.7999999999999997113, 62.61442982848255667 ) ) ;
#4079 = ORIENTED_EDGE ( 'NONE', *, *, #3605, .T. ) ;
#4080 = CARTESIAN_POINT ( 'NONE',  ( -6.491330587221262327, 5.771421067672550326E-15, 65.96146191024365635 ) ) ;
#4081 = CARTESIAN_POINT ( 'NONE',  ( 4.868721608344161567, 5.102417875214862220E-15, 66.69475607438410236 ) ) ;
#4082 = CARTESIAN_POINT ( 'NONE',  ( -10.52025932549263310, -3.000000000000010658, -65.02804306124967582 ) ) ;
#4083 = CARTESIAN_POINT ( 'NONE',  ( -12.03912977495820691, -3.000000000000010658, 60.33183078387104104 ) ) ;
#4084 = CARTESIAN_POINT ( 'NONE',  ( -16.83398066897052203, -3.600000000000001421, -54.77021650044694212 ) ) ;
#4085 = CARTESIAN_POINT ( 'NONE',  ( -17.86524797607930637, -3.000000000000010214, 33.84403658258805336 ) ) ;
#4086 = CARTESIAN_POINT ( 'NONE',  ( 6.766514194793867176, 5.755480642356943702E-15, 65.76967061534723769 ) ) ;
#4087 = CARTESIAN_POINT ( 'NONE',  ( 1.968844643021491425, -3.000000000000010658, 66.87634621692831161 ) ) ;
#4088 = CARTESIAN_POINT ( 'NONE',  ( -11.61597746063123004, -3.000000000000010658, -64.30498037198057659 ) ) ;
#4089 = CARTESIAN_POINT ( 'NONE',  ( -16.54934933872116787, 0.000000000000000000, 50.46334699803484369 ) ) ;
#4090 = DIRECTION ( 'NONE',  ( -0.000000000000000000, -1.000000000000000000, -0.000000000000000000 ) ) ;
#4091 = CARTESIAN_POINT ( 'NONE',  ( 7.533123011813358971, -2.000000000000000444, 65.83467889268183626 ) ) ;
#4092 = SURFACE_STYLE_USAGE ( .BOTH. , #6577 ) ;
#4093 = EDGE_CURVE ( 'NONE', #4139, #5055, #6856, .T. ) ;
#4094 = EDGE_LOOP ( 'NONE', ( #4921, #5664 ) ) ;
#4095 = CARTESIAN_POINT ( 'NONE',  ( 9.087784528057202493, 5.745657892057588217E-15, 63.45832994016879525 ) ) ;
#4096 = CARTESIAN_POINT ( 'NONE',  ( 10.73033080383589244, -3.600000000000000533, 61.23441497630430064 ) ) ;
#4097 = CARTESIAN_POINT ( 'NONE',  ( 11.32413010333492309, -3.000000000000011990, -64.51865139639298263 ) ) ;
#4098 = AXIS2_PLACEMENT_3D ( 'NONE', #7449, #3495, #2227 ) ;
#4099 = EDGE_CURVE ( 'NONE', #735, #3356, #1529, .T. ) ;
#4100 = EDGE_LOOP ( 'NONE', ( #2262, #6795, #2477, #3376 ) ) ;
#4101 = CARTESIAN_POINT ( 'NONE',  ( 10.10511615540712960, -3.000000000000010658, 63.38703717106523783 ) ) ;
#4102 = ORIENTED_EDGE ( 'NONE', *, *, #672, .F. ) ;
#4103 = CARTESIAN_POINT ( 'NONE',  ( -17.27997853743918100, -3.600000000000000533, -49.20210158005492218 ) ) ;
#4104 = VECTOR ( 'NONE', #5395, 1000.000000000000000 ) ;
#4105 = DIRECTION ( 'NONE',  ( -0.000000000000000000, -1.000000000000000000, -0.000000000000000000 ) ) ;
#4106 = CARTESIAN_POINT ( 'NONE',  ( -17.82086168601938780, -2.000000000000000000, -52.72503012934539868 ) ) ;
#4107 = CARTESIAN_POINT ( 'NONE',  ( -13.11434604542953508, 5.471474326742697624E-15, 55.71031204679242421 ) ) ;
#4108 = CARTESIAN_POINT ( 'NONE',  ( -16.18022347924004123, -3.600000000000001421, 45.27371763227758095 ) ) ;
#4109 = CARTESIAN_POINT ( 'NONE',  ( 15.49840598385955559, -3.599999999999999201, 48.69370581647429930 ) ) ;
#4110 = CARTESIAN_POINT ( 'NONE',  ( 6.159697933371617751, -0.8000000000000012657, 63.86518497178518317 ) ) ;
#4111 = CARTESIAN_POINT ( 'NONE',  ( -11.83567907900316030, -3.600000000000000533, 59.28522773282691816 ) ) ;
#4112 = AXIS2_PLACEMENT_3D ( 'NONE', #6274, #3520, #35 ) ;
#4113 = CARTESIAN_POINT ( 'NONE',  ( 14.33402269552891184, -3.600000000000000533, 53.01533627750643518 ) ) ;
#4114 = CARTESIAN_POINT ( 'NONE',  ( -15.87116395192707685, -0.03847746719269548588, 44.37236642468929659 ) ) ;
#4115 = CARTESIAN_POINT ( 'NONE',  ( 5.563697866136911863, -0.8000000000000000444, 65.58082512235664296 ) ) ;
#4116 = CARTESIAN_POINT ( 'NONE',  ( -5.791848273751660336, 5.922356760062025026E-15, 66.35937586214323858 ) ) ;
#4117 = VERTEX_POINT ( 'NONE', #1644 ) ;
#4118 = CARTESIAN_POINT ( 'NONE',  ( 4.998115811088863936, 5.560055268023839466E-15, 66.66098493208835407 ) ) ;
#4119 = CARTESIAN_POINT ( 'NONE',  ( -7.763852252742435844, -3.600000000000000977, -65.70035605259788269 ) ) ;
#4120 = CARTESIAN_POINT ( 'NONE',  ( -14.25575799097778784, -3.100000000000033840, 27.00011359384848220 ) ) ;
#4121 = CARTESIAN_POINT ( 'NONE',  ( -16.88406496717963989, -3.599999999999998757, -54.54536062312403999 ) ) ;
#4122 = CARTESIAN_POINT ( 'NONE',  ( -17.05281606233026181, -3.000000000000011546, 43.61668069747575061 ) ) ;
#4123 = AXIS2_PLACEMENT_3D ( 'NONE', #2705, #5032, #1521 ) ;
#4124 = EDGE_CURVE ( 'NONE', #4681, #6358, #5608, .T. ) ;
#4125 = CARTESIAN_POINT ( 'NONE',  ( 16.79999998124913319, 5.637851296924623057E-15, 32.00001223507095460 ) ) ;
#4126 = CARTESIAN_POINT ( 'NONE',  ( 11.37396206790191044, 5.527940351777081541E-15, 59.77983164171178032 ) ) ;
#4127 = CARTESIAN_POINT ( 'NONE',  ( 5.538101393364256886, 5.743339941694825027E-15, 66.47294509349224256 ) ) ;
#4128 = VERTEX_POINT ( 'NONE', #5033 ) ;
#4129 = VERTEX_POINT ( 'NONE', #2132 ) ;
#4130 = CARTESIAN_POINT ( 'NONE',  ( -3.847944766934157546, -3.600000000000003197, 66.27632432013132302 ) ) ;
#4131 = CARTESIAN_POINT ( 'NONE',  ( -17.26431589818438184, -3.599999999999999645, 12.88210713069436331 ) ) ;
#4132 = CARTESIAN_POINT ( 'NONE',  ( -4.757219781084696564, 0.000000000000000000, 68.59421956477800109 ) ) ;
#4133 = AXIS2_PLACEMENT_3D ( 'NONE', #6776, #1032, #954 ) ;
#4134 = DIRECTION ( 'NONE',  ( -0.5735764363510504893, 0.000000000000000000, 0.8191520442889886899 ) ) ;
#4135 = CARTESIAN_POINT ( 'NONE',  ( 10.10511615540712960, -3.000000000000010658, 63.38703717106523783 ) ) ;
#4136 = CARTESIAN_POINT ( 'NONE',  ( -3.998494299127234974, -2.000000000000000000, 68.60000562557462445 ) ) ;
#4137 = CONICAL_SURFACE ( 'NONE', #6451, 13.99999999999998401, 0.7853981633974547183 ) ;
#4138 = VECTOR ( 'NONE', #4506, 1000.000000000000000 ) ;
#4139 = VERTEX_POINT ( 'NONE', #686 ) ;
#4140 = DIRECTION ( 'NONE',  ( 1.000000000000000000, 0.000000000000000000, 4.872144354628460405E-10 ) ) ;
#4141 = CARTESIAN_POINT ( 'NONE',  ( 15.99652582150504188, 5.601635441057769464E-15, 43.67814307597689094 ) ) ;
#4142 = FACE_OUTER_BOUND ( 'NONE', #5887, .T. ) ;
#4143 = DIRECTION ( 'NONE',  ( 0.000000000000000000, 1.000000000000000000, 0.000000000000000000 ) ) ;
#4144 = DIRECTION ( 'NONE',  ( 0.000000000000000000, -1.000000000000000000, 0.000000000000000000 ) ) ;
#4145 = CARTESIAN_POINT ( 'NONE',  ( 6.924953304055333270, -3.600000000000000089, 65.52842439586373757 ) ) ;
#4146 = EDGE_CURVE ( 'NONE', #2175, #3436, #2735, .T. ) ;
#4147 = CARTESIAN_POINT ( 'NONE',  ( -5.458841560505757862, -0.03847765555370272900, 66.46429701313640237 ) ) ;
#4148 = ORIENTED_EDGE ( 'NONE', *, *, #3259, .T. ) ;
#4149 = CARTESIAN_POINT ( 'NONE',  ( -17.27756565935744604, -3.600000000000000533, -45.76248355449394722 ) ) ;
#4150 = CARTESIAN_POINT ( 'NONE',  ( 14.25575799097778784, -1.499999999999999556, 29.15011359384848078 ) ) ;
#4151 = CARTESIAN_POINT ( 'NONE',  ( -16.31196334058342146, 5.529467532459740826E-15, 41.18434914540313940 ) ) ;
#4152 = CARTESIAN_POINT ( 'NONE',  ( 14.84927812543850223, -3.599999999999999645, 51.26825806209319580 ) ) ;
#4153 = CARTESIAN_POINT ( 'NONE',  ( 5.179546802514681580, -0.03847786057505023227, 66.56553881905416858 ) ) ;
#4154 = CARTESIAN_POINT ( 'NONE',  ( 17.29272384952784591, -3.600000000000000089, 32.25871868976579293 ) ) ;
#4155 = CARTESIAN_POINT ( 'NONE',  ( 5.085250517940137271, -0.8000000000000004885, 65.79138126487953286 ) ) ;
#4156 = CARTESIAN_POINT ( 'NONE',  ( -5.185358157710556526, 5.421438703101625392E-15, 66.60424335538630203 ) ) ;
#4157 = VERTEX_POINT ( 'NONE', #609 ) ;
#4158 = CARTESIAN_POINT ( 'NONE',  ( 4.606115340004860670, 6.452910942537767108E-15, 66.74798334769725727 ) ) ;
#4159 = CARTESIAN_POINT ( 'NONE',  ( -11.24028878327042946, -3.000000000000010214, -64.57402535800633814 ) ) ;
#4160 = CARTESIAN_POINT ( 'NONE',  ( 0.3416530674971385295, -3.600000000000001865, -66.65535231031448404 ) ) ;
#4161 = CARTESIAN_POINT ( 'NONE',  ( -12.90949381524791129, -3.599999999999999645, -62.27919636269739811 ) ) ;
#4162 = CARTESIAN_POINT ( 'NONE',  ( -13.56490621156701160, -2.000000000000000000, 57.07621014246861790 ) ) ;
#4163 = EDGE_CURVE ( 'NONE', #5659, #1973, #3023, .T. ) ;
#4164 = CARTESIAN_POINT ( 'NONE',  ( -17.39322147761602011, -3.000000000000010658, 40.95839087644815635 ) ) ;
#4165 = CARTESIAN_POINT ( 'NONE',  ( 3.997825548661603001, 5.490852506799190580E-15, 66.79996743986518482 ) ) ;
#4166 = ORIENTED_EDGE ( 'NONE', *, *, #1958, .F. ) ;
#4167 = CARTESIAN_POINT ( 'NONE',  ( 6.152030396652926392, -3.000000000000010658, 66.64820333447954681 ) ) ;
#4168 = CARTESIAN_POINT ( 'NONE',  ( -17.27396466243373752, -3.600000000000000533, 14.72828960251456287 ) ) ;
#4169 = CARTESIAN_POINT ( 'NONE',  ( -7.925568520633705205, -2.000000000000000000, 67.16158576645769074 ) ) ;
#4170 = CARTESIAN_POINT ( 'NONE',  ( -15.32329065182630501, -2.000000000000000000, -60.19577039125361040 ) ) ;
#4171 = CARTESIAN_POINT ( 'NONE',  ( -4.580855483605018819, -3.599999999999999645, 66.26782996258819480 ) ) ;
#4172 = ADVANCED_FACE ( 'NONE', ( #6339 ), #6161, .T. ) ;
#4173 = VERTEX_POINT ( 'NONE', #1153 ) ;
#4174 = CARTESIAN_POINT ( 'NONE',  ( 6.626292988033621434, -2.000000000000000000, 68.02051128489466691 ) ) ;
#4175 = DIRECTION ( 'NONE',  ( -0.5735764363510401642, -0.000000000000000000, 0.8191520442889959064 ) ) ;
#4176 = CARTESIAN_POINT ( 'NONE',  ( -2.962034950016975934E-06, -3.600000000000000089, -67.25441558775045792 ) ) ;
#4177 = CARTESIAN_POINT ( 'NONE',  ( -15.98832214886286884, -0.8000000000000003775, 33.66004697234374277 ) ) ;
#4178 = CARTESIAN_POINT ( 'NONE',  ( 5.038367074921811906, -3.599999999999999201, 66.23005436155470704 ) ) ;
#4179 = CARTESIAN_POINT ( 'NONE',  ( -15.86778172725612457, -3.600000000000000089, 46.94568185758885193 ) ) ;
#4180 = CARTESIAN_POINT ( 'NONE',  ( 17.29847639038784024, -3.600000000000001421, 28.82884884444052531 ) ) ;
#4181 = CARTESIAN_POINT ( 'NONE',  ( 17.91365765464525595, -3.000000000000010658, 33.87961325664373646 ) ) ;
#4182 = ORIENTED_EDGE ( 'NONE', *, *, #3712, .T. ) ;
#4183 = PLANE ( 'NONE',  #6896 ) ;
#4184 = CARTESIAN_POINT ( 'NONE',  ( -4.372625439108849044, -0.7999999999999998224, 65.97338236496935338 ) ) ;
#4185 = CARTESIAN_POINT ( 'NONE',  ( -17.23997119288050683, -3.600000000000001421, 34.71283554807114058 ) ) ;
#4186 = CARTESIAN_POINT ( 'NONE',  ( 16.83750683302735851, -3.600000000000000089, 40.59513868794996938 ) ) ;
#4187 = CARTESIAN_POINT ( 'NONE',  ( -8.415306848304211940, -3.599999999999999645, 64.26477035397913085 ) ) ;
#4188 = CARTESIAN_POINT ( 'NONE',  ( 5.634259334805427955, -0.8000000000000163647, 64.27266843414113850 ) ) ;
#4189 = DIRECTION ( 'NONE',  ( -0.000000000000000000, -1.000000000000000000, -0.000000000000000000 ) ) ;
#4190 = CARTESIAN_POINT ( 'NONE',  ( 12.41023540960587646, -3.599999999999999645, 58.08642484030433906 ) ) ;
#4191 = PLANE ( 'NONE',  #2694 ) ;
#4192 = CARTESIAN_POINT ( 'NONE',  ( 6.126569156639249947, -0.8000000000000000444, 65.24132747164311752 ) ) ;
#4193 = CARTESIAN_POINT ( 'NONE',  ( -6.353914517946878782, 5.570630416573500106E-15, 66.04866212277264026 ) ) ;
#4194 = VERTEX_POINT ( 'NONE', #4615 ) ;
#4195 = CARTESIAN_POINT ( 'NONE',  ( 6.197292725042367501, 5.808333363858300980E-15, 66.14380750135759968 ) ) ;
#4196 = CARTESIAN_POINT ( 'NONE',  ( -9.736248639114299053, -3.000000000000010214, -65.47560381043798827 ) ) ;
#4197 = CARTESIAN_POINT ( 'NONE',  ( -16.21644585338828293, -3.599999999999999201, -56.85295861568997822 ) ) ;
#4198 = CARTESIAN_POINT ( 'NONE',  ( -3.989968272550546313, 5.637851296924622268E-15, 66.80009828249588111 ) ) ;
#4199 = CARTESIAN_POINT ( 'NONE',  ( 17.71609959482391616, -3.000000000000010214, -53.23213748142623558 ) ) ;
#4200 = CARTESIAN_POINT ( 'NONE',  ( 15.59906242346968064, -0.7999999999999998224, 40.27367922715432513 ) ) ;
#4201 = ORIENTED_EDGE ( 'NONE', *, *, #3703, .T. ) ;
#4202 = EDGE_CURVE ( 'NONE', #2302, #4139, #7437, .T. ) ;
#4203 = ORIENTED_EDGE ( 'NONE', *, *, #7512, .T. ) ;
#4204 = FACE_OUTER_BOUND ( 'NONE', #1694, .T. ) ;
#4205 = CARTESIAN_POINT ( 'NONE',  ( -17.25573419019989174, -3.600000000000000089, 11.10922713956579599 ) ) ;
#4206 = CARTESIAN_POINT ( 'NONE',  ( -15.87346098412140449, -2.000000000000000000, 53.03685015818281556 ) ) ;
#4207 = DIRECTION ( 'NONE',  ( 0.000000000000000000, -1.000000000000000000, 0.000000000000000000 ) ) ;
#4208 = CARTESIAN_POINT ( 'NONE',  ( -17.21730795105163025, -3.600000000000000089, -52.06746884376886442 ) ) ;
#4209 = CARTESIAN_POINT ( 'NONE',  ( 12.68996836512060966, -0.03847939552996824941, 56.75230724647811797 ) ) ;
#4210 = CARTESIAN_POINT ( 'NONE',  ( 13.05696321063513921, -3.599999999999999201, -62.10760038431958918 ) ) ;
#4211 = VERTEX_POINT ( 'NONE', #6932 ) ;
#4212 = CARTESIAN_POINT ( 'NONE',  ( 6.626292988033621434, 0.000000000000000000, 68.02051128489466691 ) ) ;
#4213 = CARTESIAN_POINT ( 'NONE',  ( 15.15976717259103701, 5.619683413729792750E-15, 48.42775694309212042 ) ) ;
#4214 = CARTESIAN_POINT ( 'NONE',  ( 11.61597746056947678, -2.000000000000000000, -64.30498037203024353 ) ) ;
#4215 = CARTESIAN_POINT ( 'NONE',  ( -3.989187102055131717, -0.7830527609487959451, 65.26446330430216847 ) ) ;
#4216 = CARTESIAN_POINT ( 'NONE',  ( 3.652428360360954418, -3.599999999999999201, 66.27631117239023695 ) ) ;
#4217 = ADVANCED_FACE ( 'NONE', ( #561 ), #4840, .T. ) ;
#4218 = CARTESIAN_POINT ( 'NONE',  ( -4.776882525037247085, -0.8000000000000017097, 64.75675218211800654 ) ) ;
#4219 = VERTEX_POINT ( 'NONE', #4780 ) ;
#4220 = VERTEX_POINT ( 'NONE', #167 ) ;
#4221 = CARTESIAN_POINT ( 'NONE',  ( 5.999335582529618627, -3.599999999999999201, 65.99088718481678484 ) ) ;
#4222 = CARTESIAN_POINT ( 'NONE',  ( -3.753827322264857269, -0.8000000000000002665, 66.00261720136666099 ) ) ;
#4223 = CARTESIAN_POINT ( 'NONE',  ( 3.584223716484048694, -3.599999999999999201, -66.59988782242672301 ) ) ;
#4224 = CARTESIAN_POINT ( 'NONE',  ( 17.27194537363002880, -3.600000000000000977, 33.56035747221730503 ) ) ;
#4225 = CARTESIAN_POINT ( 'NONE',  ( -7.177219486539234694, -3.600000000000000089, 65.35163367637153442 ) ) ;
#4226 = CARTESIAN_POINT ( 'NONE',  ( 6.122828764746730101, -0.7999999999993641087, 65.24405823038023300 ) ) ;
#4227 = CARTESIAN_POINT ( 'NONE',  ( 13.10198417342593302, -3.600000000000000533, 56.47930933188028746 ) ) ;
#4228 = CARTESIAN_POINT ( 'NONE',  ( -16.42713889431483310, -0.03847651471017920349, 39.75354452282968509 ) ) ;
#4229 = FACE_OUTER_BOUND ( 'NONE', #5956, .T. ) ;
#4230 = CARTESIAN_POINT ( 'NONE',  ( 5.060671194409673390, -0.8000000000000003775, 65.80048360392660811 ) ) ;
#4231 = CARTESIAN_POINT ( 'NONE',  ( -4.315986806341246762, 5.639198771444259987E-15, 66.78415170936924028 ) ) ;
#4232 = CARTESIAN_POINT ( 'NONE',  ( 5.214948127250504939, 5.533050267110954114E-15, 66.59420854400040923 ) ) ;
#4233 = CARTESIAN_POINT ( 'NONE',  ( -1.731297928756589499, -3.600000000000000089, -66.66341250008937891 ) ) ;
#4234 = CARTESIAN_POINT ( 'NONE',  ( 4.198964072463271080, -3.600000000000000089, -66.54012731540446168 ) ) ;
#4235 = CARTESIAN_POINT ( 'NONE',  ( -14.69940702721180337, -3.600000000000000533, -59.92046264612293527 ) ) ;
#4236 = CARTESIAN_POINT ( 'NONE',  ( -1.731757230047390017, -3.000000000000010214, -67.26341543025792191 ) ) ;
#4237 = CARTESIAN_POINT ( 'NONE',  ( -5.791848273751660336, 5.922356760062025026E-15, 66.35937586214323858 ) ) ;
#4238 = CARTESIAN_POINT ( 'NONE',  ( -17.89809551049970793, -3.000000000000011990, 31.76778367591953511 ) ) ;
#4239 = AXIS2_PLACEMENT_3D ( 'NONE', #571, #2917, #7556 ) ;
#4240 = CARTESIAN_POINT ( 'NONE',  ( 17.38010169592914167, -3.000000000000009326, -55.07397059562200781 ) ) ;
#4241 = EDGE_CURVE ( 'NONE', #3436, #931, #1920, .T. ) ;
#4242 = CARTESIAN_POINT ( 'NONE',  ( 4.003905156324162107, 5.931848877175278173E-15, 66.79991401892704062 ) ) ;
#4243 = AXIS2_PLACEMENT_3D ( 'NONE', #3638, #4857, #7217 ) ;
#4244 = ORIENTED_EDGE ( 'NONE', *, *, #4604, .F. ) ;
#4245 = ORIENTED_EDGE ( 'NONE', *, *, #2664, .T. ) ;
#4246 = CARTESIAN_POINT ( 'NONE',  ( 3.625583135070722829, -3.000000000000010658, 66.87625928020973731 ) ) ;
#4247 = CARTESIAN_POINT ( 'NONE',  ( -17.29076770353399084, -3.600000000000000533, 18.26435770851686868 ) ) ;
#4248 = CARTESIAN_POINT ( 'NONE',  ( -14.60783967260134908, -2.000000000000000000, 56.87443939156161576 ) ) ;
#4249 = VECTOR ( 'NONE', #6036, 1000.000000000000114 ) ;
#4250 = CARTESIAN_POINT ( 'NONE',  ( 6.462984221117345385, -3.600300000945172219, -20.18897252795810004 ) ) ;
#4251 = VECTOR ( 'NONE', #1453, 1000.000000000000114 ) ;
#4252 = CARTESIAN_POINT ( 'NONE',  ( -17.25360794406709175, -3.600000000000000089, -50.78889155986988158 ) ) ;
#4253 = CARTESIAN_POINT ( 'NONE',  ( -4.921901972153638560, -3.600000000000000089, 66.24433241924552362 ) ) ;
#4254 = CIRCLE ( 'NONE', #964, 18.00000000000000355 ) ;
#4255 = CARTESIAN_POINT ( 'NONE',  ( 16.76152236892020397, -0.03847763108503131357, 32.00001223506188808 ) ) ;
#4256 = VERTEX_POINT ( 'NONE', #5368 ) ;
#4257 = CARTESIAN_POINT ( 'NONE',  ( 16.70029233586464912, 5.182746734208268284E-15, 36.18299027267275392 ) ) ;
#4258 = CARTESIAN_POINT ( 'NONE',  ( -1.024894254304953733, -3.000000000000010658, -67.25443076656914343 ) ) ;
#4259 = CARTESIAN_POINT ( 'NONE',  ( -11.06814361872575958, -3.600000000000000533, -63.96624488516786045 ) ) ;
#4260 = CARTESIAN_POINT ( 'NONE',  ( 17.29835721007503935, -3.599999999999999645, 28.54140533504333632 ) ) ;
#4261 = CARTESIAN_POINT ( 'NONE',  ( 3.940027979578125894, -3.600000000000001421, 66.27632947939082442 ) ) ;
#4262 = CARTESIAN_POINT ( 'NONE',  ( -15.91820485745910574, -3.600000000000000089, 46.68785959251258078 ) ) ;
#4263 = VECTOR ( 'NONE', #4527, 1000.000000000000000 ) ;
#4264 = VECTOR ( 'NONE', #448, 1000.000000000000114 ) ;
#4265 = ORIENTED_EDGE ( 'NONE', *, *, #1117, .F. ) ;
#4266 = CARTESIAN_POINT ( 'NONE',  ( 7.177162694532769116, -3.600000000000000089, 65.35167552569411953 ) ) ;
#4267 = EDGE_CURVE ( 'NONE', #1871, #528, #5725, .T. ) ;
#4268 = VECTOR ( 'NONE', #2564, 1000.000000000000000 ) ;
#4269 = CARTESIAN_POINT ( 'NONE',  ( -3.934495099604303547, -0.8000000000000000444, 66.00065387633344471 ) ) ;
#4270 = CARTESIAN_POINT ( 'NONE',  ( -2.962034950016975934E-06, -2.000000000000000000, -67.25441558775045792 ) ) ;
#4271 = CARTESIAN_POINT ( 'NONE',  ( 11.05059327289066928, -3.599999999999999645, 60.70565007128861623 ) ) ;
#4272 = CARTESIAN_POINT ( 'NONE',  ( 5.161742566594872628, -0.7999999999987069677, 65.76237214451020918 ) ) ;
#4273 = CARTESIAN_POINT ( 'NONE',  ( -3.973296284313423854, -0.3983183140096026031, -69.68944749920613901 ) ) ;
#4274 = CARTESIAN_POINT ( 'NONE',  ( -12.78858073232669135, -0.03847805193111542704, 56.49462976098565292 ) ) ;
#4275 = B_SPLINE_CURVE_WITH_KNOTS ( 'NONE', 3,
 ( #1019, #5780, #2887, #3033, #1625, #2844, #6387, #541, #4486, #3954, #6837, #1590, #2761, #3454, #6318, #5093, #6353, #6243, #1095, #4524, #7402, #3419, #2807, #5206, #5165, #4595, #7442, #7525, #6281, #5129, #2298, #1054 ),
 .UNSPECIFIED., .F., .F.,
 ( 4, 2, 2, 2, 2, 2, 2, 2, 2, 2, 2, 2, 2, 2, 2, 4 ),
 ( 0.000000000000000000, 0.001216538700306240596, 0.001824808050459360894, 0.002433077400612481192, 0.003649616100918745640, 0.004866154801225010089, 0.006082693501531273236, 0.007299232201837538118, 0.009732309602450086097, 0.01459846440367515083, 0.01946461920490021036, 0.02189769660551273145, 0.02433077400612524907, 0.02919692880735029125, 0.03406308360857532996, 0.03892923840980037214 ),
 .UNSPECIFIED. ) ;
#4276 = CARTESIAN_POINT ( 'NONE',  ( -17.11451684466705103, 0.000000000000000000, 47.87040893542223330 ) ) ;
#4277 = CARTESIAN_POINT ( 'NONE',  ( 6.320598919088414647, -0.7999999999999998224, 65.10490570513228192 ) ) ;
#4278 = EDGE_CURVE ( 'NONE', #5794, #5491, #49, .T. ) ;
#4279 = CARTESIAN_POINT ( 'NONE',  ( 7.198795581780838226, 5.937696673452328301E-15, 65.43941613339349317 ) ) ;
#4280 = CARTESIAN_POINT ( 'NONE',  ( -17.33500051220707761, -3.000000000000011546, -55.25238069309993705 ) ) ;
#4281 = CARTESIAN_POINT ( 'NONE',  ( -4.042084973478618615, 5.702949600819233017E-15, 66.79930657224569757 ) ) ;
#4282 = CARTESIAN_POINT ( 'NONE',  ( -17.88847832427869378, -3.000000000000009770, 32.65739942319142841 ) ) ;
#4283 = CARTESIAN_POINT ( 'NONE',  ( 15.80488372834159350, -0.7999999999999997113, 37.79781770262568585 ) ) ;
#4284 = CARTESIAN_POINT ( 'NONE',  ( -7.052566585778712316, -3.600000000000000089, 65.44348884698901259 ) ) ;
#4285 = CARTESIAN_POINT ( 'NONE',  ( -1.691042538450890476, 42.96802058166520766, -4.211738637988819856E-08 ) ) ;
#4286 = CARTESIAN_POINT ( 'NONE',  ( 3.943771363211876958E-07, -3.000000000000010658, 66.87631535813137873 ) ) ;
#4287 = CARTESIAN_POINT ( 'NONE',  ( -17.25147034070247543, -3.600000000000000977, -50.90953926781426020 ) ) ;
#4288 = CARTESIAN_POINT ( 'NONE',  ( 16.01699147648588095, -0.03847899048995192389, 43.36347511306654923 ) ) ;
#4289 = CARTESIAN_POINT ( 'NONE',  ( 17.18043049097720854, -3.600000000000000089, -52.59433979643898738 ) ) ;
#4290 = ORIENTED_EDGE ( 'NONE', *, *, #6717, .F. ) ;
#4291 = DIRECTION ( 'NONE',  ( 0.000000000000000000, 0.000000000000000000, -1.000000000000000000 ) ) ;
#4292 = CARTESIAN_POINT ( 'NONE',  ( 14.25575799097778074, -3.099999999999988987, -31.00427299466725017 ) ) ;
#4293 = CARTESIAN_POINT ( 'NONE',  ( -11.10430311778329582, -3.600000000000000533, -63.94040679634294122 ) ) ;
#4294 = CARTESIAN_POINT ( 'NONE',  ( -3.986731112024944235, -0.8000000000000441203, 64.92305040632911073 ) ) ;
#4295 = CARTESIAN_POINT ( 'NONE',  ( 1.879045189064920462, -3.600000000000000977, 66.27632272503903721 ) ) ;
#4296 = CARTESIAN_POINT ( 'NONE',  ( 17.30155166628923169, -3.600000000000000089, 25.41181419042442968 ) ) ;
#4297 = ORIENTED_EDGE ( 'NONE', *, *, #4604, .T. ) ;
#4298 = CARTESIAN_POINT ( 'NONE',  ( 5.890608871865326890, -3.599999999999993872, 66.03031414584823722 ) ) ;
#4299 = B_SPLINE_SURFACE_WITH_KNOTS ( 'NONE', 3, 1, ( 
 ( #5125, #572 ),
 ( #1087, #1690 ),
 ( #2214, #6419 ),
 ( #4551, #2955 ),
 ( #5280, #693 ),
 ( #5883, #1950 ),
 ( #3034, #2520 ),
 ( #4774, #74 ),
 ( #3109, #3554 ),
 ( #198, #5319 ),
 ( #5359, #121 ),
 ( #1912, #7097 ) ),
 .UNSPECIFIED., .F., .F., .F.,
 ( 4, 1, 1, 1, 1, 1, 1, 1, 1, 4 ),
 ( 2, 2 ),
 ( 2.317524352065410928E-06, 0.1250020738913784901, 0.2500018302584048890, 0.3750015866254312602, 0.5000013429924576869, 0.6250010993594841135, 0.6875009775429973269, 0.7500008557265105402, 0.8750006120935369669, 1.000000368460563394 ),
 ( 0.000000000000000000, 1.000000000000000000 ),
 .UNSPECIFIED. ) ;
#4300 = CARTESIAN_POINT ( 'NONE',  ( -4.011922087268747994, -0.8000000000000004885, 65.99973937144201841 ) ) ;
#4301 = CARTESIAN_POINT ( 'NONE',  ( 17.89913258296449428, -3.000000000000010214, 27.36044847127212520 ) ) ;
#4302 = CARTESIAN_POINT ( 'NONE',  ( 5.781736457683444463, -0.03847762970811486466, 66.32362163018633794 ) ) ;
#4303 = PLANE ( 'NONE',  #4865 ) ;
#4304 = CARTESIAN_POINT ( 'NONE',  ( -11.86189328998553982, -0.03847763552059328684, 58.69963245581411115 ) ) ;
#4305 = CARTESIAN_POINT ( 'NONE',  ( -18.60085817170184086, 0.000000000000000000, 36.02436323968346699 ) ) ;
#4306 = CARTESIAN_POINT ( 'NONE',  ( 3.974905770235919178, -0.7999999999999999334, 66.00009896022817202 ) ) ;
#4307 = VERTEX_POINT ( 'NONE', #2410 ) ;
#4308 = CARTESIAN_POINT ( 'NONE',  ( 8.968824981573293442, 5.387533762911139232E-15, 63.60895047596832086 ) ) ;
#4309 = CARTESIAN_POINT ( 'NONE',  ( 3.943771363211876958E-07, -3.000000000000010658, 66.87631535813137873 ) ) ;
#4310 = CARTESIAN_POINT ( 'NONE',  ( -5.422519923273637410, 5.793495156072311304E-15, 66.51940815165644949 ) ) ;
#4311 = CARTESIAN_POINT ( 'NONE',  ( -17.87239613937175164, -3.000000000000009770, 33.54738769969920753 ) ) ;
#4312 = ADVANCED_FACE ( 'NONE', ( #6011 ), #3639, .F. ) ;
#4313 = CARTESIAN_POINT ( 'NONE',  ( 15.28843873343314819, 5.674187063314283670E-15, 47.81233285056757154 ) ) ;
#4314 = CARTESIAN_POINT ( 'NONE',  ( 3.961658628685352568, 5.637851296924622268E-15, 66.80019026143835958 ) ) ;
#4315 = ORIENTED_EDGE ( 'NONE', *, *, #746, .F. ) ;
#4316 = CARTESIAN_POINT ( 'NONE',  ( 3.943771365333089392E-07, -3.000000000000010658, 66.87631535812982975 ) ) ;
#4317 = CARTESIAN_POINT ( 'NONE',  ( 6.117508275210481905, -3.000000000000010658, -66.92165255164603366 ) ) ;
#4318 = LINE ( 'NONE', #3888, #6682 ) ;
#4319 = CARTESIAN_POINT ( 'NONE',  ( -15.87218658373273250, -3.599999999999999201, -57.69474854320844059 ) ) ;
#4320 = CARTESIAN_POINT ( 'NONE',  ( -5.819033463627233616, -3.599999999999999645, 66.05370739534576785 ) ) ;
#4321 = CARTESIAN_POINT ( 'NONE',  ( 17.23140718207066513, -3.599999999999998312, -51.74436291210425054 ) ) ;
#4322 = CARTESIAN_POINT ( 'NONE',  ( -14.25575799097778784, -1.499999999999999556, 24.85011359384848362 ) ) ;
#4323 = CARTESIAN_POINT ( 'NONE',  ( -11.29104197450065961, 42.96802058166520766, -22.64298617816881887 ) ) ;
#4324 = CARTESIAN_POINT ( 'NONE',  ( -11.21715944381408114, -3.600000000000000977, -63.85577683733033183 ) ) ;
#4325 = CARTESIAN_POINT ( 'NONE',  ( 0.6159473431298828627, -3.600000000000001421, 66.27632675898232151 ) ) ;
#4326 = VECTOR ( 'NONE', #2098, 1000.000000000000114 ) ;
#4327 = EDGE_CURVE ( 'NONE', #3995, #3828, #2878, .T. ) ;
#4328 = VERTEX_POINT ( 'NONE', #750 ) ;
#4329 = CARTESIAN_POINT ( 'NONE',  ( 6.003013731542464093, -3.000000000000009770, 66.62543063174067015 ) ) ;
#4330 = AXIS2_PLACEMENT_3D ( 'NONE', #6581, #700, #79 ) ;
#4331 = CARTESIAN_POINT ( 'NONE',  ( -4.005470715720411690, -0.7999999999999996003, 65.99984671090744826 ) ) ;
#4332 = CARTESIAN_POINT ( 'NONE',  ( 17.83872193838150011, -3.000000000000011546, 34.75915664410748462 ) ) ;
#4333 = FACE_OUTER_BOUND ( 'NONE', #375, .T. ) ;
#4334 = CARTESIAN_POINT ( 'NONE',  ( 5.015359605249535058, 0.000000000000000000, -68.32383553124438436 ) ) ;
#4335 = DIRECTION ( 'NONE',  ( 0.000000000000000000, 0.000000000000000000, -1.000000000000000000 ) ) ;
#4336 = CARTESIAN_POINT ( 'NONE',  ( 3.970015153465806357, -0.8000000000000002665, 66.00012760212707974 ) ) ;
#4337 = ORIENTED_EDGE ( 'NONE', *, *, #4099, .T. ) ;
#4338 = CARTESIAN_POINT ( 'NONE',  ( 17.28503631316465672, -3.600000000000000089, -46.28421975402744692 ) ) ;
#4339 = CARTESIAN_POINT ( 'NONE',  ( -4.283696466126635016, 5.589407445541250786E-15, 66.78693701913115888 ) ) ;
#4340 = CARTESIAN_POINT ( 'NONE',  ( 7.395747670844265542, 5.600044308255759307E-15, 65.27456695290516109 ) ) ;
#4341 = CARTESIAN_POINT ( 'NONE',  ( -4.267349498032771749, -3.000000000000011546, -67.13799190092659330 ) ) ;
#4342 = CARTESIAN_POINT ( 'NONE',  ( 10.92632278047007155, -3.600000000000000533, -64.06232243139663751 ) ) ;
#4343 = CARTESIAN_POINT ( 'NONE',  ( -17.66389002582864975, -3.000000000000010214, -53.62118727999832402 ) ) ;
#4344 = CARTESIAN_POINT ( 'NONE',  ( -4.412906559959276720, 6.285677651376651856E-15, 66.77458114599946271 ) ) ;
#4345 = CARTESIAN_POINT ( 'NONE',  ( 14.28829230759228608, -0.03847796166424784226, 51.89028174747807753 ) ) ;
#4346 = CARTESIAN_POINT ( 'NONE',  ( 12.50232639909432564, -0.7999999999999993783, 55.05110564224246872 ) ) ;
#4347 = ORIENTED_EDGE ( 'NONE', *, *, #1550, .T. ) ;
#4348 = ORIENTED_EDGE ( 'NONE', *, *, #7349, .F. ) ;
#4349 = CARTESIAN_POINT ( 'NONE',  ( -5.837690411006029478, -3.000000000000007994, 66.67595309535604997 ) ) ;
#4350 = ADVANCED_FACE ( 'NONE', ( #7064 ), #3149, .T. ) ;
#4351 = DIRECTION ( 'NONE',  ( 0.000000000000000000, 1.000000000000000000, 0.000000000000000000 ) ) ;
#4352 = CONICAL_SURFACE ( 'NONE', #5336, 2.149999999999999023, 0.7853981633974547183 ) ;
#4353 = CARTESIAN_POINT ( 'NONE',  ( -17.23624007588394491, -3.600000000000000089, -51.59847199971164144 ) ) ;
#4354 = CARTESIAN_POINT ( 'NONE',  ( 7.951875756384525040, 5.640398196437947724E-15, 64.75537413286873800 ) ) ;
#4355 = CARTESIAN_POINT ( 'NONE',  ( 17.24266580125820525, -3.600000000000000533, -51.35679527884001061 ) ) ;
#4356 = UNCERTAINTY_MEASURE_WITH_UNIT (LENGTH_MEASURE( 1.000000000000000082E-05 ), #3676, 'distance_accuracy_value', 'NONE');
#4357 = ORIENTED_EDGE ( 'NONE', *, *, #6642, .F. ) ;
#4358 = CIRCLE ( 'NONE', #1078, 1.449999999999999956 ) ;
#4359 = CARTESIAN_POINT ( 'NONE',  ( -15.99999999999998934, -0.8000000000000000444, -51.99999999961023178 ) ) ;
#4360 = CARTESIAN_POINT ( 'NONE',  ( 5.012984221117342543, -0.8000000000000000444, -48.18897252795810004 ) ) ;
#4361 = CARTESIAN_POINT ( 'NONE',  ( -10.94296675994246293, -3.600000000000000089, -64.05134273698175207 ) ) ;
#4362 = LINE ( 'NONE', #5539, #947 ) ;
#4363 = CARTESIAN_POINT ( 'NONE',  ( -5.403330428708349231, -0.8000000000000188072, 64.44907209138013116 ) ) ;
#4364 = CARTESIAN_POINT ( 'NONE',  ( -17.29982950447508117, -3.599999999999998757, 30.86090042561131952 ) ) ;
#4365 = CARTESIAN_POINT ( 'NONE',  ( 17.29926854555251126, -3.600000000000000977, 29.63461270176811979 ) ) ;
#4366 = CARTESIAN_POINT ( 'NONE',  ( -4.139413235543898395, -0.8000000000000122569, 64.91748076075180052 ) ) ;
#4367 = ORIENTED_EDGE ( 'NONE', *, *, #523, .T. ) ;
#4368 = CARTESIAN_POINT ( 'NONE',  ( -17.25818789557893496, -3.600000000000000977, -50.53223867576420503 ) ) ;
#4369 = CARTESIAN_POINT ( 'NONE',  ( 6.085606704983269388, -3.000000000000007550, 66.59783411763135064 ) ) ;
#4370 = CARTESIAN_POINT ( 'NONE',  ( -5.883536964349735499, -0.7999999999999998224, 65.39854485977033960 ) ) ;
#4371 = EDGE_CURVE ( 'NONE', #2525, #7407, #2370, .T. ) ;
#4372 = CARTESIAN_POINT ( 'NONE',  ( 10.83411725556606875, -3.600000000000000533, -64.12219169146351305 ) ) ;
#4373 = CARTESIAN_POINT ( 'NONE',  ( 11.33284388735905601, -3.000000000000011546, 61.40142673441091148 ) ) ;
#4374 = VECTOR ( 'NONE', #6805, 1000.000000000000000 ) ;
#4375 = CARTESIAN_POINT ( 'NONE',  ( -10.62349529219335587, -3.600000000000000533, 61.40437817518583330 ) ) ;
#4376 = CARTESIAN_POINT ( 'NONE',  ( -2.000000000000003553, -0.03847763108503414464, -66.76152236891496727 ) ) ;
#4377 = CARTESIAN_POINT ( 'NONE',  ( -11.14143602947510203, -0.03847725660455522667, 60.14671256789206666 ) ) ;
#4378 = CARTESIAN_POINT ( 'NONE',  ( 1.999999999999998224, -0.5999999999999894307, -52.00000000000000711 ) ) ;
#4379 = CARTESIAN_POINT ( 'NONE',  ( -5.143165270045348514, 17.76640921322866973, 44.62837295819787187 ) ) ;
#4380 = CARTESIAN_POINT ( 'NONE',  ( 17.28688346249697005, -3.600000000000000533, -46.44121942827050731 ) ) ;
#4381 = CARTESIAN_POINT ( 'NONE',  ( -4.412906559959276720, 6.285677651376651856E-15, 66.77458114599946271 ) ) ;
#4382 = AXIS2_PLACEMENT_3D ( 'NONE', #1805, #7179, #4291 ) ;
#4383 = CARTESIAN_POINT ( 'NONE',  ( 8.620491036870914670, 5.593361614955153594E-15, 64.02930789683277624 ) ) ;
#4384 = CARTESIAN_POINT ( 'NONE',  ( 10.44401825063454226, -3.600000000000000533, -64.36885266773943215 ) ) ;
#4385 = CARTESIAN_POINT ( 'NONE',  ( -15.39486966564607862, -3.000000000000011546, -59.93336458783796417 ) ) ;
#4386 = CARTESIAN_POINT ( 'NONE',  ( -8.623134264234927571, 5.589726887173357531E-15, 64.02818540958527649 ) ) ;
#4387 = CARTESIAN_POINT ( 'NONE',  ( -3.187714437820252211, -3.600000000000000089, -66.62661741885604272 ) ) ;
#4388 = CARTESIAN_POINT ( 'NONE',  ( -17.90006945124786597, -3.000000000000010214, 30.28887098124893740 ) ) ;
#4389 = CARTESIAN_POINT ( 'NONE',  ( 13.76372210026219989, -0.7999999999999997113, 50.88300687480816720 ) ) ;
#4390 = ORIENTED_EDGE ( 'NONE', *, *, #4241, .T. ) ;
#4391 = FACE_OUTER_BOUND ( 'NONE', #4691, .T. ) ;
#4392 = EDGE_CURVE ( 'NONE', #528, #6688, #4275, .T. ) ;
#4393 = DIRECTION ( 'NONE',  ( -4.555823753180761115E-07, 0.000000000000000000, -0.9999999999998961941 ) ) ;
#4394 = DIRECTION ( 'NONE',  ( -1.122798366328030887E-16, 0.000000000000000000, -1.000000000000000000 ) ) ;
#4395 = DIRECTION ( 'NONE',  ( 0.000000000000000000, -1.000000000000000000, 0.000000000000000000 ) ) ;
#4396 = CARTESIAN_POINT ( 'NONE',  ( 7.832917141028784336, 5.524831312005120383E-15, 64.87328045437088520 ) ) ;
#4397 = CARTESIAN_POINT ( 'NONE',  ( 17.25398418256266453, -3.600000000000001421, -50.76916324507011069 ) ) ;
#4398 = VERTEX_POINT ( 'NONE', #1134 ) ;
#4399 = CARTESIAN_POINT ( 'NONE',  ( -5.143165270045348514, 17.76640921322866973, 44.62837295819787187 ) ) ;
#4400 = LINE ( 'NONE', #2713, #3173 ) ;
#4401 = CARTESIAN_POINT ( 'NONE',  ( 14.25575799097778784, -3.100000000000030731, 24.85011359384848717 ) ) ;
#4402 = CARTESIAN_POINT ( 'NONE',  ( -3.986731112024944235, -0.8000000000000441203, 64.92305040632911073 ) ) ;
#4403 = ADVANCED_FACE ( 'NONE', ( #3380 ), #6911, .F. ) ;
#4404 = VERTEX_POINT ( 'NONE', #467 ) ;
#4405 = CARTESIAN_POINT ( 'NONE',  ( 2.925743965663317958, -3.599999999999999201, 66.27630197825629921 ) ) ;
#4406 = CARTESIAN_POINT ( 'NONE',  ( -5.561132246985641459, -0.8000000000000002665, 65.58038284640016968 ) ) ;
#4407 = CARTESIAN_POINT ( 'NONE',  ( 10.41724068297187777, -3.600000000000001865, -64.38571017922683382 ) ) ;
#4408 = CARTESIAN_POINT ( 'NONE',  ( 11.25273942246736247, -3.000000000000010214, 61.53135933451384432 ) ) ;
#4409 = CARTESIAN_POINT ( 'NONE',  ( 4.073764597819724997, -0.7999999999999808376, 64.92254648001157591 ) ) ;
#4410 = CARTESIAN_POINT ( 'NONE',  ( -8.615420600956609221, -0.03847826199064104113, 63.98698021877545727 ) ) ;
#4411 = CARTESIAN_POINT ( 'NONE',  ( -14.58959466311805997, 5.507903143693879498E-15, 50.87769268106596598 ) ) ;
#4412 = CARTESIAN_POINT ( 'NONE',  ( 3.991207642275313550, -0.8000000000000001554, 65.99999468059479568 ) ) ;
#4413 = CARTESIAN_POINT ( 'NONE',  ( 17.27582416066380588, -3.600000000000000533, -45.64982272442522060 ) ) ;
#4414 = LINE ( 'NONE', #1549, #3644 ) ;
#4415 = CARTESIAN_POINT ( 'NONE',  ( 13.75431342880668240, 5.611267613559047541E-15, 53.81520062258869785 ) ) ;
#4416 = CARTESIAN_POINT ( 'NONE',  ( 10.45472229431566191, -3.599999999999999645, -64.36212505907140269 ) ) ;
#4417 = CARTESIAN_POINT ( 'NONE',  ( -1.968844643023578866, -3.000000000000010658, 66.87634621692822634 ) ) ;
#4418 = CARTESIAN_POINT ( 'NONE',  ( -9.749951543763666351, 5.673593266404717676E-15, 62.54899628474056072 ) ) ;
#4419 = CARTESIAN_POINT ( 'NONE',  ( -8.453781783213049295, -3.600000000000000533, -65.42454769970827044 ) ) ;
#4420 = CARTESIAN_POINT ( 'NONE',  ( 14.72108568696096320, -0.8000000000000024869, 38.03797235156294221 ) ) ;
#4421 = CARTESIAN_POINT ( 'NONE',  ( 14.09132830263792080, 5.591595572769078080E-15, 52.70641599615202466 ) ) ;
#4422 = CARTESIAN_POINT ( 'NONE',  ( 10.56559426916719602, -0.8000000000000003775, 59.60589585854705774 ) ) ;
#4423 = ORIENTED_EDGE ( 'NONE', *, *, #5298, .F. ) ;
#4424 = CARTESIAN_POINT ( 'NONE',  ( -12.09795365011064128, 5.774781440175517677E-15, 58.25267911671303978 ) ) ;
#4425 = CARTESIAN_POINT ( 'NONE',  ( -7.217033449343780660, -3.600000000000000089, 65.32229526287247268 ) ) ;
#4426 = PLANE ( 'NONE',  #845 ) ;
#4427 = DIRECTION ( 'NONE',  ( 0.000000000000000000, 1.000000000000000000, 0.000000000000000000 ) ) ;
#4428 = CARTESIAN_POINT ( 'NONE',  ( -11.23970964611714152, -3.600000000000000089, -63.83762326322477065 ) ) ;
#4429 = ADVANCED_FACE ( 'NONE', ( #2222, #4029 ), #4065, .T. ) ;
#4430 = CARTESIAN_POINT ( 'NONE',  ( 9.986115623847990008, 6.279634160964781505E-15, 62.19475792285123816 ) ) ;
#4431 = CARTESIAN_POINT ( 'NONE',  ( 17.07484549046357003, -3.600000000000000533, -53.49423051128221118 ) ) ;
#4432 = VERTEX_POINT ( 'NONE', #5471 ) ;
#4433 = CARTESIAN_POINT ( 'NONE',  ( 16.23802974245261765, -3.600000000000000533, -56.77773724674856481 ) ) ;
#4434 = LINE ( 'NONE', #7316, #4861 ) ;
#4435 = DIRECTION ( 'NONE',  ( 0.000000000000000000, 0.000000000000000000, 1.000000000000000000 ) ) ;
#4436 = CARTESIAN_POINT ( 'NONE',  ( -6.577714341603455139, -0.8000000000000102585, 63.48296575490778793 ) ) ;
#4437 = CARTESIAN_POINT ( 'NONE',  ( -17.30000504477910539, -3.599999999999999645, 30.58594030300010758 ) ) ;
#4438 = ORIENTED_EDGE ( 'NONE', *, *, #5365, .T. ) ;
#4439 = CARTESIAN_POINT ( 'NONE',  ( 4.081261037921864343, -3.000000000000010214, 66.87637415981944855 ) ) ;
#4440 = CARTESIAN_POINT ( 'NONE',  ( -7.527010959344588414, -0.7999999999999987121, 64.04494781093018219 ) ) ;
#4441 = CARTESIAN_POINT ( 'NONE',  ( 10.59975823647817883, -3.600000000000001865, -64.27067090891274859 ) ) ;
#4442 = CARTESIAN_POINT ( 'NONE',  ( 14.64693601012895030, -3.000000000000011546, 54.01122717240552618 ) ) ;
#4443 = EDGE_CURVE ( 'NONE', #1946, #1659, #5914, .T. ) ;
#4444 = CARTESIAN_POINT ( 'NONE',  ( -9.609031843676342888, -3.600000000000000089, 62.86711204415526311 ) ) ;
#4445 = CARTESIAN_POINT ( 'NONE',  ( -17.85574020768672554, -3.600000000000000089, 11.10922738596742043 ) ) ;
#4446 = CARTESIAN_POINT ( 'NONE',  ( -14.09388471621180017, 5.411810367800276952E-15, 52.70396177936525817 ) ) ;
#4447 = ORIENTED_EDGE ( 'NONE', *, *, #1610, .T. ) ;
#4448 = CARTESIAN_POINT ( 'NONE',  ( 17.26845721927293198, -3.600000000000000533, -45.17332869233546688 ) ) ;
#4449 = CARTESIAN_POINT ( 'NONE',  ( -14.25575799097778074, -1.499999999999999556, -28.85427299466725160 ) ) ;
#4450 = CIRCLE ( 'NONE', #5178, 2.599999999999998312 ) ;
#4451 = CARTESIAN_POINT ( 'NONE',  ( 13.94092215658216993, 5.656330947479677739E-15, 53.21116486660503142 ) ) ;
#4452 = CARTESIAN_POINT ( 'NONE',  ( 10.63283047242135559, -3.600000000000000089, -64.24977120927100316 ) ) ;
#4453 = CARTESIAN_POINT ( 'NONE',  ( 14.92304473783518937, -0.8000000000000000444, -52.00000000000001421 ) ) ;
#4454 = CARTESIAN_POINT ( 'NONE',  ( -7.324981797980353981, 5.657574179791041972E-15, 65.33458893199701834 ) ) ;
#4455 = CARTESIAN_POINT ( 'NONE',  ( -2.341114167674343882, -3.600000000000000977, -66.65729266936236286 ) ) ;
#4456 = DIRECTION ( 'NONE',  ( 0.000000000000000000, 0.000000000000000000, -1.000000000000000000 ) ) ;
#4457 = CARTESIAN_POINT ( 'NONE',  ( 15.03117222973663836, -0.03847716546558307971, 48.86074772865278248 ) ) ;
#4458 = CARTESIAN_POINT ( 'NONE',  ( 12.42804471522986454, 5.469395877714168283E-15, 57.48184626276133002 ) ) ;
#4459 = CARTESIAN_POINT ( 'NONE',  ( 10.07480389638242890, -0.7999999999999997113, 60.51511439274434423 ) ) ;
#4460 = VERTEX_POINT ( 'NONE', #2699 ) ;
#4461 = CARTESIAN_POINT ( 'NONE',  ( -8.623134264234927571, 5.589726887173357531E-15, 64.02818540958527649 ) ) ;
#4462 = CARTESIAN_POINT ( 'NONE',  ( 14.25575799097778074, -3.099999999999988987, -33.15427299466725231 ) ) ;
#4463 = CARTESIAN_POINT ( 'NONE',  ( -9.565388133241494728, -3.600000000000001421, -64.88673909651787142 ) ) ;
#4464 = DIRECTION ( 'NONE',  ( 0.9999999999998963052, 0.000000000000000000, -4.555823753180761645E-07 ) ) ;
#4465 = CARTESIAN_POINT ( 'NONE',  ( -16.80000004092597976, 0.000000000000000000, 32.00040283461600410 ) ) ;
#4466 = CARTESIAN_POINT ( 'NONE',  ( -14.25575799097778074, -3.099999999999992095, -33.15427299466725231 ) ) ;
#4467 = CARTESIAN_POINT ( 'NONE',  ( -10.04211778598978633, -3.000000000000011102, 63.28955278369749493 ) ) ;
#4468 = EDGE_CURVE ( 'NONE', #2260, #2431, #5065, .T. ) ;
#4469 = DIRECTION ( 'NONE',  ( 0.000000000000000000, 0.000000000000000000, -1.000000000000000000 ) ) ;
#4470 = CARTESIAN_POINT ( 'NONE',  ( 7.460380085041148135, 6.038725926008002675E-15, 65.21855301187662235 ) ) ;
#4471 = CARTESIAN_POINT ( 'NONE',  ( 17.26169139669389807, -3.600000000000000089, -50.33547512792997480 ) ) ;
#4472 = ORIENTED_EDGE ( 'NONE', *, *, #4371, .F. ) ;
#4473 = VERTEX_POINT ( 'NONE', #5025 ) ;
#4474 = CARTESIAN_POINT ( 'NONE',  ( 16.19837118441422774, -3.600000000000000089, -56.88482083180357307 ) ) ;
#4475 = CARTESIAN_POINT ( 'NONE',  ( 2.962034822888078552E-06, -3.000000000000010658, -67.25441558775045792 ) ) ;
#4476 = CARTESIAN_POINT ( 'NONE',  ( -14.25575799097778074, -3.099999999999992095, -31.00427299466725017 ) ) ;
#4477 = CARTESIAN_POINT ( 'NONE',  ( 15.32329065180100258, -2.000000000000000000, -60.19577039129582374 ) ) ;
#4478 = B_SPLINE_CURVE_WITH_KNOTS ( 'NONE', 3,
 ( #2796, #5121, #7432, #2951, #3629, #5391 ),
 .UNSPECIFIED., .F., .F.,
 ( 4, 2, 4 ),
 ( 0.000000000000000000, 0.5000000000000000000, 1.000000000000000000 ),
 .UNSPECIFIED. ) ;
#4479 = AXIS2_PLACEMENT_3D ( 'NONE', #2567, #1465, #933 ) ;
#4480 = CARTESIAN_POINT ( 'NONE',  ( -16.21850026386794497, -2.000000000000000000, 51.78141597881192837 ) ) ;
#4481 = VERTEX_POINT ( 'NONE', #5600 ) ;
#4482 = B_SPLINE_CURVE_WITH_KNOTS ( 'NONE', 3,
 ( #7531, #3532, #670, #6953, #2263, #3494, #5861, #588, #508, #6877, #5253, #5896, #4601, #546, #1704, #6322, #5296, #4034, #3425, #3568, #46, #4709, #2303, #2851, #2969, #89, #4149, #2894, #2340, #5333, #1664, #6359, #3005, #4672, #3998, #1174, #5822, #5169, #6472, #5212, #1136, #1739, #4070, #1772, #632, #6393, #2932, #1101, #2379, #1818, #7483, #11, #3458, #4103, #6988, #1248, #6433, #1210, #250, #7189, #865, #134, #2718, #7250, #6240, #6124, #2602, #4937, #2036, #4368, #3799, #5582, #901, #5544, #2637, #1876, #306, #4252, #5965, #5533, #4287, #6575, #816, #2022, #1421, #3111, #2560, #4848, #5396, #3787, #1458, #6644, #2625, #3750, #5472, #6113, #4353, #3715, #1986, #6078, #1952, #6039, #854, #3145, #742, #4208, #241, #887, #7136, #5436, #4809, #1307, #273, #1913, #3071, #3217, #2594, #4888, #6537, #4925, #3186, #4960, #6675, #3633, #158, #4319, #1383, #1350, #7211, #2483, #3673, #6004, #781, #200, #7241, #2522, #6610, #7174, #5504, #1491, #1574, #6266, #6151, #6230, #4428 ),
 .UNSPECIFIED., .F., .F.,
 ( 4, 1, 1, 1, 1, 2, 2, 1, 1, 1, 1, 1, 2, 2, 1, 1, 2, 2, 1, 1, 1, 1, 2, 2, 1, 1, 1, 2, 2, 1, 1, 1, 1, 2, 2, 1, 1, 1, 1, 1, 2, 2, 1, 1, 1, 1, 1, 2, 2, 1, 1, 1, 1, 1, 1, 2, 2, 1, 1, 1, 1, 2, 2, 1, 1, 1, 1, 2, 2, 1, 1, 1, 2, 2, 1, 1, 2, 2, 2, 2, 2, 2, 2, 2, 2, 2, 2, 2, 2, 2, 2, 2, 2, 2, 1, 1, 2, 2, 4 ),
 ( 0.000000000000000000, 0.01562499999997065542, 0.02343749999995646191, 0.02734374999994935995, 0.02929687499994581418, 0.03027343749994404129, 0.03124999999994226146, 0.04687499999991728145, 0.05468749999990527022, 0.05859374999989882399, 0.06054687499989603455, 0.06152343749989420962, 0.06201171874989372390, 0.06249999999989323818, 0.07031249999988804789, 0.07421874999988496702, 0.07617187499988342658, 0.07812499999988187227, 0.08593749999987435051, 0.08984374999987060351, 0.09179687499986931287, 0.09277343749986867449, 0.09326171874986909083, 0.09374999999986950716, 0.1093749999998731848, 0.1171874999998750305, 0.1210937499998764738, 0.1230468749998771816, 0.1249999999998779032, 0.1562499999998864797, 0.1718749999998907818, 0.1796874999998934186, 0.1835937499998951672, 0.1855468749998965272, 0.1874999999998978872, 0.2187499999999132361, 0.2343749999999209244, 0.2421874999999252542, 0.2460937499999269196, 0.2480468749999282241, 0.2490234374999284184, 0.2499999999999286127, 0.2656249999999458766, 0.2734374999999545364, 0.2773437499999588662, 0.2792968749999610312, 0.2802734374999625300, 0.2807617187499636957, 0.2812499999999649170, 0.2968749999999958367, 0.3046875000000118239, 0.3085937500000193734, 0.3105468750000227596, 0.3115234375000244249, 0.3120117187500248690, 0.3122558593750250910, 0.3125000000000252576, 0.3203125000000186517, 0.3242187500000153766, 0.3261718750000137113, 0.3271484375000125455, 0.3276367187500122680, 0.3281250000000120459, 0.3359375000000108247, 0.3398437500000097145, 0.3417968750000097145, 0.3427734375000091593, 0.3432617187500088818, 0.3437500000000085487, 0.3515625000000133782, 0.3554687500000158207, 0.3574218750000170419, 0.3583984375000171529, 0.3593750000000172640, 0.3671875000000160427, 0.3710937500000159317, 0.3730468750000158762, 0.3750000000000158207, 0.3828125000000156541, 0.3906250000000154321, 0.4062500000000149880, 0.4218750000000144884, 0.4375000000000139888, 0.4687500000000140443, 0.5000000000000140998, 0.5312500000000140998, 0.5625000000000142109, 0.6250000000000134337, 0.6562500000000132117, 0.6875000000000128786, 0.7187500000000125455, 0.7500000000000121014, 0.8125000000000104361, 0.8750000000000086597, 0.9062500000000078826, 0.9218750000000067724, 0.9296875000000062172, 0.9375000000000057732, 1.000000000000000000 ),
 .UNSPECIFIED. ) ;
#4483 = ADVANCED_FACE ( 'NONE', ( #5527 ), #4696, .F. ) ;
#4484 = CARTESIAN_POINT ( 'NONE',  ( -6.563996664396834824, -0.8000000000000000444, 64.92392345961657441 ) ) ;
#4485 = CARTESIAN_POINT ( 'NONE',  ( 6.512438834521293352, -3.000000000000011102, -66.72268294807636835 ) ) ;
#4486 = CARTESIAN_POINT ( 'NONE',  ( -6.986490202789315873, -0.03848025942667274157, 65.57107548456937707 ) ) ;
#4487 = LINE ( 'NONE', #2077, #4542 ) ;
#4488 = CARTESIAN_POINT ( 'NONE',  ( -15.29290999625014358, 6.037663678509560625E-15, 47.81154883994730653 ) ) ;
#4489 = ORIENTED_EDGE ( 'NONE', *, *, #1773, .T. ) ;
#4490 = DIRECTION ( 'NONE',  ( 0.000000000000000000, 0.000000000000000000, 1.000000000000000000 ) ) ;
#4491 = VECTOR ( 'NONE', #4563, 1000.000000000000114 ) ;
#4492 = DIRECTION ( 'NONE',  ( 0.000000000000000000, 1.000000000000000000, 0.000000000000000000 ) ) ;
#4493 = EDGE_CURVE ( 'NONE', #2431, #3677, #4487, .T. ) ;
#4494 = CARTESIAN_POINT ( 'NONE',  ( 9.368409294349220318, 6.030308526840811099E-15, 63.08720074064319761 ) ) ;
#4495 = CARTESIAN_POINT ( 'NONE',  ( 10.52079452405093107, -3.600000000000000977, -64.32052580721845914 ) ) ;
#4496 = PLANE ( 'NONE',  #1811 ) ;
#4497 = VECTOR ( 'NONE', #1841, 1000.000000000000000 ) ;
#4498 = CARTESIAN_POINT ( 'NONE',  ( -7.368750591994747801, 5.423152624195309119E-15, 65.29728798625276909 ) ) ;
#4499 = CARTESIAN_POINT ( 'NONE',  ( -6.304557580527775151, -3.600000000000000089, -66.15544793178084149 ) ) ;
#4500 = CARTESIAN_POINT ( 'NONE',  ( 15.67304149449591222, -0.7999999999952615015, 39.63694281826570176 ) ) ;
#4501 = ADVANCED_FACE ( 'NONE', ( #4333 ), #6657, .T. ) ;
#4502 = CARTESIAN_POINT ( 'NONE',  ( 15.14513315888471112, -0.8000000000000002665, 43.97704848491902396 ) ) ;
#4503 = CIRCLE ( 'NONE', #2061, 5.439339828220195017 ) ;
#4504 = ORIENTED_EDGE ( 'NONE', *, *, #657, .F. ) ;
#4505 = CARTESIAN_POINT ( 'NONE',  ( -9.372388380017300236, 5.413447226384746853E-15, 63.08396625195106111 ) ) ;
#4506 = DIRECTION ( 'NONE',  ( -0.000000000000000000, 1.000000000000000000, 0.000000000000000000 ) ) ;
#4507 = CARTESIAN_POINT ( 'NONE',  ( -9.236828382916842273, -3.599999999999999645, -65.05802672566454703 ) ) ;
#4508 = CARTESIAN_POINT ( 'NONE',  ( -17.26522694262522606, -3.600000000000001865, -50.13885276651834033 ) ) ;
#4509 = CARTESIAN_POINT ( 'NONE',  ( 7.533123011813358971, -2.000000000000000000, 65.83467889268183626 ) ) ;
#4510 = CIRCLE ( 'NONE', #6806, 2.149999999999999023 ) ;
#4511 = LINE ( 'NONE', #1040, #1941 ) ;
#4512 = CARTESIAN_POINT ( 'NONE',  ( 3.983166920515553322, -0.5976000384151266553, 65.92882427433826820 ) ) ;
#4513 = LINE ( 'NONE', #1080, #5231 ) ;
#4514 = CARTESIAN_POINT ( 'NONE',  ( 10.33326175069814568, 5.529268001364485982E-15, 61.64930219154008029 ) ) ;
#4515 = ORIENTED_EDGE ( 'NONE', *, *, #1742, .T. ) ;
#4516 = CARTESIAN_POINT ( 'NONE',  ( 14.26351328809924723, -3.000000000000010658, -61.59660795716213499 ) ) ;
#4517 = FACE_BOUND ( 'NONE', #1476, .T. ) ;
#4518 = CARTESIAN_POINT ( 'NONE',  ( -6.304102548784216609, -0.7999999999999991562, 63.74617179648209486 ) ) ;
#4519 = CARTESIAN_POINT ( 'NONE',  ( 4.126821177744158575, -0.1982350509416588580, -69.47019122866778673 ) ) ;
#4520 = ORIENTED_EDGE ( 'NONE', *, *, #4819, .T. ) ;
#4521 = CARTESIAN_POINT ( 'NONE',  ( 0.6159384461568206959, -3.000000000000008882, 66.87631657713176025 ) ) ;
#4522 = CARTESIAN_POINT ( 'NONE',  ( -5.966619515219728775, -0.7999999999999993783, 65.34746575745120367 ) ) ;
#4523 = CARTESIAN_POINT ( 'NONE',  ( 9.783776089376191365, -3.599999999999999645, -64.76578505524763330 ) ) ;
#4524 = CARTESIAN_POINT ( 'NONE',  ( -13.53545350580952267, -0.03847901667006486948, 54.46351848839218235 ) ) ;
#4525 = VERTEX_POINT ( 'NONE', #2147 ) ;
#4526 = ORIENTED_EDGE ( 'NONE', *, *, #7158, .F. ) ;
#4527 = DIRECTION ( 'NONE',  ( 0.000000000000000000, 0.000000000000000000, -1.000000000000000000 ) ) ;
#4528 = CARTESIAN_POINT ( 'NONE',  ( 10.66351991080698447, 5.950942469489096571E-15, 61.09632366783863944 ) ) ;
#4529 = CARTESIAN_POINT ( 'NONE',  ( -3.810036809055219464, -1.660660171779825944, -10.43563143159846973 ) ) ;
#4530 = LINE ( 'NONE', #6251, #3399 ) ;
#4531 = CARTESIAN_POINT ( 'NONE',  ( -6.088579515039219459, 5.643065326238633562E-15, 66.20506539014472480 ) ) ;
#4532 = CARTESIAN_POINT ( 'NONE',  ( -1.121720385775003770, -3.600000000000000533, -66.66085583838000161 ) ) ;
#4533 = CARTESIAN_POINT ( 'NONE',  ( 5.938031068169025595, -0.8000000000000012657, 64.04508898025963504 ) ) ;
#4534 = B_SPLINE_CURVE_WITH_KNOTS ( 'NONE', 3,
 ( #4896, #4324, #749, #823, #7143, #4293, #3076, #4259, #6582, #6010, #3040, #6618, #4361, #5403, #166, #786, #6683, #3118, #2490, #1390, #5443, #1356, #3793, #3722, #6044, #5367, #6651, #1426, #702, #127, #4801, #5635, #3925, #6668, #2012, #404, #4916, #951, #4952, #2588, #1483, #3281, #7336, #919, #6739, #2732, #5598, #1600, #1556, #372, #3177, #3211, #1447, #2088, #3779, #2698, #6773, #3815, #5558, #879, #4419, #843, #3885, #2121, #6219, #5497, #5063, #4499, #992, #5526, #3320, #7374, #6811, #2616, #1515, #2160, #7234, #297, #7264, #2052, #4387, #3852, #6703, #2655, #6140, #3245, #331, #6178, #4455, #4989, #2855, #440, #1777, #6993, #6327, #1105, #4642, #7416, #1670, #6397, #5104, #1708, #5258, #5173, #7488, #2775, #5827, #7452, #1634, #3429, #2267, #4532, #1744, #2936, #15, #4040, #3498, #4606, #5752, #6847, #6920, #1141, #6254, #4074, #5216, #1029, #6364, #3352, #3463, #3964, #7537, #5790, #551 ),
 .UNSPECIFIED., .F., .F.,
 ( 4, 1, 1, 2, 2, 1, 1, 2, 2, 1, 1, 1, 2, 2, 1, 1, 1, 2, 2, 1, 1, 1, 1, 2, 2, 1, 1, 1, 2, 2, 1, 1, 2, 2, 1, 1, 2, 2, 1, 1, 2, 2, 1, 2, 2, 1, 1, 2, 2, 1, 1, 2, 2, 1, 1, 1, 1, 2, 2, 1, 1, 1, 2, 2, 1, 1, 2, 2, 1, 1, 1, 2, 2, 1, 1, 1, 1, 1, 2, 2, 1, 1, 1, 1, 2, 2, 1, 1, 1, 1, 2, 2, 4 ),
 ( 0.000000000000000000, 0.007812499999778831430, 0.01171874999966929752, 0.01367187499961436230, 0.01562499999955942534, 0.02343749999934046854, 0.02734374999923099361, 0.02929687499917625615, 0.03124999999912151522, 0.03906249999889515462, 0.04296874999878292495, 0.04492187499872768441, 0.04589843749870090722, 0.04687499999867412309, 0.05078124999856459265, 0.05273437499850906762, 0.05371093749848130511, 0.05419921874846662241, 0.05468749999845193971, 0.05859374999833425607, 0.06054687499827541425, 0.06152343749824599334, 0.06201171874823128288, 0.06225585937323088737, 0.06249999999823049185, 0.07031249999824140673, 0.07421874999824705499, 0.07617187499825113506, 0.07714843749825295305, 0.07812499999825477104, 0.08593749999827135500, 0.08984374999827872410, 0.09179687499828220743, 0.09374999999828567687, 0.1093749999983112259, 0.1171874999983239934, 0.1210937499983313209, 0.1249999999983386623, 0.1874999999984528209, 0.2187499999985107191, 0.2343749999985396681, 0.2499999999985685895, 0.3124999999986872168, 0.3437499999987463362, 0.3749999999988054555, 0.4374999999989237498, 0.4687499999989827582, 0.4843749999990123456, 0.4999999999990419886, 0.5624999999991612265, 0.5937499999992211785, 0.6093749999992508215, 0.6249999999992805755, 0.6874999999994002575, 0.7187499999994600985, 0.7343749999994900746, 0.7421874999995050626, 0.7460937499995125011, 0.7499999999995198285, 0.7812499999995793365, 0.7968749999996092015, 0.8046874999996241895, 0.8085937499996317390, 0.8124999999996392885, 0.8281249999996690425, 0.8359374999996840305, 0.8398437499996915800, 0.8437499999996991296, 0.8593749999997292166, 0.8671874999997443156, 0.8710937499997518652, 0.8730468749997556399, 0.8749999999997594147, 0.8906249999997895017, 0.8984374999998044897, 0.9023437499998120392, 0.9042968749998158140, 0.9052734374998177014, 0.9057617187498187006, 0.9062499999998195888, 0.9218749999998497868, 0.9296874999998648859, 0.9335937499998724354, 0.9355468749998762101, 0.9365234374998780975, 0.9374999999998799849, 0.9531249999999099609, 0.9609374999999249489, 0.9648437499999323874, 0.9667968749999361622, 0.9677734374999380496, 0.9687499999999399369, 1.000000000000000000 ),
 .UNSPECIFIED. ) ;
#4535 = FACE_OUTER_BOUND ( 'NONE', #6239, .T. ) ;
#4536 = CARTESIAN_POINT ( 'NONE',  ( 7.946305911153004331, -0.8000000000000008216, 63.58570361846273045 ) ) ;
#4537 = VERTEX_POINT ( 'NONE', #285 ) ;
#4538 = CARTESIAN_POINT ( 'NONE',  ( -7.868851161935658922, 5.855532064368575553E-15, 64.83743230090829002 ) ) ;
#4539 = CARTESIAN_POINT ( 'NONE',  ( 14.25575799097778074, -1.499999999999999556, -31.00427299466725017 ) ) ;
#4540 = CARTESIAN_POINT ( 'NONE',  ( 13.24945164194006075, -0.8000000000000068168, 48.47048197744400966 ) ) ;
#4541 = DIRECTION ( 'NONE',  ( 0.000000000000000000, -0.000000000000000000, 1.000000000000000000 ) ) ;
#4542 = VECTOR ( 'NONE', #2722, 1000.000000000000000 ) ;
#4543 = DIRECTION ( 'NONE',  ( 0.000000000000000000, -1.000000000000000000, -0.000000000000000000 ) ) ;
#4544 = CARTESIAN_POINT ( 'NONE',  ( -10.31794089943221593, -3.000000000000011102, 62.92090589011286994 ) ) ;
#4545 = DIRECTION ( 'NONE',  ( 0.000000000000000000, -1.000000000000000000, 0.000000000000000000 ) ) ;
#4546 = CARTESIAN_POINT ( 'NONE',  ( 5.109607421886003031, 5.662197929560464812E-15, 66.62832001793601933 ) ) ;
#4547 = CARTESIAN_POINT ( 'NONE',  ( 5.924069637619489015E-06, -3.600000000000000089, -66.65441558792416288 ) ) ;
#4548 = CARTESIAN_POINT ( 'NONE',  ( 17.24564802975974942, -3.600000000000000533, -51.22681672933932617 ) ) ;
#4549 = CARTESIAN_POINT ( 'NONE',  ( 3.988095387429731353, -0.03847762930330875936, 66.76155714477182812 ) ) ;
#4550 = CARTESIAN_POINT ( 'NONE',  ( -7.941041522454004742, -1.779949199898000378, -54.79298605861921345 ) ) ;
#4551 = CARTESIAN_POINT ( 'NONE',  ( 15.32329065180100258, -3.000000000000010658, -60.19577039129582374 ) ) ;
#4552 = CARTESIAN_POINT ( 'NONE',  ( 13.56487331926901163, -2.000000000000000000, 57.07628831986314566 ) ) ;
#4553 = PLANE ( 'NONE',  #5708 ) ;
#4554 = EDGE_LOOP ( 'NONE', ( #1547, #5306 ) ) ;
#4555 = CARTESIAN_POINT ( 'NONE',  ( -11.19730171670343033, -0.8000000000000010436, 58.30418349277615420 ) ) ;
#4556 = CARTESIAN_POINT ( 'NONE',  ( -10.12931382682538128, -2.000000000000000000, -65.27932831414865689 ) ) ;
#4557 = CARTESIAN_POINT ( 'NONE',  ( 8.508044681524491892, -3.000000000000010214, 65.02173663256317582 ) ) ;
#4558 = CARTESIAN_POINT ( 'NONE',  ( -12.12379540434641001, -3.600000000000000089, 58.69451794987224247 ) ) ;
#4559 = ORIENTED_EDGE ( 'NONE', *, *, #568, .F. ) ;
#4560 = EDGE_LOOP ( 'NONE', ( #5003, #3114, #5581, #1764 ) ) ;
#4561 = CARTESIAN_POINT ( 'NONE',  ( -4.013953164809102248, 5.351130206979307039E-15, 66.79981022019633485 ) ) ;
#4562 = LINE ( 'NONE', #6878, #822 ) ;
#4563 = DIRECTION ( 'NONE',  ( 0.000000000000000000, -0.9986295347545739443, -0.05233595624294395260 ) ) ;
#4564 = CARTESIAN_POINT ( 'NONE',  ( -11.00264174823279362, 5.552401139475113893E-15, 60.48292551126284167 ) ) ;
#4565 = LINE ( 'NONE', #6882, #7204 ) ;
#4566 = FACE_OUTER_BOUND ( 'NONE', #6759, .T. ) ;
#4567 = CARTESIAN_POINT ( 'NONE',  ( 7.098316383607767399, -0.7999999999999882760, 62.92693994248485723 ) ) ;
#4568 = CARTESIAN_POINT ( 'NONE',  ( -8.610056242233813606, -3.599999999999999645, 64.06172122285695991 ) ) ;
#4569 = CARTESIAN_POINT ( 'NONE',  ( 17.15899646962782654, -3.600000000000000977, 36.51130067061720297 ) ) ;
#4570 = CARTESIAN_POINT ( 'NONE',  ( -14.92304482172431435, -0.7999999999999979350, 32.00080445566401721 ) ) ;
#4571 = CARTESIAN_POINT ( 'NONE',  ( 6.794566845734474114, -0.7999999999999994893, 64.73560340794483636 ) ) ;
#4572 = EDGE_LOOP ( 'NONE', ( #1341, #6284, #669, #1263, #3667, #2563 ) ) ;
#4573 = CARTESIAN_POINT ( 'NONE',  ( -11.12785804539835866, 5.564301379570013872E-15, 60.24910845922378400 ) ) ;
#4574 = DIRECTION ( 'NONE',  ( -4.190440943964895054E-07, 0.000000000000000000, 0.9999999999999121814 ) ) ;
#4575 = CARTESIAN_POINT ( 'NONE',  ( -3.083650669016535506, -3.000000000000010658, -67.31332803073999571 ) ) ;
#4576 = CARTESIAN_POINT ( 'NONE',  ( -17.89496862954178269, -1.999999999999999112, 29.08191001520991037 ) ) ;
#4577 = CARTESIAN_POINT ( 'NONE',  ( -17.24213549351663133, -3.599999999999999645, -51.38493568044135174 ) ) ;
#4578 = CARTESIAN_POINT ( 'NONE',  ( -17.89496862954178269, -2.000000000000000000, 29.08191001520991037 ) ) ;
#4579 = DIRECTION ( 'NONE',  ( 1.130782554152743995E-30, 1.000000000000000000, -1.577721810442023611E-30 ) ) ;
#4580 = CARTESIAN_POINT ( 'NONE',  ( 16.63037077973733346, 5.500831460601693028E-15, 37.43507064003363638 ) ) ;
#4581 = CARTESIAN_POINT ( 'NONE',  ( 4.868721608344161567, 5.102417875214862220E-15, 66.69475607438410236 ) ) ;
#4582 = EDGE_CURVE ( 'NONE', #407, #3344, #319, .T. ) ;
#4583 = CARTESIAN_POINT ( 'NONE',  ( 17.25968878283416075, -3.600000000000001421, -50.44819651288231199 ) ) ;
#4584 = CARTESIAN_POINT ( 'NONE',  ( 17.23733596586125216, -3.600000000000000533, -51.57005845599032767 ) ) ;
#4585 = CARTESIAN_POINT ( 'NONE',  ( -18.59999999999998721, -2.000000000000000000, 32.00001899343997991 ) ) ;
#4586 = EDGE_CURVE ( 'NONE', #5794, #652, #363, .T. ) ;
#4587 = DIRECTION ( 'NONE',  ( -0.9999999999999996669, 0.000000000000000000, -2.490616653888567452E-08 ) ) ;
#4588 = CARTESIAN_POINT ( 'NONE',  ( 2.000000000000000444, -0.5999999999999894307, -70.00000000000000000 ) ) ;
#4589 = ADVANCED_FACE ( 'NONE', ( #1437 ), #941, .F. ) ;
#4590 = CARTESIAN_POINT ( 'NONE',  ( 16.62724170551483382, -2.000000000000000444, 46.82098848188196172 ) ) ;
#4591 = VERTEX_POINT ( 'NONE', #3270 ) ;
#4592 = LINE ( 'NONE', #1093, #3019 ) ;
#4593 = CARTESIAN_POINT ( 'NONE',  ( 8.246755355228058804, -3.600000000000000533, 64.43625228238350644 ) ) ;
#4594 = CARTESIAN_POINT ( 'NONE',  ( -11.61597746063123004, -2.000000000000000000, -64.30498037198057659 ) ) ;
#4595 = CARTESIAN_POINT ( 'NONE',  ( -15.78046552168545880, -0.03847813747361514963, 44.96771102827968036 ) ) ;
#4596 = AXIS2_PLACEMENT_3D ( 'NONE', #2999, #2569, #4898 ) ;
#4597 = CARTESIAN_POINT ( 'NONE',  ( 17.28419781223202989, -3.600000000000000533, 16.75302232756374110 ) ) ;
#4598 = CARTESIAN_POINT ( 'NONE',  ( 13.75431342880668240, 5.611267613559047541E-15, 53.81520062258869785 ) ) ;
#4599 = VERTEX_POINT ( 'NONE', #3232 ) ;
#4600 = ORIENTED_EDGE ( 'NONE', *, *, #2486, .F. ) ;
#4601 = CARTESIAN_POINT ( 'NONE',  ( -17.26646499418925629, -3.599999999999999645, -45.03799480863950322 ) ) ;
#4602 = PLANE ( 'NONE',  #2259 ) ;
#4603 = PLANE ( 'NONE',  #231 ) ;
#4604 = EDGE_CURVE ( 'NONE', #2203, #5574, #2687, .T. ) ;
#4605 = CARTESIAN_POINT ( 'NONE',  ( -3.547349862448355040, -0.8000000000000002665, 66.00486100140459200 ) ) ;
#4606 = CARTESIAN_POINT ( 'NONE',  ( -0.8257460726646144167, -3.599999999999999645, -66.65865626555746815 ) ) ;
#4607 = CARTESIAN_POINT ( 'NONE',  ( 6.709675081765229088, -0.8000000000000005995, 63.34184267810488933 ) ) ;
#4608 = FACE_OUTER_BOUND ( 'NONE', #3957, .T. ) ;
#4609 = CARTESIAN_POINT ( 'NONE',  ( 8.440728215067908380, -0.7999999999999999334, 62.98712658472015136 ) ) ;
#4610 = VERTEX_POINT ( 'NONE', #6096 ) ;
#4611 = CARTESIAN_POINT ( 'NONE',  ( -7.193744723242641470, 5.656039325087572656E-15, 65.44414950267865549 ) ) ;
#4612 = DIRECTION ( 'NONE',  ( -0.000000000000000000, -1.000000000000000000, -0.000000000000000000 ) ) ;
#4613 = CARTESIAN_POINT ( 'NONE',  ( -17.86647279549461587, -3.000000000000010658, 13.50574936707897145 ) ) ;
#4614 = CARTESIAN_POINT ( 'NONE',  ( -17.28205269517917486, -3.599999999999999201, -46.05852542786129789 ) ) ;
#4615 = CARTESIAN_POINT ( 'NONE',  ( 11.61597746056947678, -3.000000000000010658, -64.30498037203024353 ) ) ;
#4616 = CARTESIAN_POINT ( 'NONE',  ( -17.42539160935115206, -3.000000000000011990, 40.66222415149103142 ) ) ;
#4617 = CARTESIAN_POINT ( 'NONE',  ( 5.292309911922229659, 5.600806619521176622E-15, 66.56735339665567608 ) ) ;
#4618 = CARTESIAN_POINT ( 'NONE',  ( 17.29128429736430306, -3.599999999999999645, -48.00256412387087579 ) ) ;
#4619 = ORIENTED_EDGE ( 'NONE', *, *, #2154, .T. ) ;
#4620 = VERTEX_POINT ( 'NONE', #4941 ) ;
#4621 = CARTESIAN_POINT ( 'NONE',  ( 16.79668770479747764, -3.599999999999998757, -54.93363770165090898 ) ) ;
#4622 = CARTESIAN_POINT ( 'NONE',  ( -18.60085817170184086, 0.000000000000000000, 36.02436323968346699 ) ) ;
#4623 = VECTOR ( 'NONE', #7385, 1000.000000000000000 ) ;
#4624 = VECTOR ( 'NONE', #4175, 999.9999999999998863 ) ;
#4625 = CARTESIAN_POINT ( 'NONE',  ( 3.988170613384421248, -0.01288444013451163495, 66.78715033657459799 ) ) ;
#4626 = CARTESIAN_POINT ( 'NONE',  ( -17.29943334867056848, -3.600000000000000533, 27.11866731444480294 ) ) ;
#4627 = CARTESIAN_POINT ( 'NONE',  ( 8.483631721531461167, -2.000000000000000000, 65.13435232038442280 ) ) ;
#4628 = EDGE_LOOP ( 'NONE', ( #6195, #3836, #4769, #586 ) ) ;
#4629 = CARTESIAN_POINT ( 'NONE',  ( 8.855079969393985451, -3.600000000000001421, 63.79237549144296793 ) ) ;
#4630 = EDGE_CURVE ( 'NONE', #5860, #3864, #3311, .T. ) ;
#4631 = CARTESIAN_POINT ( 'NONE',  ( 10.02246759005710075, -3.000000000000010214, -65.31985245728074574 ) ) ;
#4632 = CARTESIAN_POINT ( 'NONE',  ( -6.491041522454004564, -3.600300000945172219, -54.79298605861921345 ) ) ;
#4633 = CARTESIAN_POINT ( 'NONE',  ( 11.83148963087016803, 5.886633976498010612E-15, 58.82961734159930955 ) ) ;
#4634 = CARTESIAN_POINT ( 'NONE',  ( -5.290256474905017825, -0.8000000000000055955, 64.49883749906480546 ) ) ;
#4635 = EDGE_LOOP ( 'NONE', ( #479, #4662, #2803, #5252 ) ) ;
#4636 = CARTESIAN_POINT ( 'NONE',  ( -4.081078752744238258, -0.8000000000001356026, 65.99779201891909963 ) ) ;
#4637 = ORIENTED_EDGE ( 'NONE', *, *, #3911, .F. ) ;
#4638 = DIRECTION ( 'NONE',  ( 0.000000000000000000, -1.000000000000000000, -0.000000000000000000 ) ) ;
#4639 = DIRECTION ( 'NONE',  ( 1.130782554152743995E-30, 1.000000000000000000, -1.577721810442023611E-30 ) ) ;
#4640 = CARTESIAN_POINT ( 'NONE',  ( -17.88724251148742539, -3.000000000000010658, -48.96963389011206402 ) ) ;
#4641 = CARTESIAN_POINT ( 'NONE',  ( -11.56077947724294930, 5.263183672473036924E-15, 59.40032104997025897 ) ) ;
#4642 = CARTESIAN_POINT ( 'NONE',  ( -1.887450428722588391, -3.599999999999999645, -66.66240779622430068 ) ) ;
#4643 = CARTESIAN_POINT ( 'NONE',  ( 7.025794253364103348, -0.8000000000031930458, 64.53752158686803853 ) ) ;
#4644 = CARTESIAN_POINT ( 'NONE',  ( 16.95060012885769041, -3.599999999999999645, 39.35548953914597092 ) ) ;
#4645 = CARTESIAN_POINT ( 'NONE',  ( 8.598801911075636184, -0.7999999999999998224, 62.78124348126900856 ) ) ;
#4646 = ORIENTED_EDGE ( 'NONE', *, *, #34, .F. ) ;
#4647 = CARTESIAN_POINT ( 'NONE',  ( -7.292421563659306827, 5.645883703176450468E-15, 65.36207354456843177 ) ) ;
#4648 = VERTEX_POINT ( 'NONE', #3916 ) ;
#4649 = CARTESIAN_POINT ( 'NONE',  ( 4.409077659675871175, 5.041056303067357628E-15, 66.77559501329861291 ) ) ;
#4650 = CARTESIAN_POINT ( 'NONE',  ( -11.15775905609186758, -3.000000000000011102, -64.62742349870110559 ) ) ;
#4651 = CARTESIAN_POINT ( 'NONE',  ( 0.3124657057596036958, -3.599999999999999201, -66.65520844507386755 ) ) ;
#4652 = CARTESIAN_POINT ( 'NONE',  ( -14.32291037397203581, -3.600000000000000977, -60.49667376417691145 ) ) ;
#4653 = CARTESIAN_POINT ( 'NONE',  ( -17.86647279549461587, -2.000000000000000000, 13.50574936707897145 ) ) ;
#4654 = CARTESIAN_POINT ( 'NONE',  ( -17.75975592155075944, -3.000000000000010658, 36.51311210414093722 ) ) ;
#4655 = CARTESIAN_POINT ( 'NONE',  ( 6.870549350781473663, 5.595734883981234874E-15, 65.69379859025634971 ) ) ;
#4656 = CARTESIAN_POINT ( 'NONE',  ( -0.6156718228043303043, -3.599999999999998312, 66.27631657662793430 ) ) ;
#4657 = CARTESIAN_POINT ( 'NONE',  ( 17.28551493248395587, -3.599999999999999201, -46.30736311088760715 ) ) ;
#4658 = DIRECTION ( 'NONE',  ( 0.000000000000000000, -1.000000000000000000, 0.000000000000000000 ) ) ;
#4659 = DIRECTION ( 'NONE',  ( -1.000000000000000000, 0.000000000000000000, 0.000000000000000000 ) ) ;
#4660 = CARTESIAN_POINT ( 'NONE',  ( -4.107579838728645960, -3.600000000000000533, 66.27620378025305570 ) ) ;
#4661 = CARTESIAN_POINT ( 'NONE',  ( -12.39993575547961591, -2.000000000000000000, 61.69348873847482650 ) ) ;
#4662 = ORIENTED_EDGE ( 'NONE', *, *, #6725, .F. ) ;
#4663 = CARTESIAN_POINT ( 'NONE',  ( 14.43126652642833641, 5.512658954957143669E-15, 51.49031571290956322 ) ) ;
#4664 = CARTESIAN_POINT ( 'NONE',  ( 14.25575799097778784, -1.499999999999999556, 29.15011359384848078 ) ) ;
#4665 = CARTESIAN_POINT ( 'NONE',  ( -13.76286476244913715, -0.7999999999999999334, 50.88100900351497557 ) ) ;
#4666 = CARTESIAN_POINT ( 'NONE',  ( 10.24613506532158702, -3.000000000000010658, -65.19225318132671987 ) ) ;
#4667 = CARTESIAN_POINT ( 'NONE',  ( -14.09265737410414232, -3.599999999999999201, 53.76662388266562687 ) ) ;
#4668 = CARTESIAN_POINT ( 'NONE',  ( -4.687607998858230651, -0.7999999999999704015, 64.79055544760707619 ) ) ;
#4669 = ORIENTED_EDGE ( 'NONE', *, *, #4885, .F. ) ;
#4670 = CARTESIAN_POINT ( 'NONE',  ( -3.828613209380892002, -0.03847763108487901873, 66.76337183239607498 ) ) ;
#4671 = ORIENTED_EDGE ( 'NONE', *, *, #2683, .F. ) ;
#4672 = CARTESIAN_POINT ( 'NONE',  ( -17.28325578143912722, -3.600000000000000089, -46.14884588776380525 ) ) ;
#4673 = DIRECTION ( 'NONE',  ( -0.1500202732922523430, -0.000000000000000000, 0.9886829206582451457 ) ) ;
#4674 = CARTESIAN_POINT ( 'NONE',  ( -13.67959696652868651, -3.000000000000010658, -62.42548451307303026 ) ) ;
#4675 = EDGE_CURVE ( 'NONE', #528, #1461, #625, .T. ) ;
#4676 = CARTESIAN_POINT ( 'NONE',  ( -15.74208384191080867, 5.638982292979762283E-15, 45.33663344603296963 ) ) ;
#4677 = CARTESIAN_POINT ( 'NONE',  ( 7.483969901785476608, -0.7999999999995279776, 64.09045438069790634 ) ) ;
#4678 = CARTESIAN_POINT ( 'NONE',  ( -10.50662601614036973, -3.599999999999999201, 61.59018458459755863 ) ) ;
#4679 = CARTESIAN_POINT ( 'NONE',  ( 8.504404160377047717, -0.8000000000000005995, 62.90519485956813384 ) ) ;
#4680 = CARTESIAN_POINT ( 'NONE',  ( -5.153944647199288021, 6.382018563148873769E-15, 66.61443972594412344 ) ) ;
#4681 = VERTEX_POINT ( 'NONE', #4376 ) ;
#4682 = CARTESIAN_POINT ( 'NONE',  ( 5.594964192172916739, 5.621340097582690304E-15, 66.44894971723920207 ) ) ;
#4683 = CARTESIAN_POINT ( 'NONE',  ( -8.450134811064760498, -3.000000000000011546, -66.07503686774724372 ) ) ;
#4684 = CARTESIAN_POINT ( 'NONE',  ( 0.7095410012011341694, -3.600000000000000977, -66.65776254645710708 ) ) ;
#4685 = CARTESIAN_POINT ( 'NONE',  ( -17.84196921815007641, -3.000000000000011102, -51.39911971729056006 ) ) ;
#4686 = CARTESIAN_POINT ( 'NONE',  ( -3.556042985904918297, 5.637851296924624635E-15, 66.80481376851311381 ) ) ;
#4687 = CARTESIAN_POINT ( 'NONE',  ( -17.83961471158288248, -3.000000000000011990, 34.73384141472779163 ) ) ;
#4688 = AXIS2_PLACEMENT_3D ( 'NONE', #6543, #4144, #1313 ) ;
#4689 = CARTESIAN_POINT ( 'NONE',  ( 5.180370055272140561, 5.228282035940593820E-15, 66.60575169034218845 ) ) ;
#4690 = ORIENTED_EDGE ( 'NONE', *, *, #1237, .F. ) ;
#4691 = EDGE_LOOP ( 'NONE', ( #5142, #2737, #2388, #2184 ) ) ;
#4692 = CARTESIAN_POINT ( 'NONE',  ( 14.25575799097778784, -3.100000000000030731, 29.15011359384848078 ) ) ;
#4693 = CARTESIAN_POINT ( 'NONE',  ( -17.26789993544823787, -3.600000000000000089, 13.57154535055800970 ) ) ;
#4694 = CARTESIAN_POINT ( 'NONE',  ( -6.872966933893358110, 0.000000000000000000, 67.83433109994184917 ) ) ;
#4695 = EDGE_CURVE ( 'NONE', #1430, #4139, #3200, .T. ) ;
#4696 =( BOUNDED_SURFACE ( )  B_SPLINE_SURFACE ( 3, 2, ( 
 ( #3353, #7376, #1449 ),
 ( #3817, #6107, #2055 ),
 ( #6179, #953, #881 ),
 ( #5560, #6705, #4420 ),
 ( #3212, #4500, #6256 ),
 ( #7337, #3927, #3283 ),
 ( #299, #2090, #1031 ),
 ( #920, #6740, #7304 ),
 ( #5673, #6814, #1516 ),
 ( #4457, #3780, #2122 ),
 ( #442, #6775, #1558 ),
 ( #3887, #5105, #2617 ),
 ( #4345, #7418, #1484 ),
 ( #3853, #6141, #3246 ),
 ( #333, #2657, #6220 ),
 ( #994, #3321, #5636 ),
 ( #405, #2734, #6295 ),
 ( #6328, #3965, #2857 ),
 ( #3538, #2268, #5138 ),
 ( #1180, #3464, #1065 ),
 ( #552, #1217, #7453 ),
 ( #3390, #4075, #596 ),
 ( #6921, #5712, #5791 ),
 ( #5175, #476, #2816 ),
 ( #4041, #7490, #5866 ),
 ( #2938, #5260, #636 ),
 ( #2898, #2974, #17 ),
 ( #4005, #1671, #2232 ),
 ( #5829, #1709, #4567 ),
 ( #6883, #1142, #1107 ),
 ( #2347, #4677, #4607 ),
 ( #6365, #5217, #6995 ),
 ( #7538, #1778, #3430 ),
 ( #6398, #4643, #3499 ),
 ( #2308, #5302, #4110 ),
 ( #2198, #6960, #4533 ),
 ( #5754, #6440, #1746 ),
 ( #6849, #513, #1635 ),
 ( #3655, #6476, #4188 ),
 ( #7196, #4226, #5984 ),
 ( #4792, #180, #1969 ),
 ( #1825, #3091, #139 ),
 ( #3011, #3573, #717 ),
 ( #6554, #220, #7154 ),
 ( #5417, #3055, #5901 ),
 ( #4302, #4830, #3733 ),
 ( #2503, #6626, #2541 ),
 ( #1930, #4272, #2466 ),
 ( #4870, #6592, #833 ),
 ( #1367, #2383, #2426 ),
 ( #1325, #1251, #3693 ),
 ( #4153, #1401, #798 ),
 ( #7114, #677, #5339 ),
 ( #1895, #6023, #6056 ),
 ( #3128, #98, #5453 ),
 ( #4756, #7074, #3165 ),
 ( #53, #4716, #7033 ),
 ( #1856, #6515, #1287 ),
 ( #3610, #5943, #4409 ),
 ( #5517, #7291, #906 ) ),
 .UNSPECIFIED., .F., .F., .T. ) 
 B_SPLINE_SURFACE_WITH_KNOTS ( ( 4, 2, 2, 2, 2, 2, 2, 2, 2, 2, 2, 2, 2, 2, 2, 2, 2, 2, 2, 2, 2, 2, 2, 2, 2, 2, 2, 2, 2, 4 ),
 ( 3, 3 ),
 ( -9.714451465470119729E-17, 0.004532450409249023926, 0.009064900818498144996, 0.01359735122774726607, 0.01586357643237182660, 0.01812980163699638714, 0.02039602684162094767, 0.02266225204624550821, 0.02492847725087006874, 0.02719470245549462928, 0.02832781505780691128, 0.02946092766011918981, 0.03059404026243146835, 0.03172715286474375035, 0.03286026546705603235, 0.03314354361763410112, 0.03342682176821216988, 0.03399337806936830741, 0.03427665621994637618, 0.03455993437052444495, 0.03470157344581348280, 0.03484321252110252065, 0.03512649067168058942, 0.03540976882225865818, 0.03555140789754769604, 0.03562222743519221496, 0.03565763720401447789, 0.03569304697283673389, 0.03597632512341480265, 0.03625960327399287142 ),
 ( 0.000000000000000000, 1.000000000000000000 ),
 .UNSPECIFIED. ) 
 GEOMETRIC_REPRESENTATION_ITEM ( )  RATIONAL_B_SPLINE_SURFACE ( (
 ( 1.000000000000000000, 0.9238795325108019041, 1.000000000000000000),
 ( 1.000000000000000000, 0.9238795572543626600, 1.000000000000000000),
 ( 1.000000000000000000, 0.9238794842769385562, 1.000000000000000000),
 ( 1.000000000000000000, 0.9238795677771983739, 1.000000000000000000),
 ( 1.000000000000000000, 0.9238796212940877384, 1.000000000000000000),
 ( 1.000000000000000000, 0.9238793994986381763, 1.000000000000000000),
 ( 1.000000000000000000, 0.9238795394316271503, 1.000000000000000000),
 ( 1.000000000000000000, 0.9238795312593145459, 1.000000000000000000),
 ( 1.000000000000000000, 0.9238796002208702340, 1.000000000000000000),
 ( 1.000000000000000000, 0.9238794840504791495, 1.000000000000000000),
 ( 1.000000000000000000, 0.9238795316321612994, 1.000000000000000000),
 ( 1.000000000000000000, 0.9238795018574736950, 1.000000000000000000),
 ( 1.000000000000000000, 0.9238795669151400602, 1.000000000000000000),
 ( 1.000000000000000000, 0.9238794882286887056, 1.000000000000000000),
 ( 1.000000000000000000, 0.9238795396809226235, 1.000000000000000000),
 ( 1.000000000000000000, 0.9238795257539998973, 1.000000000000000000),
 ( 1.000000000000000000, 0.9238794898242572717, 1.000000000000000000),
 ( 1.000000000000000000, 0.9238793940636971236, 1.000000000000000000),
 ( 1.000000000000000000, 0.9238794255477100759, 1.000000000000000000),
 ( 1.000000000000000000, 0.9238797533435393339, 1.000000000000000000),
 ( 1.000000000000000000, 0.9238795056626307733, 1.000000000000000000),
 ( 1.000000000000000000, 0.9238795676689905978, 1.000000000000000000),
 ( 1.000000000000000000, 0.9238795341524388416, 1.000000000000000000),
 ( 1.000000000000000000, 0.9238795291125942999, 1.000000000000000000),
 ( 1.000000000000000000, 0.9238794147550085656, 1.000000000000000000),
 ( 1.000000000000000000, 0.9238796756873682847, 1.000000000000000000),
 ( 1.000000000000000000, 0.9238793587826680254, 1.000000000000000000),
 ( 1.000000000000000000, 0.9238797022884704946, 1.000000000000000000),
 ( 1.000000000000000000, 0.9238798419708543763, 1.000000000000000000),
 ( 1.000000000000000000, 0.9238794603534273842, 1.000000000000000000),
 ( 1.000000000000000000, 0.9238795336800535996, 1.000000000000000000),
 ( 1.000000000000000000, 0.9238795327155200354, 1.000000000000000000),
 ( 1.000000000000000000, 0.9238796029661853204, 1.000000000000000000),
 ( 1.000000000000000000, 0.9238792161202803443, 1.000000000000000000),
 ( 1.000000000000000000, 0.9238793125544650930, 1.000000000000000000),
 ( 1.000000000000000000, 0.9238795957355850907, 1.000000000000000000),
 ( 1.000000000000000000, 0.9238795323265071024, 1.000000000000000000),
 ( 1.000000000000000000, 0.9238795021478486413, 1.000000000000000000),
 ( 1.000000000000000000, 0.9238796311293785424, 1.000000000000000000),
 ( 1.000000000000000000, 0.9238794990560559306, 1.000000000000000000),
 ( 1.000000000000000000, 0.9238795345766442901, 1.000000000000000000),
 ( 1.000000000000000000, 0.9238795310545063755, 1.000000000000000000),
 ( 1.000000000000000000, 0.9238795240466013414, 1.000000000000000000),
 ( 1.000000000000000000, 0.9238795495802913926, 1.000000000000000000),
 ( 1.000000000000000000, 0.9238793851926556666, 1.000000000000000000),
 ( 1.000000000000000000, 0.9238795321275297123, 1.000000000000000000),
 ( 1.000000000000000000, 0.9238793970818566237, 1.000000000000000000),
 ( 1.000000000000000000, 0.9238795683459111174, 1.000000000000000000),
 ( 1.000000000000000000, 0.9238795364013329126, 1.000000000000000000),
 ( 1.000000000000000000, 0.9238795309968267366, 1.000000000000000000),
 ( 1.000000000000000000, 0.9238794776858323399, 1.000000000000000000),
 ( 1.000000000000000000, 0.9238795551379584969, 1.000000000000000000),
 ( 1.000000000000000000, 0.9238794844158241260, 1.000000000000000000),
 ( 1.000000000000000000, 0.9238795328542014351, 1.000000000000000000),
 ( 1.000000000000000000, 0.9238795325510245071, 1.000000000000000000),
 ( 1.000000000000000000, 0.9238795321549836403, 1.000000000000000000),
 ( 1.000000000000000000, 0.9238795242142040509, 1.000000000000000000),
 ( 1.000000000000000000, 0.9238795407594982967, 1.000000000000000000),
 ( 1.000000000000000000, 0.9238794776832832678, 1.000000000000000000),
 ( 1.000000000000000000, 0.9238795326606701330, 1.000000000000000000) ) ) 
 REPRESENTATION_ITEM ( '' )  SURFACE ( )  );
#4697 = CARTESIAN_POINT ( 'NONE',  ( -1.691042538450890476, -3.600000000000000089, -4.211738637988819856E-08 ) ) ;
#4698 = CARTESIAN_POINT ( 'NONE',  ( -17.29851348117880860, -3.600000000000000089, 28.90152599614093276 ) ) ;
#4699 = CARTESIAN_POINT ( 'NONE',  ( -8.443449067290988097, -2.000000000000000000, 66.75182148427769846 ) ) ;
#4700 = ORIENTED_EDGE ( 'NONE', *, *, #1299, .T. ) ;
#4701 = CARTESIAN_POINT ( 'NONE',  ( 12.14625836395963709, 0.000000000000000000, 62.27563060541879736 ) ) ;
#4702 = CARTESIAN_POINT ( 'NONE',  ( -3.810036809055219464, -0.7999999999999999334, -22.79629160337833227 ) ) ;
#4703 = CARTESIAN_POINT ( 'NONE',  ( 10.68262200530573836, -3.600000000000000089, 61.31067357333732559 ) ) ;
#4704 = DIRECTION ( 'NONE',  ( -1.000000000000000000, -0.000000000000000000, -0.000000000000000000 ) ) ;
#4705 = CARTESIAN_POINT ( 'NONE',  ( 10.41243437228087743, -3.000000000000010214, -65.09360194597651628 ) ) ;
#4706 = CARTESIAN_POINT ( 'NONE',  ( 17.30168305365370784, -3.599999999999999645, 25.25512582314045673 ) ) ;
#4707 = CARTESIAN_POINT ( 'NONE',  ( -6.567831943777964199, -0.03847571246464503297, 65.87089584334935921 ) ) ;
#4708 = ORIENTED_EDGE ( 'NONE', *, *, #4895, .T. ) ;
#4709 = CARTESIAN_POINT ( 'NONE',  ( -17.27225648594967922, -3.600000000000000533, -45.42097261485199766 ) ) ;
#4710 = EDGE_CURVE ( 'NONE', #3718, #5821, #1175, .T. ) ;
#4711 = CONICAL_SURFACE ( 'NONE', #6187, 2.149999999999999023, 0.7853981633974547183 ) ;
#4712 = CARTESIAN_POINT ( 'NONE',  ( 3.772669459824308902, -3.600000000000000533, 66.27631789204626500 ) ) ;
#4713 = B_SPLINE_SURFACE_WITH_KNOTS ( 'NONE', 2, 1, ( 
 ( #3446, #5196 ),
 ( #459, #4622 ),
 ( #2798, #6938 ),
 ( #4058, #7434 ),
 ( #2212, #6864 ),
 ( #1652, #1157 ),
 ( #3981, #2914 ),
 ( #7555, #4089 ),
 ( #4845, #5882 ),
 ( #4206, #6000 ),
 ( #196, #6535 ),
 ( #3589, #3069 ),
 ( #4248, #6495 ),
 ( #7170, #1269 ),
 ( #2481, #4734 ),
 ( #3553, #5393 ),
 ( #2519, #1304 ),
 ( #7056, #655 ),
 ( #1874, #739 ),
 ( #3671, #5919 ),
 ( #3631, #2953 ),
 ( #692, #5844 ),
 ( #1948, #2365 ),
 ( #3030, #1345 ),
 ( #5279, #5960 ),
 ( #2990, #6458 ),
 ( #4169, #155 ),
 ( #33, #5318 ),
 ( #4807, #4694 ),
 ( #777, #5357 ),
 ( #7014, #1911 ),
 ( #7134, #4132 ),
 ( #6571, #120 ) ),
 .UNSPECIFIED., .F., .F., .F.,
 ( 3, 1, 1, 1, 1, 1, 1, 1, 1, 1, 1, 1, 1, 1, 1, 1, 1, 1, 1, 1, 1, 1, 1, 1, 1, 1, 1, 1, 1, 1, 1, 3 ),
 ( 2, 2 ),
 ( -5.009443458232360559E-07, 0.1874995929827190100, 0.2812496399462514618, 0.3281246634280176599, 0.3593746790825284587, 0.3906246947370393130, 0.4218747103915501118, 0.4531247260460609105, 0.4843747417005717093, 0.5156247573550825081, 0.5468747730095934179, 0.5781247886641042166, 0.6093748043186150154, 0.6406248199731258142, 0.6718748356276366129, 0.7031248512821474117, 0.7343748669366582105, 0.7578123786775412540, 0.7734373865047967644, 0.7890623943320520528, 0.8046874021593075632, 0.8203124099865628516, 0.8359374178138183620, 0.8515624256410736503, 0.8671874334683291607, 0.8828124412955844491, 0.8984374491228399595, 0.9140624569500952479, 0.9296874647773507583, 0.9453124726046060466, 0.9609374804318615571, 1.000000000000000000 ),
 ( 0.000000000000000000, 1.000000000000000000 ),
 .UNSPECIFIED. ) ;
#4714 = CARTESIAN_POINT ( 'NONE',  ( -11.37197915932538095, 6.012518921376209190E-15, 59.77901637320570671 ) ) ;
#4715 = CARTESIAN_POINT ( 'NONE',  ( 10.00372190256230098, -3.600000000000001421, 62.33299107676095474 ) ) ;
#4716 = CARTESIAN_POINT ( 'NONE',  ( 4.570252198640166519, -0.8000000000012656987, 65.94442728212662530 ) ) ;
#4717 = CARTESIAN_POINT ( 'NONE',  ( 5.012984221117344319, -1.779949199898000378, -20.18897252795810004 ) ) ;
#4718 = CARTESIAN_POINT ( 'NONE',  ( -9.565903008218407777, -3.600000000000000089, 62.92453112407565641 ) ) ;
#4719 = CARTESIAN_POINT ( 'NONE',  ( 16.98857831699632825, -3.599999999999999201, 38.92421051086490280 ) ) ;
#4720 = CARTESIAN_POINT ( 'NONE',  ( 4.136221619389528925, -0.7999999999999994893, 65.99558514770401985 ) ) ;
#4721 = CARTESIAN_POINT ( 'NONE',  ( -5.538006876150885383, 6.166824259327062512E-15, 66.47338718348181885 ) ) ;
#4722 = VERTEX_POINT ( 'NONE', #2924 ) ;
#4723 = CARTESIAN_POINT ( 'NONE',  ( 3.994693249030360650E-07, -1.779949199897996825, -16.03897268892623629 ) ) ;
#4724 = CARTESIAN_POINT ( 'NONE',  ( -2.720413609730994331, -3.599999999999998757, -66.64897447946685816 ) ) ;
#4725 = CARTESIAN_POINT ( 'NONE',  ( 1.090299739330960582, -3.599999999999999645, -66.66063111265810903 ) ) ;
#4726 = CARTESIAN_POINT ( 'NONE',  ( -16.36942644052519924, -3.600000000000000533, -56.42384248451927675 ) ) ;
#4727 = CARTESIAN_POINT ( 'NONE',  ( -17.21480249714250377, -3.000000000000009770, 42.43769159396056523 ) ) ;
#4728 = EDGE_CURVE ( 'NONE', #6171, #4963, #6375, .T. ) ;
#4729 = CARTESIAN_POINT ( 'NONE',  ( 16.67902787639104645, 5.774871133247553086E-15, 36.60056652652650655 ) ) ;
#4730 = CARTESIAN_POINT ( 'NONE',  ( 3.854065059742562749, 5.637851296924625423E-15, 66.80082038321332050 ) ) ;
#4731 = VERTEX_POINT ( 'NONE', #5245 ) ;
#4732 = CARTESIAN_POINT ( 'NONE',  ( 14.47579801413086464, -2.299999999999999822, 51.32085073775028405 ) ) ;
#4733 = CARTESIAN_POINT ( 'NONE',  ( -17.30028617933240298, -3.599999999999999645, 26.45123870555634937 ) ) ;
#4734 = CARTESIAN_POINT ( 'NONE',  ( -13.59078231942650561, 0.000000000000000000, 59.32953292813555635 ) ) ;
#4735 = CONICAL_SURFACE ( 'NONE', #7043, 2.149999999999995470, 0.7853981633974548293 ) ;
#4736 = CARTESIAN_POINT ( 'NONE',  ( -17.90410878738295253, -2.000000000000000000, -46.61837408620933587 ) ) ;
#4737 = CARTESIAN_POINT ( 'NONE',  ( 7.903560431050145496, -0.03847514398415756431, 64.75891441757613620 ) ) ;
#4738 = CARTESIAN_POINT ( 'NONE',  ( -15.87346098412140449, -2.000000000000000000, 53.03685015818281556 ) ) ;
#4739 = VECTOR ( 'NONE', #5078, 1000.000000000000000 ) ;
#4740 = CIRCLE ( 'NONE', #2293, 2.149999999999995470 ) ;
#4741 = VERTEX_POINT ( 'NONE', #4664 ) ;
#4742 = CARTESIAN_POINT ( 'NONE',  ( 3.625583135070722829, -2.000000000000000000, 66.87625928020973731 ) ) ;
#4743 = CARTESIAN_POINT ( 'NONE',  ( -6.117508275257346639, -3.000000000000010658, -66.92165255163803295 ) ) ;
#4744 = CARTESIAN_POINT ( 'NONE',  ( 7.177162693534647531, -3.600000000000000089, 65.35167552433954086 ) ) ;
#4745 = CARTESIAN_POINT ( 'NONE',  ( 17.29913296698665803, -3.599999999999999201, 27.35976721608514239 ) ) ;
#4746 = CARTESIAN_POINT ( 'NONE',  ( 4.396963379693496599, -3.599999999999999645, 66.27337855021697521 ) ) ;
#4747 = CARTESIAN_POINT ( 'NONE',  ( -16.99711653268709100, -3.600000000000000977, 38.84556204716702865 ) ) ;
#4748 = CARTESIAN_POINT ( 'NONE',  ( 17.29844096535841658, -3.600000000000000089, 28.72399442750968035 ) ) ;
#4749 = CARTESIAN_POINT ( 'NONE',  ( -6.060100881402322948, -0.03847802719249378972, 66.17704614180104272 ) ) ;
#4750 = CARTESIAN_POINT ( 'NONE',  ( 15.20418169278613973, -3.000000000000010658, 52.55139675589335724 ) ) ;
#4751 = ORIENTED_EDGE ( 'NONE', *, *, #2583, .T. ) ;
#4752 = CARTESIAN_POINT ( 'NONE',  ( 7.052743135590065826, -3.599999999999997868, 65.44335892310225233 ) ) ;
#4753 = CARTESIAN_POINT ( 'NONE',  ( -4.140876423380393412, -0.8000000000000000444, 65.99499920003970033 ) ) ;
#4754 = CARTESIAN_POINT ( 'NONE',  ( 17.21646862145787438, -3.599999999999999645, 35.32599097331630134 ) ) ;
#4755 = EDGE_CURVE ( 'NONE', #6964, #2450, #39, .T. ) ;
#4756 = CARTESIAN_POINT ( 'NONE',  ( 4.898456744346767699, -0.03847763915963539616, 66.65156091891593348 ) ) ;
#4757 = DIRECTION ( 'NONE',  ( 0.000000000000000000, -1.000000000000000000, 0.000000000000000000 ) ) ;
#4758 = CARTESIAN_POINT ( 'NONE',  ( 13.42262816925484259, -3.600000000000000089, 55.66398224240443682 ) ) ;
#4759 = CARTESIAN_POINT ( 'NONE',  ( -13.10520129742206663, -0.7999999999909723769, 53.29829257911418949 ) ) ;
#4760 = CARTESIAN_POINT ( 'NONE',  ( -8.443449067290988097, 0.000000000000000000, 66.75182148427769846 ) ) ;
#4761 = CARTESIAN_POINT ( 'NONE',  ( 6.191928324091808378, -0.8000000000000001554, 65.19650431870157092 ) ) ;
#4762 = CARTESIAN_POINT ( 'NONE',  ( -6.165644682883542060, 5.635244282267618199E-15, 66.16110084959645121 ) ) ;
#4763 = ORIENTED_EDGE ( 'NONE', *, *, #4011, .F. ) ;
#4764 = CARTESIAN_POINT ( 'NONE',  ( 6.038058704753639816, 5.910532178127187238E-15, 66.23508536636032318 ) ) ;
#4765 = CARTESIAN_POINT ( 'NONE',  ( -4.199046726801936913, -3.600000000000000977, -66.54182656887043379 ) ) ;
#4766 = CARTESIAN_POINT ( 'NONE',  ( -17.88573454914139305, -3.000000000000009770, -48.78590366812732526 ) ) ;
#4767 = CARTESIAN_POINT ( 'NONE',  ( -5.138072156750737918, 5.645859401186752002E-15, 66.61947157332471647 ) ) ;
#4768 = CARTESIAN_POINT ( 'NONE',  ( 15.83195198467158349, -0.8000000000000003775, 37.38464936404413663 ) ) ;
#4769 = ORIENTED_EDGE ( 'NONE', *, *, #1332, .F. ) ;
#4770 = ORIENTED_EDGE ( 'NONE', *, *, #2112, .T. ) ;
#4771 = CARTESIAN_POINT ( 'NONE',  ( -6.109855584981679577, -3.600000000000001421, 65.94862066097741149 ) ) ;
#4772 = CARTESIAN_POINT ( 'NONE',  ( -17.26431877175513208, -3.599999999999999645, 12.88266762961784728 ) ) ;
#4773 = CARTESIAN_POINT ( 'NONE',  ( -14.25575799097778074, -3.099999999999992095, -31.00427299466725017 ) ) ;
#4774 = CARTESIAN_POINT ( 'NONE',  ( 17.85212221966163426, -3.000000000000010658, -50.85173671083008173 ) ) ;
#4775 = CARTESIAN_POINT ( 'NONE',  ( 16.39317961865308959, -0.03847614757310604400, 40.13621662894029640 ) ) ;
#4776 = CARTESIAN_POINT ( 'NONE',  ( 12.18452551926323402, -3.600000000000000089, -63.00884829149860877 ) ) ;
#4777 = B_SPLINE_SURFACE_WITH_KNOTS ( 'NONE', 3, 1, ( 
 ( #4475, #1425 ),
 ( #3223, #5616 ),
 ( #3758, #5577 ),
 ( #7245, #3191 ),
 ( #894, #2105 ),
 ( #6083, #5508 ),
 ( #6754, #859 ),
 ( #384, #2068 ),
 ( #278, #2598 ) ),
 .UNSPECIFIED., .F., .F., .F.,
 ( 4, 1, 1, 1, 1, 1, 4 ),
 ( 2, 2 ),
 ( 0.000000000000000000, 0.2499988342734111857, 0.4999976685468223714, 0.7499965028202335571, 0.8749959199569391499, 0.9374956285252920019, 0.9999953370936447428 ),
 ( 0.000000000000000000, 1.000000000000000000 ),
 .UNSPECIFIED. ) ;
#4778 = ORIENTED_EDGE ( 'NONE', *, *, #4124, .F. ) ;
#4779 = CARTESIAN_POINT ( 'NONE',  ( 16.39521158569157322, 5.671535601829171874E-15, 40.35218549696415380 ) ) ;
#4780 = CARTESIAN_POINT ( 'NONE',  ( 6.462984221117340944, -0.8000000000000000444, -49.63897252795809578 ) ) ;
#4781 = CARTESIAN_POINT ( 'NONE',  ( 4.409372340172191151, -3.600000000000000533, 66.27312167067290716 ) ) ;
#4782 = CARTESIAN_POINT ( 'NONE',  ( 17.29951420087654412, -3.599999999999999645, 27.05389558162697128 ) ) ;
#4783 = CARTESIAN_POINT ( 'NONE',  ( -4.954035214002662890, -0.8000000000000070388, 64.68094286996964115 ) ) ;
#4784 = VERTEX_POINT ( 'NONE', #5853 ) ;
#4785 = CARTESIAN_POINT ( 'NONE',  ( 17.86647471754472249, -3.000000000000010658, 13.50617854924291628 ) ) ;
#4786 = ORIENTED_EDGE ( 'NONE', *, *, #2789, .F. ) ;
#4787 = CARTESIAN_POINT ( 'NONE',  ( 5.671355604043580634, -3.600000000000002309, 66.09935813044688757 ) ) ;
#4788 = CARTESIAN_POINT ( 'NONE',  ( -3.928042678985038005, -0.7999999999999999334, 66.00072399508462695 ) ) ;
#4789 = CARTESIAN_POINT ( 'NONE',  ( -17.30264481002133081, -3.599999999999999645, 24.09334488952766051 ) ) ;
#4790 = ADVANCED_FACE ( 'NONE', ( #5927 ), #622, .F. ) ;
#4791 = CARTESIAN_POINT ( 'NONE',  ( 10.33943892712311907, -3.600000000000000977, 61.84193251167243233 ) ) ;
#4792 = CARTESIAN_POINT ( 'NONE',  ( 6.499655468949159243, -0.03847764912182502495, 65.90849289449549531 ) ) ;
#4793 = DIRECTION ( 'NONE',  ( 1.000000000000000000, 0.000000000000000000, 0.000000000000000000 ) ) ;
#4794 = CARTESIAN_POINT ( 'NONE',  ( 11.57527045916889108, -3.600000000000001421, 59.76956009606459475 ) ) ;
#4795 = CARTESIAN_POINT ( 'NONE',  ( -11.84337386395861635, 0.000000000000000000, 62.63630420468476956 ) ) ;
#4796 = CARTESIAN_POINT ( 'NONE',  ( 4.861426591760060312, -0.8000000000000002665, 65.86763908845428261 ) ) ;
#4797 = CARTESIAN_POINT ( 'NONE',  ( 3.992731003204665008, 5.905478154794993396E-15, 66.80000587637816523 ) ) ;
#4798 = CARTESIAN_POINT ( 'NONE',  ( -5.649819619947758831, -3.599999999999998757, -66.30897088556675101 ) ) ;
#4799 = CARTESIAN_POINT ( 'NONE',  ( -16.80774319585136922, -3.600000000000000533, -54.88251914885403693 ) ) ;
#4800 = CARTESIAN_POINT ( 'NONE',  ( -4.865475700577643003, 4.999196338685922928E-15, 66.69513723943843786 ) ) ;
#4801 = CARTESIAN_POINT ( 'NONE',  ( -10.62717929808489359, -3.600000000000000089, -64.25334252579115457 ) ) ;
#4802 = CARTESIAN_POINT ( 'NONE',  ( 4.474760369698903339, 5.256472520305680779E-15, 66.76755076314753978 ) ) ;
#4803 = ORIENTED_EDGE ( 'NONE', *, *, #672, .T. ) ;
#4804 = ORIENTED_EDGE ( 'NONE', *, *, #6053, .T. ) ;
#4805 = LINE ( 'NONE', #4692, #7544 ) ;
#4806 = CARTESIAN_POINT ( 'NONE',  ( -17.29746504186266876, -3.600000000000000089, 20.26154874234556402 ) ) ;
#4807 = CARTESIAN_POINT ( 'NONE',  ( -6.872966933893358110, -2.000000000000000000, 67.83433109994184917 ) ) ;
#4808 = CARTESIAN_POINT ( 'NONE',  ( 3.820470991071481137, -2.000000000000000000, -69.90770463712944149 ) ) ;
#4809 = CARTESIAN_POINT ( 'NONE',  ( -17.16710316997094310, -3.600000000000000089, -52.74157822902880355 ) ) ;
#4810 = CARTESIAN_POINT ( 'NONE',  ( -4.553460300267373029, -3.600000000000000089, 66.26894854916098154 ) ) ;
#4811 = CARTESIAN_POINT ( 'NONE',  ( -9.799123787357983062, -2.000000000000000000, 65.42129154672626612 ) ) ;
#4812 = ADVANCED_FACE ( 'NONE', ( #7023 ), #2255, .F. ) ;
#4813 = ORIENTED_EDGE ( 'NONE', *, *, #7158, .T. ) ;
#4814 = CARTESIAN_POINT ( 'NONE',  ( 4.907786137736275478, -2.000000000000000000, 68.59468013381582807 ) ) ;
#4815 = CARTESIAN_POINT ( 'NONE',  ( 15.52689285754864379, 5.652342243839467526E-15, 46.57732900683350863 ) ) ;
#4816 = CARTESIAN_POINT ( 'NONE',  ( 17.25576521703943200, -3.600000000000000089, -43.79026948378226081 ) ) ;
#4817 = CARTESIAN_POINT ( 'NONE',  ( 17.25574823016589932, -3.600000000000000089, 11.11236227079893268 ) ) ;
#4818 = CARTESIAN_POINT ( 'NONE',  ( 4.168479884230136712, -3.600000000000000533, 66.27599857593146737 ) ) ;
#4819 = EDGE_CURVE ( 'NONE', #1888, #4473, #6191, .T. ) ;
#4820 = CARTESIAN_POINT ( 'NONE',  ( -4.620373619101385998, -0.8000000000000044853, 64.81422347791109928 ) ) ;
#4821 = CARTESIAN_POINT ( 'NONE',  ( -3.772991653525025857, -0.8000000000000031530, 66.00240894169876071 ) ) ;
#4822 = ORIENTED_EDGE ( 'NONE', *, *, #2847, .T. ) ;
#4823 = CARTESIAN_POINT ( 'NONE',  ( 17.85576521892971158, -3.600000000000000089, -43.79026923235565505 ) ) ;
#4824 = CARTESIAN_POINT ( 'NONE',  ( -4.089313292455814874, -0.8000000000000000444, 65.99755531560126087 ) ) ;
#4825 = CARTESIAN_POINT ( 'NONE',  ( -17.29987744469400823, -3.600000000000001421, 31.17444580773087992 ) ) ;
#4826 = CARTESIAN_POINT ( 'NONE',  ( 1.979623116213574674, -3.600000000000001421, -66.66277086837307309 ) ) ;
#4827 = CARTESIAN_POINT ( 'NONE',  ( 13.88801077929388583, -3.599999999999998757, 54.38339278529553411 ) ) ;
#4828 = AXIS2_PLACEMENT_3D ( 'NONE', #2305, #2970, #2933 ) ;
#4829 = CARTESIAN_POINT ( 'NONE',  ( -7.669841628307109360, -3.600000000000000089, 64.96236618832148224 ) ) ;
#4830 = CARTESIAN_POINT ( 'NONE',  ( 5.451844638239680130, -0.7999999999999025668, 65.63695927514964978 ) ) ;
#4831 = DIRECTION ( 'NONE',  ( -4.555823753180761645E-07, 0.000000000000000000, -0.9999999999998961941 ) ) ;
#4832 = DIRECTION ( 'NONE',  ( 2.146580668059882354E-07, -0.000000000000000000, 0.9999999999999770184 ) ) ;
#4833 = CARTESIAN_POINT ( 'NONE',  ( 5.134211713022559742, -0.7999999999999998224, 65.77274815407709241 ) ) ;
#4834 = PRODUCT_RELATED_PRODUCT_CATEGORY ( 'part', '', ( #2396 ) ) ;
#4835 = CARTESIAN_POINT ( 'NONE',  ( 6.973977923115477040, 5.866590692462503877E-15, 65.61618095669572881 ) ) ;
#4836 = CARTESIAN_POINT ( 'NONE',  ( 4.018191272211023346, -3.599999999999999201, -66.56053757911496405 ) ) ;
#4837 = CARTESIAN_POINT ( 'NONE',  ( -14.68204406613146240, -3.000000000000010658, -61.03079312373806431 ) ) ;
#4838 = CARTESIAN_POINT ( 'NONE',  ( -4.013953164809102248, 5.351130206979307039E-15, 66.79981022019633485 ) ) ;
#4839 = CIRCLE ( 'NONE', #4950, 6.921320343559668409 ) ;
#4840 = B_SPLINE_SURFACE_WITH_KNOTS ( 'NONE', 1, 3, ( 
 ( #6894, #4052, #1682, #2356, #4016, #5272, #4686, #5764, #7501, #2908, #1718, #7007, #5875, #6374, #646, #2984, #5311, #5461, #7233, #6602, #7164, #4198, #189, #6667, #6528, #6563, #2510, #3099, #6105, #878, #2587, #4838, #1298, #2548, #1867, #4281, #3062, #2011, #1374, #807, #3137, #1939, #4878, #4344, #5951, #3702, #2437, #3210, #4800, #5992, #229, #3176, #1446, #4767, #3622, #1338, #5525, #767, #7086, #729, #5385, #1906, #7203, #148, #1978, #2474, #3742, #4310, #6633, #1411, #7125, #6066, #5424, #842, #4237, #5496, #265, #4915, #2615, #2120, #4531, #6702, #918, #3280, #5670, #2697, #2050, #991, #371, #7302, #3244, #3814, #950, #4987, #6772, #439, #7373, #1514, #3318, #5597, #6139, #3851, #7415, #3963, #5103, #2159, #3884, #2196, #2774, #4454, #403, #4498, #5024, #6218, #6846, #2731, #1062, #1028, #5062, #4951, #2654, #5557, #1555, #1482, #6810, #6252, #7335, #5634, #330, #1599, #1633, #3924, #4386, #2087, #3388, #3351, #6292, #296, #7263, #4418, #6738, #6177, #5299, #7451, #2229, #2381, #6326, #5789, #1139, #549, #1249, #6396, #4564, #7536, #6881, #2897, #4714, #4641, #1776, #5750, #2307, #3461, #3536, #3497, #5215, #6957, #4107, #1669, #1743, #5863, #4002, #1104, #14, #6363, #4073, #5257, #2813, #5709, #7030, #2935, #4038, #1178, #593, #4676, #6919, #5826, #6474, #1215, #6991, #4151, #634, #2344, #3428, #6437, #5135, #2971, #511, #51 ),
 ( #1822, #475, #2854, #5172, #7486, #2266, #4605, #1707, #4222, #713, #2499, #3729, #3124, #4788, #4269, #6550, #7071, #7111, #3159, #7223, #830, #5449, #7150, #5484, #6051, #5413, #3690, #216, #3650, #1928, #253, #6018, #4331, #4300, #794, #5898, #5938, #1854, #4824, #4753, #2537, #1965, #1323, #757, #4184, #6589, #1396, #5981, #93, #2423, #6655, #174, #3086, #2574, #4867, #1362, #6511, #7192, #4903, #5335, #1283, #1999, #3606, #6623, #3570, #674, #3008, #3053, #5375, #136, #2463, #1893, #5660, #359, #5050, #1469, #3267, #4406, #6797, #6760, #938, #1501, #7359, #2604, #6724, #1588, #283, #4370, #3307, #2074, #3837, #980, #6093, #4522, #427, #6204, #7286, #6164, #3872, #390, #2640, #5584, #2185, #4484, #2719, #7400, #2682, #1432, #5621, #6689, #2144, #7321, #3913, #6241, #5011, #2759, #5091, #1017, #2111, #5514, #1539, #867, #4440, #2039, #3341, #3765, #3197, #4938, #7252, #3801, #6126, #903, #3229, #5546, #316, #4971, #2842, #1132, #3, #5854, #1623, #3377, #3417, #2963, #5742, #623, #6427, #6835, #502, #7476, #4027, #40, #6945, #5778, #1052, #539, #579, #5289, #5204, #4555, #7523, #2925, #1732, #5697, #3952, #4063, #6279, #6870, #1165, #3991, #465, #5246, #2332, #2805, #7440, #4665, #6983, #1767, #209, #6583, #2529, #7024, #1960, #824, #4858, #5891, #3119, #7182, #3154, #6505, #3077, #3723, #5444, #1810, #1277, #4177, #6468, #5326 ) ),
 .UNSPECIFIED., .F., .F., .F.,
 ( 2, 2 ),
 ( 4, 2, 2, 2, 2, 2, 2, 2, 2, 2, 2, 2, 2, 2, 2, 2, 2, 2, 2, 2, 2, 2, 2, 2, 2, 2, 2, 2, 2, 2, 2, 2, 2, 2, 2, 2, 2, 2, 2, 2, 2, 2, 2, 2, 2, 2, 2, 2, 2, 2, 2, 2, 2, 2, 2, 2, 2, 2, 2, 2, 2, 2, 2, 2, 2, 2, 2, 2, 2, 2, 2, 2, 2, 2, 2, 2, 2, 2, 2, 2, 2, 2, 2, 2, 2, 2, 2, 2, 2, 2, 2, 2, 2, 2, 2, 2, 2, 2, 4 ),
 ( 0.000000000000000000, 1.000000000000000000 ),
 ( 0.000000000000000000, 0.0006210117626333132518, 0.001242023525266626504, 0.001552529406583283075, 0.001707782347241611470, 0.001785408817570775667, 0.001824222052735357657, 0.001843628670317648760, 0.001863035287899939864, 0.001872738596691085524, 0.001882441905482230967, 0.001887293559877803797, 0.001892145214273376411, 0.001894571041471162717, 0.001896996868668949241, 0.001901848523064522071, 0.001911551831855667514, 0.001921255140646812958, 0.001940661758229104061, 0.002018288228558268258, 0.002095914698887432238, 0.002173541169216596652, 0.002328794109874924613, 0.002484047050533253007, 0.002639299991191581402, 0.002716926461520745382, 0.002794552931849909362, 0.002833366167014491569, 0.002852772784596782456, 0.002862476093387928116, 0.002872179402179073776, 0.002910992637343655549, 0.002949805872508237756, 0.003027432342837401737, 0.003105058813166566151, 0.003260311753824894545, 0.003337938224154058525, 0.003415564694483222939, 0.003493191164812387353, 0.003570817635141551333, 0.003726070575799879728, 0.003803697046129044142, 0.003842510281293625915, 0.003881323516458208122, 0.003900730134040499009, 0.003920136751622790329, 0.003958949986787372102, 0.004036576457116536516, 0.004114202927445700930, 0.004191829397774864477, 0.004347082338433193305, 0.004657588219749849226, 0.004812841160408178054, 0.004968094101066506015, 0.005006907336231087788, 0.005045720571395670428, 0.005123347041724833975, 0.005278599982383162803, 0.005433852923041490764, 0.005589105863699818724, 0.005899611745016475513, 0.006054864685674803473, 0.006132491156003967887, 0.006210117626333132301, 0.006365370566991461129, 0.006520623507649789090, 0.006831129388966445878, 0.007452141151599759455, 0.008073152914233073033, 0.008383658795549728954, 0.008694164676866386610, 0.009315176439499698452, 0.009936188202133012029, 0.01024669408344966795, 0.01055719996476632561, 0.01071245290542465270, 0.01086770584608298153, 0.01117821172739963745, 0.01179922349003295103, 0.01242023525266626460, 0.01366225877793289176, 0.01490428230319951891, 0.01552529406583283249, 0.01614630582846614607, 0.01738832935373277322, 0.01863035287899939690, 0.01987237640426602406, 0.02049338816689933590, 0.02111439992953265121, 0.02235642345479927490, 0.02484047050533252921, 0.02608249403059915636, 0.02732451755586578351, 0.02856654108113241067, 0.02980856460639903782, 0.03229261165693229213, 0.03477665870746554644, 0.03726070575799879381, 0.03974475280853204812 ),
 .UNSPECIFIED. ) ;
#4841 = CARTESIAN_POINT ( 'NONE',  ( 3.995753021837806340, 6.078379536420999664E-15, 66.79998393975631643 ) ) ;
#4842 = ORIENTED_EDGE ( 'NONE', *, *, #3032, .F. ) ;
#4843 = CARTESIAN_POINT ( 'NONE',  ( -1.231334252967324350, -3.000000000000011546, 66.87632929025288320 ) ) ;
#4844 = CARTESIAN_POINT ( 'NONE',  ( -17.26565157520022353, -3.600000000000000089, 13.14036952979958706 ) ) ;
#4845 = CARTESIAN_POINT ( 'NONE',  ( -16.21850026386794497, -2.000000000000000000, 51.78141597881192837 ) ) ;
#4846 = CARTESIAN_POINT ( 'NONE',  ( -4.869791079804006273, 0.000000000000000000, -68.40912024397159996 ) ) ;
#4847 = CARTESIAN_POINT ( 'NONE',  ( 5.582867497080803432, -0.03847140375603613077, 66.42964243519402601 ) ) ;
#4848 = CARTESIAN_POINT ( 'NONE',  ( -17.24498353594561451, -3.600000000000000089, -51.25214005146680307 ) ) ;
#4849 = CARTESIAN_POINT ( 'NONE',  ( -5.708545090758083695, -3.600000000000000533, 66.08905937573295830 ) ) ;
#4850 = CIRCLE ( 'NONE', #1320, 2.649999999999971934 ) ;
#4851 = CARTESIAN_POINT ( 'NONE',  ( 16.42447943504168961, -3.600000000000000533, -56.24086803869479212 ) ) ;
#4852 = VERTEX_POINT ( 'NONE', #3192 ) ;
#4853 = CARTESIAN_POINT ( 'NONE',  ( 18.60000000000524167, -2.000000000000000000, 32.00001223506188808 ) ) ;
#4854 = DIRECTION ( 'NONE',  ( -4.872133380463056916E-10, 0.000000000000000000, 1.000000000000000000 ) ) ;
#4855 = AXIS2_PLACEMENT_3D ( 'NONE', #1478, #2226, #3845 ) ;
#4856 = CARTESIAN_POINT ( 'NONE',  ( 2.000000000000000444, 1.799999999999993827, -64.92304473782995444 ) ) ;
#4857 = DIRECTION ( 'NONE',  ( -0.000000000000000000, -1.000000000000000000, -0.000000000000000000 ) ) ;
#4858 = CARTESIAN_POINT ( 'NONE',  ( -15.01900510369173070, -0.8000000000000003775, 44.79703221328648510 ) ) ;
#4859 = CARTESIAN_POINT ( 'NONE',  ( 4.301263900780016414, -3.600000000000000089, 66.27499317145509394 ) ) ;
#4860 = VECTOR ( 'NONE', #6857, 1000.000000000000000 ) ;
#4861 = VECTOR ( 'NONE', #932, 1000.000000000000000 ) ;
#4862 = ORIENTED_EDGE ( 'NONE', *, *, #7480, .F. ) ;
#4863 = CARTESIAN_POINT ( 'NONE',  ( 4.080642458122820670, -3.599999999999998757, 66.27637134266302610 ) ) ;
#4864 = EDGE_CURVE ( 'NONE', #2450, #6392, #4992, .T. ) ;
#4865 = AXIS2_PLACEMENT_3D ( 'NONE', #1857, #4906, #5418 ) ;
#4866 = AXIS2_PLACEMENT_3D ( 'NONE', #1487, #3823, #1565 ) ;
#4867 = CARTESIAN_POINT ( 'NONE',  ( -4.910650616333042784, -0.7999999999999990452, 65.85232581107163696 ) ) ;
#4868 = CARTESIAN_POINT ( 'NONE',  ( -16.79685414275988720, -3.599999999999999201, 40.89242449620332565 ) ) ;
#4869 = CARTESIAN_POINT ( 'NONE',  ( 17.28365787252516128, -3.600000000000000977, 32.97092765839020245 ) ) ;
#4870 = CARTESIAN_POINT ( 'NONE',  ( 5.372832537703725819, -0.03847766761021888249, 66.49731505448441737 ) ) ;
#4871 =( NAMED_UNIT ( * ) PLANE_ANGLE_UNIT ( ) SI_UNIT ( $, .RADIAN. ) );
#4872 = CARTESIAN_POINT ( 'NONE',  ( -6.341774300405010223, 0.000000000000000000, 68.09403760702495845 ) ) ;
#4873 = CARTESIAN_POINT ( 'NONE',  ( 5.860500532965076559, -0.8000000000000008216, 65.41317816900951243 ) ) ;
#4874 = EDGE_LOOP ( 'NONE', ( #2968, #4669, #5746, #3288 ) ) ;
#4875 = CARTESIAN_POINT ( 'NONE',  ( 8.831399632944405553, 5.931536022527733654E-15, 63.77877891292756374 ) ) ;
#4876 = CARTESIAN_POINT ( 'NONE',  ( 3.592270222825179715, -3.600000000000000533, -66.60179175467952462 ) ) ;
#4877 = CARTESIAN_POINT ( 'NONE',  ( -13.96974983594692965, -3.000000000000009326, -61.97364086689886875 ) ) ;
#4878 = CARTESIAN_POINT ( 'NONE',  ( -4.315986806341246762, 5.639198771444259987E-15, 66.78415170936924028 ) ) ;
#4879 = CARTESIAN_POINT ( 'NONE',  ( 17.89281121219532977, -3.000000000000011102, -47.45129975623287066 ) ) ;
#4880 = CARTESIAN_POINT ( 'NONE',  ( 4.671826738454222472, 5.691524206455404854E-15, 66.73644934090683023 ) ) ;
#4881 = ORIENTED_EDGE ( 'NONE', *, *, #977, .F. ) ;
#4882 = VERTEX_POINT ( 'NONE', #1464 ) ;
#4883 = CARTESIAN_POINT ( 'NONE',  ( -7.249519976154125800, -3.000000000000011546, 66.03341186729019796 ) ) ;
#4884 = CARTESIAN_POINT ( 'NONE',  ( 3.083650668992709676, -3.000000000000010658, -67.31332803073961202 ) ) ;
#4885 = EDGE_CURVE ( 'NONE', #2254, #2431, #5942, .T. ) ;
#4886 = CARTESIAN_POINT ( 'NONE',  ( -9.359874252766603675, -3.000000000000011546, 64.12600045584260045 ) ) ;
#4887 = CARTESIAN_POINT ( 'NONE',  ( -14.25575799097778784, -1.499999999999999556, 27.00011359384848220 ) ) ;
#4888 = CARTESIAN_POINT ( 'NONE',  ( -16.90898367508139799, -3.600000000000000089, -54.43344005750643788 ) ) ;
#4889 = DIRECTION ( 'NONE',  ( 1.652117222604229549E-16, 0.000000000000000000, 1.000000000000000000 ) ) ;
#4890 = CARTESIAN_POINT ( 'NONE',  ( 17.22200235644015009, -3.600000000000000533, -51.97314713036995215 ) ) ;
#4891 = VERTEX_POINT ( 'NONE', #5509 ) ;
#4892 = AXIS2_PLACEMENT_3D ( 'NONE', #1063, #3389, #5710 ) ;
#4893 = CARTESIAN_POINT ( 'NONE',  ( -14.25575799097778074, -1.499999999999999556, -31.00427299466725017 ) ) ;
#4894 = CARTESIAN_POINT ( 'NONE',  ( -6.491041522454002788, -0.7999999999999999334, -26.79298605861921700 ) ) ;
#4895 = EDGE_CURVE ( 'NONE', #892, #5603, #2028, .T. ) ;
#4896 = CARTESIAN_POINT ( 'NONE',  ( -11.23970964611714152, -3.600000000000000089, -63.83762326322477065 ) ) ;
#4897 = CARTESIAN_POINT ( 'NONE',  ( -17.85584412249277619, -3.000000000000010658, -44.73264089772429486 ) ) ;
#4898 = DIRECTION ( 'NONE',  ( 0.000000000000000000, 0.000000000000000000, 1.000000000000000000 ) ) ;
#4899 = CARTESIAN_POINT ( 'NONE',  ( -16.84293406601547716, -3.600000000000000089, 40.46899767821346217 ) ) ;
#4900 = CARTESIAN_POINT ( 'NONE',  ( -4.657087511142367298, -0.8000000000023639313, 65.92510838499437398 ) ) ;
#4901 = ORIENTED_EDGE ( 'NONE', *, *, #5282, .T. ) ;
#4902 = CARTESIAN_POINT ( 'NONE',  ( 3.541689767524407007, -3.600000000000000977, 66.27630723180951122 ) ) ;
#4903 = CARTESIAN_POINT ( 'NONE',  ( -4.948316781418471422, -0.7999999999999999334, 65.84001876924696717 ) ) ;
#4904 = CARTESIAN_POINT ( 'NONE',  ( 15.26508348372350277, -3.000000000000010658, 52.00424860268708471 ) ) ;
#4905 = CARTESIAN_POINT ( 'NONE',  ( 17.26432550198603977, -3.600000000000000533, 12.88403682281308527 ) ) ;
#4906 = DIRECTION ( 'NONE',  ( -1.000000000000000000, 0.000000000000000000, 1.122798366328030887E-16 ) ) ;
#4907 = EDGE_CURVE ( 'NONE', #4620, #44, #4534, .T. ) ;
#4908 = CARTESIAN_POINT ( 'NONE',  ( -9.147796568463009592, -0.8000000000000163647, 59.96541965620989600 ) ) ;
#4909 = CARTESIAN_POINT ( 'NONE',  ( -7.925568520633705205, 0.000000000000000000, 67.16158576645769074 ) ) ;
#4910 = CARTESIAN_POINT ( 'NONE',  ( 2.075716257837922907, -0.8000000000000000444, 66.01122156428579046 ) ) ;
#4911 = CARTESIAN_POINT ( 'NONE',  ( -4.017990005323586189, 5.860006165811107808E-15, 66.79974913671171066 ) ) ;
#4912 = EDGE_CURVE ( 'NONE', #2203, #5315, #2954, .T. ) ;
#4913 = CARTESIAN_POINT ( 'NONE',  ( 6.403822841543540534, 6.048099411270470657E-15, 66.01695674442090933 ) ) ;
#4914 = CARTESIAN_POINT ( 'NONE',  ( -16.42655808158410835, -3.000000000000011102, -57.93659570630681088 ) ) ;
#4915 = CARTESIAN_POINT ( 'NONE',  ( -5.929321854111594625, 5.528300083621003596E-15, 66.29063444846391917 ) ) ;
#4916 = CARTESIAN_POINT ( 'NONE',  ( -10.54949040777147218, -3.600000000000000089, -64.30242478551694774 ) ) ;
#4917 = DIRECTION ( 'NONE',  ( 0.000000000000000000, -1.000000000000000000, 0.000000000000000000 ) ) ;
#4918 = CARTESIAN_POINT ( 'NONE',  ( 17.85576521892971158, -3.000000000000010658, -43.79026923235565505 ) ) ;
#4919 = CARTESIAN_POINT ( 'NONE',  ( 11.13005319280565075, 5.639206765479172427E-15, 60.25340086468967371 ) ) ;
#4920 = CARTESIAN_POINT ( 'NONE',  ( 14.81355317096536339, -0.8000000000000005995, 46.02497562605668691 ) ) ;
#4921 = ORIENTED_EDGE ( 'NONE', *, *, #3516, .T. ) ;
#4922 = CARTESIAN_POINT ( 'NONE',  ( -5.242093237834446917, -3.000000000000011546, 66.80739666351409767 ) ) ;
#4923 = CARTESIAN_POINT ( 'NONE',  ( 8.457820084415979878, -0.8000000000000104805, 61.10648494432057021 ) ) ;
#4924 = CARTESIAN_POINT ( 'NONE',  ( -17.25405505529251471, -3.600000000000000089, 10.73427367022935108 ) ) ;
#4925 = CARTESIAN_POINT ( 'NONE',  ( -16.75468331041789227, -3.600000000000000533, -55.10466760610600545 ) ) ;
#4926 = CARTESIAN_POINT ( 'NONE',  ( -7.177219486539234694, -3.600000000000000089, 65.35163367637153442 ) ) ;
#4927 = CARTESIAN_POINT ( 'NONE',  ( 16.62442033903267813, -3.600000000000000089, -55.59120971488685825 ) ) ;
#4928 = ORIENTED_EDGE ( 'NONE', *, *, #4392, .F. ) ;
#4929 = ADVANCED_FACE ( 'NONE', ( #5671 ), #6293, .T. ) ;
#4930 = LINE ( 'NONE', #3866, #1821 ) ;
#4931 = DIRECTION ( 'NONE',  ( 0.000000000000000000, 0.000000000000000000, -1.000000000000000000 ) ) ;
#4932 = CARTESIAN_POINT ( 'NONE',  ( -14.92304477875625324, -0.8000000000000000444, 32.00080445566401721 ) ) ;
#4933 = CARTESIAN_POINT ( 'NONE',  ( 17.29916265151504362, -3.600000000000000089, 29.54934045159578559 ) ) ;
#4934 = AXIS2_PLACEMENT_3D ( 'NONE', #1167, #3487, #740 ) ;
#4935 = CARTESIAN_POINT ( 'NONE',  ( -5.001844558817740705, -0.03848063586597121749, 66.62380971448696698 ) ) ;
#4936 = EDGE_LOOP ( 'NONE', ( #58, #7267 ) ) ;
#4937 = CARTESIAN_POINT ( 'NONE',  ( -17.26124244513762207, -3.600000000000000089, -50.36144820447241699 ) ) ;
#4938 = CARTESIAN_POINT ( 'NONE',  ( -7.705168384293739514, -0.8000000000000002665, 63.85606363212496461 ) ) ;
#4939 = CARTESIAN_POINT ( 'NONE',  ( 7.887009721204277568, -3.600000000000000977, -65.65242449636100730 ) ) ;
#4940 = CARTESIAN_POINT ( 'NONE',  ( 17.86456594268508979, -3.000000000000010214, 33.87047181655972850 ) ) ;
#4941 = CARTESIAN_POINT ( 'NONE',  ( -11.23970964611714152, -3.600000000000000089, -63.83762326322477065 ) ) ;
#4942 = CARTESIAN_POINT ( 'NONE',  ( -9.887869033268099628, -0.7999999999959436225, 60.84021409676526559 ) ) ;
#4943 = EDGE_CURVE ( 'NONE', #565, #5048, #2815, .T. ) ;
#4944 = CARTESIAN_POINT ( 'NONE',  ( 3.823296650362066007, -0.7999999999999999334, 66.00098685909286189 ) ) ;
#4945 = EDGE_LOOP ( 'NONE', ( #5234, #1293 ) ) ;
#4946 = CARTESIAN_POINT ( 'NONE',  ( 17.27892680833228312, -3.600000000000000089, -45.85192892128094400 ) ) ;
#4947 = CARTESIAN_POINT ( 'NONE',  ( 8.275801395363547641, 5.796504430586617687E-15, 64.41594578308436780 ) ) ;
#4948 = CARTESIAN_POINT ( 'NONE',  ( 10.29787974042391596, -3.600000000000000533, -64.46012715786423541 ) ) ;
#4949 = CARTESIAN_POINT ( 'NONE',  ( -17.54217023121110230, -3.000000000000009770, -54.32204996852959766 ) ) ;
#4950 = AXIS2_PLACEMENT_3D ( 'NONE', #1774, #3459, #547 ) ;
#4951 = CARTESIAN_POINT ( 'NONE',  ( -7.868851161935658922, 5.855532064368575553E-15, 64.83743230090829002 ) ) ;
#4952 = CARTESIAN_POINT ( 'NONE',  ( -10.48688468796654583, -3.599999999999999645, -64.34188939006186558 ) ) ;
#4953 = EDGE_CURVE ( 'NONE', #4404, #7082, #4565, .T. ) ;
#4954 = CARTESIAN_POINT ( 'NONE',  ( 15.46736375367582284, -0.8000000000000004885, 41.50952209276679383 ) ) ;
#4955 = ORIENTED_EDGE ( 'NONE', *, *, #5365, .F. ) ;
#4956 = CARTESIAN_POINT ( 'NONE',  ( -7.555524317506561616, -3.000000000000010658, 65.81817198708378669 ) ) ;
#4957 = DIRECTION ( 'NONE',  ( 0.000000000000000000, 0.000000000000000000, -1.000000000000000000 ) ) ;
#4958 = ADVANCED_FACE ( 'NONE', ( #2468 ), #3678, .T. ) ;
#4959 = VECTOR ( 'NONE', #386, 1000.000000000000000 ) ;
#4960 = CARTESIAN_POINT ( 'NONE',  ( -16.57259109280071385, -3.599999999999999645, -55.77007410974243840 ) ) ;
#4961 = CARTESIAN_POINT ( 'NONE',  ( 8.068451499926931447, 6.051925356445070667E-15, 64.63628638149306482 ) ) ;
#4962 = CARTESIAN_POINT ( 'NONE',  ( 17.24883607764031979, -3.600000000000000977, -51.05604862748453598 ) ) ;
#4963 = VERTEX_POINT ( 'NONE', #3130 ) ;
#4964 = DIRECTION ( 'NONE',  ( 0.000000000000000000, -1.000000000000000000, 0.000000000000000000 ) ) ;
#4965 = CARTESIAN_POINT ( 'NONE',  ( 14.25575799097778784, -3.600000000000000089, 27.00011359384848220 ) ) ;
#4966 = CARTESIAN_POINT ( 'NONE',  ( 11.49044920478035614, -3.200000000000007283, -64.14927975875107791 ) ) ;
#4967 = CARTESIAN_POINT ( 'NONE',  ( -15.20421697165686048, -3.000000000000010658, 52.55128163380559414 ) ) ;
#4968 = CARTESIAN_POINT ( 'NONE',  ( -4.966774641594076556, -0.8000000000001838973, 65.83401971482778947 ) ) ;
#4969 = ORIENTED_EDGE ( 'NONE', *, *, #6615, .F. ) ;
#4970 =( GEOMETRIC_REPRESENTATION_CONTEXT ( 3 ) GLOBAL_UNCERTAINTY_ASSIGNED_CONTEXT ( ( #4356 ) ) GLOBAL_UNIT_ASSIGNED_CONTEXT ( ( #3676, #1878, #123 ) ) REPRESENTATION_CONTEXT ( 'NONE', 'WORKASPACE' ) );
#4971 = CARTESIAN_POINT ( 'NONE',  ( -8.603035782323184222, -0.8000000000000002665, 62.77789885655465696 ) ) ;
#4972 = CARTESIAN_POINT ( 'NONE',  ( 7.069111240582754085, -3.599999999999999201, -65.93667080785782275 ) ) ;
#4973 = CARTESIAN_POINT ( 'NONE',  ( 17.43420509867957335, -3.000000000000011102, 40.65864048689994803 ) ) ;
#4974 = AXIS2_PLACEMENT_3D ( 'NONE', #3322, #5066, #5637 ) ;
#4975 = CARTESIAN_POINT ( 'NONE',  ( 17.25882654514816039, -3.600000000000000089, 11.78178579921296709 ) ) ;
#4976 = CARTESIAN_POINT ( 'NONE',  ( -8.363673625513992960, -0.7999999999999912736, 61.27185820275121841 ) ) ;
#4977 = CARTESIAN_POINT ( 'NONE',  ( -15.52670722710075601, 5.437945106132154273E-15, 46.57576770493161433 ) ) ;
#4978 = DIRECTION ( 'NONE',  ( -1.000000000000000000, 0.000000000000000000, 0.000000000000000000 ) ) ;
#4979 = ORIENTED_EDGE ( 'NONE', *, *, #7183, .T. ) ;
#4980 = CARTESIAN_POINT ( 'NONE',  ( 17.28797415320724085, -3.600000000000000977, -46.54800581434901829 ) ) ;
#4981 = DIRECTION ( 'NONE',  ( -0.000000000000000000, -1.000000000000000000, -0.000000000000000000 ) ) ;
#4982 = CIRCLE ( 'NONE', #5968, 16.59999999999999076 ) ;
#4983 = VECTOR ( 'NONE', #6260, 1000.000000000000000 ) ;
#4984 = CARTESIAN_POINT ( 'NONE',  ( 6.754885413558069374, 5.610995304655963481E-15, 65.77802392563836520 ) ) ;
#4985 = CARTESIAN_POINT ( 'NONE',  ( 6.124055277549772747, -3.600000000000000089, -66.20178653729811913 ) ) ;
#4986 = CARTESIAN_POINT ( 'NONE',  ( -4.914238823687177238, -2.000000000000000000, 66.87645546539475561 ) ) ;
#4987 = CARTESIAN_POINT ( 'NONE',  ( -6.391777280184411048, 6.422814361118177929E-15, 66.02514898835397616 ) ) ;
#4988 = ADVANCED_FACE ( 'NONE', ( #1933 ), #4191, .T. ) ;
#4989 = CARTESIAN_POINT ( 'NONE',  ( -2.291935452737299705, -3.600000000000000089, -66.65813532621179149 ) ) ;
#4990 = DIRECTION ( 'NONE',  ( 0.000000000000000000, 0.000000000000000000, -1.000000000000000000 ) ) ;
#4991 = CARTESIAN_POINT ( 'NONE',  ( -7.941041522454001189, -1.779949199898000378, -5.881405155196250512 ) ) ;
#4992 = B_SPLINE_CURVE_WITH_KNOTS ( 'NONE', 3,
 ( #3683, #7246, #5477, #208, #5972, #1959, #2599, #1883, #4214 ),
 .UNSPECIFIED., .F., .F.,
 ( 4, 1, 1, 1, 1, 1, 4 ),
 ( 0.000000000000000000, 0.2499988342734111857, 0.4999976685468223714, 0.7499965028202335571, 0.8749959199569391499, 0.9374956285252920019, 0.9999953370936447428 ),
 .UNSPECIFIED. ) ;
#4993 = CARTESIAN_POINT ( 'NONE',  ( 14.37661917507577414, 5.580188724515670065E-15, 51.69336924419344825 ) ) ;
#4994 = CARTESIAN_POINT ( 'NONE',  ( 14.24538816726539991, -0.8000000000000002665, 48.86873520523584347 ) ) ;
#4995 = ORIENTED_EDGE ( 'NONE', *, *, #3310, .T. ) ;
#4996 = CARTESIAN_POINT ( 'NONE',  ( -7.390446930433342665, 5.625378044421748655E-15, 65.27859835001130762 ) ) ;
#4997 = CARTESIAN_POINT ( 'NONE',  ( -6.251058956494706109, -3.600000000000000533, 65.88919429622900736 ) ) ;
#4998 = CARTESIAN_POINT ( 'NONE',  ( 17.25574221230617766, -3.600000000000000089, 11.11236227079641026 ) ) ;
#4999 = CARTESIAN_POINT ( 'NONE',  ( -17.65576521892982598, -3.200000000000006839, -43.79026932351437296 ) ) ;
#5000 = CARTESIAN_POINT ( 'NONE',  ( 7.533123011813358971, -2.000000000000000000, 65.83467889268183626 ) ) ;
#5001 = DIRECTION ( 'NONE',  ( 0.000000000000000000, 0.000000000000000000, -1.000000000000000000 ) ) ;
#5002 = CARTESIAN_POINT ( 'NONE',  ( 9.744932259984130596, 5.616439114599292157E-15, 62.55387529032849159 ) ) ;
#5003 = ORIENTED_EDGE ( 'NONE', *, *, #3890, .T. ) ;
#5004 = PLANE ( 'NONE',  #5717 ) ;
#5005 = DIRECTION ( 'NONE',  ( -0.9833635862193835786, -0.000000000000000000, 0.1816481689909171804 ) ) ;
#5006 = EDGE_CURVE ( 'NONE', #3182, #3393, #102, .T. ) ;
#5007 = DIRECTION ( 'NONE',  ( 0.000000000000000000, -1.000000000000000000, 0.000000000000000000 ) ) ;
#5008 = CARTESIAN_POINT ( 'NONE',  ( -13.24975070084594009, -0.7999999999999960476, 48.47174127507461350 ) ) ;
#5009 = ORIENTED_EDGE ( 'NONE', *, *, #5266, .T. ) ;
#5010 = CARTESIAN_POINT ( 'NONE',  ( 4.319034934156725569, -3.000000000000010658, 66.87500598981186783 ) ) ;
#5011 = CARTESIAN_POINT ( 'NONE',  ( -6.965632850045018643, -0.7999999999999998224, 64.58720660492494403 ) ) ;
#5012 = CARTESIAN_POINT ( 'NONE',  ( 10.75609802535586645, -3.600000000000000533, -64.17187213417042813 ) ) ;
#5013 = CARTESIAN_POINT ( 'NONE',  ( 17.89520189643991088, -3.000000000000010658, 19.38182204978144441 ) ) ;
#5014 = CARTESIAN_POINT ( 'NONE',  ( 7.912984221117351780, -1.779949199898000378, -5.881405155196251400 ) ) ;
#5015 = CARTESIAN_POINT ( 'NONE',  ( -14.37657405122293675, 5.542647137902828241E-15, 51.69050325414816172 ) ) ;
#5016 = CARTESIAN_POINT ( 'NONE',  ( 14.92304473782994556, 1.800000000000000266, -52.00000000000001421 ) ) ;
#5017 = ORIENTED_EDGE ( 'NONE', *, *, #3447, .F. ) ;
#5018 = CARTESIAN_POINT ( 'NONE',  ( 17.25578201275176227, -3.600000000000001421, -44.00050100271513998 ) ) ;
#5019 = DIRECTION ( 'NONE',  ( 0.000000000000000000, -1.000000000000000000, 0.000000000000000000 ) ) ;
#5020 = CARTESIAN_POINT ( 'NONE',  ( 9.270640377391996978, 5.604253007839354701E-15, 63.21882706172674204 ) ) ;
#5021 = CARTESIAN_POINT ( 'NONE',  ( 9.970635244403537101, -3.600000000000000533, -64.65812517275585947 ) ) ;
#5022 = CARTESIAN_POINT ( 'NONE',  ( -6.491041522454004564, -0.7999999999999999334, -54.79298605861921345 ) ) ;
#5023 = EDGE_CURVE ( 'NONE', #9, #3195, #3480, .T. ) ;
#5024 = CARTESIAN_POINT ( 'NONE',  ( -7.390446930433342665, 5.625378044421748655E-15, 65.27859835001130762 ) ) ;
#5025 = CARTESIAN_POINT ( 'NONE',  ( 14.25575799097778074, -3.600000000000000089, -33.65427299466726652 ) ) ;
#5026 = CARTESIAN_POINT ( 'NONE',  ( 17.85794349404173431, -3.000000000000011102, -50.55110434668293351 ) ) ;
#5027 = CARTESIAN_POINT ( 'NONE',  ( 11.36173583281507860, -0.7999999999999998224, 57.92961704696148928 ) ) ;
#5028 = ORIENTED_EDGE ( 'NONE', *, *, #7444, .T. ) ;
#5029 = CARTESIAN_POINT ( 'NONE',  ( -9.241971540669952745, 5.535932148601256939E-15, 63.25943229643933563 ) ) ;
#5030 = CARTESIAN_POINT ( 'NONE',  ( -3.810036809055219020, -2.299999999999999822, -8.953650916258995451 ) ) ;
#5031 = LINE ( 'NONE', #7343, #4264 ) ;
#5032 = DIRECTION ( 'NONE',  ( 1.130782554152743995E-30, 1.000000000000000000, -1.577721810442023611E-30 ) ) ;
#5033 = CARTESIAN_POINT ( 'NONE',  ( 17.85574221343219037, -3.000000000000010658, 11.10967525680099044 ) ) ;
#5034 = DIRECTION ( 'NONE',  ( 0.000000000000000000, 0.000000000000000000, 1.000000000000000000 ) ) ;
#5035 = AXIS2_PLACEMENT_3D ( 'NONE', #5419, #801, #1899 ) ;
#5036 = CARTESIAN_POINT ( 'NONE',  ( -7.533123011820720194, -2.000000000000000000, 65.83467889267632245 ) ) ;
#5037 = CARTESIAN_POINT ( 'NONE',  ( 8.182695765733493332, 5.562018922680681688E-15, 64.51610091296463168 ) ) ;
#5038 = CARTESIAN_POINT ( 'NONE',  ( 17.25725424963666299, -3.599999999999999201, -50.58325684424231383 ) ) ;
#5039 = ADVANCED_FACE ( 'NONE', ( #260 ), #1536, .F. ) ;
#5040 = ORIENTED_EDGE ( 'NONE', *, *, #91, .T. ) ;
#5041 = CARTESIAN_POINT ( 'NONE',  ( 12.59066467553047453, -3.599999999999999645, -62.60887936726142300 ) ) ;
#5042 = DIRECTION ( 'NONE',  ( -0.000000000000000000, -1.000000000000000000, -0.000000000000000000 ) ) ;
#5043 = CARTESIAN_POINT ( 'NONE',  ( -17.90410878738295253, -3.000000000000010658, -46.61837408620933587 ) ) ;
#5044 = ADVANCED_FACE ( 'NONE', ( #4229 ), #6556, .F. ) ;
#5045 = CARTESIAN_POINT ( 'NONE',  ( -11.14229191244355555, -0.8000000000000123679, 55.70143671543200270 ) ) ;
#5046 = EDGE_CURVE ( 'NONE', #4722, #7040, #5987, .T. ) ;
#5047 = LINE ( 'NONE', #7357, #3640 ) ;
#5048 = VERTEX_POINT ( 'NONE', #1971 ) ;
#5049 = CARTESIAN_POINT ( 'NONE',  ( 3.079730410759240922, -3.599999999999997424, 66.27630042728431192 ) ) ;
#5050 = CARTESIAN_POINT ( 'NONE',  ( -5.444907505993398900, -0.7999999999999993783, 65.63850378555419240 ) ) ;
#5051 = EDGE_CURVE ( 'NONE', #4481, #337, #1404, .T. ) ;
#5052 = CARTESIAN_POINT ( 'NONE',  ( 1.983578023993830985, -3.000000000000011102, -67.26277727708328769 ) ) ;
#5053 = CARTESIAN_POINT ( 'NONE',  ( 16.97585046201712444, -3.000000000000011102, 44.17346598132007784 ) ) ;
#5054 = CARTESIAN_POINT ( 'NONE',  ( 1.468043823048675602E-06, 42.96802058166520766, -58.94298589695201684 ) ) ;
#5055 = VERTEX_POINT ( 'NONE', #2003 ) ;
#5056 = CARTESIAN_POINT ( 'NONE',  ( -4.046087076646226244, -0.03847880076417119211, 66.76074197384576792 ) ) ;
#5057 = CARTESIAN_POINT ( 'NONE',  ( -3.810036809055219464, -3.600000000000000089, -15.87497125981866475 ) ) ;
#5058 = DIRECTION ( 'NONE',  ( -8.813742745953904623E-16, 0.000000000000000000, 1.000000000000000000 ) ) ;
#5059 = CARTESIAN_POINT ( 'NONE',  ( 14.37661917507577414, 5.580188724515670065E-15, 51.69336924419344825 ) ) ;
#5060 = CARTESIAN_POINT ( 'NONE',  ( 10.04353199312708078, -3.600000000000000533, -64.61517032839431351 ) ) ;
#5061 = DIRECTION ( 'NONE',  ( 0.000000000000000000, 0.000000000000000000, -1.000000000000000000 ) ) ;
#5062 = CARTESIAN_POINT ( 'NONE',  ( -7.747500626663085477, 5.691641239075473262E-15, 64.95428715891640081 ) ) ;
#5063 = CARTESIAN_POINT ( 'NONE',  ( -6.718004441666182380, -3.600000000000000089, -66.04564894182090029 ) ) ;
#5064 = DIRECTION ( 'NONE',  ( -0.9833635862193926824, 0.000000000000000000, -0.1816481689908677477 ) ) ;
#5065 = LINE ( 'NONE', #4991, #3816 ) ;
#5066 = DIRECTION ( 'NONE',  ( -1.000000000000000000, 0.000000000000000000, 0.000000000000000000 ) ) ;
#5067 = CARTESIAN_POINT ( 'NONE',  ( 12.17777990612216144, 5.722079006529850049E-15, 58.06192133503777342 ) ) ;
#5068 = CARTESIAN_POINT ( 'NONE',  ( -14.92336999836367895, -0.7999999999999979350, 33.52049854861173372 ) ) ;
#5069 = PRODUCT_DEFINITION ( 'ๆ', '', #96, #4000 ) ;
#5070 = CARTESIAN_POINT ( 'NONE',  ( 9.919419914380299019, -0.7999999999999998224, 60.78417568884238875 ) ) ;
#5071 = VERTEX_POINT ( 'NONE', #1546 ) ;
#5072 = CARTESIAN_POINT ( 'NONE',  ( -10.10895862147120816, 5.358618059698166677E-15, 62.00696434589512052 ) ) ;
#5073 = AXIS2_PLACEMENT_3D ( 'NONE', #509, #4071, #5170 ) ;
#5074 = FACE_OUTER_BOUND ( 'NONE', #4009, .T. ) ;
#5075 = CARTESIAN_POINT ( 'NONE',  ( -10.80797073386312057, -3.600000000000000533, -64.13889719128847844 ) ) ;
#5076 = CARTESIAN_POINT ( 'NONE',  ( -17.29146224447329416, -3.600000000000000977, -46.96576570197649403 ) ) ;
#5077 = CARTESIAN_POINT ( 'NONE',  ( 16.23245407291858200, -0.4718446097189913924, 32.00008679426070302 ) ) ;
#5078 = DIRECTION ( 'NONE',  ( -0.000000000000000000, -1.000000000000000000, -0.000000000000000000 ) ) ;
#5079 = CARTESIAN_POINT ( 'NONE',  ( 1.999999999999998224, 0.000000000000000000, -52.00000000000000711 ) ) ;
#5080 = CIRCLE ( 'NONE', #4098, 1.449999999999999956 ) ;
#5081 = CARTESIAN_POINT ( 'NONE',  ( 7.064784720954385477, 5.448262847100594778E-15, 65.54624717179716242 ) ) ;
#5082 = CARTESIAN_POINT ( 'NONE',  ( 17.27624347741593880, -3.600000000000000089, -49.46433939550843917 ) ) ;
#5083 = CARTESIAN_POINT ( 'NONE',  ( -18.59999999999998721, 0.000000000000000000, 32.00001899343997991 ) ) ;
#5084 = CARTESIAN_POINT ( 'NONE',  ( 17.19025477071319230, -3.599999999999999645, -52.48113069297431821 ) ) ;
#5085 = CARTESIAN_POINT ( 'NONE',  ( 15.32329065180100258, -3.000000000000010658, -60.19577039129582374 ) ) ;
#5086 = CARTESIAN_POINT ( 'NONE',  ( -13.56490621156701160, -3.000000000000010658, 57.07621014246861790 ) ) ;
#5087 = CARTESIAN_POINT ( 'NONE',  ( -17.29998335772834395, -3.600000000000000089, 30.65342291864463320 ) ) ;
#5088 = DIRECTION ( 'NONE',  ( -0.000000000000000000, 1.000000000000000000, -0.000000000000000000 ) ) ;
#5089 = ORIENTED_EDGE ( 'NONE', *, *, #5160, .F. ) ;
#5090 = B_SPLINE_CURVE_WITH_KNOTS ( 'NONE', 1,
 ( #4998, #1418 ),
 .UNSPECIFIED., .F., .F.,
 ( 2, 2 ),
 ( 0.000000000000000000, 1.000000000000000000 ),
 .UNSPECIFIED. ) ;
#5091 = CARTESIAN_POINT ( 'NONE',  ( -7.081569148765697541, -0.8000000000000002665, 64.48207373994868874 ) ) ;
#5092 = CARTESIAN_POINT ( 'NONE',  ( 9.460103938435731052, -3.599999999999999201, -64.94287659938358104 ) ) ;
#5093 = CARTESIAN_POINT ( 'NONE',  ( -10.17296941405517607, -0.03847814793318383997, 61.86177663165264562 ) ) ;
#5094 = ORIENTED_EDGE ( 'NONE', *, *, #2334, .T. ) ;
#5095 = CARTESIAN_POINT ( 'NONE',  ( -4.001840239620622519, -0.7999999999999118927, 65.99991182462153461 ) ) ;
#5096 = CARTESIAN_POINT ( 'NONE',  ( 17.29263969084737695, -3.600000000000000089, -47.66967216230235493 ) ) ;
#5097 = CARTESIAN_POINT ( 'NONE',  ( -7.941041522454002966, -1.779949199898000378, -26.79298605861921700 ) ) ;
#5098 = EDGE_CURVE ( 'NONE', #5353, #6183, #7396, .T. ) ;
#5099 = CARTESIAN_POINT ( 'NONE',  ( 9.744932259984130596, 5.616439114599292157E-15, 62.55387529032849159 ) ) ;
#5100 = CARTESIAN_POINT ( 'NONE',  ( 8.459508032561817714, -3.599999999999999645, -65.41994523759225899 ) ) ;
#5101 = FACE_OUTER_BOUND ( 'NONE', #6950, .T. ) ;
#5102 = AXIS2_PLACEMENT_3D ( 'NONE', #453, #346, #4469 ) ;
#5103 = CARTESIAN_POINT ( 'NONE',  ( -7.104428544175296345, 5.619663268761672669E-15, 65.51636494679638645 ) ) ;
#5104 = CARTESIAN_POINT ( 'NONE',  ( -1.598638406652421073, -3.599999999999999645, -66.66293858907248193 ) ) ;
#5105 = CARTESIAN_POINT ( 'NONE',  ( 13.75324102608514920, -0.7999999999973037568, 50.94321899542637766 ) ) ;
#5106 = CYLINDRICAL_SURFACE ( 'NONE', #4974, 2.599999999999998312 ) ;
#5107 = DIRECTION ( 'NONE',  ( -0.000000000000000000, -1.000000000000000000, -0.000000000000000000 ) ) ;
#5108 = CARTESIAN_POINT ( 'NONE',  ( 7.809090356087421192, -0.8000000000000002665, 63.74025463243869183 ) ) ;
#5109 = AXIS2_PLACEMENT_3D ( 'NONE', #2589, #4917, #4990 ) ;
#5110 = ORIENTED_EDGE ( 'NONE', *, *, #6833, .F. ) ;
#5111 = VECTOR ( 'NONE', #1463, 1000.000000000000000 ) ;
#5112 = CARTESIAN_POINT ( 'NONE',  ( -8.217344843343548533, 5.404257923358113386E-15, 64.47980578812217800 ) ) ;
#5113 = FACE_OUTER_BOUND ( 'NONE', #820, .T. ) ;
#5114 = CARTESIAN_POINT ( 'NONE',  ( -17.21115713448359585, -3.599999999999999201, -52.17727724127180267 ) ) ;
#5115 = CARTESIAN_POINT ( 'NONE',  ( -2.000000000000003553, -0.8000000000000000444, -64.92304473782995444 ) ) ;
#5116 = CARTESIAN_POINT ( 'NONE',  ( -17.85576521892979684, -3.600000000000000089, -43.79026923239790392 ) ) ;
#5117 = CARTESIAN_POINT ( 'NONE',  ( -11.01029340262864409, -3.000000000000009770, 61.91633912859650479 ) ) ;
#5118 = DIRECTION ( 'NONE',  ( 0.9999999999999996669, -0.000000000000000000, 2.490616583400438059E-08 ) ) ;
#5119 = CARTESIAN_POINT ( 'NONE',  ( 6.428838708008711933, 5.748876930021835874E-15, 66.00084850165951877 ) ) ;
#5120 = CARTESIAN_POINT ( 'NONE',  ( 17.27852429841287218, -3.600000000000000089, -49.30726134581141196 ) ) ;
#5121 = CARTESIAN_POINT ( 'NONE',  ( -15.26338401807193357, -0.7999999999999998224, 32.00073163155899181 ) ) ;
#5122 = CARTESIAN_POINT ( 'NONE',  ( 17.26008599418739209, -3.600000000000000089, -50.42598743842338394 ) ) ;
#5123 = FACE_BOUND ( 'NONE', #4936, .T. ) ;
#5124 = CARTESIAN_POINT ( 'NONE',  ( 14.92304473782994556, -0.8000000000000000444, -52.00000000000001421 ) ) ;
#5125 = CARTESIAN_POINT ( 'NONE',  ( 11.61597746057409886, -3.000000000000010658, -64.30498037202977457 ) ) ;
#5126 = CARTESIAN_POINT ( 'NONE',  ( 3.973296284313454052, -0.3983183140096072106, -69.68944749920613901 ) ) ;
#5127 = ORIENTED_EDGE ( 'NONE', *, *, #4953, .F. ) ;
#5128 = CARTESIAN_POINT ( 'NONE',  ( 11.07720404706495465, -3.000000000000010214, -64.67871706928040965 ) ) ;
#5129 = CARTESIAN_POINT ( 'NONE',  ( -16.71606646177260203, -0.03847737040464755537, 35.26244972475434025 ) ) ;
#5130 = VERTEX_POINT ( 'NONE', #2766 ) ;
#5131 = EDGE_LOOP ( 'NONE', ( #4367, #2986, #4786, #827 ) ) ;
#5132 = CARTESIAN_POINT ( 'NONE',  ( 1.999999999999998224, -0.03847763108503696183, -52.00000000000000711 ) ) ;
#5133 = DIRECTION ( 'NONE',  ( 0.000000000000000000, 1.000000000000000000, 0.000000000000000000 ) ) ;
#5134 = FACE_OUTER_BOUND ( 'NONE', #3783, .T. ) ;
#5135 = CARTESIAN_POINT ( 'NONE',  ( -16.73983852722064469, 5.596287431721853537E-15, 35.34783616089946179 ) ) ;
#5136 = CARTESIAN_POINT ( 'NONE',  ( -14.43600422232986880, -3.599999999999999201, 52.69708299411364294 ) ) ;
#5137 = CARTESIAN_POINT ( 'NONE',  ( 6.462984221117348049, -1.779949199898000378, -18.73897252795810076 ) ) ;
#5138 = CARTESIAN_POINT ( 'NONE',  ( 10.25591179272176667, -0.7999999999999914957, 57.78055491075669181 ) ) ;
#5139 = CARTESIAN_POINT ( 'NONE',  ( -3.810036809055219464, -2.100000000000016520, -10.87497125981866297 ) ) ;
#5140 = CARTESIAN_POINT ( 'NONE',  ( 17.28121975533023402, -3.600000000000000089, 33.12650310589300773 ) ) ;
#5141 = CARTESIAN_POINT ( 'NONE',  ( 6.509867099536589485, -0.7999999999999999334, 64.96398608064939140 ) ) ;
#5142 = ORIENTED_EDGE ( 'NONE', *, *, #7362, .F. ) ;
#5143 = CARTESIAN_POINT ( 'NONE',  ( -7.948058204983547981, 5.663403429959509209E-15, 64.75876184100847865 ) ) ;
#5144 = DIRECTION ( 'NONE',  ( 0.000000000000000000, -1.000000000000000000, 0.000000000000000000 ) ) ;
#5145 = CARTESIAN_POINT ( 'NONE',  ( -10.75584851840904221, -3.599999999999999645, -64.17203029742510978 ) ) ;
#5146 = CARTESIAN_POINT ( 'NONE',  ( 0.3626995341808975648, -3.600000000000000533, -66.65546108196132025 ) ) ;
#5147 = CARTESIAN_POINT ( 'NONE',  ( -17.26119270846881548, -3.600000000000005418, -50.36541954708819446 ) ) ;
#5148 = CARTESIAN_POINT ( 'NONE',  ( 7.533123011813358971, -3.000000000000010658, 65.83467889268183626 ) ) ;
#5149 = CARTESIAN_POINT ( 'NONE',  ( -3.820470991071472699, -2.000000000000000000, -69.90770463712944149 ) ) ;
#5150 = CARTESIAN_POINT ( 'NONE',  ( 16.78809576803995540, 6.142321583126578113E-15, 33.67516100023031100 ) ) ;
#5151 = CARTESIAN_POINT ( 'NONE',  ( 6.308513112452362570, 5.617271197717814796E-15, 66.07683373410189631 ) ) ;
#5152 = CARTESIAN_POINT ( 'NONE',  ( 17.28230539309479141, -3.600000000000000533, -49.03704094823726933 ) ) ;
#5153 = CARTESIAN_POINT ( 'NONE',  ( 14.04271135042326435, -3.000000000000010658, -61.87401733890599331 ) ) ;
#5154 = DIRECTION ( 'NONE',  ( 0.000000000000000000, -1.000000000000000000, 0.000000000000000000 ) ) ;
#5155 = PLANE ( 'NONE',  #2633 ) ;
#5156 = DIRECTION ( 'NONE',  ( 0.000000000000000000, 0.000000000000000000, 1.000000000000000000 ) ) ;
#5157 = CARTESIAN_POINT ( 'NONE',  ( -3.732541888230248794, -3.600000000000000533, 66.27631380529342664 ) ) ;
#5158 = DIRECTION ( 'NONE',  ( 0.9999999999999997780, 0.000000000000000000, 2.490616653888568114E-08 ) ) ;
#5159 = CARTESIAN_POINT ( 'NONE',  ( 3.536380466514869259, -0.8000000000000002665, 66.00266718382603415 ) ) ;
#5160 = EDGE_CURVE ( 'NONE', #3950, #4307, #6693, .T. ) ;
#5161 = ORIENTED_EDGE ( 'NONE', *, *, #5515, .T. ) ;
#5162 = LINE ( 'NONE', #6907, #73 ) ;
#5163 = CARTESIAN_POINT ( 'NONE',  ( 11.19219254914486328, -3.600000000000000977, 60.46685890207955083 ) ) ;
#5164 = CARTESIAN_POINT ( 'NONE',  ( 11.13079782156892428, -3.000000000000011102, -64.64464757905219017 ) ) ;
#5165 = CARTESIAN_POINT ( 'NONE',  ( -15.34160004321051751, -0.03847736931284911899, 47.36679518527321875 ) ) ;
#5166 = CARTESIAN_POINT ( 'NONE',  ( -14.25235292224398798, -3.599999999999999645, 53.27337604521016345 ) ) ;
#5167 = VERTEX_POINT ( 'NONE', #1507 ) ;
#5168 = ORIENTED_EDGE ( 'NONE', *, *, #3558, .F. ) ;
#5169 = CARTESIAN_POINT ( 'NONE',  ( -17.28735366554565189, -3.600000000000000977, -46.48840431563247932 ) ) ;
#5170 = DIRECTION ( 'NONE',  ( 0.000000000000000000, 0.000000000000000000, -1.000000000000000000 ) ) ;
#5171 = FACE_OUTER_BOUND ( 'NONE', #2535, .T. ) ;
#5172 = CARTESIAN_POINT ( 'NONE',  ( -2.927917482998805720, -0.8000000000000000444, 66.01159240151835661 ) ) ;
#5173 = CARTESIAN_POINT ( 'NONE',  ( -1.500614610138459870, -3.599999999999999645, -66.66274212009324174 ) ) ;
#5174 = CARTESIAN_POINT ( 'NONE',  ( 14.25575799097778074, -3.099999999999988987, -28.85427299466725515 ) ) ;
#5175 = CARTESIAN_POINT ( 'NONE',  ( 10.21939929645547274, -0.03847759844648050015, 61.76437456063955267 ) ) ;
#5176 = EDGE_CURVE ( 'NONE', #4173, #2302, #3806, .T. ) ;
#5177 = CARTESIAN_POINT ( 'NONE',  ( 14.55902148936291773, -3.600000000000000089, 52.28278795530309253 ) ) ;
#5178 = AXIS2_PLACEMENT_3D ( 'NONE', #4856, #3682, #7142 ) ;
#5179 = CARTESIAN_POINT ( 'NONE',  ( 7.757104910814162757, -0.7999999999999997113, 63.79771124778067559 ) ) ;
#5180 = VERTEX_POINT ( 'NONE', #5589 ) ;
#5181 = CARTESIAN_POINT ( 'NONE',  ( -5.874905564541931469, 5.530562075731141631E-15, 66.31844987988749551 ) ) ;
#5182 = ORIENTED_EDGE ( 'NONE', *, *, #5498, .F. ) ;
#5183 = DIRECTION ( 'NONE',  ( 0.000000000000000000, 0.000000000000000000, -1.000000000000000000 ) ) ;
#5184 = CARTESIAN_POINT ( 'NONE',  ( -10.25917837915501885, -3.599999999999999201, -64.48417156210838641 ) ) ;
#5185 = CARTESIAN_POINT ( 'NONE',  ( -17.61944651220977320, -1.999999999999999112, 39.80512344267199865 ) ) ;
#5186 = CARTESIAN_POINT ( 'NONE',  ( -17.25576522103296639, -3.600000000000000089, -43.79031946962315658 ) ) ;
#5187 = CARTESIAN_POINT ( 'NONE',  ( 6.462984221117341832, -1.779949199898000378, -48.18897252795810004 ) ) ;
#5188 = CARTESIAN_POINT ( 'NONE',  ( -16.08406578787048957, -3.000000000000011546, 48.86449316632727147 ) ) ;
#5189 = DIRECTION ( 'NONE',  ( 0.000000000000000000, 0.000000000000000000, 1.000000000000000000 ) ) ;
#5190 = CARTESIAN_POINT ( 'NONE',  ( 16.50863989760801687, 5.793915322545584070E-15, 39.10264599107282635 ) ) ;
#5191 = CARTESIAN_POINT ( 'NONE',  ( 6.905190675597855154, 5.722084122811405734E-15, 65.66808588849505668 ) ) ;
#5192 = CARTESIAN_POINT ( 'NONE',  ( 17.25883325905405030, -3.600000000000000533, -50.49566701345430886 ) ) ;
#5193 = ORIENTED_EDGE ( 'NONE', *, *, #6114, .T. ) ;
#5194 = CARTESIAN_POINT ( 'NONE',  ( 14.82184814211664659, -3.000000000000011102, -60.83884699334154078 ) ) ;
#5195 = EDGE_CURVE ( 'NONE', #4784, #1461, #7126, .T. ) ;
#5196 = CARTESIAN_POINT ( 'NONE',  ( -18.59999999999998721, 0.000000000000000000, 32.00001899343997991 ) ) ;
#5197 = LINE ( 'NONE', #2249, #3024 ) ;
#5198 = CARTESIAN_POINT ( 'NONE',  ( -17.29934210944526995, -3.600000000000000533, 27.19475574847126964 ) ) ;
#5199 = CARTESIAN_POINT ( 'NONE',  ( 17.25576992336560522, -3.600000000000000089, -55.01685850275689660 ) ) ;
#5200 = LINE ( 'NONE', #3413, #2053 ) ;
#5201 = EDGE_LOOP ( 'NONE', ( #1981, #537, #6123, #1639 ) ) ;
#5202 = VECTOR ( 'NONE', #2991, 1000.000000000000227 ) ;
#5203 = CARTESIAN_POINT ( 'NONE',  ( 10.92953711329923649, -3.600000000000000089, 60.90996444875364801 ) ) ;
#5204 = CARTESIAN_POINT ( 'NONE',  ( -10.93249743953251318, -0.7999999999999996003, 58.86283726439555863 ) ) ;
#5205 = CARTESIAN_POINT ( 'NONE',  ( 10.81533224582609165, -3.000000000000010214, -64.84412310176800531 ) ) ;
#5206 = CARTESIAN_POINT ( 'NONE',  ( -15.18120752795459794, -0.03848035155093446763, 48.16461607917591436 ) ) ;
#5207 = CARTESIAN_POINT ( 'NONE',  ( -11.69220855259314895, -3.600000000000001421, 59.55210187628876639 ) ) ;
#5208 = CARTESIAN_POINT ( 'NONE',  ( 11.91961845896357453, 5.580053465445419848E-15, 58.63843679395775155 ) ) ;
#5209 = CARTESIAN_POINT ( 'NONE',  ( -6.139589793499518500, -0.7999999999970133224, 65.24037714614237871 ) ) ;
#5210 = ORIENTED_EDGE ( 'NONE', *, *, #110, .T. ) ;
#5211 = ORIENTED_EDGE ( 'NONE', *, *, #3911, .T. ) ;
#5212 = CARTESIAN_POINT ( 'NONE',  ( -17.28987474043410799, -3.600000000000000533, -46.72853161787181620 ) ) ;
#5213 = CARTESIAN_POINT ( 'NONE',  ( 11.00559246006417524, -3.600000000000000089, -64.00953890423214432 ) ) ;
#5214 = CARTESIAN_POINT ( 'NONE',  ( -17.82086168601938780, -3.000000000000010658, -52.72503012934539868 ) ) ;
#5215 = CARTESIAN_POINT ( 'NONE',  ( -12.89501654007422715, 5.780102589537332799E-15, 56.30247094064446145 ) ) ;
#5216 = CARTESIAN_POINT ( 'NONE',  ( -0.4609621444722992178, -3.599999999999999645, -66.65602771662337034 ) ) ;
#5217 = CARTESIAN_POINT ( 'NONE',  ( 7.335529923282290810, -0.8000000000004733325, 64.24090310041025020 ) ) ;
#5218 = CARTESIAN_POINT ( 'NONE',  ( -9.004751965805496638, -3.600000000000000977, 63.61914187345503535 ) ) ;
#5219 = CARTESIAN_POINT ( 'NONE',  ( 16.94748838197832796, -3.599999999999999201, 39.38986675084516520 ) ) ;
#5220 = VECTOR ( 'NONE', #5158, 999.9999999999998863 ) ;
#5221 = CARTESIAN_POINT ( 'NONE',  ( 7.843545458636046241, -0.8000000000000001554, 63.70175964218713460 ) ) ;
#5222 = ORIENTED_EDGE ( 'NONE', *, *, #7191, .F. ) ;
#5223 = CARTESIAN_POINT ( 'NONE',  ( -5.197089285123917435, 5.583427267963297407E-15, 66.60036527777469928 ) ) ;
#5224 = AXIS2_PLACEMENT_3D ( 'NONE', #5944, #4189, #3129 ) ;
#5225 = CARTESIAN_POINT ( 'NONE',  ( 4.003905156324162107, 5.931848877175278173E-15, 66.79991401892704062 ) ) ;
#5226 = CARTESIAN_POINT ( 'NONE',  ( -10.84107711739352808, -3.000000000000010658, -64.82792734734049134 ) ) ;
#5227 = CARTESIAN_POINT ( 'NONE',  ( -8.483639145030162254, -1.999999999999999112, 65.13434685081489306 ) ) ;
#5228 = EDGE_CURVE ( 'NONE', #6358, #5130, #7279, .T. ) ;
#5229 = CARTESIAN_POINT ( 'NONE',  ( -16.97450181030964700, -3.599999999999999201, -54.09538631575674827 ) ) ;
#5230 = CARTESIAN_POINT ( 'NONE',  ( -17.85574020768672554, -2.000000000000000000, 11.10922738596742043 ) ) ;
#5231 = VECTOR ( 'NONE', #7313, 1000.000000000000000 ) ;
#5232 = LINE ( 'NONE', #1192, #1091 ) ;
#5233 = CARTESIAN_POINT ( 'NONE',  ( 6.275972831612008029, 5.178070607509007643E-15, 66.09684532877916752 ) ) ;
#5234 = ORIENTED_EDGE ( 'NONE', *, *, #3660, .T. ) ;
#5235 = CARTESIAN_POINT ( 'NONE',  ( 17.28527875868765662, -3.600000000000001421, -48.82433620483013925 ) ) ;
#5236 = CARTESIAN_POINT ( 'NONE',  ( 11.61597746056947678, -3.000000000000010658, -64.30498037203024353 ) ) ;
#5237 = CIRCLE ( 'NONE', #1339, 1.499999999999999556 ) ;
#5238 = AXIS2_PLACEMENT_3D ( 'NONE', #4732, #3513, #3587 ) ;
#5239 = DIRECTION ( 'NONE',  ( 0.000000000000000000, 1.000000000000000000, 0.000000000000000000 ) ) ;
#5240 = CARTESIAN_POINT ( 'NONE',  ( 1.577508335764976621E-06, -3.600000000000000089, 66.27631535813257813 ) ) ;
#5241 = CARTESIAN_POINT ( 'NONE',  ( -7.925568520633705205, -2.000000000000000000, 67.16158576645769074 ) ) ;
#5242 = EDGE_CURVE ( 'NONE', #7040, #2525, #1629, .T. ) ;
#5243 = ORIENTED_EDGE ( 'NONE', *, *, #7349, .T. ) ;
#5244 = CARTESIAN_POINT ( 'NONE',  ( 13.84847203411466232, 5.643837230244237179E-15, 53.51350378678760933 ) ) ;
#5245 = CARTESIAN_POINT ( 'NONE',  ( -1.691041070407091951, -3.600000000000000089, -58.94298593906940908 ) ) ;
#5246 = CARTESIAN_POINT ( 'NONE',  ( -13.32567050030277223, -0.8000000000000003775, 52.48060234988631123 ) ) ;
#5247 = CARTESIAN_POINT ( 'NONE',  ( 10.07859125740270123, -3.000000000000010658, -65.28836736052817002 ) ) ;
#5248 = CARTESIAN_POINT ( 'NONE',  ( -14.24610302502027004, -3.600000000000000977, 53.29295306453615666 ) ) ;
#5249 = CARTESIAN_POINT ( 'NONE',  ( 17.28956644638934748, -3.600000000000000089, 17.96502536974372077 ) ) ;
#5250 = CARTESIAN_POINT ( 'NONE',  ( -6.587747832096607858, -0.7999999999998900213, 64.90589945374689762 ) ) ;
#5251 = VERTEX_POINT ( 'NONE', #2727 ) ;
#5252 = ORIENTED_EDGE ( 'NONE', *, *, #4819, .F. ) ;
#5253 = CARTESIAN_POINT ( 'NONE',  ( -17.26215634300844570, -3.599999999999999201, -44.72252250347400349 ) ) ;
#5254 = EDGE_CURVE ( 'NONE', #2399, #2892, #2920, .T. ) ;
#5255 = DIRECTION ( 'NONE',  ( -0.000000000000000000, -1.000000000000000000, -0.000000000000000000 ) ) ;
#5256 = CARTESIAN_POINT ( 'NONE',  ( 5.924069637619489015E-06, -3.600000000000000089, -66.65441558792416288 ) ) ;
#5257 = CARTESIAN_POINT ( 'NONE',  ( -14.53745339561919536, 5.791619755481939652E-15, 51.08105996277844696 ) ) ;
#5258 = CARTESIAN_POINT ( 'NONE',  ( -1.517151117765914048, -3.599999999999999645, -66.66278360445350870 ) ) ;
#5259 = PLANE ( 'NONE',  #6924 ) ;
#5260 = CARTESIAN_POINT ( 'NONE',  ( 8.915872566418105549, -0.7999999999979947596, 62.35164880520013497 ) ) ;
#5261 = CARTESIAN_POINT ( 'NONE',  ( 15.56006464035093195, -3.600000000000000977, 48.41045202138282377 ) ) ;
#5262 = CARTESIAN_POINT ( 'NONE',  ( -14.71848812387570327, -0.7999999999999938272, 38.07572368623199566 ) ) ;
#5263 = CARTESIAN_POINT ( 'NONE',  ( 8.408702089914543265, -0.8000000000000001554, 63.02791480964837945 ) ) ;
#5264 = CARTESIAN_POINT ( 'NONE',  ( -6.297628407278286211, 5.721288876168327979E-15, 66.08303643910761593 ) ) ;
#5265 = ORIENTED_EDGE ( 'NONE', *, *, #607, .F. ) ;
#5266 = EDGE_CURVE ( 'NONE', #5870, #5659, #7448, .T. ) ;
#5267 = B_SPLINE_CURVE_WITH_KNOTS ( 'NONE', 3,
 ( #6755, #4966, #3261, #6236 ),
 .UNSPECIFIED., .F., .F.,
 ( 4, 4 ),
 ( 0.000000000000000000, 1.000000000000000000 ),
 .UNSPECIFIED. ) ;
#5268 = CARTESIAN_POINT ( 'NONE',  ( 3.988207691151723910, 0.000000000000000000, 66.80003477684454083 ) ) ;
#5269 = CARTESIAN_POINT ( 'NONE',  ( -9.391371881980699499, -3.000000000000011546, -65.65139532124257471 ) ) ;
#5270 = CARTESIAN_POINT ( 'NONE',  ( -15.20421697165686048, -1.999999999999999112, 52.55128163380559414 ) ) ;
#5271 = CARTESIAN_POINT ( 'NONE',  ( -17.85198568768263527, -3.000000000000009770, -50.88574584128360812 ) ) ;
#5272 = CARTESIAN_POINT ( 'NONE',  ( -3.452804255996658966, 5.637851296924622268E-15, 66.80593566853205800 ) ) ;
#5273 = CARTESIAN_POINT ( 'NONE',  ( 16.79994325868356242, 5.505087900463299653E-15, 31.59776766981303098 ) ) ;
#5274 = CARTESIAN_POINT ( 'NONE',  ( 17.84552589820821211, -3.000000000000011102, -51.23902121639689256 ) ) ;
#5275 = B_SPLINE_CURVE_WITH_KNOTS ( 'NONE', 3,
 ( #3407, #6309, #6975, #1759, #5806, #6900, #2177, #5770, #5085, #4020, #6271, #5236 ),
 .UNSPECIFIED., .F., .F.,
 ( 4, 1, 1, 1, 1, 1, 1, 1, 1, 4 ),
 ( 0.000000000000000000, 0.1250000000000000278, 0.2500000000000000555, 0.3125000000000000555, 0.3750000000000000555, 0.5000000000000001110, 0.6250000000000001110, 0.7500000000000001110, 0.8750000000000000000, 1.000000000000000000 ),
 .UNSPECIFIED. ) ;
#5276 = CARTESIAN_POINT ( 'NONE',  ( 5.336209265635690535, 5.386679999985851975E-15, 66.55155119923190910 ) ) ;
#5277 = CARTESIAN_POINT ( 'NONE',  ( -3.963383089339913123, -3.600000000000000533, 66.27633113038757529 ) ) ;
#5278 = CARTESIAN_POINT ( 'NONE',  ( -17.30142639446201613, -3.600000000000000533, 25.56540400224815812 ) ) ;
#5279 = CARTESIAN_POINT ( 'NONE',  ( -8.902333867458827044, -2.000000000000000000, 66.34397110776932038 ) ) ;
#5280 = CARTESIAN_POINT ( 'NONE',  ( 16.60725181413056717, -3.000000000000010658, -57.68579861201803993 ) ) ;
#5281 = CARTESIAN_POINT ( 'NONE',  ( -17.29940826926760877, -3.600000000000000089, 29.74397063682078013 ) ) ;
#5282 = EDGE_CURVE ( 'NONE', #4432, #792, #4414, .T. ) ;
#5283 = CARTESIAN_POINT ( 'NONE',  ( 11.41581356055649543, -3.600000000000001421, -63.69566837378219759 ) ) ;
#5284 = ORIENTED_EDGE ( 'NONE', *, *, #2573, .F. ) ;
#5285 = CARTESIAN_POINT ( 'NONE',  ( -14.92304478816923741, 1.800000000000000044, 51.32085072342677989 ) ) ;
#5286 = CARTESIAN_POINT ( 'NONE',  ( 13.91029274492492540, 5.631865363605008934E-15, 53.31202381887874253 ) ) ;
#5287 = CARTESIAN_POINT ( 'NONE',  ( 14.25575799097778074, -1.499999999999999556, -31.00427299466725017 ) ) ;
#5288 = CARTESIAN_POINT ( 'NONE',  ( 11.41298671195956338, -3.600000000000000977, 60.07161845971252490 ) ) ;
#5289 = CARTESIAN_POINT ( 'NONE',  ( -10.84241104340589956, -0.8000000000000007105, 59.04821872714327924 ) ) ;
#5290 = CARTESIAN_POINT ( 'NONE',  ( 10.52157183735667800, -3.000000000000011102, -65.02723754448625471 ) ) ;
#5291 = ADVANCED_FACE ( 'NONE', ( #5630 ), #6212, .T. ) ;
#5292 = CARTESIAN_POINT ( 'NONE',  ( -12.47131971886723534, -3.600000000000000533, 57.95574194584097683 ) ) ;
#5293 = CARTESIAN_POINT ( 'NONE',  ( 17.30047339518009153, -3.600000000000001421, 26.32585091020132495 ) ) ;
#5294 = CARTESIAN_POINT ( 'NONE',  ( -6.839924914155261604, -0.7999999999995358602, 64.69770056695969629 ) ) ;
#5295 = ORIENTED_EDGE ( 'NONE', *, *, #882, .F. ) ;
#5296 = CARTESIAN_POINT ( 'NONE',  ( -17.26800175217616840, -3.600000000000001421, -45.14283855935224921 ) ) ;
#5297 = CARTESIAN_POINT ( 'NONE',  ( 6.462984221117340944, -1.779949199898000378, -48.18897252795810004 ) ) ;
#5298 = EDGE_CURVE ( 'NONE', #4219, #2175, #987, .T. ) ;
#5299 = CARTESIAN_POINT ( 'NONE',  ( -10.10895862147120816, 5.358618059698166677E-15, 62.00696434589512052 ) ) ;
#5300 = CARTESIAN_POINT ( 'NONE',  ( -13.17130757394792617, -3.600000000000000533, 56.30920201528058300 ) ) ;
#5301 = CARTESIAN_POINT ( 'NONE',  ( 10.97494371096112786, -3.600000000000000977, 60.83349156318016782 ) ) ;
#5302 = CARTESIAN_POINT ( 'NONE',  ( 6.860060429728658704, -0.8000000000016936896, 64.68378719469536975 ) ) ;
#5303 = CARTESIAN_POINT ( 'NONE',  ( 17.26033623157774954, -3.600000000000000089, 34.00426575395558615 ) ) ;
#5304 = CARTESIAN_POINT ( 'NONE',  ( 4.986504749844530515, -0.7999999999999998224, 65.82686091518721128 ) ) ;
#5305 = CARTESIAN_POINT ( 'NONE',  ( -5.246161075246030592, 5.297381194412961947E-15, 66.58379176433732027 ) ) ;
#5306 = ORIENTED_EDGE ( 'NONE', *, *, #7420, .T. ) ;
#5307 = CARTESIAN_POINT ( 'NONE',  ( 4.081453476440058736, 5.607483181611374987E-15, 66.79852062215402952 ) ) ;
#5308 = CARTESIAN_POINT ( 'NONE',  ( -10.97196022190403220, -3.000000000000010214, -64.74522215957432536 ) ) ;
#5309 = CARTESIAN_POINT ( 'NONE',  ( -17.89496862954178269, -3.000000000000010658, 29.08191001520991037 ) ) ;
#5310 = CARTESIAN_POINT ( 'NONE',  ( -16.57275331334401258, -3.600000000000000089, -55.76958665743170940 ) ) ;
#5311 = CARTESIAN_POINT ( 'NONE',  ( -3.962545484918662098, 5.637851296924624635E-15, 66.80039628718840561 ) ) ;
#5312 = CARTESIAN_POINT ( 'NONE',  ( -14.64881607017906440, -3.000000000000011102, 54.00536037692300795 ) ) ;
#5313 = AXIS2_PLACEMENT_3D ( 'NONE', #2146, #2187, #5662 ) ;
#5314 = CARTESIAN_POINT ( 'NONE',  ( 4.020237855633274293, 5.714553102330879633E-15, 66.79972092879991408 ) ) ;
#5315 = VERTEX_POINT ( 'NONE', #6287 ) ;
#5316 = CARTESIAN_POINT ( 'NONE',  ( -4.078821390469024699, -3.599999999999998312, 66.27628268573299408 ) ) ;
#5317 = CARTESIAN_POINT ( 'NONE',  ( -17.28275089365245520, -3.599999999999999201, 16.45536234687707378 ) ) ;
#5318 = CARTESIAN_POINT ( 'NONE',  ( -7.426897457272863434, 0.000000000000000000, 67.50674745008359423 ) ) ;
#5319 = CARTESIAN_POINT ( 'NONE',  ( 17.90410878738257594, -2.000000000000000000, -46.61837408618240630 ) ) ;
#5320 = CARTESIAN_POINT ( 'NONE',  ( -13.04448017652390845, -2.000000000000000000, 60.47482044098582321 ) ) ;
#5321 = ORIENTED_EDGE ( 'NONE', *, *, #5727, .F. ) ;
#5322 = CARTESIAN_POINT ( 'NONE',  ( 17.99318003377439368, -2.000000000000000000, 42.64261070176490165 ) ) ;
#5323 = CARTESIAN_POINT ( 'NONE',  ( 15.74268997766676037, 5.768943236621628655E-15, 45.33752531257847096 ) ) ;
#5324 = DIRECTION ( 'NONE',  ( 0.000000000000000000, 0.000000000000000000, -1.000000000000000000 ) ) ;
#5325 = CARTESIAN_POINT ( 'NONE',  ( 9.112922551394271764, -3.600000000000000089, 63.49011248265662744 ) ) ;
#5326 = CARTESIAN_POINT ( 'NONE',  ( -16.00000005923749313, -0.8000000000000000444, 32.00057400249755801 ) ) ;
#5327 = CARTESIAN_POINT ( 'NONE',  ( -17.85574020768672554, -3.000000000000010658, 11.10922738596742043 ) ) ;
#5328 = CARTESIAN_POINT ( 'NONE',  ( -16.94133556985229916, -3.600000000000000089, 39.45732352110366037 ) ) ;
#5329 = CARTESIAN_POINT ( 'NONE',  ( 17.30069381277785467, -3.599999999999999645, 26.15626115920953865 ) ) ;
#5330 = AXIS2_PLACEMENT_3D ( 'NONE', #5448, #3050, #2420 ) ;
#5331 = ORIENTED_EDGE ( 'NONE', *, *, #746, .T. ) ;
#5332 = VERTEX_POINT ( 'NONE', #1058 ) ;
#5333 = CARTESIAN_POINT ( 'NONE',  ( -17.27848868850742647, -3.600000000000000533, -45.82293548599324140 ) ) ;
#5334 = CARTESIAN_POINT ( 'NONE',  ( 6.462984221117341832, -0.7999999999999999334, -48.18897252795810004 ) ) ;
#5335 = CARTESIAN_POINT ( 'NONE',  ( -4.954573274748083733, -0.8000000000000001554, 65.83792874093153102 ) ) ;
#5336 = AXIS2_PLACEMENT_3D ( 'NONE', #3907, #7280, #3224 ) ;
#5337 = CARTESIAN_POINT ( 'NONE',  ( -16.91767946088170049, -3.600000000000000089, 39.71673159572341660 ) ) ;
#5338 = CARTESIAN_POINT ( 'NONE',  ( 17.29469464108667154, -3.599999999999999645, 32.08592997876560560 ) ) ;
#5339 = CARTESIAN_POINT ( 'NONE',  ( 4.587379005629861339, -0.7999999999999836131, 64.82493670326343249 ) ) ;
#5340 = CARTESIAN_POINT ( 'NONE',  ( 3.983325413619091648, -0.5862351849499971568, 65.95560936043925437 ) ) ;
#5341 = VECTOR ( 'NONE', #1125, 1000.000000000000000 ) ;
#5342 = CARTESIAN_POINT ( 'NONE',  ( 12.94089341669553761, -3.600000000000000977, 56.87554010266451598 ) ) ;
#5343 = CARTESIAN_POINT ( 'NONE',  ( -15.66860109983081273, -0.7999999999936017181, 39.68457165771560113 ) ) ;
#5344 = CARTESIAN_POINT ( 'NONE',  ( 5.894124962985082483, -0.8000000000000002665, 65.39248460127967633 ) ) ;
#5345 = CARTESIAN_POINT ( 'NONE',  ( -5.364210928922912736, 5.482207437776935598E-15, 66.54155487326339369 ) ) ;
#5346 = ORIENTED_EDGE ( 'NONE', *, *, #1544, .F. ) ;
#5347 = CARTESIAN_POINT ( 'NONE',  ( 5.277636878413889399, 5.717835453053227630E-15, 66.57255964876904386 ) ) ;
#5348 = CARTESIAN_POINT ( 'NONE',  ( -10.24410375774322013, -3.000000000000011102, -65.19343859216249371 ) ) ;
#5349 = CARTESIAN_POINT ( 'NONE',  ( -17.81666566972013399, -3.000000000000011990, -52.09556079030299713 ) ) ;
#5350 = CARTESIAN_POINT ( 'NONE',  ( 1.999999999999999556, -2.000000000000000000, -70.00000000000000000 ) ) ;
#5351 = CARTESIAN_POINT ( 'NONE',  ( 15.52689285754864379, 5.652342243839467526E-15, 46.57732900683350863 ) ) ;
#5352 = CARTESIAN_POINT ( 'NONE',  ( 4.016159825852014365, 5.925650941930129037E-15, 66.79977542749166730 ) ) ;
#5353 = VERTEX_POINT ( 'NONE', #367 ) ;
#5354 = ORIENTED_EDGE ( 'NONE', *, *, #1130, .F. ) ;
#5355 = CARTESIAN_POINT ( 'NONE',  ( -6.038397255159937416, -3.600000000000001421, 65.97666324328234566 ) ) ;
#5356 = CARTESIAN_POINT ( 'NONE',  ( -17.30264161830580960, -3.600000000000000977, 24.09577423945243879 ) ) ;
#5357 = CARTESIAN_POINT ( 'NONE',  ( -6.341774300405010223, 0.000000000000000000, 68.09403760702495845 ) ) ;
#5358 = AXIS2_PLACEMENT_3D ( 'NONE', #4887, #6643, #6221 ) ;
#5359 = CARTESIAN_POINT ( 'NONE',  ( 17.85584412249268738, -3.000000000000010658, -44.73264089768713347 ) ) ;
#5360 = CARTESIAN_POINT ( 'NONE',  ( 11.36068303588564987, -0.03847691554809917758, 59.72415088092689928 ) ) ;
#5361 = CARTESIAN_POINT ( 'NONE',  ( 16.76175250354275903, -0.03847749533621636076, 33.63113046583101351 ) ) ;
#5362 = SURFACE_STYLE_FILL_AREA ( #6462 ) ;
#5363 = AXIS2_PLACEMENT_3D ( 'NONE', #5726, #488, #7464 ) ;
#5364 = ORIENTED_EDGE ( 'NONE', *, *, #5458, .F. ) ;
#5365 = EDGE_CURVE ( 'NONE', #7407, #235, #3810, .T. ) ;
#5366 = CARTESIAN_POINT ( 'NONE',  ( 15.28843873343314819, 5.674187063314283670E-15, 47.81233285056757154 ) ) ;
#5367 = CARTESIAN_POINT ( 'NONE',  ( -10.70760156674399077, -3.600000000000000089, -64.20253118738341414 ) ) ;
#5368 = CARTESIAN_POINT ( 'NONE',  ( -7.177219486539234694, -3.600000000000000089, 65.35163367637153442 ) ) ;
#5369 = CARTESIAN_POINT ( 'NONE',  ( 3.972188649143233885, -3.600000000000000089, 66.27632653424281273 ) ) ;
#5370 = CARTESIAN_POINT ( 'NONE',  ( -17.18176620494603313, -3.599999999999999645, 36.03987882626000783 ) ) ;
#5371 = CARTESIAN_POINT ( 'NONE',  ( -5.741321251605352671, -0.8000000000004504619, 65.48246387081734099 ) ) ;
#5372 = ORIENTED_EDGE ( 'NONE', *, *, #6074, .T. ) ;
#5373 = ADVANCED_BREP_SHAPE_REPRESENTATION ( 'Renesas ArmSync Controller Topshell V3', ( #2054, #2782 ), #345 ) ;
#5374 = CARTESIAN_POINT ( 'NONE',  ( 6.249554043713507312, -3.600000000000000977, 65.88986160095788591 ) ) ;
#5375 = CARTESIAN_POINT ( 'NONE',  ( -5.158209770362673474, -0.8000000000000001554, 65.76377534246086043 ) ) ;
#5376 = CARTESIAN_POINT ( 'NONE',  ( 15.86547619731857139, -3.600000000000000089, 46.96876080719700042 ) ) ;
#5377 = VECTOR ( 'NONE', #7197, 1000.000000000000000 ) ;
#5378 = CARTESIAN_POINT ( 'NONE',  ( 11.59226182308959352, -3.600000000000000089, 59.73779321752250837 ) ) ;
#5379 = CARTESIAN_POINT ( 'NONE',  ( -14.26281705412687195, -0.8000000000000064837, 42.59798796035634183 ) ) ;
#5380 = CARTESIAN_POINT ( 'NONE',  ( -14.60783967260134908, 0.000000000000000000, 56.87443939156161576 ) ) ;
#5381 = CARTESIAN_POINT ( 'NONE',  ( 4.823455832413213962, -0.7999999999999996003, 65.87890195984135744 ) ) ;
#5382 = CARTESIAN_POINT ( 'NONE',  ( 5.233456518403731828, 4.972853243693797550E-15, 66.58793042936451911 ) ) ;
#5383 = CARTESIAN_POINT ( 'NONE',  ( -8.903231755640847567, -3.599999999999999201, -65.22055879093677788 ) ) ;
#5384 = CARTESIAN_POINT ( 'NONE',  ( -15.68891771319179007, -3.600000000000000533, -58.11233292053405108 ) ) ;
#5385 = CARTESIAN_POINT ( 'NONE',  ( -5.212619237093560898, 5.535084205188593012E-15, 66.59517752647383304 ) ) ;
#5386 = CARTESIAN_POINT ( 'NONE',  ( -17.90117875266210490, -3.000000000000010658, 25.86433701864617873 ) ) ;
#5387 = EDGE_CURVE ( 'NONE', #2621, #2339, #2650, .T. ) ;
#5388 = CARTESIAN_POINT ( 'NONE',  ( 3.123732955404118439, 5.637851296924625423E-15, 66.80509757344320576 ) ) ;
#5389 = ORIENTED_EDGE ( 'NONE', *, *, #5298, .T. ) ;
#5390 = VERTEX_POINT ( 'NONE', #912 ) ;
#5391 = CARTESIAN_POINT ( 'NONE',  ( -16.76152241006122168, -0.03847763130518479929, 32.00041106728435381 ) ) ;
#5392 = CARTESIAN_POINT ( 'NONE',  ( -17.27361209478143422, -3.600000000000000977, 14.66104441151146354 ) ) ;
#5393 = CARTESIAN_POINT ( 'NONE',  ( -13.04448017652390845, 0.000000000000000000, 60.47482044098582321 ) ) ;
#5394 = EDGE_CURVE ( 'NONE', #3195, #4220, #7297, .T. ) ;
#5395 = DIRECTION ( 'NONE',  ( -0.000000000000000000, -1.000000000000000000, -0.000000000000000000 ) ) ;
#5396 = CARTESIAN_POINT ( 'NONE',  ( -17.24480589293260024, -3.600000000000000089, -51.26052423804372182 ) ) ;
#5397 = CARTESIAN_POINT ( 'NONE',  ( -4.657110342133804259, -3.600000000000000533, 66.26436124205274325 ) ) ;
#5398 = CARTESIAN_POINT ( 'NONE',  ( 16.80000000000524096, 0.000000000000000000, 32.00001223506188808 ) ) ;
#5399 = B_SPLINE_SURFACE_WITH_KNOTS ( 'NONE', 1, 3, ( 
 ( #1642, #7344, #7460, #2740, #6336, #3395, #6890, #4013, #5075, #5145, #3935, #1073, #3895, #484, #2824, #1113, #2130, #5184, #1715, #7498, #1566, #4049, #1150, #5797, #6224, #4463, #409, #4507, #6822, #5383, #3544, #24, #1832, #3060, #2435, #4119, #3581, #5872, #6407, #4798, #2471, #107, #6560, #4765, #6485, #7122, #145, #5911, #1903, #4724, #7045, #6968, #4233, #6448, #5835, #2981 ),
 ( #5949, #1335, #3662, #683, #5990, #4159, #60, #4650, #643, #2905, #1753, #7004, #5308, #2390, #5226, #7547, #2315, #1259, #4082, #3021, #1187, #5348, #3506, #605, #7084, #1865, #4196, #2944, #5269, #1223, #3619, #6525, #2353, #4683, #1787, #1295, #725, #2585, #2009, #186, #6599, #3740, #764, #4341, #7299, #1372, #804, #3776, #915, #3241, #685, #728, #4236, #7163, #482, #2864 ) ),
 .UNSPECIFIED., .F., .F., .F.,
 ( 2, 2 ),
 ( 4, 2, 2, 2, 2, 2, 2, 2, 2, 2, 2, 2, 2, 2, 2, 2, 2, 2, 2, 2, 2, 2, 2, 2, 2, 2, 2, 4 ),
 ( 0.000000000000000000, 1.000000000000000000 ),
 ( 0.000000000000000000, 0.0001854710270981123148, 0.0003709420541962246297, 0.0004636775677452807600, 0.0005564130812943368903, 0.0006491485948433930748, 0.0007418841083924492593, 0.0009273551354905615199, 0.001112826162588673781, 0.001298297189686786150, 0.001483768216784898519, 0.001669239243883010888, 0.001854710270981123040, 0.002225652325177347561, 0.002596594379373572299, 0.002967536433569797037, 0.003338478487766021775, 0.003709420541962246080, 0.004451304650354695122, 0.005935072867139594074, 0.006676956975532043551, 0.007418841083924492159, 0.008160725192316940768, 0.008531667246513165506, 0.008902609300709390244, 0.009644493409101839720, 0.01038637751749428920, 0.01187014573427918815 ),
 .UNSPECIFIED. ) ;
#5400 = ORIENTED_EDGE ( 'NONE', *, *, #7386, .F. ) ;
#5401 = CARTESIAN_POINT ( 'NONE',  ( 16.50863989760801687, 5.793915322545584070E-15, 39.10264599107282635 ) ) ;
#5402 = DIRECTION ( 'NONE',  ( 0.000000000000000000, -1.000000000000000000, 0.000000000000000000 ) ) ;
#5403 = CARTESIAN_POINT ( 'NONE',  ( -10.91612851520227068, -3.599999999999999201, -64.06907121649923909 ) ) ;
#5404 = CARTESIAN_POINT ( 'NONE',  ( 17.29520468631345764, -3.599999999999999645, 19.38373012195232548 ) ) ;
#5405 = VECTOR ( 'NONE', #6764, 1000.000000000000000 ) ;
#5406 = CARTESIAN_POINT ( 'NONE',  ( 3.729360768070827170, -3.600000000000000089, 66.27631618914548994 ) ) ;
#5407 = CARTESIAN_POINT ( 'NONE',  ( -16.92028758966336000, -3.600000000000000533, 39.68394138654066694 ) ) ;
#5408 = EDGE_CURVE ( 'NONE', #872, #7109, #2082, .T. ) ;
#5409 = ORIENTED_EDGE ( 'NONE', *, *, #2583, .F. ) ;
#5410 = CARTESIAN_POINT ( 'NONE',  ( -6.491041522454001900, -0.8000000000000000444, -25.34298605861921772 ) ) ;
#5411 = VERTEX_POINT ( 'NONE', #1510 ) ;
#5412 = CARTESIAN_POINT ( 'NONE',  ( 4.772412886250445574, -3.600000000000000089, 66.25759378330442928 ) ) ;
#5413 = CARTESIAN_POINT ( 'NONE',  ( -3.990147228585488648, -0.7999999999999999334, 66.00004914253054267 ) ) ;
#5414 = CARTESIAN_POINT ( 'NONE',  ( -17.26544281323808505, -3.599999999999999201, 33.82862811173676931 ) ) ;
#5415 = LINE ( 'NONE', #7194, #3994 ) ;
#5416 = CARTESIAN_POINT ( 'NONE',  ( 17.85574221343219037, -3.000000000000010658, 11.10967525680099044 ) ) ;
#5417 = CARTESIAN_POINT ( 'NONE',  ( 6.039150559930331674, -0.03847621328624070691, 66.19134247790380243 ) ) ;
#5418 = DIRECTION ( 'NONE',  ( 1.122798366328030887E-16, 0.000000000000000000, 1.000000000000000000 ) ) ;
#5419 = CARTESIAN_POINT ( 'NONE',  ( -3.810036809055219464, -3.600000000000000089, -15.87497125981866475 ) ) ;
#5420 = CARTESIAN_POINT ( 'NONE',  ( 5.792800723557007814, -0.7999999999999998224, 65.45358683127581401 ) ) ;
#5421 = B_SPLINE_CURVE_WITH_KNOTS ( 'NONE', 3,
 ( #295, #6700, #2614, #6176, #4986, #917, #3243, #5555 ),
 .UNSPECIFIED., .F., .F.,
 ( 4, 1, 1, 1, 1, 4 ),
 ( 0.000000000000000000, 0.2500003704221455125, 0.5000007408442910251, 0.6250009260553637258, 0.7500011112664365376, 1.000001481688582050 ),
 .UNSPECIFIED. ) ;
#5422 = CARTESIAN_POINT ( 'NONE',  ( 6.315032528847226878, 5.537758625685822784E-15, 66.07280648389439648 ) ) ;
#5423 = CARTESIAN_POINT ( 'NONE',  ( -17.86109700871523387, -3.000000000000012434, -50.37615442661412146 ) ) ;
#5424 = CARTESIAN_POINT ( 'NONE',  ( -5.707950824233742004, 5.734367756712171066E-15, 66.39880467300271505 ) ) ;
#5425 = CARTESIAN_POINT ( 'NONE',  ( -17.88110816998338493, -3.000000000000011546, 15.82909337373300573 ) ) ;
#5426 = CARTESIAN_POINT ( 'NONE',  ( 4.114129786391647947, 5.387930906564059335E-15, 66.79744181296143779 ) ) ;
#5427 = ORIENTED_EDGE ( 'NONE', *, *, #3007, .T. ) ;
#5428 = VERTEX_POINT ( 'NONE', #5666 ) ;
#5429 = CARTESIAN_POINT ( 'NONE',  ( -5.327672916411903437, -3.000000000000011546, 66.79320044454946981 ) ) ;
#5430 = CARTESIAN_POINT ( 'NONE',  ( -17.25803060406331113, -3.600000000000000089, 11.62201997195772485 ) ) ;
#5431 = DIRECTION ( 'NONE',  ( 0.000000000000000000, 0.000000000000000000, -1.000000000000000000 ) ) ;
#5432 = VECTOR ( 'NONE', #1389, 1000.000000000000000 ) ;
#5433 = CARTESIAN_POINT ( 'NONE',  ( -17.25490063985647282, -3.600000000000000089, 10.92309403509735510 ) ) ;
#5434 = CARTESIAN_POINT ( 'NONE',  ( -17.85212221966163781, -2.000000000000000000, -50.85173671083423130 ) ) ;
#5435 = CARTESIAN_POINT ( 'NONE',  ( 7.610457046672071790, -0.03847615777433444073, 65.04425632009615299 ) ) ;
#5436 = CARTESIAN_POINT ( 'NONE',  ( -17.18733306988432830, -3.599999999999999645, -52.51694802016017860 ) ) ;
#5437 = CARTESIAN_POINT ( 'NONE',  ( -4.369598749940337257, -3.600000000000000089, 66.27389624204268159 ) ) ;
#5438 = CARTESIAN_POINT ( 'NONE',  ( 17.02254441815569663, -3.599999999999999645, -53.82494301922606184 ) ) ;
#5439 = EDGE_CURVE ( 'NONE', #2016, #2260, #2770, .T. ) ;
#5440 = ORIENTED_EDGE ( 'NONE', *, *, #6381, .F. ) ;
#5441 = CARTESIAN_POINT ( 'NONE',  ( 7.025001142746281957, -2.000000000000000000, 66.20915086139363837 ) ) ;
#5442 = CARTESIAN_POINT ( 'NONE',  ( 16.80000000000524096, 0.000000000000000000, 32.00001223506188808 ) ) ;
#5443 = CARTESIAN_POINT ( 'NONE',  ( -10.77172563588035992, -3.600000000000000977, -64.16193789976630057 ) ) ;
#5444 = CARTESIAN_POINT ( 'NONE',  ( -15.80783842330123967, -0.7999999999999998224, 37.79784290348656839 ) ) ;
#5445 = CARTESIAN_POINT ( 'NONE',  ( 3.705300382588274655, -3.599999999999998757, 66.27631462080131541 ) ) ;
#5446 = B_SPLINE_CURVE_WITH_KNOTS ( 'NONE', 3,
 ( #7016, #4625, #461, #1656 ),
 .UNSPECIFIED., .F., .F.,
 ( 4, 4 ),
 ( 0.000000000000000000, 0.04323741216436693263 ),
 .UNSPECIFIED. ) ;
#5447 = ORIENTED_EDGE ( 'NONE', *, *, #5254, .T. ) ;
#5448 = CARTESIAN_POINT ( 'NONE',  ( -6.491041522454005452, -0.7999999999999999334, -54.79298605861921345 ) ) ;
#5449 = CARTESIAN_POINT ( 'NONE',  ( -3.981275149093978616, -0.7999999999999999334, 66.00014551538735930 ) ) ;
#5450 = CARTESIAN_POINT ( 'NONE',  ( -17.29809647660663074, -3.600000000000001421, 31.76448227127505319 ) ) ;
#5451 = CARTESIAN_POINT ( 'NONE',  ( 4.195715544357820015, -3.599999999999998757, -66.54220039893550620 ) ) ;
#5452 = CARTESIAN_POINT ( 'NONE',  ( 17.05066841720904236, -3.600000000000000089, 38.25913672962897039 ) ) ;
#5453 = CARTESIAN_POINT ( 'NONE',  ( 4.553525463838135501, -0.8000000000000058176, 64.83562368103947904 ) ) ;
#5454 = CARTESIAN_POINT ( 'NONE',  ( 5.015359605249058106, -2.000000000000000000, -68.32383553124179798 ) ) ;
#5455 = CARTESIAN_POINT ( 'NONE',  ( 14.25575799097778074, -1.499999999999999556, -31.00427299466725017 ) ) ;
#5456 = CARTESIAN_POINT ( 'NONE',  ( 4.370554423524408705, -0.8000000000000005995, 65.97424627152560106 ) ) ;
#5457 = ORIENTED_EDGE ( 'NONE', *, *, #7165, .T. ) ;
#5458 = EDGE_CURVE ( 'NONE', #1056, #7130, #7410, .T. ) ;
#5459 = CARTESIAN_POINT ( 'NONE',  ( 8.549051103363385806, 5.152381872352525190E-15, 64.11175586273130023 ) ) ;
#5460 = CARTESIAN_POINT ( 'NONE',  ( -17.47061368270211190, -3.000000000000009770, -54.67176401901192406 ) ) ;
#5461 = CARTESIAN_POINT ( 'NONE',  ( -3.972224115847566850, 5.637851296924622268E-15, 66.80029110906163226 ) ) ;
#5462 = B_SPLINE_SURFACE_WITH_KNOTS ( 'NONE', 2, 1, ( 
 ( #1354, #3075 ),
 ( #4814, #661 ),
 ( #4174, #4212 ),
 ( #6502, #5924 ),
 ( #2959, #2451 ),
 ( #698, #4701 ),
 ( #3679, #3038 ),
 ( #163, #125 ),
 ( #2488, #3115 ),
 ( #5322, #1881 ),
 ( #7140, #205 ),
 ( #4853, #3719 ) ),
 .UNSPECIFIED., .F., .F., .F.,
 ( 3, 1, 1, 1, 1, 1, 1, 1, 1, 1, 3 ),
 ( 2, 2 ),
 ( 0.000000000000000000, 0.04687501606165501988, 0.09375003212331003977, 0.1562500535388500755, 0.2187500749543900835, 0.3125001070777001511, 0.4375001499087801671, 0.5625001927398602941, 0.6875002355709403101, 0.8125002784020203261, 1.000000342648640350 ),
 ( 0.000000000000000000, 1.000000000000000000 ),
 .UNSPECIFIED. ) ;
#5463 = CARTESIAN_POINT ( 'NONE',  ( 15.95226433792204901, -0.8000000000000001554, 34.90258616741150632 ) ) ;
#5464 = EDGE_LOOP ( 'NONE', ( #2555, #6454, #6679, #2441 ) ) ;
#5465 = EDGE_CURVE ( 'NONE', #6385, #5870, #2692, .T. ) ;
#5466 = CARTESIAN_POINT ( 'NONE',  ( -6.954924309122737291, -3.000000000000010658, 66.21033244872232615 ) ) ;
#5467 = B_SPLINE_CURVE_WITH_KNOTS ( 'NONE', 3,
 ( #3824, #5468, #6747, #2665, #3858, #2557, #6186, #6641, #962, #3748, #6075, #3184, #5503, #272, #6147, #4923, #7239, #1567, #1038, #6262, #1002, #7462, #3328, #2166, #449, #4540, #1115, #5723, #2868, #6823, #1075, #6780, #3896, #6338 ),
 .UNSPECIFIED., .F., .F.,
 ( 4, 2, 2, 2, 2, 2, 2, 2, 2, 2, 2, 2, 2, 2, 2, 2, 4 ),
 ( 0.01046339369794470862, 0.01104226761606122431, 0.01162114153417774000, 0.01220001545229425569, 0.01277888937041077137, 0.01393663720664377673, 0.01509438504287678035, 0.01625213287910980478, 0.01740988071534282922, 0.01856762855157585018, 0.01972537638780887462, 0.02435636773274098971, 0.02898735907767310133, 0.03361835042260521295, 0.03824934176753733150, 0.04288033311246944312, 0.04751132445740155474 ),
 .UNSPECIFIED. ) ;
#5468 = CARTESIAN_POINT ( 'NONE',  ( 4.170168665116446682, -0.7999999999999701794, 64.92196961936447508 ) ) ;
#5469 = CIRCLE ( 'NONE', #4123, 1.449999999999999956 ) ;
#5470 = CARTESIAN_POINT ( 'NONE',  ( -9.048947850298354467, -3.000000000000010658, 64.47089779889806493 ) ) ;
#5471 = CARTESIAN_POINT ( 'NONE',  ( -4.916754128180874872, -2.000000000000000000, -68.34205006004164318 ) ) ;
#5472 = CARTESIAN_POINT ( 'NONE',  ( -17.23721046948508118, -3.600000000000000089, -51.56602269817400241 ) ) ;
#5473 = CARTESIAN_POINT ( 'NONE',  ( 12.38365229111289523, -0.03847762590297342661, 57.50457933937305910 ) ) ;
#5474 = CARTESIAN_POINT ( 'NONE',  ( 17.20808445184532687, -3.599999999999999645, -52.22864845420730973 ) ) ;
#5475 = CARTESIAN_POINT ( 'NONE',  ( 16.43516058822059023, 5.481787271303662044E-15, 39.93577047795560020 ) ) ;
#5476 = AXIS2_PLACEMENT_3D ( 'NONE', #1877, #6005, #4889 ) ;
#5477 = CARTESIAN_POINT ( 'NONE',  ( 3.083650668992709676, -2.000000000000000000, -67.31332803073961202 ) ) ;
#5478 = DIRECTION ( 'NONE',  ( 0.000000000000000000, 0.000000000000000000, 1.000000000000000000 ) ) ;
#5479 = CARTESIAN_POINT ( 'NONE',  ( 4.659637558342345720, -3.600000000000000089, 66.26410376209405229 ) ) ;
#5480 = ADVANCED_FACE ( 'NONE', ( #3276 ), #5587, .F. ) ;
#5481 = VECTOR ( 'NONE', #5715, 1000.000000000000000 ) ;
#5482 = EDGE_LOOP ( 'NONE', ( #1722, #1702, #3221, #1963 ) ) ;
#5483 = VECTOR ( 'NONE', #5518, 1000.000000000000000 ) ;
#5484 = CARTESIAN_POINT ( 'NONE',  ( -3.986114464558421222, -0.8000000000000000444, 66.00009292632397262 ) ) ;
#5485 = CARTESIAN_POINT ( 'NONE',  ( -16.69410517878789690, -3.599999999999999201, 41.77372845808469037 ) ) ;
#5486 = CARTESIAN_POINT ( 'NONE',  ( 14.92009622432166438, -3.000000000000010214, 53.15410808089650629 ) ) ;
#5487 = CARTESIAN_POINT ( 'NONE',  ( 17.26427588086110632, -3.599999999999999645, 12.87434090310865109 ) ) ;
#5488 =( BOUNDED_SURFACE ( )  B_SPLINE_SURFACE ( 3, 2, ( 
 ( #4570, #6330, #1144 ),
 ( #5068, #6367, #3466 ),
 ( #1637, #554, #6816 ),
 ( #5262, #7117, #7038 ),
 ( #6998, #5343, #4228 ),
 ( #5379, #1328, #55 ),
 ( #3657, #5986, #4114 ),
 ( #760, #182, #1827 ),
 ( #3092, #6479, #1859 ),
 ( #1254, #6442, #5905 ),
 ( #3015, #4759, #1182 ),
 ( #7077, #6518, #1289 ),
 ( #800, #1932, #4274 ),
 ( #6659, #320, #222 ),
 ( #7292, #1970, #4304 ),
 ( #259, #288, #1473 ),
 ( #6594, #6168, #4377 ),
 ( #4908, #3805, #6130 ),
 ( #6627, #4942, #7255 ),
 ( #4976, #1403, #3735 ),
 ( #6058, #3167, #907 ),
 ( #2078, #2644, #4410 ),
 ( #6730, #1506, #3272 ),
 ( #7326, #1545, #3312 ),
 ( #5625, #85, #1849 ),
 ( #1171, #667, #3002 ),
 ( #3645, #5294, #5976 ),
 ( #585, #1280, #1245 ),
 ( #7068, #5250, #2416 ),
 ( #6470, #1736, #6986 ),
 ( #5858, #5209, #4707 ),
 ( #3046, #8, #6429 ),
 ( #4634, #3565, #43 ),
 ( #5894, #5371, #3530 ),
 ( #1815, #2458, #4749 ),
 ( #3601, #7027, #6390 ),
 ( #4783, #5932, #2891 ),
 ( #709, #7106, #1887 ),
 ( #4218, #7527, #4147 ),
 ( #4067, #3491, #5818 ),
 ( #4668, #1769, #1206 ),
 ( #2634, #7187, #2495 ),
 ( #4820, #4968, #7283 ),
 ( #1922, #791, #4935 ),
 ( #3726, #4900, #7220 ),
 ( #1429, #7248, #2033 ),
 ( #4366, #2679, #2182 ),
 ( #7529, #4636, #3996 ),
 ( #6319, #2725, #3423 ),
 ( #2849, #2301, #2261 ),
 ( #6951, #985, #5628 ),
 ( #1627, #396, #5056 ),
 ( #433, #7366, #2151 ),
 ( #1593, #5095, #7408 ),
 ( #6285, #2377, #754 ),
 ( #2496, #6431, #2338 ),
 ( #7108, #87, #3492 ),
 ( #3047, #1889, #630 ),
 ( #6545, #1317, #4670 ),
 ( #5978, #4821, #1816 ) ),
 .UNSPECIFIED., .F., .F., .T. ) 
 B_SPLINE_SURFACE_WITH_KNOTS ( ( 4, 2, 2, 2, 2, 2, 2, 2, 2, 2, 2, 2, 2, 2, 2, 2, 2, 2, 2, 2, 2, 2, 2, 2, 2, 2, 2, 2, 2, 4 ),
 ( 3, 3 ),
 ( 0.000000000000000000, 0.004560522013456912681, 0.009121044026913825362, 0.01368156604037073718, 0.01824208805382765072, 0.02280261006728456080, 0.02508287107401301758, 0.02736313208074147435, 0.02850326258410570274, 0.02964339308746993112, 0.03192365409419838790, 0.03306378459756261629, 0.03363384984924473048, 0.03391888247508578758, 0.03420391510092684467, 0.03477398035260895887, 0.03491649666552948394, 0.03505901297845001596, 0.03534404560429107306, 0.03548656191721159814, 0.03555782007367186415, 0.03562907823013213016, 0.03591411085597318725, 0.03619914348181424435, 0.03621695802092930738, 0.03623477256004437735, 0.03625258709915944733, 0.03627040163827451036, 0.03634165979473477637, 0.03648417610765530145 ),
 ( 0.000000000000000000, 1.000000000000000000 ),
 .UNSPECIFIED. ) 
 GEOMETRIC_REPRESENTATION_ITEM ( )  RATIONAL_B_SPLINE_SURFACE ( (
 ( 1.000000000000000000, 0.9238795325112878487, 1.000000000000000000),
 ( 1.000000000000000000, 0.9238795325112878487, 1.000000000000000000),
 ( 1.000000000000000000, 0.9238794407987547253, 1.000000000000000000),
 ( 1.000000000000000000, 0.9238796068216630353, 1.000000000000000000),
 ( 1.000000000000000000, 0.9238794163266186299, 1.000000000000000000),
 ( 1.000000000000000000, 0.9238795884911850109, 1.000000000000000000),
 ( 1.000000000000000000, 0.9238795154636487705, 1.000000000000000000),
 ( 1.000000000000000000, 0.9238795434070459223, 1.000000000000000000),
 ( 1.000000000000000000, 0.9238794923255603253, 1.000000000000000000),
 ( 1.000000000000000000, 0.9238795754017598005, 1.000000000000000000),
 ( 1.000000000000000000, 0.9238795023545147700, 1.000000000000000000),
 ( 1.000000000000000000, 0.9238795626018178053, 1.000000000000000000),
 ( 1.000000000000000000, 0.9238795763329039623, 1.000000000000000000),
 ( 1.000000000000000000, 0.9238795542081108536, 1.000000000000000000),
 ( 1.000000000000000000, 0.9238795325009976356, 1.000000000000000000),
 ( 1.000000000000000000, 0.9238795325009976356, 1.000000000000000000),
 ( 1.000000000000000000, 0.9238794936019278925, 1.000000000000000000),
 ( 1.000000000000000000, 0.9238795668315018528, 1.000000000000000000),
 ( 1.000000000000000000, 0.9238795404237373221, 1.000000000000000000),
 ( 1.000000000000000000, 0.9238795285578046412, 1.000000000000000000),
 ( 1.000000000000000000, 0.9238795327048878736, 1.000000000000000000),
 ( 1.000000000000000000, 0.9238795980859392243, 1.000000000000000000),
 ( 1.000000000000000000, 0.9238791807050411586, 1.000000000000000000),
 ( 1.000000000000000000, 0.9238796810938583182, 1.000000000000000000),
 ( 1.000000000000000000, 0.9238795376124483427, 1.000000000000000000),
 ( 1.000000000000000000, 0.9238795299512276848, 1.000000000000000000),
 ( 1.000000000000000000, 0.9238795104346039233, 1.000000000000000000),
 ( 1.000000000000000000, 0.9238795628785388958, 1.000000000000000000),
 ( 1.000000000000000000, 0.9238794867449890980, 1.000000000000000000),
 ( 1.000000000000000000, 0.9238796460356064610, 1.000000000000000000),
 ( 1.000000000000000000, 0.9238793345158250458, 1.000000000000000000),
 ( 1.000000000000000000, 0.9238795860642848856, 1.000000000000000000),
 ( 1.000000000000000000, 0.9238795307071511198, 1.000000000000000000),
 ( 1.000000000000000000, 0.9238795362157842250, 1.000000000000000000),
 ( 1.000000000000000000, 0.9238795741329789424, 1.000000000000000000),
 ( 1.000000000000000000, 0.9238794842531563578, 1.000000000000000000),
 ( 1.000000000000000000, 0.9238794521391757719, 1.000000000000000000),
 ( 1.000000000000000000, 0.9238796333187025978, 1.000000000000000000),
 ( 1.000000000000000000, 0.9238795350825910191, 1.000000000000000000),
 ( 1.000000000000000000, 0.9238795314849564955, 1.000000000000000000),
 ( 1.000000000000000000, 0.9238795323108572877, 1.000000000000000000),
 ( 1.000000000000000000, 0.9238795327687512327, 1.000000000000000000),
 ( 1.000000000000000000, 0.9238794612313855348, 1.000000000000000000),
 ( 1.000000000000000000, 0.9238798285396339072, 1.000000000000000000),
 ( 1.000000000000000000, 0.9238795389782442635, 1.000000000000000000),
 ( 1.000000000000000000, 0.9238794913329583247, 1.000000000000000000),
 ( 1.000000000000000000, 0.9238799196908583644, 1.000000000000000000),
 ( 1.000000000000000000, 0.9238794539644225035, 1.000000000000000000),
 ( 1.000000000000000000, 0.9238794261099620986, 1.000000000000000000),
 ( 1.000000000000000000, 0.9238794234884946110, 1.000000000000000000),
 ( 1.000000000000000000, 0.9238794356374955274, 1.000000000000000000),
 ( 1.000000000000000000, 0.9238796111621325746, 1.000000000000000000),
 ( 1.000000000000000000, 0.9238795325112328927, 1.000000000000000000),
 ( 1.000000000000000000, 0.9238795325112328927, 1.000000000000000000),
 ( 1.000000000000000000, 0.9238795293733537140, 1.000000000000000000),
 ( 1.000000000000000000, 0.9238795422960582870, 1.000000000000000000),
 ( 1.000000000000000000, 0.9238795325112852952, 1.000000000000000000),
 ( 1.000000000000000000, 0.9238795325112852952, 1.000000000000000000),
 ( 1.000000000000000000, 0.9238795325112877377, 1.000000000000000000),
 ( 1.000000000000000000, 0.9238795325112877377, 1.000000000000000000) ) ) 
 REPRESENTATION_ITEM ( '' )  SURFACE ( )  );
#5489 = CARTESIAN_POINT ( 'NONE',  ( -10.23209646142618112, 0.000000000000000000, 64.91362503913313731 ) ) ;
#5490 = CARTESIAN_POINT ( 'NONE',  ( 3.901546518684079867, -0.8000000000000002665, 66.00052858871109152 ) ) ;
#5491 = VERTEX_POINT ( 'NONE', #4449 ) ;
#5492 = CARTESIAN_POINT ( 'NONE',  ( -4.026020296970982848, 5.415696428038138305E-15, 66.79961552679542081 ) ) ;
#5493 = CARTESIAN_POINT ( 'NONE',  ( 6.801240816974555514, 5.471100205893577516E-15, 65.74457127382008537 ) ) ;
#5494 = CARTESIAN_POINT ( 'NONE',  ( 1.282218372131443296, -3.600000000000000089, -66.66186871335857234 ) ) ;
#5495 = CARTESIAN_POINT ( 'NONE',  ( -17.62710595380837475, -3.000000000000011990, -53.85505577285759671 ) ) ;
#5496 = CARTESIAN_POINT ( 'NONE',  ( -5.847454279695104340, 5.353345833787221088E-15, 66.33218787137390393 ) ) ;
#5497 = CARTESIAN_POINT ( 'NONE',  ( -7.068384227355656968, -3.599999999999999645, -65.93849210540368233 ) ) ;
#5498 = EDGE_CURVE ( 'NONE', #3550, #5860, #2419, .T. ) ;
#5499 = CARTESIAN_POINT ( 'NONE',  ( 11.15490869992284395, 5.742068954327374625E-15, 60.20610575932176545 ) ) ;
#5500 = CARTESIAN_POINT ( 'NONE',  ( 12.57024729437068444, -0.8000000000000000444, 54.85551352870903941 ) ) ;
#5501 = ORIENTED_EDGE ( 'NONE', *, *, #7067, .T. ) ;
#5502 = CARTESIAN_POINT ( 'NONE',  ( -2.154863285446595889, -3.000000000000010214, 66.87631993162305832 ) ) ;
#5503 = CARTESIAN_POINT ( 'NONE',  ( 7.345777609194424684, -0.7999999999999551914, 62.63795974580403936 ) ) ;
#5504 = CARTESIAN_POINT ( 'NONE',  ( -12.55160336534533805, -3.600000000000000089, -62.64748134207709285 ) ) ;
#5505 = CARTESIAN_POINT ( 'NONE',  ( -4.260302048008816733, -3.600000000000000977, 66.27543407052169755 ) ) ;
#5506 = ORIENTED_EDGE ( 'NONE', *, *, #6253, .F. ) ;
#5507 = FACE_OUTER_BOUND ( 'NONE', #3989, .T. ) ;
#5508 = CARTESIAN_POINT ( 'NONE',  ( 10.12931382675454550, -2.000000000000000000, -65.27932831418377191 ) ) ;
#5509 = CARTESIAN_POINT ( 'NONE',  ( -17.25573419019989174, -3.600000000000000089, 11.10922713956579599 ) ) ;
#5510 = EDGE_CURVE ( 'NONE', #3356, #4620, #4482, .T. ) ;
#5511 = CARTESIAN_POINT ( 'NONE',  ( -14.92336815451916010, -0.8000000000000000444, 33.51188136518623395 ) ) ;
#5512 = ORIENTED_EDGE ( 'NONE', *, *, #2291, .F. ) ;
#5513 = CARTESIAN_POINT ( 'NONE',  ( 4.239063435356812626, -3.000000000000010214, 66.87570917726762332 ) ) ;
#5514 = CARTESIAN_POINT ( 'NONE',  ( -7.308010497688373519, -0.8000000000000002665, 64.26688385583571517 ) ) ;
#5515 = EDGE_CURVE ( 'NONE', #4481, #5353, #4513, .T. ) ;
#5516 = CARTESIAN_POINT ( 'NONE',  ( 16.78529746016655011, -3.000000000000011546, 45.34060869909785652 ) ) ;
#5517 = CARTESIAN_POINT ( 'NONE',  ( 3.988096089818176537, -0.03847763252033307296, 66.76155713737968256 ) ) ;
#5518 = DIRECTION ( 'NONE',  ( -0.000000000000000000, 1.000000000000000000, -0.000000000000000000 ) ) ;
#5519 = CARTESIAN_POINT ( 'NONE',  ( 17.89496836744038433, -3.000000000000010658, 29.08221816095224455 ) ) ;
#5520 = DIRECTION ( 'NONE',  ( -0.000000000000000000, -1.000000000000000000, -0.000000000000000000 ) ) ;
#5521 = EDGE_CURVE ( 'NONE', #407, #4599, #966, .T. ) ;
#5522 = CARTESIAN_POINT ( 'NONE',  ( 8.440601720656163209, 5.555325357465020265E-15, 64.23423687446924646 ) ) ;
#5523 = CARTESIAN_POINT ( 'NONE',  ( 5.648724791367651932, -3.600000000000000089, -66.30727837248429068 ) ) ;
#5524 = CARTESIAN_POINT ( 'NONE',  ( 1.999999999999998224, -2.000000000000000000, -52.00000000000000711 ) ) ;
#5525 = CARTESIAN_POINT ( 'NONE',  ( -5.185358157710556526, 5.421438703101625392E-15, 66.60424335538630203 ) ) ;
#5526 = CARTESIAN_POINT ( 'NONE',  ( -6.007347975988162503, -3.600000000000000089, -66.22771639065004479 ) ) ;
#5527 = FACE_OUTER_BOUND ( 'NONE', #2150, .T. ) ;
#5528 = CARTESIAN_POINT ( 'NONE',  ( 12.58858967159052966, 6.009985132085449011E-15, 57.09224390253383774 ) ) ;
#5529 = CARTESIAN_POINT ( 'NONE',  ( 10.93011829771040233, -0.8000000000000002665, 58.86574061141513425 ) ) ;
#5530 = EDGE_LOOP ( 'NONE', ( #6286, #2994, #958, #4348 ) ) ;
#5531 = CARTESIAN_POINT ( 'NONE',  ( -3.963299725125202233, -3.000000000000010658, 66.87633101836667038 ) ) ;
#5532 = DIRECTION ( 'NONE',  ( 4.190440943964895054E-07, 0.000000000000000000, -0.9999999999999121814 ) ) ;
#5533 = CARTESIAN_POINT ( 'NONE',  ( -17.25175856356882775, -3.600000000000000533, -50.89326389197406542 ) ) ;
#5534 = CARTESIAN_POINT ( 'NONE',  ( 8.238747064527892405, 5.479198163262628427E-15, 64.45602355498454017 ) ) ;
#5535 = CARTESIAN_POINT ( 'NONE',  ( 17.24289225002677739, -3.600000000000000089, -51.34701711322664863 ) ) ;
#5536 = ORIENTED_EDGE ( 'NONE', *, *, #91, .F. ) ;
#5537 = CARTESIAN_POINT ( 'NONE',  ( 15.04673351549761406, -3.599999999999998312, -59.35135279440341805 ) ) ;
#5538 = CARTESIAN_POINT ( 'NONE',  ( -5.015359605249032349, 0.000000000000000000, -68.32383553124179798 ) ) ;
#5539 = CARTESIAN_POINT ( 'NONE',  ( 18.60000000000524167, -2.000000000000000000, -52.00000000000001421 ) ) ;
#5540 = CARTESIAN_POINT ( 'NONE',  ( 17.85576521892971158, -2.000000000000000000, -43.79026923235565505 ) ) ;
#5541 = CARTESIAN_POINT ( 'NONE',  ( -17.29155133325708604, -3.600000000000000533, 32.36990879679979116 ) ) ;
#5542 = AXIS2_PLACEMENT_3D ( 'NONE', #1039, #7346, #6781 ) ;
#5543 = EDGE_LOOP ( 'NONE', ( #2690, #7139, #5997, #3595 ) ) ;
#5544 = CARTESIAN_POINT ( 'NONE',  ( -17.25719351028683946, -3.600000000000000533, -50.58754571717825144 ) ) ;
#5545 = EDGE_CURVE ( 'NONE', #652, #4404, #6572, .T. ) ;
#5546 = CARTESIAN_POINT ( 'NONE',  ( -8.217238749601866843, -0.8000000000000003775, 63.26910076464192656 ) ) ;
#5547 = CARTESIAN_POINT ( 'NONE',  ( 10.52157062449520986, -3.600000000000000533, -64.32003724520350829 ) ) ;
#5548 = CARTESIAN_POINT ( 'NONE',  ( 17.26636244218298089, -3.600000000000000089, 13.27733230112931473 ) ) ;
#5549 = CARTESIAN_POINT ( 'NONE',  ( -7.533123011820720194, -3.600000000000000089, 65.83467889267632245 ) ) ;
#5550 = CARTESIAN_POINT ( 'NONE',  ( 4.009137980056459938, -0.7999999999999998224, 65.99979751782882431 ) ) ;
#5551 = CARTESIAN_POINT ( 'NONE',  ( 17.26836745232351689, -3.600000000000000089, -45.16734347035818331 ) ) ;
#5552 = CARTESIAN_POINT ( 'NONE',  ( -4.001912234791024758, 5.401320595256920032E-15, 66.79996714971156280 ) ) ;
#5553 = CARTESIAN_POINT ( 'NONE',  ( 7.951875756384525040, 5.640398196437947724E-15, 64.75537413286873800 ) ) ;
#5554 = CARTESIAN_POINT ( 'NONE',  ( 5.471008378750116918, -3.600000000000000533, -66.34405796797983612 ) ) ;
#5555 = CARTESIAN_POINT ( 'NONE',  ( -7.533123011820720194, -2.000000000000000000, 65.83467889267632245 ) ) ;
#5556 = AXIS2_PLACEMENT_3D ( 'NONE', #6434, #4105, #5787 ) ;
#5557 = CARTESIAN_POINT ( 'NONE',  ( -8.064755745422086619, 5.787705556280005251E-15, 64.63969251144470718 ) ) ;
#5558 = CARTESIAN_POINT ( 'NONE',  ( -8.792906917025616664, -3.600000000000000533, -65.27148507655401488 ) ) ;
#5559 = PLANE ( 'NONE',  #2667 ) ;
#5560 = CARTESIAN_POINT ( 'NONE',  ( 16.55512595231387607, -0.03847796993316646152, 38.16989692436948900 ) ) ;
#5561 = CARTESIAN_POINT ( 'NONE',  ( 17.85384843610646399, -3.000000000000010214, -50.77990179836576345 ) ) ;
#5562 = CARTESIAN_POINT ( 'NONE',  ( 13.60449865682426385, -0.8000000000000001554, 51.48399059977241166 ) ) ;
#5563 = ADVANCED_FACE ( 'NONE', ( #3363 ), #5876, .F. ) ;
#5564 = ORIENTED_EDGE ( 'NONE', *, *, #7165, .F. ) ;
#5565 = CIRCLE ( 'NONE', #3746, 1.449999999999999956 ) ;
#5566 = CARTESIAN_POINT ( 'NONE',  ( -2.924445693382347056, -3.000000000000010214, 66.87630199486015670 ) ) ;
#5567 = DIRECTION ( 'NONE',  ( 0.000000000000000000, -1.000000000000000000, 0.000000000000000000 ) ) ;
#5568 = DIRECTION ( 'NONE',  ( 0.000000000000000000, 0.000000000000000000, -1.000000000000000000 ) ) ;
#5569 = DIRECTION ( 'NONE',  ( 0.8191520442889974607, 0.000000000000000000, -0.5735764363510380548 ) ) ;
#5570 = AXIS2_PLACEMENT_3D ( 'NONE', #355, #6199, #2715 ) ;
#5571 = CARTESIAN_POINT ( 'NONE',  ( 14.47574836618618122, 1.800000000000000044, 64.92311779393097027 ) ) ;
#5572 = CARTESIAN_POINT ( 'NONE',  ( 7.872839781702795747, 5.635304397411298389E-15, 64.83411447304878550 ) ) ;
#5573 = CARTESIAN_POINT ( 'NONE',  ( 17.05838959295250135, -3.600000000000000089, -53.60320232337253543 ) ) ;
#5574 = VERTEX_POINT ( 'NONE', #5611 ) ;
#5575 = AXIS2_PLACEMENT_3D ( 'NONE', #1086, #5154, #1195 ) ;
#5576 = CARTESIAN_POINT ( 'NONE',  ( 13.50390795471745164, -3.599999999999997868, -61.58554012989266369 ) ) ;
#5577 = CARTESIAN_POINT ( 'NONE',  ( 3.083650668992709676, -2.000000000000000000, -67.31332803073961202 ) ) ;
#5578 = CARTESIAN_POINT ( 'NONE',  ( -13.67959696652868651, -3.000000000000010658, -62.42548451307303026 ) ) ;
#5579 = CARTESIAN_POINT ( 'NONE',  ( -17.86647279549461587, -3.000000000000010658, 13.50574936707897145 ) ) ;
#5580 = ADVANCED_FACE ( 'NONE', ( #7348 ), #380, .F. ) ;
#5581 = ORIENTED_EDGE ( 'NONE', *, *, #3367, .T. ) ;
#5582 = CARTESIAN_POINT ( 'NONE',  ( -17.25738652799333295, -3.600000000000000533, -50.57682037460178037 ) ) ;
#5583 = CARTESIAN_POINT ( 'NONE',  ( 0.6159473431673528898, -3.599999999999998312, 66.27631657720411340 ) ) ;
#5584 = CARTESIAN_POINT ( 'NONE',  ( -6.355221900043858341, -0.8000000000000001554, 65.08360383939009353 ) ) ;
#5585 = CARTESIAN_POINT ( 'NONE',  ( 4.263904718220090651, -3.000000000000009770, -67.13837856880478228 ) ) ;
#5586 = CARTESIAN_POINT ( 'NONE',  ( 17.89900218806565491, -3.000000000000009326, 29.42679258872809456 ) ) ;
#5587 = CONICAL_SURFACE ( 'NONE', #971, 2.149999999999995470, 0.7853981633974548293 ) ;
#5588 = DIRECTION ( 'NONE',  ( 0.9999999999999996669, 0.000000000000000000, 2.490616653888564805E-08 ) ) ;
#5589 = CARTESIAN_POINT ( 'NONE',  ( 2.000000000000000444, 0.000000000000000000, -69.40000000000003411 ) ) ;
#5590 = CARTESIAN_POINT ( 'NONE',  ( 3.692880203158788621, -0.7999999999999999334, 66.00175064306247918 ) ) ;
#5591 = ORIENTED_EDGE ( 'NONE', *, *, #1454, .T. ) ;
#5592 = CARTESIAN_POINT ( 'NONE',  ( 17.26037532535109875, -3.600000000000000089, -44.56284099057040748 ) ) ;
#5593 = CARTESIAN_POINT ( 'NONE',  ( 14.25575799097778784, -3.100000000000030731, 27.00011359384848220 ) ) ;
#5594 = CARTESIAN_POINT ( 'NONE',  ( 10.97831516081660119, 5.812362357442628133E-15, 60.53646343414418851 ) ) ;
#5595 = CARTESIAN_POINT ( 'NONE',  ( 9.905465738660327091, -3.600000000000000977, -64.69614948064067050 ) ) ;
#5596 = CARTESIAN_POINT ( 'NONE',  ( -16.23271314306426660, -3.000000000000011546, -58.36639301830834370 ) ) ;
#5597 = CARTESIAN_POINT ( 'NONE',  ( -6.637977742276707005, 5.605531733658967895E-15, 65.86340123181489048 ) ) ;
#5598 = CARTESIAN_POINT ( 'NONE',  ( -10.32344473905865634, -3.600000000000000977, -64.44424922877939821 ) ) ;
#5599 = CYLINDRICAL_SURFACE ( 'NONE', #7403, 2.600000000000000089 ) ;
#5600 = CARTESIAN_POINT ( 'NONE',  ( -2.000000000000005329, -0.5999999999999894307, -70.00000000000000000 ) ) ;
#5601 = CARTESIAN_POINT ( 'NONE',  ( 17.87192314200860821, -3.000000000000011990, -49.74941299935877481 ) ) ;
#5602 = CARTESIAN_POINT ( 'NONE',  ( 10.30056546913730031, -0.8000000000000003775, 60.10819669688371647 ) ) ;
#5603 = VERTEX_POINT ( 'NONE', #2134 ) ;
#5604 = CARTESIAN_POINT ( 'NONE',  ( -9.749951543763666351, 5.673593266404717676E-15, 62.54899628474056072 ) ) ;
#5605 = CARTESIAN_POINT ( 'NONE',  ( 5.012984221117342543, -0.8000000000000000444, -49.63897252795809578 ) ) ;
#5606 = EDGE_CURVE ( 'NONE', #4610, #6415, #463, .T. ) ;
#5607 = CARTESIAN_POINT ( 'NONE',  ( 1.662983369601375161, -1.779949199897996825, 4.141853958248326666E-08 ) ) ;
#5608 = LINE ( 'NONE', #378, #2007 ) ;
#5609 = ADVANCED_FACE ( 'NONE', ( #3977 ), #4735, .F. ) ;
#5610 = CARTESIAN_POINT ( 'NONE',  ( -13.38585120765124259, -3.000000000000011546, 57.36550711908880373 ) ) ;
#5611 = CARTESIAN_POINT ( 'NONE',  ( 14.25575799097778784, -3.600000000000000089, 24.35011359384851204 ) ) ;
#5612 = CARTESIAN_POINT ( 'NONE',  ( 8.831399632944405553, 5.931536022527733654E-15, 63.77877891292756374 ) ) ;
#5613 = ORIENTED_EDGE ( 'NONE', *, *, #2124, .F. ) ;
#5614 = DIRECTION ( 'NONE',  ( 5.613991831640153203E-17, 0.000000000000000000, 1.000000000000000000 ) ) ;
#5615 = EDGE_CURVE ( 'NONE', #5916, #5332, #6794, .T. ) ;
#5616 = CARTESIAN_POINT ( 'NONE',  ( 1.024894254296964569, -2.000000000000000000, -67.25443076656914343 ) ) ;
#5617 = CARTESIAN_POINT ( 'NONE',  ( -6.491041522454005452, -1.779949199898000378, -56.24298605861921629 ) ) ;
#5618 = CARTESIAN_POINT ( 'NONE',  ( -8.047110393485191082, -0.7999999999999799494, 61.74289526693117836 ) ) ;
#5619 = EDGE_LOOP ( 'NONE', ( #600, #2272, #1092, #2922 ) ) ;
#5620 = CARTESIAN_POINT ( 'NONE',  ( 3.541669643183708693, -3.000000000000011990, 66.87630723148794232 ) ) ;
#5621 = CARTESIAN_POINT ( 'NONE',  ( -6.787687602558447608, -0.7999999999999999334, 64.74124237656931768 ) ) ;
#5622 = CARTESIAN_POINT ( 'NONE',  ( 11.23970971687991316, -3.600000000000000089, -63.83762335105083707 ) ) ;
#5623 = CARTESIAN_POINT ( 'NONE',  ( 14.05032084024888306, -3.000000000000011102, 55.70609264972448926 ) ) ;
#5624 = CARTESIAN_POINT ( 'NONE',  ( 17.27144200603632740, -3.599999999999999201, 14.24738861484333086 ) ) ;
#5625 = CARTESIAN_POINT ( 'NONE',  ( -6.424852942429759572, -0.8000000000000060396, 63.62475496422578658 ) ) ;
#5626 = CARTESIAN_POINT ( 'NONE',  ( -16.73983852722064469, 5.596287431721853537E-15, 35.34783616089946179 ) ) ;
#5627 = EDGE_LOOP ( 'NONE', ( #5009, #6042, #3027, #2351 ) ) ;
#5628 = CARTESIAN_POINT ( 'NONE',  ( -4.069139981609941614, -0.03847628631348864320, 66.76014500413396036 ) ) ;
#5629 = CARTESIAN_POINT ( 'NONE',  ( 17.29146537089003743, -3.600000000000001421, -47.96239146353330796 ) ) ;
#5630 = FACE_OUTER_BOUND ( 'NONE', #6925, .T. ) ;
#5631 = CARTESIAN_POINT ( 'NONE',  ( 10.10364388136683722, 5.529594157987658456E-15, 62.01373086136807444 ) ) ;
#5632 = CARTESIAN_POINT ( 'NONE',  ( 10.81195041709253069, -3.600000000000000533, -64.13636861926947574 ) ) ;
#5633 = CARTESIAN_POINT ( 'NONE',  ( 16.76152236413151186, -0.03847762630100624859, 32.00001221043132915 ) ) ;
#5634 = CARTESIAN_POINT ( 'NONE',  ( -8.292888431062330312, 5.469803253729458320E-15, 64.39883104168595196 ) ) ;
#5635 = CARTESIAN_POINT ( 'NONE',  ( -10.62591595248483856, -3.600000000000001421, -64.25414076645010653 ) ) ;
#5636 = CARTESIAN_POINT ( 'NONE',  ( 11.38746462600791887, -0.7999999999999933831, 54.99112822091574060 ) ) ;
#5637 = DIRECTION ( 'NONE',  ( 0.000000000000000000, 0.000000000000000000, 1.000000000000000000 ) ) ;
#5638 = CARTESIAN_POINT ( 'NONE',  ( 14.03187551087560969, 5.600891995814512904E-15, 52.90849865043070110 ) ) ;
#5639 = CARTESIAN_POINT ( 'NONE',  ( 12.70348947586525945, -0.8000000000000002665, 54.46314729706527658 ) ) ;
#5640 = ORIENTED_EDGE ( 'NONE', *, *, #6768, .F. ) ;
#5641 = CARTESIAN_POINT ( 'NONE',  ( -10.66506344736870204, 5.952275874507374224E-15, 61.08834240735714616 ) ) ;
#5642 = CARTESIAN_POINT ( 'NONE',  ( 3.988207691151723910, 0.000000000000000000, 66.80003477684454083 ) ) ;
#5643 = LINE ( 'NONE', #5761, #111 ) ;
#5644 = DIRECTION ( 'NONE',  ( 1.000000000000000000, 0.000000000000000000, -2.245596732656061774E-16 ) ) ;
#5645 = CARTESIAN_POINT ( 'NONE',  ( 2.000000000000000444, 5.637851296924623057E-15, -66.80000000000001137 ) ) ;
#5646 = FACE_OUTER_BOUND ( 'NONE', #3484, .T. ) ;
#5647 = CARTESIAN_POINT ( 'NONE',  ( -12.95775271287336139, -3.000000000000010214, 58.33266431717891720 ) ) ;
#5648 = CARTESIAN_POINT ( 'NONE',  ( 3.984333107083190217, -0.5053975221888813429, 66.12604843021522072 ) ) ;
#5649 = CARTESIAN_POINT ( 'NONE',  ( -3.810036809055219464, -3.600000000000000089, -15.87497125981866475 ) ) ;
#5650 = CARTESIAN_POINT ( 'NONE',  ( 7.308569501106433997, 5.857722430119640629E-15, 65.34863499103946083 ) ) ;
#5651 = CARTESIAN_POINT ( 'NONE',  ( 17.26487901267665848, -3.599999999999999645, -50.15506111863016514 ) ) ;
#5652 = ORIENTED_EDGE ( 'NONE', *, *, #3156, .T. ) ;
#5653 = CARTESIAN_POINT ( 'NONE',  ( 13.50479950285945030, -3.000000000000011102, -62.50692489813451402 ) ) ;
#5654 = CARTESIAN_POINT ( 'NONE',  ( 8.467823591916511461, 0.000000000000000000, 66.82012126443059685 ) ) ;
#5655 = DIRECTION ( 'NONE',  ( 0.000000000000000000, 0.000000000000000000, -1.000000000000000000 ) ) ;
#5656 = CARTESIAN_POINT ( 'NONE',  ( -12.03912977495820691, -3.000000000000010658, 60.33183078387104104 ) ) ;
#5657 = EDGE_CURVE ( 'NONE', #735, #1430, #414, .T. ) ;
#5658 = CARTESIAN_POINT ( 'NONE',  ( 14.25575799097778074, -3.600000000000000089, -28.35427299466723738 ) ) ;
#5659 = VERTEX_POINT ( 'NONE', #3862 ) ;
#5660 = CARTESIAN_POINT ( 'NONE',  ( -5.374260668258686202, -0.7999999999999998224, 65.67170494441647577 ) ) ;
#5661 = CARTESIAN_POINT ( 'NONE',  ( 7.537612324706580935, -3.599999999999998312, -65.78046238386592393 ) ) ;
#5662 = DIRECTION ( 'NONE',  ( 0.000000000000000000, 0.000000000000000000, 1.000000000000000000 ) ) ;
#5663 = DIRECTION ( 'NONE',  ( 0.000000000000000000, 0.000000000000000000, -1.000000000000000000 ) ) ;
#5664 = ORIENTED_EDGE ( 'NONE', *, *, #5700, .T. ) ;
#5665 = CARTESIAN_POINT ( 'NONE',  ( 17.26885809647125214, -3.599999999999999645, -45.19996349239593059 ) ) ;
#5666 = CARTESIAN_POINT ( 'NONE',  ( -6.491041522454001900, -1.779949199898000378, -25.34298605861921772 ) ) ;
#5667 = CARTESIAN_POINT ( 'NONE',  ( 9.070879006287691837, 5.637268052139622453E-15, 63.47998772631407860 ) ) ;
#5668 = CARTESIAN_POINT ( 'NONE',  ( 8.914819853185814935, -3.600000000000000089, -65.21693927033892635 ) ) ;
#5669 = CARTESIAN_POINT ( 'NONE',  ( 11.26298336960110547, 42.96802058166520766, 2.805177350874876137E-07 ) ) ;
#5670 = CARTESIAN_POINT ( 'NONE',  ( -6.241522576723251170, 5.571519673328460066E-15, 66.11666272047536097 ) ) ;
#5671 = FACE_OUTER_BOUND ( 'NONE', #6145, .T. ) ;
#5672 = CARTESIAN_POINT ( 'NONE',  ( 14.25575799097778784, -1.499999999999999556, 27.00011359384848220 ) ) ;
#5673 = CARTESIAN_POINT ( 'NONE',  ( 15.34591800865636735, -0.03847828165339339107, 47.34249473849654777 ) ) ;
#5674 = CARTESIAN_POINT ( 'NONE',  ( 7.704867079789448070, -0.8000000000000003775, 63.85492958187821699 ) ) ;
#5675 = EDGE_LOOP ( 'NONE', ( #7439, #2912 ) ) ;
#5676 = CARTESIAN_POINT ( 'NONE',  ( -8.292888431062330312, 5.469803253729458320E-15, 64.39883104168595196 ) ) ;
#5677 = DIRECTION ( 'NONE',  ( 0.000000000000000000, 0.000000000000000000, -1.000000000000000000 ) ) ;
#5678 = FACE_OUTER_BOUND ( 'NONE', #3979, .T. ) ;
#5679 = CARTESIAN_POINT ( 'NONE',  ( -17.22034901399542051, -3.599999999999998757, -52.00758703967440510 ) ) ;
#5680 = CARTESIAN_POINT ( 'NONE',  ( 18.60000000000524167, -2.000000000000000000, 32.00001223506188808 ) ) ;
#5681 = VECTOR ( 'NONE', #1361, 1000.000000000000000 ) ;
#5682 = DIRECTION ( 'NONE',  ( 0.9999999999933388839, 0.000000000000000000, 3.649975734068399665E-06 ) ) ;
#5683 = CARTESIAN_POINT ( 'NONE',  ( 8.934609398301333272, 5.671328396440992585E-15, 63.65154981730845662 ) ) ;
#5684 = CARTESIAN_POINT ( 'NONE',  ( 17.26789014335858852, -3.599999999999999645, -49.98077317860475688 ) ) ;
#5685 = VECTOR ( 'NONE', #6312, 1000.000000000000000 ) ;
#5686 = DIRECTION ( 'NONE',  ( 0.000000000000000000, 0.000000000000000000, -1.000000000000000000 ) ) ;
#5687 = CARTESIAN_POINT ( 'NONE',  ( 15.08161403165496139, -3.000000000000009770, -60.44860997908516964 ) ) ;
#5688 = CARTESIAN_POINT ( 'NONE',  ( 18.60000000000524167, 0.000000000000000000, 32.00001223506188808 ) ) ;
#5689 = DIRECTION ( 'NONE',  ( 0.000000000000000000, 1.000000000000000000, 0.000000000000000000 ) ) ;
#5690 = LINE ( 'NONE', #3481, #5685 ) ;
#5691 = CARTESIAN_POINT ( 'NONE',  ( -17.29946459602882314, -3.600000000000000533, 29.78963645462349064 ) ) ;
#5692 = CONICAL_SURFACE ( 'NONE', #2402, 2.440470318322684129, 0.05235987755983000091 ) ;
#5693 = CARTESIAN_POINT ( 'NONE',  ( 17.86647471754472249, -2.000000000000000000, 13.50617854924291628 ) ) ;
#5694 = VERTEX_POINT ( 'NONE', #2172 ) ;
#5695 = ADVANCED_FACE ( 'NONE', ( #3941 ), #1042, .T. ) ;
#5696 = CARTESIAN_POINT ( 'NONE',  ( 3.310702584839970264, -3.000000000000010214, 66.87630201000406771 ) ) ;
#5697 = CARTESIAN_POINT ( 'NONE',  ( -12.07324300584921595, -0.7999999999999997113, 56.21208061215351393 ) ) ;
#5698 = CARTESIAN_POINT ( 'NONE',  ( 10.91181742699757606, -3.599999999999999645, -64.07191606320407118 ) ) ;
#5699 = DIRECTION ( 'NONE',  ( 0.000000000000000000, 0.000000000000000000, -1.000000000000000000 ) ) ;
#5700 = EDGE_CURVE ( 'NONE', #4648, #5694, #1451, .T. ) ;
#5701 = CARTESIAN_POINT ( 'NONE',  ( -11.48313098123660403, -3.600000000000000089, 59.94019192587943223 ) ) ;
#5702 = CARTESIAN_POINT ( 'NONE',  ( 17.28259079899796191, -3.600000000000001421, 16.42247767170016459 ) ) ;
#5703 = ORIENTED_EDGE ( 'NONE', *, *, #424, .F. ) ;
#5704 = ORIENTED_EDGE ( 'NONE', *, *, #4586, .F. ) ;
#5705 = CARTESIAN_POINT ( 'NONE',  ( -3.999241130223165186, 5.527693821454744507E-15, 66.79999749071438941 ) ) ;
#5706 = DIRECTION ( 'NONE',  ( 0.9999999999999996669, 0.000000000000000000, 2.490616653888564805E-08 ) ) ;
#5707 = DIRECTION ( 'NONE',  ( 4.872117675638751772E-10, 0.000000000000000000, -1.000000000000000000 ) ) ;
#5708 = AXIS2_PLACEMENT_3D ( 'NONE', #4379, #6662, #909 ) ;
#5709 = CARTESIAN_POINT ( 'NONE',  ( -14.74281810772073165, 5.897747603386109386E-15, 50.26694991649949174 ) ) ;
#5710 = DIRECTION ( 'NONE',  ( -0.9833635862193835786, 0.000000000000000000, 0.1816481689909171526 ) ) ;
#5711 = DIRECTION ( 'NONE',  ( -1.130782554152743295E-30, -1.000000000000000000, 1.577721782278565750E-30 ) ) ;
#5712 = CARTESIAN_POINT ( 'NONE',  ( 9.983661974278573936, -0.7999999999954123808, 60.68033263156350188 ) ) ;
#5713 = CARTESIAN_POINT ( 'NONE',  ( -8.091219657121236253, -3.600000000000001421, 64.58975087536964566 ) ) ;
#5714 = CARTESIAN_POINT ( 'NONE',  ( 15.98830442685838449, -3.600000000000000533, 46.32163015865672406 ) ) ;
#5715 = DIRECTION ( 'NONE',  ( 0.000000000000000000, 1.000000000000000000, 0.000000000000000000 ) ) ;
#5716 = CARTESIAN_POINT ( 'NONE',  ( 8.965405111640270874, -0.8000000000000000444, 62.27506075114217765 ) ) ;
#5717 = AXIS2_PLACEMENT_3D ( 'NONE', #4893, #4964, #3190 ) ;
#5718 = ORIENTED_EDGE ( 'NONE', *, *, #5700, .F. ) ;
#5719 = CARTESIAN_POINT ( 'NONE',  ( -8.179514698282888574, 5.871444670491132728E-15, 64.51990500688359020 ) ) ;
#5720 = ORIENTED_EDGE ( 'NONE', *, *, #3555, .F. ) ;
#5721 = DIRECTION ( 'NONE',  ( 1.122798366328030641E-16, 0.000000000000000000, 1.000000000000000000 ) ) ;
#5722 = CARTESIAN_POINT ( 'NONE',  ( -17.89666249622122507, -3.000000000000010658, 18.29875972306133036 ) ) ;
#5723 = CARTESIAN_POINT ( 'NONE',  ( 14.06481068338525375, -0.8000000000000024869, 44.02327127596291945 ) ) ;
#5724 = CARTESIAN_POINT ( 'NONE',  ( -5.041041522454002610, -0.8000000000000000444, -26.79298605861921700 ) ) ;
#5725 = B_SPLINE_CURVE_WITH_KNOTS ( 'NONE', 3,
 ( #4294, #2491, #4215, #1884, #6619, #664, #128, #1391 ),
 .UNSPECIFIED., .F., .F.,
 ( 4, 2, 2, 4 ),
 ( -8.387416765905497792E-05, 0.0004245194817016939874, 0.0009329131310624429662, 0.001949700429783941032 ),
 .UNSPECIFIED. ) ;
#5726 = CARTESIAN_POINT ( 'NONE',  ( 14.25575799097778074, -1.499999999999999556, -31.00427299466725017 ) ) ;
#5727 = EDGE_CURVE ( 'NONE', #4460, #9, #5232, .T. ) ;
#5728 = CARTESIAN_POINT ( 'NONE',  ( 3.977214063047713299, -0.8000000000000002665, 64.92309559406801611 ) ) ;
#5729 = CARTESIAN_POINT ( 'NONE',  ( 4.998115811088863936, 5.560055268023839466E-15, 66.66098493208835407 ) ) ;
#5730 = CARTESIAN_POINT ( 'NONE',  ( 17.27870362726067199, -3.600000000000000089, -49.29454859710742198 ) ) ;
#5731 = DIRECTION ( 'NONE',  ( 0.000000000000000000, 0.000000000000000000, -1.000000000000000000 ) ) ;
#5732 = CARTESIAN_POINT ( 'NONE',  ( 17.28234108383552581, -3.599999999999999645, -46.07853985752284842 ) ) ;
#5733 = FACE_BOUND ( 'NONE', #6942, .T. ) ;
#5734 = FACE_BOUND ( 'NONE', #5970, .T. ) ;
#5735 = CARTESIAN_POINT ( 'NONE',  ( -18.59999999999998721, -2.000000000000000000, 32.00001899343997991 ) ) ;
#5736 = CARTESIAN_POINT ( 'NONE',  ( -17.29938095907024831, -3.600000000000000533, 29.72228866626215193 ) ) ;
#5737 = CARTESIAN_POINT ( 'NONE',  ( -3.857601258704194347, -3.600000000000000089, 66.27632109179650399 ) ) ;
#5738 = CARTESIAN_POINT ( 'NONE',  ( 3.820470991071481137, -0.5999999999999894307, -69.90770463712944149 ) ) ;
#5739 = DIRECTION ( 'NONE',  ( -0.000000000000000000, 0.7071067811865490160, 0.7071067811865461294 ) ) ;
#5740 = EDGE_LOOP ( 'NONE', ( #4751, #1173, #527, #6258 ) ) ;
#5741 = CARTESIAN_POINT ( 'NONE',  ( 11.26298336960110547, -3.600000000000000089, 2.805177350874876137E-07 ) ) ;
#5742 = CARTESIAN_POINT ( 'NONE',  ( -9.762574986162217527, -0.7999999999999998224, 61.04652537132950840 ) ) ;
#5743 = CARTESIAN_POINT ( 'NONE',  ( 7.615327336895448163, -3.000000000000011102, -66.38865692425623877 ) ) ;
#5744 = CARTESIAN_POINT ( 'NONE',  ( 9.158859430960838210, -3.000000000000010214, 64.35562765004972618 ) ) ;
#5745 = CARTESIAN_POINT ( 'NONE',  ( -13.27206022054226331, -3.600000000000000533, 56.06146363893556384 ) ) ;
#5746 = ORIENTED_EDGE ( 'NONE', *, *, #7099, .F. ) ;
#5747 = ORIENTED_EDGE ( 'NONE', *, *, #343, .T. ) ;
#5748 = DIRECTION ( 'NONE',  ( 0.000000000000000000, 0.000000000000000000, -1.000000000000000000 ) ) ;
#5749 = CARTESIAN_POINT ( 'NONE',  ( -7.941041522454004742, -3.600300000945172219, -56.24298605861921629 ) ) ;
#5750 = CARTESIAN_POINT ( 'NONE',  ( -11.92463889420289114, 5.260372969808582290E-15, 58.63748198190148031 ) ) ;
#5751 = CARTESIAN_POINT ( 'NONE',  ( -16.58100306290312176, -3.599999999999999645, 42.65261838766785729 ) ) ;
#5752 = CARTESIAN_POINT ( 'NONE',  ( -0.7849186553135147904, -3.599999999999999201, -66.65834483400678323 ) ) ;
#5753 = LINE ( 'NONE', #2937, #2545 ) ;
#5754 = CARTESIAN_POINT ( 'NONE',  ( 6.984217433611472181, -0.03847762975597217999, 65.56080888457611877 ) ) ;
#5755 = CARTESIAN_POINT ( 'NONE',  ( 15.25786948932621989, -3.600000000000000533, 49.69842509769861749 ) ) ;
#5756 = ADVANCED_FACE ( 'NONE', ( #2397 ), #3557, .T. ) ;
#5757 = CARTESIAN_POINT ( 'NONE',  ( 8.014006402066106816, -0.8000000000000001554, 63.50757152831329222 ) ) ;
#5758 = ORIENTED_EDGE ( 'NONE', *, *, #402, .T. ) ;
#5759 = CARTESIAN_POINT ( 'NONE',  ( -6.391777280184411048, 6.422814361118177929E-15, 66.02514898835397616 ) ) ;
#5760 = CARTESIAN_POINT ( 'NONE',  ( 7.912984221117348227, -0.7999999999999999334, -20.18897252795810004 ) ) ;
#5761 = CARTESIAN_POINT ( 'NONE',  ( -11.29104253845062189, -3.600000000000000089, -2.812165781712402046E-07 ) ) ;
#5762 = CARTESIAN_POINT ( 'NONE',  ( -17.85574020768672554, -3.000000000000010658, 11.10922738596742043 ) ) ;
#5763 = FACE_OUTER_BOUND ( 'NONE', #6223, .T. ) ;
#5764 = CARTESIAN_POINT ( 'NONE',  ( -3.710901080767295745, 5.637851296924622268E-15, 66.80313091848465490 ) ) ;
#5765 = CARTESIAN_POINT ( 'NONE',  ( -15.00974696905860739, -3.000000000000011102, 52.87276994297748445 ) ) ;
#5766 = CARTESIAN_POINT ( 'NONE',  ( 6.928201364229232162, 5.409111901386722515E-15, 65.65083702119247278 ) ) ;
#5767 = CARTESIAN_POINT ( 'NONE',  ( 17.27825304417938668, -3.600000000000000977, -49.32640985597702610 ) ) ;
#5768 = B_SPLINE_CURVE_WITH_KNOTS ( 'NONE', 1,
 ( #1745, #3010 ),
 .UNSPECIFIED., .F., .F.,
 ( 2, 2 ),
 ( 0.000000000000000000, 1.000000000000000000 ),
 .UNSPECIFIED. ) ;
#5769 = CARTESIAN_POINT ( 'NONE',  ( 17.05927486074399013, -3.600000000000001421, -53.60551051508898013 ) ) ;
#5770 = CARTESIAN_POINT ( 'NONE',  ( 16.60725181413056717, -3.000000000000010658, -57.68579861201803993 ) ) ;
#5771 = CARTESIAN_POINT ( 'NONE',  ( 2.000000000000000000, -0.8000000000000000444, -64.92304473782995444 ) ) ;
#5772 = DIRECTION ( 'NONE',  ( 0.7071067811864881758, -0.7071067811865447972, 2.963089207639346055E-07 ) ) ;
#5773 = CARTESIAN_POINT ( 'NONE',  ( -3.027881891529293323, -2.299999999999999822, 30.68796008735221648 ) ) ;
#5774 = CARTESIAN_POINT ( 'NONE',  ( 16.62724170551483382, -3.000000000000010658, 46.82098848188196172 ) ) ;
#5775 = ORIENTED_EDGE ( 'NONE', *, *, #5510, .T. ) ;
#5776 = DIRECTION ( 'NONE',  ( 2.490616585789864401E-08, -1.577721838605480946E-30, -0.9999999999999996669 ) ) ;
#5777 = CARTESIAN_POINT ( 'NONE',  ( 9.953442897276479684, -3.600000000000000089, 62.40158041999105620 ) ) ;
#5778 = CARTESIAN_POINT ( 'NONE',  ( -10.37231518467824110, -0.8000000000000002665, 59.96608020914747783 ) ) ;
#5779 = CARTESIAN_POINT ( 'NONE',  ( 9.397565186571057438, -3.000000000000011102, -65.65029846734582009 ) ) ;
#5780 = CARTESIAN_POINT ( 'NONE',  ( -4.412654540929849212, -0.03847486925862712154, 66.75699455393056780 ) ) ;
#5781 = CARTESIAN_POINT ( 'NONE',  ( -13.05333924804319423, -3.599999999999999201, 56.59927317523519719 ) ) ;
#5782 = CARTESIAN_POINT ( 'NONE',  ( 17.28250282386608561, -3.600000000000000533, 16.40440476033306538 ) ) ;
#5783 = CARTESIAN_POINT ( 'NONE',  ( 13.11586844041535294, 5.778088092756589562E-15, 55.71309609560876908 ) ) ;
#5784 = ADVANCED_FACE ( 'NONE', ( #7256 ), #4553, .F. ) ;
#5785 = EDGE_LOOP ( 'NONE', ( #6648, #350, #2931, #1606 ) ) ;
#5786 = ORIENTED_EDGE ( 'NONE', *, *, #2746, .T. ) ;
#5787 = DIRECTION ( 'NONE',  ( 0.000000000000000000, 0.000000000000000000, 1.000000000000000000 ) ) ;
#5788 = CARTESIAN_POINT ( 'NONE',  ( -15.32329065182630501, -3.000000000000010658, -60.19577039125361040 ) ) ;
#5789 = CARTESIAN_POINT ( 'NONE',  ( -10.77089320797903937, 5.323426719341870312E-15, 60.90274019905397296 ) ) ;
#5790 = CARTESIAN_POINT ( 'NONE',  ( -0.1119147773638599075, -3.599999999999999201, -66.65441490848002104 ) ) ;
#5791 = CARTESIAN_POINT ( 'NONE',  ( 9.051676607257725493, -0.8000000000000058176, 60.14034730276581797 ) ) ;
#5792 = CARTESIAN_POINT ( 'NONE',  ( 17.29741053764293568, -3.600000000000000533, 31.65198884361371157 ) ) ;
#5793 = CARTESIAN_POINT ( 'NONE',  ( 6.352468795612448815, -0.8000000000000003775, 65.08172610825404547 ) ) ;
#5794 = VERTEX_POINT ( 'NONE', #3737 ) ;
#5795 = CARTESIAN_POINT ( 'NONE',  ( -7.324981797980353981, 5.657574179791041972E-15, 65.33458893199701834 ) ) ;
#5796 = CARTESIAN_POINT ( 'NONE',  ( 14.92304473783518937, -0.8000000000000000444, 32.00027144533434154 ) ) ;
#5797 = CARTESIAN_POINT ( 'NONE',  ( -9.781331540483167331, -3.600000000000000533, -64.76716485007997903 ) ) ;
#5798 = CARTESIAN_POINT ( 'NONE',  ( -17.90562093160186308, -3.000000000000010658, 24.29012115732118104 ) ) ;
#5799 = CARTESIAN_POINT ( 'NONE',  ( -17.28576845525728700, -3.599999999999997868, -48.77931248874791237 ) ) ;
#5800 = DIRECTION ( 'NONE',  ( 0.000000000000000000, -1.000000000000000000, 0.000000000000000000 ) ) ;
#5801 = EDGE_CURVE ( 'NONE', #5130, #2399, #723, .T. ) ;
#5802 = CARTESIAN_POINT ( 'NONE',  ( 14.25575799097778784, -1.499999999999999556, 27.00011359384848220 ) ) ;
#5803 = CARTESIAN_POINT ( 'NONE',  ( 5.248207126270414413, 5.774707575293124104E-15, 66.58284896303050004 ) ) ;
#5804 = LINE ( 'NONE', #3934, #4983 ) ;
#5805 = CARTESIAN_POINT ( 'NONE',  ( 17.24040285356514701, -3.599999999999999645, -51.45560416181304220 ) ) ;
#5806 = CARTESIAN_POINT ( 'NONE',  ( 17.85212221966163426, -3.000000000000010658, -50.85173671083008173 ) ) ;
#5807 = CARTESIAN_POINT ( 'NONE',  ( 11.26298376907042353, -3.600000000000000089, -16.03897240840849747 ) ) ;
#5808 = CARTESIAN_POINT ( 'NONE',  ( -7.177219486539234694, -3.600000000000000089, 65.35163367637153442 ) ) ;
#5809 = CARTESIAN_POINT ( 'NONE',  ( 10.10511615540712960, -2.000000000000000444, 63.38703717106523783 ) ) ;
#5810 = CARTESIAN_POINT ( 'NONE',  ( 17.89496836744038433, -2.000000000000000000, 29.08221816095224455 ) ) ;
#5811 = VERTEX_POINT ( 'NONE', #7294 ) ;
#5812 = CARTESIAN_POINT ( 'NONE',  ( 13.11586844041535294, 5.778088092756589562E-15, 55.71309609560876908 ) ) ;
#5813 = CARTESIAN_POINT ( 'NONE',  ( 10.49977260172408045, -3.600000000000000089, 61.60105093514744823 ) ) ;
#5814 = CARTESIAN_POINT ( 'NONE',  ( 9.166256986900528148, -3.000000000000009770, -65.76172553807981558 ) ) ;
#5815 = CARTESIAN_POINT ( 'NONE',  ( 7.034221426793690668, -3.000000000000018208, 66.20229443648231893 ) ) ;
#5816 = CARTESIAN_POINT ( 'NONE',  ( -15.15201062614457861, -3.600000000000000089, 50.12258944990828979 ) ) ;
#5817 = ADVANCED_FACE ( 'NONE', ( #1972 ), #7230, .T. ) ;
#5818 = CARTESIAN_POINT ( 'NONE',  ( -5.352844791969824101, -0.03847762134234313652, 66.50477712377954731 ) ) ;
#5819 = ORIENTED_EDGE ( 'NONE', *, *, #5498, .T. ) ;
#5820 = CARTESIAN_POINT ( 'NONE',  ( 13.56487331926901163, -3.000000000000010658, 57.07628831986314566 ) ) ;
#5821 = VERTEX_POINT ( 'NONE', #499 ) ;
#5822 = CARTESIAN_POINT ( 'NONE',  ( -17.28709083920302092, -3.599999999999999645, -46.46426385367436040 ) ) ;
#5823 = AXIS2_PLACEMENT_3D ( 'NONE', #1455, #4351, #3785 ) ;
#5824 = CARTESIAN_POINT ( 'NONE',  ( 7.912984221117341121, -0.8000000000000000444, -48.18897252795810004 ) ) ;
#5825 = CARTESIAN_POINT ( 'NONE',  ( -2.962034950016975934E-06, -3.000000000000010658, -67.25441558775045792 ) ) ;
#5826 = CARTESIAN_POINT ( 'NONE',  ( -15.93617955334231873, 5.776205017907234995E-15, 44.09313018698968989 ) ) ;
#5827 = CARTESIAN_POINT ( 'NONE',  ( -1.343934636825691475, -3.599999999999999645, -66.66218743127447510 ) ) ;
#5828 = FACE_OUTER_BOUND ( 'NONE', #395, .T. ) ;
#5829 = CARTESIAN_POINT ( 'NONE',  ( 8.480689145249154848, -0.03848060126258018993, 64.14025258577443367 ) ) ;
#5830 = CARTESIAN_POINT ( 'NONE',  ( 17.28811040931553222, -3.599999999999999645, 32.68069981805630420 ) ) ;
#5831 = CARTESIAN_POINT ( 'NONE',  ( 7.687387350912898931, -0.7999999999999997113, 63.87393899227402017 ) ) ;
#5832 = CARTESIAN_POINT ( 'NONE',  ( -5.451507884693014283, 5.535995141596228600E-15, 66.50808732652861011 ) ) ;
#5833 = VECTOR ( 'NONE', #1526, 1000.000000000000000 ) ;
#5834 = CARTESIAN_POINT ( 'NONE',  ( 5.203871398498850276, 5.407429316867586891E-15, 66.59794237396191363 ) ) ;
#5835 = CARTESIAN_POINT ( 'NONE',  ( -0.4946349546667345165, -3.599999999999999201, -66.65441258507611622 ) ) ;
#5836 = CARTESIAN_POINT ( 'NONE',  ( -15.20421697165686048, -3.000000000000010658, 52.55128163380559414 ) ) ;
#5837 = CARTESIAN_POINT ( 'NONE',  ( -17.88517956660286501, -3.000000000000011102, -46.27762006613759382 ) ) ;
#5838 = VECTOR ( 'NONE', #4543, 1000.000000000000000 ) ;
#5839 = CIRCLE ( 'NONE', #3289, 1.449999999999999956 ) ;
#5840 = CARTESIAN_POINT ( 'NONE',  ( 6.315032528847226878, 5.537758625685822784E-15, 66.07280648389439648 ) ) ;
#5841 = CARTESIAN_POINT ( 'NONE',  ( -4.001862533061190774, -3.600000000000001421, 66.27634101592948923 ) ) ;
#5842 = CARTESIAN_POINT ( 'NONE',  ( -17.28146482273359652, -3.599999999999999645, 16.19095500258323739 ) ) ;
#5843 = B_SPLINE_CURVE_WITH_KNOTS ( 'NONE', 3,
 ( #5957, #2363, #4087, #4246, #737, #4167, #7553, #3067 ),
 .UNSPECIFIED., .F., .F.,
 ( 4, 1, 1, 1, 1, 4 ),
 ( 0.000000000000000000, 0.2500000000000000555, 0.5000000000000001110, 0.6250000000000001110, 0.7500000000000000000, 1.000000000000000000 ),
 .UNSPECIFIED. ) ;
#5844 = CARTESIAN_POINT ( 'NONE',  ( -10.23209646142618112, 0.000000000000000000, 64.91362503913313731 ) ) ;
#5845 = ADVANCED_FACE ( 'NONE', ( #6629 ), #2524, .F. ) ;
#5846 = AXIS2_PLACEMENT_3D ( 'NONE', #5454, #3166, #718 ) ;
#5847 = DIRECTION ( 'NONE',  ( 0.9999999999933387729, -0.000000000000000000, 3.649975734068399241E-06 ) ) ;
#5848 = CARTESIAN_POINT ( 'NONE',  ( -10.62371835802011155, -2.000000000000000000, 64.41751820761110991 ) ) ;
#5849 = EDGE_CURVE ( 'NONE', #2418, #2203, #7058, .T. ) ;
#5850 = ORIENTED_EDGE ( 'NONE', *, *, #1525, .T. ) ;
#5851 = CARTESIAN_POINT ( 'NONE',  ( 11.00379112446606911, 5.456113948559009382E-15, 60.48961171748823062 ) ) ;
#5852 = DIRECTION ( 'NONE',  ( 0.9886829206582451457, -0.000000000000000000, 0.1500202732922523152 ) ) ;
#5853 = CARTESIAN_POINT ( 'NONE',  ( -16.80000004092597976, 0.000000000000000000, 32.00040283461600410 ) ) ;
#5854 = CARTESIAN_POINT ( 'NONE',  ( -9.089348962620347194, -0.8000000000000000444, 62.09775007057415053 ) ) ;
#5855 = CARTESIAN_POINT ( 'NONE',  ( -8.545828840907701007, -2.000000000000000000, -66.10028842541088068 ) ) ;
#5856 = CARTESIAN_POINT ( 'NONE',  ( -14.43238082078876694, -3.600000000000000089, 52.70844830154593552 ) ) ;
#5857 = CARTESIAN_POINT ( 'NONE',  ( 17.30072183668624675, -3.599999999999998757, 26.13453949626287098 ) ) ;
#5858 = CARTESIAN_POINT ( 'NONE',  ( -5.533963232812292965, -0.7999999999999926059, 64.34868815131648034 ) ) ;
#5859 = EDGE_LOOP ( 'NONE', ( #6765, #2459, #5775, #7207, #4995, #6357, #5923, #2005, #3586, #4046 ) ) ;
#5860 = VERTEX_POINT ( 'NONE', #658 ) ;
#5861 = CARTESIAN_POINT ( 'NONE',  ( -17.25912455869084283, -3.600000000000000533, -44.43998972079182153 ) ) ;
#5862 = DIRECTION ( 'NONE',  ( -2.490616653888564805E-08, 0.000000000000000000, 0.9999999999999996669 ) ) ;
#5863 = CARTESIAN_POINT ( 'NONE',  ( -13.72560458116488213, 6.122990088217466735E-15, 53.91511171584373585 ) ) ;
#5864 = CARTESIAN_POINT ( 'NONE',  ( 17.23908420680162124, -3.600000000000000533, 34.73798490616525214 ) ) ;
#5865 = DIRECTION ( 'NONE',  ( 0.000000000000000000, -1.000000000000000000, 0.000000000000000000 ) ) ;
#5866 = CARTESIAN_POINT ( 'NONE',  ( 8.457821561156018575, -0.8000000000000024869, 61.10648267741027695 ) ) ;
#5867 = CARTESIAN_POINT ( 'NONE',  ( 17.29217811556608453, -3.600000000000000977, 32.31133860539317482 ) ) ;
#5868 = CARTESIAN_POINT ( 'NONE',  ( 4.930481886076451659, -0.8000000000000008216, 65.84578024955702347 ) ) ;
#5869 = CARTESIAN_POINT ( 'NONE',  ( -7.303315929914874438, 5.618128414058204141E-15, 65.35290282400580963 ) ) ;
#5870 = VERTEX_POINT ( 'NONE', #2368 ) ;
#5871 = CARTESIAN_POINT ( 'NONE',  ( 4.212310827594625273, 5.849440609788624461E-15, 66.79252508780356834 ) ) ;
#5872 = CARTESIAN_POINT ( 'NONE',  ( -6.835155326968811451, -3.600000000000001421, -66.01618206951680179 ) ) ;
#5873 = CARTESIAN_POINT ( 'NONE',  ( 0.9676842062558239643, -3.600000000000000089, -66.65972572187527589 ) ) ;
#5874 = CARTESIAN_POINT ( 'NONE',  ( -14.76018939726078649, -3.600000000000000977, -59.82264649014658886 ) ) ;
#5875 = CARTESIAN_POINT ( 'NONE',  ( -3.917378540583815738, 5.637851296924624635E-15, 66.80088711844670968 ) ) ;
#5876 = B_SPLINE_SURFACE_WITH_KNOTS ( 'NONE', 3, 1, ( 
 ( #2830, #6749 ),
 ( #2745, #6304 ),
 ( #3902, #3826 ),
 ( #3298, #2669 ),
 ( #3332, #928 ),
 ( #1647, #7272 ),
 ( #6859, #1007 ),
 ( #3254, #5036 ) ),
 .UNSPECIFIED., .F., .F., .F.,
 ( 4, 1, 1, 1, 1, 4 ),
 ( 2, 2 ),
 ( 0.000000000000000000, 0.2500003704221455125, 0.5000007408442910251, 0.6250009260553637258, 0.7500011112664365376, 1.000001481688582050 ),
 ( 0.000000000000000000, 1.000000000000000000 ),
 .UNSPECIFIED. ) ;
#5877 = CARTESIAN_POINT ( 'NONE',  ( 17.32389717075731284, -3.000000000000010658, -55.30100036604564195 ) ) ;
#5878 = CARTESIAN_POINT ( 'NONE',  ( 6.649060259759255409, 5.625183629489307785E-15, 65.85305781297644501 ) ) ;
#5879 = EDGE_LOOP ( 'NONE', ( #5127, #2848, #7284, #4646 ) ) ;
#5880 = CARTESIAN_POINT ( 'NONE',  ( -5.374372336328217870, -3.599999999999999201, 66.17311437613091130 ) ) ;
#5881 = CARTESIAN_POINT ( 'NONE',  ( -11.41992022309379529, -3.000000000000010658, -64.46282546920497225 ) ) ;
#5882 = CARTESIAN_POINT ( 'NONE',  ( -16.21850026386794497, 0.000000000000000000, 51.78141597881192837 ) ) ;
#5883 = CARTESIAN_POINT ( 'NONE',  ( 17.46326983916189945, -3.000000000000010658, -55.03826404299149999 ) ) ;
#5884 = CARTESIAN_POINT ( 'NONE',  ( 11.71609405385955327, -0.03848030998882408238, 58.98945723564161625 ) ) ;
#5885 = PLANE ( 'NONE',  #234 ) ;
#5886 = CARTESIAN_POINT ( 'NONE',  ( -14.13506384016555018, -2.000000000000000000, 58.07338505695769015 ) ) ;
#5887 = EDGE_LOOP ( 'NONE', ( #4979, #5747 ) ) ;
#5888 = DIRECTION ( 'NONE',  ( 0.000000000000000000, 0.000000000000000000, -1.000000000000000000 ) ) ;
#5889 = CARTESIAN_POINT ( 'NONE',  ( 16.73668056450544839, 6.092955859640977830E-15, 35.34754410463460772 ) ) ;
#5890 = CARTESIAN_POINT ( 'NONE',  ( 9.180599959135401278, -3.600000000000000533, 63.40870492892403121 ) ) ;
#5891 = CARTESIAN_POINT ( 'NONE',  ( -15.14472242865298668, -0.7999999999999999334, 43.97644259610854078 ) ) ;
#5892 = CARTESIAN_POINT ( 'NONE',  ( 6.108280413216525595, -3.600000000000000533, 65.95136124699808988 ) ) ;
#5893 = CARTESIAN_POINT ( 'NONE',  ( 17.29905438507751470, -3.600000000000000977, 27.39977254526120731 ) ) ;
#5894 = CARTESIAN_POINT ( 'NONE',  ( -5.207784231527869956, -0.8000000000000055955, 64.54690342279377546 ) ) ;
#5895 = ORIENTED_EDGE ( 'NONE', *, *, #5266, .F. ) ;
#5896 = CARTESIAN_POINT ( 'NONE',  ( -17.26491739245203760, -3.600000000000000089, -44.92889060817875446 ) ) ;
#5897 = LINE ( 'NONE', #3604, #3375 ) ;
#5898 = CARTESIAN_POINT ( 'NONE',  ( -4.024823887637305475, -0.8000000000000003775, 65.99949124484133733 ) ) ;
#5899 = CARTESIAN_POINT ( 'NONE',  ( 10.50322406793351071, -3.599999999999999201, 61.59287095509520071 ) ) ;
#5900 = CARTESIAN_POINT ( 'NONE',  ( -14.25575799097778784, -3.100000000000033840, 27.00011359384848220 ) ) ;
#5901 = CARTESIAN_POINT ( 'NONE',  ( 5.154972551011956838, -0.8000000000000367928, 64.57868389289301092 ) ) ;
#5902 = CARTESIAN_POINT ( 'NONE',  ( 3.988095387429731353, -0.03847762930330875936, 66.76155714477182812 ) ) ;
#5903 = CARTESIAN_POINT ( 'NONE',  ( -12.59598296642478665, -3.599999999999999645, 57.67600069166419274 ) ) ;
#5904 = CARTESIAN_POINT ( 'NONE',  ( 12.02754469971671725, -3.600000000000000533, 58.89547193423602067 ) ) ;
#5905 = CARTESIAN_POINT ( 'NONE',  ( -14.26943094434658299, -0.03847804328271643703, 52.01370845556876787 ) ) ;
#5906 = CARTESIAN_POINT ( 'NONE',  ( 4.025436590082099642, -0.7999999999999999334, 65.99953705186695174 ) ) ;
#5907 = ORIENTED_EDGE ( 'NONE', *, *, #3310, .F. ) ;
#5908 = CARTESIAN_POINT ( 'NONE',  ( -5.707950824233742004, 5.734367756712171066E-15, 66.39880467300271505 ) ) ;
#5909 = ORIENTED_EDGE ( 'NONE', *, *, #2746, .F. ) ;
#5910 = CARTESIAN_POINT ( 'NONE',  ( 5.199883580284581086, 6.115873158964646038E-15, 66.59927950399149665 ) ) ;
#5911 = CARTESIAN_POINT ( 'NONE',  ( -3.214704572516202674, -3.600000000000000533, -66.62529311975401924 ) ) ;
#5912 = CARTESIAN_POINT ( 'NONE',  ( 1.920748173574075235, -3.600000000000000977, -66.66227724554620693 ) ) ;
#5913 = CARTESIAN_POINT ( 'NONE',  ( -17.83912581297330746, -3.000000000000010214, -51.51423745412365918 ) ) ;
#5914 = CIRCLE ( 'NONE', #2611, 14.80000000000000071 ) ;
#5915 = CARTESIAN_POINT ( 'NONE',  ( 3.925794105704449422, 5.637851296924622268E-15, 66.80040030202999901 ) ) ;
#5916 = VERTEX_POINT ( 'NONE', #2957 ) ;
#5917 = CARTESIAN_POINT ( 'NONE',  ( -5.783299203787773735, -3.600000000000000089, 66.06515704895393526 ) ) ;
#5918 = CARTESIAN_POINT ( 'NONE',  ( -17.27098339585185727, -3.600000000000000977, 14.16009003897998220 ) ) ;
#5919 = CARTESIAN_POINT ( 'NONE',  ( -11.02181840491797260, 0.000000000000000000, 63.87591695208038800 ) ) ;
#5920 = LINE ( 'NONE', #4846, #7509 ) ;
#5921 = CARTESIAN_POINT ( 'NONE',  ( -4.997364834695511071, -3.600000000000000977, 66.23574848505670332 ) ) ;
#5922 = PRESENTATION_STYLE_ASSIGNMENT (( #4092 ) ) ;
#5923 = ORIENTED_EDGE ( 'NONE', *, *, #176, .T. ) ;
#5924 = CARTESIAN_POINT ( 'NONE',  ( 8.467823591916511461, 0.000000000000000000, 66.82012126443059685 ) ) ;
#5925 = CARTESIAN_POINT ( 'NONE',  ( 1.577508335764976621E-06, -3.600000000000000089, 66.27631535813257813 ) ) ;
#5926 = PLANE ( 'NONE',  #3617 ) ;
#5927 = FACE_OUTER_BOUND ( 'NONE', #603, .T. ) ;
#5928 = DIRECTION ( 'NONE',  ( -0.000000000000000000, -1.000000000000000000, -0.000000000000000000 ) ) ;
#5929 = CARTESIAN_POINT ( 'NONE',  ( 4.812863354127936866, -3.599999999999998312, 66.25399516968384717 ) ) ;
#5930 = CARTESIAN_POINT ( 'NONE',  ( 17.29846857182754860, -3.600000000000000533, 28.80883040341944579 ) ) ;
#5931 = CIRCLE ( 'NONE', #5330, 1.449999999999999956 ) ;
#5932 = CARTESIAN_POINT ( 'NONE',  ( -5.413021542526097463, -0.7999999999996832978, 65.65573269868980333 ) ) ;
#5933 = VERTEX_POINT ( 'NONE', #1126 ) ;
#5934 = EDGE_CURVE ( 'NONE', #1973, #3393, #1727, .T. ) ;
#5935 = VECTOR ( 'NONE', #3632, 1000.000000000000000 ) ;
#5936 = CARTESIAN_POINT ( 'NONE',  ( 6.661972361169105739, -3.599999999999999645, 65.68638279683426617 ) ) ;
#5937 = ADVANCED_FACE ( 'NONE', ( #2992 ), #5885, .T. ) ;
#5938 = CARTESIAN_POINT ( 'NONE',  ( -4.031274244916157379, -0.7999999999999999334, 65.99934795955682887 ) ) ;
#5939 = CARTESIAN_POINT ( 'NONE',  ( -17.28853086508134140, -3.599999999999999201, 32.64928077909689819 ) ) ;
#5940 = CARTESIAN_POINT ( 'NONE',  ( 1.732148078102328181, -3.599999999999998757, -66.66341468923873492 ) ) ;
#5941 = CARTESIAN_POINT ( 'NONE',  ( 8.095057098551382779, -3.600000000000000089, 64.58614263714922288 ) ) ;
#5942 = CIRCLE ( 'NONE', #6424, 1.449999999999999956 ) ;
#5943 = CARTESIAN_POINT ( 'NONE',  ( 4.129191754326557273, -0.8000000000016113111, 65.99919770629429649 ) ) ;
#5944 = CARTESIAN_POINT ( 'NONE',  ( -14.25575799097778784, -1.499999999999999556, 27.00011359384848220 ) ) ;
#5945 = CARTESIAN_POINT ( 'NONE',  ( 14.27934097378425626, -3.600000000000001421, 53.18853222357453348 ) ) ;
#5946 = CARTESIAN_POINT ( 'NONE',  ( -7.426897457272863434, 0.000000000000000000, 67.50674745008359423 ) ) ;
#5947 = CARTESIAN_POINT ( 'NONE',  ( 4.946081279355891702, -0.7999999999999990452, 65.84060621775653033 ) ) ;
#5948 = CARTESIAN_POINT ( 'NONE',  ( 5.248207126270414413, 5.774707575293124104E-15, 66.58284896303050004 ) ) ;
#5949 = CARTESIAN_POINT ( 'NONE',  ( -11.61597746063123004, -3.000000000000010658, -64.30498037198057659 ) ) ;
#5950 = CARTESIAN_POINT ( 'NONE',  ( -14.87980368232586592, -3.600000000000000977, -59.62559129332418451 ) ) ;
#5951 = CARTESIAN_POINT ( 'NONE',  ( -4.477584909827313275, 5.735661831078530104E-15, 66.76658054453638158 ) ) ;
#5952 = AXIS2_PLACEMENT_3D ( 'NONE', #1061, #6771, #3923 ) ;
#5953 = CARTESIAN_POINT ( 'NONE',  ( 16.26216102722465351, 5.395644510689394446E-15, 41.60070537438215865 ) ) ;
#5954 = CARTESIAN_POINT ( 'NONE',  ( 17.78835384802508912, -3.000000000000010214, -52.52906014516614164 ) ) ;
#5955 = CARTESIAN_POINT ( 'NONE',  ( 3.981221095765827833, 5.637851296924623057E-15, 66.80007569384289923 ) ) ;
#5956 = EDGE_LOOP ( 'NONE', ( #7010, #6432, #849, #3870 ) ) ;
#5957 = CARTESIAN_POINT ( 'NONE',  ( 3.943771363211876958E-07, -3.000000000000010658, 66.87631535813137873 ) ) ;
#5958 = VECTOR ( 'NONE', #3450, 1000.000000000000227 ) ;
#5959 = CARTESIAN_POINT ( 'NONE',  ( -17.29428064313966473, -3.600000000000000533, 19.22642430009464221 ) ) ;
#5960 = CARTESIAN_POINT ( 'NONE',  ( -8.902333867458827044, 0.000000000000000000, 66.34397110776932038 ) ) ;
#5961 = EDGE_CURVE ( 'NONE', #2902, #4256, #3674, .T. ) ;
#5962 = AXIS2_PLACEMENT_3D ( 'NONE', #844, #6031, #808 ) ;
#5963 = LINE ( 'NONE', #1306, #7383 ) ;
#5964 = CARTESIAN_POINT ( 'NONE',  ( 11.17615819066180727, -0.03847656700516927791, 60.08993157725004863 ) ) ;
#5965 = CARTESIAN_POINT ( 'NONE',  ( -17.25240705793800799, -3.600000000000000533, -50.85665305769607158 ) ) ;
#5966 = CARTESIAN_POINT ( 'NONE',  ( -4.427885691060089890, -3.599999999999999645, 66.27278760403915214 ) ) ;
#5967 = CARTESIAN_POINT ( 'NONE',  ( -7.941041522454002966, -0.8000000000000000444, -26.79298605861921700 ) ) ;
#5968 = AXIS2_PLACEMENT_3D ( 'NONE', #1683, #2871, #5189 ) ;
#5969 = VECTOR ( 'NONE', #1149, 1000.000000000000114 ) ;
#5970 = EDGE_LOOP ( 'NONE', ( #1310, #7379 ) ) ;
#5971 = CARTESIAN_POINT ( 'NONE',  ( 3.779555083005836202, 17.76640921322866973, 43.15023635439071370 ) ) ;
#5972 = CARTESIAN_POINT ( 'NONE',  ( 8.545828840845151930, -2.000000000000000000, -66.10028842543924554 ) ) ;
#5973 = CARTESIAN_POINT ( 'NONE',  ( -3.810036809055219464, -2.299999999999999822, -22.79629160337833227 ) ) ;
#5974 = CARTESIAN_POINT ( 'NONE',  ( 3.763045307746516688, -3.600000000000000089, 66.27631838300611378 ) ) ;
#5975 = CARTESIAN_POINT ( 'NONE',  ( -17.16246768523959787, -3.600000000000000089, 36.41451040562059660 ) ) ;
#5976 = CARTESIAN_POINT ( 'NONE',  ( -7.335123133414647612, -0.03847741799230325332, 65.27629935585251530 ) ) ;
#5977 = ORIENTED_EDGE ( 'NONE', *, *, #3555, .T. ) ;
#5978 = CARTESIAN_POINT ( 'NONE',  ( -3.761289022211002919, -0.8000000000000029310, 64.92551726416751023 ) ) ;
#5979 = ORIENTED_EDGE ( 'NONE', *, *, #1610, .F. ) ;
#5980 = FACE_OUTER_BOUND ( 'NONE', #6876, .T. ) ;
#5981 = CARTESIAN_POINT ( 'NONE',  ( -4.629531193279674994, -0.8000000000000000444, 65.92831880743933937 ) ) ;
#5982 = CARTESIAN_POINT ( 'NONE',  ( 12.59879577771923564, -3.599999999999998312, 57.68153527089890531 ) ) ;
#5983 = CARTESIAN_POINT ( 'NONE',  ( -8.606445291181767487, -3.599999999999999201, 64.06551046475152589 ) ) ;
#5984 = CARTESIAN_POINT ( 'NONE',  ( 5.517286136610413116, -0.8000000000000163647, 64.35343418950010630 ) ) ;
#5985 = CARTESIAN_POINT ( 'NONE',  ( -14.25575799097778074, -3.600000000000000089, -31.00427299466725017 ) ) ;
#5986 = CARTESIAN_POINT ( 'NONE',  ( -15.11800889582412388, -0.8000000000018150370, 44.25859847977434924 ) ) ;
#5987 = LINE ( 'NONE', #7229, #5377 ) ;
#5988 = CARTESIAN_POINT ( 'NONE',  ( 6.235092135684848991, -0.8000000000000004885, 65.16622660275290002 ) ) ;
#5989 = CARTESIAN_POINT ( 'NONE',  ( 7.990989113999513727, 5.657458106398377220E-15, 64.71579977377943749 ) ) ;
#5990 = CARTESIAN_POINT ( 'NONE',  ( -11.32421535653208799, -3.000000000000011102, -64.51859485855828780 ) ) ;
#5991 = CARTESIAN_POINT ( 'NONE',  ( -17.89265406646990542, -3.000000000000010214, -47.64695017236471131 ) ) ;
#5992 = CARTESIAN_POINT ( 'NONE',  ( -4.962093904360155072, 5.631918124298322974E-15, 66.67048801585205808 ) ) ;
#5993 = CARTESIAN_POINT ( 'NONE',  ( -17.90264518187499831, -3.000000000000010658, 24.09331113697890814 ) ) ;
#5994 = EDGE_CURVE ( 'NONE', #5251, #3195, #2595, .T. ) ;
#5995 = CARTESIAN_POINT ( 'NONE',  ( 17.77847377739461976, -3.000000000000010214, -52.64675078508535222 ) ) ;
#5996 = CARTESIAN_POINT ( 'NONE',  ( 2.497734008828347729, 5.637851296924623057E-15, 66.80876373649735456 ) ) ;
#5997 = ORIENTED_EDGE ( 'NONE', *, *, #4755, .T. ) ;
#5998 = CARTESIAN_POINT ( 'NONE',  ( -4.997741312660822999, -3.600000000000000977, 66.23570446113353682 ) ) ;
#5999 = CARTESIAN_POINT ( 'NONE',  ( -17.27375946999772438, -3.600000000000000533, 14.68914308467256191 ) ) ;
#6000 = CARTESIAN_POINT ( 'NONE',  ( -15.87346098412140449, 0.000000000000000000, 53.03685015818281556 ) ) ;
#6001 = CARTESIAN_POINT ( 'NONE',  ( -5.143165270045348514, -3.600000000000000089, 44.62837295819787187 ) ) ;
#6002 = B_SPLINE_CURVE_WITH_KNOTS ( 'NONE', 1,
 ( #1839, #3517 ),
 .UNSPECIFIED., .F., .F.,
 ( 2, 2 ),
 ( 0.000000000000000000, 1.000000000000000000 ),
 .UNSPECIFIED. ) ;
#6003 = CARTESIAN_POINT ( 'NONE',  ( 10.16784777854058319, -0.03848017301411774810, 61.86615373933621953 ) ) ;
#6004 = CARTESIAN_POINT ( 'NONE',  ( -14.93959980962915601, -3.600000000000000089, -59.52706016676005873 ) ) ;
#6005 = DIRECTION ( 'NONE',  ( -1.000000000000000000, 0.000000000000000000, 1.652117222604229549E-16 ) ) ;
#6006 = CARTESIAN_POINT ( 'NONE',  ( -5.753981709351884355, -2.000000000000000000, 68.31988628154657306 ) ) ;
#6007 = ORIENTED_EDGE ( 'NONE', *, *, #2247, .F. ) ;
#6008 = DIRECTION ( 'NONE',  ( 0.000000000000000000, -1.000000000000000000, 0.000000000000000000 ) ) ;
#6009 = CARTESIAN_POINT ( 'NONE',  ( -3.083650669016535506, -3.000000000000010658, -67.31332803073999571 ) ) ;
#6010 = CARTESIAN_POINT ( 'NONE',  ( -10.98602939510885612, -3.600000000000000089, -64.02263334847178555 ) ) ;
#6011 = FACE_OUTER_BOUND ( 'NONE', #1452, .T. ) ;
#6012 = AXIS2_PLACEMENT_3D ( 'NONE', #5054, #2001, #5588 ) ;
#6013 = CARTESIAN_POINT ( 'NONE',  ( 4.460200156824770445, -3.599999999999999645, 66.27193389207965879 ) ) ;
#6014 = CARTESIAN_POINT ( 'NONE',  ( -17.25491372173546267, -3.599999999999999645, 34.19415676883042465 ) ) ;
#6015 = ADVANCED_FACE ( 'NONE', ( #6538 ), #1422, .T. ) ;
#6016 = ORIENTED_EDGE ( 'NONE', *, *, #1667, .F. ) ;
#6017 = CARTESIAN_POINT ( 'NONE',  ( 4.542593095562700078, -3.600000000000000533, 66.26973819978492486 ) ) ;
#6018 = CARTESIAN_POINT ( 'NONE',  ( -4.002244895194293051, -0.8000000000000008216, 65.99989559969691300 ) ) ;
#6019 = CARTESIAN_POINT ( 'NONE',  ( -17.29843046893197922, -3.600000000000000533, 28.22387881227699680 ) ) ;
#6020 = CARTESIAN_POINT ( 'NONE',  ( 3.092392849665291266, -3.599999999999999201, -66.63204636766423050 ) ) ;
#6021 = CARTESIAN_POINT ( 'NONE',  ( 10.74300140353023281, -3.600000000000000533, 61.21484425758788461 ) ) ;
#6022 = ADVANCED_FACE ( 'NONE', ( #782 ), #6040, .T. ) ;
#6023 = CARTESIAN_POINT ( 'NONE',  ( 4.886174337939860557, -0.7999999999997631228, 65.86004023933510609 ) ) ;
#6024 = FACE_OUTER_BOUND ( 'NONE', #3368, .T. ) ;
#6025 = CARTESIAN_POINT ( 'NONE',  ( -15.47869464312739929, 0.000000000000000000, 54.34922836488397024 ) ) ;
#6026 = CARTESIAN_POINT ( 'NONE',  ( 4.474576823465414854, -0.7999999999999988232, 65.95875046273064868 ) ) ;
#6027 = ORIENTED_EDGE ( 'NONE', *, *, #3558, .T. ) ;
#6028 = CARTESIAN_POINT ( 'NONE',  ( 8.220317681056130255, 5.713683671168558115E-15, 64.47585481678669339 ) ) ;
#6029 = CARTESIAN_POINT ( 'NONE',  ( 2.210390690857228169, -3.600000000000000089, -66.65939556226093998 ) ) ;
#6030 = CARTESIAN_POINT ( 'NONE',  ( -15.80536713884719902, -3.000000000000010214, -59.20988528022181896 ) ) ;
#6031 = DIRECTION ( 'NONE',  ( 0.000000000000000000, -1.000000000000000000, 0.000000000000000000 ) ) ;
#6032 = CARTESIAN_POINT ( 'NONE',  ( 3.541065586454743119, 5.637851296924625423E-15, 66.80265346474038779 ) ) ;
#6033 = EDGE_LOOP ( 'NONE', ( #7474, #5161, #309, #2636 ) ) ;
#6034 = ORIENTED_EDGE ( 'NONE', *, *, #6038, .T. ) ;
#6035 = CARTESIAN_POINT ( 'NONE',  ( -2.462701453327884149, -3.000000000000011990, 66.87631008073411465 ) ) ;
#6036 = DIRECTION ( 'NONE',  ( 0.000000000000000000, 0.7071067811865460184, -0.7071067811865489050 ) ) ;
#6037 = AXIS2_PLACEMENT_3D ( 'NONE', #2206, #4427, #4541 ) ;
#6038 = EDGE_CURVE ( 'NONE', #1537, #1129, #214, .T. ) ;
#6039 = CARTESIAN_POINT ( 'NONE',  ( -17.22535890898929978, -3.599999999999999201, -51.89721757549653347 ) ) ;
#6040 = PLANE ( 'NONE',  #2170 ) ;
#6041 = CARTESIAN_POINT ( 'NONE',  ( 17.20248225645581996, -3.599999999999998757, -52.31259434085423976 ) ) ;
#6042 = ORIENTED_EDGE ( 'NONE', *, *, #7019, .T. ) ;
#6043 = LINE ( 'NONE', #7021, #853 ) ;
#6044 = CARTESIAN_POINT ( 'NONE',  ( -10.71148810799608952, -3.600000000000000533, -64.20007504354472871 ) ) ;
#6045 = DIRECTION ( 'NONE',  ( 0.000000000000000000, 0.000000000000000000, -1.000000000000000000 ) ) ;
#6046 = CARTESIAN_POINT ( 'NONE',  ( 3.700488305491772323, -3.599999999999999645, 66.27631430701561044 ) ) ;
#6047 = CARTESIAN_POINT ( 'NONE',  ( -15.35355812780236562, -3.600000000000000533, 49.31512124144408915 ) ) ;
#6048 = CARTESIAN_POINT ( 'NONE',  ( 17.29999952592029189, -3.599999999999999201, 30.60420073875159730 ) ) ;
#6049 = FACE_OUTER_BOUND ( 'NONE', #1353, .T. ) ;
#6050 = VERTEX_POINT ( 'NONE', #2559 ) ;
#6051 = CARTESIAN_POINT ( 'NONE',  ( -3.987727567433208886, -0.8000000000000003775, 66.00007531578403075 ) ) ;
#6052 = CARTESIAN_POINT ( 'NONE',  ( -17.30117925300022463, -3.600000000000000089, 25.86356785242721656 ) ) ;
#6053 = EDGE_CURVE ( 'NONE', #3415, #4852, #7017, .T. ) ;
#6054 = CARTESIAN_POINT ( 'NONE',  ( 15.65935163237303485, -3.000000000000009326, 50.56234189556825953 ) ) ;
#6055 = VECTOR ( 'NONE', #3158, 1000.000000000000000 ) ;
#6056 = CARTESIAN_POINT ( 'NONE',  ( 4.564828328927690748, -0.7999999999999836131, 64.83212662199026965 ) ) ;
#6057 = DIRECTION ( 'NONE',  ( 0.000000000000000000, 0.000000000000000000, 1.000000000000000000 ) ) ;
#6058 = CARTESIAN_POINT ( 'NONE',  ( -7.935431815989598903, -0.8000000000000051514, 61.90091964550137504 ) ) ;
#6059 = CARTESIAN_POINT ( 'NONE',  ( -12.39993575547961591, 0.000000000000000000, 61.69348873847482650 ) ) ;
#6060 = AXIS2_PLACEMENT_3D ( 'NONE', #1875, #6536, #1800 ) ;
#6061 = CARTESIAN_POINT ( 'NONE',  ( 3.745046782040077904, -0.8000000000000002665, 66.00144512947468911 ) ) ;
#6062 = CARTESIAN_POINT ( 'NONE',  ( -4.042084973478618615, 5.702949600819233017E-15, 66.79930657224569757 ) ) ;
#6063 = CARTESIAN_POINT ( 'NONE',  ( 6.649060259759255409, 5.625183629489307785E-15, 65.85305781297644501 ) ) ;
#6064 = CARTESIAN_POINT ( 'NONE',  ( 1.471141576331674194, -3.600000000000000089, -66.66265722591711551 ) ) ;
#6065 = DIRECTION ( 'NONE',  ( 0.000000000000000000, 1.000000000000000000, 0.000000000000000000 ) ) ;
#6066 = CARTESIAN_POINT ( 'NONE',  ( -5.679818643970243386, 5.703183346383829959E-15, 66.41161108449803407 ) ) ;
#6067 = VECTOR ( 'NONE', #4090, 1000.000000000000000 ) ;
#6068 = CARTESIAN_POINT ( 'NONE',  ( -17.89835893544542600, -3.000000000000011546, 28.51896609063883403 ) ) ;
#6069 = CARTESIAN_POINT ( 'NONE',  ( 15.74268997766676037, 5.768943236621628655E-15, 45.33752531257847096 ) ) ;
#6070 = CIRCLE ( 'NONE', #4479, 1.449999999999999956 ) ;
#6071 = CARTESIAN_POINT ( 'NONE',  ( 3.971439862225586204, 5.637851296924623057E-15, 66.80013297764062941 ) ) ;
#6072 = ORIENTED_EDGE ( 'NONE', *, *, #5160, .T. ) ;
#6073 = CARTESIAN_POINT ( 'NONE',  ( -7.577925623192406590, -3.000000000000010658, 65.80166508149123672 ) ) ;
#6074 = EDGE_CURVE ( 'NONE', #4852, #3995, #3163, .T. ) ;
#6075 = CARTESIAN_POINT ( 'NONE',  ( 6.581290192299036335, -0.7999999999999878320, 63.48126213309743093 ) ) ;
#6076 = B_SPLINE_CURVE_WITH_KNOTS ( 'NONE', 3,
 ( #2391, #1679, #2906, #2316, #4651, #4160, #6408, #5146, #4014, #6930, #6969, #2945, #606, #4684, #1114, #7005, #1788, #3545, #5873, #644, #4725, #1833, #485, #6891, #1716, #3439, #6600, #5494, #765, #3097, #6526, #6064, #7201, #7161, #1336, #840, #1296, #1976, #6486, #5912, #3700, #1409, #227, #3620, #6029, #726, #2472, #146, #3135, #7123, #3663, #1904, #187, #4876, #4836, #4234, #805, #2695, #3348, #2048, #5554, #5523, #6216, #2729, #4985, #1512, #294, #369, #2157, #7300, #876, #3208, #5100, #6175, #2084, #5668, #6770, #3849, #7261, #5595, #3922, #5021, #437, #5060, #6665, #6137, #3812, #6103, #4948, #400, #948, #7333, #7413, #4384, #4416, #1480, #3777, #7370, #4495, #6736, #6699, #3278, #2118, #6808, #2613, #4452, #1597, #916, #3242, #989, #1553, #3881, #3316, #1444, #6250, #5632, #328, #2772, #1026, #4342, #2652, #1211, #5213, #6989, #6360, #6916, #2895, #6844, #2264, #2811 ),
 .UNSPECIFIED., .F., .F.,
 ( 4, 1, 1, 1, 1, 2, 2, 1, 1, 1, 1, 2, 2, 1, 1, 1, 1, 1, 2, 2, 1, 1, 1, 2, 2, 1, 1, 2, 2, 1, 1, 2, 2, 1, 1, 1, 2, 2, 1, 1, 2, 2, 1, 1, 2, 2, 1, 2, 2, 1, 1, 2, 2, 1, 1, 1, 1, 2, 2, 1, 1, 1, 2, 2, 1, 1, 1, 2, 2, 1, 1, 1, 1, 2, 2, 2, 2, 1, 1, 2, 2, 1, 1, 2, 2, 1, 1, 2, 2, 4 ),
 ( 0.000000000000000000, 0.01562500000000165493, 0.02343750000000247372, 0.02734375000000289005, 0.02929687500000309475, 0.03027343750000320577, 0.03125000000000331679, 0.04687500000000507927, 0.05468750000000596051, 0.05859375000000639766, 0.06054687500000661970, 0.06152343750000674460, 0.06250000000000686950, 0.07812500000000886791, 0.08593750000000993650, 0.08984375000001049161, 0.09179687500001079692, 0.09277343750001093570, 0.09326171875001104672, 0.09375000000001115774, 0.1093750000000139333, 0.1171875000000153350, 0.1210937500000160566, 0.1230468750000164174, 0.1250000000000167644, 0.1406250000000196232, 0.1484375000000210110, 0.1523437500000217326, 0.1562500000000224543, 0.1718750000000253131, 0.1796875000000266731, 0.1835937500000274225, 0.1875000000000281719, 0.2187500000000339173, 0.2343750000000367206, 0.2421875000000381917, 0.2460937500000388578, 0.2500000000000395239, 0.3125000000000496270, 0.3437500000000545120, 0.3593750000000572320, 0.3750000000000599520, 0.4375000000000704437, 0.4687500000000760503, 0.4843750000000784373, 0.5000000000000808242, 0.5625000000000895950, 0.5937500000000934808, 0.6250000000000974776, 0.6875000000001054712, 0.7187500000001094680, 0.7343750000001121325, 0.7500000000001147971, 0.8125000000001264544, 0.8437500000001328937, 0.8593750000001358913, 0.8671875000001373346, 0.8710937500001372236, 0.8750000000001371125, 0.8906250000001434408, 0.8984375000001454392, 0.9023437500001457723, 0.9042968750001459943, 0.9062500000001462164, 0.9140625000001481038, 0.9179687500001493250, 0.9199218750001507683, 0.9208984375001506573, 0.9218750000001504352, 0.9296875000001431077, 0.9335937500001394440, 0.9355468750001375566, 0.9365234375001365574, 0.9370117187501355582, 0.9375000000001344480, 0.9414062500001280087, 0.9453125000001215694, 0.9492187500001151301, 0.9511718750001120215, 0.9521484375001093570, 0.9531250000001066924, 0.9609375000000911493, 0.9648437500000843769, 0.9667968750000810463, 0.9687500000000777156, 0.9765625000000598410, 0.9804687500000517364, 0.9824218750000467404, 0.9843750000000417444, 1.000000000000000000 ),
 .UNSPECIFIED. ) ;
#6077 = CARTESIAN_POINT ( 'NONE',  ( -8.727315219763914556, -3.000000000000011102, 64.80773104075856850 ) ) ;
#6078 = CARTESIAN_POINT ( 'NONE',  ( -17.23099577051265285, -3.599999999999998757, -51.75890531470416533 ) ) ;
#6079 = CARTESIAN_POINT ( 'NONE',  ( -4.606649823926521670, -3.599999999999999645, 66.26671521384704988 ) ) ;
#6080 = CARTESIAN_POINT ( 'NONE',  ( 17.23773204165136619, -3.599999999999999645, -51.55088298991621087 ) ) ;
#6081 = EDGE_LOOP ( 'NONE', ( #68, #4357, #7257, #3531 ) ) ;
#6082 = CARTESIAN_POINT ( 'NONE',  ( 13.05747800694493321, -3.600000000000000089, -62.10702240924548079 ) ) ;
#6083 = CARTESIAN_POINT ( 'NONE',  ( 10.12931382675454550, -3.000000000000010658, -65.27932831418377191 ) ) ;
#6084 = VECTOR ( 'NONE', #2192, 1000.000000000000000 ) ;
#6085 = CARTESIAN_POINT ( 'NONE',  ( -11.36513577233144012, -3.400000000000003464, -63.99340612863320388 ) ) ;
#6086 = CARTESIAN_POINT ( 'NONE',  ( -4.896619201494461393, -0.8000000000000185851, 64.71170348547015294 ) ) ;
#6087 = CARTESIAN_POINT ( 'NONE',  ( -17.29686307743952511, -3.600000000000000089, 31.73839139334899073 ) ) ;
#6088 = EDGE_CURVE ( 'NONE', #2371, #3415, #2415, .T. ) ;
#6089 = AXIS2_PLACEMENT_3D ( 'NONE', #332, #1601, #7303 ) ;
#6090 = AXIS2_PLACEMENT_3D ( 'NONE', #2137, #970, #6715 ) ;
#6091 = ORIENTED_EDGE ( 'NONE', *, *, #5242, .F. ) ;
#6092 = CARTESIAN_POINT ( 'NONE',  ( 3.310710085652875723, -3.600000000000000089, 66.27630201004151900 ) ) ;
#6093 = CARTESIAN_POINT ( 'NONE',  ( -5.933470730996766918, -0.7999999999999999334, 65.36805177761740993 ) ) ;
#6094 = CARTESIAN_POINT ( 'NONE',  ( 17.89881275717790388, -3.000000000000010214, 27.65574292034640891 ) ) ;
#6095 = CARTESIAN_POINT ( 'NONE',  ( -8.322628423928261299, -3.600000000000000533, 64.35913059193777030 ) ) ;
#6096 = CARTESIAN_POINT ( 'NONE',  ( -3.810036809055219020, -2.100000000000000089, -20.25365091625904412 ) ) ;
#6097 =( NAMED_UNIT ( * ) SI_UNIT ( $, .STERADIAN. ) SOLID_ANGLE_UNIT ( ) );
#6098 = CARTESIAN_POINT ( 'NONE',  ( -18.05323324065243540, 0.000000000000000000, 41.98427938043147378 ) ) ;
#6099 = CARTESIAN_POINT ( 'NONE',  ( 17.89666395838717960, -2.000000000000000444, 18.29915153502000180 ) ) ;
#6100 = ORIENTED_EDGE ( 'NONE', *, *, #7210, .T. ) ;
#6101 = CARTESIAN_POINT ( 'NONE',  ( 17.26947302904298454, -3.600000000000000533, -45.24052693197284469 ) ) ;
#6102 = CARTESIAN_POINT ( 'NONE',  ( 6.905190675597855154, 5.722084122811405734E-15, 65.66808588849505668 ) ) ;
#6103 = CARTESIAN_POINT ( 'NONE',  ( 10.28347049862074947, -3.600000000000000533, -64.46905456133937662 ) ) ;
#6104 = CARTESIAN_POINT ( 'NONE',  ( -6.152030396659749378, -3.000000000000010658, 66.64820333447751466 ) ) ;
#6105 = CARTESIAN_POINT ( 'NONE',  ( -4.002948811653866734, 5.482053952268561311E-15, 66.79995493046345700 ) ) ;
#6106 = CARTESIAN_POINT ( 'NONE',  ( -17.89987720027608020, -3.000000000000011102, 31.17569882294603190 ) ) ;
#6107 = CARTESIAN_POINT ( 'NONE',  ( 16.00021592708191420, -0.8000000000384843712, 33.52961156933066889 ) ) ;
#6108 = CARTESIAN_POINT ( 'NONE',  ( 15.15976717259103701, 5.619683413729792750E-15, 48.42775694309212042 ) ) ;
#6109 = CARTESIAN_POINT ( 'NONE',  ( 11.19218738035585936, -0.8000000000000002665, 58.30547534362437290 ) ) ;
#6110 = ORIENTED_EDGE ( 'NONE', *, *, #882, .T. ) ;
#6111 = CARTESIAN_POINT ( 'NONE',  ( -6.527545993575182059, -3.600000000000000089, 65.75879714384196006 ) ) ;
#6112 = CARTESIAN_POINT ( 'NONE',  ( 11.61597746056947678, -3.000000000000010658, -64.30498037203024353 ) ) ;
#6113 = CARTESIAN_POINT ( 'NONE',  ( -17.23662933915151996, -3.599999999999999645, -51.58554494848717553 ) ) ;
#6114 = EDGE_CURVE ( 'NONE', #3083, #3567, #4318, .T. ) ;
#6115 = CARTESIAN_POINT ( 'NONE',  ( 10.82296961163744520, 5.634014160186247946E-15, 60.81733330860894426 ) ) ;
#6116 = CARTESIAN_POINT ( 'NONE',  ( 17.24928751979607355, -3.600000000000000533, -51.03140326176017538 ) ) ;
#6117 = ORIENTED_EDGE ( 'NONE', *, *, #819, .T. ) ;
#6118 = LINE ( 'NONE', #4359, #468 ) ;
#6119 = DIRECTION ( 'NONE',  ( -0.000000000000000000, -1.000000000000000000, -0.000000000000000000 ) ) ;
#6120 = CARTESIAN_POINT ( 'NONE',  ( -7.533123011820720194, -2.000000000000000000, 65.83467889267632245 ) ) ;
#6121 = CARTESIAN_POINT ( 'NONE',  ( -4.174821249860534600, -0.8000000000000189182, 64.92026806370637360 ) ) ;
#6122 = CARTESIAN_POINT ( 'NONE',  ( 17.29931591655861212, -3.600000000000000977, 29.67217918359147077 ) ) ;
#6123 = ORIENTED_EDGE ( 'NONE', *, *, #1264, .T. ) ;
#6124 = CARTESIAN_POINT ( 'NONE',  ( -17.26755656339765466, -3.600000000000000977, -50.00093444427354683 ) ) ;
#6125 = CARTESIAN_POINT ( 'NONE',  ( 5.499723535155592202, -3.000000000000011102, 66.75996162383982835 ) ) ;
#6126 = CARTESIAN_POINT ( 'NONE',  ( -7.844786530859834350, -0.7999999999999996003, 63.70231998497276038 ) ) ;
#6127 = CARTESIAN_POINT ( 'NONE',  ( 9.568611180550162132, -3.600000000000001865, -64.88499617641636519 ) ) ;
#6128 = CARTESIAN_POINT ( 'NONE',  ( 15.73344313022189844, -3.000000000000010658, 50.27344284461187840 ) ) ;
#6129 = CARTESIAN_POINT ( 'NONE',  ( 17.26482954558166938, -3.600000000000000977, 12.98250162580204403 ) ) ;
#6130 = CARTESIAN_POINT ( 'NONE',  ( -10.75004515540093664, -0.03847796147143744266, 60.86740723327925906 ) ) ;
#6131 = CARTESIAN_POINT ( 'NONE',  ( -16.70340922098642267, 5.616885181757943125E-15, 36.18331172021334652 ) ) ;
#6132 = DIRECTION ( 'NONE',  ( 0.000000000000000000, 0.000000000000000000, -1.000000000000000000 ) ) ;
#6133 = ORIENTED_EDGE ( 'NONE', *, *, #7210, .F. ) ;
#6134 = CARTESIAN_POINT ( 'NONE',  ( 17.25702103956694344, -3.600000000000000089, -44.22932022476732072 ) ) ;
#6135 = CARTESIAN_POINT ( 'NONE',  ( 11.26298376907042353, 42.96802058166520766, -16.03897240840849747 ) ) ;
#6136 = CARTESIAN_POINT ( 'NONE',  ( 6.353283034516989503, 5.832306515185698784E-15, 66.04896756491706356 ) ) ;
#6137 = CARTESIAN_POINT ( 'NONE',  ( 10.21280880283677917, -3.599999999999999645, -64.51265272271407980 ) ) ;
#6138 = CARTESIAN_POINT ( 'NONE',  ( -15.20793452344803676, -3.000000000000010214, -60.23892368621469018 ) ) ;
#6139 = CARTESIAN_POINT ( 'NONE',  ( -6.686077769647259750, 5.532525730460090473E-15, 65.83000465099053145 ) ) ;
#6140 = CARTESIAN_POINT ( 'NONE',  ( -2.981836025512618615, -3.600000000000000089, -66.63708560397647318 ) ) ;
#6141 = CARTESIAN_POINT ( 'NONE',  ( 13.12458710518441940, -0.7999999999989396704, 53.16422295393500264 ) ) ;
#6142 = CARTESIAN_POINT ( 'NONE',  ( 13.84847203411466232, 5.643837230244237179E-15, 53.51350378678760933 ) ) ;
#6143 = B_SPLINE_CURVE_WITH_KNOTS ( 'NONE', 2,
 ( #1598, #438, #2228, #6845, #4001, #401, #2195, #370, #2696, #7450, #2730, #7485 ),
 .UNSPECIFIED., .F., .F.,
 ( 3, 1, 1, 1, 1, 1, 1, 1, 1, 1, 3 ),
 ( 0.000000000000000000, 0.04687501606165501988, 0.09375003212331003977, 0.1562500535388500755, 0.2187500749543900835, 0.3125001070777001511, 0.4375001499087801671, 0.5625001927398602941, 0.6875002355709403101, 0.8125002784020203261, 1.000000342648640350 ),
 .UNSPECIFIED. ) ;
#6144 = CARTESIAN_POINT ( 'NONE',  ( 15.36866269501362581, -0.8000000000000002665, 42.33262665617245801 ) ) ;
#6145 = EDGE_LOOP ( 'NONE', ( #3003, #3578, #910, #5501 ) ) ;
#6146 = CARTESIAN_POINT ( 'NONE',  ( -6.320803816334321645, -3.600000000000000089, 65.85781015932364824 ) ) ;
#6147 = CARTESIAN_POINT ( 'NONE',  ( 8.034289234613389397, -0.8000000000000104805, 61.73278315424010998 ) ) ;
#6148 = CARTESIAN_POINT ( 'NONE',  ( 0.6574479888857370780, -3.000000000000010658, 66.87631665454264862 ) ) ;
#6149 = CARTESIAN_POINT ( 'NONE',  ( 18.60000000000524167, -2.000000000000000000, -52.00000000000001421 ) ) ;
#6150 = ADVANCED_FACE ( 'NONE', ( #3354 ), #443, .T. ) ;
#6151 = CARTESIAN_POINT ( 'NONE',  ( -11.93703795190697470, -3.600000000000000533, -63.24853723342639711 ) ) ;
#6152 = CARTESIAN_POINT ( 'NONE',  ( 7.990989113999513727, 5.657458106398377220E-15, 64.71579977377943749 ) ) ;
#6153 = CARTESIAN_POINT ( 'NONE',  ( 16.56127993877481686, -3.600000000000000533, -55.80809966409854894 ) ) ;
#6154 = ORIENTED_EDGE ( 'NONE', *, *, #3032, .T. ) ;
#6155 = LINE ( 'NONE', #4399, #4268 ) ;
#6156 = DIRECTION ( 'NONE',  ( 0.000000000000000000, 0.000000000000000000, -1.000000000000000000 ) ) ;
#6157 = CARTESIAN_POINT ( 'NONE',  ( -11.61597746063123004, -3.000000000000010658, -64.30498037198057659 ) ) ;
#6158 = CARTESIAN_POINT ( 'NONE',  ( -7.098849778401643107, -0.8000000000000104805, 62.92983613502832441 ) ) ;
#6159 = CARTESIAN_POINT ( 'NONE',  ( -17.29994651449993981, -3.599999999999999645, 30.72342181264818350 ) ) ;
#6160 = CARTESIAN_POINT ( 'NONE',  ( 17.29934793897317036, -3.600000000000000533, 29.69745044519580546 ) ) ;
#6161 = TOROIDAL_SURFACE ( 'NONE', #3847, 6.921320343559667521, 1.500000000000000000 ) ;
#6162 = ORIENTED_EDGE ( 'NONE', *, *, #3938, .T. ) ;
#6163 = CARTESIAN_POINT ( 'NONE',  ( 2.463784637914839148, -3.600000000000001421, 66.27631004931234315 ) ) ;
#6164 = CARTESIAN_POINT ( 'NONE',  ( -6.097886964960956391, -0.8000000000000005995, 65.26268843322615965 ) ) ;
#6165 = CARTESIAN_POINT ( 'NONE',  ( 2.361921372698320365, -3.000000000000010214, -67.25724386907430130 ) ) ;
#6166 = CARTESIAN_POINT ( 'NONE',  ( -9.192053754657496967, -3.600000000000000533, 63.39573290861261512 ) ) ;
#6167 = DIRECTION ( 'NONE',  ( -0.000000000000000000, -1.000000000000000000, -0.000000000000000000 ) ) ;
#6168 = CARTESIAN_POINT ( 'NONE',  ( -10.46669745753394665, -0.8000000000011349144, 59.79347231908844407 ) ) ;
#6169 = CARTESIAN_POINT ( 'NONE',  ( -15.74208384191080867, 5.638982292979762283E-15, 45.33663344603296963 ) ) ;
#6170 = CARTESIAN_POINT ( 'NONE',  ( 3.989577509526619714, -0.7999999999999993783, 66.00000771686623580 ) ) ;
#6171 = VERTEX_POINT ( 'NONE', #3966 ) ;
#6172 = CARTESIAN_POINT ( 'NONE',  ( 17.26632071497503063, -3.600000000000000533, -45.03050430692185557 ) ) ;
#6173 = DIRECTION ( 'NONE',  ( -0.000000000000000000, -1.000000000000000000, -0.000000000000000000 ) ) ;
#6174 = CARTESIAN_POINT ( 'NONE',  ( 9.138230453435802758, 5.422238106658683270E-15, 63.39332677061687349 ) ) ;
#6175 = CARTESIAN_POINT ( 'NONE',  ( 8.572705241499296136, -3.600000000000000533, -65.37066461745615698 ) ) ;
#6176 = CARTESIAN_POINT ( 'NONE',  ( -3.625583135075104657, -2.000000000000000000, 66.87625928021003574 ) ) ;
#6177 = CARTESIAN_POINT ( 'NONE',  ( -9.991693281991524955, 5.073916263090539403E-15, 62.18858985330982847 ) ) ;
#6178 = CARTESIAN_POINT ( 'NONE',  ( -2.454344224986715339, -3.600000000000000089, -66.65505888329037987 ) ) ;
#6179 = CARTESIAN_POINT ( 'NONE',  ( 16.72074295040382097, -0.03847716763164601983, 35.08849922229047991 ) ) ;
#6180 = CARTESIAN_POINT ( 'NONE',  ( 17.89160533759710603, -3.000000000000010214, -46.99083913525043243 ) ) ;
#6181 = ADVANCED_FACE ( 'NONE', ( #2777 ), #5106, .F. ) ;
#6182 = CARTESIAN_POINT ( 'NONE',  ( 10.34960279465648192, -0.7999999999999997113, 60.01725587782605942 ) ) ;
#6183 = VERTEX_POINT ( 'NONE', #7419 ) ;
#6184 = CARTESIAN_POINT ( 'NONE',  ( -10.33746006741873025, 5.700244099653979338E-15, 61.64165579050825272 ) ) ;
#6185 = CARTESIAN_POINT ( 'NONE',  ( -5.498368663505673659, -3.000000000000009770, 66.76025559388089903 ) ) ;
#6186 = CARTESIAN_POINT ( 'NONE',  ( 5.400310323740828977, -0.7999999999999953815, 64.43420164794606819 ) ) ;
#6187 = AXIS2_PLACEMENT_3D ( 'NONE', #4120, #2982, #61 ) ;
#6188 = LINE ( 'NONE', #2666, #5432 ) ;
#6189 = CARTESIAN_POINT ( 'NONE',  ( 3.972661936725666365, 0.000000000000000000, -69.69035344144921851 ) ) ;
#6190 = VECTOR ( 'NONE', #3652, 999.9999999999998863 ) ;
#6191 = CIRCLE ( 'NONE', #2765, 2.650000000000013678 ) ;
#6192 = CARTESIAN_POINT ( 'NONE',  ( 1.468043823048675602E-06, -1.779949199897996825, -58.94298589695201684 ) ) ;
#6193 = CARTESIAN_POINT ( 'NONE',  ( 8.917440934144837072, 5.564430115523848957E-15, 63.67280847888451234 ) ) ;
#6194 = CARTESIAN_POINT ( 'NONE',  ( 17.25815343655611400, -3.600000000000000533, -50.53320545685285481 ) ) ;
#6195 = ORIENTED_EDGE ( 'NONE', *, *, #417, .F. ) ;
#6196 = CARTESIAN_POINT ( 'NONE',  ( 16.45986738824476703, -3.599999999999999645, -56.13182227766158405 ) ) ;
#6197 = CARTESIAN_POINT ( 'NONE',  ( 2.000000000000000444, -2.000000000000000000, -70.00000000000000000 ) ) ;
#6198 = CARTESIAN_POINT ( 'NONE',  ( -17.88724251148742539, -3.000000000000010658, -48.96963389011206402 ) ) ;
#6199 = DIRECTION ( 'NONE',  ( -1.130782554152743295E-30, -1.000000000000000000, 1.577721782278565750E-30 ) ) ;
#6200 = CARTESIAN_POINT ( 'NONE',  ( -17.29971417239003273, -3.600000000000000533, 30.00824301838315122 ) ) ;
#6201 = VECTOR ( 'NONE', #1024, 1000.000000000000227 ) ;
#6202 = ORIENTED_EDGE ( 'NONE', *, *, #861, .F. ) ;
#6203 = CARTESIAN_POINT ( 'NONE',  ( 6.570054220746042617, -3.000000000000009770, 66.40368082073503331 ) ) ;
#6204 = CARTESIAN_POINT ( 'NONE',  ( -6.032498338765988954, -0.8000000000000003775, 65.30552628636067425 ) ) ;
#6205 = CARTESIAN_POINT ( 'NONE',  ( 10.65187165751232889, -3.599999999999999645, -64.23773827884066634 ) ) ;
#6206 = CARTESIAN_POINT ( 'NONE',  ( 16.45399257379917302, -3.000000000000010214, 47.08569926523414750 ) ) ;
#6207 = VECTOR ( 'NONE', #3385, 1000.000000000000114 ) ;
#6208 = CARTESIAN_POINT ( 'NONE',  ( -9.574078901665268759, -3.600000000000000533, 62.91302018576173793 ) ) ;
#6209 = DIRECTION ( 'NONE',  ( 2.245596732656061774E-16, 1.577721810442023436E-30, 1.000000000000000000 ) ) ;
#6210 = ORIENTED_EDGE ( 'NONE', *, *, #1233, .F. ) ;
#6211 = DIRECTION ( 'NONE',  ( 0.000000000000000000, 0.000000000000000000, -1.000000000000000000 ) ) ;
#6212 = PLANE ( 'NONE',  #4855 ) ;
#6213 = AXIS2_PLACEMENT_3D ( 'NONE', #5350, #7465, #2208 ) ;
#6214 = CLOSED_SHELL ( 'NONE', ( #2086, #516, #2889, #2313, #5609, #1204, #7399, #292, #4312, #287, #4812, #5039, #2108, #1011, #6500, #6720, #4988, #1145, #6015, #195, #4929, #1376, #3546, #7199, #1467, #7146, #7534, #2385, #4026, #4429, #2342, #5817, #3972, #7048, #6316, #1949, #4217, #5756, #5291, #6181, #6272, #496, #6742, #6362, #6927, #4483, #5580, #4958, #3680, #45, #1725, #6635, #863, #3049, #536, #5845, #4036, #5563, #3294, #1394, #5937, #4350, #6863, #3705, #2475, #156, #6701, #6227, #1433, #6022, #4589, #6818, #6955, #913, #5044, #3832, #7519, #6150, #1879, #2245, #5480, #3247, #1538, #2915, #5695, #3535, #6291, #2197, #4501, #1172, #2358, #2635, #7096, #1696, #1419, #7411, #4077, #1686, #2277, #4172, #3797, #6597, #5784, #1649, #90, #4, #3475, #1578, #3125, #1096, #29, #4403, #4790 ) ) ;
#6215 = CARTESIAN_POINT ( 'NONE',  ( 14.53826331949083261, 5.763043638892103234E-15, 51.08324767646752917 ) ) ;
#6216 = CARTESIAN_POINT ( 'NONE',  ( 5.766803551736551903, -3.600000000000000089, -66.28210218068896609 ) ) ;
#6217 = FACE_OUTER_BOUND ( 'NONE', #1703, .T. ) ;
#6218 = CARTESIAN_POINT ( 'NONE',  ( -7.455157900255516168, 5.337537150184718952E-15, 65.22232290315500336 ) ) ;
#6219 = CARTESIAN_POINT ( 'NONE',  ( -7.416095187616177142, -3.600000000000000089, -65.82263965801878669 ) ) ;
#6220 = CARTESIAN_POINT ( 'NONE',  ( 11.86991486608750179, -0.7999999999999933831, 53.56663730295858272 ) ) ;
#6221 = DIRECTION ( 'NONE',  ( 0.000000000000000000, -0.000000000000000000, -1.000000000000000000 ) ) ;
#6222 = CARTESIAN_POINT ( 'NONE',  ( 9.760826613104878646, -0.8000000000000005995, 61.05177775400078133 ) ) ;
#6223 = EDGE_LOOP ( 'NONE', ( #3189, #2461, #3585, #281 ) ) ;
#6224 = CARTESIAN_POINT ( 'NONE',  ( -9.727509490372110434, -3.599999999999999201, -64.79734314690439589 ) ) ;
#6225 = CARTESIAN_POINT ( 'NONE',  ( -17.11614291544481858, -3.600000000000000089, -53.19389996482696858 ) ) ;
#6226 = CARTESIAN_POINT ( 'NONE',  ( 7.025001142746281957, -2.000000000000000000, 66.20915086139363837 ) ) ;
#6227 = ADVANCED_FACE ( 'NONE', ( #4535 ), #2639, .T. ) ;
#6228 = CARTESIAN_POINT ( 'NONE',  ( -14.25575799097778074, -3.600000000000000089, -28.35427299466723738 ) ) ;
#6229 = CARTESIAN_POINT ( 'NONE',  ( 3.983112908575410671, -0.6014068095292689486, 65.91969803353306645 ) ) ;
#6230 = CARTESIAN_POINT ( 'NONE',  ( -11.59378506389149521, -3.599999999999999201, -63.55219175866407255 ) ) ;
#6231 = CARTESIAN_POINT ( 'NONE',  ( 7.242990561614795375, 5.848630334025889783E-15, 65.40327649610570404 ) ) ;
#6232 = CARTESIAN_POINT ( 'NONE',  ( 17.25893076457575503, -3.600000000000001421, -50.49030438562191136 ) ) ;
#6233 = ORIENTED_EDGE ( 'NONE', *, *, #212, .F. ) ;
#6234 = CARTESIAN_POINT ( 'NONE',  ( 11.61597746057409708, -3.000000000000011990, -64.30498037202977457 ) ) ;
#6235 = CARTESIAN_POINT ( 'NONE',  ( -17.25573419019989174, -3.600000000000000089, 11.10922713956579599 ) ) ;
#6236 = CARTESIAN_POINT ( 'NONE',  ( 11.23945103166682991, -3.600000000000000089, -63.83783157043751544 ) ) ;
#6237 = PLANE ( 'NONE',  #5570 ) ;
#6238 = DIRECTION ( 'NONE',  ( 0.000000000000000000, 0.000000000000000000, -1.000000000000000000 ) ) ;
#6239 = EDGE_LOOP ( 'NONE', ( #6154, #5284, #4881, #4969 ) ) ;
#6240 = CARTESIAN_POINT ( 'NONE',  ( -17.26910278618886707, -3.600000000000001421, -49.90937599293314264 ) ) ;
#6241 = CARTESIAN_POINT ( 'NONE',  ( -6.926534256493540376, -0.8000000000000007105, 64.62184004230499568 ) ) ;
#6242 = CARTESIAN_POINT ( 'NONE',  ( 0.2447007792939502602, -3.000000000000009770, -67.25441794240835236 ) ) ;
#6243 = CARTESIAN_POINT ( 'NONE',  ( -11.76026099531060609, -0.03847876301008656963, 58.99738702444140870 ) ) ;
#6244 = CARTESIAN_POINT ( 'NONE',  ( -9.330313597366616918, -3.600000000000000089, 63.22616992207328934 ) ) ;
#6245 = CARTESIAN_POINT ( 'NONE',  ( 17.25689432593185302, -3.600000000000000977, 11.36828729810263283 ) ) ;
#6246 = EDGE_LOOP ( 'NONE', ( #6819, #736, #4297, #6333 ) ) ;
#6247 = CARTESIAN_POINT ( 'NONE',  ( -3.810036809055219464, -3.600000000000000089, -15.87497125981866475 ) ) ;
#6248 = DIRECTION ( 'NONE',  ( -0.000000000000000000, 1.000000000000000000, -0.000000000000000000 ) ) ;
#6249 = CARTESIAN_POINT ( 'NONE',  ( 11.83148963087016803, 5.886633976498010612E-15, 58.82961734159930955 ) ) ;
#6250 = CARTESIAN_POINT ( 'NONE',  ( 10.77809009907103288, -3.599999999999999645, -64.15789159076233261 ) ) ;
#6251 = CARTESIAN_POINT ( 'NONE',  ( -5.041041522454002610, -0.7999999999999999334, -26.79298605861921700 ) ) ;
#6252 = CARTESIAN_POINT ( 'NONE',  ( -8.217344843343548533, 5.404257923358113386E-15, 64.47980578812217800 ) ) ;
#6253 = EDGE_CURVE ( 'NONE', #5315, #2203, #6325, .T. ) ;
#6254 = CARTESIAN_POINT ( 'NONE',  ( -0.6662570999189776355, -3.599999999999999201, -66.65743766623418765 ) ) ;
#6255 = CARTESIAN_POINT ( 'NONE',  ( 11.26298467316425622, 42.96802058166520766, -52.33897240840828857 ) ) ;
#6256 = CARTESIAN_POINT ( 'NONE',  ( 14.60024565777390393, -0.7999999999999942712, 39.54008520372138236 ) ) ;
#6257 = CARTESIAN_POINT ( 'NONE',  ( 9.430683447328798152, -0.8000000000000001554, 61.58109072288412023 ) ) ;
#6258 = ORIENTED_EDGE ( 'NONE', *, *, #5934, .F. ) ;
#6259 = CARTESIAN_POINT ( 'NONE',  ( -13.11434604542953508, 5.471474326742697624E-15, 55.71031204679242421 ) ) ;
#6260 = DIRECTION ( 'NONE',  ( -0.000000000000000000, -1.000000000000000000, -0.000000000000000000 ) ) ;
#6261 = CARTESIAN_POINT ( 'NONE',  ( -3.083650669016535506, -2.000000000000000000, -67.31332803073999571 ) ) ;
#6262 = CARTESIAN_POINT ( 'NONE',  ( 9.595856357900471423, -0.7999999999999982681, 59.14222397956697819 ) ) ;
#6263 = CARTESIAN_POINT ( 'NONE',  ( 7.025001142746281957, -3.000000000000010658, 66.20915086139363837 ) ) ;
#6264 = PLANE ( 'NONE',  #6213 ) ;
#6265 = B_SPLINE_CURVE_WITH_KNOTS ( 'NONE', 3,
 ( #5327, #5579, #6792, #422, #3338, #2677, #314, #862, #4967, #5086, #5656, #1620, #3796, #7281 ),
 .UNSPECIFIED., .F., .F.,
 ( 4, 1, 1, 1, 1, 1, 1, 1, 1, 1, 1, 4 ),
 ( 0.000000000000000000, 0.1249999999999999722, 0.2499999999999999445, 0.3125000000000000000, 0.3750000000000000000, 0.5000000000000000000, 0.6250000000000000000, 0.7500000000000000000, 0.8125000000000000000, 0.8750000000000000000, 0.9375000000000000000, 1.000000000000000000 ),
 .UNSPECIFIED. ) ;
#6266 = CARTESIAN_POINT ( 'NONE',  ( -12.31102210494567473, -3.600000000000000977, -62.88642499427236743 ) ) ;
#6267 = CARTESIAN_POINT ( 'NONE',  ( 10.60948092026633205, 5.645912161937978688E-15, 61.18893350356405847 ) ) ;
#6268 = CARTESIAN_POINT ( 'NONE',  ( 17.26326720131664416, -3.599999999999999645, -50.24664245522735229 ) ) ;
#6269 = CARTESIAN_POINT ( 'NONE',  ( 1.999999999999998224, 0.000000000000000000, -52.00000000000000711 ) ) ;
#6270 = CARTESIAN_POINT ( 'NONE',  ( 14.40635315481710421, -3.000000000000010658, -61.40903658766047357 ) ) ;
#6271 = CARTESIAN_POINT ( 'NONE',  ( 12.33703577386310535, -3.000000000000010658, -63.72380043343677158 ) ) ;
#6272 = ADVANCED_FACE ( 'NONE', ( #3178 ), #1820, .F. ) ;
#6273 = FACE_OUTER_BOUND ( 'NONE', #2647, .T. ) ;
#6274 = CARTESIAN_POINT ( 'NONE',  ( -3.810036809055219464, -2.100000000000016520, -15.87497125981866475 ) ) ;
#6275 = CARTESIAN_POINT ( 'NONE',  ( -17.29847458533999216, -3.599999999999999645, 28.82419638545035312 ) ) ;
#6276 = CARTESIAN_POINT ( 'NONE',  ( -18.59999999999998721, -2.000000000000000000, 32.00001899343997991 ) ) ;
#6277 = ORIENTED_EDGE ( 'NONE', *, *, #6523, .T. ) ;
#6278 = CARTESIAN_POINT ( 'NONE',  ( 2.925751424362010855, -3.000000000000009770, 66.87630197821555100 ) ) ;
#6279 = CARTESIAN_POINT ( 'NONE',  ( -12.36221144120178117, -0.8000000000000001554, 55.43771964721879186 ) ) ;
#6280 = CARTESIAN_POINT ( 'NONE',  ( 10.88595934990478220, -3.599999999999999645, -64.08875291728115542 ) ) ;
#6281 = CARTESIAN_POINT ( 'NONE',  ( -16.53118620664106331, -0.03847789151714507694, 38.51440796414746615 ) ) ;
#6282 = CARTESIAN_POINT ( 'NONE',  ( -11.04213882267133151, -3.600000000000000089, 60.72503808952486537 ) ) ;
#6283 = DIRECTION ( 'NONE',  ( -0.000000000000000000, 1.000000000000000000, -0.000000000000000000 ) ) ;
#6284 = ORIENTED_EDGE ( 'NONE', *, *, #3579, .T. ) ;
#6285 = CARTESIAN_POINT ( 'NONE',  ( -3.980266776194455680, -0.8000000000000120348, 64.92313749486277175 ) ) ;
#6286 = ORIENTED_EDGE ( 'NONE', *, *, #1760, .F. ) ;
#6287 = CARTESIAN_POINT ( 'NONE',  ( 14.25575799097778784, -3.100000000000030731, 29.15011359384848078 ) ) ;
#6288 = CARTESIAN_POINT ( 'NONE',  ( 10.44535589222831007, 5.621729566897911795E-15, 61.46586951543236665 ) ) ;
#6289 = CARTESIAN_POINT ( 'NONE',  ( 3.359498713772218981, 17.76640921322866973, 45.91854592256469658 ) ) ;
#6290 = LINE ( 'NONE', #4453, #6677 ) ;
#6291 = ADVANCED_FACE ( 'NONE', ( #266, #952 ), #5559, .T. ) ;
#6292 = CARTESIAN_POINT ( 'NONE',  ( -9.372388380017300236, 5.413447226384746853E-15, 63.08396625195106111 ) ) ;
#6293 = PLANE ( 'NONE',  #4892 ) ;
#6294 = CARTESIAN_POINT ( 'NONE',  ( 14.92304473783518937, 1.800000000000000044, 51.32085073775028405 ) ) ;
#6295 = CARTESIAN_POINT ( 'NONE',  ( 11.12703145984532149, -0.8000000000000097033, 55.69650946242319378 ) ) ;
#6296 = CARTESIAN_POINT ( 'NONE',  ( 7.634746885638993064, -0.7999999999999999334, 63.93077719319587260 ) ) ;
#6297 = EDGE_LOOP ( 'NONE', ( #5506, #5210, #3157, #4244 ) ) ;
#6298 = CARTESIAN_POINT ( 'NONE',  ( -11.00264174823279362, 5.552401139475113893E-15, 60.48292551126284167 ) ) ;
#6299 = CYLINDRICAL_SURFACE ( 'NONE', #7051, 2.149999999999995470 ) ;
#6300 = CARTESIAN_POINT ( 'NONE',  ( -17.27288060937129188, -3.599999999999999645, -49.68570339552395154 ) ) ;
#6301 = CARTESIAN_POINT ( 'NONE',  ( 16.76152236413151186, -0.03847762630100624859, 32.00001221043132915 ) ) ;
#6302 = CARTESIAN_POINT ( 'NONE',  ( -6.491041522454004564, -1.779949199898000378, -56.24298605861921629 ) ) ;
#6303 = CARTESIAN_POINT ( 'NONE',  ( 3.985468131181260976, -0.3957455337701164533, 66.31804941160768863 ) ) ;
#6304 = CARTESIAN_POINT ( 'NONE',  ( -0.6574479888863803412, -2.000000000000000000, 66.87631665454264862 ) ) ;
#6305 = CARTESIAN_POINT ( 'NONE',  ( 5.062016768368905240, 6.043588217586197236E-15, 66.64265525539093460 ) ) ;
#6306 = CARTESIAN_POINT ( 'NONE',  ( 17.27760429090184147, -3.599999999999999201, -49.37164542279755608 ) ) ;
#6307 = ORIENTED_EDGE ( 'NONE', *, *, #1319, .T. ) ;
#6308 = CARTESIAN_POINT ( 'NONE',  ( 17.22965351101321474, -3.599999999999999645, -51.79865018887409889 ) ) ;
#6309 = CARTESIAN_POINT ( 'NONE',  ( 17.85584412249268738, -3.000000000000010658, -44.73264089768713347 ) ) ;
#6310 = AXIS2_PLACEMENT_3D ( 'NONE', #2006, #2676, #6684 ) ;
#6311 = CARTESIAN_POINT ( 'NONE',  ( 5.639499776871322248E-07, -3.600000000000000089, -22.64298589695223640 ) ) ;
#6312 = DIRECTION ( 'NONE',  ( -0.7071067811865521247, -0.7071067811865430208, 0.000000000000000000 ) ) ;
#6313 = CARTESIAN_POINT ( 'NONE',  ( 10.10511615540712960, -2.000000000000000000, 63.38703717106523783 ) ) ;
#6314 = CARTESIAN_POINT ( 'NONE',  ( 14.47579801413086464, -0.8000000000000000444, -66.00000000000000000 ) ) ;
#6315 = ORIENTED_EDGE ( 'NONE', *, *, #861, .T. ) ;
#6316 = ADVANCED_FACE ( 'NONE', ( #3282 ), #993, .T. ) ;
#6317 = CARTESIAN_POINT ( 'NONE',  ( 7.736918446307582187, -3.000000000000009326, -66.34641524838053783 ) ) ;
#6318 = CARTESIAN_POINT ( 'NONE',  ( -9.482136559796240149, -0.03847741218939261520, 62.87192115451178864 ) ) ;
#6319 = CARTESIAN_POINT ( 'NONE',  ( -4.033416620335994907, -0.7999999999999751754, 64.92186296330787343 ) ) ;
#6320 = ORIENTED_EDGE ( 'NONE', *, *, #6088, .F. ) ;
#6321 = VECTOR ( 'NONE', #1272, 1000.000000000000000 ) ;
#6322 = CARTESIAN_POINT ( 'NONE',  ( -17.26788026962845279, -3.600000000000000977, -45.13465777343128593 ) ) ;
#6323 = CARTESIAN_POINT ( 'NONE',  ( 1.662984673164508376, 42.96802058166520766, -52.33897264750748946 ) ) ;
#6324 = PLANE ( 'NONE',  #2649 ) ;
#6325 = CIRCLE ( 'NONE', #5962, 2.149999999999995470 ) ;
#6326 = CARTESIAN_POINT ( 'NONE',  ( -10.66506344736870204, 5.952275874507374224E-15, 61.08834240735714616 ) ) ;
#6327 = CARTESIAN_POINT ( 'NONE',  ( -1.967627034376665085, -3.600000000000000089, -66.66194631274180438 ) ) ;
#6328 = CARTESIAN_POINT ( 'NONE',  ( 12.25010098737813458, -0.03847630084952476104, 57.81756697790796551 ) ) ;
#6329 = CARTESIAN_POINT ( 'NONE',  ( 17.26422911978600894, -3.599999999999999645, 33.85877565297873559 ) ) ;
#6330 = CARTESIAN_POINT ( 'NONE',  ( -16.00000005923997293, -0.7999999999999988232, 32.00057401408643187 ) ) ;
#6331 = CARTESIAN_POINT ( 'NONE',  ( 6.394778671004171855, -0.8000000000000000444, 65.05064692908310064 ) ) ;
#6332 = AXIS2_PLACEMENT_3D ( 'NONE', #3442, #4579, #6784 ) ;
#6333 = ORIENTED_EDGE ( 'NONE', *, *, #1004, .F. ) ;
#6334 = CARTESIAN_POINT ( 'NONE',  ( -13.46316754244874936, 5.586393374625980364E-15, 54.71674945715379579 ) ) ;
#6335 = CARTESIAN_POINT ( 'NONE',  ( -3.810036809055219464, -0.7999999999999999334, -15.87497125981866475 ) ) ;
#6336 = CARTESIAN_POINT ( 'NONE',  ( -10.98918339658784227, -3.600000000000001421, -64.02081913593750073 ) ) ;
#6337 = CARTESIAN_POINT ( 'NONE',  ( -13.56490621156701160, -3.000000000000010658, 57.07621014246861790 ) ) ;
#6338 = CARTESIAN_POINT ( 'NONE',  ( 14.92304473783518937, -0.8000000000000000444, 32.00027144533434154 ) ) ;
#6339 = FACE_OUTER_BOUND ( 'NONE', #2717, .T. ) ;
#6340 = CARTESIAN_POINT ( 'NONE',  ( -13.20545347999154018, -3.000000000000010214, 57.78108366982865363 ) ) ;
#6341 = CARTESIAN_POINT ( 'NONE',  ( 16.79998107372727745, 5.593596831437514993E-15, 31.86593071331831339 ) ) ;
#6342 = CARTESIAN_POINT ( 'NONE',  ( 6.754885413558069374, 5.610995304655963481E-15, 65.77802392563836520 ) ) ;
#6343 = ORIENTED_EDGE ( 'NONE', *, *, #4241, .F. ) ;
#6344 = CARTESIAN_POINT ( 'NONE',  ( 16.49888857521876773, -3.000000000000011102, -57.75557898007573954 ) ) ;
#6345 = CARTESIAN_POINT ( 'NONE',  ( 14.20501858903134185, 0.000000000000000000, 58.11872737860535665 ) ) ;
#6346 = CARTESIAN_POINT ( 'NONE',  ( -14.25575799097778784, -3.100000000000033840, 24.85011359384848362 ) ) ;
#6347 = DIRECTION ( 'NONE',  ( -0.000000000000000000, 0.000000000000000000, 1.000000000000000000 ) ) ;
#6348 = CARTESIAN_POINT ( 'NONE',  ( 17.61942214598124679, -3.000000000000010658, 39.80534310075264415 ) ) ;
#6349 = ORIENTED_EDGE ( 'NONE', *, *, #1299, .F. ) ;
#6350 = CARTESIAN_POINT ( 'NONE',  ( 17.25574221230617766, -3.600000000000000089, 11.11236227079641026 ) ) ;
#6351 = CARTESIAN_POINT ( 'NONE',  ( 10.70171456444261437, -3.600000000000000089, 61.28020229220764747 ) ) ;
#6352 = CARTESIAN_POINT ( 'NONE',  ( 18.60000000000524167, 0.000000000000000000, -52.00000000000001421 ) ) ;
#6353 = CARTESIAN_POINT ( 'NONE',  ( -10.59298087055167592, -0.03847707120270766473, 61.16120357777144534 ) ) ;
#6354 = CARTESIAN_POINT ( 'NONE',  ( -12.23742647867735478, -3.599999999999999201, 58.45662963297130688 ) ) ;
#6355 = CARTESIAN_POINT ( 'NONE',  ( 17.29044853526102088, -3.600000000000000977, 18.18358095298474453 ) ) ;
#6356 = CARTESIAN_POINT ( 'NONE',  ( 14.53826331949083261, 5.763043638892103234E-15, 51.08324767646752917 ) ) ;
#6357 = ORIENTED_EDGE ( 'NONE', *, *, #2069, .T. ) ;
#6358 = VERTEX_POINT ( 'NONE', #2089 ) ;
#6359 = CARTESIAN_POINT ( 'NONE',  ( -17.27855721468990779, -3.600000000000000533, -45.82745216620229911 ) ) ;
#6360 = CARTESIAN_POINT ( 'NONE',  ( 11.06708713712490599, -3.600000000000000089, -63.96686932725882713 ) ) ;
#6361 = CARTESIAN_POINT ( 'NONE',  ( 1.303563170264579760E-06, -1.779949199897996825, -52.33897268892602028 ) ) ;
#6362 = ADVANCED_FACE ( 'NONE', ( #4566 ), #5599, .F. ) ;
#6363 = CARTESIAN_POINT ( 'NONE',  ( -14.37657405122293675, 5.542647137902828241E-15, 51.69050325414816172 ) ) ;
#6364 = CARTESIAN_POINT ( 'NONE',  ( -0.3923328250981684140, -3.600000000000000533, -66.65562351954037013 ) ) ;
#6365 = CARTESIAN_POINT ( 'NONE',  ( 7.872189525460823845, -0.03847764302693146982, 64.78124784722537299 ) ) ;
#6366 = CARTESIAN_POINT ( 'NONE',  ( 17.29605900314178868, -3.600000000000000089, 31.88009636354487242 ) ) ;
#6367 = CARTESIAN_POINT ( 'NONE',  ( -16.00032933588644823, -0.8000000000207591055, 33.53954659133367500 ) ) ;
#6368 = CARTESIAN_POINT ( 'NONE',  ( 8.360388914176278163, -0.8000000000000001554, 63.08883847078225671 ) ) ;
#6369 = ORIENTED_EDGE ( 'NONE', *, *, #4582, .T. ) ;
#6370 = CARTESIAN_POINT ( 'NONE',  ( -5.290639426387949484, 5.506848250896546193E-15, 66.56824361277487867 ) ) ;
#6371 = DIRECTION ( 'NONE',  ( 0.000000000000000000, 0.000000000000000000, -1.000000000000000000 ) ) ;
#6372 = CARTESIAN_POINT ( 'NONE',  ( -7.533123011820720194, -3.000000000000010658, 65.83467889267632245 ) ) ;
#6373 = CARTESIAN_POINT ( 'NONE',  ( -17.25609382199173680, -3.599999999999999645, -50.64862589722579145 ) ) ;
#6374 = CARTESIAN_POINT ( 'NONE',  ( -3.936735802441604815, 5.637851296924622268E-15, 66.80067676219314876 ) ) ;
#6375 = CIRCLE ( 'NONE', #2710, 16.59999999999999076 ) ;
#6376 = CARTESIAN_POINT ( 'NONE',  ( -17.72519022643669118, -3.000000000000010214, 37.10607708789071069 ) ) ;
#6377 = CARTESIAN_POINT ( 'NONE',  ( 5.214948127250504939, 5.533050267110954114E-15, 66.59420854400040923 ) ) ;
#6378 = DIRECTION ( 'NONE',  ( 0.000000000000000000, -1.000000000000000000, 0.000000000000000000 ) ) ;
#6379 = CARTESIAN_POINT ( 'NONE',  ( 17.15923186607593109, -3.600000000000000089, -52.82010248976552447 ) ) ;
#6380 = FACE_BOUND ( 'NONE', #88, .T. ) ;
#6381 = EDGE_CURVE ( 'NONE', #1675, #5811, #1064, .T. ) ;
#6382 = FACE_OUTER_BOUND ( 'NONE', #2977, .T. ) ;
#6383 = CARTESIAN_POINT ( 'NONE',  ( -1.691042538450890476, -1.779949199897996825, -4.211738637988819856E-08 ) ) ;
#6384 = CARTESIAN_POINT ( 'NONE',  ( -17.63527827863580555, -2.000000000000000000, 44.93204922741900020 ) ) ;
#6385 = VERTEX_POINT ( 'NONE', #7375 ) ;
#6386 = CARTESIAN_POINT ( 'NONE',  ( 10.35721945571142655, -3.000000000000011546, -65.12673896266272777 ) ) ;
#6387 = CARTESIAN_POINT ( 'NONE',  ( -6.133587438824809723, -0.03847573660505493320, 66.13829709387626110 ) ) ;
#6388 = CARTESIAN_POINT ( 'NONE',  ( -14.21677595951035755, -3.600000000000000533, 53.38452428288598384 ) ) ;
#6389 = CARTESIAN_POINT ( 'NONE',  ( 17.27351103820994638, -3.600000000000000089, 14.64185088629158926 ) ) ;
#6390 = CARTESIAN_POINT ( 'NONE',  ( -5.875849984522769631, -0.03847717502049322058, 66.27668734384208449 ) ) ;
#6391 = ORIENTED_EDGE ( 'NONE', *, *, #2674, .T. ) ;
#6392 = VERTEX_POINT ( 'NONE', #2161 ) ;
#6393 = CARTESIAN_POINT ( 'NONE',  ( -17.29193269319488024, -3.599999999999999645, -47.84294851911337787 ) ) ;
#6394 = FACE_OUTER_BOUND ( 'NONE', #7178, .T. ) ;
#6395 = CARTESIAN_POINT ( 'NONE',  ( -17.46326983916560494, -2.000000000000000000, -55.03826404297318220 ) ) ;
#6396 = CARTESIAN_POINT ( 'NONE',  ( -10.97726196900178586, 5.346965634689022538E-15, 60.52975363747449222 ) ) ;
#6397 = CARTESIAN_POINT ( 'NONE',  ( -1.708996060202434553, -3.600000000000000089, -66.66299216651282222 ) ) ;
#6398 = CARTESIAN_POINT ( 'NONE',  ( 7.537154234138688125, -0.03847459254660062777, 65.10209707091009079 ) ) ;
#6399 = CARTESIAN_POINT ( 'NONE',  ( 17.23254848648344151, -3.600000000000000977, 34.89012126068180919 ) ) ;
#6400 = CIRCLE ( 'NONE', #4330, 5.439339828220195017 ) ;
#6401 = CARTESIAN_POINT ( 'NONE',  ( 8.905477528291566358, -0.8000000000000002665, 62.36053482704122075 ) ) ;
#6402 = EDGE_CURVE ( 'NONE', #4591, #1721, #3926, .T. ) ;
#6403 = ORIENTED_EDGE ( 'NONE', *, *, #2964, .F. ) ;
#6404 = CARTESIAN_POINT ( 'NONE',  ( -6.241522576723251170, 5.571519673328460066E-15, 66.11666272047536097 ) ) ;
#6405 = ORIENTED_EDGE ( 'NONE', *, *, #311, .F. ) ;
#6406 = CARTESIAN_POINT ( 'NONE',  ( 5.109607421886003031, 5.662197929560464812E-15, 66.62832001793601933 ) ) ;
#6407 = CARTESIAN_POINT ( 'NONE',  ( -6.364377703924228413, -3.600000000000004974, -66.14735854884702348 ) ) ;
#6408 = CARTESIAN_POINT ( 'NONE',  ( 0.3542669462492558097, -3.599999999999999645, -66.65541714901358716 ) ) ;
#6409 = CARTESIAN_POINT ( 'NONE',  ( -17.85579875699609786, -3.000000000000010658, -44.23885162753271771 ) ) ;
#6410 = CARTESIAN_POINT ( 'NONE',  ( -16.62727385985597195, -2.000000000000000000, 46.82082628350249820 ) ) ;
#6411 = EDGE_CURVE ( 'NONE', #2418, #4741, #6578, .T. ) ;
#6412 = DIRECTION ( 'NONE',  ( -0.000000000000000000, -1.000000000000000000, -0.000000000000000000 ) ) ;
#6413 = CARTESIAN_POINT ( 'NONE',  ( 6.552345009964573030, 5.858486659660796197E-15, 65.91919593555498125 ) ) ;
#6414 = AXIS2_PLACEMENT_3D ( 'NONE', #5297, #4639, #5748 ) ;
#6415 = VERTEX_POINT ( 'NONE', #7417 ) ;
#6416 = CARTESIAN_POINT ( 'NONE',  ( -4.232738349929892507, -3.599999999999996536, 66.27573651983438197 ) ) ;
#6417 = CARTESIAN_POINT ( 'NONE',  ( -10.99515601094792849, -3.000000000000010658, -64.72998015950946638 ) ) ;
#6418 = FACE_OUTER_BOUND ( 'NONE', #3958, .T. ) ;
#6419 = CARTESIAN_POINT ( 'NONE',  ( 13.67959696648816070, -2.000000000000000000, -62.42548451312071478 ) ) ;
#6420 = CARTESIAN_POINT ( 'NONE',  ( -4.133291393965881078, -3.600000000000000089, 66.27613494231910352 ) ) ;
#6421 = CARTESIAN_POINT ( 'NONE',  ( 11.23945103166682991, -3.600000000000000089, -63.83783157043751544 ) ) ;
#6422 = ORIENTED_EDGE ( 'NONE', *, *, #7319, .F. ) ;
#6423 = CARTESIAN_POINT ( 'NONE',  ( 12.17777990612216144, 5.722079006529850049E-15, 58.06192133503777342 ) ) ;
#6424 = AXIS2_PLACEMENT_3D ( 'NONE', #2566, #1993, #1919 ) ;
#6425 = CARTESIAN_POINT ( 'NONE',  ( 3.943771363211792784E-07, -3.000000000000010658, 66.87631535813137873 ) ) ;
#6426 = AXIS2_PLACEMENT_3D ( 'NONE', #6573, #2446, #656 ) ;
#6427 = CARTESIAN_POINT ( 'NONE',  ( -9.971786011153632501, -0.7999999999999994893, 60.68912069415304700 ) ) ;
#6428 = DIRECTION ( 'NONE',  ( -2.490616614462980185E-08, 1.577721838605480946E-30, 0.9999999999999996669 ) ) ;
#6429 = CARTESIAN_POINT ( 'NONE',  ( -6.282767207415674626, -0.03847814969362246124, 66.04745215666034142 ) ) ;
#6430 = ORIENTED_EDGE ( 'NONE', *, *, #7506, .T. ) ;
#6431 = CARTESIAN_POINT ( 'NONE',  ( -3.962386579150145138, -0.8000000000005254019, 66.00035110553035622 ) ) ;
#6432 = ORIENTED_EDGE ( 'NONE', *, *, #7183, .F. ) ;
#6433 = CARTESIAN_POINT ( 'NONE',  ( -17.27818685690936817, -3.600000000000000089, -49.33321949948047802 ) ) ;
#6434 = CARTESIAN_POINT ( 'NONE',  ( -3.810036809055219464, -2.100000000000000089, -15.87497125981866475 ) ) ;
#6435 = CARTESIAN_POINT ( 'NONE',  ( -17.88724251148742539, -2.000000000000000000, -48.96963389011206402 ) ) ;
#6436 = B_SPLINE_CURVE_WITH_KNOTS ( 'NONE', 3,
 ( #1270, #7057, #4736, #7135, #5434, #7173, #1234, #1840, #4170, #6496, #4050, #7461 ),
 .UNSPECIFIED., .F., .F.,
 ( 4, 1, 1, 1, 1, 1, 1, 1, 1, 4 ),
 ( -3.684586934574668004E-07, 0.1249993879076599507, 0.2499991442740133463, 0.3124990224571900232, 0.3749989006403667280, 0.4999986570067201375, 0.6249984133730734914, 0.7499981697394269009, 0.8749979261057803104, 0.9999976824721337199 ),
 .UNSPECIFIED. ) ;
#6437 = CARTESIAN_POINT ( 'NONE',  ( -16.70340922098642267, 5.616885181757943125E-15, 36.18331172021334652 ) ) ;
#6438 = CARTESIAN_POINT ( 'NONE',  ( -16.45919477702519274, -3.600000000000000977, 43.52928823506825751 ) ) ;
#6439 = CARTESIAN_POINT ( 'NONE',  ( 13.27790429554289453, -3.600000000000000533, 56.04753579643310246 ) ) ;
#6440 = CARTESIAN_POINT ( 'NONE',  ( 6.519840221905196742, -0.7999999999984427346, 64.95717809804548892 ) ) ;
#6441 = CARTESIAN_POINT ( 'NONE',  ( -12.09974633275831835, -3.600000000000001421, 58.75492696822910688 ) ) ;
#6442 = CARTESIAN_POINT ( 'NONE',  ( -13.53499608908449048, -0.8000000000039505510, 51.81144493175052190 ) ) ;
#6443 = CARTESIAN_POINT ( 'NONE',  ( 4.949196689959802775, -0.8000000000000003775, 65.83956171658844880 ) ) ;
#6444 = CARTESIAN_POINT ( 'NONE',  ( -5.422519923273637410, 5.793495156072311304E-15, 66.51940815165644949 ) ) ;
#6445 = EDGE_LOOP ( 'NONE', ( #3822, #270, #7520, #1989, #4504, #1663, #1441, #290, #37, #4600 ) ) ;
#6446 = VECTOR ( 'NONE', #1636, 1000.000000000000114 ) ;
#6447 = CARTESIAN_POINT ( 'NONE',  ( 3.988963907726621017, 5.704339286579469184E-15, 66.80003032389379314 ) ) ;
#6448 = CARTESIAN_POINT ( 'NONE',  ( -0.9893380958048512142, -3.600000000000000533, -66.66126181856003541 ) ) ;
#6449 = CARTESIAN_POINT ( 'NONE',  ( -10.10513429594454138, -3.000000000000010658, 63.38701556959923522 ) ) ;
#6450 = CARTESIAN_POINT ( 'NONE',  ( -17.83199080514449619, -3.000000000000011102, -51.74558673937070097 ) ) ;
#6451 = AXIS2_PLACEMENT_3D ( 'NONE', #3253, #2788, #5034 ) ;
#6452 = AXIS2_PLACEMENT_3D ( 'NONE', #3681, #6008, #6156 ) ;
#6453 = CARTESIAN_POINT ( 'NONE',  ( 5.156896629944470511, 3.794694554708894654E-15, 66.61342175387318321 ) ) ;
#6454 = ORIENTED_EDGE ( 'NONE', *, *, #4392, .T. ) ;
#6455 = DIRECTION ( 'NONE',  ( -1.000000000000000000, 0.000000000000000000, 0.000000000000000000 ) ) ;
#6456 = FACE_OUTER_BOUND ( 'NONE', #3798, .T. ) ;
#6457 = EDGE_CURVE ( 'NONE', #337, #4129, #2178, .T. ) ;
#6458 = CARTESIAN_POINT ( 'NONE',  ( -8.443449067290988097, 0.000000000000000000, 66.75182148427769846 ) ) ;
#6459 = CARTESIAN_POINT ( 'NONE',  ( -5.143165270045348514, -3.600000000000000089, 44.62837295819787187 ) ) ;
#6460 = CARTESIAN_POINT ( 'NONE',  ( 5.958461520357620778, -0.03847483838181534749, 66.24914396611247014 ) ) ;
#6461 = CARTESIAN_POINT ( 'NONE',  ( -4.152800280418921908, -3.599999999999999645, 66.27606677236441612 ) ) ;
#6462 = FILL_AREA_STYLE ('',( #1842 ) ) ;
#6463 = ORIENTED_EDGE ( 'NONE', *, *, #385, .T. ) ;
#6464 = CARTESIAN_POINT ( 'NONE',  ( 14.98073949660124526, 5.718444918258359787E-15, 49.24641500847139497 ) ) ;
#6465 = CARTESIAN_POINT ( 'NONE',  ( 16.76152236413151186, -0.03847762630100624859, 32.00001221043132915 ) ) ;
#6466 = CARTESIAN_POINT ( 'NONE',  ( -12.94824579550678045, -3.599999999999999645, 56.85768653241170512 ) ) ;
#6467 = CARTESIAN_POINT ( 'NONE',  ( 7.967011030409438810, -3.600000000000000089, 64.69980595627288267 ) ) ;
#6468 = CARTESIAN_POINT ( 'NONE',  ( -16.00017768135075613, -0.7999999999999990452, 32.83074343001217699 ) ) ;
#6469 = CARTESIAN_POINT ( 'NONE',  ( 6.528690009965989027, -3.600000000000000089, 65.75826269944062119 ) ) ;
#6470 = CARTESIAN_POINT ( 'NONE',  ( -5.690034519640441601, -0.8000000000000047073, 64.23832182198709972 ) ) ;
#6471 = EDGE_LOOP ( 'NONE', ( #5211, #2201, #2235, #1207 ) ) ;
#6472 = CARTESIAN_POINT ( 'NONE',  ( -17.28746265463477982, -3.599999999999999645, -46.49856593869032650 ) ) ;
#6473 = CARTESIAN_POINT ( 'NONE',  ( 6.319642277788187990, -3.599999999999998757, 65.85835002682284767 ) ) ;
#6474 = CARTESIAN_POINT ( 'NONE',  ( -15.99621965419339276, 5.693265307202115840E-15, 43.67776201806294978 ) ) ;
#6475 = CARTESIAN_POINT ( 'NONE',  ( 14.43506504501735677, -3.599999999999998757, 52.69161668066809057 ) ) ;
#6476 = CARTESIAN_POINT ( 'NONE',  ( 6.258899578663516650, -0.8000000000013215429, 65.15010498726255150 ) ) ;
#6477 = CARTESIAN_POINT ( 'NONE',  ( -12.47425534549147663, -3.600000000000000533, 57.94706056463264332 ) ) ;
#6478 = CARTESIAN_POINT ( 'NONE',  ( 16.32664875243332503, -3.600000000000000533, 44.40391585474787917 ) ) ;
#6479 = CARTESIAN_POINT ( 'NONE',  ( -14.27972478074994278, -0.7999999999960369923, 48.80533278610926118 ) ) ;
#6480 = CARTESIAN_POINT ( 'NONE',  ( 4.084098617398510989, -0.8000000000000005995, 65.99797792169761124 ) ) ;
#6481 = ORIENTED_EDGE ( 'NONE', *, *, #5098, .T. ) ;
#6482 = CARTESIAN_POINT ( 'NONE',  ( -6.466581972964615233, 5.589300964996608834E-15, 65.97752613547865508 ) ) ;
#6483 = ORIENTED_EDGE ( 'NONE', *, *, #3107, .T. ) ;
#6484 = CARTESIAN_POINT ( 'NONE',  ( 5.452053660837178128, 5.585106974539524044E-15, 66.50746437646199638 ) ) ;
#6485 = CARTESIAN_POINT ( 'NONE',  ( -3.954216853914563234, -3.600000000000000977, -66.56806004702040980 ) ) ;
#6486 = CARTESIAN_POINT ( 'NONE',  ( 1.839599565786865565, -3.599999999999999645, -66.66261953873510038 ) ) ;
#6487 = CARTESIAN_POINT ( 'NONE',  ( -17.87511415585946750, -3.000000000000011102, -45.59530515490262559 ) ) ;
#6488 = CARTESIAN_POINT ( 'NONE',  ( -8.483639145030162254, -2.000000000000000000, 65.13434685081489306 ) ) ;
#6489 = CARTESIAN_POINT ( 'NONE',  ( 3.988574121688164720, 5.612279658281911256E-15, 66.80003268372566083 ) ) ;
#6490 = ORIENTED_EDGE ( 'NONE', *, *, #6457, .T. ) ;
#6491 = EDGE_LOOP ( 'NONE', ( #5427, #2884, #6579, #124 ) ) ;
#6492 = CARTESIAN_POINT ( 'NONE',  ( -5.148932851222030926, -3.600000000000000977, 66.21458459501293703 ) ) ;
#6493 = VECTOR ( 'NONE', #2607, 1000.000000000000000 ) ;
#6494 = CARTESIAN_POINT ( 'NONE',  ( -17.30109957869586168, -3.600000000000000533, 25.86202165936812136 ) ) ;
#6495 = CARTESIAN_POINT ( 'NONE',  ( -14.60783967260134908, 0.000000000000000000, 56.87443939156161576 ) ) ;
#6496 = CARTESIAN_POINT ( 'NONE',  ( -13.67959696652868651, -2.000000000000000000, -62.42548451307303026 ) ) ;
#6497 = EDGE_CURVE ( 'NONE', #3772, #4481, #5753, .T. ) ;
#6498 = CARTESIAN_POINT ( 'NONE',  ( -5.930458972705500820, -3.599999999999999201, 66.01588652405293089 ) ) ;
#6499 = CARTESIAN_POINT ( 'NONE',  ( 11.67642906525397706, -3.600000000000000533, -63.47554477716105481 ) ) ;
#6500 = ADVANCED_FACE ( 'NONE', ( #16, #4004 ), #595, .F. ) ;
#6501 = ORIENTED_EDGE ( 'NONE', *, *, #5606, .T. ) ;
#6502 = CARTESIAN_POINT ( 'NONE',  ( 8.467823591916511461, -2.000000000000000000, 66.82012126443059685 ) ) ;
#6503 = CARTESIAN_POINT ( 'NONE',  ( 4.281122957153507436, 0.000000000000000000, -69.24982544996754541 ) ) ;
#6504 = CARTESIAN_POINT ( 'NONE',  ( 9.260686256840081398, -3.600000000000000089, 63.31115851589028409 ) ) ;
#6505 = CARTESIAN_POINT ( 'NONE',  ( -15.51664235880361531, -0.8000000000000004885, 41.09753886118835453 ) ) ;
#6506 = CARTESIAN_POINT ( 'NONE',  ( 3.953037328181641996, -3.600000000000000089, 66.27632877472046857 ) ) ;
#6507 = CARTESIAN_POINT ( 'NONE',  ( -17.06705576468456087, -3.600000000000000977, 37.97226822056985185 ) ) ;
#6508 = CARTESIAN_POINT ( 'NONE',  ( 12.03910224246614113, -3.000000000000010658, 60.33187935687926284 ) ) ;
#6509 = VERTEX_POINT ( 'NONE', #5174 ) ;
#6510 = DIRECTION ( 'NONE',  ( 0.000000000000000000, 0.7071067811865393571, -0.7071067811865556774 ) ) ;
#6511 = CARTESIAN_POINT ( 'NONE',  ( -4.935786324293022886, -0.8000000000000003775, 65.84416680786101495 ) ) ;
#6512 = CARTESIAN_POINT ( 'NONE',  ( -17.28410471827549344, -3.599999999999999201, 32.94416762480976502 ) ) ;
#6513 = CARTESIAN_POINT ( 'NONE',  ( 9.195548353450904600, -3.600000000000000533, 63.39154573646494129 ) ) ;
#6514 = CARTESIAN_POINT ( 'NONE',  ( -8.481425020578678087, -3.600000000000000977, 64.19636547314946995 ) ) ;
#6515 = CARTESIAN_POINT ( 'NONE',  ( 4.277708717286529350, -0.7999999999988459676, 65.98814724597815484 ) ) ;
#6516 = CARTESIAN_POINT ( 'NONE',  ( -10.09223288271101282, -3.599999999999999645, 62.20434299775452303 ) ) ;
#6517 = CARTESIAN_POINT ( 'NONE',  ( 12.38019277333243906, -3.600000000000001421, 58.15159455015430012 ) ) ;
#6518 = CARTESIAN_POINT ( 'NONE',  ( -12.34797224845024211, -0.8000000000045036641, 55.49479707754577618 ) ) ;
#6519 = CARTESIAN_POINT ( 'NONE',  ( -16.21850026386794497, 0.000000000000000000, 51.78141597881192837 ) ) ;
#6520 = CARTESIAN_POINT ( 'NONE',  ( 5.656234024538725258, -0.8000000000000004885, 65.53187182430787061 ) ) ;
#6521 = CARTESIAN_POINT ( 'NONE',  ( -6.228958129807264044, 5.748019969482521321E-15, 66.12409944019323405 ) ) ;
#6522 = ORIENTED_EDGE ( 'NONE', *, *, #4675, .T. ) ;
#6523 = EDGE_CURVE ( 'NONE', #1056, #6695, #1097, .T. ) ;
#6524 = CARTESIAN_POINT ( 'NONE',  ( 6.249854046862985513, 5.901050098985151640E-15, 66.11262551925386788 ) ) ;
#6525 = CARTESIAN_POINT ( 'NONE',  ( -8.806234042731691858, -3.000000000000010658, -65.92388961500166999 ) ) ;
#6526 = CARTESIAN_POINT ( 'NONE',  ( 1.457435289679348767, -3.600000000000000533, -66.66261309745756591 ) ) ;
#6527 = CARTESIAN_POINT ( 'NONE',  ( -16.63618195039279613, -3.600000000000000089, -55.54969286389655281 ) ) ;
#6528 = CARTESIAN_POINT ( 'NONE',  ( -3.996387663717810401, 5.576107929492716072E-15, 66.80002842208376990 ) ) ;
#6529 = CARTESIAN_POINT ( 'NONE',  ( -14.45852441838355062, -3.000000000000011102, 54.56952261248584080 ) ) ;
#6530 = CARTESIAN_POINT ( 'NONE',  ( 16.80140035665773723, -3.000000000000009770, -56.98420842754320148 ) ) ;
#6531 = CARTESIAN_POINT ( 'NONE',  ( 3.697565323098659817, 5.637851296924622268E-15, 66.80173692397684704 ) ) ;
#6532 = EDGE_LOOP ( 'NONE', ( #4763, #3918, #1890, #5331 ) ) ;
#6533 = CARTESIAN_POINT ( 'NONE',  ( -5.929865917096264205, -3.600000000000000977, 66.01610639615192611 ) ) ;
#6534 = CARTESIAN_POINT ( 'NONE',  ( -11.61597746063123004, -2.000000000000000000, -64.30498037198057659 ) ) ;
#6535 = CARTESIAN_POINT ( 'NONE',  ( -15.47869464312739929, 0.000000000000000000, 54.34922836488397024 ) ) ;
#6536 = DIRECTION ( 'NONE',  ( -0.000000000000000000, 1.000000000000000000, -0.000000000000000000 ) ) ;
#6537 = CARTESIAN_POINT ( 'NONE',  ( -16.80914506923581087, -3.600000000000000533, -54.88176393787040297 ) ) ;
#6538 = FACE_OUTER_BOUND ( 'NONE', #2035, .T. ) ;
#6539 = CARTESIAN_POINT ( 'NONE',  ( 13.13436041550767364, -3.599999999999999645, -62.02037276135357047 ) ) ;
#6540 = ORIENTED_EDGE ( 'NONE', *, *, #5051, .F. ) ;
#6541 = DIRECTION ( 'NONE',  ( 0.000000000000000000, -1.000000000000000000, 0.000000000000000000 ) ) ;
#6542 = CARTESIAN_POINT ( 'NONE',  ( -11.61597746063123004, -3.600000000000000089, -64.30498037198057659 ) ) ;
#6543 = CARTESIAN_POINT ( 'NONE',  ( -14.25575799097778074, -1.499999999999999556, -31.00427299466725017 ) ) ;
#6544 = CARTESIAN_POINT ( 'NONE',  ( 3.389012790096214367, -3.600000000000000089, 66.27631018795764817 ) ) ;
#6545 = CARTESIAN_POINT ( 'NONE',  ( -3.808635568159333129, -0.8000000000000029310, 64.92500274708082486 ) ) ;
#6546 = ORIENTED_EDGE ( 'NONE', *, *, #2051, .F. ) ;
#6547 = VECTOR ( 'NONE', #5847, 1000.000000000000114 ) ;
#6548 = CARTESIAN_POINT ( 'NONE',  ( 5.375562827880710159, -3.600000000000000977, 66.17285605030872375 ) ) ;
#6549 = EDGE_CURVE ( 'NONE', #6050, #3855, #5768, .T. ) ;
#6550 = CARTESIAN_POINT ( 'NONE',  ( -3.947399940842835075, -0.8000000000000000444, 66.00051363883108024 ) ) ;
#6551 = CIRCLE ( 'NONE', #2037, 1.449999999999999956 ) ;
#6552 = CARTESIAN_POINT ( 'NONE',  ( -17.12632024405225195, -3.599999999999999645, 37.06902283277488408 ) ) ;
#6553 = CARTESIAN_POINT ( 'NONE',  ( 7.021536179251703480, -3.600000000000003197, 65.46634817902594250 ) ) ;
#6554 = CARTESIAN_POINT ( 'NONE',  ( 6.162697118126607698, -0.03847773065929684794, 66.12131997971751218 ) ) ;
#6555 = CARTESIAN_POINT ( 'NONE',  ( 13.24044035648865858, -3.599999999999998312, 56.13257604044427751 ) ) ;
#6556 = CYLINDRICAL_SURFACE ( 'NONE', #6741, 2.149999999999999023 ) ;
#6557 = CARTESIAN_POINT ( 'NONE',  ( 5.910902025956498385, -0.8000000000000000444, 65.38206154427780348 ) ) ;
#6558 = AXIS2_PLACEMENT_3D ( 'NONE', #4773, #7095, #925 ) ;
#6559 = CARTESIAN_POINT ( 'NONE',  ( 6.696476200893117792, 5.745275265999265306E-15, 65.81979317421804865 ) ) ;
#6560 = CARTESIAN_POINT ( 'NONE',  ( -4.686117629856794586, -3.599999999999999201, -66.47872906466088239 ) ) ;
#6562 = CIRCLE ( 'NONE', #960, 2.649999999999971934 ) ;
#6561 = CARTESIAN_POINT ( 'NONE',  ( -11.94156234654110094, -3.600000000000000089, -63.24412169814676332 ) ) ;
#6563 = CARTESIAN_POINT ( 'NONE',  ( -3.998856865628039881, 5.668722980640576944E-15, 66.80000174004345581 ) ) ;
#6564 = CARTESIAN_POINT ( 'NONE',  ( -17.89883312185540731, -3.000000000000010658, 27.63436635373217598 ) ) ;
#6565 = VECTOR ( 'NONE', #2119, 1000.000000000000114 ) ;
#6566 = CARTESIAN_POINT ( 'NONE',  ( 15.11594259942794771, 5.672084312390279776E-15, 48.63266425181863184 ) ) ;
#6567 = CARTESIAN_POINT ( 'NONE',  ( 3.986077511001657747, 5.688994574210047448E-15, 66.80004714648197250 ) ) ;
#6568 = VERTEX_POINT ( 'NONE', #97 ) ;
#6569 = CARTESIAN_POINT ( 'NONE',  ( -2.154849408248233011, -3.599999999999999645, 66.27631993181476844 ) ) ;
#6570 = CARTESIAN_POINT ( 'NONE',  ( -17.28941648875515469, -3.600000000000000533, 17.92359039104041329 ) ) ;
#6571 = CARTESIAN_POINT ( 'NONE',  ( -3.998494299127234974, -2.000000000000000000, 68.60000562557462445 ) ) ;
#6572 = CIRCLE ( 'NONE', #3287, 2.149999999999999023 ) ;
#6573 = CARTESIAN_POINT ( 'NONE',  ( -2.000000000000003553, 1.800000000000000044, -64.92304473782995444 ) ) ;
#6574 = CARTESIAN_POINT ( 'NONE',  ( 10.59236022514775755, -0.03847983203272573038, 61.16933507509101275 ) ) ;
#6575 = CARTESIAN_POINT ( 'NONE',  ( -17.25127590396752808, -3.599999999999999645, -50.92051952243933499 ) ) ;
#6576 = CARTESIAN_POINT ( 'NONE',  ( -5.597729281814845415, -3.600000000000000089, 66.11974135893464677 ) ) ;
#6577 = SURFACE_SIDE_STYLE ('',( #5362 ) ) ;
#6578 = CIRCLE ( 'NONE', #1456, 2.149999999999995470 ) ;
#6579 = ORIENTED_EDGE ( 'NONE', *, *, #3846, .F. ) ;
#6580 = CARTESIAN_POINT ( 'NONE',  ( 3.943771363211876958E-07, -2.000000000000000000, 66.87631535813137873 ) ) ;
#6581 = CARTESIAN_POINT ( 'NONE',  ( -3.810036809055219464, -1.660660171779825944, -15.87497125981866475 ) ) ;
#6582 = CARTESIAN_POINT ( 'NONE',  ( -11.03196903703377707, -3.600000000000000089, -63.99149630288776791 ) ) ;
#6583 = CARTESIAN_POINT ( 'NONE',  ( -14.33974857553197779, -0.8000000000000002665, 48.46404156250105189 ) ) ;
#6584 = CARTESIAN_POINT ( 'NONE',  ( 4.014336151114468620, -3.600000000000000977, 66.27631302215704068 ) ) ;
#6585 = CARTESIAN_POINT ( 'NONE',  ( -16.93774356137108228, -3.600000000000001421, 39.49641641925709479 ) ) ;
#6586 = CARTESIAN_POINT ( 'NONE',  ( 17.30170548489302007, -3.600000000000000533, 25.22753309542229161 ) ) ;
#6587 = ORIENTED_EDGE ( 'NONE', *, *, #4630, .T. ) ;
#6588 = CARTESIAN_POINT ( 'NONE',  ( 4.695957267364708088, -3.599999999999999645, 66.26251292658903935 ) ) ;
#6589 = CARTESIAN_POINT ( 'NONE',  ( -4.475462699171362857, -0.8000000000000002665, 65.95801644203588410 ) ) ;
#6590 = CARTESIAN_POINT ( 'NONE',  ( 3.951687402604392219, -3.600000000000001421, -66.56830062977348916 ) ) ;
#6591 = CARTESIAN_POINT ( 'NONE',  ( 10.82115048773077781, -3.600000000000000977, 61.08808499972385420 ) ) ;
#6592 = CARTESIAN_POINT ( 'NONE',  ( 5.103071274374028299, -0.8000000000003320011, 65.78508637468961240 ) ) ;
#6593 = PLANE ( 'NONE',  #5846 ) ;
#6594 = CARTESIAN_POINT ( 'NONE',  ( -9.512472806520522184, -0.8000000000000163647, 59.29391509719200570 ) ) ;
#6595 = CARTESIAN_POINT ( 'NONE',  ( -5.753981709351884355, 0.000000000000000000, 68.31988628154657306 ) ) ;
#6596 = CARTESIAN_POINT ( 'NONE',  ( 4.911725776330930771, -0.8000000000000035971, 65.85190915685237201 ) ) ;
#6597 = ADVANCED_FACE ( 'NONE', ( #5828 ), #5259, .F. ) ;
#6598 = CARTESIAN_POINT ( 'NONE',  ( 7.242990561614795375, 5.848630334025889783E-15, 65.40327649610570404 ) ) ;
#6599 = CARTESIAN_POINT ( 'NONE',  ( -5.523539147511304037, -3.000000000000011102, -66.94626385173711469 ) ) ;
#6600 = CARTESIAN_POINT ( 'NONE',  ( 1.183397318193623482, -3.599999999999999645, -66.66127225580447657 ) ) ;
#6601 = CARTESIAN_POINT ( 'NONE',  ( -17.75228832231884013, -3.000000000000011102, -52.91810411140649251 ) ) ;
#6602 = CARTESIAN_POINT ( 'NONE',  ( -3.981902746776465829, 5.637851296924623057E-15, 66.80018593093488732 ) ) ;
#6603 = CARTESIAN_POINT ( 'NONE',  ( -17.85489490871923479, -3.000000000000010658, 10.92046436918740326 ) ) ;
#6604 = CARTESIAN_POINT ( 'NONE',  ( 3.974700273405680218, 5.637851296924625423E-15, 66.80011388304140496 ) ) ;
#6605 = ORIENTED_EDGE ( 'NONE', *, *, #6717, .T. ) ;
#6606 = ORIENTED_EDGE ( 'NONE', *, *, #5994, .T. ) ;
#6607 = CARTESIAN_POINT ( 'NONE',  ( -5.070596331762316389, -3.000000000000010658, 66.83135311350856966 ) ) ;
#6608 = DIRECTION ( 'NONE',  ( -2.490616612073553512E-08, 0.000000000000000000, 0.9999999999999996669 ) ) ;
#6609 = CARTESIAN_POINT ( 'NONE',  ( 4.402783498355468339, -0.03847853315459594248, 66.74254337069727683 ) ) ;
#6610 = CARTESIAN_POINT ( 'NONE',  ( -13.05782064901473483, -3.600000000000000533, -62.10848051047624097 ) ) ;
#6611 = CARTESIAN_POINT ( 'NONE',  ( 15.78126387291363741, -0.03847707659399317304, 44.97072007359820844 ) ) ;
#6612 = CARTESIAN_POINT ( 'NONE',  ( 17.18992645676673803, -3.600000000000000533, -52.48117956358311886 ) ) ;
#6613 = ORIENTED_EDGE ( 'NONE', *, *, #3150, .T. ) ;
#6614 = DIRECTION ( 'NONE',  ( -4.872133380463056916E-10, 0.000000000000000000, 1.000000000000000000 ) ) ;
#6615 = EDGE_CURVE ( 'NONE', #4256, #4891, #116, .T. ) ;
#6616 = CARTESIAN_POINT ( 'NONE',  ( 16.10945072344743068, 5.457226718294375763E-15, 42.84743463851189915 ) ) ;
#6617 = CARTESIAN_POINT ( 'NONE',  ( 3.625583135070722829, -2.000000000000000000, 66.87625928020973731 ) ) ;
#6618 = CARTESIAN_POINT ( 'NONE',  ( -10.95170318954742505, -3.599999999999999645, -64.04555290460682215 ) ) ;
#6619 = CARTESIAN_POINT ( 'NONE',  ( -3.992435806016375821, -0.6677337110327843384, 65.75968485181688550 ) ) ;
#6620 = CARTESIAN_POINT ( 'NONE',  ( 3.830414387098302509, -3.599999999999999201, 66.27632276439229031 ) ) ;
#6621 = ORIENTED_EDGE ( 'NONE', *, *, #3142, .T. ) ;
#6622 = CARTESIAN_POINT ( 'NONE',  ( -3.810036809055219020, -0.7999999999999999334, -8.953650916258995451 ) ) ;
#6623 = CARTESIAN_POINT ( 'NONE',  ( -5.010651943711613043, -0.8000000000000000444, 65.81869738609016451 ) ) ;
#6624 = CARTESIAN_POINT ( 'NONE',  ( 0.9898022016023447778, -3.599999999999999201, -66.65990130310319728 ) ) ;
#6625 = CARTESIAN_POINT ( 'NONE',  ( 17.81595835851634035, -3.000000000000010214, 35.35105760040923428 ) ) ;
#6626 = CARTESIAN_POINT ( 'NONE',  ( 5.336329732018076477, -0.8000000000025337954, 65.69049518927883469 ) ) ;
#6627 = CARTESIAN_POINT ( 'NONE',  ( -8.958158807741565255, -0.7999999999999912736, 60.29629792099081698 ) ) ;
#6628 = CARTESIAN_POINT ( 'NONE',  ( -16.84003432361661723, 0.000000000000000000, 49.19182292816817181 ) ) ;
#6629 = FACE_OUTER_BOUND ( 'NONE', #7167, .T. ) ;
#6630 = ORIENTED_EDGE ( 'NONE', *, *, #5657, .F. ) ;
#6631 = CARTESIAN_POINT ( 'NONE',  ( 7.629413496381372006, 5.772037247698503352E-15, 65.06710560610139282 ) ) ;
#6632 = FACE_OUTER_BOUND ( 'NONE', #3300, .T. ) ;
#6633 = CARTESIAN_POINT ( 'NONE',  ( -5.451507884693014283, 5.535995141596228600E-15, 66.50808732652861011 ) ) ;
#6634 = CARTESIAN_POINT ( 'NONE',  ( -17.89915643755578145, -3.000000000000010214, 27.33943948811380054 ) ) ;
#6635 = ADVANCED_FACE ( 'NONE', ( #6456 ), #7265, .F. ) ;
#6636 = CARTESIAN_POINT ( 'NONE',  ( 14.84083152583021814, 6.127185357748453046E-15, 49.85944981742441229 ) ) ;
#6637 = CARTESIAN_POINT ( 'NONE',  ( 3.436732428692085506, 5.637851296924622268E-15, 66.80326449191606741 ) ) ;
#6638 = ORIENTED_EDGE ( 'NONE', *, *, #1233, .T. ) ;
#6639 = ORIENTED_EDGE ( 'NONE', *, *, #1417, .T. ) ;
#6640 = CARTESIAN_POINT ( 'NONE',  ( -6.571361487369350662, -3.000000000000010214, 66.40307320956408432 ) ) ;
#6641 = CARTESIAN_POINT ( 'NONE',  ( 5.712238973683668064, -0.7999999999999953815, 64.21882642098475458 ) ) ;
#6642 = EDGE_CURVE ( 'NONE', #3344, #7341, #5643, .T. ) ;
#6643 = DIRECTION ( 'NONE',  ( 0.000000000000000000, -1.000000000000000000, 0.000000000000000000 ) ) ;
#6644 = CARTESIAN_POINT ( 'NONE',  ( -17.24323521563842476, -3.599999999999999645, -51.33376537235999137 ) ) ;
#6645 = CARTESIAN_POINT ( 'NONE',  ( -6.929401366742458102, -3.599999999999998757, 65.53424776346579961 ) ) ;
#6646 = CARTESIAN_POINT ( 'NONE',  ( 17.23246679343972332, -3.600000000000000977, -51.71450832240878270 ) ) ;
#6647 = UNCERTAINTY_MEASURE_WITH_UNIT (LENGTH_MEASURE( 1.000000000000000082E-05 ), #221, 'distance_accuracy_value', 'NONE');
#6648 = ORIENTED_EDGE ( 'NONE', *, *, #7088, .F. ) ;
#6649 = CARTESIAN_POINT ( 'NONE',  ( -7.941041522454004742, -0.8000000000000000444, -56.24298605861921629 ) ) ;
#6650 = LINE ( 'NONE', #1992, #5111 ) ;
#6651 = CARTESIAN_POINT ( 'NONE',  ( -10.70684320136336609, -3.600000000000000533, -64.20301047919848259 ) ) ;
#6652 = CARTESIAN_POINT ( 'NONE',  ( 1.856779200663555507, -3.599999999999999645, 66.27632295133710727 ) ) ;
#6653 = ORIENTED_EDGE ( 'NONE', *, *, #6088, .T. ) ;
#6654 = CARTESIAN_POINT ( 'NONE',  ( 5.836559786108654890, -3.000000000000011990, 66.67626202867496943 ) ) ;
#6655 = CARTESIAN_POINT ( 'NONE',  ( -4.783351291937336214, -0.8000000000000001554, 65.89011540538892575 ) ) ;
#6656 = CARTESIAN_POINT ( 'NONE',  ( 17.89467541147953611, -3.000000000000010214, 32.09098201794364513 ) ) ;
#6657 = PLANE ( 'NONE',  #6012 ) ;
#6658 = FACE_OUTER_BOUND ( 'NONE', #3095, .T. ) ;
#6659 = CARTESIAN_POINT ( 'NONE',  ( -10.49985526208403286, -0.7999999999999947153, 57.23734250798006684 ) ) ;
#6660 = DIRECTION ( 'NONE',  ( 8.659560562354989558E-17, -0.7071067811865430208, 0.7071067811865521247 ) ) ;
#6661 = AXIS2_PLACEMENT_3D ( 'NONE', #1754, #1151, #2867 ) ;
#6662 = DIRECTION ( 'NONE',  ( -0.9886829206582452567, 0.000000000000000000, -0.1500202732922521209 ) ) ;
#6663 = CARTESIAN_POINT ( 'NONE',  ( 17.27417219304071239, -3.600000000000000533, -45.54371514140488841 ) ) ;
#6664 = CARTESIAN_POINT ( 'NONE',  ( 6.503272790544445847, 5.417215934188469638E-15, 65.95205740791672611 ) ) ;
#6665 = CARTESIAN_POINT ( 'NONE',  ( 10.11819675061660107, -3.600000000000000533, -64.57045293929371610 ) ) ;
#6666 = CARTESIAN_POINT ( 'NONE',  ( -15.01517824520756683, -3.000000000000010214, -60.53965443058567786 ) ) ;
#6667 = CARTESIAN_POINT ( 'NONE',  ( -3.994807588014986699, 5.637851296924623057E-15, 66.80004569343249443 ) ) ;
#6668 = CARTESIAN_POINT ( 'NONE',  ( -10.62542892786647997, -3.600000000000000533, -64.25444851270631830 ) ) ;
#6669 = DIRECTION ( 'NONE',  ( -5.613991831640154436E-17, -1.577721810442023611E-30, -1.000000000000000000 ) ) ;
#6670 = CARTESIAN_POINT ( 'NONE',  ( 12.36356474928564886, -0.8000000000000000444, 55.44096225170518011 ) ) ;
#6671 = EDGE_LOOP ( 'NONE', ( #3687, #86, #6016, #2609 ) ) ;
#6672 = CARTESIAN_POINT ( 'NONE',  ( -6.130039252707232045, -3.000000000000011102, 66.58175329924378616 ) ) ;
#6673 = CARTESIAN_POINT ( 'NONE',  ( 1.024894254296964569, -3.000000000000010658, -67.25443076656914343 ) ) ;
#6674 = CARTESIAN_POINT ( 'NONE',  ( -7.533123011820718418, -3.000000000000008882, 65.83467889267632245 ) ) ;
#6675 = CARTESIAN_POINT ( 'NONE',  ( -16.36993506603945647, -3.600000000000000089, -56.42227490678492785 ) ) ;
#6676 = CARTESIAN_POINT ( 'NONE',  ( 9.019883122926456664, 5.669596888495023231E-15, 63.54480437990671504 ) ) ;
#6677 = VECTOR ( 'NONE', #1103, 1000.000000000000000 ) ;
#6678 = CARTESIAN_POINT ( 'NONE',  ( 17.24409774220616853, -3.600000000000000089, -51.29446191238402264 ) ) ;
#6679 = ORIENTED_EDGE ( 'NONE', *, *, #4011, .T. ) ;
#6680 = FACE_OUTER_BOUND ( 'NONE', #4554, .T. ) ;
#6681 = CARTESIAN_POINT ( 'NONE',  ( -3.810036809055219464, -2.100000000000000089, -15.87497125981866475 ) ) ;
#6682 = VECTOR ( 'NONE', #7454, 1000.000000000000000 ) ;
#6683 = CARTESIAN_POINT ( 'NONE',  ( -10.80804203448560052, -3.600000000000000089, -64.13882170069534538 ) ) ;
#6684 = DIRECTION ( 'NONE',  ( 0.000000000000000000, 0.000000000000000000, -1.000000000000000000 ) ) ;
#6685 = CARTESIAN_POINT ( 'NONE',  ( 17.88724251148755684, -2.000000000000000000, -48.96963389009766132 ) ) ;
#6686 = CIRCLE ( 'NONE', #6332, 1.449999999999999956 ) ;
#6687 = AXIS2_PLACEMENT_3D ( 'NONE', #6681, #3792, #1579 ) ;
#6688 = VERTEX_POINT ( 'NONE', #3359 ) ;
#6689 = CARTESIAN_POINT ( 'NONE',  ( -6.807688874711540272, -0.8000000000000001554, 64.72433543401555767 ) ) ;
#6690 = CARTESIAN_POINT ( 'NONE',  ( 10.49549860697832315, -3.599999999999999201, -64.33647500589998458 ) ) ;
#6691 = CARTESIAN_POINT ( 'NONE',  ( 12.64099694597022250, -3.000000000000010214, 59.01397641055953613 ) ) ;
#6692 = CARTESIAN_POINT ( 'NONE',  ( 17.26358717262122511, -3.599999999999999645, 12.73936636248918042 ) ) ;
#6693 = LINE ( 'NONE', #1474, #6918 ) ;
#6694 = CARTESIAN_POINT ( 'NONE',  ( 3.921108985764576449, -0.7999999999999999334, 66.00041402111564537 ) ) ;
#6695 = VERTEX_POINT ( 'NONE', #3438 ) ;
#6696 = CARTESIAN_POINT ( 'NONE',  ( 17.28962967196104827, -3.600000000000000089, -46.72827311771154513 ) ) ;
#6697 = CARTESIAN_POINT ( 'NONE',  ( -4.219162244119635474, 5.469454713810894441E-15, 66.79171073706227446 ) ) ;
#6698 = CARTESIAN_POINT ( 'NONE',  ( 6.996758062068250794, 5.732645521836637590E-15, 65.59876435677900020 ) ) ;
#6699 = CARTESIAN_POINT ( 'NONE',  ( 10.59682870933996846, -3.600000000000000089, -64.27251930100185007 ) ) ;
#6700 = CARTESIAN_POINT ( 'NONE',  ( -0.6574479888863803412, -2.000000000000000000, 66.87631665454264862 ) ) ;
#6701 = ADVANCED_FACE ( 'NONE', ( #5678 ), #5399, .T. ) ;
#6702 = CARTESIAN_POINT ( 'NONE',  ( -6.165644682883542060, 5.635244282267618199E-15, 66.16110084959645121 ) ) ;
#6703 = CARTESIAN_POINT ( 'NONE',  ( -3.030590893698123622, -3.600000000000000533, -66.63476885777393477 ) ) ;
#6704 = CARTESIAN_POINT ( 'NONE',  ( -17.89897040427685582, -3.000000000000011102, 29.40327331649015363 ) ) ;
#6705 = CARTESIAN_POINT ( 'NONE',  ( 15.79544152206054441, -0.7999999999988570698, 38.11525190395943241 ) ) ;
#6706 = CARTESIAN_POINT ( 'NONE',  ( 11.84721769638776934, -0.7999999999999999334, 56.79151005220181503 ) ) ;
#6707 = ORIENTED_EDGE ( 'NONE', *, *, #7444, .F. ) ;
#6708 = CYLINDRICAL_SURFACE ( 'NONE', #4866, 16.59999999999999076 ) ;
#6709 = DIRECTION ( 'NONE',  ( 2.490616583400438059E-08, -1.577721838605480946E-30, -0.9999999999999996669 ) ) ;
#6710 = CARTESIAN_POINT ( 'NONE',  ( -5.041041522454006163, -1.779949199898000378, -54.79298605861921345 ) ) ;
#6711 = CARTESIAN_POINT ( 'NONE',  ( 7.711868097967008673, 5.538630615017976286E-15, 64.99009760579447459 ) ) ;
#6712 = CARTESIAN_POINT ( 'NONE',  ( 16.23968102499938126, -3.599999999999999645, -56.78003048188470103 ) ) ;
#6713 = EDGE_LOOP ( 'NONE', ( #5354, #7188, #77, #2225 ) ) ;
#6714 = CARTESIAN_POINT ( 'NONE',  ( 15.85607791014321322, -3.600000000000000089, -57.73161565823880181 ) ) ;
#6715 = DIRECTION ( 'NONE',  ( 0.000000000000000000, 0.000000000000000000, 1.000000000000000000 ) ) ;
#6716 = CARTESIAN_POINT ( 'NONE',  ( -11.61597746063123004, -3.000000000000010658, -64.30498037198057659 ) ) ;
#6717 = EDGE_CURVE ( 'NONE', #4852, #3566, #5237, .T. ) ;
#6718 = CARTESIAN_POINT ( 'NONE',  ( 12.33703577386310535, -2.000000000000000000, -63.72380043343677158 ) ) ;
#6719 = CARTESIAN_POINT ( 'NONE',  ( -17.29817797511627120, -3.600000000000000089, 31.47597405626972744 ) ) ;
#6720 = ADVANCED_FACE ( 'NONE', ( #2372 ), #5462, .T. ) ;
#6721 = ORIENTED_EDGE ( 'NONE', *, *, #592, .T. ) ;
#6722 = VECTOR ( 'NONE', #6209, 1000.000000000000000 ) ;
#6723 = B_SPLINE_SURFACE_WITH_KNOTS ( 'NONE', 3, 1, ( 
 ( #5148, #4509 ),
 ( #6263, #6226 ),
 ( #1003, #7463 ),
 ( #3293, #3361 ),
 ( #2241, #6617 ),
 ( #450, #341 ),
 ( #6148, #2786 ),
 ( #1076, #7426 ) ),
 .UNSPECIFIED., .F., .F., .F.,
 ( 4, 1, 1, 1, 1, 4 ),
 ( 2, 2 ),
 ( -1.481687410395525003E-06, 0.2499988887344422039, 0.3749990739453684663, 0.4999992591562947841, 0.7499996295781473643, 1.000000000000000000 ),
 ( 0.000000000000000000, 1.000000000000000000 ),
 .UNSPECIFIED. ) ;
#6724 = CARTESIAN_POINT ( 'NONE',  ( -5.833370550751585171, -0.8000000000000000444, 65.42861157126348814 ) ) ;
#6725 = EDGE_CURVE ( 'NONE', #464, #6509, #3891, .T. ) ;
#6726 = CARTESIAN_POINT ( 'NONE',  ( 9.943851500157418144, -3.600000000000000533, -64.67395486576710084 ) ) ;
#6727 = CARTESIAN_POINT ( 'NONE',  ( 11.08973649278500773, -3.000000000000011102, 61.79017281696197728 ) ) ;
#6728 = CARTESIAN_POINT ( 'NONE',  ( -9.013769408897378099, -3.599999999999998757, 63.60759529181443384 ) ) ;
#6729 = DIRECTION ( 'NONE',  ( -0.000000000000000000, -1.000000000000000000, -0.000000000000000000 ) ) ;
#6730 = CARTESIAN_POINT ( 'NONE',  ( -6.962653195316155674, -0.8000000000000017097, 63.08191178717169123 ) ) ;
#6731 = CARTESIAN_POINT ( 'NONE',  ( -14.53745339561919536, 5.791619755481939652E-15, 51.08105996277844696 ) ) ;
#6732 = CARTESIAN_POINT ( 'NONE',  ( 3.983871901865124077, -0.7999999999999999334, 66.00004649238751142 ) ) ;
#6733 = CARTESIAN_POINT ( 'NONE',  ( 17.27088969242682381, -3.600000000000000089, -45.33304413979527681 ) ) ;
#6734 = DIRECTION ( 'NONE',  ( -0.000000000000000000, 1.000000000000000000, -0.000000000000000000 ) ) ;
#6735 = CARTESIAN_POINT ( 'NONE',  ( 13.81721188279422918, 5.664434980290198573E-15, 53.61431733242874742 ) ) ;
#6736 = CARTESIAN_POINT ( 'NONE',  ( 10.56979288358107993, -3.599999999999999645, -64.28959580317686573 ) ) ;
#6737 = CARTESIAN_POINT ( 'NONE',  ( -17.21386306366523300, -3.000000000000011546, -55.71202684295889185 ) ) ;
#6738 = CARTESIAN_POINT ( 'NONE',  ( -9.810991031444471488, 5.594558162096014737E-15, 62.45911790763744875 ) ) ;
#6739 = CARTESIAN_POINT ( 'NONE',  ( -10.35388897707891864, -3.600000000000000089, -64.42529150735130372 ) ) ;
#6740 = CARTESIAN_POINT ( 'NONE',  ( 14.74105827386205014, -0.7999999999991806998, 46.44384112773961704 ) ) ;
#6741 = AXIS2_PLACEMENT_3D ( 'NONE', #5455, #3658, #223 ) ;
#6742 = ADVANCED_FACE ( 'NONE', ( #1387 ), #1956, .F. ) ;
#6743 = CARTESIAN_POINT ( 'NONE',  ( 14.20024032560462857, -0.7999999999999997113, 49.07083851065782909 ) ) ;
#6744 = ORIENTED_EDGE ( 'NONE', *, *, #3754, .F. ) ;
#6745 = CARTESIAN_POINT ( 'NONE',  ( -11.37197915932538095, 6.012518921376209190E-15, 59.77901637320570671 ) ) ;
#6746 = CARTESIAN_POINT ( 'NONE',  ( -3.309225169681619061, -3.000000000000010214, 66.87630199181556634 ) ) ;
#6747 = CARTESIAN_POINT ( 'NONE',  ( 4.360902634835929881, -0.8000000000000228040, 64.89339932691268586 ) ) ;
#6748 = FACE_OUTER_BOUND ( 'NONE', #5675, .T. ) ;
#6749 = CARTESIAN_POINT ( 'NONE',  ( -3.943770084976398115E-07, -2.000000000000000000, 66.87631535813137873 ) ) ;
#6750 = CARTESIAN_POINT ( 'NONE',  ( 9.087784528057202493, 5.745657892057588217E-15, 63.45832994016879525 ) ) ;
#6751 = CARTESIAN_POINT ( 'NONE',  ( 17.17536970402064966, -3.599999999999999645, -52.65080886427438855 ) ) ;
#6752 = ORIENTED_EDGE ( 'NONE', *, *, #5934, .T. ) ;
#6753 = CARTESIAN_POINT ( 'NONE',  ( 16.31505212817301498, -3.599999999999999645, -56.56304891049498451 ) ) ;
#6754 = CARTESIAN_POINT ( 'NONE',  ( 10.99515601087369276, -3.000000000000010658, -64.72998015956616769 ) ) ;
#6755 = CARTESIAN_POINT ( 'NONE',  ( 11.61597746056947678, -3.000000000000010658, -64.30498037203024353 ) ) ;
#6756 = CARTESIAN_POINT ( 'NONE',  ( -14.59992645658035926, -0.7999999999999952704, 39.54021357782981738 ) ) ;
#6757 = CARTESIAN_POINT ( 'NONE',  ( -17.29515390589660839, -3.600000000000000089, 32.00069195587018100 ) ) ;
#6758 = AXIS2_PLACEMENT_3D ( 'NONE', #5680, #2742, #5568 ) ;
#6759 = EDGE_LOOP ( 'NONE', ( #811, #3745, #978, #1851 ) ) ;
#6760 = CARTESIAN_POINT ( 'NONE',  ( -5.652948469606048576, -0.7999999999999993783, 65.53175362667015236 ) ) ;
#6761 = CARTESIAN_POINT ( 'NONE',  ( 3.631474242115118933, -3.000000000000010214, -67.19803895974997943 ) ) ;
#6762 = CARTESIAN_POINT ( 'NONE',  ( 13.38549974291364109, -3.000000000000010214, 57.37474238582178998 ) ) ;
#6763 = CARTESIAN_POINT ( 'NONE',  ( -9.632346121884792112, -3.599999999999999645, 62.83639495308515421 ) ) ;
#6764 = DIRECTION ( 'NONE',  ( -0.000000000000000000, 1.000000000000000000, -0.000000000000000000 ) ) ;
#6765 = ORIENTED_EDGE ( 'NONE', *, *, #6615, .T. ) ;
#6766 = FACE_OUTER_BOUND ( 'NONE', #3037, .T. ) ;
#6767 = CARTESIAN_POINT ( 'NONE',  ( -14.25575799097778784, -3.100000000000033840, 29.15011359384848433 ) ) ;
#6768 = EDGE_CURVE ( 'NONE', #3393, #4525, #2995, .T. ) ;
#6769 = CARTESIAN_POINT ( 'NONE',  ( 11.05470515666343090, 5.819588645290236731E-15, 60.39519070780909260 ) ) ;
#6770 = CARTESIAN_POINT ( 'NONE',  ( 9.250776758233529407, -3.599999999999999645, -65.05472636587087720 ) ) ;
#6771 = DIRECTION ( 'NONE',  ( 0.000000000000000000, -1.000000000000000000, 0.000000000000000000 ) ) ;
#6772 = CARTESIAN_POINT ( 'NONE',  ( -6.416786003014423478, 6.120082497846839054E-15, 66.00938249137415426 ) ) ;
#6773 = CARTESIAN_POINT ( 'NONE',  ( -9.076863568201320120, -3.600000000000000533, -65.13779798427403023 ) ) ;
#6774 = DIRECTION ( 'NONE',  ( -1.000000000000000000, 0.000000000000000000, 0.000000000000000000 ) ) ;
#6775 = CARTESIAN_POINT ( 'NONE',  ( 14.11936783707968424, -0.8000000000027127633, 49.44660894042978327 ) ) ;
#6776 = CARTESIAN_POINT ( 'NONE',  ( -3.810036809055219464, -1.239339828220174633, -15.87497125981866475 ) ) ;
#6777 = CARTESIAN_POINT ( 'NONE',  ( 10.12574698196570822, -0.8000000000000003775, 60.42504009520273200 ) ) ;
#6778 = ORIENTED_EDGE ( 'NONE', *, *, #1760, .T. ) ;
#6779 = FACE_OUTER_BOUND ( 'NONE', #6471, .T. ) ;
#6780 = CARTESIAN_POINT ( 'NONE',  ( 14.88312724710014479, -0.7999999999999972689, 35.02308320071113457 ) ) ;
#6781 = DIRECTION ( 'NONE',  ( 0.000000000000000000, 0.000000000000000000, 1.000000000000000000 ) ) ;
#6782 = CARTESIAN_POINT ( 'NONE',  ( 18.60000000000524167, 0.000000000000000000, 32.00001223506188808 ) ) ;
#6783 = CARTESIAN_POINT ( 'NONE',  ( -13.02054599476074692, -3.000000000000010658, 58.19519984472883323 ) ) ;
#6784 = DIRECTION ( 'NONE',  ( 0.000000000000000000, 0.000000000000000000, -1.000000000000000000 ) ) ;
#6785 = CARTESIAN_POINT ( 'NONE',  ( 14.25575799097778784, -3.100000000000030731, 27.00011359384848220 ) ) ;
#6786 = CARTESIAN_POINT ( 'NONE',  ( 7.395747670844265542, 5.600044308255759307E-15, 65.27456695290516109 ) ) ;
#6787 = CARTESIAN_POINT ( 'NONE',  ( 16.74241013074495399, -3.599999999999999645, -55.15288500070731459 ) ) ;
#6788 = CARTESIAN_POINT ( 'NONE',  ( 7.533123011813358971, -3.000000000000010658, 65.83467889268183626 ) ) ;
#6789 = B_SPLINE_CURVE_WITH_KNOTS ( 'NONE', 3,
 ( #2139, #6718, #3262, #4477, #280, #1583, #3908, #2600, #6685, #897, #3225, #5540 ),
 .UNSPECIFIED., .F., .F.,
 ( 4, 1, 1, 1, 1, 1, 1, 1, 1, 4 ),
 ( 2.317524352065410928E-06, 0.1250020738913784901, 0.2500018302584048890, 0.3750015866254312602, 0.5000013429924576869, 0.6250010993594841135, 0.6875009775429973269, 0.7500008557265105402, 0.8750006120935369669, 1.000000368460563394 ),
 .UNSPECIFIED. ) ;
#6790 = EDGE_CURVE ( 'NONE', #6385, #3182, #6155, .T. ) ;
#6791 = DIRECTION ( 'NONE',  ( 0.9999999999999996669, -0.000000000000000000, 2.490616585789864401E-08 ) ) ;
#6792 = CARTESIAN_POINT ( 'NONE',  ( -17.89666249622122507, -3.000000000000010658, 18.29875972306133036 ) ) ;
#6793 = CARTESIAN_POINT ( 'NONE',  ( 7.533123011813358971, -2.000000000000000000, 65.83467889268183626 ) ) ;
#6794 = CIRCLE ( 'NONE', #1814, 2.440470318322684129 ) ;
#6795 = ORIENTED_EDGE ( 'NONE', *, *, #4278, .F. ) ;
#6796 = CARTESIAN_POINT ( 'NONE',  ( 6.491128293675282102, -3.000000000000011546, 66.43916887516897418 ) ) ;
#6797 = CARTESIAN_POINT ( 'NONE',  ( -5.584160486052485162, -0.8000000000000001554, 65.56836149698327176 ) ) ;
#6798 = CARTESIAN_POINT ( 'NONE',  ( 8.232359826216152143, -3.600000000000002309, -65.51582946149324016 ) ) ;
#6799 = CARTESIAN_POINT ( 'NONE',  ( 10.03910152706454539, -3.000000000000010214, 63.29346711289203853 ) ) ;
#6800 = VECTOR ( 'NONE', #3258, 1000.000000000000114 ) ;
#6801 = CARTESIAN_POINT ( 'NONE',  ( -9.088802279864275135, -3.599999999999999645, 63.51888526854948225 ) ) ;
#6802 = CARTESIAN_POINT ( 'NONE',  ( -14.25575799097778074, -1.499999999999999556, -31.00427299466725017 ) ) ;
#6803 = EDGE_LOOP ( 'NONE', ( #5718, #6027, #4619, #5979 ) ) ;
#6804 = LINE ( 'NONE', #1594, #3625 ) ;
#6805 = DIRECTION ( 'NONE',  ( 0.000000000000000000, -1.000000000000000000, -0.000000000000000000 ) ) ;
#6806 = AXIS2_PLACEMENT_3D ( 'NONE', #3611, #3694, #3656 ) ;
#6807 = CARTESIAN_POINT ( 'NONE',  ( 9.559207888842248479, 5.460956415208764297E-15, 62.82168383100427178 ) ) ;
#6808 = CARTESIAN_POINT ( 'NONE',  ( 10.62134609268954399, -3.600000000000001421, -64.25702858774634763 ) ) ;
#6809 = CYLINDRICAL_SURFACE ( 'NONE', #5952, 1.449999999999999956 ) ;
#6810 = CARTESIAN_POINT ( 'NONE',  ( -8.179514698282888574, 5.871444670491132728E-15, 64.51990500688359020 ) ) ;
#6811 = CARTESIAN_POINT ( 'NONE',  ( -5.297530006980614381, -3.600000000000000089, -66.37969689522600447 ) ) ;
#6812 = B_SPLINE_CURVE_WITH_KNOTS ( 'NONE', 3,
 ( #5902, #3976, #2171, #6303, #2242, #5648, #2281, #3012, #5340, #99, #4512, #1118, #6229, #1006, #3402, #2427, #3331, #5728 ),
 .UNSPECIFIED., .F., .F.,
 ( 4, 2, 2, 1, 1, 1, 1, 2, 2, 2, 4 ),
 ( 0.000000000000000000, 0.2499999999999558686, 0.3749999999999338307, 0.4374999999999227840, 0.4687499999999172329, 0.4843749999999145128, 0.4921874999999216738, 0.4960937499999252265, 0.4999999999999288347, 0.7499999999999643618, 1.000000000000000000 ),
 .UNSPECIFIED. ) ;
#6813 = B_SPLINE_CURVE_WITH_KNOTS ( 'NONE', 3,
 ( #3850, #7262, #6104, #7202, #877, #4417, #806, #4309 ),
 .UNSPECIFIED., .F., .F.,
 ( 4, 1, 1, 1, 1, 4 ),
 ( 0.000000000000000000, 0.2500000000000000000, 0.3750000000000000555, 0.5000000000000000000, 0.7500000000000000000, 1.000000000000000000 ),
 .UNSPECIFIED. ) ;
#6814 = CARTESIAN_POINT ( 'NONE',  ( 14.59849148860760693, -0.7999999999923167460, 47.19639604554834023 ) ) ;
#6815 = CARTESIAN_POINT ( 'NONE',  ( -3.810036809055219464, -0.5999999999999998668, -11.49629160337828715 ) ) ;
#6816 = CARTESIAN_POINT ( 'NONE',  ( -16.72031454028865838, -0.03847674987858080986, 35.10830777841619721 ) ) ;
#6817 = CARTESIAN_POINT ( 'NONE',  ( 13.43820223226184929, -0.7999999999999997113, 52.08339012858326100 ) ) ;
#6818 = ADVANCED_FACE ( 'NONE', ( #6680 ), #5004, .T. ) ;
#6819 = ORIENTED_EDGE ( 'NONE', *, *, #110, .F. ) ;
#6820 = CARTESIAN_POINT ( 'NONE',  ( -11.07811493808014092, 5.483490960077990844E-15, 60.34271667255912064 ) ) ;
#6821 = DIRECTION ( 'NONE',  ( 0.000000000000000000, 1.000000000000000000, 0.000000000000000000 ) ) ;
#6822 = CARTESIAN_POINT ( 'NONE',  ( -9.126177736734147672, -3.600000000000000977, -65.11315706394643144 ) ) ;
#6823 = CARTESIAN_POINT ( 'NONE',  ( 14.60024559983330228, -0.8000000000000146994, 39.54008587528961272 ) ) ;
#6824 = CARTESIAN_POINT ( 'NONE',  ( 14.92304473783518937, -0.8000000000000000444, 32.00027144533434154 ) ) ;
#6825 = CARTESIAN_POINT ( 'NONE',  ( 7.912984221117348227, -0.8000000000000000444, -20.18897252795810004 ) ) ;
#6826 = CARTESIAN_POINT ( 'NONE',  ( 11.05470515666343090, 5.819588645290236731E-15, 60.39519070780909260 ) ) ;
#6827 = CARTESIAN_POINT ( 'NONE',  ( 17.26074107169650418, -3.600000000000000533, -50.38900894291806054 ) ) ;
#6828 = DIRECTION ( 'NONE',  ( 0.000000000000000000, -1.000000000000000000, 0.000000000000000000 ) ) ;
#6829 = CARTESIAN_POINT ( 'NONE',  ( 13.26482943343486909, -3.000000000000011102, -62.76960542316406588 ) ) ;
#6830 = DIRECTION ( 'NONE',  ( 0.000000000000000000, -0.000000000000000000, -1.000000000000000000 ) ) ;
#6831 = CARTESIAN_POINT ( 'NONE',  ( -4.358862373550739022, -0.7999999999999916067, 64.89299523179413143 ) ) ;
#6832 = CARTESIAN_POINT ( 'NONE',  ( -14.25575799097778784, -3.600000000000000089, 27.00011359384848220 ) ) ;
#6833 = EDGE_CURVE ( 'NONE', #4211, #3912, #6118, .T. ) ;
#6834 = ORIENTED_EDGE ( 'NONE', *, *, #428, .T. ) ;
#6835 = CARTESIAN_POINT ( 'NONE',  ( -10.07424462741042959, -0.8000000000000005995, 60.50943073440578246 ) ) ;
#6836 = CARTESIAN_POINT ( 'NONE',  ( 10.20788726965246695, -3.600000000000000089, -64.51576230692296576 ) ) ;
#6837 = CARTESIAN_POINT ( 'NONE',  ( -7.906043027228285780, -0.03847897513393384872, 64.75476128486030802 ) ) ;
#6838 = CARTESIAN_POINT ( 'NONE',  ( 17.28636385256561780, -3.600000000000000089, 17.21708901371709999 ) ) ;
#6839 = CARTESIAN_POINT ( 'NONE',  ( -16.60602815925752296, 5.658817412091302989E-15, 37.85218660199941354 ) ) ;
#6840 = VERTEX_POINT ( 'NONE', #1990 ) ;
#6841 = ORIENTED_EDGE ( 'NONE', *, *, #1400, .F. ) ;
#6842 = CARTESIAN_POINT ( 'NONE',  ( -5.143165270045348514, -2.299999999999999822, 44.62837295819787187 ) ) ;
#6843 = CARTESIAN_POINT ( 'NONE',  ( 13.04343782684739672, 5.561566140892713724E-15, 55.91163421237771303 ) ) ;
#6844 = CARTESIAN_POINT ( 'NONE',  ( 11.14441044205819864, -3.599999999999999201, -63.91184691803984919 ) ) ;
#6845 = CARTESIAN_POINT ( 'NONE',  ( 8.467823591916511461, -2.000000000000000000, 66.82012126443059685 ) ) ;
#6846 = CARTESIAN_POINT ( 'NONE',  ( -7.497856170718372404, 5.570543122027303326E-15, 65.18450045297227291 ) ) ;
#6847 = CARTESIAN_POINT ( 'NONE',  ( -0.7667399942670564128, -3.600000000000000089, -66.65820598608576120 ) ) ;
#6848 = CARTESIAN_POINT ( 'NONE',  ( -2.000000000000005329, 0.000000000000000000, -52.00000000000000711 ) ) ;
#6849 = CARTESIAN_POINT ( 'NONE',  ( 6.793639867051902925, -0.03847733889624718739, 65.70347795235643673 ) ) ;
#6850 = CARTESIAN_POINT ( 'NONE',  ( 8.213891533270567535, -0.8000000000000004885, 63.27013866075989768 ) ) ;
#6851 = ORIENTED_EDGE ( 'NONE', *, *, #3703, .F. ) ;
#6852 = CARTESIAN_POINT ( 'NONE',  ( -7.747500626663085477, 5.691641239075473262E-15, 64.95428715891640081 ) ) ;
#6853 = VERTEX_POINT ( 'NONE', #4322 ) ;
#6854 = CARTESIAN_POINT ( 'NONE',  ( 6.462984221117345385, -1.779949199898000378, -20.18897252795810004 ) ) ;
#6855 = CARTESIAN_POINT ( 'NONE',  ( -17.29017558289679712, -3.600000000000000533, -48.32603944844882449 ) ) ;
#6856 = LINE ( 'NONE', #3859, #4326 ) ;
#6857 = DIRECTION ( 'NONE',  ( 0.000000000000000000, 1.000000000000000000, 0.000000000000000000 ) ) ;
#6858 = EDGE_CURVE ( 'NONE', #3677, #2016, #7277, .T. ) ;
#6859 = CARTESIAN_POINT ( 'NONE',  ( -7.025001142752948624, -3.000000000000010658, 66.20915086138865036 ) ) ;
#6860 = CARTESIAN_POINT ( 'NONE',  ( 5.423238146212700173, 5.632378580644669444E-15, 66.51872851880104065 ) ) ;
#6861 = CARTESIAN_POINT ( 'NONE',  ( 17.25860613419203204, -3.599999999999999645, -50.50817981866872941 ) ) ;
#6862 = CARTESIAN_POINT ( 'NONE',  ( 17.26615077082795224, -3.599999999999999645, -50.08277802745971741 ) ) ;
#6863 = ADVANCED_FACE ( 'NONE', ( #5507 ), #3085, .T. ) ;
#6864 = CARTESIAN_POINT ( 'NONE',  ( -17.35604047676861228, 0.000000000000000000, 46.58436851558501957 ) ) ;
#6865 = CARTESIAN_POINT ( 'NONE',  ( 6.462984221117340944, -0.7999999999999999334, -48.18897252795810004 ) ) ;
#6866 = CARTESIAN_POINT ( 'NONE',  ( -17.29838065567883731, -3.600000000000000533, 28.57531000687531630 ) ) ;
#6867 = CARTESIAN_POINT ( 'NONE',  ( 17.91365765464525595, -2.000000000000000000, 33.87961325664373646 ) ) ;
#6868 = CARTESIAN_POINT ( 'NONE',  ( 3.984687001708258514, -0.7999999999999997113, 66.00004157739023469 ) ) ;
#6869 = ORIENTED_EDGE ( 'NONE', *, *, #417, .T. ) ;
#6870 = CARTESIAN_POINT ( 'NONE',  ( -12.57101596043643355, -0.7999999999999993783, 54.85330471154533427 ) ) ;
#6871 = CARTESIAN_POINT ( 'NONE',  ( 7.177162693534647531, -3.600000000000000089, 65.35167552433954086 ) ) ;
#6872 = VECTOR ( 'NONE', #1190, 1000.000000000000114 ) ;
#6873 = CARTESIAN_POINT ( 'NONE',  ( 7.366822483473468353, -3.000000000000012879, 65.95721740728200189 ) ) ;
#6874 = CARTESIAN_POINT ( 'NONE',  ( -13.03107727137348348, -3.599999999999999645, 56.65383054662472517 ) ) ;
#6875 = VERTEX_POINT ( 'NONE', #2014 ) ;
#6876 = EDGE_LOOP ( 'NONE', ( #689, #3727, #2286, #3074 ) ) ;
#6877 = CARTESIAN_POINT ( 'NONE',  ( -17.26036256468105279, -3.600000000000000089, -44.56593320724152107 ) ) ;
#6878 = CARTESIAN_POINT ( 'NONE',  ( -3.810036809055219020, -3.600000000000000089, -13.43450094149597973 ) ) ;
#6879 = CARTESIAN_POINT ( 'NONE',  ( -3.810036809055219464, -2.100000000000016520, -15.87497125981866475 ) ) ;
#6880 = B_SPLINE_CURVE_WITH_KNOTS ( 'NONE', 3,
 ( #6871, #1812, #4145, #1133, #6469, #1242, #5892, #2806, #2412, #1358, #751, #129, #3599, #4178, #1314, #210, #7065, #82, #5929, #1885, #3685, #5479, #3760, #704, #7104, #3724, #6013, #788, #4781, #4746, #3641, #4859, #1995, #3078, #3043, #4818, #7184, #1921, #1848, #665, #6584, #5369, #6506, #4261, #1278, #2530, #6620, #5974, #5406, #2455, #5445, #6046, #168, #4216, #6544, #1428, #2492, #7145, #7219, #1961, #4295, #825, #6652, #1392, #3155, #4325, #247 ),
 .UNSPECIFIED., .F., .F.,
 ( 4, 2, 2, 2, 2, 2, 2, 1, 2, 2, 1, 1, 2, 2, 1, 1, 2, 2, 1, 1, 1, 1, 2, 2, 1, 1, 1, 2, 2, 1, 1, 1, 1, 2, 2, 1, 1, 1, 1, 1, 1, 1, 2, 2, 4 ),
 ( 0.000000000000000000, 0.06249999999999604483, 0.1249999999999920897, 0.1874999999999881206, 0.2499999999999841793, 0.2812499999999821809, 0.3124999999999802380, 0.3281249999999792388, 0.3359374999999785727, 0.3437499999999779066, 0.3593749999999766298, 0.3671874999999760192, 0.3710937499999759082, 0.3749999999999757971, 0.3906249999999761857, 0.3984374999999762412, 0.4023437499999761857, 0.4062499999999761857, 0.4218749999999759637, 0.4296874999999760747, 0.4335937499999762967, 0.4355468749999765188, 0.4365234374999766853, 0.4374999999999768518, 0.4531249999999811817, 0.4609374999999832356, 0.4648437499999841793, 0.4667968749999848455, 0.4687499999999855116, 0.4843749999999905631, 0.4921874999999931721, 0.4960937499999943934, 0.4980468749999950040, 0.4990234374999953926, 0.4999999999999957812, 0.6249999999999961142, 0.6874999999999963363, 0.7187499999999964473, 0.7343749999999965583, 0.7421874999999967804, 0.7460937499999968914, 0.7480468749999968914, 0.7490234374999968914, 0.7499999999999968914, 1.000000000000000000 ),
 .UNSPECIFIED. ) ;
#6881 = CARTESIAN_POINT ( 'NONE',  ( -11.12785804539835866, 5.564301379570013872E-15, 60.24910845922378400 ) ) ;
#6882 = CARTESIAN_POINT ( 'NONE',  ( -14.25575799097778074, -3.099999999999992095, -28.85427299466725160 ) ) ;
#6883 = CARTESIAN_POINT ( 'NONE',  ( 8.110135110881264708, -0.03847693857159679293, 64.53754222955045350 ) ) ;
#6884 = CARTESIAN_POINT ( 'NONE',  ( -8.710432837503303105, -3.600000000000000533, 63.95276083805303813 ) ) ;
#6885 = CARTESIAN_POINT ( 'NONE',  ( 16.15655114593786124, -3.600000000000000089, 45.40162984778517341 ) ) ;
#6886 = CARTESIAN_POINT ( 'NONE',  ( 6.489083452540290509, -0.7999999999999997113, 64.97987621146438642 ) ) ;
#6887 = ORIENTED_EDGE ( 'NONE', *, *, #3928, .F. ) ;
#6888 = CARTESIAN_POINT ( 'NONE',  ( -13.04222058300397791, 5.929280873306115088E-15, 55.90794825020667247 ) ) ;
#6889 = DIRECTION ( 'NONE',  ( -0.5735764363510078567, -0.000000000000000000, -0.8191520442890185549 ) ) ;
#6890 = CARTESIAN_POINT ( 'NONE',  ( -10.88591494982644470, -3.600000000000000533, -64.08878189387500868 ) ) ;
#6891 = CARTESIAN_POINT ( 'NONE',  ( 1.110715225121823968, -3.600000000000000533, -66.66077508871470059 ) ) ;
#6892 = EDGE_CURVE ( 'NONE', #2809, #464, #2859, .T. ) ;
#6893 = CARTESIAN_POINT ( 'NONE',  ( -17.23933546445171316, -3.600000000000000533, -51.49818924975339485 ) ) ;
#6894 = CARTESIAN_POINT ( 'NONE',  ( -2.110700767189332971, 5.637851296924623057E-15, 66.82052036877864509 ) ) ;
#6895 = DIRECTION ( 'NONE',  ( -0.9999999999999996669, 1.130782514857741427E-30, -2.490616653888567452E-08 ) ) ;
#6896 = AXIS2_PLACEMENT_3D ( 'NONE', #3728, #6510, #829 ) ;
#6897 = CARTESIAN_POINT ( 'NONE',  ( 4.802938005622112705, 5.584178387393841259E-15, 66.70988863197705143 ) ) ;
#6898 = ORIENTED_EDGE ( 'NONE', *, *, #4443, .F. ) ;
#6899 = CARTESIAN_POINT ( 'NONE',  ( 17.26414450307187920, -3.600000000000000089, -50.19718120050116283 ) ) ;
#6900 = CARTESIAN_POINT ( 'NONE',  ( 17.82086168601930964, -3.000000000000010658, -52.72503012935123223 ) ) ;
#6901 = LINE ( 'NONE', #1198, #6067 ) ;
#6902 = CARTESIAN_POINT ( 'NONE',  ( -17.29887093071115345, -3.599999999999999645, 27.63456697921988692 ) ) ;
#6903 = DIRECTION ( 'NONE',  ( 0.000000000000000000, -1.000000000000000000, 0.000000000000000000 ) ) ;
#6904 = CARTESIAN_POINT ( 'NONE',  ( 13.56487331926901163, -3.000000000000010658, 57.07628831986314566 ) ) ;
#6905 = EDGE_CURVE ( 'NONE', #5811, #235, #6962, .T. ) ;
#6906 = ORIENTED_EDGE ( 'NONE', *, *, #7019, .F. ) ;
#6907 = CARTESIAN_POINT ( 'NONE',  ( -11.29104253845062189, -1.779949199897996825, -2.812165781712402046E-07 ) ) ;
#6908 = CARTESIAN_POINT ( 'NONE',  ( 9.673775878861956556, -3.599999999999999645, 62.78149283605771558 ) ) ;
#6909 = VECTOR ( 'NONE', #6941, 1000.000000000000000 ) ;
#6910 = CARTESIAN_POINT ( 'NONE',  ( -10.99515601094792849, -2.000000000000000000, -64.72998015950946638 ) ) ;
#6911 = CYLINDRICAL_SURFACE ( 'NONE', #1653, 1.449999999999999956 ) ;
#6912 = ORIENTED_EDGE ( 'NONE', *, *, #4163, .T. ) ;
#6913 = VERTEX_POINT ( 'NONE', #4044 ) ;
#6914 = STYLED_ITEM ( 'NONE', ( #5922 ), #2054 ) ;
#6915 = CARTESIAN_POINT ( 'NONE',  ( 7.912984221117341121, -1.779949199898000378, -48.18897252795810004 ) ) ;
#6916 = CARTESIAN_POINT ( 'NONE',  ( 11.07889133305548590, -3.600000000000000089, -63.95854457383163805 ) ) ;
#6917 = DIRECTION ( 'NONE',  ( -1.000000000000000000, 0.000000000000000000, -4.872117666574981214E-10 ) ) ;
#6918 = VECTOR ( 'NONE', #3917, 1000.000000000000000 ) ;
#6919 = CARTESIAN_POINT ( 'NONE',  ( -15.80909526084842120, 5.282657141444910232E-15, 44.92264236338849059 ) ) ;
#6920 = CARTESIAN_POINT ( 'NONE',  ( -0.7544695099099935076, -3.600000000000000533, -66.65811222585926998 ) ) ;
#6921 = CARTESIAN_POINT ( 'NONE',  ( 10.64267515377106044, -0.03847764683651878903, 61.06215992113367008 ) ) ;
#6922 = CARTESIAN_POINT ( 'NONE',  ( 16.06718757413137411, -3.600000000000000089, 45.89778527151729293 ) ) ;
#6923 = CARTESIAN_POINT ( 'NONE',  ( 6.447333400304842144, -0.8000000000000003775, 65.01148392824403288 ) ) ;
#6924 = AXIS2_PLACEMENT_3D ( 'NONE', #2346, #6994, #2502 ) ;
#6925 = EDGE_LOOP ( 'NONE', ( #4822, #6834, #6522, #4347 ) ) ;
#6926 = CARTESIAN_POINT ( 'NONE',  ( -6.266545668450371309, 5.704182920520786837E-15, 66.10175261660417334 ) ) ;
#6927 = ADVANCED_FACE ( 'NONE', ( #4608 ), #5488, .F. ) ;
#6928 = CARTESIAN_POINT ( 'NONE',  ( -11.29104107040683758, -1.779949199897996825, -58.94298617816860286 ) ) ;
#6929 = CARTESIAN_POINT ( 'NONE',  ( -2.962034950016975934E-06, -3.000000000000010658, -67.25441558775045792 ) ) ;
#6930 = CARTESIAN_POINT ( 'NONE',  ( 0.4190663528884941424, -3.600000000000000533, -66.65576224165209851 ) ) ;
#6931 = CARTESIAN_POINT ( 'NONE',  ( -17.16702408379498124, -3.599999999999998757, -52.74239724491964409 ) ) ;
#6932 = CARTESIAN_POINT ( 'NONE',  ( -16.76152236891496372, -0.03847763108503251400, -51.99999999998125588 ) ) ;
#6933 = CARTESIAN_POINT ( 'NONE',  ( -17.64334159663116708, -3.000000000000011102, 38.29179229083391789 ) ) ;
#6934 = CARTESIAN_POINT ( 'NONE',  ( 16.30875640480574873, 5.604166992020074239E-15, 41.18455071422826563 ) ) ;
#6935 = CARTESIAN_POINT ( 'NONE',  ( 5.594964192172916739, 5.621340097582690304E-15, 66.44894971723920207 ) ) ;
#6936 = VERTEX_POINT ( 'NONE', #5410 ) ;
#6937 = CARTESIAN_POINT ( 'NONE',  ( 17.02315412059431665, -3.599999999999999201, -53.82839716418255449 ) ) ;
#6938 = CARTESIAN_POINT ( 'NONE',  ( -18.05323324065243540, 0.000000000000000000, 41.98427938043147378 ) ) ;
#6939 = FACE_BOUND ( 'NONE', #4572, .T. ) ;
#6940 = LINE ( 'NONE', #4697, #7515 ) ;
#6941 = DIRECTION ( 'NONE',  ( 0.000000000000000000, 0.7071067811865556774, 0.7071067811865393571 ) ) ;
#6942 = EDGE_LOOP ( 'NONE', ( #651, #4520 ) ) ;
#6943 = EDGE_CURVE ( 'NONE', #5574, #4537, #2799, .T. ) ;
#6944 = CARTESIAN_POINT ( 'NONE',  ( 8.524050719018147149, -3.600000000000000977, 64.15177903830974060 ) ) ;
#6945 = CARTESIAN_POINT ( 'NONE',  ( -10.29891755741036086, -0.8000000000000000444, 60.10243307154065207 ) ) ;
#6946 = CARTESIAN_POINT ( 'NONE',  ( 10.57565525146674190, -3.000000000000011102, -64.99392270362636737 ) ) ;
#6947 = CARTESIAN_POINT ( 'NONE',  ( 9.659055542629266355, -3.000000000000010658, 63.77258861398946266 ) ) ;
#6948 = EDGE_CURVE ( 'NONE', #872, #4128, #2376, .T. ) ;
#6949 = CARTESIAN_POINT ( 'NONE',  ( -13.58086016332443080, -3.599999999999999645, 55.25448956898203789 ) ) ;
#6950 = EDGE_LOOP ( 'NONE', ( #2628, #2724, #5652, #323 ) ) ;
#6951 = CARTESIAN_POINT ( 'NONE',  ( -4.015724143174610461, -0.7999999999999986011, 64.92243380316537582 ) ) ;
#6952 = EDGE_LOOP ( 'NONE', ( #3434, #358, #681, #5089, #1592, #2066 ) ) ;
#6953 = CARTESIAN_POINT ( 'NONE',  ( -17.25756597349936428, -3.600000000000000089, -44.25997981817788940 ) ) ;
#6954 = LINE ( 'NONE', #3386, #3609 ) ;
#6955 = ADVANCED_FACE ( 'NONE', ( #6049 ), #3835, .F. ) ;
#6956 = CARTESIAN_POINT ( 'NONE',  ( -11.61597746063582015, -3.000000000000010658, -64.30498037198010763 ) ) ;
#6957 = CARTESIAN_POINT ( 'NONE',  ( -13.04222058300397791, 5.929280873306115088E-15, 55.90794825020667247 ) ) ;
#6958 = DIRECTION ( 'NONE',  ( 0.000000000000000000, -1.000000000000000000, 0.000000000000000000 ) ) ;
#6959 = DIRECTION ( 'NONE',  ( 0.000000000000000000, -1.000000000000000000, 0.000000000000000000 ) ) ;
#6960 = CARTESIAN_POINT ( 'NONE',  ( 6.605847221563640126, -0.7999999999991554978, 64.89010279153389149 ) ) ;
#6961 = CARTESIAN_POINT ( 'NONE',  ( 16.63232581695417878, -3.600000000000000089, 42.38687528638071456 ) ) ;
#6962 = LINE ( 'NONE', #997, #5481 ) ;
#6963 = CARTESIAN_POINT ( 'NONE',  ( 9.084074142230429416, -0.8000000000000000444, 62.10300660988864507 ) ) ;
#6964 = VERTEX_POINT ( 'NONE', #2743 ) ;
#6965 = CARTESIAN_POINT ( 'NONE',  ( -7.059196968505089487, 5.608663476765321684E-15, 65.55225822094934074 ) ) ;
#6966 = ORIENTED_EDGE ( 'NONE', *, *, #722, .T. ) ;
#6967 = CARTESIAN_POINT ( 'NONE',  ( 4.965923702494752234, 5.742937681906687671E-15, 66.66972143488266056 ) ) ;
#6968 = CARTESIAN_POINT ( 'NONE',  ( -1.978602083692658997, -3.599999999999999645, -66.66277759688829008 ) ) ;
#6969 = CARTESIAN_POINT ( 'NONE',  ( 0.5013863156927187426, -3.600000000000000977, -66.65626753472278665 ) ) ;
#6970 = CARTESIAN_POINT ( 'NONE',  ( -17.85298167917222756, -3.000000000000011102, -50.82918127814748743 ) ) ;
#6971 = CARTESIAN_POINT ( 'NONE',  ( 11.65193466773164843, 5.605909051848336389E-15, 59.21070294933961975 ) ) ;
#6972 = CARTESIAN_POINT ( 'NONE',  ( 6.973977923115477040, 5.866590692462503877E-15, 65.61618095669572881 ) ) ;
#6973 = CARTESIAN_POINT ( 'NONE',  ( -4.309716902934744631, -3.600000000000000533, 66.27505937468305319 ) ) ;
#6974 = CARTESIAN_POINT ( 'NONE',  ( 17.25576522103287402, -3.600000000000000089, -43.79031946958090060 ) ) ;
#6975 = CARTESIAN_POINT ( 'NONE',  ( 17.90410878738257594, -3.000000000000010658, -46.61837408618240630 ) ) ;
#6976 = B_SPLINE_CURVE_WITH_KNOTS ( 'NONE', 3,
 ( #6421, #5283, #6499, #2449, #36, #4776, #695, #7018, #1236, #4210, #6539, #3556, #76, #659, #2405, #890, #1528, #1494, #3219, #3113, #3148, #1988, #3717, #202, #6712, #818, #4851, #2102, #6153, #4927, #783, #930, #2627, #3256, #5438, #5573, #4431, #349, #1954, #6751, #4289, #6612, #1385, #6041, #5474, #244, #856, #275, #2562, #4890, #7213, #7243, #4321, #6646, #1423, #3753, #6080, #3188, #2596, #2024, #4355, #5535, #6678, #1460, #3789, #4962, #6116, #308, #7275, #2065, #4397, #7431, #5038, #6194, #6861, #5192, #6232, #2174, #3334, #2711, #4583, #6827, #3366, #4471, #1650, #1121, #6268, #5651, #416, #2748, #455, #5684, #7507, #3405, #2794, #5082, #6306, #5767, #5120, #5730, #2874, #5152, #2244, #1685, #2285, #4618, #5629, #1509, #3274, #5096, #2045, #2081, #6696, #1442, #397, #7367, #4980, #4380, #4338, #911, #3237, #3205, #7296, #2152, #873, #4946, #3878, #2648, #4413, #1548, #6663, #2726, #6733, #6101, #5665, #3844, #4448, #986, #5551, #6172, #2769, #944, #5592, #2691, #3773, #366, #2610, #6134, #5018, #7330 ),
 .UNSPECIFIED., .F., .F.,
 ( 4, 1, 2, 2, 1, 2, 2, 1, 1, 2, 2, 2, 2, 2, 1, 2, 2, 2, 2, 1, 2, 2, 2, 2, 2, 1, 1, 2, 2, 1, 1, 2, 2, 1, 1, 1, 2, 2, 1, 1, 1, 2, 2, 2, 1, 1, 1, 1, 2, 2, 1, 1, 1, 2, 2, 1, 1, 1, 2, 2, 1, 1, 1, 1, 2, 2, 1, 1, 1, 1, 2, 2, 1, 1, 1, 1, 2, 2, 1, 1, 1, 1, 1, 2, 2, 1, 2, 2, 1, 1, 1, 1, 2, 2, 1, 1, 1, 1, 2, 2, 4 ),
 ( 0.000000000000000000, 0.03124999999998581690, 0.04687499999997818412, 0.06249999999997055133, 0.09374999999995661804, 0.1093749999999493877, 0.1249999999999421574, 0.1874999999999128197, 0.2187499999998980815, 0.2343749999998903932, 0.2499999999998826772, 0.3124999999998518407, 0.3437499999998368527, 0.3749999999998218092, 0.4062499999998068212, 0.4218749999997988276, 0.4374999999997908340, 0.4687499999997741806, 0.4999999999997574718, 0.5312499999997407629, 0.5468749999997323252, 0.5624999999997239986, 0.5937499999997072342, 0.6015624999997032374, 0.6093749999996992406, 0.6171874999996952438, 0.6210937499996932454, 0.6230468749996922462, 0.6249999999996912470, 0.6328124999996883604, 0.6367187499996873612, 0.6386718749996864730, 0.6406249999996855848, 0.6484374999996839195, 0.6523437499996830313, 0.6542968749996825872, 0.6552734374996819211, 0.6562499999996812550, 0.6640624999996679323, 0.6679687499996608269, 0.6699218749996577182, 0.6708984374996561639, 0.6718749999996546096, 0.6874999999996277422, 0.6914062499996211919, 0.6933593749996179723, 0.6943359374996168620, 0.6948242187496167510, 0.6950683593746171951, 0.6953124999996176392, 0.6992187499996207478, 0.7011718749996218580, 0.7021484374996227462, 0.7026367187496231903, 0.7031249999996236344, 0.7109374999996307398, 0.7148437499996342925, 0.7167968749996366240, 0.7177734374996382893, 0.7187499999996399547, 0.7343749999996717071, 0.7421874999996875832, 0.7460937499996950217, 0.7480468749996982414, 0.7490234374996997957, 0.7499999999997013500, 0.7812499999997505329, 0.7968749999997746247, 0.8046874999997867262, 0.8085937499997922773, 0.8105468749997950528, 0.8124999999997978284, 0.8437499999998440137, 0.8593749999998669953, 0.8671874999998785416, 0.8710937499998837596, 0.8730468749998864242, 0.8749999999998890887, 0.8906249999999101830, 0.8984374999999207301, 0.9023437499999259481, 0.9042968749999281686, 0.9052734374999297229, 0.9057617187499300559, 0.9062499999999303890, 0.9140624999999419353, 0.9179687499999472644, 0.9218749999999525935, 0.9296874999999624745, 0.9335937499999679146, 0.9355468749999700240, 0.9365234374999704681, 0.9370117187499706901, 0.9374999999999709122, 0.9531249999999724665, 0.9609374999999731326, 0.9648437499999730216, 0.9667968749999729106, 0.9677734374999734657, 0.9687499999999740208, 1.000000000000000000 ),
 .UNSPECIFIED. ) ;
#6977 = LINE ( 'NONE', #6383, #1681 ) ;
#6978 = DIRECTION ( 'NONE',  ( 0.000000000000000000, 0.000000000000000000, -1.000000000000000000 ) ) ;
#6979 = ORIENTED_EDGE ( 'NONE', *, *, #3516, .F. ) ;
#6980 = CARTESIAN_POINT ( 'NONE',  ( 11.07995088201022149, 5.636495828370073686E-15, 60.34794667801659074 ) ) ;
#6981 = B_SPLINE_CURVE_WITH_KNOTS ( 'NONE', 3,
 ( #6235, #1012, #245, #2565 ),
 .UNSPECIFIED., .F., .F.,
 ( 4, 4 ),
 ( 0.000000000000000000, 1.000000000000000000 ),
 .UNSPECIFIED. ) ;
#6982 = DIRECTION ( 'NONE',  ( -0.000000000000000000, 1.000000000000000000, -0.000000000000000000 ) ) ;
#6983 = CARTESIAN_POINT ( 'NONE',  ( -13.81431210902586493, -0.8000000000000000444, 50.68034904988313372 ) ) ;
#6984 = CARTESIAN_POINT ( 'NONE',  ( 10.73610296695080457, -3.000000000000011546, -64.89396939488364069 ) ) ;
#6985 = CARTESIAN_POINT ( 'NONE',  ( 17.30214085017916048, -3.600000000000000089, 23.22982527528610319 ) ) ;
#6986 = CARTESIAN_POINT ( 'NONE',  ( -6.772234685955580424, -0.03847872479099501142, 65.72544026315200938 ) ) ;
#6987 = ORIENTED_EDGE ( 'NONE', *, *, #7512, .F. ) ;
#6988 = CARTESIAN_POINT ( 'NONE',  ( -17.27977347015992038, -3.600000000000000977, -49.21723809914324477 ) ) ;
#6989 = CARTESIAN_POINT ( 'NONE',  ( 11.04914145315730600, -3.600000000000000977, -63.97945766480327023 ) ) ;
#6990 = CARTESIAN_POINT ( 'NONE',  ( -16.60725181414257534, -2.000000000000000000, -57.68579861198703895 ) ) ;
#6991 = CARTESIAN_POINT ( 'NONE',  ( -16.16249379636648342, 5.854673505029890232E-15, 42.43147394471829870 ) ) ;
#6992 = CARTESIAN_POINT ( 'NONE',  ( -13.89119558618360983, -3.600000000000001421, 54.37407961424743519 ) ) ;
#6993 = CARTESIAN_POINT ( 'NONE',  ( -2.077318108936337282, -3.600000000000000089, -66.66108543182856749 ) ) ;
#6994 = DIRECTION ( 'NONE',  ( 0.1500202732922527038, 0.000000000000000000, -0.9886829206582451457 ) ) ;
#6995 = CARTESIAN_POINT ( 'NONE',  ( 6.576578640968715916, -0.8000000000000005995, 63.47674023636692908 ) ) ;
#6996 = CARTESIAN_POINT ( 'NONE',  ( -10.97958071322579876, -3.600000000000001421, 60.83915267158936757 ) ) ;
#6997 = CARTESIAN_POINT ( 'NONE',  ( 14.84733269994967486, -3.599999999999999201, 51.29321482197688198 ) ) ;
#6998 = CARTESIAN_POINT ( 'NONE',  ( -14.59586597494195104, -0.8000000000000064837, 39.58702957115023224 ) ) ;
#6999 = EDGE_CURVE ( 'NONE', #652, #1771, #7312, .T. ) ;
#7000 = CARTESIAN_POINT ( 'NONE',  ( 7.581783247100919887, -0.7999999999999998224, 63.98731028131673781 ) ) ;
#7001 = CARTESIAN_POINT ( 'NONE',  ( -5.200973711032624180, 5.665197611211186537E-15, 66.59907430109115012 ) ) ;
#7002 = EDGE_LOOP ( 'NONE', ( #5265, #999, #2163, #5017 ) ) ;
#7003 = CARTESIAN_POINT ( 'NONE',  ( 5.707686946520926341, 5.220681627272352458E-15, 66.39904127575250925 ) ) ;
#7004 = CARTESIAN_POINT ( 'NONE',  ( -10.99788603386422103, -3.000000000000010214, -64.72884888186933949 ) ) ;
#7005 = CARTESIAN_POINT ( 'NONE',  ( 0.7328809532133090388, -3.600000000000000089, -66.65793937052664830 ) ) ;
#7006 = CARTESIAN_POINT ( 'NONE',  ( -13.78905782556449466, -3.599999999999999645, -61.23717464313012471 ) ) ;
#7007 = CARTESIAN_POINT ( 'NONE',  ( -3.904473699345274440, 5.637851296924622268E-15, 66.80102735594908836 ) ) ;
#7008 = CARTESIAN_POINT ( 'NONE',  ( -17.59605764073102563, -3.000000000000011102, 38.88453995755438797 ) ) ;
#7009 = CARTESIAN_POINT ( 'NONE',  ( 5.176451567022798628, 5.692064667796558837E-15, 66.60703814736373829 ) ) ;
#7010 = ORIENTED_EDGE ( 'NONE', *, *, #1974, .F. ) ;
#7011 = ORIENTED_EDGE ( 'NONE', *, *, #7362, .T. ) ;
#7012 = DIRECTION ( 'NONE',  ( 8.659560562354992023E-17, -0.7071067811865430208, 0.7071067811865521247 ) ) ;
#7013 = CARTESIAN_POINT ( 'NONE',  ( -17.26433109891999607, -3.600000000000001421, 12.88507442955588900 ) ) ;
#7014 = CARTESIAN_POINT ( 'NONE',  ( -5.753981709351884355, -2.000000000000000000, 68.31988628154657306 ) ) ;
#7015 = AXIS2_PLACEMENT_3D ( 'NONE', #5971, #5852, #2961 ) ;
#7016 = CARTESIAN_POINT ( 'NONE',  ( 3.988207691151723910, 0.000000000000000000, 66.80003477684454083 ) ) ;
#7017 = LINE ( 'NONE', #5139, #6446 ) ;
#7018 = CARTESIAN_POINT ( 'NONE',  ( 12.66985032082117968, -3.600000000000000089, -62.52888258758654416 ) ) ;
#7019 = EDGE_CURVE ( 'NONE', #5659, #4525, #2099, .T. ) ;
#7020 = ORIENTED_EDGE ( 'NONE', *, *, #4443, .T. ) ;
#7021 = CARTESIAN_POINT ( 'NONE',  ( 3.998749211016420890, -2.000000000000000000, 68.60000390890179744 ) ) ;
#7022 = AXIS2_PLACEMENT_3D ( 'NONE', #1158, #5239, #5156 ) ;
#7023 = FACE_OUTER_BOUND ( 'NONE', #1955, .T. ) ;
#7024 = CARTESIAN_POINT ( 'NONE',  ( -14.73974268829031153, -0.8000000000000002665, 46.43185661268948650 ) ) ;
#7025 = CARTESIAN_POINT ( 'NONE',  ( 17.85574221343219037, -2.000000000000000000, 11.10967525680099044 ) ) ;
#7026 = AXIS2_PLACEMENT_3D ( 'NONE', #6247, #3345, #434 ) ;
#7027 = CARTESIAN_POINT ( 'NONE',  ( -5.529655185991842359, -0.8000000000015133894, 65.59816062427510985 ) ) ;
#7028 = ORIENTED_EDGE ( 'NONE', *, *, #3928, .T. ) ;
#7029 = CARTESIAN_POINT ( 'NONE',  ( 3.618682996966237742, -3.599999999999999645, 66.27631009430032805 ) ) ;
#7030 = CARTESIAN_POINT ( 'NONE',  ( -14.84065092044933287, 5.575742442294015117E-15, 49.85893966048673320 ) ) ;
#7031 = CARTESIAN_POINT ( 'NONE',  ( -13.27960785905657382, -3.599999999999999645, 56.03414044597660393 ) ) ;
#7032 = CARTESIAN_POINT ( 'NONE',  ( 16.70466481423363447, -3.600000000000000533, 41.75971042406379041 ) ) ;
#7033 = CARTESIAN_POINT ( 'NONE',  ( 4.359124729505273521, -0.8000000000000558886, 64.88706421883976816 ) ) ;
#7034 = CARTESIAN_POINT ( 'NONE',  ( -11.29104197450065961, -3.600000000000000089, -22.64298617816881887 ) ) ;
#7035 = CARTESIAN_POINT ( 'NONE',  ( -10.34411496099339622, -3.600000000000000977, 61.83772245735521977 ) ) ;
#7036 = CARTESIAN_POINT ( 'NONE',  ( 17.29392794532649802, -3.600000000000000533, 32.13446989851678381 ) ) ;
#7037 = AXIS2_PLACEMENT_3D ( 'NONE', #238, #5567, #4957 ) ;
#7038 = CARTESIAN_POINT ( 'NONE',  ( -16.55246606595605741, -0.03847834508550231070, 38.20855383976547159 ) ) ;
#7039 = CARTESIAN_POINT ( 'NONE',  ( 6.288599790807647416, -0.7999999999999999334, 65.12796327337410673 ) ) ;
#7040 = VERTEX_POINT ( 'NONE', #6782 ) ;
#7041 = CARTESIAN_POINT ( 'NONE',  ( -4.865475700577643003, 4.999196338685922928E-15, 66.69513723943843786 ) ) ;
#7042 = EDGE_LOOP ( 'NONE', ( #6851, #481, #22, #6391 ) ) ;
#7043 = AXIS2_PLACEMENT_3D ( 'NONE', #6785, #4395, #5001 ) ;
#7044 = CARTESIAN_POINT ( 'NONE',  ( 4.114129786391647947, 5.387930906564059335E-15, 66.79744181296143779 ) ) ;
#7045 = CARTESIAN_POINT ( 'NONE',  ( -2.473140938510057563, -3.600000000000000533, -66.65556132796240263 ) ) ;
#7046 = CARTESIAN_POINT ( 'NONE',  ( -17.89666249622122507, -1.999999999999999112, 18.29875972306133036 ) ) ;
#7047 = CARTESIAN_POINT ( 'NONE',  ( -17.87280211453139955, -3.000000000000010214, -49.69541860792842414 ) ) ;
#7048 = ADVANCED_FACE ( 'NONE', ( #2168 ), #4137, .F. ) ;
#7049 = EDGE_CURVE ( 'NONE', #6415, #3415, #4503, .T. ) ;
#7050 = AXIS2_PLACEMENT_3D ( 'NONE', #1850, #668, #1770 ) ;
#7051 = AXIS2_PLACEMENT_3D ( 'NONE', #376, #3358, #3894 ) ;
#7052 = CARTESIAN_POINT ( 'NONE',  ( 3.979590890175790374, 5.637851296924621479E-15, 66.80008524114251145 ) ) ;
#7053 = EDGE_LOOP ( 'NONE', ( #493, #5094, #1519, #2702 ) ) ;
#7054 = CARTESIAN_POINT ( 'NONE',  ( -5.449153896413309717, -3.600000000000000533, 66.15664012696326779 ) ) ;
#7055 = CARTESIAN_POINT ( 'NONE',  ( -17.28259669008123467, -3.600000000000000089, 16.42362226983773965 ) ) ;
#7056 = CARTESIAN_POINT ( 'NONE',  ( -11.84337386395861635, -2.000000000000000000, 62.63630420468476956 ) ) ;
#7057 = CARTESIAN_POINT ( 'NONE',  ( -17.85584412249277619, -2.000000000000000000, -44.73264089772429486 ) ) ;
#7058 = LINE ( 'NONE', #3449, #3518 ) ;
#7059 = CARTESIAN_POINT ( 'NONE',  ( -8.902333867458827044, -2.000000000000000000, 66.34397110776932038 ) ) ;
#7060 = ORIENTED_EDGE ( 'NONE', *, *, #7386, .T. ) ;
#7061 = LINE ( 'NONE', #1844, #4624 ) ;
#7062 = CARTESIAN_POINT ( 'NONE',  ( -10.12931382682538128, -3.000000000000010658, -65.27932831414865689 ) ) ;
#7063 = CARTESIAN_POINT ( 'NONE',  ( 7.644481160669375441, -3.599999999999999201, 64.98926457581352167 ) ) ;
#7064 = FACE_OUTER_BOUND ( 'NONE', #2294, .T. ) ;
#7065 = CARTESIAN_POINT ( 'NONE',  ( 4.886806225881318078, -3.600000000000000089, 66.24728074883367412 ) ) ;
#7066 = CARTESIAN_POINT ( 'NONE',  ( 17.29845842706143344, -3.600000000000000089, 28.78068841570556202 ) ) ;
#7067 = EDGE_CURVE ( 'NONE', #6171, #7221, #412, .T. ) ;
#7068 = CARTESIAN_POINT ( 'NONE',  ( -5.917780644321402939, -0.8000000000000047073, 64.06256825551517409 ) ) ;
#7069 = VERTEX_POINT ( 'NONE', #6149 ) ;
#7070 = CARTESIAN_POINT ( 'NONE',  ( 5.817772894611114687, -3.599999999999999201, 66.05464629326833403 ) ) ;
#7071 = CARTESIAN_POINT ( 'NONE',  ( -3.953852361462098841, -0.8000000000000002665, 66.00044352007988380 ) ) ;
#7072 = DIRECTION ( 'NONE',  ( -2.490616583400438720E-08, 0.000000000000000000, 0.9999999999999997780 ) ) ;
#7073 = CARTESIAN_POINT ( 'NONE',  ( 9.472522173979131210, -3.600000000000000533, 63.04538062303154078 ) ) ;
#7074 = CARTESIAN_POINT ( 'NONE',  ( 4.713342051724393578, -0.8000000000028271163, 65.91204453617318393 ) ) ;
#7075 = CARTESIAN_POINT ( 'NONE',  ( -3.820470991071472699, -0.5999999999999894307, -69.90770463712944149 ) ) ;
#7076 = CARTESIAN_POINT ( 'NONE',  ( 13.14830912239808747, -3.600000000000000089, 56.36418033541058037 ) ) ;
#7077 = CARTESIAN_POINT ( 'NONE',  ( -11.33571022528345118, -0.7999999999999929390, 55.12671531318203932 ) ) ;
#7078 = B_SPLINE_CURVE_WITH_KNOTS ( 'NONE', 3,
 ( #6301, #3329, #5077, #7384, #3897, #6824 ),
 .UNSPECIFIED., .F., .F.,
 ( 4, 2, 4 ),
 ( 0.000000000000000000, 0.4999999999999988898, 1.000000000000000000 ),
 .UNSPECIFIED. ) ;
#7079 = CARTESIAN_POINT ( 'NONE',  ( -13.04448017652390845, 0.000000000000000000, 60.47482044098582321 ) ) ;
#7080 = CARTESIAN_POINT ( 'NONE',  ( 4.955424073661081508, -0.7999999999999999334, 65.83746525551819673 ) ) ;
#7081 = CARTESIAN_POINT ( 'NONE',  ( -5.138072156750737918, 5.645859401186752002E-15, 66.61947157332471647 ) ) ;
#7082 = VERTEX_POINT ( 'NONE', #6228 ) ;
#7083 = CARTESIAN_POINT ( 'NONE',  ( 6.170885602689111238, 5.705206348184671841E-15, 66.15919369248274506 ) ) ;
#7084 = CARTESIAN_POINT ( 'NONE',  ( -10.01971646344854427, -3.000000000000010214, -65.32138812811894013 ) ) ;
#7085 = CARTESIAN_POINT ( 'NONE',  ( -14.93845649313068691, -3.599999999999999645, -59.52665252861030609 ) ) ;
#7086 = CARTESIAN_POINT ( 'NONE',  ( -5.200973711032624180, 5.665197611211186537E-15, 66.59907430109115012 ) ) ;
#7087 = B_SPLINE_CURVE_WITH_KNOTS ( 'NONE', 3,
 ( #7155, #3201, #4273, #7075 ),
 .UNSPECIFIED., .F., .F.,
 ( 4, 4 ),
 ( 4.770743871369347536E-19, 0.001002499505613834016 ),
 .UNSPECIFIED. ) ;
#7088 = EDGE_CURVE ( 'NONE', #735, #5055, #2707, .T. ) ;
#7089 = CARTESIAN_POINT ( 'NONE',  ( -14.15595671021553592, -3.000000000000010214, 55.41230705315105354 ) ) ;
#7090 = CARTESIAN_POINT ( 'NONE',  ( 17.48332396097202590, -3.000000000000011990, -54.61792124942044069 ) ) ;
#7091 = CARTESIAN_POINT ( 'NONE',  ( 15.74459146698230150, -0.8000000000000003775, 38.62370792443139322 ) ) ;
#7092 = EDGE_LOOP ( 'NONE', ( #5364, #3756, #7295, #3102 ) ) ;
#7093 = CARTESIAN_POINT ( 'NONE',  ( -4.117301098967890205, -3.600000000000000089, 66.27621383933620791 ) ) ;
#7094 = CARTESIAN_POINT ( 'NONE',  ( -17.26088672569694182, -3.600000000000001421, 12.21211097268671608 ) ) ;
#7095 = DIRECTION ( 'NONE',  ( 0.000000000000000000, -1.000000000000000000, 0.000000000000000000 ) ) ;
#7096 = ADVANCED_FACE ( 'NONE', ( #3362 ), #2133, .F. ) ;
#7097 = CARTESIAN_POINT ( 'NONE',  ( 17.85576521892971158, -2.000000000000000000, -43.79026923235565505 ) ) ;
#7098 = CARTESIAN_POINT ( 'NONE',  ( 13.99697355754968520, -0.03847758410011353769, 52.91053762629124435 ) ) ;
#7099 = EDGE_CURVE ( 'NONE', #7214, #2254, #3297, .T. ) ;
#7100 = ORIENTED_EDGE ( 'NONE', *, *, #6402, .T. ) ;
#7101 = CARTESIAN_POINT ( 'NONE',  ( 16.67902787639104645, 5.774871133247553086E-15, 36.60056652652650655 ) ) ;
#7102 = DIRECTION ( 'NONE',  ( -0.000000000000000000, 1.000000000000000000, -0.000000000000000000 ) ) ;
#7103 = CARTESIAN_POINT ( 'NONE',  ( 5.012984221117342543, -0.7999999999999999334, -48.18897252795810004 ) ) ;
#7104 = CARTESIAN_POINT ( 'NONE',  ( 4.584116963912342690, -3.600000000000000533, 66.26778479695704505 ) ) ;
#7105 = CARTESIAN_POINT ( 'NONE',  ( 17.30103686578972599, -3.600000000000000533, 25.88316634075968281 ) ) ;
#7106 = CARTESIAN_POINT ( 'NONE',  ( -5.235750812152665468, -0.8000000000001696865, 65.73277604778986927 ) ) ;
#7107 = EDGE_LOOP ( 'NONE', ( #5110, #1100, #6638, #4148 ) ) ;
#7108 = CARTESIAN_POINT ( 'NONE',  ( -3.927001933099801612, -0.8000000000000081490, 64.92371645435498806 ) ) ;
#7109 = VERTEX_POINT ( 'NONE', #5000 ) ;
#7110 = CARTESIAN_POINT ( 'NONE',  ( 5.597776109358355789, -3.600000000000001421, 66.11971754213858787 ) ) ;
#7111 = CARTESIAN_POINT ( 'NONE',  ( -3.963530992391000041, -0.7999999999999999334, 66.00033834195311044 ) ) ;
#7112 = CARTESIAN_POINT ( 'NONE',  ( 2.845588675505915432, -3.600000000000000977, -66.64329372858432521 ) ) ;
#7113 = CARTESIAN_POINT ( 'NONE',  ( 7.420474654540679005, -3.599999999999994760, 65.17239226650859507 ) ) ;
#7114 = CARTESIAN_POINT ( 'NONE',  ( 5.155748155544001676, -0.03847716453545885901, 66.57338348744758605 ) ) ;
#7115 = APPLICATION_PROTOCOL_DEFINITION ( 'draft international standard', 'automotive_design', 1998, #7118 ) ;
#7116 = CARTESIAN_POINT ( 'NONE',  ( 14.26835841736683186, -3.600000000000000533, 53.22312063432528362 ) ) ;
#7117 = CARTESIAN_POINT ( 'NONE',  ( -15.79280736371396721, -0.8000000000003232303, 38.15353364164884908 ) ) ;
#7118 = APPLICATION_CONTEXT ( 'automotive_design' ) ;
#7119 = CARTESIAN_POINT ( 'NONE',  ( -4.757219781084696564, 0.000000000000000000, 68.59421956477800109 ) ) ;
#7120 = CARTESIAN_POINT ( 'NONE',  ( 4.785307189919373982, -0.8000000000000008216, 65.88977885910962584 ) ) ;
#7121 = CARTESIAN_POINT ( 'NONE',  ( 5.292309911922229659, 5.600806619521176622E-15, 66.56735339665567608 ) ) ;
#7122 = CARTESIAN_POINT ( 'NONE',  ( -3.585213552828137029, -3.599999999999999645, -66.59981421785809630 ) ) ;
#7123 = CARTESIAN_POINT ( 'NONE',  ( 2.911215627443149323, -3.599999999999999645, -66.64022100590514697 ) ) ;
#7124 = CARTESIAN_POINT ( 'NONE',  ( -17.87143257902662796, -3.000000000000010214, -45.36849023465344288 ) ) ;
#7125 = CARTESIAN_POINT ( 'NONE',  ( -5.595043198622464686, 5.832447849751859793E-15, 66.44927752103507146 ) ) ;
#7126 = B_SPLINE_CURVE_WITH_KNOTS ( 'NONE', 3,
 ( #364, #3876, #2189, #5626, #6131, #6839, #394, #908, #321, #3234, #2723, #2645, #2148, #3956, #6169, #2688, #4977, #4488, #7293, #942, #2079, #4411, #6731, #3841, #5015, #7327, #4446, #2967, #3220, #6334, #2127, #6259, #6888, #3893, #446, #2094, #3325, #4424, #959, #3970, #7380, #6745, #2738, #4573, #6820, #6298, #2703, #2164, #3856, #3435, #1111, #5641, #408, #1070, #6184, #5072, #480, #3290, #5604, #2202, #1000, #4505, #5029, #7458, #1564, #4461, #1605, #3932, #1035, #3357, #5676, #2780, #5112, #5719, #2236, #1677, #7423, #5143, #4538, #6852, #1640, #338, #2821, #4010, #2662, #4996, #7308, #2387, #5795, #5869, #4647, #1783, #4611, #2312, #6965, #1185, #518, #21, #2432, #1750, #7496, #4080, #6482, #2942, #5759, #4193, #557, #2274, #1862, #602, #5264, #2862, #6926, #6404, #6521, #3504, #4762, #3017, #1292, #1713, #4047, #5181, #57, #4116, #104, #5908, #2350, #639, #4721, #5832, #6444, #5345, #2978, #6370, #1256, #5305, #1148, #2903, #3470, #7001, #5223, #4156, #7545, #4680, #7081, #3577, #1220, #3541, #680, #7041, #1829, #2507, #874, #3206, #4381, #4231, #4339, #6697, #7159, #3133, #1407, #2544, #6062, #3171, #5492, #4911, #4561, #2153, #3238, #3314, #5552, #3879, #5705, #398 ),
 .UNSPECIFIED., .F., .F.,
 ( 4, 2, 2, 2, 2, 2, 2, 2, 2, 2, 2, 2, 2, 2, 2, 2, 2, 2, 2, 2, 2, 2, 2, 2, 2, 2, 2, 2, 2, 2, 2, 2, 2, 2, 2, 2, 2, 2, 2, 2, 2, 2, 2, 2, 2, 2, 2, 2, 2, 2, 2, 2, 2, 2, 2, 2, 2, 2, 2, 2, 2, 2, 2, 2, 2, 2, 2, 2, 2, 2, 2, 2, 2, 2, 2, 2, 2, 2, 2, 2, 2, 2, 2, 2, 2, 2, 4 ),
 ( 0.000000000000000000, 0.06562494491283349385, 0.1312498898256668212, 0.1968748347385003150, 0.2624997796513338089, 0.2953122521077505835, 0.3281247245641673027, 0.3609371970205840774, 0.3937496694770007966, 0.4593746143898342904, 0.4921870868462509541, 0.5085933230744593692, 0.5249995593026677287, 0.5578120317590844479, 0.5906245042155011671, 0.6234369766719178863, 0.6398432129001262458, 0.6562494491283346054, 0.6890619215847514356, 0.7218743940411681548, 0.7382806302693765144, 0.7546868664975848739, 0.7628899846116891093, 0.7669915436687411159, 0.7710931027257932335, 0.7792962208398974688, 0.7874993389540015931, 0.8039055751822099527, 0.8203118114104183123, 0.8285149295245224366, 0.8367180476386266719, 0.8531242838668349204, 0.8695305200950433910, 0.8777336382091476263, 0.8818351972661996330, 0.8859367563232517506, 0.8879875358517778094, 0.8900383153803039793, 0.8941398744373558749, 0.9023429925514602212, 0.9064445516085122279, 0.9105461106655643455, 0.9146476697226164632, 0.9166984492511424110, 0.9177238390154054404, 0.9187492287796684698, 0.9228507878367205874, 0.9269523468937727051, 0.9351554650078768294, 0.9392570240649290580, 0.9413078035934550059, 0.9433585831219809537, 0.9454093626505071235, 0.9464347524147701529, 0.9469474472969016121, 0.9474601421790331823, 0.9484855319432961007, 0.9495109217075591301, 0.9515617012360853000, 0.9556632602931373066, 0.9577140398216634765, 0.9597648193501894243, 0.9618155988787153721, 0.9638663784072415419, 0.9679679374642936596, 0.9700187169928197184, 0.9720694965213456662, 0.9730948862856086956, 0.9741202760498716140, 0.9743766234909375656, 0.9746329709320032952, 0.9751456658141348655, 0.9761710555783977838, 0.9782218351069238427, 0.9802726146354500125, 0.9843741736925019081, 0.9884757327495541368, 0.9925772918066062545, 0.9946280713351322023, 0.9966788508636582611, 0.9987296303921844309, 0.9992423252743158901, 0.9994986727153816197, 0.9997550201564473493, 0.9998831938769802141, 0.9999472807372465910, 1.000000000000000000 ),
 .UNSPECIFIED. ) ;
#7127 = CARTESIAN_POINT ( 'NONE',  ( 15.99652582150504188, 5.601635441057769464E-15, 43.67814307597689094 ) ) ;
#7128 = CARTESIAN_POINT ( 'NONE',  ( 17.61480503297200073, -3.000000000000010214, -53.92849131931026818 ) ) ;
#7129 = CARTESIAN_POINT ( 'NONE',  ( 2.080401377777794991, 5.637851296924623057E-15, 66.81120784520014411 ) ) ;
#7130 = VERTEX_POINT ( 'NONE', #1077 ) ;
#7131 = EDGE_CURVE ( 'NONE', #4307, #1880, #1523, .T. ) ;
#7132 = FACE_OUTER_BOUND ( 'NONE', #3214, .T. ) ;
#7133 = CARTESIAN_POINT ( 'NONE',  ( -17.29062210472158867, -3.599999999999999645, 18.22733855845338269 ) ) ;
#7134 = CARTESIAN_POINT ( 'NONE',  ( -4.757219781084696564, -2.000000000000000000, 68.59421956477800109 ) ) ;
#7135 = CARTESIAN_POINT ( 'NONE',  ( -17.88724251148742539, -2.000000000000000000, -48.96963389011206402 ) ) ;
#7136 = CARTESIAN_POINT ( 'NONE',  ( -17.19632709093130885, -3.600000000000000089, -52.40280283406350748 ) ) ;
#7137 = CARTESIAN_POINT ( 'NONE',  ( -6.321205980680099756, -3.599999999999999645, 65.85760912392727562 ) ) ;
#7138 = CARTESIAN_POINT ( 'NONE',  ( -15.47869464312739929, -2.000000000000000000, 54.34922836488397024 ) ) ;
#7139 = ORIENTED_EDGE ( 'NONE', *, *, #1346, .T. ) ;
#7140 = CARTESIAN_POINT ( 'NONE',  ( 18.60058104995349026, -2.000000000000000000, 36.02498835060237781 ) ) ;
#7141 = CARTESIAN_POINT ( 'NONE',  ( 6.152030396652926392, -2.000000000000000000, 66.64820333447954681 ) ) ;
#7142 = DIRECTION ( 'NONE',  ( -1.668003342285392537E-16, 0.000000000000000000, 1.000000000000000000 ) ) ;
#7143 = CARTESIAN_POINT ( 'NONE',  ( -11.11755740165506801, -3.600000000000000089, -63.93081887568563815 ) ) ;
#7144 = CARTESIAN_POINT ( 'NONE',  ( 17.30023493957957470, -3.600000000000001421, 26.47353747977832583 ) ) ;
#7145 = CARTESIAN_POINT ( 'NONE',  ( 2.091155638114288617, -3.600000000000000089, 66.27632060700888417 ) ) ;
#7146 = ADVANCED_FACE ( 'NONE', ( #5646 ), #3400, .T. ) ;
#7147 = CARTESIAN_POINT ( 'NONE',  ( 17.89666395838717960, -3.000000000000010658, 18.29915153502000180 ) ) ;
#7148 = ORIENTED_EDGE ( 'NONE', *, *, #7420, .F. ) ;
#7149 = CARTESIAN_POINT ( 'NONE',  ( 6.924774434380219112, -3.600000000000000533, 65.52855160921393463 ) ) ;
#7150 = CARTESIAN_POINT ( 'NONE',  ( -3.982888254248802884, -0.8000000000000000444, 66.00012798569957795 ) ) ;
#7151 = CARTESIAN_POINT ( 'NONE',  ( -17.30006935093292952, -3.599999999999999201, 30.28929897134370108 ) ) ;
#7152 = CARTESIAN_POINT ( 'NONE',  ( 2.721908198546381996, -3.600000000000000977, -66.64776420473975804 ) ) ;
#7153 = CARTESIAN_POINT ( 'NONE',  ( 12.83311056523752036, -3.599999999999999645, 57.14033967557688953 ) ) ;
#7154 = CARTESIAN_POINT ( 'NONE',  ( 5.237665194732680440, -0.7999999999999644062, 64.53188787145825245 ) ) ;
#7155 = CARTESIAN_POINT ( 'NONE',  ( -4.281122957153478126, 0.000000000000000000, -69.24982544996755962 ) ) ;
#7156 = DIRECTION ( 'NONE',  ( 0.9999999999999769074, 0.000000000000000000, -2.146580668059882089E-07 ) ) ;
#7157 = CARTESIAN_POINT ( 'NONE',  ( 5.837993231098272950, -0.7999999999999996003, 65.42677639540511336 ) ) ;
#7158 = EDGE_CURVE ( 'NONE', #3698, #1318, #3860, .T. ) ;
#7159 = CARTESIAN_POINT ( 'NONE',  ( -4.186918377739291763, 5.641959911092443664E-15, 66.79369915543661307 ) ) ;
#7160 = CARTESIAN_POINT ( 'NONE',  ( 6.334252358340940248, 5.540623687794085193E-15, 66.06086587592254489 ) ) ;
#7161 = CARTESIAN_POINT ( 'NONE',  ( 1.551057909397337342, -3.600000000000000977, -66.66289055207201386 ) ) ;
#7162 = CARTESIAN_POINT ( 'NONE',  ( 7.912984221117341121, -0.8000000000000000444, -49.63897252795809578 ) ) ;
#7163 = CARTESIAN_POINT ( 'NONE',  ( -0.9831830689359782882, -3.000000000000011546, -67.26124834150141396 ) ) ;
#7164 = CARTESIAN_POINT ( 'NONE',  ( -3.985128957086117918, 5.637851296924624635E-15, 66.80015087155926778 ) ) ;
#7165 = EDGE_CURVE ( 'NONE', #1721, #4328, #4511, .T. ) ;
#7166 = CARTESIAN_POINT ( 'NONE',  ( 4.310647394377894237, 5.610988142107596158E-15, 66.78511445119684709 ) ) ;
#7167 = EDGE_LOOP ( 'NONE', ( #576, #3324, #6430, #4489 ) ) ;
#7168 = VERTEX_POINT ( 'NONE', #6825 ) ;
#7169 = CARTESIAN_POINT ( 'NONE',  ( -4.001899152156133788, -3.000000000000011990, 66.87634115926599065 ) ) ;
#7170 = CARTESIAN_POINT ( 'NONE',  ( -14.13506384016555018, -2.000000000000000000, 58.07338505695769015 ) ) ;
#7171 = VECTOR ( 'NONE', #7347, 1000.000000000000000 ) ;
#7172 = CIRCLE ( 'NONE', #1214, 2.149999999999999023 ) ;
#7173 = CARTESIAN_POINT ( 'NONE',  ( -17.82086168601938780, -2.000000000000000000, -52.72503012934539868 ) ) ;
#7174 = CARTESIAN_POINT ( 'NONE',  ( -12.82809138726905118, -3.600000000000000089, -62.36177175434448117 ) ) ;
#7175 = CARTESIAN_POINT ( 'NONE',  ( 16.76152236413151186, -0.03847762630100624859, 32.00001221043132915 ) ) ;
#7176 = VECTOR ( 'NONE', #5107, 1000.000000000000000 ) ;
#7177 = CIRCLE ( 'NONE', #1316, 4.378679656440377599 ) ;
#7178 = EDGE_LOOP ( 'NONE', ( #4813, #1576, #3646, #660 ) ) ;
#7179 = DIRECTION ( 'NONE',  ( 0.000000000000000000, -1.000000000000000000, 0.000000000000000000 ) ) ;
#7180 = CARTESIAN_POINT ( 'NONE',  ( 0.6574479888857370780, -2.000000000000000000, 66.87631665454264862 ) ) ;
#7181 = DIRECTION ( 'NONE',  ( -0.000000000000000000, 1.000000000000000000, -0.000000000000000000 ) ) ;
#7182 = CARTESIAN_POINT ( 'NONE',  ( -15.31608897032038108, -0.8000000000000002665, 42.74342193300736881 ) ) ;
#7183 = EDGE_CURVE ( 'NONE', #2809, #3383, #975, .T. ) ;
#7184 = CARTESIAN_POINT ( 'NONE',  ( 4.163072360854292775, -3.599999999999999201, 66.27602346617162254 ) ) ;
#7185 = CARTESIAN_POINT ( 'NONE',  ( -17.24798191651754919, -3.599999999999999201, 34.41954119443545324 ) ) ;
#7186 = CARTESIAN_POINT ( 'NONE',  ( 17.30175600085536303, -3.599999999999999645, 25.16314724710820983 ) ) ;
#7187 = CARTESIAN_POINT ( 'NONE',  ( -4.996025632673439354, -0.7999999999997847722, 65.82391477826988080 ) ) ;
#7188 = ORIENTED_EDGE ( 'NONE', *, *, #701, .F. ) ;
#7189 = CARTESIAN_POINT ( 'NONE',  ( -17.27087360985689202, -3.599999999999999201, -49.80347206951512362 ) ) ;
#7190 = CARTESIAN_POINT ( 'NONE',  ( 4.003649162259455885, -3.599999999999999201, 66.27633383181810700 ) ) ;
#7191 = EDGE_CURVE ( 'NONE', #235, #696, #1489, .T. ) ;
#7192 = CARTESIAN_POINT ( 'NONE',  ( -4.945186090779629673, -0.8000000000000000444, 65.84105930434330389 ) ) ;
#7193 = CARTESIAN_POINT ( 'NONE',  ( -17.21747294434853259, -3.599999999999997868, 35.30210215301013932 ) ) ;
#7194 = CARTESIAN_POINT ( 'NONE',  ( 1.662983369601375161, -3.600000000000000089, 4.141853958248326666E-08 ) ) ;
#7195 = CARTESIAN_POINT ( 'NONE',  ( 17.29940278772616935, -3.600000000000000533, 31.20010923898792399 ) ) ;
#7196 = CARTESIAN_POINT ( 'NONE',  ( 6.551011991845294702, -0.03847731079343234828, 65.87382441818343182 ) ) ;
#7197 = DIRECTION ( 'NONE',  ( 0.000000000000000000, 1.000000000000000000, 0.000000000000000000 ) ) ;
#7198 = CARTESIAN_POINT ( 'NONE',  ( 6.038633372731399440, -0.8000000000000002665, 65.30021423099968558 ) ) ;
#7199 = ADVANCED_FACE ( 'NONE', ( #3939 ), #6264, .T. ) ;
#7200 = CARTESIAN_POINT ( 'NONE',  ( 8.917440934144837072, 5.564430115523848957E-15, 63.67280847888451234 ) ) ;
#7201 = CARTESIAN_POINT ( 'NONE',  ( 1.476359604332597941, -3.600000000000000533, -66.66267346435061825 ) ) ;
#7202 = CARTESIAN_POINT ( 'NONE',  ( -4.914238823687177238, -3.000000000000010658, 66.87645546539475561 ) ) ;
#7203 = CARTESIAN_POINT ( 'NONE',  ( -5.246161075246030592, 5.297381194412961947E-15, 66.58379176433732027 ) ) ;
#7204 = VECTOR ( 'NONE', #6660, 1000.000000000000000 ) ;
#7205 = CARTESIAN_POINT ( 'NONE',  ( 3.893189993903611423, 5.637851296924621479E-15, 66.80059124802239978 ) ) ;
#7206 = ORIENTED_EDGE ( 'NONE', *, *, #2200, .T. ) ;
#7207 = ORIENTED_EDGE ( 'NONE', *, *, #4907, .T. ) ;
#7208 = CARTESIAN_POINT ( 'NONE',  ( -6.252866151197036260, -3.000000000000011546, 66.53711463607388055 ) ) ;
#7209 = LINE ( 'NONE', #7345, #225 ) ;
#7210 = EDGE_CURVE ( 'NONE', #4963, #1022, #1079, .T. ) ;
#7211 = CARTESIAN_POINT ( 'NONE',  ( -15.38182736291813235, -3.600000000000000089, -58.72612092458943067 ) ) ;
#7212 = CARTESIAN_POINT ( 'NONE',  ( 15.17973623512490633, -0.03847709251819272230, 48.16777649827079699 ) ) ;
#7213 = CARTESIAN_POINT ( 'NONE',  ( 17.22579301560980269, -3.600000000000000089, -51.89021138279883161 ) ) ;
#7214 = VERTEX_POINT ( 'NONE', #2791 ) ;
#7215 = DIRECTION ( 'NONE',  ( -0.7071067811865505703, 0.7071067811865444641, -3.445126312077500376E-10 ) ) ;
#7216 = CARTESIAN_POINT ( 'NONE',  ( -4.916754128180874872, 0.000000000000000000, -68.34205006004164318 ) ) ;
#7217 = DIRECTION ( 'NONE',  ( 0.000000000000000000, 0.000000000000000000, -1.000000000000000000 ) ) ;
#7218 = CARTESIAN_POINT ( 'NONE',  ( -17.85576521892979684, -3.000000000000998757, -43.79026923239790392 ) ) ;
#7219 = CARTESIAN_POINT ( 'NONE',  ( 1.971306900019462960, -3.599999999999999201, 66.27632179511734023 ) ) ;
#7220 = CARTESIAN_POINT ( 'NONE',  ( -4.826974145756332213, -0.03847769395738158404, 66.66828022593328740 ) ) ;
#7221 = VERTEX_POINT ( 'NONE', #1646 ) ;
#7222 = CARTESIAN_POINT ( 'NONE',  ( 6.208661520598280248, -3.000000000000009770, 66.55321141966371101 ) ) ;
#7223 = CARTESIAN_POINT ( 'NONE',  ( -3.973209623319900352, -0.8000000000000000444, 66.00023316382635130 ) ) ;
#7224 = CARTESIAN_POINT ( 'NONE',  ( 6.715721062119190066, -3.599999999999999201, -66.04313811743942608 ) ) ;
#7225 = CARTESIAN_POINT ( 'NONE',  ( 12.37278768258763861, -3.000000000000010214, 59.55301415493385520 ) ) ;
#7226 = CARTESIAN_POINT ( 'NONE',  ( -7.856701301024281214, -3.600000000000000533, 64.79937204062120770 ) ) ;
#7227 = CARTESIAN_POINT ( 'NONE',  ( 17.26952053286606059, -3.600000000000000089, 13.88078864056808648 ) ) ;
#7228 = FACE_OUTER_BOUND ( 'NONE', #3636, .T. ) ;
#7229 = CARTESIAN_POINT ( 'NONE',  ( 18.60000000000524167, -2.000000000000000000, 32.00001223506188808 ) ) ;
#7230 = PLANE ( 'NONE',  #4017 ) ;
#7231 = CARTESIAN_POINT ( 'NONE',  ( 6.428838708008711933, 5.748876930021835874E-15, 66.00084850165951877 ) ) ;
#7232 = CARTESIAN_POINT ( 'NONE',  ( -15.45563221930099651, -3.000000000000010658, -59.83086659508683880 ) ) ;
#7233 = CARTESIAN_POINT ( 'NONE',  ( -3.975450326157202063, 5.637851296924622268E-15, 66.80025604968604114 ) ) ;
#7234 = CARTESIAN_POINT ( 'NONE',  ( -4.502377369509320992, -3.600000000000000533, -66.50252972577818866 ) ) ;
#7235 = CARTESIAN_POINT ( 'NONE',  ( 17.87561074164904085, -3.000000000000010214, -49.51996694348100192 ) ) ;
#7236 = CARTESIAN_POINT ( 'NONE',  ( 13.26483674843427174, -0.8000000000000002665, 52.68120869859842514 ) ) ;
#7237 = ORIENTED_EDGE ( 'NONE', *, *, #5458, .T. ) ;
#7238 = CARTESIAN_POINT ( 'NONE',  ( -4.079696384602436332, -3.000000000000009326, 66.87628219613026204 ) ) ;
#7239 = CARTESIAN_POINT ( 'NONE',  ( 8.661292160845498245, -0.7999999999999884981, 60.78799491710763903 ) ) ;
#7240 = CARTESIAN_POINT ( 'NONE',  ( -8.035782916378346741, -3.000000000000009770, 65.44405342310591323 ) ) ;
#7241 = CARTESIAN_POINT ( 'NONE',  ( -13.78990213196973436, -3.599999999999999645, -61.23606434043473001 ) ) ;
#7242 = CARTESIAN_POINT ( 'NONE',  ( 8.331024170210312718, 5.514578482627184536E-15, 64.35567431198687416 ) ) ;
#7243 = CARTESIAN_POINT ( 'NONE',  ( 17.22978717376397384, -3.600000000000000089, -51.78881339557176489 ) ) ;
#7244 = ORIENTED_EDGE ( 'NONE', *, *, #3945, .T. ) ;
#7245 = CARTESIAN_POINT ( 'NONE',  ( 6.117508275210481905, -3.000000000000010658, -66.92165255164603366 ) ) ;
#7246 = CARTESIAN_POINT ( 'NONE',  ( 1.024894254296964569, -2.000000000000000000, -67.25443076656914343 ) ) ;
#7247 = CARTESIAN_POINT ( 'NONE',  ( -12.11346327419219193, -0.8000000000000120348, 52.85566138919432433 ) ) ;
#7248 = CARTESIAN_POINT ( 'NONE',  ( -4.374455840520413474, -0.7999999999976550313, 65.97605737894615174 ) ) ;
#7249 = ORIENTED_EDGE ( 'NONE', *, *, #2329, .F. ) ;
#7250 = CARTESIAN_POINT ( 'NONE',  ( -17.26918849044371385, -3.600000000000000977, -49.90429640900892849 ) ) ;
#7251 = CARTESIAN_POINT ( 'NONE',  ( 5.584322105560356242, -3.000000000000010214, 66.74130126912477579 ) ) ;
#7252 = CARTESIAN_POINT ( 'NONE',  ( -7.740311947437493956, -0.7999999999999996003, 63.81784442987352435 ) ) ;
#7253 = CARTESIAN_POINT ( 'NONE',  ( 8.573250382116295754, -3.600000000000000089, -65.37085784938228983 ) ) ;
#7254 = CARTESIAN_POINT ( 'NONE',  ( 11.94383552938716164, -3.000000000000011102, 60.35129145644413740 ) ) ;
#7255 = CARTESIAN_POINT ( 'NONE',  ( -10.54527346662842824, -0.03847770686371636967, 61.22482092657416075 ) ) ;
#7256 = FACE_OUTER_BOUND ( 'NONE', #5740, .T. ) ;
#7257 = ORIENTED_EDGE ( 'NONE', *, *, #4582, .F. ) ;
#7258 = FACE_OUTER_BOUND ( 'NONE', #2779, .T. ) ;
#7259 = CARTESIAN_POINT ( 'NONE',  ( 6.818494877999150106, 5.721226842440161210E-15, 65.73200809829535274 ) ) ;
#7260 = AXIS2_PLACEMENT_3D ( 'NONE', #1434, #3198, #2538 ) ;
#7261 = CARTESIAN_POINT ( 'NONE',  ( 9.813722914830545818, -3.600000000000000089, -64.74894001883210137 ) ) ;
#7262 = CARTESIAN_POINT ( 'NONE',  ( -7.025001142752948624, -3.000000000000010658, 66.20915086138865036 ) ) ;
#7263 = CARTESIAN_POINT ( 'NONE',  ( -9.626025704059813393, 5.602109327444528438E-15, 62.72831188386535217 ) ) ;
#7264 = CARTESIAN_POINT ( 'NONE',  ( -3.839549749691754332, -3.599999999999999201, -66.58045788692597000 ) ) ;
#7265 = B_SPLINE_SURFACE_WITH_KNOTS ( 'NONE', 3, 1, ( 
 ( #4088, #6534 ),
 ( #5881, #654 ),
 ( #6417, #1303 ),
 ( #738, #3068 ),
 ( #2989, #70 ),
 ( #237, #1983 ),
 ( #4575, #6261 ),
 ( #2784, #3327 ),
 ( #6929, #2238 ) ),
 .UNSPECIFIED., .F., .F., .F.,
 ( 4, 1, 1, 1, 1, 1, 4 ),
 ( 2, 2 ),
 ( 4.662898613811133801E-06, 0.06250437146745045636, 0.1250040800362871019, 0.2500034971739603651, 0.5000023314493069471, 0.7500011657246534735, 1.000000000000000000 ),
 ( 0.000000000000000000, 1.000000000000000000 ),
 .UNSPECIFIED. ) ;
#7266 = CARTESIAN_POINT ( 'NONE',  ( 12.95999076360828006, -0.8000000000000000444, 53.67387567421422290 ) ) ;
#7267 = ORIENTED_EDGE ( 'NONE', *, *, #203, .T. ) ;
#7268 = LINE ( 'NONE', #3183, #4251 ) ;
#7269 = LINE ( 'NONE', #5607, #711 ) ;
#7270 = AXIS2_PLACEMENT_3D ( 'NONE', #5022, #1138, #5061 ) ;
#7271 = EDGE_CURVE ( 'NONE', #1129, #1738, #6812, .T. ) ;
#7272 = CARTESIAN_POINT ( 'NONE',  ( -6.152030396659749378, -2.000000000000000000, 66.64820333447751466 ) ) ;
#7273 = CARTESIAN_POINT ( 'NONE',  ( 8.549051103363385806, 5.152381872352525190E-15, 64.11175586273130023 ) ) ;
#7274 = MECHANICAL_DESIGN_GEOMETRIC_PRESENTATION_REPRESENTATION (  '', ( #6914 ), #4970 ) ;
#7275 = CARTESIAN_POINT ( 'NONE',  ( 17.24976481930321270, -3.600000000000000533, -51.00511952310673536 ) ) ;
#7276 = ORIENTED_EDGE ( 'NONE', *, *, #2112, .F. ) ;
#7277 = LINE ( 'NONE', #6649, #2927 ) ;
#7278 = LINE ( 'NONE', #6197, #354 ) ;
#7279 = CIRCLE ( 'NONE', #2292, 14.76152236891496017 ) ;
#7280 = DIRECTION ( 'NONE',  ( 0.000000000000000000, -1.000000000000000000, 0.000000000000000000 ) ) ;
#7281 = CARTESIAN_POINT ( 'NONE',  ( -7.533123011820720194, -3.000000000000010658, 65.83467889267632245 ) ) ;
#7282 = VECTOR ( 'NONE', #490, 1000.000000000000000 ) ;
#7283 = CARTESIAN_POINT ( 'NONE',  ( -5.211717048385288820, -0.03847690609353551089, 66.55512424312053099 ) ) ;
#7284 = ORIENTED_EDGE ( 'NONE', *, *, #6999, .T. ) ;
#7285 = CARTESIAN_POINT ( 'NONE',  ( 3.387703311867536371, -3.599999999999999201, 66.27630318953958977 ) ) ;
#7286 = CARTESIAN_POINT ( 'NONE',  ( -6.054347693244032769, -0.7999999999999997113, 65.29134440188840927 ) ) ;
#7287 = EDGE_CURVE ( 'NONE', #2260, #5428, #6686, .T. ) ;
#7288 = CARTESIAN_POINT ( 'NONE',  ( 10.73004752069336831, -3.599999999999999645, -64.18835002578225613 ) ) ;
#7289 = CARTESIAN_POINT ( 'NONE',  ( 16.33602635447489604, -3.000000000000009770, 47.66660456546286184 ) ) ;
#7290 = CARTESIAN_POINT ( 'NONE',  ( -8.927295676460920149, -3.600000000000000533, 63.70838165868092062 ) ) ;
#7291 = CARTESIAN_POINT ( 'NONE',  ( 3.983588685797082807, -0.7999999999999803935, 66.00004810835126534 ) ) ;
#7292 = CARTESIAN_POINT ( 'NONE',  ( -10.19151105099775734, -0.7999999999999942712, 57.93019396877279803 ) ) ;
#7293 = CARTESIAN_POINT ( 'NONE',  ( -15.12191038353908823, 5.762069006185838148E-15, 48.63238901941155490 ) ) ;
#7294 = CARTESIAN_POINT ( 'NONE',  ( 4.916754128180873096, -2.000000000000000000, -68.34205006004164318 ) ) ;
#7295 = ORIENTED_EDGE ( 'NONE', *, *, #2683, .T. ) ;
#7296 = CARTESIAN_POINT ( 'NONE',  ( 17.27933047426831692, -3.599999999999999201, -45.87882850818247249 ) ) ;
#7297 = LINE ( 'NONE', #1595, #6207 ) ;
#7298 = CARTESIAN_POINT ( 'NONE',  ( 7.832917141028784336, 5.524831312005120383E-15, 64.87328045437088520 ) ) ;
#7299 = CARTESIAN_POINT ( 'NONE',  ( -4.013959626787586110, -3.000000000000011102, -67.16513615676939253 ) ) ;
#7300 = CARTESIAN_POINT ( 'NONE',  ( 7.539026137129755334, -3.600000000000000089, -65.78163847036408640 ) ) ;
#7301 = CARTESIAN_POINT ( 'NONE',  ( -13.35126572359066088, -3.000000000000011102, -62.68555382094530160 ) ) ;
#7302 = CARTESIAN_POINT ( 'NONE',  ( -6.316183978086710837, 6.437647771999399915E-15, 66.07177643930712918 ) ) ;
#7303 = DIRECTION ( 'NONE',  ( 4.872133380463056916E-10, 0.000000000000000000, -1.000000000000000000 ) ) ;
#7304 = CARTESIAN_POINT ( 'NONE',  ( 13.68173101106338052, -0.7999999999999956035, 46.24941550648918565 ) ) ;
#7305 = CARTESIAN_POINT ( 'NONE',  ( 13.52857643105618024, 5.814612198615818537E-15, 54.51691271297752905 ) ) ;
#7306 = CARTESIAN_POINT ( 'NONE',  ( 13.08411331275225464, -0.8000000000000000444, 53.27737192278185319 ) ) ;
#7307 = ORIENTED_EDGE ( 'NONE', *, *, #1901, .F. ) ;
#7308 = CARTESIAN_POINT ( 'NONE',  ( -7.368750591994747801, 5.423152624195309119E-15, 65.29728798625276909 ) ) ;
#7309 = CARTESIAN_POINT ( 'NONE',  ( -7.197098071941954167, -3.600000000000000089, 65.33698539428053209 ) ) ;
#7310 = CARTESIAN_POINT ( 'NONE',  ( 5.015359605249535058, -2.000000000000000000, -68.32383553124438436 ) ) ;
#7311 = CARTESIAN_POINT ( 'NONE',  ( -17.45576521892985156, -3.400000000000003020, -43.79026941463084910 ) ) ;
#7312 = LINE ( 'NONE', #4466, #4623 ) ;
#7313 = DIRECTION ( 'NONE',  ( 1.000000000000000000, 0.000000000000000000, 0.000000000000000000 ) ) ;
#7314 = CARTESIAN_POINT ( 'NONE',  ( 10.92690295029827929, 5.680180670903718868E-15, 60.63028407445049339 ) ) ;
#7315 = ORIENTED_EDGE ( 'NONE', *, *, #7319, .T. ) ;
#7316 = CARTESIAN_POINT ( 'NONE',  ( -14.25575799097778784, -1.499999999999999556, 29.15011359384848433 ) ) ;
#7317 = CARTESIAN_POINT ( 'NONE',  ( -15.32329065182630501, -3.000000000000010658, -60.19577039125361040 ) ) ;
#7318 = CARTESIAN_POINT ( 'NONE',  ( -8.466703915501689437, -0.8000000000000018208, 61.11373230638433540 ) ) ;
#7319 = EDGE_CURVE ( 'NONE', #7508, #7409, #524, .T. ) ;
#7320 = ORIENTED_EDGE ( 'NONE', *, *, #4146, .T. ) ;
#7321 = CARTESIAN_POINT ( 'NONE',  ( -6.847533469341106738, -0.8000000000000008216, 64.69037834639094342 ) ) ;
#7322 = CARTESIAN_POINT ( 'NONE',  ( 5.519732577066169377, -3.000000000000011546, -66.95341733250882044 ) ) ;
#7323 = CARTESIAN_POINT ( 'NONE',  ( 17.88357536690746130, -3.000000000000010658, 32.98104568129635084 ) ) ;
#7324 = CARTESIAN_POINT ( 'NONE',  ( -9.492651364084032650, -3.600000000000000533, 63.01896671785302573 ) ) ;
#7325 = CARTESIAN_POINT ( 'NONE',  ( -3.998424933417524141, -0.01287152299051142965, 66.78713410283864960 ) ) ;
#7326 = CARTESIAN_POINT ( 'NONE',  ( -6.562007754010793725, -0.8000000000000017097, 63.49181417160954055 ) ) ;
#7327 = CARTESIAN_POINT ( 'NONE',  ( -14.20981178312433180, 6.153520266713865597E-15, 52.29907792938271172 ) ) ;
#7328 = CARTESIAN_POINT ( 'NONE',  ( 3.849379939802692885, -0.8000000000000002665, 66.00083410229896685 ) ) ;
#7329 = ORIENTED_EDGE ( 'NONE', *, *, #1319, .F. ) ;
#7330 = CARTESIAN_POINT ( 'NONE',  ( 17.25576521703943200, -3.600000000000000089, -43.79026948378226081 ) ) ;
#7331 = DIRECTION ( 'NONE',  ( -1.778612279303490555E-15, 0.000000000000000000, -1.000000000000000000 ) ) ;
#7332 = CARTESIAN_POINT ( 'NONE',  ( 9.036980644983545474, 5.638434541709623661E-15, 63.52316073735376989 ) ) ;
#7333 = CARTESIAN_POINT ( 'NONE',  ( 10.37251295139085450, -3.600000000000000089, -64.41368678001470016 ) ) ;
#7334 = DIRECTION ( 'NONE',  ( -1.000000000000000000, 0.000000000000000000, 5.613991831640154436E-17 ) ) ;
#7335 = CARTESIAN_POINT ( 'NONE',  ( -8.236332224807432212, 5.559244992649380549E-15, 64.45955288350590706 ) ) ;
#7336 = CARTESIAN_POINT ( 'NONE',  ( -10.43979176028834921, -3.600000000000000089, -64.37152206442989666 ) ) ;
#7337 = CARTESIAN_POINT ( 'NONE',  ( 16.09466057637232694, -0.03847635302273962055, 42.76923293631587342 ) ) ;
#7338 = B_SPLINE_CURVE_WITH_KNOTS ( 'NONE', 1,
 ( #5442, #6465 ),
 .UNSPECIFIED., .F., .F.,
 ( 2, 2 ),
 ( 0.000000000000000000, 0.04809702689331694925 ),
 .UNSPECIFIED. ) ;
#7339 = CARTESIAN_POINT ( 'NONE',  ( 13.46217764793742155, 5.476530393965411878E-15, 54.71692988739943786 ) ) ;
#7340 = CARTESIAN_POINT ( 'NONE',  ( 10.65857984565081473, -0.8000000000000002665, 59.42170029401278697 ) ) ;
#7341 = VERTEX_POINT ( 'NONE', #7034 ) ;
#7342 = EDGE_CURVE ( 'NONE', #4963, #4460, #3901, .T. ) ;
#7343 = CARTESIAN_POINT ( 'NONE',  ( 3.985733229025915314, -0.03847763108502161300, 66.76155713672753222 ) ) ;
#7344 = CARTESIAN_POINT ( 'NONE',  ( -11.19105796055961832, -3.599999999999996536, -63.87678912914375218 ) ) ;
#7345 = CARTESIAN_POINT ( 'NONE',  ( 17.85576521892971158, -3.000000000000010658, -43.79026923235566215 ) ) ;
#7346 = DIRECTION ( 'NONE',  ( 0.000000000000000000, 1.000000000000000000, 0.000000000000000000 ) ) ;
#7347 = DIRECTION ( 'NONE',  ( 0.000000000000000000, 1.000000000000000000, 0.000000000000000000 ) ) ;
#7348 = FACE_OUTER_BOUND ( 'NONE', #1229, .T. ) ;
#7349 = EDGE_CURVE ( 'NONE', #696, #5180, #4021, .T. ) ;
#7350 = CARTESIAN_POINT ( 'NONE',  ( 9.036980644983545474, 5.638434541709623661E-15, 63.52316073735376989 ) ) ;
#7351 = ORIENTED_EDGE ( 'NONE', *, *, #4267, .F. ) ;
#7352 = CARTESIAN_POINT ( 'NONE',  ( 14.57748817453938450, -3.599999999999999201, -60.12284026032518369 ) ) ;
#7353 = FACE_OUTER_BOUND ( 'NONE', #7422, .T. ) ;
#7354 = CARTESIAN_POINT ( 'NONE',  ( -7.345916421906878213, -0.7999999999999798383, 62.63869595078763552 ) ) ;
#7355 = CARTESIAN_POINT ( 'NONE',  ( -17.29812874173185122, -3.600000000000000977, 31.48732825570738925 ) ) ;
#7356 = CARTESIAN_POINT ( 'NONE',  ( 17.29987471787583431, -3.600000000000000977, 30.15977992303421118 ) ) ;
#7357 = CARTESIAN_POINT ( 'NONE',  ( 14.25575799097778074, -1.499999999999999556, -28.85427299466725515 ) ) ;
#7358 = ORIENTED_EDGE ( 'NONE', *, *, #5727, .T. ) ;
#7359 = CARTESIAN_POINT ( 'NONE',  ( -5.788583325292666615, -0.8000000000000007105, 65.45498042222808976 ) ) ;
#7360 = CARTESIAN_POINT ( 'NONE',  ( 6.265114560076843198, -3.000000000000010658, -66.78502789441792231 ) ) ;
#7361 = CARTESIAN_POINT ( 'NONE',  ( 7.200521955133579510, -3.000000000000015543, 66.07975592188215330 ) ) ;
#7362 = EDGE_CURVE ( 'NONE', #7221, #4460, #4982, .T. ) ;
#7363 = CARTESIAN_POINT ( 'NONE',  ( -3.998354832291207472, -0.02569740043696175369, 66.77430822564798518 ) ) ;
#7364 = VECTOR ( 'NONE', #5255, 1000.000000000000000 ) ;
#7365 = DIRECTION ( 'NONE',  ( 0.000000000000000000, -1.000000000000000000, 0.000000000000000000 ) ) ;
#7366 = CARTESIAN_POINT ( 'NONE',  ( -4.019477716497024566, -0.7999999999999748423, 65.99960777109400567 ) ) ;
#7367 = CARTESIAN_POINT ( 'NONE',  ( 17.28812851737804479, -3.600000000000000533, -46.56344381268861099 ) ) ;
#7368 = CARTESIAN_POINT ( 'NONE',  ( 6.462984221117341832, -1.779949199898000378, -49.63897252795809578 ) ) ;
#7369 = CARTESIAN_POINT ( 'NONE',  ( 9.432596829312702269, 5.597905744143380930E-15, 62.99896436742406536 ) ) ;
#7370 = CARTESIAN_POINT ( 'NONE',  ( 10.48749300214672608, -3.600000000000000533, -64.34151209586819675 ) ) ;
#7371 = FACE_OUTER_BOUND ( 'NONE', #5619, .T. ) ;
#7372 = AXIS2_PLACEMENT_3D ( 'NONE', #92, #1926, #712 ) ;
#7373 = CARTESIAN_POINT ( 'NONE',  ( -6.491330587221262327, 5.771421067672550326E-15, 65.96146191024365635 ) ) ;
#7374 = CARTESIAN_POINT ( 'NONE',  ( -5.653832031686068404, -3.600000000000001421, -66.30807215885926098 ) ) ;
#7375 = CARTESIAN_POINT ( 'NONE',  ( -5.143165270045348514, -2.299999999999999822, 44.62837295819787187 ) ) ;
#7376 = CARTESIAN_POINT ( 'NONE',  ( 15.99999998843557591, -0.7999999999999990452, 32.00011957461067169 ) ) ;
#7377 = CARTESIAN_POINT ( 'NONE',  ( 13.62633737608297402, 5.549470846079025711E-15, 54.21642565671097458 ) ) ;
#7378 = CARTESIAN_POINT ( 'NONE',  ( 12.76881290608178787, -0.8000000000000003775, 54.26637415381574669 ) ) ;
#7379 = ORIENTED_EDGE ( 'NONE', *, *, #212, .T. ) ;
#7380 = CARTESIAN_POINT ( 'NONE',  ( -11.56077947724294930, 5.263183672473036924E-15, 59.40032104997025897 ) ) ;
#7381 = DIRECTION ( 'NONE',  ( 0.000000000000000000, 0.000000000000000000, -1.000000000000000000 ) ) ;
#7382 = DIRECTION ( 'NONE',  ( -2.245596732656061774E-16, 0.000000000000000000, -1.000000000000000000 ) ) ;
#7383 = VECTOR ( 'NONE', #1348, 1000.000000000000000 ) ;
#7384 = CARTESIAN_POINT ( 'NONE',  ( 15.60358922953954952, -0.7323289593371784534, 32.00017547590162081 ) ) ;
#7385 = DIRECTION ( 'NONE',  ( 0.000000000000000000, -0.7071067811865430208, -0.7071067811865521247 ) ) ;
#7386 = EDGE_CURVE ( 'NONE', #4731, #3344, #3940, .T. ) ;
#7387 = DIRECTION ( 'NONE',  ( -0.000000000000000000, 1.000000000000000000, -0.000000000000000000 ) ) ;
#7388 = CARTESIAN_POINT ( 'NONE',  ( -17.85574020768672554, -3.000000000000010658, 11.10922738596741866 ) ) ;
#7389 = CARTESIAN_POINT ( 'NONE',  ( 9.138230453435802758, 5.422238106658683270E-15, 63.39332677061687349 ) ) ;
#7390 = DIRECTION ( 'NONE',  ( 0.000000000000000000, 0.000000000000000000, -1.000000000000000000 ) ) ;
#7391 = CARTESIAN_POINT ( 'NONE',  ( 17.27200378167114181, -3.600000000000000533, -49.73956811827682856 ) ) ;
#7392 = FACE_BOUND ( 'NONE', #3265, .T. ) ;
#7393 = CARTESIAN_POINT ( 'NONE',  ( -9.243632282648036380, -0.8000000000000019318, 59.81383589032524384 ) ) ;
#7394 = CARTESIAN_POINT ( 'NONE',  ( -17.30000346205041595, -3.600000000000000089, 30.59275658515680263 ) ) ;
#7395 = DIRECTION ( 'NONE',  ( -0.000000000000000000, 1.000000000000000000, -0.000000000000000000 ) ) ;
#7396 = CIRCLE ( 'NONE', #1333, 18.00000000000000355 ) ;
#7397 = VERTEX_POINT ( 'NONE', #4717 ) ;
#7398 = CARTESIAN_POINT ( 'NONE',  ( 2.463801164593179660, -3.000000000000011990, 66.87631004911911248 ) ) ;
#7399 = ADVANCED_FACE ( 'NONE', ( #1326 ), #1219, .F. ) ;
#7400 = CARTESIAN_POINT ( 'NONE',  ( -6.686955048840787619, -0.8000000000000001554, 64.82512758567771982 ) ) ;
#7401 = CARTESIAN_POINT ( 'NONE',  ( 9.730138994819689913, -3.599999999999999201, -64.79587536102501133 ) ) ;
#7402 = CARTESIAN_POINT ( 'NONE',  ( -14.01583437769219920, -0.03847699094602390762, 52.91246329429986872 ) ) ;
#7403 = AXIS2_PLACEMENT_3D ( 'NONE', #6294, #4456, #6774 ) ;
#7404 = AXIS2_PLACEMENT_3D ( 'NONE', #7459, #4612, #5677 ) ;
#7405 = CARTESIAN_POINT ( 'NONE',  ( -10.81658985709593246, -3.600000000000000977, 61.09798185022356876 ) ) ;
#7406 = CARTESIAN_POINT ( 'NONE',  ( 17.27331056027915324, -3.600000000000000089, 14.60364036045074521 ) ) ;
#7407 = VERTEX_POINT ( 'NONE', #4334 ) ;
#7408 = CARTESIAN_POINT ( 'NONE',  ( -4.012910886227771812, -0.03847763082431086140, 66.76135649400387706 ) ) ;
#7409 = VERTEX_POINT ( 'NONE', #2579 ) ;
#7410 = LINE ( 'NONE', #6767, #6084 ) ;
#7411 = ADVANCED_FACE ( 'NONE', ( #6658 ), #4303, .F. ) ;
#7412 = CARTESIAN_POINT ( 'NONE',  ( 11.13005319280565075, 5.639206765479172427E-15, 60.25340086468967371 ) ) ;
#7413 = CARTESIAN_POINT ( 'NONE',  ( 10.41953114964394977, -3.599999999999999645, -64.38422768581231992 ) ) ;
#7414 = CARTESIAN_POINT ( 'NONE',  ( -14.92304473782994911, 1.800000000000000044, -51.99999999908552439 ) ) ;
#7415 = CARTESIAN_POINT ( 'NONE',  ( -6.921981405628893746, 5.696226937243225803E-15, 65.65893866768048781 ) ) ;
#7416 = CARTESIAN_POINT ( 'NONE',  ( -1.869151819026002581, -3.599999999999999645, -66.66249447606203660 ) ) ;
#7417 = CARTESIAN_POINT ( 'NONE',  ( -3.810036809055219020, -1.660660171779825944, -21.31431108803885976 ) ) ;
#7418 = CARTESIAN_POINT ( 'NONE',  ( 13.55403323672336846, -0.8000000000010629719, 51.68804642882154354 ) ) ;
#7419 = CARTESIAN_POINT ( 'NONE',  ( 3.820470991071481137, -0.5999999999999894307, -69.90770463712944149 ) ) ;
#7420 = EDGE_CURVE ( 'NONE', #5491, #5794, #4510, .T. ) ;
#7421 = CARTESIAN_POINT ( 'NONE',  ( 8.630000556240499776, -0.8000000000000000444, 62.73967401984041459 ) ) ;
#7422 = EDGE_LOOP ( 'NONE', ( #1071, #4770 ) ) ;
#7423 = CARTESIAN_POINT ( 'NONE',  ( -8.064755745422086619, 5.787705556280005251E-15, 64.63969251144470718 ) ) ;
#7424 = CARTESIAN_POINT ( 'NONE',  ( 1.662983769070688789, 42.96802058166520766, -16.03897264750770191 ) ) ;
#7425 = CARTESIAN_POINT ( 'NONE',  ( -17.25580104565284145, -3.600000000000000977, -44.24376175389488708 ) ) ;
#7426 = CARTESIAN_POINT ( 'NONE',  ( 3.943771363211876958E-07, -2.000000000000000000, 66.87631535813137873 ) ) ;
#7427 = CARTESIAN_POINT ( 'NONE',  ( -5.041041522454006163, -3.600300000945172219, -56.24298605861921629 ) ) ;
#7428 = CARTESIAN_POINT ( 'NONE',  ( -12.37005995726045526, -3.000000000000011546, 59.55834645990601217 ) ) ;
#7429 = DIRECTION ( 'NONE',  ( 2.490616583400438059E-08, 0.000000000000000000, -0.9999999999999996669 ) ) ;
#7430 = CARTESIAN_POINT ( 'NONE',  ( 5.707686946520926341, 5.220681627272352458E-15, 66.39904127575250925 ) ) ;
#7431 = CARTESIAN_POINT ( 'NONE',  ( 17.25649416088122834, -3.600000000000000977, -50.62615822375538954 ) ) ;
#7432 = CARTESIAN_POINT ( 'NONE',  ( -15.60358930547895895, -0.7323289593376207662, 32.00065883610715645 ) ) ;
#7433 = CARTESIAN_POINT ( 'NONE',  ( 13.02034463276999965, -3.000000000000010214, -63.02774693893267965 ) ) ;
#7434 = CARTESIAN_POINT ( 'NONE',  ( -17.63527827863580555, 0.000000000000000000, 44.93204922741900020 ) ) ;
#7435 = CARTESIAN_POINT ( 'NONE',  ( 14.47579801413086464, -0.8000000000000000444, 51.32085073775028405 ) ) ;
#7436 = DIRECTION ( 'NONE',  ( 2.490616653888567452E-08, 0.000000000000000000, -0.9999999999999996669 ) ) ;
#7437 = B_SPLINE_CURVE_WITH_KNOTS ( 'NONE', 3,
 ( #63, #6488, #109, #27, #4162, #2947, #6410, #1116, #2318, #4578, #3441, #3474, #4653, #5230 ),
 .UNSPECIFIED., .F., .F.,
 ( 4, 1, 1, 1, 1, 1, 1, 1, 1, 1, 1, 4 ),
 ( -2.013553661706793322E-07, 0.06250078456978254426, 0.1250017704949312469, 0.1875027564200799635, 0.2500037423452286522, 0.3750057141955260853, 0.5000076860458234629, 0.6250096578961208404, 0.6875106438212695847, 0.7500116297464183290, 0.8750136015967157066, 1.000015573447013084 ),
 .UNSPECIFIED. ) ;
#7438 = LINE ( 'NONE', #2216, #5220 ) ;
#7439 = ORIENTED_EDGE ( 'NONE', *, *, #936, .T. ) ;
#7440 = CARTESIAN_POINT ( 'NONE',  ( -13.65782898169869242, -0.7999999999999994893, 51.28185039146072199 ) ) ;
#7441 = CARTESIAN_POINT ( 'NONE',  ( -2.962034950016975934E-06, -2.000000000000000000, -67.25441558775045792 ) ) ;
#7442 = CARTESIAN_POINT ( 'NONE',  ( -16.01740120293077396, -0.03847825752875611710, 43.36092922594038868 ) ) ;
#7443 = CARTESIAN_POINT ( 'NONE',  ( -11.89386525449778809, -3.599999999999999645, 59.16301423349372612 ) ) ;
#7444 = EDGE_CURVE ( 'NONE', #1771, #7082, #599, .T. ) ;
#7445 = VERTEX_POINT ( 'NONE', #1931 ) ;
#7446 = ORIENTED_EDGE ( 'NONE', *, *, #4755, .F. ) ;
#7447 = AXIS2_PLACEMENT_3D ( 'NONE', #6802, #6729, #1505 ) ;
#7448 = LINE ( 'NONE', #3959, #353 ) ;
#7449 = CARTESIAN_POINT ( 'NONE',  ( -6.491041522454001900, -1.779949199898000378, -26.79298605861921700 ) ) ;
#7450 = CARTESIAN_POINT ( 'NONE',  ( 17.99318003377439368, -2.000000000000000000, 42.64261070176490165 ) ) ;
#7451 = CARTESIAN_POINT ( 'NONE',  ( -10.33746006741873025, 5.700244099653979338E-15, 61.64165579050825272 ) ) ;
#7452 = CARTESIAN_POINT ( 'NONE',  ( -1.232091340544005265, -3.600000000000000089, -66.66156272909110214 ) ) ;
#7453 = CARTESIAN_POINT ( 'NONE',  ( 9.595857502039548237, -0.7999999999999849454, 59.14222173977403685 ) ) ;
#7454 = DIRECTION ( 'NONE',  ( -0.000000000000000000, 1.000000000000000000, -0.000000000000000000 ) ) ;
#7455 = CARTESIAN_POINT ( 'NONE',  ( 16.83516076059477129, -3.600000000000001421, 40.62093322956462060 ) ) ;
#7456 = CARTESIAN_POINT ( 'NONE',  ( 7.492734932128465530, -0.7999999999999992673, 64.08079985413770885 ) ) ;
#7457 = ORIENTED_EDGE ( 'NONE', *, *, #1322, .T. ) ;
#7458 = CARTESIAN_POINT ( 'NONE',  ( -8.973792646235494885, 5.739770445247989175E-15, 63.60559306430259596 ) ) ;
#7459 = CARTESIAN_POINT ( 'NONE',  ( -14.25575799097778784, -1.499999999999999556, 27.00011359384848220 ) ) ;
#7460 = CARTESIAN_POINT ( 'NONE',  ( -11.14130562223967758, -3.600000000000001421, -63.91404177409120990 ) ) ;
#7461 = CARTESIAN_POINT ( 'NONE',  ( -11.61597746063123004, -2.000000000000000000, -64.30498037198057659 ) ) ;
#7462 = CARTESIAN_POINT ( 'NONE',  ( 10.58308257725269108, -0.7999999999999947153, 57.09902555832290716 ) ) ;
#7463 = CARTESIAN_POINT ( 'NONE',  ( 6.152030396652926392, -2.000000000000000000, 66.64820333447954681 ) ) ;
#7464 = DIRECTION ( 'NONE',  ( 0.000000000000000000, 0.000000000000000000, 1.000000000000000000 ) ) ;
#7465 = DIRECTION ( 'NONE',  ( 0.000000000000000000, 0.000000000000000000, -1.000000000000000000 ) ) ;
#7466 = CARTESIAN_POINT ( 'NONE',  ( 4.965923702494752234, 5.742937681906687671E-15, 66.66972143488266056 ) ) ;
#7467 = FACE_OUTER_BOUND ( 'NONE', #4068, .T. ) ;
#7468 = CARTESIAN_POINT ( 'NONE',  ( 17.29161103613769868, -3.599999999999999201, -46.99382481212026619 ) ) ;
#7469 = FACE_BOUND ( 'NONE', #3969, .T. ) ;
#7470 = CARTESIAN_POINT ( 'NONE',  ( 18.60000000000524167, -2.000000000000000000, 32.00001223506188808 ) ) ;
#7471 = CARTESIAN_POINT ( 'NONE',  ( -1.231354553096689175, -3.600000000000000089, 66.27631779514797472 ) ) ;
#7472 = CARTESIAN_POINT ( 'NONE',  ( 15.20418169278613973, -2.000000000000000000, 52.55139675589335724 ) ) ;
#7473 = CARTESIAN_POINT ( 'NONE',  ( 12.03910224246614113, -3.000000000000010658, 60.33187935687926284 ) ) ;
#7474 = ORIENTED_EDGE ( 'NONE', *, *, #6497, .T. ) ;
#7475 = CARTESIAN_POINT ( 'NONE',  ( 8.535474099561849215, -3.600000000000000533, 64.13975059327040640 ) ) ;
#7476 = CARTESIAN_POINT ( 'NONE',  ( -10.19995096679079616, -0.8000000000000001554, 60.28372944258905619 ) ) ;
#7477 = CARTESIAN_POINT ( 'NONE',  ( 11.61597746056947855, -3.000000000000010658, -64.30498037203024353 ) ) ;
#7478 = CARTESIAN_POINT ( 'NONE',  ( 10.31497718218005311, -3.000000000000011546, 62.92797421308483763 ) ) ;
#7479 = CARTESIAN_POINT ( 'NONE',  ( 17.29005121396330580, -3.600000000000000533, 18.08433306701965648 ) ) ;
#7480 = EDGE_CURVE ( 'NONE', #4891, #3356, #759, .T. ) ;
#7481 = EDGE_LOOP ( 'NONE', ( #3708, #2300, #631, #3877, #5977, #6202 ) ) ;
#7482 = ORIENTED_EDGE ( 'NONE', *, *, #6457, .F. ) ;
#7483 = CARTESIAN_POINT ( 'NONE',  ( -17.28233268472635586, -3.600000000000000089, -49.02180312985224475 ) ) ;
#7484 = DIRECTION ( 'NONE',  ( 0.000000000000000000, -0.7071067811865430208, -0.7071067811865521247 ) ) ;
#7485 = CARTESIAN_POINT ( 'NONE',  ( 18.60000000000524167, -2.000000000000000000, 32.00001223506188808 ) ) ;
#7486 = CARTESIAN_POINT ( 'NONE',  ( -3.134394942815311502, -0.8000000000000002665, 66.00934860148045402 ) ) ;
#7487 = CARTESIAN_POINT ( 'NONE',  ( -15.49892022808348457, -3.600000000000000533, 48.73126304366037687 ) ) ;
#7488 = CARTESIAN_POINT ( 'NONE',  ( -1.490652007136054280, -3.600000000000000089, -66.66271489973844666 ) ) ;
#7489 = DIRECTION ( 'NONE',  ( 0.000000000000000000, 0.000000000000000000, -1.000000000000000000 ) ) ;
#7490 = CARTESIAN_POINT ( 'NONE',  ( 9.360475251093484772, -0.8000000000020113244, 61.69419405515517241 ) ) ;
#7491 = CARTESIAN_POINT ( 'NONE',  ( -9.745250548283140191, -3.600000000000000089, 62.68676032393620545 ) ) ;
#7492 = CARTESIAN_POINT ( 'NONE',  ( 14.29579244773208480, -3.600000000000000533, 53.13662503722441954 ) ) ;
#7493 = CARTESIAN_POINT ( 'NONE',  ( 14.25575799097778074, -1.499999999999999556, -33.15427299466725231 ) ) ;
#7494 = CARTESIAN_POINT ( 'NONE',  ( 6.873758796877937449, -0.8000000000000001554, 64.66832058105806880 ) ) ;
#7495 = ORIENTED_EDGE ( 'NONE', *, *, #1417, .F. ) ;
#7496 = CARTESIAN_POINT ( 'NONE',  ( -6.540541359198318361, 5.287441091679598057E-15, 65.92907316623924885 ) ) ;
#7497 = CARTESIAN_POINT ( 'NONE',  ( 4.916754128180873096, 0.000000000000000000, -68.34205006004164318 ) ) ;
#7498 = CARTESIAN_POINT ( 'NONE',  ( -10.10114019046855205, -3.600000000000001421, -64.58066525154895032 ) ) ;
#7499 = CARTESIAN_POINT ( 'NONE',  ( -16.62727385985597195, -1.999999999999999112, 46.82082628350249820 ) ) ;
#7500 = CARTESIAN_POINT ( 'NONE',  ( -17.18738302595841105, -3.599999999999999645, -52.51645231163822558 ) ) ;
#7501 = CARTESIAN_POINT ( 'NONE',  ( -3.762520445721423634, 5.637851296924624635E-15, 66.80256996847516859 ) ) ;
#7502 = CARTESIAN_POINT ( 'NONE',  ( -17.17562880162808625, -3.000000000000010214, 42.73278166541091139 ) ) ;
#7503 = CARTESIAN_POINT ( 'NONE',  ( 1.468043823048675602E-06, -3.600000000000000089, -58.94298589695201684 ) ) ;
#7504 = CARTESIAN_POINT ( 'NONE',  ( 16.43516058822059023, 5.481787271303662044E-15, 39.93577047795560020 ) ) ;
#7505 = CARTESIAN_POINT ( 'NONE',  ( 6.478579634522461994, 5.526825663827410240E-15, 65.96838940449170252 ) ) ;
#7506 = EDGE_CURVE ( 'NONE', #4128, #2487, #2002, .T. ) ;
#7507 = CARTESIAN_POINT ( 'NONE',  ( 17.26796599614225869, -3.599999999999999645, -49.97633583983859751 ) ) ;
#7508 = VERTEX_POINT ( 'NONE', #286 ) ;
#7509 = VECTOR ( 'NONE', #4134, 1000.000000000000114 ) ;
#7510 = CARTESIAN_POINT ( 'NONE',  ( 16.63225347491875539, -3.000000000000010658, -57.42689908205681348 ) ) ;
#7511 = FACE_OUTER_BOUND ( 'NONE', #3668, .T. ) ;
#7512 = EDGE_CURVE ( 'NONE', #4129, #1318, #7087, .T. ) ;
#7513 = AXIS2_PLACEMENT_3D ( 'NONE', #1427, #6791, #3303 ) ;
#7514 = FACE_OUTER_BOUND ( 'NONE', #162, .T. ) ;
#7515 = VECTOR ( 'NONE', #2879, 999.9999999999998863 ) ;
#7516 = CARTESIAN_POINT ( 'NONE',  ( -17.29847995335991584, -3.599999999999999645, 28.83656132918851966 ) ) ;
#7517 = VECTOR ( 'NONE', #2018, 1000.000000000000000 ) ;
#7518 = DIRECTION ( 'NONE',  ( -0.7071067811865444641, 0.7071067811865505703, -0.000000000000000000 ) ) ;
#7519 = ADVANCED_FACE ( 'NONE', ( #6024 ), #799, .F. ) ;
#7520 = ORIENTED_EDGE ( 'NONE', *, *, #4202, .F. ) ;
#7521 = FACE_OUTER_BOUND ( 'NONE', #5627, .T. ) ;
#7522 = CARTESIAN_POINT ( 'NONE',  ( 8.060446490892152482, -3.600000000000000533, 64.61355513591949773 ) ) ;
#7523 = CARTESIAN_POINT ( 'NONE',  ( -11.36656325697538605, -0.7999999999999997113, 57.92840114289823816 ) ) ;
#7524 = CARTESIAN_POINT ( 'NONE',  ( 11.55624839551405891, -3.000000000000010214, -64.35305795138656038 ) ) ;
#7525 = CARTESIAN_POINT ( 'NONE',  ( -16.39310003231621593, -0.03847692785645658725, 40.13432266439706098 ) ) ;
#7526 = CARTESIAN_POINT ( 'NONE',  ( 14.20783326967663385, 5.684107021080167245E-15, 52.30174227950980992 ) ) ;
#7527 = CARTESIAN_POINT ( 'NONE',  ( -5.176364876781296864, -0.7999999999987689181, 65.75700878035931396 ) ) ;
#7528 = ORIENTED_EDGE ( 'NONE', *, *, #1237, .T. ) ;
#7529 = CARTESIAN_POINT ( 'NONE',  ( -4.039309099877828935, -0.8000000000000122569, 64.92164236310574665 ) ) ;
#7530 = ORIENTED_EDGE ( 'NONE', *, *, #3795, .T. ) ;
#7531 = CARTESIAN_POINT ( 'NONE',  ( -17.25576521708552136, -3.600000000000000089, -43.79026950574748156 ) ) ;
#7532 = LINE ( 'NONE', #6289, #7364 ) ;
#7533 = CARTESIAN_POINT ( 'NONE',  ( -16.60725181414257534, -3.000000000000010658, -57.68579861198703895 ) ) ;
#7534 = ADVANCED_FACE ( 'NONE', ( #7228 ), #6593, .T. ) ;
#7535 = AXIS2_PLACEMENT_3D ( 'NONE', #5571, #5682, #2063 ) ;
#7536 = CARTESIAN_POINT ( 'NONE',  ( -11.07811493808014092, 5.483490960077990844E-15, 60.34271667255912064 ) ) ;
#7537 = CARTESIAN_POINT ( 'NONE',  ( -0.2355749946385751470, -3.600000000000000533, -66.65477849752518580 ) ) ;
#7538 = CARTESIAN_POINT ( 'NONE',  ( 7.790313534146910079, -0.03847830731205267168, 64.86178018224173059 ) ) ;
#7539 = CARTESIAN_POINT ( 'NONE',  ( -9.289556806814136536, -3.600000000000000533, 63.27608659708494798 ) ) ;
#7540 = CARTESIAN_POINT ( 'NONE',  ( 17.26982905156641479, -3.599999999999999645, 33.64007385226818769 ) ) ;
#7541 = CARTESIAN_POINT ( 'NONE',  ( 6.331237365129199546, -0.8000000000000005995, 65.09719347984025717 ) ) ;
#7542 = VECTOR ( 'NONE', #3330, 1000.000000000000000 ) ;
#7543 = ORIENTED_EDGE ( 'NONE', *, *, #3579, .F. ) ;
#7544 = VECTOR ( 'NONE', #7012, 999.9999999999998863 ) ;
#7545 = CARTESIAN_POINT ( 'NONE',  ( -5.177466446685603962, 5.591028315558150609E-15, 66.60682616473455653 ) ) ;
#7546 = CARTESIAN_POINT ( 'NONE',  ( 5.062016768368905240, 6.043588217586197236E-15, 66.64265525539093460 ) ) ;
#7547 = CARTESIAN_POINT ( 'NONE',  ( -10.73523991889083362, -3.000000000000009770, -64.89451098421153574 ) ) ;
#7548 = CARTESIAN_POINT ( 'NONE',  ( -17.85574020768672554, -1.999999999999999112, 11.10922738596742043 ) ) ;
#7549 = CARTESIAN_POINT ( 'NONE',  ( -17.29279106393796539, -3.599999999999999201, -47.41925723988134678 ) ) ;
#7550 = DIRECTION ( 'NONE',  ( 1.130782554152743995E-30, 1.000000000000000000, -1.577721810442023611E-30 ) ) ;
#7551 = CARTESIAN_POINT ( 'NONE',  ( 6.789693170386630783, 5.737062385989403299E-15, 65.75294266359969697 ) ) ;
#7552 = ORIENTED_EDGE ( 'NONE', *, *, #2818, .F. ) ;
#7553 = CARTESIAN_POINT ( 'NONE',  ( 7.025001142746281957, -3.000000000000010658, 66.20915086139363837 ) ) ;
#7554 = CARTESIAN_POINT ( 'NONE',  ( 17.29259656116584765, -3.599999999999999645, -47.68027448972665638 ) ) ;
#7555 = CARTESIAN_POINT ( 'NONE',  ( -16.54934933872116787, -2.000000000000000000, 50.46334699803484369 ) ) ;
#7556 = DIRECTION ( 'NONE',  ( -0.9999999999999996669, 0.000000000000000000, -2.490616653888567452E-08 ) ) ;
#7557 = CARTESIAN_POINT ( 'NONE',  ( 1.577508335764976621E-06, -3.600000000000000089, 66.27631535813257813 ) ) ;
#7558 = CARTESIAN_POINT ( 'NONE',  ( -3.918311915392283407, -3.600000000000000977, 66.27632798564911809 ) ) ;
#7559 = ORIENTED_EDGE ( 'NONE', *, *, #2200, .F. ) ;
ENDSEC;
END-ISO-10303-21;
